rank,adm_nm,signgu_nm,adm_cd2,total_score,demand_score,target_fit_score,competition_score,accessibility_score,parking_score,industry_fit_score,cat_store_count,pop_total,target_pop,target_ratio,location_quotient,dong_daily_ridership,cat_avg_subway_dist,cat_avg_comp_300m,dong_total_parking_capacity,parking_capacity_per_store,signgu_cd,area_km2,pop_density,total_stores,store_density_km2,avg_dist_to_subway_m,ratio_stores_in_subway_zone,dong_station_count,dong_parking_lot_count,avg_parking_capacity_300m,category_entropy,cat_ratio_subway,cat_avg_parking_300m,store_share_in_dong,pop_per_store,target_pop_per_store,query_industry,query_target_age,industry_label,target_demographic_label,category_type
1,대구광역시 동구 신암4동,동구,2714054000,77.93,68.86,89.13,72.65,88.99,85.24,66.78,26,18383,5832,0.3172,1.071,43556.8,314.7,11.1,2706,5.19,27140,1.1656,15771.3,521,447.0,378.4,0.7179,2,29,569.0,1.8721,0.8462,773.7,0.0499,680.9,216.0,카페,2030,카페 (비알코올 음료점),2030 청년 소비층 (20~39세),중분류 (비알코올)
2,대구광역시 달서구 감삼동,달서구,2729055500,74.45,92.55,90.07,46.64,75.1,59.8,44.3,62,31125,8449,0.2715,0.908,12921.8,432.2,17.5,1705,1.16,27290,1.1434,27221.4,1465,1281.3,450.0,0.641,1,37,514.2,1.8307,0.6935,583.7,0.0423,494.0,134.1,카페,2030,카페 (비알코올 음료점),2030 청년 소비층 (20~39세),중분류 (비알코올)
3,대구광역시 달서구 상인1동,달서구,2729062400,72.84,90.67,60.94,41.28,75.44,80.94,78.52,57,31919,6616,0.2073,1.166,20963.7,439.7,16.0,2895,2.76,27290,1.4947,21354.8,1050,702.5,455.1,0.5638,1,54,886.7,1.7616,0.6316,775.9,0.0543,550.3,114.1,카페,2030,카페 (비알코올 음료점),2030 청년 소비층 (20~39세),중분류 (비알코올)
4,대구광역시 달서구 용산1동,달서구,2729057100,72.63,83.83,78.53,72.65,68.42,76.58,29.53,39,27808,6635,0.2386,0.837,12948.6,483.2,10.2,2800,2.8,27290,1.4578,19075.3,1001,686.7,500.2,0.5395,1,27,594.5,1.8138,0.5128,588.7,0.039,695.2,165.9,카페,2030,카페 (비알코올 음료점),2030 청년 소비층 (20~39세),중분류 (비알코올)
5,대구광역시 달서구 진천동,달서구,2729061500,71.18,85.24,72.75,46.14,60.24,68.79,82.21,117,49267,10985,0.223,1.217,33114.2,743.4,11.3,3768,1.83,27290,5.3271,9248.4,2063,387.3,538.6,0.6757,3,95,557.9,1.7891,0.5128,514.3,0.0567,417.5,93.1,카페,2030,카페 (비알코올 음료점),2030 청년 소비층 (20~39세),중분류 (비알코올)
6,대구광역시 동구 안심4동,동구,2714074700,70.95,74.73,69.93,78.02,80.06,68.72,39.6,41,26289,5953,0.2264,0.893,13918.2,390.4,6.2,2726,2.77,27140,2.572,10221.2,985,383.0,390.0,0.7503,2,66,438.1,1.8606,0.7561,412.2,0.0416,625.9,141.7,카페,2030,카페 (비알코올 음료점),2030 청년 소비층 (20~39세),중분류 (비알코올)
7,"대구광역시 달서구 두류1,2동",달서구,2729053500,70.8,68.36,83.89,56.88,89.66,87.18,28.19,37,15672,4602,0.2936,0.831,15669.8,298.2,11.1,3657,3.83,27290,1.2776,12266.8,955,747.5,325.6,0.8597,2,36,680.4,1.903,0.8919,801.7,0.0387,412.4,121.1,카페,2030,카페 (비알코올 음료점),2030 청년 소비층 (20~39세),중분류 (비알코올)
8,대구광역시 북구 동천동,북구,2723078000,70.74,86.88,69.93,18.79,76.18,90.6,73.83,75,24635,5638,0.2289,1.127,8538.0,408.0,27.5,4100,2.87,27230,1.0632,23170.6,1429,1344.1,430.1,0.6767,1,118,1498.7,1.7811,0.7067,1527.4,0.0525,324.1,74.2,카페,2030,카페 (비알코올 음료점),2030 청년 소비층 (20~39세),중분류 (비알코올)
9,대구광역시 북구 칠성동,북구,2723052600,70.49,85.17,84.16,49.33,61.68,91.71,22.82,48,23657,6264,0.2648,0.764,23713.1,623.6,14.6,4486,3.33,27230,1.3907,17010.9,1349,970.0,435.4,0.6308,2,51,877.9,1.5237,0.3958,1344.3,0.0356,482.8,127.8,카페,2030,카페 (비알코올 음료점),2030 청년 소비층 (20~39세),중분류 (비알코올)
10,대구광역시 수성구 범어1동,수성구,2726051000,70.49,83.59,56.11,26.17,94.03,79.4,82.21,56,22679,4721,0.2082,1.217,19467.9,264.2,17.8,2378,2.41,27260,1.1852,19135.2,988,833.6,239.4,0.996,2,34,1056.3,1.9254,0.9821,989.7,0.0567,397.9,82.8,카페,2030,카페 (비알코올 음료점),2030 청년 소비층 (20~39세),중분류 (비알코올)
11,대구광역시 남구 대명2동,남구,2720057100,69.06,65.84,89.8,29.53,92.55,39.76,90.6,53,15229,5355,0.3516,1.423,7568.7,238.8,22.6,780,0.98,27200,0.8755,17394.6,799,912.6,253.3,0.9862,1,20,331.0,1.8046,1.0,310.5,0.0663,282.0,99.2,카페,2030,카페 (비알코올 음료점),2030 청년 소비층 (20~39세),중분류 (비알코올)
12,대구광역시 달성군 다사읍,달성군,2771025600,69.04,78.79,69.8,73.66,47.25,68.66,64.43,113,88904,19395,0.2182,1.048,24793.4,1293.2,10.1,4705,2.03,27710,36.8156,2414.8,2317,62.9,1242.5,0.3423,3,133,475.8,1.7768,0.2832,468.1,0.0488,779.9,170.1,카페,2030,카페 (비알코올 음료점),2030 청년 소비층 (20~39세),중분류 (비알코올)
13,대구광역시 달서구 이곡1동,달서구,2729057600,68.51,70.04,76.78,51.34,85.64,91.41,24.5,30,19663,4907,0.2496,0.769,15640.1,351.5,16.6,2777,3.32,27290,1.8033,10903.9,837,464.1,366.7,0.8339,2,56,1398.8,1.8622,0.8333,2132.3,0.0358,634.3,158.3,카페,2030,카페 (비알코올 음료점),2030 청년 소비층 (20~39세),중분류 (비알코올)
14,대구광역시 북구 구암동,북구,2723074500,68.35,74.9,64.7,67.96,78.79,58.22,51.01,46,30230,6498,0.215,0.953,15065.5,389.4,10.1,2117,2.05,27230,4.1947,7206.7,1035,246.7,349.2,0.7449,3,41,403.8,1.7552,0.6739,327.9,0.0444,643.2,138.3,카페,2030,카페 (비알코올 음료점),2030 청년 소비층 (20~39세),중분류 (비알코올)
15,대구광역시 동구 안심1동,동구,2714072000,67.58,84.53,61.2,59.23,76.51,64.63,31.54,70,37158,7565,0.2036,0.846,15850.8,422.0,8.5,2910,1.64,27140,3.4892,10649.4,1776,509.0,428.2,0.5923,2,56,451.6,1.7618,0.5857,427.6,0.0394,523.4,106.5,카페,2030,카페 (비알코올 음료점),2030 청년 소비층 (20~39세),중분류 (비알코올)
16,대구광역시 달서구 신당동,달서구,2729058500,67.46,75.64,94.77,25.67,61.0,78.45,49.66,109,27882,9191,0.3296,0.949,24240.6,706.3,18.6,7236,2.94,27290,9.211,3027.0,2465,267.6,821.4,0.4365,2,113,477.8,1.7073,0.4771,540.6,0.0442,253.5,83.6,카페,2030,카페 (비알코올 음료점),2030 청년 소비층 (20~39세),중분류 (비알코올)
17,대구광역시 북구 국우동,북구,2723080000,67.37,61.41,85.23,60.74,52.62,61.68,87.25,59,29112,7497,0.2575,1.344,3118.2,743.3,10.5,2431,2.58,27230,16.9087,1721.7,942,55.7,759.4,0.4586,2,41,272.2,1.7701,0.4746,326.3,0.0626,485.2,125.0,카페,2030,카페 (비알코올 음료점),2030 청년 소비층 (20~39세),중분류 (비알코올)
18,대구광역시 수성구 고산2동,수성구,2726068000,65.99,67.85,68.05,58.05,66.24,66.04,67.79,64,25533,5765,0.2258,1.082,11450.8,563.2,6.5,6126,4.82,27260,24.337,1049.1,1270,52.2,499.8,0.5976,3,88,249.9,1.894,0.5469,256.2,0.0504,392.8,88.7,카페,2030,카페 (비알코올 음료점),2030 청년 소비층 (20~39세),중분류 (비알코올)
19,대구광역시 수성구 고산3동,수성구,2726069000,65.56,67.78,62.95,49.16,78.39,49.5,85.57,52,29136,6252,0.2146,1.327,8180.9,386.2,13.1,994,1.18,27260,5.2954,5502.1,841,158.8,377.6,0.8193,1,35,511.9,1.8415,0.75,391.1,0.0618,549.7,118.0,카페,2030,카페 (비알코올 음료점),2030 청년 소비층 (20~39세),중분류 (비알코올)
20,대구광역시 중구 성내3동,중구,2711058500,65.45,55.77,85.77,77.18,84.23,21.18,52.35,20,13643,4522,0.3315,0.966,5778.9,334.0,10.0,259,0.58,27110,0.7455,18300.5,444,595.6,332.9,0.9302,1,12,257.9,1.9273,0.95,202.4,0.045,649.7,215.3,카페,2030,카페 (비알코올 음료점),2030 청년 소비층 (20~39세),중분류 (비알코올)
21,대구광역시 달서구 죽전동,달서구,2729056300,65.34,69.8,81.21,38.25,90.54,68.59,19.8,33,14344,4174,0.291,0.745,13243.8,262.4,20.7,1402,1.47,27290,0.7849,18274.9,951,1211.6,343.2,0.8107,1,42,580.0,1.8808,0.8788,783.7,0.0347,421.9,122.8,카페,2030,카페 (비알코올 음료점),2030 청년 소비층 (20~39세),중분류 (비알코올)
22,대구광역시 달성군 화원읍,달성군,2771025000,65.3,76.04,63.22,79.53,63.89,41.74,41.61,63,45354,9354,0.2062,0.895,17158.0,616.7,5.3,2363,1.56,27710,25.9877,1745.2,1512,58.2,477.2,0.6104,2,64,174.0,1.7733,0.5238,164.7,0.0417,708.7,146.2,카페,2030,카페 (비알코올 음료점),2030 청년 소비층 (20~39세),중분류 (비알코올)
23,대구광역시 북구 태전2동,북구,2723073500,65.3,67.82,67.25,67.78,77.65,64.69,32.21,38,21610,4905,0.227,0.848,3795.2,382.4,8.3,2036,2.12,27230,2.0691,10444.2,961,464.5,413.0,0.7815,1,51,470.0,1.797,0.8421,441.1,0.0395,554.1,125.8,카페,2030,카페 (비알코올 음료점),2030 청년 소비층 (20~39세),중분류 (비알코올)
24,대구광역시 북구 태전1동,북구,2723072500,65.21,64.33,83.49,49.66,53.16,60.4,77.52,44,21074,5677,0.2694,1.161,3814.3,626.9,14.4,1588,1.95,27230,2.5135,8384.3,814,323.9,633.0,0.2862,1,23,327.5,1.7551,0.2273,421.5,0.0541,468.3,126.2,카페,2030,카페 (비알코올 음료점),2030 청년 소비층 (20~39세),중분류 (비알코올)
25,대구광역시 북구 고성동,북구,2723051000,65.12,55.74,88.73,49.67,59.93,56.51,85.57,31,14603,4975,0.3407,1.327,0.0,479.5,17.3,694,1.38,27230,0.52,28082.7,502,965.4,502.8,0.4641,0,9,698.5,1.5975,0.5806,579.1,0.0618,456.3,155.5,카페,2030,카페 (비알코올 음료점),2030 청년 소비층 (20~39세),중분류 (비알코올)
26,대구광역시 수성구 고산1동,수성구,2726067000,64.4,72.28,60.8,38.76,61.14,76.51,79.19,62,31066,6446,0.2075,1.176,11318.1,592.9,15.2,2849,2.52,27260,8.624,3602.3,1132,131.3,600.7,0.4735,1,43,613.8,1.7871,0.4677,684.1,0.0548,493.1,102.3,카페,2030,카페 (비알코올 음료점),2030 청년 소비층 (20~39세),중분류 (비알코올)
27,대구광역시 남구 대명5동,남구,2720060000,63.85,46.84,74.36,20.14,92.95,87.65,91.95,41,8896,3024,0.3399,1.449,11071.1,211.7,21.0,2694,4.44,27200,0.74,12021.6,607,820.3,256.8,0.8666,1,20,557.7,1.8206,0.9512,1084.7,0.0675,211.8,72.0,카페,2030,카페 (비알코올 음료점),2030 청년 소비층 (20~39세),중분류 (비알코올)
28,대구광역시 달서구 유천동,달서구,2729061700,63.08,73.86,66.58,65.6,44.36,64.84,46.31,31,32864,7092,0.2158,0.915,0.0,689.6,13.3,1643,2.26,27290,1.3119,25050.7,728,554.9,622.7,0.2788,0,41,613.2,1.8499,0.1613,494.9,0.0426,1027.0,221.6,카페,2030,카페 (비알코올 음료점),2030 청년 소비층 (20~39세),중분류 (비알코올)
29,대구광역시 북구 복현2동,북구,2723067200,62.83,63.59,83.96,76.34,22.02,56.31,65.77,32,28733,7367,0.2564,1.058,0.0,1575.8,10.4,1348,2.08,27230,1.8078,15893.9,649,359.0,1620.2,0.0,0,39,355.2,1.8941,0.0,342.2,0.0493,870.7,223.2,카페,2030,카페 (비알코올 음료점),2030 청년 소비층 (20~39세),중분류 (비알코올)
30,대구광역시 동구 신천3동,동구,2714057000,62.0,58.62,79.2,39.94,49.67,82.85,68.46,39,14835,4046,0.2727,1.086,0.0,579.8,14.5,1998,2.59,27140,0.7179,20664.4,770,1072.6,542.0,0.4195,0,48,1228.0,1.9695,0.3077,1387.8,0.0506,370.9,101.2,카페,2030,카페 (비알코올 음료점),2030 청년 소비층 (20~39세),중분류 (비알코올)
31,대구광역시 서구 내당1동,서구,2717051000,61.94,54.63,75.44,64.26,53.28,74.63,53.69,21,14683,3917,0.2668,0.979,0.0,550.1,13.1,1153,2.5,27170,0.5707,25728.1,461,807.8,613.4,0.3362,0,27,826.7,1.842,0.4286,965.2,0.0456,667.4,178.0,카페,2030,카페 (비알코올 음료점),2030 청년 소비층 (20~39세),중분류 (비알코올)
32,대구광역시 수성구 범어2동,수성구,2726052000,61.92,69.03,73.29,26.51,77.12,82.58,27.52,42,15345,3938,0.2566,0.824,10699.6,395.7,22.0,2861,2.62,27260,1.0094,15202.1,1094,1083.8,482.8,0.5384,1,42,1064.7,1.8705,0.7143,1013.7,0.0384,356.9,91.6,카페,2030,카페 (비알코올 음료점),2030 청년 소비층 (20~39세),중분류 (비알코올)
33,대구광역시 중구 남산4동,중구,2711067000,61.85,57.58,67.65,53.02,70.4,38.79,86.58,25,15842,3799,0.2398,1.331,0.0,369.9,14.8,481,1.19,27110,0.449,35282.9,403,897.6,351.8,0.8164,0,16,308.4,1.9455,0.76,282.3,0.062,609.3,146.1,카페,2030,카페 (비알코올 음료점),2030 청년 소비층 (20~39세),중분류 (비알코올)
34,대구광역시 중구 성내1동,중구,2711056500,61.73,52.62,75.84,1.0,87.12,82.92,92.62,243,5527,2770,0.5012,1.531,30098.1,350.5,80.4,4750,1.39,27110,0.759,7281.9,3406,4487.5,324.3,0.8908,1,64,2242.4,1.7374,0.823,2456.2,0.0713,22.7,11.4,카페,2030,카페 (비알코올 음료점),2030 청년 소비층 (20~39세),중분류 (비알코올)
35,대구광역시 수성구 범어3동,수성구,2726053000,61.16,71.34,70.87,17.78,57.58,79.4,63.42,56,17016,4089,0.2403,1.041,0.0,513.4,27.3,2389,2.07,27260,0.5836,29157.0,1155,1979.1,503.0,0.4978,0,39,1299.8,1.8564,0.5357,1107.8,0.0485,298.5,71.7,카페,2030,카페 (비알코올 음료점),2030 청년 소비층 (20~39세),중분류 (비알코올)
36,대구광역시 중구 남산2동,중구,2711065000,60.59,55.0,65.77,14.94,93.96,72.82,73.15,31,7394,2212,0.2992,1.123,82629.0,299.0,36.6,863,1.46,27110,0.3916,18881.5,593,1514.3,289.0,1.0,4,11,1474.2,1.9141,1.0,1765.8,0.0523,231.1,69.1,카페,2030,카페 (비알코올 음료점),2030 청년 소비층 (20~39세),중분류 (비알코올)
37,대구광역시 수성구 두산동,수성구,2726064000,60.04,62.89,76.91,20.8,61.55,79.4,55.03,72,14840,3993,0.2691,0.992,4499.5,538.9,15.3,3584,2.3,27260,1.8605,7976.4,1558,837.4,524.0,0.4589,1,72,732.3,1.7103,0.4444,780.9,0.0462,203.3,54.7,카페,2030,카페 (비알코올 음료점),2030 청년 소비층 (20~39세),중분류 (비알코올)
38,대구광역시 중구 성내2동,중구,2711057500,59.72,47.95,82.55,3.02,77.25,91.38,76.51,140,9263,3674,0.3966,1.144,0.0,309.0,55.4,6799,2.59,27110,0.9226,10040.1,2628,2848.5,283.2,0.933,0,67,2751.4,1.6254,0.9214,2567.2,0.0533,65.7,26.1,카페,2030,카페 (비알코올 음료점),2030 청년 소비층 (20~39세),중분류 (비알코올)
39,대구광역시 달서구 월성1동,달서구,2729060100,59.57,80.54,54.29,32.55,34.83,87.72,56.71,67,39423,7527,0.1909,1.0,0.0,990.4,25.4,4066,2.83,27290,1.9323,20402.1,1438,744.2,899.2,0.096,0,70,1080.4,1.8341,0.0597,1184.5,0.0466,579.8,110.7,카페,2030,카페 (비알코올 음료점),2030 청년 소비층 (20~39세),중분류 (비알코올)
40,대구광역시 동구 안심2동,동구,2714073000,58.8,44.03,76.77,95.64,41.81,48.52,47.65,17,17002,4394,0.2584,0.925,3810.8,1202.6,2.2,1493,3.79,27140,13.3309,1275.4,394,29.6,844.7,0.3046,1,43,159.2,1.8547,0.2353,161.2,0.0431,944.6,244.1,카페,2030,카페 (비알코올 음료점),2030 청년 소비층 (20~39세),중분류 (비알코올)
41,대구광역시 동구 신천4동,동구,2714058000,58.66,58.32,86.71,14.76,53.02,97.58,38.93,73,12937,4487,0.3468,0.891,0.0,589.9,31.6,6933,3.94,27140,0.7957,16258.6,1759,2210.6,655.2,0.3627,0,85,2660.8,1.7119,0.5342,2649.3,0.0415,174.8,60.6,카페,2030,카페 (비알코올 음료점),2030 청년 소비층 (20~39세),중분류 (비알코올)
42,대구광역시 동구 안심3동,동구,2714074200,58.41,57.28,68.46,70.64,67.04,38.32,30.54,28,19897,4619,0.2321,0.842,6999.1,496.9,10.4,913,1.28,27140,5.8689,3390.2,714,121.7,457.1,0.556,1,29,232.8,1.9059,0.5714,224.4,0.0392,686.1,159.3,카페,2030,카페 (비알코올 음료점),2030 청년 소비층 (20~39세),중분류 (비알코올)
43,대구광역시 남구 대명3동,남구,2720058600,58.21,56.34,75.71,22.82,73.49,47.42,69.8,48,12166,3549,0.2917,1.091,5897.8,430.2,18.1,1055,1.12,27200,0.9315,13060.7,944,1013.4,415.9,0.7119,1,20,338.9,1.8061,0.7292,373.3,0.0508,248.3,72.4,카페,2030,카페 (비알코올 음료점),2030 청년 소비층 (20~39세),중분류 (비알코올)
44,대구광역시 수성구 지산1동,수성구,2726065100,57.91,65.57,52.01,42.11,82.96,60.2,30.54,51,18617,3886,0.2087,0.842,5358.9,317.1,11.0,1776,1.37,27260,2.8948,6431.2,1301,449.4,326.2,0.9101,1,63,541.8,1.8658,0.8824,535.6,0.0392,358.0,74.7,카페,2030,카페 (비알코올 음료점),2030 청년 소비층 (20~39세),중분류 (비알코올)
45,대구광역시 달서구 상인2동,달서구,2729062500,57.86,65.0,80.8,26.51,61.61,54.26,35.57,48,16737,4541,0.2713,0.869,0.0,456.8,23.0,927,0.78,27290,0.9567,17494.5,1185,1238.6,510.6,0.5401,0,33,566.3,1.6938,0.6667,698.3,0.0405,341.6,92.7,카페,2030,카페 (비알코올 음료점),2030 청년 소비층 (20~39세),중분류 (비알코올)
46,대구광역시 달서구 본리동,달서구,2729059000,57.63,67.85,72.62,85.4,26.04,54.3,6.04,20,22993,5433,0.2363,0.595,0.0,1197.5,7.2,1195,1.65,27290,1.0774,21341.2,723,671.1,1208.5,0.0,0,48,381.0,1.8016,0.0,344.0,0.0277,1094.9,258.7,카페,2030,카페 (비알코올 음료점),2030 청년 소비층 (20~39세),중분류 (비알코올)
47,대구광역시 북구 읍내동,북구,2723077000,57.59,57.78,73.15,67.28,29.4,62.89,48.32,43,24576,5774,0.2349,0.932,0.0,974.0,9.0,1572,1.59,27230,5.6904,4318.9,991,174.2,977.2,0.0,0,37,601.6,1.7105,0.0,540.8,0.0434,558.5,131.2,카페,2030,카페 (비알코올 음료점),2030 청년 소비층 (20~39세),중분류 (비알코올)
48,대구광역시 달서구 송현2동,달서구,2729064000,57.44,74.03,51.68,65.94,67.99,38.69,9.4,30,17618,3714,0.2108,0.638,7829.2,463.9,8.0,831,0.82,27290,0.9693,18176.0,1011,1043.0,449.2,0.6281,1,33,378.6,1.7597,0.5333,304.1,0.0297,568.3,119.8,카페,2030,카페 (비알코올 음료점),2030 청년 소비층 (20~39세),중분류 (비알코올)
49,대구광역시 북구 관문동,북구,2723071500,57.38,64.33,56.24,86.92,37.78,54.76,26.51,30,31975,6317,0.1976,0.796,7033.3,1921.0,5.2,2576,3.18,27230,14.8231,2157.1,809,54.6,1662.6,0.3498,3,64,205.6,1.7905,0.3,195.0,0.0371,1031.5,203.8,카페,2030,카페 (비알코올 음료점),2030 청년 소비층 (20~39세),중분류 (비알코올)
50,대구광역시 중구 동인동,중구,2711051700,56.89,47.95,85.1,9.73,41.61,86.51,91.28,70,10997,3988,0.3626,1.426,0.0,705.2,39.2,2997,2.84,27110,0.9707,11328.9,1055,1086.8,664.1,0.1223,0,30,902.8,1.8018,0.0286,1144.0,0.0664,154.9,56.2,카페,2030,카페 (비알코올 음료점),2030 청년 소비층 (20~39세),중분류 (비알코올)
51,대구광역시 중구 삼덕동,중구,2711054500,56.88,44.83,79.6,3.02,59.46,85.44,95.97,120,7460,3297,0.442,1.687,0.0,484.8,61.2,3487,2.29,27110,0.644,11583.9,1526,2369.6,480.0,0.5839,0,70,1719.3,1.8185,0.5833,1475.7,0.0786,61.7,27.2,카페,2030,카페 (비알코올 음료점),2030 청년 소비층 (20~39세),중분류 (비알코올)
52,대구광역시 중구 대봉1동,중구,2711068000,56.58,57.38,50.07,5.04,97.78,67.15,72.15,58,7666,1817,0.237,1.114,19088.4,173.8,34.8,1613,1.44,27110,0.5627,13623.6,1117,1985.1,194.3,1.0,2,23,833.7,1.8237,1.0,732.2,0.0519,129.9,30.8,카페,2030,카페 (비알코올 음료점),2030 청년 소비층 (20~39세),중분류 (비알코올)
53,대구광역시 수성구 수성1가동,수성구,2726057000,56.28,73.99,34.49,31.21,90.0,33.36,56.71,33,16970,3196,0.1883,1.0,11615.6,291.8,18.0,364,0.51,27260,0.6383,26586.2,708,1109.2,306.7,0.8814,1,13,357.1,1.9594,0.9697,357.1,0.0466,499.1,94.0,카페,2030,카페 (비알코올 음료점),2030 청년 소비층 (20~39세),중분류 (비알코올)
54,대구광역시 북구 침산2동,북구,2723056000,56.14,60.87,64.16,67.28,26.38,83.42,26.51,22,17835,4078,0.2287,0.796,0.0,1194.3,11.8,2202,3.71,27230,0.8533,20901.2,593,694.9,1297.3,0.0,0,23,684.5,1.8863,0.0,832.9,0.0371,775.4,177.3,카페,2030,카페 (비알코올 음료점),2030 청년 소비층 (20~39세),중분류 (비알코올)
55,대구광역시 동구 혁신동,동구,2714075500,56.1,46.51,74.23,22.82,30.4,97.85,95.3,77,16501,4213,0.2553,1.61,0.0,919.8,14.3,8600,8.38,27140,17.0739,966.4,1026,60.1,1007.5,0.0,0,102,1121.3,1.8826,0.0,1662.8,0.075,211.6,54.0,카페,2030,카페 (비알코올 음료점),2030 청년 소비층 (20~39세),중분류 (비알코올)
56,대구광역시 달성군 유가읍,달성군,2771025900,55.98,57.89,68.92,38.42,14.63,88.86,79.87,62,31236,6909,0.2212,1.192,0.0,12191.1,16.3,4302,3.85,27710,56.1887,555.9,1117,19.9,12162.5,0.0,0,60,1047.5,1.7554,0.0,901.2,0.0555,495.8,109.7,카페,2030,카페 (비알코올 음료점),2030 청년 소비층 (20~39세),중분류 (비알코올)
57,대구광역시 달서구 용산2동,달서구,2729057200,55.77,59.93,62.69,92.28,42.99,29.86,19.8,18,24584,5373,0.2186,0.745,0.0,727.8,4.6,678,1.31,27290,1.5398,15965.7,518,336.4,752.7,0.1409,0,19,147.4,1.7934,0.1667,161.5,0.0347,1293.9,282.8,카페,2030,카페 (비알코올 음료점),2030 청년 소비층 (20~39세),중분류 (비알코올)
58,대구광역시 동구 신암3동,동구,2714053000,55.03,43.69,71.68,67.28,40.8,51.34,62.42,19,11150,3177,0.2849,1.03,0.0,715.5,11.1,616,1.56,27140,0.6012,18546.2,396,658.7,734.3,0.0581,0,13,452.5,1.8895,0.0526,406.0,0.048,557.5,158.8,카페,2030,카페 (비알코올 음료점),2030 청년 소비층 (20~39세),중분류 (비알코올)
59,대구광역시 북구 대현동,북구,2723064500,54.86,58.89,79.33,27.52,34.97,29.63,89.93,51,15618,4223,0.2704,1.368,0.0,977.4,16.5,786,0.98,27230,0.855,18266.7,801,936.8,879.3,0.1423,0,23,239.0,1.7877,0.0588,198.2,0.0637,300.3,81.2,카페,2030,카페 (비알코올 음료점),2030 청년 소비층 (20~39세),중분류 (비알코올)
60,대구광역시 서구 원대동,서구,2717069500,54.06,48.56,52.88,63.93,89.73,36.54,22.15,15,9963,2358,0.2367,0.76,7453.5,288.8,11.3,475,1.12,27170,0.6219,16020.3,424,681.8,291.4,0.9009,1,18,230.3,1.6358,1.0,281.9,0.0354,622.7,147.4,카페,2030,카페 (비알코올 음료점),2030 청년 소비층 (20~39세),중분류 (비알코올)
61,대구광역시 달성군 구지면,달성군,2771038000,53.99,43.89,75.57,71.14,13.62,46.71,83.22,42,18847,4679,0.2483,1.301,0.0,17035.8,4.1,2321,3.35,27710,39.6367,475.5,693,17.5,17209.4,0.0,0,59,87.9,1.65,0.0,72.4,0.0606,438.3,108.8,카페,2030,카페 (비알코올 음료점),2030 청년 소비층 (20~39세),중분류 (비알코올)
62,대구광역시 수성구 지산2동,수성구,2726065200,53.94,62.55,46.04,64.93,73.83,38.09,13.42,25,18149,3672,0.2023,0.683,4126.8,411.4,11.0,928,1.18,27260,1.6406,11062.4,787,479.7,398.0,0.8119,1,26,289.4,1.9254,0.72,247.5,0.0318,698.0,141.2,카페,2030,카페 (비알코올 음료점),2030 청년 소비층 (20~39세),중분류 (비알코올)
63,대구광역시 수성구 만촌3동,수성구,2726056100,53.85,70.03,29.53,25.16,76.38,33.12,83.89,45,20523,3424,0.1668,1.314,14504.4,421.3,17.0,797,1.08,27260,1.6947,12110.1,735,433.7,416.1,0.5578,2,13,188.8,1.9243,0.6,220.0,0.0612,446.2,74.4,카페,2030,카페 (비알코올 음료점),2030 청년 소비층 (20~39세),중분류 (비알코올)
64,대구광역시 달서구 두류3동,달서구,2729055000,53.39,48.08,55.17,15.44,91.14,59.4,60.07,37,8931,2187,0.2449,1.018,14138.0,275.0,21.2,954,1.22,27290,1.2035,7420.9,781,648.9,263.5,0.9104,1,23,712.8,1.7883,0.9459,653.7,0.0474,235.0,57.6,카페,2030,카페 (비알코올 음료점),2030 청년 소비층 (20~39세),중분류 (비알코올)
65,대구광역시 달서구 송현1동,달서구,2729063000,53.36,57.58,51.41,45.47,81.54,30.97,36.58,34,15927,3461,0.2173,0.872,6693.2,360.5,12.1,743,0.89,27290,2.4579,6479.9,837,340.5,366.2,0.7921,1,22,209.0,1.8609,0.8529,224.1,0.0406,455.1,98.9,카페,2030,카페 (비알코올 음료점),2030 청년 소비층 (20~39세),중분류 (비알코올)
66,대구광역시 달성군 현풍읍,달성군,2771026500,53.32,54.8,81.14,36.58,14.29,77.18,53.02,62,20887,5489,0.2628,0.97,0.0,12204.3,13.7,3238,2.36,27710,24.3321,858.4,1373,56.4,12264.0,0.0,0,76,500.4,1.6722,0.0,721.5,0.0452,331.5,87.1,카페,2030,카페 (비알코올 음료점),2030 청년 소비층 (20~39세),중분류 (비알코올)
67,대구광역시 남구 이천동,남구,2720051500,53.17,45.7,54.77,43.46,63.35,36.24,88.59,31,14245,3221,0.2261,1.353,0.0,436.4,13.2,350,0.71,27200,1.0429,13659.0,492,471.8,549.3,0.628,0,12,288.2,1.8983,0.6774,357.5,0.063,445.2,100.7,카페,2030,카페 (비알코올 음료점),2030 청년 소비층 (20~39세),중분류 (비알코올)
68,대구광역시 수성구 황금2동,수성구,2726060200,53.13,53.02,63.83,28.02,57.18,55.7,61.07,49,11770,3018,0.2564,1.022,2213.9,579.2,13.9,1605,1.56,27260,1.1892,9897.4,1030,866.1,557.5,0.4214,1,58,395.5,1.9253,0.3673,371.9,0.0476,235.4,60.4,카페,2030,카페 (비알코올 음료점),2030 청년 소비층 (20~39세),중분류 (비알코올)
69,대구광역시 남구 대명1동,남구,2720056000,53.02,49.7,49.26,82.22,90.6,15.64,7.72,10,9242,2146,0.2322,0.631,7928.3,287.9,7.8,142,0.42,27200,0.4605,20069.5,340,738.3,313.8,0.8971,1,10,202.5,1.8727,1.0,171.8,0.0294,840.2,195.1,카페,2030,카페 (비알코올 음료점),2030 청년 소비층 (20~39세),중분류 (비알코올)
70,대구광역시 달서구 도원동,달서구,2729062800,52.77,52.85,49.93,56.2,20.67,60.0,93.96,48,30857,5862,0.19,1.563,0.0,1678.1,11.1,1977,3.0,27290,11.188,2758.0,659,58.9,1382.2,0.0,0,41,337.0,1.7287,0.0,281.0,0.0728,629.7,119.6,카페,2030,카페 (비알코올 음료점),2030 청년 소비층 (20~39세),중분류 (비알코올)
71,대구광역시 동구 지저동,동구,2714064000,52.73,41.98,25.64,82.22,70.2,77.85,43.62,16,12323,2284,0.1853,0.904,9062.4,453.4,4.0,2021,5.32,27140,2.2358,5511.7,380,170.0,469.2,0.5684,1,12,412.7,1.6623,0.5625,562.2,0.0421,724.9,134.4,카페,2030,카페 (비알코올 음료점),2030 청년 소비층 (20~39세),중분류 (비알코올)
72,대구광역시 중구 남산1동,중구,2711064000,52.59,42.95,61.88,10.9,93.89,82.85,33.22,27,5062,1601,0.3163,0.852,12121.7,242.1,36.6,1968,2.89,27110,0.4193,12072.5,680,1621.8,253.0,1.0,2,25,713.6,2.0125,1.0,1101.7,0.0397,180.8,57.2,카페,2030,카페 (비알코올 음료점),2030 청년 소비층 (20~39세),중분류 (비알코올)
73,대구광역시 동구 신천1·2동,동구,2714055500,52.43,55.64,32.89,72.32,82.28,18.09,41.61,16,10994,2201,0.2002,0.895,9575.6,356.1,7.2,301,0.78,27140,0.4677,23506.5,384,821.0,304.5,0.8438,1,10,149.9,1.8643,0.8125,143.1,0.0417,646.7,129.5,카페,2030,카페 (비알코올 음료점),2030 청년 소비층 (20~39세),중분류 (비알코올)
74,대구광역시 동구 동촌동,동구,2714065500,51.26,43.19,42.35,75.5,60.67,60.81,33.22,22,13815,2883,0.2087,0.852,4475.3,545.3,4.8,1690,3.05,27140,4.4612,3096.7,554,124.2,510.3,0.4116,1,31,352.6,1.7752,0.4091,287.0,0.0397,600.7,125.3,카페,2030,카페 (비알코올 음료점),2030 청년 소비층 (20~39세),중분류 (비알코올)
75,대구광역시 중구 대봉2동,중구,2711069000,51.26,41.61,60.27,36.07,85.9,26.51,57.72,14,5933,1673,0.282,1.003,3410.6,313.4,18.6,179,0.6,27110,0.2744,21621.7,300,1093.3,300.2,1.0,1,8,220.2,1.8838,1.0,274.1,0.0467,395.5,111.5,카페,2030,카페 (비알코올 음료점),2030 청년 소비층 (20~39세),중분류 (비알코올)
76,대구광역시 수성구 만촌1동,수성구,2726055000,51.15,56.54,45.77,40.1,27.04,74.5,75.17,45,20174,3970,0.1968,1.136,0.0,1192.9,12.1,2268,2.67,27260,2.6991,7474.3,851,315.3,1236.9,0.0,0,39,434.8,1.9356,0.0,596.8,0.0529,438.6,86.3,카페,2030,카페 (비알코올 음료점),2030 청년 소비층 (20~39세),중분류 (비알코올)
77,대구광역시 달서구 이곡2동,달서구,2729057700,51.12,45.34,52.89,61.08,48.39,93.42,11.74,27,14054,3162,0.225,0.668,0.0,709.5,8.6,4290,4.94,27290,2.2612,6215.3,869,384.3,594.7,0.6479,0,81,1744.6,1.7889,0.5185,1313.9,0.0311,501.9,112.9,카페,2030,카페 (비알코올 음료점),2030 청년 소비층 (20~39세),중분류 (비알코올)
78,대구광역시 북구 산격3동,북구,2723063000,50.68,37.48,82.15,13.76,18.66,92.22,89.26,60,8390,3646,0.4346,1.361,0.0,2006.3,31.9,3619,3.82,27230,1.272,6595.9,947,744.5,2105.0,0.0,0,19,1139.1,1.6083,0.0,1419.1,0.0634,137.5,59.8,카페,2030,카페 (비알코올 음료점),2030 청년 소비층 (20~39세),중분류 (비알코올)
79,대구광역시 동구 효목2동,동구,2714060000,50.48,53.26,59.33,64.1,39.26,60.91,10.4,20,14147,3313,0.2342,0.663,0.0,880.0,11.7,897,1.39,27140,0.761,18590.0,647,850.2,915.3,0.085,0,26,459.9,1.8141,0.15,664.0,0.0309,673.7,157.8,카페,2030,카페 (비알코올 음료점),2030 청년 소비층 (20~39세),중분류 (비알코올)
80,대구광역시 북구 무태조야동,북구,2723069500,50.07,60.47,54.49,70.97,16.31,50.5,28.86,47,32499,6358,0.1956,0.833,0.0,4108.1,8.2,1749,1.44,27230,22.8763,1420.6,1211,52.9,3904.0,0.0,0,48,240.2,1.8693,0.0,282.9,0.0388,677.1,132.5,카페,2030,카페 (비알코올 음료점),2030 청년 소비층 (20~39세),중분류 (비알코올)
81,대구광역시 수성구 황금1동,수성구,2726060100,49.74,49.06,33.56,84.23,38.79,24.12,74.5,21,20820,3621,0.1739,1.129,0.0,859.8,5.0,480,1.2,27260,2.5751,8085.1,399,154.9,851.9,0.0702,0,13,72.8,1.9203,0.0952,103.8,0.0526,946.4,164.6,카페,2030,카페 (비알코올 음료점),2030 청년 소비층 (20~39세),중분류 (비알코올)
82,대구광역시 북구 침산3동,북구,2723057000,49.64,55.91,39.86,47.98,24.02,74.13,66.78,27,17704,3441,0.1944,1.071,0.0,1303.0,14.1,1418,2.62,27230,1.0462,16922.2,541,517.1,1374.8,0.0,0,27,644.1,1.8583,0.0,752.5,0.0499,632.3,122.9,카페,2030,카페 (비알코올 음료점),2030 청년 소비층 (20~39세),중분류 (비알코올)
83,대구광역시 남구 대명10동,남구,2720065000,49.21,50.97,46.17,36.58,87.11,43.15,18.12,22,7805,1793,0.2297,0.726,15387.0,363.3,12.5,444,0.68,27200,0.5166,15108.4,650,1258.2,375.5,0.8677,1,12,574.8,1.8044,0.9545,540.4,0.0338,339.3,78.0,카페,2030,카페 (비알코올 음료점),2030 청년 소비층 (20~39세),중분류 (비알코올)
84,대구광역시 서구 평리5동,서구,2717066000,49.15,43.12,76.11,92.78,19.33,26.94,14.77,6,10531,3365,0.3195,0.693,0.0,1922.7,4.7,224,1.2,27170,0.4071,25868.3,186,456.9,1832.0,0.0,0,9,214.6,1.864,0.0,188.0,0.0323,1504.4,480.7,카페,2030,카페 (비알코올 음료점),2030 청년 소비층 (20~39세),중분류 (비알코올)
85,대구광역시 달서구 성당동,달서구,2729051500,49.03,60.67,38.66,47.14,35.5,55.3,51.68,47,19920,3717,0.1866,0.962,0.0,920.6,9.0,2331,2.22,27290,1.9869,10025.7,1049,528.0,917.0,0.0143,0,41,251.2,1.8319,0.0213,275.8,0.0448,415.0,77.4,카페,2030,카페 (비알코올 음료점),2030 청년 소비층 (20~39세),중분류 (비알코올)
86,대구광역시 서구 내당4동,서구,2717054000,48.79,54.77,49.13,34.74,51.14,59.93,36.58,33,14119,3109,0.2202,0.872,0.0,577.9,14.7,1151,1.42,27170,0.8127,17373.0,812,999.1,644.9,0.2352,0,30,493.5,1.7588,0.3636,568.9,0.0406,415.3,91.4,카페,2030,카페 (비알코올 음료점),2030 청년 소비층 (20~39세),중분류 (비알코올)
87,대구광역시 수성구 파동,수성구,2726063000,48.75,38.99,56.24,85.9,21.0,13.16,84.56,20,17133,3783,0.2208,1.316,0.0,1641.5,5.1,264,0.81,27260,5.4129,3165.2,326,60.2,1661.7,0.0,0,13,28.4,1.8928,0.0,24.6,0.0613,815.9,180.1,카페,2030,카페 (비알코올 음료점),2030 청년 소비층 (20~39세),중분류 (비알코올)
88,대구광역시 동구 신암2동,동구,2714052000,48.6,47.31,45.03,77.52,51.95,38.36,21.48,12,11446,2532,0.2212,0.758,0.0,588.0,8.9,357,1.05,27140,0.3625,31575.2,340,937.9,610.1,0.3059,0,13,392.6,1.7582,0.5,330.0,0.0353,880.5,194.8,카페,2030,카페 (비알코올 음료점),2030 청년 소비층 (20~39세),중분류 (비알코올)
89,대구광역시 달서구 장기동,달서구,2729056800,48.54,48.05,64.7,53.86,41.08,55.37,14.09,27,15347,3647,0.2376,0.685,0.0,784.6,13.3,958,1.13,27290,2.76,5560.5,846,306.5,906.7,0.1548,0,34,327.3,1.8569,0.1481,573.2,0.0319,548.1,130.2,카페,2030,카페 (비알코올 음료점),2030 청년 소비층 (20~39세),중분류 (비알코올)
90,대구광역시 남구 대명6동,남구,2720061000,48.54,33.83,57.99,50.17,62.48,43.22,55.7,26,10276,2548,0.248,0.996,0.0,427.4,10.9,857,1.53,27200,1.5709,6541.5,560,356.5,385.9,0.675,0,13,329.3,1.9196,0.5385,264.5,0.0464,380.6,94.4,카페,2030,카페 (비알코올 음료점),2030 청년 소비층 (20~39세),중분류 (비알코올)
91,대구광역시 수성구 중동,수성구,2726061000,48.19,53.09,64.56,53.36,27.72,55.1,16.78,27,14422,3464,0.2402,0.717,0.0,1116.6,12.3,1100,1.36,27260,0.948,15213.1,808,852.3,1056.8,0.0334,0,38,386.9,1.9604,0.0,489.6,0.0334,515.1,123.7,카페,2030,카페 (비알코올 음료점),2030 청년 소비층 (20~39세),중분류 (비알코올)
92,대구광역시 달서구 본동,달서구,2729065000,48.16,42.75,52.88,96.31,23.69,66.21,1.34,9,13148,2978,0.2265,0.376,0.0,1355.9,2.3,1481,2.89,27290,1.0557,12454.3,513,485.9,1394.5,0.0,0,31,371.6,1.8481,0.0,418.2,0.0175,1314.8,297.8,카페,2030,카페 (비알코올 음료점),2030 청년 소비층 (20~39세),중분류 (비알코올)
93,대구광역시 중구 대신동,중구,2711059500,48.08,58.89,48.05,6.38,92.15,59.6,0.67,46,7249,1708,0.2356,0.367,13433.4,241.9,32.2,1301,0.48,27110,0.4899,14796.9,2688,5486.8,169.9,0.9699,1,11,1548.5,0.6257,0.913,1217.8,0.0171,154.2,36.3,카페,2030,카페 (비알코올 음료점),2030 청년 소비층 (20~39세),중분류 (비알코올)
94,대구광역시 남구 대명4동,남구,2720059000,47.75,46.07,36.51,51.51,58.25,76.1,25.5,23,9003,1880,0.2088,0.777,7282.1,570.9,8.0,1742,2.74,27200,0.76,11846.1,635,835.5,536.5,0.3512,1,20,496.8,1.7378,0.2174,733.3,0.0362,375.1,78.3,카페,2030,카페 (비알코올 음료점),2030 청년 소비층 (20~39세),중분류 (비알코올)
95,대구광역시 수성구 범어4동,수성구,2726054000,47.68,64.96,19.32,8.39,70.27,49.46,75.84,61,18446,2560,0.1388,1.138,0.0,371.6,30.8,974,0.85,27260,1.1922,15472.2,1151,965.4,382.2,0.7541,0,29,516.8,1.7887,0.7869,510.8,0.053,297.5,41.3,카페,2030,카페 (비알코올 음료점),2030 청년 소비층 (20~39세),중분류 (비알코올)
96,대구광역시 수성구 수성2·3가동,수성구,2726058000,47.43,51.64,19.73,18.45,89.66,67.45,50.34,32,10185,1773,0.1741,0.951,5644.8,273.1,16.2,1441,2.0,27260,0.6602,15427.1,722,1093.6,276.9,0.9848,1,24,550.7,1.8895,1.0,607.9,0.0443,308.6,53.7,카페,2030,카페 (비알코올 음료점),2030 청년 소비층 (20~39세),중분류 (비알코올)
97,대구광역시 북구 복현1동,북구,2723067100,47.25,38.56,82.42,58.72,21.34,26.58,45.3,21,7131,3563,0.4996,0.91,0.0,1635.6,14.0,333,0.67,27230,0.3619,19704.3,495,1367.8,1714.4,0.0,0,10,312.4,1.6966,0.0,249.2,0.0424,324.1,162.0,카페,2030,카페 (비알코올 음료점),2030 청년 소비층 (20~39세),중분류 (비알코올)
98,대구광역시 수성구 범물2동,수성구,2726066200,47.03,41.91,33.89,39.6,62.88,35.14,87.92,26,15526,2967,0.1911,1.348,0.0,446.7,16.1,590,1.43,27260,2.122,7316.7,414,195.1,382.0,0.8309,0,14,463.5,1.9377,0.6923,201.7,0.0628,575.0,109.9,카페,2030,카페 (비알코올 음료점),2030 청년 소비층 (20~39세),중분류 (비알코올)
99,대구광역시 수성구 수성4가동,수성구,2726059000,46.33,52.15,36.24,32.38,71.68,40.74,37.58,28,12798,2571,0.2009,0.887,0.0,366.4,15.8,423,0.62,27260,0.6138,20850.4,678,1104.6,395.7,0.7478,0,14,458.2,1.9008,0.8214,492.9,0.0413,441.3,88.7,카페,2030,카페 (비알코올 음료점),2030 청년 소비층 (20~39세),중분류 (비알코올)
100,대구광역시 동구 불로·봉무동,동구,2714062000,46.29,54.77,41.14,29.02,16.98,88.96,58.39,59,19381,3703,0.1911,1.009,0.0,3146.4,13.9,4178,3.33,27140,7.6608,2529.9,1256,164.0,2945.5,0.0008,0,57,1075.7,1.7038,0.0,1085.8,0.047,323.0,61.7,카페,2030,카페 (비알코올 음료점),2030 청년 소비층 (20~39세),중분류 (비알코올)
101,대구광역시 수성구 만촌2동,수성구,2726056000,46.03,38.96,49.06,50.84,55.91,25.1,60.07,29,13080,2894,0.2213,1.018,0.0,535.7,10.9,469,0.77,27260,1.9514,6702.9,612,313.6,658.5,0.3431,0,17,172.3,1.9354,0.5172,198.8,0.0474,436.0,96.5,카페,2030,카페 (비알코올 음료점),2030 청년 소비층 (20~39세),중분류 (비알코올)
102,대구광역시 동구 신암1동,동구,2714051000,44.49,44.16,58.12,39.94,25.37,27.12,71.14,27,10781,2609,0.242,1.101,0.0,1227.1,13.5,394,0.75,27140,0.606,17790.4,526,868.0,1051.5,0.0,0,10,436.8,1.7965,0.0,236.1,0.0513,385.0,93.2,카페,2030,카페 (비알코올 음료점),2030 청년 소비층 (20~39세),중분류 (비알코올)
103,대구광역시 동구 신암5동,동구,2714054100,44.28,29.5,40.2,68.62,75.97,18.8,38.26,13,7315,1619,0.2213,0.889,0.0,368.7,6.2,300,0.96,27140,0.5467,13380.3,314,574.4,366.8,0.9108,0,9,165.0,1.672,1.0,118.3,0.0414,522.5,115.6,카페,2030,카페 (비알코올 음료점),2030 청년 소비층 (20~39세),중분류 (비알코올)
104,대구광역시 남구 대명9동,남구,2720064000,44.21,40.1,63.35,18.62,31.08,25.91,94.63,58,13110,3204,0.2444,1.587,0.0,882.3,16.3,762,0.97,27200,3.1401,4175.0,785,250.0,817.3,0.0038,0,28,184.2,1.8211,0.0,166.7,0.0739,222.2,54.3,카페,2030,카페 (비알코올 음료점),2030 청년 소비층 (20~39세),중분류 (비알코올)
105,대구광역시 달성군 옥포읍,달성군,2771026200,43.48,47.35,34.77,69.46,15.97,30.0,65.1,36,22138,3790,0.1712,1.056,0.0,4293.0,4.5,937,1.28,27710,47.4421,466.6,731,15.4,4106.1,0.0,0,39,152.0,1.7783,0.0,129.6,0.0492,598.3,102.4,카페,2030,카페 (비알코올 음료점),2030 청년 소비층 (20~39세),중분류 (비알코올)
106,대구광역시 동구 방촌동,동구,2714067000,43.26,51.51,31.14,58.56,28.06,26.75,59.06,28,16714,3096,0.1852,1.015,0.0,1020.7,8.9,638,1.08,27140,1.2248,13646.3,592,483.3,972.5,0.0,0,22,212.6,1.7373,0.0,171.4,0.0473,576.3,106.8,카페,2030,카페 (비알코올 음료점),2030 청년 소비층 (20~39세),중분류 (비알코올)
107,대구광역시 동구 공산동,동구,2714076000,43.23,45.17,31.28,49.33,15.3,38.59,98.66,82,19708,3413,0.1732,2.336,0.0,7708.8,3.5,1875,2.49,27140,83.2696,236.7,754,9.1,7174.6,0.0,0,67,61.0,1.6036,0.0,50.5,0.1088,237.4,41.1,카페,2030,카페 (비알코올 음료점),2030 청년 소비층 (20~39세),중분류 (비알코올)
108,대구광역시 수성구 범물1동,수성구,2726066100,43.1,34.66,10.54,35.4,74.3,63.82,77.52,20,9654,1315,0.1362,1.161,11108.8,529.7,11.8,781,2.11,27260,5.8003,1664.4,370,63.8,338.1,0.9676,2,13,815.3,1.6642,0.9,590.6,0.0541,459.7,62.6,카페,2030,카페 (비알코올 음료점),2030 청년 소비층 (20~39세),중분류 (비알코올)
109,대구광역시 중구 남산3동,중구,2711066000,42.75,35.81,20.74,20.13,91.81,40.2,70.47,16,5779,1103,0.1909,1.097,5728.2,219.1,19.4,404,1.29,27110,0.4076,14178.1,313,767.9,254.0,0.9968,1,10,293.4,1.8445,1.0,287.9,0.0511,339.9,64.9,카페,2030,카페 (비알코올 음료점),2030 청년 소비층 (20~39세),중분류 (비알코올)
110,대구광역시 서구 상중이동,서구,2717067500,41.53,51.27,33.29,56.88,33.02,49.66,10.4,37,16863,3160,0.1874,0.663,0.0,1174.1,6.2,3259,2.72,27170,6.7768,2488.3,1196,176.5,1380.9,0.0125,0,73,191.9,1.8364,0.027,159.6,0.0309,443.8,83.2,카페,2030,카페 (비알코올 음료점),2030 청년 소비층 (20~39세),중분류 (비알코올)
111,대구광역시 서구 평리4동,서구,2717065000,41.13,61.71,37.05,51.0,23.35,37.21,3.36,24,15025,2964,0.1973,0.543,0.0,1396.0,12.4,553,0.58,27170,0.7453,20159.7,950,1274.7,1310.9,0.0,0,29,308.6,1.72,0.0,385.4,0.0253,601.0,118.6,카페,2030,카페 (비알코올 음료점),2030 청년 소비층 (20~39세),중분류 (비알코올)
112,대구광역시 동구 해안동,동구,2714068500,40.96,40.2,30.4,80.88,50.07,23.02,8.72,14,12925,2484,0.1922,0.633,11140.2,817.9,6.6,480,1.01,27140,13.264,974.4,475,35.8,755.4,0.0589,2,23,160.5,1.8161,0.0714,155.4,0.0295,861.7,165.6,카페,2030,카페 (비알코올 음료점),2030 청년 소비층 (20~39세),중분류 (비알코올)
113,대구광역시 북구 관음동,북구,2723075000,40.31,37.78,35.1,77.02,23.02,64.13,5.37,16,13689,2695,0.1969,0.588,0.0,1418.4,7.9,1198,2.05,27230,3.0672,4463.0,584,190.4,1468.8,0.0,0,23,374.4,1.7842,0.0,562.1,0.0274,805.2,158.5,카페,2030,카페 (비알코올 음료점),2030 청년 소비층 (20~39세),중분류 (비알코올)
114,대구광역시 수성구 상동,수성구,2726062000,39.86,50.27,39.06,34.9,24.7,18.56,61.74,47,13938,2842,0.2039,1.024,0.0,1262.9,11.2,678,0.69,27260,1.3277,10497.9,986,742.6,1288.9,0.0,0,28,118.7,1.9138,0.0,102.1,0.0477,290.4,59.2,카페,2030,카페 (비알코올 음료점),2030 청년 소비층 (20~39세),중분류 (비알코올)
115,대구광역시 서구 평리3동,서구,2717064000,39.85,45.51,41.48,40.44,22.35,43.22,41.61,27,12090,2560,0.2117,0.895,0.0,1543.0,12.6,808,1.25,27170,0.7793,15513.9,647,830.2,1448.3,0.0,0,17,230.2,1.772,0.0,297.3,0.0417,431.8,91.4,카페,2030,카페 (비알코올 음료점),2030 청년 소비층 (20~39세),중분류 (비알코올)
116,대구광역시 서구 평리6동,서구,2717066100,39.58,19.5,54.56,90.94,20.0,27.25,34.56,7,5391,1417,0.2628,0.863,0.0,1724.1,2.4,317,1.82,27170,0.7464,7222.7,174,233.1,1588.9,0.0,0,10,129.4,1.7879,0.0,86.1,0.0402,673.9,177.1,카페,2030,카페 (비알코올 음료점),2030 청년 소비층 (20~39세),중분류 (비알코올)
117,대구광역시 서구 비산7동,서구,2717061000,39.41,40.94,30.6,25.34,58.25,37.68,46.98,35,9260,1843,0.199,0.921,2543.2,554.5,13.2,1162,1.43,27170,2.584,3583.6,815,315.4,513.8,0.4699,1,25,189.6,1.6054,0.3429,183.3,0.0429,257.2,51.2,카페,2030,카페 (비알코올 음료점),2030 청년 소비층 (20~39세),중분류 (비알코올)
118,대구광역시 북구 노원동,북구,2723079000,39.15,41.04,35.44,41.28,48.52,45.37,17.45,37,10954,2258,0.2061,0.719,0.0,605.3,9.9,1224,1.11,27230,3.0536,3587.2,1104,361.5,693.4,0.3207,0,44,266.5,1.7025,0.3243,326.6,0.0335,288.3,59.4,카페,2030,카페 (비알코올 음료점),2030 청년 소비층 (20~39세),중분류 (비알코올)
119,대구광역시 남구 봉덕3동,남구,2720055000,38.81,44.29,32.82,52.35,38.29,32.79,20.81,30,14003,2692,0.1922,0.751,0.0,960.6,8.4,902,1.05,27200,3.0696,4561.8,858,279.5,904.0,0.1096,0,23,221.5,1.8839,0.1667,203.4,0.035,451.7,86.8,카페,2030,카페 (비알코올 음료점),2030 청년 소비층 (20~39세),중분류 (비알코올)
120,대구광역시 서구 비산5동,서구,2717059000,38.2,36.08,8.06,10.06,93.36,21.34,81.21,19,4744,677,0.1427,1.211,7774.7,212.7,19.6,128,0.38,27170,0.3445,13770.7,337,978.2,201.9,1.0,2,4,204.0,1.6091,1.0,243.7,0.0564,237.2,33.8,카페,2030,카페 (비알코올 음료점),2030 청년 소비층 (20~39세),중분류 (비알코올)
121,대구광역시 서구 내당2·3동,서구,2717052500,38.12,37.48,19.06,68.28,65.57,27.18,2.68,11,8091,1420,0.1755,0.532,0.0,429.6,6.5,287,0.65,27170,0.4967,16289.5,443,891.9,456.6,0.6524,0,13,339.8,1.6893,0.7273,269.3,0.0248,674.2,118.3,카페,2030,카페 (비알코올 음료점),2030 청년 소비층 (20~39세),중분류 (비알코올)
122,대구광역시 동구 효목1동,동구,2714059000,38.09,40.84,23.23,46.14,38.93,39.06,45.3,33,11472,2088,0.182,0.91,0.0,841.8,8.2,901,1.16,27140,1.4646,7832.9,779,531.9,849.0,0.1592,0,32,179.1,1.7622,0.0909,271.0,0.0424,337.4,61.4,카페,2030,카페 (비알코올 음료점),2030 청년 소비층 (20~39세),중분류 (비알코올)
123,대구광역시 북구 산격2동,북구,2723062000,37.91,40.84,35.57,37.42,17.65,98.12,4.7,34,9376,1955,0.2085,0.578,0.0,2742.5,10.2,10440,8.27,27230,2.3539,3983.2,1263,536.6,2945.4,0.0,0,84,2052.4,1.5111,0.0,1734.2,0.0269,267.9,55.9,카페,2030,카페 (비알코올 음료점),2030 청년 소비층 (20~39세),중분류 (비알코올)
124,대구광역시 남구 봉덕1동,남구,2720053000,37.61,39.57,36.64,18.96,40.47,25.8,69.13,33,7680,1654,0.2154,1.088,0.0,837.7,15.2,448,0.69,27200,0.4881,15734.5,651,1333.7,815.4,0.192,0,12,195.9,1.7448,0.1515,218.2,0.0507,225.9,48.6,카페,2030,카페 (비알코올 음료점),2030 청년 소비층 (20~39세),중분류 (비알코올)
125,대구광역시 북구 산격4동,북구,2723063100,36.77,26.17,40.67,57.72,18.99,43.76,48.99,16,6961,1565,0.2248,0.934,0.0,1999.7,7.3,595,1.62,27230,0.7157,9726.1,368,514.2,2035.1,0.0,0,6,252.6,1.8845,0.0,277.4,0.0435,409.5,92.1,카페,2030,카페 (비알코올 음료점),2030 청년 소비층 (20~39세),중분류 (비알코올)
126,대구광역시 달서구 월성2동,달서구,2729060200,35.96,31.98,16.91,79.19,20.34,65.1,15.44,15,13435,2007,0.1494,0.708,0.0,1721.8,2.9,2943,6.47,27290,7.6185,1763.5,455,59.7,1831.7,0.0,0,41,250.2,1.7894,0.0,263.9,0.033,839.7,125.4,카페,2030,카페 (비알코올 음료점),2030 청년 소비층 (20~39세),중분류 (비알코올)
127,대구광역시 남구 봉덕2동,남구,2720054000,35.63,33.69,32.69,37.92,21.68,7.18,93.29,34,12852,2530,0.1969,1.552,0.0,1593.9,11.6,66,0.14,27200,3.0276,4244.9,470,155.2,1539.8,0.0,0,4,59.5,1.8229,0.0,51.5,0.0723,367.2,72.3,카페,2030,카페 (비알코올 음료점),2030 청년 소비층 (20~39세),중분류 (비알코올)
128,대구광역시 서구 평리2동,서구,2717063000,35.42,35.97,13.96,65.27,26.71,16.98,63.42,10,6820,1163,0.1705,1.041,0.0,1193.2,6.2,115,0.56,27170,0.2781,24523.6,206,740.7,1200.3,0.0,0,6,152.3,1.7598,0.0,180.0,0.0485,620.0,105.7,카페,2030,카페 (비알코올 음료점),2030 청년 소비층 (20~39세),중분류 (비알코올)
129,대구광역시 서구 비산4동,서구,2717058000,34.43,37.68,17.99,73.32,40.0,21.24,4.03,8,8143,1419,0.1743,0.552,0.0,837.0,8.5,256,0.82,27170,0.434,18762.7,311,716.6,872.3,0.0579,0,12,200.0,1.7548,0.125,178.4,0.0257,904.8,157.7,카페,2030,카페 (비알코올 음료점),2030 청년 소비층 (20~39세),중분류 (비알코올)
130,대구광역시 달성군 논공읍,달성군,2771025300,34.14,42.72,26.44,63.59,14.96,34.77,7.72,30,14804,2595,0.1753,0.631,0.0,8083.0,3.1,1664,1.63,27710,44.0501,336.1,1021,23.2,8220.1,0.0,0,42,76.6,1.7366,0.0,64.2,0.0294,477.5,83.7,카페,2030,카페 (비알코올 음료점),2030 청년 소비층 (20~39세),중분류 (비알코올)
131,대구광역시 서구 비산1동,서구,2717055000,33.45,34.9,12.48,90.94,38.12,11.27,0.0,2,7738,1248,0.1613,0.202,0.0,610.5,5.0,94,0.44,27170,0.4334,17854.2,213,491.5,505.0,0.5352,0,4,115.3,1.5363,0.0,116.0,0.0094,2579.3,416.0,카페,2030,카페 (비알코올 음료점),2030 청년 소비층 (20~39세),중분류 (비알코올)
132,대구광역시 동구 도평동,동구,2714061500,32.63,9.9,40.4,94.8,17.31,6.04,41.61,3,3371,779,0.2311,0.895,0.0,2968.0,1.0,41,0.57,27140,19.9271,169.2,72,3.6,2629.1,0.0,0,3,4.2,1.635,0.0,0.0,0.0417,842.8,194.8,카페,2030,카페 (비알코올 음료점),2030 청년 소비층 (20~39세),중분류 (비알코올)
133,대구광역시 남구 대명11동,남구,2720066000,32.6,30.84,20.27,37.58,44.23,45.7,24.5,22,7152,1338,0.1871,0.769,0.0,671.1,10.7,711,1.16,27200,0.8477,8436.9,614,724.3,687.2,0.0537,0,19,454.2,1.5689,0.1364,387.3,0.0358,311.0,58.2,카페,2030,카페 (비알코올 음료점),2030 청년 소비층 (20~39세),중분류 (비알코올)
134,대구광역시 서구 비산6동,서구,2717060000,31.43,35.44,11.68,73.82,29.06,18.56,11.74,7,6319,1053,0.1666,0.668,0.0,974.2,6.7,200,0.89,27170,0.2715,23274.4,225,828.7,935.7,0.0,0,7,166.1,1.6884,0.0,148.4,0.0311,789.9,131.6,카페,2030,카페 (비알코올 음료점),2030 청년 소비층 (20~39세),중분류 (비알코올)
135,대구광역시 달성군 가창면,달성군,2771031000,30.92,15.84,5.91,47.65,15.63,56.91,97.99,42,6719,760,0.1131,2.323,0.0,5557.4,2.5,2291,5.9,27710,110.4332,60.8,388,3.5,5522.5,0.0,0,32,134.5,1.676,0.0,191.9,0.1082,156.3,17.7,카페,2030,카페 (비알코올 음료점),2030 청년 소비층 (20~39세),중분류 (비알코올)
136,대구광역시 서구 비산2·3동,서구,2717056500,30.14,34.5,10.61,28.36,46.71,29.47,34.56,21,7550,1094,0.1449,0.863,0.0,672.6,12.0,276,0.53,27170,0.555,13603.6,523,942.3,678.0,0.3078,0,13,196.2,1.5586,0.3333,300.0,0.0402,343.2,49.7,카페,2030,카페 (비알코올 음료점),2030 청년 소비층 (20~39세),중분류 (비알코올)
137,대구광역시 서구 평리1동,서구,2717062000,28.93,30.6,12.21,77.18,30.74,9.19,2.01,7,6126,1029,0.168,0.509,0.0,911.0,4.9,68,0.23,27170,0.3656,16756.0,295,806.9,1031.4,0.0,0,4,102.6,1.7586,0.0,89.9,0.0237,765.8,128.6,카페,2030,카페 (비알코올 음료점),2030 청년 소비층 (20~39세),중분류 (비알코올)
138,대구광역시 북구 검단동,북구,2723068000,28.22,14.26,12.89,84.9,17.98,46.58,12.75,6,5414,931,0.172,0.678,0.0,2523.6,1.5,574,3.02,27230,3.7681,1436.8,190,50.4,2658.8,0.0,0,6,208.6,1.7306,0.0,211.0,0.0316,773.4,133.0,카페,2030,카페 (비알코올 음료점),2030 청년 소비층 (20~39세),중분류 (비알코올)
139,대구광역시 달서구 상인3동,달서구,2729062600,26.38,25.64,8.99,45.47,25.03,47.05,16.11,12,9445,1230,0.1302,0.711,0.0,1260.2,12.0,464,1.28,27290,3.3085,2854.8,363,109.7,1319.7,0.0,0,13,327.8,1.7064,0.0,417.5,0.0331,726.5,94.6,카페,2030,카페 (비알코올 음료점),2030 청년 소비층 (20~39세),중분류 (비알코올)
140,대구광역시 북구 산격1동,북구,2723061000,25.31,25.54,8.12,79.03,18.32,7.51,6.71,7,7370,1004,0.1362,0.608,0.0,2269.0,3.1,69,0.28,27230,0.8679,8491.8,247,284.6,2197.3,0.0,0,5,71.8,1.7525,0.0,51.1,0.0283,921.2,125.5,카페,2030,카페 (비알코올 음료점),2030 청년 소비층 (20~39세),중분류 (비알코올)
141,대구광역시 북구 침산1동,북구,2723055000,24.38,14.23,9.4,55.04,22.68,11.41,54.36,9,3441,569,0.1654,0.985,0.0,1504.8,2.8,115,0.59,27230,1.4697,2341.3,196,133.4,1796.3,0.0,0,6,93.6,1.733,0.0,83.9,0.0459,344.1,56.9,카페,2030,카페 (비알코올 음료점),2030 청년 소비층 (20~39세),중분류 (비알코올)
142,대구광역시 군위군 군위읍,군위군,2772025000,23.57,22.78,8.32,39.1,11.61,2.52,72.15,29,7901,1073,0.1358,1.114,0.0,30763.5,7.9,0,0.0,27720,82.95,95.3,559,6.7,30678.1,0.0,0,0,0.0,1.7561,0.0,0.0,0.0519,263.4,35.8,카페,2030,카페 (비알코올 음료점),2030 청년 소비층 (20~39세),중분류 (비알코올)
143,대구광역시 군위군 부계면,군위군,2772033000,22.49,8.19,3.36,48.99,13.96,2.52,96.64,14,2106,164,0.0779,1.926,0.0,14718.4,1.1,0,0.0,27720,65.1498,32.3,156,2.4,14132.4,0.0,0,0,0.0,1.5238,0.0,0.0,0.0897,140.4,10.9,카페,2030,카페 (비알코올 음료점),2030 청년 소비층 (20~39세),중분류 (비알코올)
144,대구광역시 군위군 산성면,군위군,2772036000,21.73,6.84,0.4,49.0,13.29,2.52,100.0,6,1201,54,0.045,2.862,0.0,22314.6,1.0,0,0.0,27720,36.9047,32.5,45,1.2,21435.4,0.0,0,0,0.0,1.3772,0.0,0.0,0.1333,171.6,7.7,카페,2030,카페 (비알코올 음료점),2030 청년 소비층 (20~39세),중분류 (비알코올)
145,대구광역시 군위군 의흥면,군위군,2772035000,21.42,8.66,1.61,43.12,12.28,2.52,99.33,11,2217,129,0.0582,2.568,0.0,27388.6,4.7,0,0.0,27720,54.4298,40.7,92,1.7,27468.0,0.0,0,0,0.0,1.3958,0.0,0.0,0.1196,184.8,10.8,카페,2030,카페 (비알코올 음료점),2030 청년 소비층 (20~39세),중분류 (비알코올)
146,대구광역시 군위군 소보면,군위군,2772031000,20.91,7.79,2.28,42.96,11.27,2.52,97.32,6,2221,132,0.0594,2.044,0.0,33752.0,5.0,0,0.0,27720,99.6768,22.3,63,0.6,34386.7,0.0,0,0,0.0,1.6534,0.0,0.0,0.0952,317.3,18.9,카페,2030,카페 (비알코올 음료점),2030 청년 소비층 (20~39세),중분류 (비알코올)
147,대구광역시 달성군 하빈면,달성군,2771033000,20.53,10.0,4.7,55.04,16.64,39.6,18.79,6,3104,310,0.0999,0.728,0.0,3811.7,0.3,850,4.8,27710,37.7234,82.3,177,4.7,3593.4,0.0,0,16,16.9,1.703,0.0,14.3,0.0339,443.4,44.3,카페,2030,카페 (비알코올 음료점),2030 청년 소비층 (20~39세),중분류 (비알코올)
148,대구광역시 군위군 삼국유사면,군위군,2772037000,19.94,6.27,0.27,52.02,12.61,2.52,80.54,2,1330,57,0.0429,1.194,0.0,22889.7,0.0,0,0.0,27720,115.041,11.6,36,0.3,24412.0,0.0,0,0,0.0,1.542,0.0,0.0,0.0556,443.3,19.0,카페,2030,카페 (비알코올 음료점),2030 청년 소비층 (20~39세),중분류 (비알코올)
149,대구광역시 군위군 우보면,군위군,2772034000,16.77,7.11,2.14,53.36,11.94,2.52,41.61,2,1937,122,0.063,0.895,0.0,27883.5,1.0,0,0.0,27720,60.4878,32.0,48,0.8,27265.0,0.0,0,0,0.0,1.6422,0.0,0.0,0.0417,645.7,40.7,카페,2030,카페 (비알코올 음료점),2030 청년 소비층 (20~39세),중분류 (비알코올)
150,대구광역시 군위군 효령면,군위군,2772032000,16.39,9.8,4.03,54.02,12.95,2.52,23.49,5,3639,297,0.0816,0.766,0.0,22590.5,1.2,0,0.0,27720,96.6177,37.7,140,1.4,19823.3,0.0,0,0,0.0,1.6874,0.0,0.0,0.0357,606.5,49.5,카페,2030,카페 (비알코올 음료점),2030 청년 소비층 (20~39세),중분류 (비알코올)
1,대구광역시 달서구 진천동,달서구,2729061500,71.54,85.24,69.73,47.15,69.26,73.16,72.48,334,49267,49267,1.0,1.183,33114.2,577.0,40.7,3768,1.83,27290,5.3271,9248.4,2063,387.3,538.6,0.6757,3,95,557.9,1.7891,0.6198,550.4,0.1619,147.1,147.1,한식,all,한식 음식점,전체 인구,중분류 (한식 음식점)
2,대구광역시 달서구 상인1동,달서구,2729062400,70.53,90.67,67.85,71.14,65.23,83.62,9.4,87,31919,31919,1.0,0.606,20963.7,549.6,41.1,2895,2.76,27290,1.4947,21354.8,1050,702.5,455.1,0.5638,1,54,886.7,1.7616,0.4253,862.1,0.0829,362.7,362.7,한식,all,한식 음식점,전체 인구,중분류 (한식 음식점)
3,대구광역시 달성군 다사읍,달성군,2771025600,70.27,78.79,70.0,73.82,46.71,67.65,77.85,396,88904,88904,1.0,1.249,24793.4,1368.6,31.1,4705,2.03,27710,36.8156,2414.8,2317,62.9,1242.5,0.3423,3,133,475.8,1.7768,0.2677,401.8,0.1709,223.9,223.9,한식,all,한식 음식점,전체 인구,중분류 (한식 음식점)
4,대구광역시 북구 구암동,북구,2723074500,69.84,74.9,66.51,53.36,85.5,50.17,82.21,184,30230,30230,1.0,1.299,15065.5,342.6,40.3,2117,2.05,27230,4.1947,7206.7,1035,246.7,349.2,0.7449,3,41,403.8,1.7552,0.7609,234.7,0.1778,163.4,163.4,한식,all,한식 음식점,전체 인구,중분류 (한식 음식점)
5,대구광역시 수성구 범어1동,수성구,2726051000,69.83,83.59,63.02,32.04,97.79,82.42,44.3,136,22679,22679,1.0,1.006,19467.9,216.8,66.3,2378,2.41,27260,1.1852,19135.2,988,833.6,239.4,0.996,2,34,1056.3,1.9254,1.0,1133.2,0.1377,165.5,165.5,한식,all,한식 음식점,전체 인구,중분류 (한식 음식점)
6,대구광역시 동구 안심4동,동구,2714074700,69.72,74.73,64.9,81.2,81.41,71.08,28.19,116,26289,26289,1.0,0.861,13918.2,402.7,21.7,2726,2.77,27140,2.572,10221.2,985,383.0,390.0,0.7503,2,66,438.1,1.8606,0.8276,419.2,0.1178,224.7,224.7,한식,all,한식 음식점,전체 인구,중분류 (한식 음식점)
7,대구광역시 동구 신암4동,동구,2714054000,69.55,68.86,58.72,75.5,82.89,84.9,48.99,74,18383,18383,1.0,1.037,43556.8,388.0,32.6,2706,5.19,27140,1.1656,15771.3,521,447.0,378.4,0.7179,2,29,569.0,1.8721,0.7162,603.2,0.142,245.1,245.1,한식,all,한식 음식점,전체 인구,중분류 (한식 음식점)
8,대구광역시 달서구 감삼동,달서구,2729055500,68.93,92.55,67.32,35.57,77.92,59.8,46.98,204,31125,31125,1.0,1.017,12921.8,418.8,50.9,1705,1.16,27290,1.1434,27221.4,1465,1281.3,450.0,0.641,1,37,514.2,1.8307,0.7353,521.5,0.1392,151.8,151.8,한식,all,한식 음식점,전체 인구,중분류 (한식 음식점)
9,대구광역시 북구 칠성동,북구,2723052600,68.56,85.17,63.56,51.84,74.23,87.68,26.17,158,23657,23657,1.0,0.855,23713.1,464.4,37.9,4486,3.33,27230,1.3907,17010.9,1349,970.0,435.4,0.6308,2,51,877.9,1.5237,0.5696,838.8,0.1171,148.8,148.8,한식,all,한식 음식점,전체 인구,중분류 (한식 음식점)
10,대구광역시 달성군 화원읍,달성군,2771025000,68.5,76.04,69.46,69.46,70.6,41.41,66.44,233,45354,45354,1.0,1.126,17158.0,549.3,31.4,2363,1.56,27710,25.9877,1745.2,1512,58.2,477.2,0.6104,2,64,174.0,1.7733,0.6438,152.3,0.1541,193.8,193.8,한식,all,한식 음식점,전체 인구,중분류 (한식 음식점)
11,대구광역시 동구 안심1동,동구,2714072000,68.26,84.53,68.93,32.89,76.31,60.27,67.11,276,37158,37158,1.0,1.135,15850.8,426.4,49.4,2910,1.64,27140,3.4892,10649.4,1776,509.0,428.2,0.5923,2,56,451.6,1.7618,0.5797,334.3,0.1554,134.1,134.1,한식,all,한식 음식점,전체 인구,중분류 (한식 음식점)
12,대구광역시 달서구 이곡1동,달서구,2729057600,68.17,70.04,60.07,45.64,85.64,89.06,65.44,128,19663,19663,1.0,1.117,15640.1,366.4,42.7,2777,3.32,27290,1.8033,10903.9,837,464.1,366.7,0.8339,2,56,1398.8,1.8622,0.875,1156.8,0.1529,152.4,152.4,한식,all,한식 음식점,전체 인구,중분류 (한식 음식점)
13,대구광역시 달서구 용산1동,달서구,2729057100,67.5,83.83,65.17,53.36,64.83,65.51,50.34,144,27808,27808,1.0,1.051,12948.6,545.4,43.6,2800,2.8,27290,1.4578,19075.3,1001,686.7,500.2,0.5395,1,27,594.5,1.8138,0.4514,331.1,0.1439,191.8,191.8,한식,all,한식 음식점,전체 인구,중분류 (한식 음식점)
14,대구광역시 북구 동천동,북구,2723078000,65.88,86.88,64.36,25.17,72.35,90.27,32.89,176,24635,24635,1.0,0.9,8538.0,453.5,65.3,4100,2.87,27230,1.0632,23170.6,1429,1344.1,430.1,0.6767,1,118,1498.7,1.7811,0.625,1431.4,0.1232,139.2,139.2,한식,all,한식 음식점,전체 인구,중분류 (한식 음식점)
15,대구광역시 수성구 고산3동,수성구,2726069000,65.47,67.78,66.24,78.53,80.0,56.21,24.83,98,29136,29136,1.0,0.851,8180.9,382.2,31.6,994,1.18,27260,5.2954,5502.1,841,158.8,377.6,0.8193,1,35,511.9,1.8415,0.8061,493.3,0.1165,294.3,294.3,한식,all,한식 음식점,전체 인구,중분류 (한식 음식점)
16,대구광역시 수성구 고산1동,수성구,2726067000,65.16,72.28,67.05,77.52,57.38,77.85,20.47,129,31066,31066,1.0,0.833,11318.1,707.2,30.3,2849,2.52,27260,8.624,3602.3,1132,131.3,600.7,0.4735,1,43,613.8,1.7871,0.4496,602.1,0.114,239.0,239.0,한식,all,한식 음식점,전체 인구,중분류 (한식 음식점)
17,대구광역시 달서구 유천동,달서구,2729061700,65.03,73.86,68.66,87.58,48.72,74.23,12.75,65,32864,32864,1.0,0.652,0.0,596.2,28.8,1643,2.26,27290,1.3119,25050.7,728,554.9,622.7,0.2788,0,41,613.2,1.8499,0.3231,685.1,0.0893,497.9,497.9,한식,all,한식 음식점,전체 인구,중분류 (한식 음식점)
18,대구광역시 북구 국우동,북구,2723080000,64.53,61.41,65.97,63.08,57.05,65.71,83.22,168,29112,29112,1.0,1.303,3118.2,674.3,32.8,2431,2.58,27230,16.9087,1721.7,942,55.7,759.4,0.4586,2,41,272.2,1.7701,0.4762,380.1,0.1783,172.3,172.3,한식,all,한식 음식점,전체 인구,중분류 (한식 음식점)
19,대구광역시 수성구 고산2동,수성구,2726068000,63.74,67.85,64.63,78.53,69.33,66.04,16.78,130,25533,25533,1.0,0.748,11450.8,522.8,19.6,6126,4.82,27260,24.337,1049.1,1270,52.2,499.8,0.5976,3,88,249.9,1.894,0.6154,247.1,0.1024,194.9,194.9,한식,all,한식 음식점,전체 인구,중분류 (한식 음식점)
20,대구광역시 북구 관문동,북구,2723071500,63.66,64.33,68.12,84.56,40.47,61.14,58.72,121,31975,31975,1.0,1.093,7033.3,1599.7,23.4,2576,3.18,27230,14.8231,2157.1,809,54.6,1662.6,0.3498,3,64,205.6,1.7905,0.3884,256.3,0.1496,262.1,262.1,한식,all,한식 음식점,전체 인구,중분류 (한식 음식점)
21,대구광역시 북구 태전2동,북구,2723073500,63.12,67.82,62.48,53.36,76.04,66.04,42.62,130,21610,21610,1.0,0.988,3795.2,403.3,40.9,2036,2.12,27230,2.0691,10444.2,961,464.5,413.0,0.7815,1,51,470.0,1.797,0.8231,432.5,0.1353,165.0,165.0,한식,all,한식 음식점,전체 인구,중분류 (한식 음식점)
22,대구광역시 달서구 월성1동,달서구,2729060100,62.61,80.54,69.2,41.61,38.46,87.72,38.26,191,39423,39423,1.0,0.97,0.0,864.0,65.1,4066,2.83,27290,1.9323,20402.1,1438,744.2,899.2,0.096,0,70,1080.4,1.8341,0.0785,1045.7,0.1328,205.3,205.3,한식,all,한식 음식점,전체 인구,중분류 (한식 음식점)
23,"대구광역시 달서구 두류1,2동",달서구,2729053500,62.1,68.36,54.7,29.53,92.96,89.2,33.56,119,15672,15672,1.0,0.91,15669.8,291.8,51.3,3657,3.83,27290,1.2776,12266.8,955,747.5,325.6,0.8597,2,36,680.4,1.903,0.9328,879.5,0.1246,130.6,130.6,한식,all,한식 음식점,전체 인구,중분류 (한식 음식점)
24,대구광역시 수성구 만촌3동,수성구,2726056100,61.3,70.03,61.41,92.28,73.45,30.78,0.67,40,20523,20523,1.0,0.397,14504.4,448.3,20.2,797,1.08,27260,1.6947,12110.1,735,433.7,416.1,0.5578,2,13,188.8,1.9243,0.5,188.6,0.0544,500.6,500.6,한식,all,한식 음식점,전체 인구,중분류 (한식 음식점)
25,대구광역시 수성구 수성1가동,수성구,2726057000,61.16,73.99,56.58,83.9,78.86,28.32,4.03,48,16970,16970,1.0,0.495,11615.6,392.8,29.5,364,0.51,27260,0.6383,26586.2,708,1109.2,306.7,0.8814,1,13,357.1,1.9594,0.6875,272.9,0.0678,346.3,346.3,한식,all,한식 음식점,전체 인구,중분류 (한식 음식점)
26,대구광역시 수성구 범어2동,수성구,2726052000,60.79,69.03,53.62,70.81,69.2,80.23,3.36,67,15345,15345,1.0,0.447,10699.6,498.3,35.1,2861,2.62,27260,1.0094,15202.1,1094,1083.8,482.8,0.5384,1,42,1064.7,1.8705,0.5224,673.3,0.0612,225.7,225.7,한식,all,한식 음식점,전체 인구,중분류 (한식 음식점)
27,대구광역시 달서구 신당동,달서구,2729058500,60.29,75.64,65.44,19.46,58.99,77.78,49.66,353,27882,27882,1.0,1.046,24240.6,763.6,51.7,7236,2.94,27290,9.211,3027.0,2465,267.6,821.4,0.4365,2,113,477.8,1.7073,0.4476,460.3,0.1432,78.8,78.8,한식,all,한식 음식점,전체 인구,중분류 (한식 음식점)
28,대구광역시 달서구 송현2동,달서구,2729064000,60.11,74.03,57.65,20.3,74.7,46.07,75.17,170,17618,17618,1.0,1.229,7829.2,419.1,57.4,831,0.82,27290,0.9693,18176.0,1011,1043.0,449.2,0.6281,1,33,378.6,1.7597,0.6824,413.6,0.1682,103.0,103.0,한식,all,한식 음식점,전체 인구,중분류 (한식 음식점)
29,대구광역시 수성구 지산1동,수성구,2726065100,59.1,65.57,59.26,26.51,83.83,67.59,42.62,176,18617,18617,1.0,0.988,5358.9,319.1,49.5,1776,1.37,27260,2.8948,6431.2,1301,449.4,326.2,0.9101,1,63,541.8,1.8658,0.8807,627.1,0.1353,105.2,105.2,한식,all,한식 음식점,전체 인구,중분류 (한식 음식점)
30,대구광역시 북구 태전1동,북구,2723072500,58.4,64.33,62.22,45.3,54.76,56.71,59.73,122,21074,21074,1.0,1.095,3814.3,607.9,47.5,1588,1.95,27230,2.5135,8384.3,814,323.9,633.0,0.2862,1,23,327.5,1.7551,0.2705,337.6,0.1499,171.3,171.3,한식,all,한식 음식점,전체 인구,중분류 (한식 음식점)
31,대구광역시 남구 대명2동,남구,2720057100,58.21,65.84,53.36,44.97,92.76,40.43,30.87,97,15229,15229,1.0,0.887,7568.7,231.0,43.4,780,0.98,27200,0.8755,17394.6,799,912.6,253.3,0.9862,1,20,331.0,1.8046,1.0,321.6,0.1214,155.4,155.4,한식,all,한식 음식점,전체 인구,중분류 (한식 음식점)
32,대구광역시 달서구 죽전동,달서구,2729056300,57.98,69.8,51.21,30.88,85.71,62.89,30.2,115,14344,14344,1.0,0.883,13243.8,343.6,49.3,1402,1.47,27290,0.7849,18274.9,951,1211.6,343.2,0.8107,1,42,580.0,1.8808,0.8435,520.2,0.1209,123.7,123.7,한식,all,한식 음식점,전체 인구,중분류 (한식 음식점)
33,대구광역시 달서구 본리동,달서구,2729059000,57.67,67.85,63.29,47.32,25.84,56.31,80.54,127,22993,22993,1.0,1.284,0.0,1198.1,48.5,1195,1.65,27290,1.0774,21341.2,723,671.1,1208.5,0.0,0,48,381.0,1.8016,0.0,378.9,0.1757,179.6,179.6,한식,all,한식 음식점,전체 인구,중분류 (한식 음식점)
34,대구광역시 동구 지저동,동구,2714064000,57.37,41.98,46.38,46.64,75.23,79.53,92.62,78,12323,12323,1.0,1.5,9062.4,415.8,43.0,2021,5.32,27140,2.2358,5511.7,380,170.0,469.2,0.5684,1,12,412.7,1.6623,0.6026,531.3,0.2053,156.0,156.0,한식,all,한식 음식점,전체 인구,중분류 (한식 음식점)
35,대구광역시 동구 안심3동,동구,2714074200,57.06,57.28,60.6,78.86,65.84,37.98,22.48,82,19897,19897,1.0,0.839,6999.1,492.8,29.3,913,1.28,27140,5.8689,3390.2,714,121.7,457.1,0.556,1,29,232.8,1.9059,0.4512,229.9,0.1148,239.7,239.7,한식,all,한식 음식점,전체 인구,중분류 (한식 음식점)
36,대구광역시 수성구 지산2동,수성구,2726065200,56.99,62.55,58.46,73.82,73.42,37.08,7.38,64,18149,18149,1.0,0.594,4126.8,428.4,35.8,928,1.18,27260,1.6406,11062.4,787,479.7,398.0,0.8119,1,26,289.4,1.9254,0.75,231.4,0.0813,279.2,279.2,한식,all,한식 음식점,전체 인구,중분류 (한식 음식점)
37,대구광역시 중구 성내3동,중구,2711058500,56.97,55.77,48.79,79.03,85.2,22.18,36.24,57,13643,13643,1.0,0.938,5778.9,309.0,28.8,259,0.58,27110,0.7455,18300.5,444,595.6,332.9,0.9302,1,12,257.9,1.9273,0.8947,228.6,0.1284,235.2,235.2,한식,all,한식 음식점,전체 인구,중분류 (한식 음식점)
38,대구광역시 중구 남산4동,중구,2711067000,56.65,57.58,54.97,84.22,72.41,38.12,10.74,34,15842,15842,1.0,0.617,0.0,352.8,30.6,481,1.19,27110,0.449,35282.9,403,897.6,351.8,0.8164,0,16,308.4,1.9455,0.7941,271.9,0.0844,452.6,452.6,한식,all,한식 음식점,전체 인구,중분류 (한식 음식점)
39,대구광역시 달서구 용산2동,달서구,2729057200,56.34,59.93,64.09,67.78,40.07,29.53,64.09,79,24584,24584,1.0,1.114,0.0,771.1,41.6,678,1.31,27290,1.5398,15965.7,518,336.4,752.7,0.1409,0,19,147.4,1.7934,0.0506,151.3,0.1525,307.3,307.3,한식,all,한식 음식점,전체 인구,중분류 (한식 음식점)
40,대구광역시 북구 침산2동,북구,2723056000,56.29,60.87,58.19,76.84,25.17,78.72,32.21,73,17835,17835,1.0,0.899,0.0,1245.6,31.3,2202,3.71,27230,0.8533,20901.2,593,694.9,1297.3,0.0,0,23,684.5,1.8863,0.0,554.3,0.1231,241.0,241.0,한식,all,한식 음식점,전체 인구,중분류 (한식 음식점)
41,대구광역시 북구 읍내동,북구,2723077000,56.04,57.78,63.82,60.74,28.19,69.6,56.38,147,24576,24576,1.0,1.083,0.0,976.3,35.5,1572,1.59,27230,5.6904,4318.9,991,174.2,977.2,0.0,0,37,601.6,1.7105,0.0,628.1,0.1483,166.1,166.1,한식,all,한식 음식점,전체 인구,중분류 (한식 음식점)
42,대구광역시 동구 신천3동,동구,2714057000,55.91,58.62,52.55,62.58,57.78,80.17,17.45,79,14835,14835,1.0,0.75,0.0,505.2,37.3,1998,2.59,27140,0.7179,20664.4,770,1072.6,542.0,0.4195,0,48,1228.0,1.9695,0.4684,899.5,0.1026,185.4,185.4,한식,all,한식 음식점,전체 인구,중분류 (한식 음식점)
43,대구광역시 수성구 두산동,수성구,2726064000,55.89,62.89,52.82,8.72,59.06,77.72,85.23,286,14840,14840,1.0,1.341,4499.5,552.6,58.2,3584,2.3,27260,1.8605,7976.4,1558,837.4,524.0,0.4589,1,72,732.3,1.7103,0.4161,600.6,0.1836,51.7,51.7,한식,all,한식 음식점,전체 인구,중분류 (한식 음식점)
44,대구광역시 동구 신천1·2동,동구,2714055500,55.8,55.64,44.23,70.13,86.71,19.09,48.32,54,10994,10994,1.0,1.027,9575.6,298.6,32.4,301,0.78,27140,0.4677,23506.5,384,821.0,304.5,0.8438,1,10,149.9,1.8643,0.8704,145.5,0.1406,199.9,199.9,한식,all,한식 음식점,전체 인구,중분류 (한식 음식점)
45,대구광역시 서구 내당1동,서구,2717051000,55.8,54.63,52.01,45.3,51.61,76.31,68.46,72,14683,14683,1.0,1.141,0.0,577.9,56.6,1153,2.5,27170,0.5707,25728.1,461,807.8,613.4,0.3362,0,27,826.7,1.842,0.4583,974.6,0.1562,201.1,201.1,한식,all,한식 음식점,전체 인구,중분류 (한식 음식점)
46,대구광역시 수성구 범어4동,수성구,2726054000,55.71,64.96,58.99,41.28,78.29,56.17,8.72,95,18446,18446,1.0,0.603,0.0,296.8,59.8,974,0.85,27260,1.1922,15472.2,1151,965.4,382.2,0.7541,0,29,516.8,1.7887,0.8947,591.5,0.0825,192.1,192.1,한식,all,한식 음식점,전체 인구,중분류 (한식 음식점)
47,대구광역시 동구 동촌동,동구,2714065500,55.57,43.19,49.33,59.74,59.86,60.13,87.92,103,13815,13815,1.0,1.358,4475.3,540.6,24.2,1690,3.05,27140,4.4612,3096.7,554,124.2,510.3,0.4116,1,31,352.6,1.7752,0.3398,280.2,0.1859,132.8,132.8,한식,all,한식 음식점,전체 인구,중분류 (한식 음식점)
48,대구광역시 달서구 도원동,달서구,2729062800,55.38,52.85,66.78,77.52,20.47,57.65,57.05,98,30857,30857,1.0,1.086,0.0,1744.5,33.1,1977,3.0,27290,11.188,2758.0,659,58.9,1382.2,0.0,0,41,337.0,1.7287,0.0,251.9,0.1487,311.7,311.7,한식,all,한식 음식점,전체 인구,중분류 (한식 음식점)
49,대구광역시 달성군 유가읍,달성군,2771025900,55.31,57.89,67.58,34.73,14.09,91.21,79.87,195,31236,31236,1.0,1.276,0.0,12322.6,57.4,4302,3.85,27710,56.1887,555.9,1117,19.9,12162.5,0.0,0,60,1047.5,1.7554,0.0,979.0,0.1746,159.4,159.4,한식,all,한식 음식점,전체 인구,중분류 (한식 음식점)
50,대구광역시 북구 무태조야동,북구,2723069500,54.9,60.47,68.39,72.65,16.11,42.45,55.23,179,32499,32499,1.0,1.08,0.0,3848.1,27.5,1749,1.44,27230,22.8763,1420.6,1211,52.9,3904.0,0.0,0,48,240.2,1.8693,0.0,192.8,0.1478,180.6,180.6,한식,all,한식 음식점,전체 인구,중분류 (한식 음식점)
51,대구광역시 수성구 범어3동,수성구,2726053000,54.85,71.34,57.12,25.5,56.51,81.08,16.11,117,17016,17016,1.0,0.74,0.0,511.3,65.4,2389,2.07,27260,0.5836,29157.0,1155,1979.1,503.0,0.4978,0,39,1299.8,1.8564,0.4615,1137.0,0.1013,144.2,144.2,한식,all,한식 음식점,전체 인구,중분류 (한식 음식점)
52,대구광역시 북구 복현2동,북구,2723067200,54.79,63.59,65.7,77.34,22.15,61.01,15.44,65,28733,28733,1.0,0.732,0.0,1542.1,37.3,1348,2.08,27230,1.8078,15893.9,649,359.0,1620.2,0.0,0,39,355.2,1.8941,0.0,402.1,0.1002,435.3,435.3,한식,all,한식 음식점,전체 인구,중분류 (한식 음식점)
53,대구광역시 북구 고성동,북구,2723051000,54.14,55.74,51.74,18.12,55.57,63.56,96.64,119,14603,14603,1.0,1.732,0.0,514.6,72.8,694,1.38,27230,0.52,28082.7,502,965.4,502.8,0.4641,0,9,698.5,1.5975,0.4538,853.7,0.2371,121.7,121.7,한식,all,한식 음식점,전체 인구,중분류 (한식 음식점)
54,대구광역시 달서구 상인2동,달서구,2729062500,53.71,65.0,56.04,6.88,51.68,50.91,91.28,229,16737,16737,1.0,1.411,0.0,581.2,66.3,927,0.78,27290,0.9567,17494.5,1185,1238.6,510.6,0.5401,0,33,566.3,1.6938,0.4629,496.4,0.1932,72.8,72.8,한식,all,한식 음식점,전체 인구,중분류 (한식 음식점)
55,대구광역시 달서구 송현1동,달서구,2729063000,53.71,57.58,55.24,52.02,79.33,35.34,21.48,96,15927,15927,1.0,0.838,6693.2,377.5,41.2,743,0.89,27290,2.4579,6479.9,837,340.5,366.2,0.7921,1,22,209.0,1.8609,0.8125,264.8,0.1147,164.2,164.2,한식,all,한식 음식점,전체 인구,중분류 (한식 음식점)
56,대구광역시 서구 원대동,서구,2717069500,53.34,48.56,42.62,37.25,89.73,35.54,76.51,72,9963,9963,1.0,1.24,7453.5,275.6,45.6,475,1.12,27170,0.6219,16020.3,424,681.8,291.4,0.9009,1,18,230.3,1.6358,0.9167,259.4,0.1698,136.5,136.5,한식,all,한식 음식점,전체 인구,중분류 (한식 음식점)
57,대구광역시 수성구 만촌1동,수성구,2726055000,53.16,56.54,61.14,83.72,26.17,66.78,8.05,70,20174,20174,1.0,0.601,0.0,1177.0,27.5,2268,2.67,27260,2.6991,7474.3,851,315.3,1236.9,0.0,0,39,434.8,1.9356,0.0,398.9,0.0823,284.1,284.1,한식,all,한식 음식점,전체 인구,중분류 (한식 음식점)
58,대구광역시 북구 침산3동,북구,2723057000,53.1,55.91,57.92,80.2,23.49,72.45,19.46,59,17704,17704,1.0,0.797,0.0,1417.5,30.7,1418,2.62,27230,1.0462,16922.2,541,517.1,1374.8,0.0,0,27,644.1,1.8583,0.0,587.8,0.1091,295.1,295.1,한식,all,한식 음식점,전체 인구,중분류 (한식 음식점)
59,대구광역시 동구 안심2동,동구,2714073000,53.03,44.03,56.84,91.44,43.96,45.84,35.57,50,17002,17002,1.0,0.927,3810.8,1094.9,8.9,1493,3.79,27140,13.3309,1275.4,394,29.6,844.7,0.3046,1,43,159.2,1.8547,0.3,122.1,0.1269,333.4,333.4,한식,all,한식 음식점,전체 인구,중분류 (한식 음식점)
60,대구광역시 달서구 성당동,달서구,2729051500,52.92,60.67,60.87,50.67,36.58,56.98,37.58,138,19920,19920,1.0,0.961,0.0,898.0,37.7,2331,2.22,27290,1.9869,10025.7,1049,528.0,917.0,0.0143,0,41,251.2,1.8319,0.0145,284.5,0.1316,143.3,143.3,한식,all,한식 음식점,전체 인구,중분류 (한식 음식점)
61,대구광역시 수성구 범물2동,수성구,2726066200,52.52,41.91,54.16,91.61,75.3,38.15,2.68,25,15526,15526,1.0,0.441,0.0,367.9,21.8,590,1.43,27260,2.122,7316.7,414,195.1,382.0,0.8309,0,14,463.5,1.9377,0.96,239.3,0.0604,597.2,597.2,한식,all,한식 음식점,전체 인구,중분류 (한식 음식점)
62,대구광역시 남구 대명3동,남구,2720058600,52.39,56.34,46.11,26.51,74.7,46.74,64.09,144,12166,12166,1.0,1.114,5897.8,417.2,45.0,1055,1.12,27200,0.9315,13060.7,944,1013.4,415.9,0.7119,1,20,338.9,1.8061,0.6944,339.5,0.1525,83.9,83.9,한식,all,한식 음식점,전체 인구,중분류 (한식 음식점)
63,대구광역시 수성구 수성2·3가동,수성구,2726058000,52.24,51.64,42.88,31.2,90.2,68.12,31.54,88,10185,10185,1.0,0.891,5644.8,285.1,45.9,1441,2.0,27260,0.6602,15427.1,722,1093.6,276.9,0.9848,1,24,550.7,1.8895,1.0,561.7,0.1219,114.4,114.4,한식,all,한식 음식점,전체 인구,중분류 (한식 음식점)
64,대구광역시 달서구 두류3동,달서구,2729055000,52.22,48.08,40.47,3.36,94.9,63.76,85.91,144,8931,8931,1.0,1.347,14138.0,226.1,88.2,954,1.22,27290,1.2035,7420.9,781,648.9,263.5,0.9104,1,23,712.8,1.7883,0.9722,716.3,0.1844,61.6,61.6,한식,all,한식 음식점,전체 인구,중분류 (한식 음식점)
65,대구광역시 동구 혁신동,동구,2714075500,52.14,46.51,55.5,51.34,30.2,97.52,51.01,149,16501,16501,1.0,1.061,0.0,907.2,30.2,8600,8.38,27140,17.0739,966.4,1026,60.1,1007.5,0.0,0,102,1121.3,1.8826,0.0,1552.7,0.1452,110.0,110.0,한식,all,한식 음식점,전체 인구,중분류 (한식 음식점)
66,대구광역시 달성군 옥포읍,달성군,2771026200,51.74,47.35,62.75,70.81,15.77,29.33,90.6,139,22138,22138,1.0,1.39,0.0,4353.1,13.8,937,1.28,27710,47.4421,466.6,731,15.4,4106.1,0.0,0,39,152.0,1.7783,0.0,133.5,0.1902,158.1,158.1,한식,all,한식 음식점,전체 인구,중분류 (한식 음식점)
67,대구광역시 남구 대명5동,남구,2720060000,51.55,46.84,40.2,23.32,89.8,78.59,46.31,84,8896,8896,1.0,1.011,11071.1,239.7,53.6,2694,4.44,27200,0.74,12021.6,607,820.3,256.8,0.8666,1,20,557.7,1.8206,0.869,491.2,0.1384,104.7,104.7,한식,all,한식 음식점,전체 인구,중분류 (한식 음식점)
68,대구광역시 달서구 이곡2동,달서구,2729057700,51.48,45.34,50.14,11.74,58.39,96.11,77.18,148,14054,14054,1.0,1.244,0.0,555.7,75.2,4290,4.94,27290,2.2612,6215.3,869,384.3,594.7,0.6479,0,81,1744.6,1.7889,0.7432,2004.2,0.1703,94.3,94.3,한식,all,한식 음식점,전체 인구,중분류 (한식 음식점)
69,대구광역시 달성군 현풍읍,달성군,2771026500,51.25,54.8,61.95,27.85,14.43,68.79,91.95,280,20887,20887,1.0,1.49,0.0,12109.1,42.6,3238,2.36,27710,24.3321,858.4,1373,56.4,12264.0,0.0,0,76,500.4,1.6722,0.0,413.1,0.2039,74.3,74.3,한식,all,한식 음식점,전체 인구,중분류 (한식 음식점)
70,대구광역시 중구 남산2동,중구,2711065000,50.68,55.0,37.25,29.53,95.84,73.16,6.04,47,7394,7394,1.0,0.579,82629.0,293.7,63.0,863,1.46,27110,0.3916,18881.5,593,1514.3,289.0,1.0,4,11,1474.2,1.9141,1.0,2122.8,0.0793,154.0,154.0,한식,all,한식 음식점,전체 인구,중분류 (한식 음식점)
71,대구광역시 북구 대현동,북구,2723064500,50.42,58.89,54.43,45.64,40.54,35.0,54.36,118,15618,15618,1.0,1.076,0.0,816.3,38.2,786,0.98,27230,0.855,18266.7,801,936.8,879.3,0.1423,0,23,239.0,1.7877,0.2203,252.5,0.1473,131.2,131.2,한식,all,한식 음식점,전체 인구,중분류 (한식 음식점)
72,대구광역시 수성구 범물1동,수성구,2726066100,50.32,34.66,42.35,67.28,74.8,56.11,45.3,51,9654,9654,1.0,1.007,11108.8,516.0,32.0,781,2.11,27260,5.8003,1664.4,370,63.8,338.1,0.9676,2,13,815.3,1.6642,0.902,394.8,0.1378,185.7,185.7,한식,all,한식 음식점,전체 인구,중분류 (한식 음식점)
73,대구광역시 남구 대명1동,남구,2720056000,50.13,49.7,41.01,41.95,85.27,18.99,60.4,51,9242,9242,1.0,1.096,7928.3,346.5,54.2,142,0.42,27200,0.4605,20069.5,340,738.3,313.8,0.8971,1,10,202.5,1.8727,0.902,213.6,0.15,177.7,177.7,한식,all,한식 음식점,전체 인구,중분류 (한식 음식점)
74,대구광역시 동구 불로·봉무동,동구,2714062000,50.09,54.77,59.8,21.14,17.45,87.96,71.14,200,19381,19381,1.0,1.163,0.0,2832.6,53.4,4178,3.33,27140,7.6608,2529.9,1256,164.0,2945.5,0.0008,0,57,1075.7,1.7038,0.0,855.2,0.1592,96.4,96.4,한식,all,한식 음식점,전체 인구,중분류 (한식 음식점)
75,대구광역시 수성구 황금1동,수성구,2726060100,49.95,49.06,61.68,96.31,40.94,21.1,2.01,23,20820,20820,1.0,0.421,0.0,778.9,8.5,480,1.2,27260,2.5751,8085.1,399,154.9,851.9,0.0702,0,13,72.8,1.9203,0.1739,39.6,0.0576,867.5,867.5,한식,all,한식 음식점,전체 인구,중분류 (한식 음식점)
76,대구광역시 중구 대봉1동,중구,2711068000,49.89,57.38,38.05,16.1,97.32,66.48,14.09,101,7666,7666,1.0,0.66,19088.4,226.0,54.3,1613,1.44,27110,0.5627,13623.6,1117,1985.1,194.3,1.0,2,23,833.7,1.8237,1.0,588.2,0.0904,75.2,75.2,한식,all,한식 음식점,전체 인구,중분류 (한식 음식점)
77,대구광역시 동구 공산동,동구,2714076000,49.78,45.17,60.34,54.03,15.1,39.26,98.66,222,19708,19708,1.0,2.151,0.0,7697.6,9.7,1875,2.49,27140,83.2696,236.7,754,9.1,7174.6,0.0,0,67,61.0,1.6036,0.0,54.0,0.2944,88.4,88.4,한식,all,한식 음식점,전체 인구,중분류 (한식 음식점)
78,대구광역시 남구 대명10동,남구,2720065000,49.71,50.97,38.86,19.46,82.88,43.83,69.13,102,7805,7805,1.0,1.146,15387.0,394.8,50.0,444,0.68,27200,0.5166,15108.4,650,1258.2,375.5,0.8677,1,12,574.8,1.8044,0.8627,469.4,0.1569,75.8,75.8,한식,all,한식 음식점,전체 인구,중분류 (한식 음식점)
79,대구광역시 달성군 구지면,달성군,2771038000,49.43,43.89,59.53,54.03,13.42,47.05,95.3,157,18847,18847,1.0,1.655,0.0,17278.8,28.8,2321,3.35,27710,39.6367,475.5,693,17.5,17209.4,0.0,0,59,87.9,1.65,0.0,76.4,0.2266,119.3,119.3,한식,all,한식 음식점,전체 인구,중분류 (한식 음식점)
80,대구광역시 남구 대명4동,남구,2720059000,49.2,46.07,40.74,36.24,57.45,73.08,58.72,95,9003,9003,1.0,1.093,7282.1,574.6,39.4,1742,2.74,27200,0.76,11846.1,635,835.5,536.5,0.3512,1,20,496.8,1.7378,0.2526,538.2,0.1496,93.8,93.8,한식,all,한식 음식점,전체 인구,중분류 (한식 음식점)
81,대구광역시 동구 방촌동,동구,2714067000,48.89,51.51,55.77,45.8,29.19,31.11,79.19,103,16714,16714,1.0,1.271,0.0,943.5,44.0,638,1.08,27140,1.2248,13646.3,592,483.3,972.5,0.0,0,22,212.6,1.7373,0.0,218.4,0.174,160.7,160.7,한식,all,한식 음식점,전체 인구,중분류 (한식 음식점)
82,대구광역시 동구 신암2동,동구,2714052000,48.87,47.31,45.03,50.34,46.91,45.4,65.44,52,11446,11446,1.0,1.117,0.0,656.5,50.2,357,1.05,27140,0.3625,31575.2,340,937.9,610.1,0.3059,0,13,392.6,1.7582,0.2692,447.5,0.1529,216.0,216.0,한식,all,한식 음식점,전체 인구,중분류 (한식 음식점)
83,대구광역시 남구 이천동,남구,2720051500,48.8,45.7,50.94,85.57,52.48,31.88,10.07,41,14245,14245,1.0,0.609,0.0,614.4,28.0,350,0.71,27200,1.0429,13659.0,492,471.8,549.3,0.628,0,12,288.2,1.8983,0.561,287.3,0.0833,339.2,339.2,한식,all,한식 음식점,전체 인구,중분류 (한식 음식점)
84,대구광역시 수성구 중동,수성구,2726061000,48.37,53.09,51.48,60.74,33.82,50.74,28.86,96,14422,14422,1.0,0.868,0.0,1048.5,29.1,1100,1.36,27260,0.948,15213.1,808,852.3,1056.8,0.0334,0,38,386.9,1.9604,0.0312,352.3,0.1188,148.7,148.7,한식,all,한식 음식점,전체 인구,중분류 (한식 음식점)
85,대구광역시 동구 효목2동,동구,2714060000,47.88,53.26,50.67,21.14,33.29,51.51,84.56,117,14147,14147,1.0,1.321,0.0,1001.3,62.6,897,1.39,27140,0.761,18590.0,647,850.2,915.3,0.085,0,26,459.9,1.8141,0.0085,388.3,0.1808,119.9,119.9,한식,all,한식 음식점,전체 인구,중분류 (한식 음식점)
86,대구광역시 달서구 본동,달서구,2729065000,47.73,42.75,48.26,52.52,22.48,66.21,73.83,84,13148,13148,1.0,1.196,0.0,1486.1,38.1,1481,2.89,27290,1.0557,12454.3,513,485.9,1394.5,0.0,0,31,371.6,1.8481,0.0,401.1,0.1637,154.7,154.7,한식,all,한식 음식점,전체 인구,중분류 (한식 음식점)
87,대구광역시 수성구 수성4가동,수성구,2726059000,47.7,52.15,46.64,37.58,62.62,42.75,34.23,85,12798,12798,1.0,0.916,0.0,449.0,48.8,423,0.62,27260,0.6138,20850.4,678,1104.6,395.7,0.7478,0,14,458.2,1.9008,0.5765,466.3,0.1254,148.8,148.8,한식,all,한식 음식점,전체 인구,중분류 (한식 음식점)
88,대구광역시 서구 상중이동,서구,2717067500,47.59,51.27,56.31,49.5,29.73,51.34,39.26,160,16863,16863,1.0,0.977,0.0,1295.5,30.4,3259,2.72,27170,6.7768,2488.3,1196,176.5,1380.9,0.0125,0,73,191.9,1.8364,0.0062,156.6,0.1338,104.7,104.7,한식,all,한식 음식점,전체 인구,중분류 (한식 음식점)
89,대구광역시 서구 평리4동,서구,2717065000,47.5,61.71,53.09,13.09,24.16,33.86,93.96,197,15025,15025,1.0,1.515,0.0,1300.5,62.3,553,0.58,27170,0.7453,20159.7,950,1274.7,1310.9,0.0,0,29,308.6,1.72,0.0,317.7,0.2074,75.9,75.9,한식,all,한식 음식점,전체 인구,중분류 (한식 음식점)
90,대구광역시 중구 성내2동,중구,2711057500,47.46,47.95,41.54,0.34,79.06,91.71,36.91,339,9263,9263,1.0,0.942,0.0,297.4,150.5,6799,2.59,27110,0.9226,10040.1,2628,2848.5,283.2,0.933,0,67,2751.4,1.6254,0.9322,2652.8,0.129,27.2,27.2,한식,all,한식 음식점,전체 인구,중분류 (한식 음식점)
91,대구광역시 수성구 황금2동,수성구,2726060200,46.89,53.02,45.57,28.52,63.16,54.36,26.85,121,11770,11770,1.0,0.858,2213.9,529.4,45.1,1605,1.56,27260,1.1892,9897.4,1030,866.1,557.5,0.4214,1,58,395.5,1.9253,0.5372,331.7,0.1175,96.5,96.5,한식,all,한식 음식점,전체 인구,중분류 (한식 음식점)
92,대구광역시 서구 내당4동,서구,2717054000,46.8,54.77,50.4,29.2,45.1,56.58,34.9,102,14119,14119,1.0,0.918,0.0,681.3,56.4,1151,1.42,27170,0.8127,17373.0,812,999.1,644.9,0.2352,0,30,493.5,1.7588,0.2255,430.4,0.1256,137.1,137.1,한식,all,한식 음식점,전체 인구,중분류 (한식 음식점)
93,대구광역시 중구 대신동,중구,2711059500,46.52,58.89,36.44,11.74,92.28,59.6,0.0,98,7249,7249,1.0,0.267,13433.4,281.5,60.8,1301,0.48,27110,0.4899,14796.9,2688,5486.8,169.9,0.9699,1,11,1548.5,0.6257,0.9184,1078.1,0.0365,73.2,73.2,한식,all,한식 음식점,전체 인구,중분류 (한식 음식점)
94,대구광역시 중구 남산3동,중구,2711066000,46.45,35.81,34.03,64.26,89.33,45.24,13.42,28,5779,5779,1.0,0.654,5728.2,295.1,38.1,404,1.29,27110,0.4076,14178.1,313,767.9,254.0,0.9968,1,10,293.4,1.8445,1.0,366.4,0.0895,199.3,199.3,한식,all,한식 음식점,전체 인구,중분류 (한식 음식점)
95,대구광역시 동구 신천4동,동구,2714058000,46.41,58.32,47.45,4.03,45.64,97.25,22.48,202,12937,12937,1.0,0.839,0.0,695.8,83.7,6933,3.94,27140,0.7957,16258.6,1759,2210.6,655.2,0.3627,0,85,2660.8,1.7119,0.2772,2579.0,0.1148,63.7,63.7,한식,all,한식 음식점,전체 인구,중분류 (한식 음식점)
96,대구광역시 서구 평리5동,서구,2717066000,46.2,43.12,43.42,78.19,19.13,31.98,67.79,29,10531,10531,1.0,1.139,0.0,1818.5,35.2,224,1.2,27170,0.4071,25868.3,186,456.9,1832.0,0.0,0,9,214.6,1.864,0.0,243.2,0.1559,351.0,351.0,한식,all,한식 음식점,전체 인구,중분류 (한식 음식점)
97,대구광역시 중구 남산1동,중구,2711064000,46.2,42.95,32.95,29.53,90.74,80.17,6.71,55,5062,5062,1.0,0.591,12121.7,316.5,43.3,1968,2.89,27110,0.4193,12072.5,680,1621.8,253.0,1.0,2,25,713.6,2.0125,1.0,712.1,0.0809,90.4,90.4,한식,all,한식 음식점,전체 인구,중분류 (한식 음식점)
98,대구광역시 동구 신암3동,동구,2714053000,46.1,43.69,44.76,55.04,38.79,60.4,39.26,53,11150,11150,1.0,0.977,0.0,787.5,45.5,616,1.56,27140,0.6012,18546.2,396,658.7,734.3,0.0581,0,13,452.5,1.8895,0.0189,557.1,0.1338,206.5,206.5,한식,all,한식 음식점,전체 인구,중분류 (한식 음식점)
99,대구광역시 동구 해안동,동구,2714068500,45.67,40.2,47.18,53.36,49.53,25.7,61.74,72,12925,12925,1.0,1.108,11140.2,769.9,42.7,480,1.01,27140,13.264,974.4,475,35.8,755.4,0.0589,2,23,160.5,1.8161,0.0139,169.6,0.1516,177.1,177.1,한식,all,한식 음식점,전체 인구,중분류 (한식 음식점)
100,대구광역시 남구 대명6동,남구,2720061000,45.62,33.83,43.16,81.2,62.68,47.92,4.7,43,10276,10276,1.0,0.561,0.0,449.4,22.3,857,1.53,27200,1.5709,6541.5,560,356.5,385.9,0.675,0,13,329.3,1.9196,0.5814,293.0,0.0768,233.5,233.5,한식,all,한식 음식점,전체 인구,중분류 (한식 음식점)
101,대구광역시 북구 노원동,북구,2723079000,45.42,41.04,43.96,29.2,43.15,38.66,95.97,261,10954,10954,1.0,1.727,0.0,734.1,38.0,1224,1.11,27230,3.0536,3587.2,1104,361.5,693.4,0.3207,0,44,266.5,1.7025,0.2069,246.6,0.2364,41.8,41.8,한식,all,한식 음식점,전체 인구,중분류 (한식 음식점)
102,대구광역시 동구 효목1동,동구,2714059000,45.41,40.84,45.3,33.89,38.32,42.75,89.93,148,11472,11472,1.0,1.388,0.0,875.3,39.8,901,1.16,27140,1.4646,7832.9,779,531.9,849.0,0.1592,0,32,179.1,1.7622,0.1081,292.3,0.19,77.0,77.0,한식,all,한식 음식점,전체 인구,중분류 (한식 음식점)
103,대구광역시 중구 성내1동,중구,2711056500,45.22,52.62,33.76,0.34,87.52,82.92,12.08,299,5527,5527,1.0,0.641,30098.1,350.7,142.3,4750,1.39,27110,0.759,7281.9,3406,4487.5,324.3,0.8908,1,64,2242.4,1.7374,0.8495,2319.1,0.0878,18.4,18.4,한식,all,한식 음식점,전체 인구,중분류 (한식 음식점)
104,대구광역시 북구 관음동,북구,2723075000,45.13,37.78,49.06,56.2,23.15,63.12,57.72,87,13689,13689,1.0,1.089,0.0,1443.0,35.7,1198,2.05,27230,3.0672,4463.0,584,190.4,1468.8,0.0,0,23,374.4,1.7842,0.0,464.2,0.149,155.6,155.6,한식,all,한식 음식점,전체 인구,중분류 (한식 음식점)
105,대구광역시 수성구 만촌2동,수성구,2726056000,45.08,38.96,47.72,78.18,52.42,23.76,18.79,66,13080,13080,1.0,0.788,0.0,571.6,21.5,469,0.77,27260,1.9514,6702.9,612,313.6,658.5,0.3431,0,17,172.3,1.9354,0.4545,177.5,0.1078,195.2,195.2,한식,all,한식 음식점,전체 인구,중분류 (한식 음식점)
106,대구광역시 서구 비산7동,서구,2717061000,44.96,40.94,41.28,19.46,65.43,35.67,81.21,144,9260,9260,1.0,1.291,2543.2,502.3,45.8,1162,1.43,27170,2.584,3583.6,815,315.4,513.8,0.4699,1,25,189.6,1.6054,0.5278,154.0,0.1767,63.9,63.9,한식,all,한식 음식점,전체 인구,중분류 (한식 음식점)
107,대구광역시 수성구 파동,수성구,2726063000,44.5,38.99,57.38,92.95,20.8,13.16,29.53,39,17133,17133,1.0,0.874,0.0,1689.9,9.2,264,0.81,27260,5.4129,3165.2,326,60.2,1661.7,0.0,0,13,28.4,1.8928,0.0,19.8,0.1196,428.3,428.3,한식,all,한식 음식점,전체 인구,중분류 (한식 음식점)
108,대구광역시 서구 비산5동,서구,2717059000,44.43,36.08,32.68,15.44,94.23,16.98,89.26,64,4744,4744,1.0,1.387,7774.7,197.0,52.3,128,0.38,27170,0.3445,13770.7,337,978.2,201.9,1.0,2,4,204.0,1.6091,1.0,180.1,0.1899,73.0,73.0,한식,all,한식 음식점,전체 인구,중분류 (한식 음식점)
109,대구광역시 중구 대봉2동,중구,2711069000,44.36,41.61,34.3,48.32,83.76,26.51,25.5,35,5933,5933,1.0,0.853,3410.6,365.6,43.5,179,0.6,27110,0.2744,21621.7,300,1093.3,300.2,1.0,1,8,220.2,1.8838,1.0,258.1,0.1167,164.8,164.8,한식,all,한식 음식점,전체 인구,중분류 (한식 음식점)
110,대구광역시 중구 동인동,중구,2711051700,44.32,47.95,44.5,12.08,43.63,86.51,40.27,142,10997,10997,1.0,0.983,0.0,680.0,64.3,2997,2.84,27110,0.9707,11328.9,1055,1086.8,664.1,0.1223,0,30,902.8,1.8018,0.0775,1001.9,0.1346,76.9,76.9,한식,all,한식 음식점,전체 인구,중분류 (한식 음식점)
111,대구광역시 달서구 월성2동,달서구,2729060200,43.86,31.98,48.52,96.98,19.8,69.13,1.34,26,13435,13435,1.0,0.417,0.0,1753.5,4.7,2943,6.47,27290,7.6185,1763.5,455,59.7,1831.7,0.0,0,41,250.2,1.7894,0.0,290.0,0.0571,497.6,497.6,한식,all,한식 음식점,전체 인구,중분류 (한식 음식점)
112,대구광역시 서구 비산1동,서구,2717055000,43.6,34.9,38.59,61.41,59.3,11.95,61.07,32,7738,7738,1.0,1.097,0.0,496.8,42.7,94,0.44,27170,0.4334,17854.2,213,491.5,505.0,0.5352,0,4,115.3,1.5363,0.5,135.9,0.1502,234.5,234.5,한식,all,한식 음식점,전체 인구,중분류 (한식 음식점)
113,대구광역시 서구 내당2·3동,서구,2717052500,43.54,37.48,39.4,30.54,64.16,31.88,70.27,70,8091,8091,1.0,1.154,0.0,449.6,47.2,287,0.65,27170,0.4967,16289.5,443,891.9,456.6,0.6524,0,13,339.8,1.6893,0.7143,293.9,0.158,114.0,114.0,한식,all,한식 음식점,전체 인구,중분류 (한식 음식점)
114,대구광역시 달서구 장기동,달서구,2729056800,43.25,48.05,53.89,22.48,37.51,42.95,47.65,118,15347,15347,1.0,1.019,0.0,913.1,63.2,958,1.13,27290,2.76,5560.5,846,306.5,906.7,0.1548,0,34,327.3,1.8569,0.1186,290.7,0.1395,129.0,129.0,한식,all,한식 음식점,전체 인구,중분류 (한식 음식점)
115,대구광역시 서구 평리3동,서구,2717064000,42.64,45.51,45.84,32.88,22.82,36.17,78.52,112,12090,12090,1.0,1.265,0.0,1466.6,43.9,808,1.25,27170,0.7793,15513.9,647,830.2,1448.3,0.0,0,17,230.2,1.772,0.0,228.8,0.1731,107.0,107.0,한식,all,한식 음식점,전체 인구,중분류 (한식 음식점)
116,대구광역시 달성군 논공읍,달성군,2771025300,41.96,42.72,52.28,44.13,14.76,36.11,62.42,155,14804,14804,1.0,1.109,0.0,8283.2,32.0,1664,1.63,27710,44.0501,336.1,1021,23.2,8220.1,0.0,0,42,76.6,1.7366,0.0,84.1,0.1518,94.9,94.9,한식,all,한식 음식점,전체 인구,중분류 (한식 음식점)
117,대구광역시 동구 신암5동,동구,2714054100,41.42,29.5,36.71,39.93,76.11,24.5,53.69,46,7315,7315,1.0,1.07,0.0,354.1,48.8,300,0.96,27140,0.5467,13380.3,314,574.4,366.8,0.9108,0,9,165.0,1.672,0.9348,185.8,0.1465,155.6,155.6,한식,all,한식 음식점,전체 인구,중분류 (한식 음식점)
118,대구광역시 남구 봉덕3동,남구,2720055000,41.11,44.29,49.86,39.43,39.39,32.79,27.52,101,14003,14003,1.0,0.86,0.0,820.5,44.0,902,1.05,27200,3.0696,4561.8,858,279.5,904.0,0.1096,0,23,221.5,1.8839,0.1584,217.9,0.1177,137.3,137.3,한식,all,한식 음식점,전체 인구,중분류 (한식 음식점)
119,대구광역시 동구 신암1동,동구,2714051000,40.97,44.16,43.69,54.36,27.52,42.88,24.16,61,10781,10781,1.0,0.847,0.0,1040.7,41.4,394,0.75,27140,0.606,17790.4,526,868.0,1051.5,0.0,0,10,436.8,1.7965,0.0,455.6,0.116,173.9,173.9,한식,all,한식 음식점,전체 인구,중분류 (한식 음식점)
120,대구광역시 서구 비산4동,서구,2717058000,40.83,37.68,39.66,57.04,35.97,20.91,55.5,46,8143,8143,1.0,1.08,0.0,922.7,39.5,256,0.82,27170,0.434,18762.7,311,716.6,872.3,0.0579,0,12,200.0,1.7548,0.0217,164.9,0.1479,173.3,173.3,한식,all,한식 음식점,전체 인구,중분류 (한식 음식점)
121,대구광역시 중구 삼덕동,중구,2711054500,40.53,44.83,37.52,2.01,57.25,86.44,20.47,174,7460,7460,1.0,0.833,0.0,507.1,105.0,3487,2.29,27110,0.644,11583.9,1526,2369.6,480.0,0.5839,0,70,1719.3,1.8185,0.4655,1859.0,0.114,42.6,42.6,한식,all,한식 음식점,전체 인구,중분류 (한식 음식점)
122,대구광역시 북구 산격2동,북구,2723062000,40.12,40.84,41.81,37.92,17.11,97.78,14.77,125,9376,9376,1.0,0.723,0.0,2845.6,34.3,10440,8.27,27230,2.3539,3983.2,1263,536.6,2945.4,0.0,0,84,2052.4,1.5111,0.0,1744.6,0.099,74.4,74.4,한식,all,한식 음식점,전체 인구,중분류 (한식 음식점)
123,대구광역시 수성구 상동,수성구,2726062000,39.69,50.27,49.6,45.64,26.51,20.57,18.12,104,13938,13938,1.0,0.771,0.0,1171.9,39.2,678,0.69,27260,1.3277,10497.9,986,742.6,1288.9,0.0,0,28,118.7,1.9138,0.0,139.4,0.1055,132.7,132.7,한식,all,한식 음식점,전체 인구,중분류 (한식 음식점)
124,대구광역시 남구 봉덕2동,남구,2720054000,39.5,33.69,46.91,57.72,21.48,6.84,74.5,78,12852,12852,1.0,1.213,0.0,1595.4,36.3,66,0.14,27200,3.0276,4244.9,470,155.2,1539.8,0.0,0,4,59.5,1.8229,0.0,46.7,0.166,162.7,162.7,한식,all,한식 음식점,전체 인구,중분류 (한식 음식점)
125,대구광역시 북구 산격3동,북구,2723063000,39.29,37.48,39.93,5.04,18.46,92.22,73.15,154,8390,8390,1.0,1.188,0.0,2122.5,65.8,3619,3.82,27230,1.272,6595.9,947,744.5,2105.0,0.0,0,19,1139.1,1.6083,0.0,1187.5,0.1626,54.1,54.1,한식,all,한식 음식점,전체 인구,중분류 (한식 음식점)
126,대구광역시 남구 대명9동,남구,2720064000,38.82,40.1,47.99,37.58,32.21,25.91,41.28,106,13110,13110,1.0,0.986,0.0,810.1,42.8,762,0.97,27200,3.1401,4175.0,785,250.0,817.3,0.0038,0,28,184.2,1.8211,0.0,154.9,0.135,122.5,122.5,한식,all,한식 음식점,전체 인구,중분류 (한식 음식점)
127,대구광역시 남구 봉덕1동,남구,2720053000,38.68,39.57,38.32,20.47,42.95,24.47,71.81,104,7680,7680,1.0,1.167,0.0,769.7,47.3,448,0.69,27200,0.4881,15734.5,651,1333.7,815.4,0.192,0,12,195.9,1.7448,0.2404,202.7,0.1598,73.1,73.1,한식,all,한식 음식점,전체 인구,중분류 (한식 음식점)
128,대구광역시 서구 평리2동,서구,2717063000,37.64,35.97,35.37,65.94,25.5,16.98,43.62,28,6820,6820,1.0,0.993,0.0,1203.7,40.0,115,0.56,27170,0.2781,24523.6,206,740.7,1200.3,0.0,0,6,152.3,1.7598,0.0,173.0,0.1359,235.2,235.2,한식,all,한식 음식점,전체 인구,중분류 (한식 음식점)
129,대구광역시 서구 비산2·3동,서구,2717056500,37.12,34.5,37.78,9.73,43.02,18.39,94.63,109,7550,7550,1.0,1.522,0.0,742.6,61.5,276,0.53,27170,0.555,13603.6,523,942.3,678.0,0.3078,0,13,196.2,1.5586,0.211,177.4,0.2084,68.6,68.6,한식,all,한식 음식점,전체 인구,중분류 (한식 음식점)
130,대구광역시 달서구 상인3동,달서구,2729062600,36.92,25.64,42.08,56.38,24.83,45.03,41.28,49,9445,9445,1.0,0.986,0.0,1291.9,41.9,464,1.28,27290,3.3085,2854.8,363,109.7,1319.7,0.0,0,13,327.8,1.7064,0.0,356.4,0.135,188.9,188.9,한식,all,한식 음식점,전체 인구,중분류 (한식 음식점)
131,대구광역시 달성군 가창면,달성군,2771031000,36.79,15.84,35.1,52.35,15.43,50.54,97.99,104,6719,6719,1.0,1.958,0.0,6721.8,3.1,2291,5.9,27710,110.4332,60.8,388,3.5,5522.5,0.0,0,32,134.5,1.676,0.0,119.8,0.268,64.0,64.0,한식,all,한식 음식점,전체 인구,중분류 (한식 음식점)
132,대구광역시 북구 검단동,북구,2723068000,36.38,14.26,33.49,78.53,17.78,39.53,70.0,30,5414,5414,1.0,1.154,0.0,2662.0,8.0,574,3.02,27230,3.7681,1436.8,190,50.4,2658.8,0.0,0,6,208.6,1.7306,0.0,136.9,0.1579,174.6,174.6,한식,all,한식 음식점,전체 인구,중분류 (한식 음식점)
133,대구광역시 북구 산격1동,북구,2723061000,35.81,25.54,36.98,79.87,18.12,8.19,52.35,36,7370,7370,1.0,1.064,0.0,2185.0,17.4,69,0.28,27230,0.8679,8491.8,247,284.6,2197.3,0.0,0,5,71.8,1.7525,0.0,55.9,0.1457,199.2,199.2,한식,all,한식 음식점,전체 인구,중분류 (한식 음식점)
134,대구광역시 서구 비산6동,서구,2717060000,34.96,35.44,34.83,44.96,28.86,17.55,45.3,31,6319,6319,1.0,1.007,0.0,970.2,55.8,200,0.89,27170,0.2715,23274.4,225,828.7,935.7,0.0,0,7,166.1,1.6884,0.0,134.4,0.1378,197.5,197.5,한식,all,한식 음식점,전체 인구,중분류 (한식 음식점)
135,대구광역시 북구 산격4동,북구,2723063100,34.52,26.17,35.64,41.11,18.79,42.42,63.09,56,6961,6961,1.0,1.112,0.0,2017.7,40.7,595,1.62,27230,0.7157,9726.1,368,514.2,2035.1,0.0,0,6,252.6,1.8845,0.0,254.4,0.1522,122.1,122.1,한식,all,한식 음식점,전체 인구,중분류 (한식 음식점)
136,대구광역시 서구 평리1동,서구,2717062000,34.38,30.6,34.56,83.9,28.52,8.86,5.37,23,6126,6126,1.0,0.57,0.0,970.3,23.9,68,0.23,27170,0.3656,16756.0,295,806.9,1031.4,0.0,0,4,102.6,1.7586,0.0,77.0,0.078,255.2,255.2,한식,all,한식 음식점,전체 인구,중분류 (한식 음식점)
137,대구광역시 동구 도평동,동구,2714061500,34.23,9.9,31.88,88.26,16.78,7.38,83.89,13,3371,3371,1.0,1.319,0.0,3074.9,8.1,41,0.57,27140,19.9271,169.2,72,3.6,2629.1,0.0,0,3,4.2,1.635,0.0,2.5,0.1806,240.8,240.8,한식,all,한식 음식점,전체 인구,중분류 (한식 음식점)
138,대구광역시 북구 복현1동,북구,2723067100,34.08,38.56,35.91,25.17,20.13,33.62,51.68,72,7131,7131,1.0,1.063,0.0,1749.4,48.9,333,0.67,27230,0.3619,19704.3,495,1367.8,1714.4,0.0,0,10,312.4,1.6966,0.0,324.9,0.1455,97.7,97.7,한식,all,한식 음식점,전체 인구,중분류 (한식 음식점)
139,대구광역시 서구 평리6동,서구,2717066100,33.7,19.5,33.22,91.78,21.81,30.27,11.41,15,5391,5391,1.0,0.63,0.0,1560.1,8.9,317,1.82,27170,0.7464,7222.7,174,233.1,1588.9,0.0,0,10,129.4,1.7879,0.0,141.8,0.0862,336.9,336.9,한식,all,한식 음식점,전체 인구,중분류 (한식 음식점)
140,대구광역시 남구 대명11동,남구,2720066000,33.38,30.84,36.18,20.47,41.74,52.08,23.49,71,7152,7152,1.0,0.845,0.0,691.0,56.1,711,1.16,27200,0.8477,8436.9,614,724.3,687.2,0.0537,0,19,454.2,1.5689,0.0141,481.5,0.1156,99.3,99.3,한식,all,한식 음식점,전체 인구,중분류 (한식 음식점)
141,대구광역시 달성군 하빈면,달성군,2771033000,33.26,10.0,31.61,51.84,16.44,39.6,97.32,42,3104,3104,1.0,1.734,0.0,3257.8,6.0,850,4.8,27710,37.7234,82.3,177,4.7,3593.4,0.0,0,16,16.9,1.703,0.0,11.2,0.2373,72.2,72.2,한식,all,한식 음식점,전체 인구,중분류 (한식 음식점)
142,대구광역시 군위군 군위읍,군위군,2772025000,32.46,22.78,39.13,46.64,11.41,2.35,88.59,105,7901,7901,1.0,1.372,0.0,31011.6,24.5,0,0.0,27720,82.95,95.3,559,6.7,30678.1,0.0,0,0,0.0,1.7561,0.0,0.0,0.1878,74.5,74.5,한식,all,한식 음식점,전체 인구,중분류 (한식 음식점)
143,대구광역시 군위군 소보면,군위군,2772031000,30.95,7.79,31.34,74.16,11.07,2.35,93.29,13,2221,2221,1.0,1.507,0.0,34015.9,7.1,0,0.0,27720,99.6768,22.3,63,0.6,34386.7,0.0,0,0,0.0,1.6534,0.0,0.0,0.2063,158.6,158.6,한식,all,한식 음식점,전체 인구,중분류 (한식 음식점)
144,대구광역시 군위군 효령면,군위군,2772032000,30.77,9.8,32.42,69.46,13.09,2.35,87.25,26,3639,3639,1.0,1.357,0.0,20186.4,1.7,0,0.0,27720,96.6177,37.7,140,1.4,19823.3,0.0,0,0,0.0,1.6874,0.0,0.0,0.1857,134.8,134.8,한식,all,한식 음식점,전체 인구,중분류 (한식 음식점)
145,대구광역시 북구 침산1동,북구,2723055000,30.71,14.23,32.15,56.04,19.46,11.07,75.84,33,3441,3441,1.0,1.23,0.0,1811.5,14.2,115,0.59,27230,1.4697,2341.3,196,133.4,1796.3,0.0,0,6,93.6,1.733,0.0,74.7,0.1684,101.2,101.2,한식,all,한식 음식점,전체 인구,중분류 (한식 음식점)
146,대구광역시 군위군 삼국유사면,군위군,2772037000,29.33,6.27,30.27,62.42,12.41,2.35,99.33,12,1330,1330,1.0,2.435,0.0,25967.6,0.5,0,0.0,27720,115.041,11.6,36,0.3,24412.0,0.0,0,0,0.0,1.542,0.0,0.0,0.3333,102.3,102.3,한식,all,한식 음식점,전체 인구,중분류 (한식 음식점)
147,대구광역시 군위군 우보면,군위군,2772034000,29.05,7.11,30.54,90.1,11.74,2.35,53.02,7,1937,1937,1.0,1.065,0.0,27862.6,6.0,0,0.0,27720,60.4878,32.0,48,0.8,27265.0,0.0,0,0,0.0,1.6422,0.0,0.0,0.1458,242.1,242.1,한식,all,한식 음식점,전체 인구,중분류 (한식 음식점)
148,대구광역시 군위군 산성면,군위군,2772036000,28.79,6.84,30.0,69.13,12.75,2.35,82.21,8,1201,1201,1.0,1.299,0.0,20580.4,1.5,0,0.0,27720,36.9047,32.5,45,1.2,21435.4,0.0,0,0,0.0,1.3772,0.0,0.0,0.1778,133.4,133.4,한식,all,한식 음식점,전체 인구,중분류 (한식 음식점)
149,대구광역시 군위군 의흥면,군위군,2772035000,28.78,8.66,31.07,61.74,12.08,2.35,86.58,17,2217,2217,1.0,1.35,0.0,27700.1,9.9,0,0.0,27720,54.4298,40.7,92,1.7,27468.0,0.0,0,0,0.0,1.3958,0.0,0.0,0.1848,123.2,123.2,한식,all,한식 음식점,전체 인구,중분류 (한식 음식점)
150,대구광역시 군위군 부계면,군위군,2772033000,28.32,8.19,30.8,49.33,13.76,2.35,100.0,57,2106,2106,1.0,2.669,0.0,13798.7,3.2,0,0.0,27720,65.1498,32.3,156,2.4,14132.4,0.0,0,0,0.0,1.5238,0.0,0.0,0.3654,36.3,36.3,한식,all,한식 음식점,전체 인구,중분류 (한식 음식점)
1,대구광역시 동구 신암4동,동구,2714054000,74.46,68.86,89.13,88.26,86.04,76.85,21.48,31,18383,5832,0.3172,0.728,43556.8,345.9,16.2,2706,5.19,27140,1.1656,15771.3,521,447.0,378.4,0.7179,2,29,569.0,1.8721,0.7742,409.0,0.0595,574.5,182.2,미용실,2030,미용실 (이용·미용),2030 청년 소비층 (20~39세),중분류 (이용·미용)
2,대구광역시 북구 칠성동,북구,2723052600,74.25,85.17,84.16,83.56,57.45,93.05,14.09,66,23657,6264,0.2648,0.598,23713.1,683.0,15.4,4486,3.33,27230,1.3907,17010.9,1349,970.0,435.4,0.6308,2,51,877.9,1.5237,0.3333,1203.9,0.0489,353.1,93.5,미용실,2030,미용실 (이용·미용),2030 청년 소비층 (20~39세),중분류 (이용·미용)
3,대구광역시 달서구 감삼동,달서구,2729055500,73.79,92.55,90.07,17.78,65.77,58.12,96.64,195,31125,8449,0.2715,1.629,12921.8,494.6,46.8,1705,1.16,27290,1.1434,27221.4,1465,1281.3,450.0,0.641,1,37,514.2,1.8307,0.5333,464.8,0.1331,158.8,43.1,미용실,2030,미용실 (이용·미용),2030 청년 소비층 (20~39세),중분류 (이용·미용)
4,대구광역시 동구 안심4동,동구,2714074700,71.79,74.73,69.93,77.85,82.28,71.41,42.28,79,26289,5953,0.2264,0.982,13918.2,362.7,17.3,2726,2.77,27140,2.572,10221.2,985,383.0,390.0,0.7503,2,66,438.1,1.8606,0.7848,407.3,0.0802,328.6,74.4,미용실,2030,미용실 (이용·미용),2030 청년 소비층 (20~39세),중분류 (이용·미용)
5,대구광역시 달서구 상인1동,달서구,2729062400,71.4,90.67,60.94,50.0,65.57,78.25,68.46,102,31919,6616,0.2073,1.188,20963.7,538.9,28.2,2895,2.76,27290,1.4947,21354.8,1050,702.5,455.1,0.5638,1,54,886.7,1.7616,0.4706,542.2,0.0971,309.9,64.2,미용실,2030,미용실 (이용·미용),2030 청년 소비층 (20~39세),중분류 (이용·미용)
6,대구광역시 달서구 진천동,달서구,2729061500,71.22,85.24,72.75,28.86,72.88,72.48,85.91,235,49267,10985,0.223,1.394,33114.2,503.9,31.4,3768,1.83,27290,5.3271,9248.4,2063,387.3,538.6,0.6757,3,95,557.9,1.7891,0.7532,505.8,0.1139,208.8,46.5,미용실,2030,미용실 (이용·미용),2030 청년 소비층 (20~39세),중분류 (이용·미용)
7,대구광역시 달서구 용산1동,달서구,2729057100,71.05,83.83,78.53,53.19,64.16,71.55,54.36,86,27808,6635,0.2386,1.051,12948.6,530.1,31.3,2800,2.8,27290,1.4578,19075.3,1001,686.7,500.2,0.5395,1,27,594.5,1.8138,0.4535,403.3,0.0859,319.6,76.3,미용실,2030,미용실 (이용·미용),2030 청년 소비층 (20~39세),중분류 (이용·미용)
8,대구광역시 북구 구암동,북구,2723074500,70.95,74.9,64.7,64.09,87.05,67.28,61.41,97,30230,6498,0.215,1.147,15065.5,315.0,23.1,2117,2.05,27230,4.1947,7206.7,1035,246.7,349.2,0.7449,3,41,403.8,1.7552,0.8247,453.0,0.0937,308.5,66.3,미용실,2030,미용실 (이용·미용),2030 청년 소비층 (20~39세),중분류 (이용·미용)
9,대구광역시 수성구 범어1동,수성구,2726051000,70.84,83.59,56.11,53.69,94.77,81.41,41.28,79,22679,4721,0.2082,0.979,19467.9,268.1,24.0,2378,2.41,27260,1.1852,19135.2,988,833.6,239.4,0.996,2,34,1056.3,1.9254,1.0,803.3,0.08,283.5,59.0,미용실,2030,미용실 (이용·미용),2030 청년 소비층 (20~39세),중분류 (이용·미용)
10,"대구광역시 달서구 두류1,2동",달서구,2729053500,70.8,68.36,83.89,43.29,90.67,88.53,45.64,78,15672,4602,0.2936,1.0,15669.8,271.8,28.4,3657,3.83,27290,1.2776,12266.8,955,747.5,325.6,0.8597,2,36,680.4,1.903,0.8846,673.4,0.0817,198.4,58.3,미용실,2030,미용실 (이용·미용),2030 청년 소비층 (20~39세),중분류 (이용·미용)
11,대구광역시 달서구 이곡1동,달서구,2729057600,70.39,70.04,76.78,32.72,78.32,90.4,83.22,92,19663,4907,0.2496,1.345,15640.1,407.5,32.0,2777,3.32,27290,1.8033,10903.9,837,464.1,366.7,0.8339,2,56,1398.8,1.8622,0.7609,1418.5,0.1099,211.4,52.8,미용실,2030,미용실 (이용·미용),2030 청년 소비층 (20~39세),중분류 (이용·미용)
12,대구광역시 북구 동천동,북구,2723078000,68.91,86.88,69.93,21.82,77.05,89.26,51.01,121,24635,5638,0.2289,1.037,8538.0,394.6,41.6,4100,2.87,27230,1.0632,23170.6,1429,1344.1,430.1,0.6767,1,118,1498.7,1.7811,0.7438,1019.4,0.0847,201.9,46.2,미용실,2030,미용실 (이용·미용),2030 청년 소비층 (20~39세),중분류 (이용·미용)
13,대구광역시 달성군 다사읍,달성군,2771025600,68.6,78.79,69.8,71.14,51.41,73.19,53.02,198,88904,19395,0.2182,1.046,24793.4,1089.6,24.1,4705,2.03,27710,36.8156,2414.8,2317,62.9,1242.5,0.3423,3,133,475.8,1.7768,0.4091,486.9,0.0855,446.8,97.5,미용실,2030,미용실 (이용·미용),2030 청년 소비층 (20~39세),중분류 (이용·미용)
14,대구광역시 남구 대명2동,남구,2720057100,68.46,65.84,89.8,61.58,87.38,37.75,46.31,66,15229,5355,0.3516,1.011,7568.7,300.2,27.8,780,0.98,27200,0.8755,17394.6,799,912.6,253.3,0.9862,1,20,331.0,1.8046,0.9394,284.9,0.0826,227.3,79.9,미용실,2030,미용실 (이용·미용),2030 청년 소비층 (20~39세),중분류 (이용·미용)
15,대구광역시 달서구 신당동,달서구,2729058500,68.38,75.64,94.77,35.24,71.68,81.47,25.5,153,27882,9191,0.3296,0.76,24240.6,469.3,34.9,7236,2.94,27290,9.211,3027.0,2465,267.6,821.4,0.4365,2,113,477.8,1.7073,0.6144,512.8,0.0621,181.1,59.7,미용실,2030,미용실 (이용·미용),2030 청년 소비층 (20~39세),중분류 (이용·미용)
16,대구광역시 동구 안심1동,동구,2714072000,68.26,84.53,61.2,35.24,71.07,65.3,81.88,194,37158,7565,0.2036,1.336,15850.8,448.1,26.9,2910,1.64,27140,3.4892,10649.4,1776,509.0,428.2,0.5923,2,56,451.6,1.7618,0.5825,400.3,0.1092,190.6,38.8,미용실,2030,미용실 (이용·미용),2030 청년 소비층 (20~39세),중분류 (이용·미용)
17,대구광역시 달서구 죽전동,달서구,2729056300,67.86,69.8,81.21,15.77,85.97,65.57,88.59,109,14344,4174,0.291,1.403,13243.8,330.0,46.3,1402,1.47,27290,0.7849,18274.9,951,1211.6,343.2,0.8107,1,42,580.0,1.8808,0.8716,560.6,0.1146,130.4,37.9,미용실,2030,미용실 (이용·미용),2030 청년 소비층 (20~39세),중분류 (이용·미용)
18,대구광역시 달성군 화원읍,달성군,2771025000,66.85,76.04,63.22,66.78,77.12,42.42,55.7,132,45354,9354,0.2062,1.068,17158.0,401.4,23.3,2363,1.56,27710,25.9877,1745.2,1512,58.2,477.2,0.6104,2,64,174.0,1.7733,0.6288,165.3,0.0873,341.0,70.3,미용실,2030,미용실 (이용·미용),2030 청년 소비층 (20~39세),중분류 (이용·미용)
19,대구광역시 북구 태전2동,북구,2723073500,66.6,67.82,67.25,53.69,72.68,68.72,69.8,94,21610,4905,0.227,1.197,3795.2,410.2,22.7,2036,2.12,27230,2.0691,10444.2,961,464.5,413.0,0.7815,1,51,470.0,1.797,0.766,475.8,0.0978,227.5,51.6,미용실,2030,미용실 (이용·미용),2030 청년 소비층 (20~39세),중분류 (이용·미용)
20,대구광역시 달서구 유천동,달서구,2729061700,66.01,73.86,66.58,51.51,44.16,74.56,87.25,83,32864,7092,0.2158,1.395,0.0,653.0,32.1,1643,2.26,27290,1.3119,25050.7,728,554.9,622.7,0.2788,0,41,613.2,1.8499,0.2048,662.1,0.114,391.2,84.4,미용실,2030,미용실 (이용·미용),2030 청년 소비층 (20~39세),중분류 (이용·미용)
21,대구광역시 북구 복현2동,북구,2723067200,65.39,63.59,83.96,77.52,20.9,60.34,87.25,74,28733,7367,0.2564,1.395,0.0,1581.5,22.3,1348,2.08,27230,1.8078,15893.9,649,359.0,1620.2,0.0,0,39,355.2,1.8941,0.0,379.4,0.114,383.1,98.2,미용실,2030,미용실 (이용·미용),2030 청년 소비층 (20~39세),중분류 (이용·미용)
22,대구광역시 수성구 고산3동,수성구,2726069000,65.27,67.78,62.95,50.0,77.59,51.51,80.54,91,29136,6252,0.2146,1.324,8180.9,402.6,29.1,994,1.18,27260,5.2954,5502.1,841,158.8,377.6,0.8193,1,35,511.9,1.8415,0.8022,392.4,0.1082,316.7,68.0,미용실,2030,미용실 (이용·미용),2030 청년 소비층 (20~39세),중분류 (이용·미용)
23,대구광역시 북구 태전1동,북구,2723072500,64.99,64.33,83.49,43.12,53.09,50.0,95.64,106,21074,5677,0.2694,1.593,3814.3,650.7,27.8,1588,1.95,27230,2.5135,8384.3,814,323.9,633.0,0.2862,1,23,327.5,1.7551,0.3302,248.6,0.1302,197.0,53.1,미용실,2030,미용실 (이용·미용),2030 청년 소비층 (20~39세),중분류 (이용·미용)
24,대구광역시 북구 국우동,북구,2723080000,64.97,61.41,85.23,56.04,53.42,52.28,78.52,98,29112,7497,0.2575,1.273,3118.2,694.6,28.9,2431,2.58,27230,16.9087,1721.7,942,55.7,759.4,0.4586,2,41,272.2,1.7701,0.5408,194.1,0.104,294.1,75.7,미용실,2030,미용실 (이용·미용),2030 청년 소비층 (20~39세),중분류 (이용·미용)
25,대구광역시 수성구 고산2동,수성구,2726068000,64.89,67.85,68.05,77.35,76.04,58.32,20.81,75,25533,5765,0.2258,0.723,11450.8,404.4,18.7,6126,4.82,27260,24.337,1049.1,1270,52.2,499.8,0.5976,3,88,249.9,1.894,0.72,164.9,0.0591,336.0,75.9,미용실,2030,미용실 (이용·미용),2030 청년 소비층 (20~39세),중분류 (이용·미용)
26,대구광역시 중구 성내3동,중구,2711058500,64.88,55.77,85.77,93.96,84.03,22.85,20.13,26,13643,4522,0.3315,0.717,5778.9,347.0,9.5,259,0.58,27110,0.7455,18300.5,444,595.6,332.9,0.9302,1,12,257.9,1.9273,0.9615,201.2,0.0586,505.3,167.5,미용실,2030,미용실 (이용·미용),2030 청년 소비층 (20~39세),중분류 (이용·미용)
27,대구광역시 북구 고성동,북구,2723051000,64.37,55.74,88.73,82.38,59.63,54.5,31.54,35,14603,4975,0.3407,0.853,0.0,436.8,20.6,694,1.38,27230,0.52,28082.7,502,965.4,502.8,0.4641,0,9,698.5,1.5975,0.5714,449.8,0.0697,405.6,138.2,미용실,2030,미용실 (이용·미용),2030 청년 소비층 (20~39세),중분류 (이용·미용)
28,대구광역시 수성구 범어2동,수성구,2726052000,63.81,69.03,73.29,55.88,68.6,81.57,16.11,58,15345,3938,0.2566,0.649,10699.6,442.6,27.1,2861,2.62,27260,1.0094,15202.1,1094,1083.8,482.8,0.5384,1,42,1064.7,1.8705,0.569,664.8,0.053,260.1,66.7,미용실,2030,미용실 (이용·미용),2030 청년 소비층 (20~39세),중분류 (이용·미용)
29,대구광역시 남구 대명5동,남구,2720060000,62.8,46.84,74.36,56.54,88.05,83.62,38.26,46,8896,3024,0.3399,0.928,11071.1,258.7,25.5,2694,4.44,27200,0.74,12021.6,607,820.3,256.8,0.8666,1,20,557.7,1.8206,0.8261,594.1,0.0758,189.3,64.3,미용실,2030,미용실 (이용·미용),2030 청년 소비층 (20~39세),중분류 (이용·미용)
30,대구광역시 중구 남산4동,중구,2711067000,62.61,57.58,67.65,53.69,69.6,40.47,92.62,49,15842,3799,0.2398,1.488,0.0,383.2,31.0,481,1.19,27110,0.449,35282.9,403,897.6,351.8,0.8164,0,16,308.4,1.9455,0.7959,290.3,0.1216,316.8,76.0,미용실,2030,미용실 (이용·미용),2030 청년 소비층 (20~39세),중분류 (이용·미용)
31,대구광역시 동구 신천3동,동구,2714057000,62.53,58.62,79.2,60.24,58.86,79.5,32.89,54,14835,4046,0.2727,0.858,0.0,449.7,27.1,1998,2.59,27140,0.7179,20664.4,770,1072.6,542.0,0.4195,0,48,1228.0,1.9695,0.6111,719.3,0.0701,269.7,73.6,미용실,2030,미용실 (이용·미용),2030 청년 소비층 (20~39세),중분류 (이용·미용)
32,대구광역시 수성구 고산1동,수성구,2726067000,62.27,72.28,60.8,32.21,58.66,76.84,71.14,111,31066,6446,0.2075,1.201,11318.1,601.8,35.8,2849,2.52,27260,8.624,3602.3,1132,131.3,600.7,0.4735,1,43,613.8,1.7871,0.3423,578.4,0.0981,277.4,57.6,미용실,2030,미용실 (이용·미용),2030 청년 소비층 (20~39세),중분류 (이용·미용)
33,대구광역시 동구 신천4동,동구,2714058000,61.9,58.32,86.71,65.6,45.03,97.25,7.38,63,12937,4487,0.3468,0.438,0.0,669.1,23.3,6933,3.94,27140,0.7957,16258.6,1759,2210.6,655.2,0.3627,0,85,2660.8,1.7119,0.3492,2429.5,0.0358,202.1,70.1,미용실,2030,미용실 (이용·미용),2030 청년 소비층 (20~39세),중분류 (이용·미용)
34,대구광역시 동구 안심3동,동구,2714074200,61.52,57.28,68.46,49.33,75.3,39.66,79.87,75,19897,4619,0.2321,1.285,6999.1,395.0,27.9,913,1.28,27140,5.8689,3390.2,714,121.7,457.1,0.556,1,29,232.8,1.9059,0.7333,219.8,0.105,261.8,60.8,미용실,2030,미용실 (이용·미용),2030 청년 소비층 (20~39세),중분류 (이용·미용)
35,대구광역시 달서구 용산2동,달서구,2729057200,61.38,59.93,62.69,81.54,44.36,29.2,90.6,61,24584,5373,0.2186,1.442,0.0,660.4,16.3,678,1.31,27290,1.5398,15965.7,518,336.4,752.7,0.1409,0,19,147.4,1.7934,0.3115,144.8,0.1178,396.5,86.7,미용실,2030,미용실 (이용·미용),2030 청년 소비층 (20~39세),중분류 (이용·미용)
36,대구광역시 서구 내당1동,서구,2717051000,61.05,54.63,75.44,39.76,43.89,74.63,95.64,60,14683,3917,0.2668,1.593,0.0,654.1,33.8,1153,2.5,27170,0.5707,25728.1,461,807.8,613.4,0.3362,0,27,826.7,1.842,0.2167,665.4,0.1302,240.7,64.2,미용실,2030,미용실 (이용·미용),2030 청년 소비층 (20~39세),중분류 (이용·미용)
37,대구광역시 달서구 월성1동,달서구,2729060100,60.89,80.54,54.29,20.47,37.79,89.4,81.88,157,39423,7527,0.1909,1.336,0.0,860.4,47.9,4066,2.83,27290,1.9323,20402.1,1438,744.2,899.2,0.096,0,70,1080.4,1.8341,0.1401,1043.2,0.1092,249.5,47.6,미용실,2030,미용실 (이용·미용),2030 청년 소비층 (20~39세),중분류 (이용·미용)
38,대구광역시 북구 관문동,북구,2723071500,60.42,64.33,56.24,83.56,39.93,58.46,55.03,70,31975,6317,0.1976,1.059,7033.3,1633.1,15.1,2576,3.18,27230,14.8231,2157.1,809,54.6,1662.6,0.3498,3,64,205.6,1.7905,0.4286,209.1,0.0865,450.4,89.0,미용실,2030,미용실 (이용·미용),2030 청년 소비층 (20~39세),중분류 (이용·미용)
39,대구광역시 수성구 범어3동,수성구,2726053000,59.8,71.34,70.87,39.94,52.48,81.41,22.15,70,17016,4089,0.2403,0.742,0.0,538.7,29.9,2389,2.07,27260,0.5836,29157.0,1155,1979.1,503.0,0.4978,0,39,1299.8,1.8564,0.4429,1034.5,0.0606,239.7,57.6,미용실,2030,미용실 (이용·미용),2030 청년 소비층 (20~39세),중분류 (이용·미용)
40,대구광역시 달서구 본리동,달서구,2729059000,58.97,67.85,72.62,73.32,25.6,57.65,34.9,53,22993,5433,0.2363,0.897,0.0,1199.9,23.6,1195,1.65,27290,1.0774,21341.2,723,671.1,1208.5,0.0,0,48,381.0,1.8016,0.0,376.6,0.0733,425.8,100.6,미용실,2030,미용실 (이용·미용),2030 청년 소비층 (20~39세),중분류 (이용·미용)
41,대구광역시 북구 읍내동,북구,2723077000,58.9,57.78,73.15,45.47,29.96,68.93,87.25,113,24576,5774,0.2349,1.395,0.0,935.8,25.0,1572,1.59,27230,5.6904,4318.9,991,174.2,977.2,0.0,0,37,601.6,1.7105,0.0,607.4,0.114,215.6,50.6,미용실,2030,미용실 (이용·미용),2030 청년 소비층 (20~39세),중분류 (이용·미용)
42,대구광역시 수성구 지산1동,수성구,2726065100,58.88,65.57,52.01,17.96,84.5,55.17,79.19,136,18617,3886,0.2087,1.279,5358.9,315.4,30.8,1776,1.37,27260,2.8948,6431.2,1301,449.4,326.2,0.9101,1,63,541.8,1.8658,0.9338,363.9,0.1045,135.9,28.4,미용실,2030,미용실 (이용·미용),2030 청년 소비층 (20~39세),중분류 (이용·미용)
43,대구광역시 중구 남산2동,중구,2711065000,58.39,55.0,65.77,30.54,97.52,72.48,22.82,36,7394,2212,0.2992,0.743,82629.0,233.7,51.5,863,1.46,27110,0.3916,18881.5,593,1514.3,289.0,1.0,4,11,1474.2,1.9141,1.0,1573.0,0.0607,199.8,59.8,미용실,2030,미용실 (이용·미용),2030 청년 소비층 (20~39세),중분류 (이용·미용)
44,대구광역시 동구 안심2동,동구,2714073000,58.3,44.03,76.77,97.32,58.93,58.26,4.7,12,17002,4394,0.2584,0.373,3810.8,604.1,3.9,1493,3.79,27140,13.3309,1275.4,394,29.6,844.7,0.3046,1,43,159.2,1.8547,0.5833,234.9,0.0305,1307.8,338.0,미용실,2030,미용실 (이용·미용),2030 청년 소비층 (20~39세),중분류 (이용·미용)
45,대구광역시 수성구 두산동,수성구,2726064000,58.1,62.89,76.91,5.03,56.31,83.76,62.75,147,14840,3993,0.2691,1.155,4499.5,563.8,56.6,3584,2.3,27260,1.8605,7976.4,1558,837.4,524.0,0.4589,1,72,732.3,1.7103,0.3197,822.3,0.0944,100.3,27.0,미용실,2030,미용실 (이용·미용),2030 청년 소비층 (20~39세),중분류 (이용·미용)
46,대구광역시 달서구 상인2동,달서구,2729062500,57.81,65.0,80.8,13.76,55.23,42.85,75.17,120,16737,4541,0.2713,1.24,0.0,495.2,47.3,927,0.78,27290,0.9567,17494.5,1185,1238.6,510.6,0.5401,0,33,566.3,1.6938,0.5583,348.2,0.1013,138.3,37.5,미용실,2030,미용실 (이용·미용),2030 청년 소비층 (20~39세),중분류 (이용·미용)
47,대구광역시 달서구 송현2동,달서구,2729064000,57.79,74.03,51.68,14.43,71.68,38.69,84.56,112,17618,3714,0.2108,1.356,7829.2,427.1,36.2,831,0.82,27290,0.9693,18176.0,1011,1043.0,449.2,0.6281,1,33,378.6,1.7597,0.6429,299.8,0.1108,155.9,32.9,미용실,2030,미용실 (이용·미용),2030 청년 소비층 (20~39세),중분류 (이용·미용)
48,대구광역시 남구 대명3동,남구,2720058600,57.62,56.34,75.71,51.68,71.14,45.06,26.51,59,12166,3549,0.2917,0.765,5897.8,420.3,25.4,1055,1.12,27200,0.9315,13060.7,944,1013.4,415.9,0.7119,1,20,338.9,1.8061,0.6441,310.4,0.0625,202.8,59.2,미용실,2030,미용실 (이용·미용),2030 청년 소비층 (20~39세),중분류 (이용·미용)
49,대구광역시 수성구 수성1가동,수성구,2726057000,57.05,73.99,34.49,12.42,86.58,33.02,97.99,99,16970,3196,0.1883,1.711,11615.6,318.7,44.1,364,0.51,27260,0.6383,26586.2,708,1109.2,306.7,0.8814,1,13,357.1,1.9594,0.899,324.3,0.1398,169.7,32.0,미용실,2030,미용실 (이용·미용),2030 청년 소비층 (20~39세),중분류 (이용·미용)
50,대구광역시 북구 대현동,북구,2723064500,56.56,58.89,79.33,57.72,41.81,37.35,43.62,65,15618,4223,0.2704,0.993,0.0,725.7,24.2,786,0.98,27230,0.855,18266.7,801,936.8,879.3,0.1423,0,23,239.0,1.7877,0.3077,274.1,0.0811,236.6,64.0,미용실,2030,미용실 (이용·미용),2030 청년 소비층 (20~39세),중분류 (이용·미용)
51,대구광역시 북구 침산2동,북구,2723056000,56.41,60.87,64.16,49.33,22.92,79.06,65.77,57,17835,4078,0.2287,1.176,0.0,1401.4,31.3,2202,3.71,27230,0.8533,20901.2,593,694.9,1297.3,0.0,0,23,684.5,1.8863,0.0,534.4,0.0961,307.5,70.3,미용실,2030,미용실 (이용·미용),2030 청년 소비층 (20~39세),중분류 (이용·미용)
52,대구광역시 동구 혁신동,동구,2714075500,56.17,46.51,74.23,80.7,27.62,91.81,19.46,59,16501,4213,0.2553,0.704,0.0,1064.7,10.0,8600,8.38,27140,17.0739,966.4,1026,60.1,1007.5,0.0,0,102,1121.3,1.8826,0.0,664.4,0.0575,275.0,70.2,미용실,2030,미용실 (이용·미용),2030 청년 소비층 (20~39세),중분류 (이용·미용)
53,대구광역시 중구 성내1동,중구,2711056500,56.04,52.62,75.84,0.0,87.32,82.92,36.91,255,5527,2770,0.5012,0.917,30098.1,348.0,94.4,4750,1.39,27110,0.759,7281.9,3406,4487.5,324.3,0.8908,1,64,2242.4,1.7374,0.8784,2317.8,0.0749,21.6,10.8,미용실,2030,미용실 (이용·미용),2030 청년 소비층 (20~39세),중분류 (이용·미용)
54,대구광역시 서구 원대동,서구,2717069500,55.69,48.56,52.88,88.92,86.78,29.83,12.08,19,9963,2358,0.2367,0.548,7453.5,307.2,13.1,475,1.12,27170,0.6219,16020.3,424,681.8,291.4,0.9009,1,18,230.3,1.6358,0.9474,192.1,0.0448,498.2,117.9,미용실,2030,미용실 (이용·미용),2030 청년 소비층 (20~39세),중분류 (이용·미용)
55,대구광역시 중구 동인동,중구,2711051700,55.48,47.95,85.1,46.48,38.86,85.17,27.52,66,10997,3988,0.3626,0.766,0.0,712.3,28.0,2997,2.84,27110,0.9707,11328.9,1055,1086.8,664.1,0.1223,0,30,902.8,1.8018,0.0303,744.7,0.0626,164.1,59.5,미용실,2030,미용실 (이용·미용),2030 청년 소비층 (20~39세),중분류 (이용·미용)
56,대구광역시 수성구 만촌3동,수성구,2726056100,55.13,70.03,29.53,34.06,73.82,30.44,89.93,86,20523,3424,0.1668,1.432,14504.4,399.7,27.6,797,1.08,27260,1.6947,12110.1,735,433.7,416.1,0.5578,2,13,188.8,1.9243,0.5349,178.5,0.117,235.9,39.4,미용실,2030,미용실 (이용·미용),2030 청년 소비층 (20~39세),중분류 (이용·미용)
57,대구광역시 동구 신암3동,동구,2714053000,54.91,43.69,71.68,47.32,38.72,51.68,93.96,50,11150,3177,0.2849,1.546,0.0,725.1,28.6,616,1.56,27140,0.6012,18546.2,396,658.7,734.3,0.0581,0,13,452.5,1.8895,0.06,373.2,0.1263,218.6,62.3,미용실,2030,미용실 (이용·미용),2030 청년 소비층 (20~39세),중분류 (이용·미용)
58,대구광역시 달서구 도원동,달서구,2729062800,54.79,52.85,49.93,64.76,24.26,64.7,91.28,78,30857,5862,0.19,1.449,0.0,1275.5,24.6,1977,3.0,27290,11.188,2758.0,659,58.9,1382.2,0.0,0,41,337.0,1.7287,0.0,311.6,0.1184,390.6,74.2,미용실,2030,미용실 (이용·미용),2030 청년 소비층 (20~39세),중분류 (이용·미용)
59,대구광역시 중구 성내2동,중구,2711057500,54.51,47.95,82.55,9.73,80.27,91.71,9.4,109,9263,3674,0.3966,0.508,0.0,254.1,59.8,6799,2.59,27110,0.9226,10040.1,2628,2848.5,283.2,0.933,0,67,2751.4,1.6254,0.9266,2854.0,0.0415,84.2,33.4,미용실,2030,미용실 (이용·미용),2030 청년 소비층 (20~39세),중분류 (이용·미용)
60,대구광역시 달서구 이곡2동,달서구,2729057700,54.51,45.34,52.89,77.18,52.48,96.11,12.75,41,14054,3162,0.225,0.578,0.0,559.2,18.6,4290,4.94,27290,2.2612,6215.3,869,384.3,594.7,0.6479,0,81,1744.6,1.7889,0.5366,1583.7,0.0472,334.6,75.3,미용실,2030,미용실 (이용·미용),2030 청년 소비층 (20~39세),중분류 (이용·미용)
61,대구광역시 달성군 유가읍,달성군,2771025900,54.45,57.89,68.92,52.68,14.53,92.55,39.6,87,31236,6909,0.2212,0.953,0.0,11864.7,31.6,4302,3.85,27710,56.1887,555.9,1117,19.9,12162.5,0.0,0,60,1047.5,1.7554,0.0,1001.8,0.0779,355.0,78.5,미용실,2030,미용실 (이용·미용),2030 청년 소비층 (20~39세),중분류 (이용·미용)
62,대구광역시 중구 대봉1동,중구,2711068000,54.45,57.38,50.07,2.68,97.99,72.52,48.66,93,7666,1817,0.237,1.019,19088.4,196.5,54.1,1613,1.44,27110,0.5627,13623.6,1117,1985.1,194.3,1.0,2,23,833.7,1.8237,1.0,802.3,0.0833,81.6,19.3,미용실,2030,미용실 (이용·미용),2030 청년 소비층 (20~39세),중분류 (이용·미용)
63,대구광역시 달성군 현풍읍,달성군,2771026500,54.29,54.8,81.14,52.52,14.19,77.18,38.93,106,20887,5489,0.2628,0.945,0.0,12200.6,22.9,3238,2.36,27710,24.3321,858.4,1373,56.4,12264.0,0.0,0,76,500.4,1.6722,0.0,582.9,0.0772,195.2,51.3,미용실,2030,미용실 (이용·미용),2030 청년 소비층 (20~39세),중분류 (이용·미용)
64,대구광역시 중구 남산1동,중구,2711064000,54.29,42.95,61.88,3.02,94.09,84.2,60.4,63,5062,1601,0.3163,1.133,12121.7,250.7,65.3,1968,2.89,27110,0.4193,12072.5,680,1621.8,253.0,1.0,2,25,713.6,2.0125,1.0,892.6,0.0926,79.1,25.0,미용실,2030,미용실 (이용·미용),2030 청년 소비층 (20~39세),중분류 (이용·미용)
65,대구광역시 동구 동촌동,동구,2714065500,54.27,43.19,42.35,64.43,60.74,71.54,69.13,54,13815,2883,0.2087,1.193,4475.3,488.4,12.7,1690,3.05,27140,4.4612,3096.7,554,124.2,510.3,0.4116,1,31,352.6,1.7752,0.3889,431.5,0.0975,251.2,52.4,미용실,2030,미용실 (이용·미용),2030 청년 소비층 (20~39세),중분류 (이용·미용)
66,대구광역시 달서구 송현1동,달서구,2729063000,53.91,57.58,51.41,7.88,82.75,27.62,100.0,121,15927,3461,0.2173,1.77,6693.2,336.0,46.6,743,0.89,27290,2.4579,6479.9,837,340.5,366.2,0.7921,1,22,209.0,1.8609,0.876,175.1,0.1446,130.5,28.4,미용실,2030,미용실 (이용·미용),2030 청년 소비층 (20~39세),중분류 (이용·미용)
67,대구광역시 수성구 지산2동,수성구,2726065200,53.7,62.55,46.04,29.02,70.33,41.11,67.11,76,18149,3672,0.2023,1.182,4126.8,432.0,31.9,928,1.18,27260,1.6406,11062.4,787,479.7,398.0,0.8119,1,26,289.4,1.9254,0.7105,253.1,0.0966,235.7,47.7,미용실,2030,미용실 (이용·미용),2030 청년 소비층 (20~39세),중분류 (이용·미용)
68,대구광역시 달서구 두류3동,달서구,2729055000,53.48,48.08,55.17,39.6,96.24,63.09,13.42,37,8931,2187,0.2449,0.58,14138.0,208.8,30.1,954,1.22,27290,1.2035,7420.9,781,648.9,263.5,0.9104,1,23,712.8,1.7883,1.0,658.0,0.0474,235.0,57.6,미용실,2030,미용실 (이용·미용),2030 청년 소비층 (20~39세),중분류 (이용·미용)
69,대구광역시 남구 대명1동,남구,2720056000,53.47,49.7,49.26,42.62,86.44,15.64,77.85,35,9242,2146,0.2322,1.259,7928.3,284.4,29.8,142,0.42,27200,0.4605,20069.5,340,738.3,313.8,0.8971,1,10,202.5,1.8727,0.8571,168.6,0.1029,256.7,59.6,미용실,2030,미용실 (이용·미용),2030 청년 소비층 (20~39세),중분류 (이용·미용)
70,대구광역시 중구 삼덕동,중구,2711054500,53.19,44.83,79.6,2.02,59.33,87.12,59.06,138,7460,3297,0.442,1.106,0.0,461.9,82.6,3487,2.29,27110,0.644,11583.9,1526,2369.6,480.0,0.5839,0,70,1719.3,1.8185,0.6304,1640.9,0.0904,53.7,23.7,미용실,2030,미용실 (이용·미용),2030 청년 소비층 (20~39세),중분류 (이용·미용)
71,대구광역시 동구 신천1·2동,동구,2714055500,52.76,55.64,32.89,36.75,90.74,18.42,85.23,43,10994,2201,0.2002,1.371,9575.6,258.4,28.3,301,0.78,27140,0.4677,23506.5,384,821.0,304.5,0.8438,1,10,149.9,1.8643,0.9535,133.1,0.112,249.9,50.0,미용실,2030,미용실 (이용·미용),2030 청년 소비층 (20~39세),중분류 (이용·미용)
72,대구광역시 중구 대신동,중구,2711059500,52.44,58.89,48.05,68.79,70.87,41.48,0.67,25,7249,1708,0.2356,0.114,13433.4,432.6,19.6,1301,0.48,27110,0.4899,14796.9,2688,5486.8,169.9,0.9699,1,11,1548.5,0.6257,0.56,362.3,0.0093,278.8,65.7,미용실,2030,미용실 (이용·미용),2030 청년 소비층 (20~39세),중분류 (이용·미용)
73,대구광역시 중구 대봉2동,중구,2711069000,52.38,41.61,60.27,55.2,86.78,24.16,41.28,24,5933,1673,0.282,0.979,3410.6,302.9,27.6,179,0.6,27110,0.2744,21621.7,300,1093.3,300.2,1.0,1,8,220.2,1.8838,1.0,219.5,0.08,237.3,66.9,미용실,2030,미용실 (이용·미용),2030 청년 소비층 (20~39세),중분류 (이용·미용)
74,대구광역시 수성구 중동,수성구,2726061000,52.34,53.09,64.56,35.07,33.22,56.11,76.51,82,14422,3464,0.2402,1.242,0.0,1067.2,27.6,1100,1.36,27260,0.948,15213.1,808,852.3,1056.8,0.0334,0,38,386.9,1.9604,0.061,412.9,0.1015,173.8,41.7,미용실,2030,미용실 (이용·미용),2030 청년 소비층 (20~39세),중분류 (이용·미용)
75,대구광역시 서구 평리5동,서구,2717066000,52.34,43.12,76.11,94.3,19.23,28.62,42.95,15,10531,3365,0.3195,0.986,0.0,1842.2,9.9,224,1.2,27170,0.4071,25868.3,186,456.9,1832.0,0.0,0,9,214.6,1.864,0.0,185.3,0.0806,658.2,210.3,미용실,2030,미용실 (이용·미용),2030 청년 소비층 (20~39세),중분류 (이용·미용)
76,대구광역시 수성구 황금2동,수성구,2726060200,52.12,53.02,63.83,8.06,55.43,55.37,83.89,114,11770,3018,0.2564,1.355,2213.9,577.0,43.8,1605,1.56,27260,1.1892,9897.4,1030,866.1,557.5,0.4214,1,58,395.5,1.9253,0.386,336.6,0.1107,102.3,26.2,미용실,2030,미용실 (이용·미용),2030 청년 소비층 (20~39세),중분류 (이용·미용)
77,대구광역시 북구 무태조야동,북구,2723069500,51.85,60.47,54.49,68.62,16.21,48.49,52.35,103,32499,6358,0.1956,1.041,0.0,3928.4,17.4,1749,1.44,27230,22.8763,1420.6,1211,52.9,3904.0,0.0,0,48,240.2,1.8693,0.0,249.8,0.0851,312.5,61.1,미용실,2030,미용실 (이용·미용),2030 청년 소비층 (20~39세),중분류 (이용·미용)
78,대구광역시 남구 대명10동,남구,2720065000,51.66,50.97,46.17,6.38,86.24,50.54,81.88,71,7805,1793,0.2297,1.336,15387.0,382.0,44.5,444,0.68,27200,0.5166,15108.4,650,1258.2,375.5,0.8677,1,12,574.8,1.8044,0.9859,643.4,0.1092,108.4,24.9,미용실,2030,미용실 (이용·미용),2030 청년 소비층 (20~39세),중분류 (이용·미용)
79,대구광역시 북구 침산3동,북구,2723057000,51.27,55.91,39.86,63.76,23.59,74.46,59.73,49,17704,3441,0.1944,1.109,0.0,1368.8,23.4,1418,2.62,27230,1.0462,16922.2,541,517.1,1374.8,0.0,0,27,644.1,1.8583,0.0,631.5,0.0906,354.1,68.8,미용실,2030,미용실 (이용·미용),2030 청년 소비층 (20~39세),중분류 (이용·미용)
80,대구광역시 수성구 만촌1동,수성구,2726055000,51.19,56.54,45.77,70.31,24.6,70.8,37.58,64,20174,3970,0.1968,0.92,0.0,1273.2,15.2,2268,2.67,27260,2.6991,7474.3,851,315.3,1236.9,0.0,0,39,434.8,1.9356,0.0,434.2,0.0752,310.4,61.1,미용실,2030,미용실 (이용·미용),2030 청년 소비층 (20~39세),중분류 (이용·미용)
81,대구광역시 수성구 범물2동,수성구,2726066200,51.16,41.91,33.89,46.14,74.03,61.98,75.84,42,15526,2967,0.1911,1.241,0.0,352.4,31.9,590,1.43,27260,2.122,7316.7,414,195.1,382.0,0.8309,0,14,463.5,1.9377,0.9048,654.1,0.1014,361.1,69.0,미용실,2030,미용실 (이용·미용),2030 청년 소비층 (20~39세),중분류 (이용·미용)
82,대구광역시 달성군 구지면,달성군,2771038000,51.05,43.89,75.57,89.94,13.52,47.72,24.83,43,18847,4679,0.2483,0.759,0.0,16917.3,12.1,2321,3.35,27710,39.6367,475.5,693,17.5,17209.4,0.0,0,59,87.9,1.65,0.0,93.8,0.062,428.3,106.3,미용실,2030,미용실 (이용·미용),2030 청년 소비층 (20~39세),중분류 (이용·미용)
83,대구광역시 남구 이천동,남구,2720051500,50.71,45.7,54.77,56.88,55.24,35.9,56.38,43,14245,3221,0.2261,1.07,0.0,547.8,28.0,350,0.71,27200,1.0429,13659.0,492,471.8,549.3,0.628,0,12,288.2,1.8983,0.6279,334.1,0.0874,323.8,73.2,미용실,2030,미용실 (이용·미용),2030 청년 소비층 (20~39세),중분류 (이용·미용)
84,대구광역시 달서구 장기동,달서구,2729056800,50.45,48.05,64.7,59.9,41.07,56.04,23.49,52,15347,3647,0.2376,0.753,0.0,737.3,25.2,958,1.13,27290,2.76,5560.5,846,306.5,906.7,0.1548,0,34,327.3,1.8569,0.2308,505.1,0.0615,289.6,68.8,미용실,2030,미용실 (이용·미용),2030 청년 소비층 (20~39세),중분류 (이용·미용)
85,대구광역시 서구 내당4동,서구,2717054000,50.37,54.77,49.13,20.8,43.42,55.57,89.26,94,14119,3109,0.2202,1.417,0.0,653.1,31.2,1151,1.42,27170,0.8127,17373.0,812,999.1,644.9,0.2352,0,30,493.5,1.7588,0.1809,400.1,0.1158,148.6,32.7,미용실,2030,미용실 (이용·미용),2030 청년 소비층 (20~39세),중분류 (이용·미용)
86,대구광역시 동구 지저동,동구,2714064000,50.1,41.98,25.64,72.32,81.34,53.02,40.27,30,12323,2284,0.1853,0.966,9062.4,359.4,21.2,2021,5.32,27140,2.2358,5511.7,380,170.0,469.2,0.5684,1,12,412.7,1.6623,0.8,157.3,0.0789,397.5,73.7,미용실,2030,미용실 (이용·미용),2030 청년 소비층 (20~39세),중분류 (이용·미용)
87,대구광역시 동구 효목2동,동구,2714060000,49.86,53.26,59.33,42.78,35.64,52.85,49.66,54,14147,3313,0.2342,1.022,0.0,948.3,30.5,897,1.39,27140,0.761,18590.0,647,850.2,915.3,0.085,0,26,459.9,1.8141,0.0741,390.9,0.0835,257.2,60.2,미용실,2030,미용실 (이용·미용),2030 청년 소비층 (20~39세),중분류 (이용·미용)
88,대구광역시 남구 대명6동,남구,2720061000,49.49,33.83,57.99,31.88,70.81,56.98,66.44,54,10276,2548,0.248,1.18,0.0,365.3,29.2,857,1.53,27200,1.5709,6541.5,560,356.5,385.9,0.675,0,13,329.3,1.9196,0.7963,415.5,0.0964,186.8,46.3,미용실,2030,미용실 (이용·미용),2030 청년 소비층 (20~39세),중분류 (이용·미용)
89,대구광역시 수성구 황금1동,수성구,2726060100,48.45,49.06,33.56,84.56,37.85,22.78,63.76,38,20820,3621,0.1739,1.165,0.0,789.3,13.8,480,1.2,27260,2.5751,8085.1,399,154.9,851.9,0.0702,0,13,72.8,1.9203,0.0789,84.1,0.0952,533.8,92.8,미용실,2030,미용실 (이용·미용),2030 청년 소비층 (20~39세),중분류 (이용·미용)
90,대구광역시 달서구 성당동,달서구,2729051500,48.27,60.67,38.66,31.88,29.63,53.96,77.18,107,19920,3717,0.1866,1.248,0.0,940.9,26.7,2331,2.22,27290,1.9869,10025.7,1049,528.0,917.0,0.0143,0,41,251.2,1.8319,0.0,229.5,0.102,184.4,34.4,미용실,2030,미용실 (이용·미용),2030 청년 소비층 (20~39세),중분류 (이용·미용)
91,대구광역시 달서구 본동,달서구,2729065000,48.26,42.75,52.88,87.92,22.25,65.2,18.12,29,13148,2978,0.2265,0.691,0.0,1427.9,12.4,1481,2.89,27290,1.0557,12454.3,513,485.9,1394.5,0.0,0,31,371.6,1.8481,0.0,372.1,0.0565,438.3,99.3,미용실,2030,미용실 (이용·미용),2030 청년 소비층 (20~39세),중분류 (이용·미용)
92,대구광역시 남구 대명4동,남구,2720059000,48.24,46.07,36.51,23.99,66.24,63.35,72.48,63,9003,1880,0.2088,1.214,7282.1,471.5,28.1,1742,2.74,27200,0.76,11846.1,635,835.5,536.5,0.3512,1,20,496.8,1.7378,0.6032,344.0,0.0992,140.7,29.4,미용실,2030,미용실 (이용·미용),2030 청년 소비층 (20~39세),중분류 (이용·미용)
93,대구광역시 북구 산격3동,북구,2723063000,48.22,37.48,82.15,20.13,18.22,89.53,58.39,85,8390,3646,0.4346,1.099,0.0,2206.3,41.4,3619,3.82,27230,1.272,6595.9,947,744.5,2105.0,0.0,0,19,1139.1,1.6083,0.0,771.5,0.0898,97.6,42.4,미용실,2030,미용실 (이용·미용),2030 청년 소비층 (20~39세),중분류 (이용·미용)
94,대구광역시 동구 신암2동,동구,2714052000,48.07,47.31,45.03,26.68,47.31,38.36,99.33,49,11446,2532,0.2212,1.764,0.0,582.7,36.0,357,1.05,27140,0.3625,31575.2,340,937.9,610.1,0.3059,0,13,392.6,1.7582,0.2857,310.6,0.1441,228.9,50.6,미용실,2030,미용실 (이용·미용),2030 청년 소비층 (20~39세),중분류 (이용·미용)
95,대구광역시 수성구 수성2·3가동,수성구,2726058000,47.52,51.64,19.73,11.74,87.32,67.11,65.1,69,10185,1773,0.1741,1.17,5644.8,299.4,32.9,1441,2.0,27260,0.6602,15427.1,722,1093.6,276.9,0.9848,1,24,550.7,1.8895,0.9855,515.9,0.0956,145.5,25.3,미용실,2030,미용실 (이용·미용),2030 청년 소비층 (20~39세),중분류 (이용·미용)
96,대구광역시 수성구 수성4가동,수성구,2726059000,47.31,52.15,36.24,22.15,69.06,44.6,62.75,64,12798,2571,0.2009,1.155,0.0,376.2,33.1,423,0.62,27260,0.6138,20850.4,678,1104.6,395.7,0.7478,0,14,458.2,1.9008,0.75,486.9,0.0944,196.9,39.6,미용실,2030,미용실 (이용·미용),2030 청년 소비층 (20~39세),중분류 (이용·미용)
97,대구광역시 수성구 파동,수성구,2726063000,47.09,38.99,56.24,93.62,20.57,13.16,57.05,29,17133,3783,0.2208,1.089,0.0,1603.6,6.4,264,0.81,27260,5.4129,3165.2,326,60.2,1661.7,0.0,0,13,28.4,1.8928,0.0,33.2,0.089,571.1,126.1,미용실,2030,미용실 (이용·미용),2030 청년 소비층 (20~39세),중분류 (이용·미용)
98,대구광역시 동구 신암1동,동구,2714051000,46.74,44.16,58.12,57.38,26.94,38.52,53.69,45,10781,2609,0.242,1.048,0.0,1071.0,22.2,394,0.75,27140,0.606,17790.4,526,868.0,1051.5,0.0,0,10,436.8,1.7965,0.0,369.6,0.0856,234.4,56.7,미용실,2030,미용실 (이용·미용),2030 청년 소비층 (20~39세),중분류 (이용·미용)
99,대구광역시 북구 복현1동,북구,2723067100,46.5,38.56,82.42,62.42,19.56,32.62,28.86,33,7131,3563,0.4996,0.816,0.0,1673.1,29.0,333,0.67,27230,0.3619,19704.3,495,1367.8,1714.4,0.0,0,10,312.4,1.6966,0.0,305.1,0.0667,209.7,104.8,미용실,2030,미용실 (이용·미용),2030 청년 소비층 (20~39세),중분류 (이용·미용)
100,대구광역시 동구 불로·봉무동,동구,2714062000,46.08,54.77,41.14,52.18,16.54,92.32,18.79,72,19381,3703,0.1911,0.701,0.0,2826.4,22.9,4178,3.33,27140,7.6608,2529.9,1256,164.0,2945.5,0.0008,0,57,1075.7,1.7038,0.0,1090.5,0.0573,265.5,50.7,미용실,2030,미용실 (이용·미용),2030 청년 소비층 (20~39세),중분류 (이용·미용)
101,대구광역시 동구 신암5동,동구,2714054100,44.8,29.5,40.2,56.71,72.08,21.48,64.43,30,7315,1619,0.2213,1.169,0.0,387.5,20.2,300,0.96,27140,0.5467,13380.3,314,574.4,366.8,0.9108,0,9,165.0,1.672,0.9333,160.1,0.0955,236.0,52.2,미용실,2030,미용실 (이용·미용),2030 청년 소비층 (20~39세),중분류 (이용·미용)
102,대구광역시 수성구 만촌2동,수성구,2726056000,44.71,38.96,49.06,59.06,47.65,23.42,48.66,51,13080,2894,0.2213,1.019,0.0,645.9,20.1,469,0.77,27260,1.9514,6702.9,612,313.6,658.5,0.3431,0,17,172.3,1.9354,0.3922,172.1,0.0833,251.5,55.7,미용실,2030,미용실 (이용·미용),2030 청년 소비층 (20~39세),중분류 (이용·미용)
103,대구광역시 동구 해안동,동구,2714068500,43.6,40.2,30.4,66.1,54.3,23.69,50.34,40,12925,2484,0.1922,1.03,11140.2,642.5,18.8,480,1.01,27140,13.264,974.4,475,35.8,755.4,0.0589,2,23,160.5,1.8161,0.125,151.2,0.0842,315.2,60.6,미용실,2030,미용실 (이용·미용),2030 청년 소비층 (20~39세),중분류 (이용·미용)
104,대구광역시 남구 대명9동,남구,2720064000,43.47,40.1,63.35,42.78,31.98,30.6,44.97,64,13110,3204,0.2444,0.997,0.0,749.3,25.5,762,0.97,27200,3.1401,4175.0,785,250.0,817.3,0.0038,0,28,184.2,1.8211,0.0,194.5,0.0815,201.7,49.3,미용실,2030,미용실 (이용·미용),2030 청년 소비층 (20~39세),중분류 (이용·미용)
105,대구광역시 동구 방촌동,동구,2714067000,43.25,51.51,31.14,29.36,27.95,32.45,97.32,81,16714,3096,0.1852,1.674,0.0,1012.9,28.2,638,1.08,27140,1.2248,13646.3,592,483.3,972.5,0.0,0,22,212.6,1.7373,0.0,202.9,0.1368,203.8,37.8,미용실,2030,미용실 (이용·미용),2030 청년 소비층 (20~39세),중분류 (이용·미용)
106,대구광역시 수성구 범어4동,수성구,2726054000,43.05,64.96,19.32,9.22,61.61,54.5,36.24,86,18446,2560,0.1388,0.914,0.0,437.0,46.4,974,0.85,27260,1.1922,15472.2,1151,965.4,382.2,0.7541,0,29,516.8,1.7887,0.6512,533.6,0.0747,212.0,29.4,미용실,2030,미용실 (이용·미용),2030 청년 소비층 (20~39세),중분류 (이용·미용)
107,대구광역시 수성구 범물1동,수성구,2726066100,42.86,34.66,10.54,22.32,94.1,71.21,57.72,33,9654,1315,0.1362,1.092,11108.8,230.8,32.0,781,2.11,27260,5.8003,1664.4,370,63.8,338.1,0.9676,2,13,815.3,1.6642,1.0,745.9,0.0892,283.9,38.7,미용실,2030,미용실 (이용·미용),2030 청년 소비층 (20~39세),중분류 (이용·미용)
108,대구광역시 달성군 옥포읍,달성군,2771026200,42.83,47.35,34.77,80.88,15.87,39.4,32.21,51,22138,3790,0.1712,0.854,0.0,4359.6,12.0,937,1.28,27710,47.4421,466.6,731,15.4,4106.1,0.0,0,39,152.0,1.7783,0.0,218.1,0.0698,425.7,72.9,미용실,2030,미용실 (이용·미용),2030 청년 소비층 (20~39세),중분류 (이용·미용)
109,대구광역시 서구 상중이동,서구,2717067500,42.28,51.27,33.29,64.6,32.08,49.33,8.05,44,16863,3160,0.1874,0.45,0.0,1150.6,23.5,3259,2.72,27170,6.7768,2488.3,1196,176.5,1380.9,0.0125,0,73,191.9,1.8364,0.0682,142.2,0.0368,374.7,70.2,미용실,2030,미용실 (이용·미용),2030 청년 소비층 (20~39세),중분류 (이용·미용)
110,대구광역시 중구 남산3동,중구,2711066000,42.0,35.81,20.74,31.04,92.02,39.2,47.32,26,5779,1103,0.1909,1.017,5728.2,227.4,28.3,404,1.29,27110,0.4076,14178.1,313,767.9,254.0,0.9968,1,10,293.4,1.8445,1.0,277.7,0.0831,214.0,40.9,미용실,2030,미용실 (이용·미용),2030 청년 소비층 (20~39세),중분류 (이용·미용)
111,대구광역시 서구 평리4동,서구,2717065000,41.71,61.71,37.05,14.43,25.27,30.5,67.79,92,15025,2964,0.1973,1.185,0.0,1256.1,33.9,553,0.58,27170,0.7453,20159.7,950,1274.7,1310.9,0.0,0,29,308.6,1.72,0.0,254.4,0.0968,161.6,31.9,미용실,2030,미용실 (이용·미용),2030 청년 소비층 (20~39세),중분류 (이용·미용)
112,대구광역시 북구 노원동,북구,2723079000,41.69,41.04,35.44,67.45,50.2,41.01,5.37,38,10954,2258,0.2061,0.421,0.0,573.3,13.3,1224,1.11,27230,3.0536,3587.2,1104,361.5,693.4,0.3207,0,44,266.5,1.7025,0.3947,251.4,0.0344,280.9,57.9,미용실,2030,미용실 (이용·미용),2030 청년 소비층 (20~39세),중분류 (이용·미용)
113,대구광역시 서구 평리3동,서구,2717064000,41.48,45.51,41.48,68.29,23.25,33.83,24.16,40,12090,2560,0.2117,0.756,0.0,1369.2,18.7,808,1.25,27170,0.7793,15513.9,647,830.2,1448.3,0.0,0,17,230.2,1.772,0.0,180.8,0.0618,294.9,62.4,미용실,2030,미용실 (이용·미용),2030 청년 소비층 (20~39세),중분류 (이용·미용)
114,대구광역시 동구 공산동,동구,2714076000,40.61,45.17,31.28,86.58,15.2,39.94,15.44,38,19708,3413,0.1732,0.617,0.0,5775.0,11.5,1875,2.49,27140,83.2696,236.7,754,9.1,7174.6,0.0,0,67,61.0,1.6036,0.0,79.9,0.0504,505.3,87.5,미용실,2030,미용실 (이용·미용),2030 청년 소비층 (20~39세),중분류 (이용·미용)
115,대구광역시 북구 관음동,북구,2723075000,40.33,37.78,35.1,31.04,21.24,48.02,93.29,72,13689,2695,0.1969,1.509,0.0,1509.9,27.6,1198,2.05,27230,3.0672,4463.0,584,190.4,1468.8,0.0,0,23,374.4,1.7842,0.0,225.1,0.1233,187.5,36.9,미용실,2030,미용실 (이용·미용),2030 청년 소비층 (20~39세),중분류 (이용·미용)
116,대구광역시 서구 비산7동,서구,2717061000,40.25,40.94,30.6,43.46,70.33,32.99,14.77,40,9260,1843,0.199,0.601,2543.2,416.9,23.6,1162,1.43,27170,2.584,3583.6,815,315.4,513.8,0.4699,1,25,189.6,1.6054,0.7,112.4,0.0491,225.9,45.0,미용실,2030,미용실 (이용·미용),2030 청년 소비층 (20~39세),중분류 (이용·미용)
117,대구광역시 남구 봉덕3동,남구,2720055000,39.85,44.29,32.82,29.53,34.3,33.79,70.47,84,14003,2692,0.1922,1.198,0.0,974.2,25.7,902,1.05,27200,3.0696,4561.8,858,279.5,904.0,0.1096,0,23,221.5,1.8839,0.0238,200.3,0.0979,164.7,31.7,미용실,2030,미용실 (이용·미용),2030 청년 소비층 (20~39세),중분류 (이용·미용)
118,대구광역시 서구 비산1동,서구,2717055000,38.67,34.9,12.48,60.57,55.6,10.94,71.81,21,7738,1248,0.1613,1.207,0.0,496.4,19.1,94,0.44,27170,0.4334,17854.2,213,491.5,505.0,0.5352,0,4,115.3,1.5363,0.5714,98.7,0.0986,351.7,56.7,미용실,2030,미용실 (이용·미용),2030 청년 소비층 (20~39세),중분류 (이용·미용)
119,대구광역시 서구 내당2·3동,서구,2717052500,38.65,37.48,19.06,45.14,61.14,32.21,44.3,36,8091,1420,0.1755,0.995,0.0,446.6,22.2,287,0.65,27170,0.4967,16289.5,443,891.9,456.6,0.6524,0,13,339.8,1.6893,0.6667,308.0,0.0813,218.7,38.4,미용실,2030,미용실 (이용·미용),2030 청년 소비층 (20~39세),중분류 (이용·미용)
120,대구광역시 수성구 상동,수성구,2726062000,38.29,50.27,39.06,16.11,24.93,19.23,73.15,98,13938,2842,0.2039,1.216,0.0,1257.3,31.7,678,0.69,27260,1.3277,10497.9,986,742.6,1288.9,0.0,0,28,118.7,1.9138,0.0,111.5,0.0994,140.8,28.7,미용실,2030,미용실 (이용·미용),2030 청년 소비층 (20~39세),중분류 (이용·미용)
121,대구광역시 서구 비산5동,서구,2717059000,38.18,36.08,8.06,31.04,93.9,22.68,47.32,28,4744,677,0.1427,1.017,7774.7,207.5,23.3,128,0.38,27170,0.3445,13770.7,337,978.2,201.9,1.0,2,4,204.0,1.6091,1.0,227.6,0.0831,163.6,23.3,미용실,2030,미용실 (이용·미용),2030 청년 소비층 (20~39세),중분류 (이용·미용)
122,대구광역시 서구 평리6동,서구,2717066100,37.96,19.5,54.56,97.32,20.23,29.6,6.04,6,5391,1417,0.2628,0.422,0.0,1624.5,2.3,317,1.82,27170,0.7464,7222.7,174,233.1,1588.9,0.0,0,10,129.4,1.7879,0.0,125.5,0.0345,770.1,202.4,미용실,2030,미용실 (이용·미용),2030 청년 소비층 (20~39세),중분류 (이용·미용)
123,대구광역시 서구 비산4동,서구,2717058000,37.79,37.68,17.99,49.5,37.05,25.27,73.83,31,8143,1419,0.1743,1.22,0.0,883.4,20.6,256,0.82,27170,0.434,18762.7,311,716.6,872.3,0.0579,0,12,200.0,1.7548,0.0968,198.1,0.0997,254.5,44.3,미용실,2030,미용실 (이용·미용),2030 청년 소비층 (20~39세),중분류 (이용·미용)
124,대구광역시 달서구 월성2동,달서구,2729060200,36.95,31.98,16.91,84.9,21.91,68.79,10.74,20,13435,2007,0.1494,0.538,0.0,1432.5,14.2,2943,6.47,27290,7.6185,1763.5,455,59.7,1831.7,0.0,0,41,250.2,1.7894,0.0,285.8,0.044,639.8,95.6,미용실,2030,미용실 (이용·미용),2030 청년 소비층 (20~39세),중분류 (이용·미용)
125,대구광역시 북구 산격4동,북구,2723063100,36.51,26.17,40.67,66.94,18.56,46.11,30.87,25,6961,1565,0.2248,0.831,0.0,2150.4,18.1,595,1.62,27230,0.7157,9726.1,368,514.2,2035.1,0.0,0,6,252.6,1.8845,0.0,289.8,0.0679,267.7,60.2,미용실,2030,미용실 (이용·미용),2030 청년 소비층 (20~39세),중분류 (이용·미용)
126,대구광역시 남구 봉덕1동,남구,2720053000,36.41,39.57,36.64,39.1,38.32,21.78,34.23,47,7680,1654,0.2154,0.884,0.0,811.7,23.3,448,0.69,27200,0.4881,15734.5,651,1333.7,815.4,0.192,0,12,195.9,1.7448,0.1489,169.6,0.0722,160.0,34.5,미용실,2030,미용실 (이용·미용),2030 청년 소비층 (20~39세),중분류 (이용·미용)
127,대구광역시 남구 봉덕2동,남구,2720054000,36.41,33.69,32.69,56.21,21.58,6.51,74.5,47,12852,2530,0.1969,1.224,0.0,1498.1,21.2,66,0.14,27200,3.0276,4244.9,470,155.2,1539.8,0.0,0,4,59.5,1.8229,0.0,63.1,0.1,267.8,52.7,미용실,2030,미용실 (이용·미용),2030 청년 소비층 (20~39세),중분류 (이용·미용)
128,대구광역시 동구 효목1동,동구,2714059000,35.61,40.84,23.23,46.31,39.19,25.3,33.56,55,11472,2088,0.182,0.864,0.0,777.5,19.8,901,1.16,27140,1.4646,7832.9,779,531.9,849.0,0.1592,0,32,179.1,1.7622,0.1636,86.8,0.0706,204.9,37.3,미용실,2030,미용실 (이용·미용),2030 청년 소비층 (20~39세),중분류 (이용·미용)
129,대구광역시 북구 산격2동,북구,2723062000,35.44,40.84,35.57,27.86,17.21,89.06,4.03,38,9376,1955,0.2085,0.368,0.0,2531.0,33.6,10440,8.27,27230,2.3539,3983.2,1263,536.6,2945.4,0.0,0,84,2052.4,1.5111,0.0,589.3,0.0301,240.4,50.1,미용실,2030,미용실 (이용·미용),2030 청년 소비층 (20~39세),중분류 (이용·미용)
130,대구광역시 서구 평리2동,서구,2717063000,35.04,35.97,13.96,46.81,26.27,12.96,91.95,25,6820,1163,0.1705,1.486,0.0,1125.1,22.9,115,0.56,27170,0.2781,24523.6,206,740.7,1200.3,0.0,0,6,152.3,1.7598,0.0,116.6,0.1214,262.3,44.7,미용실,2030,미용실 (이용·미용),2030 청년 소비층 (20~39세),중분류 (이용·미용)
131,대구광역시 달성군 논공읍,달성군,2771025300,33.1,42.72,26.44,41.78,14.86,34.77,30.2,69,14804,2595,0.1753,0.827,0.0,8581.9,22.9,1664,1.63,27710,44.0501,336.1,1021,23.2,8220.1,0.0,0,42,76.6,1.7366,0.0,78.3,0.0676,211.5,37.1,미용실,2030,미용실 (이용·미용),2030 청년 소비층 (20~39세),중분류 (이용·미용)
132,대구광역시 남구 대명11동,남구,2720066000,32.42,30.84,20.27,34.22,45.3,42.35,29.53,41,7152,1338,0.1871,0.818,0.0,621.3,23.7,711,1.16,27200,0.8477,8436.9,614,724.3,687.2,0.0537,0,19,454.2,1.5689,0.1951,310.2,0.0668,170.3,31.9,미용실,2030,미용실 (이용·미용),2030 청년 소비층 (20~39세),중분류 (이용·미용)
133,대구광역시 서구 비산6동,서구,2717060000,31.63,35.44,11.68,15.44,28.62,21.91,98.66,32,6319,1053,0.1666,1.74,0.0,989.8,33.5,200,0.89,27170,0.2715,23274.4,225,828.7,935.7,0.0,0,7,166.1,1.6884,0.0,172.0,0.1422,191.5,31.9,미용실,2030,미용실 (이용·미용),2030 청년 소비층 (20~39세),중분류 (이용·미용)
134,대구광역시 서구 평리1동,서구,2717062000,31.09,30.6,12.21,32.04,28.29,9.53,94.63,38,6126,1029,0.168,1.576,0.0,995.2,23.4,68,0.23,27170,0.3656,16756.0,295,806.9,1031.4,0.0,0,4,102.6,1.7586,0.0,94.9,0.1288,157.1,26.4,미용실,2030,미용실 (이용·미용),2030 청년 소비층 (20~39세),중분류 (이용·미용)
135,대구광역시 북구 검단동,북구,2723068000,31.08,14.26,12.89,92.96,17.55,66.38,10.07,8,5414,931,0.172,0.515,0.0,2517.1,4.9,574,3.02,27230,3.7681,1436.8,190,50.4,2658.8,0.0,0,6,208.6,1.7306,0.0,476.6,0.0421,601.6,103.4,미용실,2030,미용실 (이용·미용),2030 청년 소비층 (20~39세),중분류 (이용·미용)
136,대구광역시 동구 도평동,동구,2714061500,29.84,9.9,40.4,90.26,18.89,7.38,16.78,4,3371,779,0.2311,0.68,0.0,2086.6,13.0,41,0.57,27140,19.9271,169.2,72,3.6,2629.1,0.0,0,3,4.2,1.635,0.0,3.0,0.0556,674.2,155.8,미용실,2030,미용실 (이용·미용),2030 청년 소비층 (20~39세),중분류 (이용·미용)
137,대구광역시 서구 비산2·3동,서구,2717056500,28.47,34.5,10.61,27.52,42.02,20.07,35.57,39,7550,1094,0.1449,0.913,0.0,700.0,25.6,276,0.53,27170,0.555,13603.6,523,942.3,678.0,0.3078,0,13,196.2,1.5586,0.2051,182.6,0.0746,188.8,27.4,미용실,2030,미용실 (이용·미용),2030 청년 소비층 (20~39세),중분류 (이용·미용)
138,대구광역시 달서구 상인3동,달서구,2729062600,28.34,25.64,8.99,35.24,22.58,40.34,61.41,34,9445,1230,0.1302,1.147,0.0,1422.6,24.7,464,1.28,27290,3.3085,2854.8,363,109.7,1319.7,0.0,0,13,327.8,1.7064,0.0,288.2,0.0937,269.9,35.1,미용실,2030,미용실 (이용·미용),2030 청년 소비층 (20~39세),중분류 (이용·미용)
139,대구광역시 달성군 가창면,달성군,2771031000,27.82,15.84,5.91,89.1,16.88,56.58,3.36,8,6719,760,0.1131,0.252,0.0,2575.2,4.4,2291,5.9,27710,110.4332,60.8,388,3.5,5522.5,0.0,0,32,134.5,1.676,0.0,172.2,0.0206,746.6,84.4,미용실,2030,미용실 (이용·미용),2030 청년 소비층 (20~39세),중분류 (이용·미용)
140,대구광역시 북구 산격1동,북구,2723061000,27.15,25.54,8.12,61.74,17.88,7.51,51.68,21,7370,1004,0.1362,1.04,0.0,2281.2,9.1,69,0.28,27230,0.8679,8491.8,247,284.6,2197.3,0.0,0,5,71.8,1.7525,0.0,65.8,0.085,335.0,45.6,미용실,2030,미용실 (이용·미용),2030 청년 소비층 (20~39세),중분류 (이용·미용)
141,대구광역시 달성군 하빈면,달성군,2771033000,24.68,10.0,4.7,95.47,15.53,39.6,1.34,2,3104,310,0.0999,0.138,0.0,4657.6,0.0,850,4.8,27710,37.7234,82.3,177,4.7,3593.4,0.0,0,16,16.9,1.703,0.0,9.5,0.0113,1034.7,103.3,미용실,2030,미용실 (이용·미용),2030 청년 소비층 (20~39세),중분류 (이용·미용)
142,대구광역시 북구 침산1동,북구,2723055000,21.78,14.23,9.4,61.74,23.92,10.4,17.45,11,3441,569,0.1654,0.687,0.0,1299.9,10.1,115,0.59,27230,1.4697,2341.3,196,133.4,1796.3,0.0,0,6,93.6,1.733,0.0,69.4,0.0561,286.8,47.4,미용실,2030,미용실 (이용·미용),2030 청년 소비층 (20~39세),중분류 (이용·미용)
143,대구광역시 군위군 군위읍,군위군,2772025000,20.69,22.78,8.32,62.42,11.51,2.35,8.72,22,7901,1073,0.1358,0.482,0.0,30907.9,9.7,0,0.0,27720,82.95,95.3,559,6.7,30678.1,0.0,0,0,0.0,1.7561,0.0,0.0,0.0394,343.5,46.7,미용실,2030,미용실 (이용·미용),2030 청년 소비층 (20~39세),중분류 (이용·미용)
144,대구광역시 군위군 소보면,군위군,2772031000,17.38,7.79,2.28,82.72,11.17,2.35,2.68,1,2221,132,0.0594,0.195,0.0,33754.0,0.0,0,0.0,27720,99.6768,22.3,63,0.6,34386.7,0.0,0,0,0.0,1.6534,0.0,0.0,0.0159,1110.5,66.0,미용실,2030,미용실 (이용·미용),2030 청년 소비층 (20~39세),중분류 (이용·미용)
145,대구광역시 군위군 효령면,군위군,2772032000,16.65,9.8,4.03,66.78,13.19,2.35,6.71,5,3639,297,0.0816,0.437,0.0,21170.9,2.4,0,0.0,27720,96.6177,37.7,140,1.4,19823.3,0.0,0,0,0.0,1.6874,0.0,0.0,0.0357,606.5,49.5,미용실,2030,미용실 (이용·미용),2030 청년 소비층 (20~39세),중분류 (이용·미용)
146,대구광역시 군위군 부계면,군위군,2772033000,16.59,8.19,3.36,72.98,13.86,2.35,2.01,2,2106,164,0.0779,0.157,0.0,16219.6,0.0,0,0.0,27720,65.1498,32.3,156,2.4,14132.4,0.0,0,0,0.0,1.5238,0.0,0.0,0.0128,702.0,54.7,미용실,2030,미용실 (이용·미용),2030 청년 소비층 (20~39세),중분류 (이용·미용)
147,대구광역시 군위군 우보면,군위군,2772034000,15.38,7.11,2.14,54.36,11.84,2.35,26.51,3,1937,122,0.063,0.765,0.0,27847.4,2.0,0,0.0,27720,60.4878,32.0,48,0.8,27265.0,0.0,0,0,0.0,1.6422,0.0,0.0,0.0625,484.2,30.5,미용실,2030,미용실 (이용·미용),2030 청년 소비층 (20~39세),중분류 (이용·미용)
148,대구광역시 군위군 삼국유사면,군위군,2772037000,15.19,6.27,0.27,74.32,12.51,2.35,0.0,0,1330,57,0.0429,0.0,0.0,24412.0,0.0,0,0.0,27720,115.041,11.6,36,0.3,24412.0,0.0,0,0,0.0,1.542,0.0,0.0,0.0,1330.0,57.0,미용실,2030,미용실 (이용·미용),2030 청년 소비층 (20~39세),중분류 (이용·미용)
149,대구광역시 군위군 의흥면,군위군,2772035000,14.85,8.66,1.61,46.98,12.18,2.35,28.19,6,2217,129,0.0582,0.798,0.0,27747.0,5.0,0,0.0,27720,54.4298,40.7,92,1.7,27468.0,0.0,0,0,0.0,1.3958,0.0,0.0,0.0652,316.7,18.4,미용실,2030,미용실 (이용·미용),2030 청년 소비층 (20~39세),중분류 (이용·미용)
150,대구광역시 군위군 산성면,군위군,2772036000,12.79,6.84,0.4,49.0,12.85,2.35,11.41,2,1201,54,0.045,0.543,0.0,22185.5,1.0,0,0.0,27720,36.9047,32.5,45,1.2,21435.4,0.0,0,0,0.0,1.3772,0.0,0.0,0.0444,400.3,18.0,미용실,2030,미용실 (이용·미용),2030 청년 소비층 (20~39세),중분류 (이용·미용)
1,대구광역시 수성구 범어1동,수성구,2726051000,80.16,83.59,95.84,30.88,94.09,81.74,89.93,103,22679,5507,0.2428,1.902,19467.9,286.6,18.8,2378,2.41,27260,1.1852,19135.2,988,833.6,239.4,0.996,2,34,1056.3,1.9254,0.9903,1041.8,0.1043,218.1,53.0,학원,10s,학원 (일반·기타 교육),10대 이하 (0~19세),중분류 (일반·기타 교육)
2,대구광역시 달성군 다사읍,달성군,2771025600,74.68,78.79,95.97,53.36,53.49,74.36,83.89,207,88904,19414,0.2184,1.629,24793.4,1119.6,14.1,4705,2.03,27710,36.8156,2414.8,2317,62.9,1242.5,0.3423,3,133,475.8,1.7768,0.4879,534.1,0.0893,427.4,93.3,학원,10s,학원 (일반·기타 교육),10대 이하 (0~19세),중분류 (일반·기타 교육)
3,대구광역시 달서구 상인1동,달서구,2729062400,73.4,90.67,79.73,18.12,69.9,75.9,94.63,136,31919,5072,0.1589,2.362,20963.7,497.8,22.2,2895,2.76,27290,1.4947,21354.8,1050,702.5,455.1,0.5638,1,54,886.7,1.7616,0.5,521.4,0.1295,233.0,37.0,학원,10s,학원 (일반·기타 교육),10대 이하 (0~19세),중분류 (일반·기타 교육)
4,대구광역시 북구 동천동,북구,2723078000,73.27,86.88,82.69,8.56,77.79,90.27,86.91,137,24635,4142,0.1681,1.749,8538.0,389.3,29.5,4100,2.87,27230,1.0632,23170.6,1429,1344.1,430.1,0.6767,1,118,1498.7,1.7811,0.8102,1442.1,0.0959,178.5,30.0,학원,10s,학원 (일반·기타 교육),10대 이하 (0~19세),중분류 (일반·기타 교육)
5,대구광역시 달서구 감삼동,달서구,2729055500,73.24,92.55,86.98,50.67,61.95,55.44,56.38,67,31125,5313,0.1707,0.834,12921.8,566.1,12.8,1705,1.16,27290,1.1434,27221.4,1465,1281.3,450.0,0.641,1,37,514.2,1.8307,0.3731,406.1,0.0457,457.7,78.1,학원,10s,학원 (일반·기타 교육),10대 이하 (0~19세),중분류 (일반·기타 교육)
6,대구광역시 북구 칠성동,북구,2723052600,73.05,85.17,79.73,52.02,62.95,91.38,51.68,54,23657,3916,0.1655,0.73,23713.1,609.8,10.5,4486,3.33,27230,1.3907,17010.9,1349,970.0,435.4,0.6308,2,51,877.9,1.5237,0.4259,1161.1,0.04,430.1,71.2,학원,10s,학원 (일반·기타 교육),10대 이하 (0~19세),중분류 (일반·기타 교육)
7,대구광역시 달서구 진천동,달서구,2729061500,72.67,85.24,80.81,40.94,66.85,76.51,71.14,128,49267,7626,0.1548,1.131,33114.2,620.3,11.5,3768,1.83,27290,5.3271,9248.4,2063,387.3,538.6,0.6757,3,95,557.9,1.7891,0.6641,639.7,0.062,381.9,59.1,학원,10s,학원 (일반·기타 교육),10대 이하 (0~19세),중분류 (일반·기타 교육)
8,대구광역시 동구 안심4동,동구,2714074700,72.48,74.73,73.55,63.59,81.07,72.08,64.43,52,26289,3959,0.1506,0.963,13918.2,379.6,6.6,2726,2.77,27140,2.572,10221.2,985,383.0,390.0,0.7503,2,66,438.1,1.8606,0.8269,419.8,0.0528,496.0,74.7,학원,10s,학원 (일반·기타 교육),10대 이하 (0~19세),중분류 (일반·기타 교육)
9,대구광역시 달서구 용산1동,달서구,2729057100,71.78,83.83,67.25,76.0,67.78,67.85,48.32,37,27808,3611,0.1299,0.675,12948.6,533.3,4.5,2800,2.8,27290,1.4578,19075.3,1001,686.7,500.2,0.5395,1,27,594.5,1.8138,0.5405,372.9,0.037,731.8,95.0,학원,10s,학원 (일반·기타 교육),10대 이하 (0~19세),중분류 (일반·기타 교육)
10,대구광역시 북구 구암동,북구,2723074500,71.05,74.9,76.24,51.0,79.37,74.66,63.09,52,30230,4622,0.1529,0.916,15065.5,374.1,15.0,2117,2.05,27230,4.1947,7206.7,1035,246.7,349.2,0.7449,3,41,403.8,1.7552,0.6923,703.1,0.0502,570.4,87.2,학원,10s,학원 (일반·기타 교육),10대 이하 (0~19세),중분류 (일반·기타 교육)
11,대구광역시 달서구 월성1동,달서구,2729060100,71.0,80.54,98.53,21.14,35.23,88.73,97.99,218,39423,10633,0.2697,2.765,0.0,942.9,46.3,4066,2.83,27290,1.9323,20402.1,1438,744.2,899.2,0.096,0,70,1080.4,1.8341,0.0321,1168.7,0.1516,180.0,48.6,학원,10s,학원 (일반·기타 교육),10대 이하 (0~19세),중분류 (일반·기타 교육)
12,대구광역시 달서구 유천동,달서구,2729061700,70.71,73.86,99.46,34.9,43.15,70.21,99.33,159,32864,9996,0.3042,3.984,0.0,655.4,28.6,1643,2.26,27290,1.3119,25050.7,728,554.9,622.7,0.2788,0,41,613.2,1.8499,0.2013,542.3,0.2184,205.4,62.5,학원,10s,학원 (일반·기타 교육),10대 이하 (0~19세),중분류 (일반·기타 교육)
13,대구광역시 동구 안심1동,동구,2714072000,69.09,84.53,75.04,45.47,59.53,68.32,61.41,87,37158,5235,0.1409,0.894,15850.8,614.9,10.1,2910,1.64,27140,3.4892,10649.4,1776,509.0,428.2,0.5923,2,56,451.6,1.7618,0.2759,476.9,0.049,422.2,59.5,학원,10s,학원 (일반·기타 교육),10대 이하 (0~19세),중분류 (일반·기타 교육)
14,대구광역시 달성군 화원읍,달성군,2771025000,68.65,76.04,72.35,77.85,68.52,43.76,50.34,58,45354,5811,0.1281,0.7,17158.0,492.1,4.3,2363,1.56,27710,25.9877,1745.2,1512,58.2,477.2,0.6104,2,64,174.0,1.7733,0.4655,167.5,0.0384,768.7,98.5,학원,10s,학원 (일반·기타 교육),10대 이하 (0~19세),중분류 (일반·기타 교육)
15,대구광역시 수성구 고산2동,수성구,2726068000,68.08,67.85,81.21,41.78,74.83,64.7,75.17,87,25533,4202,0.1646,1.249,11450.8,420.7,8.9,6126,4.82,27260,24.337,1049.1,1270,52.2,499.8,0.5976,3,88,249.9,1.894,0.7241,215.0,0.0685,290.1,47.8,학원,10s,학원 (일반·기타 교육),10대 이하 (0~19세),중분류 (일반·기타 교육)
16,대구광역시 수성구 만촌3동,수성구,2726056100,67.68,70.03,95.71,29.87,71.21,28.42,95.3,103,20523,5389,0.2626,2.555,14504.4,451.6,19.0,797,1.08,27260,1.6947,12110.1,735,433.7,416.1,0.5578,2,13,188.8,1.9243,0.4951,165.3,0.1401,197.3,51.8,학원,10s,학원 (일반·기타 교육),10대 이하 (0~19세),중분류 (일반·기타 교육)
17,대구광역시 중구 성내3동,중구,2711058500,67.58,55.77,87.78,74.5,86.78,20.5,70.47,27,13643,3212,0.2354,1.109,5778.9,322.7,5.4,259,0.58,27110,0.7455,18300.5,444,595.6,332.9,0.9302,1,12,257.9,1.9273,1.0,186.2,0.0608,487.2,114.7,학원,10s,학원 (일반·기타 교육),10대 이하 (0~19세),중분류 (일반·기타 교육)
18,대구광역시 수성구 고산3동,수성구,2726069000,67.51,67.78,74.5,26.18,84.43,64.93,91.95,92,29136,4188,0.1437,1.995,8180.9,330.2,18.7,994,1.18,27260,5.2954,5502.1,841,158.8,377.6,0.8193,1,35,511.9,1.8415,0.913,799.4,0.1094,313.3,45.0,학원,10s,학원 (일반·기타 교육),10대 이하 (0~19세),중분류 (일반·기타 교육)
19,대구광역시 수성구 고산1동,수성구,2726067000,67.48,72.28,91.81,11.91,58.26,71.81,97.32,169,31066,5924,0.1907,2.723,11318.1,635.6,29.5,2849,2.52,27260,8.624,3602.3,1132,131.3,600.7,0.4735,1,43,613.8,1.7871,0.3905,476.7,0.1493,182.7,34.8,학원,10s,학원 (일반·기타 교육),10대 이하 (0~19세),중분류 (일반·기타 교육)
20,대구광역시 수성구 수성1가동,수성구,2726057000,66.8,73.99,77.99,21.81,92.08,31.34,87.92,69,16970,2859,0.1685,1.778,11615.6,280.2,19.4,364,0.51,27260,0.6383,26586.2,708,1109.2,306.7,0.8814,1,13,357.1,1.9594,0.971,330.2,0.0975,242.4,40.8,학원,10s,학원 (일반·기타 교육),10대 이하 (0~19세),중분류 (일반·기타 교육)
21,대구광역시 수성구 범어2동,수성구,2726052000,66.44,69.03,80.67,3.69,78.59,81.24,91.28,118,15345,2772,0.1806,1.968,10699.6,376.5,66.0,2861,2.62,27260,1.0094,15202.1,1094,1083.8,482.8,0.5384,1,42,1064.7,1.8705,0.7881,750.4,0.1079,128.9,23.3,학원,10s,학원 (일반·기타 교육),10대 이하 (0~19세),중분류 (일반·기타 교육)
22,대구광역시 수성구 범어3동,수성구,2726053000,66.29,71.34,90.74,17.78,51.88,79.73,83.22,103,17016,3985,0.2342,1.627,0.0,536.8,26.9,2389,2.07,27260,0.5836,29157.0,1155,1979.1,503.0,0.4978,0,39,1299.8,1.8564,0.3495,989.7,0.0892,163.6,38.3,학원,10s,학원 (일반·기타 교육),10대 이하 (0~19세),중분류 (일반·기타 교육)
23,대구광역시 동구 신암4동,동구,2714054000,66.18,68.86,51.54,88.26,78.46,81.21,20.81,11,18383,2078,0.113,0.385,43556.8,464.2,2.7,2706,5.19,27140,1.1656,15771.3,521,447.0,378.4,0.7179,2,29,569.0,1.8721,0.8182,533.3,0.0211,1531.9,173.2,학원,10s,학원 (일반·기타 교육),10대 이하 (0~19세),중분류 (일반·기타 교육)
24,대구광역시 북구 관문동,북구,2723071500,65.85,64.33,90.74,63.26,35.43,56.11,79.87,67,31975,5814,0.1818,1.51,7033.3,2187.8,8.3,2576,3.18,27230,14.8231,2157.1,809,54.6,1662.6,0.3498,3,64,205.6,1.7905,0.2388,194.9,0.0828,470.2,85.5,학원,10s,학원 (일반·기타 교육),10대 이하 (0~19세),중분류 (일반·기타 교육)
25,대구광역시 북구 태전2동,북구,2723073500,64.52,67.82,61.88,53.69,75.1,67.04,57.72,45,21610,2702,0.125,0.854,3795.2,386.1,6.2,2036,2.12,27230,2.0691,10444.2,961,464.5,413.0,0.7815,1,51,470.0,1.797,0.8,470.3,0.0468,469.8,58.7,학원,10s,학원 (일반·기타 교육),10대 이하 (0~19세),중분류 (일반·기타 교육)
26,대구광역시 수성구 범어4동,수성구,2726054000,64.22,64.96,97.18,1.34,66.11,51.81,100.0,314,18446,5487,0.2975,4.976,0.0,394.0,120.1,974,0.85,27260,1.1922,15472.2,1151,965.4,382.2,0.7541,0,29,516.8,1.7887,0.7293,500.1,0.2728,58.6,17.4,학원,10s,학원 (일반·기타 교육),10대 이하 (0~19세),중분류 (일반·기타 교육)
27,대구광역시 달서구 이곡1동,달서구,2729057600,63.81,70.04,50.87,10.4,92.49,91.41,80.54,70,19663,2203,0.112,1.525,15640.1,289.0,27.8,2777,3.32,27290,1.8033,10903.9,837,464.1,366.7,0.8339,2,56,1398.8,1.8622,0.9429,2148.1,0.0836,276.9,31.0,학원,10s,학원 (일반·기타 교육),10대 이하 (0~19세),중분류 (일반·기타 교육)
28,대구광역시 중구 남산4동,중구,2711067000,63.8,57.58,76.11,51.68,73.89,42.82,81.88,35,15842,2660,0.1679,1.583,0.0,331.2,11.3,481,1.19,27110,0.449,35282.9,403,897.6,351.8,0.8164,0,16,308.4,1.9455,0.8857,342.8,0.0868,440.1,73.9,학원,10s,학원 (일반·기타 교육),10대 이하 (0~19세),중분류 (일반·기타 교육)
29,대구광역시 북구 고성동,북구,2723051000,63.63,55.74,86.98,73.49,51.14,49.13,59.06,24,14603,3323,0.2276,0.872,0.0,537.3,6.4,694,1.38,27230,0.52,28082.7,502,965.4,502.8,0.4641,0,9,698.5,1.5975,0.2917,380.0,0.0478,584.1,132.9,학원,10s,학원 (일반·기타 교육),10대 이하 (0~19세),중분류 (일반·기타 교육)
30,대구광역시 북구 국우동,북구,2723080000,63.47,61.41,86.31,44.13,48.99,55.64,82.55,82,29112,4979,0.171,1.587,3118.2,935.9,10.8,2431,2.58,27230,16.9087,1721.7,942,55.7,759.4,0.4586,2,41,272.2,1.7701,0.4878,227.2,0.087,350.7,60.0,학원,10s,학원 (일반·기타 교육),10대 이하 (0~19세),중분류 (일반·기타 교육)
31,대구광역시 달성군 유가읍,달성군,2771025900,63.18,57.89,98.39,38.09,14.29,93.56,89.26,114,31236,8445,0.2704,1.862,0.0,12048.6,30.1,4302,3.85,27710,56.1887,555.9,1117,19.9,12162.5,0.0,0,60,1047.5,1.7554,0.0,1352.5,0.1021,271.6,73.4,학원,10s,학원 (일반·기타 교육),10대 이하 (0~19세),중분류 (일반·기타 교육)
32,대구광역시 달서구 본리동,달서구,2729059000,62.21,67.85,85.23,60.4,28.06,59.67,55.7,31,22993,4102,0.1784,0.782,0.0,1051.4,11.6,1195,1.65,27290,1.0774,21341.2,723,671.1,1208.5,0.0,0,48,381.0,1.8016,0.0,404.8,0.0429,718.5,128.2,학원,10s,학원 (일반·기타 교육),10대 이하 (0~19세),중분류 (일반·기타 교육)
33,대구광역시 동구 안심3동,동구,2714074200,62.15,57.28,86.31,15.1,77.59,41.34,96.64,106,19897,3821,0.192,2.709,6999.1,373.1,23.5,913,1.28,27140,5.8689,3390.2,714,121.7,457.1,0.556,1,29,232.8,1.9059,0.7736,244.9,0.1485,186.0,35.7,학원,10s,학원 (일반·기타 교육),10대 이하 (0~19세),중분류 (일반·기타 교육)
34,대구광역시 중구 남산2동,중구,2711065000,61.52,55.0,67.79,17.28,97.86,72.48,69.46,36,7394,1327,0.1795,1.107,82629.0,230.9,20.5,863,1.46,27110,0.3916,18881.5,593,1514.3,289.0,1.0,4,11,1474.2,1.9141,1.0,1555.8,0.0607,199.8,35.9,학원,10s,학원 (일반·기타 교육),10대 이하 (0~19세),중분류 (일반·기타 교육)
35,대구광역시 동구 신천3동,동구,2714057000,60.84,58.62,70.61,36.25,55.1,81.85,72.48,49,14835,2362,0.1592,1.16,0.0,517.6,10.5,1998,2.59,27140,0.7179,20664.4,770,1072.6,542.0,0.4195,0,48,1228.0,1.9695,0.4694,1050.8,0.0636,296.7,47.2,학원,10s,학원 (일반·기타 교육),10대 이하 (0~19세),중분류 (일반·기타 교육)
36,대구광역시 수성구 수성2·3가동,수성구,2726058000,60.83,51.64,77.45,9.73,83.43,68.12,90.6,76,10185,2036,0.1999,1.921,5644.8,320.5,23.3,1441,2.0,27260,0.6602,15427.1,722,1093.6,276.9,0.9848,1,24,550.7,1.8895,0.9079,556.5,0.1053,132.3,26.4,학원,10s,학원 (일반·기타 교육),10대 이하 (0~19세),중분류 (일반·기타 교육)
37,대구광역시 북구 침산2동,북구,2723056000,60.6,60.87,86.84,21.14,24.36,85.44,95.97,86,17835,3636,0.2039,2.645,0.0,1293.6,23.4,2202,3.71,27230,0.8533,20901.2,593,694.9,1297.3,0.0,0,23,684.5,1.8863,0.0,854.8,0.145,205.0,41.8,학원,10s,학원 (일반·기타 교육),10대 이하 (0~19세),중분류 (일반·기타 교육)
38,대구광역시 북구 복현2동,북구,2723067200,60.5,63.59,80.54,50.17,20.67,54.3,92.62,75,28733,4630,0.1611,2.109,0.0,1654.9,9.5,1348,2.08,27230,1.8078,15893.9,649,359.0,1620.2,0.0,0,39,355.2,1.8941,0.0,311.5,0.1156,378.1,60.9,학원,10s,학원 (일반·기타 교육),10대 이하 (0~19세),중분류 (일반·기타 교육)
39,대구광역시 달서구 죽전동,달서구,2729056300,60.37,69.8,43.49,48.66,87.45,66.91,36.24,27,14344,1513,0.1055,0.518,13243.8,309.9,7.3,1402,1.47,27290,0.7849,18274.9,951,1211.6,343.2,0.8107,1,42,580.0,1.8808,0.8519,622.7,0.0284,512.3,54.0,학원,10s,학원 (일반·기타 교육),10대 이하 (0~19세),중분류 (일반·기타 교육)
40,대구광역시 달서구 신당동,달서구,2729058500,60.23,75.64,47.45,71.98,57.99,71.41,14.09,41,27882,2655,0.0952,0.303,24240.6,711.1,2.6,7236,2.94,27290,9.211,3027.0,2465,267.6,821.4,0.4365,2,113,477.8,1.7073,0.4146,355.1,0.0166,663.9,63.2,학원,10s,학원 (일반·기타 교육),10대 이하 (0~19세),중분류 (일반·기타 교육)
41,"대구광역시 달서구 두류1,2동",달서구,2729053500,58.95,68.36,34.63,53.18,77.32,83.83,35.57,27,15672,1431,0.0913,0.516,15669.8,410.0,4.9,3657,3.83,27290,1.2776,12266.8,955,747.5,325.6,0.8597,2,36,680.4,1.903,0.7407,589.6,0.0283,559.7,51.1,학원,10s,학원 (일반·기타 교육),10대 이하 (0~19세),중분류 (일반·기타 교육)
42,대구광역시 중구 대봉1동,중구,2711068000,58.95,57.38,64.97,20.98,96.98,69.5,40.94,35,7666,1293,0.1687,0.571,19088.4,227.5,14.8,1613,1.44,27110,0.5627,13623.6,1117,1985.1,194.3,1.0,2,23,833.7,1.8237,1.0,730.1,0.0313,212.9,35.9,학원,10s,학원 (일반·기타 교육),10대 이하 (0~19세),중분류 (일반·기타 교육)
43,대구광역시 수성구 지산2동,수성구,2726065200,58.9,62.55,58.12,26.51,81.54,46.48,76.51,56,18149,2255,0.1242,1.299,4126.8,350.3,13.3,928,1.18,27260,1.6406,11062.4,787,479.7,398.0,0.8119,1,26,289.4,1.9254,0.9286,343.8,0.0712,318.4,39.6,학원,10s,학원 (일반·기타 교육),10대 이하 (0~19세),중분류 (일반·기타 교육)
44,대구광역시 서구 내당1동,서구,2717051000,58.44,54.63,61.75,75.84,44.23,71.95,44.97,16,14683,2048,0.1395,0.633,0.0,638.0,5.1,1153,2.5,27170,0.5707,25728.1,461,807.8,613.4,0.3362,0,27,826.7,1.842,0.1875,627.8,0.0347,863.7,120.5,학원,10s,학원 (일반·기타 교육),10대 이하 (0~19세),중분류 (일반·기타 교육)
45,대구광역시 수성구 두산동,수성구,2726064000,58.25,62.89,63.89,24.49,65.97,82.75,47.65,56,14840,2121,0.1429,0.655,4499.5,489.1,13.7,3584,2.3,27260,1.8605,7976.4,1558,837.4,524.0,0.4589,1,72,732.3,1.7103,0.5179,962.3,0.0359,260.4,37.2,학원,10s,학원 (일반·기타 교육),10대 이하 (0~19세),중분류 (일반·기타 교육)
46,대구광역시 남구 대명2동,남구,2720057100,58.06,65.84,52.35,24.16,92.42,39.76,63.76,41,15229,1817,0.1193,0.936,7568.7,232.0,19.1,780,0.98,27200,0.8755,17394.6,799,912.6,253.3,0.9862,1,20,331.0,1.8046,1.0,320.7,0.0513,362.6,43.3,학원,10s,학원 (일반·기타 교육),10대 이하 (0~19세),중분류 (일반·기타 교육)
47,대구광역시 수성구 황금1동,수성구,2726060100,57.04,49.06,92.48,40.94,37.85,21.44,98.66,78,20820,4762,0.2287,3.566,0.0,827.6,13.4,480,1.2,27260,2.5751,8085.1,399,154.9,851.9,0.0702,0,13,72.8,1.9203,0.0128,59.7,0.1955,263.5,60.3,학원,10s,학원 (일반·기타 교육),10대 이하 (0~19세),중분류 (일반·기타 교육)
48,대구광역시 수성구 범물2동,수성구,2726066200,56.79,41.91,67.52,40.26,69.73,56.28,85.91,39,15526,2373,0.1528,1.718,0.0,369.8,12.2,590,1.43,27260,2.122,7316.7,414,195.1,382.0,0.8309,0,14,463.5,1.9377,0.7692,518.2,0.0942,388.2,59.3,학원,10s,학원 (일반·기타 교육),10대 이하 (0~19세),중분류 (일반·기타 교육)
49,대구광역시 북구 태전1동,북구,2723072500,56.77,64.33,51.41,82.22,51.61,52.34,18.79,15,21074,2279,0.1081,0.336,3814.3,655.8,4.1,1588,1.95,27230,2.5135,8384.3,814,323.9,633.0,0.2862,1,23,327.5,1.7551,0.3333,286.4,0.0184,1317.1,142.4,학원,10s,학원 (일반·기타 교육),10대 이하 (0~19세),중분류 (일반·기타 교육)
50,대구광역시 동구 혁신동,동구,2714075500,56.77,46.51,86.44,28.69,25.7,89.13,84.56,93,16501,3543,0.2147,1.653,0.0,1246.8,10.8,8600,8.38,27140,17.0739,966.4,1026,60.1,1007.5,0.0,0,102,1121.3,1.8826,0.0,602.5,0.0906,175.5,37.7,학원,10s,학원 (일반·기타 교육),10대 이하 (0~19세),중분류 (일반·기타 교육)
51,대구광역시 달서구 송현2동,달서구,2729064000,55.81,74.03,38.52,56.54,73.53,35.34,28.52,26,17618,1613,0.0916,0.469,7829.2,406.4,5.9,831,0.82,27290,0.9693,18176.0,1011,1043.0,449.2,0.6281,1,33,378.6,1.7597,0.6923,261.8,0.0257,652.5,59.7,학원,10s,학원 (일반·기타 교육),10대 이하 (0~19세),중분류 (일반·기타 교육)
52,대구광역시 북구 읍내동,북구,2723077000,55.6,57.78,61.61,79.37,29.06,58.52,38.26,29,24576,3044,0.1239,0.534,0.0,959.5,3.9,1572,1.59,27230,5.6904,4318.9,991,174.2,977.2,0.0,0,37,601.6,1.7105,0.0,394.7,0.0293,819.2,101.5,학원,10s,학원 (일반·기타 교육),10대 이하 (0~19세),중분류 (일반·기타 교육)
53,대구광역시 동구 불로·봉무동,동구,2714062000,55.52,54.77,81.88,27.68,16.98,92.99,67.11,72,19381,3386,0.1747,1.045,0.0,3215.8,18.3,4178,3.33,27140,7.6608,2529.9,1256,164.0,2945.5,0.0008,0,57,1075.7,1.7038,0.0,1544.5,0.0573,265.5,46.4,학원,10s,학원 (일반·기타 교육),10대 이하 (0~19세),중분류 (일반·기타 교육)
54,대구광역시 수성구 지산1동,수성구,2726065100,55.51,65.57,38.26,11.08,83.02,66.24,74.5,89,18617,1646,0.0884,1.248,5358.9,326.6,15.4,1776,1.37,27260,2.8948,6431.2,1301,449.4,326.2,0.9101,1,63,541.8,1.8658,0.9101,596.4,0.0684,206.9,18.3,학원,10s,학원 (일반·기타 교육),10대 이하 (0~19세),중분류 (일반·기타 교육)
55,대구광역시 북구 무태조야동,북구,2723069500,55.49,60.47,79.6,37.42,16.31,55.87,77.85,94,32499,5127,0.1578,1.415,0.0,4260.0,11.9,1749,1.44,27230,22.8763,1420.6,1211,52.9,3904.0,0.0,0,48,240.2,1.8693,0.0,372.8,0.0776,342.1,54.0,학원,10s,학원 (일반·기타 교육),10대 이하 (0~19세),중분류 (일반·기타 교육)
56,대구광역시 달서구 용산2동,달서구,2729057200,55.45,59.93,57.58,81.04,43.89,29.2,42.95,17,24584,2829,0.1151,0.598,0.0,652.2,4.5,678,1.31,27290,1.5398,15965.7,518,336.4,752.7,0.1409,0,19,147.4,1.7934,0.2353,134.2,0.0328,1365.8,157.2,학원,10s,학원 (일반·기타 교육),10대 이하 (0~19세),중분류 (일반·기타 교육)
57,대구광역시 달성군 구지면,달성군,2771038000,55.31,43.89,89.19,71.64,13.62,46.71,68.46,41,18847,4072,0.2161,1.08,0.0,17052.8,5.9,2321,3.35,27710,39.6367,475.5,693,17.5,17209.4,0.0,0,59,87.9,1.65,0.0,76.0,0.0592,448.7,97.0,학원,10s,학원 (일반·기타 교육),10대 이하 (0~19세),중분류 (일반·기타 교육)
58,대구광역시 북구 침산3동,북구,2723057000,55.21,55.91,75.04,19.8,23.69,75.13,93.96,68,17704,2877,0.1625,2.293,0.0,1314.8,23.9,1418,2.62,27230,1.0462,16922.2,541,517.1,1374.8,0.0,0,27,644.1,1.8583,0.0,701.3,0.1257,256.6,41.7,학원,10s,학원 (일반·기타 교육),10대 이하 (0~19세),중분류 (일반·기타 교육)
59,대구광역시 수성구 만촌1동,수성구,2726055000,55.11,56.54,74.5,26.51,25.37,66.11,88.59,86,20174,3212,0.1592,1.844,0.0,1258.6,11.2,2268,2.67,27260,2.6991,7474.3,851,315.3,1236.9,0.0,0,39,434.8,1.9356,0.0,380.9,0.1011,231.9,36.9,학원,10s,학원 (일반·기타 교육),10대 이하 (0~19세),중분류 (일반·기타 교육)
60,대구광역시 동구 신암3동,동구,2714053000,54.89,43.69,71.54,61.91,43.86,44.29,71.81,25,11150,1883,0.1689,1.151,0.0,643.1,6.6,616,1.56,27140,0.6012,18546.2,396,658.7,734.3,0.0581,0,13,452.5,1.8895,0.2,277.1,0.0631,428.8,72.4,학원,10s,학원 (일반·기타 교육),10대 이하 (0~19세),중분류 (일반·기타 교육)
61,대구광역시 남구 대명5동,남구,2720060000,54.39,46.84,43.9,39.6,87.98,73.22,51.01,24,8896,1060,0.1192,0.72,11071.1,306.7,7.8,2694,4.44,27200,0.74,12021.6,607,820.3,256.8,0.8666,1,20,557.7,1.8206,0.9167,390.8,0.0395,355.8,42.4,학원,10s,학원 (일반·기타 교육),10대 이하 (0~19세),중분류 (일반·기타 교육)
62,대구광역시 달서구 도원동,달서구,2729062800,54.25,52.85,61.34,50.33,26.38,69.06,77.18,50,30857,3580,0.116,1.384,0.0,1205.2,10.7,1977,3.0,27290,11.188,2758.0,659,58.9,1382.2,0.0,0,41,337.0,1.7287,0.0,396.8,0.0759,605.0,70.2,학원,10s,학원 (일반·기타 교육),10대 이하 (0~19세),중분류 (일반·기타 교육)
63,대구광역시 동구 신암2동,동구,2714052000,54.0,47.31,69.39,44.8,49.26,32.99,85.23,31,11446,1896,0.1656,1.663,0.0,589.5,10.1,357,1.05,27140,0.3625,31575.2,340,937.9,610.1,0.3059,0,13,392.6,1.7582,0.2903,257.5,0.0912,357.7,59.2,학원,10s,학원 (일반·기타 교육),10대 이하 (0~19세),중분류 (일반·기타 교육)
64,대구광역시 동구 안심2동,동구,2714073000,53.96,44.03,60.67,93.62,57.18,44.5,15.44,7,17002,2238,0.1316,0.325,3810.8,597.7,1.1,1493,3.79,27140,13.3309,1275.4,394,29.6,844.7,0.3046,1,43,159.2,1.8547,0.4286,80.1,0.0178,2125.2,279.8,학원,10s,학원 (일반·기타 교육),10대 이하 (0~19세),중분류 (일반·기타 교육)
65,대구광역시 달성군 현풍읍,달성군,2771026500,53.76,54.8,75.17,61.91,13.96,81.55,27.52,35,20887,3326,0.1592,0.465,0.0,12172.2,9.6,3238,2.36,27710,24.3321,858.4,1373,56.4,12264.0,0.0,0,76,500.4,1.6722,0.0,797.0,0.0255,580.2,92.4,학원,10s,학원 (일반·기타 교육),10대 이하 (0~19세),중분류 (일반·기타 교육)
66,대구광역시 수성구 중동,수성구,2726061000,53.44,53.09,72.48,40.44,33.08,54.09,65.77,44,14422,2369,0.1643,0.994,0.0,1126.4,10.1,1100,1.36,27260,0.948,15213.1,808,852.3,1056.8,0.0334,0,38,386.9,1.9604,0.0455,397.5,0.0545,320.5,52.6,학원,10s,학원 (일반·기타 교육),10대 이하 (0~19세),중분류 (일반·기타 교육)
67,대구광역시 서구 평리5동,서구,2717066000,53.15,43.12,81.14,92.96,19.66,28.62,42.28,6,10531,2276,0.2161,0.589,0.0,1852.8,1.5,224,1.2,27170,0.4071,25868.3,186,456.9,1832.0,0.0,0,9,214.6,1.864,0.0,189.3,0.0323,1504.4,325.1,학원,10s,학원 (일반·기타 교육),10대 이하 (0~19세),중분류 (일반·기타 교육)
68,대구광역시 달서구 상인2동,달서구,2729062500,52.91,65.0,44.02,34.39,60.14,58.63,45.64,42,16737,1714,0.1024,0.646,0.0,464.1,9.6,927,0.78,27290,0.9567,17494.5,1185,1238.6,510.6,0.5401,0,33,566.3,1.6938,0.5238,789.7,0.0354,389.2,39.9,학원,10s,학원 (일반·기타 교육),10대 이하 (0~19세),중분류 (일반·기타 교육)
69,대구광역시 달서구 성당동,달서구,2729051500,52.76,60.67,59.87,49.66,29.73,52.45,54.36,44,19920,2472,0.1241,0.764,0.0,936.5,7.1,2331,2.22,27290,1.9869,10025.7,1049,528.0,917.0,0.0143,0,41,251.2,1.8319,0.0,216.5,0.0419,442.7,54.9,학원,10s,학원 (일반·기타 교육),10대 이하 (0~19세),중분류 (일반·기타 교육)
70,대구광역시 수성구 황금2동,수성구,2726060200,52.62,53.02,59.87,22.65,60.2,56.71,66.44,57,11770,1664,0.1414,1.009,2213.9,570.9,10.1,1605,1.56,27260,1.1892,9897.4,1030,866.1,557.5,0.4214,1,58,395.5,1.9253,0.5088,379.3,0.0553,202.9,28.7,학원,10s,학원 (일반·기타 교육),10대 이하 (0~19세),중분류 (일반·기타 교육)
71,대구광역시 동구 신천4동,동구,2714058000,52.32,58.32,54.5,41.78,41.01,96.92,18.12,32,12937,1635,0.1264,0.332,0.0,765.3,9.5,6933,3.94,27140,0.7957,16258.6,1759,2210.6,655.2,0.3627,0,85,2660.8,1.7119,0.2188,2436.1,0.0182,392.0,49.5,학원,10s,학원 (일반·기타 교육),10대 이하 (0~19세),중분류 (일반·기타 교육)
72,대구광역시 중구 대봉2동,중구,2711069000,51.99,41.61,60.13,40.26,86.11,22.82,62.42,15,5933,994,0.1675,0.912,3410.6,319.5,15.2,179,0.6,27110,0.2744,21621.7,300,1093.3,300.2,1.0,1,8,220.2,1.8838,1.0,211.2,0.05,370.8,62.1,학원,10s,학원 (일반·기타 교육),10대 이하 (0~19세),중분류 (일반·기타 교육)
73,대구광역시 달성군 옥포읍,달성군,2771026200,51.56,47.35,74.09,60.57,15.97,42.75,67.79,43,22138,3452,0.1559,1.072,0.0,4385.8,8.9,937,1.28,27710,47.4421,466.6,731,15.4,4106.1,0.0,0,39,152.0,1.7783,0.0,269.3,0.0588,503.1,78.5,학원,10s,학원 (일반·기타 교육),10대 이하 (0~19세),중분류 (일반·기타 교육)
74,대구광역시 서구 원대동,서구,2717069500,51.39,48.56,31.34,78.18,83.7,33.19,29.53,11,9963,948,0.0952,0.472,7453.5,327.4,2.8,475,1.12,27170,0.6219,16020.3,424,681.8,291.4,0.9009,1,18,230.3,1.6358,0.9091,217.4,0.0259,830.2,79.0,학원,10s,학원 (일반·기타 교육),10대 이하 (0~19세),중분류 (일반·기타 교육)
75,대구광역시 남구 이천동,남구,2720051500,51.38,45.7,60.27,39.26,58.39,28.52,81.21,42,14245,1952,0.137,1.558,0.0,525.9,9.1,350,0.71,27200,1.0429,13659.0,492,471.8,549.3,0.628,0,12,288.2,1.8983,0.6667,233.3,0.0854,331.3,45.4,학원,10s,학원 (일반·기타 교육),10대 이하 (0~19세),중분류 (일반·기타 교육)
76,대구광역시 동구 효목2동,동구,2714060000,51.19,53.26,47.92,62.08,37.99,59.9,46.31,23,14147,1605,0.1135,0.648,0.0,892.4,5.5,897,1.39,27140,0.761,18590.0,647,850.2,915.3,0.085,0,26,459.9,1.8141,0.1739,542.2,0.0355,589.5,66.9,학원,10s,학원 (일반·기타 교육),10대 이하 (0~19세),중분류 (일반·기타 교육)
77,대구광역시 중구 남산1동,중구,2711064000,51.17,42.95,42.96,2.01,95.77,71.11,79.19,55,5062,657,0.1298,1.476,12121.7,187.4,35.7,1968,2.89,27110,0.4193,12072.5,680,1621.8,253.0,1.0,2,25,713.6,2.0125,1.0,445.0,0.0809,90.4,11.7,학원,10s,학원 (일반·기타 교육),10대 이하 (0~19세),중분류 (일반·기타 교육)
78,대구광역시 중구 대신동,중구,2711059500,50.69,58.89,56.78,53.86,68.56,29.73,3.36,15,7249,1126,0.1553,0.102,13433.4,463.6,9.7,1301,0.48,27110,0.4899,14796.9,2688,5486.8,169.9,0.9699,1,11,1548.5,0.6257,0.4,210.2,0.0056,453.1,70.4,학원,10s,학원 (일반·기타 교육),10대 이하 (0~19세),중분류 (일반·기타 교육)
79,대구광역시 달서구 두류3동,달서구,2729055000,50.67,48.08,32.89,48.66,92.75,62.42,22.15,17,8931,912,0.1021,0.398,14138.0,259.6,6.3,954,1.22,27290,1.2035,7420.9,781,648.9,263.5,0.9104,1,23,712.8,1.7883,0.9412,668.7,0.0218,496.2,50.7,학원,10s,학원 (일반·기타 교육),10대 이하 (0~19세),중분류 (일반·기타 교육)
80,대구광역시 수성구 만촌2동,수성구,2726056000,50.08,38.96,79.87,8.22,56.04,34.5,93.29,73,13080,2395,0.1831,2.176,0.0,543.8,37.0,469,0.77,27260,1.9514,6702.9,612,313.6,658.5,0.3431,0,17,172.3,1.9354,0.5479,309.9,0.1193,176.8,32.4,학원,10s,학원 (일반·기타 교육),10대 이하 (0~19세),중분류 (일반·기타 교육)
81,대구광역시 동구 동촌동,동구,2714065500,49.94,43.19,30.47,86.08,59.16,73.56,17.45,10,13815,1185,0.0858,0.33,4475.3,490.8,2.1,1690,3.05,27140,4.4612,3096.7,554,124.2,510.3,0.4116,1,31,352.6,1.7752,0.2,514.7,0.0181,1255.9,107.7,학원,10s,학원 (일반·기타 교육),10대 이하 (0~19세),중분류 (일반·기타 교육)
82,대구광역시 남구 대명1동,남구,2720056000,49.71,49.7,26.64,67.95,90.81,17.65,38.93,10,9242,811,0.0878,0.536,7928.3,298.0,4.9,142,0.42,27200,0.4605,20069.5,340,738.3,313.8,0.8971,1,10,202.5,1.8727,1.0,183.0,0.0294,840.2,73.7,학원,10s,학원 (일반·기타 교육),10대 이하 (0~19세),중분류 (일반·기타 교육)
83,대구광역시 동구 지저동,동구,2714064000,49.41,41.98,24.36,90.27,80.17,51.34,12.42,6,12323,940,0.0763,0.288,9062.4,375.4,1.5,2021,5.32,27140,2.2358,5511.7,380,170.0,469.2,0.5684,1,12,412.7,1.6623,0.8333,111.2,0.0158,1760.4,134.3,학원,10s,학원 (일반·기타 교육),10대 이하 (0~19세),중분류 (일반·기타 교육)
84,대구광역시 북구 대현동,북구,2723064500,48.93,58.89,38.93,70.13,40.47,31.31,37.58,23,15618,1496,0.0958,0.523,0.0,858.4,3.2,786,0.98,27230,0.855,18266.7,801,936.8,879.3,0.1423,0,23,239.0,1.7877,0.2609,207.2,0.0287,650.8,62.3,학원,10s,학원 (일반·기타 교육),10대 이하 (0~19세),중분류 (일반·기타 교육)
85,대구광역시 수성구 수성4가동,수성구,2726059000,48.9,52.15,45.91,9.06,66.78,40.07,86.91,65,12798,1459,0.114,1.749,0.0,398.2,21.3,423,0.62,27260,0.6138,20850.4,678,1104.6,395.7,0.7478,0,14,458.2,1.9008,0.7846,400.4,0.0959,193.9,22.1,학원,10s,학원 (일반·기타 교육),10대 이하 (0~19세),중분류 (일반·기타 교육)
86,대구광역시 수성구 파동,수성구,2726063000,48.81,38.99,66.44,76.68,21.0,13.16,78.52,26,17133,2440,0.1424,1.456,0.0,1619.2,3.9,264,0.81,27260,5.4129,3165.2,326,60.2,1661.7,0.0,0,13,28.4,1.8928,0.0,30.6,0.0798,634.6,90.4,학원,10s,학원 (일반·기타 교육),10대 이하 (0~19세),중분류 (일반·기타 교육)
87,대구광역시 중구 성내2동,중구,2711057500,48.67,47.95,51.14,5.04,77.65,91.71,24.83,62,9263,1220,0.1317,0.43,0.0,313.1,29.4,6799,2.59,27110,0.9226,10040.1,2628,2848.5,283.2,0.933,0,67,2751.4,1.6254,0.9355,2547.0,0.0236,147.0,19.4,학원,10s,학원 (일반·기타 교육),10대 이하 (0~19세),중분류 (일반·기타 교육)
88,대구광역시 중구 남산3동,중구,2711066000,48.4,35.81,45.37,24.84,92.35,40.54,69.46,19,5779,763,0.132,1.107,5728.2,214.6,14.0,404,1.29,27110,0.4076,14178.1,313,767.9,254.0,0.9968,1,10,293.4,1.8445,1.0,309.4,0.0607,289.0,38.2,학원,10s,학원 (일반·기타 교육),10대 이하 (0~19세),중분류 (일반·기타 교육)
89,대구광역시 달서구 이곡2동,달서구,2729057700,48.29,45.34,35.16,28.52,60.47,96.11,46.98,31,14054,1327,0.0944,0.651,0.0,501.7,12.1,4290,4.94,27290,2.2612,6215.3,869,384.3,594.7,0.6479,0,81,1744.6,1.7889,0.7419,1925.5,0.0357,439.2,41.5,학원,10s,학원 (일반·기타 교육),10대 이하 (0~19세),중분류 (일반·기타 교육)
90,대구광역시 달서구 장기동,달서구,2729056800,48.23,48.05,60.13,17.62,39.73,56.04,75.84,58,15347,2036,0.1327,1.251,0.0,757.1,18.3,958,1.13,27290,2.76,5560.5,846,306.5,906.7,0.1548,0,34,327.3,1.8569,0.1207,526.4,0.0686,260.1,34.5,학원,10s,학원 (일반·기타 교육),10대 이하 (0~19세),중분류 (일반·기타 교육)
91,대구광역시 동구 신천1·2동,동구,2714055500,48.14,55.64,25.37,32.55,79.53,22.45,73.15,25,10994,891,0.081,1.187,9575.6,341.6,7.6,301,0.78,27140,0.4677,23506.5,384,821.0,304.5,0.8438,1,10,149.9,1.8643,0.72,168.0,0.0651,422.8,34.3,학원,10s,학원 (일반·기타 교육),10대 이하 (0~19세),중분류 (일반·기타 교육)
92,대구광역시 서구 상중이동,서구,2717067500,47.89,51.27,49.13,63.42,26.04,59.06,33.56,33,16863,1901,0.1127,0.503,0.0,1232.2,3.3,3259,2.72,27170,6.7768,2488.3,1196,176.5,1380.9,0.0125,0,73,191.9,1.8364,0.0,230.7,0.0276,496.0,55.9,학원,10s,학원 (일반·기타 교육),10대 이하 (0~19세),중분류 (일반·기타 교육)
93,대구광역시 서구 내당4동,서구,2717054000,47.49,54.77,27.92,50.67,55.5,63.62,31.88,22,14119,1106,0.0783,0.494,0.0,544.1,5.0,1151,1.42,27170,0.8127,17373.0,812,999.1,644.9,0.2352,0,30,493.5,1.7588,0.5455,590.8,0.0271,613.9,48.1,학원,10s,학원 (일반·기타 교육),10대 이하 (0~19세),중분류 (일반·기타 교육)
94,대구광역시 중구 동인동,중구,2711051700,47.42,47.95,44.56,43.29,42.82,86.18,25.84,25,10997,1271,0.1156,0.432,0.0,647.8,8.7,2997,2.84,27110,0.9707,11328.9,1055,1086.8,664.1,0.1223,0,30,902.8,1.8018,0.16,968.2,0.0237,423.0,48.9,학원,10s,학원 (일반·기타 교육),10대 이하 (0~19세),중분류 (일반·기타 교육)
95,대구광역시 동구 신암1동,동구,2714051000,46.87,44.16,55.3,63.59,26.71,36.51,53.69,22,10781,1471,0.1364,0.762,0.0,1173.4,4.9,394,0.75,27140,0.606,17790.4,526,868.0,1051.5,0.0,0,10,436.8,1.7965,0.0,346.2,0.0418,468.7,64.0,학원,10s,학원 (일반·기타 교육),10대 이하 (0~19세),중분류 (일반·기타 교육)
96,대구광역시 달서구 송현1동,달서구,2729063000,46.5,57.58,27.11,25.0,79.06,24.93,57.05,39,15927,1195,0.075,0.85,6693.2,369.4,9.7,743,0.89,27290,2.4579,6479.9,837,340.5,366.2,0.7921,1,22,209.0,1.8609,0.7949,153.7,0.0466,398.2,29.9,학원,10s,학원 (일반·기타 교육),10대 이하 (0~19세),중분류 (일반·기타 교육)
97,대구광역시 서구 평리4동,서구,2717065000,46.39,61.71,43.22,61.74,22.68,41.58,24.16,22,15025,1567,0.1043,0.423,0.0,1444.3,6.0,553,0.58,27170,0.7453,20159.7,950,1274.7,1310.9,0.0,0,29,308.6,1.72,0.0,415.1,0.0232,653.3,68.1,학원,10s,학원 (일반·기타 교육),10대 이하 (0~19세),중분류 (일반·기타 교육)
98,대구광역시 달서구 본동,달서구,2729065000,46.24,42.75,42.95,92.62,24.02,61.85,11.41,8,13148,1434,0.1091,0.285,0.0,1298.9,1.0,1481,2.89,27290,1.0557,12454.3,513,485.9,1394.5,0.0,0,31,371.6,1.8481,0.0,338.2,0.0156,1460.9,159.3,학원,10s,학원 (일반·기타 교육),10대 이하 (0~19세),중분류 (일반·기타 교육)
99,대구광역시 동구 공산동,동구,2714076000,46.19,45.17,51.95,77.52,15.3,39.6,43.62,25,19708,2226,0.1129,0.606,0.0,5990.1,3.6,1875,2.49,27140,83.2696,236.7,754,9.1,7174.6,0.0,0,67,61.0,1.6036,0.0,67.5,0.0332,758.0,85.6,학원,10s,학원 (일반·기타 교육),10대 이하 (0~19세),중분류 (일반·기타 교육)
100,대구광역시 남구 대명3동,남구,2720058600,46.16,56.34,26.17,33.06,70.2,45.06,40.27,29,12166,971,0.0798,0.56,5897.8,433.2,6.8,1055,1.12,27200,0.9315,13060.7,944,1013.4,415.9,0.7119,1,20,338.9,1.8061,0.6207,338.0,0.0307,405.5,32.4,학원,10s,학원 (일반·기타 교육),10대 이하 (0~19세),중분류 (일반·기타 교육)
101,대구광역시 중구 성내1동,중구,2711056500,45.73,52.62,12.75,1.68,92.75,83.26,48.99,129,5527,368,0.0666,0.691,30098.1,302.8,34.1,4750,1.39,27110,0.759,7281.9,3406,4487.5,324.3,0.8908,1,64,2242.4,1.7374,0.938,2509.2,0.0379,42.5,2.8,학원,10s,학원 (일반·기타 교육),10대 이하 (0~19세),중분류 (일반·기타 교육)
102,대구광역시 남구 대명6동,남구,2720061000,45.7,33.83,33.82,34.9,75.84,62.01,59.73,27,10276,1016,0.0989,0.879,0.0,304.4,7.7,857,1.53,27200,1.5709,6541.5,560,356.5,385.9,0.675,0,13,329.3,1.9196,0.8148,548.7,0.0482,367.0,36.3,학원,10s,학원 (일반·기타 교육),10대 이하 (0~19세),중분류 (일반·기타 교육)
103,대구광역시 서구 평리3동,서구,2717064000,45.44,45.51,52.08,71.98,21.34,42.89,30.87,17,12090,1506,0.1246,0.48,0.0,1547.9,4.8,808,1.25,27170,0.7793,15513.9,647,830.2,1448.3,0.0,0,17,230.2,1.772,0.0,292.6,0.0263,671.7,83.7,학원,10s,학원 (일반·기타 교육),10대 이하 (0~19세),중분류 (일반·기타 교육)
104,대구광역시 동구 방촌동,동구,2714067000,44.94,51.51,34.7,63.26,28.72,32.45,55.03,25,16714,1467,0.0878,0.77,0.0,972.7,3.4,638,1.08,27140,1.2248,13646.3,592,483.3,972.5,0.0,0,22,212.6,1.7373,0.0,213.5,0.0422,642.8,56.4,학원,10s,학원 (일반·기타 교육),10대 이하 (0~19세),중분류 (일반·기타 교육)
105,대구광역시 남구 대명4동,남구,2720059000,44.65,46.07,18.66,86.74,59.03,46.91,5.37,5,9003,623,0.0692,0.144,7282.1,590.0,1.6,1742,2.74,27200,0.76,11846.1,635,835.5,536.5,0.3512,1,20,496.8,1.7378,0.4,158.4,0.0079,1500.5,103.8,학원,10s,학원 (일반·기타 교육),10대 이하 (0~19세),중분류 (일반·기타 교육)
106,대구광역시 서구 비산7동,서구,2717061000,43.87,40.94,23.36,97.32,58.82,32.31,2.68,2,9260,749,0.0809,0.046,2543.2,596.4,0.0,1162,1.43,27170,2.584,3583.6,815,315.4,513.8,0.4699,1,25,189.6,1.6054,0.5,93.5,0.0025,3086.7,249.7,학원,10s,학원 (일반·기타 교육),10대 이하 (0~19세),중분류 (일반·기타 교육)
107,대구광역시 남구 대명10동,남구,2720065000,43.67,50.97,10.74,50.17,91.47,43.15,6.71,7,7805,449,0.0575,0.197,15387.0,249.1,7.3,444,0.68,27200,0.5166,15108.4,650,1258.2,375.5,0.8677,1,12,574.8,1.8044,0.8571,472.4,0.0108,975.6,56.1,학원,10s,학원 (일반·기타 교육),10대 이하 (0~19세),중분류 (일반·기타 교육)
108,대구광역시 중구 삼덕동,중구,2711054500,43.58,44.83,42.42,7.72,59.93,84.77,30.2,40,7460,923,0.1237,0.478,0.0,484.1,23.7,3487,2.29,27110,0.644,11583.9,1526,2369.6,480.0,0.5839,0,70,1719.3,1.8185,0.575,1322.8,0.0262,182.0,22.5,학원,10s,학원 (일반·기타 교육),10대 이하 (0~19세),중분류 (일반·기타 교육)
109,대구광역시 동구 신암5동,동구,2714054100,43.07,29.5,34.36,66.94,68.16,21.14,49.66,12,7315,786,0.1075,0.697,0.0,406.0,3.4,300,0.96,27140,0.5467,13380.3,314,574.4,366.8,0.9108,0,9,165.0,1.672,0.8333,152.7,0.0382,562.7,60.5,학원,10s,학원 (일반·기타 교육),10대 이하 (0~19세),중분류 (일반·기타 교육)
110,대구광역시 남구 봉덕2동,남구,2720054000,43.05,33.69,64.57,71.47,22.35,7.18,52.35,19,12852,1983,0.1543,0.737,0.0,1498.8,6.1,66,0.14,27200,3.0276,4244.9,470,155.2,1539.8,0.0,0,4,59.5,1.8229,0.0,63.1,0.0404,642.6,99.2,학원,10s,학원 (일반·기타 교육),10대 이하 (0~19세),중분류 (일반·기타 교육)
111,대구광역시 동구 해안동,동구,2714068500,42.39,40.2,29.26,72.65,48.32,23.69,39.6,14,12925,1064,0.0823,0.538,11140.2,847.5,3.4,480,1.01,27140,13.264,974.4,475,35.8,755.4,0.0589,2,23,160.5,1.8161,0.0714,138.0,0.0295,861.7,70.9,학원,10s,학원 (일반·기타 교육),10대 이하 (0~19세),중분류 (일반·기타 교육)
112,대구광역시 북구 노원동,북구,2723079000,42.38,41.04,31.68,79.7,45.57,42.01,7.38,12,10954,1017,0.0928,0.199,0.0,690.8,2.1,1224,1.11,27230,3.0536,3587.2,1104,361.5,693.4,0.3207,0,44,266.5,1.7025,0.4167,272.1,0.0109,842.6,78.2,학원,10s,학원 (일반·기타 교육),10대 이하 (0~19세),중분류 (일반·기타 교육)
113,대구광역시 북구 관음동,북구,2723075000,42.27,37.78,37.18,55.54,23.02,64.13,53.02,24,13689,1337,0.0977,0.75,0.0,1370.0,4.8,1198,2.05,27230,3.0672,4463.0,584,190.4,1468.8,0.0,0,23,374.4,1.7842,0.0,495.8,0.0411,547.6,53.5,학원,10s,학원 (일반·기타 교육),10대 이하 (0~19세),중분류 (일반·기타 교육)
114,대구광역시 수성구 범물1동,수성구,2726066100,41.77,34.66,14.76,15.1,84.63,69.53,65.1,20,9654,590,0.0611,0.987,11108.8,371.6,14.3,781,2.11,27260,5.8003,1664.4,370,63.8,338.1,0.9676,2,13,815.3,1.6642,0.95,772.0,0.0541,459.7,28.1,학원,10s,학원 (일반·기타 교육),10대 이하 (0~19세),중분류 (일반·기타 교육)
115,대구광역시 달성군 논공읍,달성군,2771025300,41.54,42.72,43.36,89.26,14.96,36.11,8.05,12,14804,1548,0.1046,0.215,0.0,8740.2,1.2,1664,1.63,27710,44.0501,336.1,1021,23.2,8220.1,0.0,0,42,76.6,1.7366,0.0,88.2,0.0118,1138.8,119.1,학원,10s,학원 (일반·기타 교육),10대 이하 (0~19세),중분류 (일반·기타 교육)
116,대구광역시 서구 평리2동,서구,2717063000,40.97,35.97,41.21,68.96,25.03,17.99,60.4,10,6820,824,0.1208,0.885,0.0,1267.6,4.9,115,0.56,27170,0.2781,24523.6,206,740.7,1200.3,0.0,0,6,152.3,1.7598,0.0,171.3,0.0485,620.0,74.9,학원,10s,학원 (일반·기타 교육),10대 이하 (0~19세),중분류 (일반·기타 교육)
117,대구광역시 남구 봉덕3동,남구,2720055000,40.47,44.29,40.4,29.53,33.36,35.3,61.41,42,14003,1456,0.104,0.894,0.0,1089.6,9.0,902,1.05,27200,3.0696,4561.8,858,279.5,904.0,0.1096,0,23,221.5,1.8839,0.0238,216.5,0.049,325.7,33.9,학원,10s,학원 (일반·기타 교육),10대 이하 (0~19세),중분류 (일반·기타 교육)
118,대구광역시 북구 산격2동,북구,2723062000,40.14,40.84,32.89,51.51,17.31,97.45,12.42,20,9376,942,0.1005,0.288,0.0,2701.7,4.4,10440,8.27,27230,2.3539,3983.2,1263,536.6,2945.4,0.0,0,84,2052.4,1.5111,0.0,1458.4,0.0158,446.5,44.9,학원,10s,학원 (일반·기타 교육),10대 이하 (0~19세),중분류 (일반·기타 교육)
119,대구광역시 수성구 상동,수성구,2726062000,39.54,50.27,43.09,19.13,23.35,20.91,73.83,67,13938,1483,0.1064,1.24,0.0,1345.1,10.5,678,0.69,27260,1.3277,10497.9,986,742.6,1288.9,0.0,0,28,118.7,1.9138,0.0,123.4,0.068,205.0,21.8,학원,10s,학원 (일반·기타 교육),10대 이하 (0~19세),중분류 (일반·기타 교육)
120,대구광역시 달서구 월성2동,달서구,2729060200,39.33,31.98,26.51,74.0,22.02,73.49,26.85,11,13435,1025,0.0763,0.441,0.0,1512.1,4.4,2943,6.47,27290,7.6185,1763.5,455,59.7,1831.7,0.0,0,41,250.2,1.7894,0.0,370.4,0.0242,1119.6,85.4,학원,10s,학원 (일반·기타 교육),10대 이하 (0~19세),중분류 (일반·기타 교육)
121,대구광역시 서구 비산1동,서구,2717055000,38.32,34.9,16.11,94.3,60.57,7.92,6.04,2,7738,518,0.0669,0.171,0.0,429.1,0.5,94,0.44,27170,0.4334,17854.2,213,491.5,505.0,0.5352,0,4,115.3,1.5363,0.5,59.0,0.0094,2579.3,172.7,학원,10s,학원 (일반·기타 교육),10대 이하 (0~19세),중분류 (일반·기타 교육)
122,대구광역시 동구 효목1동,동구,2714059000,38.3,40.84,16.64,71.81,54.29,27.99,10.07,11,11472,747,0.0651,0.257,0.0,596.5,2.3,901,1.16,27140,1.4646,7832.9,779,531.9,849.0,0.1592,0,32,179.1,1.7622,0.6364,118.5,0.0141,956.0,62.2,학원,10s,학원 (일반·기타 교육),10대 이하 (0~19세),중분류 (일반·기타 교육)
123,대구광역시 서구 비산5동,서구,2717059000,37.57,36.08,7.51,41.28,94.23,23.36,25.84,8,4744,261,0.055,0.432,7774.7,138.7,3.8,128,0.38,27170,0.3445,13770.7,337,978.2,201.9,1.0,2,4,204.0,1.6091,1.0,236.6,0.0237,527.1,29.0,학원,10s,학원 (일반·기타 교육),10대 이하 (0~19세),중분류 (일반·기타 교육)
124,대구광역시 서구 내당2·3동,서구,2717052500,36.84,37.48,12.35,70.14,58.56,28.86,9.4,6,8091,478,0.0591,0.246,0.0,476.9,3.8,287,0.65,27170,0.4967,16289.5,443,891.9,456.6,0.6524,0,13,339.8,1.6893,0.5,270.8,0.0135,1155.9,68.3,학원,10s,학원 (일반·기타 교육),10대 이하 (0~19세),중분류 (일반·기타 교육)
125,대구광역시 서구 비산4동,서구,2717058000,36.38,37.68,17.18,70.8,38.93,23.26,28.52,8,8143,553,0.0679,0.469,0.0,839.7,2.4,256,0.82,27170,0.434,18762.7,311,716.6,872.3,0.0579,0,12,200.0,1.7548,0.125,184.6,0.0257,904.8,61.4,학원,10s,학원 (일반·기타 교육),10대 이하 (0~19세),중분류 (일반·기타 교육)
126,대구광역시 서구 평리6동,서구,2717066100,35.71,19.5,37.85,94.3,20.0,27.92,23.49,4,5391,628,0.1165,0.42,0.0,1722.6,0.0,317,1.82,27170,0.7464,7222.7,174,233.1,1588.9,0.0,0,10,129.4,1.7879,0.0,91.8,0.023,1078.2,125.6,학원,10s,학원 (일반·기타 교육),10대 이하 (0~19세),중분류 (일반·기타 교육)
127,대구광역시 남구 대명9동,남구,2720064000,35.1,40.1,24.83,42.61,31.08,26.24,44.3,27,13110,992,0.0757,0.627,0.0,883.5,4.6,762,0.97,27200,3.1401,4175.0,785,250.0,817.3,0.0038,0,28,184.2,1.8211,0.0,164.1,0.0344,468.2,35.4,학원,10s,학원 (일반·기타 교육),10대 이하 (0~19세),중분류 (일반·기타 교육)
128,대구광역시 서구 비산6동,서구,2717060000,33.83,35.44,8.18,98.32,30.4,21.58,1.01,0,6319,361,0.0571,0.0,0.0,935.7,0.0,200,0.89,27170,0.2715,23274.4,225,828.7,935.7,0.0,0,7,166.1,1.6884,0.0,166.1,0.0,6319.0,361.0,학원,10s,학원 (일반·기타 교육),10대 이하 (0~19세),중분류 (일반·기타 교육)
129,대구광역시 북구 산격3동,북구,2723063000,33.32,37.48,15.64,33.56,18.99,87.85,22.82,21,8390,557,0.0664,0.405,0.0,2091.8,5.3,3619,3.82,27230,1.272,6595.9,947,744.5,2105.0,0.0,0,19,1139.1,1.6083,0.0,776.1,0.0222,381.4,25.3,학원,10s,학원 (일반·기타 교육),10대 이하 (0~19세),중분류 (일반·기타 교육)
130,대구광역시 서구 비산2·3동,서구,2717056500,33.07,34.5,8.32,82.55,42.62,18.06,4.7,4,7550,407,0.0539,0.139,0.0,697.6,1.5,276,0.53,27170,0.555,13603.6,523,942.3,678.0,0.3078,0,13,196.2,1.5586,0.25,167.0,0.0076,1510.0,81.4,학원,10s,학원 (일반·기타 교육),10대 이하 (0~19세),중분류 (일반·기타 교육)
131,대구광역시 남구 대명11동,남구,2720066000,31.38,30.84,10.87,49.16,40.87,48.39,16.11,11,7152,415,0.058,0.326,0.0,680.8,2.6,711,1.16,27200,0.8477,8436.9,614,724.3,687.2,0.0537,0,19,454.2,1.5689,0.0909,399.0,0.0179,596.0,34.6,학원,10s,학원 (일반·기타 교육),10대 이하 (0~19세),중분류 (일반·기타 교육)
132,대구광역시 달성군 가창면,달성군,2771031000,30.96,15.84,23.36,82.38,15.63,51.55,16.78,7,6719,587,0.0874,0.328,0.0,4455.2,0.3,2291,5.9,27710,110.4332,60.8,388,3.5,5522.5,0.0,0,32,134.5,1.676,0.0,102.0,0.018,839.9,73.4,학원,10s,학원 (일반·기타 교육),10대 이하 (0~19세),중분류 (일반·기타 교육)
133,대구광역시 남구 봉덕1동,남구,2720053000,30.28,39.57,13.83,26.51,46.71,25.14,21.48,14,7680,492,0.0641,0.392,0.0,638.3,9.8,448,0.69,27200,0.4881,15734.5,651,1333.7,815.4,0.192,0,12,195.9,1.7448,0.3571,204.4,0.0215,512.0,32.8,학원,10s,학원 (일반·기타 교육),10대 이하 (0~19세),중분류 (일반·기타 교육)
134,대구광역시 북구 산격4동,북구,2723063100,30.16,26.17,14.03,63.59,18.66,52.15,19.46,7,6961,462,0.0664,0.347,0.0,2160.1,3.4,595,1.62,27230,0.7157,9726.1,368,514.2,2035.1,0.0,0,6,252.6,1.8845,0.0,384.4,0.019,870.1,57.8,학원,10s,학원 (일반·기타 교육),10대 이하 (0~19세),중분류 (일반·기타 교육)
135,대구광역시 북구 검단동,북구,2723068000,29.96,14.26,15.44,69.46,17.65,53.62,41.61,6,5414,386,0.0713,0.576,0.0,2524.4,0.8,574,3.02,27230,3.7681,1436.8,190,50.4,2658.8,0.0,0,6,208.6,1.7306,0.0,288.5,0.0316,773.4,55.1,학원,10s,학원 (일반·기타 교육),10대 이하 (0~19세),중분류 (일반·기타 교육)
136,대구광역시 서구 평리1동,서구,2717062000,28.64,30.6,14.63,54.7,28.39,8.86,31.88,8,6126,413,0.0674,0.494,0.0,1042.5,3.8,68,0.23,27170,0.3656,16756.0,295,806.9,1031.4,0.0,0,4,102.6,1.7586,0.0,82.1,0.0271,680.7,45.9,학원,10s,학원 (일반·기타 교육),10대 이하 (0~19세),중분류 (일반·기타 교육)
137,대구광역시 군위군 군위읍,군위군,2772025000,28.37,22.78,31.41,75.0,11.61,2.52,20.13,11,7901,797,0.1009,0.359,0.0,30940.5,1.6,0,0.0,27720,82.95,95.3,559,6.7,30678.1,0.0,0,0,0.0,1.7561,0.0,0.0,0.0197,658.4,66.4,학원,10s,학원 (일반·기타 교육),10대 이하 (0~19세),중분류 (일반·기타 교육)
138,대구광역시 북구 산격1동,북구,2723061000,26.9,25.54,6.44,87.08,19.33,11.21,8.72,3,7370,365,0.0495,0.221,0.0,2003.8,0.7,69,0.28,27230,0.8679,8491.8,247,284.6,2197.3,0.0,0,5,71.8,1.7525,0.0,106.7,0.0121,1842.5,91.2,학원,10s,학원 (일반·기타 교육),10대 이하 (0~19세),중분류 (일반·기타 교육)
139,대구광역시 달서구 상인3동,달서구,2729062600,26.69,25.64,9.26,39.43,24.7,42.35,32.89,10,9445,475,0.0503,0.502,0.0,1278.5,8.3,464,1.28,27290,3.3085,2854.8,363,109.7,1319.7,0.0,0,13,327.8,1.7064,0.0,334.4,0.0275,858.6,43.2,학원,10s,학원 (일반·기타 교육),10대 이하 (0~19세),중분류 (일반·기타 교육)
140,대구광역시 북구 복현1동,북구,2723067100,26.32,38.56,8.46,41.61,20.34,24.23,13.42,8,7131,391,0.0548,0.295,0.0,1702.3,7.4,333,0.67,27230,0.3619,19704.3,495,1367.8,1714.4,0.0,0,10,312.4,1.6966,0.0,209.6,0.0162,792.3,43.4,학원,10s,학원 (일반·기타 교육),10대 이하 (0~19세),중분류 (일반·기타 교육)
141,대구광역시 동구 도평동,동구,2714061500,23.92,9.9,8.99,81.54,17.98,7.72,34.56,2,3371,204,0.0605,0.507,0.0,2220.4,0.0,41,0.57,27140,19.9271,169.2,72,3.6,2629.1,0.0,0,3,4.2,1.635,0.0,5.5,0.0278,1123.7,68.0,학원,10s,학원 (일반·기타 교육),10대 이하 (0~19세),중분류 (일반·기타 교육)
142,대구광역시 북구 침산1동,북구,2723055000,23.16,14.23,13.69,70.14,21.68,13.08,10.74,3,3441,239,0.0695,0.279,0.0,1540.2,2.0,115,0.59,27230,1.4697,2341.3,196,133.4,1796.3,0.0,0,6,93.6,1.733,0.0,94.7,0.0153,860.2,59.8,학원,10s,학원 (일반·기타 교육),10대 이하 (0~19세),중분류 (일반·기타 교육)
143,대구광역시 달성군 하빈면,달성군,2771033000,19.35,10.0,4.03,51.84,16.64,37.92,14.77,3,3104,121,0.039,0.308,0.0,3718.3,0.7,850,4.8,27710,37.7234,82.3,177,4.7,3593.4,0.0,0,16,16.9,1.703,0.0,0.0,0.0169,776.0,30.2,학원,10s,학원 (일반·기타 교육),10대 이하 (0~19세),중분류 (일반·기타 교육)
144,대구광역시 군위군 효령면,군위군,2772032000,17.87,9.8,4.7,53.69,13.29,2.52,36.91,4,3639,149,0.0409,0.522,0.0,21118.0,0.0,0,0.0,27720,96.6177,37.7,140,1.4,19823.3,0.0,0,0,0.0,1.6874,0.0,0.0,0.0286,727.8,29.8,학원,10s,학원 (일반·기타 교육),10대 이하 (0~19세),중분류 (일반·기타 교육)
145,대구광역시 군위군 소보면,군위군,2772031000,17.84,7.79,1.61,49.32,11.27,2.52,58.39,3,2221,59,0.0266,0.868,0.0,34038.1,0.0,0,0.0,27720,99.6768,22.3,63,0.6,34386.7,0.0,0,0,0.0,1.6534,0.0,0.0,0.0476,555.2,14.8,학원,10s,학원 (일반·기타 교육),10대 이하 (0~19세),중분류 (일반·기타 교육)
146,대구광역시 군위군 의흥면,군위군,2772035000,16.92,8.66,2.28,78.18,11.94,2.52,1.01,0,2217,61,0.0275,0.0,0.0,27468.0,0.0,0,0.0,27720,54.4298,40.7,92,1.7,27468.0,0.0,0,0,0.0,1.3958,0.0,0.0,0.0,2217.0,61.0,학원,10s,학원 (일반·기타 교육),10대 이하 (0~19세),중분류 (일반·기타 교육)
147,대구광역시 군위군 부계면,군위군,2772033000,15.04,8.19,3.36,60.4,14.63,2.52,4.03,1,2106,74,0.0351,0.117,0.0,10988.7,0.0,0,0.0,27720,65.1498,32.3,156,2.4,14132.4,0.0,0,0,0.0,1.5238,0.0,0.0,0.0064,1053.0,37.0,학원,10s,학원 (일반·기타 교육),10대 이하 (0~19세),중분류 (일반·기타 교육)
148,대구광역시 군위군 삼국유사면,군위군,2772037000,14.78,6.27,0.0,48.66,12.61,2.52,34.56,1,1330,23,0.0173,0.507,0.0,22016.0,0.0,0,0.0,27720,115.041,11.6,36,0.3,24412.0,0.0,0,0,0.0,1.542,0.0,0.0,0.0278,665.0,11.5,학원,10s,학원 (일반·기타 교육),10대 이하 (0~19세),중분류 (일반·기타 교육)
149,대구광역시 군위군 우보면,군위군,2772034000,14.63,7.11,0.94,67.45,12.28,2.52,1.01,0,1937,47,0.0243,0.0,0.0,27265.0,0.0,0,0.0,27720,60.4878,32.0,48,0.8,27265.0,0.0,0,0,0.0,1.6422,0.0,0.0,0.0,1937.0,47.0,학원,10s,학원 (일반·기타 교육),10대 이하 (0~19세),중분류 (일반·기타 교육)
150,대구광역시 군위군 산성면,군위군,2772036000,13.78,6.84,1.88,60.4,12.95,2.52,1.01,0,1201,37,0.0308,0.0,0.0,21435.4,0.0,0,0.0,27720,36.9047,32.5,45,1.2,21435.4,0.0,0,0,0.0,1.3772,0.0,0.0,0.0,1201.0,37.0,학원,10s,학원 (일반·기타 교육),10대 이하 (0~19세),중분류 (일반·기타 교육)
1,대구광역시 수성구 범어1동,수성구,2726051000,71.91,83.59,63.02,72.66,95.23,80.74,9.73,27,22679,22679,1.0,0.682,19467.9,257.4,8.7,2378,2.41,27260,1.1852,19135.2,988,833.6,239.4,0.996,2,34,1056.3,1.9254,1.0,887.9,0.0273,810.0,810.0,종합소매,all,종합 소매점,전체 인구,중분류 (종합 소매)
2,대구광역시 달서구 상인1동,달서구,2729062400,71.69,90.67,67.85,72.32,70.47,77.92,17.11,33,31919,31919,1.0,0.785,20963.7,512.2,9.1,2895,2.76,27290,1.4947,21354.8,1050,702.5,455.1,0.5638,1,54,886.7,1.7616,0.5152,550.2,0.0314,938.8,938.8,종합소매,all,종합 소매점,전체 인구,중분류 (종합 소매)
3,대구광역시 북구 구암동,북구,2723074500,71.32,74.9,66.51,69.46,87.11,66.61,54.03,45,30230,30230,1.0,1.087,15065.5,328.8,8.1,2117,2.05,27230,4.1947,7206.7,1035,246.7,349.2,0.7449,3,41,403.8,1.7552,0.8222,448.8,0.0435,657.2,657.2,종합소매,all,종합 소매점,전체 인구,중분류 (종합 소매)
4,대구광역시 동구 신암4동,동구,2714054000,70.67,68.86,58.72,54.03,86.11,85.24,87.25,31,18383,18383,1.0,1.487,43556.8,352.0,9.4,2706,5.19,27140,1.1656,15771.3,521,447.0,378.4,0.7179,2,29,569.0,1.8721,0.7742,642.1,0.0595,574.5,574.5,종합소매,all,종합 소매점,전체 인구,중분류 (종합 소매)
5,대구광역시 달성군 다사읍,달성군,2771025600,70.32,78.79,70.0,73.16,49.53,69.0,73.83,121,88904,88904,1.0,1.305,24793.4,1271.1,8.1,4705,2.03,27710,36.8156,2414.8,2317,62.9,1242.5,0.3423,3,133,475.8,1.7768,0.3223,393.1,0.0522,728.7,728.7,종합소매,all,종합 소매점,전체 인구,중분류 (종합 소매)
6,대구광역시 달서구 진천동,달서구,2729061500,69.68,85.24,69.73,43.96,73.9,74.5,50.34,88,49267,49267,1.0,1.067,33114.2,526.3,11.0,3768,1.83,27290,5.3271,9248.4,2063,387.3,538.6,0.6757,3,95,557.9,1.7891,0.6932,579.6,0.0427,553.6,553.6,종합소매,all,종합 소매점,전체 인구,중분류 (종합 소매)
7,대구광역시 동구 안심1동,동구,2714072000,69.43,84.53,68.93,68.46,73.83,62.95,26.51,61,37158,37158,1.0,0.857,15850.8,477.2,7.4,2910,1.64,27140,3.4892,10649.4,1776,509.0,428.2,0.5923,2,56,451.6,1.7618,0.5738,357.0,0.0343,599.3,599.3,종합소매,all,종합 소매점,전체 인구,중분류 (종합 소매)
8,대구광역시 동구 안심4동,동구,2714074700,69.32,74.73,64.9,87.58,75.97,69.73,24.16,33,26289,26289,1.0,0.837,13918.2,430.9,4.4,2726,2.77,27140,2.572,10221.2,985,383.0,390.0,0.7503,2,66,438.1,1.8606,0.6061,370.2,0.0335,773.2,773.2,종합소매,all,종합 소매점,전체 인구,중분류 (종합 소매)
9,대구광역시 달서구 용산1동,달서구,2729057100,68.4,83.83,65.17,64.6,65.23,68.53,38.93,39,27808,27808,1.0,0.975,12948.6,552.7,9.0,2800,2.8,27290,1.4578,19075.3,1001,686.7,500.2,0.5395,1,27,594.5,1.8138,0.4872,355.3,0.039,695.2,695.2,종합소매,all,종합 소매점,전체 인구,중분류 (종합 소매)
10,대구광역시 달성군 화원읍,달성군,2771025000,67.79,76.04,69.46,69.8,66.44,41.74,64.77,71,45354,45354,1.0,1.175,17158.0,547.9,7.6,2363,1.56,27710,25.9877,1745.2,1512,58.2,477.2,0.6104,2,64,174.0,1.7733,0.4789,160.1,0.047,629.9,629.9,종합소매,all,종합 소매점,전체 인구,중분류 (종합 소매)
11,대구광역시 북구 칠성동,북구,2723052600,67.73,85.17,63.56,40.61,82.82,88.36,21.14,44,23657,23657,1.0,0.815,23713.1,372.9,11.4,4486,3.33,27230,1.3907,17010.9,1349,970.0,435.4,0.6308,2,51,877.9,1.5237,0.7273,787.6,0.0326,525.7,525.7,종합소매,all,종합 소매점,전체 인구,중분류 (종합 소매)
12,대구광역시 달서구 감삼동,달서구,2729055500,67.02,92.55,67.32,50.17,72.48,56.78,17.11,46,31125,31125,1.0,0.785,12921.8,472.5,11.6,1705,1.16,27290,1.1434,27221.4,1465,1281.3,450.0,0.641,1,37,514.2,1.8307,0.5652,441.2,0.0314,662.2,662.2,종합소매,all,종합 소매점,전체 인구,중분류 (종합 소매)
13,대구광역시 북구 동천동,북구,2723078000,66.93,86.88,64.36,44.8,75.13,90.27,9.73,39,24635,24635,1.0,0.682,8538.0,434.3,12.3,4100,2.87,27230,1.0632,23170.6,1429,1344.1,430.1,0.6767,1,118,1498.7,1.7811,0.6923,1126.2,0.0273,615.9,615.9,종합소매,all,종합 소매점,전체 인구,중분류 (종합 소매)
14,대구광역시 달서구 이곡1동,달서구,2729057600,66.26,70.04,60.07,31.38,80.94,88.39,75.5,44,19663,19663,1.0,1.315,15640.1,400.1,11.6,2777,3.32,27290,1.8033,10903.9,837,464.1,366.7,0.8339,2,56,1398.8,1.8622,0.7727,996.1,0.0526,437.0,437.0,종합소매,all,종합 소매점,전체 인구,중분류 (종합 소매)
15,대구광역시 수성구 고산3동,수성구,2726069000,65.76,67.78,66.24,66.78,77.58,58.22,46.98,35,29136,29136,1.0,1.04,8180.9,400.8,9.5,994,1.18,27260,5.2954,5502.1,841,158.8,377.6,0.8193,1,35,511.9,1.8415,0.7429,540.4,0.0416,809.3,809.3,종합소매,all,종합 소매점,전체 인구,중분류 (종합 소매)
16,대구광역시 북구 관문동,북구,2723071500,65.51,64.33,68.12,79.87,40.47,57.45,87.92,49,31975,31975,1.0,1.515,7033.3,1573.0,4.5,2576,3.18,27230,14.8231,2157.1,809,54.6,1662.6,0.3498,3,64,205.6,1.7905,0.3469,207.0,0.0606,639.5,639.5,종합소매,all,종합 소매점,전체 인구,중분류 (종합 소매)
17,대구광역시 북구 태전2동,북구,2723073500,64.64,67.82,62.48,48.16,77.05,68.39,61.74,44,21610,21610,1.0,1.145,3795.2,379.7,9.1,2036,2.12,27230,2.0691,10444.2,961,464.5,413.0,0.7815,1,51,470.0,1.797,0.8182,460.5,0.0458,480.2,480.2,종합소매,all,종합 소매점,전체 인구,중분류 (종합 소매)
18,대구광역시 수성구 고산2동,수성구,2726068000,64.62,67.85,64.63,68.62,68.12,71.41,36.91,48,25533,25533,1.0,0.945,11450.8,516.1,5.2,6126,4.82,27260,24.337,1049.1,1270,52.2,499.8,0.5976,3,88,249.9,1.894,0.5208,302.7,0.0378,521.1,521.1,종합소매,all,종합 소매점,전체 인구,중분류 (종합 소매)
19,대구광역시 수성구 고산1동,수성구,2726067000,64.57,72.28,67.05,57.39,57.25,77.18,45.64,47,31066,31066,1.0,1.037,11318.1,665.9,9.7,2849,2.52,27260,8.624,3602.3,1132,131.3,600.7,0.4735,1,43,613.8,1.7871,0.3191,586.9,0.0415,647.2,647.2,종합소매,all,종합 소매점,전체 인구,중분류 (종합 소매)
20,"대구광역시 달서구 두류1,2동",달서구,2729053500,64.48,68.36,54.7,43.12,85.17,86.18,51.68,41,15672,15672,1.0,1.072,15669.8,347.3,8.5,3657,3.83,27290,1.2776,12266.8,955,747.5,325.6,0.8597,2,36,680.4,1.903,0.8049,679.4,0.0429,373.1,373.1,종합소매,all,종합 소매점,전체 인구,중분류 (종합 소매)
21,대구광역시 달서구 월성1동,달서구,2729060100,63.33,80.54,69.2,49.84,39.93,88.06,30.54,51,39423,39423,1.0,0.887,0.0,840.5,12.8,4066,2.83,27290,1.9323,20402.1,1438,744.2,899.2,0.096,0,70,1080.4,1.8341,0.1373,969.4,0.0355,758.1,758.1,종합소매,all,종합 소매점,전체 인구,중분류 (종합 소매)
22,대구광역시 북구 국우동,북구,2723080000,63.06,61.41,65.97,66.78,50.94,57.32,80.54,52,29112,29112,1.0,1.38,3118.2,874.1,6.3,2431,2.58,27230,16.9087,1721.7,942,55.7,759.4,0.4586,2,41,272.2,1.7701,0.4808,245.8,0.0552,549.3,549.3,종합소매,all,종합 소매점,전체 인구,중분류 (종합 소매)
23,대구광역시 달서구 유천동,달서구,2729061700,62.88,73.86,68.66,71.98,44.36,68.86,26.51,25,32864,32864,1.0,0.857,0.0,680.7,9.3,1643,2.26,27290,1.3119,25050.7,728,554.9,622.7,0.2788,0,41,613.2,1.8499,0.16,531.6,0.0343,1264.0,1264.0,종합소매,all,종합 소매점,전체 인구,중분류 (종합 소매)
24,대구광역시 수성구 만촌3동,수성구,2726056100,62.83,70.03,61.41,82.22,73.15,29.76,32.55,27,20523,20523,1.0,0.917,14504.4,460.9,5.7,797,1.08,27260,1.6947,12110.1,735,433.7,416.1,0.5578,2,13,188.8,1.9243,0.5185,178.7,0.0367,733.0,733.0,종합소매,all,종합 소매점,전체 인구,중분류 (종합 소매)
25,대구광역시 달서구 신당동,달서구,2729058500,62.63,75.64,65.44,4.53,65.77,78.45,84.56,144,27882,27882,1.0,1.46,24240.6,628.8,18.1,7236,2.94,27290,9.211,3027.0,2465,267.6,821.4,0.4365,2,113,477.8,1.7073,0.4931,455.1,0.0584,192.3,192.3,종합소매,all,종합 소매점,전체 인구,중분류 (종합 소매)
26,대구광역시 수성구 수성1가동,수성구,2726057000,60.36,73.99,56.58,44.96,85.84,29.67,42.62,29,16970,16970,1.0,1.025,11615.6,340.4,10.9,364,0.51,27260,0.6383,26586.2,708,1109.2,306.7,0.8814,1,13,357.1,1.9594,0.8621,285.5,0.041,565.7,565.7,종합소매,all,종합 소매점,전체 인구,중분류 (종합 소매)
27,대구광역시 달서구 용산2동,달서구,2729057200,60.36,59.93,64.09,83.56,42.35,29.2,77.52,28,24584,24584,1.0,1.352,0.0,782.6,6.6,678,1.31,27290,1.5398,15965.7,518,336.4,752.7,0.1409,0,19,147.4,1.7934,0.25,149.1,0.0541,847.7,847.7,종합소매,all,종합 소매점,전체 인구,중분류 (종합 소매)
28,대구광역시 수성구 범어2동,수성구,2726052000,60.35,69.03,53.62,62.58,71.55,83.92,4.03,25,15345,15345,1.0,0.572,10699.6,465.3,8.4,2861,2.62,27260,1.0094,15202.1,1094,1083.8,482.8,0.5384,1,42,1064.7,1.8705,0.56,908.4,0.0229,590.2,590.2,종합소매,all,종합 소매점,전체 인구,중분류 (종합 소매)
29,대구광역시 북구 복현2동,북구,2723067200,59.9,63.59,65.7,71.65,20.57,57.32,81.21,36,28733,28733,1.0,1.387,0.0,1698.7,8.7,1348,2.08,27230,1.8078,15893.9,649,359.0,1620.2,0.0,0,39,355.2,1.8941,0.0,341.1,0.0555,776.6,776.6,종합소매,all,종합 소매점,전체 인구,중분류 (종합 소매)
30,대구광역시 수성구 지산1동,수성구,2726065100,59.71,65.57,59.26,56.38,81.34,61.88,13.42,39,18617,18617,1.0,0.75,5358.9,361.2,7.6,1776,1.37,27260,2.8948,6431.2,1301,449.4,326.2,0.9101,1,63,541.8,1.8658,0.8718,489.1,0.03,465.4,465.4,종합소매,all,종합 소매점,전체 인구,중분류 (종합 소매)
31,대구광역시 동구 안심3동,동구,2714074200,59.32,57.28,60.6,65.77,74.56,36.64,53.02,31,19897,19897,1.0,1.085,6999.1,409.3,8.3,913,1.28,27140,5.8689,3390.2,714,121.7,457.1,0.556,1,29,232.8,1.9059,0.6452,198.0,0.0434,621.8,621.8,종합소매,all,종합 소매점,전체 인구,중분류 (종합 소매)
32,대구광역시 수성구 범어3동,수성구,2726053000,59.24,71.34,57.12,62.92,57.82,81.74,1.34,22,17016,17016,1.0,0.475,0.0,498.1,9.6,2389,2.07,27260,0.5836,29157.0,1155,1979.1,503.0,0.4978,0,39,1299.8,1.8564,0.5,1101.5,0.019,739.8,739.8,종합소매,all,종합 소매점,전체 인구,중분류 (종합 소매)
33,대구광역시 중구 남산4동,중구,2711067000,59.13,57.58,54.97,47.99,76.38,42.15,79.87,22,15842,15842,1.0,1.365,0.0,346.4,12.5,481,1.19,27110,0.449,35282.9,403,897.6,351.8,0.8164,0,16,308.4,1.9455,0.9091,316.7,0.0546,688.8,688.8,종합소매,all,종합 소매점,전체 인구,중분류 (종합 소매)
34,대구광역시 북구 태전1동,북구,2723072500,58.84,64.33,62.22,45.47,48.8,60.74,68.79,41,21074,21074,1.0,1.26,3814.3,748.1,9.8,1588,1.95,27230,2.5135,8384.3,814,323.9,633.0,0.2862,1,23,327.5,1.7551,0.1463,380.1,0.0504,501.8,501.8,종합소매,all,종합 소매점,전체 인구,중분류 (종합 소매)
35,대구광역시 달성군 유가읍,달성군,2771025900,58.74,57.89,67.58,73.66,14.53,86.51,59.73,50,31236,31236,1.0,1.12,0.0,12123.3,6.0,4302,3.85,27710,56.1887,555.9,1117,19.9,12162.5,0.0,0,60,1047.5,1.7554,0.0,614.4,0.0448,612.5,612.5,종합소매,all,종합 소매점,전체 인구,중분류 (종합 소매)
36,대구광역시 동구 안심2동,동구,2714073000,58.3,44.03,56.84,78.69,51.81,47.52,93.96,28,17002,17002,1.0,1.777,3810.8,689.1,2.9,1493,3.79,27140,13.3309,1275.4,394,29.6,844.7,0.3046,1,43,159.2,1.8547,0.3214,146.7,0.0711,586.3,586.3,종합소매,all,종합 소매점,전체 인구,중분류 (종합 소매)
37,대구광역시 수성구 지산2동,수성구,2726065200,57.89,62.55,58.46,54.86,77.78,41.78,33.56,29,18149,18149,1.0,0.92,4126.8,397.1,9.6,928,1.18,27260,1.6406,11062.4,787,479.7,398.0,0.8119,1,26,289.4,1.9254,0.8276,261.4,0.0368,605.0,605.0,종합소매,all,종합 소매점,전체 인구,중분류 (종합 소매)
38,대구광역시 동구 신천3동,동구,2714057000,57.77,58.62,52.55,77.52,61.94,82.52,5.03,18,14835,14835,1.0,0.585,0.0,481.0,7.8,1998,2.59,27140,0.7179,20664.4,770,1072.6,542.0,0.4195,0,48,1228.0,1.9695,0.6667,1012.4,0.0234,780.8,780.8,종합소매,all,종합 소매점,전체 인구,중분류 (종합 소매)
39,대구광역시 남구 대명2동,남구,2720057100,57.75,65.84,53.36,29.2,91.54,47.82,44.3,33,15229,15229,1.0,1.032,7568.7,253.1,12.5,780,0.98,27200,0.8755,17394.6,799,912.6,253.3,0.9862,1,20,331.0,1.8046,1.0,411.7,0.0413,447.9,447.9,종합소매,all,종합 소매점,전체 인구,중분류 (종합 소매)
40,대구광역시 달서구 죽전동,달서구,2729056300,57.61,69.8,51.21,22.15,83.25,63.56,42.62,39,14344,14344,1.0,1.025,13243.8,362.1,12.4,1402,1.47,27290,0.7849,18274.9,951,1211.6,343.2,0.8107,1,42,580.0,1.8808,0.8205,533.3,0.041,358.6,358.6,종합소매,all,종합 소매점,전체 인구,중분류 (종합 소매)
41,대구광역시 달서구 송현2동,달서구,2729064000,57.53,74.03,57.65,32.55,74.56,41.38,35.91,38,17618,17618,1.0,0.94,7829.2,438.9,11.9,831,0.82,27290,0.9693,18176.0,1011,1043.0,449.2,0.6281,1,33,378.6,1.7597,0.7105,335.8,0.0376,451.7,451.7,종합소매,all,종합 소매점,전체 인구,중분류 (종합 소매)
42,대구광역시 달서구 본리동,달서구,2729059000,57.49,67.85,63.29,56.54,26.61,55.3,64.77,34,22993,22993,1.0,1.175,0.0,1207.5,9.8,1195,1.65,27290,1.0774,21341.2,723,671.1,1208.5,0.0,0,48,381.0,1.8016,0.0,343.8,0.047,656.9,656.9,종합소매,all,종합 소매점,전체 인구,중분류 (종합 소매)
43,대구광역시 중구 성내3동,중구,2711058500,56.69,55.77,48.79,54.2,80.87,26.21,73.15,23,13643,13643,1.0,1.295,5778.9,364.4,9.2,259,0.58,27110,0.7455,18300.5,444,595.6,332.9,0.9302,1,12,257.9,1.9273,0.8696,242.2,0.0518,568.5,568.5,종합소매,all,종합 소매점,전체 인구,중분류 (종합 소매)
44,대구광역시 달서구 도원동,달서구,2729062800,56.66,52.85,66.78,59.9,24.26,62.01,86.24,39,30857,30857,1.0,1.48,0.0,1324.1,10.6,1977,3.0,27290,11.188,2758.0,659,58.9,1382.2,0.0,0,41,337.0,1.7287,0.0,299.9,0.0592,771.4,771.4,종합소매,all,종합 소매점,전체 인구,중분류 (종합 소매)
45,대구광역시 동구 지저동,동구,2714064000,56.13,41.98,46.38,85.74,59.19,84.9,40.27,15,12323,12323,1.0,0.987,9062.4,639.8,4.7,2021,5.32,27140,2.2358,5511.7,380,170.0,469.2,0.5684,1,12,412.7,1.6623,0.4,729.6,0.0395,770.2,770.2,종합소매,all,종합 소매점,전체 인구,중분류 (종합 소매)
46,대구광역시 동구 동촌동,동구,2714065500,55.89,43.19,49.33,67.45,63.49,63.83,70.47,28,13815,13815,1.0,1.262,4475.3,496.8,4.4,1690,3.05,27140,4.4612,3096.7,554,124.2,510.3,0.4116,1,31,352.6,1.7752,0.4286,323.9,0.0505,476.4,476.4,종합소매,all,종합 소매점,전체 인구,중분류 (종합 소매)
47,대구광역시 북구 읍내동,북구,2723077000,55.81,57.78,63.82,67.78,28.62,64.23,48.32,42,24576,24576,1.0,1.06,0.0,990.0,6.5,1572,1.59,27230,5.6904,4318.9,991,174.2,977.2,0.0,0,37,601.6,1.7105,0.0,500.2,0.0424,571.5,571.5,종합소매,all,종합 소매점,전체 인구,중분류 (종합 소매)
48,대구광역시 북구 고성동,북구,2723051000,55.43,55.74,51.74,77.86,56.98,56.51,24.83,17,14603,14603,1.0,0.847,0.0,491.5,8.1,694,1.38,27230,0.52,28082.7,502,965.4,502.8,0.4641,0,9,698.5,1.5975,0.4706,516.6,0.0339,811.3,811.3,종합소매,all,종합 소매점,전체 인구,중분류 (종합 소매)
49,대구광역시 동구 신천1·2동,동구,2714055500,55.13,55.64,44.23,93.29,89.03,17.42,5.03,9,10994,10994,1.0,0.585,9575.6,298.3,4.3,301,0.78,27140,0.4677,23506.5,384,821.0,304.5,0.8438,1,10,149.9,1.8643,0.8889,132.9,0.0234,1099.4,1099.4,종합소매,all,종합 소매점,전체 인구,중분류 (종합 소매)
50,대구광역시 북구 침산2동,북구,2723056000,54.88,60.87,58.19,61.91,25.1,84.77,34.56,22,17835,17835,1.0,0.927,0.0,1308.7,9.9,2202,3.71,27230,0.8533,20901.2,593,694.9,1297.3,0.0,0,23,684.5,1.8863,0.0,788.9,0.0371,775.4,775.4,종합소매,all,종합 소매점,전체 인구,중분류 (종합 소매)
51,대구광역시 달서구 송현1동,달서구,2729063000,54.71,57.58,55.24,31.72,80.84,31.31,63.76,39,15927,15927,1.0,1.165,6693.2,358.2,10.8,743,0.89,27290,2.4579,6479.9,837,340.5,366.2,0.7921,1,22,209.0,1.8609,0.8205,214.3,0.0466,398.2,398.2,종합소매,all,종합 소매점,전체 인구,중분류 (종합 소매)
52,대구광역시 남구 대명5동,남구,2720060000,54.69,46.84,40.2,28.52,88.05,87.99,63.09,28,8896,8896,1.0,1.152,11071.1,270.9,9.5,2694,4.44,27200,0.74,12021.6,607,820.3,256.8,0.8666,1,20,557.7,1.8206,0.8214,872.5,0.0461,306.8,306.8,종합소매,all,종합 소매점,전체 인구,중분류 (종합 소매)
53,대구광역시 수성구 수성2·3가동,수성구,2726058000,54.15,51.64,42.88,64.26,89.33,67.45,3.02,16,10185,10185,1.0,0.555,5644.8,277.1,8.2,1441,2.0,27260,0.6602,15427.1,722,1093.6,276.9,0.9848,1,24,550.7,1.8895,1.0,547.6,0.0222,599.1,599.1,종합소매,all,종합 소매점,전체 인구,중분류 (종합 소매)
54,대구광역시 수성구 범물2동,수성구,2726066200,53.94,41.91,54.16,78.36,62.88,49.9,43.62,17,15526,15526,1.0,1.027,0.0,445.3,8.2,590,1.43,27260,2.122,7316.7,414,195.1,382.0,0.8309,0,14,463.5,1.9377,0.5882,357.6,0.0411,862.6,862.6,종합소매,all,종합 소매점,전체 인구,중분류 (종합 소매)
55,대구광역시 북구 침산3동,북구,2723057000,53.88,55.91,57.92,59.56,22.92,73.79,57.72,24,17704,17704,1.0,1.11,0.0,1432.3,9.8,1418,2.62,27230,1.0462,16922.2,541,517.1,1374.8,0.0,0,27,644.1,1.8583,0.0,613.7,0.0444,708.2,708.2,종합소매,all,종합 소매점,전체 인구,중분류 (종합 소매)
56,대구광역시 서구 내당1동,서구,2717051000,53.71,54.63,52.01,41.94,43.89,72.95,67.45,23,14683,14683,1.0,1.247,0.0,674.5,12.7,1153,2.5,27170,0.5707,25728.1,461,807.8,613.4,0.3362,0,27,826.7,1.842,0.1304,700.6,0.0499,611.8,611.8,종합소매,all,종합 소매점,전체 인구,중분류 (종합 소매)
57,대구광역시 북구 무태조야동,북구,2723069500,53.69,60.47,68.39,73.99,16.21,42.45,40.94,48,32499,32499,1.0,0.99,0.0,3709.8,6.8,1749,1.44,27230,22.8763,1420.6,1211,52.9,3904.0,0.0,0,48,240.2,1.8693,0.0,185.3,0.0396,663.2,663.2,종합소매,all,종합 소매점,전체 인구,중분류 (종합 소매)
58,대구광역시 달서구 성당동,달서구,2729051500,53.57,60.67,60.87,43.79,35.98,56.64,55.7,46,19920,19920,1.0,1.097,0.0,892.7,8.8,2331,2.22,27290,1.9869,10025.7,1049,528.0,917.0,0.0143,0,41,251.2,1.8319,0.0217,267.1,0.0439,423.8,423.8,종합소매,all,종합 소매점,전체 인구,중분류 (종합 소매)
59,대구광역시 수성구 만촌1동,수성구,2726055000,53.15,56.54,61.14,76.51,23.92,63.42,25.5,29,20174,20174,1.0,0.852,0.0,1347.1,6.3,2268,2.67,27260,2.6991,7474.3,851,315.3,1236.9,0.0,0,39,434.8,1.9356,0.0,329.9,0.0341,672.5,672.5,종합소매,all,종합 소매점,전체 인구,중분류 (종합 소매)
60,대구광역시 수성구 황금1동,수성구,2726060100,52.95,49.06,61.68,94.3,39.87,21.78,35.91,15,20820,20820,1.0,0.94,0.0,779.6,4.3,480,1.2,27260,2.5751,8085.1,399,154.9,851.9,0.0702,0,13,72.8,1.9203,0.0667,69.9,0.0376,1301.2,1301.2,종합소매,all,종합 소매점,전체 인구,중분류 (종합 소매)
61,대구광역시 수성구 범어4동,수성구,2726054000,52.77,64.96,58.99,24.84,64.16,49.8,31.54,41,18446,18446,1.0,0.89,0.0,437.3,14.3,974,0.85,27260,1.1922,15472.2,1151,965.4,382.2,0.7541,0,29,516.8,1.7887,0.6341,428.3,0.0356,439.2,439.2,종합소매,all,종합 소매점,전체 인구,중분류 (종합 소매)
62,대구광역시 서구 원대동,서구,2717069500,52.65,48.56,42.62,65.26,89.73,33.52,29.53,15,9963,9963,1.0,0.885,7453.5,301.9,8.4,475,1.12,27170,0.6219,16020.3,424,681.8,291.4,0.9009,1,18,230.3,1.6358,1.0,233.6,0.0354,622.7,622.7,종합소매,all,종합 소매점,전체 인구,중분류 (종합 소매)
63,대구광역시 수성구 수성4가동,수성구,2726059000,52.43,52.15,46.64,86.74,68.28,40.07,2.01,13,12798,12798,1.0,0.48,0.0,396.6,6.0,423,0.62,27260,0.6138,20850.4,678,1104.6,395.7,0.7478,0,14,458.2,1.9008,0.6923,391.7,0.0192,914.1,914.1,종합소매,all,종합 소매점,전체 인구,중분류 (종합 소매)
64,대구광역시 달서구 상인2동,달서구,2729062500,52.2,65.0,56.04,36.08,61.61,54.26,14.09,36,16737,16737,1.0,0.76,0.0,479.2,11.1,927,0.78,27290,0.9567,17494.5,1185,1238.6,510.6,0.5401,0,33,566.3,1.6938,0.6111,584.0,0.0304,452.4,452.4,종합소매,all,종합 소매점,전체 인구,중분류 (종합 소매)
65,대구광역시 달성군 현풍읍,달성군,2771026500,51.6,54.8,61.95,42.11,14.19,68.79,74.5,72,20887,20887,1.0,1.31,0.0,12391.9,6.8,3238,2.36,27710,24.3321,858.4,1373,56.4,12264.0,0.0,0,76,500.4,1.6722,0.0,384.8,0.0524,286.1,286.1,종합소매,all,종합 소매점,전체 인구,중분류 (종합 소매)
66,대구광역시 동구 혁신동,동구,2714075500,51.44,46.51,55.5,56.88,26.94,96.51,41.61,42,16501,16501,1.0,1.022,0.0,1160.9,5.2,8600,8.38,27140,17.0739,966.4,1026,60.1,1007.5,0.0,0,102,1121.3,1.8826,0.0,1067.8,0.0409,383.7,383.7,종합소매,all,종합 소매점,전체 인구,중분류 (종합 소매)
67,대구광역시 수성구 두산동,수성구,2726064000,51.29,62.89,52.82,22.14,62.35,80.4,11.41,45,14840,14840,1.0,0.722,4499.5,541.7,11.2,3584,2.3,27260,1.8605,7976.4,1558,837.4,524.0,0.4589,1,72,732.3,1.7103,0.4889,749.7,0.0289,322.6,322.6,종합소매,all,종합 소매점,전체 인구,중분류 (종합 소매)
68,대구광역시 남구 대명1동,남구,2720056000,51.24,49.7,41.01,69.3,88.19,16.48,28.52,12,9242,9242,1.0,0.882,7928.3,303.2,8.5,142,0.42,27200,0.4605,20069.5,340,738.3,313.8,0.8971,1,10,202.5,1.8727,0.9167,177.0,0.0353,710.9,710.9,종합소매,all,종합 소매점,전체 인구,중분류 (종합 소매)
69,대구광역시 달성군 옥포읍,달성군,2771026200,51.23,47.35,62.75,75.16,15.87,31.68,76.51,39,22138,22138,1.0,1.335,0.0,4126.2,3.5,937,1.28,27710,47.4421,466.6,731,15.4,4106.1,0.0,0,39,152.0,1.7783,0.0,149.4,0.0534,553.4,553.4,종합소매,all,종합 소매점,전체 인구,중분류 (종합 소매)
70,대구광역시 중구 대봉1동,중구,2711068000,51.15,57.38,38.05,34.39,96.78,65.81,0.67,19,7666,7666,1.0,0.425,19088.4,224.1,9.8,1613,1.44,27110,0.5627,13623.6,1117,1985.1,194.3,1.0,2,23,833.7,1.8237,1.0,573.9,0.017,383.3,383.3,종합소매,all,종합 소매점,전체 인구,중분류 (종합 소매)
71,대구광역시 수성구 범물1동,수성구,2726066100,50.84,34.66,42.35,60.24,93.55,69.53,19.46,12,9654,9654,1.0,0.81,11108.8,235.4,9.9,781,2.11,27260,5.8003,1664.4,370,63.8,338.1,0.9676,2,13,815.3,1.6642,1.0,758.4,0.0324,742.6,742.6,종합소매,all,종합 소매점,전체 인구,중분류 (종합 소매)
72,대구광역시 달서구 이곡2동,달서구,2729057700,50.35,45.34,50.14,35.57,46.04,95.1,49.66,37,14054,14054,1.0,1.065,0.0,690.9,9.5,4290,4.94,27290,2.2612,6215.3,869,384.3,594.7,0.6479,0,81,1744.6,1.7889,0.4054,1208.6,0.0426,369.8,369.8,종합소매,all,종합 소매점,전체 인구,중분류 (종합 소매)
73,대구광역시 서구 상중이동,서구,2717067500,50.28,51.27,56.31,46.98,29.53,55.87,65.77,58,16863,16863,1.0,1.212,0.0,1377.7,5.3,3259,2.72,27170,6.7768,2488.3,1196,176.5,1380.9,0.0125,0,73,191.9,1.8364,0.0345,199.1,0.0485,285.8,285.8,종합소매,all,종합 소매점,전체 인구,중분류 (종합 소매)
74,대구광역시 남구 이천동,남구,2720051500,50.17,45.7,50.94,88.92,51.75,31.54,20.13,16,14245,14245,1.0,0.812,0.0,598.5,4.9,350,0.71,27200,1.0429,13659.0,492,471.8,549.3,0.628,0,12,288.2,1.8983,0.4375,270.4,0.0325,837.9,837.9,종합소매,all,종합 소매점,전체 인구,중분류 (종합 소매)
75,대구광역시 중구 남산2동,중구,2711065000,50.0,55.0,37.25,20.98,98.32,72.82,8.72,16,7394,7394,1.0,0.675,82629.0,215.9,18.1,863,1.46,27110,0.3916,18881.5,593,1514.3,289.0,1.0,4,11,1474.2,1.9141,1.0,1790.8,0.027,434.9,434.9,종합소매,all,종합 소매점,전체 인구,중분류 (종합 소매)
76,대구광역시 달성군 구지면,달성군,2771038000,50.0,43.89,59.53,63.59,13.52,47.38,86.24,41,18847,18847,1.0,1.48,0.0,17518.4,4.7,2321,3.35,27710,39.6367,475.5,693,17.5,17209.4,0.0,0,59,87.9,1.65,0.0,98.2,0.0592,448.7,448.7,종합소매,all,종합 소매점,전체 인구,중분류 (종합 소매)
77,대구광역시 동구 불로·봉무동,동구,2714062000,49.73,54.77,59.8,54.53,17.21,90.3,15.44,39,19381,19381,1.0,0.777,0.0,2708.1,8.4,4178,3.33,27140,7.6608,2529.9,1256,164.0,2945.5,0.0008,0,57,1075.7,1.7038,0.0,925.9,0.0311,484.5,484.5,종합소매,all,종합 소매점,전체 인구,중분류 (종합 소매)
78,대구광역시 동구 공산동,동구,2714076000,49.58,45.17,60.34,72.98,15.2,38.59,68.79,38,19708,19708,1.0,1.26,0.0,7223.2,2.9,1875,2.49,27140,83.2696,236.7,754,9.1,7174.6,0.0,0,67,61.0,1.6036,0.0,55.0,0.0504,505.3,505.3,종합소매,all,종합 소매점,전체 인구,중분류 (종합 소매)
79,대구광역시 남구 대명3동,남구,2720058600,49.08,56.34,46.11,26.34,73.83,44.73,34.56,35,12166,12166,1.0,0.927,5897.8,426.8,10.8,1055,1.12,27200,0.9315,13060.7,944,1013.4,415.9,0.7119,1,20,338.9,1.8061,0.6571,315.5,0.0371,337.9,337.9,종합소매,all,종합 소매점,전체 인구,중분류 (종합 소매)
80,대구광역시 서구 내당4동,서구,2717054000,48.89,54.77,50.4,15.94,46.31,59.93,70.47,41,14119,14119,1.0,1.262,0.0,662.2,13.2,1151,1.42,27170,0.8127,17373.0,812,999.1,644.9,0.2352,0,30,493.5,1.7588,0.1951,499.9,0.0505,336.2,336.2,종합소매,all,종합 소매점,전체 인구,중분류 (종합 소매)
81,대구광역시 동구 효목2동,동구,2714060000,48.59,53.26,50.67,58.05,35.1,54.53,30.54,23,14147,14147,1.0,0.887,0.0,972.3,8.9,897,1.39,27140,0.761,18590.0,647,850.2,915.3,0.085,0,26,459.9,1.8141,0.0435,401.5,0.0355,589.5,589.5,종합소매,all,종합 소매점,전체 인구,중분류 (종합 소매)
82,대구광역시 동구 해안동,동구,2714068500,48.56,40.2,47.18,54.7,51.41,26.21,85.23,28,12925,12925,1.0,1.472,11140.2,694.2,7.4,480,1.01,27140,13.264,974.4,475,35.8,755.4,0.0589,2,23,160.5,1.8161,0.0714,177.0,0.0589,445.7,445.7,종합소매,all,종합 소매점,전체 인구,중분류 (종합 소매)
83,대구광역시 남구 대명4동,남구,2720059000,48.47,46.07,40.74,31.38,60.77,77.78,48.99,27,9003,9003,1.0,1.062,7282.1,527.6,9.3,1742,2.74,27200,0.76,11846.1,635,835.5,536.5,0.3512,1,20,496.8,1.7378,0.3333,711.3,0.0425,321.5,321.5,종합소매,all,종합 소매점,전체 인구,중분류 (종합 소매)
84,대구광역시 달서구 본동,달서구,2729065000,48.43,42.75,48.26,70.97,24.6,64.53,51.68,22,13148,13148,1.0,1.072,0.0,1319.1,5.9,1481,2.89,27290,1.0557,12454.3,513,485.9,1394.5,0.0,0,31,371.6,1.8481,0.0,347.9,0.0429,571.7,571.7,종합소매,all,종합 소매점,전체 인구,중분류 (종합 소매)
85,대구광역시 수성구 황금2동,수성구,2726060200,48.4,53.02,45.57,51.0,57.89,62.75,7.72,27,11770,11770,1.0,0.655,2213.9,580.1,7.6,1605,1.56,27260,1.1892,9897.4,1030,866.1,557.5,0.4214,1,58,395.5,1.9253,0.4074,455.4,0.0262,420.4,420.4,종합소매,all,종합 소매점,전체 인구,중분류 (종합 소매)
86,대구광역시 서구 평리5동,서구,2717066000,48.32,43.12,43.42,78.19,19.56,29.8,90.6,12,10531,10531,1.0,1.612,0.0,1872.6,8.0,224,1.2,27170,0.4071,25868.3,186,456.9,1832.0,0.0,0,9,214.6,1.864,0.0,199.1,0.0645,810.1,810.1,종합소매,all,종합 소매점,전체 인구,중분류 (종합 소매)
87,대구광역시 동구 방촌동,동구,2714067000,48.21,51.51,55.77,83.56,28.29,29.43,18.79,19,16714,16714,1.0,0.802,0.0,1016.5,6.4,638,1.08,27140,1.2248,13646.3,592,483.3,972.5,0.0,0,22,212.6,1.7373,0.0,184.5,0.0321,835.7,835.7,종합소매,all,종합 소매점,전체 인구,중분류 (종합 소매)
88,대구광역시 북구 대현동,북구,2723064500,47.92,58.89,54.43,25.16,36.31,33.99,67.45,40,15618,15618,1.0,1.247,0.0,928.5,12.2,786,0.98,27230,0.855,18266.7,801,936.8,879.3,0.1423,0,23,239.0,1.7877,0.05,232.8,0.0499,380.9,380.9,종합소매,all,종합 소매점,전체 인구,중분류 (종합 소매)
89,대구광역시 동구 신암2동,동구,2714052000,47.65,47.31,45.03,52.18,49.49,35.34,56.71,15,11446,11446,1.0,1.102,0.0,598.6,11.8,357,1.05,27140,0.3625,31575.2,340,937.9,610.1,0.3059,0,13,392.6,1.7582,0.3333,271.1,0.0441,715.4,715.4,종합소매,all,종합 소매점,전체 인구,중분류 (종합 소매)
90,대구광역시 달서구 두류3동,달서구,2729055000,47.54,48.08,40.47,28.02,88.25,61.07,14.77,24,8931,8931,1.0,0.767,14138.0,318.1,10.8,954,1.22,27290,1.2035,7420.9,781,648.9,263.5,0.9104,1,23,712.8,1.7883,0.8333,605.9,0.0307,357.2,357.2,종합소매,all,종합 소매점,전체 인구,중분류 (종합 소매)
91,대구광역시 달서구 월성2동,달서구,2729060200,47.48,31.98,48.52,65.94,19.23,62.75,91.28,30,13435,13435,1.0,1.647,0.0,1882.6,2.4,2943,6.47,27290,7.6185,1763.5,455,59.7,1831.7,0.0,0,41,250.2,1.7894,0.0,210.1,0.0659,433.4,433.4,종합소매,all,종합 소매점,전체 인구,중분류 (종합 소매)
92,대구광역시 동구 신암3동,동구,2714053000,47.37,43.69,44.76,67.28,43.08,50.0,37.58,15,11150,11150,1.0,0.947,0.0,687.3,8.7,616,1.56,27140,0.6012,18546.2,396,658.7,734.3,0.0581,0,13,452.5,1.8895,0.1333,344.2,0.0379,696.9,696.9,종합소매,all,종합 소매점,전체 인구,중분류 (종합 소매)
93,대구광역시 남구 대명10동,남구,2720065000,47.26,50.97,38.86,11.24,88.62,46.51,45.64,27,7805,7805,1.0,1.037,15387.0,338.6,13.2,444,0.68,27200,0.5166,15108.4,650,1258.2,375.5,0.8677,1,12,574.8,1.8044,0.8889,534.3,0.0415,278.8,278.8,종합소매,all,종합 소매점,전체 인구,중분류 (종합 소매)
94,대구광역시 수성구 파동,수성구,2726063000,47.14,38.99,57.38,95.64,20.9,13.16,51.68,14,17133,17133,1.0,1.072,0.0,1682.2,2.8,264,0.81,27260,5.4129,3165.2,326,60.2,1661.7,0.0,0,13,28.4,1.8928,0.0,38.7,0.0429,1142.2,1142.2,종합소매,all,종합 소매점,전체 인구,중분류 (종합 소매)
95,대구광역시 중구 대봉2동,중구,2711069000,46.15,41.61,34.3,53.19,85.9,26.85,32.55,11,5933,5933,1.0,0.917,3410.6,325.8,8.7,179,0.6,27110,0.2744,21621.7,300,1093.3,300.2,1.0,1,8,220.2,1.8838,1.0,256.9,0.0367,494.4,494.4,종합소매,all,종합 소매점,전체 인구,중분류 (종합 소매)
96,대구광역시 동구 신천4동,동구,2714058000,46.07,58.32,47.45,8.06,48.99,97.58,7.72,46,12937,12937,1.0,0.655,0.0,640.6,16.2,6933,3.94,27140,0.7957,16258.6,1759,2210.6,655.2,0.3627,0,85,2660.8,1.7119,0.3478,2740.9,0.0262,275.3,275.3,종합소매,all,종합 소매점,전체 인구,중분류 (종합 소매)
97,대구광역시 수성구 중동,수성구,2726061000,45.92,53.09,51.48,50.5,27.95,56.11,23.15,27,14422,14422,1.0,0.835,0.0,1024.8,9.2,1100,1.36,27260,0.948,15213.1,808,852.3,1056.8,0.0334,0,38,386.9,1.9604,0.0,418.1,0.0334,515.1,515.1,종합소매,all,종합 소매점,전체 인구,중분류 (종합 소매)
98,대구광역시 중구 대신동,중구,2711059500,45.5,58.89,36.44,3.02,92.62,61.94,0.0,40,7249,7249,1.0,0.372,13433.4,238.6,23.4,1301,0.48,27110,0.4899,14796.9,2688,5486.8,169.9,0.9699,1,11,1548.5,0.6257,0.9,1289.6,0.0149,176.8,176.8,종합소매,all,종합 소매점,전체 인구,중분류 (종합 소매)
99,대구광역시 중구 남산3동,중구,2711066000,45.32,35.81,34.03,33.39,92.48,43.22,45.64,13,5779,5779,1.0,1.037,5728.2,209.1,10.6,404,1.29,27110,0.4076,14178.1,313,767.9,254.0,0.9968,1,10,293.4,1.8445,1.0,329.5,0.0415,412.8,412.8,종합소매,all,종합 소매점,전체 인구,중분류 (종합 소매)
100,대구광역시 중구 성내2동,중구,2711057500,45.25,47.95,41.54,0.67,78.26,91.04,16.11,82,9263,9263,1.0,0.78,0.0,302.0,28.6,6799,2.59,27110,0.9226,10040.1,2628,2848.5,283.2,0.933,0,67,2751.4,1.6254,0.878,2097.8,0.0312,111.6,111.6,종합소매,all,종합 소매점,전체 인구,중분류 (종합 소매)
101,대구광역시 중구 성내1동,중구,2711056500,45.12,52.62,33.76,0.0,90.6,83.26,6.71,87,5527,5527,1.0,0.637,30098.1,322.2,35.9,4750,1.39,27110,0.759,7281.9,3406,4487.5,324.3,0.8908,1,64,2242.4,1.7374,0.8736,2252.2,0.0255,62.8,62.8,종합소매,all,종합 소매점,전체 인구,중분류 (종합 소매)
102,대구광역시 수성구 만촌2동,수성구,2726056000,44.91,38.96,47.72,72.15,53.79,25.77,22.15,20,13080,13080,1.0,0.817,0.0,598.0,6.7,469,0.77,27260,1.9514,6702.9,612,313.6,658.5,0.3431,0,17,172.3,1.9354,0.5,197.6,0.0327,622.9,622.9,종합소매,all,종합 소매점,전체 인구,중분류 (종합 소매)
103,대구광역시 북구 관음동,북구,2723075000,44.02,37.78,49.06,49.84,22.58,53.72,66.44,29,13689,13689,1.0,1.242,0.0,1483.8,8.7,1198,2.05,27230,3.0672,4463.0,584,190.4,1468.8,0.0,0,23,374.4,1.7842,0.0,306.7,0.0497,456.3,456.3,종합소매,all,종합 소매점,전체 인구,중분류 (종합 소매)
104,대구광역시 달서구 장기동,달서구,2729056800,43.87,48.05,53.89,45.64,37.25,44.29,18.12,27,15347,15347,1.0,0.797,0.0,893.6,10.4,958,1.13,27290,2.76,5560.5,846,306.5,906.7,0.1548,0,34,327.3,1.8569,0.0741,314.4,0.0319,548.1,548.1,종합소매,all,종합 소매점,전체 인구,중분류 (종합 소매)
105,대구광역시 중구 남산1동,중구,2711064000,43.84,42.95,32.95,9.06,94.56,82.18,6.04,17,5062,5062,1.0,0.625,12121.7,232.1,15.7,1968,2.89,27110,0.4193,12072.5,680,1621.8,253.0,1.0,2,25,713.6,2.0125,1.0,807.8,0.025,281.2,281.2,종합소매,all,종합 소매점,전체 인구,중분류 (종합 소매)
106,대구광역시 중구 동인동,중구,2711051700,43.73,47.95,44.5,24.16,46.44,86.51,12.08,31,10997,10997,1.0,0.735,0.0,645.3,11.5,2997,2.84,27110,0.9707,11328.9,1055,1086.8,664.1,0.1223,0,30,902.8,1.8018,0.1935,914.7,0.0294,343.7,343.7,종합소매,all,종합 소매점,전체 인구,중분류 (종합 소매)
107,대구광역시 북구 노원동,북구,2723079000,43.44,41.04,43.96,31.71,43.56,37.99,72.48,57,10954,10954,1.0,1.29,0.0,709.9,8.4,1224,1.11,27230,3.0536,3587.2,1104,361.5,693.4,0.3207,0,44,266.5,1.7025,0.3158,222.8,0.0516,188.9,188.9,종합소매,all,종합 소매점,전체 인구,중분류 (종합 소매)
108,대구광역시 동구 신암5동,동구,2714054100,43.31,29.5,36.71,52.86,74.43,21.82,58.39,14,7315,7315,1.0,1.115,0.0,371.1,8.7,300,0.96,27140,0.5467,13380.3,314,574.4,366.8,0.9108,0,9,165.0,1.672,0.9286,160.4,0.0446,487.7,487.7,종합소매,all,종합 소매점,전체 인구,중분류 (종합 소매)
109,대구광역시 서구 평리4동,서구,2717065000,43.21,61.71,53.09,29.86,25.1,37.21,21.14,31,15025,15025,1.0,0.815,0.0,1308.7,12.9,553,0.58,27170,0.7453,20159.7,950,1274.7,1310.9,0.0,0,29,308.6,1.72,0.0,344.9,0.0326,469.5,469.5,종합소매,all,종합 소매점,전체 인구,중분류 (종합 소매)
110,대구광역시 남구 대명6동,남구,2720061000,42.72,33.83,43.16,35.74,65.7,47.58,39.6,22,10276,10276,1.0,0.982,0.0,419.9,10.8,857,1.53,27200,1.5709,6541.5,560,356.5,385.9,0.675,0,13,329.3,1.9196,0.6364,300.7,0.0393,446.8,446.8,종합소매,all,종합 소매점,전체 인구,중분류 (종합 소매)
111,대구광역시 서구 비산7동,서구,2717061000,42.62,40.94,41.28,4.03,58.36,35.33,91.95,54,9260,9260,1.0,1.657,2543.2,554.5,16.6,1162,1.43,27170,2.584,3583.6,815,315.4,513.8,0.4699,1,25,189.6,1.6054,0.4074,150.8,0.0663,168.4,168.4,종합소매,all,종합 소매점,전체 인구,중분류 (종합 소매)
112,대구광역시 동구 신암1동,동구,2714051000,42.46,44.16,43.69,46.14,27.28,39.53,55.03,23,10781,10781,1.0,1.092,0.0,1112.4,9.0,394,0.75,27140,0.606,17790.4,526,868.0,1051.5,0.0,0,10,436.8,1.7965,0.0,368.2,0.0437,449.2,449.2,종합소매,all,종합 소매점,전체 인구,중분류 (종합 소매)
113,대구광역시 남구 봉덕3동,남구,2720055000,42.41,44.29,49.86,25.67,36.78,36.81,61.07,39,14003,14003,1.0,1.137,0.0,959.0,11.1,902,1.05,27200,3.0696,4561.8,858,279.5,904.0,0.1096,0,23,221.5,1.8839,0.0769,235.6,0.0455,350.1,350.1,종합소매,all,종합 소매점,전체 인구,중분류 (종합 소매)
114,대구광역시 남구 대명9동,남구,2720064000,42.14,40.1,47.99,38.08,38.19,28.25,62.42,36,13110,13110,1.0,1.147,0.0,813.7,8.8,762,0.97,27200,3.1401,4175.0,785,250.0,817.3,0.0038,0,28,184.2,1.8211,0.0278,179.8,0.0459,354.3,354.3,종합소매,all,종합 소매점,전체 인구,중분류 (종합 소매)
115,대구광역시 수성구 상동,수성구,2726062000,41.72,50.27,49.6,66.1,25.6,18.89,10.74,28,13938,13938,1.0,0.71,0.0,1297.9,5.1,678,0.69,27260,1.3277,10497.9,986,742.6,1288.9,0.0,0,28,118.7,1.9138,0.0,128.5,0.0284,480.6,480.6,종합소매,all,종합 소매점,전체 인구,중분류 (종합 소매)
116,대구광역시 북구 산격2동,북구,2723062000,40.66,40.84,41.81,49.32,16.88,98.12,3.02,28,9376,9376,1.0,0.555,0.0,2816.0,5.8,10440,8.27,27230,2.3539,3983.2,1263,536.6,2945.4,0.0,0,84,2052.4,1.5111,0.0,1443.8,0.0222,323.3,323.3,종합소매,all,종합 소매점,전체 인구,중분류 (종합 소매)
117,대구광역시 서구 평리3동,서구,2717064000,40.61,45.51,45.84,18.46,23.25,37.85,77.52,35,12090,12090,1.0,1.352,0.0,1398.9,12.5,808,1.25,27170,0.7793,15513.9,647,830.2,1448.3,0.0,0,17,230.2,1.772,0.0,223.5,0.0541,335.8,335.8,종합소매,all,종합 소매점,전체 인구,중분류 (종합 소매)
118,대구광역시 동구 효목1동,동구,2714059000,40.61,40.84,45.3,56.04,38.32,28.32,23.15,26,11472,11472,1.0,0.835,0.0,874.3,6.3,901,1.16,27140,1.4646,7832.9,779,531.9,849.0,0.1592,0,32,179.1,1.7622,0.1154,148.1,0.0334,424.9,424.9,종합소매,all,종합 소매점,전체 인구,중분류 (종합 소매)
119,대구광역시 서구 내당2·3동,서구,2717052500,40.5,37.48,39.4,13.42,56.38,26.51,82.55,25,8091,8091,1.0,1.41,0.0,502.9,13.0,287,0.65,27170,0.4967,16289.5,443,891.9,456.6,0.6524,0,13,339.8,1.6893,0.48,234.4,0.0564,311.2,311.2,종합소매,all,종합 소매점,전체 인구,중분류 (종합 소매)
120,대구광역시 서구 비산5동,서구,2717059000,40.47,36.08,32.68,22.32,94.03,18.32,38.26,13,4744,4744,1.0,0.965,7774.7,182.5,11.8,128,0.38,27170,0.3445,13770.7,337,978.2,201.9,1.0,2,4,204.0,1.6091,1.0,190.5,0.0386,338.9,338.9,종합소매,all,종합 소매점,전체 인구,중분류 (종합 소매)
121,대구광역시 중구 삼덕동,중구,2711054500,40.3,44.83,37.52,2.34,60.07,87.12,12.75,45,7460,7460,1.0,0.737,0.0,480.6,22.2,3487,2.29,27110,0.644,11583.9,1526,2369.6,480.0,0.5839,0,70,1719.3,1.8185,0.5556,1805.3,0.0295,162.2,162.2,종합소매,all,종합 소매점,전체 인구,중분류 (종합 소매)
122,대구광역시 서구 비산1동,서구,2717055000,40.23,34.9,38.59,20.3,54.02,9.6,99.33,22,7738,7738,1.0,2.582,0.0,527.1,12.3,94,0.44,27170,0.4334,17854.2,213,491.5,505.0,0.5352,0,4,115.3,1.5363,0.4091,92.9,0.1033,336.4,336.4,종합소매,all,종합 소매점,전체 인구,중분류 (종합 소매)
123,대구광역시 달성군 논공읍,달성군,2771025300,39.66,42.72,52.28,5.88,14.86,34.77,97.99,90,14804,14804,1.0,2.202,0.0,8361.3,14.6,1664,1.63,27710,44.0501,336.1,1021,23.2,8220.1,0.0,0,42,76.6,1.7366,0.0,78.7,0.0881,162.7,162.7,종합소매,all,종합 소매점,전체 인구,중분류 (종합 소매)
124,대구광역시 남구 봉덕2동,남구,2720054000,39.43,33.69,46.91,66.78,22.25,6.84,59.06,21,12852,12852,1.0,1.117,0.0,1524.6,7.4,66,0.14,27200,3.0276,4244.9,470,155.2,1539.8,0.0,0,4,59.5,1.8229,0.0,69.5,0.0447,584.2,584.2,종합소매,all,종합 소매점,전체 인구,중분류 (종합 소매)
125,대구광역시 서구 비산4동,서구,2717058000,38.99,37.68,39.66,45.64,31.64,21.24,60.4,14,8143,8143,1.0,1.125,0.0,870.2,10.2,256,0.82,27170,0.434,18762.7,311,716.6,872.3,0.0579,0,12,200.0,1.7548,0.0,174.8,0.045,542.9,542.9,종합소매,all,종합 소매점,전체 인구,중분류 (종합 소매)
126,대구광역시 서구 평리2동,서구,2717063000,38.73,35.97,35.37,44.46,26.27,13.29,89.26,13,6820,6820,1.0,1.577,0.0,1214.7,9.8,115,0.56,27170,0.2781,24523.6,206,740.7,1200.3,0.0,0,6,152.3,1.7598,0.0,146.4,0.0631,487.1,487.1,종합소매,all,종합 소매점,전체 인구,중분류 (종합 소매)
127,대구광역시 달서구 상인3동,달서구,2729062600,37.49,25.64,42.08,64.09,21.58,28.59,56.71,16,9445,9445,1.0,1.102,0.0,1570.1,7.5,464,1.28,27290,3.3085,2854.8,363,109.7,1319.7,0.0,0,13,327.8,1.7064,0.0,163.6,0.0441,555.6,555.6,종합소매,all,종합 소매점,전체 인구,중분류 (종합 소매)
128,대구광역시 북구 산격1동,북구,2723061000,37.06,25.54,36.98,72.82,17.88,8.52,75.5,13,7370,7370,1.0,1.315,0.0,2353.4,4.3,69,0.28,27230,0.8679,8491.8,247,284.6,2197.3,0.0,0,5,71.8,1.7525,0.0,81.7,0.0526,526.4,526.4,종합소매,all,종합 소매점,전체 인구,중분류 (종합 소매)
129,대구광역시 북구 산격3동,북구,2723063000,36.57,37.48,39.93,6.71,18.56,87.85,47.65,40,8390,8390,1.0,1.055,0.0,2114.4,15.4,3619,3.82,27230,1.272,6595.9,947,744.5,2105.0,0.0,0,19,1139.1,1.6083,0.0,759.5,0.0422,204.6,204.6,종합소매,all,종합 소매점,전체 인구,중분류 (종합 소매)
130,대구광역시 북구 검단동,북구,2723068000,36.49,14.26,33.49,53.02,17.55,51.94,97.32,16,5414,5414,1.0,2.105,0.0,2689.1,4.2,574,3.02,27230,3.7681,1436.8,190,50.4,2658.8,0.0,0,6,208.6,1.7306,0.0,257.1,0.0842,318.5,318.5,종합소매,all,종합 소매점,전체 인구,중분류 (종합 소매)
131,대구광역시 서구 비산6동,서구,2717060000,36.38,35.44,34.83,25.84,29.29,21.24,83.89,13,6319,6319,1.0,1.445,0.0,966.6,15.3,200,0.89,27170,0.2715,23274.4,225,828.7,935.7,0.0,0,7,166.1,1.6884,0.0,171.2,0.0578,451.4,451.4,종합소매,all,종합 소매점,전체 인구,중분류 (종합 소매)
132,대구광역시 서구 평리6동,서구,2717066100,36.32,19.5,33.22,55.7,21.91,28.59,93.29,12,5391,5391,1.0,1.725,0.0,1543.7,6.2,317,1.82,27170,0.7464,7222.7,174,233.1,1588.9,0.0,0,10,129.4,1.7879,0.0,129.8,0.069,414.7,414.7,종합소매,all,종합 소매점,전체 인구,중분류 (종합 소매)
133,대구광역시 남구 대명11동,남구,2720066000,35.92,30.84,36.18,8.56,42.42,47.38,70.47,31,7152,7152,1.0,1.262,0.0,674.4,14.6,711,1.16,27200,0.8477,8436.9,614,724.3,687.2,0.0537,0,19,454.2,1.5689,0.0323,369.1,0.0505,223.5,223.5,종합소매,all,종합 소매점,전체 인구,중분류 (종합 소매)
134,대구광역시 달성군 가창면,달성군,2771031000,35.51,15.84,35.1,56.71,15.53,57.25,71.81,20,6719,6719,1.0,1.287,0.0,4800.4,1.5,2291,5.9,27710,110.4332,60.8,388,3.5,5522.5,0.0,0,32,134.5,1.676,0.0,181.6,0.0515,320.0,320.0,종합소매,all,종합 소매점,전체 인구,중분류 (종합 소매)
135,대구광역시 동구 도평동,동구,2714061500,34.2,9.9,31.88,87.75,18.22,7.72,81.88,4,3371,3371,1.0,1.39,0.0,2247.4,1.5,41,0.57,27140,19.9271,169.2,72,3.6,2629.1,0.0,0,3,4.2,1.635,0.0,10.0,0.0556,674.2,674.2,종합소매,all,종합 소매점,전체 인구,중분류 (종합 소매)
136,대구광역시 북구 복현1동,북구,2723067100,33.92,38.56,35.91,8.39,20.23,29.6,79.19,27,7131,7131,1.0,1.362,0.0,1722.3,15.6,333,0.67,27230,0.3619,19704.3,495,1367.8,1714.4,0.0,0,10,312.4,1.6966,0.0,258.0,0.0545,254.7,254.7,종합소매,all,종합 소매점,전체 인구,중분류 (종합 소매)
137,대구광역시 남구 봉덕1동,남구,2720053000,33.86,39.57,38.32,15.94,40.87,29.5,28.52,23,7680,7680,1.0,0.882,0.0,830.5,12.6,448,0.69,27200,0.4881,15734.5,651,1333.7,815.4,0.192,0,12,195.9,1.7448,0.1739,239.1,0.0353,320.0,320.0,종합소매,all,종합 소매점,전체 인구,중분류 (종합 소매)
138,대구광역시 서구 비산2·3동,서구,2717056500,32.91,34.5,37.78,27.52,44.83,14.03,27.52,18,7550,7550,1.0,0.86,0.0,686.8,11.7,276,0.53,27170,0.555,13603.6,523,942.3,678.0,0.3078,0,13,196.2,1.5586,0.2222,144.3,0.0344,397.4,397.4,종합소매,all,종합 소매점,전체 인구,중분류 (종합 소매)
139,대구광역시 달성군 하빈면,달성군,2771033000,32.79,10.0,31.61,52.02,16.54,39.26,92.62,12,3104,3104,1.0,1.695,0.0,3629.0,1.7,850,4.8,27710,37.7234,82.3,177,4.7,3593.4,0.0,0,16,16.9,1.703,0.0,6.7,0.0678,238.8,238.8,종합소매,all,종합 소매점,전체 인구,중분류 (종합 소매)
140,대구광역시 북구 산격4동,북구,2723063100,32.58,26.17,35.64,35.74,18.89,40.07,54.03,16,6961,6961,1.0,1.087,0.0,2005.5,9.8,595,1.62,27230,0.7157,9726.1,368,514.2,2035.1,0.0,0,6,252.6,1.8845,0.0,215.1,0.0435,409.5,409.5,종합소매,all,종합 소매점,전체 인구,중분류 (종합 소매)
141,대구광역시 서구 평리1동,서구,2717062000,32.08,30.6,34.56,20.3,27.62,9.53,78.52,16,6126,6126,1.0,1.355,0.0,1090.6,12.8,68,0.23,27170,0.3656,16756.0,295,806.9,1031.4,0.0,0,4,102.6,1.7586,0.0,120.8,0.0542,360.4,360.4,종합소매,all,종합 소매점,전체 인구,중분류 (종합 소매)
142,대구광역시 군위군 군위읍,군위군,2772025000,31.56,22.78,39.13,44.13,11.51,2.35,83.22,32,7901,7901,1.0,1.43,0.0,30768.7,5.9,0,0.0,27720,82.95,95.3,559,6.7,30678.1,0.0,0,0,0.0,1.7561,0.0,0.0,0.0572,239.4,239.4,종합소매,all,종합 소매점,전체 인구,중분류 (종합 소매)
143,대구광역시 북구 침산1동,북구,2723055000,31.4,14.23,32.15,46.98,19.9,12.08,94.63,15,3441,3441,1.0,1.912,0.0,1796.7,4.4,115,0.59,27230,1.4697,2341.3,196,133.4,1796.3,0.0,0,6,93.6,1.733,0.0,103.3,0.0765,215.1,215.1,종합소매,all,종합 소매점,전체 인구,중분류 (종합 소매)
144,대구광역시 군위군 우보면,군위군,2772034000,30.29,7.11,30.54,74.16,12.18,2.35,88.59,3,1937,1937,1.0,1.562,0.0,26640.0,0.7,0,0.0,27720,60.4878,32.0,48,0.8,27265.0,0.0,0,0,0.0,1.6422,0.0,0.0,0.0625,484.2,484.2,종합소매,all,종합 소매점,전체 인구,중분류 (종합 소매)
145,대구광역시 군위군 효령면,군위군,2772032000,30.04,9.8,32.42,62.76,13.19,2.35,89.93,9,3639,3639,1.0,1.607,0.0,18016.2,0.9,0,0.0,27720,96.6177,37.7,140,1.4,19823.3,0.0,0,0,0.0,1.6874,0.0,0.0,0.0643,363.9,363.9,종합소매,all,종합 소매점,전체 인구,중분류 (종합 소매)
146,대구광역시 군위군 소보면,군위군,2772031000,29.48,7.79,31.34,62.42,11.17,2.35,95.97,5,2221,2221,1.0,1.985,0.0,36082.4,1.6,0,0.0,27720,99.6768,22.3,63,0.6,34386.7,0.0,0,0,0.0,1.6534,0.0,0.0,0.0794,370.2,370.2,종합소매,all,종합 소매점,전체 인구,중분류 (종합 소매)
147,대구광역시 군위군 삼국유사면,군위군,2772037000,28.72,6.27,30.27,60.06,12.51,2.35,96.64,3,1330,1330,1.0,2.082,0.0,26061.8,0.0,0,0.0,27720,115.041,11.6,36,0.3,24412.0,0.0,0,0,0.0,1.542,0.0,0.0,0.0833,332.5,332.5,종합소매,all,종합 소매점,전체 인구,중분류 (종합 소매)
148,대구광역시 군위군 의흥면,군위군,2772035000,28.32,8.66,31.07,50.84,11.84,2.35,98.66,9,2217,2217,1.0,2.445,0.0,27276.1,2.4,0,0.0,27720,54.4298,40.7,92,1.7,27468.0,0.0,0,0,0.0,1.3958,0.0,0.0,0.0978,221.7,221.7,종합소매,all,종합 소매점,전체 인구,중분류 (종합 소매)
149,대구광역시 군위군 부계면,군위군,2772033000,28.06,8.19,30.8,50.67,13.86,2.35,95.3,12,2106,2106,1.0,1.922,0.0,14363.3,0.3,0,0.0,27720,65.1498,32.3,156,2.4,14132.4,0.0,0,0,0.0,1.5238,0.0,0.0,0.0769,162.0,162.0,종합소매,all,종합 소매점,전체 인구,중분류 (종합 소매)
150,대구광역시 군위군 산성면,군위군,2772036000,27.71,6.84,30.0,50.0,12.85,2.35,100.0,7,1201,1201,1.0,3.889,0.0,20257.1,0.6,0,0.0,27720,36.9047,32.5,45,1.2,21435.4,0.0,0,0,0.0,1.3772,0.0,0.0,0.1556,150.1,150.1,종합소매,all,종합 소매점,전체 인구,중분류 (종합 소매)
1,대구광역시 수성구 범어1동,수성구,2726051000,71.96,83.59,63.02,32.21,96.18,82.42,67.79,345,22679,22679,1.0,1.088,19467.9,227.2,38.6,2378,2.41,27260,1.1852,19135.2,988,833.6,239.4,0.996,2,34,1056.3,1.9254,0.9971,1149.6,0.3492,65.5,65.5,음식,all,음식 (업종대분류),전체 인구,대분류
2,대구광역시 동구 신암4동,동구,2714054000,71.78,68.86,58.72,63.26,86.51,85.24,83.89,201,18383,18383,1.0,1.202,43556.8,335.8,25.6,2706,5.19,27140,1.1656,15771.3,521,447.0,378.4,0.7179,2,29,569.0,1.8721,0.7662,661.9,0.3858,91.0,91.0,음식,all,음식 (업종대분류),전체 인구,대분류
3,대구광역시 달서구 상인1동,달서구,2729062400,71.71,90.67,67.85,66.78,70.47,82.28,21.28,285,31919,31919,1.0,0.846,20963.7,503.5,28.1,2895,2.76,27290,1.4947,21354.8,1050,702.5,455.1,0.5638,1,54,886.7,1.7616,0.4912,816.7,0.2714,111.6,111.6,음식,all,음식 (업종대분류),전체 인구,대분류
4,대구광역시 달서구 진천동,달서구,2729061500,71.42,85.24,69.73,45.64,69.73,72.14,73.83,737,49267,49267,1.0,1.113,33114.2,564.5,28.6,3768,1.83,27290,5.3271,9248.4,2063,387.3,538.6,0.6757,3,95,557.9,1.7891,0.6418,570.0,0.3572,66.8,66.8,음식,all,음식 (업종대분류),전체 인구,대분류
5,대구광역시 달성군 다사읍,달성군,2771025600,70.51,78.79,70.0,73.82,47.85,69.0,77.18,846,88904,88904,1.0,1.138,24793.4,1306.4,23.4,4705,2.03,27710,36.8156,2414.8,2317,62.9,1242.5,0.3423,3,133,475.8,1.7768,0.2979,456.3,0.3651,105.0,105.0,음식,all,음식 (업종대분류),전체 인구,대분류
6,대구광역시 북구 구암동,북구,2723074500,70.39,74.9,66.51,53.36,83.35,59.23,81.88,390,30230,30230,1.0,1.174,15065.5,351.4,26.4,2117,2.05,27230,4.1947,7206.7,1035,246.7,349.2,0.7449,3,41,403.8,1.7552,0.7333,356.5,0.3768,77.3,77.3,음식,all,음식 (업종대분류),전체 인구,대분류
7,대구광역시 달서구 감삼동,달서구,2729055500,69.73,92.55,67.32,35.91,75.3,59.13,59.06,489,31125,31125,1.0,1.04,12921.8,431.4,32.2,1705,1.16,27290,1.1434,27221.4,1465,1281.3,450.0,0.641,1,37,514.2,1.8307,0.6953,532.1,0.3338,63.5,63.5,음식,all,음식 (업종대분류),전체 인구,대분류
8,대구광역시 북구 동천동,북구,2723078000,69.45,86.88,64.36,12.42,75.37,90.27,83.22,548,24635,24635,1.0,1.195,8538.0,422.5,52.1,4100,2.87,27230,1.0632,23170.6,1429,1344.1,430.1,0.6767,1,118,1498.7,1.7811,0.6971,1523.8,0.3835,44.9,44.9,음식,all,음식 (업종대분류),전체 인구,대분류
9,대구광역시 동구 안심4동,동구,2714074700,68.82,74.73,64.9,83.72,80.74,68.72,18.79,261,26289,26289,1.0,0.826,13918.2,393.2,14.1,2726,2.77,27140,2.572,10221.2,985,383.0,390.0,0.7503,2,66,438.1,1.8606,0.7816,411.7,0.265,100.3,100.3,음식,all,음식 (업종대분류),전체 인구,대분류
10,대구광역시 동구 안심1동,동구,2714072000,68.04,84.53,68.93,36.41,73.29,62.62,61.74,596,37158,37158,1.0,1.046,15850.8,447.4,31.1,2910,1.64,27140,3.4892,10649.4,1776,509.0,428.2,0.5923,2,56,451.6,1.7618,0.547,401.3,0.3356,62.2,62.2,음식,all,음식 (업종대분류),전체 인구,대분류
11,대구광역시 수성구 고산3동,수성구,2726069000,67.82,67.78,66.24,74.32,80.0,54.53,56.38,277,29136,29136,1.0,1.027,8180.9,380.1,23.3,994,1.18,27260,5.2954,5502.1,841,158.8,377.6,0.8193,1,35,511.9,1.8415,0.7978,485.6,0.3294,104.8,104.8,음식,all,음식 (업종대분류),전체 인구,대분류
12,대구광역시 북구 칠성동,북구,2723052600,67.54,85.17,63.56,51.68,70.74,89.7,19.46,359,23657,23657,1.0,0.829,23713.1,505.1,24.5,4486,3.33,27230,1.3907,17010.9,1349,970.0,435.4,0.6308,2,51,877.9,1.5237,0.5376,1000.5,0.2661,65.7,65.7,음식,all,음식 (업종대분류),전체 인구,대분류
13,대구광역시 달성군 화원읍,달성군,2771025000,67.4,76.04,69.46,75.84,71.21,42.08,44.3,476,45354,45354,1.0,0.981,17158.0,516.5,21.0,2363,1.56,27710,25.9877,1745.2,1512,58.2,477.2,0.6104,2,64,174.0,1.7733,0.645,170.3,0.3148,95.1,95.1,음식,all,음식 (업종대분류),전체 인구,대분류
14,대구광역시 수성구 고산1동,수성구,2726067000,67.36,72.28,67.05,59.56,62.28,77.51,62.42,383,31066,31066,1.0,1.054,11318.1,615.6,24.1,2849,2.52,27260,8.624,3602.3,1132,131.3,600.7,0.4735,1,43,613.8,1.7871,0.5065,646.0,0.3383,80.9,80.9,음식,all,음식 (업종대분류),전체 인구,대분류
15,대구광역시 달서구 용산1동,달서구,2729057100,66.62,83.83,65.17,55.54,63.09,68.19,38.26,308,27808,27808,1.0,0.959,12948.6,549.0,29.5,2800,2.8,27290,1.4578,19075.3,1001,686.7,500.2,0.5395,1,27,594.5,1.8138,0.4351,399.1,0.3077,90.0,90.0,음식,all,음식 (업종대분류),전체 인구,대분류
16,대구광역시 달서구 이곡1동,달서구,2729057600,65.85,70.04,60.07,48.15,82.69,89.06,42.95,261,19663,19663,1.0,0.972,15640.1,381.4,28.9,2777,3.32,27290,1.8033,10903.9,837,464.1,366.7,0.8339,2,56,1398.8,1.8622,0.8046,1339.8,0.3118,75.0,75.0,음식,all,음식 (업종대분류),전체 인구,대분류
17,대구광역시 달서구 유천동,달서구,2729061700,64.5,73.86,68.66,85.9,47.05,71.21,15.44,186,32864,32864,1.0,0.796,0.0,621.7,21.0,1643,2.26,27290,1.3119,25050.7,728,554.9,622.7,0.2788,0,41,613.2,1.8499,0.2527,605.5,0.2555,175.7,175.7,음식,all,음식 (업종대분류),전체 인구,대분류
18,대구광역시 북구 국우동,북구,2723080000,63.71,61.41,65.97,70.81,54.03,61.84,71.81,333,29112,29112,1.0,1.102,3118.2,723.5,21.2,2431,2.58,27230,16.9087,1721.7,942,55.7,759.4,0.4586,2,41,272.2,1.7701,0.4685,330.5,0.3535,87.2,87.2,음식,all,음식 (업종대분류),전체 인구,대분류
19,대구광역시 달서구 월성1동,달서구,2729060100,63.57,80.54,69.2,39.93,36.91,88.06,52.35,465,39423,39423,1.0,1.008,0.0,914.1,41.6,4066,2.83,27290,1.9323,20402.1,1438,744.2,899.2,0.096,0,70,1080.4,1.8341,0.0774,1126.8,0.3234,84.6,84.6,음식,all,음식 (업종대분류),전체 인구,대분류
20,대구광역시 수성구 고산2동,수성구,2726068000,63.28,67.85,64.63,73.16,71.61,66.71,16.11,325,25533,25533,1.0,0.798,11450.8,489.9,13.0,6126,4.82,27260,24.337,1049.1,1270,52.2,499.8,0.5976,3,88,249.9,1.894,0.6246,256.8,0.2559,78.3,78.3,음식,all,음식 (업종대분류),전체 인구,대분류
21,대구광역시 북구 관문동,북구,2723071500,62.96,64.33,68.12,86.91,40.13,58.46,51.34,260,31975,31975,1.0,1.002,7033.3,1641.1,15.9,2576,3.18,27230,14.8231,2157.1,809,54.6,1662.6,0.3498,3,64,205.6,1.7905,0.3692,231.0,0.3214,122.5,122.5,음식,all,음식 (업종대분류),전체 인구,대분류
22,대구광역시 달서구 신당동,달서구,2729058500,62.92,75.64,65.44,13.92,58.79,76.78,85.57,971,27882,27882,1.0,1.228,24240.6,784.6,34.4,7236,2.94,27290,9.211,3027.0,2465,267.6,821.4,0.4365,2,113,477.8,1.7073,0.4542,465.8,0.3939,28.7,28.7,음식,all,음식 (업종대분류),전체 인구,대분류
23,대구광역시 북구 태전2동,북구,2723073500,62.63,67.82,62.48,53.69,78.05,64.36,35.91,294,21610,21610,1.0,0.953,3795.2,392.6,25.2,2036,2.12,27230,2.0691,10444.2,961,464.5,413.0,0.7815,1,51,470.0,1.797,0.8537,439.1,0.3059,73.3,73.3,음식,all,음식 (업종대분류),전체 인구,대분류
24,"대구광역시 달서구 두류1,2동",달서구,2729053500,62.26,68.36,54.7,39.26,90.61,87.18,26.17,277,15672,15672,1.0,0.904,15669.8,297.5,28.8,3657,3.83,27290,1.2776,12266.8,955,747.5,325.6,0.8597,2,36,680.4,1.903,0.9025,811.8,0.2901,56.4,56.4,음식,all,음식 (업종대분류),전체 인구,대분류
25,대구광역시 수성구 만촌3동,수성구,2726056100,62.11,70.03,61.41,83.22,76.31,31.44,17.45,192,20523,20523,1.0,0.814,14504.4,412.1,18.1,797,1.08,27260,1.6947,12110.1,735,433.7,416.1,0.5578,2,13,188.8,1.9243,0.599,203.2,0.2612,106.3,106.3,음식,all,음식 (업종대분류),전체 인구,대분류
26,대구광역시 수성구 수성1가동,수성구,2726057000,61.1,73.99,56.58,73.15,84.97,32.01,6.71,165,16970,16970,1.0,0.726,11615.6,335.3,23.4,364,0.51,27260,0.6383,26586.2,708,1109.2,306.7,0.8814,1,13,357.1,1.9594,0.8061,332.2,0.2331,102.2,102.2,음식,all,음식 (업종대분류),전체 인구,대분류
27,대구광역시 남구 대명2동,남구,2720057100,60.66,65.84,53.36,34.22,91.61,39.09,74.5,286,15229,15229,1.0,1.115,7568.7,249.8,29.6,780,0.98,27200,0.8755,17394.6,799,912.6,253.3,0.9862,1,20,331.0,1.8046,0.993,326.5,0.3579,53.1,53.1,음식,all,음식 (업종대분류),전체 인구,대분류
28,대구광역시 북구 태전1동,북구,2723072500,59.85,64.33,62.22,49.33,53.29,56.71,70.47,286,21074,21074,1.0,1.095,3814.3,626.8,28.4,1588,1.95,27230,2.5135,8384.3,814,323.9,633.0,0.2862,1,23,327.5,1.7551,0.2413,359.2,0.3514,73.4,73.4,음식,all,음식 (업종대분류),전체 인구,대분류
29,대구광역시 수성구 범어2동,수성구,2726052000,59.33,69.03,53.62,56.71,73.96,82.25,0.67,197,15345,15345,1.0,0.561,10699.6,429.2,25.0,2861,2.62,27260,1.0094,15202.1,1094,1083.8,482.8,0.5384,1,42,1064.7,1.8705,0.6701,900.9,0.1801,77.5,77.5,음식,all,음식 (업종대분류),전체 인구,대분류
30,대구광역시 수성구 지산1동,수성구,2726065100,59.16,65.57,59.26,28.86,84.23,64.9,41.81,403,18617,18617,1.0,0.966,5358.9,324.3,30.1,1776,1.37,27260,2.8948,6431.2,1301,449.4,326.2,0.9101,1,63,541.8,1.8658,0.8908,597.6,0.3098,46.1,46.1,음식,all,음식 (업종대분류),전체 인구,대분류
31,대구광역시 달서구 송현2동,달서구,2729064000,58.42,74.03,57.65,22.98,73.69,43.73,58.05,337,17618,17618,1.0,1.039,7829.2,429.1,38.9,831,0.82,27290,0.9693,18176.0,1011,1043.0,449.2,0.6281,1,33,378.6,1.7597,0.6706,409.2,0.3333,52.1,52.1,음식,all,음식 (업종대분류),전체 인구,대분류
32,대구광역시 달서구 도원동,달서구,2729062800,58.36,52.85,66.78,77.68,22.05,61.68,80.2,247,30857,30857,1.0,1.168,0.0,1564.4,23.3,1977,3.0,27290,11.188,2758.0,659,58.9,1382.2,0.0,0,41,337.0,1.7287,0.0,308.1,0.3748,124.4,124.4,음식,all,음식 (업종대분류),전체 인구,대분류
33,대구광역시 수성구 지산2동,수성구,2726065200,57.82,62.55,58.46,72.49,75.17,38.76,13.42,193,18149,18149,1.0,0.764,4126.8,408.1,22.9,928,1.18,27260,1.6406,11062.4,787,479.7,398.0,0.8119,1,26,289.4,1.9254,0.7927,253.3,0.2452,93.6,93.6,음식,all,음식 (업종대분류),전체 인구,대분류
34,대구광역시 달서구 본리동,달서구,2729059000,57.69,67.85,63.29,47.99,26.41,54.97,80.2,271,22993,22993,1.0,1.168,0.0,1185.9,31.8,1195,1.65,27290,1.0774,21341.2,723,671.1,1208.5,0.0,0,48,381.0,1.8016,0.0,369.1,0.3748,84.5,84.5,음식,all,음식 (업종대분류),전체 인구,대분류
35,대구광역시 중구 남산4동,중구,2711067000,57.62,57.58,54.97,84.73,70.13,37.79,23.49,113,15842,15842,1.0,0.874,0.0,366.9,20.3,481,1.19,27110,0.449,35282.9,403,897.6,351.8,0.8164,0,16,308.4,1.9455,0.7522,275.7,0.2804,139.0,139.0,음식,all,음식 (업종대분류),전체 인구,대분류
36,대구광역시 달서구 죽전동,달서구,2729056300,57.47,69.8,51.21,29.86,88.05,65.91,20.13,255,14344,14344,1.0,0.836,13243.8,303.4,33.6,1402,1.47,27290,0.7849,18274.9,951,1211.6,343.2,0.8107,1,42,580.0,1.8808,0.8706,606.9,0.2681,56.0,56.0,음식,all,음식 (업종대분류),전체 인구,대분류
37,대구광역시 수성구 두산동,수성구,2726064000,57.14,62.89,52.82,6.2,63.62,79.06,93.29,693,14840,14840,1.0,1.386,4499.5,511.3,42.1,3584,2.3,27260,1.8605,7976.4,1558,837.4,524.0,0.4589,1,72,732.3,1.7103,0.4892,671.3,0.4448,21.4,21.4,음식,all,음식 (업종대분류),전체 인구,대분류
38,대구광역시 동구 지저동,동구,2714064000,56.86,41.98,46.38,59.4,71.61,77.52,75.84,137,12323,12323,1.0,1.124,9062.4,434.7,28.0,2021,5.32,27140,2.2358,5511.7,380,170.0,469.2,0.5684,1,12,412.7,1.6623,0.5985,509.0,0.3605,89.3,89.3,음식,all,음식 (업종대분류),전체 인구,대분류
39,대구광역시 북구 침산2동,북구,2723056000,56.43,60.87,58.19,75.17,24.4,81.07,34.9,181,17835,17835,1.0,0.951,0.0,1264.7,21.7,2202,3.71,27230,0.8533,20901.2,593,694.9,1297.3,0.0,0,23,684.5,1.8863,0.0,647.0,0.3052,98.0,98.0,음식,all,음식 (업종대분류),전체 인구,대분류
40,대구광역시 달서구 용산2동,달서구,2729057200,56.24,59.93,64.09,76.84,42.01,28.52,47.65,165,24584,24584,1.0,0.993,0.0,733.9,24.0,678,1.31,27290,1.5398,15965.7,518,336.4,752.7,0.1409,0,19,147.4,1.7934,0.1091,151.8,0.3185,148.1,148.1,음식,all,음식 (업종대분류),전체 인구,대분류
41,대구광역시 동구 안심3동,동구,2714074200,56.18,57.28,60.6,69.8,66.38,39.66,24.83,206,19897,19897,1.0,0.899,6999.1,491.9,23.6,913,1.28,27140,5.8689,3390.2,714,121.7,457.1,0.556,1,29,232.8,1.9059,0.4806,251.3,0.2885,96.1,96.1,음식,all,음식 (업종대분류),전체 인구,대분류
42,대구광역시 북구 복현2동,북구,2723067200,56.15,63.59,65.7,79.19,21.38,57.65,30.87,192,28733,28733,1.0,0.922,0.0,1584.2,23.4,1348,2.08,27230,1.8078,15893.9,649,359.0,1620.2,0.0,0,39,355.2,1.8941,0.0,373.4,0.2958,148.9,148.9,음식,all,음식 (업종대분류),전체 인구,대분류
43,대구광역시 서구 내당1동,서구,2717051000,56.12,54.63,52.01,44.97,49.33,75.3,76.51,168,14683,14683,1.0,1.136,0.0,595.0,34.7,1153,2.5,27170,0.5707,25728.1,461,807.8,613.4,0.3362,0,27,826.7,1.842,0.4048,915.1,0.3644,86.9,86.9,음식,all,음식 (업종대분류),전체 인구,대분류
44,대구광역시 수성구 범어3동,수성구,2726053000,55.69,71.34,57.12,20.98,58.39,80.06,29.53,340,17016,17016,1.0,0.918,0.0,500.3,39.1,2389,2.07,27260,0.5836,29157.0,1155,1979.1,503.0,0.4978,0,39,1299.8,1.8564,0.5118,1121.0,0.2944,49.9,49.9,음식,all,음식 (업종대분류),전체 인구,대분류
45,대구광역시 달성군 유가읍,달성군,2771025900,55.58,57.89,67.58,29.7,13.99,91.54,89.93,463,31236,31236,1.0,1.292,0.0,12190.5,42.1,4302,3.85,27710,56.1887,555.9,1117,19.9,12162.5,0.0,0,60,1047.5,1.7554,0.0,1086.3,0.4145,67.3,67.3,음식,all,음식 (업종대분류),전체 인구,대분류
46,대구광역시 북구 읍내동,북구,2723077000,55.56,57.78,63.82,60.91,28.42,66.24,54.36,322,24576,24576,1.0,1.013,0.0,963.0,23.2,1572,1.59,27230,5.6904,4318.9,991,174.2,977.2,0.0,0,37,601.6,1.7105,0.0,592.2,0.3249,76.1,76.1,음식,all,음식 (업종대분류),전체 인구,대분류
47,대구광역시 남구 대명5동,남구,2720060000,55.35,46.84,40.2,20.3,92.62,81.95,81.21,228,8896,8896,1.0,1.171,11071.1,217.3,34.4,2694,4.44,27200,0.74,12021.6,607,820.3,256.8,0.8666,1,20,557.7,1.8206,0.9167,600.6,0.3756,38.8,38.8,음식,all,음식 (업종대분류),전체 인구,대분류
48,대구광역시 중구 성내3동,중구,2711058500,55.17,55.77,48.79,84.9,86.38,19.83,10.07,108,13643,13643,1.0,0.758,5778.9,313.8,19.1,259,0.58,27110,0.7455,18300.5,444,595.6,332.9,0.9302,1,12,257.9,1.9273,0.9352,196.0,0.2432,125.2,125.2,음식,all,음식 (업종대분류),전체 인구,대분류
49,대구광역시 달서구 상인2동,달서구,2729062500,55.13,65.0,56.04,8.72,57.32,54.6,90.6,492,16737,16737,1.0,1.294,0.0,511.8,44.7,927,0.78,27290,0.9567,17494.5,1185,1238.6,510.6,0.5401,0,33,566.3,1.6938,0.5488,620.7,0.4152,33.9,33.9,음식,all,음식 (업종대분류),전체 인구,대분류
50,대구광역시 동구 동촌동,동구,2714065500,54.85,43.19,49.33,67.45,58.52,60.13,71.14,195,13815,13815,1.0,1.097,4475.3,543.1,15.1,1690,3.05,27140,4.4612,3096.7,554,124.2,510.3,0.4116,1,31,352.6,1.7752,0.3538,282.4,0.352,70.5,70.5,음식,all,음식 (업종대분류),전체 인구,대분류
51,대구광역시 북구 침산3동,북구,2723057000,54.82,55.91,57.92,76.34,23.39,75.13,39.93,167,17704,17704,1.0,0.962,0.0,1330.9,23.1,1418,2.62,27230,1.0462,16922.2,541,517.1,1374.8,0.0,0,27,644.1,1.8583,0.0,701.0,0.3087,105.4,105.4,음식,all,음식 (업종대분류),전체 인구,대분류
52,대구광역시 북구 고성동,북구,2723051000,54.78,55.74,51.74,23.16,52.55,63.56,100.0,251,14603,14603,1.0,1.558,0.0,523.7,43.5,694,1.38,27230,0.52,28082.7,502,965.4,502.8,0.4641,0,9,698.5,1.5975,0.4143,859.3,0.5,57.9,57.9,음식,all,음식 (업종대분류),전체 인구,대분류
53,대구광역시 동구 신천1·2동,동구,2714055500,54.5,55.64,44.23,76.51,87.99,17.42,25.5,111,10994,10994,1.0,0.901,9575.6,291.9,21.1,301,0.78,27140,0.4677,23506.5,384,821.0,304.5,0.8438,1,10,149.9,1.8643,0.8829,138.2,0.2891,98.2,98.2,음식,all,음식 (업종대분류),전체 인구,대분류
54,대구광역시 동구 신천3동,동구,2714057000,54.23,58.62,52.55,59.4,53.49,80.17,11.88,188,14835,14835,1.0,0.761,0.0,519.8,23.8,1998,2.59,27140,0.7179,20664.4,770,1072.6,542.0,0.4195,0,48,1228.0,1.9695,0.4362,988.9,0.2442,78.5,78.5,음식,all,음식 (업종대분류),전체 인구,대분류
55,대구광역시 북구 무태조야동,북구,2723069500,54.2,60.47,68.39,71.81,16.01,45.14,46.98,385,32499,32499,1.0,0.991,0.0,3927.1,19.7,1749,1.44,27230,22.8763,1420.6,1211,52.9,3904.0,0.0,0,48,240.2,1.8693,0.0,229.1,0.3179,84.2,84.2,음식,all,음식 (업종대분류),전체 인구,대분류
56,대구광역시 수성구 범어4동,수성구,2726054000,54.07,64.96,58.99,20.3,75.57,53.82,30.2,340,18446,18446,1.0,0.921,0.0,328.2,44.4,974,0.85,27260,1.1922,15472.2,1151,965.4,382.2,0.7541,0,29,516.8,1.7887,0.8588,577.5,0.2954,54.1,54.1,음식,all,음식 (업종대분류),전체 인구,대분류
57,대구광역시 동구 혁신동,동구,2714075500,53.51,46.51,55.5,51.0,29.43,97.52,66.44,355,16501,16501,1.0,1.078,0.0,921.0,18.8,8600,8.38,27140,17.0739,966.4,1026,60.1,1007.5,0.0,0,102,1121.3,1.8826,0.0,1591.3,0.346,46.4,46.4,음식,all,음식 (업종대분류),전체 인구,대분류
58,대구광역시 서구 원대동,서구,2717069500,53.4,48.56,42.62,38.92,88.46,32.85,79.19,157,9963,9963,1.0,1.154,7453.5,291.2,29.9,475,1.12,27170,0.6219,16020.3,424,681.8,291.4,0.9009,1,18,230.3,1.6358,0.9236,247.5,0.3703,63.1,63.1,음식,all,음식 (업종대분류),전체 인구,대분류
59,대구광역시 수성구 범물2동,수성구,2726066200,53.29,41.91,54.16,87.75,70.06,45.37,16.78,107,15526,15526,1.0,0.806,0.0,401.0,17.3,590,1.43,27260,2.122,7316.7,414,195.1,382.0,0.8309,0,14,463.5,1.9377,0.8131,330.5,0.2585,143.8,143.8,음식,all,음식 (업종대분류),전체 인구,대분류
60,대구광역시 수성구 만촌1동,수성구,2726055000,53.22,56.54,61.14,82.22,26.07,70.47,7.38,199,20174,20174,1.0,0.729,0.0,1191.2,16.8,2268,2.67,27260,2.6991,7474.3,851,315.3,1236.9,0.0,0,39,434.8,1.9356,0.0,484.8,0.2338,100.9,100.9,음식,all,음식 (업종대분류),전체 인구,대분류
61,대구광역시 달서구 송현1동,달서구,2729063000,52.92,57.58,55.24,53.69,80.47,34.0,10.74,204,15927,15927,1.0,0.76,6693.2,362.2,26.6,743,0.89,27290,2.4579,6479.9,837,340.5,366.2,0.7921,1,22,209.0,1.8609,0.8431,264.1,0.2437,77.7,77.7,음식,all,음식 (업종대분류),전체 인구,대분류
62,대구광역시 달서구 성당동,달서구,2729051500,52.85,60.67,60.87,50.0,35.64,55.3,40.94,324,19920,19920,1.0,0.963,0.0,895.6,23.7,2331,2.22,27290,1.9869,10025.7,1049,528.0,917.0,0.0143,0,41,251.2,1.8319,0.0154,274.1,0.3089,61.3,61.3,음식,all,음식 (업종대분류),전체 인구,대분류
63,대구광역시 남구 대명3동,남구,2720058600,52.85,56.34,46.11,27.52,75.64,45.4,67.11,328,12166,12166,1.0,1.083,5897.8,406.9,29.2,1055,1.12,27200,0.9315,13060.7,944,1013.4,415.9,0.7119,1,20,338.9,1.8061,0.747,338.3,0.3475,37.0,37.0,음식,all,음식 (업종대분류),전체 인구,대분류
64,대구광역시 수성구 수성2·3가동,수성구,2726058000,52.76,51.64,42.88,31.54,90.4,66.44,37.58,222,10185,10185,1.0,0.958,5644.8,273.4,28.9,1441,2.0,27260,0.6602,15427.1,722,1093.6,276.9,0.9848,1,24,550.7,1.8895,1.0,572.2,0.3075,45.7,45.7,음식,all,음식 (업종대분류),전체 인구,대분류
65,대구광역시 달서구 이곡2동,달서구,2729057700,52.52,45.34,50.14,10.4,56.38,96.11,92.62,368,14054,14054,1.0,1.32,0.0,581.8,54.1,4290,4.94,27290,2.2612,6215.3,869,384.3,594.7,0.6479,0,81,1744.6,1.7889,0.6875,1926.9,0.4235,38.1,38.1,음식,all,음식 (업종대분류),전체 인구,대분류
66,대구광역시 달서구 두류3동,달서구,2729055000,52.45,48.08,40.47,4.86,94.9,63.09,86.58,309,8931,8931,1.0,1.233,14138.0,223.6,57.0,954,1.22,27290,1.2035,7420.9,781,648.9,263.5,0.9104,1,23,712.8,1.7883,0.9741,714.1,0.3956,28.8,28.8,음식,all,음식 (업종대분류),전체 인구,대분류
67,대구광역시 북구 대현동,북구,2723064500,51.77,58.89,54.43,36.58,38.52,32.31,87.25,317,15618,15618,1.0,1.234,0.0,893.4,26.9,786,0.98,27230,0.855,18266.7,801,936.8,879.3,0.1423,0,23,239.0,1.7877,0.1199,228.8,0.3958,49.1,49.1,음식,all,음식 (업종대분류),전체 인구,대분류
68,대구광역시 달성군 옥포읍,달성군,2771026200,51.33,47.35,62.75,76.68,15.67,32.01,75.17,263,22138,22138,1.0,1.121,0.0,4317.3,12.4,937,1.28,27710,47.4421,466.6,731,15.4,4106.1,0.0,0,39,152.0,1.7783,0.0,164.1,0.3598,83.9,83.9,음식,all,음식 (업종대분류),전체 인구,대분류
69,대구광역시 달성군 현풍읍,달성군,2771026500,51.19,54.8,61.95,26.68,14.33,72.82,89.26,567,20887,20887,1.0,1.287,0.0,12137.4,29.3,3238,2.36,27710,24.3321,858.4,1373,56.4,12264.0,0.0,0,76,500.4,1.6722,0.0,515.0,0.413,36.8,36.8,음식,all,음식 (업종대분류),전체 인구,대분류
70,대구광역시 동구 안심2동,동구,2714073000,51.18,44.03,56.84,96.64,44.09,46.17,8.72,95,17002,17002,1.0,0.751,3810.8,1074.7,5.5,1493,3.79,27140,13.3309,1275.4,394,29.6,844.7,0.3046,1,43,159.2,1.8547,0.2737,133.9,0.2411,177.1,177.1,음식,all,음식 (업종대분류),전체 인구,대분류
71,대구광역시 동구 공산동,동구,2714076000,50.75,45.17,60.34,60.4,15.0,38.92,99.33,376,19708,19708,1.0,1.554,0.0,7520.1,7.3,1875,2.49,27140,83.2696,236.7,754,9.1,7174.6,0.0,0,67,61.0,1.6036,0.0,57.1,0.4987,52.3,52.3,음식,all,음식 (업종대분류),전체 인구,대분류
72,대구광역시 수성구 범물1동,수성구,2726066100,50.63,34.66,42.35,67.28,81.14,62.82,32.21,110,9654,9654,1.0,0.927,11108.8,425.6,23.2,781,2.11,27260,5.8003,1664.4,370,63.8,338.1,0.9676,2,13,815.3,1.6642,0.9364,533.2,0.2973,87.0,87.0,음식,all,음식 (업종대분류),전체 인구,대분류
73,대구광역시 수성구 수성4가동,수성구,2726059000,50.58,52.15,46.64,33.22,65.17,42.75,65.77,234,12798,12798,1.0,1.076,0.0,421.7,30.3,423,0.62,27260,0.6138,20850.4,678,1104.6,395.7,0.7478,0,14,458.2,1.9008,0.6496,488.8,0.3451,54.5,54.5,음식,all,음식 (업종대분류),전체 인구,대분류
74,대구광역시 중구 대봉1동,중구,2711068000,50.31,57.38,38.05,14.43,98.19,67.82,18.12,293,7666,7666,1.0,0.817,19088.4,205.4,33.2,1613,1.44,27110,0.5627,13623.6,1117,1985.1,194.3,1.0,2,23,833.7,1.8237,1.0,658.7,0.2623,26.1,26.1,음식,all,음식 (업종대분류),전체 인구,대분류
75,대구광역시 동구 신천4동,동구,2714058000,50.21,58.32,47.45,2.68,47.05,97.25,60.4,588,12937,12937,1.0,1.042,0.0,654.2,66.9,6933,3.94,27140,0.7957,16258.6,1759,2210.6,655.2,0.3627,0,85,2660.8,1.7119,0.3537,2701.7,0.3343,22.0,22.0,음식,all,음식 (업종대분류),전체 인구,대분류
76,대구광역시 달성군 구지면,달성군,2771038000,50.11,43.89,59.53,56.71,13.32,46.71,98.66,340,18847,18847,1.0,1.529,0.0,17230.0,18.7,2321,3.35,27710,39.6367,475.5,693,17.5,17209.4,0.0,0,59,87.9,1.65,0.0,81.9,0.4906,55.3,55.3,음식,all,음식 (업종대분류),전체 인구,대분류
77,대구광역시 수성구 황금1동,수성구,2726060100,50.0,49.06,61.68,94.63,41.14,21.78,4.03,90,20820,20820,1.0,0.703,0.0,794.4,9.1,480,1.2,27260,2.5751,8085.1,399,154.9,851.9,0.0702,0,13,72.8,1.9203,0.1333,64.9,0.2256,228.8,228.8,음식,all,음식 (업종대분류),전체 인구,대분류
78,대구광역시 동구 신암2동,동구,2714052000,49.98,47.31,45.03,54.53,46.78,42.72,73.15,121,11446,11446,1.0,1.109,0.0,641.9,31.1,357,1.05,27140,0.3625,31575.2,340,937.9,610.1,0.3059,0,13,392.6,1.7582,0.2645,423.9,0.3559,93.8,93.8,음식,all,음식 (업종대분류),전체 인구,대분류
79,대구광역시 중구 남산2동,중구,2711065000,49.75,55.0,37.25,25.84,96.04,73.16,2.01,113,7394,7394,1.0,0.594,82629.0,289.6,45.8,863,1.46,27110,0.3916,18881.5,593,1514.3,289.0,1.0,4,11,1474.2,1.9141,1.0,1978.6,0.1906,64.9,64.9,음식,all,음식 (업종대분류),전체 인구,대분류
80,대구광역시 남구 이천동,남구,2720051500,48.9,45.7,50.94,85.57,54.5,31.88,8.05,116,14245,14245,1.0,0.735,0.0,570.7,17.0,350,0.71,27200,1.0429,13659.0,492,471.8,549.3,0.628,0,12,288.2,1.8983,0.569,287.5,0.2358,121.8,121.8,음식,all,음식 (업종대분류),전체 인구,대분류
81,대구광역시 동구 불로·봉무동,동구,2714062000,48.73,54.77,59.8,22.48,16.68,89.63,55.03,409,19381,19381,1.0,1.015,0.0,2951.4,34.9,4178,3.33,27140,7.6608,2529.9,1256,164.0,2945.5,0.0008,0,57,1075.7,1.7038,0.0,1019.9,0.3256,47.3,47.3,음식,all,음식 (업종대분류),전체 인구,대분류
82,대구광역시 남구 대명1동,남구,2720056000,48.69,49.7,41.01,49.0,84.23,20.0,35.91,104,9242,9242,1.0,0.953,7928.3,336.1,32.5,142,0.42,27200,0.4605,20069.5,340,738.3,313.8,0.8971,1,10,202.5,1.8727,0.875,220.1,0.3059,88.0,88.0,음식,all,음식 (업종대분류),전체 인구,대분류
83,대구광역시 달서구 본동,달서구,2729065000,48.08,42.75,48.26,61.74,22.72,64.19,65.1,177,13148,13148,1.0,1.075,0.0,1476.7,22.7,1481,2.89,27290,1.0557,12454.3,513,485.9,1394.5,0.0,0,31,371.6,1.8481,0.0,392.3,0.345,73.9,73.9,음식,all,음식 (업종대분류),전체 인구,대분류
84,대구광역시 서구 내당4동,서구,2717054000,47.81,54.77,50.4,26.67,45.5,55.57,49.19,260,14119,14119,1.0,0.998,0.0,672.3,34.8,1151,1.42,27170,0.8127,17373.0,812,999.1,644.9,0.2352,0,30,493.5,1.7588,0.2462,442.2,0.3202,54.1,54.1,음식,all,음식 (업종대분류),전체 인구,대분류
85,대구광역시 남구 대명10동,남구,2720065000,47.79,50.97,38.86,19.3,81.41,42.48,53.69,211,7805,7805,1.0,1.012,15387.0,401.8,33.4,444,0.68,27200,0.5166,15108.4,650,1258.2,375.5,0.8677,1,12,574.8,1.8044,0.8057,473.0,0.3246,36.8,36.8,음식,all,음식 (업종대분류),전체 인구,대분류
86,대구광역시 동구 방촌동,동구,2714067000,47.71,51.51,55.77,49.16,28.76,31.11,63.09,201,16714,16714,1.0,1.058,0.0,960.1,30.2,638,1.08,27140,1.2248,13646.3,592,483.3,972.5,0.0,0,22,212.6,1.7373,0.0,218.5,0.3395,82.7,82.7,음식,all,음식 (업종대분류),전체 인구,대분류
87,대구광역시 중구 성내1동,중구,2711056500,47.36,52.62,33.76,0.34,87.04,82.92,34.23,1029,5527,5527,1.0,0.942,30098.1,351.9,82.8,4750,1.39,27110,0.759,7281.9,3406,4487.5,324.3,0.8908,1,64,2242.4,1.7374,0.8445,2421.0,0.3021,5.4,5.4,음식,all,음식 (업종대분류),전체 인구,대분류
88,대구광역시 수성구 중동,수성구,2726061000,47.28,53.09,51.48,63.09,32.48,53.09,14.09,199,14422,14422,1.0,0.768,0.0,1081.7,20.9,1100,1.36,27260,0.948,15213.1,808,852.3,1056.8,0.0334,0,38,386.9,1.9604,0.0201,422.7,0.2463,72.1,72.1,음식,all,음식 (업종대분류),전체 인구,대분류
89,대구광역시 수성구 황금2동,수성구,2726060200,47.25,53.02,45.57,14.1,59.19,61.07,51.34,331,11770,11770,1.0,1.002,2213.9,535.3,39.0,1605,1.56,27260,1.1892,9897.4,1030,866.1,557.5,0.4214,1,58,395.5,1.9253,0.4381,467.0,0.3214,35.5,35.5,음식,all,음식 (업종대분류),전체 인구,대분류
90,대구광역시 중구 삼덕동,중구,2711054500,47.18,44.83,37.52,1.34,57.51,86.11,87.92,605,7460,7460,1.0,1.236,0.0,499.2,74.6,3487,2.29,27110,0.644,11583.9,1526,2369.6,480.0,0.5839,0,70,1719.3,1.8185,0.4793,1663.6,0.3965,12.3,12.3,음식,all,음식 (업종대분류),전체 인구,대분류
91,대구광역시 남구 대명4동,남구,2720059000,47.14,46.07,40.74,36.07,56.17,73.42,39.93,196,9003,9003,1.0,0.962,7282.1,583.7,26.3,1742,2.74,27200,0.76,11846.1,635,835.5,536.5,0.3512,1,20,496.8,1.7378,0.2245,585.5,0.3087,45.7,45.7,음식,all,음식 (업종대분류),전체 인구,대분류
92,대구광역시 중구 성내2동,중구,2711057500,47.11,47.95,41.54,0.34,78.92,91.71,33.56,785,9263,9263,1.0,0.931,0.0,302.6,90.2,6799,2.59,27110,0.9226,10040.1,2628,2848.5,283.2,0.933,0,67,2751.4,1.6254,0.9338,2781.8,0.2987,11.8,11.8,음식,all,음식 (업종대분류),전체 인구,대분류
93,대구광역시 서구 평리5동,서구,2717066000,47.09,43.12,43.42,85.24,19.36,29.29,68.46,65,10531,10531,1.0,1.089,0.0,1844.4,21.0,224,1.2,27170,0.4071,25868.3,186,456.9,1832.0,0.0,0,9,214.6,1.864,0.0,218.2,0.3495,159.6,159.6,음식,all,음식 (업종대분류),전체 인구,대분류
94,대구광역시 동구 효목2동,동구,2714060000,47.06,53.26,50.67,27.85,34.09,52.85,63.76,222,14147,14147,1.0,1.069,0.0,978.4,41.0,897,1.39,27140,0.761,18590.0,647,850.2,915.3,0.085,0,26,459.9,1.8141,0.0405,427.4,0.3431,63.4,63.4,음식,all,음식 (업종대분류),전체 인구,대분류
95,대구광역시 서구 평리4동,서구,2717065000,46.8,61.71,53.09,11.08,23.72,33.19,91.28,399,15025,15025,1.0,1.309,0.0,1313.4,45.0,553,0.58,27170,0.7453,20159.7,950,1274.7,1310.9,0.0,0,29,308.6,1.72,0.0,327.5,0.42,37.6,37.6,음식,all,음식 (업종대분류),전체 인구,대분류
96,대구광역시 수성구 파동,수성구,2726063000,46.32,38.99,57.38,94.29,20.37,13.16,46.31,103,17133,17133,1.0,0.985,0.0,1685.3,6.2,264,0.81,27260,5.4129,3165.2,326,60.2,1661.7,0.0,0,13,28.4,1.8928,0.0,23.9,0.316,164.7,164.7,음식,all,음식 (업종대분류),전체 인구,대분류
97,대구광역시 중구 대신동,중구,2711059500,45.9,58.89,36.44,7.05,92.41,60.27,0.0,236,7249,7249,1.0,0.274,13433.4,262.4,46.2,1301,0.48,27110,0.4899,14796.9,2688,5486.8,169.9,0.9699,1,11,1548.5,0.6257,0.911,1180.4,0.0878,30.6,30.6,음식,all,음식 (업종대분류),전체 인구,대분류
98,대구광역시 중구 동인동,중구,2711051700,45.53,47.95,44.5,11.41,42.08,85.17,57.05,348,10997,10997,1.0,1.028,0.0,691.9,40.2,2997,2.84,27110,0.9707,11328.9,1055,1086.8,664.1,0.1223,0,30,902.8,1.8018,0.0632,979.3,0.3299,31.5,31.5,음식,all,음식 (업종대분류),전체 인구,대분류
99,대구광역시 서구 상중이동,서구,2717067500,45.15,51.27,56.31,57.72,30.07,50.0,3.36,264,16863,16863,1.0,0.688,0.0,1263.2,21.3,3259,2.72,27170,6.7768,2488.3,1196,176.5,1380.9,0.0125,0,73,191.9,1.8364,0.0152,159.0,0.2207,63.6,63.6,음식,all,음식 (업종대분류),전체 인구,대분류
100,대구광역시 서구 비산7동,서구,2717061000,45.07,40.94,41.28,22.65,60.74,34.66,85.57,321,9260,9260,1.0,1.228,2543.2,519.7,29.4,1162,1.43,27170,2.584,3583.6,815,315.4,513.8,0.4699,1,25,189.6,1.6054,0.4673,155.8,0.3939,28.8,28.8,음식,all,음식 (업종대분류),전체 인구,대분류
101,대구광역시 서구 비산5동,서구,2717059000,44.77,36.08,32.68,13.08,94.1,17.65,95.64,158,4744,4744,1.0,1.461,7774.7,206.6,37.3,128,0.38,27170,0.3445,13770.7,337,978.2,201.9,1.0,2,4,204.0,1.6091,1.0,199.3,0.4688,29.8,29.8,음식,all,음식 (업종대분류),전체 인구,대분류
102,대구광역시 동구 신암3동,동구,2714053000,44.73,43.69,44.76,54.02,39.4,57.72,28.86,116,11150,11150,1.0,0.913,0.0,773.2,31.4,616,1.56,27140,0.6012,18546.2,396,658.7,734.3,0.0581,0,13,452.5,1.8895,0.0259,515.3,0.2929,95.3,95.3,음식,all,음식 (업종대분류),전체 인구,대분류
103,대구광역시 중구 남산1동,중구,2711064000,44.64,42.95,32.95,18.79,93.29,80.84,2.68,143,5062,5062,1.0,0.655,12121.7,278.0,33.0,1968,2.89,27110,0.4193,12072.5,680,1621.8,253.0,1.0,2,25,713.6,2.0125,1.0,855.6,0.2103,35.2,35.2,음식,all,음식 (업종대분류),전체 인구,대분류
104,대구광역시 중구 남산3동,중구,2711066000,44.54,35.81,34.03,57.38,90.87,41.54,6.04,72,5779,5779,1.0,0.717,5728.2,263.0,25.2,404,1.29,27110,0.4076,14178.1,313,767.9,254.0,0.9968,1,10,293.4,1.8445,1.0,327.9,0.23,79.2,79.2,음식,all,음식 (업종대분류),전체 인구,대분류
105,대구광역시 동구 효목1동,동구,2714059000,44.5,40.84,45.3,32.88,39.73,40.4,82.55,298,11472,11472,1.0,1.192,0.0,842.7,26.8,901,1.16,27140,1.4646,7832.9,779,531.9,849.0,0.1592,0,32,179.1,1.7622,0.1242,276.1,0.3825,38.4,38.4,음식,all,음식 (업종대분류),전체 인구,대분류
106,대구광역시 북구 관음동,북구,2723075000,44.37,37.78,49.06,62.76,23.05,61.44,42.08,181,13689,13689,1.0,0.966,0.0,1429.6,22.6,1198,2.05,27230,3.0672,4463.0,584,190.4,1468.8,0.0,0,23,374.4,1.7842,0.0,457.0,0.3099,75.2,75.2,음식,all,음식 (업종대분류),전체 인구,대분류
107,대구광역시 남구 대명6동,남구,2720061000,44.15,33.83,43.16,73.66,61.07,46.24,5.37,128,10276,10276,1.0,0.712,0.0,458.9,14.1,857,1.53,27200,1.5709,6541.5,560,356.5,385.9,0.675,0,13,329.3,1.9196,0.5781,283.3,0.2286,79.7,79.7,음식,all,음식 (업종대분류),전체 인구,대분류
108,대구광역시 중구 대봉2동,중구,2711069000,44.04,41.61,34.3,48.66,83.96,25.17,22.82,83,5933,5933,1.0,0.862,3410.6,352.8,27.2,179,0.6,27110,0.2744,21621.7,300,1093.3,300.2,1.0,1,8,220.2,1.8838,1.0,256.4,0.2767,70.6,70.6,음식,all,음식 (업종대분류),전체 인구,대분류
109,대구광역시 달서구 월성2동,달서구,2729060200,43.74,31.98,48.52,88.43,19.03,59.06,24.16,131,13435,13435,1.0,0.897,0.0,1902.9,5.7,2943,6.47,27290,7.6185,1763.5,455,59.7,1831.7,0.0,0,41,250.2,1.7894,0.0,186.5,0.2879,101.8,101.8,음식,all,음식 (업종대분류),전체 인구,대분류
110,대구광역시 동구 해안동,동구,2714068500,43.63,40.2,47.18,58.89,50.27,26.04,31.54,141,12925,12925,1.0,0.925,11140.2,761.2,28.6,480,1.01,27140,13.264,974.4,475,35.8,755.4,0.0589,2,23,160.5,1.8161,0.0284,180.6,0.2968,91.0,91.0,음식,all,음식 (업종대분류),전체 인구,대분류
111,대구광역시 수성구 만촌2동,수성구,2726056000,43.58,38.96,47.72,80.2,50.06,23.42,4.7,139,13080,13080,1.0,0.708,0.0,588.8,15.2,469,0.77,27260,1.9514,6702.9,612,313.6,658.5,0.3431,0,17,172.3,1.9354,0.4245,185.8,0.2271,93.4,93.4,음식,all,음식 (업종대분류),전체 인구,대분류
112,대구광역시 달서구 장기동,달서구,2729056800,43.52,48.05,53.89,28.02,37.79,45.64,38.93,261,15347,15347,1.0,0.961,0.0,893.7,38.9,958,1.13,27290,2.76,5560.5,846,306.5,906.7,0.1548,0,34,327.3,1.8569,0.0996,352.2,0.3085,58.6,58.6,음식,all,음식 (업종대분류),전체 인구,대분류
113,대구광역시 북구 노원동,북구,2723079000,43.28,41.04,43.96,23.83,45.23,40.34,77.85,405,10954,10954,1.0,1.143,0.0,691.3,28.6,1224,1.11,27230,3.0536,3587.2,1104,361.5,693.4,0.3207,0,44,266.5,1.7025,0.2617,264.3,0.3668,27.0,27.0,음식,all,음식 (업종대분류),전체 인구,대분류
114,대구광역시 서구 평리3동,서구,2717064000,42.56,45.51,45.84,31.88,22.38,37.52,78.52,239,12090,12090,1.0,1.151,0.0,1479.9,29.8,808,1.25,27170,0.7793,15513.9,647,830.2,1448.3,0.0,0,17,230.2,1.772,0.0,244.6,0.3694,50.4,50.4,음식,all,음식 (업종대분류),전체 인구,대분류
115,대구광역시 동구 신암1동,동구,2714051000,42.54,44.16,43.69,36.08,27.42,41.2,69.13,184,10781,10781,1.0,1.09,0.0,1062.5,30.2,394,0.75,27140,0.606,17790.4,526,868.0,1051.5,0.0,0,10,436.8,1.7965,0.0,445.3,0.3498,58.3,58.3,음식,all,음식 (업종대분류),전체 인구,대분류
116,대구광역시 남구 봉덕3동,남구,2720055000,41.89,44.29,49.86,43.29,39.6,33.79,28.19,251,14003,14003,1.0,0.912,0.0,870.2,25.7,902,1.05,27200,3.0696,4561.8,858,279.5,904.0,0.1096,0,23,221.5,1.8839,0.1315,225.0,0.2925,55.6,55.6,음식,all,음식 (업종대분류),전체 인구,대분류
117,대구광역시 남구 대명9동,남구,2720064000,41.67,40.1,47.99,38.6,37.25,25.57,61.07,263,13110,13110,1.0,1.044,0.0,816.5,25.9,762,0.97,27200,3.1401,4175.0,785,250.0,817.3,0.0038,0,28,184.2,1.8211,0.0038,170.2,0.335,49.7,49.7,음식,all,음식 (업종대분류),전체 인구,대분류
118,대구광역시 북구 산격3동,북구,2723063000,41.57,37.48,39.93,5.36,18.36,92.22,95.64,444,8390,8390,1.0,1.461,0.0,2068.4,42.5,3619,3.82,27230,1.272,6595.9,947,744.5,2105.0,0.0,0,19,1139.1,1.6083,0.0,1437.1,0.4688,18.9,18.9,음식,all,음식 (업종대분류),전체 인구,대분류
119,대구광역시 동구 신암5동,동구,2714054100,41.43,29.5,36.71,35.9,74.43,22.49,64.43,108,7315,7315,1.0,1.072,0.0,356.4,34.2,300,0.96,27140,0.5467,13380.3,314,574.4,366.8,0.9108,0,9,165.0,1.672,0.9074,174.6,0.3439,67.1,67.1,음식,all,음식 (업종대분류),전체 인구,대분류
120,대구광역시 달성군 논공읍,달성군,2771025300,41.23,42.72,52.28,48.49,14.66,35.44,49.46,327,14804,14804,1.0,0.998,0.0,8299.2,20.3,1664,1.63,27710,44.0501,336.1,1021,23.2,8220.1,0.0,0,42,76.6,1.7366,0.0,83.5,0.3203,45.1,45.1,음식,all,음식 (업종대분류),전체 인구,대분류
121,대구광역시 서구 비산1동,서구,2717055000,40.37,34.9,38.59,64.26,57.32,11.95,27.52,62,7738,7738,1.0,0.907,0.0,503.9,29.5,94,0.44,27170,0.4334,17854.2,213,491.5,505.0,0.5352,0,4,115.3,1.5363,0.5,140.7,0.2911,122.8,122.8,음식,all,음식 (업종대분류),전체 인구,대분류
122,대구광역시 서구 비산4동,서구,2717058000,40.27,37.68,39.66,58.89,37.65,20.57,44.97,98,8143,8143,1.0,0.982,0.0,881.5,25.2,256,0.82,27170,0.434,18762.7,311,716.6,872.3,0.0579,0,12,200.0,1.7548,0.0408,171.6,0.3151,82.3,82.3,음식,all,음식 (업종대분류),전체 인구,대분류
123,대구광역시 서구 내당2·3동,서구,2717052500,40.2,37.48,39.4,34.9,61.54,29.2,36.91,136,8091,8091,1.0,0.957,0.0,467.4,31.3,287,0.65,27170,0.4967,16289.5,443,891.9,456.6,0.6524,0,13,339.8,1.6893,0.6324,276.7,0.307,59.1,59.1,음식,all,음식 (업종대분류),전체 인구,대분류
124,대구광역시 수성구 상동,수성구,2726062000,39.8,50.27,49.6,51.84,25.74,18.89,12.75,241,13938,13938,1.0,0.762,0.0,1224.5,23.1,678,0.69,27260,1.3277,10497.9,986,742.6,1288.9,0.0,0,28,118.7,1.9138,0.0,122.5,0.2444,57.6,57.6,음식,all,음식 (업종대분류),전체 인구,대분류
125,대구광역시 북구 산격2동,북구,2723062000,39.15,40.84,41.81,39.93,17.35,98.12,1.34,232,9376,9376,1.0,0.573,0.0,2786.5,23.5,10440,8.27,27230,2.3539,3983.2,1263,536.6,2945.4,0.0,0,84,2052.4,1.5111,0.0,1693.5,0.1837,40.2,40.2,음식,all,음식 (업종대분류),전체 인구,대분류
126,대구광역시 남구 봉덕2동,남구,2720054000,39.13,33.69,46.91,65.1,21.71,6.51,59.73,157,12852,12852,1.0,1.041,0.0,1568.7,23.0,66,0.14,27200,3.0276,4244.9,470,155.2,1539.8,0.0,0,4,59.5,1.8229,0.0,50.7,0.334,81.3,81.3,음식,all,음식 (업종대분류),전체 인구,대분류
127,대구광역시 서구 평리2동,서구,2717063000,38.89,35.97,35.37,70.14,25.4,16.64,50.34,66,6820,6820,1.0,0.999,0.0,1244.9,24.1,115,0.56,27170,0.2781,24523.6,206,740.7,1200.3,0.0,0,6,152.3,1.7598,0.0,178.1,0.3204,101.8,101.8,음식,all,음식 (업종대분류),전체 인구,대분류
128,대구광역시 달서구 상인3동,달서구,2729062600,37.51,25.64,42.08,39.26,25.07,45.03,72.48,129,9445,9445,1.0,1.108,0.0,1254.7,32.6,464,1.28,27290,3.3085,2854.8,363,109.7,1319.7,0.0,0,13,327.8,1.7064,0.0,387.6,0.3554,72.7,72.7,음식,all,음식 (업종대분류),전체 인구,대분류
129,대구광역시 서구 비산2·3동,서구,2717056500,37.33,34.5,37.78,12.42,43.09,19.06,91.95,220,7550,7550,1.0,1.311,0.0,735.5,40.1,276,0.53,27170,0.555,13603.6,523,942.3,678.0,0.3078,0,13,196.2,1.5586,0.2273,188.5,0.4207,34.2,34.2,음식,all,음식 (업종대분류),전체 인구,대분류
130,대구광역시 달성군 가창면,달성군,2771031000,37.31,15.84,35.1,57.05,15.33,52.22,94.63,177,6719,6719,1.0,1.422,0.0,5958.4,3.4,2291,5.9,27710,110.4332,60.8,388,3.5,5522.5,0.0,0,32,134.5,1.676,0.0,141.1,0.4562,37.7,37.7,음식,all,음식 (업종대분류),전체 인구,대분류
131,대구광역시 남구 봉덕1동,남구,2720053000,36.74,39.57,38.32,21.81,41.01,24.8,53.02,211,7680,7680,1.0,1.01,0.0,805.3,31.2,448,0.69,27200,0.4881,15734.5,651,1333.7,815.4,0.192,0,12,195.9,1.7448,0.2227,209.7,0.3241,36.2,36.2,음식,all,음식 (업종대분류),전체 인구,대분류
132,대구광역시 북구 복현1동,북구,2723067100,35.99,38.56,35.91,9.73,19.7,31.61,96.64,235,7131,7131,1.0,1.479,0.0,1752.7,41.8,333,0.67,27230,0.3619,19704.3,495,1367.8,1714.4,0.0,0,10,312.4,1.6966,0.0,319.7,0.4747,30.2,30.2,음식,all,음식 (업종대분류),전체 인구,대분류
133,대구광역시 북구 검단동,북구,2723068000,35.3,14.26,33.49,83.89,17.68,45.24,45.64,60,5414,5414,1.0,0.984,0.0,2652.9,4.9,574,3.02,27230,3.7681,1436.8,190,50.4,2658.8,0.0,0,6,208.6,1.7306,0.0,201.9,0.3158,88.8,88.8,음식,all,음식 (업종대분류),전체 인구,대분류
134,대구광역시 서구 비산6동,서구,2717060000,34.24,35.44,34.83,47.32,29.09,18.89,32.89,67,6319,6319,1.0,0.928,0.0,952.1,36.9,200,0.89,27170,0.2715,23274.4,225,828.7,935.7,0.0,0,7,166.1,1.6884,0.0,153.9,0.2978,92.9,92.9,음식,all,음식 (업종대분류),전체 인구,대분류
135,대구광역시 북구 산격1동,북구,2723061000,33.87,25.54,36.98,87.92,18.02,8.19,21.01,67,7370,7370,1.0,0.846,0.0,2242.8,11.0,69,0.28,27230,0.8679,8491.8,247,284.6,2197.3,0.0,0,5,71.8,1.7525,0.0,65.1,0.2713,108.4,108.4,음식,all,음식 (업종대분류),전체 인구,대분류
136,대구광역시 서구 평리1동,서구,2717062000,33.53,30.6,34.56,74.33,28.09,9.19,11.61,72,6126,6126,1.0,0.761,0.0,963.9,16.2,68,0.23,27170,0.3656,16756.0,295,806.9,1031.4,0.0,0,4,102.6,1.7586,0.0,97.8,0.2441,83.9,83.9,음식,all,음식 (업종대분류),전체 인구,대분류
137,대구광역시 서구 평리6동,서구,2717066100,33.28,19.5,33.22,92.62,21.04,27.92,9.4,42,5391,5391,1.0,0.752,0.0,1629.8,6.0,317,1.82,27170,0.7464,7222.7,174,233.1,1588.9,0.0,0,10,129.4,1.7879,0.0,114.6,0.2414,125.4,125.4,음식,all,음식 (업종대분류),전체 인구,대분류
138,대구광역시 남구 대명11동,남구,2720066000,32.47,30.84,36.18,19.63,42.55,51.75,14.77,152,7152,7152,1.0,0.772,0.0,685.5,39.1,711,1.16,27200,0.8477,8436.9,614,724.3,687.2,0.0537,0,19,454.2,1.5689,0.0461,499.9,0.2476,46.7,46.7,음식,all,음식 (업종대분류),전체 인구,대분류
139,대구광역시 북구 산격4동,북구,2723063100,32.13,26.17,35.64,49.0,18.69,43.09,26.85,107,6961,6961,1.0,0.906,0.0,2044.9,25.5,595,1.62,27230,0.7157,9726.1,368,514.2,2035.1,0.0,0,6,252.6,1.8845,0.0,265.2,0.2908,64.5,64.5,음식,all,음식 (업종대분류),전체 인구,대분류
140,대구광역시 동구 도평동,동구,2714061500,31.51,9.9,31.88,93.62,17.01,7.38,48.32,23,3371,3371,1.0,0.995,0.0,2818.7,5.9,41,0.57,27140,19.9271,169.2,72,3.6,2629.1,0.0,0,3,4.2,1.635,0.0,1.9,0.3194,140.5,140.5,음식,all,음식 (업종대분류),전체 인구,대분류
141,대구광역시 군위군 삼국유사면,군위군,2772037000,31.36,6.27,30.27,85.9,12.31,2.35,84.56,14,1330,1330,1.0,1.212,0.0,25527.9,0.4,0,0.0,27720,115.041,11.6,36,0.3,24412.0,0.0,0,0,0.0,1.542,0.0,0.0,0.3889,88.7,88.7,음식,all,음식 (업종대분류),전체 인구,대분류
142,대구광역시 군위군 소보면,군위군,2772031000,31.25,7.79,31.34,79.36,10.97,2.35,88.59,26,2221,2221,1.0,1.286,0.0,33891.5,5.0,0,0.0,27720,99.6768,22.3,63,0.6,34386.7,0.0,0,0,0.0,1.6534,0.0,0.0,0.4127,82.3,82.3,음식,all,음식 (업종대분류),전체 인구,대분류
143,대구광역시 달성군 하빈면,달성군,2771033000,30.9,10.0,31.61,62.42,16.34,39.6,58.05,59,3104,3104,1.0,1.039,0.0,3323.2,4.3,850,4.8,27710,37.7234,82.3,177,4.7,3593.4,0.0,0,16,16.9,1.703,0.0,10.7,0.3333,51.7,51.7,음식,all,음식 (업종대분류),전체 인구,대분류
144,대구광역시 군위군 효령면,군위군,2772032000,30.01,9.8,32.42,76.18,12.99,2.35,69.8,49,3639,3639,1.0,1.091,0.0,20403.7,1.5,0,0.0,27720,96.6177,37.7,140,1.4,19823.3,0.0,0,0,0.0,1.6874,0.0,0.0,0.35,72.8,72.8,음식,all,음식 (업종대분류),전체 인구,대분류
145,대구광역시 군위군 군위읍,군위군,2772025000,29.69,22.78,39.13,50.16,11.31,2.35,55.7,184,7901,7901,1.0,1.026,0.0,30921.4,17.3,0,0.0,27720,82.95,95.3,559,6.7,30678.1,0.0,0,0,0.0,1.7561,0.0,0.0,0.3292,42.7,42.7,음식,all,음식 (업종대분류),전체 인구,대분류
146,대구광역시 군위군 산성면,군위군,2772036000,29.65,6.84,30.0,64.43,12.65,2.35,97.99,22,1201,1201,1.0,1.524,0.0,21892.8,1.7,0,0.0,27720,36.9047,32.5,45,1.2,21435.4,0.0,0,0,0.0,1.3772,0.0,0.0,0.4889,52.2,52.2,음식,all,음식 (업종대분류),전체 인구,대분류
147,대구광역시 군위군 의흥면,군위군,2772035000,29.45,8.66,31.07,61.41,11.98,2.35,93.96,41,2217,2217,1.0,1.389,0.0,27488.5,6.1,0,0.0,27720,54.4298,40.7,92,1.7,27468.0,0.0,0,0,0.0,1.3958,0.0,0.0,0.4457,52.8,52.8,음식,all,음식 (업종대분류),전체 인구,대분류
148,대구광역시 군위군 우보면,군위군,2772034000,28.53,7.11,30.54,92.95,11.64,2.35,43.62,15,1937,1937,1.0,0.974,0.0,27880.1,3.9,0,0.0,27720,60.4878,32.0,48,0.8,27265.0,0.0,0,0,0.0,1.6422,0.0,0.0,0.3125,121.1,121.1,음식,all,음식 (업종대분류),전체 인구,대분류
149,대구광역시 군위군 부계면,군위군,2772033000,28.38,8.19,30.8,51.68,13.66,2.35,97.32,76,2106,2106,1.0,1.518,0.0,14004.9,2.6,0,0.0,27720,65.1498,32.3,156,2.4,14132.4,0.0,0,0,0.0,1.5238,0.0,0.0,0.4872,27.4,27.4,음식,all,음식 (업종대분류),전체 인구,대분류
150,대구광역시 북구 침산1동,북구,2723055000,26.91,14.23,32.15,65.44,20.03,11.74,22.15,54,3441,3441,1.0,0.859,0.0,1724.2,9.8,115,0.59,27230,1.4697,2341.3,196,133.4,1796.3,0.0,0,6,93.6,1.733,0.0,87.4,0.2755,62.6,62.6,음식,all,음식 (업종대분류),전체 인구,대분류
1,대구광역시 달서구 상인1동,달서구,2729062400,75.65,90.67,67.85,29.2,86.31,86.98,88.59,332,31919,31919,1.0,1.226,20963.7,319.2,81.1,2895,2.76,27290,1.4947,21354.8,1050,702.5,455.1,0.5638,1,54,886.7,1.7616,0.7349,1322.1,0.3162,95.9,95.9,소매,all,소매업 전체,전체 인구,대분류
2,대구광역시 수성구 범어1동,수성구,2726051000,71.88,83.59,63.02,75.68,95.77,81.41,3.36,152,22679,22679,1.0,0.597,19467.9,252.6,6.3,2378,2.41,27260,1.1852,19135.2,988,833.6,239.4,0.996,2,34,1056.3,1.9254,1.0,1018.7,0.1538,148.2,148.2,소매,all,소매업 전체,전체 인구,대분류
3,대구광역시 동구 안심4동,동구,2714074700,70.67,74.73,64.9,75.0,80.33,70.74,48.99,223,26289,26289,1.0,0.878,13918.2,378.7,5.2,2726,2.77,27140,2.572,10221.2,985,383.0,390.0,0.7503,2,66,438.1,1.8606,0.7399,472.3,0.2264,117.4,117.4,소매,all,소매업 전체,전체 인구,대분류
4,대구광역시 북구 칠성동,북구,2723052600,70.62,85.17,63.56,5.04,87.32,86.34,98.66,637,23657,23657,1.0,1.832,23713.1,320.5,95.8,4486,3.33,27230,1.3907,17010.9,1349,970.0,435.4,0.6308,2,51,877.9,1.5237,0.7724,733.4,0.4722,37.1,37.1,소매,all,소매업 전체,전체 인구,대분류
5,대구광역시 달서구 용산1동,달서구,2729057100,69.78,83.83,65.17,37.92,70.2,83.29,70.47,264,27808,27808,1.0,1.023,12948.6,472.8,18.1,2800,2.8,27290,1.4578,19075.3,1001,686.7,500.2,0.5395,1,27,594.5,1.8138,0.6023,832.5,0.2637,104.9,104.9,소매,all,소매업 전체,전체 인구,대분류
6,대구광역시 동구 안심1동,동구,2714072000,69.4,84.53,68.93,24.49,83.36,71.0,69.8,467,37158,37158,1.0,1.02,15850.8,336.8,31.7,2910,1.64,27140,3.4892,10649.4,1776,509.0,428.2,0.5923,2,56,451.6,1.7618,0.7152,575.6,0.263,79.4,79.4,소매,all,소매업 전체,전체 인구,대분류
7,대구광역시 달서구 진천동,달서구,2729061500,68.66,85.24,69.73,46.98,75.5,72.14,35.57,446,49267,49267,1.0,0.839,33114.2,477.5,11.1,3768,1.83,27290,5.3271,9248.4,2063,387.3,538.6,0.6757,3,95,557.9,1.7891,0.7422,533.8,0.2162,110.2,110.2,소매,all,소매업 전체,전체 인구,대분류
8,대구광역시 달성군 화원읍,달성군,2771025000,68.3,76.04,69.46,58.39,74.1,42.75,74.5,421,45354,45354,1.0,1.08,17158.0,453.4,7.4,2363,1.56,27710,25.9877,1745.2,1512,58.2,477.2,0.6104,2,64,174.0,1.7733,0.6247,184.3,0.2784,107.5,107.5,소매,all,소매업 전체,전체 인구,대분류
9,대구광역시 달성군 다사읍,달성군,2771025600,67.68,78.79,70.0,74.0,50.07,70.34,43.96,514,88904,88904,1.0,0.86,24793.4,1202.3,7.3,4705,2.03,27710,36.8156,2414.8,2317,62.9,1242.5,0.3423,3,133,475.8,1.7768,0.358,484.4,0.2218,172.6,172.6,소매,all,소매업 전체,전체 인구,대분류
10,대구광역시 달서구 감삼동,달서구,2729055500,67.2,92.55,67.32,40.26,73.36,55.77,33.56,312,31125,31125,1.0,0.826,12921.8,445.7,11.8,1705,1.16,27290,1.1434,27221.4,1465,1281.3,450.0,0.641,1,37,514.2,1.8307,0.625,482.4,0.213,99.4,99.4,소매,all,소매업 전체,전체 인구,대분류
11,대구광역시 달서구 이곡1동,달서구,2729057600,67.19,70.04,60.07,53.18,84.56,89.4,45.64,187,19663,19663,1.0,0.867,15640.1,366.1,8.1,2777,3.32,27290,1.8033,10903.9,837,464.1,366.7,0.8339,2,56,1398.8,1.8622,0.8235,1329.1,0.2234,104.6,104.6,소매,all,소매업 전체,전체 인구,대분류
12,대구광역시 북구 구암동,북구,2723074500,66.06,74.9,66.51,62.25,79.19,60.23,30.54,217,30230,30230,1.0,0.813,15065.5,382.9,8.3,2117,2.05,27230,4.1947,7206.7,1035,246.7,349.2,0.7449,3,41,403.8,1.7552,0.6866,372.3,0.2097,138.7,138.7,소매,all,소매업 전체,전체 인구,대분류
13,대구광역시 북구 동천동,북구,2723078000,65.55,86.88,64.36,29.36,69.8,90.6,26.85,296,24635,24635,1.0,0.803,8538.0,461.9,17.3,4100,2.87,27230,1.0632,23170.6,1429,1344.1,430.1,0.6767,1,118,1498.7,1.7811,0.6081,1465.5,0.2071,82.9,82.9,소매,all,소매업 전체,전체 인구,대분류
14,대구광역시 수성구 고산3동,수성구,2726069000,64.14,67.78,66.24,69.46,78.26,55.37,28.66,175,29136,29136,1.0,0.807,8180.9,390.2,8.0,994,1.18,27260,5.2954,5502.1,841,158.8,377.6,0.8193,1,35,511.9,1.8415,0.8,500.6,0.2081,165.5,165.5,소매,all,소매업 전체,전체 인구,대분류
15,대구광역시 북구 관문동,북구,2723071500,64.07,64.33,68.12,85.57,39.26,53.09,71.14,215,31975,31975,1.0,1.031,7033.3,1637.7,3.2,2576,3.18,27230,14.8231,2157.1,809,54.6,1662.6,0.3498,3,64,205.6,1.7905,0.3209,185.7,0.2658,148.0,148.0,소매,all,소매업 전체,전체 인구,대분류
16,"대구광역시 달서구 두류1,2동",달서구,2729053500,64.02,68.36,54.7,49.0,87.62,83.16,37.58,207,15672,15672,1.0,0.841,15669.8,321.7,6.3,3657,3.83,27290,1.2776,12266.8,955,747.5,325.6,0.8597,2,36,680.4,1.903,0.8502,599.3,0.2168,75.3,75.3,소매,all,소매업 전체,전체 인구,대분류
17,대구광역시 달서구 유천동,달서구,2729061700,63.6,73.86,68.66,75.84,48.66,72.89,17.45,138,32864,32864,1.0,0.735,0.0,584.4,7.4,1643,2.26,27290,1.3119,25050.7,728,554.9,622.7,0.2788,0,41,613.2,1.8499,0.3333,677.8,0.1896,236.4,236.4,소매,all,소매업 전체,전체 인구,대분류
18,대구광역시 수성구 고산2동,수성구,2726068000,63.58,67.85,64.63,44.12,68.46,61.68,72.48,345,25533,25533,1.0,1.054,11450.8,488.2,6.9,6126,4.82,27260,24.337,1049.1,1270,52.2,499.8,0.5976,3,88,249.9,1.894,0.5942,201.8,0.2717,73.8,73.8,소매,all,소매업 전체,전체 인구,대분류
19,대구광역시 달서구 월성1동,달서구,2729060100,63.45,80.54,69.2,57.38,40.14,88.06,20.13,279,39423,39423,1.0,0.752,0.0,846.6,10.0,4066,2.83,27290,1.9323,20402.1,1438,744.2,899.2,0.096,0,70,1080.4,1.8341,0.1685,1055.4,0.194,140.8,140.8,소매,all,소매업 전체,전체 인구,대분류
20,대구광역시 동구 신암4동,동구,2714054000,63.35,68.86,58.72,66.61,77.75,82.22,10.74,93,18383,18383,1.0,0.692,43556.8,426.4,9.3,2706,5.19,27140,1.1656,15771.3,521,447.0,378.4,0.7179,2,29,569.0,1.8721,0.6452,592.9,0.1785,195.6,195.6,소매,all,소매업 전체,전체 인구,대분류
21,대구광역시 수성구 고산1동,수성구,2726067000,62.93,72.28,67.05,49.5,62.68,75.17,34.9,243,31066,31066,1.0,0.833,11318.1,559.2,13.3,2849,2.52,27260,8.624,3602.3,1132,131.3,600.7,0.4735,1,43,613.8,1.7871,0.535,576.2,0.2147,127.3,127.3,소매,all,소매업 전체,전체 인구,대분류
22,대구광역시 수성구 수성1가동,수성구,2726057000,62.51,73.99,56.58,46.64,89.73,32.35,53.02,164,16970,16970,1.0,0.898,11615.6,287.8,9.7,364,0.51,27260,0.6383,26586.2,708,1109.2,306.7,0.8814,1,13,357.1,1.9594,0.9329,346.8,0.2316,102.8,102.8,소매,all,소매업 전체,전체 인구,대분류
23,대구광역시 북구 태전2동,북구,2723073500,62.48,67.82,62.48,33.56,71.01,65.71,73.83,265,21610,21610,1.0,1.07,3795.2,438.3,11.2,2036,2.12,27230,2.0691,10444.2,961,464.5,413.0,0.7815,1,51,470.0,1.797,0.7094,481.8,0.2758,81.2,81.2,소매,all,소매업 전체,전체 인구,대분류
24,대구광역시 수성구 만촌3동,수성구,2726056100,62.01,70.03,61.41,71.14,71.61,29.1,43.96,163,20523,20523,1.0,0.86,14504.4,432.5,6.2,797,1.08,27260,1.6947,12110.1,735,433.7,416.1,0.5578,2,13,188.8,1.9243,0.4969,186.8,0.2218,125.1,125.1,소매,all,소매업 전체,전체 인구,대분류
25,대구광역시 북구 국우동,북구,2723080000,61.3,61.41,65.97,81.88,50.27,56.3,42.28,207,29112,29112,1.0,0.852,3118.2,814.1,4.5,2431,2.58,27230,16.9087,1721.7,942,55.7,759.4,0.4586,2,41,272.2,1.7701,0.4058,244.2,0.2197,140.0,140.0,소매,all,소매업 전체,전체 인구,대분류
26,대구광역시 달서구 신당동,달서구,2729058500,59.92,75.64,65.44,9.06,53.96,78.45,68.46,638,27882,27882,1.0,1.004,24240.6,959.4,39.7,7236,2.94,27290,9.211,3027.0,2465,267.6,821.4,0.4365,2,113,477.8,1.7073,0.4216,498.6,0.2588,43.6,43.6,소매,all,소매업 전체,전체 인구,대분류
27,대구광역시 수성구 범어2동,수성구,2726052000,59.86,69.03,53.62,65.1,68.72,82.92,0.67,148,15345,15345,1.0,0.525,10699.6,471.5,5.7,2861,2.62,27260,1.0094,15202.1,1094,1083.8,482.8,0.5384,1,42,1064.7,1.8705,0.5608,866.2,0.1353,103.0,103.0,소매,all,소매업 전체,전체 인구,대분류
28,대구광역시 수성구 지산2동,수성구,2726065200,59.31,62.55,58.46,51.68,74.77,43.12,55.7,187,18149,18149,1.0,0.922,4126.8,406.2,7.7,928,1.18,27260,1.6406,11062.4,787,479.7,398.0,0.8119,1,26,289.4,1.9254,0.7914,308.8,0.2376,96.5,96.5,소매,all,소매업 전체,전체 인구,대분류
29,대구광역시 달서구 죽전동,달서구,2729056300,59.14,69.8,51.21,18.12,84.26,63.56,62.42,237,14344,14344,1.0,0.967,13243.8,342.4,16.5,1402,1.47,27290,0.7849,18274.9,951,1211.6,343.2,0.8107,1,42,580.0,1.8808,0.8101,566.2,0.2492,60.3,60.3,소매,all,소매업 전체,전체 인구,대분류
30,대구광역시 동구 안심2동,동구,2714073000,58.97,44.03,56.84,86.41,50.34,48.86,89.93,125,17002,17002,1.0,1.231,3810.8,744.2,2.0,1493,3.79,27140,13.3309,1275.4,394,29.6,844.7,0.3046,1,43,159.2,1.8547,0.312,165.4,0.3173,134.9,134.9,소매,all,소매업 전체,전체 인구,대분류
31,대구광역시 수성구 지산1동,수성구,2726065100,58.96,65.57,59.26,29.7,81.92,60.2,46.78,292,18617,18617,1.0,0.87,5358.9,342.4,8.9,1776,1.37,27260,2.8948,6431.2,1301,449.4,326.2,0.9101,1,63,541.8,1.8658,0.9144,493.3,0.2244,63.5,63.5,소매,all,소매업 전체,전체 인구,대분류
32,대구광역시 수성구 범어3동,수성구,2726053000,58.8,71.34,57.12,69.63,50.14,80.06,0.0,119,17016,17016,1.0,0.4,0.0,553.0,7.3,2389,2.07,27260,0.5836,29157.0,1155,1979.1,503.0,0.4978,0,39,1299.8,1.8564,0.3613,1043.2,0.103,141.8,141.8,소매,all,소매업 전체,전체 인구,대분류
33,대구광역시 남구 대명2동,남구,2720057100,58.51,65.84,53.36,35.57,91.41,39.76,50.67,184,15229,15229,1.0,0.893,7568.7,256.0,10.3,780,0.98,27200,0.8755,17394.6,799,912.6,253.3,0.9862,1,20,331.0,1.8046,1.0,331.0,0.2303,82.3,82.3,소매,all,소매업 전체,전체 인구,대분류
34,대구광역시 달서구 송현2동,달서구,2729064000,58.11,74.03,57.65,22.15,68.45,44.06,63.76,254,17618,17618,1.0,0.974,7829.2,468.5,17.1,831,0.82,27290,0.9693,18176.0,1011,1043.0,449.2,0.6281,1,33,378.6,1.7597,0.5748,401.2,0.2512,69.1,69.1,소매,all,소매업 전체,전체 인구,대분류
35,대구광역시 북구 태전1동,북구,2723072500,57.12,64.33,62.22,53.52,53.02,55.36,38.59,177,21074,21074,1.0,0.843,3814.3,624.3,9.8,1588,1.95,27230,2.5135,8384.3,814,323.9,633.0,0.2862,1,23,327.5,1.7551,0.3164,344.4,0.2174,118.4,118.4,소매,all,소매업 전체,전체 인구,대분류
36,대구광역시 동구 신천1·2동,동구,2714055500,56.93,55.64,44.23,71.81,84.26,19.43,60.4,94,10994,10994,1.0,0.95,9575.6,321.7,5.5,301,0.78,27140,0.4677,23506.5,384,821.0,304.5,0.8438,1,10,149.9,1.8643,0.8085,164.7,0.2448,115.7,115.7,소매,all,소매업 전체,전체 인구,대분류
37,대구광역시 동구 지저동,동구,2714064000,56.02,41.98,46.38,67.78,61.88,69.13,77.85,108,12323,12323,1.0,1.102,9062.4,532.3,6.1,2021,5.32,27140,2.2358,5511.7,380,170.0,469.2,0.5684,1,12,412.7,1.6623,0.4907,356.4,0.2842,113.1,113.1,소매,all,소매업 전체,전체 인구,대분류
38,대구광역시 동구 안심3동,동구,2714074200,55.96,57.28,60.6,73.48,67.72,38.32,16.44,134,19897,19897,1.0,0.728,6999.1,461.6,6.4,913,1.28,27140,5.8689,3390.2,714,121.7,457.1,0.556,1,29,232.8,1.9059,0.5448,223.7,0.1877,147.4,147.4,소매,all,소매업 전체,전체 인구,대분류
39,대구광역시 북구 복현2동,북구,2723067200,55.88,63.59,65.7,87.08,19.7,54.97,21.48,127,28733,28733,1.0,0.759,0.0,1688.4,5.3,1348,2.08,27230,1.8078,15893.9,649,359.0,1620.2,0.0,0,39,355.2,1.8941,0.0,342.5,0.1957,224.5,224.5,소매,all,소매업 전체,전체 인구,대분류
40,대구광역시 달서구 용산2동,달서구,2729057200,55.63,59.93,64.09,83.38,41.01,28.86,32.89,110,24584,24584,1.0,0.824,0.0,768.1,5.8,678,1.31,27290,1.5398,15965.7,518,336.4,752.7,0.1409,0,19,147.4,1.7934,0.1182,149.3,0.2124,221.5,221.5,소매,all,소매업 전체,전체 인구,대분류
41,대구광역시 중구 대신동,중구,2711059500,55.53,58.89,36.44,0.0,95.64,62.28,100.0,2285,7249,7249,1.0,3.297,13433.4,148.3,1653.8,1301,0.48,27110,0.4899,14796.9,2688,5486.8,169.9,0.9699,1,11,1548.5,0.6257,0.9882,1646.4,0.8501,3.2,3.2,소매,all,소매업 전체,전체 인구,대분류
42,대구광역시 중구 대봉1동,중구,2711068000,55.5,57.38,38.05,5.04,97.65,72.18,80.54,325,7666,7666,1.0,1.129,19088.4,157.9,62.7,1613,1.44,27110,0.5627,13623.6,1117,1985.1,194.3,1.0,2,23,833.7,1.8237,1.0,961.7,0.291,23.5,23.5,소매,all,소매업 전체,전체 인구,대분류
43,대구광역시 달서구 본리동,달서구,2729059000,55.25,67.85,63.29,49.33,25.74,57.65,52.15,167,22993,22993,1.0,0.896,0.0,1246.3,14.8,1195,1.65,27290,1.0774,21341.2,723,671.1,1208.5,0.0,0,48,381.0,1.8016,0.0,419.1,0.231,136.9,136.9,소매,all,소매업 전체,전체 인구,대분류
44,대구광역시 달서구 송현1동,달서구,2729063000,55.23,57.58,55.24,43.12,78.79,28.29,57.92,203,15927,15927,1.0,0.941,6693.2,366.5,7.7,743,0.89,27290,2.4579,6479.9,837,340.5,366.2,0.7921,1,22,209.0,1.8609,0.7685,198.6,0.2425,78.1,78.1,소매,all,소매업 전체,전체 인구,대분류
45,대구광역시 중구 성내3동,중구,2711058500,54.89,55.77,48.79,37.25,85.37,22.85,77.18,126,13643,13643,1.0,1.101,5778.9,314.3,28.0,259,0.58,27110,0.7455,18300.5,444,595.6,332.9,0.9302,1,12,257.9,1.9273,0.9206,216.0,0.2838,107.4,107.4,소매,all,소매업 전체,전체 인구,대분류
46,대구광역시 동구 신천3동,동구,2714057000,54.72,58.62,52.55,66.61,56.51,80.17,1.34,107,14835,14835,1.0,0.539,0.0,492.9,7.5,1998,2.59,27140,0.7179,20664.4,770,1072.6,542.0,0.4195,0,48,1228.0,1.9695,0.5421,933.5,0.139,137.4,137.4,소매,all,소매업 전체,전체 인구,대분류
47,대구광역시 달성군 유가읍,달성군,2771025900,54.62,57.89,67.58,76.01,14.33,89.87,11.94,201,31236,31236,1.0,0.698,0.0,12181.3,6.3,4302,3.85,27710,56.1887,555.9,1117,19.9,12162.5,0.0,0,60,1047.5,1.7554,0.0,847.5,0.1799,154.6,154.6,소매,all,소매업 전체,전체 인구,대분류
48,대구광역시 중구 성내1동,중구,2711056500,54.37,52.62,33.76,1.01,92.62,82.59,95.3,1224,5527,5527,1.0,1.394,30098.1,294.7,145.4,4750,1.39,27110,0.759,7281.9,3406,4487.5,324.3,0.8908,1,64,2242.4,1.7374,0.9387,2028.1,0.3594,4.5,4.5,소매,all,소매업 전체,전체 인구,대분류
49,대구광역시 동구 동촌동,동구,2714065500,54.29,43.19,49.33,79.87,61.21,66.51,36.58,120,13815,13815,1.0,0.84,4475.3,494.2,2.3,1690,3.05,27140,4.4612,3096.7,554,124.2,510.3,0.4116,1,31,352.6,1.7752,0.45,392.4,0.2166,114.2,114.2,소매,all,소매업 전체,전체 인구,대분류
50,대구광역시 중구 남산4동,중구,2711067000,54.08,57.58,54.97,59.06,71.08,39.47,23.49,81,15842,15842,1.0,0.78,0.0,368.2,12.6,481,1.19,27110,0.449,35282.9,403,897.6,351.8,0.8164,0,16,308.4,1.9455,0.8025,307.5,0.201,193.2,193.2,소매,all,소매업 전체,전체 인구,대분류
51,대구광역시 수성구 만촌1동,수성구,2726055000,54.06,56.54,61.14,59.4,25.4,70.8,50.67,196,20174,20174,1.0,0.893,0.0,1252.1,6.4,2268,2.67,27260,2.6991,7474.3,851,315.3,1236.9,0.0,0,39,434.8,1.9356,0.0,498.3,0.2303,102.4,102.4,소매,all,소매업 전체,전체 인구,대분류
52,대구광역시 수성구 범물2동,수성구,2726066200,54.05,41.91,54.16,58.9,71.95,55.1,55.03,98,15526,15526,1.0,0.918,0.0,371.2,10.9,590,1.43,27260,2.122,7316.7,414,195.1,382.0,0.8309,0,14,463.5,1.9377,0.8571,500.6,0.2367,156.8,156.8,소매,all,소매업 전체,전체 인구,대분류
53,대구광역시 북구 무태조야동,북구,2723069500,54.03,60.47,68.39,76.84,16.34,42.78,39.6,264,32499,32499,1.0,0.846,0.0,3772.2,5.1,1749,1.44,27230,22.8763,1420.6,1211,52.9,3904.0,0.0,0,48,240.2,1.8693,0.0,205.4,0.218,122.6,122.6,소매,all,소매업 전체,전체 인구,대분류
54,대구광역시 달서구 성당동,달서구,2729051500,54.01,60.67,60.87,47.82,36.18,53.29,57.05,254,19920,19920,1.0,0.939,0.0,909.8,6.5,2331,2.22,27290,1.9869,10025.7,1049,528.0,917.0,0.0143,0,41,251.2,1.8319,0.0236,238.6,0.2421,78.1,78.1,소매,all,소매업 전체,전체 인구,대분류
55,대구광역시 북구 고성동,북구,2723051000,54.01,55.74,51.74,84.06,56.31,56.18,2.68,76,14603,14603,1.0,0.587,0.0,477.4,5.4,694,1.38,27230,0.52,28082.7,502,965.4,502.8,0.4641,0,9,698.5,1.5975,0.5132,520.5,0.1514,189.6,189.6,소매,all,소매업 전체,전체 인구,대분류
56,대구광역시 중구 성내2동,중구,2711057500,53.99,47.95,41.54,1.01,81.61,91.71,97.32,1082,9263,9263,1.0,1.597,0.0,251.7,252.8,6799,2.59,27110,0.9226,10040.1,2628,2848.5,283.2,0.933,0,67,2751.4,1.6254,0.9418,3080.6,0.4117,8.6,8.6,소매,all,소매업 전체,전체 인구,대분류
57,대구광역시 달서구 도원동,달서구,2729062800,53.95,52.85,66.78,63.42,25.07,66.37,48.32,149,30857,30857,1.0,0.877,0.0,1262.4,10.2,1977,3.0,27290,11.188,2758.0,659,58.9,1382.2,0.0,0,41,337.0,1.7287,0.0,374.8,0.2261,205.7,205.7,소매,all,소매업 전체,전체 인구,대분류
58,대구광역시 동구 신천4동,동구,2714058000,53.91,58.32,47.45,2.34,53.69,97.25,87.92,552,12937,12937,1.0,1.217,0.0,522.6,124.1,6933,3.94,27140,0.7957,16258.6,1759,2210.6,655.2,0.3627,0,85,2660.8,1.7119,0.5308,2934.0,0.3138,23.4,23.4,소매,all,소매업 전체,전체 인구,대분류
59,대구광역시 북구 침산2동,북구,2723056000,53.69,60.87,58.19,67.28,24.73,81.74,18.12,113,17835,17835,1.0,0.739,0.0,1289.4,8.1,2202,3.71,27230,0.8533,20901.2,593,694.9,1297.3,0.0,0,23,684.5,1.8863,0.0,701.1,0.1906,156.4,156.4,소매,all,소매업 전체,전체 인구,대분류
60,대구광역시 서구 원대동,서구,2717069500,53.61,48.56,42.62,38.76,88.86,29.83,83.89,129,9963,9963,1.0,1.18,7453.5,274.4,8.3,475,1.12,27170,0.6219,16020.3,424,681.8,291.4,0.9009,1,18,230.3,1.6358,0.969,206.0,0.3042,76.6,76.6,소매,all,소매업 전체,전체 인구,대분류
61,대구광역시 수성구 범어4동,수성구,2726054000,53.6,64.96,58.99,48.32,66.11,49.46,2.01,172,18446,18446,1.0,0.579,0.0,396.7,9.7,974,0.85,27260,1.1922,15472.2,1151,965.4,382.2,0.7541,0,29,516.8,1.7887,0.7093,483.9,0.1494,106.6,106.6,소매,all,소매업 전체,전체 인구,대분류
62,대구광역시 북구 읍내동,북구,2723077000,53.54,57.78,63.82,29.86,28.09,71.61,75.84,279,24576,24576,1.0,1.092,0.0,975.9,21.9,1572,1.59,27230,5.6904,4318.9,991,174.2,977.2,0.0,0,37,601.6,1.7105,0.0,820.8,0.2815,87.8,87.8,소매,all,소매업 전체,전체 인구,대분류
63,대구광역시 서구 내당1동,서구,2717051000,52.67,54.63,52.01,67.28,46.78,73.62,14.09,85,14683,14683,1.0,0.715,0.0,615.6,8.3,1153,2.5,27170,0.5707,25728.1,461,807.8,613.4,0.3362,0,27,826.7,1.842,0.3294,778.2,0.1844,170.7,170.7,소매,all,소매업 전체,전체 인구,대분류
64,대구광역시 북구 침산3동,북구,2723057000,52.27,55.91,57.92,73.99,22.38,72.45,22.15,107,17704,17704,1.0,0.767,0.0,1441.1,6.9,1418,2.62,27230,1.0462,16922.2,541,517.1,1374.8,0.0,0,27,644.1,1.8583,0.0,618.6,0.1978,163.9,163.9,소매,all,소매업 전체,전체 인구,대분류
65,대구광역시 수성구 수성2·3가동,수성구,2726058000,51.98,51.64,42.88,22.15,91.55,68.12,40.47,158,10185,10185,1.0,0.849,5644.8,245.4,13.1,1441,2.0,27260,0.6602,15427.1,722,1093.6,276.9,0.9848,1,24,550.7,1.8895,1.0,603.5,0.2188,64.1,64.1,소매,all,소매업 전체,전체 인구,대분류
66,대구광역시 수성구 범물1동,수성구,2726066100,51.73,34.66,42.35,17.12,89.19,73.22,95.97,140,9654,9654,1.0,1.468,11108.8,302.5,58.3,781,2.11,27260,5.8003,1664.4,370,63.8,338.1,0.9676,2,13,815.3,1.6642,0.9786,1120.4,0.3784,68.5,68.5,소매,all,소매업 전체,전체 인구,대분류
67,대구광역시 남구 대명3동,남구,2720058600,51.41,56.34,46.11,30.88,72.18,46.41,51.88,218,12166,12166,1.0,0.896,5897.8,426.4,8.2,1055,1.12,27200,0.9315,13060.7,944,1013.4,415.9,0.7119,1,20,338.9,1.8061,0.6651,362.8,0.2309,55.6,55.6,소매,all,소매업 전체,전체 인구,대분류
68,대구광역시 달성군 옥포읍,달성군,2771026200,51.01,47.35,62.75,82.88,15.67,29.67,65.1,186,22138,22138,1.0,0.987,0.0,3933.2,2.0,937,1.28,27710,47.4421,466.6,731,15.4,4106.1,0.0,0,39,152.0,1.7783,0.0,118.7,0.2544,118.4,118.4,소매,all,소매업 전체,전체 인구,대분류
69,대구광역시 남구 대명1동,남구,2720056000,50.93,49.7,41.01,79.69,84.63,16.98,14.77,63,9242,9242,1.0,0.719,7928.3,324.7,5.4,142,0.42,27200,0.4605,20069.5,340,738.3,313.8,0.8971,1,10,202.5,1.8727,0.8889,190.7,0.1853,144.4,144.4,소매,all,소매업 전체,전체 인구,대분류
70,대구광역시 수성구 황금1동,수성구,2726060100,50.9,49.06,61.68,91.61,39.87,21.78,19.46,77,20820,20820,1.0,0.749,0.0,800.0,3.9,480,1.2,27260,2.5751,8085.1,399,154.9,851.9,0.0702,0,13,72.8,1.9203,0.0779,75.7,0.193,266.9,266.9,소매,all,소매업 전체,전체 인구,대분류
71,대구광역시 남구 대명5동,남구,2720060000,50.79,46.84,40.2,30.88,89.26,82.62,24.16,123,8896,8896,1.0,0.786,11071.1,260.9,9.9,2694,4.44,27200,0.74,12021.6,607,820.3,256.8,0.8666,1,20,557.7,1.8206,0.8699,623.9,0.2026,71.7,71.7,소매,all,소매업 전체,전체 인구,대분류
72,대구광역시 동구 불로·봉무동,동구,2714062000,50.69,54.77,59.8,9.06,17.01,91.31,92.62,417,19381,19381,1.0,1.288,0.0,2955.4,40.7,4178,3.33,27140,7.6608,2529.9,1256,164.0,2945.5,0.0008,0,57,1075.7,1.7038,0.0,1159.4,0.332,46.4,46.4,소매,all,소매업 전체,전체 인구,대분류
73,대구광역시 달서구 이곡2동,달서구,2729057700,50.6,45.34,50.14,59.73,50.2,94.76,10.07,150,14054,14054,1.0,0.669,0.0,643.4,5.8,4290,4.94,27290,2.2612,6215.3,869,384.3,594.7,0.6479,0,81,1744.6,1.7889,0.5533,1371.7,0.1726,93.1,93.1,소매,all,소매업 전체,전체 인구,대분류
74,대구광역시 달서구 상인2동,달서구,2729062500,50.24,65.0,56.04,22.48,55.64,50.57,27.52,246,16737,16737,1.0,0.805,0.0,494.5,14.7,927,0.78,27290,0.9567,17494.5,1185,1238.6,510.6,0.5401,0,33,566.3,1.6938,0.5407,515.0,0.2076,67.8,67.8,소매,all,소매업 전체,전체 인구,대분류
75,대구광역시 수성구 두산동,수성구,2726064000,50.12,62.89,52.82,18.79,60.4,80.74,7.38,261,14840,14840,1.0,0.65,4499.5,520.3,13.4,3584,2.3,27260,1.8605,7976.4,1558,837.4,524.0,0.4589,1,72,732.3,1.7103,0.4866,815.7,0.1675,56.6,56.6,소매,all,소매업 전체,전체 인구,대분류
76,대구광역시 서구 내당4동,서구,2717054000,50.09,54.77,50.4,16.44,46.91,64.29,76.51,230,14119,14119,1.0,1.099,0.0,591.6,25.8,1151,1.42,27170,0.8127,17373.0,812,999.1,644.9,0.2352,0,30,493.5,1.7588,0.2217,662.1,0.2833,61.1,61.1,소매,all,소매업 전체,전체 인구,대분류
77,대구광역시 중구 남산2동,중구,2711065000,49.82,55.0,37.25,24.16,97.52,72.15,4.03,92,7394,7394,1.0,0.602,82629.0,249.3,37.7,863,1.46,27110,0.3916,18881.5,593,1514.3,289.0,1.0,4,11,1474.2,1.9141,1.0,1510.5,0.1551,79.5,79.5,소매,all,소매업 전체,전체 인구,대분류
78,대구광역시 동구 혁신동,동구,2714075500,49.73,46.51,55.5,68.96,26.74,94.5,8.72,174,16501,16501,1.0,0.658,0.0,1080.9,2.9,8600,8.38,27140,17.0739,966.4,1026,60.1,1007.5,0.0,0,102,1121.3,1.8826,0.0,969.0,0.1696,94.3,94.3,소매,all,소매업 전체,전체 인구,대분류
79,대구광역시 달성군 현풍읍,달성군,2771026500,49.54,54.8,61.95,44.46,13.99,65.77,53.69,323,20887,20887,1.0,0.913,0.0,12410.6,6.3,3238,2.36,27710,24.3321,858.4,1373,56.4,12264.0,0.0,0,76,500.4,1.6722,0.0,376.0,0.2353,64.5,64.5,소매,all,소매업 전체,전체 인구,대분류
80,대구광역시 남구 이천동,남구,2720051500,49.53,45.7,50.94,48.32,56.78,30.87,67.79,127,14245,14245,1.0,1.001,0.0,531.8,10.7,350,0.71,27200,1.0429,13659.0,492,471.8,549.3,0.628,0,12,288.2,1.8983,0.6693,274.2,0.2581,111.3,111.3,소매,all,소매업 전체,전체 인구,대분류
81,대구광역시 서구 상중이동,서구,2717067500,49.45,51.27,56.31,34.56,28.92,53.69,79.19,345,16863,16863,1.0,1.119,0.0,1386.7,7.1,3259,2.72,27170,6.7768,2488.3,1196,176.5,1380.9,0.0125,0,73,191.9,1.8364,0.0203,196.5,0.2885,48.7,48.7,소매,all,소매업 전체,전체 인구,대분류
82,대구광역시 수성구 수성4가동,수성구,2726059000,48.82,52.15,46.64,56.38,68.39,39.4,11.94,122,12798,12798,1.0,0.698,0.0,387.1,7.4,423,0.62,27260,0.6138,20850.4,678,1104.6,395.7,0.7478,0,14,458.2,1.9008,0.7541,449.1,0.1799,104.0,104.0,소매,all,소매업 전체,전체 인구,대분류
83,대구광역시 동구 방촌동,동구,2714067000,48.78,51.51,55.77,54.7,29.43,34.46,61.07,146,16714,16714,1.0,0.957,0.0,950.0,8.5,638,1.08,27140,1.2248,13646.3,592,483.3,972.5,0.0,0,22,212.6,1.7373,0.0,243.0,0.2466,113.7,113.7,소매,all,소매업 전체,전체 인구,대분류
84,대구광역시 남구 대명4동,남구,2720059000,48.33,46.07,40.74,18.79,57.25,67.04,82.55,190,9003,9003,1.0,1.161,7282.1,548.5,11.6,1742,2.74,27200,0.76,11846.1,635,835.5,536.5,0.3512,1,20,496.8,1.7378,0.3,463.7,0.2992,47.1,47.1,소매,all,소매업 전체,전체 인구,대분류
85,대구광역시 북구 대현동,북구,2723064500,48.32,58.89,54.43,43.96,39.86,37.68,34.23,171,15618,15618,1.0,0.828,0.0,830.1,8.5,786,0.98,27230,0.855,18266.7,801,936.8,879.3,0.1423,0,23,239.0,1.7877,0.1228,282.6,0.2135,90.8,90.8,소매,all,소매업 전체,전체 인구,대분류
86,대구광역시 동구 효목2동,동구,2714060000,48.02,53.26,50.67,36.92,35.1,52.85,58.19,157,14147,14147,1.0,0.941,0.0,960.3,11.4,897,1.39,27140,0.761,18590.0,647,850.2,915.3,0.085,0,26,459.9,1.8141,0.051,435.6,0.2427,89.5,89.5,소매,all,소매업 전체,전체 인구,대분류
87,대구광역시 동구 해안동,동구,2714068500,47.81,40.2,47.18,65.94,50.27,24.36,64.43,120,12925,12925,1.0,0.98,11140.2,761.3,5.8,480,1.01,27140,13.264,974.4,475,35.8,755.4,0.0589,2,23,160.5,1.8161,0.0333,173.2,0.2526,106.8,106.8,소매,all,소매업 전체,전체 인구,대분류
88,대구광역시 동구 신암2동,동구,2714052000,47.62,47.31,45.03,64.6,48.26,42.72,32.21,72,11446,11446,1.0,0.822,0.0,606.2,8.5,357,1.05,27140,0.3625,31575.2,340,937.9,610.1,0.3059,0,13,392.6,1.7582,0.3611,426.8,0.2118,156.8,156.8,소매,all,소매업 전체,전체 인구,대분류
89,대구광역시 남구 대명10동,남구,2720065000,47.49,50.97,38.86,36.24,82.61,49.53,16.44,122,7805,7805,1.0,0.728,15387.0,384.0,7.5,444,0.68,27200,0.5166,15108.4,650,1258.2,375.5,0.8677,1,12,574.8,1.8044,0.8279,663.8,0.1877,63.5,63.5,소매,all,소매업 전체,전체 인구,대분류
90,대구광역시 수성구 중동,수성구,2726061000,47.32,53.09,51.48,56.04,32.41,52.08,26.17,167,14422,14422,1.0,0.802,0.0,1073.2,6.0,1100,1.36,27260,0.948,15213.1,808,852.3,1056.8,0.0334,0,38,386.9,1.9604,0.018,396.8,0.2067,85.8,85.8,소매,all,소매업 전체,전체 인구,대분류
91,대구광역시 수성구 황금2동,수성구,2726060200,47.04,53.02,45.57,50.16,54.36,55.37,8.05,173,11770,11770,1.0,0.652,2213.9,600.0,5.4,1605,1.56,27260,1.1892,9897.4,1030,866.1,557.5,0.4214,1,58,395.5,1.9253,0.3526,366.8,0.168,67.6,67.6,소매,all,소매업 전체,전체 인구,대분류
92,대구광역시 달서구 월성2동,달서구,2729060200,46.99,31.98,48.52,80.37,20.37,66.78,59.06,111,13435,13435,1.0,0.946,0.0,1671.8,2.9,2943,6.47,27290,7.6185,1763.5,455,59.7,1831.7,0.0,0,41,250.2,1.7894,0.0,266.7,0.244,120.0,120.0,소매,all,소매업 전체,전체 인구,대분류
93,대구광역시 달서구 장기동,달서구,2729056800,46.81,48.05,53.89,72.32,38.93,43.62,5.7,138,15347,15347,1.0,0.633,0.0,857.1,5.2,958,1.13,27290,2.76,5560.5,846,306.5,906.7,0.1548,0,34,327.3,1.8569,0.1667,327.2,0.1631,110.4,110.4,소매,all,소매업 전체,전체 인구,대분류
94,대구광역시 동구 공산동,동구,2714076000,46.8,45.17,60.34,85.24,15.0,38.59,22.82,151,19708,19708,1.0,0.777,0.0,6779.1,2.1,1875,2.49,27140,83.2696,236.7,754,9.1,7174.6,0.0,0,67,61.0,1.6036,0.0,46.7,0.2003,129.7,129.7,소매,all,소매업 전체,전체 인구,대분류
95,대구광역시 달서구 본동,달서구,2729065000,46.72,42.75,48.26,79.87,23.72,62.18,24.83,105,13148,13148,1.0,0.794,0.0,1350.5,3.6,1481,2.89,27290,1.0557,12454.3,513,485.9,1394.5,0.0,0,31,371.6,1.8481,0.0,353.9,0.2047,124.0,124.0,소매,all,소매업 전체,전체 인구,대분류
96,대구광역시 동구 신암3동,동구,2714053000,46.69,43.69,44.76,57.22,41.01,54.03,44.97,88,11150,11150,1.0,0.862,0.0,730.4,9.3,616,1.56,27140,0.6012,18546.2,396,658.7,734.3,0.0581,0,13,452.5,1.8895,0.0568,481.6,0.2222,125.3,125.3,소매,all,소매업 전체,전체 인구,대분류
97,대구광역시 남구 대명6동,남구,2720061000,46.26,33.83,43.16,46.3,65.37,47.58,59.73,137,10276,10276,1.0,0.949,0.0,401.0,6.4,857,1.53,27200,1.5709,6541.5,560,356.5,385.9,0.675,0,13,329.3,1.9196,0.6715,310.3,0.2446,74.5,74.5,소매,all,소매업 전체,전체 인구,대분류
98,대구광역시 중구 남산1동,중구,2711064000,45.9,42.95,32.95,10.07,92.75,80.5,29.53,142,5062,5062,1.0,0.81,12121.7,263.7,20.8,1968,2.89,27110,0.4193,12072.5,680,1621.8,253.0,1.0,2,25,713.6,2.0125,1.0,806.1,0.2088,35.4,35.4,소매,all,소매업 전체,전체 인구,대분류
99,대구광역시 달성군 구지면,달성군,2771038000,45.81,43.89,59.53,89.76,13.32,47.05,5.7,113,18847,18847,1.0,0.633,0.0,17184.7,2.4,2321,3.35,27710,39.6367,475.5,693,17.5,17209.4,0.0,0,59,87.9,1.65,0.0,88.9,0.1631,165.3,165.3,소매,all,소매업 전체,전체 인구,대분류
100,대구광역시 달서구 두류3동,달서구,2729055000,45.62,48.08,40.47,15.44,83.08,62.42,20.81,152,8931,8931,1.0,0.755,14138.0,330.3,26.2,954,1.22,27290,1.2035,7420.9,781,648.9,263.5,0.9104,1,23,712.8,1.7883,0.7303,722.7,0.1946,58.4,58.4,소매,all,소매업 전체,전체 인구,대분류
101,대구광역시 중구 남산3동,중구,2711066000,45.46,35.81,34.03,58.72,92.02,39.53,13.42,57,5779,5779,1.0,0.706,5728.2,242.1,6.4,404,1.29,27110,0.4076,14178.1,313,767.9,254.0,0.9968,1,10,293.4,1.8445,1.0,292.7,0.1821,99.6,99.6,소매,all,소매업 전체,전체 인구,대분류
102,대구광역시 서구 비산7동,서구,2717061000,45.2,40.94,41.28,28.52,59.8,42.38,71.81,220,9260,9260,1.0,1.047,2543.2,501.5,7.8,1162,1.43,27170,2.584,3583.6,815,315.4,513.8,0.4699,1,25,189.6,1.6054,0.4864,224.0,0.2699,41.9,41.9,소매,all,소매업 전체,전체 인구,대분류
103,대구광역시 중구 대봉2동,중구,2711069000,45.01,41.61,34.3,61.24,87.11,21.81,12.35,54,5933,5933,1.0,0.698,3410.6,296.0,6.9,179,0.6,27110,0.2744,21621.7,300,1093.3,300.2,1.0,1,8,220.2,1.8838,1.0,212.1,0.18,107.9,107.9,소매,all,소매업 전체,전체 인구,대분류
104,대구광역시 북구 관음동,북구,2723075000,45.01,37.78,49.06,58.72,22.05,54.39,63.09,146,13689,13689,1.0,0.97,0.0,1481.8,6.0,1198,2.05,27230,3.0672,4463.0,584,190.4,1468.8,0.0,0,23,374.4,1.7842,0.0,343.0,0.25,93.1,93.1,소매,all,소매업 전체,전체 인구,대분류
105,대구광역시 수성구 파동,수성구,2726063000,44.49,38.99,57.38,96.31,20.03,13.16,25.5,67,17133,17133,1.0,0.797,0.0,1681.6,1.5,264,0.81,27260,5.4129,3165.2,326,60.2,1661.7,0.0,0,13,28.4,1.8928,0.0,32.7,0.2055,252.0,252.0,소매,all,소매업 전체,전체 인구,대분류
106,대구광역시 서구 평리5동,서구,2717066000,44.32,43.12,43.42,91.61,19.36,29.96,30.54,39,10531,10531,1.0,0.813,0.0,1827.4,3.8,224,1.2,27170,0.4071,25868.3,186,456.9,1832.0,0.0,0,9,214.6,1.864,0.0,212.3,0.2097,263.3,263.3,소매,all,소매업 전체,전체 인구,대분류
107,대구광역시 서구 평리4동,서구,2717065000,44.15,61.71,53.09,34.56,24.4,30.17,31.54,200,15025,15025,1.0,0.816,0.0,1297.6,9.4,553,0.58,27170,0.7453,20159.7,950,1274.7,1310.9,0.0,0,29,308.6,1.72,0.0,269.7,0.2105,74.8,74.8,소매,all,소매업 전체,전체 인구,대분류
108,대구광역시 수성구 만촌2동,수성구,2726056000,44.06,38.96,47.72,67.78,44.09,19.73,40.74,134,13080,13080,1.0,0.849,0.0,702.8,4.4,469,0.77,27260,1.9514,6702.9,612,313.6,658.5,0.3431,0,17,172.3,1.9354,0.2985,142.6,0.219,96.9,96.9,소매,all,소매업 전체,전체 인구,대분류
109,대구광역시 중구 동인동,중구,2711051700,43.98,47.95,44.5,29.36,44.7,80.47,15.44,197,10997,10997,1.0,0.724,0.0,642.1,8.3,2997,2.84,27110,0.9707,11328.9,1055,1086.8,664.1,0.1223,0,30,902.8,1.8018,0.203,657.0,0.1867,55.5,55.5,소매,all,소매업 전체,전체 인구,대분류
110,대구광역시 서구 비산1동,서구,2717055000,43.64,34.9,38.59,42.96,54.76,11.27,96.64,82,7738,7738,1.0,1.493,0.0,513.5,9.7,94,0.44,27170,0.4334,17854.2,213,491.5,505.0,0.5352,0,4,115.3,1.5363,0.5366,116.9,0.385,93.2,93.2,소매,all,소매업 전체,전체 인구,대분류
111,대구광역시 북구 산격2동,북구,2723062000,43.47,40.84,41.81,3.36,16.68,99.13,99.33,648,9376,9376,1.0,1.99,0.0,3027.3,88.8,10440,8.27,27230,2.3539,3983.2,1263,536.6,2945.4,0.0,0,84,2052.4,1.5111,0.0,2250.6,0.5131,14.4,14.4,소매,all,소매업 전체,전체 인구,대분류
112,대구광역시 동구 신암5동,동구,2714054100,43.04,29.5,36.71,32.22,74.5,21.82,86.58,97,7315,7315,1.0,1.198,0.0,352.9,9.9,300,0.96,27140,0.5467,13380.3,314,574.4,366.8,0.9108,0,9,165.0,1.672,0.9381,173.9,0.3089,74.6,74.6,소매,all,소매업 전체,전체 인구,대분류
113,대구광역시 남구 봉덕3동,남구,2720055000,42.99,44.29,49.86,38.92,37.45,35.14,47.65,193,14003,14003,1.0,0.872,0.0,926.1,7.9,902,1.05,27200,3.0696,4561.8,858,279.5,904.0,0.1096,0,23,221.5,1.8839,0.114,226.5,0.2249,72.2,72.2,소매,all,소매업 전체,전체 인구,대분류
114,대구광역시 달성군 논공읍,달성군,2771025300,42.7,42.72,52.28,35.06,14.66,35.1,84.56,311,14804,14804,1.0,1.181,0.0,8181.3,6.9,1664,1.63,27710,44.0501,336.1,1021,23.2,8220.1,0.0,0,42,76.6,1.7366,0.0,78.5,0.3046,47.4,47.4,소매,all,소매업 전체,전체 인구,대분류
115,대구광역시 서구 내당2·3동,서구,2717052500,42.65,37.48,39.4,8.72,61.54,36.58,93.29,152,8091,8091,1.0,1.331,0.0,461.0,120.3,287,0.65,27170,0.4967,16289.5,443,891.9,456.6,0.6524,0,13,339.8,1.6893,0.6382,400.2,0.3431,52.9,52.9,소매,all,소매업 전체,전체 인구,대분류
116,대구광역시 남구 대명9동,남구,2720064000,42.57,40.1,47.99,52.85,37.92,30.27,42.95,173,13110,13110,1.0,0.855,0.0,812.3,5.6,762,0.97,27200,3.1401,4175.0,785,250.0,817.3,0.0038,0,28,184.2,1.8211,0.0116,211.4,0.2204,75.3,75.3,소매,all,소매업 전체,전체 인구,대분류
117,대구광역시 수성구 상동,수성구,2726062000,42.46,50.27,49.6,52.02,24.06,18.89,41.61,216,13938,13938,1.0,0.85,0.0,1316.1,4.6,678,0.69,27260,1.3277,10497.9,986,742.6,1288.9,0.0,0,28,118.7,1.9138,0.0,111.7,0.2191,64.2,64.2,소매,all,소매업 전체,전체 인구,대분류
118,대구광역시 중구 삼덕동,중구,2711054500,41.76,44.83,37.52,3.7,64.63,86.78,18.79,293,7460,7460,1.0,0.745,0.0,451.9,103.4,3487,2.29,27110,0.644,11583.9,1526,2369.6,480.0,0.5839,0,70,1719.3,1.8185,0.7406,1919.3,0.192,25.4,25.4,소매,all,소매업 전체,전체 인구,대분류
119,대구광역시 동구 신암1동,동구,2714051000,41.7,44.16,43.69,32.55,27.75,44.9,61.74,131,10781,10781,1.0,0.966,0.0,986.6,12.1,394,0.75,27140,0.606,17790.4,526,868.0,1051.5,0.0,0,10,436.8,1.7965,0.0,505.9,0.249,81.7,81.7,소매,all,소매업 전체,전체 인구,대분류
120,대구광역시 북구 노원동,북구,2723079000,41.5,41.04,43.96,14.76,50.13,40.67,65.97,284,10954,10954,1.0,0.998,0.0,611.9,12.7,1224,1.11,27230,3.0536,3587.2,1104,361.5,693.4,0.3207,0,44,266.5,1.7025,0.5141,259.5,0.2572,38.4,38.4,소매,all,소매업 전체,전체 인구,대분류
121,대구광역시 서구 평리3동,서구,2717064000,41.1,45.51,45.84,40.94,23.05,32.48,54.36,153,12090,12090,1.0,0.917,0.0,1395.1,8.2,808,1.25,27170,0.7793,15513.9,647,830.2,1448.3,0.0,0,17,230.2,1.772,0.0,187.6,0.2365,78.5,78.5,소매,all,소매업 전체,전체 인구,대분류
122,대구광역시 동구 효목1동,동구,2714059000,40.96,40.84,45.3,41.94,39.06,25.3,49.66,178,11472,11472,1.0,0.886,0.0,854.3,6.4,901,1.16,27140,1.4646,7832.9,779,531.9,849.0,0.1592,0,32,179.1,1.7622,0.1404,89.8,0.2285,64.1,64.1,소매,all,소매업 전체,전체 인구,대분류
123,대구광역시 서구 평리2동,서구,2717063000,40.83,35.97,35.37,73.66,26.41,13.29,66.24,53,6820,6820,1.0,0.998,0.0,1192.5,5.8,115,0.56,27170,0.2781,24523.6,206,740.7,1200.3,0.0,0,6,152.3,1.7598,0.0,138.4,0.2573,126.3,126.3,소매,all,소매업 전체,전체 인구,대분류
124,대구광역시 서구 비산5동,서구,2717059000,40.53,36.08,32.68,23.16,93.56,20.0,36.58,73,4744,4744,1.0,0.84,7774.7,191.5,12.3,128,0.38,27170,0.3445,13770.7,337,978.2,201.9,1.0,2,4,204.0,1.6091,1.0,214.7,0.2166,64.1,64.1,소매,all,소매업 전체,전체 인구,대분류
125,대구광역시 달서구 상인3동,달서구,2729062600,40.23,25.64,42.08,67.12,22.72,37.32,69.13,95,9445,9445,1.0,1.015,0.0,1429.9,4.9,464,1.28,27290,3.3085,2854.8,363,109.7,1319.7,0.0,0,13,327.8,1.7064,0.0,252.1,0.2617,98.4,98.4,소매,all,소매업 전체,전체 인구,대분류
126,대구광역시 서구 비산4동,서구,2717058000,39.92,37.68,39.66,31.21,38.59,28.96,73.15,85,8143,8143,1.0,1.06,0.0,846.8,34.6,256,0.82,27170,0.434,18762.7,311,716.6,872.3,0.0579,0,12,200.0,1.7548,0.0941,248.2,0.2733,94.7,94.7,소매,all,소매업 전체,전체 인구,대분류
127,대구광역시 서구 비산6동,서구,2717060000,38.82,35.44,34.83,39.6,29.76,20.91,87.25,70,6319,6319,1.0,1.207,0.0,930.7,9.9,200,0.89,27170,0.2715,23274.4,225,828.7,935.7,0.0,0,7,166.1,1.6884,0.0,176.6,0.3111,89.0,89.0,소매,all,소매업 전체,전체 인구,대분류
128,대구광역시 남구 대명11동,남구,2720066000,38.8,30.84,36.18,7.05,40.74,53.42,97.99,275,7152,7152,1.0,1.737,0.0,704.9,38.9,711,1.16,27200,0.8477,8436.9,614,724.3,687.2,0.0537,0,19,454.2,1.5689,0.0291,531.4,0.4479,25.9,25.9,소매,all,소매업 전체,전체 인구,대분류
129,대구광역시 남구 봉덕2동,남구,2720054000,37.93,33.69,46.91,59.07,21.71,6.84,56.38,113,12852,12852,1.0,0.932,0.0,1506.8,7.7,66,0.14,27200,3.0276,4244.9,470,155.2,1539.8,0.0,0,4,59.5,1.8229,0.0,69.0,0.2404,112.7,112.7,소매,all,소매업 전체,전체 인구,대분류
130,대구광역시 북구 산격1동,북구,2723061000,37.93,25.54,36.98,68.62,18.02,8.19,90.6,80,7370,7370,1.0,1.256,0.0,2230.4,2.4,69,0.28,27230,0.8679,8491.8,247,284.6,2197.3,0.0,0,5,71.8,1.7525,0.0,77.6,0.3239,91.0,91.0,소매,all,소매업 전체,전체 인구,대분류
131,대구광역시 서구 평리6동,서구,2717066100,37.64,19.5,33.22,72.15,21.38,29.26,81.88,52,5391,5391,1.0,1.159,0.0,1550.4,2.8,317,1.82,27170,0.7464,7222.7,174,233.1,1588.9,0.0,0,10,129.4,1.7879,0.0,125.4,0.2989,101.7,101.7,소매,all,소매업 전체,전체 인구,대분류
132,대구광역시 남구 봉덕1동,남구,2720053000,37.29,39.57,38.32,13.42,35.37,23.12,81.21,194,7680,7680,1.0,1.156,0.0,969.1,14.5,448,0.69,27200,0.4881,15734.5,651,1333.7,815.4,0.192,0,12,195.9,1.7448,0.0928,191.0,0.298,39.4,39.4,소매,all,소매업 전체,전체 인구,대분류
133,대구광역시 서구 평리1동,서구,2717062000,37.22,30.6,34.56,49.83,27.42,9.53,85.91,91,6126,6126,1.0,1.197,0.0,1070.0,5.4,68,0.23,27170,0.3656,16756.0,295,806.9,1031.4,0.0,0,4,102.6,1.7586,0.0,105.2,0.3085,66.6,66.6,소매,all,소매업 전체,전체 인구,대분류
134,대구광역시 북구 검단동,북구,2723068000,37.2,14.26,33.49,77.85,17.35,52.28,67.11,49,5414,5414,1.0,1.0,0.0,2671.9,2.2,574,3.02,27230,3.7681,1436.8,190,50.4,2658.8,0.0,0,6,208.6,1.7306,0.0,272.4,0.2579,108.3,108.3,소매,all,소매업 전체,전체 인구,대분류
135,대구광역시 서구 비산2·3동,서구,2717056500,36.24,34.5,37.78,9.4,46.64,24.1,75.17,146,7550,7550,1.0,1.083,0.0,651.7,81.2,276,0.53,27170,0.555,13603.6,523,942.3,678.0,0.3078,0,13,196.2,1.5586,0.363,237.2,0.2792,51.4,51.4,소매,all,소매업 전체,전체 인구,대분류
136,대구광역시 북구 산격3동,북구,2723063000,35.71,37.48,39.93,14.93,18.36,86.51,28.39,197,8390,8390,1.0,0.807,0.0,2190.1,13.3,3619,3.82,27230,1.272,6595.9,947,744.5,2105.0,0.0,0,19,1139.1,1.6083,0.0,739.3,0.208,42.4,42.4,소매,all,소매업 전체,전체 인구,대분류
137,대구광역시 동구 도평동,동구,2714061500,35.14,9.9,31.88,86.74,17.68,7.38,93.96,25,3371,3371,1.0,1.347,0.0,2371.3,1.1,41,0.57,27140,19.9271,169.2,72,3.6,2629.1,0.0,0,3,4.2,1.635,0.0,7.2,0.3472,129.7,129.7,소매,all,소매업 전체,전체 인구,대분류
138,대구광역시 북구 산격4동,북구,2723063100,34.85,26.17,35.64,60.91,18.69,40.74,38.59,80,6961,6961,1.0,0.843,0.0,2072.9,5.3,595,1.62,27230,0.7157,9726.1,368,514.2,2035.1,0.0,0,6,252.6,1.8845,0.0,228.8,0.2174,85.9,85.9,소매,all,소매업 전체,전체 인구,대분류
139,대구광역시 달성군 가창면,달성군,2771031000,33.79,15.84,35.1,64.94,15.33,53.22,46.51,87,6719,6719,1.0,0.87,0.0,5104.2,0.7,2291,5.9,27710,110.4332,60.8,388,3.5,5522.5,0.0,0,32,134.5,1.676,0.0,161.3,0.2242,76.4,76.4,소매,all,소매업 전체,전체 인구,대분류
140,대구광역시 달성군 하빈면,달성군,2771033000,33.02,10.0,31.61,56.04,16.01,39.6,89.26,56,3104,3104,1.0,1.227,0.0,3919.0,0.6,850,4.8,27710,37.7234,82.3,177,4.7,3593.4,0.0,0,16,16.9,1.703,0.0,16.6,0.3164,54.5,54.5,소매,all,소매업 전체,전체 인구,대분류
141,대구광역시 북구 복현1동,북구,2723067100,32.53,38.56,35.91,43.8,20.7,31.61,9.4,85,7131,7131,1.0,0.666,0.0,1653.8,8.2,333,0.67,27230,0.3619,19704.3,495,1367.8,1714.4,0.0,0,10,312.4,1.6966,0.0,308.9,0.1717,82.9,82.9,소매,all,소매업 전체,전체 인구,대분류
142,대구광역시 군위군 우보면,군위군,2772034000,31.94,7.11,30.54,81.38,11.98,2.35,94.63,17,1937,1937,1.0,1.374,0.0,26796.1,0.2,0,0.0,27720,60.4878,32.0,48,0.8,27265.0,0.0,0,0,0.0,1.6422,0.0,0.0,0.3542,107.6,107.6,소매,all,소매업 전체,전체 인구,대분류
143,대구광역시 군위군 군위읍,군위군,2772025000,31.91,22.78,39.13,46.64,11.31,2.35,83.22,168,7901,7901,1.0,1.166,0.0,30548.3,4.0,0,0.0,27720,82.95,95.3,559,6.7,30678.1,0.0,0,0,0.0,1.7561,0.0,0.0,0.3005,46.8,46.8,소매,all,소매업 전체,전체 인구,대분류
144,대구광역시 북구 침산1동,북구,2723055000,31.46,14.23,32.15,50.0,19.03,12.08,91.95,65,3441,3441,1.0,1.286,0.0,1895.1,3.1,115,0.59,27230,1.4697,2341.3,196,133.4,1796.3,0.0,0,6,93.6,1.733,0.0,91.8,0.3316,52.1,52.1,소매,all,소매업 전체,전체 인구,대분류
145,대구광역시 군위군 소보면,군위군,2772031000,30.85,7.79,31.34,83.39,10.97,2.35,78.52,18,2221,2221,1.0,1.108,0.0,34211.0,0.7,0,0.0,27720,99.6768,22.3,63,0.6,34386.7,0.0,0,0,0.0,1.6534,0.0,0.0,0.2857,116.9,116.9,소매,all,소매업 전체,전체 인구,대분류
146,대구광역시 군위군 효령면,군위군,2772032000,30.6,9.8,32.42,69.8,12.99,2.35,85.23,43,3639,3639,1.0,1.191,0.0,19612.6,0.3,0,0.0,27720,96.6177,37.7,140,1.4,19823.3,0.0,0,0,0.0,1.6874,0.0,0.0,0.3071,82.7,82.7,소매,all,소매업 전체,전체 인구,대분류
147,대구광역시 군위군 의흥면,군위군,2772035000,28.91,8.66,31.07,59.9,11.64,2.35,91.28,30,2217,2217,1.0,1.265,0.0,27544.3,2.1,0,0.0,27720,54.4298,40.7,92,1.7,27468.0,0.0,0,0,0.0,1.3958,0.0,0.0,0.3261,71.5,71.5,소매,all,소매업 전체,전체 인구,대분류
148,대구광역시 군위군 산성면,군위군,2772036000,28.77,6.84,30.0,70.64,12.65,2.35,79.87,13,1201,1201,1.0,1.121,0.0,20059.9,0.5,0,0.0,27720,36.9047,32.5,45,1.2,21435.4,0.0,0,0,0.0,1.3772,0.0,0.0,0.2889,85.8,85.8,소매,all,소매업 전체,전체 인구,대분류
149,대구광역시 군위군 삼국유사면,군위군,2772037000,25.23,6.27,30.27,96.98,12.31,2.35,6.71,6,1330,1330,1.0,0.647,0.0,25218.8,0.0,0,0.0,27720,115.041,11.6,36,0.3,24412.0,0.0,0,0,0.0,1.542,0.0,0.0,0.1667,190.0,190.0,소매,all,소매업 전체,전체 인구,대분류
150,대구광역시 군위군 부계면,군위군,2772033000,21.71,8.19,30.8,68.96,13.66,2.35,4.7,25,2106,2106,1.0,0.622,0.0,15117.8,0.2,0,0.0,27720,65.1498,32.3,156,2.4,14132.4,0.0,0,0,0.0,1.5238,0.0,0.0,0.1603,81.0,81.0,소매,all,소매업 전체,전체 인구,대분류
1,대구광역시 북구 구암동,북구,2723074500,71.7,74.9,66.51,64.43,86.18,62.92,70.47,174,30230,30230,1.0,1.215,15065.5,319.0,14.4,2117,2.05,27230,4.1947,7206.7,1035,246.7,349.2,0.7449,3,41,403.8,1.7552,0.7931,366.8,0.1681,172.7,172.7,수리·개인,all,수리·개인 (업종대분류),전체 인구,대분류
2,대구광역시 수성구 범어1동,수성구,2726051000,70.28,83.59,63.02,59.23,95.54,81.07,12.75,98,22679,22679,1.0,0.717,19467.9,269.8,19.6,2378,2.41,27260,1.1852,19135.2,988,833.6,239.4,0.996,2,34,1056.3,1.9254,1.0,815.2,0.0992,229.1,229.1,수리·개인,all,수리·개인 (업종대분류),전체 인구,대분류
3,대구광역시 동구 안심4동,동구,2714074700,70.28,74.73,64.9,36.08,80.87,73.42,100.0,230,26289,26289,1.0,1.687,13918.2,382.7,18.1,2726,2.77,27140,2.572,10221.2,985,383.0,390.0,0.7503,2,66,438.1,1.8606,0.7696,421.1,0.2335,113.8,113.8,수리·개인,all,수리·개인 (업종대분류),전체 인구,대분류
4,대구광역시 동구 안심1동,동구,2714072000,70.25,84.53,68.93,36.92,74.77,66.31,77.18,305,37158,37158,1.0,1.241,15850.8,446.6,18.6,2910,1.64,27140,3.4892,10649.4,1776,509.0,428.2,0.5923,2,56,451.6,1.7618,0.5934,396.8,0.1717,121.4,121.4,수리·개인,all,수리·개인 (업종대분류),전체 인구,대분류
5,대구광역시 달서구 진천동,달서구,2729061500,69.86,85.24,69.73,33.22,72.21,71.47,73.83,350,49267,49267,1.0,1.226,33114.2,534.4,22.3,3768,1.83,27290,5.3271,9248.4,2063,387.3,538.6,0.6757,3,95,557.9,1.7891,0.6657,464.5,0.1697,140.4,140.4,수리·개인,all,수리·개인 (업종대분류),전체 인구,대분류
6,대구광역시 달성군 화원읍,달성군,2771025000,69.71,76.04,69.46,67.95,74.83,42.75,73.15,256,45354,45354,1.0,1.223,17158.0,449.1,13.6,2363,1.56,27710,25.9877,1745.2,1512,58.2,477.2,0.6104,2,64,174.0,1.7733,0.6016,165.1,0.1693,176.5,176.5,수리·개인,all,수리·개인 (업종대분류),전체 인구,대분류
7,대구광역시 달서구 상인1동,달서구,2729062400,69.69,90.67,67.85,55.04,65.91,80.27,27.52,130,31919,31919,1.0,0.894,20963.7,545.3,22.6,2895,2.76,27290,1.4947,21354.8,1050,702.5,455.1,0.5638,1,54,886.7,1.7616,0.4692,580.8,0.1238,243.7,243.7,수리·개인,all,수리·개인 (업종대분류),전체 인구,대분류
8,대구광역시 북구 칠성동,북구,2723052600,68.91,85.17,63.56,76.84,62.55,92.05,5.37,115,23657,23657,1.0,0.616,23713.1,623.9,10.0,4486,3.33,27230,1.3907,17010.9,1349,970.0,435.4,0.6308,2,51,877.9,1.5237,0.4174,1050.4,0.0852,203.9,203.9,수리·개인,all,수리·개인 (업종대분류),전체 인구,대분류
9,대구광역시 달서구 감삼동,달서구,2729055500,68.84,92.55,67.32,18.79,68.92,60.13,84.43,270,31125,31125,1.0,1.332,12921.8,481.4,34.4,1705,1.16,27290,1.1434,27221.4,1465,1281.3,450.0,0.641,1,37,514.2,1.8307,0.5667,470.6,0.1843,114.9,114.9,수리·개인,all,수리·개인 (업종대분류),전체 인구,대분류
10,대구광역시 동구 신암4동,동구,2714054000,67.99,68.86,58.72,88.26,81.68,79.53,21.48,60,18383,18383,1.0,0.832,43556.8,390.2,9.4,2706,5.19,27140,1.1656,15771.3,521,447.0,378.4,0.7179,2,29,569.0,1.8721,0.7,455.0,0.1152,301.4,301.4,수리·개인,all,수리·개인 (업종대분류),전체 인구,대분류
11,대구광역시 달성군 다사읍,달성군,2771025600,67.69,78.79,70.0,72.48,48.79,71.01,47.65,331,88904,88904,1.0,1.032,24793.4,1274.7,15.7,4705,2.03,27710,36.8156,2414.8,2317,62.9,1242.5,0.3423,3,133,475.8,1.7768,0.3082,418.6,0.1429,267.8,267.8,수리·개인,all,수리·개인 (업종대분류),전체 인구,대분류
12,대구광역시 달서구 용산1동,달서구,2729057100,66.54,83.83,65.17,52.02,64.3,72.89,36.24,132,27808,27808,1.0,0.953,12948.6,535.8,21.2,2800,2.8,27290,1.4578,19075.3,1001,686.7,500.2,0.5395,1,27,594.5,1.8138,0.447,410.1,0.1319,209.1,209.1,수리·개인,all,수리·개인 (업종대분류),전체 인구,대분류
13,대구광역시 북구 태전2동,북구,2723073500,66.1,67.82,62.48,48.66,73.56,70.06,79.19,166,21610,21610,1.0,1.248,3795.2,410.3,15.3,2036,2.12,27230,2.0691,10444.2,961,464.5,413.0,0.7815,1,51,470.0,1.797,0.7771,467.4,0.1727,129.4,129.4,수리·개인,all,수리·개인 (업종대분류),전체 인구,대분류
14,대구광역시 달서구 이곡1동,달서구,2729057600,65.8,70.04,60.07,34.39,80.67,90.07,65.1,133,19663,19663,1.0,1.148,15640.1,401.3,23.1,2777,3.32,27290,1.8033,10903.9,837,464.1,366.7,0.8339,2,56,1398.8,1.8622,0.782,1247.6,0.1589,146.7,146.7,수리·개인,all,수리·개인 (업종대분류),전체 인구,대분류
15,대구광역시 북구 동천동,북구,2723078000,65.66,86.88,64.36,28.52,74.23,90.27,22.82,167,24635,24635,1.0,0.845,8538.0,418.4,31.0,4100,2.87,27230,1.0632,23170.6,1429,1344.1,430.1,0.6767,1,118,1498.7,1.7811,0.6647,1079.7,0.1169,146.6,146.6,수리·개인,all,수리·개인 (업종대분류),전체 인구,대분류
16,대구광역시 달서구 유천동,달서구,2729061700,65.24,73.86,68.66,54.87,46.34,74.56,67.11,119,32864,32864,1.0,1.181,0.0,635.8,23.3,1643,2.26,27290,1.3119,25050.7,728,554.9,622.7,0.2788,0,41,613.2,1.8499,0.3025,619.6,0.1635,273.9,273.9,수리·개인,all,수리·개인 (업종대분류),전체 인구,대분류
17,대구광역시 수성구 고산3동,수성구,2726069000,64.39,67.78,66.24,55.37,76.98,51.17,58.39,128,29136,29136,1.0,1.1,8180.9,408.3,21.1,994,1.18,27260,5.2954,5502.1,841,158.8,377.6,0.8193,1,35,511.9,1.8415,0.7812,369.4,0.1522,225.9,225.9,수리·개인,all,수리·개인 (업종대분류),전체 인구,대분류
18,"대구광역시 달서구 두류1,2동",달서구,2729053500,63.49,68.36,54.7,37.25,88.92,84.83,46.31,136,15672,15672,1.0,1.029,15669.8,308.7,17.5,3657,3.83,27290,1.2776,12266.8,955,747.5,325.6,0.8597,2,36,680.4,1.903,0.8162,571.4,0.1424,114.4,114.4,수리·개인,all,수리·개인 (업종대분류),전체 인구,대분류
19,대구광역시 북구 관문동,북구,2723071500,63.49,64.33,68.12,85.57,45.03,56.78,53.02,119,31975,31975,1.0,1.063,7033.3,1391.7,9.6,2576,3.18,27230,14.8231,2157.1,809,54.6,1662.6,0.3498,3,64,205.6,1.7905,0.4874,202.5,0.1471,266.5,266.5,수리·개인,all,수리·개인 (업종대분류),전체 인구,대분류
20,대구광역시 달서구 월성1동,달서구,2729060100,63.12,80.54,69.2,37.58,38.52,88.73,48.32,206,39423,39423,1.0,1.035,0.0,869.1,37.7,4066,2.83,27290,1.9323,20402.1,1438,744.2,899.2,0.096,0,70,1080.4,1.8341,0.1359,968.0,0.1433,190.4,190.4,수리·개인,all,수리·개인 (업종대분류),전체 인구,대분류
21,대구광역시 수성구 고산2동,수성구,2726068000,62.76,67.85,64.63,73.49,73.22,59.33,15.44,133,25533,25533,1.0,0.756,11450.8,453.6,11.3,6126,4.82,27260,24.337,1049.1,1270,52.2,499.8,0.5976,3,88,249.9,1.894,0.6992,165.2,0.1047,190.5,190.5,수리·개인,all,수리·개인 (업종대분류),전체 인구,대분류
22,대구광역시 달서구 용산2동,달서구,2729057200,61.57,59.93,64.09,80.2,41.48,29.2,95.97,106,24584,24584,1.0,1.478,0.0,725.1,10.9,678,1.31,27290,1.5398,15965.7,518,336.4,752.7,0.1409,0,19,147.4,1.7934,0.1981,145.5,0.2046,229.8,229.8,수리·개인,all,수리·개인 (업종대분류),전체 인구,대분류
23,대구광역시 수성구 고산1동,수성구,2726067000,61.39,72.28,67.05,44.8,57.32,76.84,32.89,147,31066,31066,1.0,0.939,11318.1,636.9,27.6,2849,2.52,27260,8.624,3602.3,1132,131.3,600.7,0.4735,1,43,613.8,1.7871,0.3333,557.0,0.1299,209.9,209.9,수리·개인,all,수리·개인 (업종대분류),전체 인구,대분류
24,대구광역시 북구 국우동,북구,2723080000,61.36,61.41,65.97,54.19,55.3,57.65,75.5,161,29112,29112,1.0,1.235,3118.2,662.3,18.7,2431,2.58,27230,16.9087,1721.7,942,55.7,759.4,0.4586,2,41,272.2,1.7701,0.4907,237.7,0.1709,179.7,179.7,수리·개인,all,수리·개인 (업종대분류),전체 인구,대분류
25,대구광역시 수성구 지산1동,수성구,2726065100,60.7,65.57,59.26,20.8,85.24,60.2,72.48,220,18617,18617,1.0,1.222,5358.9,316.7,20.4,1776,1.37,27260,2.8948,6431.2,1301,449.4,326.2,0.9101,1,63,541.8,1.8658,0.9409,414.3,0.1691,84.2,84.2,수리·개인,all,수리·개인 (업종대분류),전체 인구,대분류
26,대구광역시 북구 태전1동,북구,2723072500,60.22,64.33,62.22,36.58,53.69,52.68,96.64,168,21074,21074,1.0,1.491,3814.3,640.7,18.9,1588,1.95,27230,2.5135,8384.3,814,323.9,633.0,0.2862,1,23,327.5,1.7551,0.3393,262.5,0.2064,124.7,124.7,수리·개인,all,수리·개인 (업종대분류),전체 인구,대분류
27,대구광역시 수성구 수성1가동,수성구,2726057000,60.21,73.99,56.58,24.5,86.04,32.01,69.13,118,16970,16970,1.0,1.204,11615.6,334.5,37.2,364,0.51,27260,0.6383,26586.2,708,1109.2,306.7,0.8814,1,13,357.1,1.9594,0.8644,298.7,0.1667,142.6,142.6,수리·개인,all,수리·개인 (업종대분류),전체 인구,대분류
28,대구광역시 달서구 죽전동,달서구,2729056300,60.08,69.8,51.21,9.06,82.62,64.9,86.58,176,14344,14344,1.0,1.337,13243.8,380.2,31.4,1402,1.47,27290,0.7849,18274.9,951,1211.6,343.2,0.8107,1,42,580.0,1.8808,0.7898,496.0,0.1851,81.0,81.0,수리·개인,all,수리·개인 (업종대분류),전체 인구,대분류
29,대구광역시 수성구 만촌3동,수성구,2726056100,59.8,70.03,61.41,47.15,78.66,30.78,45.64,104,20523,20523,1.0,1.022,14504.4,377.9,23.1,797,1.08,27260,1.6947,12110.1,735,433.7,416.1,0.5578,2,13,188.8,1.9243,0.5769,186.3,0.1415,195.5,195.5,수리·개인,all,수리·개인 (업종대분류),전체 인구,대분류
30,대구광역시 수성구 지산2동,수성구,2726065200,59.56,62.55,58.46,34.56,77.04,43.46,80.2,136,18149,18149,1.0,1.249,4126.8,392.7,20.5,928,1.18,27260,1.6406,11062.4,787,479.7,398.0,0.8119,1,26,289.4,1.9254,0.8015,279.8,0.1728,132.5,132.5,수리·개인,all,수리·개인 (업종대분류),전체 인구,대분류
31,대구광역시 달서구 송현2동,달서구,2729064000,59.1,74.03,57.65,16.78,69.2,41.38,83.22,184,17618,17618,1.0,1.315,7829.2,458.7,23.5,831,0.82,27290,0.9693,18176.0,1011,1043.0,449.2,0.6281,1,33,378.6,1.7597,0.5924,323.7,0.182,95.2,95.2,수리·개인,all,수리·개인 (업종대분류),전체 인구,대분류
32,대구광역시 동구 안심2동,동구,2714073000,58.79,44.03,56.84,90.27,57.38,50.87,69.8,66,17002,17002,1.0,1.21,3810.8,605.1,3.9,1493,3.79,27140,13.3309,1275.4,394,29.6,844.7,0.3046,1,43,159.2,1.8547,0.3788,166.7,0.1675,253.8,253.8,수리·개인,all,수리·개인 (업종대분류),전체 인구,대분류
33,대구광역시 북구 복현2동,북구,2723067200,58.73,63.59,65.7,72.32,20.8,59.0,66.44,106,28733,28733,1.0,1.18,0.0,1594.2,16.1,1348,2.08,27230,1.8078,15893.9,649,359.0,1620.2,0.0,0,39,355.2,1.8941,0.0,357.2,0.1633,268.5,268.5,수리·개인,all,수리·개인 (업종대분류),전체 인구,대분류
34,대구광역시 중구 성내3동,중구,2711058500,58.7,55.77,48.79,80.7,84.36,25.54,48.99,64,13643,13643,1.0,1.041,5778.9,348.0,7.9,259,0.58,27110,0.7455,18300.5,444,595.6,332.9,0.9302,1,12,257.9,1.9273,0.9531,221.6,0.1441,209.9,209.9,수리·개인,all,수리·개인 (업종대분류),전체 인구,대분류
35,대구광역시 달서구 신당동,달서구,2729058500,58.49,75.64,65.44,22.66,59.87,79.8,23.49,289,27882,27882,1.0,0.847,24240.6,702.0,21.7,7236,2.94,27290,9.211,3027.0,2465,267.6,821.4,0.4365,2,113,477.8,1.7073,0.4775,459.8,0.1172,96.1,96.1,수리·개인,all,수리·개인 (업종대분류),전체 인구,대분류
36,대구광역시 동구 안심3동,동구,2714074200,58.06,57.28,60.6,51.18,72.28,37.98,64.43,113,19897,19897,1.0,1.144,6999.1,431.0,19.6,913,1.28,27140,5.8689,3390.2,714,121.7,457.1,0.556,1,29,232.8,1.9059,0.646,209.4,0.1583,174.5,174.5,수리·개인,all,수리·개인 (업종대분류),전체 인구,대분류
37,대구광역시 중구 남산4동,중구,2711067000,57.85,57.58,54.97,52.68,69.26,41.14,71.81,68,15842,15842,1.0,1.219,0.0,382.5,22.9,481,1.19,27110,0.449,35282.9,403,897.6,351.8,0.8164,0,16,308.4,1.9455,0.7647,292.1,0.1687,229.6,229.6,수리·개인,all,수리·개인 (업종대분류),전체 인구,대분류
38,대구광역시 수성구 범어2동,수성구,2726052000,57.44,69.03,53.62,47.99,65.44,80.57,9.4,101,15345,15345,1.0,0.667,10699.6,509.8,17.8,2861,2.62,27260,1.0094,15202.1,1094,1083.8,482.8,0.5384,1,42,1064.7,1.8705,0.4851,612.9,0.0923,150.4,150.4,수리·개인,all,수리·개인 (업종대분류),전체 인구,대분류
39,대구광역시 동구 동촌동,동구,2714065500,57.38,43.19,49.33,61.41,62.21,70.2,89.93,104,13815,13815,1.0,1.356,4475.3,489.3,8.4,1690,3.05,27140,4.4612,3096.7,554,124.2,510.3,0.4116,1,31,352.6,1.7752,0.4231,391.4,0.1877,131.6,131.6,수리·개인,all,수리·개인 (업종대분류),전체 인구,대분류
40,대구광역시 북구 읍내동,북구,2723077000,56.89,57.78,63.82,43.96,29.19,65.57,92.62,188,24576,24576,1.0,1.371,0.0,965.4,16.7,1572,1.59,27230,5.6904,4318.9,991,174.2,977.2,0.0,0,37,601.6,1.7105,0.0,475.8,0.1897,130.0,130.0,수리·개인,all,수리·개인 (업종대분류),전체 인구,대분류
41,대구광역시 남구 대명2동,남구,2720057100,56.79,65.84,53.36,43.79,88.46,39.09,26.17,97,15229,15229,1.0,0.877,7568.7,290.6,20.0,780,0.98,27200,0.8755,17394.6,799,912.6,253.3,0.9862,1,20,331.0,1.8046,0.9485,287.4,0.1214,155.4,155.4,수리·개인,all,수리·개인 (업종대분류),전체 인구,대분류
42,대구광역시 동구 지저동,동구,2714064000,56.54,41.98,46.38,71.98,70.81,61.41,71.14,64,12323,12323,1.0,1.217,9062.4,453.5,11.6,2021,5.32,27140,2.2358,5511.7,380,170.0,469.2,0.5684,1,12,412.7,1.6623,0.5938,218.4,0.1684,189.6,189.6,수리·개인,all,수리·개인 (업종대분류),전체 인구,대분류
43,대구광역시 수성구 범어3동,수성구,2726053000,56.3,71.34,57.12,42.78,54.77,81.74,6.71,101,17016,17016,1.0,0.631,0.0,526.4,21.9,2389,2.07,27260,0.5836,29157.0,1155,1979.1,503.0,0.4978,0,39,1299.8,1.8564,0.4752,1072.5,0.0874,166.8,166.8,수리·개인,all,수리·개인 (업종대분류),전체 인구,대분류
44,대구광역시 달서구 본리동,달서구,2729059000,56.14,67.85,63.29,69.46,26.17,56.98,30.87,92,22993,22993,1.0,0.919,0.0,1226.9,16.3,1195,1.65,27290,1.0774,21341.2,723,671.1,1208.5,0.0,0,48,381.0,1.8016,0.0,359.6,0.1272,247.2,247.2,수리·개인,all,수리·개인 (업종대분류),전체 인구,대분류
45,대구광역시 북구 고성동,북구,2723051000,55.86,55.74,51.74,75.84,61.44,56.51,25.5,60,14603,14603,1.0,0.863,0.0,448.7,13.8,694,1.38,27230,0.52,28082.7,502,965.4,502.8,0.4641,0,9,698.5,1.5975,0.5833,466.8,0.1195,239.4,239.4,수리·개인,all,수리·개인 (업종대분류),전체 인구,대분류
46,대구광역시 서구 내당1동,서구,2717051000,55.6,54.63,52.01,41.78,45.94,75.3,81.21,80,14683,14683,1.0,1.254,0.0,635.8,26.1,1153,2.5,27170,0.5707,25728.1,461,807.8,613.4,0.3362,0,27,826.7,1.842,0.2375,726.7,0.1735,181.3,181.3,수리·개인,all,수리·개인 (업종대분류),전체 인구,대분류
47,대구광역시 달서구 성당동,달서구,2729051500,55.55,60.67,60.87,36.92,34.96,54.63,89.26,196,19920,19920,1.0,1.35,0.0,939.6,16.3,2331,2.22,27290,1.9869,10025.7,1049,528.0,917.0,0.0143,0,41,251.2,1.8319,0.0153,234.6,0.1868,101.1,101.1,수리·개인,all,수리·개인 (업종대분류),전체 인구,대분류
48,대구광역시 동구 신천3동,동구,2714057000,55.43,58.62,52.55,50.67,59.09,80.5,28.19,96,14835,14835,1.0,0.901,0.0,462.9,17.0,1998,2.59,27140,0.7179,20664.4,770,1072.6,542.0,0.4195,0,48,1228.0,1.9695,0.5833,811.9,0.1247,152.9,152.9,수리·개인,all,수리·개인 (업종대분류),전체 인구,대분류
49,대구광역시 북구 침산3동,북구,2723057000,55.26,55.91,57.92,70.64,22.82,74.46,54.36,80,17704,17704,1.0,1.069,0.0,1420.1,15.2,1418,2.62,27230,1.0462,16922.2,541,517.1,1374.8,0.0,0,27,644.1,1.8583,0.0,588.1,0.1479,218.6,218.6,수리·개인,all,수리·개인 (업종대분류),전체 인구,대분류
50,대구광역시 수성구 만촌1동,수성구,2726055000,55.25,56.54,61.14,65.1,25.17,64.09,61.07,132,20174,20174,1.0,1.121,0.0,1279.4,10.5,2268,2.67,27260,2.6991,7474.3,851,315.3,1236.9,0.0,0,39,434.8,1.9356,0.0,324.4,0.1551,151.7,151.7,수리·개인,all,수리·개인 (업종대분류),전체 인구,대분류
51,대구광역시 동구 신천1·2동,동구,2714055500,54.76,55.64,44.23,47.82,88.83,19.43,67.79,63,10994,10994,1.0,1.186,9575.6,279.9,20.0,301,0.78,27140,0.4677,23506.5,384,821.0,304.5,0.8438,1,10,149.9,1.8643,0.9048,145.7,0.1641,171.8,171.8,수리·개인,all,수리·개인 (업종대분류),전체 인구,대분류
52,대구광역시 달서구 도원동,달서구,2729062800,54.58,52.85,66.78,64.26,24.83,65.03,55.03,98,30857,30857,1.0,1.074,0.0,1299.4,19.9,1977,3.0,27290,11.188,2758.0,659,58.9,1382.2,0.0,0,41,337.0,1.7287,0.0,311.6,0.1487,311.7,311.7,수리·개인,all,수리·개인 (업종대분류),전체 인구,대분류
53,대구광역시 달서구 송현1동,달서구,2729063000,54.55,57.58,55.24,9.73,80.94,26.95,99.33,185,15927,15927,1.0,1.597,6693.2,365.0,31.5,743,0.89,27290,2.4579,6479.9,837,340.5,366.2,0.7921,1,22,209.0,1.8609,0.7946,170.7,0.221,85.6,85.6,수리·개인,all,수리·개인 (업종대분류),전체 인구,대분류
54,대구광역시 서구 원대동,서구,2717069500,54.35,48.56,42.62,74.32,85.23,33.19,40.07,58,9963,9963,1.0,0.988,7453.5,306.8,6.8,475,1.12,27170,0.6219,16020.3,424,681.8,291.4,0.9009,1,18,230.3,1.6358,0.8103,217.7,0.1368,168.9,168.9,수리·개인,all,수리·개인 (업종대분류),전체 인구,대분류
55,대구광역시 북구 무태조야동,북구,2723069500,54.06,60.47,68.39,72.98,16.11,45.8,42.95,169,32499,32499,1.0,1.009,0.0,3886.2,11.6,1749,1.44,27230,22.8763,1420.6,1211,52.9,3904.0,0.0,0,48,240.2,1.8693,0.0,212.8,0.1396,191.2,191.2,수리·개인,all,수리·개인 (업종대분류),전체 인구,대분류
56,대구광역시 수성구 범물2동,수성구,2726066200,53.55,41.91,54.16,54.53,74.7,60.64,46.98,59,15526,15526,1.0,1.03,0.0,363.6,23.1,590,1.43,27260,2.122,7316.7,414,195.1,382.0,0.8309,0,14,463.5,1.9377,0.8983,577.8,0.1425,258.8,258.8,수리·개인,all,수리·개인 (업종대분류),전체 인구,대분류
57,대구광역시 남구 대명1동,남구,2720056000,53.38,49.7,41.01,44.46,88.96,14.97,87.58,63,9242,9242,1.0,1.339,7928.3,272.8,18.1,142,0.42,27200,0.4605,20069.5,340,738.3,313.8,0.8971,1,10,202.5,1.8727,0.9048,162.0,0.1853,144.4,144.4,수리·개인,all,수리·개인 (업종대분류),전체 인구,대분류
58,대구광역시 남구 대명5동,남구,2720060000,53.35,46.84,40.2,41.95,88.12,81.95,35.57,80,8896,8896,1.0,0.952,11071.1,279.2,15.6,2694,4.44,27200,0.74,12021.6,607,820.3,256.8,0.8666,1,20,557.7,1.8206,0.8125,504.9,0.1318,109.8,109.8,수리·개인,all,수리·개인 (업종대분류),전체 인구,대분류
59,대구광역시 북구 침산2동,북구,2723056000,53.14,60.87,58.19,51.68,24.16,80.4,38.26,80,17835,17835,1.0,0.975,0.0,1356.8,22.8,2202,3.71,27230,0.8533,20901.2,593,694.9,1297.3,0.0,0,23,684.5,1.8863,0.0,564.0,0.1349,220.2,220.2,수리·개인,all,수리·개인 (업종대분류),전체 인구,대분류
60,대구광역시 달성군 유가읍,달성군,2771025900,52.76,57.89,67.58,55.2,14.43,92.22,22.15,130,31236,31236,1.0,0.841,0.0,12073.8,21.9,4302,3.85,27710,56.1887,555.9,1117,19.9,12162.5,0.0,0,60,1047.5,1.7554,0.0,857.9,0.1164,238.4,238.4,수리·개인,all,수리·개인 (업종대분류),전체 인구,대분류
61,대구광역시 달서구 이곡2동,달서구,2729057700,52.52,45.34,50.14,70.47,52.48,95.77,8.72,80,14054,14054,1.0,0.665,0.0,621.2,11.0,4290,4.94,27290,2.2612,6215.3,869,384.3,594.7,0.6479,0,81,1744.6,1.7889,0.525,1534.8,0.0921,173.5,173.5,수리·개인,all,수리·개인 (업종대분류),전체 인구,대분류
62,대구광역시 수성구 황금1동,수성구,2726060100,52.43,49.06,61.68,88.6,38.09,22.78,40.94,55,20820,20820,1.0,0.996,0.0,849.4,9.8,480,1.2,27260,2.5751,8085.1,399,154.9,851.9,0.0702,0,13,72.8,1.9203,0.0909,77.7,0.1378,371.8,371.8,수리·개인,all,수리·개인 (업종대분류),전체 인구,대분류
63,대구광역시 수성구 범어4동,수성구,2726054000,52.4,64.96,58.99,33.22,63.82,55.5,10.07,109,18446,18446,1.0,0.684,0.0,431.8,36.9,974,0.85,27260,1.1922,15472.2,1151,965.4,382.2,0.7541,0,29,516.8,1.7887,0.6606,508.0,0.0947,167.7,167.7,수리·개인,all,수리·개인 (업종대분류),전체 인구,대분류
64,대구광역시 남구 대명10동,남구,2720065000,52.07,50.97,38.86,7.55,87.92,52.89,93.96,126,7805,7805,1.0,1.4,15387.0,373.2,28.4,444,0.68,27200,0.5166,15108.4,650,1258.2,375.5,0.8677,1,12,574.8,1.8044,0.9683,711.2,0.1938,61.5,61.5,수리·개인,all,수리·개인 (업종대분류),전체 인구,대분류
65,대구광역시 서구 상중이동,서구,2717067500,51.15,51.27,56.31,37.24,27.05,58.05,90.6,225,16863,16863,1.0,1.359,0.0,1513.6,14.1,3259,2.72,27170,6.7768,2488.3,1196,176.5,1380.9,0.0125,0,73,191.9,1.8364,0.0133,217.1,0.1881,74.6,74.6,수리·개인,all,수리·개인 (업종대분류),전체 인구,대분류
66,대구광역시 수성구 두산동,수성구,2726064000,50.98,62.89,52.82,4.7,58.72,83.42,36.91,206,14840,14840,1.0,0.955,4499.5,551.5,41.8,3584,2.3,27260,1.8605,7976.4,1558,837.4,524.0,0.4589,1,72,732.3,1.7103,0.3786,836.6,0.1322,71.7,71.7,수리·개인,all,수리·개인 (업종대분류),전체 인구,대분류
67,대구광역시 남구 대명3동,남구,2720058600,50.96,56.34,46.11,43.79,75.17,45.74,24.16,112,12166,12166,1.0,0.857,5897.8,402.4,15.2,1055,1.12,27200,0.9315,13060.7,944,1013.4,415.9,0.7119,1,20,338.9,1.8061,0.7679,309.1,0.1186,107.7,107.7,수리·개인,all,수리·개인 (업종대분류),전체 인구,대분류
68,대구광역시 남구 이천동,남구,2720051500,50.94,45.7,50.94,54.36,52.35,30.2,80.2,85,14245,14245,1.0,1.249,0.0,623.3,16.4,350,0.71,27200,1.0429,13659.0,492,471.8,549.3,0.628,0,12,288.2,1.8983,0.5529,241.0,0.1728,165.6,165.6,수리·개인,all,수리·개인 (업종대분류),전체 인구,대분류
69,대구광역시 달서구 상인2동,달서구,2729062500,50.86,65.0,56.04,10.74,55.43,43.19,59.06,181,16737,16737,1.0,1.103,0.0,532.1,32.5,927,0.78,27290,0.9567,17494.5,1185,1238.6,510.6,0.5401,0,33,566.3,1.6938,0.4917,343.2,0.1527,92.0,92.0,수리·개인,all,수리·개인 (업종대분류),전체 인구,대분류
70,대구광역시 중구 대봉1동,중구,2711068000,50.71,57.38,38.05,2.68,98.09,73.19,34.56,147,7666,7666,1.0,0.951,19088.4,192.8,37.8,1613,1.44,27110,0.5627,13623.6,1117,1985.1,194.3,1.0,2,23,833.7,1.8237,1.0,845.6,0.1316,51.8,51.8,수리·개인,all,수리·개인 (업종대분류),전체 인구,대분류
71,대구광역시 동구 혁신동,동구,2714075500,50.68,46.51,55.5,70.13,27.85,91.81,17.45,110,16501,16501,1.0,0.775,0.0,1017.5,6.4,8600,8.38,27140,17.0739,966.4,1026,60.1,1007.5,0.0,0,102,1121.3,1.8826,0.0,646.7,0.1072,148.7,148.7,수리·개인,all,수리·개인 (업종대분류),전체 인구,대분류
72,대구광역시 동구 신천4동,동구,2714058000,50.57,58.32,47.45,44.64,44.63,97.25,4.7,119,12937,12937,1.0,0.489,0.0,687.7,14.6,6933,3.94,27140,0.7957,16258.6,1759,2210.6,655.2,0.3627,0,85,2660.8,1.7119,0.3109,2315.6,0.0677,107.8,107.8,수리·개인,all,수리·개인 (업종대분류),전체 인구,대분류
73,대구광역시 달성군 현풍읍,달성군,2771026500,50.42,54.8,61.95,46.64,14.09,75.17,49.66,199,20887,20887,1.0,1.047,0.0,12294.5,13.4,3238,2.36,27710,24.3321,858.4,1373,56.4,12264.0,0.0,0,76,500.4,1.6722,0.0,489.4,0.1449,104.4,104.4,수리·개인,all,수리·개인 (업종대분류),전체 인구,대분류
74,대구광역시 동구 불로·봉무동,동구,2714062000,50.37,54.77,59.8,57.55,17.11,90.98,16.78,133,19381,19381,1.0,0.765,0.0,2690.4,13.6,4178,3.33,27140,7.6608,2529.9,1256,164.0,2945.5,0.0008,0,57,1075.7,1.7038,0.0,898.9,0.1059,144.6,144.6,수리·개인,all,수리·개인 (업종대분류),전체 인구,대분류
75,대구광역시 수성구 수성2·3가동,수성구,2726058000,50.3,51.64,42.88,20.13,86.71,67.45,34.56,95,10185,10185,1.0,0.951,5644.8,308.9,24.7,1441,2.0,27260,0.6602,15427.1,722,1093.6,276.9,0.9848,1,24,550.7,1.8895,0.9789,494.1,0.1316,106.1,106.1,수리·개인,all,수리·개인 (업종대분류),전체 인구,대분류
76,대구광역시 중구 남산2동,중구,2711065000,50.29,55.0,37.25,24.49,98.29,73.16,6.04,51,7394,7394,1.0,0.621,82629.0,231.8,37.1,863,1.46,27110,0.3916,18881.5,593,1514.3,289.0,1.0,4,11,1474.2,1.9141,1.0,1629.1,0.086,142.2,142.2,수리·개인,all,수리·개인 (업종대분류),전체 인구,대분류
77,대구광역시 동구 해안동,동구,2714068500,50.26,40.2,47.18,61.41,53.69,23.02,91.95,90,12925,12925,1.0,1.369,11140.2,648.4,9.8,480,1.01,27140,13.264,974.4,475,35.8,755.4,0.0589,2,23,160.5,1.8161,0.1333,137.3,0.1895,142.0,142.0,수리·개인,all,수리·개인 (업종대분류),전체 인구,대분류
78,대구광역시 서구 내당4동,서구,2717054000,49.97,54.77,50.4,24.16,43.08,55.57,78.19,140,14119,14119,1.0,1.246,0.0,673.2,21.6,1151,1.42,27170,0.8127,17373.0,812,999.1,644.9,0.2352,0,30,493.5,1.7588,0.1429,377.2,0.1724,100.1,100.1,수리·개인,all,수리·개인 (업종대분류),전체 인구,대분류
79,대구광역시 달서구 두류3동,달서구,2729055000,49.79,48.08,40.47,41.28,94.02,62.42,7.38,69,8931,8931,1.0,0.638,14138.0,247.4,17.2,954,1.22,27290,1.2035,7420.9,781,648.9,263.5,0.9104,1,23,712.8,1.7883,0.9565,600.7,0.0883,127.6,127.6,수리·개인,all,수리·개인 (업종대분류),전체 인구,대분류
80,대구광역시 수성구 중동,수성구,2726061000,49.72,53.09,51.48,30.04,33.56,54.76,84.83,149,14422,14422,1.0,1.332,0.0,1034.9,18.5,1100,1.36,27260,0.948,15213.1,808,852.3,1056.8,0.0334,0,38,386.9,1.9604,0.047,377.5,0.1844,96.1,96.1,수리·개인,all,수리·개인 (업종대분류),전체 인구,대분류
81,대구광역시 수성구 범물1동,수성구,2726066100,49.43,34.66,42.35,47.32,93.52,69.53,24.83,44,9654,9654,1.0,0.859,11108.8,252.8,24.6,781,2.11,27260,5.8003,1664.4,370,63.8,338.1,0.9676,2,13,815.3,1.6642,1.0,669.7,0.1189,214.5,214.5,수리·개인,all,수리·개인 (업종대분류),전체 인구,대분류
82,대구광역시 북구 대현동,북구,2723064500,49.31,58.89,54.43,52.35,40.54,36.01,32.21,104,15618,15618,1.0,0.938,0.0,811.8,16.1,786,0.98,27230,0.855,18266.7,801,936.8,879.3,0.1423,0,23,239.0,1.7877,0.2308,236.0,0.1298,148.7,148.7,수리·개인,all,수리·개인 (업종대분류),전체 인구,대분류
83,대구광역시 동구 신암2동,동구,2714052000,49.31,47.31,45.03,39.76,48.99,40.37,87.58,63,11446,11446,1.0,1.339,0.0,586.6,28.4,357,1.05,27140,0.3625,31575.2,340,937.9,610.1,0.3059,0,13,392.6,1.7582,0.3016,335.7,0.1853,178.8,178.8,수리·개인,all,수리·개인 (업종대분류),전체 인구,대분류
84,대구광역시 달성군 옥포읍,달성군,2771026200,49.24,47.35,62.75,84.4,15.77,32.35,42.28,102,22138,22138,1.0,1.008,0.0,3909.1,6.4,937,1.28,27710,47.4421,466.6,731,15.4,4106.1,0.0,0,39,152.0,1.7783,0.0,158.9,0.1395,214.9,214.9,수리·개인,all,수리·개인 (업종대분류),전체 인구,대분류
85,대구광역시 동구 방촌동,동구,2714067000,49.11,51.51,55.77,37.92,28.52,30.1,95.3,116,16714,16714,1.0,1.415,0.0,1006.3,20.4,638,1.08,27140,1.2248,13646.3,592,483.3,972.5,0.0,0,22,212.6,1.7373,0.0,192.9,0.1959,142.9,142.9,수리·개인,all,수리·개인 (업종대분류),전체 인구,대분류
86,대구광역시 남구 대명4동,남구,2720059000,49.09,46.07,40.74,25.16,69.33,66.71,62.75,99,9003,9003,1.0,1.126,7282.1,462.4,19.1,1742,2.74,27200,0.76,11846.1,635,835.5,536.5,0.3512,1,20,496.8,1.7378,0.6162,376.6,0.1559,90.0,90.0,수리·개인,all,수리·개인 (업종대분류),전체 인구,대분류
87,대구광역시 달서구 본동,달서구,2729065000,48.93,42.75,48.26,72.14,22.48,65.54,57.05,77,13148,13148,1.0,1.085,0.0,1437.2,8.5,1481,2.89,27290,1.0557,12454.3,513,485.9,1394.5,0.0,0,31,371.6,1.8481,0.0,365.2,0.1501,168.6,168.6,수리·개인,all,수리·개인 (업종대분류),전체 인구,대분류
88,대구광역시 동구 효목2동,동구,2714060000,48.05,53.26,50.67,45.64,36.75,56.88,38.93,88,14147,14147,1.0,0.983,0.0,907.1,19.7,897,1.39,27140,0.761,18590.0,647,850.2,915.3,0.085,0,26,459.9,1.8141,0.0909,432.1,0.136,159.0,159.0,수리·개인,all,수리·개인 (업종대분류),전체 인구,대분류
89,대구광역시 동구 신암3동,동구,2714053000,48.04,43.69,44.76,41.61,38.62,55.03,84.43,73,11150,11150,1.0,1.332,0.0,743.7,20.4,616,1.56,27140,0.6012,18546.2,396,658.7,734.3,0.0581,0,13,452.5,1.8895,0.0411,403.5,0.1843,150.7,150.7,수리·개인,all,수리·개인 (업종대분류),전체 인구,대분류
90,대구광역시 서구 평리5동,서구,2717066000,48.04,43.12,43.42,91.61,19.13,35.33,62.75,29,10531,10531,1.0,1.126,0.0,1835.3,6.8,224,1.2,27170,0.4071,25868.3,186,456.9,1832.0,0.0,0,9,214.6,1.864,0.0,241.5,0.1559,351.0,351.0,수리·개인,all,수리·개인 (업종대분류),전체 인구,대분류
91,대구광역시 달서구 월성2동,달서구,2729060200,48.02,31.98,48.52,65.1,19.46,74.49,85.91,84,13435,13435,1.0,1.334,0.0,1764.1,11.4,2943,6.47,27290,7.6185,1763.5,455,59.7,1831.7,0.0,0,41,250.2,1.7894,0.0,351.9,0.1846,158.1,158.1,수리·개인,all,수리·개인 (업종대분류),전체 인구,대분류
92,대구광역시 수성구 황금2동,수성구,2726060200,47.71,53.02,45.57,7.38,56.44,55.7,75.5,176,11770,11770,1.0,1.235,2213.9,591.0,30.1,1605,1.56,27260,1.1892,9897.4,1030,866.1,557.5,0.4214,1,58,395.5,1.9253,0.3523,329.7,0.1709,66.5,66.5,수리·개인,all,수리·개인 (업종대분류),전체 인구,대분류
93,대구광역시 수성구 수성4가동,수성구,2726059000,47.66,52.15,46.64,32.21,70.4,43.43,29.53,86,12798,12798,1.0,0.916,0.0,380.7,25.0,423,0.62,27260,0.6138,20850.4,678,1104.6,395.7,0.7478,0,14,458.2,1.9008,0.7791,439.1,0.1268,147.1,147.1,수리·개인,all,수리·개인 (업종대분류),전체 인구,대분류
94,대구광역시 중구 남산3동,중구,2711066000,47.47,35.81,34.03,17.78,92.45,39.2,94.63,61,5779,5779,1.0,1.408,5728.2,214.6,23.1,404,1.29,27110,0.4076,14178.1,313,767.9,254.0,0.9968,1,10,293.4,1.8445,1.0,258.1,0.1949,93.2,93.2,수리·개인,all,수리·개인 (업종대분류),전체 인구,대분류
95,대구광역시 중구 남산1동,중구,2711064000,47.29,42.95,32.95,1.34,94.87,82.18,51.68,99,5062,5062,1.0,1.052,12121.7,242.1,46.2,1968,2.89,27110,0.4193,12072.5,680,1621.8,253.0,1.0,2,25,713.6,2.0125,1.0,743.3,0.1456,50.6,50.6,수리·개인,all,수리·개인 (업종대분류),전체 인구,대분류
96,대구광역시 수성구 파동,수성구,2726063000,46.92,38.99,57.38,93.62,20.13,13.16,53.69,48,17133,17133,1.0,1.064,0.0,1651.2,4.5,264,0.81,27260,5.4129,3165.2,326,60.2,1661.7,0.0,0,13,28.4,1.8928,0.0,31.3,0.1472,349.7,349.7,수리·개인,all,수리·개인 (업종대분류),전체 인구,대분류
97,대구광역시 달서구 장기동,달서구,2729056800,46.74,48.05,53.89,14.26,35.23,42.62,98.66,183,15347,15347,1.0,1.563,0.0,1043.2,23.3,958,1.13,27290,2.76,5560.5,846,306.5,906.7,0.1548,0,34,327.3,1.8569,0.1475,266.8,0.2163,83.4,83.4,수리·개인,all,수리·개인 (업종대분류),전체 인구,대분류
98,대구광역시 달성군 구지면,달성군,2771038000,46.52,43.89,59.53,86.58,13.42,48.39,16.11,73,18847,18847,1.0,0.761,0.0,17043.3,7.4,2321,3.35,27710,39.6367,475.5,693,17.5,17209.4,0.0,0,59,87.9,1.65,0.0,101.7,0.1053,254.7,254.7,수리·개인,all,수리·개인 (업종대분류),전체 인구,대분류
99,대구광역시 서구 비산1동,서구,2717055000,46.3,34.9,38.59,73.16,53.02,9.93,81.88,37,7738,7738,1.0,1.255,0.0,542.0,11.8,94,0.44,27170,0.4334,17854.2,213,491.5,505.0,0.5352,0,4,115.3,1.5363,0.4595,89.4,0.1737,203.6,203.6,수리·개인,all,수리·개인 (업종대분류),전체 인구,대분류
100,대구광역시 동구 공산동,동구,2714076000,46.16,45.17,60.34,90.27,15.1,39.26,8.05,68,19708,19708,1.0,0.652,0.0,6107.1,6.7,1875,2.49,27140,83.2696,236.7,754,9.1,7174.6,0.0,0,67,61.0,1.6036,0.0,71.2,0.0902,285.6,285.6,수리·개인,all,수리·개인 (업종대분류),전체 인구,대분류
101,대구광역시 중구 대신동,중구,2711059500,46.06,58.89,36.44,14.43,87.18,57.92,0.67,83,7249,7249,1.0,0.223,13433.4,318.0,24.5,1301,0.48,27110,0.4899,14796.9,2688,5486.8,169.9,0.9699,1,11,1548.5,0.6257,0.8313,801.5,0.0309,86.3,86.3,수리·개인,all,수리·개인 (업종대분류),전체 인구,대분류
102,대구광역시 남구 대명6동,남구,2720061000,45.66,33.83,43.16,34.9,67.38,53.62,61.74,87,10276,10276,1.0,1.123,0.0,393.9,19.0,857,1.53,27200,1.5709,6541.5,560,356.5,385.9,0.675,0,13,329.3,1.9196,0.7126,365.3,0.1554,116.8,116.8,수리·개인,all,수리·개인 (업종대분류),전체 인구,대분류
103,대구광역시 중구 대봉2동,중구,2711069000,45.44,41.61,34.3,44.46,87.55,23.16,39.8,41,5933,5933,1.0,0.988,3410.6,296.9,17.1,179,0.6,27110,0.2744,21621.7,300,1093.3,300.2,1.0,1,8,220.2,1.8838,1.0,209.6,0.1367,141.3,141.3,수리·개인,all,수리·개인 (업종대분류),전체 인구,대분류
104,대구광역시 서구 평리4동,서구,2717065000,45.4,61.71,53.09,23.16,25.84,31.51,57.72,143,15025,15025,1.0,1.087,0.0,1258.2,22.7,553,0.58,27170,0.7453,20159.7,950,1274.7,1310.9,0.0,0,29,308.6,1.72,0.0,258.4,0.1505,104.3,104.3,수리·개인,all,수리·개인 (업종대분류),전체 인구,대분류
105,대구광역시 중구 성내1동,중구,2711056500,45.28,52.62,33.76,0.0,88.73,82.92,11.41,329,5527,5527,1.0,0.698,30098.1,337.0,75.6,4750,1.39,27110,0.759,7281.9,3406,4487.5,324.3,0.8908,1,64,2242.4,1.7374,0.8875,2176.8,0.0966,16.7,16.7,수리·개인,all,수리·개인 (업종대분류),전체 인구,대분류
106,대구광역시 수성구 만촌2동,수성구,2726056000,45.26,38.96,47.72,52.35,43.89,19.4,76.51,105,13080,13080,1.0,1.24,0.0,699.4,12.1,469,0.77,27260,1.9514,6702.9,612,313.6,658.5,0.3431,0,17,172.3,1.9354,0.3048,129.5,0.1716,123.4,123.4,수리·개인,all,수리·개인 (업종대분류),전체 인구,대분류
107,대구광역시 서구 내당2·3동,서구,2717052500,44.96,37.48,39.4,49.83,63.09,32.55,56.38,66,8091,8091,1.0,1.077,0.0,450.7,13.7,287,0.65,27170,0.4967,16289.5,443,891.9,456.6,0.6524,0,13,339.8,1.6893,0.697,295.0,0.149,120.8,120.8,수리·개인,all,수리·개인 (업종대분류),전체 인구,대분류
108,대구광역시 중구 성내2동,중구,2711057500,44.72,47.95,41.54,2.34,80.67,91.71,4.03,160,9263,9263,1.0,0.44,0.0,268.8,41.9,6799,2.59,27110,0.9226,10040.1,2628,2848.5,283.2,0.933,0,67,2751.4,1.6254,0.9062,2651.8,0.0609,57.5,57.5,수리·개인,all,수리·개인 (업종대분류),전체 인구,대분류
109,대구광역시 남구 봉덕3동,남구,2720055000,44.58,44.29,49.86,34.56,35.6,33.46,74.5,146,14003,14003,1.0,1.23,0.0,929.3,16.3,902,1.05,27200,3.0696,4561.8,858,279.5,904.0,0.1096,0,23,221.5,1.8839,0.0411,205.9,0.1702,95.3,95.3,수리·개인,all,수리·개인 (업종대분류),전체 인구,대분류
110,대구광역시 서구 비산7동,서구,2717061000,44.58,40.94,41.28,22.32,62.95,44.06,68.46,135,9260,9260,1.0,1.197,2543.2,508.3,18.7,1162,1.43,27170,2.584,3583.6,815,315.4,513.8,0.4699,1,25,189.6,1.6054,0.5037,220.2,0.1656,68.1,68.1,수리·개인,all,수리·개인 (업종대분류),전체 인구,대분류
111,대구광역시 중구 동인동,중구,2711051700,44.46,47.95,44.5,31.88,41.74,82.48,18.79,117,10997,10997,1.0,0.801,0.0,682.0,16.8,2997,2.84,27110,0.9707,11328.9,1055,1086.8,664.1,0.1223,0,30,902.8,1.8018,0.1111,608.5,0.1109,93.2,93.2,수리·개인,all,수리·개인 (업종대분류),전체 인구,대분류
112,대구광역시 북구 관음동,북구,2723075000,44.29,37.78,49.06,35.24,21.48,49.03,97.32,123,13689,13689,1.0,1.522,0.0,1537.3,18.4,1198,2.05,27230,3.0672,4463.0,584,190.4,1468.8,0.0,0,23,374.4,1.7842,0.0,225.9,0.2106,110.4,110.4,수리·개인,all,수리·개인 (업종대분류),전체 인구,대분류
113,대구광역시 서구 평리3동,서구,2717064000,43.53,45.51,45.84,57.04,23.15,36.17,50.67,94,12090,12090,1.0,1.05,0.0,1405.5,10.4,808,1.25,27170,0.7793,15513.9,647,830.2,1448.3,0.0,0,17,230.2,1.772,0.0,207.7,0.1453,127.3,127.3,수리·개인,all,수리·개인 (업종대분류),전체 인구,대분류
114,대구광역시 수성구 상동,수성구,2726062000,43.28,50.27,49.6,22.14,24.5,19.57,93.29,190,13938,13938,1.0,1.392,0.0,1304.4,19.3,678,0.69,27260,1.3277,10497.9,986,742.6,1288.9,0.0,0,28,118.7,1.9138,0.0,113.6,0.1927,73.0,73.0,수리·개인,all,수리·개인 (업종대분류),전체 인구,대분류
115,대구광역시 서구 비산5동,서구,2717059000,43.0,36.08,32.68,41.94,93.99,18.99,33.56,44,4744,4744,1.0,0.944,7774.7,205.7,15.3,128,0.38,27170,0.3445,13770.7,337,978.2,201.9,1.0,2,4,204.0,1.6091,1.0,201.6,0.1306,105.4,105.4,수리·개인,all,수리·개인 (업종대분류),전체 인구,대분류
116,대구광역시 동구 신암5동,동구,2714054100,42.7,29.5,36.71,60.74,72.82,21.14,43.62,44,7315,7315,1.0,1.012,0.0,387.5,14.4,300,0.96,27140,0.5467,13380.3,314,574.4,366.8,0.9108,0,9,165.0,1.672,0.9318,156.4,0.1401,162.6,162.6,수리·개인,all,수리·개인 (업종대분류),전체 인구,대분류
117,대구광역시 동구 신암1동,동구,2714051000,42.68,44.16,43.69,55.7,26.84,41.54,41.61,73,10781,10781,1.0,1.003,0.0,1077.9,14.4,394,0.75,27140,0.606,17790.4,526,868.0,1051.5,0.0,0,10,436.8,1.7965,0.0,382.5,0.1388,145.7,145.7,수리·개인,all,수리·개인 (업종대분류),전체 인구,대분류
118,대구광역시 서구 비산4동,서구,2717058000,42.28,37.68,39.66,61.08,36.78,23.59,60.07,48,8143,8143,1.0,1.115,0.0,892.4,14.5,256,0.82,27170,0.434,18762.7,311,716.6,872.3,0.0579,0,12,200.0,1.7548,0.0625,188.4,0.1543,166.2,166.2,수리·개인,all,수리·개인 (업종대분류),전체 인구,대분류
119,대구광역시 북구 노원동,북구,2723079000,42.18,41.04,43.96,42.62,43.02,37.65,44.63,155,10954,10954,1.0,1.014,0.0,704.8,9.8,1224,1.11,27230,3.0536,3587.2,1104,361.5,693.4,0.3207,0,44,266.5,1.7025,0.3032,211.6,0.1404,70.2,70.2,수리·개인,all,수리·개인 (업종대분류),전체 인구,대분류
120,대구광역시 달성군 논공읍,달성군,2771025300,41.43,42.72,52.28,45.97,14.76,34.77,55.7,152,14804,14804,1.0,1.076,0.0,8413.1,11.7,1664,1.63,27710,44.0501,336.1,1021,23.2,8220.1,0.0,0,42,76.6,1.7366,0.0,71.6,0.1489,96.8,96.8,수리·개인,all,수리·개인 (업종대분류),전체 인구,대분류
121,대구광역시 서구 평리2동,서구,2717063000,41.43,35.97,35.37,61.08,26.51,12.96,91.28,39,6820,6820,1.0,1.368,0.0,1116.2,15.3,115,0.56,27170,0.2781,24523.6,206,740.7,1200.3,0.0,0,6,152.3,1.7598,0.0,121.1,0.1893,170.5,170.5,수리·개인,all,수리·개인 (업종대분류),전체 인구,대분류
122,대구광역시 중구 삼덕동,중구,2711054500,40.69,44.83,37.52,0.67,59.66,86.78,20.13,171,7460,7460,1.0,0.81,0.0,472.0,67.3,3487,2.29,27110,0.644,11583.9,1526,2369.6,480.0,0.5839,0,70,1719.3,1.8185,0.5965,1550.6,0.1121,43.4,43.4,수리·개인,all,수리·개인 (업종대분류),전체 인구,대분류
123,대구광역시 동구 효목1동,동구,2714059000,40.12,40.84,45.3,50.34,38.46,24.63,30.2,99,11472,11472,1.0,0.918,0.0,853.9,12.7,901,1.16,27140,1.4646,7832.9,779,531.9,849.0,0.1592,0,32,179.1,1.7622,0.1212,74.5,0.1271,114.7,114.7,수리·개인,all,수리·개인 (업종대분류),전체 인구,대분류
124,대구광역시 북구 산격2동,북구,2723062000,39.91,40.84,41.81,37.75,16.78,97.78,13.42,126,9376,9376,1.0,0.721,0.0,2872.4,13.7,10440,8.27,27230,2.3539,3983.2,1263,536.6,2945.4,0.0,0,84,2052.4,1.5111,0.0,1372.1,0.0998,73.8,73.8,수리·개인,all,수리·개인 (업종대분류),전체 인구,대분류
125,대구광역시 남구 대명9동,남구,2720064000,39.49,40.1,47.99,42.62,32.55,28.25,37.58,104,13110,13110,1.0,0.957,0.0,773.1,16.5,762,0.97,27200,3.1401,4175.0,785,250.0,817.3,0.0038,0,28,184.2,1.8211,0.0,179.8,0.1325,124.9,124.9,수리·개인,all,수리·개인 (업종대분류),전체 인구,대분류
126,대구광역시 서구 비산2·3동,서구,2717056500,38.22,34.5,37.78,38.92,49.8,19.4,50.67,76,7550,7550,1.0,1.05,0.0,620.3,15.5,276,0.53,27170,0.555,13603.6,523,942.3,678.0,0.3078,0,13,196.2,1.5586,0.3684,181.3,0.1453,98.1,98.1,수리·개인,all,수리·개인 (업종대분류),전체 인구,대분류
127,대구광역시 서구 평리6동,서구,2717066100,37.85,19.5,33.22,75.84,21.14,29.93,78.19,30,5391,5391,1.0,1.246,0.0,1578.7,7.1,317,1.82,27170,0.7464,7222.7,174,233.1,1588.9,0.0,0,10,129.4,1.7879,0.0,135.8,0.1724,173.9,173.9,수리·개인,all,수리·개인 (업종대분류),전체 인구,대분류
128,대구광역시 달서구 상인3동,달서구,2729062600,37.77,25.64,42.08,52.52,23.82,42.01,60.07,56,9445,9445,1.0,1.115,0.0,1365.0,17.1,464,1.28,27290,3.3085,2854.8,363,109.7,1319.7,0.0,0,13,327.8,1.7064,0.0,293.7,0.1543,165.7,165.7,수리·개인,all,수리·개인 (업종대분류),전체 인구,대분류
129,대구광역시 서구 비산6동,서구,2717060000,37.75,35.44,34.83,31.38,28.86,22.58,88.59,42,6319,6319,1.0,1.349,0.0,977.3,26.1,200,0.89,27170,0.2715,23274.4,225,828.7,935.7,0.0,0,7,166.1,1.6884,0.0,171.7,0.1867,147.0,147.0,수리·개인,all,수리·개인 (업종대분류),전체 인구,대분류
130,대구광역시 남구 봉덕2동,남구,2720054000,37.64,33.69,46.91,64.76,22.15,6.51,44.63,66,12852,12852,1.0,1.014,0.0,1497.6,15.6,66,0.14,27200,3.0276,4244.9,470,155.2,1539.8,0.0,0,4,59.5,1.8229,0.0,65.6,0.1404,191.8,191.8,수리·개인,all,수리·개인 (업종대분류),전체 인구,대분류
131,대구광역시 북구 검단동,북구,2723068000,37.61,14.26,33.49,74.5,17.45,45.9,82.55,34,5414,5414,1.0,1.293,0.0,2676.0,2.5,574,3.02,27230,3.7681,1436.8,190,50.4,2658.8,0.0,0,6,208.6,1.7306,0.0,199.4,0.1789,154.7,154.7,수리·개인,all,수리·개인 (업종대분류),전체 인구,대분류
132,대구광역시 북구 산격1동,북구,2723061000,37.13,25.54,36.98,80.2,18.12,7.51,65.77,40,7370,7370,1.0,1.17,0.0,2212.9,5.2,69,0.28,27230,0.8679,8491.8,247,284.6,2197.3,0.0,0,5,71.8,1.7525,0.0,67.6,0.1619,179.8,179.8,수리·개인,all,수리·개인 (업종대분류),전체 인구,대분류
133,대구광역시 서구 평리1동,서구,2717062000,36.58,30.6,34.56,36.92,28.19,9.19,97.99,63,6126,6126,1.0,1.543,0.0,1010.9,15.6,68,0.23,27170,0.3656,16756.0,295,806.9,1031.4,0.0,0,4,102.6,1.7586,0.0,94.2,0.2136,95.7,95.7,수리·개인,all,수리·개인 (업종대분류),전체 인구,대분류
134,대구광역시 북구 산격4동,북구,2723063100,36.47,26.17,35.64,58.39,18.79,46.78,52.35,54,6961,6961,1.0,1.06,0.0,2146.6,9.7,595,1.62,27230,0.7157,9726.1,368,514.2,2035.1,0.0,0,6,252.6,1.8845,0.0,289.4,0.1467,126.6,126.6,수리·개인,all,수리·개인 (업종대분류),전체 인구,대분류
135,대구광역시 남구 봉덕1동,남구,2720053000,35.34,39.57,38.32,31.04,39.26,21.11,31.54,83,7680,7680,1.0,0.921,0.0,785.7,16.8,448,0.69,27200,0.4881,15734.5,651,1333.7,815.4,0.192,0,12,195.9,1.7448,0.1205,163.7,0.1275,91.4,91.4,수리·개인,all,수리·개인 (업종대분류),전체 인구,대분류
136,대구광역시 남구 대명11동,남구,2720066000,35.15,30.84,36.18,40.27,46.04,38.99,18.12,68,7152,7152,1.0,0.8,0.0,633.9,15.4,711,1.16,27200,0.8477,8436.9,614,724.3,687.2,0.0537,0,19,454.2,1.5689,0.2059,250.3,0.1107,103.7,103.7,수리·개인,all,수리·개인 (업종대분류),전체 인구,대분류
137,대구광역시 북구 산격3동,북구,2723063000,34.68,37.48,39.93,8.06,18.46,87.85,26.85,117,8390,8390,1.0,0.892,0.0,2170.7,30.7,3619,3.82,27230,1.272,6595.9,947,744.5,2105.0,0.0,0,19,1139.1,1.6083,0.0,699.7,0.1235,71.1,71.1,수리·개인,all,수리·개인 (업종대분류),전체 인구,대분류
138,대구광역시 달성군 가창면,달성군,2771031000,33.84,15.84,35.1,94.3,16.44,51.21,3.36,22,6719,6719,1.0,0.41,0.0,3639.0,1.8,2291,5.9,27710,110.4332,60.8,388,3.5,5522.5,0.0,0,32,134.5,1.676,0.0,107.0,0.0567,292.1,292.1,수리·개인,all,수리·개인 (업종대분류),전체 인구,대분류
139,대구광역시 북구 복현1동,북구,2723067100,32.24,38.56,35.91,37.42,20.47,33.96,14.09,50,7131,7131,1.0,0.73,0.0,1639.4,19.9,333,0.67,27230,0.3619,19704.3,495,1367.8,1714.4,0.0,0,10,312.4,1.6966,0.0,306.9,0.101,139.8,139.8,수리·개인,all,수리·개인 (업종대분류),전체 인구,대분류
140,대구광역시 북구 침산1동,북구,2723055000,29.99,14.23,32.15,58.05,19.8,12.41,63.76,31,3441,3441,1.0,1.143,0.0,1698.3,5.9,115,0.59,27230,1.4697,2341.3,196,133.4,1796.3,0.0,0,6,93.6,1.733,0.0,97.5,0.1582,107.5,107.5,수리·개인,all,수리·개인 (업종대분류),전체 인구,대분류
141,대구광역시 달성군 하빈면,달성군,2771033000,28.78,10.0,31.61,80.7,15.43,39.6,10.74,17,3104,3104,1.0,0.694,0.0,4263.8,0.8,850,4.8,27710,37.7234,82.3,177,4.7,3593.4,0.0,0,16,16.9,1.703,0.0,10.1,0.096,172.4,172.4,수리·개인,all,수리·개인 (업종대분류),전체 인구,대분류
142,대구광역시 동구 도평동,동구,2714061500,28.69,9.9,31.88,93.29,17.78,7.38,19.46,8,3371,3371,1.0,0.803,0.0,2591.5,6.6,41,0.57,27140,19.9271,169.2,72,3.6,2629.1,0.0,0,3,4.2,1.635,0.0,4.4,0.1111,374.6,374.6,수리·개인,all,수리·개인 (업종대분류),전체 인구,대분류
143,대구광역시 군위군 군위읍,군위군,2772025000,28.05,22.78,39.13,66.45,11.41,2.35,14.77,57,7901,7901,1.0,0.737,0.0,30438.7,4.2,0,0.0,27720,82.95,95.3,559,6.7,30678.1,0.0,0,0,0.0,1.7561,0.0,0.0,0.102,136.2,136.2,수리·개인,all,수리·개인 (업종대분류),전체 인구,대분류
144,대구광역시 군위군 우보면,군위군,2772034000,27.24,7.11,30.54,94.13,11.74,2.35,28.86,6,1937,1937,1.0,0.903,0.0,27870.5,1.0,0,0.0,27720,60.4878,32.0,48,0.8,27265.0,0.0,0,0,0.0,1.6422,0.0,0.0,0.125,276.7,276.7,수리·개인,all,수리·개인 (업종대분류),전체 인구,대분류
145,대구광역시 군위군 효령면,군위군,2772032000,26.87,9.8,32.42,87.75,13.09,2.35,20.81,16,3639,3639,1.0,0.826,0.0,20338.5,0.8,0,0.0,27720,96.6177,37.7,140,1.4,19823.3,0.0,0,0,0.0,1.6874,0.0,0.0,0.1143,214.1,214.1,수리·개인,all,수리·개인 (업종대분류),전체 인구,대분류
146,대구광역시 군위군 소보면,군위군,2772031000,25.69,7.79,31.34,99.5,11.07,2.35,2.68,3,2221,2221,1.0,0.344,0.0,34753.7,0.0,0,0.0,27720,99.6768,22.3,63,0.6,34386.7,0.0,0,0,0.0,1.6534,0.0,0.0,0.0476,555.2,555.2,수리·개인,all,수리·개인 (업종대분류),전체 인구,대분류
147,대구광역시 군위군 부계면,군위군,2772033000,25.67,8.19,30.8,97.48,13.76,2.35,1.34,5,2106,2106,1.0,0.232,0.0,16804.8,0.4,0,0.0,27720,65.1498,32.3,156,2.4,14132.4,0.0,0,0,0.0,1.5238,0.0,0.0,0.0321,351.0,351.0,수리·개인,all,수리·개인 (업종대분류),전체 인구,대분류
148,대구광역시 군위군 의흥면,군위군,2772035000,25.2,8.66,31.07,87.58,12.08,2.35,12.08,9,2217,2217,1.0,0.707,0.0,27618.0,3.3,0,0.0,27720,54.4298,40.7,92,1.7,27468.0,0.0,0,0,0.0,1.3958,0.0,0.0,0.0978,221.7,221.7,수리·개인,all,수리·개인 (업종대분류),전체 인구,대분류
149,대구광역시 군위군 산성면,군위군,2772036000,25.02,6.84,30.0,97.48,12.75,2.35,2.01,2,1201,1201,1.0,0.321,0.0,22185.5,1.0,0,0.0,27720,36.9047,32.5,45,1.2,21435.4,0.0,0,0,0.0,1.3772,0.0,0.0,0.0444,400.3,400.3,수리·개인,all,수리·개인 (업종대분류),전체 인구,대분류
150,대구광역시 군위군 삼국유사면,군위군,2772037000,25.01,6.27,30.27,99.83,12.41,2.35,0.0,1,1330,1330,1.0,0.201,0.0,26720.3,0.0,0,0.0,27720,115.041,11.6,36,0.3,24412.0,0.0,0,0,0.0,1.542,0.0,0.0,0.0278,665.0,665.0,수리·개인,all,수리·개인 (업종대분류),전체 인구,대분류
1,대구광역시 달서구 감삼동,달서구,2729055500,75.59,92.55,90.6,40.27,76.98,62.15,59.06,122,31125,4956,0.1592,0.969,12921.8,432.7,7.7,1705,1.16,27290,1.1434,27221.4,1465,1281.3,450.0,0.641,1,37,514.2,1.8307,0.7213,577.0,0.0833,253.0,40.3,과학·기술,30s,과학·기술 (업종대분류),30대 직장인/청장년층,대분류
2,대구광역시 동구 신암4동,동구,2714054000,74.92,68.86,93.29,80.88,78.86,74.16,42.28,35,18383,3603,0.196,0.782,43556.8,444.5,2.0,2706,5.19,27140,1.1656,15771.3,521,447.0,378.4,0.7179,2,29,569.0,1.8721,0.7143,387.9,0.0672,510.6,100.1,과학·기술,30s,과학·기술 (업종대분류),30대 직장인/청장년층,대분류
3,대구광역시 북구 칠성동,북구,2723052600,73.11,85.17,86.58,61.08,66.44,88.36,22.82,70,23657,3678,0.1555,0.604,23713.1,551.1,3.4,4486,3.33,27230,1.3907,17010.9,1349,970.0,435.4,0.6308,2,51,877.9,1.5237,0.4429,782.7,0.0519,333.2,51.8,과학·기술,30s,과학·기술 (업종대분류),30대 직장인/청장년층,대분류
4,대구광역시 수성구 범어1동,수성구,2726051000,72.36,83.59,67.79,31.88,97.32,81.74,61.74,87,22679,2753,0.1214,1.025,19467.9,206.4,8.6,2378,2.41,27260,1.1852,19135.2,988,833.6,239.4,0.996,2,34,1056.3,1.9254,0.9885,922.9,0.0881,257.7,31.3,과학·기술,30s,과학·기술 (업종대분류),30대 직장인/청장년층,대분류
5,"대구광역시 달서구 두류1,2동",달서구,2729053500,72.28,68.36,82.95,30.03,86.64,87.85,88.93,129,15672,2568,0.1639,1.572,15669.8,360.5,5.3,3657,3.83,27290,1.2776,12266.8,955,747.5,325.6,0.8597,2,36,680.4,1.903,0.8605,715.1,0.1351,120.6,19.8,과학·기술,30s,과학·기술 (업종대분류),30대 직장인/청장년층,대분류
6,대구광역시 달서구 용산1동,달서구,2729057100,72.25,83.83,68.19,27.86,83.29,85.98,81.88,116,27808,3187,0.1146,1.348,12948.6,362.8,12.0,2800,2.8,27290,1.4578,19075.3,1001,686.7,500.2,0.5395,1,27,594.5,1.8138,0.7845,960.6,0.1159,237.7,27.2,과학·기술,30s,과학·기술 (업종대분류),30대 직장인/청장년층,대분류
7,대구광역시 달서구 진천동,달서구,2729061500,71.8,85.24,75.17,67.62,68.52,75.5,32.21,120,49267,5897,0.1197,0.677,33114.2,560.1,2.2,3768,1.83,27290,5.3271,9248.4,2063,387.3,538.6,0.6757,3,95,557.9,1.7891,0.5833,584.7,0.0582,407.2,48.7,과학·기술,30s,과학·기술 (업종대분류),30대 직장인/청장년층,대분류
8,대구광역시 동구 안심4동,동구,2714074700,70.21,74.73,66.51,70.64,80.13,75.1,43.62,67,26289,3004,0.1143,0.791,13918.2,396.4,1.9,2726,2.77,27140,2.572,10221.2,985,383.0,390.0,0.7503,2,66,438.1,1.8606,0.7164,483.5,0.068,386.6,44.2,과학·기술,30s,과학·기술 (업종대분류),30대 직장인/청장년층,대분류
9,대구광역시 달서구 유천동,달서구,2729061700,69.42,73.86,85.24,88.42,53.69,74.9,14.09,31,32864,4755,0.1447,0.496,0.0,539.0,1.5,1643,2.26,27290,1.3119,25050.7,728,554.9,622.7,0.2788,0,41,613.2,1.8499,0.4194,715.0,0.0426,1027.0,148.6,과학·기술,30s,과학·기술 (업종대분류),30대 직장인/청장년층,대분류
10,대구광역시 남구 대명2동,남구,2720057100,68.9,65.84,87.79,36.92,91.01,46.14,77.85,87,15229,2850,0.1871,1.267,7568.7,249.2,6.6,780,0.98,27200,0.8755,17394.6,799,912.6,253.3,0.9862,1,20,331.0,1.8046,0.9655,390.4,0.1089,173.1,32.4,과학·기술,30s,과학·기술 (업종대분류),30대 직장인/청장년층,대분류
11,대구광역시 달서구 이곡1동,달서구,2729057600,68.22,70.04,60.54,72.48,80.47,86.38,35.23,51,19663,2299,0.1169,0.709,15640.1,408.5,1.7,2777,3.32,27290,1.8033,10903.9,837,464.1,366.7,0.8339,2,56,1398.8,1.8622,0.7843,836.7,0.0609,378.1,44.2,과학·기술,30s,과학·기술 (업종대분류),30대 직장인/청장년층,대분류
12,대구광역시 달서구 죽전동,달서구,2729056300,67.8,69.8,80.67,28.02,79.4,66.24,79.87,106,14344,2373,0.1654,1.297,13243.8,389.6,6.5,1402,1.47,27290,0.7849,18274.9,951,1211.6,343.2,0.8107,1,42,580.0,1.8808,0.6981,579.3,0.1115,134.1,22.2,과학·기술,30s,과학·기술 (업종대분류),30대 직장인/청장년층,대분류
13,대구광역시 달성군 다사읍,달성군,2771025600,67.66,78.79,81.88,84.06,46.44,67.32,13.42,98,88904,11904,0.1339,0.492,24793.4,1414.1,1.9,4705,2.03,27710,36.8156,2414.8,2317,62.9,1242.5,0.3423,3,133,475.8,1.7768,0.2551,388.1,0.0423,898.0,120.2,과학·기술,30s,과학·기술 (업종대분류),30대 직장인/청장년층,대분류
14,대구광역시 동구 안심1동,동구,2714072000,66.86,84.53,62.95,60.91,73.96,58.25,28.52,98,37158,3918,0.1054,0.642,15850.8,459.8,2.6,2910,1.64,27140,3.4892,10649.4,1776,509.0,428.2,0.5923,2,56,451.6,1.7618,0.6327,306.7,0.0552,375.3,39.6,과학·기술,30s,과학·기술 (업종대분류),30대 직장인/청장년층,대분류
15,대구광역시 중구 성내3동,중구,2711058500,65.97,55.77,95.84,54.36,77.65,43.66,59.06,37,13643,3445,0.2525,0.969,5778.9,400.6,7.5,259,0.58,27110,0.7455,18300.5,444,595.6,332.9,0.9302,1,12,257.9,1.9273,0.8108,546.5,0.0833,359.0,90.7,과학·기술,30s,과학·기술 (업종대분류),30대 직장인/청장년층,대분류
16,대구광역시 달성군 화원읍,달성군,2771025000,65.96,76.04,65.37,86.24,71.41,42.42,21.81,78,45354,4873,0.1074,0.6,17158.0,477.9,0.8,2363,1.56,27710,25.9877,1745.2,1512,58.2,477.2,0.6104,2,64,174.0,1.7733,0.5513,154.7,0.0516,574.1,61.7,과학·기술,30s,과학·기술 (업종대분류),30대 직장인/청장년층,대분류
17,대구광역시 중구 남산4동,중구,2711067000,64.78,57.58,77.72,66.44,81.41,45.51,52.35,31,15842,2418,0.1526,0.895,0.0,268.1,3.5,481,1.19,27110,0.449,35282.9,403,897.6,351.8,0.8164,0,16,308.4,1.9455,0.9355,365.9,0.0769,495.1,75.6,과학·기술,30s,과학·기술 (업종대분류),30대 직장인/청장년층,대분류
18,대구광역시 달서구 상인1동,달서구,2729062400,64.76,90.67,54.23,51.51,59.87,75.23,24.83,56,31919,3174,0.0994,0.62,20963.7,671.4,5.9,2895,2.76,27290,1.4947,21354.8,1050,702.5,455.1,0.5638,1,54,886.7,1.7616,0.2679,467.0,0.0533,560.0,55.7,과학·기술,30s,과학·기술 (업종대분류),30대 직장인/청장년층,대분류
19,대구광역시 수성구 고산2동,수성구,2726068000,64.75,67.85,67.38,28.36,63.69,77.78,93.29,180,25533,2968,0.1162,1.649,11450.8,574.3,4.8,6126,4.82,27260,24.337,1049.1,1270,52.2,499.8,0.5976,3,88,249.9,1.894,0.4944,389.0,0.1417,141.1,16.4,과학·기술,30s,과학·기술 (업종대분류),30대 직장인/청장년층,대분류
20,대구광역시 북구 고성동,북구,2723051000,64.29,55.74,98.12,73.82,62.05,59.53,16.11,24,14603,3875,0.2654,0.556,0.0,463.9,3.3,694,1.38,27230,0.52,28082.7,502,965.4,502.8,0.4641,0,9,698.5,1.5975,0.6667,579.0,0.0478,584.1,155.0,과학·기술,30s,과학·기술 (업종대분류),30대 직장인/청장년층,대분류
21,대구광역시 북구 구암동,북구,2723074500,63.51,74.9,40.4,69.3,88.99,58.56,33.56,62,30230,2699,0.0893,0.697,15065.5,304.3,1.9,2117,2.05,27230,4.1947,7206.7,1035,246.7,349.2,0.7449,3,41,403.8,1.7552,0.8387,316.8,0.0599,479.8,42.8,과학·기술,30s,과학·기술 (업종대분류),30대 직장인/청장년층,대분류
22,대구광역시 북구 국우동,북구,2723080000,63.3,61.41,77.12,80.04,56.64,61.0,28.52,52,29112,3756,0.129,0.642,3118.2,618.6,1.8,2431,2.58,27230,16.9087,1721.7,942,55.7,759.4,0.4586,2,41,272.2,1.7701,0.4231,305.9,0.0552,549.3,70.9,과학·기술,30s,과학·기술 (업종대분류),30대 직장인/청장년층,대분류
23,대구광역시 수성구 범어3동,수성구,2726053000,63.1,71.34,72.35,1.34,59.26,82.75,98.66,330,17016,2396,0.1408,3.324,0.0,479.7,228.5,2389,2.07,27260,0.5836,29157.0,1155,1979.1,503.0,0.4978,0,39,1299.8,1.8564,0.6,1722.7,0.2857,51.4,7.2,과학·기술,30s,과학·기술 (업종대분류),30대 직장인/청장년층,대분류
24,대구광역시 북구 동천동,북구,2723078000,62.69,86.88,46.77,54.86,62.75,91.61,4.7,47,24635,2419,0.0982,0.383,8538.0,528.2,4.6,4100,2.87,27230,1.0632,23170.6,1429,1344.1,430.1,0.6767,1,118,1498.7,1.7811,0.3191,1820.3,0.0329,513.2,50.4,과학·기술,30s,과학·기술 (업종대분류),30대 직장인/청장년층,대분류
25,대구광역시 북구 태전2동,북구,2723073500,62.52,67.82,51.94,65.44,74.7,67.38,40.27,62,21610,2309,0.1068,0.75,3795.2,424.6,2.0,2036,2.12,27230,2.0691,10444.2,961,464.5,413.0,0.7815,1,51,470.0,1.797,0.8065,433.9,0.0645,343.0,36.7,과학·기술,30s,과학·기술 (업종대분류),30대 직장인/청장년층,대분류
26,대구광역시 남구 대명5동,남구,2720060000,62.28,46.84,69.53,38.6,86.37,81.28,74.5,63,8896,1483,0.1667,1.208,11071.1,306.1,4.1,2694,4.44,27200,0.74,12021.6,607,820.3,256.8,0.8666,1,20,557.7,1.8206,0.8254,549.4,0.1038,139.0,23.2,과학·기술,30s,과학·기술 (업종대분류),30대 직장인/청장년층,대분류
27,대구광역시 수성구 범어2동,수성구,2726052000,61.8,69.03,64.16,0.67,63.09,86.94,100.0,369,15345,2007,0.1308,3.924,10699.6,545.4,143.9,2861,2.62,27260,1.0094,15202.1,1094,1083.8,482.8,0.5384,1,42,1064.7,1.8705,0.4119,1457.9,0.3373,41.5,5.4,과학·기술,30s,과학·기술 (업종대분류),30대 직장인/청장년층,대분류
28,대구광역시 중구 남산2동,중구,2711065000,61.71,55.0,71.28,2.35,91.01,70.14,99.33,195,7394,1429,0.1933,3.825,82629.0,368.9,66.2,863,1.46,27110,0.3916,18881.5,593,1514.3,289.0,1.0,4,11,1474.2,1.9141,1.0,962.9,0.3288,37.7,7.3,과학·기술,30s,과학·기술 (업종대분류),30대 직장인/청장년층,대분류
29,대구광역시 서구 내당1동,서구,2717051000,61.68,54.63,79.33,68.12,49.66,76.64,40.94,30,14683,2359,0.1607,0.757,0.0,610.3,3.4,1153,2.5,27170,0.5707,25728.1,461,807.8,613.4,0.3362,0,27,826.7,1.842,0.3,909.1,0.0651,473.6,76.1,과학·기술,30s,과학·기술 (업종대분류),30대 직장인/청장년층,대분류
30,대구광역시 달서구 본리동,달서구,2729059000,61.48,67.85,83.69,79.87,25.27,59.33,26.85,39,22993,3410,0.1483,0.627,0.0,1253.4,2.0,1195,1.65,27290,1.0774,21341.2,723,671.1,1208.5,0.0,0,48,381.0,1.8016,0.0,393.0,0.0539,574.8,85.2,과학·기술,30s,과학·기술 (업종대분류),30대 직장인/청장년층,대분류
31,대구광역시 동구 신천3동,동구,2714057000,61.36,58.62,83.36,11.74,47.25,84.53,97.99,186,14835,2494,0.1681,2.811,0.0,629.3,14.5,1998,2.59,27140,0.7179,20664.4,770,1072.6,542.0,0.4195,0,48,1228.0,1.9695,0.2527,1750.6,0.2416,79.3,13.3,과학·기술,30s,과학·기술 (업종대분류),30대 직장인/청장년층,대분류
32,대구광역시 동구 신천4동,동구,2714058000,60.94,58.32,89.8,5.7,38.99,97.25,90.6,241,12937,2727,0.2108,1.594,0.0,877.6,31.3,6933,3.94,27140,0.7957,16258.6,1759,2210.6,655.2,0.3627,0,85,2660.8,1.7119,0.1286,2104.3,0.137,53.5,11.3,과학·기술,30s,과학·기술 (업종대분류),30대 직장인/청장년층,대분류
33,대구광역시 중구 대신동,중구,2711059500,60.77,58.89,61.21,79.03,88.12,57.25,0.67,16,7249,1126,0.1553,0.07,13433.4,309.5,1.8,1301,0.48,27110,0.4899,14796.9,2688,5486.8,169.9,0.9699,1,11,1548.5,0.6257,0.875,799.4,0.006,426.4,66.2,과학·기술,30s,과학·기술 (업종대분류),30대 직장인/청장년층,대분류
34,대구광역시 동구 안심2동,동구,2714073000,60.31,44.03,83.22,90.94,43.76,51.54,51.01,30,17002,2729,0.1605,0.885,3810.8,1122.3,0.9,1493,3.79,27140,13.3309,1275.4,394,29.6,844.7,0.3046,1,43,159.2,1.8547,0.2667,173.4,0.0761,548.5,88.0,과학·기술,30s,과학·기술 (업종대분류),30대 직장인/청장년층,대분류
35,대구광역시 북구 관문동,북구,2723071500,60.22,64.33,70.74,83.06,36.98,53.42,34.23,49,31975,3699,0.1157,0.705,7033.3,1867.8,1.5,2576,3.18,27230,14.8231,2157.1,809,54.6,1662.6,0.3498,3,64,205.6,1.7905,0.2245,170.6,0.0606,639.5,74.0,과학·기술,30s,과학·기술 (업종대분류),30대 직장인/청장년층,대분류
36,대구광역시 수성구 고산3동,수성구,2726069000,60.08,67.78,51.94,67.95,82.95,49.83,17.45,41,29136,2881,0.0989,0.568,8180.9,376.9,2.9,994,1.18,27260,5.2954,5502.1,841,158.8,377.6,0.8193,1,35,511.9,1.8415,0.878,372.1,0.0488,693.7,68.6,과학·기술,30s,과학·기술 (업종대분류),30대 직장인/청장년층,대분류
37,대구광역시 달서구 월성1동,달서구,2729060100,60.0,80.54,51.28,65.1,36.44,88.73,14.77,64,39423,3671,0.0931,0.518,0.0,919.1,3.0,4066,2.83,27290,1.9323,20402.1,1438,744.2,899.2,0.096,0,70,1080.4,1.8341,0.0938,1064.0,0.0445,606.5,56.5,과학·기술,30s,과학·기술 (업종대분류),30대 직장인/청장년층,대분류
38,대구광역시 수성구 두산동,수성구,2726064000,59.93,62.89,72.88,22.15,61.21,79.4,60.4,133,14840,2190,0.1476,0.994,4499.5,545.7,6.1,3584,2.3,27260,1.8605,7976.4,1558,837.4,524.0,0.4589,1,72,732.3,1.7103,0.4436,651.0,0.0854,110.7,16.3,과학·기술,30s,과학·기술 (업종대분류),30대 직장인/청장년층,대분류
39,대구광역시 달서구 송현2동,달서구,2729064000,59.81,74.03,60.54,41.94,70.2,38.36,48.32,74,17618,2073,0.1177,0.852,7829.2,475.4,4.3,831,0.82,27290,0.9693,18176.0,1011,1043.0,449.2,0.6281,1,33,378.6,1.7597,0.6486,300.9,0.0732,234.9,27.6,과학·기술,30s,과학·기술 (업종대분류),30대 직장인/청장년층,대분류
40,대구광역시 동구 안심3동,동구,2714074200,59.38,57.28,69.6,69.3,67.72,37.65,39.6,46,19897,2567,0.129,0.749,6999.1,464.9,2.3,913,1.28,27140,5.8689,3390.2,714,121.7,457.1,0.556,1,29,232.8,1.9059,0.5217,199.2,0.0644,423.3,54.6,과학·기술,30s,과학·기술 (업종대분류),30대 직장인/청장년층,대분류
41,대구광역시 달서구 상인2동,달서구,2729062500,59.23,65.0,76.24,57.55,56.98,52.25,20.81,61,16737,2446,0.1461,0.599,0.0,520.5,2.9,927,0.78,27290,0.9567,17494.5,1185,1238.6,510.6,0.5401,0,33,566.3,1.6938,0.5574,537.4,0.0515,270.0,39.5,과학·기술,30s,과학·기술 (업종대분류),30대 직장인/청장년층,대분류
42,대구광역시 북구 복현2동,북구,2723067200,59.22,63.59,77.45,71.48,21.58,57.99,48.99,48,28733,3747,0.1304,0.861,0.0,1552.2,2.8,1348,2.08,27230,1.8078,15893.9,649,359.0,1620.2,0.0,0,39,355.2,1.8941,0.0,361.7,0.074,586.4,76.5,과학·기술,30s,과학·기술 (업종대분류),30대 직장인/청장년층,대분류
43,대구광역시 동구 혁신동,동구,2714075500,59.14,46.51,86.44,39.1,28.62,94.83,82.55,121,16501,2858,0.1732,1.372,0.0,1006.1,4.1,8600,8.38,27140,17.0739,966.4,1026,60.1,1007.5,0.0,0,102,1121.3,1.8826,0.0,911.0,0.1179,135.3,23.4,과학·기술,30s,과학·기술 (업종대분류),30대 직장인/청장년층,대분류
44,대구광역시 수성구 고산1동,수성구,2726067000,59.12,72.28,52.48,75.0,52.28,71.14,7.38,41,31066,3054,0.0983,0.421,11318.1,780.0,2.2,2849,2.52,27260,8.624,3602.3,1132,131.3,600.7,0.4735,1,43,613.8,1.7871,0.1707,431.5,0.0362,739.7,72.7,과학·기술,30s,과학·기술 (업종대분류),30대 직장인/청장년층,대분류
45,대구광역시 달서구 신당동,달서구,2729058500,59.08,75.64,59.59,31.72,58.99,64.36,44.3,168,27882,2984,0.107,0.793,24240.6,738.5,4.4,7236,2.94,27290,9.211,3027.0,2465,267.6,821.4,0.4365,2,113,477.8,1.7073,0.3452,238.2,0.0682,165.0,17.7,과학·기술,30s,과학·기술 (업종대분류),30대 직장인/청장년층,대분류
46,대구광역시 남구 대명3동,남구,2720058600,58.4,56.34,73.56,19.13,70.13,48.09,85.91,120,12166,1922,0.158,1.479,5897.8,451.2,7.0,1055,1.12,27200,0.9315,13060.7,944,1013.4,415.9,0.7119,1,20,338.9,1.8061,0.5917,364.9,0.1271,100.5,15.9,과학·기술,30s,과학·기술 (업종대분류),30대 직장인/청장년층,대분류
47,대구광역시 중구 대봉1동,중구,2711068000,58.32,57.38,48.59,3.36,97.85,72.18,89.93,152,7666,986,0.1286,1.583,19088.4,216.1,20.3,1613,1.44,27110,0.5627,13623.6,1117,1985.1,194.3,1.0,2,23,833.7,1.8237,1.0,901.0,0.1361,50.1,6.4,과학·기술,30s,과학·기술 (업종대분류),30대 직장인/청장년층,대분류
48,대구광역시 북구 침산2동,북구,2723056000,58.26,60.87,68.33,64.94,26.61,83.08,42.95,40,17835,2364,0.1325,0.785,0.0,1165.4,3.1,2202,3.71,27230,0.8533,20901.2,593,694.9,1297.3,0.0,0,23,684.5,1.8863,0.0,668.0,0.0675,435.0,57.7,과학·기술,30s,과학·기술 (업종대분류),30대 직장인/청장년층,대분류
49,대구광역시 달성군 유가읍,달성군,2771025900,57.93,57.89,83.36,69.96,14.19,93.22,19.46,55,31236,4474,0.1432,0.572,0.0,12149.2,3.1,4302,3.85,27710,56.1887,555.9,1117,19.9,12162.5,0.0,0,60,1047.5,1.7554,0.0,1099.7,0.0492,557.8,79.9,과학·기술,30s,과학·기술 (업종대분류),30대 직장인/청장년층,대분류
50,대구광역시 중구 성내2동,중구,2711057500,57.75,47.95,79.19,5.04,76.18,91.04,62.42,232,9263,1817,0.1962,1.027,0.0,335.0,20.0,6799,2.59,27110,0.9226,10040.1,2628,2848.5,283.2,0.933,0,67,2751.4,1.6254,0.9353,2014.2,0.0883,39.8,7.8,과학·기술,30s,과학·기술 (업종대분류),30대 직장인/청장년층,대분류
51,대구광역시 중구 동인동,중구,2711051700,57.74,47.95,85.91,10.4,45.57,81.82,95.97,200,10997,2340,0.2128,2.206,0.0,634.9,11.3,2997,2.84,27110,0.9707,11328.9,1055,1086.8,664.1,0.1223,0,30,902.8,1.8018,0.2,622.5,0.1896,54.7,11.6,과학·기술,30s,과학·기술 (업종대분류),30대 직장인/청장년층,대분류
52,대구광역시 수성구 지산1동,수성구,2726065100,57.44,65.57,43.36,31.38,83.96,60.87,57.05,105,18617,1886,0.1013,0.939,5358.9,327.8,4.6,1776,1.37,27260,2.8948,6431.2,1301,449.4,326.2,0.9101,1,63,541.8,1.8658,0.8857,440.5,0.0807,175.6,17.8,과학·기술,30s,과학·기술 (업종대분류),30대 직장인/청장년층,대분류
53,대구광역시 서구 원대동,서구,2717069500,57.28,48.56,64.97,59.06,82.28,40.23,44.97,29,9963,1492,0.1498,0.796,7453.5,313.1,3.5,475,1.12,27170,0.6219,16020.3,424,681.8,291.4,0.9009,1,18,230.3,1.6358,0.7241,310.3,0.0684,332.1,49.7,과학·기술,30s,과학·기술 (업종대분류),30대 직장인/청장년층,대분류
54,대구광역시 수성구 수성1가동,수성구,2726057000,56.94,73.99,31.28,37.08,90.07,41.08,53.02,55,16970,1570,0.0925,0.904,11615.6,286.1,5.4,364,0.51,27260,0.6383,26586.2,708,1109.2,306.7,0.8814,1,13,357.1,1.9594,0.8909,443.8,0.0777,303.0,28.0,과학·기술,30s,과학·기술 (업종대분류),30대 직장인/청장년층,대분류
55,대구광역시 달성군 현풍읍,달성군,2771026500,56.72,54.8,85.37,85.57,13.86,74.5,8.39,50,20887,3249,0.1556,0.423,0.0,12333.4,1.0,3238,2.36,27710,24.3321,858.4,1373,56.4,12264.0,0.0,0,76,500.4,1.6722,0.0,513.2,0.0364,409.5,63.7,과학·기술,30s,과학·기술 (업종대분류),30대 직장인/청장년층,대분류
56,대구광역시 중구 남산1동,중구,2711064000,56.53,42.95,57.85,4.36,94.97,76.48,95.3,118,5062,793,0.1567,2.019,12121.7,247.4,17.4,1968,2.89,27110,0.4193,12072.5,680,1621.8,253.0,1.0,2,25,713.6,2.0125,1.0,573.1,0.1735,42.5,6.7,과학·기술,30s,과학·기술 (업종대분류),30대 직장인/청장년층,대분류
57,대구광역시 북구 태전1동,북구,2723072500,56.23,64.33,55.84,66.28,56.91,51.0,21.81,42,21074,2318,0.11,0.6,3814.3,612.9,2.7,1588,1.95,27230,2.5135,8384.3,814,323.9,633.0,0.2862,1,23,327.5,1.7551,0.3571,275.3,0.0516,490.1,53.9,과학·기술,30s,과학·기술 (업종대분류),30대 직장인/청장년층,대분류
58,대구광역시 중구 성내1동,중구,2711056500,56.21,52.62,69.39,3.69,87.78,82.59,45.64,242,5527,1086,0.1965,0.827,30098.1,341.9,15.7,4750,1.39,27110,0.759,7281.9,3406,4487.5,324.3,0.8908,1,64,2242.4,1.7374,0.8554,1907.2,0.0711,22.7,4.5,과학·기술,30s,과학·기술 (업종대분류),30대 직장인/청장년층,대분류
59,대구광역시 동구 신암3동,동구,2714053000,56.16,43.69,84.02,80.2,43.09,57.38,20.13,20,11150,2229,0.1999,0.588,0.0,672.5,2.1,616,1.56,27140,0.6012,18546.2,396,658.7,734.3,0.0581,0,13,452.5,1.8895,0.1,465.4,0.0505,531.0,106.1,과학·기술,30s,과학·기술 (업종대분류),30대 직장인/청장년층,대분류
60,대구광역시 동구 효목2동,동구,2714060000,55.92,53.26,63.69,52.68,43.76,62.92,64.43,59,14147,1886,0.1333,1.061,0.0,725.0,2.8,897,1.39,27140,0.761,18590.0,647,850.2,915.3,0.085,0,26,459.9,1.8141,0.2034,612.8,0.0912,235.8,31.4,과학·기술,30s,과학·기술 (업종대분류),30대 직장인/청장년층,대분류
61,대구광역시 수성구 지산2동,수성구,2726065200,55.89,62.55,48.05,22.32,76.91,41.78,84.56,98,18149,1929,0.1063,1.448,4126.8,405.6,8.1,928,1.18,27260,1.6406,11062.4,787,479.7,398.0,0.8119,1,26,289.4,1.9254,0.8265,279.8,0.1245,183.3,19.5,과학·기술,30s,과학·기술 (업종대분류),30대 직장인/청장년층,대분류
62,대구광역시 달서구 두류3동,달서구,2729055000,55.57,48.08,55.17,7.38,92.95,65.44,85.23,99,8931,1201,0.1345,1.475,14138.0,282.2,26.0,954,1.22,27290,1.2035,7420.9,781,648.9,263.5,0.9104,1,23,712.8,1.7883,0.9899,804.4,0.1268,89.3,12.0,과학·기술,30s,과학·기술 (업종대분류),30대 직장인/청장년층,대분류
63,대구광역시 북구 읍내동,북구,2723077000,55.5,57.78,67.38,77.85,27.62,55.84,32.89,58,24576,2878,0.1171,0.681,0.0,1062.7,1.3,1572,1.59,27230,5.6904,4318.9,991,174.2,977.2,0.0,0,37,601.6,1.7105,0.0,338.5,0.0585,416.5,48.8,과학·기술,30s,과학·기술 (업종대분류),30대 직장인/청장년층,대분류
64,대구광역시 동구 동촌동,동구,2714065500,55.4,43.19,47.92,69.8,63.96,70.2,57.72,45,13815,1553,0.1124,0.945,4475.3,492.6,1.3,1690,3.05,27140,4.4612,3096.7,554,124.2,510.3,0.4116,1,31,352.6,1.7752,0.4444,398.5,0.0812,300.3,33.8,과학·기술,30s,과학·기술 (업종대분류),30대 직장인/청장년층,대분류
65,대구광역시 수성구 황금2동,수성구,2726060200,54.63,53.02,66.44,15.1,63.42,55.37,81.21,119,11770,1689,0.1435,1.344,2213.9,517.8,8.5,1605,1.56,27260,1.1892,9897.4,1030,866.1,557.5,0.4214,1,58,395.5,1.9253,0.5462,336.1,0.1155,98.1,14.1,과학·기술,30s,과학·기술 (업종대분류),30대 직장인/청장년층,대분류
66,대구광역시 달서구 이곡2동,달서구,2729057700,54.56,45.34,51.21,44.8,49.13,94.43,71.81,86,14054,1606,0.1143,1.152,0.0,706.3,2.3,4290,4.94,27290,2.2612,6215.3,869,384.3,594.7,0.6479,0,81,1744.6,1.7889,0.5116,1263.1,0.099,161.5,18.5,과학·기술,30s,과학·기술 (업종대분류),30대 직장인/청장년층,대분류
67,대구광역시 수성구 만촌3동,수성구,2726056100,54.48,70.03,22.55,62.08,78.05,32.45,46.98,53,20523,1514,0.0738,0.839,14504.4,398.0,1.6,797,1.08,27260,1.6947,12110.1,735,433.7,416.1,0.5578,2,13,188.8,1.9243,0.6415,194.3,0.0721,380.1,28.0,과학·기술,30s,과학·기술 (업종대분류),30대 직장인/청장년층,대분류
68,대구광역시 달서구 송현1동,달서구,2729063000,54.42,57.58,48.86,40.6,77.38,30.97,65.77,79,15927,1722,0.1081,1.098,6693.2,383.3,3.4,743,0.89,27290,2.4579,6479.9,837,340.5,366.2,0.7921,1,22,209.0,1.8609,0.7089,200.5,0.0944,199.1,21.5,과학·기술,30s,과학·기술 (업종대분류),30대 직장인/청장년층,대분류
69,대구광역시 동구 신암2동,동구,2714052000,54.13,47.31,68.93,91.44,48.39,45.07,6.71,12,11446,1697,0.1483,0.411,0.0,592.0,1.2,357,1.05,27140,0.3625,31575.2,340,937.9,610.1,0.3059,0,13,392.6,1.7582,0.25,412.7,0.0353,880.5,130.5,과학·기술,30s,과학·기술 (업종대분류),30대 직장인/청장년층,대분류
70,대구광역시 남구 이천동,남구,2720051500,53.69,45.7,68.73,37.25,59.33,34.22,83.22,59,14245,2032,0.1426,1.395,0.0,519.5,7.2,350,0.71,27200,1.0429,13659.0,492,471.8,549.3,0.628,0,12,288.2,1.8983,0.678,309.3,0.1199,237.4,33.9,과학·기술,30s,과학·기술 (업종대분류),30대 직장인/청장년층,대분류
71,대구광역시 중구 삼덕동,중구,2711054500,53.68,44.83,72.48,7.04,56.58,85.44,76.51,162,7460,1456,0.1952,1.236,0.0,505.9,14.4,3487,2.29,27110,0.644,11583.9,1526,2369.6,480.0,0.5839,0,70,1719.3,1.8185,0.4938,1451.3,0.1062,45.8,8.9,과학·기술,30s,과학·기술 (업종대분류),30대 직장인/청장년층,대분류
72,대구광역시 중구 대봉2동,중구,2711069000,53.65,41.61,66.31,16.94,91.01,20.47,96.64,64,5933,1067,0.1798,2.482,3410.6,237.1,11.7,179,0.6,27110,0.2744,21621.7,300,1093.3,300.2,1.0,1,8,220.2,1.8838,1.0,180.3,0.2133,91.3,16.4,과학·기술,30s,과학·기술 (업종대분류),30대 직장인/청장년층,대분류
73,대구광역시 서구 평리5동,서구,2717066000,53.26,43.12,90.07,92.78,19.9,27.95,26.17,10,10531,2604,0.2473,0.626,0.0,1842.2,1.2,224,1.2,27170,0.4071,25868.3,186,456.9,1832.0,0.0,0,9,214.6,1.864,0.0,176.7,0.0538,957.4,236.7,과학·기술,30s,과학·기술 (업종대분류),30대 직장인/청장년층,대분류
74,대구광역시 달성군 구지면,달성군,2771038000,53.23,43.89,90.06,96.31,13.52,50.4,5.37,23,18847,3313,0.1758,0.386,0.0,17634.4,0.4,2321,3.35,27710,39.6367,475.5,693,17.5,17209.4,0.0,0,59,87.9,1.65,0.0,131.0,0.0332,785.3,138.0,과학·기술,30s,과학·기술 (업종대분류),30대 직장인/청장년층,대분류
75,대구광역시 남구 대명1동,남구,2720056000,53.01,49.7,40.4,32.89,90.6,23.02,91.95,48,9242,1022,0.1106,1.643,7928.3,273.2,4.9,142,0.42,27200,0.4605,20069.5,340,738.3,313.8,0.8971,1,10,202.5,1.8727,0.9792,213.7,0.1412,188.6,20.9,과학·기술,30s,과학·기술 (업종대분류),30대 직장인/청장년층,대분류
76,대구광역시 동구 신천1·2동,동구,2714055500,52.89,55.64,40.8,36.58,83.69,21.44,78.52,42,10994,1195,0.1087,1.273,9575.6,334.2,5.4,301,0.78,27140,0.4677,23506.5,384,821.0,304.5,0.8438,1,10,149.9,1.8643,0.8095,164.0,0.1094,255.7,27.8,과학·기술,30s,과학·기술 (업종대분류),30대 직장인/청장년층,대분류
77,대구광역시 수성구 중동,수성구,2726061000,52.87,53.09,70.34,26.18,35.23,49.4,87.25,107,14422,2068,0.1434,1.54,0.0,968.5,6.0,1100,1.36,27260,0.948,15213.1,808,852.3,1056.8,0.0334,0,38,386.9,1.9604,0.0467,332.5,0.1324,133.5,19.1,과학·기술,30s,과학·기술 (업종대분류),30대 직장인/청장년층,대분류
78,대구광역시 달서구 용산2동,달서구,2729057200,52.37,59.93,53.83,61.58,39.53,30.2,54.36,41,24584,2562,0.1042,0.921,0.0,843.8,3.6,678,1.31,27290,1.5398,15965.7,518,336.4,752.7,0.1409,0,19,147.4,1.7934,0.0976,149.3,0.0792,585.3,61.0,과학·기술,30s,과학·기술 (업종대분류),30대 직장인/청장년층,대분류
79,대구광역시 남구 대명10동,남구,2720065000,51.97,50.97,40.0,5.2,91.68,47.52,93.96,96,7805,886,0.1135,1.718,15387.0,303.1,24.2,444,0.68,27200,0.5166,15108.4,650,1258.2,375.5,0.8677,1,12,574.8,1.8044,0.9479,560.4,0.1477,80.5,9.1,과학·기술,30s,과학·기술 (업종대분류),30대 직장인/청장년층,대분류
80,대구광역시 수성구 파동,수성구,2726063000,50.84,38.99,72.21,87.25,21.24,13.16,71.14,32,17133,2397,0.1399,1.143,0.0,1639.2,1.0,264,0.81,27260,5.4129,3165.2,326,60.2,1661.7,0.0,0,13,28.4,1.8928,0.0,30.9,0.0982,519.2,72.6,과학·기술,30s,과학·기술 (업종대분류),30대 직장인/청장년층,대분류
81,대구광역시 달서구 성당동,달서구,2729051500,50.65,60.67,47.24,48.16,30.97,54.97,56.38,84,19920,2038,0.1023,0.932,0.0,912.6,2.7,2331,2.22,27290,1.9869,10025.7,1049,528.0,917.0,0.0143,0,41,251.2,1.8319,0.0,251.4,0.0801,234.4,24.0,과학·기술,30s,과학·기술 (업종대분류),30대 직장인/청장년층,대분류
82,대구광역시 동구 지저동,동구,2714064000,50.18,41.98,30.67,93.96,71.68,62.08,4.03,11,12323,1210,0.0982,0.336,9062.4,456.7,0.5,2021,5.32,27140,2.2358,5511.7,380,170.0,469.2,0.5684,1,12,412.7,1.6623,0.6364,226.5,0.0289,1026.9,100.8,과학·기술,30s,과학·기술 (업종대분류),30대 직장인/청장년층,대분류
83,대구광역시 달서구 도원동,달서구,2729062800,49.29,52.85,48.19,91.94,22.25,58.32,8.39,24,30857,2885,0.0935,0.423,0.0,1510.5,1.0,1977,3.0,27290,11.188,2758.0,659,58.9,1382.2,0.0,0,41,337.0,1.7287,0.0,238.0,0.0364,1234.3,115.4,과학·기술,30s,과학·기술 (업종대분류),30대 직장인/청장년층,대분류
84,대구광역시 동구 불로·봉무동,동구,2714062000,48.99,54.77,43.29,63.59,17.21,86.28,31.54,73,19381,1940,0.1001,0.676,0.0,2956.2,1.3,4178,3.33,27140,7.6608,2529.9,1256,164.0,2945.5,0.0008,0,57,1075.7,1.7038,0.0,659.2,0.0581,261.9,26.2,과학·기술,30s,과학·기술 (업종대분류),30대 직장인/청장년층,대분류
85,대구광역시 동구 신암1동,동구,2714051000,48.68,44.16,63.35,58.72,27.95,42.55,55.03,42,10781,1550,0.1438,0.928,0.0,1059.7,2.7,394,0.75,27140,0.606,17790.4,526,868.0,1051.5,0.0,0,10,436.8,1.7965,0.0,422.1,0.0798,250.7,36.0,과학·기술,30s,과학·기술 (업종대분류),30대 직장인/청장년층,대분류
86,대구광역시 남구 대명6동,남구,2720061000,48.61,33.83,56.04,12.08,73.02,50.27,94.63,93,10276,1370,0.1333,1.932,0.0,307.2,23.1,857,1.53,27200,1.5709,6541.5,560,356.5,385.9,0.675,0,13,329.3,1.9196,0.6989,334.7,0.1661,109.3,14.6,과학·기술,30s,과학·기술 (업종대분류),30대 직장인/청장년층,대분류
87,대구광역시 북구 침산3동,북구,2723057000,48.58,55.91,40.27,37.25,23.59,73.79,72.48,54,17704,1745,0.0986,1.161,0.0,1363.0,6.3,1418,2.62,27230,1.0462,16922.2,541,517.1,1374.8,0.0,0,27,644.1,1.8583,0.0,590.2,0.0998,321.9,31.7,과학·기술,30s,과학·기술 (업종대분류),30대 직장인/청장년층,대분류
88,대구광역시 수성구 만촌1동,수성구,2726055000,48.19,56.54,44.09,21.98,25.6,63.76,88.93,115,20174,2020,0.1001,1.572,0.0,1238.2,6.6,2268,2.67,27260,2.6991,7474.3,851,315.3,1236.9,0.0,0,39,434.8,1.9356,0.0,335.8,0.1351,173.9,17.4,과학·기술,30s,과학·기술 (업종대분류),30대 직장인/청장년층,대분류
89,대구광역시 수성구 범물2동,수성구,2726066200,47.96,41.91,34.09,50.0,64.9,38.15,75.17,43,15526,1518,0.0978,1.209,0.0,426.9,3.6,590,1.43,27260,2.122,7316.7,414,195.1,382.0,0.8309,0,14,463.5,1.9377,0.6977,210.3,0.1039,352.9,34.5,과학·기술,30s,과학·기술 (업종대분류),30대 직장인/청장년층,대분류
90,대구광역시 서구 내당4동,서구,2717054000,47.94,54.77,50.34,37.58,44.36,53.89,37.58,51,14119,1604,0.1136,0.731,0.0,676.0,5.6,1151,1.42,27170,0.8127,17373.0,812,999.1,644.9,0.2352,0,30,493.5,1.7588,0.1961,382.6,0.0628,271.5,30.8,과학·기술,30s,과학·기술 (업종대분류),30대 직장인/청장년층,대분류
91,대구광역시 달서구 장기동,달서구,2729056800,47.86,48.05,60.67,31.71,38.79,36.91,70.47,83,15347,1943,0.1266,1.141,0.0,933.1,5.4,958,1.13,27290,2.76,5560.5,846,306.5,906.7,0.1548,0,34,327.3,1.8569,0.241,209.3,0.0981,182.7,23.1,과학·기술,30s,과학·기술 (업종대분류),30대 직장인/청장년층,대분류
92,대구광역시 북구 무태조야동,북구,2723069500,47.85,60.47,50.33,37.42,16.21,46.81,69.13,117,32499,3089,0.095,1.124,0.0,3768.5,5.1,1749,1.44,27230,22.8763,1420.6,1211,52.9,3904.0,0.0,0,48,240.2,1.8693,0.0,212.7,0.0966,275.4,26.2,과학·기술,30s,과학·기술 (업종대분류),30대 직장인/청장년층,대분류
93,대구광역시 수성구 수성2·3가동,수성구,2726058000,47.55,51.64,13.29,22.15,88.86,64.43,63.09,64,10185,760,0.0746,1.031,5644.8,277.5,4.7,1441,2.0,27260,0.6602,15427.1,722,1093.6,276.9,0.9848,1,24,550.7,1.8895,0.9844,462.6,0.0886,156.7,11.7,과학·기술,30s,과학·기술 (업종대분류),30대 직장인/청장년층,대분류
94,대구광역시 달서구 본동,달서구,2729065000,47.49,42.75,58.12,46.64,23.92,60.84,63.76,46,13148,1671,0.1271,1.044,0.0,1337.5,4.9,1481,2.89,27290,1.0557,12454.3,513,485.9,1394.5,0.0,0,31,371.6,1.8481,0.0,307.3,0.0897,279.7,35.6,과학·기술,30s,과학·기술 (업종대분류),30대 직장인/청장년층,대분류
95,대구광역시 서구 평리3동,서구,2717064000,47.16,45.51,62.89,55.54,22.92,41.21,50.34,49,12090,1640,0.1356,0.881,0.0,1433.7,2.7,808,1.25,27170,0.7793,15513.9,647,830.2,1448.3,0.0,0,17,230.2,1.772,0.0,275.9,0.0757,241.8,32.8,과학·기술,30s,과학·기술 (업종대분류),30대 직장인/청장년층,대분류
96,대구광역시 수성구 수성4가동,수성구,2726059000,46.62,52.15,25.24,35.74,73.49,41.75,53.69,53,12798,1183,0.0924,0.91,0.0,369.0,4.4,423,0.62,27260,0.6138,20850.4,678,1104.6,395.7,0.7478,0,14,458.2,1.9008,0.8679,424.4,0.0782,237.0,21.9,과학·기술,30s,과학·기술 (업종대분류),30대 직장인/청장년층,대분류
97,대구광역시 동구 신암5동,동구,2714054100,46.11,29.5,53.09,66.94,69.73,19.8,41.61,21,7315,992,0.1356,0.778,0.0,415.4,2.2,300,0.96,27140,0.5467,13380.3,314,574.4,366.8,0.9108,0,9,165.0,1.672,0.8571,124.9,0.0669,332.5,45.1,과학·기술,30s,과학·기술 (업종대분류),30대 직장인/청장년층,대분류
98,대구광역시 서구 평리4동,서구,2717065000,45.95,61.71,46.58,67.12,24.6,31.51,12.08,39,15025,1621,0.1079,0.478,0.0,1303.5,2.0,553,0.58,27170,0.7453,20159.7,950,1274.7,1310.9,0.0,0,29,308.6,1.72,0.0,286.4,0.0411,375.6,40.5,과학·기술,30s,과학·기술 (업종대분류),30대 직장인/청장년층,대분류
99,대구광역시 달성군 옥포읍,달성군,2771026200,45.87,47.35,54.77,87.42,15.87,28.66,23.49,38,22138,2379,0.1075,0.605,0.0,3947.5,0.5,937,1.28,27710,47.4421,466.6,731,15.4,4106.1,0.0,0,39,152.0,1.7783,0.0,90.7,0.052,567.6,61.0,과학·기술,30s,과학·기술 (업종대분류),30대 직장인/청장년층,대분류
100,대구광역시 중구 남산3동,중구,2711066000,45.66,35.81,35.97,4.7,88.19,40.54,97.32,70,5779,652,0.1128,2.601,5728.2,306.9,40.9,404,1.29,27110,0.4076,14178.1,313,767.9,254.0,0.9968,1,10,293.4,1.8445,1.0,295.9,0.2236,81.4,9.2,과학·기술,30s,과학·기술 (업종대분류),30대 직장인/청장년층,대분류
101,대구광역시 남구 대명4동,남구,2720059000,45.38,46.07,19.06,22.48,65.7,72.08,73.15,64,9003,825,0.0916,1.173,7282.1,476.2,5.1,1742,2.74,27200,0.76,11846.1,635,835.5,536.5,0.3512,1,20,496.8,1.7378,0.4375,499.0,0.1008,138.5,12.7,과학·기술,30s,과학·기술 (업종대분류),30대 직장인/청장년층,대분류
102,대구광역시 수성구 범어4동,수성구,2726054000,44.71,64.96,13.69,38.26,69.46,53.15,10.07,43,18446,1013,0.0549,0.435,0.0,387.4,3.7,974,0.85,27260,1.1922,15472.2,1151,965.4,382.2,0.7541,0,29,516.8,1.7887,0.7209,512.3,0.0374,419.2,23.0,과학·기술,30s,과학·기술 (업종대분류),30대 직장인/청장년층,대분류
103,대구광역시 수성구 범물1동,수성구,2726066100,44.68,34.66,9.66,65.94,93.29,67.85,16.78,18,9654,667,0.0691,0.565,11108.8,272.6,1.9,781,2.11,27260,5.8003,1664.4,370,63.8,338.1,0.9676,2,13,815.3,1.6642,1.0,635.3,0.0486,508.1,35.1,과학·기술,30s,과학·기술 (업종대분류),30대 직장인/청장년층,대분류
104,대구광역시 수성구 황금1동,수성구,2726060100,44.41,49.06,28.05,77.34,36.91,21.78,47.65,29,20820,1662,0.0798,0.846,0.0,970.7,1.6,480,1.2,27260,2.5751,8085.1,399,154.9,851.9,0.0702,0,13,72.8,1.9203,0.1379,66.0,0.0727,694.0,55.4,과학·기술,30s,과학·기술 (업종대분류),30대 직장인/청장년층,대분류
105,대구광역시 동구 해안동,동구,2714068500,44.17,40.2,35.03,63.93,52.05,21.34,55.7,38,12925,1311,0.1014,0.931,11140.2,727.3,1.9,480,1.01,27140,13.264,974.4,475,35.8,755.4,0.0589,2,23,160.5,1.8161,0.1053,108.4,0.08,331.4,33.6,과학·기술,30s,과학·기술 (업종대분류),30대 직장인/청장년층,대분류
106,대구광역시 서구 비산7동,서구,2717061000,43.81,40.94,39.33,66.1,56.24,40.37,12.75,34,9260,1014,0.1095,0.485,2543.2,588.5,1.3,1162,1.43,27170,2.584,3583.6,815,315.4,513.8,0.4699,1,25,189.6,1.6054,0.2941,192.6,0.0417,264.6,29.0,과학·기술,30s,과학·기술 (업종대분류),30대 직장인/청장년층,대분류
107,대구광역시 북구 대현동,북구,2723064500,43.75,58.89,29.67,52.02,37.51,36.34,30.87,46,15618,1452,0.093,0.668,0.0,930.7,2.8,786,0.98,27230,0.855,18266.7,801,936.8,879.3,0.1423,0,23,239.0,1.7877,0.1304,265.3,0.0574,332.3,30.9,과학·기술,30s,과학·기술 (업종대분류),30대 직장인/청장년층,대분류
108,대구광역시 동구 공산동,동구,2714076000,43.6,45.17,48.33,87.92,14.86,40.27,9.4,28,19708,2044,0.1037,0.432,0.0,7737.8,0.7,1875,2.49,27140,83.2696,236.7,754,9.1,7174.6,0.0,0,67,61.0,1.6036,0.0,84.9,0.0371,679.6,70.5,과학·기술,30s,과학·기술 (업종대분류),30대 직장인/청장년층,대분류
109,대구광역시 서구 상중이동,서구,2717067500,43.43,51.27,35.57,20.47,29.6,55.03,79.19,132,16863,1614,0.0957,1.284,0.0,1333.0,5.2,3259,2.72,27170,6.7768,2488.3,1196,176.5,1380.9,0.0125,0,73,191.9,1.8364,0.0076,189.9,0.1104,126.8,12.1,과학·기술,30s,과학·기술 (업종대분류),30대 직장인/청장년층,대분류
110,대구광역시 남구 대명9동,남구,2720064000,43.22,40.1,55.57,20.98,32.31,28.25,92.62,111,13110,1617,0.1233,1.645,0.0,866.1,5.9,762,0.97,27200,3.1401,4175.0,785,250.0,817.3,0.0038,0,28,184.2,1.8211,0.0,173.7,0.1414,117.1,14.4,과학·기술,30s,과학·기술 (업종대분류),30대 직장인/청장년층,대분류
111,대구광역시 북구 노원동,북구,2723079000,43.12,41.04,53.29,10.07,38.99,52.08,75.84,117,10954,1400,0.1278,1.233,0.0,851.8,12.2,1224,1.11,27230,3.0536,3587.2,1104,361.5,693.4,0.3207,0,44,266.5,1.7025,0.094,397.6,0.106,92.8,11.9,과학·기술,30s,과학·기술 (업종대분류),30대 직장인/청장년층,대분류
112,대구광역시 동구 방촌동,동구,2714067000,43.08,51.51,33.56,81.04,28.29,26.41,18.79,29,16714,1580,0.0945,0.57,0.0,1019.2,1.2,638,1.08,27140,1.2248,13646.3,592,483.3,972.5,0.0,0,22,212.6,1.7373,0.0,149.7,0.049,557.1,52.7,과학·기술,30s,과학·기술 (업종대분류),30대 직장인/청장년층,대분류
113,대구광역시 서구 평리6동,서구,2717066100,42.02,19.5,64.83,85.74,22.58,31.27,38.26,11,5391,978,0.1814,0.735,0.0,1471.6,1.4,317,1.82,27170,0.7464,7222.7,174,233.1,1588.9,0.0,0,10,129.4,1.7879,0.0,146.7,0.0632,449.2,81.5,과학·기술,30s,과학·기술 (업종대분류),30대 직장인/청장년층,대분류
114,대구광역시 남구 봉덕2동,남구,2720054000,41.74,33.69,57.85,62.08,20.57,6.84,69.8,46,12852,1640,0.1276,1.139,0.0,1652.2,2.1,66,0.14,27200,3.0276,4244.9,470,155.2,1539.8,0.0,0,4,59.5,1.8229,0.0,53.1,0.0979,273.4,34.9,과학·기술,30s,과학·기술 (업종대분류),30대 직장인/청장년층,대분류
115,대구광역시 수성구 상동,수성구,2726062000,40.6,50.27,40.0,19.12,24.93,21.24,87.92,131,13938,1454,0.1043,1.546,0.0,1296.8,5.1,678,0.69,27260,1.3277,10497.9,986,742.6,1288.9,0.0,0,28,118.7,1.9138,0.0,131.1,0.1329,105.6,11.0,과학·기술,30s,과학·기술 (업종대분류),30대 직장인/청장년층,대분류
116,대구광역시 서구 비산5동,서구,2717059000,39.96,36.08,9.13,73.82,93.76,18.32,3.36,9,4744,360,0.0759,0.311,7774.7,221.0,1.2,128,0.38,27170,0.3445,13770.7,337,978.2,201.9,1.0,2,4,204.0,1.6091,1.0,180.6,0.0267,474.4,36.0,과학·기술,30s,과학·기술 (업종대분류),30대 직장인/청장년층,대분류
117,대구광역시 남구 봉덕3동,남구,2720055000,39.91,44.29,30.34,21.98,38.39,34.47,80.54,98,14003,1339,0.0956,1.329,0.0,918.8,5.3,902,1.05,27200,3.0696,4561.8,858,279.5,904.0,0.1096,0,23,221.5,1.8839,0.1327,206.0,0.1142,141.4,13.5,과학·기술,30s,과학·기술 (업종대분류),30대 직장인/청장년층,대분류
118,대구광역시 서구 내당2·3동,서구,2717052500,39.05,37.48,15.84,54.02,63.05,35.57,35.23,27,8091,726,0.0897,0.709,0.0,454.0,2.1,287,0.65,27170,0.4967,16289.5,443,891.9,456.6,0.6524,0,13,339.8,1.6893,0.6667,362.3,0.0609,289.0,25.9,과학·기술,30s,과학·기술 (업종대분류),30대 직장인/청장년층,대분류
119,대구광역시 남구 봉덕1동,남구,2720053000,38.87,39.57,37.85,13.42,48.12,28.16,73.83,67,7680,851,0.1108,1.197,0.0,634.4,8.3,448,0.69,27200,0.4881,15734.5,651,1333.7,815.4,0.192,0,12,195.9,1.7448,0.2985,212.4,0.1029,112.9,12.5,과학·기술,30s,과학·기술 (업종대분류),30대 직장인/청장년층,대분류
120,대구광역시 북구 산격2동,북구,2723062000,38.74,40.84,31.54,10.4,16.88,99.8,61.07,111,9376,957,0.1021,1.023,0.0,3004.4,7.3,10440,8.27,27230,2.3539,3983.2,1263,536.6,2945.4,0.0,0,84,2052.4,1.5111,0.0,2622.4,0.0879,83.7,8.5,과학·기술,30s,과학·기술 (업종대분류),30대 직장인/청장년층,대분류
121,대구광역시 북구 산격3동,북구,2723063000,38.65,37.48,39.87,32.38,18.89,87.85,29.53,53,8390,947,0.1129,0.652,0.0,1955.0,4.1,3619,3.82,27230,1.272,6595.9,947,744.5,2105.0,0.0,0,19,1139.1,1.6083,0.0,763.7,0.056,155.4,17.5,과학·기술,30s,과학·기술 (업종대분류),30대 직장인/청장년층,대분류
122,대구광역시 북구 관음동,북구,2723075000,38.39,37.78,27.12,71.48,21.91,52.05,24.16,31,13689,1267,0.0926,0.618,0.0,1535.0,1.5,1198,2.05,27230,3.0672,4463.0,584,190.4,1468.8,0.0,0,23,374.4,1.7842,0.0,287.9,0.0531,427.8,39.6,과학·기술,30s,과학·기술 (업종대분류),30대 직장인/청장년층,대분류
123,대구광역시 수성구 만촌2동,수성구,2726056000,38.16,38.96,35.7,20.98,40.37,17.38,83.89,76,13080,1334,0.102,1.445,0.0,802.2,7.0,469,0.77,27260,1.9514,6702.9,612,313.6,658.5,0.3431,0,17,172.3,1.9354,0.1053,86.2,0.1242,169.9,17.3,과학·기술,30s,과학·기술 (업종대분류),30대 직장인/청장년층,대분류
124,대구광역시 서구 비산1동,서구,2717055000,37.87,34.9,13.15,67.28,67.05,9.93,36.24,13,7738,635,0.0821,0.71,0.0,426.7,2.2,94,0.44,27170,0.4334,17854.2,213,491.5,505.0,0.5352,0,4,115.3,1.5363,0.7692,85.7,0.061,552.7,45.4,과학·기술,30s,과학·기술 (업종대분류),30대 직장인/청장년층,대분류
125,대구광역시 달서구 월성2동,달서구,2729060200,37.61,31.98,14.36,51.51,18.56,59.73,86.58,59,13435,952,0.0709,1.509,0.0,2060.4,1.3,2943,6.47,27290,7.6185,1763.5,455,59.7,1831.7,0.0,0,41,250.2,1.7894,0.0,174.7,0.1297,223.9,15.9,과학·기술,30s,과학·기술 (업종대분류),30대 직장인/청장년층,대분류
126,대구광역시 북구 복현1동,북구,2723067100,37.39,38.56,44.97,63.92,20.9,30.27,10.74,19,7131,884,0.124,0.447,0.0,1642.3,2.5,333,0.67,27230,0.3619,19704.3,495,1367.8,1714.4,0.0,0,10,312.4,1.6966,0.0,285.8,0.0384,356.6,44.2,과학·기술,30s,과학·기술 (업종대분류),30대 직장인/청장년층,대분류
127,대구광역시 동구 효목1동,동구,2714059000,37.0,40.84,21.34,30.54,42.35,27.65,67.79,74,11472,1030,0.0898,1.105,0.0,867.0,3.5,901,1.16,27140,1.4646,7832.9,779,531.9,849.0,0.1592,0,32,179.1,1.7622,0.2703,121.9,0.095,153.0,13.7,과학·기술,30s,과학·기술 (업종대분류),30대 직장인/청장년층,대분류
128,대구광역시 서구 비산4동,서구,2717058000,36.29,37.68,19.2,41.61,36.85,25.27,68.46,30,8143,751,0.0922,1.123,0.0,904.0,3.6,256,0.82,27170,0.434,18762.7,311,716.6,872.3,0.0579,0,12,200.0,1.7548,0.0333,198.7,0.0965,262.7,24.2,과학·기술,30s,과학·기술 (업종대분류),30대 직장인/청장년층,대분류
129,대구광역시 북구 산격4동,북구,2723063100,35.62,26.17,34.77,31.54,19.23,40.74,91.28,51,6961,754,0.1083,1.613,0.0,1892.2,3.5,595,1.62,27230,0.7157,9726.1,368,514.2,2035.1,0.0,0,6,252.6,1.8845,0.0,211.0,0.1386,133.9,14.5,과학·기술,30s,과학·기술 (업종대분류),30대 직장인/청장년층,대분류
130,대구광역시 남구 대명11동,남구,2720066000,35.49,30.84,29.4,23.15,41.41,40.34,66.44,58,7152,741,0.1036,1.099,0.0,690.2,4.9,711,1.16,27200,0.8477,8436.9,614,724.3,687.2,0.0537,0,19,454.2,1.5689,0.0345,288.6,0.0945,121.2,12.6,과학·기술,30s,과학·기술 (업종대분류),30대 직장인/청장년층,대분류
131,대구광역시 달성군 논공읍,달성군,2771025300,34.81,42.72,26.17,66.44,15.2,33.76,11.41,41,14804,1359,0.0918,0.468,0.0,7169.8,1.5,1664,1.63,27710,44.0501,336.1,1021,23.2,8220.1,0.0,0,42,76.6,1.7366,0.0,36.9,0.0402,352.5,32.4,과학·기술,30s,과학·기술 (업종대분류),30대 직장인/청장년층,대분류
132,대구광역시 북구 검단동,북구,2723068000,32.96,14.26,24.3,70.3,17.88,38.86,67.11,18,5414,548,0.1012,1.102,0.0,2723.1,0.6,574,3.02,27230,3.7681,1436.8,190,50.4,2658.8,0.0,0,6,208.6,1.7306,0.0,113.9,0.0947,284.9,28.8,과학·기술,30s,과학·기술 (업종대분류),30대 직장인/청장년층,대분류
133,대구광역시 서구 평리2동,서구,2717063000,32.39,35.97,16.91,67.62,25.94,16.31,25.5,11,6820,627,0.0919,0.621,0.0,1224.6,2.4,115,0.56,27170,0.2781,24523.6,206,740.7,1200.3,0.0,0,6,152.3,1.7598,0.0,155.5,0.0534,568.3,52.2,과학·기술,30s,과학·기술 (업종대분류),30대 직장인/청장년층,대분류
134,대구광역시 서구 비산2·3동,서구,2717056500,32.07,34.5,11.81,54.36,53.96,15.7,15.44,24,7550,577,0.0764,0.534,0.0,558.9,1.9,276,0.53,27170,0.555,13603.6,523,942.3,678.0,0.3078,0,13,196.2,1.5586,0.5,138.4,0.0459,302.0,23.1,과학·기술,30s,과학·기술 (업종대분류),30대 직장인/청장년층,대분류
135,대구광역시 서구 비산6동,서구,2717060000,30.61,35.44,11.94,56.38,33.99,22.25,18.12,11,6319,528,0.0836,0.569,0.0,750.1,3.5,200,0.89,27170,0.2715,23274.4,225,828.7,935.7,0.0,0,7,166.1,1.6884,0.0,172.5,0.0489,526.6,44.0,과학·기술,30s,과학·기술 (업종대분류),30대 직장인/청장년층,대분류
136,대구광역시 서구 평리1동,서구,2717062000,28.88,30.6,12.08,49.84,27.28,10.87,46.31,21,6126,521,0.085,0.828,0.0,1062.9,2.4,68,0.23,27170,0.3656,16756.0,295,806.9,1031.4,0.0,0,4,102.6,1.7586,0.0,115.9,0.0712,278.5,23.7,과학·기술,30s,과학·기술 (업종대분류),30대 직장인/청장년층,대분류
137,대구광역시 북구 산격1동,북구,2723061000,28.01,25.54,11.14,53.53,18.22,8.52,65.1,23,7370,561,0.0761,1.083,0.0,2086.6,2.0,69,0.28,27230,0.8679,8491.8,247,284.6,2197.3,0.0,0,5,71.8,1.7525,0.0,76.3,0.0931,307.1,23.4,과학·기술,30s,과학·기술 (업종대분류),30대 직장인/청장년층,대분류
138,대구광역시 달서구 상인3동,달서구,2729062600,26.93,25.64,10.74,37.08,26.27,48.39,27.52,20,9445,668,0.0707,0.641,0.0,1195.6,6.5,464,1.28,27290,3.3085,2854.8,363,109.7,1319.7,0.0,0,13,327.8,1.7064,0.0,391.6,0.0551,449.8,31.8,과학·기술,30s,과학·기술 (업종대분류),30대 직장인/청장년층,대분류
139,대구광역시 동구 도평동,동구,2714061500,26.89,9.9,12.62,80.54,17.55,7.72,59.06,6,3371,303,0.0899,0.969,0.0,2838.2,0.5,41,0.57,27140,19.9271,169.2,72,3.6,2629.1,0.0,0,3,4.2,1.635,0.0,3.7,0.0833,481.6,43.3,과학·기술,30s,과학·기술 (업종대분류),30대 직장인/청장년층,대분류
140,대구광역시 달성군 가창면,달성군,2771031000,25.91,15.84,5.77,52.18,15.53,48.86,49.66,29,6719,366,0.0545,0.869,0.0,4798.4,0.6,2291,5.9,27710,110.4332,60.8,388,3.5,5522.5,0.0,0,32,134.5,1.676,0.0,74.5,0.0747,224.0,12.2,과학·기술,30s,과학·기술 (업종대분류),30대 직장인/청장년층,대분류
141,대구광역시 북구 침산1동,북구,2723055000,24.71,14.23,13.29,55.37,20.23,12.75,51.68,15,3441,312,0.0907,0.89,0.0,1713.3,1.4,115,0.59,27230,1.4697,2341.3,196,133.4,1796.3,0.0,0,6,93.6,1.733,0.0,103.3,0.0765,215.1,19.5,과학·기술,30s,과학·기술 (업종대분류),30대 직장인/청장년층,대분류
142,대구광역시 군위군 군위읍,군위군,2772025000,23.04,22.78,8.46,32.21,11.51,2.35,77.18,60,7901,556,0.0704,1.248,0.0,30511.2,2.5,0,0.0,27720,82.95,95.3,559,6.7,30678.1,0.0,0,0,0.0,1.7561,0.0,0.0,0.1073,129.5,9.1,과학·기술,30s,과학·기술 (업종대분류),30대 직장인/청장년층,대분류
143,대구광역시 달성군 하빈면,달성군,2771033000,21.53,10.0,5.5,69.46,16.54,39.26,6.04,6,3104,183,0.059,0.394,0.0,3406.4,0.3,850,4.8,27710,37.7234,82.3,177,4.7,3593.4,0.0,0,16,16.9,1.703,0.0,3.0,0.0339,443.4,26.1,과학·기술,30s,과학·기술 (업종대분류),30대 직장인/청장년층,대분류
144,대구광역시 군위군 효령면,군위군,2772032000,18.8,9.8,4.03,65.44,13.19,2.35,30.2,8,3639,180,0.0495,0.664,0.0,20018.6,0.0,0,0.0,27720,96.6177,37.7,140,1.4,19823.3,0.0,0,0,0.0,1.6874,0.0,0.0,0.0571,404.3,20.0,과학·기술,30s,과학·기술 (업종대분류),30대 직장인/청장년층,대분류
145,대구광역시 군위군 소보면,군위군,2772031000,18.14,7.79,2.68,63.09,11.17,2.35,38.93,4,2221,90,0.0405,0.739,0.0,35958.1,0.0,0,0.0,27720,99.6768,22.3,63,0.6,34386.7,0.0,0,0,0.0,1.6534,0.0,0.0,0.0635,444.2,18.0,과학·기술,30s,과학·기술 (업종대분류),30대 직장인/청장년층,대분류
146,대구광역시 군위군 우보면,군위군,2772034000,17.06,7.11,1.34,59.74,11.84,2.35,36.91,3,1937,64,0.033,0.727,0.0,26002.9,0.0,0,0.0,27720,60.4878,32.0,48,0.8,27265.0,0.0,0,0,0.0,1.6422,0.0,0.0,0.0625,484.2,16.0,과학·기술,30s,과학·기술 (업종대분류),30대 직장인/청장년층,대분류
147,대구광역시 군위군 삼국유사면,군위군,2772037000,15.85,6.27,0.14,78.86,12.51,2.35,0.0,0,1330,35,0.0263,0.0,0.0,24412.0,0.0,0,0.0,27720,115.041,11.6,36,0.3,24412.0,0.0,0,0,0.0,1.542,0.0,0.0,0.0,1330.0,35.0,과학·기술,30s,과학·기술 (업종대분류),30대 직장인/청장년층,대분류
148,대구광역시 군위군 의흥면,군위군,2772035000,15.72,8.66,2.01,70.13,12.18,2.35,1.34,2,2217,75,0.0338,0.252,0.0,25767.7,0.0,0,0.0,27720,54.4298,40.7,92,1.7,27468.0,0.0,0,0,0.0,1.3958,0.0,0.0,0.0217,739.0,25.0,과학·기술,30s,과학·기술 (업종대분류),30대 직장인/청장년층,대분류
149,대구광역시 군위군 부계면,군위군,2772033000,15.53,8.19,3.36,64.76,14.53,2.35,2.68,4,2106,98,0.0465,0.298,0.0,11732.5,0.0,0,0.0,27720,65.1498,32.3,156,2.4,14132.4,0.0,0,0,0.0,1.5238,0.0,0.0,0.0256,421.2,19.6,과학·기술,30s,과학·기술 (업종대분류),30대 직장인/청장년층,대분류
150,대구광역시 군위군 산성면,군위군,2772036000,13.81,6.84,0.54,61.92,12.85,2.35,2.01,1,1201,35,0.0291,0.258,0.0,22313.9,0.0,0,0.0,27720,36.9047,32.5,45,1.2,21435.4,0.0,0,0,0.0,1.3772,0.0,0.0,0.0222,600.5,17.5,과학·기술,30s,과학·기술 (업종대분류),30대 직장인/청장년층,대분류
1,대구광역시 수성구 범어1동,수성구,2726051000,80.41,83.59,95.84,32.55,94.09,81.74,89.93,111,22679,5507,0.2428,1.899,19467.9,280.8,17.6,2378,2.41,27260,1.1852,19135.2,988,833.6,239.4,0.996,2,34,1056.3,1.9254,0.991,1048.5,0.1123,202.5,49.2,교육,10s,교육 서비스업 전체,10대 이하 (0~19세),대분류
2,대구광역시 달성군 다사읍,달성군,2771025600,74.71,78.79,95.97,54.53,52.95,73.69,83.89,214,88904,19414,0.2184,1.562,24793.4,1123.2,13.6,4705,2.03,27710,36.8156,2414.8,2317,62.9,1242.5,0.3423,3,133,475.8,1.7768,0.4813,531.8,0.0924,413.5,90.3,교육,10s,교육 서비스업 전체,10대 이하 (0~19세),대분류
3,대구광역시 달서구 감삼동,달서구,2729055500,73.48,92.55,86.98,51.0,62.32,55.44,57.72,72,31125,5313,0.1707,0.83,12921.8,563.0,12.0,1705,1.16,27290,1.1434,27221.4,1465,1281.3,450.0,0.641,1,37,514.2,1.8307,0.3889,419.2,0.0491,426.4,72.8,교육,10s,교육 서비스업 전체,10대 이하 (0~19세),대분류
4,대구광역시 달서구 상인1동,달서구,2729062400,73.46,90.67,79.73,18.8,70.27,75.57,93.96,138,31919,5072,0.1589,2.221,20963.7,501.0,21.8,2895,2.76,27290,1.4947,21354.8,1050,702.5,455.1,0.5638,1,54,886.7,1.7616,0.4928,515.9,0.1314,229.6,36.5,교육,10s,교육 서비스업 전체,10대 이하 (0~19세),대분류
5,대구광역시 북구 칠성동,북구,2723052600,73.26,85.17,79.73,52.02,64.16,91.04,52.35,58,23657,3916,0.1655,0.727,23713.1,600.3,10.0,4486,3.33,27230,1.3907,17010.9,1349,970.0,435.4,0.6308,2,51,877.9,1.5237,0.4138,1101.6,0.043,401.0,66.4,교육,10s,교육 서비스업 전체,10대 이하 (0~19세),대분류
6,대구광역시 북구 동천동,북구,2723078000,73.17,86.88,82.69,8.89,77.45,90.27,85.91,143,24635,4142,0.1681,1.692,8538.0,393.4,28.4,4100,2.87,27230,1.0632,23170.6,1429,1344.1,430.1,0.6767,1,118,1498.7,1.7811,0.7972,1453.8,0.1001,171.1,28.8,교육,10s,교육 서비스업 전체,10대 이하 (0~19세),대분류
7,대구광역시 달서구 진천동,달서구,2729061500,72.97,85.24,80.81,43.29,66.98,75.83,71.14,136,49267,7626,0.1548,1.114,33114.2,618.2,10.9,3768,1.83,27290,5.3271,9248.4,2063,387.3,538.6,0.6757,3,95,557.9,1.7891,0.6544,642.9,0.0659,359.6,55.7,교육,10s,교육 서비스업 전체,10대 이하 (0~19세),대분류
8,대구광역시 동구 안심4동,동구,2714074700,72.4,74.73,73.55,62.42,82.42,71.74,63.76,56,26289,3959,0.1506,0.962,13918.2,375.7,6.2,2726,2.77,27140,2.572,10221.2,985,383.0,390.0,0.7503,2,66,438.1,1.8606,0.8214,436.1,0.0569,461.2,69.5,교육,10s,교육 서비스업 전체,10대 이하 (0~19세),대분류
9,대구광역시 달서구 용산1동,달서구,2729057100,71.73,83.83,67.25,75.5,68.18,68.86,46.98,40,27808,3611,0.1299,0.676,12948.6,530.1,4.2,2800,2.8,27290,1.4578,19075.3,1001,686.7,500.2,0.5395,1,27,594.5,1.8138,0.55,373.0,0.04,678.2,88.1,교육,10s,교육 서비스업 전체,10대 이하 (0~19세),대분류
10,대구광역시 달서구 월성1동,달서구,2729060100,71.42,80.54,98.53,24.5,35.57,88.73,96.64,221,39423,10633,0.2697,2.598,0.0,941.2,45.6,4066,2.83,27290,1.9323,20402.1,1438,744.2,899.2,0.096,0,70,1080.4,1.8341,0.0317,1165.9,0.1537,177.6,47.9,교육,10s,교육 서비스업 전체,10대 이하 (0~19세),대분류
11,대구광역시 달서구 유천동,달서구,2729061700,70.92,73.86,99.46,36.25,43.62,69.53,99.33,159,32864,9996,0.3042,3.692,0.0,655.4,28.6,1643,2.26,27290,1.3119,25050.7,728,554.9,622.7,0.2788,0,41,613.2,1.8499,0.2013,542.3,0.2184,205.4,62.5,교육,10s,교육 서비스업 전체,10대 이하 (0~19세),대분류
12,대구광역시 북구 구암동,북구,2723074500,70.74,74.9,76.24,51.34,79.46,74.33,59.73,54,30230,4622,0.1529,0.882,15065.5,376.0,14.5,2117,2.05,27230,4.1947,7206.7,1035,246.7,349.2,0.7449,3,41,403.8,1.7552,0.6852,707.0,0.0522,549.6,84.0,교육,10s,교육 서비스업 전체,10대 이하 (0~19세),대분류
13,대구광역시 동구 안심1동,동구,2714072000,68.88,84.53,75.04,45.3,59.86,66.98,60.4,94,37158,5235,0.1409,0.894,15850.8,613.8,9.4,2910,1.64,27140,3.4892,10649.4,1776,509.0,428.2,0.5923,2,56,451.6,1.7618,0.2766,458.4,0.0529,391.1,55.1,교육,10s,교육 서비스업 전체,10대 이하 (0~19세),대분류
14,대구광역시 달성군 화원읍,달성군,2771025000,68.55,76.04,72.35,76.68,68.39,42.08,53.02,66,45354,5811,0.1281,0.739,17158.0,509.5,3.8,2363,1.56,27710,25.9877,1745.2,1512,58.2,477.2,0.6104,2,64,174.0,1.7733,0.4697,160.9,0.0437,676.9,86.7,교육,10s,교육 서비스업 전체,10대 이하 (0~19세),대분류
15,대구광역시 수성구 고산2동,수성구,2726068000,68.44,67.85,81.21,42.45,73.22,68.39,76.51,97,25533,4202,0.1646,1.292,11450.8,459.0,8.4,6126,4.82,27260,24.337,1049.1,1270,52.2,499.8,0.5976,3,88,249.9,1.894,0.6701,267.8,0.0764,260.5,42.9,교육,10s,교육 서비스업 전체,10대 이하 (0~19세),대분류
16,대구광역시 수성구 만촌3동,수성구,2726056100,68.35,70.03,95.71,32.39,73.15,28.42,95.3,107,20523,5389,0.2626,2.461,14504.4,442.8,18.3,797,1.08,27260,1.6947,12110.1,735,433.7,416.1,0.5578,2,13,188.8,1.9243,0.514,167.1,0.1456,190.0,49.9,교육,10s,교육 서비스업 전체,10대 이하 (0~19세),대분류
17,대구광역시 수성구 고산1동,수성구,2726067000,67.84,72.28,91.81,12.92,59.4,71.47,97.99,176,31066,5924,0.1907,2.629,11318.1,634.2,28.4,2849,2.52,27260,8.624,3602.3,1132,131.3,600.7,0.4735,1,43,613.8,1.7871,0.392,474.1,0.1555,175.5,33.5,교육,10s,교육 서비스업 전체,10대 이하 (0~19세),대분류
18,대구광역시 수성구 고산3동,수성구,2726069000,67.63,67.78,74.5,29.53,83.89,64.6,89.26,92,29136,4188,0.1437,1.849,8180.9,330.2,18.7,994,1.18,27260,5.2954,5502.1,841,158.8,377.6,0.8193,1,35,511.9,1.8415,0.913,799.4,0.1094,313.3,45.0,교육,10s,교육 서비스업 전체,10대 이하 (0~19세),대분류
19,대구광역시 중구 성내3동,중구,2711058500,67.42,55.77,87.78,75.0,86.78,19.83,68.79,28,13643,3212,0.2354,1.067,5778.9,323.8,5.2,259,0.58,27110,0.7455,18300.5,444,595.6,332.9,0.9302,1,12,257.9,1.9273,1.0,183.5,0.0631,470.4,110.8,교육,10s,교육 서비스업 전체,10대 이하 (0~19세),대분류
20,대구광역시 수성구 수성1가동,수성구,2726057000,67.16,73.99,77.99,20.13,91.68,34.7,91.28,82,16970,2859,0.1685,1.958,11615.6,275.0,17.1,364,0.51,27260,0.6383,26586.2,708,1109.2,306.7,0.8814,1,13,357.1,1.9594,0.9512,364.5,0.1158,204.5,34.4,교육,10s,교육 서비스업 전체,10대 이하 (0~19세),대분류
21,대구광역시 수성구 범어3동,수성구,2726053000,66.37,71.34,90.74,17.45,51.81,79.73,84.56,107,17016,3985,0.2342,1.565,0.0,543.2,26.0,2389,2.07,27260,0.5836,29157.0,1155,1979.1,503.0,0.4978,0,39,1299.8,1.8564,0.3364,997.5,0.0926,157.6,36.9,교육,10s,교육 서비스업 전체,10대 이하 (0~19세),대분류
22,대구광역시 수성구 범어2동,수성구,2726052000,66.29,69.03,80.67,3.02,77.85,80.57,92.62,133,15345,2772,0.1806,2.056,10699.6,380.8,59.1,2861,2.62,27260,1.0094,15202.1,1094,1083.8,482.8,0.5384,1,42,1064.7,1.8705,0.7669,708.2,0.1216,114.5,20.7,교육,10s,교육 서비스업 전체,10대 이하 (0~19세),대분류
23,대구광역시 동구 신암4동,동구,2714054000,65.69,68.86,51.54,88.26,78.79,81.21,15.44,11,18383,2078,0.113,0.357,43556.8,464.2,2.7,2706,5.19,27140,1.1656,15771.3,521,447.0,378.4,0.7179,2,29,569.0,1.8721,0.8182,533.3,0.0211,1531.9,173.2,교육,10s,교육 서비스업 전체,10대 이하 (0~19세),대분류
24,대구광역시 북구 관문동,북구,2723071500,65.58,64.33,90.74,62.75,34.83,55.77,79.19,69,31975,5814,0.1818,1.442,7033.3,2200.7,8.1,2576,3.18,27230,14.8231,2157.1,809,54.6,1662.6,0.3498,3,64,205.6,1.7905,0.2319,193.2,0.0853,456.8,83.1,교육,10s,교육 서비스업 전체,10대 이하 (0~19세),대분류
25,대구광역시 북구 태전2동,북구,2723073500,64.7,67.82,61.88,54.36,74.09,68.06,59.06,49,21610,2702,0.125,0.862,3795.2,393.8,5.7,2036,2.12,27230,2.0691,10444.2,961,464.5,413.0,0.7815,1,51,470.0,1.797,0.7959,495.2,0.051,432.2,54.0,교육,10s,교육 서비스업 전체,10대 이하 (0~19세),대분류
26,대구광역시 수성구 범어4동,수성구,2726054000,64.17,64.96,97.18,1.68,65.64,51.48,100.0,331,18446,5487,0.2975,4.862,0.0,395.6,114.3,974,0.85,27260,1.1922,15472.2,1151,965.4,382.2,0.7541,0,29,516.8,1.7887,0.7281,495.9,0.2876,55.6,16.5,교육,10s,교육 서비스업 전체,10대 이하 (0~19세),대분류
27,대구광역시 중구 남산4동,중구,2711067000,63.97,57.58,76.11,52.02,74.02,42.49,83.22,37,15842,2660,0.1679,1.552,0.0,329.1,10.8,481,1.19,27110,0.449,35282.9,403,897.6,351.8,0.8164,0,16,308.4,1.9455,0.8919,339.5,0.0918,416.9,70.0,교육,10s,교육 서비스업 전체,10대 이하 (0~19세),대분류
28,대구광역시 북구 고성동,북구,2723051000,63.84,55.74,86.98,73.32,52.69,49.8,58.39,25,14603,3323,0.2276,0.842,0.0,523.9,6.1,694,1.38,27230,0.52,28082.7,502,965.4,502.8,0.4641,0,9,698.5,1.5975,0.32,380.9,0.0498,561.7,127.8,교육,10s,교육 서비스업 전체,10대 이하 (0~19세),대분류
29,대구광역시 달서구 이곡1동,달서구,2729057600,63.41,70.04,50.87,10.06,90.13,91.41,80.54,74,19663,2203,0.112,1.494,15640.1,303.0,26.3,2777,3.32,27290,1.8033,10903.9,837,464.1,366.7,0.8339,2,56,1398.8,1.8622,0.9189,2071.5,0.0884,262.2,29.4,교육,10s,교육 서비스업 전체,10대 이하 (0~19세),대분류
30,대구광역시 북구 국우동,북구,2723080000,63.4,61.41,86.31,45.47,48.52,54.96,81.21,84,29112,4979,0.171,1.508,3118.2,948.4,10.5,2431,2.58,27230,16.9087,1721.7,942,55.7,759.4,0.4586,2,41,272.2,1.7701,0.4881,223.2,0.0892,342.5,58.6,교육,10s,교육 서비스업 전체,10대 이하 (0~19세),대분류
31,대구광역시 달성군 유가읍,달성군,2771025900,63.24,57.89,98.39,39.6,14.29,93.22,87.92,118,31236,8445,0.2704,1.785,0.0,12099.1,29.1,4302,3.85,27710,56.1887,555.9,1117,19.9,12162.5,0.0,0,60,1047.5,1.7554,0.0,1328.0,0.1056,262.5,71.0,교육,10s,교육 서비스업 전체,10대 이하 (0~19세),대분류
32,대구광역시 동구 안심3동,동구,2714074200,62.2,57.28,86.31,16.1,76.71,41.01,97.32,110,19897,3821,0.192,2.605,6999.1,378.4,22.7,913,1.28,27140,5.8689,3390.2,714,121.7,457.1,0.556,1,29,232.8,1.9059,0.7636,246.0,0.1541,179.3,34.4,교육,10s,교육 서비스업 전체,10대 이하 (0~19세),대분류
33,대구광역시 달서구 본리동,달서구,2729059000,61.8,67.85,85.23,60.74,28.06,59.16,51.68,31,22993,4102,0.1784,0.725,0.0,1051.4,11.6,1195,1.65,27290,1.0774,21341.2,723,671.1,1208.5,0.0,0,48,381.0,1.8016,0.0,404.8,0.0429,718.5,128.2,교육,10s,교육 서비스업 전체,10대 이하 (0~19세),대분류
34,대구광역시 중구 남산2동,중구,2711065000,61.57,55.0,67.79,16.78,97.52,71.14,72.48,41,7394,1327,0.1795,1.168,82629.0,235.6,18.2,863,1.46,27110,0.3916,18881.5,593,1514.3,289.0,1.0,4,11,1474.2,1.9141,1.0,1437.0,0.0691,176.0,31.6,교육,10s,교육 서비스업 전체,10대 이하 (0~19세),대분류
35,대구광역시 동구 신천3동,동구,2714057000,61.18,58.62,70.61,37.92,54.57,82.18,73.83,55,14835,2362,0.1592,1.207,0.0,527.4,9.6,1998,2.59,27140,0.7179,20664.4,770,1072.6,542.0,0.4195,0,48,1228.0,1.9695,0.4364,1158.5,0.0714,264.9,42.2,교육,10s,교육 서비스업 전체,10대 이하 (0~19세),대분류
36,대구광역시 수성구 수성2·3가동,수성구,2726058000,61.04,51.64,77.45,9.56,85.03,68.12,90.6,83,10185,2036,0.1999,1.944,5644.8,314.8,21.6,1441,2.0,27260,0.6602,15427.1,722,1093.6,276.9,0.9848,1,24,550.7,1.8895,0.9157,559.5,0.115,121.2,24.2,교육,10s,교육 서비스업 전체,10대 이하 (0~19세),대분류
37,대구광역시 북구 침산2동,북구,2723056000,60.89,60.87,86.84,22.98,24.7,85.1,95.97,89,17835,3636,0.2039,2.538,0.0,1284.1,22.7,2202,3.71,27230,0.8533,20901.2,593,694.9,1297.3,0.0,0,23,684.5,1.8863,0.0,850.0,0.1501,198.2,40.4,교육,10s,교육 서비스업 전체,10대 이하 (0~19세),대분류
38,대구광역시 북구 복현2동,북구,2723067200,60.42,63.59,80.54,49.5,21.0,54.63,91.95,76,28733,4630,0.1611,1.98,0.0,1654.5,9.4,1348,2.08,27230,1.8078,15893.9,649,359.0,1620.2,0.0,0,39,355.2,1.8941,0.0,313.8,0.1171,373.2,60.1,교육,10s,교육 서비스업 전체,10대 이하 (0~19세),대분류
39,대구광역시 달서구 죽전동,달서구,2729056300,60.21,69.8,43.49,49.16,86.81,66.24,35.57,30,14344,1513,0.1055,0.533,13243.8,314.9,6.6,1402,1.47,27290,0.7849,18274.9,951,1211.6,343.2,0.8107,1,42,580.0,1.8808,0.8333,616.2,0.0315,462.7,48.8,교육,10s,교육 서비스업 전체,10대 이하 (0~19세),대분류
40,"대구광역시 달서구 두류1,2동",달서구,2729053500,59.79,68.36,34.63,51.18,81.14,82.82,42.28,35,15672,1431,0.0913,0.619,15669.8,387.1,4.1,3657,3.83,27290,1.2776,12266.8,955,747.5,325.6,0.8597,2,36,680.4,1.903,0.8,553.5,0.0366,435.3,39.8,교육,10s,교육 서비스업 전체,10대 이하 (0~19세),대분류
41,대구광역시 서구 내당1동,서구,2717051000,59.57,54.63,61.75,77.18,47.52,72.28,48.99,19,14683,2048,0.1395,0.697,0.0,612.9,4.5,1153,2.5,27170,0.5707,25728.1,461,807.8,613.4,0.3362,0,27,826.7,1.842,0.2632,694.5,0.0412,734.2,102.4,교육,10s,교육 서비스업 전체,10대 이하 (0~19세),대분류
42,대구광역시 달서구 신당동,달서구,2729058500,59.53,75.64,47.45,68.8,58.73,69.39,12.75,47,27882,2655,0.0952,0.323,24240.6,720.7,2.3,7236,2.94,27290,9.211,3027.0,2465,267.6,821.4,0.4365,2,113,477.8,1.7073,0.4043,333.5,0.0191,580.9,55.3,교육,10s,교육 서비스업 전체,10대 이하 (0~19세),대분류
43,대구광역시 중구 대봉1동,중구,2711068000,58.89,57.38,64.97,20.47,96.65,70.84,40.27,37,7666,1293,0.1687,0.56,19088.4,231.8,14.1,1613,1.44,27110,0.5627,13623.6,1117,1985.1,194.3,1.0,2,23,833.7,1.8237,1.0,771.8,0.0331,201.7,34.0,교육,10s,교육 서비스업 전체,10대 이하 (0~19세),대분류
44,대구광역시 수성구 지산2동,수성구,2726065200,58.85,62.55,58.12,26.68,81.74,46.14,75.84,60,18149,2255,0.1242,1.288,4126.8,352.6,12.5,928,1.18,27260,1.6406,11062.4,787,479.7,398.0,0.8119,1,26,289.4,1.9254,0.9333,340.2,0.0762,297.5,37.0,교육,10s,교육 서비스업 전체,10대 이하 (0~19세),대분류
45,대구광역시 남구 대명2동,남구,2720057100,58.31,65.84,52.35,26.51,93.09,40.1,61.41,43,15229,1817,0.1193,0.91,7568.7,229.4,18.3,780,0.98,27200,0.8755,17394.6,799,912.6,253.3,0.9862,1,20,331.0,1.8046,1.0,319.1,0.0538,346.1,41.3,교육,10s,교육 서비스업 전체,10대 이하 (0~19세),대분류
46,대구광역시 수성구 두산동,수성구,2726064000,57.7,62.89,63.89,21.98,64.76,82.75,47.65,63,14840,2121,0.1429,0.683,4499.5,496.8,12.5,3584,2.3,27260,1.8605,7976.4,1558,837.4,524.0,0.4589,1,72,732.3,1.7103,0.4921,950.4,0.0404,231.9,33.1,교육,10s,교육 서비스업 전체,10대 이하 (0~19세),대분류
47,대구광역시 북구 태전1동,북구,2723072500,57.29,64.33,51.41,82.55,51.21,58.38,18.12,18,21074,2279,0.1081,0.374,3814.3,696.5,3.6,1588,1.95,27230,2.5135,8384.3,814,323.9,633.0,0.2862,1,23,327.5,1.7551,0.2778,367.4,0.0221,1109.2,119.9,교육,10s,교육 서비스업 전체,10대 이하 (0~19세),대분류
48,대구광역시 수성구 범물2동,수성구,2726066200,57.19,41.91,67.52,41.44,69.2,57.96,87.25,42,15526,2373,0.1528,1.714,0.0,369.2,11.4,590,1.43,27260,2.122,7316.7,414,195.1,382.0,0.8309,0,14,463.5,1.9377,0.7619,548.5,0.1014,361.1,55.2,교육,10s,교육 서비스업 전체,10대 이하 (0~19세),대분류
49,대구광역시 수성구 황금1동,수성구,2726060100,56.91,49.06,92.48,40.27,37.18,22.12,98.66,85,20820,4762,0.2287,3.601,0.0,840.3,12.6,480,1.2,27260,2.5751,8085.1,399,154.9,851.9,0.0702,0,13,72.8,1.9203,0.0118,72.9,0.213,242.1,55.4,교육,10s,교육 서비스업 전체,10대 이하 (0~19세),대분류
50,대구광역시 동구 혁신동,동구,2714075500,56.91,46.51,86.44,28.86,26.04,89.13,85.23,99,16501,3543,0.2147,1.631,0.0,1235.1,10.2,8600,8.38,27140,17.0739,966.4,1026,60.1,1007.5,0.0,0,102,1121.3,1.8826,0.0,628.4,0.0965,165.0,35.4,교육,10s,교육 서비스업 전체,10대 이하 (0~19세),대분류
51,대구광역시 동구 불로·봉무동,동구,2714062000,55.91,54.77,81.88,29.86,16.98,92.99,67.79,79,19381,3386,0.1747,1.063,0.0,3172.8,16.7,4178,3.33,27140,7.6608,2529.9,1256,164.0,2945.5,0.0008,0,57,1075.7,1.7038,0.0,1473.8,0.0629,242.3,42.3,교육,10s,교육 서비스업 전체,10대 이하 (0~19세),대분류
52,대구광역시 북구 무태조야동,북구,2723069500,55.9,60.47,79.6,39.43,16.31,56.88,77.85,98,32499,5127,0.1578,1.368,0.0,4275.7,11.4,1749,1.44,27230,22.8763,1420.6,1211,52.9,3904.0,0.0,0,48,240.2,1.8693,0.0,372.1,0.0809,328.3,51.8,교육,10s,교육 서비스업 전체,10대 이하 (0~19세),대분류
53,대구광역시 남구 대명5동,남구,2720060000,55.87,46.84,43.9,39.43,89.53,82.62,54.36,27,8896,1060,0.1192,0.752,11071.1,294.8,7.1,2694,4.44,27200,0.74,12021.6,607,820.3,256.8,0.8666,1,20,557.7,1.8206,0.9259,596.4,0.0445,317.7,37.9,교육,10s,교육 서비스업 전체,10대 이하 (0~19세),대분류
54,대구광역시 북구 읍내동,북구,2723077000,55.71,57.78,61.61,79.87,29.06,56.17,40.94,33,24576,3044,0.1239,0.563,0.0,949.2,3.4,1572,1.59,27230,5.6904,4318.9,991,174.2,977.2,0.0,0,37,601.6,1.7105,0.0,360.2,0.0333,722.8,89.5,교육,10s,교육 서비스업 전체,10대 이하 (0~19세),대분류
55,대구광역시 북구 침산3동,북구,2723057000,55.65,55.91,75.04,22.15,24.02,74.8,94.63,73,17704,2877,0.1625,2.281,0.0,1315.0,22.3,1418,2.62,27230,1.0462,16922.2,541,517.1,1374.8,0.0,0,27,644.1,1.8583,0.0,697.0,0.1349,239.2,38.9,교육,10s,교육 서비스업 전체,10대 이하 (0~19세),대분류
56,대구광역시 달서구 송현2동,달서구,2729064000,55.59,74.03,38.52,57.04,73.83,36.34,24.16,27,17618,1613,0.0916,0.451,7829.2,397.2,5.7,831,0.82,27290,0.9693,18176.0,1011,1043.0,449.2,0.6281,1,33,378.6,1.7597,0.7037,273.7,0.0267,629.2,57.6,교육,10s,교육 서비스업 전체,10대 이하 (0~19세),대분류
57,대구광역시 수성구 지산1동,수성구,2726065100,55.4,65.57,38.26,11.41,82.42,65.57,74.5,95,18617,1646,0.0884,1.234,5358.9,325.3,14.6,1776,1.37,27260,2.8948,6431.2,1301,449.4,326.2,0.9101,1,63,541.8,1.8658,0.9053,593.5,0.073,193.9,17.1,교육,10s,교육 서비스업 전체,10대 이하 (0~19세),대분류
58,대구광역시 수성구 만촌1동,수성구,2726055000,55.23,56.54,74.5,26.51,25.7,66.78,88.59,93,20174,3212,0.1592,1.848,0.0,1248.4,10.4,2268,2.67,27260,2.6991,7474.3,851,315.3,1236.9,0.0,0,39,434.8,1.9356,0.0,391.7,0.1093,214.6,34.2,교육,10s,교육 서비스업 전체,10대 이하 (0~19세),대분류
59,대구광역시 달성군 구지면,달성군,2771038000,55.19,43.89,89.19,72.15,13.62,46.71,66.44,42,18847,4072,0.2161,1.024,0.0,17057.3,5.7,2321,3.35,27710,39.6367,475.5,693,17.5,17209.4,0.0,0,59,87.9,1.65,0.0,74.2,0.0606,438.3,94.7,교육,10s,교육 서비스업 전체,10대 이하 (0~19세),대분류
60,대구광역시 달서구 용산2동,달서구,2729057200,55.06,59.93,57.58,80.2,44.36,29.53,39.26,17,24584,2829,0.1151,0.555,0.0,652.2,4.5,678,1.31,27290,1.5398,15965.7,518,336.4,752.7,0.1409,0,19,147.4,1.7934,0.2353,134.2,0.0328,1365.8,157.2,교육,10s,교육 서비스업 전체,10대 이하 (0~19세),대분류
61,대구광역시 동구 신암3동,동구,2714053000,54.88,43.69,71.54,62.92,44.76,44.29,68.79,25,11150,1883,0.1689,1.067,0.0,643.1,6.6,616,1.56,27140,0.6012,18546.2,396,658.7,734.3,0.0581,0,13,452.5,1.8895,0.2,277.1,0.0631,428.8,72.4,교육,10s,교육 서비스업 전체,10대 이하 (0~19세),대분류
62,대구광역시 달서구 도원동,달서구,2729062800,54.45,52.85,61.34,51.84,26.38,68.72,77.18,51,30857,3580,0.116,1.309,0.0,1208.9,10.5,1977,3.0,27290,11.188,2758.0,659,58.9,1382.2,0.0,0,41,337.0,1.7287,0.0,397.4,0.0774,593.4,68.8,교육,10s,교육 서비스업 전체,10대 이하 (0~19세),대분류
63,대구광역시 동구 안심2동,동구,2714073000,54.32,44.03,60.67,94.63,55.9,45.17,18.79,9,17002,2238,0.1316,0.385,3810.8,601.9,0.9,1493,3.79,27140,13.3309,1275.4,394,29.6,844.7,0.3046,1,43,159.2,1.8547,0.3333,81.2,0.0228,1700.2,223.8,교육,10s,교육 서비스업 전체,10대 이하 (0~19세),대분류
64,대구광역시 수성구 중동,수성구,2726061000,54.12,53.09,72.48,41.61,33.42,54.6,69.8,52,14422,2369,0.1643,1.089,0.0,1117.0,8.9,1100,1.36,27260,0.948,15213.1,808,852.3,1056.8,0.0334,0,38,386.9,1.9604,0.0385,404.8,0.0644,272.1,44.7,교육,10s,교육 서비스업 전체,10대 이하 (0~19세),대분류
65,대구광역시 동구 신암2동,동구,2714052000,54.03,47.31,69.39,47.14,49.13,32.65,82.55,31,11446,1896,0.1656,1.542,0.0,589.5,10.1,357,1.05,27140,0.3625,31575.2,340,937.9,610.1,0.3059,0,13,392.6,1.7582,0.2903,257.5,0.0912,357.7,59.2,교육,10s,교육 서비스업 전체,10대 이하 (0~19세),대분류
66,대구광역시 달성군 현풍읍,달성군,2771026500,53.7,54.8,75.17,61.08,13.96,80.87,28.86,39,20887,3326,0.1592,0.48,0.0,12235.7,8.7,3238,2.36,27710,24.3321,858.4,1373,56.4,12264.0,0.0,0,76,500.4,1.6722,0.0,768.3,0.0284,522.2,83.2,교육,10s,교육 서비스업 전체,10대 이하 (0~19세),대분류
67,대구광역시 달서구 성당동,달서구,2729051500,52.83,60.67,59.87,51.0,30.06,51.27,53.69,46,19920,2472,0.1241,0.742,0.0,934.0,6.8,2331,2.22,27290,1.9869,10025.7,1049,528.0,917.0,0.0143,0,41,251.2,1.8319,0.0,213.2,0.0439,423.8,52.6,교육,10s,교육 서비스업 전체,10대 이하 (0~19세),대분류
68,대구광역시 달서구 상인2동,달서구,2729062500,52.69,65.0,44.02,34.9,60.2,57.95,43.29,44,16737,1714,0.1024,0.627,0.0,467.9,9.2,927,0.78,27290,0.9567,17494.5,1185,1238.6,510.6,0.5401,0,33,566.3,1.6938,0.5227,757.5,0.0371,371.9,38.1,교육,10s,교육 서비스업 전체,10대 이하 (0~19세),대분류
69,대구광역시 수성구 황금2동,수성구,2726060200,52.56,53.02,59.87,22.98,59.67,55.7,67.11,64,11770,1664,0.1414,1.05,2213.9,569.8,9.2,1605,1.56,27260,1.1892,9897.4,1030,866.1,557.5,0.4214,1,58,395.5,1.9253,0.5,358.4,0.0621,181.1,25.6,교육,10s,교육 서비스업 전체,10대 이하 (0~19세),대분류
70,대구광역시 서구 평리5동,서구,2717066000,52.49,43.12,81.14,91.94,19.66,28.29,37.58,6,10531,2276,0.2161,0.546,0.0,1852.8,1.5,224,1.2,27170,0.4071,25868.3,186,456.9,1832.0,0.0,0,9,214.6,1.864,0.0,189.3,0.0323,1504.4,325.1,교육,10s,교육 서비스업 전체,10대 이하 (0~19세),대분류
71,대구광역시 동구 신천4동,동구,2714058000,52.19,58.32,54.5,41.61,41.21,96.92,16.78,38,12937,1635,0.1264,0.365,0.0,742.1,8.3,6933,3.94,27140,0.7957,16258.6,1759,2210.6,655.2,0.3627,0,85,2660.8,1.7119,0.2368,2486.3,0.0216,331.7,41.9,교육,10s,교육 서비스업 전체,10대 이하 (0~19세),대분류
72,대구광역시 중구 대봉2동,중구,2711069000,51.77,41.61,60.13,37.25,86.11,22.48,65.1,18,5933,994,0.1675,1.014,3410.6,318.8,13.0,179,0.6,27110,0.2744,21621.7,300,1093.3,300.2,1.0,1,8,220.2,1.8838,1.0,207.8,0.06,312.3,52.3,교육,10s,교육 서비스업 전체,10대 이하 (0~19세),대분류
73,대구광역시 남구 이천동,남구,2720051500,51.59,45.7,60.27,41.61,57.38,27.85,81.88,44,14245,1952,0.137,1.511,0.0,533.0,8.7,350,0.71,27200,1.0429,13659.0,492,471.8,549.3,0.628,0,12,288.2,1.8983,0.6591,232.0,0.0894,316.6,43.4,교육,10s,교육 서비스업 전체,10대 이하 (0~19세),대분류
74,대구광역시 동구 효목2동,동구,2714060000,51.29,53.26,47.92,62.92,37.79,60.57,45.64,25,14147,1605,0.1135,0.653,0.0,877.6,5.2,897,1.39,27140,0.761,18590.0,647,850.2,915.3,0.085,0,26,459.9,1.8141,0.16,553.6,0.0386,544.1,61.7,교육,10s,교육 서비스업 전체,10대 이하 (0~19세),대분류
75,대구광역시 달성군 옥포읍,달성군,2771026200,51.2,47.35,74.09,59.74,15.97,42.42,65.77,44,22138,3452,0.1559,1.018,0.0,4356.9,8.7,937,1.28,27710,47.4421,466.6,731,15.4,4106.1,0.0,0,39,152.0,1.7783,0.0,263.2,0.0602,492.0,76.7,교육,10s,교육 서비스업 전체,10대 이하 (0~19세),대분류
76,대구광역시 중구 남산1동,중구,2711064000,51.16,42.95,42.96,1.68,95.77,70.77,79.87,60,5062,657,0.1298,1.491,12121.7,187.1,33.0,1968,2.89,27110,0.4193,12072.5,680,1621.8,253.0,1.0,2,25,713.6,2.0125,1.0,439.8,0.0882,83.0,10.8,교육,10s,교육 서비스업 전체,10대 이하 (0~19세),대분류
77,대구광역시 서구 원대동,서구,2717069500,50.81,48.56,31.34,79.37,83.59,32.52,22.82,11,9963,948,0.0952,0.438,7453.5,327.4,2.8,475,1.12,27170,0.6219,16020.3,424,681.8,291.4,0.9009,1,18,230.3,1.6358,0.9091,217.4,0.0259,830.2,79.0,교육,10s,교육 서비스업 전체,10대 이하 (0~19세),대분류
78,대구광역시 중구 대신동,중구,2711059500,50.79,58.89,56.78,51.84,68.76,32.75,4.03,18,7249,1126,0.1553,0.113,13433.4,462.6,8.4,1301,0.48,27110,0.4899,14796.9,2688,5486.8,169.9,0.9699,1,11,1548.5,0.6257,0.3889,244.7,0.0067,381.5,59.3,교육,10s,교육 서비스업 전체,10대 이하 (0~19세),대분류
79,대구광역시 달서구 두류3동,달서구,2729055000,50.74,48.08,32.89,45.8,93.59,63.42,24.83,21,8931,912,0.1021,0.455,14138.0,245.3,6.1,954,1.22,27290,1.2035,7420.9,781,648.9,263.5,0.9104,1,23,712.8,1.7883,0.9524,708.9,0.0269,406.0,41.5,교육,10s,교육 서비스업 전체,10대 이하 (0~19세),대분류
80,대구광역시 동구 동촌동,동구,2714065500,50.05,43.19,30.47,85.74,59.83,74.23,17.45,12,13815,1185,0.0858,0.367,4475.3,504.6,1.8,1690,3.05,27140,4.4612,3096.7,554,124.2,510.3,0.4116,1,31,352.6,1.7752,0.25,522.5,0.0217,1062.7,91.2,교육,10s,교육 서비스업 전체,10대 이하 (0~19세),대분류
81,대구광역시 수성구 만촌2동,수성구,2726056000,50.05,38.96,79.87,9.4,55.1,33.83,93.29,78,13080,2395,0.1831,2.155,0.0,551.9,34.8,469,0.77,27260,1.9514,6702.9,612,313.6,658.5,0.3431,0,17,172.3,1.9354,0.5128,298.6,0.1275,165.6,30.3,교육,10s,교육 서비스업 전체,10대 이하 (0~19세),대분류
82,대구광역시 중구 성내2동,중구,2711057500,49.68,47.95,51.14,5.36,77.38,91.71,34.9,81,9263,1220,0.1317,0.521,0.0,319.1,24.7,6799,2.59,27110,0.9226,10040.1,2628,2848.5,283.2,0.933,0,67,2751.4,1.6254,0.9383,2566.7,0.0308,113.0,14.9,교육,10s,교육 서비스업 전체,10대 이하 (0~19세),대분류
83,대구광역시 동구 지저동,동구,2714064000,49.42,41.98,24.36,88.59,82.15,51.34,12.08,7,12323,940,0.0763,0.311,9062.4,360.3,1.3,2021,5.32,27140,2.2358,5511.7,380,170.0,469.2,0.5684,1,12,412.7,1.6623,0.8571,117.9,0.0184,1540.4,117.5,교육,10s,교육 서비스업 전체,10대 이하 (0~19세),대분류
84,대구광역시 남구 대명1동,남구,2720056000,49.05,49.7,26.64,69.46,90.47,17.31,30.87,10,9242,811,0.0878,0.497,7928.3,298.0,4.9,142,0.42,27200,0.4605,20069.5,340,738.3,313.8,0.8971,1,10,202.5,1.8727,1.0,183.0,0.0294,840.2,73.7,교육,10s,교육 서비스업 전체,10대 이하 (0~19세),대분류
85,대구광역시 수성구 수성4가동,수성구,2726059000,49.01,52.15,45.91,9.4,67.85,39.4,86.58,68,12798,1459,0.114,1.696,0.0,393.1,20.4,423,0.62,27260,0.6138,20850.4,678,1104.6,395.7,0.7478,0,14,458.2,1.9008,0.7941,402.9,0.1003,185.5,21.1,교육,10s,교육 서비스업 전체,10대 이하 (0~19세),대분류
86,대구광역시 수성구 파동,수성구,2726063000,48.96,38.99,66.44,77.01,21.68,13.16,78.52,27,17133,2440,0.1424,1.4,0.0,1619.4,3.8,264,0.81,27260,5.4129,3165.2,326,60.2,1661.7,0.0,0,13,28.4,1.8928,0.0,32.2,0.0828,611.9,87.1,교육,10s,교육 서비스업 전체,10대 이하 (0~19세),대분류
87,대구광역시 중구 남산3동,중구,2711066000,48.48,35.81,45.37,23.82,92.35,40.54,71.81,21,5779,763,0.132,1.134,5728.2,218.1,12.8,404,1.29,27110,0.4076,14178.1,313,767.9,254.0,0.9968,1,10,293.4,1.8445,1.0,302.6,0.0671,262.7,34.7,교육,10s,교육 서비스업 전체,10대 이하 (0~19세),대분류
88,대구광역시 서구 내당4동,서구,2717054000,48.33,54.77,27.92,47.48,56.91,64.97,41.61,28,14119,1106,0.0783,0.583,0.0,532.9,4.8,1151,1.42,27170,0.8127,17373.0,812,999.1,644.9,0.2352,0,30,493.5,1.7588,0.5714,647.5,0.0345,486.9,38.1,교육,10s,교육 서비스업 전체,10대 이하 (0~19세),대분류
89,대구광역시 달서구 이곡2동,달서구,2729057700,48.31,45.34,35.16,29.7,59.86,96.11,46.31,34,14054,1327,0.0944,0.661,0.0,523.8,11.0,4290,4.94,27290,2.2612,6215.3,869,384.3,594.7,0.6479,0,81,1744.6,1.7889,0.7059,1818.0,0.0391,401.5,37.9,교육,10s,교육 서비스업 전체,10대 이하 (0~19세),대분류
90,대구광역시 동구 신천1·2동,동구,2714055500,48.09,55.64,25.37,34.06,79.93,21.78,70.47,25,10994,891,0.081,1.101,9575.6,341.6,7.6,301,0.78,27140,0.4677,23506.5,384,821.0,304.5,0.8438,1,10,149.9,1.8643,0.72,168.0,0.0651,422.8,34.3,교육,10s,교육 서비스업 전체,10대 이하 (0~19세),대분류
91,대구광역시 북구 대현동,북구,2723064500,48.06,58.89,38.93,68.96,39.83,30.64,32.21,24,15618,1496,0.0958,0.507,0.0,877.3,3.2,786,0.98,27230,0.855,18266.7,801,936.8,879.3,0.1423,0,23,239.0,1.7877,0.25,202.8,0.03,624.7,59.8,교육,10s,교육 서비스업 전체,10대 이하 (0~19세),대분류
92,대구광역시 달서구 장기동,달서구,2729056800,48.01,48.05,60.13,17.95,39.06,55.03,75.17,62,15347,2036,0.1327,1.239,0.0,773.8,17.1,958,1.13,27290,2.76,5560.5,846,306.5,906.7,0.1548,0,34,327.3,1.8569,0.1129,513.1,0.0733,243.6,32.3,교육,10s,교육 서비스업 전체,10대 이하 (0~19세),대분류
93,대구광역시 서구 상중이동,서구,2717067500,47.91,51.27,49.13,62.58,25.03,57.38,38.26,39,16863,1901,0.1127,0.551,0.0,1275.2,2.8,3259,2.72,27170,6.7768,2488.3,1196,176.5,1380.9,0.0125,0,73,191.9,1.8364,0.0,216.6,0.0326,421.6,47.5,교육,10s,교육 서비스업 전체,10대 이하 (0~19세),대분류
94,대구광역시 중구 동인동,중구,2711051700,47.72,47.95,44.56,44.12,44.23,86.18,25.5,29,10997,1271,0.1156,0.465,0.0,646.0,7.6,2997,2.84,27110,0.9707,11328.9,1055,1086.8,664.1,0.1223,0,30,902.8,1.8018,0.1724,961.4,0.0275,366.6,42.4,교육,10s,교육 서비스업 전체,10대 이하 (0~19세),대분류
95,대구광역시 달서구 송현1동,달서구,2729063000,46.89,57.58,27.11,25.5,76.64,27.28,61.41,45,15927,1195,0.075,0.91,6693.2,379.6,8.5,743,0.89,27290,2.4579,6479.9,837,340.5,366.2,0.7921,1,22,209.0,1.8609,0.7778,174.4,0.0538,346.2,26.0,교육,10s,교육 서비스업 전체,10대 이하 (0~19세),대분류
96,대구광역시 달서구 본동,달서구,2729065000,46.75,42.75,42.95,92.12,24.36,62.52,16.11,11,13148,1434,0.1091,0.362,0.0,1284.5,0.7,1481,2.89,27290,1.0557,12454.3,513,485.9,1394.5,0.0,0,31,371.6,1.8481,0.0,341.8,0.0214,1095.7,119.5,교육,10s,교육 서비스업 전체,10대 이하 (0~19세),대분류
97,대구광역시 동구 신암1동,동구,2714051000,46.65,44.16,55.3,64.76,26.71,36.51,49.66,22,10781,1471,0.1364,0.707,0.0,1173.4,4.9,394,0.75,27140,0.606,17790.4,526,868.0,1051.5,0.0,0,10,436.8,1.7965,0.0,346.2,0.0418,468.7,64.0,교육,10s,교육 서비스업 전체,10대 이하 (0~19세),대분류
98,대구광역시 남구 대명3동,남구,2720058600,46.64,56.34,26.17,32.38,70.94,46.74,43.29,35,12166,971,0.0798,0.627,5897.8,429.8,5.9,1055,1.12,27200,0.9315,13060.7,944,1013.4,415.9,0.7119,1,20,338.9,1.8061,0.6571,358.3,0.0371,337.9,27.0,교육,10s,교육 서비스업 전체,10대 이하 (0~19세),대분류
99,대구광역시 중구 성내1동,중구,2711056500,46.45,52.62,12.75,1.68,93.09,83.26,55.7,156,5527,368,0.0666,0.774,30098.1,295.1,30.2,4750,1.39,27110,0.759,7281.9,3406,4487.5,324.3,0.8908,1,64,2242.4,1.7374,0.9359,2491.6,0.0458,35.2,2.3,교육,10s,교육 서비스업 전체,10대 이하 (0~19세),대분류
100,대구광역시 동구 공산동,동구,2714076000,46.21,45.17,51.95,77.01,15.3,39.26,44.97,29,19708,2226,0.1129,0.651,0.0,6198.7,3.2,1875,2.49,27140,83.2696,236.7,754,9.1,7174.6,0.0,0,67,61.0,1.6036,0.0,68.6,0.0385,656.9,74.2,교육,10s,교육 서비스업 전체,10대 이하 (0~19세),대분류
101,대구광역시 서구 평리4동,서구,2717065000,46.01,61.71,43.22,60.07,22.68,40.91,23.49,25,15025,1567,0.1043,0.445,0.0,1440.2,5.6,553,0.58,27170,0.7453,20159.7,950,1274.7,1310.9,0.0,0,29,308.6,1.72,0.0,408.0,0.0263,577.9,60.3,교육,10s,교육 서비스업 전체,10대 이하 (0~19세),대분류
102,대구광역시 서구 평리3동,서구,2717064000,45.44,45.51,52.08,72.82,22.02,43.89,27.52,18,12090,1506,0.1246,0.47,0.0,1559.9,4.5,808,1.25,27170,0.7793,15513.9,647,830.2,1448.3,0.0,0,17,230.2,1.772,0.0,309.4,0.0278,636.3,79.3,교육,10s,교육 서비스업 전체,10대 이하 (0~19세),대분류
103,대구광역시 남구 대명6동,남구,2720061000,45.44,33.83,33.82,32.88,75.04,58.99,64.43,32,10276,1016,0.0989,0.965,0.0,302.9,6.9,857,1.53,27200,1.5709,6541.5,560,356.5,385.9,0.675,0,13,329.3,1.9196,0.7812,503.8,0.0571,311.4,30.8,교육,10s,교육 서비스업 전체,10대 이하 (0~19세),대분류
104,대구광역시 남구 대명4동,남구,2720059000,44.93,46.07,18.66,85.57,62.75,46.24,5.03,6,9003,623,0.0692,0.159,7282.1,556.4,1.3,1742,2.74,27200,0.76,11846.1,635,835.5,536.5,0.3512,1,20,496.8,1.7378,0.5,149.8,0.0094,1286.1,89.0,교육,10s,교육 서비스업 전체,10대 이하 (0~19세),대분류
105,대구광역시 동구 방촌동,동구,2714067000,44.85,51.51,34.7,65.77,28.72,32.45,50.34,25,16714,1467,0.0878,0.713,0.0,972.7,3.4,638,1.08,27140,1.2248,13646.3,592,483.3,972.5,0.0,0,22,212.6,1.7373,0.0,213.5,0.0422,642.8,56.4,교육,10s,교육 서비스업 전체,10대 이하 (0~19세),대분류
106,대구광역시 중구 삼덕동,중구,2711054500,44.76,44.83,42.42,8.72,60.13,85.77,39.26,50,7460,923,0.1237,0.555,0.0,484.3,20.0,3487,2.29,27110,0.644,11583.9,1526,2369.6,480.0,0.5839,0,70,1719.3,1.8185,0.6,1464.8,0.0328,146.3,18.1,교육,10s,교육 서비스업 전체,10대 이하 (0~19세),대분류
107,대구광역시 남구 봉덕2동,남구,2720054000,43.38,33.69,64.57,72.15,22.35,6.84,55.03,21,12852,1983,0.1543,0.756,0.0,1488.8,5.5,66,0.14,27200,3.0276,4244.9,470,155.2,1539.8,0.0,0,4,59.5,1.8229,0.0,64.2,0.0447,584.2,90.1,교육,10s,교육 서비스업 전체,10대 이하 (0~19세),대분류
108,대구광역시 남구 대명10동,남구,2720065000,42.97,50.97,10.74,43.96,91.64,42.82,9.06,11,7805,449,0.0575,0.286,15387.0,262.0,5.3,444,0.68,27200,0.5166,15108.4,650,1258.2,375.5,0.8677,1,12,574.8,1.8044,0.9091,472.5,0.0169,650.4,37.4,교육,10s,교육 서비스업 전체,10대 이하 (0~19세),대분류
109,대구광역시 서구 비산7동,서구,2717061000,42.89,40.94,23.36,97.82,50.67,34.66,2.01,3,9260,749,0.0809,0.063,2543.2,714.9,0.0,1162,1.43,27170,2.584,3583.6,815,315.4,513.8,0.4699,1,25,189.6,1.6054,0.3333,134.0,0.0037,2315.0,187.2,교육,10s,교육 서비스업 전체,10대 이하 (0~19세),대분류
110,대구광역시 동구 신암5동,동구,2714054100,42.74,29.5,34.36,68.79,67.48,21.48,44.3,12,7315,786,0.1075,0.646,0.0,406.0,3.4,300,0.96,27140,0.5467,13380.3,314,574.4,366.8,0.9108,0,9,165.0,1.672,0.8333,152.7,0.0382,562.7,60.5,교육,10s,교육 서비스업 전체,10대 이하 (0~19세),대분류
111,대구광역시 북구 관음동,북구,2723075000,42.23,37.78,37.18,57.05,23.02,63.45,51.01,25,13689,1337,0.0977,0.724,0.0,1371.8,4.6,1198,2.05,27230,3.0672,4463.0,584,190.4,1468.8,0.0,0,23,374.4,1.7842,0.0,482.3,0.0428,526.5,51.4,교육,10s,교육 서비스업 전체,10대 이하 (0~19세),대분류
112,대구광역시 동구 해안동,동구,2714068500,41.97,40.2,29.26,73.66,46.98,23.02,36.58,15,12925,1064,0.0823,0.534,11140.2,900.5,3.1,480,1.01,27140,13.264,974.4,475,35.8,755.4,0.0589,2,23,160.5,1.8161,0.0667,128.8,0.0316,807.8,66.5,교육,10s,교육 서비스업 전체,10대 이하 (0~19세),대분류
113,대구광역시 북구 노원동,북구,2723079000,41.83,41.04,31.68,77.02,45.97,40.67,6.71,14,10954,1017,0.0928,0.215,0.0,690.0,1.8,1224,1.11,27230,3.0536,3587.2,1104,361.5,693.4,0.3207,0,44,266.5,1.7025,0.3571,263.1,0.0127,730.3,67.8,교육,10s,교육 서비스업 전체,10대 이하 (0~19세),대분류
114,대구광역시 수성구 범물1동,수성구,2726066100,41.73,34.66,14.76,15.94,85.07,69.19,63.09,21,9654,590,0.0611,0.96,11108.8,368.6,13.6,781,2.11,27260,5.8003,1664.4,370,63.8,338.1,0.9676,2,13,815.3,1.6642,0.9524,742.0,0.0568,438.8,26.8,교육,10s,교육 서비스업 전체,10대 이하 (0~19세),대분류
115,대구광역시 달성군 논공읍,달성군,2771025300,41.62,42.72,43.36,89.6,14.96,36.44,8.05,14,14804,1548,0.1046,0.232,0.0,8501.7,1.0,1664,1.63,27710,44.0501,336.1,1021,23.2,8220.1,0.0,0,42,76.6,1.7366,0.0,81.6,0.0137,986.9,103.2,교육,10s,교육 서비스업 전체,10대 이하 (0~19세),대분류
116,대구광역시 서구 평리2동,서구,2717063000,40.8,35.97,41.21,70.13,25.37,17.32,57.05,10,6820,824,0.1208,0.82,0.0,1267.6,4.9,115,0.56,27170,0.2781,24523.6,206,740.7,1200.3,0.0,0,6,152.3,1.7598,0.0,171.3,0.0485,620.0,74.9,교육,10s,교육 서비스업 전체,10대 이하 (0~19세),대분류
117,대구광역시 남구 봉덕3동,남구,2720055000,40.34,44.29,40.4,29.2,33.36,33.46,62.42,48,14003,1456,0.104,0.945,0.0,1079.8,8.0,902,1.05,27200,3.0696,4561.8,858,279.5,904.0,0.1096,0,23,221.5,1.8839,0.0208,206.3,0.0559,285.8,29.7,교육,10s,교육 서비스업 전체,10대 이하 (0~19세),대분류
118,대구광역시 북구 산격2동,북구,2723062000,40.1,40.84,32.89,52.34,17.31,98.12,10.07,22,9376,942,0.1005,0.294,0.0,2761.1,4.0,10440,8.27,27230,2.3539,3983.2,1263,536.6,2945.4,0.0,0,84,2052.4,1.5111,0.0,1585.2,0.0174,407.7,41.0,교육,10s,교육 서비스업 전체,10대 이하 (0~19세),대분류
119,대구광역시 수성구 상동,수성구,2726062000,39.52,50.27,43.09,19.63,23.35,20.57,73.15,70,13938,1483,0.1064,1.2,0.0,1347.3,10.1,678,0.69,27260,1.3277,10497.9,986,742.6,1288.9,0.0,0,28,118.7,1.9138,0.0,121.4,0.071,196.3,20.9,교육,10s,교육 서비스업 전체,10대 이하 (0~19세),대분류
120,대구광역시 달서구 월성2동,달서구,2729060200,39.36,31.98,26.51,74.16,21.34,71.47,29.87,13,13435,1025,0.0763,0.484,0.0,1620.6,3.7,2943,6.47,27290,7.6185,1763.5,455,59.7,1831.7,0.0,0,41,250.2,1.7894,0.0,337.1,0.0286,959.6,73.2,교육,10s,교육 서비스업 전체,10대 이하 (0~19세),대분류
121,대구광역시 서구 비산1동,서구,2717055000,38.36,34.9,16.11,94.63,61.21,7.92,5.03,2,7738,518,0.0669,0.159,0.0,429.1,0.5,94,0.44,27170,0.4334,17854.2,213,491.5,505.0,0.5352,0,4,115.3,1.5363,0.5,59.0,0.0094,2579.3,172.7,교육,10s,교육 서비스업 전체,10대 이하 (0~19세),대분류
122,대구광역시 서구 비산5동,서구,2717059000,36.97,36.08,7.51,41.1,94.23,22.68,20.81,8,4744,261,0.055,0.401,7774.7,138.7,3.8,128,0.38,27170,0.3445,13770.7,337,978.2,201.9,1.0,2,4,204.0,1.6091,1.0,236.6,0.0237,527.1,29.0,교육,10s,교육 서비스업 전체,10대 이하 (0~19세),대분류
123,대구광역시 서구 내당2·3동,서구,2717052500,36.81,37.48,12.35,70.97,58.86,28.86,7.38,6,8091,478,0.0591,0.228,0.0,476.9,3.8,287,0.65,27170,0.4967,16289.5,443,891.9,456.6,0.6524,0,13,339.8,1.6893,0.5,270.8,0.0135,1155.9,68.3,교육,10s,교육 서비스업 전체,10대 이하 (0~19세),대분류
124,대구광역시 동구 효목1동,동구,2714059000,36.54,40.84,16.64,65.77,48.12,27.32,11.41,14,11472,747,0.0651,0.304,0.0,713.3,1.9,901,1.16,27140,1.4646,7832.9,779,531.9,849.0,0.1592,0,32,179.1,1.7622,0.5,112.1,0.018,764.8,49.8,교육,10s,교육 서비스업 전체,10대 이하 (0~19세),대분류
125,대구광역시 서구 비산4동,서구,2717058000,36.14,37.68,17.18,73.49,38.93,23.26,22.15,8,8143,553,0.0679,0.434,0.0,839.7,2.4,256,0.82,27170,0.434,18762.7,311,716.6,872.3,0.0579,0,12,200.0,1.7548,0.125,184.6,0.0257,904.8,61.4,교육,10s,교육 서비스업 전체,10대 이하 (0~19세),대분류
126,대구광역시 서구 평리6동,서구,2717066100,35.55,19.5,37.85,95.47,20.0,28.59,19.46,4,5391,628,0.1165,0.389,0.0,1722.6,0.0,317,1.82,27170,0.7464,7222.7,174,233.1,1588.9,0.0,0,10,129.4,1.7879,0.0,91.8,0.023,1078.2,125.6,교육,10s,교육 서비스업 전체,10대 이하 (0~19세),대분류
127,대구광역시 남구 대명9동,남구,2720064000,35.41,40.1,24.83,41.62,31.41,26.24,48.32,32,13110,992,0.0757,0.69,0.0,876.0,3.9,762,0.97,27200,3.1401,4175.0,785,250.0,817.3,0.0038,0,28,184.2,1.8211,0.0,166.0,0.0408,397.3,30.1,교육,10s,교육 서비스업 전체,10대 이하 (0~19세),대분류
128,대구광역시 서구 비산6동,서구,2717060000,34.04,35.44,8.18,93.29,33.42,24.93,2.68,1,6319,361,0.0571,0.074,0.0,725.3,1.0,200,0.89,27170,0.2715,23274.4,225,828.7,935.7,0.0,0,7,166.1,1.6884,0.0,203.0,0.0044,3159.5,180.5,교육,10s,교육 서비스업 전체,10대 이하 (0~19세),대분류
129,대구광역시 북구 산격3동,북구,2723063000,33.16,37.48,15.64,33.72,18.66,89.2,20.13,22,8390,557,0.0664,0.392,0.0,2083.8,5.0,3619,3.82,27230,1.272,6595.9,947,744.5,2105.0,0.0,0,19,1139.1,1.6083,0.0,878.2,0.0232,364.8,24.2,교육,10s,교육 서비스업 전체,10대 이하 (0~19세),대분류
130,대구광역시 서구 비산2·3동,서구,2717056500,31.44,34.5,8.32,73.32,40.33,17.72,6.04,6,7550,407,0.0539,0.194,0.0,727.2,1.2,276,0.53,27170,0.555,13603.6,523,942.3,678.0,0.3078,0,13,196.2,1.5586,0.1667,167.5,0.0115,1078.6,58.1,교육,10s,교육 서비스업 전체,10대 이하 (0~19세),대분류
131,대구광역시 남구 대명11동,남구,2720066000,31.36,30.84,10.87,52.02,41.88,47.72,10.74,11,7152,415,0.058,0.303,0.0,680.8,2.6,711,1.16,27200,0.8477,8436.9,614,724.3,687.2,0.0537,0,19,454.2,1.5689,0.0909,399.0,0.0179,596.0,34.6,교육,10s,교육 서비스업 전체,10대 이하 (0~19세),대분류
132,대구광역시 남구 봉덕1동,남구,2720053000,30.88,39.57,13.83,27.18,46.71,25.47,26.17,18,7680,492,0.0641,0.467,0.0,648.4,7.8,448,0.69,27200,0.4881,15734.5,651,1333.7,815.4,0.192,0,12,195.9,1.7448,0.3333,205.9,0.0276,404.2,25.9,교육,10s,교육 서비스업 전체,10대 이하 (0~19세),대분류
133,대구광역시 달성군 가창면,달성군,2771031000,30.51,15.84,23.36,81.21,15.63,50.87,14.77,8,6719,587,0.0874,0.348,0.0,5183.1,0.2,2291,5.9,27710,110.4332,60.8,388,3.5,5522.5,0.0,0,32,134.5,1.676,0.0,89.2,0.0206,746.6,65.2,교육,10s,교육 서비스업 전체,10대 이하 (0~19세),대분류
134,대구광역시 북구 검단동,북구,2723068000,29.93,14.26,15.44,72.65,17.65,53.62,36.58,6,5414,386,0.0713,0.534,0.0,2524.4,0.8,574,3.02,27230,3.7681,1436.8,190,50.4,2658.8,0.0,0,6,208.6,1.7306,0.0,288.5,0.0316,773.4,55.1,교육,10s,교육 서비스업 전체,10대 이하 (0~19세),대분류
135,대구광역시 북구 산격4동,북구,2723063100,29.5,26.17,14.03,55.2,19.33,45.1,31.54,11,6961,462,0.0664,0.505,0.0,1915.3,3.1,595,1.62,27230,0.7157,9726.1,368,514.2,2035.1,0.0,0,6,252.6,1.8845,0.0,280.7,0.0299,580.1,38.5,교육,10s,교육 서비스업 전체,10대 이하 (0~19세),대분류
136,대구광역시 서구 평리1동,서구,2717062000,29.12,30.6,14.63,56.54,28.39,8.52,34.23,9,6126,413,0.0674,0.516,0.0,1038.1,3.3,68,0.23,27170,0.3656,16756.0,295,806.9,1031.4,0.0,0,4,102.6,1.7586,0.0,77.1,0.0305,612.6,41.3,교육,10s,교육 서비스업 전체,10대 이하 (0~19세),대분류
137,대구광역시 군위군 군위읍,군위군,2772025000,28.18,22.78,31.41,64.76,11.61,2.52,33.56,17,7901,797,0.1009,0.514,0.0,31061.4,1.3,0,0.0,27720,82.95,95.3,559,6.7,30678.1,0.0,0,0,0.0,1.7561,0.0,0.0,0.0304,438.9,44.3,교육,10s,교육 서비스업 전체,10대 이하 (0~19세),대분류
138,대구광역시 달서구 상인3동,달서구,2729062600,26.63,25.64,9.26,40.94,23.69,41.01,32.89,11,9445,475,0.0503,0.512,0.0,1330.1,7.5,464,1.28,27290,3.3085,2854.8,363,109.7,1319.7,0.0,0,13,327.8,1.7064,0.0,307.2,0.0303,787.1,39.6,교육,10s,교육 서비스업 전체,10대 이하 (0~19세),대분류
139,대구광역시 북구 복현1동,북구,2723067100,26.36,38.56,8.46,39.76,20.67,26.58,13.76,10,7131,391,0.0548,0.341,0.0,1693.1,5.9,333,0.67,27230,0.3619,19704.3,495,1367.8,1714.4,0.0,0,10,312.4,1.6966,0.0,225.6,0.0202,648.3,35.5,교육,10s,교육 서비스업 전체,10대 이하 (0~19세),대분류
140,대구광역시 북구 산격1동,북구,2723061000,25.79,25.54,6.44,76.84,18.99,10.87,13.76,5,7370,365,0.0495,0.341,0.0,1933.0,1.0,69,0.28,27230,0.8679,8491.8,247,284.6,2197.3,0.0,0,5,71.8,1.7525,0.0,102.6,0.0202,1228.3,60.8,교육,10s,교육 서비스업 전체,10대 이하 (0~19세),대분류
141,대구광역시 동구 도평동,동구,2714061500,23.65,9.9,8.99,84.4,17.98,7.72,27.52,2,3371,204,0.0605,0.47,0.0,2220.4,0.0,41,0.57,27140,19.9271,169.2,72,3.6,2629.1,0.0,0,3,4.2,1.635,0.0,5.5,0.0278,1123.7,68.0,교육,10s,교육 서비스업 전체,10대 이하 (0~19세),대분류
142,대구광역시 북구 침산1동,북구,2723055000,22.59,14.23,13.69,61.41,20.34,11.74,21.48,5,3441,239,0.0695,0.431,0.0,1701.3,1.2,115,0.59,27230,1.4697,2341.3,196,133.4,1796.3,0.0,0,6,93.6,1.733,0.0,79.0,0.0255,573.5,39.8,교육,10s,교육 서비스업 전체,10대 이하 (0~19세),대분류
143,대구광역시 달성군 하빈면,달성군,2771033000,19.08,10.0,4.03,53.86,16.64,37.92,9.06,3,3104,121,0.039,0.286,0.0,3718.3,0.7,850,4.8,27710,37.7234,82.3,177,4.7,3593.4,0.0,0,16,16.9,1.703,0.0,0.0,0.0169,776.0,30.2,교육,10s,교육 서비스업 전체,10대 이하 (0~19세),대분류
144,대구광역시 군위군 소보면,군위군,2772031000,17.66,7.79,1.61,49.5,11.27,2.52,56.38,3,2221,59,0.0266,0.805,0.0,34038.1,0.0,0,0.0,27720,99.6768,22.3,63,0.6,34386.7,0.0,0,0,0.0,1.6534,0.0,0.0,0.0476,555.2,14.8,교육,10s,교육 서비스업 전체,10대 이하 (0~19세),대분류
145,대구광역시 군위군 효령면,군위군,2772032000,17.49,9.8,4.7,55.88,13.29,2.52,29.87,4,3639,149,0.0409,0.484,0.0,21118.0,0.0,0,0.0,27720,96.6177,37.7,140,1.4,19823.3,0.0,0,0,0.0,1.6874,0.0,0.0,0.0286,727.8,29.8,교육,10s,교육 서비스업 전체,10대 이하 (0~19세),대분류
146,대구광역시 군위군 의흥면,군위군,2772035000,17.37,8.66,2.28,81.38,11.94,2.52,0.67,0,2217,61,0.0275,0.0,0.0,27468.0,0.0,0,0.0,27720,54.4298,40.7,92,1.7,27468.0,0.0,0,0,0.0,1.3958,0.0,0.0,0.0,2217.0,61.0,교육,10s,교육 서비스업 전체,10대 이하 (0~19세),대분류
147,대구광역시 군위군 부계면,군위군,2772033000,15.35,8.19,3.36,62.92,14.63,2.52,3.36,1,2106,74,0.0351,0.108,0.0,10988.7,0.0,0,0.0,27720,65.1498,32.3,156,2.4,14132.4,0.0,0,0,0.0,1.5238,0.0,0.0,0.0064,1053.0,37.0,교육,10s,교육 서비스업 전체,10대 이하 (0~19세),대분류
148,대구광역시 군위군 우보면,군위군,2772034000,15.23,7.11,0.94,71.65,12.28,2.52,0.67,0,1937,47,0.0243,0.0,0.0,27265.0,0.0,0,0.0,27720,60.4878,32.0,48,0.8,27265.0,0.0,0,0,0.0,1.6422,0.0,0.0,0.0,1937.0,47.0,교육,10s,교육 서비스업 전체,10대 이하 (0~19세),대분류
149,대구광역시 군위군 삼국유사면,군위군,2772037000,14.15,6.27,0.0,49.16,12.61,2.52,27.52,1,1330,23,0.0173,0.47,0.0,22016.0,0.0,0,0.0,27720,115.041,11.6,36,0.3,24412.0,0.0,0,0,0.0,1.542,0.0,0.0,0.0278,665.0,11.5,교육,10s,교육 서비스업 전체,10대 이하 (0~19세),대분류
150,대구광역시 군위군 산성면,군위군,2772036000,14.13,6.84,1.88,62.92,12.95,2.52,0.67,0,1201,37,0.0308,0.0,0.0,21435.4,0.0,0,0.0,27720,36.9047,32.5,45,1.2,21435.4,0.0,0,0,0.0,1.3772,0.0,0.0,0.0,1201.0,37.0,교육,10s,교육 서비스업 전체,10대 이하 (0~19세),대분류
1,대구광역시 북구 칠성동,북구,2723052600,75.41,85.17,84.16,75.67,67.72,90.37,24.83,43,23657,6264,0.2648,0.74,23713.1,527.9,3.2,4486,3.33,27230,1.3907,17010.9,1349,970.0,435.4,0.6308,2,51,877.9,1.5237,0.5349,1100.3,0.0319,537.7,142.4,예술·스포츠,2030,예술·스포츠 (업종대분류),2030 청년 소비층 (20~39세),대분류
2,대구광역시 달서구 감삼동,달서구,2729055500,73.86,92.55,90.07,51.51,69.66,56.44,42.62,58,31125,8449,0.2715,0.918,12921.8,477.1,8.5,1705,1.16,27290,1.1434,27221.4,1465,1281.3,450.0,0.641,1,37,514.2,1.8307,0.6034,504.2,0.0396,527.5,143.2,예술·스포츠,2030,예술·스포츠 (업종대분류),2030 청년 소비층 (20~39세),대분류
3,대구광역시 동구 신암4동,동구,2714054000,73.52,68.86,89.13,86.07,77.72,74.5,30.2,18,18383,5832,0.3172,0.8,43556.8,395.0,3.6,2706,5.19,27140,1.1656,15771.3,521,447.0,378.4,0.7179,2,29,569.0,1.8721,0.5556,464.2,0.0345,967.5,306.9,예술·스포츠,2030,예술·스포츠 (업종대분류),2030 청년 소비층 (20~39세),대분류
4,대구광역시 달서구 진천동,달서구,2729061500,72.4,85.24,72.75,51.01,73.56,76.18,59.73,95,49267,10985,0.223,1.067,33114.2,493.2,6.9,3768,1.83,27290,5.3271,9248.4,2063,387.3,538.6,0.6757,3,95,557.9,1.7891,0.7263,725.2,0.046,513.2,114.4,예술·스포츠,2030,예술·스포츠 (업종대분류),2030 청년 소비층 (20~39세),대분류
5,대구광역시 동구 안심4동,동구,2714074700,71.7,74.73,69.93,64.76,78.86,69.06,68.46,49,26289,5953,0.2264,1.152,13918.2,400.0,4.4,2726,2.77,27140,2.572,10221.2,985,383.0,390.0,0.7503,2,66,438.1,1.8606,0.7755,458.7,0.0497,525.8,119.1,예술·스포츠,2030,예술·스포츠 (업종대분류),2030 청년 소비층 (20~39세),대분류
6,"대구광역시 달서구 두류1,2동",달서구,2729053500,71.41,68.36,83.89,61.41,87.58,86.51,31.21,33,15672,4602,0.2936,0.802,15669.8,314.8,6.0,3657,3.83,27290,1.2776,12266.8,955,747.5,325.6,0.8597,2,36,680.4,1.903,0.9091,773.6,0.0346,460.9,135.4,예술·스포츠,2030,예술·스포츠 (업종대분류),2030 청년 소비층 (20~39세),대분류
7,대구광역시 달서구 상인1동,달서구,2729062400,71.26,90.67,60.94,46.48,64.83,79.26,72.48,55,31919,6616,0.2073,1.215,20963.7,557.3,8.0,2895,2.76,27290,1.4947,21354.8,1050,702.5,455.1,0.5638,1,54,886.7,1.7616,0.4545,693.6,0.0524,570.0,118.1,예술·스포츠,2030,예술·스포츠 (업종대분류),2030 청년 소비층 (20~39세),대분류
8,대구광역시 북구 동천동,북구,2723078000,71.25,86.88,69.93,4.36,76.58,90.6,100.0,128,24635,5638,0.2289,2.078,8538.0,403.2,26.5,4100,2.87,27230,1.0632,23170.6,1429,1344.1,430.1,0.6767,1,118,1498.7,1.7811,0.8203,1849.9,0.0896,191.0,43.7,예술·스포츠,2030,예술·스포츠 (업종대분류),2030 청년 소비층 (20~39세),대분류
9,대구광역시 수성구 범어1동,수성구,2726051000,71.02,83.59,56.11,37.76,96.95,81.74,63.42,47,22679,4721,0.2082,1.104,19467.9,191.1,8.6,2378,2.41,27260,1.1852,19135.2,988,833.6,239.4,0.996,2,34,1056.3,1.9254,1.0,1103.2,0.0476,472.5,98.4,예술·스포츠,2030,예술·스포츠 (업종대분류),2030 청년 소비층 (20~39세),대분류
10,대구광역시 달서구 이곡1동,달서구,2729057600,70.77,70.04,76.78,14.1,89.4,90.74,97.99,66,19663,4907,0.2496,1.83,15640.1,313.9,19.7,2777,3.32,27290,1.8033,10903.9,837,464.1,366.7,0.8339,2,56,1398.8,1.8622,0.9848,1984.1,0.0789,293.5,73.2,예술·스포츠,2030,예술·스포츠 (업종대분류),2030 청년 소비층 (20~39세),대분류
11,대구광역시 남구 대명2동,남구,2720057100,69.87,65.84,89.8,91.94,93.26,38.42,5.37,11,15229,5355,0.3516,0.32,7568.7,174.5,2.6,780,0.98,27200,0.8755,17394.6,799,912.6,253.3,0.9862,1,20,331.0,1.8046,1.0,323.0,0.0138,1269.1,446.2,예술·스포츠,2030,예술·스포츠 (업종대분류),2030 청년 소비층 (20~39세),대분류
12,대구광역시 달서구 용산1동,달서구,2729057100,69.61,83.83,78.53,28.52,57.52,69.2,89.26,63,27808,6635,0.2386,1.459,12948.6,622.6,14.2,2800,2.8,27290,1.4578,19075.3,1001,686.7,500.2,0.5395,1,27,594.5,1.8138,0.2698,430.4,0.0629,434.5,103.7,예술·스포츠,2030,예술·스포츠 (업종대분류),2030 청년 소비층 (20~39세),대분류
13,대구광역시 달서구 신당동,달서구,2729058500,68.66,75.64,94.77,15.44,63.35,85.5,66.44,120,27882,9191,0.3296,1.129,24240.6,683.0,15.7,7236,2.94,27290,9.211,3027.0,2465,267.6,821.4,0.4365,2,113,477.8,1.7073,0.5917,771.9,0.0487,230.4,76.0,예술·스포츠,2030,예술·스포츠 (업종대분류),2030 청년 소비층 (20~39세),대분류
14,대구광역시 달서구 유천동,달서구,2729061700,68.3,73.86,66.58,66.1,46.91,68.86,89.93,46,32864,7092,0.2158,1.466,0.0,620.8,6.0,1643,2.26,27290,1.3119,25050.7,728,554.9,622.7,0.2788,0,41,613.2,1.8499,0.3043,602.9,0.0632,699.2,150.9,예술·스포츠,2030,예술·스포츠 (업종대분류),2030 청년 소비층 (20~39세),대분류
15,대구광역시 달성군 다사읍,달성군,2771025600,67.72,78.79,69.8,38.43,52.42,77.05,87.92,144,88904,19395,0.2182,1.44,24793.4,1131.2,12.5,4705,2.03,27710,36.8156,2414.8,2317,62.9,1242.5,0.3423,3,133,475.8,1.7768,0.4861,699.8,0.0621,613.1,133.8,예술·스포츠,2030,예술·스포츠 (업종대분류),2030 청년 소비층 (20~39세),대분류
16,대구광역시 북구 구암동,북구,2723074500,67.53,74.9,64.7,45.47,74.16,71.31,70.47,53,30230,6498,0.215,1.187,15065.5,419.7,8.9,2117,2.05,27230,4.1947,7206.7,1035,246.7,349.2,0.7449,3,41,403.8,1.7552,0.6038,663.4,0.0512,559.8,120.3,예술·스포츠,2030,예술·스포츠 (업종대분류),2030 청년 소비층 (20~39세),대분류
17,대구광역시 달성군 화원읍,달성군,2771025000,67.41,76.04,63.22,63.08,72.69,42.08,73.83,80,45354,9354,0.2062,1.227,17158.0,455.3,4.4,2363,1.56,27710,25.9877,1745.2,1512,58.2,477.2,0.6104,2,64,174.0,1.7733,0.6125,174.0,0.0529,559.9,115.5,예술·스포츠,2030,예술·스포츠 (업종대분류),2030 청년 소비층 (20~39세),대분류
18,대구광역시 수성구 고산3동,수성구,2726069000,67.23,67.78,62.95,52.52,83.69,58.89,79.87,48,29136,6252,0.2146,1.324,8180.9,315.0,7.4,994,1.18,27260,5.2954,5502.1,841,158.8,377.6,0.8193,1,35,511.9,1.8415,0.875,641.5,0.0571,594.6,127.6,예술·스포츠,2030,예술·스포츠 (업종대분류),2030 청년 소비층 (20~39세),대분류
19,대구광역시 달서구 죽전동,달서구,2729056300,67.08,69.8,81.21,51.84,82.75,64.23,32.89,34,14344,4174,0.291,0.83,13243.8,340.4,7.2,1402,1.47,27290,0.7849,18274.9,951,1211.6,343.2,0.8107,1,42,580.0,1.8808,0.7647,622.4,0.0358,409.8,119.3,예술·스포츠,2030,예술·스포츠 (업종대분류),2030 청년 소비층 (20~39세),대분류
20,대구광역시 북구 태전2동,북구,2723073500,66.27,67.82,67.25,53.52,73.29,68.72,65.77,46,21610,4905,0.227,1.111,3795.2,401.9,5.9,2036,2.12,27230,2.0691,10444.2,961,464.5,413.0,0.7815,1,51,470.0,1.797,0.7609,552.6,0.0479,459.8,104.4,예술·스포츠,2030,예술·스포츠 (업종대분류),2030 청년 소비층 (20~39세),대분류
21,대구광역시 북구 고성동,북구,2723051000,65.53,55.74,88.73,55.88,52.21,64.56,83.89,30,14603,4975,0.3407,1.387,0.0,529.6,8.5,694,1.38,27230,0.52,28082.7,502,965.4,502.8,0.4641,0,9,698.5,1.5975,0.4333,942.5,0.0598,471.1,160.5,예술·스포츠,2030,예술·스포츠 (업종대분류),2030 청년 소비층 (20~39세),대분류
22,대구광역시 중구 남산2동,중구,2711065000,65.19,55.0,65.77,91.44,96.68,70.47,2.68,6,7394,2212,0.2992,0.234,82629.0,251.9,2.2,863,1.46,27110,0.3916,18881.5,593,1514.3,289.0,1.0,4,11,1474.2,1.9141,1.0,1331.0,0.0101,1056.3,316.0,예술·스포츠,2030,예술·스포츠 (업종대분류),2030 청년 소비층 (20~39세),대분류
23,대구광역시 수성구 고산1동,수성구,2726067000,65.07,72.28,60.8,24.84,72.15,81.54,85.23,69,31066,6446,0.2075,1.415,11318.1,445.1,12.0,2849,2.52,27260,8.624,3602.3,1132,131.3,600.7,0.4735,1,43,613.8,1.7871,0.6522,937.6,0.061,443.8,92.1,예술·스포츠,2030,예술·스포츠 (업종대분류),2030 청년 소비층 (20~39세),대분류
24,대구광역시 수성구 고산2동,수성구,2726068000,65.01,67.85,68.05,68.12,61.07,66.37,50.34,53,25533,5765,0.2258,0.967,11450.8,619.4,2.7,6126,4.82,27260,24.337,1049.1,1270,52.2,499.8,0.5976,3,88,249.9,1.894,0.4906,263.9,0.0417,472.8,106.8,예술·스포츠,2030,예술·스포츠 (업종대분류),2030 청년 소비층 (20~39세),대분류
25,대구광역시 동구 안심1동,동구,2714072000,64.87,84.53,61.2,33.05,67.85,65.97,55.37,77,37158,7565,0.2036,1.006,15850.8,483.3,9.4,2910,1.64,27140,3.4892,10649.4,1776,509.0,428.2,0.5923,2,56,451.6,1.7618,0.4675,481.7,0.0434,476.4,97.0,예술·스포츠,2030,예술·스포츠 (업종대분류),2030 청년 소비층 (20~39세),대분류
26,대구광역시 북구 복현2동,북구,2723067200,64.6,63.59,83.96,69.96,21.17,53.96,96.64,49,28733,7367,0.2564,1.751,0.0,1713.2,5.0,1348,2.08,27230,1.8078,15893.9,649,359.0,1620.2,0.0,0,39,355.2,1.8941,0.0,330.5,0.0755,574.7,147.3,예술·스포츠,2030,예술·스포츠 (업종대분류),2030 청년 소비층 (20~39세),대분류
27,대구광역시 북구 국우동,북구,2723080000,64.56,61.41,85.23,85.06,51.41,52.28,33.89,34,29112,7497,0.2575,0.837,3118.2,827.8,3.2,2431,2.58,27230,16.9087,1721.7,942,55.7,759.4,0.4586,2,41,272.2,1.7701,0.5,225.9,0.0361,831.8,214.2,예술·스포츠,2030,예술·스포츠 (업종대분류),2030 청년 소비층 (20~39세),대분류
28,대구광역시 수성구 범어2동,수성구,2726052000,64.32,69.03,73.29,51.18,77.58,80.9,15.44,26,15345,3938,0.2566,0.552,10699.6,389.8,8.8,2861,2.62,27260,1.0094,15202.1,1094,1083.8,482.8,0.5384,1,42,1064.7,1.8705,0.7308,849.3,0.0238,568.3,145.9,예술·스포츠,2030,예술·스포츠 (업종대분류),2030 청년 소비층 (20~39세),대분류
29,대구광역시 남구 대명5동,남구,2720060000,63.79,46.84,74.36,74.32,88.52,76.91,27.52,20,8896,3024,0.3399,0.763,11071.1,254.9,3.8,2694,4.44,27200,0.74,12021.6,607,820.3,256.8,0.8666,1,20,557.7,1.8206,0.85,525.0,0.0329,423.6,144.0,예술·스포츠,2030,예술·스포츠 (업종대분류),2030 청년 소비층 (20~39세),대분류
30,대구광역시 중구 성내3동,중구,2711058500,63.34,55.77,85.77,93.96,84.26,19.83,7.38,7,13643,4522,0.3315,0.366,5778.9,343.6,1.7,259,0.58,27110,0.7455,18300.5,444,595.6,332.9,0.9302,1,12,257.9,1.9273,1.0,205.1,0.0158,1705.4,565.2,예술·스포츠,2030,예술·스포츠 (업종대분류),2030 청년 소비층 (20~39세),대분류
31,대구광역시 북구 태전1동,북구,2723072500,62.19,64.33,83.49,31.04,54.09,47.65,86.58,50,21074,5677,0.2694,1.424,3814.3,605.9,12.6,1588,1.95,27230,2.5135,8384.3,814,323.9,633.0,0.2862,1,23,327.5,1.7551,0.24,260.6,0.0614,413.2,111.3,예술·스포츠,2030,예술·스포츠 (업종대분류),2030 청년 소비층 (20~39세),대분류
32,대구광역시 동구 신천3동,동구,2714057000,62.07,58.62,79.2,58.72,55.1,80.17,35.57,28,14835,4046,0.2727,0.844,0.0,514.8,6.5,1998,2.59,27140,0.7179,20664.4,770,1072.6,542.0,0.4195,0,48,1228.0,1.9695,0.5357,956.3,0.0364,511.6,139.5,예술·스포츠,2030,예술·스포츠 (업종대분류),2030 청년 소비층 (20~39세),대분류
33,대구광역시 서구 내당1동,서구,2717051000,61.61,54.63,75.44,60.24,52.62,76.64,55.37,20,14683,3917,0.2668,1.006,0.0,583.8,7.6,1153,2.5,27170,0.5707,25728.1,461,807.8,613.4,0.3362,0,27,826.7,1.842,0.55,1009.6,0.0434,699.2,186.5,예술·스포츠,2030,예술·스포츠 (업종대분류),2030 청년 소비층 (20~39세),대분류
34,대구광역시 달서구 월성1동,달서구,2729060100,61.58,80.54,54.29,18.12,37.59,86.71,95.3,105,39423,7527,0.1909,1.693,0.0,903.3,11.5,4066,2.83,27290,1.9323,20402.1,1438,744.2,899.2,0.096,0,70,1080.4,1.8341,0.0571,1005.4,0.073,371.9,71.0,예술·스포츠,2030,예술·스포츠 (업종대분류),2030 청년 소비층 (20~39세),대분류
35,대구광역시 중구 남산4동,중구,2711067000,61.14,57.58,67.65,67.78,74.56,37.79,52.01,17,15842,3799,0.2398,0.979,0.0,342.6,6.7,481,1.19,27110,0.449,35282.9,403,897.6,351.8,0.8164,0,16,308.4,1.9455,0.9412,283.3,0.0422,880.1,211.1,예술·스포츠,2030,예술·스포츠 (업종대분류),2030 청년 소비층 (20~39세),대분류
36,대구광역시 수성구 두산동,수성구,2726064000,60.74,62.89,76.91,16.27,61.34,78.73,69.8,79,14840,3993,0.2691,1.176,4499.5,501.4,9.4,3584,2.3,27260,1.8605,7976.4,1558,837.4,524.0,0.4589,1,72,732.3,1.7103,0.443,747.6,0.0507,185.5,49.9,예술·스포츠,2030,예술·스포츠 (업종대분류),2030 청년 소비층 (20~39세),대분류
37,대구광역시 달서구 상인2동,달서구,2729062500,60.39,65.0,80.8,10.57,54.36,55.27,94.63,84,16737,4541,0.2713,1.644,0.0,555.5,12.5,927,0.78,27290,0.9567,17494.5,1185,1238.6,510.6,0.5401,0,33,566.3,1.6938,0.5714,700.6,0.0709,196.9,53.4,예술·스포츠,2030,예술·스포츠 (업종대분류),2030 청년 소비층 (20~39세),대분류
38,대구광역시 북구 관문동,북구,2723071500,60.1,64.33,56.24,82.38,41.01,56.11,54.36,35,31975,6317,0.1976,1.004,7033.3,1579.6,3.1,2576,3.18,27230,14.8231,2157.1,809,54.6,1662.6,0.3498,3,64,205.6,1.7905,0.4286,223.8,0.0433,888.2,175.5,예술·스포츠,2030,예술·스포츠 (업종대분류),2030 청년 소비층 (20~39세),대분류
39,대구광역시 수성구 지산1동,수성구,2726065100,59.4,65.57,52.01,6.38,84.56,69.6,87.25,80,18617,3886,0.2087,1.426,5358.9,308.9,16.4,1776,1.37,27260,2.8948,6431.2,1301,449.4,326.2,0.9101,1,63,541.8,1.8658,0.9375,900.1,0.0615,229.8,48.0,예술·스포츠,2030,예술·스포츠 (업종대분류),2030 청년 소비층 (20~39세),대분류
40,대구광역시 중구 동인동,중구,2711051700,59.38,47.95,85.1,83.9,41.81,84.5,6.71,16,10997,3988,0.3626,0.352,0.0,708.1,3.7,2997,2.84,27110,0.9707,11328.9,1055,1086.8,664.1,0.1223,0,30,902.8,1.8018,0.0625,931.1,0.0152,646.9,234.6,예술·스포츠,2030,예술·스포츠 (업종대분류),2030 청년 소비층 (20~39세),대분류
41,대구광역시 수성구 범어3동,수성구,2726053000,59.28,71.34,70.87,31.54,49.87,76.71,38.26,43,17016,4089,0.2403,0.863,0.0,558.0,9.3,2389,2.07,27260,0.5836,29157.0,1155,1979.1,503.0,0.4978,0,39,1299.8,1.8564,0.3488,849.5,0.0372,386.7,92.9,예술·스포츠,2030,예술·스포츠 (업종대분류),2030 청년 소비층 (20~39세),대분류
42,대구광역시 동구 신천4동,동구,2714058000,58.87,58.32,86.71,39.76,44.9,97.25,16.11,45,12937,4487,0.3468,0.594,0.0,723.4,7.7,6933,3.94,27140,0.7957,16258.6,1759,2210.6,655.2,0.3627,0,85,2660.8,1.7119,0.3778,2806.5,0.0256,281.2,97.5,예술·스포츠,2030,예술·스포츠 (업종대분류),2030 청년 소비층 (20~39세),대분류
43,대구광역시 수성구 수성1가동,수성구,2726057000,58.74,73.99,34.49,57.88,92.22,39.06,32.21,25,16970,3196,0.1883,0.819,11615.6,244.0,6.3,364,0.51,27260,0.6383,26586.2,708,1109.2,306.7,0.8814,1,13,357.1,1.9594,0.96,491.1,0.0353,652.7,122.9,예술·스포츠,2030,예술·스포츠 (업종대분류),2030 청년 소비층 (20~39세),대분류
44,대구광역시 달서구 본리동,달서구,2729059000,58.73,67.85,72.62,40.78,25.87,49.93,88.59,45,22993,5433,0.2363,1.442,0.0,1225.7,9.5,1195,1.65,27290,1.0774,21341.2,723,671.1,1208.5,0.0,0,48,381.0,1.8016,0.0,307.9,0.0622,499.8,118.1,예술·스포츠,2030,예술·스포츠 (업종대분류),2030 청년 소비층 (20~39세),대분류
45,대구광역시 동구 안심2동,동구,2714073000,58.6,44.03,76.77,90.6,48.69,51.21,40.27,15,17002,4394,0.2584,0.884,3810.8,747.0,2.1,1493,3.79,27140,13.3309,1275.4,394,29.6,844.7,0.3046,1,43,159.2,1.8547,0.1333,194.7,0.0381,1062.6,274.6,예술·스포츠,2030,예술·스포츠 (업종대분류),2030 청년 소비층 (20~39세),대분류
46,대구광역시 중구 성내2동,중구,2711057500,58.23,47.95,82.55,41.28,77.11,91.04,4.7,35,9263,3674,0.3966,0.308,0.0,297.0,7.9,6799,2.59,27110,0.9226,10040.1,2628,2848.5,283.2,0.933,0,67,2751.4,1.6254,0.9143,2463.0,0.0133,257.3,102.1,예술·스포츠,2030,예술·스포츠 (업종대분류),2030 청년 소비층 (20~39세),대분류
47,대구광역시 동구 안심3동,동구,2714074200,57.91,57.28,68.46,34.23,61.81,43.02,83.22,42,19897,4619,0.2321,1.364,6999.1,499.4,11.1,913,1.28,27140,5.8689,3390.2,714,121.7,457.1,0.556,1,29,232.8,1.9059,0.381,307.1,0.0588,462.7,107.4,예술·스포츠,2030,예술·스포츠 (업종대분류),2030 청년 소비층 (20~39세),대분류
48,대구광역시 달서구 송현2동,달서구,2729064000,57.82,74.03,51.68,28.02,71.95,45.07,57.72,45,17618,3714,0.2108,1.032,7829.2,436.6,9.0,831,0.82,27290,0.9693,18176.0,1011,1043.0,449.2,0.6281,1,33,378.6,1.7597,0.7111,465.2,0.0445,383.0,80.7,예술·스포츠,2030,예술·스포츠 (업종대분류),2030 청년 소비층 (20~39세),대분류
49,대구광역시 북구 대현동,북구,2723064500,57.35,58.89,79.33,58.72,39.8,31.31,59.06,36,15618,4223,0.2704,1.041,0.0,856.1,5.5,786,0.98,27230,0.855,18266.7,801,936.8,879.3,0.1423,0,23,239.0,1.7877,0.1389,226.0,0.0449,422.1,114.1,예술·스포츠,2030,예술·스포츠 (업종대분류),2030 청년 소비층 (20~39세),대분류
50,대구광역시 중구 남산1동,중구,2711064000,57.32,42.95,61.88,64.6,92.58,73.46,11.41,14,5062,1601,0.3163,0.478,12121.7,259.4,3.6,1968,2.89,27110,0.4193,12072.5,680,1621.8,253.0,1.0,2,25,713.6,2.0125,1.0,559.1,0.0206,337.5,106.7,예술·스포츠,2030,예술·스포츠 (업종대분류),2030 청년 소비층 (20~39세),대분류
51,대구광역시 북구 읍내동,북구,2723077000,57.06,57.78,73.15,80.37,29.56,66.24,19.8,29,24576,5774,0.2349,0.679,0.0,972.3,3.9,1572,1.59,27230,5.6904,4318.9,991,174.2,977.2,0.0,0,37,601.6,1.7105,0.0,624.7,0.0293,819.2,192.5,예술·스포츠,2030,예술·스포츠 (업종대분류),2030 청년 소비층 (20~39세),대분류
52,대구광역시 남구 대명3동,남구,2720058600,56.61,56.34,75.71,28.52,78.33,41.04,44.3,38,12166,3549,0.2917,0.935,5897.8,357.0,9.9,1055,1.12,27200,0.9315,13060.7,944,1013.4,415.9,0.7119,1,20,338.9,1.8061,0.8421,306.8,0.0403,311.9,91.0,예술·스포츠,2030,예술·스포츠 (업종대분류),2030 청년 소비층 (20~39세),대분류
53,대구광역시 북구 침산2동,북구,2723056000,56.34,60.87,64.16,25.84,23.52,79.73,98.66,47,17835,4078,0.2287,1.839,0.0,1381.5,10.6,2202,3.71,27230,0.8533,20901.2,593,694.9,1297.3,0.0,0,23,684.5,1.8863,0.0,686.0,0.0793,371.6,85.0,예술·스포츠,2030,예술·스포츠 (업종대분류),2030 청년 소비층 (20~39세),대분류
54,대구광역시 수성구 지산2동,수성구,2726065200,56.24,62.55,46.04,53.53,73.28,44.8,47.65,32,18149,3672,0.2023,0.944,4126.8,405.9,6.2,928,1.18,27260,1.6406,11062.4,787,479.7,398.0,0.8119,1,26,289.4,1.9254,0.8125,347.2,0.0407,550.0,111.3,예술·스포츠,2030,예술·스포츠 (업종대분류),2030 청년 소비층 (20~39세),대분류
55,대구광역시 동구 혁신동,동구,2714075500,56.24,46.51,74.23,46.98,28.89,95.84,64.77,49,16501,4213,0.2553,1.108,0.0,1001.2,5.5,8600,8.38,27140,17.0739,966.4,1026,60.1,1007.5,0.0,0,102,1121.3,1.8826,0.0,1175.4,0.0478,330.0,84.3,예술·스포츠,2030,예술·스포츠 (업종대분류),2030 청년 소비층 (20~39세),대분류
56,대구광역시 달서구 두류3동,달서구,2729055000,55.91,48.08,55.17,3.69,96.41,63.09,91.28,51,8931,2187,0.2449,1.514,14138.0,172.8,27.7,954,1.22,27290,1.2035,7420.9,781,648.9,263.5,0.9104,1,23,712.8,1.7883,1.0,792.3,0.0653,171.8,42.1,예술·스포츠,2030,예술·스포츠 (업종대분류),2030 청년 소비층 (20~39세),대분류
57,대구광역시 수성구 만촌3동,수성구,2726056100,55.73,70.03,29.53,58.56,78.79,30.1,52.01,31,20523,3424,0.1668,0.979,14504.4,381.3,5.0,797,1.08,27260,1.6947,12110.1,735,433.7,416.1,0.5578,2,13,188.8,1.9243,0.7097,201.1,0.0422,641.3,107.0,예술·스포츠,2030,예술·스포츠 (업종대분류),2030 청년 소비층 (20~39세),대분류
58,대구광역시 달서구 용산2동,달서구,2729057200,55.55,59.93,62.69,53.69,41.18,26.51,81.54,30,24584,5373,0.2186,1.343,0.0,755.4,9.1,678,1.31,27290,1.5398,15965.7,518,336.4,752.7,0.1409,0,19,147.4,1.7934,0.1333,139.4,0.0579,793.0,173.3,예술·스포츠,2030,예술·스포츠 (업종대분류),2030 청년 소비층 (20~39세),대분류
59,대구광역시 달성군 유가읍,달성군,2771025900,55.25,57.89,68.92,22.99,15.13,93.22,90.6,72,31236,6909,0.2212,1.496,0.0,12100.7,15.2,4302,3.85,27710,56.1887,555.9,1117,19.9,12162.5,0.0,0,60,1047.5,1.7554,0.0,1394.1,0.0645,427.9,94.6,예술·스포츠,2030,예술·스포츠 (업종대분류),2030 청년 소비층 (20~39세),대분류
60,대구광역시 중구 대봉1동,중구,2711068000,55.24,57.38,50.07,44.3,93.46,63.46,10.07,22,7666,1817,0.237,0.457,19088.4,268.8,5.5,1613,1.44,27110,0.5627,13623.6,1117,1985.1,194.3,1.0,2,23,833.7,1.8237,1.0,573.1,0.0197,333.3,79.0,예술·스포츠,2030,예술·스포츠 (업종대분류),2030 청년 소비층 (20~39세),대분류
61,대구광역시 달서구 송현1동,달서구,2729063000,54.71,57.58,51.41,40.27,81.21,28.29,61.07,39,15927,3461,0.2173,1.081,6693.2,339.6,6.8,743,0.89,27290,2.4579,6479.9,837,340.5,366.2,0.7921,1,22,209.0,1.8609,0.8462,212.7,0.0466,398.2,86.5,예술·스포츠,2030,예술·스포츠 (업종대분류),2030 청년 소비층 (20~39세),대분류
62,대구광역시 중구 대신동,중구,2711059500,54.57,58.89,48.05,85.57,74.33,33.09,0.0,8,7249,1708,0.2356,0.07,13433.4,453.3,2.6,1301,0.48,27110,0.4899,14796.9,2688,5486.8,169.9,0.9699,1,11,1548.5,0.6257,0.75,271.1,0.003,805.4,189.8,예술·스포츠,2030,예술·스포츠 (업종대분류),2030 청년 소비층 (20~39세),대분류
63,대구광역시 중구 삼덕동,중구,2711054500,54.33,44.83,79.6,4.03,61.34,86.78,64.77,73,7460,3297,0.442,1.108,0.0,475.0,52.8,3487,2.29,27110,0.644,11583.9,1526,2369.6,480.0,0.5839,0,70,1719.3,1.8185,0.7123,2214.2,0.0478,100.8,44.6,예술·스포츠,2030,예술·스포츠 (업종대분류),2030 청년 소비층 (20~39세),대분류
64,대구광역시 중구 성내1동,중구,2711056500,54.15,52.62,75.84,1.68,86.04,83.59,16.78,90,5527,2770,0.5012,0.612,30098.1,346.1,42.9,4750,1.39,27110,0.759,7281.9,3406,4487.5,324.3,0.8908,1,64,2242.4,1.7374,0.8778,2958.4,0.0264,60.7,30.4,예술·스포츠,2030,예술·스포츠 (업종대분류),2030 청년 소비층 (20~39세),대분류
65,대구광역시 수성구 황금2동,수성구,2726060200,54.05,53.02,63.83,39.26,59.46,55.37,50.34,43,11770,3018,0.2564,0.967,2213.9,555.0,5.7,1605,1.56,27260,1.1892,9897.4,1030,866.1,557.5,0.4214,1,58,395.5,1.9253,0.4884,387.1,0.0417,267.5,68.6,예술·스포츠,2030,예술·스포츠 (업종대분류),2030 청년 소비층 (20~39세),대분류
66,대구광역시 달서구 이곡2동,달서구,2729057700,54.04,45.34,52.89,6.04,64.77,96.44,95.97,64,14054,3162,0.225,1.707,0.0,445.7,20.4,4290,4.94,27290,2.2612,6215.3,869,384.3,594.7,0.6479,0,81,1744.6,1.7889,0.8438,2277.1,0.0736,216.2,48.6,예술·스포츠,2030,예술·스포츠 (업종대분류),2030 청년 소비층 (20~39세),대분류
67,대구광역시 중구 대봉2동,중구,2711069000,53.74,41.61,60.27,75.34,85.6,22.48,28.19,10,5933,1673,0.282,0.772,3410.6,311.4,4.0,179,0.6,27110,0.2744,21621.7,300,1093.3,300.2,1.0,1,8,220.2,1.8838,1.0,230.5,0.0333,539.4,152.1,예술·스포츠,2030,예술·스포츠 (업종대분류),2030 청년 소비층 (20~39세),대분류
68,대구광역시 서구 원대동,서구,2717069500,53.65,48.56,52.88,80.37,86.44,22.11,12.75,9,9963,2358,0.2367,0.492,7453.5,267.1,4.3,475,1.12,27170,0.6219,16020.3,424,681.8,291.4,0.9009,1,18,230.3,1.6358,0.8889,141.3,0.0212,996.3,235.8,예술·스포츠,2030,예술·스포츠 (업종대분류),2030 청년 소비층 (20~39세),대분류
69,대구광역시 동구 동촌동,동구,2714065500,53.5,43.19,42.35,57.55,65.17,64.83,71.81,29,13815,2883,0.2087,1.213,4475.3,481.1,4.0,1690,3.05,27140,4.4612,3096.7,554,124.2,510.3,0.4116,1,31,352.6,1.7752,0.5862,380.8,0.0523,460.5,96.1,예술·스포츠,2030,예술·스포츠 (업종대분류),2030 청년 소비층 (20~39세),대분류
70,대구광역시 달성군 현풍읍,달성군,2771026500,53.39,54.8,81.14,24.49,14.8,80.87,67.45,68,20887,5489,0.2628,1.148,0.0,12279.9,9.9,3238,2.36,27710,24.3321,858.4,1373,56.4,12264.0,0.0,0,76,500.4,1.6722,0.0,901.5,0.0495,302.7,79.6,예술·스포츠,2030,예술·스포츠 (업종대분류),2030 청년 소비층 (20~39세),대분류
71,대구광역시 동구 신암3동,동구,2714053000,53.09,43.69,71.68,70.64,33.25,55.03,45.64,16,11150,3177,0.2849,0.937,0.0,781.9,5.9,616,1.56,27140,0.6012,18546.2,396,658.7,734.3,0.0581,0,13,452.5,1.8895,0.0,499.6,0.0404,655.9,186.9,예술·스포츠,2030,예술·스포츠 (업종대분류),2030 청년 소비층 (20~39세),대분류
72,대구광역시 동구 지저동,동구,2714064000,52.99,41.98,25.64,53.86,75.23,77.52,81.54,22,12323,2284,0.1853,1.343,9062.4,397.9,5.5,2021,5.32,27140,2.2358,5511.7,380,170.0,469.2,0.5684,1,12,412.7,1.6623,0.6818,550.0,0.0579,535.8,99.3,예술·스포츠,2030,예술·스포츠 (업종대분류),2030 청년 소비층 (20~39세),대분류
73,대구광역시 남구 대명6동,남구,2720061000,52.39,33.83,57.99,88.42,77.01,52.28,6.04,8,10276,2548,0.248,0.332,0.0,244.5,2.9,857,1.53,27200,1.5709,6541.5,560,356.5,385.9,0.675,0,13,329.3,1.9196,0.75,423.2,0.0143,1141.8,283.1,예술·스포츠,2030,예술·스포츠 (업종대분류),2030 청년 소비층 (20~39세),대분류
74,대구광역시 동구 신천1·2동,동구,2714055500,52.14,55.64,32.89,70.13,87.65,15.74,36.24,14,10994,2201,0.2002,0.846,9575.6,272.8,4.9,301,0.78,27140,0.4677,23506.5,384,821.0,304.5,0.8438,1,10,149.9,1.8643,0.9286,109.9,0.0365,732.9,146.7,예술·스포츠,2030,예술·스포츠 (업종대분류),2030 청년 소비층 (20~39세),대분류
75,대구광역시 수성구 중동,수성구,2726061000,52.12,53.09,64.56,61.4,34.02,52.08,37.58,30,14422,3464,0.2402,0.86,0.0,1058.4,4.4,1100,1.36,27260,0.948,15213.1,808,852.3,1056.8,0.0334,0,38,386.9,1.9604,0.0333,424.2,0.0371,465.2,111.7,예술·스포츠,2030,예술·스포츠 (업종대분류),2030 청년 소비층 (20~39세),대분류
76,대구광역시 남구 이천동,남구,2720051500,52.01,45.7,54.77,77.01,57.45,40.6,31.21,17,14245,3221,0.2261,0.802,0.0,501.8,4.1,350,0.71,27200,1.0429,13659.0,492,471.8,549.3,0.628,0,12,288.2,1.8983,0.6471,467.2,0.0346,791.4,178.9,예술·스포츠,2030,예술·스포츠 (업종대분류),2030 청년 소비층 (20~39세),대분류
77,대구광역시 달성군 구지면,달성군,2771038000,51.64,43.89,75.57,80.04,14.13,46.71,45.64,28,18847,4679,0.2483,0.937,0.0,17262.7,3.5,2321,3.35,27710,39.6367,475.5,693,17.5,17209.4,0.0,0,59,87.9,1.65,0.0,101.9,0.0404,649.9,161.3,예술·스포츠,2030,예술·스포츠 (업종대분류),2030 청년 소비층 (20~39세),대분류
78,대구광역시 수성구 범물2동,수성구,2726066200,51.37,41.91,33.89,49.5,72.62,54.43,82.55,24,15526,2967,0.1911,1.345,0.0,354.3,7.5,590,1.43,27260,2.122,7316.7,414,195.1,382.0,0.8309,0,14,463.5,1.9377,0.9167,525.1,0.058,621.0,118.7,예술·스포츠,2030,예술·스포츠 (업종대분류),2030 청년 소비층 (20~39세),대분류
79,대구광역시 동구 신암2동,동구,2714052000,51.27,47.31,45.03,67.28,49.13,44.4,61.74,16,11446,2532,0.2212,1.092,0.0,579.0,5.8,357,1.05,27140,0.3625,31575.2,340,937.9,610.1,0.3059,0,13,392.6,1.7582,0.3125,476.5,0.0471,673.3,148.9,예술·스포츠,2030,예술·스포츠 (업종대분류),2030 청년 소비층 (20~39세),대분류
80,대구광역시 달서구 도원동,달서구,2729062800,51.22,52.85,49.93,33.72,26.54,66.04,97.32,50,30857,5862,0.19,1.76,0.0,1152.8,12.5,1977,3.0,27290,11.188,2758.0,659,58.9,1382.2,0.0,0,41,337.0,1.7287,0.0,411.4,0.0759,605.0,114.9,예술·스포츠,2030,예술·스포츠 (업종대분류),2030 청년 소비층 (20~39세),대분류
81,대구광역시 수성구 만촌1동,수성구,2726055000,50.7,56.54,45.77,47.32,26.88,76.17,58.39,38,20174,3970,0.1968,1.037,0.0,1140.8,6.7,2268,2.67,27260,2.6991,7474.3,851,315.3,1236.9,0.0,0,39,434.8,1.9356,0.0,693.3,0.0447,517.3,101.8,예술·스포츠,2030,예술·스포츠 (업종대분류),2030 청년 소비층 (20~39세),대분류
82,대구광역시 달서구 장기동,달서구,2729056800,50.6,48.05,64.7,36.91,38.86,47.65,71.14,44,15347,3647,0.2376,1.206,0.0,860.3,7.0,958,1.13,27290,2.76,5560.5,846,306.5,906.7,0.1548,0,34,327.3,1.8569,0.1136,422.4,0.052,341.0,81.0,예술·스포츠,2030,예술·스포츠 (업종대분류),2030 청년 소비층 (20~39세),대분류
83,대구광역시 북구 산격3동,북구,2723063000,50.19,37.48,82.15,17.45,19.5,93.22,76.51,51,8390,3646,0.4346,1.25,0.0,2063.8,11.3,3619,3.82,27230,1.272,6595.9,947,744.5,2105.0,0.0,0,19,1139.1,1.6083,0.0,1861.3,0.0539,161.3,70.1,예술·스포츠,2030,예술·스포츠 (업종대분류),2030 청년 소비층 (20~39세),대분류
84,대구광역시 남구 대명1동,남구,2720056000,50.13,49.7,49.26,58.9,83.93,18.66,20.81,10,9242,2146,0.2322,0.682,7928.3,372.0,8.6,142,0.42,27200,0.4605,20069.5,340,738.3,313.8,0.8971,1,10,202.5,1.8727,1.0,222.6,0.0294,840.2,195.1,예술·스포츠,2030,예술·스포츠 (업종대분류),2030 청년 소비층 (20~39세),대분류
85,대구광역시 서구 평리5동,서구,2717066000,49.74,43.12,76.11,67.96,20.17,29.96,53.69,8,10531,3365,0.3195,0.997,0.0,1772.9,7.4,224,1.2,27170,0.4071,25868.3,186,456.9,1832.0,0.0,0,9,214.6,1.864,0.0,228.2,0.043,1170.1,373.9,예술·스포츠,2030,예술·스포츠 (업종대분류),2030 청년 소비층 (20~39세),대분류
86,대구광역시 북구 복현1동,북구,2723067100,49.58,38.56,82.42,36.75,21.51,33.96,93.96,35,7131,3563,0.4996,1.639,0.0,1712.8,8.9,333,0.67,27230,0.3619,19704.3,495,1367.8,1714.4,0.0,0,10,312.4,1.6966,0.0,365.1,0.0707,198.1,99.0,예술·스포츠,2030,예술·스포츠 (업종대분류),2030 청년 소비층 (20~39세),대분류
87,대구광역시 달서구 본동,달서구,2729065000,49.39,42.75,52.88,55.04,25.54,60.5,78.52,29,13148,2978,0.2265,1.31,0.0,1242.6,5.2,1481,2.89,27290,1.0557,12454.3,513,485.9,1394.5,0.0,0,31,371.6,1.8481,0.0,336.8,0.0565,438.3,99.3,예술·스포츠,2030,예술·스포츠 (업종대분류),2030 청년 소비층 (20~39세),대분류
88,대구광역시 북구 무태조야동,북구,2723069500,48.99,60.47,54.49,22.82,16.81,46.81,93.29,85,32499,6358,0.1956,1.628,0.0,3993.8,9.9,1749,1.44,27230,22.8763,1420.6,1211,52.9,3904.0,0.0,0,48,240.2,1.8693,0.0,263.2,0.0702,377.9,73.9,예술·스포츠,2030,예술·스포츠 (업종대분류),2030 청년 소비층 (20~39세),대분류
89,대구광역시 수성구 수성4가동,수성구,2726059000,48.54,52.15,36.24,11.24,71.54,39.73,92.62,46,12798,2571,0.2009,1.572,0.0,353.2,12.5,423,0.62,27260,0.6138,20850.4,678,1104.6,395.7,0.7478,0,14,458.2,1.9008,0.8478,466.7,0.0678,272.3,54.7,예술·스포츠,2030,예술·스포츠 (업종대분류),2030 청년 소비층 (20~39세),대분류
90,대구광역시 수성구 수성2·3가동,수성구,2726058000,48.22,51.64,19.73,31.2,85.64,63.59,48.99,30,10185,1773,0.1741,0.965,5644.8,302.8,6.5,1441,2.0,27260,0.6602,15427.1,722,1093.6,276.9,0.9848,1,24,550.7,1.8895,0.9667,525.1,0.0416,328.5,57.2,예술·스포츠,2030,예술·스포츠 (업종대분류),2030 청년 소비층 (20~39세),대분류
91,대구광역시 달서구 성당동,달서구,2729051500,48.12,60.67,38.66,42.45,36.85,54.63,48.32,43,19920,3717,0.1866,0.951,0.0,923.4,6.3,2331,2.22,27290,1.9869,10025.7,1049,528.0,917.0,0.0143,0,41,251.2,1.8319,0.0233,277.6,0.041,452.7,84.5,예술·스포츠,2030,예술·스포츠 (업종대분류),2030 청년 소비층 (20~39세),대분류
92,대구광역시 동구 효목2동,동구,2714060000,48.08,53.26,59.33,27.35,30.23,35.4,80.54,37,14147,3313,0.2342,1.326,0.0,959.1,10.0,897,1.39,27140,0.761,18590.0,647,850.2,915.3,0.085,0,26,459.9,1.8141,0.0,200.9,0.0572,372.3,87.2,예술·스포츠,2030,예술·스포츠 (업종대분류),2030 청년 소비층 (20~39세),대분류
93,대구광역시 수성구 황금1동,수성구,2726060100,47.93,49.06,33.56,84.4,30.57,23.46,69.13,20,20820,3621,0.1739,1.162,0.0,932.3,2.2,480,1.2,27260,2.5751,8085.1,399,154.9,851.9,0.0702,0,13,72.8,1.9203,0.0,127.2,0.0501,991.4,172.4,예술·스포츠,2030,예술·스포츠 (업종대분류),2030 청년 소비층 (20~39세),대분류
94,대구광역시 남구 대명10동,남구,2720065000,47.54,50.97,46.17,32.05,77.18,37.11,29.19,22,7805,1793,0.2297,0.784,15387.0,403.7,7.5,444,0.68,27200,0.5166,15108.4,650,1258.2,375.5,0.8677,1,12,574.8,1.8044,0.7273,412.2,0.0338,339.3,78.0,예술·스포츠,2030,예술·스포츠 (업종대분류),2030 청년 소비층 (20~39세),대분류
95,대구광역시 서구 내당4동,서구,2717054000,47.49,54.77,49.13,36.41,43.96,50.54,41.28,31,14119,3109,0.2202,0.886,0.0,696.8,8.8,1151,1.42,27170,0.8127,17373.0,812,999.1,644.9,0.2352,0,30,493.5,1.7588,0.2581,367.3,0.0382,441.2,97.2,예술·스포츠,2030,예술·스포츠 (업종대분류),2030 청년 소비층 (20~39세),대분류
96,대구광역시 북구 침산3동,북구,2723057000,47.41,55.91,39.86,65.77,23.86,70.77,21.48,16,17704,3441,0.1944,0.686,0.0,1348.0,7.0,1418,2.62,27230,1.0462,16922.2,541,517.1,1374.8,0.0,0,27,644.1,1.8583,0.0,605.8,0.0296,1041.4,202.4,예술·스포츠,2030,예술·스포츠 (업종대분류),2030 청년 소비층 (20~39세),대분류
97,대구광역시 수성구 범어4동,수성구,2726054000,47.09,64.96,19.32,9.06,65.44,51.14,74.5,61,18446,2560,0.1388,1.229,0.0,398.7,11.7,974,0.85,27260,1.1922,15472.2,1151,965.4,382.2,0.7541,0,29,516.8,1.7887,0.7049,534.4,0.053,297.5,41.3,예술·스포츠,2030,예술·스포츠 (업종대분류),2030 청년 소비층 (20~39세),대분류
98,대구광역시 동구 불로·봉무동,동구,2714062000,46.83,54.77,41.14,18.45,17.48,91.98,75.84,67,19381,3703,0.1911,1.236,0.0,3193.0,9.2,4178,3.33,27140,7.6608,2529.9,1256,164.0,2945.5,0.0008,0,57,1075.7,1.7038,0.0,1450.1,0.0533,285.0,54.5,예술·스포츠,2030,예술·스포츠 (업종대분류),2030 청년 소비층 (20~39세),대분류
99,대구광역시 남구 대명4동,남구,2720059000,46.39,46.07,36.51,40.94,55.77,72.75,34.9,23,9003,1880,0.2088,0.839,7282.1,606.0,6.0,1742,2.74,27200,0.76,11846.1,635,835.5,536.5,0.3512,1,20,496.8,1.7378,0.2609,605.6,0.0362,375.1,78.3,예술·스포츠,2030,예술·스포츠 (업종대분류),2030 청년 소비층 (20~39세),대분류
100,대구광역시 수성구 만촌2동,수성구,2726056000,45.45,38.96,49.06,63.59,50.06,30.13,38.93,23,13080,2894,0.2213,0.872,0.0,602.3,5.2,469,0.77,27260,1.9514,6702.9,612,313.6,658.5,0.3431,0,17,172.3,1.9354,0.4348,266.6,0.0376,545.0,120.6,예술·스포츠,2030,예술·스포츠 (업종대분류),2030 청년 소비층 (20~39세),대분류
101,대구광역시 수성구 파동,수성구,2726063000,45.36,38.99,56.24,91.28,20.5,12.82,43.62,13,17133,3783,0.2208,0.925,0.0,1733.5,1.6,264,0.81,27260,5.4129,3165.2,326,60.2,1661.7,0.0,0,13,28.4,1.8928,0.0,36.3,0.0399,1223.8,270.2,예술·스포츠,2030,예술·스포츠 (업종대분류),2030 청년 소비층 (20~39세),대분류
102,대구광역시 동구 신암5동,동구,2714054100,44.63,29.5,40.2,87.75,77.69,25.17,4.03,4,7315,1619,0.2213,0.295,0.0,320.2,3.5,300,0.96,27140,0.5467,13380.3,314,574.4,366.8,0.9108,0,9,165.0,1.672,1.0,220.8,0.0127,1463.0,323.8,예술·스포츠,2030,예술·스포츠 (업종대분류),2030 청년 소비층 (20~39세),대분류
103,대구광역시 동구 신암1동,동구,2714051000,44.04,44.16,58.12,57.55,28.22,40.53,22.48,16,10781,2609,0.242,0.705,0.0,1042.4,7.6,394,0.75,27140,0.606,17790.4,526,868.0,1051.5,0.0,0,10,436.8,1.7965,0.0,465.6,0.0304,634.2,153.5,예술·스포츠,2030,예술·스포츠 (업종대분류),2030 청년 소비층 (20~39세),대분류
104,대구광역시 달성군 옥포읍,달성군,2771026200,43.91,47.35,34.77,73.15,16.48,40.07,53.02,31,22138,3790,0.1712,0.983,0.0,4494.2,2.6,937,1.28,27710,47.4421,466.6,731,15.4,4106.1,0.0,0,39,152.0,1.7783,0.0,262.0,0.0424,691.8,118.4,예술·스포츠,2030,예술·스포츠 (업종대분류),2030 청년 소비층 (20~39세),대분류
105,대구광역시 북구 관음동,북구,2723075000,43.64,37.78,35.1,50.84,24.19,65.13,75.17,31,13689,2695,0.1969,1.231,0.0,1343.7,4.3,1198,2.05,27230,3.0672,4463.0,584,190.4,1468.8,0.0,0,23,374.4,1.7842,0.0,572.4,0.0531,427.8,84.2,예술·스포츠,2030,예술·스포츠 (업종대분류),2030 청년 소비층 (20~39세),대분류
106,대구광역시 남구 대명9동,남구,2720064000,43.2,40.1,63.35,58.38,34.26,26.24,19.8,23,13110,3204,0.2444,0.679,0.0,750.9,6.4,762,0.97,27200,3.1401,4175.0,785,250.0,817.3,0.0038,0,28,184.2,1.8211,0.0,175.1,0.0293,546.2,133.5,예술·스포츠,2030,예술·스포츠 (업종대분류),2030 청년 소비층 (20~39세),대분류
107,대구광역시 중구 남산3동,중구,2711066000,43.12,35.81,20.74,68.62,89.16,37.52,8.05,6,5779,1103,0.1909,0.445,5728.2,260.2,5.8,404,1.29,27110,0.4076,14178.1,313,767.9,254.0,0.9968,1,10,293.4,1.8445,1.0,278.3,0.0192,825.6,157.6,예술·스포츠,2030,예술·스포츠 (업종대분류),2030 청년 소비층 (20~39세),대분류
108,대구광역시 동구 방촌동,동구,2714067000,42.67,51.51,31.14,37.58,29.23,25.07,84.56,36,16714,3096,0.1852,1.41,0.0,979.4,7.0,638,1.08,27140,1.2248,13646.3,592,483.3,972.5,0.0,0,22,212.6,1.7373,0.0,168.1,0.0608,451.7,83.7,예술·스포츠,2030,예술·스포츠 (업종대분류),2030 청년 소비층 (20~39세),대분류
109,대구광역시 서구 평리4동,서구,2717065000,42.59,61.71,37.05,17.95,24.53,35.54,67.45,47,15025,2964,0.1973,1.148,0.0,1337.2,10.0,553,0.58,27170,0.7453,20159.7,950,1274.7,1310.9,0.0,0,29,308.6,1.72,0.0,374.1,0.0495,313.0,61.8,예술·스포츠,2030,예술·스포츠 (업종대분류),2030 청년 소비층 (20~39세),대분류
110,대구광역시 서구 상중이동,서구,2717067500,42.1,51.27,33.29,51.51,23.19,51.68,36.91,44,16863,3160,0.1874,0.853,0.0,1464.0,3.1,3259,2.72,27170,6.7768,2488.3,1196,176.5,1380.9,0.0125,0,73,191.9,1.8364,0.0,175.3,0.0368,374.7,70.2,예술·스포츠,2030,예술·스포츠 (업종대분류),2030 청년 소비층 (20~39세),대분류
111,대구광역시 수성구 범물1동,수성구,2726066100,41.37,34.66,10.54,42.62,92.25,72.89,13.42,8,9654,1315,0.1362,0.501,11108.8,255.4,12.2,781,2.11,27260,5.8003,1664.4,370,63.8,338.1,0.9676,2,13,815.3,1.6642,1.0,1130.8,0.0216,1072.7,146.1,예술·스포츠,2030,예술·스포츠 (업종대분류),2030 청년 소비층 (20~39세),대분류
112,대구광역시 서구 평리3동,서구,2717064000,41.11,45.51,41.48,36.58,22.52,42.55,60.4,30,12090,2560,0.2117,1.076,0.0,1558.6,7.1,808,1.25,27170,0.7793,15513.9,647,830.2,1448.3,0.0,0,17,230.2,1.772,0.0,320.1,0.0464,390.0,82.6,예술·스포츠,2030,예술·스포츠 (업종대분류),2030 청년 소비층 (20~39세),대분류
113,대구광역시 동구 공산동,동구,2714076000,40.52,45.17,31.28,80.7,15.8,38.92,23.49,23,19708,3413,0.1732,0.707,0.0,6667.6,1.5,1875,2.49,27140,83.2696,236.7,754,9.1,7174.6,0.0,0,67,61.0,1.6036,0.0,63.0,0.0305,821.2,142.2,예술·스포츠,2030,예술·스포츠 (업종대분류),2030 청년 소비층 (20~39세),대분류
114,대구광역시 북구 산격2동,북구,2723062000,40.05,40.84,35.57,45.47,17.82,97.11,14.77,29,9376,1955,0.2085,0.533,0.0,2804.1,4.0,10440,8.27,27230,2.3539,3983.2,1263,536.6,2945.4,0.0,0,84,2052.4,1.5111,0.0,1711.7,0.023,312.5,65.2,예술·스포츠,2030,예술·스포츠 (업종대분류),2030 청년 소비층 (20~39세),대분류
115,대구광역시 동구 해안동,동구,2714068500,39.41,40.2,30.4,29.53,43.26,30.4,73.15,25,12925,2484,0.1922,1.22,11140.2,788.2,10.4,480,1.01,27140,13.264,974.4,475,35.8,755.4,0.0589,2,23,160.5,1.8161,0.0,238.4,0.0526,497.1,95.5,예술·스포츠,2030,예술·스포츠 (업종대분류),2030 청년 소비층 (20~39세),대분류
116,대구광역시 북구 노원동,북구,2723079000,39.21,41.04,35.44,44.8,46.31,42.68,18.79,32,10954,2258,0.2061,0.672,0.0,656.0,4.1,1224,1.11,27230,3.0536,3587.2,1104,361.5,693.4,0.3207,0,44,266.5,1.7025,0.3438,308.3,0.029,331.9,68.4,예술·스포츠,2030,예술·스포츠 (업종대분류),2030 청년 소비층 (20~39세),대분류
117,대구광역시 수성구 상동,수성구,2726062000,38.93,50.27,39.06,41.61,25.2,17.55,42.62,39,13938,2842,0.2039,0.918,0.0,1292.1,5.5,678,0.69,27260,1.3277,10497.9,986,742.6,1288.9,0.0,0,28,118.7,1.9138,0.0,102.8,0.0396,348.4,71.0,예술·스포츠,2030,예술·스포츠 (업종대분류),2030 청년 소비층 (20~39세),대분류
118,대구광역시 서구 비산7동,서구,2717061000,38.86,40.94,30.6,24.66,62.88,33.66,39.6,31,9260,1843,0.199,0.881,2543.2,476.1,7.7,1162,1.43,27170,2.584,3583.6,815,315.4,513.8,0.4699,1,25,189.6,1.6054,0.4839,161.0,0.038,289.4,57.6,예술·스포츠,2030,예술·스포츠 (업종대분류),2030 청년 소비층 (20~39세),대분류
119,대구광역시 남구 봉덕3동,남구,2720055000,38.42,44.29,32.82,45.64,36.64,35.47,26.85,28,14003,2692,0.1922,0.756,0.0,967.8,6.2,902,1.05,27200,3.0696,4561.8,858,279.5,904.0,0.1096,0,23,221.5,1.8839,0.1071,261.4,0.0326,482.9,92.8,예술·스포츠,2030,예술·스포츠 (업종대분류),2030 청년 소비층 (20~39세),대분류
120,대구광역시 동구 효목1동,동구,2714059000,38.12,40.84,23.23,56.21,41.54,39.73,25.84,25,11472,2088,0.182,0.744,0.0,776.0,2.9,901,1.16,27140,1.4646,7832.9,779,531.9,849.0,0.1592,0,32,179.1,1.7622,0.2,283.0,0.0321,441.2,80.3,예술·스포츠,2030,예술·스포츠 (업종대분류),2030 청년 소비층 (20~39세),대분류
121,대구광역시 서구 비산1동,서구,2717055000,38.04,34.9,12.48,85.07,70.3,15.64,2.01,2,7738,1248,0.1613,0.218,0.0,432.9,4.0,94,0.44,27170,0.4334,17854.2,213,491.5,505.0,0.5352,0,4,115.3,1.5363,1.0,178.0,0.0094,2579.3,416.0,예술·스포츠,2030,예술·스포츠 (업종대분류),2030 청년 소비층 (20~39세),대분류
122,대구광역시 달서구 월성2동,달서구,2729060200,37.36,31.98,16.91,81.21,21.84,71.14,18.12,13,13435,2007,0.1494,0.663,0.0,1665.5,1.6,2943,6.47,27290,7.6185,1763.5,455,59.7,1831.7,0.0,0,41,250.2,1.7894,0.0,350.7,0.0286,959.6,143.4,예술·스포츠,2030,예술·스포츠 (업종대분류),2030 청년 소비층 (20~39세),대분류
123,대구광역시 남구 봉덕1동,남구,2720053000,36.92,39.57,36.64,38.26,47.05,20.1,29.19,22,7680,1654,0.2154,0.784,0.0,632.6,6.2,448,0.69,27200,0.4881,15734.5,651,1333.7,815.4,0.192,0,12,195.9,1.7448,0.3636,172.0,0.0338,333.9,71.9,예술·스포츠,2030,예술·스포츠 (업종대분류),2030 청년 소비층 (20~39세),대분류
124,대구광역시 서구 비산5동,서구,2717059000,36.73,36.08,8.06,18.12,92.72,14.29,62.42,16,4744,677,0.1427,1.101,7774.7,207.8,8.1,128,0.38,27170,0.3445,13770.7,337,978.2,201.9,1.0,2,4,204.0,1.6091,1.0,172.6,0.0475,279.1,39.8,예술·스포츠,2030,예술·스포츠 (업종대분류),2030 청년 소비층 (20~39세),대분류
125,대구광역시 남구 봉덕2동,남구,2720054000,35.85,33.69,32.69,69.96,22.85,7.18,45.64,19,12852,2530,0.1969,0.937,0.0,1480.3,3.9,66,0.14,27200,3.0276,4244.9,470,155.2,1539.8,0.0,0,4,59.5,1.8229,0.0,74.1,0.0404,642.6,126.5,예술·스포츠,2030,예술·스포츠 (업종대분류),2030 청년 소비층 (20~39세),대분류
126,대구광역시 서구 내당2·3동,서구,2717052500,34.25,37.48,19.06,28.52,62.28,31.54,24.16,14,8091,1420,0.1755,0.733,0.0,425.8,10.9,287,0.65,27170,0.4967,16289.5,443,891.9,456.6,0.6524,0,13,339.8,1.6893,0.6429,330.6,0.0316,539.4,94.7,예술·스포츠,2030,예술·스포츠 (업종대분류),2030 청년 소비층 (20~39세),대분류
127,대구광역시 북구 산격4동,북구,2723063100,33.49,26.17,40.67,59.4,19.16,39.73,17.45,10,6961,1565,0.2248,0.631,0.0,2142.6,6.5,595,1.62,27230,0.7157,9726.1,368,514.2,2035.1,0.0,0,6,252.6,1.8845,0.0,243.1,0.0272,632.8,142.3,예술·스포츠,2030,예술·스포츠 (업종대분류),2030 청년 소비층 (20~39세),대분류
128,대구광역시 동구 도평동,동구,2714061500,33.33,9.9,40.4,92.78,18.15,6.04,50.34,3,3371,779,0.2311,0.967,0.0,2620.9,0.0,41,0.57,27140,19.9271,169.2,72,3.6,2629.1,0.0,0,3,4.2,1.635,0.0,0.0,0.0417,842.8,194.8,예술·스포츠,2030,예술·스포츠 (업종대분류),2030 청년 소비층 (20~39세),대분류
129,대구광역시 달성군 논공읍,달성군,2771025300,33.28,42.72,26.44,9.73,15.47,34.77,79.19,58,14804,2595,0.1753,1.317,0.0,8442.9,11.9,1664,1.63,27710,44.0501,336.1,1021,23.2,8220.1,0.0,0,42,76.6,1.7366,0.0,82.5,0.0568,250.9,44.0,예술·스포츠,2030,예술·스포츠 (업종대분류),2030 청년 소비층 (20~39세),대분류
130,대구광역시 서구 비산4동,서구,2717058000,32.96,37.68,17.99,19.13,31.58,18.56,85.91,19,8143,1419,0.1743,1.417,0.0,890.8,11.0,256,0.82,27170,0.434,18762.7,311,716.6,872.3,0.0579,0,12,200.0,1.7548,0.0,167.5,0.0611,407.2,71.0,예술·스포츠,2030,예술·스포츠 (업종대분류),2030 청년 소비층 (20~39세),대분류
131,대구광역시 서구 평리6동,서구,2717066100,32.72,19.5,54.56,62.92,20.84,33.29,0.67,1,5391,1417,0.2628,0.132,0.0,1722.3,9.0,317,1.82,27170,0.7464,7222.7,174,233.1,1588.9,0.0,0,10,129.4,1.7879,0.0,189.0,0.0057,2695.5,708.5,예술·스포츠,2030,예술·스포츠 (업종대분류),2030 청년 소비층 (20~39세),대분류
132,대구광역시 서구 평리2동,서구,2717063000,31.9,35.97,13.96,83.05,24.86,12.62,8.72,4,6820,1163,0.1705,0.45,0.0,1327.0,3.8,115,0.56,27170,0.2781,24523.6,206,740.7,1200.3,0.0,0,6,152.3,1.7598,0.0,154.0,0.0194,1364.0,232.6,예술·스포츠,2030,예술·스포츠 (업종대분류),2030 청년 소비층 (20~39세),대분류
133,대구광역시 남구 대명11동,남구,2720066000,31.0,30.84,20.27,47.98,36.61,40.67,9.4,12,7152,1338,0.1871,0.452,0.0,663.6,6.7,711,1.16,27200,0.8477,8436.9,614,724.3,687.2,0.0537,0,19,454.2,1.5689,0.0,324.0,0.0195,550.2,102.9,예술·스포츠,2030,예술·스포츠 (업종대분류),2030 청년 소비층 (20~39세),대분류
134,대구광역시 서구 비산6동,서구,2717060000,30.96,35.44,11.68,41.44,28.56,17.89,57.05,10,6319,1053,0.1666,1.03,0.0,1038.2,7.2,200,0.89,27170,0.2715,23274.4,225,828.7,935.7,0.0,0,7,166.1,1.6884,0.0,156.5,0.0444,574.5,95.7,예술·스포츠,2030,예술·스포츠 (업종대분류),2030 청년 소비층 (20~39세),대분류
135,대구광역시 서구 평리1동,서구,2717062000,30.63,30.6,12.21,40.94,27.55,10.2,77.18,16,6126,1029,0.168,1.257,0.0,1083.6,4.5,68,0.23,27170,0.3656,16756.0,295,806.9,1031.4,0.0,0,4,102.6,1.7586,0.0,151.6,0.0542,360.4,60.5,예술·스포츠,2030,예술·스포츠 (업종대분류),2030 청년 소비층 (20~39세),대분류
136,대구광역시 북구 검단동,북구,2723068000,30.49,14.26,12.89,96.81,18.49,60.0,3.36,2,5414,931,0.172,0.243,0.0,2525.8,0.0,574,3.02,27230,3.7681,1436.8,190,50.4,2658.8,0.0,0,6,208.6,1.7306,0.0,425.5,0.0105,1804.7,310.3,예술·스포츠,2030,예술·스포츠 (업종대분류),2030 청년 소비층 (20~39세),대분류
137,대구광역시 서구 비산2·3동,서구,2717056500,28.45,34.5,10.61,25.51,43.69,14.7,41.28,20,7550,1094,0.1449,0.886,0.0,683.4,7.3,276,0.53,27170,0.555,13603.6,523,942.3,678.0,0.3078,0,13,196.2,1.5586,0.15,165.8,0.0382,359.5,52.1,예술·스포츠,2030,예술·스포츠 (업종대분류),2030 청년 소비층 (20~39세),대분류
138,대구광역시 달서구 상인3동,달서구,2729062600,28.4,25.64,8.99,5.2,26.21,42.68,99.33,29,9445,1230,0.1302,1.853,0.0,1167.3,15.2,464,1.28,27290,3.3085,2854.8,363,109.7,1319.7,0.0,0,13,327.8,1.7064,0.0,355.9,0.0799,314.8,41.0,예술·스포츠,2030,예술·스포츠 (업종대분류),2030 청년 소비층 (20~39세),대분류
139,대구광역시 북구 산격1동,북구,2723061000,27.09,25.54,8.12,63.76,18.82,7.18,46.98,10,7370,1004,0.1362,0.939,0.0,2255.3,1.6,69,0.28,27230,0.8679,8491.8,247,284.6,2197.3,0.0,0,5,71.8,1.7525,0.0,52.8,0.0405,670.0,91.3,예술·스포츠,2030,예술·스포츠 (업종대분류),2030 청년 소비층 (20~39세),대분류
140,대구광역시 달성군 가창면,달성군,2771031000,25.1,15.84,5.91,53.36,16.14,53.56,33.89,14,6719,760,0.1131,0.837,0.0,4851.3,0.4,2291,5.9,27710,110.4332,60.8,388,3.5,5522.5,0.0,0,32,134.5,1.676,0.0,171.3,0.0361,447.9,50.7,예술·스포츠,2030,예술·스포츠 (업종대분류),2030 청년 소비층 (20~39세),대분류
141,대구광역시 북구 침산1동,북구,2723055000,23.65,14.23,9.4,74.5,19.83,22.82,10.74,4,3441,569,0.1654,0.473,0.0,1946.6,1.2,115,0.59,27230,1.4697,2341.3,196,133.4,1796.3,0.0,0,6,93.6,1.733,0.0,253.8,0.0204,688.2,113.8,예술·스포츠,2030,예술·스포츠 (업종대분류),2030 청년 소비층 (20~39세),대분류
142,대구광역시 군위군 산성면,군위군,2772036000,20.92,6.84,0.4,49.16,13.12,2.52,91.95,3,1201,54,0.045,1.547,0.0,23105.6,0.0,0,0.0,27720,36.9047,32.5,45,1.2,21435.4,0.0,0,0,0.0,1.3772,0.0,0.0,0.0667,300.2,13.5,예술·스포츠,2030,예술·스포츠 (업종대분류),2030 청년 소비층 (20~39세),대분류
143,대구광역시 군위군 군위읍,군위군,2772025000,20.84,22.78,8.32,53.52,12.11,2.52,22.48,17,7901,1073,0.1358,0.705,0.0,30251.1,1.5,0,0.0,27720,82.95,95.3,559,6.7,30678.1,0.0,0,0,0.0,1.7561,0.0,0.0,0.0304,438.9,59.6,예술·스포츠,2030,예술·스포츠 (업종대분류),2030 청년 소비층 (20~39세),대분류
144,대구광역시 달성군 하빈면,달성군,2771033000,20.42,10.0,4.7,56.71,17.15,39.93,14.09,4,3104,310,0.0999,0.524,0.0,3843.7,0.5,850,4.8,27710,37.7234,82.3,177,4.7,3593.4,0.0,0,16,16.9,1.703,0.0,48.2,0.0226,620.8,62.0,예술·스포츠,2030,예술·스포츠 (업종대분류),2030 청년 소비층 (20~39세),대분류
145,대구광역시 군위군 효령면,군위군,2772032000,19.31,9.8,4.03,87.42,13.79,2.52,1.34,1,3639,297,0.0816,0.165,0.0,18313.9,0.0,0,0.0,27720,96.6177,37.7,140,1.4,19823.3,0.0,0,0,0.0,1.6874,0.0,0.0,0.0071,1819.5,148.5,예술·스포츠,2030,예술·스포츠 (업종대분류),2030 청년 소비층 (20~39세),대분류
146,대구광역시 군위군 삼국유사면,군위군,2772037000,19.06,6.27,0.27,47.14,13.46,2.52,77.85,2,1330,57,0.0429,1.289,0.0,22082.4,1.0,0,0.0,27720,115.041,11.6,36,0.3,24412.0,0.0,0,0,0.0,1.542,0.0,0.0,0.0556,443.3,19.0,예술·스포츠,2030,예술·스포츠 (업종대분류),2030 청년 소비층 (20~39세),대분류
147,대구광역시 군위군 소보면,군위군,2772031000,18.5,7.79,2.28,49.0,11.78,2.52,63.42,3,2221,132,0.0594,1.104,0.0,35268.2,0.7,0,0.0,27720,99.6768,22.3,63,0.6,34386.7,0.0,0,0,0.0,1.6534,0.0,0.0,0.0476,555.2,33.0,예술·스포츠,2030,예술·스포츠 (업종대분류),2030 청년 소비층 (20~39세),대분류
148,대구광역시 군위군 의흥면,군위군,2772035000,17.85,8.66,1.61,47.48,12.78,2.52,56.38,4,2217,129,0.0582,1.009,0.0,27685.8,1.0,0,0.0,27720,54.4298,40.7,92,1.7,27468.0,0.0,0,0,0.0,1.3958,0.0,0.0,0.0435,443.4,25.8,예술·스포츠,2030,예술·스포츠 (업종대분류),2030 청년 소비층 (20~39세),대분류
149,대구광역시 군위군 부계면,군위군,2772033000,15.66,8.19,3.36,50.16,14.46,2.52,25.84,5,2106,164,0.0779,0.744,0.0,15492.1,0.0,0,0.0,27720,65.1498,32.3,156,2.4,14132.4,0.0,0,0,0.0,1.5238,0.0,0.0,0.0321,351.0,27.3,예술·스포츠,2030,예술·스포츠 (업종대분류),2030 청년 소비층 (20~39세),대분류
150,대구광역시 군위군 우보면,군위군,2772034000,14.52,7.11,2.14,57.55,12.45,2.52,12.08,1,1937,122,0.063,0.482,0.0,27759.8,0.0,0,0.0,27720,60.4878,32.0,48,0.8,27265.0,0.0,0,0,0.0,1.6422,0.0,0.0,0.0208,968.5,61.0,예술·스포츠,2030,예술·스포츠 (업종대분류),2030 청년 소비층 (20~39세),대분류
1,대구광역시 수성구 범어1동,수성구,2726051000,77.24,83.59,90.2,67.45,97.72,80.74,12.75,21,22679,8055,0.3552,0.58,19467.9,166.3,1.9,2378,2.41,27260,1.1852,19135.2,988,833.6,239.4,0.996,2,34,1056.3,1.9254,1.0,877.8,0.0213,1030.9,366.1,시설관리·임대,4050,시설관리·임대 (업종대분류),4050 중장년 구매력층 (40~59세),대분류
2,대구광역시 북구 동천동,북구,2723078000,74.84,86.88,94.23,70.81,63.62,90.27,7.38,25,24635,9308,0.3778,0.476,8538.0,530.6,1.6,4100,2.87,27230,1.0632,23170.6,1429,1344.1,430.1,0.6767,1,118,1498.7,1.7811,0.44,1501.8,0.0175,947.5,358.0,시설관리·임대,4050,시설관리·임대 (업종대분류),4050 중장년 구매력층 (40~59세),대분류
3,대구광역시 달서구 진천동,달서구,2729061500,73.92,85.24,86.44,66.44,76.18,73.16,23.49,57,49267,15947,0.3237,0.751,33114.2,459.4,1.6,3768,1.83,27290,5.3271,9248.4,2063,387.3,538.6,0.6757,3,95,557.9,1.7891,0.6667,526.2,0.0276,849.4,274.9,시설관리·임대,4050,시설관리·임대 (업종대분류),4050 중장년 구매력층 (40~59세),대분류
4,대구광역시 동구 안심4동,동구,2714074700,73.75,74.73,83.02,67.28,75.03,70.06,63.76,41,26289,8705,0.3311,1.132,13918.2,421.0,1.1,2726,2.77,27140,2.572,10221.2,985,383.0,390.0,0.7503,2,66,438.1,1.8606,0.5366,411.4,0.0416,625.9,207.3,시설관리·임대,4050,시설관리·임대 (업종대분류),4050 중장년 구매력층 (40~59세),대분류
5,대구광역시 달서구 상인1동,달서구,2729062400,73.74,90.67,80.67,78.19,68.29,81.61,2.68,12,31919,10210,0.3199,0.31,20963.7,541.1,1.4,2895,2.76,27290,1.4947,21354.8,1050,702.5,455.1,0.5638,1,54,886.7,1.7616,0.5,644.0,0.0114,2455.3,785.4,시설관리·임대,4050,시설관리·임대 (업종대분류),4050 중장년 구매력층 (40~59세),대분류
6,대구광역시 북구 구암동,북구,2723074500,73.19,74.9,94.76,61.58,89.94,47.48,42.95,36,30230,10977,0.3631,0.947,15065.5,288.4,2.1,2117,2.05,27230,4.1947,7206.7,1035,246.7,349.2,0.7449,3,41,403.8,1.7552,0.8611,186.7,0.0348,817.0,296.7,시설관리·임대,4050,시설관리·임대 (업종대분류),4050 중장년 구매력층 (40~59세),대분류
7,대구광역시 달서구 용산1동,달서구,2729057100,72.98,83.83,86.84,51.34,74.1,68.86,47.65,36,27808,9357,0.3365,0.98,12948.6,469.1,2.6,2800,2.8,27290,1.4578,19075.3,1001,686.7,500.2,0.5395,1,27,594.5,1.8138,0.6944,389.1,0.036,751.6,252.9,시설관리·임대,4050,시설관리·임대 (업종대분류),4050 중장년 구매력층 (40~59세),대분류
8,대구광역시 달서구 감삼동,달서구,2729055500,72.6,92.55,77.99,44.12,74.26,60.13,54.7,56,31125,9859,0.3168,1.039,12921.8,446.5,2.3,1705,1.16,27290,1.1434,27221.4,1465,1281.3,450.0,0.641,1,37,514.2,1.8307,0.6429,505.9,0.0382,546.1,173.0,시설관리·임대,4050,시설관리·임대 (업종대분류),4050 중장년 구매력층 (40~59세),대분류
9,대구광역시 북구 칠성동,북구,2723052600,71.78,85.17,77.45,67.45,71.21,90.37,9.06,27,23657,7582,0.3205,0.544,23713.1,524.8,1.4,4486,3.33,27230,1.3907,17010.9,1349,970.0,435.4,0.6308,2,51,877.9,1.5237,0.5926,905.8,0.02,844.9,270.8,시설관리·임대,4050,시설관리·임대 (업종대분류),4050 중장년 구매력층 (40~59세),대분류
10,대구광역시 수성구 고산3동,수성구,2726069000,71.26,67.78,85.37,78.52,80.81,59.9,39.6,28,29136,9681,0.3323,0.906,8180.9,381.1,1.0,994,1.18,27260,5.2954,5502.1,841,158.8,377.6,0.8193,1,35,511.9,1.8415,0.7857,579.9,0.0333,1004.7,333.8,시설관리·임대,4050,시설관리·임대 (업종대분류),4050 중장년 구매력층 (40~59세),대분류
11,대구광역시 달서구 월성1동,달서구,2729060100,71.22,80.54,98.66,80.37,39.53,88.06,5.37,20,39423,15615,0.3961,0.378,0.0,848.6,1.2,4066,2.83,27290,1.9323,20402.1,1438,744.2,899.2,0.096,0,70,1080.4,1.8341,0.15,958.5,0.0139,1877.3,743.6,시설관리·임대,4050,시설관리·임대 (업종대분류),4050 중장년 구매력층 (40~59세),대분류
12,대구광역시 달성군 화원읍,달성군,2771025000,70.56,76.04,78.66,75.84,70.87,47.78,52.35,56,45354,14149,0.312,1.007,17158.0,507.4,0.7,2363,1.56,27710,25.9877,1745.2,1512,58.2,477.2,0.6104,2,64,174.0,1.7733,0.5357,194.5,0.037,795.7,248.2,시설관리·임대,4050,시설관리·임대 (업종대분류),4050 중장년 구매력층 (40~59세),대분류
13,대구광역시 달서구 이곡1동,달서구,2729057600,70.52,70.04,80.67,38.76,89.26,87.05,54.7,32,19663,6553,0.3333,1.039,15640.1,328.7,3.5,2777,3.32,27290,1.8033,10903.9,837,464.1,366.7,0.8339,2,56,1398.8,1.8622,0.875,882.5,0.0382,595.8,198.6,시설관리·임대,4050,시설관리·임대 (업종대분류),4050 중장년 구매력층 (40~59세),대분류
14,대구광역시 수성구 고산1동,수성구,2726067000,70.47,72.28,90.87,94.97,56.78,77.18,1.34,10,31066,10661,0.3432,0.239,11318.1,697.5,0.2,2849,2.52,27260,8.624,3602.3,1132,131.3,600.7,0.4735,1,43,613.8,1.7871,0.4,591.8,0.0088,2824.2,969.2,시설관리·임대,4050,시설관리·임대 (업종대분류),4050 중장년 구매력층 (40~59세),대분류
15,대구광역시 동구 안심1동,동구,2714072000,70.36,84.53,72.35,59.56,81.88,69.66,23.49,49,37158,11358,0.3057,0.751,15850.8,395.1,1.8,2910,1.64,27140,3.4892,10649.4,1776,509.0,428.2,0.5923,2,56,451.6,1.7618,0.7551,471.7,0.0276,743.2,227.2,시설관리·임대,4050,시설관리·임대 (업종대분류),4050 중장년 구매력층 (40~59세),대분류
16,대구광역시 달성군 다사읍,달성군,2771025600,69.39,78.79,95.17,82.04,44.03,63.96,14.09,50,88904,31436,0.3536,0.588,24793.4,1438.2,1.1,4705,2.03,27710,36.8156,2414.8,2317,62.9,1242.5,0.3423,3,133,475.8,1.7768,0.1,321.9,0.0216,1743.2,616.4,시설관리·임대,4050,시설관리·임대 (업종대분류),4050 중장년 구매력층 (40~59세),대분류
17,대구광역시 달서구 유천동,달서구,2729061700,67.92,73.86,96.91,85.9,43.36,65.17,4.7,10,32864,12137,0.3693,0.373,0.0,691.8,1.0,1643,2.26,27290,1.3119,25050.7,728,554.9,622.7,0.2788,0,41,613.2,1.8499,0.2,448.8,0.0137,2987.6,1103.4,시설관리·임대,4050,시설관리·임대 (업종대분류),4050 중장년 구매력층 (40~59세),대분류
18,대구광역시 수성구 고산2동,수성구,2726068000,67.63,67.85,79.87,59.22,61.81,69.73,61.74,52,25533,8229,0.3223,1.113,11450.8,626.0,1.1,6126,4.82,27260,24.337,1049.1,1270,52.2,499.8,0.5976,3,88,249.9,1.894,0.4615,271.8,0.0409,481.8,155.3,시설관리·임대,4050,시설관리·임대 (업종대분류),4050 중장년 구매력층 (40~59세),대분류
19,대구광역시 수성구 만촌3동,수성구,2726056100,67.36,70.03,93.69,78.02,72.35,33.8,16.78,17,20523,8133,0.3963,0.629,14504.4,487.8,1.2,797,1.08,27260,1.6947,12110.1,735,433.7,416.1,0.5578,2,13,188.8,1.9243,0.6471,195.6,0.0231,1140.2,451.8,시설관리·임대,4050,시설관리·임대 (업종대분류),4050 중장년 구매력층 (40~59세),대분류
20,대구광역시 수성구 범어4동,수성구,2726054000,66.05,64.96,92.48,88.42,65.03,47.11,3.36,14,18446,7520,0.4077,0.332,0.0,450.2,0.6,974,0.85,27260,1.1922,15472.2,1151,965.4,382.2,0.7541,0,29,516.8,1.7887,0.7143,410.9,0.0122,1229.7,501.3,시설관리·임대,4050,시설관리·임대 (업종대분류),4050 중장년 구매력층 (40~59세),대분류
21,대구광역시 북구 태전2동,북구,2723073500,65.71,67.82,70.07,63.26,71.88,68.56,42.28,33,21610,6736,0.3117,0.933,3795.2,426.0,1.2,2036,2.12,27230,2.0691,10444.2,961,464.5,413.0,0.7815,1,51,470.0,1.797,0.6667,464.8,0.0343,635.6,198.1,시설관리·임대,4050,시설관리·임대 (업종대분류),4050 중장년 구매력층 (40~59세),대분류
22,대구광역시 북구 관문동,북구,2723071500,65.57,64.33,92.21,84.9,42.21,54.76,32.89,25,31975,11137,0.3483,0.841,7033.3,1434.3,0.7,2576,3.18,27230,14.8231,2157.1,809,54.6,1662.6,0.3498,3,64,205.6,1.7905,0.32,178.4,0.0309,1229.8,428.3,시설관리·임대,4050,시설관리·임대 (업종대분류),4050 중장년 구매력층 (40~59세),대분류
23,대구광역시 수성구 수성1가동,수성구,2726057000,65.54,73.99,75.03,27.52,85.24,38.39,75.84,34,16970,5584,0.3291,1.306,11615.6,329.8,5.9,364,0.51,27260,0.6383,26586.2,708,1109.2,306.7,0.8814,1,13,357.1,1.9594,0.7647,435.6,0.048,484.9,159.5,시설관리·임대,4050,시설관리·임대 (업종대분류),4050 중장년 구매력층 (40~59세),대분류
24,대구광역시 동구 신암4동,동구,2714054000,64.82,68.86,39.73,51.34,86.71,82.22,72.82,24,18383,5070,0.2758,1.254,43556.8,354.0,2.2,2706,5.19,27140,1.1656,15771.3,521,447.0,378.4,0.7179,2,29,569.0,1.8721,0.75,531.9,0.0461,735.3,202.8,시설관리·임대,4050,시설관리·임대 (업종대분류),4050 중장년 구매력층 (40~59세),대분류
25,대구광역시 북구 국우동,북구,2723080000,64.63,61.41,93.83,81.38,48.79,50.26,28.86,27,29112,10415,0.3578,0.781,3118.2,916.8,0.9,2431,2.58,27230,16.9087,1721.7,942,55.7,759.4,0.4586,2,41,272.2,1.7701,0.3704,168.9,0.0287,1039.7,372.0,시설관리·임대,4050,시설관리·임대 (업종대분류),4050 중장년 구매력층 (40~59세),대분류
26,대구광역시 동구 안심3동,동구,2714074200,62.01,57.28,84.43,72.99,64.7,32.62,40.27,24,19897,6796,0.3416,0.914,6999.1,518.8,1.1,913,1.28,27140,5.8689,3390.2,714,121.7,457.1,0.556,1,29,232.8,1.9059,0.4583,139.9,0.0336,795.9,271.8,시설관리·임대,4050,시설관리·임대 (업종대분류),4050 중장년 구매력층 (40~59세),대분류
27,대구광역시 수성구 범어3동,수성구,2726053000,61.95,71.34,84.76,33.89,50.37,81.74,27.85,33,17016,6024,0.354,0.778,0.0,565.3,3.6,2389,2.07,27260,0.5836,29157.0,1155,1979.1,503.0,0.4978,0,39,1299.8,1.8564,0.2727,1278.2,0.0286,500.5,177.2,시설관리·임대,4050,시설관리·임대 (업종대분류),4050 중장년 구매력층 (40~59세),대분류
28,대구광역시 달성군 유가읍,달성군,2771025900,61.67,57.89,95.97,85.24,14.83,87.52,13.42,24,31236,11391,0.3647,0.585,0.0,12500.0,0.8,4302,3.85,27710,56.1887,555.9,1117,19.9,12162.5,0.0,0,60,1047.5,1.7554,0.0,640.1,0.0215,1249.4,455.6,시설관리·임대,4050,시설관리·임대 (업종대분류),4050 중장년 구매력층 (40~59세),대분류
29,대구광역시 수성구 범어2동,수성구,2726052000,60.58,69.03,71.08,32.88,58.93,82.92,35.91,35,15345,4958,0.3231,0.871,10699.6,615.8,2.9,2861,2.62,27260,1.0094,15202.1,1094,1083.8,482.8,0.5384,1,42,1064.7,1.8705,0.3143,833.5,0.032,426.2,137.7,시설관리·임대,4050,시설관리·임대 (업종대분류),4050 중장년 구매력층 (40~59세),대분류
30,대구광역시 북구 침산2동,북구,2723056000,59.84,60.87,81.68,91.44,26.58,69.33,6.04,9,17835,6065,0.3401,0.414,0.0,1219.4,0.4,2202,3.71,27230,0.8533,20901.2,593,694.9,1297.3,0.0,0,23,684.5,1.8863,0.0,373.1,0.0152,1783.5,606.5,시설관리·임대,4050,시설관리·임대 (업종대분류),4050 중장년 구매력층 (40~59세),대분류
31,대구광역시 중구 남산4동,중구,2711067000,59.82,57.58,59.46,74.66,76.78,42.49,36.91,13,15842,4854,0.3064,0.879,0.0,342.4,1.2,481,1.19,27110,0.449,35282.9,403,897.6,351.8,0.8164,0,16,308.4,1.9455,0.9231,306.5,0.0323,1131.6,346.7,시설관리·임대,4050,시설관리·임대 (업종대분류),4050 중장년 구매력층 (40~59세),대분류
32,대구광역시 동구 혁신동,동구,2714075500,59.77,46.51,81.34,43.79,29.6,95.17,90.27,60,16501,5658,0.3429,1.592,0.0,998.3,1.1,8600,8.38,27140,17.0739,966.4,1026,60.1,1007.5,0.0,0,102,1121.3,1.8826,0.0,923.4,0.0585,270.5,92.8,시설관리·임대,4050,시설관리·임대 (업종대분류),4050 중장년 구매력층 (40~59세),대분류
33,대구광역시 수성구 지산2동,수성구,2726065200,59.58,62.55,62.28,54.02,75.17,44.46,45.3,28,18149,5555,0.3061,0.969,4126.8,397.7,1.9,928,1.18,27260,1.6406,11062.4,787,479.7,398.0,0.8119,1,26,289.4,1.9254,0.7143,290.7,0.0356,625.8,191.6,시설관리·임대,4050,시설관리·임대 (업종대분류),4050 중장년 구매력층 (40~59세),대분류
34,대구광역시 북구 무태조야동,북구,2723069500,59.39,60.47,97.05,81.21,16.18,46.14,26.17,34,32499,12057,0.371,0.765,0.0,3690.4,0.8,1749,1.44,27230,22.8763,1420.6,1211,52.9,3904.0,0.0,0,48,240.2,1.8693,0.0,211.8,0.0281,928.5,344.5,시설관리·임대,4050,시설관리·임대 (업종대분류),4050 중장년 구매력층 (40~59세),대분류
35,대구광역시 달서구 용산2동,달서구,2729057200,59.15,59.93,86.78,47.15,30.61,30.2,91.28,31,24584,8360,0.3401,1.627,0.0,921.8,3.0,678,1.31,27290,1.5398,15965.7,518,336.4,752.7,0.1409,0,19,147.4,1.7934,0.0,138.2,0.0598,768.2,261.2,시설관리·임대,4050,시설관리·임대 (업종대분류),4050 중장년 구매력층 (40~59세),대분류
36,대구광역시 수성구 지산1동,수성구,2726065100,59.05,65.57,54.5,25.5,85.94,60.54,57.05,51,18617,5469,0.2938,1.067,5358.9,305.3,2.9,1776,1.37,27260,2.8948,6431.2,1301,449.4,326.2,0.9101,1,63,541.8,1.8658,0.9412,460.0,0.0392,358.0,105.2,시설관리·임대,4050,시설관리·임대 (업종대분류),4050 중장년 구매력층 (40~59세),대분류
37,대구광역시 동구 안심2동,동구,2714073000,59.04,44.03,62.68,74.66,54.36,47.52,91.95,24,17002,5241,0.3083,1.657,3810.8,683.3,0.6,1493,3.79,27140,13.3309,1275.4,394,29.6,844.7,0.3046,1,43,159.2,1.8547,0.4167,112.5,0.0609,680.1,209.6,시설관리·임대,4050,시설관리·임대 (업종대분류),4050 중장년 구매력층 (40~59세),대분류
38,"대구광역시 달서구 두류1,2동",달서구,2729053500,58.9,68.36,33.55,5.37,85.1,85.17,95.97,76,15672,4277,0.2729,2.166,15669.8,379.9,5.8,3657,3.83,27290,1.2776,12266.8,955,747.5,325.6,0.8597,2,36,680.4,1.903,0.8158,603.3,0.0796,203.5,55.5,시설관리·임대,4050,시설관리·임대 (업종대분류),4050 중장년 구매력층 (40~59세),대분류
39,대구광역시 북구 태전1동,북구,2723072500,58.75,64.33,58.39,66.61,57.24,57.04,34.9,26,21074,6216,0.295,0.868,3814.3,618.8,1.2,1588,1.95,27230,2.5135,8384.3,814,323.9,633.0,0.2862,1,23,327.5,1.7551,0.3846,341.8,0.0319,780.5,230.2,시설관리·임대,4050,시설관리·임대 (업종대분류),4050 중장년 구매력층 (40~59세),대분류
40,대구광역시 달서구 신당동,달서구,2729058500,58.73,75.64,46.31,35.06,61.41,87.18,35.91,79,27882,7646,0.2742,0.871,24240.6,657.0,1.8,7236,2.94,27290,9.211,3027.0,2465,267.6,821.4,0.4365,2,113,477.8,1.7073,0.3924,709.5,0.032,348.5,95.6,시설관리·임대,4050,시설관리·임대 (업종대분류),4050 중장년 구매력층 (40~59세),대분류
41,대구광역시 중구 대봉1동,중구,2711068000,58.66,57.38,49.8,1.34,96.24,71.85,96.64,94,7666,2391,0.3119,2.291,19088.4,216.5,18.0,1613,1.44,27110,0.5627,13623.6,1117,1985.1,194.3,1.0,2,23,833.7,1.8237,1.0,834.4,0.0842,80.7,25.2,시설관리·임대,4050,시설관리·임대 (업종대분류),4050 중장년 구매력층 (40~59세),대분류
42,대구광역시 달서구 죽전동,달서구,2729056300,58.45,69.8,42.55,19.96,85.16,66.58,65.77,41,14344,4117,0.287,1.173,13243.8,370.9,3.2,1402,1.47,27290,0.7849,18274.9,951,1211.6,343.2,0.8107,1,42,580.0,1.8808,0.8049,591.9,0.0431,341.5,98.0,시설관리·임대,4050,시설관리·임대 (업종대분류),4050 중장년 구매력층 (40~59세),대분류
43,대구광역시 수성구 수성2·3가동,수성구,2726058000,57.89,51.64,69.8,43.28,90.13,63.76,20.47,19,10185,3524,0.346,0.716,5644.8,260.1,2.4,1441,2.0,27260,0.6602,15427.1,722,1093.6,276.9,0.9848,1,24,550.7,1.8895,1.0,464.2,0.0263,509.2,176.2,시설관리·임대,4050,시설관리·임대 (업종대분류),4050 중장년 구매력층 (40~59세),대분류
44,대구광역시 동구 신천3동,동구,2714057000,57.88,58.62,66.98,17.95,45.74,84.19,89.26,44,14835,4705,0.3172,1.554,0.0,634.6,3.8,1998,2.59,27140,0.7179,20664.4,770,1072.6,542.0,0.4195,0,48,1228.0,1.9695,0.1818,1754.0,0.0571,329.7,104.6,시설관리·임대,4050,시설관리·임대 (업종대분류),4050 중장년 구매력층 (40~59세),대분류
45,대구광역시 달서구 본리동,달서구,2729059000,57.86,67.85,83.49,61.58,25.24,57.32,20.47,19,22993,7690,0.3344,0.716,0.0,1302.1,2.3,1195,1.65,27290,1.0774,21341.2,723,671.1,1208.5,0.0,0,48,381.0,1.8016,0.0,392.8,0.0263,1149.6,384.5,시설관리·임대,4050,시설관리·임대 (업종대분류),4050 중장년 구매력층 (40~59세),대분류
46,대구광역시 수성구 범물2동,수성구,2726066200,57.66,41.91,70.87,67.28,68.32,55.44,50.34,15,15526,4990,0.3214,0.985,0.0,444.9,1.7,590,1.43,27260,2.122,7316.7,414,195.1,382.0,0.8309,0,14,463.5,1.9377,0.8,464.8,0.0362,970.4,311.9,시설관리·임대,4050,시설관리·임대 (업종대분류),4050 중장년 구매력층 (40~59세),대분류
47,대구광역시 중구 대신동,중구,2711059500,57.45,58.89,40.94,76.68,93.56,59.94,0.67,7,7249,2202,0.3038,0.071,13433.4,260.6,0.9,1301,0.48,27110,0.4899,14796.9,2688,5486.8,169.9,0.9699,1,11,1548.5,0.6257,1.0,1105.3,0.0026,906.1,275.2,시설관리·임대,4050,시설관리·임대 (업종대분류),4050 중장년 구매력층 (40~59세),대분류
48,대구광역시 수성구 두산동,수성구,2726064000,57.27,62.89,72.21,34.56,55.91,80.4,23.49,43,14840,4908,0.3307,0.751,4499.5,606.2,2.2,3584,2.3,27260,1.8605,7976.4,1558,837.4,524.0,0.4589,1,72,732.3,1.7103,0.2558,697.0,0.0276,337.3,111.5,시설관리·임대,4050,시설관리·임대 (업종대분류),4050 중장년 구매력층 (40~59세),대분류
49,대구광역시 북구 복현2동,북구,2723067200,57.05,63.59,71.81,87.58,22.22,62.35,9.06,13,28733,8910,0.3101,0.544,0.0,1500.7,0.7,1348,2.08,27230,1.8078,15893.9,649,359.0,1620.2,0.0,0,39,355.2,1.8941,0.0,436.6,0.02,2052.4,636.4,시설관리·임대,4050,시설관리·임대 (업종대분류),4050 중장년 구매력층 (40~59세),대분류
50,대구광역시 동구 불로·봉무동,동구,2714062000,56.99,54.77,81.61,68.62,23.82,84.94,18.79,32,19381,6495,0.3351,0.694,0.0,2485.4,0.9,4178,3.33,27140,7.6608,2529.9,1256,164.0,2945.5,0.0008,0,57,1075.7,1.7038,0.0312,604.3,0.0255,587.3,196.8,시설관리·임대,4050,시설관리·임대 (업종대분류),4050 중장년 구매력층 (40~59세),대분류
51,대구광역시 수성구 만촌1동,수성구,2726055000,56.52,56.54,71.01,42.78,25.57,66.78,84.23,46,20174,6347,0.3146,1.472,0.0,1286.6,2.0,2268,2.67,27260,2.6991,7474.3,851,315.3,1236.9,0.0,0,39,434.8,1.9356,0.0,397.8,0.0541,429.2,135.0,시설관리·임대,4050,시설관리·임대 (업종대분류),4050 중장년 구매력층 (40~59세),대분류
52,대구광역시 달서구 송현2동,달서구,2729064000,56.3,74.03,43.62,15.77,77.45,40.03,73.83,48,17618,4985,0.2829,1.292,7829.2,398.5,4.6,831,0.82,27290,0.9693,18176.0,1011,1043.0,449.2,0.6281,1,33,378.6,1.7597,0.7292,304.1,0.0475,359.6,101.7,시설관리·임대,4050,시설관리·임대 (업종대분류),4050 중장년 구매력층 (40~59세),대분류
53,대구광역시 북구 읍내동,북구,2723077000,55.91,57.78,71.14,69.96,28.93,61.54,33.56,31,24576,7656,0.3115,0.852,0.0,1039.8,1.1,1572,1.59,27230,5.6904,4318.9,991,174.2,977.2,0.0,0,37,601.6,1.7105,0.0,448.9,0.0313,768.0,239.2,시설관리·임대,4050,시설관리·임대 (업종대분류),4050 중장년 구매력층 (40~59세),대분류
54,대구광역시 북구 침산3동,북구,2723057000,55.01,55.91,76.58,47.48,22.55,68.09,56.04,21,17704,5862,0.3311,1.056,0.0,1475.7,3.0,1418,2.62,27230,1.0462,16922.2,541,517.1,1374.8,0.0,0,27,644.1,1.8583,0.0,464.7,0.0388,804.7,266.5,시설관리·임대,4050,시설관리·임대 (업종대분류),4050 중장년 구매력층 (40~59세),대분류
55,대구광역시 달서구 도원동,달서구,2729062800,54.73,52.85,69.6,94.63,24.56,68.72,2.01,6,30857,9396,0.3045,0.248,0.0,1309.1,0.3,1977,3.0,27290,11.188,2758.0,659,58.9,1382.2,0.0,0,41,337.0,1.7287,0.0,410.3,0.0091,4408.1,1342.3,시설관리·임대,4050,시설관리·임대 (업종대분류),4050 중장년 구매력층 (40~59세),대분류
56,대구광역시 중구 남산2동,중구,2711065000,54.69,55.0,35.84,21.14,94.43,70.47,66.44,26,7394,2173,0.2939,1.192,82629.0,293.7,2.6,863,1.46,27110,0.3916,18881.5,593,1514.3,289.0,1.0,4,11,1474.2,1.9141,1.0,1252.8,0.0438,273.9,80.5,시설관리·임대,4050,시설관리·임대 (업종대분류),4050 중장년 구매력층 (40~59세),대분류
57,대구광역시 남구 대명2동,남구,2720057100,54.51,65.84,28.19,25.17,91.68,41.44,74.5,38,15229,4093,0.2688,1.295,7568.7,237.5,2.9,780,0.98,27200,0.8755,17394.6,799,912.6,253.3,0.9862,1,20,331.0,1.8046,1.0,315.2,0.0476,390.5,104.9,시설관리·임대,4050,시설관리·임대 (업종대분류),4050 중장년 구매력층 (40~59세),대분류
58,대구광역시 수성구 황금1동,수성구,2726060100,54.47,49.06,87.99,93.96,26.91,22.12,18.12,10,20820,7371,0.354,0.683,0.0,1129.5,0.2,480,1.2,27260,2.5751,8085.1,399,154.9,851.9,0.0702,0,13,72.8,1.9203,0.0,71.3,0.0251,1892.7,670.1,시설관리·임대,4050,시설관리·임대 (업종대분류),4050 중장년 구매력층 (40~59세),대분류
59,대구광역시 수성구 수성4가동,수성구,2726059000,54.04,52.15,59.87,72.32,69.06,41.08,11.07,14,12798,4051,0.3165,0.56,0.0,417.4,1.1,423,0.62,27260,0.6138,20850.4,678,1104.6,395.7,0.7478,0,14,458.2,1.9008,0.7857,442.9,0.0206,853.2,270.1,시설관리·임대,4050,시설관리·임대 (업종대분류),4050 중장년 구매력층 (40~59세),대분류
60,대구광역시 서구 내당1동,서구,2717051000,54.0,54.63,56.18,51.68,48.92,74.63,38.26,15,14683,4471,0.3045,0.884,0.0,619.5,2.9,1153,2.5,27170,0.5707,25728.1,461,807.8,613.4,0.3362,0,27,826.7,1.842,0.3333,790.5,0.0325,917.7,279.4,시설관리·임대,4050,시설관리·임대 (업종대분류),4050 중장년 구매력층 (40~59세),대분류
61,대구광역시 달서구 이곡2동,달서구,2729057700,53.99,45.34,62.01,17.45,57.85,95.1,71.81,40,14054,4400,0.3131,1.252,0.0,558.5,4.5,4290,4.94,27290,2.2612,6215.3,869,384.3,594.7,0.6479,0,81,1744.6,1.7889,0.675,1683.1,0.046,342.8,107.3,시설관리·임대,4050,시설관리·임대 (업종대분류),4050 중장년 구매력층 (40~59세),대분류
62,대구광역시 달서구 송현1동,달서구,2729063000,53.86,57.58,51.81,23.16,73.96,28.63,87.92,47,15927,4691,0.2945,1.529,6693.2,416.3,2.9,743,0.89,27290,2.4579,6479.9,837,340.5,366.2,0.7921,1,22,209.0,1.8609,0.6596,185.9,0.0562,331.8,97.7,시설관리·임대,4050,시설관리·임대 (업종대분류),4050 중장년 구매력층 (40~59세),대분류
63,대구광역시 동구 지저동,동구,2714064000,53.55,41.98,23.76,72.48,65.77,84.9,69.8,17,12323,3306,0.2683,1.216,9062.4,525.3,0.5,2021,5.32,27140,2.2358,5511.7,380,170.0,469.2,0.5684,1,12,412.7,1.6623,0.4706,682.9,0.0447,684.6,183.7,시설관리·임대,4050,시설관리·임대 (업종대분류),4050 중장년 구매력층 (40~59세),대분류
64,대구광역시 수성구 황금2동,수성구,2726060200,52.97,53.02,59.19,34.73,56.24,59.73,56.04,40,11770,3731,0.317,1.056,2213.9,590.4,1.7,1605,1.56,27260,1.1892,9897.4,1030,866.1,557.5,0.4214,1,58,395.5,1.9253,0.325,432.4,0.0388,287.1,91.0,시설관리·임대,4050,시설관리·임대 (업종대분류),4050 중장년 구매력층 (40~59세),대분류
65,대구광역시 수성구 중동,수성구,2726061000,52.78,53.09,74.49,16.44,35.91,47.05,93.96,52,14422,4827,0.3347,1.752,0.0,1012.6,3.3,1100,1.36,27260,0.948,15213.1,808,852.3,1056.8,0.0334,0,38,386.9,1.9604,0.0769,289.1,0.0644,272.1,91.1,시설관리·임대,4050,시설관리·임대 (업종대분류),4050 중장년 구매력층 (40~59세),대분류
66,대구광역시 달서구 성당동,달서구,2729051500,52.77,60.67,62.28,33.39,29.93,55.64,70.47,47,19920,6063,0.3044,1.219,0.0,974.4,2.7,2331,2.22,27290,1.9869,10025.7,1049,528.0,917.0,0.0143,0,41,251.2,1.8319,0.0,242.4,0.0448,415.0,126.3,시설관리·임대,4050,시설관리·임대 (업종대분류),4050 중장년 구매력층 (40~59세),대분류
67,대구광역시 중구 성내3동,중구,2711058500,52.64,55.77,36.64,30.2,80.47,42.65,77.18,22,13643,3868,0.2835,1.347,5778.9,388.8,4.3,259,0.58,27110,0.7455,18300.5,444,595.6,332.9,0.9302,1,12,257.9,1.9273,0.9091,501.6,0.0495,593.2,168.2,시설관리·임대,4050,시설관리·임대 (업종대분류),4050 중장년 구매력층 (40~59세),대분류
68,대구광역시 북구 고성동,북구,2723051000,52.28,55.74,46.04,72.48,54.97,64.23,8.05,9,14603,4236,0.2901,0.487,0.0,570.7,1.6,694,1.38,27230,0.52,28082.7,502,965.4,502.8,0.4641,0,9,698.5,1.5975,0.5556,793.1,0.0179,1460.3,423.6,시설관리·임대,4050,시설관리·임대 (업종대분류),4050 중장년 구매력층 (40~59세),대분류
69,대구광역시 동구 신암2동,동구,2714052000,52.16,47.31,52.35,82.22,63.02,46.07,11.07,7,11446,3539,0.3092,0.56,0.0,486.1,1.0,357,1.05,27140,0.3625,31575.2,340,937.9,610.1,0.3059,0,13,392.6,1.7582,0.7143,454.4,0.0206,1430.8,442.4,시설관리·임대,4050,시설관리·임대 (업종대분류),4050 중장년 구매력층 (40~59세),대분류
70,대구광역시 동구 효목2동,동구,2714060000,52.09,53.26,42.42,38.93,48.52,65.94,79.19,33,14147,4071,0.2878,1.388,0.0,636.3,2.1,897,1.39,27140,0.761,18590.0,647,850.2,915.3,0.085,0,26,459.9,1.8141,0.3636,791.8,0.051,416.1,119.7,시설관리·임대,4050,시설관리·임대 (업종대분류),4050 중장년 구매력층 (40~59세),대분류
71,대구광역시 달성군 구지면,달성군,2771038000,51.85,43.89,78.79,85.91,13.83,47.72,31.88,21,18847,6248,0.3315,0.824,0.0,17515.7,0.2,2321,3.35,27710,39.6367,475.5,693,17.5,17209.4,0.0,0,59,87.9,1.65,0.0,75.0,0.0303,856.7,284.0,시설관리·임대,4050,시설관리·임대 (업종대분류),4050 중장년 구매력층 (40~59세),대분류
72,대구광역시 동구 신천1·2동,동구,2714055500,51.26,55.64,28.72,51.68,93.96,18.76,51.01,14,10994,3059,0.2782,0.993,9575.6,214.1,2.2,301,0.78,27140,0.4677,23506.5,384,821.0,304.5,0.8438,1,10,149.9,1.8643,1.0,119.2,0.0365,732.9,203.9,시설관리·임대,4050,시설관리·임대 (업종대분류),4050 중장년 구매력층 (40~59세),대분류
73,대구광역시 서구 원대동,서구,2717069500,51.17,48.56,39.2,60.06,83.16,33.86,38.93,14,9963,2922,0.2933,0.898,7453.5,344.2,1.4,475,1.12,27170,0.6219,16020.3,424,681.8,291.4,0.9009,1,18,230.3,1.6358,0.7857,214.9,0.033,664.2,194.8,시설관리·임대,4050,시설관리·임대 (업종대분류),4050 중장년 구매력층 (40~59세),대분류
74,대구광역시 달서구 장기동,달서구,2729056800,50.94,48.05,71.35,39.09,40.6,42.62,60.4,34,15347,4959,0.3231,1.094,0.0,877.9,2.3,958,1.13,27290,2.76,5560.5,846,306.5,906.7,0.1548,0,34,327.3,1.8569,0.2353,275.8,0.0402,438.5,141.7,시설관리·임대,4050,시설관리·임대 (업종대분류),4050 중장년 구매력층 (40~59세),대분류
75,대구광역시 수성구 파동,수성구,2726063000,50.83,38.99,71.68,84.56,21.21,12.82,76.51,16,17133,5487,0.3203,1.336,0.0,1612.5,0.5,264,0.81,27260,5.4129,3165.2,326,60.2,1661.7,0.0,0,13,28.4,1.8928,0.0,12.6,0.0491,1007.8,322.8,시설관리·임대,4050,시설관리·임대 (업종대분류),4050 중장년 구매력층 (40~59세),대분류
76,대구광역시 동구 동촌동,동구,2714065500,50.66,43.19,35.71,58.72,68.22,66.17,48.99,20,13815,3895,0.2819,0.982,4475.3,450.9,1.4,1690,3.05,27140,4.4612,3096.7,554,124.2,510.3,0.4116,1,31,352.6,1.7752,0.5,368.2,0.0361,657.9,185.5,시설관리·임대,4050,시설관리·임대 (업종대분류),4050 중장년 구매력층 (40~59세),대분류
77,대구광역시 남구 이천동,남구,2720051500,50.46,45.7,59.73,36.92,62.41,47.32,51.68,18,14245,4426,0.3107,0.996,0.0,503.8,8.5,350,0.71,27200,1.0429,13659.0,492,471.8,549.3,0.628,0,12,288.2,1.8983,0.7222,546.8,0.0366,749.7,232.9,시설관리·임대,4050,시설관리·임대 (업종대분류),4050 중장년 구매력층 (40~59세),대분류
78,대구광역시 남구 대명1동,남구,2720056000,50.1,49.7,32.35,48.16,90.4,16.31,63.09,14,9242,2631,0.2847,1.121,7928.3,272.9,2.1,142,0.42,27200,0.4605,20069.5,340,738.3,313.8,0.8971,1,10,202.5,1.8727,1.0,151.0,0.0412,616.1,175.4,시설관리·임대,4050,시설관리·임대 (업종대분류),4050 중장년 구매력층 (40~59세),대분류
79,대구광역시 중구 남산1동,중구,2711064000,50.05,42.95,26.98,5.7,94.02,73.46,94.63,45,5062,1458,0.288,1.801,12121.7,232.6,4.0,1968,2.89,27110,0.4193,12072.5,680,1621.8,253.0,1.0,2,25,713.6,2.0125,1.0,468.1,0.0662,110.0,31.7,시설관리·임대,4050,시설관리·임대 (업종대분류),4050 중장년 구매력층 (40~59세),대분류
80,대구광역시 달서구 본동,달서구,2729065000,49.33,42.75,62.02,33.72,24.23,63.86,90.27,30,13148,4166,0.3169,1.592,0.0,1356.4,2.7,1481,2.89,27290,1.0557,12454.3,513,485.9,1394.5,0.0,0,31,371.6,1.8481,0.0,364.7,0.0585,424.1,134.4,시설관리·임대,4050,시설관리·임대 (업종대분류),4050 중장년 구매력층 (40~59세),대분류
81,대구광역시 달서구 상인2동,달서구,2729062500,49.28,65.0,39.87,39.94,52.72,53.59,25.5,33,16737,4668,0.2789,0.756,0.0,576.0,2.2,927,0.78,27290,0.9567,17494.5,1185,1238.6,510.6,0.5401,0,33,566.3,1.6938,0.4545,565.0,0.0278,492.3,137.3,시설관리·임대,4050,시설관리·임대 (업종대분류),4050 중장년 구매력층 (40~59세),대분류
82,대구광역시 달성군 옥포읍,달성군,2771026200,49.08,47.35,74.63,92.45,16.51,25.97,10.07,15,22138,7021,0.3171,0.558,0.0,3623.2,0.1,937,1.28,27710,47.4421,466.6,731,15.4,4106.1,0.0,0,39,152.0,1.7783,0.0,31.7,0.0205,1383.6,438.8,시설관리·임대,4050,시설관리·임대 (업종대분류),4050 중장년 구매력층 (40~59세),대분류
83,대구광역시 중구 남산3동,중구,2711066000,48.96,35.81,43.36,60.57,89.26,41.21,29.53,9,5779,1801,0.3116,0.784,5728.2,267.2,1.2,404,1.29,27110,0.4076,14178.1,313,767.9,254.0,0.9968,1,10,293.4,1.8445,1.0,289.2,0.0288,577.9,180.1,시설관리·임대,4050,시설관리·임대 (업종대분류),4050 중장년 구매력층 (40~59세),대분류
84,대구광역시 달서구 두류3동,달서구,2729055000,48.64,48.08,33.89,6.38,79.67,60.07,85.23,43,8931,2554,0.286,1.499,14138.0,376.8,5.3,954,1.22,27290,1.2035,7420.9,781,648.9,263.5,0.9104,1,23,712.8,1.7883,0.6279,575.7,0.0551,203.0,58.0,시설관리·임대,4050,시설관리·임대 (업종대분류),4050 중장년 구매력층 (40~59세),대분류
85,대구광역시 달성군 논공읍,달성군,2771025300,48.57,42.72,81.34,36.07,15.17,35.44,82.55,54,14804,5224,0.3529,1.439,0.0,8288.3,1.7,1664,1.63,27710,44.0501,336.1,1021,23.2,8220.1,0.0,0,42,76.6,1.7366,0.0,72.9,0.0529,269.2,95.0,시설관리·임대,4050,시설관리·임대 (업종대분류),4050 중장년 구매력층 (40~59세),대분류
86,대구광역시 서구 상중이동,서구,2717067500,48.32,51.27,57.32,15.6,23.22,58.56,97.99,106,16863,5073,0.3008,2.411,0.0,1445.2,2.8,3259,2.72,27170,6.7768,2488.3,1196,176.5,1380.9,0.0125,0,73,191.9,1.8364,0.0,213.6,0.0886,157.6,47.4,시설관리·임대,4050,시설관리·임대 (업종대분류),4050 중장년 구매력층 (40~59세),대분류
87,대구광역시 남구 대명5동,남구,2720060000,48.23,46.84,30.6,12.25,79.7,69.87,72.82,28,8896,2525,0.2838,1.254,11071.1,362.2,3.8,2694,4.44,27200,0.74,12021.6,607,820.3,256.8,0.8666,1,20,557.7,1.8206,0.6429,320.4,0.0461,306.8,87.1,시설관리·임대,4050,시설관리·임대 (업종대분류),4050 중장년 구매력층 (40~59세),대분류
88,대구광역시 수성구 범물1동,수성구,2726066100,48.16,34.66,14.76,69.97,92.01,67.52,37.58,12,9654,2337,0.2421,0.882,11108.8,264.6,0.6,781,2.11,27260,5.8003,1664.4,370,63.8,338.1,0.9676,2,13,815.3,1.6642,1.0,608.0,0.0324,742.6,179.8,시설관리·임대,4050,시설관리·임대 (업종대분류),4050 중장년 구매력층 (40~59세),대분류
89,대구광역시 남구 대명6동,남구,2720061000,47.97,33.83,46.44,38.93,71.28,51.27,68.79,25,10276,3112,0.3028,1.213,0.0,377.4,2.1,857,1.53,27200,1.5709,6541.5,560,356.5,385.9,0.675,0,13,329.3,1.9196,0.76,347.3,0.0446,395.2,119.7,시설관리·임대,4050,시설관리·임대 (업종대분류),4050 중장년 구매력층 (40~59세),대분류
90,대구광역시 달성군 현풍읍,달성군,2771026500,47.96,54.8,66.04,29.7,14.5,57.05,59.73,55,20887,6438,0.3082,1.091,0.0,12591.2,2.8,3238,2.36,27710,24.3321,858.4,1373,56.4,12264.0,0.0,0,76,500.4,1.6722,0.0,226.8,0.0401,373.0,115.0,시설관리·임대,4050,시설관리·임대 (업종대분류),4050 중장년 구매력층 (40~59세),대분류
91,대구광역시 남구 대명3동,남구,2720058600,47.49,56.34,25.9,16.78,72.89,44.4,75.17,45,12166,3283,0.2699,1.298,5897.8,439.2,2.9,1055,1.12,27200,0.9315,13060.7,944,1013.4,415.9,0.7119,1,20,338.9,1.8061,0.6667,294.7,0.0477,264.5,71.4,시설관리·임대,4050,시설관리·임대 (업종대분류),4050 중장년 구매력층 (40~59세),대분류
92,대구광역시 수성구 만촌2동,수성구,2726056000,47.22,38.96,73.56,53.18,42.05,18.39,46.98,22,13080,4424,0.3382,0.977,0.0,708.5,2.0,469,0.77,27260,1.9514,6702.9,612,313.6,658.5,0.3431,0,17,172.3,1.9354,0.1818,84.9,0.0359,568.7,192.3,시설관리·임대,4050,시설관리·임대 (업종대분류),4050 중장년 구매력층 (40~59세),대분류
93,대구광역시 서구 내당4동,서구,2717054000,46.91,54.77,35.84,32.88,46.34,53.22,61.07,33,14119,3975,0.2815,1.105,0.0,649.8,2.4,1151,1.42,27170,0.8127,17373.0,812,999.1,644.9,0.2352,0,30,493.5,1.7588,0.2727,379.0,0.0406,415.3,116.9,시설관리·임대,4050,시설관리·임대 (업종대분류),4050 중장년 구매력층 (40~59세),대분류
94,대구광역시 동구 공산동,동구,2714076000,46.61,45.17,58.52,90.6,15.5,38.92,15.44,17,19708,5877,0.2982,0.612,0.0,7687.6,0.0,1875,2.49,27140,83.2696,236.7,754,9.1,7174.6,0.0,0,67,61.0,1.6036,0.0,40.2,0.0225,1094.9,326.5,시설관리·임대,4050,시설관리·임대 (업종대분류),4050 중장년 구매력층 (40~59세),대분류
95,대구광역시 중구 대봉2동,중구,2711069000,46.6,41.61,49.4,42.45,90.4,21.31,21.81,8,5933,1894,0.3192,0.726,3410.6,214.2,3.1,179,0.6,27110,0.2744,21621.7,300,1093.3,300.2,1.0,1,8,220.2,1.8838,1.0,187.1,0.0267,659.2,210.4,시설관리·임대,4050,시설관리·임대 (업종대분류),4050 중장년 구매력층 (40~59세),대분류
96,대구광역시 동구 신천4동,동구,2714058000,46.23,58.32,38.99,9.9,44.03,97.58,30.87,53,12937,3700,0.286,0.819,0.0,697.0,3.7,6933,3.94,27140,0.7957,16258.6,1759,2210.6,655.2,0.3627,0,85,2660.8,1.7119,0.2642,2466.0,0.0301,239.6,68.5,시설관리·임대,4050,시설관리·임대 (업종대분류),4050 중장년 구매력층 (40~59세),대분류
97,대구광역시 중구 성내2동,중구,2711057500,45.95,47.95,21.48,1.34,78.39,90.71,62.42,108,9263,2499,0.2698,1.118,0.0,310.9,10.4,6799,2.59,27110,0.9226,10040.1,2628,2848.5,283.2,0.933,0,67,2751.4,1.6254,0.9537,2085.3,0.0411,85.0,22.9,시설관리·임대,4050,시설관리·임대 (업종대분류),4050 중장년 구매력층 (40~59세),대분류
98,대구광역시 서구 평리4동,서구,2717065000,45.88,61.71,54.63,39.76,26.24,31.17,34.23,30,15025,4526,0.3012,0.86,0.0,1254.1,2.3,553,0.58,27170,0.7453,20159.7,950,1274.7,1310.9,0.0,0,29,308.6,1.72,0.0,265.5,0.0316,484.7,146.0,시설관리·임대,4050,시설관리·임대 (업종대분류),4050 중장년 구매력층 (40~59세),대분류
99,대구광역시 중구 동인동,중구,2711051700,45.47,47.95,27.25,1.0,43.36,89.86,100.0,104,10997,3034,0.2759,2.683,0.0,639.2,47.8,2997,2.84,27110,0.9707,11328.9,1055,1086.8,664.1,0.1223,0,30,902.8,1.8018,0.0577,1829.1,0.0986,104.7,28.9,시설관리·임대,4050,시설관리·임대 (업종대분류),4050 중장년 구매력층 (40~59세),대분류
100,대구광역시 달서구 월성2동,달서구,2729060200,45.13,31.98,38.52,69.8,18.86,63.42,81.88,24,13435,3835,0.2854,1.434,0.0,1996.5,0.2,2943,6.47,27290,7.6185,1763.5,455,59.7,1831.7,0.0,0,41,250.2,1.7894,0.0,195.9,0.0527,537.4,153.4,시설관리·임대,4050,시설관리·임대 (업종대분류),4050 중장년 구매력층 (40~59세),대분류
101,대구광역시 남구 대명10동,남구,2720065000,45.06,50.97,15.57,13.6,84.57,50.54,68.79,29,7805,2085,0.2671,1.213,15387.0,382.0,3.1,444,0.68,27200,0.5166,15108.4,650,1258.2,375.5,0.8677,1,12,574.8,1.8044,0.8621,628.7,0.0446,260.2,69.5,시설관리·임대,4050,시설관리·임대 (업종대분류),4050 중장년 구매력층 (40~59세),대분류
102,대구광역시 서구 비산7동,서구,2717061000,44.82,40.94,38.25,46.31,59.57,44.73,45.3,29,9260,2708,0.2924,0.969,2543.2,525.4,0.8,1162,1.43,27170,2.584,3583.6,815,315.4,513.8,0.4699,1,25,189.6,1.6054,0.3448,230.0,0.0356,308.7,90.3,시설관리·임대,4050,시설관리·임대 (업종대분류),4050 중장년 구매력층 (40~59세),대분류
103,대구광역시 동구 신암3동,동구,2714053000,44.63,43.69,31.41,67.62,39.8,59.39,31.88,12,11150,3126,0.2804,0.824,0.0,801.9,1.2,616,1.56,27140,0.6012,18546.2,396,658.7,734.3,0.0581,0,13,452.5,1.8895,0.0833,522.2,0.0303,857.7,240.5,시설관리·임대,4050,시설관리·임대 (업종대분류),4050 중장년 구매력층 (40~59세),대분류
104,대구광역시 동구 해안동,동구,2714068500,44.55,40.2,26.85,58.9,46.84,20.0,92.62,29,12925,3513,0.2718,1.662,11140.2,936.8,0.6,480,1.01,27140,13.264,974.4,475,35.8,755.4,0.0589,2,23,160.5,1.8161,0.069,73.7,0.0611,430.8,117.1,시설관리·임대,4050,시설관리·임대 (업종대분류),4050 중장년 구매력층 (40~59세),대분류
105,대구광역시 북구 관음동,북구,2723075000,44.54,37.78,61.07,50.84,21.54,43.32,58.05,23,13689,4276,0.3124,1.072,0.0,1595.1,2.0,1198,2.05,27230,3.0672,4463.0,584,190.4,1468.8,0.0,0,23,374.4,1.7842,0.0,180.0,0.0394,570.4,178.2,시설관리·임대,4050,시설관리·임대 (업종대분류),4050 중장년 구매력층 (40~59세),대분류
106,대구광역시 북구 산격2동,북구,2723062000,43.69,40.84,37.31,18.96,17.52,99.13,85.91,70,9376,2710,0.289,1.507,0.0,2912.1,2.3,10440,8.27,27230,2.3539,3983.2,1263,536.6,2945.4,0.0,0,84,2052.4,1.5111,0.0,2176.7,0.0554,132.1,38.2,시설관리·임대,4050,시설관리·임대 (업종대분류),4050 중장년 구매력층 (40~59세),대분류
107,대구광역시 남구 대명4동,남구,2720059000,43.59,46.07,17.72,20.8,67.25,72.08,58.05,25,9003,2386,0.265,1.072,7282.1,486.4,2.9,1742,2.74,27200,0.76,11846.1,635,835.5,536.5,0.3512,1,20,496.8,1.7378,0.48,481.0,0.0394,346.3,91.8,시설관리·임대,4050,시설관리·임대 (업종대분류),4050 중장년 구매력층 (40~59세),대분류
108,대구광역시 남구 봉덕3동,남구,2720055000,43.53,44.29,49.26,14.93,41.41,38.16,81.21,45,14003,4161,0.2972,1.426,0.0,753.9,3.5,902,1.05,27200,3.0696,4561.8,858,279.5,904.0,0.1096,0,23,221.5,1.8839,0.1556,242.3,0.0524,304.4,90.5,시설관리·임대,4050,시설관리·임대 (업종대분류),4050 중장년 구매력층 (40~59세),대분류
109,대구광역시 북구 대현동,북구,2723064500,43.52,58.89,32.62,17.95,34.09,31.98,83.22,43,15618,4260,0.2728,1.461,0.0,1065.0,3.5,786,0.98,27230,0.855,18266.7,801,936.8,879.3,0.1423,0,23,239.0,1.7877,0.0465,192.2,0.0537,355.0,96.8,시설관리·임대,4050,시설관리·임대 (업종대분류),4050 중장년 구매력층 (40~59세),대분류
110,대구광역시 동구 방촌동,동구,2714067000,42.9,51.51,35.98,63.09,27.92,25.07,40.94,20,16714,4579,0.274,0.92,0.0,1065.1,1.4,638,1.08,27140,1.2248,13646.3,592,483.3,972.5,0.0,0,22,212.6,1.7373,0.0,119.8,0.0338,795.9,218.0,시설관리·임대,4050,시설관리·임대 (업종대분류),4050 중장년 구매력층 (40~59세),대분류
111,대구광역시 중구 성내1동,중구,2711056500,42.77,52.62,6.31,0.34,86.58,83.26,43.62,120,5527,1189,0.2151,0.958,30098.1,363.9,21.1,4750,1.39,27110,0.759,7281.9,3406,4487.5,324.3,0.8908,1,64,2242.4,1.7374,0.775,2220.3,0.0352,45.7,9.8,시설관리·임대,4050,시설관리·임대 (업종대분류),4050 중장년 구매력층 (40~59세),대분류
112,대구광역시 남구 대명9동,남구,2720064000,42.71,40.1,48.86,34.56,31.61,30.6,79.19,40,13110,3942,0.3007,1.388,0.0,891.6,1.9,762,0.97,27200,3.1401,4175.0,785,250.0,817.3,0.0038,0,28,184.2,1.8211,0.0,187.4,0.051,319.8,96.1,시설관리·임대,4050,시설관리·임대 (업종대분류),4050 중장년 구매력층 (40~59세),대분류
113,대구광역시 서구 평리2동,서구,2717063000,42.16,35.97,44.83,48.82,28.59,14.63,93.29,13,6820,2118,0.3106,1.717,0.0,1058.3,1.8,115,0.56,27170,0.2781,24523.6,206,740.7,1200.3,0.0,0,6,152.3,1.7598,0.0,120.5,0.0631,487.1,151.3,시설관리·임대,4050,시설관리·임대 (업종대분류),4050 중장년 구매력층 (40~59세),대분류
114,대구광역시 서구 평리3동,서구,2717064000,42.07,45.51,45.37,49.5,24.9,37.52,44.3,23,12090,3579,0.296,0.966,0.0,1306.4,1.7,808,1.25,27170,0.7793,15513.9,647,830.2,1448.3,0.0,0,17,230.2,1.772,0.0,202.4,0.0355,503.8,149.1,시설관리·임대,4050,시설관리·임대 (업종대분류),4050 중장년 구매력층 (40~59세),대분류
115,대구광역시 수성구 상동,수성구,2726062000,41.99,50.27,50.61,34.06,25.91,24.26,53.69,37,13938,4169,0.2991,1.02,0.0,1285.0,2.2,678,0.69,27260,1.3277,10497.9,986,742.6,1288.9,0.0,0,28,118.7,1.9138,0.0,157.7,0.0375,366.8,109.7,시설관리·임대,4050,시설관리·임대 (업종대분류),4050 중장년 구매력층 (40~59세),대분류
116,대구광역시 서구 비산4동,서구,2717058000,41.69,37.68,31.41,54.7,39.06,29.3,71.14,14,8143,2327,0.2858,1.224,0.0,820.4,1.3,256,0.82,27170,0.434,18762.7,311,716.6,872.3,0.0579,0,12,200.0,1.7548,0.0714,234.6,0.045,542.9,155.1,시설관리·임대,4050,시설관리·임대 (업종대분류),4050 중장년 구매력층 (40~59세),대분류
117,대구광역시 북구 노원동,북구,2723079000,41.04,41.04,39.33,33.9,42.08,41.68,53.02,41,10954,3163,0.2888,1.009,0.0,765.8,1.5,1224,1.11,27230,3.0536,3587.2,1104,361.5,693.4,0.3207,0,44,266.5,1.7025,0.2195,247.7,0.0371,260.8,75.3,시설관리·임대,4050,시설관리·임대 (업종대분류),4050 중장년 구매력층 (40~59세),대분류
118,대구광역시 서구 비산1동,서구,2717055000,40.97,34.9,34.63,39.76,56.41,10.94,80.54,11,7738,2253,0.2912,1.404,0.0,508.1,3.0,94,0.44,27170,0.4334,17854.2,213,491.5,505.0,0.5352,0,4,115.3,1.5363,0.4545,81.4,0.0516,644.8,187.8,시설관리·임대,4050,시설관리·임대 (업종대분류),4050 중장년 구매력층 (40~59세),대분류
119,대구광역시 서구 비산5동,서구,2717059000,40.05,36.08,10.6,66.62,93.49,18.82,12.08,7,4744,1264,0.2664,0.566,7774.7,184.3,0.6,128,0.38,27170,0.3445,13770.7,337,978.2,201.9,1.0,2,4,204.0,1.6091,1.0,187.1,0.0208,593.0,158.0,시설관리·임대,4050,시설관리·임대 (업종대분류),4050 중장년 구매력층 (40~59세),대분류
120,대구광역시 동구 신암1동,동구,2714051000,39.96,44.16,33.83,38.76,27.58,40.87,59.06,21,10781,3064,0.2842,1.086,0.0,1088.7,2.3,394,0.75,27140,0.606,17790.4,526,868.0,1051.5,0.0,0,10,436.8,1.7965,0.0,419.1,0.0399,490.0,139.3,시설관리·임대,4050,시설관리·임대 (업종대분류),4050 중장년 구매력층 (40~59세),대분류
121,대구광역시 서구 평리5동,서구,2717066000,39.92,43.12,28.18,57.38,19.87,32.48,65.1,8,10531,2930,0.2782,1.17,0.0,1827.8,2.4,224,1.2,27170,0.4071,25868.3,186,456.9,1832.0,0.0,0,9,214.6,1.864,0.0,213.6,0.043,1170.1,325.6,시설관리·임대,4050,시설관리·임대 (업종대분류),4050 중장년 구매력층 (40~59세),대분류
122,대구광역시 서구 내당2·3동,서구,2717052500,39.91,37.48,29.13,35.24,63.76,30.88,48.99,16,8091,2299,0.2841,0.982,0.0,458.7,2.6,287,0.65,27170,0.4967,16289.5,443,891.9,456.6,0.6524,0,13,339.8,1.6893,0.6875,287.2,0.0361,475.9,135.2,시설관리·임대,4050,시설관리·임대 (업종대분류),4050 중장년 구매력층 (40~59세),대분류
123,대구광역시 동구 신암5동,동구,2714054100,38.18,29.5,21.74,20.13,75.07,22.82,84.23,17,7315,2027,0.2771,1.472,0.0,376.2,4.2,300,0.96,27140,0.5467,13380.3,314,574.4,366.8,0.9108,0,9,165.0,1.672,0.9412,148.4,0.0541,406.4,112.6,시설관리·임대,4050,시설관리·임대 (업종대분류),4050 중장년 구매력층 (40~59세),대분류
124,대구광역시 중구 삼덕동,중구,2711054500,37.36,44.83,13.56,4.03,66.44,86.78,19.46,39,7460,1951,0.2615,0.697,0.0,459.2,9.2,3487,2.29,27110,0.644,11583.9,1526,2369.6,480.0,0.5839,0,70,1719.3,1.8185,0.7949,2071.5,0.0256,186.5,48.8,시설관리·임대,4050,시설관리·임대 (업종대분류),4050 중장년 구매력층 (40~59세),대분류
125,대구광역시 남구 봉덕2동,남구,2720054000,37.26,33.69,48.86,73.99,20.54,7.18,24.83,13,12852,3867,0.3009,0.754,0.0,1642.4,1.1,66,0.14,27200,3.0276,4244.9,470,155.2,1539.8,0.0,0,4,59.5,1.8229,0.0,49.5,0.0277,918.0,276.2,시설관리·임대,4050,시설관리·임대 (업종대분류),4050 중장년 구매력층 (40~59세),대분류
126,대구광역시 남구 봉덕1동,남구,2720053000,37.12,39.57,36.11,10.9,46.88,25.8,67.79,29,7680,2255,0.2936,1.211,0.0,668.7,3.7,448,0.69,27200,0.4881,15734.5,651,1333.7,815.4,0.192,0,12,195.9,1.7448,0.3448,188.9,0.0445,256.0,75.2,시설관리·임대,4050,시설관리·임대 (업종대분류),4050 중장년 구매력층 (40~59세),대분류
127,대구광역시 서구 비산6동,서구,2717060000,36.06,35.44,29.53,68.62,33.29,20.57,21.81,6,6319,1822,0.2883,0.726,0.0,779.7,1.2,200,0.89,27170,0.2715,23274.4,225,828.7,935.7,0.0,0,7,166.1,1.6884,0.0,139.8,0.0267,902.7,260.3,시설관리·임대,4050,시설관리·임대 (업종대분류),4050 중장년 구매력층 (40~59세),대분류
128,대구광역시 동구 효목1동,동구,2714059000,35.35,40.84,23.63,12.92,39.2,27.65,77.85,39,11472,3092,0.2695,1.363,0.0,920.5,3.5,901,1.16,27140,1.4646,7832.9,779,531.9,849.0,0.1592,0,32,179.1,1.7622,0.2051,109.1,0.0501,286.8,77.3,시설관리·임대,4050,시설관리·임대 (업종대분류),4050 중장년 구매력층 (40~59세),대분류
129,대구광역시 서구 비산2·3동,서구,2717056500,34.52,34.5,13.42,64.94,56.84,16.04,16.11,12,7550,1952,0.2585,0.623,0.0,529.0,0.6,276,0.53,27170,0.555,13603.6,523,942.3,678.0,0.3078,0,13,196.2,1.5586,0.5833,127.7,0.0229,580.8,150.2,시설관리·임대,4050,시설관리·임대 (업종대분류),4050 중장년 구매력층 (40~59세),대분류
130,대구광역시 달서구 상인3동,달서구,2729062600,33.34,25.64,15.84,69.46,22.89,40.0,46.31,13,9445,2350,0.2488,0.974,0.0,1473.2,0.5,464,1.28,27290,3.3085,2854.8,363,109.7,1319.7,0.0,0,13,327.8,1.7064,0.0,275.2,0.0358,674.6,167.9,시설관리·임대,4050,시설관리·임대 (업종대분류),4050 중장년 구매력층 (40~59세),대분류
131,대구광역시 북구 산격4동,북구,2723063100,32.72,26.17,18.66,26.0,19.53,44.43,98.66,33,6961,1902,0.2732,2.441,0.0,1878.0,2.0,595,1.62,27230,0.7157,9726.1,368,514.2,2035.1,0.0,0,6,252.6,1.8845,0.0,255.8,0.0897,204.7,55.9,시설관리·임대,4050,시설관리·임대 (업종대분류),4050 중장년 구매력층 (40~59세),대분류
132,대구광역시 서구 평리6동,서구,2717066100,31.96,19.5,24.97,31.38,21.88,33.96,97.32,15,5391,1536,0.2849,2.345,0.0,1562.5,2.1,317,1.82,27170,0.7464,7222.7,174,233.1,1588.9,0.0,0,10,129.4,1.7879,0.0,160.3,0.0862,336.9,96.0,시설관리·임대,4050,시설관리·임대 (업종대분류),4050 중장년 구매력층 (40~59세),대분류
133,대구광역시 서구 평리1동,서구,2717062000,31.82,30.6,20.94,43.79,27.25,10.87,67.11,13,6126,1707,0.2786,1.2,0.0,1090.1,1.8,68,0.23,27170,0.3656,16756.0,295,806.9,1031.4,0.0,0,4,102.6,1.7586,0.0,90.3,0.0441,437.6,121.9,시설관리·임대,4050,시설관리·임대 (업종대분류),4050 중장년 구매력층 (40~59세),대분류
134,대구광역시 북구 산격1동,북구,2723061000,31.71,25.54,11.68,60.58,18.52,9.86,88.59,14,7370,1876,0.2545,1.543,0.0,2074.9,0.6,69,0.28,27230,0.8679,8491.8,247,284.6,2197.3,0.0,0,5,71.8,1.7525,0.0,81.1,0.0567,491.3,125.1,시설관리·임대,4050,시설관리·임대 (업종대분류),4050 중장년 구매력층 (40~59세),대분류
135,대구광역시 북구 검단동,북구,2723068000,31.58,14.26,18.92,49.5,17.85,38.86,95.3,14,5414,1506,0.2782,2.005,0.0,2595.7,0.9,574,3.02,27230,3.7681,1436.8,190,50.4,2658.8,0.0,0,6,208.6,1.7306,0.0,86.8,0.0737,360.9,100.4,시설관리·임대,4050,시설관리·임대 (업종대분류),4050 중장년 구매력층 (40~59세),대분류
136,대구광역시 남구 대명11동,남구,2720066000,30.05,30.84,15.71,33.39,35.97,42.35,30.2,18,7152,1927,0.2694,0.797,0.0,678.2,2.1,711,1.16,27200,0.8477,8436.9,614,724.3,687.2,0.0537,0,19,454.2,1.5689,0.0,300.2,0.0293,376.4,101.4,시설관리·임대,4050,시설관리·임대 (업종대분류),4050 중장년 구매력층 (40~59세),대분류
137,대구광역시 북구 산격3동,북구,2723063000,29.48,37.48,6.98,13.92,19.2,91.88,26.85,27,8390,1685,0.2008,0.775,0.0,1977.4,3.0,3619,3.82,27230,1.272,6595.9,947,744.5,2105.0,0.0,0,19,1139.1,1.6083,0.0,1254.2,0.0285,299.6,60.2,시설관리·임대,4050,시설관리·임대 (업종대분류),4050 중장년 구매력층 (40~59세),대분류
138,대구광역시 달성군 가창면,달성군,2771031000,28.72,15.84,9.53,61.74,15.84,55.24,48.99,14,6719,1645,0.2448,0.982,0.0,5071.0,0.1,2291,5.9,27710,110.4332,60.8,388,3.5,5522.5,0.0,0,32,134.5,1.676,0.0,148.1,0.0361,447.9,109.7,시설관리·임대,4050,시설관리·임대 (업종대분류),4050 중장년 구매력층 (40~59세),대분류
139,대구광역시 달성군 하빈면,달성군,2771033000,27.73,10.0,5.64,47.66,16.85,39.93,99.33,16,3104,694,0.2236,2.46,0.0,3256.8,0.2,850,4.8,27710,37.7234,82.3,177,4.7,3593.4,0.0,0,16,16.9,1.703,0.0,31.2,0.0904,182.6,40.8,시설관리·임대,4050,시설관리·임대 (업종대분류),4050 중장년 구매력층 (40~59세),대분류
140,대구광역시 동구 도평동,동구,2714061500,27.47,9.9,6.58,74.5,17.18,7.38,86.91,4,3371,812,0.2409,1.513,0.0,2913.4,0.0,41,0.57,27140,19.9271,169.2,72,3.6,2629.1,0.0,0,3,4.2,1.635,0.0,2.8,0.0556,674.2,162.4,시설관리·임대,4050,시설관리·임대 (업종대분류),4050 중장년 구매력층 (40~59세),대분류
141,대구광역시 군위군 군위읍,군위군,2772025000,27.01,22.78,27.11,57.22,11.81,2.35,41.61,19,7901,2237,0.2831,0.925,0.0,30232.2,0.6,0,0.0,27720,82.95,95.3,559,6.7,30678.1,0.0,0,0,0.0,1.7561,0.0,0.0,0.034,395.0,111.8,시설관리·임대,4050,시설관리·임대 (업종대분류),4050 중장년 구매력층 (40~59세),대분류
142,대구광역시 북구 침산1동,북구,2723055000,26.5,14.23,12.48,51.18,20.2,11.07,79.19,10,3441,928,0.2697,1.388,0.0,1755.0,0.4,115,0.59,27230,1.4697,2341.3,196,133.4,1796.3,0.0,0,6,93.6,1.733,0.0,72.6,0.051,312.8,84.4,시설관리·임대,4050,시설관리·임대 (업종대분류),4050 중장년 구매력층 (40~59세),대분류
143,대구광역시 북구 복현1동,북구,2723067100,24.34,38.56,6.44,25.0,20.87,28.59,17.45,12,7131,1506,0.2112,0.658,0.0,1623.9,3.2,333,0.67,27230,0.3619,19704.3,495,1367.8,1714.4,0.0,0,10,312.4,1.6966,0.0,236.7,0.0242,548.5,115.8,시설관리·임대,4050,시설관리·임대 (업종대분류),4050 중장년 구매력층 (40~59세),대분류
144,대구광역시 군위군 삼국유사면,군위군,2772037000,21.33,6.27,1.47,55.37,12.82,2.35,86.91,2,1330,251,0.1887,1.513,0.0,23508.2,0.0,0,0.0,27720,115.041,11.6,36,0.3,24412.0,0.0,0,0,0.0,1.542,0.0,0.0,0.0556,443.3,83.7,시설관리·임대,4050,시설관리·임대 (업종대분류),4050 중장년 구매력층 (40~59세),대분류
145,대구광역시 군위군 우보면,군위군,2772034000,21.02,7.11,1.34,67.11,12.48,2.35,64.43,2,1937,364,0.1879,1.135,0.0,26371.0,0.0,0,0.0,27720,60.4878,32.0,48,0.8,27265.0,0.0,0,0,0.0,1.6422,0.0,0.0,0.0417,645.7,121.3,시설관리·임대,4050,시설관리·임대 (업종대분류),4050 중장년 구매력층 (40~59세),대분류
146,대구광역시 군위군 효령면,군위군,2772032000,19.3,9.8,3.49,70.81,13.49,2.35,27.85,4,3639,726,0.1995,0.778,0.0,18441.6,0.0,0,0.0,27720,96.6177,37.7,140,1.4,19823.3,0.0,0,0,0.0,1.6874,0.0,0.0,0.0286,727.8,145.2,시설관리·임대,4050,시설관리·임대 (업종대분류),4050 중장년 구매력층 (40~59세),대분류
147,대구광역시 군위군 의흥면,군위군,2772035000,18.89,8.66,1.21,93.29,12.15,2.35,0.0,0,2217,408,0.184,0.0,0.0,27468.0,0.0,0,0.0,27720,54.4298,40.7,92,1.7,27468.0,0.0,0,0,0.0,1.3958,0.0,0.0,0.0,2217.0,408.0,시설관리·임대,4050,시설관리·임대 (업종대분류),4050 중장년 구매력층 (40~59세),대분류
148,대구광역시 군위군 소보면,군위군,2772031000,18.02,7.79,3.09,82.89,11.48,2.35,6.71,1,2221,444,0.1999,0.433,0.0,33661.7,0.0,0,0.0,27720,99.6768,22.3,63,0.6,34386.7,0.0,0,0,0.0,1.6534,0.0,0.0,0.0159,1110.5,222.0,시설관리·임대,4050,시설관리·임대 (업종대분류),4050 중장년 구매력층 (40~59세),대분류
149,대구광역시 군위군 부계면,군위군,2772033000,16.85,8.19,4.57,71.48,14.16,2.35,4.03,2,2106,446,0.2118,0.348,0.0,16691.3,0.0,0,0.0,27720,65.1498,32.3,156,2.4,14132.4,0.0,0,0,0.0,1.5238,0.0,0.0,0.0128,702.0,148.7,시설관리·임대,4050,시설관리·임대 (업종대분류),4050 중장년 구매력층 (40~59세),대분류
150,대구광역시 군위군 산성면,군위군,2772036000,15.2,6.84,0.0,63.09,13.16,2.35,14.77,1,1201,217,0.1807,0.604,0.0,18902.9,0.0,0,0.0,27720,36.9047,32.5,45,1.2,21435.4,0.0,0,0,0.0,1.3772,0.0,0.0,0.0222,600.5,108.5,시설관리·임대,4050,시설관리·임대 (업종대분류),4050 중장년 구매력층 (40~59세),대분류
1,대구광역시 북구 구암동,북구,2723074500,78.34,74.9,94.76,69.63,91.61,70.97,56.38,39,30230,10977,0.3631,1.071,15065.5,284.0,7.4,2117,2.05,27230,4.1947,7206.7,1035,246.7,349.2,0.7449,3,41,403.8,1.7552,0.9487,533.1,0.0377,755.8,274.4,부동산,4050,부동산 (업종대분류),4050 중장년 구매력층 (40~59세),대분류
2,대구광역시 수성구 범어1동,수성구,2726051000,76.42,83.59,90.2,7.72,94.7,80.74,98.66,87,22679,8055,0.3552,2.503,19467.9,255.8,28.2,2378,2.41,27260,1.1852,19135.2,988,833.6,239.4,0.996,2,34,1056.3,1.9254,0.9885,827.2,0.0881,257.7,91.5,부동산,4050,부동산 (업종대분류),4050 중장년 구매력층 (40~59세),대분류
3,대구광역시 북구 동천동,북구,2723078000,75.9,86.88,94.23,73.32,69.09,88.59,7.72,24,24635,9308,0.3778,0.477,8538.0,450.8,8.1,4100,2.87,27230,1.0632,23170.6,1429,1344.1,430.1,0.6767,1,118,1498.7,1.7811,0.5417,955.8,0.0168,985.4,372.3,부동산,4050,부동산 (업종대분류),4050 중장년 구매력층 (40~59세),대분류
4,대구광역시 달서구 상인1동,달서구,2729062400,75.81,90.67,80.67,83.9,73.02,79.26,10.07,19,31919,10210,0.3199,0.514,20963.7,451.5,6.5,2895,2.76,27290,1.4947,21354.8,1050,702.5,455.1,0.5638,1,54,886.7,1.7616,0.5789,576.4,0.0181,1596.0,510.5,부동산,4050,부동산 (업종대분류),4050 중장년 구매력층 (40~59세),대분류
5,대구광역시 달서구 용산1동,달서구,2729057100,75.41,83.83,86.84,67.62,81.14,78.26,27.52,27,27808,9357,0.3365,0.767,12948.6,401.2,8.9,2800,2.8,27290,1.4578,19075.3,1001,686.7,500.2,0.5395,1,27,594.5,1.8138,0.8148,538.3,0.027,993.1,334.2,부동산,4050,부동산 (업종대분류),4050 중장년 구매력층 (40~59세),대분류
6,대구광역시 동구 안심4동,동구,2714074700,74.07,74.73,83.02,63.92,72.89,73.42,71.81,45,26289,8705,0.3311,1.298,13918.2,451.2,6.9,2726,2.77,27140,2.572,10221.2,985,383.0,390.0,0.7503,2,66,438.1,1.8606,0.6222,403.5,0.0457,571.5,189.2,부동산,4050,부동산 (업종대분류),4050 중장년 구매력층 (40~59세),대분류
7,대구광역시 달서구 진천동,달서구,2729061500,74.04,85.24,86.44,41.94,68.86,74.5,71.14,94,49267,15947,0.3237,1.296,33114.2,644.1,11.1,3768,1.83,27290,5.3271,9248.4,2063,387.3,538.6,0.6757,3,95,557.9,1.7891,0.7128,539.6,0.0456,518.6,167.9,부동산,4050,부동산 (업종대분류),4050 중장년 구매력층 (40~59세),대분류
8,대구광역시 달성군 다사읍,달성군,2771025600,73.6,78.79,95.17,71.98,51.07,67.65,57.05,88,88904,31436,0.3536,1.08,24793.4,1119.7,8.1,4705,2.03,27710,36.8156,2414.8,2317,62.9,1242.5,0.3423,3,133,475.8,1.7768,0.3523,358.9,0.038,998.9,353.2,부동산,4050,부동산 (업종대분류),4050 중장년 구매력층 (40~59세),대분류
9,대구광역시 북구 칠성동,북구,2723052600,73.06,85.17,77.45,77.35,65.1,93.05,13.42,26,23657,7582,0.3205,0.548,23713.1,591.9,5.3,4486,3.33,27230,1.3907,17010.9,1349,970.0,435.4,0.6308,2,51,877.9,1.5237,0.4615,1294.1,0.0193,876.2,280.8,부동산,4050,부동산 (업종대분류),4050 중장년 구매력층 (40~59세),대분류
10,대구광역시 달서구 감삼동,달서구,2729055500,72.07,92.55,77.99,35.91,76.24,64.5,54.36,54,31125,9859,0.3168,1.048,12921.8,423.7,15.3,1705,1.16,27290,1.1434,27221.4,1465,1281.3,450.0,0.641,1,37,514.2,1.8307,0.6481,614.2,0.0369,565.9,179.3,부동산,4050,부동산 (업종대분류),4050 중장년 구매력층 (40~59세),대분류
11,대구광역시 달서구 이곡1동,달서구,2729057600,71.85,70.04,80.67,81.21,79.6,86.38,19.46,18,19663,6553,0.3333,0.611,15640.1,414.5,5.2,2777,3.32,27290,1.8033,10903.9,837,464.1,366.7,0.8339,2,56,1398.8,1.8622,0.7778,821.6,0.0215,1034.9,344.9,부동산,4050,부동산 (업종대분류),4050 중장년 구매력층 (40~59세),대분류
12,대구광역시 달서구 월성1동,달서구,2729060100,71.52,80.54,98.66,69.3,36.91,86.04,30.87,40,39423,15615,0.3961,0.79,0.0,887.0,9.5,4066,2.83,27290,1.9323,20402.1,1438,744.2,899.2,0.096,0,70,1080.4,1.8341,0.1,786.8,0.0278,961.5,380.9,부동산,4050,부동산 (업종대분류),4050 중장년 구매력층 (40~59세),대분류
13,대구광역시 달서구 유천동,달서구,2729061700,71.13,73.86,96.91,65.77,46.88,71.55,55.37,27,32864,12137,0.3693,1.054,0.0,656.2,10.7,1643,2.26,27290,1.3119,25050.7,728,554.9,622.7,0.2788,0,41,613.2,1.8499,0.3333,556.1,0.0371,1173.7,433.5,부동산,4050,부동산 (업종대분류),4050 중장년 구매력층 (40~59세),대분류
14,대구광역시 동구 안심1동,동구,2714072000,70.99,84.53,72.35,62.92,71.75,65.97,43.62,60,37158,11358,0.3057,0.96,15850.8,454.7,7.0,2910,1.64,27140,3.4892,10649.4,1776,509.0,428.2,0.5923,2,56,451.6,1.7618,0.5667,386.0,0.0338,609.1,186.2,부동산,4050,부동산 (업종대분류),4050 중장년 구매력층 (40~59세),대분류
15,대구광역시 수성구 고산3동,수성구,2726069000,70.91,67.78,85.37,53.19,78.79,54.53,82.55,45,29136,9681,0.3323,1.52,8180.9,409.6,10.3,994,1.18,27260,5.2954,5502.1,841,158.8,377.6,0.8193,1,35,511.9,1.8415,0.8222,403.3,0.0535,633.4,210.5,부동산,4050,부동산 (업종대분류),4050 중장년 구매력층 (40~59세),대분류
16,대구광역시 달성군 화원읍,달성군,2771025000,70.61,76.04,78.66,71.31,68.86,44.6,65.77,62,45354,14149,0.312,1.165,17158.0,484.5,5.7,2363,1.56,27710,25.9877,1745.2,1512,58.2,477.2,0.6104,2,64,174.0,1.7733,0.5161,168.2,0.041,719.9,224.6,부동산,4050,부동산 (업종대분류),4050 중장년 구매력층 (40~59세),대분류
17,대구광역시 수성구 고산1동,수성구,2726067000,70.45,72.28,90.87,68.46,59.86,80.87,32.55,32,31066,10661,0.3432,0.804,11318.1,612.6,8.3,2849,2.52,27260,8.624,3602.3,1132,131.3,600.7,0.4735,1,43,613.8,1.7871,0.4062,699.6,0.0283,941.4,323.1,부동산,4050,부동산 (업종대분류),4050 중장년 구매력층 (40~59세),대분류
18,대구광역시 북구 관문동,북구,2723071500,68.03,64.33,92.21,88.59,39.23,55.77,55.37,30,31975,11137,0.3483,1.054,7033.3,1658.2,3.4,2576,3.18,27230,14.8231,2157.1,809,54.6,1662.6,0.3498,3,64,205.6,1.7905,0.3333,190.1,0.0371,1031.5,359.3,부동산,4050,부동산 (업종대분류),4050 중장년 구매력층 (40~59세),대분류
19,대구광역시 북구 국우동,북구,2723080000,67.38,61.41,93.83,73.49,57.79,60.0,44.97,32,29112,10415,0.3578,0.966,3118.2,665.3,7.1,2431,2.58,27230,16.9087,1721.7,942,55.7,759.4,0.4586,2,41,272.2,1.7701,0.5938,269.2,0.034,882.2,315.6,부동산,4050,부동산 (업종대분류),4050 중장년 구매력층 (40~59세),대분류
20,대구광역시 수성구 고산2동,수성구,2726068000,67.05,67.85,79.87,26.51,78.32,65.37,84.56,71,25533,8229,0.3223,1.588,11450.8,394.9,12.1,6126,4.82,27260,24.337,1049.1,1270,52.2,499.8,0.5976,3,88,249.9,1.894,0.6479,219.4,0.0559,354.6,114.3,부동산,4050,부동산 (업종대분류),4050 중장년 구매력층 (40~59세),대분류
21,대구광역시 수성구 만촌3동,수성구,2726056100,66.76,70.03,93.69,27.18,70.2,28.76,95.3,54,20523,8133,0.3963,2.088,14504.4,448.9,17.2,797,1.08,27260,1.6947,12110.1,735,433.7,416.1,0.5578,2,13,188.8,1.9243,0.4259,164.4,0.0735,373.1,147.9,부동산,4050,부동산 (업종대분류),4050 중장년 구매력층 (40~59세),대분류
22,대구광역시 북구 태전2동,북구,2723073500,66.48,67.82,70.07,60.4,79.26,70.06,41.61,31,21610,6736,0.3117,0.918,3795.2,384.8,8.2,2036,2.12,27230,2.0691,10444.2,961,464.5,413.0,0.7815,1,51,470.0,1.797,0.871,450.3,0.0323,675.3,210.5,부동산,4050,부동산 (업종대분류),4050 중장년 구매력층 (40~59세),대분류
23,대구광역시 수성구 수성1가동,수성구,2726057000,65.52,73.99,75.03,14.1,86.68,38.05,93.96,49,16970,5584,0.3291,1.966,11615.6,316.4,22.3,364,0.51,27260,0.6383,26586.2,708,1109.2,306.7,0.8814,1,13,357.1,1.9594,0.898,382.0,0.0692,339.4,111.7,부동산,4050,부동산 (업종대분류),4050 중장년 구매력층 (40~59세),대분류
24,대구광역시 동구 안심3동,동구,2714074200,64.13,57.28,84.43,69.3,68.19,32.28,62.08,28,19897,6796,0.3416,1.114,6999.1,437.9,7.0,913,1.28,27140,5.8689,3390.2,714,121.7,457.1,0.556,1,29,232.8,1.9059,0.4643,161.6,0.0392,686.1,234.3,부동산,4050,부동산 (업종대분류),4050 중장년 구매력층 (40~59세),대분류
25,대구광역시 수성구 범어3동,수성구,2726053000,63.93,71.34,84.76,13.76,55.7,81.74,69.8,51,17016,6024,0.354,1.256,0.0,508.6,29.9,2389,2.07,27260,0.5836,29157.0,1155,1979.1,503.0,0.4978,0,39,1299.8,1.8564,0.4902,1171.0,0.0442,327.2,115.8,부동산,4050,부동산 (업종대분류),4050 중장년 구매력층 (40~59세),대분류
26,대구광역시 달서구 용산2동,달서구,2729057200,62.82,59.93,86.78,82.88,54.03,29.53,39.93,16,24584,8360,0.3401,0.878,0.0,564.2,6.6,678,1.31,27290,1.5398,15965.7,518,336.4,752.7,0.1409,0,19,147.4,1.7934,0.5625,147.4,0.0309,1446.1,491.8,부동산,4050,부동산 (업종대분류),4050 중장년 구매력층 (40~59세),대분류
27,대구광역시 수성구 범어4동,수성구,2726054000,62.54,64.96,92.48,15.43,59.6,49.8,83.22,62,18446,7520,0.4077,1.531,0.0,467.5,25.1,974,0.85,27260,1.1922,15472.2,1151,965.4,382.2,0.7541,0,29,516.8,1.7887,0.6452,387.8,0.0539,292.8,119.4,부동산,4050,부동산 (업종대분류),4050 중장년 구매력층 (40~59세),대분류
28,대구광역시 달성군 유가읍,달성군,2771025900,61.98,57.89,95.97,71.82,14.93,89.87,34.23,33,31236,11391,0.3647,0.838,0.0,12286.4,7.7,4302,3.85,27710,56.1887,555.9,1117,19.9,12162.5,0.0,0,60,1047.5,1.7554,0.0,765.3,0.0295,918.7,335.0,부동산,4050,부동산 (업종대분류),4050 중장년 구매력층 (40~59세),대분류
29,대구광역시 수성구 범어2동,수성구,2726052000,61.65,69.03,71.08,3.36,61.17,86.61,83.89,60,15345,4958,0.3231,1.557,10699.6,526.5,30.8,2861,2.62,27260,1.0094,15202.1,1094,1083.8,482.8,0.5384,1,42,1064.7,1.8705,0.3333,1218.4,0.0548,251.6,81.3,부동산,4050,부동산 (업종대분류),4050 중장년 구매력층 (40~59세),대분류
30,대구광역시 동구 신암4동,동구,2714054000,61.3,68.86,39.73,37.25,65.97,78.86,93.29,36,18383,5070,0.2758,1.963,43556.8,556.4,10.9,2706,5.19,27140,1.1656,15771.3,521,447.0,378.4,0.7179,2,29,569.0,1.8721,0.4167,411.2,0.0691,496.8,137.0,부동산,4050,부동산 (업종대분류),4050 중장년 구매력층 (40~59세),대분류
31,대구광역시 수성구 지산1동,수성구,2726065100,61.19,65.57,54.5,65.1,86.11,62.55,16.78,27,18617,5469,0.2938,0.591,5358.9,293.0,6.9,1776,1.37,27260,2.8948,6431.2,1301,449.4,326.2,0.9101,1,63,541.8,1.8658,0.9259,434.0,0.0208,664.9,195.3,부동산,4050,부동산 (업종대분류),4050 중장년 구매력층 (40~59세),대분류
32,대구광역시 달서구 본리동,달서구,2729059000,61.03,67.85,83.49,36.58,26.68,58.66,86.24,41,22993,7690,0.3344,1.611,0.0,1222.7,15.8,1195,1.65,27290,1.0774,21341.2,723,671.1,1208.5,0.0,0,48,381.0,1.8016,0.0,364.0,0.0567,547.5,183.1,부동산,4050,부동산 (업종대분류),4050 중장년 구매력층 (40~59세),대분류
33,대구광역시 북구 복현2동,북구,2723067200,60.91,63.59,71.81,70.97,21.64,60.34,75.5,31,28733,8910,0.3101,1.358,0.0,1627.5,7.2,1348,2.08,27230,1.8078,15893.9,649,359.0,1620.2,0.0,0,39,355.2,1.8941,0.0,356.9,0.0478,897.9,278.4,부동산,4050,부동산 (업종대분류),4050 중장년 구매력층 (40~59세),대분류
34,대구광역시 수성구 지산2동,수성구,2726065200,60.22,62.55,62.28,35.24,80.13,39.43,77.52,38,18149,5555,0.3061,1.372,4126.8,376.3,12.1,928,1.18,27260,1.6406,11062.4,787,479.7,398.0,0.8119,1,26,289.4,1.9254,0.8684,236.6,0.0483,465.4,142.4,부동산,4050,부동산 (업종대분류),4050 중장년 구매력층 (40~59세),대분류
35,대구광역시 북구 무태조야동,북구,2723069500,59.9,60.47,97.05,63.26,16.28,55.87,48.32,43,32499,12057,0.371,1.009,0.0,3920.2,9.2,1749,1.44,27230,22.8763,1420.6,1211,52.9,3904.0,0.0,0,48,240.2,1.8693,0.0,320.9,0.0355,738.6,274.0,부동산,4050,부동산 (업종대분류),4050 중장년 구매력층 (40~59세),대분류
36,"대구광역시 달서구 두류1,2동",달서구,2729053500,59.45,68.36,33.55,21.48,85.17,85.84,76.51,46,15672,4277,0.2729,1.369,15669.8,349.5,11.5,3657,3.83,27290,1.2776,12266.8,955,747.5,325.6,0.8597,2,36,680.4,1.903,0.8043,612.4,0.0482,333.4,91.0,부동산,4050,부동산 (업종대분류),4050 중장년 구매력층 (40~59세),대분류
37,대구광역시 동구 신천3동,동구,2714057000,58.75,58.62,66.98,14.26,53.42,84.87,91.28,48,14835,4705,0.3172,1.77,0.0,535.6,16.0,1998,2.59,27140,0.7179,20664.4,770,1072.6,542.0,0.4195,0,48,1228.0,1.9695,0.4583,1349.1,0.0623,302.8,96.0,부동산,4050,부동산 (업종대분류),4050 중장년 구매력층 (40~59세),대분류
38,대구광역시 북구 태전1동,북구,2723072500,58.24,64.33,58.39,55.04,50.0,50.0,65.1,33,21074,6216,0.295,1.151,3814.3,685.7,8.8,1588,1.95,27230,2.5135,8384.3,814,323.9,633.0,0.2862,1,23,327.5,1.7551,0.2424,254.8,0.0405,619.8,182.8,부동산,4050,부동산 (업종대분류),4050 중장년 구매력층 (40~59세),대분류
39,대구광역시 수성구 수성2·3가동,수성구,2726058000,58.1,51.64,69.8,25.17,87.98,66.44,50.34,26,10185,3524,0.346,1.023,5644.8,302.2,16.0,1441,2.0,27260,0.6602,15427.1,722,1093.6,276.9,0.9848,1,24,550.7,1.8895,1.0,488.0,0.036,377.2,130.5,부동산,4050,부동산 (업종대분류),4050 중장년 구매력층 (40~59세),대분류
40,대구광역시 중구 남산4동,중구,2711067000,58.03,57.58,59.46,22.14,73.96,46.51,97.99,34,15842,4854,0.3064,2.398,0.0,343.4,23.9,481,1.19,27110,0.449,35282.9,403,897.6,351.8,0.8164,0,16,308.4,1.9455,0.8529,348.9,0.0844,452.6,138.7,부동산,4050,부동산 (업종대분류),4050 중장년 구매력층 (40~59세),대분류
41,대구광역시 수성구 범물2동,수성구,2726066200,57.94,41.91,70.87,61.74,73.15,57.96,51.68,15,15526,4990,0.3214,1.028,0.0,374.8,10.1,590,1.43,27260,2.122,7316.7,414,195.1,382.0,0.8309,0,14,463.5,1.9377,0.8667,515.9,0.0362,970.4,311.9,부동산,4050,부동산 (업종대분류),4050 중장년 구매력층 (40~59세),대분류
42,대구광역시 수성구 황금1동,수성구,2726060100,57.6,49.06,87.99,60.91,29.36,21.44,95.97,30,20820,7371,0.354,2.136,0.0,949.3,9.2,480,1.2,27260,2.5751,8085.1,399,154.9,851.9,0.0702,0,13,72.8,1.9203,0.0,54.6,0.0752,671.6,237.8,부동산,4050,부동산 (업종대분류),4050 중장년 구매력층 (40~59세),대분류
43,대구광역시 동구 안심2동,동구,2714073000,57.55,44.03,62.68,89.93,47.45,53.89,58.05,15,17002,5241,0.3083,1.082,3810.8,760.8,1.7,1493,3.79,27140,13.3309,1275.4,394,29.6,844.7,0.3046,1,43,159.2,1.8547,0.2,191.7,0.0381,1062.6,327.6,부동산,4050,부동산 (업종대분류),4050 중장년 구매력층 (40~59세),대분류
44,대구광역시 북구 침산3동,북구,2723057000,57.47,55.91,76.58,74.32,23.99,76.47,29.87,15,17704,5862,0.3311,0.787,0.0,1401.8,7.6,1418,2.62,27230,1.0462,16922.2,541,517.1,1374.8,0.0,0,27,644.1,1.8583,0.0,658.3,0.0277,1106.5,366.4,부동산,4050,부동산 (업종대분류),4050 중장년 구매력층 (40~59세),대분류
45,대구광역시 수성구 두산동,수성구,2726064000,57.38,62.89,72.21,20.81,57.65,80.07,42.95,52,14840,4908,0.3307,0.949,4499.5,578.8,12.1,3584,2.3,27260,1.8605,7976.4,1558,837.4,524.0,0.4589,1,72,732.3,1.7103,0.3654,622.3,0.0334,280.0,92.6,부동산,4050,부동산 (업종대분류),4050 중장년 구매력층 (40~59세),대분류
46,대구광역시 달서구 신당동,달서구,2729058500,57.2,75.64,46.31,26.84,58.86,76.94,46.98,86,27882,7646,0.2742,0.992,24240.6,734.2,10.0,7236,2.94,27290,9.211,3027.0,2465,267.6,821.4,0.4365,2,113,477.8,1.7073,0.407,387.2,0.0349,320.5,87.9,부동산,4050,부동산 (업종대분류),4050 중장년 구매력층 (40~59세),대분류
47,대구광역시 북구 침산2동,북구,2723056000,57.19,60.87,81.68,69.13,22.32,78.05,10.74,11,17835,6065,0.3401,0.526,0.0,1544.9,10.1,2202,3.71,27230,0.8533,20901.2,593,694.9,1297.3,0.0,0,23,684.5,1.8863,0.0,494.3,0.0185,1486.2,505.4,부동산,4050,부동산 (업종대분류),4050 중장년 구매력층 (40~59세),대분류
48,대구광역시 달서구 도원동,달서구,2729062800,57.15,52.85,69.6,81.72,25.67,59.66,53.02,24,30857,9396,0.3045,1.034,0.0,1270.9,5.7,1977,3.0,27290,11.188,2758.0,659,58.9,1382.2,0.0,0,41,337.0,1.7287,0.0,263.2,0.0364,1234.3,375.8,부동산,4050,부동산 (업종대분류),4050 중장년 구매력층 (40~59세),대분류
49,대구광역시 동구 혁신동,동구,2714075500,56.92,46.51,81.34,32.04,29.03,96.18,79.19,51,16501,5658,0.3429,1.412,0.0,957.5,9.7,8600,8.38,27140,17.0739,966.4,1026,60.1,1007.5,0.0,0,102,1121.3,1.8826,0.0,1051.8,0.0497,317.3,108.8,부동산,4050,부동산 (업종대분류),4050 중장년 구매력층 (40~59세),대분류
50,대구광역시 달서구 죽전동,달서구,2729056300,56.55,69.8,42.55,24.33,81.28,62.89,49.66,34,14344,4117,0.287,1.017,13243.8,391.0,13.9,1402,1.47,27290,0.7849,18274.9,951,1211.6,343.2,0.8107,1,42,580.0,1.8808,0.7647,448.0,0.0358,409.8,117.6,부동산,4050,부동산 (업종대분류),4050 중장년 구매력층 (40~59세),대분류
51,대구광역시 동구 불로·봉무동,동구,2714062000,56.48,54.77,81.61,59.56,16.95,90.98,31.54,35,19381,6495,0.3351,0.793,0.0,3106.1,7.2,4178,3.33,27140,7.6608,2529.9,1256,164.0,2945.5,0.0008,0,57,1075.7,1.7038,0.0,1034.4,0.0279,538.4,180.4,부동산,4050,부동산 (업종대분류),4050 중장년 구매력층 (40~59세),대분류
52,대구광역시 북구 읍내동,북구,2723077000,56.47,57.78,71.14,59.23,28.69,57.85,59.4,38,24576,7656,0.3115,1.088,0.0,975.6,8.2,1572,1.59,27230,5.6904,4318.9,991,174.2,977.2,0.0,0,37,601.6,1.7105,0.0,341.3,0.0383,630.2,196.3,부동산,4050,부동산 (업종대분류),4050 중장년 구매력층 (40~59세),대분류
53,대구광역시 달서구 이곡2동,달서구,2729057700,55.82,45.34,62.01,64.6,48.19,95.43,33.56,25,14054,4400,0.3131,0.818,0.0,757.0,5.0,4290,4.94,27290,2.2612,6215.3,869,384.3,594.7,0.6479,0,81,1744.6,1.7889,0.6,1307.6,0.0288,540.5,169.2,부동산,4050,부동산 (업종대분류),4050 중장년 구매력층 (40~59세),대분류
54,대구광역시 수성구 만촌1동,수성구,2726055000,55.79,56.54,71.01,86.92,24.66,64.09,14.77,17,20174,6347,0.3146,0.568,0.0,1295.7,3.6,2268,2.67,27260,2.6991,7474.3,851,315.3,1236.9,0.0,0,39,434.8,1.9356,0.0,315.9,0.02,1120.8,352.6,부동산,4050,부동산 (업종대분류),4050 중장년 구매력층 (40~59세),대분류
55,대구광역시 서구 내당1동,서구,2717051000,55.7,54.63,56.18,31.71,44.43,73.96,92.62,31,14683,4471,0.3045,1.909,0.0,660.2,13.9,1153,2.5,27170,0.5707,25728.1,461,807.8,613.4,0.3362,0,27,826.7,1.842,0.1613,628.4,0.0672,458.8,139.7,부동산,4050,부동산 (업종대분류),4050 중장년 구매력층 (40~59세),대분류
56,대구광역시 달서구 송현2동,달서구,2729064000,54.83,74.03,43.62,46.3,67.98,43.05,24.5,27,17618,4985,0.2829,0.759,7829.2,460.7,10.5,831,0.82,27290,0.9693,18176.0,1011,1043.0,449.2,0.6281,1,33,378.6,1.7597,0.5926,323.9,0.0267,629.2,178.0,부동산,4050,부동산 (업종대분류),4050 중장년 구매력층 (40~59세),대분류
57,대구광역시 달서구 송현1동,달서구,2729063000,54.81,57.58,51.81,40.6,87.05,34.0,46.31,29,15927,4691,0.2945,0.983,6693.2,293.8,11.1,743,0.89,27290,2.4579,6479.9,837,340.5,366.2,0.7921,1,22,209.0,1.8609,0.9655,237.3,0.0346,530.9,156.4,부동산,4050,부동산 (업종대분류),4050 중장년 구매력층 (40~59세),대분류
58,대구광역시 중구 남산2동,중구,2711065000,54.79,55.0,35.84,4.03,97.65,69.46,89.26,35,7394,2173,0.2939,1.676,82629.0,215.1,21.4,863,1.46,27110,0.3916,18881.5,593,1514.3,289.0,1.0,4,11,1474.2,1.9141,1.0,945.8,0.059,205.4,60.4,부동산,4050,부동산 (업종대분류),4050 중장년 구매력층 (40~59세),대분류
59,대구광역시 남구 대명2동,남구,2720057100,53.58,65.84,28.19,27.18,90.6,38.76,66.44,33,15229,4093,0.2688,1.173,7568.7,244.4,12.9,780,0.98,27200,0.8755,17394.6,799,912.6,253.3,0.9862,1,20,331.0,1.8046,0.9697,275.8,0.0413,447.9,120.4,부동산,4050,부동산 (업종대분류),4050 중장년 구매력층 (40~59세),대분류
60,대구광역시 달성군 옥포읍,달성군,2771026200,53.47,47.35,74.63,77.52,16.61,28.32,73.83,34,22138,7021,0.3171,1.321,0.0,3662.5,3.1,937,1.28,27710,47.4421,466.6,731,15.4,4106.1,0.0,0,39,152.0,1.7783,0.0,84.6,0.0465,632.5,200.6,부동산,4050,부동산 (업종대분류),4050 중장년 구매력층 (40~59세),대분류
61,대구광역시 중구 대봉1동,중구,2711068000,52.62,57.38,49.8,13.08,97.45,72.52,16.11,23,7666,2391,0.3119,0.585,19088.4,206.0,17.6,1613,1.44,27110,0.5627,13623.6,1117,1985.1,194.3,1.0,2,23,833.7,1.8237,1.0,896.0,0.0206,319.4,99.6,부동산,4050,부동산 (업종대분류),4050 중장년 구매력층 (40~59세),대분류
62,대구광역시 북구 고성동,북구,2723051000,52.57,55.74,46.04,34.74,60.23,48.46,75.5,24,14603,4236,0.2901,1.358,0.0,442.2,15.2,694,1.38,27230,0.52,28082.7,502,965.4,502.8,0.4641,0,9,698.5,1.5975,0.5417,321.3,0.0478,584.1,169.4,부동산,4050,부동산 (업종대분류),4050 중장년 구매력층 (40~59세),대분류
63,대구광역시 수성구 수성4가동,수성구,2726059000,52.51,52.15,59.87,32.55,65.77,42.08,59.4,26,12798,4051,0.3165,1.088,0.0,435.4,14.1,423,0.62,27260,0.6138,20850.4,678,1104.6,395.7,0.7478,0,14,458.2,1.9008,0.7308,391.9,0.0383,474.0,150.0,부동산,4050,부동산 (업종대분류),4050 중장년 구매력층 (40~59세),대분류
64,대구광역시 동구 신천1·2동,동구,2714055500,52.41,55.64,28.72,69.3,89.19,17.75,44.3,13,10994,3059,0.2782,0.963,9575.6,277.5,6.8,301,0.78,27140,0.4677,23506.5,384,821.0,304.5,0.8438,1,10,149.9,1.8643,0.9231,100.3,0.0339,785.3,218.5,부동산,4050,부동산 (업종대분류),4050 중장년 구매력층 (40~59세),대분류
65,대구광역시 중구 성내3동,중구,2711058500,52.39,55.77,36.64,21.48,84.84,26.54,97.32,35,13643,3868,0.2835,2.239,5778.9,332.9,13.0,259,0.58,27110,0.7455,18300.5,444,595.6,332.9,0.9302,1,12,257.9,1.9273,0.9714,258.5,0.0788,379.0,107.4,부동산,4050,부동산 (업종대분류),4050 중장년 구매력층 (40~59세),대분류
66,대구광역시 달성군 구지면,달성군,2771038000,52.36,43.89,78.79,51.18,13.93,46.71,89.93,41,18847,6248,0.3315,1.682,0.0,16842.6,8.0,2321,3.35,27710,39.6367,475.5,693,17.5,17209.4,0.0,0,59,87.9,1.65,0.0,75.0,0.0592,448.7,148.8,부동산,4050,부동산 (업종대분류),4050 중장년 구매력층 (40~59세),대분류
67,대구광역시 남구 이천동,남구,2720051500,52.23,45.7,59.73,71.47,57.79,18.12,53.69,18,14245,4426,0.3107,1.04,0.0,518.3,6.1,350,0.71,27200,1.0429,13659.0,492,471.8,549.3,0.628,0,12,288.2,1.8983,0.6111,124.3,0.0366,749.7,232.9,부동산,4050,부동산 (업종대분류),4050 중장년 구매력층 (40~59세),대분류
68,대구광역시 수성구 중동,수성구,2726061000,52.19,53.09,74.49,36.41,27.01,55.1,63.42,32,14422,4827,0.3347,1.125,0.0,1193.3,11.6,1100,1.36,27260,0.948,15213.1,808,852.3,1056.8,0.0334,0,38,386.9,1.9604,0.0,383.9,0.0396,437.0,146.3,부동산,4050,부동산 (업종대분류),4050 중장년 구매력층 (40~59세),대분류
69,대구광역시 달서구 성당동,달서구,2729051500,51.56,60.67,62.28,52.85,28.36,49.6,37.58,32,19920,6063,0.3044,0.867,0.0,994.9,9.5,2331,2.22,27290,1.9869,10025.7,1049,528.0,917.0,0.0143,0,41,251.2,1.8319,0.0,191.6,0.0305,603.6,183.7,부동산,4050,부동산 (업종대분류),4050 중장년 구매력층 (40~59세),대분류
70,대구광역시 동구 동촌동,동구,2714065500,51.42,43.19,35.71,81.04,60.13,72.89,28.52,15,13815,3895,0.2819,0.77,4475.3,524.5,3.5,1690,3.05,27140,4.4612,3096.7,554,124.2,510.3,0.4116,1,31,352.6,1.7752,0.4,411.3,0.0271,863.4,243.4,부동산,4050,부동산 (업종대분류),4050 중장년 구매력층 (40~59세),대분류
71,대구광역시 달성군 현풍읍,달성군,2771026500,51.37,54.8,66.04,32.22,14.6,79.2,67.79,58,20887,6438,0.3082,1.199,0.0,12289.7,9.8,3238,2.36,27710,24.3321,858.4,1373,56.4,12264.0,0.0,0,76,500.4,1.6722,0.0,618.7,0.0422,354.0,109.1,부동산,4050,부동산 (업종대분류),4050 중장년 구매력층 (40~59세),대분류
72,대구광역시 서구 원대동,서구,2717069500,51.08,48.56,39.2,52.01,93.09,36.54,32.55,12,9963,2922,0.2933,0.804,7453.5,212.4,11.1,475,1.12,27170,0.6219,16020.3,424,681.8,291.4,0.9009,1,18,230.3,1.6358,1.0,263.6,0.0283,766.4,224.8,부동산,4050,부동산 (업종대분류),4050 중장년 구매력층 (40~59세),대분류
73,대구광역시 달서구 상인2동,달서구,2729062500,51.04,65.0,39.87,51.01,54.23,54.93,22.82,28,16737,4668,0.2789,0.67,0.0,522.7,8.8,927,0.78,27290,0.9567,17494.5,1185,1238.6,510.6,0.5401,0,33,566.3,1.6938,0.4286,579.6,0.0236,577.1,161.0,부동산,4050,부동산 (업종대분류),4050 중장년 구매력층 (40~59세),대분류
74,대구광역시 수성구 파동,수성구,2726063000,51.03,38.99,71.68,92.96,21.98,13.16,64.43,13,17133,5487,0.3203,1.134,0.0,1624.3,2.4,264,0.81,27260,5.4129,3165.2,326,60.2,1661.7,0.0,0,13,28.4,1.8928,0.0,23.8,0.0399,1223.8,391.9,부동산,4050,부동산 (업종대분류),4050 중장년 구매력층 (40~59세),대분류
75,대구광역시 달서구 장기동,달서구,2729056800,50.93,48.05,71.35,30.04,43.29,43.29,69.13,37,15347,4959,0.3231,1.242,0.0,773.7,13.5,958,1.13,27290,2.76,5560.5,846,306.5,906.7,0.1548,0,34,327.3,1.8569,0.3784,280.6,0.0437,403.9,130.5,부동산,4050,부동산 (업종대분류),4050 중장년 구매력층 (40~59세),대분류
76,대구광역시 수성구 황금2동,수성구,2726060200,50.55,53.02,59.19,4.7,57.65,52.68,81.88,53,11770,3731,0.317,1.463,2213.9,546.0,21.5,1605,1.56,27260,1.1892,9897.4,1030,866.1,557.5,0.4214,1,58,395.5,1.9253,0.3774,294.1,0.0515,218.0,69.1,부동산,4050,부동산 (업종대분류),4050 중장년 구매력층 (40~59세),대분류
77,대구광역시 달서구 두류3동,달서구,2729055000,50.48,48.08,33.89,48.49,94.36,63.09,15.44,16,8931,2554,0.286,0.582,14138.0,265.8,8.9,954,1.22,27290,1.2035,7420.9,781,648.9,263.5,0.9104,1,23,712.8,1.7883,1.0,619.4,0.0205,525.4,150.2,부동산,4050,부동산 (업종대분류),4050 중장년 구매력층 (40~59세),대분류
78,대구광역시 달서구 본동,달서구,2729065000,50.14,42.75,62.02,35.4,26.34,71.24,85.23,29,13148,4166,0.3169,1.605,0.0,1248.4,11.6,1481,2.89,27290,1.0557,12454.3,513,485.9,1394.5,0.0,0,31,371.6,1.8481,0.0,419.6,0.0565,438.3,138.9,부동산,4050,부동산 (업종대분류),4050 중장년 구매력층 (40~59세),대분류
79,대구광역시 동구 지저동,동구,2714064000,50.14,41.98,23.76,91.28,69.19,68.46,18.79,8,12323,3306,0.2683,0.599,9062.4,463.0,2.2,2021,5.32,27140,2.2358,5511.7,380,170.0,469.2,0.5684,1,12,412.7,1.6623,0.625,302.4,0.0211,1369.2,367.3,부동산,4050,부동산 (업종대분류),4050 중장년 구매력층 (40~59세),대분류
80,대구광역시 동구 신암2동,동구,2714052000,49.85,47.31,52.35,61.24,48.89,39.03,47.65,12,11446,3539,0.3092,1.003,0.0,594.4,9.6,357,1.05,27140,0.3625,31575.2,340,937.9,610.1,0.3059,0,13,392.6,1.7582,0.3333,307.2,0.0353,880.5,272.2,부동산,4050,부동산 (업종대분류),4050 중장년 구매력층 (40~59세),대분류
81,대구광역시 중구 대봉2동,중구,2711069000,49.53,41.61,49.4,17.78,86.57,28.86,86.24,17,5933,1894,0.3192,1.611,3410.6,305.5,15.0,179,0.6,27110,0.2744,21621.7,300,1093.3,300.2,1.0,1,8,220.2,1.8838,1.0,268.7,0.0567,329.6,105.2,부동산,4050,부동산 (업종대분류),4050 중장년 구매력층 (40~59세),대분류
82,대구광역시 남구 대명5동,남구,2720060000,49.44,46.84,30.6,28.69,86.98,67.52,51.68,22,8896,2525,0.2838,1.028,11071.1,284.6,11.0,2694,4.44,27200,0.74,12021.6,607,820.3,256.8,0.8666,1,20,557.7,1.8206,0.8182,294.0,0.0362,386.8,109.8,부동산,4050,부동산 (업종대분류),4050 중장년 구매력층 (40~59세),대분류
83,대구광역시 동구 효목2동,동구,2714060000,49.21,53.26,42.42,85.74,37.75,53.52,8.72,11,14147,4071,0.2878,0.483,0.0,851.4,3.7,897,1.39,27140,0.761,18590.0,647,850.2,915.3,0.085,0,26,459.9,1.8141,0.0909,371.0,0.017,1178.9,339.2,부동산,4050,부동산 (업종대분류),4050 중장년 구매력층 (40~59세),대분류
84,대구광역시 달성군 논공읍,달성군,2771025300,49.09,42.72,81.34,46.81,15.27,34.43,72.48,47,14804,5224,0.3529,1.307,0.0,7727.9,5.4,1664,1.63,27710,44.0501,336.1,1021,23.2,8220.1,0.0,0,42,76.6,1.7366,0.0,55.0,0.046,308.4,108.8,부동산,4050,부동산 (업종대분류),4050 중장년 구매력층 (40~59세),대분류
85,대구광역시 중구 대신동,중구,2711059500,49.07,58.89,40.94,31.54,83.49,56.92,2.68,18,7249,2202,0.3038,0.19,13433.4,365.7,10.8,1301,0.48,27110,0.4899,14796.9,2688,5486.8,169.9,0.9699,1,11,1548.5,0.6257,0.7778,755.7,0.0067,381.5,115.9,부동산,4050,부동산 (업종대분류),4050 중장년 구매력층 (40~59세),대분류
86,대구광역시 수성구 만촌2동,수성구,2726056000,48.98,38.96,73.56,46.48,44.16,27.79,62.08,24,13080,4424,0.3382,1.114,0.0,679.4,10.4,469,0.77,27260,1.9514,6702.9,612,313.6,658.5,0.3431,0,17,172.3,1.9354,0.2917,206.1,0.0392,523.2,177.0,부동산,4050,부동산 (업종대분류),4050 중장년 구매력층 (40~59세),대분류
87,대구광역시 서구 내당4동,서구,2717054000,48.55,54.77,35.84,55.7,44.96,59.93,38.59,25,14119,3975,0.2815,0.875,0.0,666.2,7.1,1151,1.42,27170,0.8127,17373.0,812,999.1,644.9,0.2352,0,30,493.5,1.7588,0.28,426.8,0.0308,543.0,152.9,부동산,4050,부동산 (업종대분류),4050 중장년 구매력층 (40~59세),대분류
88,대구광역시 남구 대명1동,남구,2720056000,48.25,49.7,32.35,22.82,78.12,28.72,88.59,20,9242,2631,0.2847,1.671,7928.3,391.4,16.6,142,0.42,27200,0.4605,20069.5,340,738.3,313.8,0.8971,1,10,202.5,1.8727,0.7,295.2,0.0588,440.1,125.3,부동산,4050,부동산 (업종대분류),4050 중장년 구매력층 (40~59세),대분류
89,대구광역시 서구 평리4동,서구,2717065000,48.19,61.71,54.63,71.31,25.34,30.5,12.08,18,15025,4526,0.3012,0.537,0.0,1280.3,6.8,553,0.58,27170,0.7453,20159.7,950,1274.7,1310.9,0.0,0,29,308.6,1.72,0.0,263.4,0.0189,790.8,238.2,부동산,4050,부동산 (업종대분류),4050 중장년 구매력층 (40~59세),대분류
90,대구광역시 서구 상중이동,서구,2717067500,48.09,51.27,57.32,65.6,24.33,51.34,26.17,32,16863,5073,0.3008,0.761,0.0,1397.0,4.1,3259,2.72,27170,6.7768,2488.3,1196,176.5,1380.9,0.0125,0,73,191.9,1.8364,0.0,162.2,0.0268,511.0,153.7,부동산,4050,부동산 (업종대분류),4050 중장년 구매력층 (40~59세),대분류
91,대구광역시 동구 공산동,동구,2714076000,47.04,45.17,58.52,72.82,15.6,39.6,45.64,26,19708,5877,0.2982,0.98,0.0,6084.0,5.1,1875,2.49,27140,83.2696,236.7,754,9.1,7174.6,0.0,0,67,61.0,1.6036,0.0,62.9,0.0345,729.9,217.7,부동산,4050,부동산 (업종대분류),4050 중장년 구매력층 (40~59세),대분류
92,대구광역시 북구 관음동,북구,2723075000,46.6,37.78,61.07,86.24,22.65,46.0,21.14,13,13689,4276,0.3124,0.634,0.0,1535.3,2.8,1198,2.05,27230,3.0672,4463.0,584,190.4,1468.8,0.0,0,23,374.4,1.7842,0.0,203.5,0.0223,977.8,305.4,부동산,4050,부동산 (업종대분류),4050 중장년 구매력층 (40~59세),대분류
93,대구광역시 중구 남산3동,중구,2711066000,46.52,35.81,43.36,17.78,89.6,39.53,70.47,14,5779,1801,0.3116,1.27,5728.2,213.5,21.3,404,1.29,27110,0.4076,14178.1,313,767.9,254.0,0.9968,1,10,293.4,1.8445,0.9286,267.2,0.0447,385.3,120.1,부동산,4050,부동산 (업종대분류),4050 중장년 구매력층 (40~59세),대분류
94,대구광역시 동구 방촌동,동구,2714067000,46.09,51.51,35.98,90.1,30.03,42.85,11.41,11,16714,4579,0.274,0.528,0.0,913.3,3.5,638,1.08,27140,1.2248,13646.3,592,483.3,972.5,0.0,0,22,212.6,1.7373,0.0,318.3,0.0186,1392.8,381.6,부동산,4050,부동산 (업종대분류),4050 중장년 구매력층 (40~59세),대분류
95,대구광역시 남구 대명4동,남구,2720059000,45.93,46.07,17.72,59.23,73.09,61.0,26.17,17,9003,2386,0.265,0.761,7282.1,434.2,4.5,1742,2.74,27200,0.76,11846.1,635,835.5,536.5,0.3512,1,20,496.8,1.7378,0.6471,297.9,0.0268,500.2,132.6,부동산,4050,부동산 (업종대분류),4050 중장년 구매력층 (40~59세),대분류
96,대구광역시 수성구 범물1동,수성구,2726066100,45.76,34.66,14.76,55.7,92.55,66.84,34.9,11,9654,2337,0.2421,0.844,11108.8,266.4,9.0,781,2.11,27260,5.8003,1664.4,370,63.8,338.1,0.9676,2,13,815.3,1.6642,1.0,605.8,0.0297,804.5,194.8,부동산,4050,부동산 (업종대분류),4050 중장년 구매력층 (40~59세),대분류
97,대구광역시 달서구 월성2동,달서구,2729060200,45.73,31.98,38.52,77.35,19.8,75.17,63.42,18,13435,3835,0.2854,1.125,0.0,1871.1,3.2,2943,6.47,27290,7.6185,1763.5,455,59.7,1831.7,0.0,0,41,250.2,1.7894,0.0,325.9,0.0396,707.1,201.8,부동산,4050,부동산 (업종대분류),4050 중장년 구매력층 (40~59세),대분류
98,대구광역시 동구 신천4동,동구,2714058000,45.7,58.32,38.99,17.28,41.82,97.58,17.79,37,12937,3700,0.286,0.597,0.0,738.9,14.5,6933,3.94,27140,0.7957,16258.6,1759,2210.6,655.2,0.3627,0,85,2660.8,1.7119,0.2162,2492.1,0.021,340.4,97.4,부동산,4050,부동산 (업종대분류),4050 중장년 구매력층 (40~59세),대분류
99,대구광역시 남구 대명3동,남구,2720058600,45.35,56.34,25.9,9.74,75.77,46.41,58.05,36,12166,3283,0.2699,1.082,5897.8,413.8,20.5,1055,1.12,27200,0.9315,13060.7,944,1013.4,415.9,0.7119,1,20,338.9,1.8061,0.7778,308.2,0.0381,328.8,88.7,부동산,4050,부동산 (업종대분류),4050 중장년 구매력층 (40~59세),대분류
100,대구광역시 남구 대명6동,남구,2720061000,45.12,33.83,46.44,12.76,67.45,44.56,91.95,35,10276,3112,0.3028,1.776,0.0,403.3,15.4,857,1.53,27200,1.5709,6541.5,560,356.5,385.9,0.675,0,13,329.3,1.9196,0.6857,261.2,0.0625,285.4,86.4,부동산,4050,부동산 (업종대분류),4050 중장년 구매력층 (40~59세),대분류
101,대구광역시 서구 비산7동,서구,2717061000,44.62,40.94,38.25,70.31,66.71,31.98,9.4,14,9260,2708,0.2924,0.489,2543.2,459.9,4.1,1162,1.43,27170,2.584,3583.6,815,315.4,513.8,0.4699,1,25,189.6,1.6054,0.6429,84.9,0.0172,617.3,180.5,부동산,4050,부동산 (업종대분류),4050 중장년 구매력층 (40~59세),대분류
102,대구광역시 중구 남산1동,중구,2711064000,44.46,42.95,26.98,6.04,89.53,78.49,39.93,21,5062,1458,0.288,0.878,12121.7,325.0,17.8,1968,2.89,27110,0.4193,12072.5,680,1621.8,253.0,1.0,2,25,713.6,2.0125,1.0,609.5,0.0309,230.1,66.3,부동산,4050,부동산 (업종대분류),4050 중장년 구매력층 (40~59세),대분류
103,대구광역시 북구 대현동,북구,2723064500,44.09,58.89,32.62,22.48,39.2,33.32,73.15,37,15618,4260,0.2728,1.313,0.0,878.5,14.0,786,0.98,27230,0.855,18266.7,801,936.8,879.3,0.1423,0,23,239.0,1.7877,0.2432,215.8,0.0462,411.0,112.1,부동산,4050,부동산 (업종대분류),4050 중장년 구매력층 (40~59세),대분류
104,대구광역시 서구 비산1동,서구,2717055000,43.97,34.9,34.63,88.42,76.31,16.64,2.01,1,7738,2253,0.2912,0.134,0.0,379.0,5.0,94,0.44,27170,0.4334,17854.2,213,491.5,505.0,0.5352,0,4,115.3,1.5363,1.0,168.0,0.0047,3869.0,1126.5,부동산,4050,부동산 (업종대분류),4050 중장년 구매력층 (40~59세),대분류
105,대구광역시 남구 봉덕3동,남구,2720055000,43.47,44.29,49.26,34.9,36.75,34.8,61.07,33,14003,4161,0.2972,1.094,0.0,885.7,10.6,902,1.05,27200,3.0696,4561.8,858,279.5,904.0,0.1096,0,23,221.5,1.8839,0.0909,214.8,0.0385,411.9,122.4,부동산,4050,부동산 (업종대분류),4050 중장년 구매력층 (40~59세),대분류
106,대구광역시 중구 동인동,중구,2711051700,43.32,47.95,27.25,45.98,42.42,88.19,14.09,21,10997,3034,0.2759,0.565,0.0,666.6,8.8,2997,2.84,27110,0.9707,11328.9,1055,1086.8,664.1,0.1223,0,30,902.8,1.8018,0.0952,1077.1,0.0199,499.9,137.9,부동산,4050,부동산 (업종대분류),4050 중장년 구매력층 (40~59세),대분류
107,대구광역시 동구 해안동,동구,2714068500,42.42,40.2,26.85,88.42,56.14,25.37,7.72,8,12925,3513,0.2718,0.477,11140.2,599.2,4.1,480,1.01,27140,13.264,974.4,475,35.8,755.4,0.0589,2,23,160.5,1.8161,0.125,163.9,0.0168,1436.1,390.3,부동산,4050,부동산 (업종대분류),4050 중장년 구매력층 (40~59세),대분류
108,대구광역시 북구 산격2동,북구,2723062000,42.34,40.84,37.31,65.6,17.62,98.12,3.36,15,9376,2710,0.289,0.338,0.0,2824.0,4.9,10440,8.27,27230,2.3539,3983.2,1263,536.6,2945.4,0.0,0,84,2052.4,1.5111,0.0,1327.8,0.0119,586.0,169.4,부동산,4050,부동산 (업종대분류),4050 중장년 구매력층 (40~59세),대분류
109,대구광역시 동구 신암3동,동구,2714053000,41.88,43.69,31.41,10.07,41.47,48.32,99.33,37,11150,3126,0.2804,2.654,0.0,670.7,16.1,616,1.56,27140,0.6012,18546.2,396,658.7,734.3,0.0581,0,13,452.5,1.8895,0.0541,307.0,0.0934,293.4,82.3,부동산,4050,부동산 (업종대분류),4050 중장년 구매력층 (40~59세),대분류
110,대구광역시 서구 내당2·3동,서구,2717052500,41.81,37.48,29.13,30.87,67.05,40.1,60.4,17,8091,2299,0.2841,1.091,0.0,412.8,12.7,287,0.65,27170,0.4967,16289.5,443,891.9,456.6,0.6524,0,13,339.8,1.6893,0.7059,387.2,0.0384,449.5,127.7,부동산,4050,부동산 (업종대분류),4050 중장년 구매력층 (40~59세),대분류
111,대구광역시 남구 대명10동,남구,2720065000,41.51,50.97,15.57,16.61,86.04,47.18,29.87,18,7805,2085,0.2671,0.787,15387.0,404.2,16.6,444,0.68,27200,0.5166,15108.4,650,1258.2,375.5,0.8677,1,12,574.8,1.8044,1.0,520.3,0.0277,410.8,109.7,부동산,4050,부동산 (업종대분류),4050 중장년 구매력층 (40~59세),대분류
112,대구광역시 중구 성내2동,중구,2711057500,41.47,47.95,21.48,10.58,76.64,91.04,6.04,40,9263,2499,0.2698,0.432,0.0,313.5,14.5,6799,2.59,27110,0.9226,10040.1,2628,2848.5,283.2,0.933,0,67,2751.4,1.6254,0.9,1924.1,0.0152,225.9,61.0,부동산,4050,부동산 (업종대분류),4050 중장년 구매력층 (40~59세),대분류
113,대구광역시 북구 노원동,북구,2723079000,41.04,41.04,39.33,42.96,41.01,30.94,51.68,40,10954,3163,0.2888,1.028,0.0,805.8,4.4,1224,1.11,27230,3.0536,3587.2,1104,361.5,693.4,0.3207,0,44,266.5,1.7025,0.3,154.3,0.0362,267.2,77.1,부동산,4050,부동산 (업종대분류),4050 중장년 구매력층 (40~59세),대분류
114,대구광역시 서구 평리3동,서구,2717064000,40.73,45.51,45.37,27.52,22.99,35.84,68.46,28,12090,3579,0.296,1.23,0.0,1530.2,13.7,808,1.25,27170,0.7793,15513.9,647,830.2,1448.3,0.0,0,17,230.2,1.772,0.0,194.7,0.0433,416.9,123.4,부동산,4050,부동산 (업종대분류),4050 중장년 구매력층 (40~59세),대분류
115,대구광역시 서구 평리5동,서구,2717066000,40.58,43.12,28.18,44.46,20.3,26.27,96.64,14,10531,2930,0.2782,2.139,0.0,1807.8,12.5,224,1.2,27170,0.4071,25868.3,186,456.9,1832.0,0.0,0,9,214.6,1.864,0.0,166.5,0.0753,702.1,195.3,부동산,4050,부동산 (업종대분류),4050 중장년 구매력층 (40~59세),대분류
116,대구광역시 수성구 상동,수성구,2726062000,40.42,50.27,50.61,10.4,25.0,19.23,79.87,50,13938,4169,0.2991,1.44,0.0,1294.9,15.9,678,0.69,27260,1.3277,10497.9,986,742.6,1288.9,0.0,0,28,118.7,1.9138,0.0,95.3,0.0507,273.3,81.7,부동산,4050,부동산 (업종대분류),4050 중장년 구매력층 (40~59세),대분류
117,대구광역시 중구 성내1동,중구,2711056500,40.06,52.62,6.31,3.52,89.9,83.26,6.71,53,5527,1189,0.2151,0.443,30098.1,316.4,20.5,4750,1.39,27110,0.759,7281.9,3406,4487.5,324.3,0.8908,1,64,2242.4,1.7374,0.9057,2346.2,0.0156,102.4,22.0,부동산,4050,부동산 (업종대분류),4050 중장년 구매력층 (40~59세),대분류
118,대구광역시 남구 대명9동,남구,2720064000,39.48,40.1,48.86,44.8,34.73,31.27,26.17,21,13110,3942,0.3007,0.761,0.0,728.0,11.0,762,0.97,27200,3.1401,4175.0,785,250.0,817.3,0.0038,0,28,184.2,1.8211,0.0,198.6,0.0268,595.9,179.2,부동산,4050,부동산 (업종대분류),4050 중장년 구매력층 (40~59세),대분류
119,대구광역시 서구 평리2동,서구,2717063000,38.98,35.97,44.83,88.59,26.01,14.96,5.37,3,6820,2118,0.3106,0.415,0.0,1258.9,4.7,115,0.56,27170,0.2781,24523.6,206,740.7,1200.3,0.0,0,6,152.3,1.7598,0.0,148.7,0.0146,1705.0,529.5,부동산,4050,부동산 (업종대분류),4050 중장년 구매력층 (40~59세),대분류
120,대구광역시 서구 비산5동,서구,2717059000,38.6,36.08,10.6,48.66,94.03,17.99,24.5,9,4744,1264,0.2664,0.759,7774.7,205.1,7.3,128,0.38,27170,0.3445,13770.7,337,978.2,201.9,1.0,2,4,204.0,1.6091,1.0,186.6,0.0267,474.4,126.4,부동산,4050,부동산 (업종대분류),4050 중장년 구매력층 (40~59세),대분류
121,대구광역시 동구 신암1동,동구,2714051000,38.49,44.16,33.83,22.48,27.35,28.79,81.21,27,10781,3064,0.2842,1.457,0.0,1139.7,13.2,394,0.75,27140,0.606,17790.4,526,868.0,1051.5,0.0,0,10,436.8,1.7965,0.0,232.7,0.0513,385.0,109.4,부동산,4050,부동산 (업종대분류),4050 중장년 구매력층 (40~59세),대분류
122,대구광역시 동구 신암5동,동구,2714054100,38.36,29.5,21.74,78.86,61.81,19.47,21.14,7,7315,2027,0.2771,0.634,0.0,436.6,4.3,300,0.96,27140,0.5467,13380.3,314,574.4,366.8,0.9108,0,9,165.0,1.672,0.5714,119.6,0.0223,914.4,253.4,부동산,4050,부동산 (업종대분류),4050 중장년 구매력층 (40~59세),대분류
123,대구광역시 중구 삼덕동,중구,2711054500,38.14,44.83,13.56,2.35,61.94,87.12,36.24,46,7460,1951,0.2615,0.855,0.0,456.9,22.1,3487,2.29,27110,0.644,11583.9,1526,2369.6,480.0,0.5839,0,70,1719.3,1.8185,0.6957,1648.2,0.0301,158.7,41.5,부동산,4050,부동산 (업종대분류),4050 중장년 구매력층 (40~59세),대분류
124,대구광역시 남구 봉덕2동,남구,2720054000,38.09,33.69,48.86,35.57,23.32,6.51,87.25,27,12852,3867,0.3009,1.631,0.0,1476.9,11.4,66,0.14,27200,3.0276,4244.9,470,155.2,1539.8,0.0,0,4,59.5,1.8229,0.0,53.1,0.0574,459.0,138.1,부동산,4050,부동산 (업종대분류),4050 중장년 구매력층 (40~59세),대분류
125,대구광역시 서구 비산6동,서구,2717060000,37.9,35.44,29.53,36.58,29.7,23.59,90.6,14,6319,1822,0.2883,1.767,0.0,913.8,10.1,200,0.89,27170,0.2715,23274.4,225,828.7,935.7,0.0,0,7,166.1,1.6884,0.0,170.7,0.0622,421.3,121.5,부동산,4050,부동산 (업종대분류),4050 중장년 구매력층 (40~59세),대분류
126,대구광역시 동구 효목1동,동구,2714059000,37.2,40.84,23.63,49.0,42.08,26.98,38.59,24,11472,3092,0.2695,0.875,0.0,752.7,7.1,901,1.16,27140,1.4646,7832.9,779,531.9,849.0,0.1592,0,32,179.1,1.7622,0.25,97.6,0.0308,458.9,123.7,부동산,4050,부동산 (업종대분류),4050 중장년 구매력층 (40~59세),대분류
127,대구광역시 서구 비산4동,서구,2717058000,36.74,37.68,31.41,68.96,31.38,18.89,22.15,7,8143,2327,0.2858,0.639,0.0,852.0,8.0,256,0.82,27170,0.434,18762.7,311,716.6,872.3,0.0579,0,12,200.0,1.7548,0.0,142.6,0.0225,1017.9,290.9,부동산,4050,부동산 (업종대분류),4050 중장년 구매력층 (40~59세),대분류
128,대구광역시 남구 봉덕1동,남구,2720053000,35.72,39.57,36.11,41.1,39.13,22.45,23.49,17,7680,2255,0.2936,0.742,0.0,800.8,9.3,448,0.69,27200,0.4881,15734.5,651,1333.7,815.4,0.192,0,12,195.9,1.7448,0.1176,166.6,0.0261,426.7,125.3,부동산,4050,부동산 (업종대분류),4050 중장년 구매력층 (40~59세),대분류
129,대구광역시 남구 대명11동,남구,2720066000,33.31,30.84,15.71,63.93,46.14,39.33,4.7,8,7152,1927,0.2694,0.369,0.0,595.8,7.4,711,1.16,27200,0.8477,8436.9,614,724.3,687.2,0.0537,0,19,454.2,1.5689,0.125,266.2,0.013,794.7,214.1,부동산,4050,부동산 (업종대분류),4050 중장년 구매력층 (40~59세),대분류
130,대구광역시 달서구 상인3동,달서구,2729062600,33.03,25.64,15.84,80.04,23.66,46.04,20.13,8,9445,2350,0.2488,0.625,0.0,1420.4,4.1,464,1.28,27290,3.3085,2854.8,363,109.7,1319.7,0.0,0,13,327.8,1.7064,0.0,325.2,0.022,1049.4,261.1,부동산,4050,부동산 (업종대분류),4050 중장년 구매력층 (40~59세),대분류
131,대구광역시 서구 비산2·3동,서구,2717056500,32.9,34.5,13.42,54.86,51.48,21.41,17.79,11,7550,1952,0.2585,0.597,0.0,633.1,7.6,276,0.53,27170,0.555,13603.6,523,942.3,678.0,0.3078,0,13,196.2,1.5586,0.5455,192.2,0.021,629.2,162.7,부동산,4050,부동산 (업종대분류),4050 중장년 구매력층 (40~59세),대분류
132,대구광역시 북구 검단동,북구,2723068000,32.06,14.26,18.92,81.88,17.95,49.26,40.94,6,5414,1506,0.2782,0.898,0.0,2699.5,1.7,574,3.02,27230,3.7681,1436.8,190,50.4,2658.8,0.0,0,6,208.6,1.7306,0.0,228.8,0.0316,773.4,215.1,부동산,4050,부동산 (업종대분류),4050 중장년 구매력층 (40~59세),대분류
133,대구광역시 서구 평리1동,서구,2717062000,32.0,30.6,20.94,70.64,28.02,9.86,28.52,8,6126,1707,0.2786,0.77,0.0,1076.6,4.5,68,0.23,27170,0.3656,16756.0,295,806.9,1031.4,0.0,0,4,102.6,1.7586,0.0,92.8,0.0271,680.7,189.7,부동산,4050,부동산 (업종대분류),4050 중장년 구매력층 (40~59세),대분류
134,대구광역시 북구 산격4동,북구,2723063100,31.91,26.17,18.66,61.07,18.62,48.12,35.57,11,6961,1902,0.2732,0.849,0.0,2326.4,5.6,595,1.62,27230,0.7157,9726.1,368,514.2,2035.1,0.0,0,6,252.6,1.8845,0.0,302.1,0.0299,580.1,158.5,부동산,4050,부동산 (업종대분류),4050 중장년 구매력층 (40~59세),대분류
135,대구광역시 달성군 가창면,달성군,2771031000,30.16,15.84,9.53,50.34,15.94,57.08,78.52,19,6719,1645,0.2448,1.392,0.0,4549.6,2.1,2291,5.9,27710,110.4332,60.8,388,3.5,5522.5,0.0,0,32,134.5,1.676,0.0,168.2,0.049,336.0,82.2,부동산,4050,부동산 (업종대분류),4050 중장년 구매력층 (40~59세),대분류
136,대구광역시 서구 평리6동,서구,2717066100,30.09,19.5,24.97,20.47,20.97,30.27,100.0,17,5391,1536,0.2849,2.776,0.0,1684.8,11.2,317,1.82,27170,0.7464,7222.7,174,233.1,1588.9,0.0,0,10,129.4,1.7879,0.0,131.3,0.0977,299.5,85.3,부동산,4050,부동산 (업종대분류),4050 중장년 구매력층 (40~59세),대분류
137,대구광역시 북구 산격3동,북구,2723063000,30.06,37.48,6.98,28.52,18.96,90.2,12.75,18,8390,1685,0.2008,0.54,0.0,2076.7,9.6,3619,3.82,27230,1.272,6595.9,947,744.5,2105.0,0.0,0,19,1139.1,1.6083,0.0,902.3,0.019,441.6,88.7,부동산,4050,부동산 (업종대분류),4050 중장년 구매력층 (40~59세),대분류
138,대구광역시 북구 산격1동,북구,2723061000,28.56,25.54,11.68,95.64,19.3,9.19,4.03,3,7370,1876,0.2545,0.344,0.0,1976.1,1.7,69,0.28,27230,0.8679,8491.8,247,284.6,2197.3,0.0,0,5,71.8,1.7525,0.0,81.3,0.0121,1842.5,469.0,부동산,4050,부동산 (업종대분류),4050 중장년 구매력층 (40~59세),대분류
139,대구광역시 군위군 군위읍,군위군,2772025000,28.04,22.78,27.11,40.1,11.91,2.35,77.52,27,7901,2237,0.2831,1.372,0.0,30892.0,5.3,0,0.0,27720,82.95,95.3,559,6.7,30678.1,0.0,0,0,0.0,1.7561,0.0,0.0,0.0483,282.2,79.9,부동산,4050,부동산 (업종대분류),4050 중장년 구매력층 (40~59세),대분류
140,대구광역시 달성군 하빈면,달성군,2771033000,26.93,10.0,5.64,45.47,17.28,39.26,94.63,13,3104,694,0.2236,2.085,0.0,2969.6,3.2,850,4.8,27710,37.7234,82.3,177,4.7,3593.4,0.0,0,16,16.9,1.703,0.0,3.3,0.0734,221.7,49.6,부동산,4050,부동산 (업종대분류),4050 중장년 구매력층 (40~59세),대분류
141,대구광역시 북구 복현1동,북구,2723067100,26.39,38.56,6.44,27.02,20.64,26.91,36.91,15,7131,1506,0.2112,0.861,0.0,1763.7,10.4,333,0.67,27230,0.3619,19704.3,495,1367.8,1714.4,0.0,0,10,312.4,1.6966,0.0,231.5,0.0303,445.7,94.1,부동산,4050,부동산 (업종대분류),4050 중장년 구매력층 (40~59세),대분류
142,대구광역시 북구 침산1동,북구,2723055000,26.0,14.23,12.48,47.15,19.8,11.41,80.54,10,3441,928,0.2697,1.449,0.0,1871.1,3.7,115,0.59,27230,1.4697,2341.3,196,133.4,1796.3,0.0,0,6,93.6,1.733,0.0,78.3,0.051,312.8,84.4,부동산,4050,부동산 (업종대분류),4050 중장년 구매력층 (40~59세),대분류
143,대구광역시 동구 도평동,동구,2714061500,22.77,9.9,6.58,99.33,18.29,7.72,0.67,0,3371,812,0.2409,0.0,0.0,2629.1,0.0,41,0.57,27140,19.9271,169.2,72,3.6,2629.1,0.0,0,3,4.2,1.635,0.0,4.2,0.0,3371.0,812.0,부동산,4050,부동산 (업종대분류),4050 중장년 구매력층 (40~59세),대분류
144,대구광역시 군위군 부계면,군위군,2772033000,21.99,8.19,4.57,49.66,14.26,2.35,87.92,9,2106,446,0.2118,1.639,0.0,15753.6,0.4,0,0.0,27720,65.1498,32.3,156,2.4,14132.4,0.0,0,0,0.0,1.5238,0.0,0.0,0.0577,210.6,44.6,부동산,4050,부동산 (업종대분류),4050 중장년 구매력층 (40~59세),대분류
145,대구광역시 군위군 소보면,군위군,2772031000,21.21,7.79,3.09,58.89,11.58,2.35,74.5,3,2221,444,0.1999,1.352,0.0,33736.5,2.0,0,0.0,27720,99.6768,22.3,63,0.6,34386.7,0.0,0,0,0.0,1.6534,0.0,0.0,0.0476,555.2,111.0,부동산,4050,부동산 (업종대분류),4050 중장년 구매력층 (40~59세),대분류
146,대구광역시 군위군 우보면,군위군,2772034000,20.9,7.11,1.34,64.43,12.58,2.35,67.11,2,1937,364,0.1879,1.185,0.0,27766.2,1.0,0,0.0,27720,60.4878,32.0,48,0.8,27265.0,0.0,0,0,0.0,1.6422,0.0,0.0,0.0417,645.7,121.3,부동산,4050,부동산 (업종대분류),4050 중장년 구매력층 (40~59세),대분류
147,대구광역시 군위군 효령면,군위군,2772032000,20.37,9.8,3.49,63.76,13.59,2.35,48.99,5,3639,726,0.1995,1.014,0.0,18907.5,1.2,0,0.0,27720,96.6177,37.7,140,1.4,19823.3,0.0,0,0,0.0,1.6874,0.0,0.0,0.0357,606.5,121.0,부동산,4050,부동산 (업종대분류),4050 중장년 구매력층 (40~59세),대분류
148,대구광역시 군위군 삼국유사면,군위군,2772037000,17.55,6.27,1.47,87.58,12.92,2.35,0.67,0,1330,251,0.1887,0.0,0.0,24412.0,0.0,0,0.0,27720,115.041,11.6,36,0.3,24412.0,0.0,0,0,0.0,1.542,0.0,0.0,0.0,1330.0,251.0,부동산,4050,부동산 (업종대분류),4050 중장년 구매력층 (40~59세),대분류
149,대구광역시 군위군 의흥면,군위군,2772035000,17.52,8.66,1.21,55.87,12.25,2.35,42.28,3,2217,408,0.184,0.926,0.0,27768.4,2.0,0,0.0,27720,54.4298,40.7,92,1.7,27468.0,0.0,0,0,0.0,1.3958,0.0,0.0,0.0326,554.2,102.0,부동산,4050,부동산 (업종대분류),4050 중장년 구매력층 (40~59세),대분류
150,대구광역시 군위군 산성면,군위군,2772036000,16.98,6.84,0.0,84.23,13.26,2.35,0.67,0,1201,217,0.1807,0.0,0.0,21435.4,0.0,0,0.0,27720,36.9047,32.5,45,1.2,21435.4,0.0,0,0,0.0,1.3772,0.0,0.0,0.0,1201.0,217.0,부동산,4050,부동산 (업종대분류),4050 중장년 구매력층 (40~59세),대분류
1,대구광역시 달서구 상인1동,달서구,2729062400,73.8,90.67,64.43,20.13,89.36,83.96,88.93,23,31919,10021,0.314,1.694,20963.7,216.4,12.0,2895,2.76,27290,1.4947,21354.8,1050,702.5,455.1,0.5638,1,54,886.7,1.7616,0.9565,1290.9,0.0219,1330.0,417.5,보건의료,60plus,보건의료 (업종대분류),60대 이상 시니어층,대분류
2,대구광역시 달서구 진천동,달서구,2729061500,68.35,85.24,61.21,38.25,80.34,71.47,56.04,25,49267,14709,0.2986,0.936,33114.2,330.7,5.0,3768,1.83,27290,5.3271,9248.4,2063,387.3,538.6,0.6757,3,95,557.9,1.7891,0.88,794.5,0.0121,1894.9,565.7,보건의료,60plus,보건의료 (업종대분류),60대 이상 시니어층,대분류
3,대구광역시 동구 안심1동,동구,2714072000,68.03,84.53,71.81,35.24,64.56,63.62,69.8,25,37158,13000,0.3499,1.091,15850.8,500.7,5.0,2910,1.64,27140,3.4892,10649.4,1776,509.0,428.2,0.5923,2,56,451.6,1.7618,0.44,592.8,0.0141,1429.2,500.0,보건의료,60plus,보건의료 (업종대분류),60대 이상 시니어층,대분류
4,대구광역시 달서구 용산1동,달서구,2729057100,67.91,83.83,58.26,31.38,72.62,81.28,73.83,15,27808,8205,0.2951,1.16,12948.6,388.8,7.9,2800,2.8,27290,1.4578,19075.3,1001,686.7,500.2,0.5395,1,27,594.5,1.8138,0.7333,1083.9,0.015,1738.0,512.8,보건의료,60plus,보건의료 (업종대분류),60대 이상 시니어층,대분류
5,대구광역시 달성군 화원읍,달성군,2771025000,67.5,76.04,73.15,52.35,86.91,45.77,45.97,15,45354,16040,0.3537,0.766,17158.0,212.6,5.4,2363,1.56,27710,25.9877,1745.2,1512,58.2,477.2,0.6104,2,64,174.0,1.7733,0.8667,243.1,0.0099,2834.6,1002.5,보건의료,60plus,보건의료 (업종대분류),60대 이상 시니어층,대분류
6,대구광역시 달서구 이곡1동,달서구,2729057600,66.29,70.04,54.9,28.02,89.13,90.74,76.51,13,19663,6000,0.3051,1.199,15640.1,248.4,6.8,2777,3.32,27290,1.8033,10903.9,837,464.1,366.7,0.8339,2,56,1398.8,1.8622,1.0,2270.4,0.0155,1404.5,428.6,보건의료,60plus,보건의료 (업종대분류),60대 이상 시니어층,대분류
7,대구광역시 북구 칠성동,북구,2723052600,65.86,85.17,41.61,75.67,68.83,85.34,17.79,5,23657,5895,0.2492,0.286,23713.1,450.2,0.4,4486,3.33,27230,1.3907,17010.9,1349,970.0,435.4,0.6308,2,51,877.9,1.5237,0.6,989.2,0.0037,3942.8,982.5,보건의료,60plus,보건의료 (업종대분류),60대 이상 시니어층,대분류
8,"대구광역시 달서구 두류1,2동",달서구,2729053500,65.0,68.36,55.7,61.07,82.55,84.16,33.89,6,15672,5362,0.3421,0.487,15669.8,348.0,2.2,3657,3.83,27290,1.2776,12266.8,955,747.5,325.6,0.8597,2,36,680.4,1.903,1.0,958.3,0.0063,2238.9,766.0,보건의료,60plus,보건의료 (업종대분류),60대 이상 시니어층,대분류
9,대구광역시 달서구 감삼동,달서구,2729055500,64.67,92.55,44.16,13.08,78.49,59.8,83.56,26,31125,7504,0.2411,1.369,12921.8,316.2,17.7,1705,1.16,27290,1.1434,27221.4,1465,1281.3,450.0,0.641,1,37,514.2,1.8307,0.8846,824.8,0.0177,1152.8,277.9,보건의료,60plus,보건의료 (업종대분류),60대 이상 시니어층,대분류
10,대구광역시 동구 안심4동,동구,2714074700,64.3,74.73,55.3,51.01,76.21,68.39,48.99,10,26289,7672,0.2918,0.789,13918.2,340.1,3.6,2726,2.77,27140,2.572,10221.2,985,383.0,390.0,0.7503,2,66,438.1,1.8606,0.8,579.9,0.0102,2389.9,697.5,보건의료,60plus,보건의료 (업종대분류),60대 이상 시니어층,대분류
11,대구광역시 동구 신암4동,동구,2714054000,63.99,68.86,46.04,59.56,73.55,75.5,66.11,7,18383,5403,0.2939,1.037,43556.8,401.2,1.9,2706,5.19,27140,1.1656,15771.3,521,447.0,378.4,0.7179,2,29,569.0,1.8721,0.7143,621.4,0.0134,2297.9,675.4,보건의료,60plus,보건의료 (업종대분류),60대 이상 시니어층,대분류
12,대구광역시 달서구 신당동,달서구,2729058500,63.77,75.64,60.13,85.4,51.07,75.1,10.74,6,27882,8390,0.3009,0.186,24240.6,947.4,0.0,7236,2.94,27290,9.211,3027.0,2465,267.6,821.4,0.4365,2,113,477.8,1.7073,0.1667,606.7,0.0024,3983.1,1198.6,보건의료,60plus,보건의료 (업종대분류),60대 이상 시니어층,대분류
13,대구광역시 수성구 고산3동,수성구,2726069000,63.77,67.78,63.35,50.0,87.65,61.58,39.6,7,29136,9015,0.3094,0.642,8180.9,241.3,9.3,994,1.18,27260,5.2954,5502.1,841,158.8,377.6,0.8193,1,35,511.9,1.8415,1.0,1021.4,0.0083,3642.0,1126.9,보건의료,60plus,보건의료 (업종대분류),60대 이상 시니어층,대분류
14,대구광역시 수성구 지산1동,수성구,2726065100,63.62,65.57,78.12,23.82,71.21,60.2,80.54,22,18617,7616,0.4091,1.307,5358.9,368.6,8.6,1776,1.37,27260,2.8948,6431.2,1301,449.4,326.2,0.9101,1,63,541.8,1.8658,0.8636,704.8,0.0169,809.4,331.1,보건의료,60plus,보건의료 (업종대분류),60대 이상 시니어층,대분류
15,대구광역시 북구 동천동,북구,2723078000,63.09,86.88,34.23,8.72,69.66,90.27,93.96,39,24635,5547,0.2252,2.112,8538.0,389.2,15.9,4100,2.87,27230,1.0632,23170.6,1429,1344.1,430.1,0.6767,1,118,1498.7,1.7811,0.6923,1942.4,0.0273,615.9,138.7,보건의료,60plus,보건의료 (업종대분류),60대 이상 시니어층,대분류
16,대구광역시 수성구 고산1동,수성구,2726067000,62.9,72.28,49.93,18.45,75.87,78.86,91.95,30,31066,8035,0.2586,2.05,11318.1,337.8,9.8,2849,2.52,27260,8.624,3602.3,1132,131.3,600.7,0.4735,1,43,613.8,1.7871,0.8333,1047.3,0.0265,1002.1,259.2,보건의료,60plus,보건의료 (업종대분류),60대 이상 시니어층,대분류
17,대구광역시 북구 구암동,북구,2723074500,62.42,74.9,52.48,34.22,80.6,78.02,44.3,10,30230,8133,0.269,0.75,15065.5,291.9,17.2,2117,2.05,27230,4.1947,7206.7,1035,246.7,349.2,0.7449,3,41,403.8,1.7552,0.9,1375.7,0.0097,2748.2,739.4,보건의료,60plus,보건의료 (업종대분류),60대 이상 시니어층,대분류
18,대구광역시 수성구 범어1동,수성구,2726051000,62.3,83.59,23.76,4.03,91.48,83.42,97.99,37,22679,4396,0.1938,2.893,19467.9,237.1,23.9,2378,2.41,27260,1.1852,19135.2,988,833.6,239.4,0.996,2,34,1056.3,1.9254,1.0,1892.0,0.0374,596.8,115.7,보건의료,60plus,보건의료 (업종대분류),60대 이상 시니어층,대분류
19,대구광역시 달서구 송현1동,달서구,2729063000,61.62,57.58,76.25,65.77,86.11,30.97,32.21,5,15927,6580,0.4131,0.464,6693.2,241.5,2.6,743,0.89,27290,2.4579,6479.9,837,340.5,366.2,0.7921,1,22,209.0,1.8609,1.0,272.6,0.006,2654.5,1096.7,보건의료,60plus,보건의료 (업종대분류),60대 이상 시니어층,대분류
20,대구광역시 달서구 송현2동,달서구,2729064000,61.17,74.03,78.26,29.7,52.89,47.08,62.08,13,17618,7306,0.4147,0.998,7829.2,654.5,9.5,831,0.82,27290,0.9693,18176.0,1011,1043.0,449.2,0.6281,1,33,378.6,1.7597,0.1538,665.3,0.0129,1258.4,521.9,보건의료,60plus,보건의료 (업종대분류),60대 이상 시니어층,대분류
21,대구광역시 수성구 고산2동,수성구,2726068000,60.8,67.85,53.15,64.26,71.91,58.32,35.57,9,25533,7337,0.2874,0.549,11450.8,357.3,1.3,6126,4.82,27260,24.337,1049.1,1270,52.2,499.8,0.5976,3,88,249.9,1.894,0.6667,172.1,0.0071,2553.3,733.7,보건의료,60plus,보건의료 (업종대분류),60대 이상 시니어층,대분류
22,대구광역시 달성군 다사읍,달성군,2771025600,60.76,78.79,45.64,33.72,63.29,76.04,58.39,29,88904,18659,0.2099,0.967,24793.4,632.6,10.5,4705,2.03,27710,36.8156,2414.8,2317,62.9,1242.5,0.3423,3,133,475.8,1.7768,0.6897,947.0,0.0125,2963.5,622.0,보건의료,60plus,보건의료 (업종대분류),60대 이상 시니어층,대분류
23,대구광역시 달서구 죽전동,달서구,2729056300,60.31,69.8,47.72,5.04,85.24,66.24,96.64,34,14344,4540,0.3165,2.769,13243.8,242.6,21.0,1402,1.47,27290,0.7849,18274.9,951,1211.6,343.2,0.8107,1,42,580.0,1.8808,0.9118,961.2,0.0358,409.8,129.7,보건의료,60plus,보건의료 (업종대분류),60대 이상 시니어층,대분류
24,대구광역시 수성구 지산2동,수성구,2726065200,60.25,62.55,68.93,34.39,68.49,47.48,75.17,12,18149,6667,0.3673,1.176,4126.8,400.4,6.2,928,1.18,27260,1.6406,11062.4,787,479.7,398.0,0.8119,1,26,289.4,1.9254,0.8333,525.1,0.0152,1396.1,512.8,보건의료,60plus,보건의료 (업종대분류),60대 이상 시니어층,대분류
25,대구광역시 북구 태전2동,북구,2723073500,60.2,67.82,63.49,49.16,56.31,70.74,42.62,9,21610,7267,0.3363,0.727,3795.2,535.9,4.3,2036,2.12,27230,2.0691,10444.2,961,464.5,413.0,0.7815,1,51,470.0,1.797,0.4444,867.6,0.0094,2161.0,726.7,보건의료,60plus,보건의료 (업종대분류),60대 이상 시니어층,대분류
26,대구광역시 수성구 범물1동,수성구,2726066100,60.2,34.66,82.15,39.26,90.81,71.54,67.11,5,9654,5412,0.5606,1.044,11108.8,191.2,15.2,781,2.11,27260,5.8003,1664.4,370,63.8,338.1,0.9676,2,13,815.3,1.6642,1.0,1337.6,0.0135,1609.0,902.0,보건의료,60plus,보건의료 (업종대분류),60대 이상 시니어층,대분류
27,대구광역시 동구 지저동,동구,2714064000,60.12,41.98,78.92,91.44,68.69,50.0,27.18,2,12323,5793,0.4701,0.41,9062.4,369.0,0.0,2021,5.32,27140,2.2358,5511.7,380,170.0,469.2,0.5684,1,12,412.7,1.6623,0.5,118.0,0.0053,4107.7,1931.0,보건의료,60plus,보건의료 (업종대분류),60대 이상 시니어층,대분류
28,대구광역시 수성구 수성1가동,수성구,2726057000,59.89,73.99,50.6,21.31,83.42,27.99,90.6,16,16970,5331,0.3141,1.748,11615.6,254.3,9.5,364,0.51,27260,0.6383,26586.2,708,1109.2,306.7,0.8814,1,13,357.1,1.9594,0.9375,358.8,0.0226,998.2,313.6,보건의료,60plus,보건의료 (업종대분류),60대 이상 시니어층,대분류
29,대구광역시 달서구 상인2동,달서구,2729062500,58.26,65.0,60.94,22.14,81.94,57.28,52.35,13,16737,5814,0.3474,0.851,0.0,172.0,10.2,927,0.78,27290,0.9567,17494.5,1185,1238.6,510.6,0.5401,0,33,566.3,1.6938,1.0,1132.5,0.011,1195.5,415.3,보건의료,60plus,보건의료 (업종대분류),60대 이상 시니어층,대분류
30,대구광역시 달서구 도원동,달서구,2729062800,58.16,52.85,78.39,62.92,23.56,61.34,75.17,10,30857,12019,0.3895,1.176,0.0,1510.5,3.0,1977,3.0,27290,11.188,2758.0,659,58.9,1382.2,0.0,0,41,337.0,1.7287,0.0,424.9,0.0152,2805.2,1092.6,보건의료,60plus,보건의료 (업종대분류),60대 이상 시니어층,대분류
31,대구광역시 동구 신천1·2동,동구,2714055500,57.76,55.64,70.07,46.48,59.4,25.8,85.91,7,10994,4843,0.4405,1.408,9575.6,499.7,3.9,301,0.78,27140,0.4677,23506.5,384,821.0,304.5,0.8438,1,10,149.9,1.8643,0.1429,267.1,0.0182,1374.2,605.4,보건의료,60plus,보건의료 (업종대분류),60대 이상 시니어층,대분류
32,대구광역시 남구 대명3동,남구,2720058600,57.17,56.34,53.29,74.66,85.3,28.96,27.18,5,12166,4363,0.3586,0.41,5897.8,247.8,0.0,1055,1.12,27200,0.9315,13060.7,944,1013.4,415.9,0.7119,1,20,338.9,1.8061,1.0,151.4,0.0053,2027.7,727.2,보건의료,60plus,보건의료 (업종대분류),60대 이상 시니어층,대분류
33,대구광역시 동구 동촌동,동구,2714065500,56.98,43.19,75.71,91.78,45.91,65.84,16.44,2,13815,5852,0.4236,0.278,4475.3,556.6,0.0,1690,3.05,27140,4.4612,3096.7,554,124.2,510.3,0.4116,1,31,352.6,1.7752,0.0,534.5,0.0036,4605.0,1950.7,보건의료,60plus,보건의료 (업종대분류),60대 이상 시니어층,대분류
34,대구광역시 북구 태전1동,북구,2723072500,56.9,64.33,61.21,46.14,47.32,68.46,44.97,8,21074,6902,0.3275,0.758,3814.3,742.7,6.5,1588,1.95,27230,2.5135,8384.3,814,323.9,633.0,0.2862,1,23,327.5,1.7551,0.125,945.2,0.0098,2341.6,766.9,보건의료,60plus,보건의료 (업종대분류),60대 이상 시니어층,대분류
35,대구광역시 서구 비산7동,서구,2717061000,56.79,40.94,63.89,92.45,89.93,33.66,10.07,1,9260,3960,0.4276,0.093,2543.2,115.9,0.0,1162,1.43,27170,2.584,3583.6,815,315.4,513.8,0.4699,1,25,189.6,1.6054,1.0,145.0,0.0012,4630.0,1980.0,보건의료,60plus,보건의료 (업종대분류),60대 이상 시니어층,대분류
36,대구광역시 서구 내당4동,서구,2717054000,56.38,54.77,76.11,39.26,55.64,58.93,45.97,8,14119,5929,0.4199,0.766,0.0,513.8,8.2,1151,1.42,27170,0.8127,17373.0,812,999.1,644.9,0.2352,0,30,493.5,1.7588,0.75,726.5,0.0099,1568.8,658.8,보건의료,60plus,보건의료 (업종대분류),60대 이상 시니어층,대분류
37,대구광역시 수성구 범어2동,수성구,2726052000,55.76,69.03,23.22,7.72,79.06,84.93,88.93,24,15345,3677,0.2396,1.694,10699.6,268.2,19.3,2861,2.62,27260,1.0094,15202.1,1094,1083.8,482.8,0.5384,1,42,1064.7,1.8705,0.875,1657.1,0.0219,613.8,147.1,보건의료,60plus,보건의료 (업종대분류),60대 이상 시니어층,대분류
38,대구광역시 달서구 이곡2동,달서구,2729057700,55.58,45.34,60.94,30.54,63.93,96.11,60.07,11,14054,5165,0.3675,0.982,0.0,399.2,5.8,4290,4.94,27290,2.2612,6215.3,869,384.3,594.7,0.6479,0,81,1744.6,1.7889,0.9091,2546.0,0.0127,1171.2,430.4,보건의료,60plus,보건의료 (업종대분류),60대 이상 시니어층,대분류
39,대구광역시 남구 이천동,남구,2720051500,55.16,45.7,48.86,80.37,82.29,52.35,20.47,2,14245,4646,0.3261,0.317,0.0,156.5,1.0,350,0.71,27200,1.0429,13659.0,492,471.8,549.3,0.628,0,12,288.2,1.8983,1.0,1242.5,0.0041,4748.3,1548.7,보건의료,60plus,보건의료 (업종대분류),60대 이상 시니어층,대분류
40,대구광역시 북구 대현동,북구,2723064500,54.76,58.89,62.55,67.45,46.07,37.68,37.92,6,15618,5639,0.3611,0.58,0.0,621.4,1.2,786,0.98,27230,0.855,18266.7,801,936.8,879.3,0.1423,0,23,239.0,1.7877,0.3333,378.2,0.0075,2231.1,805.6,보건의료,60plus,보건의료 (업종대분류),60대 이상 시니어층,대분류
41,대구광역시 북구 읍내동,북구,2723077000,54.71,57.78,65.5,48.82,27.92,64.56,63.09,13,24576,8102,0.3297,1.013,0.0,1081.6,2.9,1572,1.59,27230,5.6904,4318.9,991,174.2,977.2,0.0,0,37,601.6,1.7105,0.0,812.7,0.0131,1755.4,578.7,보건의료,60plus,보건의료 (업종대분류),60대 이상 시니어층,대분류
42,대구광역시 달서구 용산2동,달서구,2729057200,54.41,59.93,63.76,93.79,32.95,27.52,19.13,2,24584,8022,0.3263,0.302,0.0,758.6,0.0,678,1.31,27290,1.5398,15965.7,518,336.4,752.7,0.1409,0,19,147.4,1.7934,0.0,121.5,0.0039,8194.7,2674.0,보건의료,60plus,보건의료 (업종대분류),60대 이상 시니어층,대분류
43,대구광역시 북구 관문동,북구,2723071500,54.35,64.33,54.36,86.07,26.98,60.47,11.74,2,31975,8707,0.2723,0.193,7033.3,2933.0,1.0,2576,3.18,27230,14.8231,2157.1,809,54.6,1662.6,0.3498,3,64,205.6,1.7905,0.0,318.0,0.0025,10658.3,2902.3,보건의료,60plus,보건의료 (업종대분류),60대 이상 시니어층,대분류
44,대구광역시 달서구 월성1동,달서구,2729060100,54.12,80.54,28.99,6.71,35.23,87.38,91.28,38,39423,5648,0.1433,2.042,0.0,1018.3,19.7,4066,2.83,27290,1.9323,20402.1,1438,744.2,899.2,0.096,0,70,1080.4,1.8341,0.0263,1418.6,0.0264,1010.8,144.8,보건의료,60plus,보건의료 (업종대분류),60대 이상 시니어층,대분류
45,대구광역시 달서구 성당동,달서구,2729051500,53.99,60.67,73.96,55.37,32.28,48.25,30.2,6,19920,7668,0.3849,0.441,0.0,800.4,5.0,2331,2.22,27290,1.9869,10025.7,1049,528.0,917.0,0.0143,0,41,251.2,1.8319,0.0,226.3,0.0057,2845.7,1095.4,보건의료,60plus,보건의료 (업종대분류),60대 이상 시니어층,대분류
46,대구광역시 중구 남산4동,중구,2711067000,53.93,57.58,39.6,27.18,82.62,40.81,81.88,7,15842,4529,0.2859,1.346,0.0,142.4,15.0,481,1.19,27110,0.449,35282.9,403,897.6,351.8,0.8164,0,16,308.4,1.9455,1.0,469.1,0.0174,1980.2,566.1,보건의료,60plus,보건의료 (업종대분류),60대 이상 시니어층,대분류
47,대구광역시 서구 상중이동,서구,2717067500,53.65,51.27,75.03,74.5,29.6,55.03,21.48,5,16863,6729,0.399,0.325,0.0,972.7,1.2,3259,2.72,27170,6.7768,2488.3,1196,176.5,1380.9,0.0125,0,73,191.9,1.8364,0.0,244.8,0.0042,2810.5,1121.5,보건의료,60plus,보건의료 (업종대분류),60대 이상 시니어층,대분류
48,대구광역시 수성구 만촌1동,수성구,2726055000,53.64,56.54,60.81,49.5,26.91,68.45,62.08,11,20174,6645,0.3294,0.998,0.0,1123.2,2.4,2268,2.67,27260,2.6991,7474.3,851,315.3,1236.9,0.0,0,39,434.8,1.9356,0.0,630.1,0.0129,1681.2,553.8,보건의료,60plus,보건의료 (업종대분류),60대 이상 시니어층,대분류
49,대구광역시 남구 대명2동,남구,2720057100,53.46,65.84,31.54,46.47,84.43,36.41,41.28,7,15229,3964,0.2603,0.681,7568.7,254.6,2.4,780,0.98,27200,0.8755,17394.6,799,912.6,253.3,0.9862,1,20,331.0,1.8046,1.0,350.3,0.0088,1903.6,495.5,보건의료,60plus,보건의료 (업종대분류),60대 이상 시니어층,대분류
50,대구광역시 남구 대명10동,남구,2720065000,53.44,50.97,60.0,41.44,71.47,41.14,51.01,7,7805,3478,0.4456,0.835,15387.0,404.6,2.9,444,0.68,27200,0.5166,15108.4,650,1258.2,375.5,0.8677,1,12,574.8,1.8044,0.7143,631.1,0.0108,975.6,434.8,보건의료,60plus,보건의료 (업종대분류),60대 이상 시니어층,대분류
51,대구광역시 수성구 범물2동,수성구,2726066200,53.38,41.91,53.55,19.46,76.58,64.33,92.62,11,15526,5196,0.3347,2.058,0.0,249.3,17.1,590,1.43,27260,2.122,7316.7,414,195.1,382.0,0.8309,0,14,463.5,1.9377,1.0,1269.2,0.0266,1293.8,433.0,보건의료,60plus,보건의료 (업종대분류),60대 이상 시니어층,대분류
52,대구광역시 북구 복현2동,북구,2723067200,53.08,63.59,52.35,71.64,25.57,56.65,32.89,4,28733,7826,0.2724,0.48,0.0,1302.4,2.5,1348,2.08,27230,1.8078,15893.9,649,359.0,1620.2,0.0,0,39,355.2,1.8941,0.0,505.8,0.0062,5746.6,1565.2,보건의료,60plus,보건의료 (업종대분류),60대 이상 시니어층,대분류
53,대구광역시 남구 대명4동,남구,2720059000,52.98,46.07,67.38,57.04,46.24,59.33,42.62,6,9003,4114,0.457,0.727,7282.1,615.1,1.5,1742,2.74,27200,0.76,11846.1,635,835.5,536.5,0.3512,1,20,496.8,1.7378,0.0,438.5,0.0094,1286.1,587.7,보건의료,60plus,보건의료 (업종대분류),60대 이상 시니어층,대분류
54,대구광역시 수성구 수성4가동,수성구,2726059000,52.97,52.15,60.13,10.4,67.12,38.06,98.66,27,12798,4717,0.3686,3.079,0.0,342.7,16.5,423,0.62,27260,0.6138,20850.4,678,1104.6,395.7,0.7478,0,14,458.2,1.9008,0.9259,581.5,0.0398,457.1,168.5,보건의료,60plus,보건의료 (업종대분류),60대 이상 시니어층,대분류
55,대구광역시 달서구 두류3동,달서구,2729055000,52.97,48.08,46.58,13.76,84.23,58.05,87.25,16,8931,3278,0.367,1.586,14138.0,302.6,11.9,954,1.22,27290,1.2035,7420.9,781,648.9,263.5,0.9104,1,23,712.8,1.7883,1.0,827.1,0.0205,525.4,192.8,보건의료,60plus,보건의료 (업종대분류),60대 이상 시니어층,대분류
56,대구광역시 수성구 범어3동,수성구,2726053000,52.81,71.34,11.28,3.02,75.54,83.76,89.93,26,17016,2918,0.1715,1.741,0.0,200.5,30.6,2389,2.07,27260,0.5836,29157.0,1155,1979.1,503.0,0.4978,0,39,1299.8,1.8564,0.8846,2573.2,0.0225,630.2,108.1,보건의료,60plus,보건의료 (업종대분류),60대 이상 시니어층,대분류
57,대구광역시 서구 내당1동,서구,2717051000,52.72,54.63,38.53,39.26,53.69,71.61,75.17,7,14683,4247,0.2892,1.176,0.0,523.3,4.4,1153,2.5,27170,0.5707,25728.1,461,807.8,613.4,0.3362,0,27,826.7,1.842,0.7143,978.9,0.0152,1835.4,530.9,보건의료,60plus,보건의료 (업종대분류),60대 이상 시니어층,대분류
58,대구광역시 동구 신천3동,동구,2714057000,52.61,58.62,26.38,37.08,55.03,82.18,77.18,12,14835,3722,0.2509,1.207,0.0,466.7,2.8,1998,2.59,27140,0.7179,20664.4,770,1072.6,542.0,0.4195,0,48,1228.0,1.9695,0.5833,1698.7,0.0156,1141.2,286.3,보건의료,60plus,보건의료 (업종대분류),60대 이상 시니어층,대분류
59,대구광역시 동구 효목1동,동구,2714059000,52.06,40.84,79.47,79.03,45.4,33.36,19.13,3,11472,5545,0.4834,0.302,0.0,633.4,1.0,901,1.16,27140,1.4646,7832.9,779,531.9,849.0,0.1592,0,32,179.1,1.7622,0.3333,240.7,0.0039,2868.0,1386.2,보건의료,60plus,보건의료 (업종대분류),60대 이상 시니어층,대분류
60,대구광역시 동구 효목2동,동구,2714060000,52.02,53.26,58.66,57.72,29.26,55.2,57.38,8,14147,5158,0.3646,0.959,0.0,976.2,1.2,897,1.39,27140,0.761,18590.0,647,850.2,915.3,0.085,0,26,459.9,1.8141,0.0,697.6,0.0124,1571.9,573.1,보건의료,60plus,보건의료 (업종대분류),60대 이상 시니어층,대분류
61,대구광역시 달서구 유천동,달서구,2729061700,51.74,73.86,13.42,32.72,46.75,69.87,79.87,12,32864,3639,0.1107,1.276,0.0,604.8,3.5,1643,2.26,27290,1.3119,25050.7,728,554.9,622.7,0.2788,0,41,613.2,1.8499,0.3333,905.0,0.0165,2528.0,279.9,보건의료,60plus,보건의료 (업종대분류),60대 이상 시니어층,대분류
62,대구광역시 동구 방촌동,동구,2714067000,51.7,51.51,82.69,45.47,30.94,35.14,47.32,6,16714,7572,0.453,0.781,0.0,859.9,10.5,638,1.08,27140,1.2248,13646.3,592,483.3,972.5,0.0,0,22,212.6,1.7373,0.0,321.3,0.0101,2387.7,1081.7,보건의료,60plus,보건의료 (업종대분류),60대 이상 시니어층,대분류
63,대구광역시 수성구 두산동,수성구,2726064000,51.5,62.89,29.0,58.89,61.04,75.71,12.75,4,14840,3818,0.2573,0.201,4499.5,479.3,2.5,3584,2.3,27260,1.8605,7976.4,1558,837.4,524.0,0.4589,1,72,732.3,1.7103,0.5,906.8,0.0026,2968.0,763.6,보건의료,60plus,보건의료 (업종대분류),60대 이상 시니어층,대분류
64,대구광역시 서구 평리4동,서구,2717065000,51.35,61.71,72.35,32.72,22.21,33.52,67.79,13,15025,5968,0.3972,1.06,0.0,1584.3,4.8,553,0.58,27170,0.7453,20159.7,950,1274.7,1310.9,0.0,0,29,308.6,1.72,0.0,470.3,0.0137,1073.2,426.3,보건의료,60plus,보건의료 (업종대분류),60대 이상 시니어층,대분류
65,대구광역시 서구 내당2·3동,서구,2717052500,51.11,37.48,68.86,53.53,56.68,42.62,53.02,5,8091,3894,0.4813,0.874,0.0,417.8,2.8,287,0.65,27170,0.4967,16289.5,443,891.9,456.6,0.6524,0,13,339.8,1.6893,0.6,761.0,0.0113,1348.5,649.0,보건의료,60plus,보건의료 (업종대분류),60대 이상 시니어층,대분류
66,대구광역시 서구 원대동,서구,2717069500,50.93,48.56,53.29,78.02,62.72,23.12,22.82,2,9963,3735,0.3749,0.364,7453.5,470.2,1.0,475,1.12,27170,0.6219,16020.3,424,681.8,291.4,0.9009,1,18,230.3,1.6358,0.5,133.5,0.0047,3321.0,1245.0,보건의료,60plus,보건의료 (업종대분류),60대 이상 시니어층,대분류
67,대구광역시 동구 안심2동,동구,2714073000,50.88,44.03,46.31,69.12,56.81,46.17,48.99,4,17002,5129,0.3017,0.789,3810.8,555.6,1.8,1493,3.79,27140,13.3309,1275.4,394,29.6,844.7,0.3046,1,43,159.2,1.8547,0.5,119.2,0.0102,3400.4,1025.8,보건의료,60plus,보건의료 (업종대분류),60대 이상 시니어층,대분류
68,대구광역시 달서구 월성2동,달서구,2729060200,50.87,31.98,85.63,95.47,21.21,61.74,4.7,0,13435,6568,0.4889,0.0,0.0,1831.7,0.0,2943,6.47,27290,7.6185,1763.5,455,59.7,1831.7,0.0,0,41,250.2,1.7894,0.0,250.2,0.0,13435.0,6568.0,보건의료,60plus,보건의료 (업종대분류),60대 이상 시니어층,대분류
69,대구광역시 북구 침산3동,북구,2723057000,50.84,55.91,52.21,37.92,25.23,69.09,72.48,8,17704,5524,0.312,1.145,0.0,1315.9,7.6,1418,2.62,27230,1.0462,16922.2,541,517.1,1374.8,0.0,0,27,644.1,1.8583,0.0,762.9,0.0148,1967.1,613.8,보건의료,60plus,보건의료 (업종대분류),60대 이상 시니어층,대분류
70,대구광역시 중구 남산2동,중구,2711065000,50.78,55.0,10.87,1.34,97.25,73.83,99.33,25,7394,1682,0.2275,3.264,82629.0,123.3,54.6,863,1.46,27110,0.3916,18881.5,593,1514.3,289.0,1.0,4,11,1474.2,1.9141,1.0,3651.1,0.0422,284.4,64.7,보건의료,60plus,보건의료 (업종대분류),60대 이상 시니어층,대분류
71,대구광역시 달서구 본리동,달서구,2729059000,50.57,67.85,40.6,46.48,27.25,52.95,57.38,9,22993,5768,0.2509,0.959,0.0,1105.7,3.2,1195,1.65,27290,1.0774,21341.2,723,671.1,1208.5,0.0,0,48,381.0,1.8016,0.0,485.6,0.0124,2299.3,576.8,보건의료,60plus,보건의료 (업종대분류),60대 이상 시니어층,대분류
72,대구광역시 수성구 수성2·3가동,수성구,2726058000,50.56,51.64,25.77,8.39,87.25,59.73,95.97,25,10185,2852,0.28,2.677,5644.8,214.6,13.0,1441,2.0,27260,0.6602,15427.1,722,1093.6,276.9,0.9848,1,24,550.7,1.8895,1.0,600.0,0.0346,391.7,109.7,보건의료,60plus,보건의료 (업종대분류),60대 이상 시니어층,대분류
73,대구광역시 남구 대명1동,남구,2720056000,50.52,49.7,54.77,65.6,58.35,19.33,41.28,3,9242,3654,0.3954,0.681,7928.3,516.3,2.0,142,0.42,27200,0.4605,20069.5,340,738.3,313.8,0.8971,1,10,202.5,1.8727,0.3333,245.0,0.0088,2310.5,913.5,보건의료,60plus,보건의료 (업종대분류),60대 이상 시니어층,대분류
74,대구광역시 동구 불로·봉무동,동구,2714062000,50.4,54.77,51.41,56.04,18.19,88.96,36.58,9,19381,5797,0.2991,0.557,0.0,3087.1,1.6,4178,3.33,27140,7.6608,2529.9,1256,164.0,2945.5,0.0008,0,57,1075.7,1.7038,0.0,1308.8,0.0072,1938.1,579.7,보건의료,60plus,보건의료 (업종대분류),60대 이상 시니어층,대분류
75,대구광역시 중구 대봉1동,중구,2711068000,50.37,57.38,23.76,4.36,94.36,69.83,66.11,15,7666,2165,0.2824,1.037,19088.4,181.1,33.2,1613,1.44,27110,0.5627,13623.6,1117,1985.1,194.3,1.0,2,23,833.7,1.8237,1.0,1209.9,0.0134,479.1,135.3,보건의료,60plus,보건의료 (업종대분류),60대 이상 시니어층,대분류
76,대구광역시 수성구 만촌3동,수성구,2726056100,50.26,70.03,15.84,21.82,76.51,29.76,83.56,13,20523,3577,0.1743,1.369,14504.4,283.7,6.9,797,1.08,27260,1.6947,12110.1,735,433.7,416.1,0.5578,2,13,188.8,1.9243,0.6154,217.7,0.0177,1465.9,255.5,보건의료,60plus,보건의료 (업종대분류),60대 이상 시니어층,대분류
77,대구광역시 동구 해안동,동구,2714068500,50.09,40.2,78.79,43.62,42.96,33.76,59.06,6,12925,5864,0.4537,0.975,11140.2,788.6,9.2,480,1.01,27140,13.264,974.4,475,35.8,755.4,0.0589,2,23,160.5,1.8161,0.0,331.0,0.0126,1846.4,837.7,보건의료,60plus,보건의료 (업종대분류),60대 이상 시니어층,대분류
78,대구광역시 북구 무태조야동,북구,2723069500,50.05,60.47,55.44,50.17,17.18,56.88,50.34,13,32499,8957,0.2756,0.828,0.0,4599.7,3.2,1749,1.44,27230,22.8763,1420.6,1211,52.9,3904.0,0.0,0,48,240.2,1.8693,0.0,572.6,0.0107,2321.4,639.8,보건의료,60plus,보건의료 (업종대분류),60대 이상 시니어층,대분류
79,대구광역시 북구 국우동,북구,2723080000,49.87,61.41,37.45,45.14,42.78,47.58,60.07,12,29112,6221,0.2137,0.982,3118.2,1103.4,2.5,2431,2.58,27230,16.9087,1721.7,942,55.7,759.4,0.4586,2,41,272.2,1.7701,0.3333,167.1,0.0127,2239.4,478.5,보건의료,60plus,보건의료 (업종대분류),60대 이상 시니어층,대분류
80,대구광역시 동구 공산동,동구,2714076000,49.85,45.17,82.15,69.96,16.84,41.28,27.18,4,19708,8192,0.4157,0.41,0.0,5758.6,3.0,1875,2.49,27140,83.2696,236.7,754,9.1,7174.6,0.0,0,67,61.0,1.6036,0.0,113.0,0.0053,3941.6,1638.4,보건의료,60plus,보건의료 (업종대분류),60대 이상 시니어층,대분류
81,대구광역시 남구 봉덕3동,남구,2720055000,49.83,44.29,71.54,62.08,39.46,35.14,34.9,6,14003,5694,0.4066,0.542,0.0,824.0,2.2,902,1.05,27200,3.0696,4561.8,858,279.5,904.0,0.1096,0,23,221.5,1.8839,0.1667,293.3,0.007,2000.4,813.4,보건의료,60plus,보건의료 (업종대분류),60대 이상 시니어층,대분류
82,대구광역시 남구 대명5동,남구,2720060000,49.72,46.84,18.66,31.04,93.02,69.2,64.09,8,8896,2287,0.2571,1.021,11071.1,133.3,3.5,2694,4.44,27200,0.74,12021.6,607,820.3,256.8,0.8666,1,20,557.7,1.8206,1.0,491.8,0.0132,988.4,254.1,보건의료,60plus,보건의료 (업종대분류),60대 이상 시니어층,대분류
83,대구광역시 서구 비산5동,서구,2717059000,49.39,36.08,61.75,37.08,87.92,19.66,55.03,4,4744,2542,0.5358,0.921,7774.7,219.9,4.8,128,0.38,27170,0.3445,13770.7,337,978.2,201.9,1.0,2,4,204.0,1.6091,1.0,266.5,0.0119,948.8,508.4,보건의료,60plus,보건의료 (업종대분류),60대 이상 시니어층,대분류
84,대구광역시 달성군 옥포읍,달성군,2771026200,49.25,47.35,69.53,60.9,17.52,42.08,51.68,8,22138,7875,0.3557,0.843,0.0,4483.0,2.5,937,1.28,27710,47.4421,466.6,731,15.4,4106.1,0.0,0,39,152.0,1.7783,0.0,341.0,0.0109,2459.8,875.0,보건의료,60plus,보건의료 (업종대분류),60대 이상 시니어층,대분류
85,대구광역시 중구 남산3동,중구,2711066000,49.07,35.81,40.8,93.12,81.41,35.17,4.7,0,5779,2112,0.3655,0.0,5728.2,254.0,0.0,404,1.29,27110,0.4076,14178.1,313,767.9,254.0,0.9968,1,10,293.4,1.8445,0.9968,293.4,0.0,5779.0,2112.0,보건의료,60plus,보건의료 (업종대분류),60대 이상 시니어층,대분류
86,대구광역시 수성구 황금2동,수성구,2726060200,48.95,53.02,29.8,25.34,61.68,53.69,86.58,19,11770,3357,0.2852,1.423,2213.9,442.5,4.3,1605,1.56,27260,1.1892,9897.4,1030,866.1,557.5,0.4214,1,58,395.5,1.9253,0.5789,486.6,0.0184,588.5,167.8,보건의료,60plus,보건의료 (업종대분류),60대 이상 시니어층,대분류
87,대구광역시 서구 비산1동,서구,2717055000,48.9,34.9,65.77,77.02,66.18,15.13,22.82,1,7738,3719,0.4806,0.364,0.0,413.6,2.0,94,0.44,27170,0.4334,17854.2,213,491.5,505.0,0.5352,0,4,115.3,1.5363,1.0,178.0,0.0047,3869.0,1859.5,보건의료,60plus,보건의료 (업종대분류),60대 이상 시니어층,대분류
88,대구광역시 달서구 본동,달서구,2729065000,48.68,42.75,53.02,84.73,26.24,54.8,31.21,3,13148,4570,0.3476,0.449,0.0,1238.5,0.0,1481,2.89,27290,1.0557,12454.3,513,485.9,1394.5,0.0,0,31,371.6,1.8481,0.0,300.7,0.0058,3287.0,1142.5,보건의료,60plus,보건의료 (업종대분류),60대 이상 시니어층,대분류
89,대구광역시 달성군 현풍읍,달성군,2771026500,48.53,54.8,43.76,75.0,15.5,81.21,16.44,5,20887,5634,0.2697,0.278,0.0,12273.5,0.4,3238,2.36,27710,24.3321,858.4,1373,56.4,12264.0,0.0,0,76,500.4,1.6722,0.0,1258.0,0.0036,3481.2,939.0,보건의료,60plus,보건의료 (업종대분류),60대 이상 시니어층,대분류
90,대구광역시 달서구 상인3동,달서구,2729062600,47.9,25.64,82.01,82.72,28.93,41.01,29.53,2,9445,5390,0.5707,0.425,0.0,997.0,1.0,464,1.28,27290,3.3085,2854.8,363,109.7,1319.7,0.0,0,13,327.8,1.7064,0.0,441.5,0.0055,3148.3,1796.7,보건의료,60plus,보건의료 (업종대분류),60대 이상 시니어층,대분류
91,대구광역시 남구 대명9동,남구,2720064000,47.77,40.1,61.48,82.38,38.32,41.68,11.74,2,13110,4972,0.3793,0.193,0.0,572.6,1.0,762,0.97,27200,3.1401,4175.0,785,250.0,817.3,0.0038,0,28,184.2,1.8211,0.0,513.0,0.0025,4370.0,1657.3,보건의료,60plus,보건의료 (업종대분류),60대 이상 시니어층,대분류
92,대구광역시 중구 대신동,중구,2711059500,47.7,58.89,30.07,18.45,92.35,56.24,17.79,10,7249,2213,0.3053,0.286,13433.4,187.8,9.0,1301,0.48,27110,0.4899,14796.9,2688,5486.8,169.9,0.9699,1,11,1548.5,0.6257,1.0,1236.1,0.0037,659.0,201.2,보건의료,60plus,보건의료 (업종대분류),60대 이상 시니어층,대분류
93,대구광역시 중구 성내1동,중구,2711056500,47.62,52.62,6.98,0.0,84.53,82.92,94.63,115,5527,1200,0.2171,2.615,30098.1,280.4,64.6,4750,1.39,27110,0.759,7281.9,3406,4487.5,324.3,0.8908,1,64,2242.4,1.7374,0.9565,3144.7,0.0338,47.6,10.3,보건의료,60plus,보건의료 (업종대분류),60대 이상 시니어층,대분류
94,대구광역시 북구 노원동,북구,2723079000,47.55,41.04,64.29,52.86,50.87,34.3,33.89,7,10954,4516,0.4123,0.487,0.0,515.0,1.9,1224,1.11,27230,3.0536,3587.2,1104,361.5,693.4,0.3207,0,44,266.5,1.7025,0.4286,230.1,0.0063,1369.2,564.5,보건의료,60plus,보건의료 (업종대분류),60대 이상 시니어층,대분류
95,대구광역시 수성구 상동,수성구,2726062000,47.33,50.27,66.44,77.02,24.23,17.22,20.47,4,13938,5444,0.3906,0.317,0.0,1408.4,0.5,678,0.69,27260,1.3277,10497.9,986,742.6,1288.9,0.0,0,28,118.7,1.9138,0.0,82.0,0.0041,2787.6,1088.8,보건의료,60plus,보건의료 (업종대분류),60대 이상 시니어층,대분류
96,대구광역시 동구 안심3동,동구,2714074200,47.26,57.28,30.4,27.35,58.56,42.01,69.13,10,19897,4661,0.2343,1.083,6999.1,515.5,6.8,913,1.28,27140,5.8689,3390.2,714,121.7,457.1,0.556,1,29,232.8,1.9059,0.4,346.5,0.014,1808.8,423.7,보건의료,60plus,보건의료 (업종대분류),60대 이상 시니어층,대분류
97,대구광역시 남구 대명6동,남구,2720061000,47.19,33.83,45.9,29.86,68.69,46.24,84.56,10,10276,3600,0.3503,1.385,0.0,257.1,4.9,857,1.53,27200,1.5709,6541.5,560,356.5,385.9,0.675,0,13,329.3,1.9196,0.8,405.5,0.0179,934.2,327.3,보건의료,60plus,보건의료 (업종대분류),60대 이상 시니어층,대분류
98,대구광역시 북구 관음동,북구,2723075000,47.16,37.78,65.23,57.04,25.91,63.12,40.27,5,13689,5381,0.3931,0.665,0.0,1288.3,3.4,1198,2.05,27230,3.0672,4463.0,584,190.4,1468.8,0.0,0,23,374.4,1.7842,0.0,706.4,0.0086,2281.5,896.8,보건의료,60plus,보건의료 (업종대분류),60대 이상 시니어층,대분류
99,대구광역시 서구 비산4동,서구,2717058000,47.16,37.68,66.71,95.14,37.45,21.58,4.7,0,8143,3844,0.4721,0.0,0.0,872.3,0.0,256,0.82,27170,0.434,18762.7,311,716.6,872.3,0.0579,0,12,200.0,1.7548,0.0579,200.0,0.0,8143.0,3844.0,보건의료,60plus,보건의료 (업종대분류),60대 이상 시니어층,대분류
100,대구광역시 중구 성내3동,중구,2711058500,46.66,55.77,6.44,42.78,76.78,29.23,77.85,7,13643,2041,0.1496,1.222,5778.9,379.0,1.3,259,0.58,27110,0.7455,18300.5,444,595.6,332.9,0.9302,1,12,257.9,1.9273,1.0,429.6,0.0158,1705.4,255.1,보건의료,60plus,보건의료 (업종대분류),60대 이상 시니어층,대분류
101,대구광역시 달서구 장기동,달서구,2729056800,46.38,48.05,46.58,57.04,44.06,59.39,15.44,3,15347,4705,0.3066,0.271,0.0,692.3,5.0,958,1.13,27290,2.76,5560.5,846,306.5,906.7,0.1548,0,34,327.3,1.8569,0.3333,969.7,0.0035,3836.8,1176.2,보건의료,60plus,보건의료 (업종대분류),60대 이상 시니어층,대분류
102,대구광역시 달성군 논공읍,달성군,2771025300,46.06,42.72,62.75,79.37,16.17,39.46,24.16,5,14804,5437,0.3673,0.379,0.0,8197.5,0.0,1664,1.63,27710,44.0501,336.1,1021,23.2,8220.1,0.0,0,42,76.6,1.7366,0.0,154.8,0.0049,2467.3,906.2,보건의료,60plus,보건의료 (업종대분류),60대 이상 시니어층,대분류
103,대구광역시 북구 침산2동,북구,2723056000,45.94,60.87,24.97,9.06,24.56,79.06,97.32,22,17835,4056,0.2274,2.87,0.0,1399.5,19.6,2202,3.71,27230,0.8533,20901.2,593,694.9,1297.3,0.0,0,23,684.5,1.8863,0.0,936.2,0.0371,775.4,176.3,보건의료,60plus,보건의료 (업종대분류),60대 이상 시니어층,대분류
104,대구광역시 서구 비산2·3동,서구,2717056500,45.88,34.5,73.16,57.88,33.62,17.72,54.03,6,7550,4097,0.5426,0.89,0.0,740.5,1.3,276,0.53,27170,0.555,13603.6,523,942.3,678.0,0.3078,0,13,196.2,1.5586,0.0,198.5,0.0115,1078.6,585.3,보건의료,60plus,보건의료 (업종대분류),60대 이상 시니어층,대분류
105,대구광역시 수성구 파동,수성구,2726063000,45.8,38.99,52.82,66.1,23.22,13.49,87.92,7,17133,5423,0.3165,1.663,0.0,1512.2,0.9,264,0.81,27260,5.4129,3165.2,326,60.2,1661.7,0.0,0,13,28.4,1.8928,0.0,35.6,0.0215,2141.6,677.9,보건의료,60plus,보건의료 (업종대분류),60대 이상 시니어층,대분류
106,대구광역시 동구 신암2동,동구,2714052000,45.66,47.31,35.71,38.42,43.82,37.35,82.55,6,11446,3479,0.3039,1.361,0.0,662.9,4.2,357,1.05,27140,0.3625,31575.2,340,937.9,610.1,0.3059,0,13,392.6,1.7582,0.1667,479.2,0.0176,1635.1,497.0,보건의료,60plus,보건의료 (업종대분류),60대 이상 시니어층,대분류
107,대구광역시 중구 남산1동,중구,2711064000,45.43,42.95,16.37,3.69,92.15,84.87,64.09,9,5062,1346,0.2659,1.021,12121.7,184.2,34.3,1968,2.89,27110,0.4193,12072.5,680,1621.8,253.0,1.0,2,25,713.6,2.0125,1.0,1794.8,0.0132,506.2,134.6,보건의료,60plus,보건의료 (업종대분류),60대 이상 시니어층,대분류
108,대구광역시 북구 고성동,북구,2723051000,45.38,55.74,5.5,92.78,52.15,53.49,4.7,0,14603,2069,0.1417,0.0,0.0,502.8,0.0,694,1.38,27230,0.52,28082.7,502,965.4,502.8,0.4641,0,9,698.5,1.5975,0.4641,698.5,0.0,14603.0,2069.0,보건의료,60plus,보건의료 (업종대분류),60대 이상 시니어층,대분류
109,대구광역시 수성구 범어4동,수성구,2726054000,45.35,64.96,10.34,10.74,68.19,47.11,72.48,17,18446,2879,0.1561,1.145,0.0,287.9,14.5,974,0.85,27260,1.1922,15472.2,1151,965.4,382.2,0.7541,0,29,516.8,1.7887,0.8824,605.2,0.0148,1024.8,159.9,보건의료,60plus,보건의료 (업종대분류),60대 이상 시니어층,대분류
110,대구광역시 동구 신천4동,동구,2714058000,45.33,58.32,20.13,24.84,52.25,97.58,24.83,9,12937,3115,0.2408,0.395,0.0,534.7,6.6,6933,3.94,27140,0.7957,16258.6,1759,2210.6,655.2,0.3627,0,85,2660.8,1.7119,0.6667,3884.1,0.0051,1293.7,311.5,보건의료,60plus,보건의료 (업종대분류),60대 이상 시니어층,대분류
111,대구광역시 서구 평리3동,서구,2717064000,45.23,45.51,57.05,41.1,22.89,37.18,68.46,9,12090,4445,0.3677,1.075,0.0,1515.9,3.0,808,1.25,27170,0.7793,15513.9,647,830.2,1448.3,0.0,0,17,230.2,1.772,0.0,290.6,0.0139,1209.0,444.5,보건의료,60plus,보건의료 (업종대분류),60대 이상 시니어층,대분류
112,대구광역시 동구 신암5동,동구,2714054100,45.17,29.5,49.27,59.9,74.23,19.8,43.62,3,7315,2883,0.3941,0.743,0.0,273.9,2.0,300,0.96,27140,0.5467,13380.3,314,574.4,366.8,0.9108,0,9,165.0,1.672,1.0,150.3,0.0096,1828.8,720.8,보건의료,60plus,보건의료 (업종대분류),60대 이상 시니어층,대분류
113,대구광역시 북구 산격2동,북구,2723062000,45.03,40.84,58.26,51.18,19.53,91.07,14.09,4,9376,3769,0.402,0.248,0.0,2529.6,4.2,10440,8.27,27230,2.3539,3983.2,1263,536.6,2945.4,0.0,0,84,2052.4,1.5111,0.0,1097.5,0.0032,1875.2,753.8,보건의료,60plus,보건의료 (업종대분류),60대 이상 시니어층,대분류
114,대구광역시 남구 봉덕1동,남구,2720053000,44.64,39.57,57.32,53.7,44.53,26.82,38.93,5,7680,3279,0.427,0.596,0.0,695.9,1.4,448,0.69,27200,0.4881,15734.5,651,1333.7,815.4,0.192,0,12,195.9,1.7448,0.4,280.8,0.0077,1280.0,546.5,보건의료,60plus,보건의료 (업종대분류),60대 이상 시니어층,대분류
115,대구광역시 서구 비산6동,서구,2717060000,44.55,35.44,63.49,94.8,30.27,19.9,4.7,0,6319,3083,0.4879,0.0,0.0,935.7,0.0,200,0.89,27170,0.2715,23274.4,225,828.7,935.7,0.0,0,7,166.1,1.6884,0.0,166.1,0.0,6319.0,3083.0,보건의료,60plus,보건의료 (업종대분류),60대 이상 시니어층,대분류
116,대구광역시 북구 산격1동,북구,2723061000,44.39,25.54,74.5,82.04,20.87,7.85,56.04,3,7370,4125,0.5597,0.936,0.0,1992.6,0.0,69,0.28,27230,0.8679,8491.8,247,284.6,2197.3,0.0,0,5,71.8,1.7525,0.0,80.3,0.0121,1842.5,1031.2,보건의료,60plus,보건의료 (업종대분류),60대 이상 시니어층,대분류
117,대구광역시 동구 신암1동,동구,2714051000,43.35,44.16,43.76,38.42,31.27,43.89,65.1,7,10781,3637,0.3374,1.029,0.0,826.3,3.9,394,0.75,27140,0.606,17790.4,526,868.0,1051.5,0.0,0,10,436.8,1.7965,0.0,720.6,0.0133,1347.6,454.6,보건의료,60plus,보건의료 (업종대분류),60대 이상 시니어층,대분류
118,대구광역시 수성구 황금1동,수성구,2726060100,43.34,49.06,33.56,72.32,34.63,20.77,37.92,3,20820,5066,0.2433,0.58,0.0,702.1,2.0,480,1.2,27260,2.5751,8085.1,399,154.9,851.9,0.0702,0,13,72.8,1.9203,0.0,27.0,0.0075,5205.0,1266.5,보건의료,60plus,보건의료 (업종대분류),60대 이상 시니어층,대분류
119,대구광역시 달성군 유가읍,달성군,2771025900,43.26,57.89,21.34,14.76,15.84,91.88,78.52,18,31236,4491,0.1438,1.245,0.0,11982.0,11.4,4302,3.85,27710,56.1887,555.9,1117,19.9,12162.5,0.0,0,60,1047.5,1.7554,0.0,1496.2,0.0161,1644.0,236.4,보건의료,60plus,보건의료 (업종대분류),60대 이상 시니어층,대분류
120,대구광역시 중구 성내2동,중구,2711057500,43.2,47.95,8.86,3.02,70.47,89.7,70.47,38,9263,1870,0.2019,1.122,0.0,260.0,21.8,6799,2.59,27110,0.9226,10040.1,2628,2848.5,283.2,0.933,0,67,2751.4,1.6254,0.8947,2065.3,0.0145,237.5,47.9,보건의료,60plus,보건의료 (업종대분류),60대 이상 시니어층,대분류
121,대구광역시 수성구 중동,수성구,2726061000,43.16,53.09,29.8,26.85,26.58,51.41,81.21,14,14422,3762,0.2609,1.338,0.0,1141.4,4.6,1100,1.36,27260,0.948,15213.1,808,852.3,1056.8,0.0334,0,38,386.9,1.9604,0.0,537.6,0.0173,961.5,250.8,보건의료,60plus,보건의료 (업종대분류),60대 이상 시니어층,대분류
122,대구광역시 남구 대명11동,남구,2720066000,42.79,30.84,64.56,21.48,35.64,49.4,71.14,9,7152,3472,0.4855,1.137,0.0,665.8,10.4,711,1.16,27200,0.8477,8436.9,614,724.3,687.2,0.0537,0,19,454.2,1.5689,0.0,650.1,0.0147,715.2,347.2,보건의료,60plus,보건의료 (업종대분류),60대 이상 시니어층,대분류
123,대구광역시 서구 평리2동,서구,2717063000,42.74,35.97,49.66,46.81,24.9,17.32,95.3,7,6820,2715,0.3981,2.63,0.0,1339.5,1.3,115,0.56,27170,0.2781,24523.6,206,740.7,1200.3,0.0,0,6,152.3,1.7598,0.0,216.0,0.034,852.5,339.4,보건의료,60plus,보건의료 (업종대분류),60대 이상 시니어층,대분류
124,대구광역시 수성구 만촌2동,수성구,2726056000,42.17,38.96,24.83,24.66,66.95,32.48,85.23,11,13080,3367,0.2574,1.392,0.0,341.4,6.5,469,0.77,27260,1.9514,6702.9,612,313.6,658.5,0.3431,0,17,172.3,1.9354,0.9091,376.3,0.018,1090.0,280.6,보건의료,60plus,보건의료 (업종대분류),60대 이상 시니어층,대분류
125,대구광역시 중구 삼덕동,중구,2711054500,41.7,44.83,3.62,1.01,58.66,85.77,100.0,66,7460,1289,0.1728,3.35,0.0,412.0,44.0,3487,2.29,27110,0.644,11583.9,1526,2369.6,480.0,0.5839,0,70,1719.3,1.8185,0.697,1988.1,0.0433,111.3,19.2,보건의료,60plus,보건의료 (업종대분류),60대 이상 시니어층,대분류
126,대구광역시 달성군 가창면,달성군,2771031000,41.66,15.84,70.34,85.74,16.51,49.53,25.5,2,6719,3727,0.5547,0.402,0.0,5817.1,0.0,2291,5.9,27710,110.4332,60.8,388,3.5,5522.5,0.0,0,32,134.5,1.676,0.0,84.0,0.0052,2239.7,1242.3,보건의료,60plus,보건의료 (업종대분류),60대 이상 시니어층,대분류
127,대구광역시 서구 평리1동,서구,2717062000,41.49,30.6,62.55,94.46,28.25,9.19,4.7,0,6126,2977,0.486,0.0,0.0,1031.4,0.0,68,0.23,27170,0.3656,16756.0,295,806.9,1031.4,0.0,0,4,102.6,1.7586,0.0,102.6,0.0,6126.0,2977.0,보건의료,60plus,보건의료 (업종대분류),60대 이상 시니어층,대분류
128,대구광역시 남구 봉덕2동,남구,2720054000,40.76,33.69,52.08,64.6,23.89,8.52,61.07,6,12852,4472,0.348,0.99,0.0,1417.6,0.7,66,0.14,27200,3.0276,4244.9,470,155.2,1539.8,0.0,0,4,59.5,1.8229,0.0,93.2,0.0128,1836.0,638.9,보건의료,60plus,보건의료 (업종대분류),60대 이상 시니어층,대분류
129,대구광역시 중구 대봉2동,중구,2711069000,40.17,41.61,9.4,73.32,72.08,25.17,14.77,1,5933,1372,0.2312,0.255,3410.6,438.2,0.0,179,0.6,27110,0.2744,21621.7,300,1093.3,300.2,1.0,1,8,220.2,1.8838,1.0,302.0,0.0033,2966.5,686.0,보건의료,60plus,보건의료 (업종대분류),60대 이상 시니어층,대분류
130,대구광역시 동구 신암3동,동구,2714053000,39.32,43.69,24.03,46.31,31.95,49.33,47.32,4,11150,2964,0.2658,0.781,0.0,806.5,3.8,616,1.56,27140,0.6012,18546.2,396,658.7,734.3,0.0581,0,13,452.5,1.8895,0.0,517.8,0.0101,2230.0,592.8,보건의료,60plus,보건의료 (업종대분류),60대 이상 시니어층,대분류
131,대구광역시 중구 동인동,중구,2711051700,38.99,47.95,18.39,31.54,33.96,88.19,22.82,5,10997,2704,0.2459,0.364,0.0,724.4,6.4,2997,2.84,27110,0.9707,11328.9,1055,1086.8,664.1,0.1223,0,30,902.8,1.8018,0.0,1853.6,0.0047,1832.8,450.7,보건의료,60plus,보건의료 (업종대분류),60대 이상 시니어층,대분류
132,대구광역시 북구 검단동,북구,2723068000,38.92,14.26,57.98,86.74,20.54,42.38,27.18,1,5414,2591,0.4786,0.41,0.0,2343.0,0.0,574,3.02,27230,3.7681,1436.8,190,50.4,2658.8,0.0,0,6,208.6,1.7306,0.0,178.0,0.0053,2707.0,1295.5,보건의료,60plus,보건의료 (업종대분류),60대 이상 시니어층,대분류
133,대구광역시 동구 혁신동,동구,2714075500,38.41,46.51,14.23,32.88,34.29,84.1,31.21,6,16501,3087,0.1871,0.449,0.0,723.4,5.0,8600,8.38,27140,17.0739,966.4,1026,60.1,1007.5,0.0,0,102,1121.3,1.8826,0.0,751.5,0.0058,2357.3,441.0,보건의료,60plus,보건의료 (업종대분류),60대 이상 시니어층,대분류
134,대구광역시 북구 산격3동,북구,2723063000,36.37,37.48,28.05,14.76,19.87,70.74,72.48,14,8390,2502,0.2982,1.145,0.0,2496.6,9.7,3619,3.82,27230,1.272,6595.9,947,744.5,2105.0,0.0,0,19,1139.1,1.6083,0.0,499.9,0.0148,559.3,166.8,보건의료,60plus,보건의료 (업종대분류),60대 이상 시니어층,대분류
135,대구광역시 군위군 군위읍,군위군,2772025000,36.37,22.78,66.98,74.0,12.82,2.35,28.86,3,7901,3794,0.4802,0.418,0.0,30899.9,0.7,0,0.0,27720,82.95,95.3,559,6.7,30678.1,0.0,0,0,0.0,1.7561,0.0,0.0,0.0054,1975.2,948.5,보건의료,60plus,보건의료 (업종대분류),60대 이상 시니어층,대분류
136,대구광역시 달성군 하빈면,달성군,2771033000,36.27,10.0,61.74,92.12,17.85,39.6,4.7,0,3104,1979,0.6376,0.0,0.0,3593.4,0.0,850,4.8,27710,37.7234,82.3,177,4.7,3593.4,0.0,0,16,16.9,1.703,0.0,16.9,0.0,3104.0,1979.0,보건의료,60plus,보건의료 (업종대분류),60대 이상 시니어층,대분류
137,대구광역시 북구 산격4동,북구,2723063100,36.09,26.17,56.78,50.67,18.86,51.14,13.42,1,6961,3032,0.4356,0.209,0.0,2690.1,11.0,595,1.62,27230,0.7157,9726.1,368,514.2,2035.1,0.0,0,6,252.6,1.8845,0.0,572.0,0.0027,3480.5,1516.0,보건의료,60plus,보건의료 (업종대분류),60대 이상 시니어층,대분류
138,대구광역시 서구 평리5동,서구,2717066000,36.0,43.12,7.92,41.28,21.54,27.28,93.29,5,10531,1960,0.1861,2.081,0.0,1775.7,2.2,224,1.2,27170,0.4071,25868.3,186,456.9,1832.0,0.0,0,9,214.6,1.864,0.0,224.8,0.0269,1755.2,326.7,보건의료,60plus,보건의료 (업종대분류),60대 이상 시니어층,대분류
139,대구광역시 달성군 구지면,달성군,2771038000,35.14,43.89,21.88,47.65,14.83,45.7,36.58,5,18847,3848,0.2042,0.557,0.0,17129.4,4.0,2321,3.35,27710,39.6367,475.5,693,17.5,17209.4,0.0,0,59,87.9,1.65,0.0,70.0,0.0072,3141.2,641.3,보건의료,60plus,보건의료 (업종대분류),60대 이상 시니어층,대분류
140,대구광역시 북구 침산1동,북구,2723055000,34.88,14.23,57.85,66.94,20.2,10.74,48.99,2,3441,1705,0.4955,0.789,0.0,2438.2,0.0,115,0.59,27230,1.4697,2341.3,196,133.4,1796.3,0.0,0,6,93.6,1.733,0.0,81.5,0.0102,1147.0,568.3,보건의료,60plus,보건의료 (업종대분류),60대 이상 시니어층,대분류
141,대구광역시 서구 평리6동,서구,2717066100,34.0,19.5,33.56,63.92,22.55,30.6,54.03,2,5391,1810,0.3357,0.89,0.0,1575.7,0.5,317,1.82,27170,0.7464,7222.7,174,233.1,1588.9,0.0,0,10,129.4,1.7879,0.0,153.5,0.0115,1797.0,603.3,보건의료,60plus,보건의료 (업종대분류),60대 이상 시니어층,대분류
142,대구광역시 군위군 효령면,군위군,2772032000,32.72,9.8,64.43,93.46,14.5,2.35,4.7,0,3639,2467,0.6779,0.0,0.0,19823.3,0.0,0,0.0,27720,96.6177,37.7,140,1.4,19823.3,0.0,0,0,0.0,1.6874,0.0,0.0,0.0,3639.0,2467.0,보건의료,60plus,보건의료 (업종대분류),60대 이상 시니어층,대분류
143,대구광역시 북구 복현1동,북구,2723067100,32.46,38.56,11.61,31.38,21.88,26.58,79.19,8,7131,1671,0.2343,1.253,0.0,1703.7,3.0,333,0.67,27230,0.3619,19704.3,495,1367.8,1714.4,0.0,0,10,312.4,1.6966,0.0,300.0,0.0162,792.3,185.7,보건의료,60plus,보건의료 (업종대분류),60대 이상 시니어층,대분류
144,대구광역시 군위군 의흥면,군위군,2772035000,31.12,8.66,61.88,89.76,13.15,2.35,4.7,0,2217,1619,0.7303,0.0,0.0,27468.0,0.0,0,0.0,27720,54.4298,40.7,92,1.7,27468.0,0.0,0,0,0.0,1.3958,0.0,0.0,0.0,2217.0,1619.0,보건의료,60plus,보건의료 (업종대분류),60대 이상 시니어층,대분류
145,대구광역시 동구 도평동,동구,2714061500,30.76,9.9,51.68,89.1,19.19,7.38,4.7,0,3371,1576,0.4675,0.0,0.0,2629.1,0.0,41,0.57,27140,19.9271,169.2,72,3.6,2629.1,0.0,0,3,4.2,1.635,0.0,4.2,0.0,3371.0,1576.0,보건의료,60plus,보건의료 (업종대분류),60대 이상 시니어층,대분류
146,대구광역시 군위군 부계면,군위군,2772033000,30.49,8.19,59.46,87.75,15.17,2.35,4.7,0,2106,1422,0.6752,0.0,0.0,14132.4,0.0,0,0.0,27720,65.1498,32.3,156,2.4,14132.4,0.0,0,0,0.0,1.5238,0.0,0.0,0.0,2106.0,1422.0,보건의료,60plus,보건의료 (업종대분류),60대 이상 시니어층,대분류
147,대구광역시 군위군 소보면,군위군,2772031000,30.49,7.79,60.81,89.43,12.48,2.35,4.7,0,2221,1586,0.7141,0.0,0.0,34386.7,0.0,0,0.0,27720,99.6768,22.3,63,0.6,34386.7,0.0,0,0,0.0,1.6534,0.0,0.0,0.0,2221.0,1586.0,보건의료,60plus,보건의료 (업종대분류),60대 이상 시니어층,대분류
148,대구광역시 군위군 우보면,군위군,2772034000,30.06,7.11,60.41,87.42,13.49,2.35,4.7,0,1937,1404,0.7248,0.0,0.0,27265.0,0.0,0,0.0,27720,60.4878,32.0,48,0.8,27265.0,0.0,0,0,0.0,1.6422,0.0,0.0,0.0,1937.0,1404.0,보건의료,60plus,보건의료 (업종대분류),60대 이상 시니어층,대분류
149,대구광역시 군위군 삼국유사면,군위군,2772037000,28.87,6.27,60.27,81.04,13.82,2.35,4.7,0,1330,999,0.7511,0.0,0.0,24412.0,0.0,0,0.0,27720,115.041,11.6,36,0.3,24412.0,0.0,0,0,0.0,1.542,0.0,0.0,0.0,1330.0,999.0,보건의료,60plus,보건의료 (업종대분류),60대 이상 시니어층,대분류
150,대구광역시 군위군 산성면,군위군,2772036000,28.55,6.84,59.6,78.35,14.16,2.35,4.7,0,1201,893,0.7435,0.0,0.0,21435.4,0.0,0,0.0,27720,36.9047,32.5,45,1.2,21435.4,0.0,0,0,0.0,1.3772,0.0,0.0,0.0,1201.0,893.0,보건의료,60plus,보건의료 (업종대분류),60대 이상 시니어층,대분류
1,대구광역시 달서구 상인1동,달서구,2729062400,74.44,90.67,67.85,91.11,72.69,83.62,7.38,0,31919,31919,1.0,0.0,20963.7,455.1,0.0,2895,2.76,27290,1.4947,21354.8,1050,702.5,455.1,0.5638,1,54,886.7,1.7616,0.5638,886.7,0.0,31919.0,31919.0,숙박,all,숙박 (업종대분류),전체 인구,대분류
2,대구광역시 수성구 범어1동,수성구,2726051000,72.9,83.59,63.02,65.6,93.89,81.74,31.21,3,22679,22679,1.0,0.306,19467.9,218.6,1.0,2378,2.41,27260,1.1852,19135.2,988,833.6,239.4,0.996,2,34,1056.3,1.9254,1.0,1101.0,0.003,5669.8,5669.8,숙박,all,숙박 (업종대분류),전체 인구,대분류
3,대구광역시 동구 안심1동,동구,2714072000,72.44,84.53,68.93,68.62,92.82,61.27,29.53,5,37158,37158,1.0,0.285,15850.8,223.7,0.8,2910,1.64,27140,3.4892,10649.4,1776,509.0,428.2,0.5923,2,56,451.6,1.7618,1.0,364.6,0.0028,6193.0,6193.0,숙박,all,숙박 (업종대분류),전체 인구,대분류
4,대구광역시 달서구 감삼동,달서구,2729055500,72.0,92.55,67.32,59.73,83.62,56.44,36.24,6,31125,31125,1.0,0.418,12921.8,351.2,1.5,1705,1.16,27290,1.1434,27221.4,1465,1281.3,450.0,0.641,1,37,514.2,1.8307,1.0,458.0,0.0041,4446.4,4446.4,숙박,all,숙박 (업종대분류),전체 인구,대분류
5,대구광역시 북구 칠성동,북구,2723052600,71.63,85.17,63.56,36.74,92.82,89.03,50.34,9,23657,23657,1.0,0.683,23713.1,243.3,5.0,4486,3.33,27230,1.3907,17010.9,1349,970.0,435.4,0.6308,2,51,877.9,1.5237,1.0,890.9,0.0067,2365.7,2365.7,숙박,all,숙박 (업종대분류),전체 인구,대분류
6,대구광역시 동구 안심4동,동구,2714074700,71.5,74.73,64.9,80.37,87.85,77.45,31.21,3,26289,26289,1.0,0.306,13918.2,284.2,0.0,2726,2.77,27140,2.572,10221.2,985,383.0,390.0,0.7503,2,66,438.1,1.8606,1.0,592.3,0.003,6572.2,6572.2,숙박,all,숙박 (업종대분류),전체 인구,대분류
7,대구광역시 달서구 진천동,달서구,2729061500,70.67,85.24,69.73,72.65,66.78,80.87,21.48,3,49267,49267,1.0,0.153,33114.2,643.4,1.0,3768,1.83,27290,5.3271,9248.4,2063,387.3,538.6,0.6757,3,95,557.9,1.7891,0.6667,1024.3,0.0015,12316.8,12316.8,숙박,all,숙박 (업종대분류),전체 인구,대분류
8,대구광역시 달서구 용산1동,달서구,2729057100,70.48,83.83,65.17,89.43,68.59,78.59,7.38,0,27808,27808,1.0,0.0,12948.6,500.2,0.0,2800,2.8,27290,1.4578,19075.3,1001,686.7,500.2,0.5395,1,27,594.5,1.8138,0.5395,594.5,0.0,27808.0,27808.0,숙박,all,숙박 (업종대분류),전체 인구,대분류
9,대구광역시 북구 동천동,북구,2723078000,69.49,86.88,64.36,29.2,74.5,90.94,59.06,12,24635,24635,1.0,0.856,8538.0,379.3,6.2,4100,2.87,27230,1.0632,23170.6,1429,1344.1,430.1,0.6767,1,118,1498.7,1.7811,0.75,2167.6,0.0084,1895.0,1895.0,숙박,all,숙박 (업종대분류),전체 인구,대분류
10,대구광역시 북구 구암동,북구,2723074500,68.23,74.9,66.51,90.44,78.86,63.25,7.38,0,30230,30230,1.0,0.0,15065.5,349.2,0.0,2117,2.05,27230,4.1947,7206.7,1035,246.7,349.2,0.7449,3,41,403.8,1.7552,0.7449,403.8,0.0,30230.0,30230.0,숙박,all,숙박 (업종대분류),전체 인구,대분류
11,대구광역시 달성군 화원읍,달성군,2771025000,68.02,76.04,69.46,86.08,73.39,54.83,19.13,2,45354,45354,1.0,0.133,17158.0,407.0,0.0,2363,1.56,27710,25.9877,1745.2,1512,58.2,477.2,0.6104,2,64,174.0,1.7733,0.5,305.0,0.0013,15118.0,15118.0,숙박,all,숙박 (업종대분류),전체 인구,대분류
12,대구광역시 달성군 다사읍,달성군,2771025600,67.63,78.79,70.0,88.43,53.86,67.32,19.13,3,88904,88904,1.0,0.133,24793.4,1057.9,0.0,4705,2.03,27710,36.8156,2414.8,2317,62.9,1242.5,0.3423,3,133,475.8,1.7768,0.3333,400.0,0.0013,22226.0,22226.0,숙박,all,숙박 (업종대분류),전체 인구,대분류
13,대구광역시 달서구 월성1동,달서구,2729060100,67.23,80.54,69.2,91.78,39.93,87.38,7.38,0,39423,39423,1.0,0.0,0.0,899.2,0.0,4066,2.83,27290,1.9323,20402.1,1438,744.2,899.2,0.096,0,70,1080.4,1.8341,0.096,1080.4,0.0,39423.0,39423.0,숙박,all,숙박 (업종대분류),전체 인구,대분류
14,대구광역시 동구 신암4동,동구,2714054000,65.76,68.86,58.72,6.38,95.84,82.22,97.99,36,18383,18383,1.0,7.044,43556.8,207.1,20.7,2706,5.19,27140,1.1656,15771.3,521,447.0,378.4,0.7179,2,29,569.0,1.8721,1.0,590.0,0.0691,496.8,496.8,숙박,all,숙박 (업종대분류),전체 인구,대분류
15,대구광역시 달서구 송현2동,달서구,2729064000,65.56,74.03,57.65,78.69,87.11,45.4,24.16,2,17618,17618,1.0,0.204,7829.2,256.8,0.0,831,0.82,27290,0.9693,18176.0,1011,1043.0,449.2,0.6281,1,33,378.6,1.7597,1.0,420.0,0.002,5872.7,5872.7,숙박,all,숙박 (업종대분류),전체 인구,대분류
16,대구광역시 달서구 이곡1동,달서구,2729057600,65.43,70.04,60.07,43.29,94.56,92.42,24.83,2,19663,19663,1.0,0.245,15640.1,172.4,8.0,2777,3.32,27290,1.8033,10903.9,837,464.1,366.7,0.8339,2,56,1398.8,1.8622,1.0,3585.0,0.0024,6554.3,6554.3,숙박,all,숙박 (업종대분류),전체 인구,대분류
17,대구광역시 수성구 만촌3동,수성구,2726056100,65.2,70.03,61.41,84.74,80.4,50.9,20.47,1,20523,20523,1.0,0.143,14504.4,417.7,0.0,797,1.08,27260,1.6947,12110.1,735,433.7,416.1,0.5578,2,13,188.8,1.9243,1.0,478.0,0.0014,10261.5,10261.5,숙박,all,숙박 (업종대분류),전체 인구,대분류
18,대구광역시 달서구 유천동,달서구,2729061700,65.07,73.86,68.66,91.44,50.0,72.22,7.38,0,32864,32864,1.0,0.0,0.0,622.7,0.0,1643,2.26,27290,1.3119,25050.7,728,554.9,622.7,0.2788,0,41,613.2,1.8499,0.2788,613.2,0.0,32864.0,32864.0,숙박,all,숙박 (업종대분류),전체 인구,대분류
19,대구광역시 수성구 고산3동,수성구,2726069000,64.68,67.78,66.24,90.1,75.3,55.54,7.38,0,29136,29136,1.0,0.0,8180.9,377.6,0.0,994,1.18,27260,5.2954,5502.1,841,158.8,377.6,0.8193,1,35,511.9,1.8415,0.8193,511.9,0.0,29136.0,29136.0,숙박,all,숙박 (업종대분류),전체 인구,대분류
20,대구광역시 북구 태전2동,북구,2723073500,63.69,67.82,62.48,50.0,76.31,72.75,46.31,6,21610,21610,1.0,0.632,3795.2,382.7,2.3,2036,2.12,27230,2.0691,10444.2,961,464.5,413.0,0.7815,1,51,470.0,1.797,1.0,596.0,0.0062,3087.1,3087.1,숙박,all,숙박 (업종대분류),전체 인구,대분류
21,"대구광역시 달서구 두류1,2동",달서구,2729053500,63.47,68.36,54.7,22.32,91.68,85.17,64.09,10,15672,15672,1.0,1.07,15669.8,246.8,7.6,3657,3.83,27290,1.2776,12266.8,955,747.5,325.6,0.8597,2,36,680.4,1.903,1.0,618.5,0.0105,1424.7,1424.7,숙박,all,숙박 (업종대분류),전체 인구,대분류
22,대구광역시 수성구 고산2동,수성구,2726068000,63.33,67.85,64.63,64.94,68.53,64.7,35.57,5,25533,25533,1.0,0.398,11450.8,450.6,0.4,6126,4.82,27260,24.337,1049.1,1270,52.2,499.8,0.5976,3,88,249.9,1.894,0.4,214.8,0.0039,4255.5,4255.5,숙박,all,숙박 (업종대분류),전체 인구,대분류
23,대구광역시 수성구 수성1가동,수성구,2726057000,63.06,73.99,56.58,87.08,82.75,33.36,7.38,0,16970,16970,1.0,0.0,11615.6,306.7,0.0,364,0.51,27260,0.6383,26586.2,708,1109.2,306.7,0.8814,1,13,357.1,1.9594,0.8814,357.1,0.0,16970.0,16970.0,숙박,all,숙박 (업종대분류),전체 인구,대분류
24,대구광역시 수성구 범어3동,수성구,2726053000,62.65,71.34,57.12,50.0,69.06,81.08,38.59,5,17016,17016,1.0,0.438,0.0,334.1,2.2,2389,2.07,27260,0.5836,29157.0,1155,1979.1,503.0,0.4978,0,39,1299.8,1.8564,0.8,1417.6,0.0043,2836.0,2836.0,숙박,all,숙박 (업종대분류),전체 인구,대분류
25,대구광역시 남구 대명2동,남구,2720057100,61.23,65.84,53.36,28.69,87.52,52.51,81.21,13,15229,15229,1.0,1.662,7568.7,253.9,3.7,780,0.98,27200,0.8755,17394.6,799,912.6,253.3,0.9862,1,20,331.0,1.8046,1.0,577.0,0.0163,1087.8,1087.8,숙박,all,숙박 (업종대분류),전체 인구,대분류
26,대구광역시 달서구 신당동,달서구,2729058500,60.76,75.64,65.44,6.38,48.79,80.47,86.58,61,27882,27882,1.0,2.518,24240.6,1432.7,14.6,7236,2.94,27290,9.211,3027.0,2465,267.6,821.4,0.4365,2,113,477.8,1.7073,0.2131,542.2,0.0247,449.7,449.7,숙박,all,숙박 (업종대분류),전체 인구,대분류
27,대구광역시 수성구 범어2동,수성구,2726052000,60.63,69.03,53.62,81.38,47.89,82.25,15.77,1,15345,15345,1.0,0.092,10699.6,706.8,0.0,2861,2.62,27260,1.0094,15202.1,1094,1083.8,482.8,0.5384,1,42,1064.7,1.8705,0.0,858.0,0.0009,7672.5,7672.5,숙박,all,숙박 (업종대분류),전체 인구,대분류
28,대구광역시 수성구 지산1동,수성구,2726065100,60.04,65.57,59.26,47.98,72.25,64.23,40.6,6,18617,18617,1.0,0.469,5358.9,395.2,2.3,1776,1.37,27260,2.8948,6431.2,1301,449.4,326.2,0.9101,1,63,541.8,1.8658,0.8333,580.7,0.0046,2659.6,2659.6,숙박,all,숙박 (업종대분류),전체 인구,대분류
29,대구광역시 북구 국우동,북구,2723080000,59.86,61.41,65.97,89.76,54.96,57.98,7.38,0,29112,29112,1.0,0.0,3118.2,759.4,0.0,2431,2.58,27230,16.9087,1721.7,942,55.7,759.4,0.4586,2,41,272.2,1.7701,0.4586,272.2,0.0,29112.0,29112.0,숙박,all,숙박 (업종대분류),전체 인구,대분류
30,대구광역시 달서구 죽전동,달서구,2729056300,59.44,69.8,51.21,50.33,71.54,62.55,37.25,4,14344,14344,1.0,0.428,13243.8,462.2,2.2,1402,1.47,27290,0.7849,18274.9,951,1211.6,343.2,0.8107,1,42,580.0,1.8808,0.75,535.0,0.0042,2868.8,2868.8,숙박,all,숙박 (업종대분류),전체 인구,대분류
31,대구광역시 달서구 상인2동,달서구,2729062500,59.0,65.0,56.04,50.17,83.02,57.28,25.84,3,16737,16737,1.0,0.255,0.0,129.9,3.0,927,0.78,27290,0.9567,17494.5,1185,1238.6,510.6,0.5401,0,33,566.3,1.6938,1.0,759.3,0.0025,4184.2,4184.2,숙박,all,숙박 (업종대분류),전체 인구,대분류
32,대구광역시 수성구 범어4동,수성구,2726054000,58.59,64.96,58.99,66.28,65.57,52.15,23.15,2,18446,18446,1.0,0.173,0.0,462.7,1.0,974,0.85,27260,1.1922,15472.2,1151,965.4,382.2,0.7541,0,29,516.8,1.7887,1.0,530.5,0.0017,6148.7,6148.7,숙박,all,숙박 (업종대분류),전체 인구,대분류
33,대구광역시 수성구 지산2동,수성구,2726065200,58.09,62.55,58.46,54.7,81.07,38.09,34.56,3,18149,18149,1.0,0.387,4126.8,337.7,2.3,928,1.18,27260,1.6406,11062.4,787,479.7,398.0,0.8119,1,26,289.4,1.9254,1.0,228.3,0.0038,4537.2,4537.2,숙박,all,숙박 (업종대분류),전체 인구,대분류
34,대구광역시 수성구 고산1동,수성구,2726067000,57.92,72.28,67.05,86.74,28.29,39.93,15.77,1,31066,31066,1.0,0.092,11318.1,3672.5,0.0,2849,2.52,27260,8.624,3602.3,1132,131.3,600.7,0.4735,1,43,613.8,1.7871,0.0,0.0,0.0009,15533.0,15533.0,숙박,all,숙박 (업종대분류),전체 인구,대분류
35,대구광역시 수성구 두산동,수성구,2726064000,57.5,62.89,52.82,13.26,66.91,80.57,79.87,24,14840,14840,1.0,1.57,4499.5,458.3,7.3,3584,2.3,27260,1.8605,7976.4,1558,837.4,524.0,0.4589,1,72,732.3,1.7103,0.5833,792.5,0.0154,593.6,593.6,숙박,all,숙박 (업종대분류),전체 인구,대분류
36,대구광역시 북구 태전1동,북구,2723072500,57.08,64.33,62.22,48.16,42.92,63.42,53.36,6,21074,21074,1.0,0.754,3814.3,767.2,2.8,1588,1.95,27230,2.5135,8384.3,814,323.9,633.0,0.2862,1,23,327.5,1.7551,0.0,459.8,0.0074,3010.6,3010.6,숙박,all,숙박 (업종대분류),전체 인구,대분류
37,대구광역시 동구 신천3동,동구,2714057000,56.73,58.62,52.55,45.64,59.8,72.45,55.7,6,14835,14835,1.0,0.795,0.0,459.8,2.2,1998,2.59,27140,0.7179,20664.4,770,1072.6,542.0,0.4195,0,48,1228.0,1.9695,0.6667,567.5,0.0078,2119.3,2119.3,숙박,all,숙박 (업종대분류),전체 인구,대분류
38,대구광역시 북구 관문동,북구,2723071500,56.5,64.33,68.12,50.0,29.97,69.53,46.31,5,31975,31975,1.0,0.632,7033.3,2101.1,4.0,2576,3.18,27230,14.8231,2157.1,809,54.6,1662.6,0.3498,3,64,205.6,1.7905,0.0,380.8,0.0062,5329.2,5329.2,숙박,all,숙박 (업종대분류),전체 인구,대분류
39,대구광역시 수성구 수성2·3가동,수성구,2726058000,56.29,51.64,42.88,84.4,81.41,66.1,7.38,0,10185,10185,1.0,0.0,5644.8,276.9,0.0,1441,2.0,27260,0.6602,15427.1,722,1093.6,276.9,0.9848,1,24,550.7,1.8895,0.9848,550.7,0.0,10185.0,10185.0,숙박,all,숙박 (업종대분류),전체 인구,대분류
40,대구광역시 달서구 본리동,달서구,2729059000,56.08,67.85,63.29,37.92,29.56,58.99,70.47,9,22993,22993,1.0,1.264,0.0,1103.0,4.2,1195,1.65,27290,1.0774,21341.2,723,671.1,1208.5,0.0,0,48,381.0,1.8016,0.0,429.1,0.0124,2299.3,2299.3,숙박,all,숙박 (업종대분류),전체 인구,대분류
41,대구광역시 동구 안심3동,동구,2714074200,56.04,57.28,60.6,84.06,49.63,46.37,20.47,1,19897,19897,1.0,0.143,6999.1,606.6,0.0,913,1.28,27140,5.8689,3390.2,714,121.7,457.1,0.556,1,29,232.8,1.9059,0.0,322.0,0.0014,9948.5,9948.5,숙박,all,숙박 (업종대분류),전체 인구,대분류
42,대구광역시 북구 침산2동,북구,2723056000,55.79,60.87,58.19,83.39,24.86,73.36,23.15,1,17835,17835,1.0,0.173,0.0,1545.5,0.0,2202,3.71,27230,0.8533,20901.2,593,694.9,1297.3,0.0,0,23,684.5,1.8863,0.0,442.0,0.0017,8917.5,8917.5,숙박,all,숙박 (업종대분류),전체 인구,대분류
43,대구광역시 북구 읍내동,북구,2723077000,55.63,57.78,63.82,88.76,31.24,67.92,7.38,0,24576,24576,1.0,0.0,0.0,977.2,0.0,1572,1.59,27230,5.6904,4318.9,991,174.2,977.2,0.0,0,37,601.6,1.7105,0.0,601.6,0.0,24576.0,24576.0,숙박,all,숙박 (업종대분류),전체 인구,대분류
44,대구광역시 동구 혁신동,동구,2714075500,55.39,46.51,55.5,83.06,42.31,98.53,16.78,1,16501,16501,1.0,0.102,0.0,570.9,0.0,8600,8.38,27140,17.0739,966.4,1026,60.1,1007.5,0.0,0,102,1121.3,1.8826,0.0,2229.0,0.001,8250.5,8250.5,숙박,all,숙박 (업종대분류),전체 인구,대분류
45,대구광역시 북구 복현2동,북구,2723067200,55.22,63.59,65.7,59.06,25.87,62.02,40.6,3,28733,28733,1.0,0.469,0.0,1517.6,2.7,1348,2.08,27230,1.8078,15893.9,649,359.0,1620.2,0.0,0,39,355.2,1.8941,0.0,432.0,0.0046,7183.2,7183.2,숙박,all,숙박 (업종대분류),전체 인구,대분류
46,대구광역시 달서구 용산2동,달서구,2729057200,54.84,59.93,64.09,89.1,45.23,31.54,7.38,0,24584,24584,1.0,0.0,0.0,752.7,0.0,678,1.31,27290,1.5398,15965.7,518,336.4,752.7,0.1409,0,19,147.4,1.7934,0.1409,147.4,0.0,24584.0,24584.0,숙박,all,숙박 (업종대분류),전체 인구,대분류
47,대구광역시 달서구 이곡2동,달서구,2729057700,54.75,45.34,50.14,21.14,73.29,97.11,72.48,11,14054,14054,1.0,1.295,0.0,340.1,6.9,4290,4.94,27290,2.2612,6215.3,869,384.3,594.7,0.6479,0,81,1744.6,1.7889,1.0,3108.8,0.0127,1171.2,1171.2,숙박,all,숙박 (업종대분류),전체 인구,대분류
48,대구광역시 동구 불로·봉무동,동구,2714062000,54.43,54.77,59.8,79.7,19.83,88.96,22.15,2,19381,19381,1.0,0.163,0.0,2899.7,0.0,4178,3.33,27140,7.6608,2529.9,1256,164.0,2945.5,0.0008,0,57,1075.7,1.7038,0.0,928.5,0.0016,6460.3,6460.3,숙박,all,숙박 (업종대분류),전체 인구,대분류
49,대구광역시 달서구 도원동,달서구,2729062800,54.22,52.85,66.78,90.78,27.88,64.7,7.38,0,30857,30857,1.0,0.0,0.0,1382.2,0.0,1977,3.0,27290,11.188,2758.0,659,58.9,1382.2,0.0,0,41,337.0,1.7287,0.0,337.0,0.0,30857.0,30857.0,숙박,all,숙박 (업종대분류),전체 인구,대분류
50,대구광역시 중구 남산2동,중구,2711065000,54.2,55.0,37.25,10.4,90.6,71.81,79.19,9,7394,7394,1.0,1.55,82629.0,280.6,10.7,863,1.46,27110,0.3916,18881.5,593,1514.3,289.0,1.0,4,11,1474.2,1.9141,1.0,1884.6,0.0152,739.4,739.4,숙박,all,숙박 (업종대분류),전체 인구,대분류
51,대구광역시 중구 대봉1동,중구,2711068000,54.0,57.38,38.05,18.29,92.75,68.16,57.05,9,7666,7666,1.0,0.826,19088.4,235.1,5.3,1613,1.44,27110,0.5627,13623.6,1117,1985.1,194.3,1.0,2,23,833.7,1.8237,1.0,673.1,0.0081,766.6,766.6,숙박,all,숙박 (업종대분류),전체 인구,대분류
52,대구광역시 북구 침산3동,북구,2723057000,53.9,55.91,57.92,87.76,28.22,74.13,7.38,0,17704,17704,1.0,0.0,0.0,1374.8,0.0,1418,2.62,27230,1.0462,16922.2,541,517.1,1374.8,0.0,0,27,644.1,1.8583,0.0,644.1,0.0,17704.0,17704.0,숙박,all,숙박 (업종대분류),전체 인구,대분류
53,대구광역시 남구 대명5동,남구,2720060000,53.73,46.84,40.2,25.84,83.89,77.92,73.83,8,8896,8896,1.0,1.346,11071.1,266.4,4.1,2694,4.44,27200,0.74,12021.6,607,820.3,256.8,0.8666,1,20,557.7,1.8206,0.875,482.5,0.0132,988.4,988.4,숙박,all,숙박 (업종대분류),전체 인구,대분류
54,대구광역시 동구 신천1·2동,동구,2714055500,53.64,55.64,44.23,64.93,92.48,17.75,27.18,1,10994,10994,1.0,0.265,9575.6,167.0,1.0,301,0.78,27140,0.4677,23506.5,384,821.0,304.5,0.8438,1,10,149.9,1.8643,1.0,95.0,0.0026,5497.0,5497.0,숙박,all,숙박 (업종대분류),전체 인구,대분류
55,대구광역시 달성군 유가읍,달성군,2771025900,53.52,57.89,67.58,82.05,16.14,50.6,28.52,3,31236,31236,1.0,0.275,0.0,11677.4,0.0,4302,3.85,27710,56.1887,555.9,1117,19.9,12162.5,0.0,0,60,1047.5,1.7554,0.0,18.7,0.0027,7809.0,7809.0,숙박,all,숙박 (업종대분류),전체 인구,대분류
56,대구광역시 중구 남산4동,중구,2711067000,53.52,57.58,54.97,58.56,56.41,36.45,43.62,2,15842,15842,1.0,0.51,0.0,518.0,2.0,481,1.19,27110,0.449,35282.9,403,897.6,351.8,0.8164,0,16,308.4,1.9455,0.5,247.0,0.005,5280.7,5280.7,숙박,all,숙박 (업종대분류),전체 인구,대분류
57,대구광역시 동구 지저동,동구,2714064000,53.45,41.98,46.38,49.84,58.46,89.26,64.09,4,12323,12323,1.0,1.07,9062.4,642.2,2.0,2021,5.32,27140,2.2358,5511.7,380,170.0,469.2,0.5684,1,12,412.7,1.6623,0.25,1235.5,0.0105,2464.6,2464.6,숙박,all,숙박 (업종대분류),전체 인구,대분류
58,대구광역시 동구 신천4동,동구,2714058000,53.43,58.32,47.45,1.34,46.37,96.92,95.97,77,12937,12937,1.0,4.465,0.0,730.3,34.6,6933,3.94,27140,0.7957,16258.6,1759,2210.6,655.2,0.3627,0,85,2660.8,1.7119,0.1948,2737.9,0.0438,165.9,165.9,숙박,all,숙박 (업종대분류),전체 인구,대분류
59,대구광역시 남구 대명3동,남구,2720058600,53.08,56.34,46.11,35.4,80.0,43.06,53.36,7,12166,12166,1.0,0.754,5897.8,358.8,3.0,1055,1.12,27200,0.9315,13060.7,944,1013.4,415.9,0.7119,1,20,338.9,1.8061,1.0,301.9,0.0074,1520.8,1520.8,숙박,all,숙박 (업종대분류),전체 인구,대분류
60,대구광역시 달서구 성당동,달서구,2729051500,52.91,60.67,60.87,21.48,33.25,62.68,80.54,17,19920,19920,1.0,1.651,0.0,864.1,6.1,2331,2.22,27290,1.9869,10025.7,1049,528.0,917.0,0.0143,0,41,251.2,1.8319,0.0,376.0,0.0162,1106.7,1106.7,숙박,all,숙박 (업종대분류),전체 인구,대분류
61,대구광역시 수성구 범물2동,수성구,2726066200,52.3,41.91,54.16,86.41,65.1,54.26,7.38,0,15526,15526,1.0,0.0,0.0,382.0,0.0,590,1.43,27260,2.122,7316.7,414,195.1,382.0,0.8309,0,14,463.5,1.9377,0.8309,463.5,0.0,15526.0,15526.0,숙박,all,숙박 (업종대분류),전체 인구,대분류
62,대구광역시 중구 성내3동,중구,2711058500,52.0,55.77,48.79,17.78,80.47,21.85,85.91,10,13643,13643,1.0,2.294,5778.9,287.6,8.6,259,0.58,27110,0.7455,18300.5,444,595.6,332.9,0.9302,1,12,257.9,1.9273,0.9,204.2,0.0225,1240.3,1240.3,숙박,all,숙박 (업종대분류),전체 인구,대분류
63,대구광역시 달서구 송현1동,달서구,2729063000,51.99,57.58,55.24,82.38,44.46,28.63,17.79,1,15927,15927,1.0,0.122,6693.2,760.7,0.0,743,0.89,27290,2.4579,6479.9,837,340.5,366.2,0.7921,1,22,209.0,1.8609,0.0,179.0,0.0012,7963.5,7963.5,숙박,all,숙박 (업종대분류),전체 인구,대분류
64,대구광역시 북구 무태조야동,북구,2723069500,51.85,60.47,68.39,72.98,18.82,36.75,25.84,3,32499,32499,1.0,0.255,0.0,3291.5,0.7,1749,1.44,27230,22.8763,1420.6,1211,52.9,3904.0,0.0,0,48,240.2,1.8693,0.0,124.0,0.0025,8124.8,8124.8,숙박,all,숙박 (업종대분류),전체 인구,대분류
65,대구광역시 수성구 만촌1동,수성구,2726055000,51.45,56.54,61.14,55.54,26.21,58.39,41.61,4,20174,20174,1.0,0.479,0.0,1457.4,2.0,2268,2.67,27260,2.6991,7474.3,851,315.3,1236.9,0.0,0,39,434.8,1.9356,0.0,275.8,0.0047,4034.8,4034.8,숙박,all,숙박 (업종대분류),전체 인구,대분류
66,대구광역시 중구 성내2동,중구,2711057500,51.38,47.95,41.54,2.34,70.74,90.03,87.25,67,9263,9263,1.0,2.6,0.0,318.8,20.3,6799,2.59,27110,0.9226,10040.1,2628,2848.5,283.2,0.933,0,67,2751.4,1.6254,0.8507,2200.3,0.0255,136.2,136.2,숙박,all,숙박 (업종대분류),전체 인구,대분류
67,대구광역시 서구 내당1동,서구,2717051000,51.27,54.63,52.01,29.2,36.61,72.95,73.15,6,14683,14683,1.0,1.325,0.0,760.4,7.7,1153,2.5,27170,0.5707,25728.1,461,807.8,613.4,0.3362,0,27,826.7,1.842,0.0,710.3,0.013,2097.6,2097.6,숙박,all,숙박 (업종대분류),전체 인구,대분류
68,대구광역시 달성군 현풍읍,달성군,2771026500,50.82,54.8,61.95,49.16,15.8,72.82,49.66,9,20887,20887,1.0,0.673,0.0,11758.8,1.6,3238,2.36,27710,24.3321,858.4,1373,56.4,12264.0,0.0,0,76,500.4,1.6722,0.0,520.1,0.0066,2088.7,2088.7,숙박,all,숙박 (업종대분류),전체 인구,대분류
69,대구광역시 중구 성내1동,중구,2711056500,50.72,52.62,33.76,2.68,79.8,80.91,77.18,48,5527,5527,1.0,1.437,30098.1,380.2,11.5,4750,1.39,27110,0.759,7281.9,3406,4487.5,324.3,0.8908,1,64,2242.4,1.7374,0.8542,1641.9,0.0141,112.8,112.8,숙박,all,숙박 (업종대분류),전체 인구,대분류
70,대구광역시 동구 효목2동,동구,2714060000,50.69,53.26,50.67,42.11,41.74,54.53,65.44,7,14147,14147,1.0,1.101,0.0,862.9,2.1,897,1.39,27140,0.761,18590.0,647,850.2,915.3,0.085,0,26,459.9,1.8141,0.1429,432.6,0.0108,1768.4,1768.4,숙박,all,숙박 (업종대분류),전체 인구,대분류
71,대구광역시 동구 방촌동,동구,2714067000,50.6,51.51,55.77,78.02,34.59,37.48,33.56,2,16714,16714,1.0,0.347,0.0,828.3,0.0,638,1.08,27140,1.2248,13646.3,592,483.3,972.5,0.0,0,22,212.6,1.7373,0.0,276.5,0.0034,5571.3,5571.3,숙박,all,숙박 (업종대분류),전체 인구,대분류
72,대구광역시 중구 남산1동,중구,2711064000,50.6,42.95,32.95,2.02,88.19,80.67,95.3,29,5062,5062,1.0,4.343,12121.7,272.0,25.4,1968,2.89,27110,0.4193,12072.5,680,1621.8,253.0,1.0,2,25,713.6,2.0125,1.0,792.5,0.0426,168.7,168.7,숙박,all,숙박 (업종대분류),전체 인구,대분류
73,대구광역시 동구 동촌동,동구,2714065500,50.51,43.19,49.33,29.02,61.54,55.77,85.23,12,13815,13815,1.0,2.212,4475.3,535.2,3.2,1690,3.05,27140,4.4612,3096.7,554,124.2,510.3,0.4116,1,31,352.6,1.7752,0.4167,217.7,0.0217,1062.7,1062.7,숙박,all,숙박 (업종대분류),전체 인구,대분류
74,대구광역시 남구 이천동,남구,2720051500,50.36,45.7,50.94,39.43,66.74,36.24,69.13,6,14245,14245,1.0,1.244,0.0,369.5,3.2,350,0.71,27200,1.0429,13659.0,492,471.8,549.3,0.628,0,12,288.2,1.8983,0.8333,359.0,0.0122,2035.0,2035.0,숙박,all,숙박 (업종대분류),전체 인구,대분류
75,대구광역시 수성구 중동,수성구,2726061000,50.14,53.09,51.48,49.66,43.29,46.38,53.36,6,14422,14422,1.0,0.754,0.0,823.1,1.3,1100,1.36,27260,0.948,15213.1,808,852.3,1056.8,0.0334,0,38,386.9,1.9604,0.1667,297.8,0.0074,2060.3,2060.3,숙박,all,숙박 (업종대분류),전체 인구,대분류
76,대구광역시 북구 고성동,북구,2723051000,50.06,55.74,51.74,54.86,39.96,42.75,44.97,3,14603,14603,1.0,0.612,0.0,636.5,2.0,694,1.38,27230,0.52,28082.7,502,965.4,502.8,0.4641,0,9,698.5,1.5975,0.0,288.3,0.006,3650.8,3650.8,숙박,all,숙박 (업종대분류),전체 인구,대분류
77,대구광역시 남구 대명1동,남구,2720056000,49.96,49.7,41.01,26.51,90.6,14.29,78.52,5,9242,9242,1.0,1.499,7928.3,215.3,5.8,142,0.42,27200,0.4605,20069.5,340,738.3,313.8,0.8971,1,10,202.5,1.8727,1.0,132.4,0.0147,1540.3,1540.3,숙박,all,숙박 (업종대분류),전체 인구,대분류
78,대구광역시 수성구 수성4가동,수성구,2726059000,49.93,52.15,46.64,61.58,72.28,18.59,30.2,2,12798,12798,1.0,0.296,0.0,353.2,1.0,423,0.62,27260,0.6138,20850.4,678,1104.6,395.7,0.7478,0,14,458.2,1.9008,1.0,131.0,0.0029,4266.0,4266.0,숙박,all,숙박 (업종대분류),전체 인구,대분류
79,대구광역시 수성구 황금2동,수성구,2726060200,49.9,53.02,45.57,13.42,60.04,71.47,67.11,12,11770,11770,1.0,1.193,2213.9,524.1,9.8,1605,1.56,27260,1.1892,9897.4,1030,866.1,557.5,0.4214,1,58,395.5,1.9253,0.3333,805.9,0.0117,905.4,905.4,숙박,all,숙박 (업종대분류),전체 인구,대분류
80,대구광역시 남구 대명4동,남구,2720059000,49.65,46.07,40.74,20.97,57.78,80.8,77.85,9,9003,9003,1.0,1.448,7282.1,587.4,5.1,1742,2.74,27200,0.76,11846.1,635,835.5,536.5,0.3512,1,20,496.8,1.7378,0.1111,977.7,0.0142,900.3,900.3,숙박,all,숙박 (업종대분류),전체 인구,대분류
81,대구광역시 수성구 황금1동,수성구,2726060100,49.58,49.06,61.68,88.09,41.07,24.12,7.38,0,20820,20820,1.0,0.0,0.0,851.9,0.0,480,1.2,27260,2.5751,8085.1,399,154.9,851.9,0.0702,0,13,72.8,1.9203,0.0702,72.8,0.0,20820.0,20820.0,숙박,all,숙박 (업종대분류),전체 인구,대분류
82,대구광역시 동구 안심2동,동구,2714073000,49.57,44.03,56.84,25.67,39.6,62.79,89.26,11,17002,17002,1.0,2.844,3810.8,1585.1,5.3,1493,3.79,27140,13.3309,1275.4,394,29.6,844.7,0.3046,1,43,159.2,1.8547,0.1818,312.0,0.0279,1416.8,1416.8,숙박,all,숙박 (업종대분류),전체 인구,대분류
83,대구광역시 북구 대현동,북구,2723064500,49.1,58.89,54.43,25.67,37.18,26.61,84.56,17,15618,15618,1.0,2.161,0.0,1062.2,3.9,786,0.98,27230,0.855,18266.7,801,936.8,879.3,0.1423,0,23,239.0,1.7877,0.0588,137.8,0.0212,867.7,867.7,숙박,all,숙박 (업종대분류),전체 인구,대분류
84,대구광역시 중구 동인동,중구,2711051700,48.85,47.95,44.5,18.96,38.29,87.18,82.55,18,10997,10997,1.0,1.743,0.0,692.1,4.8,2997,2.84,27110,0.9707,11328.9,1055,1086.8,664.1,0.1223,0,30,902.8,1.8018,0.0,1201.0,0.0171,578.8,578.8,숙박,all,숙박 (업종대분류),전체 인구,대분류
85,대구광역시 동구 신암2동,동구,2714052000,48.48,47.31,45.03,85.07,50.54,42.05,7.38,0,11446,11446,1.0,0.0,0.0,610.1,0.0,357,1.05,27140,0.3625,31575.2,340,937.9,610.1,0.3059,0,13,392.6,1.7582,0.3059,392.6,0.0,11446.0,11446.0,숙박,all,숙박 (업종대분류),전체 인구,대분류
86,대구광역시 남구 대명10동,남구,2720065000,48.09,50.97,38.86,20.3,74.36,38.46,69.8,8,7805,7805,1.0,1.254,15387.0,425.0,5.1,444,0.68,27200,0.5166,15108.4,650,1258.2,375.5,0.8677,1,12,574.8,1.8044,0.75,392.4,0.0123,867.2,867.2,숙박,all,숙박 (업종대분류),전체 인구,대분류
87,대구광역시 서구 원대동,서구,2717069500,48.04,48.56,42.62,42.78,70.54,27.82,51.68,3,9963,9963,1.0,0.724,7453.5,421.3,3.7,475,1.12,27170,0.6219,16020.3,424,681.8,291.4,0.9009,1,18,230.3,1.6358,0.6667,158.7,0.0071,2490.8,2490.8,숙박,all,숙박 (업종대분류),전체 인구,대분류
88,대구광역시 달서구 두류3동,달서구,2729055000,47.75,48.08,40.47,24.16,78.93,48.99,48.66,5,8931,8931,1.0,0.652,14138.0,452.4,7.0,954,1.22,27290,1.2035,7420.9,781,648.9,263.5,0.9104,1,23,712.8,1.7883,1.0,375.8,0.0064,1488.5,1488.5,숙박,all,숙박 (업종대분류),전체 인구,대분류
89,대구광역시 동구 신암3동,동구,2714053000,47.36,43.69,44.76,24.84,53.22,64.09,71.81,5,11150,11150,1.0,1.284,0.0,565.6,8.2,616,1.56,27140,0.6012,18546.2,396,658.7,734.3,0.0581,0,13,452.5,1.8895,0.4,729.8,0.0126,1858.3,1858.3,숙박,all,숙박 (업종대분류),전체 인구,대분류
90,대구광역시 서구 상중이동,서구,2717067500,47.33,51.27,56.31,57.22,24.53,51.34,32.89,4,16863,16863,1.0,0.336,0.0,1551.0,1.2,3259,2.72,27170,6.7768,2488.3,1196,176.5,1380.9,0.0125,0,73,191.9,1.8364,0.0,140.8,0.0033,3372.6,3372.6,숙박,all,숙박 (업종대분류),전체 인구,대분류
91,대구광역시 달성군 옥포읍,달성군,2771026200,47.23,47.35,62.75,50.5,17.48,27.65,75.17,10,22138,22138,1.0,1.397,0.0,4002.0,1.0,937,1.28,27710,47.4421,466.6,731,15.4,4106.1,0.0,0,39,152.0,1.7783,0.0,41.8,0.0137,2012.5,2012.5,숙박,all,숙박 (업종대분류),전체 인구,대분류
92,대구광역시 달성군 구지면,달성군,2771038000,46.98,43.89,59.53,50.0,14.8,59.46,62.42,7,18847,18847,1.0,1.03,0.0,18925.3,1.7,2321,3.35,27710,39.6367,475.5,693,17.5,17209.4,0.0,0,59,87.9,1.65,0.0,228.9,0.0101,2355.9,2355.9,숙박,all,숙박 (업종대분류),전체 인구,대분류
93,대구광역시 서구 평리4동,서구,2717065000,46.92,61.71,53.09,4.7,26.88,37.89,92.62,36,15025,15025,1.0,3.864,0.0,1413.0,25.2,553,0.58,27170,0.7453,20159.7,950,1274.7,1310.9,0.0,0,29,308.6,1.72,0.0,383.9,0.0379,406.1,406.1,숙박,all,숙박 (업종대분류),전체 인구,대분류
94,대구광역시 중구 삼덕동,중구,2711054500,46.82,44.83,37.52,7.55,57.58,85.1,75.84,21,7460,7460,1.0,1.407,0.0,495.3,8.3,3487,2.29,27110,0.644,11583.9,1526,2369.6,480.0,0.5839,0,70,1719.3,1.8185,0.5238,1515.3,0.0138,339.1,339.1,숙박,all,숙박 (업종대분류),전체 인구,대분류
95,대구광역시 서구 내당4동,서구,2717054000,46.68,54.77,50.4,28.69,32.92,55.9,53.36,6,14119,14119,1.0,0.754,0.0,880.9,7.3,1151,1.42,27170,0.8127,17373.0,812,999.1,644.9,0.2352,0,30,493.5,1.7588,0.0,431.5,0.0074,2017.0,2017.0,숙박,all,숙박 (업종대분류),전체 인구,대분류
96,대구광역시 중구 대신동,중구,2711059500,46.46,58.89,36.44,14.1,86.04,37.62,27.18,7,7249,7249,1.0,0.265,13433.4,320.0,9.3,1301,0.48,27110,0.4899,14796.9,2688,5486.8,169.9,0.9699,1,11,1548.5,0.6257,1.0,312.0,0.0026,906.1,906.1,숙박,all,숙박 (업종대분류),전체 인구,대분류
97,대구광역시 달서구 장기동,달서구,2729056800,46.17,48.05,53.89,55.04,34.26,58.05,17.79,1,15347,15347,1.0,0.122,0.0,850.6,4.0,958,1.13,27290,2.76,5560.5,846,306.5,906.7,0.1548,0,34,327.3,1.8569,0.0,593.0,0.0012,7673.5,7673.5,숙박,all,숙박 (업종대분류),전체 인구,대분류
98,대구광역시 남구 대명6동,남구,2720061000,45.7,33.83,43.16,45.14,64.76,44.56,59.73,5,10276,10276,1.0,0.907,0.0,366.7,1.6,857,1.53,27200,1.5709,6541.5,560,356.5,385.9,0.675,0,13,329.3,1.9196,0.6,269.2,0.0089,1712.7,1712.7,숙박,all,숙박 (업종대분류),전체 인구,대분류
99,대구광역시 남구 봉덕3동,남구,2720055000,45.6,44.29,49.86,25.17,54.06,37.49,67.11,10,14003,14003,1.0,1.193,0.0,575.6,5.2,902,1.05,27200,3.0696,4561.8,858,279.5,904.0,0.1096,0,23,221.5,1.8839,0.5,262.6,0.0117,1273.0,1273.0,숙박,all,숙박 (업종대분류),전체 인구,대분류
100,대구광역시 달서구 본동,달서구,2729065000,45.55,42.75,48.26,32.38,25.2,77.28,67.11,6,13148,13148,1.0,1.193,0.0,1536.3,5.0,1481,2.89,27290,1.0557,12454.3,513,485.9,1394.5,0.0,0,31,371.6,1.8481,0.0,709.3,0.0117,1878.3,1878.3,숙박,all,숙박 (업종대분류),전체 인구,대분류
101,대구광역시 서구 비산1동,서구,2717055000,45.52,34.9,38.59,55.87,78.99,9.93,61.07,2,7738,7738,1.0,0.958,0.0,250.4,1.0,94,0.44,27170,0.4334,17854.2,213,491.5,505.0,0.5352,0,4,115.3,1.5363,1.0,59.5,0.0094,2579.3,2579.3,숙박,all,숙박 (업종대분류),전체 인구,대분류
102,대구광역시 동구 공산동,동구,2714076000,45.33,45.17,60.34,22.65,16.81,43.29,94.63,32,19708,19708,1.0,4.322,0.0,8796.9,3.9,1875,2.49,27140,83.2696,236.7,754,9.1,7174.6,0.0,0,67,61.0,1.6036,0.0,126.7,0.0424,597.2,597.2,숙박,all,숙박 (업종대분류),전체 인구,대분류
103,대구광역시 중구 남산3동,중구,2711066000,44.83,35.81,34.03,28.36,88.46,35.84,61.74,3,5779,5779,1.0,0.979,5728.2,223.1,5.0,404,1.29,27110,0.4076,14178.1,313,767.9,254.0,0.9968,1,10,293.4,1.8445,1.0,233.7,0.0096,1444.8,1444.8,숙박,all,숙박 (업종대분류),전체 인구,대분류
104,대구광역시 북구 관음동,북구,2723075000,44.73,37.78,49.06,34.9,29.23,76.54,63.09,6,13689,13689,1.0,1.05,0.0,1157.9,4.2,1198,2.05,27230,3.0672,4463.0,584,190.4,1468.8,0.0,0,23,374.4,1.7842,0.0,1498.2,0.0103,1955.6,1955.6,숙박,all,숙박 (업종대분류),전체 인구,대분류
105,대구광역시 동구 해안동,동구,2714068500,44.66,40.2,47.18,71.31,37.55,20.67,47.65,3,12925,12925,1.0,0.642,11140.2,1400.8,0.0,480,1.01,27140,13.264,974.4,475,35.8,755.4,0.0589,2,23,160.5,1.8161,0.0,65.3,0.0063,3231.2,3231.2,숙박,all,숙박 (업종대분류),전체 인구,대분류
106,대구광역시 수성구 만촌2동,수성구,2726056000,44.63,38.96,47.72,85.74,48.79,24.77,7.38,0,13080,13080,1.0,0.0,0.0,658.5,0.0,469,0.77,27260,1.9514,6702.9,612,313.6,658.5,0.3431,0,17,172.3,1.9354,0.3431,172.3,0.0,13080.0,13080.0,숙박,all,숙박 (업종대분류),전체 인구,대분류
107,대구광역시 서구 내당2·3동,서구,2717052500,44.59,37.48,39.4,31.04,73.62,37.25,60.4,4,8091,8091,1.0,0.917,0.0,339.7,4.8,287,0.65,27170,0.4967,16289.5,443,891.9,456.6,0.6524,0,13,339.8,1.6893,1.0,397.2,0.009,1618.2,1618.2,숙박,all,숙박 (업종대분류),전체 인구,대분류
108,대구광역시 중구 대봉2동,중구,2711069000,44.43,41.61,34.3,21.82,81.88,20.81,74.5,4,5933,5933,1.0,1.356,3410.6,314.4,6.5,179,0.6,27110,0.2744,21621.7,300,1093.3,300.2,1.0,1,8,220.2,1.8838,1.0,192.2,0.0133,1186.6,1186.6,숙박,all,숙박 (업종대분류),전체 인구,대분류
109,대구광역시 달서구 월성2동,달서구,2729060200,43.93,31.98,48.52,75.34,20.84,62.41,39.6,2,13435,13435,1.0,0.449,0.0,2253.8,0.0,2943,6.47,27290,7.6185,1763.5,455,59.7,1831.7,0.0,0,41,250.2,1.7894,0.0,208.0,0.0044,4478.3,4478.3,숙박,all,숙박 (업종대분류),전체 인구,대분류
110,대구광역시 동구 신암5동,동구,2714054100,43.85,29.5,36.71,72.99,78.32,17.45,32.21,1,7315,7315,1.0,0.326,0.0,255.6,0.0,300,0.96,27140,0.5467,13380.3,314,574.4,366.8,0.9108,0,9,165.0,1.672,1.0,63.0,0.0032,3657.5,3657.5,숙박,all,숙박 (업종대분류),전체 인구,대분류
111,대구광역시 서구 비산5동,서구,2717059000,43.84,36.08,32.68,11.24,90.67,24.03,87.92,9,4744,4744,1.0,2.722,7774.7,213.2,7.6,128,0.38,27170,0.3445,13770.7,337,978.2,201.9,1.0,2,4,204.0,1.6091,1.0,263.0,0.0267,474.4,474.4,숙박,all,숙박 (업종대분류),전체 인구,대분류
112,대구광역시 서구 비산7동,서구,2717061000,43.73,40.94,41.28,4.7,61.24,41.04,91.95,27,9260,9260,1.0,3.374,2543.2,528.6,12.4,1162,1.43,27170,2.584,3583.6,815,315.4,513.8,0.4699,1,25,189.6,1.6054,0.4444,206.4,0.0331,330.7,330.7,숙박,all,숙박 (업종대분류),전체 인구,대분류
113,대구광역시 달성군 논공읍,달성군,2771025300,43.34,42.72,52.28,46.3,17.14,37.11,68.46,12,14804,14804,1.0,1.203,0.0,8442.8,0.2,1664,1.63,27710,44.0501,336.1,1021,23.2,8220.1,0.0,0,42,76.6,1.7366,0.0,75.2,0.0118,1138.8,1138.8,숙박,all,숙박 (업종대분류),전체 인구,대분류
114,대구광역시 서구 평리5동,서구,2717066000,43.19,43.12,43.42,54.53,21.84,35.67,65.44,2,10531,10531,1.0,1.101,0.0,1921.4,2.0,224,1.2,27170,0.4071,25868.3,186,456.9,1832.0,0.0,0,9,214.6,1.864,0.0,276.0,0.0108,3510.3,3510.3,숙박,all,숙박 (업종대분류),전체 인구,대분류
115,대구광역시 수성구 상동,수성구,2726062000,42.83,50.27,49.6,37.08,27.55,24.26,57.05,8,13938,13938,1.0,0.826,0.0,1385.4,2.8,678,0.69,27260,1.3277,10497.9,986,742.6,1288.9,0.0,0,28,118.7,1.9138,0.0,156.5,0.0081,1548.7,1548.7,숙박,all,숙박 (업종대분류),전체 인구,대분류
116,대구광역시 북구 산격2동,북구,2723062000,42.7,40.84,41.81,33.72,19.49,98.79,42.28,6,9376,9376,1.0,0.489,0.0,3016.5,3.0,10440,8.27,27230,2.3539,3983.2,1263,536.6,2945.4,0.0,0,84,2052.4,1.5111,0.0,2624.7,0.0048,1339.4,1339.4,숙박,all,숙박 (업종대분류),전체 인구,대분류
117,대구광역시 북구 노원동,북구,2723079000,42.66,41.04,43.96,21.81,54.26,43.02,58.39,9,10954,10954,1.0,0.836,0.0,546.1,5.4,1224,1.11,27230,3.0536,3587.2,1104,361.5,693.4,0.3207,0,44,266.5,1.7025,0.4444,294.0,0.0082,1095.4,1095.4,숙박,all,숙박 (업종대분류),전체 인구,대분류
118,대구광역시 남구 대명9동,남구,2720064000,42.63,40.1,47.99,28.86,35.27,29.93,83.89,16,13110,13110,1.0,2.08,0.0,775.7,2.4,762,0.97,27200,3.1401,4175.0,785,250.0,817.3,0.0038,0,28,184.2,1.8211,0.0,203.3,0.0204,771.2,771.2,숙박,all,숙박 (업종대분류),전체 인구,대분류
119,대구광역시 동구 효목1동,동구,2714059000,42.28,40.84,45.3,9.73,39.33,45.44,90.6,25,11472,11472,1.0,3.272,0.0,969.7,7.8,901,1.16,27140,1.4646,7832.9,779,531.9,849.0,0.1592,0,32,179.1,1.7622,0.12,355.4,0.0321,441.2,441.2,숙박,all,숙박 (업종대분류),전체 인구,대분류
120,대구광역시 수성구 파동,수성구,2726063000,41.95,38.99,57.38,87.42,23.19,14.5,7.38,0,17133,17133,1.0,0.0,0.0,1661.7,0.0,264,0.81,27260,5.4129,3165.2,326,60.2,1661.7,0.0,0,13,28.4,1.8928,0.0,28.4,0.0,17133.0,17133.0,숙박,all,숙박 (업종대분류),전체 인구,대분류
121,대구광역시 남구 봉덕1동,남구,2720053000,41.62,39.57,38.32,40.27,50.87,29.16,55.03,5,7680,7680,1.0,0.785,0.0,630.4,1.8,448,0.69,27200,0.4881,15734.5,651,1333.7,815.4,0.192,0,12,195.9,1.7448,0.4,246.2,0.0077,1280.0,1280.0,숙박,all,숙박 (업종대분류),전체 인구,대분류
122,대구광역시 서구 평리3동,서구,2717064000,40.81,45.51,45.84,38.93,25.53,36.85,46.31,4,12090,12090,1.0,0.632,0.0,1535.9,4.2,808,1.25,27170,0.7793,15513.9,647,830.2,1448.3,0.0,0,17,230.2,1.772,0.0,210.8,0.0062,2418.0,2418.0,숙박,all,숙박 (업종대분류),전체 인구,대분류
123,대구광역시 동구 신암1동,동구,2714051000,40.65,44.16,43.69,45.8,29.9,28.79,44.3,3,10781,10781,1.0,0.581,0.0,1085.5,3.0,394,0.75,27140,0.606,17790.4,526,868.0,1051.5,0.0,0,10,436.8,1.7965,0.0,236.0,0.0057,2695.2,2695.2,숙박,all,숙박 (업종대분류),전체 인구,대분류
124,대구광역시 수성구 범물1동,수성구,2726066100,40.42,34.66,42.35,76.01,29.36,28.93,28.52,1,9654,9654,1.0,0.275,11108.8,3067.5,0.0,781,2.11,27260,5.8003,1664.4,370,63.8,338.1,0.9676,2,13,815.3,1.6642,0.0,0.0,0.0027,4827.0,4827.0,숙박,all,숙박 (업종대분류),전체 인구,대분류
125,대구광역시 북구 산격3동,북구,2723063000,40.4,37.48,39.93,49.5,20.5,69.4,37.25,4,8390,8390,1.0,0.428,0.0,2296.1,0.8,3619,3.82,27230,1.272,6595.9,947,744.5,2105.0,0.0,0,19,1139.1,1.6083,0.0,319.2,0.0042,1678.0,1678.0,숙박,all,숙박 (업종대분류),전체 인구,대분류
126,대구광역시 서구 비산4동,서구,2717058000,39.7,37.68,39.66,56.88,31.91,22.75,48.66,2,8143,8143,1.0,0.652,0.0,938.0,1.0,256,0.82,27170,0.434,18762.7,311,716.6,872.3,0.0579,0,12,200.0,1.7548,0.0,167.0,0.0064,2714.3,2714.3,숙박,all,숙박 (업종대분류),전체 인구,대분류
127,대구광역시 남구 봉덕2동,남구,2720054000,38.91,33.69,46.91,74.66,23.86,7.85,38.59,2,12852,12852,1.0,0.438,0.0,1586.6,0.0,66,0.14,27200,3.0276,4244.9,470,155.2,1539.8,0.0,0,4,59.5,1.8229,0.0,36.5,0.0043,4284.0,4284.0,숙박,all,숙박 (업종대분류),전체 인구,대분류
128,대구광역시 달서구 상인3동,달서구,2729062600,37.95,25.64,42.08,83.72,28.55,42.68,7.38,0,9445,9445,1.0,0.0,0.0,1319.7,0.0,464,1.28,27290,3.3085,2854.8,363,109.7,1319.7,0.0,0,13,327.8,1.7064,0.0,327.8,0.0,9445.0,9445.0,숙박,all,숙박 (업종대분류),전체 인구,대분류
129,대구광역시 남구 대명11동,남구,2720066000,37.7,30.84,36.18,43.8,35.6,50.07,42.95,3,7152,7152,1.0,0.5,0.0,767.3,2.0,711,1.16,27200,0.8477,8436.9,614,724.3,687.2,0.0537,0,19,454.2,1.5689,0.0,450.3,0.0049,1788.0,1788.0,숙박,all,숙박 (업종대분류),전체 인구,대분류
130,대구광역시 서구 비산6동,서구,2717060000,37.31,35.44,34.83,29.53,32.25,21.24,83.22,4,6319,6319,1.0,1.815,0.0,928.4,4.0,200,0.89,27170,0.2715,23274.4,225,828.7,935.7,0.0,0,7,166.1,1.6884,0.0,147.0,0.0178,1263.8,1263.8,숙박,all,숙박 (업종대분류),전체 인구,대분류
131,대구광역시 서구 평리2동,서구,2717063000,36.74,35.97,35.37,80.7,28.89,16.98,7.38,0,6820,6820,1.0,0.0,0.0,1200.3,0.0,115,0.56,27170,0.2781,24523.6,206,740.7,1200.3,0.0,0,6,152.3,1.7598,0.0,152.3,0.0,6820.0,6820.0,숙박,all,숙박 (업종대분류),전체 인구,대분류
132,대구광역시 서구 평리1동,서구,2717062000,36.69,30.6,34.56,64.26,30.9,12.21,51.01,2,6126,6126,1.0,0.693,0.0,1008.6,0.0,68,0.23,27170,0.3656,16756.0,295,806.9,1031.4,0.0,0,4,102.6,1.7586,0.0,130.0,0.0068,2042.0,2042.0,숙박,all,숙박 (업종대분류),전체 인구,대분류
133,대구광역시 서구 비산2·3동,서구,2717056500,36.42,34.5,37.78,38.42,51.04,16.38,34.56,2,7550,7550,1.0,0.387,0.0,645.5,5.0,276,0.53,27170,0.555,13603.6,523,942.3,678.0,0.3078,0,13,196.2,1.5586,0.5,137.5,0.0038,2516.7,2516.7,숙박,all,숙박 (업종대분류),전체 인구,대분류
134,대구광역시 북구 복현1동,북구,2723067100,36.17,38.56,35.91,6.21,22.85,33.96,96.64,26,7131,7131,1.0,5.352,0.0,1789.9,8.3,333,0.67,27230,0.3619,19704.3,495,1367.8,1714.4,0.0,0,10,312.4,1.6966,0.0,335.7,0.0525,264.1,264.1,숙박,all,숙박 (업종대분류),전체 인구,대분류
135,대구광역시 북구 산격4동,북구,2723063100,35.42,26.17,35.64,29.7,22.18,38.05,88.59,10,6961,6961,1.0,2.773,0.0,1909.5,2.1,595,1.62,27230,0.7157,9726.1,368,514.2,2035.1,0.0,0,6,252.6,1.8845,0.0,203.7,0.0272,632.8,632.8,숙박,all,숙박 (업종대분류),전체 인구,대분류
136,대구광역시 북구 산격1동,북구,2723061000,34.82,25.54,36.98,67.28,21.17,7.85,57.05,2,7370,7370,1.0,0.826,0.0,2184.6,0.0,69,0.28,27230,0.8679,8491.8,247,284.6,2197.3,0.0,0,5,71.8,1.7525,0.0,27.0,0.0081,2456.7,2456.7,숙박,all,숙박 (업종대분류),전체 인구,대분류
137,대구광역시 달성군 가창면,달성군,2771031000,33.82,15.84,35.1,36.41,16.47,47.85,93.29,16,6719,6719,1.0,4.2,0.0,9146.7,0.4,2291,5.9,27710,110.4332,60.8,388,3.5,5522.5,0.0,0,32,134.5,1.676,0.0,7.6,0.0412,395.2,395.2,숙박,all,숙박 (업종대분류),전체 인구,대분류
138,대구광역시 군위군 군위읍,군위군,2772025000,31.96,22.78,39.13,52.86,13.12,2.86,71.14,7,7901,7901,1.0,1.274,0.0,31177.2,0.0,0,0.0,27720,82.95,95.3,559,6.7,30678.1,0.0,0,0,0.0,1.7561,0.0,0.0,0.0125,987.6,987.6,숙박,all,숙박 (업종대분류),전체 인구,대분류
139,대구광역시 달성군 하빈면,달성군,2771033000,31.4,10.0,31.61,41.1,18.49,49.5,81.88,3,3104,3104,1.0,1.723,0.0,3444.3,0.7,850,4.8,27710,37.7234,82.3,177,4.7,3593.4,0.0,0,16,16.9,1.703,0.0,167.0,0.0169,776.0,776.0,숙박,all,숙박 (업종대분류),전체 인구,대분류
140,대구광역시 서구 평리6동,서구,2717066100,31.34,19.5,33.22,77.02,23.52,30.27,7.38,0,5391,5391,1.0,0.0,0.0,1588.9,0.0,317,1.82,27170,0.7464,7222.7,174,233.1,1588.9,0.0,0,10,129.4,1.7879,0.0,129.4,0.0,5391.0,5391.0,숙박,all,숙박 (업종대분류),전체 인구,대분류
141,대구광역시 북구 검단동,북구,2723068000,31.1,14.26,33.49,77.35,20.17,47.58,7.38,0,5414,5414,1.0,0.0,0.0,2658.8,0.0,574,3.02,27230,3.7681,1436.8,190,50.4,2658.8,0.0,0,6,208.6,1.7306,0.0,208.6,0.0,5414.0,5414.0,숙박,all,숙박 (업종대분류),전체 인구,대분류
142,대구광역시 동구 도평동,동구,2714061500,29.44,9.9,31.88,60.57,18.15,6.38,76.51,1,3371,3371,1.0,1.417,0.0,3465.1,0.0,41,0.57,27140,19.9271,169.2,72,3.6,2629.1,0.0,0,3,4.2,1.635,0.0,0.0,0.0139,1685.5,1685.5,숙박,all,숙박 (업종대분류),전체 인구,대분류
143,대구광역시 군위군 의흥면,군위군,2772035000,27.42,8.66,31.07,47.48,13.79,2.86,91.28,3,2217,2217,1.0,3.323,0.0,26516.6,0.0,0,0.0,27720,54.4298,40.7,92,1.7,27468.0,0.0,0,0,0.0,1.3958,0.0,0.0,0.0326,554.2,554.2,숙박,all,숙박 (업종대분류),전체 인구,대분류
144,대구광역시 군위군 우보면,군위군,2772034000,27.31,7.11,30.54,49.16,13.45,2.86,93.96,2,1937,1937,1.0,4.251,0.0,26860.0,0.0,0,0.0,27720,60.4878,32.0,48,0.8,27265.0,0.0,0,0,0.0,1.6422,0.0,0.0,0.0417,645.7,645.7,숙박,all,숙박 (업종대분류),전체 인구,대분류
145,대구광역시 군위군 소보면,군위군,2772031000,27.28,7.79,31.34,49.84,12.78,2.86,89.93,2,2221,2221,1.0,3.232,0.0,39253.0,0.0,0,0.0,27720,99.6768,22.3,63,0.6,34386.7,0.0,0,0,0.0,1.6534,0.0,0.0,0.0317,740.3,740.3,숙박,all,숙박 (업종대분류),전체 인구,대분류
146,대구광역시 북구 침산1동,북구,2723055000,26.95,14.23,32.15,71.98,22.51,13.42,7.38,0,3441,3441,1.0,0.0,0.0,1796.3,0.0,115,0.59,27230,1.4697,2341.3,196,133.4,1796.3,0.0,0,6,93.6,1.733,0.0,93.6,0.0,3441.0,3441.0,숙박,all,숙박 (업종대분류),전체 인구,대분류
147,대구광역시 군위군 효령면,군위군,2772032000,26.95,9.8,32.42,34.06,15.13,2.86,98.66,10,3639,3639,1.0,7.279,0.0,17549.0,0.8,0,0.0,27720,96.6177,37.7,140,1.4,19823.3,0.0,0,0,0.0,1.6874,0.0,0.0,0.0714,330.8,330.8,숙박,all,숙박 (업종대분류),전체 인구,대분류
148,대구광역시 군위군 산성면,군위군,2772036000,26.86,6.84,30.0,44.13,14.46,2.86,97.32,3,1201,1201,1.0,6.8,0.0,22421.9,0.0,0,0.0,27720,36.9047,32.5,45,1.2,21435.4,0.0,0,0,0.0,1.3772,0.0,0.0,0.0667,300.2,300.2,숙박,all,숙박 (업종대분류),전체 인구,대분류
149,대구광역시 군위군 부계면,군위군,2772033000,25.26,8.19,30.8,27.35,15.47,2.86,99.33,29,2106,2106,1.0,18.951,0.0,12681.7,1.2,0,0.0,27720,65.1498,32.3,156,2.4,14132.4,0.0,0,0,0.0,1.5238,0.0,0.0,0.1859,70.2,70.2,숙박,all,숙박 (업종대분류),전체 인구,대분류
150,대구광역시 군위군 삼국유사면,군위군,2772037000,25.1,6.27,30.27,31.71,14.12,2.86,100.0,10,1330,1330,1.0,28.32,0.0,23021.1,0.8,0,0.0,27720,115.041,11.6,36,0.3,24412.0,0.0,0,0,0.0,1.542,0.0,0.0,0.2778,120.9,120.9,숙박,all,숙박 (업종대분류),전체 인구,대분류
