년월,정류소명,승차,하차
2014-01-01,(주)성안건너,20,101
2014-01-01,(주)영화건너,2,129
2014-01-01,(주)영화앞,535,0
2014-01-01,1차서한화성타운건너,215,77
2014-01-01,1차서한화성타운앞,545,74
2014-01-01,2.28기념중앙공원건너1,64783,12369
2014-01-01,2.28기념중앙공원건너2,19777,11879
2014-01-01,2.28기념중앙공원앞,146935,17049
2014-01-01,2차대자연맨션건너,2156,781
2014-01-01,2차대자연맨션앞,7383,959
2014-01-01,2차서한화성타운건너,32685,2189
2014-01-01,2차서한화성타운앞,16712,2831
2014-01-01,2호선반월당역1,25555,5491
2014-01-01,2호선반월당역2,15672,4998
2014-01-01,3공단새마을금고앞,4701,1548
2014-01-01,CGV대구한일건너,115005,19109
2014-01-01,CGV대구한일앞,32360,5276
2014-01-01,IHL건너,66,3
2014-01-01,IHL앞,59,4
2014-01-01,K-2입구,1987,528
2014-01-01,K2관사입구(종점),1964,48
2014-01-01,KT남대구지사건너1,10275,3234
2014-01-01,KT남대구지사건너2,1591,612
2014-01-01,KT남대구지사앞1,21441,7592
2014-01-01,KT남대구지사앞2,1126,1851
2014-01-01,KT동대구지사건너,24794,13360
2014-01-01,KT동대구지사앞,16517,2066
2014-01-01,KT북대구지사건너,3658,343
2014-01-01,KT북대구지사앞,6497,645
2014-01-01,KT상동지사건너,3032,232
2014-01-01,KT상동지사앞,841,465
2014-01-01,KT서대구지사건너,21837,2671
2014-01-01,KT서대구지사앞,16783,6628
2014-01-01,LG물류센터건너,2852,1593
2014-01-01,LG물류센터앞,7444,3432
2014-01-01,LH5단지아파트앞,519,18
2014-01-01,MBC네거리,9203,2601
2014-01-01,SK리더스뷰건너,13985,2057
2014-01-01,SK리더스뷰앞,5566,1915
2014-01-01,STX메탈건너,1169,3956
2014-01-01,STX메탈앞,35,692
2014-01-01,TBC건너,12714,591
2014-01-01,TBC앞,2946,2042
2014-01-01,TCN대구방송건너,1988,262
2014-01-01,TCN대구방송앞,2637,369
2014-01-01,㈜윔스건너,139,182
2014-01-01,㈜윔스앞,253,27
2014-01-01,가야농원,206,0
2014-01-01,가창농협건너,2254,2664
2014-01-01,가창농협앞,8867,329
2014-01-01,가창댐,4,1
2014-01-01,가창면사무소건너,4473,1696
2014-01-01,가창면사무소앞,8707,737
2014-01-01,가창중학교건너,416,18
2014-01-01,가창중학교앞,88,94
2014-01-01,가창초등학교건너,3518,312
2014-01-01,가창초등학교앞,660,30
2014-01-01,가천동앞,123,8
2014-01-01,가천리,74,22
2014-01-01,가태리마을회관건너,294,0
2014-01-01,가태리마을회관앞,7,11
2014-01-01,각산역(1번출구),7199,1264
2014-01-01,각산역(2번출구),1308,1095
2014-01-01,갈실마을회관종점,360,5
2014-01-01,감문1리1,7,0
2014-01-01,감문1리2,343,0
2014-01-01,감문1리3,0,14
2014-01-01,감문1리4,16,0
2014-01-01,감삼네거리1,16162,5617
2014-01-01,감삼네거리2,52518,23932
2014-01-01,감삼초등학교건너,8137,1515
2014-01-01,감삼초등학교앞,6729,995
2014-01-01,갓골건너,459,0
2014-01-01,갓골앞,0,18
2014-01-01,갓바위,22712,14
2014-01-01,강남약국건너,51750,11658
2014-01-01,강남약국앞1,26514,7792
2014-01-01,강남약국앞2,9225,1279
2014-01-01,강동중·고등학교,4,185
2014-01-01,강동중·고등학교건너,5346,14
2014-01-01,강변동서마을건너,5427,231
2014-01-01,강변동서마을앞,3011,1339
2014-01-01,강북경찰서건너,1272,906
2014-01-01,강북경찰서앞,1828,425
2014-01-01,강북중학교건너,110,1255
2014-01-01,강북중학교앞,8944,15
2014-01-01,강산아파트건너,4336,7990
2014-01-01,강산아파트앞,5624,1141
2014-01-01,강정(종점),14,0
2014-01-01,강정보(디아크문화관)건너,24,4
2014-01-01,강정보(디아크문화관)입구,185,1
2014-01-01,강창교1,3261,215
2014-01-01,강창교2,117,702
2014-01-01,강창역(1번출구),5260,585
2014-01-01,강창역(2번출구),21915,945
2014-01-01,강창하이츠,7983,545
2014-01-01,거동교1,656,366
2014-01-01,거동교2,425,612
2014-01-01,건들바위건너,1133,717
2014-01-01,건들바위앞,566,1627
2014-01-01,건영아파트건너,12747,7732
2014-01-01,건영캐스빌건너,11917,1337
2014-01-01,건영캐스빌앞,720,883
2014-01-01,검단119안전센터(엑스코),47,36
2014-01-01,검단동대구축협앞,5106,57
2014-01-01,검단동주민센터1,11,1
2014-01-01,검단동주민센터2,3,128
2014-01-01,검단동주민센터건너,10902,87
2014-01-01,검단동주민센터앞,48,531
2014-01-01,검단상가아파트건너,217,19
2014-01-01,검단상가아파트앞,335,63
2014-01-01,검단유성아파트(서편),7677,1570
2014-01-01,검단유성아파트건너,5548,1188
2014-01-01,검단유성아파트앞,16837,4047
2014-01-01,경기장네거리1,5182,1430
2014-01-01,경기장네거리2,4513,522
2014-01-01,경대교2,3721,704
2014-01-01,경대교건너,737,139
2014-01-01,경대교앞,181,995
2014-01-01,경대사대부설고등학교앞,18285,9498
2014-01-01,경대아파트건너,25138,2514
2014-01-01,경대아파트앞,7527,2044
2014-01-01,경덕여고,523,308
2014-01-01,경동산업앞,45,0
2014-01-01,경명여고건너,2621,615
2014-01-01,경명여고앞,2036,1328
2014-01-01,경북고교종점,280,211
2014-01-01,경북고등학교건너,11332,3225
2014-01-01,경북고등학교앞,16961,1426
2014-01-01,경북고등학교종점건너,136,5
2014-01-01,경북공고건너,4814,4267
2014-01-01,경북공고앞,6646,3959
2014-01-01,경북공무원교육원1,582,367
2014-01-01,경북공무원교육원2,37,25
2014-01-01,경북교통,5798,1965
2014-01-01,경북교통앞,2319,2014
2014-01-01,경북기계공고건너,9280,3591
2014-01-01,경북기계공고앞,7741,4827
2014-01-01,경북농업기술원건너,39,294
2014-01-01,경북농업기술원앞,88,15
2014-01-01,경북대체육센터건너,9358,773
2014-01-01,경북대체육센터앞,3563,5138
2014-01-01,경북대학교병원건너,22204,9608
2014-01-01,경북대학교병원앞,39079,8829
2014-01-01,경북대학교북문건너,77127,2149
2014-01-01,경북대학교북문앞,34165,7139
2014-01-01,경북대학교서문건너,9775,1202
2014-01-01,경북대학교서문앞,3117,901
2014-01-01,경북대학교정문건너,9097,2949
2014-01-01,경북대학교정문앞,23063,5205
2014-01-01,경북대학교치과병원,20830,9319
2014-01-01,경북아파트건너(고산동),19083,3716
2014-01-01,경북아파트건너(신천동),7760,13103
2014-01-01,경북아파트앞(고산동),11217,4140
2014-01-01,경북아파트앞(신천동),5103,3598
2014-01-01,경북여상건너,11588,8586
2014-01-01,경북여상앞,11228,2634
2014-01-01,경북크랑크,1951,18
2014-01-01,경상감영공원건너,112366,18163
2014-01-01,경상감영공원앞,79678,57149
2014-01-01,경상북도농업인회관,391,11
2014-01-01,경상여자고등학교건너,3634,347
2014-01-01,경상여자고등학교앞,7234,5278
2014-01-01,경서중학교건너,247,589
2014-01-01,경서중학교앞,1844,103
2014-01-01,경신고등학교건너,49727,6552
2014-01-01,경신고등학교앞,34859,11028
2014-01-01,경운초등학교건너,1810,856
2014-01-01,경운초등학교앞,4980,5794
2014-01-01,경원고등학교건너,549,35
2014-01-01,경원고등학교앞,1209,311
2014-01-01,경일여자중학교건너,13760,1528
2014-01-01,경일여자중학교앞,3850,1248
2014-01-01,경주최씨종가(종점),508,3
2014-01-01,경주최씨종가1,1,0
2014-01-01,경주최씨종가2,8,0
2014-01-01,경진테크빌앞,661,1230
2014-01-01,경창산업,1297,119
2014-01-01,경희강재건너,825,624
2014-01-01,경희강재앞,3428,133
2014-01-01,계명대대명캠퍼스후문건너,1682,510
2014-01-01,계명대역(1번출구),1792,1393
2014-01-01,계명대역(2번출구),5056,3971
2014-01-01,계명대학교대명캠퍼스건너,14940,5159
2014-01-01,계명대학교대명캠퍼스앞,17030,5786
2014-01-01,계명대학교대명캠퍼스후문앞,1595,546
2014-01-01,계명대학교동문건너1,6233,879
2014-01-01,계명대학교동문건너2,20419,7886
2014-01-01,계명대학교동문앞,17702,5313
2014-01-01,계명대학교정문건너,22114,1468
2014-01-01,계명대학교정문앞,3462,2243
2014-01-01,계명문화대학건너,5095,848
2014-01-01,계명문화대학앞,7583,11249
2014-01-01,고모동입구,2251,1464
2014-01-01,고모역건너,331,75
2014-01-01,고모역앞,73,3
2014-01-01,고봉리,24,0
2014-01-01,고산2동주민센터건너,11601,3283
2014-01-01,고산2동주민센터앞,21747,837
2014-01-01,고산골입구,6318,786
2014-01-01,고산농협창고건너,804,179
2014-01-01,고산농협창고앞,271,3224
2014-01-01,고산도서관,16980,8315
2014-01-01,고산정수사업소건너,2328,749
2014-01-01,고성아파트(서편),10390,2532
2014-01-01,고성아파트건너,2317,118
2014-01-01,고성아파트건너(서편),5377,4409
2014-01-01,고성아파트앞,1484,349
2014-01-01,고성지구대1,1634,492
2014-01-01,고성지구대2,2783,7761
2014-01-01,골안골,24,55
2014-01-01,골안골지하보도앞,4,125
2014-01-01,공고네거리1,28557,10245
2014-01-01,공고네거리2,9327,3402
2014-01-01,공군기지관사입구,4,33
2014-01-01,공단역1,5963,11973
2014-01-01,공단역2,18546,7032
2014-01-01,공단하수처리장건너,45,357
2014-01-01,공단하수처리장앞,154,22
2014-01-01,공산댐건너,1284,63
2014-01-01,공산댐앞,63,106
2014-01-01,공산동행정복지센터건너,1113,344
2014-01-01,공산동행정복지센터앞,4998,186
2014-01-01,공산초등학교건너,282,91
2014-01-01,공산초등학교앞,2470,90
2014-01-01,공산파출소,420,382
2014-01-01,공항시장건너,12194,934
2014-01-01,공항시장앞,4487,1861
2014-01-01,곽병원건너,40633,23899
2014-01-01,곽병원앞1,25854,7649
2014-01-01,곽병원앞2,9696,3443
2014-01-01,관리공단,505,157
2014-01-01,관음공영주차장앞,1446,12
2014-01-01,관음농협앞,180,76
2014-01-01,관음동주민센터건너,314,56
2014-01-01,관음동주민센터앞,1828,53
2014-01-01,관음변전소1,5452,78
2014-01-01,관음변전소2,14,388
2014-01-01,관음변전소3,52,0
2014-01-01,관음변전소4,672,47
2014-01-01,관음어린이집,245,62
2014-01-01,관음중학교(북편),1111,27
2014-01-01,광명은하아파트건너,5986,5093
2014-01-01,광명은하아파트앞,14173,1025
2014-01-01,광명프레지던트아파트건너,11219,5703
2014-01-01,광장타운건너,15705,4803
2014-01-01,광장타운앞,16615,3703
2014-01-01,교대부설초등학교건너,3843,290
2014-01-01,교대부설초등학교앞,212,1237
2014-01-01,교동시장앞,4412,1469
2014-01-01,교동초등학교건너,386,70
2014-01-01,교동초등학교앞,9,207
2014-01-01,교통연수원,13430,736
2014-01-01,교통연수원건너,7066,3015
2014-01-01,교항2리마을입구,2,103
2014-01-01,교항2리회관,5216,13
2014-01-01,교항리건너,1913,27
2014-01-01,교항리마을입구건너,87,1
2014-01-01,교항리앞,780,409
2014-01-01,구)달성군청건너,11888,3800
2014-01-01,구)달성군청앞,24554,19100
2014-01-01,구)대영학원건너,17243,3198
2014-01-01,구)대영학원앞,16555,10106
2014-01-01,구)화원IC,0,1
2014-01-01,구)효목2동행정복지센터건너,16515,1095
2014-01-01,구)효목2동행정복지센터앞,5663,1825
2014-01-01,구.남부정류장건너1,12534,11651
2014-01-01,구.남부정류장건너2,8333,4092
2014-01-01,구.남부정류장앞1,23615,4621
2014-01-01,구.남부정류장앞2,3779,1813
2014-01-01,구.동부정류장(남편),7763,1633
2014-01-01,구.동부정류장(메트로팔레스),12154,5008
2014-01-01,구.동부정류장건너,17533,1574
2014-01-01,구.동부정류장앞,8453,4089
2014-01-01,구둔산,876,59
2014-01-01,구병원건너,550,4721
2014-01-01,구병원앞,30723,6288
2014-01-01,구삼폭포건너,0,9
2014-01-01,구암가구골목1,3218,303
2014-01-01,구암가구골목2,1386,359
2014-01-01,구암교1,4696,3082
2014-01-01,구암교2,1201,968
2014-01-01,구암동1,576,39
2014-01-01,구암동2,150,380
2014-01-01,구암역(운전면허시험장)1,8305,369
2014-01-01,구암역(운전면허시험장)2,2409,579
2014-01-01,구암초등학교건너,1663,261
2014-01-01,구암초등학교앞,5794,110
2014-01-01,구지농공단지1,0,8
2014-01-01,구지농공단지2,288,1
2014-01-01,구지면사무소건너,580,429
2014-01-01,구지면사무소앞,2484,298
2014-01-01,구지청아람건너,7043,195
2014-01-01,구지청아람앞,743,540
2014-01-01,국립대구과학관정문건너,174,30
2014-01-01,국립대구과학관정문앞,251,4
2014-01-01,국립대구박물관건너,12019,1361
2014-01-01,국립대구박물관앞,7752,3511
2014-01-01,국민건강보험공단건너,26357,1886
2014-01-01,국민건강보험공단앞,10638,9802
2014-01-01,국민은행3공단지점건너,5753,1243
2014-01-01,국민은행3공단지점앞,3256,996
2014-01-01,국우동현대아파트건너,774,58
2014-01-01,국우동현대아파트앞,4075,487
2014-01-01,국채보상운동기념공원,7259,5770
2014-01-01,굿모닝병원건너,10195,4901
2014-01-01,굿모닝병원앞,16624,3521
2014-01-01,궁전아파트건너,15,288
2014-01-01,궁전아파트앞,2302,72
2014-01-01,귀남지휴게소1,4,0
2014-01-01,그랜드호텔건너,32778,20520
2014-01-01,그랜드호텔앞,56273,7423
2014-01-01,그린빌4단지,75,497
2014-01-01,그린빌4단지건너,1205,18
2014-01-01,그린빌4단지앞,190,140
2014-01-01,근로복지공단대구병원건너,2597,153
2014-01-01,근로복지공단대구병원앞,4226,454
2014-01-01,근린공원축구장건너,74,175
2014-01-01,근린공원축구장앞,1637,34
2014-01-01,금강동,129,4
2014-01-01,금계초등학교(교항리),386,250
2014-01-01,금복주건너,3107,292
2014-01-01,금복주앞,1644,367
2014-01-01,금봉네거리1,10137,987
2014-01-01,금봉네거리2,4934,752
2014-01-01,금사리하이빌APT건너,1601,152
2014-01-01,금사리하이빌APT앞,465,186
2014-01-01,금융감독원건너,777,2697
2014-01-01,금포초등학교,1538,211
2014-01-01,금포초등학교건너,331,378
2014-01-01,금호기전,22,44
2014-01-01,금호지구(시내방향),113,5
2014-01-01,금호지구(종점방향),46,0
2014-01-01,금호화물자동차공영차고지,1,0
2014-01-01,기곡(종점),186,4
2014-01-01,기곡리1,10,7
2014-01-01,기곡리2,95,0
2014-01-01,기독교방송국건너,5319,2024
2014-01-01,기독교방송국앞,3742,1378
2014-01-01,기업은행대곡지점건너,92,1464
2014-01-01,기업은행대곡지점앞,23361,563
2014-01-01,기업은행죽전동지점건너,5399,767
2014-01-01,기업은행죽전동지점앞,3259,584
2014-01-01,김흥1리건너,144,3
2014-01-01,김흥1리앞,44,6
2014-01-01,김흥2리건너,0,3
2014-01-01,김흥2리앞,13,0
2014-01-01,김흥리마을입구,154,0
2014-01-01,남구청건너2,6857,6402
2014-01-01,남구청네거리1,6894,1972
2014-01-01,남구청네거리2,296,202
2014-01-01,남대구IC1,17157,1127
2014-01-01,남대구IC2,632,349
2014-01-01,남명삼거리1,1673,211
2014-01-01,남명삼거리2,1986,691
2014-01-01,남문시장건너1,1156,69
2014-01-01,남문시장건너2,12084,18935
2014-01-01,남문시장앞,24480,10548
2014-01-01,남문아파트앞,469,280
2014-01-01,남부경찰서건너,8637,2345
2014-01-01,남부경찰서앞,10147,7458
2014-01-01,남부교육지원청건너,7853,1042
2014-01-01,남부교육지원청앞,4451,1731
2014-01-01,남부도서관앞,206,624
2014-01-01,남부자동차종합시장건너,3651,545
2014-01-01,남부자동차종합시장앞,988,348
2014-01-01,남부초등학교건너,1421,23
2014-01-01,남부초등학교앞,336,258
2014-01-01,남부초등학교앞2,5317,867
2014-01-01,남산2동주민센터건너,169,258
2014-01-01,남산2동주민센터앞,648,29
2014-01-01,남산고등학교건너,571,41
2014-01-01,남산고등학교앞,0,1
2014-01-01,남산역(프린스호텔건너),7658,3660
2014-01-01,남산역건너(프린스호텔앞),20204,5551
2014-01-01,남산주유소건너,1408,1001
2014-01-01,남산주유소앞,1681,184
2014-01-01,남산초등학교건너,15059,1881
2014-01-01,남산초등학교앞,12022,7392
2014-01-01,남산휴먼시아앞,1454,457
2014-01-01,내2리새마을회관건너,88,0
2014-01-01,내2리새마을회관앞,5,15
2014-01-01,내당1동우체국건너,2289,295
2014-01-01,내당1동우체국앞,2488,368
2014-01-01,내당광명아파트,3076,2868
2014-01-01,내당삼익맨션건너,29831,7660
2014-01-01,내당삼익맨션앞,14351,19742
2014-01-01,내당코오롱아파트건너,7435,12552
2014-01-01,내당코오롱아파트앞,5314,979
2014-01-01,내동,783,32
2014-01-01,내동건너,36,134
2014-01-01,내리1,1,52
2014-01-01,내리2,1,1
2014-01-01,내일교회건너,219,41
2014-01-01,내일교회앞,976,38
2014-01-01,냉천2리,1,1
2014-01-01,냉천리1,2094,28
2014-01-01,냉천리2,25,218
2014-01-01,노곡동,5112,39
2014-01-01,노변중학교,666,52
2014-01-01,노변중학교건너,819,40
2014-01-01,노변청구타운건너,196,55
2014-01-01,노변청구타운앞,194,33
2014-01-01,노원119안전센터건너,6769,2746
2014-01-01,노원119안전센터앞,2371,654
2014-01-01,노원네거리(공단세차장건너),550,525
2014-01-01,노원네거리(공단세차장앞),6909,151
2014-01-01,노원네거리(대구은행건너),1186,159
2014-01-01,노원네거리(대구은행앞),5241,625
2014-01-01,노원네거리1,5173,975
2014-01-01,노원네거리2,9454,457
2014-01-01,노원동화타운건너,555,414
2014-01-01,노원동화타운앞,4147,562
2014-01-01,녹동서원앞,3,4
2014-01-01,녹원맨션1,3403,1352
2014-01-01,녹원맨션2,11455,603
2014-01-01,논공삼거리1,1496,11
2014-01-01,논공삼거리2,370,325
2014-01-01,논공읍사무소,797,216
2014-01-01,논공읍사무소건너1,3892,144
2014-01-01,논공읍사무소건너2,299,110
2014-01-01,농산물도매시장건너,49,7
2014-01-01,농산물도매시장앞,1690,150
2014-01-01,농수산물도매시장건너,3897,1372
2014-01-01,농수산물도매시장앞,8764,3205
2014-01-01,농촌진흥원입구,94,135
2014-01-01,농협동촌지점,494,171
2014-01-01,농협방촌지점,2453,106
2014-01-01,농협비료창고건너(연경),4,6
2014-01-01,농협비료창고앞(연경),0,5
2014-01-01,농협중앙회건너,22285,8292
2014-01-01,농협중앙회앞,64727,38638
2014-01-01,농협중앙회중동지점건너,1848,53
2014-01-01,농협중앙회중동지점앞,877,571
2014-01-01,농협하나로마트건너,16,398
2014-01-01,능골1,118,1321
2014-01-01,능골건너,2750,36
2014-01-01,능성동(종점),418,12
2014-01-01,능성동예비군훈련장,68,10
2014-01-01,능성동입구건너,651,1
2014-01-01,능성동입구앞,4,36
2014-01-01,다리골,25,0
2014-01-01,다사고등학교건너,7316,4143
2014-01-01,다사고등학교앞,418,1601
2014-01-01,다사농협주유소건너,57,731
2014-01-01,다사농협주유소앞,8022,189
2014-01-01,다사역(4번출구),16,0
2014-01-01,다사읍사무소건너,6760,310
2014-01-01,다사읍사무소서재출장소건너,320,5
2014-01-01,다사읍사무소서재출장소앞,72,226
2014-01-01,다사읍사무소앞,5,110
2014-01-01,다사주공아파트건너,122,1
2014-01-01,다사주공아파트앞,3,125
2014-01-01,다사체육공원건너,18,1
2014-01-01,다사체육공원앞,23,1
2014-01-01,다사초등학교건너,49,1
2014-01-01,다사초등학교앞,0,45
2014-01-01,단산리(종점),6860,3467
2014-01-01,달구벌종합복지관건너,934,199
2014-01-01,달구벌종합복지관앞,533,91
2014-01-01,달서공고건너,46,94
2014-01-01,달서공고앞,11,23
2014-01-01,달서교회건너,21351,3611
2014-01-01,달서교회앞,17990,10286
2014-01-01,달서구새마을회건너,3118,111
2014-01-01,달서구새마을회앞,1174,230
2014-01-01,달서구청건너,16438,2801
2014-01-01,달서구청앞,6504,2525
2014-01-01,달서종합시장건너,1376,249
2014-01-01,달서종합시장앞,913,168
2014-01-01,달서중고등학교,54,25
2014-01-01,달서중고등학교건너,261,1
2014-01-01,달서천하수종말처리장건너,101,0
2014-01-01,달서천하수종말처리장앞,4,3
2014-01-01,달서초교,1784,37
2014-01-01,달성2차공단관리청사,39,0
2014-01-01,달성2차산업단지출장소앞,0,14
2014-01-01,달성경찰서,1783,512
2014-01-01,달성경찰서건너,2686,112
2014-01-01,달성공원건너,16134,2556
2014-01-01,달성공원앞,20785,18457
2014-01-01,달성군민운동장건너,1276,101
2014-01-01,달성군민운동장앞,958,185
2014-01-01,달성군선거관리위원회건너,109,146
2014-01-01,달성군선거관리위원회앞,17,1084
2014-01-01,달성군청건너,546,232
2014-01-01,달성군청앞,3279,148
2014-01-01,달성기와건너,202,124
2014-01-01,달성기와앞,929,24
2014-01-01,달성도서관건너,0,1
2014-01-01,달성도서관입구,1,0
2014-01-01,달성문화원건너,2,0
2014-01-01,달성문화원앞,8,0
2014-01-01,달성산업단지건너,187,29
2014-01-01,달성산업단지관리공단1,2,11
2014-01-01,달성산업단지관리공단2,8,1
2014-01-01,달성소방서건너,219,202
2014-01-01,달성소방서앞,498,189
2014-01-01,달성스포츠파크건너,1,23
2014-01-01,달성스포츠파크앞,1,0
2014-01-01,달성예비군훈련장건너,1280,123
2014-01-01,달성예비군훈련장앞,473,160
2014-01-01,달성우체국건너,612,671
2014-01-01,달성우체국앞,5104,208
2014-01-01,달성중학교건너,4836,740
2014-01-01,달성중학교앞,19277,4532
2014-01-01,달성초등학교건너,4798,1562
2014-01-01,달성초등학교앞,1838,378
2014-01-01,달성취수장건너,17,143
2014-01-01,달성취수장앞,119,23
2014-01-01,달창저수지,224,0
2014-01-01,달천리(시내방향),189,0
2014-01-01,달천리(시외방향),54,0
2014-01-01,담안마을1,3,15
2014-01-01,담안마을2,233,0
2014-01-01,담티고개1,273,347
2014-01-01,담티고개2,966,734
2014-01-01,당동마을건너,181,2
2014-01-01,당동마을앞,3,7
2014-01-01,당정마을입구,42,2
2014-01-01,당정마을입구건너,138,0
2014-01-01,대1리용흥지건너,230,6
2014-01-01,대1리용흥지앞,16,20
2014-01-01,대곡강산타운,23820,722
2014-01-01,대곡강산타운건너,3242,754
2014-01-01,대곡사계절타운건너,18914,662
2014-01-01,대곡사계절타운앞,5506,1962
2014-01-01,대곡역(1번출구),51242,1685
2014-01-01,대곡역(2번출구),32652,41216
2014-01-01,대곡역(한라하우젠트건너),19809,1351
2014-01-01,대곡역(한라하우젠트앞),5763,13142
2014-01-01,대곡역그린빌,7253,8463
2014-01-01,대곡주공1단지앞,4846,1950
2014-01-01,대곡주공2단지앞,20207,506
2014-01-01,대곡주공6단지앞,3468,432
2014-01-01,대곡주공7단지앞,14779,848
2014-01-01,대곡주공8단지건너,3874,917
2014-01-01,대곡주공8단지앞,23447,1581
2014-01-01,대곡중학교건너,4184,551
2014-01-01,대곡중학교앞,2363,696
2014-01-01,대공원역(1번출구),2019,4810
2014-01-01,대공원역(5번출구),4169,610
2014-01-01,대구가톨릭대학병원건너,21474,2983
2014-01-01,대구가톨릭대학병원앞,19421,2017
2014-01-01,대구경북과학기술원,166,28
2014-01-01,대구경북과학기술원기숙사,143,28
2014-01-01,대구고등학교건너,45932,11468
2014-01-01,대구고등학교앞,13178,5403
2014-01-01,대구고용노동청건너,16277,2354
2014-01-01,대구고용노동청앞,4683,1185
2014-01-01,대구공업대학1,11517,2163
2014-01-01,대구공업대학2,3017,2720
2014-01-01,대구공업대학건너,5326,2617
2014-01-01,대구공업대학앞,4952,2139
2014-01-01,대구과학고등학교건너,10139,5490
2014-01-01,대구과학고등학교앞,16979,1772
2014-01-01,대구과학대학1,21311,11169
2014-01-01,대구과학대학2,55447,5097
2014-01-01,대구과학대학건너,1982,106
2014-01-01,대구과학대학앞,418,260
2014-01-01,대구광역시교육연수원건너,15912,910
2014-01-01,대구광역시교육연수원앞,4941,3090
2014-01-01,대구광역시청건너,1947,922
2014-01-01,대구광역시청앞,315,610
2014-01-01,대구교도소건너,8278,5947
2014-01-01,대구교도소앞,25336,3138
2014-01-01,대구교육대건너,203,2887
2014-01-01,대구교육대앞,18804,3402
2014-01-01,대구교통방송건너,5226,6178
2014-01-01,대구교통방송앞,15710,1571
2014-01-01,대구국제공항건너,21369,10298
2014-01-01,대구국제공항앞,24976,5635
2014-01-01,대구글로벌교육센터건너,5067,12130
2014-01-01,대구글로벌교육센터앞,4013,686
2014-01-01,대구농업마이스터고건너,24185,2064
2014-01-01,대구농업마이스터고앞,8034,10996
2014-01-01,대구농업마이스터고후문건너,2329,629
2014-01-01,대구농업마이스터고후문앞,1303,159
2014-01-01,대구도시공사앞,15218,2301
2014-01-01,대구동부고용복지플러스센터,10550,5226
2014-01-01,대구동촌유치원,1072,182
2014-01-01,대구디지털산업진흥원건너,22047,5416
2014-01-01,대구디지털산업진흥원앞,14775,3293
2014-01-01,대구맨션건너,2294,405
2014-01-01,대구맨션앞,4040,764
2014-01-01,대구문화방송건너,13876,5246
2014-01-01,대구문화방송앞,15702,3015
2014-01-01,대구미술관건너,1013,75
2014-01-01,대구미술관앞,1234,64
2014-01-01,대구병원건너,26711,2189
2014-01-01,대구병원앞,12754,6396
2014-01-01,대구보건고등학교건너,13462,7182
2014-01-01,대구보건고등학교앞,10387,2123
2014-01-01,대구보건대학3,13255,8899
2014-01-01,대구보건대학4,21778,4410
2014-01-01,대구보건대학5,50,15
2014-01-01,대구보건대학건너1,1876,75
2014-01-01,대구보건대학건너2,13926,465
2014-01-01,대구보건대학앞1,265,312
2014-01-01,대구보건대학앞2,1056,636
2014-01-01,대구보훈요양원건너,1,2
2014-01-01,대구보훈요양원앞,73,0
2014-01-01,대구비지니스센터건너,4001,358
2014-01-01,대구비지니스센터앞,4560,344
2014-01-01,대구사격장,39,0
2014-01-01,대구삼성창조캠퍼스1,1405,163
2014-01-01,대구삼성창조캠퍼스2,350,600
2014-01-01,대구선방촌공원,900,39
2014-01-01,대구소방본부건너,470,224
2014-01-01,대구소방본부앞,1533,3106
2014-01-01,대구스타디움건너,2661,583
2014-01-01,대구스타디움앞,4488,626
2014-01-01,대구시교육청건너,1225,351
2014-01-01,대구시교육청앞,1456,4725
2014-01-01,대구시설공단건너,18708,3470
2014-01-01,대구시설공단앞,10363,18485
2014-01-01,대구시설관리사업소,28,120
2014-01-01,대구시지노인전문병원건너,383,63
2014-01-01,대구시지노인전문병원앞,553,1432
2014-01-01,대구신문사,81,738
2014-01-01,대구애견훈련학교건너,282,0
2014-01-01,대구애견훈련학교앞,0,6
2014-01-01,대구역,698,344
2014-01-01,대구역건너,41102,8668
2014-01-01,대구역꽃시장,460,907
2014-01-01,대구역북편네거리1,39675,5113
2014-01-01,대구역북편네거리2,13357,14712
2014-01-01,대구역센트럴자이,1275,113
2014-01-01,대구역앞,44648,11266
2014-01-01,대구예담학교,163,29
2014-01-01,대구우편집중국(동편),2,20
2014-01-01,대구우편집중국앞,2529,1741
2014-01-01,대구은행3공단지점앞,6573,625
2014-01-01,대구은행북비산지점건너1,13141,2351
2014-01-01,대구은행북비산지점건너2,1761,1003
2014-01-01,대구은행북비산지점앞,40027,5892
2014-01-01,대구은행산격지점앞,646,264
2014-01-01,대구은행역(1번출구),34414,6777
2014-01-01,대구은행역(2번출구),34645,6678
2014-01-01,대구은행제2본점앞,14837,3025
2014-01-01,대구은행칠곡지점건너,8194,2397
2014-01-01,대구은행칠곡지점앞,27581,6919
2014-01-01,대구은행평리동지점건너,3500,1672
2014-01-01,대구은행평리동지점앞,6201,2423
2014-01-01,대구의료원건너,7193,955
2014-01-01,대구의료원라파엘웰빙센터,1890,97
2014-01-01,대구의료원라파엘웰빙센터건너,369,1156
2014-01-01,대구의료원앞,4243,946
2014-01-01,대구일마이스터고교건너,2872,989
2014-01-01,대구일마이스터고교앞,7341,709
2014-01-01,대구전자공고남편,118,232
2014-01-01,대구전자공업고등학교1,9034,464
2014-01-01,대구전자공업고등학교2,1148,3022
2014-01-01,대구제일고등학교건너,31351,7256
2014-01-01,대구제일고등학교앞,33517,21330
2014-01-01,대구중앙중고등학교건너,28579,3494
2014-01-01,대구중앙중고등학교앞,24706,5108
2014-01-01,대구중앙중학교건너,2157,38
2014-01-01,대구중앙중학교앞,1,3
2014-01-01,대구중학교건너,1527,630
2014-01-01,대구중학교앞,6469,2103
2014-01-01,대구지료재생사,72,76
2014-01-01,대구지방경찰청,5965,799
2014-01-01,대구지방법원등기국건너,5194,10376
2014-01-01,대구지방법원등기국앞,1733,1262
2014-01-01,대구지방법원서부지원,482,93
2014-01-01,대구차여성병원건너,4051,9449
2014-01-01,대구차여성병원앞,16272,1289
2014-01-01,대구콘서트하우스건너,17673,22582
2014-01-01,대구콘서트하우스앞,24379,3251
2014-01-01,대구텍건너,368,216
2014-01-01,대구텍앞,3611,880
2014-01-01,대구학생문화센터,133,53
2014-01-01,대구학생수련관입구건너,443,6
2014-01-01,대구학생수련관입구앞,12,156
2014-01-01,대구한의대학교부속한방병원건너,168,89
2014-01-01,대구한의대학교부속한방병원앞,2172,71
2014-01-01,대구향교건너,2217,4559
2014-01-01,대구향교앞,1537,606
2014-01-01,대덕마을건너,452,1216
2014-01-01,대덕마을앞,344,126
2014-01-01,대덕맨션앞,9736,245
2014-01-01,대덕문화전당건너,1115,153
2014-01-01,대덕문화전당앞,35,124
2014-01-01,대덕승마장건너,548,17
2014-01-01,대덕승마장앞,159,37
2014-01-01,대덕식당건너,222,215
2014-01-01,대덕식당앞,4264,166
2014-01-01,대덕천주교회1,1524,408
2014-01-01,대덕천주교회2,2513,175
2014-01-01,대덕천주교회3,3451,183
2014-01-01,대덕천주교회4,154,465
2014-01-01,대덕초등학교,500,22
2014-01-01,대동공업,168,158
2014-01-01,대동공업건너,659,19
2014-01-01,대동금속건너,2105,50
2014-01-01,대동금속앞,721,170
2014-01-01,대동시장1,4842,554
2014-01-01,대동시장2,8612,466
2014-01-01,대륜중고등학교건너,4005,7150
2014-01-01,대륜중고등학교앞,4683,267
2014-01-01,대리,259,0
2014-01-01,대리마을앞,79,138
2014-01-01,대리마을회관,354,3
2014-01-01,대리마을회관건너,39,17
2014-01-01,대림생수,569,15
2014-01-01,대림생수앞,30,194
2014-01-01,대림육교1,166,20782
2014-01-01,대림육교2,32,51
2014-01-01,대명6동주민센터건너,2144,404
2014-01-01,대명6동주민센터앞,2392,168
2014-01-01,대명시장건너,20934,6476
2014-01-01,대명시장앞,23963,4935
2014-01-01,대명역(1번출구),21390,4354
2014-01-01,대명역(2번출구),13468,2551
2014-01-01,대명중학교건너,17,374
2014-01-01,대명중학교앞,3528,117
2014-01-01,대명초등학교건너,8893,3848
2014-01-01,대명초등학교앞,12891,5285
2014-01-01,대백인터빌건너,25357,4983
2014-01-01,대백인터빌앞,20578,4869
2014-01-01,대백창신한라타운건너,14920,2301
2014-01-01,대백창신한라타운앞,3426,1452
2014-01-01,대백프라자건너,25660,5406
2014-01-01,대백프라자앞,33795,5015
2014-01-01,대백한라무지개타운건너,21880,876
2014-01-01,대백한라무지개타운앞,6648,1338
2014-01-01,대봉교회,11112,4479
2014-01-01,대봉네거리1,4971,504
2014-01-01,대봉네거리2,2805,2399
2014-01-01,대봉도서관건너,1554,413
2014-01-01,대봉도서관앞,4286,868
2014-01-01,대봉성당,10417,2140
2014-01-01,대서초등학교앞,434,103
2014-01-01,대성공업건너,744,9822
2014-01-01,대성공업앞,2026,182
2014-01-01,대성유니드앞,2584,43
2014-01-01,대성테크앞,221,17
2014-01-01,대신동광명맨션앞,1455,419
2014-01-01,대신센트럴자이,5949,329
2014-01-01,대실역(1번출구),8764,1822
2014-01-01,대실역(2번출구),31002,1380
2014-01-01,대실역(4번출구),2103,26
2014-01-01,대실역1,58,13
2014-01-01,대실역2,42,74
2014-01-01,대실역청아람건너,6339,35
2014-01-01,대실역청아람앞,526,3254
2014-01-01,대우트럼프월드수성건너,15000,1851
2014-01-01,대우트럼프월드수성앞,3809,2080
2014-01-01,대원고등학교,3905,25085
2014-01-01,대원고등학교건너,2176,2928
2014-01-01,대원사건너(공산동),9,205
2014-01-01,대원사앞(공산동),80,4
2014-01-01,대원사입구,97,0
2014-01-01,대원유치원건너,6066,6337
2014-01-01,대원유치원앞,10949,607
2014-01-01,대일1리마을회관건너,98,23
2014-01-01,대일1리점촌마을,1,59
2014-01-01,대일아파트건너,10700,4394
2014-01-01,대일아파트앞,12768,2932
2014-01-01,대자연맨션,17706,523
2014-01-01,대자연맨션건너,3144,1593
2014-01-01,대중인벤트,296,25
2014-01-01,대진중고등학교건너,479,144
2014-01-01,대진중고등학교앞,534,77
2014-01-01,대천119안전센터건너,1514,21
2014-01-01,대천119안전센터앞,777,71
2014-01-01,대천교,3401,797
2014-01-01,대천초등학교건너,535,159
2014-01-01,대천초등학교앞,2158,137
2014-01-01,대청초등학교건너,64,742
2014-01-01,대청초등학교앞,11101,791
2014-01-01,대평2리,204,0
2014-01-01,대평교회앞,68,7
2014-01-01,대평리시장,15609,923
2014-01-01,대평중학교건너,10102,1028
2014-01-01,대평중학교앞,5510,1537
2014-01-01,대홍철강,776,57
2014-01-01,대흥동건너,334,27
2014-01-01,대흥동앞,240,223
2014-01-01,덕곡(달구벌고교),340,2
2014-01-01,덕곡(대구선명학교),60,21
2014-01-01,덕곡삼거리1,23,113
2014-01-01,덕곡삼거리2,756,21
2014-01-01,덕산마을건너,0,2
2014-01-01,덕산마을앞,179,0
2014-01-01,덕원고등학교건너,3538,919
2014-01-01,덕원고등학교앞,334,927
2014-01-01,덕인초등학교건너,2443,752
2014-01-01,덕인초등학교앞,1754,414
2014-01-01,덕화중학교건너,9826,562
2014-01-01,덕화중학교앞,3045,3549
2014-01-01,덴티스앞,309,7
2014-01-01,도남동,175,0
2014-01-01,도남동(종점),26,0
2014-01-01,도남지,128,0
2014-01-01,도동,8,4
2014-01-01,도동교1,826,8
2014-01-01,도동교2,19,21
2014-01-01,도동서원,475,2
2014-01-01,도동청구타운건너,51,59
2014-01-01,도동청구타운앞,1207,154
2014-01-01,도시철도건설본부건너,1245,4780
2014-01-01,도시철도건설본부앞,29612,2201
2014-01-01,도시철도담티역(1번출구),26645,5875
2014-01-01,도시철도담티역(3번출구),22521,3828
2014-01-01,도시철도대구역,701,267
2014-01-01,도시철도수성구청역북편1,429,5941
2014-01-01,도시철도수성구청역북편2,2177,92
2014-01-01,도의리,487,59
2014-01-01,도평동입구1,803,128
2014-01-01,도평동입구2,240,160
2014-01-01,도평동행정복지센터1,0,16
2014-01-01,도평동행정복지센터2,146,8
2014-01-01,도학동,1325,7
2014-01-01,도학동1,19,78
2014-01-01,동곡1리1,3,0
2014-01-01,동곡1리2,172,0
2014-01-01,동곡1리3,36,3
2014-01-01,동곡리,101,1
2014-01-01,동곡초등학교건너,345,0
2014-01-01,동곡초등학교앞,91,120
2014-01-01,동구시장건너,8265,1777
2014-01-01,동구시장앞,7992,1347
2014-01-01,동구청건너,66128,32014
2014-01-01,동구청앞,54538,10032
2014-01-01,동구청역(3번출구),7452,1550
2014-01-01,동구청역(4번출구),1798,700
2014-01-01,동대구LPG충전소건너,1859,150
2014-01-01,동대구LPG충전소앞,670,174
2014-01-01,동대구맨션,8153,7894
2014-01-01,동대구시장건너,13301,2533
2014-01-01,동대구시장앞,19443,6021
2014-01-01,동대구역,57123,15375
2014-01-01,동대구역건너,61790,19074
2014-01-01,동대구역복합환승센터건너,52022,5871
2014-01-01,동대구역복합환승센터앞,47667,20603
2014-01-01,동대구역수화물취급소건너,353,236
2014-01-01,동대구역수화물취급소앞,259,270
2014-01-01,동대구역지하도1,4659,3248
2014-01-01,동대구역지하도2,13969,1522
2014-01-01,동대구초등학교건너,1131,102
2014-01-01,동대구초등학교앞,661,191
2014-01-01,동도중학교건너,10646,1728
2014-01-01,동도중학교앞,15153,2419
2014-01-01,동문고등학교앞,423,199
2014-01-01,동변주공그린빌건너,2443,586
2014-01-01,동변주공그린빌앞,10704,338
2014-01-01,동부경찰서건너,1197,1254
2014-01-01,동부경찰서앞,9008,223
2014-01-01,동부고교건너,1163,712
2014-01-01,동부고교앞,6296,2350
2014-01-01,동부소방서건너,463,8381
2014-01-01,동부소방서앞,6148,494
2014-01-01,동부시외버스터미널(순환2번),2445,314
2014-01-01,동부중학교건너,4324,238
2014-01-01,동부중학교앞,1974,3732
2014-01-01,동북주유소건너,178,44
2014-01-01,동북주유소앞,7,63
2014-01-01,동산의료원앞1,33305,8565
2014-01-01,동산의료원앞2,14755,10922
2014-01-01,동서교회건너,3113,255
2014-01-01,동서교회앞,1405,1025
2014-01-01,동서변리벤빌,11341,1226
2014-01-01,동서변월드메르디앙아파트,3120,670
2014-01-01,동서아파트건너,87,9
2014-01-01,동서아파트앞,2,15
2014-01-01,동서화성타운건너,32754,965
2014-01-01,동서화성타운앞,15863,4234
2014-01-01,동성에스티에스건너,90,13
2014-01-01,동성에스티에스앞,68,11
2014-01-01,동성초등학교건너,2462,7520
2014-01-01,동성초등학교앞,6277,2308
2014-01-01,동신초등학교건너,2473,1402
2014-01-01,동신초등학교앞,2374,3369
2014-01-01,동아백화점수성점건너,14461,11090
2014-01-01,동아백화점수성점앞,51410,1097
2014-01-01,동아수산냉동건너,413,492
2014-01-01,동아수산냉동앞,366,67
2014-01-01,동아스포츠센터(지산중학교앞),1606,1093
2014-01-01,동아스포츠센터(지산초교앞),8955,225
2014-01-01,동아제약,547,103
2014-01-01,동아제약건너,2067,41
2014-01-01,동양맨션앞,4257,237
2014-01-01,동원약품,8844,1734
2014-01-01,동원초등학교건너,985,550
2014-01-01,동원초등학교앞1,1104,465
2014-01-01,동원초등학교앞2,1961,274
2014-01-01,동인네거리1,1501,366
2014-01-01,동인네거리2,1415,762
2014-01-01,동인초등학교건너,13204,4500
2014-01-01,동인초등학교앞,9805,4501
2014-01-01,동인치안센터건너,18499,9467
2014-01-01,동인치안센터앞,10092,7613
2014-01-01,동일초등학교건너,2117,557
2014-01-01,동일초등학교앞,3099,901
2014-01-01,동천역1,464,86
2014-01-01,동천역2,1291,229
2014-01-01,동촌강나루아파트건너,1912,870
2014-01-01,동촌강나루아파트앞,3383,11062
2014-01-01,동촌역,549,227
2014-01-01,동촌역(구길),1791,207
2014-01-01,동촌역(신길)1,5464,1439
2014-01-01,동촌역(신길)2,3809,2527
2014-01-01,동촌유원지,443,198
2014-01-01,동촌유원지놀이동산앞,73,43
2014-01-01,동촌해성아파트건너,89,235
2014-01-01,동촌해성아파트앞,880,2116
2014-01-01,동촌화성타운건너,12967,971
2014-01-01,동촌화성타운앞,7384,2141
2014-01-01,동침산네거리,1287,1145
2014-01-01,동침산네거리2,16,155
2014-01-01,동호동건너(북구),787,131
2014-01-01,동호동앞(북구),64,63
2014-01-01,동호육교1,29,382
2014-01-01,동호육교2,7389,146
2014-01-01,동호초등학교건너,218,1
2014-01-01,동화골든빌(남편),4486,308
2014-01-01,동화골든빌(동편),1405,1753
2014-01-01,동화골든빌(북편),81,253
2014-01-01,동화골든빌건너(남편),13,268
2014-01-01,동화교1,26,192
2014-01-01,동화교2,2125,4
2014-01-01,동화사입구건너,4448,7
2014-01-01,동화사입구앞,14,325
2014-01-01,동화시설집단지구(종점)1,208,1
2014-01-01,동화시설집단지구(종점)2(대구시민안전테마파크),7916,170
2014-01-01,두류3동파출소건너,599,57
2014-01-01,두류3동파출소앞,333,351
2014-01-01,두류공원(야외음악당건너),622,68
2014-01-01,두류공원(야외음악당앞),472,117
2014-01-01,두류공원네거리1,11932,2233
2014-01-01,두류공원네거리2,3748,3338
2014-01-01,두류도서관앞,5174,3673
2014-01-01,두류보성맨션건너,6118,421
2014-01-01,두류보성맨션앞,3011,3408
2014-01-01,두류수영장건너,16550,4788
2014-01-01,두류수영장앞,18185,2902
2014-01-01,두류역(달성고등학교건너),32140,7355
2014-01-01,두류역(달성고등학교앞),56390,19460
2014-01-01,두류정수사업소건너,19110,1420
2014-01-01,두류정수사업소앞,1860,8362
2014-01-01,두류파출소건너,526,157
2014-01-01,두류파출소앞,185,272
2014-01-01,두리봉네거리1,4595,18799
2014-01-01,두리봉네거리2,16166,2385
2014-01-01,두리봉터널입구,230,139
2014-01-01,두리봉터널입구건너,3690,144
2014-01-01,두산동주민센터건너,15187,1790
2014-01-01,두산동주민센터앞,8148,2804
2014-01-01,두산스포츠건너,1237,246
2014-01-01,두성파크아파트건너,28297,4354
2014-01-01,두성파크아파트앞,9008,7228
2014-01-01,둔산동,809,0
2014-01-01,들안길1,1361,769
2014-01-01,들안길2,4925,432
2014-01-01,들안길네거리1,5494,179
2014-01-01,들안길네거리2,903,1092
2014-01-01,들안길초등학교건너,4279,1162
2014-01-01,들안길초등학교앞,4546,2199
2014-01-01,들연경,4,1
2014-01-01,럭키아파트건너,190,340
2014-01-01,럭키아파트앞,2393,44
2014-01-01,롯데백화점상인점건너,11425,6318
2014-01-01,롯데캐슬그랜드,561,1249
2014-01-01,룸비니유치원건너,2427,134
2014-01-01,룸비니유치원앞,1930,327
2014-01-01,마비정벽화마을(종점),754,9
2014-01-01,만경관건너,15087,5631
2014-01-01,만경관앞,11162,4514
2014-01-01,만촌1동주민센터,3232,817
2014-01-01,만촌2동주민센터,14708,1200
2014-01-01,만촌3차화성파크드림건너,3263,212
2014-01-01,만촌그린빌라건너,723,76
2014-01-01,만촌역(1번출구),840,4971
2014-01-01,만촌우방1차건너,10312,317
2014-01-01,만촌우방1차앞,190,570
2014-01-01,만촌육교1,54100,4922
2014-01-01,만촌육교2,6743,13696
2014-01-01,만촌자전거경기장,2,97
2014-01-01,만촌천주교회앞,158,175
2014-01-01,만촌초등학교건너1,2333,671
2014-01-01,만촌초등학교건너2,3432,203
2014-01-01,만촌초등학교앞,1884,397
2014-01-01,만촌태왕리더스건너,1708,286
2014-01-01,만촌태왕리더스건너(남편),301,3338
2014-01-01,만촌태왕리더스북편,595,295
2014-01-01,만촌태왕리더스앞1,5656,10955
2014-01-01,만촌태왕리더스앞2,1970,140
2014-01-01,만촌화성파크스위트,47,88
2014-01-01,만평네거리,6321,5737
2014-01-01,만평역(서대구고속버스터미널)1,9759,3283
2014-01-01,만평역(서대구고속버스터미널)2,7944,14110
2014-01-01,망우당공원(종점),710,212
2014-01-01,망우당공원건너,1227,800
2014-01-01,망우당공원앞,3583,3044
2014-01-01,매곡(종점),466,79
2014-01-01,매곡사거리1,542,677
2014-01-01,매곡사거리2,13078,346
2014-01-01,매곡정수사업소건너,514,4
2014-01-01,매곡정수사업소앞,6,22
2014-01-01,매곡초등학교건너,14,612
2014-01-01,매골1,4,29
2014-01-01,매골2,176,4
2014-01-01,매여동(동구)저탄장,673,98
2014-01-01,매일신문사건너,107,189
2014-01-01,매일신문사앞,1515,457
2014-01-01,매천고교,911,87
2014-01-01,매천대교1,1158,189
2014-01-01,매천대교2,4,2
2014-01-01,매천성당건너1,3271,208
2014-01-01,매천성당건너2,441,105
2014-01-01,매천성당앞,6089,483
2014-01-01,매천수산시장건너,1479,161
2014-01-01,매천수산시장앞,1747,125
2014-01-01,매천시장지하차도,1814,349
2014-01-01,매천중고등학교건너,5193,4562
2014-01-01,매천중고등학교앞,11593,1171
2014-01-01,매천초교(매천역)2,1000,198
2014-01-01,매천화성파크드림,1136,58
2014-01-01,매천휴먼시아앞,965,110
2014-01-01,매호동서아파트앞,708,0
2014-01-01,매호성당건너,566,0
2014-01-01,메트로시티건너,3484,872
2014-01-01,메트로시티앞,2196,130
2014-01-01,메트로팔레스1,14106,2025
2014-01-01,메트로팔레스2,18697,959
2014-01-01,명곡1리입구1,9,3
2014-01-01,명곡1리입구2,3,10
2014-01-01,명곡리1,1632,622
2014-01-01,명곡리2,6928,679
2014-01-01,명곡미래빌1단지,2092,291
2014-01-01,명곡미래빌2단지건너,20,313
2014-01-01,명곡미래빌2단지앞,12439,1217
2014-01-01,명곡미래빌3단지건너,1630,884
2014-01-01,명곡미래빌3단지앞,4268,189
2014-01-01,명곡미래빌4단지,3324,249
2014-01-01,명곡미래빌5단지건너,4,126
2014-01-01,명곡미래빌5단지앞,4978,1061
2014-01-01,명곡지구앞,42,128
2014-01-01,명덕네거리1,36325,2447
2014-01-01,명덕네거리2,11076,19250
2014-01-01,명덕역(6번출구),39895,13461
2014-01-01,명덕역(7번출구),26148,5567
2014-01-01,명덕초등학교건너,15614,14332
2014-01-01,명덕초등학교앞,23732,5724
2014-01-01,명문세가APT건너,7263,1076
2014-01-01,명문세가APT앞,13432,2036
2014-01-01,명문오하임아파트건너,265,215
2014-01-01,명문오하임아파트앞,137,88
2014-01-01,명보약국건너,1648,1093
2014-01-01,명보약국앞,2368,338
2014-01-01,명산교(명산화성타운건너),2599,146
2014-01-01,명성푸르지오건너,6041,1383
2014-01-01,명성푸르지오앞,29795,2269
2014-01-01,모개월앞,0,1
2014-01-01,모개월입구,19,1
2014-01-01,모다아울렛,58,0
2014-01-01,모다아울렛건너,16511,813
2014-01-01,모다아울렛앞,516,1746
2014-01-01,모래정마을건너,46,0
2014-01-01,모래정마을앞,7,6
2014-01-01,목단1리,116,2
2014-01-01,목단2리,132,1
2014-01-01,목단리,64,0
2014-01-01,묘1리,52,0
2014-01-01,묘2리(고려정밀),143,0
2014-01-01,묘2리(전마),178,0
2014-01-01,무궁화LPG충전소,8124,3275
2014-01-01,무궁화LPG충전소건너,3625,1063
2014-01-01,무궁화어린이공원입구,1995,331
2014-01-01,무궁화어린이공원입구건너,4090,2336
2014-01-01,무등1리1,0,4
2014-01-01,무등1리2,229,0
2014-01-01,무등1리3,33,0
2014-01-01,무등2리,1,11
2014-01-01,무등2리입구건너,44,0
2014-01-01,무등보건진료소건너,22,0
2014-01-01,무등보건진료소앞,2,4
2014-01-01,무림제지건너,708,214
2014-01-01,무림제지앞1,1179,1136
2014-01-01,무림제지앞2,174,148
2014-01-01,무열대건너,3843,2064
2014-01-01,무열대앞,1449,474
2014-01-01,무태교,16,813
2014-01-01,무태네거리(시내방향),16933,4078
2014-01-01,무태네거리(시외방향),3822,2954
2014-01-01,무태새마을금고건너,1532,526
2014-01-01,무태새마을금고앞,5348,306
2014-01-01,무태조야동주민센터건너1,6533,226
2014-01-01,무태조야동주민센터건너2,5432,1176
2014-01-01,무태조야동주민센터앞1,1678,505
2014-01-01,무태조야동주민센터앞2,16790,1104
2014-01-01,문성병원건너,10731,4199
2014-01-01,문성병원앞,17571,5448
2014-01-01,문양기지창건너,6,255
2014-01-01,문양기지창앞,70,15
2014-01-01,문양리(서부실),1,1
2014-01-01,문양리1,119,0
2014-01-01,문양리2,2,2
2014-01-01,문양리입구1,29,28
2014-01-01,문양리입구2,1,17
2014-01-01,문양역건너,22,715
2014-01-01,문양역앞,1925,736
2014-01-01,문주마을건너,189,0
2014-01-01,문주마을앞,3,3
2014-01-01,문화예술회관건너,9250,4226
2014-01-01,문화예술회관앞,7621,4544
2014-01-01,미8군후문건너,445,145
2014-01-01,미8군후문앞,1007,42
2014-01-01,미곡동1,328,368
2014-01-01,미곡동2,2464,101
2014-01-01,미대동1,2146,103
2014-01-01,미대동2,291,181
2014-01-01,미래아트빌앞,533,422
2014-01-01,미리내맨션건너,14635,521
2014-01-01,미리내맨션앞,4309,1484
2014-01-01,민들레아파트후문건너,3877,144
2014-01-01,민들레아파트후문앞,6335,77
2014-01-01,바른병원건너,367,134
2014-01-01,박곡리(시내방향),172,0
2014-01-01,박곡리(시외방향),31,4
2014-01-01,박석진교,5,11
2014-01-01,반고개(내당역4번출구),3717,3155
2014-01-01,반고개1,7695,3471
2014-01-01,반고개2,15620,5461
2014-01-01,반송4교건너,17,1
2014-01-01,반송4교앞,230,18
2014-01-01,반송리,377,2
2014-01-01,반야월모란1차아파트,4005,2134
2014-01-01,반야월시장1,6367,2876
2014-01-01,반야월시장2,8975,1332
2014-01-01,반야월역(국철)건너,4626,2565
2014-01-01,반야월역(국철)앞,8054,1531
2014-01-01,반야월역(도시철도1번출구),1430,252
2014-01-01,반야월역(도시철도2번출구),6341,158
2014-01-01,반야월역(도시철도3번출구),5321,2458
2014-01-01,반야월역(도시철도4번출구)1,4349,2077
2014-01-01,반야월역(도시철도4번출구)2,1715,921
2014-01-01,반야월저탄장건너,4928,3452
2014-01-01,반야월저탄장앞,10648,1079
2014-01-01,반월당역(1번출구)1,37268,8789
2014-01-01,반월당역(1번출구)2,4652,5319
2014-01-01,반월당역(2번출구),66823,34770
2014-01-01,방공포병학교건너,1900,234
2014-01-01,방공포병학교앞,1012,2215
2014-01-01,방짜유기박물관건너,526,3
2014-01-01,방짜유기박물관앞,12,84
2014-01-01,방천리1,230,46
2014-01-01,방천리2,475,51
2014-01-01,방천시장(김광석길)건너,16756,6748
2014-01-01,방천시장(김광석길)앞,13617,2553
2014-01-01,방촌1동,1156,0
2014-01-01,방촌건널목,82,1214
2014-01-01,방촌맨션앞,5231,1432
2014-01-01,방촌빌라,167,938
2014-01-01,방촌시장건너,29028,3696
2014-01-01,방촌시장앞,17271,5923
2014-01-01,방촌역(1번출구),13763,5376
2014-01-01,방촌역(2번출구),11849,1176
2014-01-01,방촌치안센터건너,1534,1612
2014-01-01,방촌치안센터앞,5296,1693
2014-01-01,백사벌네거리1,2088,59
2014-01-01,백사벌네거리2,2489,1276
2014-01-01,백안교1,5,23
2014-01-01,백안교2,1245,115
2014-01-01,백안삼거리1,271,164
2014-01-01,백안삼거리2,3220,135
2014-01-01,백자맨션건너,302,815
2014-01-01,백자맨션앞,4799,1936
2014-01-01,범물1동주민센터건너,7453,1447
2014-01-01,범물1동주민센터앞,45394,1902
2014-01-01,범물2동주민센터건너,4306,517
2014-01-01,범물2동주민센터앞,23,317
2014-01-01,범물두성타운건너,457,32
2014-01-01,범물우방미진하이츠앞,4665,192
2014-01-01,범물청구맨션건너,497,2737
2014-01-01,범물청구맨션앞,53006,3713
2014-01-01,범물하이츠 건너,3132,3619
2014-01-01,범물하이츠앞,21577,151
2014-01-01,범물한라주택건너,26152,823
2014-01-01,범물한라주택앞,2916,4388
2014-01-01,범어2동1,186,2234
2014-01-01,범어2동2,962,132
2014-01-01,범어4동주민센터건너,24567,6116
2014-01-01,범어4동주민센터앞,9719,9228
2014-01-01,범어쌍용예가건너,7227,7505
2014-01-01,범어쌍용예가앞,12315,2778
2014-01-01,범어역(1번출구),18124,2904
2014-01-01,범어역(2번출구),9323,4770
2014-01-01,법원건너,18445,13641
2014-01-01,법원앞,26442,5699
2014-01-01,법원어린이집,627,1463
2014-01-01,베어산업건너,936,4
2014-01-01,베어산업앞,53,41
2014-01-01,병무청중앙신체검사소,23,30
2014-01-01,보람타운건너,143,454
2014-01-01,보람타운앞,7231,2171
2014-01-01,보병50사단건너,3171,392
2014-01-01,보병50사단앞,1544,340
2014-01-01,보성기계건너,1589,227
2014-01-01,보성기계앞,13,108
2014-01-01,보성산호타운건너,4429,636
2014-01-01,보성산호타운앞,2771,1292
2014-01-01,보성서한타운앞,3393,893
2014-01-01,보성은하타운앞,1936,33
2014-01-01,보성화성타운건너,24321,2542
2014-01-01,보성화성타운앞,7267,5676
2014-01-01,보훈병원건너,0,20
2014-01-01,보훈병원앞,3106,106
2014-01-01,복음간호학원,550,459
2014-01-01,복현네거리,4163,8814
2014-01-01,복현대백맨션건너,16200,1915
2014-01-01,복현대백맨션앞,2959,3044
2014-01-01,복현서한2차아파트,1739,2915
2014-01-01,복현성모약국앞,2344,965
2014-01-01,복현오거리1,49877,8628
2014-01-01,복현오거리2,12317,3803
2014-01-01,복현오거리3,327,194
2014-01-01,복현우방아파트,7255,1379
2014-01-01,복현우체국건너,47872,4690
2014-01-01,복현우체국앞,7624,7277
2014-01-01,복현장미맨션앞,1735,937
2014-01-01,복현푸르지오아파트건너,12368,1068
2014-01-01,복현현대맨션건너,2465,57
2014-01-01,복현현대맨션앞,414,260
2014-01-01,본동시장건너,7058,909
2014-01-01,본동시장앞,1461,1552
2014-01-01,본리1리,179,68
2014-01-01,본리1리동회관건너,587,431
2014-01-01,본리1리동회관앞,56,56
2014-01-01,본리2,1580,249
2014-01-01,본리근린공원건너,8,1
2014-01-01,본리근린공원앞,0,2
2014-01-01,본리네거리,2781,426
2014-01-01,본리네거리2,9219,1683
2014-01-01,본리네거리3,7770,1710
2014-01-01,본리도서관앞,757,328
2014-01-01,본리롯데캐슬,1774,148
2014-01-01,본리아카시아맨션,5154,1386
2014-01-01,본리지구건너,964,507
2014-01-01,본리지구앞,6843,1149
2014-01-01,본리초등학교건너,8734,1836
2014-01-01,본리초등학교앞,6911,1651
2014-01-01,본리치안센터건너,3461,405
2014-01-01,본리치안센터앞,3423,1359
2014-01-01,본말(종점),51,0
2014-01-01,봉덕119안전센터건너,856,49
2014-01-01,봉덕119안전센터앞,514,157
2014-01-01,봉덕2동새마을금고건너,1207,317
2014-01-01,봉덕2동새마을금고앞,962,745
2014-01-01,봉덕교회건너,14086,2280
2014-01-01,봉덕교회앞,3743,1172
2014-01-01,봉덕변전소건너,2972,18
2014-01-01,봉덕변전소앞,3,50
2014-01-01,봉덕시장건너1,4532,1771
2014-01-01,봉덕시장건너2,532,301
2014-01-01,봉덕시장건너3,10004,674
2014-01-01,봉덕시장앞1,15278,1116
2014-01-01,봉덕시장앞2,4592,2056
2014-01-01,봉무공원건너,4769,1624
2014-01-01,봉무청구새들마을건너,14580,1281
2014-01-01,봉무청구새들마을앞,2018,616
2014-01-01,봉산가구골목(동편),3339,3339
2014-01-01,봉산가구골목(서편),1887,402
2014-01-01,봉산문화거리건너,23056,8400
2014-01-01,봉산문화거리앞,12797,3511
2014-01-01,봉산육거리,3354,375
2014-01-01,봉촌1리1,422,0
2014-01-01,봉촌1리2,10,32
2014-01-01,봉촌1리3,254,0
2014-01-01,봉촌2리,92,1
2014-01-01,봉촌낙동길입구,277,0
2014-01-01,봉촌낙동길입구건너,17,35
2014-01-01,봉촌리,299,0
2014-01-01,부곡리,7,3
2014-01-01,부곡리건너,52,102
2014-01-01,부남교앞,315,0
2014-01-01,부동,1015,43
2014-01-01,부동(종점),242,2
2014-01-01,부동농협,321,1
2014-01-01,부동삼거리,2,5
2014-01-01,부영3단지,2457,1728
2014-01-01,부영5단지,1614,455
2014-01-01,부영7단지건너,614,8
2014-01-01,부영7단지앞,12,39
2014-01-01,북구구민운동장건너,7354,1031
2014-01-01,북구구민운동장앞,1734,1341
2014-01-01,북구보건소건너,3321,1625
2014-01-01,북구보건소앞,7842,342
2014-01-01,북구선거관리위원회건너,4995,417
2014-01-01,북구선거관리위원회앞,7258,2724
2014-01-01,북구어울아트센터앞,59,68
2014-01-01,북구청건너,12714,4000
2014-01-01,북구청네거리1,1454,1875
2014-01-01,북구청네거리2,3136,346
2014-01-01,북구청앞,10882,1620
2014-01-01,북구청역(3번출구),11680,3585
2014-01-01,북구청역(4번출구),4691,2383
2014-01-01,북대구세무서건너,7924,870
2014-01-01,북대구세무서앞,4399,922
2014-01-01,북대구초등학교건너,2228,77
2014-01-01,북대구초등학교앞,751,151
2014-01-01,북동초등학교건너,1338,807
2014-01-01,북동초등학교앞,4382,87
2014-01-01,북리1,3147,1190
2014-01-01,북리2,19476,391
2014-01-01,북부경찰서건너,2240,935
2014-01-01,북부상수도사업소,146,984
2014-01-01,북부정류장,84350,15708
2014-01-01,북부정류장건너,40674,13885
2014-01-01,북비산네거리1,7606,4616
2014-01-01,북비산네거리2,8998,1607
2014-01-01,북중학교앞,2309,790
2014-01-01,북침산치안센터건너,6933,1567
2014-01-01,북침산치안센터앞,6531,2711
2014-01-01,불교한방병원건너1,571,212
2014-01-01,불교한방병원건너2,1725,243
2014-01-01,불교한방병원앞1,2497,145
2014-01-01,불교한방병원앞2,2648,419
2014-01-01,불로삼거리,887,10617
2014-01-01,불로우방아파트건너,6544,1940
2014-01-01,불로우방아파트앞,6982,4222
2014-01-01,불로전통시장건너,39600,3467
2014-01-01,불로전통시장앞,15596,6924
2014-01-01,불로천주교회건너,9421,2500
2014-01-01,불로천주교회앞,20609,4155
2014-01-01,불로화훼단지건너,10,295
2014-01-01,불로화훼단지앞,427,628
2014-01-01,비산5동주민센터,3,0
2014-01-01,비산6동주민센터건너,549,793
2014-01-01,비산6동주민센터앞,2207,85
2014-01-01,비산7동우체국건너,3399,3924
2014-01-01,비산7동우체국앞1,11295,3505
2014-01-01,비산7동우체국앞2,6943,2182
2014-01-01,비산웰빙하와이건너,52,0
2014-01-01,비산웰빙하와이앞,44,10
2014-01-01,비산지하도1,8882,5625
2014-01-01,비산지하도2,17766,4038
2014-01-01,비산초등학교건너,9404,1079
2014-01-01,비산초등학교앞,13984,1692
2014-01-01,비슬산휴양림주차장,73,4
2014-01-01,비원지구대건너,5096,441
2014-01-01,비원지구대앞,592,1516
2014-01-01,비철금속협업단지앞,6324,438
2014-01-01,사복동입구교차로,86,1414
2014-01-01,사복동입구교차로건너,20,534
2014-01-01,사월동(종점),567,32
2014-01-01,사월보성2차건너,36,142
2014-01-01,사월보성2차앞,2375,92
2014-01-01,사월역(2번출구),19297,2685
2014-01-01,사월역(4번출구),16946,10272
2014-01-01,사창마을건너,0,1
2014-01-01,사창마을앞,16,0
2014-01-01,산격4동주민센터건너,638,220
2014-01-01,산격4동주민센터앞,6020,554
2014-01-01,산격거평타운건너,889,2379
2014-01-01,산격거평타운앞,2011,2513
2014-01-01,산격대우아파트앞,56975,7722
2014-01-01,산격문화회관건너,8668,647
2014-01-01,산격문화회관앞,3003,1547
2014-01-01,산격종합시장앞,54912,16501
2014-01-01,산격주공아파트건너,3540,4779
2014-01-01,산격주공아파트앞,25218,2530
2014-01-01,산격중학교건너,7041,11668
2014-01-01,산격중학교앞,8656,1505
2014-01-01,산격청구맨션앞,6001,2957
2014-01-01,산격초등학교건너,10778,569
2014-01-01,산격초등학교앞,8080,880
2014-01-01,산림조합중앙회건너,1673,1987
2014-01-01,산림조합중앙회앞,991,574
2014-01-01,산업용재관,3575,2080
2014-01-01,삼덕교회,6191,5905
2014-01-01,삼덕동1,201,283
2014-01-01,삼덕동2,259,48
2014-01-01,삼덕성당앞,8257,1052
2014-01-01,삼리1리1,10,14
2014-01-01,삼리1리2,638,126
2014-01-01,삼리리1(논공),15,19
2014-01-01,삼리리2(논공),102,95
2014-01-01,삼보,883,83
2014-01-01,삼산리(범동교),14,24
2014-01-01,삼산리(삼산교회건너),177,8
2014-01-01,삼산리(삼산교회앞),2952,185
2014-01-01,삼산리(은지가든),0,4
2014-01-01,삼산리입구건너,403,2
2014-01-01,삼산리입구앞,2,143
2014-01-01,삼산지,10,0
2014-01-01,삼성공원아파트건너,316,144
2014-01-01,삼성래미안1차건너,4870,2406
2014-01-01,삼성래미안1차앞,4319,493
2014-01-01,삼성래미안2차건너,4118,780
2014-01-01,삼성래미안2차앞,3826,1296
2014-01-01,삼성명가타운,3369,1251
2014-01-01,삼성명가타운건너,887,443
2014-01-01,삼성물류센터앞,228,1133
2014-01-01,삼성한국형아파트건너,1246,37
2014-01-01,삼성한국형아파트앞,616,599
2014-01-01,삼우섬유앞,436,18
2014-01-01,삼육구가든건너,174,15
2014-01-01,삼육구가든앞,69,0
2014-01-01,삼익THK건너,212,22
2014-01-01,삼익THK앞,256,35
2014-01-01,삼익뉴타운건너,5960,2170
2014-01-01,삼익뉴타운앞,10585,715
2014-01-01,삼정빌딩앞,822,230
2014-01-01,삼호아파트건너,643,175
2014-01-01,삼호아파트앞,1152,1204
2014-01-01,삼환맨션,310,73
2014-01-01,상공회의소건너,3808,1635
2014-01-01,상공회의소앞,5347,939
2014-01-01,상당마을,9,0
2014-01-01,상동가압장건너,1492,86
2014-01-01,상동교1,81,102
2014-01-01,상동교2,1154,548
2014-01-01,상동네거리,4022,1669
2014-01-01,상동마을(둔산길),766,2
2014-01-01,상동시장앞,1943,434
2014-01-01,상동우체국건너,6560,1089
2014-01-01,상동우체국앞,19683,3206
2014-01-01,상동천주교회건너,258,338
2014-01-01,상동천주교회앞,553,2127
2014-01-01,상록아파트,555,35
2014-01-01,상리공단,1775,145
2014-01-01,상리공단건너,955,588
2014-01-01,상리동입구,1565,106
2014-01-01,상리동입구1,4,75
2014-01-01,상리동입구2,3489,7
2014-01-01,상리동종점,5,29
2014-01-01,상리동종점2,1131,5
2014-01-01,상리동종점3,2860,157
2014-01-01,상리마을건너,1,0
2014-01-01,상리마을앞,15,11
2014-01-01,상리지하도1,2174,66
2014-01-01,상리지하도2,1592,50
2014-01-01,상매동(저탄장),12,14
2014-01-01,상서고등학교건너,1065,69
2014-01-01,상서고등학교앞,407,205
2014-01-01,상수도사업본부,6774,3231
2014-01-01,상수도사업본부건너,7022,13228
2014-01-01,상수도사업본부시설관리소건너,8842,1181
2014-01-01,상수도사업본부시설관리소앞,1310,1080
2014-01-01,상수도중남부사업소건너,1647,469
2014-01-01,상수도중남부사업소앞,326,149
2014-01-01,상원리(마을회관),14,0
2014-01-01,상인2동주민센터건너,5514,241
2014-01-01,상인동서타운앞,18602,3048
2014-01-01,상인동화아이위시아파트건너,20765,1316
2014-01-01,상인동화아이위시아파트앞,2516,1704
2014-01-01,상인비둘기1단지아파트건너,4150,807
2014-01-01,상인비둘기1단지아파트앞,16243,736
2014-01-01,상인비둘기2단지아파트앞,14880,1094
2014-01-01,상인삼미타운건너,2423,11601
2014-01-01,상인삼미타운앞,5123,565
2014-01-01,상인역e-편한세상앞,6280,20010
2014-01-01,상인우방아파트,12205,30997
2014-01-01,상인은행아파트건너,6075,1298
2014-01-01,상인은행아파트앞,6680,1008
2014-01-01,상인자이앞,6428,2271
2014-01-01,상인장미아파트앞,10427,1008
2014-01-01,상인제림아파트건너,2445,424
2014-01-01,상인제림아파트앞,1338,1057
2014-01-01,상인청구타운건너,2862,175
2014-01-01,상인청구타운앞,1454,263
2014-01-01,상인초등학교앞,3123,2864
2014-01-01,상인한서타운앞,4232,900
2014-01-01,상인현대맨션건너,82255,4264
2014-01-01,상인현대맨션앞,22350,33862
2014-01-01,상인화성파크드림건너,882,639
2014-01-01,상인화성파크드림앞,1152,128
2014-01-01,상화네거리,177,1128
2014-01-01,새길시장건너,10582,7143
2014-01-01,새길시장앞,34753,3982
2014-01-01,새동네아파트건너,48,8
2014-01-01,새동네아파트앞,575,1638
2014-01-01,새마을건너,1,12
2014-01-01,새범어아파트건너,1085,234
2014-01-01,새범어아파트앞,1817,183
2014-01-01,새본리중학교앞,1139,284
2014-01-01,샤니삼거리1,227,0
2014-01-01,샤니삼거리2,0,5
2014-01-01,서구문화회관건너,2783,820
2014-01-01,서구문화회관앞,7229,1664
2014-01-01,서구시장건너,20444,6303
2014-01-01,서구시장앞,15786,4843
2014-01-01,서구제일사회복지관건너,1313,2347
2014-01-01,서구제일사회복지관앞,4406,470
2014-01-01,서구청건너,44628,6023
2014-01-01,서구청앞,43938,6875
2014-01-01,서남시장건너,24696,18624
2014-01-01,서남시장앞1,30481,6093
2014-01-01,서남시장앞2,13207,2903
2014-01-01,서당마을건너,875,77
2014-01-01,서당마을앞,8,29
2014-01-01,서대구고속버스터미널,287,1429
2014-01-01,서대구공단네거리1,961,46
2014-01-01,서대구공단네거리2,392,55
2014-01-01,서대구공단네거리3,2696,315
2014-01-01,서대구공단네거리4,4190,1300
2014-01-01,서대구세무서,9047,22882
2014-01-01,서대구시장건너,9403,5015
2014-01-01,서대구시장앞,10878,4652
2014-01-01,서대구초등학교입구,20441,7364
2014-01-01,서대명지구대건너,6196,1420
2014-01-01,서대명지구대앞,2257,845
2014-01-01,서도초등학교건너,2371,1597
2014-01-01,서도초등학교서편2,95,4
2014-01-01,서도초등학교앞,7521,718
2014-01-01,서문시장,63396,9583
2014-01-01,서문시장5지구앞,1402,885
2014-01-01,서변동영남네오빌건너,4113,241
2014-01-01,서변동영남네오빌앞,3720,354
2014-01-01,서부고등학교건너,1993,517
2014-01-01,서부고등학교앞,3630,112
2014-01-01,서부공업고등학교건너,9361,10461
2014-01-01,서부공업고등학교앞,26435,1307
2014-01-01,서부소방서,0,67
2014-01-01,서부시장건너,24699,10351
2014-01-01,서부시장앞,21618,5133
2014-01-01,서부정류장(관문시장건너),94419,16332
2014-01-01,서부정류장(관문시장앞),34303,10319
2014-01-01,서부정류장1,78449,10325
2014-01-01,서부정류장2,5418,1564
2014-01-01,서부정류장3(성당못역1번출구),23122,32356
2014-01-01,서부정류장4(성당못역1번출구),2680,1226
2014-01-01,서부중학교앞,7511,5968
2014-01-01,서영기공건너,247,0
2014-01-01,서영기공앞,4,57
2014-01-01,서재금봉타운,198,1049
2014-01-01,서재금봉타운건너,25359,85
2014-01-01,서재들,19,4
2014-01-01,서재들건너,35,5
2014-01-01,서재보성타운건너,19271,139
2014-01-01,서재보성타운앞,149,269
2014-01-01,서진중학교건너,806,575
2014-01-01,서평초등학교,2711,1298
2014-01-01,서평초등학교건너,2241,450
2014-01-01,선녀곡건너(옥포),141,65
2014-01-01,선녀곡앞(옥포),34,366
2014-01-01,설티고개(달성공단방면),4,4
2014-01-01,설티고개(옥포방면),59,0
2014-01-01,설화동(종점),239,20
2014-01-01,설화리(시내방향),11692,826
2014-01-01,설화리(시외방향),865,854
2014-01-01,설화명곡역(4번출구),2,106
2014-01-01,섬뜸마을,646,0
2014-01-01,섬유회관건너1,49829,16641
2014-01-01,섬유회관건너2,9117,3297
2014-01-01,섬유회관앞,59329,19713
2014-01-01,성곡중학교건너,656,567
2014-01-01,성곡중학교앞,1218,56
2014-01-01,성광고등학교건너,6239,3342
2014-01-01,성광고등학교앞,67,888
2014-01-01,성남초등학교건너,1091,1706
2014-01-01,성남초등학교앞,4684,319
2014-01-01,성내3동주민센터입구,1057,1619
2014-01-01,성당두산위브앞,24204,1771
2014-01-01,성당래미안·e-편한세상앞,9982,2585
2014-01-01,성당못역북편1,642,906
2014-01-01,성당못역북편2,2153,222
2014-01-01,성당보성아파트건너,26548,6391
2014-01-01,성당보성아파트앞,12156,3329
2014-01-01,성당시장건너,27434,4937
2014-01-01,성당시장앞1,4616,531
2014-01-01,성당시장앞2,31669,3209
2014-01-01,성당초교앞,630,296
2014-01-01,성당코오롱하늘채,7684,1389
2014-01-01,성당코오롱하늘채2,12433,6286
2014-01-01,성당포스코더샵건너,4358,1681
2014-01-01,성당포스코더샵앞,13296,933
2014-01-01,성동건너,186,223
2014-01-01,성동마을건너,134,44
2014-01-01,성동마을앞,379,6
2014-01-01,성동앞,117,72
2014-01-01,성동초등학교건너,10584,1793
2014-01-01,성동초등학교앞,17638,1574
2014-01-01,성동탱자나무마을건너,21,20
2014-01-01,성동탱자나무마을앞,47,48
2014-01-01,성림첨단산업건너,47,6
2014-01-01,성림첨단산업앞,370,3
2014-01-01,성명119안전센터건너1,3756,3679
2014-01-01,성명119안전센터앞,2210,285
2014-01-01,성명여자중학교,333,204
2014-01-01,성모여성병원건너,31992,4359
2014-01-01,성모여성병원앞,31839,17353
2014-01-01,성보교통,1199,74
2014-01-01,성북교1,10793,1719
2014-01-01,성북교2,7158,3464
2014-01-01,성북시장건너,2185,910
2014-01-01,성북시장앞,9567,2402
2014-01-01,성산3동,0,9
2014-01-01,성산리1,44,57
2014-01-01,성산리2,557,106
2014-01-01,성산중학교앞,1466,185
2014-01-01,성산초등학교앞,359,98
2014-01-01,성서119안전센터건너,21,2868
2014-01-01,성서119안전센터앞,17258,149
2014-01-01,성서4차산업단지앞1,466,96
2014-01-01,성서공단물류센터,571,2
2014-01-01,성서농협남부지소,11249,3236
2014-01-01,성서동서서한타운건너,3178,434
2014-01-01,성서동서서한타운앞,5547,276
2014-01-01,성서보성타운2차건너1,159,555
2014-01-01,성서보성타운2차건너2,1197,113
2014-01-01,성서보성타운2차앞,7464,1572
2014-01-01,성서산업단지역(1번출구),4866,2669
2014-01-01,성서산업단지역(2번출구),10849,1338
2014-01-01,성서서한2차타운1,7942,321
2014-01-01,성서서한2차타운2,219,794
2014-01-01,성서우방2차아파트,1229,434
2014-01-01,성서우방타운건너,22154,3248
2014-01-01,성서우방타운앞,14694,2614
2014-01-01,성서우체국건너,2031,311
2014-01-01,성서우체국앞,368,1298
2014-01-01,성서종합시장건너,19182,6215
2014-01-01,성서종합시장앞,44199,5339
2014-01-01,성서주공1단지건너,9589,1011
2014-01-01,성서주공1단지앞,1823,1771
2014-01-01,성서주공2단지건너,13630,6240
2014-01-01,성서주공2단지앞,31931,2393
2014-01-01,성서주공5단지앞,413,186
2014-01-01,성서청구타운건너,8835,1467
2014-01-01,성서청구타운앞,6081,478
2014-01-01,성서초등학교건너,4490,1209
2014-01-01,성서초등학교앞,74,478
2014-01-01,성서푸른마을아파트건너,9023,839
2014-01-01,성서푸른마을아파트앞,1806,1013
2014-01-01,성서한샘타운앞,1802,106
2014-01-01,성서협업단지건너,102,4
2014-01-01,성서협업단지앞,9,60
2014-01-01,성요셉요양병원건너,130,513
2014-01-01,성요셉요양병원앞,1467,149
2014-01-01,성원아파트건너,1345,227
2014-01-01,성원아파트앞,6358,489
2014-01-01,성주사건너,60,33
2014-01-01,성주사앞,0,77
2014-01-01,성지중학교건너,3908,1052
2014-01-01,성지중학교앞,6454,5400
2014-01-01,성하리,18,497
2014-01-01,성화여고건너,9306,606
2014-01-01,성화여고앞,3903,3261
2014-01-01,세강병원앞,6446,21168
2014-01-01,세원정공건너,11587,458
2014-01-01,세원정공앞,1475,4027
2014-01-01,세천고개1,238,11
2014-01-01,세천고개2,126,36
2014-01-01,세천리2,287,22
2014-01-01,세천리3,514,7
2014-01-01,세하건너,7,9
2014-01-01,세하앞,7,1
2014-01-01,세흥인쇄,772,120
2014-01-01,소선여중건너,2206,3778
2014-01-01,소선여중앞,56,501
2014-01-01,솔렌스힐건너,4752,775
2014-01-01,솔렌스힐앞,1756,389
2014-01-01,솔밭기세길건너,0,17
2014-01-01,솔밭기세길입구,169,0
2014-01-01,솔비식당입구,7,2
2014-01-01,솔비식당입구맞은편,594,47
2014-01-01,송원맨션건너,11979,888
2014-01-01,송원맨션앞,2657,998
2014-01-01,송정1동,0,8
2014-01-01,송정동1,33,13
2014-01-01,송정동2,12,0
2014-01-01,송정동3,8,4
2014-01-01,송정동4,4,8
2014-01-01,송정마을1,4,42
2014-01-01,송정마을2,91,0
2014-01-01,송정삼거리1,379,250
2014-01-01,송정삼거리2,193,391
2014-01-01,송정삼거리3,4337,940
2014-01-01,송정삼거리4,3934,867
2014-01-01,송해공원,6,1
2014-01-01,송현1동치안센터건너,6929,1403
2014-01-01,송현2동주민센터건너,663,192
2014-01-01,송현공원건너,589,210
2014-01-01,송현공원앞,492,645
2014-01-01,송현교,738,68
2014-01-01,송현교2,64,74
2014-01-01,송현여중고교건너,1721,764
2014-01-01,송현여중고교앞,3257,3178
2014-01-01,송현역(1번출구),12067,1977
2014-01-01,송현역(2번출구),16230,3392
2014-01-01,송현역(3번출구),16892,13818
2014-01-01,송현역(4번출구),6631,3668
2014-01-01,송현제림타운건너,5029,8923
2014-01-01,송현제림타운앞,3596,817
2014-01-01,송현초등학교건너,3283,753
2014-01-01,송현초등학교앞,8558,300
2014-01-01,수리리,148,59
2014-01-01,수성4가동주민센터앞,771,164
2014-01-01,수성경찰서건너,26848,6896
2014-01-01,수성경찰서앞,17577,10269
2014-01-01,수성고등학교건너,3926,639
2014-01-01,수성고등학교앞,2703,522
2014-01-01,수성관광호텔건너,2641,295
2014-01-01,수성관광호텔앞,1918,385
2014-01-01,수성교1,6603,5041
2014-01-01,수성교2,6454,3585
2014-01-01,수성구민운동장건너,7198,2284
2014-01-01,수성구민운동장앞,5965,10864
2014-01-01,수성구보건소건너,26000,2290
2014-01-01,수성구보건소앞,9750,3677
2014-01-01,수성구청건너,25756,10685
2014-01-01,수성구청앞,23534,7444
2014-01-01,수성네거리1,15370,5738
2014-01-01,수성네거리2,12668,2878
2014-01-01,수성대학교건너,30026,7918
2014-01-01,수성대학교앞,15348,13739
2014-01-01,수성도서관건너,14408,2008
2014-01-01,수성도서관앞,6566,2830
2014-01-01,수성동삼익맨션앞,4,0
2014-01-01,수성동일하이빌앞,721,92
2014-01-01,수성랜드1,3589,193
2014-01-01,수성랜드2,1034,3001
2014-01-01,수성랜드건너,1428,533
2014-01-01,수성랜드건너2,510,498
2014-01-01,수성랜드앞,1113,1597
2014-01-01,수성롯데캐슬건너,13696,1774
2014-01-01,수성롯데캐슬앞,17926,5525
2014-01-01,수성못건너,850,440
2014-01-01,수성못앞,919,605
2014-01-01,수성못오거리1,11016,2393
2014-01-01,수성못오거리2,12697,2241
2014-01-01,수성못오거리5,385,411
2014-01-01,수성못코오롱하늘채,3602,3260
2014-01-01,수성소방서1,271,603
2014-01-01,수성소방서2,157,1587
2014-01-01,수성시니어클럽건너,2292,2066
2014-01-01,수성시니어클럽앞,5166,946
2014-01-01,수성시장건너,2648,1225
2014-01-01,수성시장네거리1,12383,2476
2014-01-01,수성시장네거리2,14681,5449
2014-01-01,수성시장앞,2508,797
2014-01-01,수성아트피아건너,5908,2740
2014-01-01,수성아트피아앞,3778,2178
2014-01-01,수성요양병원,554,92
2014-01-01,수성월드메르디앙건너,387,128
2014-01-01,수성월드메르디앙앞,823,84
2014-01-01,수성초등학교,6130,2552
2014-01-01,수성태영데시앙건너,1410,635
2014-01-01,수성태영데시앙앞,4029,496
2014-01-01,수성하이츠,2197,162
2014-01-01,수정맨션앞,1747,198
2014-01-01,수창초등학교,436,3655
2014-01-01,스파밸리1,79,261
2014-01-01,스파밸리2,8495,27
2014-01-01,시립희망원,906,448
2014-01-01,시민교회건너,814,80
2014-01-01,시민교회앞,501,355
2014-01-01,시민운동장(야구장건너),2505,459
2014-01-01,시민운동장(야구장앞),1980,493
2014-01-01,시민운동장(축구장건너),2756,3664
2014-01-01,시민운동장(축구장앞),3417,688
2014-01-01,시지(종점),1386,375
2014-01-01,시지대성유니드건너,718,33
2014-01-01,시지대성유니드앞,1856,1580
2014-01-01,시지보성아파트앞,21887,8607
2014-01-01,시지중학교,18631,999
2014-01-01,시지천마타운앞,3845,1676
2014-01-01,시청별관건너1,7741,2402
2014-01-01,시청별관건너2,5576,1202
2014-01-01,시청별관앞(구.경북도청),5174,4003
2014-01-01,신기리1,33,44
2014-01-01,신기리2,816,58
2014-01-01,신기역(화성타운건너),8541,1273
2014-01-01,신기역(화성타운앞),13098,1382
2014-01-01,신남역(1번출구),4094,1130
2014-01-01,신당동주민센터건너,1680,770
2014-01-01,신당동주민센터앞,8746,516
2014-01-01,신당리,1101,7
2014-01-01,신덕마을입구,208,106
2014-01-01,신도운수건너,1052,112
2014-01-01,신도운수앞,1084,99
2014-01-01,신매광장건너,42517,7995
2014-01-01,신매광장앞,46398,8165
2014-01-01,신매시장,5022,10877
2014-01-01,신매초등학교건너,8906,1893
2014-01-01,신매초등학교앞,7960,2123
2014-01-01,신매태성아파트,60,582
2014-01-01,신매태성아파트건너,5762,1806
2014-01-01,신무동1,479,0
2014-01-01,신무동2,1,6
2014-01-01,신생원앞,12,4
2014-01-01,신서성당건너,3566,339
2014-01-01,신서성당앞,1,320
2014-01-01,신성에스앤티건너,616,42
2014-01-01,신성에스앤티앞,146,10
2014-01-01,신성중공업건너,4,168
2014-01-01,신성중공업앞,397,0
2014-01-01,신성초등학교건너,3708,7551
2014-01-01,신성초등학교앞,4571,1165
2014-01-01,신세계병원건너,20490,13098
2014-01-01,신세계병원앞,9290,9477
2014-01-01,신세계주유소건너,6892,254
2014-01-01,신세계주유소앞,885,1199
2014-01-01,신세월입구,49,0
2014-01-01,신신정비공장1,9424,4983
2014-01-01,신신정비공장2,29476,23451
2014-01-01,신암건영캐스빌건너,3786,629
2014-01-01,신암건영캐스빌앞,1210,69
2014-01-01,신암보성아파트건너,1268,439
2014-01-01,신암보성아파트앞,1085,987
2014-01-01,신암초등학교건너,3881,2398
2014-01-01,신천3동행정복지센터건너,3707,511
2014-01-01,신천3동행정복지센터앞,1927,2127
2014-01-01,신천3치안센터건너,3573,1211
2014-01-01,신천3치안센터앞,4255,3255
2014-01-01,신천LH아파트건너,7593,1966
2014-01-01,신천LH아파트앞,13510,4522
2014-01-01,신천교1,1702,815
2014-01-01,신천교2,1862,260
2014-01-01,신천시장건너,2854,647
2014-01-01,신천시장앞,3703,1197
2014-01-01,신천역(2번출구),4028,1660
2014-01-01,신천역(3번출구),2196,736
2014-01-01,신천역(4번출구),6067,1754
2014-01-01,신천역(5번출구),8714,1845
2014-01-01,신천초등학교건너,575,37
2014-01-01,신천초등학교앞,309,68
2014-01-01,신평동1,366,834
2014-01-01,신평동2,1272,105
2014-01-01,신평리네거리1,21473,8987
2014-01-01,신평리네거리2,25684,9183
2014-01-01,신평리주유소건너,1692,231
2014-01-01,신평리주유소앞,564,356
2014-01-01,신흥버스,15534,2552
2014-01-01,실내체육관건너,3081,716
2014-01-01,실내체육관앞,3737,1261
2014-01-01,심신수련장입구건너,796,174
2014-01-01,심신수련장입구앞,760,130
2014-01-01,심인고등학교건너,19149,2750
2014-01-01,심인고등학교앞,10651,2275
2014-01-01,쌍용머티리얼,1630,114
2014-01-01,아너스월성앞,3321,567
2014-01-01,아멕스,553,29
2014-01-01,아멕스건너,923,17
2014-01-01,아양교1,3510,1066
2014-01-01,아양교2,12913,13350
2014-01-01,아양교3,863,20904
2014-01-01,아양교4,3942,1116
2014-01-01,아양교역(1번출구),64299,62939
2014-01-01,아양교역(2번출구),79971,8377
2014-01-01,아양아트센터건너,3668,279
2014-01-01,아양아트센터앞,1270,247
2014-01-01,아주섬유건너,2,41
2014-01-01,아주섬유앞,110,2
2014-01-01,아주철강건너,111,10
2014-01-01,아주철강앞,139,7
2014-01-01,안심교(경산방향),192,67
2014-01-01,안심교(반야월방향),288,5707
2014-01-01,안심신우타운앞,1631,3205
2014-01-01,안심역(4번출구),37724,326
2014-01-01,안심역(5번출구),4018,23115
2014-01-01,안심주공1단지건너,12040,1442
2014-01-01,안심주공1단지앞,5259,637
2014-01-01,안심주공2단지앞,356,1162
2014-01-01,안심중학교건너,1081,1522
2014-01-01,안심중학교앞,1413,781
2014-01-01,안심효성타운건너,10947,1449
2014-01-01,안심효성타운앞,23842,1971
2014-01-01,안지랑네거리1,24436,7691
2014-01-01,안지랑네거리2,27919,7945
2014-01-01,앞산공원,8288,2888
2014-01-01,앞산공원관리사무소건너,180,46
2014-01-01,앞산공원관리사무소앞,2,438
2014-01-01,앞산궁도장건너,640,78
2014-01-01,앞산궁도장앞,239,39
2014-01-01,앞산별자리체험학습장1,3335,32
2014-01-01,앞산별자리체험학습장2,83,567
2014-01-01,앞산보성타운건너,58,53
2014-01-01,앞산보성타운앞,2817,8
2014-01-01,앞산빨래터공원,622,143
2014-01-01,앞산빨래터공원1,730,50
2014-01-01,앞산자락카페마실건너,44,166
2014-01-01,앞산자락카페마실앞,1053,413
2014-01-01,앞산청구제네스건너,5844,2416
2014-01-01,앞산청구제네스앞,13197,2142
2014-01-01,앞산힐스테이트건너,2618,514
2014-01-01,앞산힐스테이트앞,1138,311
2014-01-01,약령시건너(동성로입구),208353,32785
2014-01-01,약령시앞,157189,59882
2014-01-01,약령시입구,3022,1712
2014-01-01,약사회관건너,308,73
2014-01-01,약사회관앞,526,37
2014-01-01,약산온천입구,680,165
2014-01-01,양지마을건너,170,334
2014-01-01,양지마을앞,4567,37
2014-01-01,어린이회관건너1,2861,5192
2014-01-01,어린이회관건너2,49,399
2014-01-01,어린이회관앞,6073,3168
2014-01-01,에이스이노텍건너,152,7
2014-01-01,에이스이노텍앞,389,190
2014-01-01,엑스코건너,4057,1291
2014-01-01,엑스코앞,11810,433
2014-01-01,엘디스리젠트호텔건너,5246,4759
2014-01-01,엘디스리젠트호텔앞,3578,5876
2014-01-01,여성메디파크,665,488
2014-01-01,역전시장건너,5268,1086
2014-01-01,역전시장앞,5499,854
2014-01-01,연경1,58,9
2014-01-01,연경2,302,3
2014-01-01,연암네거리1,17816,3442
2014-01-01,연암네거리2,3929,383
2014-01-01,연암네거리3,209,2217
2014-01-01,연젓마을건너,40,0
2014-01-01,연젓마을입구,0,2
2014-01-01,연호동,0,7
2014-01-01,연호동(종점),24,0
2014-01-01,연호동화훼단지1,3584,2595
2014-01-01,연호동화훼단지2,10420,742
2014-01-01,연호역(3번출구),55,5
2014-01-01,연호역(3번출구)건너,0,34
2014-01-01,연호지,318,412
2014-01-01,연호지건너,235,4877
2014-01-01,연화리1,2,6
2014-01-01,연화리2,0,123
2014-01-01,열병합발전소건너,1,0
2014-01-01,열병합발전소앞,0,1
2014-01-01,영남고등학교건너,16650,18549
2014-01-01,영남고등학교앞,35754,3089
2014-01-01,영남네오빌건너,977,51
2014-01-01,영남네오빌비스타,1105,288
2014-01-01,영남네오빌앞,304,513
2014-01-01,영남농업연구소콩연구,3,0
2014-01-01,영남우방타운1차건너,3349,457
2014-01-01,영남우방타운1차앞,5613,358
2014-01-01,영남이공대학건너,11044,2958
2014-01-01,영남이공대학앞,21669,1394
2014-01-01,영남일보건너,3386,543
2014-01-01,영남종합전기,364,47
2014-01-01,영대병원역,39222,3424
2014-01-01,영대병원역(3번출구),31645,14402
2014-01-01,영일무역건너,296,16
2014-01-01,영일무역앞,41,94
2014-01-01,영조아파트건너,8,48
2014-01-01,영조아파트앞,1763,3
2014-01-01,영진고등학교건너,19952,2539
2014-01-01,영진고등학교앞,37369,15781
2014-01-01,영진교통(종점),617,17
2014-01-01,영진산업,371,1
2014-01-01,영진전문대학정문건너,7158,1746
2014-01-01,영진전문대학정문앞,13050,3502
2014-01-01,영진전문대학후문건너,22892,4965
2014-01-01,영진전문대학후문앞,32312,12568
2014-01-01,영화,618,121
2014-01-01,예현2리마을회관,426,3
2014-01-01,오뚜기물류센터,129,6
2014-01-01,오설리,7,1
2014-01-01,오성아파트,137,4307
2014-01-01,오페라삼정그린코아APT,16428,2921
2014-01-01,오페라하우스건너,1264,398
2014-01-01,오페라하우스앞,1076,338
2014-01-01,옥분리(구진터),101,4
2014-01-01,옥분리1,24,33
2014-01-01,옥분리마을회관앞,272,3
2014-01-01,옥산정미소,304,1
2014-01-01,옥연지,0,2
2014-01-01,옥연지건너,16,44
2014-01-01,옥포간경리1,1322,787
2014-01-01,옥포간경리2,8571,430
2014-01-01,옥포농협,299,20
2014-01-01,옥포농협강림지소건너,857,611
2014-01-01,옥포농협강림지소앞,5798,57
2014-01-01,옥포농협건너,5063,150
2014-01-01,옥포농협앞,1135,187
2014-01-01,옥포무지개마을,3967,119
2014-01-01,옥포주유소앞,267,129
2014-01-01,옥포중앙교회앞,74,55
2014-01-01,옥포초등학교건너,725,603
2014-01-01,옥포초등학교앞,4416,575
2014-01-01,올림픽기념관건너,7269,4054
2014-01-01,올림픽기념관앞,12492,2294
2014-01-01,와룡공원건너,416,691
2014-01-01,와룡공원앞,745,147
2014-01-01,와룡시장,6460,321
2014-01-01,와룡시장건너,2229,623
2014-01-01,용계동1,45,13
2014-01-01,용계동2,437,291
2014-01-01,용계동3,1208,102
2014-01-01,용계동4,233,92
2014-01-01,용계삼거리1,8967,10338
2014-01-01,용계삼거리2,2829,2503
2014-01-01,용계삼거리3,493,566
2014-01-01,용계삼거리4,409,836
2014-01-01,용계역(1번출구),18767,3407
2014-01-01,용계역(2번출구),4621,885
2014-01-01,용산1동주민센터건너,7679,3276
2014-01-01,용산1동주민센터앞,3656,1417
2014-01-01,용산2동주민센터건너,2652,1152
2014-01-01,용산2동주민센터건너2,1545,969
2014-01-01,용산2동주민센터앞,32045,2351
2014-01-01,용산네거리1,24979,4371
2014-01-01,용산네거리2,55288,15597
2014-01-01,용산역,1416,75
2014-01-01,용산역(1번출구),941,238
2014-01-01,용산역(2번출구),38413,6207
2014-01-01,용산종합큰시장건너,13922,975
2014-01-01,용산종합큰시장앞,6456,1504
2014-01-01,용수동2,151,0
2014-01-01,용연사,163,10
2014-01-01,용연사시설집단지구건너,73,1
2014-01-01,용연사시설집단지구앞,73,43
2014-01-01,우록리,2,0
2014-01-01,우록리(부곡장식당),4,3
2014-01-01,우록리(선흥사입구),4,23
2014-01-01,우록리(종점),13884,6394
2014-01-01,우방강촌마을건너,29769,1138
2014-01-01,우방강촌마을앞,11502,2081
2014-01-01,우방금탑아파트(서편),2518,6383
2014-01-01,우방드림시티건너,2384,3919
2014-01-01,우방드림시티앞,6722,1210
2014-01-01,우방만촌하이츠건너,4644,2190
2014-01-01,우방만촌하이츠앞,4652,3679
2014-01-01,우방송현하이츠,688,186
2014-01-01,우방송현하이츠건너,223,41
2014-01-01,우방신세계타운앞,13,2
2014-01-01,우방신천지타운건너,3145,515
2014-01-01,우방신천지타운앞,11807,2346
2014-01-01,우방아파트삼거리,150,259
2014-01-01,우방죽전타운건너,8927,3847
2014-01-01,우방죽전타운앞1,7496,833
2014-01-01,우방죽전타운앞2,2266,232
2014-01-01,우방청솔맨션건너,11140,2346
2014-01-01,우방청솔맨션앞,15262,18530
2014-01-01,욱수초등학교건너,5594,2674
2014-01-01,욱수초등학교앞,32505,1151
2014-01-01,운암지공원1,357,2
2014-01-01,운암지공원2,9,217
2014-01-01,운암초등학교건너,10170,646
2014-01-01,운암초등학교앞,11041,72
2014-01-01,웃갈미마을건너,143,11
2014-01-01,웃갈미마을앞,3,13
2014-01-01,웃는얼굴아트센터1,867,9
2014-01-01,웃는얼굴아트센터2,571,64
2014-01-01,원대네거리,1095,190
2014-01-01,원대시장건너,21165,2343
2014-01-01,원대시장건너2,1632,638
2014-01-01,원대시장앞,14750,5733
2014-01-01,원대역1,12371,22630
2014-01-01,원대역2,18055,3169
2014-01-01,원대오거리북편1,2262,2459
2014-01-01,원대오거리북편2,817,374
2014-01-01,원불교앞,592,569
2014-01-01,월곡네거리,184,691
2014-01-01,월광수변공원,2597,198
2014-01-01,월드컵삼거리,832,203
2014-01-01,월드컵삼거리앞,575,815
2014-01-01,월배농협대덕지점건너,3161,531
2014-01-01,월배시장건너,14415,5213
2014-01-01,월배시장앞,17055,1819
2014-01-01,월배쌍용예가건너,1096,1
2014-01-01,월배쌍용예가앞,1,38
2014-01-01,월배역(3번출구),9920,9369
2014-01-01,월배역(4번출구),10025,3020
2014-01-01,월배이안아파트건너,121,0
2014-01-01,월배이안아파트앞,29,18
2014-01-01,월배중학교건너,1650,1492
2014-01-01,월배중학교앞,573,658
2014-01-01,월배차량기지건너,0,33
2014-01-01,월배차량기지앞,108,12
2014-01-01,월배초등학교건너,8784,3312
2014-01-01,월배힐스테이트건너,1589,11
2014-01-01,월배힐스테이트앞,4,103
2014-01-01,월성1동주민센터건너,6924,1646
2014-01-01,월성1동주민센터앞,4362,238
2014-01-01,월성2동주민센터건너,15097,1795
2014-01-01,월성2동주민센터앞,30610,2793
2014-01-01,월성e-편한세상건너,15226,2595
2014-01-01,월성e-편한세상앞,844,2241
2014-01-01,월성영남맨션앞,603,336
2014-01-01,월성자이앞,157,366
2014-01-01,월성주공2단지앞,10791,1721
2014-01-01,월성주공3단지,1466,989
2014-01-01,월성주공4단지건너,38609,4577
2014-01-01,월성주공4단지앞1,2646,284
2014-01-01,월성주공4단지앞2,19904,3828
2014-01-01,월성주공5단지앞,7364,5570
2014-01-01,월성청구코아건너,24757,2001
2014-01-01,월성청구코아앞,17856,4173
2014-01-01,월성코오롱하늘채건너,465,76
2014-01-01,월성코오롱하늘채앞,3000,270
2014-01-01,월성푸르지오앞,17253,2681
2014-01-01,월암교1,1175,8
2014-01-01,월암교2,237,74
2014-01-01,월촌고가교1,365,389
2014-01-01,월촌고가교2,1776,166
2014-01-01,월촌역(6번출구),19495,1769
2014-01-01,월촌역(7번출구),8793,3427
2014-01-01,월촌초등학교건너,929,242
2014-01-01,월촌초등학교앞,1363,745
2014-01-01,위남마을입구,2626,93
2014-01-01,위천1리건너,405,38
2014-01-01,위천1리앞,1624,61
2014-01-01,위천삼거리(논공방향),273,35
2014-01-01,위천삼거리(현풍방향),159,108
2014-01-01,유가사(종점),527,36
2014-01-01,유가차천,253,12
2014-01-01,유가차천1,45,93
2014-01-01,유곡리,4,0
2014-01-01,유곡리(회차지),41,6
2014-01-01,유니버시아드레포츠센터건너,2684,1243
2014-01-01,유니버시아드선수촌2단지건너,13420,4818
2014-01-01,유니버시아드선수촌2단지앞,3029,710
2014-01-01,유림물산,1654,311
2014-01-01,유림한의원건너,350,182
2014-01-01,유산리,173,0
2014-01-01,유신섬유네거리1,800,93
2014-01-01,유신섬유네거리2,3456,44
2014-01-01,유천교(유천치안센터건너),10041,5512
2014-01-01,유천교(유천치안센터앞),19126,11559
2014-01-01,유천교1,11218,447
2014-01-01,유천교2,557,2896
2014-01-01,유천포스코건너,2449,165
2014-01-01,유천포스코앞,3487,5796
2014-01-01,유통단지회차지,613,124
2014-01-01,유통단지회차지2,3011,18
2014-01-01,육상진흥센터건너,84,101
2014-01-01,육상진흥센터앞,122,213
2014-01-01,육신사,145,1
2014-01-01,율원초등학교건너,35,1516
2014-01-01,율원초등학교앞,3016,97
2014-01-01,율하역,568,1779
2014-01-01,율하역(4번출구),9832,2120
2014-01-01,율하역(5번출구),9674,606
2014-01-01,율하휴먼시아15단지앞,6148,4062
2014-01-01,율하휴먼시아5단지건너,121,206
2014-01-01,율하휴먼시아5단지앞,2268,549
2014-01-01,율하휴먼시아6단지건너,990,721
2014-01-01,율하휴먼시아6단지앞,10669,646
2014-01-01,율하휴먼시아8단지앞,8313,297
2014-01-01,율하휴먼시아9단지앞,1194,308
2014-01-01,은하타운건너,721,935
2014-01-01,은하타운앞,1156,1853
2014-01-01,은행APT입구,465,404
2014-01-01,읍내동주민센터건너,5677,2089
2014-01-01,읍내동주민센터앞,301,63
2014-01-01,응암1리1,26,15
2014-01-01,응암1리2,22,0
2014-01-01,응암2리,11,5
2014-01-01,응암2리건너,23,211
2014-01-01,응암2리앞,0,86
2014-01-01,응암3리2,19,0
2014-01-01,이곡1동주민센터건너,8754,676
2014-01-01,이곡1동주민센터앞,3412,2892
2014-01-01,이곡마을,314,12
2014-01-01,이곡양수장건너,48,27
2014-01-01,이곡양수장앞,152,612
2014-01-01,이곡장미공원건너,4177,793
2014-01-01,이곡장미공원앞,3498,823
2014-01-01,이마트경산점,8076,2803
2014-01-01,이마트반야월점건너,1060,216
2014-01-01,이마트반야월점앞,2853,593
2014-01-01,이마트시지점건너,3659,1050
2014-01-01,이마트시지점앞,414,487
2014-01-01,이마트월배점건너,215,2409
2014-01-01,이마트월배점앞,8033,931
2014-01-01,이마트칠성점앞,1423,1139
2014-01-01,이마트트레이더스건너,9929,2717
2014-01-01,이마트트레이더스앞,16593,4461
2014-01-01,이시아폴리스더샵1단지,27317,1183
2014-01-01,이시아폴리스더샵2단지,1996,841
2014-01-01,이월드(구.우방랜드)건너,1203,101
2014-01-01,이월드(구.우방랜드)앞,451,144
2014-01-01,이월드(구.우방랜드)정문,4666,6197
2014-01-01,이월드(구.우방랜드)후문건너,2532,1132
2014-01-01,이월드(구.우방랜드)후문앞,1992,357
2014-01-01,이천동,4,25
2014-01-01,이천동(종점),83,0
2014-01-01,이천리(시내방향),127,5
2014-01-01,이천리(시외방향),122,0
2014-01-01,이천새마을금고건너,10064,598
2014-01-01,이천치안센터건너,1529,2968
2014-01-01,이현고개삼거리,3,1
2014-01-01,이현삼거리1,74,128
2014-01-01,이현삼거리2,758,104
2014-01-01,이현삼거리3,2743,979
2014-01-01,이현자동차검사소건너,1648,267
2014-01-01,이현자동차검사소앞,866,103
2014-01-01,이현지구대건너,755,366
2014-01-01,이현지구대앞,444,127
2014-01-01,인동촌시장건너,2571,2240
2014-01-01,인동촌시장입구,12589,590
2014-01-01,인산마을건너,917,3
2014-01-01,인산마을앞,18,67
2014-01-01,인지초등학교입구,2,0
2014-01-01,일심제약,149,13
2014-01-01,입석중학교건너,9423,2871
2014-01-01,입석중학교앞,3875,1693
2014-01-01,잉꼬아파트건너,635,140
2014-01-01,잉꼬아파트앞,1583,1154
2014-01-01,자모공원,40,1
2014-01-01,장관빌라건너,1507,104
2014-01-01,장관빌라앞,980,116
2014-01-01,장기영남네오빌,47,23
2014-01-01,장기초등학교,1014,278
2014-01-01,장기초등학교1,6,56
2014-01-01,장기초등학교2,17,3
2014-01-01,장기초록나라건너,2671,3285
2014-01-01,장기초록나라앞,5617,394
2014-01-01,장기파랑새마을앞,42,52
2014-01-01,장동초등학교건너,3110,18
2014-01-01,장동초등학교앞,75,632
2014-01-01,장산초등학교건너,331,43
2014-01-01,장산초등학교앞,808,72
2014-01-01,장성초등학교건너,716,8350
2014-01-01,장성초등학교앞,361,2040
2014-01-01,장태실마을건너,511,83
2014-01-01,장태실마을앞,22,19
2014-01-01,적십자혈액원건너,3570,524
2014-01-01,적십자혈액원앞,2370,849
2014-01-01,전기안전공사건너,1310,1326
2014-01-01,전기안전공사앞,2483,353
2014-01-01,전기재료관1,392,477
2014-01-01,전기재료관2,70,241
2014-01-01,전자관,3922,1046
2014-01-01,전자상가,11316,1672
2014-01-01,정대2리(마내미골)종점,7101,3102
2014-01-01,정대2리마을회관앞,9,0
2014-01-01,정대숲건너,1,2
2014-01-01,정동고등학교건너,4390,2115
2014-01-01,정동고등학교앞,10003,575
2014-01-01,정부대구지방합동청사건너,385,54
2014-01-01,정부대구지방합동청사앞,143,85
2014-01-01,정부대구지방합동청사후문1,1048,667
2014-01-01,정화우방팔레스,14372,6363
2014-01-01,정화우방팔레스건너,25877,2769
2014-01-01,제일규산,1247,27
2014-01-01,제일여자상업고등학교건너,16394,5778
2014-01-01,제일여자상업고등학교앞,18040,2754
2014-01-01,조달청건너,3155,2013
2014-01-01,조달청앞,7080,726
2014-01-01,조암네거리1,359,31
2014-01-01,조암네거리2,610,562
2014-01-01,조암초등학교건너,15,7
2014-01-01,조암초등학교앞,123,12
2014-01-01,조야동(종점),11259,571
2014-01-01,조일로봇고등학교(종점),4602,270
2014-01-01,주1리1,13,13
2014-01-01,주1리2,496,29
2014-01-01,주2리(최정사입구),1,24
2014-01-01,주2리1,123,0
2014-01-01,주리(삼진식당),1,15
2014-01-01,죽곡2지구1,6,5
2014-01-01,죽곡2지구2,3,41
2014-01-01,죽전119안전센터건너,3548,1994
2014-01-01,죽전119안전센터앞,4806,644
2014-01-01,죽전그린빌건너,3347,2416
2014-01-01,죽전그린빌앞,11159,1076
2014-01-01,죽전네거리1,31217,4916
2014-01-01,죽전네거리2,17322,6805
2014-01-01,중구보건소건너,3147,5692
2014-01-01,중구보건소앞,1997,1650
2014-01-01,중구청건너,26007,4005
2014-01-01,중구청앞,26864,15023
2014-01-01,중대1동회관앞,2110,3
2014-01-01,중동교1,3870,7501
2014-01-01,중동교2,1162,203
2014-01-01,중동네거리1,5247,1089
2014-01-01,중동네거리2,2956,5431
2014-01-01,중동서울아파트건너,191,99
2014-01-01,중동서울아파트앞,14,1
2014-01-01,중동시장건너,16554,5750
2014-01-01,중동시장앞,23464,2016
2014-01-01,중동주민센터건너,498,99
2014-01-01,중동주민센터앞,343,204
2014-01-01,중동치안센터건너,1335,145
2014-01-01,중동치안센터앞,439,179
2014-01-01,중리광명맨션건너,14791,1377
2014-01-01,중리광명맨션앞,8360,1727
2014-01-01,중리네거리1,5520,1342
2014-01-01,중리네거리2,5522,1122
2014-01-01,중리롯데캐슬건너,9649,5836
2014-01-01,중리롯데캐슬서편,3963,1555
2014-01-01,중리롯데캐슬앞,15885,1760
2014-01-01,중리롯데캐슬정문앞,659,112
2014-01-01,중리마을,2055,1
2014-01-01,중리삼거리1,15,111
2014-01-01,중리삼거리2,977,4
2014-01-01,중리시장건너1,247,169
2014-01-01,중리시장건너2,698,160
2014-01-01,중리시장앞,6848,1013
2014-01-01,중리중학교,578,84
2014-01-01,중마을(갓바위방향),40,635
2014-01-01,중마을(시내방향),276,4
2014-01-01,중부소방서건너,1915,1281
2014-01-01,중부소방서앞,7548,1675
2014-01-01,중석타운건너,66,391
2014-01-01,중석타운앞,9709,100
2014-01-01,중소기업관건너,48,622
2014-01-01,중소기업관앞,1343,115
2014-01-01,중소기업지원센터,293,74
2014-01-01,중심마을,139,26
2014-01-01,중앙일보건너,1419,885
2014-01-01,중앙일보앞,4899,104
2014-01-01,지묘동1,3094,403
2014-01-01,지묘동2,9525,108
2014-01-01,지묘초등학교건너,7281,280
2014-01-01,지묘초등학교앞,608,150
2014-01-01,지산2길입구,250,4
2014-01-01,지산2길입구건너,133,6
2014-01-01,지산동서맨션건너,6110,1550
2014-01-01,지산동서맨션앞,19560,779
2014-01-01,지산목련아파트건너,22452,1388
2014-01-01,지산목련아파트앞,10567,2388
2014-01-01,지산시영아파트1단지건너,1669,1447
2014-01-01,지산시영아파트1단지앞,6295,255
2014-01-01,지산영남맨션앞,2498,2009
2014-01-01,지산우방아파트,5074,1053
2014-01-01,지산중학교입구,566,288
2014-01-01,지산청구타운건너,2294,2402
2014-01-01,지산청구타운앞,19550,725
2014-01-01,지산타운건너,28213,630
2014-01-01,지산타운앞,2843,5761
2014-01-01,지산한라타운건너,19574,412
2014-01-01,지산한라타운앞,2955,3016
2014-01-01,지산현대주택건너,4500,2332
2014-01-01,지산현대주택앞,14515,1743
2014-01-01,지산화성파크드림,1660,493
2014-01-01,지저동행정복지센터건너,20676,2400
2014-01-01,지저동행정복지센터앞,4596,1197
2014-01-01,진달래아파트건너,7920,2660
2014-01-01,진달래아파트앞,13234,3728
2014-01-01,진월초등학교건너,1051,786
2014-01-01,진월초등학교앞,473,573
2014-01-01,진인동(양지마을)건너,5,24
2014-01-01,진인동(양지마을)앞,85,8
2014-01-01,진인동(진정마을)1,64,8
2014-01-01,진인동(진정마을)2,10,6
2014-01-01,진정마을1,1424,4
2014-01-01,진정마을2,71,22
2014-01-01,진천역(1번출구),35580,5584
2014-01-01,진천역(2번출구),21142,7112
2014-01-01,진천청구타운건너,885,398
2014-01-01,진천청구타운앞,3195,275
2014-01-01,징리보건소,42,0
2014-01-01,차량등록사업소건너,534,860
2014-01-01,차량등록사업소앞,733,155
2014-01-01,창1리1,2,1
2014-01-01,창1리2,155,33
2014-01-01,천내영남맨션,1,0
2014-01-01,천내우방1차,2,0
2014-01-01,첨단의료산업진흥재단건너,215,357
2014-01-01,첨단의료산업진흥재단앞,6,64
2014-01-01,청구고등학교건너,14206,2222
2014-01-01,청구고등학교앞,24032,4553
2014-01-01,청구그린맨션1차건너,9545,2062
2014-01-01,청구그린맨션1차앞,15949,2539
2014-01-01,청구시장건너,6410,439
2014-01-01,청구시장건너2,452,251
2014-01-01,청구시장북편,2361,266
2014-01-01,청구시장북편건너,3481,344
2014-01-01,청구시장앞,5756,985
2014-01-01,청구중동아파트,268,645
2014-01-01,청구타운건너,1142,1461
2014-01-01,청구타운앞,1317,320
2014-01-01,청기와주유소건너,17175,2982
2014-01-01,청기와주유소앞,12660,2489
2014-01-01,청남타운건너,1276,97
2014-01-01,청남타운앞,341,609
2014-01-01,청백다례원,1315,1319
2014-01-01,청소년수련원건너,318,126
2014-01-01,청소년수련원앞,538,485
2014-01-01,청아람푸르지오2단지1,1,6
2014-01-01,청아람푸르지오2단지2,86,14
2014-01-01,청운맨션건너,1072,255
2014-01-01,청운맨션앞,996,770
2014-01-01,충혼탑건너,4161,79
2014-01-01,충혼탑앞,64,547
2014-01-01,측백수림건너,549,0
2014-01-01,측백수림앞,5,5
2014-01-01,칠곡2차영남타운건너,3112,403
2014-01-01,칠곡2차영남타운앞,3943,565
2014-01-01,칠곡3차보성타운1,1019,147
2014-01-01,칠곡3차보성타운2,6802,408
2014-01-01,칠곡3차화성타운1,5035,63
2014-01-01,칠곡3차화성타운2,9248,205
2014-01-01,칠곡3차화성타운3,49,277
2014-01-01,칠곡경대병원역,10,315
2014-01-01,칠곡경북대병원,913,179
2014-01-01,칠곡경북대병원정문건너,339,276
2014-01-01,칠곡경북대병원정문앞,4701,17
2014-01-01,칠곡경북대병원후문건너,4563,277
2014-01-01,칠곡경북대병원후문앞,188,1
2014-01-01,칠곡그린빌2차건너,9105,335
2014-01-01,칠곡그린빌2차앞,18234,1236
2014-01-01,칠곡그린빌3차건너,15559,385
2014-01-01,칠곡그린빌3차앞,426,1155
2014-01-01,칠곡그린빌5단지건너,2466,203
2014-01-01,칠곡그린빌5단지앞,2586,1130
2014-01-01,칠곡그린빌6단지건너,674,116
2014-01-01,칠곡그린빌6단지앞,146,39
2014-01-01,칠곡그린파크1,10862,2550
2014-01-01,칠곡그린파크2,24316,1036
2014-01-01,칠곡네스빌,150,164
2014-01-01,칠곡대백맨션건너,5091,28
2014-01-01,칠곡대백맨션앞,183,547
2014-01-01,칠곡동화아파트건너,3606,2079
2014-01-01,칠곡동화아파트앞,17356,1852
2014-01-01,칠곡롯데아파트건너,30,229
2014-01-01,칠곡롯데아파트앞,5056,24
2014-01-01,칠곡부영1단지,3357,295
2014-01-01,칠곡서한맨션,1014,7
2014-01-01,칠곡서한맨션앞,97,303
2014-01-01,칠곡시장건너,11942,869
2014-01-01,칠곡시장앞,1835,2150
2014-01-01,칠곡에덴타운건너,29200,8568
2014-01-01,칠곡에덴타운앞,23914,4054
2014-01-01,칠곡우방타운건너(종점),112,3
2014-01-01,칠곡우방타운건너(종점),2913,8
2014-01-01,칠곡우방타운앞(종점),1956,72
2014-01-01,칠곡주공그린빌1단지건너,2708,534
2014-01-01,칠곡주공그린빌1단지앞,9430,329
2014-01-01,칠곡중학교건너(칠곡향교건너),1365,557
2014-01-01,칠곡중학교앞(칠곡향교앞),18977,852
2014-01-01,칠곡청구타운건너,327,641
2014-01-01,칠곡청구타운앞,3591,182
2014-01-01,칠곡초등학교건너,123,516
2014-01-01,칠곡초등학교앞,1577,197
2014-01-01,칠곡한라타운건너,4261,42
2014-01-01,칠곡한라타운앞,44,453
2014-01-01,칠곡한서타운건너,9895,1344
2014-01-01,칠곡한신아파트건너,2110,305
2014-01-01,칠곡한신아파트앞1,8298,1002
2014-01-01,칠곡한신아파트앞2,1008,142
2014-01-01,칠곡화성타운건너,8376,121
2014-01-01,칠곡화성타운앞1,7823,2283
2014-01-01,칠곡화성타운앞2,2812,773
2014-01-01,칠성고가도로하단,547,68
2014-01-01,칠성꽃도매시장건너,765,1323
2014-01-01,칠성꽃도매시장앞,1712,1975
2014-01-01,칠성시장(농협건너),82,166
2014-01-01,칠성시장(농협앞),1213,211
2014-01-01,칠성시장(양친회신협),0,43
2014-01-01,칠성시장(전자상가건너),6557,460
2014-01-01,칠성시장(전자상가앞),1687,1053
2014-01-01,칠성시장건너,40892,20080
2014-01-01,칠성시장앞1,1953,4602
2014-01-01,칠성시장역(서문프라자건너),4143,5310
2014-01-01,칠성시장역(서문프라자앞),28982,2465
2014-01-01,칠성우방타운,626,174
2014-01-01,침산3동주민센터,11958,1208
2014-01-01,침산남영타운건너,2962,1954
2014-01-01,침산남영타운앞,6384,437
2014-01-01,침산네거리1,10265,1096
2014-01-01,침산네거리2,17011,3087
2014-01-01,침산동화타운건너,5844,208
2014-01-01,침산동화타운앞,401,933
2014-01-01,침산변전소건너,10395,3191
2014-01-01,침산변전소앞,9216,1793
2014-01-01,침산쌍용예가아파트앞,98,257
2014-01-01,침산중학교건너,2111,249
2014-01-01,침산중학교앞,4930,414
2014-01-01,침산초등학교건너,4040,958
2014-01-01,침산초등학교앞,931,869
2014-01-01,침산초등학교후문,386,35
2014-01-01,침산코오롱하늘채건너,7668,1494
2014-01-01,침산코오롱하늘채앞,21299,3781
2014-01-01,캐슬골드파크(1102동),18341,1623
2014-01-01,캐슬골드파크(1504동),13787,2823
2014-01-01,케이에스건너,4,24
2014-01-01,케이에스앞,697,24
2014-01-01,코스트코홀세일건너/복현화성타운앞,4128,4001
2014-01-01,코스트코홀세일앞/복현화성타운건너,42633,2367
2014-01-01,코오롱아파트,21182,1454
2014-01-01,퀸벨호텔건너,17355,2890
2014-01-01,퀸벨호텔앞,8241,6638
2014-01-01,퀸스로드건너,2095,2671
2014-01-01,퀸스로드건너(동편),11614,2036
2014-01-01,퀸스로드앞,3723,865
2014-01-01,퀸스로드앞(동편),14844,3260
2014-01-01,크리스탈호텔앞,1231,445
2014-01-01,큰고개1,3674,10746
2014-01-01,큰고개2,8495,4028
2014-01-01,큰고개오거리1,16081,1067
2014-01-01,큰고개오거리2,4126,8474
2014-01-01,큰장네거리1,71968,11688
2014-01-01,큰장네거리2,41818,20264
2014-01-01,큰장네거리3,19528,6525
2014-01-01,큰장네거리4,34111,13550
2014-01-01,태성맨션건너,11,100
2014-01-01,태성맨션앞,2692,1690
2014-01-01,태왕그린힐즈건너,172,432
2014-01-01,태왕그린힐즈앞1,76,525
2014-01-01,태왕그린힐즈앞2,2649,20
2014-01-01,태왕메트로시티건너,5832,2120
2014-01-01,태왕메트로시티앞,3398,1700
2014-01-01,태왕아너스베스트앞,5230,323
2014-01-01,태왕아너스복현건너,2454,1003
2014-01-01,태왕아너스복현앞,7074,1366
2014-01-01,태전두성타운건너,5392,1017
2014-01-01,태전두성타운앞,2185,432
2014-01-01,태전삼거리1,15076,8878
2014-01-01,태전삼거리2,34850,6631
2014-01-01,태전역1,13730,7998
2014-01-01,태전우방타운1차,451,35
2014-01-01,태전육교1,601,78
2014-01-01,태전육교2,147,44
2014-01-01,태전중석타운,892,39
2014-01-01,태전중석타운건너,993,293
2014-01-01,태전중앙시장건너,2439,1637
2014-01-01,태전중앙시장앞,8959,3291
2014-01-01,태전휴먼시아,1253,54
2014-01-01,태평상가건너,5658,6417
2014-01-01,태평상가앞1,5493,6818
2014-01-01,태평상가앞2,270,157
2014-01-01,태현초등학교앞,5163,162
2014-01-01,터실마을,14,0
2014-01-01,텍스빌,8422,1162
2014-01-01,토지주택공사건너,2745,1444
2014-01-01,토지주택공사앞,8494,1005
2014-01-01,퇴계마을건너,1,2
2014-01-01,파계교,326,378
2014-01-01,파계사(종점),6157,373
2014-01-01,파군재삼거리1,855,2504
2014-01-01,파군재삼거리2,626,883
2014-01-01,파동1차시장건너,1605,1073
2014-01-01,파동1차시장앞,10367,443
2014-01-01,파동우체국앞,729,594
2014-01-01,파동청구하이츠,7117,370
2014-01-01,파크맨션건너,9890,2661
2014-01-01,파크맨션앞,7405,2404
2014-01-01,파티마병원건너1,21145,10699
2014-01-01,파티마병원건너2,2846,2043
2014-01-01,팔거역3,334,80
2014-01-01,팔거역4,902,131
2014-01-01,팔공3차보성타운건너,786,5
2014-01-01,팔공3차보성타운앞,68,190
2014-01-01,팔공3차보성타운후문,4303,75
2014-01-01,팔공보성아파트건너,1236,385
2014-01-01,팔공보성아파트앞,9117,404
2014-01-01,팔공산IC입구,155,3692
2014-01-01,팔공산맥건너,4233,781
2014-01-01,팔공산맥앞,653,234
2014-01-01,팔공학생야영장앞,197,1
2014-01-01,팔공한마음주유소,2,12
2014-01-01,팔공한마음주유소건너,37,0
2014-01-01,팔달시장건너,40096,5494
2014-01-01,팔달시장앞,44752,16399
2014-01-01,팔달시장역,46063,15744
2014-01-01,팔달신시장,27676,6420
2014-01-01,팔달신시장2,6450,1239
2014-01-01,팔달역2,373,1281
2014-01-01,팔달중학교건너,8624,168
2014-01-01,팔달중학교앞,5138,280
2014-01-01,팔달초등학교,151,342
2014-01-01,팔레스호텔건너,22467,5708
2014-01-01,팔레스호텔앞1,5302,1790
2014-01-01,팔레스호텔앞2,671,681
2014-01-01,팔현마을,47,3
2014-01-01,평광3차아파트,5520,42
2014-01-01,평광3차아파트건너,3349,309
2014-01-01,평광새마을금고,179,0
2014-01-01,평광종점,523,4
2014-01-01,평리1동주민센터건너,47,66
2014-01-01,평리1동주민센터앞,3411,232
2014-01-01,평리2동주민센터건너,12447,1335
2014-01-01,평리2동주민센터앞,4882,2082
2014-01-01,평리3동주민센터건너,2226,144
2014-01-01,평리6동주민센터앞,1588,503
2014-01-01,평리광명네거리,561,1713
2014-01-01,평리광명맨션건너,2529,796
2014-01-01,평리광명맨션앞,843,328
2014-01-01,평리네거리1,14753,14865
2014-01-01,평리네거리2,16597,4933
2014-01-01,평리명성아파트건너,5218,1053
2014-01-01,평리명성아파트앞,3300,846
2014-01-01,평리중학교건너,1198,496
2014-01-01,평리중학교앞,2009,139
2014-01-01,평리청구타운건너,36008,10267
2014-01-01,평리청구타운앞,34438,8684
2014-01-01,평안,583,40
2014-01-01,평촌2리,11,4
2014-01-01,평촌리,67,0
2014-01-01,평현치안센터건너,6097,816
2014-01-01,평화시장(닭똥집골목)건너,24836,4860
2014-01-01,평화시장(닭똥집골목)앞,56451,10552
2014-01-01,평화씨엠비건너,1241,42
2014-01-01,평화씨엠비앞,231,125
2014-01-01,평화정공건너,611,268
2014-01-01,평화정공앞,684,45
2014-01-01,평화타운건너,22092,1872
2014-01-01,푸드웰건너,3821,59
2014-01-01,푸드웰앞,161,167
2014-01-01,푸르밀대구공장,47,0
2014-01-01,푸르밀대구공장건너,0,2
2014-01-01,풋살경기장(50사단),649,57
2014-01-01,풍국주정공업,1400,41
2014-01-01,하나원전문장례식장,2,3
2014-01-01,하리(약산온천)건너,247,11
2014-01-01,하목정(종점),0,6
2014-01-01,하빈농협건너,201,2
2014-01-01,하빈농협동곡지점1,55,22
2014-01-01,하빈농협동곡지점2,892,6
2014-01-01,하빈농협앞,12,6
2014-01-01,하빈농협입구,10,1
2014-01-01,하빈면사무소건너,207,2
2014-01-01,하빈면사무소앞,22,4
2014-01-01,하빈우체국건너,438,3
2014-01-01,하빈우체국앞,12,1
2014-01-01,하빈주유소앞,4,1
2014-01-01,하빈초등학교앞,190,3
2014-01-01,하산1리,579,0
2014-01-01,하산2리,190,0
2014-01-01,하산스무지(종점),172,4
2014-01-01,학남고등학교건너,1309,312
2014-01-01,학남고등학교앞,3712,330
2014-01-01,학남초등학교건너,104,721
2014-01-01,학남초등학교앞,2679,187
2014-01-01,학산아파트건너,55,22
2014-01-01,학산아파트앞,6,4
2014-01-01,학정청아람1,720,490
2014-01-01,학정청아람2,2813,21
2014-01-01,학정청아람건너,4961,299
2014-01-01,학정청아람앞,2371,390
2014-01-01,한가람타운건너,23953,7485
2014-01-01,한가람타운앞,18894,3340
2014-01-01,한걸고정마을,105,0
2014-01-01,한국감정원앞,393,9
2014-01-01,한국건강관리협회앞,5914,475
2014-01-01,한국국토정보공사건너,3152,6655
2014-01-01,한국국토정보공사앞,1744,752
2014-01-01,한국농어촌공사건너,23263,5121
2014-01-01,한국농어촌공사앞,20075,1170
2014-01-01,한국델파이건너,71,209
2014-01-01,한국델파이앞,1189,175
2014-01-01,한국도로공사건너,134,494
2014-01-01,한국도로공사앞,7075,29
2014-01-01,한국방송통신대학교건너,2064,662
2014-01-01,한국방송통신대학교앞,851,457
2014-01-01,한국산업단지공단앞,77,126
2014-01-01,한국산업은행성서지점건너,133,1167
2014-01-01,한국산업은행성서지점앞,4568,11
2014-01-01,한국산업인력공단건너,3703,66
2014-01-01,한국산업인력공단앞,178,153
2014-01-01,한국생산기술연구원건너,53,14
2014-01-01,한국생산기술연구원앞,61,13
2014-01-01,한국클래드텍건너,438,7
2014-01-01,한국클래드텍앞,3,138
2014-01-01,한국타이어,293,1148
2014-01-01,한국타이어건너,227,37
2014-01-01,한국패션센터,1895,99
2014-01-01,한국폴리텍VI대구대학건너,15861,3619
2014-01-01,한국폴리텍VI대구대학앞,7678,7507
2014-01-01,한국폴리텍대학(섬유패션캠퍼스),112,1306
2014-01-01,한국환경자원공사,0,14
2014-01-01,한국환경자원공사건너,77,0
2014-01-01,한도아파트앞,10700,370
2014-01-01,한라하우젠트,961,20
2014-01-01,한마음주유소건너,2428,406
2014-01-01,한마음주유소앞,1604,297
2014-01-01,한샘교회,4427,1888
2014-01-01,한샘교회건너,1018,693
2014-01-01,한서기전건너,322,36
2014-01-01,한서기전앞,148,21
2014-01-01,한양공작맨션건너,10,108
2014-01-01,한양공작맨션앞,981,13
2014-01-01,한양산호아파트건너,5364,145
2014-01-01,한양산호아파트앞,984,29
2014-01-01,한양수정아파트,26,62
2014-01-01,한양코스모스아파트건너,49,93
2014-01-01,한양코스모스아파트앞,1008,225
2014-01-01,한전동대구지사,22089,3724
2014-01-01,한전동대구지사건너,13398,3628
2014-01-01,한전서대구지사건너,19017,9101
2014-01-01,한전서대구지사앞,14918,3416
2014-01-01,한정3리,21,0
2014-01-01,한정리(한정초교),49,0
2014-01-01,한정리(한정초교건너),4,2
2014-01-01,한화꿈에그린건너1,589,564
2014-01-01,한화꿈에그린앞,13096,2624
2014-01-01,함지초등학교건너,975,494
2014-01-01,함지초등학교앞,8760,243
2014-01-01,해랑교(시외방향),71,50
2014-01-01,해랑교1,5,4
2014-01-01,해랑교2,384,4
2014-01-01,해랑교건너,50,11
2014-01-01,해안동행정복지센터,314,150
2014-01-01,해안역(1번출구),7859,1892
2014-01-01,해안역(3번출구),6302,2751
2014-01-01,해안초등학교뒤,0,7
2014-01-01,행정1리앞,0,3
2014-01-01,행정2리건너,0,12
2014-01-01,행정리,620,27
2014-01-01,행정리(한천서원),5,0
2014-01-01,헬로TV대구방송건너,6801,3131
2014-01-01,헬로TV대구방송앞,6633,2646
2014-01-01,현내1리,186,0
2014-01-01,현내2리중방마을건너,131,0
2014-01-01,현내2리중방마을앞,2,0
2014-01-01,현대금속,1518,65
2014-01-01,현대메카닉스건너,127,3
2014-01-01,현대메카닉스앞,1,5
2014-01-01,현대백조아파트(북편),4408,211
2014-01-01,현대백조아파트건너,2718,265
2014-01-01,현대백조아파트앞,2461,656
2014-01-01,현대백화점.동아쇼핑건너,25410,7343
2014-01-01,현대백화점.동아쇼핑앞,37161,2144
2014-01-01,현대시장건너,12291,1063
2014-01-01,현대시장앞,2159,1796
2014-01-01,현대시장앞2,813,192
2014-01-01,현대해상건너,30035,14763
2014-01-01,현대해상앞,24597,5548
2014-01-01,현충로역(3번출구),28731,8199
2014-01-01,현충로역(4번출구),22308,9188
2014-01-01,현충삼거리1,445,422
2014-01-01,현충삼거리2,2501,150
2014-01-01,현풍고속도로밑,180,58
2014-01-01,현풍농협,3405,403
2014-01-01,현풍면사무소건너,1,0
2014-01-01,현풍면사무소앞,192,0
2014-01-01,현풍삼거리,15,51
2014-01-01,현풍새마을금고,6978,674
2014-01-01,현풍시외버스터미널,1910,372
2014-01-01,현풍운전시험장,685,4
2014-01-01,현풍주공아파트,79,18
2014-01-01,현풍주공아파트2,9,101
2014-01-01,현풍주공아파트앞,387,146
2014-01-01,현풍중고등학교,22,153
2014-01-01,현풍중고등학교건너,745,106
2014-01-01,현풍터미널건너,1381,64
2014-01-01,현풍터미널앞,592,539
2014-01-01,현풍할매곰탕,1804,507
2014-01-01,현풍할매곰탕건너,920,169
2014-01-01,호산초등학교건너,12,45
2014-01-01,호산초등학교앞,102,619
2014-01-01,홈플러스내당점건너,9312,789
2014-01-01,홈플러스내당점앞,4658,4301
2014-01-01,홈플러스대구점건너,733,1790
2014-01-01,홈플러스대구점앞,20291,10099
2014-01-01,홈플러스동촌점건너,5842,3065
2014-01-01,홈플러스동촌점앞,12722,1169
2014-01-01,홈플러스칠곡점건너,10283,548
2014-01-01,홈플러스칠곡점앞,2624,891
2014-01-01,홍천사건너,1169,27
2014-01-01,홍천사입구,70,175
2014-01-01,화남초등학교건너,12,380
2014-01-01,화남초등학교앞,5283,391
2014-01-01,화동초등학교건너,796,106
2014-01-01,화동초등학교앞,502,89
2014-01-01,화랑교1,1053,5078
2014-01-01,화랑교2,10193,615
2014-01-01,화성그랜드건너,327,167
2014-01-01,화성그랜드앞,135,67
2014-01-01,화성리버파크건너,4956,336
2014-01-01,화성리버파크앞,960,470
2014-01-01,화성센트럴파크,4193,271
2014-01-01,화성쌍용타운건너,576,23
2014-01-01,화성쌍용타운앞1,1098,252
2014-01-01,화성쌍용타운앞2,11,47
2014-01-01,화성전문요양원건너,216,90
2014-01-01,화성전문요양원앞,1287,479
2014-01-01,화성파크뷰건너,6133,189
2014-01-01,화성파크뷰앞,684,2008
2014-01-01,화영테크건너,39,15
2014-01-01,화영테크앞,524,23
2014-01-01,화원고등학교(종점),659,55
2014-01-01,화원고등학교(종점)2,48,33
2014-01-01,화원고등학교건너,5179,664
2014-01-01,화원고등학교앞,1681,817
2014-01-01,화원농협주유소건너,1295,543
2014-01-01,화원농협주유소앞,6758,3193
2014-01-01,화원삼주타운건너,6359,299
2014-01-01,화원삼주타운앞,277,163
2014-01-01,화원시장건너,3102,372
2014-01-01,화원시장앞,125,477
2014-01-01,화원유원지(사문진주막촌),418,25
2014-01-01,화원유원지건너,124,26
2014-01-01,화원유원지입구,1,0
2014-01-01,화원초등학교건너,21868,3754
2014-01-01,화원초등학교앞,34079,10201
2014-01-01,화전동1,8,24
2014-01-01,화전동2,520,1
2014-01-01,황금2동치안센터건너,1198,493
2014-01-01,황금2동치안센터앞,3685,278
2014-01-01,황금네거리1,27948,2434
2014-01-01,황금네거리2,8214,3290
2014-01-01,황금시장건너,164,82
2014-01-01,황금시장앞,1657,49
2014-01-01,황금우방1차건너,16320,2273
2014-01-01,황금우방1차앞,4070,2163
2014-01-01,황금초등학교건너,1489,1149
2014-01-01,황금초등학교앞,4366,219
2014-01-01,황제맨션건너,5095,4919
2014-01-01,황제맨션앞,4460,1074
2014-01-01,효동초등학교건너,3401,989
2014-01-01,효동초등학교앞,8059,866
2014-01-01,효목네거리1,7989,829
2014-01-01,효목네거리2,2220,1789
2014-01-01,효목네거리3,9353,3814
2014-01-01,효성타운앞,14299,936
2014-01-01,흥사단 대구지부건너,1445,248
2014-01-01,흥사단 대구지부앞,998,2048
2014-01-01,흥성정공건너,249,10
2014-01-01,흥성정공앞,116,32
2014-01-01,희망교1,1017,92
2014-01-01,희성전자건너,17,23
2014-01-01,희성전자앞,538,62
2014-01-01,힐크레스트남문건너,320,124
2014-01-01,힐크레스트남문앞,98,826
2014-01-01,힐크레스트입구,345,502
2014-02-01,(주)성안건너,24,148
2014-02-01,(주)영화건너,0,150
2014-02-01,(주)영화앞,515,1
2014-02-01,1차서한화성타운건너,236,95
2014-02-01,1차서한화성타운앞,512,73
2014-02-01,2.28기념중앙공원건너1,65431,12371
2014-02-01,2.28기념중앙공원건너2,20302,11177
2014-02-01,2.28기념중앙공원앞,148110,16813
2014-02-01,2차대자연맨션건너,1991,786
2014-02-01,2차대자연맨션앞,7497,924
2014-02-01,2차서한화성타운건너,32734,2108
2014-02-01,2차서한화성타운앞,16510,2760
2014-02-01,2호선반월당역1,26828,5563
2014-02-01,2호선반월당역2,15259,5081
2014-02-01,3공단새마을금고앞,4529,1385
2014-02-01,CGV대구한일건너,115126,18449
2014-02-01,CGV대구한일앞,33264,5153
2014-02-01,IHL건너,85,1
2014-02-01,IHL앞,33,7
2014-02-01,K-2입구,2036,499
2014-02-01,K2관사입구(종점),1803,42
2014-02-01,KT남대구지사건너1,9671,3182
2014-02-01,KT남대구지사건너2,1730,611
2014-02-01,KT남대구지사앞1,20963,7262
2014-02-01,KT남대구지사앞2,1078,1814
2014-02-01,KT동대구지사건너,24117,13053
2014-02-01,KT동대구지사앞,16970,2054
2014-02-01,KT북대구지사건너,3729,360
2014-02-01,KT북대구지사앞,6571,666
2014-02-01,KT상동지사건너,2944,228
2014-02-01,KT상동지사앞,882,422
2014-02-01,KT서대구지사건너,21087,2454
2014-02-01,KT서대구지사앞,16462,6389
2014-02-01,LG물류센터건너,2748,1611
2014-02-01,LG물류센터앞,7205,3288
2014-02-01,LH5단지아파트앞,871,52
2014-02-01,MBC네거리,9173,2575
2014-02-01,SK리더스뷰건너,13555,2100
2014-02-01,SK리더스뷰앞,5631,1945
2014-02-01,STX메탈건너,1149,3962
2014-02-01,STX메탈앞,52,643
2014-02-01,TBC건너,12988,635
2014-02-01,TBC앞,2802,1969
2014-02-01,TCN대구방송건너,2088,254
2014-02-01,TCN대구방송앞,2749,415
2014-02-01,㈜윔스건너,170,160
2014-02-01,㈜윔스앞,230,8
2014-02-01,가야농원,249,4
2014-02-01,가창농협건너,2216,2480
2014-02-01,가창농협앞,9581,303
2014-02-01,가창댐,9,7
2014-02-01,가창면사무소건너,4343,1754
2014-02-01,가창면사무소앞,8700,727
2014-02-01,가창중학교건너,433,14
2014-02-01,가창중학교앞,72,81
2014-02-01,가창초등학교건너,3895,378
2014-02-01,가창초등학교앞,753,40
2014-02-01,가천동앞,259,8
2014-02-01,가천리,95,14
2014-02-01,가태리마을회관건너,229,0
2014-02-01,가태리마을회관앞,6,13
2014-02-01,각산역(1번출구),7269,1292
2014-02-01,각산역(2번출구),1281,1148
2014-02-01,갈실마을회관종점,394,11
2014-02-01,감문1리1,3,2
2014-02-01,감문1리2,296,2
2014-02-01,감문1리3,1,11
2014-02-01,감문1리4,8,0
2014-02-01,감삼네거리1,16447,5486
2014-02-01,감삼네거리2,51880,23313
2014-02-01,감삼초등학교건너,9059,1752
2014-02-01,감삼초등학교앞,7228,1056
2014-02-01,갓골건너,461,1
2014-02-01,갓골앞,2,14
2014-02-01,갓바위,21649,48
2014-02-01,강남약국건너,48930,11651
2014-02-01,강남약국앞1,25778,7269
2014-02-01,강남약국앞2,9191,1190
2014-02-01,강동중·고등학교,6,186
2014-02-01,강동중·고등학교건너,6265,18
2014-02-01,강변동서마을건너,5500,242
2014-02-01,강변동서마을앞,3029,1229
2014-02-01,강북경찰서건너,1456,848
2014-02-01,강북경찰서앞,1835,389
2014-02-01,강북중학교건너,98,1302
2014-02-01,강북중학교앞,9003,32
2014-02-01,강산아파트건너,4547,8245
2014-02-01,강산아파트앞,5388,1153
2014-02-01,강정(종점),3,2
2014-02-01,강정보(디아크문화관)건너,31,5
2014-02-01,강정보(디아크문화관)입구,158,2
2014-02-01,강창교1,3418,214
2014-02-01,강창교2,109,666
2014-02-01,강창역(1번출구),4982,651
2014-02-01,강창역(2번출구),22382,1058
2014-02-01,강창하이츠,7884,566
2014-02-01,거동교1,653,359
2014-02-01,거동교2,511,526
2014-02-01,건들바위건너,1134,699
2014-02-01,건들바위앞,672,1581
2014-02-01,건영아파트건너,13093,7612
2014-02-01,건영캐스빌건너,11692,1425
2014-02-01,건영캐스빌앞,713,799
2014-02-01,검단119안전센터(엑스코),60,42
2014-02-01,검단동대구축협앞,5380,45
2014-02-01,검단동주민센터1,13,1
2014-02-01,검단동주민센터2,0,134
2014-02-01,검단동주민센터건너,10499,76
2014-02-01,검단동주민센터앞,46,551
2014-02-01,검단상가아파트건너,204,30
2014-02-01,검단상가아파트앞,369,54
2014-02-01,검단유성아파트(서편),8465,1715
2014-02-01,검단유성아파트건너,6068,1145
2014-02-01,검단유성아파트앞,16574,3928
2014-02-01,경기장네거리1,4603,1450
2014-02-01,경기장네거리2,4010,540
2014-02-01,경대교2,3668,655
2014-02-01,경대교건너,711,137
2014-02-01,경대교앞,204,932
2014-02-01,경대사대부설고등학교앞,19700,9518
2014-02-01,경대아파트건너,20927,2442
2014-02-01,경대아파트앞,6543,2012
2014-02-01,경덕여고,606,271
2014-02-01,경동산업앞,50,0
2014-02-01,경명여고건너,2629,538
2014-02-01,경명여고앞,2107,1276
2014-02-01,경북고교종점,733,495
2014-02-01,경북고등학교건너,11704,3350
2014-02-01,경북고등학교앞,17886,1477
2014-02-01,경북고등학교종점건너,188,14
2014-02-01,경북공고건너,4642,4451
2014-02-01,경북공고앞,6604,3838
2014-02-01,경북공무원교육원1,688,429
2014-02-01,경북공무원교육원2,35,26
2014-02-01,경북교통,6221,2004
2014-02-01,경북교통앞,2192,1970
2014-02-01,경북기계공고건너,8409,3493
2014-02-01,경북기계공고앞,7777,4544
2014-02-01,경북농업기술원건너,47,283
2014-02-01,경북농업기술원앞,157,31
2014-02-01,경북대체육센터건너,8934,858
2014-02-01,경북대체육센터앞,3865,5056
2014-02-01,경북대학교병원건너,22663,8964
2014-02-01,경북대학교병원앞,38424,8674
2014-02-01,경북대학교북문건너,71264,2264
2014-02-01,경북대학교북문앞,31800,7168
2014-02-01,경북대학교서문건너,9465,1173
2014-02-01,경북대학교서문앞,3048,811
2014-02-01,경북대학교정문건너,9179,3234
2014-02-01,경북대학교정문앞,22326,5032
2014-02-01,경북대학교치과병원,21192,8915
2014-02-01,경북아파트건너(고산동),18699,3783
2014-02-01,경북아파트건너(신천동),7291,12913
2014-02-01,경북아파트앞(고산동),11380,4088
2014-02-01,경북아파트앞(신천동),5257,3638
2014-02-01,경북여상건너,11508,8430
2014-02-01,경북여상앞,10990,2563
2014-02-01,경북크랑크,1904,13
2014-02-01,경상감영공원건너,109796,17430
2014-02-01,경상감영공원앞,77092,55860
2014-02-01,경상북도농업인회관,553,21
2014-02-01,경상여자고등학교건너,3650,435
2014-02-01,경상여자고등학교앞,7636,5334
2014-02-01,경서중학교건너,298,536
2014-02-01,경서중학교앞,2013,91
2014-02-01,경신고등학교건너,50104,6471
2014-02-01,경신고등학교앞,35699,11065
2014-02-01,경운초등학교건너,1715,955
2014-02-01,경운초등학교앞,4709,5847
2014-02-01,경원고등학교건너,626,55
2014-02-01,경원고등학교앞,1541,306
2014-02-01,경일여자중학교건너,13718,1540
2014-02-01,경일여자중학교앞,3935,1197
2014-02-01,경주최씨종가(종점),460,3
2014-02-01,경주최씨종가1,11,1
2014-02-01,경주최씨종가2,2,2
2014-02-01,경진테크빌앞,720,1189
2014-02-01,경창산업,1449,131
2014-02-01,경희강재건너,836,667
2014-02-01,경희강재앞,3538,109
2014-02-01,계명대대명캠퍼스후문건너,1806,567
2014-02-01,계명대역(1번출구),1621,1424
2014-02-01,계명대역(2번출구),4803,4003
2014-02-01,계명대학교대명캠퍼스건너,15286,5197
2014-02-01,계명대학교대명캠퍼스앞,16782,5734
2014-02-01,계명대학교대명캠퍼스후문앞,1621,510
2014-02-01,계명대학교동문건너1,6137,927
2014-02-01,계명대학교동문건너2,19856,8087
2014-02-01,계명대학교동문앞,17421,5389
2014-02-01,계명대학교정문건너,20210,1344
2014-02-01,계명대학교정문앞,3319,2409
2014-02-01,계명문화대학건너,4830,793
2014-02-01,계명문화대학앞,7199,11507
2014-02-01,고모동입구,2160,1623
2014-02-01,고모역건너,318,83
2014-02-01,고모역앞,52,11
2014-02-01,고봉리,23,3
2014-02-01,고산2동주민센터건너,11577,3139
2014-02-01,고산2동주민센터앞,21633,882
2014-02-01,고산골입구,6507,742
2014-02-01,고산농협창고건너,817,166
2014-02-01,고산농협창고앞,271,3256
2014-02-01,고산도서관,17226,7831
2014-02-01,고산정수사업소건너,2269,832
2014-02-01,고성아파트(서편),10449,2472
2014-02-01,고성아파트건너,2338,126
2014-02-01,고성아파트건너(서편),4815,4440
2014-02-01,고성아파트앞,1582,389
2014-02-01,고성지구대1,1749,401
2014-02-01,고성지구대2,3061,7492
2014-02-01,골안골,21,65
2014-02-01,골안골지하보도앞,8,175
2014-02-01,공고네거리1,28147,10238
2014-02-01,공고네거리2,9427,3258
2014-02-01,공군기지관사입구,0,32
2014-02-01,공단역1,416,11484
2014-02-01,공단역2,18682,6794
2014-02-01,공단하수처리장건너,38,299
2014-02-01,공단하수처리장앞,141,43
2014-02-01,공산댐건너,1337,66
2014-02-01,공산댐앞,53,92
2014-02-01,공산동행정복지센터건너,1025,376
2014-02-01,공산동행정복지센터앞,4775,245
2014-02-01,공산초등학교건너,290,86
2014-02-01,공산초등학교앞,2588,91
2014-02-01,공산파출소,451,389
2014-02-01,공항시장건너,11815,873
2014-02-01,공항시장앞,4658,1801
2014-02-01,곽병원건너,43149,23395
2014-02-01,곽병원앞1,25874,7304
2014-02-01,곽병원앞2,9953,3366
2014-02-01,관리공단,551,200
2014-02-01,관음공영주차장앞,1377,6
2014-02-01,관음농협앞,204,70
2014-02-01,관음동주민센터건너,334,77
2014-02-01,관음동주민센터앞,1839,32
2014-02-01,관음변전소1,5392,80
2014-02-01,관음변전소2,33,315
2014-02-01,관음변전소3,55,0
2014-02-01,관음변전소4,657,36
2014-02-01,관음어린이집,242,60
2014-02-01,관음중학교(북편),1059,25
2014-02-01,광명은하아파트건너,5916,5096
2014-02-01,광명은하아파트앞,13644,1099
2014-02-01,광명프레지던트아파트건너,11182,5626
2014-02-01,광장타운건너,16014,4709
2014-02-01,광장타운앞,16376,3539
2014-02-01,교대부설초등학교건너,4390,223
2014-02-01,교대부설초등학교앞,219,1204
2014-02-01,교동시장앞,3217,1404
2014-02-01,교동초등학교건너,374,72
2014-02-01,교동초등학교앞,12,249
2014-02-01,교통연수원,14328,707
2014-02-01,교통연수원건너,7585,2981
2014-02-01,교항2리마을입구,3,109
2014-02-01,교항2리회관,4934,13
2014-02-01,교항리건너,2035,56
2014-02-01,교항리마을입구건너,48,1
2014-02-01,교항리앞,448,360
2014-02-01,구)달성군청건너,11065,3702
2014-02-01,구)달성군청앞,24135,18266
2014-02-01,구)대영학원건너,17044,3053
2014-02-01,구)대영학원앞,15658,9826
2014-02-01,구)화원IC,0,1
2014-02-01,구)효목2동행정복지센터건너,16597,1147
2014-02-01,구)효목2동행정복지센터앞,5892,1687
2014-02-01,구.남부정류장건너1,13332,11556
2014-02-01,구.남부정류장건너2,8790,4204
2014-02-01,구.남부정류장앞1,25371,4761
2014-02-01,구.남부정류장앞2,4003,1923
2014-02-01,구.동부정류장(남편),7762,1574
2014-02-01,구.동부정류장(메트로팔레스),12160,4947
2014-02-01,구.동부정류장건너,17705,1626
2014-02-01,구.동부정류장앞,8555,3873
2014-02-01,구둔산,639,6
2014-02-01,구룡촌건너,1,0
2014-02-01,구병원건너,587,4631
2014-02-01,구병원앞,30942,5883
2014-02-01,구삼폭포건너,2,8
2014-02-01,구암가구골목1,3099,293
2014-02-01,구암가구골목2,1500,349
2014-02-01,구암교1,4640,2804
2014-02-01,구암교2,1323,882
2014-02-01,구암동1,1068,57
2014-02-01,구암동2,159,346
2014-02-01,구암역(운전면허시험장)1,7840,427
2014-02-01,구암역(운전면허시험장)2,2349,594
2014-02-01,구암초등학교건너,1653,295
2014-02-01,구암초등학교앞,5651,131
2014-02-01,구지농공단지1,2,11
2014-02-01,구지농공단지2,286,0
2014-02-01,구지면사무소건너,619,475
2014-02-01,구지면사무소앞,2294,253
2014-02-01,구지청아람건너,7198,200
2014-02-01,구지청아람앞,749,462
2014-02-01,국립대구과학관정문건너,108,13
2014-02-01,국립대구과학관정문앞,192,7
2014-02-01,국립대구박물관건너,12333,1315
2014-02-01,국립대구박물관앞,8034,3595
2014-02-01,국민건강보험공단건너,26031,1915
2014-02-01,국민건강보험공단앞,10672,9481
2014-02-01,국민은행3공단지점건너,5856,1174
2014-02-01,국민은행3공단지점앞,3347,900
2014-02-01,국우동현대아파트건너,722,59
2014-02-01,국우동현대아파트앞,4150,535
2014-02-01,국채보상운동기념공원,6891,5437
2014-02-01,굿모닝병원건너,10485,4857
2014-02-01,굿모닝병원앞,16607,3392
2014-02-01,궁전아파트건너,29,261
2014-02-01,궁전아파트앞,2202,90
2014-02-01,귀남지휴게소1,5,2
2014-02-01,귀남지휴게소2,0,1
2014-02-01,그랜드호텔건너,32948,20440
2014-02-01,그랜드호텔앞,56310,7610
2014-02-01,그린빌4단지,56,536
2014-02-01,그린빌4단지건너,1174,22
2014-02-01,그린빌4단지앞,181,127
2014-02-01,근로복지공단대구병원건너,2462,195
2014-02-01,근로복지공단대구병원앞,4533,400
2014-02-01,근린공원축구장건너,101,197
2014-02-01,근린공원축구장앞,1491,21
2014-02-01,금강동,125,4
2014-02-01,금계초등학교(교항리),474,244
2014-02-01,금복주건너,2914,291
2014-02-01,금복주앞,1606,332
2014-02-01,금봉네거리1,10112,887
2014-02-01,금봉네거리2,5392,700
2014-02-01,금사리하이빌APT건너,1585,139
2014-02-01,금사리하이빌APT앞,472,181
2014-02-01,금융감독원건너,870,2675
2014-02-01,금포초등학교,1477,223
2014-02-01,금포초등학교건너,321,345
2014-02-01,금호기전,19,65
2014-02-01,금호지구(시내방향),129,0
2014-02-01,금호지구(종점방향),38,1
2014-02-01,금호화물자동차공영차고지,0,1
2014-02-01,기곡(종점),150,2
2014-02-01,기곡리1,15,4
2014-02-01,기곡리2,75,1
2014-02-01,기독교방송국건너,5545,2050
2014-02-01,기독교방송국앞,3837,1380
2014-02-01,기업은행대곡지점건너,117,1491
2014-02-01,기업은행대곡지점앞,23991,570
2014-02-01,기업은행죽전동지점건너,5502,724
2014-02-01,기업은행죽전동지점앞,3181,554
2014-02-01,김흥1리건너,130,1
2014-02-01,김흥1리앞,34,5
2014-02-01,김흥2리건너,0,3
2014-02-01,김흥2리앞,7,0
2014-02-01,김흥리마을입구,149,0
2014-02-01,남구청건너2,6993,6321
2014-02-01,남구청네거리1,6870,1913
2014-02-01,남구청네거리2,357,155
2014-02-01,남대구IC1,17235,1170
2014-02-01,남대구IC2,549,375
2014-02-01,남명삼거리1,1820,170
2014-02-01,남명삼거리2,1976,722
2014-02-01,남문시장건너1,1156,66
2014-02-01,남문시장건너2,12097,18460
2014-02-01,남문시장앞,24645,10187
2014-02-01,남문아파트앞,541,271
2014-02-01,남부경찰서건너,8476,2358
2014-02-01,남부경찰서앞,9794,7579
2014-02-01,남부교육지원청건너,7829,1100
2014-02-01,남부교육지원청앞,4549,1642
2014-02-01,남부도서관앞,178,549
2014-02-01,남부자동차종합시장건너,3727,531
2014-02-01,남부자동차종합시장앞,1006,363
2014-02-01,남부초등학교건너,1487,34
2014-02-01,남부초등학교앞,431,289
2014-02-01,남부초등학교앞2,5408,810
2014-02-01,남산2동주민센터건너,160,247
2014-02-01,남산2동주민센터앞,779,50
2014-02-01,남산고등학교건너,762,39
2014-02-01,남산고등학교앞,0,1
2014-02-01,남산역(프린스호텔건너),7569,3693
2014-02-01,남산역건너(프린스호텔앞),19881,5546
2014-02-01,남산주유소건너,1474,990
2014-02-01,남산주유소앞,1683,214
2014-02-01,남산초등학교건너,15340,1834
2014-02-01,남산초등학교앞,12565,7015
2014-02-01,남산휴먼시아앞,1360,410
2014-02-01,내2리새마을회관건너,47,0
2014-02-01,내2리새마을회관앞,5,8
2014-02-01,내당1동우체국건너,2330,247
2014-02-01,내당1동우체국앞,2426,431
2014-02-01,내당광명아파트,3118,2966
2014-02-01,내당삼익맨션건너,30184,7426
2014-02-01,내당삼익맨션앞,13916,19437
2014-02-01,내당코오롱아파트건너,7074,12743
2014-02-01,내당코오롱아파트앞,5229,920
2014-02-01,내동,722,39
2014-02-01,내동건너,30,143
2014-02-01,내리1,2,46
2014-02-01,내리2,0,1
2014-02-01,내일교회건너,208,35
2014-02-01,내일교회앞,1055,50
2014-02-01,냉천2리,1,3
2014-02-01,냉천리1,2200,33
2014-02-01,냉천리2,47,266
2014-02-01,노곡동,4863,49
2014-02-01,노변중학교,695,41
2014-02-01,노변중학교건너,974,54
2014-02-01,노변청구타운건너,158,51
2014-02-01,노변청구타운앞,226,48
2014-02-01,노원119안전센터건너,6779,2696
2014-02-01,노원119안전센터앞,2386,620
2014-02-01,노원네거리(공단세차장건너),493,552
2014-02-01,노원네거리(공단세차장앞),6430,159
2014-02-01,노원네거리(대구은행건너),1173,157
2014-02-01,노원네거리(대구은행앞),5460,634
2014-02-01,노원네거리1,5059,913
2014-02-01,노원네거리2,9855,496
2014-02-01,노원동화타운건너,619,399
2014-02-01,노원동화타운앞,4094,594
2014-02-01,녹동서원앞,12,2
2014-02-01,녹원맨션1,3267,1370
2014-02-01,녹원맨션2,10981,623
2014-02-01,논공삼거리1,1648,14
2014-02-01,논공삼거리2,290,379
2014-02-01,논공읍사무소,835,246
2014-02-01,논공읍사무소건너1,3882,130
2014-02-01,논공읍사무소건너2,330,118
2014-02-01,농산물도매시장건너,50,8
2014-02-01,농산물도매시장앞,1544,167
2014-02-01,농수산물도매시장건너,3473,1415
2014-02-01,농수산물도매시장앞,8319,2945
2014-02-01,농촌진흥원입구,92,139
2014-02-01,농협동촌지점,516,185
2014-02-01,농협방촌지점,2519,79
2014-02-01,농협비료창고건너(연경),7,14
2014-02-01,농협비료창고앞(연경),7,7
2014-02-01,농협중앙회건너,21949,7855
2014-02-01,농협중앙회앞,57167,34414
2014-02-01,농협중앙회중동지점건너,1743,66
2014-02-01,농협중앙회중동지점앞,849,560
2014-02-01,농협하나로마트건너,24,271
2014-02-01,능골1,121,1309
2014-02-01,능골건너,2598,32
2014-02-01,능성동(종점),400,20
2014-02-01,능성동예비군훈련장,54,8
2014-02-01,능성동입구건너,804,2
2014-02-01,능성동입구앞,8,47
2014-02-01,다리골,34,1
2014-02-01,다사고등학교건너,8784,4162
2014-02-01,다사고등학교앞,376,1541
2014-02-01,다사농협주유소건너,52,717
2014-02-01,다사농협주유소앞,8110,182
2014-02-01,다사역(4번출구),12,0
2014-02-01,다사읍사무소건너,7268,315
2014-02-01,다사읍사무소서재출장소건너,321,1
2014-02-01,다사읍사무소서재출장소앞,53,192
2014-02-01,다사읍사무소앞,12,161
2014-02-01,다사주공아파트건너,104,0
2014-02-01,다사주공아파트앞,3,124
2014-02-01,다사체육공원건너,24,1
2014-02-01,다사체육공원앞,16,5
2014-02-01,다사초등학교건너,46,5
2014-02-01,다사초등학교앞,0,48
2014-02-01,단산리(종점),6512,3275
2014-02-01,달구벌종합복지관건너,835,189
2014-02-01,달구벌종합복지관앞,540,81
2014-02-01,달서공고건너,93,101
2014-02-01,달서공고앞,7,37
2014-02-01,달서교회건너,21039,3581
2014-02-01,달서교회앞,17773,10418
2014-02-01,달서구새마을회건너,2947,112
2014-02-01,달서구새마을회앞,1183,270
2014-02-01,달서구청건너,16244,2883
2014-02-01,달서구청앞,7061,2358
2014-02-01,달서종합시장건너,1207,245
2014-02-01,달서종합시장앞,895,126
2014-02-01,달서중고등학교,31,13
2014-02-01,달서중고등학교건너,230,0
2014-02-01,달서천하수종말처리장건너,119,0
2014-02-01,달서천하수종말처리장앞,7,1
2014-02-01,달서초교,1833,48
2014-02-01,달성2차공단관리청사,66,2
2014-02-01,달성2차산업단지출장소건너,2,0
2014-02-01,달성2차산업단지출장소앞,1,12
2014-02-01,달성경찰서,1850,543
2014-02-01,달성경찰서건너,2548,92
2014-02-01,달성공원건너,15771,2502
2014-02-01,달성공원앞,21283,17615
2014-02-01,달성군민운동장건너,1237,93
2014-02-01,달성군민운동장앞,961,187
2014-02-01,달성군선거관리위원회건너,127,174
2014-02-01,달성군선거관리위원회앞,15,1090
2014-02-01,달성군청건너,618,261
2014-02-01,달성군청앞,3108,151
2014-02-01,달성기와건너,189,124
2014-02-01,달성기와앞,931,27
2014-02-01,달성도서관건너,0,1
2014-02-01,달성도서관입구,1,0
2014-02-01,달성문화원건너,1,0
2014-02-01,달성문화원앞,13,3
2014-02-01,달성산업단지건너,202,42
2014-02-01,달성산업단지관리공단1,2,4
2014-02-01,달성산업단지관리공단2,6,0
2014-02-01,달성소방서건너,229,234
2014-02-01,달성소방서앞,481,200
2014-02-01,달성스포츠파크건너,6,20
2014-02-01,달성스포츠파크앞,2,0
2014-02-01,달성예비군훈련장건너,1365,127
2014-02-01,달성예비군훈련장앞,1210,356
2014-02-01,달성우체국건너,639,777
2014-02-01,달성우체국앞,5503,198
2014-02-01,달성중학교건너,5159,777
2014-02-01,달성중학교앞,19536,4373
2014-02-01,달성초등학교건너,5162,1634
2014-02-01,달성초등학교앞,1798,347
2014-02-01,달성취수장건너,22,146
2014-02-01,달성취수장앞,134,51
2014-02-01,달창저수지,217,0
2014-02-01,달천리(시내방향),161,1
2014-02-01,달천리(시외방향),72,1
2014-02-01,담안마을1,7,9
2014-02-01,담안마을2,309,0
2014-02-01,담티고개1,239,391
2014-02-01,담티고개2,917,724
2014-02-01,당동마을건너,149,3
2014-02-01,당동마을앞,4,14
2014-02-01,당정마을입구,37,3
2014-02-01,당정마을입구건너,146,1
2014-02-01,대1리용흥지건너,220,8
2014-02-01,대1리용흥지앞,21,8
2014-02-01,대곡강산타운,23846,648
2014-02-01,대곡강산타운건너,3351,824
2014-02-01,대곡사계절타운건너,19120,595
2014-02-01,대곡사계절타운앞,5242,1814
2014-02-01,대곡역(1번출구),51211,1691
2014-02-01,대곡역(2번출구),33386,41862
2014-02-01,대곡역(한라하우젠트건너),20130,1398
2014-02-01,대곡역(한라하우젠트앞),5796,13068
2014-02-01,대곡역그린빌,7267,8393
2014-02-01,대곡주공1단지앞,4747,1835
2014-02-01,대곡주공2단지앞,19940,537
2014-02-01,대곡주공6단지앞,3525,431
2014-02-01,대곡주공7단지앞,14497,921
2014-02-01,대곡주공8단지건너,3862,995
2014-02-01,대곡주공8단지앞,23533,1511
2014-02-01,대곡중학교건너,4107,564
2014-02-01,대곡중학교앞,2400,654
2014-02-01,대공원역(1번출구),2005,4600
2014-02-01,대공원역(5번출구),3945,550
2014-02-01,대구가톨릭대학병원건너,22137,3037
2014-02-01,대구가톨릭대학병원앞,19713,2012
2014-02-01,대구경북과학기술원,283,22
2014-02-01,대구경북과학기술원기숙사,161,40
2014-02-01,대구고등학교건너,44783,11124
2014-02-01,대구고등학교앞,12861,5226
2014-02-01,대구고용노동청건너,16288,2252
2014-02-01,대구고용노동청앞,4872,1190
2014-02-01,대구공업대학1,11237,2092
2014-02-01,대구공업대학2,3020,2602
2014-02-01,대구공업대학건너,5418,2776
2014-02-01,대구공업대학앞,5098,2232
2014-02-01,대구과학고등학교건너,11122,5475
2014-02-01,대구과학고등학교앞,17336,1760
2014-02-01,대구과학대학1,21444,11182
2014-02-01,대구과학대학2,55719,5347
2014-02-01,대구과학대학건너,1845,104
2014-02-01,대구과학대학앞,373,258
2014-02-01,대구광역시교육연수원건너,15755,993
2014-02-01,대구광역시교육연수원앞,4953,2994
2014-02-01,대구광역시청건너,2051,930
2014-02-01,대구광역시청앞,304,541
2014-02-01,대구교도소건너,8185,5537
2014-02-01,대구교도소앞,25117,3467
2014-02-01,대구교육대건너,213,3026
2014-02-01,대구교육대앞,18598,3375
2014-02-01,대구교통방송건너,5138,5957
2014-02-01,대구교통방송앞,15046,1423
2014-02-01,대구국제공항건너,22340,10655
2014-02-01,대구국제공항앞,25849,6366
2014-02-01,대구글로벌교육센터건너,4852,12111
2014-02-01,대구글로벌교육센터앞,3932,675
2014-02-01,대구농업마이스터고건너,24714,2075
2014-02-01,대구농업마이스터고앞,8729,10872
2014-02-01,대구농업마이스터고후문건너,2588,632
2014-02-01,대구농업마이스터고후문앞,1338,154
2014-02-01,대구도시공사앞,14950,2305
2014-02-01,대구동부고용복지플러스센터,10428,5064
2014-02-01,대구동촌유치원,1055,179
2014-02-01,대구디지털산업진흥원건너,22167,5360
2014-02-01,대구디지털산업진흥원앞,15074,3330
2014-02-01,대구맨션건너,2295,389
2014-02-01,대구맨션앞,3843,765
2014-02-01,대구문화방송건너,13716,5180
2014-02-01,대구문화방송앞,16139,2806
2014-02-01,대구미술관건너,608,55
2014-02-01,대구미술관앞,888,63
2014-02-01,대구병원건너,26863,2314
2014-02-01,대구병원앞,12372,6171
2014-02-01,대구보건고등학교건너,13732,7261
2014-02-01,대구보건고등학교앞,10369,2257
2014-02-01,대구보건대학3,14687,8975
2014-02-01,대구보건대학4,23452,4562
2014-02-01,대구보건대학5,54,21
2014-02-01,대구보건대학건너1,1993,76
2014-02-01,대구보건대학건너2,13946,483
2014-02-01,대구보건대학앞1,341,249
2014-02-01,대구보건대학앞2,1195,654
2014-02-01,대구보훈요양원앞,57,0
2014-02-01,대구비지니스센터건너,4474,349
2014-02-01,대구비지니스센터앞,4698,304
2014-02-01,대구사격장,49,2
2014-02-01,대구삼성창조캠퍼스1,1477,191
2014-02-01,대구삼성창조캠퍼스2,358,572
2014-02-01,대구선방촌공원,868,38
2014-02-01,대구소방본부건너,381,226
2014-02-01,대구소방본부앞,1601,3078
2014-02-01,대구스타디움건너,2595,607
2014-02-01,대구스타디움앞,4071,621
2014-02-01,대구시교육청건너,1211,393
2014-02-01,대구시교육청앞,1512,4697
2014-02-01,대구시설공단건너,18040,3341
2014-02-01,대구시설공단앞,10243,18387
2014-02-01,대구시설관리사업소,7,97
2014-02-01,대구시지노인전문병원건너,342,49
2014-02-01,대구시지노인전문병원앞,548,1490
2014-02-01,대구신문사,119,649
2014-02-01,대구애견훈련학교건너,302,5
2014-02-01,대구애견훈련학교앞,3,7
2014-02-01,대구역,759,339
2014-02-01,대구역건너,36292,6924
2014-02-01,대구역꽃시장,571,746
2014-02-01,대구역북편네거리1,38695,5114
2014-02-01,대구역북편네거리2,13600,13857
2014-02-01,대구역센트럴자이,1233,85
2014-02-01,대구역앞,36053,9755
2014-02-01,대구예담학교,128,23
2014-02-01,대구우편집중국(동편),2,9
2014-02-01,대구우편집중국앞,2436,1655
2014-02-01,대구은행3공단지점앞,6356,665
2014-02-01,대구은행북비산지점건너1,12458,2321
2014-02-01,대구은행북비산지점건너2,1754,977
2014-02-01,대구은행북비산지점앞,39633,5926
2014-02-01,대구은행산격지점앞,726,290
2014-02-01,대구은행역(1번출구),34353,6657
2014-02-01,대구은행역(2번출구),35374,6821
2014-02-01,대구은행제2본점앞,14423,3060
2014-02-01,대구은행칠곡지점건너,8616,2346
2014-02-01,대구은행칠곡지점앞,27851,6861
2014-02-01,대구은행평리동지점건너,3307,1657
2014-02-01,대구은행평리동지점앞,6336,2487
2014-02-01,대구의료원건너,7452,960
2014-02-01,대구의료원라파엘웰빙센터,1850,111
2014-02-01,대구의료원라파엘웰빙센터건너,370,1234
2014-02-01,대구의료원앞,4637,1074
2014-02-01,대구일마이스터고교건너,3063,1024
2014-02-01,대구일마이스터고교앞,7601,575
2014-02-01,대구전자공고남편,141,242
2014-02-01,대구전자공업고등학교1,9276,480
2014-02-01,대구전자공업고등학교2,1087,2945
2014-02-01,대구제일고등학교건너,30267,7009
2014-02-01,대구제일고등학교앞,33762,20158
2014-02-01,대구중앙중고등학교건너,29539,3322
2014-02-01,대구중앙중고등학교앞,26293,4993
2014-02-01,대구중앙중학교건너,2328,14
2014-02-01,대구중앙중학교앞,2,11
2014-02-01,대구중학교건너,1658,576
2014-02-01,대구중학교앞,6207,2048
2014-02-01,대구지료재생사,75,58
2014-02-01,대구지방경찰청,5991,888
2014-02-01,대구지방법원등기국건너,5154,10129
2014-02-01,대구지방법원등기국앞,1792,1268
2014-02-01,대구지방법원서부지원,547,122
2014-02-01,대구차여성병원건너,3924,9339
2014-02-01,대구차여성병원앞,16104,1353
2014-02-01,대구콘서트하우스건너,16961,21012
2014-02-01,대구콘서트하우스앞,22954,2905
2014-02-01,대구텍건너,407,241
2014-02-01,대구텍앞,4254,880
2014-02-01,대구학생문화센터,188,62
2014-02-01,대구학생수련관입구건너,1324,4
2014-02-01,대구학생수련관입구앞,27,237
2014-02-01,대구한의대학교부속한방병원건너,228,97
2014-02-01,대구한의대학교부속한방병원앞,2422,81
2014-02-01,대구향교건너,2190,4255
2014-02-01,대구향교앞,1673,623
2014-02-01,대덕마을건너,400,1214
2014-02-01,대덕마을앞,252,84
2014-02-01,대덕맨션앞,9669,267
2014-02-01,대덕문화전당건너,1266,169
2014-02-01,대덕문화전당앞,29,132
2014-02-01,대덕승마장건너,538,19
2014-02-01,대덕승마장앞,151,34
2014-02-01,대덕식당건너,257,221
2014-02-01,대덕식당앞,4660,179
2014-02-01,대덕천주교회1,1479,451
2014-02-01,대덕천주교회2,2471,153
2014-02-01,대덕천주교회3,3414,178
2014-02-01,대덕천주교회4,151,453
2014-02-01,대덕초등학교,561,16
2014-02-01,대동공업,186,169
2014-02-01,대동공업건너,777,19
2014-02-01,대동금속건너,2046,61
2014-02-01,대동금속앞,697,151
2014-02-01,대동시장1,5028,503
2014-02-01,대동시장2,8427,485
2014-02-01,대륜중고등학교건너,4088,7346
2014-02-01,대륜중고등학교앞,4273,323
2014-02-01,대리,244,3
2014-02-01,대리마을앞,52,114
2014-02-01,대리마을회관,286,4
2014-02-01,대리마을회관건너,32,20
2014-02-01,대림생수,735,28
2014-02-01,대림생수앞,42,210
2014-02-01,대림육교1,172,20528
2014-02-01,대림육교2,39,47
2014-02-01,대명6동주민센터건너,2164,412
2014-02-01,대명6동주민센터앞,2542,134
2014-02-01,대명시장건너,19907,6241
2014-02-01,대명시장앞,23490,4772
2014-02-01,대명역(1번출구),20753,4100
2014-02-01,대명역(2번출구),13350,2464
2014-02-01,대명중학교건너,36,359
2014-02-01,대명중학교앞,3569,111
2014-02-01,대명초등학교건너,8819,3843
2014-02-01,대명초등학교앞,12897,5043
2014-02-01,대백인터빌건너,24694,4846
2014-02-01,대백인터빌앞,20008,4879
2014-02-01,대백창신한라타운건너,15006,2255
2014-02-01,대백창신한라타운앞,3411,1321
2014-02-01,대백프라자건너,23603,5431
2014-02-01,대백프라자앞,31033,4718
2014-02-01,대백한라무지개타운건너,21281,906
2014-02-01,대백한라무지개타운앞,6904,1306
2014-02-01,대봉교회,11008,4409
2014-02-01,대봉네거리1,4850,528
2014-02-01,대봉네거리2,2775,2377
2014-02-01,대봉도서관건너,1357,364
2014-02-01,대봉도서관앞,3981,788
2014-02-01,대봉성당,10107,2098
2014-02-01,대서초등학교앞,419,121
2014-02-01,대성공업건너,827,9704
2014-02-01,대성공업앞,1906,171
2014-02-01,대성유니드앞,2667,40
2014-02-01,대성테크앞,231,26
2014-02-01,대신동광명맨션앞,1576,384
2014-02-01,대신센트럴자이,5584,372
2014-02-01,대실역(1번출구),9462,1903
2014-02-01,대실역(2번출구),30145,1390
2014-02-01,대실역(4번출구),2144,37
2014-02-01,대실역1,70,14
2014-02-01,대실역2,49,47
2014-02-01,대실역청아람건너,6343,40
2014-02-01,대실역청아람앞,490,3184
2014-02-01,대우트럼프월드수성건너,15266,1911
2014-02-01,대우트럼프월드수성앞,3505,2007
2014-02-01,대원고등학교,3800,24779
2014-02-01,대원고등학교건너,2258,2885
2014-02-01,대원사건너(공산동),28,213
2014-02-01,대원사앞(공산동),122,19
2014-02-01,대원사입구,120,1
2014-02-01,대원유치원건너,6493,6306
2014-02-01,대원유치원앞,10520,663
2014-02-01,대일1리마을회관건너,93,19
2014-02-01,대일1리점촌마을,2,45
2014-02-01,대일아파트건너,10706,4249
2014-02-01,대일아파트앞,12514,2601
2014-02-01,대자연맨션,17340,506
2014-02-01,대자연맨션건너,3129,1513
2014-02-01,대중인벤트,278,17
2014-02-01,대진중고등학교건너,544,143
2014-02-01,대진중고등학교앞,466,84
2014-02-01,대천119안전센터건너,1445,22
2014-02-01,대천119안전센터앞,779,90
2014-02-01,대천교,2947,633
2014-02-01,대천초등학교건너,426,172
2014-02-01,대천초등학교앞,2241,144
2014-02-01,대청초등학교건너,99,741
2014-02-01,대청초등학교앞,11998,795
2014-02-01,대평2리,208,0
2014-02-01,대평교회앞,85,5
2014-02-01,대평리시장,15462,987
2014-02-01,대평중학교건너,9604,1082
2014-02-01,대평중학교앞,5734,1383
2014-02-01,대홍철강,879,52
2014-02-01,대흥동건너,319,25
2014-02-01,대흥동앞,284,204
2014-02-01,덕곡(달구벌고교),479,1
2014-02-01,덕곡(대구선명학교),59,17
2014-02-01,덕곡삼거리1,27,107
2014-02-01,덕곡삼거리2,760,19
2014-02-01,덕산마을건너,0,6
2014-02-01,덕산마을앞,225,1
2014-02-01,덕원고등학교건너,3636,822
2014-02-01,덕원고등학교앞,373,918
2014-02-01,덕인초등학교건너,2375,688
2014-02-01,덕인초등학교앞,1936,424
2014-02-01,덕화중학교건너,9701,554
2014-02-01,덕화중학교앞,3192,3572
2014-02-01,덴티스앞,344,2
2014-02-01,도남동,144,0
2014-02-01,도남동(종점),24,0
2014-02-01,도남지,110,0
2014-02-01,도동,2,7
2014-02-01,도동교1,768,4
2014-02-01,도동교2,20,20
2014-02-01,도동서원,461,9
2014-02-01,도동청구타운건너,73,71
2014-02-01,도동청구타운앞,1266,164
2014-02-01,도시철도건설본부건너,1569,4710
2014-02-01,도시철도건설본부앞,27561,2055
2014-02-01,도시철도담티역(1번출구),29148,6053
2014-02-01,도시철도담티역(3번출구),24497,3902
2014-02-01,도시철도대구역,737,259
2014-02-01,도시철도수성구청역북편1,497,5805
2014-02-01,도시철도수성구청역북편2,1977,85
2014-02-01,도의리,511,66
2014-02-01,도평동입구1,799,127
2014-02-01,도평동입구2,246,170
2014-02-01,도평동행정복지센터1,0,9
2014-02-01,도평동행정복지센터2,136,4
2014-02-01,도학동,1416,1
2014-02-01,도학동1,22,145
2014-02-01,동곡1리1,1,0
2014-02-01,동곡1리2,196,0
2014-02-01,동곡1리3,49,2
2014-02-01,동곡리,93,1
2014-02-01,동곡초등학교건너,320,1
2014-02-01,동곡초등학교앞,56,100
2014-02-01,동구시장건너,8053,1637
2014-02-01,동구시장앞,7929,1374
2014-02-01,동구청건너,68774,32447
2014-02-01,동구청앞,55551,10053
2014-02-01,동구청역(3번출구),7591,1634
2014-02-01,동구청역(4번출구),1918,773
2014-02-01,동대구LPG충전소건너,1940,146
2014-02-01,동대구LPG충전소앞,648,136
2014-02-01,동대구맨션,8185,7780
2014-02-01,동대구시장건너,12714,2448
2014-02-01,동대구시장앞,18026,5843
2014-02-01,동대구역,59145,15998
2014-02-01,동대구역건너,62910,18874
2014-02-01,동대구역복합환승센터건너,50063,5201
2014-02-01,동대구역복합환승센터앞,46113,20702
2014-02-01,동대구역수화물취급소건너,373,220
2014-02-01,동대구역수화물취급소앞,248,238
2014-02-01,동대구역지하도1,4781,3676
2014-02-01,동대구역지하도2,14893,1503
2014-02-01,동대구초등학교건너,1280,94
2014-02-01,동대구초등학교앞,647,208
2014-02-01,동도중학교건너,11036,1655
2014-02-01,동도중학교앞,15253,2480
2014-02-01,동문고등학교앞,562,255
2014-02-01,동변주공그린빌건너,2515,560
2014-02-01,동변주공그린빌앞,10892,364
2014-02-01,동부경찰서건너,1278,1174
2014-02-01,동부경찰서앞,9158,266
2014-02-01,동부고교건너,1092,765
2014-02-01,동부고교앞,6733,2280
2014-02-01,동부소방서건너,331,8059
2014-02-01,동부소방서앞,6396,509
2014-02-01,동부시외버스터미널(순환2번),2274,343
2014-02-01,동부중학교건너,4861,261
2014-02-01,동부중학교앞,2241,3667
2014-02-01,동북주유소건너,161,42
2014-02-01,동북주유소앞,10,52
2014-02-01,동산의료원앞1,30251,7705
2014-02-01,동산의료원앞2,13919,9690
2014-02-01,동서교회건너,3221,275
2014-02-01,동서교회앞,1476,1031
2014-02-01,동서변리벤빌,11089,1199
2014-02-01,동서변월드메르디앙아파트,3062,734
2014-02-01,동서아파트건너,81,9
2014-02-01,동서아파트앞,5,18
2014-02-01,동서화성타운건너,31268,966
2014-02-01,동서화성타운앞,15555,4139
2014-02-01,동성에스티에스건너,45,11
2014-02-01,동성에스티에스앞,44,2
2014-02-01,동성초등학교건너,2536,7690
2014-02-01,동성초등학교앞,6188,2262
2014-02-01,동신초등학교건너,2428,1217
2014-02-01,동신초등학교앞,2354,2869
2014-02-01,동아백화점수성점건너,14011,10639
2014-02-01,동아백화점수성점앞,51416,1096
2014-02-01,동아수산냉동건너,398,461
2014-02-01,동아수산냉동앞,374,51
2014-02-01,동아스포츠센터(지산중학교앞),1524,1099
2014-02-01,동아스포츠센터(지산초교앞),9187,272
2014-02-01,동아제약,555,104
2014-02-01,동아제약건너,2069,34
2014-02-01,동양맨션앞,4030,178
2014-02-01,동원약품,9256,1784
2014-02-01,동원초등학교건너,1154,583
2014-02-01,동원초등학교앞1,1324,551
2014-02-01,동원초등학교앞2,1939,287
2014-02-01,동인네거리1,1491,367
2014-02-01,동인네거리2,1402,836
2014-02-01,동인초등학교건너,12986,4617
2014-02-01,동인초등학교앞,9664,4362
2014-02-01,동인치안센터건너,18891,9128
2014-02-01,동인치안센터앞,10119,7421
2014-02-01,동일초등학교건너,2191,500
2014-02-01,동일초등학교앞,3182,792
2014-02-01,동천역1,473,70
2014-02-01,동천역2,1219,220
2014-02-01,동촌강나루아파트건너,2070,829
2014-02-01,동촌강나루아파트앞,2902,11234
2014-02-01,동촌역,643,191
2014-02-01,동촌역(구길),1722,217
2014-02-01,동촌역(신길)1,5641,1368
2014-02-01,동촌역(신길)2,4138,2429
2014-02-01,동촌유원지,386,216
2014-02-01,동촌유원지놀이동산앞,79,44
2014-02-01,동촌해성아파트건너,120,192
2014-02-01,동촌해성아파트앞,782,2124
2014-02-01,동촌화성타운건너,12726,992
2014-02-01,동촌화성타운앞,7397,2085
2014-02-01,동침산네거리,1384,1105
2014-02-01,동침산네거리2,12,140
2014-02-01,동호동건너(북구),829,155
2014-02-01,동호동앞(북구),72,79
2014-02-01,동호육교1,39,347
2014-02-01,동호육교2,7824,148
2014-02-01,동호초등학교건너,258,0
2014-02-01,동화골든빌(남편),4601,264
2014-02-01,동화골든빌(동편),1564,1655
2014-02-01,동화골든빌(북편),70,163
2014-02-01,동화골든빌건너(남편),14,275
2014-02-01,동화교1,21,213
2014-02-01,동화교2,3025,11
2014-02-01,동화사입구건너,4894,5
2014-02-01,동화사입구앞,8,383
2014-02-01,동화시설집단지구(종점)1,236,4
2014-02-01,동화시설집단지구(종점)2(대구시민안전테마파크),7856,187
2014-02-01,두류3동파출소건너,645,52
2014-02-01,두류3동파출소앞,376,334
2014-02-01,두류공원(야외음악당건너),590,82
2014-02-01,두류공원(야외음악당앞),484,83
2014-02-01,두류공원네거리1,11902,2225
2014-02-01,두류공원네거리2,3952,3417
2014-02-01,두류도서관앞,5399,3683
2014-02-01,두류보성맨션건너,6148,374
2014-02-01,두류보성맨션앞,3032,3335
2014-02-01,두류수영장건너,17115,4731
2014-02-01,두류수영장앞,18546,2912
2014-02-01,두류역(달성고등학교건너),32038,6942
2014-02-01,두류역(달성고등학교앞),56581,19257
2014-02-01,두류정수사업소건너,19149,1508
2014-02-01,두류정수사업소앞,2176,8387
2014-02-01,두류파출소건너,545,165
2014-02-01,두류파출소앞,228,234
2014-02-01,두리봉네거리1,4690,18318
2014-02-01,두리봉네거리2,16043,2556
2014-02-01,두리봉터널입구,601,191
2014-02-01,두리봉터널입구건너,4157,146
2014-02-01,두산동주민센터건너,15153,1798
2014-02-01,두산동주민센터앞,8330,2696
2014-02-01,두산스포츠건너,1147,290
2014-02-01,두성파크아파트건너,28438,4356
2014-02-01,두성파크아파트앞,8883,7163
2014-02-01,둔산동,795,0
2014-02-01,들안길1,1386,782
2014-02-01,들안길2,4680,398
2014-02-01,들안길네거리1,5425,172
2014-02-01,들안길네거리2,889,999
2014-02-01,들안길초등학교건너,4209,1215
2014-02-01,들안길초등학교앞,4717,2070
2014-02-01,들연경,4,2
2014-02-01,럭키아파트건너,203,335
2014-02-01,럭키아파트앞,2565,51
2014-02-01,롯데백화점상인점건너,10996,6173
2014-02-01,롯데캐슬그랜드,626,1191
2014-02-01,룸비니유치원건너,2552,150
2014-02-01,룸비니유치원앞,2108,325
2014-02-01,마비정벽화마을(종점),854,36
2014-02-01,만경관건너,15573,5627
2014-02-01,만경관앞,11238,4433
2014-02-01,만촌1동주민센터,3271,867
2014-02-01,만촌2동주민센터,14545,1242
2014-02-01,만촌3차화성파크드림건너,3599,259
2014-02-01,만촌그린빌라건너,693,69
2014-02-01,만촌역(1번출구),777,4740
2014-02-01,만촌우방1차건너,10526,335
2014-02-01,만촌우방1차앞,234,515
2014-02-01,만촌육교1,54855,5035
2014-02-01,만촌육교2,7265,13594
2014-02-01,만촌자전거경기장,1,79
2014-02-01,만촌천주교회앞,171,207
2014-02-01,만촌초등학교건너1,2261,730
2014-02-01,만촌초등학교건너2,3506,228
2014-02-01,만촌초등학교앞,1899,469
2014-02-01,만촌태왕리더스건너,1727,310
2014-02-01,만촌태왕리더스건너(남편),339,3329
2014-02-01,만촌태왕리더스북편,588,363
2014-02-01,만촌태왕리더스앞1,5696,10911
2014-02-01,만촌태왕리더스앞2,1864,182
2014-02-01,만촌화성파크스위트,46,92
2014-02-01,만평네거리,6654,5540
2014-02-01,만평역(서대구고속버스터미널)1,9718,3305
2014-02-01,만평역(서대구고속버스터미널)2,8271,13289
2014-02-01,망우당공원(종점),771,198
2014-02-01,망우당공원건너,1223,806
2014-02-01,망우당공원앞,3918,3121
2014-02-01,매곡(종점),421,90
2014-02-01,매곡사거리1,496,807
2014-02-01,매곡사거리2,12533,326
2014-02-01,매곡정수사업소건너,560,24
2014-02-01,매곡정수사업소앞,6,27
2014-02-01,매곡초등학교건너,18,632
2014-02-01,매골1,2,62
2014-02-01,매골2,208,7
2014-02-01,매여동(동구)저탄장,711,111
2014-02-01,매일신문사건너,164,192
2014-02-01,매일신문사앞,1488,479
2014-02-01,매천고교,1168,89
2014-02-01,매천대교1,1178,226
2014-02-01,매천대교2,3,3
2014-02-01,매천성당건너1,3277,208
2014-02-01,매천성당건너2,481,99
2014-02-01,매천성당앞,5373,299
2014-02-01,매천수산시장건너,1573,129
2014-02-01,매천수산시장앞,1509,92
2014-02-01,매천시장지하차도,1602,318
2014-02-01,매천중고등학교건너,5582,4837
2014-02-01,매천중고등학교앞,11885,1041
2014-02-01,매천초교(매천역)2,1068,190
2014-02-01,매천화성파크드림,1166,59
2014-02-01,매천휴먼시아앞,1050,104
2014-02-01,매호동서아파트앞,746,1
2014-02-01,매호성당건너,498,0
2014-02-01,메트로시티건너,3507,922
2014-02-01,메트로시티앞,1887,153
2014-02-01,메트로팔레스1,13891,2111
2014-02-01,메트로팔레스2,18614,965
2014-02-01,명곡1리입구1,14,1
2014-02-01,명곡1리입구2,0,9
2014-02-01,명곡리1,1687,645
2014-02-01,명곡리2,6896,611
2014-02-01,명곡미래빌1단지,2149,283
2014-02-01,명곡미래빌2단지건너,19,284
2014-02-01,명곡미래빌2단지앞,12214,1223
2014-02-01,명곡미래빌3단지건너,1675,915
2014-02-01,명곡미래빌3단지앞,4324,160
2014-02-01,명곡미래빌4단지,3275,178
2014-02-01,명곡미래빌5단지건너,7,105
2014-02-01,명곡미래빌5단지앞,4892,1107
2014-02-01,명곡지구앞,47,119
2014-02-01,명덕네거리1,35132,2348
2014-02-01,명덕네거리2,10688,18855
2014-02-01,명덕역(6번출구),37465,12778
2014-02-01,명덕역(7번출구),25525,5682
2014-02-01,명덕초등학교건너,15011,13792
2014-02-01,명덕초등학교앞,23299,5758
2014-02-01,명문세가APT건너,7371,1262
2014-02-01,명문세가APT앞,13856,2040
2014-02-01,명문오하임아파트건너,271,235
2014-02-01,명문오하임아파트앞,135,80
2014-02-01,명보약국건너,1674,1055
2014-02-01,명보약국앞,2317,325
2014-02-01,명산교(명산화성타운건너),2693,151
2014-02-01,명성푸르지오건너,5996,1324
2014-02-01,명성푸르지오앞,29787,2242
2014-02-01,모개월앞,0,8
2014-02-01,모개월입구,11,1
2014-02-01,모다아울렛,100,3
2014-02-01,모다아울렛건너,17131,845
2014-02-01,모다아울렛앞,515,1796
2014-02-01,모래정마을건너,52,0
2014-02-01,모래정마을앞,8,9
2014-02-01,목단1리,92,0
2014-02-01,목단2리,114,1
2014-02-01,목단리,60,0
2014-02-01,묘1리,39,0
2014-02-01,묘2리(고려정밀),142,0
2014-02-01,묘2리(전마),180,1
2014-02-01,무궁화LPG충전소,8268,3116
2014-02-01,무궁화LPG충전소건너,3527,1049
2014-02-01,무궁화어린이공원입구,1987,321
2014-02-01,무궁화어린이공원입구건너,3685,2173
2014-02-01,무등1리1,1,1
2014-02-01,무등1리2,203,0
2014-02-01,무등1리3,47,0
2014-02-01,무등2리,0,6
2014-02-01,무등2리입구건너,60,0
2014-02-01,무등보건진료소건너,18,0
2014-02-01,무등보건진료소앞,1,3
2014-02-01,무림제지건너,813,229
2014-02-01,무림제지앞1,1175,1041
2014-02-01,무림제지앞2,235,133
2014-02-01,무열대건너,4060,2080
2014-02-01,무열대앞,1385,443
2014-02-01,무태교,6,821
2014-02-01,무태네거리(시내방향),17068,4182
2014-02-01,무태네거리(시외방향),3953,3033
2014-02-01,무태새마을금고건너,1616,446
2014-02-01,무태새마을금고앞,5292,322
2014-02-01,무태조야동주민센터건너1,6995,250
2014-02-01,무태조야동주민센터건너2,5539,1349
2014-02-01,무태조야동주민센터앞1,1798,454
2014-02-01,무태조야동주민센터앞2,16982,1098
2014-02-01,문성병원건너,10499,4242
2014-02-01,문성병원앞,17325,5319
2014-02-01,문양기지창건너,11,300
2014-02-01,문양기지창앞,55,14
2014-02-01,문양리(서부실),1,3
2014-02-01,문양리1,109,0
2014-02-01,문양리2,3,4
2014-02-01,문양리입구1,38,28
2014-02-01,문양리입구2,0,34
2014-02-01,문양역건너,9,703
2014-02-01,문양역앞,1712,604
2014-02-01,문주마을건너,160,0
2014-02-01,문주마을앞,42,1
2014-02-01,문화예술회관건너,9759,4446
2014-02-01,문화예술회관앞,8464,4573
2014-02-01,미8군후문건너,423,163
2014-02-01,미8군후문앞,1112,54
2014-02-01,미곡동1,315,367
2014-02-01,미곡동2,2753,111
2014-02-01,미대동1,2922,112
2014-02-01,미대동2,303,249
2014-02-01,미래아트빌앞,545,378
2014-02-01,미리내맨션건너,14398,535
2014-02-01,미리내맨션앞,4246,1452
2014-02-01,민들레아파트후문건너,4128,115
2014-02-01,민들레아파트후문앞,6224,116
2014-02-01,바른병원건너,357,142
2014-02-01,박곡리(시내방향),181,0
2014-02-01,박곡리(시외방향),40,3
2014-02-01,박석진교,4,8
2014-02-01,반고개(내당역4번출구),3691,3029
2014-02-01,반고개1,7720,3364
2014-02-01,반고개2,15834,5521
2014-02-01,반송4교건너,10,6
2014-02-01,반송4교앞,273,36
2014-02-01,반송리,350,0
2014-02-01,반야월모란1차아파트,4168,2097
2014-02-01,반야월시장1,5973,2643
2014-02-01,반야월시장2,8135,1248
2014-02-01,반야월역(국철)건너,4506,2640
2014-02-01,반야월역(국철)앞,8279,1297
2014-02-01,반야월역(도시철도1번출구),1328,256
2014-02-01,반야월역(도시철도2번출구),6136,161
2014-02-01,반야월역(도시철도3번출구),5520,2438
2014-02-01,반야월역(도시철도4번출구)1,4192,2000
2014-02-01,반야월역(도시철도4번출구)2,1725,1053
2014-02-01,반야월저탄장건너,4757,3158
2014-02-01,반야월저탄장앞,10283,1073
2014-02-01,반월당역(1번출구)1,37403,9065
2014-02-01,반월당역(1번출구)2,4662,5203
2014-02-01,반월당역(2번출구),65463,34232
2014-02-01,방공포병학교건너,2082,209
2014-02-01,방공포병학교앞,987,2385
2014-02-01,방짜유기박물관건너,654,4
2014-02-01,방짜유기박물관앞,17,103
2014-02-01,방천리1,119,12
2014-02-01,방천리2,391,59
2014-02-01,방천시장(김광석길)건너,16719,6491
2014-02-01,방천시장(김광석길)앞,13643,2602
2014-02-01,방촌1동,1007,2
2014-02-01,방촌건널목,83,1182
2014-02-01,방촌맨션앞,5098,1576
2014-02-01,방촌빌라,175,916
2014-02-01,방촌시장건너,28438,3458
2014-02-01,방촌시장앞,16699,5955
2014-02-01,방촌역(1번출구),13671,5139
2014-02-01,방촌역(2번출구),11434,1231
2014-02-01,방촌치안센터건너,1600,1546
2014-02-01,방촌치안센터앞,5063,1706
2014-02-01,백사벌네거리1,2074,57
2014-02-01,백사벌네거리2,2459,1291
2014-02-01,백안교1,8,24
2014-02-01,백안교2,1287,154
2014-02-01,백안삼거리1,233,144
2014-02-01,백안삼거리2,3443,141
2014-02-01,백자맨션건너,217,773
2014-02-01,백자맨션앞,4626,1713
2014-02-01,범물1동주민센터건너,7353,1422
2014-02-01,범물1동주민센터앞,43942,1796
2014-02-01,범물2동주민센터건너,4340,534
2014-02-01,범물2동주민센터앞,16,311
2014-02-01,범물두성타운건너,401,23
2014-02-01,범물우방미진하이츠앞,4649,196
2014-02-01,범물청구맨션건너,441,2630
2014-02-01,범물청구맨션앞,52711,3561
2014-02-01,범물하이츠 건너,2906,3543
2014-02-01,범물하이츠앞,20863,160
2014-02-01,범물한라주택건너,25843,850
2014-02-01,범물한라주택앞,3025,4310
2014-02-01,범어2동1,166,2226
2014-02-01,범어2동2,1016,114
2014-02-01,범어4동주민센터건너,23648,6188
2014-02-01,범어4동주민센터앞,9727,9223
2014-02-01,범어쌍용예가건너,6841,7266
2014-02-01,범어쌍용예가앞,12117,2589
2014-02-01,범어역(1번출구),18075,2711
2014-02-01,범어역(2번출구),8946,4675
2014-02-01,법원건너,18269,13143
2014-02-01,법원앞,26777,5839
2014-02-01,법원어린이집,586,1340
2014-02-01,베어산업건너,583,0
2014-02-01,베어산업앞,33,25
2014-02-01,병무청중앙신체검사소,43,41
2014-02-01,보람타운건너,169,417
2014-02-01,보람타운앞,7527,2138
2014-02-01,보병50사단건너,3250,384
2014-02-01,보병50사단앞,1544,340
2014-02-01,보성기계건너,1585,215
2014-02-01,보성기계앞,16,131
2014-02-01,보성산호타운건너,4263,660
2014-02-01,보성산호타운앞,2585,1192
2014-02-01,보성서한타운앞,3556,879
2014-02-01,보성은하타운앞,1903,40
2014-02-01,보성화성타운건너,24857,2532
2014-02-01,보성화성타운앞,7395,5621
2014-02-01,보훈병원건너,80,46
2014-02-01,보훈병원앞,3358,108
2014-02-01,복음간호학원,546,437
2014-02-01,복현네거리,4721,8869
2014-02-01,복현대백맨션건너,15587,2063
2014-02-01,복현대백맨션앞,3215,2871
2014-02-01,복현서한2차아파트,1906,2828
2014-02-01,복현성모약국앞,2495,884
2014-02-01,복현오거리1,48693,8548
2014-02-01,복현오거리2,12767,3956
2014-02-01,복현오거리3,320,202
2014-02-01,복현우방아파트,8152,1437
2014-02-01,복현우체국건너,44917,4649
2014-02-01,복현우체국앞,7697,6958
2014-02-01,복현장미맨션앞,1855,951
2014-02-01,복현푸르지오아파트건너,12693,1155
2014-02-01,복현현대맨션건너,2535,27
2014-02-01,복현현대맨션앞,493,242
2014-02-01,본동시장건너,7117,868
2014-02-01,본동시장앞,1550,1585
2014-02-01,본리1리,155,48
2014-02-01,본리1리동회관건너,519,458
2014-02-01,본리1리동회관앞,56,30
2014-02-01,본리2,1616,233
2014-02-01,본리근린공원건너,2,0
2014-02-01,본리근린공원앞,0,3
2014-02-01,본리네거리,2971,406
2014-02-01,본리네거리2,9440,1546
2014-02-01,본리네거리3,7686,1625
2014-02-01,본리도서관앞,898,265
2014-02-01,본리롯데캐슬,1884,147
2014-02-01,본리아카시아맨션,4683,1332
2014-02-01,본리지구건너,1205,502
2014-02-01,본리지구앞,7021,1075
2014-02-01,본리초등학교건너,8784,1664
2014-02-01,본리초등학교앞,7089,1605
2014-02-01,본리치안센터건너,3385,404
2014-02-01,본리치안센터앞,3441,1397
2014-02-01,본말(종점),68,0
2014-02-01,봉덕119안전센터건너,767,54
2014-02-01,봉덕119안전센터앞,508,150
2014-02-01,봉덕2동새마을금고건너,1215,261
2014-02-01,봉덕2동새마을금고앞,959,723
2014-02-01,봉덕교회건너,13787,1879
2014-02-01,봉덕교회앞,3603,1207
2014-02-01,봉덕변전소건너,2893,11
2014-02-01,봉덕변전소앞,8,43
2014-02-01,봉덕시장건너1,3833,1614
2014-02-01,봉덕시장건너2,556,257
2014-02-01,봉덕시장건너3,9015,636
2014-02-01,봉덕시장앞1,14216,987
2014-02-01,봉덕시장앞2,3975,2040
2014-02-01,봉무공원건너,5620,1557
2014-02-01,봉무청구새들마을건너,16237,1337
2014-02-01,봉무청구새들마을앞,2020,658
2014-02-01,봉산가구골목(동편),3262,3295
2014-02-01,봉산가구골목(서편),1969,443
2014-02-01,봉산문화거리건너,22791,8142
2014-02-01,봉산문화거리앞,12351,3523
2014-02-01,봉산육거리,3536,355
2014-02-01,봉촌1리1,426,0
2014-02-01,봉촌1리2,1,30
2014-02-01,봉촌1리3,210,0
2014-02-01,봉촌2리,101,0
2014-02-01,봉촌낙동길입구,283,1
2014-02-01,봉촌낙동길입구건너,27,41
2014-02-01,봉촌리,282,0
2014-02-01,부곡리,10,2
2014-02-01,부곡리건너,48,69
2014-02-01,부남교앞,327,4
2014-02-01,부동,977,44
2014-02-01,부동(종점),229,2
2014-02-01,부동농협,345,0
2014-02-01,부동삼거리,0,3
2014-02-01,부영3단지,2555,1723
2014-02-01,부영5단지,1695,461
2014-02-01,부영7단지건너,676,3
2014-02-01,부영7단지앞,14,37
2014-02-01,북구구민운동장건너,7179,1051
2014-02-01,북구구민운동장앞,1785,1520
2014-02-01,북구보건소건너,3546,1745
2014-02-01,북구보건소앞,8359,297
2014-02-01,북구선거관리위원회건너,4776,453
2014-02-01,북구선거관리위원회앞,7070,2599
2014-02-01,북구어울아트센터앞,60,75
2014-02-01,북구청건너,12979,3921
2014-02-01,북구청네거리1,1663,1717
2014-02-01,북구청네거리2,2899,365
2014-02-01,북구청앞,10817,1411
2014-02-01,북구청역(3번출구),11652,3574
2014-02-01,북구청역(4번출구),4872,2302
2014-02-01,북대구세무서건너,7528,710
2014-02-01,북대구세무서앞,4211,866
2014-02-01,북대구초등학교건너,2365,65
2014-02-01,북대구초등학교앞,768,186
2014-02-01,북동초등학교건너,1232,768
2014-02-01,북동초등학교앞,4321,78
2014-02-01,북리1,3101,1139
2014-02-01,북리2,20590,300
2014-02-01,북부경찰서건너,2049,883
2014-02-01,북부상수도사업소,125,926
2014-02-01,북부정류장,84595,16016
2014-02-01,북부정류장건너,39966,13545
2014-02-01,북비산네거리1,7322,4595
2014-02-01,북비산네거리2,8974,1501
2014-02-01,북중학교앞,2554,812
2014-02-01,북침산치안센터건너,6852,1585
2014-02-01,북침산치안센터앞,6191,2706
2014-02-01,불교한방병원건너1,474,151
2014-02-01,불교한방병원건너2,1783,237
2014-02-01,불교한방병원앞1,2308,139
2014-02-01,불교한방병원앞2,2824,392
2014-02-01,불로삼거리,1192,11063
2014-02-01,불로우방아파트건너,6814,2088
2014-02-01,불로우방아파트앞,7194,4531
2014-02-01,불로전통시장건너,39900,3497
2014-02-01,불로전통시장앞,15267,6779
2014-02-01,불로천주교회건너,10857,2795
2014-02-01,불로천주교회앞,20962,4376
2014-02-01,불로화훼단지건너,35,373
2014-02-01,불로화훼단지앞,529,684
2014-02-01,비산5동주민센터,6,0
2014-02-01,비산6동주민센터건너,493,784
2014-02-01,비산6동주민센터앞,2291,79
2014-02-01,비산7동우체국건너,3200,3971
2014-02-01,비산7동우체국앞1,10930,3324
2014-02-01,비산7동우체국앞2,7182,2206
2014-02-01,비산웰빙하와이건너,50,1
2014-02-01,비산웰빙하와이앞,44,5
2014-02-01,비산지하도1,8974,5689
2014-02-01,비산지하도2,17878,3989
2014-02-01,비산초등학교건너,9262,1168
2014-02-01,비산초등학교앞,13643,1733
2014-02-01,비슬산휴양림주차장,33,0
2014-02-01,비원지구대건너,5002,426
2014-02-01,비원지구대앞,654,1597
2014-02-01,비철금속협업단지앞,6412,460
2014-02-01,사복동입구교차로,94,1237
2014-02-01,사복동입구교차로건너,10,401
2014-02-01,사월동(종점),567,33
2014-02-01,사월보성2차건너,49,157
2014-02-01,사월보성2차앞,2115,111
2014-02-01,사월역(2번출구),19069,2688
2014-02-01,사월역(4번출구),17212,10256
2014-02-01,사창마을건너,1,4
2014-02-01,사창마을앞,26,0
2014-02-01,산격4동주민센터건너,581,223
2014-02-01,산격4동주민센터앞,5537,580
2014-02-01,산격거평타운건너,1067,2510
2014-02-01,산격거평타운앞,2048,2483
2014-02-01,산격대우아파트앞,55163,7447
2014-02-01,산격문화회관건너,8506,692
2014-02-01,산격문화회관앞,2930,1419
2014-02-01,산격종합시장앞,53052,15699
2014-02-01,산격주공아파트건너,3777,4746
2014-02-01,산격주공아파트앞,24235,2485
2014-02-01,산격중학교건너,7691,11833
2014-02-01,산격중학교앞,9163,1562
2014-02-01,산격청구맨션앞,5743,2869
2014-02-01,산격초등학교건너,10448,559
2014-02-01,산격초등학교앞,8497,857
2014-02-01,산림조합중앙회건너,1697,1989
2014-02-01,산림조합중앙회앞,1029,570
2014-02-01,산업용재관,3860,1939
2014-02-01,삼덕교회,6143,5551
2014-02-01,삼덕동1,181,286
2014-02-01,삼덕동2,286,43
2014-02-01,삼덕성당앞,8104,1106
2014-02-01,삼리1리1,6,21
2014-02-01,삼리1리2,746,170
2014-02-01,삼리리1(논공),18,31
2014-02-01,삼리리2(논공),104,88
2014-02-01,삼보,929,103
2014-02-01,삼산리(범동교),14,16
2014-02-01,삼산리(삼산교회건너),143,0
2014-02-01,삼산리(삼산교회앞),2851,175
2014-02-01,삼산리(은지가든),0,4
2014-02-01,삼산리입구건너,396,0
2014-02-01,삼산리입구앞,0,175
2014-02-01,삼산지,5,0
2014-02-01,삼성공원아파트건너,308,138
2014-02-01,삼성래미안1차건너,4847,2304
2014-02-01,삼성래미안1차앞,4227,456
2014-02-01,삼성래미안2차건너,3900,775
2014-02-01,삼성래미안2차앞,3957,1331
2014-02-01,삼성명가타운,3533,1336
2014-02-01,삼성명가타운건너,929,427
2014-02-01,삼성물류센터앞,229,1261
2014-02-01,삼성한국형아파트건너,1303,60
2014-02-01,삼성한국형아파트앞,599,615
2014-02-01,삼우섬유앞,391,10
2014-02-01,삼육구가든건너,165,16
2014-02-01,삼육구가든앞,61,5
2014-02-01,삼익THK건너,228,18
2014-02-01,삼익THK앞,261,40
2014-02-01,삼익뉴타운건너,6043,2020
2014-02-01,삼익뉴타운앞,10841,702
2014-02-01,삼정빌딩앞,800,211
2014-02-01,삼호아파트건너,618,177
2014-02-01,삼호아파트앞,1123,1223
2014-02-01,삼환맨션,365,70
2014-02-01,상공회의소건너,3820,1539
2014-02-01,상공회의소앞,5572,885
2014-02-01,상당마을,5,0
2014-02-01,상동가압장건너,1470,83
2014-02-01,상동교1,124,87
2014-02-01,상동교2,1134,492
2014-02-01,상동네거리,4052,1693
2014-02-01,상동마을(둔산길),741,1
2014-02-01,상동시장앞,2093,471
2014-02-01,상동우체국건너,5791,921
2014-02-01,상동우체국앞,19074,3148
2014-02-01,상동천주교회건너,284,332
2014-02-01,상동천주교회앞,1600,2177
2014-02-01,상록아파트,704,71
2014-02-01,상리공단,1747,177
2014-02-01,상리공단건너,972,611
2014-02-01,상리동입구,1554,102
2014-02-01,상리동입구1,2,101
2014-02-01,상리동입구2,3598,25
2014-02-01,상리동종점,22,23
2014-02-01,상리동종점2,1097,1
2014-02-01,상리동종점3,2750,105
2014-02-01,상리마을건너,5,0
2014-02-01,상리마을앞,25,7
2014-02-01,상리지하도1,2049,57
2014-02-01,상리지하도2,1787,36
2014-02-01,상매동(저탄장),19,13
2014-02-01,상서고등학교건너,1411,70
2014-02-01,상서고등학교앞,566,199
2014-02-01,상수도사업본부,7083,3084
2014-02-01,상수도사업본부건너,7238,13441
2014-02-01,상수도사업본부시설관리소건너,9214,1381
2014-02-01,상수도사업본부시설관리소앞,1393,1118
2014-02-01,상수도중남부사업소건너,1588,521
2014-02-01,상수도중남부사업소앞,348,166
2014-02-01,상원리(마을회관),11,0
2014-02-01,상인2동주민센터건너,5592,235
2014-02-01,상인동서타운앞,18331,3111
2014-02-01,상인동화아이위시아파트건너,20786,1475
2014-02-01,상인동화아이위시아파트앞,2439,1676
2014-02-01,상인비둘기1단지아파트건너,4251,757
2014-02-01,상인비둘기1단지아파트앞,15601,714
2014-02-01,상인비둘기2단지아파트앞,14905,1265
2014-02-01,상인삼미타운건너,2304,11884
2014-02-01,상인삼미타운앞,5415,534
2014-02-01,상인역e-편한세상앞,6532,20537
2014-02-01,상인우방아파트,11865,31043
2014-02-01,상인은행아파트건너,6109,1427
2014-02-01,상인은행아파트앞,6741,1093
2014-02-01,상인자이앞,6493,2427
2014-02-01,상인장미아파트앞,10278,1061
2014-02-01,상인제림아파트건너,2308,380
2014-02-01,상인제림아파트앞,1274,1016
2014-02-01,상인청구타운건너,2862,209
2014-02-01,상인청구타운앞,1411,240
2014-02-01,상인초등학교앞,2891,2576
2014-02-01,상인한서타운앞,4209,897
2014-02-01,상인현대맨션건너,82793,4030
2014-02-01,상인현대맨션앞,22651,33825
2014-02-01,상인화성파크드림건너,961,691
2014-02-01,상인화성파크드림앞,1263,146
2014-02-01,상화네거리,199,1101
2014-02-01,새길시장건너,10621,6664
2014-02-01,새길시장앞,34464,4057
2014-02-01,새동네아파트건너,28,10
2014-02-01,새동네아파트앞,592,1305
2014-02-01,새마을건너,2,11
2014-02-01,새범어아파트건너,1152,227
2014-02-01,새범어아파트앞,1799,154
2014-02-01,새본리중학교앞,1130,271
2014-02-01,샛터마을입구,1,0
2014-02-01,샤니삼거리1,262,1
2014-02-01,샤니삼거리2,5,2
2014-02-01,서구문화회관건너,2825,815
2014-02-01,서구문화회관앞,7196,1641
2014-02-01,서구시장건너,20240,6345
2014-02-01,서구시장앞,15048,4768
2014-02-01,서구제일사회복지관건너,1243,2300
2014-02-01,서구제일사회복지관앞,4341,421
2014-02-01,서구청건너,44623,6129
2014-02-01,서구청앞,44001,6669
2014-02-01,서남시장건너,23302,18218
2014-02-01,서남시장앞1,28462,5788
2014-02-01,서남시장앞2,13091,2815
2014-02-01,서당마을건너,946,63
2014-02-01,서당마을앞,22,42
2014-02-01,서대구고속버스터미널,324,1306
2014-02-01,서대구공단네거리1,992,52
2014-02-01,서대구공단네거리2,388,57
2014-02-01,서대구공단네거리3,2582,330
2014-02-01,서대구공단네거리4,4295,1379
2014-02-01,서대구세무서,9314,22791
2014-02-01,서대구시장건너,9395,4935
2014-02-01,서대구시장앞,10817,4432
2014-02-01,서대구초등학교입구,19808,7457
2014-02-01,서대명지구대건너,6074,1371
2014-02-01,서대명지구대앞,2227,850
2014-02-01,서도초등학교건너,2249,1530
2014-02-01,서도초등학교서편1,1,0
2014-02-01,서도초등학교서편2,98,10
2014-02-01,서도초등학교앞,7676,708
2014-02-01,서문시장,55108,8571
2014-02-01,서문시장5지구앞,1285,870
2014-02-01,서변동영남네오빌건너,4283,285
2014-02-01,서변동영남네오빌앞,3875,420
2014-02-01,서부고등학교건너,1985,453
2014-02-01,서부고등학교앞,3414,85
2014-02-01,서부공업고등학교건너,9490,10132
2014-02-01,서부공업고등학교앞,26464,1271
2014-02-01,서부소방서,4,69
2014-02-01,서부시장건너,24315,10185
2014-02-01,서부시장앞,21155,5057
2014-02-01,서부정류장(관문시장건너),89258,15254
2014-02-01,서부정류장(관문시장앞),33416,9757
2014-02-01,서부정류장1,78000,9964
2014-02-01,서부정류장2,5318,1693
2014-02-01,서부정류장3(성당못역1번출구),23268,31871
2014-02-01,서부정류장4(성당못역1번출구),2509,1212
2014-02-01,서부중학교앞,7660,5794
2014-02-01,서영기공건너,278,1
2014-02-01,서영기공앞,9,65
2014-02-01,서재금봉타운,183,1054
2014-02-01,서재금봉타운건너,25180,92
2014-02-01,서재들,23,2
2014-02-01,서재들건너,28,5
2014-02-01,서재보성타운건너,19288,100
2014-02-01,서재보성타운앞,139,226
2014-02-01,서진중학교건너,760,544
2014-02-01,서평초등학교,2592,1303
2014-02-01,서평초등학교건너,2173,391
2014-02-01,선녀곡건너(옥포),165,63
2014-02-01,선녀곡앞(옥포),50,343
2014-02-01,설티고개(달성공단방면),8,5
2014-02-01,설티고개(옥포방면),83,0
2014-02-01,설화동(종점),207,18
2014-02-01,설화리(시내방향),11521,857
2014-02-01,설화리(시외방향),781,896
2014-02-01,설화명곡역(4번출구),1,103
2014-02-01,섬뜸마을,620,1
2014-02-01,섬유회관건너1,49382,15875
2014-02-01,섬유회관건너2,8329,2964
2014-02-01,섬유회관앞,59002,19429
2014-02-01,성곡중학교건너,863,594
2014-02-01,성곡중학교앞,1328,46
2014-02-01,성광고등학교건너,7498,3361
2014-02-01,성광고등학교앞,163,964
2014-02-01,성남초등학교건너,1075,1714
2014-02-01,성남초등학교앞,4718,293
2014-02-01,성내3동주민센터입구,1036,1541
2014-02-01,성당두산위브앞,23667,1714
2014-02-01,성당래미안·e-편한세상앞,10250,2662
2014-02-01,성당못역북편1,733,777
2014-02-01,성당못역북편2,1908,230
2014-02-01,성당보성아파트건너,27443,6307
2014-02-01,성당보성아파트앞,12309,3340
2014-02-01,성당시장건너,27628,4857
2014-02-01,성당시장앞1,4586,537
2014-02-01,성당시장앞2,31340,3294
2014-02-01,성당초교앞,619,249
2014-02-01,성당코오롱하늘채,7532,1325
2014-02-01,성당코오롱하늘채2,12683,6126
2014-02-01,성당포스코더샵건너,4488,1506
2014-02-01,성당포스코더샵앞,13301,929
2014-02-01,성동건너,173,220
2014-02-01,성동마을건너,125,40
2014-02-01,성동마을앞,406,7
2014-02-01,성동앞,101,60
2014-02-01,성동초등학교건너,10061,1921
2014-02-01,성동초등학교앞,17585,1592
2014-02-01,성동탱자나무마을건너,21,22
2014-02-01,성동탱자나무마을앞,49,42
2014-02-01,성림첨단산업건너,56,5
2014-02-01,성림첨단산업앞,380,6
2014-02-01,성명119안전센터건너1,3806,3683
2014-02-01,성명119안전센터앞,2333,310
2014-02-01,성명여자중학교,364,210
2014-02-01,성모여성병원건너,32704,4441
2014-02-01,성모여성병원앞,32180,17766
2014-02-01,성보교통,1441,108
2014-02-01,성북교1,10841,1710
2014-02-01,성북교2,7095,3406
2014-02-01,성북시장건너,2217,807
2014-02-01,성북시장앞,9077,2516
2014-02-01,성산3동,1,17
2014-02-01,성산리1,45,54
2014-02-01,성산리2,695,104
2014-02-01,성산중학교앞,1574,180
2014-02-01,성산초등학교앞,455,88
2014-02-01,성서119안전센터건너,23,2864
2014-02-01,성서119안전센터앞,16720,139
2014-02-01,성서4차산업단지앞1,593,120
2014-02-01,성서공단물류센터,477,1
2014-02-01,성서농협남부지소,10917,3227
2014-02-01,성서동서서한타운건너,2771,454
2014-02-01,성서동서서한타운앞,5377,314
2014-02-01,성서보성타운2차건너1,161,536
2014-02-01,성서보성타운2차건너2,1257,127
2014-02-01,성서보성타운2차앞,8047,1582
2014-02-01,성서산업단지역(1번출구),4852,2608
2014-02-01,성서산업단지역(2번출구),10657,1383
2014-02-01,성서서한2차타운1,7918,343
2014-02-01,성서서한2차타운2,194,803
2014-02-01,성서우방2차아파트,1203,465
2014-02-01,성서우방타운건너,21719,3123
2014-02-01,성서우방타운앞,14614,2626
2014-02-01,성서우체국건너,2066,310
2014-02-01,성서우체국앞,491,1437
2014-02-01,성서종합시장건너,20647,6478
2014-02-01,성서종합시장앞,44869,5319
2014-02-01,성서주공1단지건너,9810,1013
2014-02-01,성서주공1단지앞,1979,1918
2014-02-01,성서주공2단지건너,13356,6282
2014-02-01,성서주공2단지앞,31693,2329
2014-02-01,성서주공5단지앞,451,141
2014-02-01,성서청구타운건너,8582,1595
2014-02-01,성서청구타운앞,5829,488
2014-02-01,성서초등학교건너,4626,1146
2014-02-01,성서초등학교앞,68,469
2014-02-01,성서푸른마을아파트건너,9279,955
2014-02-01,성서푸른마을아파트앞,1888,1012
2014-02-01,성서한샘타운앞,1758,107
2014-02-01,성서협업단지건너,106,3
2014-02-01,성서협업단지앞,6,60
2014-02-01,성요셉요양병원건너,134,538
2014-02-01,성요셉요양병원앞,1516,113
2014-02-01,성원아파트건너,1361,183
2014-02-01,성원아파트앞,6078,487
2014-02-01,성주사건너,90,23
2014-02-01,성주사앞,8,128
2014-02-01,성지중학교건너,4262,1055
2014-02-01,성지중학교앞,6385,5262
2014-02-01,성하리,27,507
2014-02-01,성화여고건너,9608,566
2014-02-01,성화여고앞,4276,3365
2014-02-01,세강병원앞,6565,21071
2014-02-01,세원정공건너,11691,449
2014-02-01,세원정공앞,1490,4158
2014-02-01,세천고개1,252,10
2014-02-01,세천고개2,120,41
2014-02-01,세천리2,337,20
2014-02-01,세천리3,520,14
2014-02-01,세하건너,6,14
2014-02-01,세하앞,3,3
2014-02-01,세흥인쇄,794,133
2014-02-01,소선여중건너,2858,3667
2014-02-01,소선여중앞,148,469
2014-02-01,솔렌스힐건너,4882,730
2014-02-01,솔렌스힐앞,1682,391
2014-02-01,솔밭기세길건너,2,24
2014-02-01,솔밭기세길입구,143,0
2014-02-01,솔비식당입구,13,1
2014-02-01,솔비식당입구맞은편,557,50
2014-02-01,송원맨션건너,12279,852
2014-02-01,송원맨션앞,2812,982
2014-02-01,송정1동,2,5
2014-02-01,송정동1,52,20
2014-02-01,송정동2,12,1
2014-02-01,송정동3,6,1
2014-02-01,송정동4,8,19
2014-02-01,송정마을1,4,28
2014-02-01,송정마을2,85,0
2014-02-01,송정삼거리1,373,229
2014-02-01,송정삼거리2,208,456
2014-02-01,송정삼거리3,4385,906
2014-02-01,송정삼거리4,4072,906
2014-02-01,송해공원,4,1
2014-02-01,송현1동치안센터건너,6924,1353
2014-02-01,송현2동주민센터건너,704,206
2014-02-01,송현공원건너,569,207
2014-02-01,송현공원앞,445,661
2014-02-01,송현교,916,53
2014-02-01,송현교2,119,78
2014-02-01,송현여중고교건너,1971,767
2014-02-01,송현여중고교앞,3363,3209
2014-02-01,송현역(1번출구),12279,2000
2014-02-01,송현역(2번출구),16073,3330
2014-02-01,송현역(3번출구),17110,13000
2014-02-01,송현역(4번출구),6781,3798
2014-02-01,송현제림타운건너,5046,8548
2014-02-01,송현제림타운앞,3447,825
2014-02-01,송현초등학교건너,3295,768
2014-02-01,송현초등학교앞,8639,301
2014-02-01,수리리,96,62
2014-02-01,수성4가동주민센터앞,732,158
2014-02-01,수성경찰서건너,26045,6898
2014-02-01,수성경찰서앞,17812,10374
2014-02-01,수성고등학교건너,3978,607
2014-02-01,수성고등학교앞,2594,511
2014-02-01,수성관광호텔건너,2670,288
2014-02-01,수성관광호텔앞,1995,386
2014-02-01,수성교1,6977,5142
2014-02-01,수성교2,6361,3680
2014-02-01,수성구민운동장건너,7722,2283
2014-02-01,수성구민운동장앞,6043,10687
2014-02-01,수성구보건소건너,25776,2305
2014-02-01,수성구보건소앞,10117,3652
2014-02-01,수성구청건너,25830,10553
2014-02-01,수성구청앞,24241,7821
2014-02-01,수성네거리1,15589,5927
2014-02-01,수성네거리2,13053,2764
2014-02-01,수성대학교건너,31505,8275
2014-02-01,수성대학교앞,15962,13586
2014-02-01,수성도서관건너,13853,1975
2014-02-01,수성도서관앞,6684,2860
2014-02-01,수성동삼익맨션앞,2,0
2014-02-01,수성동일하이빌앞,759,67
2014-02-01,수성랜드1,3489,196
2014-02-01,수성랜드2,1184,2968
2014-02-01,수성랜드건너,1685,577
2014-02-01,수성랜드건너2,511,511
2014-02-01,수성랜드앞,1167,1639
2014-02-01,수성롯데캐슬건너,13784,1824
2014-02-01,수성롯데캐슬앞,17654,5398
2014-02-01,수성못건너,847,383
2014-02-01,수성못앞,970,585
2014-02-01,수성못오거리1,11460,2353
2014-02-01,수성못오거리2,14014,2305
2014-02-01,수성못오거리5,527,383
2014-02-01,수성못코오롱하늘채,3398,3166
2014-02-01,수성소방서1,235,722
2014-02-01,수성소방서2,205,1601
2014-02-01,수성시니어클럽건너,2277,2136
2014-02-01,수성시니어클럽앞,5641,1003
2014-02-01,수성시장건너,2574,1161
2014-02-01,수성시장네거리1,12316,2478
2014-02-01,수성시장네거리2,14639,5604
2014-02-01,수성시장앞,2422,696
2014-02-01,수성아트피아건너,5900,2793
2014-02-01,수성아트피아앞,4054,2350
2014-02-01,수성요양병원,556,73
2014-02-01,수성월드메르디앙건너,378,115
2014-02-01,수성월드메르디앙앞,799,60
2014-02-01,수성초등학교,6254,2428
2014-02-01,수성태영데시앙건너,1504,611
2014-02-01,수성태영데시앙앞,3892,454
2014-02-01,수성하이츠,2384,173
2014-02-01,수정맨션앞,1818,156
2014-02-01,수창초등학교,561,3585
2014-02-01,스파밸리1,78,261
2014-02-01,스파밸리2,7503,32
2014-02-01,시립희망원,839,497
2014-02-01,시민교회건너,818,77
2014-02-01,시민교회앞,454,409
2014-02-01,시민운동장(야구장건너),2619,427
2014-02-01,시민운동장(야구장앞),2044,483
2014-02-01,시민운동장(축구장건너),3200,3708
2014-02-01,시민운동장(축구장앞),3645,704
2014-02-01,시지(종점),1235,317
2014-02-01,시지대성유니드건너,758,26
2014-02-01,시지대성유니드앞,1880,1640
2014-02-01,시지보성아파트앞,21710,8841
2014-02-01,시지중학교,18444,923
2014-02-01,시지천마타운앞,3614,1504
2014-02-01,시청별관건너1,7724,2395
2014-02-01,시청별관건너2,5532,1198
2014-02-01,시청별관앞(구.경북도청),5023,4028
2014-02-01,신기리1,42,36
2014-02-01,신기리2,866,64
2014-02-01,신기역(화성타운건너),8885,1229
2014-02-01,신기역(화성타운앞),13299,1241
2014-02-01,신남역(1번출구),4286,1089
2014-02-01,신당동주민센터건너,1773,797
2014-02-01,신당동주민센터앞,9512,485
2014-02-01,신당리,1205,2
2014-02-01,신덕마을입구,77,59
2014-02-01,신도운수건너,986,86
2014-02-01,신도운수앞,1047,91
2014-02-01,신매광장건너,42369,8009
2014-02-01,신매광장앞,46979,7961
2014-02-01,신매시장,4818,10448
2014-02-01,신매초등학교건너,8880,1845
2014-02-01,신매초등학교앞,7829,2015
2014-02-01,신매태성아파트,76,501
2014-02-01,신매태성아파트건너,5792,2005
2014-02-01,신무동1,445,0
2014-02-01,신무동2,6,14
2014-02-01,신생원앞,11,10
2014-02-01,신서성당건너,3480,314
2014-02-01,신서성당앞,3,363
2014-02-01,신성에스앤티건너,607,48
2014-02-01,신성에스앤티앞,122,4
2014-02-01,신성중공업건너,7,178
2014-02-01,신성중공업앞,362,0
2014-02-01,신성초등학교건너,5051,7682
2014-02-01,신성초등학교앞,5532,1240
2014-02-01,신세계병원건너,21074,12929
2014-02-01,신세계병원앞,9157,9461
2014-02-01,신세계주유소건너,6878,298
2014-02-01,신세계주유소앞,915,1233
2014-02-01,신세월입구,29,0
2014-02-01,신신정비공장1,9333,5017
2014-02-01,신신정비공장2,30021,23154
2014-02-01,신암건영캐스빌건너,3609,665
2014-02-01,신암건영캐스빌앞,1501,61
2014-02-01,신암보성아파트건너,1404,467
2014-02-01,신암보성아파트앞,1101,884
2014-02-01,신암초등학교건너,3909,2530
2014-02-01,신천3동행정복지센터건너,3787,518
2014-02-01,신천3동행정복지센터앞,1999,2102
2014-02-01,신천3치안센터건너,3811,1237
2014-02-01,신천3치안센터앞,4562,3017
2014-02-01,신천LH아파트건너,7836,1832
2014-02-01,신천LH아파트앞,12322,4407
2014-02-01,신천교1,1718,730
2014-02-01,신천교2,1732,232
2014-02-01,신천시장건너,2789,609
2014-02-01,신천시장앞,3631,1191
2014-02-01,신천역(2번출구),3828,1597
2014-02-01,신천역(3번출구),2231,709
2014-02-01,신천역(4번출구),6155,1374
2014-02-01,신천역(5번출구),8376,1767
2014-02-01,신천초등학교건너,637,57
2014-02-01,신천초등학교앞,291,71
2014-02-01,신평동1,330,964
2014-02-01,신평동2,1237,95
2014-02-01,신평리네거리1,20970,9032
2014-02-01,신평리네거리2,25827,9197
2014-02-01,신평리주유소건너,1635,237
2014-02-01,신평리주유소앞,544,337
2014-02-01,신흥버스,15944,2514
2014-02-01,실내체육관건너,3235,673
2014-02-01,실내체육관앞,3756,1265
2014-02-01,심신수련장입구건너,749,153
2014-02-01,심신수련장입구앞,624,153
2014-02-01,심인고등학교건너,18896,2817
2014-02-01,심인고등학교앞,10904,2246
2014-02-01,쌍용머티리얼,1650,93
2014-02-01,아너스월성앞,3324,523
2014-02-01,아멕스,470,15
2014-02-01,아멕스건너,825,4
2014-02-01,아양교1,3446,1092
2014-02-01,아양교2,12705,13178
2014-02-01,아양교3,917,20778
2014-02-01,아양교4,4316,974
2014-02-01,아양교역(1번출구),64695,64864
2014-02-01,아양교역(2번출구),80655,8206
2014-02-01,아양아트센터건너,3732,281
2014-02-01,아양아트센터앞,1238,293
2014-02-01,아주섬유건너,3,25
2014-02-01,아주섬유앞,135,1
2014-02-01,아주철강건너,125,7
2014-02-01,아주철강앞,79,2
2014-02-01,안심교(경산방향),192,78
2014-02-01,안심교(반야월방향),315,5531
2014-02-01,안심신우타운앞,1636,3109
2014-02-01,안심역(4번출구),37067,424
2014-02-01,안심역(5번출구),4115,23104
2014-02-01,안심주공1단지건너,11723,1322
2014-02-01,안심주공1단지앞,5077,663
2014-02-01,안심주공2단지앞,351,1178
2014-02-01,안심중학교건너,1051,1598
2014-02-01,안심중학교앞,1444,829
2014-02-01,안심효성타운건너,11106,1489
2014-02-01,안심효성타운앞,23939,1890
2014-02-01,안지랑네거리1,24242,7498
2014-02-01,안지랑네거리2,27047,7790
2014-02-01,앞산공원,8749,3029
2014-02-01,앞산공원관리사무소건너,296,42
2014-02-01,앞산공원관리사무소앞,6,450
2014-02-01,앞산궁도장건너,746,95
2014-02-01,앞산궁도장앞,282,27
2014-02-01,앞산별자리체험학습장1,3295,32
2014-02-01,앞산별자리체험학습장2,95,579
2014-02-01,앞산보성타운건너,48,48
2014-02-01,앞산보성타운앞,2698,6
2014-02-01,앞산빨래터공원,660,112
2014-02-01,앞산빨래터공원1,742,46
2014-02-01,앞산자락카페마실건너,42,169
2014-02-01,앞산자락카페마실앞,974,457
2014-02-01,앞산청구제네스건너,5909,2357
2014-02-01,앞산청구제네스앞,12932,2146
2014-02-01,앞산힐스테이트건너,2501,563
2014-02-01,앞산힐스테이트앞,1180,293
2014-02-01,약령시건너(동성로입구),215368,31697
2014-02-01,약령시앞,157978,57905
2014-02-01,약령시입구,3110,1812
2014-02-01,약사회관건너,310,47
2014-02-01,약사회관앞,570,45
2014-02-01,약산온천,1,0
2014-02-01,약산온천입구,895,204
2014-02-01,양지마을건너,135,284
2014-02-01,양지마을앞,4734,19
2014-02-01,어린이회관건너1,2794,5001
2014-02-01,어린이회관건너2,53,436
2014-02-01,어린이회관앞,5728,2990
2014-02-01,에이스이노텍건너,172,10
2014-02-01,에이스이노텍앞,378,185
2014-02-01,엑스코건너,3977,1336
2014-02-01,엑스코앞,12624,450
2014-02-01,엘디스리젠트호텔건너,5686,4648
2014-02-01,엘디스리젠트호텔앞,3776,5689
2014-02-01,여성메디파크,870,489
2014-02-01,역전시장건너,5210,1081
2014-02-01,역전시장앞,5457,834
2014-02-01,연경1,54,13
2014-02-01,연경2,429,7
2014-02-01,연암네거리1,17839,3418
2014-02-01,연암네거리2,3743,458
2014-02-01,연암네거리3,212,2136
2014-02-01,연젓마을건너,34,0
2014-02-01,연호동,1,9
2014-02-01,연호동(종점),44,0
2014-02-01,연호동화훼단지1,3456,2665
2014-02-01,연호동화훼단지2,11394,671
2014-02-01,연호역(3번출구),65,7
2014-02-01,연호역(3번출구)건너,1,47
2014-02-01,연호지,270,449
2014-02-01,연호지건너,205,4790
2014-02-01,연화리1,0,7
2014-02-01,연화리2,5,148
2014-02-01,열병합발전소건너,1,0
2014-02-01,열병합발전소앞,2,3
2014-02-01,영남고등학교건너,17283,18486
2014-02-01,영남고등학교앞,36483,3112
2014-02-01,영남네오빌건너,999,41
2014-02-01,영남네오빌비스타,1047,273
2014-02-01,영남네오빌앞,337,512
2014-02-01,영남농업연구소콩연구,1,0
2014-02-01,영남우방타운1차건너,3439,441
2014-02-01,영남우방타운1차앞,5326,306
2014-02-01,영남이공대학건너,10897,2798
2014-02-01,영남이공대학앞,20560,1275
2014-02-01,영남일보건너,3294,522
2014-02-01,영남종합전기,407,92
2014-02-01,영대병원역,38970,3608
2014-02-01,영대병원역(3번출구),30694,13889
2014-02-01,영일무역건너,347,13
2014-02-01,영일무역앞,57,84
2014-02-01,영조아파트건너,6,58
2014-02-01,영조아파트앞,1974,2
2014-02-01,영진고등학교건너,19776,2512
2014-02-01,영진고등학교앞,37232,15321
2014-02-01,영진교통(종점),631,3
2014-02-01,영진산업,376,5
2014-02-01,영진전문대학정문건너,7627,1855
2014-02-01,영진전문대학정문앞,13839,3684
2014-02-01,영진전문대학후문건너,22104,5112
2014-02-01,영진전문대학후문앞,32837,12827
2014-02-01,영화,695,114
2014-02-01,예현2리마을회관,346,4
2014-02-01,오뚜기물류센터,116,2
2014-02-01,오설리,3,8
2014-02-01,오성아파트,147,4605
2014-02-01,오페라삼정그린코아APT,15667,2838
2014-02-01,오페라하우스건너,1134,381
2014-02-01,오페라하우스앞,1154,311
2014-02-01,옥분리(구진터),80,0
2014-02-01,옥분리1,12,35
2014-02-01,옥분리마을회관앞,237,0
2014-02-01,옥산정미소,333,1
2014-02-01,옥연지,0,4
2014-02-01,옥연지건너,14,35
2014-02-01,옥포간경리1,1316,778
2014-02-01,옥포간경리2,7980,406
2014-02-01,옥포농협,340,17
2014-02-01,옥포농협강림지소건너,928,562
2014-02-01,옥포농협강림지소앞,5494,72
2014-02-01,옥포농협건너,5253,135
2014-02-01,옥포농협앞,1058,213
2014-02-01,옥포무지개마을,3819,116
2014-02-01,옥포주유소앞,236,121
2014-02-01,옥포중앙교회앞,88,42
2014-02-01,옥포초등학교건너,721,630
2014-02-01,옥포초등학교앞,4610,556
2014-02-01,올림픽기념관건너,7644,3811
2014-02-01,올림픽기념관앞,12428,2168
2014-02-01,와룡공원건너,383,708
2014-02-01,와룡공원앞,727,130
2014-02-01,와룡시장,6483,346
2014-02-01,와룡시장건너,2132,565
2014-02-01,용계동1,5,11
2014-02-01,용계동2,432,319
2014-02-01,용계동3,1342,80
2014-02-01,용계동4,228,91
2014-02-01,용계삼거리1,9121,10375
2014-02-01,용계삼거리2,2634,2354
2014-02-01,용계삼거리3,578,551
2014-02-01,용계삼거리4,448,859
2014-02-01,용계역(1번출구),18339,3192
2014-02-01,용계역(2번출구),4400,930
2014-02-01,용산1동주민센터건너,7969,3316
2014-02-01,용산1동주민센터앞,3772,1470
2014-02-01,용산2동주민센터건너,3921,2429
2014-02-01,용산2동주민센터앞,32871,2238
2014-02-01,용산네거리1,24928,4330
2014-02-01,용산네거리2,54562,14985
2014-02-01,용산역,1343,84
2014-02-01,용산역(1번출구),1323,275
2014-02-01,용산역(2번출구),37173,6369
2014-02-01,용산종합큰시장건너,13695,943
2014-02-01,용산종합큰시장앞,6444,1536
2014-02-01,용수동1,0,4
2014-02-01,용수동2,132,0
2014-02-01,용연사,172,4
2014-02-01,용연사시설집단지구건너,68,0
2014-02-01,용연사시설집단지구앞,91,25
2014-02-01,우록리,2,0
2014-02-01,우록리(부곡장식당),5,6
2014-02-01,우록리(선흥사입구),4,23
2014-02-01,우록리(종점),13702,6398
2014-02-01,우방강촌마을건너,30774,1139
2014-02-01,우방강촌마을앞,11506,2071
2014-02-01,우방금탑아파트(서편),2661,6426
2014-02-01,우방드림시티건너,2156,3896
2014-02-01,우방드림시티앞,6866,1272
2014-02-01,우방만촌하이츠건너,4773,2241
2014-02-01,우방만촌하이츠앞,4421,3457
2014-02-01,우방송현하이츠,646,121
2014-02-01,우방송현하이츠건너,219,34
2014-02-01,우방신세계타운앞,11,0
2014-02-01,우방신천지타운건너,3176,466
2014-02-01,우방신천지타운앞,11982,2383
2014-02-01,우방아파트삼거리,194,277
2014-02-01,우방죽전타운건너,8762,4046
2014-02-01,우방죽전타운앞1,7490,862
2014-02-01,우방죽전타운앞2,2225,218
2014-02-01,우방청솔맨션건너,11508,2390
2014-02-01,우방청솔맨션앞,15318,18075
2014-02-01,욱수초등학교건너,5348,2477
2014-02-01,욱수초등학교앞,33301,1036
2014-02-01,운암지공원1,330,2
2014-02-01,운암지공원2,15,208
2014-02-01,운암초등학교건너,10690,788
2014-02-01,운암초등학교앞,11804,72
2014-02-01,웃갈미마을건너,204,10
2014-02-01,웃갈미마을앞,5,22
2014-02-01,웃는얼굴아트센터1,1146,10
2014-02-01,웃는얼굴아트센터2,590,81
2014-02-01,원대네거리,1130,192
2014-02-01,원대시장건너,20586,2393
2014-02-01,원대시장건너2,1630,570
2014-02-01,원대시장앞,14342,5712
2014-02-01,원대역1,12550,21882
2014-02-01,원대역2,18252,2815
2014-02-01,원대오거리북편1,2412,2489
2014-02-01,원대오거리북편2,874,350
2014-02-01,원불교앞,582,582
2014-02-01,월곡네거리,165,687
2014-02-01,월광수변공원,3049,213
2014-02-01,월드컵삼거리,799,195
2014-02-01,월드컵삼거리앞,573,738
2014-02-01,월배농협대덕지점건너,3252,473
2014-02-01,월배시장건너,13842,5028
2014-02-01,월배시장앞,16564,1759
2014-02-01,월배쌍용예가건너,1383,3
2014-02-01,월배쌍용예가앞,7,72
2014-02-01,월배역(3번출구),10098,9200
2014-02-01,월배역(4번출구),10070,3049
2014-02-01,월배이안아파트건너,109,1
2014-02-01,월배이안아파트앞,41,9
2014-02-01,월배중학교건너,1760,1459
2014-02-01,월배중학교앞,638,727
2014-02-01,월배차량기지건너,3,31
2014-02-01,월배차량기지앞,73,5
2014-02-01,월배초등학교건너,8431,3356
2014-02-01,월배힐스테이트건너,1626,33
2014-02-01,월배힐스테이트앞,5,105
2014-02-01,월성1동주민센터건너,6967,1579
2014-02-01,월성1동주민센터앞,4406,258
2014-02-01,월성2동주민센터건너,15793,1823
2014-02-01,월성2동주민센터앞,30326,2897
2014-02-01,월성e-편한세상건너,15507,2559
2014-02-01,월성e-편한세상앞,1043,2481
2014-02-01,월성영남맨션앞,655,325
2014-02-01,월성자이앞,109,428
2014-02-01,월성주공2단지앞,10252,1822
2014-02-01,월성주공3단지,1531,958
2014-02-01,월성주공4단지건너,36832,4324
2014-02-01,월성주공4단지앞1,2653,288
2014-02-01,월성주공4단지앞2,20738,3725
2014-02-01,월성주공5단지앞,7249,5598
2014-02-01,월성청구코아건너,23809,2102
2014-02-01,월성청구코아앞,17984,4173
2014-02-01,월성코오롱하늘채건너,422,65
2014-02-01,월성코오롱하늘채앞,3055,264
2014-02-01,월성푸르지오앞,17676,2734
2014-02-01,월암교1,1091,9
2014-02-01,월암교2,234,71
2014-02-01,월촌고가교1,335,448
2014-02-01,월촌고가교2,1876,183
2014-02-01,월촌역(6번출구),19579,1839
2014-02-01,월촌역(7번출구),8144,3349
2014-02-01,월촌초등학교건너,978,227
2014-02-01,월촌초등학교앞,1269,730
2014-02-01,위남마을입구,2878,327
2014-02-01,위천1리건너,327,30
2014-02-01,위천1리앞,1596,48
2014-02-01,위천삼거리(논공방향),287,27
2014-02-01,위천삼거리(현풍방향),142,128
2014-02-01,유가사(종점),603,43
2014-02-01,유곡리,4,4
2014-02-01,유곡리(회차지),55,9
2014-02-01,유니버시아드레포츠센터건너,2915,1257
2014-02-01,유니버시아드선수촌2단지건너,13428,4893
2014-02-01,유니버시아드선수촌2단지앞,3224,658
2014-02-01,유림물산,1705,274
2014-02-01,유림한의원건너,523,160
2014-02-01,유산리,164,4
2014-02-01,유신섬유네거리1,798,111
2014-02-01,유신섬유네거리2,3278,50
2014-02-01,유천교(유천치안센터건너),9791,5589
2014-02-01,유천교(유천치안센터앞),19364,11304
2014-02-01,유천교1,11286,336
2014-02-01,유천교2,429,2738
2014-02-01,유천포스코건너,2443,145
2014-02-01,유천포스코앞,3666,5820
2014-02-01,유통단지회차지,591,155
2014-02-01,유통단지회차지2,2982,12
2014-02-01,육상진흥센터건너,160,77
2014-02-01,육상진흥센터앞,150,220
2014-02-01,육신사,144,1
2014-02-01,율원초등학교건너,29,1549
2014-02-01,율원초등학교앞,3193,86
2014-02-01,율하역,703,1728
2014-02-01,율하역(4번출구),9950,2038
2014-02-01,율하역(5번출구),9500,657
2014-02-01,율하휴먼시아15단지앞,6503,4288
2014-02-01,율하휴먼시아5단지건너,138,223
2014-02-01,율하휴먼시아5단지앞,2333,633
2014-02-01,율하휴먼시아6단지건너,1111,678
2014-02-01,율하휴먼시아6단지앞,10656,539
2014-02-01,율하휴먼시아8단지앞,8499,301
2014-02-01,율하휴먼시아9단지앞,1142,377
2014-02-01,은하타운건너,759,904
2014-02-01,은하타운앞,1116,1940
2014-02-01,은행APT입구,459,467
2014-02-01,읍내동주민센터건너,5695,2080
2014-02-01,읍내동주민센터앞,305,78
2014-02-01,응암1리1,22,15
2014-02-01,응암1리2,18,0
2014-02-01,응암2리,1,1
2014-02-01,응암2리건너,33,209
2014-02-01,응암2리앞,1,87
2014-02-01,응암3리1,1,1
2014-02-01,응암3리2,16,0
2014-02-01,이곡1동주민센터건너,8799,692
2014-02-01,이곡1동주민센터앞,3336,2707
2014-02-01,이곡마을,299,12
2014-02-01,이곡양수장건너,39,54
2014-02-01,이곡양수장앞,197,643
2014-02-01,이곡장미공원건너,4134,735
2014-02-01,이곡장미공원앞,3447,808
2014-02-01,이마트경산점,7847,2899
2014-02-01,이마트반야월점건너,1113,204
2014-02-01,이마트반야월점앞,2881,585
2014-02-01,이마트시지점건너,3569,1105
2014-02-01,이마트시지점앞,455,463
2014-02-01,이마트월배점건너,323,2341
2014-02-01,이마트월배점앞,7652,864
2014-02-01,이마트칠성점앞,1448,1176
2014-02-01,이마트트레이더스건너,15176,3029
2014-02-01,이마트트레이더스앞,15984,4368
2014-02-01,이시아폴리스더샵1단지,32970,1070
2014-02-01,이시아폴리스더샵2단지,2476,969
2014-02-01,이월드(구.우방랜드)건너,1218,130
2014-02-01,이월드(구.우방랜드)앞,479,148
2014-02-01,이월드(구.우방랜드)정문,4545,6019
2014-02-01,이월드(구.우방랜드)후문건너,2652,1280
2014-02-01,이월드(구.우방랜드)후문앞,1922,387
2014-02-01,이천동,4,18
2014-02-01,이천동(종점),86,1
2014-02-01,이천리(시내방향),129,0
2014-02-01,이천리(시외방향),98,2
2014-02-01,이천새마을금고건너,9645,599
2014-02-01,이천치안센터건너,1667,2459
2014-02-01,이현고개삼거리,0,4
2014-02-01,이현삼거리1,70,127
2014-02-01,이현삼거리2,786,113
2014-02-01,이현삼거리3,2651,998
2014-02-01,이현자동차검사소건너,1819,273
2014-02-01,이현자동차검사소앞,860,134
2014-02-01,이현지구대건너,726,381
2014-02-01,이현지구대앞,421,145
2014-02-01,인동촌시장건너,2554,2059
2014-02-01,인동촌시장입구,11874,593
2014-02-01,인산마을건너,942,8
2014-02-01,인산마을앞,23,60
2014-02-01,인지초등학교입구,5,0
2014-02-01,일심제약,161,23
2014-02-01,입석중학교건너,9611,2812
2014-02-01,입석중학교앞,4181,1734
2014-02-01,잉꼬아파트건너,571,117
2014-02-01,잉꼬아파트앞,1471,1106
2014-02-01,자모공원,51,1
2014-02-01,장관빌라건너,1502,75
2014-02-01,장관빌라앞,914,121
2014-02-01,장기영남네오빌,43,28
2014-02-01,장기초등학교,1048,282
2014-02-01,장기초등학교1,2,52
2014-02-01,장기초등학교2,30,8
2014-02-01,장기초록나라건너,2752,3322
2014-02-01,장기초록나라앞,5951,381
2014-02-01,장기파랑새마을앞,47,75
2014-02-01,장동초등학교건너,2829,17
2014-02-01,장동초등학교앞,98,582
2014-02-01,장산초등학교건너,333,41
2014-02-01,장산초등학교앞,738,91
2014-02-01,장성초등학교건너,779,8245
2014-02-01,장성초등학교앞,420,2086
2014-02-01,장태실마을건너,430,88
2014-02-01,장태실마을앞,35,22
2014-02-01,적십자혈액원건너,3358,495
2014-02-01,적십자혈액원앞,2261,789
2014-02-01,전기안전공사건너,1243,1378
2014-02-01,전기안전공사앞,2746,352
2014-02-01,전기재료관1,397,440
2014-02-01,전기재료관2,86,231
2014-02-01,전자관,4052,1061
2014-02-01,전자상가,11233,1631
2014-02-01,정대2리(마내미골)종점,7112,3057
2014-02-01,정대2리(잿들마을)앞,1,0
2014-02-01,정대2리마을회관앞,3,2
2014-02-01,정대숲건너,1,5
2014-02-01,정동고등학교건너,4719,2017
2014-02-01,정동고등학교앞,10110,505
2014-02-01,정부대구지방합동청사건너,395,60
2014-02-01,정부대구지방합동청사앞,108,95
2014-02-01,정부대구지방합동청사후문1,1192,730
2014-02-01,정화우방팔레스,14224,6173
2014-02-01,정화우방팔레스건너,25626,2845
2014-02-01,제일규산,1165,23
2014-02-01,제일여자상업고등학교건너,16765,5707
2014-02-01,제일여자상업고등학교앞,17883,2715
2014-02-01,조달청건너,3201,2030
2014-02-01,조달청앞,7186,702
2014-02-01,조암네거리1,296,41
2014-02-01,조암네거리2,725,574
2014-02-01,조암초등학교건너,9,7
2014-02-01,조암초등학교앞,149,18
2014-02-01,조야동(종점),10947,616
2014-02-01,조야초등학교입구,2,0
2014-02-01,조일로봇고등학교(종점),4431,199
2014-02-01,주1리1,23,16
2014-02-01,주1리2,452,31
2014-02-01,주2리(최정사입구),0,12
2014-02-01,주2리1,133,2
2014-02-01,주리(삼진식당),4,12
2014-02-01,죽곡2지구1,6,2
2014-02-01,죽곡2지구2,6,29
2014-02-01,죽전119안전센터건너,3533,1923
2014-02-01,죽전119안전센터앞,4806,639
2014-02-01,죽전그린빌건너,3435,2474
2014-02-01,죽전그린빌앞,11488,1139
2014-02-01,죽전네거리1,31136,4949
2014-02-01,죽전네거리2,17217,6858
2014-02-01,중구보건소건너,3032,5696
2014-02-01,중구보건소앞,2030,1539
2014-02-01,중구청건너,25427,4202
2014-02-01,중구청앞,26114,14178
2014-02-01,중대1동회관앞,2184,5
2014-02-01,중동교1,3776,7335
2014-02-01,중동교2,1189,221
2014-02-01,중동네거리1,5396,998
2014-02-01,중동네거리2,2959,5526
2014-02-01,중동서울아파트건너,217,101
2014-02-01,중동서울아파트앞,13,1
2014-02-01,중동시장건너,16641,5560
2014-02-01,중동시장앞,22609,1966
2014-02-01,중동주민센터건너,494,105
2014-02-01,중동주민센터앞,419,183
2014-02-01,중동치안센터건너,1334,141
2014-02-01,중동치안센터앞,449,167
2014-02-01,중리광명맨션건너,14609,1469
2014-02-01,중리광명맨션앞,8086,1696
2014-02-01,중리네거리1,5538,1269
2014-02-01,중리네거리2,5568,1178
2014-02-01,중리롯데캐슬건너,9525,5725
2014-02-01,중리롯데캐슬서편,4100,1548
2014-02-01,중리롯데캐슬앞,15968,1667
2014-02-01,중리롯데캐슬정문앞,633,93
2014-02-01,중리마을,1995,8
2014-02-01,중리삼거리1,15,135
2014-02-01,중리삼거리2,1151,12
2014-02-01,중리시장건너1,276,154
2014-02-01,중리시장건너2,671,187
2014-02-01,중리시장앞,7055,1043
2014-02-01,중리중학교,637,73
2014-02-01,중마을(갓바위방향),55,627
2014-02-01,중마을(시내방향),232,1
2014-02-01,중부소방서건너,1827,1248
2014-02-01,중부소방서앞,7198,1572
2014-02-01,중석타운건너,77,363
2014-02-01,중석타운앞,9711,160
2014-02-01,중소기업관건너,35,688
2014-02-01,중소기업관앞,1273,118
2014-02-01,중소기업지원센터,357,70
2014-02-01,중심마을,132,40
2014-02-01,중앙일보건너,1415,852
2014-02-01,중앙일보앞,5125,87
2014-02-01,지묘동1,3306,419
2014-02-01,지묘동2,9790,125
2014-02-01,지묘초등학교건너,7352,306
2014-02-01,지묘초등학교앞,625,133
2014-02-01,지산2길입구,187,3
2014-02-01,지산2길입구건너,120,3
2014-02-01,지산동서맨션건너,6088,1377
2014-02-01,지산동서맨션앞,19571,782
2014-02-01,지산목련아파트건너,22052,1229
2014-02-01,지산목련아파트앞,10287,2344
2014-02-01,지산시영아파트1단지건너,1698,1386
2014-02-01,지산시영아파트1단지앞,6168,240
2014-02-01,지산영남맨션앞,2608,1768
2014-02-01,지산우방아파트,5075,1084
2014-02-01,지산중학교입구,491,259
2014-02-01,지산청구타운건너,2460,2212
2014-02-01,지산청구타운앞,19134,703
2014-02-01,지산타운건너,28316,674
2014-02-01,지산타운앞,2600,5535
2014-02-01,지산한라타운건너,20021,434
2014-02-01,지산한라타운앞,2637,2749
2014-02-01,지산현대주택건너,4209,2306
2014-02-01,지산현대주택앞,14349,1584
2014-02-01,지산화성파크드림,1599,367
2014-02-01,지저동행정복지센터건너,19967,2520
2014-02-01,지저동행정복지센터앞,4656,1059
2014-02-01,진달래아파트건너,7883,2774
2014-02-01,진달래아파트앞,13769,3935
2014-02-01,진월초등학교건너,1118,825
2014-02-01,진월초등학교앞,517,548
2014-02-01,진인동(양지마을)건너,4,17
2014-02-01,진인동(양지마을)앞,106,2
2014-02-01,진인동(진정마을)1,72,8
2014-02-01,진인동(진정마을)2,6,2
2014-02-01,진정마을1,1548,2
2014-02-01,진정마을2,55,17
2014-02-01,진천역(1번출구),35520,5661
2014-02-01,진천역(2번출구),21718,6864
2014-02-01,진천청구타운건너,820,422
2014-02-01,진천청구타운앞,3105,259
2014-02-01,징리보건소,59,0
2014-02-01,차량등록사업소건너,450,750
2014-02-01,차량등록사업소앞,744,149
2014-02-01,창1리1,0,1
2014-02-01,창1리2,92,39
2014-02-01,천내영남맨션,2,0
2014-02-01,천내우방1차,2,0
2014-02-01,첨단의료산업진흥재단건너,235,561
2014-02-01,첨단의료산업진흥재단앞,3,104
2014-02-01,청구고등학교건너,14992,2193
2014-02-01,청구고등학교앞,23849,4539
2014-02-01,청구그린맨션1차건너,9912,2049
2014-02-01,청구그린맨션1차앞,15763,2545
2014-02-01,청구시장건너,6493,449
2014-02-01,청구시장건너2,425,269
2014-02-01,청구시장북편,2430,287
2014-02-01,청구시장북편건너,3431,411
2014-02-01,청구시장앞,5874,1039
2014-02-01,청구중동아파트,320,673
2014-02-01,청구타운건너,1200,1331
2014-02-01,청구타운앞,1290,305
2014-02-01,청기와주유소건너,17357,3181
2014-02-01,청기와주유소앞,13331,2546
2014-02-01,청남타운건너,1132,94
2014-02-01,청남타운앞,339,612
2014-02-01,청백다례원,1304,1262
2014-02-01,청소년수련원건너,324,96
2014-02-01,청소년수련원앞,524,544
2014-02-01,청아람푸르지오2단지1,1,3
2014-02-01,청아람푸르지오2단지2,76,4
2014-02-01,청운맨션건너,1058,227
2014-02-01,청운맨션앞,936,736
2014-02-01,충혼탑건너,4231,68
2014-02-01,충혼탑앞,56,580
2014-02-01,측백수림건너,505,0
2014-02-01,측백수림앞,20,7
2014-02-01,칠곡2차영남타운건너,3112,417
2014-02-01,칠곡2차영남타운앞,4090,577
2014-02-01,칠곡3차보성타운1,1026,178
2014-02-01,칠곡3차보성타운2,7141,410
2014-02-01,칠곡3차화성타운1,5298,68
2014-02-01,칠곡3차화성타운2,9856,227
2014-02-01,칠곡3차화성타운3,41,280
2014-02-01,칠곡경대병원역,17,344
2014-02-01,칠곡경북대병원,979,210
2014-02-01,칠곡경북대병원정문건너,291,290
2014-02-01,칠곡경북대병원정문앞,4462,18
2014-02-01,칠곡경북대병원후문건너,4517,295
2014-02-01,칠곡경북대병원후문앞,223,0
2014-02-01,칠곡그린빌2차건너,9337,393
2014-02-01,칠곡그린빌2차앞,18038,1156
2014-02-01,칠곡그린빌3차건너,16384,403
2014-02-01,칠곡그린빌3차앞,341,1063
2014-02-01,칠곡그린빌5단지건너,2501,214
2014-02-01,칠곡그린빌5단지앞,2528,1210
2014-02-01,칠곡그린빌6단지건너,881,144
2014-02-01,칠곡그린빌6단지앞,204,48
2014-02-01,칠곡그린파크1,10535,2432
2014-02-01,칠곡그린파크2,24454,1043
2014-02-01,칠곡네스빌,123,144
2014-02-01,칠곡대백맨션건너,5256,47
2014-02-01,칠곡대백맨션앞,213,566
2014-02-01,칠곡동화아파트건너,3666,1882
2014-02-01,칠곡동화아파트앞,17272,1846
2014-02-01,칠곡롯데아파트건너,16,228
2014-02-01,칠곡롯데아파트앞,5260,27
2014-02-01,칠곡부영1단지,3562,294
2014-02-01,칠곡서한맨션,1033,3
2014-02-01,칠곡서한맨션앞,100,339
2014-02-01,칠곡시장건너,12045,839
2014-02-01,칠곡시장앞,1642,1995
2014-02-01,칠곡에덴타운건너,28794,8623
2014-02-01,칠곡에덴타운앞,23687,3873
2014-02-01,칠곡우방타운건너(종점),2879,1
2014-02-01,칠곡우방타운건너(종점),111,4
2014-02-01,칠곡우방타운앞(종점),2049,88
2014-02-01,칠곡주공그린빌1단지건너,2583,504
2014-02-01,칠곡주공그린빌1단지앞,9298,345
2014-02-01,칠곡중학교건너(칠곡향교건너),1369,611
2014-02-01,칠곡중학교앞(칠곡향교앞),18749,838
2014-02-01,칠곡청구타운건너,299,630
2014-02-01,칠곡청구타운앞,3500,185
2014-02-01,칠곡초등학교건너,133,459
2014-02-01,칠곡초등학교앞,1717,161
2014-02-01,칠곡한라타운건너,4087,39
2014-02-01,칠곡한라타운앞,33,496
2014-02-01,칠곡한서타운건너,10225,1249
2014-02-01,칠곡한신아파트건너,2146,266
2014-02-01,칠곡한신아파트앞1,7924,912
2014-02-01,칠곡한신아파트앞2,975,158
2014-02-01,칠곡화성타운건너,8270,142
2014-02-01,칠곡화성타운앞1,7614,2364
2014-02-01,칠곡화성타운앞2,2564,725
2014-02-01,칠성고가도로하단,538,44
2014-02-01,칠성꽃도매시장건너,723,968
2014-02-01,칠성꽃도매시장앞,1647,1756
2014-02-01,칠성시장(농협건너),77,165
2014-02-01,칠성시장(농협앞),874,221
2014-02-01,칠성시장(양친회신협),0,30
2014-02-01,칠성시장(전자상가건너),4907,366
2014-02-01,칠성시장(전자상가앞),1447,834
2014-02-01,칠성시장건너,36922,17715
2014-02-01,칠성시장앞1,1862,4647
2014-02-01,칠성시장역(서문프라자건너),3060,4729
2014-02-01,칠성시장역(서문프라자앞),22665,2048
2014-02-01,칠성우방타운,609,198
2014-02-01,침산3동주민센터,11710,1178
2014-02-01,침산남영타운건너,2778,1908
2014-02-01,침산남영타운앞,6702,392
2014-02-01,침산네거리1,10564,1009
2014-02-01,침산네거리2,16109,3157
2014-02-01,침산동화타운건너,5567,139
2014-02-01,침산동화타운앞,439,969
2014-02-01,침산변전소건너,10766,3025
2014-02-01,침산변전소앞,9163,1793
2014-02-01,침산쌍용예가아파트앞,178,337
2014-02-01,침산중학교건너,2445,196
2014-02-01,침산중학교앞,4979,365
2014-02-01,침산초등학교건너,4158,1089
2014-02-01,침산초등학교앞,947,844
2014-02-01,침산초등학교후문,439,29
2014-02-01,침산코오롱하늘채건너,7714,1486
2014-02-01,침산코오롱하늘채앞,21136,3696
2014-02-01,캐슬골드파크(1102동),19477,1713
2014-02-01,캐슬골드파크(1504동),15236,2920
2014-02-01,케이에스건너,8,16
2014-02-01,케이에스앞,613,28
2014-02-01,코스트코홀세일건너/복현화성타운앞,4333,3884
2014-02-01,코스트코홀세일앞/복현화성타운건너,42759,2551
2014-02-01,코오롱아파트,20319,1317
2014-02-01,퀸벨호텔건너,17345,2903
2014-02-01,퀸벨호텔앞,8352,6479
2014-02-01,퀸스로드건너,1868,2617
2014-02-01,퀸스로드건너(동편),11727,2036
2014-02-01,퀸스로드앞,3661,968
2014-02-01,퀸스로드앞(동편),14707,3243
2014-02-01,크리스탈호텔앞,1316,369
2014-02-01,큰고개1,3599,10906
2014-02-01,큰고개2,8391,4026
2014-02-01,큰고개오거리1,16317,1105
2014-02-01,큰고개오거리2,4324,9087
2014-02-01,큰장네거리1,65254,11090
2014-02-01,큰장네거리2,37084,19202
2014-02-01,큰장네거리3,17707,6327
2014-02-01,큰장네거리4,31727,12747
2014-02-01,태성맨션건너,9,97
2014-02-01,태성맨션앞,2638,1601
2014-02-01,태왕그린힐즈건너,172,436
2014-02-01,태왕그린힐즈앞1,77,516
2014-02-01,태왕그린힐즈앞2,2823,26
2014-02-01,태왕메트로시티건너,5732,2169
2014-02-01,태왕메트로시티앞,3418,1634
2014-02-01,태왕아너스베스트앞,5272,286
2014-02-01,태왕아너스복현건너,2822,1126
2014-02-01,태왕아너스복현앞,7355,1325
2014-02-01,태전두성타운건너,5210,990
2014-02-01,태전두성타운앞,2301,438
2014-02-01,태전삼거리1,15404,9168
2014-02-01,태전삼거리2,34626,6429
2014-02-01,태전역1,13600,7847
2014-02-01,태전우방타운1차,429,29
2014-02-01,태전육교1,631,80
2014-02-01,태전육교2,161,32
2014-02-01,태전중석타운,930,44
2014-02-01,태전중석타운건너,1190,298
2014-02-01,태전중앙시장건너,2440,1466
2014-02-01,태전중앙시장앞,9297,3331
2014-02-01,태전휴먼시아,1182,62
2014-02-01,태평상가건너,5786,5640
2014-02-01,태평상가앞1,5031,6002
2014-02-01,태평상가앞2,216,170
2014-02-01,태현초등학교앞,5367,158
2014-02-01,터실마을,9,0
2014-02-01,텍스빌,8718,1142
2014-02-01,토지주택공사건너,2863,1424
2014-02-01,토지주택공사앞,8933,979
2014-02-01,퇴계마을건너,2,1
2014-02-01,파계교,344,299
2014-02-01,파계사(종점),6655,340
2014-02-01,파군재삼거리1,956,2615
2014-02-01,파군재삼거리2,851,874
2014-02-01,파동1차시장건너,1533,1094
2014-02-01,파동1차시장앞,10131,477
2014-02-01,파동우체국앞,733,541
2014-02-01,파동청구하이츠,7112,345
2014-02-01,파크맨션건너,9952,2622
2014-02-01,파크맨션앞,7255,2353
2014-02-01,파티마병원건너1,20937,10845
2014-02-01,파티마병원건너2,2896,2047
2014-02-01,팔거역3,295,99
2014-02-01,팔거역4,916,113
2014-02-01,팔공3차보성타운건너,741,0
2014-02-01,팔공3차보성타운앞,74,192
2014-02-01,팔공3차보성타운후문,4605,125
2014-02-01,팔공보성아파트건너,1111,388
2014-02-01,팔공보성아파트앞,8924,472
2014-02-01,팔공산IC입구,216,3607
2014-02-01,팔공산맥건너,4104,745
2014-02-01,팔공산맥앞,739,260
2014-02-01,팔공학생야영장앞,339,1
2014-02-01,팔공한마음주유소,2,14
2014-02-01,팔공한마음주유소건너,59,0
2014-02-01,팔달시장건너,39844,5708
2014-02-01,팔달시장앞,42670,15242
2014-02-01,팔달시장역,42874,14825
2014-02-01,팔달신시장,25005,6047
2014-02-01,팔달신시장2,5976,980
2014-02-01,팔달역2,408,1298
2014-02-01,팔달중학교건너,8484,145
2014-02-01,팔달중학교앞,5297,240
2014-02-01,팔달초등학교,227,365
2014-02-01,팔레스호텔건너,21877,5640
2014-02-01,팔레스호텔앞1,5004,1656
2014-02-01,팔레스호텔앞2,649,628
2014-02-01,팔현마을,62,2
2014-02-01,평광3차아파트,5344,70
2014-02-01,평광3차아파트건너,3361,314
2014-02-01,평광새마을금고,165,0
2014-02-01,평광종점,613,15
2014-02-01,평리1동주민센터건너,53,78
2014-02-01,평리1동주민센터앞,3495,244
2014-02-01,평리2동주민센터건너,12634,1315
2014-02-01,평리2동주민센터앞,5056,2063
2014-02-01,평리3동주민센터건너,2074,164
2014-02-01,평리6동주민센터앞,1457,546
2014-02-01,평리광명네거리,507,1796
2014-02-01,평리광명맨션건너,2435,758
2014-02-01,평리광명맨션앞,841,286
2014-02-01,평리네거리1,14481,15383
2014-02-01,평리네거리2,16588,4701
2014-02-01,평리명성아파트건너,5208,1047
2014-02-01,평리명성아파트앞,3185,848
2014-02-01,평리중학교건너,1261,539
2014-02-01,평리중학교앞,1981,163
2014-02-01,평리청구타운건너,34174,10221
2014-02-01,평리청구타운앞,33815,8515
2014-02-01,평안,576,48
2014-02-01,평촌2리,19,2
2014-02-01,평촌리,70,1
2014-02-01,평현치안센터건너,5758,812
2014-02-01,평화시장(닭똥집골목)건너,24798,4864
2014-02-01,평화시장(닭똥집골목)앞,56594,10239
2014-02-01,평화씨엠비건너,1229,81
2014-02-01,평화씨엠비앞,212,145
2014-02-01,평화정공건너,664,250
2014-02-01,평화정공앞,718,55
2014-02-01,평화타운건너,21407,1853
2014-02-01,푸드웰건너,3757,55
2014-02-01,푸드웰앞,156,168
2014-02-01,푸르밀대구공장,40,0
2014-02-01,푸르밀대구공장건너,1,1
2014-02-01,풋살경기장(50사단),580,41
2014-02-01,풍국주정공업,1201,35
2014-02-01,하나원전문장례식장,0,1
2014-02-01,하리(약산온천)건너,416,37
2014-02-01,하목정(종점),4,5
2014-02-01,하빈농협건너,199,0
2014-02-01,하빈농협동곡지점1,48,14
2014-02-01,하빈농협동곡지점2,898,3
2014-02-01,하빈농협앞,24,11
2014-02-01,하빈농협입구,24,8
2014-02-01,하빈면사무소건너,183,2
2014-02-01,하빈면사무소앞,26,7
2014-02-01,하빈우체국건너,406,10
2014-02-01,하빈우체국앞,11,1
2014-02-01,하빈주유소앞,5,2
2014-02-01,하빈초등학교앞,291,10
2014-02-01,하산1리,578,0
2014-02-01,하산2리,148,0
2014-02-01,하산스무지(종점),170,6
2014-02-01,학남고등학교건너,1368,344
2014-02-01,학남고등학교앞,3771,318
2014-02-01,학남초등학교건너,84,669
2014-02-01,학남초등학교앞,2605,161
2014-02-01,학산아파트건너,57,35
2014-02-01,학산아파트앞,0,16
2014-02-01,학정청아람1,655,532
2014-02-01,학정청아람2,2828,16
2014-02-01,학정청아람건너,4957,329
2014-02-01,학정청아람앞,2383,388
2014-02-01,한가람타운건너,24054,7318
2014-02-01,한가람타운앞,19517,3154
2014-02-01,한걸고정마을,133,2
2014-02-01,한국감정원앞,594,18
2014-02-01,한국건강관리협회앞,6332,455
2014-02-01,한국국토정보공사건너,3146,6382
2014-02-01,한국국토정보공사앞,1905,709
2014-02-01,한국농어촌공사건너,23809,4958
2014-02-01,한국농어촌공사앞,20171,1185
2014-02-01,한국델파이건너,52,189
2014-02-01,한국델파이앞,1118,181
2014-02-01,한국도로공사건너,144,466
2014-02-01,한국도로공사앞,6915,24
2014-02-01,한국방송통신대학교건너,1949,726
2014-02-01,한국방송통신대학교앞,901,401
2014-02-01,한국산업단지공단앞,92,164
2014-02-01,한국산업은행성서지점건너,207,1113
2014-02-01,한국산업은행성서지점앞,4729,16
2014-02-01,한국산업인력공단건너,3635,62
2014-02-01,한국산업인력공단앞,158,133
2014-02-01,한국생산기술연구원건너,34,5
2014-02-01,한국생산기술연구원앞,31,26
2014-02-01,한국클래드텍건너,432,1
2014-02-01,한국클래드텍앞,1,131
2014-02-01,한국타이어,259,1140
2014-02-01,한국타이어건너,209,46
2014-02-01,한국패션센터,1856,85
2014-02-01,한국폴리텍VI대구대학건너,15342,3650
2014-02-01,한국폴리텍VI대구대학앞,7729,7504
2014-02-01,한국폴리텍대학(섬유패션캠퍼스),133,1378
2014-02-01,한국환경자원공사,1,20
2014-02-01,한국환경자원공사건너,108,4
2014-02-01,한도아파트앞,10620,407
2014-02-01,한라하우젠트,968,12
2014-02-01,한마음주유소건너,2592,360
2014-02-01,한마음주유소앞,1645,298
2014-02-01,한샘교회,4106,1724
2014-02-01,한샘교회건너,1013,641
2014-02-01,한서기전건너,373,32
2014-02-01,한서기전앞,149,18
2014-02-01,한양공작맨션건너,5,117
2014-02-01,한양공작맨션앞,995,9
2014-02-01,한양산호아파트건너,5520,152
2014-02-01,한양산호아파트앞,816,32
2014-02-01,한양수정아파트,24,54
2014-02-01,한양코스모스아파트건너,75,82
2014-02-01,한양코스모스아파트앞,1115,237
2014-02-01,한전동대구지사,22267,3526
2014-02-01,한전동대구지사건너,13624,3732
2014-02-01,한전서대구지사건너,18621,9198
2014-02-01,한전서대구지사앞,14635,3285
2014-02-01,한정3리,12,0
2014-02-01,한정리(한정초교),60,1
2014-02-01,한정리(한정초교건너),4,4
2014-02-01,한화꿈에그린건너1,541,600
2014-02-01,한화꿈에그린앞,13039,2619
2014-02-01,함지초등학교건너,942,490
2014-02-01,함지초등학교앞,8757,226
2014-02-01,해랑교(시외방향),66,40
2014-02-01,해랑교1,2,4
2014-02-01,해랑교2,478,5
2014-02-01,해랑교건너,29,8
2014-02-01,해안동행정복지센터,267,141
2014-02-01,해안역(1번출구),7696,1802
2014-02-01,해안역(3번출구),6492,2668
2014-02-01,해안초등학교뒤,1,1
2014-02-01,행정1리앞,1,0
2014-02-01,행정2리건너,2,4
2014-02-01,행정리,605,23
2014-02-01,행정리(한천서원),2,0
2014-02-01,헬로TV대구방송건너,6858,3200
2014-02-01,헬로TV대구방송앞,6798,2753
2014-02-01,현내1리,171,0
2014-02-01,현내2리중방마을건너,140,0
2014-02-01,현내2리중방마을앞,1,1
2014-02-01,현대금속,1527,46
2014-02-01,현대메카닉스건너,155,0
2014-02-01,현대메카닉스앞,0,8
2014-02-01,현대백조아파트(북편),4368,195
2014-02-01,현대백조아파트건너,2559,259
2014-02-01,현대백조아파트앞,2433,659
2014-02-01,현대백화점.동아쇼핑건너,25789,7197
2014-02-01,현대백화점.동아쇼핑앞,37538,2125
2014-02-01,현대시장건너,11897,984
2014-02-01,현대시장앞,2242,1890
2014-02-01,현대시장앞2,816,188
2014-02-01,현대해상건너,28948,14827
2014-02-01,현대해상앞,24377,5659
2014-02-01,현충로역(3번출구),29199,8227
2014-02-01,현충로역(4번출구),22250,9135
2014-02-01,현충삼거리1,466,348
2014-02-01,현충삼거리2,2596,174
2014-02-01,현풍고속도로밑,161,53
2014-02-01,현풍농협,3055,380
2014-02-01,현풍면사무소앞,148,0
2014-02-01,현풍삼거리,14,35
2014-02-01,현풍새마을금고,6985,584
2014-02-01,현풍시외버스터미널,1742,332
2014-02-01,현풍운전시험장,607,6
2014-02-01,현풍주공아파트,59,26
2014-02-01,현풍주공아파트2,6,105
2014-02-01,현풍주공아파트앞,429,236
2014-02-01,현풍중고등학교,19,161
2014-02-01,현풍중고등학교건너,684,125
2014-02-01,현풍터미널건너,1397,50
2014-02-01,현풍터미널앞,663,498
2014-02-01,현풍할매곰탕,1669,486
2014-02-01,현풍할매곰탕건너,636,121
2014-02-01,호산초등학교건너,15,42
2014-02-01,호산초등학교앞,118,594
2014-02-01,홈플러스내당점건너,9554,723
2014-02-01,홈플러스내당점앞,4558,4469
2014-02-01,홈플러스대구점건너,859,1885
2014-02-01,홈플러스대구점앞,20252,10193
2014-02-01,홈플러스동촌점건너,5633,2997
2014-02-01,홈플러스동촌점앞,12125,1118
2014-02-01,홈플러스칠곡점건너,9836,536
2014-02-01,홈플러스칠곡점앞,2483,851
2014-02-01,홍천사건너,1053,21
2014-02-01,홍천사입구,60,158
2014-02-01,화남초등학교건너,7,374
2014-02-01,화남초등학교앞,5495,370
2014-02-01,화동초등학교건너,860,115
2014-02-01,화동초등학교앞,692,76
2014-02-01,화랑교1,1102,5114
2014-02-01,화랑교2,10602,630
2014-02-01,화성그랜드건너,305,149
2014-02-01,화성그랜드앞,128,57
2014-02-01,화성리버파크건너,4823,350
2014-02-01,화성리버파크앞,1028,480
2014-02-01,화성센트럴파크,4158,199
2014-02-01,화성쌍용타운건너,590,26
2014-02-01,화성쌍용타운앞1,1180,273
2014-02-01,화성쌍용타운앞2,3,41
2014-02-01,화성전문요양원건너,212,77
2014-02-01,화성전문요양원앞,1277,510
2014-02-01,화성파크뷰건너,6143,192
2014-02-01,화성파크뷰앞,652,1900
2014-02-01,화영테크건너,43,17
2014-02-01,화영테크앞,500,31
2014-02-01,화원고등학교(종점),825,28
2014-02-01,화원고등학교(종점)2,25,22
2014-02-01,화원고등학교건너,4938,713
2014-02-01,화원고등학교앞,1750,826
2014-02-01,화원농협주유소건너,1334,528
2014-02-01,화원농협주유소앞,6562,2942
2014-02-01,화원삼주타운건너,6441,314
2014-02-01,화원삼주타운앞,253,176
2014-02-01,화원시장건너,2954,359
2014-02-01,화원시장앞,87,407
2014-02-01,화원유원지(사문진주막촌),388,35
2014-02-01,화원유원지건너,114,27
2014-02-01,화원유원지입구,2,1
2014-02-01,화원초등학교건너,20236,3443
2014-02-01,화원초등학교앞,33166,9733
2014-02-01,화전동1,9,72
2014-02-01,화전동2,462,7
2014-02-01,황금2동치안센터건너,1221,465
2014-02-01,황금2동치안센터앞,3630,264
2014-02-01,황금네거리1,27534,2208
2014-02-01,황금네거리2,8564,3219
2014-02-01,황금시장건너,203,87
2014-02-01,황금시장앞,1596,50
2014-02-01,황금우방1차건너,17144,2391
2014-02-01,황금우방1차앞,4140,2130
2014-02-01,황금초등학교건너,1554,1186
2014-02-01,황금초등학교앞,4372,233
2014-02-01,황제맨션건너,5100,4920
2014-02-01,황제맨션앞,4324,1139
2014-02-01,효동초등학교건너,3399,980
2014-02-01,효동초등학교앞,7853,834
2014-02-01,효목네거리1,7949,834
2014-02-01,효목네거리2,2377,1743
2014-02-01,효목네거리3,9406,3688
2014-02-01,효성타운앞,14139,867
2014-02-01,흥사단 대구지부건너,1516,292
2014-02-01,흥사단 대구지부앞,1069,2176
2014-02-01,흥성정공건너,270,22
2014-02-01,흥성정공앞,132,34
2014-02-01,희망교1,979,71
2014-02-01,희성전자건너,16,18
2014-02-01,희성전자앞,510,59
2014-02-01,힐크레스트남문건너,376,133
2014-02-01,힐크레스트남문앞,104,766
2014-02-01,힐크레스트입구,359,548
2014-03-01,(주)성안건너,23,170
2014-03-01,(주)영화건너,0,111
2014-03-01,(주)영화앞,559,0
2014-03-01,1차서한화성타운건너,480,101
2014-03-01,1차서한화성타운앞,649,71
2014-03-01,2.28기념중앙공원건너1,70949,15581
2014-03-01,2.28기념중앙공원건너2,22433,12869
2014-03-01,2.28기념중앙공원앞,144601,19945
2014-03-01,2차대자연맨션건너,2419,816
2014-03-01,2차대자연맨션앞,8944,904
2014-03-01,2차서한화성타운건너,38748,2433
2014-03-01,2차서한화성타운앞,19794,3221
2014-03-01,2호선반월당역1,30636,6175
2014-03-01,2호선반월당역2,16447,6958
2014-03-01,3공단새마을금고앞,5253,1733
2014-03-01,CGV대구한일건너,120948,20022
2014-03-01,CGV대구한일앞,32366,5364
2014-03-01,IHL건너,114,1
2014-03-01,IHL앞,40,3
2014-03-01,K-2입구,2413,820
2014-03-01,K2관사입구(종점),2111,50
2014-03-01,KT남대구지사건너1,11348,3506
2014-03-01,KT남대구지사건너2,1781,736
2014-03-01,KT남대구지사앞1,24454,8370
2014-03-01,KT남대구지사앞2,1560,2094
2014-03-01,KT동대구지사건너,26741,15216
2014-03-01,KT동대구지사앞,18883,2380
2014-03-01,KT북대구지사건너,4535,516
2014-03-01,KT북대구지사앞,7693,744
2014-03-01,KT상동지사건너,3835,265
2014-03-01,KT상동지사앞,982,574
2014-03-01,KT서대구지사건너,24394,2932
2014-03-01,KT서대구지사앞,19526,7586
2014-03-01,LG물류센터건너,4083,2148
2014-03-01,LG물류센터앞,9050,4620
2014-03-01,LH5단지아파트앞,1002,99
2014-03-01,MBC네거리,9914,2771
2014-03-01,SK리더스뷰건너,15406,2698
2014-03-01,SK리더스뷰앞,6122,2295
2014-03-01,STX메탈건너,1305,4456
2014-03-01,STX메탈앞,59,656
2014-03-01,TBC건너,15389,583
2014-03-01,TBC앞,2988,2215
2014-03-01,TCN대구방송건너,2295,310
2014-03-01,TCN대구방송앞,3295,436
2014-03-01,㈜윔스건너,190,218
2014-03-01,㈜윔스앞,278,10
2014-03-01,가야농원,508,6
2014-03-01,가창농협건너,2558,3171
2014-03-01,가창농협앞,11443,369
2014-03-01,가창댐,9,3
2014-03-01,가창면사무소건너,5809,2302
2014-03-01,가창면사무소앞,11562,803
2014-03-01,가창중학교건너,711,18
2014-03-01,가창중학교앞,148,151
2014-03-01,가창초등학교건너,5617,424
2014-03-01,가창초등학교앞,932,47
2014-03-01,가천동앞,100,4
2014-03-01,가천리,65,15
2014-03-01,가태리마을회관건너,305,2
2014-03-01,가태리마을회관앞,8,30
2014-03-01,각산역(1번출구),8859,2061
2014-03-01,각산역(2번출구),1706,1271
2014-03-01,갈실마을회관종점,526,30
2014-03-01,감문1리1,2,5
2014-03-01,감문1리2,442,3
2014-03-01,감문1리3,2,15
2014-03-01,감문1리4,27,0
2014-03-01,감삼네거리1,19776,6498
2014-03-01,감삼네거리2,63374,27548
2014-03-01,감삼초등학교건너,12781,2095
2014-03-01,감삼초등학교앞,10391,1179
2014-03-01,갓골건너,491,0
2014-03-01,갓골앞,4,17
2014-03-01,갓바위,23486,37
2014-03-01,강남약국건너,62544,14208
2014-03-01,강남약국앞1,32031,9424
2014-03-01,강남약국앞2,11207,1500
2014-03-01,강동중·고등학교,18,206
2014-03-01,강동중·고등학교건너,8674,30
2014-03-01,강변동서마을건너,6829,320
2014-03-01,강변동서마을앞,4042,1631
2014-03-01,강북경찰서건너,1668,931
2014-03-01,강북경찰서앞,2101,385
2014-03-01,강북중학교건너,134,1461
2014-03-01,강북중학교앞,11306,37
2014-03-01,강산아파트건너,5214,9530
2014-03-01,강산아파트앞,6132,1796
2014-03-01,강정(종점),5,0
2014-03-01,강정보(디아크문화관)건너,121,11
2014-03-01,강정보(디아크문화관)입구,151,2
2014-03-01,강창교1,4488,216
2014-03-01,강창교2,163,802
2014-03-01,강창역(1번출구),5913,782
2014-03-01,강창역(2번출구),25997,1203
2014-03-01,강창하이츠,9177,679
2014-03-01,거동교1,866,381
2014-03-01,거동교2,783,582
2014-03-01,건들바위건너,1290,777
2014-03-01,건들바위앞,713,1755
2014-03-01,건영아파트건너,15553,8988
2014-03-01,건영캐스빌건너,13655,1658
2014-03-01,건영캐스빌앞,883,915
2014-03-01,검단119안전센터(엑스코),78,76
2014-03-01,검단동대구축협앞,6239,52
2014-03-01,검단동주민센터1,21,0
2014-03-01,검단동주민센터2,2,148
2014-03-01,검단동주민센터건너,12389,116
2014-03-01,검단동주민센터앞,43,660
2014-03-01,검단상가아파트건너,231,25
2014-03-01,검단상가아파트앞,477,59
2014-03-01,검단유성아파트(서편),10764,1907
2014-03-01,검단유성아파트건너,6872,1195
2014-03-01,검단유성아파트앞,19632,5009
2014-03-01,경기장네거리1,3906,1491
2014-03-01,경기장네거리2,3724,518
2014-03-01,경대교2,4766,866
2014-03-01,경대교건너,905,180
2014-03-01,경대교앞,224,1106
2014-03-01,경대사대부설고등학교앞,27173,11020
2014-03-01,경대아파트건너,37071,2696
2014-03-01,경대아파트앞,11709,2373
2014-03-01,경덕여고,926,339
2014-03-01,경동산업앞,74,0
2014-03-01,경명여고건너,4230,620
2014-03-01,경명여고앞,2264,1612
2014-03-01,경북고교종점,2231,1665
2014-03-01,경북고등학교건너,15257,3754
2014-03-01,경북고등학교앞,23617,1569
2014-03-01,경북고등학교종점건너,142,41
2014-03-01,경북공고건너,6775,5370
2014-03-01,경북공고앞,11032,5148
2014-03-01,경북공무원교육원1,782,488
2014-03-01,경북공무원교육원2,24,21
2014-03-01,경북교통,6870,2339
2014-03-01,경북교통앞,2466,2308
2014-03-01,경북기계공고건너,13291,3958
2014-03-01,경북기계공고앞,12305,5534
2014-03-01,경북농업기술원건너,35,296
2014-03-01,경북농업기술원앞,209,19
2014-03-01,경북대체육센터건너,10740,939
2014-03-01,경북대체육센터앞,5843,5465
2014-03-01,경북대학교병원건너,24567,11851
2014-03-01,경북대학교병원앞,44436,9644
2014-03-01,경북대학교북문건너,106776,2427
2014-03-01,경북대학교북문앞,46682,8394
2014-03-01,경북대학교서문건너,12577,1344
2014-03-01,경북대학교서문앞,4231,1081
2014-03-01,경북대학교정문건너,15533,3565
2014-03-01,경북대학교정문앞,39198,6508
2014-03-01,경북대학교치과병원,25022,11696
2014-03-01,경북아파트건너(고산동),21196,4171
2014-03-01,경북아파트건너(신천동),8547,14347
2014-03-01,경북아파트앞(고산동),14742,5021
2014-03-01,경북아파트앞(신천동),6410,4024
2014-03-01,경북여상건너,15665,10083
2014-03-01,경북여상앞,14744,3147
2014-03-01,경북크랑크,2003,17
2014-03-01,경상감영공원건너,120154,19400
2014-03-01,경상감영공원앞,90264,76433
2014-03-01,경상북도농업인회관,518,23
2014-03-01,경상여자고등학교건너,4617,455
2014-03-01,경상여자고등학교앞,10537,6025
2014-03-01,경서중학교건너,486,632
2014-03-01,경서중학교앞,2628,141
2014-03-01,경신고등학교건너,56064,7474
2014-03-01,경신고등학교앞,40818,11879
2014-03-01,경운초등학교건너,2171,1031
2014-03-01,경운초등학교앞,5371,6678
2014-03-01,경원고등학교건너,801,51
2014-03-01,경원고등학교앞,1752,358
2014-03-01,경일여자중학교건너,18243,1808
2014-03-01,경일여자중학교앞,4785,1389
2014-03-01,경주최씨종가(종점),626,11
2014-03-01,경주최씨종가1,8,1
2014-03-01,경주최씨종가2,3,1
2014-03-01,경진테크빌앞,718,1321
2014-03-01,경창산업,1379,134
2014-03-01,경희강재건너,888,752
2014-03-01,경희강재앞,3932,116
2014-03-01,계명대대명캠퍼스후문건너,2417,610
2014-03-01,계명대역(1번출구),2645,1749
2014-03-01,계명대역(2번출구),9451,5047
2014-03-01,계명대학교대명캠퍼스건너,22395,5960
2014-03-01,계명대학교대명캠퍼스앞,25218,6558
2014-03-01,계명대학교대명캠퍼스후문앞,2248,589
2014-03-01,계명대학교동문건너1,8027,1062
2014-03-01,계명대학교동문건너2,39503,9245
2014-03-01,계명대학교동문앞,29575,7288
2014-03-01,계명대학교정문건너,40238,1572
2014-03-01,계명대학교정문앞,6316,2934
2014-03-01,계명문화대학건너,11204,979
2014-03-01,계명문화대학앞,21782,13762
2014-03-01,고모동입구,3223,2436
2014-03-01,고모역건너,358,77
2014-03-01,고모역앞,100,9
2014-03-01,고봉리,30,2
2014-03-01,고산2동주민센터건너,13238,3399
2014-03-01,고산2동주민센터앞,23331,924
2014-03-01,고산골입구,7835,848
2014-03-01,고산농협창고건너,902,207
2014-03-01,고산농협창고앞,382,3492
2014-03-01,고산도서관,22079,11260
2014-03-01,고산정수사업소건너,2823,868
2014-03-01,고성아파트(서편),12602,3245
2014-03-01,고성아파트건너,2751,155
2014-03-01,고성아파트건너(서편),5558,5310
2014-03-01,고성아파트앞,1790,578
2014-03-01,고성지구대1,2141,593
2014-03-01,고성지구대2,3919,9158
2014-03-01,골안골,19,78
2014-03-01,골안골지하보도앞,4,167
2014-03-01,공고네거리1,35314,11997
2014-03-01,공고네거리2,13977,3742
2014-03-01,공군기지관사입구,4,26
2014-03-01,공단역1,513,12867
2014-03-01,공단역2,20038,7829
2014-03-01,공단하수처리장건너,50,377
2014-03-01,공단하수처리장앞,196,29
2014-03-01,공산댐건너,1565,77
2014-03-01,공산댐앞,88,122
2014-03-01,공산동행정복지센터건너,1517,393
2014-03-01,공산동행정복지센터앞,5459,372
2014-03-01,공산초등학교건너,343,76
2014-03-01,공산초등학교앞,2927,136
2014-03-01,공산파출소,616,602
2014-03-01,공항시장건너,13360,1085
2014-03-01,공항시장앞,6513,1931
2014-03-01,곽병원건너,47520,28359
2014-03-01,곽병원앞1,28319,8304
2014-03-01,곽병원앞2,11600,3896
2014-03-01,관리공단,535,121
2014-03-01,관음공영주차장앞,1467,14
2014-03-01,관음농협앞,240,63
2014-03-01,관음동주민센터건너,513,55
2014-03-01,관음동주민센터앞,1844,60
2014-03-01,관음변전소1,6105,196
2014-03-01,관음변전소2,44,323
2014-03-01,관음변전소3,167,1
2014-03-01,관음변전소4,985,65
2014-03-01,관음어린이집,376,69
2014-03-01,관음중학교(북편),1271,37
2014-03-01,광명은하아파트건너,6650,6121
2014-03-01,광명은하아파트앞,20037,1255
2014-03-01,광명프레지던트아파트건너,12521,6166
2014-03-01,광장타운건너,18624,5361
2014-03-01,광장타운앞,16440,4146
2014-03-01,교대부설초등학교건너,5512,209
2014-03-01,교대부설초등학교앞,441,1475
2014-03-01,교동시장앞,4257,1621
2014-03-01,교동초등학교건너,521,97
2014-03-01,교동초등학교앞,16,270
2014-03-01,교통연수원,19944,873
2014-03-01,교통연수원건너,12742,3270
2014-03-01,교항2리마을입구,0,162
2014-03-01,교항2리회관,5316,23
2014-03-01,교항리건너,2970,92
2014-03-01,교항리마을입구건너,122,1
2014-03-01,교항리앞,476,433
2014-03-01,구)달성군청건너,12578,4189
2014-03-01,구)달성군청앞,28110,21231
2014-03-01,구)대영학원건너,19200,3525
2014-03-01,구)대영학원앞,18844,13267
2014-03-01,구)화원IC,0,2
2014-03-01,구)효목2동행정복지센터건너,18522,1390
2014-03-01,구)효목2동행정복지센터앞,7310,1957
2014-03-01,구.남부정류장건너1,16906,13805
2014-03-01,구.남부정류장건너2,11318,4980
2014-03-01,구.남부정류장앞1,31720,5912
2014-03-01,구.남부정류장앞2,4539,2368
2014-03-01,구.동부정류장(남편),8194,1998
2014-03-01,구.동부정류장(메트로팔레스),14009,5133
2014-03-01,구.동부정류장건너,19676,2054
2014-03-01,구.동부정류장앞,10771,4198
2014-03-01,구둔산,682,3
2014-03-01,구병원건너,721,5341
2014-03-01,구병원앞,35751,6576
2014-03-01,구삼폭포건너,6,15
2014-03-01,구암가구골목1,3598,327
2014-03-01,구암가구골목2,1568,281
2014-03-01,구암교1,8176,3274
2014-03-01,구암교2,1488,1079
2014-03-01,구암동1,1767,84
2014-03-01,구암동2,235,469
2014-03-01,구암역(운전면허시험장)1,8416,393
2014-03-01,구암역(운전면허시험장)2,3497,545
2014-03-01,구암초등학교건너,2632,336
2014-03-01,구암초등학교앞,6912,181
2014-03-01,구지농공단지1,0,1
2014-03-01,구지농공단지2,343,5
2014-03-01,구지면사무소건너,748,528
2014-03-01,구지면사무소앞,2644,273
2014-03-01,구지청아람건너,8392,279
2014-03-01,구지청아람앞,815,530
2014-03-01,국립대구과학관정문건너,93,35
2014-03-01,국립대구과학관정문앞,156,4
2014-03-01,국립대구박물관건너,15963,1316
2014-03-01,국립대구박물관앞,9812,4026
2014-03-01,국민건강보험공단건너,31109,2543
2014-03-01,국민건강보험공단앞,12977,12092
2014-03-01,국민은행3공단지점건너,6778,1542
2014-03-01,국민은행3공단지점앞,3720,1190
2014-03-01,국우동현대아파트건너,660,58
2014-03-01,국우동현대아파트앞,5125,597
2014-03-01,국채보상운동기념공원,8604,6806
2014-03-01,굿모닝병원건너,12207,5365
2014-03-01,굿모닝병원앞,18428,3814
2014-03-01,궁전아파트건너,28,301
2014-03-01,궁전아파트앞,2827,119
2014-03-01,귀남지휴게소1,8,6
2014-03-01,귀남지휴게소2,0,2
2014-03-01,그랜드호텔건너,40017,25177
2014-03-01,그랜드호텔앞,66363,9107
2014-03-01,그린빌4단지,70,623
2014-03-01,그린빌4단지건너,1389,38
2014-03-01,그린빌4단지앞,296,176
2014-03-01,근로복지공단대구병원건너,2784,205
2014-03-01,근로복지공단대구병원앞,5212,465
2014-03-01,근린공원축구장건너,124,209
2014-03-01,근린공원축구장앞,1754,23
2014-03-01,금강동,303,4
2014-03-01,금계초등학교(교항리),753,275
2014-03-01,금복주건너,3152,446
2014-03-01,금복주앞,2068,391
2014-03-01,금봉네거리1,12824,1143
2014-03-01,금봉네거리2,6515,765
2014-03-01,금사리하이빌APT건너,1834,146
2014-03-01,금사리하이빌APT앞,522,225
2014-03-01,금융감독원건너,958,3051
2014-03-01,금포초등학교,1650,201
2014-03-01,금포초등학교건너,397,424
2014-03-01,금호기전,8,55
2014-03-01,금호지구(시내방향),97,0
2014-03-01,금호지구(종점방향),35,2
2014-03-01,금호화물자동차공영차고지,5,0
2014-03-01,기곡(종점),130,1
2014-03-01,기곡리1,16,3
2014-03-01,기곡리2,93,0
2014-03-01,기독교방송국건너,7088,2453
2014-03-01,기독교방송국앞,4496,1545
2014-03-01,기업은행대곡지점건너,95,1650
2014-03-01,기업은행대곡지점앞,25337,568
2014-03-01,기업은행죽전동지점건너,6484,830
2014-03-01,기업은행죽전동지점앞,3634,706
2014-03-01,김흥1리건너,146,0
2014-03-01,김흥1리앞,51,13
2014-03-01,김흥2리건너,0,3
2014-03-01,김흥2리앞,16,0
2014-03-01,김흥리마을입구,187,0
2014-03-01,남구청건너2,8039,7288
2014-03-01,남구청네거리1,7631,2089
2014-03-01,남구청네거리2,381,213
2014-03-01,남대구IC1,20296,1412
2014-03-01,남대구IC2,653,475
2014-03-01,남명삼거리1,2148,204
2014-03-01,남명삼거리2,2270,778
2014-03-01,남문시장건너1,1301,92
2014-03-01,남문시장건너2,14485,21884
2014-03-01,남문시장앞,29369,12666
2014-03-01,남문아파트앞,668,392
2014-03-01,남부경찰서건너,12339,2565
2014-03-01,남부경찰서앞,13767,9114
2014-03-01,남부교육지원청건너,9532,1293
2014-03-01,남부교육지원청앞,5761,1886
2014-03-01,남부도서관앞,194,596
2014-03-01,남부자동차종합시장건너,4183,672
2014-03-01,남부자동차종합시장앞,1152,413
2014-03-01,남부초등학교건너,1714,54
2014-03-01,남부초등학교앞,555,281
2014-03-01,남부초등학교앞2,7436,854
2014-03-01,남산2동주민센터건너,165,295
2014-03-01,남산2동주민센터앞,887,55
2014-03-01,남산고등학교건너,1022,65
2014-03-01,남산고등학교앞,0,4
2014-03-01,남산역(프린스호텔건너),9501,4201
2014-03-01,남산역건너(프린스호텔앞),23913,6456
2014-03-01,남산주유소건너,1717,1226
2014-03-01,남산주유소앞,2225,264
2014-03-01,남산초등학교건너,19056,2193
2014-03-01,남산초등학교앞,14885,8738
2014-03-01,남산휴먼시아앞,1473,431
2014-03-01,내2리새마을회관건너,72,0
2014-03-01,내2리새마을회관앞,3,6
2014-03-01,내당1동우체국건너,2851,358
2014-03-01,내당1동우체국앞,3098,445
2014-03-01,내당광명아파트,4025,3545
2014-03-01,내당삼익맨션건너,37794,8560
2014-03-01,내당삼익맨션앞,16164,23053
2014-03-01,내당코오롱아파트건너,8613,15357
2014-03-01,내당코오롱아파트앞,6819,1124
2014-03-01,내동,888,28
2014-03-01,내동건너,34,208
2014-03-01,내리1,2,13
2014-03-01,내리2,0,1
2014-03-01,내일교회건너,233,35
2014-03-01,내일교회앞,1099,106
2014-03-01,냉천2리,7,2
2014-03-01,냉천리1,2649,44
2014-03-01,냉천리2,46,297
2014-03-01,노곡동,5838,44
2014-03-01,노변중학교,943,61
2014-03-01,노변중학교건너,1406,95
2014-03-01,노변청구타운건너,236,68
2014-03-01,노변청구타운앞,327,70
2014-03-01,노원119안전센터건너,7686,3125
2014-03-01,노원119안전센터앞,2751,785
2014-03-01,노원네거리(공단세차장건너),538,714
2014-03-01,노원네거리(공단세차장앞),7256,136
2014-03-01,노원네거리(대구은행건너),1376,207
2014-03-01,노원네거리(대구은행앞),6141,720
2014-03-01,노원네거리1,5866,1146
2014-03-01,노원네거리2,11266,731
2014-03-01,노원동화타운건너,752,432
2014-03-01,노원동화타운앞,4989,649
2014-03-01,녹동서원앞,4,4
2014-03-01,녹원맨션1,4402,1543
2014-03-01,녹원맨션2,13202,760
2014-03-01,논공삼거리1,1851,32
2014-03-01,논공삼거리2,293,372
2014-03-01,논공읍사무소,1030,270
2014-03-01,논공읍사무소건너1,4485,144
2014-03-01,논공읍사무소건너2,429,127
2014-03-01,농산물도매시장건너,55,12
2014-03-01,농산물도매시장앞,1935,168
2014-03-01,농수산물도매시장건너,3992,1662
2014-03-01,농수산물도매시장앞,9941,3342
2014-03-01,농촌진흥원입구,88,166
2014-03-01,농협동촌지점,554,151
2014-03-01,농협방촌지점,2701,117
2014-03-01,농협비료창고건너(연경),3,35
2014-03-01,농협비료창고앞(연경),9,24
2014-03-01,농협중앙회건너,25796,9435
2014-03-01,농협중앙회앞,66024,42211
2014-03-01,농협중앙회중동지점건너,2048,90
2014-03-01,농협중앙회중동지점앞,1101,705
2014-03-01,농협하나로마트건너,21,419
2014-03-01,능골1,215,1286
2014-03-01,능골건너,2917,38
2014-03-01,능성동(종점),548,20
2014-03-01,능성동예비군훈련장,801,22
2014-03-01,능성동입구건너,608,8
2014-03-01,능성동입구앞,8,44
2014-03-01,다리골,39,0
2014-03-01,다사고등학교건너,12741,4623
2014-03-01,다사고등학교앞,526,1777
2014-03-01,다사농협주유소건너,78,729
2014-03-01,다사농협주유소앞,9295,254
2014-03-01,다사역(4번출구),18,0
2014-03-01,다사읍사무소건너,9032,394
2014-03-01,다사읍사무소서재출장소건너,354,6
2014-03-01,다사읍사무소서재출장소앞,57,190
2014-03-01,다사읍사무소앞,15,148
2014-03-01,다사주공아파트건너,113,0
2014-03-01,다사주공아파트앞,3,128
2014-03-01,다사체육공원건너,20,1
2014-03-01,다사체육공원앞,34,3
2014-03-01,다사초등학교건너,50,1
2014-03-01,다사초등학교앞,1,55
2014-03-01,단산리(종점),7870,4034
2014-03-01,달구벌종합복지관건너,936,310
2014-03-01,달구벌종합복지관앞,591,144
2014-03-01,달서공고건너,329,113
2014-03-01,달서공고앞,36,44
2014-03-01,달서교회건너,24720,4236
2014-03-01,달서교회앞,21000,11602
2014-03-01,달서구새마을회건너,3523,137
2014-03-01,달서구새마을회앞,1410,241
2014-03-01,달서구청건너,18421,3237
2014-03-01,달서구청앞,7416,2613
2014-03-01,달서종합시장건너,1476,376
2014-03-01,달서종합시장앞,1130,165
2014-03-01,달서중고등학교,164,32
2014-03-01,달서중고등학교건너,532,1
2014-03-01,달서천하수종말처리장건너,154,0
2014-03-01,달서천하수종말처리장앞,1,1
2014-03-01,달서초교,2121,65
2014-03-01,달성2차공단관리청사,52,2
2014-03-01,달성2차산업단지출장소앞,1,6
2014-03-01,달성경찰서,2133,594
2014-03-01,달성경찰서건너,3045,99
2014-03-01,달성공원건너,19324,3095
2014-03-01,달성공원앞,26192,21486
2014-03-01,달성군민운동장건너,1326,99
2014-03-01,달성군민운동장앞,1198,164
2014-03-01,달성군선거관리위원회건너,149,133
2014-03-01,달성군선거관리위원회앞,41,1392
2014-03-01,달성군청건너,712,249
2014-03-01,달성군청앞,3816,159
2014-03-01,달성기와건너,187,155
2014-03-01,달성기와앞,935,38
2014-03-01,달성도서관입구,1,0
2014-03-01,달성문화원건너,1,0
2014-03-01,달성문화원앞,2,0
2014-03-01,달성산업단지건너,178,60
2014-03-01,달성산업단지관리공단1,5,7
2014-03-01,달성산업단지관리공단2,5,2
2014-03-01,달성소방서건너,260,224
2014-03-01,달성소방서앞,605,274
2014-03-01,달성스포츠파크건너,1,5
2014-03-01,달성스포츠파크앞,2,0
2014-03-01,달성예비군훈련장건너,1670,102
2014-03-01,달성예비군훈련장앞,762,276
2014-03-01,달성우체국건너,943,892
2014-03-01,달성우체국앞,6266,221
2014-03-01,달성중학교건너,5924,857
2014-03-01,달성중학교앞,21938,5130
2014-03-01,달성초등학교건너,5829,2123
2014-03-01,달성초등학교앞,1979,368
2014-03-01,달성취수장건너,15,162
2014-03-01,달성취수장앞,123,32
2014-03-01,달창저수지,293,0
2014-03-01,달천리(시내방향),163,0
2014-03-01,달천리(시외방향),60,0
2014-03-01,담안마을1,5,16
2014-03-01,담안마을2,339,0
2014-03-01,담티고개1,299,495
2014-03-01,담티고개2,1127,841
2014-03-01,당동마을건너,253,3
2014-03-01,당동마을앞,1,16
2014-03-01,당정마을입구,51,1
2014-03-01,당정마을입구건너,189,0
2014-03-01,대1리용흥지건너,235,4
2014-03-01,대1리용흥지앞,20,8
2014-03-01,대곡강산타운,28378,766
2014-03-01,대곡강산타운건너,4210,829
2014-03-01,대곡사계절타운건너,20577,638
2014-03-01,대곡사계절타운앞,6806,1940
2014-03-01,대곡역(1번출구),58598,2359
2014-03-01,대곡역(2번출구),39325,48744
2014-03-01,대곡역(한라하우젠트건너),23641,1484
2014-03-01,대곡역(한라하우젠트앞),6510,15558
2014-03-01,대곡역그린빌,8255,9011
2014-03-01,대곡주공1단지앞,6235,1997
2014-03-01,대곡주공2단지앞,22552,576
2014-03-01,대곡주공6단지앞,4438,531
2014-03-01,대곡주공7단지앞,17222,1065
2014-03-01,대곡주공8단지건너,4470,1163
2014-03-01,대곡주공8단지앞,28333,1785
2014-03-01,대곡중학교건너,4687,596
2014-03-01,대곡중학교앞,2843,684
2014-03-01,대공원역(1번출구),2216,6575
2014-03-01,대공원역(5번출구),4932,616
2014-03-01,대구가톨릭대학병원건너,25874,3458
2014-03-01,대구가톨릭대학병원앞,22435,2263
2014-03-01,대구경북과학기술원,310,26
2014-03-01,대구경북과학기술원기숙사,235,61
2014-03-01,대구고등학교건너,54687,13136
2014-03-01,대구고등학교앞,16984,6202
2014-03-01,대구고용노동청건너,18456,2698
2014-03-01,대구고용노동청앞,5593,1295
2014-03-01,대구공업대학1,15808,2702
2014-03-01,대구공업대학2,4616,3116
2014-03-01,대구공업대학건너,8694,3223
2014-03-01,대구공업대학앞,7394,2801
2014-03-01,대구과학고등학교건너,13167,6107
2014-03-01,대구과학고등학교앞,20162,2104
2014-03-01,대구과학대학1,28194,13150
2014-03-01,대구과학대학2,87421,6037
2014-03-01,대구과학대학건너,3293,122
2014-03-01,대구과학대학앞,942,314
2014-03-01,대구광역시교육연수원건너,19400,1018
2014-03-01,대구광역시교육연수원앞,6086,3347
2014-03-01,대구광역시청건너,2024,968
2014-03-01,대구광역시청앞,353,582
2014-03-01,대구교도소건너,10276,6496
2014-03-01,대구교도소앞,30106,3937
2014-03-01,대구교육대건너,300,3314
2014-03-01,대구교육대앞,23561,3885
2014-03-01,대구교통방송건너,6414,7471
2014-03-01,대구교통방송앞,21709,1706
2014-03-01,대구국제공항건너,26978,13639
2014-03-01,대구국제공항앞,31873,7781
2014-03-01,대구글로벌교육센터건너,5581,14141
2014-03-01,대구글로벌교육센터앞,4798,764
2014-03-01,대구농업마이스터고건너,30244,2404
2014-03-01,대구농업마이스터고앞,12017,12725
2014-03-01,대구농업마이스터고후문건너,3549,761
2014-03-01,대구농업마이스터고후문앞,3145,227
2014-03-01,대구도시공사앞,18510,2911
2014-03-01,대구동부고용복지플러스센터,12854,5637
2014-03-01,대구동촌유치원,1321,226
2014-03-01,대구디지털산업진흥원건너,27932,6431
2014-03-01,대구디지털산업진흥원앞,19092,3692
2014-03-01,대구맨션건너,2652,494
2014-03-01,대구맨션앞,4591,898
2014-03-01,대구문화방송건너,15072,5795
2014-03-01,대구문화방송앞,17874,3325
2014-03-01,대구미술관건너,534,36
2014-03-01,대구미술관앞,746,42
2014-03-01,대구병원건너,31687,2415
2014-03-01,대구병원앞,15450,7247
2014-03-01,대구보건고등학교건너,20713,8325
2014-03-01,대구보건고등학교앞,15515,2532
2014-03-01,대구보건대학3,18599,10710
2014-03-01,대구보건대학4,49982,5200
2014-03-01,대구보건대학5,76,25
2014-03-01,대구보건대학건너1,2851,106
2014-03-01,대구보건대학건너2,25741,523
2014-03-01,대구보건대학앞1,656,316
2014-03-01,대구보건대학앞2,2325,730
2014-03-01,대구보훈요양원건너,3,1
2014-03-01,대구보훈요양원앞,91,0
2014-03-01,대구비지니스센터건너,5086,400
2014-03-01,대구비지니스센터앞,5267,330
2014-03-01,대구사격장,88,3
2014-03-01,대구삼성창조캠퍼스1,1782,242
2014-03-01,대구삼성창조캠퍼스2,475,743
2014-03-01,대구선방촌공원,1066,45
2014-03-01,대구소방본부건너,604,276
2014-03-01,대구소방본부앞,1747,3612
2014-03-01,대구스타디움건너,3012,578
2014-03-01,대구스타디움앞,3824,665
2014-03-01,대구시교육청건너,1568,428
2014-03-01,대구시교육청앞,1637,6170
2014-03-01,대구시설공단건너,20542,3724
2014-03-01,대구시설공단앞,11617,21239
2014-03-01,대구시설관리사업소,40,108
2014-03-01,대구시지노인전문병원건너,345,55
2014-03-01,대구시지노인전문병원앞,666,1672
2014-03-01,대구신문사,123,847
2014-03-01,대구애견훈련학교건너,292,5
2014-03-01,대구애견훈련학교앞,3,5
2014-03-01,대구역,997,347
2014-03-01,대구역건너,42231,8136
2014-03-01,대구역꽃시장,592,899
2014-03-01,대구역북편네거리1,46418,5930
2014-03-01,대구역북편네거리2,15552,17294
2014-03-01,대구역센트럴자이,1465,117
2014-03-01,대구역앞,41870,12083
2014-03-01,대구예담학교,348,55
2014-03-01,대구우편집중국(동편),5,26
2014-03-01,대구우편집중국앞,2842,2082
2014-03-01,대구은행3공단지점앞,7175,779
2014-03-01,대구은행북비산지점건너1,15135,2814
2014-03-01,대구은행북비산지점건너2,2049,1063
2014-03-01,대구은행북비산지점앞,46658,7533
2014-03-01,대구은행산격지점앞,908,291
2014-03-01,대구은행역(1번출구),40366,9979
2014-03-01,대구은행역(2번출구),43616,8051
2014-03-01,대구은행제2본점앞,17782,3740
2014-03-01,대구은행칠곡지점건너,9900,2595
2014-03-01,대구은행칠곡지점앞,32184,8013
2014-03-01,대구은행평리동지점건너,3861,1880
2014-03-01,대구은행평리동지점앞,7176,2962
2014-03-01,대구의료원건너,8288,1452
2014-03-01,대구의료원라파엘웰빙센터,2086,116
2014-03-01,대구의료원라파엘웰빙센터건너,466,1223
2014-03-01,대구의료원앞,5160,1094
2014-03-01,대구일마이스터고교건너,5376,1172
2014-03-01,대구일마이스터고교앞,10957,796
2014-03-01,대구전자공고남편,99,348
2014-03-01,대구전자공업고등학교1,13023,601
2014-03-01,대구전자공업고등학교2,1346,3965
2014-03-01,대구제일고등학교건너,40531,8263
2014-03-01,대구제일고등학교앞,40733,24776
2014-03-01,대구중앙중고등학교건너,34570,4033
2014-03-01,대구중앙중고등학교앞,34609,5695
2014-03-01,대구중앙중학교건너,3307,35
2014-03-01,대구중앙중학교앞,2,10
2014-03-01,대구중학교건너,1811,623
2014-03-01,대구중학교앞,7609,2360
2014-03-01,대구지료재생사,64,91
2014-03-01,대구지방경찰청,6890,979
2014-03-01,대구지방법원등기국건너,5860,11773
2014-03-01,대구지방법원등기국앞,2456,1382
2014-03-01,대구지방법원서부지원,579,123
2014-03-01,대구차여성병원건너,4961,10524
2014-03-01,대구차여성병원앞,19348,1546
2014-03-01,대구콘서트하우스건너,20534,25626
2014-03-01,대구콘서트하우스앞,28125,3678
2014-03-01,대구텍건너,721,377
2014-03-01,대구텍앞,6089,1036
2014-03-01,대구학생문화센터,174,78
2014-03-01,대구학생수련관입구건너,526,0
2014-03-01,대구학생수련관입구앞,18,134
2014-03-01,대구한의대학교부속한방병원건너,387,130
2014-03-01,대구한의대학교부속한방병원앞,3182,118
2014-03-01,대구향교건너,2924,5462
2014-03-01,대구향교앞,2131,678
2014-03-01,대덕마을건너,493,1517
2014-03-01,대덕마을앞,325,76
2014-03-01,대덕맨션앞,11060,298
2014-03-01,대덕문화전당건너,1635,185
2014-03-01,대덕문화전당앞,71,134
2014-03-01,대덕승마장건너,506,25
2014-03-01,대덕승마장앞,133,55
2014-03-01,대덕식당건너,362,266
2014-03-01,대덕식당앞,4678,211
2014-03-01,대덕천주교회1,2097,528
2014-03-01,대덕천주교회2,2894,185
2014-03-01,대덕천주교회3,4178,206
2014-03-01,대덕천주교회4,169,497
2014-03-01,대덕초등학교,740,52
2014-03-01,대동공업,199,166
2014-03-01,대동공업건너,957,22
2014-03-01,대동금속건너,2262,49
2014-03-01,대동금속앞,795,152
2014-03-01,대동시장1,5606,584
2014-03-01,대동시장2,9533,557
2014-03-01,대륜중고등학교건너,5790,8318
2014-03-01,대륜중고등학교앞,7866,390
2014-03-01,대리,258,3
2014-03-01,대리마을앞,76,128
2014-03-01,대리마을회관,314,5
2014-03-01,대리마을회관건너,36,19
2014-03-01,대림생수,954,42
2014-03-01,대림생수앞,61,238
2014-03-01,대림육교1,356,27806
2014-03-01,대림육교2,67,72
2014-03-01,대명6동주민센터건너,2768,512
2014-03-01,대명6동주민센터앞,2983,227
2014-03-01,대명시장건너,23395,7629
2014-03-01,대명시장앞,28207,5656
2014-03-01,대명역(1번출구),24416,4727
2014-03-01,대명역(2번출구),15215,2727
2014-03-01,대명중학교건너,20,405
2014-03-01,대명중학교앞,3699,108
2014-03-01,대명초등학교건너,10447,4451
2014-03-01,대명초등학교앞,15469,6233
2014-03-01,대백인터빌건너,27938,5769
2014-03-01,대백인터빌앞,22616,5576
2014-03-01,대백창신한라타운건너,16561,2631
2014-03-01,대백창신한라타운앞,4272,1588
2014-03-01,대백프라자건너,26347,5943
2014-03-01,대백프라자앞,34903,5433
2014-03-01,대백한라무지개타운건너,25422,978
2014-03-01,대백한라무지개타운앞,10852,1406
2014-03-01,대봉교회,12549,4770
2014-03-01,대봉네거리1,5556,595
2014-03-01,대봉네거리2,3161,2909
2014-03-01,대봉도서관건너,1588,442
2014-03-01,대봉도서관앞,4697,947
2014-03-01,대봉성당,11539,2480
2014-03-01,대서초등학교앞,531,95
2014-03-01,대성공업건너,883,10488
2014-03-01,대성공업앞,2259,206
2014-03-01,대성유니드앞,3277,56
2014-03-01,대성테크앞,270,21
2014-03-01,대신동광명맨션앞,1588,411
2014-03-01,대신센트럴자이,6443,381
2014-03-01,대실역(1번출구),10680,2196
2014-03-01,대실역(2번출구),32298,1435
2014-03-01,대실역(4번출구),2279,40
2014-03-01,대실역1,75,5
2014-03-01,대실역2,112,110
2014-03-01,대실역청아람건너,8005,48
2014-03-01,대실역청아람앞,478,3597
2014-03-01,대우트럼프월드수성건너,17339,2264
2014-03-01,대우트럼프월드수성앞,3581,2192
2014-03-01,대원고등학교,4568,26684
2014-03-01,대원고등학교건너,3032,3177
2014-03-01,대원사건너(공산동),32,256
2014-03-01,대원사앞(공산동),136,7
2014-03-01,대원사입구,226,0
2014-03-01,대원유치원건너,8353,7222
2014-03-01,대원유치원앞,11879,701
2014-03-01,대일1리마을회관건너,202,37
2014-03-01,대일1리점촌마을,0,49
2014-03-01,대일아파트건너,12049,4953
2014-03-01,대일아파트앞,16415,3206
2014-03-01,대자연맨션,19953,618
2014-03-01,대자연맨션건너,3499,1744
2014-03-01,대중인벤트,368,34
2014-03-01,대진중고등학교건너,1062,124
2014-03-01,대진중고등학교앞,711,105
2014-03-01,대천119안전센터건너,1554,21
2014-03-01,대천119안전센터앞,829,100
2014-03-01,대천교,3037,750
2014-03-01,대천초등학교건너,496,196
2014-03-01,대천초등학교앞,2778,116
2014-03-01,대청초등학교건너,171,817
2014-03-01,대청초등학교앞,15290,959
2014-03-01,대평2리,297,0
2014-03-01,대평교회앞,59,7
2014-03-01,대평리시장,17461,1199
2014-03-01,대평중학교건너,10952,1219
2014-03-01,대평중학교앞,7296,1575
2014-03-01,대홍철강,833,48
2014-03-01,대흥동건너,286,30
2014-03-01,대흥동앞,276,235
2014-03-01,덕곡(달구벌고교),844,2
2014-03-01,덕곡(대구선명학교),72,45
2014-03-01,덕곡삼거리1,33,180
2014-03-01,덕곡삼거리2,1030,10
2014-03-01,덕산마을건너,0,1
2014-03-01,덕산마을앞,383,0
2014-03-01,덕원고등학교건너,4250,1008
2014-03-01,덕원고등학교앞,442,989
2014-03-01,덕인초등학교건너,2668,750
2014-03-01,덕인초등학교앞,2260,471
2014-03-01,덕화중학교건너,11865,640
2014-03-01,덕화중학교앞,4075,4642
2014-03-01,덴티스앞,367,3
2014-03-01,도남동,282,0
2014-03-01,도남동(종점),30,1
2014-03-01,도남지,184,0
2014-03-01,도동,10,7
2014-03-01,도동교1,954,6
2014-03-01,도동교2,17,43
2014-03-01,도동서원,551,4
2014-03-01,도동청구타운건너,88,64
2014-03-01,도동청구타운앞,1569,255
2014-03-01,도시철도건설본부건너,2650,5829
2014-03-01,도시철도건설본부앞,34828,2592
2014-03-01,도시철도담티역(1번출구),44055,6750
2014-03-01,도시철도담티역(3번출구),31945,6111
2014-03-01,도시철도대구역,876,340
2014-03-01,도시철도수성구청역북편1,570,6998
2014-03-01,도시철도수성구청역북편2,2138,87
2014-03-01,도의리,570,83
2014-03-01,도평동입구1,951,163
2014-03-01,도평동입구2,315,185
2014-03-01,도평동행정복지센터1,0,17
2014-03-01,도평동행정복지센터2,225,0
2014-03-01,도학동,1673,11
2014-03-01,도학동1,23,98
2014-03-01,동곡1리1,10,0
2014-03-01,동곡1리2,260,0
2014-03-01,동곡1리3,54,5
2014-03-01,동곡리,119,4
2014-03-01,동곡초등학교건너,393,7
2014-03-01,동곡초등학교앞,64,85
2014-03-01,동곡치안센터앞,32,21
2014-03-01,동구시장건너,9631,1923
2014-03-01,동구시장앞,8971,1592
2014-03-01,동구청건너,86721,40809
2014-03-01,동구청앞,67804,11853
2014-03-01,동구청역(3번출구),9030,1906
2014-03-01,동구청역(4번출구),2111,816
2014-03-01,동대구LPG충전소건너,2250,181
2014-03-01,동대구LPG충전소앞,738,237
2014-03-01,동대구맨션,8503,8510
2014-03-01,동대구시장건너,15986,2984
2014-03-01,동대구시장앞,25117,7148
2014-03-01,동대구역,69606,17820
2014-03-01,동대구역건너,70411,23181
2014-03-01,동대구역복합환승센터건너,55228,6041
2014-03-01,동대구역복합환승센터앞,51961,23738
2014-03-01,동대구역수화물취급소건너,388,222
2014-03-01,동대구역수화물취급소앞,286,256
2014-03-01,동대구역지하도1,5296,4007
2014-03-01,동대구역지하도2,16883,1845
2014-03-01,동대구초등학교건너,1486,91
2014-03-01,동대구초등학교앞,806,208
2014-03-01,동도중학교건너,12562,1813
2014-03-01,동도중학교앞,18945,2852
2014-03-01,동문고등학교앞,1168,286
2014-03-01,동문고등학교정문,127,49
2014-03-01,동변주공그린빌건너,3037,612
2014-03-01,동변주공그린빌앞,13022,399
2014-03-01,동부경찰서건너,1973,1424
2014-03-01,동부경찰서앞,10273,375
2014-03-01,동부고교건너,1613,784
2014-03-01,동부고교앞,8444,3349
2014-03-01,동부소방서건너,407,9176
2014-03-01,동부소방서앞,6984,589
2014-03-01,동부시외버스터미널(순환2번),2676,349
2014-03-01,동부중학교건너,5517,311
2014-03-01,동부중학교앞,2888,4354
2014-03-01,동북주유소건너,316,67
2014-03-01,동북주유소앞,5,56
2014-03-01,동산의료원앞1,37414,9581
2014-03-01,동산의료원앞2,16871,11567
2014-03-01,동서교회건너,3581,291
2014-03-01,동서교회앞,1742,1085
2014-03-01,동서변리벤빌,12928,1323
2014-03-01,동서변월드메르디앙아파트,3266,878
2014-03-01,동서아파트건너,126,8
2014-03-01,동서아파트앞,3,20
2014-03-01,동서화성타운건너,34265,1087
2014-03-01,동서화성타운앞,17479,4489
2014-03-01,동성에스티에스건너,80,35
2014-03-01,동성에스티에스앞,66,1
2014-03-01,동성초등학교건너,2919,9730
2014-03-01,동성초등학교앞,7162,2555
2014-03-01,동신초등학교건너,3062,1479
2014-03-01,동신초등학교앞,2986,4874
2014-03-01,동아백화점수성점건너,16427,11206
2014-03-01,동아백화점수성점앞,55291,1061
2014-03-01,동아수산냉동건너,631,581
2014-03-01,동아수산냉동앞,450,63
2014-03-01,동아스포츠센터(지산중학교앞),1710,1135
2014-03-01,동아스포츠센터(지산초교앞),10124,271
2014-03-01,동아제약,593,114
2014-03-01,동아제약건너,2280,30
2014-03-01,동양맨션앞,4405,232
2014-03-01,동원약품,10852,1983
2014-03-01,동원초등학교건너,1419,573
2014-03-01,동원초등학교앞1,1609,579
2014-03-01,동원초등학교앞2,2277,324
2014-03-01,동인네거리1,1731,419
2014-03-01,동인네거리2,1649,953
2014-03-01,동인초등학교건너,15554,5123
2014-03-01,동인초등학교앞,11507,4817
2014-03-01,동인치안센터건너,20046,10527
2014-03-01,동인치안센터앞,11648,8415
2014-03-01,동일초등학교건너,2907,601
2014-03-01,동일초등학교앞,3567,1181
2014-03-01,동천역1,500,101
2014-03-01,동천역2,1540,268
2014-03-01,동촌강나루아파트건너,2534,935
2014-03-01,동촌강나루아파트앞,3412,13496
2014-03-01,동촌역,709,232
2014-03-01,동촌역(구길),2011,275
2014-03-01,동촌역(신길)1,6427,1473
2014-03-01,동촌역(신길)2,4670,2888
2014-03-01,동촌유원지,545,222
2014-03-01,동촌유원지놀이동산앞,156,40
2014-03-01,동촌해성아파트건너,141,256
2014-03-01,동촌해성아파트앞,1038,2407
2014-03-01,동촌화성타운건너,14352,1142
2014-03-01,동촌화성타운앞,8691,2438
2014-03-01,동침산네거리,1909,1252
2014-03-01,동침산네거리2,39,207
2014-03-01,동호동건너(북구),954,176
2014-03-01,동호동앞(북구),84,87
2014-03-01,동호육교1,42,399
2014-03-01,동호육교2,8502,197
2014-03-01,동호초등학교건너,586,30
2014-03-01,동화골든빌(남편),4641,300
2014-03-01,동화골든빌(동편),1728,1929
2014-03-01,동화골든빌(북편),54,251
2014-03-01,동화골든빌건너(남편),25,325
2014-03-01,동화교1,34,210
2014-03-01,동화교2,2829,3
2014-03-01,동화사입구건너,5618,7
2014-03-01,동화사입구앞,60,370
2014-03-01,동화시설집단지구(종점)1,273,41
2014-03-01,동화시설집단지구(종점)2(대구시민안전테마파크),9399,223
2014-03-01,두류3동파출소건너,761,80
2014-03-01,두류3동파출소앞,483,414
2014-03-01,두류공원(야외음악당건너),868,78
2014-03-01,두류공원(야외음악당앞),649,118
2014-03-01,두류공원네거리1,14738,3130
2014-03-01,두류공원네거리2,5193,4194
2014-03-01,두류도서관앞,9032,4541
2014-03-01,두류보성맨션건너,7214,457
2014-03-01,두류보성맨션앞,3595,4044
2014-03-01,두류수영장건너,21292,5486
2014-03-01,두류수영장앞,22557,3548
2014-03-01,두류역(달성고등학교건너),38448,7854
2014-03-01,두류역(달성고등학교앞),67342,24462
2014-03-01,두류정수사업소건너,21456,1724
2014-03-01,두류정수사업소앞,3066,10346
2014-03-01,두류파출소건너,717,167
2014-03-01,두류파출소앞,247,316
2014-03-01,두리봉네거리1,6000,21632
2014-03-01,두리봉네거리2,18885,2872
2014-03-01,두리봉터널입구,1996,450
2014-03-01,두리봉터널입구건너,5439,194
2014-03-01,두산동주민센터건너,18729,2094
2014-03-01,두산동주민센터앞,10690,3750
2014-03-01,두산스포츠건너,1617,304
2014-03-01,두성파크아파트건너,32963,4992
2014-03-01,두성파크아파트앞,10426,7881
2014-03-01,두천마을건너,28,0
2014-03-01,둔산동,864,1
2014-03-01,들안길1,1504,839
2014-03-01,들안길2,5796,479
2014-03-01,들안길네거리1,7253,158
2014-03-01,들안길네거리2,1069,1471
2014-03-01,들안길초등학교건너,5067,1555
2014-03-01,들안길초등학교앞,5813,2470
2014-03-01,들연경,17,1
2014-03-01,럭키아파트건너,231,449
2014-03-01,럭키아파트앞,2833,63
2014-03-01,롯데백화점상인점건너,13244,6976
2014-03-01,롯데캐슬그랜드,744,1539
2014-03-01,룸비니유치원건너,2929,179
2014-03-01,룸비니유치원앞,2329,329
2014-03-01,마비정벽화마을(종점),967,27
2014-03-01,만경관건너,15423,6433
2014-03-01,만경관앞,12449,5007
2014-03-01,만촌1동주민센터,3662,998
2014-03-01,만촌2동주민센터,19558,1565
2014-03-01,만촌3차화성파크드림건너,4353,281
2014-03-01,만촌그린빌라건너,878,87
2014-03-01,만촌역(1번출구),911,5861
2014-03-01,만촌우방1차건너,10730,423
2014-03-01,만촌우방1차앞,510,572
2014-03-01,만촌육교1,67387,7997
2014-03-01,만촌육교2,10411,17233
2014-03-01,만촌자전거경기장,25,68
2014-03-01,만촌천주교회앞,180,210
2014-03-01,만촌초등학교건너1,2608,835
2014-03-01,만촌초등학교건너2,3995,264
2014-03-01,만촌초등학교앞,2429,480
2014-03-01,만촌태왕리더스건너,2309,383
2014-03-01,만촌태왕리더스건너(남편),399,3883
2014-03-01,만촌태왕리더스북편,574,422
2014-03-01,만촌태왕리더스앞1,6851,13914
2014-03-01,만촌태왕리더스앞2,2297,193
2014-03-01,만촌화성파크스위트,309,62
2014-03-01,만평네거리,7415,6471
2014-03-01,만평역(서대구고속버스터미널)1,11340,3778
2014-03-01,만평역(서대구고속버스터미널)2,8653,16371
2014-03-01,망우당공원(종점),367,147
2014-03-01,망우당공원건너,1654,987
2014-03-01,망우당공원앞,4773,4110
2014-03-01,매곡(종점),631,91
2014-03-01,매곡사거리1,622,865
2014-03-01,매곡사거리2,14663,527
2014-03-01,매곡정수사업소건너,593,10
2014-03-01,매곡정수사업소앞,10,26
2014-03-01,매곡초등학교건너,16,709
2014-03-01,매골1,5,82
2014-03-01,매골2,286,7
2014-03-01,매여동(동구)저탄장,912,131
2014-03-01,매일신문사건너,181,181
2014-03-01,매일신문사앞,1700,544
2014-03-01,매천고교,2028,120
2014-03-01,매천대교1,1396,217
2014-03-01,매천대교2,5,6
2014-03-01,매천성당건너1,3551,155
2014-03-01,매천성당건너2,638,130
2014-03-01,매천성당앞,5782,344
2014-03-01,매천수산시장건너,1679,162
2014-03-01,매천수산시장앞,1721,103
2014-03-01,매천시장지하차도,1714,322
2014-03-01,매천중고등학교건너,7239,5547
2014-03-01,매천중고등학교앞,13969,1183
2014-03-01,매천초교(매천역)2,1081,193
2014-03-01,매천화성파크드림,1273,51
2014-03-01,매천휴먼시아앞,1176,119
2014-03-01,매호동서아파트앞,971,1
2014-03-01,매호성당건너,610,0
2014-03-01,메트로시티건너,4789,954
2014-03-01,메트로시티앞,2272,179
2014-03-01,메트로팔레스1,16029,2327
2014-03-01,메트로팔레스2,20195,1066
2014-03-01,명곡1리입구1,18,3
2014-03-01,명곡1리입구2,5,13
2014-03-01,명곡리1,2387,645
2014-03-01,명곡리2,7701,741
2014-03-01,명곡미래빌1단지,2312,311
2014-03-01,명곡미래빌2단지건너,34,301
2014-03-01,명곡미래빌2단지앞,13252,1580
2014-03-01,명곡미래빌3단지건너,1888,907
2014-03-01,명곡미래빌3단지앞,5163,210
2014-03-01,명곡미래빌4단지,3972,214
2014-03-01,명곡미래빌5단지건너,9,117
2014-03-01,명곡미래빌5단지앞,5718,1379
2014-03-01,명곡지구앞,80,114
2014-03-01,명덕네거리1,42105,2945
2014-03-01,명덕네거리2,14210,21657
2014-03-01,명덕역(6번출구),52011,16536
2014-03-01,명덕역(7번출구),35449,6827
2014-03-01,명덕초등학교건너,19452,18122
2014-03-01,명덕초등학교앞,30673,6554
2014-03-01,명문세가APT건너,10430,1538
2014-03-01,명문세가APT앞,17222,2555
2014-03-01,명문오하임아파트건너,272,233
2014-03-01,명문오하임아파트앞,162,95
2014-03-01,명보약국건너,1973,1191
2014-03-01,명보약국앞,2583,352
2014-03-01,명산교(명산화성타운건너),3408,182
2014-03-01,명성푸르지오건너,6994,1484
2014-03-01,명성푸르지오앞,31515,2505
2014-03-01,모개월입구,21,0
2014-03-01,모다아울렛,132,16
2014-03-01,모다아울렛건너,18579,863
2014-03-01,모다아울렛앞,543,2018
2014-03-01,모래정마을건너,94,1
2014-03-01,모래정마을앞,18,6
2014-03-01,목단1리,122,0
2014-03-01,목단2리,104,0
2014-03-01,목단리,64,1
2014-03-01,묘1리,77,0
2014-03-01,묘2리(고려정밀),139,0
2014-03-01,묘2리(전마),180,0
2014-03-01,무궁화LPG충전소,9377,3552
2014-03-01,무궁화LPG충전소건너,4073,1196
2014-03-01,무궁화어린이공원입구,2259,381
2014-03-01,무궁화어린이공원입구건너,4767,2473
2014-03-01,무등1리1,2,0
2014-03-01,무등1리2,263,0
2014-03-01,무등1리3,49,0
2014-03-01,무등2리,1,11
2014-03-01,무등2리입구건너,92,0
2014-03-01,무등보건진료소건너,32,0
2014-03-01,무등보건진료소앞,2,5
2014-03-01,무림제지건너,916,226
2014-03-01,무림제지앞1,1623,1195
2014-03-01,무림제지앞2,220,164
2014-03-01,무열대건너,4714,2618
2014-03-01,무열대앞,1702,556
2014-03-01,무태교,9,865
2014-03-01,무태네거리(시내방향),18440,4896
2014-03-01,무태네거리(시외방향),4380,3478
2014-03-01,무태새마을금고건너,1910,534
2014-03-01,무태새마을금고앞,6444,329
2014-03-01,무태조야동주민센터건너1,7775,315
2014-03-01,무태조야동주민센터건너2,6379,1376
2014-03-01,무태조야동주민센터앞1,1938,521
2014-03-01,무태조야동주민센터앞2,18153,1319
2014-03-01,문성병원건너,12170,4893
2014-03-01,문성병원앞,19905,6181
2014-03-01,문양기지창건너,16,401
2014-03-01,문양기지창앞,124,24
2014-03-01,문양리1,184,1
2014-03-01,문양리2,8,4
2014-03-01,문양리입구1,64,39
2014-03-01,문양리입구2,1,52
2014-03-01,문양역건너,61,872
2014-03-01,문양역앞,2479,1044
2014-03-01,문주마을건너,151,0
2014-03-01,문주마을앞,45,4
2014-03-01,문화예술회관건너,12209,4983
2014-03-01,문화예술회관앞,10894,5509
2014-03-01,미8군후문건너,484,168
2014-03-01,미8군후문앞,1279,56
2014-03-01,미곡동1,357,440
2014-03-01,미곡동2,3376,116
2014-03-01,미대동1,4203,108
2014-03-01,미대동2,396,314
2014-03-01,미래아트빌앞,646,506
2014-03-01,미리내맨션건너,19368,589
2014-03-01,미리내맨션앞,5942,1711
2014-03-01,민들레아파트후문건너,4946,122
2014-03-01,민들레아파트후문앞,7188,99
2014-03-01,바른병원건너,389,141
2014-03-01,박곡리(시내방향),240,0
2014-03-01,박곡리(시외방향),46,2
2014-03-01,박석진교,8,17
2014-03-01,반고개(내당역4번출구),4316,3789
2014-03-01,반고개1,8786,3804
2014-03-01,반고개2,18188,6036
2014-03-01,반송4교건너,7,1
2014-03-01,반송4교앞,365,30
2014-03-01,반송리,429,2
2014-03-01,반야월모란1차아파트,4685,2490
2014-03-01,반야월시장1,7609,3151
2014-03-01,반야월시장2,10113,1471
2014-03-01,반야월역(국철)건너,5886,3097
2014-03-01,반야월역(국철)앞,9598,1637
2014-03-01,반야월역(도시철도1번출구),1699,380
2014-03-01,반야월역(도시철도2번출구),8163,191
2014-03-01,반야월역(도시철도3번출구),6393,3059
2014-03-01,반야월역(도시철도4번출구)1,6676,2755
2014-03-01,반야월역(도시철도4번출구)2,2476,1690
2014-03-01,반야월저탄장건너,6001,3686
2014-03-01,반야월저탄장앞,11528,1373
2014-03-01,반월당역(1번출구)1,41753,12171
2014-03-01,반월당역(1번출구)2,5273,6589
2014-03-01,반월당역(2번출구),76667,41417
2014-03-01,방공포병학교건너,2240,235
2014-03-01,방공포병학교앞,964,2883
2014-03-01,방짜유기박물관건너,786,10
2014-03-01,방짜유기박물관앞,36,89
2014-03-01,방천리1,200,13
2014-03-01,방천리2,723,96
2014-03-01,방천시장(김광석길)건너,18216,7329
2014-03-01,방천시장(김광석길)앞,15664,2788
2014-03-01,방촌1동,1285,2
2014-03-01,방촌건널목,109,1508
2014-03-01,방촌맨션앞,5848,1758
2014-03-01,방촌빌라,228,1092
2014-03-01,방촌시장건너,31897,3847
2014-03-01,방촌시장앞,19060,6862
2014-03-01,방촌역(1번출구),15986,5824
2014-03-01,방촌역(2번출구),13940,1476
2014-03-01,방촌치안센터건너,1787,1691
2014-03-01,방촌치안센터앞,5919,1933
2014-03-01,백사벌네거리1,2463,60
2014-03-01,백사벌네거리2,3010,1394
2014-03-01,백안교1,6,29
2014-03-01,백안교2,1352,113
2014-03-01,백안삼거리1,346,163
2014-03-01,백안삼거리2,6194,177
2014-03-01,백자맨션건너,199,878
2014-03-01,백자맨션앞,5394,2188
2014-03-01,범물1동주민센터건너,8605,1587
2014-03-01,범물1동주민센터앞,51850,1883
2014-03-01,범물2동주민센터건너,5043,575
2014-03-01,범물2동주민센터앞,11,291
2014-03-01,범물두성타운건너,391,31
2014-03-01,범물우방미진하이츠앞,5313,175
2014-03-01,범물청구맨션건너,720,2997
2014-03-01,범물청구맨션앞,61301,3862
2014-03-01,범물하이츠 건너,3644,3750
2014-03-01,범물하이츠앞,23799,176
2014-03-01,범물한라주택건너,28130,1095
2014-03-01,범물한라주택앞,3979,4863
2014-03-01,범어2동1,190,2551
2014-03-01,범어2동2,1152,142
2014-03-01,범어4동주민센터건너,26607,7044
2014-03-01,범어4동주민센터앞,11724,10638
2014-03-01,범어쌍용예가건너,8280,8503
2014-03-01,범어쌍용예가앞,12985,2903
2014-03-01,범어역(1번출구),20295,3475
2014-03-01,범어역(2번출구),11755,5764
2014-03-01,법원건너,20219,15655
2014-03-01,법원앞,29568,6566
2014-03-01,법원어린이집,641,1853
2014-03-01,베어산업건너,661,1
2014-03-01,베어산업앞,41,19
2014-03-01,병무청중앙신체검사소,56,55
2014-03-01,보람타운건너,226,494
2014-03-01,보람타운앞,9195,2386
2014-03-01,보병50사단건너,3770,440
2014-03-01,보병50사단앞,1769,393
2014-03-01,보성기계건너,1659,263
2014-03-01,보성기계앞,19,100
2014-03-01,보성산호타운건너,5137,756
2014-03-01,보성산호타운앞,2822,1344
2014-03-01,보성서한타운앞,4547,969
2014-03-01,보성은하타운앞,3248,56
2014-03-01,보성화성타운건너,31210,3147
2014-03-01,보성화성타운앞,9223,6222
2014-03-01,보훈병원건너,2,29
2014-03-01,보훈병원앞,3658,126
2014-03-01,복음간호학원,650,570
2014-03-01,복현네거리,6398,10702
2014-03-01,복현대백맨션건너,18438,2228
2014-03-01,복현대백맨션앞,3855,3416
2014-03-01,복현서한2차아파트,2483,3606
2014-03-01,복현성모약국앞,3068,1073
2014-03-01,복현오거리1,64260,11744
2014-03-01,복현오거리2,14430,4729
2014-03-01,복현오거리3,372,235
2014-03-01,복현우방아파트,11349,1814
2014-03-01,복현우체국건너,57034,5035
2014-03-01,복현우체국앞,8986,9071
2014-03-01,복현장미맨션앞,2209,1060
2014-03-01,복현푸르지오아파트건너,17060,1570
2014-03-01,복현현대맨션건너,2768,37
2014-03-01,복현현대맨션앞,694,296
2014-03-01,본동시장건너,8769,1005
2014-03-01,본동시장앞,1837,1727
2014-03-01,본리1리,166,36
2014-03-01,본리1리동회관건너,538,442
2014-03-01,본리1리동회관앞,48,46
2014-03-01,본리2,1931,255
2014-03-01,본리근린공원건너,5,3
2014-03-01,본리근린공원앞,0,3
2014-03-01,본리네거리,3168,474
2014-03-01,본리네거리2,10514,1783
2014-03-01,본리네거리3,9063,2254
2014-03-01,본리도서관앞,1680,284
2014-03-01,본리롯데캐슬,2377,208
2014-03-01,본리아카시아맨션,5807,1455
2014-03-01,본리지구건너,1468,655
2014-03-01,본리지구앞,8392,1315
2014-03-01,본리초등학교건너,10554,2081
2014-03-01,본리초등학교앞,8317,1917
2014-03-01,본리치안센터건너,3714,433
2014-03-01,본리치안센터앞,4115,1737
2014-03-01,본말(종점),37,0
2014-03-01,봉덕119안전센터건너,1039,43
2014-03-01,봉덕119안전센터앞,507,160
2014-03-01,봉덕2동새마을금고건너,1288,309
2014-03-01,봉덕2동새마을금고앞,1060,880
2014-03-01,봉덕교회건너,16351,2240
2014-03-01,봉덕교회앞,4092,1309
2014-03-01,봉덕변전소건너,3345,12
2014-03-01,봉덕변전소앞,33,50
2014-03-01,봉덕시장건너1,4159,1803
2014-03-01,봉덕시장건너2,600,344
2014-03-01,봉덕시장건너3,10417,640
2014-03-01,봉덕시장앞1,16247,1076
2014-03-01,봉덕시장앞2,4602,2107
2014-03-01,봉무공원건너,8462,1734
2014-03-01,봉무청구새들마을건너,19654,1842
2014-03-01,봉무청구새들마을앞,2555,853
2014-03-01,봉산가구골목(동편),3549,3930
2014-03-01,봉산가구골목(서편),2416,449
2014-03-01,봉산문화거리건너,24789,9915
2014-03-01,봉산문화거리앞,14258,4263
2014-03-01,봉산육거리,4184,430
2014-03-01,봉촌1리1,460,0
2014-03-01,봉촌1리2,4,48
2014-03-01,봉촌1리3,280,0
2014-03-01,봉촌2리,124,0
2014-03-01,봉촌낙동길입구,306,0
2014-03-01,봉촌낙동길입구건너,3,35
2014-03-01,봉촌리,293,0
2014-03-01,부곡리,16,3
2014-03-01,부곡리건너,78,91
2014-03-01,부남교앞,672,1
2014-03-01,부동,1171,58
2014-03-01,부동(종점),279,5
2014-03-01,부동농협,377,2
2014-03-01,부동삼거리,0,4
2014-03-01,부영3단지,3285,1902
2014-03-01,부영5단지,2198,434
2014-03-01,부영7단지건너,725,7
2014-03-01,부영7단지앞,17,48
2014-03-01,부인사건너,61,18
2014-03-01,부인사앞,35,0
2014-03-01,북구구민운동장건너,8542,1336
2014-03-01,북구구민운동장앞,2519,1655
2014-03-01,북구보건소건너,4217,1815
2014-03-01,북구보건소앞,9328,400
2014-03-01,북구선거관리위원회건너,7067,594
2014-03-01,북구선거관리위원회앞,8326,3434
2014-03-01,북구어울아트센터앞,58,100
2014-03-01,북구청건너,15551,5047
2014-03-01,북구청네거리1,1817,2423
2014-03-01,북구청네거리2,3147,373
2014-03-01,북구청앞,14527,1774
2014-03-01,북구청역(3번출구),14701,4504
2014-03-01,북구청역(4번출구),6152,3091
2014-03-01,북대구세무서건너,8625,838
2014-03-01,북대구세무서앞,4300,1001
2014-03-01,북대구초등학교건너,2624,55
2014-03-01,북대구초등학교앞,854,191
2014-03-01,북동초등학교건너,1323,802
2014-03-01,북동초등학교앞,5161,71
2014-03-01,북리1,3326,1345
2014-03-01,북리2,23412,362
2014-03-01,북부경찰서건너,2181,1130
2014-03-01,북부상수도사업소,136,1006
2014-03-01,북부정류장,100172,19556
2014-03-01,북부정류장건너,49288,17436
2014-03-01,북비산네거리1,8624,5731
2014-03-01,북비산네거리2,10331,1704
2014-03-01,북중학교앞,3321,906
2014-03-01,북침산치안센터건너,8391,1944
2014-03-01,북침산치안센터앞,7416,3182
2014-03-01,불교한방병원건너1,552,275
2014-03-01,불교한방병원건너2,2133,277
2014-03-01,불교한방병원앞1,3339,169
2014-03-01,불교한방병원앞2,3003,660
2014-03-01,불로삼거리,1979,13656
2014-03-01,불로우방아파트건너,8266,2684
2014-03-01,불로우방아파트앞,9086,5602
2014-03-01,불로전통시장건너,47219,4173
2014-03-01,불로전통시장앞,17606,7772
2014-03-01,불로천주교회건너,13935,3583
2014-03-01,불로천주교회앞,23791,5039
2014-03-01,불로화훼단지건너,51,495
2014-03-01,불로화훼단지앞,578,976
2014-03-01,비산5동주민센터,17,1
2014-03-01,비산6동주민센터건너,538,900
2014-03-01,비산6동주민센터앞,1403,74
2014-03-01,비산7동우체국건너,3515,5031
2014-03-01,비산7동우체국앞1,12871,4354
2014-03-01,비산7동우체국앞2,9199,2555
2014-03-01,비산웰빙하와이건너,1323,43
2014-03-01,비산웰빙하와이앞,543,55
2014-03-01,비산지하도1,10627,6443
2014-03-01,비산지하도2,21390,4927
2014-03-01,비산초등학교건너,11521,1250
2014-03-01,비산초등학교앞,15359,2019
2014-03-01,비슬산휴양림주차장,130,5
2014-03-01,비원지구대건너,5770,484
2014-03-01,비원지구대앞,673,1816
2014-03-01,비철금속협업단지앞,7150,517
2014-03-01,사복동입구교차로,223,3141
2014-03-01,사복동입구교차로건너,23,502
2014-03-01,사월동(종점),898,45
2014-03-01,사월보성2차건너,65,176
2014-03-01,사월보성2차앞,3063,123
2014-03-01,사월역(2번출구),23262,3518
2014-03-01,사월역(4번출구),20171,12635
2014-03-01,사창마을건너,0,1
2014-03-01,사창마을앞,35,0
2014-03-01,산격4동주민센터건너,705,203
2014-03-01,산격4동주민센터앞,6578,665
2014-03-01,산격거평타운건너,1256,3053
2014-03-01,산격거평타운앞,2206,2844
2014-03-01,산격대우아파트앞,62219,8485
2014-03-01,산격문화회관건너,9529,784
2014-03-01,산격문화회관앞,3549,1653
2014-03-01,산격종합시장앞,62369,18632
2014-03-01,산격주공아파트건너,4547,5742
2014-03-01,산격주공아파트앞,27755,2789
2014-03-01,산격중학교건너,9612,13917
2014-03-01,산격중학교앞,10770,1802
2014-03-01,산격청구맨션앞,7080,3359
2014-03-01,산격초등학교건너,12050,628
2014-03-01,산격초등학교앞,10606,902
2014-03-01,산림조합중앙회건너,1823,2327
2014-03-01,산림조합중앙회앞,1287,660
2014-03-01,산업용재관,4422,2440
2014-03-01,삼덕교회,6575,6160
2014-03-01,삼덕동1,204,301
2014-03-01,삼덕동2,256,67
2014-03-01,삼덕성당앞,8381,1288
2014-03-01,삼리1리1,6,13
2014-03-01,삼리1리2,793,396
2014-03-01,삼리리1(논공),33,30
2014-03-01,삼리리2(논공),119,99
2014-03-01,삼보,933,118
2014-03-01,삼산리(범동교),39,16
2014-03-01,삼산리(삼산교회건너),182,0
2014-03-01,삼산리(삼산교회앞),3450,213
2014-03-01,삼산리(은지가든),0,6
2014-03-01,삼산리입구건너,459,1
2014-03-01,삼산리입구앞,5,150
2014-03-01,삼산지,9,0
2014-03-01,삼성공원아파트건너,344,205
2014-03-01,삼성래미안1차건너,6792,2644
2014-03-01,삼성래미안1차앞,5376,586
2014-03-01,삼성래미안2차건너,4729,860
2014-03-01,삼성래미안2차앞,4632,1988
2014-03-01,삼성명가타운,4590,1409
2014-03-01,삼성명가타운건너,1017,466
2014-03-01,삼성물류센터앞,255,1438
2014-03-01,삼성한국형아파트건너,1370,61
2014-03-01,삼성한국형아파트앞,1218,680
2014-03-01,삼우섬유앞,405,13
2014-03-01,삼육구가든건너,202,24
2014-03-01,삼육구가든앞,60,1
2014-03-01,삼익THK건너,301,41
2014-03-01,삼익THK앞,306,38
2014-03-01,삼익뉴타운건너,7927,2306
2014-03-01,삼익뉴타운앞,12754,859
2014-03-01,삼정빌딩앞,1018,266
2014-03-01,삼호아파트건너,817,225
2014-03-01,삼호아파트앞,1399,1506
2014-03-01,삼환맨션,508,63
2014-03-01,상공회의소건너,4271,1745
2014-03-01,상공회의소앞,6081,1054
2014-03-01,상당마을,23,1
2014-03-01,상동가압장건너,1575,107
2014-03-01,상동교1,157,107
2014-03-01,상동교2,1512,621
2014-03-01,상동네거리,4569,1902
2014-03-01,상동마을(둔산길),1062,4
2014-03-01,상동시장앞,2385,523
2014-03-01,상동우체국건너,6598,1124
2014-03-01,상동우체국앞,21224,3471
2014-03-01,상동천주교회건너,337,392
2014-03-01,상동천주교회앞,2002,2508
2014-03-01,상록아파트,791,41
2014-03-01,상리공단,2323,209
2014-03-01,상리공단건너,1241,605
2014-03-01,상리동입구,1804,150
2014-03-01,상리동입구1,3,141
2014-03-01,상리동입구2,4408,24
2014-03-01,상리동종점,1,34
2014-03-01,상리동종점2,1203,3
2014-03-01,상리동종점3,3233,139
2014-03-01,상리마을건너,0,3
2014-03-01,상리마을앞,32,10
2014-03-01,상리지하도1,2326,101
2014-03-01,상리지하도2,2089,54
2014-03-01,상매동(저탄장),17,14
2014-03-01,상서고등학교건너,2668,97
2014-03-01,상서고등학교앞,1824,206
2014-03-01,상수도사업본부,7723,3654
2014-03-01,상수도사업본부건너,8239,15016
2014-03-01,상수도사업본부시설관리소건너,10482,1664
2014-03-01,상수도사업본부시설관리소앞,1791,1432
2014-03-01,상수도중남부사업소건너,1628,667
2014-03-01,상수도중남부사업소앞,418,165
2014-03-01,상원리(마을회관),16,0
2014-03-01,상인2동주민센터건너,6442,280
2014-03-01,상인동서타운앞,20731,3519
2014-03-01,상인동화아이위시아파트건너,23736,1672
2014-03-01,상인동화아이위시아파트앞,2562,1863
2014-03-01,상인비둘기1단지아파트건너,5461,870
2014-03-01,상인비둘기1단지아파트앞,20127,932
2014-03-01,상인비둘기2단지아파트앞,16947,1372
2014-03-01,상인삼미타운건너,2607,12919
2014-03-01,상인삼미타운앞,5600,645
2014-03-01,상인역e-편한세상앞,8058,22264
2014-03-01,상인우방아파트,14369,33220
2014-03-01,상인은행아파트건너,7241,1702
2014-03-01,상인은행아파트앞,7453,1211
2014-03-01,상인자이앞,7596,2370
2014-03-01,상인장미아파트앞,11622,1192
2014-03-01,상인제림아파트건너,2567,450
2014-03-01,상인제림아파트앞,1671,1188
2014-03-01,상인청구타운건너,3359,269
2014-03-01,상인청구타운앞,2120,274
2014-03-01,상인초등학교앞,3194,2747
2014-03-01,상인한서타운앞,4650,1023
2014-03-01,상인현대맨션건너,88928,4587
2014-03-01,상인현대맨션앞,25841,37942
2014-03-01,상인화성파크드림건너,1108,775
2014-03-01,상인화성파크드림앞,1300,149
2014-03-01,상화네거리,230,1084
2014-03-01,새길시장건너,12312,10344
2014-03-01,새길시장앞,43022,4564
2014-03-01,새동네아파트건너,31,0
2014-03-01,새동네아파트앞,604,1655
2014-03-01,새마을건너,5,18
2014-03-01,새범어아파트건너,1309,363
2014-03-01,새범어아파트앞,2146,191
2014-03-01,새본리중학교앞,1412,401
2014-03-01,샤니삼거리1,260,0
2014-03-01,샤니삼거리2,4,2
2014-03-01,서구문화회관건너,3387,910
2014-03-01,서구문화회관앞,8343,1974
2014-03-01,서구시장건너,23800,7481
2014-03-01,서구시장앞,17704,5415
2014-03-01,서구제일사회복지관건너,1586,2777
2014-03-01,서구제일사회복지관앞,4852,520
2014-03-01,서구청건너,51819,7082
2014-03-01,서구청앞,53556,7699
2014-03-01,서남시장건너,27487,20510
2014-03-01,서남시장앞1,33344,6782
2014-03-01,서남시장앞2,15011,3170
2014-03-01,서당마을건너,1051,66
2014-03-01,서당마을앞,15,49
2014-03-01,서대구고속버스터미널,399,1569
2014-03-01,서대구공단네거리1,1001,71
2014-03-01,서대구공단네거리2,427,65
2014-03-01,서대구공단네거리3,2845,353
2014-03-01,서대구공단네거리4,4844,2116
2014-03-01,서대구세무서,12492,27302
2014-03-01,서대구시장건너,12467,6236
2014-03-01,서대구시장앞,14434,5219
2014-03-01,서대구초등학교입구,24866,10018
2014-03-01,서대명지구대건너,7309,1498
2014-03-01,서대명지구대앞,2584,973
2014-03-01,서도초등학교건너,2660,1735
2014-03-01,서도초등학교서편2,110,145
2014-03-01,서도초등학교앞,9630,843
2014-03-01,서문시장,68169,11068
2014-03-01,서문시장5지구앞,1584,959
2014-03-01,서변동영남네오빌건너,4925,361
2014-03-01,서변동영남네오빌앞,5037,427
2014-03-01,서부고등학교건너,2381,562
2014-03-01,서부고등학교앞,3933,107
2014-03-01,서부공업고등학교건너,11455,13605
2014-03-01,서부공업고등학교앞,34323,1705
2014-03-01,서부소방서,6,79
2014-03-01,서부시장건너,28326,12461
2014-03-01,서부시장앞,25616,6159
2014-03-01,서부정류장(관문시장건너),104328,18786
2014-03-01,서부정류장(관문시장앞),38163,11618
2014-03-01,서부정류장1,93441,11952
2014-03-01,서부정류장2,6634,1891
2014-03-01,서부정류장3(성당못역1번출구),27325,39660
2014-03-01,서부정류장4(성당못역1번출구),2933,1533
2014-03-01,서부중학교앞,9326,6635
2014-03-01,서영기공건너,343,0
2014-03-01,서영기공앞,0,59
2014-03-01,서재금봉타운,236,1165
2014-03-01,서재금봉타운건너,28958,124
2014-03-01,서재들,17,4
2014-03-01,서재들건너,54,10
2014-03-01,서재보성타운건너,22638,108
2014-03-01,서재보성타운앞,162,272
2014-03-01,서진중학교건너,854,658
2014-03-01,서평초등학교,3340,1538
2014-03-01,서평초등학교건너,2824,544
2014-03-01,선녀곡건너(옥포),370,55
2014-03-01,선녀곡앞(옥포),56,309
2014-03-01,설티고개(달성공단방면),5,9
2014-03-01,설티고개(옥포방면),61,0
2014-03-01,설화동(종점),341,36
2014-03-01,설화리(시내방향),14322,1077
2014-03-01,설화리(시외방향),828,1012
2014-03-01,설화명곡역(4번출구),4,107
2014-03-01,섬뜸마을,831,2
2014-03-01,섬유회관건너1,58869,18476
2014-03-01,섬유회관건너2,11353,3528
2014-03-01,섬유회관앞,71110,23142
2014-03-01,성곡중학교건너,1869,629
2014-03-01,성곡중학교앞,1529,66
2014-03-01,성광고등학교건너,13671,3726
2014-03-01,성광고등학교앞,553,1200
2014-03-01,성남초등학교건너,1225,1991
2014-03-01,성남초등학교앞,5638,409
2014-03-01,성내3동주민센터입구,1182,1816
2014-03-01,성당두산위브앞,26728,1894
2014-03-01,성당래미안·e-편한세상앞,12673,3282
2014-03-01,성당못역북편1,777,1124
2014-03-01,성당못역북편2,2412,251
2014-03-01,성당보성아파트건너,34322,7321
2014-03-01,성당보성아파트앞,14051,4209
2014-03-01,성당시장건너,32325,5657
2014-03-01,성당시장앞1,5780,650
2014-03-01,성당시장앞2,38120,3832
2014-03-01,성당초교앞,1138,303
2014-03-01,성당코오롱하늘채,9133,1505
2014-03-01,성당코오롱하늘채2,14771,7178
2014-03-01,성당포스코더샵건너,6084,1793
2014-03-01,성당포스코더샵앞,15187,1010
2014-03-01,성동건너,225,315
2014-03-01,성동마을건너,178,50
2014-03-01,성동마을앞,451,3
2014-03-01,성동앞,132,73
2014-03-01,성동초등학교건너,11930,2465
2014-03-01,성동초등학교앞,19318,1634
2014-03-01,성동탱자나무마을건너,18,23
2014-03-01,성동탱자나무마을앞,74,49
2014-03-01,성림첨단산업건너,69,13
2014-03-01,성림첨단산업앞,432,4
2014-03-01,성명119안전센터건너1,4731,4256
2014-03-01,성명119안전센터앞,2740,322
2014-03-01,성명여자중학교,452,271
2014-03-01,성모여성병원건너,35744,4905
2014-03-01,성모여성병원앞,35685,20221
2014-03-01,성보교통,1771,103
2014-03-01,성북교1,12138,1845
2014-03-01,성북교2,8278,3940
2014-03-01,성북시장건너,2888,942
2014-03-01,성북시장앞,10622,2959
2014-03-01,성산3동,3,23
2014-03-01,성산리1,35,54
2014-03-01,성산리2,682,133
2014-03-01,성산중학교앞,2413,202
2014-03-01,성산초등학교앞,655,110
2014-03-01,성서119안전센터건너,41,3549
2014-03-01,성서119안전센터앞,18306,184
2014-03-01,성서4차산업단지앞1,478,127
2014-03-01,성서공단물류센터,537,3
2014-03-01,성서농협남부지소,12983,3832
2014-03-01,성서동서서한타운건너,4692,460
2014-03-01,성서동서서한타운앞,6714,367
2014-03-01,성서보성타운2차건너1,219,598
2014-03-01,성서보성타운2차건너2,1216,120
2014-03-01,성서보성타운2차앞,10629,1713
2014-03-01,성서산업단지역(1번출구),6344,3417
2014-03-01,성서산업단지역(2번출구),11850,1572
2014-03-01,성서서한2차타운1,9375,421
2014-03-01,성서서한2차타운2,294,879
2014-03-01,성서우방2차아파트,1695,485
2014-03-01,성서우방타운건너,21014,3107
2014-03-01,성서우방타운앞,15066,2864
2014-03-01,성서우체국건너,1937,382
2014-03-01,성서우체국앞,551,1528
2014-03-01,성서종합시장건너,24074,7773
2014-03-01,성서종합시장앞,63610,6106
2014-03-01,성서주공1단지건너,11663,1183
2014-03-01,성서주공1단지앞,2255,1995
2014-03-01,성서주공2단지건너,15489,7417
2014-03-01,성서주공2단지앞,37794,2634
2014-03-01,성서주공5단지앞,461,239
2014-03-01,성서청구타운건너,9824,1711
2014-03-01,성서청구타운앞,7931,526
2014-03-01,성서초등학교건너,5398,1399
2014-03-01,성서초등학교앞,112,548
2014-03-01,성서푸른마을아파트건너,11247,1019
2014-03-01,성서푸른마을아파트앞,2299,1061
2014-03-01,성서한샘타운앞,1942,122
2014-03-01,성서협업단지건너,135,4
2014-03-01,성서협업단지앞,34,69
2014-03-01,성요셉요양병원건너,192,673
2014-03-01,성요셉요양병원앞,2215,162
2014-03-01,성원아파트건너,1716,215
2014-03-01,성원아파트앞,7779,478
2014-03-01,성주사건너,105,37
2014-03-01,성주사앞,8,134
2014-03-01,성지중학교건너,6053,1099
2014-03-01,성지중학교앞,7186,5724
2014-03-01,성하리,28,554
2014-03-01,성화여고건너,12164,681
2014-03-01,성화여고앞,7073,3852
2014-03-01,세강병원앞,7464,24531
2014-03-01,세원정공건너,13091,577
2014-03-01,세원정공앞,2092,4313
2014-03-01,세천고개1,238,8
2014-03-01,세천고개2,212,28
2014-03-01,세천리2,357,11
2014-03-01,세천리3,621,9
2014-03-01,세하건너,7,6
2014-03-01,세하앞,4,4
2014-03-01,세흥인쇄,912,146
2014-03-01,소선여중건너,4001,4344
2014-03-01,소선여중앞,207,492
2014-03-01,솔렌스힐건너,5543,977
2014-03-01,솔렌스힐앞,2086,480
2014-03-01,솔밭기세길건너,1,14
2014-03-01,솔밭기세길입구,227,2
2014-03-01,솔비식당입구,23,1
2014-03-01,솔비식당입구맞은편,699,81
2014-03-01,송원맨션건너,13699,1112
2014-03-01,송원맨션앞,3771,1183
2014-03-01,송정1동,0,6
2014-03-01,송정동1,42,10
2014-03-01,송정동2,30,0
2014-03-01,송정동3,54,9
2014-03-01,송정동4,23,33
2014-03-01,송정마을1,3,21
2014-03-01,송정마을2,123,0
2014-03-01,송정삼거리1,380,302
2014-03-01,송정삼거리2,411,643
2014-03-01,송정삼거리3,5545,1203
2014-03-01,송정삼거리4,8806,1149
2014-03-01,송해공원,11,1
2014-03-01,송현1동치안센터건너,7247,1600
2014-03-01,송현2동주민센터건너,767,237
2014-03-01,송현공원건너,758,243
2014-03-01,송현공원앞,496,659
2014-03-01,송현교,1297,47
2014-03-01,송현교2,133,64
2014-03-01,송현여중고교건너,3473,851
2014-03-01,송현여중고교앞,5303,4130
2014-03-01,송현역(1번출구),13316,2274
2014-03-01,송현역(2번출구),19447,3701
2014-03-01,송현역(3번출구),19644,15386
2014-03-01,송현역(4번출구),7499,4167
2014-03-01,송현제림타운건너,5633,9923
2014-03-01,송현제림타운앞,3777,863
2014-03-01,송현초등학교건너,3710,834
2014-03-01,송현초등학교앞,10247,355
2014-03-01,수리리,97,63
2014-03-01,수성4가동주민센터앞,760,186
2014-03-01,수성경찰서건너,29078,7549
2014-03-01,수성경찰서앞,19740,11780
2014-03-01,수성고등학교건너,5485,1070
2014-03-01,수성고등학교앞,3326,519
2014-03-01,수성관광호텔건너,2709,376
2014-03-01,수성관광호텔앞,2672,385
2014-03-01,수성교1,8677,5865
2014-03-01,수성교2,6882,3993
2014-03-01,수성구민운동장건너,8825,2506
2014-03-01,수성구민운동장앞,6632,12847
2014-03-01,수성구보건소건너,28509,2623
2014-03-01,수성구보건소앞,11437,4051
2014-03-01,수성구청건너,28889,11798
2014-03-01,수성구청앞,26556,8525
2014-03-01,수성네거리1,16725,6864
2014-03-01,수성네거리2,14840,3153
2014-03-01,수성대학교건너,48511,9363
2014-03-01,수성대학교앞,20321,18040
2014-03-01,수성도서관건너,15070,2436
2014-03-01,수성도서관앞,8299,3077
2014-03-01,수성동삼익맨션앞,1,0
2014-03-01,수성동일하이빌앞,870,113
2014-03-01,수성랜드1,4521,209
2014-03-01,수성랜드2,1269,3431
2014-03-01,수성랜드건너,1862,655
2014-03-01,수성랜드건너2,541,602
2014-03-01,수성랜드앞,1224,2025
2014-03-01,수성롯데캐슬건너,15592,2049
2014-03-01,수성롯데캐슬앞,19634,6083
2014-03-01,수성못건너,1023,383
2014-03-01,수성못앞,1414,815
2014-03-01,수성못오거리1,15096,2653
2014-03-01,수성못오거리2,16937,3280
2014-03-01,수성못오거리5,864,416
2014-03-01,수성못코오롱하늘채,4502,3797
2014-03-01,수성소방서1,361,1292
2014-03-01,수성소방서2,269,1728
2014-03-01,수성시니어클럽건너,2553,2851
2014-03-01,수성시니어클럽앞,7066,1322
2014-03-01,수성시장건너,3295,1290
2014-03-01,수성시장네거리1,14076,2674
2014-03-01,수성시장네거리2,16414,6436
2014-03-01,수성시장앞,2804,951
2014-03-01,수성아트피아건너,7009,3609
2014-03-01,수성아트피아앞,4415,2739
2014-03-01,수성요양병원,650,73
2014-03-01,수성월드메르디앙건너,443,112
2014-03-01,수성월드메르디앙앞,1291,43
2014-03-01,수성초등학교,7261,2789
2014-03-01,수성태영데시앙건너,1619,947
2014-03-01,수성태영데시앙앞,4841,572
2014-03-01,수성하이츠,2976,195
2014-03-01,수정맨션앞,2070,192
2014-03-01,수창초등학교,744,4437
2014-03-01,수태골건너,8,4
2014-03-01,수태골앞,38,0
2014-03-01,스파밸리1,107,310
2014-03-01,스파밸리2,8941,46
2014-03-01,시립희망원,1000,498
2014-03-01,시민교회건너,1104,110
2014-03-01,시민교회앞,703,561
2014-03-01,시민운동장(야구장건너),3924,565
2014-03-01,시민운동장(야구장앞),3531,704
2014-03-01,시민운동장(축구장건너),4486,4256
2014-03-01,시민운동장(축구장앞),5119,939
2014-03-01,시지(종점),2860,444
2014-03-01,시지대성유니드건너,816,32
2014-03-01,시지대성유니드앞,2205,1781
2014-03-01,시지보성아파트앞,27324,10289
2014-03-01,시지중학교,21341,1108
2014-03-01,시지천마타운앞,3949,1916
2014-03-01,시청별관건너1,8600,2812
2014-03-01,시청별관건너2,6306,1484
2014-03-01,시청별관앞(구.경북도청),5638,4304
2014-03-01,신기리1,38,40
2014-03-01,신기리2,878,66
2014-03-01,신기역(화성타운건너),11551,1607
2014-03-01,신기역(화성타운앞),15384,1826
2014-03-01,신남역(1번출구),5198,1197
2014-03-01,신당동주민센터건너,1958,996
2014-03-01,신당동주민센터앞,10782,573
2014-03-01,신당리,1410,11
2014-03-01,신덕마을입구,273,156
2014-03-01,신도운수건너,1032,123
2014-03-01,신도운수앞,1111,120
2014-03-01,신매광장건너,46805,9256
2014-03-01,신매광장앞,52418,9041
2014-03-01,신매시장,5382,12412
2014-03-01,신매초등학교건너,9435,1960
2014-03-01,신매초등학교앞,9580,2404
2014-03-01,신매태성아파트,81,610
2014-03-01,신매태성아파트건너,7239,2370
2014-03-01,신무동1,675,0
2014-03-01,신무동2,0,3
2014-03-01,신생원건너,1,1
2014-03-01,신생원앞,35,2
2014-03-01,신서성당건너,4602,415
2014-03-01,신서성당앞,4,375
2014-03-01,신성에스앤티건너,722,49
2014-03-01,신성에스앤티앞,126,8
2014-03-01,신성중공업건너,7,169
2014-03-01,신성중공업앞,432,0
2014-03-01,신성초등학교건너,7541,11096
2014-03-01,신성초등학교앞,8783,1522
2014-03-01,신세계병원건너,25564,15277
2014-03-01,신세계병원앞,11830,11647
2014-03-01,신세계주유소건너,7591,305
2014-03-01,신세계주유소앞,1038,1290
2014-03-01,신세월입구,26,1
2014-03-01,신신정비공장1,11104,6040
2014-03-01,신신정비공장2,33511,26300
2014-03-01,신암건영캐스빌건너,3963,757
2014-03-01,신암건영캐스빌앞,1953,105
2014-03-01,신암보성아파트건너,1602,542
2014-03-01,신암보성아파트앞,1182,1082
2014-03-01,신암초등학교건너,6197,2673
2014-03-01,신천3동행정복지센터건너,4227,612
2014-03-01,신천3동행정복지센터앞,2054,2504
2014-03-01,신천3치안센터건너,4122,1441
2014-03-01,신천3치안센터앞,6156,3562
2014-03-01,신천LH아파트건너,8914,2257
2014-03-01,신천LH아파트앞,14693,5202
2014-03-01,신천교1,1998,933
2014-03-01,신천교2,1758,325
2014-03-01,신천시장건너,3187,723
2014-03-01,신천시장앞,4466,1306
2014-03-01,신천역(2번출구),4935,2397
2014-03-01,신천역(3번출구),2436,901
2014-03-01,신천역(4번출구),7131,3297
2014-03-01,신천역(5번출구),12277,2032
2014-03-01,신천초등학교건너,643,50
2014-03-01,신천초등학교앞,405,61
2014-03-01,신평동1,521,1854
2014-03-01,신평동2,2852,141
2014-03-01,신평리네거리1,24421,10663
2014-03-01,신평리네거리2,32156,10521
2014-03-01,신평리주유소건너,1884,282
2014-03-01,신평리주유소앞,686,403
2014-03-01,신흥버스,18120,3162
2014-03-01,실내체육관건너,3908,813
2014-03-01,실내체육관앞,4156,1525
2014-03-01,심신수련장입구건너,1600,218
2014-03-01,심신수련장입구앞,799,198
2014-03-01,심인고등학교건너,27283,3451
2014-03-01,심인고등학교앞,16189,2498
2014-03-01,쌍용머티리얼,1859,99
2014-03-01,아너스월성앞,3999,445
2014-03-01,아멕스,534,17
2014-03-01,아멕스건너,1021,16
2014-03-01,아양교1,4065,1210
2014-03-01,아양교2,14827,15605
2014-03-01,아양교3,1069,23899
2014-03-01,아양교4,5592,1053
2014-03-01,아양교역(1번출구),83166,80763
2014-03-01,아양교역(2번출구),95212,10018
2014-03-01,아양아트센터건너,4268,297
2014-03-01,아양아트센터앞,1592,283
2014-03-01,아주섬유건너,4,34
2014-03-01,아주섬유앞,165,1
2014-03-01,아주철강건너,129,10
2014-03-01,아주철강앞,135,8
2014-03-01,안심교(경산방향),217,102
2014-03-01,안심교(반야월방향),454,7160
2014-03-01,안심신우타운앞,2141,3979
2014-03-01,안심역(4번출구),64735,555
2014-03-01,안심역(5번출구),6709,59521
2014-03-01,안심주공1단지건너,13550,1711
2014-03-01,안심주공1단지앞,6936,761
2014-03-01,안심주공2단지앞,518,1467
2014-03-01,안심중학교건너,1362,2025
2014-03-01,안심중학교앞,1971,1409
2014-03-01,안심효성타운건너,13207,1656
2014-03-01,안심효성타운앞,28349,2720
2014-03-01,안지랑네거리1,27137,9030
2014-03-01,안지랑네거리2,32038,9323
2014-03-01,앞산공원,12336,4354
2014-03-01,앞산공원관리사무소건너,286,76
2014-03-01,앞산공원관리사무소앞,6,670
2014-03-01,앞산궁도장건너,804,117
2014-03-01,앞산궁도장앞,336,27
2014-03-01,앞산별자리체험학습장1,3856,37
2014-03-01,앞산별자리체험학습장2,95,661
2014-03-01,앞산보성타운건너,125,62
2014-03-01,앞산보성타운앞,3137,9
2014-03-01,앞산빨래터공원,787,111
2014-03-01,앞산빨래터공원1,1086,55
2014-03-01,앞산자락카페마실건너,49,200
2014-03-01,앞산자락카페마실앞,1242,501
2014-03-01,앞산청구제네스건너,6528,2708
2014-03-01,앞산청구제네스앞,15744,2402
2014-03-01,앞산힐스테이트건너,2989,574
2014-03-01,앞산힐스테이트앞,1148,300
2014-03-01,약령시건너(동성로입구),245071,36925
2014-03-01,약령시앞,166382,81543
2014-03-01,약령시입구,3705,1869
2014-03-01,약사회관건너,306,55
2014-03-01,약사회관앞,609,54
2014-03-01,약산온천입구,1035,270
2014-03-01,양지마을건너,252,405
2014-03-01,양지마을앞,5779,38
2014-03-01,어린이회관건너1,3083,5607
2014-03-01,어린이회관건너2,45,496
2014-03-01,어린이회관앞,6993,3759
2014-03-01,에이스이노텍건너,171,19
2014-03-01,에이스이노텍앞,495,231
2014-03-01,엑스코건너,4379,1570
2014-03-01,엑스코앞,13407,743
2014-03-01,엘디스리젠트호텔건너,7259,5337
2014-03-01,엘디스리젠트호텔앞,4788,6554
2014-03-01,여성메디파크,969,614
2014-03-01,역전시장건너,5939,1235
2014-03-01,역전시장앞,6680,981
2014-03-01,연경1,87,20
2014-03-01,연경2,584,6
2014-03-01,연암네거리1,20911,3915
2014-03-01,연암네거리2,4433,538
2014-03-01,연암네거리3,255,2604
2014-03-01,연젓마을건너,33,0
2014-03-01,연젓마을입구,1,4
2014-03-01,연호동,1,15
2014-03-01,연호동(종점),35,3
2014-03-01,연호동화훼단지1,4131,3132
2014-03-01,연호동화훼단지2,13614,832
2014-03-01,연호역(3번출구),71,11
2014-03-01,연호역(3번출구)건너,5,25
2014-03-01,연호지,299,528
2014-03-01,연호지건너,192,5956
2014-03-01,연화리1,3,5
2014-03-01,연화리2,12,226
2014-03-01,열병합발전소앞,0,1
2014-03-01,영남고등학교건너,21337,21209
2014-03-01,영남고등학교앞,43259,3820
2014-03-01,영남네오빌건너,1235,60
2014-03-01,영남네오빌비스타,1305,323
2014-03-01,영남네오빌앞,360,578
2014-03-01,영남농업연구소콩연구,2,10
2014-03-01,영남우방타운1차건너,4333,464
2014-03-01,영남우방타운1차앞,6419,376
2014-03-01,영남이공대학건너,17534,3761
2014-03-01,영남이공대학앞,34623,1538
2014-03-01,영남일보건너,3742,600
2014-03-01,영남종합전기,483,93
2014-03-01,영대병원역,47003,4085
2014-03-01,영대병원역(3번출구),38549,16934
2014-03-01,영일무역건너,363,12
2014-03-01,영일무역앞,65,87
2014-03-01,영조아파트건너,5,44
2014-03-01,영조아파트앞,2513,13
2014-03-01,영진고등학교건너,26285,2789
2014-03-01,영진고등학교앞,50505,20668
2014-03-01,영진교통(종점),676,20
2014-03-01,영진산업,388,7
2014-03-01,영진전문대학정문건너,14758,2284
2014-03-01,영진전문대학정문앞,25790,4244
2014-03-01,영진전문대학후문건너,39280,6215
2014-03-01,영진전문대학후문앞,50558,15810
2014-03-01,영화,703,133
2014-03-01,예현2리마을회관,359,1
2014-03-01,오뚜기물류센터,185,6
2014-03-01,오설리,8,4
2014-03-01,오성아파트,227,5763
2014-03-01,오페라삼정그린코아APT,17312,3070
2014-03-01,오페라하우스건너,1284,431
2014-03-01,오페라하우스앞,1300,435
2014-03-01,옥분리(구진터),146,2
2014-03-01,옥분리1,37,31
2014-03-01,옥분리마을회관앞,276,3
2014-03-01,옥산정미소,372,4
2014-03-01,옥연지,3,4
2014-03-01,옥연지건너,23,47
2014-03-01,옥포간경리1,1631,964
2014-03-01,옥포간경리2,9723,427
2014-03-01,옥포농협,364,33
2014-03-01,옥포농협강림지소건너,1184,627
2014-03-01,옥포농협강림지소앞,6232,91
2014-03-01,옥포농협건너,5856,129
2014-03-01,옥포농협앞,1069,287
2014-03-01,옥포무지개마을,4418,120
2014-03-01,옥포주유소앞,268,132
2014-03-01,옥포중앙교회앞,105,64
2014-03-01,옥포초등학교건너,800,782
2014-03-01,옥포초등학교앞,5406,674
2014-03-01,올림픽기념관건너,9939,4305
2014-03-01,올림픽기념관앞,16144,2394
2014-03-01,와룡공원건너,420,685
2014-03-01,와룡공원앞,757,139
2014-03-01,와룡시장,7440,399
2014-03-01,와룡시장건너,2385,651
2014-03-01,용계동1,8,21
2014-03-01,용계동2,506,740
2014-03-01,용계동3,3361,172
2014-03-01,용계동4,481,229
2014-03-01,용계삼거리1,12690,12304
2014-03-01,용계삼거리2,3744,2774
2014-03-01,용계삼거리3,834,680
2014-03-01,용계삼거리4,584,989
2014-03-01,용계역(1번출구),22336,4409
2014-03-01,용계역(2번출구),6095,1214
2014-03-01,용산1동주민센터건너,8781,3716
2014-03-01,용산1동주민센터앞,4847,1654
2014-03-01,용산2동주민센터건너,5100,2653
2014-03-01,용산2동주민센터앞,38619,2594
2014-03-01,용산네거리1,30456,4911
2014-03-01,용산네거리2,65106,17693
2014-03-01,용산역,1580,87
2014-03-01,용산역(1번출구),1814,365
2014-03-01,용산역(2번출구),44469,6899
2014-03-01,용산종합큰시장건너,14657,940
2014-03-01,용산종합큰시장앞,7435,1692
2014-03-01,용수동1,0,4
2014-03-01,용수동2,189,0
2014-03-01,용연사,204,6
2014-03-01,용연사시설집단지구건너,112,0
2014-03-01,용연사시설집단지구앞,33,11
2014-03-01,우록리,2,0
2014-03-01,우록리(부곡장식당),7,6
2014-03-01,우록리(선흥사입구),14,23
2014-03-01,우록리(종점),16757,7712
2014-03-01,우방강촌마을건너,35816,1496
2014-03-01,우방강촌마을앞,14322,2552
2014-03-01,우방금탑아파트(서편),3077,7280
2014-03-01,우방드림시티건너,2696,4798
2014-03-01,우방드림시티앞,7850,1381
2014-03-01,우방만촌하이츠건너,5024,2698
2014-03-01,우방만촌하이츠앞,5887,3947
2014-03-01,우방송현하이츠,797,148
2014-03-01,우방송현하이츠건너,250,37
2014-03-01,우방신세계타운앞,7,1
2014-03-01,우방신천지타운건너,3679,563
2014-03-01,우방신천지타운앞,14136,2875
2014-03-01,우방아파트삼거리,329,257
2014-03-01,우방죽전타운건너,10191,4502
2014-03-01,우방죽전타운앞1,8499,942
2014-03-01,우방죽전타운앞2,2488,312
2014-03-01,우방청솔맨션건너,12990,2544
2014-03-01,우방청솔맨션앞,17375,21358
2014-03-01,욱수초등학교건너,6026,2903
2014-03-01,욱수초등학교앞,43264,1244
2014-03-01,운암지공원1,463,5
2014-03-01,운암지공원2,7,265
2014-03-01,운암초등학교건너,13266,922
2014-03-01,운암초등학교앞,12809,90
2014-03-01,웃갈미마을건너,217,14
2014-03-01,웃갈미마을앞,4,15
2014-03-01,웃는얼굴아트센터1,1198,21
2014-03-01,웃는얼굴아트센터2,809,92
2014-03-01,원대네거리,1165,192
2014-03-01,원대시장건너,24553,2860
2014-03-01,원대시장건너2,2013,715
2014-03-01,원대시장앞,16607,7078
2014-03-01,원대역1,15169,25508
2014-03-01,원대역2,21153,3480
2014-03-01,원대오거리북편1,2635,2777
2014-03-01,원대오거리북편2,987,389
2014-03-01,원불교앞,663,673
2014-03-01,월곡네거리,200,750
2014-03-01,월광수변공원,3310,215
2014-03-01,월드컵삼거리,770,220
2014-03-01,월드컵삼거리앞,652,805
2014-03-01,월배농협대덕지점건너,3928,572
2014-03-01,월배시장건너,15907,5833
2014-03-01,월배시장앞,18428,1881
2014-03-01,월배쌍용예가건너,1600,1
2014-03-01,월배쌍용예가앞,9,49
2014-03-01,월배역(3번출구),11383,9930
2014-03-01,월배역(4번출구),11122,3466
2014-03-01,월배이안아파트건너,138,3
2014-03-01,월배이안아파트앞,41,29
2014-03-01,월배중학교건너,1985,1714
2014-03-01,월배중학교앞,744,697
2014-03-01,월배차량기지건너,3,29
2014-03-01,월배차량기지앞,167,0
2014-03-01,월배초등학교건너,9699,3655
2014-03-01,월배힐스테이트건너,1997,35
2014-03-01,월배힐스테이트앞,5,136
2014-03-01,월성1동주민센터건너,8171,1850
2014-03-01,월성1동주민센터앞,4837,295
2014-03-01,월성2동주민센터건너,18609,2092
2014-03-01,월성2동주민센터앞,35872,3116
2014-03-01,월성e-편한세상건너,18912,2951
2014-03-01,월성e-편한세상앞,1320,2694
2014-03-01,월성영남맨션앞,895,345
2014-03-01,월성자이앞,198,419
2014-03-01,월성주공2단지앞,12483,2039
2014-03-01,월성주공3단지,1989,976
2014-03-01,월성주공4단지건너,43522,4779
2014-03-01,월성주공4단지앞1,3126,287
2014-03-01,월성주공4단지앞2,22259,4091
2014-03-01,월성주공5단지앞,8130,6173
2014-03-01,월성청구코아건너,27958,2117
2014-03-01,월성청구코아앞,19302,4709
2014-03-01,월성코오롱하늘채건너,398,111
2014-03-01,월성코오롱하늘채앞,3870,257
2014-03-01,월성푸르지오앞,20709,3222
2014-03-01,월암교1,1135,6
2014-03-01,월암교2,310,50
2014-03-01,월촌고가교1,381,476
2014-03-01,월촌고가교2,2283,219
2014-03-01,월촌역(6번출구),23056,1958
2014-03-01,월촌역(7번출구),8963,4188
2014-03-01,월촌초등학교건너,1464,219
2014-03-01,월촌초등학교앞,1571,978
2014-03-01,위남마을입구,3820,508
2014-03-01,위천1리건너,401,33
2014-03-01,위천1리앞,1897,66
2014-03-01,위천삼거리(논공방향),473,47
2014-03-01,위천삼거리(현풍방향),220,148
2014-03-01,유가사(종점),667,45
2014-03-01,유곡리,13,2
2014-03-01,유곡리(회차지),42,1
2014-03-01,유니버시아드레포츠센터건너,3407,1491
2014-03-01,유니버시아드선수촌2단지건너,15152,4985
2014-03-01,유니버시아드선수촌2단지앞,3852,751
2014-03-01,유림물산,1806,301
2014-03-01,유림한의원건너,819,262
2014-03-01,유산리,207,3
2014-03-01,유신섬유네거리1,834,106
2014-03-01,유신섬유네거리2,3666,39
2014-03-01,유천교(유천치안센터건너),12799,6754
2014-03-01,유천교(유천치안센터앞),22967,13478
2014-03-01,유천교1,15113,359
2014-03-01,유천교2,569,4928
2014-03-01,유천포스코건너,3025,158
2014-03-01,유천포스코앞,4559,7309
2014-03-01,유통단지회차지,704,119
2014-03-01,유통단지회차지2,3552,18
2014-03-01,육상진흥센터건너,217,53
2014-03-01,육상진흥센터앞,194,236
2014-03-01,육신사,126,5
2014-03-01,율원초등학교건너,26,1852
2014-03-01,율원초등학교앞,4040,97
2014-03-01,율하역,898,3593
2014-03-01,율하역(4번출구),12055,2188
2014-03-01,율하역(5번출구),10899,951
2014-03-01,율하휴먼시아15단지앞,9073,4914
2014-03-01,율하휴먼시아5단지건너,154,246
2014-03-01,율하휴먼시아5단지앞,2752,685
2014-03-01,율하휴먼시아6단지건너,1519,792
2014-03-01,율하휴먼시아6단지앞,12387,583
2014-03-01,율하휴먼시아8단지앞,9952,337
2014-03-01,율하휴먼시아9단지앞,1444,454
2014-03-01,은하타운건너,1047,1023
2014-03-01,은하타운앞,1404,2281
2014-03-01,은행APT입구,485,430
2014-03-01,읍내동주민센터건너,6636,2304
2014-03-01,읍내동주민센터앞,405,90
2014-03-01,응암1리1,30,10
2014-03-01,응암1리2,13,0
2014-03-01,응암2리,2,0
2014-03-01,응암2리건너,18,177
2014-03-01,응암2리앞,4,81
2014-03-01,응암3리1,3,1
2014-03-01,응암3리2,21,0
2014-03-01,이곡1동주민센터건너,9835,829
2014-03-01,이곡1동주민센터앞,4219,2989
2014-03-01,이곡마을,384,13
2014-03-01,이곡양수장건너,87,64
2014-03-01,이곡양수장앞,243,848
2014-03-01,이곡장미공원건너,4876,881
2014-03-01,이곡장미공원앞,4306,985
2014-03-01,이마트경산점,8979,3364
2014-03-01,이마트반야월점건너,1705,273
2014-03-01,이마트반야월점앞,3263,953
2014-03-01,이마트시지점건너,4540,1548
2014-03-01,이마트시지점앞,438,560
2014-03-01,이마트월배점건너,331,2658
2014-03-01,이마트월배점앞,8334,928
2014-03-01,이마트칠성점앞,2906,1626
2014-03-01,이마트트레이더스건너,17130,3330
2014-03-01,이마트트레이더스앞,18444,5155
2014-03-01,이시아폴리스더샵1단지,41594,1164
2014-03-01,이시아폴리스더샵2단지,3527,1148
2014-03-01,이월드(구.우방랜드)건너,1684,159
2014-03-01,이월드(구.우방랜드)앞,583,192
2014-03-01,이월드(구.우방랜드)정문,7407,7334
2014-03-01,이월드(구.우방랜드)후문건너,3102,1546
2014-03-01,이월드(구.우방랜드)후문앞,2123,396
2014-03-01,이천동,4,19
2014-03-01,이천동(종점),66,0
2014-03-01,이천리(시내방향),163,1
2014-03-01,이천리(시외방향),121,0
2014-03-01,이천새마을금고건너,10344,579
2014-03-01,이천치안센터건너,2069,2794
2014-03-01,이현고개삼거리,2,3
2014-03-01,이현삼거리1,93,211
2014-03-01,이현삼거리2,1010,113
2014-03-01,이현삼거리3,3127,1253
2014-03-01,이현자동차검사소건너,1969,329
2014-03-01,이현자동차검사소앞,819,115
2014-03-01,이현지구대건너,816,406
2014-03-01,이현지구대앞,506,189
2014-03-01,인동촌시장건너,3008,2343
2014-03-01,인동촌시장입구,14209,612
2014-03-01,인산마을건너,1098,9
2014-03-01,인산마을앞,32,70
2014-03-01,인지초등학교입구,3,2
2014-03-01,인터불고호텔,94,18
2014-03-01,일심제약,163,22
2014-03-01,입석중학교건너,11081,3470
2014-03-01,입석중학교앞,5605,2109
2014-03-01,잉꼬아파트건너,704,161
2014-03-01,잉꼬아파트앞,1827,1437
2014-03-01,자모공원,44,0
2014-03-01,장관빌라건너,1542,102
2014-03-01,장관빌라앞,1117,145
2014-03-01,장기영남네오빌,38,28
2014-03-01,장기초등학교,1433,336
2014-03-01,장기초등학교1,6,54
2014-03-01,장기초등학교2,50,8
2014-03-01,장기초록나라건너,3487,4156
2014-03-01,장기초록나라앞,6916,471
2014-03-01,장기파랑새마을앞,54,67
2014-03-01,장동초등학교건너,3620,29
2014-03-01,장동초등학교앞,167,763
2014-03-01,장산초등학교건너,409,69
2014-03-01,장산초등학교앞,1213,94
2014-03-01,장성초등학교건너,1464,9392
2014-03-01,장성초등학교앞,529,2239
2014-03-01,장태실마을건너,560,121
2014-03-01,장태실마을앞,35,17
2014-03-01,적십자혈액원건너,3673,709
2014-03-01,적십자혈액원앞,2685,896
2014-03-01,전기안전공사건너,1444,1595
2014-03-01,전기안전공사앞,3407,428
2014-03-01,전기재료관1,406,546
2014-03-01,전기재료관2,132,308
2014-03-01,전자관,4511,1251
2014-03-01,전자상가,12437,1881
2014-03-01,정대2리(마내미골)종점,8410,3958
2014-03-01,정대2리(잿들마을)앞,1,3
2014-03-01,정대2리마을회관앞,9,11
2014-03-01,정대숲건너,1,2
2014-03-01,정동고등학교건너,7089,2383
2014-03-01,정동고등학교앞,12344,763
2014-03-01,정부대구지방합동청사건너,345,41
2014-03-01,정부대구지방합동청사앞,146,98
2014-03-01,정부대구지방합동청사후문1,1329,895
2014-03-01,정화우방팔레스,16402,7117
2014-03-01,정화우방팔레스건너,30225,3208
2014-03-01,제일규산,1250,27
2014-03-01,제일여자상업고등학교건너,20590,7091
2014-03-01,제일여자상업고등학교앞,22476,3134
2014-03-01,조달청건너,3822,2142
2014-03-01,조달청앞,8538,882
2014-03-01,조암네거리1,365,43
2014-03-01,조암네거리2,732,695
2014-03-01,조암초등학교건너,35,4
2014-03-01,조암초등학교앞,199,8
2014-03-01,조야동(종점),12955,659
2014-03-01,조야초등학교입구,2,1
2014-03-01,조일로봇고등학교(종점),8949,696
2014-03-01,주1리1,25,13
2014-03-01,주1리2,594,66
2014-03-01,주2리(최정사입구),2,22
2014-03-01,주2리1,329,2
2014-03-01,주리(삼진식당),0,13
2014-03-01,죽곡2지구1,2,4
2014-03-01,죽곡2지구2,0,34
2014-03-01,죽전119안전센터건너,4279,2122
2014-03-01,죽전119안전센터앞,5420,763
2014-03-01,죽전그린빌건너,4108,2914
2014-03-01,죽전그린빌앞,13151,1230
2014-03-01,죽전네거리1,35460,5614
2014-03-01,죽전네거리2,20363,8170
2014-03-01,중구보건소건너,3724,6848
2014-03-01,중구보건소앞,2490,1734
2014-03-01,중구청건너,28846,4761
2014-03-01,중구청앞,30863,16559
2014-03-01,중대1동회관앞,2590,5
2014-03-01,중동교1,4391,8406
2014-03-01,중동교2,1382,192
2014-03-01,중동네거리1,5828,1212
2014-03-01,중동네거리2,3381,6287
2014-03-01,중동서울아파트건너,357,121
2014-03-01,중동서울아파트앞,18,0
2014-03-01,중동시장건너,18974,6202
2014-03-01,중동시장앞,25202,2226
2014-03-01,중동주민센터건너,570,109
2014-03-01,중동주민센터앞,377,235
2014-03-01,중동치안센터건너,1719,161
2014-03-01,중동치안센터앞,555,173
2014-03-01,중리광명맨션건너,16930,1573
2014-03-01,중리광명맨션앞,9947,2173
2014-03-01,중리네거리1,6770,1498
2014-03-01,중리네거리2,7020,1612
2014-03-01,중리롯데캐슬건너,11214,6970
2014-03-01,중리롯데캐슬서편,5383,1765
2014-03-01,중리롯데캐슬앞,19236,2333
2014-03-01,중리롯데캐슬정문앞,638,93
2014-03-01,중리마을,2773,10
2014-03-01,중리삼거리1,19,147
2014-03-01,중리삼거리2,1830,11
2014-03-01,중리시장건너1,384,190
2014-03-01,중리시장건너2,701,204
2014-03-01,중리시장앞,8064,1320
2014-03-01,중리중학교,844,89
2014-03-01,중마을(갓바위방향),99,749
2014-03-01,중마을(시내방향),291,2
2014-03-01,중부소방서건너,2096,1484
2014-03-01,중부소방서앞,7768,1838
2014-03-01,중석타운건너,80,426
2014-03-01,중석타운앞,12419,159
2014-03-01,중소기업관건너,61,749
2014-03-01,중소기업관앞,1447,148
2014-03-01,중소기업지원센터,369,74
2014-03-01,중심마을,203,53
2014-03-01,중앙일보건너,1632,1142
2014-03-01,중앙일보앞,5798,126
2014-03-01,지묘동1,3774,514
2014-03-01,지묘동2,11141,148
2014-03-01,지묘초등학교건너,8267,415
2014-03-01,지묘초등학교앞,810,173
2014-03-01,지산2길입구,280,2
2014-03-01,지산2길입구건너,150,5
2014-03-01,지산동서맨션건너,7191,1584
2014-03-01,지산동서맨션앞,22240,886
2014-03-01,지산목련아파트건너,25250,1409
2014-03-01,지산목련아파트앞,12709,2559
2014-03-01,지산시영아파트1단지건너,2412,1483
2014-03-01,지산시영아파트1단지앞,7076,283
2014-03-01,지산영남맨션앞,3435,2024
2014-03-01,지산우방아파트,6294,1171
2014-03-01,지산중학교입구,535,344
2014-03-01,지산청구타운건너,2854,2530
2014-03-01,지산청구타운앞,21784,800
2014-03-01,지산타운건너,31920,716
2014-03-01,지산타운앞,2976,6415
2014-03-01,지산한라타운건너,21890,552
2014-03-01,지산한라타운앞,3244,2997
2014-03-01,지산현대주택건너,5664,2636
2014-03-01,지산현대주택앞,16801,1753
2014-03-01,지산화성파크드림,1648,679
2014-03-01,지저동행정복지센터건너,21802,2984
2014-03-01,지저동행정복지센터앞,5141,1120
2014-03-01,진달래아파트건너,10382,3601
2014-03-01,진달래아파트앞,15427,4882
2014-03-01,진월초등학교건너,1376,872
2014-03-01,진월초등학교앞,591,639
2014-03-01,진인동(양지마을)건너,2,26
2014-03-01,진인동(양지마을)앞,141,10
2014-03-01,진인동(진정마을)1,96,16
2014-03-01,진인동(진정마을)2,29,4
2014-03-01,진정마을1,1447,10
2014-03-01,진정마을2,59,30
2014-03-01,진천역(1번출구),38490,6919
2014-03-01,진천역(2번출구),23671,7090
2014-03-01,진천청구타운건너,913,405
2014-03-01,진천청구타운앞,3715,319
2014-03-01,징리보건소,44,0
2014-03-01,차량등록사업소건너,524,856
2014-03-01,차량등록사업소앞,887,165
2014-03-01,창1리2,107,30
2014-03-01,천내영남맨션,13,0
2014-03-01,천내우방1차,1,0
2014-03-01,첨단의료산업진흥재단건너,250,707
2014-03-01,첨단의료산업진흥재단앞,3,86
2014-03-01,청구고등학교건너,19625,2294
2014-03-01,청구고등학교앞,26439,5589
2014-03-01,청구그린맨션1차건너,12011,2333
2014-03-01,청구그린맨션1차앞,17386,3017
2014-03-01,청구시장건너,7050,501
2014-03-01,청구시장건너2,472,299
2014-03-01,청구시장북편,2899,324
2014-03-01,청구시장북편건너,3815,447
2014-03-01,청구시장앞,7046,1150
2014-03-01,청구중동아파트,420,702
2014-03-01,청구타운건너,1461,1585
2014-03-01,청구타운앞,1489,347
2014-03-01,청기와주유소건너,23305,4445
2014-03-01,청기와주유소앞,21283,3350
2014-03-01,청남타운건너,1577,89
2014-03-01,청남타운앞,412,586
2014-03-01,청백다례원,1627,1525
2014-03-01,청소년수련원건너,377,125
2014-03-01,청소년수련원앞,642,641
2014-03-01,청아람푸르지오2단지1,1,7
2014-03-01,청아람푸르지오2단지2,106,0
2014-03-01,청운맨션건너,1186,326
2014-03-01,청운맨션앞,1015,736
2014-03-01,초곡리입구건너,4,18
2014-03-01,초곡리입구앞,11,14
2014-03-01,충혼탑건너,5436,80
2014-03-01,충혼탑앞,62,654
2014-03-01,측백수림건너,658,1
2014-03-01,측백수림앞,9,8
2014-03-01,칠곡2차영남타운건너,3917,521
2014-03-01,칠곡2차영남타운앞,5112,621
2014-03-01,칠곡3차보성타운1,1295,255
2014-03-01,칠곡3차보성타운2,8492,496
2014-03-01,칠곡3차화성타운1,6688,73
2014-03-01,칠곡3차화성타운2,10512,235
2014-03-01,칠곡3차화성타운3,59,289
2014-03-01,칠곡경대병원역,18,512
2014-03-01,칠곡경북대병원,911,235
2014-03-01,칠곡경북대병원정문건너,334,362
2014-03-01,칠곡경북대병원정문앞,4980,16
2014-03-01,칠곡경북대병원후문건너,5194,349
2014-03-01,칠곡경북대병원후문앞,291,3
2014-03-01,칠곡그린빌2차건너,11184,427
2014-03-01,칠곡그린빌2차앞,21491,1327
2014-03-01,칠곡그린빌3차건너,18542,411
2014-03-01,칠곡그린빌3차앞,451,1255
2014-03-01,칠곡그린빌5단지건너,3022,258
2014-03-01,칠곡그린빌5단지앞,3077,1318
2014-03-01,칠곡그린빌6단지건너,1108,175
2014-03-01,칠곡그린빌6단지앞,246,67
2014-03-01,칠곡그린파크1,10287,2737
2014-03-01,칠곡그린파크2,25700,1216
2014-03-01,칠곡네스빌,173,117
2014-03-01,칠곡대백맨션건너,5836,61
2014-03-01,칠곡대백맨션앞,202,674
2014-03-01,칠곡동화아파트건너,3846,2399
2014-03-01,칠곡동화아파트앞,20581,2054
2014-03-01,칠곡롯데아파트건너,36,255
2014-03-01,칠곡롯데아파트앞,5889,28
2014-03-01,칠곡부영1단지,4147,375
2014-03-01,칠곡서한맨션,1099,20
2014-03-01,칠곡서한맨션앞,133,389
2014-03-01,칠곡시장건너,15452,982
2014-03-01,칠곡시장앞,2479,2538
2014-03-01,칠곡에덴타운건너,34815,9540
2014-03-01,칠곡에덴타운앞,27993,4554
2014-03-01,칠곡우방타운건너(종점),3802,5
2014-03-01,칠곡우방타운건너(종점),113,5
2014-03-01,칠곡우방타운앞(종점),2733,119
2014-03-01,칠곡주공그린빌1단지건너,3046,516
2014-03-01,칠곡주공그린빌1단지앞,11087,377
2014-03-01,칠곡중학교건너(칠곡향교건너),1574,681
2014-03-01,칠곡중학교앞(칠곡향교앞),22343,1029
2014-03-01,칠곡청구타운건너,445,670
2014-03-01,칠곡청구타운앞,4155,187
2014-03-01,칠곡초등학교건너,133,597
2014-03-01,칠곡초등학교앞,2354,233
2014-03-01,칠곡한라타운건너,5134,71
2014-03-01,칠곡한라타운앞,66,588
2014-03-01,칠곡한서타운건너,12537,1364
2014-03-01,칠곡한신아파트건너,2258,296
2014-03-01,칠곡한신아파트앞1,10974,1057
2014-03-01,칠곡한신아파트앞2,1094,159
2014-03-01,칠곡화성타운건너,8864,131
2014-03-01,칠곡화성타운앞1,8797,2503
2014-03-01,칠곡화성타운앞2,2688,740
2014-03-01,칠성고가도로하단,654,65
2014-03-01,칠성꽃도매시장건너,839,1272
2014-03-01,칠성꽃도매시장앞,1926,2229
2014-03-01,칠성시장(농협건너),85,210
2014-03-01,칠성시장(농협앞),1287,255
2014-03-01,칠성시장(양친회신협),2,32
2014-03-01,칠성시장(전자상가건너),6007,437
2014-03-01,칠성시장(전자상가앞),1796,1120
2014-03-01,칠성시장건너,44111,21320
2014-03-01,칠성시장앞1,2458,5651
2014-03-01,칠성시장역(서문프라자건너),3879,6587
2014-03-01,칠성시장역(서문프라자앞),29604,2568
2014-03-01,칠성우방타운,713,245
2014-03-01,침산3동주민센터,13589,1365
2014-03-01,침산남영타운건너,3519,2344
2014-03-01,침산남영타운앞,8074,531
2014-03-01,침산네거리1,11757,1329
2014-03-01,침산네거리2,18867,3904
2014-03-01,침산동화타운건너,6709,162
2014-03-01,침산동화타운앞,455,1138
2014-03-01,침산변전소건너,12340,3422
2014-03-01,침산변전소앞,11040,2206
2014-03-01,침산쌍용예가아파트앞,238,360
2014-03-01,침산중학교건너,2861,232
2014-03-01,침산중학교앞,5622,385
2014-03-01,침산초등학교건너,5323,1143
2014-03-01,침산초등학교앞,1298,1020
2014-03-01,침산초등학교후문,483,25
2014-03-01,침산코오롱하늘채건너,9107,1860
2014-03-01,침산코오롱하늘채앞,24600,4419
2014-03-01,캐슬골드파크(1102동),21072,1820
2014-03-01,캐슬골드파크(1504동),15951,2954
2014-03-01,케이에스건너,6,35
2014-03-01,케이에스앞,775,44
2014-03-01,코스트코홀세일건너/복현화성타운앞,5444,4316
2014-03-01,코스트코홀세일앞/복현화성타운건너,49845,3038
2014-03-01,코오롱아파트,21514,1535
2014-03-01,퀸벨호텔건너,19531,3123
2014-03-01,퀸벨호텔앞,10545,7408
2014-03-01,퀸스로드건너,2546,3312
2014-03-01,퀸스로드건너(동편),14717,2307
2014-03-01,퀸스로드앞,5167,1144
2014-03-01,퀸스로드앞(동편),17780,4073
2014-03-01,크리스탈호텔앞,1604,463
2014-03-01,큰고개1,4722,12624
2014-03-01,큰고개2,9373,4355
2014-03-01,큰고개오거리1,23784,1331
2014-03-01,큰고개오거리2,5556,14215
2014-03-01,큰장네거리1,79017,13305
2014-03-01,큰장네거리2,44073,22694
2014-03-01,큰장네거리3,21769,7321
2014-03-01,큰장네거리4,39292,15279
2014-03-01,태성맨션건너,26,119
2014-03-01,태성맨션앞,3101,1955
2014-03-01,태왕그린힐즈건너,222,533
2014-03-01,태왕그린힐즈앞1,98,623
2014-03-01,태왕그린힐즈앞2,3089,37
2014-03-01,태왕메트로시티건너,6627,2537
2014-03-01,태왕메트로시티앞,4411,2315
2014-03-01,태왕아너스베스트앞,5970,321
2014-03-01,태왕아너스복현건너,3433,1374
2014-03-01,태왕아너스복현앞,8784,1692
2014-03-01,태전두성타운건너,5661,1262
2014-03-01,태전두성타운앞,2731,494
2014-03-01,태전삼거리1,17221,10262
2014-03-01,태전삼거리2,41005,7375
2014-03-01,태전역1,15361,8896
2014-03-01,태전우방타운1차,524,31
2014-03-01,태전육교1,689,61
2014-03-01,태전육교2,189,30
2014-03-01,태전중석타운,1141,38
2014-03-01,태전중석타운건너,1364,285
2014-03-01,태전중앙시장건너,2472,1695
2014-03-01,태전중앙시장앞,10590,3532
2014-03-01,태전휴먼시아,1530,70
2014-03-01,태평상가건너,6337,6640
2014-03-01,태평상가앞1,5663,6879
2014-03-01,태평상가앞2,284,207
2014-03-01,태현초등학교앞,11790,179
2014-03-01,터실마을,7,0
2014-03-01,텍스빌,9761,1525
2014-03-01,토지주택공사건너,4205,1637
2014-03-01,토지주택공사앞,11385,1093
2014-03-01,퇴계마을건너,1,1
2014-03-01,파계교,451,373
2014-03-01,파계사(종점),8458,569
2014-03-01,파군재삼거리1,1055,3254
2014-03-01,파군재삼거리2,1074,1009
2014-03-01,파동1차시장건너,1797,1150
2014-03-01,파동1차시장앞,11579,500
2014-03-01,파동우체국앞,883,658
2014-03-01,파동청구하이츠,8290,370
2014-03-01,파크맨션건너,13233,2953
2014-03-01,파크맨션앞,8369,2583
2014-03-01,파티마병원건너1,23974,12408
2014-03-01,파티마병원건너2,3237,2238
2014-03-01,팔거역3,362,116
2014-03-01,팔거역4,903,122
2014-03-01,팔공3차보성타운건너,862,3
2014-03-01,팔공3차보성타운앞,97,245
2014-03-01,팔공3차보성타운후문,5428,102
2014-03-01,팔공보성아파트건너,1283,474
2014-03-01,팔공보성아파트앞,10097,492
2014-03-01,팔공산IC입구,367,4225
2014-03-01,팔공산맥건너,6198,777
2014-03-01,팔공산맥앞,987,345
2014-03-01,팔공학생야영장앞,384,5
2014-03-01,팔공학생야영장입구건너,20,1
2014-03-01,팔공학생야영장입구앞,49,62
2014-03-01,팔공한마음주유소,2,11
2014-03-01,팔공한마음주유소건너,75,1
2014-03-01,팔달시장건너,44774,6794
2014-03-01,팔달시장앞,49817,17893
2014-03-01,팔달시장역,51736,17092
2014-03-01,팔달신시장,30054,7131
2014-03-01,팔달신시장2,6977,1361
2014-03-01,팔달역2,418,1448
2014-03-01,팔달중학교건너,9543,192
2014-03-01,팔달중학교앞,5984,263
2014-03-01,팔달초등학교,184,370
2014-03-01,팔레스호텔건너,27038,7196
2014-03-01,팔레스호텔앞1,6054,1805
2014-03-01,팔레스호텔앞2,719,869
2014-03-01,팔현마을,33,1
2014-03-01,평광3차아파트,5800,66
2014-03-01,평광3차아파트건너,4381,286
2014-03-01,평광새마을금고,191,0
2014-03-01,평광종점,688,24
2014-03-01,평리1동주민센터건너,68,56
2014-03-01,평리1동주민센터앞,3454,188
2014-03-01,평리2동주민센터건너,15283,1635
2014-03-01,평리2동주민센터앞,5283,2295
2014-03-01,평리3동주민센터건너,2315,204
2014-03-01,평리6동주민센터앞,1877,577
2014-03-01,평리광명네거리,704,1943
2014-03-01,평리광명맨션건너,2804,821
2014-03-01,평리광명맨션앞,981,389
2014-03-01,평리네거리1,17667,18410
2014-03-01,평리네거리2,19285,5488
2014-03-01,평리명성아파트건너,5891,1195
2014-03-01,평리명성아파트앞,3903,881
2014-03-01,평리중학교건너,1318,585
2014-03-01,평리중학교앞,2409,191
2014-03-01,평리청구타운건너,39500,12138
2014-03-01,평리청구타운앞,39150,10478
2014-03-01,평안,612,69
2014-03-01,평촌2리,15,1
2014-03-01,평촌리,72,0
2014-03-01,평현치안센터건너,6874,973
2014-03-01,평화시장(닭똥집골목)건너,29112,5690
2014-03-01,평화시장(닭똥집골목)앞,62977,12210
2014-03-01,평화씨엠비건너,1391,66
2014-03-01,평화씨엠비앞,195,164
2014-03-01,평화정공건너,655,249
2014-03-01,평화정공앞,780,52
2014-03-01,평화타운건너,24780,2026
2014-03-01,푸드웰건너,4006,58
2014-03-01,푸드웰앞,152,219
2014-03-01,푸르밀대구공장,51,0
2014-03-01,푸르밀대구공장건너,1,2
2014-03-01,풋살경기장(50사단),646,52
2014-03-01,풍국주정공업,1458,40
2014-03-01,하나원전문장례식장,4,3
2014-03-01,하리(약산온천)건너,265,33
2014-03-01,하목정(종점),1,1
2014-03-01,하빈농협건너,227,1
2014-03-01,하빈농협동곡지점1,55,20
2014-03-01,하빈농협동곡지점2,1008,10
2014-03-01,하빈농협앞,15,7
2014-03-01,하빈농협입구,21,12
2014-03-01,하빈면사무소건너,207,2
2014-03-01,하빈면사무소앞,26,10
2014-03-01,하빈우체국건너,406,8
2014-03-01,하빈우체국앞,4,4
2014-03-01,하빈주유소앞,4,4
2014-03-01,하빈초등학교앞,301,2
2014-03-01,하산1리,694,2
2014-03-01,하산2리,226,0
2014-03-01,하산스무지(종점),186,3
2014-03-01,학남고등학교건너,2148,379
2014-03-01,학남고등학교앞,4749,383
2014-03-01,학남초등학교건너,89,795
2014-03-01,학남초등학교앞,3209,192
2014-03-01,학산아파트건너,62,33
2014-03-01,학산아파트앞,2,15
2014-03-01,학정청아람1,703,560
2014-03-01,학정청아람2,3346,22
2014-03-01,학정청아람건너,5578,359
2014-03-01,학정청아람앞,2820,431
2014-03-01,한가람타운건너,26257,8126
2014-03-01,한가람타운앞,23263,3627
2014-03-01,한걸고정마을,149,2
2014-03-01,한국감정원앞,589,28
2014-03-01,한국건강관리협회앞,8639,561
2014-03-01,한국국토정보공사건너,4651,7190
2014-03-01,한국국토정보공사앞,2475,846
2014-03-01,한국농어촌공사건너,26647,5725
2014-03-01,한국농어촌공사앞,23421,1338
2014-03-01,한국델파이건너,62,233
2014-03-01,한국델파이앞,1614,203
2014-03-01,한국도로공사건너,174,474
2014-03-01,한국도로공사앞,8244,32
2014-03-01,한국방송통신대학교건너,3153,863
2014-03-01,한국방송통신대학교앞,1030,560
2014-03-01,한국산업단지공단앞,153,154
2014-03-01,한국산업은행성서지점건너,384,1438
2014-03-01,한국산업은행성서지점앞,4925,43
2014-03-01,한국산업인력공단건너,4240,83
2014-03-01,한국산업인력공단앞,163,216
2014-03-01,한국생산기술연구원건너,37,11
2014-03-01,한국생산기술연구원앞,44,21
2014-03-01,한국클래드텍건너,481,9
2014-03-01,한국클래드텍앞,3,160
2014-03-01,한국타이어,307,1236
2014-03-01,한국타이어건너,213,36
2014-03-01,한국패션센터,2266,138
2014-03-01,한국폴리텍VI대구대학건너,20565,4225
2014-03-01,한국폴리텍VI대구대학앞,12124,9782
2014-03-01,한국폴리텍대학(섬유패션캠퍼스),167,1686
2014-03-01,한국환경자원공사,9,19
2014-03-01,한국환경자원공사건너,119,1
2014-03-01,한도아파트앞,10655,431
2014-03-01,한라하우젠트,1076,14
2014-03-01,한마음주유소건너,3020,437
2014-03-01,한마음주유소앞,2207,382
2014-03-01,한샘교회,5075,2123
2014-03-01,한샘교회건너,1322,899
2014-03-01,한서기전건너,368,39
2014-03-01,한서기전앞,172,19
2014-03-01,한양공작맨션건너,2,127
2014-03-01,한양공작맨션앞,1300,19
2014-03-01,한양산호아파트건너,6682,222
2014-03-01,한양산호아파트앞,886,34
2014-03-01,한양수정아파트,52,49
2014-03-01,한양코스모스아파트건너,57,88
2014-03-01,한양코스모스아파트앞,1330,291
2014-03-01,한전동대구지사,25190,4270
2014-03-01,한전동대구지사건너,16904,4256
2014-03-01,한전서대구지사건너,21286,11223
2014-03-01,한전서대구지사앞,17801,3726
2014-03-01,한정3리,42,0
2014-03-01,한정리(한정초교),62,1
2014-03-01,한정리(한정초교건너),2,7
2014-03-01,한화꿈에그린건너1,596,624
2014-03-01,한화꿈에그린앞,14927,3041
2014-03-01,함지초등학교건너,1056,552
2014-03-01,함지초등학교앞,10118,242
2014-03-01,해랑교(시외방향),49,39
2014-03-01,해랑교1,4,4
2014-03-01,해랑교2,776,2
2014-03-01,해랑교건너,109,21
2014-03-01,해안동행정복지센터,348,151
2014-03-01,해안역(1번출구),9369,2005
2014-03-01,해안역(3번출구),8353,3466
2014-03-01,해안초등학교뒤,1,3
2014-03-01,행정1리앞,6,1
2014-03-01,행정2리건너,0,3
2014-03-01,행정리,682,29
2014-03-01,행정리(한천서원),6,0
2014-03-01,헬로TV대구방송건너,7803,3595
2014-03-01,헬로TV대구방송앞,7711,3115
2014-03-01,현내1리,196,0
2014-03-01,현내2리중방마을건너,183,0
2014-03-01,현내2리중방마을앞,3,0
2014-03-01,현대금속,1683,72
2014-03-01,현대메카닉스건너,134,0
2014-03-01,현대메카닉스앞,0,9
2014-03-01,현대백조아파트(북편),5293,210
2014-03-01,현대백조아파트건너,2853,320
2014-03-01,현대백조아파트앞,2812,731
2014-03-01,현대백화점.동아쇼핑건너,30223,8374
2014-03-01,현대백화점.동아쇼핑앞,40862,2402
2014-03-01,현대시장건너,13513,1167
2014-03-01,현대시장앞,2581,2065
2014-03-01,현대시장앞2,882,249
2014-03-01,현대해상건너,31981,17671
2014-03-01,현대해상앞,27963,6049
2014-03-01,현충로역(3번출구),34741,9318
2014-03-01,현충로역(4번출구),26872,11124
2014-03-01,현충삼거리1,570,403
2014-03-01,현충삼거리2,3132,234
2014-03-01,현풍고속도로밑,320,50
2014-03-01,현풍농협,3366,357
2014-03-01,현풍면사무소건너,0,1
2014-03-01,현풍면사무소앞,171,0
2014-03-01,현풍삼거리,6,33
2014-03-01,현풍새마을금고,7432,582
2014-03-01,현풍시외버스터미널,2056,389
2014-03-01,현풍운전시험장,634,5
2014-03-01,현풍주공아파트,55,30
2014-03-01,현풍주공아파트2,5,113
2014-03-01,현풍주공아파트앞,513,291
2014-03-01,현풍중고등학교,25,169
2014-03-01,현풍중고등학교건너,1452,112
2014-03-01,현풍터미널건너,1375,66
2014-03-01,현풍터미널앞,779,588
2014-03-01,현풍할매곰탕,1758,500
2014-03-01,현풍할매곰탕건너,842,196
2014-03-01,호산초등학교건너,18,54
2014-03-01,호산초등학교앞,165,637
2014-03-01,홈플러스내당점건너,11355,856
2014-03-01,홈플러스내당점앞,5538,5304
2014-03-01,홈플러스대구점건너,865,2081
2014-03-01,홈플러스대구점앞,22852,12057
2014-03-01,홈플러스동촌점건너,6648,3824
2014-03-01,홈플러스동촌점앞,14088,1229
2014-03-01,홈플러스칠곡점건너,10749,647
2014-03-01,홈플러스칠곡점앞,3121,920
2014-03-01,홍천사건너,1462,27
2014-03-01,홍천사입구,157,229
2014-03-01,화남초등학교건너,18,434
2014-03-01,화남초등학교앞,5931,490
2014-03-01,화동초등학교건너,1089,136
2014-03-01,화동초등학교앞,806,82
2014-03-01,화랑교1,1616,5829
2014-03-01,화랑교2,12336,936
2014-03-01,화성그랜드건너,316,213
2014-03-01,화성그랜드앞,189,84
2014-03-01,화성리버파크건너,5884,339
2014-03-01,화성리버파크앞,1195,540
2014-03-01,화성센트럴파크,5259,289
2014-03-01,화성쌍용타운건너,699,27
2014-03-01,화성쌍용타운앞1,1155,350
2014-03-01,화성쌍용타운앞2,8,37
2014-03-01,화성전문요양원건너,270,90
2014-03-01,화성전문요양원앞,1660,606
2014-03-01,화성파크뷰건너,7209,291
2014-03-01,화성파크뷰앞,810,2329
2014-03-01,화영테크건너,51,26
2014-03-01,화영테크앞,570,26
2014-03-01,화원고등학교(종점),979,54
2014-03-01,화원고등학교(종점)2,53,47
2014-03-01,화원고등학교건너,8695,838
2014-03-01,화원고등학교앞,2233,984
2014-03-01,화원농협주유소건너,1648,533
2014-03-01,화원농협주유소앞,7263,3537
2014-03-01,화원삼주타운건너,7441,411
2014-03-01,화원삼주타운앞,286,175
2014-03-01,화원시장건너,3603,458
2014-03-01,화원시장앞,100,508
2014-03-01,화원유원지(사문진주막촌),1221,46
2014-03-01,화원유원지건너,388,50
2014-03-01,화원유원지입구,3,1
2014-03-01,화원초등학교건너,23639,4037
2014-03-01,화원초등학교앞,37756,11583
2014-03-01,화전동1,7,67
2014-03-01,화전동2,499,10
2014-03-01,황금2동치안센터건너,1435,514
2014-03-01,황금2동치안센터앞,4474,310
2014-03-01,황금네거리1,30919,2521
2014-03-01,황금네거리2,9201,3646
2014-03-01,황금시장건너,224,87
2014-03-01,황금시장앞,1820,47
2014-03-01,황금우방1차건너,18429,2647
2014-03-01,황금우방1차앞,4129,2523
2014-03-01,황금초등학교건너,1812,1565
2014-03-01,황금초등학교앞,5462,263
2014-03-01,황제맨션건너,5610,6018
2014-03-01,황제맨션앞,5463,1332
2014-03-01,효동초등학교건너,4574,1063
2014-03-01,효동초등학교앞,10059,1043
2014-03-01,효목네거리1,11151,1091
2014-03-01,효목네거리2,2728,2654
2014-03-01,효목네거리3,10682,4973
2014-03-01,효성타운앞,17766,849
2014-03-01,흥사단 대구지부건너,1893,301
2014-03-01,흥사단 대구지부앞,1320,2565
2014-03-01,흥성정공건너,318,15
2014-03-01,흥성정공앞,132,24
2014-03-01,희망교1,1300,92
2014-03-01,희성전자건너,21,25
2014-03-01,희성전자앞,534,86
2014-03-01,힐크레스트남문건너,475,148
2014-03-01,힐크레스트남문앞,126,1049
2014-03-01,힐크레스트입구,403,616
2014-04-01,(주)성안건너,36,147
2014-04-01,(주)영화건너,1,87
2014-04-01,(주)영화앞,553,1
2014-04-01,1차서한화성타운건너,437,89
2014-04-01,1차서한화성타운앞,636,56
2014-04-01,2.28기념중앙공원건너1,62798,14055
2014-04-01,2.28기념중앙공원건너2,21577,12473
2014-04-01,2.28기념중앙공원앞,131922,18453
2014-04-01,2차대자연맨션건너,2328,814
2014-04-01,2차대자연맨션앞,8966,931
2014-04-01,2차서한화성타운건너,37421,2356
2014-04-01,2차서한화성타운앞,19621,3126
2014-04-01,2호선반월당역1,28582,5862
2014-04-01,2호선반월당역2,15895,6360
2014-04-01,3공단새마을금고앞,5087,1697
2014-04-01,CGV대구한일건너,110143,19200
2014-04-01,CGV대구한일앞,29794,5092
2014-04-01,IHL건너,101,2
2014-04-01,IHL앞,37,3
2014-04-01,K-2입구,2309,850
2014-04-01,K2관사입구(종점),2106,81
2014-04-01,KT남대구지사건너1,11777,3445
2014-04-01,KT남대구지사건너2,2019,699
2014-04-01,KT남대구지사앞1,23915,7964
2014-04-01,KT남대구지사앞2,1534,2185
2014-04-01,KT동대구지사건너,26816,15022
2014-04-01,KT동대구지사앞,19703,2247
2014-04-01,KT북대구지사건너,4151,440
2014-04-01,KT북대구지사앞,7492,678
2014-04-01,KT상동지사건너,3896,315
2014-04-01,KT상동지사앞,1178,619
2014-04-01,KT서대구지사건너,24069,2849
2014-04-01,KT서대구지사앞,19569,7338
2014-04-01,LG물류센터건너,4098,1888
2014-04-01,LG물류센터앞,8978,4480
2014-04-01,LH5단지아파트앞,1138,56
2014-04-01,MBC네거리,9568,2774
2014-04-01,SK리더스뷰건너,14820,2624
2014-04-01,SK리더스뷰앞,5998,2320
2014-04-01,STX메탈건너,1394,4666
2014-04-01,STX메탈앞,78,646
2014-04-01,TBC건너,16033,601
2014-04-01,TBC앞,2930,2272
2014-04-01,TCN대구방송건너,2229,323
2014-04-01,TCN대구방송앞,3286,435
2014-04-01,㈜윔스건너,227,251
2014-04-01,㈜윔스앞,268,6
2014-04-01,가야농원,644,5
2014-04-01,가창농협건너,2712,3336
2014-04-01,가창농협앞,11852,361
2014-04-01,가창댐,21,3
2014-04-01,가창면사무소건너,6081,2444
2014-04-01,가창면사무소앞,12220,891
2014-04-01,가창중학교건너,840,36
2014-04-01,가창중학교앞,212,162
2014-04-01,가창초등학교건너,5977,568
2014-04-01,가창초등학교앞,956,89
2014-04-01,가천동앞,110,4
2014-04-01,가천리,81,37
2014-04-01,가태리마을회관건너,254,1
2014-04-01,가태리마을회관앞,9,23
2014-04-01,각산역(1번출구),8523,2062
2014-04-01,각산역(2번출구),1828,1212
2014-04-01,갈실마을회관종점,627,10
2014-04-01,감문1리1,8,3
2014-04-01,감문1리2,531,2
2014-04-01,감문1리3,0,13
2014-04-01,감문1리4,27,0
2014-04-01,감삼네거리1,19297,6610
2014-04-01,감삼네거리2,63684,26763
2014-04-01,감삼초등학교건너,12649,2155
2014-04-01,감삼초등학교앞,10237,1094
2014-04-01,갓골건너,528,1
2014-04-01,갓골앞,2,21
2014-04-01,갓바위,22623,67
2014-04-01,강남약국건너,61353,14061
2014-04-01,강남약국앞1,31710,9068
2014-04-01,강남약국앞2,11072,1519
2014-04-01,강동중·고등학교,12,204
2014-04-01,강동중·고등학교건너,8918,15
2014-04-01,강변동서마을건너,6908,317
2014-04-01,강변동서마을앞,4031,1550
2014-04-01,강북경찰서건너,1613,907
2014-04-01,강북경찰서앞,2138,452
2014-04-01,강북중학교건너,174,1336
2014-04-01,강북중학교앞,11075,21
2014-04-01,강산아파트건너,5263,9974
2014-04-01,강산아파트앞,5772,1869
2014-04-01,강정(종점),5,1
2014-04-01,강정보(디아크문화관)건너,154,12
2014-04-01,강정보(디아크문화관)입구,217,0
2014-04-01,강창교1,4610,186
2014-04-01,강창교2,148,839
2014-04-01,강창역(1번출구),5761,672
2014-04-01,강창역(2번출구),25834,1121
2014-04-01,강창하이츠,8732,657
2014-04-01,거동교1,851,364
2014-04-01,거동교2,858,665
2014-04-01,건들바위건너,1263,759
2014-04-01,건들바위앞,666,1769
2014-04-01,건영아파트건너,15436,8862
2014-04-01,건영캐스빌건너,13738,1689
2014-04-01,건영캐스빌앞,798,952
2014-04-01,검단119안전센터(엑스코),73,67
2014-04-01,검단동대구축협앞,6135,76
2014-04-01,검단동주민센터1,27,0
2014-04-01,검단동주민센터2,2,171
2014-04-01,검단동주민센터건너,11879,98
2014-04-01,검단동주민센터앞,51,549
2014-04-01,검단상가아파트건너,197,18
2014-04-01,검단상가아파트앞,375,68
2014-04-01,검단유성아파트(서편),10947,1923
2014-04-01,검단유성아파트건너,6554,1145
2014-04-01,검단유성아파트앞,19278,4827
2014-04-01,경기장네거리1,3623,1663
2014-04-01,경기장네거리2,3943,543
2014-04-01,경대교2,4884,820
2014-04-01,경대교건너,944,162
2014-04-01,경대교앞,248,1086
2014-04-01,경대사대부설고등학교앞,27530,11104
2014-04-01,경대아파트건너,37221,2549
2014-04-01,경대아파트앞,11715,2133
2014-04-01,경덕여고,915,318
2014-04-01,경동산업앞,61,0
2014-04-01,경명여고건너,4390,559
2014-04-01,경명여고앞,2270,1622
2014-04-01,경북고교종점,2612,1779
2014-04-01,경북고등학교건너,15448,3984
2014-04-01,경북고등학교앞,23885,1565
2014-04-01,경북고등학교종점건너,307,54
2014-04-01,경북공고건너,6972,5219
2014-04-01,경북공고앞,11193,5153
2014-04-01,경북공무원교육원1,820,584
2014-04-01,경북공무원교육원2,24,15
2014-04-01,경북교통,6880,2348
2014-04-01,경북교통앞,2548,2297
2014-04-01,경북기계공고건너,13143,3950
2014-04-01,경북기계공고앞,12742,5324
2014-04-01,경북농업기술원건너,34,317
2014-04-01,경북농업기술원앞,289,13
2014-04-01,경북대체육센터건너,10232,843
2014-04-01,경북대체육센터앞,6006,5298
2014-04-01,경북대학교병원건너,24545,11518
2014-04-01,경북대학교병원앞,44438,9297
2014-04-01,경북대학교북문건너,98190,2241
2014-04-01,경북대학교북문앞,44825,7660
2014-04-01,경북대학교서문건너,11959,1327
2014-04-01,경북대학교서문앞,4098,1052
2014-04-01,경북대학교정문건너,15068,3221
2014-04-01,경북대학교정문앞,36370,6441
2014-04-01,경북대학교치과병원,25260,11530
2014-04-01,경북아파트건너(고산동),20911,4171
2014-04-01,경북아파트건너(신천동),8446,14428
2014-04-01,경북아파트앞(고산동),14571,4952
2014-04-01,경북아파트앞(신천동),6336,3983
2014-04-01,경북여상건너,16128,10316
2014-04-01,경북여상앞,15165,3154
2014-04-01,경북크랑크,2085,15
2014-04-01,경상감영공원건너,114841,19379
2014-04-01,경상감영공원앞,85195,73855
2014-04-01,경상북도농업인회관,479,21
2014-04-01,경상여자고등학교건너,4353,399
2014-04-01,경상여자고등학교앞,10874,5942
2014-04-01,경서중학교건너,503,664
2014-04-01,경서중학교앞,2992,173
2014-04-01,경신고등학교건너,54328,7166
2014-04-01,경신고등학교앞,39990,11549
2014-04-01,경운초등학교건너,2133,1093
2014-04-01,경운초등학교앞,5527,6772
2014-04-01,경원고등학교건너,768,56
2014-04-01,경원고등학교앞,1922,364
2014-04-01,경일여자중학교건너,17384,1867
2014-04-01,경일여자중학교앞,4886,1319
2014-04-01,경주최씨종가(종점),684,3
2014-04-01,경주최씨종가1,4,2
2014-04-01,경주최씨종가2,5,5
2014-04-01,경진테크빌앞,646,1461
2014-04-01,경창산업,1483,144
2014-04-01,경희강재건너,913,749
2014-04-01,경희강재앞,4076,118
2014-04-01,계명대대명캠퍼스후문건너,2470,628
2014-04-01,계명대역(1번출구),2774,1638
2014-04-01,계명대역(2번출구),9769,5057
2014-04-01,계명대학교대명캠퍼스건너,22114,6027
2014-04-01,계명대학교대명캠퍼스앞,24891,6666
2014-04-01,계명대학교대명캠퍼스후문앞,2251,614
2014-04-01,계명대학교동문건너1,7910,1078
2014-04-01,계명대학교동문건너2,39516,8969
2014-04-01,계명대학교동문앞,29614,7395
2014-04-01,계명대학교정문건너,42365,1539
2014-04-01,계명대학교정문앞,6870,2607
2014-04-01,계명문화대학건너,11279,972
2014-04-01,계명문화대학앞,22807,13558
2014-04-01,고모동입구,3553,2542
2014-04-01,고모역건너,353,74
2014-04-01,고모역앞,105,7
2014-04-01,고봉리,32,1
2014-04-01,고산2동주민센터건너,13379,3534
2014-04-01,고산2동주민센터앞,24007,841
2014-04-01,고산골입구,7764,1018
2014-04-01,고산농협창고건너,975,192
2014-04-01,고산농협창고앞,375,3678
2014-04-01,고산도서관,22163,10845
2014-04-01,고산정수사업소건너,2767,983
2014-04-01,고성아파트(서편),12329,3311
2014-04-01,고성아파트건너,2769,167
2014-04-01,고성아파트건너(서편),5728,5388
2014-04-01,고성아파트앞,1938,608
2014-04-01,고성지구대1,2258,570
2014-04-01,고성지구대2,3707,9380
2014-04-01,골안골,35,93
2014-04-01,골안골지하보도앞,8,211
2014-04-01,공고네거리1,34067,11980
2014-04-01,공고네거리2,14163,3650
2014-04-01,공군기지관사입구,1,27
2014-04-01,공단역1,540,13315
2014-04-01,공단역2,19972,7961
2014-04-01,공단하수처리장건너,59,352
2014-04-01,공단하수처리장앞,190,33
2014-04-01,공산댐건너,1603,92
2014-04-01,공산댐앞,91,135
2014-04-01,공산동행정복지센터건너,1518,347
2014-04-01,공산동행정복지센터앞,5501,358
2014-04-01,공산초등학교건너,406,90
2014-04-01,공산초등학교앞,2849,136
2014-04-01,공산파출소,502,554
2014-04-01,공항시장건너,13154,983
2014-04-01,공항시장앞,6595,1931
2014-04-01,곽병원건너,42138,27396
2014-04-01,곽병원앞1,27439,8319
2014-04-01,곽병원앞2,11402,3878
2014-04-01,관리공단,512,65
2014-04-01,관음공영주차장앞,1546,11
2014-04-01,관음농협앞,223,71
2014-04-01,관음동주민센터건너,487,59
2014-04-01,관음동주민센터앞,1918,41
2014-04-01,관음변전소1,6326,178
2014-04-01,관음변전소2,47,346
2014-04-01,관음변전소3,220,3
2014-04-01,관음변전소4,977,61
2014-04-01,관음어린이집,412,89
2014-04-01,관음중학교(북편),1174,29
2014-04-01,광명은하아파트건너,7434,5778
2014-04-01,광명은하아파트앞,19773,1176
2014-04-01,광명프레지던트아파트건너,12515,6040
2014-04-01,광장타운건너,19064,5575
2014-04-01,광장타운앞,17290,3877
2014-04-01,교대부설초등학교건너,5297,276
2014-04-01,교대부설초등학교앞,445,1299
2014-04-01,교동시장앞,4543,1669
2014-04-01,교동초등학교건너,591,68
2014-04-01,교동초등학교앞,13,275
2014-04-01,교통연수원,20073,782
2014-04-01,교통연수원건너,13370,3253
2014-04-01,교항2리마을입구,1,144
2014-04-01,교항2리회관,5359,23
2014-04-01,교항리건너,2801,71
2014-04-01,교항리마을입구건너,81,2
2014-04-01,교항리앞,558,569
2014-04-01,구)달성군청건너,12631,4056
2014-04-01,구)달성군청앞,27897,20980
2014-04-01,구)대영학원건너,19096,3477
2014-04-01,구)대영학원앞,18483,13212
2014-04-01,구)효목2동행정복지센터건너,17818,1436
2014-04-01,구)효목2동행정복지센터앞,7385,1919
2014-04-01,구.남부정류장건너1,17084,13561
2014-04-01,구.남부정류장건너2,11616,4957
2014-04-01,구.남부정류장앞1,31447,6043
2014-04-01,구.남부정류장앞2,4298,2209
2014-04-01,구.동부정류장(남편),7743,1918
2014-04-01,구.동부정류장(메트로팔레스),13865,5153
2014-04-01,구.동부정류장건너,19051,2055
2014-04-01,구.동부정류장앞,9860,4139
2014-04-01,구둔산,648,3
2014-04-01,구룡촌건너,0,2
2014-04-01,구병원건너,961,5283
2014-04-01,구병원앞,37125,6777
2014-04-01,구삼폭포건너,4,35
2014-04-01,구암가구골목1,3644,340
2014-04-01,구암가구골목2,1512,395
2014-04-01,구암교1,8524,3194
2014-04-01,구암교2,1294,957
2014-04-01,구암동1,1144,73
2014-04-01,구암동2,185,382
2014-04-01,구암역(운전면허시험장)1,8395,417
2014-04-01,구암역(운전면허시험장)2,3294,544
2014-04-01,구암초등학교건너,2787,329
2014-04-01,구암초등학교앞,7136,118
2014-04-01,구지농공단지1,0,4
2014-04-01,구지농공단지2,300,6
2014-04-01,구지면사무소건너,703,529
2014-04-01,구지면사무소앞,2779,252
2014-04-01,구지청아람건너,7594,200
2014-04-01,구지청아람앞,731,462
2014-04-01,국립대구과학관정문건너,138,15
2014-04-01,국립대구과학관정문앞,144,6
2014-04-01,국립대구박물관건너,16728,1299
2014-04-01,국립대구박물관앞,10403,4193
2014-04-01,국민건강보험공단건너,32042,2758
2014-04-01,국민건강보험공단앞,13445,11727
2014-04-01,국민은행3공단지점건너,6804,1557
2014-04-01,국민은행3공단지점앞,3722,1108
2014-04-01,국우동현대아파트건너,707,56
2014-04-01,국우동현대아파트앞,5227,584
2014-04-01,국채보상운동기념공원,8479,6530
2014-04-01,굿모닝병원건너,12084,5163
2014-04-01,굿모닝병원앞,18377,3792
2014-04-01,궁전아파트건너,51,282
2014-04-01,궁전아파트앞,2880,114
2014-04-01,귀남지휴게소1,12,5
2014-04-01,귀남지휴게소2,0,2
2014-04-01,그랜드호텔건너,41252,26031
2014-04-01,그랜드호텔앞,66647,8919
2014-04-01,그린빌4단지,88,537
2014-04-01,그린빌4단지건너,1345,38
2014-04-01,그린빌4단지앞,336,141
2014-04-01,근로복지공단대구병원건너,2848,181
2014-04-01,근로복지공단대구병원앞,4881,398
2014-04-01,근린공원축구장건너,211,145
2014-04-01,근린공원축구장앞,1740,63
2014-04-01,금강동,239,5
2014-04-01,금계초등학교(교항리),899,339
2014-04-01,금복주건너,3124,391
2014-04-01,금복주앞,1864,404
2014-04-01,금봉네거리1,12580,1085
2014-04-01,금봉네거리2,6868,793
2014-04-01,금사리하이빌APT건너,1793,141
2014-04-01,금사리하이빌APT앞,507,242
2014-04-01,금융감독원건너,929,3223
2014-04-01,금포초등학교,1751,190
2014-04-01,금포초등학교건너,464,429
2014-04-01,금호기전,7,59
2014-04-01,금호지구(시내방향),76,0
2014-04-01,금호지구(종점방향),17,1
2014-04-01,기곡(종점),124,4
2014-04-01,기곡리1,9,1
2014-04-01,기곡리2,70,0
2014-04-01,기독교방송국건너,7343,2400
2014-04-01,기독교방송국앞,4739,1581
2014-04-01,기업은행대곡지점건너,102,1489
2014-04-01,기업은행대곡지점앞,24420,553
2014-04-01,기업은행죽전동지점건너,6441,877
2014-04-01,기업은행죽전동지점앞,3576,655
2014-04-01,김흥1리건너,156,1
2014-04-01,김흥1리앞,53,8
2014-04-01,김흥2리건너,0,3
2014-04-01,김흥2리앞,7,0
2014-04-01,김흥리마을입구,172,4
2014-04-01,남구청건너2,7938,7218
2014-04-01,남구청네거리1,7801,2063
2014-04-01,남구청네거리2,381,207
2014-04-01,남대구IC1,21101,1492
2014-04-01,남대구IC2,594,423
2014-04-01,남명삼거리1,2115,200
2014-04-01,남명삼거리2,2337,834
2014-04-01,남문시장건너1,1350,84
2014-04-01,남문시장건너2,14170,21210
2014-04-01,남문시장앞,29308,12471
2014-04-01,남문아파트앞,621,448
2014-04-01,남부경찰서건너,12440,2489
2014-04-01,남부경찰서앞,14785,9188
2014-04-01,남부교육지원청건너,9475,1240
2014-04-01,남부교육지원청앞,5676,1868
2014-04-01,남부도서관앞,194,566
2014-04-01,남부자동차종합시장건너,4204,703
2014-04-01,남부자동차종합시장앞,1245,479
2014-04-01,남부초등학교건너,1994,67
2014-04-01,남부초등학교앞,551,340
2014-04-01,남부초등학교앞2,7310,893
2014-04-01,남산2동주민센터건너,180,370
2014-04-01,남산2동주민센터앞,880,58
2014-04-01,남산고등학교건너,1157,38
2014-04-01,남산고등학교앞,0,2
2014-04-01,남산역(프린스호텔건너),9404,4153
2014-04-01,남산역건너(프린스호텔앞),24198,6500
2014-04-01,남산주유소건너,1609,1226
2014-04-01,남산주유소앞,2170,232
2014-04-01,남산초등학교건너,19899,2150
2014-04-01,남산초등학교앞,14852,8758
2014-04-01,남산휴먼시아앞,1481,446
2014-04-01,내2리새마을회관건너,65,1
2014-04-01,내2리새마을회관앞,3,2
2014-04-01,내당1동우체국건너,2937,341
2014-04-01,내당1동우체국앞,3116,418
2014-04-01,내당광명아파트,3964,3417
2014-04-01,내당삼익맨션건너,37732,8603
2014-04-01,내당삼익맨션앞,16391,23087
2014-04-01,내당코오롱아파트건너,8544,15599
2014-04-01,내당코오롱아파트앞,6722,1206
2014-04-01,내동,1078,43
2014-04-01,내동건너,28,160
2014-04-01,내리1,3,6
2014-04-01,내리2,0,1
2014-04-01,내일교회건너,191,47
2014-04-01,내일교회앞,1058,118
2014-04-01,냉천2리,5,2
2014-04-01,냉천리1,2471,80
2014-04-01,냉천리2,95,365
2014-04-01,노곡동,6065,50
2014-04-01,노변중학교,1035,52
2014-04-01,노변중학교건너,1471,97
2014-04-01,노변청구타운건너,235,78
2014-04-01,노변청구타운앞,288,93
2014-04-01,노원119안전센터건너,7657,3072
2014-04-01,노원119안전센터앞,2694,791
2014-04-01,노원네거리(공단세차장건너),516,657
2014-04-01,노원네거리(공단세차장앞),7156,165
2014-04-01,노원네거리(대구은행건너),1255,193
2014-04-01,노원네거리(대구은행앞),6170,782
2014-04-01,노원네거리1,5749,1008
2014-04-01,노원네거리2,11052,664
2014-04-01,노원동화타운건너,680,462
2014-04-01,노원동화타운앞,4908,588
2014-04-01,녹동서원앞,16,4
2014-04-01,녹원맨션1,4340,1535
2014-04-01,녹원맨션2,12962,683
2014-04-01,논공삼거리1,1976,23
2014-04-01,논공삼거리2,282,392
2014-04-01,논공읍사무소,1103,263
2014-04-01,논공읍사무소건너1,4685,173
2014-04-01,논공읍사무소건너2,433,128
2014-04-01,농산물도매시장건너,38,3
2014-04-01,농산물도매시장앞,1927,206
2014-04-01,농수산물도매시장건너,4299,1617
2014-04-01,농수산물도매시장앞,10319,3266
2014-04-01,농촌진흥원입구,90,149
2014-04-01,농협동촌지점,529,163
2014-04-01,농협방촌지점,2565,105
2014-04-01,농협비료창고건너(연경),2,30
2014-04-01,농협비료창고앞(연경),11,19
2014-04-01,농협중앙회건너,25588,9032
2014-04-01,농협중앙회앞,65501,41913
2014-04-01,농협중앙회중동지점건너,2074,84
2014-04-01,농협중앙회중동지점앞,1014,740
2014-04-01,농협하나로마트건너,19,382
2014-04-01,능골1,285,1255
2014-04-01,능골건너,2839,40
2014-04-01,능성동(종점),663,14
2014-04-01,능성동예비군훈련장,1417,35
2014-04-01,능성동입구건너,648,4
2014-04-01,능성동입구앞,11,44
2014-04-01,다리골,42,0
2014-04-01,다사고등학교건너,12903,4656
2014-04-01,다사고등학교앞,478,1593
2014-04-01,다사농협주유소건너,86,726
2014-04-01,다사농협주유소앞,9247,233
2014-04-01,다사역(4번출구),18,0
2014-04-01,다사읍사무소건너,8745,337
2014-04-01,다사읍사무소서재출장소건너,388,8
2014-04-01,다사읍사무소서재출장소앞,64,186
2014-04-01,다사읍사무소앞,7,113
2014-04-01,다사주공아파트건너,102,0
2014-04-01,다사주공아파트앞,5,128
2014-04-01,다사체육공원건너,6,4
2014-04-01,다사체육공원앞,45,2
2014-04-01,다사초등학교건너,68,4
2014-04-01,다사초등학교앞,1,37
2014-04-01,단산리(종점),7828,4009
2014-04-01,달구벌종합복지관건너,987,302
2014-04-01,달구벌종합복지관앞,658,126
2014-04-01,달서공고건너,379,99
2014-04-01,달서공고앞,12,27
2014-04-01,달서교회건너,24486,4077
2014-04-01,달서교회앞,20860,11752
2014-04-01,달서구새마을회건너,3407,125
2014-04-01,달서구새마을회앞,1367,203
2014-04-01,달서구청건너,18996,3070
2014-04-01,달서구청앞,7413,2556
2014-04-01,달서종합시장건너,1592,384
2014-04-01,달서종합시장앞,1407,172
2014-04-01,달서중고등학교,178,24
2014-04-01,달서중고등학교건너,550,1
2014-04-01,달서천하수종말처리장건너,116,0
2014-04-01,달서천하수종말처리장앞,0,1
2014-04-01,달서초교,2127,65
2014-04-01,달성2차공단관리청사,63,0
2014-04-01,달성2차산업단지출장소앞,2,8
2014-04-01,달성경찰서,2124,600
2014-04-01,달성경찰서건너,3342,130
2014-04-01,달성공원건너,19781,3145
2014-04-01,달성공원앞,26369,21792
2014-04-01,달성군민운동장건너,1303,90
2014-04-01,달성군민운동장앞,1143,161
2014-04-01,달성군선거관리위원회건너,140,113
2014-04-01,달성군선거관리위원회앞,30,1384
2014-04-01,달성군청건너,697,280
2014-04-01,달성군청앞,4102,168
2014-04-01,달성기와건너,214,185
2014-04-01,달성기와앞,891,39
2014-04-01,달성문화원건너,7,0
2014-04-01,달성문화원앞,7,0
2014-04-01,달성산업단지건너,190,49
2014-04-01,달성산업단지관리공단1,2,12
2014-04-01,달성산업단지관리공단2,7,1
2014-04-01,달성소방서건너,156,184
2014-04-01,달성소방서앞,654,224
2014-04-01,달성스포츠파크건너,3,19
2014-04-01,달성예비군훈련장건너,1743,119
2014-04-01,달성예비군훈련장앞,839,251
2014-04-01,달성우체국건너,949,582
2014-04-01,달성우체국앞,6003,226
2014-04-01,달성중학교건너,5968,772
2014-04-01,달성중학교앞,21725,5131
2014-04-01,달성초등학교건너,5686,2068
2014-04-01,달성초등학교앞,2052,374
2014-04-01,달성취수장건너,16,169
2014-04-01,달성취수장앞,90,45
2014-04-01,달창저수지,356,0
2014-04-01,달천리(시내방향),162,1
2014-04-01,달천리(시외방향),58,0
2014-04-01,담안마을1,5,13
2014-04-01,담안마을2,406,3
2014-04-01,담티고개1,283,471
2014-04-01,담티고개2,1117,768
2014-04-01,당동마을건너,362,6
2014-04-01,당동마을앞,3,21
2014-04-01,당정마을입구,51,4
2014-04-01,당정마을입구건너,161,0
2014-04-01,대1리용흥지건너,229,5
2014-04-01,대1리용흥지앞,31,26
2014-04-01,대곡강산타운,27748,791
2014-04-01,대곡강산타운건너,4251,816
2014-04-01,대곡사계절타운건너,20761,671
2014-04-01,대곡사계절타운앞,6718,1933
2014-04-01,대곡역(1번출구),57400,2291
2014-04-01,대곡역(2번출구),38359,46659
2014-04-01,대곡역(한라하우젠트건너),23351,1380
2014-04-01,대곡역(한라하우젠트앞),6550,15620
2014-04-01,대곡역그린빌,8135,8850
2014-04-01,대곡주공1단지앞,6237,1940
2014-04-01,대곡주공2단지앞,20530,590
2014-04-01,대곡주공6단지앞,4508,534
2014-04-01,대곡주공7단지앞,16889,1050
2014-04-01,대곡주공8단지건너,4761,1144
2014-04-01,대곡주공8단지앞,27444,1903
2014-04-01,대곡중학교건너,4701,580
2014-04-01,대곡중학교앞,2791,652
2014-04-01,대공원역(1번출구),2538,6541
2014-04-01,대공원역(5번출구),5408,733
2014-04-01,대구가톨릭대학병원건너,25374,3440
2014-04-01,대구가톨릭대학병원앞,22271,2347
2014-04-01,대구경북과학기술원,286,14
2014-04-01,대구경북과학기술원기숙사,171,46
2014-04-01,대구경북지방병무청,52,365
2014-04-01,대구고등학교건너,54252,13601
2014-04-01,대구고등학교앞,16651,5930
2014-04-01,대구고용노동청건너,18162,2509
2014-04-01,대구고용노동청앞,5492,1301
2014-04-01,대구공업대학1,16207,2618
2014-04-01,대구공업대학2,4491,3001
2014-04-01,대구공업대학건너,9375,3171
2014-04-01,대구공업대학앞,7482,2907
2014-04-01,대구과학고등학교건너,12789,5723
2014-04-01,대구과학고등학교앞,20794,2022
2014-04-01,대구과학대학1,28295,12740
2014-04-01,대구과학대학2,87721,6134
2014-04-01,대구과학대학건너,3420,151
2014-04-01,대구과학대학앞,1057,296
2014-04-01,대구광역시교육연수원건너,18652,1014
2014-04-01,대구광역시교육연수원앞,6050,3397
2014-04-01,대구광역시청건너,1876,838
2014-04-01,대구광역시청앞,343,624
2014-04-01,대구교도소건너,9817,6415
2014-04-01,대구교도소앞,29504,3944
2014-04-01,대구교육대건너,328,3386
2014-04-01,대구교육대앞,25122,3850
2014-04-01,대구교통방송건너,6438,7531
2014-04-01,대구교통방송앞,22246,1632
2014-04-01,대구국제공항건너,29123,13644
2014-04-01,대구국제공항앞,32933,8427
2014-04-01,대구글로벌교육센터건너,5765,14012
2014-04-01,대구글로벌교육센터앞,4834,668
2014-04-01,대구농업마이스터고건너,30342,2332
2014-04-01,대구농업마이스터고앞,11769,12123
2014-04-01,대구농업마이스터고후문건너,3430,728
2014-04-01,대구농업마이스터고후문앞,3364,180
2014-04-01,대구도시공사앞,17485,3151
2014-04-01,대구동부고용복지플러스센터,13045,5653
2014-04-01,대구동촌유치원,1268,201
2014-04-01,대구디지털산업진흥원건너,28374,6755
2014-04-01,대구디지털산업진흥원앞,19118,3881
2014-04-01,대구맨션건너,2715,438
2014-04-01,대구맨션앞,4529,869
2014-04-01,대구문화방송건너,15242,5737
2014-04-01,대구문화방송앞,17828,3425
2014-04-01,대구미술관건너,644,95
2014-04-01,대구미술관앞,948,45
2014-04-01,대구병원건너,30158,1926
2014-04-01,대구병원앞,15918,7001
2014-04-01,대구보건고등학교건너,20726,8333
2014-04-01,대구보건고등학교앞,15425,2301
2014-04-01,대구보건대학3,18146,10392
2014-04-01,대구보건대학4,46974,5023
2014-04-01,대구보건대학5,94,24
2014-04-01,대구보건대학건너1,3113,110
2014-04-01,대구보건대학건너2,24081,470
2014-04-01,대구보건대학앞1,750,329
2014-04-01,대구보건대학앞2,2336,731
2014-04-01,대구보훈요양원건너,3,2
2014-04-01,대구보훈요양원앞,260,0
2014-04-01,대구비지니스센터건너,4795,368
2014-04-01,대구비지니스센터앞,5206,364
2014-04-01,대구사격장,70,1
2014-04-01,대구삼성창조캠퍼스1,1640,234
2014-04-01,대구삼성창조캠퍼스2,420,769
2014-04-01,대구선방촌공원,1138,32
2014-04-01,대구소방본부건너,617,241
2014-04-01,대구소방본부앞,1794,3786
2014-04-01,대구스타디움건너,3950,609
2014-04-01,대구스타디움앞,4061,770
2014-04-01,대구시교육청건너,1581,486
2014-04-01,대구시교육청앞,1730,6081
2014-04-01,대구시설공단건너,20183,3610
2014-04-01,대구시설공단앞,11585,21027
2014-04-01,대구시설관리사업소,26,103
2014-04-01,대구시지노인전문병원건너,369,73
2014-04-01,대구시지노인전문병원앞,607,1692
2014-04-01,대구신문사,102,791
2014-04-01,대구애견훈련학교건너,377,2
2014-04-01,대구애견훈련학교앞,2,13
2014-04-01,대구역,1093,302
2014-04-01,대구역건너,42198,8473
2014-04-01,대구역꽃시장,620,942
2014-04-01,대구역북편네거리1,45476,5592
2014-04-01,대구역북편네거리2,15795,16777
2014-04-01,대구역센트럴자이,1539,115
2014-04-01,대구역앞,42015,12133
2014-04-01,대구예담학교,332,52
2014-04-01,대구우편집중국(동편),3,29
2014-04-01,대구우편집중국앞,2787,2201
2014-04-01,대구은행3공단지점앞,7105,685
2014-04-01,대구은행북비산지점건너1,14977,2833
2014-04-01,대구은행북비산지점건너2,2035,922
2014-04-01,대구은행북비산지점앞,45599,7490
2014-04-01,대구은행산격지점앞,877,311
2014-04-01,대구은행역(1번출구),39415,10318
2014-04-01,대구은행역(2번출구),43717,7749
2014-04-01,대구은행제2본점앞,17022,3508
2014-04-01,대구은행칠곡지점건너,9912,2666
2014-04-01,대구은행칠곡지점앞,32389,8283
2014-04-01,대구은행평리동지점건너,3869,1842
2014-04-01,대구은행평리동지점앞,7101,3032
2014-04-01,대구의료원건너,8470,1403
2014-04-01,대구의료원라파엘웰빙센터,2046,118
2014-04-01,대구의료원라파엘웰빙센터건너,486,1107
2014-04-01,대구의료원앞,5309,1235
2014-04-01,대구일마이스터고교건너,5633,1244
2014-04-01,대구일마이스터고교앞,11355,851
2014-04-01,대구전자공고남편,127,371
2014-04-01,대구전자공업고등학교1,13028,542
2014-04-01,대구전자공업고등학교2,1194,4050
2014-04-01,대구제일고등학교건너,41892,8093
2014-04-01,대구제일고등학교앞,41103,25257
2014-04-01,대구중앙중고등학교건너,33746,4150
2014-04-01,대구중앙중고등학교앞,34443,5765
2014-04-01,대구중앙중학교건너,3462,22
2014-04-01,대구중앙중학교앞,0,21
2014-04-01,대구중학교건너,1853,634
2014-04-01,대구중학교앞,7630,2362
2014-04-01,대구지료재생사,81,106
2014-04-01,대구지방경찰청,6570,938
2014-04-01,대구지방법원등기국건너,6209,11577
2014-04-01,대구지방법원등기국앞,2676,1361
2014-04-01,대구지방법원서부지원,656,127
2014-04-01,대구차여성병원건너,5259,10378
2014-04-01,대구차여성병원앞,19044,1513
2014-04-01,대구콘서트하우스건너,21111,25547
2014-04-01,대구콘서트하우스앞,27708,3666
2014-04-01,대구텍건너,779,293
2014-04-01,대구텍앞,6597,1110
2014-04-01,대구학생문화센터,146,82
2014-04-01,대구학생수련관입구건너,642,3
2014-04-01,대구학생수련관입구앞,38,150
2014-04-01,대구한의대학교부속한방병원건너,442,122
2014-04-01,대구한의대학교부속한방병원앞,2970,98
2014-04-01,대구향교건너,2833,5324
2014-04-01,대구향교앞,2337,631
2014-04-01,대덕마을건너,552,1463
2014-04-01,대덕마을앞,369,90
2014-04-01,대덕맨션앞,10877,245
2014-04-01,대덕문화전당건너,1703,182
2014-04-01,대덕문화전당앞,62,159
2014-04-01,대덕승마장건너,523,31
2014-04-01,대덕승마장앞,129,58
2014-04-01,대덕식당건너,412,328
2014-04-01,대덕식당앞,4704,222
2014-04-01,대덕천주교회1,2115,524
2014-04-01,대덕천주교회2,2833,179
2014-04-01,대덕천주교회3,4012,178
2014-04-01,대덕천주교회4,163,456
2014-04-01,대덕초등학교,793,23
2014-04-01,대동공업,244,135
2014-04-01,대동공업건너,942,26
2014-04-01,대동금속건너,2375,47
2014-04-01,대동금속앞,804,164
2014-04-01,대동시장1,5447,562
2014-04-01,대동시장2,9288,557
2014-04-01,대륜중고등학교건너,6079,8088
2014-04-01,대륜중고등학교앞,8135,365
2014-04-01,대리,278,2
2014-04-01,대리마을앞,68,130
2014-04-01,대리마을회관,314,4
2014-04-01,대리마을회관건너,27,12
2014-04-01,대림생수,1071,46
2014-04-01,대림생수앞,79,255
2014-04-01,대림육교1,321,26635
2014-04-01,대림육교2,40,61
2014-04-01,대명6동주민센터건너,2827,505
2014-04-01,대명6동주민센터앞,2920,261
2014-04-01,대명시장건너,23744,7541
2014-04-01,대명시장앞,28586,5432
2014-04-01,대명역(1번출구),23957,4843
2014-04-01,대명역(2번출구),15342,2751
2014-04-01,대명중학교건너,27,337
2014-04-01,대명중학교앞,4000,137
2014-04-01,대명초등학교건너,9755,4131
2014-04-01,대명초등학교앞,14839,6268
2014-04-01,대백인터빌건너,28329,5586
2014-04-01,대백인터빌앞,22886,5488
2014-04-01,대백창신한라타운건너,16038,2650
2014-04-01,대백창신한라타운앞,4417,1583
2014-04-01,대백프라자건너,27115,6022
2014-04-01,대백프라자앞,35271,5504
2014-04-01,대백한라무지개타운건너,25066,1020
2014-04-01,대백한라무지개타운앞,10644,1453
2014-04-01,대봉교회,12336,4824
2014-04-01,대봉네거리1,5609,604
2014-04-01,대봉네거리2,3202,2841
2014-04-01,대봉도서관건너,1748,421
2014-04-01,대봉도서관앞,4648,949
2014-04-01,대봉성당,11547,2483
2014-04-01,대서초등학교앞,586,103
2014-04-01,대성공업건너,783,10422
2014-04-01,대성공업앞,2295,202
2014-04-01,대성유니드앞,3248,52
2014-04-01,대성테크앞,284,31
2014-04-01,대신동광명맨션앞,1579,418
2014-04-01,대신센트럴자이,6423,420
2014-04-01,대실역(1번출구),10657,2211
2014-04-01,대실역(2번출구),31852,1301
2014-04-01,대실역(4번출구),2474,34
2014-04-01,대실역1,72,19
2014-04-01,대실역2,81,103
2014-04-01,대실역청아람건너,7712,39
2014-04-01,대실역청아람앞,510,3771
2014-04-01,대우트럼프월드수성건너,17120,2210
2014-04-01,대우트럼프월드수성앞,3523,2115
2014-04-01,대원고등학교,4396,26217
2014-04-01,대원고등학교건너,2974,3134
2014-04-01,대원사건너(공산동),62,316
2014-04-01,대원사앞(공산동),195,0
2014-04-01,대원사입구,171,0
2014-04-01,대원유치원건너,8254,7001
2014-04-01,대원유치원앞,11787,651
2014-04-01,대일1리마을회관건너,295,31
2014-04-01,대일1리점촌마을,2,52
2014-04-01,대일아파트건너,11371,4865
2014-04-01,대일아파트앞,16019,3012
2014-04-01,대자연맨션,19404,576
2014-04-01,대자연맨션건너,3603,1568
2014-04-01,대중인벤트,350,49
2014-04-01,대진중고등학교건너,1298,168
2014-04-01,대진중고등학교앞,721,99
2014-04-01,대천119안전센터건너,1577,20
2014-04-01,대천119안전센터앞,1028,133
2014-04-01,대천교,2671,776
2014-04-01,대천초등학교건너,535,197
2014-04-01,대천초등학교앞,2749,106
2014-04-01,대청초등학교건너,193,753
2014-04-01,대청초등학교앞,15026,1087
2014-04-01,대평2리,298,0
2014-04-01,대평교회앞,13,5
2014-04-01,대평리시장,17455,1181
2014-04-01,대평중학교건너,10497,1191
2014-04-01,대평중학교앞,7142,1622
2014-04-01,대홍철강,710,44
2014-04-01,대흥동건너,384,23
2014-04-01,대흥동앞,365,217
2014-04-01,덕곡(달구벌고교),968,3
2014-04-01,덕곡(대구선명학교),85,33
2014-04-01,덕곡삼거리1,63,187
2014-04-01,덕곡삼거리2,1094,12
2014-04-01,덕산마을건너,0,8
2014-04-01,덕산마을앞,435,0
2014-04-01,덕원고등학교건너,4277,914
2014-04-01,덕원고등학교앞,729,928
2014-04-01,덕인초등학교건너,2666,765
2014-04-01,덕인초등학교앞,2269,513
2014-04-01,덕화중학교건너,11993,603
2014-04-01,덕화중학교앞,3992,4676
2014-04-01,덴티스앞,374,7
2014-04-01,도남동,347,0
2014-04-01,도남동(종점),37,1
2014-04-01,도남지,170,0
2014-04-01,도동,4,5
2014-04-01,도동교1,960,11
2014-04-01,도동교2,14,36
2014-04-01,도동서원,536,1
2014-04-01,도동청구타운건너,88,68
2014-04-01,도동청구타운앞,1645,219
2014-04-01,도시철도건설본부건너,2269,5752
2014-04-01,도시철도건설본부앞,35249,2574
2014-04-01,도시철도담티역(1번출구),44106,6754
2014-04-01,도시철도담티역(3번출구),33171,5907
2014-04-01,도시철도대구역,959,360
2014-04-01,도시철도수성구청역북편1,604,6988
2014-04-01,도시철도수성구청역북편2,2234,94
2014-04-01,도의리,241,69
2014-04-01,도평동입구1,934,181
2014-04-01,도평동입구2,335,240
2014-04-01,도평동행정복지센터1,2,22
2014-04-01,도평동행정복지센터2,187,4
2014-04-01,도학동,1602,6
2014-04-01,도학동1,35,103
2014-04-01,동곡1리1,13,0
2014-04-01,동곡1리2,223,6
2014-04-01,동곡1리3,75,2
2014-04-01,동곡리,148,5
2014-04-01,동곡초등학교건너,437,6
2014-04-01,동곡초등학교앞,36,76
2014-04-01,동곡치안센터앞,42,13
2014-04-01,동구시장건너,9643,1924
2014-04-01,동구시장앞,8588,1605
2014-04-01,동구청건너,87571,40247
2014-04-01,동구청앞,67693,12210
2014-04-01,동구청역(3번출구),9456,2010
2014-04-01,동구청역(4번출구),2123,766
2014-04-01,동대구LPG충전소건너,2257,167
2014-04-01,동대구LPG충전소앞,748,239
2014-04-01,동대구맨션,8634,8582
2014-04-01,동대구시장건너,14858,2809
2014-04-01,동대구시장앞,25467,7102
2014-04-01,동대구역,68635,17683
2014-04-01,동대구역건너,71369,22703
2014-04-01,동대구역복합환승센터건너,55276,5938
2014-04-01,동대구역복합환승센터앞,50339,23844
2014-04-01,동대구역수화물취급소건너,415,239
2014-04-01,동대구역수화물취급소앞,642,243
2014-04-01,동대구역지하도1,5012,4017
2014-04-01,동대구역지하도2,15187,1765
2014-04-01,동대구초등학교건너,1531,91
2014-04-01,동대구초등학교앞,851,249
2014-04-01,동도중학교건너,12753,1924
2014-04-01,동도중학교앞,17770,2543
2014-04-01,동문고등학교앞,1117,289
2014-04-01,동문고등학교정문,483,116
2014-04-01,동변주공그린빌건너,3060,607
2014-04-01,동변주공그린빌앞,13174,403
2014-04-01,동부경찰서건너,1915,1394
2014-04-01,동부경찰서앞,10136,359
2014-04-01,동부고교건너,1723,732
2014-04-01,동부고교앞,8224,3204
2014-04-01,동부소방서건너,470,9098
2014-04-01,동부소방서앞,6872,535
2014-04-01,동부시외버스터미널(순환2번),2800,355
2014-04-01,동부중학교건너,5708,304
2014-04-01,동부중학교앞,2870,4383
2014-04-01,동북주유소건너,400,59
2014-04-01,동북주유소앞,21,90
2014-04-01,동산의료원앞1,38548,9912
2014-04-01,동산의료원앞2,17666,12058
2014-04-01,동서교회건너,3630,293
2014-04-01,동서교회앞,1675,1083
2014-04-01,동서변리벤빌,12686,1401
2014-04-01,동서변월드메르디앙아파트,3081,968
2014-04-01,동서아파트건너,110,5
2014-04-01,동서아파트앞,2,14
2014-04-01,동서화성타운건너,33259,993
2014-04-01,동서화성타운앞,16827,4206
2014-04-01,동성에스티에스건너,150,63
2014-04-01,동성에스티에스앞,78,8
2014-04-01,동성초등학교건너,2922,9018
2014-04-01,동성초등학교앞,6998,2398
2014-04-01,동신초등학교건너,3209,1479
2014-04-01,동신초등학교앞,3023,4778
2014-04-01,동아백화점수성점건너,16811,11313
2014-04-01,동아백화점수성점앞,57699,1174
2014-04-01,동아수산냉동건너,689,619
2014-04-01,동아수산냉동앞,485,84
2014-04-01,동아스포츠센터(지산중학교앞),1682,1073
2014-04-01,동아스포츠센터(지산초교앞),9900,299
2014-04-01,동아제약,678,112
2014-04-01,동아제약건너,2351,30
2014-04-01,동양맨션앞,4052,198
2014-04-01,동원약품,11457,1938
2014-04-01,동원초등학교건너,1424,655
2014-04-01,동원초등학교앞1,1718,570
2014-04-01,동원초등학교앞2,2174,412
2014-04-01,동인네거리1,1723,375
2014-04-01,동인네거리2,1666,934
2014-04-01,동인초등학교건너,15069,5071
2014-04-01,동인초등학교앞,11639,4710
2014-04-01,동인치안센터건너,19652,10146
2014-04-01,동인치안센터앞,11891,8085
2014-04-01,동일초등학교건너,3033,631
2014-04-01,동일초등학교앞,3530,1157
2014-04-01,동천역1,522,81
2014-04-01,동천역2,1442,301
2014-04-01,동촌강나루아파트건너,2642,993
2014-04-01,동촌강나루아파트앞,3593,13536
2014-04-01,동촌역,706,244
2014-04-01,동촌역(구길),2199,200
2014-04-01,동촌역(신길)1,7542,1469
2014-04-01,동촌역(신길)2,4974,2753
2014-04-01,동촌유원지,701,246
2014-04-01,동촌유원지놀이동산앞,189,53
2014-04-01,동촌해성아파트건너,173,264
2014-04-01,동촌해성아파트앞,991,2448
2014-04-01,동촌화성타운건너,14501,1125
2014-04-01,동촌화성타운앞,8441,2554
2014-04-01,동침산네거리,1988,1202
2014-04-01,동침산네거리2,21,195
2014-04-01,동호동건너(북구),991,182
2014-04-01,동호동앞(북구),105,94
2014-04-01,동호육교1,48,382
2014-04-01,동호육교2,8723,220
2014-04-01,동호초등학교건너,481,0
2014-04-01,동화골든빌(남편),4320,297
2014-04-01,동화골든빌(동편),1353,1955
2014-04-01,동화골든빌(북편),70,247
2014-04-01,동화골든빌건너(남편),21,317
2014-04-01,동화교1,39,197
2014-04-01,동화교2,2769,6
2014-04-01,동화사입구건너,5833,6
2014-04-01,동화사입구앞,55,517
2014-04-01,동화시설집단지구(종점)1,302,23
2014-04-01,동화시설집단지구(종점)2(대구시민안전테마파크),10624,223
2014-04-01,두류3동파출소건너,839,83
2014-04-01,두류3동파출소앞,501,471
2014-04-01,두류공원(야외음악당건너),1055,77
2014-04-01,두류공원(야외음악당앞),672,169
2014-04-01,두류공원네거리1,15442,3350
2014-04-01,두류공원네거리2,5355,4407
2014-04-01,두류도서관앞,11024,4840
2014-04-01,두류보성맨션건너,7339,433
2014-04-01,두류보성맨션앞,3662,4002
2014-04-01,두류수영장건너,23493,5517
2014-04-01,두류수영장앞,23391,3963
2014-04-01,두류역(달성고등학교건너),39694,7811
2014-04-01,두류역(달성고등학교앞),67015,24251
2014-04-01,두류정수사업소건너,21489,1711
2014-04-01,두류정수사업소앞,3188,10045
2014-04-01,두류파출소건너,763,161
2014-04-01,두류파출소앞,272,361
2014-04-01,두리봉네거리1,5680,21155
2014-04-01,두리봉네거리2,17723,2956
2014-04-01,두리봉터널입구,2126,459
2014-04-01,두리봉터널입구건너,5134,159
2014-04-01,두산동주민센터건너,19708,2068
2014-04-01,두산동주민센터앞,11643,3898
2014-04-01,두산스포츠건너,1540,331
2014-04-01,두성파크아파트건너,34111,5060
2014-04-01,두성파크아파트앞,10020,7875
2014-04-01,두천마을건너,61,0
2014-04-01,둔산동,825,1
2014-04-01,들안길1,1481,925
2014-04-01,들안길2,5750,487
2014-04-01,들안길네거리1,7038,189
2014-04-01,들안길네거리2,1032,1558
2014-04-01,들안길초등학교건너,4996,1541
2014-04-01,들안길초등학교앞,6212,2404
2014-04-01,들연경,17,0
2014-04-01,럭키아파트건너,278,426
2014-04-01,럭키아파트앞,2841,40
2014-04-01,롯데백화점상인점건너,12932,7172
2014-04-01,롯데캐슬그랜드,749,1447
2014-04-01,룸비니유치원건너,2844,145
2014-04-01,룸비니유치원앞,2273,302
2014-04-01,마비정벽화마을(종점),822,17
2014-04-01,만경관건너,14357,6285
2014-04-01,만경관앞,11610,5069
2014-04-01,만촌1동주민센터,3814,969
2014-04-01,만촌2동주민센터,19927,1571
2014-04-01,만촌3차화성파크드림건너,4048,248
2014-04-01,만촌그린빌라건너,907,93
2014-04-01,만촌역(1번출구),947,5782
2014-04-01,만촌우방1차건너,10089,398
2014-04-01,만촌우방1차앞,482,496
2014-04-01,만촌육교1,66665,8233
2014-04-01,만촌육교2,10361,16745
2014-04-01,만촌자전거경기장,61,63
2014-04-01,만촌천주교회앞,170,281
2014-04-01,만촌초등학교건너1,2716,747
2014-04-01,만촌초등학교건너2,3909,255
2014-04-01,만촌초등학교앞,2434,483
2014-04-01,만촌태왕리더스건너,2231,350
2014-04-01,만촌태왕리더스건너(남편),471,3911
2014-04-01,만촌태왕리더스북편,708,402
2014-04-01,만촌태왕리더스앞1,6523,14017
2014-04-01,만촌태왕리더스앞2,2148,205
2014-04-01,만촌화성파크스위트,867,51
2014-04-01,만평네거리,7419,6381
2014-04-01,만평역(서대구고속버스터미널)1,10907,3571
2014-04-01,만평역(서대구고속버스터미널)2,8794,16681
2014-04-01,망우당공원(종점),405,120
2014-04-01,망우당공원건너,1712,898
2014-04-01,망우당공원앞,4362,4040
2014-04-01,매곡(종점),471,67
2014-04-01,매곡사거리1,637,715
2014-04-01,매곡사거리2,14464,513
2014-04-01,매곡정수사업소건너,663,10
2014-04-01,매곡정수사업소앞,7,34
2014-04-01,매곡초등학교건너,20,710
2014-04-01,매골1,8,117
2014-04-01,매골2,480,3
2014-04-01,매여동(동구)저탄장,944,147
2014-04-01,매일신문사건너,194,199
2014-04-01,매일신문사앞,1805,536
2014-04-01,매천고교,2192,89
2014-04-01,매천대교1,1487,197
2014-04-01,매천대교2,2,4
2014-04-01,매천성당건너1,3592,218
2014-04-01,매천성당건너2,545,119
2014-04-01,매천성당앞,5631,309
2014-04-01,매천수산시장건너,1752,136
2014-04-01,매천수산시장앞,1665,93
2014-04-01,매천시장지하차도,1583,286
2014-04-01,매천중고등학교건너,6745,5284
2014-04-01,매천중고등학교앞,12519,1189
2014-04-01,매천초교(매천역)2,1100,184
2014-04-01,매천화성파크드림,1421,68
2014-04-01,매천휴먼시아앞,1170,110
2014-04-01,매호동서아파트앞,1091,2
2014-04-01,매호성당건너,623,2
2014-04-01,메트로시티건너,4787,986
2014-04-01,메트로시티앞,2079,172
2014-04-01,메트로팔레스1,15983,2328
2014-04-01,메트로팔레스2,20796,1055
2014-04-01,명곡1리입구1,12,4
2014-04-01,명곡1리입구2,7,13
2014-04-01,명곡리1,2364,664
2014-04-01,명곡리2,7537,732
2014-04-01,명곡미래빌1단지,2199,250
2014-04-01,명곡미래빌2단지건너,20,259
2014-04-01,명곡미래빌2단지앞,12984,1699
2014-04-01,명곡미래빌3단지건너,1892,963
2014-04-01,명곡미래빌3단지앞,5185,217
2014-04-01,명곡미래빌4단지,3958,255
2014-04-01,명곡미래빌5단지건너,11,113
2014-04-01,명곡미래빌5단지앞,5630,1342
2014-04-01,명곡지구앞,85,137
2014-04-01,명덕네거리1,42191,2893
2014-04-01,명덕네거리2,14641,20975
2014-04-01,명덕역(6번출구),51567,16383
2014-04-01,명덕역(7번출구),35356,6608
2014-04-01,명덕초등학교건너,19109,18375
2014-04-01,명덕초등학교앞,32247,6631
2014-04-01,명문세가APT건너,10590,1441
2014-04-01,명문세가APT앞,17377,2457
2014-04-01,명문오하임아파트건너,281,238
2014-04-01,명문오하임아파트앞,159,86
2014-04-01,명보약국건너,2037,1201
2014-04-01,명보약국앞,2630,381
2014-04-01,명산교(명산화성타운건너),3444,193
2014-04-01,명성푸르지오건너,7117,1485
2014-04-01,명성푸르지오앞,30888,2405
2014-04-01,모개월앞,1,2
2014-04-01,모개월입구,25,0
2014-04-01,모다아울렛,95,5
2014-04-01,모다아울렛건너,17983,905
2014-04-01,모다아울렛앞,463,2052
2014-04-01,모래정마을건너,103,0
2014-04-01,모래정마을앞,24,6
2014-04-01,목단1리,89,2
2014-04-01,목단2리,72,0
2014-04-01,목단리,78,0
2014-04-01,묘1리,74,0
2014-04-01,묘2리(고려정밀),149,0
2014-04-01,묘2리(전마),220,0
2014-04-01,무궁화LPG충전소,9539,3534
2014-04-01,무궁화LPG충전소건너,4112,1097
2014-04-01,무궁화어린이공원입구,2256,348
2014-04-01,무궁화어린이공원입구건너,4737,2539
2014-04-01,무등1리1,1,1
2014-04-01,무등1리2,230,0
2014-04-01,무등1리3,55,0
2014-04-01,무등2리,0,9
2014-04-01,무등2리입구건너,109,0
2014-04-01,무등보건진료소건너,31,0
2014-04-01,무등보건진료소앞,2,3
2014-04-01,무림제지건너,910,188
2014-04-01,무림제지앞1,1454,977
2014-04-01,무림제지앞2,253,164
2014-04-01,무열대건너,4794,2528
2014-04-01,무열대앞,1574,572
2014-04-01,무태교,19,857
2014-04-01,무태네거리(시내방향),18168,4776
2014-04-01,무태네거리(시외방향),4637,3344
2014-04-01,무태새마을금고건너,2004,542
2014-04-01,무태새마을금고앞,6511,371
2014-04-01,무태조야동주민센터건너1,7909,268
2014-04-01,무태조야동주민센터건너2,6533,1347
2014-04-01,무태조야동주민센터앞1,2073,517
2014-04-01,무태조야동주민센터앞2,17075,1346
2014-04-01,문성병원건너,12102,4951
2014-04-01,문성병원앞,19377,5934
2014-04-01,문양기지창건너,15,389
2014-04-01,문양기지창앞,168,35
2014-04-01,문양리(서부실),1,0
2014-04-01,문양리1,168,3
2014-04-01,문양리2,7,9
2014-04-01,문양리입구1,67,50
2014-04-01,문양리입구2,0,36
2014-04-01,문양역건너,22,912
2014-04-01,문양역앞,2921,1270
2014-04-01,문주마을건너,209,0
2014-04-01,문주마을앞,47,0
2014-04-01,문화예술회관건너,13430,5376
2014-04-01,문화예술회관앞,12704,5472
2014-04-01,미8군후문건너,515,169
2014-04-01,미8군후문앞,1298,44
2014-04-01,미곡동1,348,352
2014-04-01,미곡동2,2956,105
2014-04-01,미대동1,3023,87
2014-04-01,미대동2,353,269
2014-04-01,미래아트빌앞,679,403
2014-04-01,미리내맨션건너,19455,570
2014-04-01,미리내맨션앞,6019,1671
2014-04-01,민들레아파트후문건너,4855,144
2014-04-01,민들레아파트후문앞,7270,86
2014-04-01,바른병원건너,437,149
2014-04-01,박곡리(시내방향),237,0
2014-04-01,박곡리(시외방향),53,4
2014-04-01,박석진교,4,16
2014-04-01,반고개(내당역4번출구),4674,3722
2014-04-01,반고개1,8865,3938
2014-04-01,반고개2,19126,6137
2014-04-01,반송4교건너,7,12
2014-04-01,반송4교앞,465,43
2014-04-01,반송리,461,3
2014-04-01,반야월모란1차아파트,4841,2423
2014-04-01,반야월시장1,8030,3050
2014-04-01,반야월시장2,10212,1479
2014-04-01,반야월역(국철)건너,5772,2934
2014-04-01,반야월역(국철)앞,9313,1711
2014-04-01,반야월역(도시철도1번출구),1543,286
2014-04-01,반야월역(도시철도2번출구),8117,192
2014-04-01,반야월역(도시철도3번출구),6597,2890
2014-04-01,반야월역(도시철도4번출구)1,6607,2742
2014-04-01,반야월역(도시철도4번출구)2,2405,1716
2014-04-01,반야월저탄장건너,6143,3734
2014-04-01,반야월저탄장앞,11431,1290
2014-04-01,반월당역(1번출구)1,41494,11712
2014-04-01,반월당역(1번출구)2,5140,6289
2014-04-01,반월당역(2번출구),69210,41193
2014-04-01,방공포병학교건너,2409,277
2014-04-01,방공포병학교앞,1031,2976
2014-04-01,방짜유기박물관건너,958,4
2014-04-01,방짜유기박물관앞,23,91
2014-04-01,방천리1,199,11
2014-04-01,방천리2,600,96
2014-04-01,방천시장(김광석길)건너,17967,7235
2014-04-01,방천시장(김광석길)앞,15415,2765
2014-04-01,방촌1동,1199,2
2014-04-01,방촌건널목,134,1447
2014-04-01,방촌맨션앞,5846,1834
2014-04-01,방촌빌라,231,1121
2014-04-01,방촌시장건너,30871,3708
2014-04-01,방촌시장앞,18540,6628
2014-04-01,방촌역(1번출구),15610,5526
2014-04-01,방촌역(2번출구),13675,1423
2014-04-01,방촌치안센터건너,1853,1547
2014-04-01,방촌치안센터앞,6338,1776
2014-04-01,백사벌네거리1,2635,54
2014-04-01,백사벌네거리2,3208,1263
2014-04-01,백안교1,9,24
2014-04-01,백안교2,1319,151
2014-04-01,백안삼거리1,363,145
2014-04-01,백안삼거리2,6121,187
2014-04-01,백자맨션건너,290,966
2014-04-01,백자맨션앞,5256,1897
2014-04-01,범물1동주민센터건너,8742,1670
2014-04-01,범물1동주민센터앞,51288,1888
2014-04-01,범물2동주민센터건너,5142,544
2014-04-01,범물2동주민센터앞,12,248
2014-04-01,범물두성타운건너,451,20
2014-04-01,범물우방미진하이츠앞,5219,201
2014-04-01,범물청구맨션건너,663,2955
2014-04-01,범물청구맨션앞,57258,3815
2014-04-01,범물하이츠 건너,3407,3740
2014-04-01,범물하이츠앞,24604,205
2014-04-01,범물한라주택건너,27457,1064
2014-04-01,범물한라주택앞,3813,4972
2014-04-01,범어2동1,218,2599
2014-04-01,범어2동2,1141,155
2014-04-01,범어4동주민센터건너,26163,6637
2014-04-01,범어4동주민센터앞,11575,10078
2014-04-01,범어쌍용예가건너,8026,8185
2014-04-01,범어쌍용예가앞,12634,2659
2014-04-01,범어역(1번출구),21011,3439
2014-04-01,범어역(2번출구),12033,5620
2014-04-01,법원건너,19578,15504
2014-04-01,법원앞,30692,6320
2014-04-01,법원어린이집,666,1761
2014-04-01,베어산업건너,677,0
2014-04-01,베어산업앞,54,20
2014-04-01,병무청중앙신체검사소,20,19
2014-04-01,보람타운건너,286,580
2014-04-01,보람타운앞,9414,2439
2014-04-01,보병50사단건너,4367,447
2014-04-01,보병50사단앞,1757,354
2014-04-01,보성기계건너,1761,242
2014-04-01,보성기계앞,27,115
2014-04-01,보성산호타운건너,5079,751
2014-04-01,보성산호타운앞,2669,1290
2014-04-01,보성서한타운앞,4646,942
2014-04-01,보성은하타운앞,3326,59
2014-04-01,보성화성타운건너,30106,2699
2014-04-01,보성화성타운앞,9101,6186
2014-04-01,보훈병원건너,1,30
2014-04-01,보훈병원앞,3579,119
2014-04-01,복음간호학원,1959,581
2014-04-01,복현네거리,6861,10936
2014-04-01,복현대백맨션건너,18884,2217
2014-04-01,복현대백맨션앞,3916,3575
2014-04-01,복현서한2차아파트,2576,3691
2014-04-01,복현성모약국앞,3003,1095
2014-04-01,복현오거리1,63384,11309
2014-04-01,복현오거리2,14129,4651
2014-04-01,복현오거리3,355,238
2014-04-01,복현우방아파트,11127,1871
2014-04-01,복현우체국건너,55468,4700
2014-04-01,복현우체국앞,9024,9029
2014-04-01,복현장미맨션앞,2339,1007
2014-04-01,복현푸르지오아파트건너,17801,1617
2014-04-01,복현현대맨션건너,2762,74
2014-04-01,복현현대맨션앞,753,296
2014-04-01,본동시장건너,8802,1073
2014-04-01,본동시장앞,1756,1729
2014-04-01,본리1리,239,67
2014-04-01,본리1리동회관건너,558,447
2014-04-01,본리1리동회관앞,43,51
2014-04-01,본리2,1968,232
2014-04-01,본리근린공원건너,1,2
2014-04-01,본리근린공원앞,0,2
2014-04-01,본리네거리,3379,494
2014-04-01,본리네거리2,10752,1841
2014-04-01,본리네거리3,9379,1915
2014-04-01,본리도서관앞,1601,304
2014-04-01,본리롯데캐슬,2394,193
2014-04-01,본리아카시아맨션,5770,1393
2014-04-01,본리지구건너,1500,587
2014-04-01,본리지구앞,8508,1285
2014-04-01,본리초등학교건너,10718,2271
2014-04-01,본리초등학교앞,8563,1827
2014-04-01,본리치안센터건너,3811,451
2014-04-01,본리치안센터앞,4012,1749
2014-04-01,본말(종점),84,0
2014-04-01,봉덕119안전센터건너,909,57
2014-04-01,봉덕119안전센터앞,579,149
2014-04-01,봉덕2동새마을금고건너,1354,335
2014-04-01,봉덕2동새마을금고앞,1055,829
2014-04-01,봉덕교회건너,16140,2221
2014-04-01,봉덕교회앞,4109,1281
2014-04-01,봉덕변전소건너,3321,24
2014-04-01,봉덕변전소앞,18,64
2014-04-01,봉덕시장건너1,4314,1895
2014-04-01,봉덕시장건너2,566,340
2014-04-01,봉덕시장건너3,10137,729
2014-04-01,봉덕시장앞1,16384,1129
2014-04-01,봉덕시장앞2,4796,2146
2014-04-01,봉무공원건너,9028,1639
2014-04-01,봉무청구새들마을건너,19921,1843
2014-04-01,봉무청구새들마을앞,2569,818
2014-04-01,봉산가구골목(동편),3526,3890
2014-04-01,봉산가구골목(서편),2313,439
2014-04-01,봉산문화거리건너,23382,9632
2014-04-01,봉산문화거리앞,14155,4167
2014-04-01,봉산육거리,4318,447
2014-04-01,봉촌1리1,509,0
2014-04-01,봉촌1리2,3,48
2014-04-01,봉촌1리3,274,0
2014-04-01,봉촌2리,102,0
2014-04-01,봉촌낙동길입구,314,1
2014-04-01,봉촌낙동길입구건너,15,41
2014-04-01,봉촌리,299,0
2014-04-01,부곡리,11,6
2014-04-01,부곡리건너,69,79
2014-04-01,부남교앞,665,0
2014-04-01,부동,1134,62
2014-04-01,부동(종점),240,6
2014-04-01,부동농협,387,1
2014-04-01,부동삼거리,4,5
2014-04-01,부영3단지,3004,1744
2014-04-01,부영5단지,2266,470
2014-04-01,부영7단지건너,708,10
2014-04-01,부영7단지앞,16,63
2014-04-01,부인사건너,27,14
2014-04-01,부인사앞,45,2
2014-04-01,북구구민운동장건너,8229,1370
2014-04-01,북구구민운동장앞,2326,1593
2014-04-01,북구보건소건너,4305,1842
2014-04-01,북구보건소앞,9742,453
2014-04-01,북구선거관리위원회건너,6789,690
2014-04-01,북구선거관리위원회앞,8027,3150
2014-04-01,북구어울아트센터앞,59,109
2014-04-01,북구청건너,15392,4907
2014-04-01,북구청네거리1,1862,2331
2014-04-01,북구청네거리2,3127,368
2014-04-01,북구청앞,14985,1686
2014-04-01,북구청역(3번출구),14634,4484
2014-04-01,북구청역(4번출구),6329,2944
2014-04-01,북대구세무서건너,8435,775
2014-04-01,북대구세무서앞,4436,1042
2014-04-01,북대구초등학교건너,2660,66
2014-04-01,북대구초등학교앞,744,188
2014-04-01,북동초등학교건너,1428,859
2014-04-01,북동초등학교앞,5097,65
2014-04-01,북리1,3327,1204
2014-04-01,북리2,22760,360
2014-04-01,북부경찰서건너,2304,1107
2014-04-01,북부상수도사업소,156,1012
2014-04-01,북부정류장,98541,18834
2014-04-01,북부정류장건너,48608,17258
2014-04-01,북비산네거리1,8624,5819
2014-04-01,북비산네거리2,10276,1608
2014-04-01,북중학교앞,3202,927
2014-04-01,북침산치안센터건너,8192,1783
2014-04-01,북침산치안센터앞,7412,3002
2014-04-01,불교한방병원건너1,508,241
2014-04-01,불교한방병원건너2,2242,273
2014-04-01,불교한방병원앞1,3244,160
2014-04-01,불교한방병원앞2,3153,663
2014-04-01,불로삼거리,1877,13855
2014-04-01,불로우방아파트건너,8002,2819
2014-04-01,불로우방아파트앞,9254,5413
2014-04-01,불로전통시장건너,46660,4544
2014-04-01,불로전통시장앞,17316,7629
2014-04-01,불로천주교회건너,14054,3497
2014-04-01,불로천주교회앞,23684,4682
2014-04-01,불로화훼단지건너,22,442
2014-04-01,불로화훼단지앞,665,1119
2014-04-01,비산5동주민센터,22,0
2014-04-01,비산6동주민센터건너,456,922
2014-04-01,비산6동주민센터앞,491,26
2014-04-01,비산7동우체국건너,3335,4876
2014-04-01,비산7동우체국앞1,12600,4312
2014-04-01,비산7동우체국앞2,9485,2624
2014-04-01,비산웰빙하와이건너,2254,81
2014-04-01,비산웰빙하와이앞,1194,112
2014-04-01,비산지하도1,10672,6264
2014-04-01,비산지하도2,22091,4889
2014-04-01,비산초등학교건너,11338,1255
2014-04-01,비산초등학교앞,15139,2047
2014-04-01,비슬산휴양림주차장,307,22
2014-04-01,비원지구대건너,5865,503
2014-04-01,비원지구대앞,737,1781
2014-04-01,비철금속협업단지앞,6872,637
2014-04-01,사복동입구교차로,260,3301
2014-04-01,사복동입구교차로건너,36,481
2014-04-01,사월동(종점),970,50
2014-04-01,사월보성2차건너,53,147
2014-04-01,사월보성2차앞,3270,121
2014-04-01,사월역(2번출구),22687,3312
2014-04-01,사월역(4번출구),19437,12123
2014-04-01,사창마을앞,19,0
2014-04-01,산격4동주민센터건너,749,217
2014-04-01,산격4동주민센터앞,6152,679
2014-04-01,산격거평타운건너,1182,3274
2014-04-01,산격거평타운앞,2197,2850
2014-04-01,산격대우아파트앞,62123,8571
2014-04-01,산격문화회관건너,9498,720
2014-04-01,산격문화회관앞,3516,1716
2014-04-01,산격종합시장앞,62255,18965
2014-04-01,산격주공아파트건너,4372,5827
2014-04-01,산격주공아파트앞,26317,2729
2014-04-01,산격중학교건너,9542,14067
2014-04-01,산격중학교앞,11252,1866
2014-04-01,산격청구맨션앞,6886,3392
2014-04-01,산격초등학교건너,11986,553
2014-04-01,산격초등학교앞,10584,923
2014-04-01,산림조합중앙회건너,1873,2305
2014-04-01,산림조합중앙회앞,1634,670
2014-04-01,산업용재관,4501,2423
2014-04-01,삼덕교회,6190,5933
2014-04-01,삼덕동1,232,332
2014-04-01,삼덕동2,291,65
2014-04-01,삼덕성당앞,8297,1176
2014-04-01,삼리1리1,6,25
2014-04-01,삼리1리2,854,366
2014-04-01,삼리리1(논공),27,32
2014-04-01,삼리리2(논공),176,95
2014-04-01,삼보,993,83
2014-04-01,삼산리(범동교),48,11
2014-04-01,삼산리(삼산교회건너),225,1
2014-04-01,삼산리(삼산교회앞),3890,283
2014-04-01,삼산리(은지가든),3,7
2014-04-01,삼산리입구건너,605,1
2014-04-01,삼산리입구앞,7,194
2014-04-01,삼산지,11,0
2014-04-01,삼성공원아파트건너,330,200
2014-04-01,삼성래미안1차건너,7227,2595
2014-04-01,삼성래미안1차앞,5480,617
2014-04-01,삼성래미안2차건너,4670,826
2014-04-01,삼성래미안2차앞,4592,2069
2014-04-01,삼성명가타운,4362,1292
2014-04-01,삼성명가타운건너,1056,521
2014-04-01,삼성물류센터앞,229,1389
2014-04-01,삼성한국형아파트건너,1222,65
2014-04-01,삼성한국형아파트앞,1219,611
2014-04-01,삼우섬유앞,503,18
2014-04-01,삼육구가든건너,256,32
2014-04-01,삼육구가든앞,91,1
2014-04-01,삼익THK건너,231,57
2014-04-01,삼익THK앞,348,30
2014-04-01,삼익뉴타운건너,8216,2252
2014-04-01,삼익뉴타운앞,12954,784
2014-04-01,삼정빌딩앞,994,304
2014-04-01,삼호아파트건너,781,221
2014-04-01,삼호아파트앞,1282,1438
2014-04-01,삼환맨션,595,65
2014-04-01,상공회의소건너,3903,1740
2014-04-01,상공회의소앞,5405,1033
2014-04-01,상당마을,50,1
2014-04-01,상동가압장건너,1601,125
2014-04-01,상동교1,280,106
2014-04-01,상동교2,1535,647
2014-04-01,상동네거리,4420,1828
2014-04-01,상동마을(둔산길),1036,3
2014-04-01,상동시장앞,2091,489
2014-04-01,상동우체국건너,6547,1500
2014-04-01,상동우체국앞,22012,3516
2014-04-01,상동천주교회건너,392,439
2014-04-01,상동천주교회앞,2130,2465
2014-04-01,상록아파트,781,35
2014-04-01,상리공단,2425,192
2014-04-01,상리공단건너,1304,534
2014-04-01,상리동입구,1956,177
2014-04-01,상리동입구1,1,161
2014-04-01,상리동입구2,4283,33
2014-04-01,상리동종점,1,23
2014-04-01,상리동종점2,1123,0
2014-04-01,상리동종점3,3304,151
2014-04-01,상리마을건너,4,14
2014-04-01,상리마을앞,52,12
2014-04-01,상리지하도1,2465,71
2014-04-01,상리지하도2,2078,47
2014-04-01,상매동(저탄장),3,13
2014-04-01,상서고등학교건너,2657,112
2014-04-01,상서고등학교앞,1737,187
2014-04-01,상수도사업본부,7925,3900
2014-04-01,상수도사업본부건너,8223,16032
2014-04-01,상수도사업본부시설관리소건너,10854,1650
2014-04-01,상수도사업본부시설관리소앞,1719,1460
2014-04-01,상수도중남부사업소건너,1718,675
2014-04-01,상수도중남부사업소앞,382,171
2014-04-01,상원리(마을회관),12,0
2014-04-01,상인2동주민센터건너,6472,262
2014-04-01,상인동서타운앞,19758,3171
2014-04-01,상인동화아이위시아파트건너,22864,1599
2014-04-01,상인동화아이위시아파트앞,2492,1764
2014-04-01,상인비둘기1단지아파트건너,5333,817
2014-04-01,상인비둘기1단지아파트앞,19236,875
2014-04-01,상인비둘기2단지아파트앞,16557,1357
2014-04-01,상인삼미타운건너,2771,12702
2014-04-01,상인삼미타운앞,5686,648
2014-04-01,상인역e-편한세상앞,7660,21078
2014-04-01,상인우방아파트,14267,31365
2014-04-01,상인은행아파트건너,7401,1664
2014-04-01,상인은행아파트앞,7315,1117
2014-04-01,상인자이앞,7606,2430
2014-04-01,상인장미아파트앞,11699,1071
2014-04-01,상인제림아파트건너,2510,401
2014-04-01,상인제림아파트앞,1724,1155
2014-04-01,상인청구타운건너,3353,253
2014-04-01,상인청구타운앞,1920,237
2014-04-01,상인초등학교앞,3319,2687
2014-04-01,상인한서타운앞,4427,1075
2014-04-01,상인현대맨션건너,84451,4461
2014-04-01,상인현대맨션앞,25024,35295
2014-04-01,상인화성파크드림건너,1182,817
2014-04-01,상인화성파크드림앞,1321,185
2014-04-01,상화네거리,204,1055
2014-04-01,새길시장건너,12714,10041
2014-04-01,새길시장앞,43565,4847
2014-04-01,새동네아파트건너,31,1
2014-04-01,새동네아파트앞,520,1661
2014-04-01,새마을건너,10,33
2014-04-01,새범어아파트건너,1400,264
2014-04-01,새범어아파트앞,2223,162
2014-04-01,새본리중학교앞,1355,504
2014-04-01,샤니삼거리1,199,0
2014-04-01,샤니삼거리2,6,3
2014-04-01,서구문화회관건너,3504,975
2014-04-01,서구문화회관앞,8432,1949
2014-04-01,서구시장건너,23764,7507
2014-04-01,서구시장앞,17371,5337
2014-04-01,서구제일사회복지관건너,1529,2641
2014-04-01,서구제일사회복지관앞,4829,525
2014-04-01,서구청건너,51511,7382
2014-04-01,서구청앞,55213,7687
2014-04-01,서남시장건너,28186,20391
2014-04-01,서남시장앞1,33144,6752
2014-04-01,서남시장앞2,15274,3152
2014-04-01,서당마을건너,988,83
2014-04-01,서당마을앞,22,39
2014-04-01,서대구고속버스터미널,344,1636
2014-04-01,서대구공단네거리1,1071,77
2014-04-01,서대구공단네거리2,382,57
2014-04-01,서대구공단네거리3,2847,335
2014-04-01,서대구공단네거리4,4836,2165
2014-04-01,서대구세무서,12857,26549
2014-04-01,서대구시장건너,13015,6383
2014-04-01,서대구시장앞,14969,5177
2014-04-01,서대구초등학교입구,25456,10021
2014-04-01,서대명지구대건너,8149,1668
2014-04-01,서대명지구대앞,2826,1083
2014-04-01,서도초등학교건너,2768,1732
2014-04-01,서도초등학교서편1,1,0
2014-04-01,서도초등학교서편2,93,261
2014-04-01,서도초등학교앞,10196,845
2014-04-01,서문시장,68895,11134
2014-04-01,서문시장5지구앞,1498,1041
2014-04-01,서변동영남네오빌건너,5118,349
2014-04-01,서변동영남네오빌앞,5111,486
2014-04-01,서부고등학교건너,2311,531
2014-04-01,서부고등학교앞,4045,109
2014-04-01,서부공업고등학교건너,11630,13312
2014-04-01,서부공업고등학교앞,33251,1710
2014-04-01,서부소방서,7,62
2014-04-01,서부시장건너,27936,12511
2014-04-01,서부시장앞,25286,5850
2014-04-01,서부정류장(관문시장건너),103753,18949
2014-04-01,서부정류장(관문시장앞),38146,11175
2014-04-01,서부정류장1,89852,11299
2014-04-01,서부정류장2,6561,1847
2014-04-01,서부정류장3(성당못역1번출구),26504,38452
2014-04-01,서부정류장4(성당못역1번출구),2861,1381
2014-04-01,서부중학교앞,9576,6592
2014-04-01,서영기공건너,315,1
2014-04-01,서영기공앞,3,29
2014-04-01,서재금봉타운,212,1105
2014-04-01,서재금봉타운건너,28354,155
2014-04-01,서재들,12,4
2014-04-01,서재들건너,26,13
2014-04-01,서재보성타운건너,21914,137
2014-04-01,서재보성타운앞,161,264
2014-04-01,서진중학교건너,883,624
2014-04-01,서평초등학교,3263,1559
2014-04-01,서평초등학교건너,2853,466
2014-04-01,선녀곡건너(옥포),406,53
2014-04-01,선녀곡앞(옥포),64,304
2014-04-01,설티고개(달성공단방면),11,7
2014-04-01,설티고개(옥포방면),42,0
2014-04-01,설화동(종점),355,37
2014-04-01,설화리(시내방향),14829,1108
2014-04-01,설화리(시외방향),974,1107
2014-04-01,설화명곡역(4번출구),2,116
2014-04-01,섬뜸마을,842,2
2014-04-01,섬유회관건너1,58945,18530
2014-04-01,섬유회관건너2,11587,3545
2014-04-01,섬유회관앞,70831,23236
2014-04-01,성곡중학교건너,1745,615
2014-04-01,성곡중학교앞,1580,48
2014-04-01,성광고등학교건너,14037,3729
2014-04-01,성광고등학교앞,362,1038
2014-04-01,성남초등학교건너,1195,1963
2014-04-01,성남초등학교앞,5494,337
2014-04-01,성내3동주민센터입구,1269,1795
2014-04-01,성당두산위브앞,26487,1849
2014-04-01,성당래미안·e-편한세상앞,12601,3313
2014-04-01,성당못역북편1,928,1153
2014-04-01,성당못역북편2,2302,241
2014-04-01,성당보성아파트건너,34029,7216
2014-04-01,성당보성아파트앞,14145,4135
2014-04-01,성당시장건너,32162,5640
2014-04-01,성당시장앞1,5879,612
2014-04-01,성당시장앞2,37032,3790
2014-04-01,성당초교앞,1279,299
2014-04-01,성당코오롱하늘채,9372,1369
2014-04-01,성당코오롱하늘채2,14629,7003
2014-04-01,성당포스코더샵건너,6364,1803
2014-04-01,성당포스코더샵앞,15226,1075
2014-04-01,성동건너,234,286
2014-04-01,성동마을건너,149,65
2014-04-01,성동마을앞,410,6
2014-04-01,성동앞,146,50
2014-04-01,성동초등학교건너,12381,2540
2014-04-01,성동초등학교앞,18801,1637
2014-04-01,성동탱자나무마을건너,13,25
2014-04-01,성동탱자나무마을앞,58,34
2014-04-01,성림첨단산업건너,75,12
2014-04-01,성림첨단산업앞,341,5
2014-04-01,성명119안전센터건너1,4626,4316
2014-04-01,성명119안전센터앞,2661,365
2014-04-01,성명여자중학교,528,317
2014-04-01,성모여성병원건너,35528,4909
2014-04-01,성모여성병원앞,34971,20110
2014-04-01,성보교통,1657,86
2014-04-01,성북교1,11952,1900
2014-04-01,성북교2,8439,3934
2014-04-01,성북시장건너,2998,914
2014-04-01,성북시장앞,10256,2947
2014-04-01,성산3동,0,19
2014-04-01,성산리1,51,64
2014-04-01,성산리2,642,128
2014-04-01,성산중학교앞,2593,205
2014-04-01,성산초등학교앞,617,119
2014-04-01,성서119안전센터건너,24,3608
2014-04-01,성서119안전센터앞,17944,124
2014-04-01,성서4차산업단지앞1,480,115
2014-04-01,성서공단물류센터,550,3
2014-04-01,성서농협남부지소,12857,3938
2014-04-01,성서동서서한타운건너,4995,500
2014-04-01,성서동서서한타운앞,6673,320
2014-04-01,성서보성타운2차건너1,278,591
2014-04-01,성서보성타운2차건너2,1152,123
2014-04-01,성서보성타운2차앞,9965,1747
2014-04-01,성서산업단지역(1번출구),6278,3494
2014-04-01,성서산업단지역(2번출구),12026,1492
2014-04-01,성서서한2차타운1,9078,425
2014-04-01,성서서한2차타운2,278,864
2014-04-01,성서우방2차아파트,1780,484
2014-04-01,성서우방타운건너,20626,2875
2014-04-01,성서우방타운앞,14628,2709
2014-04-01,성서우체국건너,1843,368
2014-04-01,성서우체국앞,538,1428
2014-04-01,성서종합시장건너,22480,7385
2014-04-01,성서종합시장앞,61965,5970
2014-04-01,성서주공1단지건너,11877,1237
2014-04-01,성서주공1단지앞,2399,1964
2014-04-01,성서주공2단지건너,15187,6995
2014-04-01,성서주공2단지앞,37048,2545
2014-04-01,성서주공5단지앞,393,187
2014-04-01,성서청구타운건너,9604,1682
2014-04-01,성서청구타운앞,7751,522
2014-04-01,성서초등학교건너,5675,1309
2014-04-01,성서초등학교앞,91,522
2014-04-01,성서푸른마을아파트건너,11517,1017
2014-04-01,성서푸른마을아파트앞,2283,980
2014-04-01,성서한샘타운앞,2032,123
2014-04-01,성서협업단지건너,118,1
2014-04-01,성서협업단지앞,40,21
2014-04-01,성요셉요양병원건너,199,519
2014-04-01,성요셉요양병원앞,2194,150
2014-04-01,성원아파트건너,1759,226
2014-04-01,성원아파트앞,7762,445
2014-04-01,성주사건너,153,23
2014-04-01,성주사앞,4,127
2014-04-01,성지중학교건너,5799,1144
2014-04-01,성지중학교앞,7581,5521
2014-04-01,성하리,46,605
2014-04-01,성화여고건너,12608,762
2014-04-01,성화여고앞,6897,3810
2014-04-01,세강병원앞,7109,24270
2014-04-01,세원정공건너,13356,513
2014-04-01,세원정공앞,2257,4249
2014-04-01,세천고개1,370,24
2014-04-01,세천고개2,293,63
2014-04-01,세천리2,380,9
2014-04-01,세천리3,677,11
2014-04-01,세하건너,3,11
2014-04-01,세하앞,6,6
2014-04-01,세흥인쇄,922,161
2014-04-01,소선여중건너,4144,4347
2014-04-01,소선여중앞,216,493
2014-04-01,솔렌스힐건너,5412,881
2014-04-01,솔렌스힐앞,2193,405
2014-04-01,솔밭기세길건너,6,28
2014-04-01,솔밭기세길입구,323,2
2014-04-01,솔비식당입구,21,2
2014-04-01,솔비식당입구맞은편,807,110
2014-04-01,송원맨션건너,12831,1172
2014-04-01,송원맨션앞,4532,1195
2014-04-01,송정1동,0,5
2014-04-01,송정동1,50,14
2014-04-01,송정동2,31,0
2014-04-01,송정동3,52,7
2014-04-01,송정동4,46,37
2014-04-01,송정마을1,6,29
2014-04-01,송정마을2,262,13
2014-04-01,송정삼거리1,389,280
2014-04-01,송정삼거리2,293,576
2014-04-01,송정삼거리3,5245,1224
2014-04-01,송정삼거리4,8930,1100
2014-04-01,송해공원,10,3
2014-04-01,송현1동치안센터건너,7357,1549
2014-04-01,송현2동주민센터건너,654,223
2014-04-01,송현공원건너,657,217
2014-04-01,송현공원앞,534,668
2014-04-01,송현교,1337,73
2014-04-01,송현교2,162,54
2014-04-01,송현여중고교건너,3405,807
2014-04-01,송현여중고교앞,5125,4424
2014-04-01,송현역(1번출구),12838,2340
2014-04-01,송현역(2번출구),18823,3577
2014-04-01,송현역(3번출구),19183,15346
2014-04-01,송현역(4번출구),7723,4176
2014-04-01,송현제림타운건너,5461,9480
2014-04-01,송현제림타운앞,3766,874
2014-04-01,송현초등학교건너,3669,845
2014-04-01,송현초등학교앞,10259,351
2014-04-01,수리리,72,81
2014-04-01,수성4가동주민센터앞,852,123
2014-04-01,수성경찰서건너,28216,7399
2014-04-01,수성경찰서앞,19784,11697
2014-04-01,수성고등학교건너,5542,1048
2014-04-01,수성고등학교앞,3462,459
2014-04-01,수성관광호텔건너,3051,402
2014-04-01,수성관광호텔앞,2921,438
2014-04-01,수성교1,8780,5697
2014-04-01,수성교2,6865,3759
2014-04-01,수성구민운동장건너,8807,2394
2014-04-01,수성구민운동장앞,6470,12554
2014-04-01,수성구보건소건너,27702,2789
2014-04-01,수성구보건소앞,11458,4004
2014-04-01,수성구청건너,28543,11533
2014-04-01,수성구청앞,26454,7814
2014-04-01,수성네거리1,16094,6835
2014-04-01,수성네거리2,14445,3038
2014-04-01,수성대학교건너,46759,9331
2014-04-01,수성대학교앞,20419,17459
2014-04-01,수성도서관건너,15122,2429
2014-04-01,수성도서관앞,7984,3130
2014-04-01,수성동삼익맨션앞,2,0
2014-04-01,수성동일하이빌앞,868,122
2014-04-01,수성랜드1,4591,304
2014-04-01,수성랜드2,1571,3574
2014-04-01,수성랜드건너,2125,706
2014-04-01,수성랜드건너2,654,722
2014-04-01,수성랜드앞,1323,2084
2014-04-01,수성롯데캐슬건너,15203,2090
2014-04-01,수성롯데캐슬앞,19731,6014
2014-04-01,수성못건너,1347,387
2014-04-01,수성못앞,2109,809
2014-04-01,수성못오거리1,15248,2945
2014-04-01,수성못오거리2,16462,3477
2014-04-01,수성못오거리5,942,465
2014-04-01,수성못코오롱하늘채,5028,3836
2014-04-01,수성소방서1,453,1521
2014-04-01,수성소방서2,205,1823
2014-04-01,수성시니어클럽건너,2555,2796
2014-04-01,수성시니어클럽앞,7116,1294
2014-04-01,수성시장건너,3214,1172
2014-04-01,수성시장네거리1,14395,2458
2014-04-01,수성시장네거리2,15842,6756
2014-04-01,수성시장앞,2672,872
2014-04-01,수성아트피아건너,7339,3719
2014-04-01,수성아트피아앞,4886,2602
2014-04-01,수성요양병원,696,75
2014-04-01,수성월드메르디앙건너,511,98
2014-04-01,수성월드메르디앙앞,1401,54
2014-04-01,수성초등학교,7216,2530
2014-04-01,수성태영데시앙건너,1624,1077
2014-04-01,수성태영데시앙앞,4748,633
2014-04-01,수성하이츠,3193,180
2014-04-01,수정맨션앞,1938,184
2014-04-01,수창초등학교,761,4480
2014-04-01,수태골건너,11,4
2014-04-01,수태골앞,57,0
2014-04-01,스파밸리1,122,259
2014-04-01,스파밸리2,6883,42
2014-04-01,시립희망원,1021,481
2014-04-01,시민교회건너,1110,105
2014-04-01,시민교회앞,680,572
2014-04-01,시민운동장(야구장건너),3531,531
2014-04-01,시민운동장(야구장앞),3226,565
2014-04-01,시민운동장(축구장건너),4261,4242
2014-04-01,시민운동장(축구장앞),4857,858
2014-04-01,시지(종점),3075,438
2014-04-01,시지대성유니드건너,882,49
2014-04-01,시지대성유니드앞,2151,1635
2014-04-01,시지보성아파트앞,27655,10180
2014-04-01,시지중학교,21126,1104
2014-04-01,시지천마타운앞,3864,1824
2014-04-01,시청별관건너1,8729,2843
2014-04-01,시청별관건너2,6572,1403
2014-04-01,시청별관앞(구.경북도청),5877,4272
2014-04-01,신기리1,22,50
2014-04-01,신기리2,514,64
2014-04-01,신기역(화성타운건너),11212,1633
2014-04-01,신기역(화성타운앞),14943,1641
2014-04-01,신남역(1번출구),5399,1220
2014-04-01,신당동주민센터건너,1918,937
2014-04-01,신당동주민센터앞,10153,562
2014-04-01,신당리,1396,2
2014-04-01,신덕마을입구,228,105
2014-04-01,신도운수건너,1210,132
2014-04-01,신도운수앞,1113,132
2014-04-01,신매광장건너,46051,8842
2014-04-01,신매광장앞,51934,8973
2014-04-01,신매시장,5017,12797
2014-04-01,신매초등학교건너,9508,1955
2014-04-01,신매초등학교앞,9280,2290
2014-04-01,신매태성아파트,79,530
2014-04-01,신매태성아파트건너,7426,2474
2014-04-01,신무동1,789,0
2014-04-01,신무동2,1,12
2014-04-01,신생원앞,31,3
2014-04-01,신서성당건너,4610,414
2014-04-01,신서성당앞,2,359
2014-04-01,신성에스앤티건너,684,36
2014-04-01,신성에스앤티앞,128,14
2014-04-01,신성중공업건너,11,80
2014-04-01,신성중공업앞,406,1
2014-04-01,신성초등학교건너,8047,11510
2014-04-01,신성초등학교앞,8669,1474
2014-04-01,신세계병원건너,26053,15410
2014-04-01,신세계병원앞,11871,11569
2014-04-01,신세계주유소건너,7659,322
2014-04-01,신세계주유소앞,1033,1280
2014-04-01,신세월입구,23,0
2014-04-01,신신정비공장1,11095,5867
2014-04-01,신신정비공장2,32801,26475
2014-04-01,신암건영캐스빌건너,4106,808
2014-04-01,신암건영캐스빌앞,1983,110
2014-04-01,신암보성아파트건너,1486,505
2014-04-01,신암보성아파트앞,1184,1123
2014-04-01,신암초등학교건너,5902,2565
2014-04-01,신천3동행정복지센터건너,4088,545
2014-04-01,신천3동행정복지센터앞,2175,2468
2014-04-01,신천3치안센터건너,4163,1495
2014-04-01,신천3치안센터앞,6448,3596
2014-04-01,신천LH아파트건너,8916,2258
2014-04-01,신천LH아파트앞,14412,5048
2014-04-01,신천교1,1934,877
2014-04-01,신천교2,1824,311
2014-04-01,신천시장건너,3335,765
2014-04-01,신천시장앞,4604,1331
2014-04-01,신천역(2번출구),4775,2188
2014-04-01,신천역(3번출구),2328,813
2014-04-01,신천역(4번출구),7282,2886
2014-04-01,신천역(5번출구),11971,2066
2014-04-01,신천초등학교건너,650,43
2014-04-01,신천초등학교앞,385,84
2014-04-01,신평동1,521,1960
2014-04-01,신평동2,2995,176
2014-04-01,신평리네거리1,24566,10736
2014-04-01,신평리네거리2,32077,10448
2014-04-01,신평리주유소건너,1780,250
2014-04-01,신평리주유소앞,621,356
2014-04-01,신흥버스,18861,3259
2014-04-01,실내체육관건너,4000,793
2014-04-01,실내체육관앞,4454,1667
2014-04-01,심신수련장입구건너,1666,216
2014-04-01,심신수련장입구앞,919,252
2014-04-01,심인고등학교건너,27688,3361
2014-04-01,심인고등학교앞,16276,2342
2014-04-01,쌍용머티리얼,1794,128
2014-04-01,아너스월성앞,3925,483
2014-04-01,아멕스,512,20
2014-04-01,아멕스건너,969,20
2014-04-01,아양교1,4246,1288
2014-04-01,아양교2,15052,15251
2014-04-01,아양교3,1177,24209
2014-04-01,아양교4,5783,1021
2014-04-01,아양교역(1번출구),83740,80777
2014-04-01,아양교역(2번출구),94693,9670
2014-04-01,아양아트센터건너,4828,334
2014-04-01,아양아트센터앞,1664,333
2014-04-01,아주섬유건너,7,35
2014-04-01,아주섬유앞,181,3
2014-04-01,아주철강건너,220,10
2014-04-01,아주철강앞,132,4
2014-04-01,안심교(경산방향),209,95
2014-04-01,안심교(반야월방향),449,6961
2014-04-01,안심신우타운앞,1963,3922
2014-04-01,안심역(1번출구),371,46
2014-04-01,안심역(4번출구),58401,537
2014-04-01,안심역(5번출구),6746,50426
2014-04-01,안심주공1단지건너,13468,1684
2014-04-01,안심주공1단지앞,7197,777
2014-04-01,안심주공2단지앞,530,1346
2014-04-01,안심중학교건너,1292,2005
2014-04-01,안심중학교앞,1953,1336
2014-04-01,안심효성타운건너,12966,1700
2014-04-01,안심효성타운앞,27688,2499
2014-04-01,안지랑네거리1,26929,9201
2014-04-01,안지랑네거리2,31960,9251
2014-04-01,앞산공원,14247,4696
2014-04-01,앞산공원관리사무소건너,408,70
2014-04-01,앞산공원관리사무소앞,7,774
2014-04-01,앞산궁도장건너,756,149
2014-04-01,앞산궁도장앞,441,49
2014-04-01,앞산별자리체험학습장1,4040,27
2014-04-01,앞산별자리체험학습장2,111,681
2014-04-01,앞산보성타운건너,40,66
2014-04-01,앞산보성타운앞,3125,7
2014-04-01,앞산빨래터공원,864,143
2014-04-01,앞산빨래터공원1,1086,56
2014-04-01,앞산자락카페마실건너,42,192
2014-04-01,앞산자락카페마실앞,1319,555
2014-04-01,앞산청구제네스건너,6636,2531
2014-04-01,앞산청구제네스앞,15620,2272
2014-04-01,앞산힐스테이트건너,3171,598
2014-04-01,앞산힐스테이트앞,1169,366
2014-04-01,약령시건너(동성로입구),226104,35903
2014-04-01,약령시앞,155098,77802
2014-04-01,약령시입구,3613,1898
2014-04-01,약사회관건너,350,65
2014-04-01,약사회관앞,606,47
2014-04-01,약산온천입구,1249,283
2014-04-01,양지마을건너,324,343
2014-04-01,양지마을앞,5682,49
2014-04-01,어린이회관건너1,3038,5449
2014-04-01,어린이회관건너2,60,528
2014-04-01,어린이회관앞,7274,3578
2014-04-01,에이스이노텍건너,159,18
2014-04-01,에이스이노텍앞,463,240
2014-04-01,엑스코건너,4804,1604
2014-04-01,엑스코앞,14595,702
2014-04-01,엘디스리젠트호텔건너,7252,5458
2014-04-01,엘디스리젠트호텔앞,4911,6952
2014-04-01,여성메디파크,963,521
2014-04-01,역전시장건너,5713,1094
2014-04-01,역전시장앞,6897,972
2014-04-01,연경1,82,48
2014-04-01,연경2,694,3
2014-04-01,연암네거리1,20941,3871
2014-04-01,연암네거리2,4359,459
2014-04-01,연암네거리3,237,2520
2014-04-01,연젓마을건너,51,0
2014-04-01,연젓마을입구,3,3
2014-04-01,연호동,2,12
2014-04-01,연호동(종점),42,3
2014-04-01,연호동화훼단지1,4251,3117
2014-04-01,연호동화훼단지2,13727,800
2014-04-01,연호역(3번출구),66,11
2014-04-01,연호역(3번출구)건너,1,38
2014-04-01,연호지,329,513
2014-04-01,연호지건너,286,6167
2014-04-01,연화리1,2,6
2014-04-01,연화리2,3,267
2014-04-01,열병합발전소건너,2,0
2014-04-01,열병합발전소앞,0,2
2014-04-01,영남고등학교건너,20001,20378
2014-04-01,영남고등학교앞,42161,3655
2014-04-01,영남네오빌건너,1253,43
2014-04-01,영남네오빌비스타,1267,353
2014-04-01,영남네오빌앞,384,554
2014-04-01,영남농업연구소콩연구,1,9
2014-04-01,영남우방타운1차건너,4286,426
2014-04-01,영남우방타운1차앞,6713,355
2014-04-01,영남이공대학건너,18136,3792
2014-04-01,영남이공대학앞,34389,1413
2014-04-01,영남일보건너,3740,580
2014-04-01,영남종합전기,393,76
2014-04-01,영대병원역,46651,4001
2014-04-01,영대병원역(3번출구),39350,17011
2014-04-01,영일무역건너,563,15
2014-04-01,영일무역앞,98,63
2014-04-01,영조아파트건너,3,46
2014-04-01,영조아파트앞,2777,11
2014-04-01,영진고등학교건너,25940,2978
2014-04-01,영진고등학교앞,51164,20440
2014-04-01,영진교통(종점),598,14
2014-04-01,영진산업,359,8
2014-04-01,영진전문대학정문건너,14786,2143
2014-04-01,영진전문대학정문앞,24686,4133
2014-04-01,영진전문대학후문건너,38788,6123
2014-04-01,영진전문대학후문앞,48691,15458
2014-04-01,영화,662,162
2014-04-01,예현2리마을회관,409,8
2014-04-01,오뚜기물류센터,186,9
2014-04-01,오설리,1,7
2014-04-01,오성아파트,257,6154
2014-04-01,오페라삼정그린코아APT,16089,2907
2014-04-01,오페라하우스건너,1311,410
2014-04-01,오페라하우스앞,1304,451
2014-04-01,옥분리(구진터),172,2
2014-04-01,옥분리1,29,40
2014-04-01,옥분리마을회관앞,352,3
2014-04-01,옥산정미소,387,2
2014-04-01,옥연지,0,1
2014-04-01,옥연지건너,15,77
2014-04-01,옥포간경리1,1961,1058
2014-04-01,옥포간경리2,10673,562
2014-04-01,옥포농협,285,30
2014-04-01,옥포농협강림지소건너,1089,650
2014-04-01,옥포농협강림지소앞,6391,111
2014-04-01,옥포농협건너,5773,123
2014-04-01,옥포농협앞,1109,265
2014-04-01,옥포무지개마을,4559,114
2014-04-01,옥포주유소앞,236,137
2014-04-01,옥포중앙교회앞,109,41
2014-04-01,옥포초등학교건너,862,742
2014-04-01,옥포초등학교앞,5674,768
2014-04-01,올림픽기념관건너,9919,4101
2014-04-01,올림픽기념관앞,16179,2441
2014-04-01,와룡공원건너,336,678
2014-04-01,와룡공원앞,836,115
2014-04-01,와룡시장,7520,396
2014-04-01,와룡시장건너,2567,617
2014-04-01,용계동1,16,20
2014-04-01,용계동2,478,797
2014-04-01,용계동3,3676,214
2014-04-01,용계동4,515,258
2014-04-01,용계삼거리1,11936,11548
2014-04-01,용계삼거리2,3898,2700
2014-04-01,용계삼거리3,769,706
2014-04-01,용계삼거리4,569,926
2014-04-01,용계역(1번출구),21530,4220
2014-04-01,용계역(2번출구),5478,1146
2014-04-01,용산1동주민센터건너,8704,3675
2014-04-01,용산1동주민센터앞,4707,1623
2014-04-01,용산2동주민센터건너,5176,2471
2014-04-01,용산2동주민센터앞,37774,2564
2014-04-01,용산네거리1,30295,4819
2014-04-01,용산네거리2,63075,17208
2014-04-01,용산역,1776,99
2014-04-01,용산역(1번출구),1591,330
2014-04-01,용산역(2번출구),44981,6419
2014-04-01,용산종합큰시장건너,14304,929
2014-04-01,용산종합큰시장앞,7189,1735
2014-04-01,용수동1,0,5
2014-04-01,용수동2,216,0
2014-04-01,용연사,325,6
2014-04-01,용연사시설집단지구건너,160,0
2014-04-01,용연사시설집단지구앞,36,18
2014-04-01,우록리,2,0
2014-04-01,우록리(부곡장식당),6,6
2014-04-01,우록리(선흥사입구),2,31
2014-04-01,우록리(종점),17055,7981
2014-04-01,우방강촌마을건너,35553,1443
2014-04-01,우방강촌마을앞,13963,2393
2014-04-01,우방금탑아파트(서편),3121,7310
2014-04-01,우방드림시티건너,2870,4758
2014-04-01,우방드림시티앞,8197,1461
2014-04-01,우방만촌하이츠건너,5207,2644
2014-04-01,우방만촌하이츠앞,5784,3913
2014-04-01,우방송현하이츠,834,129
2014-04-01,우방송현하이츠건너,220,43
2014-04-01,우방신세계타운앞,1,10
2014-04-01,우방신천지타운건너,3689,555
2014-04-01,우방신천지타운앞,13981,3029
2014-04-01,우방아파트삼거리,343,288
2014-04-01,우방죽전타운건너,10835,4573
2014-04-01,우방죽전타운앞1,8361,988
2014-04-01,우방죽전타운앞2,2417,359
2014-04-01,우방청솔맨션건너,13104,2502
2014-04-01,우방청솔맨션앞,17304,21427
2014-04-01,욱수초등학교건너,5671,2682
2014-04-01,욱수초등학교앞,43690,1153
2014-04-01,운암지공원1,471,7
2014-04-01,운암지공원2,12,346
2014-04-01,운암초등학교건너,12907,890
2014-04-01,운암초등학교앞,11623,84
2014-04-01,웃갈미마을건너,249,9
2014-04-01,웃갈미마을앞,2,25
2014-04-01,웃는얼굴아트센터1,1240,25
2014-04-01,웃는얼굴아트센터2,673,95
2014-04-01,원대네거리,1078,166
2014-04-01,원대시장건너,24092,2911
2014-04-01,원대시장건너2,1783,632
2014-04-01,원대시장앞,16123,6694
2014-04-01,원대역1,15349,24910
2014-04-01,원대역2,20986,3619
2014-04-01,원대오거리북편1,2451,2718
2014-04-01,원대오거리북편2,1000,343
2014-04-01,원불교앞,765,792
2014-04-01,월곡네거리,210,668
2014-04-01,월광수변공원,3708,262
2014-04-01,월드컵삼거리,984,214
2014-04-01,월드컵삼거리앞,656,802
2014-04-01,월배농협대덕지점건너,3829,521
2014-04-01,월배시장건너,15893,5724
2014-04-01,월배시장앞,18223,1959
2014-04-01,월배쌍용예가건너,1588,6
2014-04-01,월배쌍용예가앞,15,50
2014-04-01,월배역(3번출구),11237,9809
2014-04-01,월배역(4번출구),11273,3240
2014-04-01,월배이안아파트건너,154,1
2014-04-01,월배이안아파트앞,57,44
2014-04-01,월배중학교건너,1988,1648
2014-04-01,월배중학교앞,744,725
2014-04-01,월배차량기지건너,1,43
2014-04-01,월배차량기지앞,145,7
2014-04-01,월배초등학교건너,9826,3661
2014-04-01,월배힐스테이트건너,2012,27
2014-04-01,월배힐스테이트앞,11,158
2014-04-01,월성1동주민센터건너,7926,1705
2014-04-01,월성1동주민센터앞,4904,236
2014-04-01,월성2동주민센터건너,18443,2162
2014-04-01,월성2동주민센터앞,35210,3107
2014-04-01,월성e-편한세상건너,18860,2854
2014-04-01,월성e-편한세상앞,1274,2679
2014-04-01,월성영남맨션앞,867,308
2014-04-01,월성자이앞,153,375
2014-04-01,월성주공2단지앞,12669,1988
2014-04-01,월성주공3단지,1897,1024
2014-04-01,월성주공4단지건너,43439,4604
2014-04-01,월성주공4단지앞1,3088,309
2014-04-01,월성주공4단지앞2,22212,3932
2014-04-01,월성주공5단지앞,8118,6172
2014-04-01,월성청구코아건너,27505,2155
2014-04-01,월성청구코아앞,19456,4938
2014-04-01,월성코오롱하늘채건너,380,105
2014-04-01,월성코오롱하늘채앞,4103,295
2014-04-01,월성푸르지오앞,20448,3297
2014-04-01,월암교1,1088,8
2014-04-01,월암교2,324,50
2014-04-01,월촌고가교1,359,451
2014-04-01,월촌고가교2,2175,189
2014-04-01,월촌역(6번출구),23689,2140
2014-04-01,월촌역(7번출구),9025,4320
2014-04-01,월촌초등학교건너,1548,209
2014-04-01,월촌초등학교앞,1591,926
2014-04-01,위남마을입구,3516,481
2014-04-01,위천1리건너,506,34
2014-04-01,위천1리앞,1855,76
2014-04-01,위천삼거리(논공방향),644,63
2014-04-01,위천삼거리(현풍방향),268,169
2014-04-01,유가사(종점),780,42
2014-04-01,유가차천,1234,89
2014-04-01,유가차천1,200,275
2014-04-01,유곡리,9,1
2014-04-01,유곡리(회차지),25,1
2014-04-01,유니버시아드레포츠센터건너,3267,1408
2014-04-01,유니버시아드선수촌2단지건너,14739,5068
2014-04-01,유니버시아드선수촌2단지앞,3829,788
2014-04-01,유림물산,1805,352
2014-04-01,유림한의원건너,693,270
2014-04-01,유산리,165,2
2014-04-01,유신섬유네거리1,867,94
2014-04-01,유신섬유네거리2,3446,35
2014-04-01,유천교(유천치안센터건너),12872,6879
2014-04-01,유천교(유천치안센터앞),23314,13651
2014-04-01,유천교1,15164,423
2014-04-01,유천교2,537,4901
2014-04-01,유천포스코건너,3363,126
2014-04-01,유천포스코앞,5174,7733
2014-04-01,유통단지회차지,767,157
2014-04-01,유통단지회차지2,3852,70
2014-04-01,육상진흥센터건너,247,67
2014-04-01,육상진흥센터앞,197,269
2014-04-01,육신사,153,10
2014-04-01,율원초등학교건너,9,1731
2014-04-01,율원초등학교앞,4137,103
2014-04-01,율하역,905,3685
2014-04-01,율하역(4번출구),11914,2120
2014-04-01,율하역(5번출구),10254,961
2014-04-01,율하휴먼시아15단지앞,9654,4977
2014-04-01,율하휴먼시아5단지건너,149,211
2014-04-01,율하휴먼시아5단지앞,2633,689
2014-04-01,율하휴먼시아6단지건너,1480,817
2014-04-01,율하휴먼시아6단지앞,12501,636
2014-04-01,율하휴먼시아8단지앞,10100,320
2014-04-01,율하휴먼시아9단지앞,1605,561
2014-04-01,은하타운건너,1085,1022
2014-04-01,은하타운앞,1377,2231
2014-04-01,은행APT입구,524,391
2014-04-01,읍내동주민센터건너,6595,2105
2014-04-01,읍내동주민센터앞,419,80
2014-04-01,응암1리1,46,13
2014-04-01,응암1리2,15,0
2014-04-01,응암2리,3,0
2014-04-01,응암2리건너,26,160
2014-04-01,응암2리앞,2,68
2014-04-01,응암3리1,14,6
2014-04-01,응암3리2,8,0
2014-04-01,이곡1동주민센터건너,9645,748
2014-04-01,이곡1동주민센터앞,4242,2839
2014-04-01,이곡마을,386,10
2014-04-01,이곡양수장건너,107,76
2014-04-01,이곡양수장앞,260,886
2014-04-01,이곡장미공원건너,4824,861
2014-04-01,이곡장미공원앞,4248,959
2014-04-01,이마트경산점,8423,3367
2014-04-01,이마트반야월점건너,1655,268
2014-04-01,이마트반야월점앞,3178,971
2014-04-01,이마트시지점건너,4707,1499
2014-04-01,이마트시지점앞,406,549
2014-04-01,이마트월배점건너,312,2569
2014-04-01,이마트월배점앞,8072,996
2014-04-01,이마트칠성점앞,2675,1539
2014-04-01,이마트트레이더스건너,16815,3248
2014-04-01,이마트트레이더스앞,17999,5144
2014-04-01,이시아폴리스더샵1단지,41933,1094
2014-04-01,이시아폴리스더샵2단지,3692,1140
2014-04-01,이월드(구.우방랜드)건너,1826,118
2014-04-01,이월드(구.우방랜드)앞,654,216
2014-04-01,이월드(구.우방랜드)정문,9166,7834
2014-04-01,이월드(구.우방랜드)후문건너,2996,1531
2014-04-01,이월드(구.우방랜드)후문앞,2090,377
2014-04-01,이천동,6,33
2014-04-01,이천동(종점),101,0
2014-04-01,이천리(시내방향),182,2
2014-04-01,이천리(시외방향),103,1
2014-04-01,이천새마을금고건너,10537,709
2014-04-01,이천치안센터건너,2119,2786
2014-04-01,이현고개삼거리,4,7
2014-04-01,이현삼거리1,104,232
2014-04-01,이현삼거리2,1037,123
2014-04-01,이현삼거리3,3255,1216
2014-04-01,이현자동차검사소건너,1833,386
2014-04-01,이현자동차검사소앞,855,131
2014-04-01,이현지구대건너,881,401
2014-04-01,이현지구대앞,533,227
2014-04-01,인동촌시장건너,3013,2370
2014-04-01,인동촌시장입구,13846,657
2014-04-01,인산마을건너,1191,5
2014-04-01,인산마을앞,41,91
2014-04-01,인지초등학교입구,12,0
2014-04-01,인터불고호텔,359,74
2014-04-01,일심제약,187,31
2014-04-01,입석중학교건너,10800,3418
2014-04-01,입석중학교앞,5765,2109
2014-04-01,잉꼬아파트건너,718,193
2014-04-01,잉꼬아파트앞,1733,1448
2014-04-01,자모공원,55,0
2014-04-01,장관빌라건너,1583,111
2014-04-01,장관빌라앞,1195,163
2014-04-01,장기영남네오빌,55,33
2014-04-01,장기초등학교,1454,370
2014-04-01,장기초등학교1,8,39
2014-04-01,장기초등학교2,21,6
2014-04-01,장기초록나라건너,3446,4061
2014-04-01,장기초록나라앞,6941,401
2014-04-01,장기파랑새마을앞,71,67
2014-04-01,장동초등학교건너,3785,28
2014-04-01,장동초등학교앞,176,790
2014-04-01,장산초등학교건너,499,67
2014-04-01,장산초등학교앞,1319,90
2014-04-01,장성초등학교건너,1599,9037
2014-04-01,장성초등학교앞,790,2238
2014-04-01,장태실마을건너,638,115
2014-04-01,장태실마을앞,15,8
2014-04-01,적십자혈액원건너,3807,712
2014-04-01,적십자혈액원앞,2722,917
2014-04-01,전기안전공사건너,1461,1550
2014-04-01,전기안전공사앞,3384,400
2014-04-01,전기재료관1,398,544
2014-04-01,전기재료관2,114,273
2014-04-01,전자관,4476,1147
2014-04-01,전자상가,12261,1952
2014-04-01,정대2리(마내미골)종점,9573,4861
2014-04-01,정대2리(잿들마을)앞,4,2
2014-04-01,정대2리마을회관앞,17,10
2014-04-01,정대숲건너,0,4
2014-04-01,정동고등학교건너,7009,2389
2014-04-01,정동고등학교앞,12180,743
2014-04-01,정부대구지방합동청사건너,349,47
2014-04-01,정부대구지방합동청사앞,210,125
2014-04-01,정부대구지방합동청사후문1,1448,862
2014-04-01,정화우방팔레스,16417,6548
2014-04-01,정화우방팔레스건너,29164,3218
2014-04-01,제일규산,1315,40
2014-04-01,제일여자상업고등학교건너,20536,7115
2014-04-01,제일여자상업고등학교앞,23526,3070
2014-04-01,조달청건너,3696,2192
2014-04-01,조달청앞,8615,787
2014-04-01,조암네거리1,349,33
2014-04-01,조암네거리2,751,693
2014-04-01,조암초등학교건너,54,8
2014-04-01,조암초등학교앞,231,12
2014-04-01,조야동(종점),13164,699
2014-04-01,조야초등학교입구,3,1
2014-04-01,조일로봇고등학교(종점),8704,589
2014-04-01,주1리1,26,24
2014-04-01,주1리2,647,85
2014-04-01,주2리(최정사입구),5,15
2014-04-01,주2리1,387,0
2014-04-01,주리(삼진식당),2,31
2014-04-01,죽곡2지구1,5,3
2014-04-01,죽곡2지구2,3,48
2014-04-01,죽전119안전센터건너,4231,2099
2014-04-01,죽전119안전센터앞,5663,801
2014-04-01,죽전그린빌건너,4154,2835
2014-04-01,죽전그린빌앞,13252,1165
2014-04-01,죽전네거리1,36165,5595
2014-04-01,죽전네거리2,20578,7916
2014-04-01,중구보건소건너,3830,6882
2014-04-01,중구보건소앞,2604,1812
2014-04-01,중구청건너,29537,4671
2014-04-01,중구청앞,30347,16277
2014-04-01,중대1동회관앞,3035,5
2014-04-01,중동교1,4616,8576
2014-04-01,중동교2,1590,186
2014-04-01,중동네거리1,5710,1284
2014-04-01,중동네거리2,3469,6392
2014-04-01,중동서울아파트건너,435,102
2014-04-01,중동서울아파트앞,23,0
2014-04-01,중동시장건너,19719,6233
2014-04-01,중동시장앞,24866,2278
2014-04-01,중동주민센터건너,643,103
2014-04-01,중동주민센터앞,409,196
2014-04-01,중동치안센터건너,1773,193
2014-04-01,중동치안센터앞,529,181
2014-04-01,중리광명맨션건너,16390,1612
2014-04-01,중리광명맨션앞,9962,2015
2014-04-01,중리네거리1,6816,1513
2014-04-01,중리네거리2,6933,1570
2014-04-01,중리롯데캐슬건너,11133,6903
2014-04-01,중리롯데캐슬서편,5671,1741
2014-04-01,중리롯데캐슬앞,18800,2307
2014-04-01,중리롯데캐슬정문앞,617,102
2014-04-01,중리마을,2809,6
2014-04-01,중리삼거리1,19,167
2014-04-01,중리삼거리2,1864,10
2014-04-01,중리시장건너1,330,161
2014-04-01,중리시장건너2,748,206
2014-04-01,중리시장앞,7594,1279
2014-04-01,중리중학교,841,63
2014-04-01,중마을(갓바위방향),57,792
2014-04-01,중마을(시내방향),348,1
2014-04-01,중부소방서건너,2135,1429
2014-04-01,중부소방서앞,7514,1716
2014-04-01,중석타운건너,65,421
2014-04-01,중석타운앞,11673,149
2014-04-01,중소기업관건너,45,755
2014-04-01,중소기업관앞,1374,165
2014-04-01,중소기업지원센터,397,91
2014-04-01,중심마을,181,59
2014-04-01,중앙일보건너,1651,1153
2014-04-01,중앙일보앞,5722,119
2014-04-01,지묘동1,3950,547
2014-04-01,지묘동2,10691,144
2014-04-01,지묘초등학교건너,8396,373
2014-04-01,지묘초등학교앞,828,149
2014-04-01,지산2길입구,197,4
2014-04-01,지산2길입구건너,173,10
2014-04-01,지산동서맨션건너,7400,1649
2014-04-01,지산동서맨션앞,21784,842
2014-04-01,지산목련아파트건너,25194,1430
2014-04-01,지산목련아파트앞,12460,2680
2014-04-01,지산시영아파트1단지건너,2489,1493
2014-04-01,지산시영아파트1단지앞,7154,281
2014-04-01,지산영남맨션앞,3407,2116
2014-04-01,지산우방아파트,6166,1060
2014-04-01,지산중학교입구,521,329
2014-04-01,지산청구타운건너,2600,2251
2014-04-01,지산청구타운앞,21079,824
2014-04-01,지산타운건너,30825,760
2014-04-01,지산타운앞,2987,6489
2014-04-01,지산한라타운건너,21670,461
2014-04-01,지산한라타운앞,3530,3007
2014-04-01,지산현대주택건너,5679,2489
2014-04-01,지산현대주택앞,16809,1847
2014-04-01,지산화성파크드림,1672,729
2014-04-01,지저동행정복지센터건너,21107,3130
2014-04-01,지저동행정복지센터앞,5204,1078
2014-04-01,진달래아파트건너,10510,3328
2014-04-01,진달래아파트앞,14609,4873
2014-04-01,진월초등학교건너,1429,966
2014-04-01,진월초등학교앞,579,729
2014-04-01,진인동(양지마을)건너,6,23
2014-04-01,진인동(양지마을)앞,172,10
2014-04-01,진인동(진정마을)1,98,31
2014-04-01,진인동(진정마을)2,35,4
2014-04-01,진정마을1,1367,7
2014-04-01,진정마을2,73,25
2014-04-01,진천역(1번출구),37866,6875
2014-04-01,진천역(2번출구),23921,7296
2014-04-01,진천청구타운건너,1004,422
2014-04-01,진천청구타운앞,3775,344
2014-04-01,징리보건소,79,0
2014-04-01,차량등록사업소건너,403,806
2014-04-01,차량등록사업소앞,789,182
2014-04-01,창1리1,0,1
2014-04-01,창1리2,108,34
2014-04-01,천내영남맨션,9,0
2014-04-01,천내우방1차,1,0
2014-04-01,첨단의료산업진흥재단건너,214,388
2014-04-01,첨단의료산업진흥재단앞,4,104
2014-04-01,청구고등학교건너,18893,2336
2014-04-01,청구고등학교앞,26289,5444
2014-04-01,청구그린맨션1차건너,11661,2209
2014-04-01,청구그린맨션1차앞,16871,2831
2014-04-01,청구시장건너,7072,467
2014-04-01,청구시장건너2,428,245
2014-04-01,청구시장북편,2933,340
2014-04-01,청구시장북편건너,3666,441
2014-04-01,청구시장앞,6755,1154
2014-04-01,청구중동아파트,411,694
2014-04-01,청구타운건너,1456,1597
2014-04-01,청구타운앞,1528,328
2014-04-01,청기와주유소건너,22788,4671
2014-04-01,청기와주유소앞,21121,3336
2014-04-01,청남타운건너,1424,38
2014-04-01,청남타운앞,376,558
2014-04-01,청백다례원,1514,1520
2014-04-01,청소년수련원건너,422,134
2014-04-01,청소년수련원앞,692,564
2014-04-01,청아람푸르지오2단지1,0,5
2014-04-01,청아람푸르지오2단지2,109,1
2014-04-01,청운맨션건너,1179,321
2014-04-01,청운맨션앞,1023,744
2014-04-01,초곡리입구건너,10,8
2014-04-01,초곡리입구앞,23,18
2014-04-01,충혼탑건너,5406,117
2014-04-01,충혼탑앞,101,747
2014-04-01,측백수림건너,749,0
2014-04-01,측백수림앞,9,12
2014-04-01,칠곡2차영남타운건너,4033,471
2014-04-01,칠곡2차영남타운앞,5482,645
2014-04-01,칠곡3차보성타운1,1380,389
2014-04-01,칠곡3차보성타운2,9269,474
2014-04-01,칠곡3차화성타운1,6482,71
2014-04-01,칠곡3차화성타운2,9781,248
2014-04-01,칠곡3차화성타운3,66,292
2014-04-01,칠곡경대병원역,16,523
2014-04-01,칠곡경북대병원,985,236
2014-04-01,칠곡경북대병원정문건너,313,359
2014-04-01,칠곡경북대병원정문앞,5239,25
2014-04-01,칠곡경북대병원후문건너,5370,366
2014-04-01,칠곡경북대병원후문앞,238,1
2014-04-01,칠곡그린빌2차건너,10777,461
2014-04-01,칠곡그린빌2차앞,21501,1295
2014-04-01,칠곡그린빌3차건너,17849,376
2014-04-01,칠곡그린빌3차앞,434,1300
2014-04-01,칠곡그린빌5단지건너,2997,246
2014-04-01,칠곡그린빌5단지앞,2945,1400
2014-04-01,칠곡그린빌6단지건너,1128,185
2014-04-01,칠곡그린빌6단지앞,284,48
2014-04-01,칠곡그린파크1,10309,2706
2014-04-01,칠곡그린파크2,24178,1149
2014-04-01,칠곡네스빌,153,103
2014-04-01,칠곡대백맨션건너,5887,52
2014-04-01,칠곡대백맨션앞,231,663
2014-04-01,칠곡동화아파트건너,3807,2386
2014-04-01,칠곡동화아파트앞,20094,2085
2014-04-01,칠곡롯데아파트건너,33,234
2014-04-01,칠곡롯데아파트앞,6049,33
2014-04-01,칠곡부영1단지,4185,314
2014-04-01,칠곡서한맨션,1123,9
2014-04-01,칠곡서한맨션앞,158,376
2014-04-01,칠곡시장건너,15211,982
2014-04-01,칠곡시장앞,2634,2502
2014-04-01,칠곡에덴타운건너,34428,9504
2014-04-01,칠곡에덴타운앞,28154,4426
2014-04-01,칠곡우방타운건너(종점),3881,8
2014-04-01,칠곡우방타운건너(종점),341,13
2014-04-01,칠곡우방타운앞(종점),2515,130
2014-04-01,칠곡주공그린빌1단지건너,2927,606
2014-04-01,칠곡주공그린빌1단지앞,11177,351
2014-04-01,칠곡중학교건너(칠곡향교건너),1616,733
2014-04-01,칠곡중학교앞(칠곡향교앞),21625,1084
2014-04-01,칠곡청구타운건너,394,699
2014-04-01,칠곡청구타운앞,4222,199
2014-04-01,칠곡초등학교건너,158,517
2014-04-01,칠곡초등학교앞,2326,208
2014-04-01,칠곡한라타운건너,5252,64
2014-04-01,칠곡한라타운앞,64,566
2014-04-01,칠곡한서타운건너,12242,1304
2014-04-01,칠곡한신아파트건너,2154,334
2014-04-01,칠곡한신아파트앞1,11535,1082
2014-04-01,칠곡한신아파트앞2,1195,147
2014-04-01,칠곡화성타운건너,8725,158
2014-04-01,칠곡화성타운앞1,8427,2479
2014-04-01,칠곡화성타운앞2,2497,819
2014-04-01,칠성고가도로하단,596,61
2014-04-01,칠성꽃도매시장건너,902,1303
2014-04-01,칠성꽃도매시장앞,1895,2128
2014-04-01,칠성시장(농협건너),66,211
2014-04-01,칠성시장(농협앞),1366,298
2014-04-01,칠성시장(양친회신협),2,51
2014-04-01,칠성시장(전자상가건너),5874,423
2014-04-01,칠성시장(전자상가앞),1853,1037
2014-04-01,칠성시장건너,43669,21571
2014-04-01,칠성시장앞1,2535,5598
2014-04-01,칠성시장역(서문프라자건너),4029,6653
2014-04-01,칠성시장역(서문프라자앞),29597,2737
2014-04-01,칠성우방타운,777,226
2014-04-01,침산3동주민센터,13196,1407
2014-04-01,침산남영타운건너,3562,2286
2014-04-01,침산남영타운앞,8111,487
2014-04-01,침산네거리1,11890,1290
2014-04-01,침산네거리2,19223,3714
2014-04-01,침산동화타운건너,6997,162
2014-04-01,침산동화타운앞,506,1145
2014-04-01,침산변전소건너,13045,3568
2014-04-01,침산변전소앞,11101,2372
2014-04-01,침산쌍용예가아파트앞,473,594
2014-04-01,침산중학교건너,2832,219
2014-04-01,침산중학교앞,5870,399
2014-04-01,침산초등학교건너,5254,1106
2014-04-01,침산초등학교앞,1395,1013
2014-04-01,침산초등학교후문,494,31
2014-04-01,침산코오롱하늘채건너,9125,1920
2014-04-01,침산코오롱하늘채앞,24728,4165
2014-04-01,캐슬골드파크(1102동),20116,1828
2014-04-01,캐슬골드파크(1504동),14781,2696
2014-04-01,케이에스건너,7,26
2014-04-01,케이에스앞,710,36
2014-04-01,코스트코홀세일건너/복현화성타운앞,5464,4257
2014-04-01,코스트코홀세일앞/복현화성타운건너,49065,2962
2014-04-01,코오롱아파트,20932,1492
2014-04-01,퀸벨호텔건너,19647,2889
2014-04-01,퀸벨호텔앞,10234,7093
2014-04-01,퀸스로드건너,2267,3208
2014-04-01,퀸스로드건너(동편),14271,2374
2014-04-01,퀸스로드앞,5119,1016
2014-04-01,퀸스로드앞(동편),17040,4094
2014-04-01,크리스탈호텔앞,1505,400
2014-04-01,큰고개1,4902,13132
2014-04-01,큰고개2,9316,4290
2014-04-01,큰고개오거리1,24453,1375
2014-04-01,큰고개오거리2,5381,14432
2014-04-01,큰장네거리1,80134,13378
2014-04-01,큰장네거리2,44453,22842
2014-04-01,큰장네거리3,21529,7339
2014-04-01,큰장네거리4,39549,15274
2014-04-01,태성맨션건너,28,102
2014-04-01,태성맨션앞,3015,2072
2014-04-01,태왕그린힐즈건너,188,576
2014-04-01,태왕그린힐즈앞1,105,556
2014-04-01,태왕그린힐즈앞2,3092,46
2014-04-01,태왕메트로시티건너,6502,2571
2014-04-01,태왕메트로시티앞,4482,2388
2014-04-01,태왕아너스베스트앞,5893,277
2014-04-01,태왕아너스복현건너,3471,1369
2014-04-01,태왕아너스복현앞,8758,1657
2014-04-01,태전두성타운건너,5540,1178
2014-04-01,태전두성타운앞,2513,489
2014-04-01,태전삼거리1,17239,9813
2014-04-01,태전삼거리2,39074,7110
2014-04-01,태전역1,15318,8836
2014-04-01,태전우방타운1차,546,30
2014-04-01,태전육교1,665,61
2014-04-01,태전육교2,216,38
2014-04-01,태전중석타운,1273,37
2014-04-01,태전중석타운건너,1281,319
2014-04-01,태전중앙시장건너,2408,1618
2014-04-01,태전중앙시장앞,11282,3565
2014-04-01,태전휴먼시아,1661,83
2014-04-01,태평상가건너,6281,6592
2014-04-01,태평상가앞1,5745,6920
2014-04-01,태평상가앞2,282,214
2014-04-01,태현초등학교앞,12602,180
2014-04-01,터실마을,9,0
2014-04-01,텍스빌,10155,1665
2014-04-01,토지주택공사건너,3921,1480
2014-04-01,토지주택공사앞,11279,1022
2014-04-01,퇴계마을건너,0,1
2014-04-01,파계교,475,364
2014-04-01,파계사(종점),8778,592
2014-04-01,파군재삼거리1,1136,3302
2014-04-01,파군재삼거리2,1029,1008
2014-04-01,파동1차시장건너,1830,1115
2014-04-01,파동1차시장앞,11154,561
2014-04-01,파동우체국앞,948,689
2014-04-01,파동청구하이츠,8249,344
2014-04-01,파크맨션건너,13183,2827
2014-04-01,파크맨션앞,8234,2615
2014-04-01,파티마병원건너1,23919,12297
2014-04-01,파티마병원건너2,3346,2374
2014-04-01,팔거역3,466,116
2014-04-01,팔거역4,986,127
2014-04-01,팔공3차보성타운건너,978,5
2014-04-01,팔공3차보성타운앞,155,250
2014-04-01,팔공3차보성타운후문,5579,121
2014-04-01,팔공보성아파트건너,1292,440
2014-04-01,팔공보성아파트앞,9786,543
2014-04-01,팔공산IC입구,498,4192
2014-04-01,팔공산맥건너,5967,784
2014-04-01,팔공산맥앞,879,305
2014-04-01,팔공학생야영장앞,433,3
2014-04-01,팔공학생야영장입구건너,8,3
2014-04-01,팔공학생야영장입구앞,95,72
2014-04-01,팔공한마음주유소,4,4
2014-04-01,팔공한마음주유소건너,80,3
2014-04-01,팔달시장건너,45136,6970
2014-04-01,팔달시장앞,48492,17536
2014-04-01,팔달시장역,50277,16818
2014-04-01,팔달신시장,30568,7006
2014-04-01,팔달신시장2,7171,1294
2014-04-01,팔달역2,446,1487
2014-04-01,팔달중학교건너,9532,197
2014-04-01,팔달중학교앞,5837,252
2014-04-01,팔달초등학교,149,326
2014-04-01,팔레스호텔건너,27312,7114
2014-04-01,팔레스호텔앞1,6417,1803
2014-04-01,팔레스호텔앞2,738,898
2014-04-01,팔현마을,55,0
2014-04-01,평광3차아파트,5984,81
2014-04-01,평광3차아파트건너,4428,279
2014-04-01,평광새마을금고,203,0
2014-04-01,평광종점,654,36
2014-04-01,평리1동주민센터건너,69,51
2014-04-01,평리1동주민센터앞,2909,126
2014-04-01,평리2동주민센터건너,15271,1837
2014-04-01,평리2동주민센터앞,4774,2080
2014-04-01,평리3동주민센터건너,2293,176
2014-04-01,평리6동주민센터앞,1883,575
2014-04-01,평리광명네거리,679,1933
2014-04-01,평리광명맨션건너,2828,872
2014-04-01,평리광명맨션앞,1005,393
2014-04-01,평리네거리1,17254,18333
2014-04-01,평리네거리2,19784,5370
2014-04-01,평리명성아파트건너,5911,1207
2014-04-01,평리명성아파트앞,3897,841
2014-04-01,평리중학교건너,1325,596
2014-04-01,평리중학교앞,2615,189
2014-04-01,평리청구타운건너,39855,12141
2014-04-01,평리청구타운앞,39370,10746
2014-04-01,평안,611,75
2014-04-01,평촌2리,12,3
2014-04-01,평촌리,77,2
2014-04-01,평현치안센터건너,6915,851
2014-04-01,평화시장(닭똥집골목)건너,28588,5653
2014-04-01,평화시장(닭똥집골목)앞,61538,11480
2014-04-01,평화씨엠비건너,1427,71
2014-04-01,평화씨엠비앞,180,139
2014-04-01,평화정공건너,718,270
2014-04-01,평화정공앞,862,44
2014-04-01,평화타운건너,24953,1890
2014-04-01,푸드웰건너,4321,57
2014-04-01,푸드웰앞,176,189
2014-04-01,푸르밀대구공장,41,0
2014-04-01,푸르밀대구공장건너,7,4
2014-04-01,풋살경기장(50사단),671,52
2014-04-01,풍국주정공업,1396,43
2014-04-01,하나원전문장례식장,2,3
2014-04-01,하리(약산온천)건너,242,35
2014-04-01,하목정(종점),0,3
2014-04-01,하빈농협건너,267,0
2014-04-01,하빈농협동곡지점1,69,14
2014-04-01,하빈농협동곡지점2,965,8
2014-04-01,하빈농협앞,14,11
2014-04-01,하빈농협입구,11,6
2014-04-01,하빈면사무소건너,215,1
2014-04-01,하빈면사무소앞,17,9
2014-04-01,하빈우체국건너,404,4
2014-04-01,하빈우체국앞,10,6
2014-04-01,하빈주유소앞,13,12
2014-04-01,하빈초등학교앞,338,1
2014-04-01,하산1리,664,8
2014-04-01,하산2리,208,0
2014-04-01,하산스무지(종점),257,13
2014-04-01,학남고등학교건너,2180,371
2014-04-01,학남고등학교앞,4837,363
2014-04-01,학남초등학교건너,121,890
2014-04-01,학남초등학교앞,3300,222
2014-04-01,학산아파트건너,33,23
2014-04-01,학산아파트앞,1,12
2014-04-01,학정청아람1,675,556
2014-04-01,학정청아람2,3227,31
2014-04-01,학정청아람건너,5450,392
2014-04-01,학정청아람앞,2945,363
2014-04-01,한가람타운건너,25295,7792
2014-04-01,한가람타운앞,23013,3364
2014-04-01,한걸고정마을,175,1
2014-04-01,한국감정원앞,700,26
2014-04-01,한국건강관리협회앞,8304,481
2014-04-01,한국국토정보공사건너,4462,7038
2014-04-01,한국국토정보공사앞,2609,807
2014-04-01,한국농어촌공사건너,25696,5630
2014-04-01,한국농어촌공사앞,22430,1254
2014-04-01,한국델파이건너,58,214
2014-04-01,한국델파이앞,1523,193
2014-04-01,한국도로공사건너,177,469
2014-04-01,한국도로공사앞,8116,34
2014-04-01,한국방송통신대학교건너,3470,828
2014-04-01,한국방송통신대학교앞,1079,531
2014-04-01,한국사학진흥재단(남편),4,24
2014-04-01,한국산업단지공단앞,139,145
2014-04-01,한국산업은행성서지점건너,231,1291
2014-04-01,한국산업은행성서지점앞,5586,55
2014-04-01,한국산업인력공단건너,4236,87
2014-04-01,한국산업인력공단앞,154,176
2014-04-01,한국생산기술연구원건너,43,14
2014-04-01,한국생산기술연구원앞,33,6
2014-04-01,한국클래드텍건너,474,12
2014-04-01,한국클래드텍앞,3,137
2014-04-01,한국타이어,298,1212
2014-04-01,한국타이어건너,235,54
2014-04-01,한국패션센터,2467,133
2014-04-01,한국폴리텍VI대구대학건너,20586,4158
2014-04-01,한국폴리텍VI대구대학앞,12556,10268
2014-04-01,한국폴리텍대학(섬유패션캠퍼스),163,1678
2014-04-01,한국환경자원공사,5,9
2014-04-01,한국환경자원공사건너,133,1
2014-04-01,한도아파트앞,10454,428
2014-04-01,한라하우젠트,1120,10
2014-04-01,한마음주유소건너,2882,476
2014-04-01,한마음주유소앞,2434,330
2014-04-01,한샘교회,5108,2040
2014-04-01,한샘교회건너,1316,864
2014-04-01,한서기전건너,390,48
2014-04-01,한서기전앞,165,10
2014-04-01,한양공작맨션건너,8,122
2014-04-01,한양공작맨션앞,1263,12
2014-04-01,한양산호아파트건너,6552,182
2014-04-01,한양산호아파트앞,902,52
2014-04-01,한양수정아파트,30,40
2014-04-01,한양코스모스아파트건너,62,104
2014-04-01,한양코스모스아파트앞,1443,282
2014-04-01,한전동대구지사,25329,4383
2014-04-01,한전동대구지사건너,17441,4115
2014-04-01,한전서대구지사건너,21313,11418
2014-04-01,한전서대구지사앞,18064,3751
2014-04-01,한정3리,19,0
2014-04-01,한정리(한정초교),71,0
2014-04-01,한정리(한정초교건너),0,5
2014-04-01,한화꿈에그린건너1,633,616
2014-04-01,한화꿈에그린앞,14718,3106
2014-04-01,함지초등학교건너,913,525
2014-04-01,함지초등학교앞,10105,213
2014-04-01,해랑교(시외방향),70,26
2014-04-01,해랑교1,12,7
2014-04-01,해랑교2,1133,37
2014-04-01,해랑교건너,131,18
2014-04-01,해안동행정복지센터,374,127
2014-04-01,해안역(1번출구),9205,1873
2014-04-01,해안역(3번출구),8018,3331
2014-04-01,해안초등학교뒤,4,0
2014-04-01,행정1리앞,0,1
2014-04-01,행정2리건너,0,1
2014-04-01,행정리,749,34
2014-04-01,행정리(한천서원),13,0
2014-04-01,헬로TV대구방송건너,7562,3568
2014-04-01,헬로TV대구방송앞,7593,3088
2014-04-01,현내1리,249,1
2014-04-01,현내2리중방마을건너,170,0
2014-04-01,현내2리중방마을앞,3,0
2014-04-01,현대금속,1719,75
2014-04-01,현대메카닉스건너,130,0
2014-04-01,현대메카닉스앞,2,9
2014-04-01,현대백조아파트(북편),5133,184
2014-04-01,현대백조아파트건너,2731,244
2014-04-01,현대백조아파트앞,2697,667
2014-04-01,현대백화점.동아쇼핑건너,29949,8223
2014-04-01,현대백화점.동아쇼핑앞,39800,2448
2014-04-01,현대시장건너,13143,1259
2014-04-01,현대시장앞,2339,1914
2014-04-01,현대시장앞2,865,210
2014-04-01,현대해상건너,32603,17606
2014-04-01,현대해상앞,28301,6087
2014-04-01,현충로역(3번출구),34960,9084
2014-04-01,현충로역(4번출구),27021,11425
2014-04-01,현충삼거리1,561,487
2014-04-01,현충삼거리2,3594,267
2014-04-01,현풍고속도로밑,341,42
2014-04-01,현풍농협,3575,359
2014-04-01,현풍면사무소건너,0,2
2014-04-01,현풍면사무소앞,208,0
2014-04-01,현풍삼거리,13,55
2014-04-01,현풍새마을금고,7550,660
2014-04-01,현풍시외버스터미널,2308,454
2014-04-01,현풍운전시험장,597,0
2014-04-01,현풍주공아파트,44,21
2014-04-01,현풍주공아파트2,6,113
2014-04-01,현풍주공아파트앞,480,228
2014-04-01,현풍중고등학교,13,167
2014-04-01,현풍중고등학교건너,1455,98
2014-04-01,현풍터미널건너,1628,59
2014-04-01,현풍터미널앞,701,673
2014-04-01,현풍할매곰탕,1768,539
2014-04-01,현풍할매곰탕건너,905,187
2014-04-01,호산초등학교건너,20,25
2014-04-01,호산초등학교앞,207,625
2014-04-01,홈플러스내당점건너,11806,908
2014-04-01,홈플러스내당점앞,5344,5021
2014-04-01,홈플러스대구점건너,646,2151
2014-04-01,홈플러스대구점앞,22006,12347
2014-04-01,홈플러스동촌점건너,6373,3864
2014-04-01,홈플러스동촌점앞,13301,1271
2014-04-01,홈플러스칠곡점건너,9413,621
2014-04-01,홈플러스칠곡점앞,2813,848
2014-04-01,홍천사건너,1293,34
2014-04-01,홍천사입구,76,223
2014-04-01,화남초등학교건너,6,380
2014-04-01,화남초등학교앞,6194,539
2014-04-01,화동초등학교건너,979,130
2014-04-01,화동초등학교앞,855,83
2014-04-01,화랑교1,1571,5690
2014-04-01,화랑교2,12299,1001
2014-04-01,화성그랜드건너,373,215
2014-04-01,화성그랜드앞,209,91
2014-04-01,화성리버파크건너,5965,357
2014-04-01,화성리버파크앞,1260,486
2014-04-01,화성센트럴파크,5138,321
2014-04-01,화성쌍용타운건너,696,19
2014-04-01,화성쌍용타운앞1,1217,345
2014-04-01,화성쌍용타운앞2,6,29
2014-04-01,화성전문요양원건너,256,128
2014-04-01,화성전문요양원앞,1760,652
2014-04-01,화성파크뷰건너,7146,306
2014-04-01,화성파크뷰앞,828,2265
2014-04-01,화영테크건너,36,14
2014-04-01,화영테크앞,499,30
2014-04-01,화원고등학교(종점),1051,78
2014-04-01,화원고등학교(종점)2,86,40
2014-04-01,화원고등학교건너,9079,741
2014-04-01,화원고등학교앞,2126,907
2014-04-01,화원농협주유소건너,1531,528
2014-04-01,화원농협주유소앞,7056,3497
2014-04-01,화원삼주타운건너,7132,394
2014-04-01,화원삼주타운앞,308,158
2014-04-01,화원시장건너,3723,421
2014-04-01,화원시장앞,129,489
2014-04-01,화원유원지(사문진주막촌),898,46
2014-04-01,화원유원지건너,344,41
2014-04-01,화원초등학교건너,24345,3926
2014-04-01,화원초등학교앞,37969,11267
2014-04-01,화전동1,11,62
2014-04-01,화전동2,628,5
2014-04-01,황금2동치안센터건너,1380,488
2014-04-01,황금2동치안센터앞,4480,270
2014-04-01,황금네거리1,30112,2448
2014-04-01,황금네거리2,9183,3542
2014-04-01,황금시장건너,232,72
2014-04-01,황금시장앞,1775,50
2014-04-01,황금우방1차건너,18073,2622
2014-04-01,황금우방1차앞,4170,2502
2014-04-01,황금초등학교건너,2000,1574
2014-04-01,황금초등학교앞,5772,228
2014-04-01,황제맨션건너,5737,6070
2014-04-01,황제맨션앞,5723,1374
2014-04-01,효동초등학교건너,4577,1123
2014-04-01,효동초등학교앞,10034,1124
2014-04-01,효목네거리1,11312,1127
2014-04-01,효목네거리2,2782,2581
2014-04-01,효목네거리3,10569,5040
2014-04-01,효성타운앞,17487,974
2014-04-01,흥사단 대구지부건너,1983,273
2014-04-01,흥사단 대구지부앞,1278,2647
2014-04-01,흥성정공건너,336,5
2014-04-01,흥성정공앞,169,33
2014-04-01,희망교1,1273,108
2014-04-01,희성전자건너,25,29
2014-04-01,희성전자앞,503,72
2014-04-01,힐크레스트남문건너,537,153
2014-04-01,힐크레스트남문앞,161,954
2014-04-01,힐크레스트입구,411,488
2014-05-01,(주)성안건너,28,148
2014-05-01,(주)영화건너,1,115
2014-05-01,(주)영화앞,587,1
2014-05-01,1차서한화성타운건너,513,111
2014-05-01,1차서한화성타운앞,679,78
2014-05-01,2.28기념중앙공원건너1,74117,15826
2014-05-01,2.28기념중앙공원건너2,24526,13259
2014-05-01,2.28기념중앙공원앞,157080,20025
2014-05-01,2차대자연맨션건너,2455,880
2014-05-01,2차대자연맨션앞,8779,1052
2014-05-01,2차서한화성타운건너,38998,2469
2014-05-01,2차서한화성타운앞,20080,3381
2014-05-01,2호선반월당역1,30249,6475
2014-05-01,2호선반월당역2,17827,6366
2014-05-01,3공단새마을금고앞,5060,1679
2014-05-01,CGV대구한일건너,125408,20796
2014-05-01,CGV대구한일앞,35469,5785
2014-05-01,IHL건너,74,2
2014-05-01,IHL앞,34,13
2014-05-01,K-2입구,2385,799
2014-05-01,K2관사입구(종점),2192,56
2014-05-01,KT남대구지사건너1,11576,3487
2014-05-01,KT남대구지사건너2,2115,730
2014-05-01,KT남대구지사앞1,24779,8066
2014-05-01,KT남대구지사앞2,1352,2293
2014-05-01,KT동대구지사건너,26943,15369
2014-05-01,KT동대구지사앞,19353,2351
2014-05-01,KT북대구지사건너,4170,448
2014-05-01,KT북대구지사앞,7389,792
2014-05-01,KT상동지사건너,3687,303
2014-05-01,KT상동지사앞,1106,599
2014-05-01,KT서대구지사건너,25139,3004
2014-05-01,KT서대구지사앞,19198,7355
2014-05-01,LG물류센터건너,3801,1963
2014-05-01,LG물류센터앞,9445,4582
2014-05-01,LH5단지아파트앞,1378,59
2014-05-01,MBC네거리,9999,2812
2014-05-01,SK리더스뷰건너,15124,2564
2014-05-01,SK리더스뷰앞,6478,2356
2014-05-01,STX메탈건너,1365,4518
2014-05-01,STX메탈앞,109,576
2014-05-01,TBC건너,16924,672
2014-05-01,TBC앞,3143,2488
2014-05-01,TCN대구방송건너,2420,330
2014-05-01,TCN대구방송앞,3246,449
2014-05-01,㈜윔스건너,172,229
2014-05-01,㈜윔스앞,264,10
2014-05-01,가야농원,592,6
2014-05-01,가창농협건너,2586,3559
2014-05-01,가창농협앞,11971,376
2014-05-01,가창댐,10,5
2014-05-01,가창면사무소건너,6167,2424
2014-05-01,가창면사무소앞,12039,817
2014-05-01,가창중학교건너,1458,21
2014-05-01,가창중학교앞,184,154
2014-05-01,가창초등학교건너,5153,544
2014-05-01,가창초등학교앞,1004,82
2014-05-01,가천동앞,137,7
2014-05-01,가천리,83,23
2014-05-01,가태리마을회관건너,290,0
2014-05-01,가태리마을회관앞,4,23
2014-05-01,각산역(1번출구),9007,2245
2014-05-01,각산역(2번출구),1983,1306
2014-05-01,갈실마을회관종점,673,18
2014-05-01,감문1리1,1,3
2014-05-01,감문1리2,533,2
2014-05-01,감문1리3,0,5
2014-05-01,감문1리4,30,0
2014-05-01,감삼네거리1,20474,6715
2014-05-01,감삼네거리2,64269,27213
2014-05-01,감삼초등학교건너,12604,2098
2014-05-01,감삼초등학교앞,10098,1176
2014-05-01,갓골건너,511,1
2014-05-01,갓골앞,4,31
2014-05-01,갓바위,29140,89
2014-05-01,강남약국건너,63939,14416
2014-05-01,강남약국앞1,32827,9302
2014-05-01,강남약국앞2,11414,1531
2014-05-01,강동중·고등학교,3,228
2014-05-01,강동중·고등학교건너,8583,10
2014-05-01,강변동서마을건너,7125,345
2014-05-01,강변동서마을앞,4100,1709
2014-05-01,강북경찰서건너,1589,1021
2014-05-01,강북경찰서앞,2182,532
2014-05-01,강북중학교건너,157,1326
2014-05-01,강북중학교앞,11116,30
2014-05-01,강산아파트건너,5325,10363
2014-05-01,강산아파트앞,6015,1859
2014-05-01,강정(종점),10,0
2014-05-01,강정보(디아크문화관)건너,151,11
2014-05-01,강정보(디아크문화관)입구,389,5
2014-05-01,강창교1,4687,194
2014-05-01,강창교2,222,840
2014-05-01,강창역(1번출구),5977,789
2014-05-01,강창역(2번출구),26385,1114
2014-05-01,강창하이츠,8824,678
2014-05-01,거동교1,815,441
2014-05-01,거동교2,825,695
2014-05-01,건들바위건너,1281,883
2014-05-01,건들바위앞,665,1851
2014-05-01,건영아파트건너,16097,8963
2014-05-01,건영캐스빌건너,13628,1669
2014-05-01,건영캐스빌앞,861,1019
2014-05-01,검단119안전센터(엑스코),65,79
2014-05-01,검단동대구축협앞,5940,41
2014-05-01,검단동주민센터1,682,17
2014-05-01,검단동주민센터2,1,169
2014-05-01,검단동주민센터건너,11801,80
2014-05-01,검단동주민센터앞,72,555
2014-05-01,검단상가아파트건너,210,20
2014-05-01,검단상가아파트앞,394,63
2014-05-01,검단유성아파트(서편),10845,1891
2014-05-01,검단유성아파트건너,6527,1188
2014-05-01,검단유성아파트앞,19433,4993
2014-05-01,경기장네거리1,4656,1742
2014-05-01,경기장네거리2,5150,589
2014-05-01,경대교2,5026,900
2014-05-01,경대교건너,1106,157
2014-05-01,경대교앞,241,1073
2014-05-01,경대사대부설고등학교앞,27588,11829
2014-05-01,경대아파트건너,37441,2685
2014-05-01,경대아파트앞,11429,2430
2014-05-01,경덕여고,908,315
2014-05-01,경동산업앞,68,1
2014-05-01,경명여고건너,4003,622
2014-05-01,경명여고앞,2434,1701
2014-05-01,경북고교종점,2980,1749
2014-05-01,경북고등학교건너,15892,3855
2014-05-01,경북고등학교앞,23603,1766
2014-05-01,경북고등학교종점건너,443,63
2014-05-01,경북공고건너,7664,5341
2014-05-01,경북공고앞,11508,5144
2014-05-01,경북공무원교육원1,801,572
2014-05-01,경북공무원교육원2,23,26
2014-05-01,경북교통,6975,2416
2014-05-01,경북교통앞,2286,2333
2014-05-01,경북기계공고건너,13629,3909
2014-05-01,경북기계공고앞,12738,5619
2014-05-01,경북농업기술원건너,24,304
2014-05-01,경북농업기술원앞,265,16
2014-05-01,경북대체육센터건너,10982,890
2014-05-01,경북대체육센터앞,5930,5475
2014-05-01,경북대학교병원건너,24443,11536
2014-05-01,경북대학교병원앞,45073,9833
2014-05-01,경북대학교북문건너,98978,2548
2014-05-01,경북대학교북문앞,43382,8168
2014-05-01,경북대학교서문건너,13007,1308
2014-05-01,경북대학교서문앞,4273,1122
2014-05-01,경북대학교정문건너,14865,3616
2014-05-01,경북대학교정문앞,38069,6599
2014-05-01,경북대학교치과병원,26027,11696
2014-05-01,경북아파트건너(고산동),21289,4097
2014-05-01,경북아파트건너(신천동),8970,14829
2014-05-01,경북아파트앞(고산동),14686,5207
2014-05-01,경북아파트앞(신천동),6561,4259
2014-05-01,경북여상건너,16438,10409
2014-05-01,경북여상앞,14921,3133
2014-05-01,경북크랑크,1992,11
2014-05-01,경상감영공원건너,123707,20620
2014-05-01,경상감영공원앞,96137,76221
2014-05-01,경상북도농업인회관,509,17
2014-05-01,경상여자고등학교건너,4108,492
2014-05-01,경상여자고등학교앞,10508,6103
2014-05-01,경서중학교건너,443,648
2014-05-01,경서중학교앞,3120,146
2014-05-01,경신고등학교건너,56825,7186
2014-05-01,경신고등학교앞,42086,12429
2014-05-01,경운초등학교건너,2146,1071
2014-05-01,경운초등학교앞,5594,6875
2014-05-01,경원고등학교건너,788,79
2014-05-01,경원고등학교앞,1909,378
2014-05-01,경일여자중학교건너,18249,1772
2014-05-01,경일여자중학교앞,5057,1421
2014-05-01,경주최씨종가(종점),775,4
2014-05-01,경주최씨종가1,16,6
2014-05-01,경주최씨종가2,6,2
2014-05-01,경진테크빌앞,572,1498
2014-05-01,경창산업,1370,117
2014-05-01,경희강재건너,857,695
2014-05-01,경희강재앞,3833,139
2014-05-01,계명대대명캠퍼스후문건너,2649,587
2014-05-01,계명대역(1번출구),2718,1737
2014-05-01,계명대역(2번출구),8982,5118
2014-05-01,계명대학교대명캠퍼스건너,21535,6030
2014-05-01,계명대학교대명캠퍼스앞,24901,6531
2014-05-01,계명대학교대명캠퍼스후문앞,2297,645
2014-05-01,계명대학교동문건너1,8063,1156
2014-05-01,계명대학교동문건너2,37477,8987
2014-05-01,계명대학교동문앞,28538,7432
2014-05-01,계명대학교정문건너,39685,1499
2014-05-01,계명대학교정문앞,6261,3007
2014-05-01,계명문화대학건너,11028,1160
2014-05-01,계명문화대학앞,20232,13775
2014-05-01,고모동입구,3803,2643
2014-05-01,고모역건너,320,93
2014-05-01,고모역앞,132,28
2014-05-01,고봉리,35,2
2014-05-01,고산2동주민센터건너,13380,3649
2014-05-01,고산2동주민센터앞,24528,963
2014-05-01,고산골입구,8028,1061
2014-05-01,고산농협창고건너,1031,249
2014-05-01,고산농협창고앞,461,3574
2014-05-01,고산도서관,22924,11103
2014-05-01,고산정수사업소건너,2984,968
2014-05-01,고성아파트(서편),12166,3208
2014-05-01,고성아파트건너,2711,137
2014-05-01,고성아파트건너(서편),5876,5484
2014-05-01,고성아파트앞,2101,583
2014-05-01,고성지구대1,2203,655
2014-05-01,고성지구대2,4010,9590
2014-05-01,골안골,52,114
2014-05-01,골안골지하보도앞,15,227
2014-05-01,공고네거리1,34240,12521
2014-05-01,공고네거리2,14398,3872
2014-05-01,공군기지관사입구,0,23
2014-05-01,공단역1,484,13711
2014-05-01,공단역2,19405,8268
2014-05-01,공단하수처리장건너,58,334
2014-05-01,공단하수처리장앞,195,32
2014-05-01,공산댐건너,1634,87
2014-05-01,공산댐앞,115,132
2014-05-01,공산동행정복지센터건너,1571,426
2014-05-01,공산동행정복지센터앞,5765,428
2014-05-01,공산초등학교건너,518,77
2014-05-01,공산초등학교앞,3129,147
2014-05-01,공산파출소,538,618
2014-05-01,공항시장건너,13499,1059
2014-05-01,공항시장앞,6629,1938
2014-05-01,곽병원건너,48783,29001
2014-05-01,곽병원앞1,27574,8713
2014-05-01,곽병원앞2,11472,4177
2014-05-01,관리공단,549,96
2014-05-01,관음공영주차장앞,1542,11
2014-05-01,관음농협앞,243,93
2014-05-01,관음동주민센터건너,475,52
2014-05-01,관음동주민센터앞,2118,37
2014-05-01,관음변전소1,6503,185
2014-05-01,관음변전소2,45,365
2014-05-01,관음변전소3,197,22
2014-05-01,관음변전소4,1115,90
2014-05-01,관음어린이집,380,61
2014-05-01,관음중학교(북편),1319,29
2014-05-01,광명은하아파트건너,7037,5749
2014-05-01,광명은하아파트앞,20400,1207
2014-05-01,광명프레지던트아파트건너,12892,6128
2014-05-01,광장타운건너,19873,5424
2014-05-01,광장타운앞,18458,4398
2014-05-01,교대부설초등학교건너,5709,315
2014-05-01,교대부설초등학교앞,349,1367
2014-05-01,교동시장앞,4944,1649
2014-05-01,교동초등학교건너,620,77
2014-05-01,교동초등학교앞,11,289
2014-05-01,교통연수원,20037,924
2014-05-01,교통연수원건너,12330,3398
2014-05-01,교항2리마을입구,0,152
2014-05-01,교항2리회관,5471,29
2014-05-01,교항리건너,2320,74
2014-05-01,교항리마을입구건너,118,4
2014-05-01,교항리앞,501,578
2014-05-01,구)달성군청건너,13160,4238
2014-05-01,구)달성군청앞,29066,21522
2014-05-01,구)대영학원건너,19593,3650
2014-05-01,구)대영학원앞,18314,12700
2014-05-01,구)화원IC,0,1
2014-05-01,구)효목2동행정복지센터건너,18541,1288
2014-05-01,구)효목2동행정복지센터앞,7443,1991
2014-05-01,구.남부정류장건너1,16985,13787
2014-05-01,구.남부정류장건너2,12005,5349
2014-05-01,구.남부정류장앞1,31880,6221
2014-05-01,구.남부정류장앞2,4426,2211
2014-05-01,구.동부정류장(남편),8652,2029
2014-05-01,구.동부정류장(메트로팔레스),14350,5510
2014-05-01,구.동부정류장건너,20307,2068
2014-05-01,구.동부정류장앞,10361,4368
2014-05-01,구둔산,679,3
2014-05-01,구룡촌건너,0,1
2014-05-01,구병원건너,965,5427
2014-05-01,구병원앞,37099,6898
2014-05-01,구삼폭포건너,3,21
2014-05-01,구암가구골목1,3618,322
2014-05-01,구암가구골목2,1623,288
2014-05-01,구암교1,8599,3293
2014-05-01,구암교2,1598,1037
2014-05-01,구암동1,1059,83
2014-05-01,구암동2,226,431
2014-05-01,구암역(운전면허시험장)1,8464,430
2014-05-01,구암역(운전면허시험장)2,3132,509
2014-05-01,구암초등학교건너,2690,352
2014-05-01,구암초등학교앞,7337,180
2014-05-01,구지농공단지1,1,1
2014-05-01,구지농공단지2,306,0
2014-05-01,구지면사무소건너,642,484
2014-05-01,구지면사무소앞,2707,251
2014-05-01,구지청아람건너,7516,152
2014-05-01,구지청아람앞,735,568
2014-05-01,국립대구과학관정문건너,122,15
2014-05-01,국립대구과학관정문앞,293,13
2014-05-01,국립대구박물관건너,18189,1441
2014-05-01,국립대구박물관앞,11223,4297
2014-05-01,국민건강보험공단건너,32084,2732
2014-05-01,국민건강보험공단앞,12697,11970
2014-05-01,국민은행3공단지점건너,6528,1620
2014-05-01,국민은행3공단지점앞,3662,1205
2014-05-01,국우동현대아파트건너,632,45
2014-05-01,국우동현대아파트앞,5390,595
2014-05-01,국채보상운동기념공원,8693,6719
2014-05-01,굿모닝병원건너,11843,5520
2014-05-01,굿모닝병원앞,18845,3870
2014-05-01,궁전아파트건너,54,290
2014-05-01,궁전아파트앞,2797,108
2014-05-01,귀남지휴게소1,39,2
2014-05-01,그랜드호텔건너,41550,25752
2014-05-01,그랜드호텔앞,66024,8995
2014-05-01,그린빌4단지,76,582
2014-05-01,그린빌4단지건너,1306,33
2014-05-01,그린빌4단지앞,323,159
2014-05-01,근로복지공단대구병원건너,2742,161
2014-05-01,근로복지공단대구병원앞,5671,385
2014-05-01,근린공원축구장건너,43,194
2014-05-01,근린공원축구장앞,1931,35
2014-05-01,금강동,251,16
2014-05-01,금계초등학교(교항리),810,325
2014-05-01,금복주건너,3153,351
2014-05-01,금복주앞,1873,350
2014-05-01,금봉네거리1,13039,1210
2014-05-01,금봉네거리2,6659,791
2014-05-01,금사리하이빌APT건너,1765,160
2014-05-01,금사리하이빌APT앞,490,259
2014-05-01,금융감독원건너,943,3287
2014-05-01,금포초등학교,1814,257
2014-05-01,금포초등학교건너,463,543
2014-05-01,금호기전,14,30
2014-05-01,금호지구(시내방향),109,0
2014-05-01,금호지구(종점방향),31,0
2014-05-01,금호화물자동차공영차고지,3,1
2014-05-01,기곡(종점),188,6
2014-05-01,기곡리1,9,1
2014-05-01,기곡리2,71,0
2014-05-01,기독교방송국건너,7795,2427
2014-05-01,기독교방송국앞,5068,1534
2014-05-01,기업은행대곡지점건너,106,1595
2014-05-01,기업은행대곡지점앞,26253,525
2014-05-01,기업은행죽전동지점건너,6660,956
2014-05-01,기업은행죽전동지점앞,3679,689
2014-05-01,김흥1리건너,160,0
2014-05-01,김흥1리앞,38,13
2014-05-01,김흥2리건너,0,3
2014-05-01,김흥2리앞,15,1
2014-05-01,김흥리마을입구,170,0
2014-05-01,남구청건너2,7734,7408
2014-05-01,남구청네거리1,7968,2185
2014-05-01,남구청네거리2,320,248
2014-05-01,남대구IC1,21308,1338
2014-05-01,남대구IC2,628,449
2014-05-01,남명삼거리1,2071,188
2014-05-01,남명삼거리2,2362,970
2014-05-01,남문시장건너1,1358,89
2014-05-01,남문시장건너2,14561,21856
2014-05-01,남문시장앞,30056,12115
2014-05-01,남문아파트앞,696,436
2014-05-01,남부경찰서건너,12743,2675
2014-05-01,남부경찰서앞,14815,9167
2014-05-01,남부교육지원청건너,9681,1310
2014-05-01,남부교육지원청앞,5756,1832
2014-05-01,남부도서관앞,184,578
2014-05-01,남부자동차종합시장건너,3752,718
2014-05-01,남부자동차종합시장앞,1296,481
2014-05-01,남부초등학교건너,1961,71
2014-05-01,남부초등학교앞,588,363
2014-05-01,남부초등학교앞2,7343,952
2014-05-01,남산2동주민센터건너,161,348
2014-05-01,남산2동주민센터앞,909,69
2014-05-01,남산고등학교건너,1094,62
2014-05-01,남산고등학교앞,0,1
2014-05-01,남산역(프린스호텔건너),9551,4211
2014-05-01,남산역건너(프린스호텔앞),24663,6658
2014-05-01,남산주유소건너,1628,1179
2014-05-01,남산주유소앞,2335,250
2014-05-01,남산초등학교건너,20026,2459
2014-05-01,남산초등학교앞,15890,9103
2014-05-01,남산휴먼시아앞,1797,499
2014-05-01,내2리새마을회관건너,60,0
2014-05-01,내2리새마을회관앞,5,10
2014-05-01,내당1동우체국건너,2815,341
2014-05-01,내당1동우체국앞,3257,461
2014-05-01,내당광명아파트,4197,3455
2014-05-01,내당삼익맨션건너,36665,8590
2014-05-01,내당삼익맨션앞,16442,23008
2014-05-01,내당코오롱아파트건너,8562,16036
2014-05-01,내당코오롱아파트앞,6791,1186
2014-05-01,내동,1123,43
2014-05-01,내동건너,42,167
2014-05-01,내리1,5,15
2014-05-01,내리2,0,1
2014-05-01,내일교회건너,231,41
2014-05-01,내일교회앞,956,71
2014-05-01,냉천2리,6,4
2014-05-01,냉천리1,2683,41
2014-05-01,냉천리2,68,367
2014-05-01,노곡동,6122,46
2014-05-01,노변중학교,1036,77
2014-05-01,노변중학교건너,1481,95
2014-05-01,노변청구타운건너,251,78
2014-05-01,노변청구타운앞,255,58
2014-05-01,노원119안전센터건너,7624,3052
2014-05-01,노원119안전센터앞,2765,761
2014-05-01,노원네거리(공단세차장건너),591,549
2014-05-01,노원네거리(공단세차장앞),6939,173
2014-05-01,노원네거리(대구은행건너),1232,213
2014-05-01,노원네거리(대구은행앞),5737,753
2014-05-01,노원네거리1,5459,985
2014-05-01,노원네거리2,10734,652
2014-05-01,노원동화타운건너,630,429
2014-05-01,노원동화타운앞,5087,563
2014-05-01,녹동서원앞,17,11
2014-05-01,녹원맨션1,4654,1513
2014-05-01,녹원맨션2,12798,731
2014-05-01,논공삼거리1,2102,31
2014-05-01,논공삼거리2,281,408
2014-05-01,논공읍사무소,1173,230
2014-05-01,논공읍사무소건너1,4934,213
2014-05-01,논공읍사무소건너2,449,129
2014-05-01,농산물도매시장건너,45,7
2014-05-01,농산물도매시장앞,2036,204
2014-05-01,농수산물도매시장건너,4514,1611
2014-05-01,농수산물도매시장앞,10597,3386
2014-05-01,농촌진흥원입구,100,123
2014-05-01,농협동촌지점,540,201
2014-05-01,농협방촌지점,2576,110
2014-05-01,농협비료창고건너(연경),6,42
2014-05-01,농협비료창고앞(연경),18,18
2014-05-01,농협중앙회건너,25200,9451
2014-05-01,농협중앙회앞,68614,43533
2014-05-01,농협중앙회중동지점건너,2121,74
2014-05-01,농협중앙회중동지점앞,978,702
2014-05-01,농협하나로마트건너,22,360
2014-05-01,능골1,214,1246
2014-05-01,능골건너,3013,50
2014-05-01,능성동(종점),659,15
2014-05-01,능성동예비군훈련장,779,23
2014-05-01,능성동입구건너,608,10
2014-05-01,능성동입구앞,20,52
2014-05-01,다리골,41,1
2014-05-01,다사고등학교건너,12853,4898
2014-05-01,다사고등학교앞,464,1635
2014-05-01,다사농협주유소건너,78,732
2014-05-01,다사농협주유소앞,9528,268
2014-05-01,다사역(4번출구),22,0
2014-05-01,다사읍사무소건너,8764,329
2014-05-01,다사읍사무소서재출장소건너,424,6
2014-05-01,다사읍사무소서재출장소앞,57,227
2014-05-01,다사읍사무소앞,3,126
2014-05-01,다사주공아파트건너,124,0
2014-05-01,다사주공아파트앞,2,118
2014-05-01,다사체육공원건너,27,0
2014-05-01,다사체육공원앞,32,2
2014-05-01,다사초등학교건너,44,5
2014-05-01,다사초등학교앞,2,54
2014-05-01,단산리(종점),7954,4128
2014-05-01,달구벌종합복지관건너,1012,275
2014-05-01,달구벌종합복지관앞,609,133
2014-05-01,달서공고건너,343,135
2014-05-01,달서공고앞,22,25
2014-05-01,달서교회건너,25235,4364
2014-05-01,달서교회앞,22424,11955
2014-05-01,달서구새마을회건너,3727,139
2014-05-01,달서구새마을회앞,723,172
2014-05-01,달서구청건너,18341,3158
2014-05-01,달서구청앞,6807,2433
2014-05-01,달서종합시장건너,1741,369
2014-05-01,달서종합시장앞,1402,178
2014-05-01,달서중고등학교,141,23
2014-05-01,달서중고등학교건너,488,2
2014-05-01,달서천하수종말처리장건너,180,0
2014-05-01,달서천하수종말처리장앞,2,1
2014-05-01,달서초교,2285,49
2014-05-01,달성2차공단관리청사,72,2
2014-05-01,달성2차산업단지출장소건너,2,0
2014-05-01,달성2차산업단지출장소앞,8,10
2014-05-01,달성경찰서,2111,580
2014-05-01,달성경찰서건너,3110,116
2014-05-01,달성공원건너,21280,3403
2014-05-01,달성공원앞,26935,22216
2014-05-01,달성군민운동장건너,1256,76
2014-05-01,달성군민운동장앞,1113,172
2014-05-01,달성군선거관리위원회건너,89,114
2014-05-01,달성군선거관리위원회앞,26,1162
2014-05-01,달성군청건너,683,268
2014-05-01,달성군청앞,3732,177
2014-05-01,달성기와건너,201,151
2014-05-01,달성기와앞,895,25
2014-05-01,달성도서관건너,0,1
2014-05-01,달성도서관입구,2,0
2014-05-01,달성문화원건너,3,0
2014-05-01,달성문화원앞,4,1
2014-05-01,달성산업단지건너,185,54
2014-05-01,달성산업단지관리공단1,3,16
2014-05-01,달성산업단지관리공단2,15,0
2014-05-01,달성소방서건너,95,175
2014-05-01,달성소방서앞,631,268
2014-05-01,달성스포츠파크건너,1,5
2014-05-01,달성스포츠파크앞,2,0
2014-05-01,달성예비군훈련장건너,1667,98
2014-05-01,달성예비군훈련장앞,643,244
2014-05-01,달성우체국건너,1107,588
2014-05-01,달성우체국앞,6626,302
2014-05-01,달성중학교건너,5947,765
2014-05-01,달성중학교앞,22377,5195
2014-05-01,달성초등학교건너,5845,2104
2014-05-01,달성초등학교앞,2079,392
2014-05-01,달성취수장건너,8,197
2014-05-01,달성취수장앞,138,41
2014-05-01,달창저수지,340,0
2014-05-01,달천리(시내방향),169,3
2014-05-01,달천리(시외방향),68,1
2014-05-01,담안마을1,7,22
2014-05-01,담안마을2,415,17
2014-05-01,담티고개1,299,557
2014-05-01,담티고개2,1204,896
2014-05-01,당동마을건너,317,4
2014-05-01,당동마을앞,6,21
2014-05-01,당정마을입구,45,2
2014-05-01,당정마을입구건너,181,0
2014-05-01,대1리용흥지건너,281,11
2014-05-01,대1리용흥지앞,25,19
2014-05-01,대곡강산타운,28590,777
2014-05-01,대곡강산타운건너,3911,850
2014-05-01,대곡사계절타운건너,21286,699
2014-05-01,대곡사계절타운앞,6604,1932
2014-05-01,대곡역(1번출구),58019,2342
2014-05-01,대곡역(2번출구),41769,50495
2014-05-01,대곡역(한라하우젠트건너),24718,1549
2014-05-01,대곡역(한라하우젠트앞),6560,16879
2014-05-01,대곡역그린빌,8576,9555
2014-05-01,대곡주공1단지앞,6040,1919
2014-05-01,대곡주공2단지앞,21929,595
2014-05-01,대곡주공6단지앞,4452,512
2014-05-01,대곡주공7단지앞,17205,964
2014-05-01,대곡주공8단지건너,4977,1300
2014-05-01,대곡주공8단지앞,28081,1995
2014-05-01,대곡중학교건너,4841,632
2014-05-01,대곡중학교앞,2774,696
2014-05-01,대공원역(1번출구),2789,6891
2014-05-01,대공원역(5번출구),6520,746
2014-05-01,대구가톨릭대학병원건너,26113,3696
2014-05-01,대구가톨릭대학병원앞,22834,2317
2014-05-01,대구경북과학기술원,254,7
2014-05-01,대구경북과학기술원기숙사,237,61
2014-05-01,대구경북지방병무청,188,830
2014-05-01,대구고등학교건너,54459,13287
2014-05-01,대구고등학교앞,16510,6126
2014-05-01,대구고용노동청건너,18566,2586
2014-05-01,대구고용노동청앞,5836,1361
2014-05-01,대구공업대학1,16370,2724
2014-05-01,대구공업대학2,4256,3104
2014-05-01,대구공업대학건너,8859,3346
2014-05-01,대구공업대학앞,7140,2737
2014-05-01,대구과학고등학교건너,12984,6233
2014-05-01,대구과학고등학교앞,21645,2100
2014-05-01,대구과학대학1,28116,13536
2014-05-01,대구과학대학2,88761,6504
2014-05-01,대구과학대학건너,3318,197
2014-05-01,대구과학대학앞,992,368
2014-05-01,대구광역시교육연수원건너,19199,1081
2014-05-01,대구광역시교육연수원앞,6166,3402
2014-05-01,대구광역시청건너,2021,1035
2014-05-01,대구광역시청앞,390,697
2014-05-01,대구교도소건너,10018,6461
2014-05-01,대구교도소앞,29847,3999
2014-05-01,대구교육대건너,543,3602
2014-05-01,대구교육대앞,24671,3892
2014-05-01,대구교통방송건너,6321,7746
2014-05-01,대구교통방송앞,22051,1697
2014-05-01,대구국제공항건너,28679,15013
2014-05-01,대구국제공항앞,34004,8272
2014-05-01,대구글로벌교육센터건너,6011,14111
2014-05-01,대구글로벌교육센터앞,4945,776
2014-05-01,대구농업마이스터고건너,30788,2491
2014-05-01,대구농업마이스터고앞,11431,12695
2014-05-01,대구농업마이스터고후문건너,3408,764
2014-05-01,대구농업마이스터고후문앞,3606,228
2014-05-01,대구도시공사앞,17921,3063
2014-05-01,대구동부고용복지플러스센터,13191,5986
2014-05-01,대구동촌유치원,1382,220
2014-05-01,대구디지털산업진흥원건너,28986,6645
2014-05-01,대구디지털산업진흥원앞,18965,3925
2014-05-01,대구맨션건너,2589,437
2014-05-01,대구맨션앞,4833,915
2014-05-01,대구문화방송건너,16219,5904
2014-05-01,대구문화방송앞,17881,3748
2014-05-01,대구미술관건너,855,70
2014-05-01,대구미술관앞,1321,84
2014-05-01,대구병원건너,31386,1880
2014-05-01,대구병원앞,16514,7288
2014-05-01,대구보건고등학교건너,21104,8231
2014-05-01,대구보건고등학교앞,15244,2346
2014-05-01,대구보건대학3,19470,10859
2014-05-01,대구보건대학4,44735,5180
2014-05-01,대구보건대학5,87,10
2014-05-01,대구보건대학건너1,3260,99
2014-05-01,대구보건대학건너2,24524,462
2014-05-01,대구보건대학앞1,758,325
2014-05-01,대구보건대학앞2,2124,778
2014-05-01,대구보훈요양원건너,2,2
2014-05-01,대구보훈요양원앞,268,0
2014-05-01,대구비지니스센터건너,4240,305
2014-05-01,대구비지니스센터앞,4926,434
2014-05-01,대구사격장,116,2
2014-05-01,대구삼성창조캠퍼스1,1636,274
2014-05-01,대구삼성창조캠퍼스2,442,781
2014-05-01,대구선방촌공원,1199,31
2014-05-01,대구소방본부건너,550,241
2014-05-01,대구소방본부앞,1848,3786
2014-05-01,대구스타디움건너,4505,681
2014-05-01,대구스타디움앞,5757,838
2014-05-01,대구시교육청건너,1489,495
2014-05-01,대구시교육청앞,1937,6187
2014-05-01,대구시설공단건너,20939,4119
2014-05-01,대구시설공단앞,11779,21160
2014-05-01,대구시설관리사업소,31,113
2014-05-01,대구시지노인전문병원건너,400,75
2014-05-01,대구시지노인전문병원앞,717,1748
2014-05-01,대구신문사,173,872
2014-05-01,대구애견훈련학교건너,423,10
2014-05-01,대구애견훈련학교앞,0,10
2014-05-01,대구역,1028,374
2014-05-01,대구역건너,45436,9107
2014-05-01,대구역꽃시장,599,952
2014-05-01,대구역북편네거리1,46533,5785
2014-05-01,대구역북편네거리2,15733,17090
2014-05-01,대구역센트럴자이,1591,106
2014-05-01,대구역앞,45406,12745
2014-05-01,대구예담학교,318,66
2014-05-01,대구우편집중국(동편),3,22
2014-05-01,대구우편집중국앞,2543,2470
2014-05-01,대구은행3공단지점앞,7169,714
2014-05-01,대구은행북비산지점건너1,15029,2855
2014-05-01,대구은행북비산지점건너2,2057,1101
2014-05-01,대구은행북비산지점앞,46748,7540
2014-05-01,대구은행산격지점앞,1101,337
2014-05-01,대구은행역(1번출구),41439,10897
2014-05-01,대구은행역(2번출구),44214,8236
2014-05-01,대구은행제2본점앞,17444,3683
2014-05-01,대구은행칠곡지점건너,10046,2772
2014-05-01,대구은행칠곡지점앞,33378,8314
2014-05-01,대구은행평리동지점건너,4026,2022
2014-05-01,대구은행평리동지점앞,7215,3204
2014-05-01,대구의료원건너,8533,1543
2014-05-01,대구의료원라파엘웰빙센터,2097,140
2014-05-01,대구의료원라파엘웰빙센터건너,567,1282
2014-05-01,대구의료원앞,5638,1151
2014-05-01,대구일마이스터고교건너,5849,1321
2014-05-01,대구일마이스터고교앞,11200,805
2014-05-01,대구전자공고남편,106,410
2014-05-01,대구전자공업고등학교1,13027,582
2014-05-01,대구전자공업고등학교2,1342,4159
2014-05-01,대구제일고등학교건너,40796,8444
2014-05-01,대구제일고등학교앞,44320,27471
2014-05-01,대구중앙중고등학교건너,35532,4226
2014-05-01,대구중앙중고등학교앞,33950,5719
2014-05-01,대구중앙중학교건너,3236,32
2014-05-01,대구중앙중학교앞,3,37
2014-05-01,대구중학교건너,1938,619
2014-05-01,대구중학교앞,7965,2365
2014-05-01,대구지료재생사,60,80
2014-05-01,대구지방경찰청,7016,1020
2014-05-01,대구지방법원등기국건너,6397,11605
2014-05-01,대구지방법원등기국앞,2788,1468
2014-05-01,대구지방법원서부지원,595,115
2014-05-01,대구차여성병원건너,5567,10568
2014-05-01,대구차여성병원앞,19365,1688
2014-05-01,대구콘서트하우스건너,21872,26768
2014-05-01,대구콘서트하우스앞,28833,3995
2014-05-01,대구텍건너,801,332
2014-05-01,대구텍앞,6275,1025
2014-05-01,대구학생문화센터,235,80
2014-05-01,대구학생수련관입구건너,741,3
2014-05-01,대구학생수련관입구앞,24,158
2014-05-01,대구한의대학교부속한방병원건너,461,114
2014-05-01,대구한의대학교부속한방병원앞,3129,92
2014-05-01,대구향교건너,2999,5323
2014-05-01,대구향교앞,2095,669
2014-05-01,대덕마을건너,676,1589
2014-05-01,대덕마을앞,393,119
2014-05-01,대덕맨션앞,11369,275
2014-05-01,대덕문화전당건너,1756,201
2014-05-01,대덕문화전당앞,46,130
2014-05-01,대덕승마장건너,560,37
2014-05-01,대덕승마장앞,117,68
2014-05-01,대덕식당건너,415,326
2014-05-01,대덕식당앞,6240,234
2014-05-01,대덕천주교회1,2136,558
2014-05-01,대덕천주교회2,2930,232
2014-05-01,대덕천주교회3,4063,242
2014-05-01,대덕천주교회4,185,540
2014-05-01,대덕초등학교,777,16
2014-05-01,대동공업,188,143
2014-05-01,대동공업건너,899,24
2014-05-01,대동금속건너,2256,63
2014-05-01,대동금속앞,804,139
2014-05-01,대동시장1,5520,599
2014-05-01,대동시장2,9734,523
2014-05-01,대륜중고등학교건너,6193,8167
2014-05-01,대륜중고등학교앞,7800,385
2014-05-01,대리,317,4
2014-05-01,대리마을앞,85,128
2014-05-01,대리마을회관,301,5
2014-05-01,대리마을회관건너,20,22
2014-05-01,대림생수,1144,71
2014-05-01,대림생수앞,69,275
2014-05-01,대림육교1,335,28342
2014-05-01,대림육교2,49,72
2014-05-01,대명6동주민센터건너,2807,575
2014-05-01,대명6동주민센터앞,2896,240
2014-05-01,대명시장건너,23684,7511
2014-05-01,대명시장앞,29260,5673
2014-05-01,대명역(1번출구),24324,5099
2014-05-01,대명역(2번출구),16369,3047
2014-05-01,대명중학교건너,32,372
2014-05-01,대명중학교앞,2905,119
2014-05-01,대명초등학교건너,9928,4396
2014-05-01,대명초등학교앞,15297,6365
2014-05-01,대백인터빌건너,28771,5568
2014-05-01,대백인터빌앞,23599,6097
2014-05-01,대백창신한라타운건너,15762,2649
2014-05-01,대백창신한라타운앞,4234,1615
2014-05-01,대백프라자건너,26800,6423
2014-05-01,대백프라자앞,35508,5668
2014-05-01,대백한라무지개타운건너,27281,1179
2014-05-01,대백한라무지개타운앞,10783,1619
2014-05-01,대봉교회,12270,4761
2014-05-01,대봉네거리1,5508,626
2014-05-01,대봉네거리2,3219,2899
2014-05-01,대봉도서관건너,1509,410
2014-05-01,대봉도서관앞,5010,1002
2014-05-01,대봉성당,11373,2452
2014-05-01,대서초등학교앞,597,132
2014-05-01,대성공업건너,858,10317
2014-05-01,대성공업앞,2196,246
2014-05-01,대성유니드앞,3193,53
2014-05-01,대성테크앞,200,19
2014-05-01,대신동광명맨션앞,1584,505
2014-05-01,대신센트럴자이,6831,434
2014-05-01,대실역(1번출구),10782,2421
2014-05-01,대실역(2번출구),33568,1451
2014-05-01,대실역(4번출구),2577,43
2014-05-01,대실역1,97,10
2014-05-01,대실역2,102,188
2014-05-01,대실역청아람건너,7904,56
2014-05-01,대실역청아람앞,460,3867
2014-05-01,대우트럼프월드수성건너,16887,2350
2014-05-01,대우트럼프월드수성앞,3846,2377
2014-05-01,대원고등학교,4333,27477
2014-05-01,대원고등학교건너,2961,3331
2014-05-01,대원사건너(공산동),68,268
2014-05-01,대원사앞(공산동),243,3
2014-05-01,대원사입구,223,0
2014-05-01,대원유치원건너,7945,7149
2014-05-01,대원유치원앞,12308,708
2014-05-01,대일1리마을회관건너,328,42
2014-05-01,대일1리점촌마을,2,60
2014-05-01,대일아파트건너,11930,5020
2014-05-01,대일아파트앞,16578,3129
2014-05-01,대자연맨션,19490,622
2014-05-01,대자연맨션건너,3573,1595
2014-05-01,대중인벤트,264,58
2014-05-01,대진중고등학교건너,1449,137
2014-05-01,대진중고등학교앞,602,129
2014-05-01,대천119안전센터건너,1520,12
2014-05-01,대천119안전센터앞,904,120
2014-05-01,대천교,3048,702
2014-05-01,대천초등학교건너,548,202
2014-05-01,대천초등학교앞,2887,106
2014-05-01,대청초등학교건너,277,832
2014-05-01,대청초등학교앞,15291,1074
2014-05-01,대평2리,291,0
2014-05-01,대평교회앞,2,4
2014-05-01,대평리시장,18413,1231
2014-05-01,대평중학교건너,10743,1250
2014-05-01,대평중학교앞,7193,1667
2014-05-01,대홍철강,613,31
2014-05-01,대흥동건너,501,40
2014-05-01,대흥동앞,441,249
2014-05-01,덕곡(달구벌고교),1142,3
2014-05-01,덕곡(대구선명학교),88,50
2014-05-01,덕곡삼거리1,72,212
2014-05-01,덕곡삼거리2,1242,8
2014-05-01,덕산마을건너,0,1
2014-05-01,덕산마을앞,455,3
2014-05-01,덕원고등학교건너,4505,983
2014-05-01,덕원고등학교앞,852,1010
2014-05-01,덕인초등학교건너,2858,772
2014-05-01,덕인초등학교앞,2359,524
2014-05-01,덕화중학교건너,12187,677
2014-05-01,덕화중학교앞,4255,4559
2014-05-01,덴티스앞,382,3
2014-05-01,도곡교1,67,193
2014-05-01,도곡교2,36,4
2014-05-01,도남동,345,2
2014-05-01,도남동(종점),71,3
2014-05-01,도남지,170,1
2014-05-01,도동,6,1
2014-05-01,도동교1,999,6
2014-05-01,도동교2,33,35
2014-05-01,도동서원,582,6
2014-05-01,도동청구타운건너,91,74
2014-05-01,도동청구타운앞,1656,239
2014-05-01,도시철도건설본부건너,2116,5890
2014-05-01,도시철도건설본부앞,36287,2596
2014-05-01,도시철도담티역(1번출구),43041,6658
2014-05-01,도시철도담티역(3번출구),33213,5896
2014-05-01,도시철도대구역,932,346
2014-05-01,도시철도수성구청역북편1,643,7129
2014-05-01,도시철도수성구청역북편2,2402,100
2014-05-01,도의리,183,64
2014-05-01,도평동입구1,963,200
2014-05-01,도평동입구2,303,210
2014-05-01,도평동행정복지센터1,0,31
2014-05-01,도평동행정복지센터2,248,4
2014-05-01,도학동,1663,10
2014-05-01,도학동1,51,105
2014-05-01,동곡1리1,5,0
2014-05-01,동곡1리2,252,0
2014-05-01,동곡1리3,80,0
2014-05-01,동곡리,131,3
2014-05-01,동곡초등학교건너,468,5
2014-05-01,동곡초등학교앞,49,66
2014-05-01,동곡치안센터앞,42,20
2014-05-01,동구시장건너,10002,1923
2014-05-01,동구시장앞,8835,1654
2014-05-01,동구청건너,88801,40565
2014-05-01,동구청앞,66844,12416
2014-05-01,동구청역(3번출구),10177,1993
2014-05-01,동구청역(4번출구),2226,816
2014-05-01,동대구LPG충전소건너,2471,188
2014-05-01,동대구LPG충전소앞,680,249
2014-05-01,동대구맨션,9046,8816
2014-05-01,동대구시장건너,15758,2910
2014-05-01,동대구시장앞,25774,7244
2014-05-01,동대구역,71935,18630
2014-05-01,동대구역건너,74195,23634
2014-05-01,동대구역복합환승센터건너,58227,6409
2014-05-01,동대구역복합환승센터앞,54609,24351
2014-05-01,동대구역수화물취급소건너,419,218
2014-05-01,동대구역수화물취급소앞,4422,344
2014-05-01,동대구역지하도1,6135,4590
2014-05-01,동대구역지하도2,2605,1350
2014-05-01,동대구초등학교건너,1609,87
2014-05-01,동대구초등학교앞,907,250
2014-05-01,동도중학교건너,13269,2160
2014-05-01,동도중학교앞,18472,2643
2014-05-01,동문고등학교앞,1144,335
2014-05-01,동문고등학교정문,678,148
2014-05-01,동변주공그린빌건너,3130,672
2014-05-01,동변주공그린빌앞,13213,434
2014-05-01,동부경찰서건너,1866,1480
2014-05-01,동부경찰서앞,10073,318
2014-05-01,동부고교건너,1695,853
2014-05-01,동부고교앞,8335,3194
2014-05-01,동부소방서건너,472,9588
2014-05-01,동부소방서앞,7255,595
2014-05-01,동부시외버스터미널(순환2번),2828,364
2014-05-01,동부중학교건너,5728,368
2014-05-01,동부중학교앞,2702,4392
2014-05-01,동북주유소건너,386,63
2014-05-01,동북주유소앞,11,101
2014-05-01,동산의료원앞1,40908,10916
2014-05-01,동산의료원앞2,19043,12696
2014-05-01,동서교회건너,3706,336
2014-05-01,동서교회앞,1869,1067
2014-05-01,동서변리벤빌,13488,1368
2014-05-01,동서변월드메르디앙아파트,3293,1029
2014-05-01,동서아파트건너,155,4
2014-05-01,동서아파트앞,2,22
2014-05-01,동서화성타운건너,35033,1020
2014-05-01,동서화성타운앞,17787,4352
2014-05-01,동성에스티에스건너,101,29
2014-05-01,동성에스티에스앞,142,8
2014-05-01,동성초등학교건너,3274,9567
2014-05-01,동성초등학교앞,6963,2610
2014-05-01,동신초등학교건너,3210,1455
2014-05-01,동신초등학교앞,2886,4692
2014-05-01,동아백화점수성점건너,17744,12381
2014-05-01,동아백화점수성점앞,68809,1301
2014-05-01,동아수산냉동건너,568,616
2014-05-01,동아수산냉동앞,437,65
2014-05-01,동아스포츠센터(지산중학교앞),1719,1096
2014-05-01,동아스포츠센터(지산초교앞),9859,318
2014-05-01,동아제약,592,139
2014-05-01,동아제약건너,2329,22
2014-05-01,동양맨션앞,4134,267
2014-05-01,동원약품,11094,2057
2014-05-01,동원초등학교건너,1453,674
2014-05-01,동원초등학교앞1,1688,559
2014-05-01,동원초등학교앞2,2276,471
2014-05-01,동인네거리1,1685,379
2014-05-01,동인네거리2,1697,1018
2014-05-01,동인초등학교건너,15615,5245
2014-05-01,동인초등학교앞,11523,4805
2014-05-01,동인치안센터건너,20053,10616
2014-05-01,동인치안센터앞,11529,8667
2014-05-01,동일초등학교건너,2834,670
2014-05-01,동일초등학교앞,3592,1184
2014-05-01,동천역1,534,124
2014-05-01,동천역2,1766,311
2014-05-01,동촌강나루아파트건너,2667,1057
2014-05-01,동촌강나루아파트앞,3702,13487
2014-05-01,동촌역,707,254
2014-05-01,동촌역(구길),2323,229
2014-05-01,동촌역(신길)1,6915,1460
2014-05-01,동촌역(신길)2,4607,2857
2014-05-01,동촌유원지,904,258
2014-05-01,동촌유원지놀이동산앞,238,70
2014-05-01,동촌해성아파트건너,169,212
2014-05-01,동촌해성아파트앞,974,2484
2014-05-01,동촌화성타운건너,14276,1114
2014-05-01,동촌화성타운앞,8525,2274
2014-05-01,동침산네거리,1973,1272
2014-05-01,동침산네거리2,43,197
2014-05-01,동호동건너(북구),901,166
2014-05-01,동호동앞(북구),97,84
2014-05-01,동호육교1,62,398
2014-05-01,동호육교2,9097,253
2014-05-01,동호초등학교건너,564,29
2014-05-01,동화골든빌(남편),5093,300
2014-05-01,동화골든빌(동편),1407,1967
2014-05-01,동화골든빌(북편),70,278
2014-05-01,동화골든빌건너(남편),23,308
2014-05-01,동화교1,113,281
2014-05-01,동화교2,3471,6
2014-05-01,동화사입구건너,7873,17
2014-05-01,동화사입구앞,151,628
2014-05-01,동화시설집단지구(종점)1,336,47
2014-05-01,동화시설집단지구(종점)2(대구시민안전테마파크),14238,354
2014-05-01,두류3동파출소건너,972,86
2014-05-01,두류3동파출소앞,581,428
2014-05-01,두류공원(야외음악당건너),1218,81
2014-05-01,두류공원(야외음악당앞),695,153
2014-05-01,두류공원네거리1,15428,3195
2014-05-01,두류공원네거리2,5526,4338
2014-05-01,두류도서관앞,10865,4720
2014-05-01,두류보성맨션건너,7413,414
2014-05-01,두류보성맨션앞,3675,4037
2014-05-01,두류수영장건너,25304,5485
2014-05-01,두류수영장앞,23421,4372
2014-05-01,두류역(달성고등학교건너),40326,7938
2014-05-01,두류역(달성고등학교앞),66189,24759
2014-05-01,두류정수사업소건너,22119,1729
2014-05-01,두류정수사업소앞,3104,10251
2014-05-01,두류파출소건너,694,174
2014-05-01,두류파출소앞,236,357
2014-05-01,두리봉네거리1,5298,21479
2014-05-01,두리봉네거리2,18567,3156
2014-05-01,두리봉터널입구,1963,450
2014-05-01,두리봉터널입구건너,5480,189
2014-05-01,두산동주민센터건너,20943,2154
2014-05-01,두산동주민센터앞,11818,3929
2014-05-01,두산스포츠건너,1548,309
2014-05-01,두성파크아파트건너,34241,5329
2014-05-01,두성파크아파트앞,10310,8136
2014-05-01,두천마을건너,78,0
2014-05-01,두천마을입구,0,1
2014-05-01,둔산동,830,1
2014-05-01,들안길1,1502,916
2014-05-01,들안길2,5805,444
2014-05-01,들안길네거리1,6985,259
2014-05-01,들안길네거리2,1065,1495
2014-05-01,들안길초등학교건너,5033,1479
2014-05-01,들안길초등학교앞,6154,2334
2014-05-01,들연경,14,0
2014-05-01,럭키아파트건너,319,473
2014-05-01,럭키아파트앞,2986,41
2014-05-01,롯데백화점상인점건너,13115,7315
2014-05-01,롯데캐슬그랜드,793,1553
2014-05-01,룸비니유치원건너,3070,178
2014-05-01,룸비니유치원앞,2391,369
2014-05-01,마비정벽화마을(종점),1099,30
2014-05-01,만경관건너,16298,6911
2014-05-01,만경관앞,12055,5276
2014-05-01,만촌1동주민센터,4056,983
2014-05-01,만촌2동주민센터,19553,1535
2014-05-01,만촌3차화성파크드림건너,3890,269
2014-05-01,만촌그린빌라건너,884,82
2014-05-01,만촌역(1번출구),1056,6145
2014-05-01,만촌우방1차건너,10319,426
2014-05-01,만촌우방1차앞,450,597
2014-05-01,만촌육교1,66149,8385
2014-05-01,만촌육교2,10583,16989
2014-05-01,만촌자전거경기장,21,74
2014-05-01,만촌천주교회앞,179,311
2014-05-01,만촌초등학교건너1,2806,694
2014-05-01,만촌초등학교건너2,3956,271
2014-05-01,만촌초등학교앞,2359,513
2014-05-01,만촌태왕리더스건너,2313,405
2014-05-01,만촌태왕리더스건너(남편),472,4014
2014-05-01,만촌태왕리더스북편,646,450
2014-05-01,만촌태왕리더스앞1,6546,14059
2014-05-01,만촌태왕리더스앞2,2277,226
2014-05-01,만촌화성파크스위트,914,50
2014-05-01,만평네거리,7763,6445
2014-05-01,만평역(서대구고속버스터미널)1,11728,3788
2014-05-01,만평역(서대구고속버스터미널)2,8825,16981
2014-05-01,망우당공원(종점),548,167
2014-05-01,망우당공원건너,2049,979
2014-05-01,망우당공원앞,5118,4435
2014-05-01,매곡(종점),616,99
2014-05-01,매곡사거리1,705,801
2014-05-01,매곡사거리2,14473,497
2014-05-01,매곡정수사업소건너,889,52
2014-05-01,매곡정수사업소앞,10,21
2014-05-01,매곡초등학교건너,31,764
2014-05-01,매골1,14,91
2014-05-01,매골2,563,5
2014-05-01,매여동(동구)저탄장,989,129
2014-05-01,매일신문사건너,225,215
2014-05-01,매일신문사앞,1903,542
2014-05-01,매천고교,1873,140
2014-05-01,매천대교1,1577,181
2014-05-01,매천대교2,1,4
2014-05-01,매천성당건너1,3956,232
2014-05-01,매천성당건너2,563,121
2014-05-01,매천성당앞,6116,314
2014-05-01,매천수산시장건너,1740,133
2014-05-01,매천수산시장앞,1741,96
2014-05-01,매천시장지하차도,1708,324
2014-05-01,매천중고등학교건너,6565,5481
2014-05-01,매천중고등학교앞,12523,1353
2014-05-01,매천초교(매천역)2,1177,203
2014-05-01,매천화성파크드림,1370,49
2014-05-01,매천휴먼시아앞,1194,121
2014-05-01,매호동서아파트앞,1052,11
2014-05-01,매호성당건너,637,2
2014-05-01,메트로시티건너,4816,1003
2014-05-01,메트로시티앞,2065,178
2014-05-01,메트로팔레스1,16773,2423
2014-05-01,메트로팔레스2,21133,1194
2014-05-01,명곡1리입구1,16,2
2014-05-01,명곡1리입구2,3,15
2014-05-01,명곡리1,2195,719
2014-05-01,명곡리2,7783,733
2014-05-01,명곡미래빌1단지,2149,290
2014-05-01,명곡미래빌2단지건너,20,277
2014-05-01,명곡미래빌2단지앞,13800,1544
2014-05-01,명곡미래빌3단지건너,1966,1007
2014-05-01,명곡미래빌3단지앞,5407,210
2014-05-01,명곡미래빌4단지,3985,249
2014-05-01,명곡미래빌5단지건너,17,142
2014-05-01,명곡미래빌5단지앞,5943,1377
2014-05-01,명곡지구앞,70,154
2014-05-01,명덕네거리1,42160,3090
2014-05-01,명덕네거리2,14147,21053
2014-05-01,명덕역(6번출구),51538,16651
2014-05-01,명덕역(7번출구),34315,6744
2014-05-01,명덕초등학교건너,20482,18172
2014-05-01,명덕초등학교앞,31164,6730
2014-05-01,명문세가APT건너,10485,1425
2014-05-01,명문세가APT앞,17037,2502
2014-05-01,명문오하임아파트건너,292,246
2014-05-01,명문오하임아파트앞,172,98
2014-05-01,명보약국건너,2139,1141
2014-05-01,명보약국앞,2741,400
2014-05-01,명산교(명산화성타운건너),3310,209
2014-05-01,명성푸르지오건너,7007,1556
2014-05-01,명성푸르지오앞,32868,2520
2014-05-01,모개월앞,2,1
2014-05-01,모개월입구,29,0
2014-05-01,모다아울렛,112,0
2014-05-01,모다아울렛건너,19654,911
2014-05-01,모다아울렛앞,458,2255
2014-05-01,모래정마을건너,75,1
2014-05-01,모래정마을앞,3,8
2014-05-01,목단1리,80,0
2014-05-01,목단2리,73,0
2014-05-01,목단리,77,1
2014-05-01,묘1리,71,0
2014-05-01,묘2리(고려정밀),162,0
2014-05-01,묘2리(전마),207,2
2014-05-01,무궁화LPG충전소,9977,3689
2014-05-01,무궁화LPG충전소건너,4047,1154
2014-05-01,무궁화어린이공원입구,2380,394
2014-05-01,무궁화어린이공원입구건너,5021,2351
2014-05-01,무등1리2,251,0
2014-05-01,무등1리3,68,0
2014-05-01,무등2리,3,6
2014-05-01,무등2리입구건너,89,0
2014-05-01,무등보건진료소건너,39,1
2014-05-01,무등보건진료소앞,3,8
2014-05-01,무림제지건너,905,207
2014-05-01,무림제지앞1,842,403
2014-05-01,무림제지앞2,256,188
2014-05-01,무열대건너,4984,2607
2014-05-01,무열대앞,1516,566
2014-05-01,무태교,10,892
2014-05-01,무태네거리(시내방향),19353,4987
2014-05-01,무태네거리(시외방향),4612,3472
2014-05-01,무태새마을금고건너,1835,520
2014-05-01,무태새마을금고앞,6574,323
2014-05-01,무태조야동주민센터건너1,7903,287
2014-05-01,무태조야동주민센터건너2,6619,1380
2014-05-01,무태조야동주민센터앞1,2160,514
2014-05-01,무태조야동주민센터앞2,17996,1421
2014-05-01,문성병원건너,12386,5117
2014-05-01,문성병원앞,19871,6035
2014-05-01,문양기지창건너,27,368
2014-05-01,문양기지창앞,146,23
2014-05-01,문양리(서부실),3,1
2014-05-01,문양리1,179,2
2014-05-01,문양리2,3,7
2014-05-01,문양리입구1,87,60
2014-05-01,문양리입구2,6,57
2014-05-01,문양역건너,11,899
2014-05-01,문양역앞,3076,1326
2014-05-01,문주마을건너,221,0
2014-05-01,문주마을앞,23,2
2014-05-01,문화예술회관건너,14124,5710
2014-05-01,문화예술회관앞,13603,5402
2014-05-01,미8군후문건너,534,222
2014-05-01,미8군후문앞,1322,58
2014-05-01,미곡동1,410,407
2014-05-01,미곡동2,3457,108
2014-05-01,미대동1,2826,111
2014-05-01,미대동2,401,277
2014-05-01,미래아트빌앞,744,429
2014-05-01,미리내맨션건너,18607,595
2014-05-01,미리내맨션앞,5567,1656
2014-05-01,민들레아파트후문건너,4919,191
2014-05-01,민들레아파트후문앞,6707,92
2014-05-01,바른병원건너,416,151
2014-05-01,박곡리(시내방향),217,1
2014-05-01,박곡리(시외방향),60,3
2014-05-01,박석진교,13,15
2014-05-01,반고개(내당역4번출구),4644,3820
2014-05-01,반고개1,8692,4055
2014-05-01,반고개2,18796,5985
2014-05-01,반송4교건너,4,6
2014-05-01,반송4교앞,577,57
2014-05-01,반송리,432,2
2014-05-01,반야월모란1차아파트,4846,2505
2014-05-01,반야월시장1,7840,3238
2014-05-01,반야월시장2,10505,1518
2014-05-01,반야월역(국철)건너,5791,2999
2014-05-01,반야월역(국철)앞,9417,1715
2014-05-01,반야월역(도시철도1번출구),1669,336
2014-05-01,반야월역(도시철도2번출구),8295,235
2014-05-01,반야월역(도시철도3번출구),6942,2964
2014-05-01,반야월역(도시철도4번출구)1,6698,2836
2014-05-01,반야월역(도시철도4번출구)2,2340,1876
2014-05-01,반야월저탄장건너,6004,3704
2014-05-01,반야월저탄장앞,11443,1333
2014-05-01,반월당역(1번출구)1,42364,11826
2014-05-01,반월당역(1번출구)2,5612,6237
2014-05-01,반월당역(2번출구),72710,41737
2014-05-01,방공포병학교건너,2535,271
2014-05-01,방공포병학교앞,1040,3190
2014-05-01,방짜유기박물관건너,1191,9
2014-05-01,방짜유기박물관앞,57,122
2014-05-01,방천리1,173,27
2014-05-01,방천리2,578,80
2014-05-01,방천시장(김광석길)건너,19459,7193
2014-05-01,방천시장(김광석길)앞,16034,3140
2014-05-01,방촌1동,1298,5
2014-05-01,방촌건널목,140,1625
2014-05-01,방촌맨션앞,6016,1806
2014-05-01,방촌빌라,238,1162
2014-05-01,방촌시장건너,31612,3854
2014-05-01,방촌시장앞,19004,6785
2014-05-01,방촌역(1번출구),15365,5638
2014-05-01,방촌역(2번출구),14064,1462
2014-05-01,방촌치안센터건너,2004,1680
2014-05-01,방촌치안센터앞,6340,1839
2014-05-01,백사벌네거리1,2475,57
2014-05-01,백사벌네거리2,3080,1241
2014-05-01,백안교1,3,19
2014-05-01,백안교2,1484,167
2014-05-01,백안삼거리1,404,197
2014-05-01,백안삼거리2,6543,223
2014-05-01,백자맨션건너,259,951
2014-05-01,백자맨션앞,5313,1933
2014-05-01,범물1동주민센터건너,8685,1639
2014-05-01,범물1동주민센터앞,52232,2256
2014-05-01,범물2동주민센터건너,5322,522
2014-05-01,범물2동주민센터앞,15,305
2014-05-01,범물두성타운건너,393,28
2014-05-01,범물우방미진하이츠앞,5529,215
2014-05-01,범물청구맨션건너,1114,3043
2014-05-01,범물청구맨션앞,50429,3961
2014-05-01,범물하이츠 건너,3409,3874
2014-05-01,범물하이츠앞,26874,264
2014-05-01,범물한라주택건너,29119,1152
2014-05-01,범물한라주택앞,4083,4963
2014-05-01,범어2동1,243,2600
2014-05-01,범어2동2,1284,153
2014-05-01,범어4동주민센터건너,27236,6966
2014-05-01,범어4동주민센터앞,12195,10881
2014-05-01,범어쌍용예가건너,8485,8449
2014-05-01,범어쌍용예가앞,13075,2785
2014-05-01,범어역(1번출구),21831,3553
2014-05-01,범어역(2번출구),12130,5822
2014-05-01,법원건너,19972,16010
2014-05-01,법원앞,30752,6513
2014-05-01,법원어린이집,753,1733
2014-05-01,베어산업건너,635,2
2014-05-01,베어산업앞,44,21
2014-05-01,병무청중앙신체검사소,47,22
2014-05-01,보람타운건너,238,560
2014-05-01,보람타운앞,9500,2669
2014-05-01,보병50사단건너,4429,474
2014-05-01,보병50사단앞,1680,418
2014-05-01,보성기계건너,1820,266
2014-05-01,보성기계앞,19,155
2014-05-01,보성산호타운건너,5566,766
2014-05-01,보성산호타운앞,2766,1356
2014-05-01,보성서한타운앞,4642,1035
2014-05-01,보성은하타운앞,3325,67
2014-05-01,보성화성타운건너,29395,2967
2014-05-01,보성화성타운앞,8953,6323
2014-05-01,보훈병원건너,0,26
2014-05-01,보훈병원앞,3833,123
2014-05-01,복음간호학원,8880,1055
2014-05-01,복현네거리,7004,10752
2014-05-01,복현대백맨션건너,18786,2199
2014-05-01,복현대백맨션앞,3760,3496
2014-05-01,복현서한2차아파트,2686,3801
2014-05-01,복현성모약국앞,3053,1120
2014-05-01,복현오거리1,63516,11073
2014-05-01,복현오거리2,14515,4736
2014-05-01,복현오거리3,323,221
2014-05-01,복현우방아파트,11161,1863
2014-05-01,복현우체국건너,57505,5015
2014-05-01,복현우체국앞,9004,8757
2014-05-01,복현장미맨션앞,2330,1054
2014-05-01,복현푸르지오아파트건너,17309,1578
2014-05-01,복현현대맨션건너,2979,75
2014-05-01,복현현대맨션앞,815,353
2014-05-01,본동시장건너,8950,1060
2014-05-01,본동시장앞,1852,1833
2014-05-01,본리1리,256,71
2014-05-01,본리1리동회관건너,477,428
2014-05-01,본리1리동회관앞,33,43
2014-05-01,본리2,2066,219
2014-05-01,본리근린공원건너,3,4
2014-05-01,본리근린공원앞,0,2
2014-05-01,본리네거리,3196,501
2014-05-01,본리네거리2,10348,1754
2014-05-01,본리네거리3,8965,2003
2014-05-01,본리도서관앞,2038,348
2014-05-01,본리롯데캐슬,2641,215
2014-05-01,본리아카시아맨션,5701,1466
2014-05-01,본리지구건너,1421,612
2014-05-01,본리지구앞,8955,1402
2014-05-01,본리초등학교건너,10992,2113
2014-05-01,본리초등학교앞,8372,1924
2014-05-01,본리치안센터건너,3806,499
2014-05-01,본리치안센터앞,4224,1705
2014-05-01,본말(종점),40,0
2014-05-01,봉덕119안전센터건너,1017,59
2014-05-01,봉덕119안전센터앞,524,165
2014-05-01,봉덕2동새마을금고건너,1463,352
2014-05-01,봉덕2동새마을금고앞,1121,845
2014-05-01,봉덕교회건너,15939,2379
2014-05-01,봉덕교회앞,4017,1269
2014-05-01,봉덕변전소건너,3377,9
2014-05-01,봉덕변전소앞,8,52
2014-05-01,봉덕시장건너1,4243,1835
2014-05-01,봉덕시장건너2,590,338
2014-05-01,봉덕시장건너3,10419,720
2014-05-01,봉덕시장앞1,16238,1168
2014-05-01,봉덕시장앞2,5030,2256
2014-05-01,봉무공원건너,9091,1714
2014-05-01,봉무청구새들마을건너,21478,1916
2014-05-01,봉무청구새들마을앞,2880,870
2014-05-01,봉산가구골목(동편),3838,3965
2014-05-01,봉산가구골목(서편),2268,490
2014-05-01,봉산문화거리건너,26461,9741
2014-05-01,봉산문화거리앞,14605,4426
2014-05-01,봉산육거리,4234,477
2014-05-01,봉촌1리1,600,1
2014-05-01,봉촌1리2,9,41
2014-05-01,봉촌1리3,289,0
2014-05-01,봉촌2리,173,0
2014-05-01,봉촌낙동길입구,317,0
2014-05-01,봉촌낙동길입구건너,10,46
2014-05-01,봉촌리,325,0
2014-05-01,부곡리,11,7
2014-05-01,부곡리건너,86,150
2014-05-01,부남교앞,650,1
2014-05-01,부동,1115,61
2014-05-01,부동(종점),150,2
2014-05-01,부동농협,397,3
2014-05-01,부동삼거리,1,10
2014-05-01,부영3단지,3282,1899
2014-05-01,부영5단지,2315,523
2014-05-01,부영7단지건너,702,2
2014-05-01,부영7단지앞,19,59
2014-05-01,부인사건너,68,15
2014-05-01,부인사앞,79,4
2014-05-01,북구구민운동장건너,9058,1434
2014-05-01,북구구민운동장앞,2538,1831
2014-05-01,북구보건소건너,4335,1905
2014-05-01,북구보건소앞,9846,410
2014-05-01,북구선거관리위원회건너,7185,587
2014-05-01,북구선거관리위원회앞,8183,3302
2014-05-01,북구어울아트센터앞,90,105
2014-05-01,북구청건너,15269,4988
2014-05-01,북구청네거리1,1883,2325
2014-05-01,북구청네거리2,3337,322
2014-05-01,북구청앞,14349,1933
2014-05-01,북구청역(3번출구),15303,4575
2014-05-01,북구청역(4번출구),6601,3066
2014-05-01,북대구세무서건너,9291,1011
2014-05-01,북대구세무서앞,5484,1217
2014-05-01,북대구초등학교건너,2968,51
2014-05-01,북대구초등학교앞,831,244
2014-05-01,북동초등학교건너,1534,940
2014-05-01,북동초등학교앞,5356,69
2014-05-01,북리1,3421,1521
2014-05-01,북리2,24665,417
2014-05-01,북부경찰서건너,2460,1082
2014-05-01,북부상수도사업소,167,1079
2014-05-01,북부정류장,103733,19736
2014-05-01,북부정류장건너,50494,17546
2014-05-01,북비산네거리1,8926,6013
2014-05-01,북비산네거리2,10529,1809
2014-05-01,북중학교앞,3477,999
2014-05-01,북침산치안센터건너,8410,1929
2014-05-01,북침산치안센터앞,7622,3170
2014-05-01,불교한방병원건너1,574,298
2014-05-01,불교한방병원건너2,2454,223
2014-05-01,불교한방병원앞1,3300,170
2014-05-01,불교한방병원앞2,3294,740
2014-05-01,불로삼거리,1813,13954
2014-05-01,불로우방아파트건너,8226,2771
2014-05-01,불로우방아파트앞,9292,5541
2014-05-01,불로전통시장건너,48131,4862
2014-05-01,불로전통시장앞,18546,8053
2014-05-01,불로천주교회건너,14333,4093
2014-05-01,불로천주교회앞,24264,5265
2014-05-01,불로화훼단지건너,27,498
2014-05-01,불로화훼단지앞,687,1076
2014-05-01,비산5동주민센터,16,0
2014-05-01,비산6동주민센터건너,582,956
2014-05-01,비산6동주민센터앞,447,28
2014-05-01,비산7동우체국건너,3629,5213
2014-05-01,비산7동우체국앞1,12738,4457
2014-05-01,비산7동우체국앞2,9507,2815
2014-05-01,비산웰빙하와이건너,2206,94
2014-05-01,비산웰빙하와이앞,1417,137
2014-05-01,비산지하도1,10534,6265
2014-05-01,비산지하도2,22635,5114
2014-05-01,비산초등학교건너,11878,1305
2014-05-01,비산초등학교앞,15903,2016
2014-05-01,비슬산휴양림주차장,186,3
2014-05-01,비원지구대건너,5908,505
2014-05-01,비원지구대앞,799,1868
2014-05-01,비철금속협업단지앞,6731,593
2014-05-01,사복동입구교차로,302,3375
2014-05-01,사복동입구교차로건너,31,484
2014-05-01,사월동(종점),855,69
2014-05-01,사월보성2차건너,39,179
2014-05-01,사월보성2차앞,3134,135
2014-05-01,사월역(2번출구),23387,3664
2014-05-01,사월역(4번출구),19870,12487
2014-05-01,사창마을앞,31,1
2014-05-01,산격4동주민센터건너,801,267
2014-05-01,산격4동주민센터앞,6494,676
2014-05-01,산격거평타운건너,1204,3305
2014-05-01,산격거평타운앞,2136,2823
2014-05-01,산격대우아파트앞,63604,8515
2014-05-01,산격문화회관건너,9814,864
2014-05-01,산격문화회관앞,3556,1749
2014-05-01,산격종합시장앞,63953,19630
2014-05-01,산격주공아파트건너,4546,5669
2014-05-01,산격주공아파트앞,27641,3103
2014-05-01,산격중학교건너,9098,14064
2014-05-01,산격중학교앞,11318,1946
2014-05-01,산격청구맨션앞,6979,3656
2014-05-01,산격초등학교건너,12352,693
2014-05-01,산격초등학교앞,10577,969
2014-05-01,산림조합중앙회건너,1985,2485
2014-05-01,산림조합중앙회앞,2075,719
2014-05-01,산업용재관,4466,2545
2014-05-01,삼덕교회,6526,6330
2014-05-01,삼덕동1,212,406
2014-05-01,삼덕동2,295,92
2014-05-01,삼덕성당앞,8924,1235
2014-05-01,삼리1리1,5,42
2014-05-01,삼리1리2,779,312
2014-05-01,삼리리1(논공),34,23
2014-05-01,삼리리2(논공),135,110
2014-05-01,삼보,945,87
2014-05-01,삼산리(범동교),53,21
2014-05-01,삼산리(삼산교회건너),192,0
2014-05-01,삼산리(삼산교회앞),4024,284
2014-05-01,삼산리(은지가든),8,10
2014-05-01,삼산리입구건너,538,4
2014-05-01,삼산리입구앞,2,151
2014-05-01,삼산지,6,0
2014-05-01,삼성공원아파트건너,314,256
2014-05-01,삼성래미안1차건너,6826,2711
2014-05-01,삼성래미안1차앞,5195,645
2014-05-01,삼성래미안2차건너,4583,881
2014-05-01,삼성래미안2차앞,4676,2026
2014-05-01,삼성명가타운,4503,1364
2014-05-01,삼성명가타운건너,1072,523
2014-05-01,삼성물류센터앞,262,1468
2014-05-01,삼성한국형아파트건너,1155,64
2014-05-01,삼성한국형아파트앞,1233,546
2014-05-01,삼우섬유앞,376,22
2014-05-01,삼육구가든건너,326,28
2014-05-01,삼육구가든앞,99,1
2014-05-01,삼익THK건너,210,24
2014-05-01,삼익THK앞,323,28
2014-05-01,삼익뉴타운건너,8241,2297
2014-05-01,삼익뉴타운앞,13943,841
2014-05-01,삼정빌딩앞,1026,287
2014-05-01,삼호아파트건너,665,223
2014-05-01,삼호아파트앞,1391,1420
2014-05-01,삼환맨션,542,90
2014-05-01,상공회의소건너,4119,1812
2014-05-01,상공회의소앞,5939,1242
2014-05-01,상당마을,89,1
2014-05-01,상동가압장건너,1711,125
2014-05-01,상동교1,272,114
2014-05-01,상동교2,1495,632
2014-05-01,상동네거리,4626,1895
2014-05-01,상동마을(둔산길),983,4
2014-05-01,상동시장앞,2336,662
2014-05-01,상동우체국건너,7147,2364
2014-05-01,상동우체국앞,25211,3798
2014-05-01,상동천주교회건너,315,496
2014-05-01,상동천주교회앞,2065,2653
2014-05-01,상록아파트,810,60
2014-05-01,상리공단,2210,174
2014-05-01,상리공단건너,1352,628
2014-05-01,상리동입구,1814,190
2014-05-01,상리동입구1,3,137
2014-05-01,상리동입구2,4318,21
2014-05-01,상리동종점,59,48
2014-05-01,상리동종점2,1295,3
2014-05-01,상리동종점3,3405,153
2014-05-01,상리마을건너,4,15
2014-05-01,상리마을앞,44,14
2014-05-01,상리지하도1,2664,76
2014-05-01,상리지하도2,2172,63
2014-05-01,상매동(저탄장),16,12
2014-05-01,상서고등학교건너,2453,120
2014-05-01,상서고등학교앞,1571,219
2014-05-01,상수도사업본부,8396,3736
2014-05-01,상수도사업본부건너,8761,15325
2014-05-01,상수도사업본부시설관리소건너,10678,1702
2014-05-01,상수도사업본부시설관리소앞,1853,1491
2014-05-01,상수도중남부사업소건너,1809,665
2014-05-01,상수도중남부사업소앞,339,178
2014-05-01,상원리(마을회관),12,0
2014-05-01,상인2동주민센터건너,6930,286
2014-05-01,상인동서타운앞,20356,3232
2014-05-01,상인동화아이위시아파트건너,23456,1637
2014-05-01,상인동화아이위시아파트앞,2688,1746
2014-05-01,상인비둘기1단지아파트건너,5144,869
2014-05-01,상인비둘기1단지아파트앞,19469,914
2014-05-01,상인비둘기2단지아파트앞,17190,1369
2014-05-01,상인삼미타운건너,2783,13381
2014-05-01,상인삼미타운앞,6003,663
2014-05-01,상인역e-편한세상앞,7736,22342
2014-05-01,상인우방아파트,14535,33004
2014-05-01,상인은행아파트건너,7243,1730
2014-05-01,상인은행아파트앞,7703,1263
2014-05-01,상인자이앞,7487,2548
2014-05-01,상인장미아파트앞,12289,1124
2014-05-01,상인제림아파트건너,2630,394
2014-05-01,상인제림아파트앞,1664,1144
2014-05-01,상인청구타운건너,3640,294
2014-05-01,상인청구타운앞,1961,262
2014-05-01,상인초등학교앞,3429,2939
2014-05-01,상인한서타운앞,4369,1161
2014-05-01,상인현대맨션건너,91081,4724
2014-05-01,상인현대맨션앞,26089,39464
2014-05-01,상인화성파크드림건너,1281,779
2014-05-01,상인화성파크드림앞,1414,179
2014-05-01,상화네거리,214,1165
2014-05-01,새길시장건너,12372,9933
2014-05-01,새길시장앞,42059,4942
2014-05-01,새동네아파트건너,35,1
2014-05-01,새동네아파트앞,582,1727
2014-05-01,새마을건너,4,24
2014-05-01,새범어아파트건너,1508,287
2014-05-01,새범어아파트앞,2211,206
2014-05-01,새본리중학교앞,1463,529
2014-05-01,샤니삼거리1,227,1
2014-05-01,샤니삼거리2,1,4
2014-05-01,서구문화회관건너,3584,914
2014-05-01,서구문화회관앞,8958,2104
2014-05-01,서구시장건너,24053,7634
2014-05-01,서구시장앞,17735,5596
2014-05-01,서구제일사회복지관건너,1572,2794
2014-05-01,서구제일사회복지관앞,5057,574
2014-05-01,서구청건너,53519,7391
2014-05-01,서구청앞,53985,7915
2014-05-01,서남시장건너,29355,21167
2014-05-01,서남시장앞1,34004,6971
2014-05-01,서남시장앞2,15997,3436
2014-05-01,서당마을건너,996,101
2014-05-01,서당마을앞,20,53
2014-05-01,서대구고속버스터미널,386,1775
2014-05-01,서대구공단네거리1,965,76
2014-05-01,서대구공단네거리2,410,71
2014-05-01,서대구공단네거리3,2885,359
2014-05-01,서대구공단네거리4,4872,1987
2014-05-01,서대구세무서,13057,26849
2014-05-01,서대구시장건너,13247,6400
2014-05-01,서대구시장앞,15092,5096
2014-05-01,서대구초등학교입구,25370,10097
2014-05-01,서대명지구대건너,7871,1635
2014-05-01,서대명지구대앞,2808,1020
2014-05-01,서도초등학교건너,3095,1876
2014-05-01,서도초등학교서편2,103,299
2014-05-01,서도초등학교앞,10080,893
2014-05-01,서문시장,76399,11891
2014-05-01,서문시장5지구앞,1634,1092
2014-05-01,서변동영남네오빌건너,5314,408
2014-05-01,서변동영남네오빌앞,5306,456
2014-05-01,서부고등학교건너,2387,575
2014-05-01,서부고등학교앞,4309,125
2014-05-01,서부공업고등학교건너,11782,13934
2014-05-01,서부공업고등학교앞,33936,1745
2014-05-01,서부소방서,1,111
2014-05-01,서부시장건너,29749,13077
2014-05-01,서부시장앞,25756,6329
2014-05-01,서부정류장(관문시장건너),106521,19227
2014-05-01,서부정류장(관문시장앞),40212,11778
2014-05-01,서부정류장1,91622,12002
2014-05-01,서부정류장2,6654,1848
2014-05-01,서부정류장3(성당못역1번출구),26787,38936
2014-05-01,서부정류장4(성당못역1번출구),2826,1461
2014-05-01,서부중학교앞,9712,6886
2014-05-01,서영기공건너,353,0
2014-05-01,서영기공앞,1,39
2014-05-01,서재금봉타운,265,1190
2014-05-01,서재금봉타운건너,28920,141
2014-05-01,서재들,22,8
2014-05-01,서재들건너,18,2
2014-05-01,서재보성타운건너,23001,110
2014-05-01,서재보성타운앞,163,302
2014-05-01,서진중학교건너,858,608
2014-05-01,서평초등학교,3339,1577
2014-05-01,서평초등학교건너,2990,535
2014-05-01,선녀곡건너(옥포),328,67
2014-05-01,선녀곡앞(옥포),65,307
2014-05-01,설티고개(달성공단방면),11,3
2014-05-01,설티고개(옥포방면),51,0
2014-05-01,설화동(종점),332,28
2014-05-01,설화리(시내방향),15240,1037
2014-05-01,설화리(시외방향),926,1064
2014-05-01,설화명곡역(4번출구),8,124
2014-05-01,섬뜸마을,872,2
2014-05-01,섬유회관건너1,60768,19202
2014-05-01,섬유회관건너2,11472,3810
2014-05-01,섬유회관앞,74534,23711
2014-05-01,성곡중학교건너,1697,624
2014-05-01,성곡중학교앞,1691,60
2014-05-01,성광고등학교건너,13156,3629
2014-05-01,성광고등학교앞,426,990
2014-05-01,성남초등학교건너,1348,2056
2014-05-01,성남초등학교앞,5856,364
2014-05-01,성내3동주민센터입구,1235,1797
2014-05-01,성당두산위브앞,27271,1942
2014-05-01,성당래미안·e-편한세상앞,12647,3316
2014-05-01,성당못역북편1,933,1127
2014-05-01,성당못역북편2,2423,262
2014-05-01,성당보성아파트건너,32924,7281
2014-05-01,성당보성아파트앞,14347,4093
2014-05-01,성당시장건너,32802,5690
2014-05-01,성당시장앞1,5782,630
2014-05-01,성당시장앞2,37269,3708
2014-05-01,성당초교앞,1133,335
2014-05-01,성당코오롱하늘채,9641,1505
2014-05-01,성당코오롱하늘채2,14576,7087
2014-05-01,성당포스코더샵건너,6258,1831
2014-05-01,성당포스코더샵앞,15704,1238
2014-05-01,성동건너,270,269
2014-05-01,성동마을건너,157,66
2014-05-01,성동마을앞,431,7
2014-05-01,성동앞,115,63
2014-05-01,성동초등학교건너,12819,2653
2014-05-01,성동초등학교앞,19837,1840
2014-05-01,성동탱자나무마을건너,20,25
2014-05-01,성동탱자나무마을앞,80,54
2014-05-01,성림첨단산업건너,70,8
2014-05-01,성림첨단산업앞,283,9
2014-05-01,성명119안전센터건너1,4568,4504
2014-05-01,성명119안전센터앞,2601,351
2014-05-01,성명여자중학교,621,275
2014-05-01,성모여성병원건너,36541,5083
2014-05-01,성모여성병원앞,35782,21022
2014-05-01,성보교통,1394,82
2014-05-01,성북교1,12551,1951
2014-05-01,성북교2,8307,3930
2014-05-01,성북시장건너,2947,861
2014-05-01,성북시장앞,10661,2981
2014-05-01,성산3동,1,26
2014-05-01,성산리1,43,59
2014-05-01,성산리2,779,139
2014-05-01,성산중학교앞,2428,179
2014-05-01,성산초등학교앞,710,126
2014-05-01,성서119안전센터건너,18,3523
2014-05-01,성서119안전센터앞,17522,170
2014-05-01,성서4차산업단지앞1,504,106
2014-05-01,성서공단물류센터,506,2
2014-05-01,성서농협남부지소,13180,3875
2014-05-01,성서동서서한타운건너,4794,506
2014-05-01,성서동서서한타운앞,6455,368
2014-05-01,성서보성타운2차건너1,283,653
2014-05-01,성서보성타운2차건너2,1245,159
2014-05-01,성서보성타운2차앞,9818,1985
2014-05-01,성서산업단지역(1번출구),6439,3497
2014-05-01,성서산업단지역(2번출구),11720,1584
2014-05-01,성서서한2차타운1,9853,444
2014-05-01,성서서한2차타운2,283,845
2014-05-01,성서우방2차아파트,1815,557
2014-05-01,성서우방타운건너,21635,3360
2014-05-01,성서우방타운앞,14929,2713
2014-05-01,성서우체국건너,2048,399
2014-05-01,성서우체국앞,596,1383
2014-05-01,성서종합시장건너,23735,7709
2014-05-01,성서종합시장앞,61973,6258
2014-05-01,성서주공1단지건너,11257,1262
2014-05-01,성서주공1단지앞,2513,1972
2014-05-01,성서주공2단지건너,15617,7214
2014-05-01,성서주공2단지앞,38321,2670
2014-05-01,성서주공5단지앞,473,215
2014-05-01,성서청구타운건너,9822,1792
2014-05-01,성서청구타운앞,7407,580
2014-05-01,성서초등학교건너,5591,1493
2014-05-01,성서초등학교앞,101,547
2014-05-01,성서푸른마을아파트건너,11908,1084
2014-05-01,성서푸른마을아파트앞,2430,1050
2014-05-01,성서한샘타운앞,2212,102
2014-05-01,성서협업단지건너,147,10
2014-05-01,성서협업단지앞,36,22
2014-05-01,성요셉요양병원건너,230,626
2014-05-01,성요셉요양병원앞,2480,135
2014-05-01,성원아파트건너,1727,254
2014-05-01,성원아파트앞,7855,513
2014-05-01,성주사건너,260,30
2014-05-01,성주사앞,15,177
2014-05-01,성지중학교건너,6092,1173
2014-05-01,성지중학교앞,7572,6029
2014-05-01,성하리,32,710
2014-05-01,성화여고건너,12844,682
2014-05-01,성화여고앞,6680,4019
2014-05-01,세강병원앞,7422,25010
2014-05-01,세원정공건너,12857,555
2014-05-01,세원정공앞,2141,4404
2014-05-01,세천고개1,335,15
2014-05-01,세천고개2,267,38
2014-05-01,세천리2,394,11
2014-05-01,세천리3,700,18
2014-05-01,세하건너,3,7
2014-05-01,세하앞,1,8
2014-05-01,세흥인쇄,879,153
2014-05-01,소선여중건너,4059,4232
2014-05-01,소선여중앞,150,484
2014-05-01,솔렌스힐건너,5621,907
2014-05-01,솔렌스힐앞,2129,443
2014-05-01,솔밭기세길건너,2,24
2014-05-01,솔밭기세길입구,343,1
2014-05-01,솔비식당입구,16,7
2014-05-01,솔비식당입구맞은편,832,78
2014-05-01,송원맨션건너,12605,1206
2014-05-01,송원맨션앞,4259,1257
2014-05-01,송정1동,0,6
2014-05-01,송정동1,49,17
2014-05-01,송정동2,39,0
2014-05-01,송정동3,77,2
2014-05-01,송정동4,67,65
2014-05-01,송정마을1,0,29
2014-05-01,송정마을2,182,0
2014-05-01,송정삼거리1,406,310
2014-05-01,송정삼거리2,283,595
2014-05-01,송정삼거리3,5335,1261
2014-05-01,송정삼거리4,9306,1196
2014-05-01,송해공원,6,4
2014-05-01,송현1동치안센터건너,7496,1662
2014-05-01,송현2동주민센터건너,729,223
2014-05-01,송현공원건너,682,233
2014-05-01,송현공원앞,561,790
2014-05-01,송현교,1284,91
2014-05-01,송현교2,197,50
2014-05-01,송현여중고교건너,3627,928
2014-05-01,송현여중고교앞,5373,4377
2014-05-01,송현역(1번출구),13179,2376
2014-05-01,송현역(2번출구),19434,3652
2014-05-01,송현역(3번출구),19956,15268
2014-05-01,송현역(4번출구),7997,4191
2014-05-01,송현제림타운건너,5959,9874
2014-05-01,송현제림타운앞,3728,885
2014-05-01,송현초등학교건너,3721,923
2014-05-01,송현초등학교앞,10170,359
2014-05-01,수리리,59,58
2014-05-01,수성4가동주민센터앞,774,142
2014-05-01,수성경찰서건너,28190,7509
2014-05-01,수성경찰서앞,19209,11815
2014-05-01,수성고등학교건너,5590,984
2014-05-01,수성고등학교앞,3652,555
2014-05-01,수성관광호텔건너,3612,491
2014-05-01,수성관광호텔앞,3096,479
2014-05-01,수성교1,9574,5855
2014-05-01,수성교2,7451,3960
2014-05-01,수성구민운동장건너,9086,2587
2014-05-01,수성구민운동장앞,6505,12708
2014-05-01,수성구보건소건너,28669,2475
2014-05-01,수성구보건소앞,11259,4139
2014-05-01,수성구청건너,29879,12032
2014-05-01,수성구청앞,26809,8090
2014-05-01,수성네거리1,16877,7091
2014-05-01,수성네거리2,14771,3353
2014-05-01,수성대학교건너,46493,9655
2014-05-01,수성대학교앞,20596,17967
2014-05-01,수성도서관건너,15152,2641
2014-05-01,수성도서관앞,7859,3352
2014-05-01,수성동삼익맨션앞,5,0
2014-05-01,수성동일하이빌앞,949,116
2014-05-01,수성랜드1,4821,346
2014-05-01,수성랜드2,1683,3638
2014-05-01,수성랜드건너,2245,782
2014-05-01,수성랜드건너2,712,723
2014-05-01,수성랜드앞,1593,2223
2014-05-01,수성롯데캐슬건너,14727,2165
2014-05-01,수성롯데캐슬앞,19914,5559
2014-05-01,수성못건너,1462,483
2014-05-01,수성못앞,2377,806
2014-05-01,수성못오거리1,15236,3015
2014-05-01,수성못오거리2,15416,3275
2014-05-01,수성못오거리5,787,474
2014-05-01,수성못코오롱하늘채,5030,3832
2014-05-01,수성소방서1,481,1610
2014-05-01,수성소방서2,256,1981
2014-05-01,수성시니어클럽건너,2727,3020
2014-05-01,수성시니어클럽앞,7478,1372
2014-05-01,수성시장건너,3253,1137
2014-05-01,수성시장네거리1,13898,2288
2014-05-01,수성시장네거리2,15717,7361
2014-05-01,수성시장앞,2790,962
2014-05-01,수성아트피아건너,8124,3595
2014-05-01,수성아트피아앞,5199,2887
2014-05-01,수성요양병원,652,101
2014-05-01,수성월드메르디앙건너,511,89
2014-05-01,수성월드메르디앙앞,1139,61
2014-05-01,수성초등학교,7306,2841
2014-05-01,수성태영데시앙건너,1719,1009
2014-05-01,수성태영데시앙앞,4806,628
2014-05-01,수성하이츠,2927,204
2014-05-01,수정맨션앞,1985,188
2014-05-01,수창초등학교,748,4333
2014-05-01,수태골건너,16,13
2014-05-01,수태골앞,87,4
2014-05-01,스파밸리1,116,394
2014-05-01,스파밸리2,10049,61
2014-05-01,시립희망원,974,534
2014-05-01,시민교회건너,1131,121
2014-05-01,시민교회앞,813,606
2014-05-01,시민운동장(야구장건너),4068,562
2014-05-01,시민운동장(야구장앞),3390,675
2014-05-01,시민운동장(축구장건너),4331,4216
2014-05-01,시민운동장(축구장앞),5436,850
2014-05-01,시지(종점),2922,509
2014-05-01,시지대성유니드건너,878,33
2014-05-01,시지대성유니드앞,2347,1592
2014-05-01,시지보성아파트앞,28533,10581
2014-05-01,시지중학교,21595,1192
2014-05-01,시지천마타운앞,4143,1926
2014-05-01,시청별관건너1,9165,2922
2014-05-01,시청별관건너2,6600,1410
2014-05-01,시청별관앞(구.경북도청),6073,4584
2014-05-01,신기리1,59,47
2014-05-01,신기리2,289,78
2014-05-01,신기역(화성타운건너),11307,1677
2014-05-01,신기역(화성타운앞),15485,1661
2014-05-01,신남역(1번출구),5389,1439
2014-05-01,신당동주민센터건너,1833,917
2014-05-01,신당동주민센터앞,11148,608
2014-05-01,신당리,1397,9
2014-05-01,신덕마을입구,297,133
2014-05-01,신도운수건너,1145,115
2014-05-01,신도운수앞,1112,163
2014-05-01,신매광장건너,48656,9717
2014-05-01,신매광장앞,54027,9556
2014-05-01,신매시장,5370,12781
2014-05-01,신매초등학교건너,10153,2004
2014-05-01,신매초등학교앞,9218,2566
2014-05-01,신매태성아파트,70,645
2014-05-01,신매태성아파트건너,7431,2393
2014-05-01,신무동1,757,0
2014-05-01,신무동2,6,6
2014-05-01,신생원건너,2,0
2014-05-01,신생원앞,22,1
2014-05-01,신서성당건너,4729,404
2014-05-01,신서성당앞,2,360
2014-05-01,신성에스앤티건너,721,56
2014-05-01,신성에스앤티앞,146,4
2014-05-01,신성중공업건너,11,75
2014-05-01,신성중공업앞,412,3
2014-05-01,신성초등학교건너,8475,11307
2014-05-01,신성초등학교앞,8557,1492
2014-05-01,신세계병원건너,26493,15816
2014-05-01,신세계병원앞,11984,11731
2014-05-01,신세계주유소건너,7883,320
2014-05-01,신세계주유소앞,1049,1295
2014-05-01,신세월입구,13,0
2014-05-01,신신정비공장1,11316,5822
2014-05-01,신신정비공장2,33312,26185
2014-05-01,신암건영캐스빌건너,4540,808
2014-05-01,신암건영캐스빌앞,2105,109
2014-05-01,신암보성아파트건너,1562,597
2014-05-01,신암보성아파트앞,1255,1146
2014-05-01,신암초등학교건너,5869,2679
2014-05-01,신천3동행정복지센터건너,4276,594
2014-05-01,신천3동행정복지센터앞,2170,2471
2014-05-01,신천3치안센터건너,4466,1558
2014-05-01,신천3치안센터앞,6571,3824
2014-05-01,신천LH아파트건너,9339,2234
2014-05-01,신천LH아파트앞,15609,5537
2014-05-01,신천교1,1814,883
2014-05-01,신천교2,1836,290
2014-05-01,신천시장건너,3122,813
2014-05-01,신천시장앞,4549,1268
2014-05-01,신천역(2번출구),5080,2522
2014-05-01,신천역(3번출구),2536,910
2014-05-01,신천역(4번출구),7469,2956
2014-05-01,신천역(5번출구),12502,2158
2014-05-01,신천초등학교건너,677,38
2014-05-01,신천초등학교앞,423,115
2014-05-01,신평동1,493,2007
2014-05-01,신평동2,3281,191
2014-05-01,신평리네거리1,24869,11044
2014-05-01,신평리네거리2,31486,10452
2014-05-01,신평리주유소건너,1881,292
2014-05-01,신평리주유소앞,665,377
2014-05-01,신흥버스,18455,2958
2014-05-01,실내체육관건너,4131,816
2014-05-01,실내체육관앞,4445,1675
2014-05-01,심신수련장입구건너,1638,328
2014-05-01,심신수련장입구앞,968,213
2014-05-01,심인고등학교건너,27903,3519
2014-05-01,심인고등학교앞,15553,2622
2014-05-01,쌍용머티리얼,1688,86
2014-05-01,아너스월성앞,3769,532
2014-05-01,아멕스,497,37
2014-05-01,아멕스건너,869,6
2014-05-01,아양교1,4239,1280
2014-05-01,아양교2,14930,15369
2014-05-01,아양교3,1182,25827
2014-05-01,아양교4,5900,988
2014-05-01,아양교역(1번출구),85043,85078
2014-05-01,아양교역(2번출구),97399,10118
2014-05-01,아양아트센터건너,5585,297
2014-05-01,아양아트센터앞,1811,376
2014-05-01,아주섬유건너,9,45
2014-05-01,아주섬유앞,160,4
2014-05-01,아주철강건너,213,9
2014-05-01,아주철강앞,109,2
2014-05-01,안심교(경산방향),218,87
2014-05-01,안심교(반야월방향),555,7241
2014-05-01,안심신우타운앞,2298,4006
2014-05-01,안심역(1번출구),747,57
2014-05-01,안심역(4번출구),63131,478
2014-05-01,안심역(5번출구),6784,55700
2014-05-01,안심주공1단지건너,13901,1775
2014-05-01,안심주공1단지앞,7565,830
2014-05-01,안심주공2단지앞,546,1372
2014-05-01,안심중학교건너,1407,2004
2014-05-01,안심중학교앞,2152,1517
2014-05-01,안심효성타운건너,12928,1635
2014-05-01,안심효성타운앞,27919,2474
2014-05-01,안지랑네거리1,28223,9084
2014-05-01,안지랑네거리2,32452,9603
2014-05-01,앞산공원,16024,5161
2014-05-01,앞산공원관리사무소건너,721,108
2014-05-01,앞산공원관리사무소앞,2,792
2014-05-01,앞산궁도장건너,794,155
2014-05-01,앞산궁도장앞,478,52
2014-05-01,앞산별자리체험학습장1,3961,56
2014-05-01,앞산별자리체험학습장2,105,783
2014-05-01,앞산보성타운건너,98,53
2014-05-01,앞산보성타운앞,3215,3
2014-05-01,앞산빨래터공원,843,150
2014-05-01,앞산빨래터공원1,1082,82
2014-05-01,앞산자락카페마실건너,72,252
2014-05-01,앞산자락카페마실앞,1378,612
2014-05-01,앞산청구제네스건너,6708,2597
2014-05-01,앞산청구제네스앞,15865,2181
2014-05-01,앞산힐스테이트건너,3191,673
2014-05-01,앞산힐스테이트앞,1250,347
2014-05-01,약령시건너(동성로입구),250588,39460
2014-05-01,약령시앞,166047,79029
2014-05-01,약령시입구,4037,2087
2014-05-01,약사회관건너,381,60
2014-05-01,약사회관앞,659,59
2014-05-01,약산온천입구,1159,302
2014-05-01,양지마을건너,350,319
2014-05-01,양지마을앞,5709,54
2014-05-01,어린이회관건너1,3138,5858
2014-05-01,어린이회관건너2,45,481
2014-05-01,어린이회관앞,7646,3503
2014-05-01,에이스이노텍건너,151,19
2014-05-01,에이스이노텍앞,439,206
2014-05-01,엑스코건너,5627,1738
2014-05-01,엑스코앞,17160,773
2014-05-01,엘디스리젠트호텔건너,6912,5757
2014-05-01,엘디스리젠트호텔앞,4994,7342
2014-05-01,여성메디파크,1040,567
2014-05-01,역전시장건너,6077,1189
2014-05-01,역전시장앞,6666,1000
2014-05-01,연경1,82,44
2014-05-01,연경2,751,6
2014-05-01,연암네거리1,21048,3817
2014-05-01,연암네거리2,4401,426
2014-05-01,연암네거리3,181,2652
2014-05-01,연젓마을건너,30,1
2014-05-01,연젓마을입구,4,10
2014-05-01,연호동,0,9
2014-05-01,연호동(종점),56,4
2014-05-01,연호동화훼단지1,4615,3382
2014-05-01,연호동화훼단지2,14071,861
2014-05-01,연호역(3번출구),91,6
2014-05-01,연호역(3번출구)건너,0,40
2014-05-01,연호지,410,527
2014-05-01,연호지건너,353,6703
2014-05-01,연화리1,3,9
2014-05-01,연화리2,0,292
2014-05-01,열병합발전소건너,4,0
2014-05-01,열병합발전소앞,2,0
2014-05-01,영남고등학교건너,19944,21683
2014-05-01,영남고등학교앞,43299,3807
2014-05-01,영남네오빌건너,1324,51
2014-05-01,영남네오빌비스타,1230,313
2014-05-01,영남네오빌앞,355,593
2014-05-01,영남농업연구소콩연구,1,7
2014-05-01,영남우방타운1차건너,4505,430
2014-05-01,영남우방타운1차앞,6583,367
2014-05-01,영남이공대학건너,17523,3940
2014-05-01,영남이공대학앞,33733,1476
2014-05-01,영남일보건너,4191,632
2014-05-01,영남종합전기,506,104
2014-05-01,영대병원역,46341,3978
2014-05-01,영대병원역(3번출구),38705,17018
2014-05-01,영일무역건너,518,9
2014-05-01,영일무역앞,91,86
2014-05-01,영조아파트건너,7,37
2014-05-01,영조아파트앞,2680,5
2014-05-01,영진고등학교건너,26154,2989
2014-05-01,영진고등학교앞,49588,20140
2014-05-01,영진교통(종점),746,21
2014-05-01,영진산업,350,7
2014-05-01,영진전문대학정문건너,12943,2128
2014-05-01,영진전문대학정문앞,23267,4101
2014-05-01,영진전문대학후문건너,35716,6129
2014-05-01,영진전문대학후문앞,47240,15805
2014-05-01,영화,699,118
2014-05-01,예현2리마을회관,331,2
2014-05-01,오뚜기물류센터,203,5
2014-05-01,오설리,2,0
2014-05-01,오성아파트,269,6156
2014-05-01,오페라삼정그린코아APT,17584,3108
2014-05-01,오페라하우스건너,1512,461
2014-05-01,오페라하우스앞,1322,413
2014-05-01,옥분리(구진터),180,3
2014-05-01,옥분리1,33,41
2014-05-01,옥분리마을회관앞,337,1
2014-05-01,옥산정미소,400,3
2014-05-01,옥연지,0,2
2014-05-01,옥연지건너,59,92
2014-05-01,옥포간경리1,1696,1005
2014-05-01,옥포간경리2,9722,527
2014-05-01,옥포농협,268,25
2014-05-01,옥포농협강림지소건너,1061,648
2014-05-01,옥포농협강림지소앞,6163,96
2014-05-01,옥포농협건너,5607,137
2014-05-01,옥포농협앞,1057,290
2014-05-01,옥포무지개마을,4520,94
2014-05-01,옥포주유소앞,211,113
2014-05-01,옥포중앙교회앞,130,46
2014-05-01,옥포초등학교건너,857,751
2014-05-01,옥포초등학교앞,5599,755
2014-05-01,올림픽기념관건너,9580,4223
2014-05-01,올림픽기념관앞,16501,2545
2014-05-01,와룡공원건너,446,699
2014-05-01,와룡공원앞,976,186
2014-05-01,와룡시장,7536,387
2014-05-01,와룡시장건너,2756,678
2014-05-01,용계동1,15,24
2014-05-01,용계동2,575,849
2014-05-01,용계동3,3472,241
2014-05-01,용계동4,473,227
2014-05-01,용계삼거리1,11375,11395
2014-05-01,용계삼거리2,3844,2751
2014-05-01,용계삼거리3,829,686
2014-05-01,용계삼거리4,537,1046
2014-05-01,용계역(1번출구),21391,4385
2014-05-01,용계역(2번출구),5472,1139
2014-05-01,용산1동주민센터건너,9157,3776
2014-05-01,용산1동주민센터앞,4794,1728
2014-05-01,용산2동주민센터건너,5258,2827
2014-05-01,용산2동주민센터앞,39365,2678
2014-05-01,용산네거리1,30187,4783
2014-05-01,용산네거리2,65695,17313
2014-05-01,용산역,1736,127
2014-05-01,용산역(1번출구),1263,366
2014-05-01,용산역(2번출구),45615,6985
2014-05-01,용산종합큰시장건너,14702,997
2014-05-01,용산종합큰시장앞,7224,1821
2014-05-01,용수동1,1,4
2014-05-01,용수동2,188,0
2014-05-01,용연사,491,7
2014-05-01,용연사시설집단지구건너,149,0
2014-05-01,용연사시설집단지구앞,81,15
2014-05-01,우록리(부곡장식당),6,9
2014-05-01,우록리(선흥사입구),10,33
2014-05-01,우록리(종점),17499,8109
2014-05-01,우방강촌마을건너,36457,1473
2014-05-01,우방강촌마을앞,14374,2689
2014-05-01,우방금탑아파트(서편),3313,7424
2014-05-01,우방드림시티건너,3008,5016
2014-05-01,우방드림시티앞,8812,1551
2014-05-01,우방만촌하이츠건너,5637,2869
2014-05-01,우방만촌하이츠앞,6145,4218
2014-05-01,우방송현하이츠,864,148
2014-05-01,우방송현하이츠건너,230,38
2014-05-01,우방신천지타운건너,3860,611
2014-05-01,우방신천지타운앞,14248,3095
2014-05-01,우방아파트삼거리,311,280
2014-05-01,우방죽전타운건너,11529,4929
2014-05-01,우방죽전타운앞1,8403,1028
2014-05-01,우방죽전타운앞2,2501,389
2014-05-01,우방청솔맨션건너,13374,2728
2014-05-01,우방청솔맨션앞,17452,21234
2014-05-01,욱수초등학교건너,6456,2885
2014-05-01,욱수초등학교앞,43251,1331
2014-05-01,운암지공원1,486,4
2014-05-01,운암지공원2,16,269
2014-05-01,운암초등학교건너,13083,1030
2014-05-01,운암초등학교앞,13074,71
2014-05-01,웃갈미마을건너,244,22
2014-05-01,웃갈미마을앞,9,20
2014-05-01,웃는얼굴아트센터1,1217,35
2014-05-01,웃는얼굴아트센터2,726,77
2014-05-01,원대네거리,1165,149
2014-05-01,원대시장건너,24025,3145
2014-05-01,원대시장건너2,1889,586
2014-05-01,원대시장앞,16260,6777
2014-05-01,원대역1,15073,24965
2014-05-01,원대역2,21546,3559
2014-05-01,원대오거리북편1,2585,2601
2014-05-01,원대오거리북편2,881,390
2014-05-01,원불교앞,907,858
2014-05-01,월곡네거리,221,722
2014-05-01,월광수변공원,4549,302
2014-05-01,월드컵삼거리,853,248
2014-05-01,월드컵삼거리앞,841,934
2014-05-01,월배농협대덕지점건너,3838,547
2014-05-01,월배시장건너,16768,6022
2014-05-01,월배시장앞,18528,2123
2014-05-01,월배쌍용예가건너,1477,3
2014-05-01,월배쌍용예가앞,9,60
2014-05-01,월배역(3번출구),11673,10134
2014-05-01,월배역(4번출구),11359,3514
2014-05-01,월배이안아파트건너,144,0
2014-05-01,월배이안아파트앞,35,32
2014-05-01,월배중학교건너,1927,1617
2014-05-01,월배중학교앞,815,833
2014-05-01,월배차량기지건너,1,31
2014-05-01,월배차량기지앞,138,10
2014-05-01,월배초등학교건너,9966,3674
2014-05-01,월배힐스테이트건너,2157,33
2014-05-01,월배힐스테이트앞,9,143
2014-05-01,월성1동주민센터건너,8196,1850
2014-05-01,월성1동주민센터앞,4884,216
2014-05-01,월성2동주민센터건너,18947,2340
2014-05-01,월성2동주민센터앞,35438,3084
2014-05-01,월성e-편한세상건너,19281,2960
2014-05-01,월성e-편한세상앞,991,2627
2014-05-01,월성영남맨션앞,930,371
2014-05-01,월성자이앞,96,392
2014-05-01,월성주공2단지앞,13211,2008
2014-05-01,월성주공3단지,1875,1023
2014-05-01,월성주공4단지건너,44201,4621
2014-05-01,월성주공4단지앞1,3196,315
2014-05-01,월성주공4단지앞2,22966,4049
2014-05-01,월성주공5단지앞,8349,5942
2014-05-01,월성청구코아건너,28387,2074
2014-05-01,월성청구코아앞,20370,5044
2014-05-01,월성코오롱하늘채건너,365,93
2014-05-01,월성코오롱하늘채앞,4085,313
2014-05-01,월성푸르지오앞,21295,3437
2014-05-01,월암교1,1061,6
2014-05-01,월암교2,285,56
2014-05-01,월촌고가교1,382,451
2014-05-01,월촌고가교2,2184,235
2014-05-01,월촌역(6번출구),23636,2173
2014-05-01,월촌역(7번출구),9380,4456
2014-05-01,월촌초등학교건너,1521,227
2014-05-01,월촌초등학교앞,1790,915
2014-05-01,위남마을입구,4000,574
2014-05-01,위천1리건너,467,26
2014-05-01,위천1리앞,1808,77
2014-05-01,위천삼거리(논공방향),616,67
2014-05-01,위천삼거리(현풍방향),203,138
2014-05-01,유가사(종점),869,44
2014-05-01,유가차천,2025,142
2014-05-01,유가차천1,325,488
2014-05-01,유곡리,2,0
2014-05-01,유곡리(회차지),29,4
2014-05-01,유니버시아드레포츠센터건너,3513,1561
2014-05-01,유니버시아드레포츠센터앞,155,213
2014-05-01,유니버시아드선수촌2단지건너,15235,5328
2014-05-01,유니버시아드선수촌2단지앞,3906,853
2014-05-01,유림물산,1789,307
2014-05-01,유림한의원건너,827,282
2014-05-01,유산리,156,13
2014-05-01,유신섬유네거리1,834,147
2014-05-01,유신섬유네거리2,3675,26
2014-05-01,유천교(유천치안센터건너),12355,7105
2014-05-01,유천교(유천치안센터앞),22962,13468
2014-05-01,유천교1,14590,402
2014-05-01,유천교2,553,4797
2014-05-01,유천포스코건너,3308,168
2014-05-01,유천포스코앞,4925,7527
2014-05-01,유통단지회차지,771,156
2014-05-01,유통단지회차지2,3864,19
2014-05-01,육상진흥센터건너,398,103
2014-05-01,육상진흥센터앞,267,248
2014-05-01,육신사,169,9
2014-05-01,율원초등학교건너,8,1753
2014-05-01,율원초등학교앞,4199,126
2014-05-01,율하역,909,3797
2014-05-01,율하역(4번출구),13568,2203
2014-05-01,율하역(5번출구),11215,1069
2014-05-01,율하휴먼시아15단지앞,10194,5076
2014-05-01,율하휴먼시아5단지건너,151,214
2014-05-01,율하휴먼시아5단지앞,2806,652
2014-05-01,율하휴먼시아6단지건너,1523,776
2014-05-01,율하휴먼시아6단지앞,12684,636
2014-05-01,율하휴먼시아8단지앞,10209,300
2014-05-01,율하휴먼시아9단지앞,1625,546
2014-05-01,은하타운건너,1027,1095
2014-05-01,은하타운앞,1423,2213
2014-05-01,은행APT입구,583,389
2014-05-01,읍내동주민센터건너,6709,2320
2014-05-01,읍내동주민센터앞,458,74
2014-05-01,응암1리1,60,14
2014-05-01,응암1리2,22,0
2014-05-01,응암2리,1,1
2014-05-01,응암2리건너,25,141
2014-05-01,응암2리앞,1,89
2014-05-01,응암3리1,8,1
2014-05-01,응암3리2,6,0
2014-05-01,이곡1동주민센터건너,9835,836
2014-05-01,이곡1동주민센터앞,4345,2919
2014-05-01,이곡마을,393,25
2014-05-01,이곡양수장건너,79,72
2014-05-01,이곡양수장앞,240,842
2014-05-01,이곡장미공원건너,5163,1006
2014-05-01,이곡장미공원앞,4889,1038
2014-05-01,이마트경산점,9175,3853
2014-05-01,이마트반야월점건너,1837,275
2014-05-01,이마트반야월점앞,3409,1042
2014-05-01,이마트시지점건너,5041,1495
2014-05-01,이마트시지점앞,465,581
2014-05-01,이마트월배점건너,282,2650
2014-05-01,이마트월배점앞,8678,992
2014-05-01,이마트칠성점앞,2679,1484
2014-05-01,이마트트레이더스건너,16672,3221
2014-05-01,이마트트레이더스앞,19029,5401
2014-05-01,이시아폴리스더샵1단지,45592,1287
2014-05-01,이시아폴리스더샵2단지,4164,1226
2014-05-01,이월드(구.우방랜드)건너,1768,146
2014-05-01,이월드(구.우방랜드)앞,703,172
2014-05-01,이월드(구.우방랜드)정문,8594,7752
2014-05-01,이월드(구.우방랜드)후문건너,3065,1607
2014-05-01,이월드(구.우방랜드)후문앞,2059,436
2014-05-01,이천동,16,23
2014-05-01,이천동(종점),78,0
2014-05-01,이천리(시내방향),178,3
2014-05-01,이천리(시외방향),98,0
2014-05-01,이천새마을금고건너,10326,621
2014-05-01,이천치안센터건너,1843,2831
2014-05-01,이현고개삼거리,5,3
2014-05-01,이현삼거리1,95,229
2014-05-01,이현삼거리2,1116,104
2014-05-01,이현삼거리3,3377,1242
2014-05-01,이현자동차검사소건너,1857,425
2014-05-01,이현자동차검사소앞,912,111
2014-05-01,이현지구대건너,850,402
2014-05-01,이현지구대앞,485,188
2014-05-01,인동촌시장건너,3186,2512
2014-05-01,인동촌시장입구,14228,760
2014-05-01,인산마을건너,1331,10
2014-05-01,인산마을앞,40,113
2014-05-01,인지초등학교입구,6,1
2014-05-01,인터불고호텔,410,76
2014-05-01,일심제약,180,30
2014-05-01,입석중학교건너,11085,3437
2014-05-01,입석중학교앞,5688,2178
2014-05-01,잉꼬아파트건너,764,184
2014-05-01,잉꼬아파트앞,1852,1532
2014-05-01,자모공원,75,0
2014-05-01,장관빌라건너,1634,108
2014-05-01,장관빌라앞,1202,147
2014-05-01,장기영남네오빌,64,36
2014-05-01,장기초등학교,1324,323
2014-05-01,장기초등학교1,22,47
2014-05-01,장기초등학교2,26,7
2014-05-01,장기초록나라건너,3497,4052
2014-05-01,장기초록나라앞,7028,466
2014-05-01,장기파랑새마을앞,74,77
2014-05-01,장동초등학교건너,3909,17
2014-05-01,장동초등학교앞,152,762
2014-05-01,장산초등학교건너,489,45
2014-05-01,장산초등학교앞,1290,123
2014-05-01,장성초등학교건너,1224,9218
2014-05-01,장성초등학교앞,770,2315
2014-05-01,장태실마을건너,615,131
2014-05-01,장태실마을앞,19,19
2014-05-01,적십자혈액원건너,4105,725
2014-05-01,적십자혈액원앞,2908,1019
2014-05-01,전기안전공사건너,1454,1646
2014-05-01,전기안전공사앞,3574,378
2014-05-01,전기재료관1,416,550
2014-05-01,전기재료관2,127,331
2014-05-01,전자관,4988,1231
2014-05-01,전자상가,12122,1989
2014-05-01,정대2리(마내미골)종점,9138,4495
2014-05-01,정대2리(잿들마을)앞,13,6
2014-05-01,정대2리마을회관앞,3,7
2014-05-01,정대숲건너,0,3
2014-05-01,정동고등학교건너,6479,2338
2014-05-01,정동고등학교앞,12326,744
2014-05-01,정부대구지방합동청사건너,627,46
2014-05-01,정부대구지방합동청사앞,253,104
2014-05-01,정부대구지방합동청사후문1,1407,851
2014-05-01,정화우방팔레스,16270,6138
2014-05-01,정화우방팔레스건너,30102,3252
2014-05-01,제일규산,1055,25
2014-05-01,제일여자상업고등학교건너,20372,7169
2014-05-01,제일여자상업고등학교앞,24336,3179
2014-05-01,조달청건너,3927,2146
2014-05-01,조달청앞,9378,860
2014-05-01,조암네거리1,337,39
2014-05-01,조암네거리2,813,717
2014-05-01,조암초등학교건너,26,7
2014-05-01,조암초등학교앞,193,20
2014-05-01,조야동(종점),13044,648
2014-05-01,조일로봇고등학교(종점),9330,679
2014-05-01,주1리1,14,14
2014-05-01,주1리2,664,92
2014-05-01,주2리(최정사입구),6,19
2014-05-01,주2리1,315,0
2014-05-01,주리(삼진식당),9,23
2014-05-01,죽곡2지구1,12,1
2014-05-01,죽곡2지구2,1,61
2014-05-01,죽전119안전센터건너,4420,2142
2014-05-01,죽전119안전센터앞,5841,807
2014-05-01,죽전그린빌건너,4208,2955
2014-05-01,죽전그린빌앞,13521,1262
2014-05-01,죽전네거리1,37635,5464
2014-05-01,죽전네거리2,20072,8299
2014-05-01,중구보건소건너,3740,7036
2014-05-01,중구보건소앞,2455,1823
2014-05-01,중구청건너,29532,4911
2014-05-01,중구청앞,30978,16959
2014-05-01,중대1동회관앞,2841,3
2014-05-01,중동교1,4808,8387
2014-05-01,중동교2,1359,202
2014-05-01,중동네거리1,5848,1212
2014-05-01,중동네거리2,3594,6262
2014-05-01,중동서울아파트건너,350,104
2014-05-01,중동서울아파트앞,20,0
2014-05-01,중동시장건너,18802,6349
2014-05-01,중동시장앞,25539,2200
2014-05-01,중동주민센터건너,658,108
2014-05-01,중동주민센터앞,437,279
2014-05-01,중동치안센터건너,1777,168
2014-05-01,중동치안센터앞,527,182
2014-05-01,중리광명맨션건너,16985,1638
2014-05-01,중리광명맨션앞,10472,2026
2014-05-01,중리네거리1,6870,1601
2014-05-01,중리네거리2,7105,1513
2014-05-01,중리롯데캐슬건너,11634,6909
2014-05-01,중리롯데캐슬서편,5492,1802
2014-05-01,중리롯데캐슬앞,19116,2366
2014-05-01,중리롯데캐슬정문앞,651,117
2014-05-01,중리마을,2986,3
2014-05-01,중리삼거리1,14,185
2014-05-01,중리삼거리2,1838,7
2014-05-01,중리시장건너1,375,183
2014-05-01,중리시장건너2,614,222
2014-05-01,중리시장앞,7940,1391
2014-05-01,중리중학교,874,84
2014-05-01,중마을(갓바위방향),197,1094
2014-05-01,중마을(시내방향),344,2
2014-05-01,중부소방서건너,2280,1456
2014-05-01,중부소방서앞,7925,1893
2014-05-01,중석타운건너,76,454
2014-05-01,중석타운앞,13072,209
2014-05-01,중소기업관건너,68,760
2014-05-01,중소기업관앞,1389,147
2014-05-01,중소기업지원센터,473,100
2014-05-01,중심마을,184,41
2014-05-01,중앙일보건너,1585,983
2014-05-01,중앙일보앞,5319,111
2014-05-01,지묘동1,4302,576
2014-05-01,지묘동2,11011,143
2014-05-01,지묘초등학교건너,8531,390
2014-05-01,지묘초등학교앞,869,194
2014-05-01,지산2길입구,257,2
2014-05-01,지산2길입구건너,153,2
2014-05-01,지산동서맨션건너,7440,1552
2014-05-01,지산동서맨션앞,22515,904
2014-05-01,지산목련아파트건너,25938,1578
2014-05-01,지산목련아파트앞,12771,2844
2014-05-01,지산시영아파트1단지건너,2495,1629
2014-05-01,지산시영아파트1단지앞,7377,249
2014-05-01,지산영남맨션앞,3432,2172
2014-05-01,지산우방아파트,6108,1108
2014-05-01,지산중학교입구,516,344
2014-05-01,지산청구타운건너,2843,2523
2014-05-01,지산청구타운앞,22040,867
2014-05-01,지산타운건너,30363,866
2014-05-01,지산타운앞,3163,6608
2014-05-01,지산한라타운건너,22288,486
2014-05-01,지산한라타운앞,3394,3173
2014-05-01,지산현대주택건너,5669,2667
2014-05-01,지산현대주택앞,17052,1971
2014-05-01,지산화성파크드림,1875,750
2014-05-01,지저동행정복지센터건너,21851,3073
2014-05-01,지저동행정복지센터앞,5636,1180
2014-05-01,진달래아파트건너,10708,3600
2014-05-01,진달래아파트앞,15581,4852
2014-05-01,진월초등학교건너,1313,982
2014-05-01,진월초등학교앞,548,745
2014-05-01,진인동(양지마을)건너,9,35
2014-05-01,진인동(양지마을)앞,134,12
2014-05-01,진인동(진정마을)1,95,23
2014-05-01,진인동(진정마을)2,38,7
2014-05-01,진정마을1,1442,8
2014-05-01,진정마을2,93,41
2014-05-01,진천역(1번출구),38822,6625
2014-05-01,진천역(2번출구),23550,7599
2014-05-01,진천청구타운건너,1017,559
2014-05-01,진천청구타운앞,3799,374
2014-05-01,징리보건소,46,3
2014-05-01,차량등록사업소건너,382,841
2014-05-01,차량등록사업소앞,797,189
2014-05-01,창1리1,1,0
2014-05-01,창1리2,87,47
2014-05-01,천내영남맨션,10,0
2014-05-01,첨단의료산업진흥재단건너,177,7
2014-05-01,첨단의료산업진흥재단앞,7,136
2014-05-01,청구고등학교건너,18648,2453
2014-05-01,청구고등학교앞,26804,5488
2014-05-01,청구그린맨션1차건너,12035,2342
2014-05-01,청구그린맨션1차앞,17657,2996
2014-05-01,청구시장건너,7316,431
2014-05-01,청구시장건너2,534,277
2014-05-01,청구시장북편,2937,369
2014-05-01,청구시장북편건너,3972,498
2014-05-01,청구시장앞,6897,1191
2014-05-01,청구중동아파트,406,688
2014-05-01,청구타운건너,1633,1555
2014-05-01,청구타운앞,1541,345
2014-05-01,청기와주유소건너,23852,4837
2014-05-01,청기와주유소앞,21150,3516
2014-05-01,청남타운건너,1568,68
2014-05-01,청남타운앞,463,591
2014-05-01,청백다례원,1499,1403
2014-05-01,청소년수련원건너,433,129
2014-05-01,청소년수련원앞,668,562
2014-05-01,청아람푸르지오2단지1,4,21
2014-05-01,청아람푸르지오2단지2,137,7
2014-05-01,청운맨션건너,1378,395
2014-05-01,청운맨션앞,1048,694
2014-05-01,초곡리입구건너,19,12
2014-05-01,초곡리입구앞,46,37
2014-05-01,충혼탑건너,6284,95
2014-05-01,충혼탑앞,59,702
2014-05-01,측백수림건너,712,1
2014-05-01,측백수림앞,3,17
2014-05-01,칠곡2차영남타운건너,4089,472
2014-05-01,칠곡2차영남타운앞,5505,656
2014-05-01,칠곡3차보성타운1,1419,391
2014-05-01,칠곡3차보성타운2,9475,506
2014-05-01,칠곡3차화성타운1,6706,93
2014-05-01,칠곡3차화성타운2,11058,247
2014-05-01,칠곡3차화성타운3,55,312
2014-05-01,칠곡경대병원역,18,497
2014-05-01,칠곡경북대병원,1014,243
2014-05-01,칠곡경북대병원정문건너,370,399
2014-05-01,칠곡경북대병원정문앞,5033,34
2014-05-01,칠곡경북대병원후문건너,5613,255
2014-05-01,칠곡경북대병원후문앞,296,4
2014-05-01,칠곡그린빌2차건너,11953,413
2014-05-01,칠곡그린빌2차앞,22710,1664
2014-05-01,칠곡그린빌3차건너,19148,392
2014-05-01,칠곡그린빌3차앞,420,1359
2014-05-01,칠곡그린빌5단지건너,3021,246
2014-05-01,칠곡그린빌5단지앞,2930,1341
2014-05-01,칠곡그린빌6단지건너,1048,198
2014-05-01,칠곡그린빌6단지앞,275,64
2014-05-01,칠곡그린파크1,10425,2858
2014-05-01,칠곡그린파크2,25467,1186
2014-05-01,칠곡네스빌,166,172
2014-05-01,칠곡대백맨션건너,6164,79
2014-05-01,칠곡대백맨션앞,266,668
2014-05-01,칠곡동화아파트건너,3946,2569
2014-05-01,칠곡동화아파트앞,20939,2171
2014-05-01,칠곡롯데아파트건너,38,245
2014-05-01,칠곡롯데아파트앞,6061,28
2014-05-01,칠곡부영1단지,4562,359
2014-05-01,칠곡서한맨션,1233,9
2014-05-01,칠곡서한맨션앞,183,398
2014-05-01,칠곡시장건너,15306,1124
2014-05-01,칠곡시장앞,2811,2382
2014-05-01,칠곡에덴타운건너,36038,9943
2014-05-01,칠곡에덴타운앞,28875,4523
2014-05-01,칠곡우방타운건너(종점),413,18
2014-05-01,칠곡우방타운건너(종점),3722,6
2014-05-01,칠곡우방타운앞(종점),2283,172
2014-05-01,칠곡주공그린빌1단지건너,2676,584
2014-05-01,칠곡주공그린빌1단지앞,10899,381
2014-05-01,칠곡중학교건너(칠곡향교건너),1731,717
2014-05-01,칠곡중학교앞(칠곡향교앞),22596,1182
2014-05-01,칠곡청구타운건너,446,649
2014-05-01,칠곡청구타운앞,4475,192
2014-05-01,칠곡초등학교건너,152,543
2014-05-01,칠곡초등학교앞,2423,246
2014-05-01,칠곡한라타운건너,5309,61
2014-05-01,칠곡한라타운앞,45,527
2014-05-01,칠곡한서타운건너,12253,1343
2014-05-01,칠곡한신아파트건너,2324,361
2014-05-01,칠곡한신아파트앞1,11439,1059
2014-05-01,칠곡한신아파트앞2,1159,191
2014-05-01,칠곡화성타운건너,9446,186
2014-05-01,칠곡화성타운앞1,8601,2524
2014-05-01,칠곡화성타운앞2,2504,837
2014-05-01,칠성고가도로하단,612,49
2014-05-01,칠성꽃도매시장건너,899,1366
2014-05-01,칠성꽃도매시장앞,2136,2213
2014-05-01,칠성시장(농협건너),95,206
2014-05-01,칠성시장(농협앞),1494,274
2014-05-01,칠성시장(양친회신협),1,63
2014-05-01,칠성시장(전자상가건너),6344,460
2014-05-01,칠성시장(전자상가앞),1960,1119
2014-05-01,칠성시장건너,46444,22418
2014-05-01,칠성시장앞1,2346,6094
2014-05-01,칠성시장역(서문프라자건너),4062,6626
2014-05-01,칠성시장역(서문프라자앞),29809,2842
2014-05-01,칠성우방타운,741,249
2014-05-01,침산3동주민센터,14459,1297
2014-05-01,침산남영타운건너,3511,2346
2014-05-01,침산남영타운앞,8125,532
2014-05-01,침산네거리1,11862,1349
2014-05-01,침산네거리2,19357,3835
2014-05-01,침산동화타운건너,7175,180
2014-05-01,침산동화타운앞,492,1076
2014-05-01,침산변전소건너,12151,3589
2014-05-01,침산변전소앞,10804,2083
2014-05-01,침산쌍용예가아파트앞,912,1254
2014-05-01,침산중학교건너,3070,234
2014-05-01,침산중학교앞,5986,570
2014-05-01,침산초등학교건너,5398,1163
2014-05-01,침산초등학교앞,1340,1037
2014-05-01,침산초등학교후문,446,24
2014-05-01,침산코오롱하늘채건너,9173,1982
2014-05-01,침산코오롱하늘채앞,25530,4293
2014-05-01,캐슬골드파크(1102동),21056,2008
2014-05-01,캐슬골드파크(1504동),15495,3048
2014-05-01,케이에스건너,4,36
2014-05-01,케이에스앞,693,20
2014-05-01,코스트코홀세일건너/복현화성타운앞,5657,4437
2014-05-01,코스트코홀세일앞/복현화성타운건너,50394,3094
2014-05-01,코오롱아파트,21860,1671
2014-05-01,퀸벨호텔건너,20584,3129
2014-05-01,퀸벨호텔앞,10785,7239
2014-05-01,퀸스로드건너,2245,3263
2014-05-01,퀸스로드건너(동편),14266,2478
2014-05-01,퀸스로드앞,5162,1074
2014-05-01,퀸스로드앞(동편),17265,4259
2014-05-01,크리스탈호텔앞,1602,476
2014-05-01,큰고개1,4751,13373
2014-05-01,큰고개2,9467,4313
2014-05-01,큰고개오거리1,23422,1432
2014-05-01,큰고개오거리2,5609,14372
2014-05-01,큰장네거리1,84278,13687
2014-05-01,큰장네거리2,46449,22625
2014-05-01,큰장네거리3,23254,7665
2014-05-01,큰장네거리4,42395,15547
2014-05-01,태성맨션건너,31,107
2014-05-01,태성맨션앞,3063,2033
2014-05-01,태왕그린힐즈건너,190,635
2014-05-01,태왕그린힐즈앞1,126,563
2014-05-01,태왕그린힐즈앞2,3202,31
2014-05-01,태왕메트로시티건너,6567,2592
2014-05-01,태왕메트로시티앞,4445,2236
2014-05-01,태왕아너스베스트앞,5916,246
2014-05-01,태왕아너스복현건너,3534,1591
2014-05-01,태왕아너스복현앞,9458,1649
2014-05-01,태전두성타운건너,5510,1153
2014-05-01,태전두성타운앞,1998,493
2014-05-01,태전삼거리1,17236,10502
2014-05-01,태전삼거리2,40416,7652
2014-05-01,태전역1,15814,8596
2014-05-01,태전우방타운1차,566,36
2014-05-01,태전육교1,820,63
2014-05-01,태전육교2,250,43
2014-05-01,태전중석타운,1292,45
2014-05-01,태전중석타운건너,1197,347
2014-05-01,태전중앙시장건너,2391,1529
2014-05-01,태전중앙시장앞,11163,3759
2014-05-01,태전휴먼시아,1523,73
2014-05-01,태평상가건너,6383,6993
2014-05-01,태평상가앞1,6238,7303
2014-05-01,태평상가앞2,270,192
2014-05-01,태현초등학교앞,12842,183
2014-05-01,터실마을,7,0
2014-05-01,텍스빌,10864,1657
2014-05-01,토지주택공사건너,3700,1644
2014-05-01,토지주택공사앞,11668,1172
2014-05-01,퇴계마을건너,3,2
2014-05-01,파계교,452,370
2014-05-01,파계사(종점),11337,756
2014-05-01,파군재삼거리1,1303,3491
2014-05-01,파군재삼거리2,1243,1069
2014-05-01,파동1차시장건너,1835,1210
2014-05-01,파동1차시장앞,11407,587
2014-05-01,파동우체국앞,913,666
2014-05-01,파동청구하이츠,8016,353
2014-05-01,파크맨션건너,13291,2976
2014-05-01,파크맨션앞,8943,2774
2014-05-01,파티마병원건너1,24438,12539
2014-05-01,파티마병원건너2,3376,2502
2014-05-01,팔거역3,458,133
2014-05-01,팔거역4,1234,127
2014-05-01,팔공3차보성타운건너,1031,0
2014-05-01,팔공3차보성타운앞,168,279
2014-05-01,팔공3차보성타운후문,5778,161
2014-05-01,팔공보성아파트건너,1476,502
2014-05-01,팔공보성아파트앞,10076,735
2014-05-01,팔공산IC입구,521,4573
2014-05-01,팔공산맥건너,5663,843
2014-05-01,팔공산맥앞,997,294
2014-05-01,팔공학생야영장앞,480,1
2014-05-01,팔공학생야영장입구건너,12,4
2014-05-01,팔공학생야영장입구앞,210,135
2014-05-01,팔공한마음주유소,7,11
2014-05-01,팔공한마음주유소건너,89,1
2014-05-01,팔달시장건너,45997,7007
2014-05-01,팔달시장앞,49650,18217
2014-05-01,팔달시장역,52240,17688
2014-05-01,팔달신시장,30153,7185
2014-05-01,팔달신시장2,7338,1241
2014-05-01,팔달역2,549,1385
2014-05-01,팔달중학교건너,9734,243
2014-05-01,팔달중학교앞,5906,235
2014-05-01,팔달초등학교,171,429
2014-05-01,팔레스호텔건너,26942,7122
2014-05-01,팔레스호텔앞1,6366,1900
2014-05-01,팔레스호텔앞2,654,990
2014-05-01,팔현마을,56,5
2014-05-01,평광3차아파트,6087,75
2014-05-01,평광3차아파트건너,4368,369
2014-05-01,평광새마을금고,152,1
2014-05-01,평광종점,624,20
2014-05-01,평리1동주민센터건너,80,81
2014-05-01,평리1동주민센터앞,3175,168
2014-05-01,평리2동주민센터건너,15311,1706
2014-05-01,평리2동주민센터앞,4682,2105
2014-05-01,평리3동주민센터건너,2488,182
2014-05-01,평리6동주민센터앞,1859,586
2014-05-01,평리광명네거리,704,1910
2014-05-01,평리광명맨션건너,3002,801
2014-05-01,평리광명맨션앞,1072,412
2014-05-01,평리네거리1,17166,18314
2014-05-01,평리네거리2,19656,5455
2014-05-01,평리명성아파트건너,6178,1251
2014-05-01,평리명성아파트앞,4028,893
2014-05-01,평리중학교건너,1278,623
2014-05-01,평리중학교앞,2372,168
2014-05-01,평리청구타운건너,41011,12147
2014-05-01,평리청구타운앞,39556,10667
2014-05-01,평안,634,73
2014-05-01,평촌2리,3,4
2014-05-01,평촌리,77,0
2014-05-01,평현치안센터건너,6723,927
2014-05-01,평화시장(닭똥집골목)건너,31931,6241
2014-05-01,평화시장(닭똥집골목)앞,63006,12361
2014-05-01,평화씨엠비건너,1407,74
2014-05-01,평화씨엠비앞,174,141
2014-05-01,평화정공건너,764,265
2014-05-01,평화정공앞,881,55
2014-05-01,평화타운건너,25586,2258
2014-05-01,푸드웰건너,4214,96
2014-05-01,푸드웰앞,123,194
2014-05-01,푸르밀대구공장,63,0
2014-05-01,푸르밀대구공장건너,1,3
2014-05-01,풋살경기장(50사단),735,61
2014-05-01,풍국주정공업,1303,51
2014-05-01,하나원전문장례식장,6,4
2014-05-01,하리(약산온천)건너,321,41
2014-05-01,하목정(종점),2,6
2014-05-01,하빈농협건너,290,1
2014-05-01,하빈농협동곡지점1,79,13
2014-05-01,하빈농협동곡지점2,921,7
2014-05-01,하빈농협앞,18,10
2014-05-01,하빈농협입구,11,9
2014-05-01,하빈면사무소건너,203,2
2014-05-01,하빈면사무소앞,13,6
2014-05-01,하빈우체국건너,380,6
2014-05-01,하빈우체국앞,9,2
2014-05-01,하빈주유소앞,25,7
2014-05-01,하빈초등학교앞,351,1
2014-05-01,하산1리,650,19
2014-05-01,하산2리,201,1
2014-05-01,하산스무지(종점),179,4
2014-05-01,학남고등학교건너,2163,339
2014-05-01,학남고등학교앞,4998,349
2014-05-01,학남초등학교건너,93,871
2014-05-01,학남초등학교앞,3233,222
2014-05-01,학산아파트건너,42,33
2014-05-01,학산아파트앞,1,16
2014-05-01,학정청아람1,757,470
2014-05-01,학정청아람2,3271,46
2014-05-01,학정청아람건너,5822,391
2014-05-01,학정청아람앞,2850,386
2014-05-01,한가람타운건너,27256,8292
2014-05-01,한가람타운앞,23880,3671
2014-05-01,한걸고정마을,212,0
2014-05-01,한국감정원앞,574,16
2014-05-01,한국건강관리협회앞,8301,539
2014-05-01,한국국토정보공사건너,4112,7304
2014-05-01,한국국토정보공사앞,2644,879
2014-05-01,한국농어촌공사건너,26521,5675
2014-05-01,한국농어촌공사앞,23033,1306
2014-05-01,한국델파이건너,86,214
2014-05-01,한국델파이앞,1452,196
2014-05-01,한국도로공사건너,191,560
2014-05-01,한국도로공사앞,8317,59
2014-05-01,한국방송통신대학교건너,3340,804
2014-05-01,한국방송통신대학교앞,1114,494
2014-05-01,한국사학진흥재단(남편),13,56
2014-05-01,한국산업단지공단앞,115,212
2014-05-01,한국산업은행성서지점건너,197,1329
2014-05-01,한국산업은행성서지점앞,5385,63
2014-05-01,한국산업인력공단건너,3735,74
2014-05-01,한국산업인력공단앞,146,164
2014-05-01,한국생산기술연구원건너,23,8
2014-05-01,한국생산기술연구원앞,35,5
2014-05-01,한국클래드텍건너,500,7
2014-05-01,한국클래드텍앞,0,168
2014-05-01,한국타이어,318,1285
2014-05-01,한국타이어건너,232,44
2014-05-01,한국패션센터,2563,144
2014-05-01,한국폴리텍VI대구대학건너,20320,4167
2014-05-01,한국폴리텍VI대구대학앞,12192,10219
2014-05-01,한국폴리텍대학(섬유패션캠퍼스),200,1753
2014-05-01,한국환경자원공사,7,20
2014-05-01,한국환경자원공사건너,103,1
2014-05-01,한도아파트앞,10784,396
2014-05-01,한라하우젠트,1143,14
2014-05-01,한마음주유소건너,2866,528
2014-05-01,한마음주유소앞,2307,357
2014-05-01,한샘교회,5637,2086
2014-05-01,한샘교회건너,1382,936
2014-05-01,한서기전건너,496,71
2014-05-01,한서기전앞,198,13
2014-05-01,한양공작맨션건너,7,133
2014-05-01,한양공작맨션앞,1222,22
2014-05-01,한양산호아파트건너,6591,195
2014-05-01,한양산호아파트앞,875,32
2014-05-01,한양수정아파트,56,43
2014-05-01,한양코스모스아파트건너,63,110
2014-05-01,한양코스모스아파트앞,1486,290
2014-05-01,한전동대구지사,26494,4575
2014-05-01,한전동대구지사건너,17705,4481
2014-05-01,한전서대구지사건너,21800,11481
2014-05-01,한전서대구지사앞,18315,3969
2014-05-01,한정3리,27,2
2014-05-01,한정리(한정초교),52,0
2014-05-01,한정리(한정초교건너),1,1
2014-05-01,한화꿈에그린건너1,682,682
2014-05-01,한화꿈에그린앞,14653,3105
2014-05-01,함지초등학교건너,990,594
2014-05-01,함지초등학교앞,10262,229
2014-05-01,해랑교(시외방향),80,30
2014-05-01,해랑교1,0,4
2014-05-01,해랑교2,925,27
2014-05-01,해랑교건너,73,10
2014-05-01,해안동행정복지센터,293,163
2014-05-01,해안역(1번출구),9008,2020
2014-05-01,해안역(3번출구),8000,3359
2014-05-01,해안초등학교뒤,1,3
2014-05-01,행정1리앞,1,0
2014-05-01,행정2리건너,0,4
2014-05-01,행정리,721,26
2014-05-01,행정리(한천서원),19,0
2014-05-01,헬로TV대구방송건너,7616,3495
2014-05-01,헬로TV대구방송앞,7546,3185
2014-05-01,현내1리,202,2
2014-05-01,현내2리중방마을건너,165,0
2014-05-01,현대금속,1524,71
2014-05-01,현대메카닉스건너,129,2
2014-05-01,현대메카닉스앞,0,3
2014-05-01,현대백조아파트(북편),5414,269
2014-05-01,현대백조아파트건너,2784,291
2014-05-01,현대백조아파트앞,2868,707
2014-05-01,현대백화점.동아쇼핑건너,32527,9349
2014-05-01,현대백화점.동아쇼핑앞,42546,2725
2014-05-01,현대시장건너,13314,1176
2014-05-01,현대시장앞,2530,1973
2014-05-01,현대시장앞2,788,207
2014-05-01,현대해상건너,32278,17688
2014-05-01,현대해상앞,28348,6074
2014-05-01,현충로역(3번출구),34973,9601
2014-05-01,현충로역(4번출구),26551,11223
2014-05-01,현충삼거리1,541,413
2014-05-01,현충삼거리2,3397,232
2014-05-01,현풍고속도로밑,342,40
2014-05-01,현풍농협,3356,457
2014-05-01,현풍면사무소건너,0,2
2014-05-01,현풍면사무소앞,186,0
2014-05-01,현풍삼거리,9,41
2014-05-01,현풍새마을금고,7978,721
2014-05-01,현풍시외버스터미널,2332,480
2014-05-01,현풍운전시험장,568,7
2014-05-01,현풍주공아파트,36,11
2014-05-01,현풍주공아파트2,5,114
2014-05-01,현풍주공아파트앞,492,267
2014-05-01,현풍중고등학교,48,206
2014-05-01,현풍중고등학교건너,1399,118
2014-05-01,현풍터미널건너,1632,102
2014-05-01,현풍터미널앞,777,713
2014-05-01,현풍할매곰탕,1923,568
2014-05-01,현풍할매곰탕건너,820,208
2014-05-01,호산초등학교건너,9,38
2014-05-01,호산초등학교앞,188,624
2014-05-01,홈플러스내당점건너,11457,870
2014-05-01,홈플러스내당점앞,5403,4985
2014-05-01,홈플러스대구점건너,681,2192
2014-05-01,홈플러스대구점앞,23553,12062
2014-05-01,홈플러스동촌점건너,6523,3859
2014-05-01,홈플러스동촌점앞,13833,1324
2014-05-01,홈플러스칠곡점건너,10713,705
2014-05-01,홈플러스칠곡점앞,2992,945
2014-05-01,홍천사건너,1433,24
2014-05-01,홍천사입구,102,260
2014-05-01,화남초등학교건너,15,367
2014-05-01,화남초등학교앞,6427,593
2014-05-01,화동초등학교건너,934,159
2014-05-01,화동초등학교앞,908,83
2014-05-01,화랑교1,1525,5912
2014-05-01,화랑교2,12696,1089
2014-05-01,화성그랜드건너,429,253
2014-05-01,화성그랜드앞,208,101
2014-05-01,화성리버파크건너,6021,380
2014-05-01,화성리버파크앞,1391,547
2014-05-01,화성센트럴파크,5270,285
2014-05-01,화성쌍용타운건너,718,20
2014-05-01,화성쌍용타운앞1,1216,364
2014-05-01,화성쌍용타운앞2,4,44
2014-05-01,화성전문요양원건너,305,123
2014-05-01,화성전문요양원앞,1554,599
2014-05-01,화성파크뷰건너,7371,325
2014-05-01,화성파크뷰앞,809,2285
2014-05-01,화영테크건너,35,10
2014-05-01,화영테크앞,467,30
2014-05-01,화원고등학교(종점),891,54
2014-05-01,화원고등학교(종점)2,70,44
2014-05-01,화원고등학교건너,8835,823
2014-05-01,화원고등학교앞,1882,897
2014-05-01,화원농협주유소건너,1481,508
2014-05-01,화원농협주유소앞,7582,3511
2014-05-01,화원삼주타운건너,7305,374
2014-05-01,화원삼주타운앞,348,171
2014-05-01,화원시장건너,4024,489
2014-05-01,화원시장앞,122,505
2014-05-01,화원유원지(사문진주막촌),1071,59
2014-05-01,화원유원지건너,405,47
2014-05-01,화원유원지입구,5,2
2014-05-01,화원초등학교건너,23989,4031
2014-05-01,화원초등학교앞,38026,11666
2014-05-01,화전동1,15,82
2014-05-01,화전동2,800,6
2014-05-01,황금2동치안센터건너,1492,529
2014-05-01,황금2동치안센터앞,4445,301
2014-05-01,황금네거리1,31062,2571
2014-05-01,황금네거리2,9549,3835
2014-05-01,황금시장건너,211,86
2014-05-01,황금시장앞,1974,51
2014-05-01,황금우방1차건너,18251,2551
2014-05-01,황금우방1차앞,4542,2662
2014-05-01,황금초등학교건너,2007,1527
2014-05-01,황금초등학교앞,5447,256
2014-05-01,황제맨션건너,5932,5788
2014-05-01,황제맨션앞,5627,1315
2014-05-01,효동초등학교건너,4439,1098
2014-05-01,효동초등학교앞,10032,1204
2014-05-01,효목네거리1,11472,1164
2014-05-01,효목네거리2,2735,2621
2014-05-01,효목네거리3,11163,5255
2014-05-01,효성타운앞,18183,1051
2014-05-01,흥사단 대구지부건너,1979,253
2014-05-01,흥사단 대구지부앞,1330,2710
2014-05-01,흥성정공건너,354,11
2014-05-01,흥성정공앞,146,9
2014-05-01,희망교1,1263,120
2014-05-01,희성전자건너,26,18
2014-05-01,희성전자앞,438,65
2014-05-01,힐크레스트남문건너,732,150
2014-05-01,힐크레스트남문앞,143,1182
2014-05-01,힐크레스트입구,530,792
2014-06-01,(주)성안건너,25,120
2014-06-01,(주)영화건너,0,78
2014-06-01,(주)영화앞,569,0
2014-06-01,1차서한화성타운건너,355,99
2014-06-01,1차서한화성타운앞,563,70
2014-06-01,2.28기념중앙공원건너1,64782,13374
2014-06-01,2.28기념중앙공원건너2,21302,12028
2014-06-01,2.28기념중앙공원앞,137904,18139
2014-06-01,2차대자연맨션건너,2215,759
2014-06-01,2차대자연맨션앞,7745,893
2014-06-01,2차서한화성타운건너,35450,2189
2014-06-01,2차서한화성타운앞,18405,2941
2014-06-01,2호선반월당역1,26427,6014
2014-06-01,2호선반월당역2,15322,5504
2014-06-01,3공단새마을금고앞,4747,1465
2014-06-01,CGV대구한일건너,107344,18627
2014-06-01,CGV대구한일앞,31837,5411
2014-06-01,IHL건너,80,2
2014-06-01,IHL앞,47,9
2014-06-01,K-2입구,2341,699
2014-06-01,K2관사입구(종점),2066,49
2014-06-01,KT남대구지사건너1,10892,3294
2014-06-01,KT남대구지사건너2,1910,637
2014-06-01,KT남대구지사앞1,22997,7585
2014-06-01,KT남대구지사앞2,1310,2077
2014-06-01,KT동대구지사건너,24843,14262
2014-06-01,KT동대구지사앞,17556,2115
2014-06-01,KT북대구지사건너,3798,383
2014-06-01,KT북대구지사앞,6953,670
2014-06-01,KT상동지사건너,3219,245
2014-06-01,KT상동지사앞,1072,513
2014-06-01,KT서대구지사건너,22967,2682
2014-06-01,KT서대구지사앞,17588,6545
2014-06-01,LG물류센터건너,3568,1814
2014-06-01,LG물류센터앞,8766,4026
2014-06-01,LH5단지아파트앞,1366,106
2014-06-01,MBC네거리,8870,2745
2014-06-01,SK리더스뷰건너,13764,2310
2014-06-01,SK리더스뷰앞,5848,2101
2014-06-01,STX메탈건너,1372,4282
2014-06-01,STX메탈앞,69,490
2014-06-01,TBC건너,15572,641
2014-06-01,TBC앞,2976,2402
2014-06-01,TCN대구방송건너,2140,356
2014-06-01,TCN대구방송앞,3197,389
2014-06-01,㈜윔스건너,175,207
2014-06-01,㈜윔스앞,250,4
2014-06-01,가야농원,405,2
2014-06-01,가창농협건너,2356,2993
2014-06-01,가창농협앞,11385,365
2014-06-01,가창댐,9,5
2014-06-01,가창면사무소건너,5230,2062
2014-06-01,가창면사무소앞,10665,663
2014-06-01,가창중학교건너,1696,29
2014-06-01,가창중학교앞,163,151
2014-06-01,가창초등학교건너,4061,393
2014-06-01,가창초등학교앞,878,84
2014-06-01,가천동앞,86,4
2014-06-01,가천리,104,22
2014-06-01,가태리마을회관건너,251,2
2014-06-01,가태리마을회관앞,3,14
2014-06-01,각산역(1번출구),7843,1792
2014-06-01,각산역(2번출구),1759,1108
2014-06-01,갈실마을회관종점,499,8
2014-06-01,감문1리1,0,2
2014-06-01,감문1리2,428,1
2014-06-01,감문1리3,0,4
2014-06-01,감문1리4,17,0
2014-06-01,감삼네거리1,17982,6257
2014-06-01,감삼네거리2,58247,24110
2014-06-01,감삼초등학교건너,11542,1841
2014-06-01,감삼초등학교앞,8739,1129
2014-06-01,갓골건너,462,0
2014-06-01,갓골앞,4,20
2014-06-01,갓바위,24463,78
2014-06-01,강남약국건너,56676,12515
2014-06-01,강남약국앞1,28653,8110
2014-06-01,강남약국앞2,10211,1338
2014-06-01,강동중·고등학교,7,188
2014-06-01,강동중·고등학교건너,7821,8
2014-06-01,강변동서마을건너,6431,297
2014-06-01,강변동서마을앞,3686,1509
2014-06-01,강북경찰서건너,1478,943
2014-06-01,강북경찰서앞,2079,460
2014-06-01,강북중학교건너,94,1222
2014-06-01,강북중학교앞,9935,28
2014-06-01,강산아파트건너,4953,9343
2014-06-01,강산아파트앞,5529,1502
2014-06-01,강정(종점),6,1
2014-06-01,강정보(디아크문화관)건너,45,5
2014-06-01,강정보(디아크문화관)입구,246,4
2014-06-01,강창교1,4240,217
2014-06-01,강창교2,224,784
2014-06-01,강창역(1번출구),5543,694
2014-06-01,강창역(2번출구),23447,1022
2014-06-01,강창하이츠,8127,588
2014-06-01,거동교1,797,372
2014-06-01,거동교2,725,642
2014-06-01,건들바위건너,1288,826
2014-06-01,건들바위앞,726,1622
2014-06-01,건영아파트건너,14400,8032
2014-06-01,건영캐스빌건너,12208,1500
2014-06-01,건영캐스빌앞,887,904
2014-06-01,검단119안전센터(엑스코),73,55
2014-06-01,검단동대구축협앞,5338,39
2014-06-01,검단동주민센터1,701,21
2014-06-01,검단동주민센터2,1,161
2014-06-01,검단동주민센터건너,10786,79
2014-06-01,검단동주민센터앞,54,487
2014-06-01,검단상가아파트건너,140,26
2014-06-01,검단상가아파트앞,423,71
2014-06-01,검단유성아파트(서편),9809,1707
2014-06-01,검단유성아파트건너,5817,1141
2014-06-01,검단유성아파트앞,17677,4526
2014-06-01,경기장네거리1,4117,1636
2014-06-01,경기장네거리2,4100,458
2014-06-01,경대교2,4661,782
2014-06-01,경대교건너,972,140
2014-06-01,경대교앞,198,1001
2014-06-01,경대사대부설고등학교앞,24399,10634
2014-06-01,경대아파트건너,30534,2533
2014-06-01,경대아파트앞,9455,2234
2014-06-01,경덕여고,898,294
2014-06-01,경동산업앞,71,1
2014-06-01,경명여고건너,3610,609
2014-06-01,경명여고앞,2233,1554
2014-06-01,경북고교종점,2522,1479
2014-06-01,경북고등학교건너,14153,3544
2014-06-01,경북고등학교앞,21347,1528
2014-06-01,경북고등학교종점건너,155,12
2014-06-01,경북공고건너,8493,5067
2014-06-01,경북공고앞,11622,4545
2014-06-01,경북공무원교육원1,765,565
2014-06-01,경북공무원교육원2,25,23
2014-06-01,경북교통,6327,2046
2014-06-01,경북교통앞,2088,2139
2014-06-01,경북기계공고건너,11987,3649
2014-06-01,경북기계공고앞,11740,4939
2014-06-01,경북농업기술원건너,42,291
2014-06-01,경북농업기술원앞,246,17
2014-06-01,경북대체육센터건너,10091,823
2014-06-01,경북대체육센터앞,5021,4872
2014-06-01,경북대학교병원건너,23167,10163
2014-06-01,경북대학교병원앞,41058,9175
2014-06-01,경북대학교북문건너,79856,2154
2014-06-01,경북대학교북문앞,35836,7169
2014-06-01,경북대학교서문건너,10646,1290
2014-06-01,경북대학교서문앞,3596,997
2014-06-01,경북대학교정문건너,12330,3344
2014-06-01,경북대학교정문앞,30042,5841
2014-06-01,경북대학교치과병원,23740,10185
2014-06-01,경북아파트건너(고산동),19451,3506
2014-06-01,경북아파트건너(신천동),8221,13413
2014-06-01,경북아파트앞(고산동),13261,4490
2014-06-01,경북아파트앞(신천동),5760,3565
2014-06-01,경북여상건너,13038,9135
2014-06-01,경북여상앞,13440,3034
2014-06-01,경북크랑크,1853,18
2014-06-01,경상감영공원건너,112847,18807
2014-06-01,경상감영공원앞,85555,65490
2014-06-01,경상북도농업인회관,381,14
2014-06-01,경상여자고등학교건너,3724,424
2014-06-01,경상여자고등학교앞,9559,5510
2014-06-01,경서중학교건너,399,588
2014-06-01,경서중학교앞,3056,130
2014-06-01,경신고등학교건너,51916,6781
2014-06-01,경신고등학교앞,39937,11264
2014-06-01,경운초등학교건너,2017,972
2014-06-01,경운초등학교앞,5465,6396
2014-06-01,경원고등학교건너,576,53
2014-06-01,경원고등학교앞,1428,342
2014-06-01,경일여자중학교건너,16317,1673
2014-06-01,경일여자중학교앞,4503,1209
2014-06-01,경주최씨종가(종점),609,18
2014-06-01,경주최씨종가1,20,2
2014-06-01,경주최씨종가2,3,1
2014-06-01,경진테크빌앞,518,1392
2014-06-01,경창산업,1369,99
2014-06-01,경희강재건너,793,656
2014-06-01,경희강재앞,3479,87
2014-06-01,계명대대명캠퍼스후문건너,2319,562
2014-06-01,계명대역(1번출구),2300,1701
2014-06-01,계명대역(2번출구),7849,4923
2014-06-01,계명대학교대명캠퍼스건너,19067,5477
2014-06-01,계명대학교대명캠퍼스앞,22432,6309
2014-06-01,계명대학교대명캠퍼스후문앞,2127,528
2014-06-01,계명대학교동문건너1,6901,1131
2014-06-01,계명대학교동문건너2,31037,8172
2014-06-01,계명대학교동문앞,23800,6472
2014-06-01,계명대학교정문건너,33512,1400
2014-06-01,계명대학교정문앞,5569,2556
2014-06-01,계명문화대학건너,9351,1005
2014-06-01,계명문화대학앞,16294,12560
2014-06-01,고모동입구,3169,2073
2014-06-01,고모역건너,297,111
2014-06-01,고모역앞,103,24
2014-06-01,고봉리,24,3
2014-06-01,고산2동주민센터건너,11689,3194
2014-06-01,고산2동주민센터앞,22238,798
2014-06-01,고산골입구,6977,935
2014-06-01,고산농협창고건너,868,201
2014-06-01,고산농협창고앞,369,3347
2014-06-01,고산도서관,19500,9339
2014-06-01,고산정수사업소건너,2738,828
2014-06-01,고성아파트(서편),11194,2997
2014-06-01,고성아파트건너,2425,124
2014-06-01,고성아파트건너(서편),5425,5012
2014-06-01,고성아파트앞,1931,520
2014-06-01,고성지구대1,1875,539
2014-06-01,고성지구대2,3497,8490
2014-06-01,골안골,41,77
2014-06-01,골안골지하보도앞,10,225
2014-06-01,공고네거리1,31554,11078
2014-06-01,공고네거리2,12624,3391
2014-06-01,공군기지관사입구,1,25
2014-06-01,공단역1,443,12398
2014-06-01,공단역2,17483,7761
2014-06-01,공단하수처리장건너,69,384
2014-06-01,공단하수처리장앞,219,42
2014-06-01,공산댐건너,1420,102
2014-06-01,공산댐앞,68,97
2014-06-01,공산동행정복지센터건너,1520,364
2014-06-01,공산동행정복지센터앞,5360,358
2014-06-01,공산초등학교건너,368,100
2014-06-01,공산초등학교앞,2752,136
2014-06-01,공산파출소,467,593
2014-06-01,공항시장건너,12096,901
2014-06-01,공항시장앞,6224,1653
2014-06-01,곽병원건너,38495,25301
2014-06-01,곽병원앞1,24860,8124
2014-06-01,곽병원앞2,10378,3716
2014-06-01,관리공단,489,113
2014-06-01,관음공영주차장앞,1468,6
2014-06-01,관음농협앞,189,82
2014-06-01,관음동주민센터건너,416,52
2014-06-01,관음동주민센터앞,2059,30
2014-06-01,관음변전소1,5958,124
2014-06-01,관음변전소2,28,325
2014-06-01,관음변전소3,164,0
2014-06-01,관음변전소4,1015,64
2014-06-01,관음어린이집,348,67
2014-06-01,관음중학교(북편),1269,26
2014-06-01,광명은하아파트건너,7058,5227
2014-06-01,광명은하아파트앞,17077,1112
2014-06-01,광명프레지던트아파트건너,11637,5436
2014-06-01,광장타운건너,16977,5004
2014-06-01,광장타운앞,16612,3953
2014-06-01,교대부설초등학교건너,5229,294
2014-06-01,교대부설초등학교앞,289,1299
2014-06-01,교동시장앞,4438,1504
2014-06-01,교동초등학교건너,501,75
2014-06-01,교동초등학교앞,13,303
2014-06-01,교통연수원,19124,835
2014-06-01,교통연수원건너,11489,3085
2014-06-01,교항2리마을입구,0,101
2014-06-01,교항2리회관,5020,28
2014-06-01,교항리건너,2016,91
2014-06-01,교항리마을입구건너,97,1
2014-06-01,교항리앞,456,669
2014-06-01,구)달성군청건너,11966,3979
2014-06-01,구)달성군청앞,27157,19362
2014-06-01,구)대영학원건너,17968,3338
2014-06-01,구)대영학원앞,16853,10954
2014-06-01,구)화원IC,0,1
2014-06-01,구)효목2동행정복지센터건너,16950,1179
2014-06-01,구)효목2동행정복지센터앞,6619,1874
2014-06-01,구.남부정류장건너1,14970,12318
2014-06-01,구.남부정류장건너2,10366,4637
2014-06-01,구.남부정류장앞1,28519,5476
2014-06-01,구.남부정류장앞2,3867,1959
2014-06-01,구.동부정류장(남편),8027,1883
2014-06-01,구.동부정류장(메트로팔레스),12947,4973
2014-06-01,구.동부정류장건너,18146,1752
2014-06-01,구.동부정류장앞,9583,3984
2014-06-01,구둔산,568,0
2014-06-01,구룡촌건너,1,1
2014-06-01,구병원건너,680,4951
2014-06-01,구병원앞,34460,6453
2014-06-01,구삼폭포건너,0,21
2014-06-01,구암가구골목1,3452,317
2014-06-01,구암가구골목2,1473,263
2014-06-01,구암교1,6836,3035
2014-06-01,구암교2,1393,881
2014-06-01,구암동1,1066,59
2014-06-01,구암동2,197,375
2014-06-01,구암역(운전면허시험장)1,8133,354
2014-06-01,구암역(운전면허시험장)2,2946,549
2014-06-01,구암초등학교건너,2450,325
2014-06-01,구암초등학교앞,6309,107
2014-06-01,구지농공단지1,0,6
2014-06-01,구지농공단지2,329,0
2014-06-01,구지면사무소건너,614,502
2014-06-01,구지면사무소앞,2469,224
2014-06-01,구지청아람건너,7129,137
2014-06-01,구지청아람앞,746,501
2014-06-01,국립대구과학관정문건너,69,11
2014-06-01,국립대구과학관정문앞,436,12
2014-06-01,국립대구박물관건너,16278,1309
2014-06-01,국립대구박물관앞,10389,3887
2014-06-01,국민건강보험공단건너,28850,2583
2014-06-01,국민건강보험공단앞,11195,10757
2014-06-01,국민은행3공단지점건너,6082,1370
2014-06-01,국민은행3공단지점앞,3351,925
2014-06-01,국우동현대아파트건너,604,50
2014-06-01,국우동현대아파트앞,4499,562
2014-06-01,국채보상운동기념공원,8290,6102
2014-06-01,굿모닝병원건너,11029,5036
2014-06-01,굿모닝병원앞,17235,3642
2014-06-01,궁전아파트건너,45,241
2014-06-01,궁전아파트앞,2611,88
2014-06-01,귀남지휴게소1,21,4
2014-06-01,귀남지휴게소2,0,3
2014-06-01,그랜드호텔건너,38207,23487
2014-06-01,그랜드호텔앞,60877,8352
2014-06-01,그린빌4단지,87,496
2014-06-01,그린빌4단지건너,1241,34
2014-06-01,그린빌4단지앞,278,118
2014-06-01,근로복지공단대구병원건너,2770,192
2014-06-01,근로복지공단대구병원앞,4916,396
2014-06-01,근린공원축구장건너,54,245
2014-06-01,근린공원축구장앞,1633,20
2014-06-01,금강동,271,7
2014-06-01,금계초등학교(교항리),675,302
2014-06-01,금복주건너,2962,426
2014-06-01,금복주앞,1681,350
2014-06-01,금봉네거리1,12122,981
2014-06-01,금봉네거리2,5680,770
2014-06-01,금사리하이빌APT건너,1722,158
2014-06-01,금사리하이빌APT앞,494,257
2014-06-01,금융감독원건너,866,3072
2014-06-01,금포초등학교,1653,248
2014-06-01,금포초등학교건너,443,449
2014-06-01,금호기전,14,63
2014-06-01,금호지구(시내방향),168,5
2014-06-01,금호지구(종점방향),65,0
2014-06-01,금호화물자동차공영차고지,1,0
2014-06-01,기곡(종점),137,4
2014-06-01,기곡리1,3,3
2014-06-01,기곡리2,70,0
2014-06-01,기독교방송국건너,7088,2197
2014-06-01,기독교방송국앞,4670,1502
2014-06-01,기업은행대곡지점건너,96,1462
2014-06-01,기업은행대곡지점앞,23366,474
2014-06-01,기업은행죽전동지점건너,5966,839
2014-06-01,기업은행죽전동지점앞,3364,633
2014-06-01,김흥1리건너,147,2
2014-06-01,김흥1리앞,27,8
2014-06-01,김흥2리건너,0,1
2014-06-01,김흥2리앞,13,0
2014-06-01,김흥리마을입구,162,1
2014-06-01,남구청건너2,7197,6785
2014-06-01,남구청네거리1,7304,1900
2014-06-01,남구청네거리2,367,223
2014-06-01,남대구IC1,20257,1320
2014-06-01,남대구IC2,5711,906
2014-06-01,남명삼거리1,1945,185
2014-06-01,남명삼거리2,2331,831
2014-06-01,남문시장건너1,1179,77
2014-06-01,남문시장건너2,13254,19528
2014-06-01,남문시장앞,28030,11625
2014-06-01,남문아파트앞,574,363
2014-06-01,남부경찰서건너,11698,2444
2014-06-01,남부경찰서앞,14096,8748
2014-06-01,남부교육지원청건너,8765,1118
2014-06-01,남부교육지원청앞,5484,1675
2014-06-01,남부도서관앞,221,660
2014-06-01,남부자동차종합시장건너,3472,677
2014-06-01,남부자동차종합시장앞,1216,411
2014-06-01,남부초등학교건너,1795,55
2014-06-01,남부초등학교앞,546,308
2014-06-01,남부초등학교앞2,6684,913
2014-06-01,남산2동주민센터건너,141,267
2014-06-01,남산2동주민센터앞,801,58
2014-06-01,남산고등학교건너,1000,63
2014-06-01,남산역(프린스호텔건너),9192,3845
2014-06-01,남산역건너(프린스호텔앞),21522,6383
2014-06-01,남산주유소건너,1580,1149
2014-06-01,남산주유소앞,2179,247
2014-06-01,남산초등학교건너,17890,2247
2014-06-01,남산초등학교앞,14757,8122
2014-06-01,남산휴먼시아앞,1585,392
2014-06-01,내2리새마을회관건너,41,1
2014-06-01,내2리새마을회관앞,3,15
2014-06-01,내당1동우체국건너,2573,266
2014-06-01,내당1동우체국앞,2953,418
2014-06-01,내당광명아파트,3616,3091
2014-06-01,내당삼익맨션건너,33646,8135
2014-06-01,내당삼익맨션앞,15531,20967
2014-06-01,내당코오롱아파트건너,7890,14215
2014-06-01,내당코오롱아파트앞,6145,1074
2014-06-01,내동,881,29
2014-06-01,내동건너,43,156
2014-06-01,내리1,3,10
2014-06-01,내리2,0,1
2014-06-01,내일교회건너,276,38
2014-06-01,내일교회앞,986,67
2014-06-01,냉천2리,2,6
2014-06-01,냉천리1,2455,29
2014-06-01,냉천리2,61,352
2014-06-01,노곡동,5131,32
2014-06-01,노변중학교,960,62
2014-06-01,노변중학교건너,1296,84
2014-06-01,노변청구타운건너,155,58
2014-06-01,노변청구타운앞,197,54
2014-06-01,노원119안전센터건너,7168,2850
2014-06-01,노원119안전센터앞,2489,614
2014-06-01,노원네거리(공단세차장건너),449,467
2014-06-01,노원네거리(공단세차장앞),6477,132
2014-06-01,노원네거리(대구은행건너),1091,156
2014-06-01,노원네거리(대구은행앞),5401,629
2014-06-01,노원네거리1,4945,1013
2014-06-01,노원네거리2,9793,596
2014-06-01,노원동화타운건너,648,408
2014-06-01,노원동화타운앞,4458,534
2014-06-01,녹동서원앞,9,3
2014-06-01,녹원맨션1,3886,1421
2014-06-01,녹원맨션2,11918,669
2014-06-01,논공삼거리1,1924,19
2014-06-01,논공삼거리2,325,390
2014-06-01,논공읍사무소,1104,218
2014-06-01,논공읍사무소건너1,4536,182
2014-06-01,논공읍사무소건너2,393,112
2014-06-01,농산물도매시장건너,41,3
2014-06-01,농산물도매시장앞,1982,234
2014-06-01,농수산물도매시장건너,3968,1416
2014-06-01,농수산물도매시장앞,9327,2968
2014-06-01,농촌진흥원입구,86,128
2014-06-01,농협동촌지점,500,124
2014-06-01,농협방촌지점,2288,115
2014-06-01,농협비료창고건너(연경),4,30
2014-06-01,농협비료창고앞(연경),6,5
2014-06-01,농협중앙회건너,23728,8575
2014-06-01,농협중앙회앞,63591,39276
2014-06-01,농협중앙회중동지점건너,1834,83
2014-06-01,농협중앙회중동지점앞,878,695
2014-06-01,농협하나로마트건너,20,292
2014-06-01,능골1,231,1183
2014-06-01,능골건너,2658,40
2014-06-01,능성동(종점),544,16
2014-06-01,능성동예비군훈련장,1571,39
2014-06-01,능성동입구건너,435,13
2014-06-01,능성동입구앞,3,45
2014-06-01,다리골,38,1
2014-06-01,다사고등학교건너,11302,4510
2014-06-01,다사고등학교앞,473,1532
2014-06-01,다사농협주유소건너,85,678
2014-06-01,다사농협주유소앞,8845,251
2014-06-01,다사역(4번출구),32,1
2014-06-01,다사읍사무소건너,8229,293
2014-06-01,다사읍사무소서재출장소건너,312,4
2014-06-01,다사읍사무소서재출장소앞,47,188
2014-06-01,다사읍사무소앞,5,135
2014-06-01,다사주공아파트건너,157,0
2014-06-01,다사주공아파트앞,4,90
2014-06-01,다사체육공원건너,29,2
2014-06-01,다사체육공원앞,24,2
2014-06-01,다사초등학교건너,46,5
2014-06-01,다사초등학교앞,2,53
2014-06-01,단산리(종점),7599,3895
2014-06-01,달구벌종합복지관건너,1003,223
2014-06-01,달구벌종합복지관앞,580,125
2014-06-01,달서공고건너,245,136
2014-06-01,달서공고앞,16,32
2014-06-01,달서교회건너,22940,3860
2014-06-01,달서교회앞,19710,10920
2014-06-01,달서구새마을회건너,3365,124
2014-06-01,달서구새마을회앞,306,135
2014-06-01,달서구청건너,16302,2765
2014-06-01,달서구청앞,6382,2234
2014-06-01,달서종합시장건너,1570,342
2014-06-01,달서종합시장앞,1216,193
2014-06-01,달서중고등학교,83,10
2014-06-01,달서중고등학교건너,414,2
2014-06-01,달서천하수종말처리장건너,139,0
2014-06-01,달서천하수종말처리장앞,1,0
2014-06-01,달서초교,2163,54
2014-06-01,달성2차공단관리청사,67,1
2014-06-01,달성2차산업단지출장소건너,7,0
2014-06-01,달성2차산업단지출장소앞,0,8
2014-06-01,달성경찰서,2106,658
2014-06-01,달성경찰서건너,2972,98
2014-06-01,달성공원건너,18940,2898
2014-06-01,달성공원앞,24199,20078
2014-06-01,달성군민운동장건너,1305,90
2014-06-01,달성군민운동장앞,1061,190
2014-06-01,달성군선거관리위원회건너,83,112
2014-06-01,달성군선거관리위원회앞,19,1123
2014-06-01,달성군청건너,683,263
2014-06-01,달성군청앞,3579,176
2014-06-01,달성기와건너,182,119
2014-06-01,달성기와앞,851,14
2014-06-01,달성도서관건너,1,1
2014-06-01,달성도서관입구,2,0
2014-06-01,달성문화원건너,6,0
2014-06-01,달성문화원앞,13,0
2014-06-01,달성산업단지건너,224,38
2014-06-01,달성산업단지관리공단1,5,11
2014-06-01,달성산업단지관리공단2,16,1
2014-06-01,달성소방서건너,71,171
2014-06-01,달성소방서앞,448,229
2014-06-01,달성스포츠파크건너,1,24
2014-06-01,달성스포츠파크앞,38,0
2014-06-01,달성예비군훈련장건너,1469,110
2014-06-01,달성예비군훈련장앞,554,189
2014-06-01,달성우체국건너,947,547
2014-06-01,달성우체국앞,6001,322
2014-06-01,달성중학교건너,5361,715
2014-06-01,달성중학교앞,20331,4763
2014-06-01,달성초등학교건너,5018,1902
2014-06-01,달성초등학교앞,1742,372
2014-06-01,달성취수장건너,25,198
2014-06-01,달성취수장앞,84,46
2014-06-01,달창저수지,317,0
2014-06-01,달천리(시내방향),144,1
2014-06-01,달천리(시외방향),63,0
2014-06-01,담안마을1,9,20
2014-06-01,담안마을2,274,10
2014-06-01,담티고개1,281,465
2014-06-01,담티고개2,1120,759
2014-06-01,당동마을건너,269,3
2014-06-01,당동마을앞,2,7
2014-06-01,당정마을입구,54,5
2014-06-01,당정마을입구건너,158,0
2014-06-01,대1리용흥지건너,263,9
2014-06-01,대1리용흥지앞,20,18
2014-06-01,대곡강산타운,25706,693
2014-06-01,대곡강산타운건너,3861,705
2014-06-01,대곡사계절타운건너,19764,586
2014-06-01,대곡사계절타운앞,5876,1769
2014-06-01,대곡역(1번출구),52155,2079
2014-06-01,대곡역(2번출구),37157,43517
2014-06-01,대곡역(한라하우젠트건너),21479,1367
2014-06-01,대곡역(한라하우젠트앞),6063,14222
2014-06-01,대곡역그린빌,7580,8382
2014-06-01,대곡주공1단지앞,5482,1756
2014-06-01,대곡주공2단지앞,18978,506
2014-06-01,대곡주공6단지앞,4104,424
2014-06-01,대곡주공7단지앞,15732,933
2014-06-01,대곡주공8단지건너,4442,1028
2014-06-01,대곡주공8단지앞,25729,1826
2014-06-01,대곡중학교건너,4719,604
2014-06-01,대곡중학교앞,2707,583
2014-06-01,대공원역(1번출구),2470,5267
2014-06-01,대공원역(5번출구),5266,649
2014-06-01,대구가톨릭대학병원건너,23709,3321
2014-06-01,대구가톨릭대학병원앞,20019,2177
2014-06-01,대구경북과학기술원,167,13
2014-06-01,대구경북과학기술원기숙사,223,52
2014-06-01,대구경북지방병무청,235,863
2014-06-01,대구고등학교건너,48634,11648
2014-06-01,대구고등학교앞,14885,5612
2014-06-01,대구고용노동청건너,17191,2444
2014-06-01,대구고용노동청앞,5504,1220
2014-06-01,대구공업대학1,13927,2399
2014-06-01,대구공업대학2,3816,2783
2014-06-01,대구공업대학건너,8085,3095
2014-06-01,대구공업대학앞,6827,2568
2014-06-01,대구과학고등학교건너,11923,5689
2014-06-01,대구과학고등학교앞,19938,1895
2014-06-01,대구과학대학1,25156,12081
2014-06-01,대구과학대학2,71631,5625
2014-06-01,대구과학대학건너,2810,169
2014-06-01,대구과학대학앞,833,281
2014-06-01,대구광역시교육연수원건너,17905,927
2014-06-01,대구광역시교육연수원앞,6257,3189
2014-06-01,대구광역시청건너,1821,926
2014-06-01,대구광역시청앞,359,619
2014-06-01,대구교도소건너,9060,5759
2014-06-01,대구교도소앞,26861,3523
2014-06-01,대구교육대건너,1840,3608
2014-06-01,대구교육대앞,22038,3529
2014-06-01,대구교통방송건너,6240,6903
2014-06-01,대구교통방송앞,21456,1669
2014-06-01,대구국제공항건너,25641,12362
2014-06-01,대구국제공항앞,29233,7273
2014-06-01,대구글로벌교육센터건너,5694,13046
2014-06-01,대구글로벌교육센터앞,4379,684
2014-06-01,대구농업마이스터고건너,27259,2104
2014-06-01,대구농업마이스터고앞,9613,11326
2014-06-01,대구농업마이스터고후문건너,2864,678
2014-06-01,대구농업마이스터고후문앞,3269,202
2014-06-01,대구도시공사앞,16013,2658
2014-06-01,대구동부고용복지플러스센터,12084,5289
2014-06-01,대구동촌유치원,1309,196
2014-06-01,대구디지털산업진흥원건너,25768,6378
2014-06-01,대구디지털산업진흥원앞,17439,3603
2014-06-01,대구맨션건너,2383,414
2014-06-01,대구맨션앞,4389,768
2014-06-01,대구문화방송건너,14496,5450
2014-06-01,대구문화방송앞,16203,3290
2014-06-01,대구미술관건너,604,38
2014-06-01,대구미술관앞,993,49
2014-06-01,대구병원건너,27775,1711
2014-06-01,대구병원앞,14064,6557
2014-06-01,대구보건고등학교건너,18658,7553
2014-06-01,대구보건고등학교앞,14134,2150
2014-06-01,대구보건대학3,15558,9590
2014-06-01,대구보건대학4,33286,4334
2014-06-01,대구보건대학5,95,14
2014-06-01,대구보건대학건너1,2609,73
2014-06-01,대구보건대학건너2,18845,398
2014-06-01,대구보건대학앞1,545,274
2014-06-01,대구보건대학앞2,2057,649
2014-06-01,대구보훈요양원,10,0
2014-06-01,대구보훈요양원건너,0,2
2014-06-01,대구보훈요양원앞,263,0
2014-06-01,대구비지니스센터건너,4582,377
2014-06-01,대구비지니스센터앞,5066,389
2014-06-01,대구사격장,90,1
2014-06-01,대구삼성창조캠퍼스1,1526,219
2014-06-01,대구삼성창조캠퍼스2,378,630
2014-06-01,대구선방촌공원,1095,33
2014-06-01,대구소방본부건너,523,219
2014-06-01,대구소방본부앞,1718,3260
2014-06-01,대구스타디움건너,3927,645
2014-06-01,대구스타디움앞,4934,812
2014-06-01,대구시교육청건너,1446,479
2014-06-01,대구시교육청앞,1980,5302
2014-06-01,대구시설공단건너,19017,3503
2014-06-01,대구시설공단앞,10896,18975
2014-06-01,대구시설관리사업소,52,119
2014-06-01,대구시지노인전문병원건너,356,78
2014-06-01,대구시지노인전문병원앞,585,1647
2014-06-01,대구신문사,113,718
2014-06-01,대구애견훈련학교건너,337,9
2014-06-01,대구애견훈련학교앞,1,22
2014-06-01,대구역,874,365
2014-06-01,대구역건너,40505,7857
2014-06-01,대구역꽃시장,552,881
2014-06-01,대구역북편네거리1,42007,5194
2014-06-01,대구역북편네거리2,14174,15556
2014-06-01,대구역센트럴자이,1391,102
2014-06-01,대구역앞,39277,11398
2014-06-01,대구예담학교,307,50
2014-06-01,대구우편집중국(동편),0,24
2014-06-01,대구우편집중국앞,2480,2394
2014-06-01,대구은행3공단지점앞,6892,660
2014-06-01,대구은행북비산지점건너1,13609,2531
2014-06-01,대구은행북비산지점건너2,1786,964
2014-06-01,대구은행북비산지점앞,41886,6710
2014-06-01,대구은행산격지점앞,857,284
2014-06-01,대구은행역(1번출구),36839,9267
2014-06-01,대구은행역(2번출구),39691,7331
2014-06-01,대구은행제2본점앞,15540,3271
2014-06-01,대구은행칠곡지점건너,9482,2563
2014-06-01,대구은행칠곡지점앞,29730,7558
2014-06-01,대구은행평리동지점건너,3662,1808
2014-06-01,대구은행평리동지점앞,6667,2843
2014-06-01,대구의료원건너,7860,1261
2014-06-01,대구의료원라파엘웰빙센터,1985,123
2014-06-01,대구의료원라파엘웰빙센터건너,504,1141
2014-06-01,대구의료원앞,5162,979
2014-06-01,대구일마이스터고교건너,5160,1173
2014-06-01,대구일마이스터고교앞,10154,733
2014-06-01,대구전자공고남편,112,345
2014-06-01,대구전자공업고등학교1,11897,551
2014-06-01,대구전자공업고등학교2,1069,3566
2014-06-01,대구제일고등학교건너,37150,7552
2014-06-01,대구제일고등학교앞,39208,23580
2014-06-01,대구중앙중고등학교건너,32202,3810
2014-06-01,대구중앙중고등학교앞,30562,5334
2014-06-01,대구중앙중학교건너,2895,31
2014-06-01,대구중앙중학교앞,2,15
2014-06-01,대구중학교건너,1841,555
2014-06-01,대구중학교앞,7214,2155
2014-06-01,대구지료재생사,59,59
2014-06-01,대구지방경찰청,6252,884
2014-06-01,대구지방법원등기국건너,6111,10598
2014-06-01,대구지방법원등기국앞,2460,1375
2014-06-01,대구지방법원서부지원,565,86
2014-06-01,대구차여성병원건너,5197,9463
2014-06-01,대구차여성병원앞,17606,1459
2014-06-01,대구콘서트하우스건너,19636,23859
2014-06-01,대구콘서트하우스앞,25835,3415
2014-06-01,대구텍건너,749,333
2014-06-01,대구텍앞,5577,946
2014-06-01,대구학생문화센터,181,88
2014-06-01,대구학생수련관입구건너,567,3
2014-06-01,대구학생수련관입구앞,26,157
2014-06-01,대구한의대학교부속한방병원건너,398,136
2014-06-01,대구한의대학교부속한방병원앞,2773,82
2014-06-01,대구향교건너,2671,5013
2014-06-01,대구향교앞,1988,668
2014-06-01,대덕마을건너,641,1422
2014-06-01,대덕마을앞,352,84
2014-06-01,대덕맨션앞,10124,269
2014-06-01,대덕문화전당건너,1611,188
2014-06-01,대덕문화전당앞,43,160
2014-06-01,대덕승마장건너,501,33
2014-06-01,대덕승마장앞,84,57
2014-06-01,대덕식당건너,350,264
2014-06-01,대덕식당앞,5062,196
2014-06-01,대덕천주교회1,1920,441
2014-06-01,대덕천주교회2,2727,174
2014-06-01,대덕천주교회3,3953,205
2014-06-01,대덕천주교회4,159,435
2014-06-01,대덕초등학교,797,35
2014-06-01,대동공업,179,168
2014-06-01,대동공업건너,874,16
2014-06-01,대동금속건너,2086,49
2014-06-01,대동금속앞,780,125
2014-06-01,대동시장1,5052,498
2014-06-01,대동시장2,8960,532
2014-06-01,대륜중고등학교건너,5404,7327
2014-06-01,대륜중고등학교앞,7201,352
2014-06-01,대리,271,7
2014-06-01,대리마을앞,99,127
2014-06-01,대리마을회관,265,11
2014-06-01,대리마을회관건너,42,22
2014-06-01,대림생수,1028,30
2014-06-01,대림생수앞,56,259
2014-06-01,대림육교1,173,23939
2014-06-01,대림육교2,38,50
2014-06-01,대명6동주민센터건너,2578,483
2014-06-01,대명6동주민센터앞,2849,219
2014-06-01,대명시장건너,21793,6733
2014-06-01,대명시장앞,26476,5181
2014-06-01,대명역(1번출구),22012,4568
2014-06-01,대명역(2번출구),15184,2581
2014-06-01,대명중학교건너,32,397
2014-06-01,대명중학교앞,3560,100
2014-06-01,대명초등학교건너,9140,3993
2014-06-01,대명초등학교앞,14084,5625
2014-06-01,대백인터빌건너,25069,4944
2014-06-01,대백인터빌앞,21070,5018
2014-06-01,대백창신한라타운건너,14876,2321
2014-06-01,대백창신한라타운앞,3817,1397
2014-06-01,대백프라자건너,25024,5966
2014-06-01,대백프라자앞,32522,5062
2014-06-01,대백한라무지개타운건너,24044,937
2014-06-01,대백한라무지개타운앞,9946,1465
2014-06-01,대봉교회,11218,4426
2014-06-01,대봉네거리1,5301,561
2014-06-01,대봉네거리2,3080,2586
2014-06-01,대봉도서관건너,1529,339
2014-06-01,대봉도서관앞,4570,945
2014-06-01,대봉성당,10907,2786
2014-06-01,대서초등학교앞,526,126
2014-06-01,대성공업건너,839,9609
2014-06-01,대성공업앞,2197,234
2014-06-01,대성유니드앞,3121,69
2014-06-01,대성테크앞,174,18
2014-06-01,대신동광명맨션앞,1570,466
2014-06-01,대신센트럴자이,6427,383
2014-06-01,대실역(1번출구),10027,2174
2014-06-01,대실역(2번출구),31713,1326
2014-06-01,대실역(4번출구),2372,45
2014-06-01,대실역1,89,12
2014-06-01,대실역2,80,147
2014-06-01,대실역청아람건너,7188,61
2014-06-01,대실역청아람앞,521,3336
2014-06-01,대우트럼프월드수성건너,15973,2191
2014-06-01,대우트럼프월드수성앞,3986,2302
2014-06-01,대원고등학교,4303,25308
2014-06-01,대원고등학교건너,2517,3006
2014-06-01,대원사건너(공산동),43,256
2014-06-01,대원사앞(공산동),115,3
2014-06-01,대원사입구,294,2
2014-06-01,대원유치원건너,7114,6651
2014-06-01,대원유치원앞,11194,675
2014-06-01,대일1리마을회관건너,212,34
2014-06-01,대일1리점촌마을,2,75
2014-06-01,대일아파트건너,10662,4500
2014-06-01,대일아파트앞,14744,2848
2014-06-01,대자연맨션,17480,549
2014-06-01,대자연맨션건너,3294,1421
2014-06-01,대중인벤트,247,51
2014-06-01,대진중고등학교건너,1059,128
2014-06-01,대진중고등학교앞,665,141
2014-06-01,대천119안전센터건너,1366,6
2014-06-01,대천119안전센터앞,805,100
2014-06-01,대천교,2822,710
2014-06-01,대천초등학교건너,508,146
2014-06-01,대천초등학교앞,2668,120
2014-06-01,대청초등학교건너,186,757
2014-06-01,대청초등학교앞,14239,902
2014-06-01,대평2리,243,0
2014-06-01,대평교회앞,3,4
2014-06-01,대평리시장,16301,1095
2014-06-01,대평중학교건너,9684,1037
2014-06-01,대평중학교앞,6449,1490
2014-06-01,대홍철강,628,22
2014-06-01,대흥동건너,409,28
2014-06-01,대흥동앞,308,269
2014-06-01,덕곡(달구벌고교),845,1
2014-06-01,덕곡(대구선명학교),96,29
2014-06-01,덕곡삼거리1,48,230
2014-06-01,덕곡삼거리2,1079,21
2014-06-01,덕산마을건너,1,6
2014-06-01,덕산마을앞,420,5
2014-06-01,덕원고등학교건너,4095,844
2014-06-01,덕원고등학교앞,464,788
2014-06-01,덕인초등학교건너,2560,715
2014-06-01,덕인초등학교앞,2117,458
2014-06-01,덕화중학교건너,10820,525
2014-06-01,덕화중학교앞,3868,4164
2014-06-01,덴티스앞,356,0
2014-06-01,도곡교1,120,491
2014-06-01,도곡교2,128,13
2014-06-01,도남동,281,0
2014-06-01,도남동(종점),24,0
2014-06-01,도남지,143,0
2014-06-01,도동,7,1
2014-06-01,도동교1,835,3
2014-06-01,도동교2,24,37
2014-06-01,도동서원,531,3
2014-06-01,도동청구타운건너,53,61
2014-06-01,도동청구타운앞,1554,254
2014-06-01,도시철도건설본부건너,1750,5051
2014-06-01,도시철도건설본부앞,32289,2206
2014-06-01,도시철도담티역(1번출구),38287,6024
2014-06-01,도시철도담티역(3번출구),29385,4570
2014-06-01,도시철도대구역,859,293
2014-06-01,도시철도수성구청역북편1,656,6225
2014-06-01,도시철도수성구청역북편2,2138,86
2014-06-01,도의리,224,59
2014-06-01,도평동입구1,906,124
2014-06-01,도평동입구2,272,249
2014-06-01,도평동행정복지센터1,2,27
2014-06-01,도평동행정복지센터2,200,6
2014-06-01,도학동,1445,7
2014-06-01,도학동1,22,100
2014-06-01,동곡1리1,1,0
2014-06-01,동곡1리2,212,0
2014-06-01,동곡1리3,46,2
2014-06-01,동곡리,101,3
2014-06-01,동곡초등학교건너,410,6
2014-06-01,동곡초등학교앞,32,53
2014-06-01,동곡치안센터앞,31,14
2014-06-01,동구시장건너,8785,1753
2014-06-01,동구시장앞,8087,1407
2014-06-01,동구청건너,80355,36402
2014-06-01,동구청앞,62834,11530
2014-06-01,동구청역(3번출구),8912,1847
2014-06-01,동구청역(4번출구),2018,690
2014-06-01,동대구LPG충전소건너,2205,175
2014-06-01,동대구LPG충전소앞,657,196
2014-06-01,동대구맨션,8374,8036
2014-06-01,동대구시장건너,14320,2702
2014-06-01,동대구시장앞,22217,6623
2014-06-01,동대구역,66185,17154
2014-06-01,동대구역건너,68351,20900
2014-06-01,동대구역복합환승센터건너,52853,5812
2014-06-01,동대구역복합환승센터앞,49386,22177
2014-06-01,동대구역수화물취급소건너,449,183
2014-06-01,동대구역수화물취급소앞,4471,295
2014-06-01,동대구역지하도1,5431,3749
2014-06-01,동대구역지하도2,1035,1213
2014-06-01,동대구초등학교건너,1398,96
2014-06-01,동대구초등학교앞,943,249
2014-06-01,동도중학교건너,11760,2068
2014-06-01,동도중학교앞,16265,2356
2014-06-01,동문고등학교앞,1075,266
2014-06-01,동문고등학교정문,969,262
2014-06-01,동변주공그린빌건너,2729,582
2014-06-01,동변주공그린빌앞,11837,327
2014-06-01,동부경찰서건너,1582,1253
2014-06-01,동부경찰서앞,9411,242
2014-06-01,동부고교건너,1607,791
2014-06-01,동부고교앞,8002,2930
2014-06-01,동부소방서건너,510,8647
2014-06-01,동부소방서앞,6649,490
2014-06-01,동부시외버스터미널(순환2번),2487,353
2014-06-01,동부중학교건너,5226,336
2014-06-01,동부중학교앞,2618,4181
2014-06-01,동북주유소건너,266,52
2014-06-01,동북주유소앞,4,106
2014-06-01,동산의료원앞1,37582,9837
2014-06-01,동산의료원앞2,17271,12123
2014-06-01,동서교회건너,3296,245
2014-06-01,동서교회앞,1591,1052
2014-06-01,동서변리벤빌,11274,1107
2014-06-01,동서변월드메르디앙아파트,3030,966
2014-06-01,동서아파트건너,194,5
2014-06-01,동서아파트앞,2,18
2014-06-01,동서화성타운건너,32565,916
2014-06-01,동서화성타운앞,16537,4096
2014-06-01,동성에스티에스건너,101,23
2014-06-01,동성에스티에스앞,98,16
2014-06-01,동성초등학교건너,3224,8479
2014-06-01,동성초등학교앞,6162,2398
2014-06-01,동신초등학교건너,3166,1296
2014-06-01,동신초등학교앞,2548,3863
2014-06-01,동아백화점수성점건너,15417,11183
2014-06-01,동아백화점수성점앞,61745,1201
2014-06-01,동아수산냉동건너,516,543
2014-06-01,동아수산냉동앞,379,80
2014-06-01,동아스포츠센터(지산중학교앞),1749,990
2014-06-01,동아스포츠센터(지산초교앞),8693,331
2014-06-01,동아제약,537,78
2014-06-01,동아제약건너,2328,21
2014-06-01,동양맨션앞,3822,237
2014-06-01,동원약품,10157,1812
2014-06-01,동원초등학교건너,1350,663
2014-06-01,동원초등학교앞1,1517,525
2014-06-01,동원초등학교앞2,2165,478
2014-06-01,동인네거리1,1652,371
2014-06-01,동인네거리2,1510,889
2014-06-01,동인초등학교건너,14232,4953
2014-06-01,동인초등학교앞,10450,4380
2014-06-01,동인치안센터건너,18928,9786
2014-06-01,동인치안센터앞,10637,7833
2014-06-01,동일초등학교건너,2501,522
2014-06-01,동일초등학교앞,3167,1178
2014-06-01,동천역1,454,67
2014-06-01,동천역2,1297,278
2014-06-01,동촌강나루아파트건너,2444,976
2014-06-01,동촌강나루아파트앞,3386,12200
2014-06-01,동촌역,704,209
2014-06-01,동촌역(구길),2238,192
2014-06-01,동촌역(신길)1,6150,1369
2014-06-01,동촌역(신길)2,4414,2564
2014-06-01,동촌유원지,696,199
2014-06-01,동촌유원지놀이동산앞,217,123
2014-06-01,동촌해성아파트건너,121,224
2014-06-01,동촌해성아파트앞,755,2076
2014-06-01,동촌화성타운건너,13596,1095
2014-06-01,동촌화성타운앞,8059,2065
2014-06-01,동침산네거리,1805,1047
2014-06-01,동침산네거리2,30,197
2014-06-01,동호동건너(북구),959,164
2014-06-01,동호동앞(북구),94,87
2014-06-01,동호육교1,63,358
2014-06-01,동호육교2,8496,224
2014-06-01,동호초등학교건너,353,4
2014-06-01,동화골든빌(남편),4550,263
2014-06-01,동화골든빌(동편),1165,1823
2014-06-01,동화골든빌(북편),54,288
2014-06-01,동화골든빌건너(남편),14,265
2014-06-01,동화교1,68,225
2014-06-01,동화교2,3222,5
2014-06-01,동화사입구건너,6109,14
2014-06-01,동화사입구앞,91,488
2014-06-01,동화시설집단지구(종점)1,327,21
2014-06-01,동화시설집단지구(종점)2(대구시민안전테마파크),10735,282
2014-06-01,두류3동파출소건너,857,65
2014-06-01,두류3동파출소앞,477,473
2014-06-01,두류공원(야외음악당건너),1185,76
2014-06-01,두류공원(야외음악당앞),752,157
2014-06-01,두류공원네거리1,13956,2898
2014-06-01,두류공원네거리2,4960,3667
2014-06-01,두류도서관앞,8095,4259
2014-06-01,두류보성맨션건너,6752,402
2014-06-01,두류보성맨션앞,3376,3851
2014-06-01,두류수영장건너,21600,5194
2014-06-01,두류수영장앞,21302,3778
2014-06-01,두류역(달성고등학교건너),36848,7331
2014-06-01,두류역(달성고등학교앞),59955,21053
2014-06-01,두류정수사업소건너,19710,1446
2014-06-01,두류정수사업소앞,2729,9299
2014-06-01,두류파출소건너,627,145
2014-06-01,두류파출소앞,194,311
2014-06-01,두리봉네거리1,4600,19885
2014-06-01,두리봉네거리2,16780,2878
2014-06-01,두리봉터널입구,1832,411
2014-06-01,두리봉터널입구건너,5077,163
2014-06-01,두산동주민센터건너,18070,1989
2014-06-01,두산동주민센터앞,10347,3307
2014-06-01,두산스포츠건너,1358,252
2014-06-01,두성파크아파트건너,30664,4495
2014-06-01,두성파크아파트앞,9236,7298
2014-06-01,두천마을건너,61,0
2014-06-01,둔산동,706,0
2014-06-01,들안길1,1368,756
2014-06-01,들안길2,4950,467
2014-06-01,들안길네거리1,6160,240
2014-06-01,들안길네거리2,951,1305
2014-06-01,들안길초등학교건너,4807,1290
2014-06-01,들안길초등학교앞,5466,2195
2014-06-01,들연경,2,0
2014-06-01,럭키아파트건너,348,413
2014-06-01,럭키아파트앞,2588,60
2014-06-01,롯데백화점상인점건너,11862,7064
2014-06-01,롯데캐슬그랜드,680,1307
2014-06-01,룸비니유치원건너,2738,144
2014-06-01,룸비니유치원앞,2158,309
2014-06-01,마비정벽화마을(종점),805,31
2014-06-01,만경관건너,13546,6111
2014-06-01,만경관앞,10918,4841
2014-06-01,만촌1동주민센터,3579,828
2014-06-01,만촌2동주민센터,17430,1313
2014-06-01,만촌3차화성파크드림건너,3513,260
2014-06-01,만촌그린빌라건너,878,106
2014-06-01,만촌역(1번출구),962,5438
2014-06-01,만촌우방1차건너,9495,350
2014-06-01,만촌우방1차앞,405,532
2014-06-01,만촌육교1,58737,7065
2014-06-01,만촌육교2,9246,14319
2014-06-01,만촌자전거경기장,20,62
2014-06-01,만촌천주교회앞,187,278
2014-06-01,만촌초등학교건너1,2563,703
2014-06-01,만촌초등학교건너2,3608,225
2014-06-01,만촌초등학교앞,2255,442
2014-06-01,만촌태왕리더스건너,2174,332
2014-06-01,만촌태왕리더스건너(남편),429,3465
2014-06-01,만촌태왕리더스북편,586,404
2014-06-01,만촌태왕리더스앞1,5986,12437
2014-06-01,만촌태왕리더스앞2,2140,224
2014-06-01,만촌화성파크스위트,943,45
2014-06-01,만평네거리,7133,5707
2014-06-01,만평역(서대구고속버스터미널)1,10249,3213
2014-06-01,만평역(서대구고속버스터미널)2,8293,15277
2014-06-01,망우당공원(종점),324,80
2014-06-01,망우당공원건너,1464,861
2014-06-01,망우당공원앞,3612,3796
2014-06-01,매곡(종점),528,66
2014-06-01,매곡사거리1,610,728
2014-06-01,매곡사거리2,13523,456
2014-06-01,매곡정수사업소건너,907,80
2014-06-01,매곡정수사업소앞,7,36
2014-06-01,매곡초등학교건너,22,707
2014-06-01,매골1,12,90
2014-06-01,매골2,427,3
2014-06-01,매여동(동구)저탄장,878,129
2014-06-01,매일신문사건너,192,187
2014-06-01,매일신문사앞,1788,485
2014-06-01,매천고교,1683,113
2014-06-01,매천대교1,1342,194
2014-06-01,매천대교2,2,3
2014-06-01,매천성당건너1,3507,168
2014-06-01,매천성당건너2,512,117
2014-06-01,매천성당앞,5599,242
2014-06-01,매천수산시장건너,1410,147
2014-06-01,매천수산시장앞,1408,80
2014-06-01,매천시장지하차도,1613,291
2014-06-01,매천중고등학교건너,6127,4849
2014-06-01,매천중고등학교앞,11275,1134
2014-06-01,매천초교(매천역)2,1061,178
2014-06-01,매천화성파크드림,1317,59
2014-06-01,매천휴먼시아앞,1029,113
2014-06-01,매호동서아파트앞,992,3
2014-06-01,매호성당건너,592,4
2014-06-01,메트로시티건너,4309,880
2014-06-01,메트로시티앞,1831,139
2014-06-01,메트로팔레스1,15285,2156
2014-06-01,메트로팔레스2,18971,999
2014-06-01,명곡1리입구1,25,1
2014-06-01,명곡1리입구2,9,6
2014-06-01,명곡리1,2039,657
2014-06-01,명곡리2,6851,662
2014-06-01,명곡미래빌1단지,2000,257
2014-06-01,명곡미래빌2단지건너,23,266
2014-06-01,명곡미래빌2단지앞,11883,1447
2014-06-01,명곡미래빌3단지건너,1809,868
2014-06-01,명곡미래빌3단지앞,4834,178
2014-06-01,명곡미래빌4단지,3587,220
2014-06-01,명곡미래빌5단지건너,12,102
2014-06-01,명곡미래빌5단지앞,5425,1306
2014-06-01,명곡지구앞,52,128
2014-06-01,명덕네거리1,38884,2821
2014-06-01,명덕네거리2,12055,19045
2014-06-01,명덕역(6번출구),45687,15098
2014-06-01,명덕역(7번출구),30389,5852
2014-06-01,명덕초등학교건너,18862,15747
2014-06-01,명덕초등학교앞,28335,6318
2014-06-01,명문세가APT건너,9835,1320
2014-06-01,명문세가APT앞,15054,2319
2014-06-01,명문오하임아파트건너,265,289
2014-06-01,명문오하임아파트앞,155,112
2014-06-01,명보약국건너,1899,1071
2014-06-01,명보약국앞,2484,365
2014-06-01,명산교(명산화성타운건너),3191,166
2014-06-01,명성푸르지오건너,6528,1351
2014-06-01,명성푸르지오앞,28400,2354
2014-06-01,모개월앞,1,1
2014-06-01,모개월입구,20,1
2014-06-01,모다아울렛,88,0
2014-06-01,모다아울렛건너,16252,815
2014-06-01,모다아울렛앞,363,1781
2014-06-01,모래정마을건너,62,2
2014-06-01,모래정마을앞,2,13
2014-06-01,목단1리,88,1
2014-06-01,목단2리,77,0
2014-06-01,목단리,62,0
2014-06-01,묘1리,53,0
2014-06-01,묘2리(고려정밀),172,0
2014-06-01,묘2리(전마),176,2
2014-06-01,무궁화LPG충전소,9392,3556
2014-06-01,무궁화LPG충전소건너,3786,1097
2014-06-01,무궁화어린이공원입구,2208,335
2014-06-01,무궁화어린이공원입구건너,4507,2207
2014-06-01,무등1리1,1,0
2014-06-01,무등1리2,196,0
2014-06-01,무등1리3,55,0
2014-06-01,무등2리,2,11
2014-06-01,무등2리입구건너,94,0
2014-06-01,무등보건진료소건너,31,0
2014-06-01,무등보건진료소앞,6,5
2014-06-01,무림제지건너,792,215
2014-06-01,무림제지앞1,849,378
2014-06-01,무림제지앞2,279,128
2014-06-01,무열대건너,4347,2381
2014-06-01,무열대앞,1450,508
2014-06-01,무태교,14,868
2014-06-01,무태네거리(시내방향),17382,4509
2014-06-01,무태네거리(시외방향),4168,3219
2014-06-01,무태새마을금고건너,1731,448
2014-06-01,무태새마을금고앞,5846,279
2014-06-01,무태조야동주민센터건너1,7141,250
2014-06-01,무태조야동주민센터건너2,6228,1257
2014-06-01,무태조야동주민센터앞1,1895,482
2014-06-01,무태조야동주민센터앞2,16118,1224
2014-06-01,문성병원건너,11074,4495
2014-06-01,문성병원앞,18365,5668
2014-06-01,문양기지창건너,18,295
2014-06-01,문양기지창앞,104,17
2014-06-01,문양리(서부실),6,1
2014-06-01,문양리1,155,1
2014-06-01,문양리2,3,11
2014-06-01,문양리입구1,68,44
2014-06-01,문양리입구2,2,53
2014-06-01,문양역건너,17,774
2014-06-01,문양역앞,2613,1042
2014-06-01,문주마을건너,186,0
2014-06-01,문주마을앞,25,13
2014-06-01,문화예술회관건너,12808,4883
2014-06-01,문화예술회관앞,11943,4775
2014-06-01,미8군후문건너,486,173
2014-06-01,미8군후문앞,1140,51
2014-06-01,미곡동1,358,377
2014-06-01,미곡동2,2680,107
2014-06-01,미대동1,2479,87
2014-06-01,미대동2,395,254
2014-06-01,미래아트빌앞,683,429
2014-06-01,미리내맨션건너,17538,518
2014-06-01,미리내맨션앞,5228,1563
2014-06-01,민들레아파트후문건너,4333,158
2014-06-01,민들레아파트후문앞,6077,98
2014-06-01,바른병원건너,338,120
2014-06-01,박곡리(시내방향),186,0
2014-06-01,박곡리(시외방향),55,4
2014-06-01,박석진교,3,21
2014-06-01,반고개(내당역4번출구),4432,3287
2014-06-01,반고개1,8043,3687
2014-06-01,반고개2,17823,5669
2014-06-01,반송4교건너,21,1
2014-06-01,반송4교앞,478,41
2014-06-01,반송리,391,4
2014-06-01,반야월모란1차아파트,4411,2197
2014-06-01,반야월시장1,7210,2989
2014-06-01,반야월시장2,9643,1346
2014-06-01,반야월역(국철)건너,5299,2950
2014-06-01,반야월역(국철)앞,8400,1578
2014-06-01,반야월역(도시철도1번출구),1409,341
2014-06-01,반야월역(도시철도2번출구),6993,186
2014-06-01,반야월역(도시철도3번출구),5822,2777
2014-06-01,반야월역(도시철도4번출구)1,6382,2453
2014-06-01,반야월역(도시철도4번출구)2,2308,1606
2014-06-01,반야월저탄장건너,5378,3410
2014-06-01,반야월저탄장앞,10119,1135
2014-06-01,반월당역(1번출구)1,37842,9818
2014-06-01,반월당역(1번출구)2,5155,5387
2014-06-01,반월당역(2번출구),64168,36981
2014-06-01,방공포병학교건너,2219,257
2014-06-01,방공포병학교앞,904,2832
2014-06-01,방짜유기박물관건너,1111,4
2014-06-01,방짜유기박물관앞,39,117
2014-06-01,방천리1,159,29
2014-06-01,방천리2,494,76
2014-06-01,방천시장(김광석길)건너,18324,6700
2014-06-01,방천시장(김광석길)앞,14950,2910
2014-06-01,방촌1동,1161,10
2014-06-01,방촌건널목,110,1398
2014-06-01,방촌맨션앞,5497,1623
2014-06-01,방촌빌라,216,1052
2014-06-01,방촌시장건너,28535,3447
2014-06-01,방촌시장앞,17545,6163
2014-06-01,방촌역(1번출구),13951,5104
2014-06-01,방촌역(2번출구),13031,1266
2014-06-01,방촌치안센터건너,1807,1570
2014-06-01,방촌치안센터앞,5712,1730
2014-06-01,백사벌네거리1,2316,57
2014-06-01,백사벌네거리2,2886,1130
2014-06-01,백안교1,3,16
2014-06-01,백안교2,1313,132
2014-06-01,백안삼거리1,354,193
2014-06-01,백안삼거리2,5381,198
2014-06-01,백자맨션건너,151,730
2014-06-01,백자맨션앞,4587,1736
2014-06-01,범물1동주민센터건너,8192,1481
2014-06-01,범물1동주민센터앞,46325,1958
2014-06-01,범물2동주민센터건너,5018,558
2014-06-01,범물2동주민센터앞,16,320
2014-06-01,범물두성타운건너,407,22
2014-06-01,범물우방미진하이츠앞,5315,174
2014-06-01,범물청구맨션건너,597,2843
2014-06-01,범물청구맨션앞,47225,3554
2014-06-01,범물하이츠 건너,3307,3585
2014-06-01,범물하이츠앞,24520,203
2014-06-01,범물한라주택건너,26747,1033
2014-06-01,범물한라주택앞,3547,4617
2014-06-01,범어2동1,204,2326
2014-06-01,범어2동2,1112,153
2014-06-01,범어4동주민센터건너,25189,6376
2014-06-01,범어4동주민센터앞,10919,9438
2014-06-01,범어쌍용예가건너,7981,7628
2014-06-01,범어쌍용예가앞,12417,2629
2014-06-01,범어역(1번출구),20336,3133
2014-06-01,범어역(2번출구),10923,5273
2014-06-01,법원건너,18324,14299
2014-06-01,법원앞,27999,5917
2014-06-01,법원어린이집,679,1538
2014-06-01,베어산업건너,565,0
2014-06-01,베어산업앞,55,21
2014-06-01,병무청중앙신체검사소,43,22
2014-06-01,보람타운건너,189,543
2014-06-01,보람타운앞,8470,2292
2014-06-01,보병50사단건너,4081,468
2014-06-01,보병50사단앞,1663,406
2014-06-01,보성기계건너,1896,209
2014-06-01,보성기계앞,34,128
2014-06-01,보성산호타운건너,5006,725
2014-06-01,보성산호타운앞,2768,1256
2014-06-01,보성서한타운앞,4320,901
2014-06-01,보성은하타운앞,3078,53
2014-06-01,보성화성타운건너,26418,2602
2014-06-01,보성화성타운앞,8097,5994
2014-06-01,보훈병원건너,4,29
2014-06-01,보훈병원앞,3344,103
2014-06-01,복음간호학원,8495,927
2014-06-01,복현네거리,6534,10226
2014-06-01,복현대백맨션건너,17121,1967
2014-06-01,복현대백맨션앞,3565,3212
2014-06-01,복현서한2차아파트,2487,3512
2014-06-01,복현성모약국앞,2800,1037
2014-06-01,복현오거리1,55623,9668
2014-06-01,복현오거리2,12981,4179
2014-06-01,복현오거리3,274,211
2014-06-01,복현우방아파트,10087,1718
2014-06-01,복현우체국건너,49506,4747
2014-06-01,복현우체국앞,8455,7821
2014-06-01,복현장미맨션앞,2188,953
2014-06-01,복현푸르지오아파트건너,15948,1392
2014-06-01,복현현대맨션건너,2708,62
2014-06-01,복현현대맨션앞,701,293
2014-06-01,본동시장건너,7920,934
2014-06-01,본동시장앞,1642,1715
2014-06-01,본리1리,189,72
2014-06-01,본리1리동회관건너,540,441
2014-06-01,본리1리동회관앞,27,41
2014-06-01,본리2,1734,193
2014-06-01,본리근린공원건너,5,0
2014-06-01,본리네거리,3055,457
2014-06-01,본리네거리2,9310,1630
2014-06-01,본리네거리3,3402,1648
2014-06-01,본리도서관앞,2139,338
2014-06-01,본리롯데캐슬,2400,182
2014-06-01,본리아카시아맨션,5075,1289
2014-06-01,본리지구건너,1372,495
2014-06-01,본리지구앞,7994,1161
2014-06-01,본리초등학교건너,9579,1980
2014-06-01,본리초등학교앞,7605,1631
2014-06-01,본리치안센터건너,3549,432
2014-06-01,본리치안센터앞,3563,1497
2014-06-01,본말(종점),32,0
2014-06-01,봉덕119안전센터건너,921,50
2014-06-01,봉덕119안전센터앞,495,146
2014-06-01,봉덕2동새마을금고건너,1368,275
2014-06-01,봉덕2동새마을금고앞,1058,813
2014-06-01,봉덕교회건너,14394,2157
2014-06-01,봉덕교회앞,3702,1148
2014-06-01,봉덕변전소건너,3097,7
2014-06-01,봉덕변전소앞,5,40
2014-06-01,봉덕시장건너1,3742,1721
2014-06-01,봉덕시장건너2,560,315
2014-06-01,봉덕시장건너3,9850,665
2014-06-01,봉덕시장앞1,15065,1145
2014-06-01,봉덕시장앞2,4732,2150
2014-06-01,봉무공원건너,7930,1548
2014-06-01,봉무청구새들마을건너,18360,1739
2014-06-01,봉무청구새들마을앞,2540,744
2014-06-01,봉산가구골목(동편),3387,3304
2014-06-01,봉산가구골목(서편),2150,424
2014-06-01,봉산문화거리건너,23170,8753
2014-06-01,봉산문화거리앞,12898,4055
2014-06-01,봉산육거리,3774,461
2014-06-01,봉촌1리1,511,0
2014-06-01,봉촌1리2,5,58
2014-06-01,봉촌1리3,252,0
2014-06-01,봉촌2리,153,0
2014-06-01,봉촌낙동길입구,323,0
2014-06-01,봉촌낙동길입구건너,9,38
2014-06-01,봉촌리,290,0
2014-06-01,부곡리,15,3
2014-06-01,부곡리건너,97,112
2014-06-01,부남교앞,557,0
2014-06-01,부동,1081,35
2014-06-01,부동(종점),146,2
2014-06-01,부동농협,390,5
2014-06-01,부동삼거리,1,3
2014-06-01,부영3단지,2951,1814
2014-06-01,부영5단지,2041,417
2014-06-01,부영7단지건너,653,3
2014-06-01,부영7단지앞,21,64
2014-06-01,부인사건너,45,17
2014-06-01,부인사앞,69,1
2014-06-01,북구구민운동장건너,8009,1082
2014-06-01,북구구민운동장앞,2195,1602
2014-06-01,북구보건소건너,4145,1670
2014-06-01,북구보건소앞,8733,366
2014-06-01,북구선거관리위원회건너,5880,500
2014-06-01,북구선거관리위원회앞,7424,2978
2014-06-01,북구어울아트센터앞,108,97
2014-06-01,북구청건너,13801,4444
2014-06-01,북구청네거리1,1790,2146
2014-06-01,북구청네거리2,2953,335
2014-06-01,북구청앞,13094,1627
2014-06-01,북구청역(3번출구),14009,4202
2014-06-01,북구청역(4번출구),6014,2741
2014-06-01,북대구세무서건너,8096,759
2014-06-01,북대구세무서앞,4218,1021
2014-06-01,북대구초등학교건너,2460,72
2014-06-01,북대구초등학교앞,682,194
2014-06-01,북동초등학교건너,1458,785
2014-06-01,북동초등학교앞,4833,82
2014-06-01,북리1,3339,1361
2014-06-01,북리2,21861,382
2014-06-01,북부경찰서건너,2025,979
2014-06-01,북부상수도사업소,162,934
2014-06-01,북부정류장,91047,17636
2014-06-01,북부정류장건너,44082,15607
2014-06-01,북비산네거리1,8021,5370
2014-06-01,북비산네거리2,9263,1500
2014-06-01,북중학교앞,2962,849
2014-06-01,북침산치안센터건너,7585,1643
2014-06-01,북침산치안센터앞,6798,2865
2014-06-01,불교한방병원건너1,521,213
2014-06-01,불교한방병원건너2,2234,238
2014-06-01,불교한방병원앞1,2759,187
2014-06-01,불교한방병원앞2,3124,594
2014-06-01,불로삼거리,1399,12195
2014-06-01,불로우방아파트건너,7535,2488
2014-06-01,불로우방아파트앞,8440,4845
2014-06-01,불로전통시장건너,42988,3957
2014-06-01,불로전통시장앞,16319,7136
2014-06-01,불로천주교회건너,12826,3438
2014-06-01,불로천주교회앞,21592,4515
2014-06-01,불로화훼단지건너,20,465
2014-06-01,불로화훼단지앞,596,839
2014-06-01,비산5동주민센터,4,0
2014-06-01,비산6동주민센터건너,484,868
2014-06-01,비산6동주민센터앞,428,27
2014-06-01,비산7동우체국건너,3388,4323
2014-06-01,비산7동우체국앞1,12002,4064
2014-06-01,비산7동우체국앞2,8671,2531
2014-06-01,비산웰빙하와이건너,2204,80
2014-06-01,비산웰빙하와이앞,1297,81
2014-06-01,비산지하도1,9455,5704
2014-06-01,비산지하도2,20793,4350
2014-06-01,비산초등학교건너,10549,1150
2014-06-01,비산초등학교앞,14299,1764
2014-06-01,비슬산휴양림주차장,89,7
2014-06-01,비원지구대건너,5586,428
2014-06-01,비원지구대앞,689,1520
2014-06-01,비철금속협업단지앞,6266,517
2014-06-01,사복동입구교차로,297,2220
2014-06-01,사복동입구교차로건너,29,443
2014-06-01,사월동(종점),753,38
2014-06-01,사월보성2차건너,55,148
2014-06-01,사월보성2차앞,2684,91
2014-06-01,사월역(2번출구),19345,2958
2014-06-01,사월역(4번출구),17981,10680
2014-06-01,사창마을앞,12,0
2014-06-01,산격4동주민센터건너,799,214
2014-06-01,산격4동주민센터앞,5579,620
2014-06-01,산격거평타운건너,1050,2983
2014-06-01,산격거평타운앞,2061,2731
2014-06-01,산격대우아파트앞,58348,7965
2014-06-01,산격문화회관건너,8942,795
2014-06-01,산격문화회관앞,3256,1547
2014-06-01,산격종합시장앞,58208,17919
2014-06-01,산격주공아파트건너,4274,5222
2014-06-01,산격주공아파트앞,24853,2786
2014-06-01,산격중학교건너,8461,12891
2014-06-01,산격중학교앞,10592,1801
2014-06-01,산격청구맨션앞,6247,3281
2014-06-01,산격초등학교건너,10884,647
2014-06-01,산격초등학교앞,9636,836
2014-06-01,산림조합중앙회건너,1809,2219
2014-06-01,산림조합중앙회앞,1554,725
2014-06-01,산업용재관,4230,2355
2014-06-01,삼덕교회,6362,5918
2014-06-01,삼덕동1,203,293
2014-06-01,삼덕동2,256,49
2014-06-01,삼덕성당앞,8199,1140
2014-06-01,삼리1리1,3,40
2014-06-01,삼리1리2,576,336
2014-06-01,삼리리1(논공),30,25
2014-06-01,삼리리2(논공),185,104
2014-06-01,삼보,973,104
2014-06-01,삼산리(범동교),39,17
2014-06-01,삼산리(삼산교회건너),181,0
2014-06-01,삼산리(삼산교회앞),3515,275
2014-06-01,삼산리(은지가든),0,17
2014-06-01,삼산리입구건너,458,5
2014-06-01,삼산리입구앞,4,148
2014-06-01,삼산지,9,0
2014-06-01,삼성공원아파트건너,342,231
2014-06-01,삼성래미안1차건너,5530,2390
2014-06-01,삼성래미안1차앞,4775,533
2014-06-01,삼성래미안2차건너,3882,776
2014-06-01,삼성래미안2차앞,4052,1843
2014-06-01,삼성명가타운,4106,1327
2014-06-01,삼성명가타운건너,921,462
2014-06-01,삼성물류센터앞,195,1106
2014-06-01,삼성한국형아파트건너,1125,41
2014-06-01,삼성한국형아파트앞,1181,579
2014-06-01,삼우섬유앞,329,21
2014-06-01,삼육구가든건너,214,12
2014-06-01,삼육구가든앞,120,2
2014-06-01,삼익THK건너,211,33
2014-06-01,삼익THK앞,262,24
2014-06-01,삼익뉴타운건너,7193,2043
2014-06-01,삼익뉴타운앞,12658,708
2014-06-01,삼정빌딩앞,894,284
2014-06-01,삼호아파트건너,702,212
2014-06-01,삼호아파트앞,1220,1220
2014-06-01,삼환맨션,490,76
2014-06-01,상공회의소건너,3759,1675
2014-06-01,상공회의소앞,5502,1058
2014-06-01,상당마을,70,1
2014-06-01,상동가압장건너,1702,129
2014-06-01,상동교1,193,82
2014-06-01,상동교2,1343,574
2014-06-01,상동네거리,3812,1706
2014-06-01,상동마을(둔산길),849,2
2014-06-01,상동시장앞,1927,443
2014-06-01,상동우체국건너,6204,2130
2014-06-01,상동우체국앞,22846,3259
2014-06-01,상동천주교회건너,318,423
2014-06-01,상동천주교회앞,1855,2386
2014-06-01,상록아파트,786,62
2014-06-01,상리공단,2143,142
2014-06-01,상리공단건너,1325,591
2014-06-01,상리동입구,1623,182
2014-06-01,상리동입구1,2,125
2014-06-01,상리동입구2,3862,20
2014-06-01,상리동종점,1,33
2014-06-01,상리동종점2,1132,1
2014-06-01,상리동종점3,2871,116
2014-06-01,상리마을건너,2,12
2014-06-01,상리마을앞,34,11
2014-06-01,상리지하도1,2338,71
2014-06-01,상리지하도2,1839,50
2014-06-01,상매동(저탄장),11,9
2014-06-01,상서고등학교건너,2419,137
2014-06-01,상서고등학교앞,1616,199
2014-06-01,상수도사업본부,7322,3622
2014-06-01,상수도사업본부건너,8326,14042
2014-06-01,상수도사업본부시설관리소건너,9904,1644
2014-06-01,상수도사업본부시설관리소앞,1572,1204
2014-06-01,상수도중남부사업소건너,1734,725
2014-06-01,상수도중남부사업소앞,314,152
2014-06-01,상원리(마을회관),18,0
2014-06-01,상인2동주민센터건너,6258,333
2014-06-01,상인동서타운앞,18286,2870
2014-06-01,상인동화아이위시아파트건너,21123,1378
2014-06-01,상인동화아이위시아파트앞,2548,1621
2014-06-01,상인비둘기1단지아파트건너,4601,852
2014-06-01,상인비둘기1단지아파트앞,17633,870
2014-06-01,상인비둘기2단지아파트앞,15438,1228
2014-06-01,상인삼미타운건너,2910,12159
2014-06-01,상인삼미타운앞,5638,566
2014-06-01,상인역e-편한세상앞,7105,19505
2014-06-01,상인우방아파트,13237,29350
2014-06-01,상인은행아파트건너,6643,1559
2014-06-01,상인은행아파트앞,7078,1063
2014-06-01,상인자이앞,6566,2499
2014-06-01,상인장미아파트앞,11047,984
2014-06-01,상인제림아파트건너,2367,371
2014-06-01,상인제림아파트앞,1608,1110
2014-06-01,상인청구타운건너,3343,244
2014-06-01,상인청구타운앞,1759,258
2014-06-01,상인초등학교앞,3236,2589
2014-06-01,상인한서타운앞,3857,999
2014-06-01,상인현대맨션건너,79930,4216
2014-06-01,상인현대맨션앞,24108,33798
2014-06-01,상인화성파크드림건너,1134,741
2014-06-01,상인화성파크드림앞,1379,152
2014-06-01,상화네거리,222,1062
2014-06-01,새길시장건너,11516,8279
2014-06-01,새길시장앞,37448,4559
2014-06-01,새동네아파트건너,35,3
2014-06-01,새동네아파트앞,473,1573
2014-06-01,새마을건너,3,26
2014-06-01,새범어아파트건너,1384,238
2014-06-01,새범어아파트앞,1802,155
2014-06-01,새본리중학교앞,1336,484
2014-06-01,샤니삼거리1,180,0
2014-06-01,샤니삼거리2,2,0
2014-06-01,서구문화회관건너,3319,916
2014-06-01,서구문화회관앞,8224,1803
2014-06-01,서구시장건너,21519,6485
2014-06-01,서구시장앞,16051,5194
2014-06-01,서구제일사회복지관건너,1411,2555
2014-06-01,서구제일사회복지관앞,4605,498
2014-06-01,서구청건너,48229,6779
2014-06-01,서구청앞,50137,7158
2014-06-01,서남시장건너,26645,18757
2014-06-01,서남시장앞1,31424,6590
2014-06-01,서남시장앞2,14038,3005
2014-06-01,서당마을건너,867,80
2014-06-01,서당마을앞,22,41
2014-06-01,서대구고속버스터미널,331,1561
2014-06-01,서대구공단네거리1,890,68
2014-06-01,서대구공단네거리2,363,63
2014-06-01,서대구공단네거리3,2791,331
2014-06-01,서대구공단네거리4,4587,1790
2014-06-01,서대구세무서,12191,24023
2014-06-01,서대구시장건너,12146,5750
2014-06-01,서대구시장앞,14044,4896
2014-06-01,서대구초등학교입구,23159,8860
2014-06-01,서대명지구대건너,7475,1602
2014-06-01,서대명지구대앞,2707,956
2014-06-01,서도초등학교건너,2865,1751
2014-06-01,서도초등학교서편1,5,0
2014-06-01,서도초등학교서편2,99,249
2014-06-01,서도초등학교앞,9273,773
2014-06-01,서문시장,71033,10423
2014-06-01,서문시장5지구앞,1622,1066
2014-06-01,서변동영남네오빌건너,4617,309
2014-06-01,서변동영남네오빌앞,4835,391
2014-06-01,서부고등학교건너,2234,482
2014-06-01,서부고등학교앞,3794,129
2014-06-01,서부공업고등학교건너,10745,11577
2014-06-01,서부공업고등학교앞,29540,1467
2014-06-01,서부소방서,9,102
2014-06-01,서부시장건너,26501,11527
2014-06-01,서부시장앞,22672,5473
2014-06-01,서부정류장(관문시장건너),95967,17517
2014-06-01,서부정류장(관문시장앞),36188,10225
2014-06-01,서부정류장1,81829,10982
2014-06-01,서부정류장2,5934,1846
2014-06-01,서부정류장3(성당못역1번출구),24993,34095
2014-06-01,서부정류장4(성당못역1번출구),2710,1260
2014-06-01,서부중학교앞,8630,5942
2014-06-01,서영기공건너,383,0
2014-06-01,서영기공앞,0,36
2014-06-01,서재금봉타운,188,1082
2014-06-01,서재금봉타운건너,26196,147
2014-06-01,서재들,36,3
2014-06-01,서재들건너,48,14
2014-06-01,서재보성타운건너,20323,117
2014-06-01,서재보성타운앞,173,259
2014-06-01,서진중학교건너,696,581
2014-06-01,서평초등학교,2939,1423
2014-06-01,서평초등학교건너,2643,392
2014-06-01,선녀곡건너(옥포),251,78
2014-06-01,선녀곡앞(옥포),53,309
2014-06-01,설티고개(달성공단방면),7,5
2014-06-01,설티고개(옥포방면),41,3
2014-06-01,설화동(종점),303,19
2014-06-01,설화리(시내방향),13997,946
2014-06-01,설화리(시외방향),799,893
2014-06-01,설화명곡역(4번출구),1,109
2014-06-01,섬뜸마을,713,0
2014-06-01,섬유회관건너1,55956,17575
2014-06-01,섬유회관건너2,9861,3412
2014-06-01,섬유회관앞,67599,21283
2014-06-01,성곡중학교건너,1523,575
2014-06-01,성곡중학교앞,1503,35
2014-06-01,성광고등학교건너,11667,3393
2014-06-01,성광고등학교앞,443,913
2014-06-01,성남초등학교건너,1187,1804
2014-06-01,성남초등학교앞,5313,378
2014-06-01,성내3동주민센터입구,1134,1704
2014-06-01,성당두산위브앞,24629,1875
2014-06-01,성당래미안·e-편한세상앞,11314,2946
2014-06-01,성당못역북편1,763,1030
2014-06-01,성당못역북편2,2319,213
2014-06-01,성당보성아파트건너,29654,6694
2014-06-01,성당보성아파트앞,13397,3994
2014-06-01,성당시장건너,29761,5191
2014-06-01,성당시장앞1,5228,571
2014-06-01,성당시장앞2,34438,3395
2014-06-01,성당초교앞,1029,309
2014-06-01,성당코오롱하늘채,8951,1398
2014-06-01,성당코오롱하늘채2,12928,6383
2014-06-01,성당포스코더샵건너,5527,1593
2014-06-01,성당포스코더샵앞,15119,1093
2014-06-01,성동건너,235,268
2014-06-01,성동마을건너,134,60
2014-06-01,성동마을앞,439,6
2014-06-01,성동앞,104,55
2014-06-01,성동초등학교건너,11298,2337
2014-06-01,성동초등학교앞,17449,1598
2014-06-01,성동탱자나무마을건너,18,28
2014-06-01,성동탱자나무마을앞,71,47
2014-06-01,성림첨단산업건너,80,7
2014-06-01,성림첨단산업앞,282,8
2014-06-01,성명119안전센터건너1,4314,4008
2014-06-01,성명119안전센터앞,2490,367
2014-06-01,성명여자중학교,399,268
2014-06-01,성모여성병원건너,33306,4671
2014-06-01,성모여성병원앞,33108,18277
2014-06-01,성보교통,1234,64
2014-06-01,성북교1,11772,1874
2014-06-01,성북교2,7520,3465
2014-06-01,성북시장건너,2780,797
2014-06-01,성북시장앞,9847,2755
2014-06-01,성산3동,2,19
2014-06-01,성산리1,54,40
2014-06-01,성산리2,619,122
2014-06-01,성산중학교앞,2292,204
2014-06-01,성산초등학교앞,620,100
2014-06-01,성서119안전센터건너,22,3242
2014-06-01,성서119안전센터앞,16731,160
2014-06-01,성서4차산업단지앞1,512,112
2014-06-01,성서공단물류센터,519,3
2014-06-01,성서농협남부지소,11707,3547
2014-06-01,성서동서서한타운건너,4362,498
2014-06-01,성서동서서한타운앞,5874,267
2014-06-01,성서보성타운2차건너1,251,553
2014-06-01,성서보성타운2차건너2,1151,119
2014-06-01,성서보성타운2차앞,9193,1769
2014-06-01,성서산업단지역(1번출구),5722,3019
2014-06-01,성서산업단지역(2번출구),10797,1324
2014-06-01,성서서한2차타운1,8863,380
2014-06-01,성서서한2차타운2,331,838
2014-06-01,성서우방2차아파트,1617,423
2014-06-01,성서우방타운건너,20257,3192
2014-06-01,성서우방타운앞,13467,2551
2014-06-01,성서우체국건너,1902,397
2014-06-01,성서우체국앞,513,1336
2014-06-01,성서종합시장건너,20593,6985
2014-06-01,성서종합시장앞,52814,5715
2014-06-01,성서주공1단지건너,10552,1064
2014-06-01,성서주공1단지앞,2267,1765
2014-06-01,성서주공2단지건너,14407,6777
2014-06-01,성서주공2단지앞,35032,2461
2014-06-01,성서주공5단지앞,479,220
2014-06-01,성서청구타운건너,8554,1647
2014-06-01,성서청구타운앞,6745,451
2014-06-01,성서초등학교건너,4942,1256
2014-06-01,성서초등학교앞,58,512
2014-06-01,성서푸른마을아파트건너,10846,910
2014-06-01,성서푸른마을아파트앞,2191,932
2014-06-01,성서한샘타운앞,2001,103
2014-06-01,성서협업단지건너,116,7
2014-06-01,성서협업단지앞,24,17
2014-06-01,성요셉요양병원건너,209,531
2014-06-01,성요셉요양병원앞,2224,122
2014-06-01,성원아파트건너,1616,243
2014-06-01,성원아파트앞,7270,478
2014-06-01,성주사건너,147,30
2014-06-01,성주사앞,21,143
2014-06-01,성지중학교건너,5534,1021
2014-06-01,성지중학교앞,6783,5111
2014-06-01,성하리,11,648
2014-06-01,성화여고건너,11670,586
2014-06-01,성화여고앞,6284,3715
2014-06-01,세강병원앞,7099,22428
2014-06-01,세원정공건너,12153,540
2014-06-01,세원정공앞,1768,3668
2014-06-01,세천고개1,390,14
2014-06-01,세천고개2,237,36
2014-06-01,세천리2,375,12
2014-06-01,세천리3,572,23
2014-06-01,세하건너,5,22
2014-06-01,세하앞,1,12
2014-06-01,세흥인쇄,896,175
2014-06-01,소선여중건너,3900,3902
2014-06-01,소선여중앞,126,448
2014-06-01,솔렌스힐건너,5117,889
2014-06-01,솔렌스힐앞,1988,426
2014-06-01,솔밭기세길건너,1,25
2014-06-01,솔밭기세길입구,241,0
2014-06-01,솔비식당입구,10,3
2014-06-01,솔비식당입구맞은편,760,80
2014-06-01,송원맨션건너,11748,1084
2014-06-01,송원맨션앞,4122,1148
2014-06-01,송정1동,2,2
2014-06-01,송정동1,52,11
2014-06-01,송정동2,29,0
2014-06-01,송정동3,69,8
2014-06-01,송정동4,36,62
2014-06-01,송정마을1,5,34
2014-06-01,송정마을2,153,1
2014-06-01,송정삼거리1,380,260
2014-06-01,송정삼거리2,253,528
2014-06-01,송정삼거리3,5011,1233
2014-06-01,송정삼거리4,7040,1079
2014-06-01,송해공원,7,2
2014-06-01,송현1동치안센터건너,7000,1568
2014-06-01,송현2동주민센터건너,669,231
2014-06-01,송현공원건너,641,230
2014-06-01,송현공원앞,571,739
2014-06-01,송현교,1133,84
2014-06-01,송현교2,250,59
2014-06-01,송현여중고교건너,3566,803
2014-06-01,송현여중고교앞,4907,4105
2014-06-01,송현역(1번출구),12595,2264
2014-06-01,송현역(2번출구),18148,3300
2014-06-01,송현역(3번출구),18825,13774
2014-06-01,송현역(4번출구),7302,3987
2014-06-01,송현제림타운건너,5501,8858
2014-06-01,송현제림타운앞,3380,788
2014-06-01,송현초등학교건너,3783,822
2014-06-01,송현초등학교앞,9721,345
2014-06-01,수리리,77,82
2014-06-01,수성4가동주민센터앞,822,132
2014-06-01,수성경찰서건너,26238,7046
2014-06-01,수성경찰서앞,17864,10671
2014-06-01,수성고등학교건너,5159,916
2014-06-01,수성고등학교앞,3553,497
2014-06-01,수성관광호텔건너,2919,475
2014-06-01,수성관광호텔앞,2643,396
2014-06-01,수성교1,8754,5173
2014-06-01,수성교2,6808,3648
2014-06-01,수성구민운동장건너,8365,2326
2014-06-01,수성구민운동장앞,6134,11821
2014-06-01,수성구보건소건너,25695,2216
2014-06-01,수성구보건소앞,10680,3906
2014-06-01,수성구청건너,27249,10699
2014-06-01,수성구청앞,25789,7369
2014-06-01,수성네거리1,15313,6603
2014-06-01,수성네거리2,13547,2994
2014-06-01,수성대학교건너,38342,8584
2014-06-01,수성대학교앞,17839,15242
2014-06-01,수성도서관건너,13813,2284
2014-06-01,수성도서관앞,7138,3101
2014-06-01,수성동삼익맨션앞,4,0
2014-06-01,수성동일하이빌앞,1062,103
2014-06-01,수성랜드1,4313,312
2014-06-01,수성랜드2,1528,3377
2014-06-01,수성랜드건너,1878,646
2014-06-01,수성랜드건너2,531,583
2014-06-01,수성랜드앞,1221,2068
2014-06-01,수성롯데캐슬건너,13666,2044
2014-06-01,수성롯데캐슬앞,18454,5143
2014-06-01,수성못건너,1201,445
2014-06-01,수성못앞,1985,686
2014-06-01,수성못오거리1,13571,2736
2014-06-01,수성못오거리2,13344,2935
2014-06-01,수성못오거리5,866,448
2014-06-01,수성못코오롱하늘채,4654,3378
2014-06-01,수성소방서1,355,1381
2014-06-01,수성소방서2,172,1681
2014-06-01,수성시니어클럽건너,2422,2559
2014-06-01,수성시니어클럽앞,6566,1134
2014-06-01,수성시장건너,2931,1050
2014-06-01,수성시장네거리1,12462,2119
2014-06-01,수성시장네거리2,14000,6293
2014-06-01,수성시장앞,2639,901
2014-06-01,수성아트피아건너,7466,3299
2014-06-01,수성아트피아앞,4921,2677
2014-06-01,수성요양병원,613,84
2014-06-01,수성월드메르디앙건너,514,135
2014-06-01,수성월드메르디앙앞,1021,60
2014-06-01,수성초등학교,7041,2559
2014-06-01,수성태영데시앙건너,1517,770
2014-06-01,수성태영데시앙앞,4269,589
2014-06-01,수성하이츠,2815,174
2014-06-01,수정맨션앞,1897,186
2014-06-01,수창초등학교,717,4057
2014-06-01,수태골건너,4,2
2014-06-01,수태골앞,98,2
2014-06-01,스파밸리1,115,351
2014-06-01,스파밸리2,9747,34
2014-06-01,시립희망원,1009,473
2014-06-01,시민교회건너,1116,110
2014-06-01,시민교회앞,642,588
2014-06-01,시민운동장(야구장건너),3419,562
2014-06-01,시민운동장(야구장앞),3049,607
2014-06-01,시민운동장(축구장건너),3961,3809
2014-06-01,시민운동장(축구장앞),4787,864
2014-06-01,시지(종점),2111,357
2014-06-01,시지대성유니드건너,780,39
2014-06-01,시지대성유니드앞,2059,1509
2014-06-01,시지보성아파트앞,24932,9033
2014-06-01,시지중학교,19047,973
2014-06-01,시지천마타운앞,4097,1576
2014-06-01,시청별관건너1,8426,2726
2014-06-01,시청별관건너2,6025,1283
2014-06-01,시청별관앞(구.경북도청),5702,4181
2014-06-01,신기리1,44,48
2014-06-01,신기리2,307,110
2014-06-01,신기역(화성타운건너),10032,1470
2014-06-01,신기역(화성타운앞),13659,1464
2014-06-01,신남역(1번출구),4777,1217
2014-06-01,신당동주민센터건너,1652,847
2014-06-01,신당동주민센터앞,10078,495
2014-06-01,신당리,1201,12
2014-06-01,신덕마을입구,318,128
2014-06-01,신도운수건너,1159,123
2014-06-01,신도운수앞,1087,122
2014-06-01,신매광장건너,42403,8008
2014-06-01,신매광장앞,47403,8180
2014-06-01,신매시장,4572,11213
2014-06-01,신매초등학교건너,9046,1770
2014-06-01,신매초등학교앞,8200,2041
2014-06-01,신매태성아파트,76,587
2014-06-01,신매태성아파트건너,6811,2015
2014-06-01,신무동1,719,0
2014-06-01,신무동2,5,7
2014-06-01,신생원건너,0,2
2014-06-01,신생원앞,12,2
2014-06-01,신서성당건너,4187,346
2014-06-01,신서성당앞,2,302
2014-06-01,신성에스앤티건너,687,63
2014-06-01,신성에스앤티앞,115,3
2014-06-01,신성중공업건너,4,109
2014-06-01,신성중공업앞,344,1
2014-06-01,신성초등학교건너,7893,9773
2014-06-01,신성초등학교앞,7899,1363
2014-06-01,신세계병원건너,23186,14266
2014-06-01,신세계병원앞,10488,10276
2014-06-01,신세계주유소건너,6987,317
2014-06-01,신세계주유소앞,971,1160
2014-06-01,신세월입구,21,0
2014-06-01,신신정비공장1,10283,5494
2014-06-01,신신정비공장2,30361,23942
2014-06-01,신암건영캐스빌건너,4177,707
2014-06-01,신암건영캐스빌앞,1821,94
2014-06-01,신암보성아파트건너,1373,555
2014-06-01,신암보성아파트앞,1144,997
2014-06-01,신암초등학교건너,5291,2553
2014-06-01,신천3동행정복지센터건너,4129,531
2014-06-01,신천3동행정복지센터앞,2183,2337
2014-06-01,신천3치안센터건너,4210,1412
2014-06-01,신천3치안센터앞,5893,3374
2014-06-01,신천LH아파트건너,8403,2067
2014-06-01,신천LH아파트앞,14225,5005
2014-06-01,신천교1,1842,726
2014-06-01,신천교2,1675,265
2014-06-01,신천시장건너,3192,623
2014-06-01,신천시장앞,4335,1330
2014-06-01,신천역(2번출구),4188,1903
2014-06-01,신천역(3번출구),2284,774
2014-06-01,신천역(4번출구),7113,2079
2014-06-01,신천역(5번출구),10544,1979
2014-06-01,신천초등학교건너,612,48
2014-06-01,신천초등학교앞,428,83
2014-06-01,신평동1,511,1772
2014-06-01,신평동2,2940,181
2014-06-01,신평리네거리1,23353,9993
2014-06-01,신평리네거리2,29098,9800
2014-06-01,신평리주유소건너,1723,242
2014-06-01,신평리주유소앞,627,330
2014-06-01,신흥버스,16692,2577
2014-06-01,실내체육관건너,4070,737
2014-06-01,실내체육관앞,4183,1424
2014-06-01,심신수련장입구건너,1406,176
2014-06-01,심신수련장입구앞,880,183
2014-06-01,심인고등학교건너,25517,3254
2014-06-01,심인고등학교앞,13991,2315
2014-06-01,쌍용머티리얼,1580,73
2014-06-01,아너스월성앞,3644,547
2014-06-01,아멕스,423,13
2014-06-01,아멕스건너,819,7
2014-06-01,아양교1,3600,1121
2014-06-01,아양교2,13363,14026
2014-06-01,아양교3,1121,23359
2014-06-01,아양교4,4875,968
2014-06-01,아양교역(1번출구),76029,73363
2014-06-01,아양교역(2번출구),86441,8834
2014-06-01,아양아트센터건너,4252,348
2014-06-01,아양아트센터앞,1577,279
2014-06-01,아주섬유건너,9,41
2014-06-01,아주섬유앞,150,3
2014-06-01,아주철강건너,188,8
2014-06-01,아주철강앞,89,0
2014-06-01,안심교(경산방향),196,83
2014-06-01,안심교(반야월방향),625,6512
2014-06-01,안심신우타운앞,2118,3645
2014-06-01,안심역(1번출구),905,71
2014-06-01,안심역(4번출구),50294,394
2014-06-01,안심역(5번출구),5816,38389
2014-06-01,안심주공1단지건너,13090,1510
2014-06-01,안심주공1단지앞,6518,777
2014-06-01,안심주공2단지앞,494,1272
2014-06-01,안심중학교건너,1346,1753
2014-06-01,안심중학교앞,1973,1180
2014-06-01,안심효성타운건너,12136,1663
2014-06-01,안심효성타운앞,25893,2114
2014-06-01,안지랑네거리1,25174,8612
2014-06-01,안지랑네거리2,28910,8632
2014-06-01,앞산공원,13369,4590
2014-06-01,앞산공원관리사무소건너,457,82
2014-06-01,앞산공원관리사무소앞,10,804
2014-06-01,앞산궁도장건너,723,128
2014-06-01,앞산궁도장앞,434,53
2014-06-01,앞산별자리체험학습장1,3530,41
2014-06-01,앞산별자리체험학습장2,154,733
2014-06-01,앞산보성타운건너,43,48
2014-06-01,앞산보성타운앞,2778,2
2014-06-01,앞산빨래터공원,848,155
2014-06-01,앞산빨래터공원1,1074,76
2014-06-01,앞산자락카페마실건너,40,167
2014-06-01,앞산자락카페마실앞,1277,475
2014-06-01,앞산청구제네스건너,6165,2282
2014-06-01,앞산청구제네스앞,14664,2001
2014-06-01,앞산힐스테이트건너,2968,581
2014-06-01,앞산힐스테이트앞,1154,309
2014-06-01,약령시건너(동성로입구),209044,35079
2014-06-01,약령시앞,147766,65684
2014-06-01,약령시입구,3573,1871
2014-06-01,약사회관건너,322,68
2014-06-01,약사회관앞,633,58
2014-06-01,약산온천,1,0
2014-06-01,약산온천입구,950,305
2014-06-01,양지마을건너,210,327
2014-06-01,양지마을앞,4929,20
2014-06-01,어린이회관건너1,2811,5296
2014-06-01,어린이회관건너2,58,453
2014-06-01,어린이회관앞,6863,3297
2014-06-01,에이스이노텍건너,118,10
2014-06-01,에이스이노텍앞,426,190
2014-06-01,엑스코건너,5972,1849
2014-06-01,엑스코앞,19402,738
2014-06-01,엘디스리젠트호텔건너,5796,4946
2014-06-01,엘디스리젠트호텔앞,4595,6582
2014-06-01,여성메디파크,981,564
2014-06-01,역전시장건너,5487,1102
2014-06-01,역전시장앞,6219,869
2014-06-01,연경1,70,41
2014-06-01,연경2,357,4
2014-06-01,연암네거리1,19260,3572
2014-06-01,연암네거리2,3898,357
2014-06-01,연암네거리3,194,2496
2014-06-01,연젓마을건너,25,0
2014-06-01,연젓마을입구,1,4
2014-06-01,연호동,0,8
2014-06-01,연호동(종점),69,2
2014-06-01,연호동화훼단지1,4120,3187
2014-06-01,연호동화훼단지2,13191,850
2014-06-01,연호역(3번출구),79,15
2014-06-01,연호역(3번출구)건너,0,40
2014-06-01,연호지,324,552
2014-06-01,연호지건너,273,5549
2014-06-01,연화리1,7,6
2014-06-01,연화리2,6,219
2014-06-01,열병합발전소건너,1,0
2014-06-01,열병합발전소앞,0,1
2014-06-01,영남고등학교건너,18176,18430
2014-06-01,영남고등학교앞,38054,3299
2014-06-01,영남네오빌건너,1152,58
2014-06-01,영남네오빌비스타,1171,301
2014-06-01,영남네오빌앞,382,551
2014-06-01,영남농업연구소콩연구,4,9
2014-06-01,영남우방타운1차건너,4069,375
2014-06-01,영남우방타운1차앞,5905,313
2014-06-01,영남이공대학건너,16346,3590
2014-06-01,영남이공대학앞,30539,1302
2014-06-01,영남일보건너,3104,553
2014-06-01,영남종합전기,485,101
2014-06-01,영대병원역,42041,3699
2014-06-01,영대병원역(3번출구),36274,15428
2014-06-01,영일무역건너,421,13
2014-06-01,영일무역앞,113,97
2014-06-01,영조아파트건너,3,42
2014-06-01,영조아파트앞,2814,18
2014-06-01,영진고등학교건너,23348,2693
2014-06-01,영진고등학교앞,45217,17896
2014-06-01,영진교통(종점),540,17
2014-06-01,영진산업,366,12
2014-06-01,영진전문대학정문건너,11507,1924
2014-06-01,영진전문대학정문앞,19962,3801
2014-06-01,영진전문대학후문건너,30155,5610
2014-06-01,영진전문대학후문앞,40863,14102
2014-06-01,영화,660,110
2014-06-01,예현2리마을회관,346,4
2014-06-01,오뚜기물류센터,205,11
2014-06-01,오설리,0,2
2014-06-01,오성아파트,321,5531
2014-06-01,오페라삼정그린코아APT,15671,2765
2014-06-01,오페라하우스건너,1311,419
2014-06-01,오페라하우스앞,1196,483
2014-06-01,옥분리(구진터),157,1
2014-06-01,옥분리1,48,36
2014-06-01,옥분리마을회관앞,248,3
2014-06-01,옥산정미소,336,3
2014-06-01,옥연지,0,4
2014-06-01,옥연지건너,15,50
2014-06-01,옥포간경리1,1609,852
2014-06-01,옥포간경리2,8694,408
2014-06-01,옥포농협,273,25
2014-06-01,옥포농협강림지소건너,980,523
2014-06-01,옥포농협강림지소앞,5586,94
2014-06-01,옥포농협건너,4951,106
2014-06-01,옥포농협앞,998,225
2014-06-01,옥포무지개마을,4177,95
2014-06-01,옥포주유소앞,196,116
2014-06-01,옥포중앙교회앞,103,46
2014-06-01,옥포초등학교건너,800,580
2014-06-01,옥포초등학교앞,5014,656
2014-06-01,올림픽기념관건너,8509,3911
2014-06-01,올림픽기념관앞,14657,2360
2014-06-01,와룡공원건너,407,688
2014-06-01,와룡공원앞,902,133
2014-06-01,와룡시장,6792,337
2014-06-01,와룡시장건너,2424,636
2014-06-01,용계동1,12,25
2014-06-01,용계동2,541,766
2014-06-01,용계동3,3281,260
2014-06-01,용계동4,376,174
2014-06-01,용계삼거리1,10287,10313
2014-06-01,용계삼거리2,3540,2596
2014-06-01,용계삼거리3,624,633
2014-06-01,용계삼거리4,474,892
2014-06-01,용계역(1번출구),19673,3583
2014-06-01,용계역(2번출구),4780,1055
2014-06-01,용산1동주민센터건너,8271,3313
2014-06-01,용산1동주민센터앞,4120,1528
2014-06-01,용산2동주민센터건너,4804,2431
2014-06-01,용산2동주민센터앞,34618,2520
2014-06-01,용산네거리1,27254,4487
2014-06-01,용산네거리2,59006,16092
2014-06-01,용산역,1668,84
2014-06-01,용산역(1번출구),1176,287
2014-06-01,용산역(2번출구),42406,6265
2014-06-01,용산종합큰시장건너,13045,843
2014-06-01,용산종합큰시장앞,6711,1738
2014-06-01,용수동1,1,4
2014-06-01,용수동2,147,0
2014-06-01,용연사,478,6
2014-06-01,용연사시설집단지구건너,168,4
2014-06-01,용연사시설집단지구앞,92,37
2014-06-01,우록리,2,0
2014-06-01,우록리(부곡장식당),6,2
2014-06-01,우록리(선흥사입구),0,41
2014-06-01,우록리(종점),15486,7155
2014-06-01,우방강촌마을건너,33711,1379
2014-06-01,우방강촌마을앞,12979,2397
2014-06-01,우방금탑아파트(서편),2902,6593
2014-06-01,우방드림시티건너,2807,4331
2014-06-01,우방드림시티앞,7928,1441
2014-06-01,우방만촌하이츠건너,5003,2401
2014-06-01,우방만촌하이츠앞,5208,3821
2014-06-01,우방송현하이츠,842,134
2014-06-01,우방송현하이츠건너,187,30
2014-06-01,우방신세계타운앞,0,3
2014-06-01,우방신천지타운건너,3544,548
2014-06-01,우방신천지타운앞,12515,2883
2014-06-01,우방아파트삼거리,296,264
2014-06-01,우방죽전타운건너,10106,4233
2014-06-01,우방죽전타운앞1,7522,905
2014-06-01,우방죽전타운앞2,2319,361
2014-06-01,우방청솔맨션건너,12444,2326
2014-06-01,우방청솔맨션앞,16280,18961
2014-06-01,욱수초등학교건너,5683,2406
2014-06-01,욱수초등학교앞,38259,1116
2014-06-01,운암지공원1,465,6
2014-06-01,운암지공원2,24,251
2014-06-01,운암초등학교건너,11814,893
2014-06-01,운암초등학교앞,11221,55
2014-06-01,웃갈미마을건너,217,11
2014-06-01,웃갈미마을앞,2,12
2014-06-01,웃는얼굴아트센터1,845,21
2014-06-01,웃는얼굴아트센터2,657,82
2014-06-01,원대네거리,962,133
2014-06-01,원대시장건너,21399,2771
2014-06-01,원대시장건너2,1864,612
2014-06-01,원대시장앞,14442,6099
2014-06-01,원대역1,13778,22945
2014-06-01,원대역2,19182,3222
2014-06-01,원대오거리북편1,2496,2417
2014-06-01,원대오거리북편2,758,320
2014-06-01,원불교앞,776,625
2014-06-01,월곡네거리,205,624
2014-06-01,월광수변공원,3997,275
2014-06-01,월드컵삼거리,755,207
2014-06-01,월드컵삼거리앞,650,823
2014-06-01,월배농협대덕지점건너,3571,505
2014-06-01,월배시장건너,15396,5433
2014-06-01,월배시장앞,16985,1830
2014-06-01,월배쌍용예가건너,1284,3
2014-06-01,월배쌍용예가앞,8,55
2014-06-01,월배역(3번출구),10999,9139
2014-06-01,월배역(4번출구),10951,3221
2014-06-01,월배이안아파트건너,110,2
2014-06-01,월배이안아파트앞,30,12
2014-06-01,월배중학교건너,1728,1733
2014-06-01,월배중학교앞,780,729
2014-06-01,월배차량기지건너,3,20
2014-06-01,월배차량기지앞,114,2
2014-06-01,월배초등학교건너,9131,3498
2014-06-01,월배힐스테이트건너,1966,17
2014-06-01,월배힐스테이트앞,4,120
2014-06-01,월성1동주민센터건너,7360,1678
2014-06-01,월성1동주민센터앞,4598,215
2014-06-01,월성2동주민센터건너,16610,1995
2014-06-01,월성2동주민센터앞,31708,2694
2014-06-01,월성e-편한세상건너,17180,2647
2014-06-01,월성e-편한세상앞,924,2436
2014-06-01,월성영남맨션앞,814,411
2014-06-01,월성자이앞,112,383
2014-06-01,월성주공2단지앞,11826,1750
2014-06-01,월성주공3단지,1571,879
2014-06-01,월성주공4단지건너,39259,4303
2014-06-01,월성주공4단지앞1,2725,324
2014-06-01,월성주공4단지앞2,20295,3583
2014-06-01,월성주공5단지앞,7828,5487
2014-06-01,월성청구코아건너,25042,1876
2014-06-01,월성청구코아앞,18247,4847
2014-06-01,월성코오롱하늘채건너,321,75
2014-06-01,월성코오롱하늘채앞,3728,291
2014-06-01,월성푸르지오앞,18843,3015
2014-06-01,월암교1,935,8
2014-06-01,월암교2,272,61
2014-06-01,월촌고가교1,371,456
2014-06-01,월촌고가교2,2076,178
2014-06-01,월촌역(6번출구),21801,2124
2014-06-01,월촌역(7번출구),8603,4015
2014-06-01,월촌초등학교건너,1311,188
2014-06-01,월촌초등학교앞,1720,786
2014-06-01,위남마을입구,3344,563
2014-06-01,위천1리건너,427,27
2014-06-01,위천1리앞,1585,93
2014-06-01,위천삼거리(논공방향),476,56
2014-06-01,위천삼거리(현풍방향),191,145
2014-06-01,유가사(종점),683,28
2014-06-01,유가차천,2080,125
2014-06-01,유가차천1,364,501
2014-06-01,유곡리(회차지),12,4
2014-06-01,유니버시아드레포츠센터건너,3196,1408
2014-06-01,유니버시아드레포츠센터앞,852,684
2014-06-01,유니버시아드선수촌2단지건너,13552,4678
2014-06-01,유니버시아드선수촌2단지앞,3404,734
2014-06-01,유림물산,1580,323
2014-06-01,유림한의원건너,846,277
2014-06-01,유산리,151,7
2014-06-01,유신섬유네거리1,823,101
2014-06-01,유신섬유네거리2,3423,56
2014-06-01,유천교(유천치안센터건너),11268,6454
2014-06-01,유천교(유천치안센터앞),20836,12193
2014-06-01,유천교1,13039,360
2014-06-01,유천교2,476,3948
2014-06-01,유천포스코건너,2850,121
2014-06-01,유천포스코앞,4461,6768
2014-06-01,유통단지회차지,784,185
2014-06-01,유통단지회차지2,3486,27
2014-06-01,육상진흥센터건너,213,73
2014-06-01,육상진흥센터앞,231,261
2014-06-01,육신사,135,2
2014-06-01,율원초등학교건너,6,1584
2014-06-01,율원초등학교앞,3748,107
2014-06-01,율하역,869,2758
2014-06-01,율하역(4번출구),11366,1951
2014-06-01,율하역(5번출구),9694,834
2014-06-01,율하휴먼시아15단지앞,8746,4604
2014-06-01,율하휴먼시아5단지건너,117,200
2014-06-01,율하휴먼시아5단지앞,2403,634
2014-06-01,율하휴먼시아6단지건너,1427,667
2014-06-01,율하휴먼시아6단지앞,11587,648
2014-06-01,율하휴먼시아8단지앞,9308,260
2014-06-01,율하휴먼시아9단지앞,1427,495
2014-06-01,은하타운건너,884,1105
2014-06-01,은하타운앞,1231,2010
2014-06-01,은행APT입구,495,343
2014-06-01,읍내동주민센터건너,6046,2162
2014-06-01,읍내동주민센터앞,411,56
2014-06-01,응암1리1,49,25
2014-06-01,응암1리2,6,0
2014-06-01,응암2리,3,0
2014-06-01,응암2리건너,26,137
2014-06-01,응암2리앞,3,58
2014-06-01,응암3리1,7,0
2014-06-01,응암3리2,3,3
2014-06-01,이곡1동주민센터건너,9188,669
2014-06-01,이곡1동주민센터앞,3701,2779
2014-06-01,이곡마을,390,23
2014-06-01,이곡양수장건너,57,49
2014-06-01,이곡양수장앞,127,463
2014-06-01,이곡장미공원건너,4449,832
2014-06-01,이곡장미공원앞,3924,788
2014-06-01,이마트경산점,8219,3330
2014-06-01,이마트반야월점건너,1420,226
2014-06-01,이마트반야월점앞,3073,813
2014-06-01,이마트시지점건너,4544,1226
2014-06-01,이마트시지점앞,396,496
2014-06-01,이마트월배점건너,264,2421
2014-06-01,이마트월배점앞,8035,931
2014-06-01,이마트칠성점앞,2151,1378
2014-06-01,이마트트레이더스건너,15260,2945
2014-06-01,이마트트레이더스앞,17239,4474
2014-06-01,이시아폴리스더샵1단지,40169,1242
2014-06-01,이시아폴리스더샵2단지,3741,1022
2014-06-01,이월드(구.우방랜드)건너,1678,137
2014-06-01,이월드(구.우방랜드)앞,548,165
2014-06-01,이월드(구.우방랜드)정문,7037,6966
2014-06-01,이월드(구.우방랜드)후문건너,2674,1448
2014-06-01,이월드(구.우방랜드)후문앞,1834,363
2014-06-01,이천동,5,16
2014-06-01,이천동(종점),60,1
2014-06-01,이천리(시내방향),137,2
2014-06-01,이천리(시외방향),75,2
2014-06-01,이천새마을금고건너,9479,598
2014-06-01,이천치안센터건너,1899,2780
2014-06-01,이현고개삼거리,7,4
2014-06-01,이현삼거리1,85,203
2014-06-01,이현삼거리2,989,99
2014-06-01,이현삼거리3,2990,1033
2014-06-01,이현자동차검사소건너,1703,364
2014-06-01,이현자동차검사소앞,888,102
2014-06-01,이현지구대건너,758,403
2014-06-01,이현지구대앞,451,182
2014-06-01,인동촌시장건너,2995,2209
2014-06-01,인동촌시장입구,12824,673
2014-06-01,인산마을건너,984,3
2014-06-01,인산마을앞,42,87
2014-06-01,인지초등학교입구,2,0
2014-06-01,인터불고호텔,497,83
2014-06-01,일심제약,191,24
2014-06-01,입석중학교건너,10141,2970
2014-06-01,입석중학교앞,4909,1913
2014-06-01,잉꼬아파트건너,769,182
2014-06-01,잉꼬아파트앞,1676,1369
2014-06-01,자모공원,62,2
2014-06-01,장관빌라건너,1476,124
2014-06-01,장관빌라앞,1179,137
2014-06-01,장기영남네오빌,65,26
2014-06-01,장기초등학교,1204,210
2014-06-01,장기초등학교1,6,62
2014-06-01,장기초등학교2,22,6
2014-06-01,장기초록나라건너,3430,3760
2014-06-01,장기초록나라앞,6199,396
2014-06-01,장기파랑새마을앞,71,67
2014-06-01,장동초등학교건너,3623,24
2014-06-01,장동초등학교앞,173,679
2014-06-01,장산초등학교건너,499,44
2014-06-01,장산초등학교앞,1158,136
2014-06-01,장성초등학교건너,883,8686
2014-06-01,장성초등학교앞,703,2180
2014-06-01,장태실마을건너,544,162
2014-06-01,장태실마을앞,25,26
2014-06-01,적십자혈액원건너,3719,633
2014-06-01,적십자혈액원앞,2852,953
2014-06-01,전기안전공사건너,1406,1633
2014-06-01,전기안전공사앞,3328,398
2014-06-01,전기재료관1,466,528
2014-06-01,전기재료관2,94,237
2014-06-01,전자관,4386,1122
2014-06-01,전자상가,11321,1944
2014-06-01,정대2리(마내미골)종점,8048,3906
2014-06-01,정대2리(잿들마을)앞,1,2
2014-06-01,정대2리마을회관앞,0,2
2014-06-01,정동고등학교건너,6073,2173
2014-06-01,정동고등학교앞,11299,634
2014-06-01,정부대구지방합동청사건너,768,61
2014-06-01,정부대구지방합동청사앞,266,95
2014-06-01,정부대구지방합동청사후문1,1225,727
2014-06-01,정화우방팔레스,14960,5603
2014-06-01,정화우방팔레스건너,26906,2904
2014-06-01,제일규산,1079,23
2014-06-01,제일여자상업고등학교건너,19112,6631
2014-06-01,제일여자상업고등학교앞,22180,2908
2014-06-01,조달청건너,3258,2030
2014-06-01,조달청앞,7608,755
2014-06-01,조암네거리1,273,28
2014-06-01,조암네거리2,766,624
2014-06-01,조암초등학교건너,17,5
2014-06-01,조암초등학교앞,186,13
2014-06-01,조야동(종점),11865,592
2014-06-01,조일로봇고등학교(종점),7842,555
2014-06-01,주1리1,11,16
2014-06-01,주1리2,616,64
2014-06-01,주2리(최정사입구),3,20
2014-06-01,주2리1,239,0
2014-06-01,주리(삼진식당),5,19
2014-06-01,죽곡2지구1,24,4
2014-06-01,죽곡2지구2,3,51
2014-06-01,죽전119안전센터건너,3844,2030
2014-06-01,죽전119안전센터앞,5500,717
2014-06-01,죽전그린빌건너,3620,2838
2014-06-01,죽전그린빌앞,12587,1021
2014-06-01,죽전네거리1,35215,5191
2014-06-01,죽전네거리2,18184,7337
2014-06-01,중구보건소건너,3414,6394
2014-06-01,중구보건소앞,2392,1739
2014-06-01,중구청건너,27372,4439
2014-06-01,중구청앞,28014,15045
2014-06-01,중대1동회관앞,2267,9
2014-06-01,중동교1,4304,7627
2014-06-01,중동교2,1277,169
2014-06-01,중동네거리1,5305,1164
2014-06-01,중동네거리2,3300,5835
2014-06-01,중동서울아파트건너,323,91
2014-06-01,중동서울아파트앞,24,0
2014-06-01,중동시장건너,17032,5677
2014-06-01,중동시장앞,22734,2074
2014-06-01,중동주민센터건너,603,113
2014-06-01,중동주민센터앞,433,261
2014-06-01,중동치안센터건너,1640,181
2014-06-01,중동치안센터앞,531,178
2014-06-01,중리광명맨션건너,15527,1451
2014-06-01,중리광명맨션앞,9349,1815
2014-06-01,중리네거리1,6205,1542
2014-06-01,중리네거리2,6466,1311
2014-06-01,중리롯데캐슬건너,10600,6292
2014-06-01,중리롯데캐슬서편,4995,1661
2014-06-01,중리롯데캐슬앞,17533,2122
2014-06-01,중리롯데캐슬정문앞,581,95
2014-06-01,중리마을,2389,7
2014-06-01,중리삼거리1,27,139
2014-06-01,중리삼거리2,1494,9
2014-06-01,중리시장건너1,322,159
2014-06-01,중리시장건너2,578,170
2014-06-01,중리시장앞,7350,1186
2014-06-01,중리중학교,704,82
2014-06-01,중마을(갓바위방향),103,817
2014-06-01,중마을(시내방향),271,0
2014-06-01,중부소방서건너,2187,1404
2014-06-01,중부소방서앞,7730,1706
2014-06-01,중석타운건너,89,410
2014-06-01,중석타운앞,10709,124
2014-06-01,중소기업관건너,56,681
2014-06-01,중소기업관앞,1359,121
2014-06-01,중소기업지원센터,470,82
2014-06-01,중심마을,157,55
2014-06-01,중앙일보건너,1420,973
2014-06-01,중앙일보앞,5215,115
2014-06-01,지묘동1,3727,435
2014-06-01,지묘동2,9607,136
2014-06-01,지묘초등학교건너,7671,315
2014-06-01,지묘초등학교앞,811,149
2014-06-01,지산2길입구,253,5
2014-06-01,지산2길입구건너,155,5
2014-06-01,지산동서맨션건너,6884,1539
2014-06-01,지산동서맨션앞,20743,757
2014-06-01,지산목련아파트건너,24320,1368
2014-06-01,지산목련아파트앞,11601,2769
2014-06-01,지산시영아파트1단지건너,2072,1534
2014-06-01,지산시영아파트1단지앞,6739,245
2014-06-01,지산영남맨션앞,2934,1974
2014-06-01,지산우방아파트,5962,1128
2014-06-01,지산중학교입구,521,308
2014-06-01,지산청구타운건너,2620,2165
2014-06-01,지산청구타운앞,20080,720
2014-06-01,지산타운건너,27416,779
2014-06-01,지산타운앞,2789,5934
2014-06-01,지산한라타운건너,20211,464
2014-06-01,지산한라타운앞,3002,2876
2014-06-01,지산현대주택건너,4916,2468
2014-06-01,지산현대주택앞,15940,1705
2014-06-01,지산화성파크드림,1994,620
2014-06-01,지저동행정복지센터건너,20053,2512
2014-06-01,지저동행정복지센터앞,4948,1054
2014-06-01,진달래아파트건너,9471,3248
2014-06-01,진달래아파트앞,13541,4155
2014-06-01,진월초등학교건너,1253,872
2014-06-01,진월초등학교앞,578,680
2014-06-01,진인동(양지마을)건너,6,14
2014-06-01,진인동(양지마을)앞,113,12
2014-06-01,진인동(진정마을)1,92,20
2014-06-01,진인동(진정마을)2,19,2
2014-06-01,진정마을1,1356,5
2014-06-01,진정마을2,65,33
2014-06-01,진천역(1번출구),35603,6257
2014-06-01,진천역(2번출구),21975,6898
2014-06-01,진천청구타운건너,989,507
2014-06-01,진천청구타운앞,3432,287
2014-06-01,징리보건소,60,0
2014-06-01,차량등록사업소건너,427,757
2014-06-01,차량등록사업소앞,666,163
2014-06-01,창1리2,82,43
2014-06-01,천내영남맨션,24,1
2014-06-01,천내우방1차,4,0
2014-06-01,첨단의료산업진흥재단건너,167,19
2014-06-01,첨단의료산업진흥재단앞,11,118
2014-06-01,청구고등학교건너,17225,2126
2014-06-01,청구고등학교앞,24643,5146
2014-06-01,청구그린맨션1차건너,10831,2237
2014-06-01,청구그린맨션1차앞,15853,2612
2014-06-01,청구시장건너,6763,480
2014-06-01,청구시장건너2,465,271
2014-06-01,청구시장북편,2645,361
2014-06-01,청구시장북편건너,3587,451
2014-06-01,청구시장앞,6619,1157
2014-06-01,청구중동아파트,328,634
2014-06-01,청구타운건너,1467,1476
2014-06-01,청구타운앞,1543,319
2014-06-01,청기와주유소건너,20901,4180
2014-06-01,청기와주유소앞,19187,3195
2014-06-01,청남타운건너,1464,56
2014-06-01,청남타운앞,411,550
2014-06-01,청백다례원,1333,1301
2014-06-01,청소년수련원건너,385,124
2014-06-01,청소년수련원앞,682,557
2014-06-01,청아람푸르지오2단지1,3,9
2014-06-01,청아람푸르지오2단지2,150,3
2014-06-01,청운맨션건너,1220,320
2014-06-01,청운맨션앞,960,695
2014-06-01,초곡리입구건너,23,8
2014-06-01,초곡리입구앞,36,32
2014-06-01,충혼탑건너,5716,97
2014-06-01,충혼탑앞,156,701
2014-06-01,측백수림건너,672,0
2014-06-01,측백수림앞,15,14
2014-06-01,칠곡2차영남타운건너,4058,447
2014-06-01,칠곡2차영남타운앞,4786,628
2014-06-01,칠곡3차보성타운1,1338,327
2014-06-01,칠곡3차보성타운2,8355,477
2014-06-01,칠곡3차화성타운1,5645,77
2014-06-01,칠곡3차화성타운2,9618,213
2014-06-01,칠곡3차화성타운3,44,283
2014-06-01,칠곡경대병원역,43,551
2014-06-01,칠곡경북대병원,943,198
2014-06-01,칠곡경북대병원정문건너,353,380
2014-06-01,칠곡경북대병원정문앞,5009,16
2014-06-01,칠곡경북대병원후문건너,5310,310
2014-06-01,칠곡경북대병원후문앞,265,14
2014-06-01,칠곡그린빌2차건너,10044,426
2014-06-01,칠곡그린빌2차앞,19406,1279
2014-06-01,칠곡그린빌3차건너,17073,364
2014-06-01,칠곡그린빌3차앞,407,1272
2014-06-01,칠곡그린빌5단지건너,2735,259
2014-06-01,칠곡그린빌5단지앞,2689,1170
2014-06-01,칠곡그린빌6단지건너,911,180
2014-06-01,칠곡그린빌6단지앞,234,43
2014-06-01,칠곡그린파크1,9873,2551
2014-06-01,칠곡그린파크2,23411,1102
2014-06-01,칠곡네스빌,136,148
2014-06-01,칠곡대백맨션건너,5516,71
2014-06-01,칠곡대백맨션앞,199,606
2014-06-01,칠곡동화아파트건너,3749,2239
2014-06-01,칠곡동화아파트앞,19000,1958
2014-06-01,칠곡롯데아파트건너,35,233
2014-06-01,칠곡롯데아파트앞,5730,24
2014-06-01,칠곡부영1단지,4173,310
2014-06-01,칠곡서한맨션,1295,15
2014-06-01,칠곡서한맨션앞,146,356
2014-06-01,칠곡시장건너,13697,1009
2014-06-01,칠곡시장앞,2404,2106
2014-06-01,칠곡에덴타운건너,31666,8954
2014-06-01,칠곡에덴타운앞,26626,4131
2014-06-01,칠곡우방타운건너(종점),3449,11
2014-06-01,칠곡우방타운건너(종점),228,6
2014-06-01,칠곡우방타운앞(종점),2148,118
2014-06-01,칠곡주공그린빌1단지건너,2467,507
2014-06-01,칠곡주공그린빌1단지앞,10165,327
2014-06-01,칠곡중학교건너(칠곡향교건너),1676,637
2014-06-01,칠곡중학교앞(칠곡향교앞),19817,1070
2014-06-01,칠곡청구타운건너,395,623
2014-06-01,칠곡청구타운앞,3894,196
2014-06-01,칠곡초등학교건너,165,487
2014-06-01,칠곡초등학교앞,2106,233
2014-06-01,칠곡한라타운건너,4956,43
2014-06-01,칠곡한라타운앞,42,466
2014-06-01,칠곡한서타운건너,10903,1231
2014-06-01,칠곡한신아파트건너,2177,327
2014-06-01,칠곡한신아파트앞1,10086,995
2014-06-01,칠곡한신아파트앞2,1095,168
2014-06-01,칠곡화성타운건너,8399,150
2014-06-01,칠곡화성타운앞1,7702,2275
2014-06-01,칠곡화성타운앞2,2604,676
2014-06-01,칠성고가도로하단,539,66
2014-06-01,칠성꽃도매시장건너,818,1212
2014-06-01,칠성꽃도매시장앞,1976,2031
2014-06-01,칠성시장(농협건너),83,145
2014-06-01,칠성시장(농협앞),1506,237
2014-06-01,칠성시장(양친회신협),3,46
2014-06-01,칠성시장(전자상가건너),5870,445
2014-06-01,칠성시장(전자상가앞),1973,949
2014-06-01,칠성시장건너,41902,20909
2014-06-01,칠성시장앞1,2208,5223
2014-06-01,칠성시장역(서문프라자건너),3751,5851
2014-06-01,칠성시장역(서문프라자앞),27308,2572
2014-06-01,칠성우방타운,745,209
2014-06-01,침산3동주민센터,12687,1191
2014-06-01,침산남영타운건너,3167,2162
2014-06-01,침산남영타운앞,7693,420
2014-06-01,침산네거리1,11031,1209
2014-06-01,침산네거리2,18165,3328
2014-06-01,침산동화타운건너,6496,132
2014-06-01,침산동화타운앞,381,858
2014-06-01,침산변전소건너,10794,3433
2014-06-01,침산변전소앞,9691,1914
2014-06-01,침산쌍용예가아파트앞,874,1124
2014-06-01,침산중학교건너,2927,247
2014-06-01,침산중학교앞,5514,407
2014-06-01,침산초등학교건너,4727,1046
2014-06-01,침산초등학교앞,1377,1000
2014-06-01,침산초등학교후문,385,29
2014-06-01,침산코오롱하늘채건너,8291,1735
2014-06-01,침산코오롱하늘채앞,23236,3933
2014-06-01,캐슬골드파크(1102동),19489,1806
2014-06-01,캐슬골드파크(1504동),14222,2740
2014-06-01,케이에스건너,6,28
2014-06-01,케이에스앞,760,54
2014-06-01,코스트코홀세일건너/복현화성타운앞,5441,3978
2014-06-01,코스트코홀세일앞/복현화성타운건너,46017,2875
2014-06-01,코오롱아파트,20348,1397
2014-06-01,퀸벨호텔건너,18538,2749
2014-06-01,퀸벨호텔앞,9430,6660
2014-06-01,퀸스로드건너,2114,2925
2014-06-01,퀸스로드건너(동편),12461,2179
2014-06-01,퀸스로드앞,4458,1100
2014-06-01,퀸스로드앞(동편),15540,3742
2014-06-01,크리스탈호텔앞,1485,478
2014-06-01,큰고개1,4381,12456
2014-06-01,큰고개2,8711,4200
2014-06-01,큰고개오거리1,21235,1255
2014-06-01,큰고개오거리2,5584,12499
2014-06-01,큰장네거리1,76905,12328
2014-06-01,큰장네거리2,43112,21326
2014-06-01,큰장네거리3,21157,6950
2014-06-01,큰장네거리4,37404,14697
2014-06-01,태성맨션건너,27,114
2014-06-01,태성맨션앞,2722,1802
2014-06-01,태왕그린힐즈건너,203,628
2014-06-01,태왕그린힐즈앞1,157,496
2014-06-01,태왕그린힐즈앞2,2827,44
2014-06-01,태왕메트로시티건너,6515,2360
2014-06-01,태왕메트로시티앞,4010,2154
2014-06-01,태왕아너스베스트앞,5447,256
2014-06-01,태왕아너스복현건너,3311,1339
2014-06-01,태왕아너스복현앞,8480,1710
2014-06-01,태전두성타운건너,5283,948
2014-06-01,태전두성타운앞,1599,417
2014-06-01,태전삼거리1,15758,9265
2014-06-01,태전삼거리2,35422,7096
2014-06-01,태전역1,14467,7877
2014-06-01,태전우방타운1차,511,22
2014-06-01,태전육교1,737,85
2014-06-01,태전육교2,207,30
2014-06-01,태전중석타운,1169,26
2014-06-01,태전중석타운건너,1132,307
2014-06-01,태전중앙시장건너,2333,1358
2014-06-01,태전중앙시장앞,10067,3246
2014-06-01,태전휴먼시아,1432,77
2014-06-01,태평상가건너,5742,6435
2014-06-01,태평상가앞1,5781,6525
2014-06-01,태평상가앞2,293,169
2014-06-01,태현초등학교앞,9646,133
2014-06-01,터실마을,5,0
2014-06-01,텍스빌,9562,1622
2014-06-01,토지주택공사건너,3251,1443
2014-06-01,토지주택공사앞,10660,987
2014-06-01,퇴계마을건너,0,1
2014-06-01,파계교,368,348
2014-06-01,파계사(종점),9515,454
2014-06-01,파군재삼거리1,1036,3186
2014-06-01,파군재삼거리2,1092,886
2014-06-01,파동1차시장건너,1750,979
2014-06-01,파동1차시장앞,9942,537
2014-06-01,파동우체국앞,960,635
2014-06-01,파동청구하이츠,7152,303
2014-06-01,파크맨션건너,12186,2691
2014-06-01,파크맨션앞,8219,2465
2014-06-01,파티마병원건너1,22402,11409
2014-06-01,파티마병원건너2,3179,2204
2014-06-01,팔거역3,473,114
2014-06-01,팔거역4,1149,119
2014-06-01,팔공3차보성타운건너,894,3
2014-06-01,팔공3차보성타운앞,140,263
2014-06-01,팔공3차보성타운후문,5088,144
2014-06-01,팔공보성아파트건너,1383,449
2014-06-01,팔공보성아파트앞,9208,616
2014-06-01,팔공산IC입구,373,4000
2014-06-01,팔공산맥건너,4652,711
2014-06-01,팔공산맥앞,894,273
2014-06-01,팔공학생야영장앞,436,8
2014-06-01,팔공학생야영장입구건너,13,1
2014-06-01,팔공학생야영장입구앞,104,136
2014-06-01,팔공한마음주유소,3,2
2014-06-01,팔공한마음주유소건너,94,0
2014-06-01,팔달시장건너,41337,6326
2014-06-01,팔달시장앞,45347,16095
2014-06-01,팔달시장역,46531,15923
2014-06-01,팔달신시장,27657,6429
2014-06-01,팔달신시장2,6711,1297
2014-06-01,팔달역2,413,1265
2014-06-01,팔달중학교건너,8570,176
2014-06-01,팔달중학교앞,5514,260
2014-06-01,팔달초등학교,145,326
2014-06-01,팔레스호텔건너,24526,6377
2014-06-01,팔레스호텔앞1,6198,1744
2014-06-01,팔레스호텔앞2,652,933
2014-06-01,팔현마을,49,2
2014-06-01,평광3차아파트,5976,100
2014-06-01,평광3차아파트건너,4220,358
2014-06-01,평광새마을금고,167,0
2014-06-01,평광종점,613,24
2014-06-01,평리1동주민센터건너,78,57
2014-06-01,평리1동주민센터앞,2710,115
2014-06-01,평리2동주민센터건너,14388,1607
2014-06-01,평리2동주민센터앞,4271,1962
2014-06-01,평리3동주민센터건너,2093,183
2014-06-01,평리6동주민센터앞,1794,484
2014-06-01,평리광명네거리,621,1728
2014-06-01,평리광명맨션건너,2545,729
2014-06-01,평리광명맨션앞,1076,344
2014-06-01,평리네거리1,15861,16475
2014-06-01,평리네거리2,18023,5297
2014-06-01,평리명성아파트건너,5673,1195
2014-06-01,평리명성아파트앞,3671,841
2014-06-01,평리중학교건너,1192,592
2014-06-01,평리중학교앞,2125,179
2014-06-01,평리청구타운건너,37240,11562
2014-06-01,평리청구타운앞,36610,9539
2014-06-01,평안,554,80
2014-06-01,평촌2리,6,3
2014-06-01,평촌리,109,1
2014-06-01,평현치안센터건너,6216,878
2014-06-01,평화시장(닭똥집골목)건너,29051,5489
2014-06-01,평화시장(닭똥집골목)앞,56773,10610
2014-06-01,평화씨엠비건너,1189,69
2014-06-01,평화씨엠비앞,167,133
2014-06-01,평화정공건너,678,262
2014-06-01,평화정공앞,828,43
2014-06-01,평화타운건너,23083,1814
2014-06-01,푸드웰건너,3953,46
2014-06-01,푸드웰앞,107,148
2014-06-01,푸르밀대구공장,48,0
2014-06-01,푸르밀대구공장건너,0,2
2014-06-01,풋살경기장(50사단),700,39
2014-06-01,풍국주정공업,1235,39
2014-06-01,하나원전문장례식장,2,0
2014-06-01,하리(약산온천)건너,240,22
2014-06-01,하목정(종점),1,2
2014-06-01,하빈농협건너,200,0
2014-06-01,하빈농협동곡지점1,81,5
2014-06-01,하빈농협동곡지점2,870,6
2014-06-01,하빈농협앞,10,0
2014-06-01,하빈농협입구,11,6
2014-06-01,하빈면사무소건너,214,1
2014-06-01,하빈면사무소앞,26,2
2014-06-01,하빈우체국건너,346,7
2014-06-01,하빈우체국앞,11,5
2014-06-01,하빈주유소앞,14,8
2014-06-01,하빈초등학교앞,259,2
2014-06-01,하산1리,665,1
2014-06-01,하산2리,180,0
2014-06-01,하산스무지(종점),159,3
2014-06-01,학남고등학교건너,1850,274
2014-06-01,학남고등학교앞,4658,306
2014-06-01,학남초등학교건너,69,786
2014-06-01,학남초등학교앞,2920,239
2014-06-01,학산아파트건너,36,46
2014-06-01,학산아파트앞,2,12
2014-06-01,학정청아람1,687,268
2014-06-01,학정청아람2,3144,50
2014-06-01,학정청아람건너,5310,393
2014-06-01,학정청아람앞,2490,397
2014-06-01,한가람타운건너,24810,7691
2014-06-01,한가람타운앞,22342,3448
2014-06-01,한걸고정마을,149,2
2014-06-01,한국감정원앞,673,19
2014-06-01,한국건강관리협회앞,7698,469
2014-06-01,한국국토정보공사건너,3461,6565
2014-06-01,한국국토정보공사앞,2322,704
2014-06-01,한국농어촌공사건너,23792,5156
2014-06-01,한국농어촌공사앞,20988,1206
2014-06-01,한국델파이건너,91,160
2014-06-01,한국델파이앞,1522,155
2014-06-01,한국도로공사건너,158,532
2014-06-01,한국도로공사앞,7515,48
2014-06-01,한국방송통신대학교건너,2990,726
2014-06-01,한국방송통신대학교앞,1025,438
2014-06-01,한국사학진흥재단(남편),12,53
2014-06-01,한국산업단지공단앞,125,217
2014-06-01,한국산업은행성서지점건너,166,1190
2014-06-01,한국산업은행성서지점앞,4954,39
2014-06-01,한국산업인력공단건너,4390,68
2014-06-01,한국산업인력공단앞,132,215
2014-06-01,한국생산기술연구원건너,36,6
2014-06-01,한국생산기술연구원앞,19,7
2014-06-01,한국클래드텍건너,508,5
2014-06-01,한국클래드텍앞,5,156
2014-06-01,한국타이어,296,1191
2014-06-01,한국타이어건너,222,38
2014-06-01,한국패션센터,2617,116
2014-06-01,한국폴리텍VI대구대학건너,17851,3731
2014-06-01,한국폴리텍VI대구대학앞,10324,9197
2014-06-01,한국폴리텍대학(섬유패션캠퍼스),172,1477
2014-06-01,한국환경자원공사,2,12
2014-06-01,한국환경자원공사건너,109,6
2014-06-01,한도아파트앞,9742,385
2014-06-01,한라하우젠트,1134,17
2014-06-01,한마음주유소건너,2716,478
2014-06-01,한마음주유소앞,2159,343
2014-06-01,한샘교회,4635,1959
2014-06-01,한샘교회건너,1305,806
2014-06-01,한서기전건너,445,38
2014-06-01,한서기전앞,181,18
2014-06-01,한양공작맨션건너,9,125
2014-06-01,한양공작맨션앞,1197,20
2014-06-01,한양산호아파트건너,6255,192
2014-06-01,한양산호아파트앞,901,48
2014-06-01,한양수정아파트,34,61
2014-06-01,한양코스모스아파트건너,51,121
2014-06-01,한양코스모스아파트앞,1360,247
2014-06-01,한전동대구지사,23439,4178
2014-06-01,한전동대구지사건너,16142,4114
2014-06-01,한전서대구지사건너,19802,10380
2014-06-01,한전서대구지사앞,17346,3596
2014-06-01,한정3리,21,0
2014-06-01,한정리(한정초교),56,1
2014-06-01,한정리(한정초교건너),1,3
2014-06-01,한화꿈에그린건너1,681,649
2014-06-01,한화꿈에그린앞,13739,2809
2014-06-01,함지초등학교건너,925,514
2014-06-01,함지초등학교앞,9208,188
2014-06-01,해랑교(시외방향),75,36
2014-06-01,해랑교1,1,4
2014-06-01,해랑교2,801,28
2014-06-01,해랑교건너,100,10
2014-06-01,해안동행정복지센터,317,122
2014-06-01,해안역(1번출구),8483,1701
2014-06-01,해안역(3번출구),7071,2921
2014-06-01,해안초등학교뒤,8,8
2014-06-01,행정2리건너,0,4
2014-06-01,행정리,609,18
2014-06-01,행정리(한천서원),12,0
2014-06-01,헬로TV대구방송건너,6681,3259
2014-06-01,헬로TV대구방송앞,7014,2814
2014-06-01,현내1리,175,3
2014-06-01,현내2리중방마을건너,146,0
2014-06-01,현내2리중방마을앞,2,0
2014-06-01,현대금속,1505,78
2014-06-01,현대메카닉스건너,139,0
2014-06-01,현대메카닉스앞,0,17
2014-06-01,현대백조아파트(북편),4792,198
2014-06-01,현대백조아파트건너,2554,312
2014-06-01,현대백조아파트앞,2541,599
2014-06-01,현대백화점.동아쇼핑건너,29463,8228
2014-06-01,현대백화점.동아쇼핑앞,38231,2349
2014-06-01,현대시장건너,12383,970
2014-06-01,현대시장앞,2224,1863
2014-06-01,현대시장앞2,783,229
2014-06-01,현대해상건너,29784,15895
2014-06-01,현대해상앞,26052,5776
2014-06-01,현충로역(3번출구),32289,8713
2014-06-01,현충로역(4번출구),24979,10562
2014-06-01,현충삼거리1,543,424
2014-06-01,현충삼거리2,3268,204
2014-06-01,현풍고속도로밑,361,44
2014-06-01,현풍농협,3167,443
2014-06-01,현풍면사무소건너,0,2
2014-06-01,현풍면사무소앞,171,3
2014-06-01,현풍삼거리,13,49
2014-06-01,현풍새마을금고,7539,761
2014-06-01,현풍시외버스터미널,2236,421
2014-06-01,현풍운전시험장,526,3
2014-06-01,현풍주공아파트,62,27
2014-06-01,현풍주공아파트2,9,106
2014-06-01,현풍주공아파트앞,542,270
2014-06-01,현풍중고등학교,39,175
2014-06-01,현풍중고등학교건너,1288,127
2014-06-01,현풍터미널건너,1634,85
2014-06-01,현풍터미널앞,808,664
2014-06-01,현풍할매곰탕,1842,506
2014-06-01,현풍할매곰탕건너,700,185
2014-06-01,호산초등학교건너,25,42
2014-06-01,호산초등학교앞,174,614
2014-06-01,홈플러스내당점건너,10482,872
2014-06-01,홈플러스내당점앞,5239,4608
2014-06-01,홈플러스대구점건너,406,1896
2014-06-01,홈플러스대구점앞,21341,10648
2014-06-01,홈플러스동촌점건너,5828,3276
2014-06-01,홈플러스동촌점앞,12678,1119
2014-06-01,홈플러스칠곡점건너,9554,575
2014-06-01,홈플러스칠곡점앞,2926,854
2014-06-01,홍천사건너,1174,20
2014-06-01,홍천사입구,80,240
2014-06-01,화남초등학교건너,15,326
2014-06-01,화남초등학교앞,5957,544
2014-06-01,화동초등학교건너,919,120
2014-06-01,화동초등학교앞,815,60
2014-06-01,화랑교1,1284,5414
2014-06-01,화랑교2,12127,848
2014-06-01,화성그랜드건너,412,257
2014-06-01,화성그랜드앞,250,85
2014-06-01,화성리버파크건너,5609,324
2014-06-01,화성리버파크앞,1232,535
2014-06-01,화성센트럴파크,4861,298
2014-06-01,화성쌍용타운건너,627,27
2014-06-01,화성쌍용타운앞1,1211,321
2014-06-01,화성쌍용타운앞2,7,61
2014-06-01,화성전문요양원건너,178,115
2014-06-01,화성전문요양원앞,1519,500
2014-06-01,화성파크뷰건너,6545,241
2014-06-01,화성파크뷰앞,748,1965
2014-06-01,화영테크건너,35,16
2014-06-01,화영테크앞,478,34
2014-06-01,화원고등학교(종점),816,42
2014-06-01,화원고등학교(종점)2,32,34
2014-06-01,화원고등학교건너,8768,705
2014-06-01,화원고등학교앞,1570,902
2014-06-01,화원농협주유소건너,1263,496
2014-06-01,화원농협주유소앞,7165,3280
2014-06-01,화원삼주타운건너,6757,337
2014-06-01,화원삼주타운앞,333,159
2014-06-01,화원시장건너,3429,455
2014-06-01,화원시장앞,130,440
2014-06-01,화원유원지(사문진주막촌),802,40
2014-06-01,화원유원지건너,327,41
2014-06-01,화원유원지입구,0,3
2014-06-01,화원초등학교건너,21866,3633
2014-06-01,화원초등학교앞,34347,10152
2014-06-01,화전동1,8,61
2014-06-01,화전동2,638,3
2014-06-01,황금2동치안센터건너,1320,433
2014-06-01,황금2동치안센터앞,3978,232
2014-06-01,황금네거리1,29244,2398
2014-06-01,황금네거리2,9083,3406
2014-06-01,황금시장건너,246,101
2014-06-01,황금시장앞,2007,60
2014-06-01,황금우방1차건너,16918,2355
2014-06-01,황금우방1차앞,3997,2368
2014-06-01,황금초등학교건너,1857,1277
2014-06-01,황금초등학교앞,5094,212
2014-06-01,황제맨션건너,5605,5341
2014-06-01,황제맨션앞,5367,1293
2014-06-01,효동초등학교건너,4434,1018
2014-06-01,효동초등학교앞,8937,1040
2014-06-01,효목네거리1,10058,1119
2014-06-01,효목네거리2,2330,2221
2014-06-01,효목네거리3,9915,4775
2014-06-01,효성타운앞,16013,945
2014-06-01,흥사단 대구지부건너,1785,244
2014-06-01,흥사단 대구지부앞,1475,2371
2014-06-01,흥성정공건너,343,17
2014-06-01,흥성정공앞,88,10
2014-06-01,희망교1,1104,116
2014-06-01,희성전자건너,25,27
2014-06-01,희성전자앞,390,61
2014-06-01,힐크레스트남문건너,869,124
2014-06-01,힐크레스트남문앞,123,1046
2014-06-01,힐크레스트입구,503,684
2014-07-01,(주)성안건너,18,124
2014-07-01,(주)영화건너,0,84
2014-07-01,(주)영화앞,619,1
2014-07-01,1차서한화성타운건너,397,117
2014-07-01,1차서한화성타운앞,632,86
2014-07-01,2.28기념중앙공원건너1,69363,13539
2014-07-01,2.28기념중앙공원건너2,22827,12474
2014-07-01,2.28기념중앙공원앞,156655,17960
2014-07-01,2차대자연맨션건너,2238,847
2014-07-01,2차대자연맨션앞,8203,975
2014-07-01,2차서한화성타운건너,37343,2383
2014-07-01,2차서한화성타운앞,18863,3332
2014-07-01,2호선반월당역1,28823,6304
2014-07-01,2호선반월당역2,16985,5428
2014-07-01,3공단새마을금고앞,5205,1586
2014-07-01,CGV대구한일건너,116861,20172
2014-07-01,CGV대구한일앞,35646,5716
2014-07-01,IHL건너,47,2
2014-07-01,IHL앞,30,5
2014-07-01,K-2입구,2549,616
2014-07-01,K2관사입구(종점),2211,53
2014-07-01,KT남대구지사건너1,11775,3333
2014-07-01,KT남대구지사건너2,2037,631
2014-07-01,KT남대구지사앞1,24499,7901
2014-07-01,KT남대구지사앞2,1499,2115
2014-07-01,KT동대구지사건너,26907,14309
2014-07-01,KT동대구지사앞,18615,2317
2014-07-01,KT북대구지사건너,3804,408
2014-07-01,KT북대구지사앞,7116,735
2014-07-01,KT상동지사건너,3335,316
2014-07-01,KT상동지사앞,1190,501
2014-07-01,KT서대구지사건너,24382,2807
2014-07-01,KT서대구지사앞,18721,6949
2014-07-01,LG물류센터건너,3538,1747
2014-07-01,LG물류센터앞,8859,3923
2014-07-01,LH5단지아파트앞,1615,105
2014-07-01,MBC네거리,9805,2749
2014-07-01,SK리더스뷰건너,14738,2246
2014-07-01,SK리더스뷰앞,6243,2203
2014-07-01,STX메탈건너,1647,4712
2014-07-01,STX메탈앞,62,492
2014-07-01,TBC건너,15743,699
2014-07-01,TBC앞,3488,2254
2014-07-01,TCN대구방송건너,2341,324
2014-07-01,TCN대구방송앞,3231,447
2014-07-01,㈜윔스건너,237,198
2014-07-01,㈜윔스앞,344,8
2014-07-01,가야농원,378,4
2014-07-01,가창농협건너,2513,2978
2014-07-01,가창농협앞,12545,381
2014-07-01,가창댐,8,5
2014-07-01,가창면사무소건너,5552,2120
2014-07-01,가창면사무소앞,9584,762
2014-07-01,가창중학교건너,1405,27
2014-07-01,가창중학교앞,152,115
2014-07-01,가창초등학교건너,4095,357
2014-07-01,가창초등학교앞,918,100
2014-07-01,가천동앞,82,10
2014-07-01,가천리,103,18
2014-07-01,가태리마을회관건너,273,1
2014-07-01,가태리마을회관앞,7,15
2014-07-01,각산역(1번출구),8108,1649
2014-07-01,각산역(2번출구),1711,1222
2014-07-01,갈실마을회관종점,509,4
2014-07-01,감문1리1,4,3
2014-07-01,감문1리2,392,0
2014-07-01,감문1리3,0,5
2014-07-01,감문1리4,41,0
2014-07-01,감삼네거리1,19316,6416
2014-07-01,감삼네거리2,60775,24911
2014-07-01,감삼초등학교건너,11816,2070
2014-07-01,감삼초등학교앞,9309,1133
2014-07-01,갓골건너,420,0
2014-07-01,갓골앞,2,15
2014-07-01,갓바위,22382,40
2014-07-01,강남약국건너,57244,12810
2014-07-01,강남약국앞1,29151,8301
2014-07-01,강남약국앞2,10328,1364
2014-07-01,강동중·고등학교,10,230
2014-07-01,강동중·고등학교건너,7775,21
2014-07-01,강변동서마을건너,6468,302
2014-07-01,강변동서마을앞,3632,1549
2014-07-01,강북경찰서건너,1666,1010
2014-07-01,강북경찰서앞,2002,532
2014-07-01,강북중학교건너,323,1492
2014-07-01,강북중학교앞,10199,48
2014-07-01,강산아파트건너,5129,9457
2014-07-01,강산아파트앞,5819,1359
2014-07-01,강정(종점),7,1
2014-07-01,강정보(디아크문화관)건너,96,7
2014-07-01,강정보(디아크문화관)입구,364,1
2014-07-01,강창교1,3790,225
2014-07-01,강창교2,225,781
2014-07-01,강창역(1번출구),5868,693
2014-07-01,강창역(2번출구),24248,1010
2014-07-01,강창하이츠,8571,580
2014-07-01,거동교1,835,425
2014-07-01,거동교2,635,637
2014-07-01,건들바위건너,1240,865
2014-07-01,건들바위앞,688,1733
2014-07-01,건영아파트건너,15199,8234
2014-07-01,건영캐스빌건너,12814,1597
2014-07-01,건영캐스빌앞,959,977
2014-07-01,검단119안전센터(엑스코),88,37
2014-07-01,검단동대구축협앞,5499,38
2014-07-01,검단동주민센터1,797,22
2014-07-01,검단동주민센터2,1,157
2014-07-01,검단동주민센터건너,11093,104
2014-07-01,검단동주민센터앞,43,528
2014-07-01,검단상가아파트건너,171,23
2014-07-01,검단상가아파트앞,448,80
2014-07-01,검단유성아파트(서편),10349,1733
2014-07-01,검단유성아파트건너,6088,1372
2014-07-01,검단유성아파트앞,19056,4667
2014-07-01,경기장네거리1,4897,1745
2014-07-01,경기장네거리2,4796,490
2014-07-01,경대교2,4626,788
2014-07-01,경대교건너,1041,149
2014-07-01,경대교앞,198,1000
2014-07-01,경대사대부설고등학교앞,25018,11037
2014-07-01,경대아파트건너,28732,2525
2014-07-01,경대아파트앞,9204,2401
2014-07-01,경덕여고,899,400
2014-07-01,경동산업앞,113,1
2014-07-01,경명여고건너,3435,612
2014-07-01,경명여고앞,2430,1417
2014-07-01,경북고교종점,1983,1043
2014-07-01,경북고등학교건너,13958,3778
2014-07-01,경북고등학교앞,19590,1689
2014-07-01,경북고등학교종점건너,157,21
2014-07-01,경북공고건너,8580,5211
2014-07-01,경북공고앞,11627,4570
2014-07-01,경북공무원교육원1,723,609
2014-07-01,경북공무원교육원2,23,10
2014-07-01,경북교통,6559,2255
2014-07-01,경북교통앞,2158,2211
2014-07-01,경북기계공고건너,12768,3877
2014-07-01,경북기계공고앞,11913,4894
2014-07-01,경북농업기술원건너,28,258
2014-07-01,경북농업기술원앞,266,9
2014-07-01,경북대체육센터건너,10806,860
2014-07-01,경북대체육센터앞,5140,5217
2014-07-01,경북대학교병원건너,25215,9855
2014-07-01,경북대학교병원앞,43721,9550
2014-07-01,경북대학교북문건너,80577,2451
2014-07-01,경북대학교북문앞,37176,7575
2014-07-01,경북대학교서문건너,10827,1352
2014-07-01,경북대학교서문앞,3609,970
2014-07-01,경북대학교정문건너,11503,3390
2014-07-01,경북대학교정문앞,27441,5793
2014-07-01,경북대학교치과병원,24731,10090
2014-07-01,경북아파트건너(고산동),20886,3669
2014-07-01,경북아파트건너(신천동),8369,13643
2014-07-01,경북아파트앞(고산동),13583,4410
2014-07-01,경북아파트앞(신천동),5911,3906
2014-07-01,경북여상건너,15244,9780
2014-07-01,경북여상앞,13771,2987
2014-07-01,경북크랑크,2086,25
2014-07-01,경상감영공원건너,119113,20087
2014-07-01,경상감영공원앞,90448,63722
2014-07-01,경상북도농업인회관,310,23
2014-07-01,경상여자고등학교건너,3763,448
2014-07-01,경상여자고등학교앞,9573,5450
2014-07-01,경서중학교건너,415,688
2014-07-01,경서중학교앞,3409,132
2014-07-01,경신고등학교건너,55788,7036
2014-07-01,경신고등학교앞,41696,12266
2014-07-01,경운초등학교건너,2292,1009
2014-07-01,경운초등학교앞,5870,6669
2014-07-01,경원고등학교건너,844,84
2014-07-01,경원고등학교앞,1818,389
2014-07-01,경일여자중학교건너,17072,1816
2014-07-01,경일여자중학교앞,4578,1254
2014-07-01,경주최씨종가(종점),606,5
2014-07-01,경주최씨종가1,3,0
2014-07-01,경주최씨종가2,3,0
2014-07-01,경진테크빌앞,625,1513
2014-07-01,경창산업,1523,105
2014-07-01,경희강재건너,805,639
2014-07-01,경희강재앞,3879,97
2014-07-01,계명대대명캠퍼스후문건너,2417,673
2014-07-01,계명대역(1번출구),2175,1678
2014-07-01,계명대역(2번출구),6604,5139
2014-07-01,계명대학교대명캠퍼스건너,17449,5754
2014-07-01,계명대학교대명캠퍼스앞,20457,5536
2014-07-01,계명대학교대명캠퍼스후문앞,2309,572
2014-07-01,계명대학교동문건너1,6853,1066
2014-07-01,계명대학교동문건너2,23620,8822
2014-07-01,계명대학교동문앞,20570,6355
2014-07-01,계명대학교정문건너,27176,1556
2014-07-01,계명대학교정문앞,5060,2587
2014-07-01,계명문화대학건너,6252,974
2014-07-01,계명문화대학앞,9024,12840
2014-07-01,고모동입구,2961,1675
2014-07-01,고모역건너,367,103
2014-07-01,고모역앞,176,14
2014-07-01,고봉리,33,0
2014-07-01,고산2동주민센터건너,12418,3230
2014-07-01,고산2동주민센터앞,23178,890
2014-07-01,고산골입구,7145,1054
2014-07-01,고산농협창고건너,953,232
2014-07-01,고산농협창고앞,366,3446
2014-07-01,고산도서관,19736,9364
2014-07-01,고산정수사업소건너,2867,901
2014-07-01,고성아파트(서편),11682,2898
2014-07-01,고성아파트건너,2470,125
2014-07-01,고성아파트건너(서편),5493,5137
2014-07-01,고성아파트앞,2137,448
2014-07-01,고성지구대1,2150,557
2014-07-01,고성지구대2,3696,8453
2014-07-01,골안골,35,97
2014-07-01,골안골지하보도앞,7,186
2014-07-01,공고네거리1,32634,11119
2014-07-01,공고네거리2,12582,3589
2014-07-01,공군기지관사입구,2,23
2014-07-01,공단역1,485,12744
2014-07-01,공단역2,18644,8096
2014-07-01,공단하수처리장건너,54,320
2014-07-01,공단하수처리장앞,198,31
2014-07-01,공산댐건너,1424,80
2014-07-01,공산댐앞,75,100
2014-07-01,공산동행정복지센터건너,1330,365
2014-07-01,공산동행정복지센터앞,5213,285
2014-07-01,공산초등학교건너,416,90
2014-07-01,공산초등학교앞,2684,147
2014-07-01,공산파출소,550,603
2014-07-01,공항시장건너,12333,899
2014-07-01,공항시장앞,5745,1824
2014-07-01,곽병원건너,41690,25676
2014-07-01,곽병원앞1,26746,8396
2014-07-01,곽병원앞2,10673,3815
2014-07-01,관리공단,549,91
2014-07-01,관음공영주차장앞,1751,16
2014-07-01,관음농협앞,221,87
2014-07-01,관음동주민센터건너,369,51
2014-07-01,관음동주민센터앞,2591,44
2014-07-01,관음변전소1,6326,121
2014-07-01,관음변전소2,32,310
2014-07-01,관음변전소3,153,1
2014-07-01,관음변전소4,963,76
2014-07-01,관음어린이집,347,68
2014-07-01,관음중학교(북편),1498,36
2014-07-01,광명은하아파트건너,7590,5543
2014-07-01,광명은하아파트앞,16994,1199
2014-07-01,광명프레지던트아파트건너,12186,5861
2014-07-01,광장타운건너,18032,5238
2014-07-01,광장타운앞,18999,4037
2014-07-01,교대부설초등학교건너,5174,264
2014-07-01,교대부설초등학교앞,482,1423
2014-07-01,교동시장앞,4434,1605
2014-07-01,교동초등학교건너,497,74
2014-07-01,교동초등학교앞,12,329
2014-07-01,교통연수원,20073,944
2014-07-01,교통연수원건너,11737,3240
2014-07-01,교항2리마을입구,0,120
2014-07-01,교항2리회관,5324,42
2014-07-01,교항리건너,1973,64
2014-07-01,교항리마을입구건너,104,1
2014-07-01,교항리앞,438,731
2014-07-01,구)달성군청건너,12069,4320
2014-07-01,구)달성군청앞,27681,19901
2014-07-01,구)대영학원건너,18333,3470
2014-07-01,구)대영학원앞,17978,10492
2014-07-01,구)화원IC,0,1
2014-07-01,구)효목2동행정복지센터건너,17639,1300
2014-07-01,구)효목2동행정복지센터앞,6977,2084
2014-07-01,구.남부정류장건너1,15233,12115
2014-07-01,구.남부정류장건너2,10054,4784
2014-07-01,구.남부정류장앞1,28583,5354
2014-07-01,구.남부정류장앞2,4277,2056
2014-07-01,구.동부정류장(남편),8488,1938
2014-07-01,구.동부정류장(메트로팔레스),13490,5212
2014-07-01,구.동부정류장건너,18599,1812
2014-07-01,구.동부정류장앞,9926,4128
2014-07-01,구둔산,625,0
2014-07-01,구라리,0,1
2014-07-01,구병원건너,577,5263
2014-07-01,구병원앞,35264,6620
2014-07-01,구삼폭포건너,2,24
2014-07-01,구암가구골목1,11188,439
2014-07-01,구암가구골목2,1778,323
2014-07-01,구암교1,5809,3281
2014-07-01,구암교2,1862,818
2014-07-01,구암동1,1008,99
2014-07-01,구암동2,237,386
2014-07-01,구암역(운전면허시험장)1,2077,320
2014-07-01,구암역(운전면허시험장)2,3201,744
2014-07-01,구암초등학교건너,2705,341
2014-07-01,구암초등학교앞,6439,122
2014-07-01,구지농공단지1,0,4
2014-07-01,구지농공단지2,284,14
2014-07-01,구지면사무소건너,668,435
2014-07-01,구지면사무소앞,2440,255
2014-07-01,구지청아람건너,7572,166
2014-07-01,구지청아람앞,769,495
2014-07-01,국립대구과학관정문건너,134,9
2014-07-01,국립대구과학관정문앞,380,6
2014-07-01,국립대구박물관건너,14656,1371
2014-07-01,국립대구박물관앞,9660,3854
2014-07-01,국민건강보험공단건너,29630,2882
2014-07-01,국민건강보험공단앞,12745,10899
2014-07-01,국민은행3공단지점건너,6549,1419
2014-07-01,국민은행3공단지점앞,3688,1034
2014-07-01,국우동현대아파트건너,835,50
2014-07-01,국우동현대아파트앞,4885,610
2014-07-01,국채보상운동기념공원,9062,6206
2014-07-01,굿모닝병원건너,11550,5374
2014-07-01,굿모닝병원앞,18561,3697
2014-07-01,궁전아파트건너,48,264
2014-07-01,궁전아파트앞,2870,101
2014-07-01,귀남지휴게소1,14,4
2014-07-01,그랜드호텔건너,39205,23177
2014-07-01,그랜드호텔앞,63270,8584
2014-07-01,그린빌4단지,98,501
2014-07-01,그린빌4단지건너,1299,26
2014-07-01,그린빌4단지앞,266,131
2014-07-01,근로복지공단대구병원건너,3160,216
2014-07-01,근로복지공단대구병원앞,5018,519
2014-07-01,근린공원축구장건너,22,186
2014-07-01,근린공원축구장앞,1850,48
2014-07-01,금강동,244,5
2014-07-01,금계초등학교(교항리),753,308
2014-07-01,금복주건너,3223,371
2014-07-01,금복주앞,1873,388
2014-07-01,금봉네거리1,12863,1004
2014-07-01,금봉네거리2,5926,738
2014-07-01,금사리하이빌APT건너,1911,145
2014-07-01,금사리하이빌APT앞,560,238
2014-07-01,금융감독원건너,986,3229
2014-07-01,금포초등학교,1675,283
2014-07-01,금포초등학교건너,406,437
2014-07-01,금호기전,12,61
2014-07-01,금호지구(시내방향),160,6
2014-07-01,금호지구(종점방향),51,1
2014-07-01,금호화물자동차공영차고지,2,0
2014-07-01,기곡(종점),196,5
2014-07-01,기곡리1,5,8
2014-07-01,기곡리2,51,0
2014-07-01,기독교방송국건너,7368,2285
2014-07-01,기독교방송국앞,4986,1599
2014-07-01,기업은행대곡지점건너,147,1594
2014-07-01,기업은행대곡지점앞,24745,570
2014-07-01,기업은행죽전동지점건너,6543,843
2014-07-01,기업은행죽전동지점앞,3708,723
2014-07-01,김흥1리건너,158,0
2014-07-01,김흥1리앞,38,13
2014-07-01,김흥2리건너,0,4
2014-07-01,김흥2리앞,14,0
2014-07-01,김흥리마을입구,163,0
2014-07-01,남구청건너2,7929,7287
2014-07-01,남구청네거리1,7566,2089
2014-07-01,남구청네거리2,395,228
2014-07-01,남대구IC1,19247,1322
2014-07-01,남대구IC2,7063,742
2014-07-01,남명삼거리1,2040,158
2014-07-01,남명삼거리2,2364,852
2014-07-01,남문시장건너1,1334,72
2014-07-01,남문시장건너2,14138,20100
2014-07-01,남문시장앞,28040,11582
2014-07-01,남문아파트앞,662,375
2014-07-01,남부경찰서건너,9952,2477
2014-07-01,남부경찰서앞,12380,8999
2014-07-01,남부교육지원청건너,8931,1231
2014-07-01,남부교육지원청앞,5873,1725
2014-07-01,남부도서관앞,208,570
2014-07-01,남부자동차종합시장건너,3787,620
2014-07-01,남부자동차종합시장앞,1378,463
2014-07-01,남부초등학교건너,1872,37
2014-07-01,남부초등학교앞,533,310
2014-07-01,남부초등학교앞2,6630,894
2014-07-01,남산2동주민센터건너,124,325
2014-07-01,남산2동주민센터앞,1008,46
2014-07-01,남산고등학교건너,874,62
2014-07-01,남산역(프린스호텔건너),10022,4170
2014-07-01,남산역건너(프린스호텔앞),20643,7193
2014-07-01,남산주유소건너,1635,1216
2014-07-01,남산주유소앞,2172,231
2014-07-01,남산초등학교건너,17951,2248
2014-07-01,남산초등학교앞,15547,8135
2014-07-01,남산휴먼시아앞,1522,439
2014-07-01,내2리새마을회관건너,81,3
2014-07-01,내2리새마을회관앞,2,9
2014-07-01,내당1동우체국건너,2872,323
2014-07-01,내당1동우체국앞,3083,458
2014-07-01,내당광명아파트,3277,3470
2014-07-01,내당삼익맨션건너,34563,8490
2014-07-01,내당삼익맨션앞,16100,20654
2014-07-01,내당코오롱아파트건너,8050,13945
2014-07-01,내당코오롱아파트앞,6306,1130
2014-07-01,내동,859,26
2014-07-01,내동건너,48,147
2014-07-01,내리1,6,11
2014-07-01,내리2,0,5
2014-07-01,내일교회건너,230,39
2014-07-01,내일교회앞,1046,51
2014-07-01,냉천2리,5,0
2014-07-01,냉천리1,2477,26
2014-07-01,냉천리2,37,409
2014-07-01,노곡동,5276,48
2014-07-01,노변중학교,960,71
2014-07-01,노변중학교건너,1551,74
2014-07-01,노변청구타운건너,192,79
2014-07-01,노변청구타운앞,236,90
2014-07-01,노원119안전센터건너,8082,2857
2014-07-01,노원119안전센터앞,2930,695
2014-07-01,노원네거리(공단세차장건너),542,487
2014-07-01,노원네거리(공단세차장앞),6907,172
2014-07-01,노원네거리(대구은행건너),1059,175
2014-07-01,노원네거리(대구은행앞),5991,686
2014-07-01,노원네거리1,5304,973
2014-07-01,노원네거리2,10284,568
2014-07-01,노원동화타운건너,693,486
2014-07-01,노원동화타운앞,5021,578
2014-07-01,녹동서원앞,3,6
2014-07-01,녹원맨션1,3510,1480
2014-07-01,녹원맨션2,12652,601
2014-07-01,논공삼거리1,2047,15
2014-07-01,논공삼거리2,377,363
2014-07-01,논공읍사무소,950,227
2014-07-01,논공읍사무소건너1,4825,209
2014-07-01,논공읍사무소건너2,402,103
2014-07-01,농산물도매시장건너,59,9
2014-07-01,농산물도매시장앞,2136,213
2014-07-01,농수산물도매시장건너,4015,1392
2014-07-01,농수산물도매시장앞,9021,3165
2014-07-01,농촌진흥원입구,116,107
2014-07-01,농협동촌지점,567,133
2014-07-01,농협방촌지점,2390,141
2014-07-01,농협비료창고건너(연경),0,2
2014-07-01,농협중앙회건너,24397,8837
2014-07-01,농협중앙회앞,65522,39779
2014-07-01,농협중앙회중동지점건너,2046,71
2014-07-01,농협중앙회중동지점앞,911,743
2014-07-01,농협하나로마트건너,52,316
2014-07-01,능골1,171,1318
2014-07-01,능골건너,2941,34
2014-07-01,능성동(종점),534,7
2014-07-01,능성동예비군훈련장,1782,69
2014-07-01,능성동입구건너,575,3
2014-07-01,능성동입구앞,9,29
2014-07-01,다리골,45,0
2014-07-01,다사고등학교건너,11576,4773
2014-07-01,다사고등학교앞,421,1584
2014-07-01,다사농협주유소건너,70,677
2014-07-01,다사농협주유소앞,9053,265
2014-07-01,다사역(4번출구),16,0
2014-07-01,다사읍사무소건너,8149,347
2014-07-01,다사읍사무소서재출장소건너,369,1
2014-07-01,다사읍사무소서재출장소앞,77,259
2014-07-01,다사읍사무소앞,7,105
2014-07-01,다사주공아파트건너,188,0
2014-07-01,다사주공아파트앞,3,116
2014-07-01,다사체육공원건너,26,0
2014-07-01,다사체육공원앞,38,0
2014-07-01,다사초등학교건너,53,1
2014-07-01,다사초등학교앞,0,66
2014-07-01,단산리(종점),7322,3615
2014-07-01,달구벌종합복지관건너,1174,252
2014-07-01,달구벌종합복지관앞,696,121
2014-07-01,달서공고건너,239,131
2014-07-01,달서공고앞,13,37
2014-07-01,달서교회건너,23883,4086
2014-07-01,달서교회앞,20432,11738
2014-07-01,달서구새마을회건너,3500,128
2014-07-01,달서구새마을회앞,342,159
2014-07-01,달서구청건너,17583,3014
2014-07-01,달서구청앞,7348,2512
2014-07-01,달서종합시장건너,1797,324
2014-07-01,달서종합시장앞,1376,176
2014-07-01,달서중고등학교,63,13
2014-07-01,달서중고등학교건너,530,1
2014-07-01,달서천하수종말처리장건너,140,2
2014-07-01,달서천하수종말처리장앞,13,1
2014-07-01,달서초교,2327,58
2014-07-01,달성2차공단관리청사,48,1
2014-07-01,달성2차산업단지출장소건너,1,0
2014-07-01,달성2차산업단지출장소앞,10,11
2014-07-01,달성경찰서,2104,584
2014-07-01,달성경찰서건너,3268,101
2014-07-01,달성공원건너,19200,2835
2014-07-01,달성공원앞,24400,20375
2014-07-01,달성군민운동장건너,1452,89
2014-07-01,달성군민운동장앞,1128,185
2014-07-01,달성군선거관리위원회건너,99,139
2014-07-01,달성군선거관리위원회앞,37,1314
2014-07-01,달성군청건너,1138,292
2014-07-01,달성군청앞,4158,168
2014-07-01,달성기와건너,204,146
2014-07-01,달성기와앞,878,70
2014-07-01,달성도서관입구,2,0
2014-07-01,달성문화원건너,14,1
2014-07-01,달성문화원앞,9,0
2014-07-01,달성산업단지건너,235,68
2014-07-01,달성산업단지관리공단1,1,22
2014-07-01,달성산업단지관리공단2,14,0
2014-07-01,달성소방서건너,56,161
2014-07-01,달성소방서앞,365,224
2014-07-01,달성스포츠파크건너,2,15
2014-07-01,달성스포츠파크앞,20,0
2014-07-01,달성예비군훈련장건너,1358,86
2014-07-01,달성예비군훈련장앞,470,194
2014-07-01,달성우체국건너,934,536
2014-07-01,달성우체국앞,6411,295
2014-07-01,달성중학교건너,5949,728
2014-07-01,달성중학교앞,21098,4902
2014-07-01,달성초등학교건너,5478,1844
2014-07-01,달성초등학교앞,1860,384
2014-07-01,달성취수장건너,14,158
2014-07-01,달성취수장앞,75,31
2014-07-01,달창저수지,345,0
2014-07-01,달천리(시내방향),135,0
2014-07-01,달천리(시외방향),68,0
2014-07-01,담안마을1,7,9
2014-07-01,담안마을2,304,6
2014-07-01,담티고개1,303,439
2014-07-01,담티고개2,1150,848
2014-07-01,당동마을건너,319,1
2014-07-01,당동마을앞,5,22
2014-07-01,당정마을입구,69,3
2014-07-01,당정마을입구건너,117,1
2014-07-01,대1리용흥지건너,206,3
2014-07-01,대1리용흥지앞,28,18
2014-07-01,대곡강산타운,27933,780
2014-07-01,대곡강산타운건너,4089,806
2014-07-01,대곡사계절타운건너,21921,667
2014-07-01,대곡사계절타운앞,6009,1910
2014-07-01,대곡역(1번출구),54091,2279
2014-07-01,대곡역(2번출구),37862,44783
2014-07-01,대곡역(한라하우젠트건너),22720,1557
2014-07-01,대곡역(한라하우젠트앞),6722,15128
2014-07-01,대곡역그린빌,8670,8820
2014-07-01,대곡주공1단지앞,5837,1932
2014-07-01,대곡주공2단지앞,20613,511
2014-07-01,대곡주공6단지앞,4288,512
2014-07-01,대곡주공7단지앞,17176,922
2014-07-01,대곡주공8단지건너,5282,1202
2014-07-01,대곡주공8단지앞,27873,2078
2014-07-01,대곡중학교건너,5157,674
2014-07-01,대곡중학교앞,2958,710
2014-07-01,대공원역(1번출구),2599,4851
2014-07-01,대공원역(5번출구),4883,702
2014-07-01,대구가톨릭대학병원건너,23937,3618
2014-07-01,대구가톨릭대학병원앞,20359,2143
2014-07-01,대구경북과학기술원,183,10
2014-07-01,대구경북과학기술원기숙사,252,42
2014-07-01,대구경북지방병무청,433,1077
2014-07-01,대구고등학교건너,50518,12200
2014-07-01,대구고등학교앞,16187,5976
2014-07-01,대구고용노동청건너,18031,2469
2014-07-01,대구고용노동청앞,5817,1260
2014-07-01,대구공업대학1,13453,2389
2014-07-01,대구공업대학2,3516,2946
2014-07-01,대구공업대학건너,7191,3302
2014-07-01,대구공업대학앞,6197,2634
2014-07-01,대구과학고등학교건너,12454,6040
2014-07-01,대구과학고등학교앞,20833,2083
2014-07-01,대구과학대학1,25007,12355
2014-07-01,대구과학대학2,61885,5778
2014-07-01,대구과학대학건너,2488,139
2014-07-01,대구과학대학앞,606,306
2014-07-01,대구광역시교육연수원건너,18449,1024
2014-07-01,대구광역시교육연수원앞,6346,3325
2014-07-01,대구광역시청건너,2177,998
2014-07-01,대구광역시청앞,387,624
2014-07-01,대구교도소건너,9919,6251
2014-07-01,대구교도소앞,28235,3571
2014-07-01,대구교육대건너,261,3386
2014-07-01,대구교육대앞,23409,3703
2014-07-01,대구교통방송건너,6274,7154
2014-07-01,대구교통방송앞,20391,1765
2014-07-01,대구국제공항건너,25968,12048
2014-07-01,대구국제공항앞,29106,7287
2014-07-01,대구글로벌교육센터건너,5816,13240
2014-07-01,대구글로벌교육센터앞,4319,774
2014-07-01,대구농업마이스터고건너,27258,2264
2014-07-01,대구농업마이스터고앞,9721,11556
2014-07-01,대구농업마이스터고후문건너,3249,758
2014-07-01,대구농업마이스터고후문앞,2613,210
2014-07-01,대구도시공사앞,17054,2796
2014-07-01,대구동부고용복지플러스센터,12830,5385
2014-07-01,대구동촌유치원,1261,205
2014-07-01,대구디지털산업진흥원건너,26066,6101
2014-07-01,대구디지털산업진흥원앞,17766,3944
2014-07-01,대구맨션건너,2483,435
2014-07-01,대구맨션앞,4810,873
2014-07-01,대구문화방송건너,15582,5785
2014-07-01,대구문화방송앞,17799,3319
2014-07-01,대구미술관건너,710,73
2014-07-01,대구미술관앞,940,53
2014-07-01,대구병원건너,27049,1724
2014-07-01,대구병원앞,14987,6897
2014-07-01,대구보건고등학교건너,18125,8029
2014-07-01,대구보건고등학교앞,14511,2218
2014-07-01,대구보건대학3,15839,9865
2014-07-01,대구보건대학4,24430,4558
2014-07-01,대구보건대학5,67,23
2014-07-01,대구보건대학건너1,2313,84
2014-07-01,대구보건대학건너2,15222,441
2014-07-01,대구보건대학앞1,378,287
2014-07-01,대구보건대학앞2,1942,691
2014-07-01,대구보훈요양원건너,0,7
2014-07-01,대구보훈요양원앞,260,0
2014-07-01,대구비지니스센터건너,4972,485
2014-07-01,대구비지니스센터앞,5656,396
2014-07-01,대구사격장,58,2
2014-07-01,대구삼성창조캠퍼스1,1659,196
2014-07-01,대구삼성창조캠퍼스2,344,703
2014-07-01,대구선방촌공원,1201,46
2014-07-01,대구소방본부건너,545,270
2014-07-01,대구소방본부앞,1935,3088
2014-07-01,대구스타디움건너,3917,672
2014-07-01,대구스타디움앞,5219,734
2014-07-01,대구시교육청건너,1465,512
2014-07-01,대구시교육청앞,2079,5247
2014-07-01,대구시설공단건너,19868,3765
2014-07-01,대구시설공단앞,11266,19780
2014-07-01,대구시설관리사업소,46,158
2014-07-01,대구시지노인전문병원건너,395,44
2014-07-01,대구시지노인전문병원앞,550,1675
2014-07-01,대구신문사,153,829
2014-07-01,대구애견훈련학교건너,314,2
2014-07-01,대구애견훈련학교앞,1,9
2014-07-01,대구역,1001,333
2014-07-01,대구역건너,41118,8184
2014-07-01,대구역꽃시장,595,913
2014-07-01,대구역북편네거리1,42789,5626
2014-07-01,대구역북편네거리2,15517,15231
2014-07-01,대구역센트럴자이,1410,102
2014-07-01,대구역앞,40097,11176
2014-07-01,대구예담학교,298,49
2014-07-01,대구우편집중국(동편),0,33
2014-07-01,대구우편집중국앞,2662,1600
2014-07-01,대구은행3공단지점앞,7095,655
2014-07-01,대구은행북비산지점건너1,14508,2496
2014-07-01,대구은행북비산지점건너2,1796,1061
2014-07-01,대구은행북비산지점앞,43078,6768
2014-07-01,대구은행산격지점앞,830,315
2014-07-01,대구은행역(1번출구),38088,8932
2014-07-01,대구은행역(2번출구),41245,7623
2014-07-01,대구은행제2본점앞,15987,3426
2014-07-01,대구은행칠곡지점건너,9709,2801
2014-07-01,대구은행칠곡지점앞,30370,7715
2014-07-01,대구은행평리동지점건너,3782,2002
2014-07-01,대구은행평리동지점앞,7397,3069
2014-07-01,대구의료원건너,8626,1083
2014-07-01,대구의료원라파엘웰빙센터,2264,112
2014-07-01,대구의료원라파엘웰빙센터건너,580,1270
2014-07-01,대구의료원앞,5802,998
2014-07-01,대구일마이스터고교건너,4616,1211
2014-07-01,대구일마이스터고교앞,10147,744
2014-07-01,대구전자공고남편,161,324
2014-07-01,대구전자공업고등학교1,11967,627
2014-07-01,대구전자공업고등학교2,1224,3584
2014-07-01,대구제일고등학교건너,38480,7924
2014-07-01,대구제일고등학교앞,39548,23665
2014-07-01,대구중앙중고등학교건너,33890,3766
2014-07-01,대구중앙중고등학교앞,31185,5585
2014-07-01,대구중앙중학교건너,2887,35
2014-07-01,대구중앙중학교앞,7,14
2014-07-01,대구중학교건너,2049,618
2014-07-01,대구중학교앞,7331,2294
2014-07-01,대구지료재생사,85,79
2014-07-01,대구지방경찰청,6317,999
2014-07-01,대구지방법원등기국건너,6795,10598
2014-07-01,대구지방법원등기국앞,2712,1435
2014-07-01,대구지방법원서부지원,723,104
2014-07-01,대구차여성병원건너,5450,9501
2014-07-01,대구차여성병원앞,18181,1546
2014-07-01,대구콘서트하우스건너,20184,24119
2014-07-01,대구콘서트하우스앞,26532,3620
2014-07-01,대구텍건너,925,286
2014-07-01,대구텍앞,5594,960
2014-07-01,대구학생문화센터,171,74
2014-07-01,대구학생수련관입구건너,772,8
2014-07-01,대구학생수련관입구앞,35,112
2014-07-01,대구한의대학교부속한방병원건너,357,109
2014-07-01,대구한의대학교부속한방병원앞,2521,65
2014-07-01,대구향교건너,3040,4811
2014-07-01,대구향교앞,2056,597
2014-07-01,대덕마을건너,579,1481
2014-07-01,대덕마을앞,358,99
2014-07-01,대덕맨션앞,10430,267
2014-07-01,대덕문화전당건너,1773,157
2014-07-01,대덕문화전당앞,60,198
2014-07-01,대덕승마장건너,646,36
2014-07-01,대덕승마장앞,90,89
2014-07-01,대덕식당건너,293,251
2014-07-01,대덕식당앞,4930,220
2014-07-01,대덕천주교회1,2190,506
2014-07-01,대덕천주교회2,2997,181
2014-07-01,대덕천주교회3,4197,189
2014-07-01,대덕천주교회4,210,518
2014-07-01,대덕초등학교,909,39
2014-07-01,대동공업,150,187
2014-07-01,대동공업건너,944,13
2014-07-01,대동금속건너,2202,51
2014-07-01,대동금속앞,901,111
2014-07-01,대동시장1,5518,609
2014-07-01,대동시장2,9569,597
2014-07-01,대륜중고등학교건너,5352,7924
2014-07-01,대륜중고등학교앞,6886,379
2014-07-01,대리,245,3
2014-07-01,대리마을앞,94,143
2014-07-01,대리마을회관,250,10
2014-07-01,대리마을회관건너,54,32
2014-07-01,대림생수,998,30
2014-07-01,대림생수앞,43,205
2014-07-01,대림육교1,201,21651
2014-07-01,대림육교2,33,56
2014-07-01,대명6동주민센터건너,2667,544
2014-07-01,대명6동주민센터앞,3259,247
2014-07-01,대명시장건너,23562,6734
2014-07-01,대명시장앞,27871,5329
2014-07-01,대명역(1번출구),22922,4885
2014-07-01,대명역(2번출구),16393,2746
2014-07-01,대명중학교건너,20,456
2014-07-01,대명중학교앞,4192,108
2014-07-01,대명초등학교건너,9721,4077
2014-07-01,대명초등학교앞,14705,5978
2014-07-01,대백인터빌건너,25661,5031
2014-07-01,대백인터빌앞,22107,5091
2014-07-01,대백창신한라타운건너,16319,2536
2014-07-01,대백창신한라타운앞,4067,1522
2014-07-01,대백프라자건너,25019,6232
2014-07-01,대백프라자앞,34838,5210
2014-07-01,대백한라무지개타운건너,25176,1051
2014-07-01,대백한라무지개타운앞,9523,1605
2014-07-01,대봉교회,11339,4242
2014-07-01,대봉네거리1,5374,590
2014-07-01,대봉네거리2,3242,2614
2014-07-01,대봉도서관건너,1649,387
2014-07-01,대봉도서관앞,4643,945
2014-07-01,대봉성당,10760,2415
2014-07-01,대서초등학교앞,475,119
2014-07-01,대성공업건너,975,10659
2014-07-01,대성공업앞,2404,163
2014-07-01,대성유니드앞,3304,58
2014-07-01,대성테크앞,225,26
2014-07-01,대신동광명맨션앞,1833,458
2014-07-01,대신센트럴자이,6743,399
2014-07-01,대실역(1번출구),10709,2306
2014-07-01,대실역(2번출구),34229,1495
2014-07-01,대실역(4번출구),2616,37
2014-07-01,대실역1,114,11
2014-07-01,대실역2,102,154
2014-07-01,대실역청아람건너,7326,39
2014-07-01,대실역청아람앞,718,3648
2014-07-01,대우트럼프월드수성건너,16276,2487
2014-07-01,대우트럼프월드수성앞,4152,2309
2014-07-01,대원고등학교,4350,26719
2014-07-01,대원고등학교건너,3200,3121
2014-07-01,대원사건너(공산동),20,229
2014-07-01,대원사앞(공산동),76,4
2014-07-01,대원사입구,270,1
2014-07-01,대원유치원건너,7172,7123
2014-07-01,대원유치원앞,12267,697
2014-07-01,대일1리마을회관건너,194,37
2014-07-01,대일1리점촌마을,4,32
2014-07-01,대일아파트건너,11835,4698
2014-07-01,대일아파트앞,15111,3036
2014-07-01,대자연맨션,18159,605
2014-07-01,대자연맨션건너,3545,1475
2014-07-01,대중인벤트,250,50
2014-07-01,대진중고등학교건너,886,152
2014-07-01,대진중고등학교앞,666,118
2014-07-01,대천119안전센터건너,1730,24
2014-07-01,대천119안전센터앞,963,110
2014-07-01,대천교,3293,810
2014-07-01,대천초등학교건너,539,171
2014-07-01,대천초등학교앞,2706,114
2014-07-01,대청초등학교건너,135,770
2014-07-01,대청초등학교앞,15736,980
2014-07-01,대평2리,209,0
2014-07-01,대평교회앞,0,3
2014-07-01,대평리시장,17667,1128
2014-07-01,대평중학교건너,10328,1064
2014-07-01,대평중학교앞,6618,1593
2014-07-01,대홍철강,749,43
2014-07-01,대흥동건너,423,34
2014-07-01,대흥동앞,335,218
2014-07-01,덕곡(달구벌고교),695,2
2014-07-01,덕곡(대구선명학교),102,37
2014-07-01,덕곡삼거리1,60,148
2014-07-01,덕곡삼거리2,984,12
2014-07-01,덕산마을건너,0,3
2014-07-01,덕산마을앞,289,0
2014-07-01,덕원고등학교건너,4387,956
2014-07-01,덕원고등학교앞,501,918
2014-07-01,덕인초등학교건너,2892,798
2014-07-01,덕인초등학교앞,2254,437
2014-07-01,덕화중학교건너,11317,618
2014-07-01,덕화중학교앞,4191,4109
2014-07-01,덴티스앞,372,3
2014-07-01,도곡교1,99,425
2014-07-01,도곡교2,238,11
2014-07-01,도남동,272,0
2014-07-01,도남동(종점),46,2
2014-07-01,도남지,145,0
2014-07-01,도동,2,5
2014-07-01,도동교1,922,4
2014-07-01,도동교2,20,33
2014-07-01,도동서원,469,15
2014-07-01,도동청구타운건너,52,42
2014-07-01,도동청구타운앞,1656,170
2014-07-01,도시철도건설본부건너,1697,4840
2014-07-01,도시철도건설본부앞,33475,2373
2014-07-01,도시철도담티역(1번출구),35999,6281
2014-07-01,도시철도담티역(3번출구),30293,4324
2014-07-01,도시철도대구역,895,291
2014-07-01,도시철도수성구청역북편1,701,6681
2014-07-01,도시철도수성구청역북편2,2494,89
2014-07-01,도의리,199,69
2014-07-01,도평동입구1,882,144
2014-07-01,도평동입구2,257,236
2014-07-01,도평동행정복지센터1,0,7
2014-07-01,도평동행정복지센터2,207,2
2014-07-01,도학동,1473,9
2014-07-01,도학동1,42,76
2014-07-01,동곡1리1,2,0
2014-07-01,동곡1리2,225,1
2014-07-01,동곡1리3,83,2
2014-07-01,동곡리,125,4
2014-07-01,동곡초등학교건너,355,4
2014-07-01,동곡초등학교앞,48,42
2014-07-01,동곡치안센터앞,31,19
2014-07-01,동구시장건너,9156,1859
2014-07-01,동구시장앞,8882,1512
2014-07-01,동구청건너,82165,35852
2014-07-01,동구청앞,65384,11643
2014-07-01,동구청역(3번출구),8977,1824
2014-07-01,동구청역(4번출구),2149,728
2014-07-01,동대구LPG충전소건너,2371,175
2014-07-01,동대구LPG충전소앞,714,134
2014-07-01,동대구맨션,9074,8427
2014-07-01,동대구시장건너,15115,2702
2014-07-01,동대구시장앞,21897,6847
2014-07-01,동대구역,62429,17295
2014-07-01,동대구역건너,67333,20684
2014-07-01,동대구역복합환승센터건너,54439,6085
2014-07-01,동대구역복합환승센터앞,49938,22313
2014-07-01,동대구역수화물취급소건너,403,198
2014-07-01,동대구역수화물취급소앞,4304,260
2014-07-01,동대구역지하도1,5232,3636
2014-07-01,동대구역지하도2,838,1109
2014-07-01,동대구초등학교건너,1429,112
2014-07-01,동대구초등학교앞,1009,274
2014-07-01,동도중학교건너,12908,2006
2014-07-01,동도중학교앞,16937,2503
2014-07-01,동문고등학교앞,1238,300
2014-07-01,동문고등학교정문,999,243
2014-07-01,동변주공그린빌건너,2943,560
2014-07-01,동변주공그린빌앞,11962,338
2014-07-01,동부경찰서건너,1350,1329
2014-07-01,동부경찰서앞,9609,256
2014-07-01,동부고교건너,1554,837
2014-07-01,동부고교앞,8250,2600
2014-07-01,동부소방서건너,617,9131
2014-07-01,동부소방서앞,6838,567
2014-07-01,동부시외버스터미널(순환2번),2500,335
2014-07-01,동부중학교건너,5300,346
2014-07-01,동부중학교앞,2511,4014
2014-07-01,동북주유소건너,261,55
2014-07-01,동북주유소앞,10,75
2014-07-01,동산의료원앞1,38774,10164
2014-07-01,동산의료원앞2,17408,11940
2014-07-01,동서교회건너,3285,291
2014-07-01,동서교회앞,1441,1136
2014-07-01,동서변리벤빌,11755,1224
2014-07-01,동서변월드메르디앙아파트,3147,987
2014-07-01,동서아파트건너,173,8
2014-07-01,동서아파트앞,0,17
2014-07-01,동서화성타운건너,34851,1043
2014-07-01,동서화성타운앞,17296,4468
2014-07-01,동성에스티에스건너,175,27
2014-07-01,동성에스티에스앞,200,19
2014-07-01,동성초등학교건너,3539,8405
2014-07-01,동성초등학교앞,6243,2438
2014-07-01,동신초등학교건너,3252,1329
2014-07-01,동신초등학교앞,2595,3528
2014-07-01,동아백화점수성점건너,16191,12040
2014-07-01,동아백화점수성점앞,66858,1420
2014-07-01,동아수산냉동건너,610,530
2014-07-01,동아수산냉동앞,356,93
2014-07-01,동아스포츠센터(지산중학교앞),1987,1042
2014-07-01,동아스포츠센터(지산초교앞),8914,372
2014-07-01,동아제약,635,92
2014-07-01,동아제약건너,2584,31
2014-07-01,동양맨션앞,4265,240
2014-07-01,동원약품,11623,1831
2014-07-01,동원초등학교건너,1405,701
2014-07-01,동원초등학교앞1,1511,564
2014-07-01,동원초등학교앞2,2518,495
2014-07-01,동인네거리1,1836,391
2014-07-01,동인네거리2,1763,1030
2014-07-01,동인초등학교건너,15063,5090
2014-07-01,동인초등학교앞,11176,4479
2014-07-01,동인치안센터건너,21463,10377
2014-07-01,동인치안센터앞,11324,8095
2014-07-01,동일초등학교건너,2301,590
2014-07-01,동일초등학교앞,3330,1057
2014-07-01,동천역1,463,76
2014-07-01,동천역2,1451,294
2014-07-01,동촌강나루아파트건너,2630,1035
2014-07-01,동촌강나루아파트앞,3574,12148
2014-07-01,동촌역,682,209
2014-07-01,동촌역(구길),2358,200
2014-07-01,동촌역(신길)1,6186,1474
2014-07-01,동촌역(신길)2,4148,2722
2014-07-01,동촌유원지,683,284
2014-07-01,동촌유원지놀이동산앞,209,96
2014-07-01,동촌해성아파트건너,140,217
2014-07-01,동촌해성아파트앞,907,2322
2014-07-01,동촌화성타운건너,14441,1097
2014-07-01,동촌화성타운앞,8199,2165
2014-07-01,동침산네거리,1876,1177
2014-07-01,동침산네거리2,38,204
2014-07-01,동호동건너(북구),951,161
2014-07-01,동호동앞(북구),83,103
2014-07-01,동호육교1,81,461
2014-07-01,동호육교2,9104,245
2014-07-01,동호초등학교건너,408,1
2014-07-01,동화골든빌(남편),5007,258
2014-07-01,동화골든빌(동편),1643,1939
2014-07-01,동화골든빌(북편),83,298
2014-07-01,동화골든빌건너(남편),8,281
2014-07-01,동화교1,119,216
2014-07-01,동화교2,3963,10
2014-07-01,동화사입구건너,6529,25
2014-07-01,동화사입구앞,129,467
2014-07-01,동화시설집단지구(종점)1,225,67
2014-07-01,동화시설집단지구(종점)2(대구시민안전테마파크),12267,311
2014-07-01,두류3동파출소건너,968,121
2014-07-01,두류3동파출소앞,630,425
2014-07-01,두류공원(야외음악당건너),1498,96
2014-07-01,두류공원(야외음악당앞),943,217
2014-07-01,두류공원네거리1,14865,3357
2014-07-01,두류공원네거리2,5766,3866
2014-07-01,두류도서관앞,10629,4563
2014-07-01,두류보성맨션건너,6868,389
2014-07-01,두류보성맨션앞,3633,3867
2014-07-01,두류수영장건너,23821,5514
2014-07-01,두류수영장앞,23756,4142
2014-07-01,두류역(달성고등학교건너),38194,7840
2014-07-01,두류역(달성고등학교앞),62353,20541
2014-07-01,두류정수사업소건너,20617,1597
2014-07-01,두류정수사업소앞,2809,9292
2014-07-01,두류파출소건너,565,154
2014-07-01,두류파출소앞,126,318
2014-07-01,두리봉네거리1,4946,20909
2014-07-01,두리봉네거리2,16573,3074
2014-07-01,두리봉터널입구,1354,377
2014-07-01,두리봉터널입구건너,5141,166
2014-07-01,두산동주민센터건너,18124,2082
2014-07-01,두산동주민센터앞,10535,3096
2014-07-01,두산스포츠건너,1266,295
2014-07-01,두성파크아파트건너,29750,4508
2014-07-01,두성파크아파트앞,9717,7751
2014-07-01,두천마을건너,69,0
2014-07-01,두천마을입구,0,1
2014-07-01,둔산동,788,0
2014-07-01,들안길1,1531,809
2014-07-01,들안길2,5357,467
2014-07-01,들안길네거리1,5792,251
2014-07-01,들안길네거리2,1039,1210
2014-07-01,들안길초등학교건너,5071,1298
2014-07-01,들안길초등학교앞,5594,2229
2014-07-01,들연경,11,4
2014-07-01,럭키아파트건너,279,396
2014-07-01,럭키아파트앞,2773,35
2014-07-01,롯데백화점상인점건너,12367,7319
2014-07-01,롯데캐슬그랜드,832,1462
2014-07-01,룸비니유치원건너,2743,143
2014-07-01,룸비니유치원앞,2291,336
2014-07-01,마비정벽화마을(종점),805,13
2014-07-01,만경관건너,14976,6224
2014-07-01,만경관앞,11812,5036
2014-07-01,만촌1동주민센터,3533,895
2014-07-01,만촌2동주민센터,16573,1405
2014-07-01,만촌3차화성파크드림건너,3995,248
2014-07-01,만촌그린빌라건너,907,109
2014-07-01,만촌역(1번출구),1026,5446
2014-07-01,만촌우방1차건너,10969,299
2014-07-01,만촌우방1차앞,350,608
2014-07-01,만촌육교1,57863,6163
2014-07-01,만촌육교2,8470,13518
2014-07-01,만촌자전거경기장,131,93
2014-07-01,만촌천주교회앞,206,303
2014-07-01,만촌초등학교건너1,2723,679
2014-07-01,만촌초등학교건너2,3981,254
2014-07-01,만촌초등학교앞,2383,440
2014-07-01,만촌태왕리더스건너,2137,370
2014-07-01,만촌태왕리더스건너(남편),384,3241
2014-07-01,만촌태왕리더스북편,568,493
2014-07-01,만촌태왕리더스앞1,6361,12047
2014-07-01,만촌태왕리더스앞2,2275,198
2014-07-01,만촌화성파크스위트,1078,49
2014-07-01,만평네거리,8032,5960
2014-07-01,만평역(서대구고속버스터미널)1,10150,3351
2014-07-01,만평역(서대구고속버스터미널)2,8396,15104
2014-07-01,망우당공원(종점),523,120
2014-07-01,망우당공원건너,1514,915
2014-07-01,망우당공원앞,3393,3566
2014-07-01,매곡(종점),511,72
2014-07-01,매곡사거리1,615,769
2014-07-01,매곡사거리2,14573,567
2014-07-01,매곡정수사업소건너,609,8
2014-07-01,매곡정수사업소앞,8,22
2014-07-01,매곡초등학교건너,37,645
2014-07-01,매골1,20,106
2014-07-01,매골2,352,2
2014-07-01,매여동(동구)저탄장,938,139
2014-07-01,매일신문사건너,254,238
2014-07-01,매일신문사앞,2040,584
2014-07-01,매천고교,1888,128
2014-07-01,매천대교1,1424,211
2014-07-01,매천대교2,3,1
2014-07-01,매천성당건너1,3675,213
2014-07-01,매천성당건너2,599,127
2014-07-01,매천성당앞,6276,222
2014-07-01,매천수산시장건너,1636,129
2014-07-01,매천수산시장앞,1516,93
2014-07-01,매천시장지하차도,1475,302
2014-07-01,매천중고등학교건너,6723,4954
2014-07-01,매천중고등학교앞,11447,1101
2014-07-01,매천초교(매천역)2,1135,180
2014-07-01,매천화성파크드림,1345,66
2014-07-01,매천휴먼시아앞,1069,104
2014-07-01,매호동서아파트앞,986,12
2014-07-01,매호성당건너,715,1
2014-07-01,메트로시티건너,4598,864
2014-07-01,메트로시티앞,2044,140
2014-07-01,메트로팔레스1,16316,2381
2014-07-01,메트로팔레스2,20589,1068
2014-07-01,명곡1리입구1,16,3
2014-07-01,명곡1리입구2,14,20
2014-07-01,명곡리1,2233,646
2014-07-01,명곡리2,7102,738
2014-07-01,명곡미래빌1단지,2377,305
2014-07-01,명곡미래빌2단지건너,26,277
2014-07-01,명곡미래빌2단지앞,12732,1463
2014-07-01,명곡미래빌3단지건너,2156,1010
2014-07-01,명곡미래빌3단지앞,4747,198
2014-07-01,명곡미래빌4단지,3814,245
2014-07-01,명곡미래빌5단지건너,6,111
2014-07-01,명곡미래빌5단지앞,5832,1357
2014-07-01,명곡지구앞,55,121
2014-07-01,명덕네거리1,40407,3062
2014-07-01,명덕네거리2,13802,21188
2014-07-01,명덕역(6번출구),46749,15476
2014-07-01,명덕역(7번출구),32605,6249
2014-07-01,명덕초등학교건너,22535,16681
2014-07-01,명덕초등학교앞,28871,6778
2014-07-01,명문세가APT건너,9735,1329
2014-07-01,명문세가APT앞,15035,2421
2014-07-01,명문오하임아파트건너,305,244
2014-07-01,명문오하임아파트앞,201,113
2014-07-01,명보약국건너,1994,1045
2014-07-01,명보약국앞,2552,431
2014-07-01,명산교(명산화성타운건너),3304,204
2014-07-01,명성푸르지오건너,6903,1624
2014-07-01,명성푸르지오앞,31804,2512
2014-07-01,모개월앞,0,3
2014-07-01,모개월입구,9,0
2014-07-01,모다아울렛,127,2
2014-07-01,모다아울렛건너,16652,883
2014-07-01,모다아울렛앞,522,1855
2014-07-01,모래정마을건너,58,1
2014-07-01,모래정마을앞,11,10
2014-07-01,목단1리,83,0
2014-07-01,목단2리,70,1
2014-07-01,목단리,106,0
2014-07-01,묘1리,97,0
2014-07-01,묘2리(고려정밀),146,0
2014-07-01,묘2리(전마),182,1
2014-07-01,무궁화LPG충전소,10161,3629
2014-07-01,무궁화LPG충전소건너,3981,1143
2014-07-01,무궁화어린이공원입구,2283,317
2014-07-01,무궁화어린이공원입구건너,4897,2386
2014-07-01,무등1리1,1,0
2014-07-01,무등1리2,199,0
2014-07-01,무등1리3,46,0
2014-07-01,무등2리,5,7
2014-07-01,무등2리입구건너,70,0
2014-07-01,무등보건진료소건너,27,0
2014-07-01,무등보건진료소앞,3,3
2014-07-01,무림제지건너,843,215
2014-07-01,무림제지앞1,847,369
2014-07-01,무림제지앞2,307,156
2014-07-01,무열대건너,4514,2476
2014-07-01,무열대앞,1528,518
2014-07-01,무태교,17,877
2014-07-01,무태네거리(시내방향),17916,4969
2014-07-01,무태네거리(시외방향),4560,3225
2014-07-01,무태새마을금고건너,1757,450
2014-07-01,무태새마을금고앞,6040,320
2014-07-01,무태조야동주민센터건너1,7496,200
2014-07-01,무태조야동주민센터건너2,6521,1342
2014-07-01,무태조야동주민센터앞1,1867,472
2014-07-01,무태조야동주민센터앞2,17128,1232
2014-07-01,문성병원건너,12423,4959
2014-07-01,문성병원앞,20326,5935
2014-07-01,문양기지창건너,30,255
2014-07-01,문양기지창앞,142,30
2014-07-01,문양리(서부실),2,2
2014-07-01,문양리1,147,0
2014-07-01,문양리2,6,4
2014-07-01,문양리입구1,69,39
2014-07-01,문양리입구2,1,56
2014-07-01,문양역건너,13,774
2014-07-01,문양역앞,2417,951
2014-07-01,문주마을건너,170,0
2014-07-01,문주마을앞,40,8
2014-07-01,문화예술회관건너,13068,5445
2014-07-01,문화예술회관앞,12968,4679
2014-07-01,미8군후문건너,470,195
2014-07-01,미8군후문앞,1218,68
2014-07-01,미곡동1,322,356
2014-07-01,미곡동2,2559,99
2014-07-01,미대동1,2332,93
2014-07-01,미대동2,371,266
2014-07-01,미래아트빌앞,681,430
2014-07-01,미리내맨션건너,17885,536
2014-07-01,미리내맨션앞,5044,1655
2014-07-01,민들레아파트후문건너,4676,144
2014-07-01,민들레아파트후문앞,6248,77
2014-07-01,바른병원건너,328,165
2014-07-01,박곡리(시내방향),188,0
2014-07-01,박곡리(시외방향),75,4
2014-07-01,박석진교,0,16
2014-07-01,반고개(내당역4번출구),4357,3366
2014-07-01,반고개1,8017,3775
2014-07-01,반고개2,17579,5851
2014-07-01,반송4교건너,14,5
2014-07-01,반송4교앞,388,25
2014-07-01,반송리,402,1
2014-07-01,반야월모란1차아파트,4683,2352
2014-07-01,반야월시장1,7018,2861
2014-07-01,반야월시장2,9802,1287
2014-07-01,반야월역(국철)건너,5273,3043
2014-07-01,반야월역(국철)앞,8590,1550
2014-07-01,반야월역(도시철도1번출구),1554,340
2014-07-01,반야월역(도시철도2번출구),6984,178
2014-07-01,반야월역(도시철도3번출구),5559,2855
2014-07-01,반야월역(도시철도4번출구)1,6582,2398
2014-07-01,반야월역(도시철도4번출구)2,2234,1536
2014-07-01,반야월저탄장건너,5434,3436
2014-07-01,반야월저탄장앞,10845,1242
2014-07-01,반월당역(1번출구)1,39462,9989
2014-07-01,반월당역(1번출구)2,5408,5585
2014-07-01,반월당역(2번출구),69427,37908
2014-07-01,방공포병학교건너,2254,251
2014-07-01,방공포병학교앞,987,2850
2014-07-01,방짜유기박물관건너,1005,6
2014-07-01,방짜유기박물관앞,66,143
2014-07-01,방천리1,169,13
2014-07-01,방천리2,528,122
2014-07-01,방천시장(김광석길)건너,18823,6838
2014-07-01,방천시장(김광석길)앞,15315,2997
2014-07-01,방촌1동,1231,0
2014-07-01,방촌건널목,107,1433
2014-07-01,방촌맨션앞,5715,1497
2014-07-01,방촌빌라,239,1082
2014-07-01,방촌시장건너,30157,3678
2014-07-01,방촌시장앞,17786,6283
2014-07-01,방촌역(1번출구),14558,5490
2014-07-01,방촌역(2번출구),13230,1226
2014-07-01,방촌치안센터건너,1588,1518
2014-07-01,방촌치안센터앞,5731,1827
2014-07-01,백사벌네거리1,2580,56
2014-07-01,백사벌네거리2,2820,1293
2014-07-01,백안교1,6,17
2014-07-01,백안교2,1357,106
2014-07-01,백안삼거리1,338,194
2014-07-01,백안삼거리2,5142,170
2014-07-01,백자맨션건너,223,756
2014-07-01,백자맨션앞,4827,1859
2014-07-01,범물1동주민센터건너,8833,1602
2014-07-01,범물1동주민센터앞,47708,2125
2014-07-01,범물2동주민센터건너,5246,639
2014-07-01,범물2동주민센터앞,17,325
2014-07-01,범물두성타운건너,480,19
2014-07-01,범물우방미진하이츠앞,6021,235
2014-07-01,범물청구맨션건너,765,2944
2014-07-01,범물청구맨션앞,49211,4007
2014-07-01,범물하이츠 건너,3491,3544
2014-07-01,범물하이츠앞,24804,204
2014-07-01,범물한라주택건너,28793,1126
2014-07-01,범물한라주택앞,3225,5114
2014-07-01,범어2동1,197,2297
2014-07-01,범어2동2,1261,151
2014-07-01,범어4동주민센터건너,26477,6711
2014-07-01,범어4동주민센터앞,11204,9736
2014-07-01,범어쌍용예가건너,8448,7647
2014-07-01,범어쌍용예가앞,13274,2623
2014-07-01,범어역(1번출구),22310,3188
2014-07-01,범어역(2번출구),11728,5429
2014-07-01,법원건너,20333,14607
2014-07-01,법원앞,30233,6261
2014-07-01,법원어린이집,855,1481
2014-07-01,베어산업건너,644,0
2014-07-01,베어산업앞,55,32
2014-07-01,병무청중앙신체검사소,38,44
2014-07-01,보람타운건너,213,542
2014-07-01,보람타운앞,8801,2270
2014-07-01,보병50사단건너,4414,410
2014-07-01,보병50사단앞,1783,415
2014-07-01,보성기계건너,2237,194
2014-07-01,보성기계앞,15,123
2014-07-01,보성산호타운건너,5183,817
2014-07-01,보성산호타운앞,3170,1337
2014-07-01,보성서한타운앞,4416,1071
2014-07-01,보성은하타운앞,3138,66
2014-07-01,보성화성타운건너,27290,2607
2014-07-01,보성화성타운앞,8382,6221
2014-07-01,보훈병원건너,19,32
2014-07-01,보훈병원앞,3963,147
2014-07-01,복음간호학원,7788,802
2014-07-01,복현네거리,6719,10321
2014-07-01,복현대백맨션건너,18857,1981
2014-07-01,복현대백맨션앞,3701,3283
2014-07-01,복현서한2차아파트,2781,3693
2014-07-01,복현성모약국앞,2839,1047
2014-07-01,복현오거리1,54374,9717
2014-07-01,복현오거리2,13574,4567
2014-07-01,복현오거리3,324,260
2014-07-01,복현우방아파트,9442,1956
2014-07-01,복현우체국건너,50092,5065
2014-07-01,복현우체국앞,9370,8042
2014-07-01,복현장미맨션앞,2198,1112
2014-07-01,복현푸르지오아파트건너,15361,1356
2014-07-01,복현현대맨션건너,3147,66
2014-07-01,복현현대맨션앞,867,278
2014-07-01,본동시장건너,8412,878
2014-07-01,본동시장앞,1961,1748
2014-07-01,본리1리,192,50
2014-07-01,본리1리동회관건너,592,473
2014-07-01,본리1리동회관앞,39,40
2014-07-01,본리2,1807,221
2014-07-01,본리근린공원건너,0,2
2014-07-01,본리네거리,3178,463
2014-07-01,본리네거리2,9738,1740
2014-07-01,본리네거리3,1966,1370
2014-07-01,본리도서관앞,2265,392
2014-07-01,본리롯데캐슬,2451,194
2014-07-01,본리아카시아맨션,5101,1406
2014-07-01,본리지구건너,1509,484
2014-07-01,본리지구앞,8529,1207
2014-07-01,본리초등학교건너,10007,1949
2014-07-01,본리초등학교앞,7829,1793
2014-07-01,본리치안센터건너,3666,455
2014-07-01,본리치안센터앞,3995,1571
2014-07-01,본말(종점),41,0
2014-07-01,봉덕119안전센터건너,916,40
2014-07-01,봉덕119안전센터앞,512,155
2014-07-01,봉덕2동새마을금고건너,1291,320
2014-07-01,봉덕2동새마을금고앞,1068,779
2014-07-01,봉덕교회건너,15111,2264
2014-07-01,봉덕교회앞,3586,1157
2014-07-01,봉덕변전소건너,3071,17
2014-07-01,봉덕변전소앞,9,57
2014-07-01,봉덕시장건너1,4088,1858
2014-07-01,봉덕시장건너2,781,338
2014-07-01,봉덕시장건너3,9935,695
2014-07-01,봉덕시장앞1,15805,1130
2014-07-01,봉덕시장앞2,4975,2056
2014-07-01,봉무공원건너,7640,1604
2014-07-01,봉무청구새들마을건너,18156,1631
2014-07-01,봉무청구새들마을앞,2594,766
2014-07-01,봉산가구골목(동편),3505,3489
2014-07-01,봉산가구골목(서편),2337,421
2014-07-01,봉산문화거리건너,25499,8994
2014-07-01,봉산문화거리앞,14008,4053
2014-07-01,봉산육거리,3978,494
2014-07-01,봉촌1리1,547,0
2014-07-01,봉촌1리2,4,41
2014-07-01,봉촌1리3,224,0
2014-07-01,봉촌2리,142,0
2014-07-01,봉촌낙동길입구,331,0
2014-07-01,봉촌낙동길입구건너,11,40
2014-07-01,봉촌리,285,0
2014-07-01,부곡리,16,4
2014-07-01,부곡리건너,92,162
2014-07-01,부남교앞,511,3
2014-07-01,부동,1080,49
2014-07-01,부동(종점),201,5
2014-07-01,부동농협,358,0
2014-07-01,부동삼거리,1,0
2014-07-01,부영3단지,2934,1846
2014-07-01,부영5단지,2144,463
2014-07-01,부영7단지건너,663,9
2014-07-01,부영7단지앞,15,70
2014-07-01,부인사건너,178,42
2014-07-01,부인사앞,44,5
2014-07-01,북구구민운동장건너,7923,1085
2014-07-01,북구구민운동장앞,2209,1642
2014-07-01,북구보건소건너,4247,1872
2014-07-01,북구보건소앞,9119,368
2014-07-01,북구선거관리위원회건너,5923,556
2014-07-01,북구선거관리위원회앞,8008,2981
2014-07-01,북구어울아트센터앞,123,84
2014-07-01,북구청건너,14280,4407
2014-07-01,북구청네거리1,1914,2099
2014-07-01,북구청네거리2,3048,391
2014-07-01,북구청앞,13174,1888
2014-07-01,북구청역(3번출구),14363,4208
2014-07-01,북구청역(4번출구),6093,2707
2014-07-01,북대구세무서건너,8631,804
2014-07-01,북대구세무서앞,4517,990
2014-07-01,북대구초등학교건너,2388,66
2014-07-01,북대구초등학교앞,708,163
2014-07-01,북동초등학교건너,1424,791
2014-07-01,북동초등학교앞,4842,73
2014-07-01,북리1,3691,1412
2014-07-01,북리2,22201,391
2014-07-01,북부경찰서건너,2348,944
2014-07-01,북부상수도사업소,162,1077
2014-07-01,북부정류장,90387,17452
2014-07-01,북부정류장건너,43075,15149
2014-07-01,북비산네거리1,8632,5461
2014-07-01,북비산네거리2,9814,1646
2014-07-01,북중학교앞,3018,923
2014-07-01,북침산치안센터건너,8045,1719
2014-07-01,북침산치안센터앞,7199,2902
2014-07-01,불교한방병원건너1,562,245
2014-07-01,불교한방병원건너2,2291,243
2014-07-01,불교한방병원앞1,2756,161
2014-07-01,불교한방병원앞2,3043,553
2014-07-01,불로삼거리,1445,12231
2014-07-01,불로우방아파트건너,8206,2477
2014-07-01,불로우방아파트앞,8844,4959
2014-07-01,불로전통시장건너,42072,3941
2014-07-01,불로전통시장앞,16817,7009
2014-07-01,불로천주교회건너,12928,3162
2014-07-01,불로천주교회앞,21348,4647
2014-07-01,불로화훼단지건너,27,431
2014-07-01,불로화훼단지앞,615,748
2014-07-01,비산5동주민센터,4,0
2014-07-01,비산6동주민센터건너,528,975
2014-07-01,비산6동주민센터앞,555,32
2014-07-01,비산7동우체국건너,3177,4325
2014-07-01,비산7동우체국앞1,12740,4288
2014-07-01,비산7동우체국앞2,8257,2531
2014-07-01,비산웰빙하와이건너,2334,82
2014-07-01,비산웰빙하와이앞,1547,108
2014-07-01,비산지하도1,9802,5932
2014-07-01,비산지하도2,21573,4631
2014-07-01,비산초등학교건너,10918,1151
2014-07-01,비산초등학교앞,15643,1896
2014-07-01,비슬산휴양림주차장,21,0
2014-07-01,비원지구대건너,5745,509
2014-07-01,비원지구대앞,754,1643
2014-07-01,비철금속협업단지앞,6789,536
2014-07-01,사복동입구교차로,302,1250
2014-07-01,사복동입구교차로건너,38,392
2014-07-01,사월동(종점),911,57
2014-07-01,사월보성2차건너,36,158
2014-07-01,사월보성2차앞,2689,146
2014-07-01,사월역(2번출구),19771,3247
2014-07-01,사월역(4번출구),19155,10596
2014-07-01,사창마을건너,2,1
2014-07-01,사창마을앞,68,1
2014-07-01,산격4동주민센터건너,868,210
2014-07-01,산격4동주민센터앞,5966,714
2014-07-01,산격거평타운건너,1364,2954
2014-07-01,산격거평타운앞,1921,2832
2014-07-01,산격대우아파트앞,61443,8581
2014-07-01,산격문화회관건너,9146,760
2014-07-01,산격문화회관앞,3193,1631
2014-07-01,산격종합시장앞,60590,18298
2014-07-01,산격주공아파트건너,4393,5285
2014-07-01,산격주공아파트앞,25876,2984
2014-07-01,산격중학교건너,8619,13022
2014-07-01,산격중학교앞,10931,1855
2014-07-01,산격청구맨션앞,6427,3695
2014-07-01,산격초등학교건너,11605,645
2014-07-01,산격초등학교앞,10146,917
2014-07-01,산림조합중앙회건너,1862,2027
2014-07-01,산림조합중앙회앞,1387,746
2014-07-01,산업용재관,4347,2269
2014-07-01,삼덕교회,6979,6098
2014-07-01,삼덕동1,222,361
2014-07-01,삼덕동2,240,70
2014-07-01,삼덕성당앞,9125,1090
2014-07-01,삼리1리1,3,40
2014-07-01,삼리1리2,622,256
2014-07-01,삼리리1(논공),25,12
2014-07-01,삼리리2(논공),176,95
2014-07-01,삼보,1088,101
2014-07-01,삼산리(범동교),44,31
2014-07-01,삼산리(삼산교회건너),211,3
2014-07-01,삼산리(삼산교회앞),3614,220
2014-07-01,삼산리(은지가든),0,30
2014-07-01,삼산리입구건너,501,17
2014-07-01,삼산리입구앞,0,148
2014-07-01,삼산지,6,0
2014-07-01,삼성공원아파트건너,348,224
2014-07-01,삼성래미안1차건너,5705,2474
2014-07-01,삼성래미안1차앞,5047,558
2014-07-01,삼성래미안2차건너,4287,818
2014-07-01,삼성래미안2차앞,4516,1784
2014-07-01,삼성명가타운,4169,1353
2014-07-01,삼성명가타운건너,1128,459
2014-07-01,삼성물류센터앞,226,1227
2014-07-01,삼성한국형아파트건너,1396,49
2014-07-01,삼성한국형아파트앞,1004,812
2014-07-01,삼우섬유앞,317,18
2014-07-01,삼육구가든건너,289,25
2014-07-01,삼육구가든앞,110,0
2014-07-01,삼익THK건너,237,42
2014-07-01,삼익THK앞,263,39
2014-07-01,삼익뉴타운건너,7892,2239
2014-07-01,삼익뉴타운앞,13462,807
2014-07-01,삼정빌딩앞,919,275
2014-07-01,삼호아파트건너,796,224
2014-07-01,삼호아파트앞,1462,1253
2014-07-01,삼환맨션,469,71
2014-07-01,상공회의소건너,4214,1679
2014-07-01,상공회의소앞,6479,1127
2014-07-01,상당마을,80,1
2014-07-01,상동가압장건너,1805,115
2014-07-01,상동교1,202,104
2014-07-01,상동교2,1358,663
2014-07-01,상동네거리,3979,1839
2014-07-01,상동마을(둔산길),853,2
2014-07-01,상동시장앞,2053,536
2014-07-01,상동우체국건너,6826,2244
2014-07-01,상동우체국앞,24301,3677
2014-07-01,상동천주교회건너,317,403
2014-07-01,상동천주교회앞,2000,2524
2014-07-01,상록아파트,788,44
2014-07-01,상리공단,2101,139
2014-07-01,상리공단건너,1278,632
2014-07-01,상리동입구,1853,122
2014-07-01,상리동입구1,4,148
2014-07-01,상리동입구2,4104,16
2014-07-01,상리동종점,2,40
2014-07-01,상리동종점2,1154,1
2014-07-01,상리동종점3,3294,240
2014-07-01,상리마을건너,0,15
2014-07-01,상리마을앞,58,17
2014-07-01,상리지하도1,2564,98
2014-07-01,상리지하도2,2227,54
2014-07-01,상매동(저탄장),9,17
2014-07-01,상서고등학교건너,2349,167
2014-07-01,상서고등학교앞,1549,192
2014-07-01,상수도사업본부,7983,3652
2014-07-01,상수도사업본부건너,8662,14222
2014-07-01,상수도사업본부시설관리소건너,10089,1468
2014-07-01,상수도사업본부시설관리소앞,1725,1297
2014-07-01,상수도중남부사업소건너,1903,650
2014-07-01,상수도중남부사업소앞,356,138
2014-07-01,상원리(마을회관),14,0
2014-07-01,상인2동주민센터건너,6948,455
2014-07-01,상인동서타운앞,19436,3163
2014-07-01,상인동화아이위시아파트건너,22470,1580
2014-07-01,상인동화아이위시아파트앞,2933,1740
2014-07-01,상인비둘기1단지아파트건너,4863,850
2014-07-01,상인비둘기1단지아파트앞,18728,899
2014-07-01,상인비둘기2단지아파트앞,16002,1444
2014-07-01,상인삼미타운건너,2946,12977
2014-07-01,상인삼미타운앞,6363,690
2014-07-01,상인역e-편한세상앞,7955,21376
2014-07-01,상인우방아파트,14250,31784
2014-07-01,상인은행아파트건너,7375,1705
2014-07-01,상인은행아파트앞,8029,1186
2014-07-01,상인자이앞,7438,2784
2014-07-01,상인장미아파트앞,11850,1129
2014-07-01,상인제림아파트건너,2691,428
2014-07-01,상인제림아파트앞,1483,1071
2014-07-01,상인청구타운건너,3652,263
2014-07-01,상인청구타운앞,1697,246
2014-07-01,상인초등학교앞,3476,2773
2014-07-01,상인한서타운앞,4315,1032
2014-07-01,상인현대맨션건너,84622,4315
2014-07-01,상인현대맨션앞,25940,35675
2014-07-01,상인화성파크드림건너,1110,751
2014-07-01,상인화성파크드림앞,1500,163
2014-07-01,상화네거리,225,1141
2014-07-01,새길시장건너,12175,7635
2014-07-01,새길시장앞,38390,4719
2014-07-01,새동네아파트건너,43,9
2014-07-01,새동네아파트앞,513,1634
2014-07-01,새마을건너,0,9
2014-07-01,새범어아파트건너,1500,272
2014-07-01,새범어아파트앞,1999,199
2014-07-01,새본리중학교앞,1509,417
2014-07-01,샤니삼거리1,199,0
2014-07-01,샤니삼거리2,4,4
2014-07-01,서구문화회관건너,3340,934
2014-07-01,서구문화회관앞,8780,1800
2014-07-01,서구시장건너,21977,6762
2014-07-01,서구시장앞,16801,5554
2014-07-01,서구제일사회복지관건너,1557,2551
2014-07-01,서구제일사회복지관앞,4948,531
2014-07-01,서구청건너,49926,7359
2014-07-01,서구청앞,52214,7486
2014-07-01,서남시장건너,28142,20101
2014-07-01,서남시장앞1,33182,6998
2014-07-01,서남시장앞2,15055,3117
2014-07-01,서당마을건너,916,58
2014-07-01,서당마을앞,34,57
2014-07-01,서대구고속버스터미널,338,1560
2014-07-01,서대구공단네거리1,1124,87
2014-07-01,서대구공단네거리2,438,105
2014-07-01,서대구공단네거리3,2958,377
2014-07-01,서대구공단네거리4,5083,1472
2014-07-01,서대구세무서,11838,24639
2014-07-01,서대구시장건너,12318,5747
2014-07-01,서대구시장앞,14236,4955
2014-07-01,서대구초등학교입구,23143,8590
2014-07-01,서대명지구대건너,7632,1749
2014-07-01,서대명지구대앞,2827,1041
2014-07-01,서도초등학교건너,3172,1767
2014-07-01,서도초등학교서편1,1,0
2014-07-01,서도초등학교서편2,86,230
2014-07-01,서도초등학교앞,9931,933
2014-07-01,서문시장,73113,10567
2014-07-01,서문시장5지구앞,1658,1105
2014-07-01,서변동영남네오빌건너,4949,326
2014-07-01,서변동영남네오빌앞,4686,385
2014-07-01,서부고등학교건너,2685,500
2014-07-01,서부고등학교앞,4139,150
2014-07-01,서부공업고등학교건너,10855,11325
2014-07-01,서부공업고등학교앞,29936,1684
2014-07-01,서부소방서,0,106
2014-07-01,서부시장건너,27364,11588
2014-07-01,서부시장앞,23243,5604
2014-07-01,서부정류장(관문시장건너),98414,18052
2014-07-01,서부정류장(관문시장앞),37362,10580
2014-07-01,서부정류장1,82790,11563
2014-07-01,서부정류장2,6305,1888
2014-07-01,서부정류장3(성당못역1번출구),26394,33585
2014-07-01,서부정류장4(성당못역1번출구),2734,1324
2014-07-01,서부중학교앞,8813,6379
2014-07-01,서영기공건너,480,1
2014-07-01,서영기공앞,6,53
2014-07-01,서재금봉타운,217,1228
2014-07-01,서재금봉타운건너,27314,132
2014-07-01,서재들,34,3
2014-07-01,서재들건너,14,6
2014-07-01,서재보성타운건너,21783,161
2014-07-01,서재보성타운앞,183,254
2014-07-01,서진중학교건너,765,567
2014-07-01,서평초등학교,3224,1518
2014-07-01,서평초등학교건너,2779,456
2014-07-01,선녀곡건너(옥포),204,65
2014-07-01,선녀곡앞(옥포),54,361
2014-07-01,설티고개(달성공단방면),6,12
2014-07-01,설티고개(옥포방면),85,1
2014-07-01,설화동(종점),352,36
2014-07-01,설화리(시내방향),14959,1058
2014-07-01,설화리(시외방향),895,997
2014-07-01,설화명곡역(4번출구),3,104
2014-07-01,섬뜸마을,722,1
2014-07-01,섬유회관건너1,59013,18254
2014-07-01,섬유회관건너2,10998,3673
2014-07-01,섬유회관앞,70765,21927
2014-07-01,성곡중학교건너,1587,636
2014-07-01,성곡중학교앞,1619,62
2014-07-01,성광고등학교건너,12144,3505
2014-07-01,성광고등학교앞,343,825
2014-07-01,성남초등학교건너,1261,1861
2014-07-01,성남초등학교앞,5581,472
2014-07-01,성내3동주민센터입구,1103,1764
2014-07-01,성당두산위브앞,25441,1834
2014-07-01,성당래미안·e-편한세상앞,11695,3177
2014-07-01,성당못역북편1,823,1176
2014-07-01,성당못역북편2,2338,239
2014-07-01,성당보성아파트건너,30529,7120
2014-07-01,성당보성아파트앞,13915,4167
2014-07-01,성당시장건너,30619,5653
2014-07-01,성당시장앞1,5594,601
2014-07-01,성당시장앞2,36247,3488
2014-07-01,성당초교앞,1124,322
2014-07-01,성당코오롱하늘채,9168,1435
2014-07-01,성당코오롱하늘채2,13824,6879
2014-07-01,성당포스코더샵건너,5898,1861
2014-07-01,성당포스코더샵앞,15370,1108
2014-07-01,성동건너,276,290
2014-07-01,성동마을건너,110,72
2014-07-01,성동마을앞,436,2
2014-07-01,성동앞,151,66
2014-07-01,성동초등학교건너,11498,2309
2014-07-01,성동초등학교앞,18477,1818
2014-07-01,성동탱자나무마을건너,21,24
2014-07-01,성동탱자나무마을앞,81,48
2014-07-01,성림첨단산업건너,101,12
2014-07-01,성림첨단산업앞,361,5
2014-07-01,성명119안전센터건너1,4702,4492
2014-07-01,성명119안전센터앞,2739,358
2014-07-01,성명여자중학교,420,266
2014-07-01,성모여성병원건너,35280,4923
2014-07-01,성모여성병원앞,35703,19360
2014-07-01,성보교통,1264,66
2014-07-01,성북교1,11988,2043
2014-07-01,성북교2,7988,3732
2014-07-01,성북시장건너,2816,849
2014-07-01,성북시장앞,10399,2834
2014-07-01,성산3동,2,15
2014-07-01,성산리1,64,47
2014-07-01,성산리2,658,120
2014-07-01,성산중학교앞,2154,239
2014-07-01,성산초등학교앞,594,124
2014-07-01,성서119안전센터건너,21,3294
2014-07-01,성서119안전센터앞,18224,122
2014-07-01,성서4차산업단지앞1,487,106
2014-07-01,성서공단물류센터,620,1
2014-07-01,성서농협남부지소,12184,3646
2014-07-01,성서동서서한타운건너,4548,499
2014-07-01,성서동서서한타운앞,6542,304
2014-07-01,성서보성타운2차건너1,334,604
2014-07-01,성서보성타운2차건너2,1404,110
2014-07-01,성서보성타운2차앞,9902,1924
2014-07-01,성서산업단지역(1번출구),5724,2930
2014-07-01,성서산업단지역(2번출구),12035,1380
2014-07-01,성서서한2차타운1,9200,397
2014-07-01,성서서한2차타운2,315,850
2014-07-01,성서우방2차아파트,1729,474
2014-07-01,성서우방타운건너,21328,3477
2014-07-01,성서우방타운앞,14346,2657
2014-07-01,성서우체국건너,2107,379
2014-07-01,성서우체국앞,519,1325
2014-07-01,성서종합시장건너,22318,7217
2014-07-01,성서종합시장앞,48670,5925
2014-07-01,성서주공1단지건너,10784,1182
2014-07-01,성서주공1단지앞,2403,2075
2014-07-01,성서주공2단지건너,14498,6877
2014-07-01,성서주공2단지앞,36257,2587
2014-07-01,성서주공5단지앞,519,213
2014-07-01,성서청구타운건너,9382,1821
2014-07-01,성서청구타운앞,6961,498
2014-07-01,성서초등학교건너,5368,1329
2014-07-01,성서초등학교앞,65,474
2014-07-01,성서푸른마을아파트건너,11801,1028
2014-07-01,성서푸른마을아파트앞,2343,1031
2014-07-01,성서한샘타운앞,2126,106
2014-07-01,성서협업단지건너,146,7
2014-07-01,성서협업단지앞,18,21
2014-07-01,성요셉요양병원건너,185,568
2014-07-01,성요셉요양병원앞,2205,123
2014-07-01,성원아파트건너,1786,239
2014-07-01,성원아파트앞,7698,495
2014-07-01,성주사건너,122,36
2014-07-01,성주사앞,7,125
2014-07-01,성지중학교건너,5968,1151
2014-07-01,성지중학교앞,7084,5546
2014-07-01,성하리,14,665
2014-07-01,성화여고건너,12396,618
2014-07-01,성화여고앞,6139,3764
2014-07-01,세강병원앞,7371,22892
2014-07-01,세원정공건너,13249,510
2014-07-01,세원정공앞,1979,4084
2014-07-01,세천고개1,375,14
2014-07-01,세천고개2,266,30
2014-07-01,세천리2,375,19
2014-07-01,세천리3,724,23
2014-07-01,세하건너,5,14
2014-07-01,세하앞,6,5
2014-07-01,세흥인쇄,883,181
2014-07-01,소선여중건너,3427,4312
2014-07-01,소선여중앞,137,481
2014-07-01,솔렌스힐건너,6266,865
2014-07-01,솔렌스힐앞,2141,444
2014-07-01,솔밭기세길건너,1,17
2014-07-01,솔밭기세길입구,246,2
2014-07-01,솔비식당입구,9,1
2014-07-01,솔비식당입구맞은편,785,75
2014-07-01,송원맨션건너,11873,1183
2014-07-01,송원맨션앞,4024,1225
2014-07-01,송정1동,0,10
2014-07-01,송정동1,37,9
2014-07-01,송정동2,28,0
2014-07-01,송정동3,36,6
2014-07-01,송정동4,35,56
2014-07-01,송정마을1,4,38
2014-07-01,송정마을2,140,0
2014-07-01,송정삼거리1,394,235
2014-07-01,송정삼거리2,200,514
2014-07-01,송정삼거리3,5340,1462
2014-07-01,송정삼거리4,4673,1031
2014-07-01,송해공원,8,4
2014-07-01,송현1동치안센터건너,7636,1595
2014-07-01,송현2동주민센터건너,904,234
2014-07-01,송현공원건너,675,242
2014-07-01,송현공원앞,631,744
2014-07-01,송현교,1226,97
2014-07-01,송현교2,228,73
2014-07-01,송현여중고교건너,3511,780
2014-07-01,송현여중고교앞,4718,4180
2014-07-01,송현역(1번출구),13386,2355
2014-07-01,송현역(2번출구),19082,3266
2014-07-01,송현역(3번출구),19533,14197
2014-07-01,송현역(4번출구),7646,4281
2014-07-01,송현제림타운건너,5785,8947
2014-07-01,송현제림타운앞,3800,778
2014-07-01,송현초등학교건너,3936,939
2014-07-01,송현초등학교앞,10175,395
2014-07-01,수리리,84,31
2014-07-01,수성4가동주민센터앞,821,146
2014-07-01,수성경찰서건너,27471,7550
2014-07-01,수성경찰서앞,19029,11462
2014-07-01,수성고등학교건너,5041,840
2014-07-01,수성고등학교앞,3783,489
2014-07-01,수성관광호텔건너,2837,435
2014-07-01,수성관광호텔앞,2910,401
2014-07-01,수성교1,9486,5611
2014-07-01,수성교2,7617,3708
2014-07-01,수성구민운동장건너,8840,2492
2014-07-01,수성구민운동장앞,6492,12221
2014-07-01,수성구보건소건너,27518,2364
2014-07-01,수성구보건소앞,11406,4067
2014-07-01,수성구청건너,29866,11881
2014-07-01,수성구청앞,27235,7950
2014-07-01,수성네거리1,17146,7003
2014-07-01,수성네거리2,13991,3160
2014-07-01,수성대학교건너,34039,9119
2014-07-01,수성대학교앞,17355,14348
2014-07-01,수성도서관건너,15144,2274
2014-07-01,수성도서관앞,7026,3356
2014-07-01,수성동삼익맨션앞,2,0
2014-07-01,수성동일하이빌앞,1007,99
2014-07-01,수성랜드1,4128,273
2014-07-01,수성랜드2,1395,3394
2014-07-01,수성랜드건너,1924,730
2014-07-01,수성랜드건너2,627,653
2014-07-01,수성랜드앞,1417,2087
2014-07-01,수성롯데캐슬건너,13921,2091
2014-07-01,수성롯데캐슬앞,19446,5470
2014-07-01,수성못건너,1166,345
2014-07-01,수성못앞,1845,654
2014-07-01,수성못오거리1,13668,2685
2014-07-01,수성못오거리2,13758,2830
2014-07-01,수성못오거리5,924,454
2014-07-01,수성못코오롱하늘채,4963,3488
2014-07-01,수성소방서1,370,1218
2014-07-01,수성소방서2,207,1784
2014-07-01,수성시니어클럽건너,2600,2297
2014-07-01,수성시니어클럽앞,6608,1226
2014-07-01,수성시장건너,2864,1152
2014-07-01,수성시장네거리1,12789,2188
2014-07-01,수성시장네거리2,14982,6674
2014-07-01,수성시장앞,2732,877
2014-07-01,수성아트피아건너,7818,3278
2014-07-01,수성아트피아앞,5219,2737
2014-07-01,수성요양병원,660,94
2014-07-01,수성월드메르디앙건너,575,139
2014-07-01,수성월드메르디앙앞,1211,62
2014-07-01,수성초등학교,7342,2648
2014-07-01,수성태영데시앙건너,1719,676
2014-07-01,수성태영데시앙앞,4324,583
2014-07-01,수성하이츠,3152,186
2014-07-01,수정맨션앞,1939,135
2014-07-01,수창초등학교,659,4072
2014-07-01,수태골건너,7,6
2014-07-01,수태골앞,216,10
2014-07-01,스파밸리1,111,369
2014-07-01,스파밸리2,13904,37
2014-07-01,시립희망원,1008,531
2014-07-01,시민교회건너,1087,107
2014-07-01,시민교회앞,594,503
2014-07-01,시민운동장(야구장건너),3792,541
2014-07-01,시민운동장(야구장앞),3242,641
2014-07-01,시민운동장(축구장건너),4265,3920
2014-07-01,시민운동장(축구장앞),5113,890
2014-07-01,시지(종점),2447,500
2014-07-01,시지대성유니드건너,840,66
2014-07-01,시지대성유니드앞,2569,1771
2014-07-01,시지보성아파트앞,25569,8939
2014-07-01,시지중학교,19790,1064
2014-07-01,시지천마타운앞,4644,1595
2014-07-01,시청별관건너1,9142,2784
2014-07-01,시청별관건너2,6158,1375
2014-07-01,시청별관앞(구.경북도청),6027,4344
2014-07-01,신기리1,50,54
2014-07-01,신기리2,257,102
2014-07-01,신기역(화성타운건너),10225,1523
2014-07-01,신기역(화성타운앞),14799,1601
2014-07-01,신남역(1번출구),4937,1201
2014-07-01,신당동주민센터건너,1820,810
2014-07-01,신당동주민센터앞,10983,599
2014-07-01,신당리,1230,9
2014-07-01,신덕마을입구,181,115
2014-07-01,신도운수건너,1395,129
2014-07-01,신도운수앞,1086,114
2014-07-01,신매광장건너,44329,8269
2014-07-01,신매광장앞,49282,8959
2014-07-01,신매시장,5108,11503
2014-07-01,신매초등학교건너,9980,1968
2014-07-01,신매초등학교앞,8514,2113
2014-07-01,신매태성아파트,68,581
2014-07-01,신매태성아파트건너,7102,2145
2014-07-01,신무동1,728,1
2014-07-01,신무동2,4,5
2014-07-01,신생원앞,7,1
2014-07-01,신서성당건너,4661,462
2014-07-01,신서성당앞,1,312
2014-07-01,신성에스앤티건너,725,35
2014-07-01,신성에스앤티앞,149,6
2014-07-01,신성중공업건너,8,76
2014-07-01,신성중공업앞,353,0
2014-07-01,신성초등학교건너,8101,8707
2014-07-01,신성초등학교앞,7818,1396
2014-07-01,신세계병원건너,23246,14611
2014-07-01,신세계병원앞,10047,10646
2014-07-01,신세계주유소건너,7384,329
2014-07-01,신세계주유소앞,987,1218
2014-07-01,신세월입구,21,0
2014-07-01,신신정비공장1,11520,5643
2014-07-01,신신정비공장2,32589,24996
2014-07-01,신암건영캐스빌건너,4773,766
2014-07-01,신암건영캐스빌앞,1803,106
2014-07-01,신암보성아파트건너,1697,595
2014-07-01,신암보성아파트앞,1277,1132
2014-07-01,신암초등학교건너,4823,2601
2014-07-01,신천3동행정복지센터건너,4735,576
2014-07-01,신천3동행정복지센터앞,2360,2331
2014-07-01,신천3치안센터건너,4358,1433
2014-07-01,신천3치안센터앞,5817,3341
2014-07-01,신천LH아파트건너,9469,2293
2014-07-01,신천LH아파트앞,15136,5030
2014-07-01,신천교1,2032,935
2014-07-01,신천교2,1942,282
2014-07-01,신천시장건너,3415,675
2014-07-01,신천시장앞,4482,1400
2014-07-01,신천역(2번출구),4552,1995
2014-07-01,신천역(3번출구),2750,815
2014-07-01,신천역(4번출구),7141,1790
2014-07-01,신천역(5번출구),9520,1927
2014-07-01,신천초등학교건너,707,45
2014-07-01,신천초등학교앞,458,102
2014-07-01,신평동1,535,1619
2014-07-01,신평동2,2880,201
2014-07-01,신평리네거리1,24246,10289
2014-07-01,신평리네거리2,29759,9943
2014-07-01,신평리주유소건너,1826,243
2014-07-01,신평리주유소앞,665,353
2014-07-01,신흥버스,18181,2711
2014-07-01,실내체육관건너,4011,776
2014-07-01,실내체육관앞,4458,1569
2014-07-01,심신수련장입구건너,1503,237
2014-07-01,심신수련장입구앞,881,191
2014-07-01,심인고등학교건너,24936,3534
2014-07-01,심인고등학교앞,14489,2500
2014-07-01,쌍용머티리얼,1916,106
2014-07-01,아너스월성앞,4129,613
2014-07-01,아멕스,462,23
2014-07-01,아멕스건너,885,4
2014-07-01,아양교1,3719,1147
2014-07-01,아양교2,14208,13835
2014-07-01,아양교3,1159,23046
2014-07-01,아양교4,4712,955
2014-07-01,아양교역(1번출구),75086,72081
2014-07-01,아양교역(2번출구),85064,8666
2014-07-01,아양아트센터건너,5021,328
2014-07-01,아양아트센터앞,1804,344
2014-07-01,아주섬유건너,26,36
2014-07-01,아주섬유앞,205,6
2014-07-01,아주철강건너,257,8
2014-07-01,아주철강앞,116,5
2014-07-01,안심교(경산방향),217,102
2014-07-01,안심교(반야월방향),823,6166
2014-07-01,안심신우타운앞,2175,3848
2014-07-01,안심역(1번출구),1269,86
2014-07-01,안심역(4번출구),39054,393
2014-07-01,안심역(5번출구),4737,24591
2014-07-01,안심주공1단지건너,13777,1521
2014-07-01,안심주공1단지앞,6549,811
2014-07-01,안심주공2단지앞,520,1346
2014-07-01,안심중학교건너,1400,1960
2014-07-01,안심중학교앞,1919,1063
2014-07-01,안심효성타운건너,12565,1657
2014-07-01,안심효성타운앞,25895,2026
2014-07-01,안지랑네거리1,26241,8900
2014-07-01,안지랑네거리2,30071,9326
2014-07-01,앞산공원,12827,4502
2014-07-01,앞산공원관리사무소건너,444,80
2014-07-01,앞산공원관리사무소앞,26,913
2014-07-01,앞산궁도장건너,791,125
2014-07-01,앞산궁도장앞,463,34
2014-07-01,앞산별자리체험학습장1,3819,43
2014-07-01,앞산별자리체험학습장2,207,733
2014-07-01,앞산보성타운건너,86,46
2014-07-01,앞산보성타운앞,3012,6
2014-07-01,앞산빨래터공원,877,171
2014-07-01,앞산빨래터공원1,1098,95
2014-07-01,앞산자락카페마실건너,58,168
2014-07-01,앞산자락카페마실앞,1257,481
2014-07-01,앞산청구제네스건너,6531,2308
2014-07-01,앞산청구제네스앞,15762,2034
2014-07-01,앞산힐스테이트건너,3243,593
2014-07-01,앞산힐스테이트앞,1226,331
2014-07-01,약령시건너(동성로입구),225192,36657
2014-07-01,약령시앞,164739,62510
2014-07-01,약령시입구,3840,1912
2014-07-01,약사회관건너,442,68
2014-07-01,약사회관앞,686,67
2014-07-01,약산온천입구,1080,246
2014-07-01,양지마을건너,184,328
2014-07-01,양지마을앞,4979,32
2014-07-01,어린이회관건너1,2977,5428
2014-07-01,어린이회관건너2,65,465
2014-07-01,어린이회관앞,6945,3093
2014-07-01,에이스이노텍건너,123,29
2014-07-01,에이스이노텍앞,460,242
2014-07-01,엑스코건너,4226,1250
2014-07-01,엑스코앞,12865,579
2014-07-01,엘디스리젠트호텔건너,5490,5362
2014-07-01,엘디스리젠트호텔앞,4698,6579
2014-07-01,여성메디파크,939,553
2014-07-01,역전시장건너,6194,1272
2014-07-01,역전시장앞,6591,956
2014-07-01,연경1,89,21
2014-07-01,연경2,319,8
2014-07-01,연암네거리1,19281,3619
2014-07-01,연암네거리2,3687,384
2014-07-01,연암네거리3,157,2444
2014-07-01,연젓마을건너,10,0
2014-07-01,연젓마을입구,2,8
2014-07-01,연호동,0,32
2014-07-01,연호동(종점),68,1
2014-07-01,연호동화훼단지1,4100,3303
2014-07-01,연호동화훼단지2,13030,813
2014-07-01,연호역(3번출구),108,18
2014-07-01,연호역(3번출구)건너,0,50
2014-07-01,연호지,298,538
2014-07-01,연호지건너,254,5279
2014-07-01,연화리1,0,4
2014-07-01,연화리2,0,134
2014-07-01,열병합발전소건너,1,0
2014-07-01,영남고등학교건너,20452,19333
2014-07-01,영남고등학교앞,39901,3674
2014-07-01,영남네오빌건너,1187,62
2014-07-01,영남네오빌비스타,1338,363
2014-07-01,영남네오빌앞,442,636
2014-07-01,영남농업연구소콩연구,1,9
2014-07-01,영남우방타운1차건너,4080,414
2014-07-01,영남우방타운1차앞,6410,306
2014-07-01,영남이공대학건너,14371,3603
2014-07-01,영남이공대학앞,25449,1412
2014-07-01,영남일보건너,3439,646
2014-07-01,영남종합전기,472,119
2014-07-01,영대병원역,42893,3821
2014-07-01,영대병원역(3번출구),36100,15911
2014-07-01,영일무역건너,503,12
2014-07-01,영일무역앞,129,112
2014-07-01,영조아파트건너,8,66
2014-07-01,영조아파트앞,2596,6
2014-07-01,영진고등학교건너,22948,3031
2014-07-01,영진고등학교앞,43846,17928
2014-07-01,영진교통(종점),521,12
2014-07-01,영진산업,389,4
2014-07-01,영진전문대학정문건너,9369,2057
2014-07-01,영진전문대학정문앞,17110,3926
2014-07-01,영진전문대학후문건너,24888,5595
2014-07-01,영진전문대학후문앞,37461,14228
2014-07-01,영화,697,110
2014-07-01,예현2리마을회관,354,2
2014-07-01,오뚜기물류센터,170,3
2014-07-01,오설리,5,2
2014-07-01,오성아파트,315,5618
2014-07-01,오페라삼정그린코아APT,17819,3069
2014-07-01,오페라하우스건너,1447,431
2014-07-01,오페라하우스앞,1265,461
2014-07-01,옥분리(구진터),133,5
2014-07-01,옥분리1,28,35
2014-07-01,옥분리마을회관앞,251,3
2014-07-01,옥산정미소,398,2
2014-07-01,옥연지,0,2
2014-07-01,옥연지건너,15,63
2014-07-01,옥포간경리1,1817,800
2014-07-01,옥포간경리2,9345,469
2014-07-01,옥포농협,326,20
2014-07-01,옥포농협강림지소건너,1044,602
2014-07-01,옥포농협강림지소앞,5738,100
2014-07-01,옥포농협건너,5141,138
2014-07-01,옥포농협앞,1103,205
2014-07-01,옥포무지개마을,4292,131
2014-07-01,옥포주유소앞,179,101
2014-07-01,옥포중앙교회앞,98,42
2014-07-01,옥포초등학교건너,903,616
2014-07-01,옥포초등학교앞,5082,688
2014-07-01,올림픽기념관건너,9106,3974
2014-07-01,올림픽기념관앞,14550,2463
2014-07-01,와룡공원건너,491,799
2014-07-01,와룡공원앞,975,143
2014-07-01,와룡시장,7074,332
2014-07-01,와룡시장건너,2668,603
2014-07-01,용계동1,16,26
2014-07-01,용계동2,658,692
2014-07-01,용계동3,2707,196
2014-07-01,용계동4,250,106
2014-07-01,용계삼거리1,10678,10468
2014-07-01,용계삼거리2,3774,2655
2014-07-01,용계삼거리3,591,623
2014-07-01,용계삼거리4,553,1068
2014-07-01,용계역(1번출구),20227,3715
2014-07-01,용계역(2번출구),4684,1082
2014-07-01,용금공단앞,2,1
2014-07-01,용산1동주민센터건너,9042,3599
2014-07-01,용산1동주민센터앞,4429,1787
2014-07-01,용산2동주민센터건너,5074,2627
2014-07-01,용산2동주민센터앞,36665,2729
2014-07-01,용산네거리1,27837,4869
2014-07-01,용산네거리2,61881,17167
2014-07-01,용산역,1709,151
2014-07-01,용산역(1번출구),1173,289
2014-07-01,용산역(2번출구),45501,6743
2014-07-01,용산종합큰시장건너,14904,1049
2014-07-01,용산종합큰시장앞,7022,1874
2014-07-01,용수동1,3,4
2014-07-01,용수동2,165,0
2014-07-01,용연사,671,14
2014-07-01,용연사시설집단지구건너,211,0
2014-07-01,용연사시설집단지구앞,98,23
2014-07-01,우록리(부곡장식당),8,10
2014-07-01,우록리(선흥사입구),0,35
2014-07-01,우록리(종점),15869,6963
2014-07-01,우방강촌마을건너,34849,1448
2014-07-01,우방강촌마을앞,13182,2478
2014-07-01,우방금탑아파트(서편),2578,7512
2014-07-01,우방드림시티건너,2817,4461
2014-07-01,우방드림시티앞,8532,1444
2014-07-01,우방만촌하이츠건너,5548,2498
2014-07-01,우방만촌하이츠앞,5107,3797
2014-07-01,우방송현하이츠,935,161
2014-07-01,우방송현하이츠건너,281,34
2014-07-01,우방신세계타운앞,21,0
2014-07-01,우방신천지타운건너,3551,569
2014-07-01,우방신천지타운앞,12888,2896
2014-07-01,우방아파트삼거리,252,285
2014-07-01,우방죽전타운건너,11802,4686
2014-07-01,우방죽전타운앞1,8239,1026
2014-07-01,우방죽전타운앞2,2677,346
2014-07-01,우방청솔맨션건너,13207,2607
2014-07-01,우방청솔맨션앞,16566,18039
2014-07-01,욱수초등학교건너,6773,2874
2014-07-01,욱수초등학교앞,40230,1199
2014-07-01,운암지공원1,440,5
2014-07-01,운암지공원2,26,245
2014-07-01,운암초등학교건너,12156,900
2014-07-01,운암초등학교앞,12338,88
2014-07-01,웃갈미마을건너,190,8
2014-07-01,웃갈미마을앞,6,21
2014-07-01,웃는얼굴아트센터1,1106,19
2014-07-01,웃는얼굴아트센터2,927,98
2014-07-01,원대네거리,959,151
2014-07-01,원대시장건너,22244,2794
2014-07-01,원대시장건너2,2064,628
2014-07-01,원대시장앞,15105,6494
2014-07-01,원대역1,14258,23739
2014-07-01,원대역2,20658,3341
2014-07-01,원대오거리북편1,2900,2734
2014-07-01,원대오거리북편2,805,372
2014-07-01,원불교앞,576,629
2014-07-01,월곡네거리,229,659
2014-07-01,월광수변공원,4180,263
2014-07-01,월드컵삼거리,745,221
2014-07-01,월드컵삼거리앞,588,1009
2014-07-01,월배농협대덕지점건너,3920,521
2014-07-01,월배시장건너,16623,5829
2014-07-01,월배시장앞,17866,1854
2014-07-01,월배쌍용예가건너,1542,8
2014-07-01,월배쌍용예가앞,9,50
2014-07-01,월배역(3번출구),11614,9788
2014-07-01,월배역(4번출구),11471,3387
2014-07-01,월배이안아파트건너,101,0
2014-07-01,월배이안아파트앞,41,18
2014-07-01,월배중학교건너,1968,1820
2014-07-01,월배중학교앞,883,817
2014-07-01,월배차량기지건너,2,24
2014-07-01,월배차량기지앞,221,36
2014-07-01,월배초등학교건너,9943,3786
2014-07-01,월배힐스테이트건너,2164,37
2014-07-01,월배힐스테이트앞,12,118
2014-07-01,월성1동주민센터건너,8634,1870
2014-07-01,월성1동주민센터앞,5187,287
2014-07-01,월성2동주민센터건너,18171,2174
2014-07-01,월성2동주민센터앞,33249,3193
2014-07-01,월성e-편한세상건너,18476,3049
2014-07-01,월성e-편한세상앞,1094,2722
2014-07-01,월성영남맨션앞,974,406
2014-07-01,월성자이앞,142,426
2014-07-01,월성주공2단지앞,12855,1936
2014-07-01,월성주공3단지,1765,1018
2014-07-01,월성주공4단지건너,41963,4864
2014-07-01,월성주공4단지앞1,2956,293
2014-07-01,월성주공4단지앞2,23128,3728
2014-07-01,월성주공5단지앞,8026,5791
2014-07-01,월성청구코아건너,25857,2052
2014-07-01,월성청구코아앞,20239,5394
2014-07-01,월성코오롱하늘채건너,391,116
2014-07-01,월성코오롱하늘채앞,4139,337
2014-07-01,월성푸르지오앞,20704,3417
2014-07-01,월암교1,1105,7
2014-07-01,월암교2,297,60
2014-07-01,월촌고가교1,412,457
2014-07-01,월촌고가교2,2223,163
2014-07-01,월촌역(6번출구),22293,2237
2014-07-01,월촌역(7번출구),8748,4136
2014-07-01,월촌초등학교건너,1363,219
2014-07-01,월촌초등학교앞,1908,862
2014-07-01,위남마을입구,2890,476
2014-07-01,위천1리건너,390,38
2014-07-01,위천1리앞,1578,73
2014-07-01,위천삼거리(논공방향),460,51
2014-07-01,위천삼거리(현풍방향),220,134
2014-07-01,유가면사무소건너,2,2
2014-07-01,유가면사무소앞,1,1
2014-07-01,유가사(종점),342,14
2014-07-01,유가차천,2081,129
2014-07-01,유가차천1,341,451
2014-07-01,유곡리(회차지),30,5
2014-07-01,유니버시아드레포츠센터건너,3255,1429
2014-07-01,유니버시아드레포츠센터앞,1226,784
2014-07-01,유니버시아드선수촌2단지건너,14667,5193
2014-07-01,유니버시아드선수촌2단지앞,3524,789
2014-07-01,유림물산,1992,449
2014-07-01,유림한의원건너,844,278
2014-07-01,유산리,153,11
2014-07-01,유신섬유네거리1,789,99
2014-07-01,유신섬유네거리2,3807,41
2014-07-01,유천교(유천치안센터건너),11246,6949
2014-07-01,유천교(유천치안센터앞),22460,12855
2014-07-01,유천교1,12320,398
2014-07-01,유천교2,554,3202
2014-07-01,유천포스코건너,2671,132
2014-07-01,유천포스코앞,5177,6528
2014-07-01,유통단지회차지,935,188
2014-07-01,유통단지회차지2,3542,15
2014-07-01,육상진흥센터건너,285,61
2014-07-01,육상진흥센터앞,178,239
2014-07-01,육신사,233,9
2014-07-01,율원초등학교건너,6,1843
2014-07-01,율원초등학교앞,4104,170
2014-07-01,율하역,1060,1995
2014-07-01,율하역(4번출구),11353,2058
2014-07-01,율하역(5번출구),10964,815
2014-07-01,율하휴먼시아15단지앞,8337,4692
2014-07-01,율하휴먼시아5단지건너,154,240
2014-07-01,율하휴먼시아5단지앞,2503,725
2014-07-01,율하휴먼시아6단지건너,1406,693
2014-07-01,율하휴먼시아6단지앞,12307,720
2014-07-01,율하휴먼시아8단지앞,10460,307
2014-07-01,율하휴먼시아9단지앞,1903,631
2014-07-01,은하타운건너,886,1095
2014-07-01,은하타운앞,1251,2118
2014-07-01,은행APT입구,531,384
2014-07-01,읍내동주민센터건너,6695,2131
2014-07-01,읍내동주민센터앞,386,79
2014-07-01,응암1리1,78,19
2014-07-01,응암1리2,15,0
2014-07-01,응암2리,2,0
2014-07-01,응암2리건너,24,184
2014-07-01,응암2리앞,2,70
2014-07-01,응암3리1,3,0
2014-07-01,응암3리2,4,0
2014-07-01,응암3리입구,6,12
2014-07-01,이곡1동주민센터건너,9771,699
2014-07-01,이곡1동주민센터앞,3678,2964
2014-07-01,이곡마을,314,7
2014-07-01,이곡양수장건너,44,76
2014-07-01,이곡양수장앞,106,503
2014-07-01,이곡장미공원건너,5128,942
2014-07-01,이곡장미공원앞,4389,910
2014-07-01,이마트경산점,8601,3512
2014-07-01,이마트반야월점건너,1341,195
2014-07-01,이마트반야월점앞,3438,680
2014-07-01,이마트시지점건너,4418,1316
2014-07-01,이마트시지점앞,453,516
2014-07-01,이마트월배점건너,318,2689
2014-07-01,이마트월배점앞,8899,1083
2014-07-01,이마트칠성점앞,2142,1499
2014-07-01,이마트트레이더스건너,16047,3041
2014-07-01,이마트트레이더스앞,18757,4691
2014-07-01,이시아폴리스더샵1단지,40837,1298
2014-07-01,이시아폴리스더샵2단지,3997,980
2014-07-01,이월드(구.우방랜드)건너,1753,152
2014-07-01,이월드(구.우방랜드)앞,675,208
2014-07-01,이월드(구.우방랜드)정문,9216,6963
2014-07-01,이월드(구.우방랜드)후문건너,2998,1398
2014-07-01,이월드(구.우방랜드)후문앞,2065,410
2014-07-01,이천동,11,20
2014-07-01,이천동(종점),92,1
2014-07-01,이천리(시내방향),167,2
2014-07-01,이천리(시외방향),106,3
2014-07-01,이천새마을금고건너,10101,612
2014-07-01,이천치안센터건너,1917,2770
2014-07-01,이현고개삼거리,0,2
2014-07-01,이현삼거리1,81,167
2014-07-01,이현삼거리2,973,122
2014-07-01,이현삼거리3,3563,1108
2014-07-01,이현자동차검사소건너,1918,383
2014-07-01,이현자동차검사소앞,975,89
2014-07-01,이현지구대건너,898,448
2014-07-01,이현지구대앞,520,167
2014-07-01,인동촌시장건너,3366,2372
2014-07-01,인동촌시장입구,13091,812
2014-07-01,인산마을건너,1019,2
2014-07-01,인산마을앞,29,73
2014-07-01,인지초등학교입구,8,0
2014-07-01,인터불고호텔,771,67
2014-07-01,일심제약,202,33
2014-07-01,입석중학교건너,10560,2969
2014-07-01,입석중학교앞,4884,1710
2014-07-01,잉꼬아파트건너,756,149
2014-07-01,잉꼬아파트앞,1748,1340
2014-07-01,자모공원,36,1
2014-07-01,장관빌라건너,1613,85
2014-07-01,장관빌라앞,1138,133
2014-07-01,장기영남네오빌,81,19
2014-07-01,장기초등학교,1356,341
2014-07-01,장기초등학교1,6,56
2014-07-01,장기초등학교2,48,12
2014-07-01,장기초록나라건너,3744,3928
2014-07-01,장기초록나라앞,6604,406
2014-07-01,장기파랑새마을앞,83,67
2014-07-01,장동초등학교건너,3714,24
2014-07-01,장동초등학교앞,163,725
2014-07-01,장산초등학교건너,512,59
2014-07-01,장산초등학교앞,1334,160
2014-07-01,장성초등학교건너,1070,9086
2014-07-01,장성초등학교앞,583,2212
2014-07-01,장태실마을건너,526,174
2014-07-01,장태실마을앞,40,39
2014-07-01,적십자혈액원건너,3845,648
2014-07-01,적십자혈액원앞,3010,1060
2014-07-01,전기안전공사건너,1428,1596
2014-07-01,전기안전공사앞,3124,393
2014-07-01,전기재료관1,465,545
2014-07-01,전기재료관2,110,258
2014-07-01,전자관,4260,1154
2014-07-01,전자상가,11960,1878
2014-07-01,정대2리(마내미골)종점,7912,3977
2014-07-01,정대2리(잿들마을)앞,2,2
2014-07-01,정대2리마을회관앞,5,4
2014-07-01,정대숲건너,1,1
2014-07-01,정동고등학교건너,5886,2206
2014-07-01,정동고등학교앞,11371,601
2014-07-01,정부대구지방합동청사건너,603,43
2014-07-01,정부대구지방합동청사앞,302,80
2014-07-01,정부대구지방합동청사후문1,1396,823
2014-07-01,정화우방팔레스,15980,5904
2014-07-01,정화우방팔레스건너,27467,3245
2014-07-01,제일규산,1296,26
2014-07-01,제일여자상업고등학교건너,20330,6984
2014-07-01,제일여자상업고등학교앞,23513,2959
2014-07-01,조달청건너,3423,2120
2014-07-01,조달청앞,7785,778
2014-07-01,조암네거리1,355,33
2014-07-01,조암네거리2,883,681
2014-07-01,조암초등학교건너,44,10
2014-07-01,조암초등학교앞,155,20
2014-07-01,조야동(종점),12086,596
2014-07-01,조일로봇고등학교(종점),7119,471
2014-07-01,주1리1,18,13
2014-07-01,주1리2,601,88
2014-07-01,주2리(최정사입구),4,15
2014-07-01,주2리1,268,0
2014-07-01,주리(삼진식당),3,27
2014-07-01,죽곡2지구1,21,2
2014-07-01,죽곡2지구2,4,67
2014-07-01,죽전119안전센터건너,4302,2180
2014-07-01,죽전119안전센터앞,5908,842
2014-07-01,죽전그린빌건너,3752,3001
2014-07-01,죽전그린빌앞,12876,1172
2014-07-01,죽전네거리1,38152,5618
2014-07-01,죽전네거리2,19217,8090
2014-07-01,중구보건소건너,3344,6512
2014-07-01,중구보건소앞,2504,1728
2014-07-01,중구청건너,28204,4614
2014-07-01,중구청앞,29730,15245
2014-07-01,중대1동회관앞,2642,5
2014-07-01,중동교1,4362,7814
2014-07-01,중동교2,1408,201
2014-07-01,중동네거리1,5326,1133
2014-07-01,중동네거리2,3417,6254
2014-07-01,중동서울아파트건너,325,142
2014-07-01,중동서울아파트앞,22,0
2014-07-01,중동시장건너,17901,5977
2014-07-01,중동시장앞,23836,2109
2014-07-01,중동주민센터건너,690,107
2014-07-01,중동주민센터앞,498,256
2014-07-01,중동치안센터건너,1663,182
2014-07-01,중동치안센터앞,522,187
2014-07-01,중리광명맨션건너,17324,1633
2014-07-01,중리광명맨션앞,9634,2104
2014-07-01,중리네거리1,6618,1607
2014-07-01,중리네거리2,6958,1498
2014-07-01,중리롯데캐슬건너,11247,6318
2014-07-01,중리롯데캐슬서편,5550,1682
2014-07-01,중리롯데캐슬앞,17564,1812
2014-07-01,중리롯데캐슬정문앞,708,108
2014-07-01,중리마을,2354,10
2014-07-01,중리삼거리1,20,138
2014-07-01,중리삼거리2,1435,8
2014-07-01,중리시장건너1,385,146
2014-07-01,중리시장건너2,663,214
2014-07-01,중리시장앞,7552,1207
2014-07-01,중리중학교,888,98
2014-07-01,중마을(갓바위방향),62,655
2014-07-01,중마을(시내방향),283,1
2014-07-01,중뫼마을건너,438,3
2014-07-01,중뫼마을앞,91,4
2014-07-01,중부소방서건너,2460,1497
2014-07-01,중부소방서앞,8768,1924
2014-07-01,중석타운건너,79,445
2014-07-01,중석타운앞,10282,169
2014-07-01,중소기업관건너,67,650
2014-07-01,중소기업관앞,1411,132
2014-07-01,중소기업지원센터,521,86
2014-07-01,중심마을,171,35
2014-07-01,중앙일보건너,1579,1074
2014-07-01,중앙일보앞,5873,94
2014-07-01,지묘동1,3792,412
2014-07-01,지묘동2,9779,142
2014-07-01,지묘초등학교건너,7629,345
2014-07-01,지묘초등학교앞,765,145
2014-07-01,지산2길입구,267,3
2014-07-01,지산2길입구건너,180,4
2014-07-01,지산동서맨션건너,7545,1677
2014-07-01,지산동서맨션앞,21019,872
2014-07-01,지산목련아파트건너,25458,1561
2014-07-01,지산목련아파트앞,11397,2922
2014-07-01,지산시영아파트1단지건너,2228,1630
2014-07-01,지산시영아파트1단지앞,7159,273
2014-07-01,지산영남맨션앞,3088,2128
2014-07-01,지산우방아파트,6057,1263
2014-07-01,지산중학교입구,505,296
2014-07-01,지산청구타운건너,2562,2294
2014-07-01,지산청구타운앞,20547,782
2014-07-01,지산타운건너,28445,867
2014-07-01,지산타운앞,2987,6237
2014-07-01,지산한라타운건너,21739,453
2014-07-01,지산한라타운앞,3360,3335
2014-07-01,지산현대주택건너,4948,2495
2014-07-01,지산현대주택앞,16659,1946
2014-07-01,지산화성파크드림,2138,514
2014-07-01,지저동행정복지센터건너,20470,2447
2014-07-01,지저동행정복지센터앞,5282,1090
2014-07-01,진달래아파트건너,8938,2772
2014-07-01,진달래아파트앞,14414,4146
2014-07-01,진월초등학교건너,1350,1093
2014-07-01,진월초등학교앞,689,820
2014-07-01,진인동(양지마을)건너,4,23
2014-07-01,진인동(양지마을)앞,111,7
2014-07-01,진인동(진정마을)1,99,23
2014-07-01,진인동(진정마을)2,27,1
2014-07-01,진정마을1,1319,6
2014-07-01,진정마을2,53,22
2014-07-01,진천역(1번출구),38301,6832
2014-07-01,진천역(2번출구),24076,7716
2014-07-01,진천청구타운건너,1061,603
2014-07-01,진천청구타운앞,3670,346
2014-07-01,징리보건소,39,0
2014-07-01,차량등록사업소건너,474,879
2014-07-01,차량등록사업소앞,768,167
2014-07-01,창1리2,81,22
2014-07-01,천내영남맨션,8,0
2014-07-01,천내우방1차,1,0
2014-07-01,첨단의료산업진흥재단건너,348,35
2014-07-01,첨단의료산업진흥재단앞,12,148
2014-07-01,청구고등학교건너,17199,2218
2014-07-01,청구고등학교앞,26226,4965
2014-07-01,청구그린맨션1차건너,11367,2361
2014-07-01,청구그린맨션1차앞,16583,2663
2014-07-01,청구시장건너,7324,481
2014-07-01,청구시장건너2,468,267
2014-07-01,청구시장북편,2754,302
2014-07-01,청구시장북편건너,4052,580
2014-07-01,청구시장앞,6785,1120
2014-07-01,청구중동아파트,344,727
2014-07-01,청구타운건너,1665,1616
2014-07-01,청구타운앞,1660,324
2014-07-01,청기와주유소건너,21752,3795
2014-07-01,청기와주유소앞,18242,3135
2014-07-01,청남타운건너,1649,66
2014-07-01,청남타운앞,522,535
2014-07-01,청백다례원,1412,1521
2014-07-01,청소년수련원건너,511,93
2014-07-01,청소년수련원앞,651,585
2014-07-01,청아람푸르지오2단지1,4,9
2014-07-01,청아람푸르지오2단지2,187,5
2014-07-01,청운맨션건너,1564,329
2014-07-01,청운맨션앞,1092,741
2014-07-01,초곡리입구건너,32,12
2014-07-01,초곡리입구앞,36,38
2014-07-01,충혼탑건너,5305,98
2014-07-01,충혼탑앞,118,762
2014-07-01,측백수림건너,635,0
2014-07-01,측백수림앞,12,19
2014-07-01,칠곡2차영남타운건너,4137,484
2014-07-01,칠곡2차영남타운앞,5100,660
2014-07-01,칠곡3차보성타운1,1417,299
2014-07-01,칠곡3차보성타운2,8608,519
2014-07-01,칠곡3차화성타운1,5711,126
2014-07-01,칠곡3차화성타운2,10071,236
2014-07-01,칠곡3차화성타운3,44,286
2014-07-01,칠곡경대병원역,17,537
2014-07-01,칠곡경북대병원,1061,187
2014-07-01,칠곡경북대병원정문건너,453,346
2014-07-01,칠곡경북대병원정문앞,5649,14
2014-07-01,칠곡경북대병원후문건너,5871,328
2014-07-01,칠곡경북대병원후문앞,253,0
2014-07-01,칠곡그린빌2차건너,11068,538
2014-07-01,칠곡그린빌2차앞,20074,1413
2014-07-01,칠곡그린빌3차건너,17919,397
2014-07-01,칠곡그린빌3차앞,464,1333
2014-07-01,칠곡그린빌5단지건너,2763,271
2014-07-01,칠곡그린빌5단지앞,2917,1360
2014-07-01,칠곡그린빌6단지건너,876,161
2014-07-01,칠곡그린빌6단지앞,290,58
2014-07-01,칠곡그린파크1,11084,2936
2014-07-01,칠곡그린파크2,25782,1299
2014-07-01,칠곡네스빌,155,155
2014-07-01,칠곡대백맨션건너,5757,56
2014-07-01,칠곡대백맨션앞,245,546
2014-07-01,칠곡동화아파트건너,4322,2311
2014-07-01,칠곡동화아파트앞,19964,2085
2014-07-01,칠곡롯데아파트건너,32,260
2014-07-01,칠곡롯데아파트앞,6109,26
2014-07-01,칠곡부영1단지,4359,345
2014-07-01,칠곡서한맨션,1418,13
2014-07-01,칠곡서한맨션앞,187,343
2014-07-01,칠곡시장건너,14224,1078
2014-07-01,칠곡시장앞,2371,2320
2014-07-01,칠곡에덴타운건너,32049,9384
2014-07-01,칠곡에덴타운앞,27549,4393
2014-07-01,칠곡우방타운건너(종점),3312,8
2014-07-01,칠곡우방타운건너(종점),284,20
2014-07-01,칠곡우방타운앞(종점),2287,122
2014-07-01,칠곡주공그린빌1단지건너,2708,560
2014-07-01,칠곡주공그린빌1단지앞,10390,308
2014-07-01,칠곡중학교건너(칠곡향교건너),1790,657
2014-07-01,칠곡중학교앞(칠곡향교앞),20325,1116
2014-07-01,칠곡청구타운건너,393,717
2014-07-01,칠곡청구타운앞,4021,208
2014-07-01,칠곡초등학교건너,141,507
2014-07-01,칠곡초등학교앞,2293,211
2014-07-01,칠곡한라타운건너,5269,46
2014-07-01,칠곡한라타운앞,86,436
2014-07-01,칠곡한서타운건너,11137,1265
2014-07-01,칠곡한신아파트건너,2494,348
2014-07-01,칠곡한신아파트앞1,9945,1051
2014-07-01,칠곡한신아파트앞2,1118,176
2014-07-01,칠곡화성타운건너,9015,125
2014-07-01,칠곡화성타운앞1,8410,2564
2014-07-01,칠곡화성타운앞2,3183,758
2014-07-01,칠성고가도로하단,594,66
2014-07-01,칠성꽃도매시장건너,886,1270
2014-07-01,칠성꽃도매시장앞,1887,1850
2014-07-01,칠성시장(농협건너),103,170
2014-07-01,칠성시장(농협앞),1264,292
2014-07-01,칠성시장(양친회신협),5,35
2014-07-01,칠성시장(전자상가건너),6066,462
2014-07-01,칠성시장(전자상가앞),1895,916
2014-07-01,칠성시장건너,42938,21403
2014-07-01,칠성시장앞1,2692,5520
2014-07-01,칠성시장역(서문프라자건너),3831,5651
2014-07-01,칠성시장역(서문프라자앞),26910,2800
2014-07-01,칠성우방타운,689,218
2014-07-01,침산3동주민센터,14041,1346
2014-07-01,침산남영타운건너,3475,2156
2014-07-01,침산남영타운앞,8047,447
2014-07-01,침산네거리1,12139,1297
2014-07-01,침산네거리2,18782,3502
2014-07-01,침산동화타운건너,6728,198
2014-07-01,침산동화타운앞,485,1002
2014-07-01,침산변전소건너,11227,3563
2014-07-01,침산변전소앞,10047,1994
2014-07-01,침산쌍용예가아파트앞,895,1315
2014-07-01,침산중학교건너,2990,224
2014-07-01,침산중학교앞,5765,443
2014-07-01,침산초등학교건너,5067,1086
2014-07-01,침산초등학교앞,1468,1049
2014-07-01,침산초등학교후문,456,31
2014-07-01,침산코오롱하늘채건너,8454,1805
2014-07-01,침산코오롱하늘채앞,23945,4236
2014-07-01,캐슬골드파크(1102동),19608,1892
2014-07-01,캐슬골드파크(1504동),13965,2789
2014-07-01,케이에스건너,16,24
2014-07-01,케이에스앞,806,70
2014-07-01,코스트코홀세일건너/복현화성타운앞,5490,4237
2014-07-01,코스트코홀세일앞/복현화성타운건너,48212,2980
2014-07-01,코오롱아파트,21763,1487
2014-07-01,퀸벨호텔건너,19002,2864
2014-07-01,퀸벨호텔앞,9435,7157
2014-07-01,퀸스로드건너,2186,2739
2014-07-01,퀸스로드건너(동편),13205,2369
2014-07-01,퀸스로드앞,4316,1053
2014-07-01,퀸스로드앞(동편),16679,3740
2014-07-01,크리스탈호텔앞,1747,497
2014-07-01,큰고개1,4654,12807
2014-07-01,큰고개2,9335,4464
2014-07-01,큰고개오거리1,18799,1214
2014-07-01,큰고개오거리2,5754,11189
2014-07-01,큰장네거리1,79592,13070
2014-07-01,큰장네거리2,44279,22460
2014-07-01,큰장네거리3,21714,7246
2014-07-01,큰장네거리4,38714,14914
2014-07-01,태성맨션건너,41,117
2014-07-01,태성맨션앞,2860,1893
2014-07-01,태왕그린힐즈건너,233,551
2014-07-01,태왕그린힐즈앞1,147,560
2014-07-01,태왕그린힐즈앞2,2959,41
2014-07-01,태왕메트로시티건너,6827,2331
2014-07-01,태왕메트로시티앞,3860,1993
2014-07-01,태왕아너스베스트앞,6223,298
2014-07-01,태왕아너스복현건너,3531,1384
2014-07-01,태왕아너스복현앞,8737,1792
2014-07-01,태전두성타운건너,5630,991
2014-07-01,태전두성타운앞,1896,515
2014-07-01,태전삼거리1,17248,9733
2014-07-01,태전삼거리2,37248,7233
2014-07-01,태전역1,15715,8087
2014-07-01,태전역2,120,79
2014-07-01,태전우방타운1차,573,28
2014-07-01,태전육교1,850,59
2014-07-01,태전육교2,259,43
2014-07-01,태전중석타운,1245,37
2014-07-01,태전중석타운건너,1343,359
2014-07-01,태전중앙시장건너,2571,1460
2014-07-01,태전중앙시장앞,10747,3429
2014-07-01,태전휴먼시아,1441,73
2014-07-01,태평상가건너,6263,6542
2014-07-01,태평상가앞1,6410,6672
2014-07-01,태평상가앞2,276,180
2014-07-01,태현초등학교앞,7570,181
2014-07-01,터실마을,4,0
2014-07-01,텍스빌,8957,1364
2014-07-01,토지주택공사건너,3392,1479
2014-07-01,토지주택공사앞,10777,1022
2014-07-01,퇴계마을건너,1,0
2014-07-01,파계교,438,399
2014-07-01,파계사(종점),9675,463
2014-07-01,파군재삼거리1,1017,3159
2014-07-01,파군재삼거리2,953,860
2014-07-01,파동1차시장건너,1830,1050
2014-07-01,파동1차시장앞,10818,551
2014-07-01,파동우체국앞,991,726
2014-07-01,파동청구하이츠,7300,345
2014-07-01,파크맨션건너,12299,2885
2014-07-01,파크맨션앞,8657,2585
2014-07-01,파티마병원건너1,23692,11670
2014-07-01,파티마병원건너2,3297,2379
2014-07-01,팔거역3,578,124
2014-07-01,팔거역4,1132,154
2014-07-01,팔공3차보성타운건너,973,2
2014-07-01,팔공3차보성타운앞,120,257
2014-07-01,팔공3차보성타운후문,5073,144
2014-07-01,팔공보성아파트건너,1499,417
2014-07-01,팔공보성아파트앞,9509,605
2014-07-01,팔공산IC입구,326,4054
2014-07-01,팔공산맥건너,4181,763
2014-07-01,팔공산맥앞,862,269
2014-07-01,팔공학생야영장앞,436,3
2014-07-01,팔공학생야영장입구건너,9,1
2014-07-01,팔공학생야영장입구앞,72,150
2014-07-01,팔공한마음주유소,4,10
2014-07-01,팔공한마음주유소건너,56,1
2014-07-01,팔달시장건너,43004,6223
2014-07-01,팔달시장앞,46652,16609
2014-07-01,팔달시장역,49266,16757
2014-07-01,팔달신시장,29295,6534
2014-07-01,팔달신시장2,7123,1363
2014-07-01,팔달역2,462,1307
2014-07-01,팔달중학교건너,9386,187
2014-07-01,팔달중학교앞,5830,244
2014-07-01,팔달초등학교,164,350
2014-07-01,팔레스호텔건너,26307,6923
2014-07-01,팔레스호텔앞1,6487,1828
2014-07-01,팔레스호텔앞2,665,870
2014-07-01,팔현마을,54,2
2014-07-01,평광3차아파트,6170,73
2014-07-01,평광3차아파트건너,4424,335
2014-07-01,평광새마을금고,148,0
2014-07-01,평광종점,484,7
2014-07-01,평리1동주민센터건너,73,87
2014-07-01,평리1동주민센터앞,3090,153
2014-07-01,평리2동주민센터건너,15222,1611
2014-07-01,평리2동주민센터앞,4689,2163
2014-07-01,평리3동주민센터건너,2371,204
2014-07-01,평리6동주민센터앞,2040,546
2014-07-01,평리광명네거리,633,1862
2014-07-01,평리광명맨션건너,2901,771
2014-07-01,평리광명맨션앞,1230,428
2014-07-01,평리네거리1,16354,16476
2014-07-01,평리네거리2,19097,5136
2014-07-01,평리명성아파트건너,6395,1287
2014-07-01,평리명성아파트앞,3749,897
2014-07-01,평리중학교건너,1337,612
2014-07-01,평리중학교앞,2145,179
2014-07-01,평리청구타운건너,38621,11967
2014-07-01,평리청구타운앞,38602,10069
2014-07-01,평안,602,75
2014-07-01,평촌2리,4,1
2014-07-01,평촌리,78,0
2014-07-01,평현치안센터건너,6806,966
2014-07-01,평화시장(닭똥집골목)건너,29521,5443
2014-07-01,평화시장(닭똥집골목)앞,59895,11457
2014-07-01,평화씨엠비건너,1253,87
2014-07-01,평화씨엠비앞,206,114
2014-07-01,평화정공건너,806,289
2014-07-01,평화정공앞,946,36
2014-07-01,평화타운건너,24317,1870
2014-07-01,푸드웰건너,4310,55
2014-07-01,푸드웰앞,137,152
2014-07-01,푸르밀대구공장,53,1
2014-07-01,푸르밀대구공장건너,0,4
2014-07-01,풋살경기장(50사단),796,62
2014-07-01,풍국주정공업,1329,34
2014-07-01,하나원전문장례식장,14,2
2014-07-01,하리(약산온천)건너,287,25
2014-07-01,하목정(종점),0,9
2014-07-01,하빈농협건너,221,2
2014-07-01,하빈농협동곡지점1,66,11
2014-07-01,하빈농협동곡지점2,908,9
2014-07-01,하빈농협앞,4,7
2014-07-01,하빈농협입구,18,1
2014-07-01,하빈면사무소건너,229,0
2014-07-01,하빈면사무소앞,13,6
2014-07-01,하빈우체국건너,346,6
2014-07-01,하빈우체국앞,13,3
2014-07-01,하빈주유소앞,7,10
2014-07-01,하빈초등학교앞,242,2
2014-07-01,하산1리,589,5
2014-07-01,하산2리,178,0
2014-07-01,하산스무지(종점),222,2
2014-07-01,학남고등학교건너,2035,352
2014-07-01,학남고등학교앞,5087,361
2014-07-01,학남초등학교건너,120,869
2014-07-01,학남초등학교앞,3000,217
2014-07-01,학산아파트건너,68,48
2014-07-01,학산아파트앞,2,20
2014-07-01,학정청아람1,749,381
2014-07-01,학정청아람2,3214,33
2014-07-01,학정청아람건너,5829,400
2014-07-01,학정청아람앞,2484,419
2014-07-01,한가람타운건너,27403,7830
2014-07-01,한가람타운앞,23222,3601
2014-07-01,한걸고정마을,225,7
2014-07-01,한국감정원앞,936,25
2014-07-01,한국건강관리협회앞,7803,515
2014-07-01,한국국토정보공사건너,3729,7110
2014-07-01,한국국토정보공사앞,2601,830
2014-07-01,한국농어촌공사건너,25274,5406
2014-07-01,한국농어촌공사앞,21982,1297
2014-07-01,한국델파이건너,64,208
2014-07-01,한국델파이앞,1575,190
2014-07-01,한국도로공사건너,165,561
2014-07-01,한국도로공사앞,8007,42
2014-07-01,한국방송통신대학교건너,2410,770
2014-07-01,한국방송통신대학교앞,1053,423
2014-07-01,한국사학진흥재단(남편),18,94
2014-07-01,한국산업단지공단앞,168,248
2014-07-01,한국산업은행성서지점건너,188,1179
2014-07-01,한국산업은행성서지점앞,5169,20
2014-07-01,한국산업인력공단건너,4382,117
2014-07-01,한국산업인력공단앞,152,204
2014-07-01,한국생산기술연구원건너,68,22
2014-07-01,한국생산기술연구원앞,44,6
2014-07-01,한국클래드텍건너,562,5
2014-07-01,한국클래드텍앞,2,156
2014-07-01,한국타이어,317,1367
2014-07-01,한국타이어건너,247,38
2014-07-01,한국패션센터,1955,112
2014-07-01,한국폴리텍VI대구대학건너,16486,3888
2014-07-01,한국폴리텍VI대구대학앞,8990,8300
2014-07-01,한국폴리텍대학(섬유패션캠퍼스),169,1442
2014-07-01,한국환경자원공사,8,20
2014-07-01,한국환경자원공사건너,163,16
2014-07-01,한도아파트앞,11009,367
2014-07-01,한라하우젠트,1186,26
2014-07-01,한마음주유소건너,3066,445
2014-07-01,한마음주유소앞,2378,344
2014-07-01,한샘교회,4566,1988
2014-07-01,한샘교회건너,1333,786
2014-07-01,한서기전건너,525,82
2014-07-01,한서기전앞,236,19
2014-07-01,한양공작맨션건너,13,109
2014-07-01,한양공작맨션앞,1232,17
2014-07-01,한양산호아파트건너,6584,186
2014-07-01,한양산호아파트앞,915,51
2014-07-01,한양수정아파트,25,86
2014-07-01,한양코스모스아파트건너,64,101
2014-07-01,한양코스모스아파트앞,1378,259
2014-07-01,한전동대구지사,25116,4334
2014-07-01,한전동대구지사건너,16220,4134
2014-07-01,한전서대구지사건너,20934,10567
2014-07-01,한전서대구지사앞,17519,3696
2014-07-01,한정3리,21,1
2014-07-01,한정리(한정초교),74,0
2014-07-01,한정리(한정초교건너),0,2
2014-07-01,한화꿈에그린건너1,775,660
2014-07-01,한화꿈에그린앞,14783,2922
2014-07-01,함지초등학교건너,1154,505
2014-07-01,함지초등학교앞,9501,250
2014-07-01,해랑교(시외방향),90,32
2014-07-01,해랑교1,3,0
2014-07-01,해랑교2,839,25
2014-07-01,해랑교건너,72,12
2014-07-01,해안동행정복지센터,309,119
2014-07-01,해안역(1번출구),8784,1888
2014-07-01,해안역(3번출구),7521,2824
2014-07-01,해안초등학교뒤,3,3
2014-07-01,행정1리앞,2,1
2014-07-01,행정2리건너,1,1
2014-07-01,행정리,678,32
2014-07-01,행정리(한천서원),16,0
2014-07-01,헬로TV대구방송건너,6909,3381
2014-07-01,헬로TV대구방송앞,7889,2979
2014-07-01,현내1리,175,0
2014-07-01,현내2리중방마을건너,133,0
2014-07-01,현내2리중방마을앞,5,1
2014-07-01,현대금속,1673,103
2014-07-01,현대메카닉스건너,143,0
2014-07-01,현대메카닉스앞,2,9
2014-07-01,현대백조아파트(북편),5268,222
2014-07-01,현대백조아파트건너,2809,278
2014-07-01,현대백조아파트앞,2577,724
2014-07-01,현대백화점.동아쇼핑건너,31137,8663
2014-07-01,현대백화점.동아쇼핑앞,42030,2363
2014-07-01,현대시장건너,13173,1058
2014-07-01,현대시장앞,2435,1990
2014-07-01,현대시장앞2,863,225
2014-07-01,현대해상건너,31623,16233
2014-07-01,현대해상앞,28063,5883
2014-07-01,현충로역(3번출구),33278,8959
2014-07-01,현충로역(4번출구),25305,10777
2014-07-01,현충삼거리1,557,507
2014-07-01,현충삼거리2,3278,208
2014-07-01,현풍고속도로밑,296,63
2014-07-01,현풍농협,3276,492
2014-07-01,현풍면사무소앞,180,9
2014-07-01,현풍삼거리,26,43
2014-07-01,현풍새마을금고,7687,647
2014-07-01,현풍시외버스터미널,2453,437
2014-07-01,현풍운전시험장,598,6
2014-07-01,현풍주공아파트,66,29
2014-07-01,현풍주공아파트2,45,112
2014-07-01,현풍주공아파트앞,590,254
2014-07-01,현풍중고등학교,33,188
2014-07-01,현풍중고등학교건너,1046,139
2014-07-01,현풍터미널건너,1603,65
2014-07-01,현풍터미널앞,770,629
2014-07-01,현풍할매곰탕,1687,439
2014-07-01,현풍할매곰탕건너,852,222
2014-07-01,호산초등학교건너,32,40
2014-07-01,호산초등학교앞,300,609
2014-07-01,홈플러스내당점건너,10776,915
2014-07-01,홈플러스내당점앞,5714,4742
2014-07-01,홈플러스대구점건너,482,2009
2014-07-01,홈플러스대구점앞,23692,10984
2014-07-01,홈플러스동촌점건너,6103,3323
2014-07-01,홈플러스동촌점앞,13132,1125
2014-07-01,홈플러스칠곡점건너,11185,626
2014-07-01,홈플러스칠곡점앞,3314,882
2014-07-01,홍천사건너,1161,16
2014-07-01,홍천사입구,61,227
2014-07-01,화남초등학교건너,16,330
2014-07-01,화남초등학교앞,6111,479
2014-07-01,화동초등학교건너,1068,157
2014-07-01,화동초등학교앞,846,60
2014-07-01,화랑교1,1431,5602
2014-07-01,화랑교2,12435,767
2014-07-01,화성그랜드건너,472,212
2014-07-01,화성그랜드앞,209,61
2014-07-01,화성리버파크건너,5660,350
2014-07-01,화성리버파크앞,1178,525
2014-07-01,화성센트럴파크,5126,233
2014-07-01,화성쌍용타운건너,602,27
2014-07-01,화성쌍용타운앞1,1335,368
2014-07-01,화성쌍용타운앞2,19,40
2014-07-01,화성전문요양원건너,193,93
2014-07-01,화성전문요양원앞,1541,562
2014-07-01,화성파크뷰건너,7091,273
2014-07-01,화성파크뷰앞,710,2156
2014-07-01,화영테크건너,47,15
2014-07-01,화영테크앞,524,28
2014-07-01,화원고등학교(종점),900,39
2014-07-01,화원고등학교(종점)2,64,36
2014-07-01,화원고등학교건너,8330,700
2014-07-01,화원고등학교앞,1675,902
2014-07-01,화원농협주유소건너,1426,505
2014-07-01,화원농협주유소앞,7972,3479
2014-07-01,화원삼주타운건너,7136,339
2014-07-01,화원삼주타운앞,407,176
2014-07-01,화원시장건너,3497,401
2014-07-01,화원시장앞,120,422
2014-07-01,화원유원지(사문진주막촌),974,39
2014-07-01,화원유원지건너,340,30
2014-07-01,화원유원지입구,3,0
2014-07-01,화원초등학교건너,23625,3758
2014-07-01,화원초등학교앞,36353,11208
2014-07-01,화전동1,21,57
2014-07-01,화전동2,642,6
2014-07-01,황금2동치안센터건너,1314,475
2014-07-01,황금2동치안센터앞,4160,244
2014-07-01,황금네거리1,31097,2613
2014-07-01,황금네거리2,9503,3751
2014-07-01,황금시장건너,323,86
2014-07-01,황금시장앞,2207,57
2014-07-01,황금우방1차건너,17638,2554
2014-07-01,황금우방1차앞,4412,2534
2014-07-01,황금초등학교건너,1964,1328
2014-07-01,황금초등학교앞,5357,235
2014-07-01,황제맨션건너,6189,5514
2014-07-01,황제맨션앞,5477,1424
2014-07-01,효동초등학교건너,4526,1080
2014-07-01,효동초등학교앞,9522,944
2014-07-01,효목네거리1,9450,1076
2014-07-01,효목네거리2,2386,2094
2014-07-01,효목네거리3,10446,4588
2014-07-01,효성타운앞,17508,993
2014-07-01,흥사단 대구지부건너,1824,254
2014-07-01,흥사단 대구지부앞,1608,2335
2014-07-01,흥성정공건너,455,24
2014-07-01,흥성정공앞,89,5
2014-07-01,희망교1,1264,150
2014-07-01,희성전자건너,34,34
2014-07-01,희성전자앞,479,70
2014-07-01,힐크레스트남문건너,1022,142
2014-07-01,힐크레스트남문앞,194,1224
2014-07-01,힐크레스트입구,454,699
2014-08-01,(주)성안건너,24,117
2014-08-01,(주)영화건너,3,81
2014-08-01,(주)영화앞,563,7
2014-08-01,1차서한화성타운건너,380,102
2014-08-01,1차서한화성타운앞,577,85
2014-08-01,2.28기념중앙공원건너1,63916,12131
2014-08-01,2.28기념중앙공원건너2,20431,11329
2014-08-01,2.28기념중앙공원앞,143468,16129
2014-08-01,2차대자연맨션건너,2092,690
2014-08-01,2차대자연맨션앞,7457,879
2014-08-01,2차서한화성타운건너,33858,1987
2014-08-01,2차서한화성타운앞,16367,2880
2014-08-01,2호선반월당역1,25315,5690
2014-08-01,2호선반월당역2,15177,4699
2014-08-01,3공단새마을금고앞,4584,1457
2014-08-01,CGV대구한일건너,105818,17718
2014-08-01,CGV대구한일앞,32712,4994
2014-08-01,IHL건너,55,1
2014-08-01,IHL앞,38,11
2014-08-01,K-2입구,2268,509
2014-08-01,K2관사입구(종점),1972,52
2014-08-01,KT남대구지사건너1,10328,2895
2014-08-01,KT남대구지사건너2,1801,602
2014-08-01,KT남대구지사앞1,22423,6890
2014-08-01,KT남대구지사앞2,1208,1972
2014-08-01,KT동대구지사건너,24089,13258
2014-08-01,KT동대구지사앞,17100,2022
2014-08-01,KT북대구지사건너,3413,350
2014-08-01,KT북대구지사앞,6104,628
2014-08-01,KT상동지사건너,2989,277
2014-08-01,KT상동지사앞,978,405
2014-08-01,KT서대구지사건너,22170,2547
2014-08-01,KT서대구지사앞,16345,6360
2014-08-01,LG물류센터건너,3122,1537
2014-08-01,LG물류센터앞,7924,3692
2014-08-01,LH5단지아파트앞,1494,73
2014-08-01,MBC네거리,8730,2405
2014-08-01,SK리더스뷰건너,12628,1875
2014-08-01,SK리더스뷰앞,5614,1884
2014-08-01,STX메탈건너,1178,3856
2014-08-01,STX메탈앞,68,504
2014-08-01,TBC건너,13943,534
2014-08-01,TBC앞,3123,1988
2014-08-01,TCN대구방송건너,2120,259
2014-08-01,TCN대구방송앞,2910,408
2014-08-01,㈜윔스건너,190,179
2014-08-01,㈜윔스앞,273,7
2014-08-01,가야농원,336,2
2014-08-01,가창농협건너,2266,2954
2014-08-01,가창농협앞,10624,373
2014-08-01,가창댐,7,7
2014-08-01,가창면사무소건너,5262,1975
2014-08-01,가창면사무소앞,8604,686
2014-08-01,가창중학교건너,1259,14
2014-08-01,가창중학교앞,163,114
2014-08-01,가창초등학교건너,3446,305
2014-08-01,가창초등학교앞,819,86
2014-08-01,가천동앞,76,6
2014-08-01,가천리,114,21
2014-08-01,가태리마을회관건너,241,1
2014-08-01,가태리마을회관앞,6,10
2014-08-01,각산역(1번출구),7294,1565
2014-08-01,각산역(2번출구),1408,1066
2014-08-01,갈실마을회관종점,440,5
2014-08-01,감문1리1,8,4
2014-08-01,감문1리2,396,1
2014-08-01,감문1리3,1,9
2014-08-01,감문1리4,37,0
2014-08-01,감삼네거리1,16729,5931
2014-08-01,감삼네거리2,52992,22449
2014-08-01,감삼초등학교건너,10289,1783
2014-08-01,감삼초등학교앞,7973,1056
2014-08-01,갓골건너,405,0
2014-08-01,갓골앞,0,7
2014-08-01,갓바위,22564,58
2014-08-01,강남약국건너,50788,11681
2014-08-01,강남약국앞1,25856,7399
2014-08-01,강남약국앞2,9187,1207
2014-08-01,강동중·고등학교,5,205
2014-08-01,강동중·고등학교건너,7413,18
2014-08-01,강변동서마을건너,5790,251
2014-08-01,강변동서마을앞,3229,1350
2014-08-01,강북경찰서건너,1575,863
2014-08-01,강북경찰서앞,1995,462
2014-08-01,강북중학교건너,202,1225
2014-08-01,강북중학교앞,9137,28
2014-08-01,강산아파트건너,4611,8854
2014-08-01,강산아파트앞,5436,1084
2014-08-01,강정(종점),7,1
2014-08-01,강정보(디아크문화관)건너,61,6
2014-08-01,강정보(디아크문화관)입구,316,1
2014-08-01,강창교1,3528,203
2014-08-01,강창교2,176,752
2014-08-01,강창역(1번출구),5357,604
2014-08-01,강창역(2번출구),21238,916
2014-08-01,강창하이츠,7444,503
2014-08-01,거동교1,755,381
2014-08-01,거동교2,603,567
2014-08-01,건들바위건너,1122,750
2014-08-01,건들바위앞,616,1658
2014-08-01,건영아파트건너,13538,7149
2014-08-01,건영캐스빌건너,11561,1338
2014-08-01,건영캐스빌앞,860,848
2014-08-01,검단119안전센터(엑스코),69,43
2014-08-01,검단동대구축협앞,4998,26
2014-08-01,검단동주민센터1,786,18
2014-08-01,검단동주민센터2,3,142
2014-08-01,검단동주민센터건너,10526,98
2014-08-01,검단동주민센터앞,55,468
2014-08-01,검단상가아파트건너,206,54
2014-08-01,검단상가아파트앞,440,64
2014-08-01,검단유성아파트(서편),9509,1503
2014-08-01,검단유성아파트건너,5056,1229
2014-08-01,검단유성아파트앞,17034,4239
2014-08-01,경기장네거리1,5037,1540
2014-08-01,경기장네거리2,4366,495
2014-08-01,경대교2,4354,803
2014-08-01,경대교건너,948,113
2014-08-01,경대교앞,217,866
2014-08-01,경대사대부설고등학교앞,21042,9654
2014-08-01,경대아파트건너,23326,2315
2014-08-01,경대아파트앞,7157,2146
2014-08-01,경덕여고,804,345
2014-08-01,경동산업앞,72,0
2014-08-01,경명여고건너,3457,617
2014-08-01,경명여고앞,2155,1335
2014-08-01,경북고교종점,1734,919
2014-08-01,경북고등학교건너,12814,3228
2014-08-01,경북고등학교앞,18478,1479
2014-08-01,경북고등학교종점건너,112,13
2014-08-01,경북공고건너,7028,4626
2014-08-01,경북공고앞,10146,4057
2014-08-01,경북공무원교육원1,971,467
2014-08-01,경북공무원교육원2,17,17
2014-08-01,경북교통,5896,1916
2014-08-01,경북교통앞,2059,1841
2014-08-01,경북기계공고건너,10676,3464
2014-08-01,경북기계공고앞,9960,4491
2014-08-01,경북농업기술원건너,46,233
2014-08-01,경북농업기술원앞,244,5
2014-08-01,경북대체육센터건너,9904,817
2014-08-01,경북대체육센터앞,4436,4960
2014-08-01,경북대학교병원건너,22464,8754
2014-08-01,경북대학교병원앞,38828,8446
2014-08-01,경북대학교북문건너,64186,2146
2014-08-01,경북대학교북문앞,29327,6380
2014-08-01,경북대학교서문건너,9847,1184
2014-08-01,경북대학교서문앞,3081,830
2014-08-01,경북대학교정문건너,9866,3025
2014-08-01,경북대학교정문앞,23855,5170
2014-08-01,경북대학교치과병원,21762,8979
2014-08-01,경북아파트건너(고산동),18965,3297
2014-08-01,경북아파트건너(신천동),8243,12367
2014-08-01,경북아파트앞(고산동),12041,4167
2014-08-01,경북아파트앞(신천동),5679,3505
2014-08-01,경북여상건너,13277,8780
2014-08-01,경북여상앞,11912,2857
2014-08-01,경북크랑크,1810,23
2014-08-01,경상감영공원건너,109443,18268
2014-08-01,경상감영공원앞,83995,55364
2014-08-01,경상북도농업인회관,368,21
2014-08-01,경상여자고등학교건너,3412,391
2014-08-01,경상여자고등학교앞,9066,4829
2014-08-01,경서중학교건너,312,545
2014-08-01,경서중학교앞,2490,123
2014-08-01,경신고등학교건너,51144,6100
2014-08-01,경신고등학교앞,38412,10737
2014-08-01,경운초등학교건너,1982,922
2014-08-01,경운초등학교앞,5189,5988
2014-08-01,경원고등학교건너,667,59
2014-08-01,경원고등학교앞,1705,295
2014-08-01,경일여자중학교건너,14518,1676
2014-08-01,경일여자중학교앞,4216,1183
2014-08-01,경주최씨종가(종점),573,6
2014-08-01,경주최씨종가1,5,1
2014-08-01,경주최씨종가2,1,0
2014-08-01,경진테크빌앞,708,1374
2014-08-01,경창산업,1071,100
2014-08-01,경희강재건너,813,561
2014-08-01,경희강재앞,3119,88
2014-08-01,계명대대명캠퍼스후문건너,2260,631
2014-08-01,계명대역(1번출구),1676,1499
2014-08-01,계명대역(2번출구),5619,4537
2014-08-01,계명대학교대명캠퍼스건너,14903,5095
2014-08-01,계명대학교대명캠퍼스앞,16828,4830
2014-08-01,계명대학교대명캠퍼스후문앞,1999,562
2014-08-01,계명대학교동문건너1,5613,985
2014-08-01,계명대학교동문건너2,20334,7191
2014-08-01,계명대학교동문앞,16599,5268
2014-08-01,계명대학교정문건너,22009,1381
2014-08-01,계명대학교정문앞,4652,2232
2014-08-01,계명문화대학건너,6297,887
2014-08-01,계명문화대학앞,9297,11381
2014-08-01,고모동입구,2628,1460
2014-08-01,고모역건너,303,99
2014-08-01,고모역앞,171,4
2014-08-01,고봉리,30,2
2014-08-01,고산2동주민센터건너,11251,2962
2014-08-01,고산2동주민센터앞,21139,801
2014-08-01,고산골입구,6610,888
2014-08-01,고산농협창고건너,905,234
2014-08-01,고산농협창고앞,390,3281
2014-08-01,고산도서관,17597,8125
2014-08-01,고산정수사업소건너,2718,842
2014-08-01,고성아파트(서편),10789,2540
2014-08-01,고성아파트건너,2234,127
2014-08-01,고성아파트건너(서편),5140,4706
2014-08-01,고성아파트앞,1835,470
2014-08-01,고성지구대1,1844,520
2014-08-01,고성지구대2,3255,7602
2014-08-01,골안골,46,67
2014-08-01,골안골지하보도앞,14,194
2014-08-01,공고네거리1,28959,10057
2014-08-01,공고네거리2,10987,3375
2014-08-01,공군기지관사입구,1,12
2014-08-01,공단역1,476,11968
2014-08-01,공단역2,16148,7520
2014-08-01,공단하수처리장건너,46,360
2014-08-01,공단하수처리장앞,121,35
2014-08-01,공산댐건너,1308,73
2014-08-01,공산댐앞,84,95
2014-08-01,공산동행정복지센터건너,900,334
2014-08-01,공산동행정복지센터앞,4841,216
2014-08-01,공산초등학교건너,343,78
2014-08-01,공산초등학교앞,2343,119
2014-08-01,공산파출소,473,635
2014-08-01,공항시장건너,11739,839
2014-08-01,공항시장앞,5437,1662
2014-08-01,곽병원건너,38850,23444
2014-08-01,곽병원앞1,24401,7452
2014-08-01,곽병원앞2,9855,3432
2014-08-01,관리공단,466,105
2014-08-01,관음공영주차장앞,1600,20
2014-08-01,관음농협앞,189,67
2014-08-01,관음동주민센터건너,381,48
2014-08-01,관음동주민센터앞,2383,41
2014-08-01,관음변전소1,5769,102
2014-08-01,관음변전소2,50,327
2014-08-01,관음변전소3,86,0
2014-08-01,관음변전소4,892,59
2014-08-01,관음어린이집,310,55
2014-08-01,관음중학교(북편),1246,31
2014-08-01,광명은하아파트건너,6783,5056
2014-08-01,광명은하아파트앞,15116,1057
2014-08-01,광명프레지던트아파트건너,11435,5535
2014-08-01,광장타운건너,16669,4573
2014-08-01,광장타운앞,17527,3748
2014-08-01,교대부설초등학교건너,3997,232
2014-08-01,교대부설초등학교앞,360,1222
2014-08-01,교동시장앞,4858,1568
2014-08-01,교동초등학교건너,473,65
2014-08-01,교동초등학교앞,12,239
2014-08-01,교통연수원,16445,779
2014-08-01,교통연수원건너,9817,2878
2014-08-01,교항2리마을입구,1,123
2014-08-01,교항2리회관,4866,24
2014-08-01,교항리건너,1686,46
2014-08-01,교항리마을입구건너,92,1
2014-08-01,교항리앞,320,577
2014-08-01,구)달성군청건너,11197,3956
2014-08-01,구)달성군청앞,25893,18325
2014-08-01,구)대영학원건너,17017,3091
2014-08-01,구)대영학원앞,15973,9686
2014-08-01,구)효목2동행정복지센터건너,15774,1089
2014-08-01,구)효목2동행정복지센터앞,5976,1774
2014-08-01,구.남부정류장건너1,14003,11123
2014-08-01,구.남부정류장건너2,9182,4317
2014-08-01,구.남부정류장앞1,26340,4927
2014-08-01,구.남부정류장앞2,3721,1856
2014-08-01,구.동부정류장(남편),7956,1724
2014-08-01,구.동부정류장(메트로팔레스),11737,4694
2014-08-01,구.동부정류장건너,17287,1641
2014-08-01,구.동부정류장앞,8813,3732
2014-08-01,구둔산,616,0
2014-08-01,구룡촌건너,0,1
2014-08-01,구병원건너,605,4729
2014-08-01,구병원앞,31526,6312
2014-08-01,구삼폭포건너,8,36
2014-08-01,구암가구골목1,11991,465
2014-08-01,구암가구골목2,1523,251
2014-08-01,구암교1,5137,3009
2014-08-01,구암교2,1458,714
2014-08-01,구암동1,808,72
2014-08-01,구암동2,202,350
2014-08-01,구암역(운전면허시험장)1,535,263
2014-08-01,구암역(운전면허시험장)2,2965,672
2014-08-01,구암초등학교건너,2315,291
2014-08-01,구암초등학교앞,5564,121
2014-08-01,구지농공단지1,1,2
2014-08-01,구지농공단지2,264,5
2014-08-01,구지면사무소건너,600,415
2014-08-01,구지면사무소앞,2292,254
2014-08-01,구지청아람건너,6537,141
2014-08-01,구지청아람앞,871,460
2014-08-01,국립대구과학관정문건너,138,9
2014-08-01,국립대구과학관정문앞,337,8
2014-08-01,국립대구박물관건너,13864,1243
2014-08-01,국립대구박물관앞,8693,3337
2014-08-01,국민건강보험공단건너,25696,2330
2014-08-01,국민건강보험공단앞,11666,9411
2014-08-01,국민은행3공단지점건너,5734,1268
2014-08-01,국민은행3공단지점앞,3000,904
2014-08-01,국우동현대아파트건너,673,33
2014-08-01,국우동현대아파트앞,3915,513
2014-08-01,국채보상운동기념공원,7801,5439
2014-08-01,굿모닝병원건너,9920,4890
2014-08-01,굿모닝병원앞,16560,3247
2014-08-01,궁전아파트건너,45,209
2014-08-01,궁전아파트앞,2563,92
2014-08-01,귀남지휴게소1,17,3
2014-08-01,그랜드호텔건너,34520,19905
2014-08-01,그랜드호텔앞,55168,7556
2014-08-01,그린빌4단지,75,408
2014-08-01,그린빌4단지건너,1088,21
2014-08-01,그린빌4단지앞,261,128
2014-08-01,근로복지공단대구병원건너,2740,172
2014-08-01,근로복지공단대구병원앞,4229,408
2014-08-01,근린공원축구장건너,31,325
2014-08-01,근린공원축구장앞,1703,41
2014-08-01,금강동,172,5
2014-08-01,금계초등학교(교항리),518,248
2014-08-01,금복주건너,2795,326
2014-08-01,금복주앞,1543,404
2014-08-01,금봉네거리1,11472,791
2014-08-01,금봉네거리2,5484,718
2014-08-01,금사리하이빌APT건너,1724,121
2014-08-01,금사리하이빌APT앞,520,195
2014-08-01,금융감독원건너,939,2954
2014-08-01,금포초등학교,1435,241
2014-08-01,금포초등학교건너,393,406
2014-08-01,금호기전,8,38
2014-08-01,금호지구(시내방향),145,1
2014-08-01,금호지구(종점방향),64,0
2014-08-01,기곡(종점),147,7
2014-08-01,기곡리1,7,2
2014-08-01,기곡리2,36,0
2014-08-01,기독교방송국건너,6312,2087
2014-08-01,기독교방송국앞,4354,1354
2014-08-01,기업은행대곡지점건너,84,1281
2014-08-01,기업은행대곡지점앞,22891,455
2014-08-01,기업은행죽전동지점건너,5569,832
2014-08-01,기업은행죽전동지점앞,3190,600
2014-08-01,김흥1리건너,109,0
2014-08-01,김흥1리앞,36,4
2014-08-01,김흥2리건너,0,1
2014-08-01,김흥2리앞,12,0
2014-08-01,김흥리마을입구,159,2
2014-08-01,남구청건너2,6961,6599
2014-08-01,남구청네거리1,6892,1945
2014-08-01,남구청네거리2,311,160
2014-08-01,남대구IC1,17138,1157
2014-08-01,남대구IC2,6049,629
2014-08-01,남명삼거리1,1953,150
2014-08-01,남명삼거리2,1995,738
2014-08-01,남문시장건너1,1187,65
2014-08-01,남문시장건너2,12831,18392
2014-08-01,남문시장앞,25155,10021
2014-08-01,남문아파트앞,630,323
2014-08-01,남부경찰서건너,9855,2219
2014-08-01,남부경찰서앞,11393,7780
2014-08-01,남부교육지원청건너,8241,1067
2014-08-01,남부교육지원청앞,5120,1690
2014-08-01,남부도서관앞,199,530
2014-08-01,남부자동차종합시장건너,3174,563
2014-08-01,남부자동차종합시장앞,1063,406
2014-08-01,남부초등학교건너,1621,20
2014-08-01,남부초등학교앞,437,330
2014-08-01,남부초등학교앞2,5354,806
2014-08-01,남산2동주민센터건너,124,269
2014-08-01,남산2동주민센터앞,774,52
2014-08-01,남산고등학교건너,785,36
2014-08-01,남산고등학교앞,0,2
2014-08-01,남산역(프린스호텔건너),8752,3463
2014-08-01,남산역건너(프린스호텔앞),20484,6645
2014-08-01,남산주유소건너,1550,1049
2014-08-01,남산주유소앞,1984,219
2014-08-01,남산초등학교건너,15909,1953
2014-08-01,남산초등학교앞,14157,7181
2014-08-01,남산휴먼시아앞,1426,378
2014-08-01,내2리새마을회관건너,69,0
2014-08-01,내2리새마을회관앞,2,9
2014-08-01,내당1동우체국건너,2576,305
2014-08-01,내당1동우체국앞,2960,446
2014-08-01,내당광명아파트,3032,2954
2014-08-01,내당삼익맨션건너,29631,7703
2014-08-01,내당삼익맨션앞,14290,18161
2014-08-01,내당코오롱아파트건너,7428,12646
2014-08-01,내당코오롱아파트앞,5721,955
2014-08-01,내동,779,28
2014-08-01,내동건너,31,117
2014-08-01,내리1,10,13
2014-08-01,내리2,1,1
2014-08-01,내일교회건너,220,42
2014-08-01,내일교회앞,921,64
2014-08-01,냉천2리,12,0
2014-08-01,냉천리1,2184,45
2014-08-01,냉천리2,47,338
2014-08-01,노곡동,4822,45
2014-08-01,노변중학교,809,54
2014-08-01,노변중학교건너,1388,70
2014-08-01,노변청구타운건너,149,68
2014-08-01,노변청구타운앞,240,50
2014-08-01,노원119안전센터건너,6847,2534
2014-08-01,노원119안전센터앞,2522,591
2014-08-01,노원네거리(공단세차장건너),444,466
2014-08-01,노원네거리(공단세차장앞),5869,141
2014-08-01,노원네거리(대구은행건너),956,139
2014-08-01,노원네거리(대구은행앞),5046,606
2014-08-01,노원네거리1,4569,848
2014-08-01,노원네거리2,9105,557
2014-08-01,노원동화타운건너,552,377
2014-08-01,노원동화타운앞,4518,530
2014-08-01,녹동서원앞,2,0
2014-08-01,녹원맨션1,3324,1310
2014-08-01,녹원맨션2,11753,591
2014-08-01,논공삼거리1,1869,30
2014-08-01,논공삼거리2,348,330
2014-08-01,논공읍사무소,815,183
2014-08-01,논공읍사무소건너1,4382,176
2014-08-01,논공읍사무소건너2,342,107
2014-08-01,농산물도매시장건너,51,9
2014-08-01,농산물도매시장앞,2004,163
2014-08-01,농수산물도매시장건너,3680,1337
2014-08-01,농수산물도매시장앞,8167,3128
2014-08-01,농촌진흥원입구,77,129
2014-08-01,농협동촌지점,516,151
2014-08-01,농협방촌지점,2262,83
2014-08-01,농협중앙회건너,21995,7873
2014-08-01,농협중앙회앞,62558,36997
2014-08-01,농협중앙회중동지점건너,1970,70
2014-08-01,농협중앙회중동지점앞,926,656
2014-08-01,농협하나로마트건너,39,267
2014-08-01,능골1,189,1031
2014-08-01,능골건너,2557,32
2014-08-01,능성동(종점),500,5
2014-08-01,능성동예비군훈련장,470,10
2014-08-01,능성동입구건너,456,2
2014-08-01,능성동입구앞,7,37
2014-08-01,다리골,41,0
2014-08-01,다사고등학교건너,10267,4410
2014-08-01,다사고등학교앞,421,1437
2014-08-01,다사농협주유소건너,58,648
2014-08-01,다사농협주유소앞,7612,213
2014-08-01,다사역(4번출구),21,0
2014-08-01,다사읍사무소건너,7588,307
2014-08-01,다사읍사무소서재출장소건너,244,1
2014-08-01,다사읍사무소서재출장소앞,62,196
2014-08-01,다사읍사무소앞,4,96
2014-08-01,다사주공아파트건너,147,0
2014-08-01,다사주공아파트앞,2,118
2014-08-01,다사체육공원건너,18,2
2014-08-01,다사체육공원앞,35,0
2014-08-01,다사초등학교건너,42,3
2014-08-01,다사초등학교앞,1,68
2014-08-01,단산리(종점),6767,3360
2014-08-01,달구벌종합복지관건너,1010,196
2014-08-01,달구벌종합복지관앞,607,137
2014-08-01,달서공고건너,184,121
2014-08-01,달서공고앞,7,32
2014-08-01,달서교회건너,21217,3701
2014-08-01,달서교회앞,18783,10690
2014-08-01,달서구새마을회건너,3070,124
2014-08-01,달서구새마을회앞,266,147
2014-08-01,달서구청건너,15870,2711
2014-08-01,달서구청앞,6228,2242
2014-08-01,달서종합시장건너,1518,262
2014-08-01,달서종합시장앞,1214,167
2014-08-01,달서중고등학교,61,12
2014-08-01,달서중고등학교건너,451,2
2014-08-01,달서천하수종말처리장건너,83,0
2014-08-01,달서천하수종말처리장앞,2,2
2014-08-01,달서초교,2030,47
2014-08-01,달성2차공단관리청사,64,0
2014-08-01,달성2차산업단지출장소건너,3,0
2014-08-01,달성2차산업단지출장소앞,2,10
2014-08-01,달성경찰서,1932,494
2014-08-01,달성경찰서건너,2845,103
2014-08-01,달성공원건너,17709,2489
2014-08-01,달성공원앞,22469,18382
2014-08-01,달성군민운동장건너,1223,100
2014-08-01,달성군민운동장앞,1011,196
2014-08-01,달성군선거관리위원회건너,80,126
2014-08-01,달성군선거관리위원회앞,42,1152
2014-08-01,달성군청건너,687,227
2014-08-01,달성군청앞,3335,182
2014-08-01,달성기와건너,130,191
2014-08-01,달성기와앞,752,52
2014-08-01,달성문화원건너,6,1
2014-08-01,달성문화원앞,17,0
2014-08-01,달성산업단지건너,199,27
2014-08-01,달성산업단지관리공단1,0,19
2014-08-01,달성산업단지관리공단2,10,0
2014-08-01,달성소방서건너,29,166
2014-08-01,달성소방서앞,237,232
2014-08-01,달성스포츠파크건너,2,13
2014-08-01,달성스포츠파크앞,20,0
2014-08-01,달성예비군훈련장건너,1182,79
2014-08-01,달성예비군훈련장앞,510,170
2014-08-01,달성우체국건너,884,523
2014-08-01,달성우체국앞,5783,315
2014-08-01,달성중학교건너,4670,576
2014-08-01,달성중학교앞,18922,4540
2014-08-01,달성초등학교건너,4812,1609
2014-08-01,달성초등학교앞,1643,350
2014-08-01,달성취수장건너,14,141
2014-08-01,달성취수장앞,94,41
2014-08-01,달창저수지,294,0
2014-08-01,달천리(시내방향),140,2
2014-08-01,달천리(시외방향),84,0
2014-08-01,담안마을1,4,13
2014-08-01,담안마을2,307,1
2014-08-01,담티고개1,272,409
2014-08-01,담티고개2,1103,889
2014-08-01,당동마을건너,276,3
2014-08-01,당동마을앞,3,15
2014-08-01,당정마을입구,67,6
2014-08-01,당정마을입구건너,156,0
2014-08-01,대1리용흥지건너,214,6
2014-08-01,대1리용흥지앞,19,22
2014-08-01,대곡강산타운,24348,622
2014-08-01,대곡강산타운건너,3465,771
2014-08-01,대곡사계절타운건너,20089,587
2014-08-01,대곡사계절타운앞,5141,1490
2014-08-01,대곡역(1번출구),46966,1943
2014-08-01,대곡역(2번출구),34619,40694
2014-08-01,대곡역(한라하우젠트건너),19745,1316
2014-08-01,대곡역(한라하우젠트앞),5861,13323
2014-08-01,대곡역그린빌,7349,8386
2014-08-01,대곡주공1단지앞,4798,1698
2014-08-01,대곡주공2단지앞,18162,441
2014-08-01,대곡주공6단지앞,3274,383
2014-08-01,대곡주공7단지앞,15699,854
2014-08-01,대곡주공8단지건너,4526,985
2014-08-01,대곡주공8단지앞,24901,1707
2014-08-01,대곡중학교건너,4585,505
2014-08-01,대곡중학교앞,2545,571
2014-08-01,대공원역(1번출구),2502,4393
2014-08-01,대공원역(5번출구),4217,518
2014-08-01,대구가톨릭대학병원건너,21865,3153
2014-08-01,대구가톨릭대학병원앞,19415,1887
2014-08-01,대구경북과학기술원,180,11
2014-08-01,대구경북과학기술원기숙사,231,49
2014-08-01,대구경북지방병무청,327,930
2014-08-01,대구고등학교건너,45146,10678
2014-08-01,대구고등학교앞,14081,5490
2014-08-01,대구고용노동청건너,16330,2101
2014-08-01,대구고용노동청앞,5238,1130
2014-08-01,대구공업대학1,12032,2221
2014-08-01,대구공업대학2,2942,2515
2014-08-01,대구공업대학건너,6342,2953
2014-08-01,대구공업대학앞,5506,2397
2014-08-01,대구과학고등학교건너,10564,5224
2014-08-01,대구과학고등학교앞,17829,1802
2014-08-01,대구과학대학1,22890,11053
2014-08-01,대구과학대학2,60727,5132
2014-08-01,대구과학대학건너,2662,147
2014-08-01,대구과학대학앞,672,260
2014-08-01,대구광역시교육연수원건너,16169,1046
2014-08-01,대구광역시교육연수원앞,5275,2944
2014-08-01,대구광역시청건너,1889,898
2014-08-01,대구광역시청앞,359,555
2014-08-01,대구교도소건너,8777,5630
2014-08-01,대구교도소앞,24966,3329
2014-08-01,대구교육대건너,262,3096
2014-08-01,대구교육대앞,20876,3329
2014-08-01,대구교통방송건너,5667,6369
2014-08-01,대구교통방송앞,18311,1599
2014-08-01,대구국제공항건너,23528,11451
2014-08-01,대구국제공항앞,27017,6579
2014-08-01,대구글로벌교육센터건너,5358,11983
2014-08-01,대구글로벌교육센터앞,4039,748
2014-08-01,대구농업마이스터고건너,25257,1991
2014-08-01,대구농업마이스터고앞,8904,10392
2014-08-01,대구농업마이스터고후문건너,2516,650
2014-08-01,대구농업마이스터고후문앞,2234,194
2014-08-01,대구도시공사앞,16034,2418
2014-08-01,대구동부고용복지플러스센터,11402,4997
2014-08-01,대구동촌유치원,1209,188
2014-08-01,대구디지털산업진흥원건너,21984,5268
2014-08-01,대구디지털산업진흥원앞,15543,3280
2014-08-01,대구맨션건너,2290,357
2014-08-01,대구맨션앞,4361,756
2014-08-01,대구문화방송건너,13893,4849
2014-08-01,대구문화방송앞,15531,2784
2014-08-01,대구미술관건너,688,80
2014-08-01,대구미술관앞,1024,54
2014-08-01,대구병원건너,25086,1533
2014-08-01,대구병원앞,12989,6712
2014-08-01,대구보건고등학교건너,15324,7158
2014-08-01,대구보건고등학교앞,11863,1989
2014-08-01,대구보건대학3,14565,9008
2014-08-01,대구보건대학4,24400,4145
2014-08-01,대구보건대학5,48,15
2014-08-01,대구보건대학건너1,2188,71
2014-08-01,대구보건대학건너2,13968,397
2014-08-01,대구보건대학앞1,370,236
2014-08-01,대구보건대학앞2,1639,675
2014-08-01,대구보훈요양원,4,0
2014-08-01,대구보훈요양원건너,2,5
2014-08-01,대구보훈요양원앞,220,0
2014-08-01,대구비지니스센터건너,3726,350
2014-08-01,대구비지니스센터앞,4372,381
2014-08-01,대구사격장,88,2
2014-08-01,대구삼성창조캠퍼스1,1533,149
2014-08-01,대구삼성창조캠퍼스2,358,652
2014-08-01,대구선방촌공원,1050,29
2014-08-01,대구소방본부건너,490,192
2014-08-01,대구소방본부앞,1701,2844
2014-08-01,대구스타디움건너,3350,638
2014-08-01,대구스타디움앞,4882,686
2014-08-01,대구시교육청건너,1301,459
2014-08-01,대구시교육청앞,1789,4599
2014-08-01,대구시설공단건너,17966,3273
2014-08-01,대구시설공단앞,10147,18391
2014-08-01,대구시설관리사업소,29,124
2014-08-01,대구시지노인전문병원건너,298,47
2014-08-01,대구시지노인전문병원앞,566,1489
2014-08-01,대구신문사,117,712
2014-08-01,대구애견훈련학교건너,336,2
2014-08-01,대구애견훈련학교앞,0,15
2014-08-01,대구역,883,309
2014-08-01,대구역건너,39433,7977
2014-08-01,대구역꽃시장,617,918
2014-08-01,대구역북편네거리1,39634,5011
2014-08-01,대구역북편네거리2,13917,13500
2014-08-01,대구역센트럴자이,1262,113
2014-08-01,대구역앞,41088,10656
2014-08-01,대구예담학교,393,81
2014-08-01,대구우편집중국(동편),4,18
2014-08-01,대구우편집중국앞,2187,1518
2014-08-01,대구은행3공단지점앞,6226,534
2014-08-01,대구은행북비산지점건너1,13175,2122
2014-08-01,대구은행북비산지점건너2,1713,1014
2014-08-01,대구은행북비산지점앞,39077,6044
2014-08-01,대구은행산격지점앞,693,275
2014-08-01,대구은행역(1번출구),34259,7444
2014-08-01,대구은행역(2번출구),36356,6586
2014-08-01,대구은행제2본점앞,15021,3005
2014-08-01,대구은행칠곡지점건너,8974,2463
2014-08-01,대구은행칠곡지점앞,27368,7066
2014-08-01,대구은행평리동지점건너,3548,1680
2014-08-01,대구은행평리동지점앞,6573,2574
2014-08-01,대구의료원건너,7333,1090
2014-08-01,대구의료원라파엘웰빙센터,2074,104
2014-08-01,대구의료원라파엘웰빙센터건너,458,1183
2014-08-01,대구의료원앞,4620,903
2014-08-01,대구일마이스터고교건너,3808,1030
2014-08-01,대구일마이스터고교앞,8585,579
2014-08-01,대구전자공고남편,122,285
2014-08-01,대구전자공업고등학교1,10109,462
2014-08-01,대구전자공업고등학교2,1048,3065
2014-08-01,대구제일고등학교건너,34027,7021
2014-08-01,대구제일고등학교앞,35488,22469
2014-08-01,대구중앙중고등학교건너,30149,3301
2014-08-01,대구중앙중고등학교앞,27510,4852
2014-08-01,대구중앙중학교건너,2417,33
2014-08-01,대구중앙중학교앞,4,14
2014-08-01,대구중학교건너,1744,559
2014-08-01,대구중학교앞,6375,2073
2014-08-01,대구지료재생사,87,63
2014-08-01,대구지방경찰청,5800,797
2014-08-01,대구지방법원등기국건너,5843,9592
2014-08-01,대구지방법원등기국앞,2264,1241
2014-08-01,대구지방법원서부지원,627,90
2014-08-01,대구차여성병원건너,5103,8937
2014-08-01,대구차여성병원앞,16101,1307
2014-08-01,대구콘서트하우스건너,18418,21847
2014-08-01,대구콘서트하우스앞,24290,3229
2014-08-01,대구태현교회,4,35
2014-08-01,대구텍건너,810,288
2014-08-01,대구텍앞,4859,867
2014-08-01,대구학생문화센터,238,79
2014-08-01,대구학생수련관입구건너,659,1
2014-08-01,대구학생수련관입구앞,27,138
2014-08-01,대구한의대학교부속한방병원건너,295,94
2014-08-01,대구한의대학교부속한방병원앞,2411,76
2014-08-01,대구향교건너,2598,3974
2014-08-01,대구향교앞,1696,517
2014-08-01,대덕마을건너,630,1320
2014-08-01,대덕마을앞,317,91
2014-08-01,대덕맨션앞,9982,209
2014-08-01,대덕문화전당건너,1532,121
2014-08-01,대덕문화전당앞,44,160
2014-08-01,대덕승마장건너,683,39
2014-08-01,대덕승마장앞,94,80
2014-08-01,대덕식당건너,273,212
2014-08-01,대덕식당앞,5031,206
2014-08-01,대덕천주교회1,2002,430
2014-08-01,대덕천주교회2,2869,173
2014-08-01,대덕천주교회3,3965,163
2014-08-01,대덕천주교회4,184,453
2014-08-01,대덕초등학교,706,31
2014-08-01,대동공업,131,189
2014-08-01,대동공업건너,764,23
2014-08-01,대동금속건너,1897,55
2014-08-01,대동금속앞,718,162
2014-08-01,대동시장1,4817,660
2014-08-01,대동시장2,8965,550
2014-08-01,대륜중고등학교건너,5184,7328
2014-08-01,대륜중고등학교앞,7353,312
2014-08-01,대리,256,1
2014-08-01,대리마을앞,77,154
2014-08-01,대리마을회관,257,4
2014-08-01,대리마을회관건너,50,31
2014-08-01,대림생수,921,17
2014-08-01,대림생수앞,59,211
2014-08-01,대림육교1,250,20068
2014-08-01,대림육교2,32,72
2014-08-01,대명6동주민센터건너,2325,485
2014-08-01,대명6동주민센터앞,2854,199
2014-08-01,대명시장건너,21045,6208
2014-08-01,대명시장앞,25070,4664
2014-08-01,대명역(1번출구),20510,4268
2014-08-01,대명역(2번출구),14696,2267
2014-08-01,대명중학교건너,17,420
2014-08-01,대명중학교앞,3569,95
2014-08-01,대명초등학교건너,8635,3648
2014-08-01,대명초등학교앞,13194,5283
2014-08-01,대백인터빌건너,23527,4544
2014-08-01,대백인터빌앞,20733,4559
2014-08-01,대백창신한라타운건너,13990,2305
2014-08-01,대백창신한라타운앞,3656,1312
2014-08-01,대백프라자건너,23592,5631
2014-08-01,대백프라자앞,31974,4657
2014-08-01,대백한라무지개타운건너,22492,912
2014-08-01,대백한라무지개타운앞,7779,1305
2014-08-01,대봉교회,9896,3895
2014-08-01,대봉네거리1,4877,582
2014-08-01,대봉네거리2,2887,2458
2014-08-01,대봉도서관건너,1484,398
2014-08-01,대봉도서관앞,4522,861
2014-08-01,대봉성당,9549,2238
2014-08-01,대서초등학교앞,397,108
2014-08-01,대성공업건너,816,8946
2014-08-01,대성공업앞,1865,127
2014-08-01,대성유니드앞,3095,52
2014-08-01,대성테크앞,203,8
2014-08-01,대신동광명맨션앞,1641,400
2014-08-01,대신센트럴자이,6246,379
2014-08-01,대실역(1번출구),9520,2110
2014-08-01,대실역(2번출구),31276,1265
2014-08-01,대실역(4번출구),2401,33
2014-08-01,대실역1,95,8
2014-08-01,대실역2,84,131
2014-08-01,대실역청아람건너,6732,37
2014-08-01,대실역청아람앞,615,3336
2014-08-01,대우트럼프월드수성건너,14467,2041
2014-08-01,대우트럼프월드수성앞,3624,2014
2014-08-01,대원고등학교,4062,24496
2014-08-01,대원고등학교건너,2990,2794
2014-08-01,대원사건너(공산동),28,215
2014-08-01,대원사앞(공산동),50,4
2014-08-01,대원사입구,113,0
2014-08-01,대원유치원건너,6707,6590
2014-08-01,대원유치원앞,11048,626
2014-08-01,대일1리마을회관건너,211,37
2014-08-01,대일1리점촌마을,4,38
2014-08-01,대일아파트건너,11129,4366
2014-08-01,대일아파트앞,13901,2587
2014-08-01,대자연맨션,16285,493
2014-08-01,대자연맨션건너,2982,1407
2014-08-01,대중인벤트,215,41
2014-08-01,대진중고등학교건너,855,104
2014-08-01,대진중고등학교앞,512,88
2014-08-01,대천119안전센터건너,1341,9
2014-08-01,대천119안전센터앞,565,103
2014-08-01,대천교,3285,764
2014-08-01,대천초등학교건너,509,154
2014-08-01,대천초등학교앞,2507,103
2014-08-01,대청초등학교건너,162,770
2014-08-01,대청초등학교앞,13439,841
2014-08-01,대평2리,240,0
2014-08-01,대평교회앞,1,4
2014-08-01,대평리시장,16116,1046
2014-08-01,대평중학교건너,9650,1056
2014-08-01,대평중학교앞,5896,1430
2014-08-01,대홍철강,671,30
2014-08-01,대흥동건너,457,24
2014-08-01,대흥동앞,278,179
2014-08-01,덕곡(달구벌고교),626,8
2014-08-01,덕곡(대구선명학교),100,30
2014-08-01,덕곡삼거리1,45,168
2014-08-01,덕곡삼거리2,904,4
2014-08-01,덕산마을건너,0,3
2014-08-01,덕산마을앞,246,1
2014-08-01,덕원고등학교건너,4142,797
2014-08-01,덕원고등학교앞,492,882
2014-08-01,덕인초등학교건너,2610,683
2014-08-01,덕인초등학교앞,1920,427
2014-08-01,덕화중학교건너,10346,531
2014-08-01,덕화중학교앞,3880,3481
2014-08-01,덴티스앞,331,4
2014-08-01,도곡교1,130,416
2014-08-01,도곡교2,241,9
2014-08-01,도남동,273,0
2014-08-01,도남동(종점),35,2
2014-08-01,도남지,98,0
2014-08-01,도동교1,879,8
2014-08-01,도동교2,12,25
2014-08-01,도동서원,470,5
2014-08-01,도동청구타운건너,45,32
2014-08-01,도동청구타운앞,1462,211
2014-08-01,도시철도건설본부건너,1179,4428
2014-08-01,도시철도건설본부앞,29348,2083
2014-08-01,도시철도담티역(1번출구),33490,5825
2014-08-01,도시철도담티역(3번출구),27145,3865
2014-08-01,도시철도대구역,870,265
2014-08-01,도시철도수성구청역북편1,553,5977
2014-08-01,도시철도수성구청역북편2,2155,87
2014-08-01,도의리,188,68
2014-08-01,도평동입구1,823,134
2014-08-01,도평동입구2,269,199
2014-08-01,도평동행정복지센터1,3,14
2014-08-01,도평동행정복지센터2,163,3
2014-08-01,도학동,1344,15
2014-08-01,도학동1,36,74
2014-08-01,동곡1리2,240,0
2014-08-01,동곡1리3,62,0
2014-08-01,동곡리,148,2
2014-08-01,동곡초등학교건너,278,6
2014-08-01,동곡초등학교앞,22,49
2014-08-01,동곡치안센터앞,21,22
2014-08-01,동구시장건너,8383,1686
2014-08-01,동구시장앞,8258,1426
2014-08-01,동구청건너,72104,32211
2014-08-01,동구청앞,57583,10197
2014-08-01,동구청역(3번출구),8284,1679
2014-08-01,동구청역(4번출구),1961,637
2014-08-01,동대구LPG충전소건너,2212,165
2014-08-01,동대구LPG충전소앞,674,127
2014-08-01,동대구맨션,8267,7892
2014-08-01,동대구시장건너,13845,2362
2014-08-01,동대구시장앞,19481,5963
2014-08-01,동대구역,60935,15553
2014-08-01,동대구역건너,62425,18778
2014-08-01,동대구역복합환승센터건너,49996,5386
2014-08-01,동대구역복합환승센터앞,46322,20057
2014-08-01,동대구역수화물취급소건너,402,227
2014-08-01,동대구역수화물취급소앞,4151,254
2014-08-01,동대구역지하도1,5104,3226
2014-08-01,동대구역지하도2,870,1042
2014-08-01,동대구초등학교건너,1161,87
2014-08-01,동대구초등학교앞,856,234
2014-08-01,동도중학교건너,11132,1677
2014-08-01,동도중학교앞,15230,2374
2014-08-01,동문고등학교앞,805,238
2014-08-01,동문고등학교정문,755,162
2014-08-01,동변주공그린빌건너,2628,590
2014-08-01,동변주공그린빌앞,10978,309
2014-08-01,동부경찰서건너,1203,1166
2014-08-01,동부경찰서앞,8852,260
2014-08-01,동부고교건너,1470,736
2014-08-01,동부고교앞,7685,2340
2014-08-01,동부소방서건너,477,7835
2014-08-01,동부소방서앞,5904,484
2014-08-01,동부시외버스터미널(순환2번),2580,322
2014-08-01,동부중학교건너,4603,299
2014-08-01,동부중학교앞,2114,3711
2014-08-01,동북주유소건너,175,46
2014-08-01,동북주유소앞,6,53
2014-08-01,동산의료원앞1,34879,9153
2014-08-01,동산의료원앞2,15735,10717
2014-08-01,동서교회건너,2938,245
2014-08-01,동서교회앞,1390,999
2014-08-01,동서변리벤빌,10019,1045
2014-08-01,동서변월드메르디앙아파트,2910,928
2014-08-01,동서아파트건너,157,3
2014-08-01,동서아파트앞,3,22
2014-08-01,동서화성타운건너,31865,905
2014-08-01,동서화성타운앞,15389,3777
2014-08-01,동성에스티에스건너,112,35
2014-08-01,동성에스티에스앞,123,4
2014-08-01,동성초등학교건너,2866,7006
2014-08-01,동성초등학교앞,5533,2242
2014-08-01,동신초등학교건너,2860,1268
2014-08-01,동신초등학교앞,2426,2857
2014-08-01,동아백화점수성점건너,13947,8775
2014-08-01,동아백화점수성점앞,62641,1351
2014-08-01,동아수산냉동건너,572,438
2014-08-01,동아수산냉동앞,296,71
2014-08-01,동아스포츠센터(지산중학교앞),1765,868
2014-08-01,동아스포츠센터(지산초교앞),7977,330
2014-08-01,동아제약,600,92
2014-08-01,동아제약건너,2202,32
2014-08-01,동양맨션앞,3625,201
2014-08-01,동원약품,8743,1666
2014-08-01,동원초등학교건너,1149,627
2014-08-01,동원초등학교앞1,1347,544
2014-08-01,동원초등학교앞2,2139,443
2014-08-01,동인네거리1,1528,320
2014-08-01,동인네거리2,1519,927
2014-08-01,동인초등학교건너,13839,4569
2014-08-01,동인초등학교앞,9689,4100
2014-08-01,동인치안센터건너,19468,9333
2014-08-01,동인치안센터앞,10074,7538
2014-08-01,동일초등학교건너,1996,515
2014-08-01,동일초등학교앞,3097,985
2014-08-01,동천역1,421,83
2014-08-01,동천역2,1312,235
2014-08-01,동촌강나루아파트건너,2266,892
2014-08-01,동촌강나루아파트앞,3296,11213
2014-08-01,동촌역,619,194
2014-08-01,동촌역(구길),2149,207
2014-08-01,동촌역(신길)1,5582,1322
2014-08-01,동촌역(신길)2,3947,2402
2014-08-01,동촌유원지,644,249
2014-08-01,동촌유원지놀이동산앞,244,90
2014-08-01,동촌해성아파트건너,161,192
2014-08-01,동촌해성아파트앞,863,2177
2014-08-01,동촌화성타운건너,13444,921
2014-08-01,동촌화성타운앞,7516,1907
2014-08-01,동침산네거리,1700,1020
2014-08-01,동침산네거리2,27,156
2014-08-01,동호동건너(북구),968,138
2014-08-01,동호동앞(북구),101,92
2014-08-01,동호육교1,60,429
2014-08-01,동호육교2,8316,194
2014-08-01,동호초등학교건너,394,0
2014-08-01,동화골든빌(남편),5078,267
2014-08-01,동화골든빌(동편),1764,1735
2014-08-01,동화골든빌(북편),73,266
2014-08-01,동화골든빌건너(남편),10,251
2014-08-01,동화교1,67,198
2014-08-01,동화교2,3184,5
2014-08-01,동화사입구건너,5883,6
2014-08-01,동화사입구앞,110,378
2014-08-01,동화시설집단지구(종점)1,281,63
2014-08-01,동화시설집단지구(종점)2(대구시민안전테마파크),10598,279
2014-08-01,두류3동파출소건너,758,85
2014-08-01,두류3동파출소앞,459,363
2014-08-01,두류공원(야외음악당건너),1104,62
2014-08-01,두류공원(야외음악당앞),782,121
2014-08-01,두류공원네거리1,12775,2837
2014-08-01,두류공원네거리2,4730,3413
2014-08-01,두류도서관앞,8812,3969
2014-08-01,두류보성맨션건너,6197,346
2014-08-01,두류보성맨션앞,3277,3591
2014-08-01,두류수영장건너,21012,4833
2014-08-01,두류수영장앞,20666,3538
2014-08-01,두류역(달성고등학교건너),33855,7104
2014-08-01,두류역(달성고등학교앞),53726,17829
2014-08-01,두류정수사업소건너,17892,1418
2014-08-01,두류정수사업소앞,2438,7902
2014-08-01,두류파출소건너,486,127
2014-08-01,두류파출소앞,135,288
2014-08-01,두리봉네거리1,4648,18880
2014-08-01,두리봉네거리2,15311,2668
2014-08-01,두리봉터널입구,1267,409
2014-08-01,두리봉터널입구건너,4649,145
2014-08-01,두산동주민센터건너,16495,1808
2014-08-01,두산동주민센터앞,9340,2693
2014-08-01,두산스포츠건너,1212,264
2014-08-01,두성파크아파트건너,25501,4233
2014-08-01,두성파크아파트앞,9136,7067
2014-08-01,두천마을건너,64,0
2014-08-01,두천마을입구,0,2
2014-08-01,둔산동,736,0
2014-08-01,들안길1,1266,713
2014-08-01,들안길2,4607,398
2014-08-01,들안길네거리1,5157,180
2014-08-01,들안길네거리2,1091,1018
2014-08-01,들안길초등학교건너,4404,1134
2014-08-01,들안길초등학교앞,4701,2028
2014-08-01,들연경,3,2
2014-08-01,럭키아파트건너,250,322
2014-08-01,럭키아파트앞,2302,43
2014-08-01,롯데백화점상인점건너,11095,6551
2014-08-01,롯데캐슬그랜드,765,1304
2014-08-01,룸비니유치원건너,2418,158
2014-08-01,룸비니유치원앞,2048,259
2014-08-01,마비정벽화마을(종점),792,13
2014-08-01,만경관건너,13130,5715
2014-08-01,만경관앞,10622,4533
2014-08-01,만촌1동주민센터,3274,886
2014-08-01,만촌2동주민센터,14940,1128
2014-08-01,만촌3차화성파크드림건너,3296,221
2014-08-01,만촌그린빌라건너,824,100
2014-08-01,만촌역(1번출구),997,4347
2014-08-01,만촌우방1차건너,10419,280
2014-08-01,만촌우방1차앞,383,553
2014-08-01,만촌육교1,50664,4901
2014-08-01,만촌육교2,7877,11940
2014-08-01,만촌자전거경기장,123,90
2014-08-01,만촌천주교회앞,186,250
2014-08-01,만촌초등학교건너1,2329,673
2014-08-01,만촌초등학교건너2,3741,231
2014-08-01,만촌초등학교앞,2287,388
2014-08-01,만촌태왕리더스건너,1779,316
2014-08-01,만촌태왕리더스건너(남편),395,2988
2014-08-01,만촌태왕리더스북편,600,403
2014-08-01,만촌태왕리더스앞1,6098,10936
2014-08-01,만촌태왕리더스앞2,1932,177
2014-08-01,만촌화성파크스위트,1008,28
2014-08-01,만평네거리,7277,5357
2014-08-01,만평역(서대구고속버스터미널)1,9608,3114
2014-08-01,만평역(서대구고속버스터미널)2,7506,13666
2014-08-01,망우당공원(종점),253,39
2014-08-01,망우당공원건너,1364,755
2014-08-01,망우당공원앞,2889,3112
2014-08-01,매곡(종점),427,48
2014-08-01,매곡사거리1,580,581
2014-08-01,매곡사거리2,13633,480
2014-08-01,매곡정수사업소건너,500,8
2014-08-01,매곡정수사업소앞,7,24
2014-08-01,매곡초등학교건너,32,638
2014-08-01,매골1,29,86
2014-08-01,매골2,289,4
2014-08-01,매여동(동구)저탄장,792,97
2014-08-01,매일신문사건너,181,159
2014-08-01,매일신문사앞,1719,469
2014-08-01,매천고교,1458,121
2014-08-01,매천대교1,1223,168
2014-08-01,매천대교2,8,1
2014-08-01,매천성당건너1,3517,174
2014-08-01,매천성당건너2,491,102
2014-08-01,매천성당앞,5720,279
2014-08-01,매천수산시장건너,1514,145
2014-08-01,매천수산시장앞,1517,107
2014-08-01,매천시장지하차도,1464,271
2014-08-01,매천중고등학교건너,5751,3980
2014-08-01,매천중고등학교앞,9919,946
2014-08-01,매천초교(매천역)2,961,160
2014-08-01,매천화성파크드림,1240,51
2014-08-01,매천휴먼시아앞,895,103
2014-08-01,매호동서아파트앞,758,2
2014-08-01,매호성당건너,645,2
2014-08-01,메트로시티건너,3772,841
2014-08-01,메트로시티앞,1703,140
2014-08-01,메트로팔레스1,14410,1992
2014-08-01,메트로팔레스2,18470,915
2014-08-01,명곡1리입구1,13,2
2014-08-01,명곡1리입구2,13,18
2014-08-01,명곡리1,1816,511
2014-08-01,명곡리2,6522,595
2014-08-01,명곡미래빌1단지,2058,222
2014-08-01,명곡미래빌2단지건너,22,245
2014-08-01,명곡미래빌2단지앞,11843,1199
2014-08-01,명곡미래빌3단지건너,1760,937
2014-08-01,명곡미래빌3단지앞,4415,162
2014-08-01,명곡미래빌4단지,3332,193
2014-08-01,명곡미래빌5단지건너,5,97
2014-08-01,명곡미래빌5단지앞,5422,1191
2014-08-01,명곡지구앞,35,110
2014-08-01,명덕네거리1,36787,2666
2014-08-01,명덕네거리2,12498,18819
2014-08-01,명덕역(6번출구),40628,13532
2014-08-01,명덕역(7번출구),27895,5555
2014-08-01,명덕초등학교건너,18879,14554
2014-08-01,명덕초등학교앞,24916,5664
2014-08-01,명문세가APT건너,8241,1164
2014-08-01,명문세가APT앞,14048,2130
2014-08-01,명문오하임아파트건너,307,244
2014-08-01,명문오하임아파트앞,133,97
2014-08-01,명보약국건너,1854,998
2014-08-01,명보약국앞,2403,456
2014-08-01,명산교(명산화성타운건너),3254,187
2014-08-01,명성푸르지오건너,6307,1433
2014-08-01,명성푸르지오앞,28484,2227
2014-08-01,모개월앞,0,3
2014-08-01,모개월입구,4,0
2014-08-01,모다아울렛,138,17
2014-08-01,모다아울렛건너,14685,776
2014-08-01,모다아울렛앞,447,1538
2014-08-01,모래정마을건너,60,1
2014-08-01,모래정마을앞,0,4
2014-08-01,목단1리,90,1
2014-08-01,목단2리,79,0
2014-08-01,목단리,45,0
2014-08-01,묘1리,76,0
2014-08-01,묘2리(고려정밀),121,0
2014-08-01,묘2리(전마),150,1
2014-08-01,무궁화LPG충전소,9293,3386
2014-08-01,무궁화LPG충전소건너,3623,1029
2014-08-01,무궁화어린이공원입구,2114,270
2014-08-01,무궁화어린이공원입구건너,4449,2139
2014-08-01,무등1리2,160,0
2014-08-01,무등1리3,50,0
2014-08-01,무등2리,2,0
2014-08-01,무등2리입구건너,102,0
2014-08-01,무등보건진료소건너,26,1
2014-08-01,무등보건진료소앞,2,4
2014-08-01,무림제지건너,721,199
2014-08-01,무림제지앞1,743,292
2014-08-01,무림제지앞2,287,100
2014-08-01,무열대건너,4093,2285
2014-08-01,무열대앞,1327,406
2014-08-01,무태교,12,763
2014-08-01,무태네거리(시내방향),15352,4200
2014-08-01,무태네거리(시외방향),3963,2880
2014-08-01,무태새마을금고건너,1495,486
2014-08-01,무태새마을금고앞,5487,295
2014-08-01,무태조야동주민센터건너1,6663,192
2014-08-01,무태조야동주민센터건너2,5632,1117
2014-08-01,무태조야동주민센터앞1,1711,453
2014-08-01,무태조야동주민센터앞2,15160,995
2014-08-01,문성병원건너,11185,4401
2014-08-01,문성병원앞,18444,5316
2014-08-01,문양기지창건너,19,261
2014-08-01,문양기지창앞,140,24
2014-08-01,문양리(서부실),4,4
2014-08-01,문양리1,148,4
2014-08-01,문양리2,3,7
2014-08-01,문양리입구1,50,41
2014-08-01,문양리입구2,5,27
2014-08-01,문양역건너,7,665
2014-08-01,문양역앞,2379,866
2014-08-01,문주마을건너,176,2
2014-08-01,문주마을앞,31,8
2014-08-01,문화예술회관건너,11725,4882
2014-08-01,문화예술회관앞,10738,4297
2014-08-01,미8군후문건너,408,200
2014-08-01,미8군후문앞,1217,56
2014-08-01,미곡동1,255,310
2014-08-01,미곡동2,2351,78
2014-08-01,미대동1,2245,72
2014-08-01,미대동2,308,198
2014-08-01,미래아트빌앞,620,390
2014-08-01,미리내맨션건너,15908,458
2014-08-01,미리내맨션앞,4531,1438
2014-08-01,민들레아파트후문건너,4333,136
2014-08-01,민들레아파트후문앞,5614,75
2014-08-01,바른병원건너,275,153
2014-08-01,박곡리(시내방향),174,0
2014-08-01,박곡리(시외방향),60,0
2014-08-01,박석진교,0,16
2014-08-01,반고개(내당역4번출구),3799,2936
2014-08-01,반고개1,7361,3410
2014-08-01,반고개2,15542,5234
2014-08-01,반송4교건너,12,7
2014-08-01,반송4교앞,264,14
2014-08-01,반송리,370,2
2014-08-01,반야월모란1차아파트,4148,1997
2014-08-01,반야월시장1,6592,2598
2014-08-01,반야월시장2,9469,1283
2014-08-01,반야월역(국철)건너,4715,2727
2014-08-01,반야월역(국철)앞,7547,1496
2014-08-01,반야월역(도시철도1번출구),1365,243
2014-08-01,반야월역(도시철도2번출구),6177,215
2014-08-01,반야월역(도시철도3번출구),5093,2558
2014-08-01,반야월역(도시철도4번출구)1,5600,1848
2014-08-01,반야월역(도시철도4번출구)2,1910,1366
2014-08-01,반야월저탄장건너,5057,3411
2014-08-01,반야월저탄장앞,9525,1093
2014-08-01,반월당역(1번출구)1,36137,8737
2014-08-01,반월당역(1번출구)2,4971,4916
2014-08-01,반월당역(2번출구),64015,34900
2014-08-01,방공포병학교건너,2008,263
2014-08-01,방공포병학교앞,921,2544
2014-08-01,방짜유기박물관건너,892,12
2014-08-01,방짜유기박물관앞,48,106
2014-08-01,방천리1,112,10
2014-08-01,방천리2,478,106
2014-08-01,방천시장(김광석길)건너,17150,6399
2014-08-01,방천시장(김광석길)앞,14206,2678
2014-08-01,방촌1동,1218,2
2014-08-01,방촌건널목,87,1254
2014-08-01,방촌맨션앞,5073,1370
2014-08-01,방촌빌라,183,1033
2014-08-01,방촌시장건너,27713,3311
2014-08-01,방촌시장앞,16648,5777
2014-08-01,방촌역(1번출구),13252,5094
2014-08-01,방촌역(2번출구),11840,1121
2014-08-01,방촌치안센터건너,1492,1385
2014-08-01,방촌치안센터앞,5144,1583
2014-08-01,백사벌네거리1,2052,31
2014-08-01,백사벌네거리2,2649,1092
2014-08-01,백안교1,5,30
2014-08-01,백안교2,1372,86
2014-08-01,백안삼거리1,219,169
2014-08-01,백안삼거리2,3638,166
2014-08-01,백자맨션건너,332,762
2014-08-01,백자맨션앞,4502,1554
2014-08-01,범물1동주민센터건너,8011,1331
2014-08-01,범물1동주민센터앞,43222,1847
2014-08-01,범물2동주민센터건너,4534,586
2014-08-01,범물2동주민센터앞,13,281
2014-08-01,범물두성타운건너,397,21
2014-08-01,범물우방미진하이츠앞,5447,174
2014-08-01,범물청구맨션건너,688,2431
2014-08-01,범물청구맨션앞,42537,3508
2014-08-01,범물하이츠 건너,3387,3202
2014-08-01,범물하이츠앞,21132,202
2014-08-01,범물한라주택건너,25665,976
2014-08-01,범물한라주택앞,3097,5721
2014-08-01,범어2동1,189,2093
2014-08-01,범어2동2,1054,127
2014-08-01,범어4동주민센터건너,25546,6229
2014-08-01,범어4동주민센터앞,10389,9078
2014-08-01,범어쌍용예가건너,7775,7140
2014-08-01,범어쌍용예가앞,12288,2455
2014-08-01,범어역(1번출구),19753,2803
2014-08-01,범어역(2번출구),10906,4844
2014-08-01,법원건너,17312,13075
2014-08-01,법원앞,25811,5493
2014-08-01,법원어린이집,718,1219
2014-08-01,베어산업건너,684,1
2014-08-01,베어산업앞,33,18
2014-08-01,병무청중앙신체검사소,17,38
2014-08-01,보람타운건너,268,461
2014-08-01,보람타운앞,8083,2009
2014-08-01,보병50사단건너,3368,366
2014-08-01,보병50사단앞,1550,293
2014-08-01,보성기계건너,1708,182
2014-08-01,보성기계앞,18,114
2014-08-01,보성산호타운건너,4773,601
2014-08-01,보성산호타운앞,2733,1088
2014-08-01,보성서한타운앞,3935,932
2014-08-01,보성은하타운앞,2412,46
2014-08-01,보성화성타운건너,24542,2469
2014-08-01,보성화성타운앞,7192,5635
2014-08-01,보훈병원건너,16,22
2014-08-01,보훈병원앞,3530,110
2014-08-01,복음간호학원,7359,668
2014-08-01,복현네거리,6188,8735
2014-08-01,복현대백맨션건너,16911,1953
2014-08-01,복현대백맨션앞,3464,3026
2014-08-01,복현서한2차아파트,2721,3228
2014-08-01,복현성모약국앞,2407,951
2014-08-01,복현오거리1,46319,8815
2014-08-01,복현오거리2,12161,3756
2014-08-01,복현오거리3,273,220
2014-08-01,복현우방아파트,8373,1751
2014-08-01,복현우체국건너,44062,4647
2014-08-01,복현우체국앞,7903,6696
2014-08-01,복현장미맨션앞,2004,968
2014-08-01,복현푸르지오아파트건너,13546,1190
2014-08-01,복현현대맨션건너,2756,56
2014-08-01,복현현대맨션앞,700,241
2014-08-01,본동시장건너,7844,790
2014-08-01,본동시장앞,1708,1653
2014-08-01,본리1리,198,38
2014-08-01,본리1리동회관건너,605,440
2014-08-01,본리1리동회관앞,40,54
2014-08-01,본리2,1580,202
2014-08-01,본리근린공원건너,1,1
2014-08-01,본리근린공원앞,0,1
2014-08-01,본리네거리,3004,412
2014-08-01,본리네거리2,8535,1388
2014-08-01,본리네거리3,1673,1177
2014-08-01,본리도서관앞,1869,361
2014-08-01,본리롯데캐슬,1993,200
2014-08-01,본리아카시아맨션,4274,1218
2014-08-01,본리지구건너,1238,531
2014-08-01,본리지구앞,7485,1157
2014-08-01,본리초등학교건너,9216,1750
2014-08-01,본리초등학교앞,6650,1653
2014-08-01,본리치안센터건너,3390,449
2014-08-01,본리치안센터앞,3748,1332
2014-08-01,본말(종점),58,0
2014-08-01,봉덕119안전센터건너,846,21
2014-08-01,봉덕119안전센터앞,549,164
2014-08-01,봉덕2동새마을금고건너,1338,282
2014-08-01,봉덕2동새마을금고앞,960,756
2014-08-01,봉덕교회건너,14240,2180
2014-08-01,봉덕교회앞,3352,1083
2014-08-01,봉덕변전소건너,2850,10
2014-08-01,봉덕변전소앞,2,51
2014-08-01,봉덕시장건너1,3815,1583
2014-08-01,봉덕시장건너2,645,349
2014-08-01,봉덕시장건너3,9442,656
2014-08-01,봉덕시장앞1,14175,1088
2014-08-01,봉덕시장앞2,4718,1994
2014-08-01,봉무공원건너,7379,1599
2014-08-01,봉무청구새들마을건너,17105,1495
2014-08-01,봉무청구새들마을앞,2308,652
2014-08-01,봉산가구골목(동편),3313,3111
2014-08-01,봉산가구골목(서편),2009,367
2014-08-01,봉산문화거리건너,23720,8010
2014-08-01,봉산문화거리앞,12525,3610
2014-08-01,봉산육거리,3142,367
2014-08-01,봉촌1리1,457,1
2014-08-01,봉촌1리2,6,26
2014-08-01,봉촌1리3,258,0
2014-08-01,봉촌2리,205,1
2014-08-01,봉촌낙동길입구,312,1
2014-08-01,봉촌낙동길입구건너,22,39
2014-08-01,봉촌리,245,1
2014-08-01,부곡리,9,4
2014-08-01,부곡리건너,88,99
2014-08-01,부남교앞,524,2
2014-08-01,부동,1027,41
2014-08-01,부동(종점),38,1
2014-08-01,부동농협,370,1
2014-08-01,부동삼거리,1,2
2014-08-01,부영3단지,2514,1514
2014-08-01,부영5단지,1857,413
2014-08-01,부영7단지건너,573,2
2014-08-01,부영7단지앞,17,54
2014-08-01,부인사건너,104,31
2014-08-01,부인사앞,38,0
2014-08-01,북구구민운동장건너,6736,975
2014-08-01,북구구민운동장앞,1959,1482
2014-08-01,북구보건소건너,3542,1575
2014-08-01,북구보건소앞,8073,341
2014-08-01,북구선거관리위원회건너,5396,470
2014-08-01,북구선거관리위원회앞,7297,2835
2014-08-01,북구어울아트센터앞,123,87
2014-08-01,북구청건너,12227,3882
2014-08-01,북구청네거리1,1858,1757
2014-08-01,북구청네거리2,2527,288
2014-08-01,북구청앞,11253,1520
2014-08-01,북구청역(3번출구),12582,3810
2014-08-01,북구청역(4번출구),5016,2306
2014-08-01,북대구세무서건너,7798,693
2014-08-01,북대구세무서앞,4096,900
2014-08-01,북대구초등학교건너,2062,72
2014-08-01,북대구초등학교앞,680,152
2014-08-01,북동초등학교건너,1261,708
2014-08-01,북동초등학교앞,4396,54
2014-08-01,북리1,3044,1354
2014-08-01,북리2,20672,328
2014-08-01,북부경찰서건너,2016,858
2014-08-01,북부상수도사업소,155,900
2014-08-01,북부정류장,84473,15987
2014-08-01,북부정류장건너,38091,12777
2014-08-01,북비산네거리1,8003,4839
2014-08-01,북비산네거리2,9062,1549
2014-08-01,북중학교앞,2697,801
2014-08-01,북침산치안센터건너,7014,1574
2014-08-01,북침산치안센터앞,6396,2544
2014-08-01,불교한방병원건너1,429,199
2014-08-01,불교한방병원건너2,2059,239
2014-08-01,불교한방병원앞1,2229,148
2014-08-01,불교한방병원앞2,2965,396
2014-08-01,불로삼거리,1082,11613
2014-08-01,불로우방아파트건너,7175,2172
2014-08-01,불로우방아파트앞,7841,4487
2014-08-01,불로전통시장건너,38649,3772
2014-08-01,불로전통시장앞,16181,6498
2014-08-01,불로천주교회건너,11529,3002
2014-08-01,불로천주교회앞,19616,4446
2014-08-01,불로화훼단지건너,17,344
2014-08-01,불로화훼단지앞,538,756
2014-08-01,비산5동주민센터,4,0
2014-08-01,비산6동주민센터건너,473,875
2014-08-01,비산6동주민센터앞,462,21
2014-08-01,비산7동우체국건너,3184,4097
2014-08-01,비산7동우체국앞1,11309,3696
2014-08-01,비산7동우체국앞2,7132,2262
2014-08-01,비산웰빙하와이건너,2057,61
2014-08-01,비산웰빙하와이앞,1508,99
2014-08-01,비산지하도1,8970,5380
2014-08-01,비산지하도2,19387,4287
2014-08-01,비산초등학교건너,10029,996
2014-08-01,비산초등학교앞,14491,1697
2014-08-01,비슬산휴양림주차장,19,1
2014-08-01,비원지구대건너,5249,405
2014-08-01,비원지구대앞,603,1501
2014-08-01,비철금속협업단지앞,5866,519
2014-08-01,사복동입구교차로,324,1418
2014-08-01,사복동입구교차로건너,46,443
2014-08-01,사월동(종점),806,37
2014-08-01,사월보성2차건너,63,139
2014-08-01,사월보성2차앞,2291,118
2014-08-01,사월역(2번출구),17371,2721
2014-08-01,사월역(4번출구),17808,9734
2014-08-01,사창마을건너,2,2
2014-08-01,사창마을앞,22,1
2014-08-01,산격4동주민센터건너,801,205
2014-08-01,산격4동주민센터앞,5226,617
2014-08-01,산격거평타운건너,1107,2626
2014-08-01,산격거평타운앞,1638,2552
2014-08-01,산격대우아파트앞,57054,7655
2014-08-01,산격문화회관건너,8474,737
2014-08-01,산격문화회관앞,2925,1578
2014-08-01,산격종합시장앞,54124,16146
2014-08-01,산격주공아파트건너,3882,4750
2014-08-01,산격주공아파트앞,24003,2616
2014-08-01,산격중학교건너,8217,12102
2014-08-01,산격중학교앞,9436,1595
2014-08-01,산격청구맨션앞,5908,3145
2014-08-01,산격초등학교건너,10541,582
2014-08-01,산격초등학교앞,9029,778
2014-08-01,산림조합중앙회건너,1721,1900
2014-08-01,산림조합중앙회앞,1388,539
2014-08-01,산업용재관,4102,1942
2014-08-01,삼덕교회,6812,5838
2014-08-01,삼덕동1,257,317
2014-08-01,삼덕동2,191,57
2014-08-01,삼덕성당앞,8469,989
2014-08-01,삼리1리1,6,25
2014-08-01,삼리1리2,594,208
2014-08-01,삼리리1(논공),18,22
2014-08-01,삼리리2(논공),136,86
2014-08-01,삼보,816,123
2014-08-01,삼산리(범동교),30,32
2014-08-01,삼산리(삼산교회건너),198,3
2014-08-01,삼산리(삼산교회앞),3310,203
2014-08-01,삼산리(은지가든),1,23
2014-08-01,삼산리입구건너,416,3
2014-08-01,삼산리입구앞,7,120
2014-08-01,삼산지,4,0
2014-08-01,삼성공원아파트건너,236,187
2014-08-01,삼성래미안1차건너,5017,2180
2014-08-01,삼성래미안1차앞,4357,468
2014-08-01,삼성래미안2차건너,3743,700
2014-08-01,삼성래미안2차앞,3701,1564
2014-08-01,삼성명가타운,3780,1228
2014-08-01,삼성명가타운건너,973,445
2014-08-01,삼성물류센터앞,166,1031
2014-08-01,삼성한국형아파트건너,1113,48
2014-08-01,삼성한국형아파트앞,916,733
2014-08-01,삼우섬유앞,282,10
2014-08-01,삼육구가든건너,397,20
2014-08-01,삼육구가든앞,95,0
2014-08-01,삼익THK건너,196,30
2014-08-01,삼익THK앞,232,31
2014-08-01,삼익뉴타운건너,6852,2160
2014-08-01,삼익뉴타운앞,11811,713
2014-08-01,삼정빌딩앞,883,228
2014-08-01,삼호아파트건너,719,177
2014-08-01,삼호아파트앞,1188,1079
2014-08-01,삼환맨션,395,91
2014-08-01,상공회의소건너,3840,1527
2014-08-01,상공회의소앞,5389,897
2014-08-01,상당마을,83,2
2014-08-01,상동가압장건너,1547,98
2014-08-01,상동교1,156,96
2014-08-01,상동교2,1060,575
2014-08-01,상동네거리,3784,1642
2014-08-01,상동마을(둔산길),797,6
2014-08-01,상동시장앞,1797,497
2014-08-01,상동우체국건너,6213,1957
2014-08-01,상동우체국앞,21645,3298
2014-08-01,상동천주교회건너,293,410
2014-08-01,상동천주교회앞,1850,2345
2014-08-01,상록아파트,707,43
2014-08-01,상리공단,1699,138
2014-08-01,상리공단건너,990,587
2014-08-01,상리동입구,1391,78
2014-08-01,상리동입구1,0,117
2014-08-01,상리동입구2,3474,13
2014-08-01,상리동종점,2,30
2014-08-01,상리동종점2,1013,1
2014-08-01,상리동종점3,2609,150
2014-08-01,상리마을건너,1,12
2014-08-01,상리마을앞,37,11
2014-08-01,상리지하도1,2314,76
2014-08-01,상리지하도2,1677,43
2014-08-01,상매동(저탄장),9,7
2014-08-01,상서고등학교건너,1563,106
2014-08-01,상서고등학교앞,940,193
2014-08-01,상수도사업본부,7063,3380
2014-08-01,상수도사업본부건너,7701,12978
2014-08-01,상수도사업본부시설관리소건너,8958,1438
2014-08-01,상수도사업본부시설관리소앞,1701,1219
2014-08-01,상수도중남부사업소건너,1699,616
2014-08-01,상수도중남부사업소앞,314,151
2014-08-01,상원리(마을회관),13,0
2014-08-01,상원리(전평못식당),1,0
2014-08-01,상인2동주민센터건너,6024,409
2014-08-01,상인동서타운앞,17759,2862
2014-08-01,상인동화아이위시아파트건너,20372,1516
2014-08-01,상인동화아이위시아파트앞,2686,1574
2014-08-01,상인비둘기1단지아파트건너,3878,660
2014-08-01,상인비둘기1단지아파트앞,15998,763
2014-08-01,상인비둘기2단지아파트앞,15011,1213
2014-08-01,상인삼미타운건너,2447,11790
2014-08-01,상인삼미타운앞,5614,538
2014-08-01,상인역e-편한세상앞,7135,19604
2014-08-01,상인우방아파트,12889,29713
2014-08-01,상인은행아파트건너,6472,1524
2014-08-01,상인은행아파트앞,7156,1041
2014-08-01,상인자이앞,6647,2560
2014-08-01,상인장미아파트앞,11034,1030
2014-08-01,상인제림아파트건너,2523,397
2014-08-01,상인제림아파트앞,1267,924
2014-08-01,상인청구타운건너,3242,218
2014-08-01,상인청구타운앞,1392,259
2014-08-01,상인초등학교앞,3186,2525
2014-08-01,상인한서타운앞,3752,903
2014-08-01,상인현대맨션건너,76221,4002
2014-08-01,상인현대맨션앞,22993,32215
2014-08-01,상인화성파크드림건너,955,713
2014-08-01,상인화성파크드림앞,1239,142
2014-08-01,상화네거리,176,983
2014-08-01,새길시장건너,11189,6533
2014-08-01,새길시장앞,33354,4071
2014-08-01,새동네아파트건너,26,4
2014-08-01,새동네아파트앞,494,1536
2014-08-01,새마을건너,3,26
2014-08-01,새범어아파트건너,1387,300
2014-08-01,새범어아파트앞,1855,180
2014-08-01,새본리중학교앞,1360,358
2014-08-01,샤니삼거리1,206,0
2014-08-01,샤니삼거리2,0,4
2014-08-01,서구문화회관건너,3070,873
2014-08-01,서구문화회관앞,8282,1752
2014-08-01,서구시장건너,19701,5939
2014-08-01,서구시장앞,15323,4827
2014-08-01,서구제일사회복지관건너,1267,2338
2014-08-01,서구제일사회복지관앞,4597,412
2014-08-01,서구청건너,44865,6187
2014-08-01,서구청앞,44800,6781
2014-08-01,서남시장건너,26114,18457
2014-08-01,서남시장앞1,30750,6161
2014-08-01,서남시장앞2,13748,2687
2014-08-01,서당마을건너,894,93
2014-08-01,서당마을앞,18,29
2014-08-01,서대구고속버스터미널,228,1470
2014-08-01,서대구공단네거리1,770,58
2014-08-01,서대구공단네거리2,401,74
2014-08-01,서대구공단네거리3,2399,281
2014-08-01,서대구공단네거리4,4196,1352
2014-08-01,서대구세무서,10139,21372
2014-08-01,서대구시장건너,11043,5099
2014-08-01,서대구시장앞,12230,4608
2014-08-01,서대구초등학교입구,20262,7791
2014-08-01,서대명지구대건너,6383,1617
2014-08-01,서대명지구대앞,2425,820
2014-08-01,서도초등학교건너,2725,1577
2014-08-01,서도초등학교서편1,3,0
2014-08-01,서도초등학교서편2,88,241
2014-08-01,서도초등학교앞,8924,810
2014-08-01,서문시장,66746,9426
2014-08-01,서문시장5지구앞,1493,941
2014-08-01,서변동영남네오빌건너,4582,272
2014-08-01,서변동영남네오빌앞,4056,400
2014-08-01,서부고등학교건너,2155,455
2014-08-01,서부고등학교앞,3777,101
2014-08-01,서부공업고등학교건너,9670,9773
2014-08-01,서부공업고등학교앞,25888,1481
2014-08-01,서부소방서,2,57
2014-08-01,서부시장건너,25299,10699
2014-08-01,서부시장앞,21218,4936
2014-08-01,서부정류장(관문시장건너),91848,16089
2014-08-01,서부정류장(관문시장앞),35750,9828
2014-08-01,서부정류장1,75779,10231
2014-08-01,서부정류장2,5988,1665
2014-08-01,서부정류장3(성당못역1번출구),23798,29922
2014-08-01,서부정류장4(성당못역1번출구),2409,1283
2014-08-01,서부중학교앞,8299,6001
2014-08-01,서영기공건너,389,0
2014-08-01,서영기공앞,1,35
2014-08-01,서재금봉타운,188,963
2014-08-01,서재금봉타운건너,24970,94
2014-08-01,서재들,17,2
2014-08-01,서재들건너,28,8
2014-08-01,서재보성타운건너,19099,129
2014-08-01,서재보성타운앞,125,227
2014-08-01,서진중학교건너,627,525
2014-08-01,서평초등학교,2698,1232
2014-08-01,서평초등학교건너,2233,363
2014-08-01,선녀곡건너(옥포),211,76
2014-08-01,선녀곡앞(옥포),41,282
2014-08-01,설티고개(달성공단방면),2,12
2014-08-01,설티고개(옥포방면),90,0
2014-08-01,설화동(종점),239,23
2014-08-01,설화리(시내방향),13156,926
2014-08-01,설화리(시외방향),784,830
2014-08-01,설화명곡역(4번출구),12,96
2014-08-01,섬뜸마을,610,1
2014-08-01,섬유회관건너1,52270,16538
2014-08-01,섬유회관건너2,9613,3151
2014-08-01,섬유회관앞,62839,19720
2014-08-01,성곡중학교건너,1311,466
2014-08-01,성곡중학교앞,1423,56
2014-08-01,성광고등학교건너,12120,3169
2014-08-01,성광고등학교앞,376,846
2014-08-01,성남초등학교건너,1161,1860
2014-08-01,성남초등학교앞,5083,306
2014-08-01,성내3동주민센터입구,1186,1576
2014-08-01,성당두산위브앞,22419,1720
2014-08-01,성당래미안·e-편한세상앞,10399,2870
2014-08-01,성당못역북편1,821,973
2014-08-01,성당못역북편2,2147,251
2014-08-01,성당보성아파트건너,26169,6331
2014-08-01,성당보성아파트앞,12138,3418
2014-08-01,성당시장건너,28086,5097
2014-08-01,성당시장앞1,5211,615
2014-08-01,성당시장앞2,33384,3222
2014-08-01,성당초교앞,890,317
2014-08-01,성당코오롱하늘채,7890,1309
2014-08-01,성당코오롱하늘채2,12374,6278
2014-08-01,성당포스코더샵건너,5155,1593
2014-08-01,성당포스코더샵앞,13388,975
2014-08-01,성동건너,206,271
2014-08-01,성동마을건너,107,85
2014-08-01,성동마을앞,407,8
2014-08-01,성동앞,109,68
2014-08-01,성동초등학교건너,10290,2071
2014-08-01,성동초등학교앞,17041,1583
2014-08-01,성동탱자나무마을건너,19,35
2014-08-01,성동탱자나무마을앞,86,38
2014-08-01,성림첨단산업건너,91,11
2014-08-01,성림첨단산업앞,283,2
2014-08-01,성명119안전센터건너1,4288,3924
2014-08-01,성명119안전센터앞,2308,285
2014-08-01,성명여자중학교,352,228
2014-08-01,성모여성병원건너,31846,4248
2014-08-01,성모여성병원앞,31959,17459
2014-08-01,성보교통,1154,69
2014-08-01,성북교1,11598,1848
2014-08-01,성북교2,7495,3443
2014-08-01,성북시장건너,2678,808
2014-08-01,성북시장앞,9782,2697
2014-08-01,성산3동,11,23
2014-08-01,성산리1,58,38
2014-08-01,성산리2,693,113
2014-08-01,성산중학교앞,1725,213
2014-08-01,성산초등학교앞,476,122
2014-08-01,성서119안전센터건너,59,2832
2014-08-01,성서119안전센터앞,15291,114
2014-08-01,성서4차산업단지앞1,368,60
2014-08-01,성서4차산업단지앞2,141,22
2014-08-01,성서공단물류센터,541,2
2014-08-01,성서농협남부지소,10809,3080
2014-08-01,성서동서서한타운건너,3667,456
2014-08-01,성서동서서한타운앞,5605,308
2014-08-01,성서보성타운2차건너1,267,544
2014-08-01,성서보성타운2차건너2,1164,105
2014-08-01,성서보성타운2차앞,8240,1536
2014-08-01,성서산업단지역(1번출구),4931,2431
2014-08-01,성서산업단지역(2번출구),10465,1287
2014-08-01,성서서한2차타운1,8657,346
2014-08-01,성서서한2차타운2,256,736
2014-08-01,성서우방2차아파트,1558,410
2014-08-01,성서우방타운건너,18987,3109
2014-08-01,성서우방타운앞,13151,2327
2014-08-01,성서우체국건너,1956,324
2014-08-01,성서우체국앞,511,1191
2014-08-01,성서종합시장건너,19229,6105
2014-08-01,성서종합시장앞,43459,5217
2014-08-01,성서주공1단지건너,9554,1027
2014-08-01,성서주공1단지앞,2103,1822
2014-08-01,성서주공2단지건너,13248,6092
2014-08-01,성서주공2단지앞,32047,2249
2014-08-01,성서주공5단지앞,468,213
2014-08-01,성서청구타운건너,8699,1626
2014-08-01,성서청구타운앞,5744,532
2014-08-01,성서초등학교건너,4813,1217
2014-08-01,성서초등학교앞,63,498
2014-08-01,성서푸른마을아파트건너,10468,991
2014-08-01,성서푸른마을아파트앞,2028,992
2014-08-01,성서한샘타운앞,1832,104
2014-08-01,성서협업단지건너,105,5
2014-08-01,성서협업단지앞,21,16
2014-08-01,성요셉요양병원건너,141,581
2014-08-01,성요셉요양병원앞,1841,139
2014-08-01,성원아파트건너,1512,262
2014-08-01,성원아파트앞,6870,490
2014-08-01,성주사건너,140,22
2014-08-01,성주사앞,9,114
2014-08-01,성지중학교건너,4578,967
2014-08-01,성지중학교앞,6690,5193
2014-08-01,성하리,22,673
2014-08-01,성화여고건너,10501,555
2014-08-01,성화여고앞,4943,3369
2014-08-01,세강병원앞,6731,20919
2014-08-01,세원정공건너,10612,478
2014-08-01,세원정공앞,1613,3207
2014-08-01,세천고개1,391,13
2014-08-01,세천고개2,250,36
2014-08-01,세천리2,376,12
2014-08-01,세천리3,652,27
2014-08-01,세하건너,2,16
2014-08-01,세하앞,17,10
2014-08-01,세흥인쇄,680,98
2014-08-01,소선여중건너,3053,3950
2014-08-01,소선여중앞,99,395
2014-08-01,솔렌스힐건너,5451,849
2014-08-01,솔렌스힐앞,1823,351
2014-08-01,솔밭기세길건너,3,15
2014-08-01,솔밭기세길입구,244,0
2014-08-01,솔비식당입구,33,2
2014-08-01,솔비식당입구맞은편,771,67
2014-08-01,송원맨션건너,11210,953
2014-08-01,송원맨션앞,3425,993
2014-08-01,송정1동,0,4
2014-08-01,송정동1,55,15
2014-08-01,송정동2,28,0
2014-08-01,송정동3,45,2
2014-08-01,송정동4,56,39
2014-08-01,송정마을1,4,31
2014-08-01,송정마을2,131,0
2014-08-01,송정삼거리1,266,223
2014-08-01,송정삼거리2,150,479
2014-08-01,송정삼거리3,4726,1256
2014-08-01,송정삼거리4,4272,1081
2014-08-01,송해공원,5,2
2014-08-01,송현1동치안센터건너,7131,1440
2014-08-01,송현2동주민센터건너,714,228
2014-08-01,송현공원건너,617,192
2014-08-01,송현공원앞,539,733
2014-08-01,송현교,1193,80
2014-08-01,송현교2,163,54
2014-08-01,송현여중고교건너,3134,713
2014-08-01,송현여중고교앞,4169,3421
2014-08-01,송현역(1번출구),11904,2087
2014-08-01,송현역(2번출구),16921,3081
2014-08-01,송현역(3번출구),17726,13269
2014-08-01,송현역(4번출구),7159,3936
2014-08-01,송현제림타운건너,5377,8811
2014-08-01,송현제림타운앞,3486,632
2014-08-01,송현초등학교건너,3673,872
2014-08-01,송현초등학교앞,9050,267
2014-08-01,수리리,103,29
2014-08-01,수성4가동주민센터앞,649,117
2014-08-01,수성경찰서건너,25435,6911
2014-08-01,수성경찰서앞,17500,10054
2014-08-01,수성고등학교건너,4692,647
2014-08-01,수성고등학교앞,3644,489
2014-08-01,수성관광호텔건너,2642,387
2014-08-01,수성관광호텔앞,2529,353
2014-08-01,수성교1,8158,4840
2014-08-01,수성교2,7247,3381
2014-08-01,수성구민운동장건너,7739,2102
2014-08-01,수성구민운동장앞,5899,10557
2014-08-01,수성구보건소건너,24986,2191
2014-08-01,수성구보건소앞,10543,3612
2014-08-01,수성구청건너,27406,10262
2014-08-01,수성구청앞,25874,6997
2014-08-01,수성네거리1,15710,6319
2014-08-01,수성네거리2,12753,2628
2014-08-01,수성대학교건너,33287,8057
2014-08-01,수성대학교앞,16547,13194
2014-08-01,수성도서관건너,14066,2017
2014-08-01,수성도서관앞,6344,2783
2014-08-01,수성동삼익맨션앞,5,0
2014-08-01,수성동일하이빌앞,863,81
2014-08-01,수성랜드1,3582,226
2014-08-01,수성랜드2,1239,3039
2014-08-01,수성랜드건너,1806,684
2014-08-01,수성랜드건너2,575,620
2014-08-01,수성랜드앞,1293,1905
2014-08-01,수성롯데캐슬건너,13100,1915
2014-08-01,수성롯데캐슬앞,18205,4828
2014-08-01,수성못건너,1127,375
2014-08-01,수성못앞,1741,559
2014-08-01,수성못오거리1,12612,2508
2014-08-01,수성못오거리2,12220,2631
2014-08-01,수성못오거리5,730,423
2014-08-01,수성못코오롱하늘채,4560,3268
2014-08-01,수성소방서1,390,1138
2014-08-01,수성소방서2,194,1615
2014-08-01,수성시니어클럽건너,2134,2175
2014-08-01,수성시니어클럽앞,5346,1185
2014-08-01,수성시장건너,2609,1041
2014-08-01,수성시장네거리1,11586,1949
2014-08-01,수성시장네거리2,13471,5577
2014-08-01,수성시장앞,2604,757
2014-08-01,수성아트피아건너,6556,2911
2014-08-01,수성아트피아앞,4584,2410
2014-08-01,수성요양병원,447,88
2014-08-01,수성월드메르디앙건너,465,137
2014-08-01,수성월드메르디앙앞,1020,57
2014-08-01,수성초등학교,6503,2309
2014-08-01,수성태영데시앙건너,1491,558
2014-08-01,수성태영데시앙앞,4049,460
2014-08-01,수성하이츠,2680,155
2014-08-01,수정맨션앞,1781,150
2014-08-01,수창초등학교,618,3779
2014-08-01,수태골건너,4,4
2014-08-01,수태골앞,118,11
2014-08-01,스파밸리1,136,384
2014-08-01,스파밸리2,12935,50
2014-08-01,시립희망원,911,482
2014-08-01,시민교회건너,1087,93
2014-08-01,시민교회앞,619,446
2014-08-01,시민운동장(야구장건너),3382,477
2014-08-01,시민운동장(야구장앞),2850,542
2014-08-01,시민운동장(축구장건너),3761,3772
2014-08-01,시민운동장(축구장앞),4474,678
2014-08-01,시지(종점),1576,322
2014-08-01,시지대성유니드건너,690,51
2014-08-01,시지대성유니드앞,2155,1590
2014-08-01,시지보성아파트앞,23698,8609
2014-08-01,시지중학교,18306,898
2014-08-01,시지천마타운앞,4063,1328
2014-08-01,시청별관건너1,7990,2481
2014-08-01,시청별관건너2,5682,1129
2014-08-01,시청별관앞(구.경북도청),5240,4069
2014-08-01,신기리1,30,35
2014-08-01,신기리2,216,106
2014-08-01,신기역(화성타운건너),9118,1364
2014-08-01,신기역(화성타운앞),13171,1331
2014-08-01,신남역(1번출구),4278,1083
2014-08-01,신당동주민센터건너,1604,778
2014-08-01,신당동주민센터앞,9744,499
2014-08-01,신당리,1080,8
2014-08-01,신덕마을입구,374,155
2014-08-01,신도운수건너,1181,95
2014-08-01,신도운수앞,839,106
2014-08-01,신매광장건너,40930,7469
2014-08-01,신매광장앞,44663,7980
2014-08-01,신매시장,4578,10603
2014-08-01,신매초등학교건너,9033,1705
2014-08-01,신매초등학교앞,7616,1926
2014-08-01,신매태성아파트,85,511
2014-08-01,신매태성아파트건너,6266,1939
2014-08-01,신무동1,678,3
2014-08-01,신무동2,1,7
2014-08-01,신생원앞,3,0
2014-08-01,신서성당건너,4058,398
2014-08-01,신서성당앞,2,251
2014-08-01,신성에스앤티건너,514,46
2014-08-01,신성에스앤티앞,132,1
2014-08-01,신성중공업건너,6,85
2014-08-01,신성중공업앞,342,1
2014-08-01,신성초등학교건너,6953,7483
2014-08-01,신성초등학교앞,6545,1278
2014-08-01,신세계병원건너,21452,13112
2014-08-01,신세계병원앞,9458,9162
2014-08-01,신세계주유소건너,6961,313
2014-08-01,신세계주유소앞,897,1082
2014-08-01,신세월입구,25,0
2014-08-01,신신정비공장1,10112,5047
2014-08-01,신신정비공장2,28705,22932
2014-08-01,신암건영캐스빌건너,4207,624
2014-08-01,신암건영캐스빌앞,1595,90
2014-08-01,신암보성아파트건너,1446,499
2014-08-01,신암보성아파트앞,1187,969
2014-08-01,신암초등학교건너,4074,2425
2014-08-01,신천3동행정복지센터건너,3871,549
2014-08-01,신천3동행정복지센터앞,2027,2061
2014-08-01,신천3치안센터건너,3851,1342
2014-08-01,신천3치안센터앞,5074,3163
2014-08-01,신천LH아파트건너,8253,2043
2014-08-01,신천LH아파트앞,13981,4858
2014-08-01,신천교1,1941,788
2014-08-01,신천교2,1740,190
2014-08-01,신천시장건너,3034,564
2014-08-01,신천시장앞,3965,1298
2014-08-01,신천역(2번출구),4316,1617
2014-08-01,신천역(3번출구),2549,719
2014-08-01,신천역(4번출구),6536,1381
2014-08-01,신천역(5번출구),7881,1825
2014-08-01,신천초등학교건너,649,33
2014-08-01,신천초등학교앞,337,61
2014-08-01,신평동1,557,1330
2014-08-01,신평동2,1924,180
2014-08-01,신평리네거리1,21654,9233
2014-08-01,신평리네거리2,26867,9072
2014-08-01,신평리주유소건너,1728,204
2014-08-01,신평리주유소앞,589,334
2014-08-01,신흥버스,15499,2308
2014-08-01,실내체육관건너,3829,598
2014-08-01,실내체육관앞,4412,1434
2014-08-01,심신수련장입구건너,1106,264
2014-08-01,심신수련장입구앞,786,182
2014-08-01,심인고등학교건너,21548,2992
2014-08-01,심인고등학교앞,12427,2228
2014-08-01,쌍용머티리얼,1524,83
2014-08-01,아너스월성앞,3500,576
2014-08-01,아멕스,419,20
2014-08-01,아멕스건너,694,11
2014-08-01,아양교1,3332,1066
2014-08-01,아양교2,12671,13150
2014-08-01,아양교3,1059,21791
2014-08-01,아양교4,4200,877
2014-08-01,아양교역(1번출구),68734,64460
2014-08-01,아양교역(2번출구),78917,7690
2014-08-01,아양아트센터건너,4817,300
2014-08-01,아양아트센터앞,1612,316
2014-08-01,아주섬유건너,17,47
2014-08-01,아주섬유앞,129,0
2014-08-01,아주철강건너,155,9
2014-08-01,아주철강앞,119,13
2014-08-01,안심교(경산방향),130,83
2014-08-01,안심교(반야월방향),436,5305
2014-08-01,안심신우타운앞,1973,3356
2014-08-01,안심역(1번출구),1160,82
2014-08-01,안심역(4번출구),37149,355
2014-08-01,안심역(5번출구),4182,21815
2014-08-01,안심주공1단지건너,12782,1381
2014-08-01,안심주공1단지앞,5900,694
2014-08-01,안심주공2단지앞,462,1204
2014-08-01,안심중학교건너,1212,1664
2014-08-01,안심중학교앞,1565,778
2014-08-01,안심효성타운건너,11198,1576
2014-08-01,안심효성타운앞,22769,1820
2014-08-01,안지랑네거리1,23877,7891
2014-08-01,안지랑네거리2,27690,8016
2014-08-01,앞산공원,10575,2898
2014-08-01,앞산공원관리사무소건너,546,62
2014-08-01,앞산공원관리사무소앞,11,1209
2014-08-01,앞산궁도장건너,748,94
2014-08-01,앞산궁도장앞,471,51
2014-08-01,앞산별자리체험학습장1,3770,37
2014-08-01,앞산별자리체험학습장2,137,687
2014-08-01,앞산보성타운건너,50,36
2014-08-01,앞산보성타운앞,2765,5
2014-08-01,앞산빨래터공원,821,143
2014-08-01,앞산빨래터공원1,984,72
2014-08-01,앞산자락카페마실건너,59,179
2014-08-01,앞산자락카페마실앞,1189,438
2014-08-01,앞산청구제네스건너,6071,2168
2014-08-01,앞산청구제네스앞,14181,2010
2014-08-01,앞산힐스테이트건너,3030,518
2014-08-01,앞산힐스테이트앞,1118,330
2014-08-01,약령시건너(동성로입구),200106,32909
2014-08-01,약령시앞,150844,54258
2014-08-01,약령시입구,3309,1776
2014-08-01,약사회관건너,400,54
2014-08-01,약사회관앞,594,52
2014-08-01,약산온천입구,1032,215
2014-08-01,양지마을건너,210,282
2014-08-01,양지마을앞,4579,26
2014-08-01,어린이회관건너1,2746,4839
2014-08-01,어린이회관건너2,50,475
2014-08-01,어린이회관앞,6049,2929
2014-08-01,에이스이노텍건너,93,18
2014-08-01,에이스이노텍앞,462,249
2014-08-01,엑스코건너,3980,1163
2014-08-01,엑스코앞,12383,535
2014-08-01,엘디스리젠트호텔건너,5375,5008
2014-08-01,엘디스리젠트호텔앞,4624,6311
2014-08-01,여성메디파크,802,474
2014-08-01,역전시장건너,5372,1093
2014-08-01,역전시장앞,5540,895
2014-08-01,연경1,71,15
2014-08-01,연경2,346,1
2014-08-01,연암네거리1,16788,2976
2014-08-01,연암네거리2,3596,370
2014-08-01,연암네거리3,151,2187
2014-08-01,연젓마을건너,5,0
2014-08-01,연젓마을입구,1,2
2014-08-01,연호동,2,33
2014-08-01,연호동(종점),62,1
2014-08-01,연호동화훼단지1,3733,2718
2014-08-01,연호동화훼단지2,11973,688
2014-08-01,연호역(3번출구),76,19
2014-08-01,연호역(3번출구)건너,0,40
2014-08-01,연호지,326,510
2014-08-01,연호지건너,226,4934
2014-08-01,연화리1,6,4
2014-08-01,연화리2,0,121
2014-08-01,열병합발전소건너,2,0
2014-08-01,열병합발전소앞,3,1
2014-08-01,영남고등학교건너,17866,16851
2014-08-01,영남고등학교앞,35930,3185
2014-08-01,영남네오빌건너,1078,59
2014-08-01,영남네오빌비스타,1213,314
2014-08-01,영남네오빌앞,410,565
2014-08-01,영남농업연구소콩연구,2,6
2014-08-01,영남우방타운1차건너,3809,390
2014-08-01,영남우방타운1차앞,6193,286
2014-08-01,영남이공대학건너,13713,3044
2014-08-01,영남이공대학앞,24384,1251
2014-08-01,영남일보건너,3134,455
2014-08-01,영남종합전기,416,101
2014-08-01,영대병원역,38676,3509
2014-08-01,영대병원역(3번출구),32169,13090
2014-08-01,영일무역건너,371,7
2014-08-01,영일무역앞,75,75
2014-08-01,영조아파트건너,10,51
2014-08-01,영조아파트앞,2397,3
2014-08-01,영진고등학교건너,20941,2671
2014-08-01,영진고등학교앞,39068,15285
2014-08-01,영진교통(종점),279,5
2014-08-01,영진산업,306,4
2014-08-01,영진전문대학정문건너,9295,1749
2014-08-01,영진전문대학정문앞,16858,3631
2014-08-01,영진전문대학후문건너,24419,5157
2014-08-01,영진전문대학후문앞,36462,12565
2014-08-01,영화,586,81
2014-08-01,예현2리마을회관,393,0
2014-08-01,오뚜기물류센터,131,5
2014-08-01,오설리,6,1
2014-08-01,오성아파트,222,5041
2014-08-01,오페라삼정그린코아APT,18012,2727
2014-08-01,오페라하우스건너,1096,344
2014-08-01,오페라하우스앞,1059,370
2014-08-01,옥분리(구진터),121,0
2014-08-01,옥분리1,38,32
2014-08-01,옥분리마을회관앞,246,2
2014-08-01,옥산정미소,356,0
2014-08-01,옥연지,1,3
2014-08-01,옥연지건너,12,46
2014-08-01,옥포간경리1,1522,704
2014-08-01,옥포간경리2,8061,480
2014-08-01,옥포농협,269,22
2014-08-01,옥포농협강림지소건너,926,457
2014-08-01,옥포농협강림지소앞,5209,85
2014-08-01,옥포농협건너,4849,113
2014-08-01,옥포농협앞,984,183
2014-08-01,옥포무지개마을,3900,140
2014-08-01,옥포주유소앞,183,112
2014-08-01,옥포중앙교회앞,96,43
2014-08-01,옥포초등학교건너,806,551
2014-08-01,옥포초등학교앞,4248,614
2014-08-01,올림픽기념관건너,8062,3807
2014-08-01,올림픽기념관앞,13657,2256
2014-08-01,와룡공원건너,399,720
2014-08-01,와룡공원앞,862,131
2014-08-01,와룡시장,6817,316
2014-08-01,와룡시장건너,2281,551
2014-08-01,용계동1,18,20
2014-08-01,용계동2,634,548
2014-08-01,용계동3,2226,135
2014-08-01,용계동4,305,146
2014-08-01,용계삼거리1,9803,9420
2014-08-01,용계삼거리2,3165,2289
2014-08-01,용계삼거리3,606,501
2014-08-01,용계삼거리4,462,874
2014-08-01,용계역(1번출구),17778,3106
2014-08-01,용계역(2번출구),4605,916
2014-08-01,용금공단앞,1,2
2014-08-01,용산1동주민센터건너,7809,3151
2014-08-01,용산1동주민센터앞,3934,1491
2014-08-01,용산2동주민센터건너,4608,2319
2014-08-01,용산2동주민센터앞,32946,2521
2014-08-01,용산네거리1,25071,4532
2014-08-01,용산네거리2,55281,14814
2014-08-01,용산역,1395,102
2014-08-01,용산역(1번출구),1183,264
2014-08-01,용산역(2번출구),41252,5973
2014-08-01,용산종합큰시장건너,13216,828
2014-08-01,용산종합큰시장앞,6364,1765
2014-08-01,용수동1,2,1
2014-08-01,용수동2,137,0
2014-08-01,용연사,431,4
2014-08-01,용연사시설집단지구건너,129,0
2014-08-01,용연사시설집단지구앞,95,12
2014-08-01,우록리,3,0
2014-08-01,우록리(부곡장식당),0,9
2014-08-01,우록리(선흥사입구),10,23
2014-08-01,우록리(종점),14502,6313
2014-08-01,우방강촌마을건너,30579,1250
2014-08-01,우방강촌마을앞,11984,2143
2014-08-01,우방금탑아파트(서편),2438,6504
2014-08-01,우방드림시티건너,2497,4176
2014-08-01,우방드림시티앞,7759,1285
2014-08-01,우방만촌하이츠건너,4769,2231
2014-08-01,우방만촌하이츠앞,4423,3466
2014-08-01,우방송현하이츠,860,198
2014-08-01,우방송현하이츠건너,265,27
2014-08-01,우방신세계타운앞,18,0
2014-08-01,우방신천지타운건너,3398,414
2014-08-01,우방신천지타운앞,11951,2597
2014-08-01,우방아파트삼거리,231,285
2014-08-01,우방죽전타운건너,10560,3843
2014-08-01,우방죽전타운앞1,7050,896
2014-08-01,우방죽전타운앞2,2180,288
2014-08-01,우방청솔맨션건너,11917,2212
2014-08-01,우방청솔맨션앞,15100,16480
2014-08-01,욱수초등학교건너,5772,2460
2014-08-01,욱수초등학교앞,36548,1071
2014-08-01,운암지공원1,375,4
2014-08-01,운암지공원2,27,212
2014-08-01,운암초등학교건너,10777,773
2014-08-01,운암초등학교앞,10560,62
2014-08-01,웃갈미마을건너,198,12
2014-08-01,웃갈미마을앞,6,32
2014-08-01,웃는얼굴아트센터1,826,18
2014-08-01,웃는얼굴아트센터2,780,71
2014-08-01,원대네거리,836,159
2014-08-01,원대시장건너,20235,2572
2014-08-01,원대시장건너2,1681,558
2014-08-01,원대시장앞,13701,5565
2014-08-01,원대역1,12942,21342
2014-08-01,원대역2,18508,3051
2014-08-01,원대오거리북편1,2796,2285
2014-08-01,원대오거리북편2,659,297
2014-08-01,원불교앞,532,529
2014-08-01,월곡네거리,179,613
2014-08-01,월광수변공원,3970,222
2014-08-01,월드컵삼거리,656,201
2014-08-01,월드컵삼거리앞,527,927
2014-08-01,월배농협대덕지점건너,3477,488
2014-08-01,월배시장건너,14902,5264
2014-08-01,월배시장앞,16200,1829
2014-08-01,월배쌍용예가건너,1512,0
2014-08-01,월배쌍용예가앞,6,69
2014-08-01,월배역(3번출구),10388,8631
2014-08-01,월배역(4번출구),10410,3118
2014-08-01,월배이안아파트건너,73,0
2014-08-01,월배이안아파트앞,32,29
2014-08-01,월배중학교건너,1704,1589
2014-08-01,월배중학교앞,781,700
2014-08-01,월배차량기지건너,2,28
2014-08-01,월배차량기지앞,185,16
2014-08-01,월배초등학교건너,8780,3357
2014-08-01,월배힐스테이트건너,1675,39
2014-08-01,월배힐스테이트앞,2,87
2014-08-01,월성1동주민센터건너,7554,1616
2014-08-01,월성1동주민센터앞,4624,242
2014-08-01,월성2동주민센터건너,16267,1841
2014-08-01,월성2동주민센터앞,30477,2741
2014-08-01,월성e-편한세상건너,16448,2628
2014-08-01,월성e-편한세상앞,1461,2705
2014-08-01,월성영남맨션앞,850,388
2014-08-01,월성자이앞,155,407
2014-08-01,월성주공2단지앞,11712,1719
2014-08-01,월성주공3단지,1595,884
2014-08-01,월성주공4단지건너,37633,4122
2014-08-01,월성주공4단지앞1,2514,202
2014-08-01,월성주공4단지앞2,20155,3271
2014-08-01,월성주공5단지앞,7397,5225
2014-08-01,월성청구코아건너,23868,1856
2014-08-01,월성청구코아앞,17588,4564
2014-08-01,월성코오롱하늘채건너,335,100
2014-08-01,월성코오롱하늘채앞,3886,308
2014-08-01,월성푸르지오앞,18245,3020
2014-08-01,월암교1,888,7
2014-08-01,월암교2,243,42
2014-08-01,월촌고가교1,378,419
2014-08-01,월촌고가교2,2110,164
2014-08-01,월촌역(6번출구),19941,2029
2014-08-01,월촌역(7번출구),8108,3677
2014-08-01,월촌초등학교건너,1085,221
2014-08-01,월촌초등학교앞,1556,878
2014-08-01,위남마을입구,2627,513
2014-08-01,위천1리건너,334,30
2014-08-01,위천1리앞,1423,77
2014-08-01,위천삼거리(논공방향),347,53
2014-08-01,위천삼거리(현풍방향),185,116
2014-08-01,유가면사무소건너,11,8
2014-08-01,유가면사무소앞,6,1
2014-08-01,유가사(종점),217,6
2014-08-01,유가차천,1886,123
2014-08-01,유가차천1,311,408
2014-08-01,유곡리(회차지),60,6
2014-08-01,유니버시아드레포츠센터건너,3008,1216
2014-08-01,유니버시아드레포츠센터앞,1186,574
2014-08-01,유니버시아드선수촌2단지건너,12721,4573
2014-08-01,유니버시아드선수촌2단지앞,3283,712
2014-08-01,유림물산,1497,305
2014-08-01,유림한의원건너,767,264
2014-08-01,유산리,158,5
2014-08-01,유신섬유네거리1,745,94
2014-08-01,유신섬유네거리2,3125,46
2014-08-01,유천교(유천치안센터건너),9843,5926
2014-08-01,유천교(유천치안센터앞),19753,11197
2014-08-01,유천교1,10295,424
2014-08-01,유천교2,553,2480
2014-08-01,유천포스코건너,2454,131
2014-08-01,유천포스코앞,4201,5638
2014-08-01,유통단지회차지,600,115
2014-08-01,유통단지회차지2,2988,13
2014-08-01,육상진흥센터건너,226,77
2014-08-01,육상진흥센터앞,176,281
2014-08-01,육신사,122,3
2014-08-01,율원초등학교건너,3,1561
2014-08-01,율원초등학교앞,3749,132
2014-08-01,율하역,848,1771
2014-08-01,율하역(4번출구),11136,1931
2014-08-01,율하역(5번출구),10067,629
2014-08-01,율하휴먼시아15단지앞,7207,4594
2014-08-01,율하휴먼시아5단지건너,154,234
2014-08-01,율하휴먼시아5단지앞,2468,635
2014-08-01,율하휴먼시아6단지건너,1206,730
2014-08-01,율하휴먼시아6단지앞,11213,633
2014-08-01,율하휴먼시아8단지앞,9452,241
2014-08-01,율하휴먼시아9단지앞,1586,541
2014-08-01,은하타운건너,826,908
2014-08-01,은하타운앞,1192,2039
2014-08-01,은행APT입구,455,317
2014-08-01,읍내동주민센터건너,5688,1866
2014-08-01,읍내동주민센터앞,361,66
2014-08-01,응암1리1,70,22
2014-08-01,응암1리2,9,0
2014-08-01,응암2리,4,1
2014-08-01,응암2리건너,25,132
2014-08-01,응암2리앞,5,67
2014-08-01,응암3리2,10,1
2014-08-01,응암3리입구,3,2
2014-08-01,이곡1동주민센터건너,8460,615
2014-08-01,이곡1동주민센터앞,3380,2608
2014-08-01,이곡마을,261,10
2014-08-01,이곡양수장건너,43,62
2014-08-01,이곡양수장앞,140,505
2014-08-01,이곡장미공원건너,4204,796
2014-08-01,이곡장미공원앞,3789,831
2014-08-01,이마트경산점,8333,3154
2014-08-01,이마트반야월점건너,1246,175
2014-08-01,이마트반야월점앞,3015,609
2014-08-01,이마트시지점건너,3944,1210
2014-08-01,이마트시지점앞,419,444
2014-08-01,이마트월배점건너,372,2377
2014-08-01,이마트월배점앞,8088,873
2014-08-01,이마트칠성점앞,2124,1294
2014-08-01,이마트트레이더스건너,14217,2801
2014-08-01,이마트트레이더스앞,17509,4231
2014-08-01,이시아폴리스더샵1단지,38691,1254
2014-08-01,이시아폴리스더샵2단지,3484,872
2014-08-01,이월드(구.우방랜드)건너,1552,132
2014-08-01,이월드(구.우방랜드)앞,632,136
2014-08-01,이월드(구.우방랜드)정문,7733,5970
2014-08-01,이월드(구.우방랜드)후문건너,2812,1280
2014-08-01,이월드(구.우방랜드)후문앞,2214,336
2014-08-01,이천동,7,12
2014-08-01,이천동(종점),70,0
2014-08-01,이천리(시내방향),134,1
2014-08-01,이천리(시외방향),121,2
2014-08-01,이천새마을금고건너,9411,574
2014-08-01,이천치안센터건너,1628,2527
2014-08-01,이현삼거리1,81,111
2014-08-01,이현삼거리2,662,112
2014-08-01,이현삼거리3,3041,911
2014-08-01,이현자동차검사소건너,1598,361
2014-08-01,이현자동차검사소앞,726,75
2014-08-01,이현지구대건너,736,350
2014-08-01,이현지구대앞,477,146
2014-08-01,인동촌시장건너,2859,2202
2014-08-01,인동촌시장입구,12325,698
2014-08-01,인산마을건너,964,3
2014-08-01,인산마을앞,45,70
2014-08-01,인지초등학교입구,10,0
2014-08-01,인터불고호텔,759,61
2014-08-01,일심제약,126,26
2014-08-01,입석중학교건너,9650,2684
2014-08-01,입석중학교앞,4234,1654
2014-08-01,잉꼬아파트건너,789,167
2014-08-01,잉꼬아파트앞,1542,1238
2014-08-01,자모공원,42,1
2014-08-01,장관빌라건너,1409,97
2014-08-01,장관빌라앞,1022,106
2014-08-01,장기영남네오빌,67,23
2014-08-01,장기초등학교,1300,284
2014-08-01,장기초등학교1,0,36
2014-08-01,장기초등학교2,40,14
2014-08-01,장기초록나라건너,3169,3509
2014-08-01,장기초록나라앞,5590,460
2014-08-01,장기파랑새마을앞,48,60
2014-08-01,장동초등학교건너,3297,30
2014-08-01,장동초등학교앞,167,640
2014-08-01,장산초등학교건너,405,43
2014-08-01,장산초등학교앞,978,128
2014-08-01,장성초등학교건너,954,8313
2014-08-01,장성초등학교앞,434,1864
2014-08-01,장태실마을건너,478,175
2014-08-01,장태실마을앞,35,18
2014-08-01,적십자혈액원건너,3512,644
2014-08-01,적십자혈액원앞,2628,873
2014-08-01,전기안전공사건너,1398,1329
2014-08-01,전기안전공사앞,2597,337
2014-08-01,전기재료관1,413,495
2014-08-01,전기재료관2,124,232
2014-08-01,전자관,3609,985
2014-08-01,전자상가,10392,1648
2014-08-01,정대2리(마내미골)종점,7804,3871
2014-08-01,정대2리마을회관앞,10,6
2014-08-01,정대숲건너,0,2
2014-08-01,정동고등학교건너,4978,2026
2014-08-01,정동고등학교앞,10522,540
2014-08-01,정부대구지방합동청사건너,487,41
2014-08-01,정부대구지방합동청사앞,252,57
2014-08-01,정부대구지방합동청사후문1,1072,690
2014-08-01,정화우방팔레스,14296,5316
2014-08-01,정화우방팔레스건너,24862,2874
2014-08-01,제일규산,1015,22
2014-08-01,제일여자상업고등학교건너,17276,5815
2014-08-01,제일여자상업고등학교앞,20186,2636
2014-08-01,조달청건너,2961,1909
2014-08-01,조달청앞,7013,666
2014-08-01,조암네거리1,348,40
2014-08-01,조암네거리2,790,608
2014-08-01,조암초등학교건너,21,6
2014-08-01,조암초등학교앞,152,15
2014-08-01,조야동(종점),11149,564
2014-08-01,조야초등학교입구,5,0
2014-08-01,조일로봇고등학교(종점),5704,327
2014-08-01,주1리1,18,21
2014-08-01,주1리2,549,56
2014-08-01,주2리(최정사입구),4,26
2014-08-01,주2리1,223,1
2014-08-01,주리(삼진식당),1,23
2014-08-01,죽곡2지구1,10,3
2014-08-01,죽곡2지구2,7,67
2014-08-01,죽전119안전센터건너,3579,1894
2014-08-01,죽전119안전센터앞,5161,665
2014-08-01,죽전그린빌건너,3136,2618
2014-08-01,죽전그린빌앞,11688,1053
2014-08-01,죽전네거리1,34927,5201
2014-08-01,죽전네거리2,17638,7051
2014-08-01,중구보건소건너,3315,6043
2014-08-01,중구보건소앞,2177,1649
2014-08-01,중구청건너,25394,4174
2014-08-01,중구청앞,26953,13995
2014-08-01,중대1동회관앞,2560,4
2014-08-01,중동교1,3989,7084
2014-08-01,중동교2,1423,153
2014-08-01,중동네거리1,4670,1067
2014-08-01,중동네거리2,3287,5753
2014-08-01,중동서울아파트건너,274,134
2014-08-01,중동서울아파트앞,21,0
2014-08-01,중동시장건너,16224,5324
2014-08-01,중동시장앞,21042,1907
2014-08-01,중동주민센터건너,644,84
2014-08-01,중동주민센터앞,401,208
2014-08-01,중동치안센터건너,1516,175
2014-08-01,중동치안센터앞,505,142
2014-08-01,중리광명맨션건너,15829,1399
2014-08-01,중리광명맨션앞,8483,1823
2014-08-01,중리네거리1,5802,1491
2014-08-01,중리네거리2,5902,1274
2014-08-01,중리롯데캐슬건너,9859,5779
2014-08-01,중리롯데캐슬서편,4695,1453
2014-08-01,중리롯데캐슬앞,16201,1619
2014-08-01,중리롯데캐슬정문앞,597,77
2014-08-01,중리마을,2273,3
2014-08-01,중리삼거리1,17,144
2014-08-01,중리삼거리2,1254,5
2014-08-01,중리시장건너1,324,171
2014-08-01,중리시장건너2,591,191
2014-08-01,중리시장앞,6885,1023
2014-08-01,중리중학교,725,91
2014-08-01,중마을(갓바위방향),67,613
2014-08-01,중마을(시내방향),244,1
2014-08-01,중뫼마을건너,567,1
2014-08-01,중뫼마을앞,108,8
2014-08-01,중부소방서건너,1963,1352
2014-08-01,중부소방서앞,7888,1713
2014-08-01,중석타운건너,77,377
2014-08-01,중석타운앞,9093,136
2014-08-01,중소기업관건너,55,611
2014-08-01,중소기업관앞,1229,123
2014-08-01,중소기업지원센터,445,75
2014-08-01,중심마을,146,24
2014-08-01,중앙일보건너,1251,850
2014-08-01,중앙일보앞,4616,112
2014-08-01,지묘동1,3406,403
2014-08-01,지묘동2,9021,126
2014-08-01,지묘초등학교건너,7078,304
2014-08-01,지묘초등학교앞,741,163
2014-08-01,지산2길입구,259,4
2014-08-01,지산2길입구건너,150,3
2014-08-01,지산동서맨션건너,6677,1325
2014-08-01,지산동서맨션앞,18830,777
2014-08-01,지산목련아파트건너,23097,1382
2014-08-01,지산목련아파트앞,10844,2569
2014-08-01,지산시영아파트1단지건너,1928,1467
2014-08-01,지산시영아파트1단지앞,6625,234
2014-08-01,지산영남맨션앞,2763,1963
2014-08-01,지산우방아파트,5257,1173
2014-08-01,지산중학교입구,497,260
2014-08-01,지산청구타운건너,2288,2231
2014-08-01,지산청구타운앞,18907,665
2014-08-01,지산타운건너,26486,713
2014-08-01,지산타운앞,2606,6698
2014-08-01,지산한라타운건너,18783,432
2014-08-01,지산한라타운앞,3696,3490
2014-08-01,지산현대주택건너,4571,2151
2014-08-01,지산현대주택앞,15248,1859
2014-08-01,지산화성파크드림,1955,383
2014-08-01,지저동행정복지센터건너,19171,2370
2014-08-01,지저동행정복지센터앞,4902,986
2014-08-01,진달래아파트건너,7948,2572
2014-08-01,진달래아파트앞,13390,3816
2014-08-01,진월초등학교건너,1191,900
2014-08-01,진월초등학교앞,697,697
2014-08-01,진인동(양지마을)건너,8,13
2014-08-01,진인동(양지마을)앞,100,16
2014-08-01,진인동(진정마을)1,85,21
2014-08-01,진인동(진정마을)2,23,4
2014-08-01,진정마을1,1187,10
2014-08-01,진정마을2,53,15
2014-08-01,진천역(1번출구),35921,5591
2014-08-01,진천역(2번출구),20985,6955
2014-08-01,진천청구타운건너,1005,510
2014-08-01,진천청구타운앞,3063,316
2014-08-01,징리보건소,37,3
2014-08-01,차량등록사업소건너,520,762
2014-08-01,차량등록사업소앞,750,142
2014-08-01,창1리2,79,29
2014-08-01,천내영남맨션,7,0
2014-08-01,첨단의료산업진흥재단건너,280,47
2014-08-01,첨단의료산업진흥재단앞,11,127
2014-08-01,청구고등학교건너,15384,2078
2014-08-01,청구고등학교앞,23634,4502
2014-08-01,청구그린맨션1차건너,9704,2011
2014-08-01,청구그린맨션1차앞,14687,2446
2014-08-01,청구시장건너,6618,455
2014-08-01,청구시장건너2,440,235
2014-08-01,청구시장북편,2473,307
2014-08-01,청구시장북편건너,3381,402
2014-08-01,청구시장앞,6327,976
2014-08-01,청구중동아파트,357,672
2014-08-01,청구타운건너,1475,1371
2014-08-01,청구타운앞,1574,290
2014-08-01,청기와주유소건너,18614,3284
2014-08-01,청기와주유소앞,15322,2714
2014-08-01,청남타운건너,1392,113
2014-08-01,청남타운앞,364,517
2014-08-01,청백다례원,1292,1345
2014-08-01,청소년수련원건너,430,91
2014-08-01,청소년수련원앞,623,449
2014-08-01,청아람푸르지오2단지1,3,14
2014-08-01,청아람푸르지오2단지2,185,8
2014-08-01,청운맨션건너,1247,308
2014-08-01,청운맨션앞,902,641
2014-08-01,초곡리입구건너,20,11
2014-08-01,초곡리입구앞,41,12
2014-08-01,충혼탑건너,5088,67
2014-08-01,충혼탑앞,154,891
2014-08-01,측백수림건너,520,1
2014-08-01,측백수림앞,5,12
2014-08-01,칠곡2차영남타운건너,3728,444
2014-08-01,칠곡2차영남타운앞,4508,601
2014-08-01,칠곡3차보성타운1,1269,289
2014-08-01,칠곡3차보성타운2,8158,475
2014-08-01,칠곡3차화성타운1,5148,66
2014-08-01,칠곡3차화성타운2,8440,207
2014-08-01,칠곡3차화성타운3,32,271
2014-08-01,칠곡경대병원역,44,428
2014-08-01,칠곡경북대병원,944,198
2014-08-01,칠곡경북대병원정문건너,351,267
2014-08-01,칠곡경북대병원정문앞,4699,21
2014-08-01,칠곡경북대병원후문건너,4749,268
2014-08-01,칠곡경북대병원후문앞,322,1
2014-08-01,칠곡그린빌2차건너,9050,404
2014-08-01,칠곡그린빌2차앞,17675,1077
2014-08-01,칠곡그린빌3차건너,15223,342
2014-08-01,칠곡그린빌3차앞,391,1088
2014-08-01,칠곡그린빌5단지건너,2599,244
2014-08-01,칠곡그린빌5단지앞,2812,1252
2014-08-01,칠곡그린빌6단지건너,791,175
2014-08-01,칠곡그린빌6단지앞,207,39
2014-08-01,칠곡그린파크1,10466,2565
2014-08-01,칠곡그린파크2,23494,1141
2014-08-01,칠곡네스빌,145,191
2014-08-01,칠곡대백맨션건너,5621,50
2014-08-01,칠곡대백맨션앞,199,550
2014-08-01,칠곡동화아파트건너,3857,2045
2014-08-01,칠곡동화아파트앞,17450,1801
2014-08-01,칠곡롯데아파트건너,27,185
2014-08-01,칠곡롯데아파트앞,5545,33
2014-08-01,칠곡부영1단지,3435,272
2014-08-01,칠곡서한맨션,1138,8
2014-08-01,칠곡서한맨션앞,123,284
2014-08-01,칠곡시장건너,12545,856
2014-08-01,칠곡시장앞,2094,2131
2014-08-01,칠곡에덴타운건너,29034,8686
2014-08-01,칠곡에덴타운앞,25029,4004
2014-08-01,칠곡우방타운건너(종점),217,4
2014-08-01,칠곡우방타운건너(종점),2992,6
2014-08-01,칠곡우방타운앞(종점),1938,89
2014-08-01,칠곡주공그린빌1단지건너,2544,538
2014-08-01,칠곡주공그린빌1단지앞,9614,264
2014-08-01,칠곡중학교건너(칠곡향교건너),1554,562
2014-08-01,칠곡중학교앞(칠곡향교앞),18685,980
2014-08-01,칠곡청구타운건너,358,689
2014-08-01,칠곡청구타운앞,3634,168
2014-08-01,칠곡초등학교건너,127,509
2014-08-01,칠곡초등학교앞,1892,193
2014-08-01,칠곡한라타운건너,4778,50
2014-08-01,칠곡한라타운앞,44,468
2014-08-01,칠곡한서타운건너,10267,1153
2014-08-01,칠곡한신아파트건너,2248,330
2014-08-01,칠곡한신아파트앞1,8884,1021
2014-08-01,칠곡한신아파트앞2,852,167
2014-08-01,칠곡화성타운건너,8143,119
2014-08-01,칠곡화성타운앞1,7551,2265
2014-08-01,칠곡화성타운앞2,2920,647
2014-08-01,칠성고가도로하단,500,56
2014-08-01,칠성꽃도매시장건너,847,1298
2014-08-01,칠성꽃도매시장앞,1766,1845
2014-08-01,칠성시장(농협건너),119,156
2014-08-01,칠성시장(농협앞),1570,245
2014-08-01,칠성시장(양친회신협),5,63
2014-08-01,칠성시장(전자상가건너),6109,459
2014-08-01,칠성시장(전자상가앞),1731,934
2014-08-01,칠성시장건너,40032,20104
2014-08-01,칠성시장앞1,2984,5314
2014-08-01,칠성시장역(서문프라자건너),3906,5291
2014-08-01,칠성시장역(서문프라자앞),27041,2642
2014-08-01,칠성우방타운,628,212
2014-08-01,침산3동주민센터,12700,1319
2014-08-01,침산남영타운건너,3011,1887
2014-08-01,침산남영타운앞,7082,389
2014-08-01,침산네거리1,10811,1188
2014-08-01,침산네거리2,16844,3323
2014-08-01,침산동화타운건너,5671,184
2014-08-01,침산동화타운앞,396,886
2014-08-01,침산변전소건너,10255,3206
2014-08-01,침산변전소앞,9112,1738
2014-08-01,침산쌍용예가아파트앞,887,1137
2014-08-01,침산중학교건너,2579,213
2014-08-01,침산중학교앞,5409,428
2014-08-01,침산초등학교건너,4404,987
2014-08-01,침산초등학교앞,1113,928
2014-08-01,침산초등학교후문,427,27
2014-08-01,침산코오롱하늘채건너,7432,1558
2014-08-01,침산코오롱하늘채앞,21492,3658
2014-08-01,캐슬골드파크(1102동),18872,1652
2014-08-01,캐슬골드파크(1504동),13913,2552
2014-08-01,케이에스건너,5,44
2014-08-01,케이에스앞,817,52
2014-08-01,코스트코홀세일건너/복현화성타운앞,5147,3697
2014-08-01,코스트코홀세일앞/복현화성타운건너,43661,2635
2014-08-01,코오롱아파트,19891,1264
2014-08-01,퀸벨호텔건너,17826,2688
2014-08-01,퀸벨호텔앞,8532,6607
2014-08-01,퀸스로드건너,1964,2664
2014-08-01,퀸스로드건너(동편),11486,2169
2014-08-01,퀸스로드앞,4042,868
2014-08-01,퀸스로드앞(동편),14745,3361
2014-08-01,크리스탈호텔앞,1576,388
2014-08-01,큰고개1,3832,11558
2014-08-01,큰고개2,8330,3955
2014-08-01,큰고개오거리1,17039,1145
2014-08-01,큰고개오거리2,5217,9650
2014-08-01,큰장네거리1,73403,11410
2014-08-01,큰장네거리2,40978,20681
2014-08-01,큰장네거리3,20314,6658
2014-08-01,큰장네거리4,35678,13425
2014-08-01,태성맨션건너,27,82
2014-08-01,태성맨션앞,2567,1664
2014-08-01,태왕그린힐즈건너,209,467
2014-08-01,태왕그린힐즈앞1,118,485
2014-08-01,태왕그린힐즈앞2,2721,42
2014-08-01,태왕메트로시티건너,6299,2143
2014-08-01,태왕메트로시티앞,3457,1747
2014-08-01,태왕아너스베스트앞,5444,330
2014-08-01,태왕아너스복현건너,3233,1207
2014-08-01,태왕아너스복현앞,8481,1434
2014-08-01,태전두성타운건너,5518,790
2014-08-01,태전두성타운앞,1978,441
2014-08-01,태전삼거리1,15218,8768
2014-08-01,태전삼거리2,34100,4783
2014-08-01,태전역1,14558,7052
2014-08-01,태전역2,2017,3045
2014-08-01,태전우방타운1차,512,35
2014-08-01,태전육교1,763,16
2014-08-01,태전육교2,230,23
2014-08-01,태전중석타운,1140,43
2014-08-01,태전중석타운건너,1327,254
2014-08-01,태전중앙시장건너,2229,1388
2014-08-01,태전중앙시장앞,9712,1973
2014-08-01,태전휴먼시아,1319,57
2014-08-01,태평상가건너,5667,6509
2014-08-01,태평상가앞1,6427,6662
2014-08-01,태평상가앞2,288,187
2014-08-01,태현초등학교앞,7260,138
2014-08-01,터실마을,7,0
2014-08-01,텍스빌,8231,1222
2014-08-01,토지주택공사건너,3416,1210
2014-08-01,토지주택공사앞,9614,976
2014-08-01,퇴계마을건너,2,0
2014-08-01,파계교,395,314
2014-08-01,파계사(종점),8910,535
2014-08-01,파군재삼거리1,859,2861
2014-08-01,파군재삼거리2,922,843
2014-08-01,파동1차시장건너,1686,1017
2014-08-01,파동1차시장앞,9775,538
2014-08-01,파동우체국앞,898,593
2014-08-01,파동청구하이츠,6695,277
2014-08-01,파크맨션건너,11129,2706
2014-08-01,파크맨션앞,7933,2457
2014-08-01,파티마병원건너1,21663,10571
2014-08-01,파티마병원건너2,3018,2123
2014-08-01,팔거역3,493,106
2014-08-01,팔거역4,1108,129
2014-08-01,팔공3차보성타운건너,743,2
2014-08-01,팔공3차보성타운앞,57,206
2014-08-01,팔공3차보성타운후문,4638,97
2014-08-01,팔공보성아파트건너,1129,375
2014-08-01,팔공보성아파트앞,8842,470
2014-08-01,팔공산IC입구,392,4143
2014-08-01,팔공산맥건너,3683,796
2014-08-01,팔공산맥앞,735,244
2014-08-01,팔공학생야영장앞,375,2
2014-08-01,팔공학생야영장입구건너,3,1
2014-08-01,팔공학생야영장입구앞,85,100
2014-08-01,팔공한마음주유소,1,16
2014-08-01,팔공한마음주유소건너,45,1
2014-08-01,팔달시장건너,39431,5882
2014-08-01,팔달시장앞,42460,15199
2014-08-01,팔달시장역,44513,15201
2014-08-01,팔달신시장,27157,6243
2014-08-01,팔달신시장2,6327,1229
2014-08-01,팔달역2,374,1194
2014-08-01,팔달중학교건너,8518,189
2014-08-01,팔달중학교앞,5371,255
2014-08-01,팔달초등학교,153,310
2014-08-01,팔레스호텔건너,22920,6060
2014-08-01,팔레스호텔앞1,5782,1657
2014-08-01,팔레스호텔앞2,616,706
2014-08-01,팔현마을,20,2
2014-08-01,평광3차아파트,5764,53
2014-08-01,평광3차아파트건너,3732,326
2014-08-01,평광새마을금고,159,0
2014-08-01,평광종점,368,5
2014-08-01,평리1동주민센터건너,62,63
2014-08-01,평리1동주민센터앞,2666,113
2014-08-01,평리2동주민센터건너,13942,1376
2014-08-01,평리2동주민센터앞,4150,1857
2014-08-01,평리3동주민센터건너,2151,200
2014-08-01,평리6동주민센터앞,1750,461
2014-08-01,평리광명네거리,613,1681
2014-08-01,평리광명맨션건너,2754,724
2014-08-01,평리광명맨션앞,1032,365
2014-08-01,평리네거리1,15129,15235
2014-08-01,평리네거리2,16379,4523
2014-08-01,평리명성아파트건너,5756,1125
2014-08-01,평리명성아파트앞,3322,785
2014-08-01,평리중학교건너,1260,513
2014-08-01,평리중학교앞,1946,146
2014-08-01,평리청구타운건너,35041,10354
2014-08-01,평리청구타운앞,35041,8677
2014-08-01,평안,455,45
2014-08-01,평촌2리,6,0
2014-08-01,평촌리,47,0
2014-08-01,평현치안센터건너,6248,896
2014-08-01,평화시장(닭똥집골목)건너,26839,5097
2014-08-01,평화시장(닭똥집골목)앞,54643,10253
2014-08-01,평화씨엠비건너,1066,56
2014-08-01,평화씨엠비앞,169,157
2014-08-01,평화정공건너,607,209
2014-08-01,평화정공앞,729,32
2014-08-01,평화타운건너,21739,1658
2014-08-01,푸드웰건너,3767,47
2014-08-01,푸드웰앞,98,171
2014-08-01,푸르밀대구공장,69,0
2014-08-01,푸르밀대구공장건너,3,7
2014-08-01,풋살경기장(50사단),696,42
2014-08-01,풍국주정공업,1113,29
2014-08-01,하나원전문장례식장,7,3
2014-08-01,하리(약산온천)건너,251,40
2014-08-01,하목정(종점),0,12
2014-08-01,하빈농협건너,254,0
2014-08-01,하빈농협동곡지점1,75,11
2014-08-01,하빈농협동곡지점2,861,2
2014-08-01,하빈농협앞,11,12
2014-08-01,하빈농협입구,12,4
2014-08-01,하빈면사무소건너,208,0
2014-08-01,하빈면사무소앞,19,12
2014-08-01,하빈우체국건너,330,10
2014-08-01,하빈우체국앞,19,2
2014-08-01,하빈주유소앞,4,2
2014-08-01,하빈초등학교앞,197,1
2014-08-01,하산1리,559,3
2014-08-01,하산2리,197,1
2014-08-01,하산스무지(종점),157,4
2014-08-01,학남고등학교건너,1638,336
2014-08-01,학남고등학교앞,4111,312
2014-08-01,학남초등학교건너,102,714
2014-08-01,학남초등학교앞,2670,177
2014-08-01,학산아파트건너,46,39
2014-08-01,학산아파트앞,4,9
2014-08-01,학정청아람1,692,266
2014-08-01,학정청아람2,2747,33
2014-08-01,학정청아람건너,5000,376
2014-08-01,학정청아람앞,2287,339
2014-08-01,한가람타운건너,24829,7122
2014-08-01,한가람타운앞,21376,3295
2014-08-01,한걸고정마을,250,0
2014-08-01,한국감정원앞,805,27
2014-08-01,한국건강관리협회앞,7090,438
2014-08-01,한국국토정보공사건너,3492,6533
2014-08-01,한국국토정보공사앞,2441,720
2014-08-01,한국농어촌공사건너,22329,4952
2014-08-01,한국농어촌공사앞,19741,1090
2014-08-01,한국델파이건너,66,166
2014-08-01,한국델파이앞,1118,189
2014-08-01,한국도로공사건너,150,501
2014-08-01,한국도로공사앞,7152,38
2014-08-01,한국방송통신대학교건너,2378,639
2014-08-01,한국방송통신대학교앞,899,388
2014-08-01,한국사학진흥재단(남편),7,82
2014-08-01,한국산업단지공단앞,141,223
2014-08-01,한국산업은행성서지점건너,180,1019
2014-08-01,한국산업은행성서지점앞,3958,12
2014-08-01,한국산업인력공단건너,3539,82
2014-08-01,한국산업인력공단앞,90,182
2014-08-01,한국생산기술연구원건너,99,15
2014-08-01,한국생산기술연구원앞,41,3
2014-08-01,한국클래드텍건너,445,5
2014-08-01,한국클래드텍앞,2,156
2014-08-01,한국타이어,260,1061
2014-08-01,한국타이어건너,203,40
2014-08-01,한국패션센터,2057,93
2014-08-01,한국폴리텍VI대구대학건너,15147,3556
2014-08-01,한국폴리텍VI대구대학앞,8882,7307
2014-08-01,한국폴리텍대학(섬유패션캠퍼스),114,1212
2014-08-01,한국환경자원공사,6,11
2014-08-01,한국환경자원공사건너,87,10
2014-08-01,한도아파트앞,10431,368
2014-08-01,한라하우젠트,1078,17
2014-08-01,한마음주유소건너,2588,422
2014-08-01,한마음주유소앞,1949,327
2014-08-01,한샘교회,4081,1702
2014-08-01,한샘교회건너,1169,655
2014-08-01,한서기전건너,446,75
2014-08-01,한서기전앞,177,19
2014-08-01,한양공작맨션건너,17,123
2014-08-01,한양공작맨션앞,1122,23
2014-08-01,한양산호아파트건너,5739,156
2014-08-01,한양산호아파트앞,751,39
2014-08-01,한양수정아파트,25,60
2014-08-01,한양코스모스아파트건너,57,107
2014-08-01,한양코스모스아파트앞,1140,282
2014-08-01,한전동대구지사,22113,3821
2014-08-01,한전동대구지사건너,13767,3645
2014-08-01,한전서대구지사건너,19358,9457
2014-08-01,한전서대구지사앞,15572,3242
2014-08-01,한정3리,23,0
2014-08-01,한정리(한정초교),51,0
2014-08-01,한정리(한정초교건너),2,1
2014-08-01,한화꿈에그린건너1,683,506
2014-08-01,한화꿈에그린앞,13021,2546
2014-08-01,함지초등학교건너,875,469
2014-08-01,함지초등학교앞,8581,212
2014-08-01,해랑교(시외방향),69,30
2014-08-01,해랑교1,5,1
2014-08-01,해랑교2,628,8
2014-08-01,해랑교건너,72,7
2014-08-01,해안동행정복지센터,272,101
2014-08-01,해안역(1번출구),7820,1730
2014-08-01,해안역(3번출구),6705,2701
2014-08-01,해안초등학교뒤,3,6
2014-08-01,행정1리앞,2,1
2014-08-01,행정2리건너,0,3
2014-08-01,행정리,610,31
2014-08-01,행정리(한천서원),19,0
2014-08-01,헬로TV대구방송건너,6380,3191
2014-08-01,헬로TV대구방송앞,7382,2692
2014-08-01,현내1리,171,0
2014-08-01,현내2리중방마을건너,137,0
2014-08-01,현내2리중방마을앞,3,0
2014-08-01,현대금속,1265,67
2014-08-01,현대메카닉스건너,107,0
2014-08-01,현대메카닉스앞,1,13
2014-08-01,현대백조아파트(북편),4528,187
2014-08-01,현대백조아파트건너,2584,267
2014-08-01,현대백조아파트앞,2412,674
2014-08-01,현대백화점.동아쇼핑건너,29188,8062
2014-08-01,현대백화점.동아쇼핑앞,38189,2118
2014-08-01,현대시장건너,11486,1037
2014-08-01,현대시장앞,2301,1779
2014-08-01,현대시장앞2,727,196
2014-08-01,현대해상건너,28455,14729
2014-08-01,현대해상앞,25441,5302
2014-08-01,현충로역(3번출구),30507,8015
2014-08-01,현충로역(4번출구),22697,9410
2014-08-01,현충삼거리1,516,401
2014-08-01,현충삼거리2,2733,195
2014-08-01,현풍고속도로밑,298,72
2014-08-01,현풍농협,3071,438
2014-08-01,현풍면사무소건너,0,2
2014-08-01,현풍면사무소앞,161,3
2014-08-01,현풍삼거리,24,49
2014-08-01,현풍새마을금고,6753,658
2014-08-01,현풍시외버스터미널,2430,436
2014-08-01,현풍운전시험장,600,1
2014-08-01,현풍주공아파트,38,33
2014-08-01,현풍주공아파트2,13,115
2014-08-01,현풍주공아파트앞,486,251
2014-08-01,현풍중고등학교,40,183
2014-08-01,현풍중고등학교건너,1056,121
2014-08-01,현풍터미널건너,1587,65
2014-08-01,현풍터미널앞,681,663
2014-08-01,현풍할매곰탕,1693,454
2014-08-01,현풍할매곰탕건너,846,181
2014-08-01,호산초등학교건너,14,33
2014-08-01,호산초등학교앞,241,572
2014-08-01,홈플러스내당점건너,9840,844
2014-08-01,홈플러스내당점앞,5088,4240
2014-08-01,홈플러스대구점건너,547,1639
2014-08-01,홈플러스대구점앞,21142,9374
2014-08-01,홈플러스동촌점건너,5637,2916
2014-08-01,홈플러스동촌점앞,12098,1094
2014-08-01,홈플러스칠곡점건너,10283,555
2014-08-01,홈플러스칠곡점앞,2885,847
2014-08-01,홍천사건너,1249,32
2014-08-01,홍천사입구,72,225
2014-08-01,화남초등학교건너,15,304
2014-08-01,화남초등학교앞,5492,464
2014-08-01,화동초등학교건너,986,129
2014-08-01,화동초등학교앞,688,54
2014-08-01,화랑교1,1229,4925
2014-08-01,화랑교2,10662,687
2014-08-01,화성그랜드건너,411,175
2014-08-01,화성그랜드앞,174,79
2014-08-01,화성리버파크건너,5167,286
2014-08-01,화성리버파크앞,1017,489
2014-08-01,화성센트럴파크,4524,224
2014-08-01,화성쌍용타운건너,633,17
2014-08-01,화성쌍용타운앞1,1236,319
2014-08-01,화성쌍용타운앞2,10,48
2014-08-01,화성전문요양원건너,208,96
2014-08-01,화성전문요양원앞,1339,567
2014-08-01,화성파크뷰건너,6483,207
2014-08-01,화성파크뷰앞,650,1867
2014-08-01,화영테크건너,35,11
2014-08-01,화영테크앞,482,27
2014-08-01,화원고등학교(종점),798,47
2014-08-01,화원고등학교(종점)2,87,31
2014-08-01,화원고등학교건너,7049,691
2014-08-01,화원고등학교앞,1551,873
2014-08-01,화원농협주유소건너,1330,451
2014-08-01,화원농협주유소앞,6937,3200
2014-08-01,화원삼주타운건너,6421,345
2014-08-01,화원삼주타운앞,360,147
2014-08-01,화원시장건너,3347,433
2014-08-01,화원시장앞,112,412
2014-08-01,화원유원지(사문진주막촌),1198,51
2014-08-01,화원유원지건너,367,14
2014-08-01,화원유원지입구,6,0
2014-08-01,화원초등학교건너,20367,3476
2014-08-01,화원초등학교앞,32872,9669
2014-08-01,화전동1,17,25
2014-08-01,화전동2,592,11
2014-08-01,황금2동치안센터건너,1247,454
2014-08-01,황금2동치안센터앞,3703,189
2014-08-01,황금네거리1,27365,2271
2014-08-01,황금네거리2,8739,3288
2014-08-01,황금시장건너,267,72
2014-08-01,황금시장앞,1819,58
2014-08-01,황금우방1차건너,16623,2308
2014-08-01,황금우방1차앞,4119,2151
2014-08-01,황금초등학교건너,1617,1074
2014-08-01,황금초등학교앞,4333,228
2014-08-01,황제맨션건너,5171,4889
2014-08-01,황제맨션앞,4996,1206
2014-08-01,효동초등학교건너,3921,999
2014-08-01,효동초등학교앞,8257,876
2014-08-01,효목네거리1,8257,944
2014-08-01,효목네거리2,2184,1827
2014-08-01,효목네거리3,9594,3849
2014-08-01,효성타운앞,15575,784
2014-08-01,흥사단 대구지부건너,1548,202
2014-08-01,흥사단 대구지부앞,1715,2104
2014-08-01,흥성정공건너,353,13
2014-08-01,흥성정공앞,97,9
2014-08-01,희망교1,1124,109
2014-08-01,희성전자건너,20,27
2014-08-01,희성전자앞,437,87
2014-08-01,힐크레스트남문건너,1243,106
2014-08-01,힐크레스트남문앞,203,1084
2014-08-01,힐크레스트입구,436,594
2014-09-01,(주)성안건너,18,158
2014-09-01,(주)영화건너,0,77
2014-09-01,(주)영화앞,571,7
2014-09-01,1차서한화성타운건너,337,85
2014-09-01,1차서한화성타운앞,549,56
2014-09-01,2.28기념중앙공원건너1,59055,12695
2014-09-01,2.28기념중앙공원건너2,18737,10879
2014-09-01,2.28기념중앙공원앞,126627,16728
2014-09-01,2차대자연맨션건너,2134,658
2014-09-01,2차대자연맨션앞,7192,924
2014-09-01,2차서한화성타운건너,31977,1986
2014-09-01,2차서한화성타운앞,16843,2874
2014-09-01,2호선반월당역1,26170,5335
2014-09-01,2호선반월당역2,14200,5014
2014-09-01,3공단새마을금고앞,4107,1420
2014-09-01,CGV대구한일건너,99575,16829
2014-09-01,CGV대구한일앞,28861,4831
2014-09-01,IHL건너,50,1
2014-09-01,IHL앞,34,8
2014-09-01,K-2입구,2207,699
2014-09-01,K2관사입구(종점),1890,28
2014-09-01,KT남대구지사건너1,9972,2879
2014-09-01,KT남대구지사건너2,1743,572
2014-09-01,KT남대구지사앞1,21517,6970
2014-09-01,KT남대구지사앞2,1369,1893
2014-09-01,KT동대구지사건너,22747,12932
2014-09-01,KT동대구지사앞,16329,2025
2014-09-01,KT북대구지사건너,3259,341
2014-09-01,KT북대구지사앞,6010,559
2014-09-01,KT상동지사건너,3010,274
2014-09-01,KT상동지사앞,950,468
2014-09-01,KT서대구지사건너,20373,2421
2014-09-01,KT서대구지사앞,16100,6136
2014-09-01,LG물류센터건너,3236,1544
2014-09-01,LG물류센터앞,7591,3917
2014-09-01,LH5단지아파트앞,1278,67
2014-09-01,MBC네거리,8551,2265
2014-09-01,SK리더스뷰건너,11958,2363
2014-09-01,SK리더스뷰앞,5203,1862
2014-09-01,STX메탈건너,1121,3941
2014-09-01,STX메탈앞,44,438
2014-09-01,TBC건너,13896,555
2014-09-01,TBC앞,2886,1900
2014-09-01,TCN대구방송건너,1984,221
2014-09-01,TCN대구방송앞,2734,346
2014-09-01,㈜윔스건너,155,162
2014-09-01,㈜윔스앞,323,6
2014-09-01,가야농원,317,2
2014-09-01,가창농협건너,2043,2767
2014-09-01,가창농협앞,10591,317
2014-09-01,가창댐,7,14
2014-09-01,가창면사무소건너,5180,1867
2014-09-01,가창면사무소앞,9103,711
2014-09-01,가창중학교건너,1345,14
2014-09-01,가창중학교앞,183,88
2014-09-01,가창초등학교건너,3664,280
2014-09-01,가창초등학교앞,812,58
2014-09-01,가천동앞,65,15
2014-09-01,가천리,108,32
2014-09-01,가태리마을회관건너,205,0
2014-09-01,가태리마을회관앞,12,10
2014-09-01,각산역(1번출구),7014,1879
2014-09-01,각산역(2번출구),1703,1076
2014-09-01,갈실마을회관종점,402,6
2014-09-01,감문1리1,4,1
2014-09-01,감문1리2,401,1
2014-09-01,감문1리3,1,5
2014-09-01,감문1리4,39,0
2014-09-01,감삼네거리1,16030,5819
2014-09-01,감삼네거리2,51939,21811
2014-09-01,감삼초등학교건너,11063,1797
2014-09-01,감삼초등학교앞,8173,932
2014-09-01,갓골건너,372,0
2014-09-01,갓골앞,3,22
2014-09-01,갓바위,22491,63
2014-09-01,강남약국건너,51993,11846
2014-09-01,강남약국앞1,26190,7727
2014-09-01,강남약국앞2,9538,1135
2014-09-01,강동중·고등학교,6,158
2014-09-01,강동중·고등학교건너,7616,16
2014-09-01,강변동서마을건너,5618,298
2014-09-01,강변동서마을앞,3333,1356
2014-09-01,강북경찰서건너,1364,809
2014-09-01,강북경찰서앞,1751,423
2014-09-01,강북중학교건너,100,1097
2014-09-01,강북중학교앞,9265,41
2014-09-01,강산아파트건너,4668,8569
2014-09-01,강산아파트앞,5090,1445
2014-09-01,강정(종점),9,0
2014-09-01,강정보(디아크문화관)건너,71,8
2014-09-01,강정보(디아크문화관)입구,347,4
2014-09-01,강창교1,3598,191
2014-09-01,강창교2,159,777
2014-09-01,강창역(1번출구),5307,576
2014-09-01,강창역(2번출구),21443,941
2014-09-01,강창하이츠,7386,544
2014-09-01,거동교1,691,346
2014-09-01,거동교2,769,492
2014-09-01,건들바위건너,1015,720
2014-09-01,건들바위앞,561,1581
2014-09-01,건영아파트건너,12990,6829
2014-09-01,건영캐스빌건너,10967,1283
2014-09-01,건영캐스빌앞,847,866
2014-09-01,검단119안전센터(엑스코),76,36
2014-09-01,검단동대구축협앞,4945,61
2014-09-01,검단동주민센터1,764,11
2014-09-01,검단동주민센터2,1,148
2014-09-01,검단동주민센터건너,10167,99
2014-09-01,검단동주민센터앞,49,487
2014-09-01,검단상가아파트건너,125,25
2014-09-01,검단상가아파트앞,449,71
2014-09-01,검단유성아파트(서편),8885,1421
2014-09-01,검단유성아파트건너,5494,1115
2014-09-01,검단유성아파트앞,16131,4190
2014-09-01,경기장네거리1,3891,1463
2014-09-01,경기장네거리2,3584,434
2014-09-01,경대교2,4604,781
2014-09-01,경대교건너,943,153
2014-09-01,경대교앞,229,879
2014-09-01,경대사대부설고등학교앞,22829,9624
2014-09-01,경대아파트건너,31254,2098
2014-09-01,경대아파트앞,9785,2098
2014-09-01,경덕여고,782,292
2014-09-01,경동산업앞,86,0
2014-09-01,경명여고건너,3419,530
2014-09-01,경명여고앞,2051,1374
2014-09-01,경북고교종점,2166,1245
2014-09-01,경북고등학교건너,11754,3212
2014-09-01,경북고등학교앞,17936,1370
2014-09-01,경북고등학교종점건너,164,33
2014-09-01,경북공고건너,7619,4563
2014-09-01,경북공고앞,10938,4146
2014-09-01,경북공무원교육원1,675,445
2014-09-01,경북공무원교육원2,18,11
2014-09-01,경북교통,5361,1838
2014-09-01,경북교통앞,2153,1834
2014-09-01,경북기계공고건너,11192,3265
2014-09-01,경북기계공고앞,10551,4533
2014-09-01,경북농업기술원건너,21,209
2014-09-01,경북농업기술원앞,222,17
2014-09-01,경북대체육센터건너,9125,750
2014-09-01,경북대체육센터앞,5014,4492
2014-09-01,경북대학교병원건너,20944,9446
2014-09-01,경북대학교병원앞,37771,7840
2014-09-01,경북대학교북문건너,76406,1915
2014-09-01,경북대학교북문앞,34395,6401
2014-09-01,경북대학교서문건너,10425,1127
2014-09-01,경북대학교서문앞,3434,810
2014-09-01,경북대학교정문건너,12056,2858
2014-09-01,경북대학교정문앞,30227,5531
2014-09-01,경북대학교치과병원,21590,9047
2014-09-01,경북아파트건너(고산동),18275,3159
2014-09-01,경북아파트건너(신천동),7524,11512
2014-09-01,경북아파트앞(고산동),13176,4448
2014-09-01,경북아파트앞(신천동),5401,3455
2014-09-01,경북여상건너,13348,8749
2014-09-01,경북여상앞,11969,2465
2014-09-01,경북크랑크,1323,18
2014-09-01,경상감영공원건너,96460,16927
2014-09-01,경상감영공원앞,73857,58111
2014-09-01,경상북도농업인회관,417,31
2014-09-01,경상여자고등학교건너,3384,404
2014-09-01,경상여자고등학교앞,8024,4806
2014-09-01,경서중학교건너,323,489
2014-09-01,경서중학교앞,2311,104
2014-09-01,경신고등학교건너,47182,6025
2014-09-01,경신고등학교앞,36293,10576
2014-09-01,경운초등학교건너,1987,850
2014-09-01,경운초등학교앞,4975,5680
2014-09-01,경원고등학교건너,675,55
2014-09-01,경원고등학교앞,1453,272
2014-09-01,경일여자중학교건너,14051,1621
2014-09-01,경일여자중학교앞,4059,1090
2014-09-01,경주최씨종가(종점),640,13
2014-09-01,경주최씨종가1,19,7
2014-09-01,경주최씨종가2,4,0
2014-09-01,경진테크빌앞,707,1381
2014-09-01,경창산업,888,91
2014-09-01,경희강재건너,689,493
2014-09-01,경희강재앞,3056,82
2014-09-01,계명대대명캠퍼스후문건너,2354,603
2014-09-01,계명대역(1번출구),2461,1372
2014-09-01,계명대역(2번출구),7839,4744
2014-09-01,계명대학교대명캠퍼스건너,17245,5030
2014-09-01,계명대학교대명캠퍼스앞,20501,5228
2014-09-01,계명대학교대명캠퍼스후문앞,1992,524
2014-09-01,계명대학교동문건너1,6407,879
2014-09-01,계명대학교동문건너2,29829,7351
2014-09-01,계명대학교동문앞,22578,5735
2014-09-01,계명대학교정문건너,33337,1393
2014-09-01,계명대학교정문앞,6002,2286
2014-09-01,계명문화대학건너,9583,905
2014-09-01,계명문화대학앞,16758,11551
2014-09-01,고모동입구,2941,1966
2014-09-01,고모역건너,296,62
2014-09-01,고모역앞,106,12
2014-09-01,고봉리,24,0
2014-09-01,고산2동주민센터건너,10604,2868
2014-09-01,고산2동주민센터앞,19800,669
2014-09-01,고산골입구,6682,876
2014-09-01,고산농협창고건너,806,155
2014-09-01,고산농협창고앞,296,2999
2014-09-01,고산도서관,19233,8944
2014-09-01,고산정수사업소건너,2555,833
2014-09-01,고성아파트(서편),10402,2577
2014-09-01,고성아파트건너,2342,108
2014-09-01,고성아파트건너(서편),5508,4754
2014-09-01,고성아파트앞,1729,434
2014-09-01,고성지구대1,1967,458
2014-09-01,고성지구대2,3136,8360
2014-09-01,골안골,27,98
2014-09-01,골안골지하보도앞,18,180
2014-09-01,공고네거리1,28503,10060
2014-09-01,공고네거리2,12275,3143
2014-09-01,공군기지관사입구,2,8
2014-09-01,공단역1,489,11356
2014-09-01,공단역2,17036,7301
2014-09-01,공단하수처리장건너,42,284
2014-09-01,공단하수처리장앞,89,23
2014-09-01,공산댐건너,1242,62
2014-09-01,공산댐앞,108,78
2014-09-01,공산동행정복지센터건너,1175,340
2014-09-01,공산동행정복지센터앞,4765,296
2014-09-01,공산초등학교건너,341,87
2014-09-01,공산초등학교앞,2413,116
2014-09-01,공산파출소,485,576
2014-09-01,공항시장건너,11179,765
2014-09-01,공항시장앞,5565,1513
2014-09-01,곽병원건너,35048,22947
2014-09-01,곽병원앞1,22727,6904
2014-09-01,곽병원앞2,9681,3357
2014-09-01,관리공단,429,95
2014-09-01,관음공영주차장앞,1518,13
2014-09-01,관음농협앞,184,58
2014-09-01,관음동주민센터건너,416,51
2014-09-01,관음동주민센터앞,1919,32
2014-09-01,관음변전소1,5364,125
2014-09-01,관음변전소2,27,257
2014-09-01,관음변전소3,109,0
2014-09-01,관음변전소4,985,47
2014-09-01,관음어린이집,337,63
2014-09-01,관음중학교(북편),1153,18
2014-09-01,광명은하아파트건너,6397,4763
2014-09-01,광명은하아파트앞,17298,1067
2014-09-01,광명프레지던트아파트건너,10748,5071
2014-09-01,광장타운건너,15594,4541
2014-09-01,광장타운앞,15332,3486
2014-09-01,교대부설초등학교건너,4876,252
2014-09-01,교대부설초등학교앞,546,1108
2014-09-01,교동시장앞,4262,1325
2014-09-01,교동초등학교건너,508,63
2014-09-01,교동초등학교앞,8,236
2014-09-01,교통연수원,16612,756
2014-09-01,교통연수원건너,10500,2703
2014-09-01,교항2리마을입구,2,125
2014-09-01,교항2리회관,4563,36
2014-09-01,교항리건너,1762,33
2014-09-01,교항리마을입구건너,76,0
2014-09-01,교항리앞,347,443
2014-09-01,구)달성군청건너,11022,3818
2014-09-01,구)달성군청앞,24482,17368
2014-09-01,구)대영학원건너,16166,2977
2014-09-01,구)대영학원앞,15315,10449
2014-09-01,구)화원IC,0,1
2014-09-01,구)효목2동행정복지센터건너,15404,1138
2014-09-01,구)효목2동행정복지센터앞,6002,1745
2014-09-01,구.남부정류장건너1,14051,11256
2014-09-01,구.남부정류장건너2,9872,4190
2014-09-01,구.남부정류장앞1,25663,4847
2014-09-01,구.남부정류장앞2,3563,1789
2014-09-01,구.동부정류장(남편),6665,1645
2014-09-01,구.동부정류장(메트로팔레스),11534,4424
2014-09-01,구.동부정류장건너,15848,1650
2014-09-01,구.동부정류장앞,8166,3474
2014-09-01,구둔산,657,5
2014-09-01,구병원건너,744,4611
2014-09-01,구병원앞,30866,6121
2014-09-01,구삼폭포건너,7,32
2014-09-01,구암가구골목1,9739,351
2014-09-01,구암가구골목2,1390,249
2014-09-01,구암교1,7133,2896
2014-09-01,구암교2,1424,663
2014-09-01,구암동1,813,62
2014-09-01,구암동2,189,324
2014-09-01,구암역(운전면허시험장)1,429,254
2014-09-01,구암역(운전면허시험장)2,2601,614
2014-09-01,구암초등학교건너,2378,300
2014-09-01,구암초등학교앞,5829,86
2014-09-01,구지농공단지1,0,1
2014-09-01,구지농공단지2,230,2
2014-09-01,구지면사무소건너,544,388
2014-09-01,구지면사무소앞,2195,246
2014-09-01,구지청아람건너,6145,131
2014-09-01,구지청아람앞,646,420
2014-09-01,국립대구과학관정문건너,86,10
2014-09-01,국립대구과학관정문앞,282,5
2014-09-01,국립대구박물관건너,13303,1198
2014-09-01,국립대구박물관앞,8157,3254
2014-09-01,국민건강보험공단건너,25726,2275
2014-09-01,국민건강보험공단앞,10833,9446
2014-09-01,국민은행3공단지점건너,5466,1276
2014-09-01,국민은행3공단지점앞,2734,861
2014-09-01,국우동현대아파트건너,727,39
2014-09-01,국우동현대아파트앞,3990,457
2014-09-01,국채보상운동기념공원,7537,5673
2014-09-01,굿모닝병원건너,9888,4729
2014-09-01,굿모닝병원앞,16135,3023
2014-09-01,궁전아파트건너,43,229
2014-09-01,궁전아파트앞,2513,79
2014-09-01,귀남지휴게소1,19,6
2014-09-01,귀남지휴게소2,0,2
2014-09-01,그랜드호텔건너,33624,20111
2014-09-01,그랜드호텔앞,53612,7637
2014-09-01,그린빌4단지,62,436
2014-09-01,그린빌4단지건너,1148,23
2014-09-01,그린빌4단지앞,247,86
2014-09-01,근로복지공단대구병원건너,2531,151
2014-09-01,근로복지공단대구병원앞,4364,344
2014-09-01,근린공원축구장건너,24,221
2014-09-01,근린공원축구장앞,1480,32
2014-09-01,금강동,238,1
2014-09-01,금계초등학교(교항리),669,249
2014-09-01,금복주건너,2542,336
2014-09-01,금복주앞,1580,605
2014-09-01,금봉네거리1,11007,827
2014-09-01,금봉네거리2,5066,637
2014-09-01,금사리하이빌APT건너,1620,126
2014-09-01,금사리하이빌APT앞,517,200
2014-09-01,금융감독원건너,782,2682
2014-09-01,금포초등학교,1354,243
2014-09-01,금포초등학교건너,323,428
2014-09-01,금호기전,6,34
2014-09-01,금호지구(시내방향),133,1
2014-09-01,금호지구(종점방향),33,1
2014-09-01,금호화물자동차공영차고지,7,0
2014-09-01,기곡(종점),158,2
2014-09-01,기곡리1,11,1
2014-09-01,기곡리2,56,0
2014-09-01,기독교방송국건너,6217,1910
2014-09-01,기독교방송국앞,3927,1259
2014-09-01,기업은행대곡지점건너,91,1241
2014-09-01,기업은행대곡지점앞,21561,493
2014-09-01,기업은행죽전동지점건너,5685,836
2014-09-01,기업은행죽전동지점앞,3209,608
2014-09-01,김흥1리건너,91,1
2014-09-01,김흥1리앞,42,7
2014-09-01,김흥2리앞,14,0
2014-09-01,김흥리마을입구,105,1
2014-09-01,남구청건너2,6472,6006
2014-09-01,남구청네거리1,6535,1822
2014-09-01,남구청네거리2,250,178
2014-09-01,남대구IC1,17325,1079
2014-09-01,남대구IC2,5927,668
2014-09-01,남명삼거리1,1832,142
2014-09-01,남명삼거리2,1919,726
2014-09-01,남문시장건너1,1182,69
2014-09-01,남문시장건너2,12357,18234
2014-09-01,남문시장앞,25237,10369
2014-09-01,남문아파트앞,636,317
2014-09-01,남부경찰서건너,10868,2269
2014-09-01,남부경찰서앞,13060,7499
2014-09-01,남부교육지원청건너,8095,1013
2014-09-01,남부교육지원청앞,5031,1648
2014-09-01,남부도서관앞,166,500
2014-09-01,남부자동차종합시장건너,3115,535
2014-09-01,남부자동차종합시장앞,1039,350
2014-09-01,남부초등학교건너,1323,34
2014-09-01,남부초등학교앞,389,266
2014-09-01,남부초등학교앞2,5736,700
2014-09-01,남산2동주민센터건너,140,241
2014-09-01,남산2동주민센터앞,793,40
2014-09-01,남산고등학교건너,811,52
2014-09-01,남산역(프린스호텔건너),9035,3376
2014-09-01,남산역건너(프린스호텔앞),21244,6282
2014-09-01,남산주유소건너,1606,1073
2014-09-01,남산주유소앞,1835,243
2014-09-01,남산초등학교건너,15553,1923
2014-09-01,남산초등학교앞,13244,7230
2014-09-01,남산휴먼시아앞,1444,342
2014-09-01,내2리새마을회관건너,67,0
2014-09-01,내2리새마을회관앞,2,2
2014-09-01,내당1동우체국건너,2485,289
2014-09-01,내당1동우체국앞,3004,394
2014-09-01,내당광명아파트,3267,2718
2014-09-01,내당삼익맨션건너,29690,7173
2014-09-01,내당삼익맨션앞,14045,18910
2014-09-01,내당코오롱아파트건너,7412,12913
2014-09-01,내당코오롱아파트앞,5781,917
2014-09-01,내동,761,38
2014-09-01,내동건너,40,137
2014-09-01,내리1,3,14
2014-09-01,내리2,0,2
2014-09-01,내일교회건너,195,37
2014-09-01,내일교회앞,658,31
2014-09-01,냉천2리,3,1
2014-09-01,냉천리1,2153,32
2014-09-01,냉천리2,57,243
2014-09-01,노곡동,5277,51
2014-09-01,노변중학교,957,67
2014-09-01,노변중학교건너,1280,76
2014-09-01,노변청구타운건너,193,60
2014-09-01,노변청구타운앞,197,43
2014-09-01,노원119안전센터건너,6434,2522
2014-09-01,노원119안전센터앞,2316,584
2014-09-01,노원네거리(공단세차장건너),416,443
2014-09-01,노원네거리(공단세차장앞),5469,113
2014-09-01,노원네거리(대구은행건너),956,149
2014-09-01,노원네거리(대구은행앞),4719,546
2014-09-01,노원네거리1,4462,893
2014-09-01,노원네거리2,8628,571
2014-09-01,노원동화타운건너,535,380
2014-09-01,노원동화타운앞,4111,482
2014-09-01,녹동서원앞,9,4
2014-09-01,녹원맨션1,3552,1263
2014-09-01,녹원맨션2,10939,688
2014-09-01,논공삼거리1,1736,26
2014-09-01,논공삼거리2,302,282
2014-09-01,논공읍사무소,759,177
2014-09-01,논공읍사무소건너1,4166,179
2014-09-01,논공읍사무소건너2,308,99
2014-09-01,농산물도매시장건너,30,6
2014-09-01,농산물도매시장앞,1767,193
2014-09-01,농수산물도매시장건너,3377,1276
2014-09-01,농수산물도매시장앞,8055,2919
2014-09-01,농촌진흥원입구,71,117
2014-09-01,농협동촌지점,489,154
2014-09-01,농협방촌지점,2268,91
2014-09-01,농협중앙회건너,21807,7663
2014-09-01,농협중앙회앞,59052,37203
2014-09-01,농협중앙회중동지점건너,1877,80
2014-09-01,농협중앙회중동지점앞,843,567
2014-09-01,농협하나로마트건너,24,285
2014-09-01,능골1,145,980
2014-09-01,능골건너,2275,36
2014-09-01,능성동(종점),404,6
2014-09-01,능성동예비군훈련장,788,33
2014-09-01,능성동입구건너,457,4
2014-09-01,능성동입구앞,3,31
2014-09-01,다리골,17,1
2014-09-01,다사고등학교건너,9423,4043
2014-09-01,다사고등학교앞,392,1426
2014-09-01,다사농협주유소건너,87,644
2014-09-01,다사농협주유소앞,7660,211
2014-09-01,다사역(4번출구),19,1
2014-09-01,다사읍사무소건너,7374,364
2014-09-01,다사읍사무소서재출장소건너,272,1
2014-09-01,다사읍사무소서재출장소앞,63,202
2014-09-01,다사읍사무소앞,13,120
2014-09-01,다사주공아파트건너,117,0
2014-09-01,다사주공아파트앞,3,101
2014-09-01,다사체육공원건너,18,0
2014-09-01,다사체육공원앞,40,0
2014-09-01,다사초등학교건너,51,1
2014-09-01,다사초등학교앞,1,74
2014-09-01,단산리(종점),6672,3529
2014-09-01,달구벌종합복지관건너,978,228
2014-09-01,달구벌종합복지관앞,535,111
2014-09-01,달서공고건너,212,123
2014-09-01,달서공고앞,10,40
2014-09-01,달서교회건너,20847,3543
2014-09-01,달서교회앞,18252,9946
2014-09-01,달서구새마을회건너,3081,99
2014-09-01,달서구새마을회앞,237,132
2014-09-01,달서구청건너,15298,2547
2014-09-01,달서구청앞,5898,2094
2014-09-01,달서종합시장건너,1482,284
2014-09-01,달서종합시장앞,1205,169
2014-09-01,달서중고등학교,46,17
2014-09-01,달서중고등학교건너,503,1
2014-09-01,달서천하수종말처리장건너,82,1
2014-09-01,달서천하수종말처리장앞,7,10
2014-09-01,달서초교,1906,47
2014-09-01,달성2차공단관리청사,37,0
2014-09-01,달성2차산업단지출장소건너,1,0
2014-09-01,달성2차산업단지출장소앞,1,9
2014-09-01,달성경찰서,1641,474
2014-09-01,달성경찰서건너,2573,63
2014-09-01,달성공원건너,17389,2550
2014-09-01,달성공원앞,20083,17436
2014-09-01,달성군민운동장건너,1022,81
2014-09-01,달성군민운동장앞,879,172
2014-09-01,달성군선거관리위원회건너,98,114
2014-09-01,달성군선거관리위원회앞,29,1009
2014-09-01,달성군청건너,485,186
2014-09-01,달성군청앞,3193,140
2014-09-01,달성기와건너,144,164
2014-09-01,달성기와앞,690,47
2014-09-01,달성도서관건너,1,1
2014-09-01,달성문화원건너,7,0
2014-09-01,달성문화원앞,4,1
2014-09-01,달성산업단지건너,160,29
2014-09-01,달성산업단지관리공단1,3,7
2014-09-01,달성산업단지관리공단2,4,2
2014-09-01,달성소방서건너,17,152
2014-09-01,달성소방서앞,196,186
2014-09-01,달성스포츠파크건너,3,14
2014-09-01,달성스포츠파크앞,16,0
2014-09-01,달성예비군훈련장건너,1428,88
2014-09-01,달성예비군훈련장앞,598,156
2014-09-01,달성우체국건너,855,506
2014-09-01,달성우체국앞,5426,252
2014-09-01,달성중학교건너,4712,528
2014-09-01,달성중학교앞,17979,4267
2014-09-01,달성초등학교건너,4279,1592
2014-09-01,달성초등학교앞,1692,316
2014-09-01,달성취수장건너,14,130
2014-09-01,달성취수장앞,103,39
2014-09-01,달창저수지,299,1
2014-09-01,달천리(시내방향),132,1
2014-09-01,달천리(시외방향),60,1
2014-09-01,담안마을1,4,11
2014-09-01,담안마을2,299,0
2014-09-01,담티고개1,224,453
2014-09-01,담티고개2,1165,830
2014-09-01,당동마을건너,321,0
2014-09-01,당동마을앞,4,22
2014-09-01,당정마을입구,41,2
2014-09-01,당정마을입구건너,96,2
2014-09-01,대1리용흥지건너,254,6
2014-09-01,대1리용흥지앞,15,22
2014-09-01,대곡강산타운,23283,599
2014-09-01,대곡강산타운건너,3833,774
2014-09-01,대곡사계절타운건너,17414,517
2014-09-01,대곡사계절타운앞,4995,1413
2014-09-01,대곡역(1번출구),42348,1812
2014-09-01,대곡역(2번출구),33045,39219
2014-09-01,대곡역(한라하우젠트건너),19019,1413
2014-09-01,대곡역(한라하우젠트앞),5320,12791
2014-09-01,대곡역그린빌,7452,7646
2014-09-01,대곡주공1단지앞,5093,1554
2014-09-01,대곡주공2단지앞,18118,466
2014-09-01,대곡주공6단지앞,3385,376
2014-09-01,대곡주공7단지앞,14603,789
2014-09-01,대곡주공8단지건너,4078,1066
2014-09-01,대곡주공8단지앞,23894,1635
2014-09-01,대곡중학교건너,4268,518
2014-09-01,대곡중학교앞,2320,522
2014-09-01,대공원역(1번출구),2612,5271
2014-09-01,대공원역(5번출구),5018,565
2014-09-01,대구가톨릭대학병원건너,21110,3065
2014-09-01,대구가톨릭대학병원앞,19172,1854
2014-09-01,대구경북과학기술원,204,11
2014-09-01,대구경북과학기술원기숙사,243,28
2014-09-01,대구경북지방병무청,313,839
2014-09-01,대구고등학교건너,45131,11224
2014-09-01,대구고등학교앞,13740,5334
2014-09-01,대구고용노동청건너,15669,2221
2014-09-01,대구고용노동청앞,4732,1054
2014-09-01,대구공업대학1,12808,2265
2014-09-01,대구공업대학2,3483,2414
2014-09-01,대구공업대학건너,7335,2835
2014-09-01,대구공업대학앞,6110,2344
2014-09-01,대구과학고등학교건너,10621,4750
2014-09-01,대구과학고등학교앞,16864,1733
2014-09-01,대구과학대학1,22777,10972
2014-09-01,대구과학대학2,71471,5021
2014-09-01,대구과학대학건너,3121,164
2014-09-01,대구과학대학앞,955,294
2014-09-01,대구광역시교육연수원건너,16356,987
2014-09-01,대구광역시교육연수원앞,5234,2947
2014-09-01,대구광역시청건너,1809,805
2014-09-01,대구광역시청앞,329,506
2014-09-01,대구교도소건너,8162,5194
2014-09-01,대구교도소앞,23724,3148
2014-09-01,대구교육대건너,238,2942
2014-09-01,대구교육대앞,21594,3245
2014-09-01,대구교통방송건너,5586,6221
2014-09-01,대구교통방송앞,19299,1436
2014-09-01,대구국제공항건너,24361,11990
2014-09-01,대구국제공항앞,27367,6970
2014-09-01,대구글로벌교육센터건너,5131,11727
2014-09-01,대구글로벌교육센터앞,3797,651
2014-09-01,대구농업마이스터고건너,25904,2054
2014-09-01,대구농업마이스터고앞,8962,10253
2014-09-01,대구농업마이스터고후문건너,2863,658
2014-09-01,대구농업마이스터고후문앞,2753,208
2014-09-01,대구도시공사앞,14835,2500
2014-09-01,대구동부고용복지플러스센터,11285,4959
2014-09-01,대구동촌유치원,1213,189
2014-09-01,대구디지털산업진흥원건너,22630,5345
2014-09-01,대구디지털산업진흥원앞,15879,3276
2014-09-01,대구맨션건너,2233,373
2014-09-01,대구맨션앞,4036,827
2014-09-01,대구문화방송건너,13001,4641
2014-09-01,대구문화방송앞,14238,2805
2014-09-01,대구미술관건너,483,46
2014-09-01,대구미술관앞,612,32
2014-09-01,대구병원건너,25285,1478
2014-09-01,대구병원앞,13921,6781
2014-09-01,대구보건고등학교건너,16764,7264
2014-09-01,대구보건고등학교앞,12573,1985
2014-09-01,대구보건대학3,14997,8478
2014-09-01,대구보건대학4,35459,4168
2014-09-01,대구보건대학5,90,11
2014-09-01,대구보건대학건너1,2949,64
2014-09-01,대구보건대학건너2,19704,388
2014-09-01,대구보건대학앞1,597,231
2014-09-01,대구보건대학앞2,1741,634
2014-09-01,대구보훈요양원,8,0
2014-09-01,대구보훈요양원건너,3,1
2014-09-01,대구보훈요양원앞,174,3
2014-09-01,대구비지니스센터건너,3671,314
2014-09-01,대구비지니스센터앞,4080,387
2014-09-01,대구사격장,72,4
2014-09-01,대구삼성창조캠퍼스1,1433,187
2014-09-01,대구삼성창조캠퍼스2,381,621
2014-09-01,대구선방촌공원,1120,31
2014-09-01,대구소방본부건너,442,174
2014-09-01,대구소방본부앞,1841,3165
2014-09-01,대구스타디움건너,4045,506
2014-09-01,대구스타디움앞,4282,734
2014-09-01,대구시교육청건너,1232,367
2014-09-01,대구시교육청앞,1880,4713
2014-09-01,대구시설공단건너,17525,3032
2014-09-01,대구시설공단앞,10622,17694
2014-09-01,대구시설관리사업소,14,109
2014-09-01,대구시지노인전문병원건너,343,112
2014-09-01,대구시지노인전문병원앞,529,1530
2014-09-01,대구신문사,97,643
2014-09-01,대구애견훈련학교건너,306,1
2014-09-01,대구애견훈련학교앞,2,13
2014-09-01,대구역,887,277
2014-09-01,대구역건너,37575,7520
2014-09-01,대구역꽃시장,572,843
2014-09-01,대구역북편네거리1,39483,4580
2014-09-01,대구역북편네거리2,13704,15132
2014-09-01,대구역센트럴자이,1189,115
2014-09-01,대구역앞,37414,10359
2014-09-01,대구예담학교,395,68
2014-09-01,대구우편집중국(동편),2,7
2014-09-01,대구우편집중국앞,1902,1318
2014-09-01,대구은행3공단지점앞,6018,510
2014-09-01,대구은행북비산지점건너1,12771,2283
2014-09-01,대구은행북비산지점건너2,1733,878
2014-09-01,대구은행북비산지점앞,39034,6284
2014-09-01,대구은행산격지점앞,656,291
2014-09-01,대구은행역(1번출구),34455,8446
2014-09-01,대구은행역(2번출구),36206,6675
2014-09-01,대구은행제2본점앞,14337,2899
2014-09-01,대구은행칠곡지점건너,8504,2330
2014-09-01,대구은행칠곡지점앞,25992,6699
2014-09-01,대구은행평리동지점건너,3349,1728
2014-09-01,대구은행평리동지점앞,6181,2506
2014-09-01,대구의료원건너,7331,1159
2014-09-01,대구의료원라파엘웰빙센터,2031,92
2014-09-01,대구의료원라파엘웰빙센터건너,447,1042
2014-09-01,대구의료원앞,4757,831
2014-09-01,대구일마이스터고교건너,4311,984
2014-09-01,대구일마이스터고교앞,8792,657
2014-09-01,대구전자공고남편,105,284
2014-09-01,대구전자공업고등학교1,10451,439
2014-09-01,대구전자공업고등학교2,892,3164
2014-09-01,대구제일고등학교건너,33826,7178
2014-09-01,대구제일고등학교앞,34060,20894
2014-09-01,대구중앙중고등학교건너,29502,3371
2014-09-01,대구중앙중고등학교앞,27878,4706
2014-09-01,대구중앙중학교건너,2552,34
2014-09-01,대구중앙중학교앞,2,14
2014-09-01,대구중학교건너,1574,533
2014-09-01,대구중학교앞,6395,1904
2014-09-01,대구지료재생사,93,54
2014-09-01,대구지방경찰청,5720,738
2014-09-01,대구지방법원등기국건너,5550,9287
2014-09-01,대구지방법원등기국앞,2456,1205
2014-09-01,대구지방법원서부지원,573,81
2014-09-01,대구차여성병원건너,4825,8573
2014-09-01,대구차여성병원앞,16010,1343
2014-09-01,대구콘서트하우스건너,17770,21195
2014-09-01,대구콘서트하우스앞,23534,3113
2014-09-01,대구태현교회,5,56
2014-09-01,대구텍건너,730,265
2014-09-01,대구텍앞,5011,852
2014-09-01,대구학생문화센터,222,72
2014-09-01,대구학생수련관입구건너,690,4
2014-09-01,대구학생수련관입구앞,23,137
2014-09-01,대구한의대학교부속한방병원건너,313,92
2014-09-01,대구한의대학교부속한방병원앞,2513,79
2014-09-01,대구향교건너,2638,3918
2014-09-01,대구향교앞,1917,526
2014-09-01,대덕마을건너,705,1411
2014-09-01,대덕마을앞,334,76
2014-09-01,대덕맨션앞,9508,248
2014-09-01,대덕문화전당건너,1522,170
2014-09-01,대덕문화전당앞,52,169
2014-09-01,대덕승마장건너,593,27
2014-09-01,대덕승마장앞,119,73
2014-09-01,대덕식당건너,314,270
2014-09-01,대덕식당앞,4808,189
2014-09-01,대덕천주교회1,1860,412
2014-09-01,대덕천주교회2,2803,156
2014-09-01,대덕천주교회3,3718,201
2014-09-01,대덕천주교회4,189,461
2014-09-01,대덕초등학교,716,21
2014-09-01,대동공업,121,157
2014-09-01,대동공업건너,669,16
2014-09-01,대동금속건너,1770,49
2014-09-01,대동금속앞,693,120
2014-09-01,대동시장1,4671,550
2014-09-01,대동시장2,8437,492
2014-09-01,대륜중고등학교건너,5368,6733
2014-09-01,대륜중고등학교앞,6451,329
2014-09-01,대리,196,2
2014-09-01,대리마을앞,81,102
2014-09-01,대리마을회관,251,9
2014-09-01,대리마을회관건너,25,28
2014-09-01,대림생수,877,17
2014-09-01,대림생수앞,47,189
2014-09-01,대림육교1,282,22180
2014-09-01,대림육교2,41,58
2014-09-01,대명6동주민센터건너,2310,505
2014-09-01,대명6동주민센터앞,2802,210
2014-09-01,대명시장건너,20731,6372
2014-09-01,대명시장앞,25030,4692
2014-09-01,대명역(1번출구),18989,4082
2014-09-01,대명역(2번출구),13652,2275
2014-09-01,대명중학교건너,27,309
2014-09-01,대명중학교앞,3093,89
2014-09-01,대명초등학교건너,8421,3524
2014-09-01,대명초등학교앞,11946,4853
2014-09-01,대백인터빌건너,22567,4515
2014-09-01,대백인터빌앞,19509,4479
2014-09-01,대백창신한라타운건너,12951,2098
2014-09-01,대백창신한라타운앞,3356,1383
2014-09-01,대백프라자건너,22974,5362
2014-09-01,대백프라자앞,30115,4535
2014-09-01,대백한라무지개타운건너,22697,837
2014-09-01,대백한라무지개타운앞,8880,1329
2014-09-01,대봉교회,9557,3829
2014-09-01,대봉네거리1,4737,546
2014-09-01,대봉네거리2,2758,2344
2014-09-01,대봉도서관건너,1369,333
2014-09-01,대봉도서관앞,3992,812
2014-09-01,대봉성당,9316,2022
2014-09-01,대서초등학교앞,472,128
2014-09-01,대성공업건너,745,8152
2014-09-01,대성공업앞,1635,152
2014-09-01,대성유니드앞,2945,52
2014-09-01,대성테크앞,228,10
2014-09-01,대신동광명맨션앞,1472,401
2014-09-01,대신센트럴자이,5868,365
2014-09-01,대실역(1번출구),9232,2007
2014-09-01,대실역(2번출구),30187,1397
2014-09-01,대실역(4번출구),2157,32
2014-09-01,대실역1,125,13
2014-09-01,대실역2,92,152
2014-09-01,대실역청아람건너,6947,43
2014-09-01,대실역청아람앞,612,3267
2014-09-01,대우트럼프월드수성건너,14003,1823
2014-09-01,대우트럼프월드수성앞,3319,2035
2014-09-01,대원고등학교,3780,22461
2014-09-01,대원고등학교건너,2541,2590
2014-09-01,대원사건너(공산동),38,199
2014-09-01,대원사앞(공산동),88,1
2014-09-01,대원사입구,114,0
2014-09-01,대원유치원건너,6698,6206
2014-09-01,대원유치원앞,10075,544
2014-09-01,대일1리마을회관건너,167,42
2014-09-01,대일1리점촌마을,0,47
2014-09-01,대일아파트건너,10047,4106
2014-09-01,대일아파트앞,14477,2409
2014-09-01,대자연맨션,16351,496
2014-09-01,대자연맨션건너,3249,1335
2014-09-01,대중인벤트,221,42
2014-09-01,대진중고등학교건너,948,98
2014-09-01,대진중고등학교앞,517,107
2014-09-01,대천119안전센터건너,1389,24
2014-09-01,대천119안전센터앞,591,90
2014-09-01,대천교,3406,928
2014-09-01,대천초등학교건너,480,137
2014-09-01,대천초등학교앞,2476,99
2014-09-01,대청초등학교건너,183,629
2014-09-01,대청초등학교앞,13349,943
2014-09-01,대평2리,273,1
2014-09-01,대평교회앞,3,5
2014-09-01,대평리시장,15216,1078
2014-09-01,대평중학교건너,9001,1026
2014-09-01,대평중학교앞,5984,1268
2014-09-01,대홍철강,619,38
2014-09-01,대흥동건너,422,49
2014-09-01,대흥동앞,327,235
2014-09-01,덕곡(달구벌고교),802,2
2014-09-01,덕곡(대구선명학교),105,22
2014-09-01,덕곡삼거리1,38,143
2014-09-01,덕곡삼거리2,880,9
2014-09-01,덕산마을건너,0,3
2014-09-01,덕산마을앞,331,0
2014-09-01,덕원고등학교건너,4086,977
2014-09-01,덕원고등학교앞,769,817
2014-09-01,덕인초등학교건너,2373,684
2014-09-01,덕인초등학교앞,1725,364
2014-09-01,덕화중학교건너,9815,531
2014-09-01,덕화중학교앞,3532,3692
2014-09-01,덴티스앞,306,6
2014-09-01,도곡교1,128,400
2014-09-01,도곡교2,199,11
2014-09-01,도남동,251,1
2014-09-01,도남동(종점),26,2
2014-09-01,도남지,131,1
2014-09-01,도동,7,4
2014-09-01,도동교1,841,5
2014-09-01,도동교2,7,31
2014-09-01,도동서원,402,6
2014-09-01,도동청구타운건너,38,46
2014-09-01,도동청구타운앞,1416,161
2014-09-01,도시철도건설본부건너,1191,4450
2014-09-01,도시철도건설본부앞,29665,1944
2014-09-01,도시철도담티역(1번출구),34489,5393
2014-09-01,도시철도담티역(3번출구),27808,4747
2014-09-01,도시철도대구역,792,287
2014-09-01,도시철도수성구청역북편1,507,5911
2014-09-01,도시철도수성구청역북편2,1960,86
2014-09-01,도의리,175,48
2014-09-01,도평동입구1,755,117
2014-09-01,도평동입구2,216,175
2014-09-01,도평동행정복지센터1,2,10
2014-09-01,도평동행정복지센터2,189,1
2014-09-01,도학동,1225,3
2014-09-01,도학동1,29,74
2014-09-01,동곡1리1,3,0
2014-09-01,동곡1리2,258,0
2014-09-01,동곡1리3,99,3
2014-09-01,동곡리,124,1
2014-09-01,동곡초등학교건너,314,5
2014-09-01,동곡초등학교앞,30,56
2014-09-01,동곡치안센터앞,21,28
2014-09-01,동구시장건너,8339,1628
2014-09-01,동구시장앞,7649,1364
2014-09-01,동구청건너,74753,32968
2014-09-01,동구청앞,56831,9887
2014-09-01,동구청역(3번출구),8364,1678
2014-09-01,동구청역(4번출구),1956,655
2014-09-01,동대구LPG충전소건너,2154,146
2014-09-01,동대구LPG충전소앞,635,212
2014-09-01,동대구맨션,7869,7603
2014-09-01,동대구시장건너,12716,2483
2014-09-01,동대구시장앞,20598,6114
2014-09-01,동대구역,56552,15121
2014-09-01,동대구역건너,58669,18377
2014-09-01,동대구역복합환승센터건너,45642,5266
2014-09-01,동대구역복합환승센터앞,42050,19158
2014-09-01,동대구역수화물취급소건너,375,215
2014-09-01,동대구역수화물취급소앞,3952,274
2014-09-01,동대구역지하도1,4881,3255
2014-09-01,동대구역지하도2,771,1032
2014-09-01,동대구초등학교건너,1312,85
2014-09-01,동대구초등학교앞,732,215
2014-09-01,동도중학교건너,10545,1576
2014-09-01,동도중학교앞,15497,2147
2014-09-01,동문고등학교앞,1006,254
2014-09-01,동문고등학교정문,845,174
2014-09-01,동변주공그린빌건너,2650,474
2014-09-01,동변주공그린빌앞,10626,304
2014-09-01,동부경찰서건너,1529,1117
2014-09-01,동부경찰서앞,8466,273
2014-09-01,동부고교건너,1458,600
2014-09-01,동부고교앞,6900,2569
2014-09-01,동부소방서건너,941,7587
2014-09-01,동부소방서앞,5529,504
2014-09-01,동부시외버스터미널(순환2번),2310,296
2014-09-01,동부중학교건너,4690,314
2014-09-01,동부중학교앞,2267,3751
2014-09-01,동북주유소건너,116,27
2014-09-01,동북주유소앞,10,41
2014-09-01,동산의료원앞1,32765,8805
2014-09-01,동산의료원앞2,15916,10280
2014-09-01,동서교회건너,2869,254
2014-09-01,동서교회앞,1396,855
2014-09-01,동서변리벤빌,9745,1032
2014-09-01,동서변월드메르디앙아파트,2684,906
2014-09-01,동서아파트건너,170,4
2014-09-01,동서아파트앞,2,17
2014-09-01,동서화성타운건너,29273,894
2014-09-01,동서화성타운앞,15193,3492
2014-09-01,동성에스티에스건너,60,10
2014-09-01,동성에스티에스앞,93,4
2014-09-01,동성초등학교건너,2894,7584
2014-09-01,동성초등학교앞,5342,2126
2014-09-01,동신초등학교건너,2759,1228
2014-09-01,동신초등학교앞,2231,3632
2014-09-01,동아백화점수성점건너,13864,8296
2014-09-01,동아백화점수성점앞,58721,1347
2014-09-01,동아수산냉동건너,469,534
2014-09-01,동아수산냉동앞,304,64
2014-09-01,동아스포츠센터(지산중학교앞),1578,845
2014-09-01,동아스포츠센터(지산초교앞),7704,373
2014-09-01,동아제약,494,112
2014-09-01,동아제약건너,2144,21
2014-09-01,동양맨션앞,3338,244
2014-09-01,동원약품,8672,1546
2014-09-01,동원초등학교건너,1195,585
2014-09-01,동원초등학교앞1,1367,491
2014-09-01,동원초등학교앞2,2001,322
2014-09-01,동인네거리1,1457,278
2014-09-01,동인네거리2,1451,876
2014-09-01,동인초등학교건너,13199,4394
2014-09-01,동인초등학교앞,9583,4039
2014-09-01,동인치안센터건너,17938,8860
2014-09-01,동인치안센터앞,10120,6961
2014-09-01,동일초등학교건너,2257,520
2014-09-01,동일초등학교앞,2833,1093
2014-09-01,동천역1,454,73
2014-09-01,동천역2,1208,244
2014-09-01,동촌강나루아파트건너,2341,818
2014-09-01,동촌강나루아파트앞,3119,11126
2014-09-01,동촌역,575,206
2014-09-01,동촌역(구길),1961,156
2014-09-01,동촌역(신길)1,5882,1315
2014-09-01,동촌역(신길)2,4164,2195
2014-09-01,동촌유원지,558,203
2014-09-01,동촌유원지놀이동산앞,175,90
2014-09-01,동촌해성아파트건너,121,245
2014-09-01,동촌해성아파트앞,863,2015
2014-09-01,동촌화성타운건너,12947,948
2014-09-01,동촌화성타운앞,7318,1970
2014-09-01,동침산네거리,1779,897
2014-09-01,동침산네거리2,28,178
2014-09-01,동호동건너(북구),818,149
2014-09-01,동호동앞(북구),95,70
2014-09-01,동호육교1,45,390
2014-09-01,동호육교2,7770,194
2014-09-01,동호초등학교건너,284,1
2014-09-01,동화골든빌(남편),4173,232
2014-09-01,동화골든빌(동편),1441,1705
2014-09-01,동화골든빌(북편),42,233
2014-09-01,동화골든빌건너(남편),7,238
2014-09-01,동화교1,51,220
2014-09-01,동화교2,2713,6
2014-09-01,동화사입구건너,5710,8
2014-09-01,동화사입구앞,59,413
2014-09-01,동화시설집단지구(종점)1,185,14
2014-09-01,동화시설집단지구(종점)2(대구시민안전테마파크),9715,180
2014-09-01,두류3동파출소건너,773,79
2014-09-01,두류3동파출소앞,490,326
2014-09-01,두류공원(야외음악당건너),882,58
2014-09-01,두류공원(야외음악당앞),666,96
2014-09-01,두류공원네거리1,13128,2721
2014-09-01,두류공원네거리2,4469,3456
2014-09-01,두류도서관앞,7437,3680
2014-09-01,두류보성맨션건너,6320,303
2014-09-01,두류보성맨션앞,3437,3654
2014-09-01,두류수영장건너,21197,4834
2014-09-01,두류수영장앞,19664,3548
2014-09-01,두류역(달성고등학교건너),32690,6575
2014-09-01,두류역(달성고등학교앞),53461,18852
2014-09-01,두류정수사업소건너,17824,1402
2014-09-01,두류정수사업소앞,2613,8434
2014-09-01,두류파출소건너,479,145
2014-09-01,두류파출소앞,133,274
2014-09-01,두리봉네거리1,4783,17988
2014-09-01,두리봉네거리2,14532,2720
2014-09-01,두리봉터널입구,1616,414
2014-09-01,두리봉터널입구건너,4385,179
2014-09-01,두산동주민센터건너,17475,1944
2014-09-01,두산동주민센터앞,9972,3043
2014-09-01,두산스포츠건너,1287,215
2014-09-01,두성파크아파트건너,24536,4036
2014-09-01,두성파크아파트앞,8669,7023
2014-09-01,두천마을건너,54,0
2014-09-01,둔산동,709,0
2014-09-01,들안길1,1195,759
2014-09-01,들안길2,4213,377
2014-09-01,들안길네거리1,5843,218
2014-09-01,들안길네거리2,937,1252
2014-09-01,들안길초등학교건너,4222,1231
2014-09-01,들안길초등학교앞,4865,2091
2014-09-01,들연경,15,3
2014-09-01,럭키아파트건너,285,325
2014-09-01,럭키아파트앞,2394,52
2014-09-01,롯데백화점상인점건너,10339,5862
2014-09-01,롯데캐슬그랜드,720,1318
2014-09-01,룸비니유치원건너,2376,144
2014-09-01,룸비니유치원앞,1995,268
2014-09-01,마비정벽화마을(종점),691,12
2014-09-01,만경관건너,11598,5354
2014-09-01,만경관앞,10026,4030
2014-09-01,만촌1동주민센터,3164,841
2014-09-01,만촌2동주민센터,16011,1190
2014-09-01,만촌3차화성파크드림건너,3117,225
2014-09-01,만촌그린빌라건너,801,89
2014-09-01,만촌역(1번출구),1012,4762
2014-09-01,만촌우방1차건너,9190,345
2014-09-01,만촌우방1차앞,336,459
2014-09-01,만촌육교1,52518,6403
2014-09-01,만촌육교2,8933,12753
2014-09-01,만촌자전거경기장,85,49
2014-09-01,만촌천주교회앞,169,224
2014-09-01,만촌초등학교건너1,2359,576
2014-09-01,만촌초등학교건너2,3410,230
2014-09-01,만촌초등학교앞,2224,388
2014-09-01,만촌태왕리더스건너,1866,319
2014-09-01,만촌태왕리더스건너(남편),350,2876
2014-09-01,만촌태왕리더스북편,533,410
2014-09-01,만촌태왕리더스앞1,5884,11508
2014-09-01,만촌태왕리더스앞2,1868,166
2014-09-01,만촌화성파크스위트,918,33
2014-09-01,만평네거리,6236,5325
2014-09-01,만평역(서대구고속버스터미널)1,9404,3153
2014-09-01,만평역(서대구고속버스터미널)2,7305,13875
2014-09-01,망우당공원(종점),246,67
2014-09-01,망우당공원건너,1335,758
2014-09-01,망우당공원앞,2894,3314
2014-09-01,매곡(종점),824,153
2014-09-01,매곡사거리1,561,621
2014-09-01,매곡사거리2,12757,483
2014-09-01,매곡정수사업소건너,634,34
2014-09-01,매곡정수사업소앞,6,19
2014-09-01,매곡초등학교건너,25,609
2014-09-01,매골1,19,91
2014-09-01,매골2,292,6
2014-09-01,매여동(동구)저탄장,883,129
2014-09-01,매일신문사건너,155,159
2014-09-01,매일신문사앞,1523,500
2014-09-01,매천고교,1397,126
2014-09-01,매천대교1,1396,180
2014-09-01,매천대교2,5,13
2014-09-01,매천성당건너1,3127,194
2014-09-01,매천성당건너2,433,94
2014-09-01,매천성당앞,5253,294
2014-09-01,매천수산시장건너,1343,133
2014-09-01,매천수산시장앞,1464,80
2014-09-01,매천시장지하차도,1286,222
2014-09-01,매천중고등학교건너,4277,3592
2014-09-01,매천중고등학교앞,10081,937
2014-09-01,매천초교(매천역)2,1064,137
2014-09-01,매천화성파크드림,1268,47
2014-09-01,매천휴먼시아앞,926,110
2014-09-01,매호동서아파트앞,882,4
2014-09-01,매호성당건너,608,3
2014-09-01,메트로시티건너,3978,775
2014-09-01,메트로시티앞,1589,146
2014-09-01,메트로팔레스1,13832,1902
2014-09-01,메트로팔레스2,17700,959
2014-09-01,명곡1리입구1,9,1
2014-09-01,명곡1리입구2,12,9
2014-09-01,명곡리1,1884,561
2014-09-01,명곡리2,6517,615
2014-09-01,명곡미래빌1단지,1696,230
2014-09-01,명곡미래빌2단지건너,17,235
2014-09-01,명곡미래빌2단지앞,10664,1130
2014-09-01,명곡미래빌3단지건너,1622,841
2014-09-01,명곡미래빌3단지앞,4513,202
2014-09-01,명곡미래빌4단지,3314,213
2014-09-01,명곡미래빌5단지건너,7,84
2014-09-01,명곡미래빌5단지앞,5021,1070
2014-09-01,명곡지구앞,81,74
2014-09-01,명덕네거리1,35271,2617
2014-09-01,명덕네거리2,12427,17746
2014-09-01,명덕역(6번출구),42515,13998
2014-09-01,명덕역(7번출구),27740,5620
2014-09-01,명덕초등학교건너,18635,15039
2014-09-01,명덕초등학교앞,26313,5672
2014-09-01,명문세가APT건너,8795,1290
2014-09-01,명문세가APT앞,14118,2097
2014-09-01,명문오하임아파트건너,275,262
2014-09-01,명문오하임아파트앞,137,94
2014-09-01,명보약국건너,1826,965
2014-09-01,명보약국앞,2324,361
2014-09-01,명산교(명산화성타운건너),3386,166
2014-09-01,명성푸르지오건너,5985,1276
2014-09-01,명성푸르지오앞,26220,2073
2014-09-01,모개월앞,0,3
2014-09-01,모개월입구,4,0
2014-09-01,모다아울렛,92,6
2014-09-01,모다아울렛건너,14555,616
2014-09-01,모다아울렛앞,567,1624
2014-09-01,모래정마을건너,75,0
2014-09-01,모래정마을앞,0,6
2014-09-01,목단1리,101,0
2014-09-01,목단2리,74,0
2014-09-01,목단리,62,0
2014-09-01,묘1리,70,0
2014-09-01,묘2리(고려정밀),125,0
2014-09-01,묘2리(전마),229,1
2014-09-01,무궁화LPG충전소,8499,3104
2014-09-01,무궁화LPG충전소건너,3512,934
2014-09-01,무궁화어린이공원입구,1994,285
2014-09-01,무궁화어린이공원입구건너,4316,2016
2014-09-01,무등1리1,1,0
2014-09-01,무등1리2,214,0
2014-09-01,무등1리3,60,0
2014-09-01,무등2리,1,4
2014-09-01,무등2리입구건너,89,0
2014-09-01,무등보건진료소건너,17,0
2014-09-01,무등보건진료소앞,3,2
2014-09-01,무림제지건너,627,215
2014-09-01,무림제지앞1,786,263
2014-09-01,무림제지앞2,235,97
2014-09-01,무열대건너,4059,2261
2014-09-01,무열대앞,1340,399
2014-09-01,무태교,11,719
2014-09-01,무태네거리(시내방향),15339,4132
2014-09-01,무태네거리(시외방향),3834,2859
2014-09-01,무태새마을금고건너,1557,403
2014-09-01,무태새마을금고앞,5406,271
2014-09-01,무태조야동주민센터건너1,6556,211
2014-09-01,무태조야동주민센터건너2,5577,1101
2014-09-01,무태조야동주민센터앞1,1574,449
2014-09-01,무태조야동주민센터앞2,14666,1125
2014-09-01,문성병원건너,10848,4201
2014-09-01,문성병원앞,17481,5036
2014-09-01,문양기지창건너,14,275
2014-09-01,문양기지창앞,76,10
2014-09-01,문양리(서부실),2,0
2014-09-01,문양리1,151,3
2014-09-01,문양리2,2,7
2014-09-01,문양리입구1,85,42
2014-09-01,문양리입구2,0,58
2014-09-01,문양역건너,11,761
2014-09-01,문양역앞,2481,991
2014-09-01,문주마을건너,150,0
2014-09-01,문주마을앞,21,6
2014-09-01,문화예술회관건너,12243,4470
2014-09-01,문화예술회관앞,11188,4274
2014-09-01,미8군후문건너,385,184
2014-09-01,미8군후문앞,1098,58
2014-09-01,미곡동1,221,325
2014-09-01,미곡동2,2342,51
2014-09-01,미대동1,2351,96
2014-09-01,미대동2,308,206
2014-09-01,미래아트빌앞,560,346
2014-09-01,미리내맨션건너,15923,439
2014-09-01,미리내맨션앞,4658,1399
2014-09-01,민들레아파트후문건너,4121,133
2014-09-01,민들레아파트후문앞,5976,90
2014-09-01,바른병원건너,319,161
2014-09-01,박곡리(시내방향),210,0
2014-09-01,박곡리(시외방향),49,5
2014-09-01,박석진교,1,16
2014-09-01,반고개(내당역4번출구),3780,3037
2014-09-01,반고개1,7388,3267
2014-09-01,반고개2,15932,5190
2014-09-01,반송4교건너,2,3
2014-09-01,반송4교앞,186,8
2014-09-01,반송리,368,6
2014-09-01,반야월모란1차아파트,4131,2106
2014-09-01,반야월시장1,6647,2531
2014-09-01,반야월시장2,9526,1224
2014-09-01,반야월역(국철)건너,4951,2620
2014-09-01,반야월역(국철)앞,7340,1461
2014-09-01,반야월역(도시철도1번출구),1264,312
2014-09-01,반야월역(도시철도2번출구),7327,212
2014-09-01,반야월역(도시철도3번출구),6096,2618
2014-09-01,반야월역(도시철도4번출구)1,5680,2074
2014-09-01,반야월역(도시철도4번출구)2,2045,1633
2014-09-01,반야월저탄장건너,5300,3409
2014-09-01,반야월저탄장앞,9162,1114
2014-09-01,반월당역(1번출구)1,36365,10105
2014-09-01,반월당역(1번출구)2,4891,5248
2014-09-01,반월당역(2번출구),65438,34895
2014-09-01,방공포병학교건너,1716,194
2014-09-01,방공포병학교앞,860,2678
2014-09-01,방짜유기박물관건너,930,7
2014-09-01,방짜유기박물관앞,22,85
2014-09-01,방천리1,140,12
2014-09-01,방천리2,583,138
2014-09-01,방천시장(김광석길)건너,15425,5970
2014-09-01,방천시장(김광석길)앞,13385,2532
2014-09-01,방촌1동,1122,1
2014-09-01,방촌건널목,125,1294
2014-09-01,방촌맨션앞,4696,1440
2014-09-01,방촌빌라,161,1043
2014-09-01,방촌시장건너,25852,3152
2014-09-01,방촌시장앞,15956,5321
2014-09-01,방촌역(1번출구),12834,4850
2014-09-01,방촌역(2번출구),10338,1174
2014-09-01,방촌치안센터건너,1684,1309
2014-09-01,방촌치안센터앞,5253,1490
2014-09-01,백사벌네거리1,2045,36
2014-09-01,백사벌네거리2,2523,964
2014-09-01,백안교1,5,26
2014-09-01,백안교2,1171,99
2014-09-01,백안삼거리1,307,149
2014-09-01,백안삼거리2,4944,154
2014-09-01,백자맨션건너,367,755
2014-09-01,백자맨션앞,4448,1681
2014-09-01,범물1동주민센터건너,7458,1451
2014-09-01,범물1동주민센터앞,43820,1891
2014-09-01,범물2동주민센터건너,4177,545
2014-09-01,범물2동주민센터앞,15,269
2014-09-01,범물두성타운건너,405,25
2014-09-01,범물우방미진하이츠앞,4855,153
2014-09-01,범물청구맨션건너,513,2565
2014-09-01,범물청구맨션앞,40626,3202
2014-09-01,범물하이츠 건너,3326,3111
2014-09-01,범물하이츠앞,21601,177
2014-09-01,범물한라주택건너,24169,959
2014-09-01,범물한라주택앞,3194,5473
2014-09-01,범어2동1,138,2249
2014-09-01,범어2동2,1028,150
2014-09-01,범어4동주민센터건너,23679,5851
2014-09-01,범어4동주민센터앞,10293,8657
2014-09-01,범어쌍용예가건너,7880,7125
2014-09-01,범어쌍용예가앞,11593,2483
2014-09-01,범어역(1번출구),18365,2822
2014-09-01,범어역(2번출구),10452,4570
2014-09-01,법원건너,16864,12978
2014-09-01,법원앞,25093,5333
2014-09-01,법원어린이집,561,1366
2014-09-01,베어산업건너,669,1
2014-09-01,베어산업앞,43,21
2014-09-01,병무청중앙신체검사소,11,39
2014-09-01,보람타운건너,183,403
2014-09-01,보람타운앞,8142,2038
2014-09-01,보병50사단건너,3593,336
2014-09-01,보병50사단앞,1556,317
2014-09-01,보성기계건너,1646,224
2014-09-01,보성기계앞,19,120
2014-09-01,보성산호타운건너,4515,549
2014-09-01,보성산호타운앞,2427,1060
2014-09-01,보성서한타운앞,4021,871
2014-09-01,보성은하타운앞,2661,43
2014-09-01,보성화성타운건너,24169,2472
2014-09-01,보성화성타운앞,7494,5282
2014-09-01,보훈병원건너,5,25
2014-09-01,보훈병원앞,3278,124
2014-09-01,복음간호학원,7303,672
2014-09-01,복현네거리,5785,9058
2014-09-01,복현대백맨션건너,16003,1835
2014-09-01,복현대백맨션앞,3439,2874
2014-09-01,복현서한2차아파트,2404,3203
2014-09-01,복현성모약국앞,2509,928
2014-09-01,복현오거리1,50303,8966
2014-09-01,복현오거리2,11754,3749
2014-09-01,복현오거리3,277,217
2014-09-01,복현우방아파트,9464,1679
2014-09-01,복현우체국건너,45627,4209
2014-09-01,복현우체국앞,7577,7032
2014-09-01,복현장미맨션앞,2244,890
2014-09-01,복현푸르지오아파트건너,14632,1268
2014-09-01,복현현대맨션건너,2565,56
2014-09-01,복현현대맨션앞,816,212
2014-09-01,본동시장건너,7454,826
2014-09-01,본동시장앞,1639,1519
2014-09-01,본리1리,167,39
2014-09-01,본리1리동회관건너,522,396
2014-09-01,본리1리동회관앞,57,58
2014-09-01,본리2,1476,218
2014-09-01,본리근린공원건너,2,1
2014-09-01,본리네거리,2608,393
2014-09-01,본리네거리2,8333,1307
2014-09-01,본리네거리3,1655,1220
2014-09-01,본리도서관앞,1873,338
2014-09-01,본리롯데캐슬,2236,164
2014-09-01,본리아카시아맨션,4388,1194
2014-09-01,본리지구건너,1299,519
2014-09-01,본리지구앞,7379,1153
2014-09-01,본리초등학교건너,9153,1868
2014-09-01,본리초등학교앞,6997,1657
2014-09-01,본리치안센터건너,3125,354
2014-09-01,본리치안센터앞,3527,1440
2014-09-01,본말(종점),32,0
2014-09-01,봉덕119안전센터건너,846,44
2014-09-01,봉덕119안전센터앞,536,145
2014-09-01,봉덕2동새마을금고건너,1255,255
2014-09-01,봉덕2동새마을금고앞,930,745
2014-09-01,봉덕교회건너,12923,2165
2014-09-01,봉덕교회앞,3296,1095
2014-09-01,봉덕변전소건너,2667,14
2014-09-01,봉덕변전소앞,10,48
2014-09-01,봉덕시장건너1,3804,1545
2014-09-01,봉덕시장건너2,531,300
2014-09-01,봉덕시장건너3,8855,651
2014-09-01,봉덕시장앞1,13778,1002
2014-09-01,봉덕시장앞2,4678,1958
2014-09-01,봉무공원건너,8932,1407
2014-09-01,봉무청구새들마을건너,16856,1531
2014-09-01,봉무청구새들마을앞,2272,637
2014-09-01,봉산가구골목(동편),3267,3259
2014-09-01,봉산가구골목(서편),1986,350
2014-09-01,봉산문화거리건너,21660,8243
2014-09-01,봉산문화거리앞,12219,3653
2014-09-01,봉산육거리,3525,360
2014-09-01,봉촌1리1,477,2
2014-09-01,봉촌1리2,4,27
2014-09-01,봉촌1리3,241,0
2014-09-01,봉촌2리,187,0
2014-09-01,봉촌낙동길입구,308,1
2014-09-01,봉촌낙동길입구건너,6,35
2014-09-01,봉촌리,223,0
2014-09-01,부곡리,8,5
2014-09-01,부곡리건너,77,131
2014-09-01,부남교앞,468,0
2014-09-01,부동,904,39
2014-09-01,부동(종점),168,1
2014-09-01,부동농협,323,1
2014-09-01,부동삼거리,1,1
2014-09-01,부영3단지,2463,1529
2014-09-01,부영5단지,2068,364
2014-09-01,부영7단지건너,567,1
2014-09-01,부영7단지앞,18,55
2014-09-01,부인사건너,52,36
2014-09-01,부인사앞,37,1
2014-09-01,북구구민운동장건너,7019,1030
2014-09-01,북구구민운동장앞,2492,1498
2014-09-01,북구보건소건너,3740,1627
2014-09-01,북구보건소앞,7995,383
2014-09-01,북구선거관리위원회건너,5835,471
2014-09-01,북구선거관리위원회앞,6820,2955
2014-09-01,북구어울아트센터앞,75,86
2014-09-01,북구청건너,12048,4197
2014-09-01,북구청네거리1,1635,1883
2014-09-01,북구청네거리2,2568,303
2014-09-01,북구청앞,11410,1396
2014-09-01,북구청역(3번출구),12223,3858
2014-09-01,북구청역(4번출구),5079,2346
2014-09-01,북대구세무서건너,7106,626
2014-09-01,북대구세무서앞,3764,868
2014-09-01,북대구초등학교건너,2162,53
2014-09-01,북대구초등학교앞,614,146
2014-09-01,북동초등학교건너,1243,669
2014-09-01,북동초등학교앞,4243,66
2014-09-01,북리1,3070,1351
2014-09-01,북리2,19773,287
2014-09-01,북부경찰서건너,1832,884
2014-09-01,북부상수도사업소,118,895
2014-09-01,북부정류장,82825,16008
2014-09-01,북부정류장건너,39813,14022
2014-09-01,북비산네거리1,7582,4913
2014-09-01,북비산네거리2,8886,1432
2014-09-01,북중학교앞,2633,779
2014-09-01,북침산치안센터건너,6503,1575
2014-09-01,북침산치안센터앞,6122,2522
2014-09-01,불교한방병원건너1,459,233
2014-09-01,불교한방병원건너2,2251,183
2014-09-01,불교한방병원앞1,2892,154
2014-09-01,불교한방병원앞2,2722,592
2014-09-01,불로삼거리,1174,11651
2014-09-01,불로우방아파트건너,7159,2443
2014-09-01,불로우방아파트앞,8064,4496
2014-09-01,불로전통시장건너,38099,3625
2014-09-01,불로전통시장앞,14960,6242
2014-09-01,불로천주교회건너,11929,2956
2014-09-01,불로천주교회앞,19634,4181
2014-09-01,불로화훼단지건너,12,351
2014-09-01,불로화훼단지앞,507,716
2014-09-01,비산5동주민센터,24,0
2014-09-01,비산6동주민센터건너,476,808
2014-09-01,비산6동주민센터앞,414,25
2014-09-01,비산7동우체국건너,2889,4132
2014-09-01,비산7동우체국앞1,10681,3667
2014-09-01,비산7동우체국앞2,7575,2321
2014-09-01,비산웰빙하와이건너,1962,68
2014-09-01,비산웰빙하와이앞,1361,98
2014-09-01,비산지하도1,8975,5407
2014-09-01,비산지하도2,19154,4203
2014-09-01,비산초등학교건너,10325,1065
2014-09-01,비산초등학교앞,13473,1647
2014-09-01,비슬산휴양림주차장,14,0
2014-09-01,비원지구대건너,4824,389
2014-09-01,비원지구대앞,555,1435
2014-09-01,비철금속협업단지앞,5544,483
2014-09-01,사복동입구교차로,291,2589
2014-09-01,사복동입구교차로건너,28,453
2014-09-01,사월동(종점),751,39
2014-09-01,사월보성2차건너,49,132
2014-09-01,사월보성2차앞,2476,96
2014-09-01,사월역(2번출구),17965,2924
2014-09-01,사월역(4번출구),16881,9956
2014-09-01,사창마을건너,2,1
2014-09-01,사창마을앞,27,1
2014-09-01,산격4동주민센터건너,760,212
2014-09-01,산격4동주민센터앞,5185,563
2014-09-01,산격거평타운건너,978,2581
2014-09-01,산격거평타운앞,1750,2507
2014-09-01,산격대우아파트앞,53631,7258
2014-09-01,산격문화회관건너,7837,711
2014-09-01,산격문화회관앞,2870,1434
2014-09-01,산격종합시장앞,53566,16028
2014-09-01,산격주공아파트건너,3788,4677
2014-09-01,산격주공아파트앞,22473,2509
2014-09-01,산격중학교건너,7833,11765
2014-09-01,산격중학교앞,9237,1632
2014-09-01,산격청구맨션앞,5813,3214
2014-09-01,산격초등학교건너,9647,565
2014-09-01,산격초등학교앞,9087,810
2014-09-01,산림조합중앙회건너,1555,1955
2014-09-01,산림조합중앙회앞,1307,602
2014-09-01,산업용재관,3669,2122
2014-09-01,삼덕교회,5603,5209
2014-09-01,삼덕동1,234,332
2014-09-01,삼덕동2,162,54
2014-09-01,삼덕성당앞,7702,936
2014-09-01,삼리1리1,9,40
2014-09-01,삼리1리2,519,300
2014-09-01,삼리리1(논공),26,12
2014-09-01,삼리리2(논공),137,100
2014-09-01,삼보,775,116
2014-09-01,삼산리(범동교),35,21
2014-09-01,삼산리(삼산교회건너),167,2
2014-09-01,삼산리(삼산교회앞),3336,269
2014-09-01,삼산리(은지가든),0,29
2014-09-01,삼산리입구건너,431,0
2014-09-01,삼산리입구앞,1,168
2014-09-01,삼산지,8,0
2014-09-01,삼성공원아파트건너,249,152
2014-09-01,삼성래미안1차건너,5517,2034
2014-09-01,삼성래미안1차앞,4386,513
2014-09-01,삼성래미안2차건너,4116,675
2014-09-01,삼성래미안2차앞,3494,1704
2014-09-01,삼성명가타운,3917,1134
2014-09-01,삼성명가타운건너,825,408
2014-09-01,삼성물류센터앞,149,1060
2014-09-01,삼성한국형아파트건너,1094,24
2014-09-01,삼성한국형아파트앞,1118,559
2014-09-01,삼우섬유앞,309,15
2014-09-01,삼육구가든건너,337,16
2014-09-01,삼육구가든앞,78,0
2014-09-01,삼익THK건너,157,28
2014-09-01,삼익THK앞,256,21
2014-09-01,삼익뉴타운건너,6856,1925
2014-09-01,삼익뉴타운앞,10849,664
2014-09-01,삼정빌딩앞,810,246
2014-09-01,삼호아파트건너,689,186
2014-09-01,삼호아파트앞,1108,1131
2014-09-01,삼환맨션,421,91
2014-09-01,상공회의소건너,3529,1315
2014-09-01,상공회의소앞,4822,929
2014-09-01,상당마을,63,1
2014-09-01,상동가압장건너,1506,107
2014-09-01,상동교1,165,79
2014-09-01,상동교2,1142,612
2014-09-01,상동네거리,3483,1570
2014-09-01,상동마을(둔산길),826,2
2014-09-01,상동시장앞,1724,463
2014-09-01,상동우체국건너,6083,1790
2014-09-01,상동우체국앞,21318,3082
2014-09-01,상동천주교회건너,332,370
2014-09-01,상동천주교회앞,1778,2173
2014-09-01,상록아파트,788,40
2014-09-01,상리공단,1694,114
2014-09-01,상리공단건너,1006,612
2014-09-01,상리동입구,1349,142
2014-09-01,상리동입구1,3,114
2014-09-01,상리동입구2,3383,21
2014-09-01,상리동종점,3,12
2014-09-01,상리동종점2,1071,2
2014-09-01,상리동종점3,2748,114
2014-09-01,상리마을건너,2,10
2014-09-01,상리마을앞,35,15
2014-09-01,상리지하도1,2158,68
2014-09-01,상리지하도2,1605,69
2014-09-01,상매동(저탄장),16,18
2014-09-01,상서고등학교건너,1793,95
2014-09-01,상서고등학교앞,1217,191
2014-09-01,상수도사업본부,6840,3273
2014-09-01,상수도사업본부건너,7328,12545
2014-09-01,상수도사업본부시설관리소건너,8899,1444
2014-09-01,상수도사업본부시설관리소앞,1534,1158
2014-09-01,상수도중남부사업소건너,1511,663
2014-09-01,상수도중남부사업소앞,351,131
2014-09-01,상원리(마을회관),21,0
2014-09-01,상인2동주민센터건너,5662,285
2014-09-01,상인동서타운앞,17038,2695
2014-09-01,상인동화아이위시아파트건너,19356,1325
2014-09-01,상인동화아이위시아파트앞,2483,1515
2014-09-01,상인비둘기1단지아파트건너,4046,716
2014-09-01,상인비둘기1단지아파트앞,15247,754
2014-09-01,상인비둘기2단지아파트앞,14101,1154
2014-09-01,상인삼미타운건너,2271,11097
2014-09-01,상인삼미타운앞,5254,508
2014-09-01,상인역e-편한세상앞,7050,17788
2014-09-01,상인우방아파트,12143,27068
2014-09-01,상인은행아파트건너,6347,1461
2014-09-01,상인은행아파트앞,6742,1042
2014-09-01,상인자이앞,6053,2356
2014-09-01,상인장미아파트앞,10871,1012
2014-09-01,상인제림아파트건너,2180,368
2014-09-01,상인제림아파트앞,1403,866
2014-09-01,상인청구타운건너,3036,251
2014-09-01,상인청구타운앞,1663,224
2014-09-01,상인초등학교앞,2868,2418
2014-09-01,상인한서타운앞,3651,915
2014-09-01,상인현대맨션건너,71209,3866
2014-09-01,상인현대맨션앞,21905,30162
2014-09-01,상인화성파크드림건너,928,684
2014-09-01,상인화성파크드림앞,1095,137
2014-09-01,상화네거리,167,949
2014-09-01,새길시장건너,10813,7556
2014-09-01,새길시장앞,34451,4052
2014-09-01,새동네아파트건너,30,4
2014-09-01,새동네아파트앞,455,1620
2014-09-01,새마을건너,3,20
2014-09-01,새범어아파트건너,1258,259
2014-09-01,새범어아파트앞,1656,126
2014-09-01,새본리중학교앞,1342,388
2014-09-01,샤니삼거리1,159,0
2014-09-01,샤니삼거리2,1,3
2014-09-01,서구문화회관건너,3108,811
2014-09-01,서구문화회관앞,7815,1624
2014-09-01,서구시장건너,19319,5954
2014-09-01,서구시장앞,14606,4634
2014-09-01,서구제일사회복지관건너,1261,2236
2014-09-01,서구제일사회복지관앞,4326,515
2014-09-01,서구청건너,43843,6221
2014-09-01,서구청앞,44510,6411
2014-09-01,서남시장건너,25151,17732
2014-09-01,서남시장앞1,29910,5908
2014-09-01,서남시장앞2,13245,2614
2014-09-01,서당마을건너,801,80
2014-09-01,서당마을앞,18,39
2014-09-01,서대구고속버스터미널,245,1556
2014-09-01,서대구공단네거리1,749,51
2014-09-01,서대구공단네거리2,325,63
2014-09-01,서대구공단네거리3,2271,300
2014-09-01,서대구공단네거리4,3826,1790
2014-09-01,서대구세무서,11311,21936
2014-09-01,서대구시장건너,11408,5438
2014-09-01,서대구시장앞,13132,4550
2014-09-01,서대구초등학교입구,20196,8069
2014-09-01,서대명지구대건너,6542,1425
2014-09-01,서대명지구대앞,2407,841
2014-09-01,서도초등학교건너,2506,1532
2014-09-01,서도초등학교서편2,70,272
2014-09-01,서도초등학교앞,8658,739
2014-09-01,서문시장,63390,9436
2014-09-01,서문시장5지구앞,1271,865
2014-09-01,서변동영남네오빌건너,4363,246
2014-09-01,서변동영남네오빌앞,4232,386
2014-09-01,서부고등학교건너,2028,478
2014-09-01,서부고등학교앞,3536,118
2014-09-01,서부공업고등학교건너,9428,10589
2014-09-01,서부공업고등학교앞,26864,1448
2014-09-01,서부소방서,1,65
2014-09-01,서부시장건너,24375,10779
2014-09-01,서부시장앞,21265,4974
2014-09-01,서부정류장(관문시장건너),87588,15866
2014-09-01,서부정류장(관문시장앞),33453,9537
2014-09-01,서부정류장1,72464,9866
2014-09-01,서부정류장2,5980,1574
2014-09-01,서부정류장3(성당못역1번출구),22810,31061
2014-09-01,서부정류장4(성당못역1번출구),2349,1379
2014-09-01,서부중학교앞,8214,5373
2014-09-01,서영기공건너,294,0
2014-09-01,서영기공앞,4,32
2014-09-01,서재금봉타운,195,976
2014-09-01,서재금봉타운건너,23937,99
2014-09-01,서재들,18,5
2014-09-01,서재들건너,14,6
2014-09-01,서재보성타운건너,18652,133
2014-09-01,서재보성타운앞,147,214
2014-09-01,서진중학교건너,649,524
2014-09-01,서평초등학교,3372,1494
2014-09-01,서평초등학교건너,2501,402
2014-09-01,선녀곡건너(옥포),239,74
2014-09-01,선녀곡앞(옥포),49,273
2014-09-01,설티고개(달성공단방면),11,20
2014-09-01,설티고개(옥포방면),79,0
2014-09-01,설화동(종점),259,17
2014-09-01,설화리(시내방향),13423,892
2014-09-01,설화리(시외방향),762,832
2014-09-01,설화명곡역(4번출구),2,121
2014-09-01,섬뜸마을,699,2
2014-09-01,섬유회관건너1,50027,15365
2014-09-01,섬유회관건너2,9474,3008
2014-09-01,섬유회관앞,59555,19536
2014-09-01,성곡중학교건너,1440,461
2014-09-01,성곡중학교앞,1386,48
2014-09-01,성광고등학교건너,10997,3032
2014-09-01,성광고등학교앞,430,773
2014-09-01,성남초등학교건너,1110,1685
2014-09-01,성남초등학교앞,4783,277
2014-09-01,성내3동주민센터입구,1286,1490
2014-09-01,성당두산위브앞,22522,1591
2014-09-01,성당래미안·e-편한세상앞,9783,2904
2014-09-01,성당못역북편1,679,993
2014-09-01,성당못역북편2,2043,247
2014-09-01,성당보성아파트건너,26860,5945
2014-09-01,성당보성아파트앞,11659,3558
2014-09-01,성당시장건너,27269,4952
2014-09-01,성당시장앞1,5282,496
2014-09-01,성당시장앞2,31797,3017
2014-09-01,성당초교앞,850,275
2014-09-01,성당코오롱하늘채,8254,1305
2014-09-01,성당코오롱하늘채2,11728,5834
2014-09-01,성당포스코더샵건너,5155,1515
2014-09-01,성당포스코더샵앞,12964,960
2014-09-01,성동건너,189,300
2014-09-01,성동마을건너,73,66
2014-09-01,성동마을앞,335,7
2014-09-01,성동앞,98,53
2014-09-01,성동초등학교건너,9566,1860
2014-09-01,성동초등학교앞,16302,1368
2014-09-01,성동탱자나무마을건너,23,13
2014-09-01,성동탱자나무마을앞,62,33
2014-09-01,성림첨단산업건너,92,6
2014-09-01,성림첨단산업앞,220,1
2014-09-01,성명119안전센터건너1,3981,3721
2014-09-01,성명119안전센터앞,2301,325
2014-09-01,성명여자중학교,353,245
2014-09-01,성모여성병원건너,29625,3925
2014-09-01,성모여성병원앞,29037,15963
2014-09-01,성보교통,1098,57
2014-09-01,성북교1,11319,1703
2014-09-01,성북교2,7192,3242
2014-09-01,성북시장건너,2506,726
2014-09-01,성북시장앞,8824,2442
2014-09-01,성산3동,11,20
2014-09-01,성산리1,67,47
2014-09-01,성산리2,663,97
2014-09-01,성산중학교앞,1819,180
2014-09-01,성산초등학교앞,503,86
2014-09-01,성서119안전센터건너,37,3012
2014-09-01,성서119안전센터앞,14038,124
2014-09-01,성서4차산업단지앞1,100,11
2014-09-01,성서4차산업단지앞2,407,57
2014-09-01,성서공단물류센터,471,5
2014-09-01,성서농협남부지소,10356,3203
2014-09-01,성서동서서한타운건너,3875,463
2014-09-01,성서동서서한타운앞,5568,273
2014-09-01,성서보성타운2차건너1,266,591
2014-09-01,성서보성타운2차건너2,1113,102
2014-09-01,성서보성타운2차앞,8185,1554
2014-09-01,성서산업단지역(1번출구),5471,2875
2014-09-01,성서산업단지역(2번출구),10226,1296
2014-09-01,성서서한2차타운1,8172,344
2014-09-01,성서서한2차타운2,301,668
2014-09-01,성서우방2차아파트,1587,387
2014-09-01,성서우방타운건너,17465,2935
2014-09-01,성서우방타운앞,12257,2277
2014-09-01,성서우체국건너,1545,379
2014-09-01,성서우체국앞,427,1106
2014-09-01,성서종합시장건너,18803,6473
2014-09-01,성서종합시장앞,49910,5429
2014-09-01,성서주공1단지건너,9326,1017
2014-09-01,성서주공1단지앞,2102,1669
2014-09-01,성서주공2단지건너,13267,5976
2014-09-01,성서주공2단지앞,31285,2163
2014-09-01,성서주공5단지앞,435,180
2014-09-01,성서청구타운건너,8279,1516
2014-09-01,성서청구타운앞,5944,411
2014-09-01,성서초등학교건너,4782,1251
2014-09-01,성서초등학교앞,55,432
2014-09-01,성서푸른마을아파트건너,9529,924
2014-09-01,성서푸른마을아파트앞,2220,993
2014-09-01,성서한샘타운앞,1861,101
2014-09-01,성서협업단지건너,136,7
2014-09-01,성서협업단지앞,17,21
2014-09-01,성요셉요양병원건너,150,526
2014-09-01,성요셉요양병원앞,2053,121
2014-09-01,성원아파트건너,1428,204
2014-09-01,성원아파트앞,7044,449
2014-09-01,성주사건너,100,23
2014-09-01,성주사앞,10,98
2014-09-01,성지중학교건너,4956,985
2014-09-01,성지중학교앞,6552,4801
2014-09-01,성하리,14,588
2014-09-01,성화여고건너,10801,542
2014-09-01,성화여고앞,5250,3375
2014-09-01,세강병원앞,6327,20297
2014-09-01,세원정공건너,10293,439
2014-09-01,세원정공앞,1647,3099
2014-09-01,세천고개1,308,17
2014-09-01,세천고개2,225,29
2014-09-01,세천리2,358,10
2014-09-01,세천리3,638,21
2014-09-01,세하건너,1,17
2014-09-01,세하앞,5,5
2014-09-01,세흥인쇄,609,131
2014-09-01,소선여중건너,3526,3800
2014-09-01,소선여중앞,96,424
2014-09-01,솔렌스힐건너,5192,856
2014-09-01,솔렌스힐앞,1739,311
2014-09-01,솔밭기세길건너,1,34
2014-09-01,솔밭기세길입구,246,0
2014-09-01,솔비식당입구,8,2
2014-09-01,솔비식당입구맞은편,595,59
2014-09-01,송원맨션건너,10553,909
2014-09-01,송원맨션앞,3550,1084
2014-09-01,송정1동,1,5
2014-09-01,송정동1,42,9
2014-09-01,송정동2,33,2
2014-09-01,송정동3,54,3
2014-09-01,송정동4,32,76
2014-09-01,송정마을1,9,33
2014-09-01,송정마을2,133,0
2014-09-01,송정삼거리1,330,235
2014-09-01,송정삼거리2,248,490
2014-09-01,송정삼거리3,4461,1142
2014-09-01,송정삼거리4,7581,992
2014-09-01,송해공원,6,0
2014-09-01,송현1동치안센터건너,6665,1418
2014-09-01,송현2동주민센터건너,691,188
2014-09-01,송현공원건너,578,210
2014-09-01,송현공원앞,486,640
2014-09-01,송현교,1225,93
2014-09-01,송현교2,138,55
2014-09-01,송현여중고교건너,3594,727
2014-09-01,송현여중고교앞,4419,3911
2014-09-01,송현역(1번출구),11612,2032
2014-09-01,송현역(2번출구),16005,2807
2014-09-01,송현역(3번출구),16714,12732
2014-09-01,송현역(4번출구),6621,3695
2014-09-01,송현제림타운건너,5119,8671
2014-09-01,송현제림타운앞,3250,601
2014-09-01,송현초등학교건너,3318,848
2014-09-01,송현초등학교앞,8959,294
2014-09-01,수리리,76,26
2014-09-01,수성4가동주민센터앞,617,121
2014-09-01,수성경찰서건너,23619,6366
2014-09-01,수성경찰서앞,15796,9671
2014-09-01,수성고등학교건너,4662,852
2014-09-01,수성고등학교앞,3499,416
2014-09-01,수성관광호텔건너,2646,461
2014-09-01,수성관광호텔앞,2874,347
2014-09-01,수성교1,8225,4942
2014-09-01,수성교2,6510,3216
2014-09-01,수성구민운동장건너,7639,2035
2014-09-01,수성구민운동장앞,5902,10491
2014-09-01,수성구보건소건너,23271,1884
2014-09-01,수성구보건소앞,9066,3511
2014-09-01,수성구청건너,24667,9697
2014-09-01,수성구청앞,23728,6705
2014-09-01,수성네거리1,14313,5903
2014-09-01,수성네거리2,12891,2638
2014-09-01,수성대학교건너,36837,7849
2014-09-01,수성대학교앞,16922,14565
2014-09-01,수성도서관건너,13092,2113
2014-09-01,수성도서관앞,6487,2643
2014-09-01,수성동삼익맨션앞,26,0
2014-09-01,수성동일하이빌앞,799,88
2014-09-01,수성랜드1,3811,238
2014-09-01,수성랜드2,1179,3025
2014-09-01,수성랜드건너,1832,585
2014-09-01,수성랜드건너2,509,584
2014-09-01,수성랜드앞,1259,1861
2014-09-01,수성롯데캐슬건너,11830,1797
2014-09-01,수성롯데캐슬앞,16450,4379
2014-09-01,수성못건너,1208,407
2014-09-01,수성못앞,1989,594
2014-09-01,수성못오거리1,12560,2340
2014-09-01,수성못오거리2,12054,2634
2014-09-01,수성못오거리5,672,399
2014-09-01,수성못코오롱하늘채,4543,3296
2014-09-01,수성소방서1,340,1187
2014-09-01,수성소방서2,132,1466
2014-09-01,수성시니어클럽건너,2124,2196
2014-09-01,수성시니어클럽앞,5837,1157
2014-09-01,수성시장건너,2871,898
2014-09-01,수성시장네거리1,11873,1958
2014-09-01,수성시장네거리2,12463,5771
2014-09-01,수성시장앞,2630,776
2014-09-01,수성아트피아건너,6372,3054
2014-09-01,수성아트피아앞,4376,2307
2014-09-01,수성요양병원,463,80
2014-09-01,수성월드메르디앙건너,510,151
2014-09-01,수성월드메르디앙앞,1063,48
2014-09-01,수성초등학교,6451,2260
2014-09-01,수성태영데시앙건너,1572,821
2014-09-01,수성태영데시앙앞,3995,430
2014-09-01,수성하이츠,2626,139
2014-09-01,수정맨션앞,1644,161
2014-09-01,수창초등학교,632,3642
2014-09-01,수태골건너,9,5
2014-09-01,수태골앞,49,1
2014-09-01,스파밸리1,77,302
2014-09-01,스파밸리2,7560,43
2014-09-01,시립희망원,873,432
2014-09-01,시민교회건너,1002,85
2014-09-01,시민교회앞,610,511
2014-09-01,시민운동장(야구장건너),2795,534
2014-09-01,시민운동장(야구장앞),2434,501
2014-09-01,시민운동장(축구장건너),4067,3538
2014-09-01,시민운동장(축구장앞),4046,703
2014-09-01,시지(종점),2400,374
2014-09-01,시지대성유니드건너,643,28
2014-09-01,시지대성유니드앞,1796,1452
2014-09-01,시지보성아파트앞,23660,8603
2014-09-01,시지중학교,17737,936
2014-09-01,시지천마타운앞,3796,1437
2014-09-01,시청별관건너1,7821,2527
2014-09-01,시청별관건너2,5519,1098
2014-09-01,시청별관앞(구.경북도청),5121,3700
2014-09-01,신기리1,33,25
2014-09-01,신기리2,200,86
2014-09-01,신기역(화성타운건너),9533,1505
2014-09-01,신기역(화성타운앞),12741,1419
2014-09-01,신남역(1번출구),4245,981
2014-09-01,신당동주민센터건너,1426,779
2014-09-01,신당동주민센터앞,9237,505
2014-09-01,신당리,1096,5
2014-09-01,신덕마을입구,248,126
2014-09-01,신도운수건너,1003,93
2014-09-01,신도운수앞,882,107
2014-09-01,신매광장건너,39131,7859
2014-09-01,신매광장앞,43669,7715
2014-09-01,신매시장,4450,10648
2014-09-01,신매초등학교건너,8326,1666
2014-09-01,신매초등학교앞,7663,1933
2014-09-01,신매태성아파트,89,485
2014-09-01,신매태성아파트건너,6352,1905
2014-09-01,신무동1,578,1
2014-09-01,신무동2,1,8
2014-09-01,신생원건너,0,1
2014-09-01,신생원앞,18,1
2014-09-01,신서성당건너,4131,364
2014-09-01,신서성당앞,4,288
2014-09-01,신성에스앤티건너,535,44
2014-09-01,신성에스앤티앞,131,1
2014-09-01,신성중공업건너,9,59
2014-09-01,신성중공업앞,281,0
2014-09-01,신성초등학교건너,7285,8508
2014-09-01,신성초등학교앞,6973,1287
2014-09-01,신세계병원건너,21387,12960
2014-09-01,신세계병원앞,10408,9366
2014-09-01,신세계주유소건너,6699,289
2014-09-01,신세계주유소앞,886,1111
2014-09-01,신세월입구,30,0
2014-09-01,신신정비공장1,9407,4815
2014-09-01,신신정비공장2,27685,21703
2014-09-01,신암건영캐스빌건너,4159,612
2014-09-01,신암건영캐스빌앞,1742,81
2014-09-01,신암보성아파트건너,1250,545
2014-09-01,신암보성아파트앞,1065,956
2014-09-01,신암초등학교건너,4900,2118
2014-09-01,신천3동행정복지센터건너,3517,591
2014-09-01,신천3동행정복지센터앞,1763,2030
2014-09-01,신천3치안센터건너,3845,1264
2014-09-01,신천3치안센터앞,5316,3054
2014-09-01,신천LH아파트건너,8378,2075
2014-09-01,신천LH아파트앞,13011,4643
2014-09-01,신천교1,1967,794
2014-09-01,신천교2,1526,240
2014-09-01,신천시장건너,2815,594
2014-09-01,신천시장앞,3804,1204
2014-09-01,신천역(2번출구),3981,1908
2014-09-01,신천역(3번출구),2223,694
2014-09-01,신천역(4번출구),6655,2410
2014-09-01,신천역(5번출구),9865,1751
2014-09-01,신천초등학교건너,564,39
2014-09-01,신천초등학교앞,331,62
2014-09-01,신평동1,427,1427
2014-09-01,신평동2,2138,160
2014-09-01,신평리네거리1,20783,9034
2014-09-01,신평리네거리2,26830,8696
2014-09-01,신평리주유소건너,1772,227
2014-09-01,신평리주유소앞,524,299
2014-09-01,신흥버스,15128,2483
2014-09-01,실내체육관건너,3636,555
2014-09-01,실내체육관앞,3700,1366
2014-09-01,심신수련장입구건너,1393,448
2014-09-01,심신수련장입구앞,834,161
2014-09-01,심인고등학교건너,21830,2906
2014-09-01,심인고등학교앞,12614,2125
2014-09-01,쌍용머티리얼,1352,70
2014-09-01,아너스월성앞,3325,483
2014-09-01,아멕스,398,18
2014-09-01,아멕스건너,755,7
2014-09-01,아양교1,3190,1035
2014-09-01,아양교2,12227,12556
2014-09-01,아양교3,1082,21021
2014-09-01,아양교4,4440,887
2014-09-01,아양교역(1번출구),69510,65821
2014-09-01,아양교역(2번출구),74925,7510
2014-09-01,아양아트센터건너,4103,273
2014-09-01,아양아트센터앞,1357,246
2014-09-01,아주섬유건너,11,42
2014-09-01,아주섬유앞,124,2
2014-09-01,아주철강건너,149,12
2014-09-01,아주철강앞,93,3
2014-09-01,안심교(경산방향),93,51
2014-09-01,안심교(반야월방향),516,5715
2014-09-01,안심신우타운앞,2090,3553
2014-09-01,안심역(1번출구),1036,96
2014-09-01,안심역(4번출구),49128,407
2014-09-01,안심역(5번출구),5424,43182
2014-09-01,안심주공1단지건너,12621,1558
2014-09-01,안심주공1단지앞,6335,767
2014-09-01,안심주공2단지앞,427,1195
2014-09-01,안심중학교건너,1224,1861
2014-09-01,안심중학교앞,1760,1130
2014-09-01,안심효성타운건너,10779,1473
2014-09-01,안심효성타운앞,22430,1968
2014-09-01,안지랑네거리1,22174,7673
2014-09-01,안지랑네거리2,26239,7738
2014-09-01,앞산공원,11765,2847
2014-09-01,앞산공원관리사무소건너,429,74
2014-09-01,앞산공원관리사무소앞,51,1444
2014-09-01,앞산궁도장건너,713,125
2014-09-01,앞산궁도장앞,383,29
2014-09-01,앞산별자리체험학습장1,3749,34
2014-09-01,앞산별자리체험학습장2,82,599
2014-09-01,앞산보성타운건너,66,53
2014-09-01,앞산보성타운앞,2634,8
2014-09-01,앞산빨래터공원,795,111
2014-09-01,앞산빨래터공원1,969,60
2014-09-01,앞산자락카페마실건너,46,164
2014-09-01,앞산자락카페마실앞,1219,423
2014-09-01,앞산청구제네스건너,5457,2120
2014-09-01,앞산청구제네스앞,13574,1804
2014-09-01,앞산힐스테이트건너,2993,528
2014-09-01,앞산힐스테이트앞,1061,289
2014-09-01,약령시건너(동성로입구),180332,30480
2014-09-01,약령시앞,133652,60891
2014-09-01,약령시입구,3132,1782
2014-09-01,약사회관건너,324,60
2014-09-01,약사회관앞,580,47
2014-09-01,약산온천입구,1024,175
2014-09-01,양지마을건너,193,278
2014-09-01,양지마을앞,4467,32
2014-09-01,어린이회관건너1,2468,4455
2014-09-01,어린이회관건너2,20,380
2014-09-01,어린이회관앞,5608,2955
2014-09-01,에이스이노텍건너,93,11
2014-09-01,에이스이노텍앞,443,200
2014-09-01,엑스코건너,3814,1033
2014-09-01,엑스코앞,11070,466
2014-09-01,엘디스리젠트호텔건너,5122,4595
2014-09-01,엘디스리젠트호텔앞,4383,5722
2014-09-01,여성메디파크,743,468
2014-09-01,역전시장건너,5037,1060
2014-09-01,역전시장앞,5436,924
2014-09-01,연경1,66,29
2014-09-01,연경2,312,4
2014-09-01,연암네거리1,16928,3032
2014-09-01,연암네거리2,3657,400
2014-09-01,연암네거리3,180,2043
2014-09-01,연젓마을건너,21,2
2014-09-01,연호동,0,13
2014-09-01,연호동(종점),48,0
2014-09-01,연호동화훼단지1,3852,2789
2014-09-01,연호동화훼단지2,12151,670
2014-09-01,연호역(3번출구),77,8
2014-09-01,연호역(3번출구)건너,0,40
2014-09-01,연호지,359,449
2014-09-01,연호지건너,291,5169
2014-09-01,연화리1,3,5
2014-09-01,연화리2,0,156
2014-09-01,열병합발전소앞,0,1
2014-09-01,영남고등학교건너,17891,16218
2014-09-01,영남고등학교앞,34002,3132
2014-09-01,영남네오빌건너,1045,72
2014-09-01,영남네오빌비스타,1162,268
2014-09-01,영남네오빌앞,315,497
2014-09-01,영남농업연구소콩연구,0,9
2014-09-01,영남우방타운1차건너,4136,334
2014-09-01,영남우방타운1차앞,5975,264
2014-09-01,영남이공대학건너,15384,3118
2014-09-01,영남이공대학앞,28167,1132
2014-09-01,영남일보건너,2927,473
2014-09-01,영남종합전기,422,101
2014-09-01,영대병원역,37614,3395
2014-09-01,영대병원역(3번출구),32200,13500
2014-09-01,영일무역건너,387,10
2014-09-01,영일무역앞,115,65
2014-09-01,영조아파트건너,9,44
2014-09-01,영조아파트앞,2314,3
2014-09-01,영진고등학교건너,21525,2524
2014-09-01,영진고등학교앞,42258,16817
2014-09-01,영진교통(종점),213,6
2014-09-01,영진산업,289,2
2014-09-01,영진전문대학정문건너,10882,1747
2014-09-01,영진전문대학정문앞,19152,3374
2014-09-01,영진전문대학후문건너,28605,5022
2014-09-01,영진전문대학후문앞,38214,12705
2014-09-01,영화,586,82
2014-09-01,예현2리마을회관,392,1
2014-09-01,오뚜기물류센터,105,1
2014-09-01,오성아파트,235,5401
2014-09-01,오페라삼정그린코아APT,14317,2380
2014-09-01,오페라하우스건너,1032,316
2014-09-01,오페라하우스앞,1002,411
2014-09-01,옥분리(구진터),144,5
2014-09-01,옥분리1,28,40
2014-09-01,옥분리마을회관앞,255,5
2014-09-01,옥산정미소,340,6
2014-09-01,옥연지,0,1
2014-09-01,옥연지건너,17,48
2014-09-01,옥포간경리1,1450,742
2014-09-01,옥포간경리2,7686,439
2014-09-01,옥포농협,295,22
2014-09-01,옥포농협강림지소건너,716,412
2014-09-01,옥포농협강림지소앞,4977,123
2014-09-01,옥포농협건너,4722,106
2014-09-01,옥포농협앞,894,181
2014-09-01,옥포무지개마을,3671,130
2014-09-01,옥포주유소앞,146,109
2014-09-01,옥포중앙교회앞,102,42
2014-09-01,옥포초등학교건너,805,515
2014-09-01,옥포초등학교앞,4367,595
2014-09-01,올림픽기념관건너,8209,3492
2014-09-01,올림픽기념관앞,13819,2066
2014-09-01,와룡공원건너,388,654
2014-09-01,와룡공원앞,805,125
2014-09-01,와룡시장,6240,292
2014-09-01,와룡시장건너,2131,499
2014-09-01,용계동1,9,19
2014-09-01,용계동2,505,640
2014-09-01,용계동3,2526,146
2014-09-01,용계동4,345,121
2014-09-01,용계삼거리1,10054,8805
2014-09-01,용계삼거리2,2764,2276
2014-09-01,용계삼거리3,641,516
2014-09-01,용계삼거리4,457,826
2014-09-01,용계역(1번출구),17111,3120
2014-09-01,용계역(2번출구),5901,965
2014-09-01,용금공단앞,25,3
2014-09-01,용산1동주민센터건너,7542,2936
2014-09-01,용산1동주민센터앞,3912,1416
2014-09-01,용산2동주민센터건너,4576,2041
2014-09-01,용산2동주민센터앞,31604,2275
2014-09-01,용산네거리1,23715,4327
2014-09-01,용산네거리2,54322,14453
2014-09-01,용산역,1640,89
2014-09-01,용산역(1번출구),1100,285
2014-09-01,용산역(2번출구),38546,5599
2014-09-01,용산종합큰시장건너,12354,862
2014-09-01,용산종합큰시장앞,6296,1580
2014-09-01,용수동1,0,2
2014-09-01,용수동2,155,0
2014-09-01,용연사,240,3
2014-09-01,용연사시설집단지구건너,91,1
2014-09-01,용연사시설집단지구앞,21,12
2014-09-01,우록리(부곡장식당),7,4
2014-09-01,우록리(선흥사입구),8,21
2014-09-01,우록리(종점),14318,6405
2014-09-01,우방강촌마을건너,30387,1363
2014-09-01,우방강촌마을앞,12114,2123
2014-09-01,우방금탑아파트(서편),2504,6324
2014-09-01,우방드림시티건너,2468,4033
2014-09-01,우방드림시티앞,7131,1310
2014-09-01,우방만촌하이츠건너,4594,2186
2014-09-01,우방만촌하이츠앞,4675,3476
2014-09-01,우방송현하이츠,760,134
2014-09-01,우방송현하이츠건너,193,18
2014-09-01,우방신세계타운앞,7,1
2014-09-01,우방신천지타운건너,3392,455
2014-09-01,우방신천지타운앞,11425,2562
2014-09-01,우방아파트삼거리,273,232
2014-09-01,우방죽전타운건너,9255,3768
2014-09-01,우방죽전타운앞1,6854,814
2014-09-01,우방죽전타운앞2,2255,277
2014-09-01,우방청솔맨션건너,11155,2149
2014-09-01,우방청솔맨션앞,14626,16631
2014-09-01,욱수초등학교건너,5296,2324
2014-09-01,욱수초등학교앞,36024,1050
2014-09-01,운암지공원1,388,4
2014-09-01,운암지공원2,22,252
2014-09-01,운암초등학교건너,10535,878
2014-09-01,운암초등학교앞,10089,48
2014-09-01,웃갈미마을건너,176,5
2014-09-01,웃갈미마을앞,2,30
2014-09-01,웃는얼굴아트센터1,693,23
2014-09-01,웃는얼굴아트센터2,789,70
2014-09-01,원대네거리,779,137
2014-09-01,원대시장건너,19615,2545
2014-09-01,원대시장건너2,1509,487
2014-09-01,원대시장앞,13481,5503
2014-09-01,원대역1,13151,20636
2014-09-01,원대역2,17520,2980
2014-09-01,원대오거리북편1,2447,2027
2014-09-01,원대오거리북편2,612,258
2014-09-01,원불교앞,651,518
2014-09-01,월곡네거리,152,526
2014-09-01,월광수변공원,3412,173
2014-09-01,월드컵삼거리,685,204
2014-09-01,월드컵삼거리앞,498,921
2014-09-01,월배농협대덕지점건너,3300,444
2014-09-01,월배시장건너,13996,4866
2014-09-01,월배시장앞,14842,1607
2014-09-01,월배쌍용예가건너,1468,4
2014-09-01,월배쌍용예가앞,22,35
2014-09-01,월배역(3번출구),9921,8045
2014-09-01,월배역(4번출구),9672,2843
2014-09-01,월배이안아파트건너,61,0
2014-09-01,월배이안아파트앞,26,18
2014-09-01,월배중학교건너,1611,1435
2014-09-01,월배중학교앞,756,624
2014-09-01,월배차량기지건너,3,24
2014-09-01,월배차량기지앞,171,3
2014-09-01,월배초등학교건너,8459,3047
2014-09-01,월배힐스테이트건너,1637,23
2014-09-01,월배힐스테이트앞,2,82
2014-09-01,월성1동주민센터건너,7547,1492
2014-09-01,월성1동주민센터앞,4587,223
2014-09-01,월성2동주민센터건너,14880,1812
2014-09-01,월성2동주민센터앞,29569,2624
2014-09-01,월성e-편한세상건너,16385,2562
2014-09-01,월성e-편한세상앞,1181,2500
2014-09-01,월성영남맨션앞,735,315
2014-09-01,월성자이앞,106,365
2014-09-01,월성주공2단지앞,12135,1551
2014-09-01,월성주공3단지,1436,809
2014-09-01,월성주공4단지건너,35881,3965
2014-09-01,월성주공4단지앞1,2539,210
2014-09-01,월성주공4단지앞2,19207,3329
2014-09-01,월성주공5단지앞,7274,4949
2014-09-01,월성청구코아건너,22962,1776
2014-09-01,월성청구코아앞,16404,4342
2014-09-01,월성코오롱하늘채건너,329,72
2014-09-01,월성코오롱하늘채앞,3786,318
2014-09-01,월성푸르지오앞,17418,2876
2014-09-01,월암교1,853,8
2014-09-01,월암교2,261,32
2014-09-01,월촌고가교1,458,412
2014-09-01,월촌고가교2,2107,157
2014-09-01,월촌역(6번출구),19412,1916
2014-09-01,월촌역(7번출구),8046,3772
2014-09-01,월촌초등학교건너,1281,218
2014-09-01,월촌초등학교앞,1409,1077
2014-09-01,위남마을입구,2773,515
2014-09-01,위천1리건너,314,33
2014-09-01,위천1리앞,1372,73
2014-09-01,위천삼거리(논공방향),341,44
2014-09-01,위천삼거리(현풍방향),178,147
2014-09-01,유가면사무소건너,3,5
2014-09-01,유가면사무소앞,4,0
2014-09-01,유가사(종점),154,5
2014-09-01,유가차천,1819,102
2014-09-01,유가차천1,315,377
2014-09-01,유곡리(회차지),52,0
2014-09-01,유니버시아드레포츠센터건너,3100,1159
2014-09-01,유니버시아드레포츠센터앞,1282,662
2014-09-01,유니버시아드선수촌2단지건너,12877,4515
2014-09-01,유니버시아드선수촌2단지앞,3030,693
2014-09-01,유림물산,1350,290
2014-09-01,유림한의원건너,626,226
2014-09-01,유산리,176,0
2014-09-01,유신섬유네거리1,680,74
2014-09-01,유신섬유네거리2,3038,35
2014-09-01,유천교(유천치안센터건너),10537,5801
2014-09-01,유천교(유천치안센터앞),19130,11364
2014-09-01,유천교1,11337,393
2014-09-01,유천교2,611,3591
2014-09-01,유천포스코건너,2646,118
2014-09-01,유천포스코앞,3875,5732
2014-09-01,유통단지회차지,611,104
2014-09-01,유통단지회차지2,2571,24
2014-09-01,육상진흥센터건너,285,51
2014-09-01,육상진흥센터앞,242,206
2014-09-01,육신사,106,2
2014-09-01,율원초등학교건너,5,1570
2014-09-01,율원초등학교앞,3617,95
2014-09-01,율하역,797,2987
2014-09-01,율하역(4번출구),11112,1779
2014-09-01,율하역(5번출구),9251,812
2014-09-01,율하휴먼시아15단지앞,8485,4398
2014-09-01,율하휴먼시아5단지건너,132,194
2014-09-01,율하휴먼시아5단지앞,2197,604
2014-09-01,율하휴먼시아6단지건너,1294,706
2014-09-01,율하휴먼시아6단지앞,10917,608
2014-09-01,율하휴먼시아8단지앞,8993,311
2014-09-01,율하휴먼시아9단지앞,1662,515
2014-09-01,은하타운건너,735,969
2014-09-01,은하타운앞,1166,1745
2014-09-01,은행APT입구,418,348
2014-09-01,읍내동주민센터건너,5403,1949
2014-09-01,읍내동주민센터앞,332,57
2014-09-01,응암1리1,73,30
2014-09-01,응암1리2,11,0
2014-09-01,응암2리,23,1
2014-09-01,응암2리건너,18,119
2014-09-01,응암2리앞,4,58
2014-09-01,응암3리2,6,0
2014-09-01,이곡1동주민센터건너,7886,703
2014-09-01,이곡1동주민센터앞,3444,2418
2014-09-01,이곡마을,318,13
2014-09-01,이곡양수장건너,34,52
2014-09-01,이곡양수장앞,144,555
2014-09-01,이곡장미공원건너,3912,734
2014-09-01,이곡장미공원앞,3600,803
2014-09-01,이마트경산점,8130,3092
2014-09-01,이마트반야월점건너,1326,236
2014-09-01,이마트반야월점앞,2692,770
2014-09-01,이마트시지점건너,4021,1392
2014-09-01,이마트시지점앞,385,478
2014-09-01,이마트월배점건너,434,2343
2014-09-01,이마트월배점앞,7675,888
2014-09-01,이마트칠성점앞,1982,1246
2014-09-01,이마트트레이더스건너,14441,2957
2014-09-01,이마트트레이더스앞,16202,4108
2014-09-01,이시아폴리스더샵1단지,38562,1340
2014-09-01,이시아폴리스더샵2단지,3667,837
2014-09-01,이월드(구.우방랜드)건너,1324,139
2014-09-01,이월드(구.우방랜드)앞,541,120
2014-09-01,이월드(구.우방랜드)정문,6548,6222
2014-09-01,이월드(구.우방랜드)후문건너,2804,1405
2014-09-01,이월드(구.우방랜드)후문앞,1899,350
2014-09-01,이천동,1,11
2014-09-01,이천동(종점),58,0
2014-09-01,이천리(시내방향),143,3
2014-09-01,이천리(시외방향),95,0
2014-09-01,이천새마을금고건너,8950,635
2014-09-01,이천치안센터건너,1631,2390
2014-09-01,이현고개삼거리,8,3
2014-09-01,이현삼거리1,70,127
2014-09-01,이현삼거리2,839,74
2014-09-01,이현삼거리3,2801,1063
2014-09-01,이현자동차검사소건너,1530,356
2014-09-01,이현자동차검사소앞,754,81
2014-09-01,이현지구대건너,643,325
2014-09-01,이현지구대앞,458,139
2014-09-01,인동촌시장건너,2810,2014
2014-09-01,인동촌시장입구,12143,606
2014-09-01,인산마을건너,954,8
2014-09-01,인산마을앞,25,69
2014-09-01,인지초등학교입구,13,1
2014-09-01,인터불고호텔,674,57
2014-09-01,일심제약,159,15
2014-09-01,입석중학교건너,9256,2675
2014-09-01,입석중학교앞,4518,1785
2014-09-01,잉꼬아파트건너,698,141
2014-09-01,잉꼬아파트앞,1437,1225
2014-09-01,자모공원,43,0
2014-09-01,장관빌라건너,1242,116
2014-09-01,장관빌라앞,983,96
2014-09-01,장기영남네오빌,46,23
2014-09-01,장기초등학교,1203,301
2014-09-01,장기초등학교1,5,50
2014-09-01,장기초등학교2,20,10
2014-09-01,장기초록나라건너,2990,3524
2014-09-01,장기초록나라앞,5361,390
2014-09-01,장기파랑새마을앞,46,61
2014-09-01,장동초등학교건너,3374,30
2014-09-01,장동초등학교앞,142,651
2014-09-01,장산초등학교건너,435,45
2014-09-01,장산초등학교앞,1020,132
2014-09-01,장성초등학교건너,998,7907
2014-09-01,장성초등학교앞,446,1720
2014-09-01,장태실마을건너,574,146
2014-09-01,장태실마을앞,20,19
2014-09-01,적십자혈액원건너,3324,684
2014-09-01,적십자혈액원앞,2458,867
2014-09-01,전기안전공사건너,1456,1292
2014-09-01,전기안전공사앞,2692,294
2014-09-01,전기재료관1,364,533
2014-09-01,전기재료관2,110,243
2014-09-01,전자관,3931,967
2014-09-01,전자상가,10206,1694
2014-09-01,정대2리(마내미골)종점,7373,3565
2014-09-01,정대2리(잿들마을)앞,0,2
2014-09-01,정대2리마을회관앞,6,1
2014-09-01,정동고등학교건너,5430,2097
2014-09-01,정동고등학교앞,10184,624
2014-09-01,정부대구지방합동청사건너,519,51
2014-09-01,정부대구지방합동청사앞,216,66
2014-09-01,정부대구지방합동청사후문1,1028,693
2014-09-01,정화우방팔레스,13705,5043
2014-09-01,정화우방팔레스건너,24392,2723
2014-09-01,제일규산,977,30
2014-09-01,제일여자상업고등학교건너,17780,5876
2014-09-01,제일여자상업고등학교앞,19585,2561
2014-09-01,조달청건너,3256,1772
2014-09-01,조달청앞,6732,724
2014-09-01,조암네거리1,308,22
2014-09-01,조암네거리2,750,588
2014-09-01,조암초등학교건너,43,2
2014-09-01,조암초등학교앞,142,13
2014-09-01,조야동(종점),10842,604
2014-09-01,조야초등학교입구,2,0
2014-09-01,조일로봇고등학교(종점),6165,413
2014-09-01,주1리1,14,29
2014-09-01,주1리2,639,72
2014-09-01,주2리(최정사입구),0,18
2014-09-01,주2리1,261,0
2014-09-01,주리(삼진식당),8,39
2014-09-01,죽곡2지구1,3,4
2014-09-01,죽곡2지구2,2,54
2014-09-01,죽전119안전센터건너,3628,1873
2014-09-01,죽전119안전센터앞,4985,657
2014-09-01,죽전그린빌건너,3178,2622
2014-09-01,죽전그린빌앞,11221,1047
2014-09-01,죽전네거리1,33311,4966
2014-09-01,죽전네거리2,17647,7050
2014-09-01,중구보건소건너,3264,5892
2014-09-01,중구보건소앞,2314,1659
2014-09-01,중구청건너,24961,3902
2014-09-01,중구청앞,25571,13732
2014-09-01,중대1동회관앞,2290,2
2014-09-01,중동교1,3812,7002
2014-09-01,중동교2,1198,188
2014-09-01,중동네거리1,4636,1004
2014-09-01,중동네거리2,3028,5512
2014-09-01,중동서울아파트건너,308,99
2014-09-01,중동서울아파트앞,18,0
2014-09-01,중동시장건너,16136,5044
2014-09-01,중동시장앞,20779,1876
2014-09-01,중동주민센터건너,561,88
2014-09-01,중동주민센터앞,392,215
2014-09-01,중동치안센터건너,1451,142
2014-09-01,중동치안센터앞,485,148
2014-09-01,중리광명맨션건너,14643,1430
2014-09-01,중리광명맨션앞,8168,1717
2014-09-01,중리네거리1,5688,1256
2014-09-01,중리네거리2,5780,1283
2014-09-01,중리롯데캐슬건너,9704,5525
2014-09-01,중리롯데캐슬서편,4808,1374
2014-09-01,중리롯데캐슬앞,15562,1792
2014-09-01,중리롯데캐슬정문앞,632,84
2014-09-01,중리마을,2235,6
2014-09-01,중리삼거리1,15,139
2014-09-01,중리삼거리2,1387,11
2014-09-01,중리시장건너1,269,158
2014-09-01,중리시장건너2,554,143
2014-09-01,중리시장앞,6814,1111
2014-09-01,중리중학교,765,83
2014-09-01,중마을(갓바위방향),86,638
2014-09-01,중마을(시내방향),268,0
2014-09-01,중뫼마을건너,336,2
2014-09-01,중뫼마을앞,49,3
2014-09-01,중부소방서건너,1940,1323
2014-09-01,중부소방서앞,6914,1576
2014-09-01,중석타운건너,87,381
2014-09-01,중석타운앞,9323,132
2014-09-01,중소기업관건너,52,591
2014-09-01,중소기업관앞,1252,131
2014-09-01,중소기업지원센터,394,71
2014-09-01,중심마을,170,20
2014-09-01,중앙일보건너,1134,809
2014-09-01,중앙일보앞,4606,82
2014-09-01,지묘동1,3417,409
2014-09-01,지묘동2,8812,130
2014-09-01,지묘초등학교건너,6794,291
2014-09-01,지묘초등학교앞,615,139
2014-09-01,지산2길입구,290,2
2014-09-01,지산2길입구건너,125,2
2014-09-01,지산동서맨션건너,6424,1307
2014-09-01,지산동서맨션앞,17703,741
2014-09-01,지산목련아파트건너,21798,1368
2014-09-01,지산목련아파트앞,11059,2561
2014-09-01,지산시영아파트1단지건너,1979,1437
2014-09-01,지산시영아파트1단지앞,5975,240
2014-09-01,지산영남맨션앞,2816,1876
2014-09-01,지산우방아파트,5358,1007
2014-09-01,지산중학교입구,423,250
2014-09-01,지산청구타운건너,2528,1994
2014-09-01,지산청구타운앞,18503,690
2014-09-01,지산타운건너,24740,683
2014-09-01,지산타운앞,2221,6559
2014-09-01,지산한라타운건너,17761,428
2014-09-01,지산한라타운앞,3929,3375
2014-09-01,지산현대주택건너,4801,1910
2014-09-01,지산현대주택앞,14415,1741
2014-09-01,지산화성파크드림,1903,631
2014-09-01,지저동행정복지센터건너,17989,2308
2014-09-01,지저동행정복지센터앞,4459,983
2014-09-01,진달래아파트건너,9061,2810
2014-09-01,진달래아파트앞,12642,3792
2014-09-01,진월초등학교건너,1054,866
2014-09-01,진월초등학교앞,619,655
2014-09-01,진인동(양지마을)건너,4,11
2014-09-01,진인동(양지마을)앞,121,9
2014-09-01,진인동(진정마을)1,71,17
2014-09-01,진인동(진정마을)2,14,2
2014-09-01,진정마을1,1169,0
2014-09-01,진정마을2,45,23
2014-09-01,진천역(1번출구),35995,5699
2014-09-01,진천역(2번출구),20023,6543
2014-09-01,진천청구타운건너,841,473
2014-09-01,진천청구타운앞,3170,310
2014-09-01,징리보건소,38,4
2014-09-01,차량등록사업소건너,453,792
2014-09-01,차량등록사업소앞,701,124
2014-09-01,창1리1,1,1
2014-09-01,창1리2,60,34
2014-09-01,천내영남맨션,2,0
2014-09-01,천내우방1차,1,0
2014-09-01,첨단의료산업진흥재단건너,195,35
2014-09-01,첨단의료산업진흥재단앞,13,126
2014-09-01,청구고등학교건너,15870,1979
2014-09-01,청구고등학교앞,22433,4627
2014-09-01,청구그린맨션1차건너,9829,1887
2014-09-01,청구그린맨션1차앞,14020,2503
2014-09-01,청구시장건너,6176,416
2014-09-01,청구시장건너2,432,213
2014-09-01,청구시장북편,2400,270
2014-09-01,청구시장북편건너,3064,414
2014-09-01,청구시장앞,5992,939
2014-09-01,청구중동아파트,315,653
2014-09-01,청구타운건너,1342,1345
2014-09-01,청구타운앞,1474,245
2014-09-01,청기와주유소건너,19054,3685
2014-09-01,청기와주유소앞,16691,2769
2014-09-01,청남타운건너,1317,76
2014-09-01,청남타운앞,352,502
2014-09-01,청백다례원,1289,1169
2014-09-01,청소년수련원건너,428,122
2014-09-01,청소년수련원앞,514,448
2014-09-01,청아람푸르지오2단지1,4,13
2014-09-01,청아람푸르지오2단지2,152,0
2014-09-01,청운맨션건너,1190,280
2014-09-01,청운맨션앞,776,549
2014-09-01,초곡리입구건너,24,2
2014-09-01,초곡리입구앞,33,21
2014-09-01,충혼탑건너,5394,120
2014-09-01,충혼탑앞,451,1178
2014-09-01,측백수림건너,520,0
2014-09-01,측백수림앞,8,11
2014-09-01,칠곡2차영남타운건너,3668,367
2014-09-01,칠곡2차영남타운앞,4581,553
2014-09-01,칠곡3차보성타운1,1152,295
2014-09-01,칠곡3차보성타운2,7926,451
2014-09-01,칠곡3차화성타운1,4997,87
2014-09-01,칠곡3차화성타운2,7989,177
2014-09-01,칠곡3차화성타운3,34,270
2014-09-01,칠곡경대병원역,15,411
2014-09-01,칠곡경북대병원,960,230
2014-09-01,칠곡경북대병원정문건너,310,282
2014-09-01,칠곡경북대병원정문앞,4368,12
2014-09-01,칠곡경북대병원후문건너,4787,235
2014-09-01,칠곡경북대병원후문앞,290,1
2014-09-01,칠곡그린빌2차건너,9309,494
2014-09-01,칠곡그린빌2차앞,17467,1050
2014-09-01,칠곡그린빌3차건너,14565,329
2014-09-01,칠곡그린빌3차앞,381,962
2014-09-01,칠곡그린빌5단지건너,2479,230
2014-09-01,칠곡그린빌5단지앞,2592,1178
2014-09-01,칠곡그린빌6단지건너,964,169
2014-09-01,칠곡그린빌6단지앞,251,42
2014-09-01,칠곡그린파크1,9068,2431
2014-09-01,칠곡그린파크2,21166,1126
2014-09-01,칠곡네스빌,153,177
2014-09-01,칠곡대백맨션건너,5444,33
2014-09-01,칠곡대백맨션앞,205,549
2014-09-01,칠곡동화아파트건너,3245,1981
2014-09-01,칠곡동화아파트앞,16864,1701
2014-09-01,칠곡롯데아파트건너,33,214
2014-09-01,칠곡롯데아파트앞,5538,35
2014-09-01,칠곡부영1단지,3448,228
2014-09-01,칠곡서한맨션,981,7
2014-09-01,칠곡서한맨션앞,155,331
2014-09-01,칠곡시장건너,12117,835
2014-09-01,칠곡시장앞,2060,1904
2014-09-01,칠곡에덴타운건너,29286,7968
2014-09-01,칠곡에덴타운앞,24255,3685
2014-09-01,칠곡우방타운건너(종점),2938,2
2014-09-01,칠곡우방타운건너(종점),169,7
2014-09-01,칠곡우방타운앞(종점),2023,91
2014-09-01,칠곡주공그린빌1단지건너,2336,514
2014-09-01,칠곡주공그린빌1단지앞,9443,274
2014-09-01,칠곡중학교건너(칠곡향교건너),1476,516
2014-09-01,칠곡중학교앞(칠곡향교앞),18171,907
2014-09-01,칠곡청구타운건너,269,650
2014-09-01,칠곡청구타운앞,3608,163
2014-09-01,칠곡초등학교건너,122,482
2014-09-01,칠곡초등학교앞,1981,199
2014-09-01,칠곡한라타운건너,4754,65
2014-09-01,칠곡한라타운앞,54,447
2014-09-01,칠곡한서타운건너,10450,1119
2014-09-01,칠곡한신아파트건너,1959,279
2014-09-01,칠곡한신아파트앞1,9543,962
2014-09-01,칠곡한신아파트앞2,914,138
2014-09-01,칠곡화성타운건너,8383,117
2014-09-01,칠곡화성타운앞1,7118,2185
2014-09-01,칠곡화성타운앞2,2364,647
2014-09-01,칠성고가도로하단,502,80
2014-09-01,칠성꽃도매시장건너,733,1152
2014-09-01,칠성꽃도매시장앞,1623,1820
2014-09-01,칠성시장(농협건너),96,187
2014-09-01,칠성시장(농협앞),1222,231
2014-09-01,칠성시장(양친회신협),7,33
2014-09-01,칠성시장(전자상가건너),5807,453
2014-09-01,칠성시장(전자상가앞),1719,926
2014-09-01,칠성시장건너,39434,19131
2014-09-01,칠성시장앞1,2846,4930
2014-09-01,칠성시장역(서문프라자건너),3642,5651
2014-09-01,칠성시장역(서문프라자앞),27456,2582
2014-09-01,칠성우방타운,645,165
2014-09-01,침산3동주민센터,11307,1114
2014-09-01,침산남영타운건너,2834,1856
2014-09-01,침산남영타운앞,6663,364
2014-09-01,침산네거리1,10207,1139
2014-09-01,침산네거리2,16080,3147
2014-09-01,침산동화타운건너,5617,128
2014-09-01,침산동화타운앞,397,823
2014-09-01,침산변전소건너,10068,3130
2014-09-01,침산변전소앞,8756,1757
2014-09-01,침산쌍용예가아파트앞,960,1081
2014-09-01,침산중학교건너,2463,217
2014-09-01,침산중학교앞,4923,322
2014-09-01,침산초등학교건너,4296,899
2014-09-01,침산초등학교앞,1202,884
2014-09-01,침산초등학교후문,372,17
2014-09-01,침산코오롱하늘채건너,7259,1485
2014-09-01,침산코오롱하늘채앞,21326,3552
2014-09-01,캐슬골드파크(1102동),17745,1540
2014-09-01,캐슬골드파크(1504동),13266,2490
2014-09-01,케이에스건너,9,28
2014-09-01,케이에스앞,700,58
2014-09-01,코스트코홀세일건너/복현화성타운앞,4799,3613
2014-09-01,코스트코홀세일앞/복현화성타운건너,40900,2564
2014-09-01,코오롱아파트,18477,1238
2014-09-01,퀸벨호텔건너,17042,2307
2014-09-01,퀸벨호텔앞,8767,6221
2014-09-01,퀸스로드건너,1866,2829
2014-09-01,퀸스로드건너(동편),11629,2086
2014-09-01,퀸스로드앞,4192,998
2014-09-01,퀸스로드앞(동편),13952,3354
2014-09-01,크리스탈호텔앞,1438,388
2014-09-01,큰고개1,4077,11171
2014-09-01,큰고개2,8045,3833
2014-09-01,큰고개오거리1,19016,1067
2014-09-01,큰고개오거리2,4640,11372
2014-09-01,큰장네거리1,68178,11366
2014-09-01,큰장네거리2,38295,19276
2014-09-01,큰장네거리3,18358,6321
2014-09-01,큰장네거리4,32984,12775
2014-09-01,태성맨션건너,26,99
2014-09-01,태성맨션앞,2604,1620
2014-09-01,태왕그린힐즈건너,196,498
2014-09-01,태왕그린힐즈앞1,129,477
2014-09-01,태왕그린힐즈앞2,2603,51
2014-09-01,태왕메트로시티건너,5773,2116
2014-09-01,태왕메트로시티앞,3620,1730
2014-09-01,태왕아너스베스트앞,4948,241
2014-09-01,태왕아너스복현건너,2933,1260
2014-09-01,태왕아너스복현앞,7997,1560
2014-09-01,태전두성타운건너,4925,914
2014-09-01,태전두성타운앞,1889,393
2014-09-01,태전삼거리1,14497,8310
2014-09-01,태전삼거리2,31988,3041
2014-09-01,태전역1,13888,7246
2014-09-01,태전역2,3690,5275
2014-09-01,태전우방타운1차,508,34
2014-09-01,태전육교1,731,16
2014-09-01,태전육교2,247,32
2014-09-01,태전중석타운,1237,23
2014-09-01,태전중석타운건너,1258,286
2014-09-01,태전중앙시장건너,2267,1296
2014-09-01,태전중앙시장앞,9028,973
2014-09-01,태전휴먼시아,1347,61
2014-09-01,태평상가건너,5350,5938
2014-09-01,태평상가앞1,5870,6383
2014-09-01,태평상가앞2,248,183
2014-09-01,태현초등학교앞,11472,137
2014-09-01,터실마을,11,0
2014-09-01,텍스빌,7847,1326
2014-09-01,토지주택공사건너,3448,1283
2014-09-01,토지주택공사앞,9986,858
2014-09-01,퇴계마을건너,4,1
2014-09-01,파계교,387,304
2014-09-01,파계사(종점),8247,460
2014-09-01,파군재삼거리1,877,2837
2014-09-01,파군재삼거리2,849,833
2014-09-01,파동1차시장건너,1570,936
2014-09-01,파동1차시장앞,9327,495
2014-09-01,파동우체국앞,878,567
2014-09-01,파동청구하이츠,6573,305
2014-09-01,파크맨션건너,11230,2515
2014-09-01,파크맨션앞,7854,2250
2014-09-01,파티마병원건너1,20579,10148
2014-09-01,파티마병원건너2,2666,1939
2014-09-01,팔거역3,383,108
2014-09-01,팔거역4,976,116
2014-09-01,팔공3차보성타운건너,720,0
2014-09-01,팔공3차보성타운앞,74,166
2014-09-01,팔공3차보성타운후문,4753,120
2014-09-01,팔공보성아파트건너,1187,368
2014-09-01,팔공보성아파트앞,8434,516
2014-09-01,팔공산IC입구,298,3718
2014-09-01,팔공산맥건너,4545,754
2014-09-01,팔공산맥앞,822,210
2014-09-01,팔공학생야영장앞,335,2
2014-09-01,팔공학생야영장입구건너,6,0
2014-09-01,팔공학생야영장입구앞,80,85
2014-09-01,팔공한마음주유소,1,14
2014-09-01,팔공한마음주유소건너,60,1
2014-09-01,팔달시장건너,37345,5760
2014-09-01,팔달시장앞,41605,14992
2014-09-01,팔달시장역,43074,15036
2014-09-01,팔달신시장,27376,6060
2014-09-01,팔달신시장2,6177,1277
2014-09-01,팔달역2,379,1251
2014-09-01,팔달중학교건너,7950,191
2014-09-01,팔달중학교앞,5148,220
2014-09-01,팔달초등학교,122,288
2014-09-01,팔레스호텔건너,22483,5908
2014-09-01,팔레스호텔앞1,5461,1477
2014-09-01,팔레스호텔앞2,606,686
2014-09-01,팔현마을,29,4
2014-09-01,평광3차아파트,5160,54
2014-09-01,평광3차아파트건너,3527,340
2014-09-01,평광새마을금고,152,1
2014-09-01,평광종점,428,8
2014-09-01,평리1동주민센터건너,67,63
2014-09-01,평리1동주민센터앞,2600,97
2014-09-01,평리2동주민센터건너,13636,1424
2014-09-01,평리2동주민센터앞,3966,1728
2014-09-01,평리3동주민센터건너,2034,200
2014-09-01,평리6동주민센터앞,1694,431
2014-09-01,평리광명네거리,626,1582
2014-09-01,평리광명맨션건너,2722,746
2014-09-01,평리광명맨션앞,991,291
2014-09-01,평리네거리1,15078,15372
2014-09-01,평리네거리2,15804,4492
2014-09-01,평리명성아파트건너,5478,1130
2014-09-01,평리명성아파트앞,3398,706
2014-09-01,평리중학교건너,1259,512
2014-09-01,평리중학교앞,2040,163
2014-09-01,평리청구타운건너,34031,10165
2014-09-01,평리청구타운앞,32785,8642
2014-09-01,평안,540,57
2014-09-01,평촌2리,8,0
2014-09-01,평촌리,68,0
2014-09-01,평현치안센터건너,6021,825
2014-09-01,평화시장(닭똥집골목)건너,26212,4863
2014-09-01,평화시장(닭똥집골목)앞,52110,10248
2014-09-01,평화씨엠비건너,956,83
2014-09-01,평화씨엠비앞,181,176
2014-09-01,평화정공건너,581,221
2014-09-01,평화정공앞,658,37
2014-09-01,평화타운건너,21178,1659
2014-09-01,푸드웰건너,3493,33
2014-09-01,푸드웰앞,123,147
2014-09-01,푸르밀대구공장,70,0
2014-09-01,푸르밀대구공장건너,0,5
2014-09-01,풋살경기장(50사단),650,47
2014-09-01,풍국주정공업,1101,26
2014-09-01,하나원전문장례식장,4,0
2014-09-01,하리(약산온천)건너,305,31
2014-09-01,하목정(종점),0,13
2014-09-01,하빈농협건너,203,1
2014-09-01,하빈농협동곡지점1,81,20
2014-09-01,하빈농협동곡지점2,826,6
2014-09-01,하빈농협앞,13,8
2014-09-01,하빈농협입구,6,4
2014-09-01,하빈면사무소건너,191,2
2014-09-01,하빈면사무소앞,26,5
2014-09-01,하빈우체국건너,343,12
2014-09-01,하빈우체국앞,23,2
2014-09-01,하빈주유소앞,9,4
2014-09-01,하빈초등학교앞,211,1
2014-09-01,하산1리,502,1
2014-09-01,하산2리,176,1
2014-09-01,하산스무지(종점),141,2
2014-09-01,학남고등학교건너,1684,304
2014-09-01,학남고등학교앞,4215,308
2014-09-01,학남초등학교건너,84,730
2014-09-01,학남초등학교앞,2626,178
2014-09-01,학산아파트건너,36,28
2014-09-01,학산아파트앞,4,4
2014-09-01,학정청아람1,595,267
2014-09-01,학정청아람2,2918,20
2014-09-01,학정청아람건너,4726,326
2014-09-01,학정청아람앞,2205,376
2014-09-01,한가람타운건너,23118,6752
2014-09-01,한가람타운앞,20989,3168
2014-09-01,한걸고정마을,211,0
2014-09-01,한국감정원앞,853,14
2014-09-01,한국건강관리협회앞,7194,433
2014-09-01,한국국토정보공사건너,3560,5883
2014-09-01,한국국토정보공사앞,2306,701
2014-09-01,한국농어촌공사건너,20813,4649
2014-09-01,한국농어촌공사앞,18880,1057
2014-09-01,한국델파이건너,58,146
2014-09-01,한국델파이앞,1139,228
2014-09-01,한국도로공사건너,146,453
2014-09-01,한국도로공사앞,6592,39
2014-09-01,한국방송통신대학교건너,2705,643
2014-09-01,한국방송통신대학교앞,831,409
2014-09-01,한국사학진흥재단(남편),15,58
2014-09-01,한국산업단지공단앞,111,197
2014-09-01,한국산업은행성서지점건너,132,1131
2014-09-01,한국산업은행성서지점앞,3769,27
2014-09-01,한국산업인력공단건너,3390,75
2014-09-01,한국산업인력공단앞,74,176
2014-09-01,한국생산기술연구원건너,88,13
2014-09-01,한국생산기술연구원앞,36,4
2014-09-01,한국클래드텍건너,437,8
2014-09-01,한국클래드텍앞,1,134
2014-09-01,한국타이어,264,1007
2014-09-01,한국타이어건너,226,28
2014-09-01,한국패션센터,1797,110
2014-09-01,한국폴리텍VI대구대학건너,16067,3483
2014-09-01,한국폴리텍VI대구대학앞,9146,8078
2014-09-01,한국폴리텍대학(섬유패션캠퍼스),116,1193
2014-09-01,한국환경자원공사,2,6
2014-09-01,한국환경자원공사건너,102,6
2014-09-01,한도아파트앞,9506,372
2014-09-01,한라하우젠트,1112,17
2014-09-01,한마음주유소건너,2379,451
2014-09-01,한마음주유소앞,2062,326
2014-09-01,한샘교회,4659,1880
2014-09-01,한샘교회건너,1281,751
2014-09-01,한서기전건너,365,58
2014-09-01,한서기전앞,153,12
2014-09-01,한양공작맨션건너,51,112
2014-09-01,한양공작맨션앞,1148,17
2014-09-01,한양산호아파트건너,5456,138
2014-09-01,한양산호아파트앞,737,34
2014-09-01,한양수정아파트,36,52
2014-09-01,한양코스모스아파트건너,58,100
2014-09-01,한양코스모스아파트앞,1146,246
2014-09-01,한전동대구지사,21051,3694
2014-09-01,한전동대구지사건너,14152,3557
2014-09-01,한전서대구지사건너,18609,9705
2014-09-01,한전서대구지사앞,15061,3080
2014-09-01,한정3리,30,0
2014-09-01,한정리(한정초교),49,0
2014-09-01,한정리(한정초교건너),3,2
2014-09-01,한화꿈에그린건너1,631,529
2014-09-01,한화꿈에그린앞,12367,2458
2014-09-01,함지초등학교건너,867,441
2014-09-01,함지초등학교앞,8591,220
2014-09-01,해랑교(시외방향),58,24
2014-09-01,해랑교1,4,4
2014-09-01,해랑교2,668,6
2014-09-01,해랑교건너,104,10
2014-09-01,해안동행정복지센터,261,113
2014-09-01,해안역(1번출구),7585,1583
2014-09-01,해안역(3번출구),6573,2600
2014-09-01,해안초등학교뒤,2,5
2014-09-01,행정1리앞,0,1
2014-09-01,행정2리건너,0,2
2014-09-01,행정리,594,19
2014-09-01,행정리(한천서원),16,0
2014-09-01,헬로TV대구방송건너,5850,2929
2014-09-01,헬로TV대구방송앞,6669,2557
2014-09-01,현내1리,175,1
2014-09-01,현내2리중방마을건너,138,2
2014-09-01,현내2리중방마을앞,4,3
2014-09-01,현대금속,1229,106
2014-09-01,현대메카닉스건너,104,0
2014-09-01,현대메카닉스앞,0,8
2014-09-01,현대백조아파트(북편),4209,169
2014-09-01,현대백조아파트건너,2251,205
2014-09-01,현대백조아파트앞,2262,637
2014-09-01,현대백화점.동아쇼핑건너,28532,7804
2014-09-01,현대백화점.동아쇼핑앞,35294,2107
2014-09-01,현대시장건너,10982,899
2014-09-01,현대시장앞,2054,1638
2014-09-01,현대시장앞2,692,188
2014-09-01,현대해상건너,27176,14354
2014-09-01,현대해상앞,24074,5165
2014-09-01,현충로역(3번출구),29247,7758
2014-09-01,현충로역(4번출구),22113,9299
2014-09-01,현충삼거리1,483,452
2014-09-01,현충삼거리2,2874,186
2014-09-01,현풍고속도로밑,231,31
2014-09-01,현풍농협,2752,356
2014-09-01,현풍면사무소건너,0,1
2014-09-01,현풍면사무소앞,167,2
2014-09-01,현풍삼거리,1,47
2014-09-01,현풍새마을금고,6471,610
2014-09-01,현풍시외버스터미널,2062,363
2014-09-01,현풍운전시험장,438,3
2014-09-01,현풍주공아파트,44,31
2014-09-01,현풍주공아파트2,5,85
2014-09-01,현풍주공아파트앞,432,248
2014-09-01,현풍중고등학교,37,160
2014-09-01,현풍중고등학교건너,1130,142
2014-09-01,현풍터미널건너,1263,70
2014-09-01,현풍터미널앞,645,538
2014-09-01,현풍할매곰탕,1593,381
2014-09-01,현풍할매곰탕건너,831,157
2014-09-01,호산초등학교건너,20,22
2014-09-01,호산초등학교앞,225,559
2014-09-01,홈플러스내당점건너,9856,768
2014-09-01,홈플러스내당점앞,4858,4446
2014-09-01,홈플러스대구점건너,666,1631
2014-09-01,홈플러스대구점앞,20186,9878
2014-09-01,홈플러스동촌점건너,5377,3128
2014-09-01,홈플러스동촌점앞,11108,1010
2014-09-01,홈플러스칠곡점건너,9047,490
2014-09-01,홈플러스칠곡점앞,2628,762
2014-09-01,홍천사건너,1300,28
2014-09-01,홍천사입구,65,218
2014-09-01,화남초등학교건너,16,238
2014-09-01,화남초등학교앞,5049,428
2014-09-01,화동초등학교건너,800,112
2014-09-01,화동초등학교앞,705,48
2014-09-01,화랑교1,1261,4730
2014-09-01,화랑교2,10868,790
2014-09-01,화성그랜드건너,362,188
2014-09-01,화성그랜드앞,165,55
2014-09-01,화성리버파크건너,4785,303
2014-09-01,화성리버파크앞,1049,508
2014-09-01,화성센트럴파크,4397,233
2014-09-01,화성쌍용타운건너,631,15
2014-09-01,화성쌍용타운앞1,1018,320
2014-09-01,화성쌍용타운앞2,0,41
2014-09-01,화성전문요양원건너,173,95
2014-09-01,화성전문요양원앞,1364,468
2014-09-01,화성파크뷰건너,6187,229
2014-09-01,화성파크뷰앞,623,1900
2014-09-01,화영테크건너,42,10
2014-09-01,화영테크앞,436,30
2014-09-01,화원고등학교(종점),736,52
2014-09-01,화원고등학교(종점)2,91,44
2014-09-01,화원고등학교건너,8068,626
2014-09-01,화원고등학교앞,913,784
2014-09-01,화원농협주유소건너,1149,437
2014-09-01,화원농협주유소앞,6386,2975
2014-09-01,화원삼주타운건너,6109,308
2014-09-01,화원삼주타운앞,319,190
2014-09-01,화원시장건너,3432,357
2014-09-01,화원시장앞,95,399
2014-09-01,화원유원지(사문진주막촌),1125,35
2014-09-01,화원유원지건너,389,18
2014-09-01,화원유원지입구,2,1
2014-09-01,화원초등학교건너,19406,3227
2014-09-01,화원초등학교앞,31386,9306
2014-09-01,화전동1,22,49
2014-09-01,화전동2,622,4
2014-09-01,황금2동치안센터건너,1460,473
2014-09-01,황금2동치안센터앞,3615,192
2014-09-01,황금네거리1,25210,2182
2014-09-01,황금네거리2,8212,3073
2014-09-01,황금시장건너,306,82
2014-09-01,황금시장앞,1556,60
2014-09-01,황금우방1차건너,15636,2110
2014-09-01,황금우방1차앞,4134,2193
2014-09-01,황금초등학교건너,1715,1220
2014-09-01,황금초등학교앞,4741,231
2014-09-01,황제맨션건너,4995,5159
2014-09-01,황제맨션앞,4864,1150
2014-09-01,효동초등학교건너,3843,896
2014-09-01,효동초등학교앞,8260,931
2014-09-01,효목네거리1,9199,959
2014-09-01,효목네거리2,2309,1985
2014-09-01,효목네거리3,9357,3902
2014-09-01,효성타운앞,15061,809
2014-09-01,흥사단 대구지부건너,1531,238
2014-09-01,흥사단 대구지부앞,1566,2172
2014-09-01,흥성정공건너,298,2
2014-09-01,흥성정공앞,89,2
2014-09-01,희망교1,1135,77
2014-09-01,희성전자건너,19,33
2014-09-01,희성전자앞,412,68
2014-09-01,힐크레스트남문건너,1210,111
2014-09-01,힐크레스트남문앞,148,929
2014-09-01,힐크레스트입구,408,520
2014-10-01,(주)성안건너,18,119
2014-10-01,(주)영화건너,3,83
2014-10-01,(주)영화앞,533,2
2014-10-01,1차서한화성타운건너,398,88
2014-10-01,1차서한화성타운앞,609,68
2014-10-01,2.28기념중앙공원건너1,58777,12685
2014-10-01,2.28기념중앙공원건너2,19232,10959
2014-10-01,2.28기념중앙공원앞,126441,16798
2014-10-01,2차대자연맨션건너,1972,712
2014-10-01,2차대자연맨션앞,7382,805
2014-10-01,2차서한화성타운건너,32991,2107
2014-10-01,2차서한화성타운앞,17957,2958
2014-10-01,2호선반월당역1,26368,5526
2014-10-01,2호선반월당역2,14530,5343
2014-10-01,3공단새마을금고앞,4382,1452
2014-10-01,CGV대구한일건너,99524,17117
2014-10-01,CGV대구한일앞,28929,4852
2014-10-01,e편한세상대구금호건너,414,6
2014-10-01,e편한세상대구금호앞,43,2
2014-10-01,IHL건너,48,2
2014-10-01,IHL앞,36,3
2014-10-01,K-2입구,2110,650
2014-10-01,K2관사입구(종점),1869,23
2014-10-01,KT남대구지사건너1,10200,2952
2014-10-01,KT남대구지사건너2,1794,544
2014-10-01,KT남대구지사앞1,21533,7284
2014-10-01,KT남대구지사앞2,1266,1952
2014-10-01,KT동대구지사건너,23018,13258
2014-10-01,KT동대구지사앞,16526,2014
2014-10-01,KT북대구지사건너,3425,349
2014-10-01,KT북대구지사앞,6197,596
2014-10-01,KT상동지사건너,3096,260
2014-10-01,KT상동지사앞,1051,448
2014-10-01,KT서대구지사건너,20754,2458
2014-10-01,KT서대구지사앞,16374,6257
2014-10-01,LG물류센터건너,3201,1488
2014-10-01,LG물류센터앞,7750,3836
2014-10-01,LH5단지아파트건너,361,37
2014-10-01,LH5단지아파트앞,876,44
2014-10-01,MBC네거리,8742,2355
2014-10-01,SK리더스뷰건너,12717,2358
2014-10-01,SK리더스뷰앞,5149,2046
2014-10-01,STX메탈건너,1154,4030
2014-10-01,STX메탈앞,34,495
2014-10-01,TBC건너,13714,575
2014-10-01,TBC앞,2776,2010
2014-10-01,TCN대구방송건너,1862,223
2014-10-01,TCN대구방송앞,2749,385
2014-10-01,㈜윔스건너,214,206
2014-10-01,㈜윔스앞,409,10
2014-10-01,가야농원,319,3
2014-10-01,가창농협건너,2044,2768
2014-10-01,가창농협앞,10397,345
2014-10-01,가창댐,10,4
2014-10-01,가창면사무소건너,5139,1920
2014-10-01,가창면사무소앞,9691,673
2014-10-01,가창중학교건너,1438,45
2014-10-01,가창중학교앞,157,98
2014-10-01,가창초등학교건너,4144,408
2014-10-01,가창초등학교앞,901,61
2014-10-01,가천동앞,52,11
2014-10-01,가천리,112,13
2014-10-01,가태리마을회관건너,204,1
2014-10-01,가태리마을회관앞,2,5
2014-10-01,각산역(1번출구),7216,1695
2014-10-01,각산역(2번출구),1727,1106
2014-10-01,각산푸르지오건너,103,183
2014-10-01,각산푸르지오앞,333,78
2014-10-01,갈실마을회관종점,524,10
2014-10-01,감문1리1,3,5
2014-10-01,감문1리2,447,6
2014-10-01,감문1리3,2,3
2014-10-01,감문1리4,55,0
2014-10-01,감삼네거리1,16023,5571
2014-10-01,감삼네거리2,54284,22311
2014-10-01,감삼초등학교건너,11042,1735
2014-10-01,감삼초등학교앞,8314,993
2014-10-01,갓골건너,423,1
2014-10-01,갓골앞,3,21
2014-10-01,갓바위,23780,347
2014-10-01,강남약국건너,53099,12739
2014-10-01,강남약국앞1,26984,7579
2014-10-01,강남약국앞2,10143,1283
2014-10-01,강동중·고등학교,5,146
2014-10-01,강동중·고등학교건너,7125,31
2014-10-01,강변동서마을건너,5938,238
2014-10-01,강변동서마을앞,3320,1376
2014-10-01,강북경찰서건너,1363,846
2014-10-01,강북경찰서앞,2011,445
2014-10-01,강북중학교건너,114,1125
2014-10-01,강북중학교앞,9718,28
2014-10-01,강산아파트건너,4737,8941
2014-10-01,강산아파트앞,5249,1412
2014-10-01,강정(종점),5,2
2014-10-01,강정보(디아크문화관)건너,144,14
2014-10-01,강정보(디아크문화관)입구,269,1
2014-10-01,강창교1,3960,192
2014-10-01,강창교2,135,752
2014-10-01,강창역(1번출구),5175,596
2014-10-01,강창역(2번출구),21796,1019
2014-10-01,강창하이츠,7347,560
2014-10-01,거동교1,649,325
2014-10-01,거동교2,791,530
2014-10-01,건들바위건너,1058,700
2014-10-01,건들바위앞,617,1605
2014-10-01,건영아파트건너,13146,7248
2014-10-01,건영캐스빌건너,11294,1305
2014-10-01,건영캐스빌앞,778,1002
2014-10-01,검단119안전센터(엑스코),86,59
2014-10-01,검단동대구축협앞,4968,32
2014-10-01,검단동주민센터1,761,19
2014-10-01,검단동주민센터2,0,131
2014-10-01,검단동주민센터건너,10189,88
2014-10-01,검단동주민센터앞,44,430
2014-10-01,검단상가아파트건너,146,31
2014-10-01,검단상가아파트앞,440,50
2014-10-01,검단유성아파트(서편),9607,1602
2014-10-01,검단유성아파트건너,5436,1101
2014-10-01,검단유성아파트앞,16126,4289
2014-10-01,경기장네거리1,3859,1530
2014-10-01,경기장네거리2,3607,461
2014-10-01,경대교2,4849,781
2014-10-01,경대교건너,903,205
2014-10-01,경대교앞,233,940
2014-10-01,경대사대부설고등학교앞,23154,10030
2014-10-01,경대아파트건너,30600,2186
2014-10-01,경대아파트앞,9551,1955
2014-10-01,경덕여고,728,278
2014-10-01,경동산업앞,93,5
2014-10-01,경명여고건너,3441,561
2014-10-01,경명여고앞,2187,1453
2014-10-01,경북고교종점,2169,1167
2014-10-01,경북고등학교건너,12464,3212
2014-10-01,경북고등학교앞,18602,1352
2014-10-01,경북고등학교종점건너,171,33
2014-10-01,경북공고건너,8334,4724
2014-10-01,경북공고앞,11351,4236
2014-10-01,경북공무원교육원1,628,411
2014-10-01,경북공무원교육원2,11,13
2014-10-01,경북교통,5228,2246
2014-10-01,경북교통앞,2340,1808
2014-10-01,경북기계공고건너,10798,3429
2014-10-01,경북기계공고앞,10420,4703
2014-10-01,경북농업기술원건너,34,266
2014-10-01,경북농업기술원앞,229,7
2014-10-01,경북대체육센터건너,8890,699
2014-10-01,경북대체육센터앞,5091,4345
2014-10-01,경북대학교병원건너,21405,9669
2014-10-01,경북대학교병원앞,38526,8125
2014-10-01,경북대학교북문건너,74748,1920
2014-10-01,경북대학교북문앞,33799,6066
2014-10-01,경북대학교서문건너,9746,1136
2014-10-01,경북대학교서문앞,3214,768
2014-10-01,경북대학교정문건너,11770,2576
2014-10-01,경북대학교정문앞,27580,5664
2014-10-01,경북대학교치과병원,22261,9124
2014-10-01,경북아파트건너(고산동),18753,3320
2014-10-01,경북아파트건너(신천동),7542,11964
2014-10-01,경북아파트앞(고산동),13578,4777
2014-10-01,경북아파트앞(신천동),5479,3288
2014-10-01,경북여상건너,12952,8982
2014-10-01,경북여상앞,11921,2592
2014-10-01,경북크랑크,1373,40
2014-10-01,경상감영공원건너,96991,17291
2014-10-01,경상감영공원앞,74744,58936
2014-10-01,경상북도농업인회관,315,16
2014-10-01,경상여자고등학교건너,3850,357
2014-10-01,경상여자고등학교앞,8859,5059
2014-10-01,경서중학교건너,387,453
2014-10-01,경서중학교앞,4420,127
2014-10-01,경신고등학교건너,48404,6113
2014-10-01,경신고등학교앞,37183,10868
2014-10-01,경운초등학교건너,2138,835
2014-10-01,경운초등학교앞,5045,5841
2014-10-01,경원고등학교건너,721,48
2014-10-01,경원고등학교앞,1536,274
2014-10-01,경일여자중학교건너,14558,1613
2014-10-01,경일여자중학교앞,4255,1112
2014-10-01,경주최씨종가(종점),693,7
2014-10-01,경주최씨종가1,8,1
2014-10-01,경주최씨종가2,1,1
2014-10-01,경진테크빌앞,868,1511
2014-10-01,경창산업,973,91
2014-10-01,경희강재건너,778,537
2014-10-01,경희강재앞,3376,82
2014-10-01,계명대대명캠퍼스후문건너,2315,608
2014-10-01,계명대역(1번출구),2740,1292
2014-10-01,계명대역(2번출구),8398,4852
2014-10-01,계명대학교대명캠퍼스건너,17554,5009
2014-10-01,계명대학교대명캠퍼스앞,19864,5351
2014-10-01,계명대학교대명캠퍼스후문앞,1956,556
2014-10-01,계명대학교동문건너1,6660,948
2014-10-01,계명대학교동문건너2,30892,7615
2014-10-01,계명대학교동문앞,24101,6080
2014-10-01,계명대학교정문건너,34830,1421
2014-10-01,계명대학교정문앞,5903,2213
2014-10-01,계명문화대학건너,10064,866
2014-10-01,계명문화대학앞,17239,12076
2014-10-01,고모동입구,2957,2104
2014-10-01,고모역건너,322,91
2014-10-01,고모역앞,202,12
2014-10-01,고봉리,65,1
2014-10-01,고산2동주민센터건너,10812,2903
2014-10-01,고산2동주민센터앞,20696,756
2014-10-01,고산골입구,6814,836
2014-10-01,고산농협창고건너,831,146
2014-10-01,고산농협창고앞,419,3050
2014-10-01,고산도서관,19526,9153
2014-10-01,고산정수사업소건너,2586,783
2014-10-01,고성아파트(서편),11151,2750
2014-10-01,고성아파트건너,2341,122
2014-10-01,고성아파트건너(서편),6009,4795
2014-10-01,고성아파트앞,1821,436
2014-10-01,고성지구대1,1945,493
2014-10-01,고성지구대2,3410,8676
2014-10-01,골안골,39,109
2014-10-01,골안골지하보도앞,9,156
2014-10-01,공고네거리1,28595,10304
2014-10-01,공고네거리2,12577,3111
2014-10-01,공군기지관사입구,1,18
2014-10-01,공단역1,632,11887
2014-10-01,공단역2,20309,7903
2014-10-01,공단하수처리장건너,48,322
2014-10-01,공단하수처리장앞,89,32
2014-10-01,공산댐건너,1433,80
2014-10-01,공산댐앞,86,97
2014-10-01,공산동행정복지센터건너,1162,356
2014-10-01,공산동행정복지센터앞,4585,296
2014-10-01,공산초등학교건너,491,92
2014-10-01,공산초등학교앞,2510,177
2014-10-01,공산파출소,509,630
2014-10-01,공항시장건너,11329,743
2014-10-01,공항시장앞,5772,1658
2014-10-01,곽병원건너,36672,23118
2014-10-01,곽병원앞1,23281,7374
2014-10-01,곽병원앞2,10108,3666
2014-10-01,관리공단,501,111
2014-10-01,관음공영주차장앞,1355,17
2014-10-01,관음농협앞,137,58
2014-10-01,관음동주민센터건너,433,49
2014-10-01,관음동주민센터앞,1839,32
2014-10-01,관음변전소1,5303,131
2014-10-01,관음변전소2,20,282
2014-10-01,관음변전소3,112,0
2014-10-01,관음변전소4,909,53
2014-10-01,관음어린이집,317,62
2014-10-01,관음중학교(북편),968,13
2014-10-01,광명은하아파트건너,6401,4718
2014-10-01,광명은하아파트앞,17530,1003
2014-10-01,광명프레지던트아파트건너,11480,5459
2014-10-01,광장타운건너,16208,4758
2014-10-01,광장타운앞,15111,3500
2014-10-01,교대부설초등학교건너,5270,276
2014-10-01,교대부설초등학교앞,475,1271
2014-10-01,교동시장앞,3954,1480
2014-10-01,교동초등학교건너,529,80
2014-10-01,교동초등학교앞,7,239
2014-10-01,교통연수원,16885,759
2014-10-01,교통연수원건너,10050,2729
2014-10-01,교항2리마을입구,0,95
2014-10-01,교항2리회관,4483,23
2014-10-01,교항리건너,19,29
2014-10-01,교항리마을입구건너,85,1
2014-10-01,교항리앞,490,435
2014-10-01,구)달성군청건너,11342,3775
2014-10-01,구)달성군청앞,25553,17690
2014-10-01,구)대영학원건너,16495,3191
2014-10-01,구)대영학원앞,15267,10751
2014-10-01,구)효목2동행정복지센터건너,15735,1303
2014-10-01,구)효목2동행정복지센터앞,6209,1693
2014-10-01,구.남부정류장건너1,14323,11208
2014-10-01,구.남부정류장건너2,9740,4480
2014-10-01,구.남부정류장앞1,25570,5088
2014-10-01,구.남부정류장앞2,3580,1844
2014-10-01,구.동부정류장(남편),6589,1623
2014-10-01,구.동부정류장(메트로팔레스),11828,4348
2014-10-01,구.동부정류장건너,16060,1753
2014-10-01,구.동부정류장앞,8678,3564
2014-10-01,구둔산,697,3
2014-10-01,구라리,1,0
2014-10-01,구병원건너,706,4767
2014-10-01,구병원앞,32372,6001
2014-10-01,구삼폭포건너,4,15
2014-10-01,구암가구골목1,9765,339
2014-10-01,구암가구골목2,1527,306
2014-10-01,구암교1,7117,2864
2014-10-01,구암교2,1186,685
2014-10-01,구암동1,1076,65
2014-10-01,구암동2,191,419
2014-10-01,구암역(운전면허시험장)1,442,230
2014-10-01,구암역(운전면허시험장)2,2364,629
2014-10-01,구암초등학교건너,2359,315
2014-10-01,구암초등학교앞,5807,79
2014-10-01,구지농공단지1,0,2
2014-10-01,구지농공단지2,195,1
2014-10-01,구지면사무소건너,515,328
2014-10-01,구지면사무소앞,2035,249
2014-10-01,구지청아람건너,6379,120
2014-10-01,구지청아람앞,661,417
2014-10-01,국립대구과학관정문건너,124,7
2014-10-01,국립대구과학관정문앞,330,1
2014-10-01,국립대구박물관건너,13798,1170
2014-10-01,국립대구박물관앞,8757,3102
2014-10-01,국민건강보험공단건너,26634,2204
2014-10-01,국민건강보험공단앞,10823,9642
2014-10-01,국민은행3공단지점건너,5835,1406
2014-10-01,국민은행3공단지점앞,3019,883
2014-10-01,국우동현대아파트건너,711,37
2014-10-01,국우동현대아파트앞,4360,448
2014-10-01,국채보상운동기념공원,7844,5677
2014-10-01,굿모닝병원건너,10785,4738
2014-10-01,굿모닝병원앞,16606,3479
2014-10-01,궁전아파트건너,40,246
2014-10-01,궁전아파트앞,2461,91
2014-10-01,귀남지휴게소1,25,4
2014-10-01,귀남지휴게소2,0,2
2014-10-01,그랜드호텔건너,33330,20276
2014-10-01,그랜드호텔앞,55941,7556
2014-10-01,그린빌4단지,79,430
2014-10-01,그린빌4단지건너,1135,27
2014-10-01,그린빌4단지앞,214,95
2014-10-01,근로복지공단대구병원건너,2526,141
2014-10-01,근로복지공단대구병원앞,4560,343
2014-10-01,근린공원축구장건너,50,177
2014-10-01,근린공원축구장앞,1422,21
2014-10-01,금강동,192,13
2014-10-01,금계초등학교(교항리),529,235
2014-10-01,금복주건너,2818,312
2014-10-01,금복주앞,1745,898
2014-10-01,금봉네거리1,10613,852
2014-10-01,금봉네거리2,5527,648
2014-10-01,금사리하이빌APT건너,1589,124
2014-10-01,금사리하이빌APT앞,491,207
2014-10-01,금융감독원건너,833,2953
2014-10-01,금포초등학교,1482,245
2014-10-01,금포초등학교건너,361,412
2014-10-01,금호1,3,86
2014-10-01,금호2,60,0
2014-10-01,금호기전,5,49
2014-10-01,금호지구(시내방향),55,0
2014-10-01,금호지구(종점방향),26,0
2014-10-01,금호천년나무1단지동편건너,3,67
2014-10-01,금호화물자동차공영차고지,2,0
2014-10-01,기곡(종점),170,3
2014-10-01,기곡리1,10,1
2014-10-01,기곡리2,68,0
2014-10-01,기독교방송국건너,6395,1952
2014-10-01,기독교방송국앞,4070,1368
2014-10-01,기업은행대곡지점건너,101,1324
2014-10-01,기업은행대곡지점앞,21563,413
2014-10-01,기업은행죽전동지점건너,5708,859
2014-10-01,기업은행죽전동지점앞,3191,596
2014-10-01,김흥1리건너,107,0
2014-10-01,김흥1리앞,44,8
2014-10-01,김흥2리건너,1,2
2014-10-01,김흥2리앞,11,1
2014-10-01,김흥리마을입구,106,0
2014-10-01,남구청건너2,6858,6476
2014-10-01,남구청네거리1,7182,1984
2014-10-01,남구청네거리2,268,187
2014-10-01,남대구IC1,18785,1113
2014-10-01,남대구IC2,6694,718
2014-10-01,남명삼거리1,1914,156
2014-10-01,남명삼거리2,1901,717
2014-10-01,남문시장건너1,1156,44
2014-10-01,남문시장건너2,12939,18365
2014-10-01,남문시장앞,26139,10717
2014-10-01,남문아파트앞,544,335
2014-10-01,남부경찰서건너,11295,2511
2014-10-01,남부경찰서앞,13464,7706
2014-10-01,남부교육지원청건너,8067,946
2014-10-01,남부교육지원청앞,4960,1593
2014-10-01,남부도서관앞,158,455
2014-10-01,남부자동차종합시장건너,3323,566
2014-10-01,남부자동차종합시장앞,1069,401
2014-10-01,남부초등학교건너,1466,44
2014-10-01,남부초등학교앞,340,275
2014-10-01,남부초등학교앞2,5985,760
2014-10-01,남산2동주민센터건너,122,290
2014-10-01,남산2동주민센터앞,777,46
2014-10-01,남산고등학교건너,811,43
2014-10-01,남산고등학교앞,0,2
2014-10-01,남산역(프린스호텔건너),9638,3463
2014-10-01,남산역건너(프린스호텔앞),22494,6869
2014-10-01,남산주유소건너,1604,1065
2014-10-01,남산주유소앞,1958,217
2014-10-01,남산초등학교건너,16193,2056
2014-10-01,남산초등학교앞,13998,7707
2014-10-01,남산휴먼시아앞,1553,386
2014-10-01,내2리새마을회관건너,84,0
2014-10-01,내2리새마을회관앞,2,6
2014-10-01,내당1동우체국건너,2480,248
2014-10-01,내당1동우체국앞,3008,413
2014-10-01,내당광명아파트,3251,2956
2014-10-01,내당삼익맨션건너,30382,7446
2014-10-01,내당삼익맨션앞,14257,19261
2014-10-01,내당코오롱아파트건너,7525,13102
2014-10-01,내당코오롱아파트앞,5987,979
2014-10-01,내동,834,25
2014-10-01,내동건너,40,162
2014-10-01,내리1,4,5
2014-10-01,내리2,0,5
2014-10-01,내일교회건너,184,49
2014-10-01,내일교회앞,727,31
2014-10-01,냉천2리,4,1
2014-10-01,냉천리1,2390,20
2014-10-01,냉천리2,48,289
2014-10-01,노곡동,6223,48
2014-10-01,노변중학교,968,58
2014-10-01,노변중학교건너,1240,65
2014-10-01,노변청구타운건너,167,57
2014-10-01,노변청구타운앞,216,34
2014-10-01,노원119안전센터건너,6728,2665
2014-10-01,노원119안전센터앞,2465,695
2014-10-01,노원네거리(공단세차장건너),506,445
2014-10-01,노원네거리(공단세차장앞),6014,143
2014-10-01,노원네거리(대구은행건너),1108,168
2014-10-01,노원네거리(대구은행앞),5245,600
2014-10-01,노원네거리1,4673,868
2014-10-01,노원네거리2,9304,534
2014-10-01,노원동화타운건너,574,426
2014-10-01,노원동화타운앞,4277,508
2014-10-01,녹동서원앞,8,6
2014-10-01,녹원맨션1,3495,1334
2014-10-01,녹원맨션2,10789,559
2014-10-01,논공삼거리1,1690,28
2014-10-01,논공삼거리2,314,280
2014-10-01,논공읍사무소,828,213
2014-10-01,논공읍사무소건너1,4404,161
2014-10-01,논공읍사무소건너2,297,109
2014-10-01,농산물도매시장건너,25,9
2014-10-01,농산물도매시장앞,1862,209
2014-10-01,농수산물도매시장건너,3486,1317
2014-10-01,농수산물도매시장앞,9078,3375
2014-10-01,농촌진흥원입구,60,107
2014-10-01,농협동촌지점,440,143
2014-10-01,농협방촌지점,2280,103
2014-10-01,농협중앙회건너,22747,8109
2014-10-01,농협중앙회앞,58461,36478
2014-10-01,농협중앙회중동지점건너,1881,92
2014-10-01,농협중앙회중동지점앞,931,688
2014-10-01,농협하나로마트건너,38,298
2014-10-01,능골1,132,1157
2014-10-01,능골건너,2473,34
2014-10-01,능성동(종점),417,22
2014-10-01,능성동예비군훈련장,647,36
2014-10-01,능성동입구건너,506,8
2014-10-01,능성동입구앞,4,19
2014-10-01,다리골,32,1
2014-10-01,다사고등학교건너,9285,4244
2014-10-01,다사고등학교앞,415,1425
2014-10-01,다사농협주유소건너,79,650
2014-10-01,다사농협주유소앞,8284,228
2014-10-01,다사역(4번출구),18,1
2014-10-01,다사읍사무소건너,7608,368
2014-10-01,다사읍사무소서재출장소건너,339,4
2014-10-01,다사읍사무소서재출장소앞,67,176
2014-10-01,다사읍사무소앞,3,103
2014-10-01,다사주공아파트건너,154,0
2014-10-01,다사주공아파트앞,2,99
2014-10-01,다사체육공원건너,4,1
2014-10-01,다사체육공원앞,36,1
2014-10-01,다사초등학교건너,61,3
2014-10-01,다사초등학교앞,1,62
2014-10-01,단산리(종점),6942,3593
2014-10-01,달구벌종합복지관건너,922,188
2014-10-01,달구벌종합복지관앞,573,116
2014-10-01,달서공고건너,210,109
2014-10-01,달서공고앞,21,42
2014-10-01,달서교회건너,21429,3576
2014-10-01,달서교회앞,18668,10316
2014-10-01,달서구새마을회건너,2881,108
2014-10-01,달서구새마을회앞,246,131
2014-10-01,달서구청건너,19961,3395
2014-10-01,달서구청앞,8724,2712
2014-10-01,달서종합시장건너,1606,282
2014-10-01,달서종합시장앞,1230,145
2014-10-01,달서중고등학교,54,18
2014-10-01,달서중고등학교건너,442,0
2014-10-01,달서천하수종말처리장건너,67,1
2014-10-01,달서천하수종말처리장앞,10,9
2014-10-01,달서초교,1971,57
2014-10-01,달성2차공단관리청사,51,0
2014-10-01,달성2차산업단지출장소건너,3,0
2014-10-01,달성2차산업단지출장소앞,0,4
2014-10-01,달성경찰서,1792,495
2014-10-01,달성경찰서건너,2675,83
2014-10-01,달성공원건너,17855,2809
2014-10-01,달성공원앞,22210,18788
2014-10-01,달성군민운동장건너,1022,98
2014-10-01,달성군민운동장앞,948,182
2014-10-01,달성군선거관리위원회건너,100,124
2014-10-01,달성군선거관리위원회앞,26,1046
2014-10-01,달성군청건너,684,226
2014-10-01,달성군청앞,3505,153
2014-10-01,달성기와건너,182,111
2014-10-01,달성기와앞,768,55
2014-10-01,달성도서관건너,0,1
2014-10-01,달성도서관입구,1,0
2014-10-01,달성문화원건너,20,0
2014-10-01,달성문화원앞,6,2
2014-10-01,달성산업단지건너,197,47
2014-10-01,달성산업단지관리공단1,1,5
2014-10-01,달성산업단지관리공단2,3,0
2014-10-01,달성소방서건너,26,129
2014-10-01,달성소방서앞,216,209
2014-10-01,달성스포츠파크건너,3,11
2014-10-01,달성스포츠파크앞,16,0
2014-10-01,달성예비군훈련장건너,1405,89
2014-10-01,달성예비군훈련장앞,636,162
2014-10-01,달성우체국건너,778,494
2014-10-01,달성우체국앞,5647,269
2014-10-01,달성중학교건너,5387,556
2014-10-01,달성중학교앞,19655,4512
2014-10-01,달성초등학교건너,4562,1586
2014-10-01,달성초등학교앞,1805,325
2014-10-01,달성취수장건너,20,125
2014-10-01,달성취수장앞,57,33
2014-10-01,달창저수지,297,0
2014-10-01,달천리(시내방향),149,1
2014-10-01,달천리(시외방향),63,1
2014-10-01,담안마을1,10,16
2014-10-01,담안마을2,282,1
2014-10-01,담티고개1,234,449
2014-10-01,담티고개2,1140,789
2014-10-01,당동마을건너,269,2
2014-10-01,당동마을앞,1,17
2014-10-01,당정마을입구,30,4
2014-10-01,당정마을입구건너,119,1
2014-10-01,대1리용흥지건너,210,4
2014-10-01,대1리용흥지앞,17,20
2014-10-01,대곡강산타운,23612,675
2014-10-01,대곡강산타운건너,3988,814
2014-10-01,대곡사계절타운건너,17150,527
2014-10-01,대곡사계절타운앞,5517,1439
2014-10-01,대곡역(1번출구),44718,1763
2014-10-01,대곡역(2번출구),33615,40890
2014-10-01,대곡역(한라하우젠트건너),19130,1292
2014-10-01,대곡역(한라하우젠트앞),5632,13088
2014-10-01,대곡역그린빌,7257,7933
2014-10-01,대곡주공1단지앞,5461,1621
2014-10-01,대곡주공2단지앞,20116,490
2014-10-01,대곡주공6단지앞,3589,430
2014-10-01,대곡주공7단지앞,14470,941
2014-10-01,대곡주공8단지건너,4057,1097
2014-10-01,대곡주공8단지앞,25415,1854
2014-10-01,대곡중학교건너,4282,554
2014-10-01,대곡중학교앞,2567,547
2014-10-01,대공원역(1번출구),2641,5427
2014-10-01,대공원역(5번출구),4738,565
2014-10-01,대구가톨릭대학병원건너,22124,3246
2014-10-01,대구가톨릭대학병원앞,19085,1939
2014-10-01,대구경북과학기술원,181,4
2014-10-01,대구경북과학기술원기숙사,222,22
2014-10-01,대구경북지방병무청,221,842
2014-10-01,대구고등학교건너,46785,12058
2014-10-01,대구고등학교앞,14150,5398
2014-10-01,대구고용노동청건너,16135,2351
2014-10-01,대구고용노동청앞,4551,1093
2014-10-01,대구공업대학1,12931,2243
2014-10-01,대구공업대학2,3791,2491
2014-10-01,대구공업대학건너,7858,2983
2014-10-01,대구공업대학앞,6122,2492
2014-10-01,대구과학고등학교건너,10797,4954
2014-10-01,대구과학고등학교앞,18052,1850
2014-10-01,대구과학대학1,23928,11415
2014-10-01,대구과학대학2,74384,5074
2014-10-01,대구과학대학건너,3008,143
2014-10-01,대구과학대학앞,1002,282
2014-10-01,대구광역시교육연수원건너,16295,807
2014-10-01,대구광역시교육연수원앞,5452,2922
2014-10-01,대구광역시청건너,1757,823
2014-10-01,대구광역시청앞,345,520
2014-10-01,대구교도소건너,8483,5573
2014-10-01,대구교도소앞,24568,3479
2014-10-01,대구교육대건너,274,3148
2014-10-01,대구교육대앞,22114,3310
2014-10-01,대구교통방송건너,5650,6367
2014-10-01,대구교통방송앞,19930,1463
2014-10-01,대구국제공항건너,25713,13202
2014-10-01,대구국제공항앞,28913,7116
2014-10-01,대구글로벌교육센터건너,5320,11689
2014-10-01,대구글로벌교육센터앞,4006,588
2014-10-01,대구농업마이스터고건너,26339,2027
2014-10-01,대구농업마이스터고앞,8817,10089
2014-10-01,대구농업마이스터고후문건너,2739,650
2014-10-01,대구농업마이스터고후문앞,2459,175
2014-10-01,대구도시공사앞,15130,2612
2014-10-01,대구동부고용복지플러스센터,11260,5106
2014-10-01,대구동촌유치원,1214,173
2014-10-01,대구디지털산업진흥원건너,22943,5852
2014-10-01,대구디지털산업진흥원앞,16477,3331
2014-10-01,대구맨션건너,2273,368
2014-10-01,대구맨션앞,4321,856
2014-10-01,대구문화방송건너,13407,4777
2014-10-01,대구문화방송앞,14702,2880
2014-10-01,대구미술관건너,744,55
2014-10-01,대구미술관앞,1013,59
2014-10-01,대구병원건너,26466,1607
2014-10-01,대구병원앞,14796,6855
2014-10-01,대구보건고등학교건너,17554,7410
2014-10-01,대구보건고등학교앞,13289,2046
2014-10-01,대구보건대학3,14771,8790
2014-10-01,대구보건대학4,35062,4184
2014-10-01,대구보건대학5,84,42
2014-10-01,대구보건대학건너1,2776,76
2014-10-01,대구보건대학건너2,20024,416
2014-10-01,대구보건대학앞1,601,216
2014-10-01,대구보건대학앞2,1693,679
2014-10-01,대구보훈요양원건너,0,5
2014-10-01,대구보훈요양원앞,188,0
2014-10-01,대구비지니스센터건너,3762,392
2014-10-01,대구비지니스센터앞,4203,311
2014-10-01,대구사격장,68,3
2014-10-01,대구삼성창조캠퍼스1,1382,200
2014-10-01,대구삼성창조캠퍼스2,420,621
2014-10-01,대구선방촌공원,1201,22
2014-10-01,대구소방본부건너,453,186
2014-10-01,대구소방본부앞,1824,3236
2014-10-01,대구스타디움건너,3558,534
2014-10-01,대구스타디움앞,4497,690
2014-10-01,대구시교육청건너,1207,336
2014-10-01,대구시교육청앞,1821,4790
2014-10-01,대구시설공단건너,18108,3192
2014-10-01,대구시설공단앞,11137,17682
2014-10-01,대구시설관리사업소,8,111
2014-10-01,대구시지노인전문병원건너,367,81
2014-10-01,대구시지노인전문병원앞,570,1473
2014-10-01,대구신문사,109,670
2014-10-01,대구애견훈련학교건너,325,2
2014-10-01,대구애견훈련학교앞,3,10
2014-10-01,대구역,897,316
2014-10-01,대구역건너,37257,7220
2014-10-01,대구역꽃시장,562,766
2014-10-01,대구역북편네거리1,41019,4774
2014-10-01,대구역북편네거리2,14365,15260
2014-10-01,대구역센트럴자이,1238,132
2014-10-01,대구역앞,36305,10103
2014-10-01,대구예담학교,341,82
2014-10-01,대구우편집중국(동편),4,17
2014-10-01,대구우편집중국앞,2197,1959
2014-10-01,대구은행3공단지점앞,6184,587
2014-10-01,대구은행북비산지점건너1,13387,2449
2014-10-01,대구은행북비산지점건너2,1679,903
2014-10-01,대구은행북비산지점앞,39992,6200
2014-10-01,대구은행산격지점앞,702,298
2014-10-01,대구은행역(1번출구),36286,8844
2014-10-01,대구은행역(2번출구),37779,6757
2014-10-01,대구은행제2본점앞,15109,3061
2014-10-01,대구은행칠곡지점건너,8892,2221
2014-10-01,대구은행칠곡지점앞,26687,6841
2014-10-01,대구은행평리동지점건너,3317,1727
2014-10-01,대구은행평리동지점앞,6244,2644
2014-10-01,대구의료원건너,7190,1213
2014-10-01,대구의료원라파엘웰빙센터,2025,91
2014-10-01,대구의료원라파엘웰빙센터건너,464,1147
2014-10-01,대구의료원앞,4489,946
2014-10-01,대구일마이스터고교건너,4460,1066
2014-10-01,대구일마이스터고교앞,9072,666
2014-10-01,대구전자공고남편,147,279
2014-10-01,대구전자공업고등학교1,11011,468
2014-10-01,대구전자공업고등학교2,899,3277
2014-10-01,대구제일고등학교건너,34138,7173
2014-10-01,대구제일고등학교앞,35404,22028
2014-10-01,대구중앙중고등학교건너,30275,3474
2014-10-01,대구중앙중고등학교앞,29017,5123
2014-10-01,대구중앙중학교건너,2818,29
2014-10-01,대구중앙중학교앞,2,14
2014-10-01,대구중학교건너,1704,515
2014-10-01,대구중학교앞,6752,2036
2014-10-01,대구지료재생사,81,73
2014-10-01,대구지방경찰청,4779,715
2014-10-01,대구지방법원등기국건너,5973,9784
2014-10-01,대구지방법원등기국앞,2643,1231
2014-10-01,대구지방법원서부지원,564,77
2014-10-01,대구차여성병원건너,5016,8884
2014-10-01,대구차여성병원앞,16488,1345
2014-10-01,대구콘서트하우스건너,18901,21114
2014-10-01,대구콘서트하우스앞,24536,3235
2014-10-01,대구태현교회,3,51
2014-10-01,대구텍건너,744,266
2014-10-01,대구텍스타일콤플렉스,24,26
2014-10-01,대구텍앞,5313,902
2014-10-01,대구학생문화센터,213,72
2014-10-01,대구학생수련관입구건너,564,3
2014-10-01,대구학생수련관입구앞,28,115
2014-10-01,대구한의대학교부속한방병원건너,333,109
2014-10-01,대구한의대학교부속한방병원앞,2663,55
2014-10-01,대구향교건너,3001,4126
2014-10-01,대구향교앞,2092,509
2014-10-01,대덕마을건너,654,1508
2014-10-01,대덕마을앞,323,116
2014-10-01,대덕맨션앞,9673,263
2014-10-01,대덕문화전당건너,1514,158
2014-10-01,대덕문화전당앞,50,194
2014-10-01,대덕승마장건너,671,23
2014-10-01,대덕승마장앞,96,52
2014-10-01,대덕식당건너,284,258
2014-10-01,대덕식당앞,4960,203
2014-10-01,대덕천주교회1,1685,403
2014-10-01,대덕천주교회2,2761,173
2014-10-01,대덕천주교회3,3577,198
2014-10-01,대덕천주교회4,150,442
2014-10-01,대덕초등학교,714,15
2014-10-01,대덕초등학교건너,84,40
2014-10-01,대동공업,133,148
2014-10-01,대동공업건너,735,11
2014-10-01,대동금속건너,1889,46
2014-10-01,대동금속앞,656,152
2014-10-01,대동시장1,4616,460
2014-10-01,대동시장2,8049,519
2014-10-01,대륜중고등학교건너,5729,6801
2014-10-01,대륜중고등학교앞,6980,337
2014-10-01,대리,194,6
2014-10-01,대리마을앞,78,95
2014-10-01,대리마을회관,220,11
2014-10-01,대리마을회관건너,43,22
2014-10-01,대림생수,922,21
2014-10-01,대림생수앞,38,202
2014-10-01,대림육교1,257,21874
2014-10-01,대림육교2,24,39
2014-10-01,대명6동주민센터건너,2331,430
2014-10-01,대명6동주민센터앞,2665,183
2014-10-01,대명시장건너,21189,6507
2014-10-01,대명시장앞,25035,4702
2014-10-01,대명역(1번출구),20351,4046
2014-10-01,대명역(2번출구),14501,2414
2014-10-01,대명중학교건너,27,349
2014-10-01,대명중학교앞,3196,79
2014-10-01,대명초등학교건너,8693,3632
2014-10-01,대명초등학교앞,12810,4846
2014-10-01,대백인터빌건너,24683,5436
2014-10-01,대백인터빌앞,20376,4753
2014-10-01,대백창신한라타운건너,14075,2248
2014-10-01,대백창신한라타운앞,3576,1419
2014-10-01,대백프라자건너,23579,5647
2014-10-01,대백프라자앞,30555,4525
2014-10-01,대백한라무지개타운건너,23611,878
2014-10-01,대백한라무지개타운앞,9228,1366
2014-10-01,대봉교회,9800,4013
2014-10-01,대봉네거리1,4884,524
2014-10-01,대봉네거리2,3109,2502
2014-10-01,대봉도서관건너,1380,384
2014-10-01,대봉도서관앞,4046,851
2014-10-01,대봉성당,9780,2073
2014-10-01,대서초등학교앞,506,132
2014-10-01,대성공업건너,753,8901
2014-10-01,대성공업앞,1891,142
2014-10-01,대성유니드앞,2903,56
2014-10-01,대성테크앞,254,9
2014-10-01,대신동광명맨션앞,1224,359
2014-10-01,대신센트럴자이,6376,338
2014-10-01,대실역(1번출구),9346,2018
2014-10-01,대실역(2번출구),31621,1392
2014-10-01,대실역(4번출구),2300,35
2014-10-01,대실역1,147,10
2014-10-01,대실역2,164,153
2014-10-01,대실역청아람건너,7007,40
2014-10-01,대실역청아람앞,619,3319
2014-10-01,대우트럼프월드수성건너,14863,1848
2014-10-01,대우트럼프월드수성앞,3557,2063
2014-10-01,대원고등학교,3917,23334
2014-10-01,대원고등학교건너,2672,2657
2014-10-01,대원사건너(공산동),34,201
2014-10-01,대원사앞(공산동),57,1
2014-10-01,대원사입구,183,0
2014-10-01,대원유치원건너,6858,6083
2014-10-01,대원유치원앞,10563,623
2014-10-01,대일1리마을회관건너,193,46
2014-10-01,대일1리점촌마을,0,40
2014-10-01,대일아파트건너,10370,4186
2014-10-01,대일아파트앞,14409,2378
2014-10-01,대자연맨션,16778,532
2014-10-01,대자연맨션건너,3146,1325
2014-10-01,대중인벤트,258,43
2014-10-01,대진중고등학교건너,1716,100
2014-10-01,대진중고등학교앞,416,142
2014-10-01,대천119안전센터건너,1611,24
2014-10-01,대천119안전센터앞,667,75
2014-10-01,대천교,3661,1091
2014-10-01,대천초등학교건너,538,158
2014-10-01,대천초등학교앞,2717,131
2014-10-01,대청초등학교건너,189,614
2014-10-01,대청초등학교앞,13165,781
2014-10-01,대평2리,287,0
2014-10-01,대평교회앞,5,11
2014-10-01,대평리시장,14981,1043
2014-10-01,대평중학교건너,9154,966
2014-10-01,대평중학교앞,6474,1273
2014-10-01,대홍철강,680,48
2014-10-01,대흥동건너,478,23
2014-10-01,대흥동앞,288,223
2014-10-01,덕곡(달구벌고교),749,1
2014-10-01,덕곡(대구선명학교),108,26
2014-10-01,덕곡삼거리1,41,155
2014-10-01,덕곡삼거리2,963,12
2014-10-01,덕산마을건너,0,7
2014-10-01,덕산마을앞,303,0
2014-10-01,덕원고등학교건너,4040,942
2014-10-01,덕원고등학교앞,785,760
2014-10-01,덕인초등학교건너,2420,727
2014-10-01,덕인초등학교앞,1686,415
2014-10-01,덕화중학교건너,9699,557
2014-10-01,덕화중학교앞,3566,3749
2014-10-01,덴티스앞,312,4
2014-10-01,도곡교1,123,394
2014-10-01,도곡교2,255,8
2014-10-01,도남동,264,1
2014-10-01,도남동(종점),29,0
2014-10-01,도남지,136,0
2014-10-01,도동,1,0
2014-10-01,도동교1,883,5
2014-10-01,도동교2,19,38
2014-10-01,도동서원,422,4
2014-10-01,도동청구타운건너,46,58
2014-10-01,도동청구타운앞,1543,187
2014-10-01,도시철도건설본부건너,1172,4376
2014-10-01,도시철도건설본부앞,30484,2119
2014-10-01,도시철도담티역(1번출구),36186,5525
2014-10-01,도시철도담티역(3번출구),28383,4493
2014-10-01,도시철도대구역,846,259
2014-10-01,도시철도수성구청역북편1,583,6093
2014-10-01,도시철도수성구청역북편2,2073,67
2014-10-01,도의리,203,44
2014-10-01,도평동입구1,733,143
2014-10-01,도평동입구2,253,187
2014-10-01,도평동행정복지센터1,2,9
2014-10-01,도평동행정복지센터2,173,1
2014-10-01,도학동,1213,7
2014-10-01,도학동1,47,78
2014-10-01,동곡1리1,5,0
2014-10-01,동곡1리2,234,0
2014-10-01,동곡1리3,44,0
2014-10-01,동곡리,139,1
2014-10-01,동곡초등학교건너,374,1
2014-10-01,동곡초등학교앞,23,45
2014-10-01,동곡치안센터앞,28,59
2014-10-01,동구시장건너,8282,1702
2014-10-01,동구시장앞,8103,1301
2014-10-01,동구청건너,77781,34409
2014-10-01,동구청앞,57967,10583
2014-10-01,동구청역(3번출구),9111,1746
2014-10-01,동구청역(4번출구),1957,734
2014-10-01,동대구LPG충전소건너,2195,140
2014-10-01,동대구LPG충전소앞,657,205
2014-10-01,동대구맨션,8260,7765
2014-10-01,동대구시장건너,12657,2507
2014-10-01,동대구시장앞,21405,6380
2014-10-01,동대구역,57468,15889
2014-10-01,동대구역건너,62274,18710
2014-10-01,동대구역복합환승센터건너,46285,5368
2014-10-01,동대구역복합환승센터앞,42833,19623
2014-10-01,동대구역수화물취급소건너,375,220
2014-10-01,동대구역수화물취급소앞,4303,248
2014-10-01,동대구역지하도1,5095,3753
2014-10-01,동대구역지하도2,909,1085
2014-10-01,동대구초등학교건너,1341,112
2014-10-01,동대구초등학교앞,734,222
2014-10-01,동도중학교건너,11033,1590
2014-10-01,동도중학교앞,15727,2163
2014-10-01,동문고등학교앞,1005,235
2014-10-01,동문고등학교정문,988,201
2014-10-01,동변주공그린빌건너,2851,564
2014-10-01,동변주공그린빌앞,11154,315
2014-10-01,동부경찰서건너,1605,1231
2014-10-01,동부경찰서앞,8684,309
2014-10-01,동부고교건너,1646,691
2014-10-01,동부고교앞,7165,2739
2014-10-01,동부소방서건너,1239,7791
2014-10-01,동부소방서앞,5609,489
2014-10-01,동부시외버스터미널(순환2번),2310,304
2014-10-01,동부중학교건너,4951,327
2014-10-01,동부중학교앞,2326,4014
2014-10-01,동북주유소건너,127,37
2014-10-01,동북주유소앞,5,46
2014-10-01,동산의료원앞1,35091,9227
2014-10-01,동산의료원앞2,15947,10850
2014-10-01,동서교회건너,3018,255
2014-10-01,동서교회앞,1424,908
2014-10-01,동서변리벤빌,10193,1093
2014-10-01,동서변월드메르디앙아파트,2852,975
2014-10-01,동서아파트건너,145,6
2014-10-01,동서아파트앞,2,20
2014-10-01,동서화성타운건너,30172,933
2014-10-01,동서화성타운앞,15311,3509
2014-10-01,동성에스티에스건너,143,43
2014-10-01,동성에스티에스앞,145,7
2014-10-01,동성초등학교건너,2933,7915
2014-10-01,동성초등학교앞,5789,2352
2014-10-01,동신초등학교건너,2757,1173
2014-10-01,동신초등학교앞,2316,3456
2014-10-01,동아백화점수성점건너,14260,8438
2014-10-01,동아백화점수성점앞,61628,1294
2014-10-01,동아수산냉동건너,494,521
2014-10-01,동아수산냉동앞,334,71
2014-10-01,동아스포츠센터(지산중학교앞),1648,815
2014-10-01,동아스포츠센터(지산초교앞),8071,297
2014-10-01,동아제약,539,111
2014-10-01,동아제약건너,2181,35
2014-10-01,동양맨션앞,3482,216
2014-10-01,동원약품,9404,1732
2014-10-01,동원초등학교건너,1198,613
2014-10-01,동원초등학교앞1,1367,565
2014-10-01,동원초등학교앞2,1997,396
2014-10-01,동인네거리1,1469,323
2014-10-01,동인네거리2,1500,811
2014-10-01,동인초등학교건너,13152,4640
2014-10-01,동인초등학교앞,10092,4151
2014-10-01,동인치안센터건너,18124,9208
2014-10-01,동인치안센터앞,10705,7373
2014-10-01,동일초등학교건너,2227,545
2014-10-01,동일초등학교앞,2931,1084
2014-10-01,동천역1,628,189
2014-10-01,동천역2,1922,247
2014-10-01,동촌강나루아파트건너,2432,863
2014-10-01,동촌강나루아파트앞,3315,11391
2014-10-01,동촌역,575,196
2014-10-01,동촌역(구길),1926,165
2014-10-01,동촌역(신길)1,6740,1365
2014-10-01,동촌역(신길)2,4288,2340
2014-10-01,동촌유원지,517,218
2014-10-01,동촌유원지놀이동산앞,161,82
2014-10-01,동촌해성아파트건너,174,238
2014-10-01,동촌해성아파트앞,840,2066
2014-10-01,동촌화성타운건너,13344,957
2014-10-01,동촌화성타운앞,7695,2171
2014-10-01,동침산네거리,1812,929
2014-10-01,동침산네거리2,25,189
2014-10-01,동호동건너(북구),860,147
2014-10-01,동호동앞(북구),104,55
2014-10-01,동호육교1,290,514
2014-10-01,동호육교2,8861,188
2014-10-01,동호초등학교건너,419,5
2014-10-01,동화골든빌(남편),3862,235
2014-10-01,동화골든빌(동편),1470,1649
2014-10-01,동화골든빌(북편),55,194
2014-10-01,동화골든빌건너(남편),14,281
2014-10-01,동화교1,106,211
2014-10-01,동화교2,3355,2
2014-10-01,동화사입구건너,5341,17
2014-10-01,동화사입구앞,164,586
2014-10-01,동화시설집단지구(종점)1,500,39
2014-10-01,동화시설집단지구(종점)2(대구시민안전테마파크),18594,343
2014-10-01,두류3동파출소건너,808,77
2014-10-01,두류3동파출소앞,476,327
2014-10-01,두류공원(야외음악당건너),832,65
2014-10-01,두류공원(야외음악당앞),674,108
2014-10-01,두류공원네거리1,13420,2629
2014-10-01,두류공원네거리2,4730,3378
2014-10-01,두류도서관앞,8229,3858
2014-10-01,두류보성맨션건너,6664,334
2014-10-01,두류보성맨션앞,3434,3519
2014-10-01,두류수영장건너,21156,4956
2014-10-01,두류수영장앞,20579,3415
2014-10-01,두류역(달성고등학교건너),33853,6748
2014-10-01,두류역(달성고등학교앞),55740,19353
2014-10-01,두류정수사업소건너,19150,1354
2014-10-01,두류정수사업소앞,2489,8524
2014-10-01,두류파출소건너,443,168
2014-10-01,두류파출소앞,167,309
2014-10-01,두리봉네거리1,4944,18288
2014-10-01,두리봉네거리2,15213,2665
2014-10-01,두리봉터널입구,1518,462
2014-10-01,두리봉터널입구건너,4469,230
2014-10-01,두산동주민센터건너,16890,1765
2014-10-01,두산동주민센터앞,9272,3183
2014-10-01,두산스포츠건너,1254,202
2014-10-01,두성파크아파트건너,25615,4155
2014-10-01,두성파크아파트앞,8803,6929
2014-10-01,두천마을건너,56,1
2014-10-01,두천마을입구,1,0
2014-10-01,둔산동,773,0
2014-10-01,들안길1,1164,705
2014-10-01,들안길2,4511,389
2014-10-01,들안길네거리1,5829,211
2014-10-01,들안길네거리2,984,1216
2014-10-01,들안길초등학교건너,4625,1230
2014-10-01,들안길초등학교앞,4888,2034
2014-10-01,들연경,8,1
2014-10-01,럭키아파트건너,306,337
2014-10-01,럭키아파트앞,2290,57
2014-10-01,롯데백화점상인점건너,10694,6071
2014-10-01,롯데캐슬그랜드,685,1331
2014-10-01,룸비니유치원건너,2383,116
2014-10-01,룸비니유치원앞,2074,257
2014-10-01,마비정벽화마을(종점),879,19
2014-10-01,만경관건너,12701,5240
2014-10-01,만경관앞,10536,4163
2014-10-01,만촌1동주민센터,3315,897
2014-10-01,만촌2동주민센터,16710,1239
2014-10-01,만촌3차화성파크드림건너,3463,203
2014-10-01,만촌그린빌라건너,874,75
2014-10-01,만촌역(1번출구),1097,4793
2014-10-01,만촌우방1차건너,9378,329
2014-10-01,만촌우방1차앞,334,463
2014-10-01,만촌육교1,54832,6398
2014-10-01,만촌육교2,8900,13071
2014-10-01,만촌자전거경기장,76,58
2014-10-01,만촌천주교회앞,166,243
2014-10-01,만촌초등학교건너1,2393,654
2014-10-01,만촌초등학교건너2,3401,228
2014-10-01,만촌초등학교앞,2325,379
2014-10-01,만촌태왕리더스건너,1866,310
2014-10-01,만촌태왕리더스건너(남편),384,2878
2014-10-01,만촌태왕리더스북편,569,420
2014-10-01,만촌태왕리더스앞1,5764,11580
2014-10-01,만촌태왕리더스앞2,1946,181
2014-10-01,만촌화성파크스위트,915,32
2014-10-01,만평네거리,6341,5534
2014-10-01,만평역(서대구고속버스터미널)1,10109,3179
2014-10-01,만평역(서대구고속버스터미널)2,7489,14293
2014-10-01,망우당공원(종점),296,63
2014-10-01,망우당공원건너,1348,731
2014-10-01,망우당공원앞,3181,3570
2014-10-01,매곡(종점),533,101
2014-10-01,매곡사거리1,566,593
2014-10-01,매곡사거리2,13161,519
2014-10-01,매곡정수사업소건너,570,15
2014-10-01,매곡정수사업소앞,10,23
2014-10-01,매곡초등학교건너,21,614
2014-10-01,매골1,31,77
2014-10-01,매골2,297,7
2014-10-01,매여동(동구)저탄장,838,121
2014-10-01,매일신문사건너,158,151
2014-10-01,매일신문사앞,1863,519
2014-10-01,매천고교,1559,133
2014-10-01,매천대교1,1253,167
2014-10-01,매천대교2,6,21
2014-10-01,매천성당건너1,3104,207
2014-10-01,매천성당건너2,505,107
2014-10-01,매천성당앞,5380,314
2014-10-01,매천수산시장건너,1388,150
2014-10-01,매천수산시장앞,1581,110
2014-10-01,매천시장지하차도,1419,217
2014-10-01,매천중고등학교건너,4430,3694
2014-10-01,매천중고등학교앞,10607,950
2014-10-01,매천초교(매천역)2,1032,148
2014-10-01,매천화성파크드림,1214,35
2014-10-01,매천휴먼시아앞,932,91
2014-10-01,매호동서아파트앞,916,0
2014-10-01,매호성당건너,737,5
2014-10-01,메트로시티건너,4108,839
2014-10-01,메트로시티앞,1686,127
2014-10-01,메트로팔레스1,13812,2002
2014-10-01,메트로팔레스2,17757,882
2014-10-01,명곡1리입구1,14,0
2014-10-01,명곡1리입구2,9,13
2014-10-01,명곡리1,1920,545
2014-10-01,명곡리2,6818,631
2014-10-01,명곡미래빌1단지,1715,232
2014-10-01,명곡미래빌2단지건너,11,229
2014-10-01,명곡미래빌2단지앞,11221,1241
2014-10-01,명곡미래빌3단지건너,1734,852
2014-10-01,명곡미래빌3단지앞,4217,217
2014-10-01,명곡미래빌4단지,3483,200
2014-10-01,명곡미래빌5단지건너,9,109
2014-10-01,명곡미래빌5단지앞,5108,1082
2014-10-01,명곡지구앞,95,101
2014-10-01,명덕네거리1,36712,2839
2014-10-01,명덕네거리2,12675,18403
2014-10-01,명덕역(6번출구),43375,14302
2014-10-01,명덕역(7번출구),28529,5856
2014-10-01,명덕초등학교건너,18432,15395
2014-10-01,명덕초등학교앞,26878,5598
2014-10-01,명문세가APT건너,9112,1196
2014-10-01,명문세가APT앞,14274,2139
2014-10-01,명문오하임아파트건너,270,283
2014-10-01,명문오하임아파트앞,122,74
2014-10-01,명보약국건너,1863,1077
2014-10-01,명보약국앞,2257,387
2014-10-01,명산교(명산화성타운건너),3369,177
2014-10-01,명성푸르지오건너,6353,1232
2014-10-01,명성푸르지오앞,26542,2120
2014-10-01,모개월앞,0,2
2014-10-01,모개월입구,4,0
2014-10-01,모다아울렛,112,4
2014-10-01,모다아울렛건너,15962,746
2014-10-01,모다아울렛앞,338,1677
2014-10-01,모래정마을건너,53,0
2014-10-01,모래정마을앞,2,2
2014-10-01,목단1리,74,0
2014-10-01,목단2리,47,0
2014-10-01,목단리,59,0
2014-10-01,묘1리,60,0
2014-10-01,묘2리(고려정밀),119,0
2014-10-01,묘2리(전마),232,0
2014-10-01,무궁화LPG충전소,8594,3357
2014-10-01,무궁화LPG충전소건너,3649,1027
2014-10-01,무궁화어린이공원입구,2030,270
2014-10-01,무궁화어린이공원입구건너,4262,2198
2014-10-01,무등1리2,212,0
2014-10-01,무등1리3,53,0
2014-10-01,무등2리,0,1
2014-10-01,무등2리입구건너,99,0
2014-10-01,무등보건진료소건너,19,0
2014-10-01,무등보건진료소앞,1,4
2014-10-01,무림제지건너,764,206
2014-10-01,무림제지앞1,801,319
2014-10-01,무림제지앞2,216,126
2014-10-01,무열대건너,4104,2395
2014-10-01,무열대앞,1360,462
2014-10-01,무태교,10,752
2014-10-01,무태네거리(시내방향),16163,4473
2014-10-01,무태네거리(시외방향),3981,2821
2014-10-01,무태새마을금고건너,1467,417
2014-10-01,무태새마을금고앞,5409,271
2014-10-01,무태조야동주민센터건너1,6718,174
2014-10-01,무태조야동주민센터건너2,5717,1197
2014-10-01,무태조야동주민센터앞1,1731,439
2014-10-01,무태조야동주민센터앞2,15296,1143
2014-10-01,문성병원건너,10953,4345
2014-10-01,문성병원앞,17563,5102
2014-10-01,문양기지창건너,33,318
2014-10-01,문양기지창앞,100,29
2014-10-01,문양리(서부실),2,1
2014-10-01,문양리1,174,0
2014-10-01,문양리2,3,7
2014-10-01,문양리입구1,56,36
2014-10-01,문양리입구2,1,48
2014-10-01,문양역건너,11,755
2014-10-01,문양역앞,2517,1054
2014-10-01,문주마을건너,235,5
2014-10-01,문주마을앞,27,19
2014-10-01,문화예술회관건너,11714,4597
2014-10-01,문화예술회관앞,11412,4313
2014-10-01,미8군후문건너,411,180
2014-10-01,미8군후문앞,1028,46
2014-10-01,미곡동1,331,361
2014-10-01,미곡동2,2317,76
2014-10-01,미대동1,2462,89
2014-10-01,미대동2,370,234
2014-10-01,미래아트빌앞,508,322
2014-10-01,미리내맨션건너,16017,463
2014-10-01,미리내맨션앞,4725,1477
2014-10-01,민들레아파트후문건너,4270,146
2014-10-01,민들레아파트후문앞,6046,72
2014-10-01,바른병원건너,276,147
2014-10-01,박곡리(시내방향),235,1
2014-10-01,박곡리(시외방향),64,6
2014-10-01,박석진교,1,13
2014-10-01,반고개(내당역4번출구),4120,3146
2014-10-01,반고개1,7611,3421
2014-10-01,반고개2,17026,5522
2014-10-01,반송4교건너,19,2
2014-10-01,반송4교앞,182,7
2014-10-01,반송리,375,2
2014-10-01,반야월모란1차아파트,4195,2027
2014-10-01,반야월시장1,6549,2513
2014-10-01,반야월시장2,9252,1130
2014-10-01,반야월역(국철)건너,5255,2748
2014-10-01,반야월역(국철)앞,7690,1437
2014-10-01,반야월역(도시철도1번출구),1061,415
2014-10-01,반야월역(도시철도2번출구),7446,246
2014-10-01,반야월역(도시철도3번출구),6301,2728
2014-10-01,반야월역(도시철도4번출구)1,5966,1991
2014-10-01,반야월역(도시철도4번출구)2,1872,1656
2014-10-01,반야월저탄장건너,5437,3138
2014-10-01,반야월저탄장앞,9458,1048
2014-10-01,반월당역(1번출구)1,37626,10320
2014-10-01,반월당역(1번출구)2,5139,5367
2014-10-01,반월당역(2번출구),65368,35190
2014-10-01,반월육교,1,24
2014-10-01,방공포병학교건너,1898,207
2014-10-01,방공포병학교앞,901,2861
2014-10-01,방짜유기박물관건너,1134,6
2014-10-01,방짜유기박물관앞,45,85
2014-10-01,방천리1,161,10
2014-10-01,방천리2,704,202
2014-10-01,방천시장(김광석길)건너,16395,6350
2014-10-01,방천시장(김광석길)앞,13763,2563
2014-10-01,방촌1동,1096,4
2014-10-01,방촌건널목,95,1329
2014-10-01,방촌맨션앞,4907,1480
2014-10-01,방촌빌라,202,1040
2014-10-01,방촌시장건너,26578,3123
2014-10-01,방촌시장앞,16107,5195
2014-10-01,방촌역(1번출구),12990,4984
2014-10-01,방촌역(2번출구),10593,1191
2014-10-01,방촌치안센터건너,1835,1267
2014-10-01,방촌치안센터앞,5775,1552
2014-10-01,백사벌네거리1,2184,63
2014-10-01,백사벌네거리2,2861,1061
2014-10-01,백안교1,5,23
2014-10-01,백안교2,1384,160
2014-10-01,백안삼거리1,336,131
2014-10-01,백안삼거리2,5187,176
2014-10-01,백자맨션건너,391,799
2014-10-01,백자맨션앞,4755,1749
2014-10-01,범물1동주민센터건너,7821,1467
2014-10-01,범물1동주민센터앞,44758,1879
2014-10-01,범물2동주민센터건너,4262,621
2014-10-01,범물2동주민센터앞,10,264
2014-10-01,범물두성타운건너,320,19
2014-10-01,범물우방미진하이츠앞,4982,147
2014-10-01,범물청구맨션건너,595,2542
2014-10-01,범물청구맨션앞,42192,3321
2014-10-01,범물하이츠 건너,3204,2981
2014-10-01,범물하이츠앞,23634,180
2014-10-01,범물한라주택건너,24284,966
2014-10-01,범물한라주택앞,3170,5592
2014-10-01,범어2동1,163,2167
2014-10-01,범어2동2,1028,113
2014-10-01,범어4동주민센터건너,24390,5906
2014-10-01,범어4동주민센터앞,10437,8958
2014-10-01,범어쌍용예가건너,8048,7525
2014-10-01,범어쌍용예가앞,12419,2474
2014-10-01,범어역(1번출구),18601,2828
2014-10-01,범어역(2번출구),10188,4765
2014-10-01,법원건너,17382,13345
2014-10-01,법원앞,26538,5376
2014-10-01,법원어린이집,583,1360
2014-10-01,베네딕도수녀원건너,1907,0
2014-10-01,베어산업건너,640,2
2014-10-01,베어산업앞,32,14
2014-10-01,병무청중앙신체검사소,37,47
2014-10-01,보람타운건너,222,431
2014-10-01,보람타운앞,8069,2168
2014-10-01,보병50사단건너,3635,356
2014-10-01,보병50사단앞,1587,328
2014-10-01,보성기계건너,1651,198
2014-10-01,보성기계앞,9,154
2014-10-01,보성산호타운건너,4524,644
2014-10-01,보성산호타운앞,2563,1126
2014-10-01,보성서한타운앞,4225,882
2014-10-01,보성은하타운앞,2692,42
2014-10-01,보성화성타운건너,24488,2340
2014-10-01,보성화성타운앞,7822,5609
2014-10-01,보훈병원건너,1,36
2014-10-01,보훈병원앞,3294,95
2014-10-01,복음간호학원,7992,694
2014-10-01,복현네거리,6038,9490
2014-10-01,복현대백맨션건너,17010,1945
2014-10-01,복현대백맨션앞,3496,3000
2014-10-01,복현서한2차아파트,2521,3359
2014-10-01,복현성모약국앞,2443,946
2014-10-01,복현오거리1,52730,9208
2014-10-01,복현오거리2,12137,3701
2014-10-01,복현오거리3,250,185
2014-10-01,복현우방아파트,9519,1629
2014-10-01,복현우체국건너,46715,4163
2014-10-01,복현우체국앞,7493,7259
2014-10-01,복현장미맨션앞,2234,875
2014-10-01,복현푸르지오아파트건너,15152,1281
2014-10-01,복현현대맨션건너,2564,46
2014-10-01,복현현대맨션앞,836,223
2014-10-01,본동시장건너,7702,796
2014-10-01,본동시장앞,1720,1612
2014-10-01,본리1리,184,30
2014-10-01,본리1리동회관건너,532,367
2014-10-01,본리1리동회관앞,41,33
2014-10-01,본리2,1539,231
2014-10-01,본리근린공원건너,2,1
2014-10-01,본리근린공원앞,0,1
2014-10-01,본리네거리,2764,347
2014-10-01,본리네거리2,8644,1358
2014-10-01,본리네거리3,1793,1300
2014-10-01,본리도서관앞,1910,357
2014-10-01,본리롯데캐슬,2181,174
2014-10-01,본리아카시아맨션,4672,1210
2014-10-01,본리지구건너,1393,563
2014-10-01,본리지구앞,7688,1115
2014-10-01,본리초등학교건너,9051,1905
2014-10-01,본리초등학교앞,7317,1674
2014-10-01,본리치안센터건너,3268,377
2014-10-01,본리치안센터앞,3533,1506
2014-10-01,본말(종점),39,0
2014-10-01,봉덕119안전센터건너,774,63
2014-10-01,봉덕119안전센터앞,549,168
2014-10-01,봉덕2동새마을금고건너,1248,223
2014-10-01,봉덕2동새마을금고앞,869,800
2014-10-01,봉덕교회건너,13399,1939
2014-10-01,봉덕교회앞,3410,1036
2014-10-01,봉덕변전소건너,2673,16
2014-10-01,봉덕변전소앞,3,40
2014-10-01,봉덕시장건너1,3577,1612
2014-10-01,봉덕시장건너2,488,284
2014-10-01,봉덕시장건너3,8883,597
2014-10-01,봉덕시장앞1,14227,961
2014-10-01,봉덕시장앞2,4515,2020
2014-10-01,봉무공원건너,9159,1338
2014-10-01,봉무청구새들마을건너,17170,1750
2014-10-01,봉무청구새들마을앞,2526,702
2014-10-01,봉산가구골목(동편),3394,3308
2014-10-01,봉산가구골목(서편),1924,410
2014-10-01,봉산문화거리건너,21342,8025
2014-10-01,봉산문화거리앞,12647,3839
2014-10-01,봉산육거리,3519,367
2014-10-01,봉촌1리1,441,1
2014-10-01,봉촌1리2,7,19
2014-10-01,봉촌1리3,271,2
2014-10-01,봉촌2리,122,0
2014-10-01,봉촌낙동길입구,310,0
2014-10-01,봉촌낙동길입구건너,8,44
2014-10-01,봉촌리,330,0
2014-10-01,부곡리,8,3
2014-10-01,부곡리건너,66,112
2014-10-01,부남교앞,432,3
2014-10-01,부동,1012,47
2014-10-01,부동(종점),197,0
2014-10-01,부동농협,322,3
2014-10-01,부동삼거리,5,5
2014-10-01,부영3단지,2691,1520
2014-10-01,부영5단지,2236,364
2014-10-01,부영7단지건너,596,6
2014-10-01,부영7단지앞,10,37
2014-10-01,부인사건너,54,14
2014-10-01,부인사앞,40,0
2014-10-01,북구구민운동장건너,7003,1121
2014-10-01,북구구민운동장앞,2398,1613
2014-10-01,북구보건소건너,4282,1662
2014-10-01,북구보건소앞,8418,439
2014-10-01,북구선거관리위원회건너,5799,562
2014-10-01,북구선거관리위원회앞,7062,2983
2014-10-01,북구어울아트센터앞,71,96
2014-10-01,북구청건너,12199,4317
2014-10-01,북구청네거리1,1748,1961
2014-10-01,북구청네거리2,2864,305
2014-10-01,북구청앞,11920,1454
2014-10-01,북구청역(3번출구),12864,4029
2014-10-01,북구청역(4번출구),5124,2450
2014-10-01,북대구세무서건너,7417,757
2014-10-01,북대구세무서앞,4044,809
2014-10-01,북대구초등학교건너,2298,53
2014-10-01,북대구초등학교앞,641,198
2014-10-01,북동초등학교건너,1168,614
2014-10-01,북동초등학교앞,4458,59
2014-10-01,북리1,2930,1342
2014-10-01,북리2,20086,257
2014-10-01,북부경찰서건너,1858,950
2014-10-01,북부상수도사업소,162,886
2014-10-01,북부정류장,84137,16220
2014-10-01,북부정류장건너,41660,14056
2014-10-01,북비산네거리1,7493,5058
2014-10-01,북비산네거리2,9317,1432
2014-10-01,북중학교앞,2786,888
2014-10-01,북침산치안센터건너,7054,1713
2014-10-01,북침산치안센터앞,6581,2600
2014-10-01,불교한방병원건너1,509,179
2014-10-01,불교한방병원건너2,2218,200
2014-10-01,불교한방병원앞1,2963,165
2014-10-01,불교한방병원앞2,2782,542
2014-10-01,불로삼거리,1204,12078
2014-10-01,불로우방아파트건너,7122,2443
2014-10-01,불로우방아파트앞,8213,4598
2014-10-01,불로전통시장건너,39119,3811
2014-10-01,불로전통시장앞,15156,6472
2014-10-01,불로천주교회건너,12290,3155
2014-10-01,불로천주교회앞,20029,4137
2014-10-01,불로화훼단지건너,186,434
2014-10-01,불로화훼단지앞,568,755
2014-10-01,비산5동주민센터,26,0
2014-10-01,비산6동주민센터건너,416,789
2014-10-01,비산6동주민센터앞,355,46
2014-10-01,비산7동우체국건너,2881,4295
2014-10-01,비산7동우체국앞1,10756,3515
2014-10-01,비산7동우체국앞2,7832,2297
2014-10-01,비산웰빙하와이건너,1751,58
2014-10-01,비산웰빙하와이앞,1272,109
2014-10-01,비산지하도1,9353,5756
2014-10-01,비산지하도2,19431,4449
2014-10-01,비산초등학교건너,10165,999
2014-10-01,비산초등학교앞,13511,1663
2014-10-01,비슬산휴양림주차장,21,2
2014-10-01,비원지구대건너,4892,460
2014-10-01,비원지구대앞,533,1394
2014-10-01,비철금속협업단지앞,5930,550
2014-10-01,사복동입구교차로,315,2815
2014-10-01,사복동입구교차로건너,48,415
2014-10-01,사수초등학교건너,57,4
2014-10-01,사수초등학교앞,48,0
2014-10-01,사월동(종점),684,40
2014-10-01,사월보성2차건너,21,115
2014-10-01,사월보성2차앞,2613,101
2014-10-01,사월역(2번출구),17783,2761
2014-10-01,사월역(4번출구),16582,9642
2014-10-01,사창마을건너,8,0
2014-10-01,사창마을앞,55,0
2014-10-01,산격4동주민센터건너,768,181
2014-10-01,산격4동주민센터앞,5518,608
2014-10-01,산격거평타운건너,945,2655
2014-10-01,산격거평타운앞,1921,2573
2014-10-01,산격대우아파트앞,55555,7431
2014-10-01,산격문화회관건너,8258,697
2014-10-01,산격문화회관앞,3183,1485
2014-10-01,산격종합시장앞,54325,16526
2014-10-01,산격주공아파트건너,4225,4942
2014-10-01,산격주공아파트앞,23055,2608
2014-10-01,산격중학교건너,7682,11929
2014-10-01,산격중학교앞,9865,1580
2014-10-01,산격청구맨션앞,5947,3288
2014-10-01,산격초등학교건너,9742,545
2014-10-01,산격초등학교앞,9236,849
2014-10-01,산림조합중앙회건너,1544,2121
2014-10-01,산림조합중앙회앞,1499,613
2014-10-01,산업용재관,3911,2290
2014-10-01,삼덕교회,5305,5087
2014-10-01,삼덕동1,257,271
2014-10-01,삼덕동2,168,67
2014-10-01,삼덕성당앞,7501,1034
2014-10-01,삼리1리1,9,33
2014-10-01,삼리1리2,617,249
2014-10-01,삼리리1(논공),21,10
2014-10-01,삼리리2(논공),148,92
2014-10-01,삼보,990,90
2014-10-01,삼산리(범동교),21,24
2014-10-01,삼산리(삼산교회건너),158,0
2014-10-01,삼산리(삼산교회앞),3138,221
2014-10-01,삼산리(은지가든),0,28
2014-10-01,삼산리입구건너,424,1
2014-10-01,삼산리입구앞,2,158
2014-10-01,삼산지,6,0
2014-10-01,삼성공원아파트건너,223,154
2014-10-01,삼성래미안1차건너,6248,2163
2014-10-01,삼성래미안1차앞,4670,577
2014-10-01,삼성래미안2차건너,4277,802
2014-10-01,삼성래미안2차앞,4507,1833
2014-10-01,삼성명가타운,3973,993
2014-10-01,삼성명가타운건너,919,415
2014-10-01,삼성물류센터앞,160,1148
2014-10-01,삼성한국형아파트건너,1199,27
2014-10-01,삼성한국형아파트앞,1176,616
2014-10-01,삼우섬유앞,409,12
2014-10-01,삼육구가든건너,452,22
2014-10-01,삼육구가든앞,98,0
2014-10-01,삼익THK건너,196,25
2014-10-01,삼익THK앞,292,28
2014-10-01,삼익뉴타운건너,6987,1925
2014-10-01,삼익뉴타운앞,10919,705
2014-10-01,삼정빌딩앞,819,243
2014-10-01,삼호아파트건너,646,185
2014-10-01,삼호아파트앞,1090,1128
2014-10-01,삼환맨션,416,98
2014-10-01,상공회의소건너,3650,1459
2014-10-01,상공회의소앞,5182,871
2014-10-01,상당마을,66,0
2014-10-01,상동가압장건너,1659,123
2014-10-01,상동교1,154,91
2014-10-01,상동교2,1159,574
2014-10-01,상동네거리,4012,1664
2014-10-01,상동마을(둔산길),807,2
2014-10-01,상동시장앞,1804,528
2014-10-01,상동우체국건너,6151,1773
2014-10-01,상동우체국앞,21985,3025
2014-10-01,상동천주교회건너,333,399
2014-10-01,상동천주교회앞,2020,2268
2014-10-01,상록아파트,781,63
2014-10-01,상리공단,1710,146
2014-10-01,상리공단건너,1019,498
2014-10-01,상리동입구,1398,124
2014-10-01,상리동입구1,3,98
2014-10-01,상리동입구2,3542,21
2014-10-01,상리동종점,0,10
2014-10-01,상리동종점2,1180,2
2014-10-01,상리동종점3,2611,114
2014-10-01,상리마을건너,4,6
2014-10-01,상리마을앞,25,14
2014-10-01,상리지하도1,2285,55
2014-10-01,상리지하도2,1619,71
2014-10-01,상매동(저탄장),8,14
2014-10-01,상서고등학교건너,1866,101
2014-10-01,상서고등학교앞,1138,188
2014-10-01,상수도사업본부,7161,3456
2014-10-01,상수도사업본부건너,7486,13551
2014-10-01,상수도사업본부시설관리소건너,9276,1392
2014-10-01,상수도사업본부시설관리소앞,1407,1101
2014-10-01,상수도중남부사업소건너,1553,622
2014-10-01,상수도중남부사업소앞,355,115
2014-10-01,상원리(마을회관),19,0
2014-10-01,상인2동주민센터건너,5548,310
2014-10-01,상인동서타운앞,17631,2787
2014-10-01,상인동화아이위시아파트건너,19809,1393
2014-10-01,상인동화아이위시아파트앞,2585,1570
2014-10-01,상인비둘기1단지아파트건너,4060,694
2014-10-01,상인비둘기1단지아파트앞,15074,733
2014-10-01,상인비둘기2단지아파트앞,14331,1115
2014-10-01,상인삼미타운건너,2462,11088
2014-10-01,상인삼미타운앞,5417,513
2014-10-01,상인역e-편한세상앞,7254,18224
2014-10-01,상인우방아파트,12711,26854
2014-10-01,상인은행아파트건너,6554,1490
2014-10-01,상인은행아파트앞,6749,1002
2014-10-01,상인자이앞,6024,2412
2014-10-01,상인장미아파트앞,10845,972
2014-10-01,상인제림아파트건너,2072,350
2014-10-01,상인제림아파트앞,1440,874
2014-10-01,상인청구타운건너,2867,303
2014-10-01,상인청구타운앞,1793,213
2014-10-01,상인초등학교앞,2950,2456
2014-10-01,상인한서타운앞,3778,945
2014-10-01,상인현대맨션건너,72589,3974
2014-10-01,상인현대맨션앞,21806,30274
2014-10-01,상인화성파크드림건너,994,750
2014-10-01,상인화성파크드림앞,1061,144
2014-10-01,상화네거리,182,990
2014-10-01,새길시장건너,10929,8137
2014-10-01,새길시장앞,36049,4047
2014-10-01,새동네아파트건너,41,15
2014-10-01,새동네아파트앞,462,1566
2014-10-01,새론초등학교건너,373,14
2014-10-01,새론초등학교앞,98,8
2014-10-01,새마을건너,2,15
2014-10-01,새범어아파트건너,1159,288
2014-10-01,새범어아파트앞,1729,144
2014-10-01,새본리중학교앞,1273,399
2014-10-01,샤니삼거리1,158,0
2014-10-01,샤니삼거리2,1,2
2014-10-01,서구문화회관건너,3038,762
2014-10-01,서구문화회관앞,8187,1577
2014-10-01,서구시장건너,20272,6192
2014-10-01,서구시장앞,14669,4655
2014-10-01,서구제일사회복지관건너,1575,2562
2014-10-01,서구제일사회복지관앞,4403,539
2014-10-01,서구청건너,46241,6936
2014-10-01,서구청앞,47490,6844
2014-10-01,서남시장건너,25299,18232
2014-10-01,서남시장앞1,30381,6024
2014-10-01,서남시장앞2,13686,2828
2014-10-01,서당마을건너,751,82
2014-10-01,서당마을앞,56,48
2014-10-01,서대구고속버스터미널,262,1708
2014-10-01,서대구공단네거리1,911,49
2014-10-01,서대구공단네거리2,360,64
2014-10-01,서대구공단네거리3,2376,259
2014-10-01,서대구공단네거리4,4165,2011
2014-10-01,서대구세무서,11741,22699
2014-10-01,서대구시장건너,11556,5280
2014-10-01,서대구시장앞,13410,4521
2014-10-01,서대구초등학교입구,20870,8348
2014-10-01,서대명지구대건너,6779,1429
2014-10-01,서대명지구대앞,2342,789
2014-10-01,서도초등학교건너,2454,1502
2014-10-01,서도초등학교서편1,1,0
2014-10-01,서도초등학교서편2,71,193
2014-10-01,서도초등학교앞,9122,726
2014-10-01,서문시장,66136,9754
2014-10-01,서문시장5지구앞,1298,759
2014-10-01,서변동영남네오빌건너,4478,256
2014-10-01,서변동영남네오빌앞,4405,396
2014-10-01,서부고등학교건너,2030,480
2014-10-01,서부고등학교앞,3364,128
2014-10-01,서부공업고등학교건너,9528,10937
2014-10-01,서부공업고등학교앞,27567,1460
2014-10-01,서부소방서,2,40
2014-10-01,서부시장건너,24819,11061
2014-10-01,서부시장앞,22295,4964
2014-10-01,서부정류장(관문시장건너),87858,16040
2014-10-01,서부정류장(관문시장앞),33914,9793
2014-10-01,서부정류장1,74419,10042
2014-10-01,서부정류장2,5974,1669
2014-10-01,서부정류장3(성당못역1번출구),22754,31631
2014-10-01,서부정류장4(성당못역1번출구),2437,1206
2014-10-01,서부중학교앞,8015,5646
2014-10-01,서영기공건너,321,0
2014-10-01,서영기공앞,0,29
2014-10-01,서재금봉타운,256,983
2014-10-01,서재금봉타운건너,24891,125
2014-10-01,서재들,10,8
2014-10-01,서재들건너,12,9
2014-10-01,서재보성타운건너,19282,143
2014-10-01,서재보성타운앞,162,191
2014-10-01,서진중학교건너,643,441
2014-10-01,서평초등학교,2924,1395
2014-10-01,서평초등학교건너,2585,433
2014-10-01,선녀곡건너(옥포),219,87
2014-10-01,선녀곡앞(옥포),45,318
2014-10-01,설티고개(달성공단방면),7,20
2014-10-01,설티고개(옥포방면),70,0
2014-10-01,설화동(종점),250,24
2014-10-01,설화리(시내방향),13692,984
2014-10-01,설화리(시외방향),791,809
2014-10-01,설화명곡역(4번출구),7,117
2014-10-01,섬뜸마을,736,1
2014-10-01,섬유회관건너1,53128,15986
2014-10-01,섬유회관건너2,10107,3013
2014-10-01,섬유회관앞,62611,20486
2014-10-01,성곡중학교건너,1507,524
2014-10-01,성곡중학교앞,1399,56
2014-10-01,성광고등학교건너,10466,3243
2014-10-01,성광고등학교앞,266,679
2014-10-01,성남초등학교건너,1132,1627
2014-10-01,성남초등학교앞,4946,340
2014-10-01,성내3동주민센터입구,1241,1670
2014-10-01,성당두산위브앞,23355,1658
2014-10-01,성당래미안·e-편한세상앞,10055,2877
2014-10-01,성당못역북편1,687,950
2014-10-01,성당못역북편2,2079,215
2014-10-01,성당보성아파트건너,27783,6233
2014-10-01,성당보성아파트앞,11931,3848
2014-10-01,성당시장건너,27744,4929
2014-10-01,성당시장앞1,5464,485
2014-10-01,성당시장앞2,31951,2984
2014-10-01,성당초교앞,886,284
2014-10-01,성당코오롱하늘채,8693,1301
2014-10-01,성당코오롱하늘채2,11827,6035
2014-10-01,성당포스코더샵건너,5243,1465
2014-10-01,성당포스코더샵앞,13324,985
2014-10-01,성동건너,185,319
2014-10-01,성동마을건너,78,65
2014-10-01,성동마을앞,348,4
2014-10-01,성동앞,85,69
2014-10-01,성동초등학교건너,9856,2155
2014-10-01,성동초등학교앞,16508,1412
2014-10-01,성동탱자나무마을건너,27,22
2014-10-01,성동탱자나무마을앞,58,34
2014-10-01,성림첨단산업건너,71,8
2014-10-01,성림첨단산업앞,315,2
2014-10-01,성명119안전센터건너1,3741,2809
2014-10-01,성명119안전센터건너2,84,120
2014-10-01,성명119안전센터앞,2078,293
2014-10-01,성명여자중학교,422,230
2014-10-01,성모여성병원건너,30432,4085
2014-10-01,성모여성병원앞,30242,16419
2014-10-01,성보교통,1174,56
2014-10-01,성북교1,10985,1838
2014-10-01,성북교2,7690,3558
2014-10-01,성북시장건너,2526,721
2014-10-01,성북시장앞,9129,2706
2014-10-01,성산3동,108,29
2014-10-01,성산리1,60,55
2014-10-01,성산리2,724,100
2014-10-01,성산중학교앞,1966,194
2014-10-01,성산초등학교앞,502,87
2014-10-01,성서119안전센터건너,60,3267
2014-10-01,성서119안전센터앞,15011,122
2014-10-01,성서4차산업단지앞1,106,21
2014-10-01,성서4차산업단지앞2,499,63
2014-10-01,성서공단물류센터,678,5
2014-10-01,성서농협남부지소,10599,3299
2014-10-01,성서동서서한타운건너,4059,481
2014-10-01,성서동서서한타운앞,5653,290
2014-10-01,성서보성타운2차건너1,465,683
2014-10-01,성서보성타운2차건너2,1273,124
2014-10-01,성서보성타운2차앞,8690,1656
2014-10-01,성서산업단지역(1번출구),5753,2907
2014-10-01,성서산업단지역(2번출구),11084,1290
2014-10-01,성서서한2차타운1,8553,325
2014-10-01,성서서한2차타운2,346,665
2014-10-01,성서우방2차아파트,1533,405
2014-10-01,성서우방타운건너,18171,2912
2014-10-01,성서우방타운앞,12308,2406
2014-10-01,성서우체국건너,1581,389
2014-10-01,성서우체국앞,417,1113
2014-10-01,성서종합시장건너,19164,6817
2014-10-01,성서종합시장앞,50019,5559
2014-10-01,성서주공1단지건너,10003,1001
2014-10-01,성서주공1단지앞,2232,1739
2014-10-01,성서주공2단지건너,13473,5563
2014-10-01,성서주공2단지앞,32840,2197
2014-10-01,성서주공5단지앞,478,191
2014-10-01,성서청구타운건너,8602,1518
2014-10-01,성서청구타운앞,6155,461
2014-10-01,성서초등학교건너,4853,1115
2014-10-01,성서초등학교앞,62,438
2014-10-01,성서푸른마을아파트건너,9661,907
2014-10-01,성서푸른마을아파트앞,2320,1038
2014-10-01,성서한샘타운앞,2016,120
2014-10-01,성서협업단지건너,143,9
2014-10-01,성서협업단지앞,29,20
2014-10-01,성요셉요양병원건너,150,508
2014-10-01,성요셉요양병원앞,2068,122
2014-10-01,성원아파트건너,1545,232
2014-10-01,성원아파트앞,7076,416
2014-10-01,성주사건너,106,30
2014-10-01,성주사앞,7,113
2014-10-01,성지중학교건너,4999,1085
2014-10-01,성지중학교앞,6819,4689
2014-10-01,성하리,19,654
2014-10-01,성화여고건너,10680,622
2014-10-01,성화여고앞,5620,3618
2014-10-01,세강병원앞,6689,20356
2014-10-01,세원정공건너,11331,466
2014-10-01,세원정공앞,1891,3455
2014-10-01,세천고개1,286,14
2014-10-01,세천고개2,303,47
2014-10-01,세천리2,351,9
2014-10-01,세천리3,686,9
2014-10-01,세하건너,3,22
2014-10-01,세하앞,5,10
2014-10-01,세흥인쇄,666,146
2014-10-01,소선여중건너,3487,3777
2014-10-01,소선여중앞,123,347
2014-10-01,솔렌스힐건너,5629,999
2014-10-01,솔렌스힐앞,1890,369
2014-10-01,솔밭기세길건너,1,48
2014-10-01,솔밭기세길입구,218,0
2014-10-01,솔비식당입구,4,3
2014-10-01,솔비식당입구맞은편,556,52
2014-10-01,송원맨션건너,11182,924
2014-10-01,송원맨션앞,3369,1093
2014-10-01,송정1동,0,4
2014-10-01,송정동1,45,19
2014-10-01,송정동2,34,0
2014-10-01,송정동3,60,7
2014-10-01,송정동4,70,67
2014-10-01,송정마을1,7,29
2014-10-01,송정마을2,123,0
2014-10-01,송정삼거리1,306,249
2014-10-01,송정삼거리2,183,476
2014-10-01,송정삼거리3,4587,1130
2014-10-01,송정삼거리4,7819,928
2014-10-01,송해공원,10,2
2014-10-01,송현1동치안센터건너,6751,1449
2014-10-01,송현2동주민센터건너,712,185
2014-10-01,송현공원건너,517,195
2014-10-01,송현공원앞,568,1115
2014-10-01,송현교,1251,85
2014-10-01,송현교2,176,32
2014-10-01,송현여중고교건너,3520,742
2014-10-01,송현여중고교앞,4708,4049
2014-10-01,송현역(1번출구),11196,1957
2014-10-01,송현역(2번출구),16337,3007
2014-10-01,송현역(3번출구),16840,13018
2014-10-01,송현역(4번출구),7038,3711
2014-10-01,송현제림타운건너,5163,8787
2014-10-01,송현제림타운앞,3350,555
2014-10-01,송현초등학교건너,3255,778
2014-10-01,송현초등학교앞,9103,289
2014-10-01,수리리,67,22
2014-10-01,수성4가동주민센터앞,589,101
2014-10-01,수성경찰서건너,23535,6446
2014-10-01,수성경찰서앞,15594,9928
2014-10-01,수성고등학교건너,4738,954
2014-10-01,수성고등학교앞,3448,483
2014-10-01,수성관광호텔건너,2868,393
2014-10-01,수성관광호텔앞,2444,367
2014-10-01,수성교1,8154,4905
2014-10-01,수성교2,6702,3222
2014-10-01,수성구민운동장건너,7929,2020
2014-10-01,수성구민운동장앞,5924,10927
2014-10-01,수성구보건소건너,26483,2908
2014-10-01,수성구보건소앞,13480,3918
2014-10-01,수성구청건너,25906,10194
2014-10-01,수성구청앞,25609,7114
2014-10-01,수성네거리1,14563,6034
2014-10-01,수성네거리2,13237,2550
2014-10-01,수성대학교건너,39667,8139
2014-10-01,수성대학교앞,17527,14744
2014-10-01,수성도서관건너,13574,2179
2014-10-01,수성도서관앞,6594,2711
2014-10-01,수성동삼익맨션앞,27,0
2014-10-01,수성동일하이빌앞,951,127
2014-10-01,수성랜드1,3534,249
2014-10-01,수성랜드2,1300,3205
2014-10-01,수성랜드건너,1581,651
2014-10-01,수성랜드건너2,552,645
2014-10-01,수성랜드앞,1269,1704
2014-10-01,수성롯데캐슬건너,11797,1899
2014-10-01,수성롯데캐슬앞,17048,4585
2014-10-01,수성못건너,1071,350
2014-10-01,수성못앞,1620,613
2014-10-01,수성못오거리1,12771,2471
2014-10-01,수성못오거리2,12528,2746
2014-10-01,수성못오거리5,671,397
2014-10-01,수성못코오롱하늘채,4585,3327
2014-10-01,수성소방서1,281,1285
2014-10-01,수성소방서2,164,1499
2014-10-01,수성시니어클럽건너,2131,2292
2014-10-01,수성시니어클럽앞,6306,1286
2014-10-01,수성시장건너,2741,941
2014-10-01,수성시장네거리1,11930,2018
2014-10-01,수성시장네거리2,12756,5752
2014-10-01,수성시장앞,2471,831
2014-10-01,수성아트피아건너,6974,3031
2014-10-01,수성아트피아앞,4653,2350
2014-10-01,수성요양병원,459,52
2014-10-01,수성월드메르디앙건너,600,107
2014-10-01,수성월드메르디앙앞,954,56
2014-10-01,수성초등학교,6496,2287
2014-10-01,수성태영데시앙건너,1545,705
2014-10-01,수성태영데시앙앞,3854,471
2014-10-01,수성하이츠,2727,153
2014-10-01,수정맨션앞,1625,152
2014-10-01,수창초등학교,716,3977
2014-10-01,수태골건너,2,7
2014-10-01,수태골앞,82,1
2014-10-01,스파밸리1,69,266
2014-10-01,스파밸리2,7420,50
2014-10-01,시립희망원,882,433
2014-10-01,시민교회건너,961,84
2014-10-01,시민교회앞,642,575
2014-10-01,시민운동장(야구장건너),2886,538
2014-10-01,시민운동장(야구장앞),2513,519
2014-10-01,시민운동장(축구장건너),3747,3382
2014-10-01,시민운동장(축구장앞),4074,707
2014-10-01,시지(종점),2234,363
2014-10-01,시지대성유니드건너,669,41
2014-10-01,시지대성유니드앞,1754,1478
2014-10-01,시지보성아파트앞,24402,8680
2014-10-01,시지중학교,18101,899
2014-10-01,시지천마타운앞,3670,1387
2014-10-01,시청별관건너1,8418,2621
2014-10-01,시청별관건너2,5641,1086
2014-10-01,시청별관앞(구.경북도청),5509,4015
2014-10-01,신기리1,47,38
2014-10-01,신기리2,205,63
2014-10-01,신기역(화성타운건너),9819,1431
2014-10-01,신기역(화성타운앞),13241,1453
2014-10-01,신남역(1번출구),4267,1011
2014-10-01,신당동주민센터건너,1413,839
2014-10-01,신당동주민센터앞,9469,523
2014-10-01,신당리,1000,7
2014-10-01,신덕마을입구,108,54
2014-10-01,신도운수건너,1083,129
2014-10-01,신도운수앞,918,107
2014-10-01,신매광장건너,40075,7712
2014-10-01,신매광장앞,44013,7803
2014-10-01,신매시장,4604,10796
2014-10-01,신매초등학교건너,8450,1647
2014-10-01,신매초등학교앞,7833,1946
2014-10-01,신매태성아파트,102,464
2014-10-01,신매태성아파트건너,6354,1989
2014-10-01,신무동1,687,1
2014-10-01,신무동2,2,10
2014-10-01,신생원건너,1,0
2014-10-01,신생원앞,19,0
2014-10-01,신서롯데캐슬레전드서편건너,3,151
2014-10-01,신서롯데캐슬레전드서편앞,98,28
2014-10-01,신서성당건너,3535,351
2014-10-01,신서성당앞,2,220
2014-10-01,신성에스앤티건너,587,47
2014-10-01,신성에스앤티앞,130,1
2014-10-01,신성중공업건너,1,62
2014-10-01,신성중공업앞,337,0
2014-10-01,신성초등학교건너,7384,8752
2014-10-01,신성초등학교앞,6833,1301
2014-10-01,신세계병원건너,21919,12734
2014-10-01,신세계병원앞,10363,9519
2014-10-01,신세계주유소건너,6960,309
2014-10-01,신세계주유소앞,904,1027
2014-10-01,신세월입구,22,0
2014-10-01,신신정비공장1,9768,5105
2014-10-01,신신정비공장2,27794,22147
2014-10-01,신암건영캐스빌건너,3843,609
2014-10-01,신암건영캐스빌앞,1695,84
2014-10-01,신암보성아파트건너,1194,503
2014-10-01,신암보성아파트앞,1087,1034
2014-10-01,신암초등학교건너,5112,2113
2014-10-01,신천3동행정복지센터건너,3441,752
2014-10-01,신천3동행정복지센터앞,1905,1973
2014-10-01,신천3치안센터건너,3932,1195
2014-10-01,신천3치안센터앞,5371,2979
2014-10-01,신천LH아파트건너,8243,1990
2014-10-01,신천LH아파트앞,13206,4719
2014-10-01,신천교1,2052,812
2014-10-01,신천교2,1575,260
2014-10-01,신천시장건너,2964,534
2014-10-01,신천시장앞,3849,1212
2014-10-01,신천역(2번출구),3869,1839
2014-10-01,신천역(3번출구),2180,684
2014-10-01,신천역(4번출구),6554,2203
2014-10-01,신천역(5번출구),9521,1728
2014-10-01,신천초등학교건너,664,43
2014-10-01,신천초등학교앞,325,57
2014-10-01,신평동1,364,1429
2014-10-01,신평동2,2256,145
2014-10-01,신평리네거리1,21664,10010
2014-10-01,신평리네거리2,28650,9115
2014-10-01,신평리주유소건너,1756,259
2014-10-01,신평리주유소앞,606,275
2014-10-01,신흥버스,16368,2690
2014-10-01,실내체육관건너,3851,599
2014-10-01,실내체육관앞,3884,1398
2014-10-01,심신수련장입구건너,1364,317
2014-10-01,심신수련장입구앞,770,204
2014-10-01,심인고등학교건너,22864,3076
2014-10-01,심인고등학교앞,12646,2161
2014-10-01,쌍용머티리얼,1517,88
2014-10-01,아너스월성앞,3376,458
2014-10-01,아멕스,492,20
2014-10-01,아멕스건너,884,24
2014-10-01,아양교1,3397,1017
2014-10-01,아양교2,12277,13082
2014-10-01,아양교3,1183,22166
2014-10-01,아양교4,4766,802
2014-10-01,아양교역(1번출구),73578,70589
2014-10-01,아양교역(2번출구),80171,8183
2014-10-01,아양아트센터건너,4340,284
2014-10-01,아양아트센터앞,1470,258
2014-10-01,아주섬유건너,13,42
2014-10-01,아주섬유앞,137,2
2014-10-01,아주철강건너,142,25
2014-10-01,아주철강앞,98,11
2014-10-01,안심교(경산방향),98,57
2014-10-01,안심교(반야월방향),516,5722
2014-10-01,안심신우타운앞,2063,3587
2014-10-01,안심역(1번출구),1092,46
2014-10-01,안심역(4번출구),46053,447
2014-10-01,안심역(5번출구),5356,40056
2014-10-01,안심주공1단지건너,12528,1537
2014-10-01,안심주공1단지앞,6437,764
2014-10-01,안심주공2단지앞,437,1240
2014-10-01,안심중학교건너,1273,1888
2014-10-01,안심중학교앞,1850,1094
2014-10-01,안심효성타운건너,11082,1803
2014-10-01,안심효성타운앞,23070,2140
2014-10-01,안지랑네거리1,23612,8152
2014-10-01,안지랑네거리2,27575,8067
2014-10-01,앞산공원,12229,3144
2014-10-01,앞산공원관리사무소건너,342,60
2014-10-01,앞산공원관리사무소앞,39,1464
2014-10-01,앞산궁도장건너,786,121
2014-10-01,앞산궁도장앞,371,32
2014-10-01,앞산별자리체험학습장1,3911,40
2014-10-01,앞산별자리체험학습장2,105,663
2014-10-01,앞산보성타운건너,81,41
2014-10-01,앞산보성타운앞,2602,3
2014-10-01,앞산빨래터공원,726,130
2014-10-01,앞산빨래터공원1,958,52
2014-10-01,앞산자락카페마실건너,93,135
2014-10-01,앞산자락카페마실앞,1193,423
2014-10-01,앞산청구제네스건너,5820,2090
2014-10-01,앞산청구제네스앞,13863,1838
2014-10-01,앞산힐스테이트건너,3022,521
2014-10-01,앞산힐스테이트앞,1095,310
2014-10-01,약령시건너(동성로입구),180218,30762
2014-10-01,약령시앞,131402,61437
2014-10-01,약령시입구,3434,1840
2014-10-01,약사회관건너,371,71
2014-10-01,약사회관앞,632,52
2014-10-01,약산온천입구,1000,176
2014-10-01,양지마을건너,200,289
2014-10-01,양지마을앞,4386,43
2014-10-01,어린이회관건너1,2537,4632
2014-10-01,어린이회관건너2,41,456
2014-10-01,어린이회관앞,5821,3015
2014-10-01,에이스이노텍건너,109,13
2014-10-01,에이스이노텍앞,496,205
2014-10-01,엑스코건너,4754,1474
2014-10-01,엑스코앞,16331,573
2014-10-01,엘디스리젠트호텔건너,5783,4602
2014-10-01,엘디스리젠트호텔앞,4455,6065
2014-10-01,여성메디파크,866,474
2014-10-01,역전시장건너,5202,1026
2014-10-01,역전시장앞,5474,913
2014-10-01,연경1,51,30
2014-10-01,연경2,348,18
2014-10-01,연암네거리1,17639,3370
2014-10-01,연암네거리2,3825,437
2014-10-01,연암네거리3,170,2138
2014-10-01,연젓마을건너,35,1
2014-10-01,연젓마을입구,9,0
2014-10-01,연호동,1,8
2014-10-01,연호동(종점),42,3
2014-10-01,연호동화훼단지1,3774,2706
2014-10-01,연호동화훼단지2,12608,694
2014-10-01,연호역(3번출구),96,17
2014-10-01,연호역(3번출구)건너,0,34
2014-10-01,연호지,352,414
2014-10-01,연호지건너,309,5172
2014-10-01,연화리1,3,8
2014-10-01,연화리2,1,148
2014-10-01,열병합발전소건너,1,0
2014-10-01,열병합발전소앞,2,1
2014-10-01,영남고등학교건너,17999,16670
2014-10-01,영남고등학교앞,36507,3255
2014-10-01,영남네오빌건너,1076,36
2014-10-01,영남네오빌비스타,1171,296
2014-10-01,영남네오빌앞,303,482
2014-10-01,영남농업연구소콩연구,1,9
2014-10-01,영남우방타운1차건너,4263,375
2014-10-01,영남우방타운1차앞,5973,301
2014-10-01,영남이공대학건너,15118,3172
2014-10-01,영남이공대학앞,28993,1170
2014-10-01,영남일보건너,3148,473
2014-10-01,영남종합전기,488,93
2014-10-01,영대병원역,38811,3381
2014-10-01,영대병원역(3번출구),33982,14031
2014-10-01,영일무역건너,393,13
2014-10-01,영일무역앞,141,77
2014-10-01,영조아파트건너,1,36
2014-10-01,영조아파트앞,2192,3
2014-10-01,영진고등학교건너,21439,2657
2014-10-01,영진고등학교앞,43637,17199
2014-10-01,영진교통(종점),143,8
2014-10-01,영진산업,295,1
2014-10-01,영진전문대학정문건너,10839,1914
2014-10-01,영진전문대학정문앞,18911,3544
2014-10-01,영진전문대학후문건너,28532,5147
2014-10-01,영진전문대학후문앞,38912,12877
2014-10-01,영화,715,100
2014-10-01,예현2리마을회관,335,7
2014-10-01,오뚜기물류센터,148,2
2014-10-01,오성아파트,216,5592
2014-10-01,오페라삼정그린코아APT,14141,2563
2014-10-01,오페라하우스건너,1187,338
2014-10-01,오페라하우스앞,1236,395
2014-10-01,옥분리(구진터),117,3
2014-10-01,옥분리1,30,31
2014-10-01,옥분리마을회관앞,240,4
2014-10-01,옥산정미소,332,4
2014-10-01,옥연지,1,2
2014-10-01,옥연지건너,7,41
2014-10-01,옥포간경리1,1640,739
2014-10-01,옥포간경리2,8437,428
2014-10-01,옥포농협,310,21
2014-10-01,옥포농협강림지소건너,855,473
2014-10-01,옥포농협강림지소앞,5329,75
2014-10-01,옥포농협건너,4823,134
2014-10-01,옥포농협앞,936,196
2014-10-01,옥포무지개마을,3875,106
2014-10-01,옥포주유소앞,160,108
2014-10-01,옥포중앙교회앞,112,37
2014-10-01,옥포초등학교건너,816,544
2014-10-01,옥포초등학교앞,4458,651
2014-10-01,온누리교회,43,4
2014-10-01,올림픽기념관건너,8258,3667
2014-10-01,올림픽기념관앞,14558,2179
2014-10-01,와룡공원건너,383,715
2014-10-01,와룡공원앞,838,161
2014-10-01,와룡시장,6316,323
2014-10-01,와룡시장건너,2248,520
2014-10-01,용계동1,15,13
2014-10-01,용계동2,504,632
2014-10-01,용계동3,2593,134
2014-10-01,용계동4,347,131
2014-10-01,용계삼거리1,10215,8681
2014-10-01,용계삼거리2,2604,2291
2014-10-01,용계삼거리3,623,525
2014-10-01,용계삼거리4,458,881
2014-10-01,용계역(1번출구),18011,3301
2014-10-01,용계역(2번출구),6659,1086
2014-10-01,용금공단앞,24,2
2014-10-01,용산1동주민센터건너,7922,3168
2014-10-01,용산1동주민센터앞,4277,1481
2014-10-01,용산2동주민센터건너,4682,1969
2014-10-01,용산2동주민센터앞,32717,2322
2014-10-01,용산네거리1,24288,4554
2014-10-01,용산네거리2,56169,14662
2014-10-01,용산역,1662,123
2014-10-01,용산역(1번출구),1058,282
2014-10-01,용산역(2번출구),41259,5867
2014-10-01,용산종합큰시장건너,12984,846
2014-10-01,용산종합큰시장앞,6720,1765
2014-10-01,용수동1,1,4
2014-10-01,용수동2,117,0
2014-10-01,용연사,249,5
2014-10-01,용연사시설집단지구건너,102,0
2014-10-01,용연사시설집단지구앞,29,12
2014-10-01,우록리,1,0
2014-10-01,우록리(부곡장식당),2,6
2014-10-01,우록리(선흥사입구),7,21
2014-10-01,우록리(종점),14002,6156
2014-10-01,우방강촌마을건너,31660,1325
2014-10-01,우방강촌마을앞,12305,2139
2014-10-01,우방금탑아파트(서편),2620,6184
2014-10-01,우방드림시티건너,2597,4410
2014-10-01,우방드림시티앞,7772,1351
2014-10-01,우방만촌하이츠건너,4641,2346
2014-10-01,우방만촌하이츠앞,4777,3410
2014-10-01,우방송현하이츠,780,155
2014-10-01,우방송현하이츠건너,215,23
2014-10-01,우방신세계타운앞,19,2
2014-10-01,우방신천지타운건너,3255,475
2014-10-01,우방신천지타운앞,11661,2727
2014-10-01,우방아파트삼거리,323,226
2014-10-01,우방죽전타운건너,10243,3944
2014-10-01,우방죽전타운앞1,7192,817
2014-10-01,우방죽전타운앞2,2189,280
2014-10-01,우방청솔맨션건너,11682,2213
2014-10-01,우방청솔맨션앞,15151,16799
2014-10-01,욱수초등학교건너,5618,2277
2014-10-01,욱수초등학교앞,36570,988
2014-10-01,운암지공원1,486,5
2014-10-01,운암지공원2,14,272
2014-10-01,운암초등학교건너,11411,901
2014-10-01,운암초등학교앞,10398,54
2014-10-01,웃갈미마을건너,206,24
2014-10-01,웃갈미마을앞,5,28
2014-10-01,웃는얼굴아트센터1,966,23
2014-10-01,웃는얼굴아트센터2,1223,92
2014-10-01,원대네거리,722,123
2014-10-01,원대시장건너,20583,2640
2014-10-01,원대시장건너2,1557,537
2014-10-01,원대시장앞,14255,6133
2014-10-01,원대역1,14191,21329
2014-10-01,원대역2,18750,3126
2014-10-01,원대오거리북편1,2346,2262
2014-10-01,원대오거리북편2,704,309
2014-10-01,원불교앞,788,611
2014-10-01,월곡네거리,152,585
2014-10-01,월광수변공원,3096,192
2014-10-01,월드컵삼거리,660,221
2014-10-01,월드컵삼거리앞,538,858
2014-10-01,월배농협대덕지점건너,3419,482
2014-10-01,월배시장건너,14807,5056
2014-10-01,월배시장앞,15409,1716
2014-10-01,월배쌍용예가건너,1420,6
2014-10-01,월배쌍용예가앞,2,45
2014-10-01,월배역(3번출구),10113,8437
2014-10-01,월배역(4번출구),10335,2875
2014-10-01,월배이안아파트건너,63,1
2014-10-01,월배이안아파트앞,31,15
2014-10-01,월배중학교건너,1562,1529
2014-10-01,월배중학교앞,833,696
2014-10-01,월배차량기지건너,4,33
2014-10-01,월배차량기지앞,259,22
2014-10-01,월배초등학교건너,8897,3332
2014-10-01,월배힐스테이트건너,1746,23
2014-10-01,월배힐스테이트앞,9,81
2014-10-01,월성1동주민센터건너,7445,1461
2014-10-01,월성1동주민센터앞,4602,217
2014-10-01,월성2동주민센터건너,14440,1826
2014-10-01,월성2동주민센터앞,29781,2685
2014-10-01,월성e-편한세상건너,17072,2792
2014-10-01,월성e-편한세상앞,906,2461
2014-10-01,월성영남맨션앞,690,370
2014-10-01,월성자이앞,161,321
2014-10-01,월성주공2단지앞,12193,1687
2014-10-01,월성주공3단지,1541,806
2014-10-01,월성주공4단지건너,37224,4339
2014-10-01,월성주공4단지앞1,2597,219
2014-10-01,월성주공4단지앞2,19802,3307
2014-10-01,월성주공5단지앞,7499,5663
2014-10-01,월성청구코아건너,23573,2411
2014-10-01,월성청구코아앞,17451,4601
2014-10-01,월성코오롱하늘채건너,348,88
2014-10-01,월성코오롱하늘채앞,3737,256
2014-10-01,월성푸르지오앞,18259,2889
2014-10-01,월암교1,878,6
2014-10-01,월암교2,264,15
2014-10-01,월촌고가교1,366,389
2014-10-01,월촌고가교2,2072,155
2014-10-01,월촌역(6번출구),19802,1824
2014-10-01,월촌역(7번출구),8577,3917
2014-10-01,월촌초등학교건너,1143,199
2014-10-01,월촌초등학교앞,1484,1215
2014-10-01,위남마을입구,3876,628
2014-10-01,위천1리건너,389,24
2014-10-01,위천1리앞,1441,69
2014-10-01,위천삼거리(논공방향),341,50
2014-10-01,위천삼거리(현풍방향),272,128
2014-10-01,유가면사무소건너,6,16
2014-10-01,유가면사무소앞,19,0
2014-10-01,유가사(종점),159,3
2014-10-01,유가차천,1934,95
2014-10-01,유가차천1,348,375
2014-10-01,유곡리,0,1
2014-10-01,유곡리(회차지),52,3
2014-10-01,유니버시아드레포츠센터건너,3253,1184
2014-10-01,유니버시아드레포츠센터앞,1303,711
2014-10-01,유니버시아드선수촌2단지건너,13629,4575
2014-10-01,유니버시아드선수촌2단지앞,3221,722
2014-10-01,유림물산,1489,251
2014-10-01,유림한의원건너,515,209
2014-10-01,유산리,175,6
2014-10-01,유신섬유네거리1,745,87
2014-10-01,유신섬유네거리2,3230,41
2014-10-01,유천교(유천치안센터건너),11580,6213
2014-10-01,유천교(유천치안센터앞),20799,12041
2014-10-01,유천교1,12566,489
2014-10-01,유천교2,734,3973
2014-10-01,유천포스코건너,2802,153
2014-10-01,유천포스코앞,3853,6238
2014-10-01,유통단지회차지,632,124
2014-10-01,유통단지회차지2,2852,57
2014-10-01,육상진흥센터건너,392,74
2014-10-01,육상진흥센터앞,245,233
2014-10-01,육신사,135,3
2014-10-01,율원초등학교건너,5,1624
2014-10-01,율원초등학교앞,3617,139
2014-10-01,율하역,844,2912
2014-10-01,율하역(4번출구),10677,1748
2014-10-01,율하역(5번출구),9209,838
2014-10-01,율하휴먼시아15단지앞,8914,4476
2014-10-01,율하휴먼시아5단지건너,164,217
2014-10-01,율하휴먼시아5단지앞,2068,593
2014-10-01,율하휴먼시아6단지건너,1324,673
2014-10-01,율하휴먼시아6단지앞,11098,613
2014-10-01,율하휴먼시아8단지앞,9209,325
2014-10-01,율하휴먼시아9단지앞,1784,547
2014-10-01,은하타운건너,771,963
2014-10-01,은하타운앞,1198,1848
2014-10-01,은행APT입구,446,353
2014-10-01,읍내동주민센터건너,5587,1871
2014-10-01,읍내동주민센터앞,361,56
2014-10-01,응암1리1,90,23
2014-10-01,응암1리2,11,0
2014-10-01,응암2리,30,2
2014-10-01,응암2리건너,14,98
2014-10-01,응암2리앞,2,51
2014-10-01,응암3리2,2,0
2014-10-01,응암3리입구,1,0
2014-10-01,이곡1동주민센터건너,8412,683
2014-10-01,이곡1동주민센터앞,3676,2569
2014-10-01,이곡마을,256,16
2014-10-01,이곡양수장건너,41,62
2014-10-01,이곡양수장앞,132,602
2014-10-01,이곡장미공원건너,4238,740
2014-10-01,이곡장미공원앞,3800,738
2014-10-01,이노밸리로1,23,37
2014-10-01,이노밸리로2,6,26
2014-10-01,이마트경산점,7857,3332
2014-10-01,이마트반야월점건너,1311,230
2014-10-01,이마트반야월점앞,2874,795
2014-10-01,이마트시지점건너,3999,1331
2014-10-01,이마트시지점앞,356,427
2014-10-01,이마트월배점건너,374,2575
2014-10-01,이마트월배점앞,7710,838
2014-10-01,이마트칠성점앞,2427,1383
2014-10-01,이마트트레이더스건너,17226,3771
2014-10-01,이마트트레이더스앞,16525,4348
2014-10-01,이시아폴리스더샵1단지,41188,1345
2014-10-01,이시아폴리스더샵2단지,4149,1037
2014-10-01,이월드(구.우방랜드)건너,1451,121
2014-10-01,이월드(구.우방랜드)앞,598,136
2014-10-01,이월드(구.우방랜드)정문,7057,6500
2014-10-01,이월드(구.우방랜드)후문건너,2871,1341
2014-10-01,이월드(구.우방랜드)후문앞,1964,385
2014-10-01,이천동,7,21
2014-10-01,이천동(종점),51,0
2014-10-01,이천리(시내방향),156,1
2014-10-01,이천리(시외방향),115,0
2014-10-01,이천새마을금고건너,9138,650
2014-10-01,이천치안센터건너,1749,2442
2014-10-01,이현고개삼거리,8,2
2014-10-01,이현삼거리1,58,102
2014-10-01,이현삼거리2,862,98
2014-10-01,이현삼거리3,2855,1036
2014-10-01,이현자동차검사소건너,1624,356
2014-10-01,이현자동차검사소앞,892,96
2014-10-01,이현지구대건너,674,386
2014-10-01,이현지구대앞,427,180
2014-10-01,인동촌시장건너,2979,1950
2014-10-01,인동촌시장입구,12107,647
2014-10-01,인산마을건너,881,5
2014-10-01,인산마을앞,14,60
2014-10-01,인지초등학교입구,18,0
2014-10-01,인터불고호텔,618,50
2014-10-01,일심제약,107,35
2014-10-01,입석중학교건너,9345,2922
2014-10-01,입석중학교앞,4574,1834
2014-10-01,잉꼬아파트건너,702,117
2014-10-01,잉꼬아파트앞,1459,1211
2014-10-01,자모공원,35,10
2014-10-01,장관빌라건너,1286,90
2014-10-01,장관빌라앞,1001,119
2014-10-01,장기영남네오빌,82,24
2014-10-01,장기초등학교,1177,385
2014-10-01,장기초등학교1,15,68
2014-10-01,장기초등학교2,23,9
2014-10-01,장기초록나라건너,3078,3747
2014-10-01,장기초록나라앞,6112,420
2014-10-01,장기파랑새마을앞,68,60
2014-10-01,장동초등학교건너,3424,32
2014-10-01,장동초등학교앞,145,695
2014-10-01,장산초등학교건너,431,46
2014-10-01,장산초등학교앞,953,109
2014-10-01,장성초등학교건너,1091,8015
2014-10-01,장성초등학교앞,470,1790
2014-10-01,장태실마을건너,505,565
2014-10-01,장태실마을앞,41,40
2014-10-01,적십자혈액원건너,3265,700
2014-10-01,적십자혈액원앞,2481,913
2014-10-01,전기안전공사건너,1515,1464
2014-10-01,전기안전공사앞,2789,289
2014-10-01,전기재료관1,444,556
2014-10-01,전기재료관2,121,280
2014-10-01,전자관,4400,1046
2014-10-01,전자상가,11194,1811
2014-10-01,정대2리(마내미골)종점,7353,3531
2014-10-01,정대2리(잿들마을)앞,1,0
2014-10-01,정대2리마을회관앞,3,2
2014-10-01,정대숲건너,0,3
2014-10-01,정동고등학교건너,5256,2077
2014-10-01,정동고등학교앞,10324,644
2014-10-01,정부대구지방합동청사건너,784,56
2014-10-01,정부대구지방합동청사앞,319,64
2014-10-01,정부대구지방합동청사후문1,1043,660
2014-10-01,정화우방팔레스,14688,5320
2014-10-01,정화우방팔레스건너,24719,2870
2014-10-01,제일규산,1097,29
2014-10-01,제일여자상업고등학교건너,18659,5859
2014-10-01,제일여자상업고등학교앞,20348,2824
2014-10-01,조달청건너,3389,1909
2014-10-01,조달청앞,7120,666
2014-10-01,조암네거리1,312,41
2014-10-01,조암네거리2,834,611
2014-10-01,조암초등학교건너,29,6
2014-10-01,조암초등학교앞,115,18
2014-10-01,조야동(종점),11059,567
2014-10-01,조일로봇고등학교(종점),6576,495
2014-10-01,주1리1,22,11
2014-10-01,주1리2,592,100
2014-10-01,주2리(최정사입구),6,19
2014-10-01,주2리1,237,2
2014-10-01,주리(삼진식당),4,20
2014-10-01,죽곡2지구1,15,4
2014-10-01,죽곡2지구2,3,52
2014-10-01,죽전119안전센터건너,3518,1811
2014-10-01,죽전119안전센터앞,5114,644
2014-10-01,죽전그린빌건너,3376,2621
2014-10-01,죽전그린빌앞,11767,980
2014-10-01,죽전네거리1,34728,5214
2014-10-01,죽전네거리2,18447,7191
2014-10-01,중구보건소건너,3704,6139
2014-10-01,중구보건소앞,2456,1619
2014-10-01,중구청건너,26065,4054
2014-10-01,중구청앞,26540,13995
2014-10-01,중대1동회관앞,2435,7
2014-10-01,중동교1,3973,7077
2014-10-01,중동교2,1169,174
2014-10-01,중동네거리1,4942,995
2014-10-01,중동네거리2,2985,6232
2014-10-01,중동서울아파트건너,287,107
2014-10-01,중동서울아파트앞,18,0
2014-10-01,중동시장건너,16364,5299
2014-10-01,중동시장앞,21664,1986
2014-10-01,중동주민센터건너,623,94
2014-10-01,중동주민센터앞,397,232
2014-10-01,중동치안센터건너,1333,139
2014-10-01,중동치안센터앞,531,162
2014-10-01,중리광명맨션건너,15207,1347
2014-10-01,중리광명맨션앞,8650,1861
2014-10-01,중리네거리1,5833,1262
2014-10-01,중리네거리2,5967,1193
2014-10-01,중리롯데캐슬건너,9908,5865
2014-10-01,중리롯데캐슬서편,4812,1380
2014-10-01,중리롯데캐슬앞,16182,1860
2014-10-01,중리롯데캐슬정문앞,611,94
2014-10-01,중리마을,2264,6
2014-10-01,중리삼거리1,14,134
2014-10-01,중리삼거리2,1579,1
2014-10-01,중리시장건너1,293,144
2014-10-01,중리시장건너2,627,179
2014-10-01,중리시장앞,7194,1067
2014-10-01,중리중학교,730,99
2014-10-01,중마을(갓바위방향),58,439
2014-10-01,중마을(시내방향),236,5
2014-10-01,중뫼마을건너,398,3
2014-10-01,중뫼마을앞,90,3
2014-10-01,중부소방서건너,2088,1406
2014-10-01,중부소방서앞,7181,1642
2014-10-01,중석타운건너,78,353
2014-10-01,중석타운앞,9673,129
2014-10-01,중소기업관건너,70,618
2014-10-01,중소기업관앞,1380,151
2014-10-01,중소기업지원센터,399,70
2014-10-01,중심마을,160,30
2014-10-01,중앙일보건너,1123,771
2014-10-01,중앙일보앞,5102,84
2014-10-01,지묘동1,3544,392
2014-10-01,지묘동2,9079,95
2014-10-01,지묘초등학교건너,6989,308
2014-10-01,지묘초등학교앞,738,131
2014-10-01,지산2길입구,275,3
2014-10-01,지산2길입구건너,109,1
2014-10-01,지산동서맨션건너,6291,1305
2014-10-01,지산동서맨션앞,18706,677
2014-10-01,지산목련아파트건너,21957,1268
2014-10-01,지산목련아파트앞,10918,2386
2014-10-01,지산시영아파트1단지건너,2026,1345
2014-10-01,지산시영아파트1단지앞,6239,240
2014-10-01,지산영남맨션앞,2770,1735
2014-10-01,지산우방아파트,5439,1044
2014-10-01,지산중학교입구,424,245
2014-10-01,지산청구타운건너,2299,2004
2014-10-01,지산청구타운앞,19045,634
2014-10-01,지산타운건너,24671,687
2014-10-01,지산타운앞,2394,6999
2014-10-01,지산한라타운건너,18047,421
2014-10-01,지산한라타운앞,3900,3439
2014-10-01,지산현대주택건너,4776,1884
2014-10-01,지산현대주택앞,14504,1727
2014-10-01,지산화성파크드림,1871,617
2014-10-01,지저동행정복지센터건너,17320,2582
2014-10-01,지저동행정복지센터앞,4747,936
2014-10-01,진달래아파트건너,9083,2814
2014-10-01,진달래아파트앞,13087,3913
2014-10-01,진월초등학교건너,1215,880
2014-10-01,진월초등학교앞,571,656
2014-10-01,진인동(양지마을)건너,4,23
2014-10-01,진인동(양지마을)앞,165,8
2014-10-01,진인동(진정마을)1,66,9
2014-10-01,진인동(진정마을)2,25,1
2014-10-01,진정마을1,1145,2
2014-10-01,진정마을2,70,24
2014-10-01,진천역(1번출구),39024,6290
2014-10-01,진천역(2번출구),21422,6794
2014-10-01,진천청구타운건너,820,499
2014-10-01,진천청구타운앞,3315,302
2014-10-01,징리보건소,26,0
2014-10-01,차량등록사업소건너,358,788
2014-10-01,차량등록사업소앞,698,156
2014-10-01,창1리1,1,0
2014-10-01,창1리2,59,24
2014-10-01,천내영남맨션,2,0
2014-10-01,첨단의료산업진흥재단건너,207,29
2014-10-01,첨단의료산업진흥재단앞,31,126
2014-10-01,청구고등학교건너,15960,2084
2014-10-01,청구고등학교앞,23545,4770
2014-10-01,청구그린맨션1차건너,10153,1894
2014-10-01,청구그린맨션1차앞,14344,2727
2014-10-01,청구시장건너,6271,436
2014-10-01,청구시장건너2,436,197
2014-10-01,청구시장북편,2383,299
2014-10-01,청구시장북편건너,3309,446
2014-10-01,청구시장앞,6157,1005
2014-10-01,청구중동아파트,281,652
2014-10-01,청구타운건너,1466,1467
2014-10-01,청구타운앞,1414,303
2014-10-01,청기와주유소건너,19537,3899
2014-10-01,청기와주유소앞,17711,2862
2014-10-01,청남타운건너,1344,52
2014-10-01,청남타운앞,383,494
2014-10-01,청백다례원,1204,1432
2014-10-01,청소년수련원건너,392,109
2014-10-01,청소년수련원앞,555,506
2014-10-01,청아람푸르지오2단지1,3,19
2014-10-01,청아람푸르지오2단지2,165,5
2014-10-01,청운맨션건너,1230,313
2014-10-01,청운맨션앞,835,558
2014-10-01,초곡리입구건너,7,9
2014-10-01,초곡리입구앞,28,11
2014-10-01,충혼탑건너,5083,91
2014-10-01,충혼탑앞,203,1066
2014-10-01,측백수림건너,612,0
2014-10-01,측백수림앞,8,21
2014-10-01,칠곡2차영남타운건너,3816,390
2014-10-01,칠곡2차영남타운앞,4643,585
2014-10-01,칠곡3차보성타운1,1178,317
2014-10-01,칠곡3차보성타운2,8076,466
2014-10-01,칠곡3차화성타운1,5509,88
2014-10-01,칠곡3차화성타운2,8861,196
2014-10-01,칠곡3차화성타운3,56,286
2014-10-01,칠곡경대병원역,9,477
2014-10-01,칠곡경북대병원,1200,267
2014-10-01,칠곡경북대병원정문건너,354,288
2014-10-01,칠곡경북대병원정문앞,4539,17
2014-10-01,칠곡경북대병원후문건너,4804,278
2014-10-01,칠곡경북대병원후문앞,317,2
2014-10-01,칠곡그린빌2차건너,9572,391
2014-10-01,칠곡그린빌2차앞,17705,1066
2014-10-01,칠곡그린빌3차건너,15202,309
2014-10-01,칠곡그린빌3차앞,403,978
2014-10-01,칠곡그린빌5단지건너,2504,236
2014-10-01,칠곡그린빌5단지앞,2655,1197
2014-10-01,칠곡그린빌6단지건너,984,160
2014-10-01,칠곡그린빌6단지앞,217,42
2014-10-01,칠곡그린파크1,9082,2294
2014-10-01,칠곡그린파크2,20978,1040
2014-10-01,칠곡네스빌,172,133
2014-10-01,칠곡대백맨션건너,5350,48
2014-10-01,칠곡대백맨션앞,188,503
2014-10-01,칠곡동화아파트건너,3257,1991
2014-10-01,칠곡동화아파트앞,17254,1790
2014-10-01,칠곡롯데아파트건너,39,245
2014-10-01,칠곡롯데아파트앞,5806,37
2014-10-01,칠곡부영1단지,3568,265
2014-10-01,칠곡서한맨션,876,5
2014-10-01,칠곡서한맨션앞,175,335
2014-10-01,칠곡시장건너,12246,866
2014-10-01,칠곡시장앞,1989,1969
2014-10-01,칠곡에덴타운건너,30061,8396
2014-10-01,칠곡에덴타운앞,25222,3899
2014-10-01,칠곡우방타운건너(종점),179,3
2014-10-01,칠곡우방타운건너(종점),2941,6
2014-10-01,칠곡우방타운앞(종점),2166,91
2014-10-01,칠곡주공그린빌1단지건너,2428,443
2014-10-01,칠곡주공그린빌1단지앞,9069,277
2014-10-01,칠곡중학교건너(칠곡향교건너),1429,534
2014-10-01,칠곡중학교앞(칠곡향교앞),18742,886
2014-10-01,칠곡청구타운건너,307,681
2014-10-01,칠곡청구타운앞,3833,164
2014-10-01,칠곡초등학교건너,113,479
2014-10-01,칠곡초등학교앞,1825,248
2014-10-01,칠곡한라타운건너,4801,49
2014-10-01,칠곡한라타운앞,40,466
2014-10-01,칠곡한서타운건너,10437,1065
2014-10-01,칠곡한신아파트건너,1828,283
2014-10-01,칠곡한신아파트앞1,10030,986
2014-10-01,칠곡한신아파트앞2,920,115
2014-10-01,칠곡화성타운건너,8171,125
2014-10-01,칠곡화성타운앞1,7204,2203
2014-10-01,칠곡화성타운앞2,2361,659
2014-10-01,칠성고가도로하단,591,66
2014-10-01,칠성꽃도매시장건너,659,1114
2014-10-01,칠성꽃도매시장앞,1611,1833
2014-10-01,칠성시장(농협건너),91,190
2014-10-01,칠성시장(농협앞),1117,245
2014-10-01,칠성시장(양친회신협),5,40
2014-10-01,칠성시장(전자상가건너),5600,443
2014-10-01,칠성시장(전자상가앞),1916,844
2014-10-01,칠성시장건너,40289,19212
2014-10-01,칠성시장앞1,2581,5469
2014-10-01,칠성시장역(서문프라자건너),3512,5655
2014-10-01,칠성시장역(서문프라자앞),25330,2455
2014-10-01,칠성우방타운,764,183
2014-10-01,침산3동주민센터,11632,1440
2014-10-01,침산남영타운건너,2840,1975
2014-10-01,침산남영타운앞,6817,432
2014-10-01,침산네거리1,10042,1162
2014-10-01,침산네거리2,16463,2924
2014-10-01,침산동화타운건너,5918,123
2014-10-01,침산동화타운앞,419,938
2014-10-01,침산변전소건너,12296,3199
2014-10-01,침산변전소앞,8987,2801
2014-10-01,침산쌍용예가아파트앞,1163,1215
2014-10-01,침산중학교건너,2383,228
2014-10-01,침산중학교앞,4820,340
2014-10-01,침산초등학교건너,4693,990
2014-10-01,침산초등학교앞,1251,987
2014-10-01,침산초등학교후문,529,31
2014-10-01,침산코오롱하늘채건너,7560,1474
2014-10-01,침산코오롱하늘채앞,21623,3624
2014-10-01,캐슬골드파크(1102동),18585,1570
2014-10-01,캐슬골드파크(1504동),13522,2624
2014-10-01,케이에스건너,34,45
2014-10-01,케이에스앞,751,69
2014-10-01,코스트코홀세일건너/복현화성타운앞,5300,3709
2014-10-01,코스트코홀세일앞/복현화성타운건너,41360,2710
2014-10-01,코오롱아파트,18919,1297
2014-10-01,퀸벨호텔건너,18003,2467
2014-10-01,퀸벨호텔앞,8962,6167
2014-10-01,퀸스로드건너,1899,2772
2014-10-01,퀸스로드건너(동편),12273,2046
2014-10-01,퀸스로드앞,4305,1006
2014-10-01,퀸스로드앞(동편),14337,3602
2014-10-01,크리스탈호텔앞,1513,366
2014-10-01,큰고개1,4044,11557
2014-10-01,큰고개2,8185,3978
2014-10-01,큰고개오거리1,19824,1124
2014-10-01,큰고개오거리2,4768,11762
2014-10-01,큰장네거리1,71807,11616
2014-10-01,큰장네거리2,40164,19975
2014-10-01,큰장네거리3,19536,6525
2014-10-01,큰장네거리4,34876,13332
2014-10-01,태성맨션건너,35,75
2014-10-01,태성맨션앞,2617,1563
2014-10-01,태왕그린힐즈건너,215,531
2014-10-01,태왕그린힐즈앞1,111,498
2014-10-01,태왕그린힐즈앞2,2697,43
2014-10-01,태왕메트로시티건너,6109,2185
2014-10-01,태왕메트로시티앞,3544,1878
2014-10-01,태왕아너스베스트앞,5075,237
2014-10-01,태왕아너스복현건너,3001,1260
2014-10-01,태왕아너스복현앞,7958,1579
2014-10-01,태전교회앞,15,53
2014-10-01,태전두성타운건너,5306,885
2014-10-01,태전두성타운앞,1790,430
2014-10-01,태전삼거리1,14906,8304
2014-10-01,태전삼거리2,31920,2886
2014-10-01,태전삼성아파트,3,9
2014-10-01,태전역1,13965,7349
2014-10-01,태전역2,4108,5427
2014-10-01,태전우방타운1차,483,61
2014-10-01,태전우방타운3차아파트,56,3
2014-10-01,태전육교1,730,12
2014-10-01,태전육교2,243,21
2014-10-01,태전중석타운,1165,23
2014-10-01,태전중석타운건너,1246,286
2014-10-01,태전중앙시장건너,2659,1383
2014-10-01,태전중앙시장앞,9145,915
2014-10-01,태전휴먼시아,1351,58
2014-10-01,태평상가건너,5761,6409
2014-10-01,태평상가앞1,6181,6062
2014-10-01,태평상가앞2,273,180
2014-10-01,태현초등학교앞,10988,137
2014-10-01,터실마을,6,0
2014-10-01,텍스빌,9695,1438
2014-10-01,토지주택공사건너,3266,1287
2014-10-01,토지주택공사앞,9983,916
2014-10-01,퇴계마을건너,1,2
2014-10-01,파계교,367,329
2014-10-01,파계사(종점),8953,524
2014-10-01,파군재삼거리1,1213,2796
2014-10-01,파군재삼거리2,958,822
2014-10-01,파동1차시장건너,1585,955
2014-10-01,파동1차시장앞,9937,475
2014-10-01,파동우체국앞,855,580
2014-10-01,파동청구하이츠,6776,277
2014-10-01,파크맨션건너,11012,2557
2014-10-01,파크맨션앞,8108,2403
2014-10-01,파티마병원건너1,20293,10407
2014-10-01,파티마병원건너2,2725,2011
2014-10-01,팔거역3,311,88
2014-10-01,팔거역4,779,108
2014-10-01,팔공3차보성타운건너,771,3
2014-10-01,팔공3차보성타운앞,70,179
2014-10-01,팔공3차보성타운후문,4798,105
2014-10-01,팔공보성아파트건너,1392,405
2014-10-01,팔공보성아파트앞,8742,704
2014-10-01,팔공산IC입구,392,3802
2014-10-01,팔공산맥건너,4853,761
2014-10-01,팔공산맥앞,849,232
2014-10-01,팔공학생야영장앞,333,7
2014-10-01,팔공학생야영장입구건너,8,1
2014-10-01,팔공학생야영장입구앞,103,148
2014-10-01,팔공한마음주유소,4,27
2014-10-01,팔공한마음주유소건너,58,1
2014-10-01,팔달시장건너,38738,6058
2014-10-01,팔달시장앞,43116,15432
2014-10-01,팔달시장역,44554,15566
2014-10-01,팔달신시장,26744,6160
2014-10-01,팔달신시장2,6170,1206
2014-10-01,팔달역2,445,1972
2014-10-01,팔달중학교건너,8679,202
2014-10-01,팔달중학교앞,5127,233
2014-10-01,팔달초등학교,223,292
2014-10-01,팔레스호텔건너,23021,6065
2014-10-01,팔레스호텔앞1,5594,1511
2014-10-01,팔레스호텔앞2,606,786
2014-10-01,팔현마을,36,1
2014-10-01,평광3차아파트,5538,75
2014-10-01,평광3차아파트건너,3790,404
2014-10-01,평광새마을금고,155,0
2014-10-01,평광종점,294,3
2014-10-01,평리1동주민센터건너,80,62
2014-10-01,평리1동주민센터앞,2445,95
2014-10-01,평리2동주민센터건너,14073,1549
2014-10-01,평리2동주민센터앞,4097,1892
2014-10-01,평리3동주민센터건너,1901,162
2014-10-01,평리6동주민센터앞,1669,426
2014-10-01,평리광명네거리,614,1501
2014-10-01,평리광명맨션건너,2785,780
2014-10-01,평리광명맨션앞,1039,286
2014-10-01,평리네거리1,14986,15474
2014-10-01,평리네거리2,16768,4657
2014-10-01,평리명성아파트건너,5590,1149
2014-10-01,평리명성아파트앞,3602,724
2014-10-01,평리중학교건너,1211,485
2014-10-01,평리중학교앞,1929,137
2014-10-01,평리청구타운건너,34822,11135
2014-10-01,평리청구타운앞,33625,8555
2014-10-01,평안,651,41
2014-10-01,평촌2리,9,0
2014-10-01,평촌리,44,0
2014-10-01,평현치안센터건너,6146,831
2014-10-01,평화시장(닭똥집골목)건너,27622,4980
2014-10-01,평화시장(닭똥집골목)앞,53436,10456
2014-10-01,평화씨엠비건너,1039,52
2014-10-01,평화씨엠비앞,171,158
2014-10-01,평화정공건너,626,219
2014-10-01,평화정공앞,734,41
2014-10-01,평화타운건너,22303,1550
2014-10-01,푸드웰건너,3722,43
2014-10-01,푸드웰앞,101,165
2014-10-01,푸르밀대구공장,63,0
2014-10-01,푸르밀대구공장건너,2,6
2014-10-01,풋살경기장(50사단),687,56
2014-10-01,풍국주정공업,1389,30
2014-10-01,하나원전문장례식장,6,3
2014-10-01,하리(약산온천)건너,273,29
2014-10-01,하목정(종점),2,12
2014-10-01,하빈농협건너,175,0
2014-10-01,하빈농협동곡지점1,102,11
2014-10-01,하빈농협동곡지점2,795,4
2014-10-01,하빈농협앞,10,7
2014-10-01,하빈농협입구,10,6
2014-10-01,하빈면사무소건너,178,1
2014-10-01,하빈면사무소앞,14,3
2014-10-01,하빈우체국건너,395,9
2014-10-01,하빈우체국앞,19,1
2014-10-01,하빈주유소앞,4,13
2014-10-01,하빈초등학교앞,225,1
2014-10-01,하산1리,580,1
2014-10-01,하산2리,143,0
2014-10-01,하산스무지(종점),125,3
2014-10-01,학남고등학교건너,1521,329
2014-10-01,학남고등학교앞,4045,341
2014-10-01,학남초등학교건너,86,751
2014-10-01,학남초등학교앞,2666,211
2014-10-01,학산아파트건너,40,24
2014-10-01,학산아파트앞,1,11
2014-10-01,학정청아람1,664,252
2014-10-01,학정청아람2,3080,22
2014-10-01,학정청아람건너,4933,328
2014-10-01,학정청아람앞,2200,373
2014-10-01,한가람타운건너,23892,7193
2014-10-01,한가람타운앞,20945,3171
2014-10-01,한걸고정마을,183,4
2014-10-01,한국감정원앞,751,61
2014-10-01,한국건강관리협회앞,8096,518
2014-10-01,한국국토정보공사건너,4484,5970
2014-10-01,한국국토정보공사앞,2179,710
2014-10-01,한국농어촌공사건너,21617,4995
2014-10-01,한국농어촌공사앞,19780,1103
2014-10-01,한국델파이건너,74,148
2014-10-01,한국델파이앞,1368,195
2014-10-01,한국도로공사건너,195,420
2014-10-01,한국도로공사앞,6876,74
2014-10-01,한국방송통신대학교건너,2997,634
2014-10-01,한국방송통신대학교앞,850,438
2014-10-01,한국사학진흥재단(남편),8,66
2014-10-01,한국산업단지공단앞,159,163
2014-10-01,한국산업은행성서지점건너,213,1141
2014-10-01,한국산업은행성서지점앞,4122,51
2014-10-01,한국산업인력공단건너,3754,95
2014-10-01,한국산업인력공단앞,109,182
2014-10-01,한국생산기술연구원건너,80,12
2014-10-01,한국생산기술연구원앞,27,4
2014-10-01,한국클래드텍건너,412,5
2014-10-01,한국클래드텍앞,2,117
2014-10-01,한국타이어,300,1029
2014-10-01,한국타이어건너,268,33
2014-10-01,한국패션센터,2238,100
2014-10-01,한국폴리텍VI대구대학건너,16455,3389
2014-10-01,한국폴리텍VI대구대학앞,9234,8338
2014-10-01,한국폴리텍대학(섬유패션캠퍼스),182,1403
2014-10-01,한국환경자원공사,5,12
2014-10-01,한국환경자원공사건너,106,4
2014-10-01,한도아파트앞,9401,413
2014-10-01,한라하우젠트,1221,23
2014-10-01,한마음주유소건너,2290,545
2014-10-01,한마음주유소앞,2004,310
2014-10-01,한샘교회,4800,1954
2014-10-01,한샘교회건너,1309,721
2014-10-01,한서기전건너,532,66
2014-10-01,한서기전앞,142,12
2014-10-01,한양공작맨션건너,9,128
2014-10-01,한양공작맨션앞,1078,13
2014-10-01,한양산호아파트건너,5282,147
2014-10-01,한양산호아파트앞,760,45
2014-10-01,한양수정아파트,27,73
2014-10-01,한양코스모스아파트건너,50,56
2014-10-01,한양코스모스아파트앞,1179,281
2014-10-01,한전동대구지사,22219,3699
2014-10-01,한전동대구지사건너,15089,3692
2014-10-01,한전서대구지사건너,18967,9971
2014-10-01,한전서대구지사앞,15318,3182
2014-10-01,한정3리,25,0
2014-10-01,한정리(한정초교),43,0
2014-10-01,한정리(한정초교건너),2,3
2014-10-01,한화꿈에그린건너1,641,558
2014-10-01,한화꿈에그린앞,12775,2627
2014-10-01,함지초등학교건너,897,579
2014-10-01,함지초등학교앞,9231,221
2014-10-01,해랑교(시외방향),65,50
2014-10-01,해랑교1,13,1
2014-10-01,해랑교2,894,10
2014-10-01,해랑교건너,151,11
2014-10-01,해안동행정복지센터,279,120
2014-10-01,해안역(1번출구),8027,1550
2014-10-01,해안역(3번출구),6719,2759
2014-10-01,해안초등학교뒤,0,3
2014-10-01,행정1리앞,3,0
2014-10-01,행정2리건너,0,2
2014-10-01,행정리,597,18
2014-10-01,행정리(한천서원),14,0
2014-10-01,헬로TV대구방송건너,5671,3042
2014-10-01,헬로TV대구방송앞,6749,2672
2014-10-01,혁신2근린공원,1,1
2014-10-01,현내1리,183,0
2014-10-01,현내2리중방마을건너,137,1
2014-10-01,현내2리중방마을앞,3,5
2014-10-01,현대금속,1505,196
2014-10-01,현대메카닉스건너,91,0
2014-10-01,현대메카닉스앞,1,6
2014-10-01,현대백조아파트(북편),4060,170
2014-10-01,현대백조아파트건너,2502,228
2014-10-01,현대백조아파트앞,2402,674
2014-10-01,현대백화점.동아쇼핑건너,28462,7518
2014-10-01,현대백화점.동아쇼핑앞,35132,2064
2014-10-01,현대시장건너,10863,955
2014-10-01,현대시장앞,2258,2026
2014-10-01,현대시장앞2,688,201
2014-10-01,현대해상건너,28135,14773
2014-10-01,현대해상앞,25188,5496
2014-10-01,현충로역(3번출구),30322,7882
2014-10-01,현충로역(4번출구),22707,9380
2014-10-01,현충삼거리1,544,408
2014-10-01,현충삼거리2,3062,165
2014-10-01,현풍고속도로밑,273,62
2014-10-01,현풍농협,2749,377
2014-10-01,현풍면사무소앞,94,0
2014-10-01,현풍삼거리,9,40
2014-10-01,현풍새마을금고,6299,560
2014-10-01,현풍시외버스터미널,2261,434
2014-10-01,현풍운전시험장,762,10
2014-10-01,현풍주공아파트,29,25
2014-10-01,현풍주공아파트2,3,113
2014-10-01,현풍주공아파트앞,410,219
2014-10-01,현풍중고등학교,40,169
2014-10-01,현풍중고등학교건너,1114,111
2014-10-01,현풍터미널건너,1485,66
2014-10-01,현풍터미널앞,648,623
2014-10-01,현풍할매곰탕,1614,338
2014-10-01,현풍할매곰탕건너,1103,231
2014-10-01,호산초등학교건너,36,15
2014-10-01,호산초등학교앞,211,647
2014-10-01,홈플러스내당점건너,9944,756
2014-10-01,홈플러스내당점앞,4714,4620
2014-10-01,홈플러스대구점건너,621,1718
2014-10-01,홈플러스대구점앞,21151,10323
2014-10-01,홈플러스동촌점건너,5328,3199
2014-10-01,홈플러스동촌점앞,11258,991
2014-10-01,홈플러스칠곡점건너,9266,442
2014-10-01,홈플러스칠곡점앞,2426,755
2014-10-01,홍천사건너,1814,28
2014-10-01,홍천사입구,160,317
2014-10-01,화남초등학교건너,11,280
2014-10-01,화남초등학교앞,5373,471
2014-10-01,화동초등학교건너,848,104
2014-10-01,화동초등학교앞,778,64
2014-10-01,화랑교1,1135,4801
2014-10-01,화랑교2,11049,754
2014-10-01,화성그랜드건너,359,160
2014-10-01,화성그랜드앞,178,79
2014-10-01,화성리버파크건너,5032,290
2014-10-01,화성리버파크앞,1074,466
2014-10-01,화성센트럴파크,4468,261
2014-10-01,화성쌍용타운건너,612,12
2014-10-01,화성쌍용타운앞1,993,308
2014-10-01,화성쌍용타운앞2,1,53
2014-10-01,화성전문요양원건너,210,85
2014-10-01,화성전문요양원앞,1542,587
2014-10-01,화성파크뷰건너,6067,232
2014-10-01,화성파크뷰앞,656,1740
2014-10-01,화영테크건너,67,8
2014-10-01,화영테크앞,493,32
2014-10-01,화원고등학교(종점),744,50
2014-10-01,화원고등학교(종점)2,43,45
2014-10-01,화원고등학교건너,7641,667
2014-10-01,화원고등학교앞,1110,698
2014-10-01,화원농협주유소건너,1325,458
2014-10-01,화원농협주유소앞,6569,3208
2014-10-01,화원삼주타운건너,6280,367
2014-10-01,화원삼주타운앞,367,166
2014-10-01,화원시장건너,3413,407
2014-10-01,화원시장앞,96,414
2014-10-01,화원유원지(사문진주막촌),2141,72
2014-10-01,화원유원지건너,1015,12
2014-10-01,화원유원지입구,1,0
2014-10-01,화원초등학교건너,21003,3405
2014-10-01,화원초등학교앞,32332,9777
2014-10-01,화전동1,11,45
2014-10-01,화전동2,568,6
2014-10-01,황금2동치안센터건너,1401,441
2014-10-01,황금2동치안센터앞,3622,217
2014-10-01,황금네거리1,26098,2254
2014-10-01,황금네거리2,7829,2976
2014-10-01,황금시장건너,263,68
2014-10-01,황금시장앞,1625,42
2014-10-01,황금우방1차건너,15572,1991
2014-10-01,황금우방1차앞,3767,2167
2014-10-01,황금초등학교건너,1574,1158
2014-10-01,황금초등학교앞,4717,252
2014-10-01,황제맨션건너,4948,4963
2014-10-01,황제맨션앞,4766,1099
2014-10-01,효동초등학교건너,3866,946
2014-10-01,효동초등학교앞,8206,981
2014-10-01,효목네거리1,9436,988
2014-10-01,효목네거리2,2476,2094
2014-10-01,효목네거리3,9426,4144
2014-10-01,효성타운앞,15267,866
2014-10-01,효자강순항나무,2,0
2014-10-01,흥사단 대구지부건너,1642,212
2014-10-01,흥사단 대구지부앞,1663,2297
2014-10-01,흥성정공건너,257,6
2014-10-01,흥성정공앞,107,2
2014-10-01,희망교1,1074,69
2014-10-01,희성전자건너,25,30
2014-10-01,희성전자앞,432,70
2014-10-01,힐크레스트남문건너,1383,104
2014-10-01,힐크레스트남문앞,113,927
2014-10-01,힐크레스트입구,383,482
2014-11-01,(주)성안건너,18,110
2014-11-01,(주)영화건너,0,60
2014-11-01,(주)영화앞,466,1
2014-11-01,1차서한화성타운건너,354,71
2014-11-01,1차서한화성타운앞,506,54
2014-11-01,2.28기념중앙공원건너1,50705,10747
2014-11-01,2.28기념중앙공원건너2,16265,9463
2014-11-01,2.28기념중앙공원앞,111442,14951
2014-11-01,2차대자연맨션건너,1749,625
2014-11-01,2차대자연맨션앞,6510,724
2014-11-01,2차서한화성타운건너,29373,1767
2014-11-01,2차서한화성타운앞,16277,2705
2014-11-01,2호선반월당역1,22337,4528
2014-11-01,2호선반월당역2,12474,4577
2014-11-01,3공단새마을금고앞,3846,1303
2014-11-01,CGV대구한일건너,88775,14903
2014-11-01,CGV대구한일앞,25225,4247
2014-11-01,e편한세상대구금호건너,21,2
2014-11-01,e편한세상대구금호앞,172,4
2014-11-01,IHL건너,40,1
2014-11-01,IHL앞,26,2
2014-11-01,K-2입구,1889,533
2014-11-01,K2관사입구(종점),1772,14
2014-11-01,KT남대구지사건너1,8919,2640
2014-11-01,KT남대구지사건너2,1455,507
2014-11-01,KT남대구지사앞1,19498,6514
2014-11-01,KT남대구지사앞2,1032,1674
2014-11-01,KT동대구지사건너,21005,11617
2014-11-01,KT동대구지사앞,14767,1796
2014-11-01,KT북대구지사건너,3082,300
2014-11-01,KT북대구지사앞,5478,518
2014-11-01,KT상동지사건너,3067,233
2014-11-01,KT상동지사앞,971,453
2014-11-01,KT서대구지사건너,18510,2213
2014-11-01,KT서대구지사앞,15005,5470
2014-11-01,LG물류센터건너,2920,1326
2014-11-01,LG물류센터앞,6990,3327
2014-11-01,LH5단지아파트건너,691,125
2014-11-01,LH5단지아파트앞,354,71
2014-11-01,MBC네거리,7644,1799
2014-11-01,SK리더스뷰건너,11492,2231
2014-11-01,SK리더스뷰앞,4808,1782
2014-11-01,STX메탈건너,1042,3649
2014-11-01,STX메탈앞,47,473
2014-11-01,TBC건너,11760,446
2014-11-01,TBC앞,2529,1584
2014-11-01,TCN대구방송건너,1704,212
2014-11-01,TCN대구방송앞,2340,339
2014-11-01,㈜윔스건너,193,200
2014-11-01,㈜윔스앞,393,10
2014-11-01,가야농원,261,1
2014-11-01,가창농협건너,1745,2271
2014-11-01,가창농협앞,9590,299
2014-11-01,가창댐,3,8
2014-11-01,가창면사무소건너,4269,1514
2014-11-01,가창면사무소앞,8290,565
2014-11-01,가창중학교건너,1389,9
2014-11-01,가창중학교앞,118,82
2014-11-01,가창초등학교건너,3028,275
2014-11-01,가창초등학교앞,799,30
2014-11-01,가천동앞,48,1
2014-11-01,가천리,99,5
2014-11-01,가태리마을회관건너,192,3
2014-11-01,가태리마을회관앞,6,6
2014-11-01,각산역(1번출구),6028,1532
2014-11-01,각산역(2번출구),1557,984
2014-11-01,각산푸르지오건너,333,460
2014-11-01,각산푸르지오앞,330,102
2014-11-01,갈실마을회관종점,413,4
2014-11-01,감문1리1,4,1
2014-11-01,감문1리2,388,1
2014-11-01,감문1리3,0,3
2014-11-01,감문1리4,15,0
2014-11-01,감삼네거리1,14846,5008
2014-11-01,감삼네거리2,47679,19676
2014-11-01,감삼초등학교건너,9449,1589
2014-11-01,감삼초등학교앞,7228,985
2014-11-01,갓골건너,343,0
2014-11-01,갓골앞,0,13
2014-11-01,갓바위,18816,249
2014-11-01,강남약국건너,48049,11251
2014-11-01,강남약국앞1,23459,6976
2014-11-01,강남약국앞2,9007,1130
2014-11-01,강동중·고등학교,2,132
2014-11-01,강동중·고등학교건너,5235,23
2014-11-01,강변동서마을건너,5360,242
2014-11-01,강변동서마을앞,2902,1188
2014-11-01,강북경찰서건너,1262,709
2014-11-01,강북경찰서앞,1758,401
2014-11-01,강북중학교건너,89,976
2014-11-01,강북중학교앞,8540,37
2014-11-01,강산아파트건너,4101,7738
2014-11-01,강산아파트앞,4572,1208
2014-11-01,강정(종점),6,0
2014-11-01,강정보(디아크문화관)건너,107,10
2014-11-01,강정보(디아크문화관)입구,171,4
2014-11-01,강창교1,3416,182
2014-11-01,강창교2,127,697
2014-11-01,강창역(1번출구),4865,530
2014-11-01,강창역(2번출구),19794,895
2014-11-01,강창하이츠,6833,463
2014-11-01,거동교1,567,316
2014-11-01,거동교2,664,430
2014-11-01,건들바위건너,865,613
2014-11-01,건들바위앞,513,1411
2014-11-01,건영아파트건너,11430,6743
2014-11-01,건영캐스빌건너,9922,1233
2014-11-01,건영캐스빌앞,678,763
2014-11-01,검단119안전센터(엑스코),71,38
2014-11-01,검단동대구축협앞,4586,17
2014-11-01,검단동주민센터1,626,13
2014-11-01,검단동주민센터2,2,121
2014-11-01,검단동주민센터건너,9036,69
2014-11-01,검단동주민센터앞,37,390
2014-11-01,검단상가아파트건너,129,28
2014-11-01,검단상가아파트앞,416,48
2014-11-01,검단유성아파트(서편),8742,1546
2014-11-01,검단유성아파트건너,5178,965
2014-11-01,검단유성아파트앞,14432,3812
2014-11-01,경기장네거리1,3502,1216
2014-11-01,경기장네거리2,3091,385
2014-11-01,경대교2,4400,624
2014-11-01,경대교건너,710,168
2014-11-01,경대교앞,224,819
2014-11-01,경대사대부설고등학교앞,20112,8631
2014-11-01,경대아파트건너,27980,1894
2014-11-01,경대아파트앞,8641,1844
2014-11-01,경덕여고,731,299
2014-11-01,경동산업앞,91,0
2014-11-01,경명여고건너,2791,474
2014-11-01,경명여고앞,1960,1281
2014-11-01,경북고교종점,2002,966
2014-11-01,경북고등학교건너,11540,3065
2014-11-01,경북고등학교앞,17946,1197
2014-11-01,경북고등학교종점건너,95,16
2014-11-01,경북공고건너,6916,3884
2014-11-01,경북공고앞,9680,3887
2014-11-01,경북공무원교육원1,669,382
2014-11-01,경북공무원교육원2,9,21
2014-11-01,경북교통,4174,3346
2014-11-01,경북교통앞,2608,1584
2014-11-01,경북기계공고건너,9607,3105
2014-11-01,경북기계공고앞,9258,4130
2014-11-01,경북농업기술원건너,14,231
2014-11-01,경북농업기술원앞,176,5
2014-11-01,경북대체육센터건너,8253,605
2014-11-01,경북대체육센터앞,4535,3853
2014-11-01,경북대학교병원건너,19084,8745
2014-11-01,경북대학교병원앞,33995,7181
2014-11-01,경북대학교북문건너,67796,1664
2014-11-01,경북대학교북문앞,30473,5415
2014-11-01,경북대학교서문건너,8691,997
2014-11-01,경북대학교서문앞,2906,694
2014-11-01,경북대학교정문건너,10725,2361
2014-11-01,경북대학교정문앞,25594,5174
2014-11-01,경북대학교치과병원,19125,8079
2014-11-01,경북아파트건너(고산동),16809,3083
2014-11-01,경북아파트건너(신천동),6808,10793
2014-11-01,경북아파트앞(고산동),12332,4112
2014-11-01,경북아파트앞(신천동),4780,2988
2014-11-01,경북여상건너,11069,7869
2014-11-01,경북여상앞,9841,2298
2014-11-01,경북크랑크,1241,25
2014-11-01,경상감영공원건너,90305,15917
2014-11-01,경상감영공원앞,68310,53854
2014-11-01,경상북도농업인회관,359,23
2014-11-01,경상여자고등학교건너,3544,449
2014-11-01,경상여자고등학교앞,8180,4642
2014-11-01,경서중학교건너,365,390
2014-11-01,경서중학교앞,4243,111
2014-11-01,경신고등학교건너,41845,5547
2014-11-01,경신고등학교앞,32354,9822
2014-11-01,경운초등학교건너,1936,782
2014-11-01,경운초등학교앞,4712,5257
2014-11-01,경원고등학교건너,735,54
2014-11-01,경원고등학교앞,1766,270
2014-11-01,경일여자중학교건너,13820,1452
2014-11-01,경일여자중학교앞,4065,1054
2014-11-01,경주최씨종가(종점),589,5
2014-11-01,경주최씨종가1,5,1
2014-11-01,경주최씨종가2,7,0
2014-11-01,경진테크빌앞,775,1254
2014-11-01,경창산업,990,62
2014-11-01,경희강재건너,674,510
2014-11-01,경희강재앞,3041,72
2014-11-01,계명대대명캠퍼스후문건너,1923,476
2014-11-01,계명대역(1번출구),2317,1192
2014-11-01,계명대역(2번출구),7240,4144
2014-11-01,계명대학교대명캠퍼스건너,15289,4522
2014-11-01,계명대학교대명캠퍼스앞,17360,4840
2014-11-01,계명대학교대명캠퍼스후문앞,1743,525
2014-11-01,계명대학교동문건너1,5948,827
2014-11-01,계명대학교동문건너2,27911,7123
2014-11-01,계명대학교동문앞,21414,5477
2014-11-01,계명대학교정문건너,30715,1302
2014-11-01,계명대학교정문앞,5599,2097
2014-11-01,계명문화대학건너,8758,782
2014-11-01,계명문화대학앞,15564,10801
2014-11-01,고모동입구,2664,1835
2014-11-01,고모역건너,322,92
2014-11-01,고모역앞,151,6
2014-11-01,고봉리,47,1
2014-11-01,고산2동주민센터건너,9979,2564
2014-11-01,고산2동주민센터앞,18541,631
2014-11-01,고산골입구,6077,718
2014-11-01,고산농협창고건너,725,162
2014-11-01,고산농협창고앞,367,2609
2014-11-01,고산도서관,17803,8046
2014-11-01,고산정수사업소건너,2312,653
2014-11-01,고성아파트(서편),9638,2481
2014-11-01,고성아파트건너,2072,116
2014-11-01,고성아파트건너(서편),5207,3981
2014-11-01,고성아파트앞,1638,412
2014-11-01,고성지구대1,1524,393
2014-11-01,고성지구대2,2655,7268
2014-11-01,골안골,20,73
2014-11-01,골안골지하보도앞,17,158
2014-11-01,공고네거리1,26235,9211
2014-11-01,공고네거리2,11416,2761
2014-11-01,공군기지관사입구,4,10
2014-11-01,공단역1,516,10754
2014-11-01,공단역2,16661,7428
2014-11-01,공단하수처리장건너,20,297
2014-11-01,공단하수처리장앞,67,33
2014-11-01,공산댐건너,1206,53
2014-11-01,공산댐앞,82,76
2014-11-01,공산동행정복지센터건너,993,314
2014-11-01,공산동행정복지센터앞,4143,266
2014-11-01,공산초등학교건너,288,85
2014-11-01,공산초등학교앞,2192,112
2014-11-01,공산파출소,412,519
2014-11-01,공항시장건너,10089,625
2014-11-01,공항시장앞,5252,1435
2014-11-01,곽병원건너,32200,20736
2014-11-01,곽병원앞1,20660,6600
2014-11-01,곽병원앞2,8741,3159
2014-11-01,관리공단,495,79
2014-11-01,관음공영주차장앞,1039,13
2014-11-01,관음농협앞,123,55
2014-11-01,관음동주민센터건너,314,52
2014-11-01,관음동주민센터앞,1443,30
2014-11-01,관음변전소1,4951,119
2014-11-01,관음변전소2,26,238
2014-11-01,관음변전소3,136,0
2014-11-01,관음변전소4,924,42
2014-11-01,관음어린이집,274,34
2014-11-01,관음중학교(북편),824,14
2014-11-01,광명은하아파트건너,5499,4330
2014-11-01,광명은하아파트앞,16673,887
2014-11-01,광명프레지던트아파트건너,10235,4601
2014-11-01,광장타운건너,14003,4304
2014-11-01,광장타운앞,13749,3040
2014-11-01,교대부설초등학교건너,4833,235
2014-11-01,교대부설초등학교앞,375,1044
2014-11-01,교동시장앞,3637,1205
2014-11-01,교동초등학교건너,476,44
2014-11-01,교동초등학교앞,8,228
2014-11-01,교통연수원,15130,723
2014-11-01,교통연수원건너,9100,2254
2014-11-01,교항2리마을입구,0,114
2014-11-01,교항2리회관,3907,21
2014-11-01,교항리건너,25,28
2014-11-01,교항리마을입구건너,62,1
2014-11-01,교항리앞,459,334
2014-11-01,구)달성군청건너,9820,3291
2014-11-01,구)달성군청앞,22457,15435
2014-11-01,구)대영학원건너,14554,2726
2014-11-01,구)대영학원앞,13690,9669
2014-11-01,구)효목2동행정복지센터건너,14027,1213
2014-11-01,구)효목2동행정복지센터앞,5622,1458
2014-11-01,구.남부정류장건너1,12898,10062
2014-11-01,구.남부정류장건너2,8463,3828
2014-11-01,구.남부정류장앞1,22657,4544
2014-11-01,구.남부정류장앞2,3060,1629
2014-11-01,구.동부정류장(남편),6306,1614
2014-11-01,구.동부정류장(메트로팔레스),11008,3915
2014-11-01,구.동부정류장건너,14653,1541
2014-11-01,구.동부정류장앞,8051,3233
2014-11-01,구둔산,697,2
2014-11-01,구라리,1,0
2014-11-01,구병원건너,457,4145
2014-11-01,구병원앞,27718,5196
2014-11-01,구삼폭포건너,0,19
2014-11-01,구암가구골목1,9029,256
2014-11-01,구암가구골목2,1611,262
2014-11-01,구암교1,6028,2476
2014-11-01,구암교2,801,621
2014-11-01,구암동1,734,40
2014-11-01,구암동2,142,283
2014-11-01,구암역(운전면허시험장)1,434,167
2014-11-01,구암역(운전면허시험장)2,1822,551
2014-11-01,구암초등학교건너,2088,303
2014-11-01,구암초등학교앞,5111,152
2014-11-01,구지농공단지1,0,1
2014-11-01,구지농공단지2,207,2
2014-11-01,구지면사무소건너,524,321
2014-11-01,구지면사무소앞,1926,229
2014-11-01,구지청아람건너,5594,128
2014-11-01,구지청아람앞,567,339
2014-11-01,국립대구과학관정문건너,51,7
2014-11-01,국립대구과학관정문앞,139,5
2014-11-01,국립대구박물관건너,13778,1093
2014-11-01,국립대구박물관앞,8351,3071
2014-11-01,국민건강보험공단건너,23229,1848
2014-11-01,국민건강보험공단앞,9180,8667
2014-11-01,국민은행3공단지점건너,4988,1178
2014-11-01,국민은행3공단지점앞,2742,770
2014-11-01,국우동현대아파트건너,595,24
2014-11-01,국우동현대아파트앞,3704,458
2014-11-01,국채보상운동기념공원,6601,5159
2014-11-01,굿모닝병원건너,9302,4274
2014-11-01,굿모닝병원앞,14603,2949
2014-11-01,궁전아파트건너,22,197
2014-11-01,궁전아파트앞,2104,106
2014-11-01,귀남지휴게소1,19,11
2014-11-01,귀남지휴게소2,2,0
2014-11-01,그랜드호텔건너,29848,18227
2014-11-01,그랜드호텔앞,48828,6976
2014-11-01,그린빌4단지,47,403
2014-11-01,그린빌4단지건너,1001,12
2014-11-01,그린빌4단지앞,154,97
2014-11-01,근로복지공단대구병원건너,2360,116
2014-11-01,근로복지공단대구병원앞,4036,318
2014-11-01,근린공원축구장건너,17,146
2014-11-01,근린공원축구장앞,1332,29
2014-11-01,금강동,154,2
2014-11-01,금계초등학교(교항리),543,220
2014-11-01,금복주건너,2489,234
2014-11-01,금복주앞,1521,757
2014-11-01,금봉네거리1,9166,771
2014-11-01,금봉네거리2,4917,539
2014-11-01,금사리하이빌APT건너,1447,94
2014-11-01,금사리하이빌APT앞,488,197
2014-11-01,금융감독원건너,759,2473
2014-11-01,금포초등학교,1277,219
2014-11-01,금포초등학교건너,347,335
2014-11-01,금호1,1,119
2014-11-01,금호2,123,0
2014-11-01,금호기전,11,24
2014-11-01,금호천년나무1단지동편건너,10,170
2014-11-01,기곡(종점),157,5
2014-11-01,기곡리1,3,0
2014-11-01,기곡리2,43,0
2014-11-01,기독교방송국건너,5559,1858
2014-11-01,기독교방송국앞,3754,1159
2014-11-01,기업은행대곡지점건너,68,1154
2014-11-01,기업은행대곡지점앞,19262,393
2014-11-01,기업은행죽전동지점건너,5042,783
2014-11-01,기업은행죽전동지점앞,2805,514
2014-11-01,김흥1리건너,99,0
2014-11-01,김흥1리앞,52,5
2014-11-01,김흥2리건너,1,2
2014-11-01,김흥2리앞,9,0
2014-11-01,김흥리마을입구,83,1
2014-11-01,남구청건너2,6170,5878
2014-11-01,남구청네거리1,6416,1747
2014-11-01,남구청네거리2,251,157
2014-11-01,남대구IC1,15937,1091
2014-11-01,남대구IC2,5815,584
2014-11-01,남명삼거리1,1564,119
2014-11-01,남명삼거리2,1619,519
2014-11-01,남문시장건너1,1015,62
2014-11-01,남문시장건너2,11158,16921
2014-11-01,남문시장앞,23203,9348
2014-11-01,남문아파트앞,487,288
2014-11-01,남부경찰서건너,9615,1919
2014-11-01,남부경찰서앞,12057,6791
2014-11-01,남부교육지원청건너,7184,860
2014-11-01,남부교육지원청앞,4191,1445
2014-11-01,남부도서관앞,114,394
2014-11-01,남부자동차종합시장건너,2968,457
2014-11-01,남부자동차종합시장앞,928,366
2014-11-01,남부초등학교건너,1337,34
2014-11-01,남부초등학교앞,318,224
2014-11-01,남부초등학교앞2,5202,628
2014-11-01,남산2동주민센터건너,98,261
2014-11-01,남산2동주민센터앞,745,30
2014-11-01,남산고등학교건너,768,41
2014-11-01,남산고등학교앞,0,1
2014-11-01,남산역(프린스호텔건너),8393,3119
2014-11-01,남산역건너(프린스호텔앞),20097,6018
2014-11-01,남산주유소건너,1483,972
2014-11-01,남산주유소앞,1653,157
2014-11-01,남산초등학교건너,14517,1852
2014-11-01,남산초등학교앞,12497,6533
2014-11-01,남산휴먼시아앞,1255,388
2014-11-01,내2리새마을회관건너,72,0
2014-11-01,내2리새마을회관앞,4,6
2014-11-01,내당1동우체국건너,2240,216
2014-11-01,내당1동우체국앞,2453,376
2014-11-01,내당광명아파트,2870,2605
2014-11-01,내당삼익맨션건너,27569,6744
2014-11-01,내당삼익맨션앞,12672,17213
2014-11-01,내당코오롱아파트건너,6721,11778
2014-11-01,내당코오롱아파트앞,5162,849
2014-11-01,내동,843,30
2014-11-01,내동건너,13,139
2014-11-01,내리1,0,2
2014-11-01,내리2,1,2
2014-11-01,내일교회건너,167,29
2014-11-01,내일교회앞,761,29
2014-11-01,냉천2리,5,1
2014-11-01,냉천리1,2049,27
2014-11-01,냉천리2,30,233
2014-11-01,노곡동,4798,40
2014-11-01,노변중학교,868,56
2014-11-01,노변중학교건너,1171,69
2014-11-01,노변청구타운건너,196,41
2014-11-01,노변청구타운앞,177,49
2014-11-01,노원119안전센터건너,5948,2386
2014-11-01,노원119안전센터앞,2029,573
2014-11-01,노원네거리(공단세차장건너),474,500
2014-11-01,노원네거리(공단세차장앞),5357,102
2014-11-01,노원네거리(대구은행건너),908,139
2014-11-01,노원네거리(대구은행앞),4629,466
2014-11-01,노원네거리1,4123,752
2014-11-01,노원네거리2,8188,527
2014-11-01,노원동화타운건너,554,357
2014-11-01,노원동화타운앞,3704,530
2014-11-01,녹동서원앞,24,2
2014-11-01,녹원맨션1,3278,1173
2014-11-01,녹원맨션2,9303,563
2014-11-01,논공삼거리1,1507,22
2014-11-01,논공삼거리2,269,244
2014-11-01,논공읍사무소,770,186
2014-11-01,논공읍사무소건너1,3544,132
2014-11-01,논공읍사무소건너2,251,82
2014-11-01,농산물도매시장건너,40,10
2014-11-01,농산물도매시장앞,1636,134
2014-11-01,농수산물도매시장건너,3035,1247
2014-11-01,농수산물도매시장앞,8030,3933
2014-11-01,농촌진흥원입구,73,86
2014-11-01,농협동촌지점,362,122
2014-11-01,농협방촌지점,2074,83
2014-11-01,농협중앙회건너,20038,7209
2014-11-01,농협중앙회앞,52205,32883
2014-11-01,농협중앙회중동지점건너,1620,64
2014-11-01,농협중앙회중동지점앞,894,539
2014-11-01,농협하나로마트건너,26,318
2014-11-01,능골1,115,989
2014-11-01,능골건너,2480,37
2014-11-01,능성동(종점)1,30,1
2014-11-01,능성동(종점)2,283,9
2014-11-01,능성동예비군훈련장,533,27
2014-11-01,능성동예비군훈련장건너,84,2
2014-11-01,능성동입구건너,440,2
2014-11-01,능성동입구앞,6,32
2014-11-01,다리골,30,1
2014-11-01,다사고등학교건너,7711,3644
2014-11-01,다사고등학교앞,365,1307
2014-11-01,다사농협주유소건너,74,578
2014-11-01,다사농협주유소앞,7543,176
2014-11-01,다사역(4번출구),25,1
2014-11-01,다사읍사무소건너,6636,323
2014-11-01,다사읍사무소서재출장소건너,300,4
2014-11-01,다사읍사무소서재출장소앞,57,157
2014-11-01,다사읍사무소앞,3,61
2014-11-01,다사주공아파트건너,125,0
2014-11-01,다사주공아파트앞,1,125
2014-11-01,다사체육공원건너,2,1
2014-11-01,다사체육공원앞,45,2
2014-11-01,다사초등학교건너,54,0
2014-11-01,다사초등학교앞,0,60
2014-11-01,단산리(종점),5884,2909
2014-11-01,달구벌종합복지관건너,705,162
2014-11-01,달구벌종합복지관앞,488,70
2014-11-01,달서공고건너,165,106
2014-11-01,달서공고앞,16,18
2014-11-01,달서교회건너,19498,3279
2014-11-01,달서교회앞,16395,8836
2014-11-01,달서구새마을회건너,2671,109
2014-11-01,달서구새마을회앞,112,114
2014-11-01,달서구청건너,14654,2435
2014-11-01,달서구청앞,6113,2033
2014-11-01,달서종합시장건너,1306,240
2014-11-01,달서종합시장앞,1069,143
2014-11-01,달서중고등학교,61,15
2014-11-01,달서중고등학교건너,351,1
2014-11-01,달서천하수종말처리장건너,50,1
2014-11-01,달서천하수종말처리장앞,3,4
2014-11-01,달서초교,1784,57
2014-11-01,달성2차공단관리청사,36,1
2014-11-01,달성2차산업단지출장소앞,1,3
2014-11-01,달성경찰서,1595,454
2014-11-01,달성경찰서건너,2486,88
2014-11-01,달성공원건너,15480,2288
2014-11-01,달성공원앞,17780,16426
2014-11-01,달성군민운동장건너,840,93
2014-11-01,달성군민운동장앞,891,169
2014-11-01,달성군선거관리위원회건너,79,100
2014-11-01,달성군선거관리위원회앞,21,856
2014-11-01,달성군청건너,437,153
2014-11-01,달성군청앞,2755,122
2014-11-01,달성기와건너,184,107
2014-11-01,달성기와앞,606,37
2014-11-01,달성도서관건너,0,1
2014-11-01,달성문화원건너,19,2
2014-11-01,달성문화원앞,8,0
2014-11-01,달성산업단지건너,195,43
2014-11-01,달성산업단지관리공단1,0,11
2014-11-01,달성산업단지관리공단2,4,3
2014-11-01,달성소방서건너,10,79
2014-11-01,달성소방서앞,177,194
2014-11-01,달성스포츠파크건너,6,12
2014-11-01,달성예비군훈련장건너,1225,84
2014-11-01,달성예비군훈련장앞,537,152
2014-11-01,달성우체국건너,617,431
2014-11-01,달성우체국앞,5088,191
2014-11-01,달성중학교건너,4867,527
2014-11-01,달성중학교앞,16871,3912
2014-11-01,달성초등학교건너,3915,1417
2014-11-01,달성초등학교앞,1703,276
2014-11-01,달성취수장건너,23,76
2014-11-01,달성취수장앞,55,43
2014-11-01,달창저수지,270,0
2014-11-01,달천리(시내방향),177,0
2014-11-01,달천리(시외방향),74,4
2014-11-01,담안마을1,3,11
2014-11-01,담안마을2,196,0
2014-11-01,담티고개1,192,419
2014-11-01,담티고개2,1061,702
2014-11-01,당동마을건너,245,1
2014-11-01,당동마을앞,20,40
2014-11-01,당정마을입구,26,5
2014-11-01,당정마을입구건너,95,1
2014-11-01,대1리용흥지건너,178,6
2014-11-01,대1리용흥지앞,9,8
2014-11-01,대곡강산타운,21518,572
2014-11-01,대곡강산타운건너,3714,758
2014-11-01,대곡사계절타운건너,14981,534
2014-11-01,대곡사계절타운앞,4998,1236
2014-11-01,대곡역(1번출구),39068,1588
2014-11-01,대곡역(2번출구),28973,36209
2014-11-01,대곡역(한라하우젠트건너),17410,1180
2014-11-01,대곡역(한라하우젠트앞),4752,11682
2014-11-01,대곡역그린빌,6358,7292
2014-11-01,대곡주공1단지앞,5041,1374
2014-11-01,대곡주공2단지앞,17740,505
2014-11-01,대곡주공6단지앞,3462,384
2014-11-01,대곡주공7단지앞,13416,842
2014-11-01,대곡주공8단지건너,3476,1066
2014-11-01,대곡주공8단지앞,22863,1685
2014-11-01,대곡중학교건너,3900,534
2014-11-01,대곡중학교앞,2173,476
2014-11-01,대공원역(1번출구),2468,5212
2014-11-01,대공원역(5번출구),4099,566
2014-11-01,대구가톨릭대학병원건너,19568,2893
2014-11-01,대구가톨릭대학병원앞,17488,1721
2014-11-01,대구경북과학기술원,189,13
2014-11-01,대구경북과학기술원기숙사,168,19
2014-11-01,대구경북지방병무청,95,397
2014-11-01,대구고등학교건너,40631,10754
2014-11-01,대구고등학교앞,12184,4871
2014-11-01,대구고용노동청건너,14594,2052
2014-11-01,대구고용노동청앞,3991,918
2014-11-01,대구공업대학1,11198,1945
2014-11-01,대구공업대학2,3269,2209
2014-11-01,대구공업대학건너,6801,2712
2014-11-01,대구공업대학앞,5579,2142
2014-11-01,대구과학고등학교건너,9557,4461
2014-11-01,대구과학고등학교앞,15752,1670
2014-11-01,대구과학대학1,21848,10094
2014-11-01,대구과학대학2,65126,4464
2014-11-01,대구과학대학건너,2281,118
2014-11-01,대구과학대학앞,840,210
2014-11-01,대구광역시교육연수원건너,14097,680
2014-11-01,대구광역시교육연수원앞,4916,2568
2014-11-01,대구광역시청건너,1511,722
2014-11-01,대구광역시청앞,247,458
2014-11-01,대구교도소건너,7699,4779
2014-11-01,대구교도소앞,21401,2846
2014-11-01,대구교육대건너,193,2637
2014-11-01,대구교육대앞,19476,2902
2014-11-01,대구교통방송건너,4973,5550
2014-11-01,대구교통방송앞,17683,1279
2014-11-01,대구국제공항건너,22126,10768
2014-11-01,대구국제공항앞,24570,6153
2014-11-01,대구글로벌교육센터건너,4658,10320
2014-11-01,대구글로벌교육센터앞,3697,566
2014-11-01,대구농업마이스터고건너,22678,1947
2014-11-01,대구농업마이스터고앞,7913,9141
2014-11-01,대구농업마이스터고후문건너,2604,670
2014-11-01,대구농업마이스터고후문앞,2084,188
2014-11-01,대구도시공사앞,13509,2334
2014-11-01,대구동부고용복지플러스센터,9929,4263
2014-11-01,대구동촌유치원,1037,162
2014-11-01,대구디지털산업진흥원건너,19993,4973
2014-11-01,대구디지털산업진흥원앞,14421,2848
2014-11-01,대구맨션건너,2076,316
2014-11-01,대구맨션앞,3813,779
2014-11-01,대구문화방송건너,11618,4171
2014-11-01,대구문화방송앞,13192,2462
2014-11-01,대구미술관건너,623,39
2014-11-01,대구미술관앞,1012,29
2014-11-01,대구병원건너,24802,1430
2014-11-01,대구병원앞,13518,6273
2014-11-01,대구보건고등학교건너,15361,6561
2014-11-01,대구보건고등학교앞,11664,1695
2014-11-01,대구보건대학3,13412,7683
2014-11-01,대구보건대학4,30657,3524
2014-11-01,대구보건대학5,55,51
2014-11-01,대구보건대학건너1,2229,54
2014-11-01,대구보건대학건너2,17065,383
2014-11-01,대구보건대학앞1,498,175
2014-11-01,대구보건대학앞2,1484,539
2014-11-01,대구보훈요양원,1,0
2014-11-01,대구보훈요양원건너,1,4
2014-11-01,대구보훈요양원앞,151,0
2014-11-01,대구비지니스센터건너,3793,429
2014-11-01,대구비지니스센터앞,3814,237
2014-11-01,대구사격장,41,3
2014-11-01,대구삼성창조캠퍼스1,1372,181
2014-11-01,대구삼성창조캠퍼스2,364,542
2014-11-01,대구선방촌공원,997,26
2014-11-01,대구소방본부건너,440,179
2014-11-01,대구소방본부앞,1388,2655
2014-11-01,대구스타디움건너,2442,433
2014-11-01,대구스타디움앞,3793,573
2014-11-01,대구시교육청건너,1186,319
2014-11-01,대구시교육청앞,1747,4041
2014-11-01,대구시설공단건너,15483,2718
2014-11-01,대구시설공단앞,9309,15492
2014-11-01,대구시설관리사업소,1,91
2014-11-01,대구시지노인전문병원건너,299,64
2014-11-01,대구시지노인전문병원앞,606,1386
2014-11-01,대구신문사,97,538
2014-11-01,대구애견훈련학교건너,265,2
2014-11-01,대구애견훈련학교앞,4,5
2014-11-01,대구역,755,289
2014-11-01,대구역건너,32039,6403
2014-11-01,대구역꽃시장,527,749
2014-11-01,대구역북편네거리1,35195,4463
2014-11-01,대구역북편네거리2,12309,12445
2014-11-01,대구역센트럴자이,1058,98
2014-11-01,대구역앞,32158,8996
2014-11-01,대구예담학교,233,54
2014-11-01,대구우편집중국(동편),1,21
2014-11-01,대구우편집중국앞,2161,1621
2014-11-01,대구은행3공단지점앞,5245,528
2014-11-01,대구은행북비산지점건너1,11860,2178
2014-11-01,대구은행북비산지점건너2,1393,862
2014-11-01,대구은행북비산지점앞,35702,5511
2014-11-01,대구은행산격지점앞,688,239
2014-11-01,대구은행역(1번출구),31538,7973
2014-11-01,대구은행역(2번출구),33307,6057
2014-11-01,대구은행제2본점앞,13278,2775
2014-11-01,대구은행칠곡지점건너,7695,1937
2014-11-01,대구은행칠곡지점앞,23436,5982
2014-11-01,대구은행평리동지점건너,2948,1585
2014-11-01,대구은행평리동지점앞,5566,2344
2014-11-01,대구의료원건너,5988,1109
2014-11-01,대구의료원라파엘웰빙센터,1786,85
2014-11-01,대구의료원라파엘웰빙센터건너,483,964
2014-11-01,대구의료원앞,4076,820
2014-11-01,대구일마이스터고교건너,3519,946
2014-11-01,대구일마이스터고교앞,7771,648
2014-11-01,대구전자공고남편,136,215
2014-11-01,대구전자공업고등학교1,9379,442
2014-11-01,대구전자공업고등학교2,913,3148
2014-11-01,대구제일고등학교건너,29777,6225
2014-11-01,대구제일고등학교앞,31753,19562
2014-11-01,대구중앙중고등학교건너,26850,3044
2014-11-01,대구중앙중고등학교앞,25598,4410
2014-11-01,대구중앙중학교건너,2320,17
2014-11-01,대구중앙중학교앞,0,14
2014-11-01,대구중학교건너,1451,437
2014-11-01,대구중학교앞,5817,1775
2014-11-01,대구지료재생사,60,84
2014-11-01,대구지방경찰청,4161,622
2014-11-01,대구지방법원등기국건너,5227,8565
2014-11-01,대구지방법원등기국앞,2316,1052
2014-11-01,대구지방법원서부지원,510,62
2014-11-01,대구차여성병원건너,4378,8150
2014-11-01,대구차여성병원앞,14499,1155
2014-11-01,대구콘서트하우스건너,17137,19207
2014-11-01,대구콘서트하우스앞,21632,2792
2014-11-01,대구태현교회,3,53
2014-11-01,대구텍건너,569,250
2014-11-01,대구텍스타일콤플렉스,1480,887
2014-11-01,대구텍앞,4452,673
2014-11-01,대구학생문화센터,157,52
2014-11-01,대구학생수련관입구건너,501,2
2014-11-01,대구학생수련관입구앞,28,87
2014-11-01,대구한의대학교부속한방병원건너,261,109
2014-11-01,대구한의대학교부속한방병원앞,2277,63
2014-11-01,대구향교건너,2492,3769
2014-11-01,대구향교앞,1767,467
2014-11-01,대덕마을건너,618,1529
2014-11-01,대덕마을앞,228,92
2014-11-01,대덕맨션앞,8818,231
2014-11-01,대덕문화전당건너,1434,143
2014-11-01,대덕문화전당앞,55,154
2014-11-01,대덕승마장건너,590,30
2014-11-01,대덕승마장앞,73,30
2014-11-01,대덕식당건너,239,255
2014-11-01,대덕식당앞,4029,205
2014-11-01,대덕천주교회1,1485,315
2014-11-01,대덕천주교회2,2473,134
2014-11-01,대덕천주교회3,3261,202
2014-11-01,대덕천주교회4,128,374
2014-11-01,대덕초등학교,602,15
2014-11-01,대덕초등학교건너,247,91
2014-11-01,대동공업,157,144
2014-11-01,대동공업건너,591,15
2014-11-01,대동금속건너,1684,50
2014-11-01,대동금속앞,519,75
2014-11-01,대동시장1,4012,449
2014-11-01,대동시장2,6961,395
2014-11-01,대륜중고등학교건너,5215,6110
2014-11-01,대륜중고등학교앞,6134,291
2014-11-01,대리,188,3
2014-11-01,대리마을앞,97,113
2014-11-01,대리마을회관,180,7
2014-11-01,대리마을회관건너,30,18
2014-11-01,대림생수,710,8
2014-11-01,대림생수앞,33,156
2014-11-01,대림육교1,171,20438
2014-11-01,대림육교2,19,46
2014-11-01,대명6동주민센터건너,2050,363
2014-11-01,대명6동주민센터앞,2378,168
2014-11-01,대명시장건너,18951,5852
2014-11-01,대명시장앞,21903,4098
2014-11-01,대명역(1번출구),17770,3445
2014-11-01,대명역(2번출구),12681,2108
2014-11-01,대명중학교건너,19,256
2014-11-01,대명중학교앞,2772,74
2014-11-01,대명초등학교건너,7858,3159
2014-11-01,대명초등학교앞,11507,4108
2014-11-01,대백인터빌건너,23131,4599
2014-11-01,대백인터빌앞,19228,4151
2014-11-01,대백창신한라타운건너,12391,2050
2014-11-01,대백창신한라타운앞,3289,1222
2014-11-01,대백프라자건너,20982,4934
2014-11-01,대백프라자앞,27855,4053
2014-11-01,대백한라무지개타운건너,20883,744
2014-11-01,대백한라무지개타운앞,7962,1147
2014-11-01,대봉교회,8817,3631
2014-11-01,대봉네거리1,4406,424
2014-11-01,대봉네거리2,2579,2234
2014-11-01,대봉도서관건너,1157,320
2014-11-01,대봉도서관앞,3579,661
2014-11-01,대봉성당,8727,1865
2014-11-01,대서초등학교앞,387,101
2014-11-01,대성공업건너,691,8228
2014-11-01,대성공업앞,1701,133
2014-11-01,대성유니드앞,2617,59
2014-11-01,대성테크앞,241,6
2014-11-01,대신동광명맨션앞,1277,340
2014-11-01,대신센트럴자이,5295,312
2014-11-01,대실역(1번출구),8364,1879
2014-11-01,대실역(2번출구),29398,1199
2014-11-01,대실역(4번출구),2375,32
2014-11-01,대실역1,109,8
2014-11-01,대실역2,98,95
2014-11-01,대실역청아람건너,6286,34
2014-11-01,대실역청아람앞,436,2860
2014-11-01,대우트럼프월드수성건너,13132,1712
2014-11-01,대우트럼프월드수성앞,3027,1713
2014-11-01,대원고등학교,3272,20897
2014-11-01,대원고등학교건너,2237,2352
2014-11-01,대원사건너,11,6
2014-11-01,대원사건너(공산동),25,171
2014-11-01,대원사앞(공산동),46,0
2014-11-01,대원사입구,209,0
2014-11-01,대원유치원건너,6000,5422
2014-11-01,대원유치원앞,9348,538
2014-11-01,대일1리마을회관건너,163,20
2014-11-01,대일1리점촌마을,1,30
2014-11-01,대일아파트건너,9021,3770
2014-11-01,대일아파트앞,13155,2210
2014-11-01,대자연맨션,14713,475
2014-11-01,대자연맨션건너,2847,1221
2014-11-01,대중인벤트,235,44
2014-11-01,대진중고등학교건너,1852,108
2014-11-01,대진중고등학교앞,452,152
2014-11-01,대천119안전센터건너,1576,14
2014-11-01,대천119안전센터앞,558,70
2014-11-01,대천교,3228,757
2014-11-01,대천초등학교건너,479,126
2014-11-01,대천초등학교앞,2136,73
2014-11-01,대청초등학교건너,136,546
2014-11-01,대청초등학교앞,11422,605
2014-11-01,대평2리,198,0
2014-11-01,대평교회앞,0,6
2014-11-01,대평리시장,13356,918
2014-11-01,대평중학교건너,8053,901
2014-11-01,대평중학교앞,5431,1111
2014-11-01,대홍철강,668,40
2014-11-01,대흥동건너,297,24
2014-11-01,대흥동앞,245,199
2014-11-01,덕곡(달구벌고교),785,2
2014-11-01,덕곡(대구선명학교),93,24
2014-11-01,덕곡삼거리1,48,122
2014-11-01,덕곡삼거리2,793,15
2014-11-01,덕산마을건너,0,4
2014-11-01,덕산마을앞,257,1
2014-11-01,덕원고등학교건너,3865,788
2014-11-01,덕원고등학교앞,884,683
2014-11-01,덕인초등학교건너,2136,693
2014-11-01,덕인초등학교앞,1705,338
2014-11-01,덕화중학교건너,8420,502
2014-11-01,덕화중학교앞,3157,3326
2014-11-01,덴티스앞,282,2
2014-11-01,도곡교1,127,383
2014-11-01,도곡교2,309,7
2014-11-01,도남동,233,0
2014-11-01,도남동(종점),22,0
2014-11-01,도남지,130,0
2014-11-01,도동,3,4
2014-11-01,도동교1,832,5
2014-11-01,도동교2,11,15
2014-11-01,도동서원,391,0
2014-11-01,도동청구타운건너,48,40
2014-11-01,도동청구타운앞,1386,166
2014-11-01,도시철도건설본부건너,1074,3805
2014-11-01,도시철도건설본부앞,26732,1775
2014-11-01,도시철도담티역(1번출구),32134,4899
2014-11-01,도시철도담티역(3번출구),24929,4214
2014-11-01,도시철도대구역,703,219
2014-11-01,도시철도수성구청역북편1,470,5452
2014-11-01,도시철도수성구청역북편2,1790,89
2014-11-01,도의리,184,41
2014-11-01,도평동입구1,566,112
2014-11-01,도평동입구2,223,141
2014-11-01,도평동행정복지센터1,0,5
2014-11-01,도평동행정복지센터2,125,2
2014-11-01,도학동,1216,11
2014-11-01,도학동1,49,61
2014-11-01,동곡1리2,220,1
2014-11-01,동곡1리3,42,0
2014-11-01,동곡리,113,0
2014-11-01,동곡초등학교건너,364,2
2014-11-01,동곡초등학교앞,28,33
2014-11-01,동곡치안센터앞,23,34
2014-11-01,동구시장건너,7150,1402
2014-11-01,동구시장앞,6975,1185
2014-11-01,동구청건너,65465,29797
2014-11-01,동구청앞,51324,9023
2014-11-01,동구청역(3번출구),8137,1512
2014-11-01,동구청역(4번출구),1614,617
2014-11-01,동대구LPG충전소건너,2114,119
2014-11-01,동대구LPG충전소앞,549,206
2014-11-01,동대구맨션,7401,6649
2014-11-01,동대구시장건너,11780,2195
2014-11-01,동대구시장앞,19415,5588
2014-11-01,동대구역,51509,13590
2014-11-01,동대구역건너,54810,16717
2014-11-01,동대구역복합환승센터건너,40839,4683
2014-11-01,동대구역복합환승센터앞,37728,17277
2014-11-01,동대구역수화물취급소건너,332,198
2014-11-01,동대구역수화물취급소앞,3735,231
2014-11-01,동대구역지하도1,4502,3050
2014-11-01,동대구역지하도2,748,946
2014-11-01,동대구초등학교건너,1113,72
2014-11-01,동대구초등학교앞,626,200
2014-11-01,동도중학교건너,10441,1475
2014-11-01,동도중학교앞,14661,1984
2014-11-01,동문고등학교앞,862,208
2014-11-01,동문고등학교정문,843,156
2014-11-01,동변주공그린빌건너,2505,525
2014-11-01,동변주공그린빌앞,9911,286
2014-11-01,동부경찰서건너,1626,1218
2014-11-01,동부경찰서앞,8295,304
2014-11-01,동부고교건너,1327,690
2014-11-01,동부고교앞,6950,2511
2014-11-01,동부소방서건너,1267,6795
2014-11-01,동부소방서앞,4652,416
2014-11-01,동부시외버스터미널(순환2번),2013,296
2014-11-01,동부중학교건너,4356,251
2014-11-01,동부중학교앞,2092,3669
2014-11-01,동북주유소건너,76,40
2014-11-01,동북주유소앞,5,33
2014-11-01,동산의료원앞1,30946,7966
2014-11-01,동산의료원앞2,13548,9721
2014-11-01,동서교회건너,2534,218
2014-11-01,동서교회앞,1303,831
2014-11-01,동서변리벤빌,8805,1015
2014-11-01,동서변월드메르디앙아파트,2428,775
2014-11-01,동서아파트건너,100,5
2014-11-01,동서아파트앞,0,13
2014-11-01,동서화성타운건너,27688,782
2014-11-01,동서화성타운앞,14071,3311
2014-11-01,동성에스티에스건너,88,22
2014-11-01,동성에스티에스앞,114,5
2014-11-01,동성초등학교건너,2625,7014
2014-11-01,동성초등학교앞,5010,1963
2014-11-01,동신초등학교건너,2382,1028
2014-11-01,동신초등학교앞,2166,3154
2014-11-01,동아백화점수성점건너,13037,7618
2014-11-01,동아백화점수성점앞,55249,1180
2014-11-01,동아수산냉동건너,425,439
2014-11-01,동아수산냉동앞,318,55
2014-11-01,동아스포츠센터(지산중학교앞),1466,716
2014-11-01,동아스포츠센터(지산초교앞),7297,281
2014-11-01,동아제약,446,87
2014-11-01,동아제약건너,1821,20
2014-11-01,동양맨션앞,3018,166
2014-11-01,동원약품,8146,1549
2014-11-01,동원초등학교건너,1027,579
2014-11-01,동원초등학교앞1,1213,446
2014-11-01,동원초등학교앞2,1760,264
2014-11-01,동인네거리1,1307,284
2014-11-01,동인네거리2,1352,677
2014-11-01,동인초등학교건너,11496,4073
2014-11-01,동인초등학교앞,8700,3512
2014-11-01,동인치안센터건너,16084,7851
2014-11-01,동인치안센터앞,9024,6344
2014-11-01,동일초등학교건너,1983,476
2014-11-01,동일초등학교앞,2598,970
2014-11-01,동천역1,410,48
2014-11-01,동천역2,1037,208
2014-11-01,동촌강나루아파트건너,2143,774
2014-11-01,동촌강나루아파트앞,2981,9724
2014-11-01,동촌역,510,154
2014-11-01,동촌역(구길),1704,153
2014-11-01,동촌역(신길)1,5525,1247
2014-11-01,동촌역(신길)2,3893,1946
2014-11-01,동촌유원지,485,194
2014-11-01,동촌유원지놀이동산앞,114,86
2014-11-01,동촌해성아파트건너,182,188
2014-11-01,동촌해성아파트앞,872,1727
2014-11-01,동촌화성타운건너,11359,916
2014-11-01,동촌화성타운앞,6604,1756
2014-11-01,동침산네거리,1417,893
2014-11-01,동침산네거리2,36,168
2014-11-01,동호동건너(북구),776,136
2014-11-01,동호동앞(북구),71,37
2014-11-01,동호육교1,204,626
2014-11-01,동호육교2,9360,138
2014-11-01,동호초등학교건너,306,2
2014-11-01,동화골든빌(남편),3405,209
2014-11-01,동화골든빌(동편),1296,1524
2014-11-01,동화골든빌(북편),47,146
2014-11-01,동화골든빌건너(남편),11,184
2014-11-01,동화교1,41,130
2014-11-01,동화교2,2244,3
2014-11-01,동화사입구건너,4360,4
2014-11-01,동화사입구앞,92,259
2014-11-01,동화시설집단지구(종점)1,181,21
2014-11-01,동화시설집단지구(종점)2(대구시민안전테마파크),10051,236
2014-11-01,두류3동파출소건너,656,68
2014-11-01,두류3동파출소앞,367,322
2014-11-01,두류공원(야외음악당건너),589,77
2014-11-01,두류공원(야외음악당앞),468,64
2014-11-01,두류공원네거리1,11998,2190
2014-11-01,두류공원네거리2,3708,2954
2014-11-01,두류도서관앞,5532,3231
2014-11-01,두류보성맨션건너,5846,282
2014-11-01,두류보성맨션앞,2844,3055
2014-11-01,두류수영장건너,17989,4130
2014-11-01,두류수영장앞,17353,2968
2014-11-01,두류역(달성고등학교건너),29600,5855
2014-11-01,두류역(달성고등학교앞),49124,17077
2014-11-01,두류정수사업소건너,16343,1275
2014-11-01,두류정수사업소앞,2069,7851
2014-11-01,두류파출소건너,504,99
2014-11-01,두류파출소앞,139,247
2014-11-01,두리봉네거리1,3909,15872
2014-11-01,두리봉네거리2,13449,2232
2014-11-01,두리봉터널입구,1328,469
2014-11-01,두리봉터널입구건너,3763,170
2014-11-01,두산동주민센터건너,14475,1549
2014-11-01,두산동주민센터앞,7861,2761
2014-11-01,두산스포츠건너,1092,219
2014-11-01,두성파크아파트건너,20785,3927
2014-11-01,두성파크아파트앞,7814,6242
2014-11-01,두천마을건너,68,0
2014-11-01,둔산동,634,0
2014-11-01,들안길1,1056,644
2014-11-01,들안길2,3933,351
2014-11-01,들안길네거리1,5192,181
2014-11-01,들안길네거리2,908,1115
2014-11-01,들안길초등학교건너,3895,1053
2014-11-01,들안길초등학교앞,4481,1864
2014-11-01,들연경,5,0
2014-11-01,럭키아파트건너,258,314
2014-11-01,럭키아파트앞,2001,53
2014-11-01,롯데백화점상인점건너,9260,5201
2014-11-01,롯데캐슬그랜드,527,1188
2014-11-01,룸비니유치원건너,1997,151
2014-11-01,룸비니유치원앞,1849,207
2014-11-01,마비정벽화마을(종점),469,1
2014-11-01,만경관건너,10912,4748
2014-11-01,만경관앞,8857,3770
2014-11-01,만촌1동주민센터,2999,761
2014-11-01,만촌2동주민센터,14904,1160
2014-11-01,만촌3차화성파크드림건너,3069,212
2014-11-01,만촌그린빌라건너,911,85
2014-11-01,만촌역(1번출구),848,4468
2014-11-01,만촌우방1차건너,8612,297
2014-11-01,만촌우방1차앞,304,443
2014-11-01,만촌육교1,50602,5819
2014-11-01,만촌육교2,7816,12756
2014-11-01,만촌자전거경기장,63,43
2014-11-01,만촌천주교회앞,157,202
2014-11-01,만촌초등학교건너1,2127,552
2014-11-01,만촌초등학교건너2,2991,209
2014-11-01,만촌초등학교앞,2118,314
2014-11-01,만촌태왕리더스건너,1581,254
2014-11-01,만촌태왕리더스건너(남편),281,2667
2014-11-01,만촌태왕리더스북편,502,346
2014-11-01,만촌태왕리더스앞1,5375,10305
2014-11-01,만촌태왕리더스앞2,1811,169
2014-11-01,만촌화성파크스위트,753,32
2014-11-01,만평네거리,5687,5026
2014-11-01,만평역(서대구고속버스터미널)1,9209,3089
2014-11-01,만평역(서대구고속버스터미널)2,6661,12685
2014-11-01,망우당공원(종점),235,46
2014-11-01,망우당공원건너,1322,656
2014-11-01,망우당공원앞,2681,3177
2014-11-01,매곡(종점),470,58
2014-11-01,매곡사거리1,488,475
2014-11-01,매곡사거리2,11431,492
2014-11-01,매곡정수사업소건너,479,2
2014-11-01,매곡정수사업소앞,72,43
2014-11-01,매곡초등학교건너,14,618
2014-11-01,매골1,5,60
2014-11-01,매골2,243,11
2014-11-01,매여동(동구)저탄장,723,100
2014-11-01,매일신문사건너,129,153
2014-11-01,매일신문사앞,1619,501
2014-11-01,매천고교,1361,116
2014-11-01,매천대교1,974,165
2014-11-01,매천대교2,1,17
2014-11-01,매천성당건너1,2689,99
2014-11-01,매천성당건너2,448,113
2014-11-01,매천성당앞,4896,270
2014-11-01,매천수산시장건너,1244,133
2014-11-01,매천수산시장앞,1291,91
2014-11-01,매천시장역1,351,86
2014-11-01,매천시장역2,40,50
2014-11-01,매천시장지하차도,1276,186
2014-11-01,매천역1,96,34
2014-11-01,매천중고등학교건너,3869,3410
2014-11-01,매천중고등학교앞,9285,875
2014-11-01,매천초교(매천역)2,959,122
2014-11-01,매천화성파크드림,1107,32
2014-11-01,매천휴먼시아앞,879,91
2014-11-01,매호동서아파트앞,715,1
2014-11-01,매호성당건너,641,2
2014-11-01,메트로시티건너,3596,725
2014-11-01,메트로시티앞,1497,120
2014-11-01,메트로팔레스1,12539,1867
2014-11-01,메트로팔레스2,15866,832
2014-11-01,명곡1리입구1,15,1
2014-11-01,명곡1리입구2,12,21
2014-11-01,명곡리1,1816,539
2014-11-01,명곡리2,6447,602
2014-11-01,명곡미래빌1단지,1506,189
2014-11-01,명곡미래빌2단지건너,8,215
2014-11-01,명곡미래빌2단지앞,10237,1120
2014-11-01,명곡미래빌3단지건너,1583,843
2014-11-01,명곡미래빌3단지앞,3815,203
2014-11-01,명곡미래빌4단지,3223,267
2014-11-01,명곡미래빌5단지건너,10,88
2014-11-01,명곡미래빌5단지앞,4776,1081
2014-11-01,명곡지구앞,54,94
2014-11-01,명덕네거리1,32539,2532
2014-11-01,명덕네거리2,11231,16513
2014-11-01,명덕역(6번출구),38649,12376
2014-11-01,명덕역(7번출구),25018,5184
2014-11-01,명덕초등학교건너,16410,13762
2014-11-01,명덕초등학교앞,23982,5168
2014-11-01,명문세가APT건너,8122,1221
2014-11-01,명문세가APT앞,12823,1918
2014-11-01,명문오하임아파트건너,233,221
2014-11-01,명문오하임아파트앞,113,65
2014-11-01,명보약국건너,1530,943
2014-11-01,명보약국앞,2026,351
2014-11-01,명산교(명산화성타운건너),3053,181
2014-11-01,명성푸르지오건너,5558,1121
2014-11-01,명성푸르지오앞,24458,1951
2014-11-01,모개월앞,0,4
2014-11-01,모개월입구,7,0
2014-11-01,모다아울렛,116,5
2014-11-01,모다아울렛건너,13831,643
2014-11-01,모다아울렛앞,600,1603
2014-11-01,모래정마을건너,62,0
2014-11-01,모래정마을앞,2,0
2014-11-01,목단1리,70,0
2014-11-01,목단2리,92,0
2014-11-01,목단리,44,0
2014-11-01,묘1리,58,0
2014-11-01,묘2리(고려정밀),119,0
2014-11-01,묘2리(전마),202,0
2014-11-01,무궁화LPG충전소,7583,2967
2014-11-01,무궁화LPG충전소건너,3089,916
2014-11-01,무궁화어린이공원입구,1838,260
2014-11-01,무궁화어린이공원입구건너,3752,1959
2014-11-01,무등1리1,1,1
2014-11-01,무등1리2,210,0
2014-11-01,무등1리3,50,0
2014-11-01,무등2리,1,3
2014-11-01,무등2리입구건너,76,0
2014-11-01,무등보건진료소건너,19,0
2014-11-01,무등보건진료소앞,1,8
2014-11-01,무림제지건너,620,167
2014-11-01,무림제지앞1,639,281
2014-11-01,무림제지앞2,162,90
2014-11-01,무열대건너,3665,2049
2014-11-01,무열대앞,1107,412
2014-11-01,무태교,7,667
2014-11-01,무태네거리(시내방향),14210,3897
2014-11-01,무태네거리(시외방향),3621,2551
2014-11-01,무태새마을금고건너,1279,358
2014-11-01,무태새마을금고앞,4819,239
2014-11-01,무태조야동주민센터건너1,6068,177
2014-11-01,무태조야동주민센터건너2,4919,958
2014-11-01,무태조야동주민센터앞1,1555,408
2014-11-01,무태조야동주민센터앞2,13551,1043
2014-11-01,문성병원건너,9341,3794
2014-11-01,문성병원앞,16007,4510
2014-11-01,문양기지창건너,10,251
2014-11-01,문양기지창앞,78,17
2014-11-01,문양리(서부실),2,2
2014-11-01,문양리1,131,0
2014-11-01,문양리2,1,3
2014-11-01,문양리입구1,24,28
2014-11-01,문양리입구2,1,33
2014-11-01,문양역건너,4,678
2014-11-01,문양역앞,2159,897
2014-11-01,문주마을건너,358,25
2014-11-01,문주마을앞,2,0
2014-11-01,문화예술회관건너,10075,3909
2014-11-01,문화예술회관앞,8846,3634
2014-11-01,미8군후문건너,419,153
2014-11-01,미8군후문앞,963,50
2014-11-01,미곡동1,256,250
2014-11-01,미곡동2,1961,59
2014-11-01,미대동1,1966,64
2014-11-01,미대동2,259,189
2014-11-01,미래아트빌앞,450,346
2014-11-01,미리내맨션건너,14197,470
2014-11-01,미리내맨션앞,4272,1257
2014-11-01,민들레아파트후문건너,3906,125
2014-11-01,민들레아파트후문앞,5626,74
2014-11-01,바른병원건너,189,146
2014-11-01,박곡리(시내방향),165,1
2014-11-01,박곡리(시외방향),40,4
2014-11-01,박석진교,1,15
2014-11-01,반고개(내당역4번출구),3445,2675
2014-11-01,반고개1,6413,3013
2014-11-01,반고개2,14595,4769
2014-11-01,반송4교건너,7,5
2014-11-01,반송4교앞,158,11
2014-11-01,반송리,332,3
2014-11-01,반야월모란1차아파트,3999,1777
2014-11-01,반야월시장1,6072,2465
2014-11-01,반야월시장2,8405,1152
2014-11-01,반야월역(국철)건너,4515,2394
2014-11-01,반야월역(국철)앞,6956,1377
2014-11-01,반야월역(도시철도1번출구),999,517
2014-11-01,반야월역(도시철도2번출구),7007,221
2014-11-01,반야월역(도시철도3번출구),5665,2508
2014-11-01,반야월역(도시철도4번출구)1,6578,1720
2014-11-01,반야월역(도시철도4번출구)2,1807,1284
2014-11-01,반야월저탄장건너,4752,2815
2014-11-01,반야월저탄장앞,8427,1031
2014-11-01,반월당역(1번출구)1,33268,9289
2014-11-01,반월당역(1번출구)2,4252,4708
2014-11-01,반월당역(2번출구),56310,30222
2014-11-01,반월육교,240,1276
2014-11-01,방공포병학교건너,1787,198
2014-11-01,방공포병학교앞,811,2513
2014-11-01,방짜유기박물관건너,736,28
2014-11-01,방짜유기박물관앞,27,84
2014-11-01,방천리1,161,17
2014-11-01,방천리2,651,193
2014-11-01,방천시장(김광석길)건너,14392,5615
2014-11-01,방천시장(김광석길)앞,12419,2294
2014-11-01,방촌1동,985,4
2014-11-01,방촌건널목,79,1205
2014-11-01,방촌맨션앞,4340,1370
2014-11-01,방촌빌라,133,905
2014-11-01,방촌시장건너,23495,2913
2014-11-01,방촌시장앞,14021,4805
2014-11-01,방촌역(1번출구),11836,4467
2014-11-01,방촌역(2번출구),9090,988
2014-11-01,방촌치안센터건너,1477,1147
2014-11-01,방촌치안센터앞,5108,1374
2014-11-01,백사벌네거리1,1954,54
2014-11-01,백사벌네거리2,2330,940
2014-11-01,백안교1,4,27
2014-11-01,백안교2,1141,90
2014-11-01,백안삼거리1,307,103
2014-11-01,백안삼거리2,4500,135
2014-11-01,백자맨션건너,291,751
2014-11-01,백자맨션앞,4356,1502
2014-11-01,범물1동주민센터건너,7297,1211
2014-11-01,범물1동주민센터앞,40369,1663
2014-11-01,범물2동주민센터건너,3792,558
2014-11-01,범물2동주민센터앞,18,219
2014-11-01,범물두성타운건너,320,15
2014-11-01,범물우방미진하이츠앞,4463,128
2014-11-01,범물청구맨션건너,518,2348
2014-11-01,범물청구맨션앞,37693,3064
2014-11-01,범물하이츠 건너,2896,2717
2014-11-01,범물하이츠앞,21079,188
2014-11-01,범물한라주택건너,21872,858
2014-11-01,범물한라주택앞,2870,5026
2014-11-01,범어2동1,154,1803
2014-11-01,범어2동2,833,124
2014-11-01,범어4동주민센터건너,21812,5470
2014-11-01,범어4동주민센터앞,9068,7762
2014-11-01,범어쌍용예가건너,6645,6457
2014-11-01,범어쌍용예가앞,11039,2182
2014-11-01,범어역(1번출구),16202,2544
2014-11-01,범어역(2번출구),8648,4168
2014-11-01,법원건너,15884,11604
2014-11-01,법원앞,23676,4885
2014-11-01,법원어린이집,585,1195
2014-11-01,베네딕도수녀원건너,5732,4
2014-11-01,베어산업건너,478,0
2014-11-01,베어산업앞,44,13
2014-11-01,병무청중앙신체검사소,40,40
2014-11-01,보람타운건너,127,353
2014-11-01,보람타운앞,7036,1817
2014-11-01,보병50사단건너,3181,373
2014-11-01,보병50사단앞,1349,277
2014-11-01,보성기계건너,1396,191
2014-11-01,보성기계앞,85,110
2014-11-01,보성산호타운건너,3826,548
2014-11-01,보성산호타운앞,2254,989
2014-11-01,보성서한타운앞,3703,778
2014-11-01,보성은하타운앞,2463,44
2014-11-01,보성화성타운건너,20746,2064
2014-11-01,보성화성타운앞,6831,4932
2014-11-01,보훈병원건너,3,20
2014-11-01,보훈병원앞,2768,67
2014-11-01,복음간호학원,6711,536
2014-11-01,복현네거리,5412,8087
2014-11-01,복현대백맨션건너,15171,1593
2014-11-01,복현대백맨션앞,3264,2722
2014-11-01,복현서한2차아파트,2097,2943
2014-11-01,복현성모약국앞,2147,846
2014-11-01,복현오거리1,46936,8176
2014-11-01,복현오거리2,11110,3368
2014-11-01,복현오거리3,260,178
2014-11-01,복현우방아파트,8715,1372
2014-11-01,복현우체국건너,42226,3675
2014-11-01,복현우체국앞,6503,6488
2014-11-01,복현장미맨션앞,2042,730
2014-11-01,복현푸르지오아파트건너,13575,1142
2014-11-01,복현현대맨션건너,2208,48
2014-11-01,복현현대맨션앞,787,208
2014-11-01,본동시장건너,6676,728
2014-11-01,본동시장앞,1511,1358
2014-11-01,본리1리,135,39
2014-11-01,본리1리동회관건너,461,305
2014-11-01,본리1리동회관앞,44,33
2014-11-01,본리2,1275,218
2014-11-01,본리근린공원건너,3,0
2014-11-01,본리근린공원앞,0,1
2014-11-01,본리네거리,2480,380
2014-11-01,본리네거리2,7457,1282
2014-11-01,본리네거리3,1503,1142
2014-11-01,본리도서관앞,1737,344
2014-11-01,본리롯데캐슬,1866,140
2014-11-01,본리아카시아맨션,4228,1123
2014-11-01,본리지구건너,1137,427
2014-11-01,본리지구앞,6910,1055
2014-11-01,본리초등학교건너,8299,1703
2014-11-01,본리초등학교앞,6621,1493
2014-11-01,본리치안센터건너,3047,407
2014-11-01,본리치안센터앞,3066,1367
2014-11-01,본말(종점),36,0
2014-11-01,봉덕119안전센터건너,735,50
2014-11-01,봉덕119안전센터앞,474,172
2014-11-01,봉덕2동새마을금고건너,1059,195
2014-11-01,봉덕2동새마을금고앞,774,737
2014-11-01,봉덕교회건너,12127,1744
2014-11-01,봉덕교회앞,3119,936
2014-11-01,봉덕변전소건너,2420,9
2014-11-01,봉덕변전소앞,7,64
2014-11-01,봉덕시장건너1,3150,1409
2014-11-01,봉덕시장건너2,366,256
2014-11-01,봉덕시장건너3,8064,525
2014-11-01,봉덕시장앞1,12511,918
2014-11-01,봉덕시장앞2,4122,1810
2014-11-01,봉무공원건너,7795,389
2014-11-01,봉무공원앞,2289,857
2014-11-01,봉무청구새들마을건너,15290,1525
2014-11-01,봉무청구새들마을앞,2152,642
2014-11-01,봉산가구골목(동편),2952,2922
2014-11-01,봉산가구골목(서편),1717,327
2014-11-01,봉산문화거리건너,18328,7003
2014-11-01,봉산문화거리앞,10862,3152
2014-11-01,봉산육거리,3083,327
2014-11-01,봉촌1리1,388,1
2014-11-01,봉촌1리2,6,21
2014-11-01,봉촌1리3,257,0
2014-11-01,봉촌2리,118,1
2014-11-01,봉촌낙동길입구,331,0
2014-11-01,봉촌낙동길입구건너,16,35
2014-11-01,봉촌리,300,0
2014-11-01,부곡리,3,1
2014-11-01,부곡리건너,70,127
2014-11-01,부남교앞,293,1
2014-11-01,부동,832,39
2014-11-01,부동(종점),172,1
2014-11-01,부동농협,281,3
2014-11-01,부영3단지,2307,1420
2014-11-01,부영5단지,1949,296
2014-11-01,부영7단지건너,498,3
2014-11-01,부영7단지앞,21,21
2014-11-01,부인사건너,23,13
2014-11-01,부인사앞,19,1
2014-11-01,북구구민운동장건너,6169,1000
2014-11-01,북구구민운동장앞,1763,1343
2014-11-01,북구보건소건너,3405,1445
2014-11-01,북구보건소앞,7354,287
2014-11-01,북구선거관리위원회건너,5423,479
2014-11-01,북구선거관리위원회앞,6529,2723
2014-11-01,북구어울아트센터앞,67,81
2014-11-01,북구청건너,10964,3789
2014-11-01,북구청네거리1,1493,1598
2014-11-01,북구청네거리2,2555,324
2014-11-01,북구청앞,10409,1405
2014-11-01,북구청역(3번출구),11650,3788
2014-11-01,북구청역(4번출구),4592,2222
2014-11-01,북대구세무서건너,7088,766
2014-11-01,북대구세무서앞,3511,830
2014-11-01,북대구초등학교건너,1896,56
2014-11-01,북대구초등학교앞,556,173
2014-11-01,북동초등학교건너,1162,527
2014-11-01,북동초등학교앞,3674,46
2014-11-01,북리1,2709,1154
2014-11-01,북리2,17681,249
2014-11-01,북부경찰서건너,1819,808
2014-11-01,북부상수도사업소,117,820
2014-11-01,북부정류장,73484,14319
2014-11-01,북부정류장건너,37170,12622
2014-11-01,북비산네거리1,6576,4477
2014-11-01,북비산네거리2,8412,1318
2014-11-01,북중학교앞,2708,781
2014-11-01,북침산치안센터건너,6081,1457
2014-11-01,북침산치안센터앞,5618,2456
2014-11-01,불교한방병원건너1,481,170
2014-11-01,불교한방병원건너2,1824,165
2014-11-01,불교한방병원앞1,2644,151
2014-11-01,불교한방병원앞2,2557,593
2014-11-01,불로삼거리,956,10426
2014-11-01,불로우방아파트건너,6316,2148
2014-11-01,불로우방아파트앞,7093,3929
2014-11-01,불로전통시장건너,34051,3159
2014-11-01,불로전통시장앞,12949,5471
2014-11-01,불로천주교회건너,9556,2640
2014-11-01,불로천주교회앞,17585,3537
2014-11-01,불로화훼단지건너,95,382
2014-11-01,불로화훼단지앞,513,650
2014-11-01,비산5동주민센터,25,0
2014-11-01,비산6동주민센터건너,391,698
2014-11-01,비산6동주민센터앞,293,43
2014-11-01,비산7동우체국건너,2728,3787
2014-11-01,비산7동우체국앞1,9899,3275
2014-11-01,비산7동우체국앞2,6980,2103
2014-11-01,비산웰빙하와이건너,1565,23
2014-11-01,비산웰빙하와이앞,1187,104
2014-11-01,비산지하도1,8375,4927
2014-11-01,비산지하도2,17331,3960
2014-11-01,비산초등학교건너,8875,874
2014-11-01,비산초등학교앞,12017,1430
2014-11-01,비슬산휴양림주차장,16,0
2014-11-01,비원지구대건너,4417,415
2014-11-01,비원지구대앞,408,1223
2014-11-01,비철금속협업단지앞,5355,453
2014-11-01,사복동입구교차로,255,2346
2014-11-01,사복동입구교차로건너,22,400
2014-11-01,사수초등학교건너,44,7
2014-11-01,사수초등학교앞,231,0
2014-11-01,사월동(종점),649,25
2014-11-01,사월보성2차건너,15,110
2014-11-01,사월보성2차앞,2521,83
2014-11-01,사월역(2번출구),16636,2441
2014-11-01,사월역(4번출구),15059,9027
2014-11-01,사창마을건너,2,1
2014-11-01,사창마을앞,62,1
2014-11-01,산격4동주민센터건너,619,182
2014-11-01,산격4동주민센터앞,4914,568
2014-11-01,산격거평타운건너,874,2388
2014-11-01,산격거평타운앞,1670,2295
2014-11-01,산격대우아파트앞,49265,6768
2014-11-01,산격문화회관건너,7276,618
2014-11-01,산격문화회관앞,2799,1184
2014-11-01,산격종합시장앞,49090,14786
2014-11-01,산격주공아파트건너,3462,4615
2014-11-01,산격주공아파트앞,20693,2316
2014-11-01,산격중학교건너,7305,10655
2014-11-01,산격중학교앞,8457,1411
2014-11-01,산격청구맨션앞,5266,3040
2014-11-01,산격초등학교건너,8635,464
2014-11-01,산격초등학교앞,8172,715
2014-11-01,산림조합중앙회건너,1396,1749
2014-11-01,산림조합중앙회앞,1227,527
2014-11-01,산업용재관,3712,1787
2014-11-01,삼덕교회,4659,4477
2014-11-01,삼덕동1,204,273
2014-11-01,삼덕동2,161,38
2014-11-01,삼덕성당앞,6602,862
2014-11-01,삼리1리1,9,13
2014-11-01,삼리1리2,570,243
2014-11-01,삼리리1(논공),21,12
2014-11-01,삼리리2(논공),95,82
2014-11-01,삼보,828,53
2014-11-01,삼산리(범동교),22,19
2014-11-01,삼산리(삼산교회건너),124,1
2014-11-01,삼산리(삼산교회앞),2854,258
2014-11-01,삼산리(은지가든),1,26
2014-11-01,삼산리입구건너,360,0
2014-11-01,삼산리입구앞,3,125
2014-11-01,삼산지,15,0
2014-11-01,삼성공원아파트건너,206,154
2014-11-01,삼성래미안1차건너,5804,1904
2014-11-01,삼성래미안1차앞,4664,557
2014-11-01,삼성래미안2차건너,3846,762
2014-11-01,삼성래미안2차앞,4045,1564
2014-11-01,삼성명가타운,3404,933
2014-11-01,삼성명가타운건너,761,379
2014-11-01,삼성물류센터앞,151,963
2014-11-01,삼성한국형아파트건너,1072,25
2014-11-01,삼성한국형아파트앞,954,527
2014-11-01,삼우섬유앞,371,12
2014-11-01,삼육구가든건너,199,19
2014-11-01,삼육구가든앞,50,0
2014-11-01,삼익THK건너,208,20
2014-11-01,삼익THK앞,203,37
2014-11-01,삼익뉴타운건너,6146,1770
2014-11-01,삼익뉴타운앞,9639,638
2014-11-01,삼정빌딩앞,719,169
2014-11-01,삼호아파트건너,585,161
2014-11-01,삼호아파트앞,913,1015
2014-11-01,삼환맨션,348,77
2014-11-01,상공회의소건너,3169,1360
2014-11-01,상공회의소앞,4605,769
2014-11-01,상당마을,40,0
2014-11-01,상동가압장건너,1350,100
2014-11-01,상동교1,101,76
2014-11-01,상동교2,1043,462
2014-11-01,상동네거리,3345,1392
2014-11-01,상동마을(둔산길),619,1
2014-11-01,상동시장앞,1700,431
2014-11-01,상동우체국건너,5298,1557
2014-11-01,상동우체국앞,19545,2814
2014-11-01,상동천주교회건너,305,343
2014-11-01,상동천주교회앞,1816,1874
2014-11-01,상록아파트,688,81
2014-11-01,상리공단,1445,100
2014-11-01,상리공단건너,842,451
2014-11-01,상리동입구,1276,96
2014-11-01,상리동입구1,2,96
2014-11-01,상리동입구2,3105,18
2014-11-01,상리동종점,1,25
2014-11-01,상리동종점2,1105,1
2014-11-01,상리동종점3,2236,98
2014-11-01,상리마을건너,0,6
2014-11-01,상리마을앞,37,11
2014-11-01,상리지하도1,1909,54
2014-11-01,상리지하도2,1436,42
2014-11-01,상매동(저탄장),3,5
2014-11-01,상서고등학교건너,1522,79
2014-11-01,상서고등학교앞,966,177
2014-11-01,상수도사업본부,6143,3125
2014-11-01,상수도사업본부건너,6880,12567
2014-11-01,상수도사업본부시설관리소건너,8292,1357
2014-11-01,상수도사업본부시설관리소앞,1268,907
2014-11-01,상수도중남부사업소건너,1215,597
2014-11-01,상수도중남부사업소앞,345,100
2014-11-01,상원리(마을회관),16,0
2014-11-01,상인2동주민센터건너,4416,343
2014-11-01,상인동서타운앞,16145,2645
2014-11-01,상인동화아이위시아파트건너,17881,1153
2014-11-01,상인동화아이위시아파트앞,2243,1349
2014-11-01,상인비둘기1단지아파트건너,3869,624
2014-11-01,상인비둘기1단지아파트앞,13401,738
2014-11-01,상인비둘기2단지아파트앞,12803,971
2014-11-01,상인삼미타운건너,2442,10164
2014-11-01,상인삼미타운앞,4694,405
2014-11-01,상인역e-편한세상앞,6700,16304
2014-11-01,상인우방아파트,11190,24299
2014-11-01,상인은행아파트건너,5916,1270
2014-11-01,상인은행아파트앞,6070,895
2014-11-01,상인자이앞,5410,2116
2014-11-01,상인장미아파트앞,9698,919
2014-11-01,상인제림아파트건너,2022,323
2014-11-01,상인제림아파트앞,1242,739
2014-11-01,상인청구타운건너,2605,457
2014-11-01,상인청구타운앞,1674,202
2014-11-01,상인초등학교앞,2818,2048
2014-11-01,상인한서타운앞,3293,773
2014-11-01,상인현대맨션건너,65723,3364
2014-11-01,상인현대맨션앞,19354,27760
2014-11-01,상인화성파크드림건너,811,717
2014-11-01,상인화성파크드림앞,1056,93
2014-11-01,상화네거리,188,810
2014-11-01,새길시장건너,9575,7269
2014-11-01,새길시장앞,32549,3566
2014-11-01,새동네아파트건너,67,23
2014-11-01,새동네아파트앞,371,1368
2014-11-01,새론초등학교건너,1696,35
2014-11-01,새론초등학교앞,328,61
2014-11-01,새마을건너,8,11
2014-11-01,새범어아파트건너,1032,412
2014-11-01,새범어아파트앞,1603,122
2014-11-01,새본리중학교앞,1093,324
2014-11-01,샤니삼거리1,161,0
2014-11-01,샤니삼거리2,1,1
2014-11-01,서구문화회관건너,2729,779
2014-11-01,서구문화회관앞,7147,1480
2014-11-01,서구시장건너,18042,5638
2014-11-01,서구시장앞,13076,4138
2014-11-01,서구제일사회복지관건너,1304,2315
2014-11-01,서구제일사회복지관앞,3940,443
2014-11-01,서구청건너,39970,5528
2014-11-01,서구청앞,40088,5672
2014-11-01,서남시장건너,22072,16059
2014-11-01,서남시장앞1,27113,5252
2014-11-01,서남시장앞2,12050,2473
2014-11-01,서당마을건너,673,63
2014-11-01,서당마을앞,27,26
2014-11-01,서대구고속버스터미널,232,1933
2014-11-01,서대구공단네거리1,813,35
2014-11-01,서대구공단네거리2,257,66
2014-11-01,서대구공단네거리3,1736,271
2014-11-01,서대구공단네거리4,3708,1789
2014-11-01,서대구세무서,10792,19955
2014-11-01,서대구시장건너,10214,4844
2014-11-01,서대구시장앞,12084,4117
2014-11-01,서대구초등학교입구,18351,7040
2014-11-01,서대명지구대건너,5644,1245
2014-11-01,서대명지구대앞,1933,748
2014-11-01,서도초등학교건너,2182,1401
2014-11-01,서도초등학교서편2,48,150
2014-11-01,서도초등학교앞,7856,582
2014-11-01,서문시장,59510,8824
2014-11-01,서문시장5지구앞,1302,812
2014-11-01,서변동영남네오빌건너,3666,229
2014-11-01,서변동영남네오빌앞,3765,336
2014-11-01,서부고등학교건너,1774,422
2014-11-01,서부고등학교앞,2884,113
2014-11-01,서부공업고등학교건너,8476,10127
2014-11-01,서부공업고등학교앞,24772,1259
2014-11-01,서부소방서,0,33
2014-11-01,서부시장건너,21993,9760
2014-11-01,서부시장앞,19530,4326
2014-11-01,서부정류장(관문시장건너),77567,14335
2014-11-01,서부정류장(관문시장앞),30548,8166
2014-11-01,서부정류장1,64759,8651
2014-11-01,서부정류장2,5310,1573
2014-11-01,서부정류장3(성당못역1번출구),19416,27865
2014-11-01,서부정류장4(성당못역1번출구),2181,999
2014-11-01,서부중학교앞,7163,4866
2014-11-01,서영기공건너,226,0
2014-11-01,서영기공앞,0,35
2014-11-01,서재금봉타운,220,840
2014-11-01,서재금봉타운건너,22521,107
2014-11-01,서재들,22,8
2014-11-01,서재들건너,15,18
2014-11-01,서재보성타운건너,16861,146
2014-11-01,서재보성타운앞,154,182
2014-11-01,서진중학교건너,505,425
2014-11-01,서평초등학교,2585,1272
2014-11-01,서평초등학교건너,2428,380
2014-11-01,선녀곡건너(옥포),161,76
2014-11-01,선녀곡앞(옥포),37,288
2014-11-01,설티고개(달성공단방면),3,20
2014-11-01,설티고개(옥포방면),61,0
2014-11-01,설화동(종점),200,19
2014-11-01,설화리(시내방향),12308,922
2014-11-01,설화리(시외방향),658,698
2014-11-01,설화명곡역(4번출구),0,91
2014-11-01,섬뜸마을,444,0
2014-11-01,섬유회관건너1,46973,13908
2014-11-01,섬유회관건너2,8112,2641
2014-11-01,섬유회관앞,55220,17836
2014-11-01,성곡중학교건너,1397,495
2014-11-01,성곡중학교앞,1338,70
2014-11-01,성광고등학교건너,9744,2914
2014-11-01,성광고등학교앞,231,618
2014-11-01,성남초등학교건너,1002,1529
2014-11-01,성남초등학교앞,4308,268
2014-11-01,성내3동주민센터입구,1042,1476
2014-11-01,성당두산위브앞,20719,1423
2014-11-01,성당래미안·e-편한세상앞,8754,2548
2014-11-01,성당못역북편1,641,770
2014-11-01,성당못역북편2,1701,178
2014-11-01,성당보성아파트건너,24513,5557
2014-11-01,성당보성아파트앞,10434,3340
2014-11-01,성당시장건너,25118,4403
2014-11-01,성당시장앞1,4773,471
2014-11-01,성당시장앞2,28766,2752
2014-11-01,성당초교앞,804,334
2014-11-01,성당코오롱하늘채,7479,1243
2014-11-01,성당코오롱하늘채2,11036,5288
2014-11-01,성당포스코더샵건너,4717,1290
2014-11-01,성당포스코더샵앞,11638,872
2014-11-01,성동건너,153,324
2014-11-01,성동마을건너,79,63
2014-11-01,성동마을앞,332,2
2014-11-01,성동앞,82,67
2014-11-01,성동초등학교건너,8943,1880
2014-11-01,성동초등학교앞,14878,1279
2014-11-01,성동탱자나무마을건너,19,18
2014-11-01,성동탱자나무마을앞,50,35
2014-11-01,성림첨단산업건너,70,5
2014-11-01,성림첨단산업앞,216,0
2014-11-01,성명119안전센터건너1,2687,1467
2014-11-01,성명119안전센터건너2,200,228
2014-11-01,성명119안전센터앞,1769,313
2014-11-01,성명여자중학교,380,233
2014-11-01,성모여성병원건너,26656,3505
2014-11-01,성모여성병원앞,26787,14899
2014-11-01,성보교통,995,50
2014-11-01,성북교1,9172,1632
2014-11-01,성북교2,6625,3033
2014-11-01,성북시장건너,2326,675
2014-11-01,성북시장앞,8342,2309
2014-11-01,성불사건너,78,0
2014-11-01,성불사앞,7,1
2014-11-01,성산3동,11,15
2014-11-01,성산리1,30,37
2014-11-01,성산리2,557,81
2014-11-01,성산중학교앞,1638,180
2014-11-01,성산초등학교앞,494,77
2014-11-01,성서119안전센터건너,48,2857
2014-11-01,성서119안전센터앞,13703,117
2014-11-01,성서4차산업단지앞1,83,12
2014-11-01,성서4차산업단지앞2,436,74
2014-11-01,성서공단물류센터,558,8
2014-11-01,성서농협남부지소,9628,2858
2014-11-01,성서동서서한타운건너,3729,424
2014-11-01,성서동서서한타운앞,4947,306
2014-11-01,성서보성타운2차건너1,867,605
2014-11-01,성서보성타운2차건너2,1227,104
2014-11-01,성서보성타운2차앞,8027,1529
2014-11-01,성서산업단지역(1번출구),5329,2796
2014-11-01,성서산업단지역(2번출구),9804,1167
2014-11-01,성서서한2차타운1,7655,294
2014-11-01,성서서한2차타운2,275,665
2014-11-01,성서우방2차아파트,1385,316
2014-11-01,성서우방타운건너,16425,2688
2014-11-01,성서우방타운앞,11218,2140
2014-11-01,성서우체국건너,1311,316
2014-11-01,성서우체국앞,378,1109
2014-11-01,성서종합시장건너,17362,6077
2014-11-01,성서종합시장앞,44992,4837
2014-11-01,성서주공1단지건너,8498,867
2014-11-01,성서주공1단지앞,1831,1360
2014-11-01,성서주공2단지건너,11964,5008
2014-11-01,성서주공2단지앞,28644,1833
2014-11-01,성서주공5단지앞,398,203
2014-11-01,성서청구타운건너,7555,1312
2014-11-01,성서청구타운앞,5559,398
2014-11-01,성서초등학교건너,4123,981
2014-11-01,성서초등학교앞,46,394
2014-11-01,성서푸른마을아파트건너,8558,799
2014-11-01,성서푸른마을아파트앞,1842,952
2014-11-01,성서한샘타운앞,1785,89
2014-11-01,성서협업단지건너,148,0
2014-11-01,성서협업단지앞,18,21
2014-11-01,성요셉요양병원건너,152,446
2014-11-01,성요셉요양병원앞,1735,105
2014-11-01,성원아파트건너,1248,163
2014-11-01,성원아파트앞,6195,346
2014-11-01,성주사건너,151,31
2014-11-01,성주사앞,8,121
2014-11-01,성지중학교건너,4511,974
2014-11-01,성지중학교앞,6087,4243
2014-11-01,성하리,8,511
2014-11-01,성화여고건너,9505,554
2014-11-01,성화여고앞,4787,3215
2014-11-01,세강병원앞,5616,18333
2014-11-01,세원정공건너,10413,368
2014-11-01,세원정공앞,1605,3071
2014-11-01,세천고개1,331,7
2014-11-01,세천고개2,245,36
2014-11-01,세천리2,308,8
2014-11-01,세천리3,640,16
2014-11-01,세하건너,2,16
2014-11-01,세하앞,0,6
2014-11-01,세흥인쇄,587,149
2014-11-01,소선여중건너,3090,3417
2014-11-01,소선여중앞,100,338
2014-11-01,솔렌스힐건너,4713,748
2014-11-01,솔렌스힐앞,1634,300
2014-11-01,솔밭기세길건너,0,33
2014-11-01,솔밭기세길입구,223,0
2014-11-01,솔비식당입구,4,1
2014-11-01,솔비식당입구맞은편,556,34
2014-11-01,송원맨션건너,9817,820
2014-11-01,송원맨션앞,2986,927
2014-11-01,송정1동,4,3
2014-11-01,송정동1,46,9
2014-11-01,송정동2,35,0
2014-11-01,송정동3,23,8
2014-11-01,송정동4,33,57
2014-11-01,송정마을1,4,17
2014-11-01,송정마을2,94,0
2014-11-01,송정삼거리1,340,194
2014-11-01,송정삼거리2,147,415
2014-11-01,송정삼거리3,4041,957
2014-11-01,송정삼거리4,7057,742
2014-11-01,송해공원,8,0
2014-11-01,송현1동치안센터건너,6310,1251
2014-11-01,송현2동주민센터건너,776,160
2014-11-01,송현공원건너,424,140
2014-11-01,송현공원앞,694,1857
2014-11-01,송현교,1073,100
2014-11-01,송현교2,147,33
2014-11-01,송현여중고교건너,3239,604
2014-11-01,송현여중고교앞,3995,3645
2014-11-01,송현역(1번출구),9710,1674
2014-11-01,송현역(2번출구),14381,2522
2014-11-01,송현역(3번출구),14481,11254
2014-11-01,송현역(4번출구),5903,3110
2014-11-01,송현제림타운건너,4395,7754
2014-11-01,송현제림타운앞,2887,491
2014-11-01,송현초등학교건너,2790,757
2014-11-01,송현초등학교앞,8125,273
2014-11-01,수리리,71,20
2014-11-01,수성4가동주민센터앞,565,123
2014-11-01,수성경찰서건너,21880,5868
2014-11-01,수성경찰서앞,14051,8724
2014-11-01,수성고등학교건너,4186,861
2014-11-01,수성고등학교앞,2976,391
2014-11-01,수성관광호텔건너,2300,311
2014-11-01,수성관광호텔앞,2111,301
2014-11-01,수성교1,6789,4202
2014-11-01,수성교2,5917,2930
2014-11-01,수성구민운동장건너,7235,1653
2014-11-01,수성구민운동장앞,5420,9905
2014-11-01,수성구보건소건너,21919,1777
2014-11-01,수성구보건소앞,8557,3150
2014-11-01,수성구청건너,22488,9070
2014-11-01,수성구청앞,22807,6294
2014-11-01,수성네거리1,12863,5299
2014-11-01,수성네거리2,11620,2275
2014-11-01,수성대학교건너,33880,7224
2014-11-01,수성대학교앞,15608,13217
2014-11-01,수성도서관건너,11789,1909
2014-11-01,수성도서관앞,6075,2442
2014-11-01,수성동삼익맨션앞,29,0
2014-11-01,수성동일하이빌앞,818,94
2014-11-01,수성랜드1,3128,167
2014-11-01,수성랜드2,864,2730
2014-11-01,수성랜드건너,1336,537
2014-11-01,수성랜드건너2,490,579
2014-11-01,수성랜드앞,938,1516
2014-11-01,수성롯데캐슬건너,10335,1547
2014-11-01,수성롯데캐슬앞,15345,4266
2014-11-01,수성못건너,849,310
2014-11-01,수성못앞,999,593
2014-11-01,수성못오거리1,11289,2144
2014-11-01,수성못오거리2,11075,2495
2014-11-01,수성못오거리5,590,322
2014-11-01,수성못코오롱하늘채,4024,3007
2014-11-01,수성소방서1,254,1221
2014-11-01,수성소방서2,148,1379
2014-11-01,수성시니어클럽건너,1884,2071
2014-11-01,수성시니어클럽앞,5677,1099
2014-11-01,수성시장건너,2571,884
2014-11-01,수성시장네거리1,10902,1692
2014-11-01,수성시장네거리2,11523,5347
2014-11-01,수성시장앞,2143,786
2014-11-01,수성아트피아건너,6096,2631
2014-11-01,수성아트피아앞,4027,1998
2014-11-01,수성요양병원,353,72
2014-11-01,수성월드메르디앙건너,582,116
2014-11-01,수성월드메르디앙앞,905,51
2014-11-01,수성초등학교,5922,1972
2014-11-01,수성태영데시앙건너,1320,666
2014-11-01,수성태영데시앙앞,3573,387
2014-11-01,수성하이츠,2385,121
2014-11-01,수정맨션앞,1603,124
2014-11-01,수창초등학교,638,3313
2014-11-01,수태골건너,1,0
2014-11-01,수태골앞,66,1
2014-11-01,스파밸리1,50,237
2014-11-01,스파밸리2,6353,34
2014-11-01,시립희망원,785,366
2014-11-01,시민교회건너,855,90
2014-11-01,시민교회앞,546,436
2014-11-01,시민운동장(야구장건너),2156,392
2014-11-01,시민운동장(야구장앞),1978,467
2014-11-01,시민운동장(축구장건너),3169,3133
2014-11-01,시민운동장(축구장앞),3329,551
2014-11-01,시지(종점),1783,319
2014-11-01,시지대성유니드건너,611,36
2014-11-01,시지대성유니드앞,1570,1357
2014-11-01,시지보성아파트앞,22317,7832
2014-11-01,시지중학교,16589,844
2014-11-01,시지천마타운앞,3179,1232
2014-11-01,시청별관건너1,7460,2285
2014-11-01,시청별관건너2,5187,936
2014-11-01,시청별관앞(구.경북도청),4885,3573
2014-11-01,신기리1,43,39
2014-11-01,신기리2,164,63
2014-11-01,신기역(화성타운건너),8830,1312
2014-11-01,신기역(화성타운앞),11462,1232
2014-11-01,신남역(1번출구),3829,877
2014-11-01,신당동주민센터건너,1305,752
2014-11-01,신당동주민센터앞,8583,502
2014-11-01,신당리,910,7
2014-11-01,신덕마을입구,197,63
2014-11-01,신도운수건너,899,134
2014-11-01,신도운수앞,777,88
2014-11-01,신매광장건너,36736,7066
2014-11-01,신매광장앞,39521,6936
2014-11-01,신매시장,4196,9692
2014-11-01,신매초등학교건너,7559,1483
2014-11-01,신매초등학교앞,6974,1843
2014-11-01,신매태성아파트,84,440
2014-11-01,신매태성아파트건너,5902,1903
2014-11-01,신무동1,552,1
2014-11-01,신무동2,1,7
2014-11-01,신생원앞,5,0
2014-11-01,신서롯데캐슬레전드서편건너,17,327
2014-11-01,신서롯데캐슬레전드서편앞,214,73
2014-11-01,신서성당건너,3138,359
2014-11-01,신서성당앞,2,175
2014-11-01,신성에스앤티건너,509,45
2014-11-01,신성에스앤티앞,182,2
2014-11-01,신성중공업건너,2,49
2014-11-01,신성중공업앞,352,0
2014-11-01,신성초등학교건너,6595,8012
2014-11-01,신성초등학교앞,5968,1142
2014-11-01,신세계병원건너,19592,11519
2014-11-01,신세계병원앞,9248,8445
2014-11-01,신세계주유소건너,6280,240
2014-11-01,신세계주유소앞,799,925
2014-11-01,신세월입구,45,0
2014-11-01,신신정비공장1,8722,4478
2014-11-01,신신정비공장2,24813,19664
2014-11-01,신암건영캐스빌건너,3278,501
2014-11-01,신암건영캐스빌앞,1436,58
2014-11-01,신암보성아파트건너,1196,508
2014-11-01,신암보성아파트앞,919,973
2014-11-01,신암초등학교건너,4627,2001
2014-11-01,신천3동행정복지센터건너,3182,433
2014-11-01,신천3동행정복지센터앞,1638,1712
2014-11-01,신천3치안센터건너,3328,1089
2014-11-01,신천3치안센터앞,4687,2733
2014-11-01,신천LH아파트건너,7420,1737
2014-11-01,신천LH아파트앞,11648,4118
2014-11-01,신천교1,1765,687
2014-11-01,신천교2,1347,230
2014-11-01,신천시장건너,2544,484
2014-11-01,신천시장앞,3408,1013
2014-11-01,신천역(2번출구),3230,1774
2014-11-01,신천역(3번출구),1988,620
2014-11-01,신천역(4번출구),5867,2134
2014-11-01,신천역(5번출구),8704,1569
2014-11-01,신천초등학교건너,490,46
2014-11-01,신천초등학교앞,308,82
2014-11-01,신평동1,344,1228
2014-11-01,신평동2,1956,116
2014-11-01,신평리네거리1,19014,8164
2014-11-01,신평리네거리2,24276,7690
2014-11-01,신평리주유소건너,1450,223
2014-11-01,신평리주유소앞,465,239
2014-11-01,신흥버스,14551,2526
2014-11-01,실내체육관건너,3477,616
2014-11-01,실내체육관앞,3631,1232
2014-11-01,심신수련장입구건너,1253,199
2014-11-01,심신수련장입구앞,697,164
2014-11-01,심인고등학교건너,20206,2685
2014-11-01,심인고등학교앞,11209,1942
2014-11-01,쌍용머티리얼,1217,65
2014-11-01,아너스월성앞,3105,412
2014-11-01,아멕스,434,8
2014-11-01,아멕스건너,800,17
2014-11-01,아양교1,2910,889
2014-11-01,아양교2,10759,11603
2014-11-01,아양교3,1012,19361
2014-11-01,아양교4,4349,780
2014-11-01,아양교역(1번출구),64030,59510
2014-11-01,아양교역(2번출구),69983,7304
2014-11-01,아양아트센터건너,3606,253
2014-11-01,아양아트센터앞,1382,222
2014-11-01,아주섬유건너,14,39
2014-11-01,아주섬유앞,124,1
2014-11-01,아주철강건너,100,21
2014-11-01,아주철강앞,108,8
2014-11-01,안심교(경산방향),81,43
2014-11-01,안심교(반야월방향),495,5205
2014-11-01,안심신우타운앞,1720,3185
2014-11-01,안심역(1번출구),630,24
2014-11-01,안심역(4번출구),42937,281
2014-11-01,안심역(5번출구),4895,38166
2014-11-01,안심주공1단지건너,10937,1305
2014-11-01,안심주공1단지앞,5874,652
2014-11-01,안심주공2단지앞,444,1108
2014-11-01,안심중학교건너,1151,1810
2014-11-01,안심중학교앞,1888,1000
2014-11-01,안심효성타운건너,10003,1692
2014-11-01,안심효성타운앞,20165,1796
2014-11-01,안지랑네거리1,21011,7140
2014-11-01,안지랑네거리2,24066,7029
2014-11-01,앞산공원,9843,2789
2014-11-01,앞산공원관리사무소건너,330,52
2014-11-01,앞산공원관리사무소앞,3,1193
2014-11-01,앞산궁도장건너,743,130
2014-11-01,앞산궁도장앞,321,34
2014-11-01,앞산별자리체험학습장1,3575,32
2014-11-01,앞산별자리체험학습장2,94,593
2014-11-01,앞산보성타운건너,86,56
2014-11-01,앞산보성타운앞,2393,5
2014-11-01,앞산빨래터공원,702,99
2014-11-01,앞산빨래터공원1,849,48
2014-11-01,앞산자락카페마실건너,53,125
2014-11-01,앞산자락카페마실앞,1150,406
2014-11-01,앞산청구제네스건너,5434,1881
2014-11-01,앞산청구제네스앞,12105,1683
2014-11-01,앞산힐스테이트건너,2619,461
2014-11-01,앞산힐스테이트앞,961,280
2014-11-01,약령시건너(동성로입구),172129,27779
2014-11-01,약령시앞,123209,56443
2014-11-01,약령시입구,2923,1658
2014-11-01,약사회관건너,318,53
2014-11-01,약사회관앞,467,62
2014-11-01,약산온천입구,1071,130
2014-11-01,양지마을건너,164,275
2014-11-01,양지마을앞,3550,47
2014-11-01,어린이회관건너1,2273,4007
2014-11-01,어린이회관건너2,46,407
2014-11-01,어린이회관앞,5500,2844
2014-11-01,에이스이노텍건너,113,12
2014-11-01,에이스이노텍앞,416,181
2014-11-01,엑스코건너,4488,1317
2014-11-01,엑스코앞,14642,470
2014-11-01,엘디스리젠트호텔건너,5660,4158
2014-11-01,엘디스리젠트호텔앞,3774,5259
2014-11-01,여성메디파크,653,482
2014-11-01,역전시장건너,4413,990
2014-11-01,역전시장앞,4553,831
2014-11-01,연경1,43,19
2014-11-01,연경2,259,3
2014-11-01,연암네거리1,16079,2859
2014-11-01,연암네거리2,3448,463
2014-11-01,연암네거리3,157,1893
2014-11-01,연젓마을건너,5,2
2014-11-01,연호동,2,15
2014-11-01,연호동(종점),38,0
2014-11-01,연호동화훼단지1,3456,2523
2014-11-01,연호동화훼단지2,11393,652
2014-11-01,연호역(3번출구),90,6
2014-11-01,연호역(3번출구)건너,1,32
2014-11-01,연호지,277,357
2014-11-01,연호지건너,231,4611
2014-11-01,연화리1,0,6
2014-11-01,연화리2,5,121
2014-11-01,열병합발전소건너,4,0
2014-11-01,열병합발전소앞,1,1
2014-11-01,영남고등학교건너,15901,15130
2014-11-01,영남고등학교앞,32690,2976
2014-11-01,영남네오빌건너,893,38
2014-11-01,영남네오빌비스타,1098,258
2014-11-01,영남네오빌앞,201,412
2014-11-01,영남농업연구소콩연구,3,4
2014-11-01,영남우방타운1차건너,3741,357
2014-11-01,영남우방타운1차앞,5231,220
2014-11-01,영남이공대학건너,13084,2893
2014-11-01,영남이공대학앞,24571,1027
2014-11-01,영남일보건너,2800,437
2014-11-01,영남종합전기,369,93
2014-11-01,영대병원역,34950,2994
2014-11-01,영대병원역(3번출구),30205,12791
2014-11-01,영일무역건너,375,7
2014-11-01,영일무역앞,136,52
2014-11-01,영조아파트건너,1,21
2014-11-01,영조아파트앞,1860,3
2014-11-01,영진고등학교건너,19137,2241
2014-11-01,영진고등학교앞,38555,14976
2014-11-01,영진교통(종점),106,2
2014-11-01,영진산업,289,3
2014-11-01,영진전문대학정문건너,9499,1643
2014-11-01,영진전문대학정문앞,16696,3227
2014-11-01,영진전문대학후문건너,25037,4576
2014-11-01,영진전문대학후문앞,34349,11394
2014-11-01,영화,645,81
2014-11-01,예현2리마을회관,311,6
2014-11-01,오뚜기물류센터,138,4
2014-11-01,오성아파트,145,4994
2014-11-01,오페라삼정그린코아APT,13177,2349
2014-11-01,오페라하우스건너,1053,274
2014-11-01,오페라하우스앞,1031,382
2014-11-01,옥분리(구진터),132,1
2014-11-01,옥분리1,23,20
2014-11-01,옥분리마을회관앞,169,2
2014-11-01,옥산정미소,258,4
2014-11-01,옥연지,0,4
2014-11-01,옥연지건너,11,42
2014-11-01,옥포간경리1,1368,652
2014-11-01,옥포간경리2,7205,398
2014-11-01,옥포농협,247,17
2014-11-01,옥포농협강림지소건너,800,394
2014-11-01,옥포농협강림지소앞,5066,81
2014-11-01,옥포농협건너,4272,98
2014-11-01,옥포농협앞,807,185
2014-11-01,옥포무지개마을,3429,118
2014-11-01,옥포주유소앞,182,91
2014-11-01,옥포중앙교회앞,85,42
2014-11-01,옥포초등학교건너,776,500
2014-11-01,옥포초등학교앞,3919,515
2014-11-01,온누리교회,53,8
2014-11-01,올림픽기념관건너,7415,3352
2014-11-01,올림픽기념관앞,12652,1946
2014-11-01,와룡공원건너,336,653
2014-11-01,와룡공원앞,876,137
2014-11-01,와룡시장,5823,266
2014-11-01,와룡시장건너,1908,426
2014-11-01,용계동1,27,29
2014-11-01,용계동2,446,496
2014-11-01,용계동3,1913,79
2014-11-01,용계동4,254,103
2014-11-01,용계삼거리1,8693,7878
2014-11-01,용계삼거리2,2263,1253
2014-11-01,용계삼거리3,531,490
2014-11-01,용계삼거리4,390,118
2014-11-01,용계역(1번출구),16296,2900
2014-11-01,용계역(2번출구),6215,956
2014-11-01,용금공단앞,9,3
2014-11-01,용산1동주민센터건너,6924,2923
2014-11-01,용산1동주민센터앞,3788,1203
2014-11-01,용산2동주민센터건너,4200,1894
2014-11-01,용산2동주민센터앞,29798,2091
2014-11-01,용산네거리1,21343,4042
2014-11-01,용산네거리2,50731,12951
2014-11-01,용산역,1436,89
2014-11-01,용산역(1번출구),813,225
2014-11-01,용산역(2번출구),35338,5191
2014-11-01,용산종합큰시장건너,11974,705
2014-11-01,용산종합큰시장앞,5812,1425
2014-11-01,용수동1,2,10
2014-11-01,용수동2,121,0
2014-11-01,용연사,155,0
2014-11-01,용연사시설집단지구건너,80,0
2014-11-01,용연사시설집단지구앞,12,8
2014-11-01,우록리,2,0
2014-11-01,우록리(부곡장식당),0,9
2014-11-01,우록리(선흥사입구),7,19
2014-11-01,우록리(종점),12315,5487
2014-11-01,우방강촌마을건너,27608,1064
2014-11-01,우방강촌마을앞,10959,1898
2014-11-01,우방금탑아파트(서편),2344,5545
2014-11-01,우방드림시티건너,2308,3919
2014-11-01,우방드림시티앞,6546,1158
2014-11-01,우방만촌하이츠건너,4054,1998
2014-11-01,우방만촌하이츠앞,4133,3286
2014-11-01,우방송현하이츠,660,150
2014-11-01,우방송현하이츠건너,205,26
2014-11-01,우방신세계타운앞,18,1
2014-11-01,우방신천지타운건너,2982,461
2014-11-01,우방신천지타운앞,10498,2401
2014-11-01,우방아파트삼거리,223,221
2014-11-01,우방죽전타운건너,8850,3546
2014-11-01,우방죽전타운앞1,6352,766
2014-11-01,우방죽전타운앞2,1796,242
2014-11-01,우방청솔맨션건너,10359,1943
2014-11-01,우방청솔맨션앞,13946,15518
2014-11-01,욱수초등학교건너,4922,2105
2014-11-01,욱수초등학교앞,31936,927
2014-11-01,운암지공원1,395,2
2014-11-01,운암지공원2,11,225
2014-11-01,운암초등학교건너,10069,691
2014-11-01,운암초등학교앞,9204,54
2014-11-01,웃갈미마을건너,165,3
2014-11-01,웃갈미마을앞,5,25
2014-11-01,웃는얼굴아트센터1,639,10
2014-11-01,웃는얼굴아트센터2,889,91
2014-11-01,원대네거리,713,106
2014-11-01,원대시장건너,18165,2337
2014-11-01,원대시장건너2,1256,471
2014-11-01,원대시장앞,12666,5390
2014-11-01,원대역1,12349,19379
2014-11-01,원대역2,16610,2638
2014-11-01,원대오거리북편1,2343,1969
2014-11-01,원대오거리북편2,619,248
2014-11-01,원불교앞,637,547
2014-11-01,월곡네거리,170,494
2014-11-01,월광수변공원,2561,169
2014-11-01,월드컵삼거리,565,153
2014-11-01,월드컵삼거리앞,387,849
2014-11-01,월배농협대덕지점건너,2933,414
2014-11-01,월배시장건너,13114,4476
2014-11-01,월배시장앞,13594,1520
2014-11-01,월배쌍용예가건너,1303,5
2014-11-01,월배쌍용예가앞,3,42
2014-11-01,월배역(3번출구),8840,7551
2014-11-01,월배역(4번출구),9231,2531
2014-11-01,월배이안아파트건너,64,0
2014-11-01,월배이안아파트앞,27,17
2014-11-01,월배중학교건너,1360,1357
2014-11-01,월배중학교앞,752,557
2014-11-01,월배차량기지건너,1,30
2014-11-01,월배차량기지앞,232,7
2014-11-01,월배초등학교건너,7780,2816
2014-11-01,월배힐스테이트건너,1463,23
2014-11-01,월배힐스테이트앞,7,84
2014-11-01,월성1동주민센터건너,6633,1426
2014-11-01,월성1동주민센터앞,3943,179
2014-11-01,월성2동주민센터건너,13429,1628
2014-11-01,월성2동주민센터앞,26885,2360
2014-11-01,월성e-편한세상건너,15442,2362
2014-11-01,월성e-편한세상앞,727,2165
2014-11-01,월성영남맨션앞,572,293
2014-11-01,월성자이앞,113,314
2014-11-01,월성주공2단지앞,10449,1365
2014-11-01,월성주공3단지,1466,729
2014-11-01,월성주공4단지건너,32673,3688
2014-11-01,월성주공4단지앞1,2388,192
2014-11-01,월성주공4단지앞2,17595,2910
2014-11-01,월성주공5단지앞,6688,4680
2014-11-01,월성청구코아건너,20663,1684
2014-11-01,월성청구코아앞,15714,4238
2014-11-01,월성코오롱하늘채건너,396,79
2014-11-01,월성코오롱하늘채앞,3344,242
2014-11-01,월성푸르지오앞,17020,2877
2014-11-01,월암교1,757,11
2014-11-01,월암교2,286,41
2014-11-01,월촌고가교1,310,326
2014-11-01,월촌고가교2,1816,139
2014-11-01,월촌역(6번출구),17115,1608
2014-11-01,월촌역(7번출구),7531,3418
2014-11-01,월촌초등학교건너,990,176
2014-11-01,월촌초등학교앞,1318,826
2014-11-01,위남마을입구,3648,560
2014-11-01,위천1리건너,362,29
2014-11-01,위천1리앞,1271,54
2014-11-01,위천삼거리(논공방향),304,42
2014-11-01,위천삼거리(현풍방향),222,130
2014-11-01,유가면사무소건너,9,13
2014-11-01,유가면사무소앞,10,0
2014-11-01,유가사(종점),107,2
2014-11-01,유가차천,1613,82
2014-11-01,유가차천1,316,327
2014-11-01,유곡리(회차지),28,3
2014-11-01,유니버시아드레포츠센터건너,3021,975
2014-11-01,유니버시아드레포츠센터앞,1236,624
2014-11-01,유니버시아드선수촌2단지건너,11740,4004
2014-11-01,유니버시아드선수촌2단지앞,2817,583
2014-11-01,유림물산,1335,207
2014-11-01,유림한의원건너,683,207
2014-11-01,유산리,147,1
2014-11-01,유신섬유네거리1,680,84
2014-11-01,유신섬유네거리2,2817,45
2014-11-01,유천교(유천치안센터건너),10295,5274
2014-11-01,유천교(유천치안센터앞),18694,11405
2014-11-01,유천교1,11235,421
2014-11-01,유천교2,641,3437
2014-11-01,유천포스코건너,2706,116
2014-11-01,유천포스코앞,3395,5602
2014-11-01,유통단지회차지,460,131
2014-11-01,유통단지회차지2,2409,15
2014-11-01,육상진흥센터건너,214,67
2014-11-01,육상진흥센터앞,251,200
2014-11-01,육신사,123,6
2014-11-01,율원초등학교건너,2,1275
2014-11-01,율원초등학교앞,3053,124
2014-11-01,율하역,784,2797
2014-11-01,율하역(4번출구),10334,1828
2014-11-01,율하역(5번출구),8526,793
2014-11-01,율하휴먼시아15단지앞,8317,3997
2014-11-01,율하휴먼시아5단지건너,135,184
2014-11-01,율하휴먼시아5단지앞,1933,550
2014-11-01,율하휴먼시아6단지건너,1070,566
2014-11-01,율하휴먼시아6단지앞,10089,676
2014-11-01,율하휴먼시아8단지앞,7966,247
2014-11-01,율하휴먼시아9단지앞,1475,451
2014-11-01,은하타운건너,671,917
2014-11-01,은하타운앞,1024,1657
2014-11-01,은행APT입구,349,293
2014-11-01,읍내동주민센터건너,5026,1574
2014-11-01,읍내동주민센터앞,287,60
2014-11-01,응암1리1,120,20
2014-11-01,응암1리2,16,0
2014-11-01,응암2리,30,0
2014-11-01,응암2리건너,11,95
2014-11-01,응암2리앞,1,47
2014-11-01,응암3리2,2,0
2014-11-01,이곡1동주민센터건너,7416,578
2014-11-01,이곡1동주민센터앞,3293,2448
2014-11-01,이곡마을,211,11
2014-11-01,이곡양수장건너,28,48
2014-11-01,이곡양수장앞,84,558
2014-11-01,이곡장미공원건너,3897,631
2014-11-01,이곡장미공원앞,3283,623
2014-11-01,이노밸리로1,54,47
2014-11-01,이노밸리로2,24,45
2014-11-01,이마트경산점,7048,2803
2014-11-01,이마트반야월점건너,1094,194
2014-11-01,이마트반야월점앞,2586,718
2014-11-01,이마트시지점건너,3483,1243
2014-11-01,이마트시지점앞,353,411
2014-11-01,이마트월배점건너,304,2295
2014-11-01,이마트월배점앞,7036,793
2014-11-01,이마트칠성점앞,2148,1095
2014-11-01,이마트트레이더스건너,15015,2737
2014-11-01,이마트트레이더스앞,15149,3832
2014-11-01,이시아폴리스더샵1단지,35740,1217
2014-11-01,이시아폴리스더샵2단지,3343,751
2014-11-01,이월드(구.우방랜드)건너,1108,116
2014-11-01,이월드(구.우방랜드)앞,363,120
2014-11-01,이월드(구.우방랜드)정문,4455,5726
2014-11-01,이월드(구.우방랜드)후문건너,2384,1205
2014-11-01,이월드(구.우방랜드)후문앞,1715,278
2014-11-01,이천동,7,10
2014-11-01,이천동(종점),51,3
2014-11-01,이천리(시내방향),147,2
2014-11-01,이천리(시외방향),162,0
2014-11-01,이천새마을금고건너,8040,538
2014-11-01,이천치안센터건너,1622,2229
2014-11-01,이현고개삼거리,1,3
2014-11-01,이현삼거리1,43,105
2014-11-01,이현삼거리2,802,86
2014-11-01,이현삼거리3,2336,917
2014-11-01,이현자동차검사소건너,1668,286
2014-11-01,이현자동차검사소앞,800,85
2014-11-01,이현지구대건너,635,377
2014-11-01,이현지구대앞,360,145
2014-11-01,인동촌시장건너,2860,1756
2014-11-01,인동촌시장입구,10670,523
2014-11-01,인산마을건너,778,1
2014-11-01,인산마을앞,9,3
2014-11-01,인지초등학교입구,3,0
2014-11-01,인터불고호텔,647,49
2014-11-01,일심제약,113,36
2014-11-01,입석중학교건너,8421,2580
2014-11-01,입석중학교앞,3965,1570
2014-11-01,잉꼬아파트건너,674,113
2014-11-01,잉꼬아파트앞,1252,1053
2014-11-01,자모공원,26,7
2014-11-01,장관빌라건너,1384,114
2014-11-01,장관빌라앞,903,94
2014-11-01,장기영남네오빌,59,21
2014-11-01,장기초등학교,1152,323
2014-11-01,장기초등학교1,11,37
2014-11-01,장기초등학교2,18,2
2014-11-01,장기초록나라건너,2759,3310
2014-11-01,장기초록나라앞,5396,294
2014-11-01,장기파랑새마을앞,38,53
2014-11-01,장동초등학교건너,3109,43
2014-11-01,장동초등학교앞,130,564
2014-11-01,장산초등학교건너,334,44
2014-11-01,장산초등학교앞,873,110
2014-11-01,장성초등학교건너,923,7055
2014-11-01,장성초등학교앞,450,1689
2014-11-01,장태실마을건너,418,1031
2014-11-01,장태실마을앞,30,59
2014-11-01,적십자혈액원건너,2901,615
2014-11-01,적십자혈액원앞,2279,783
2014-11-01,전기안전공사건너,1324,1267
2014-11-01,전기안전공사앞,2452,264
2014-11-01,전기재료관1,419,429
2014-11-01,전기재료관2,93,211
2014-11-01,전자관,3566,949
2014-11-01,전자상가,9834,1612
2014-11-01,정대2리(마내미골)종점,6293,2929
2014-11-01,정대2리마을회관앞,1,3
2014-11-01,정대숲건너,1,0
2014-11-01,정동고등학교건너,4741,1672
2014-11-01,정동고등학교앞,9126,613
2014-11-01,정부대구지방합동청사건너,639,53
2014-11-01,정부대구지방합동청사앞,284,69
2014-11-01,정부대구지방합동청사후문1,973,624
2014-11-01,정화우방팔레스,12887,4678
2014-11-01,정화우방팔레스건너,22169,2521
2014-11-01,제일규산,1007,30
2014-11-01,제일여자상업고등학교건너,16473,5231
2014-11-01,제일여자상업고등학교앞,17988,2573
2014-11-01,조달청건너,3128,1649
2014-11-01,조달청앞,6147,578
2014-11-01,조암네거리1,248,33
2014-11-01,조암네거리2,691,476
2014-11-01,조암초등학교건너,22,4
2014-11-01,조암초등학교앞,128,11
2014-11-01,조야동(종점),10054,492
2014-11-01,조야초등학교입구,2,0
2014-11-01,조일로봇고등학교(종점),5095,316
2014-11-01,주1리1,16,18
2014-11-01,주1리2,508,65
2014-11-01,주2리(최정사입구),0,16
2014-11-01,주2리1,187,2
2014-11-01,주리(삼진식당),4,13
2014-11-01,죽곡2지구1,5,1
2014-11-01,죽곡2지구2,1,41
2014-11-01,죽전119안전센터건너,3222,1542
2014-11-01,죽전119안전센터앞,4492,606
2014-11-01,죽전그린빌건너,3127,2227
2014-11-01,죽전그린빌앞,10365,921
2014-11-01,죽전네거리1,30420,4461
2014-11-01,죽전네거리2,16828,6453
2014-11-01,중구보건소건너,2884,5448
2014-11-01,중구보건소앞,1920,1371
2014-11-01,중구청건너,22764,3511
2014-11-01,중구청앞,23308,12206
2014-11-01,중대1동회관앞,2237,4
2014-11-01,중동교1,3350,6373
2014-11-01,중동교2,1014,173
2014-11-01,중동네거리1,4263,856
2014-11-01,중동네거리2,2788,5372
2014-11-01,중동서울아파트건너,184,80
2014-11-01,중동서울아파트앞,20,0
2014-11-01,중동시장건너,15029,4815
2014-11-01,중동시장앞,19061,1804
2014-11-01,중동주민센터건너,518,80
2014-11-01,중동주민센터앞,362,132
2014-11-01,중동치안센터건너,1146,135
2014-11-01,중동치안센터앞,438,127
2014-11-01,중리광명맨션건너,13371,1264
2014-11-01,중리광명맨션앞,8089,1521
2014-11-01,중리네거리1,5308,1162
2014-11-01,중리네거리2,5285,1093
2014-11-01,중리롯데캐슬건너,9118,5021
2014-11-01,중리롯데캐슬서편,4292,1164
2014-11-01,중리롯데캐슬앞,14213,1806
2014-11-01,중리롯데캐슬정문앞,556,89
2014-11-01,중리마을,1915,3
2014-11-01,중리삼거리1,5,122
2014-11-01,중리삼거리2,1396,4
2014-11-01,중리시장건너1,288,131
2014-11-01,중리시장건너2,535,154
2014-11-01,중리시장앞,6262,991
2014-11-01,중리중학교,624,87
2014-11-01,중마을(갓바위방향),105,299
2014-11-01,중마을(시내방향),219,1
2014-11-01,중뫼마을건너,330,4
2014-11-01,중뫼마을앞,53,3
2014-11-01,중부소방서건너,1820,1170
2014-11-01,중부소방서앞,6024,1446
2014-11-01,중석타운건너,89,351
2014-11-01,중석타운앞,8469,106
2014-11-01,중소기업관건너,53,532
2014-11-01,중소기업관앞,1208,132
2014-11-01,중소기업지원센터,271,67
2014-11-01,중심마을,138,11
2014-11-01,중앙일보건너,1097,667
2014-11-01,중앙일보앞,4534,60
2014-11-01,지묘동1,3204,395
2014-11-01,지묘동2,8319,109
2014-11-01,지묘초등학교건너,6377,280
2014-11-01,지묘초등학교앞,615,121
2014-11-01,지산2길입구,207,1
2014-11-01,지산2길입구건너,108,2
2014-11-01,지산동서맨션건너,5753,1168
2014-11-01,지산동서맨션앞,17322,617
2014-11-01,지산목련아파트건너,19793,1205
2014-11-01,지산목련아파트앞,10113,2132
2014-11-01,지산시영아파트1단지건너,1794,1234
2014-11-01,지산시영아파트1단지앞,5410,271
2014-11-01,지산영남맨션앞,2610,1605
2014-11-01,지산우방아파트,4748,943
2014-11-01,지산중학교입구,371,213
2014-11-01,지산청구타운건너,2109,1766
2014-11-01,지산청구타운앞,17155,571
2014-11-01,지산타운건너,22239,572
2014-11-01,지산타운앞,2103,5971
2014-11-01,지산한라타운건너,16415,364
2014-11-01,지산한라타운앞,3618,3052
2014-11-01,지산현대주택건너,4290,1647
2014-11-01,지산현대주택앞,13341,1696
2014-11-01,지산화성파크드림,1550,560
2014-11-01,지저동행정복지센터건너,15603,2324
2014-11-01,지저동행정복지센터앞,4157,828
2014-11-01,진달래아파트건너,8225,2524
2014-11-01,진달래아파트앞,11728,3524
2014-11-01,진월초등학교건너,1155,756
2014-11-01,진월초등학교앞,503,586
2014-11-01,진인동(양지마을)건너,8,16
2014-11-01,진인동(양지마을)앞,129,11
2014-11-01,진인동(진정마을)1,86,11
2014-11-01,진인동(진정마을)2,20,1
2014-11-01,진정마을1,1041,0
2014-11-01,진정마을2,60,15
2014-11-01,진천역(1번출구),35426,5527
2014-11-01,진천역(2번출구),18898,5960
2014-11-01,진천청구타운건너,701,460
2014-11-01,진천청구타운앞,3035,285
2014-11-01,징리보건소,26,0
2014-11-01,차량등록사업소건너,454,699
2014-11-01,차량등록사업소앞,605,143
2014-11-01,창1리1,2,1
2014-11-01,창1리2,48,18
2014-11-01,천내영남맨션,9,0
2014-11-01,천내우방1차,1,0
2014-11-01,첨단의료산업진흥재단건너,109,41
2014-11-01,첨단의료산업진흥재단앞,70,80
2014-11-01,청구고등학교건너,14317,1784
2014-11-01,청구고등학교앞,20754,4281
2014-11-01,청구그린맨션1차건너,8782,1671
2014-11-01,청구그린맨션1차앞,12875,2280
2014-11-01,청구시장건너,5857,481
2014-11-01,청구시장건너2,451,188
2014-11-01,청구시장북편,2201,299
2014-11-01,청구시장북편건너,2885,375
2014-11-01,청구시장앞,5315,857
2014-11-01,청구중동아파트,243,649
2014-11-01,청구타운건너,1195,1255
2014-11-01,청구타운앞,1345,241
2014-11-01,청기와주유소건너,17678,3446
2014-11-01,청기와주유소앞,15701,2595
2014-11-01,청남타운건너,1051,48
2014-11-01,청남타운앞,374,446
2014-11-01,청백다례원,1015,1152
2014-11-01,청소년수련원건너,332,80
2014-11-01,청소년수련원앞,480,465
2014-11-01,청아람푸르지오2단지1,0,14
2014-11-01,청아람푸르지오2단지2,128,0
2014-11-01,청운맨션건너,1038,270
2014-11-01,청운맨션앞,786,534
2014-11-01,초곡리입구건너,6,5
2014-11-01,초곡리입구앞,28,16
2014-11-01,충혼탑건너,3898,46
2014-11-01,충혼탑앞,58,783
2014-11-01,측백수림건너,541,0
2014-11-01,측백수림앞,7,11
2014-11-01,칠곡2차영남타운건너,3270,335
2014-11-01,칠곡2차영남타운앞,3992,534
2014-11-01,칠곡3차보성타운1,1041,270
2014-11-01,칠곡3차보성타운2,7458,376
2014-11-01,칠곡3차화성타운1,4763,49
2014-11-01,칠곡3차화성타운2,8024,166
2014-11-01,칠곡3차화성타운3,38,206
2014-11-01,칠곡경대병원역,4,446
2014-11-01,칠곡경북대병원,998,202
2014-11-01,칠곡경북대병원정문건너,322,289
2014-11-01,칠곡경북대병원정문앞,3841,14
2014-11-01,칠곡경북대병원후문건너,4421,295
2014-11-01,칠곡경북대병원후문앞,301,0
2014-11-01,칠곡그린빌2차건너,8471,335
2014-11-01,칠곡그린빌2차앞,16207,922
2014-11-01,칠곡그린빌3차건너,13067,291
2014-11-01,칠곡그린빌3차앞,430,885
2014-11-01,칠곡그린빌5단지건너,2073,158
2014-11-01,칠곡그린빌5단지앞,2419,1095
2014-11-01,칠곡그린빌6단지건너,741,118
2014-11-01,칠곡그린빌6단지앞,215,40
2014-11-01,칠곡그린파크1,8573,2089
2014-11-01,칠곡그린파크2,19403,884
2014-11-01,칠곡네스빌,122,107
2014-11-01,칠곡대백맨션건너,4696,36
2014-11-01,칠곡대백맨션앞,181,463
2014-11-01,칠곡동화아파트건너,2993,1652
2014-11-01,칠곡동화아파트앞,15531,1533
2014-11-01,칠곡롯데아파트건너,27,203
2014-11-01,칠곡롯데아파트앞,5016,36
2014-11-01,칠곡부영1단지,3073,217
2014-11-01,칠곡서한맨션,706,9
2014-11-01,칠곡서한맨션앞,103,317
2014-11-01,칠곡시장건너,10963,779
2014-11-01,칠곡시장앞,1785,1740
2014-11-01,칠곡에덴타운건너,27062,7392
2014-11-01,칠곡에덴타운앞,22478,3339
2014-11-01,칠곡우방타운건너(종점),173,5
2014-11-01,칠곡우방타운건너(종점),2570,7
2014-11-01,칠곡우방타운앞(종점),1770,86
2014-11-01,칠곡주공그린빌1단지건너,2285,396
2014-11-01,칠곡주공그린빌1단지앞,8297,228
2014-11-01,칠곡중학교건너(칠곡향교건너),1319,483
2014-11-01,칠곡중학교앞(칠곡향교앞),16906,903
2014-11-01,칠곡청구타운건너,325,591
2014-11-01,칠곡청구타운앞,3629,136
2014-11-01,칠곡초등학교건너,120,456
2014-11-01,칠곡초등학교앞,1647,194
2014-11-01,칠곡한라타운건너,4118,25
2014-11-01,칠곡한라타운앞,720,545
2014-11-01,칠곡한서타운건너,9604,930
2014-11-01,칠곡한신아파트건너,1564,238
2014-11-01,칠곡한신아파트앞1,9029,892
2014-11-01,칠곡한신아파트앞2,835,113
2014-11-01,칠곡화성타운건너,7245,108
2014-11-01,칠곡화성타운앞1,6195,2033
2014-11-01,칠곡화성타운앞2,2030,592
2014-11-01,칠성고가도로하단,476,50
2014-11-01,칠성꽃도매시장건너,569,1008
2014-11-01,칠성꽃도매시장앞,1406,1681
2014-11-01,칠성시장(농협건너),70,153
2014-11-01,칠성시장(농협앞),963,242
2014-11-01,칠성시장(양친회신협),7,34
2014-11-01,칠성시장(전자상가건너),4755,367
2014-11-01,칠성시장(전자상가앞),1609,795
2014-11-01,칠성시장건너,34465,16702
2014-11-01,칠성시장앞1,2093,4229
2014-11-01,칠성시장역(서문프라자건너),3277,5236
2014-11-01,칠성시장역(서문프라자앞),22606,2124
2014-11-01,칠성우방타운,695,162
2014-11-01,침산3동주민센터,10130,1061
2014-11-01,침산남영타운건너,2479,1688
2014-11-01,침산남영타운앞,6084,368
2014-11-01,침산네거리1,9381,1048
2014-11-01,침산네거리2,14934,2737
2014-11-01,침산동화타운건너,5071,90
2014-11-01,침산동화타운앞,361,810
2014-11-01,침산변전소건너,8885,2798
2014-11-01,침산변전소앞,8210,1643
2014-11-01,침산쌍용예가아파트앞,1129,1061
2014-11-01,침산중학교건너,1948,215
2014-11-01,침산중학교앞,4349,362
2014-11-01,침산초등학교건너,3959,869
2014-11-01,침산초등학교앞,1005,883
2014-11-01,침산초등학교후문,367,33
2014-11-01,침산코오롱하늘채건너,6674,1335
2014-11-01,침산코오롱하늘채앞,19118,3124
2014-11-01,캐슬골드파크(1102동),16264,1421
2014-11-01,캐슬골드파크(1504동),12134,2304
2014-11-01,케이에스건너,16,32
2014-11-01,케이에스앞,656,58
2014-11-01,코스트코홀세일건너/복현화성타운앞,4699,3357
2014-11-01,코스트코홀세일앞/복현화성타운건너,38320,2506
2014-11-01,코오롱아파트,16903,1293
2014-11-01,퀸벨호텔건너,15941,2172
2014-11-01,퀸벨호텔앞,7944,5396
2014-11-01,퀸스로드건너,1551,2509
2014-11-01,퀸스로드건너(동편),10828,1877
2014-11-01,퀸스로드앞,3730,811
2014-11-01,퀸스로드앞(동편),12513,3204
2014-11-01,크리스탈호텔앞,1213,316
2014-11-01,큰고개1,3580,9906
2014-11-01,큰고개2,7010,3406
2014-11-01,큰고개오거리1,17465,1032
2014-11-01,큰고개오거리2,4325,10284
2014-11-01,큰장네거리1,62581,10061
2014-11-01,큰장네거리2,35007,17309
2014-11-01,큰장네거리3,16778,5663
2014-11-01,큰장네거리4,30206,12037
2014-11-01,태성맨션건너,31,87
2014-11-01,태성맨션앞,2231,1461
2014-11-01,태왕그린힐즈건너,203,461
2014-11-01,태왕그린힐즈앞1,127,426
2014-11-01,태왕그린힐즈앞2,2367,37
2014-11-01,태왕메트로시티건너,5392,1975
2014-11-01,태왕메트로시티앞,3279,1645
2014-11-01,태왕아너스베스트앞,4578,251
2014-11-01,태왕아너스복현건너,2760,1098
2014-11-01,태왕아너스복현앞,6989,1390
2014-11-01,태전교회앞,11,108
2014-11-01,태전두성타운건너,4673,750
2014-11-01,태전두성타운앞,1562,350
2014-11-01,태전삼거리1,13376,7307
2014-11-01,태전삼거리2,27982,2391
2014-11-01,태전삼성아파트,7,13
2014-11-01,태전역1,12692,6452
2014-11-01,태전역2,6099,4765
2014-11-01,태전우방타운1차,432,47
2014-11-01,태전우방타운3차아파트,126,0
2014-11-01,태전육교1,701,8
2014-11-01,태전육교2,262,19
2014-11-01,태전중석타운,941,26
2014-11-01,태전중석타운건너,968,284
2014-11-01,태전중앙시장건너,2341,1231
2014-11-01,태전중앙시장앞,8030,798
2014-11-01,태전휴먼시아,1160,54
2014-11-01,태평상가건너,5331,5404
2014-11-01,태평상가앞1,5661,5507
2014-11-01,태평상가앞2,226,161
2014-11-01,태현초등학교앞,9940,110
2014-11-01,터실마을,5,0
2014-11-01,텍스빌,7897,1208
2014-11-01,토지주택공사건너,2978,1071
2014-11-01,토지주택공사앞,8733,775
2014-11-01,파계교,314,271
2014-11-01,파계사(종점),7391,308
2014-11-01,파계사입구건너,78,44
2014-11-01,파계사입구앞,38,66
2014-11-01,파군재삼거리1,961,2456
2014-11-01,파군재삼거리2,898,754
2014-11-01,파동1차시장건너,1451,802
2014-11-01,파동1차시장앞,8842,439
2014-11-01,파동우체국앞,728,421
2014-11-01,파동청구하이츠,6021,245
2014-11-01,파크맨션건너,10013,2337
2014-11-01,파크맨션앞,7215,2115
2014-11-01,파티마병원건너1,18130,9066
2014-11-01,파티마병원건너2,2483,1712
2014-11-01,팔거역3,231,71
2014-11-01,팔거역4,715,73
2014-11-01,팔공3차보성타운건너,735,1
2014-11-01,팔공3차보성타운앞,58,163
2014-11-01,팔공3차보성타운후문,4451,82
2014-11-01,팔공보성아파트건너,1044,296
2014-11-01,팔공보성아파트앞,7694,473
2014-11-01,팔공산IC입구,296,3188
2014-11-01,팔공산맥건너,4206,676
2014-11-01,팔공산맥앞,792,209
2014-11-01,팔공학생야영장앞,268,9
2014-11-01,팔공학생야영장입구건너,15,1
2014-11-01,팔공학생야영장입구앞,50,45
2014-11-01,팔공한마음주유소,1,11
2014-11-01,팔공한마음주유소건너,89,4
2014-11-01,팔달시장건너,34361,5337
2014-11-01,팔달시장앞,39088,13812
2014-11-01,팔달시장역,39805,14210
2014-11-01,팔달신시장,24353,5535
2014-11-01,팔달신시장2,5597,981
2014-11-01,팔달역1,162,42
2014-11-01,팔달역2,395,2906
2014-11-01,팔달중학교건너,7997,187
2014-11-01,팔달중학교앞,4483,246
2014-11-01,팔달초등학교,285,255
2014-11-01,팔레스호텔건너,21330,5353
2014-11-01,팔레스호텔앞1,5057,1470
2014-11-01,팔레스호텔앞2,517,660
2014-11-01,팔현마을,15,1
2014-11-01,평광3차아파트,4775,51
2014-11-01,평광3차아파트건너,3202,338
2014-11-01,평광새마을금고,172,0
2014-11-01,평광종점,388,8
2014-11-01,평리1동주민센터건너,30,24
2014-11-01,평리1동주민센터앞,2091,109
2014-11-01,평리2동주민센터건너,12462,1456
2014-11-01,평리2동주민센터앞,3582,1681
2014-11-01,평리3동주민센터건너,1789,125
2014-11-01,평리6동주민센터앞,1528,380
2014-11-01,평리광명네거리,547,1234
2014-11-01,평리광명맨션건너,2321,651
2014-11-01,평리광명맨션앞,801,234
2014-11-01,평리네거리1,12953,13631
2014-11-01,평리네거리2,14645,4049
2014-11-01,평리명성아파트건너,5079,1012
2014-11-01,평리명성아파트앞,3284,656
2014-11-01,평리중학교건너,1022,433
2014-11-01,평리중학교앞,1701,133
2014-11-01,평리청구타운건너,31116,9375
2014-11-01,평리청구타운앞,29614,7770
2014-11-01,평안,626,52
2014-11-01,평촌2리,5,0
2014-11-01,평촌리,54,0
2014-11-01,평현치안센터건너,5577,638
2014-11-01,평화시장(닭똥집골목)건너,23967,4557
2014-11-01,평화시장(닭똥집골목)앞,47488,9350
2014-11-01,평화씨엠비건너,833,74
2014-11-01,평화씨엠비앞,161,148
2014-11-01,평화정공건너,613,187
2014-11-01,평화정공앞,576,35
2014-11-01,평화타운건너,19883,1533
2014-11-01,푸드웰건너,3380,22
2014-11-01,푸드웰앞,84,150
2014-11-01,푸르밀대구공장,83,1
2014-11-01,푸르밀대구공장건너,1,4
2014-11-01,풋살경기장(50사단),634,46
2014-11-01,풍국주정공업,1101,37
2014-11-01,하나원전문장례식장,3,1
2014-11-01,하리(약산온천)건너,321,25
2014-11-01,하목정(종점),1,14
2014-11-01,하빈농협건너,229,2
2014-11-01,하빈농협동곡지점1,81,12
2014-11-01,하빈농협동곡지점2,672,1
2014-11-01,하빈농협앞,9,10
2014-11-01,하빈농협입구,9,6
2014-11-01,하빈면사무소건너,163,0
2014-11-01,하빈면사무소앞,22,4
2014-11-01,하빈우체국건너,338,12
2014-11-01,하빈우체국앞,22,2
2014-11-01,하빈주유소앞,2,2
2014-11-01,하빈초등학교앞,171,2
2014-11-01,하산1리,496,2
2014-11-01,하산2리,158,0
2014-11-01,하산스무지(종점),102,10
2014-11-01,학남고등학교건너,1315,249
2014-11-01,학남고등학교앞,3557,265
2014-11-01,학남초등학교건너,43,668
2014-11-01,학남초등학교앞,2295,154
2014-11-01,학산아파트건너,13,21
2014-11-01,학산아파트앞,0,9
2014-11-01,학정청아람1,541,236
2014-11-01,학정청아람2,2754,20
2014-11-01,학정청아람건너,4559,326
2014-11-01,학정청아람앞,1822,349
2014-11-01,한가람타운건너,21556,6385
2014-11-01,한가람타운앞,18585,2856
2014-11-01,한걸고정마을,148,0
2014-11-01,한국감정원앞,444,48
2014-11-01,한국건강관리협회앞,6361,429
2014-11-01,한국국토정보공사건너,4007,5060
2014-11-01,한국국토정보공사앞,1923,612
2014-11-01,한국농어촌공사건너,19088,4480
2014-11-01,한국농어촌공사앞,17932,959
2014-11-01,한국델파이건너,52,130
2014-11-01,한국델파이앞,1085,154
2014-11-01,한국도로공사건너,139,328
2014-11-01,한국도로공사앞,5827,32
2014-11-01,한국방송통신대학교건너,2413,563
2014-11-01,한국방송통신대학교앞,795,355
2014-11-01,한국사학진흥재단(남편),5,29
2014-11-01,한국산업단지공단앞,209,25
2014-11-01,한국산업은행성서지점건너,156,1048
2014-11-01,한국산업은행성서지점앞,3712,10
2014-11-01,한국산업인력공단건너,3515,56
2014-11-01,한국산업인력공단앞,113,145
2014-11-01,한국생산기술연구원건너,77,5
2014-11-01,한국생산기술연구원앞,34,2
2014-11-01,한국정보화진흥원,17,30
2014-11-01,한국클래드텍건너,381,8
2014-11-01,한국클래드텍앞,1,83
2014-11-01,한국타이어,231,962
2014-11-01,한국타이어건너,263,22
2014-11-01,한국패션센터,2052,78
2014-11-01,한국폴리텍VI대구대학건너,14048,2978
2014-11-01,한국폴리텍VI대구대학앞,7901,7466
2014-11-01,한국폴리텍대학(섬유패션캠퍼스),188,879
2014-11-01,한국환경자원공사,1,13
2014-11-01,한국환경자원공사건너,63,2
2014-11-01,한도아파트앞,8771,339
2014-11-01,한라하우젠트,1143,16
2014-11-01,한마음주유소건너,1931,280
2014-11-01,한마음주유소앞,1769,244
2014-11-01,한샘교회,4144,1667
2014-11-01,한샘교회건너,1229,605
2014-11-01,한서기전건너,453,92
2014-11-01,한서기전앞,109,10
2014-11-01,한양공작맨션건너,1,104
2014-11-01,한양공작맨션앞,897,12
2014-11-01,한양산호아파트건너,4481,133
2014-11-01,한양산호아파트앞,662,34
2014-11-01,한양수정아파트,32,53
2014-11-01,한양코스모스아파트건너,39,84
2014-11-01,한양코스모스아파트앞,1095,194
2014-11-01,한전동대구지사,19393,3092
2014-11-01,한전동대구지사건너,13288,3110
2014-11-01,한전서대구지사건너,16665,8597
2014-11-01,한전서대구지사앞,13940,2749
2014-11-01,한정3리,12,0
2014-11-01,한정리(한정초교),44,0
2014-11-01,한정리(한정초교건너),3,4
2014-11-01,한화꿈에그린건너1,562,487
2014-11-01,한화꿈에그린앞,11823,2355
2014-11-01,함지초등학교건너,772,373
2014-11-01,함지초등학교앞,8194,176
2014-11-01,해랑교(시외방향),75,37
2014-11-01,해랑교1,25,7
2014-11-01,해랑교2,1033,81
2014-11-01,해랑교건너,130,6
2014-11-01,해안동행정복지센터,241,85
2014-11-01,해안역(1번출구),6703,1332
2014-11-01,해안역(3번출구),5966,2499
2014-11-01,해안초등학교뒤,3,3
2014-11-01,행정1리앞,1,1
2014-11-01,행정2리건너,0,7
2014-11-01,행정리,480,10
2014-11-01,행정리(한천서원),8,0
2014-11-01,헬로TV대구방송건너,5445,2584
2014-11-01,헬로TV대구방송앞,5905,2344
2014-11-01,혁신2근린공원,63,13
2014-11-01,현내1리,146,0
2014-11-01,현내2리중방마을건너,116,1
2014-11-01,현내2리중방마을앞,2,4
2014-11-01,현대금속,1367,284
2014-11-01,현대메카닉스건너,81,0
2014-11-01,현대메카닉스앞,3,7
2014-11-01,현대백조아파트(북편),3640,140
2014-11-01,현대백조아파트건너,2196,188
2014-11-01,현대백조아파트앞,1886,630
2014-11-01,현대백화점.동아쇼핑건너,24184,6640
2014-11-01,현대백화점.동아쇼핑앞,31611,1849
2014-11-01,현대시장건너,9410,913
2014-11-01,현대시장앞,1929,1456
2014-11-01,현대시장앞2,576,143
2014-11-01,현대해상건너,24976,12994
2014-11-01,현대해상앞,22088,4578
2014-11-01,현충로역(3번출구),26913,7054
2014-11-01,현충로역(4번출구),20823,8179
2014-11-01,현충삼거리1,469,352
2014-11-01,현충삼거리2,2600,123
2014-11-01,현풍고속도로밑,192,48
2014-11-01,현풍농협,2523,302
2014-11-01,현풍면사무소건너,1,1
2014-11-01,현풍면사무소앞,81,3
2014-11-01,현풍삼거리,2,34
2014-11-01,현풍새마을금고,5713,524
2014-11-01,현풍시외버스터미널,1811,340
2014-11-01,현풍운전시험장,489,1
2014-11-01,현풍주공아파트,30,33
2014-11-01,현풍주공아파트2,6,102
2014-11-01,현풍주공아파트앞,382,177
2014-11-01,현풍중고등학교,25,157
2014-11-01,현풍중고등학교건너,937,87
2014-11-01,현풍터미널건너,1051,44
2014-11-01,현풍터미널앞,446,474
2014-11-01,현풍할매곰탕,1400,344
2014-11-01,현풍할매곰탕건너,976,197
2014-11-01,호산초등학교건너,28,8
2014-11-01,호산초등학교앞,200,572
2014-11-01,홈플러스내당점건너,8629,683
2014-11-01,홈플러스내당점앞,4132,4083
2014-11-01,홈플러스대구점건너,528,1457
2014-11-01,홈플러스대구점앞,18172,8797
2014-11-01,홈플러스동촌점건너,4699,2787
2014-11-01,홈플러스동촌점앞,10084,885
2014-11-01,홈플러스칠곡점건너,8351,457
2014-11-01,홈플러스칠곡점앞,2215,621
2014-11-01,홍천사건너,1079,13
2014-11-01,홍천사입구,50,191
2014-11-01,화남초등학교건너,9,263
2014-11-01,화남초등학교앞,4937,432
2014-11-01,화동초등학교건너,705,121
2014-11-01,화동초등학교앞,621,49
2014-11-01,화랑교1,966,4456
2014-11-01,화랑교2,9688,695
2014-11-01,화성그랜드건너,272,111
2014-11-01,화성그랜드앞,110,55
2014-11-01,화성리버파크건너,4416,276
2014-11-01,화성리버파크앞,960,391
2014-11-01,화성센트럴파크,4004,222
2014-11-01,화성쌍용타운건너,516,11
2014-11-01,화성쌍용타운앞1,957,284
2014-11-01,화성쌍용타운앞2,3,62
2014-11-01,화성전문요양원건너,112,80
2014-11-01,화성전문요양원앞,1273,455
2014-11-01,화성파크뷰건너,5268,192
2014-11-01,화성파크뷰앞,605,1479
2014-11-01,화영테크건너,66,4
2014-11-01,화영테크앞,496,29
2014-11-01,화원고등학교(종점),643,27
2014-11-01,화원고등학교(종점)2,91,30
2014-11-01,화원고등학교건너,7075,527
2014-11-01,화원고등학교앞,829,736
2014-11-01,화원농협주유소건너,1144,366
2014-11-01,화원농협주유소앞,6059,2570
2014-11-01,화원삼주타운건너,5539,280
2014-11-01,화원삼주타운앞,259,121
2014-11-01,화원시장건너,3062,398
2014-11-01,화원시장앞,84,386
2014-11-01,화원유원지(사문진주막촌),695,32
2014-11-01,화원유원지건너,271,7
2014-11-01,화원유원지입구,2,2
2014-11-01,화원초등학교건너,18819,3100
2014-11-01,화원초등학교앞,28945,8167
2014-11-01,화전동1,12,33
2014-11-01,화전동2,494,8
2014-11-01,황금2동치안센터건너,1187,403
2014-11-01,황금2동치안센터앞,3285,228
2014-11-01,황금네거리1,22985,2028
2014-11-01,황금네거리2,7526,2782
2014-11-01,황금시장건너,210,98
2014-11-01,황금시장앞,1390,50
2014-11-01,황금우방1차건너,13949,1818
2014-11-01,황금우방1차앞,3617,1995
2014-11-01,황금초등학교건너,1475,1018
2014-11-01,황금초등학교앞,4171,202
2014-11-01,황제맨션건너,4584,4634
2014-11-01,황제맨션앞,4065,941
2014-11-01,효동초등학교건너,3386,787
2014-11-01,효동초등학교앞,7500,907
2014-11-01,효목네거리1,8513,842
2014-11-01,효목네거리2,2273,1897
2014-11-01,효목네거리3,8221,3546
2014-11-01,효성타운앞,13317,769
2014-11-01,효자강순항나무,110,0
2014-11-01,흥사단 대구지부건너,1431,168
2014-11-01,흥사단 대구지부앞,1238,1945
2014-11-01,흥성정공건너,241,0
2014-11-01,흥성정공앞,133,11
2014-11-01,희망교1,1013,49
2014-11-01,희성전자건너,29,22
2014-11-01,희성전자앞,357,62
2014-11-01,힐크레스트남문건너,822,101
2014-11-01,힐크레스트남문앞,89,744
2014-11-01,힐크레스트입구,353,443
2014-12-01,(주)성안건너,14,103
2014-12-01,(주)영화건너,2,48
2014-12-01,(주)영화앞,418,1
2014-12-01,1차서한화성타운건너,388,82
2014-12-01,1차서한화성타운앞,483,72
2014-12-01,2.28기념중앙공원건너1,51343,10546
2014-12-01,2.28기념중앙공원건너2,16158,9232
2014-12-01,2.28기념중앙공원앞,110205,14139
2014-12-01,2차대자연맨션건너,1662,653
2014-12-01,2차대자연맨션앞,6759,825
2014-12-01,2차서한화성타운건너,29724,1836
2014-12-01,2차서한화성타운앞,15499,2710
2014-12-01,2호선반월당역1,22249,4553
2014-12-01,2호선반월당역2,11864,4403
2014-12-01,3공단새마을금고앞,3885,1313
2014-12-01,CGV대구한일건너,91181,15128
2014-12-01,CGV대구한일앞,25242,4130
2014-12-01,e편한세상대구금호건너,71,29
2014-12-01,e편한세상대구금호앞,231,1
2014-12-01,IHL건너,25,0
2014-12-01,IHL앞,11,3
2014-12-01,K-2입구,1948,541
2014-12-01,K2관사입구(종점),1818,39
2014-12-01,KT남대구지사건너1,8960,2539
2014-12-01,KT남대구지사건너2,1307,495
2014-12-01,KT남대구지사앞1,18645,6503
2014-12-01,KT남대구지사앞2,1083,1486
2014-12-01,KT동대구지사건너,21568,11567
2014-12-01,KT동대구지사앞,14994,1723
2014-12-01,KT북대구지사건너,2980,365
2014-12-01,KT북대구지사앞,5648,605
2014-12-01,KT상동지사건너,2783,237
2014-12-01,KT상동지사앞,952,404
2014-12-01,KT서대구지사건너,18963,2151
2014-12-01,KT서대구지사앞,15027,5433
2014-12-01,LG물류센터건너,2839,1386
2014-12-01,LG물류센터앞,6952,3132
2014-12-01,LH5단지아파트건너,704,158
2014-12-01,LH5단지아파트앞,304,97
2014-12-01,MBC네거리,7396,1803
2014-12-01,SK리더스뷰건너,11640,2054
2014-12-01,SK리더스뷰앞,5012,1726
2014-12-01,STX메탈건너,1029,3763
2014-12-01,STX메탈앞,32,490
2014-12-01,TBC건너,11777,533
2014-12-01,TBC앞,2815,1803
2014-12-01,TCN대구방송건너,1812,237
2014-12-01,TCN대구방송앞,2275,323
2014-12-01,㈜윔스건너,209,150
2014-12-01,㈜윔스앞,351,9
2014-12-01,가야농원,247,5
2014-12-01,가창농협건너,1715,2167
2014-12-01,가창농협앞,9270,325
2014-12-01,가창댐,4,3
2014-12-01,가창면사무소건너,3865,1454
2014-12-01,가창면사무소앞,8074,611
2014-12-01,가창중학교건너,1316,112
2014-12-01,가창중학교앞,369,174
2014-12-01,가창초등학교건너,3067,373
2014-12-01,가창초등학교앞,693,30
2014-12-01,가천동앞,72,4
2014-12-01,가천리,124,10
2014-12-01,가태리마을회관건너,181,0
2014-12-01,가태리마을회관앞,10,6
2014-12-01,각산역(1번출구),5698,1423
2014-12-01,각산역(2번출구),1409,961
2014-12-01,각산푸르지오건너,382,418
2014-12-01,각산푸르지오앞,328,93
2014-12-01,갈실마을회관종점,412,6
2014-12-01,감문1리1,4,0
2014-12-01,감문1리2,367,0
2014-12-01,감문1리3,1,6
2014-12-01,감문1리4,19,0
2014-12-01,감삼네거리1,15032,4797
2014-12-01,감삼네거리2,46701,19587
2014-12-01,감삼초등학교건너,9181,1666
2014-12-01,감삼초등학교앞,6859,925
2014-12-01,갓골건너,391,0
2014-12-01,갓골앞,3,23
2014-12-01,갓바위,12570,169
2014-12-01,강남약국건너,45730,10082
2014-12-01,강남약국앞1,22532,6512
2014-12-01,강남약국앞2,8990,1106
2014-12-01,강동중·고등학교,6,131
2014-12-01,강동중·고등학교건너,4749,26
2014-12-01,강변동서마을건너,4898,214
2014-12-01,강변동서마을앞,2740,1220
2014-12-01,강북경찰서건너,1296,684
2014-12-01,강북경찰서앞,1740,456
2014-12-01,강북중학교건너,77,971
2014-12-01,강북중학교앞,8279,21
2014-12-01,강산아파트건너,3963,7206
2014-12-01,강산아파트앞,4376,1067
2014-12-01,강정(종점),6,2
2014-12-01,강정보(디아크문화관)건너,63,4
2014-12-01,강정보(디아크문화관)입구,137,0
2014-12-01,강창교1,3063,188
2014-12-01,강창교2,93,562
2014-12-01,강창역(1번출구),4934,535
2014-12-01,강창역(2번출구),19600,885
2014-12-01,강창하이츠,6608,446
2014-12-01,거동교1,478,363
2014-12-01,거동교2,507,404
2014-12-01,건들바위건너,837,540
2014-12-01,건들바위앞,470,1389
2014-12-01,건영아파트건너,10941,6588
2014-12-01,건영캐스빌건너,9611,1209
2014-12-01,건영캐스빌앞,672,746
2014-12-01,검단119안전센터(엑스코),74,50
2014-12-01,검단동대구축협앞,4664,76
2014-12-01,검단동주민센터1,573,15
2014-12-01,검단동주민센터2,1,126
2014-12-01,검단동주민센터건너,9268,53
2014-12-01,검단동주민센터앞,35,368
2014-12-01,검단상가아파트건너,153,26
2014-12-01,검단상가아파트앞,394,89
2014-12-01,검단유성아파트(서편),8552,1495
2014-12-01,검단유성아파트건너,5543,1080
2014-12-01,검단유성아파트앞,14800,3838
2014-12-01,경기장네거리1,4187,1091
2014-12-01,경기장네거리2,3316,346
2014-12-01,경대교2,3953,673
2014-12-01,경대교건너,721,149
2014-12-01,경대교앞,199,838
2014-12-01,경대사대부설고등학교앞,19613,8206
2014-12-01,경대아파트건너,23742,2011
2014-12-01,경대아파트앞,7027,1733
2014-12-01,경덕여고,756,256
2014-12-01,경동산업앞,79,10
2014-12-01,경명여고건너,2635,449
2014-12-01,경명여고앞,1871,1222
2014-12-01,경북고교종점,1839,1031
2014-12-01,경북고등학교건너,11032,2941
2014-12-01,경북고등학교앞,15863,1165
2014-12-01,경북고등학교종점건너,217,100
2014-12-01,경북공고건너,6578,3950
2014-12-01,경북공고앞,9621,3720
2014-12-01,경북공무원교육원1,519,374
2014-12-01,경북공무원교육원2,16,9
2014-12-01,경북교통,4493,4262
2014-12-01,경북교통앞,2667,1575
2014-12-01,경북기계공고건너,9025,3226
2014-12-01,경북기계공고앞,8856,3849
2014-12-01,경북농업기술원건너,41,168
2014-12-01,경북농업기술원앞,201,8
2014-12-01,경북대체육센터건너,7799,658
2014-12-01,경북대체육센터앞,3829,4033
2014-12-01,경북대학교병원건너,18625,7963
2014-12-01,경북대학교병원앞,32791,7369
2014-12-01,경북대학교북문건너,62361,1694
2014-12-01,경북대학교북문앞,28433,5589
2014-12-01,경북대학교서문건너,7396,997
2014-12-01,경북대학교서문앞,2503,659
2014-12-01,경북대학교정문건너,9542,2402
2014-12-01,경북대학교정문앞,21843,4659
2014-12-01,경북대학교치과병원,19059,7653
2014-12-01,경북아파트건너(고산동),16157,3198
2014-12-01,경북아파트건너(신천동),6436,10876
2014-12-01,경북아파트앞(고산동),12683,3967
2014-12-01,경북아파트앞(신천동),4840,2897
2014-12-01,경북여상건너,10743,7280
2014-12-01,경북여상앞,10026,2343
2014-12-01,경북크랑크,1184,21
2014-12-01,경상감영공원건너,94332,16006
2014-12-01,경상감영공원앞,67674,50529
2014-12-01,경상북도농업인회관,293,31
2014-12-01,경상여자고등학교건너,3622,459
2014-12-01,경상여자고등학교앞,8095,4711
2014-12-01,경서중학교건너,369,385
2014-12-01,경서중학교앞,3869,103
2014-12-01,경신고등학교건너,40977,5490
2014-12-01,경신고등학교앞,29674,9472
2014-12-01,경운초등학교건너,1983,732
2014-12-01,경운초등학교앞,4636,5006
2014-12-01,경원고등학교건너,564,82
2014-12-01,경원고등학교앞,1494,249
2014-12-01,경일여자중학교건너,13772,1456
2014-12-01,경일여자중학교앞,3907,1006
2014-12-01,경주최씨종가(종점),494,1
2014-12-01,경주최씨종가1,7,1
2014-12-01,경주최씨종가2,1,0
2014-12-01,경진테크빌앞,796,1112
2014-12-01,경창산업,842,88
2014-12-01,경희강재건너,748,516
2014-12-01,경희강재앞,2883,62
2014-12-01,계명대대명캠퍼스후문건너,1664,492
2014-12-01,계명대역(1번출구),2089,1115
2014-12-01,계명대역(2번출구),6105,3984
2014-12-01,계명대학교대명캠퍼스건너,14726,4543
2014-12-01,계명대학교대명캠퍼스앞,17076,4811
2014-12-01,계명대학교대명캠퍼스후문앞,1600,497
2014-12-01,계명대학교동문건너1,5853,943
2014-12-01,계명대학교동문건너2,23609,6959
2014-12-01,계명대학교동문앞,19189,5047
2014-12-01,계명대학교정문건너,25578,1273
2014-12-01,계명대학교정문앞,5013,1884
2014-12-01,계명문화대학건너,6952,751
2014-12-01,계명문화대학앞,11369,10351
2014-12-01,고모동입구,2172,1750
2014-12-01,고모역건너,335,76
2014-12-01,고모역앞,130,0
2014-12-01,고봉리,24,0
2014-12-01,고산2동주민센터건너,9879,2446
2014-12-01,고산2동주민센터앞,17917,727
2014-12-01,고산골입구,5534,629
2014-12-01,고산농협창고건너,697,174
2014-12-01,고산농협창고앞,408,2641
2014-12-01,고산도서관,16563,7686
2014-12-01,고산정수사업소건너,2195,558
2014-12-01,고성아파트(서편),9798,2451
2014-12-01,고성아파트건너,2211,112
2014-12-01,고성아파트건너(서편),5001,3952
2014-12-01,고성아파트앞,1622,433
2014-12-01,고성지구대1,1473,459
2014-12-01,고성지구대2,2241,7053
2014-12-01,골안골,44,66
2014-12-01,골안골지하보도앞,8,119
2014-12-01,공고네거리1,26183,9013
2014-12-01,공고네거리2,10652,2896
2014-12-01,공군기지관사입구,3,14
2014-12-01,공단역1,461,10943
2014-12-01,공단역2,18396,7536
2014-12-01,공단하수처리장건너,12,297
2014-12-01,공단하수처리장앞,54,27
2014-12-01,공산댐건너,1188,49
2014-12-01,공산댐앞,38,57
2014-12-01,공산동행정복지센터건너,865,254
2014-12-01,공산동행정복지센터앞,4369,182
2014-12-01,공산초등학교건너,212,78
2014-12-01,공산초등학교앞,1948,38
2014-12-01,공산파출소,318,323
2014-12-01,공항시장건너,10580,695
2014-12-01,공항시장앞,5089,1603
2014-12-01,곽병원건너,35811,20758
2014-12-01,곽병원앞1,20317,6673
2014-12-01,곽병원앞2,8568,2875
2014-12-01,관리공단,556,90
2014-12-01,관음공영주차장앞,1083,10
2014-12-01,관음농협앞,137,44
2014-12-01,관음동주민센터건너,211,34
2014-12-01,관음동주민센터앞,1443,32
2014-12-01,관음변전소1,4838,96
2014-12-01,관음변전소2,25,285
2014-12-01,관음변전소3,156,38
2014-12-01,관음변전소4,887,69
2014-12-01,관음어린이집,273,44
2014-12-01,관음중학교(북편),823,16
2014-12-01,광명은하아파트건너,5626,4335
2014-12-01,광명은하아파트앞,14735,913
2014-12-01,광명프레지던트아파트건너,10194,4842
2014-12-01,광장타운건너,15033,4370
2014-12-01,광장타운앞,14909,3054
2014-12-01,교대부설초등학교건너,4318,177
2014-12-01,교대부설초등학교앞,304,1100
2014-12-01,교동시장앞,3488,1267
2014-12-01,교동초등학교건너,407,46
2014-12-01,교동초등학교앞,10,181
2014-12-01,교통연수원,14700,764
2014-12-01,교통연수원건너,8986,2425
2014-12-01,교항2리마을입구,1,114
2014-12-01,교항2리회관,4135,17
2014-12-01,교항리건너,20,22
2014-12-01,교항리마을입구건너,81,1
2014-12-01,교항리앞,374,281
2014-12-01,구)달성군청건너,9840,3171
2014-12-01,구)달성군청앞,22060,15423
2014-12-01,구)대영학원건너,14466,2796
2014-12-01,구)대영학원앞,13959,9452
2014-12-01,구)효목2동행정복지센터건너,13913,1360
2014-12-01,구)효목2동행정복지센터앞,5281,1509
2014-12-01,구.남부정류장건너1,12672,9573
2014-12-01,구.남부정류장건너2,8252,3845
2014-12-01,구.남부정류장앞1,22139,4411
2014-12-01,구.남부정류장앞2,2975,1581
2014-12-01,구.동부정류장(남편),6455,1503
2014-12-01,구.동부정류장(메트로팔레스),10845,3917
2014-12-01,구.동부정류장건너,14800,1499
2014-12-01,구.동부정류장앞,7737,3200
2014-12-01,구둔산,729,6
2014-12-01,구병원건너,630,4368
2014-12-01,구병원앞,28678,5154
2014-12-01,구삼폭포건너,1,10
2014-12-01,구암가구골목1,10205,304
2014-12-01,구암가구골목2,1573,231
2014-12-01,구암교1,5129,2500
2014-12-01,구암교2,836,596
2014-12-01,구암동1,517,48
2014-12-01,구암동2,109,247
2014-12-01,구암역(운전면허시험장)1,557,157
2014-12-01,구암역(운전면허시험장)2,1818,605
2014-12-01,구암초등학교건너,1733,264
2014-12-01,구암초등학교앞,4901,137
2014-12-01,구지농공단지2,131,0
2014-12-01,구지면사무소건너,481,335
2014-12-01,구지면사무소앞,1849,238
2014-12-01,구지청아람건너,5247,89
2014-12-01,구지청아람앞,626,274
2014-12-01,국립대구과학관정문건너,72,3
2014-12-01,국립대구과학관정문앞,117,3
2014-12-01,국립대구박물관건너,12870,1156
2014-12-01,국립대구박물관앞,8357,3116
2014-12-01,국민건강보험공단건너,23149,1532
2014-12-01,국민건강보험공단앞,9084,8406
2014-12-01,국민은행3공단지점건너,4997,1140
2014-12-01,국민은행3공단지점앞,3134,778
2014-12-01,국우동현대아파트건너,519,22
2014-12-01,국우동현대아파트앞,3435,430
2014-12-01,국채보상운동기념공원,6552,4933
2014-12-01,굿모닝병원건너,9101,4192
2014-12-01,굿모닝병원앞,14595,3115
2014-12-01,궁전아파트건너,35,213
2014-12-01,궁전아파트앞,2039,99
2014-12-01,귀남지휴게소1,6,6
2014-12-01,그랜드호텔건너,29174,18139
2014-12-01,그랜드호텔앞,50542,6962
2014-12-01,그린빌4단지,41,382
2014-12-01,그린빌4단지건너,854,13
2014-12-01,그린빌4단지앞,165,109
2014-12-01,근로복지공단대구병원건너,2370,132
2014-12-01,근로복지공단대구병원앞,4741,317
2014-12-01,근린공원축구장건너,100,110
2014-12-01,근린공원축구장앞,1334,25
2014-12-01,금강동,137,4
2014-12-01,금계초등학교(교항리),461,189
2014-12-01,금복주건너,2467,222
2014-12-01,금복주앞,1558,556
2014-12-01,금봉네거리1,9494,788
2014-12-01,금봉네거리2,5122,545
2014-12-01,금사리하이빌APT건너,1309,128
2014-12-01,금사리하이빌APT앞,460,198
2014-12-01,금융감독원건너,757,2450
2014-12-01,금포초등학교,1126,238
2014-12-01,금포초등학교건너,314,345
2014-12-01,금호1,11,96
2014-12-01,금호2,134,1
2014-12-01,금호기전,11,25
2014-12-01,금호천년나무1단지동편건너,2,195
2014-12-01,기곡(종점),86,0
2014-12-01,기곡리1,4,0
2014-12-01,기곡리2,27,0
2014-12-01,기독교방송국건너,5582,1759
2014-12-01,기독교방송국앞,3589,1219
2014-12-01,기업은행대곡지점건너,94,1160
2014-12-01,기업은행대곡지점앞,20098,382
2014-12-01,기업은행죽전동지점건너,4872,750
2014-12-01,기업은행죽전동지점앞,2623,465
2014-12-01,김흥1리건너,93,0
2014-12-01,김흥1리앞,49,6
2014-12-01,김흥2리건너,0,2
2014-12-01,김흥2리앞,2,0
2014-12-01,김흥리마을입구,97,0
2014-12-01,남구청건너2,6476,6282
2014-12-01,남구청네거리1,6091,1741
2014-12-01,남구청네거리2,327,188
2014-12-01,남대구IC1,15684,846
2014-12-01,남대구IC2,5641,571
2014-12-01,남명삼거리1,1529,133
2014-12-01,남명삼거리2,1759,529
2014-12-01,남문시장건너1,931,49
2014-12-01,남문시장건너2,11037,16400
2014-12-01,남문시장앞,23548,9237
2014-12-01,남문아파트앞,542,245
2014-12-01,남부경찰서건너,8313,1867
2014-12-01,남부경찰서앞,11227,6703
2014-12-01,남부교육지원청건너,6777,907
2014-12-01,남부교육지원청앞,4425,1355
2014-12-01,남부도서관앞,109,380
2014-12-01,남부자동차종합시장건너,2974,458
2014-12-01,남부자동차종합시장앞,932,413
2014-12-01,남부초등학교건너,1408,39
2014-12-01,남부초등학교앞,313,162
2014-12-01,남부초등학교앞2,5266,617
2014-12-01,남산2동주민센터건너,114,245
2014-12-01,남산2동주민센터앞,685,51
2014-12-01,남산고등학교건너,675,47
2014-12-01,남산고등학교앞,1,1
2014-12-01,남산역(프린스호텔건너),8622,2934
2014-12-01,남산역건너(프린스호텔앞),19782,6040
2014-12-01,남산주유소건너,1374,924
2014-12-01,남산주유소앞,1512,138
2014-12-01,남산초등학교건너,13765,1717
2014-12-01,남산초등학교앞,11967,6598
2014-12-01,남산휴먼시아앞,1173,343
2014-12-01,내2리새마을회관건너,81,0
2014-12-01,내2리새마을회관앞,8,2
2014-12-01,내당1동우체국건너,2109,217
2014-12-01,내당1동우체국앞,2491,367
2014-12-01,내당광명아파트,2808,2406
2014-12-01,내당삼익맨션건너,27937,6465
2014-12-01,내당삼익맨션앞,13051,17237
2014-12-01,내당코오롱아파트건너,6441,11632
2014-12-01,내당코오롱아파트앞,5164,859
2014-12-01,내동,678,21
2014-12-01,내동건너,13,119
2014-12-01,내리1,5,3
2014-12-01,내리2,1,2
2014-12-01,내일교회건너,124,19
2014-12-01,내일교회앞,723,37
2014-12-01,냉천2리,3,0
2014-12-01,냉천리1,1857,20
2014-12-01,냉천리2,23,206
2014-12-01,노곡동,4800,43
2014-12-01,노변중학교,1006,50
2014-12-01,노변중학교건너,1377,68
2014-12-01,노변청구타운건너,178,67
2014-12-01,노변청구타운앞,197,37
2014-12-01,노원119안전센터건너,6187,2427
2014-12-01,노원119안전센터앞,2153,540
2014-12-01,노원네거리(공단세차장건너),490,456
2014-12-01,노원네거리(공단세차장앞),5780,134
2014-12-01,노원네거리(대구은행건너),897,119
2014-12-01,노원네거리(대구은행앞),5080,530
2014-12-01,노원네거리1,4496,756
2014-12-01,노원네거리2,8322,469
2014-12-01,노원동화타운건너,546,381
2014-12-01,노원동화타운앞,3882,496
2014-12-01,녹원맨션1,3278,1149
2014-12-01,녹원맨션2,9417,567
2014-12-01,논공삼거리1,1300,29
2014-12-01,논공삼거리2,401,236
2014-12-01,논공읍사무소,771,147
2014-12-01,논공읍사무소건너1,3766,153
2014-12-01,논공읍사무소건너2,187,72
2014-12-01,농산물도매시장건너,40,5
2014-12-01,농산물도매시장앞,1512,71
2014-12-01,농수산물도매시장건너,3104,1064
2014-12-01,농수산물도매시장앞,8016,4021
2014-12-01,농촌진흥원입구,75,84
2014-12-01,농협동촌지점,400,127
2014-12-01,농협방촌지점,2096,83
2014-12-01,농협중앙회건너,18863,6715
2014-12-01,농협중앙회앞,50272,31331
2014-12-01,농협중앙회중동지점건너,1464,65
2014-12-01,농협중앙회중동지점앞,864,613
2014-12-01,농협하나로마트건너,27,247
2014-12-01,능골1,133,928
2014-12-01,능골건너,2571,35
2014-12-01,능성동(종점)1,16,0
2014-12-01,능성동(종점)2,244,1
2014-12-01,능성동예비군훈련장,0,2
2014-12-01,능성동예비군훈련장건너,2,0
2014-12-01,능성동입구건너,529,2
2014-12-01,능성동입구앞,7,25
2014-12-01,다리골,18,0
2014-12-01,다사고등학교건너,7440,3837
2014-12-01,다사고등학교앞,384,1210
2014-12-01,다사농협주유소건너,69,568
2014-12-01,다사농협주유소앞,6966,189
2014-12-01,다사역(4번출구),27,0
2014-12-01,다사읍사무소건너,6408,314
2014-12-01,다사읍사무소서재출장소건너,377,1
2014-12-01,다사읍사무소서재출장소앞,40,173
2014-12-01,다사읍사무소앞,12,72
2014-12-01,다사주공아파트건너,123,0
2014-12-01,다사주공아파트앞,0,114
2014-12-01,다사체육공원건너,0,1
2014-12-01,다사체육공원앞,31,0
2014-12-01,다사초등학교건너,48,0
2014-12-01,다사초등학교앞,0,60
2014-12-01,단산리(종점),5908,2868
2014-12-01,달구벌종합복지관건너,642,190
2014-12-01,달구벌종합복지관앞,520,85
2014-12-01,달서공고건너,155,112
2014-12-01,달서공고앞,6,21
2014-12-01,달서교회건너,19652,3049
2014-12-01,달서교회앞,16262,8742
2014-12-01,달서구새마을회건너,2684,100
2014-12-01,달서구새마을회앞,152,113
2014-12-01,달서구청건너,14362,2578
2014-12-01,달서구청앞,6219,2047
2014-12-01,달서종합시장건너,1332,276
2014-12-01,달서종합시장앞,1034,129
2014-12-01,달서중고등학교,47,30
2014-12-01,달서중고등학교건너,263,0
2014-12-01,달서천하수종말처리장건너,89,0
2014-12-01,달서천하수종말처리장앞,0,1
2014-12-01,달서초교,1649,39
2014-12-01,달성2차공단관리청사,262,60
2014-12-01,달성2차산업단지출장소건너,3,0
2014-12-01,달성2차산업단지출장소앞,0,8
2014-12-01,달성경찰서,1578,396
2014-12-01,달성경찰서건너,2517,64
2014-12-01,달성공원건너,15300,2126
2014-12-01,달성공원앞,17760,16592
2014-12-01,달성군민운동장건너,899,90
2014-12-01,달성군민운동장앞,873,161
2014-12-01,달성군선거관리위원회건너,87,91
2014-12-01,달성군선거관리위원회앞,30,934
2014-12-01,달성군청건너,446,178
2014-12-01,달성군청앞,2867,122
2014-12-01,달성기와건너,204,117
2014-12-01,달성기와앞,700,44
2014-12-01,달성도서관입구,2,0
2014-12-01,달성문화원건너,17,1
2014-12-01,달성문화원앞,2,2
2014-12-01,달성산업단지건너,222,50
2014-12-01,달성산업단지관리공단1,1,4
2014-12-01,달성산업단지관리공단2,2,0
2014-12-01,달성소방서건너,12,85
2014-12-01,달성소방서앞,224,166
2014-12-01,달성스포츠파크건너,4,3
2014-12-01,달성스포츠파크앞,2,0
2014-12-01,달성예비군훈련장건너,1070,69
2014-12-01,달성예비군훈련장앞,532,172
2014-12-01,달성우체국건너,598,379
2014-12-01,달성우체국앞,4875,166
2014-12-01,달성중학교건너,5237,465
2014-12-01,달성중학교앞,17034,3833
2014-12-01,달성초등학교건너,4050,1395
2014-12-01,달성초등학교앞,1540,273
2014-12-01,달성취수장건너,9,75
2014-12-01,달성취수장앞,68,12
2014-12-01,달창저수지,234,1
2014-12-01,달천리(시내방향),172,0
2014-12-01,달천리(시외방향),80,6
2014-12-01,담안마을1,6,12
2014-12-01,담안마을2,214,1
2014-12-01,담티고개1,229,361
2014-12-01,담티고개2,962,683
2014-12-01,당동마을건너,214,0
2014-12-01,당동마을앞,8,13
2014-12-01,당정마을입구,20,2
2014-12-01,당정마을입구건너,79,0
2014-12-01,대1리용흥지건너,140,6
2014-12-01,대1리용흥지앞,16,13
2014-12-01,대곡강산타운,22169,605
2014-12-01,대곡강산타운건너,3704,694
2014-12-01,대곡사계절타운건너,15830,500
2014-12-01,대곡사계절타운앞,4749,1337
2014-12-01,대곡역(1번출구),38769,1485
2014-12-01,대곡역(2번출구),27525,35600
2014-12-01,대곡역(한라하우젠트건너),16927,1184
2014-12-01,대곡역(한라하우젠트앞),4565,11285
2014-12-01,대곡역그린빌,6470,7092
2014-12-01,대곡주공1단지앞,4945,1352
2014-12-01,대곡주공2단지앞,17922,517
2014-12-01,대곡주공6단지앞,3375,351
2014-12-01,대곡주공7단지앞,13624,718
2014-12-01,대곡주공8단지건너,3715,896
2014-12-01,대곡주공8단지앞,22812,1563
2014-12-01,대곡중학교건너,3979,526
2014-12-01,대곡중학교앞,1928,487
2014-12-01,대공원역(1번출구),1993,4492
2014-12-01,대공원역(5번출구),3662,457
2014-12-01,대구가톨릭대학병원건너,19640,2969
2014-12-01,대구가톨릭대학병원앞,17689,1712
2014-12-01,대구경북과학기술원,214,10
2014-12-01,대구경북과학기술원기숙사,185,13
2014-12-01,대구경북지방병무청,63,410
2014-12-01,대구고등학교건너,38414,10731
2014-12-01,대구고등학교앞,11800,4560
2014-12-01,대구고용노동청건너,14456,2057
2014-12-01,대구고용노동청앞,4050,1006
2014-12-01,대구공업대학1,10659,1974
2014-12-01,대구공업대학2,3055,2140
2014-12-01,대구공업대학건너,5781,2535
2014-12-01,대구공업대학앞,4838,2172
2014-12-01,대구과학고등학교건너,10019,4312
2014-12-01,대구과학고등학교앞,15712,1553
2014-12-01,대구과학대학1,20981,9966
2014-12-01,대구과학대학2,56098,4401
2014-12-01,대구과학대학건너,1842,116
2014-12-01,대구과학대학앞,671,209
2014-12-01,대구광역시교육연수원건너,14210,734
2014-12-01,대구광역시교육연수원앞,5039,2565
2014-12-01,대구광역시청건너,1458,724
2014-12-01,대구광역시청앞,285,470
2014-12-01,대구교도소건너,7343,4708
2014-12-01,대구교도소앞,22007,2882
2014-12-01,대구교육대건너,257,2598
2014-12-01,대구교육대앞,18187,2732
2014-12-01,대구교통방송건너,4882,5398
2014-12-01,대구교통방송앞,16879,1199
2014-12-01,대구국제공항건너,21165,9980
2014-12-01,대구국제공항앞,22621,5754
2014-12-01,대구글로벌교육센터건너,4422,10722
2014-12-01,대구글로벌교육센터앞,3455,539
2014-12-01,대구농업마이스터고건너,21326,1903
2014-12-01,대구농업마이스터고앞,7311,8826
2014-12-01,대구농업마이스터고후문건너,2540,703
2014-12-01,대구농업마이스터고후문앞,2123,184
2014-12-01,대구도시공사앞,13402,2482
2014-12-01,대구동부고용복지플러스센터,9284,4252
2014-12-01,대구동촌유치원,997,193
2014-12-01,대구디지털산업진흥원건너,19756,4823
2014-12-01,대구디지털산업진흥원앞,14279,2847
2014-12-01,대구맨션건너,2152,368
2014-12-01,대구맨션앞,3714,633
2014-12-01,대구문화방송건너,11948,4232
2014-12-01,대구문화방송앞,13093,2668
2014-12-01,대구미술관건너,398,35
2014-12-01,대구미술관앞,623,17
2014-12-01,대구병원건너,23503,1365
2014-12-01,대구병원앞,13069,5727
2014-12-01,대구보건고등학교건너,15511,6850
2014-12-01,대구보건고등학교앞,11582,1673
2014-12-01,대구보건대학3,12754,7760
2014-12-01,대구보건대학4,25625,3520
2014-12-01,대구보건대학5,32,30
2014-12-01,대구보건대학건너1,1912,52
2014-12-01,대구보건대학건너2,14202,448
2014-12-01,대구보건대학앞1,357,194
2014-12-01,대구보건대학앞2,1258,525
2014-12-01,대구보훈요양원,6,2
2014-12-01,대구보훈요양원건너,2,5
2014-12-01,대구보훈요양원앞,146,0
2014-12-01,대구비지니스센터건너,3083,521
2014-12-01,대구비지니스센터앞,3813,250
2014-12-01,대구사격장,40,9
2014-12-01,대구삼성창조캠퍼스1,1442,159
2014-12-01,대구삼성창조캠퍼스2,384,572
2014-12-01,대구선방촌공원,952,18
2014-12-01,대구소방본부건너,459,149
2014-12-01,대구소방본부앞,1350,2519
2014-12-01,대구스타디움건너,1916,484
2014-12-01,대구스타디움앞,3672,542
2014-12-01,대구시교육청건너,1034,353
2014-12-01,대구시교육청앞,1538,4121
2014-12-01,대구시설공단건너,15297,2619
2014-12-01,대구시설공단앞,9846,15857
2014-12-01,대구시설관리사업소,41,126
2014-12-01,대구시지노인전문병원건너,290,76
2014-12-01,대구시지노인전문병원앞,453,1351
2014-12-01,대구신문사,162,534
2014-12-01,대구애견훈련학교건너,246,3
2014-12-01,대구애견훈련학교앞,1,5
2014-12-01,대구역,798,319
2014-12-01,대구역건너,31284,6150
2014-12-01,대구역꽃시장,584,735
2014-12-01,대구역북편네거리1,35422,4833
2014-12-01,대구역북편네거리2,12673,12514
2014-12-01,대구역센트럴자이,1040,103
2014-12-01,대구역앞,32091,9130
2014-12-01,대구예담학교,236,51
2014-12-01,대구우편집중국(동편),0,22
2014-12-01,대구우편집중국앞,1901,1348
2014-12-01,대구은행3공단지점앞,5420,553
2014-12-01,대구은행북비산지점건너1,11526,2143
2014-12-01,대구은행북비산지점건너2,1432,876
2014-12-01,대구은행북비산지점앞,35698,5245
2014-12-01,대구은행산격지점앞,659,231
2014-12-01,대구은행역(1번출구),30510,7322
2014-12-01,대구은행역(2번출구),32821,5702
2014-12-01,대구은행제2본점앞,13669,2674
2014-12-01,대구은행칠곡지점건너,7773,2096
2014-12-01,대구은행칠곡지점앞,23068,6057
2014-12-01,대구은행평리동지점건너,3239,1682
2014-12-01,대구은행평리동지점앞,5684,2049
2014-12-01,대구의료원건너,6093,1030
2014-12-01,대구의료원라파엘웰빙센터,1664,78
2014-12-01,대구의료원라파엘웰빙센터건너,412,983
2014-12-01,대구의료원앞,4051,866
2014-12-01,대구일마이스터고교건너,3479,936
2014-12-01,대구일마이스터고교앞,7542,601
2014-12-01,대구전자공고남편,149,202
2014-12-01,대구전자공업고등학교1,9199,427
2014-12-01,대구전자공업고등학교2,994,2871
2014-12-01,대구제일고등학교건너,29410,6278
2014-12-01,대구제일고등학교앞,31272,19265
2014-12-01,대구중앙중고등학교건너,26762,2928
2014-12-01,대구중앙중고등학교앞,24825,4334
2014-12-01,대구중앙중학교건너,2087,23
2014-12-01,대구중앙중학교앞,0,11
2014-12-01,대구중학교건너,1465,430
2014-12-01,대구중학교앞,5928,1872
2014-12-01,대구지료재생사,74,70
2014-12-01,대구지방경찰청,3933,681
2014-12-01,대구지방법원등기국건너,5107,8561
2014-12-01,대구지방법원등기국앞,2081,1054
2014-12-01,대구지방법원서부지원,437,73
2014-12-01,대구차여성병원건너,4435,7928
2014-12-01,대구차여성병원앞,14410,1204
2014-12-01,대구콘서트하우스건너,15952,18919
2014-12-01,대구콘서트하우스앞,21480,2984
2014-12-01,대구태현교회,8,56
2014-12-01,대구텍건너,546,214
2014-12-01,대구텍스타일콤플렉스,1704,862
2014-12-01,대구텍앞,4394,704
2014-12-01,대구학생문화센터,217,47
2014-12-01,대구학생수련관입구건너,357,5
2014-12-01,대구학생수련관입구앞,4,86
2014-12-01,대구한의대학교부속한방병원건너,221,67
2014-12-01,대구한의대학교부속한방병원앞,1980,52
2014-12-01,대구향교건너,2259,3595
2014-12-01,대구향교앞,1643,457
2014-12-01,대덕마을건너,745,1468
2014-12-01,대덕마을앞,298,93
2014-12-01,대덕맨션앞,8842,262
2014-12-01,대덕문화전당건너,1248,119
2014-12-01,대덕문화전당앞,13,102
2014-12-01,대덕승마장건너,647,18
2014-12-01,대덕승마장앞,76,24
2014-12-01,대덕식당건너,146,182
2014-12-01,대덕식당앞,3355,134
2014-12-01,대덕천주교회1,1330,267
2014-12-01,대덕천주교회2,2409,161
2014-12-01,대덕천주교회3,3217,203
2014-12-01,대덕천주교회4,113,375
2014-12-01,대덕초등학교,522,12
2014-12-01,대덕초등학교건너,302,72
2014-12-01,대동공업,131,155
2014-12-01,대동공업건너,594,11
2014-12-01,대동금속건너,1706,55
2014-12-01,대동금속앞,564,70
2014-12-01,대동시장1,4198,479
2014-12-01,대동시장2,7352,365
2014-12-01,대륜중고등학교건너,4699,6161
2014-12-01,대륜중고등학교앞,6359,246
2014-12-01,대리,185,4
2014-12-01,대리마을앞,80,102
2014-12-01,대리마을회관,193,4
2014-12-01,대리마을회관건너,43,29
2014-12-01,대림생수,574,11
2014-12-01,대림생수앞,16,108
2014-12-01,대림육교1,155,18877
2014-12-01,대림육교2,63,53
2014-12-01,대명6동주민센터건너,2063,366
2014-12-01,대명6동주민센터앞,2308,182
2014-12-01,대명시장건너,19247,5800
2014-12-01,대명시장앞,21972,4285
2014-12-01,대명역(1번출구),17526,3777
2014-12-01,대명역(2번출구),12261,2000
2014-12-01,대명중학교건너,24,300
2014-12-01,대명중학교앞,2762,62
2014-12-01,대명초등학교건너,7759,3301
2014-12-01,대명초등학교앞,11167,4096
2014-12-01,대백인터빌건너,24382,4669
2014-12-01,대백인터빌앞,19295,4209
2014-12-01,대백창신한라타운건너,12607,1935
2014-12-01,대백창신한라타운앞,3194,1161
2014-12-01,대백프라자건너,21112,4994
2014-12-01,대백프라자앞,27404,4175
2014-12-01,대백한라무지개타운건너,20217,765
2014-12-01,대백한라무지개타운앞,7289,1085
2014-12-01,대봉교회,8779,3606
2014-12-01,대봉네거리1,4327,374
2014-12-01,대봉네거리2,2479,2118
2014-12-01,대봉도서관건너,1238,320
2014-12-01,대봉도서관앞,3550,648
2014-12-01,대봉성당,8454,1816
2014-12-01,대서초등학교앞,397,77
2014-12-01,대성공업건너,728,7790
2014-12-01,대성공업앞,1624,117
2014-12-01,대성유니드앞,2507,46
2014-12-01,대성테크앞,244,10
2014-12-01,대신동광명맨션앞,1252,354
2014-12-01,대신센트럴자이,5007,292
2014-12-01,대실역(1번출구),8652,1851
2014-12-01,대실역(2번출구),28555,1229
2014-12-01,대실역(4번출구),2452,25
2014-12-01,대실역1,106,10
2014-12-01,대실역2,81,71
2014-12-01,대실역청아람건너,5626,34
2014-12-01,대실역청아람앞,397,2824
2014-12-01,대우트럼프월드수성건너,13157,1801
2014-12-01,대우트럼프월드수성앞,2984,1868
2014-12-01,대원고등학교,3344,20395
2014-12-01,대원고등학교건너,2283,2379
2014-12-01,대원사건너,56,5
2014-12-01,대원사건너(공산동),5,125
2014-12-01,대원사앞(공산동),52,3
2014-12-01,대원사입구,163,0
2014-12-01,대원유치원건너,5993,5415
2014-12-01,대원유치원앞,9532,536
2014-12-01,대일1리마을회관건너,114,24
2014-12-01,대일1리점촌마을,0,33
2014-12-01,대일아파트건너,9547,3662
2014-12-01,대일아파트앞,12635,2385
2014-12-01,대자연맨션,15147,478
2014-12-01,대자연맨션건너,2946,1288
2014-12-01,대중인벤트,177,40
2014-12-01,대진중고등학교건너,622,84
2014-12-01,대진중고등학교앞,486,74
2014-12-01,대천119안전센터건너,1598,13
2014-12-01,대천119안전센터앞,593,95
2014-12-01,대천교,3320,662
2014-12-01,대천초등학교건너,517,143
2014-12-01,대천초등학교앞,2083,93
2014-12-01,대청초등학교건너,122,551
2014-12-01,대청초등학교앞,11093,676
2014-12-01,대평2리,225,0
2014-12-01,대평교회앞,2,1
2014-12-01,대평리시장,13480,878
2014-12-01,대평중학교건너,7664,854
2014-12-01,대평중학교앞,5247,1185
2014-12-01,대홍철강,692,55
2014-12-01,대흥동건너,295,11
2014-12-01,대흥동앞,216,160
2014-12-01,덕곡(달구벌고교),646,0
2014-12-01,덕곡(대구선명학교),67,20
2014-12-01,덕곡삼거리1,33,130
2014-12-01,덕곡삼거리2,586,5
2014-12-01,덕산마을건너,0,3
2014-12-01,덕산마을앞,219,1
2014-12-01,덕원고등학교건너,3993,781
2014-12-01,덕원고등학교앞,1076,1021
2014-12-01,덕인초등학교건너,2195,732
2014-12-01,덕인초등학교앞,1787,398
2014-12-01,덕화중학교건너,8437,528
2014-12-01,덕화중학교앞,3348,3187
2014-12-01,덴티스앞,267,1
2014-12-01,도곡교1,132,414
2014-12-01,도곡교2,266,4
2014-12-01,도남동,155,0
2014-12-01,도남동(종점),22,0
2014-12-01,도남지,99,0
2014-12-01,도동,3,0
2014-12-01,도동교1,811,2
2014-12-01,도동교2,14,20
2014-12-01,도동서원,413,2
2014-12-01,도동청구타운건너,23,36
2014-12-01,도동청구타운앞,1288,145
2014-12-01,도시철도건설본부건너,1095,3840
2014-12-01,도시철도건설본부앞,25660,1735
2014-12-01,도시철도담티역(1번출구),30480,4865
2014-12-01,도시철도담티역(3번출구),24506,3693
2014-12-01,도시철도대구역,729,229
2014-12-01,도시철도수성구청역북편1,420,5287
2014-12-01,도시철도수성구청역북편2,1718,75
2014-12-01,도의리,159,57
2014-12-01,도평동입구1,670,106
2014-12-01,도평동입구2,197,148
2014-12-01,도평동행정복지센터1,0,7
2014-12-01,도평동행정복지센터2,142,3
2014-12-01,도학동,1072,3
2014-12-01,도학동1,28,67
2014-12-01,동곡1리1,9,0
2014-12-01,동곡1리2,205,0
2014-12-01,동곡1리3,45,1
2014-12-01,동곡리,92,2
2014-12-01,동곡초등학교건너,262,3
2014-12-01,동곡초등학교앞,48,43
2014-12-01,동곡치안센터앞,18,20
2014-12-01,동구시장건너,7018,1467
2014-12-01,동구시장앞,7118,1182
2014-12-01,동구청건너,62617,28512
2014-12-01,동구청앞,51551,8943
2014-12-01,동구청역(3번출구),7752,1490
2014-12-01,동구청역(4번출구),1649,615
2014-12-01,동대구LPG충전소건너,2020,122
2014-12-01,동대구LPG충전소앞,554,144
2014-12-01,동대구맨션,7378,6488
2014-12-01,동대구시장건너,11558,2140
2014-12-01,동대구시장앞,17452,5335
2014-12-01,동대구역,48949,13173
2014-12-01,동대구역건너,53239,16226
2014-12-01,동대구역복합환승센터건너,40388,4555
2014-12-01,동대구역복합환승센터앞,35959,16887
2014-12-01,동대구역수화물취급소건너,313,199
2014-12-01,동대구역수화물취급소앞,3358,240
2014-12-01,동대구역지하도1,3909,2496
2014-12-01,동대구역지하도2,621,869
2014-12-01,동대구초등학교건너,1100,71
2014-12-01,동대구초등학교앞,658,134
2014-12-01,동도중학교건너,10240,1375
2014-12-01,동도중학교앞,14699,2252
2014-12-01,동문고등학교앞,683,203
2014-12-01,동문고등학교정문,868,169
2014-12-01,동변주공그린빌건너,2380,544
2014-12-01,동변주공그린빌앞,9858,313
2014-12-01,동부경찰서건너,1462,1181
2014-12-01,동부경찰서앞,8261,277
2014-12-01,동부고교건너,1337,684
2014-12-01,동부고교앞,6469,2350
2014-12-01,동부소방서건너,1121,6718
2014-12-01,동부소방서앞,4878,425
2014-12-01,동부시외버스터미널(순환2번),1898,254
2014-12-01,동부중학교건너,4321,232
2014-12-01,동부중학교앞,1924,3204
2014-12-01,동북주유소건너,41,32
2014-12-01,동북주유소앞,3,29
2014-12-01,동산의료원앞1,30312,8030
2014-12-01,동산의료원앞2,13027,9611
2014-12-01,동서교회건너,2565,232
2014-12-01,동서교회앞,1321,858
2014-12-01,동서변리벤빌,8732,939
2014-12-01,동서변월드메르디앙아파트,2523,688
2014-12-01,동서아파트건너,137,16
2014-12-01,동서아파트앞,1,13
2014-12-01,동서화성타운건너,26883,888
2014-12-01,동서화성타운앞,13963,3421
2014-12-01,동성에스티에스건너,136,21
2014-12-01,동성에스티에스앞,76,9
2014-12-01,동성초등학교건너,2544,7075
2014-12-01,동성초등학교앞,5139,2028
2014-12-01,동신초등학교건너,2348,1058
2014-12-01,동신초등학교앞,2069,2856
2014-12-01,동아백화점수성점건너,12728,7541
2014-12-01,동아백화점수성점앞,57955,1302
2014-12-01,동아수산냉동건너,430,478
2014-12-01,동아수산냉동앞,330,34
2014-12-01,동아스포츠센터(지산중학교앞),1696,764
2014-12-01,동아스포츠센터(지산초교앞),7166,235
2014-12-01,동아제약,430,85
2014-12-01,동아제약건너,1783,21
2014-12-01,동양맨션앞,3050,155
2014-12-01,동원약품,8441,1487
2014-12-01,동원초등학교건너,910,470
2014-12-01,동원초등학교앞1,1105,473
2014-12-01,동원초등학교앞2,1773,250
2014-12-01,동인네거리1,1270,261
2014-12-01,동인네거리2,1297,679
2014-12-01,동인초등학교건너,11292,3988
2014-12-01,동인초등학교앞,8634,3592
2014-12-01,동인치안센터건너,16882,8001
2014-12-01,동인치안센터앞,8943,6103
2014-12-01,동일초등학교건너,1738,514
2014-12-01,동일초등학교앞,2538,913
2014-12-01,동천역1,480,63
2014-12-01,동천역2,1050,177
2014-12-01,동촌강나루아파트건너,1912,742
2014-12-01,동촌강나루아파트앞,3021,9724
2014-12-01,동촌역,445,162
2014-12-01,동촌역(구길),1521,158
2014-12-01,동촌역(신길)1,5839,1295
2014-12-01,동촌역(신길)2,4062,2003
2014-12-01,동촌유원지,492,184
2014-12-01,동촌유원지놀이동산앞,144,57
2014-12-01,동촌해성아파트건너,112,191
2014-12-01,동촌해성아파트앞,887,1735
2014-12-01,동촌화성타운건너,11603,877
2014-12-01,동촌화성타운앞,6804,1809
2014-12-01,동침산네거리,1320,852
2014-12-01,동침산네거리2,14,130
2014-12-01,동호동건너(북구),649,137
2014-12-01,동호동앞(북구),57,37
2014-12-01,동호육교1,252,599
2014-12-01,동호육교2,9722,160
2014-12-01,동호초등학교건너,327,7
2014-12-01,동화골든빌(남편),3677,215
2014-12-01,동화골든빌(동편),1067,1529
2014-12-01,동화골든빌(북편),59,151
2014-12-01,동화골든빌건너(남편),2,202
2014-12-01,동화교1,15,96
2014-12-01,동화교2,1488,3
2014-12-01,동화사입구건너,3445,0
2014-12-01,동화사입구앞,2,194
2014-12-01,동화시설집단지구(종점)1,165,0
2014-12-01,동화시설집단지구(종점)2(대구시민안전테마파크),5548,80
2014-12-01,두류3동파출소건너,545,35
2014-12-01,두류3동파출소앞,254,306
2014-12-01,두류공원(야외음악당건너),560,31
2014-12-01,두류공원(야외음악당앞),351,61
2014-12-01,두류공원네거리1,11066,2062
2014-12-01,두류공원네거리2,3633,2778
2014-12-01,두류도서관앞,4820,3136
2014-12-01,두류보성맨션건너,5859,266
2014-12-01,두류보성맨션앞,3064,2981
2014-12-01,두류수영장건너,15907,4141
2014-12-01,두류수영장앞,17113,2536
2014-12-01,두류역(달성고등학교건너),28387,5892
2014-12-01,두류역(달성고등학교앞),49581,16525
2014-12-01,두류정수사업소건너,16157,1191
2014-12-01,두류정수사업소앞,2024,7714
2014-12-01,두류파출소건너,517,114
2014-12-01,두류파출소앞,121,224
2014-12-01,두리봉네거리1,3845,16113
2014-12-01,두리봉네거리2,12912,1913
2014-12-01,두리봉터널입구,1415,498
2014-12-01,두리봉터널입구건너,3505,144
2014-12-01,두산동주민센터건너,14126,1496
2014-12-01,두산동주민센터앞,7520,2491
2014-12-01,두산스포츠건너,985,195
2014-12-01,두성파크아파트건너,16705,3674
2014-12-01,두성파크아파트앞,7531,6126
2014-12-01,두천마을건너,55,0
2014-12-01,둔산동,628,0
2014-12-01,들안길1,1079,701
2014-12-01,들안길2,4183,324
2014-12-01,들안길네거리1,4740,140
2014-12-01,들안길네거리2,926,1004
2014-12-01,들안길초등학교건너,3792,1004
2014-12-01,들안길초등학교앞,3961,1982
2014-12-01,들연경,6,3
2014-12-01,럭키아파트건너,263,275
2014-12-01,럭키아파트앞,2041,61
2014-12-01,롯데백화점상인점건너,9249,4897
2014-12-01,롯데캐슬그랜드,580,1110
2014-12-01,룸비니유치원건너,1930,110
2014-12-01,룸비니유치원앞,1764,212
2014-12-01,마비정벽화마을(종점),415,6
2014-12-01,만경관건너,13306,4715
2014-12-01,만경관앞,9224,3768
2014-12-01,만촌1동주민센터,2821,741
2014-12-01,만촌2동주민센터,13717,1111
2014-12-01,만촌3차화성파크드림건너,3111,222
2014-12-01,만촌그린빌라건너,763,65
2014-12-01,만촌역(1번출구),901,4347
2014-12-01,만촌우방1차건너,8575,256
2014-12-01,만촌우방1차앞,261,482
2014-12-01,만촌육교1,49579,5251
2014-12-01,만촌육교2,7290,12217
2014-12-01,만촌자전거경기장,112,52
2014-12-01,만촌천주교회앞,135,214
2014-12-01,만촌초등학교건너1,2022,544
2014-12-01,만촌초등학교건너2,2897,181
2014-12-01,만촌초등학교앞,1921,317
2014-12-01,만촌태왕리더스건너,1599,274
2014-12-01,만촌태왕리더스건너(남편),265,2679
2014-12-01,만촌태왕리더스북편,495,367
2014-12-01,만촌태왕리더스앞1,5002,9952
2014-12-01,만촌태왕리더스앞2,1805,229
2014-12-01,만촌화성파크스위트,831,39
2014-12-01,만평네거리,5534,5165
2014-12-01,만평역(서대구고속버스터미널)1,9078,2770
2014-12-01,만평역(서대구고속버스터미널)2,6623,12334
2014-12-01,망우당공원(종점),295,100
2014-12-01,망우당공원건너,1065,591
2014-12-01,망우당공원앞,2313,2669
2014-12-01,매곡(종점),482,108
2014-12-01,매곡사거리1,433,534
2014-12-01,매곡사거리2,10985,414
2014-12-01,매곡정수사업소건너,658,167
2014-12-01,매곡정수사업소앞,6,19
2014-12-01,매곡초등학교건너,17,639
2014-12-01,매골1,2,52
2014-12-01,매골2,123,7
2014-12-01,매여동(동구)저탄장,600,83
2014-12-01,매일신문사건너,139,144
2014-12-01,매일신문사앞,1744,553
2014-12-01,매천고교,1254,114
2014-12-01,매천대교1,952,185
2014-12-01,매천대교2,5,13
2014-12-01,매천성당건너1,2792,104
2014-12-01,매천성당건너2,451,113
2014-12-01,매천성당앞,4973,271
2014-12-01,매천수산시장건너,1249,137
2014-12-01,매천수산시장앞,1304,82
2014-12-01,매천시장역1,629,207
2014-12-01,매천시장역2,112,92
2014-12-01,매천시장지하차도,1296,221
2014-12-01,매천역1,482,46
2014-12-01,매천중고등학교건너,3832,3279
2014-12-01,매천중고등학교앞,9059,913
2014-12-01,매천초교(매천역)2,977,169
2014-12-01,매천화성파크드림,1037,47
2014-12-01,매천휴먼시아앞,893,83
2014-12-01,매호동서아파트앞,701,3
2014-12-01,매호성당건너,707,2
2014-12-01,메트로시티건너,3226,649
2014-12-01,메트로시티앞,1622,100
2014-12-01,메트로팔레스1,12610,1707
2014-12-01,메트로팔레스2,15581,776
2014-12-01,명곡1리입구1,20,1
2014-12-01,명곡1리입구2,7,19
2014-12-01,명곡리1,1778,503
2014-12-01,명곡리2,6388,567
2014-12-01,명곡미래빌1단지,1562,204
2014-12-01,명곡미래빌2단지건너,6,211
2014-12-01,명곡미래빌2단지앞,9903,1082
2014-12-01,명곡미래빌3단지건너,1617,773
2014-12-01,명곡미래빌3단지앞,3747,216
2014-12-01,명곡미래빌4단지,3311,278
2014-12-01,명곡미래빌5단지건너,13,84
2014-12-01,명곡미래빌5단지앞,4477,1078
2014-12-01,명곡지구앞,89,108
2014-12-01,명덕네거리1,32290,2415
2014-12-01,명덕네거리2,10864,16561
2014-12-01,명덕역(6번출구),36431,12078
2014-12-01,명덕역(7번출구),24376,4970
2014-12-01,명덕초등학교건너,16137,13721
2014-12-01,명덕초등학교앞,23510,5194
2014-12-01,명문세가APT건너,7986,1091
2014-12-01,명문세가APT앞,12459,1963
2014-12-01,명문오하임아파트건너,247,194
2014-12-01,명문오하임아파트앞,158,73
2014-12-01,명보약국건너,1656,857
2014-12-01,명보약국앞,1882,348
2014-12-01,명산교(명산화성타운건너),2933,147
2014-12-01,명성푸르지오건너,5707,1041
2014-12-01,명성푸르지오앞,24575,1892
2014-12-01,모개월앞,0,2
2014-12-01,모개월입구,8,0
2014-12-01,모다아울렛,116,1
2014-12-01,모다아울렛건너,13439,683
2014-12-01,모다아울렛앞,481,1426
2014-12-01,모래정마을건너,53,1
2014-12-01,모래정마을앞,1,0
2014-12-01,목단1리,74,0
2014-12-01,목단2리,77,1
2014-12-01,목단리,7,0
2014-12-01,묘1리,46,0
2014-12-01,묘2리(고려정밀),114,0
2014-12-01,묘2리(전마),163,0
2014-12-01,무궁화LPG충전소,7590,3141
2014-12-01,무궁화LPG충전소건너,3002,909
2014-12-01,무궁화어린이공원입구,1770,259
2014-12-01,무궁화어린이공원입구건너,3576,1956
2014-12-01,무등1리2,171,0
2014-12-01,무등1리3,29,0
2014-12-01,무등2리,3,4
2014-12-01,무등2리입구건너,58,0
2014-12-01,무등보건진료소건너,12,0
2014-12-01,무등보건진료소앞,1,5
2014-12-01,무림제지건너,695,185
2014-12-01,무림제지앞1,703,268
2014-12-01,무림제지앞2,134,88
2014-12-01,무열대건너,3390,1933
2014-12-01,무열대앞,1043,429
2014-12-01,무태교,14,697
2014-12-01,무태네거리(시내방향),14206,3836
2014-12-01,무태네거리(시외방향),3594,2611
2014-12-01,무태새마을금고건너,1286,379
2014-12-01,무태새마을금고앞,4725,230
2014-12-01,무태조야동주민센터건너1,6082,162
2014-12-01,무태조야동주민센터건너2,4795,1096
2014-12-01,무태조야동주민센터앞1,1508,425
2014-12-01,무태조야동주민센터앞2,14106,928
2014-12-01,문성병원건너,9547,3736
2014-12-01,문성병원앞,15922,4514
2014-12-01,문양기지창건너,13,267
2014-12-01,문양기지창앞,98,20
2014-12-01,문양리(서부실),1,1
2014-12-01,문양리1,98,2
2014-12-01,문양리2,4,2
2014-12-01,문양리입구1,15,20
2014-12-01,문양리입구2,1,37
2014-12-01,문양역건너,9,623
2014-12-01,문양역앞,1698,711
2014-12-01,문주마을건너,346,26
2014-12-01,문주마을앞,3,4
2014-12-01,문화예술회관건너,8991,3680
2014-12-01,문화예술회관앞,7244,3778
2014-12-01,미8군후문건너,411,217
2014-12-01,미8군후문앞,1222,43
2014-12-01,미곡동1,164,213
2014-12-01,미곡동2,1903,30
2014-12-01,미대동1,1746,50
2014-12-01,미대동2,203,144
2014-12-01,미래아트빌앞,429,315
2014-12-01,미리내맨션건너,13966,423
2014-12-01,미리내맨션앞,4222,1260
2014-12-01,민들레아파트후문건너,4074,178
2014-12-01,민들레아파트후문앞,5708,81
2014-12-01,바른병원건너,197,97
2014-12-01,박곡리(시내방향),138,0
2014-12-01,박곡리(시외방향),26,3
2014-12-01,박석진교,1,9
2014-12-01,반고개(내당역4번출구),3272,2788
2014-12-01,반고개1,6681,2996
2014-12-01,반고개2,13525,4601
2014-12-01,반송4교건너,5,5
2014-12-01,반송4교앞,175,15
2014-12-01,반송리,289,2
2014-12-01,반야월모란1차아파트,3953,1790
2014-12-01,반야월시장1,5822,2305
2014-12-01,반야월시장2,8303,1156
2014-12-01,반야월역(국철)건너,4378,2436
2014-12-01,반야월역(국철)앞,6864,1288
2014-12-01,반야월역(도시철도1번출구),1097,564
2014-12-01,반야월역(도시철도2번출구),6637,210
2014-12-01,반야월역(도시철도3번출구),5211,2360
2014-12-01,반야월역(도시철도4번출구)1,7271,1725
2014-12-01,반야월역(도시철도4번출구)2,1648,1072
2014-12-01,반야월저탄장건너,4600,2702
2014-12-01,반야월저탄장앞,8453,937
2014-12-01,반월당역(1번출구)1,33509,8367
2014-12-01,반월당역(1번출구)2,4110,4657
2014-12-01,반월당역(2번출구),54936,29699
2014-12-01,반월육교,296,1302
2014-12-01,방공포병학교건너,1595,169
2014-12-01,방공포병학교앞,749,2200
2014-12-01,방짜유기박물관건너,545,1
2014-12-01,방짜유기박물관앞,8,76
2014-12-01,방천리1,184,17
2014-12-01,방천리2,646,168
2014-12-01,방천시장(김광석길)건너,14774,5574
2014-12-01,방천시장(김광석길)앞,12166,2206
2014-12-01,방촌1동,1017,2
2014-12-01,방촌건널목,106,1266
2014-12-01,방촌맨션앞,4381,1401
2014-12-01,방촌빌라,201,894
2014-12-01,방촌시장건너,24627,3087
2014-12-01,방촌시장앞,14543,4993
2014-12-01,방촌역(1번출구),12203,4690
2014-12-01,방촌역(2번출구),9196,1015
2014-12-01,방촌치안센터건너,1517,1172
2014-12-01,방촌치안센터앞,5311,1402
2014-12-01,백사벌네거리1,1872,61
2014-12-01,백사벌네거리2,2250,949
2014-12-01,백안교1,4,15
2014-12-01,백안교2,1160,52
2014-12-01,백안삼거리1,282,101
2014-12-01,백안삼거리2,4281,86
2014-12-01,백자맨션건너,396,767
2014-12-01,백자맨션앞,4223,1727
2014-12-01,범물1동주민센터건너,7401,1277
2014-12-01,범물1동주민센터앞,39509,1573
2014-12-01,범물2동주민센터건너,3769,498
2014-12-01,범물2동주민센터앞,217,341
2014-12-01,범물두성타운건너,601,128
2014-12-01,범물우방미진하이츠앞,4364,146
2014-12-01,범물청구맨션건너,985,2353
2014-12-01,범물청구맨션앞,37553,3030
2014-12-01,범물하이츠 건너,2962,2645
2014-12-01,범물하이츠앞,20101,153
2014-12-01,범물한라주택건너,22550,749
2014-12-01,범물한라주택앞,2618,5289
2014-12-01,범어2동1,105,1881
2014-12-01,범어2동2,862,98
2014-12-01,범어4동주민센터건너,21009,5524
2014-12-01,범어4동주민센터앞,8441,7555
2014-12-01,범어쌍용예가건너,6876,6564
2014-12-01,범어쌍용예가앞,11643,2198
2014-12-01,범어역(1번출구),15640,2463
2014-12-01,범어역(2번출구),8344,3963
2014-12-01,법원건너,16008,11593
2014-12-01,법원앞,23199,4831
2014-12-01,법원어린이집,664,1164
2014-12-01,베네딕도수녀원건너,5980,2
2014-12-01,베어산업건너,539,0
2014-12-01,베어산업앞,28,20
2014-12-01,병무청중앙신체검사소,33,42
2014-12-01,보람타운건너,126,357
2014-12-01,보람타운앞,6436,1746
2014-12-01,보병50사단건너,2751,283
2014-12-01,보병50사단앞,1278,265
2014-12-01,보성기계건너,1402,207
2014-12-01,보성기계앞,17,54
2014-12-01,보성산호타운건너,3714,615
2014-12-01,보성산호타운앞,2504,979
2014-12-01,보성서한타운앞,3646,815
2014-12-01,보성은하타운앞,2405,26
2014-12-01,보성화성타운건너,21070,2180
2014-12-01,보성화성타운앞,7243,5251
2014-12-01,보훈병원건너,8,21
2014-12-01,보훈병원앞,3005,60
2014-12-01,복음간호학원,5795,440
2014-12-01,복현네거리,5571,7846
2014-12-01,복현대백맨션건너,15457,1701
2014-12-01,복현대백맨션앞,3261,2694
2014-12-01,복현서한2차아파트,2090,3003
2014-12-01,복현성모약국앞,2064,859
2014-12-01,복현오거리1,44482,8017
2014-12-01,복현오거리2,11053,3235
2014-12-01,복현오거리3,196,210
2014-12-01,복현우방아파트,8506,1295
2014-12-01,복현우체국건너,39643,3755
2014-12-01,복현우체국앞,6521,6233
2014-12-01,복현장미맨션앞,1938,802
2014-12-01,복현푸르지오아파트건너,12420,1092
2014-12-01,복현현대맨션건너,2254,43
2014-12-01,복현현대맨션앞,841,218
2014-12-01,본동시장건너,6658,731
2014-12-01,본동시장앞,1626,1352
2014-12-01,본리1리,140,35
2014-12-01,본리1리동회관건너,521,393
2014-12-01,본리1리동회관앞,40,25
2014-12-01,본리2,1446,222
2014-12-01,본리근린공원건너,5,0
2014-12-01,본리근린공원앞,0,1
2014-12-01,본리네거리,2423,355
2014-12-01,본리네거리2,7697,1217
2014-12-01,본리네거리3,1511,1035
2014-12-01,본리도서관앞,1715,284
2014-12-01,본리롯데캐슬,1880,144
2014-12-01,본리아카시아맨션,3948,1226
2014-12-01,본리지구건너,1176,383
2014-12-01,본리지구앞,6846,1049
2014-12-01,본리초등학교건너,8493,1700
2014-12-01,본리초등학교앞,6695,1602
2014-12-01,본리치안센터건너,3071,420
2014-12-01,본리치안센터앞,3138,1369
2014-12-01,본말(종점),51,0
2014-12-01,봉덕119안전센터건너,749,34
2014-12-01,봉덕119안전센터앞,495,139
2014-12-01,봉덕2동새마을금고건너,1016,222
2014-12-01,봉덕2동새마을금고앞,737,605
2014-12-01,봉덕교회건너,11706,1692
2014-12-01,봉덕교회앞,2888,959
2014-12-01,봉덕변전소건너,2332,10
2014-12-01,봉덕변전소앞,3,46
2014-12-01,봉덕시장건너1,3186,1407
2014-12-01,봉덕시장건너2,334,268
2014-12-01,봉덕시장건너3,8149,570
2014-12-01,봉덕시장앞1,12476,919
2014-12-01,봉덕시장앞2,3981,1794
2014-12-01,봉무공원건너,6694,303
2014-12-01,봉무공원앞,4167,903
2014-12-01,봉무청구새들마을건너,14973,1308
2014-12-01,봉무청구새들마을앞,1944,582
2014-12-01,봉산가구골목(동편),2846,2895
2014-12-01,봉산가구골목(서편),1654,335
2014-12-01,봉산문화거리건너,17465,6722
2014-12-01,봉산문화거리앞,10810,2951
2014-12-01,봉산육거리,3096,307
2014-12-01,봉촌1리1,412,0
2014-12-01,봉촌1리2,2,24
2014-12-01,봉촌1리3,206,0
2014-12-01,봉촌2리,87,1
2014-12-01,봉촌낙동길입구,326,0
2014-12-01,봉촌낙동길입구건너,10,29
2014-12-01,봉촌리,266,0
2014-12-01,부곡리,2,3
2014-12-01,부곡리건너,56,48
2014-12-01,부남교앞,198,2
2014-12-01,부동,854,41
2014-12-01,부동(종점),198,1
2014-12-01,부동농협,253,2
2014-12-01,부동삼거리,3,0
2014-12-01,부영3단지,2375,1468
2014-12-01,부영5단지,1813,339
2014-12-01,부영7단지건너,479,4
2014-12-01,부영7단지앞,13,29
2014-12-01,북구구민운동장건너,5952,1033
2014-12-01,북구구민운동장앞,1762,1378
2014-12-01,북구보건소건너,3383,1449
2014-12-01,북구보건소앞,7371,298
2014-12-01,북구선거관리위원회건너,4826,451
2014-12-01,북구선거관리위원회앞,6341,2526
2014-12-01,북구어울아트센터앞,66,90
2014-12-01,북구청건너,11075,3738
2014-12-01,북구청네거리1,1458,1644
2014-12-01,북구청네거리2,2575,313
2014-12-01,북구청앞,10072,1421
2014-12-01,북구청역(3번출구),11430,3680
2014-12-01,북구청역(4번출구),4547,2259
2014-12-01,북대구세무서건너,7145,866
2014-12-01,북대구세무서앞,3336,808
2014-12-01,북대구초등학교건너,2024,57
2014-12-01,북대구초등학교앞,599,150
2014-12-01,북동초등학교건너,1181,579
2014-12-01,북동초등학교앞,3641,53
2014-12-01,북리1,2864,1052
2014-12-01,북리2,17579,258
2014-12-01,북부경찰서건너,1856,892
2014-12-01,북부상수도사업소,105,863
2014-12-01,북부정류장,71887,13896
2014-12-01,북부정류장건너,36013,12253
2014-12-01,북비산네거리1,6373,4320
2014-12-01,북비산네거리2,8117,1263
2014-12-01,북중학교앞,2571,739
2014-12-01,북침산치안센터건너,5990,1472
2014-12-01,북침산치안센터앞,5648,2593
2014-12-01,불교한방병원건너1,436,168
2014-12-01,불교한방병원건너2,1740,150
2014-12-01,불교한방병원앞1,2259,129
2014-12-01,불교한방병원앞2,2648,477
2014-12-01,불로삼거리,874,9641
2014-12-01,불로우방아파트건너,6243,1957
2014-12-01,불로우방아파트앞,6946,3676
2014-12-01,불로전통시장건너,33919,2983
2014-12-01,불로전통시장앞,12880,5171
2014-12-01,불로천주교회건너,8153,2001
2014-12-01,불로천주교회앞,16508,3391
2014-12-01,불로화훼단지건너,17,331
2014-12-01,불로화훼단지앞,507,549
2014-12-01,비산5동주민센터,14,0
2014-12-01,비산6동주민센터건너,355,681
2014-12-01,비산6동주민센터앞,345,33
2014-12-01,비산7동우체국건너,2693,3635
2014-12-01,비산7동우체국앞1,9945,3259
2014-12-01,비산7동우체국앞2,6487,2096
2014-12-01,비산웰빙하와이건너,1497,22
2014-12-01,비산웰빙하와이앞,1003,77
2014-12-01,비산지하도1,8269,5224
2014-12-01,비산지하도2,17464,4034
2014-12-01,비산초등학교건너,8813,931
2014-12-01,비산초등학교앞,11774,1400
2014-12-01,비슬산휴양림주차장,10,0
2014-12-01,비원지구대건너,4270,443
2014-12-01,비원지구대앞,578,1201
2014-12-01,비철금속협업단지앞,5423,507
2014-12-01,사복동입구교차로,277,1733
2014-12-01,사복동입구교차로건너,20,452
2014-12-01,사수초등학교건너,79,30
2014-12-01,사수초등학교앞,228,0
2014-12-01,사월동(종점),637,35
2014-12-01,사월보성2차건너,27,126
2014-12-01,사월보성2차앞,2291,83
2014-12-01,사월역(2번출구),16547,2569
2014-12-01,사월역(4번출구),16422,8945
2014-12-01,사창마을건너,1,0
2014-12-01,사창마을앞,20,0
2014-12-01,산격4동주민센터건너,635,161
2014-12-01,산격4동주민센터앞,4958,568
2014-12-01,산격거평타운건너,850,2222
2014-12-01,산격거평타운앞,1545,2320
2014-12-01,산격대우아파트앞,50794,7002
2014-12-01,산격문화회관건너,7252,684
2014-12-01,산격문화회관앞,2836,1159
2014-12-01,산격종합시장앞,49355,14880
2014-12-01,산격주공아파트건너,3657,4399
2014-12-01,산격주공아파트앞,20870,2250
2014-12-01,산격중학교건너,7166,10734
2014-12-01,산격중학교앞,8608,1471
2014-12-01,산격청구맨션앞,5165,2931
2014-12-01,산격초등학교건너,9164,541
2014-12-01,산격초등학교앞,7944,731
2014-12-01,산림조합중앙회건너,1360,1648
2014-12-01,산림조합중앙회앞,1138,521
2014-12-01,산업용재관,3715,1810
2014-12-01,삼덕교회,5056,4563
2014-12-01,삼덕동1,258,292
2014-12-01,삼덕동2,160,51
2014-12-01,삼덕성당앞,6600,977
2014-12-01,삼리1리1,14,32
2014-12-01,삼리1리2,486,166
2014-12-01,삼리리1(논공),16,5
2014-12-01,삼리리2(논공),130,80
2014-12-01,삼보,907,71
2014-12-01,삼산리(범동교),12,10
2014-12-01,삼산리(삼산교회건너),160,0
2014-12-01,삼산리(삼산교회앞),2541,164
2014-12-01,삼산리(은지가든),0,25
2014-12-01,삼산리입구건너,340,1
2014-12-01,삼산리입구앞,8,113
2014-12-01,삼산지,9,0
2014-12-01,삼성공원아파트건너,196,118
2014-12-01,삼성래미안1차건너,4992,1753
2014-12-01,삼성래미안1차앞,4051,411
2014-12-01,삼성래미안2차건너,3805,647
2014-12-01,삼성래미안2차앞,3251,1408
2014-12-01,삼성명가타운,3254,988
2014-12-01,삼성명가타운건너,863,365
2014-12-01,삼성물류센터앞,113,1009
2014-12-01,삼성한국형아파트건너,1105,25
2014-12-01,삼성한국형아파트앞,796,470
2014-12-01,삼우섬유앞,387,14
2014-12-01,삼육구가든건너,192,9
2014-12-01,삼육구가든앞,57,0
2014-12-01,삼익THK건너,184,16
2014-12-01,삼익THK앞,254,35
2014-12-01,삼익뉴타운건너,6172,1668
2014-12-01,삼익뉴타운앞,9879,599
2014-12-01,삼정빌딩앞,735,200
2014-12-01,삼호아파트건너,648,169
2014-12-01,삼호아파트앞,886,1002
2014-12-01,삼환맨션,250,87
2014-12-01,상공회의소건너,3100,1294
2014-12-01,상공회의소앞,4419,784
2014-12-01,상당마을,36,0
2014-12-01,상동가압장건너,1333,100
2014-12-01,상동교1,85,59
2014-12-01,상동교2,1049,478
2014-12-01,상동네거리,3139,1391
2014-12-01,상동마을(둔산길),633,0
2014-12-01,상동시장앞,1676,314
2014-12-01,상동우체국건너,5431,1679
2014-12-01,상동우체국앞,20102,2794
2014-12-01,상동천주교회건너,282,325
2014-12-01,상동천주교회앞,1856,1739
2014-12-01,상록아파트,789,70
2014-12-01,상리공단,1546,101
2014-12-01,상리공단건너,878,396
2014-12-01,상리동입구,1389,75
2014-12-01,상리동입구1,1,110
2014-12-01,상리동입구2,2742,11
2014-12-01,상리동종점,0,14
2014-12-01,상리동종점2,1073,0
2014-12-01,상리동종점3,2185,91
2014-12-01,상리마을건너,2,1
2014-12-01,상리마을앞,30,8
2014-12-01,상리지하도1,1713,56
2014-12-01,상리지하도2,1351,45
2014-12-01,상매동(저탄장),14,8
2014-12-01,상서고등학교건너,1351,70
2014-12-01,상서고등학교앞,959,148
2014-12-01,상수도사업본부,5894,3021
2014-12-01,상수도사업본부건너,6927,12503
2014-12-01,상수도사업본부시설관리소건너,8040,1132
2014-12-01,상수도사업본부시설관리소앞,1116,878
2014-12-01,상수도중남부사업소건너,1241,551
2014-12-01,상수도중남부사업소앞,298,139
2014-12-01,상원리(마을회관),17,0
2014-12-01,상원리(전평못식당),1,0
2014-12-01,상인2동주민센터건너,4495,394
2014-12-01,상인동서타운앞,16511,2668
2014-12-01,상인동화아이위시아파트건너,18206,1184
2014-12-01,상인동화아이위시아파트앞,2136,1363
2014-12-01,상인비둘기1단지아파트건너,3742,600
2014-12-01,상인비둘기1단지아파트앞,13888,680
2014-12-01,상인비둘기2단지아파트앞,12556,1034
2014-12-01,상인삼미타운건너,2408,9918
2014-12-01,상인삼미타운앞,4412,441
2014-12-01,상인역e-편한세상앞,6520,17053
2014-12-01,상인우방아파트,11481,25206
2014-12-01,상인은행아파트건너,5525,1176
2014-12-01,상인은행아파트앞,6304,911
2014-12-01,상인자이앞,5521,2174
2014-12-01,상인장미아파트앞,9420,909
2014-12-01,상인제림아파트건너,2134,393
2014-12-01,상인제림아파트앞,1122,730
2014-12-01,상인청구타운건너,2643,569
2014-12-01,상인청구타운앞,1686,219
2014-12-01,상인초등학교앞,2949,2102
2014-12-01,상인한서타운앞,3338,801
2014-12-01,상인현대맨션건너,69419,3434
2014-12-01,상인현대맨션앞,19811,28985
2014-12-01,상인화성파크드림건너,779,682
2014-12-01,상인화성파크드림앞,1055,92
2014-12-01,상화네거리,164,908
2014-12-01,새길시장건너,9658,6709
2014-12-01,새길시장앞,31971,3669
2014-12-01,새동네아파트건너,35,5
2014-12-01,새동네아파트앞,375,1279
2014-12-01,새론초등학교건너,2368,49
2014-12-01,새론초등학교앞,418,56
2014-12-01,새마을건너,3,9
2014-12-01,새범어아파트건너,981,380
2014-12-01,새범어아파트앞,1493,135
2014-12-01,새본리중학교앞,1004,356
2014-12-01,샤니삼거리1,185,0
2014-12-01,샤니삼거리2,2,4
2014-12-01,서구문화회관건너,2587,813
2014-12-01,서구문화회관앞,6974,1418
2014-12-01,서구시장건너,17922,5412
2014-12-01,서구시장앞,13386,4224
2014-12-01,서구제일사회복지관건너,1217,2319
2014-12-01,서구제일사회복지관앞,3877,447
2014-12-01,서구청건너,38928,5572
2014-12-01,서구청앞,40633,5647
2014-12-01,서남시장건너,21445,15868
2014-12-01,서남시장앞1,26635,5310
2014-12-01,서남시장앞2,12305,2620
2014-12-01,서당마을건너,540,48
2014-12-01,서당마을앞,11,32
2014-12-01,서대구고속버스터미널,206,1954
2014-12-01,서대구공단네거리1,663,42
2014-12-01,서대구공단네거리2,284,51
2014-12-01,서대구공단네거리3,1807,275
2014-12-01,서대구공단네거리4,3874,1438
2014-12-01,서대구세무서,10115,19941
2014-12-01,서대구시장건너,9317,4517
2014-12-01,서대구시장앞,11185,4107
2014-12-01,서대구초등학교입구,18501,6840
2014-12-01,서대명지구대건너,5542,1216
2014-12-01,서대명지구대앞,1711,712
2014-12-01,서도초등학교건너,2226,1444
2014-12-01,서도초등학교서편2,12,168
2014-12-01,서도초등학교앞,7442,597
2014-12-01,서문시장,57854,8714
2014-12-01,서문시장5지구앞,1370,872
2014-12-01,서변동영남네오빌건너,4011,230
2014-12-01,서변동영남네오빌앞,3738,310
2014-12-01,서부고등학교건너,1657,417
2014-12-01,서부고등학교앞,2848,100
2014-12-01,서부공업고등학교건너,8485,9437
2014-12-01,서부공업고등학교앞,24364,1205
2014-12-01,서부소방서,4,49
2014-12-01,서부시장건너,21750,9639
2014-12-01,서부시장앞,19345,4333
2014-12-01,서부정류장(관문시장건너),77408,13816
2014-12-01,서부정류장(관문시장앞),29475,7825
2014-12-01,서부정류장1,65141,8499
2014-12-01,서부정류장2,5092,1575
2014-12-01,서부정류장3(성당못역1번출구),18615,27392
2014-12-01,서부정류장4(성당못역1번출구),2054,968
2014-12-01,서부중학교앞,6786,4736
2014-12-01,서영기공건너,247,3
2014-12-01,서영기공앞,1,34
2014-12-01,서재금봉타운,201,814
2014-12-01,서재금봉타운건너,21283,95
2014-12-01,서재들,24,3
2014-12-01,서재들건너,61,10
2014-12-01,서재보성타운건너,16244,139
2014-12-01,서재보성타운앞,182,174
2014-12-01,서진중학교건너,517,455
2014-12-01,서평초등학교,2617,1246
2014-12-01,서평초등학교건너,2296,343
2014-12-01,선녀곡건너(옥포),131,66
2014-12-01,선녀곡앞(옥포),31,293
2014-12-01,설티고개(달성공단방면),9,8
2014-12-01,설티고개(옥포방면),58,0
2014-12-01,설화동(종점),239,26
2014-12-01,설화리(시내방향),11818,859
2014-12-01,설화리(시외방향),674,671
2014-12-01,설화명곡역(4번출구),1,103
2014-12-01,섬뜸마을,478,0
2014-12-01,섬유회관건너1,46342,13603
2014-12-01,섬유회관건너2,7944,2680
2014-12-01,섬유회관앞,54613,17192
2014-12-01,성곡중학교건너,1160,463
2014-12-01,성곡중학교앞,1257,46
2014-12-01,성광고등학교건너,9204,3089
2014-12-01,성광고등학교앞,204,641
2014-12-01,성남초등학교건너,953,1506
2014-12-01,성남초등학교앞,4100,284
2014-12-01,성내3동주민센터입구,1041,1455
2014-12-01,성당두산위브앞,20828,1381
2014-12-01,성당래미안·e-편한세상앞,8675,2523
2014-12-01,성당못역북편1,562,700
2014-12-01,성당못역북편2,1647,166
2014-12-01,성당보성아파트건너,24799,5631
2014-12-01,성당보성아파트앞,10415,3142
2014-12-01,성당시장건너,24832,4550
2014-12-01,성당시장앞1,4725,448
2014-12-01,성당시장앞2,29020,2690
2014-12-01,성당초교앞,841,318
2014-12-01,성당코오롱하늘채,7363,1289
2014-12-01,성당코오롱하늘채2,11162,5165
2014-12-01,성당포스코더샵건너,4704,1344
2014-12-01,성당포스코더샵앞,11590,855
2014-12-01,성동건너,141,281
2014-12-01,성동마을건너,115,89
2014-12-01,성동마을앞,370,5
2014-12-01,성동앞,83,41
2014-12-01,성동초등학교건너,8881,1996
2014-12-01,성동초등학교앞,15111,1292
2014-12-01,성동탱자나무마을건너,19,25
2014-12-01,성동탱자나무마을앞,21,38
2014-12-01,성림첨단산업건너,88,13
2014-12-01,성림첨단산업앞,199,2
2014-12-01,성명119안전센터건너1,2557,1413
2014-12-01,성명119안전센터건너2,229,205
2014-12-01,성명119안전센터앞,1613,257
2014-12-01,성명여자중학교,431,198
2014-12-01,성모여성병원건너,26266,3526
2014-12-01,성모여성병원앞,26547,14367
2014-12-01,성보교통,1095,87
2014-12-01,성북교1,8983,1561
2014-12-01,성북교2,6709,3023
2014-12-01,성북시장건너,2250,726
2014-12-01,성북시장앞,8307,2388
2014-12-01,성불사건너,45,0
2014-12-01,성불사앞,1,3
2014-12-01,성산3동,9,9
2014-12-01,성산리1,35,41
2014-12-01,성산리2,470,93
2014-12-01,성산중학교앞,1639,173
2014-12-01,성산초등학교앞,511,114
2014-12-01,성서119안전센터건너,55,2752
2014-12-01,성서119안전센터앞,13293,112
2014-12-01,성서4차산업단지앞1,112,17
2014-12-01,성서4차산업단지앞2,495,59
2014-12-01,성서공단물류센터,556,1
2014-12-01,성서농협남부지소,9935,2775
2014-12-01,성서동서서한타운건너,3433,372
2014-12-01,성서동서서한타운앞,4881,262
2014-12-01,성서보성타운2차건너1,762,605
2014-12-01,성서보성타운2차건너2,1101,83
2014-12-01,성서보성타운2차앞,7406,1445
2014-12-01,성서산업단지역(1번출구),4821,2480
2014-12-01,성서산업단지역(2번출구),9173,1068
2014-12-01,성서서한2차타운1,7345,279
2014-12-01,성서서한2차타운2,335,615
2014-12-01,성서우방2차아파트,1457,345
2014-12-01,성서우방타운건너,17185,2626
2014-12-01,성서우방타운앞,11586,2127
2014-12-01,성서우체국건너,1354,347
2014-12-01,성서우체국앞,370,1137
2014-12-01,성서종합시장건너,17537,6161
2014-12-01,성서종합시장앞,41807,4808
2014-12-01,성서주공1단지건너,8471,830
2014-12-01,성서주공1단지앞,1783,1541
2014-12-01,성서주공2단지건너,12160,5122
2014-12-01,성서주공2단지앞,28042,2021
2014-12-01,성서주공5단지앞,429,171
2014-12-01,성서청구타운건너,7493,1341
2014-12-01,성서청구타운앞,5751,413
2014-12-01,성서초등학교건너,4103,1019
2014-12-01,성서초등학교앞,42,404
2014-12-01,성서푸른마을아파트건너,8422,878
2014-12-01,성서푸른마을아파트앞,1879,844
2014-12-01,성서한샘타운앞,1770,78
2014-12-01,성서협업단지건너,180,12
2014-12-01,성서협업단지앞,14,24
2014-12-01,성요셉요양병원건너,123,394
2014-12-01,성요셉요양병원앞,1526,105
2014-12-01,성원아파트건너,1304,188
2014-12-01,성원아파트앞,5848,372
2014-12-01,성주사건너,259,25
2014-12-01,성주사앞,9,63
2014-12-01,성지중학교건너,4606,961
2014-12-01,성지중학교앞,5925,4157
2014-12-01,성하리,15,484
2014-12-01,성화여고건너,9430,552
2014-12-01,성화여고앞,4552,3034
2014-12-01,세강병원앞,5794,18478
2014-12-01,세원정공건너,10840,337
2014-12-01,세원정공앞,1439,3194
2014-12-01,세천고개1,318,17
2014-12-01,세천고개2,228,33
2014-12-01,세천리2,316,11
2014-12-01,세천리3,595,11
2014-12-01,세하건너,2,14
2014-12-01,세하앞,0,3
2014-12-01,세흥인쇄,545,133
2014-12-01,소선여중건너,3016,3395
2014-12-01,소선여중앞,110,349
2014-12-01,솔렌스힐건너,4522,730
2014-12-01,솔렌스힐앞,1597,311
2014-12-01,솔밭기세길건너,4,23
2014-12-01,솔밭기세길입구,170,0
2014-12-01,솔비식당입구,11,0
2014-12-01,솔비식당입구맞은편,494,36
2014-12-01,송원맨션건너,9927,811
2014-12-01,송원맨션앞,2999,939
2014-12-01,송정1동,0,5
2014-12-01,송정동1,40,8
2014-12-01,송정동2,15,1
2014-12-01,송정동3,11,1
2014-12-01,송정동4,5,35
2014-12-01,송정마을1,4,15
2014-12-01,송정마을2,91,1
2014-12-01,송정삼거리1,275,206
2014-12-01,송정삼거리2,152,340
2014-12-01,송정삼거리3,3855,889
2014-12-01,송정삼거리4,6188,921
2014-12-01,송해공원,4,2
2014-12-01,송현1동치안센터건너,6150,1271
2014-12-01,송현2동주민센터건너,773,140
2014-12-01,송현공원건너,473,164
2014-12-01,송현공원앞,844,1879
2014-12-01,송현교,1079,68
2014-12-01,송현교2,96,32
2014-12-01,송현여중고교건너,2867,558
2014-12-01,송현여중고교앞,3626,3358
2014-12-01,송현역(1번출구),9511,1758
2014-12-01,송현역(2번출구),14181,2656
2014-12-01,송현역(3번출구),14269,11265
2014-12-01,송현역(4번출구),5633,2951
2014-12-01,송현제림타운건너,4286,7581
2014-12-01,송현제림타운앞,2917,557
2014-12-01,송현초등학교건너,2853,667
2014-12-01,송현초등학교앞,7941,277
2014-12-01,수리리,95,21
2014-12-01,수성4가동주민센터앞,545,94
2014-12-01,수성경찰서건너,21944,6301
2014-12-01,수성경찰서앞,14007,8894
2014-12-01,수성고등학교건너,4123,740
2014-12-01,수성고등학교앞,2862,404
2014-12-01,수성관광호텔건너,2561,279
2014-12-01,수성관광호텔앞,2240,294
2014-12-01,수성교1,6248,4142
2014-12-01,수성교2,6200,2983
2014-12-01,수성구민운동장건너,7206,1868
2014-12-01,수성구민운동장앞,5323,10022
2014-12-01,수성구보건소건너,22440,1950
2014-12-01,수성구보건소앞,9217,3303
2014-12-01,수성구청건너,22937,9229
2014-12-01,수성구청앞,22657,6237
2014-12-01,수성네거리1,13286,5202
2014-12-01,수성네거리2,11343,2226
2014-12-01,수성대학교건너,28905,7135
2014-12-01,수성대학교앞,14731,12343
2014-12-01,수성도서관건너,11962,1952
2014-12-01,수성도서관앞,5896,2325
2014-12-01,수성동삼익맨션앞,0,1
2014-12-01,수성동일하이빌앞,748,69
2014-12-01,수성랜드1,2972,113
2014-12-01,수성랜드2,708,2656
2014-12-01,수성랜드건너,1352,543
2014-12-01,수성랜드건너2,511,583
2014-12-01,수성랜드앞,958,1513
2014-12-01,수성롯데캐슬건너,10032,1579
2014-12-01,수성롯데캐슬앞,15565,4343
2014-12-01,수성못건너,622,301
2014-12-01,수성못앞,802,525
2014-12-01,수성못오거리1,11252,1975
2014-12-01,수성못오거리2,10730,2445
2014-12-01,수성못오거리5,590,325
2014-12-01,수성못코오롱하늘채,4027,2992
2014-12-01,수성소방서1,225,1116
2014-12-01,수성소방서2,130,1294
2014-12-01,수성시니어클럽건너,1718,1876
2014-12-01,수성시니어클럽앞,5364,1087
2014-12-01,수성시장건너,2291,945
2014-12-01,수성시장네거리1,10815,1793
2014-12-01,수성시장네거리2,11895,5457
2014-12-01,수성시장앞,2271,702
2014-12-01,수성아트피아건너,6294,2671
2014-12-01,수성아트피아앞,4077,1986
2014-12-01,수성요양병원,373,80
2014-12-01,수성월드메르디앙건너,565,120
2014-12-01,수성월드메르디앙앞,1038,59
2014-12-01,수성초등학교,5950,1991
2014-12-01,수성태영데시앙건너,1324,566
2014-12-01,수성태영데시앙앞,3393,409
2014-12-01,수성하이츠,2346,154
2014-12-01,수정맨션앞,1495,132
2014-12-01,수창초등학교,679,3271
2014-12-01,스파밸리1,57,174
2014-12-01,스파밸리2,6153,23
2014-12-01,시립희망원,795,353
2014-12-01,시민교회건너,767,95
2014-12-01,시민교회앞,507,439
2014-12-01,시민운동장(야구장건너),1855,496
2014-12-01,시민운동장(야구장앞),1853,529
2014-12-01,시민운동장(축구장건너),3332,3318
2014-12-01,시민운동장(축구장앞),4718,675
2014-12-01,시지(종점),1564,328
2014-12-01,시지대성유니드건너,601,32
2014-12-01,시지대성유니드앞,1816,1407
2014-12-01,시지보성아파트앞,21933,7673
2014-12-01,시지중학교,16713,1035
2014-12-01,시지천마타운앞,3184,1261
2014-12-01,시청별관건너1,7225,2399
2014-12-01,시청별관건너2,5162,958
2014-12-01,시청별관앞(구.경북도청),4819,3586
2014-12-01,신기리1,29,24
2014-12-01,신기리2,152,50
2014-12-01,신기역(화성타운건너),7971,1144
2014-12-01,신기역(화성타운앞),10563,1088
2014-12-01,신남역(1번출구),4057,1129
2014-12-01,신당동주민센터건너,1461,710
2014-12-01,신당동주민센터앞,8337,494
2014-12-01,신당리,962,17
2014-12-01,신덕마을입구,240,105
2014-12-01,신도운수건너,962,127
2014-12-01,신도운수앞,816,94
2014-12-01,신매광장건너,35213,6969
2014-12-01,신매광장앞,40395,6810
2014-12-01,신매시장,4169,9299
2014-12-01,신매초등학교건너,8142,1519
2014-12-01,신매초등학교앞,7456,2007
2014-12-01,신매태성아파트,73,444
2014-12-01,신매태성아파트건너,5479,1910
2014-12-01,신무동1,432,0
2014-12-01,신무동2,2,5
2014-12-01,신생원앞,6,0
2014-12-01,신서롯데캐슬레전드서편건너,23,252
2014-12-01,신서롯데캐슬레전드서편앞,212,78
2014-12-01,신서성당건너,2953,412
2014-12-01,신서성당앞,6,191
2014-12-01,신성에스앤티건너,516,45
2014-12-01,신성에스앤티앞,127,2
2014-12-01,신성중공업건너,3,92
2014-12-01,신성중공업앞,285,0
2014-12-01,신성초등학교건너,6409,7585
2014-12-01,신성초등학교앞,6232,1088
2014-12-01,신세계병원건너,18962,11606
2014-12-01,신세계병원앞,8582,8287
2014-12-01,신세계주유소건너,6274,232
2014-12-01,신세계주유소앞,821,989
2014-12-01,신세월입구,32,0
2014-12-01,신신정비공장1,8432,4756
2014-12-01,신신정비공장2,25115,19933
2014-12-01,신암건영캐스빌건너,3286,531
2014-12-01,신암건영캐스빌앞,1392,66
2014-12-01,신암보성아파트건너,1192,531
2014-12-01,신암보성아파트앞,920,886
2014-12-01,신암초등학교건너,4116,2056
2014-12-01,신천3동행정복지센터건너,3157,437
2014-12-01,신천3동행정복지센터앞,1631,1628
2014-12-01,신천3치안센터건너,3017,998
2014-12-01,신천3치안센터앞,4558,2654
2014-12-01,신천LH아파트건너,7220,1598
2014-12-01,신천LH아파트앞,11365,3770
2014-12-01,신천교1,1752,705
2014-12-01,신천교2,1453,225
2014-12-01,신천시장건너,2605,484
2014-12-01,신천시장앞,3323,1016
2014-12-01,신천역(2번출구),3347,1514
2014-12-01,신천역(3번출구),1962,647
2014-12-01,신천역(4번출구),5761,1659
2014-12-01,신천역(5번출구),7442,1518
2014-12-01,신천초등학교건너,506,35
2014-12-01,신천초등학교앞,275,76
2014-12-01,신평동1,385,1148
2014-12-01,신평동2,2039,128
2014-12-01,신평리네거리1,18517,8014
2014-12-01,신평리네거리2,23621,7529
2014-12-01,신평리주유소건너,1337,194
2014-12-01,신평리주유소앞,497,271
2014-12-01,신흥버스,14573,2397
2014-12-01,실내체육관건너,3337,584
2014-12-01,실내체육관앞,3542,1231
2014-12-01,심신수련장입구건너,1322,153
2014-12-01,심신수련장입구앞,661,132
2014-12-01,심인고등학교건너,20197,2747
2014-12-01,심인고등학교앞,11142,1811
2014-12-01,쌍용머티리얼,1325,57
2014-12-01,아너스월성앞,3130,401
2014-12-01,아멕스,379,14
2014-12-01,아멕스건너,704,4
2014-12-01,아양교1,2795,893
2014-12-01,아양교2,11072,12083
2014-12-01,아양교3,874,18053
2014-12-01,아양교4,4580,746
2014-12-01,아양교역(1번출구),60223,57098
2014-12-01,아양교역(2번출구),69734,7278
2014-12-01,아양아트센터건너,3553,289
2014-12-01,아양아트센터앞,1190,229
2014-12-01,아주섬유건너,25,35
2014-12-01,아주섬유앞,107,2
2014-12-01,아주철강건너,80,16
2014-12-01,아주철강앞,87,8
2014-12-01,안심교(경산방향),67,32
2014-12-01,안심교(반야월방향),418,4969
2014-12-01,안심신우타운앞,1610,3079
2014-12-01,안심역(1번출구),611,18
2014-12-01,안심역(4번출구),37016,228
2014-12-01,안심역(5번출구),4447,30268
2014-12-01,안심주공1단지건너,10684,1307
2014-12-01,안심주공1단지앞,5185,643
2014-12-01,안심주공2단지앞,385,1031
2014-12-01,안심중학교건너,1147,1781
2014-12-01,안심중학교앞,1606,846
2014-12-01,안심효성타운건너,9624,1584
2014-12-01,안심효성타운앞,19631,1626
2014-12-01,안지랑네거리1,20433,6896
2014-12-01,안지랑네거리2,24041,6839
2014-12-01,앞산공원,7718,2672
2014-12-01,앞산공원관리사무소건너,146,28
2014-12-01,앞산공원관리사무소앞,5,925
2014-12-01,앞산궁도장건너,750,142
2014-12-01,앞산궁도장앞,237,16
2014-12-01,앞산별자리체험학습장1,3333,36
2014-12-01,앞산별자리체험학습장2,90,492
2014-12-01,앞산보성타운건너,40,37
2014-12-01,앞산보성타운앞,2367,6
2014-12-01,앞산빨래터공원,649,94
2014-12-01,앞산빨래터공원1,731,67
2014-12-01,앞산자락카페마실건너,32,121
2014-12-01,앞산자락카페마실앞,869,292
2014-12-01,앞산청구제네스건너,5554,1840
2014-12-01,앞산청구제네스앞,11897,1762
2014-12-01,앞산힐스테이트건너,2544,513
2014-12-01,앞산힐스테이트앞,984,240
2014-12-01,약령시건너(동성로입구),173363,27660
2014-12-01,약령시앞,123528,52893
2014-12-01,약령시입구,2984,1573
2014-12-01,약사회관건너,372,53
2014-12-01,약사회관앞,555,37
2014-12-01,약산온천입구,574,139
2014-12-01,양지마을건너,153,251
2014-12-01,양지마을앞,3570,22
2014-12-01,어린이회관건너1,2371,4269
2014-12-01,어린이회관건너2,27,382
2014-12-01,어린이회관앞,5387,2900
2014-12-01,에이스이노텍건너,123,10
2014-12-01,에이스이노텍앞,346,140
2014-12-01,엑스코건너,3685,1000
2014-12-01,엑스코앞,11515,458
2014-12-01,엘디스리젠트호텔건너,5767,4104
2014-12-01,엘디스리젠트호텔앞,3442,5146
2014-12-01,여성메디파크,729,543
2014-12-01,역전시장건너,4302,998
2014-12-01,역전시장앞,4420,874
2014-12-01,연경1,59,14
2014-12-01,연경2,175,0
2014-12-01,연암네거리1,16034,2854
2014-12-01,연암네거리2,3221,411
2014-12-01,연암네거리3,213,1890
2014-12-01,연젓마을건너,11,0
2014-12-01,연호동,0,5
2014-12-01,연호동(종점),36,0
2014-12-01,연호동화훼단지1,3329,2234
2014-12-01,연호동화훼단지2,10681,618
2014-12-01,연호역(3번출구),59,5
2014-12-01,연호역(3번출구)건너,0,53
2014-12-01,연호지,187,297
2014-12-01,연호지건너,209,4428
2014-12-01,연화리1,1,1
2014-12-01,연화리2,1,106
2014-12-01,열병합발전소건너,3,0
2014-12-01,영남고등학교건너,16469,15361
2014-12-01,영남고등학교앞,34830,3051
2014-12-01,영남네오빌건너,778,31
2014-12-01,영남네오빌비스타,1015,212
2014-12-01,영남네오빌앞,204,364
2014-12-01,영남농업연구소콩연구,3,3
2014-12-01,영남우방타운1차건너,3721,329
2014-12-01,영남우방타운1차앞,5110,275
2014-12-01,영남이공대학건너,11817,2677
2014-12-01,영남이공대학앞,22975,981
2014-12-01,영남일보건너,3011,395
2014-12-01,영남종합전기,415,89
2014-12-01,영대병원역,36363,3073
2014-12-01,영대병원역(3번출구),28974,12784
2014-12-01,영일무역건너,371,10
2014-12-01,영일무역앞,173,84
2014-12-01,영조아파트건너,6,27
2014-12-01,영조아파트앞,1535,4
2014-12-01,영진고등학교건너,18212,2265
2014-12-01,영진고등학교앞,37145,14284
2014-12-01,영진교통(종점),61,8
2014-12-01,영진산업,304,1
2014-12-01,영진전문대학정문건너,8362,1542
2014-12-01,영진전문대학정문앞,15134,3152
2014-12-01,영진전문대학후문건너,21734,4386
2014-12-01,영진전문대학후문앞,31349,10919
2014-12-01,영화,576,98
2014-12-01,예현2리마을회관,302,3
2014-12-01,오뚜기물류센터,205,12
2014-12-01,오성아파트,186,4698
2014-12-01,오페라삼정그린코아APT,13499,2320
2014-12-01,오페라하우스건너,1012,354
2014-12-01,오페라하우스앞,1015,315
2014-12-01,옥분리(구진터),110,1
2014-12-01,옥분리1,19,17
2014-12-01,옥분리마을회관앞,182,0
2014-12-01,옥산정미소,249,4
2014-12-01,옥연지,0,2
2014-12-01,옥연지건너,10,31
2014-12-01,옥포간경리1,1372,636
2014-12-01,옥포간경리2,7525,411
2014-12-01,옥포농협,259,20
2014-12-01,옥포농협강림지소건너,763,380
2014-12-01,옥포농협강림지소앞,4855,69
2014-12-01,옥포농협건너,4450,106
2014-12-01,옥포농협앞,903,219
2014-12-01,옥포무지개마을,3602,112
2014-12-01,옥포주유소앞,175,101
2014-12-01,옥포중앙교회앞,83,26
2014-12-01,옥포초등학교건너,715,471
2014-12-01,옥포초등학교앞,4003,556
2014-12-01,온누리교회,42,5
2014-12-01,올림픽기념관건너,7130,3399
2014-12-01,올림픽기념관앞,11915,1911
2014-12-01,와룡공원건너,305,580
2014-12-01,와룡공원앞,851,117
2014-12-01,와룡시장,5671,245
2014-12-01,와룡시장건너,1769,423
2014-12-01,용계동1,60,39
2014-12-01,용계동2,407,503
2014-12-01,용계동3,2015,120
2014-12-01,용계동4,294,112
2014-12-01,용계삼거리1,8943,8347
2014-12-01,용계삼거리2,2217,1173
2014-12-01,용계삼거리3,445,471
2014-12-01,용계삼거리4,428,130
2014-12-01,용계역(1번출구),16825,2938
2014-12-01,용계역(2번출구),6398,904
2014-12-01,용금공단앞,18,2
2014-12-01,용산1동주민센터건너,7405,2920
2014-12-01,용산1동주민센터앞,3395,1294
2014-12-01,용산2동주민센터건너,4051,1801
2014-12-01,용산2동주민센터앞,29418,1941
2014-12-01,용산네거리1,21276,3978
2014-12-01,용산네거리2,49280,12797
2014-12-01,용산역,1289,98
2014-12-01,용산역(1번출구),890,233
2014-12-01,용산역(2번출구),33778,5167
2014-12-01,용산종합큰시장건너,12350,763
2014-12-01,용산종합큰시장앞,5941,1481
2014-12-01,용수동1,2,5
2014-12-01,용수동2,130,0
2014-12-01,용연사,222,11
2014-12-01,용연사시설집단지구건너,80,0
2014-12-01,용연사시설집단지구앞,3,9
2014-12-01,우록리(부곡장식당),3,3
2014-12-01,우록리(선흥사입구),8,17
2014-12-01,우록리(종점),11700,5114
2014-12-01,우방강촌마을건너,27318,1025
2014-12-01,우방강촌마을앞,10698,1797
2014-12-01,우방금탑아파트(서편),2200,5700
2014-12-01,우방드림시티건너,2192,3826
2014-12-01,우방드림시티앞,6830,1278
2014-12-01,우방만촌하이츠건너,4072,1882
2014-12-01,우방만촌하이츠앞,4249,3180
2014-12-01,우방송현하이츠,605,126
2014-12-01,우방송현하이츠건너,243,29
2014-12-01,우방신세계타운앞,5,0
2014-12-01,우방신천지타운건너,3066,380
2014-12-01,우방신천지타운앞,10071,2438
2014-12-01,우방아파트삼거리,189,216
2014-12-01,우방죽전타운건너,8771,3576
2014-12-01,우방죽전타운앞1,6459,793
2014-12-01,우방죽전타운앞2,1799,205
2014-12-01,우방청솔맨션건너,9996,1793
2014-12-01,우방청솔맨션앞,12998,15448
2014-12-01,욱수초등학교건너,5018,2232
2014-12-01,욱수초등학교앞,31652,1034
2014-12-01,운암지공원1,358,2
2014-12-01,운암지공원2,7,202
2014-12-01,운암초등학교건너,9881,736
2014-12-01,운암초등학교앞,9685,50
2014-12-01,웃갈미마을건너,137,5
2014-12-01,웃갈미마을앞,0,19
2014-12-01,웃는얼굴아트센터1,552,45
2014-12-01,웃는얼굴아트센터2,1131,77
2014-12-01,원대네거리,742,113
2014-12-01,원대시장건너,18496,2396
2014-12-01,원대시장건너2,1268,527
2014-12-01,원대시장앞,12792,5396
2014-12-01,원대역1,12615,20023
2014-12-01,원대역2,17379,2647
2014-12-01,원대오거리북편1,2420,2175
2014-12-01,원대오거리북편2,626,250
2014-12-01,원불교앞,608,532
2014-12-01,월곡네거리,150,504
2014-12-01,월광수변공원,2485,139
2014-12-01,월드컵삼거리,549,157
2014-12-01,월드컵삼거리앞,348,730
2014-12-01,월배농협대덕지점건너,2842,391
2014-12-01,월배시장건너,13266,4434
2014-12-01,월배시장앞,13652,1521
2014-12-01,월배쌍용예가건너,1130,7
2014-12-01,월배쌍용예가앞,4,38
2014-12-01,월배역(3번출구),8540,7635
2014-12-01,월배역(4번출구),9150,2418
2014-12-01,월배이안아파트건너,63,0
2014-12-01,월배이안아파트앞,19,17
2014-12-01,월배중학교건너,1426,1524
2014-12-01,월배중학교앞,697,541
2014-12-01,월배차량기지건너,1,26
2014-12-01,월배차량기지앞,380,69
2014-12-01,월배초등학교건너,7600,2696
2014-12-01,월배힐스테이트건너,1566,24
2014-12-01,월배힐스테이트앞,10,65
2014-12-01,월성1동주민센터건너,6762,1408
2014-12-01,월성1동주민센터앞,4093,173
2014-12-01,월성2동주민센터건너,14086,1564
2014-12-01,월성2동주민센터앞,26959,2379
2014-12-01,월성e-편한세상건너,14947,2219
2014-12-01,월성e-편한세상앞,960,2220
2014-12-01,월성영남맨션앞,594,275
2014-12-01,월성자이앞,158,326
2014-12-01,월성주공2단지앞,10223,1433
2014-12-01,월성주공3단지,1376,685
2014-12-01,월성주공4단지건너,32732,3871
2014-12-01,월성주공4단지앞1,2395,185
2014-12-01,월성주공4단지앞2,18165,2977
2014-12-01,월성주공5단지앞,6831,4588
2014-12-01,월성청구코아건너,20856,1775
2014-12-01,월성청구코아앞,16053,4109
2014-12-01,월성코오롱하늘채건너,377,61
2014-12-01,월성코오롱하늘채앞,3019,254
2014-12-01,월성푸르지오앞,16891,2820
2014-12-01,월암교1,856,2
2014-12-01,월암교2,332,38
2014-12-01,월촌고가교1,344,293
2014-12-01,월촌고가교2,1657,139
2014-12-01,월촌역(6번출구),17052,1654
2014-12-01,월촌역(7번출구),7626,3382
2014-12-01,월촌초등학교건너,943,185
2014-12-01,월촌초등학교앞,1230,757
2014-12-01,위남마을입구,3286,451
2014-12-01,위천1리건너,379,32
2014-12-01,위천1리앞,1344,42
2014-12-01,위천삼거리(논공방향),280,30
2014-12-01,위천삼거리(현풍방향),183,104
2014-12-01,유가면사무소건너,14,16
2014-12-01,유가면사무소앞,8,1
2014-12-01,유가사(종점),91,6
2014-12-01,유가차천,1560,70
2014-12-01,유가차천1,287,325
2014-12-01,유곡리(회차지),36,16
2014-12-01,유니버시아드레포츠센터건너,2878,1009
2014-12-01,유니버시아드레포츠센터앞,1195,594
2014-12-01,유니버시아드선수촌2단지건너,12044,4105
2014-12-01,유니버시아드선수촌2단지앞,3059,602
2014-12-01,유림물산,1316,341
2014-12-01,유림한의원건너,767,211
2014-12-01,유산리,142,2
2014-12-01,유신섬유네거리1,673,67
2014-12-01,유신섬유네거리2,2757,50
2014-12-01,유천교(유천치안센터건너),9761,4965
2014-12-01,유천교(유천치안센터앞),17882,11062
2014-12-01,유천교1,10336,353
2014-12-01,유천교2,590,2785
2014-12-01,유천포스코건너,2582,111
2014-12-01,유천포스코앞,3453,5215
2014-12-01,유통단지회차지,510,111
2014-12-01,유통단지회차지2,2542,72
2014-12-01,육상진흥센터건너,159,30
2014-12-01,육상진흥센터앞,174,190
2014-12-01,육신사,104,15
2014-12-01,율원초등학교건너,9,1290
2014-12-01,율원초등학교앞,3021,109
2014-12-01,율하역,686,2346
2014-12-01,율하역(4번출구),9891,1597
2014-12-01,율하역(5번출구),8211,728
2014-12-01,율하휴먼시아15단지앞,7672,3871
2014-12-01,율하휴먼시아5단지건너,112,197
2014-12-01,율하휴먼시아5단지앞,1830,579
2014-12-01,율하휴먼시아6단지건너,979,516
2014-12-01,율하휴먼시아6단지앞,9691,589
2014-12-01,율하휴먼시아8단지앞,7912,242
2014-12-01,율하휴먼시아9단지앞,1550,458
2014-12-01,은하타운건너,733,901
2014-12-01,은하타운앞,1008,1570
2014-12-01,은행APT입구,308,350
2014-12-01,읍내동주민센터건너,4911,1665
2014-12-01,읍내동주민센터앞,250,59
2014-12-01,응암1리1,97,5
2014-12-01,응암1리2,9,0
2014-12-01,응암2리,48,3
2014-12-01,응암2리건너,7,108
2014-12-01,응암2리앞,7,46
2014-12-01,응암3리2,3,0
2014-12-01,응암3리입구,2,0
2014-12-01,이곡1동주민센터건너,7113,507
2014-12-01,이곡1동주민센터앞,3118,2394
2014-12-01,이곡마을,197,13
2014-12-01,이곡양수장건너,20,36
2014-12-01,이곡양수장앞,68,559
2014-12-01,이곡장미공원건너,3930,668
2014-12-01,이곡장미공원앞,3368,716
2014-12-01,이노밸리로1,79,93
2014-12-01,이노밸리로2,15,39
2014-12-01,이마트경산점,7567,2703
2014-12-01,이마트반야월점건너,1002,180
2014-12-01,이마트반야월점앞,2457,714
2014-12-01,이마트시지점건너,3287,1214
2014-12-01,이마트시지점앞,363,397
2014-12-01,이마트월배점건너,254,2261
2014-12-01,이마트월배점앞,7095,782
2014-12-01,이마트칠성점앞,2038,1295
2014-12-01,이마트트레이더스건너,15412,2846
2014-12-01,이마트트레이더스앞,15034,3952
2014-12-01,이시아폴리스더샵1단지,36386,1132
2014-12-01,이시아폴리스더샵2단지,2829,737
2014-12-01,이월드(구.우방랜드)건너,1094,104
2014-12-01,이월드(구.우방랜드)앞,330,127
2014-12-01,이월드(구.우방랜드)정문,3782,5443
2014-12-01,이월드(구.우방랜드)후문건너,2321,1195
2014-12-01,이월드(구.우방랜드)후문앞,1632,304
2014-12-01,이천동,9,16
2014-12-01,이천동(종점),77,0
2014-12-01,이천리(시내방향),157,2
2014-12-01,이천리(시외방향),157,0
2014-12-01,이천새마을금고건너,8126,535
2014-12-01,이천치안센터건너,1673,2310
2014-12-01,이현고개삼거리,0,1
2014-12-01,이현삼거리1,60,109
2014-12-01,이현삼거리2,732,90
2014-12-01,이현삼거리3,2513,837
2014-12-01,이현자동차검사소건너,1703,263
2014-12-01,이현자동차검사소앞,742,100
2014-12-01,이현지구대건너,577,336
2014-12-01,이현지구대앞,356,134
2014-12-01,인동촌시장건너,2767,1648
2014-12-01,인동촌시장입구,10116,533
2014-12-01,인산마을건너,645,3
2014-12-01,인산마을앞,26,37
2014-12-01,인터불고호텔,643,45
2014-12-01,일심제약,89,32
2014-12-01,입석중학교건너,8591,2621
2014-12-01,입석중학교앞,3840,1523
2014-12-01,잉꼬아파트건너,624,121
2014-12-01,잉꼬아파트앞,1257,1006
2014-12-01,자모공원,42,13
2014-12-01,장관빌라건너,1550,132
2014-12-01,장관빌라앞,911,97
2014-12-01,장기영남네오빌,58,22
2014-12-01,장기초등학교,1030,333
2014-12-01,장기초등학교1,7,46
2014-12-01,장기초등학교2,44,2
2014-12-01,장기초록나라건너,2748,3080
2014-12-01,장기초록나라앞,5263,322
2014-12-01,장기파랑새마을앞,49,51
2014-12-01,장동초등학교건너,2794,41
2014-12-01,장동초등학교앞,106,575
2014-12-01,장산초등학교건너,339,39
2014-12-01,장산초등학교앞,828,129
2014-12-01,장성초등학교건너,656,7022
2014-12-01,장성초등학교앞,397,1670
2014-12-01,장태실마을건너,493,1004
2014-12-01,장태실마을앞,21,51
2014-12-01,적십자혈액원건너,2715,581
2014-12-01,적십자혈액원앞,2102,688
2014-12-01,전기안전공사건너,1256,1156
2014-12-01,전기안전공사앞,2341,298
2014-12-01,전기재료관1,373,434
2014-12-01,전기재료관2,97,223
2014-12-01,전자관,3665,943
2014-12-01,전자상가,10129,1649
2014-12-01,정대2리(마내미골)종점,5568,2518
2014-12-01,정대2리마을회관앞,3,5
2014-12-01,정대숲건너,0,1
2014-12-01,정동고등학교건너,4859,1597
2014-12-01,정동고등학교앞,9216,537
2014-12-01,정부대구지방합동청사건너,351,41
2014-12-01,정부대구지방합동청사앞,168,59
2014-12-01,정부대구지방합동청사후문1,918,613
2014-12-01,정화우방팔레스,12356,4579
2014-12-01,정화우방팔레스건너,21661,2483
2014-12-01,제일규산,1046,52
2014-12-01,제일여자상업고등학교건너,16841,5109
2014-12-01,제일여자상업고등학교앞,16954,2346
2014-12-01,조달청건너,3280,1650
2014-12-01,조달청앞,6100,593
2014-12-01,조암네거리1,251,28
2014-12-01,조암네거리2,618,519
2014-12-01,조암초등학교건너,17,3
2014-12-01,조암초등학교앞,132,12
2014-12-01,조야동(종점),10046,498
2014-12-01,조일로봇고등학교(종점),5002,333
2014-12-01,주1리1,13,11
2014-12-01,주1리2,457,26
2014-12-01,주2리(최정사입구),1,7
2014-12-01,주2리1,99,0
2014-12-01,주리(삼진식당),2,2
2014-12-01,죽곡2지구1,11,0
2014-12-01,죽곡2지구2,4,36
2014-12-01,죽전119안전센터건너,3197,1636
2014-12-01,죽전119안전센터앞,4374,599
2014-12-01,죽전그린빌건너,3169,2328
2014-12-01,죽전그린빌앞,10472,836
2014-12-01,죽전네거리1,30372,4343
2014-12-01,죽전네거리2,16737,6299
2014-12-01,중구보건소건너,2853,5445
2014-12-01,중구보건소앞,1948,1433
2014-12-01,중구청건너,22541,3400
2014-12-01,중구청앞,23763,12464
2014-12-01,중대1동회관앞,1861,1
2014-12-01,중동교1,3414,6537
2014-12-01,중동교2,989,160
2014-12-01,중동네거리1,4222,925
2014-12-01,중동네거리2,2654,5092
2014-12-01,중동서울아파트건너,165,80
2014-12-01,중동서울아파트앞,17,0
2014-12-01,중동시장건너,14678,4778
2014-12-01,중동시장앞,19170,1799
2014-12-01,중동주민센터건너,483,93
2014-12-01,중동주민센터앞,359,172
2014-12-01,중동치안센터건너,1100,124
2014-12-01,중동치안센터앞,401,129
2014-12-01,중리광명맨션건너,13353,1325
2014-12-01,중리광명맨션앞,7892,1418
2014-12-01,중리네거리1,5073,1038
2014-12-01,중리네거리2,5061,933
2014-12-01,중리롯데캐슬건너,8960,5044
2014-12-01,중리롯데캐슬서편,3876,1192
2014-12-01,중리롯데캐슬앞,13430,1598
2014-12-01,중리롯데캐슬정문앞,565,89
2014-12-01,중리마을,1757,3
2014-12-01,중리삼거리1,10,109
2014-12-01,중리삼거리2,1136,1
2014-12-01,중리시장건너1,269,129
2014-12-01,중리시장건너2,535,155
2014-12-01,중리시장앞,6142,933
2014-12-01,중리중학교,597,55
2014-12-01,중마을(갓바위방향),58,166
2014-12-01,중마을(시내방향),194,0
2014-12-01,중뫼마을건너,300,11
2014-12-01,중뫼마을앞,24,3
2014-12-01,중부소방서건너,1476,1051
2014-12-01,중부소방서앞,5909,1447
2014-12-01,중석타운건너,81,286
2014-12-01,중석타운앞,8239,96
2014-12-01,중소기업관건너,32,569
2014-12-01,중소기업관앞,1297,111
2014-12-01,중소기업지원센터,261,69
2014-12-01,중심마을,88,19
2014-12-01,중앙일보건너,1176,674
2014-12-01,중앙일보앞,4504,60
2014-12-01,지묘동1,3280,412
2014-12-01,지묘동2,8247,95
2014-12-01,지묘초등학교건너,6449,252
2014-12-01,지묘초등학교앞,544,98
2014-12-01,지산2길입구,193,1
2014-12-01,지산2길입구건너,100,4
2014-12-01,지산동서맨션건너,5826,1184
2014-12-01,지산동서맨션앞,16819,566
2014-12-01,지산목련아파트건너,20011,1175
2014-12-01,지산목련아파트앞,10012,2222
2014-12-01,지산시영아파트1단지건너,1730,1206
2014-12-01,지산시영아파트1단지앞,5436,211
2014-12-01,지산영남맨션앞,2493,1696
2014-12-01,지산우방아파트,4863,936
2014-12-01,지산중학교입구,350,219
2014-12-01,지산청구타운건너,2191,1808
2014-12-01,지산청구타운앞,16388,725
2014-12-01,지산타운건너,22072,635
2014-12-01,지산타운앞,2419,6300
2014-12-01,지산한라타운건너,16822,399
2014-12-01,지산한라타운앞,3484,3274
2014-12-01,지산현대주택건너,3936,1649
2014-12-01,지산현대주택앞,13472,1728
2014-12-01,지산화성파크드림,1623,476
2014-12-01,지저동행정복지센터건너,16900,2158
2014-12-01,지저동행정복지센터앞,4453,939
2014-12-01,진달래아파트건너,7766,2186
2014-12-01,진달래아파트앞,11199,3313
2014-12-01,진월초등학교건너,1227,794
2014-12-01,진월초등학교앞,617,556
2014-12-01,진인동(양지마을)건너,3,9
2014-12-01,진인동(양지마을)앞,93,4
2014-12-01,진인동(진정마을)1,52,3
2014-12-01,진인동(진정마을)2,5,0
2014-12-01,진정마을1,1014,5
2014-12-01,진정마을2,24,5
2014-12-01,진천역(1번출구),36709,5183
2014-12-01,진천역(2번출구),18698,6214
2014-12-01,진천청구타운건너,710,453
2014-12-01,진천청구타운앞,2929,279
2014-12-01,징리보건소,55,1
2014-12-01,차량등록사업소건너,434,666
2014-12-01,차량등록사업소앞,665,215
2014-12-01,창1리1,2,0
2014-12-01,창1리2,61,30
2014-12-01,천내영남맨션,7,0
2014-12-01,첨단의료산업진흥재단건너,136,50
2014-12-01,첨단의료산업진흥재단앞,93,115
2014-12-01,청구고등학교건너,13688,1906
2014-12-01,청구고등학교앞,20239,4118
2014-12-01,청구그린맨션1차건너,8755,1716
2014-12-01,청구그린맨션1차앞,12859,2507
2014-12-01,청구시장건너,5973,404
2014-12-01,청구시장건너2,372,215
2014-12-01,청구시장북편,2015,247
2014-12-01,청구시장북편건너,2801,365
2014-12-01,청구시장앞,5399,780
2014-12-01,청구중동아파트,214,602
2014-12-01,청구타운건너,1133,1194
2014-12-01,청구타운앞,1191,251
2014-12-01,청기와주유소건너,17199,3069
2014-12-01,청기와주유소앞,14246,2245
2014-12-01,청남타운건너,1081,40
2014-12-01,청남타운앞,304,454
2014-12-01,청백다례원,1114,1095
2014-12-01,청소년수련원건너,300,77
2014-12-01,청소년수련원앞,419,488
2014-12-01,청아람푸르지오2단지1,0,5
2014-12-01,청아람푸르지오2단지2,106,4
2014-12-01,청운맨션건너,1021,220
2014-12-01,청운맨션앞,666,546
2014-12-01,초곡리입구건너,12,5
2014-12-01,초곡리입구앞,22,19
2014-12-01,충혼탑건너,3367,42
2014-12-01,충혼탑앞,46,697
2014-12-01,측백수림건너,442,0
2014-12-01,측백수림앞,26,11
2014-12-01,칠곡2차영남타운건너,3119,311
2014-12-01,칠곡2차영남타운앞,3731,575
2014-12-01,칠곡3차보성타운1,985,268
2014-12-01,칠곡3차보성타운2,7358,445
2014-12-01,칠곡3차화성타운1,4622,61
2014-12-01,칠곡3차화성타운2,8062,143
2014-12-01,칠곡3차화성타운3,33,245
2014-12-01,칠곡경대병원역,28,416
2014-12-01,칠곡경북대병원,973,191
2014-12-01,칠곡경북대병원정문건너,290,251
2014-12-01,칠곡경북대병원정문앞,3634,22
2014-12-01,칠곡경북대병원후문건너,4482,298
2014-12-01,칠곡경북대병원후문앞,332,29
2014-12-01,칠곡그린빌2차건너,8866,434
2014-12-01,칠곡그린빌2차앞,16589,987
2014-12-01,칠곡그린빌3차건너,13479,345
2014-12-01,칠곡그린빌3차앞,465,991
2014-12-01,칠곡그린빌5단지건너,1935,176
2014-12-01,칠곡그린빌5단지앞,2519,1107
2014-12-01,칠곡그린빌6단지건너,617,106
2014-12-01,칠곡그린빌6단지앞,150,40
2014-12-01,칠곡그린파크1,9315,1967
2014-12-01,칠곡그린파크2,20390,919
2014-12-01,칠곡네스빌,121,130
2014-12-01,칠곡대백맨션건너,4616,52
2014-12-01,칠곡대백맨션앞,182,480
2014-12-01,칠곡동화아파트건너,3066,1578
2014-12-01,칠곡동화아파트앞,15154,1614
2014-12-01,칠곡롯데아파트건너,15,198
2014-12-01,칠곡롯데아파트앞,4986,36
2014-12-01,칠곡부영1단지,3214,250
2014-12-01,칠곡서한맨션,759,5
2014-12-01,칠곡서한맨션앞,116,279
2014-12-01,칠곡시장건너,10771,728
2014-12-01,칠곡시장앞,1640,1828
2014-12-01,칠곡에덴타운건너,26983,7514
2014-12-01,칠곡에덴타운앞,22095,3535
2014-12-01,칠곡우방타운건너(종점),2463,39
2014-12-01,칠곡우방타운건너(종점),114,3
2014-12-01,칠곡우방타운앞(종점),1958,89
2014-12-01,칠곡주공그린빌1단지건너,2514,374
2014-12-01,칠곡주공그린빌1단지앞,8194,198
2014-12-01,칠곡중학교건너(칠곡향교건너),1335,467
2014-12-01,칠곡중학교앞(칠곡향교앞),17189,825
2014-12-01,칠곡청구타운건너,301,646
2014-12-01,칠곡청구타운앞,3575,140
2014-12-01,칠곡초등학교건너,93,408
2014-12-01,칠곡초등학교앞,1608,188
2014-12-01,칠곡한라타운건너,4091,45
2014-12-01,칠곡한라타운앞,898,480
2014-12-01,칠곡한서타운건너,9476,980
2014-12-01,칠곡한신아파트건너,1664,259
2014-12-01,칠곡한신아파트앞1,8335,962
2014-12-01,칠곡한신아파트앞2,766,108
2014-12-01,칠곡화성타운건너,7194,116
2014-12-01,칠곡화성타운앞1,6324,2264
2014-12-01,칠곡화성타운앞2,2137,597
2014-12-01,칠성고가도로하단,710,161
2014-12-01,칠성꽃도매시장건너,554,1015
2014-12-01,칠성꽃도매시장앞,1418,1676
2014-12-01,칠성시장(농협건너),72,179
2014-12-01,칠성시장(농협앞),960,209
2014-12-01,칠성시장(양친회신협),0,38
2014-12-01,칠성시장(전자상가건너),4886,340
2014-12-01,칠성시장(전자상가앞),1460,700
2014-12-01,칠성시장건너,32308,15413
2014-12-01,칠성시장앞1,1986,4103
2014-12-01,칠성시장역(서문프라자건너),3188,4770
2014-12-01,칠성시장역(서문프라자앞),22044,1987
2014-12-01,칠성우방타운,664,169
2014-12-01,침산3동주민센터,10420,1039
2014-12-01,침산남영타운건너,2554,1734
2014-12-01,침산남영타운앞,6328,397
2014-12-01,침산네거리1,9125,1037
2014-12-01,침산네거리2,14631,2756
2014-12-01,침산동화타운건너,5227,141
2014-12-01,침산동화타운앞,436,720
2014-12-01,침산변전소건너,9051,2702
2014-12-01,침산변전소앞,8235,1654
2014-12-01,침산쌍용예가아파트앞,1206,1117
2014-12-01,침산중학교건너,1899,221
2014-12-01,침산중학교앞,4248,348
2014-12-01,침산초등학교건너,3869,871
2014-12-01,침산초등학교앞,937,890
2014-12-01,침산초등학교후문,363,15
2014-12-01,침산코오롱하늘채건너,6617,1340
2014-12-01,침산코오롱하늘채앞,19431,3268
2014-12-01,캐슬골드파크(1102동),16133,1407
2014-12-01,캐슬골드파크(1504동),12178,2299
2014-12-01,케이에스건너,11,26
2014-12-01,케이에스앞,595,56
2014-12-01,코스트코홀세일건너/복현화성타운앞,4435,3411
2014-12-01,코스트코홀세일앞/복현화성타운건너,38445,2276
2014-12-01,코오롱아파트,18038,1144
2014-12-01,퀸벨호텔건너,16089,2321
2014-12-01,퀸벨호텔앞,7904,5673
2014-12-01,퀸스로드건너,1560,2375
2014-12-01,퀸스로드건너(동편),10382,1768
2014-12-01,퀸스로드앞,3517,742
2014-12-01,퀸스로드앞(동편),12565,3017
2014-12-01,크리스탈호텔앞,1013,355
2014-12-01,큰고개1,3719,9850
2014-12-01,큰고개2,7221,3486
2014-12-01,큰고개오거리1,16119,890
2014-12-01,큰고개오거리2,3970,9108
2014-12-01,큰장네거리1,60523,9833
2014-12-01,큰장네거리2,33679,17276
2014-12-01,큰장네거리3,16555,5815
2014-12-01,큰장네거리4,28917,11468
2014-12-01,태성맨션건너,25,71
2014-12-01,태성맨션앞,2107,1514
2014-12-01,태왕그린힐즈건너,159,421
2014-12-01,태왕그린힐즈앞1,97,448
2014-12-01,태왕그린힐즈앞2,2406,40
2014-12-01,태왕메트로시티건너,5171,1913
2014-12-01,태왕메트로시티앞,3228,1451
2014-12-01,태왕아너스베스트앞,4527,268
2014-12-01,태왕아너스복현건너,2714,1071
2014-12-01,태왕아너스복현앞,7070,1310
2014-12-01,태전교회앞,20,81
2014-12-01,태전두성타운건너,4707,754
2014-12-01,태전두성타운앞,1535,340
2014-12-01,태전삼거리1,13124,7224
2014-12-01,태전삼거리2,27307,2513
2014-12-01,태전삼성아파트,11,8
2014-12-01,태전역1,13454,6394
2014-12-01,태전역2,11855,4651
2014-12-01,태전우방타운1차,338,34
2014-12-01,태전우방타운3차아파트,125,3
2014-12-01,태전육교1,705,10
2014-12-01,태전육교2,220,24
2014-12-01,태전중석타운,863,31
2014-12-01,태전중석타운건너,671,228
2014-12-01,태전중앙시장건너,2259,1276
2014-12-01,태전중앙시장앞,7857,865
2014-12-01,태전휴먼시아,1170,65
2014-12-01,태평상가건너,5089,5078
2014-12-01,태평상가앞1,5509,5400
2014-12-01,태평상가앞2,222,138
2014-12-01,태현초등학교앞,6781,122
2014-12-01,탱리마을앞,13,15
2014-12-01,터실마을,6,0
2014-12-01,텍스빌,7327,1006
2014-12-01,토지주택공사건너,2908,1113
2014-12-01,토지주택공사앞,8801,759
2014-12-01,퇴계마을건너,1,1
2014-12-01,파계교,294,273
2014-12-01,파계사(종점),5497,197
2014-12-01,파군재삼거리1,730,2151
2014-12-01,파군재삼거리2,788,724
2014-12-01,파동1차시장건너,1302,854
2014-12-01,파동1차시장앞,9328,428
2014-12-01,파동우체국앞,698,452
2014-12-01,파동청구하이츠,6174,303
2014-12-01,파크맨션건너,10291,2504
2014-12-01,파크맨션앞,7217,2257
2014-12-01,파티마병원건너1,17165,8881
2014-12-01,파티마병원건너2,2436,1721
2014-12-01,팔거역1,0,8
2014-12-01,팔거역2,10,7
2014-12-01,팔거역3,211,80
2014-12-01,팔거역4,641,90
2014-12-01,팔공3차보성타운건너,733,1
2014-12-01,팔공3차보성타운앞,26,123
2014-12-01,팔공3차보성타운후문,4239,63
2014-12-01,팔공보성아파트건너,1017,241
2014-12-01,팔공보성아파트앞,7782,390
2014-12-01,팔공산IC입구,234,2958
2014-12-01,팔공산맥건너,3899,659
2014-12-01,팔공산맥앞,654,222
2014-12-01,팔공학생야영장앞,199,1
2014-12-01,팔공한마음주유소,3,11
2014-12-01,팔공한마음주유소건너,54,1
2014-12-01,팔달시장건너,34737,5486
2014-12-01,팔달시장앞,39557,14118
2014-12-01,팔달시장역,40516,14355
2014-12-01,팔달신시장,24129,5244
2014-12-01,팔달신시장2,5781,1042
2014-12-01,팔달역1,133,97
2014-12-01,팔달역2,321,3094
2014-12-01,팔달중학교건너,7885,207
2014-12-01,팔달중학교앞,4525,262
2014-12-01,팔달초등학교,242,262
2014-12-01,팔레스호텔건너,21675,5443
2014-12-01,팔레스호텔앞1,5594,1460
2014-12-01,팔레스호텔앞2,474,775
2014-12-01,팔현마을,19,3
2014-12-01,평광3차아파트,4727,54
2014-12-01,평광3차아파트건너,3185,299
2014-12-01,평광새마을금고,176,0
2014-12-01,평광종점,327,3
2014-12-01,평리1동주민센터건너,31,23
2014-12-01,평리1동주민센터앞,1994,105
2014-12-01,평리2동주민센터건너,12100,1304
2014-12-01,평리2동주민센터앞,3388,1688
2014-12-01,평리3동주민센터건너,1675,147
2014-12-01,평리6동주민센터앞,1449,379
2014-12-01,평리광명네거리,551,1324
2014-12-01,평리광명맨션건너,2355,693
2014-12-01,평리광명맨션앞,871,247
2014-12-01,평리네거리1,13066,13268
2014-12-01,평리네거리2,14475,4122
2014-12-01,평리명성아파트건너,5145,1007
2014-12-01,평리명성아파트앞,3103,648
2014-12-01,평리중학교건너,1017,443
2014-12-01,평리중학교앞,1675,128
2014-12-01,평리청구타운건너,31152,8945
2014-12-01,평리청구타운앞,29691,8011
2014-12-01,평안,673,73
2014-12-01,평촌2리,15,0
2014-12-01,평촌리,46,0
2014-12-01,평현치안센터건너,5786,761
2014-12-01,평화시장(닭똥집골목)건너,23434,4171
2014-12-01,평화시장(닭똥집골목)앞,48201,9105
2014-12-01,평화씨엠비건너,841,81
2014-12-01,평화씨엠비앞,142,144
2014-12-01,평화정공건너,652,178
2014-12-01,평화정공앞,620,32
2014-12-01,평화타운건너,18943,1427
2014-12-01,푸드웰건너,3128,22
2014-12-01,푸드웰앞,79,129
2014-12-01,푸르밀대구공장,65,0
2014-12-01,푸르밀대구공장건너,3,5
2014-12-01,풋살경기장(50사단),610,37
2014-12-01,풍국주정공업,1142,47
2014-12-01,하나원전문장례식장,10,1
2014-12-01,하리(약산온천)건너,152,16
2014-12-01,하목정(종점),2,5
2014-12-01,하빈농협건너,200,2
2014-12-01,하빈농협동곡지점1,74,14
2014-12-01,하빈농협동곡지점2,635,2
2014-12-01,하빈농협앞,1,9
2014-12-01,하빈농협입구,4,4
2014-12-01,하빈면사무소건너,162,1
2014-12-01,하빈면사무소앞,19,10
2014-12-01,하빈우체국건너,324,4
2014-12-01,하빈우체국앞,14,1
2014-12-01,하빈주유소앞,0,1
2014-12-01,하빈초등학교앞,242,2
2014-12-01,하산1리,527,0
2014-12-01,하산2리,165,0
2014-12-01,하산스무지(종점),107,9
2014-12-01,학남고등학교건너,1178,259
2014-12-01,학남고등학교앞,3353,267
2014-12-01,학남초등학교건너,63,684
2014-12-01,학남초등학교앞,2179,150
2014-12-01,학산아파트건너,8,23
2014-12-01,학산아파트앞,4,4
2014-12-01,학정청아람1,540,210
2014-12-01,학정청아람2,2583,24
2014-12-01,학정청아람건너,4955,305
2014-12-01,학정청아람앞,1781,352
2014-12-01,한가람타운건너,21944,6458
2014-12-01,한가람타운앞,18154,2781
2014-12-01,한걸고정마을,123,1
2014-12-01,한걸마을앞,2,3
2014-12-01,한국감정원앞,437,51
2014-12-01,한국건강관리협회앞,6314,403
2014-12-01,한국국토정보공사건너,3760,5314
2014-12-01,한국국토정보공사앞,1764,559
2014-12-01,한국농어촌공사건너,19628,4588
2014-12-01,한국농어촌공사앞,17880,925
2014-12-01,한국델파이건너,53,143
2014-12-01,한국델파이앞,1121,181
2014-12-01,한국도로공사건너,147,315
2014-12-01,한국도로공사앞,5779,39
2014-12-01,한국방송통신대학교건너,1898,596
2014-12-01,한국방송통신대학교앞,654,400
2014-12-01,한국사학진흥재단(남편),3,24
2014-12-01,한국산업단지공단앞,254,61
2014-12-01,한국산업은행성서지점건너,212,1006
2014-12-01,한국산업은행성서지점앞,3761,66
2014-12-01,한국산업인력공단건너,2902,78
2014-12-01,한국산업인력공단앞,86,114
2014-12-01,한국생산기술연구원건너,73,5
2014-12-01,한국생산기술연구원앞,22,0
2014-12-01,한국정보화진흥원,31,21
2014-12-01,한국클래드텍건너,353,2
2014-12-01,한국클래드텍앞,0,65
2014-12-01,한국타이어,228,932
2014-12-01,한국타이어건너,266,34
2014-12-01,한국패션센터,1824,88
2014-12-01,한국폴리텍VI대구대학건너,13138,3058
2014-12-01,한국폴리텍VI대구대학앞,7159,7016
2014-12-01,한국폴리텍대학(섬유패션캠퍼스),177,941
2014-12-01,한국환경자원공사,0,10
2014-12-01,한국환경자원공사건너,60,4
2014-12-01,한도아파트앞,8788,335
2014-12-01,한라하우젠트,1099,14
2014-12-01,한마음주유소건너,1955,300
2014-12-01,한마음주유소앞,1815,230
2014-12-01,한샘교회,3961,1569
2014-12-01,한샘교회건너,1091,556
2014-12-01,한서기전건너,515,86
2014-12-01,한서기전앞,124,9
2014-12-01,한양공작맨션건너,9,105
2014-12-01,한양공작맨션앞,881,28
2014-12-01,한양산호아파트건너,4154,139
2014-12-01,한양산호아파트앞,568,23
2014-12-01,한양수정아파트,20,44
2014-12-01,한양코스모스아파트건너,61,81
2014-12-01,한양코스모스아파트앞,1143,196
2014-12-01,한전동대구지사,19305,3308
2014-12-01,한전동대구지사건너,12437,3076
2014-12-01,한전서대구지사건너,16462,8349
2014-12-01,한전서대구지사앞,13673,2736
2014-12-01,한정3리,6,0
2014-12-01,한정리(한정초교),44,0
2014-12-01,한정리(한정초교건너),2,1
2014-12-01,한화꿈에그린건너1,578,446
2014-12-01,한화꿈에그린앞,12192,2269
2014-12-01,함지초등학교건너,722,399
2014-12-01,함지초등학교앞,7975,164
2014-12-01,해랑교(시외방향),45,27
2014-12-01,해랑교1,16,6
2014-12-01,해랑교2,808,73
2014-12-01,해랑교건너,113,11
2014-12-01,해안동행정복지센터,227,87
2014-12-01,해안역(1번출구),6966,1422
2014-12-01,해안역(3번출구),6125,2515
2014-12-01,해안초등학교뒤,2,3
2014-12-01,행정2리건너,0,4
2014-12-01,행정리,433,7
2014-12-01,행정리(한천서원),4,0
2014-12-01,헬로TV대구방송건너,5509,2642
2014-12-01,헬로TV대구방송앞,5702,2278
2014-12-01,혁신2근린공원,77,43
2014-12-01,현내1리,129,0
2014-12-01,현내2리중방마을건너,117,0
2014-12-01,현내2리중방마을앞,3,6
2014-12-01,현대금속,1407,356
2014-12-01,현대메카닉스건너,81,0
2014-12-01,현대메카닉스앞,1,7
2014-12-01,현대백조아파트(북편),3584,214
2014-12-01,현대백조아파트건너,2104,169
2014-12-01,현대백조아파트앞,1940,609
2014-12-01,현대백화점.동아쇼핑건너,23455,6332
2014-12-01,현대백화점.동아쇼핑앞,32254,1826
2014-12-01,현대시장건너,9680,870
2014-12-01,현대시장앞,2066,1627
2014-12-01,현대시장앞2,575,163
2014-12-01,현대해상건너,25340,12600
2014-12-01,현대해상앞,21415,4520
2014-12-01,현충로역(3번출구),26409,6768
2014-12-01,현충로역(4번출구),20233,8121
2014-12-01,현충삼거리1,446,336
2014-12-01,현충삼거리2,2452,96
2014-12-01,현풍고속도로밑,196,36
2014-12-01,현풍농협,2325,311
2014-12-01,현풍면사무소건너,2,1
2014-12-01,현풍면사무소앞,89,5
2014-12-01,현풍삼거리,6,20
2014-12-01,현풍새마을금고,5709,522
2014-12-01,현풍시외버스터미널,1805,379
2014-12-01,현풍운전시험장,565,6
2014-12-01,현풍주공아파트,44,30
2014-12-01,현풍주공아파트2,4,105
2014-12-01,현풍주공아파트앞,334,184
2014-12-01,현풍중고등학교,30,136
2014-12-01,현풍중고등학교건너,757,102
2014-12-01,현풍터미널건너,1026,30
2014-12-01,현풍터미널앞,474,465
2014-12-01,현풍할매곰탕,1383,366
2014-12-01,현풍할매곰탕건너,1022,172
2014-12-01,호산초등학교건너,6,10
2014-12-01,호산초등학교앞,240,567
2014-12-01,홈플러스내당점건너,8720,631
2014-12-01,홈플러스내당점앞,4077,3801
2014-12-01,홈플러스대구점건너,506,1582
2014-12-01,홈플러스대구점앞,19632,9015
2014-12-01,홈플러스동촌점건너,4949,2692
2014-12-01,홈플러스동촌점앞,10169,1012
2014-12-01,홈플러스칠곡점건너,8215,425
2014-12-01,홈플러스칠곡점앞,2235,656
2014-12-01,홍천사건너,934,15
2014-12-01,홍천사입구,26,140
2014-12-01,화남초등학교건너,10,247
2014-12-01,화남초등학교앞,4680,379
2014-12-01,화동초등학교건너,766,107
2014-12-01,화동초등학교앞,645,55
2014-12-01,화랑교1,990,4314
2014-12-01,화랑교2,9025,601
2014-12-01,화성그랜드건너,260,108
2014-12-01,화성그랜드앞,94,57
2014-12-01,화성리버파크건너,4577,274
2014-12-01,화성리버파크앞,889,401
2014-12-01,화성센트럴파크,3966,207
2014-12-01,화성쌍용타운건너,414,18
2014-12-01,화성쌍용타운앞1,962,295
2014-12-01,화성쌍용타운앞2,1,50
2014-12-01,화성전문요양원건너,148,77
2014-12-01,화성전문요양원앞,1183,412
2014-12-01,화성파크뷰건너,5461,210
2014-12-01,화성파크뷰앞,642,1513
2014-12-01,화영테크건너,37,1
2014-12-01,화영테크앞,515,32
2014-12-01,화원고등학교(종점),722,38
2014-12-01,화원고등학교(종점)2,59,43
2014-12-01,화원고등학교건너,6159,551
2014-12-01,화원고등학교앞,874,658
2014-12-01,화원농협주유소건너,1150,425
2014-12-01,화원농협주유소앞,6055,2632
2014-12-01,화원삼주타운건너,5484,260
2014-12-01,화원삼주타운앞,279,98
2014-12-01,화원시장건너,3096,368
2014-12-01,화원시장앞,75,345
2014-12-01,화원유원지(사문진주막촌),301,22
2014-12-01,화원유원지건너,87,19
2014-12-01,화원유원지입구,1,2
2014-12-01,화원초등학교건너,18568,2823
2014-12-01,화원초등학교앞,28167,8112
2014-12-01,화전동1,16,45
2014-12-01,화전동2,391,6
2014-12-01,황금2동치안센터건너,1119,392
2014-12-01,황금2동치안센터앞,3018,218
2014-12-01,황금네거리1,22950,1999
2014-12-01,황금네거리2,7720,2969
2014-12-01,황금시장건너,197,79
2014-12-01,황금시장앞,1310,39
2014-12-01,황금우방1차건너,14136,1855
2014-12-01,황금우방1차앞,3760,2036
2014-12-01,황금초등학교건너,1519,850
2014-12-01,황금초등학교앞,4109,224
2014-12-01,황제맨션건너,4409,4540
2014-12-01,황제맨션앞,3939,997
2014-12-01,효동초등학교건너,3123,822
2014-12-01,효동초등학교앞,7532,778
2014-12-01,효목네거리1,7521,715
2014-12-01,효목네거리2,2099,1795
2014-12-01,효목네거리3,7930,3455
2014-12-01,효성타운앞,12662,712
2014-12-01,효자강순항나무,83,1
2014-12-01,흥사단 대구지부건너,1206,188
2014-12-01,흥사단 대구지부앞,1172,1945
2014-12-01,흥성정공건너,265,5
2014-12-01,흥성정공앞,118,8
2014-12-01,희망교1,1029,80
2014-12-01,희성전자건너,29,24
2014-12-01,희성전자앞,417,76
2014-12-01,힐크레스트남문건너,627,83
2014-12-01,힐크레스트남문앞,92,648
2014-12-01,힐크레스트입구,270,400
