년월,정류소명,승차,하차
2013-01-01,(주)성안건너,62,253
2013-01-01,(주)영화건너,2,93
2013-01-01,(주)영화앞,465,1
2013-01-01,1차서한화성타운앞,693,123
2013-01-01,2.28기념중앙공원건너1,65559,16335
2013-01-01,2.28기념중앙공원건너2,19906,8939
2013-01-01,2.28기념중앙공원앞,180224,31767
2013-01-01,2차대자연맨션건너,1873,884
2013-01-01,2차대자연맨션앞,9626,576
2013-01-01,2차서한화성타운건너,36711,2370
2013-01-01,2차서한화성타운앞,17365,4117
2013-01-01,2호선반월당역1,18143,4452
2013-01-01,2호선반월당역2,16538,6589
2013-01-01,3공단새마을금고앞,5418,1346
2013-01-01,CGV대구한일건너,114337,31803
2013-01-01,CGV대구한일앞,35588,8739
2013-01-01,K-2입구,1865,334
2013-01-01,K2관사입구(종점),334,51
2013-01-01,KT남대구지사건너1,16761,3954
2013-01-01,KT남대구지사건너2,1721,695
2013-01-01,KT남대구지사앞1,21359,8552
2013-01-01,KT남대구지사앞2,1553,593
2013-01-01,KT동대구지사건너,28288,8206
2013-01-01,KT동대구지사앞,16843,3167
2013-01-01,KT북대구지사건너,4097,433
2013-01-01,KT북대구지사앞,3416,717
2013-01-01,KT상동지사건너,3665,467
2013-01-01,KT상동지사앞,834,687
2013-01-01,KT서대구지사건너,20334,2921
2013-01-01,KT서대구지사앞,18741,3524
2013-01-01,LG물류센터건너,2915,1784
2013-01-01,LG물류센터앞,8097,989
2013-01-01,MBC네거리,10370,1946
2013-01-01,SK리더스뷰건너,12494,1291
2013-01-01,SK리더스뷰앞,5408,2429
2013-01-01,STX메탈건너,1780,1994
2013-01-01,STX메탈앞,2011,237
2013-01-01,TBC건너,10787,631
2013-01-01,TBC앞,3396,2581
2013-01-01,TCN대구방송건너,1994,209
2013-01-01,TCN대구방송앞,3197,273
2013-01-01,㈜윔스건너,192,21
2013-01-01,㈜윔스앞,437,6
2013-01-01,가야농원,181,3
2013-01-01,가창농협건너,1221,2028
2013-01-01,가창농협앞,9253,940
2013-01-01,가창댐,3,16
2013-01-01,가창댐1,7,1
2013-01-01,가창면사무소건너,5736,3095
2013-01-01,가창면사무소앞,9353,1958
2013-01-01,가창중학교건너,4172,88
2013-01-01,가창중학교앞,204,223
2013-01-01,가창초등학교건너,313,336
2013-01-01,가창초등학교앞,733,130
2013-01-01,가천동앞,127,12
2013-01-01,가천리,26,0
2013-01-01,각산역(1번출구),8399,916
2013-01-01,각산역(2번출구),1356,1468
2013-01-01,갈실마을회관종점,347,6
2013-01-01,감문1리1,5,4
2013-01-01,감문1리2,182,1
2013-01-01,감문1리3,2,0
2013-01-01,감문1리4,164,0
2013-01-01,감삼네거리1,18128,5393
2013-01-01,감삼네거리2,56396,40853
2013-01-01,감삼초등학교건너,13833,1089
2013-01-01,감삼초등학교앞,5662,843
2013-01-01,갓골건너,570,0
2013-01-01,갓골앞,7,20
2013-01-01,갓바위,17674,394
2013-01-01,강남약국건너,47672,19987
2013-01-01,강남약국앞1,28758,9265
2013-01-01,강남약국앞2,9588,1465
2013-01-01,강동중·고등학교,8,420
2013-01-01,강동중·고등학교건너,6135,13
2013-01-01,강변동서마을건너,5828,532
2013-01-01,강변동서마을앞,2823,964
2013-01-01,강북경찰서건너,1308,950
2013-01-01,강북경찰서앞,3662,670
2013-01-01,강북중학교건너,23,688
2013-01-01,강북중학교앞,9766,10
2013-01-01,강산아파트건너,4796,2293
2013-01-01,강산아파트앞,5510,561
2013-01-01,강정(종점),0,1
2013-01-01,강정보(디아크문화관)건너,10,2
2013-01-01,강정보(디아크문화관)입구,135,2
2013-01-01,강창교1,4641,90
2013-01-01,강창교2,150,346
2013-01-01,강창역(1번출구),4348,2004
2013-01-01,강창역(2번출구),22479,1880
2013-01-01,강창하이츠,10501,268
2013-01-01,거동교1,1145,89
2013-01-01,거동교2,1031,545
2013-01-01,건들바위건너,1342,232
2013-01-01,건들바위앞,710,566
2013-01-01,건영아파트건너,17538,3092
2013-01-01,건영캐스빌건너,12992,329
2013-01-01,건영캐스빌앞,243,521
2013-01-01,검단119안전센터(엑스코),72,54
2013-01-01,검단동대구축협앞,5196,41
2013-01-01,검단동주민센터건너,12756,75
2013-01-01,검단동주민센터앞,122,1075
2013-01-01,검단상가아파트건너,3040,19
2013-01-01,검단상가아파트앞,24,35
2013-01-01,검단유성아파트(서편),9260,3781
2013-01-01,검단유성아파트건너,5833,2441
2013-01-01,검단유성아파트앞,17214,4834
2013-01-01,경기장네거리1,4505,777
2013-01-01,경기장네거리2,4043,1106
2013-01-01,경대교2,2318,386
2013-01-01,경대교건너,863,52
2013-01-01,경대교앞,759,221
2013-01-01,경대사대부설고등학교앞,21008,8107
2013-01-01,경대아파트건너,31251,1291
2013-01-01,경대아파트앞,6886,2499
2013-01-01,경덕여고,692,102
2013-01-01,경동산업앞,25,0
2013-01-01,경명여고건너,2768,385
2013-01-01,경명여고앞,2115,523
2013-01-01,경북고교종점,475,279
2013-01-01,경북고등학교건너,11890,4052
2013-01-01,경북고등학교앞,17500,3044
2013-01-01,경북고등학교종점건너,819,297
2013-01-01,경북공고건너,5300,2323
2013-01-01,경북공고앞,8183,2442
2013-01-01,경북공무원교육원1,642,90
2013-01-01,경북공무원교육원2,26,19
2013-01-01,경북교통,1878,1023
2013-01-01,경북교통앞,3146,1012
2013-01-01,경북기계공고건너,18667,1988
2013-01-01,경북기계공고앞,8138,3814
2013-01-01,경북농업기술원건너,126,53
2013-01-01,경북농업기술원앞,569,10
2013-01-01,경북대체육센터건너,37097,587
2013-01-01,경북대체육센터앞,4467,2055
2013-01-01,경북대학교병원건너,25173,8427
2013-01-01,경북대학교병원앞,40617,8603
2013-01-01,경북대학교북문건너,59629,4809
2013-01-01,경북대학교북문앞,33787,8759
2013-01-01,경북대학교서문건너,10883,1116
2013-01-01,경북대학교서문앞,3507,885
2013-01-01,경북대학교정문건너,9872,3449
2013-01-01,경북대학교정문앞,24021,3154
2013-01-01,경북대학교치과병원,23366,10855
2013-01-01,경북아파트건너(고산동),32910,2227
2013-01-01,경북아파트건너(신천동),8694,4191
2013-01-01,경북아파트앞(고산동),11590,3240
2013-01-01,경북아파트앞(신천동),4911,1107
2013-01-01,경북여상건너,11488,6169
2013-01-01,경북여상앞,12228,2171
2013-01-01,경북크랑크,1893,32
2013-01-01,경상감영공원건너,135796,26918
2013-01-01,경상감영공원앞,66514,43805
2013-01-01,경상북도농업인회관,236,21
2013-01-01,경상여자고등학교건너,3165,549
2013-01-01,경상여자고등학교앞,10011,1186
2013-01-01,경서중학교건너,266,330
2013-01-01,경서중학교앞,3603,42
2013-01-01,경신고등학교건너,51572,9763
2013-01-01,경신고등학교앞,36863,15177
2013-01-01,경운초등학교건너,2285,612
2013-01-01,경운초등학교앞,6018,1517
2013-01-01,경원고등학교건너,705,27
2013-01-01,경원고등학교앞,1312,66
2013-01-01,경일여자중학교건너,18491,607
2013-01-01,경일여자중학교앞,4180,1295
2013-01-01,경주최씨종가(종점),163,9
2013-01-01,경주최씨종가1,4,1
2013-01-01,경주최씨종가2,4,0
2013-01-01,경진테크빌앞,651,233
2013-01-01,경창산업,1470,76
2013-01-01,경희강재건너,1016,509
2013-01-01,경희강재앞,3511,52
2013-01-01,계명대대명캠퍼스후문건너,1733,185
2013-01-01,계명대역(1번출구),2232,1749
2013-01-01,계명대역(2번출구),7053,1452
2013-01-01,계명대학교대명캠퍼스건너,14333,4877
2013-01-01,계명대학교대명캠퍼스앞,23232,4846
2013-01-01,계명대학교대명캠퍼스후문앞,1718,396
2013-01-01,계명대학교동문건너1,7077,2153
2013-01-01,계명대학교동문건너2,19658,7802
2013-01-01,계명대학교동문앞,18707,9631
2013-01-01,계명대학교정문건너,24231,1371
2013-01-01,계명대학교정문앞,3814,1861
2013-01-01,계명문화대학건너,5494,497
2013-01-01,계명문화대학앞,7822,4398
2013-01-01,고모동입구,3841,54
2013-01-01,고모역건너,227,6
2013-01-01,고모역앞,16,1
2013-01-01,고봉리,44,1
2013-01-01,고산2동주민센터건너,11386,3076
2013-01-01,고산2동주민센터앞,24308,3603
2013-01-01,고산골입구,7027,1209
2013-01-01,고산농협창고건너,1671,272
2013-01-01,고산농협창고앞,632,1135
2013-01-01,고산도서관,20995,12295
2013-01-01,고산정수사업소건너,2618,509
2013-01-01,고성아파트(서편),12011,4899
2013-01-01,고성아파트건너,2468,222
2013-01-01,고성아파트건너(서편),15684,3381
2013-01-01,고성아파트앞,1417,478
2013-01-01,고성지구대1,1451,565
2013-01-01,고성지구대2,3953,1102
2013-01-01,골안골,35,25
2013-01-01,골안골지하보도앞,3,20
2013-01-01,공고네거리1,35383,6685
2013-01-01,공고네거리2,10589,2215
2013-01-01,공군기지관사입구,1,43
2013-01-01,공단역1,11192,3518
2013-01-01,공단역2,14434,6528
2013-01-01,공단하수처리장건너,31,76
2013-01-01,공단하수처리장앞,192,10
2013-01-01,공산댐건너,1170,26
2013-01-01,공산댐앞,147,118
2013-01-01,공산동행정복지센터건너,787,397
2013-01-01,공산동행정복지센터앞,6925,254
2013-01-01,공산초등학교건너,397,183
2013-01-01,공산초등학교앞,2483,99
2013-01-01,공산파출소,105,216
2013-01-01,공항시장건너,12868,946
2013-01-01,공항시장앞,5003,1401
2013-01-01,곽병원건너,20915,13255
2013-01-01,곽병원앞1,34459,5175
2013-01-01,곽병원앞2,10603,2301
2013-01-01,관리공단,562,15
2013-01-01,관음공영주차장앞,1711,9
2013-01-01,관음농협앞,168,97
2013-01-01,관음동주민센터건너,779,87
2013-01-01,관음동주민센터앞,975,34
2013-01-01,관음변전소1,4298,32
2013-01-01,관음변전소2,30,331
2013-01-01,관음변전소3,614,4
2013-01-01,관음변전소4,135,89
2013-01-01,관음어린이집,296,62
2013-01-01,관음중학교(북편),1098,20
2013-01-01,광명은하아파트건너,7467,2503
2013-01-01,광명은하아파트앞,9922,2034
2013-01-01,광명프레지던트아파트건너,16781,3092
2013-01-01,광장타운건너,18536,3596
2013-01-01,광장타운앞,20200,3681
2013-01-01,교대부설초등학교건너,4577,144
2013-01-01,교대부설초등학교앞,1105,424
2013-01-01,교동시장앞,18240,1576
2013-01-01,교동초등학교건너,47,58
2013-01-01,교동초등학교앞,1058,75
2013-01-01,교통연수원,15201,938
2013-01-01,교통연수원건너,11234,2899
2013-01-01,교항2리마을입구,60,351
2013-01-01,교항2리회관,1642,6
2013-01-01,교항리건너,1678,80
2013-01-01,교항리마을입구건너,139,5
2013-01-01,교항리앞,636,301
2013-01-01,구)달성군청건너,36239,4774
2013-01-01,구)달성군청앞,22579,19358
2013-01-01,구)대영학원건너,20201,3245
2013-01-01,구)대영학원앞,17770,5866
2013-01-01,구)화원IC,0,1
2013-01-01,구)효목2동행정복지센터건너,19679,1491
2013-01-01,구)효목2동행정복지센터앞,5788,1146
2013-01-01,구.남부정류장건너1,12312,16243
2013-01-01,구.남부정류장건너2,7168,8080
2013-01-01,구.남부정류장앞1,29228,5779
2013-01-01,구.남부정류장앞2,5841,1584
2013-01-01,구.동부정류장(남편),5420,1099
2013-01-01,구.동부정류장(메트로팔레스),14033,5944
2013-01-01,구.동부정류장건너,17863,4101
2013-01-01,구.동부정류장앞,10519,4261
2013-01-01,구둔산,531,11
2013-01-01,구룡촌앞,51,0
2013-01-01,구병원건너,17605,6235
2013-01-01,구병원앞,28927,6082
2013-01-01,구삼폭포건너,0,1
2013-01-01,구삼폭포앞,10,0
2013-01-01,구암가구골목1,4527,132
2013-01-01,구암가구골목2,1464,348
2013-01-01,구암교1,6077,796
2013-01-01,구암교2,1343,1025
2013-01-01,구암동1,949,49
2013-01-01,구암동2,111,198
2013-01-01,구암역(운전면허시험장)1,5922,350
2013-01-01,구암역(운전면허시험장)2,2662,769
2013-01-01,구암초등학교건너,1688,318
2013-01-01,구암초등학교앞,5648,208
2013-01-01,구지농공단지1,4,10
2013-01-01,구지농공단지2,248,1
2013-01-01,구지면사무소건너,752,327
2013-01-01,구지면사무소앞,2615,457
2013-01-01,구지청아람건너,5232,163
2013-01-01,구지청아람앞,469,478
2013-01-01,국립대구박물관건너,14755,1301
2013-01-01,국립대구박물관앞,10079,2298
2013-01-01,국민건강보험공단건너,26554,4242
2013-01-01,국민건강보험공단앞,11064,10745
2013-01-01,국민은행3공단지점건너,6701,1049
2013-01-01,국민은행3공단지점앞,3948,679
2013-01-01,국우동현대아파트건너,600,64
2013-01-01,국우동현대아파트앞,7601,227
2013-01-01,국채보상운동기념공원,6768,3108
2013-01-01,굿모닝병원건너,10961,2625
2013-01-01,굿모닝병원앞,19459,3003
2013-01-01,궁전아파트건너,28,244
2013-01-01,궁전아파트앞,2999,15
2013-01-01,귀남지휴게소1,8,1
2013-01-01,그랜드호텔건너,33562,31127
2013-01-01,그랜드호텔앞,57676,17147
2013-01-01,그린빌4단지,42,548
2013-01-01,그린빌4단지건너,1137,19
2013-01-01,그린빌4단지앞,196,99
2013-01-01,근로복지공단대구병원건너,1690,168
2013-01-01,근로복지공단대구병원앞,1723,170
2013-01-01,근린공원축구장건너,64,157
2013-01-01,근린공원축구장앞,1329,10
2013-01-01,금강동,84,8
2013-01-01,금계초등학교(교항리),624,93
2013-01-01,금복주건너,3525,181
2013-01-01,금복주앞,2332,245
2013-01-01,금봉네거리1,12833,990
2013-01-01,금봉네거리2,5867,781
2013-01-01,금사리하이빌APT건너,1603,162
2013-01-01,금사리하이빌APT앞,387,162
2013-01-01,금융감독원건너,1659,1262
2013-01-01,금포초등학교,2218,129
2013-01-01,금포초등학교건너,475,309
2013-01-01,금호기전,35,15
2013-01-01,금호지구(시내방향),44,0
2013-01-01,금호지구(종점방향),18,5
2013-01-01,기곡(종점),1,3
2013-01-01,기곡리1,10,1
2013-01-01,기곡리2,38,0
2013-01-01,기독교방송국건너,6318,2248
2013-01-01,기독교방송국앞,5045,1906
2013-01-01,기업은행대곡지점건너,104,1499
2013-01-01,기업은행대곡지점앞,27817,327
2013-01-01,기업은행죽전동지점건너,5685,509
2013-01-01,기업은행죽전동지점앞,3469,634
2013-01-01,김흥2리건너,82,11
2013-01-01,김흥2리앞,6,0
2013-01-01,김흥리마을입구,170,0
2013-01-01,남구청건너2,8936,6693
2013-01-01,남구청네거리1,12919,950
2013-01-01,남구청네거리2,264,220
2013-01-01,남대구IC1,16064,859
2013-01-01,남대구IC2,7384,1117
2013-01-01,남명삼거리1,1752,184
2013-01-01,남명삼거리2,2301,310
2013-01-01,남문시장건너1,1285,160
2013-01-01,남문시장건너2,29921,9942
2013-01-01,남문시장앞,20416,9398
2013-01-01,남문아파트앞,501,326
2013-01-01,남부경찰서건너,8688,2703
2013-01-01,남부경찰서앞,13143,4102
2013-01-01,남부교육지원청건너,7773,708
2013-01-01,남부교육지원청앞,4970,848
2013-01-01,남부도서관앞,198,836
2013-01-01,남부자동차종합시장건너,3197,222
2013-01-01,남부자동차종합시장앞,966,443
2013-01-01,남부초등학교건너,1380,28
2013-01-01,남부초등학교앞,385,208
2013-01-01,남부초등학교앞2,5186,913
2013-01-01,남산2동주민센터건너,142,197
2013-01-01,남산2동주민센터앞,801,51
2013-01-01,남산고등학교건너,573,28
2013-01-01,남산고등학교앞,200,170
2013-01-01,남산역(프린스호텔건너),10484,2828
2013-01-01,남산역건너(프린스호텔앞),19294,9587
2013-01-01,남산주유소건너,1400,681
2013-01-01,남산주유소앞,1914,156
2013-01-01,남산초등학교건너,19534,3332
2013-01-01,남산초등학교앞,12040,5187
2013-01-01,남산휴먼시아앞,2043,364
2013-01-01,내2리새마을회관건너,72,0
2013-01-01,내2리새마을회관앞,0,3
2013-01-01,내당1동우체국건너,2457,247
2013-01-01,내당1동우체국앞,2629,318
2013-01-01,내당광명아파트,3994,1641
2013-01-01,내당삼익맨션건너,28606,7347
2013-01-01,내당삼익맨션앞,15682,12252
2013-01-01,내당코오롱아파트건너,6289,3716
2013-01-01,내당코오롱아파트앞,9283,860
2013-01-01,내동,938,5
2013-01-01,내동건너,16,97
2013-01-01,내리1,10,0
2013-01-01,내리2,0,1
2013-01-01,내일교회건너,262,67
2013-01-01,내일교회앞,978,27
2013-01-01,냉천2리,101,8
2013-01-01,냉천리1,2157,39
2013-01-01,냉천리2,77,323
2013-01-01,노곡동,3659,75
2013-01-01,노변중학교,690,56
2013-01-01,노변중학교건너,1083,49
2013-01-01,노변청구타운건너,115,38
2013-01-01,노변청구타운앞,257,54
2013-01-01,노원119안전센터건너,7664,2083
2013-01-01,노원119안전센터앞,4621,529
2013-01-01,노원네거리(공단세차장건너),574,1099
2013-01-01,노원네거리(공단세차장앞),7858,411
2013-01-01,노원네거리(대구은행건너),1613,278
2013-01-01,노원네거리(대구은행앞),5818,618
2013-01-01,노원네거리1,5891,2591
2013-01-01,노원네거리2,11426,1559
2013-01-01,노원동화타운건너,658,383
2013-01-01,노원동화타운앞,4496,227
2013-01-01,녹동서원앞,1,1
2013-01-01,녹원맨션1,3148,1467
2013-01-01,녹원맨션2,11235,792
2013-01-01,논공삼거리1,2138,42
2013-01-01,논공삼거리2,347,219
2013-01-01,논공읍사무소,897,361
2013-01-01,논공읍사무소건너1,3836,180
2013-01-01,논공읍사무소건너2,286,182
2013-01-01,농산물도매시장건너,59,16
2013-01-01,농산물도매시장앞,1732,68
2013-01-01,농수산물도매시장건너,3934,1321
2013-01-01,농수산물도매시장앞,9124,1288
2013-01-01,농촌진흥원입구,221,103
2013-01-01,농협동촌지점,415,156
2013-01-01,농협방촌지점,2124,217
2013-01-01,농협비료창고건너(연경),47,10
2013-01-01,농협비료창고앞(연경),15,0
2013-01-01,농협중앙회건너,23314,8554
2013-01-01,농협중앙회앞,24229,12322
2013-01-01,농협중앙회중동지점건너,1615,123
2013-01-01,농협중앙회중동지점앞,847,244
2013-01-01,농협하나로마트건너,17,950
2013-01-01,능골1,103,1953
2013-01-01,능골건너,2962,104
2013-01-01,능성동(종점),304,7
2013-01-01,능성동예비군훈련장,27,7
2013-01-01,능성동입구건너,1079,2
2013-01-01,능성동입구앞,7,52
2013-01-01,다리골,40,0
2013-01-01,다사고등학교건너,10790,1432
2013-01-01,다사고등학교앞,1234,794
2013-01-01,다사농협주유소건너,537,724
2013-01-01,다사농협주유소앞,9268,355
2013-01-01,다사역(4번출구),126,4
2013-01-01,다사읍사무소건너,6048,187
2013-01-01,다사읍사무소서재출장소건너,294,9
2013-01-01,다사읍사무소서재출장소앞,103,45
2013-01-01,다사읍사무소앞,100,622
2013-01-01,다사주공아파트건너,91,0
2013-01-01,다사주공아파트앞,1,142
2013-01-01,다사체육공원건너,6,0
2013-01-01,다사체육공원앞,40,0
2013-01-01,다사초등학교건너,53,0
2013-01-01,다사초등학교앞,1,21
2013-01-01,단산리(종점),755,1
2013-01-01,단산리입구,212,1
2013-01-01,달구벌종합복지관건너,925,86
2013-01-01,달구벌종합복지관앞,575,88
2013-01-01,달서공고건너,121,36
2013-01-01,달서공고앞,528,30
2013-01-01,달서교회건너,20934,2865
2013-01-01,달서교회앞,21176,4384
2013-01-01,달서구새마을회건너,3929,157
2013-01-01,달서구새마을회앞,1083,221
2013-01-01,달서구청건너,24068,2240
2013-01-01,달서구청앞,6788,3009
2013-01-01,달서종합시장건너,1400,425
2013-01-01,달서종합시장앞,1019,183
2013-01-01,달서중고등학교,20,27
2013-01-01,달서중고등학교건너,492,3
2013-01-01,달서천하수종말처리장건너,50,0
2013-01-01,달서천하수종말처리장앞,2,0
2013-01-01,달서초교,1574,44
2013-01-01,달성2차공단관리청사,155,19
2013-01-01,달성2차산업단지출장소건너,1,0
2013-01-01,달성2차산업단지출장소앞,1,10
2013-01-01,달성경찰서,1762,346
2013-01-01,달성경찰서건너,2809,100
2013-01-01,달성공원건너,11826,4007
2013-01-01,달성공원앞,15705,7943
2013-01-01,달성군민운동장건너,1437,108
2013-01-01,달성군민운동장앞,839,174
2013-01-01,달성군선거관리위원회건너,370,332
2013-01-01,달성군선거관리위원회앞,29,340
2013-01-01,달성군청건너,2889,107
2013-01-01,달성군청앞,276,365
2013-01-01,달성기와건너,179,53
2013-01-01,달성기와앞,926,35
2013-01-01,달성산업단지건너,292,37
2013-01-01,달성산업단지관리공단1,0,3
2013-01-01,달성산업단지관리공단2,13,1
2013-01-01,달성소방서건너,289,49
2013-01-01,달성소방서앞,381,37
2013-01-01,달성예비군훈련장건너,247,152
2013-01-01,달성예비군훈련장앞,1348,146
2013-01-01,달성우체국건너,158,435
2013-01-01,달성우체국앞,3604,56
2013-01-01,달성중학교건너,4578,1173
2013-01-01,달성중학교앞,23555,1582
2013-01-01,달성초등학교건너,3413,873
2013-01-01,달성초등학교앞,2292,392
2013-01-01,달성취수장건너,20,44
2013-01-01,달성취수장앞,36,8
2013-01-01,달창저수지,215,0
2013-01-01,달천리(시내방향),178,0
2013-01-01,달천리(시외방향),69,2
2013-01-01,담안마을1,8,12
2013-01-01,담안마을2,360,14
2013-01-01,담티고개1,385,201
2013-01-01,담티고개2,952,245
2013-01-01,당동마을건너,453,1
2013-01-01,당동마을앞,2,16
2013-01-01,당정마을입구,38,9
2013-01-01,당정마을입구건너,173,1
2013-01-01,대1리용흥지건너,56,1
2013-01-01,대1리용흥지앞,34,15
2013-01-01,대곡강산타운,24168,823
2013-01-01,대곡강산타운건너,3919,1763
2013-01-01,대곡사계절타운건너,15886,871
2013-01-01,대곡사계절타운앞,6144,2056
2013-01-01,대곡역(1번출구),51995,4449
2013-01-01,대곡역(2번출구),17476,57642
2013-01-01,대곡역(한라하우젠트건너),17574,2099
2013-01-01,대곡역(한라하우젠트앞),5702,17267
2013-01-01,대곡역그린빌,9036,3160
2013-01-01,대곡주공1단지앞,4372,1707
2013-01-01,대곡주공2단지앞,29054,633
2013-01-01,대곡주공6단지앞,3389,560
2013-01-01,대곡주공7단지앞,15254,704
2013-01-01,대곡주공8단지건너,21391,2450
2013-01-01,대곡주공8단지앞,9355,2028
2013-01-01,대곡중학교건너,4718,557
2013-01-01,대곡중학교앞,2461,439
2013-01-01,대공원역(1번출구),1456,6988
2013-01-01,대공원역(5번출구),3827,1469
2013-01-01,대구가톨릭대학병원건너,23443,3287
2013-01-01,대구가톨릭대학병원앞,17803,3382
2013-01-01,대구고등학교건너,32921,7602
2013-01-01,대구고등학교앞,13833,4113
2013-01-01,대구고용노동청건너,18052,1799
2013-01-01,대구고용노동청앞,4511,1748
2013-01-01,대구공업대학1,12927,4086
2013-01-01,대구공업대학2,3709,1672
2013-01-01,대구공업대학건너,5500,1894
2013-01-01,대구공업대학앞,5496,2324
2013-01-01,대구과학고등학교건너,10953,5688
2013-01-01,대구과학고등학교앞,16010,3730
2013-01-01,대구과학대학1,23053,14513
2013-01-01,대구과학대학2,54195,12144
2013-01-01,대구과학대학건너,1756,94
2013-01-01,대구과학대학앞,677,164
2013-01-01,대구광역시교육연수원건너,10762,1102
2013-01-01,대구광역시교육연수원앞,5836,1193
2013-01-01,대구광역시청건너,1478,204
2013-01-01,대구광역시청앞,364,455
2013-01-01,대구교도소건너,8501,5282
2013-01-01,대구교도소앞,31381,3909
2013-01-01,대구교육대건너,19112,10348
2013-01-01,대구교육대앞,19994,2440
2013-01-01,대구교통방송건너,5673,3563
2013-01-01,대구교통방송앞,16028,1631
2013-01-01,대구국제공항건너,20095,16126
2013-01-01,대구국제공항앞,23227,11696
2013-01-01,대구글로벌교육센터건너,5753,3490
2013-01-01,대구글로벌교육센터앞,5170,717
2013-01-01,대구농업마이스터고건너,16986,4061
2013-01-01,대구농업마이스터고앞,10057,5895
2013-01-01,대구농업마이스터고후문건너,452,605
2013-01-01,대구농업마이스터고후문앞,1150,181
2013-01-01,대구도시공사앞,16319,3746
2013-01-01,대구동부고용복지플러스센터,11111,5653
2013-01-01,대구동촌유치원,1134,128
2013-01-01,대구디지털산업진흥원건너,24494,4802
2013-01-01,대구디지털산업진흥원앞,16334,6125
2013-01-01,대구맨션건너,2133,355
2013-01-01,대구맨션앞,4226,708
2013-01-01,대구문화방송건너,11190,4084
2013-01-01,대구문화방송앞,19218,5029
2013-01-01,대구미술관건너,655,60
2013-01-01,대구미술관앞,542,75
2013-01-01,대구병원건너,31732,3677
2013-01-01,대구병원앞,12203,6198
2013-01-01,대구보건고등학교건너,15137,4355
2013-01-01,대구보건고등학교앞,11006,2390
2013-01-01,대구보건대학3,13476,5710
2013-01-01,대구보건대학4,32352,3440
2013-01-01,대구보건대학5,108,17
2013-01-01,대구보건대학건너1,1644,94
2013-01-01,대구보건대학건너2,6366,125
2013-01-01,대구보건대학앞1,366,344
2013-01-01,대구보건대학앞2,967,589
2013-01-01,대구보훈요양원건너,0,10
2013-01-01,대구보훈요양원앞,63,0
2013-01-01,대구비지니스센터건너,3749,1127
2013-01-01,대구비지니스센터앞,5343,378
2013-01-01,대구사격장,20,0
2013-01-01,대구삼성창조캠퍼스1,1257,332
2013-01-01,대구삼성창조캠퍼스2,340,587
2013-01-01,대구선방촌공원,1315,33
2013-01-01,대구소방본부건너,431,215
2013-01-01,대구소방본부앞,1606,1816
2013-01-01,대구스타디움건너,3119,952
2013-01-01,대구스타디움앞,4915,1380
2013-01-01,대구시교육청건너,1421,145
2013-01-01,대구시교육청앞,1479,6525
2013-01-01,대구시설공단건너,18465,4830
2013-01-01,대구시설공단앞,13135,7439
2013-01-01,대구시설관리사업소,1,89
2013-01-01,대구시지노인전문병원앞,548,534
2013-01-01,대구신문사,542,92
2013-01-01,대구애견훈련학교건너,239,0
2013-01-01,대구애견훈련학교앞,1,20
2013-01-01,대구역,1191,507
2013-01-01,대구역건너,27353,19150
2013-01-01,대구역꽃시장,652,215
2013-01-01,대구역북편네거리1,33823,8101
2013-01-01,대구역북편네거리2,14539,10371
2013-01-01,대구역센트럴자이,1103,117
2013-01-01,대구역앞,41786,12740
2013-01-01,대구예담학교,85,0
2013-01-01,대구우편집중국(동편),4,21
2013-01-01,대구우편집중국앞,2710,950
2013-01-01,대구은행3공단지점앞,7124,730
2013-01-01,대구은행북비산지점건너1,13851,3442
2013-01-01,대구은행북비산지점건너2,3689,814
2013-01-01,대구은행북비산지점앞,41555,9751
2013-01-01,대구은행산격지점앞,884,103
2013-01-01,대구은행역(1번출구),31999,16238
2013-01-01,대구은행역(2번출구),37959,10977
2013-01-01,대구은행제2본점앞,15139,3481
2013-01-01,대구은행칠곡지점건너,9492,4216
2013-01-01,대구은행칠곡지점앞,31370,2988
2013-01-01,대구은행평리동지점건너,3800,890
2013-01-01,대구은행평리동지점앞,7077,1146
2013-01-01,대구의료원건너,7640,955
2013-01-01,대구의료원라파엘웰빙센터,1730,92
2013-01-01,대구의료원라파엘웰빙센터건너,416,321
2013-01-01,대구의료원앞,5269,980
2013-01-01,대구일마이스터고교건너,2934,953
2013-01-01,대구일마이스터고교앞,7621,979
2013-01-01,대구전자공고남편,57,670
2013-01-01,대구전자공업고등학교1,7498,557
2013-01-01,대구전자공업고등학교2,1196,4794
2013-01-01,대구제일고등학교건너,45519,13251
2013-01-01,대구제일고등학교앞,36649,22743
2013-01-01,대구중앙중고등학교건너,30133,6081
2013-01-01,대구중앙중고등학교앞,26854,6444
2013-01-01,대구중앙중학교건너,2848,46
2013-01-01,대구중앙중학교앞,263,2178
2013-01-01,대구중학교건너,2097,385
2013-01-01,대구중학교앞,6035,619
2013-01-01,대구지료재생사,93,45
2013-01-01,대구지방경찰청,6955,462
2013-01-01,대구지방법원등기국건너,5811,2481
2013-01-01,대구지방법원등기국앞,2102,678
2013-01-01,대구지방법원서부지원,560,58
2013-01-01,대구차여성병원건너,4488,3627
2013-01-01,대구차여성병원앞,14807,2258
2013-01-01,대구콘서트하우스건너,17676,20534
2013-01-01,대구콘서트하우스앞,31345,11949
2013-01-01,대구텍건너,391,435
2013-01-01,대구텍앞,4459,380
2013-01-01,대구학생문화센터,133,65
2013-01-01,대구학생수련관입구건너,576,6
2013-01-01,대구학생수련관입구앞,8,79
2013-01-01,대구한의대학교부속한방병원건너,120,120
2013-01-01,대구한의대학교부속한방병원앞,5302,384
2013-01-01,대구향교건너,2332,1269
2013-01-01,대구향교앞,2201,663
2013-01-01,대덕마을건너,368,94
2013-01-01,대덕마을앞,396,70
2013-01-01,대덕맨션앞,9867,276
2013-01-01,대덕문화전당건너,1638,101
2013-01-01,대덕문화전당앞,17,80
2013-01-01,대덕승마장건너,460,37
2013-01-01,대덕승마장앞,135,72
2013-01-01,대덕식당건너,143,530
2013-01-01,대덕식당앞,3772,197
2013-01-01,대덕천주교회1,1937,490
2013-01-01,대덕천주교회2,2943,134
2013-01-01,대덕천주교회3,3869,42
2013-01-01,대덕천주교회4,204,439
2013-01-01,대덕초등학교,798,10
2013-01-01,대동공업,155,54
2013-01-01,대동공업건너,647,20
2013-01-01,대동금속건너,1758,8
2013-01-01,대동금속앞,633,126
2013-01-01,대동시장1,5542,853
2013-01-01,대동시장2,9438,752
2013-01-01,대륜중고등학교건너,3789,1929
2013-01-01,대륜중고등학교앞,7856,912
2013-01-01,대리,385,46
2013-01-01,대리마을앞,90,23
2013-01-01,대리마을회관,304,5
2013-01-01,대리마을회관건너,46,12
2013-01-01,대림생수,737,11
2013-01-01,대림생수앞,40,216
2013-01-01,대림육교1,147,5542
2013-01-01,대림육교2,3826,167
2013-01-01,대명6동주민센터건너,2624,252
2013-01-01,대명6동주민센터앞,2521,168
2013-01-01,대명시장건너,26467,6553
2013-01-01,대명시장앞,22925,8646
2013-01-01,대명역(1번출구),21145,4450
2013-01-01,대명역(2번출구),14213,3668
2013-01-01,대명중학교건너,22,131
2013-01-01,대명중학교앞,2990,103
2013-01-01,대명초등학교건너,8857,2521
2013-01-01,대명초등학교앞,13968,3338
2013-01-01,대백인터빌건너,27112,4325
2013-01-01,대백인터빌앞,21964,14548
2013-01-01,대백창신한라타운건너,17593,1279
2013-01-01,대백창신한라타운앞,3250,1575
2013-01-01,대백프라자건너,28313,6407
2013-01-01,대백프라자앞,35230,8288
2013-01-01,대백한라무지개타운건너,18966,1065
2013-01-01,대백한라무지개타운앞,6194,2083
2013-01-01,대봉교회,9657,4170
2013-01-01,대봉네거리1,5471,520
2013-01-01,대봉네거리2,3089,2641
2013-01-01,대봉도서관건너,2109,458
2013-01-01,대봉도서관앞,4439,960
2013-01-01,대봉성당,13979,4488
2013-01-01,대산,2,2
2013-01-01,대서초등학교앞,496,107
2013-01-01,대성공업건너,370,2700
2013-01-01,대성공업앞,5316,114
2013-01-01,대성유니드앞,2530,68
2013-01-01,대성테크앞,284,10
2013-01-01,대신동광명맨션앞,1739,196
2013-01-01,대신센트럴자이,5926,690
2013-01-01,대실역(1번출구),8073,3804
2013-01-01,대실역(2번출구),26381,4144
2013-01-01,대실역(4번출구),1712,48
2013-01-01,대실역1,113,29
2013-01-01,대실역2,3,51
2013-01-01,대실역청아람건너,11130,118
2013-01-01,대실역청아람앞,310,1512
2013-01-01,대우트럼프월드수성건너,17503,858
2013-01-01,대우트럼프월드수성앞,5624,1637
2013-01-01,대원고등학교,6488,9420
2013-01-01,대원고등학교건너,17357,1239
2013-01-01,대원사건너(공산동),19,14
2013-01-01,대원사앞(공산동),206,5
2013-01-01,대원사입구,166,1
2013-01-01,대원유치원건너,5884,1218
2013-01-01,대원유치원앞,10450,664
2013-01-01,대일1리마을회관건너,140,52
2013-01-01,대일1리점촌마을,19,22
2013-01-01,대일아파트건너,12513,2145
2013-01-01,대일아파트앞,13918,1935
2013-01-01,대자연맨션,22967,1707
2013-01-01,대자연맨션건너,3060,2005
2013-01-01,대중인벤트,206,26
2013-01-01,대진중고등학교건너,467,83
2013-01-01,대진중고등학교앞,380,165
2013-01-01,대천119안전센터건너,1636,34
2013-01-01,대천119안전센터앞,712,93
2013-01-01,대천교,504,241
2013-01-01,대천초등학교건너,466,155
2013-01-01,대천초등학교앞,2486,105
2013-01-01,대청초등학교건너,147,690
2013-01-01,대청초등학교앞,13856,583
2013-01-01,대평2리,606,0
2013-01-01,대평교회앞,2,15
2013-01-01,대평리시장,12875,2349
2013-01-01,대평중학교건너,13598,970
2013-01-01,대평중학교앞,5385,831
2013-01-01,대홍철강,704,35
2013-01-01,대흥동건너,320,42
2013-01-01,대흥동앞,309,359
2013-01-01,덕곡(달구벌고교),147,1
2013-01-01,덕곡(대구선명학교),29,13
2013-01-01,덕곡삼거리1,23,77
2013-01-01,덕곡삼거리2,839,22
2013-01-01,덕산마을건너,1,1
2013-01-01,덕산마을앞,185,0
2013-01-01,덕원고등학교건너,5231,3386
2013-01-01,덕원고등학교앞,3682,800
2013-01-01,덕인초등학교건너,2867,600
2013-01-01,덕인초등학교앞,1867,338
2013-01-01,덕화중학교건너,10363,811
2013-01-01,덕화중학교앞,4047,2161
2013-01-01,덴티스앞,308,18
2013-01-01,도남동,167,0
2013-01-01,도남동(종점),249,1
2013-01-01,도남지,96,0
2013-01-01,도동,1,4
2013-01-01,도동교1,936,10
2013-01-01,도동교2,22,12
2013-01-01,도동서원,150,3
2013-01-01,도동청구타운건너,51,41
2013-01-01,도동청구타운앞,1411,31
2013-01-01,도시철도건설본부건너,1470,2407
2013-01-01,도시철도건설본부앞,23516,8810
2013-01-01,도시철도담티역(1번출구),25860,8664
2013-01-01,도시철도담티역(3번출구),17692,12351
2013-01-01,도시철도대구역,612,607
2013-01-01,도시철도수성구청역북편1,331,5606
2013-01-01,도시철도수성구청역북편2,2851,111
2013-01-01,도의리,131,2
2013-01-01,도평동입구1,758,192
2013-01-01,도평동입구2,352,329
2013-01-01,도평동행정복지센터1,2,7
2013-01-01,도평동행정복지센터2,33,1
2013-01-01,도학동,1202,6
2013-01-01,도학동1,11,84
2013-01-01,동곡1리1,6,1
2013-01-01,동곡1리2,216,0
2013-01-01,동곡1리3,71,0
2013-01-01,동곡리,108,0
2013-01-01,동곡초등학교건너,329,10
2013-01-01,동곡초등학교앞,58,48
2013-01-01,동구시장건너,8900,2241
2013-01-01,동구시장앞,9166,2161
2013-01-01,동구청건너,52050,30219
2013-01-01,동구청앞,58087,28013
2013-01-01,동구청역(3번출구),7392,815
2013-01-01,동구청역(4번출구),2400,1477
2013-01-01,동대구LPG충전소건너,942,175
2013-01-01,동대구LPG충전소앞,702,169
2013-01-01,동대구맨션,11838,3289
2013-01-01,동대구시장건너,13431,4628
2013-01-01,동대구시장앞,20327,3879
2013-01-01,동대구역,56065,30458
2013-01-01,동대구역건너,60425,25354
2013-01-01,동대구역복합환승센터건너,59264,19081
2013-01-01,동대구역복합환승센터앞,50259,34380
2013-01-01,동대구역수화물취급소건너,374,123
2013-01-01,동대구역수화물취급소앞,215,100
2013-01-01,동대구역지하도1,3892,3724
2013-01-01,동대구역지하도2,11550,1260
2013-01-01,동대구초등학교건너,1387,71
2013-01-01,동대구초등학교앞,626,151
2013-01-01,동도중학교건너,11289,2111
2013-01-01,동도중학교앞,17993,1729
2013-01-01,동문고등학교앞,674,219
2013-01-01,동변주공그린빌건너,2740,550
2013-01-01,동변주공그린빌앞,10192,326
2013-01-01,동부경찰서건너,1435,715
2013-01-01,동부경찰서앞,11829,401
2013-01-01,동부고교건너,1379,383
2013-01-01,동부고교앞,6586,401
2013-01-01,동부소방서건너,648,4170
2013-01-01,동부소방서앞,6476,389
2013-01-01,동부시외버스터미널(순환2번),2282,226
2013-01-01,동부중학교건너,4535,320
2013-01-01,동부중학교앞,2183,1206
2013-01-01,동북주유소건너,61,23
2013-01-01,동북주유소앞,19,24
2013-01-01,동산의료원앞1,32649,11284
2013-01-01,동산의료원앞2,13847,9163
2013-01-01,동서교회건너,3507,283
2013-01-01,동서교회앞,1292,546
2013-01-01,동서변리벤빌,10130,1489
2013-01-01,동서변월드메르디앙아파트,3796,246
2013-01-01,동서아파트건너,201,6
2013-01-01,동서아파트앞,17,4
2013-01-01,동서화성타운건너,34395,2279
2013-01-01,동서화성타운앞,16905,3189
2013-01-01,동성에스티에스건너,24,2
2013-01-01,동성에스티에스앞,3,7
2013-01-01,동성초등학교건너,3033,2227
2013-01-01,동성초등학교앞,6723,1747
2013-01-01,동신초등학교건너,3036,667
2013-01-01,동신초등학교앞,2116,1176
2013-01-01,동아백화점수성점건너,8853,15682
2013-01-01,동아백화점수성점앞,69345,2029
2013-01-01,동아수산냉동건너,805,331
2013-01-01,동아수산냉동앞,439,73
2013-01-01,동아스포츠센터(지산중학교앞),1969,921
2013-01-01,동아스포츠센터(지산초교앞),11082,226
2013-01-01,동아제약,541,150
2013-01-01,동아제약건너,2940,50
2013-01-01,동양맨션앞,3754,240
2013-01-01,동원약품,9017,533
2013-01-01,동원초등학교건너,1068,230
2013-01-01,동원초등학교앞1,1214,227
2013-01-01,동원초등학교앞2,2498,194
2013-01-01,동인네거리1,1790,328
2013-01-01,동인네거리2,2137,419
2013-01-01,동인초등학교건너,14408,2989
2013-01-01,동인초등학교앞,13198,2558
2013-01-01,동인치안센터건너,21207,4151
2013-01-01,동인치안센터앞,11149,4151
2013-01-01,동일초등학교건너,2263,1375
2013-01-01,동일초등학교앞,3122,781
2013-01-01,동천역1,503,127
2013-01-01,동천역2,1076,140
2013-01-01,동촌강나루아파트건너,3518,630
2013-01-01,동촌강나루아파트앞,3412,3799
2013-01-01,동촌역,556,231
2013-01-01,동촌역(구길),2156,191
2013-01-01,동촌역(신길)1,6687,1038
2013-01-01,동촌역(신길)2,4317,2040
2013-01-01,동촌유원지,496,63
2013-01-01,동촌유원지놀이동산앞,240,73
2013-01-01,동촌해성아파트건너,145,111
2013-01-01,동촌해성아파트앞,1022,307
2013-01-01,동촌화성타운건너,11813,1357
2013-01-01,동촌화성타운앞,7724,2029
2013-01-01,동침산네거리,1829,410
2013-01-01,동침산네거리2,17,88
2013-01-01,동호동건너(북구),926,16
2013-01-01,동호동앞(북구),69,76
2013-01-01,동호육교1,64,628
2013-01-01,동호육교2,8031,351
2013-01-01,동호초등학교건너,870,96
2013-01-01,동화골든빌(남편),5709,81
2013-01-01,동화골든빌(동편),4667,1175
2013-01-01,동화골든빌(북편),120,94
2013-01-01,동화골든빌건너(남편),14,224
2013-01-01,동화교1,10,100
2013-01-01,동화교2,1655,2
2013-01-01,동화사입구건너,3987,13
2013-01-01,동화사입구앞,4,249
2013-01-01,동화시설집단지구(종점)1,7288,45
2013-01-01,동화시설집단지구(종점)2(대구시민안전테마파크),14,190
2013-01-01,두류3동파출소건너,796,74
2013-01-01,두류3동파출소앞,325,186
2013-01-01,두류공원(야외음악당건너),744,29
2013-01-01,두류공원(야외음악당앞),417,96
2013-01-01,두류공원네거리1,12884,2594
2013-01-01,두류공원네거리2,3772,4266
2013-01-01,두류도서관앞,7934,1472
2013-01-01,두류보성맨션건너,6612,714
2013-01-01,두류보성맨션앞,3383,2225
2013-01-01,두류수영장건너,17951,4691
2013-01-01,두류수영장앞,19557,4084
2013-01-01,두류역(달성고등학교건너),33468,10268
2013-01-01,두류역(달성고등학교앞),57451,40137
2013-01-01,두류정수사업소건너,20310,4296
2013-01-01,두류정수사업소앞,5991,2608
2013-01-01,두류파출소건너,679,56
2013-01-01,두류파출소앞,166,77
2013-01-01,두리봉네거리1,3989,8575
2013-01-01,두리봉네거리2,16601,3898
2013-01-01,두리봉터널입구,299,231
2013-01-01,두리봉터널입구건너,3408,95
2013-01-01,두산동주민센터건너,15500,4159
2013-01-01,두산동주민센터앞,7840,5229
2013-01-01,두산스포츠건너,1971,145
2013-01-01,두성파크아파트건너,24770,10656
2013-01-01,두성파크아파트앞,11596,7680
2013-01-01,둔산동,2631,12
2013-01-01,들안길1,1259,537
2013-01-01,들안길2,5208,235
2013-01-01,들안길네거리1,5667,169
2013-01-01,들안길네거리2,965,1403
2013-01-01,들안길초등학교건너,6437,2193
2013-01-01,들안길초등학교앞,5588,1355
2013-01-01,들연경,92,0
2013-01-01,럭키아파트건너,283,278
2013-01-01,럭키아파트앞,2641,51
2013-01-01,롯데백화점상인점건너,12050,4847
2013-01-01,롯데캐슬그랜드,735,543
2013-01-01,룸비니유치원건너,2488,196
2013-01-01,룸비니유치원앞,2136,323
2013-01-01,마비정벽화마을(종점),423,16
2013-01-01,만경관건너,7967,3384
2013-01-01,만경관앞,13410,3024
2013-01-01,만촌1동주민센터,3050,596
2013-01-01,만촌2동주민센터,14822,4812
2013-01-01,만촌3차화성파크드림건너,3646,736
2013-01-01,만촌그린빌라건너,608,43
2013-01-01,만촌역(1번출구),680,7065
2013-01-01,만촌우방1차건너,8751,124
2013-01-01,만촌우방1차앞,195,735
2013-01-01,만촌육교1,60291,13508
2013-01-01,만촌육교2,7333,22237
2013-01-01,만촌자전거경기장,1,86
2013-01-01,만촌천주교회앞,221,105
2013-01-01,만촌초등학교건너1,2674,256
2013-01-01,만촌초등학교건너2,4089,256
2013-01-01,만촌초등학교앞,2809,344
2013-01-01,만촌태왕리더스건너,4833,294
2013-01-01,만촌태왕리더스건너(남편),356,729
2013-01-01,만촌태왕리더스북편,647,92
2013-01-01,만촌태왕리더스앞1,5053,3008
2013-01-01,만촌태왕리더스앞2,2104,252
2013-01-01,만촌화성파크스위트,54,165
2013-01-01,만평네거리,8148,1907
2013-01-01,만평역(서대구고속버스터미널)1,8249,4036
2013-01-01,만평역(서대구고속버스터미널)2,8624,4371
2013-01-01,망우당공원(종점),188,118
2013-01-01,망우당공원건너,1094,686
2013-01-01,망우당공원앞,4216,1096
2013-01-01,매곡(종점),508,221
2013-01-01,매곡사거리1,870,1373
2013-01-01,매곡사거리2,10069,326
2013-01-01,매곡정수사업소건너,2300,306
2013-01-01,매곡정수사업소앞,72,29
2013-01-01,매곡초등학교건너,33,66
2013-01-01,매골1,2,38
2013-01-01,매골2,151,2
2013-01-01,매여동(동구)저탄장,431,19
2013-01-01,매일신문사건너,108,229
2013-01-01,매일신문사앞,1367,67
2013-01-01,매천고교,1109,132
2013-01-01,매천대교1,921,61
2013-01-01,매천성당건너1,3360,247
2013-01-01,매천성당건너2,705,225
2013-01-01,매천성당앞,5553,284
2013-01-01,매천수산시장건너,1718,134
2013-01-01,매천수산시장앞,1959,260
2013-01-01,매천시장지하차도,1963,190
2013-01-01,매천중고등학교건너,3687,1968
2013-01-01,매천중고등학교앞,17965,1116
2013-01-01,매천초교(매천역)2,928,56
2013-01-01,매천화성파크드림,1578,54
2013-01-01,매천휴먼시아앞,1142,72
2013-01-01,매호동서아파트앞,1014,5
2013-01-01,매호성당건너,528,1
2013-01-01,메트로시티건너,4524,659
2013-01-01,메트로시티앞,2443,407
2013-01-01,메트로팔레스1,16262,2032
2013-01-01,메트로팔레스2,20150,1777
2013-01-01,명곡1리입구1,9,11
2013-01-01,명곡1리입구2,51,0
2013-01-01,명곡리1,1851,298
2013-01-01,명곡리2,4363,530
2013-01-01,명곡미래빌1단지,2412,350
2013-01-01,명곡미래빌2단지건너,26,320
2013-01-01,명곡미래빌2단지앞,10980,1218
2013-01-01,명곡미래빌3단지건너,3285,515
2013-01-01,명곡미래빌3단지앞,3881,218
2013-01-01,명곡미래빌4단지,3780,245
2013-01-01,명곡미래빌5단지건너,29,123
2013-01-01,명곡미래빌5단지앞,4686,461
2013-01-01,명곡지구앞,1750,339
2013-01-01,명덕네거리1,38228,5005
2013-01-01,명덕네거리2,11648,22734
2013-01-01,명덕역(6번출구),24840,28141
2013-01-01,명덕역(7번출구),33978,9785
2013-01-01,명덕초등학교건너,21408,9398
2013-01-01,명덕초등학교앞,26576,11121
2013-01-01,명문세가APT건너,7219,1331
2013-01-01,명문세가APT앞,12321,4129
2013-01-01,명문오하임아파트건너,483,65
2013-01-01,명문오하임아파트앞,157,55
2013-01-01,명보약국건너,2249,516
2013-01-01,명보약국앞,2716,751
2013-01-01,명성푸르지오건너,7237,1640
2013-01-01,명성푸르지오앞,20217,1457
2013-01-01,모개월앞,7,0
2013-01-01,모개월입구,163,2
2013-01-01,모다아울렛,68,6
2013-01-01,모다아울렛건너,17629,492
2013-01-01,모다아울렛앞,97,2356
2013-01-01,모래정마을건너,77,0
2013-01-01,모래정마을앞,23,3
2013-01-01,목단1리,259,0
2013-01-01,목단2리,83,0
2013-01-01,목단리,39,0
2013-01-01,묘1리,128,0
2013-01-01,묘2리(고려정밀),173,2
2013-01-01,묘2리(전마),49,0
2013-01-01,무궁화LPG충전소,10007,1869
2013-01-01,무궁화LPG충전소건너,4155,931
2013-01-01,무궁화어린이공원입구,1937,387
2013-01-01,무궁화어린이공원입구건너,4365,660
2013-01-01,무등1리1,1,1
2013-01-01,무등1리2,269,0
2013-01-01,무등1리3,35,0
2013-01-01,무등2리,3,1
2013-01-01,무등2리입구건너,97,0
2013-01-01,무림제지건너,716,363
2013-01-01,무림제지앞1,1185,278
2013-01-01,무림제지앞2,147,33
2013-01-01,무열대건너,4535,1355
2013-01-01,무열대앞,1414,354
2013-01-01,무태교,13,472
2013-01-01,무태네거리(시내방향),17697,6552
2013-01-01,무태네거리(시외방향),3689,4386
2013-01-01,무태새마을금고건너,1913,469
2013-01-01,무태새마을금고앞,5149,275
2013-01-01,무태조야동주민센터건너1,7640,422
2013-01-01,무태조야동주민센터건너2,5732,1864
2013-01-01,무태조야동주민센터앞1,1274,719
2013-01-01,무태조야동주민센터앞2,17560,1377
2013-01-01,문성병원건너,13356,3368
2013-01-01,문성병원앞,18361,4843
2013-01-01,문양기지창건너,23,59
2013-01-01,문양기지창앞,284,17
2013-01-01,문양리1,173,11
2013-01-01,문양리2,9,3
2013-01-01,문양리입구1,673,3
2013-01-01,문양리입구2,1,6
2013-01-01,문양역건너,6,407
2013-01-01,문양역앞,1853,1331
2013-01-01,문주마을건너,142,0
2013-01-01,문주마을앞,0,3
2013-01-01,문화예술회관건너,10419,3385
2013-01-01,문화예술회관앞,7873,2681
2013-01-01,미8군후문건너,500,175
2013-01-01,미8군후문앞,1393,38
2013-01-01,미곡동1,273,294
2013-01-01,미곡동2,3240,153
2013-01-01,미대동1,2011,49
2013-01-01,미대동2,280,291
2013-01-01,미래아트빌앞,891,334
2013-01-01,미리내맨션건너,13695,519
2013-01-01,미리내맨션앞,4957,1371
2013-01-01,민들레아파트(종점),355,99
2013-01-01,민들레아파트후문건너,7848,11
2013-01-01,민들레아파트후문앞,2,161
2013-01-01,바른병원건너,221,168
2013-01-01,박곡리(시내방향),229,0
2013-01-01,박곡리(시외방향),45,0
2013-01-01,박석진교,16,23
2013-01-01,반고개(내당역4번출구),3873,3057
2013-01-01,반고개1,7900,2350
2013-01-01,반고개2,17745,6611
2013-01-01,반송4교건너,78,6
2013-01-01,반송4교앞,148,0
2013-01-01,반송리,353,4
2013-01-01,반야월모란1차아파트,4070,717
2013-01-01,반야월시장1,6274,3587
2013-01-01,반야월시장2,9849,1845
2013-01-01,반야월역(국철)건너,4259,2104
2013-01-01,반야월역(국철)앞,9469,1147
2013-01-01,반야월역(도시철도1번출구),6518,1441
2013-01-01,반야월역(도시철도2번출구),6082,555
2013-01-01,반야월역(도시철도3번출구),2233,3620
2013-01-01,반야월역(도시철도4번출구)1,10018,5005
2013-01-01,반야월역(도시철도4번출구)2,1899,1260
2013-01-01,반야월저탄장건너,5901,2240
2013-01-01,반야월저탄장앞,10735,1444
2013-01-01,반월당역(1번출구)1,43595,21327
2013-01-01,반월당역(1번출구)2,5671,7601
2013-01-01,반월당역(2번출구),44674,33377
2013-01-01,방공포병학교건너,1729,293
2013-01-01,방공포병학교앞,848,618
2013-01-01,방짜유기박물관건너,516,8
2013-01-01,방짜유기박물관앞,22,53
2013-01-01,방천리1,8,50
2013-01-01,방천리2,1,4
2013-01-01,방천리환경자원사업소,1227,107
2013-01-01,방천시장(김광석길)건너,15333,4383
2013-01-01,방천시장(김광석길)앞,13311,4109
2013-01-01,방촌1동,982,0
2013-01-01,방촌건널목,80,1885
2013-01-01,방촌맨션앞,5075,572
2013-01-01,방촌빌라,165,185
2013-01-01,방촌시장건너,31271,7794
2013-01-01,방촌시장앞,17955,8625
2013-01-01,방촌역(1번출구),15307,2582
2013-01-01,방촌역(2번출구),11293,3900
2013-01-01,방촌치안센터건너,2624,878
2013-01-01,방촌치안센터앞,3952,457
2013-01-01,백사벌네거리1,2850,114
2013-01-01,백사벌네거리2,2526,1549
2013-01-01,백안교1,81,59
2013-01-01,백안교2,1172,47
2013-01-01,백안삼거리1,235,215
2013-01-01,백안삼거리2,3010,138
2013-01-01,백자맨션건너,10277,1279
2013-01-01,백자맨션앞,4711,1313
2013-01-01,범물1동주민센터건너,47435,2604
2013-01-01,범물1동주민센터앞,8390,3659
2013-01-01,범물2동주민센터건너,3032,59
2013-01-01,범물2동주민센터앞,8,264
2013-01-01,범물두성타운건너,6048,77
2013-01-01,범물우방미진하이츠앞,18,264
2013-01-01,범물청구맨션건너,8387,3898
2013-01-01,범물청구맨션앞,35072,2947
2013-01-01,범물하이츠 건너,2756,1842
2013-01-01,범물하이츠앞,36426,513
2013-01-01,범물한라주택건너,25674,1304
2013-01-01,범물한라주택앞,3664,3473
2013-01-01,범어2동1,159,525
2013-01-01,범어2동2,1191,54
2013-01-01,범어4동주민센터건너,24960,6541
2013-01-01,범어4동주민센터앞,14142,9399
2013-01-01,범어쌍용예가건너,7785,2137
2013-01-01,범어쌍용예가앞,11817,2083
2013-01-01,범어역(1번출구),18086,4046
2013-01-01,범어역(2번출구),10335,3304
2013-01-01,법원건너,22772,9127
2013-01-01,법원앞,27373,7629
2013-01-01,법원어린이집,673,341
2013-01-01,베어산업건너,783,0
2013-01-01,베어산업앞,33,63
2013-01-01,보람타운건너,9206,410
2013-01-01,보람타운앞,6156,2424
2013-01-01,보병50사단건너,3536,330
2013-01-01,보병50사단앞,2096,337
2013-01-01,보성기계건너,3758,37
2013-01-01,보성기계앞,28,60
2013-01-01,보성산호타운건너,4678,423
2013-01-01,보성산호타운앞,2723,1019
2013-01-01,보성서한타운앞,3787,358
2013-01-01,보성은하타운앞,1924,69
2013-01-01,보성화성타운건너,23404,2929
2013-01-01,보성화성타운앞,9912,2477
2013-01-01,보훈병원건너,9,268
2013-01-01,보훈병원앞,5576,8
2013-01-01,복음간호학원,1332,411
2013-01-01,복현네거리,4656,3311
2013-01-01,복현대백맨션건너,17771,1127
2013-01-01,복현대백맨션앞,4322,1909
2013-01-01,복현서한2차아파트,1936,1696
2013-01-01,복현성모약국앞,3428,1058
2013-01-01,복현오거리1,46247,16509
2013-01-01,복현오거리2,13270,7358
2013-01-01,복현오거리3,343,341
2013-01-01,복현우방아파트,8279,1110
2013-01-01,복현우체국건너,47953,7683
2013-01-01,복현우체국앞,11375,5183
2013-01-01,복현장미맨션앞,1998,308
2013-01-01,복현푸르지오아파트건너,14166,1169
2013-01-01,복현현대맨션건너,2980,49
2013-01-01,복현현대맨션앞,424,190
2013-01-01,본동시장건너,8414,961
2013-01-01,본동시장앞,2469,561
2013-01-01,본리1리,473,14
2013-01-01,본리1리동회관건너,1415,171
2013-01-01,본리1리동회관앞,24,16
2013-01-01,본리2,1232,109
2013-01-01,본리근린공원건너,55,0
2013-01-01,본리근린공원앞,5,3
2013-01-01,본리네거리,2549,718
2013-01-01,본리네거리2,9003,1181
2013-01-01,본리네거리3,2000,1045
2013-01-01,본리도서관앞,880,168
2013-01-01,본리롯데캐슬,1652,134
2013-01-01,본리아카시아맨션,5209,1918
2013-01-01,본리지구건너,1219,518
2013-01-01,본리지구앞,6847,705
2013-01-01,본리초등학교건너,8163,2367
2013-01-01,본리초등학교앞,7491,1454
2013-01-01,본리치안센터건너,3505,417
2013-01-01,본리치안센터앞,3383,768
2013-01-01,본말(종점),106,0
2013-01-01,봉덕119안전센터건너,1004,49
2013-01-01,봉덕119안전센터앞,565,134
2013-01-01,봉덕2동새마을금고건너,1301,274
2013-01-01,봉덕2동새마을금고앞,835,429
2013-01-01,봉덕교회건너,14587,2088
2013-01-01,봉덕교회앞,4988,1862
2013-01-01,봉덕변전소건너,2194,10
2013-01-01,봉덕변전소앞,2,40
2013-01-01,봉덕시장건너1,3937,2645
2013-01-01,봉덕시장건너2,542,210
2013-01-01,봉덕시장건너3,4858,1251
2013-01-01,봉덕시장앞1,10898,1470
2013-01-01,봉덕시장앞2,4089,3480
2013-01-01,봉무공원건너,26330,852
2013-01-01,봉무청구새들마을건너,10178,3225
2013-01-01,봉무청구새들마을앞,2515,748
2013-01-01,봉산가구골목(동편),3956,2005
2013-01-01,봉산가구골목(서편),3119,330
2013-01-01,봉산문화거리건너,20463,7933
2013-01-01,봉산문화거리앞,13625,4666
2013-01-01,봉산육거리,3321,823
2013-01-01,봉촌1리1,444,0
2013-01-01,봉촌1리2,11,20
2013-01-01,봉촌1리3,185,0
2013-01-01,봉촌2리,505,3
2013-01-01,봉촌낙동길입구,363,1
2013-01-01,봉촌낙동길입구건너,11,51
2013-01-01,봉촌리,228,1
2013-01-01,부곡리,8,0
2013-01-01,부곡리건너,89,60
2013-01-01,부남교앞,13,0
2013-01-01,부동,1733,11
2013-01-01,부동(종점),70,2
2013-01-01,부동농협,960,19
2013-01-01,부동삼거리,0,3
2013-01-01,부영3단지,2504,521
2013-01-01,부영5단지,1771,373
2013-01-01,부영7단지건너,556,6
2013-01-01,부영7단지앞,6,29
2013-01-01,북구구민운동장건너,7346,384
2013-01-01,북구구민운동장앞,1990,1666
2013-01-01,북구보건소건너,3427,1037
2013-01-01,북구보건소앞,5939,527
2013-01-01,북구선거관리위원회건너,5537,562
2013-01-01,북구선거관리위원회앞,7255,5223
2013-01-01,북구어울아트센터앞,108,86
2013-01-01,북구청건너,13546,3425
2013-01-01,북구청네거리1,1904,816
2013-01-01,북구청네거리2,3198,413
2013-01-01,북구청앞,12766,2640
2013-01-01,북구청역(3번출구),8418,2240
2013-01-01,북구청역(4번출구),5066,1770
2013-01-01,북대구세무서건너,8110,854
2013-01-01,북대구세무서앞,4580,1298
2013-01-01,북대구초등학교건너,2566,58
2013-01-01,북대구초등학교앞,721,334
2013-01-01,북동초등학교건너,1257,370
2013-01-01,북동초등학교앞,5370,117
2013-01-01,북리1,2642,1448
2013-01-01,북리2,15634,306
2013-01-01,북부경찰서건너,3016,827
2013-01-01,북부상수도사업소,242,339
2013-01-01,북부정류장,88667,21917
2013-01-01,북부정류장건너,38141,25432
2013-01-01,북비산네거리1,10316,2931
2013-01-01,북비산네거리2,9834,1815
2013-01-01,북중학교앞,2847,259
2013-01-01,북침산치안센터건너,7888,1430
2013-01-01,북침산치안센터앞,7251,1794
2013-01-01,불교한방병원건너1,619,522
2013-01-01,불교한방병원건너2,1492,238
2013-01-01,불교한방병원앞1,2926,157
2013-01-01,불교한방병원앞2,3023,803
2013-01-01,불로삼거리,1276,2735
2013-01-01,불로우방아파트건너,7114,3078
2013-01-01,불로우방아파트앞,7747,2123
2013-01-01,불로전통시장건너,43471,4983
2013-01-01,불로전통시장앞,14476,9500
2013-01-01,불로천주교회건너,7316,1951
2013-01-01,불로천주교회앞,20304,2715
2013-01-01,불로화훼단지건너,2398,255
2013-01-01,불로화훼단지앞,2307,508
2013-01-01,비산5동주민센터,15,0
2013-01-01,비산6동주민센터건너,859,272
2013-01-01,비산6동주민센터앞,905,48
2013-01-01,비산7동우체국건너,3539,1886
2013-01-01,비산7동우체국앞1,16078,5820
2013-01-01,비산7동우체국앞2,13886,1785
2013-01-01,비산지하도1,11043,2616
2013-01-01,비산지하도2,18691,3402
2013-01-01,비산초등학교건너,10654,1205
2013-01-01,비산초등학교앞,12609,932
2013-01-01,비슬산휴양림주차장,115,8
2013-01-01,비원지구대건너,6062,296
2013-01-01,비원지구대앞,605,481
2013-01-01,비철금속협업단지앞,10804,706
2013-01-01,사복동입구교차로,162,279
2013-01-01,사복동입구교차로건너,46,74
2013-01-01,사월동(종점),770,43
2013-01-01,사월보성2차건너,5,299
2013-01-01,사월보성2차앞,2226,17
2013-01-01,사월역(2번출구),21381,5156
2013-01-01,사월역(4번출구),18171,21027
2013-01-01,사창마을건너,19,0
2013-01-01,사창마을앞,125,4
2013-01-01,산격4동주민센터건너,667,183
2013-01-01,산격4동주민센터앞,7968,438
2013-01-01,산격거평타운건너,976,1128
2013-01-01,산격거평타운앞,2288,884
2013-01-01,산격대우아파트앞,58954,16861
2013-01-01,산격문화회관건너,8846,761
2013-01-01,산격문화회관앞,3315,980
2013-01-01,산격종합시장앞,49413,29272
2013-01-01,산격주공아파트건너,3957,3057
2013-01-01,산격주공아파트앞,24790,3930
2013-01-01,산격중학교건너,5034,3828
2013-01-01,산격중학교앞,13349,982
2013-01-01,산격청구맨션앞,6288,2426
2013-01-01,산격초등학교건너,10513,696
2013-01-01,산격초등학교앞,9144,947
2013-01-01,산림조합중앙회건너,1908,429
2013-01-01,산림조합중앙회앞,3033,370
2013-01-01,산업용재관,4012,4468
2013-01-01,삼덕교회,6796,2499
2013-01-01,삼덕동1,303,113
2013-01-01,삼덕동2,237,18
2013-01-01,삼덕성당앞,9071,1115
2013-01-01,삼리1리1,117,48
2013-01-01,삼리1리2,801,59
2013-01-01,삼리리1(논공),566,14
2013-01-01,삼리리2(논공),150,46
2013-01-01,삼보,1197,90
2013-01-01,삼산리(범동교),14,5
2013-01-01,삼산리(삼산교회건너),3806,33
2013-01-01,삼산리(삼산교회앞),95,246
2013-01-01,삼산리(은지가든),0,2
2013-01-01,삼산리입구건너,386,2
2013-01-01,삼산리입구앞,0,37
2013-01-01,삼산지,386,1
2013-01-01,삼성공원아파트건너,571,129
2013-01-01,삼성래미안1차건너,4814,1038
2013-01-01,삼성래미안1차앞,4863,961
2013-01-01,삼성래미안2차건너,4567,1326
2013-01-01,삼성래미안2차앞,3323,540
2013-01-01,삼성명가타운,2787,488
2013-01-01,삼성명가타운건너,2367,279
2013-01-01,삼성물류센터앞,263,726
2013-01-01,삼성한국형아파트건너,1390,107
2013-01-01,삼성한국형아파트앞,829,864
2013-01-01,삼우섬유앞,627,26
2013-01-01,삼육구가든건너,7,5
2013-01-01,삼육구가든앞,140,1
2013-01-01,삼익THK건너,356,123
2013-01-01,삼익THK앞,249,20
2013-01-01,삼익뉴타운건너,6321,1195
2013-01-01,삼익뉴타운앞,11543,1013
2013-01-01,삼정빌딩앞,865,342
2013-01-01,삼호아파트건너,847,209
2013-01-01,삼호아파트앞,1012,443
2013-01-01,삼환맨션,304,46
2013-01-01,상공회의소건너,4651,815
2013-01-01,상공회의소앞,5546,617
2013-01-01,상동가압장건너,899,259
2013-01-01,상동교1,147,103
2013-01-01,상동교2,2115,285
2013-01-01,상동네거리,4843,708
2013-01-01,상동마을(둔산길),684,1
2013-01-01,상동시장앞,2286,236
2013-01-01,상동우체국건너,4052,1151
2013-01-01,상동우체국앞,19605,2321
2013-01-01,상동천주교회건너,206,135
2013-01-01,상동천주교회앞,2586,823
2013-01-01,상록아파트,36,69
2013-01-01,상리공단,2003,128
2013-01-01,상리공단건너,718,175
2013-01-01,상리동입구,1533,39
2013-01-01,상리동입구1,3,236
2013-01-01,상리동입구2,3550,1
2013-01-01,상리동종점,0,101
2013-01-01,상리동종점2,941,0
2013-01-01,상리동종점3,3256,196
2013-01-01,상리마을건너,0,8
2013-01-01,상리마을앞,18,1
2013-01-01,상리지하도1,2417,41
2013-01-01,상리지하도2,1898,112
2013-01-01,상서고등학교건너,1261,42
2013-01-01,상서고등학교앞,472,67
2013-01-01,상수도사업본부,9704,2121
2013-01-01,상수도사업본부건너,7688,4004
2013-01-01,상수도사업본부시설관리소건너,9813,4401
2013-01-01,상수도사업본부시설관리소앞,1841,455
2013-01-01,상수도중남부사업소건너,1620,239
2013-01-01,상수도중남부사업소앞,594,148
2013-01-01,상원리(마을회관),489,0
2013-01-01,상원리(전평못식당),63,0
2013-01-01,상인2동주민센터건너,5689,272
2013-01-01,상인동서타운앞,19054,2199
2013-01-01,상인동화아이위시아파트건너,24169,2388
2013-01-01,상인동화아이위시아파트앞,2640,1910
2013-01-01,상인비둘기1단지아파트건너,5661,1486
2013-01-01,상인비둘기1단지아파트앞,20701,647
2013-01-01,상인비둘기2단지아파트앞,12408,776
2013-01-01,상인삼미타운건너,2515,4051
2013-01-01,상인삼미타운앞,5081,557
2013-01-01,상인역e-편한세상앞,6602,6842
2013-01-01,상인우방아파트,13494,9182
2013-01-01,상인은행아파트건너,7628,712
2013-01-01,상인은행아파트앞,4417,1341
2013-01-01,상인자이앞,7108,531
2013-01-01,상인장미아파트앞,8427,773
2013-01-01,상인제림아파트건너,5240,582
2013-01-01,상인제림아파트앞,1655,395
2013-01-01,상인청구타운건너,3423,162
2013-01-01,상인청구타운앞,1652,252
2013-01-01,상인초등학교앞,18550,2421
2013-01-01,상인한서타운앞,4111,596
2013-01-01,상인현대맨션건너,81555,9650
2013-01-01,상인현대맨션앞,26979,59004
2013-01-01,상인화성파크드림건너,983,552
2013-01-01,상인화성파크드림앞,1328,225
2013-01-01,상화네거리,210,303
2013-01-01,새길시장건너,12519,11098
2013-01-01,새길시장앞,33518,6359
2013-01-01,새동네아파트건너,49,2
2013-01-01,새동네아파트앞,492,422
2013-01-01,새마을건너,1,3
2013-01-01,새마을입구,77,0
2013-01-01,새범어아파트건너,1255,147
2013-01-01,새범어아파트앞,962,144
2013-01-01,새본리중학교앞,1170,167
2013-01-01,샤니삼거리1,175,0
2013-01-01,서구문화회관건너,2897,633
2013-01-01,서구문화회관앞,8336,1720
2013-01-01,서구시장건너,19994,5163
2013-01-01,서구시장앞,18364,3975
2013-01-01,서구제일사회복지관건너,1592,847
2013-01-01,서구제일사회복지관앞,4046,484
2013-01-01,서구청건너,46091,12710
2013-01-01,서구청앞,47296,10588
2013-01-01,서남시장건너,28931,11587
2013-01-01,서남시장앞1,22251,6150
2013-01-01,서남시장앞2,6921,3225
2013-01-01,서당마을건너,865,8
2013-01-01,서당마을앞,34,63
2013-01-01,서대구고속버스터미널,1281,386
2013-01-01,서대구공단네거리1,805,76
2013-01-01,서대구공단네거리2,457,88
2013-01-01,서대구공단네거리3,2737,328
2013-01-01,서대구공단네거리4,4427,523
2013-01-01,서대구세무서,9355,18667
2013-01-01,서대구시장건너,10716,7920
2013-01-01,서대구시장앞,10943,4201
2013-01-01,서대구초등학교입구,21291,8157
2013-01-01,서대명지구대건너,6120,992
2013-01-01,서대명지구대앞,2247,1410
2013-01-01,서도초등학교건너,2123,489
2013-01-01,서도초등학교서편2,1137,65
2013-01-01,서도초등학교앞,4557,528
2013-01-01,서문시장,84881,23825
2013-01-01,서문시장5지구앞,1258,638
2013-01-01,서변동영남네오빌건너,6353,543
2013-01-01,서변동영남네오빌앞,1571,430
2013-01-01,서부고등학교건너,1864,468
2013-01-01,서부고등학교앞,3596,160
2013-01-01,서부공업고등학교건너,9685,19986
2013-01-01,서부공업고등학교앞,26041,3558
2013-01-01,서부소방서,0,2
2013-01-01,서부시장건너,31716,7600
2013-01-01,서부시장앞,23058,8445
2013-01-01,서부정류장(관문시장건너),80747,38937
2013-01-01,서부정류장(관문시장앞),36672,24496
2013-01-01,서부정류장1,81314,24053
2013-01-01,서부정류장2,5823,1920
2013-01-01,서부정류장3(성당못역1번출구),23682,51342
2013-01-01,서부정류장4(성당못역1번출구),2937,2548
2013-01-01,서부중학교앞,9102,2574
2013-01-01,서영기공건너,239,0
2013-01-01,서영기공앞,10,39
2013-01-01,서재금봉타운,211,1097
2013-01-01,서재금봉타운건너,29645,79
2013-01-01,서재들,24,0
2013-01-01,서재들건너,39,1
2013-01-01,서재보성타운건너,15521,98
2013-01-01,서재보성타운앞,265,684
2013-01-01,서진중학교건너,827,343
2013-01-01,서평초등학교,3130,1301
2013-01-01,서평초등학교건너,2601,1441
2013-01-01,선녀곡건너(옥포),575,43
2013-01-01,선녀곡앞(옥포),25,124
2013-01-01,설티고개(달성공단방면),7,8
2013-01-01,설티고개(옥포방면),88,1
2013-01-01,설화동(종점),369,16
2013-01-01,설화리(시내방향),6600,529
2013-01-01,설화리(시외방향),1652,525
2013-01-01,설화명곡역(4번출구),2,68
2013-01-01,섬뜸마을,524,0
2013-01-01,섬유회관건너1,56672,18633
2013-01-01,섬유회관건너2,4135,1695
2013-01-01,섬유회관앞,67431,34295
2013-01-01,성곡중학교건너,734,292
2013-01-01,성곡중학교앞,1346,97
2013-01-01,성광고등학교건너,8174,332
2013-01-01,성광고등학교앞,329,506
2013-01-01,성남초등학교건너,1174,590
2013-01-01,성남초등학교앞,4461,211
2013-01-01,성내3동주민센터입구,1464,292
2013-01-01,성당두산위브앞,28619,3554
2013-01-01,성당래미안·e-편한세상앞,11474,2298
2013-01-01,성당못역북편1,613,1609
2013-01-01,성당못역북편2,2246,449
2013-01-01,성당보성아파트건너,18907,7657
2013-01-01,성당보성아파트앞,14262,4660
2013-01-01,성당시장건너,27948,8196
2013-01-01,성당시장앞1,4658,1053
2013-01-01,성당시장앞2,32483,4959
2013-01-01,성당초교앞,693,175
2013-01-01,성당코오롱하늘채,7979,1303
2013-01-01,성당코오롱하늘채2,12322,5922
2013-01-01,성당포스코더샵건너,5456,1094
2013-01-01,성당포스코더샵앞,14053,1238
2013-01-01,성동건너,143,106
2013-01-01,성동마을건너,115,31
2013-01-01,성동마을앞,395,10
2013-01-01,성동앞,147,96
2013-01-01,성동초등학교건너,12527,2674
2013-01-01,성동초등학교앞,14700,2160
2013-01-01,성동탱자나무마을건너,33,6
2013-01-01,성동탱자나무마을앞,89,4
2013-01-01,성림첨단산업건너,38,9
2013-01-01,성림첨단산업앞,331,6
2013-01-01,성명119안전센터건너1,3832,1303
2013-01-01,성명119안전센터앞,1689,585
2013-01-01,성명여자중학교,346,34
2013-01-01,성모여성병원건너,36147,11652
2013-01-01,성모여성병원앞,34656,28729
2013-01-01,성보교통,1878,188
2013-01-01,성북교1,11353,4025
2013-01-01,성북교2,7823,3783
2013-01-01,성북시장건너,2742,800
2013-01-01,성북시장앞,11838,924
2013-01-01,성산3동,0,19
2013-01-01,성산리1,55,78
2013-01-01,성산리2,727,59
2013-01-01,성산중학교앞,1310,54
2013-01-01,성산초등학교앞,392,115
2013-01-01,성서119안전센터건너,538,8770
2013-01-01,성서119안전센터앞,16270,293
2013-01-01,성서4차산업단지앞1,732,134
2013-01-01,성서공단물류센터,436,6
2013-01-01,성서농협남부지소,15073,2850
2013-01-01,성서동서서한타운건너,3050,525
2013-01-01,성서동서서한타운앞,5665,314
2013-01-01,성서보성타운2차건너1,6138,439
2013-01-01,성서보성타운2차건너2,1213,136
2013-01-01,성서보성타운2차앞,7443,1376
2013-01-01,성서산업단지역(1번출구),6334,5208
2013-01-01,성서산업단지역(2번출구),12826,2770
2013-01-01,성서서한2차타운1,7522,273
2013-01-01,성서서한2차타운2,345,320
2013-01-01,성서우방2차아파트,1240,454
2013-01-01,성서우방타운건너,26197,2594
2013-01-01,성서우방타운앞,13322,5764
2013-01-01,성서우체국건너,2488,1029
2013-01-01,성서우체국앞,476,685
2013-01-01,성서종합시장건너,19541,7158
2013-01-01,성서종합시장앞,46434,13754
2013-01-01,성서주공1단지건너,9622,1799
2013-01-01,성서주공1단지앞,2773,963
2013-01-01,성서주공2단지건너,15600,7835
2013-01-01,성서주공2단지앞,36410,2829
2013-01-01,성서주공5단지앞,263,218
2013-01-01,성서청구타운건너,9699,633
2013-01-01,성서청구타운앞,6268,587
2013-01-01,성서초등학교건너,5301,909
2013-01-01,성서초등학교앞,2326,824
2013-01-01,성서푸른마을아파트건너,8898,472
2013-01-01,성서푸른마을아파트앞,2356,710
2013-01-01,성서한샘타운앞,1762,204
2013-01-01,성서협업단지건너,165,1
2013-01-01,성서협업단지앞,8,9
2013-01-01,성요셉요양병원건너,101,92
2013-01-01,성요셉요양병원앞,1426,20
2013-01-01,성원아파트건너,1513,371
2013-01-01,성원아파트앞,8026,227
2013-01-01,성주사건너,104,4
2013-01-01,성주사앞,18,49
2013-01-01,성지중학교건너,4538,1481
2013-01-01,성지중학교앞,7308,2048
2013-01-01,성하리,13,61
2013-01-01,성화여고건너,9861,1681
2013-01-01,성화여고앞,4897,1789
2013-01-01,세강병원앞,10325,8931
2013-01-01,세원정공건너,12156,550
2013-01-01,세원정공앞,1675,6099
2013-01-01,세천리2,235,45
2013-01-01,세천리3,867,49
2013-01-01,세흥인쇄,1213,125
2013-01-01,소선여중건너,6336,1597
2013-01-01,솔렌스힐건너,5305,512
2013-01-01,솔렌스힐앞,3559,375
2013-01-01,솔밭기세길건너,2,6
2013-01-01,솔밭기세길입구,102,1
2013-01-01,솔비식당입구,4,3
2013-01-01,솔비식당입구맞은편,268,1
2013-01-01,송원맨션건너,10704,379
2013-01-01,송원맨션앞,1912,1324
2013-01-01,송정1동,0,5
2013-01-01,송정동1,42,4
2013-01-01,송정동2,8,1
2013-01-01,송정동3,54,23
2013-01-01,송정동4,10,0
2013-01-01,송정마을1,19,13
2013-01-01,송정마을2,118,2
2013-01-01,송정삼거리1,386,363
2013-01-01,송정삼거리2,256,163
2013-01-01,송정삼거리3,3740,4660
2013-01-01,송정삼거리4,2922,1338
2013-01-01,송해공원,7,12
2013-01-01,송현1동치안센터건너,7266,1016
2013-01-01,송현2동주민센터건너,724,142
2013-01-01,송현공원건너,463,66
2013-01-01,송현공원앞,657,166
2013-01-01,송현교,1019,82
2013-01-01,송현교2,95,23
2013-01-01,송현여중고교건너,2113,284
2013-01-01,송현여중고교앞,3079,894
2013-01-01,송현역(1번출구),12115,3944
2013-01-01,송현역(2번출구),16953,2915
2013-01-01,송현역(3번출구),19135,5277
2013-01-01,송현역(4번출구),7460,3240
2013-01-01,송현제림타운건너,5879,2431
2013-01-01,송현제림타운앞,3561,802
2013-01-01,송현초등학교건너,3681,632
2013-01-01,송현초등학교앞,8161,435
2013-01-01,수리리,89,0
2013-01-01,수성4가동주민센터앞,841,88
2013-01-01,수성경찰서건너,24865,7668
2013-01-01,수성경찰서앞,19234,7837
2013-01-01,수성고등학교건너,5442,287
2013-01-01,수성고등학교앞,3037,368
2013-01-01,수성관광호텔건너,2930,305
2013-01-01,수성관광호텔앞,1755,306
2013-01-01,수성교1,6174,2437
2013-01-01,수성교2,12559,1596
2013-01-01,수성구민운동장건너,10250,2310
2013-01-01,수성구민운동장앞,6906,4009
2013-01-01,수성구보건소건너,27670,3848
2013-01-01,수성구보건소앞,9684,4341
2013-01-01,수성구청건너,30875,7346
2013-01-01,수성구청앞,26704,12401
2013-01-01,수성네거리1,14729,2975
2013-01-01,수성네거리2,13168,2254
2013-01-01,수성대학교건너,36130,12024
2013-01-01,수성대학교앞,19490,13080
2013-01-01,수성도서관건너,14848,1822
2013-01-01,수성도서관앞,6441,2593
2013-01-01,수성동삼익맨션앞,900,37
2013-01-01,수성동일하이빌앞,137,99
2013-01-01,수성랜드1,2706,148
2013-01-01,수성랜드2,802,1201
2013-01-01,수성랜드건너,1669,449
2013-01-01,수성랜드건너2,290,109
2013-01-01,수성랜드앞,859,344
2013-01-01,수성롯데캐슬건너,13284,2112
2013-01-01,수성롯데캐슬앞,20104,3379
2013-01-01,수성못건너,723,167
2013-01-01,수성못앞,915,270
2013-01-01,수성못오거리1,10886,3612
2013-01-01,수성못오거리2,10019,6439
2013-01-01,수성못오거리5,246,446
2013-01-01,수성못코오롱하늘채,5500,1701
2013-01-01,수성소방서1,1711,177
2013-01-01,수성소방서2,93,588
2013-01-01,수성시니어클럽건너,2271,727
2013-01-01,수성시니어클럽앞,6370,728
2013-01-01,수성시장건너,2827,716
2013-01-01,수성시장네거리1,12991,2916
2013-01-01,수성시장네거리2,16464,8067
2013-01-01,수성시장앞,3039,1327
2013-01-01,수성아트피아건너,7908,1014
2013-01-01,수성아트피아앞,835,2344
2013-01-01,수성요양병원,676,162
2013-01-01,수성월드메르디앙건너,427,60
2013-01-01,수성월드메르디앙앞,749,83
2013-01-01,수성초등학교,9859,2808
2013-01-01,수성태영데시앙건너,1583,452
2013-01-01,수성태영데시앙앞,3686,576
2013-01-01,수성하이츠,2712,264
2013-01-01,수정맨션앞,2097,279
2013-01-01,수창초등학교,7528,1895
2013-01-01,스파밸리1,167,659
2013-01-01,스파밸리2,8203,81
2013-01-01,시립희망원,1784,462
2013-01-01,시민교회건너,1168,111
2013-01-01,시민교회앞,564,133
2013-01-01,시민운동장(야구장건너),2526,367
2013-01-01,시민운동장(야구장앞),2302,409
2013-01-01,시민운동장(축구장건너),3449,1750
2013-01-01,시민운동장(축구장앞),3845,1066
2013-01-01,시지(종점),326,314
2013-01-01,시지대성유니드건너,958,105
2013-01-01,시지대성유니드앞,2254,162
2013-01-01,시지보성아파트앞,24506,8022
2013-01-01,시지중학교,24839,1053
2013-01-01,시지천마타운앞,4669,1331
2013-01-01,시청별관건너1,8574,2602
2013-01-01,시청별관건너2,6080,2016
2013-01-01,시청별관앞(구.경북도청),5001,2800
2013-01-01,신기리1,16,31
2013-01-01,신기리2,305,6
2013-01-01,신기역(화성타운건너),8713,2625
2013-01-01,신기역(화성타운앞),13846,3045
2013-01-01,신남역(1번출구),4758,1518
2013-01-01,신당동주민센터건너,2036,860
2013-01-01,신당동주민센터앞,8430,535
2013-01-01,신당리,4747,12
2013-01-01,신덕마을입구,0,43
2013-01-01,신도운수건너,1135,90
2013-01-01,신도운수앞,1230,48
2013-01-01,신매광장건너,42791,17556
2013-01-01,신매광장앞,49022,13186
2013-01-01,신매시장,6944,3441
2013-01-01,신매초등학교건너,9600,3340
2013-01-01,신매초등학교앞,8554,1302
2013-01-01,신매태성아파트,69,271
2013-01-01,신매태성아파트건너,6325,239
2013-01-01,신무동1,433,0
2013-01-01,신무동2,1,5
2013-01-01,신생원앞,32,0
2013-01-01,신서성당건너,4854,133
2013-01-01,신서성당앞,6,179
2013-01-01,신성에스앤티건너,115,10
2013-01-01,신성에스앤티앞,364,23
2013-01-01,신성중공업건너,14,33
2013-01-01,신성중공업앞,307,0
2013-01-01,신성초등학교건너,4184,2186
2013-01-01,신성초등학교앞,6891,924
2013-01-01,신세계병원건너,20811,10827
2013-01-01,신세계병원앞,22875,7576
2013-01-01,신세계주유소건너,6480,286
2013-01-01,신세계주유소앞,1089,754
2013-01-01,신세월입구,37,0
2013-01-01,신신정비공장1,10100,4795
2013-01-01,신신정비공장2,31452,13502
2013-01-01,신암건영캐스빌건너,3934,219
2013-01-01,신암건영캐스빌앞,800,137
2013-01-01,신암보성아파트건너,1563,401
2013-01-01,신암보성아파트앞,1188,321
2013-01-01,신암초등학교건너,4181,1514
2013-01-01,신천3동행정복지센터건너,3756,511
2013-01-01,신천3동행정복지센터앞,2088,643
2013-01-01,신천3치안센터건너,4551,1114
2013-01-01,신천3치안센터앞,4416,2203
2013-01-01,신천LH아파트건너,8152,1629
2013-01-01,신천LH아파트앞,11999,1419
2013-01-01,신천교1,1942,398
2013-01-01,신천교2,1544,251
2013-01-01,신천시장건너,2812,781
2013-01-01,신천시장앞,4333,698
2013-01-01,신천역(2번출구),3857,2730
2013-01-01,신천역(3번출구),2195,1419
2013-01-01,신천역(4번출구),5970,3174
2013-01-01,신천역(5번출구),8987,3171
2013-01-01,신천초등학교건너,567,83
2013-01-01,신천초등학교앞,275,58
2013-01-01,신평동1,374,594
2013-01-01,신평동2,971,195
2013-01-01,신평리네거리1,24613,8491
2013-01-01,신평리네거리2,28173,9627
2013-01-01,신평리주유소건너,1538,232
2013-01-01,신평리주유소앞,622,204
2013-01-01,신흥버스,14339,3845
2013-01-01,실내체육관건너,3674,589
2013-01-01,실내체육관앞,4566,628
2013-01-01,심신수련장입구건너,741,182
2013-01-01,심신수련장입구앞,763,62
2013-01-01,심인고등학교건너,22364,1499
2013-01-01,심인고등학교앞,11375,1919
2013-01-01,쌍용머티리얼,1919,34
2013-01-01,아너스월성앞,1990,611
2013-01-01,아멕스,572,23
2013-01-01,아멕스건너,837,41
2013-01-01,아양교1,3539,1231
2013-01-01,아양교2,13736,5293
2013-01-01,아양교3,3637,8269
2013-01-01,아양교4,5268,647
2013-01-01,아양교역(1번출구),65528,87403
2013-01-01,아양교역(2번출구),106711,28541
2013-01-01,아양아트센터건너,3895,214
2013-01-01,아양아트센터앞,945,624
2013-01-01,아주섬유건너,5,15
2013-01-01,아주섬유앞,202,0
2013-01-01,아주철강건너,60,6
2013-01-01,아주철강앞,105,1
2013-01-01,안심교(경산방향),396,164
2013-01-01,안심교(반야월방향),354,1907
2013-01-01,안심신우타운앞,1653,904
2013-01-01,안심역(4번출구),36635,1031
2013-01-01,안심역(5번출구),3649,36268
2013-01-01,안심주공1단지건너,12687,697
2013-01-01,안심주공1단지앞,4635,823
2013-01-01,안심주공2단지앞,5187,877
2013-01-01,안심중학교건너,1478,869
2013-01-01,안심중학교앞,3081,1826
2013-01-01,안심효성타운건너,11619,2909
2013-01-01,안심효성타운앞,20551,4449
2013-01-01,안지랑네거리1,28654,7259
2013-01-01,안지랑네거리2,25234,18375
2013-01-01,앞산공원,8504,3921
2013-01-01,앞산공원관리사무소건너,208,9
2013-01-01,앞산공원관리사무소앞,27,303
2013-01-01,앞산궁도장건너,704,87
2013-01-01,앞산궁도장앞,179,46
2013-01-01,앞산별자리체험학습장1,3139,23
2013-01-01,앞산별자리체험학습장2,128,407
2013-01-01,앞산보성타운건너,25,68
2013-01-01,앞산보성타운앞,3850,6
2013-01-01,앞산빨래터공원,193,94
2013-01-01,앞산빨래터공원1,587,43
2013-01-01,앞산자락카페마실건너,41,33
2013-01-01,앞산자락카페마실앞,928,465
2013-01-01,앞산청구제네스건너,7462,1661
2013-01-01,앞산청구제네스앞,16316,1417
2013-01-01,앞산힐스테이트건너,2562,201
2013-01-01,앞산힐스테이트앞,1175,304
2013-01-01,약령시건너(동성로입구),226988,39267
2013-01-01,약령시앞,176445,83872
2013-01-01,약령시입구,3089,3344
2013-01-01,약사회관건너,250,54
2013-01-01,약사회관앞,899,35
2013-01-01,약산온천,2,1
2013-01-01,약산온천입구,2656,55
2013-01-01,양지마을건너,8,330
2013-01-01,양지마을앞,5862,5
2013-01-01,어린이회관건너1,3955,2786
2013-01-01,어린이회관건너2,69,133
2013-01-01,어린이회관앞,9764,2296
2013-01-01,에이스이노텍건너,188,22
2013-01-01,에이스이노텍앞,58,2
2013-01-01,엑스코건너,3643,1641
2013-01-01,엑스코앞,13475,843
2013-01-01,엘디스리젠트호텔건너,3958,1713
2013-01-01,엘디스리젠트호텔앞,5896,2563
2013-01-01,여성메디파크,3631,583
2013-01-01,역전시장건너,5384,962
2013-01-01,역전시장앞,5361,946
2013-01-01,연경1,57,14
2013-01-01,연경2,287,2
2013-01-01,연암네거리1,18913,10279
2013-01-01,연암네거리2,4495,531
2013-01-01,연암네거리3,559,529
2013-01-01,연젓마을건너,6,1
2013-01-01,연젓마을입구,1,1
2013-01-01,연호동,6,2
2013-01-01,연호동(종점),40,1
2013-01-01,연호동화훼단지1,3030,3496
2013-01-01,연호동화훼단지2,6615,1864
2013-01-01,연호역(3번출구),36,19
2013-01-01,연호역(3번출구)건너,1,102
2013-01-01,연호지,204,204
2013-01-01,연화리1,23,7
2013-01-01,연화리2,1,24
2013-01-01,열병합발전소앞,3,0
2013-01-01,영남고등학교건너,15300,28955
2013-01-01,영남고등학교앞,41414,7366
2013-01-01,영남네오빌건너,1084,42
2013-01-01,영남네오빌비스타,1444,196
2013-01-01,영남네오빌앞,378,123
2013-01-01,영남농업연구소콩연구,1,5
2013-01-01,영남우방타운1차건너,3604,423
2013-01-01,영남우방타운1차앞,6257,299
2013-01-01,영남이공대학건너,12041,2683
2013-01-01,영남이공대학앞,24090,1736
2013-01-01,영남일보건너,3554,523
2013-01-01,영남종합전기,229,27
2013-01-01,영대병원역,43166,4064
2013-01-01,영대병원역(3번출구),32998,32777
2013-01-01,영일무역건너,516,4
2013-01-01,영일무역앞,143,51
2013-01-01,영조아파트건너,4,106
2013-01-01,영조아파트앞,1722,13
2013-01-01,영진고등학교건너,24251,4124
2013-01-01,영진고등학교앞,34652,22165
2013-01-01,영진산업,470,3
2013-01-01,영진전문대학정문건너,7453,2210
2013-01-01,영진전문대학정문앞,15496,2500
2013-01-01,영진전문대학후문건너,29008,5867
2013-01-01,영진전문대학후문앞,43861,13571
2013-01-01,영화,688,19
2013-01-01,예현2리마을회관,242,0
2013-01-01,오2리(음지머구),154,0
2013-01-01,오뚜기물류센터,151,10
2013-01-01,오리(양지마을),204,0
2013-01-01,오설리,14,5
2013-01-01,오성아파트,176,5068
2013-01-01,오페라삼정그린코아APT,16749,3572
2013-01-01,오페라하우스건너,1606,249
2013-01-01,오페라하우스앞,1368,120
2013-01-01,옥분리(구진터),138,2
2013-01-01,옥분리1,16,27
2013-01-01,옥분리마을회관앞,425,8
2013-01-01,옥산정미소,243,13
2013-01-01,옥연지,23,9
2013-01-01,옥연지건너,179,3
2013-01-01,옥포간경리1,1390,895
2013-01-01,옥포간경리2,8686,359
2013-01-01,옥포농협,229,22
2013-01-01,옥포농협강림지소건너,810,457
2013-01-01,옥포농협강림지소앞,4264,271
2013-01-01,옥포농협건너,3247,254
2013-01-01,옥포농협앞,699,512
2013-01-01,옥포무지개마을,3035,85
2013-01-01,옥포주유소앞,863,150
2013-01-01,옥포중앙교회앞,251,104
2013-01-01,옥포초등학교건너,903,655
2013-01-01,옥포초등학교앞,7033,535
2013-01-01,올림픽기념관건너,7721,4008
2013-01-01,올림픽기념관앞,13757,4903
2013-01-01,와룡공원건너,396,291
2013-01-01,와룡공원앞,1239,88
2013-01-01,와룡시장,3378,330
2013-01-01,와룡시장건너,2095,931
2013-01-01,용계동1,77,62
2013-01-01,용계동2,574,29
2013-01-01,용계동3,216,67
2013-01-01,용계동4,2532,85
2013-01-01,용계삼거리1,10363,7618
2013-01-01,용계삼거리2,3313,925
2013-01-01,용계삼거리3,638,894
2013-01-01,용계삼거리4,441,329
2013-01-01,용계역(1번출구),11011,11758
2013-01-01,용계역(2번출구),7287,2000
2013-01-01,용산1동주민센터건너,10706,1544
2013-01-01,용산1동주민센터앞,3753,842
2013-01-01,용산2동주민센터건너,2696,808
2013-01-01,용산2동주민센터건너2,2057,1377
2013-01-01,용산2동주민센터앞,34968,2660
2013-01-01,용산네거리1,21777,4251
2013-01-01,용산네거리2,10720,8367
2013-01-01,용산역,1273,219
2013-01-01,용산역(1번출구),54092,11576
2013-01-01,용산역(2번출구),39305,12241
2013-01-01,용산종합큰시장건너,13912,1426
2013-01-01,용산종합큰시장앞,8034,1885
2013-01-01,용수동1,8,7
2013-01-01,용수동2,549,0
2013-01-01,용연사,160,2
2013-01-01,용연사시설집단지구건너,72,0
2013-01-01,용연사시설집단지구앞,5,7
2013-01-01,우록리,1431,1
2013-01-01,우록리(부곡장식당),2,3
2013-01-01,우록리(선흥사입구),2,4
2013-01-01,우록리(종점),365,17
2013-01-01,우방강촌마을건너,31852,3988
2013-01-01,우방강촌마을앞,11446,5447
2013-01-01,우방금탑아파트(서편),3312,6111
2013-01-01,우방드림시티건너,3166,2312
2013-01-01,우방드림시티앞,7824,864
2013-01-01,우방만촌하이츠건너,15965,1214
2013-01-01,우방만촌하이츠앞,4328,1774
2013-01-01,우방송현하이츠,652,82
2013-01-01,우방송현하이츠건너,293,32
2013-01-01,우방신세계타운앞,1012,87
2013-01-01,우방신천지타운건너,3591,1708
2013-01-01,우방신천지타운앞,12075,914
2013-01-01,우방아파트삼거리,223,321
2013-01-01,우방죽전타운건너,10489,5538
2013-01-01,우방죽전타운앞1,8155,1442
2013-01-01,우방죽전타운앞2,2273,812
2013-01-01,우방청솔맨션건너,15564,1822
2013-01-01,우방청솔맨션앞,17436,6385
2013-01-01,욱수초등학교건너,4048,2369
2013-01-01,욱수초등학교앞,28765,1286
2013-01-01,운암지공원1,336,12
2013-01-01,운암지공원2,11,58
2013-01-01,운암초등학교건너,11250,1085
2013-01-01,운암초등학교앞,11377,133
2013-01-01,웃갈미마을건너,247,2
2013-01-01,웃갈미마을앞,6,16
2013-01-01,웃는얼굴아트센터1,864,23
2013-01-01,웃는얼굴아트센터2,7,90
2013-01-01,원대네거리,900,213
2013-01-01,원대시장건너,22841,2945
2013-01-01,원대시장건너2,2044,2153
2013-01-01,원대시장앞,16626,10122
2013-01-01,원대역1,11190,11182
2013-01-01,원대역2,29866,3041
2013-01-01,원대오거리북편1,2456,1018
2013-01-01,원대오거리북편2,1164,466
2013-01-01,원불교앞,528,585
2013-01-01,월곡네거리,302,899
2013-01-01,월광수변공원,634,149
2013-01-01,월드컵삼거리,642,307
2013-01-01,월드컵삼거리앞,756,257
2013-01-01,월배농협대덕지점건너,3120,788
2013-01-01,월배시장건너,16749,4726
2013-01-01,월배시장앞,15267,3603
2013-01-01,월배쌍용예가건너,635,2
2013-01-01,월배쌍용예가앞,4,53
2013-01-01,월배역(3번출구),10820,5116
2013-01-01,월배역(4번출구),11941,1793
2013-01-01,월배이안아파트건너,96,1
2013-01-01,월배이안아파트앞,17,3
2013-01-01,월배중학교건너,2276,365
2013-01-01,월배중학교앞,959,572
2013-01-01,월배차량기지건너,0,22
2013-01-01,월배차량기지앞,158,1
2013-01-01,월배초등학교건너,13694,1560
2013-01-01,월배힐스테이트건너,1567,5
2013-01-01,월배힐스테이트앞,9,111
2013-01-01,월성1동주민센터건너,2284,489
2013-01-01,월성1동주민센터앞,4330,273
2013-01-01,월성2동주민센터건너,16637,2631
2013-01-01,월성2동주민센터앞,31880,2029
2013-01-01,월성e-편한세상건너,18634,4113
2013-01-01,월성e-편한세상앞,13306,4666
2013-01-01,월성영남맨션앞,729,186
2013-01-01,월성자이앞,1614,385
2013-01-01,월성주공2단지앞,12326,1157
2013-01-01,월성주공3단지,1810,458
2013-01-01,월성주공4단지건너,44284,4645
2013-01-01,월성주공4단지앞1,3369,145
2013-01-01,월성주공4단지앞2,22058,5392
2013-01-01,월성주공5단지앞,7039,5617
2013-01-01,월성청구코아건너,20162,1541
2013-01-01,월성청구코아앞,12082,2251
2013-01-01,월성코오롱하늘채건너,695,214
2013-01-01,월성코오롱하늘채앞,2194,57
2013-01-01,월성푸르지오앞,13095,1977
2013-01-01,월암교1,1076,11
2013-01-01,월암교2,277,55
2013-01-01,월촌고가교1,407,243
2013-01-01,월촌고가교2,2047,103
2013-01-01,월촌역(6번출구),17824,4399
2013-01-01,월촌역(7번출구),10418,2674
2013-01-01,월촌초등학교건너,1062,248
2013-01-01,월촌초등학교앞,1506,254
2013-01-01,위남마을입구,2687,167
2013-01-01,위천1리건너,391,88
2013-01-01,위천1리앞,1303,49
2013-01-01,위천삼거리(논공방향),234,22
2013-01-01,위천삼거리(현풍방향),227,44
2013-01-01,유가사(종점),478,66
2013-01-01,유가차천,1491,184
2013-01-01,유가차천1,428,249
2013-01-01,유곡리(회차지),50,4
2013-01-01,유니버시아드레포츠센터건너,2604,596
2013-01-01,유니버시아드선수촌2단지건너,16778,1436
2013-01-01,유니버시아드선수촌2단지앞,3103,820
2013-01-01,유림물산,2085,202
2013-01-01,유림한의원건너,140,156
2013-01-01,유산리,111,0
2013-01-01,유신섬유네거리1,853,124
2013-01-01,유신섬유네거리2,3000,98
2013-01-01,유천교(유천치안센터건너),12438,5331
2013-01-01,유천교(유천치안센터앞),19230,14570
2013-01-01,유천교1,11222,1004
2013-01-01,유천교2,2016,5970
2013-01-01,유천포스코건너,4044,324
2013-01-01,유천포스코앞,5874,2345
2013-01-01,유통단지회차지,277,367
2013-01-01,유통단지회차지2,2814,6
2013-01-01,육신사,86,16
2013-01-01,율원초등학교건너,78,557
2013-01-01,율원초등학교앞,2608,38
2013-01-01,율하역,688,2428
2013-01-01,율하역(4번출구),5646,2376
2013-01-01,율하역(5번출구),10055,1331
2013-01-01,율하휴먼시아15단지앞,4156,841
2013-01-01,율하휴먼시아5단지건너,115,170
2013-01-01,율하휴먼시아5단지앞,2475,110
2013-01-01,율하휴먼시아6단지건너,1125,619
2013-01-01,율하휴먼시아6단지앞,9953,150
2013-01-01,율하휴먼시아8단지앞,8446,146
2013-01-01,율하휴먼시아9단지앞,1302,451
2013-01-01,은하타운건너,2056,805
2013-01-01,은하타운앞,1562,579
2013-01-01,은행APT입구,405,130
2013-01-01,읍내동주민센터건너,5652,3974
2013-01-01,읍내동주민센터앞,246,321
2013-01-01,응암1리1,3,0
2013-01-01,응암1리2,10,0
2013-01-01,응암2리,59,1
2013-01-01,응암2리건너,97,28
2013-01-01,응암2리앞,13,17
2013-01-01,응암3리2,131,1
2013-01-01,응암3리입구,2,0
2013-01-01,이곡1동주민센터건너,7911,711
2013-01-01,이곡1동주민센터앞,2487,1448
2013-01-01,이곡마을,373,3
2013-01-01,이곡양수장건너,44,15
2013-01-01,이곡양수장앞,175,122
2013-01-01,이곡장미공원건너,2574,453
2013-01-01,이곡장미공원앞,4147,522
2013-01-01,이마트경산점,9853,2049
2013-01-01,이마트반야월점건너,1165,335
2013-01-01,이마트반야월점앞,2717,446
2013-01-01,이마트시지점건너,4195,2189
2013-01-01,이마트시지점앞,475,758
2013-01-01,이마트월배점건너,5156,2044
2013-01-01,이마트월배점앞,6972,1144
2013-01-01,이마트칠성점앞,26616,4564
2013-01-01,이마트트레이더스건너,9056,3718
2013-01-01,이마트트레이더스앞,24629,7858
2013-01-01,이시아폴리스더샵1단지,3652,212
2013-01-01,이시아폴리스더샵2단지,577,770
2013-01-01,이월드(구.우방랜드)건너,1367,131
2013-01-01,이월드(구.우방랜드)앞,371,354
2013-01-01,이월드(구.우방랜드)정문,3300,2866
2013-01-01,이월드(구.우방랜드)후문건너,2829,360
2013-01-01,이월드(구.우방랜드)후문앞,1903,260
2013-01-01,이천동,10,0
2013-01-01,이천동(종점),116,2
2013-01-01,이천리(시내방향),99,5
2013-01-01,이천리(시외방향),112,3
2013-01-01,이천새마을금고건너,17648,866
2013-01-01,이천치안센터건너,1536,1017
2013-01-01,이현고개삼거리,4,0
2013-01-01,이현삼거리1,78,147
2013-01-01,이현삼거리2,823,86
2013-01-01,이현삼거리3,3358,557
2013-01-01,이현자동차검사소건너,1463,64
2013-01-01,이현자동차검사소앞,753,98
2013-01-01,이현지구대건너,907,161
2013-01-01,이현지구대앞,519,108
2013-01-01,인동촌시장건너,2763,1291
2013-01-01,인동촌시장입구,12442,630
2013-01-01,인산마을건너,862,18
2013-01-01,인산마을앞,24,38
2013-01-01,인지초등학교입구,3,0
2013-01-01,일심제약,196,14
2013-01-01,입석중학교건너,11622,1513
2013-01-01,입석중학교앞,3690,1411
2013-01-01,잉꼬아파트건너,762,206
2013-01-01,잉꼬아파트앞,1616,442
2013-01-01,자모공원,10,0
2013-01-01,장관빌라건너,1378,98
2013-01-01,장관빌라앞,959,232
2013-01-01,장기영남네오빌,28,119
2013-01-01,장기초등학교,1494,45
2013-01-01,장기초등학교1,10,42
2013-01-01,장기초등학교2,141,1
2013-01-01,장기초록나라건너,2661,1426
2013-01-01,장기초록나라앞,8413,584
2013-01-01,장기파랑새마을앞,68,132
2013-01-01,장동초등학교건너,3062,14
2013-01-01,장동초등학교앞,80,329
2013-01-01,장산초등학교건너,528,105
2013-01-01,장산초등학교앞,968,54
2013-01-01,장성초등학교건너,392,2557
2013-01-01,장성초등학교앞,493,727
2013-01-01,장태실마을건너,217,1
2013-01-01,장태실마을앞,11,13
2013-01-01,적십자혈액원건너,4149,550
2013-01-01,적십자혈액원앞,2381,443
2013-01-01,전기안전공사건너,1232,2746
2013-01-01,전기안전공사앞,2697,247
2013-01-01,전기재료관1,690,182
2013-01-01,전기재료관2,185,181
2013-01-01,전자관,4736,1313
2013-01-01,전자상가,12083,1254
2013-01-01,정대1리(바깥매남),46,0
2013-01-01,정대1리(안매남),60,0
2013-01-01,정대2리마을회관앞,106,3
2013-01-01,정대리(대구미술광장),79,0
2013-01-01,정대숲,150,0
2013-01-01,정대숲건너,0,3
2013-01-01,정대숲앞,331,0
2013-01-01,정동고등학교건너,4426,1608
2013-01-01,정동고등학교앞,11499,824
2013-01-01,정부대구지방합동청사건너,204,20
2013-01-01,정부대구지방합동청사앞,54,66
2013-01-01,정화우방팔레스,12544,11924
2013-01-01,정화우방팔레스건너,22260,4593
2013-01-01,제일규산,1006,73
2013-01-01,제일여자상업고등학교건너,20276,7220
2013-01-01,제일여자상업고등학교앞,27681,4876
2013-01-01,조달청건너,3539,1297
2013-01-01,조달청앞,11197,484
2013-01-01,조암네거리1,1771,31
2013-01-01,조암네거리2,357,162
2013-01-01,조암초등학교건너,11,6
2013-01-01,조암초등학교앞,125,4
2013-01-01,조야동(종점),11823,348
2013-01-01,조일로봇고등학교(종점),3465,180
2013-01-01,주1리1,30,36
2013-01-01,주1리2,596,19
2013-01-01,주2리(최정사입구),2,16
2013-01-01,주2리1,154,0
2013-01-01,주리(삼진식당),12,8
2013-01-01,죽곡2지구1,5,3
2013-01-01,죽곡2지구2,13,10
2013-01-01,죽전119안전센터건너,3439,1005
2013-01-01,죽전119안전센터앞,4871,746
2013-01-01,죽전그린빌건너,3358,1727
2013-01-01,죽전그린빌앞,12508,1354
2013-01-01,죽전네거리1,33692,4226
2013-01-01,죽전네거리2,15765,9893
2013-01-01,중구보건소건너,2968,1974
2013-01-01,중구보건소앞,2360,808
2013-01-01,중구청건너,25955,6629
2013-01-01,중구청앞,28922,10010
2013-01-01,중대1동회관앞,1657,2
2013-01-01,중동교1,3958,2050
2013-01-01,중동교2,1274,182
2013-01-01,중동네거리1,6939,642
2013-01-01,중동네거리2,3568,1702
2013-01-01,중동서울아파트건너,156,97
2013-01-01,중동서울아파트앞,1342,51
2013-01-01,중동시장건너,16826,9508
2013-01-01,중동시장앞,26569,6143
2013-01-01,중동주민센터건너,567,119
2013-01-01,중동주민센터앞,409,106
2013-01-01,중동치안센터건너,1850,57
2013-01-01,중동치안센터앞,450,217
2013-01-01,중리광명맨션건너,13303,2219
2013-01-01,중리광명맨션앞,9830,2200
2013-01-01,중리네거리1,6477,1463
2013-01-01,중리네거리2,3789,1791
2013-01-01,중리롯데캐슬건너,12177,1825
2013-01-01,중리롯데캐슬서편,3818,1227
2013-01-01,중리롯데캐슬앞,15638,2391
2013-01-01,중리롯데캐슬정문앞,575,138
2013-01-01,중리마을,3408,7
2013-01-01,중리삼거리1,19,65
2013-01-01,중리삼거리2,1035,23
2013-01-01,중리시장건너1,309,202
2013-01-01,중리시장건너2,851,47
2013-01-01,중리시장앞,8702,2297
2013-01-01,중리중학교,517,114
2013-01-01,중마을(갓바위방향),5,59
2013-01-01,중마을(시내방향),531,0
2013-01-01,중부소방서건너,3874,394
2013-01-01,중부소방서앞,7163,665
2013-01-01,중석타운건너,110,243
2013-01-01,중석타운앞,10399,215
2013-01-01,중소기업관건너,56,152
2013-01-01,중소기업관앞,1446,27
2013-01-01,중소기업지원센터,471,77
2013-01-01,중심마을,228,4
2013-01-01,중앙일보건너,1652,988
2013-01-01,중앙일보앞,5987,151
2013-01-01,지묘동1,2591,521
2013-01-01,지묘동2,6825,222
2013-01-01,지묘초등학교건너,9112,269
2013-01-01,지묘초등학교앞,695,172
2013-01-01,지산2길입구,309,3
2013-01-01,지산2길입구건너,285,18
2013-01-01,지산동서맨션건너,7054,2680
2013-01-01,지산동서맨션앞,23837,2009
2013-01-01,지산목련아파트건너,27602,2494
2013-01-01,지산목련아파트앞,10239,4484
2013-01-01,지산시영아파트1단지건너,1508,542
2013-01-01,지산시영아파트1단지앞,6377,206
2013-01-01,지산영남맨션앞,3191,666
2013-01-01,지산우방아파트,6168,504
2013-01-01,지산중학교입구,835,179
2013-01-01,지산청구타운건너,2590,1774
2013-01-01,지산청구타운앞,20512,512
2013-01-01,지산타운건너,23997,1406
2013-01-01,지산타운앞,3570,5457
2013-01-01,지산한라타운건너,25825,496
2013-01-01,지산한라타운앞,2995,2145
2013-01-01,지산현대주택건너,5453,1176
2013-01-01,지산현대주택앞,10755,755
2013-01-01,지산화성파크드림,2034,164
2013-01-01,지저동행정복지센터건너,23081,1194
2013-01-01,지저동행정복지센터앞,4070,1318
2013-01-01,진달래아파트건너,7098,2730
2013-01-01,진달래아파트앞,15252,1915
2013-01-01,진월초등학교건너,2291,320
2013-01-01,진월초등학교앞,673,169
2013-01-01,진인동(양지마을)건너,16,8
2013-01-01,진인동(양지마을)앞,109,1
2013-01-01,진인동(진정마을)1,67,19
2013-01-01,진인동(진정마을)2,1,0
2013-01-01,진정마을1,1153,22
2013-01-01,진정마을2,66,25
2013-01-01,진천역(1번출구),40056,8249
2013-01-01,진천역(2번출구),20871,12730
2013-01-01,진천청구타운건너,993,737
2013-01-01,진천청구타운앞,2739,460
2013-01-01,징리보건소,375,0
2013-01-01,차량등록사업소건너,1959,246
2013-01-01,차량등록사업소앞,836,99
2013-01-01,창1리1,6,4
2013-01-01,창1리2,121,2
2013-01-01,천내영남맨션,6,1
2013-01-01,청구고등학교건너,15962,2313
2013-01-01,청구고등학교앞,24166,4367
2013-01-01,청구그린맨션1차건너,14317,2220
2013-01-01,청구그린맨션1차앞,14332,1762
2013-01-01,청구시장건너,6804,876
2013-01-01,청구시장건너2,471,89
2013-01-01,청구시장북편,1638,414
2013-01-01,청구시장북편건너,3481,258
2013-01-01,청구시장앞,6306,1254
2013-01-01,청구중동아파트,459,132
2013-01-01,청구타운건너,1257,429
2013-01-01,청구타운앞,1454,230
2013-01-01,청기와주유소건너,8549,2728
2013-01-01,청기와주유소앞,13470,6241
2013-01-01,청남타운건너,1804,18
2013-01-01,청남타운앞,461,405
2013-01-01,청백다례원,1493,328
2013-01-01,청소년수련원건너,378,32
2013-01-01,청소년수련원앞,601,181
2013-01-01,청아람푸르지오2단지1,9,1
2013-01-01,청아람푸르지오2단지2,56,1
2013-01-01,청운맨션건너,1965,162
2013-01-01,청운맨션앞,1002,389
2013-01-01,충혼탑건너,4095,56
2013-01-01,충혼탑앞,67,435
2013-01-01,측백수림건너,536,0
2013-01-01,측백수림앞,2,18
2013-01-01,칠곡2차영남타운건너,2713,718
2013-01-01,칠곡2차영남타운앞,4790,210
2013-01-01,칠곡3차보성타운1,974,504
2013-01-01,칠곡3차보성타운2,5984,541
2013-01-01,칠곡3차화성타운1,4799,28
2013-01-01,칠곡3차화성타운2,10460,193
2013-01-01,칠곡3차화성타운3,72,236
2013-01-01,칠곡경대병원역,9,108
2013-01-01,칠곡경북대병원,474,274
2013-01-01,칠곡경북대병원정문건너,306,290
2013-01-01,칠곡경북대병원정문앞,4731,41
2013-01-01,칠곡경북대병원후문건너,71,350
2013-01-01,칠곡경북대병원후문앞,5022,109
2013-01-01,칠곡그린빌2차건너,25825,882
2013-01-01,칠곡그린빌2차앞,1687,2350
2013-01-01,칠곡그린빌3차건너,15828,305
2013-01-01,칠곡그린빌3차앞,342,1453
2013-01-01,칠곡그린빌5단지건너,2752,166
2013-01-01,칠곡그린빌5단지앞,3024,347
2013-01-01,칠곡그린빌6단지건너,840,55
2013-01-01,칠곡그린빌6단지앞,219,79
2013-01-01,칠곡그린파크1,9305,3481
2013-01-01,칠곡그린파크2,20219,2205
2013-01-01,칠곡네스빌,168,146
2013-01-01,칠곡대백맨션건너,5935,29
2013-01-01,칠곡대백맨션앞,253,550
2013-01-01,칠곡동화아파트건너,3976,1611
2013-01-01,칠곡동화아파트앞,17147,1082
2013-01-01,칠곡롯데아파트건너,42,227
2013-01-01,칠곡롯데아파트앞,3281,10
2013-01-01,칠곡부영1단지,5438,215
2013-01-01,칠곡서한맨션,1275,2
2013-01-01,칠곡서한맨션앞,90,640
2013-01-01,칠곡시장건너,13758,1050
2013-01-01,칠곡시장앞,2164,1327
2013-01-01,칠곡에덴타운건너,31628,7392
2013-01-01,칠곡에덴타운앞,25843,9307
2013-01-01,칠곡우방타운건너(종점),2844,13
2013-01-01,칠곡우방타운건너(종점),1161,20
2013-01-01,칠곡우방타운앞(종점),742,328
2013-01-01,칠곡주공그린빌1단지건너,2599,556
2013-01-01,칠곡주공그린빌1단지앞,7302,388
2013-01-01,칠곡중학교건너(칠곡향교건너),1787,671
2013-01-01,칠곡중학교앞(칠곡향교앞),22790,1882
2013-01-01,칠곡청구타운건너,477,431
2013-01-01,칠곡청구타운앞,4873,227
2013-01-01,칠곡초등학교건너,231,106
2013-01-01,칠곡초등학교앞,823,113
2013-01-01,칠곡한라타운건너,5889,171
2013-01-01,칠곡한라타운앞,153,575
2013-01-01,칠곡한서타운건너,10089,398
2013-01-01,칠곡한신아파트건너,2313,127
2013-01-01,칠곡한신아파트앞1,10405,119
2013-01-01,칠곡한신아파트앞2,1157,144
2013-01-01,칠곡화성타운건너,8964,247
2013-01-01,칠곡화성타운앞1,7291,1234
2013-01-01,칠곡화성타운앞2,2880,918
2013-01-01,칠성고가도로하단,354,109
2013-01-01,칠성꽃도매시장건너,893,1064
2013-01-01,칠성꽃도매시장앞,2414,585
2013-01-01,칠성시장(농협건너),234,343
2013-01-01,칠성시장(농협앞),999,145
2013-01-01,칠성시장(양친회신협),33,123
2013-01-01,칠성시장(전자상가건너),5746,808
2013-01-01,칠성시장(전자상가앞),1536,2141
2013-01-01,칠성시장건너,42604,25988
2013-01-01,칠성시장앞1,55139,33601
2013-01-01,칠성시장역(서문프라자건너),3039,9591
2013-01-01,칠성시장역(서문프라자앞),18648,2909
2013-01-01,칠성우방타운,765,136
2013-01-01,침산3동주민센터,7960,1003
2013-01-01,침산남영타운건너,4050,812
2013-01-01,침산남영타운앞,5912,359
2013-01-01,침산네거리1,11559,874
2013-01-01,침산네거리2,7099,1439
2013-01-01,침산동화타운건너,6811,91
2013-01-01,침산동화타운앞,483,297
2013-01-01,침산변전소건너,10341,3553
2013-01-01,침산변전소앞,9571,4245
2013-01-01,침산중학교건너,2451,261
2013-01-01,침산중학교앞,5431,319
2013-01-01,침산초등학교건너,4312,1575
2013-01-01,침산초등학교앞,3299,306
2013-01-01,침산초등학교후문,350,59
2013-01-01,침산코오롱하늘채건너,8147,2291
2013-01-01,침산코오롱하늘채앞,23959,3113
2013-01-01,캐슬골드파크(1102동),26465,1921
2013-01-01,캐슬골드파크(1504동),12903,3829
2013-01-01,케이에스건너,11,17
2013-01-01,케이에스앞,741,33
2013-01-01,코스트코홀세일건너/복현화성타운앞,3905,4262
2013-01-01,코스트코홀세일앞/복현화성타운건너,43590,5184
2013-01-01,코오롱아파트,15466,2283
2013-01-01,퀸벨호텔건너,14268,1685
2013-01-01,퀸벨호텔앞,8464,3801
2013-01-01,퀸스로드건너,2130,1405
2013-01-01,퀸스로드건너(동편),11922,4556
2013-01-01,퀸스로드앞,3933,566
2013-01-01,퀸스로드앞(동편),16887,6264
2013-01-01,크리스탈호텔앞,1150,467
2013-01-01,큰고개1,5604,3321
2013-01-01,큰고개2,11010,1496
2013-01-01,큰고개오거리1,19661,1826
2013-01-01,큰고개오거리2,4256,10438
2013-01-01,큰장네거리1,67404,15845
2013-01-01,큰장네거리2,41291,18736
2013-01-01,큰장네거리3,18324,7323
2013-01-01,큰장네거리4,30428,14556
2013-01-01,태성맨션건너,46,122
2013-01-01,태성맨션앞,4084,251
2013-01-01,태왕그린힐즈건너,327,153
2013-01-01,태왕그린힐즈앞1,64,416
2013-01-01,태왕그린힐즈앞2,6522,14
2013-01-01,태왕메트로시티건너,6082,687
2013-01-01,태왕메트로시티앞,3955,876
2013-01-01,태왕아너스베스트앞,5434,188
2013-01-01,태왕아너스복현건너,3022,921
2013-01-01,태왕아너스복현앞,7964,509
2013-01-01,태전두성타운건너,7058,1567
2013-01-01,태전두성타운앞,16734,1310
2013-01-01,태전삼거리1,16603,8872
2013-01-01,태전삼거리2,36059,7737
2013-01-01,태전역1,16386,8839
2013-01-01,태전중석타운,1308,90
2013-01-01,태전중석타운건너,1550,233
2013-01-01,태전중앙시장건너,3310,1418
2013-01-01,태전중앙시장앞,10185,888
2013-01-01,태전휴먼시아,1703,92
2013-01-01,태평상가건너,6006,2933
2013-01-01,태평상가앞1,5890,1950
2013-01-01,태평상가앞2,831,154
2013-01-01,태현초등학교앞,2844,41
2013-01-01,텍스빌,10054,1355
2013-01-01,토지주택공사건너,3032,879
2013-01-01,토지주택공사앞,9077,625
2013-01-01,퇴계마을건너,1,14
2013-01-01,퇴계마을앞,90,0
2013-01-01,파계교,240,507
2013-01-01,파계사(종점),5748,581
2013-01-01,파군재삼거리1,1064,490
2013-01-01,파군재삼거리2,152,198
2013-01-01,파동1차시장건너,2061,1260
2013-01-01,파동1차시장앞,13617,455
2013-01-01,파동우체국앞,855,700
2013-01-01,파동청구하이츠,7221,211
2013-01-01,파크맨션건너,12999,1180
2013-01-01,파크맨션앞,10483,1661
2013-01-01,파티마병원건너1,21760,6587
2013-01-01,파티마병원건너2,3061,2326
2013-01-01,팔거역3,453,97
2013-01-01,팔거역4,1189,62
2013-01-01,팔공3차보성타운건너,778,3
2013-01-01,팔공3차보성타운앞,14,211
2013-01-01,팔공3차보성타운후문,5433,149
2013-01-01,팔공보성아파트건너,1364,482
2013-01-01,팔공보성아파트앞,8127,178
2013-01-01,팔공산IC입구,99,1008
2013-01-01,팔공산맥건너,644,256
2013-01-01,팔공산맥앞,656,150
2013-01-01,팔공학생야영장앞,151,3
2013-01-01,팔공한마음주유소,5,1
2013-01-01,팔공한마음주유소건너,147,0
2013-01-01,팔달시장건너,42812,15641
2013-01-01,팔달시장앞,48196,31296
2013-01-01,팔달시장역,42545,21107
2013-01-01,팔달신시장,31054,9278
2013-01-01,팔달신시장2,4844,2761
2013-01-01,팔달역2,1017,369
2013-01-01,팔달중학교건너,9032,257
2013-01-01,팔달중학교앞,5611,374
2013-01-01,팔달초등학교,231,131
2013-01-01,팔레스호텔건너,24309,5478
2013-01-01,팔레스호텔앞1,5846,2570
2013-01-01,팔레스호텔앞2,952,1408
2013-01-01,팔현마을,138,3
2013-01-01,평광3차아파트,4569,172
2013-01-01,평광3차아파트건너,3767,314
2013-01-01,평광새마을금고,139,0
2013-01-01,평광종점,740,3
2013-01-01,평리1동주민센터건너,1568,59
2013-01-01,평리1동주민센터앞,3016,145
2013-01-01,평리2동주민센터건너,9842,1197
2013-01-01,평리2동주민센터앞,10630,1893
2013-01-01,평리3동주민센터건너,2410,91
2013-01-01,평리6동주민센터앞,1861,346
2013-01-01,평리광명네거리,782,744
2013-01-01,평리광명맨션건너,4188,284
2013-01-01,평리광명맨션앞,785,286
2013-01-01,평리네거리1,15524,7366
2013-01-01,평리네거리2,17958,6331
2013-01-01,평리명성아파트건너,5749,1656
2013-01-01,평리명성아파트앞,3476,591
2013-01-01,평리중학교건너,1322,527
2013-01-01,평리중학교앞,2305,146
2013-01-01,평리청구타운건너,39751,15350
2013-01-01,평리청구타운앞,36754,9759
2013-01-01,평안,933,77
2013-01-01,평촌2리,21,3
2013-01-01,평촌리,282,2
2013-01-01,평현치안센터건너,6141,1055
2013-01-01,평화시장(닭똥집골목)건너,26298,4187
2013-01-01,평화시장(닭똥집골목)앞,56505,17149
2013-01-01,평화씨엠비건너,1343,14
2013-01-01,평화씨엠비앞,244,86
2013-01-01,평화정공건너,738,73
2013-01-01,평화정공앞,708,39
2013-01-01,평화타운건너,15342,7957
2013-01-01,푸드웰건너,4317,23
2013-01-01,푸드웰앞,156,119
2013-01-01,푸르밀대구공장,37,0
2013-01-01,푸르밀대구공장건너,1,9
2013-01-01,풋살경기장(50사단),703,38
2013-01-01,풍국주정공업,1388,79
2013-01-01,하나원전문장례식장,0,1
2013-01-01,하리(약산온천)건너,181,55
2013-01-01,하목정(종점),0,12
2013-01-01,하빈농협건너,132,4
2013-01-01,하빈농협동곡지점1,32,23
2013-01-01,하빈농협동곡지점2,444,7
2013-01-01,하빈농협앞,10,8
2013-01-01,하빈농협입구,6,5
2013-01-01,하빈면사무소건너,519,7
2013-01-01,하빈면사무소앞,14,5
2013-01-01,하빈우체국건너,261,1
2013-01-01,하빈우체국앞,14,3
2013-01-01,하빈주유소앞,18,6
2013-01-01,하빈초등학교앞,216,4
2013-01-01,하산1리,208,0
2013-01-01,하산2리,240,0
2013-01-01,하산스무지(종점),151,4
2013-01-01,학남고등학교건너,1405,269
2013-01-01,학남고등학교앞,4914,267
2013-01-01,학남초등학교건너,121,240
2013-01-01,학남초등학교앞,3283,220
2013-01-01,학정청아람1,987,12
2013-01-01,학정청아람2,2647,76
2013-01-01,학정청아람건너,2333,273
2013-01-01,학정청아람앞,2751,201
2013-01-01,한가람타운건너,25227,7399
2013-01-01,한가람타운앞,21804,5299
2013-01-01,한걸고정마을,237,3
2013-01-01,한국건강관리협회앞,4081,810
2013-01-01,한국국토정보공사건너,2173,2363
2013-01-01,한국국토정보공사앞,2413,456
2013-01-01,한국농어촌공사건너,26404,4304
2013-01-01,한국농어촌공사앞,20335,1983
2013-01-01,한국델파이건너,261,152
2013-01-01,한국델파이앞,1189,71
2013-01-01,한국도로공사건너,175,597
2013-01-01,한국도로공사앞,7410,40
2013-01-01,한국방송통신대학교건너,2561,388
2013-01-01,한국방송통신대학교앞,901,410
2013-01-01,한국산업은행성서지점건너,21,808
2013-01-01,한국산업은행성서지점앞,5063,11
2013-01-01,한국산업인력공단건너,4412,73
2013-01-01,한국산업인력공단앞,135,136
2013-01-01,한국클래드텍건너,370,2
2013-01-01,한국클래드텍앞,3,65
2013-01-01,한국타이어,357,155
2013-01-01,한국타이어건너,373,25
2013-01-01,한국패션센터,1830,136
2013-01-01,한국폴리텍VI대구대학건너,14983,5342
2013-01-01,한국폴리텍VI대구대학앞,11458,4895
2013-01-01,한국폴리텍대학(섬유패션캠퍼스),4264,1667
2013-01-01,한국환경자원공사,8,9
2013-01-01,한도아파트앞,10664,359
2013-01-01,한라하우젠트,764,2
2013-01-01,한마음주유소건너,2500,186
2013-01-01,한마음주유소앞,2507,291
2013-01-01,한샘교회,4861,1043
2013-01-01,한샘교회건너,783,852
2013-01-01,한서기전건너,206,2
2013-01-01,한서기전앞,541,29
2013-01-01,한양공작맨션건너,7,84
2013-01-01,한양공작맨션앞,1073,6
2013-01-01,한양산호아파트건너,892,238
2013-01-01,한양산호아파트앞,6821,138
2013-01-01,한양수정아파트,28,63
2013-01-01,한양코스모스아파트건너,53,138
2013-01-01,한양코스모스아파트앞,1080,27
2013-01-01,한전동대구지사,23589,5087
2013-01-01,한전동대구지사건너,15775,4688
2013-01-01,한전서대구지사건너,21028,5364
2013-01-01,한전서대구지사앞,13589,4141
2013-01-01,한정3리,62,0
2013-01-01,한정리(한정초교),171,0
2013-01-01,한정리(한정초교건너),3,5
2013-01-01,한화꿈에그린건너1,626,719
2013-01-01,한화꿈에그린앞,14020,2342
2013-01-01,함지초등학교건너,1203,597
2013-01-01,함지초등학교앞,10449,345
2013-01-01,해랑교(시외방향),25,12
2013-01-01,해랑교1,7,0
2013-01-01,해랑교2,755,5
2013-01-01,해랑교건너,57,51
2013-01-01,해안동행정복지센터,323,43
2013-01-01,해안역(1번출구),14183,3038
2013-01-01,해안역(3번출구),6026,2770
2013-01-01,해안초등학교뒤,3,13
2013-01-01,행정1리건너,33,0
2013-01-01,행정2리건너,3,25
2013-01-01,행정2리앞,115,0
2013-01-01,행정리,3,23
2013-01-01,행정리(한천서원),325,0
2013-01-01,헬로TV대구방송건너,6311,2347
2013-01-01,헬로TV대구방송앞,7354,1462
2013-01-01,현내1리,152,0
2013-01-01,현내2리중방마을건너,87,0
2013-01-01,현내2리중방마을앞,4,0
2013-01-01,현대금속,1723,56
2013-01-01,현대메카닉스건너,111,0
2013-01-01,현대메카닉스앞,3,29
2013-01-01,현대백조아파트(북편),3626,155
2013-01-01,현대백조아파트건너,2891,230
2013-01-01,현대백조아파트앞,2824,591
2013-01-01,현대백화점.동아쇼핑건너,26452,7968
2013-01-01,현대백화점.동아쇼핑앞,38364,5112
2013-01-01,현대시장건너,13329,1114
2013-01-01,현대시장앞,2743,1037
2013-01-01,현대시장앞2,923,338
2013-01-01,현대해상건너,32603,10548
2013-01-01,현대해상앞,25876,7136
2013-01-01,현충로역(3번출구),30862,13856
2013-01-01,현충로역(4번출구),22938,9869
2013-01-01,현충삼거리1,513,523
2013-01-01,현충삼거리2,2618,38
2013-01-01,현풍고속도로밑,156,8
2013-01-01,현풍농협,3434,319
2013-01-01,현풍삼거리,3,36
2013-01-01,현풍새마을금고,2996,392
2013-01-01,현풍시외버스터미널,1367,329
2013-01-01,현풍운전시험장,702,25
2013-01-01,현풍주공아파트,2,22
2013-01-01,현풍주공아파트2,0,45
2013-01-01,현풍주공아파트앞,387,5
2013-01-01,현풍중고등학교,8,46
2013-01-01,현풍중고등학교건너,1158,4
2013-01-01,현풍터미널건너,1540,151
2013-01-01,현풍터미널앞,405,386
2013-01-01,현풍할매곰탕,2106,427
2013-01-01,현풍할매곰탕건너,4580,436
2013-01-01,호산초등학교건너,195,26
2013-01-01,호산초등학교앞,142,154
2013-01-01,홈플러스내당점건너,8592,1804
2013-01-01,홈플러스내당점앞,5641,7182
2013-01-01,홈플러스대구점건너,15090,4148
2013-01-01,홈플러스대구점앞,20845,6253
2013-01-01,홈플러스동촌점건너,5986,2628
2013-01-01,홈플러스동촌점앞,12409,1870
2013-01-01,홈플러스칠곡점건너,10408,567
2013-01-01,홈플러스칠곡점앞,2517,1378
2013-01-01,홍천사건너,1385,14
2013-01-01,홍천사입구,59,70
2013-01-01,화남초등학교건너,22,211
2013-01-01,화남초등학교앞,6284,409
2013-01-01,화동초등학교건너,574,101
2013-01-01,화동초등학교앞,607,94
2013-01-01,화랑교1,877,1922
2013-01-01,화랑교2,11926,549
2013-01-01,화성그랜드건너,352,43
2013-01-01,화성그랜드앞,198,58
2013-01-01,화성리버파크건너,5347,154
2013-01-01,화성리버파크앞,990,443
2013-01-01,화성센트럴파크,3768,174
2013-01-01,화성쌍용타운건너,653,21
2013-01-01,화성쌍용타운앞1,879,147
2013-01-01,화성쌍용타운앞2,129,360
2013-01-01,화성전문요양원건너,2632,252
2013-01-01,화성전문요양원앞,1441,414
2013-01-01,화성파크뷰건너,8965,306
2013-01-01,화성파크뷰앞,714,843
2013-01-01,화영테크건너,9,27
2013-01-01,화영테크앞,693,43
2013-01-01,화원고등학교(종점),368,68
2013-01-01,화원고등학교(종점)2,190,82
2013-01-01,화원고등학교건너,4078,968
2013-01-01,화원고등학교앞,7544,967
2013-01-01,화원농협주유소건너,2016,537
2013-01-01,화원농협주유소앞,7407,1100
2013-01-01,화원삼주타운건너,6540,178
2013-01-01,화원삼주타운앞,267,377
2013-01-01,화원시장건너,3937,341
2013-01-01,화원시장앞,139,419
2013-01-01,화원유원지(사문진주막촌),143,38
2013-01-01,화원유원지건너,143,25
2013-01-01,화원유원지입구,1,2
2013-01-01,화원초등학교건너,22056,6000
2013-01-01,화원초등학교앞,33355,10368
2013-01-01,화전동1,10,29
2013-01-01,화전동2,412,6
2013-01-01,황금2동치안센터건너,1454,331
2013-01-01,황금2동치안센터앞,4052,182
2013-01-01,황금네거리1,29546,2526
2013-01-01,황금네거리2,7677,5092
2013-01-01,황금시장건너,236,100
2013-01-01,황금시장앞,1738,89
2013-01-01,황금우방1차건너,17863,3207
2013-01-01,황금우방1차앞,8341,1727
2013-01-01,황금초등학교건너,1500,497
2013-01-01,황금초등학교앞,5047,224
2013-01-01,황제맨션건너,6563,1365
2013-01-01,황제맨션앞,4434,518
2013-01-01,효동초등학교건너,3450,863
2013-01-01,효동초등학교앞,8316,559
2013-01-01,효목네거리1,8499,1831
2013-01-01,효목네거리2,2290,2458
2013-01-01,효목네거리3,18464,3331
2013-01-01,효성타운앞,15589,1225
2013-01-01,흥사단 대구지부건너,1867,311
2013-01-01,흥사단 대구지부앞,672,483
2013-01-01,흥성정공건너,328,46
2013-01-01,흥성정공앞,132,14
2013-01-01,희망교1,1166,165
2013-01-01,희성전자건너,14,17
2013-01-01,희성전자앞,556,29
2013-01-01,힐크레스트남문건너,538,68
2013-01-01,힐크레스트남문앞,65,137
2013-01-01,힐크레스트입구,401,533
2013-02-01,(주)성안건너,49,217
2013-02-01,(주)영화건너,3,48
2013-02-01,(주)영화앞,358,1
2013-02-01,1차서한화성타운앞,571,96
2013-02-01,2.28기념중앙공원건너1,58475,14985
2013-02-01,2.28기념중앙공원건너2,17717,7688
2013-02-01,2.28기념중앙공원앞,165861,27870
2013-02-01,2차대자연맨션건너,1824,819
2013-02-01,2차대자연맨션앞,8440,508
2013-02-01,2차서한화성타운건너,32290,2093
2013-02-01,2차서한화성타운앞,14704,3617
2013-02-01,2호선반월당역1,16069,4020
2013-02-01,2호선반월당역2,14379,5881
2013-02-01,3공단새마을금고앞,4400,1155
2013-02-01,CGV대구한일건너,103755,27772
2013-02-01,CGV대구한일앞,32294,7683
2013-02-01,K-2입구,1822,329
2013-02-01,K2관사입구(종점),256,25
2013-02-01,KT남대구지사건너1,14586,3647
2013-02-01,KT남대구지사건너2,1624,539
2013-02-01,KT남대구지사앞1,19035,7433
2013-02-01,KT남대구지사앞2,1310,555
2013-02-01,KT동대구지사건너,24623,6742
2013-02-01,KT동대구지사앞,14435,2758
2013-02-01,KT북대구지사건너,3854,357
2013-02-01,KT북대구지사앞,2942,587
2013-02-01,KT상동지사건너,3168,404
2013-02-01,KT상동지사앞,712,536
2013-02-01,KT서대구지사건너,18317,2520
2013-02-01,KT서대구지사앞,15840,3119
2013-02-01,LG물류센터건너,2894,1565
2013-02-01,LG물류센터앞,7319,813
2013-02-01,MBC네거리,9025,1576
2013-02-01,SK리더스뷰건너,11092,1154
2013-02-01,SK리더스뷰앞,4820,1982
2013-02-01,STX메탈건너,1352,1648
2013-02-01,STX메탈앞,1689,183
2013-02-01,TBC건너,9071,573
2013-02-01,TBC앞,2910,2033
2013-02-01,TCN대구방송건너,1726,199
2013-02-01,TCN대구방송앞,2702,252
2013-02-01,㈜윔스건너,162,21
2013-02-01,㈜윔스앞,436,7
2013-02-01,가야농원,175,6
2013-02-01,가창농협건너,988,1854
2013-02-01,가창농협앞,8884,841
2013-02-01,가창댐,3,6
2013-02-01,가창댐1,5,3
2013-02-01,가창면사무소건너,5260,2792
2013-02-01,가창면사무소앞,8613,1760
2013-02-01,가창중학교건너,3691,99
2013-02-01,가창중학교앞,137,190
2013-02-01,가창초등학교건너,225,275
2013-02-01,가창초등학교앞,758,121
2013-02-01,가천동앞,196,10
2013-02-01,가천리,18,0
2013-02-01,각산역(1번출구),7397,832
2013-02-01,각산역(2번출구),1208,1339
2013-02-01,갈실마을회관종점,239,10
2013-02-01,감문1리1,2,4
2013-02-01,감문1리2,131,0
2013-02-01,감문1리3,2,4
2013-02-01,감문1리4,148,0
2013-02-01,감삼네거리1,15505,4443
2013-02-01,감삼네거리2,47548,34437
2013-02-01,감삼초등학교건너,12357,1106
2013-02-01,감삼초등학교앞,5172,798
2013-02-01,갓골건너,564,0
2013-02-01,갓골앞,1,18
2013-02-01,갓바위,17358,441
2013-02-01,강남약국건너,41380,17286
2013-02-01,강남약국앞1,25182,8020
2013-02-01,강남약국앞2,8481,1221
2013-02-01,강동중·고등학교,14,413
2013-02-01,강동중·고등학교건너,5540,6
2013-02-01,강변동서마을건너,5008,520
2013-02-01,강변동서마을앞,2691,957
2013-02-01,강북경찰서건너,1225,827
2013-02-01,강북경찰서앞,3331,522
2013-02-01,강북중학교건너,23,615
2013-02-01,강북중학교앞,8903,17
2013-02-01,강산아파트건너,4245,2102
2013-02-01,강산아파트앞,4943,562
2013-02-01,강정보(디아크문화관)건너,4,1
2013-02-01,강정보(디아크문화관)입구,135,1
2013-02-01,강창교1,4094,66
2013-02-01,강창교2,118,289
2013-02-01,강창역(1번출구),3695,1726
2013-02-01,강창역(2번출구),19735,1670
2013-02-01,강창하이츠,8589,223
2013-02-01,거동교1,1062,85
2013-02-01,거동교2,966,485
2013-02-01,건들바위건너,1242,230
2013-02-01,건들바위앞,608,519
2013-02-01,건영아파트건너,14997,2733
2013-02-01,건영캐스빌건너,11174,241
2013-02-01,건영캐스빌앞,194,430
2013-02-01,검단119안전센터(엑스코),73,48
2013-02-01,검단동대구축협앞,4533,25
2013-02-01,검단동주민센터건너,11249,60
2013-02-01,검단동주민센터앞,95,1023
2013-02-01,검단상가아파트건너,2656,15
2013-02-01,검단상가아파트앞,45,49
2013-02-01,검단유성아파트(서편),7960,3428
2013-02-01,검단유성아파트건너,5124,2182
2013-02-01,검단유성아파트앞,15269,3990
2013-02-01,경기장네거리1,4120,746
2013-02-01,경기장네거리2,3516,1001
2013-02-01,경대교2,2004,305
2013-02-01,경대교건너,750,89
2013-02-01,경대교앞,687,248
2013-02-01,경대사대부설고등학교앞,18496,7226
2013-02-01,경대아파트건너,24636,1143
2013-02-01,경대아파트앞,5203,2079
2013-02-01,경덕여고,589,99
2013-02-01,경동산업앞,14,0
2013-02-01,경명여고건너,2750,341
2013-02-01,경명여고앞,2020,479
2013-02-01,경북고교종점,271,370
2013-02-01,경북고등학교건너,10508,3494
2013-02-01,경북고등학교앞,15417,2753
2013-02-01,경북고등학교종점건너,641,208
2013-02-01,경북공고건너,4698,1982
2013-02-01,경북공고앞,6973,2125
2013-02-01,경북공무원교육원1,695,74
2013-02-01,경북공무원교육원2,29,15
2013-02-01,경북교통,1633,1050
2013-02-01,경북교통앞,2289,846
2013-02-01,경북기계공고건너,15072,1711
2013-02-01,경북기계공고앞,6590,3256
2013-02-01,경북농업기술원건너,117,38
2013-02-01,경북농업기술원앞,537,10
2013-02-01,경북대체육센터건너,30569,586
2013-02-01,경북대체육센터앞,3359,1795
2013-02-01,경북대학교병원건너,21411,7013
2013-02-01,경북대학교병원앞,34011,7453
2013-02-01,경북대학교북문건너,48409,4001
2013-02-01,경북대학교북문앞,27522,7502
2013-02-01,경북대학교서문건너,9527,968
2013-02-01,경북대학교서문앞,3044,916
2013-02-01,경북대학교정문건너,8312,2972
2013-02-01,경북대학교정문앞,20472,2868
2013-02-01,경북대학교치과병원,19788,9371
2013-02-01,경북아파트건너(고산동),28739,1909
2013-02-01,경북아파트건너(신천동),7681,3494
2013-02-01,경북아파트앞(고산동),10377,2964
2013-02-01,경북아파트앞(신천동),4435,1007
2013-02-01,경북여상건너,9966,5252
2013-02-01,경북여상앞,10234,1906
2013-02-01,경북크랑크,1691,43
2013-02-01,경상감영공원건너,116718,23429
2013-02-01,경상감영공원앞,56030,37376
2013-02-01,경상북도농업인회관,243,36
2013-02-01,경상여자고등학교건너,2574,573
2013-02-01,경상여자고등학교앞,8732,1033
2013-02-01,경서중학교건너,201,291
2013-02-01,경서중학교앞,3156,31
2013-02-01,경신고등학교건너,45086,8820
2013-02-01,경신고등학교앞,32588,13450
2013-02-01,경운초등학교건너,1844,511
2013-02-01,경운초등학교앞,5384,1296
2013-02-01,경원고등학교건너,597,42
2013-02-01,경원고등학교앞,1088,84
2013-02-01,경일여자중학교건너,15884,538
2013-02-01,경일여자중학교앞,3606,1151
2013-02-01,경주최씨종가(종점),156,2
2013-02-01,경주최씨종가1,2,0
2013-02-01,경주최씨종가2,0,3
2013-02-01,경진테크빌앞,583,193
2013-02-01,경창산업,1135,72
2013-02-01,경희강재건너,863,439
2013-02-01,경희강재앞,3015,80
2013-02-01,계명대대명캠퍼스후문건너,1464,160
2013-02-01,계명대역(1번출구),1859,1693
2013-02-01,계명대역(2번출구),5332,1313
2013-02-01,계명대학교대명캠퍼스건너,11563,4152
2013-02-01,계명대학교대명캠퍼스앞,19544,4023
2013-02-01,계명대학교대명캠퍼스후문앞,1618,361
2013-02-01,계명대학교동문건너1,5792,1692
2013-02-01,계명대학교동문건너2,15849,6453
2013-02-01,계명대학교동문앞,15281,8483
2013-02-01,계명대학교정문건너,18029,1151
2013-02-01,계명대학교정문앞,2747,1573
2013-02-01,계명문화대학건너,4853,463
2013-02-01,계명문화대학앞,6336,3759
2013-02-01,고모동입구,3617,47
2013-02-01,고모역건너,153,8
2013-02-01,고모역앞,44,3
2013-02-01,고봉리,20,0
2013-02-01,고산2동주민센터건너,9890,2864
2013-02-01,고산2동주민센터앞,21705,3213
2013-02-01,고산골입구,5894,970
2013-02-01,고산농협창고건너,1421,214
2013-02-01,고산농협창고앞,506,947
2013-02-01,고산도서관,17923,10719
2013-02-01,고산정수사업소건너,2392,469
2013-02-01,고성아파트(서편),10445,4065
2013-02-01,고성아파트건너,2228,198
2013-02-01,고성아파트건너(서편),13554,2839
2013-02-01,고성아파트앞,1261,437
2013-02-01,고성지구대1,1263,446
2013-02-01,고성지구대2,3288,871
2013-02-01,골안골,33,39
2013-02-01,골안골지하보도앞,5,24
2013-02-01,공고네거리1,31160,5956
2013-02-01,공고네거리2,8954,1932
2013-02-01,공군기지관사입구,7,44
2013-02-01,공단역1,8939,2957
2013-02-01,공단역2,12138,5391
2013-02-01,공단하수처리장건너,25,62
2013-02-01,공단하수처리장앞,216,12
2013-02-01,공산댐건너,1101,29
2013-02-01,공산댐앞,90,89
2013-02-01,공산동행정복지센터건너,658,347
2013-02-01,공산동행정복지센터앞,6136,224
2013-02-01,공산초등학교건너,327,163
2013-02-01,공산초등학교앞,2264,100
2013-02-01,공산파출소,51,207
2013-02-01,공항시장건너,11375,905
2013-02-01,공항시장앞,4696,1137
2013-02-01,곽병원건너,17475,11505
2013-02-01,곽병원앞1,29892,4558
2013-02-01,곽병원앞2,9232,2098
2013-02-01,관리공단,485,19
2013-02-01,관음공영주차장앞,1455,8
2013-02-01,관음농협앞,178,61
2013-02-01,관음동주민센터건너,686,56
2013-02-01,관음동주민센터앞,817,31
2013-02-01,관음변전소1,3714,22
2013-02-01,관음변전소2,21,289
2013-02-01,관음변전소3,607,19
2013-02-01,관음변전소4,302,145
2013-02-01,관음어린이집,227,44
2013-02-01,관음중학교(북편),997,14
2013-02-01,광명은하아파트건너,6365,2156
2013-02-01,광명은하아파트앞,8135,1711
2013-02-01,광명프레지던트아파트건너,14594,2584
2013-02-01,광장타운건너,15500,2945
2013-02-01,광장타운앞,16805,3143
2013-02-01,교대부설초등학교건너,4287,138
2013-02-01,교대부설초등학교앞,741,393
2013-02-01,교동시장앞,15771,1440
2013-02-01,교동초등학교건너,50,53
2013-02-01,교동초등학교앞,971,92
2013-02-01,교통연수원,14106,851
2013-02-01,교통연수원건너,10428,2614
2013-02-01,교항2리마을입구,43,240
2013-02-01,교항2리회관,1370,4
2013-02-01,교항리건너,1474,68
2013-02-01,교항리마을입구건너,329,1
2013-02-01,교항리앞,463,266
2013-02-01,구)달성군청건너,31614,4050
2013-02-01,구)달성군청앞,19592,17358
2013-02-01,구)대영학원건너,17231,2698
2013-02-01,구)대영학원앞,15278,4952
2013-02-01,구)효목2동행정복지센터건너,17037,1199
2013-02-01,구)효목2동행정복지센터앞,5110,1073
2013-02-01,구.남부정류장건너1,11050,14257
2013-02-01,구.남부정류장건너2,6447,7119
2013-02-01,구.남부정류장앞1,26340,5255
2013-02-01,구.남부정류장앞2,5370,1502
2013-02-01,구.동부정류장(남편),4920,944
2013-02-01,구.동부정류장(메트로팔레스),11859,5154
2013-02-01,구.동부정류장건너,15573,3601
2013-02-01,구.동부정류장앞,9594,3856
2013-02-01,구둔산,471,18
2013-02-01,구룡촌건너,2,2
2013-02-01,구룡촌앞,39,0
2013-02-01,구병원건너,14658,5078
2013-02-01,구병원앞,24560,5298
2013-02-01,구삼폭포건너,0,3
2013-02-01,구삼폭포앞,33,1
2013-02-01,구암가구골목1,4173,128
2013-02-01,구암가구골목2,1331,328
2013-02-01,구암교1,5349,633
2013-02-01,구암교2,1161,1027
2013-02-01,구암동1,1136,62
2013-02-01,구암동2,125,227
2013-02-01,구암역(운전면허시험장)1,5122,322
2013-02-01,구암역(운전면허시험장)2,2278,754
2013-02-01,구암초등학교건너,1510,342
2013-02-01,구암초등학교앞,5008,197
2013-02-01,구지농공단지1,3,8
2013-02-01,구지농공단지2,215,0
2013-02-01,구지면사무소건너,608,265
2013-02-01,구지면사무소앞,2119,381
2013-02-01,구지청아람건너,4706,118
2013-02-01,구지청아람앞,344,414
2013-02-01,국립대구박물관건너,12964,1142
2013-02-01,국립대구박물관앞,9125,2065
2013-02-01,국민건강보험공단건너,22291,3607
2013-02-01,국민건강보험공단앞,9352,8821
2013-02-01,국민은행3공단지점건너,5378,874
2013-02-01,국민은행3공단지점앞,3356,615
2013-02-01,국우동현대아파트건너,503,55
2013-02-01,국우동현대아파트앞,6613,182
2013-02-01,국채보상운동기념공원,5742,2535
2013-02-01,굿모닝병원건너,10277,2264
2013-02-01,굿모닝병원앞,17019,2602
2013-02-01,궁전아파트건너,33,255
2013-02-01,궁전아파트앞,2661,12
2013-02-01,귀남지휴게소1,5,0
2013-02-01,그랜드호텔건너,28976,26537
2013-02-01,그랜드호텔앞,49268,14896
2013-02-01,그린빌4단지,26,420
2013-02-01,그린빌4단지건너,975,24
2013-02-01,그린빌4단지앞,151,80
2013-02-01,근로복지공단대구병원건너,1605,141
2013-02-01,근로복지공단대구병원앞,1675,195
2013-02-01,근린공원축구장건너,27,102
2013-02-01,근린공원축구장앞,1120,11
2013-02-01,금강동,53,1
2013-02-01,금계초등학교(교항리),418,93
2013-02-01,금복주건너,2903,149
2013-02-01,금복주앞,1821,215
2013-02-01,금봉네거리1,11471,959
2013-02-01,금봉네거리2,5243,719
2013-02-01,금사리하이빌APT건너,1417,178
2013-02-01,금사리하이빌APT앞,363,126
2013-02-01,금융감독원건너,1484,1195
2013-02-01,금포초등학교,1959,174
2013-02-01,금포초등학교건너,419,270
2013-02-01,금호기전,15,23
2013-02-01,금호지구(시내방향),55,0
2013-02-01,금호지구(종점방향),59,1
2013-02-01,기곡(종점),6,5
2013-02-01,기곡리1,7,1
2013-02-01,기곡리2,38,0
2013-02-01,기독교방송국건너,5226,1911
2013-02-01,기독교방송국앞,4205,1634
2013-02-01,기업은행대곡지점건너,89,1368
2013-02-01,기업은행대곡지점앞,24702,377
2013-02-01,기업은행죽전동지점건너,4943,433
2013-02-01,기업은행죽전동지점앞,3182,617
2013-02-01,김흥2리건너,14,8
2013-02-01,김흥2리앞,7,0
2013-02-01,김흥리마을입구,115,3
2013-02-01,남구청건너2,7562,5635
2013-02-01,남구청네거리1,11156,819
2013-02-01,남구청네거리2,227,217
2013-02-01,남대구IC1,13309,796
2013-02-01,남대구IC2,6236,974
2013-02-01,남명삼거리1,1638,181
2013-02-01,남명삼거리2,1870,284
2013-02-01,남문시장건너1,1126,141
2013-02-01,남문시장건너2,24834,8396
2013-02-01,남문시장앞,17508,7989
2013-02-01,남문아파트앞,433,269
2013-02-01,남부경찰서건너,7394,2365
2013-02-01,남부경찰서앞,11007,3392
2013-02-01,남부교육지원청건너,6748,722
2013-02-01,남부교육지원청앞,4730,849
2013-02-01,남부도서관앞,142,666
2013-02-01,남부자동차종합시장건너,2638,152
2013-02-01,남부자동차종합시장앞,847,355
2013-02-01,남부초등학교건너,1305,51
2013-02-01,남부초등학교앞,476,181
2013-02-01,남부초등학교앞2,4521,835
2013-02-01,남산2동주민센터건너,122,168
2013-02-01,남산2동주민센터앞,711,32
2013-02-01,남산고등학교건너,635,36
2013-02-01,남산고등학교앞,269,146
2013-02-01,남산역(프린스호텔건너),8799,2372
2013-02-01,남산역건너(프린스호텔앞),15829,7834
2013-02-01,남산주유소건너,1102,650
2013-02-01,남산주유소앞,1683,136
2013-02-01,남산초등학교건너,15759,2806
2013-02-01,남산초등학교앞,10673,4249
2013-02-01,남산휴먼시아앞,1789,327
2013-02-01,내2리새마을회관건너,72,0
2013-02-01,내2리새마을회관앞,3,3
2013-02-01,내당1동우체국건너,2192,233
2013-02-01,내당1동우체국앞,2116,300
2013-02-01,내당광명아파트,3440,1571
2013-02-01,내당삼익맨션건너,24184,6240
2013-02-01,내당삼익맨션앞,13437,10313
2013-02-01,내당코오롱아파트건너,5747,3436
2013-02-01,내당코오롱아파트앞,7915,784
2013-02-01,내동,1077,9
2013-02-01,내동건너,14,125
2013-02-01,내리1,2,0
2013-02-01,내리2,3,0
2013-02-01,내일교회건너,232,46
2013-02-01,내일교회앞,820,23
2013-02-01,냉천2리,89,1
2013-02-01,냉천리1,2077,47
2013-02-01,냉천리2,52,307
2013-02-01,노곡동,3636,86
2013-02-01,노변중학교,631,63
2013-02-01,노변중학교건너,834,41
2013-02-01,노변청구타운건너,124,34
2013-02-01,노변청구타운앞,179,38
2013-02-01,노원119안전센터건너,6310,1822
2013-02-01,노원119안전센터앞,3942,425
2013-02-01,노원네거리(공단세차장건너),433,1043
2013-02-01,노원네거리(공단세차장앞),6741,382
2013-02-01,노원네거리(대구은행건너),1279,208
2013-02-01,노원네거리(대구은행앞),4472,487
2013-02-01,노원네거리1,4802,2093
2013-02-01,노원네거리2,9207,1248
2013-02-01,노원동화타운건너,620,336
2013-02-01,노원동화타운앞,3731,192
2013-02-01,녹동서원앞,1,6
2013-02-01,녹원맨션1,2880,1327
2013-02-01,녹원맨션2,10256,686
2013-02-01,논공삼거리1,1891,33
2013-02-01,논공삼거리2,280,214
2013-02-01,논공읍사무소,877,384
2013-02-01,논공읍사무소건너1,3436,172
2013-02-01,논공읍사무소건너2,255,172
2013-02-01,농산물도매시장건너,71,14
2013-02-01,농산물도매시장앞,1445,67
2013-02-01,농수산물도매시장건너,3084,1008
2013-02-01,농수산물도매시장앞,7571,1218
2013-02-01,농촌진흥원입구,188,83
2013-02-01,농협동촌지점,385,131
2013-02-01,농협방촌지점,1977,156
2013-02-01,농협비료창고건너(연경),37,10
2013-02-01,농협비료창고앞(연경),8,2
2013-02-01,농협중앙회건너,20538,7778
2013-02-01,농협중앙회앞,20550,11236
2013-02-01,농협중앙회중동지점건너,1544,131
2013-02-01,농협중앙회중동지점앞,859,181
2013-02-01,농협하나로마트건너,21,885
2013-02-01,능골1,114,1798
2013-02-01,능골건너,2394,76
2013-02-01,능성동(종점),347,17
2013-02-01,능성동예비군훈련장,31,13
2013-02-01,능성동입구건너,1161,1
2013-02-01,능성동입구앞,11,43
2013-02-01,다리골,21,0
2013-02-01,다사고등학교건너,8961,1235
2013-02-01,다사고등학교앞,1015,700
2013-02-01,다사농협주유소건너,471,682
2013-02-01,다사농협주유소앞,7931,302
2013-02-01,다사역(4번출구),101,0
2013-02-01,다사읍사무소건너,5387,180
2013-02-01,다사읍사무소서재출장소건너,265,8
2013-02-01,다사읍사무소서재출장소앞,78,58
2013-02-01,다사읍사무소앞,27,688
2013-02-01,다사주공아파트건너,59,0
2013-02-01,다사주공아파트앞,2,166
2013-02-01,다사체육공원앞,29,0
2013-02-01,다사초등학교건너,64,0
2013-02-01,다사초등학교앞,0,22
2013-02-01,단산리(종점),622,3
2013-02-01,단산리입구,199,0
2013-02-01,달구벌종합복지관건너,716,77
2013-02-01,달구벌종합복지관앞,474,88
2013-02-01,달서공고건너,125,47
2013-02-01,달서공고앞,441,22
2013-02-01,달서교회건너,17773,2593
2013-02-01,달서교회앞,18208,3815
2013-02-01,달서구새마을회건너,3468,133
2013-02-01,달서구새마을회앞,935,187
2013-02-01,달서구청건너,20618,1976
2013-02-01,달서구청앞,5820,2574
2013-02-01,달서종합시장건너,1235,374
2013-02-01,달서종합시장앞,929,168
2013-02-01,달서중고등학교,19,14
2013-02-01,달서중고등학교건너,473,1
2013-02-01,달서천하수종말처리장건너,25,0
2013-02-01,달서초교,1122,44
2013-02-01,달성2차공단관리청사,135,27
2013-02-01,달성2차산업단지출장소앞,1,19
2013-02-01,달성경찰서,1519,306
2013-02-01,달성경찰서건너,2320,85
2013-02-01,달성공원건너,9936,3703
2013-02-01,달성공원앞,13753,6748
2013-02-01,달성군민운동장건너,1164,75
2013-02-01,달성군민운동장앞,745,154
2013-02-01,달성군선거관리위원회건너,313,203
2013-02-01,달성군선거관리위원회앞,16,226
2013-02-01,달성군청건너,2701,74
2013-02-01,달성군청앞,223,339
2013-02-01,달성기와건너,172,49
2013-02-01,달성기와앞,680,7
2013-02-01,달성산업단지건너,237,32
2013-02-01,달성산업단지관리공단1,0,1
2013-02-01,달성산업단지관리공단2,9,0
2013-02-01,달성소방서건너,251,42
2013-02-01,달성소방서앞,317,38
2013-02-01,달성예비군훈련장건너,252,108
2013-02-01,달성예비군훈련장앞,1389,158
2013-02-01,달성우체국건너,166,357
2013-02-01,달성우체국앞,3538,66
2013-02-01,달성중학교건너,4140,1058
2013-02-01,달성중학교앞,21452,1410
2013-02-01,달성초등학교건너,2944,748
2013-02-01,달성초등학교앞,1825,383
2013-02-01,달성취수장건너,51,40
2013-02-01,달성취수장앞,43,10
2013-02-01,달창저수지,184,0
2013-02-01,달천리(시내방향),170,0
2013-02-01,달천리(시외방향),83,1
2013-02-01,담안마을1,7,22
2013-02-01,담안마을2,312,2
2013-02-01,담티고개1,482,167
2013-02-01,담티고개2,771,245
2013-02-01,당동마을건너,525,2
2013-02-01,당동마을앞,2,13
2013-02-01,당정마을입구,33,19
2013-02-01,당정마을입구건너,153,2
2013-02-01,대1리용흥지건너,41,0
2013-02-01,대1리용흥지앞,40,25
2013-02-01,대곡강산타운,21116,745
2013-02-01,대곡강산타운건너,3336,1615
2013-02-01,대곡사계절타운건너,13729,744
2013-02-01,대곡사계절타운앞,4996,1722
2013-02-01,대곡역(1번출구),46057,3717
2013-02-01,대곡역(2번출구),15025,52307
2013-02-01,대곡역(한라하우젠트건너),16023,2118
2013-02-01,대곡역(한라하우젠트앞),5115,15724
2013-02-01,대곡역그린빌,7722,2778
2013-02-01,대곡주공1단지앞,3943,1480
2013-02-01,대곡주공2단지앞,25011,586
2013-02-01,대곡주공6단지앞,2748,474
2013-02-01,대곡주공7단지앞,13272,569
2013-02-01,대곡주공8단지건너,18493,2182
2013-02-01,대곡주공8단지앞,7980,1679
2013-02-01,대곡중학교건너,4248,490
2013-02-01,대곡중학교앞,2217,475
2013-02-01,대공원역(1번출구),1391,6089
2013-02-01,대공원역(5번출구),3242,1269
2013-02-01,대구가톨릭대학병원건너,19472,2834
2013-02-01,대구가톨릭대학병원앞,14983,2694
2013-02-01,대구고등학교건너,28039,6160
2013-02-01,대구고등학교앞,11293,3434
2013-02-01,대구고용노동청건너,15666,1531
2013-02-01,대구고용노동청앞,3932,1550
2013-02-01,대구공업대학1,11390,3619
2013-02-01,대구공업대학2,3126,1469
2013-02-01,대구공업대학건너,5040,1804
2013-02-01,대구공업대학앞,4936,1993
2013-02-01,대구과학고등학교건너,9602,5222
2013-02-01,대구과학고등학교앞,14026,3241
2013-02-01,대구과학대학1,20158,12494
2013-02-01,대구과학대학2,46671,10498
2013-02-01,대구과학대학건너,1424,100
2013-02-01,대구과학대학앞,603,145
2013-02-01,대구광역시교육연수원건너,9728,922
2013-02-01,대구광역시교육연수원앞,5431,1145
2013-02-01,대구광역시청건너,1443,171
2013-02-01,대구광역시청앞,290,420
2013-02-01,대구교도소건너,7890,4681
2013-02-01,대구교도소앞,27036,3447
2013-02-01,대구교육대건너,16050,8545
2013-02-01,대구교육대앞,17273,2117
2013-02-01,대구교통방송건너,5182,2962
2013-02-01,대구교통방송앞,14000,1343
2013-02-01,대구국제공항건너,18497,14174
2013-02-01,대구국제공항앞,20756,10952
2013-02-01,대구글로벌교육센터건너,4829,2944
2013-02-01,대구글로벌교육센터앞,4087,554
2013-02-01,대구농업마이스터고건너,14779,3531
2013-02-01,대구농업마이스터고앞,9615,5270
2013-02-01,대구농업마이스터고후문건너,525,589
2013-02-01,대구농업마이스터고후문앞,1327,173
2013-02-01,대구도시공사앞,14473,3127
2013-02-01,대구동부고용복지플러스센터,9490,4841
2013-02-01,대구동촌유치원,959,109
2013-02-01,대구디지털산업진흥원건너,20787,4227
2013-02-01,대구디지털산업진흥원앞,14248,5357
2013-02-01,대구맨션건너,1863,261
2013-02-01,대구맨션앞,3757,613
2013-02-01,대구문화방송건너,9284,3357
2013-02-01,대구문화방송앞,16264,4195
2013-02-01,대구미술관건너,355,41
2013-02-01,대구미술관앞,341,73
2013-02-01,대구병원건너,28034,3318
2013-02-01,대구병원앞,10514,5301
2013-02-01,대구보건고등학교건너,13187,3620
2013-02-01,대구보건고등학교앞,9449,2024
2013-02-01,대구보건대학3,12423,5156
2013-02-01,대구보건대학4,28286,3268
2013-02-01,대구보건대학5,98,17
2013-02-01,대구보건대학건너1,1462,92
2013-02-01,대구보건대학건너2,5690,116
2013-02-01,대구보건대학앞1,342,326
2013-02-01,대구보건대학앞2,942,554
2013-02-01,대구보훈요양원건너,1,6
2013-02-01,대구보훈요양원앞,66,0
2013-02-01,대구비지니스센터건너,3085,874
2013-02-01,대구비지니스센터앞,4361,283
2013-02-01,대구사격장,43,1
2013-02-01,대구삼성창조캠퍼스1,1219,311
2013-02-01,대구삼성창조캠퍼스2,335,460
2013-02-01,대구선방촌공원,1119,29
2013-02-01,대구소방본부건너,356,177
2013-02-01,대구소방본부앞,1500,1570
2013-02-01,대구스타디움건너,2746,812
2013-02-01,대구스타디움앞,4705,1223
2013-02-01,대구시교육청건너,1353,146
2013-02-01,대구시교육청앞,1282,5494
2013-02-01,대구시설공단건너,16341,4070
2013-02-01,대구시설공단앞,11287,6450
2013-02-01,대구시설관리사업소,4,86
2013-02-01,대구시지노인전문병원앞,480,464
2013-02-01,대구신문사,450,106
2013-02-01,대구애견훈련학교건너,270,4
2013-02-01,대구애견훈련학교앞,3,13
2013-02-01,대구역,1035,489
2013-02-01,대구역건너,23811,17412
2013-02-01,대구역꽃시장,665,252
2013-02-01,대구역북편네거리1,29405,7261
2013-02-01,대구역북편네거리2,12547,8932
2013-02-01,대구역센트럴자이,901,110
2013-02-01,대구역앞,36326,11649
2013-02-01,대구예담학교,109,0
2013-02-01,대구우편집중국(동편),5,8
2013-02-01,대구우편집중국앞,2222,736
2013-02-01,대구은행3공단지점앞,5965,553
2013-02-01,대구은행북비산지점건너1,12413,3061
2013-02-01,대구은행북비산지점건너2,3048,697
2013-02-01,대구은행북비산지점앞,36333,8323
2013-02-01,대구은행산격지점앞,886,78
2013-02-01,대구은행역(1번출구),28539,13937
2013-02-01,대구은행역(2번출구),32124,9682
2013-02-01,대구은행제2본점앞,13251,3136
2013-02-01,대구은행칠곡지점건너,8189,3746
2013-02-01,대구은행칠곡지점앞,27055,2533
2013-02-01,대구은행평리동지점건너,3331,857
2013-02-01,대구은행평리동지점앞,6298,1065
2013-02-01,대구의료원건너,6474,744
2013-02-01,대구의료원라파엘웰빙센터,1571,98
2013-02-01,대구의료원라파엘웰빙센터건너,345,260
2013-02-01,대구의료원앞,4514,928
2013-02-01,대구일마이스터고교건너,2762,827
2013-02-01,대구일마이스터고교앞,6736,860
2013-02-01,대구전자공고남편,56,584
2013-02-01,대구전자공업고등학교1,6733,651
2013-02-01,대구전자공업고등학교2,954,3670
2013-02-01,대구제일고등학교건너,38246,11406
2013-02-01,대구제일고등학교앞,31625,18762
2013-02-01,대구중앙중고등학교건너,26928,5245
2013-02-01,대구중앙중고등학교앞,23371,5397
2013-02-01,대구중앙중학교건너,2446,51
2013-02-01,대구중앙중학교앞,281,1801
2013-02-01,대구중학교건너,1776,337
2013-02-01,대구중학교앞,5653,587
2013-02-01,대구지료재생사,91,20
2013-02-01,대구지방경찰청,5871,374
2013-02-01,대구지방법원등기국건너,5032,2194
2013-02-01,대구지방법원등기국앞,1846,637
2013-02-01,대구지방법원서부지원,550,50
2013-02-01,대구차여성병원건너,4092,3273
2013-02-01,대구차여성병원앞,12690,2002
2013-02-01,대구콘서트하우스건너,15249,18422
2013-02-01,대구콘서트하우스앞,26832,9931
2013-02-01,대구텍건너,334,424
2013-02-01,대구텍앞,4575,383
2013-02-01,대구학생문화센터,113,65
2013-02-01,대구학생수련관입구건너,1312,4
2013-02-01,대구학생수련관입구앞,23,142
2013-02-01,대구한의대학교부속한방병원건너,122,141
2013-02-01,대구한의대학교부속한방병원앞,4643,369
2013-02-01,대구향교건너,2053,1139
2013-02-01,대구향교앞,2126,569
2013-02-01,대덕마을건너,357,66
2013-02-01,대덕마을앞,340,54
2013-02-01,대덕맨션앞,8705,283
2013-02-01,대덕문화전당건너,1312,92
2013-02-01,대덕문화전당앞,40,88
2013-02-01,대덕승마장건너,371,13
2013-02-01,대덕승마장앞,89,55
2013-02-01,대덕식당건너,161,465
2013-02-01,대덕식당앞,3655,224
2013-02-01,대덕천주교회1,1708,397
2013-02-01,대덕천주교회2,2415,122
2013-02-01,대덕천주교회3,3367,55
2013-02-01,대덕천주교회4,201,407
2013-02-01,대덕초등학교,714,13
2013-02-01,대동공업,128,74
2013-02-01,대동공업건너,539,23
2013-02-01,대동금속건너,1350,6
2013-02-01,대동금속앞,608,123
2013-02-01,대동시장1,4746,776
2013-02-01,대동시장2,8295,676
2013-02-01,대륜중고등학교건너,3371,1682
2013-02-01,대륜중고등학교앞,6567,774
2013-02-01,대리,347,29
2013-02-01,대리마을앞,67,26
2013-02-01,대리마을회관,260,1
2013-02-01,대리마을회관건너,33,14
2013-02-01,대림생수,692,13
2013-02-01,대림생수앞,35,203
2013-02-01,대림육교1,145,4686
2013-02-01,대림육교2,3771,61
2013-02-01,대명6동주민센터건너,2319,269
2013-02-01,대명6동주민센터앞,2429,164
2013-02-01,대명시장건너,22429,5836
2013-02-01,대명시장앞,20132,7587
2013-02-01,대명역(1번출구),17799,3914
2013-02-01,대명역(2번출구),12147,3069
2013-02-01,대명중학교건너,28,105
2013-02-01,대명중학교앞,2545,74
2013-02-01,대명초등학교건너,8102,2195
2013-02-01,대명초등학교앞,12630,2987
2013-02-01,대백인터빌건너,23170,3548
2013-02-01,대백인터빌앞,18483,12468
2013-02-01,대백창신한라타운건너,14988,1171
2013-02-01,대백창신한라타운앞,2693,1334
2013-02-01,대백프라자건너,23185,5279
2013-02-01,대백프라자앞,28744,6937
2013-02-01,대백한라무지개타운건너,16519,883
2013-02-01,대백한라무지개타운앞,5540,1827
2013-02-01,대봉교회,8419,3697
2013-02-01,대봉네거리1,4684,490
2013-02-01,대봉네거리2,2654,2278
2013-02-01,대봉도서관건너,1712,429
2013-02-01,대봉도서관앞,3904,923
2013-02-01,대봉성당,11024,3847
2013-02-01,대산,1,3
2013-02-01,대서초등학교앞,473,91
2013-02-01,대성공업건너,267,2209
2013-02-01,대성공업앞,4210,120
2013-02-01,대성유니드앞,2312,61
2013-02-01,대성테크앞,231,18
2013-02-01,대신동광명맨션앞,1505,180
2013-02-01,대신센트럴자이,4964,548
2013-02-01,대실역(1번출구),7165,3415
2013-02-01,대실역(2번출구),23261,3398
2013-02-01,대실역(4번출구),1265,29
2013-02-01,대실역1,132,30
2013-02-01,대실역2,2,60
2013-02-01,대실역청아람건너,9333,117
2013-02-01,대실역청아람앞,280,1356
2013-02-01,대우트럼프월드수성건너,14912,818
2013-02-01,대우트럼프월드수성앞,4931,1489
2013-02-01,대원고등학교,5694,8406
2013-02-01,대원고등학교건너,15688,1130
2013-02-01,대원사건너(공산동),29,10
2013-02-01,대원사앞(공산동),213,2
2013-02-01,대원사입구,143,0
2013-02-01,대원유치원건너,5582,1058
2013-02-01,대원유치원앞,9277,554
2013-02-01,대일1리마을회관건너,163,48
2013-02-01,대일1리점촌마을,8,15
2013-02-01,대일아파트건너,11023,1842
2013-02-01,대일아파트앞,11871,1651
2013-02-01,대자연맨션,19802,1469
2013-02-01,대자연맨션건너,2772,1753
2013-02-01,대중인벤트,173,38
2013-02-01,대진중고등학교건너,426,56
2013-02-01,대진중고등학교앞,371,142
2013-02-01,대천119안전센터건너,1378,45
2013-02-01,대천119안전센터앞,549,65
2013-02-01,대천교,605,240
2013-02-01,대천초등학교건너,370,141
2013-02-01,대천초등학교앞,2373,83
2013-02-01,대청초등학교건너,166,679
2013-02-01,대청초등학교앞,12621,462
2013-02-01,대평2리,537,0
2013-02-01,대평교회앞,3,23
2013-02-01,대평리시장,11351,2009
2013-02-01,대평중학교건너,11653,839
2013-02-01,대평중학교앞,4747,725
2013-02-01,대홍철강,582,10
2013-02-01,대흥동건너,269,27
2013-02-01,대흥동앞,242,341
2013-02-01,덕곡(달구벌고교),206,3
2013-02-01,덕곡(대구선명학교),36,22
2013-02-01,덕곡삼거리1,33,98
2013-02-01,덕곡삼거리2,698,8
2013-02-01,덕산마을건너,1,2
2013-02-01,덕산마을앞,208,0
2013-02-01,덕원고등학교건너,4834,2730
2013-02-01,덕원고등학교앞,3811,744
2013-02-01,덕인초등학교건너,2418,546
2013-02-01,덕인초등학교앞,1617,348
2013-02-01,덕화중학교건너,8803,775
2013-02-01,덕화중학교앞,3620,1882
2013-02-01,덴티스앞,227,22
2013-02-01,도남동,199,0
2013-02-01,도남동(종점),281,3
2013-02-01,도남지,85,0
2013-02-01,도동,1,4
2013-02-01,도동교1,888,8
2013-02-01,도동교2,27,13
2013-02-01,도동서원,152,0
2013-02-01,도동청구타운건너,80,51
2013-02-01,도동청구타운앞,1219,22
2013-02-01,도시철도건설본부건너,1367,2077
2013-02-01,도시철도건설본부앞,20357,7470
2013-02-01,도시철도담티역(1번출구),23099,7531
2013-02-01,도시철도담티역(3번출구),16576,10891
2013-02-01,도시철도대구역,649,532
2013-02-01,도시철도수성구청역북편1,280,4693
2013-02-01,도시철도수성구청역북편2,2515,78
2013-02-01,도의리,134,1
2013-02-01,도평동입구1,766,153
2013-02-01,도평동입구2,268,331
2013-02-01,도평동행정복지센터1,2,7
2013-02-01,도평동행정복지센터2,55,1
2013-02-01,도학동,1155,3
2013-02-01,도학동1,34,98
2013-02-01,동곡1리1,8,0
2013-02-01,동곡1리2,180,0
2013-02-01,동곡1리3,67,0
2013-02-01,동곡리,93,0
2013-02-01,동곡초등학교건너,344,9
2013-02-01,동곡초등학교앞,63,38
2013-02-01,동구시장건너,8031,1929
2013-02-01,동구시장앞,7945,1919
2013-02-01,동구청건너,45993,25969
2013-02-01,동구청앞,50779,25268
2013-02-01,동구청역(3번출구),6746,723
2013-02-01,동구청역(4번출구),2250,1455
2013-02-01,동대구LPG충전소건너,760,158
2013-02-01,동대구LPG충전소앞,638,148
2013-02-01,동대구맨션,10791,2927
2013-02-01,동대구시장건너,11804,3838
2013-02-01,동대구시장앞,17578,3198
2013-02-01,동대구역,48867,26511
2013-02-01,동대구역건너,52983,21702
2013-02-01,동대구역복합환승센터건너,51801,16630
2013-02-01,동대구역복합환승센터앞,43839,29762
2013-02-01,동대구역수화물취급소건너,278,120
2013-02-01,동대구역수화물취급소앞,205,79
2013-02-01,동대구역지하도1,3518,3692
2013-02-01,동대구역지하도2,10887,1090
2013-02-01,동대구초등학교건너,1328,48
2013-02-01,동대구초등학교앞,604,166
2013-02-01,동도중학교건너,9769,1885
2013-02-01,동도중학교앞,16211,1526
2013-02-01,동문고등학교앞,610,227
2013-02-01,동변주공그린빌건너,2517,498
2013-02-01,동변주공그린빌앞,9118,300
2013-02-01,동부경찰서건너,1338,693
2013-02-01,동부경찰서앞,11146,367
2013-02-01,동부고교건너,1121,464
2013-02-01,동부고교앞,6116,373
2013-02-01,동부소방서건너,510,3398
2013-02-01,동부소방서앞,5664,354
2013-02-01,동부시외버스터미널(순환2번),1967,211
2013-02-01,동부중학교건너,4112,317
2013-02-01,동부중학교앞,2159,1052
2013-02-01,동북주유소건너,94,15
2013-02-01,동북주유소앞,24,30
2013-02-01,동산의료원앞1,27325,9666
2013-02-01,동산의료원앞2,11872,7754
2013-02-01,동서교회건너,3330,299
2013-02-01,동서교회앞,1149,528
2013-02-01,동서변리벤빌,9207,1258
2013-02-01,동서변월드메르디앙아파트,3399,201
2013-02-01,동서아파트건너,213,1
2013-02-01,동서아파트앞,14,4
2013-02-01,동서화성타운건너,29484,1936
2013-02-01,동서화성타운앞,14383,2812
2013-02-01,동성에스티에스건너,9,1
2013-02-01,동성에스티에스앞,4,6
2013-02-01,동성초등학교건너,2625,1888
2013-02-01,동성초등학교앞,5575,1583
2013-02-01,동신초등학교건너,2679,593
2013-02-01,동신초등학교앞,1911,883
2013-02-01,동아백화점수성점건너,8456,14090
2013-02-01,동아백화점수성점앞,64051,1840
2013-02-01,동아수산냉동건너,586,313
2013-02-01,동아수산냉동앞,390,76
2013-02-01,동아스포츠센터(지산중학교앞),1667,834
2013-02-01,동아스포츠센터(지산초교앞),9544,246
2013-02-01,동아제약,400,95
2013-02-01,동아제약건너,2638,42
2013-02-01,동양맨션앞,3444,215
2013-02-01,동원약품,7181,512
2013-02-01,동원초등학교건너,1007,229
2013-02-01,동원초등학교앞1,1184,161
2013-02-01,동원초등학교앞2,2061,191
2013-02-01,동인네거리1,1645,292
2013-02-01,동인네거리2,1936,406
2013-02-01,동인초등학교건너,12705,2668
2013-02-01,동인초등학교앞,11163,2474
2013-02-01,동인치안센터건너,18143,3591
2013-02-01,동인치안센터앞,9621,3644
2013-02-01,동일초등학교건너,1916,1057
2013-02-01,동일초등학교앞,2578,671
2013-02-01,동천역1,474,145
2013-02-01,동천역2,980,113
2013-02-01,동촌강나루아파트건너,2986,502
2013-02-01,동촌강나루아파트앞,2994,3275
2013-02-01,동촌역,410,221
2013-02-01,동촌역(구길),1817,165
2013-02-01,동촌역(신길)1,6181,901
2013-02-01,동촌역(신길)2,3977,1994
2013-02-01,동촌유원지,434,49
2013-02-01,동촌유원지놀이동산앞,204,74
2013-02-01,동촌해성아파트건너,144,126
2013-02-01,동촌해성아파트앞,891,319
2013-02-01,동촌화성타운건너,10312,1159
2013-02-01,동촌화성타운앞,7153,1764
2013-02-01,동침산네거리,1637,377
2013-02-01,동침산네거리2,13,66
2013-02-01,동호동건너(북구),854,15
2013-02-01,동호동앞(북구),78,72
2013-02-01,동호육교1,46,536
2013-02-01,동호육교2,7064,314
2013-02-01,동호초등학교건너,518,11
2013-02-01,동화골든빌(남편),5051,78
2013-02-01,동화골든빌(동편),4090,1071
2013-02-01,동화골든빌(북편),105,114
2013-02-01,동화골든빌건너(남편),12,216
2013-02-01,동화교1,13,162
2013-02-01,동화교2,2038,1
2013-02-01,동화사입구건너,3768,1
2013-02-01,동화사입구앞,8,246
2013-02-01,동화시설집단지구(종점)1,5576,3
2013-02-01,동화시설집단지구(종점)2(대구시민안전테마파크),22,179
2013-02-01,두류3동파출소건너,698,63
2013-02-01,두류3동파출소앞,276,163
2013-02-01,두류공원(야외음악당건너),670,25
2013-02-01,두류공원(야외음악당앞),463,79
2013-02-01,두류공원네거리1,10972,2251
2013-02-01,두류공원네거리2,3375,3905
2013-02-01,두류도서관앞,6618,1316
2013-02-01,두류보성맨션건너,5732,688
2013-02-01,두류보성맨션앞,3023,2054
2013-02-01,두류수영장건너,15588,4042
2013-02-01,두류수영장앞,16956,3599
2013-02-01,두류역(달성고등학교건너),28644,8888
2013-02-01,두류역(달성고등학교앞),48240,33576
2013-02-01,두류정수사업소건너,17822,3612
2013-02-01,두류정수사업소앞,5331,2384
2013-02-01,두류파출소건너,635,37
2013-02-01,두류파출소앞,184,103
2013-02-01,두리봉네거리1,3337,7251
2013-02-01,두리봉네거리2,14600,3407
2013-02-01,두리봉터널입구,409,243
2013-02-01,두리봉터널입구건너,3073,86
2013-02-01,두산동주민센터건너,13249,3638
2013-02-01,두산동주민센터앞,6741,4540
2013-02-01,두산스포츠건너,1456,122
2013-02-01,두성파크아파트건너,21418,9362
2013-02-01,두성파크아파트앞,10101,6524
2013-02-01,둔산동,2352,9
2013-02-01,들안길1,1096,461
2013-02-01,들안길2,4225,222
2013-02-01,들안길네거리1,4697,156
2013-02-01,들안길네거리2,858,1146
2013-02-01,들안길초등학교건너,5013,1709
2013-02-01,들안길초등학교앞,4631,1140
2013-02-01,들연경,149,0
2013-02-01,럭키아파트건너,244,215
2013-02-01,럭키아파트앞,2089,48
2013-02-01,롯데백화점상인점건너,10576,4353
2013-02-01,롯데캐슬그랜드,609,461
2013-02-01,룸비니유치원건너,2219,201
2013-02-01,룸비니유치원앞,1889,322
2013-02-01,마비정벽화마을(종점),324,10
2013-02-01,만경관건너,6535,2904
2013-02-01,만경관앞,11907,2581
2013-02-01,만촌1동주민센터,2767,554
2013-02-01,만촌2동주민센터,13114,4322
2013-02-01,만촌3차화성파크드림건너,3415,643
2013-02-01,만촌그린빌라건너,633,53
2013-02-01,만촌역(1번출구),568,5996
2013-02-01,만촌우방1차건너,7116,90
2013-02-01,만촌우방1차앞,188,635
2013-02-01,만촌육교1,51646,11444
2013-02-01,만촌육교2,6495,19338
2013-02-01,만촌자전거경기장,0,72
2013-02-01,만촌천주교회앞,218,104
2013-02-01,만촌초등학교건너1,2395,231
2013-02-01,만촌초등학교건너2,3600,239
2013-02-01,만촌초등학교앞,2414,303
2013-02-01,만촌태왕리더스건너,4183,252
2013-02-01,만촌태왕리더스건너(남편),305,592
2013-02-01,만촌태왕리더스북편,638,71
2013-02-01,만촌태왕리더스앞1,4661,2673
2013-02-01,만촌태왕리더스앞2,1774,289
2013-02-01,만촌화성파크스위트,41,138
2013-02-01,만평네거리,6637,1688
2013-02-01,만평역(서대구고속버스터미널)1,7329,3733
2013-02-01,만평역(서대구고속버스터미널)2,7356,3921
2013-02-01,망우당공원(종점),416,158
2013-02-01,망우당공원건너,1086,636
2013-02-01,망우당공원앞,3729,1062
2013-02-01,매곡(종점),363,148
2013-02-01,매곡사거리1,714,1291
2013-02-01,매곡사거리2,9374,334
2013-02-01,매곡정수사업소건너,983,102
2013-02-01,매곡정수사업소앞,35,20
2013-02-01,매곡초등학교건너,41,45
2013-02-01,매골1,2,34
2013-02-01,매골2,147,1
2013-02-01,매여동(동구)저탄장,384,21
2013-02-01,매일신문사건너,117,174
2013-02-01,매일신문사앞,1209,49
2013-02-01,매천고교,980,110
2013-02-01,매천대교1,1029,89
2013-02-01,매천성당건너1,3205,201
2013-02-01,매천성당건너2,624,181
2013-02-01,매천성당앞,4864,231
2013-02-01,매천수산시장건너,1517,146
2013-02-01,매천수산시장앞,1747,214
2013-02-01,매천시장지하차도,1783,172
2013-02-01,매천중고등학교건너,3378,1794
2013-02-01,매천중고등학교앞,15836,1030
2013-02-01,매천초교(매천역)2,833,60
2013-02-01,매천화성파크드림,1211,59
2013-02-01,매천휴먼시아앞,1093,77
2013-02-01,매호동서아파트앞,878,3
2013-02-01,매호성당건너,457,0
2013-02-01,메트로시티건너,4222,571
2013-02-01,메트로시티앞,2058,425
2013-02-01,메트로팔레스1,14469,2007
2013-02-01,메트로팔레스2,18027,1642
2013-02-01,명곡1리입구1,7,8
2013-02-01,명곡1리입구2,26,1
2013-02-01,명곡리1,1611,294
2013-02-01,명곡리2,3541,474
2013-02-01,명곡미래빌1단지,2050,311
2013-02-01,명곡미래빌2단지건너,22,319
2013-02-01,명곡미래빌2단지앞,9630,1092
2013-02-01,명곡미래빌3단지건너,2301,318
2013-02-01,명곡미래빌3단지앞,3472,188
2013-02-01,명곡미래빌4단지,3303,199
2013-02-01,명곡미래빌5단지건너,17,115
2013-02-01,명곡미래빌5단지앞,4328,428
2013-02-01,명곡지구앞,1716,324
2013-02-01,명덕네거리1,32051,4300
2013-02-01,명덕네거리2,9948,19054
2013-02-01,명덕역(6번출구),21273,23524
2013-02-01,명덕역(7번출구),28382,7967
2013-02-01,명덕초등학교건너,17749,7974
2013-02-01,명덕초등학교앞,22339,9257
2013-02-01,명문세가APT건너,6227,1306
2013-02-01,명문세가APT앞,10883,3418
2013-02-01,명문오하임아파트건너,398,64
2013-02-01,명문오하임아파트앞,171,67
2013-02-01,명보약국건너,1967,442
2013-02-01,명보약국앞,2488,633
2013-02-01,명성푸르지오건너,6433,1470
2013-02-01,명성푸르지오앞,17476,1315
2013-02-01,모개월앞,1,0
2013-02-01,모개월입구,140,0
2013-02-01,모다아울렛,54,0
2013-02-01,모다아울렛건너,15773,472
2013-02-01,모다아울렛앞,94,2142
2013-02-01,모래정마을건너,94,0
2013-02-01,모래정마을앞,24,3
2013-02-01,목단1리,186,0
2013-02-01,목단2리,101,0
2013-02-01,목단리,2,0
2013-02-01,묘1리,119,0
2013-02-01,묘2리(고려정밀),147,1
2013-02-01,묘2리(전마),52,0
2013-02-01,무궁화LPG충전소,8424,1581
2013-02-01,무궁화LPG충전소건너,3515,784
2013-02-01,무궁화어린이공원입구,1570,308
2013-02-01,무궁화어린이공원입구건너,3534,438
2013-02-01,무등1리1,0,1
2013-02-01,무등1리2,194,0
2013-02-01,무등1리3,39,0
2013-02-01,무등2리,2,4
2013-02-01,무등2리입구건너,74,0
2013-02-01,무림제지건너,588,305
2013-02-01,무림제지앞1,977,200
2013-02-01,무림제지앞2,168,43
2013-02-01,무열대건너,3848,1283
2013-02-01,무열대앞,1311,339
2013-02-01,무태교,4,359
2013-02-01,무태네거리(시내방향),15281,5509
2013-02-01,무태네거리(시외방향),3223,3869
2013-02-01,무태새마을금고건너,1730,395
2013-02-01,무태새마을금고앞,4728,244
2013-02-01,무태조야동주민센터건너1,6649,365
2013-02-01,무태조야동주민센터건너2,4963,1763
2013-02-01,무태조야동주민센터앞1,1183,726
2013-02-01,무태조야동주민센터앞2,15139,1152
2013-02-01,문성병원건너,11612,3023
2013-02-01,문성병원앞,15984,4316
2013-02-01,문양기지창건너,17,66
2013-02-01,문양기지창앞,231,13
2013-02-01,문양리1,156,10
2013-02-01,문양리2,4,5
2013-02-01,문양리입구1,589,4
2013-02-01,문양리입구2,1,5
2013-02-01,문양역건너,15,329
2013-02-01,문양역앞,1555,1103
2013-02-01,문주마을건너,140,6
2013-02-01,문주마을앞,0,2
2013-02-01,문화예술회관건너,9116,2840
2013-02-01,문화예술회관앞,6679,2339
2013-02-01,미8군후문건너,509,200
2013-02-01,미8군후문앞,1278,40
2013-02-01,미곡동1,293,322
2013-02-01,미곡동2,3282,199
2013-02-01,미대동1,2206,50
2013-02-01,미대동2,290,285
2013-02-01,미래아트빌앞,870,330
2013-02-01,미리내맨션건너,11934,455
2013-02-01,미리내맨션앞,3875,1215
2013-02-01,민들레아파트(종점),235,82
2013-02-01,민들레아파트후문건너,6990,18
2013-02-01,민들레아파트후문앞,3,158
2013-02-01,바른병원건너,209,188
2013-02-01,박곡리(시내방향),213,1
2013-02-01,박곡리(시외방향),42,4
2013-02-01,박석진교,1,23
2013-02-01,반고개(내당역4번출구),3158,2474
2013-02-01,반고개1,6529,2073
2013-02-01,반고개2,14579,5483
2013-02-01,반송4교건너,114,3
2013-02-01,반송4교앞,141,1
2013-02-01,반송리,331,3
2013-02-01,반야월모란1차아파트,3470,641
2013-02-01,반야월시장1,6005,3421
2013-02-01,반야월시장2,9319,1780
2013-02-01,반야월역(국철)건너,4089,1954
2013-02-01,반야월역(국철)앞,8323,1024
2013-02-01,반야월역(도시철도1번출구),5455,1104
2013-02-01,반야월역(도시철도2번출구),4983,460
2013-02-01,반야월역(도시철도3번출구),1947,2900
2013-02-01,반야월역(도시철도4번출구)1,8186,4012
2013-02-01,반야월역(도시철도4번출구)2,1630,1239
2013-02-01,반야월저탄장건너,5229,2194
2013-02-01,반야월저탄장앞,9358,1249
2013-02-01,반월당역(1번출구)1,38296,18259
2013-02-01,반월당역(1번출구)2,5142,6673
2013-02-01,반월당역(2번출구),39446,28900
2013-02-01,방공포병학교건너,1652,247
2013-02-01,방공포병학교앞,734,501
2013-02-01,방짜유기박물관건너,456,4
2013-02-01,방짜유기박물관앞,16,38
2013-02-01,방천리1,1,51
2013-02-01,방천리2,3,3
2013-02-01,방천리환경자원사업소,1254,97
2013-02-01,방천시장(김광석길)건너,13132,3780
2013-02-01,방천시장(김광석길)앞,11476,3766
2013-02-01,방촌1동,846,1
2013-02-01,방촌건널목,69,1647
2013-02-01,방촌맨션앞,4528,465
2013-02-01,방촌빌라,137,169
2013-02-01,방촌시장건너,27679,7246
2013-02-01,방촌시장앞,16451,7861
2013-02-01,방촌역(1번출구),13194,2149
2013-02-01,방촌역(2번출구),9960,3363
2013-02-01,방촌치안센터건너,2241,843
2013-02-01,방촌치안센터앞,3254,374
2013-02-01,백사벌네거리1,2588,89
2013-02-01,백사벌네거리2,2269,1254
2013-02-01,백안교1,74,57
2013-02-01,백안교2,1093,46
2013-02-01,백안삼거리1,238,209
2013-02-01,백안삼거리2,2896,140
2013-02-01,백자맨션건너,8763,1028
2013-02-01,백자맨션앞,4161,1305
2013-02-01,범물1동주민센터건너,40640,2210
2013-02-01,범물1동주민센터앞,7593,3458
2013-02-01,범물2동주민센터건너,2630,34
2013-02-01,범물2동주민센터앞,18,251
2013-02-01,범물두성타운건너,4921,42
2013-02-01,범물우방미진하이츠앞,4,300
2013-02-01,범물청구맨션건너,6262,2944
2013-02-01,범물청구맨션앞,31594,2713
2013-02-01,범물하이츠 건너,2354,1721
2013-02-01,범물하이츠앞,31781,470
2013-02-01,범물한라주택건너,22158,1147
2013-02-01,범물한라주택앞,3130,3009
2013-02-01,범어2동1,156,470
2013-02-01,범어2동2,1035,62
2013-02-01,범어4동주민센터건너,21491,5575
2013-02-01,범어4동주민센터앞,12057,8215
2013-02-01,범어쌍용예가건너,6473,1827
2013-02-01,범어쌍용예가앞,10140,1788
2013-02-01,범어역(1번출구),15539,3500
2013-02-01,범어역(2번출구),8985,2940
2013-02-01,법원건너,19550,7733
2013-02-01,법원앞,22716,6574
2013-02-01,법원어린이집,590,301
2013-02-01,베어산업건너,647,0
2013-02-01,베어산업앞,37,64
2013-02-01,병무청중앙신체검사소,24,35
2013-02-01,보람타운건너,7923,372
2013-02-01,보람타운앞,5090,2087
2013-02-01,보병50사단건너,3160,330
2013-02-01,보병50사단앞,1915,271
2013-02-01,보성기계건너,3152,31
2013-02-01,보성기계앞,37,75
2013-02-01,보성산호타운건너,4251,425
2013-02-01,보성산호타운앞,2378,995
2013-02-01,보성서한타운앞,3121,265
2013-02-01,보성은하타운앞,1831,58
2013-02-01,보성화성타운건너,20294,2526
2013-02-01,보성화성타운앞,8705,2336
2013-02-01,보훈병원건너,8,214
2013-02-01,보훈병원앞,4977,5
2013-02-01,복음간호학원,1130,306
2013-02-01,복현네거리,3866,2769
2013-02-01,복현대백맨션건너,15224,971
2013-02-01,복현대백맨션앞,3856,1700
2013-02-01,복현서한2차아파트,1805,1560
2013-02-01,복현성모약국앞,2900,888
2013-02-01,복현오거리1,39200,13664
2013-02-01,복현오거리2,11450,6373
2013-02-01,복현오거리3,274,316
2013-02-01,복현우방아파트,7648,914
2013-02-01,복현우체국건너,40547,6327
2013-02-01,복현우체국앞,8909,4372
2013-02-01,복현장미맨션앞,1762,280
2013-02-01,복현푸르지오아파트건너,11973,941
2013-02-01,복현현대맨션건너,2668,66
2013-02-01,복현현대맨션앞,514,170
2013-02-01,본동시장건너,7009,775
2013-02-01,본동시장앞,1974,422
2013-02-01,본리1리,488,7
2013-02-01,본리1리동회관건너,1170,176
2013-02-01,본리1리동회관앞,60,30
2013-02-01,본리2,1055,98
2013-02-01,본리근린공원건너,36,0
2013-02-01,본리네거리,2000,602
2013-02-01,본리네거리2,7680,976
2013-02-01,본리네거리3,1551,842
2013-02-01,본리도서관앞,908,162
2013-02-01,본리롯데캐슬,1684,90
2013-02-01,본리아카시아맨션,4359,1615
2013-02-01,본리지구건너,1061,442
2013-02-01,본리지구앞,6163,653
2013-02-01,본리초등학교건너,7226,1941
2013-02-01,본리초등학교앞,6432,1260
2013-02-01,본리치안센터건너,3125,374
2013-02-01,본리치안센터앞,2967,711
2013-02-01,본말(종점),97,0
2013-02-01,봉덕119안전센터건너,922,60
2013-02-01,봉덕119안전센터앞,470,151
2013-02-01,봉덕2동새마을금고건너,1071,257
2013-02-01,봉덕2동새마을금고앞,1055,404
2013-02-01,봉덕교회건너,12680,2000
2013-02-01,봉덕교회앞,4295,1576
2013-02-01,봉덕변전소건너,1960,8
2013-02-01,봉덕변전소앞,2,37
2013-02-01,봉덕시장건너1,3406,2318
2013-02-01,봉덕시장건너2,548,235
2013-02-01,봉덕시장건너3,4220,1078
2013-02-01,봉덕시장앞1,9658,1397
2013-02-01,봉덕시장앞2,3752,3115
2013-02-01,봉무공원건너,25105,795
2013-02-01,봉무청구새들마을건너,9459,3204
2013-02-01,봉무청구새들마을앞,2221,698
2013-02-01,봉산가구골목(동편),3316,1710
2013-02-01,봉산가구골목(서편),3036,306
2013-02-01,봉산문화거리건너,18270,6722
2013-02-01,봉산문화거리앞,11378,4234
2013-02-01,봉산육거리,2944,732
2013-02-01,봉촌1리1,411,0
2013-02-01,봉촌1리2,9,25
2013-02-01,봉촌1리3,191,0
2013-02-01,봉촌2리,427,0
2013-02-01,봉촌낙동길입구,325,1
2013-02-01,봉촌낙동길입구건너,4,47
2013-02-01,봉촌리,244,0
2013-02-01,부곡리,6,3
2013-02-01,부곡리건너,67,21
2013-02-01,부남교앞,10,0
2013-02-01,부동,1576,10
2013-02-01,부동(종점),69,2
2013-02-01,부동농협,855,5
2013-02-01,부동삼거리,0,8
2013-02-01,부영3단지,2221,444
2013-02-01,부영5단지,1535,275
2013-02-01,부영7단지건너,522,3
2013-02-01,부영7단지앞,12,31
2013-02-01,북구구민운동장건너,6671,333
2013-02-01,북구구민운동장앞,1771,1657
2013-02-01,북구보건소건너,2971,943
2013-02-01,북구보건소앞,5288,550
2013-02-01,북구선거관리위원회건너,4856,448
2013-02-01,북구선거관리위원회앞,6361,4645
2013-02-01,북구어울아트센터앞,89,70
2013-02-01,북구청건너,11461,2925
2013-02-01,북구청네거리1,1656,802
2013-02-01,북구청네거리2,2864,368
2013-02-01,북구청앞,11058,2150
2013-02-01,북구청역(3번출구),7490,1961
2013-02-01,북구청역(4번출구),4367,1552
2013-02-01,북대구세무서건너,6954,655
2013-02-01,북대구세무서앞,3772,951
2013-02-01,북대구초등학교건너,2135,38
2013-02-01,북대구초등학교앞,617,304
2013-02-01,북동초등학교건너,963,364
2013-02-01,북동초등학교앞,4411,84
2013-02-01,북리1,2156,1236
2013-02-01,북리2,14421,271
2013-02-01,북부경찰서건너,2368,684
2013-02-01,북부상수도사업소,214,244
2013-02-01,북부정류장,78260,19651
2013-02-01,북부정류장건너,32724,21646
2013-02-01,북비산네거리1,9139,2737
2013-02-01,북비산네거리2,8504,1657
2013-02-01,북중학교앞,2417,236
2013-02-01,북침산치안센터건너,6617,1243
2013-02-01,북침산치안센터앞,6057,1525
2013-02-01,불교한방병원건너1,529,425
2013-02-01,불교한방병원건너2,1301,173
2013-02-01,불교한방병원앞1,2564,128
2013-02-01,불교한방병원앞2,2567,590
2013-02-01,불로삼거리,1239,2625
2013-02-01,불로우방아파트건너,6102,2809
2013-02-01,불로우방아파트앞,6924,1977
2013-02-01,불로전통시장건너,38444,4326
2013-02-01,불로전통시장앞,13026,8436
2013-02-01,불로천주교회건너,6683,1835
2013-02-01,불로천주교회앞,18811,2542
2013-02-01,불로화훼단지건너,2149,269
2013-02-01,불로화훼단지앞,2323,611
2013-02-01,비산5동주민센터,6,0
2013-02-01,비산6동주민센터건너,816,268
2013-02-01,비산6동주민센터앞,813,32
2013-02-01,비산7동우체국건너,3038,1678
2013-02-01,비산7동우체국앞1,13625,4856
2013-02-01,비산7동우체국앞2,11966,1472
2013-02-01,비산지하도1,9769,2252
2013-02-01,비산지하도2,16141,2920
2013-02-01,비산초등학교건너,9459,1000
2013-02-01,비산초등학교앞,11401,805
2013-02-01,비슬산휴양림주차장,40,0
2013-02-01,비원지구대건너,5355,259
2013-02-01,비원지구대앞,452,437
2013-02-01,비철금속협업단지앞,9510,503
2013-02-01,사복동입구교차로,160,272
2013-02-01,사복동입구교차로건너,28,79
2013-02-01,사월동(종점),659,59
2013-02-01,사월보성2차건너,6,271
2013-02-01,사월보성2차앞,1980,23
2013-02-01,사월역(2번출구),18609,4486
2013-02-01,사월역(4번출구),15197,18252
2013-02-01,사창마을건너,23,0
2013-02-01,사창마을앞,118,0
2013-02-01,산격4동주민센터건너,597,198
2013-02-01,산격4동주민센터앞,6964,425
2013-02-01,산격거평타운건너,758,949
2013-02-01,산격거평타운앞,1942,673
2013-02-01,산격대우아파트앞,52820,15101
2013-02-01,산격문화회관건너,7914,656
2013-02-01,산격문화회관앞,2942,893
2013-02-01,산격종합시장앞,44594,25881
2013-02-01,산격주공아파트건너,3455,2627
2013-02-01,산격주공아파트앞,21729,3481
2013-02-01,산격중학교건너,4608,3631
2013-02-01,산격중학교앞,12391,933
2013-02-01,산격청구맨션앞,5545,2091
2013-02-01,산격초등학교건너,8933,582
2013-02-01,산격초등학교앞,8153,847
2013-02-01,산림조합중앙회건너,1620,393
2013-02-01,산림조합중앙회앞,2840,270
2013-02-01,산업용재관,3398,3763
2013-02-01,삼덕교회,5525,2143
2013-02-01,삼덕동1,226,119
2013-02-01,삼덕동2,265,13
2013-02-01,삼덕성당앞,8041,884
2013-02-01,삼리1리1,121,41
2013-02-01,삼리1리2,710,104
2013-02-01,삼리리1(논공),522,12
2013-02-01,삼리리2(논공),108,32
2013-02-01,삼보,889,76
2013-02-01,삼산리(범동교),23,7
2013-02-01,삼산리(삼산교회건너),3382,31
2013-02-01,삼산리(삼산교회앞),29,203
2013-02-01,삼산리(은지가든),8,3
2013-02-01,삼산리입구건너,322,5
2013-02-01,삼산리입구앞,9,39
2013-02-01,삼산지,324,1
2013-02-01,삼성공원아파트건너,558,110
2013-02-01,삼성래미안1차건너,3986,841
2013-02-01,삼성래미안1차앞,4406,853
2013-02-01,삼성래미안2차건너,3927,1180
2013-02-01,삼성래미안2차앞,2915,553
2013-02-01,삼성명가타운,2608,445
2013-02-01,삼성명가타운건너,1968,240
2013-02-01,삼성물류센터앞,214,589
2013-02-01,삼성한국형아파트건너,1156,74
2013-02-01,삼성한국형아파트앞,619,647
2013-02-01,삼우섬유앞,513,12
2013-02-01,삼육구가든건너,15,11
2013-02-01,삼육구가든앞,141,0
2013-02-01,삼익THK건너,304,103
2013-02-01,삼익THK앞,193,18
2013-02-01,삼익뉴타운건너,5368,1124
2013-02-01,삼익뉴타운앞,10243,907
2013-02-01,삼정빌딩앞,765,348
2013-02-01,삼호아파트건너,838,184
2013-02-01,삼호아파트앞,917,353
2013-02-01,삼환맨션,301,38
2013-02-01,상공회의소건너,3871,751
2013-02-01,상공회의소앞,4827,553
2013-02-01,상동가압장건너,716,192
2013-02-01,상동교1,127,106
2013-02-01,상동교2,1870,273
2013-02-01,상동네거리,4315,639
2013-02-01,상동마을(둔산길),657,0
2013-02-01,상동시장앞,2071,219
2013-02-01,상동우체국건너,3536,1038
2013-02-01,상동우체국앞,17245,2029
2013-02-01,상동천주교회건너,208,95
2013-02-01,상동천주교회앞,2323,786
2013-02-01,상록아파트,28,43
2013-02-01,상리공단,1770,106
2013-02-01,상리공단건너,584,140
2013-02-01,상리동입구,1502,37
2013-02-01,상리동입구1,2,228
2013-02-01,상리동입구2,3000,8
2013-02-01,상리동종점,0,82
2013-02-01,상리동종점2,901,0
2013-02-01,상리동종점3,2457,135
2013-02-01,상리마을건너,0,10
2013-02-01,상리마을앞,18,0
2013-02-01,상리지하도1,2141,38
2013-02-01,상리지하도2,1637,96
2013-02-01,상매동(저탄장),7,0
2013-02-01,상서고등학교건너,1161,43
2013-02-01,상서고등학교앞,475,72
2013-02-01,상수도사업본부,8209,1706
2013-02-01,상수도사업본부건너,6456,3318
2013-02-01,상수도사업본부시설관리소건너,8640,4009
2013-02-01,상수도사업본부시설관리소앞,1712,364
2013-02-01,상수도중남부사업소건너,1568,191
2013-02-01,상수도중남부사업소앞,536,135
2013-02-01,상원리(마을회관),373,0
2013-02-01,상원리(전평못식당),93,0
2013-02-01,상인2동주민센터건너,4955,258
2013-02-01,상인동서타운앞,16512,1954
2013-02-01,상인동화아이위시아파트건너,20289,2127
2013-02-01,상인동화아이위시아파트앞,2379,1761
2013-02-01,상인비둘기1단지아파트건너,4646,1324
2013-02-01,상인비둘기1단지아파트앞,17891,608
2013-02-01,상인비둘기2단지아파트앞,9111,710
2013-02-01,상인삼미타운건너,2073,3302
2013-02-01,상인삼미타운앞,4534,481
2013-02-01,상인역e-편한세상앞,5738,6868
2013-02-01,상인우방아파트,11636,8211
2013-02-01,상인은행아파트건너,7643,631
2013-02-01,상인은행아파트앞,3881,1212
2013-02-01,상인자이앞,6084,446
2013-02-01,상인장미아파트앞,8255,722
2013-02-01,상인제림아파트건너,4495,507
2013-02-01,상인제림아파트앞,1333,324
2013-02-01,상인청구타운건너,2921,157
2013-02-01,상인청구타운앞,1382,254
2013-02-01,상인초등학교앞,15776,2038
2013-02-01,상인한서타운앞,3514,529
2013-02-01,상인현대맨션건너,71229,8335
2013-02-01,상인현대맨션앞,23727,51989
2013-02-01,상인화성파크드림건너,848,489
2013-02-01,상인화성파크드림앞,1181,185
2013-02-01,상화네거리,211,264
2013-02-01,새길시장건너,11110,9473
2013-02-01,새길시장앞,28966,5504
2013-02-01,새동네아파트건너,59,3
2013-02-01,새동네아파트앞,365,362
2013-02-01,새마을건너,3,4
2013-02-01,새마을입구,83,0
2013-02-01,새범어아파트건너,1073,158
2013-02-01,새범어아파트앞,800,130
2013-02-01,새본리중학교앞,1000,148
2013-02-01,샤니삼거리1,137,0
2013-02-01,서구문화회관건너,2472,587
2013-02-01,서구문화회관앞,7043,1497
2013-02-01,서구시장건너,16869,4448
2013-02-01,서구시장앞,15532,3366
2013-02-01,서구제일사회복지관건너,1481,722
2013-02-01,서구제일사회복지관앞,3671,396
2013-02-01,서구청건너,41279,11156
2013-02-01,서구청앞,40386,8981
2013-02-01,서남시장건너,24517,9910
2013-02-01,서남시장앞1,19351,5337
2013-02-01,서남시장앞2,6015,2808
2013-02-01,서당마을건너,860,10
2013-02-01,서당마을앞,17,59
2013-02-01,서대구고속버스터미널,1053,329
2013-02-01,서대구공단네거리1,651,83
2013-02-01,서대구공단네거리2,404,87
2013-02-01,서대구공단네거리3,2313,337
2013-02-01,서대구공단네거리4,3770,415
2013-02-01,서대구세무서,7927,16097
2013-02-01,서대구시장건너,9293,6520
2013-02-01,서대구시장앞,9466,3630
2013-02-01,서대구초등학교입구,18393,7090
2013-02-01,서대명지구대건너,5327,854
2013-02-01,서대명지구대앞,2041,1281
2013-02-01,서도초등학교건너,1890,399
2013-02-01,서도초등학교서편1,7,3
2013-02-01,서도초등학교서편2,1121,95
2013-02-01,서도초등학교앞,4009,524
2013-02-01,서문시장,69664,20064
2013-02-01,서문시장5지구앞,1008,526
2013-02-01,서변동영남네오빌건너,5434,567
2013-02-01,서변동영남네오빌앞,1533,413
2013-02-01,서부고등학교건너,1594,413
2013-02-01,서부고등학교앞,3176,175
2013-02-01,서부공업고등학교건너,8452,17039
2013-02-01,서부공업고등학교앞,22276,2890
2013-02-01,서부소방서,6,2
2013-02-01,서부시장건너,27514,6545
2013-02-01,서부시장앞,19740,7189
2013-02-01,서부정류장(관문시장건너),70852,34312
2013-02-01,서부정류장(관문시장앞),32662,21491
2013-02-01,서부정류장1,71263,21013
2013-02-01,서부정류장2,5229,1853
2013-02-01,서부정류장3(성당못역1번출구),21195,44333
2013-02-01,서부정류장4(성당못역1번출구),2581,2188
2013-02-01,서부중학교앞,7699,2135
2013-02-01,서영기공건너,173,0
2013-02-01,서영기공앞,9,16
2013-02-01,서재금봉타운,156,939
2013-02-01,서재금봉타운건너,25210,82
2013-02-01,서재들,16,4
2013-02-01,서재들건너,18,2
2013-02-01,서재보성타운건너,13118,94
2013-02-01,서재보성타운앞,219,591
2013-02-01,서진중학교건너,790,318
2013-02-01,서평초등학교,2817,1143
2013-02-01,서평초등학교건너,2328,1319
2013-02-01,선녀곡건너(옥포),557,29
2013-02-01,선녀곡앞(옥포),34,116
2013-02-01,설티고개(달성공단방면),2,0
2013-02-01,설티고개(옥포방면),59,1
2013-02-01,설화동(종점),272,6
2013-02-01,설화리(시내방향),5975,518
2013-02-01,설화리(시외방향),1526,442
2013-02-01,설화명곡역(4번출구),1,68
2013-02-01,섬뜸마을,517,0
2013-02-01,섬유회관건너1,47560,15711
2013-02-01,섬유회관건너2,3568,1371
2013-02-01,섬유회관앞,56844,29507
2013-02-01,성곡중학교건너,823,284
2013-02-01,성곡중학교앞,1163,100
2013-02-01,성광고등학교건너,7200,312
2013-02-01,성광고등학교앞,418,494
2013-02-01,성남초등학교건너,1080,563
2013-02-01,성남초등학교앞,4011,208
2013-02-01,성내3동주민센터입구,1152,301
2013-02-01,성당두산위브앞,24808,2897
2013-02-01,성당래미안·e-편한세상앞,9783,1934
2013-02-01,성당못역북편1,553,1336
2013-02-01,성당못역북편2,1851,469
2013-02-01,성당보성아파트건너,16310,6443
2013-02-01,성당보성아파트앞,12277,3941
2013-02-01,성당시장건너,24311,7236
2013-02-01,성당시장앞1,4042,889
2013-02-01,성당시장앞2,27817,4328
2013-02-01,성당초교앞,661,171
2013-02-01,성당코오롱하늘채,6924,1154
2013-02-01,성당코오롱하늘채2,10609,5035
2013-02-01,성당포스코더샵건너,4887,925
2013-02-01,성당포스코더샵앞,12674,1182
2013-02-01,성동건너,156,110
2013-02-01,성동마을건너,87,27
2013-02-01,성동마을앞,356,9
2013-02-01,성동앞,131,79
2013-02-01,성동초등학교건너,10902,2305
2013-02-01,성동초등학교앞,12882,2014
2013-02-01,성동탱자나무마을건너,29,3
2013-02-01,성동탱자나무마을앞,83,6
2013-02-01,성림첨단산업건너,25,3
2013-02-01,성림첨단산업앞,231,3
2013-02-01,성명119안전센터건너1,3337,1208
2013-02-01,성명119안전센터앞,1519,487
2013-02-01,성명여자중학교,352,20
2013-02-01,성모여성병원건너,31933,10296
2013-02-01,성모여성병원앞,30115,25553
2013-02-01,성보교통,1897,288
2013-02-01,성북교1,9972,3543
2013-02-01,성북교2,6740,3400
2013-02-01,성북시장건너,2425,701
2013-02-01,성북시장앞,10293,825
2013-02-01,성산3동,0,9
2013-02-01,성산리1,43,107
2013-02-01,성산리2,821,55
2013-02-01,성산중학교앞,1349,62
2013-02-01,성산초등학교앞,433,106
2013-02-01,성서119안전센터건너,458,7333
2013-02-01,성서119안전센터앞,13612,292
2013-02-01,성서4차산업단지앞1,599,125
2013-02-01,성서공단물류센터,372,8
2013-02-01,성서농협남부지소,12421,2431
2013-02-01,성서동서서한타운건너,2448,431
2013-02-01,성서동서서한타운앞,4885,300
2013-02-01,성서보성타운2차건너1,5332,419
2013-02-01,성서보성타운2차건너2,1198,143
2013-02-01,성서보성타운2차앞,6130,1158
2013-02-01,성서산업단지역(1번출구),5007,4303
2013-02-01,성서산업단지역(2번출구),10798,2451
2013-02-01,성서서한2차타운1,6837,275
2013-02-01,성서서한2차타운2,282,260
2013-02-01,성서우방2차아파트,1279,407
2013-02-01,성서우방타운건너,21334,2258
2013-02-01,성서우방타운앞,11191,4825
2013-02-01,성서우체국건너,2297,906
2013-02-01,성서우체국앞,453,599
2013-02-01,성서종합시장건너,17480,6240
2013-02-01,성서종합시장앞,39514,11888
2013-02-01,성서주공1단지건너,8223,1368
2013-02-01,성서주공1단지앞,2414,853
2013-02-01,성서주공2단지건너,13555,6696
2013-02-01,성서주공2단지앞,30868,2497
2013-02-01,성서주공5단지앞,258,228
2013-02-01,성서청구타운건너,8263,503
2013-02-01,성서청구타운앞,5567,509
2013-02-01,성서초등학교건너,4707,861
2013-02-01,성서초등학교앞,2338,798
2013-02-01,성서푸른마을아파트건너,7639,388
2013-02-01,성서푸른마을아파트앞,2076,569
2013-02-01,성서한샘타운앞,1448,149
2013-02-01,성서협업단지건너,140,2
2013-02-01,성서협업단지앞,3,11
2013-02-01,성요셉요양병원건너,115,91
2013-02-01,성요셉요양병원앞,1202,42
2013-02-01,성원아파트건너,1312,307
2013-02-01,성원아파트앞,7233,222
2013-02-01,성주사건너,91,6
2013-02-01,성주사앞,16,42
2013-02-01,성지중학교건너,4008,1320
2013-02-01,성지중학교앞,6045,1819
2013-02-01,성하리,8,37
2013-02-01,성화여고건너,8667,1393
2013-02-01,성화여고앞,4610,1652
2013-02-01,세강병원앞,8649,7858
2013-02-01,세원정공건너,9809,461
2013-02-01,세원정공앞,1343,5191
2013-02-01,세천리2,218,31
2013-02-01,세천리3,759,24
2013-02-01,세흥인쇄,932,53
2013-02-01,소선여중건너,6081,1564
2013-02-01,솔렌스힐건너,4865,458
2013-02-01,솔렌스힐앞,3176,366
2013-02-01,솔밭기세길건너,2,5
2013-02-01,솔밭기세길입구,58,0
2013-02-01,솔비식당입구,5,8
2013-02-01,솔비식당입구맞은편,220,1
2013-02-01,송원맨션건너,8752,341
2013-02-01,송원맨션앞,1851,1186
2013-02-01,송정1동,2,5
2013-02-01,송정동1,43,5
2013-02-01,송정동2,12,0
2013-02-01,송정동3,72,23
2013-02-01,송정동4,7,1
2013-02-01,송정마을1,12,8
2013-02-01,송정마을2,124,0
2013-02-01,송정삼거리1,359,359
2013-02-01,송정삼거리2,282,176
2013-02-01,송정삼거리3,3620,4140
2013-02-01,송정삼거리4,2472,1066
2013-02-01,송해공원,9,9
2013-02-01,송현1동치안센터건너,6253,971
2013-02-01,송현2동주민센터건너,671,118
2013-02-01,송현공원건너,369,79
2013-02-01,송현공원앞,650,145
2013-02-01,송현교,897,78
2013-02-01,송현교2,62,20
2013-02-01,송현여중고교건너,1919,288
2013-02-01,송현여중고교앞,2833,671
2013-02-01,송현역(1번출구),10583,3558
2013-02-01,송현역(2번출구),14847,2413
2013-02-01,송현역(3번출구),16711,4692
2013-02-01,송현역(4번출구),6399,2944
2013-02-01,송현제림타운건너,4914,2049
2013-02-01,송현제림타운앞,3331,686
2013-02-01,송현초등학교건너,3235,596
2013-02-01,송현초등학교앞,7152,405
2013-02-01,수리리,63,1
2013-02-01,수성4가동주민센터앞,703,77
2013-02-01,수성경찰서건너,20626,6658
2013-02-01,수성경찰서앞,16049,6978
2013-02-01,수성고등학교건너,4649,257
2013-02-01,수성고등학교앞,2524,349
2013-02-01,수성관광호텔건너,2129,288
2013-02-01,수성관광호텔앞,1298,248
2013-02-01,수성교1,5178,2066
2013-02-01,수성교2,10897,1339
2013-02-01,수성구민운동장건너,8343,2066
2013-02-01,수성구민운동장앞,5701,3127
2013-02-01,수성구보건소건너,23881,3504
2013-02-01,수성구보건소앞,8675,3818
2013-02-01,수성구청건너,26822,6352
2013-02-01,수성구청앞,22098,10965
2013-02-01,수성네거리1,12332,2566
2013-02-01,수성네거리2,11299,1989
2013-02-01,수성대학교건너,31842,10250
2013-02-01,수성대학교앞,16227,10825
2013-02-01,수성도서관건너,13344,1563
2013-02-01,수성도서관앞,5950,2337
2013-02-01,수성동삼익맨션앞,884,23
2013-02-01,수성동일하이빌앞,134,133
2013-02-01,수성랜드1,2157,151
2013-02-01,수성랜드2,642,1060
2013-02-01,수성랜드건너,1399,385
2013-02-01,수성랜드건너2,286,135
2013-02-01,수성랜드앞,745,260
2013-02-01,수성롯데캐슬건너,11643,1853
2013-02-01,수성롯데캐슬앞,17325,2958
2013-02-01,수성못건너,644,137
2013-02-01,수성못앞,769,213
2013-02-01,수성못오거리1,9680,3221
2013-02-01,수성못오거리2,9021,5632
2013-02-01,수성못오거리5,406,395
2013-02-01,수성못코오롱하늘채,4467,1564
2013-02-01,수성소방서1,1547,138
2013-02-01,수성소방서2,94,491
2013-02-01,수성시니어클럽건너,2054,703
2013-02-01,수성시니어클럽앞,5965,697
2013-02-01,수성시장건너,2309,534
2013-02-01,수성시장네거리1,10850,2555
2013-02-01,수성시장네거리2,13352,6581
2013-02-01,수성시장앞,2557,1060
2013-02-01,수성아트피아건너,6583,877
2013-02-01,수성아트피아앞,648,1946
2013-02-01,수성요양병원,647,144
2013-02-01,수성월드메르디앙건너,395,44
2013-02-01,수성월드메르디앙앞,618,55
2013-02-01,수성초등학교,8633,2683
2013-02-01,수성태영데시앙건너,1425,331
2013-02-01,수성태영데시앙앞,3052,508
2013-02-01,수성하이츠,2358,275
2013-02-01,수정맨션앞,1914,194
2013-02-01,수창초등학교,6449,1736
2013-02-01,스파밸리1,145,475
2013-02-01,스파밸리2,5953,62
2013-02-01,시립희망원,1530,456
2013-02-01,시민교회건너,998,120
2013-02-01,시민교회앞,486,109
2013-02-01,시민운동장(야구장건너),2082,315
2013-02-01,시민운동장(야구장앞),1731,412
2013-02-01,시민운동장(축구장건너),2942,1689
2013-02-01,시민운동장(축구장앞),3209,928
2013-02-01,시지(종점),246,389
2013-02-01,시지대성유니드건너,888,106
2013-02-01,시지대성유니드앞,1639,153
2013-02-01,시지보성아파트앞,21054,6834
2013-02-01,시지중학교,21822,931
2013-02-01,시지천마타운앞,4235,1117
2013-02-01,시청별관건너1,7493,2387
2013-02-01,시청별관건너2,5498,1769
2013-02-01,시청별관앞(구.경북도청),4421,2623
2013-02-01,신기리1,20,34
2013-02-01,신기리2,295,4
2013-02-01,신기역(화성타운건너),7776,2390
2013-02-01,신기역(화성타운앞),12239,2530
2013-02-01,신남역(1번출구),3623,1313
2013-02-01,신당동주민센터건너,1780,824
2013-02-01,신당동주민센터앞,7796,475
2013-02-01,신당리,4096,6
2013-02-01,신덕마을입구,0,50
2013-02-01,신도운수건너,933,83
2013-02-01,신도운수앞,992,58
2013-02-01,신매광장건너,37001,14494
2013-02-01,신매광장앞,41950,11671
2013-02-01,신매시장,5863,2933
2013-02-01,신매초등학교건너,8479,2856
2013-02-01,신매초등학교앞,7465,1088
2013-02-01,신매태성아파트,72,323
2013-02-01,신매태성아파트건너,5463,274
2013-02-01,신무동1,443,0
2013-02-01,신무동2,1,3
2013-02-01,신생원앞,27,0
2013-02-01,신서성당건너,4582,82
2013-02-01,신서성당앞,5,166
2013-02-01,신성에스앤티건너,84,19
2013-02-01,신성에스앤티앞,347,13
2013-02-01,신성중공업건너,13,55
2013-02-01,신성중공업앞,266,0
2013-02-01,신성초등학교건너,3811,1916
2013-02-01,신성초등학교앞,6231,860
2013-02-01,신세계병원건너,19156,9784
2013-02-01,신세계병원앞,19701,6980
2013-02-01,신세계주유소건너,5728,269
2013-02-01,신세계주유소앞,818,622
2013-02-01,신세월입구,40,0
2013-02-01,신신정비공장1,8718,4252
2013-02-01,신신정비공장2,27253,11555
2013-02-01,신암건영캐스빌건너,3616,235
2013-02-01,신암건영캐스빌앞,896,95
2013-02-01,신암보성아파트건너,1380,375
2013-02-01,신암보성아파트앞,994,261
2013-02-01,신암초등학교건너,3617,1303
2013-02-01,신천3동행정복지센터건너,3074,493
2013-02-01,신천3동행정복지센터앞,1661,560
2013-02-01,신천3치안센터건너,3890,962
2013-02-01,신천3치안센터앞,3779,1827
2013-02-01,신천LH아파트건너,7426,1387
2013-02-01,신천LH아파트앞,10737,1302
2013-02-01,신천교1,1670,365
2013-02-01,신천교2,1301,204
2013-02-01,신천시장건너,2568,676
2013-02-01,신천시장앞,3549,568
2013-02-01,신천역(2번출구),3416,2283
2013-02-01,신천역(3번출구),1884,1231
2013-02-01,신천역(4번출구),5043,2474
2013-02-01,신천역(5번출구),7250,2688
2013-02-01,신천초등학교건너,538,67
2013-02-01,신천초등학교앞,281,55
2013-02-01,신평동1,286,597
2013-02-01,신평동2,1050,198
2013-02-01,신평리네거리1,20996,7063
2013-02-01,신평리네거리2,23602,8153
2013-02-01,신평리주유소건너,1387,175
2013-02-01,신평리주유소앞,530,148
2013-02-01,신흥버스,11862,3141
2013-02-01,실내체육관건너,3360,524
2013-02-01,실내체육관앞,3836,518
2013-02-01,심신수련장입구건너,786,139
2013-02-01,심신수련장입구앞,534,68
2013-02-01,심인고등학교건너,19127,1356
2013-02-01,심인고등학교앞,10195,1700
2013-02-01,쌍용머티리얼,1657,40
2013-02-01,아너스월성앞,1739,565
2013-02-01,아멕스,462,22
2013-02-01,아멕스건너,682,32
2013-02-01,아양교1,3294,1124
2013-02-01,아양교2,12239,4856
2013-02-01,아양교3,3194,7456
2013-02-01,아양교4,5020,546
2013-02-01,아양교역(1번출구),58855,78450
2013-02-01,아양교역(2번출구),95306,24685
2013-02-01,아양아트센터건너,2858,186
2013-02-01,아양아트센터앞,755,466
2013-02-01,아주섬유건너,1,12
2013-02-01,아주섬유앞,121,0
2013-02-01,아주철강건너,66,2
2013-02-01,아주철강앞,82,1
2013-02-01,안심교(경산방향),327,142
2013-02-01,안심교(반야월방향),288,1572
2013-02-01,안심신우타운앞,1387,830
2013-02-01,안심역(4번출구),33837,856
2013-02-01,안심역(5번출구),3181,33301
2013-02-01,안심주공1단지건너,11384,546
2013-02-01,안심주공1단지앞,4075,731
2013-02-01,안심주공2단지앞,4460,728
2013-02-01,안심중학교건너,1370,761
2013-02-01,안심중학교앞,2724,1592
2013-02-01,안심효성타운건너,10212,2510
2013-02-01,안심효성타운앞,18506,3826
2013-02-01,안지랑네거리1,24458,6137
2013-02-01,안지랑네거리2,21769,16002
2013-02-01,앞산공원,8398,3550
2013-02-01,앞산공원관리사무소건너,248,3
2013-02-01,앞산공원관리사무소앞,5,296
2013-02-01,앞산궁도장건너,667,92
2013-02-01,앞산궁도장앞,215,56
2013-02-01,앞산별자리체험학습장1,2771,22
2013-02-01,앞산별자리체험학습장2,114,405
2013-02-01,앞산보성타운건너,10,65
2013-02-01,앞산보성타운앞,3295,7
2013-02-01,앞산빨래터공원,246,95
2013-02-01,앞산빨래터공원1,526,52
2013-02-01,앞산자락카페마실건너,41,40
2013-02-01,앞산자락카페마실앞,879,465
2013-02-01,앞산청구제네스건너,6401,1614
2013-02-01,앞산청구제네스앞,14343,1246
2013-02-01,앞산힐스테이트건너,2321,193
2013-02-01,앞산힐스테이트앞,1115,294
2013-02-01,약령시건너(동성로입구),199566,34404
2013-02-01,약령시앞,156443,71164
2013-02-01,약령시입구,2684,3072
2013-02-01,약사회관건너,236,59
2013-02-01,약사회관앞,744,38
2013-02-01,약산온천,1,0
2013-02-01,약산온천입구,2824,71
2013-02-01,양지마을건너,9,296
2013-02-01,양지마을앞,5329,3
2013-02-01,어린이회관건너1,3492,2172
2013-02-01,어린이회관건너2,75,138
2013-02-01,어린이회관앞,7940,1897
2013-02-01,에이스이노텍건너,166,17
2013-02-01,에이스이노텍앞,87,6
2013-02-01,엑스코건너,2963,1422
2013-02-01,엑스코앞,10355,732
2013-02-01,엘디스리젠트호텔건너,3322,1444
2013-02-01,엘디스리젠트호텔앞,5261,2146
2013-02-01,여성메디파크,2992,556
2013-02-01,역전시장건너,4783,796
2013-02-01,역전시장앞,4701,802
2013-02-01,연경1,69,20
2013-02-01,연경2,300,1
2013-02-01,연암네거리1,16622,8568
2013-02-01,연암네거리2,4091,490
2013-02-01,연암네거리3,487,521
2013-02-01,연젓마을건너,4,0
2013-02-01,연젓마을입구,3,2
2013-02-01,연호동,4,3
2013-02-01,연호동(종점),30,0
2013-02-01,연호동화훼단지1,2961,3453
2013-02-01,연호동화훼단지2,5877,1761
2013-02-01,연호역(3번출구),35,7
2013-02-01,연호역(3번출구)건너,1,57
2013-02-01,연호지,202,219
2013-02-01,연화리1,17,4
2013-02-01,연화리2,1,24
2013-02-01,열병합발전소앞,0,1
2013-02-01,영남고등학교건너,13442,24601
2013-02-01,영남고등학교앞,35873,6295
2013-02-01,영남네오빌건너,954,38
2013-02-01,영남네오빌비스타,1232,193
2013-02-01,영남네오빌앞,339,100
2013-02-01,영남농업연구소콩연구,2,4
2013-02-01,영남우방타운1차건너,3333,330
2013-02-01,영남우방타운1차앞,5285,286
2013-02-01,영남이공대학건너,10488,2514
2013-02-01,영남이공대학앞,19972,1554
2013-02-01,영남일보건너,2827,422
2013-02-01,영남종합전기,271,13
2013-02-01,영대병원역,36411,3418
2013-02-01,영대병원역(3번출구),28189,28413
2013-02-01,영일무역건너,416,5
2013-02-01,영일무역앞,54,10
2013-02-01,영조아파트건너,6,102
2013-02-01,영조아파트앞,1575,5
2013-02-01,영진고등학교건너,20438,3427
2013-02-01,영진고등학교앞,29912,18747
2013-02-01,영진산업,319,1
2013-02-01,영진전문대학정문건너,6702,2041
2013-02-01,영진전문대학정문앞,14081,2022
2013-02-01,영진전문대학후문건너,24584,5059
2013-02-01,영진전문대학후문앞,37681,12033
2013-02-01,영화,616,33
2013-02-01,예현2리마을회관,177,0
2013-02-01,오2리(음지머구),134,0
2013-02-01,오뚜기물류센터,139,7
2013-02-01,오리(양지마을),212,0
2013-02-01,오설리,18,3
2013-02-01,오성아파트,155,4584
2013-02-01,오페라삼정그린코아APT,14957,3042
2013-02-01,오페라하우스건너,1326,222
2013-02-01,오페라하우스앞,1178,120
2013-02-01,옥분리(구진터),132,2
2013-02-01,옥분리1,16,27
2013-02-01,옥분리마을회관앞,397,5
2013-02-01,옥산정미소,177,5
2013-02-01,옥연지,10,3
2013-02-01,옥연지건너,159,1
2013-02-01,옥포간경리1,1017,784
2013-02-01,옥포간경리2,7843,308
2013-02-01,옥포농협,257,16
2013-02-01,옥포농협강림지소건너,733,405
2013-02-01,옥포농협강림지소앞,3788,196
2013-02-01,옥포농협건너,2918,279
2013-02-01,옥포농협앞,604,484
2013-02-01,옥포무지개마을,2539,101
2013-02-01,옥포주유소앞,779,108
2013-02-01,옥포중앙교회앞,207,90
2013-02-01,옥포초등학교건너,640,535
2013-02-01,옥포초등학교앞,6737,458
2013-02-01,올림픽기념관건너,6632,3443
2013-02-01,올림픽기념관앞,12003,4276
2013-02-01,와룡공원건너,408,230
2013-02-01,와룡공원앞,1119,96
2013-02-01,와룡시장,3057,292
2013-02-01,와룡시장건너,1802,816
2013-02-01,용계동1,85,75
2013-02-01,용계동2,516,34
2013-02-01,용계동3,163,49
2013-02-01,용계동4,2662,57
2013-02-01,용계삼거리1,8874,6366
2013-02-01,용계삼거리2,2898,860
2013-02-01,용계삼거리3,635,758
2013-02-01,용계삼거리4,441,308
2013-02-01,용계역(1번출구),9149,10265
2013-02-01,용계역(2번출구),6330,1609
2013-02-01,용산1동주민센터건너,9240,1395
2013-02-01,용산1동주민센터앞,3480,786
2013-02-01,용산2동주민센터건너,2325,688
2013-02-01,용산2동주민센터건너2,1826,1247
2013-02-01,용산2동주민센터앞,30075,2261
2013-02-01,용산네거리1,19185,3523
2013-02-01,용산네거리2,9219,7319
2013-02-01,용산역,1099,201
2013-02-01,용산역(1번출구),46620,9934
2013-02-01,용산역(2번출구),34117,10654
2013-02-01,용산종합큰시장건너,12198,1217
2013-02-01,용산종합큰시장앞,6653,1617
2013-02-01,용수동1,5,7
2013-02-01,용수동2,462,0
2013-02-01,용연사,107,3
2013-02-01,용연사시설집단지구건너,62,0
2013-02-01,용연사시설집단지구앞,4,7
2013-02-01,우록리,1344,2
2013-02-01,우록리(부곡장식당),5,5
2013-02-01,우록리(선흥사입구),0,3
2013-02-01,우록리(종점),388,17
2013-02-01,우방강촌마을건너,28276,3529
2013-02-01,우방강촌마을앞,10238,4897
2013-02-01,우방금탑아파트(서편),3036,5206
2013-02-01,우방드림시티건너,2675,2052
2013-02-01,우방드림시티앞,6820,707
2013-02-01,우방만촌하이츠건너,13781,988
2013-02-01,우방만촌하이츠앞,3800,1609
2013-02-01,우방송현하이츠,576,71
2013-02-01,우방송현하이츠건너,308,31
2013-02-01,우방신세계타운앞,836,85
2013-02-01,우방신천지타운건너,3304,1534
2013-02-01,우방신천지타운앞,10498,880
2013-02-01,우방아파트삼거리,266,328
2013-02-01,우방죽전타운건너,9134,5075
2013-02-01,우방죽전타운앞1,7384,1309
2013-02-01,우방죽전타운앞2,2093,786
2013-02-01,우방청솔맨션건너,13624,1658
2013-02-01,우방청솔맨션앞,15351,5457
2013-02-01,욱수초등학교건너,3525,2104
2013-02-01,욱수초등학교앞,23874,1088
2013-02-01,운암지공원1,295,5
2013-02-01,운암지공원2,12,75
2013-02-01,운암초등학교건너,10035,1030
2013-02-01,운암초등학교앞,10303,127
2013-02-01,웃갈미마을건너,239,2
2013-02-01,웃갈미마을앞,2,12
2013-02-01,웃는얼굴아트센터1,798,22
2013-02-01,웃는얼굴아트센터2,4,91
2013-02-01,원대네거리,775,157
2013-02-01,원대시장건너,19135,2520
2013-02-01,원대시장건너2,1785,1848
2013-02-01,원대시장앞,14388,8487
2013-02-01,원대역1,9653,9665
2013-02-01,원대역2,25469,2618
2013-02-01,원대오거리북편1,2303,832
2013-02-01,원대오거리북편2,902,381
2013-02-01,원불교앞,443,532
2013-02-01,월곡네거리,242,732
2013-02-01,월광수변공원,437,154
2013-02-01,월드컵삼거리,533,271
2013-02-01,월드컵삼거리앞,726,266
2013-02-01,월배농협대덕지점건너,2813,702
2013-02-01,월배시장건너,14185,3947
2013-02-01,월배시장앞,13201,3208
2013-02-01,월배쌍용예가건너,474,0
2013-02-01,월배쌍용예가앞,5,37
2013-02-01,월배역(3번출구),9461,4533
2013-02-01,월배역(4번출구),10387,1596
2013-02-01,월배이안아파트건너,99,0
2013-02-01,월배이안아파트앞,17,9
2013-02-01,월배중학교건너,1966,322
2013-02-01,월배중학교앞,826,497
2013-02-01,월배차량기지건너,1,15
2013-02-01,월배차량기지앞,164,22
2013-02-01,월배초등학교건너,11146,1350
2013-02-01,월배힐스테이트건너,1412,2
2013-02-01,월배힐스테이트앞,7,129
2013-02-01,월성1동주민센터건너,2099,472
2013-02-01,월성1동주민센터앞,3926,243
2013-02-01,월성2동주민센터건너,15046,2356
2013-02-01,월성2동주민센터앞,28058,1883
2013-02-01,월성e-편한세상건너,16385,3576
2013-02-01,월성e-편한세상앞,11464,4107
2013-02-01,월성영남맨션앞,651,184
2013-02-01,월성자이앞,1563,341
2013-02-01,월성주공2단지앞,10766,1151
2013-02-01,월성주공3단지,1475,447
2013-02-01,월성주공4단지건너,38314,3917
2013-02-01,월성주공4단지앞1,2858,140
2013-02-01,월성주공4단지앞2,19455,4868
2013-02-01,월성주공5단지앞,6011,4701
2013-02-01,월성청구코아건너,17840,1443
2013-02-01,월성청구코아앞,10637,1999
2013-02-01,월성코오롱하늘채건너,621,197
2013-02-01,월성코오롱하늘채앞,1792,61
2013-02-01,월성푸르지오앞,11666,1672
2013-02-01,월암교1,868,8
2013-02-01,월암교2,254,35
2013-02-01,월촌고가교1,368,244
2013-02-01,월촌고가교2,1759,130
2013-02-01,월촌역(6번출구),15574,3792
2013-02-01,월촌역(7번출구),8975,2349
2013-02-01,월촌초등학교건너,983,229
2013-02-01,월촌초등학교앞,1239,237
2013-02-01,위남마을입구,2742,167
2013-02-01,위천1리건너,304,53
2013-02-01,위천1리앞,1185,49
2013-02-01,위천삼거리(논공방향),205,31
2013-02-01,위천삼거리(현풍방향),170,37
2013-02-01,유가사(종점),289,7
2013-02-01,유가차천,1265,162
2013-02-01,유가차천1,337,211
2013-02-01,유곡리,2,0
2013-02-01,유곡리(회차지),19,0
2013-02-01,유니버시아드레포츠센터건너,2403,548
2013-02-01,유니버시아드선수촌2단지건너,14822,1197
2013-02-01,유니버시아드선수촌2단지앞,2735,878
2013-02-01,유림물산,1575,136
2013-02-01,유림한의원건너,109,145
2013-02-01,유산리,96,1
2013-02-01,유신섬유네거리1,631,143
2013-02-01,유신섬유네거리2,2288,78
2013-02-01,유천교(유천치안센터건너),10011,4455
2013-02-01,유천교(유천치안센터앞),16192,11847
2013-02-01,유천교1,8980,757
2013-02-01,유천교2,1954,4648
2013-02-01,유천포스코건너,3311,296
2013-02-01,유천포스코앞,4875,1952
2013-02-01,유통단지회차지,346,330
2013-02-01,유통단지회차지2,2564,151
2013-02-01,육신사,79,9
2013-02-01,율원초등학교건너,54,498
2013-02-01,율원초등학교앞,2464,37
2013-02-01,율하역,563,2090
2013-02-01,율하역(4번출구),5469,2097
2013-02-01,율하역(5번출구),9122,1267
2013-02-01,율하휴먼시아15단지앞,3808,783
2013-02-01,율하휴먼시아5단지건너,129,174
2013-02-01,율하휴먼시아5단지앞,2379,87
2013-02-01,율하휴먼시아6단지건너,1004,505
2013-02-01,율하휴먼시아6단지앞,9042,150
2013-02-01,율하휴먼시아8단지앞,7379,133
2013-02-01,율하휴먼시아9단지앞,1204,419
2013-02-01,은하타운건너,1916,755
2013-02-01,은하타운앞,1466,521
2013-02-01,은행APT입구,372,111
2013-02-01,읍내동주민센터건너,5095,3548
2013-02-01,읍내동주민센터앞,264,293
2013-02-01,응암1리1,8,0
2013-02-01,응암1리2,2,0
2013-02-01,응암2리,50,0
2013-02-01,응암2리건너,61,16
2013-02-01,응암2리앞,6,13
2013-02-01,응암3리1,1,0
2013-02-01,응암3리2,142,0
2013-02-01,응암3리입구,2,0
2013-02-01,이곡1동주민센터건너,7113,629
2013-02-01,이곡1동주민센터앞,2437,1322
2013-02-01,이곡마을,336,0
2013-02-01,이곡양수장건너,44,22
2013-02-01,이곡양수장앞,167,105
2013-02-01,이곡장미공원건너,2092,408
2013-02-01,이곡장미공원앞,3537,522
2013-02-01,이마트경산점,8976,1841
2013-02-01,이마트반야월점건너,1192,351
2013-02-01,이마트반야월점앞,2570,507
2013-02-01,이마트시지점건너,3571,1856
2013-02-01,이마트시지점앞,406,719
2013-02-01,이마트월배점건너,4765,1924
2013-02-01,이마트월배점앞,6177,1171
2013-02-01,이마트칠성점앞,22960,3993
2013-02-01,이마트트레이더스건너,8038,3389
2013-02-01,이마트트레이더스앞,20535,6955
2013-02-01,이시아폴리스더샵1단지,3170,214
2013-02-01,이시아폴리스더샵2단지,685,693
2013-02-01,이월드(구.우방랜드)건너,1269,147
2013-02-01,이월드(구.우방랜드)앞,404,353
2013-02-01,이월드(구.우방랜드)정문,2859,2436
2013-02-01,이월드(구.우방랜드)후문건너,2680,356
2013-02-01,이월드(구.우방랜드)후문앞,1705,281
2013-02-01,이천동,8,1
2013-02-01,이천동(종점),73,0
2013-02-01,이천리(시내방향),115,5
2013-02-01,이천리(시외방향),139,1
2013-02-01,이천새마을금고건너,15343,767
2013-02-01,이천치안센터건너,1457,986
2013-02-01,이현고개삼거리,1,0
2013-02-01,이현삼거리1,74,126
2013-02-01,이현삼거리2,688,122
2013-02-01,이현삼거리3,3084,544
2013-02-01,이현자동차검사소건너,1281,72
2013-02-01,이현자동차검사소앞,670,66
2013-02-01,이현지구대건너,764,158
2013-02-01,이현지구대앞,468,109
2013-02-01,인동촌시장건너,2458,1105
2013-02-01,인동촌시장입구,10934,604
2013-02-01,인산마을건너,844,18
2013-02-01,인산마을앞,21,43
2013-02-01,인지초등학교입구,6,0
2013-02-01,일심제약,98,14
2013-02-01,입석중학교건너,10561,1331
2013-02-01,입석중학교앞,3516,1290
2013-02-01,잉꼬아파트건너,589,176
2013-02-01,잉꼬아파트앞,1450,373
2013-02-01,자모공원,6,0
2013-02-01,장관빌라건너,1244,101
2013-02-01,장관빌라앞,836,213
2013-02-01,장기영남네오빌,26,86
2013-02-01,장기초등학교,1172,69
2013-02-01,장기초등학교1,10,43
2013-02-01,장기초등학교2,77,0
2013-02-01,장기초록나라건너,2353,1373
2013-02-01,장기초록나라앞,7527,519
2013-02-01,장기파랑새마을앞,58,133
2013-02-01,장동초등학교건너,2725,14
2013-02-01,장동초등학교앞,75,270
2013-02-01,장산초등학교건너,464,93
2013-02-01,장산초등학교앞,747,56
2013-02-01,장성초등학교건너,348,2286
2013-02-01,장성초등학교앞,413,681
2013-02-01,장태실마을건너,210,1
2013-02-01,장태실마을앞,3,9
2013-02-01,적십자혈액원건너,3598,427
2013-02-01,적십자혈액원앞,1980,448
2013-02-01,전기안전공사건너,1075,2449
2013-02-01,전기안전공사앞,2327,221
2013-02-01,전기재료관1,491,133
2013-02-01,전기재료관2,211,137
2013-02-01,전자관,4014,1062
2013-02-01,전자상가,10115,968
2013-02-01,정대1리(바깥매남),48,0
2013-02-01,정대1리(안매남),54,0
2013-02-01,정대2리마을회관앞,86,10
2013-02-01,정대리(대구미술광장),106,0
2013-02-01,정대숲,126,0
2013-02-01,정대숲건너,0,3
2013-02-01,정대숲앞,297,0
2013-02-01,정동고등학교건너,4210,1485
2013-02-01,정동고등학교앞,10187,751
2013-02-01,정부대구지방합동청사건너,232,17
2013-02-01,정부대구지방합동청사앞,40,47
2013-02-01,정부대구지방합동청사후문1,208,43
2013-02-01,정화우방팔레스,10950,10293
2013-02-01,정화우방팔레스건너,19450,4084
2013-02-01,제일규산,2741,226
2013-02-01,제일여자상업고등학교건너,18395,6392
2013-02-01,제일여자상업고등학교앞,24728,4370
2013-02-01,조달청건너,3051,1133
2013-02-01,조달청앞,9293,410
2013-02-01,조암네거리1,1487,22
2013-02-01,조암네거리2,282,151
2013-02-01,조암초등학교건너,19,6
2013-02-01,조암초등학교앞,92,0
2013-02-01,조야동(종점),10083,349
2013-02-01,조일로봇고등학교(종점),3707,203
2013-02-01,주1리1,35,32
2013-02-01,주1리2,503,21
2013-02-01,주2리(최정사입구),5,11
2013-02-01,주2리1,150,3
2013-02-01,주리(삼진식당),17,4
2013-02-01,죽곡2지구1,9,0
2013-02-01,죽곡2지구2,22,11
2013-02-01,죽전119안전센터건너,3230,912
2013-02-01,죽전119안전센터앞,4416,670
2013-02-01,죽전그린빌건너,2862,1551
2013-02-01,죽전그린빌앞,10501,1247
2013-02-01,죽전네거리1,28673,3712
2013-02-01,죽전네거리2,13215,8119
2013-02-01,중구보건소건너,2704,1665
2013-02-01,중구보건소앞,1937,721
2013-02-01,중구청건너,22618,6002
2013-02-01,중구청앞,24580,8615
2013-02-01,중대1동회관앞,1427,5
2013-02-01,중동교1,3538,1785
2013-02-01,중동교2,1032,190
2013-02-01,중동네거리1,6142,573
2013-02-01,중동네거리2,2964,1411
2013-02-01,중동서울아파트건너,140,98
2013-02-01,중동서울아파트앞,1224,40
2013-02-01,중동시장건너,14842,8285
2013-02-01,중동시장앞,22512,5217
2013-02-01,중동주민센터건너,525,138
2013-02-01,중동주민센터앞,333,93
2013-02-01,중동치안센터건너,1535,54
2013-02-01,중동치안센터앞,398,172
2013-02-01,중리광명맨션건너,11385,2002
2013-02-01,중리광명맨션앞,8413,1935
2013-02-01,중리네거리1,5733,1327
2013-02-01,중리네거리2,3393,1601
2013-02-01,중리롯데캐슬건너,10319,1517
2013-02-01,중리롯데캐슬서편,3262,1036
2013-02-01,중리롯데캐슬앞,13628,2132
2013-02-01,중리롯데캐슬정문앞,471,96
2013-02-01,중리마을,3040,3
2013-02-01,중리삼거리1,18,69
2013-02-01,중리삼거리2,895,7
2013-02-01,중리시장건너1,251,169
2013-02-01,중리시장건너2,817,42
2013-02-01,중리시장앞,7287,2131
2013-02-01,중리중학교,501,87
2013-02-01,중마을(갓바위방향),3,65
2013-02-01,중마을(시내방향),647,3
2013-02-01,중부소방서건너,3211,355
2013-02-01,중부소방서앞,6425,518
2013-02-01,중석타운건너,87,214
2013-02-01,중석타운앞,9106,190
2013-02-01,중소기업관건너,41,140
2013-02-01,중소기업관앞,1124,24
2013-02-01,중소기업지원센터,452,71
2013-02-01,중심마을,235,6
2013-02-01,중앙일보건너,1313,839
2013-02-01,중앙일보앞,4980,143
2013-02-01,지묘동1,2269,590
2013-02-01,지묘동2,6341,197
2013-02-01,지묘초등학교건너,8564,287
2013-02-01,지묘초등학교앞,711,187
2013-02-01,지산2길입구,377,6
2013-02-01,지산2길입구건너,249,12
2013-02-01,지산동서맨션건너,5988,2281
2013-02-01,지산동서맨션앞,20483,1660
2013-02-01,지산목련아파트건너,23669,2228
2013-02-01,지산목련아파트앞,9144,4202
2013-02-01,지산시영아파트1단지건너,1329,512
2013-02-01,지산시영아파트1단지앞,5631,235
2013-02-01,지산영남맨션앞,2809,613
2013-02-01,지산우방아파트,5284,430
2013-02-01,지산중학교입구,645,179
2013-02-01,지산청구타운건너,2217,1647
2013-02-01,지산청구타운앞,17413,396
2013-02-01,지산타운건너,17978,1235
2013-02-01,지산타운앞,3090,4835
2013-02-01,지산한라타운건너,20683,407
2013-02-01,지산한라타운앞,2641,1832
2013-02-01,지산현대주택건너,4653,1030
2013-02-01,지산현대주택앞,9357,679
2013-02-01,지산화성파크드림,1685,124
2013-02-01,지저동행정복지센터건너,19852,1095
2013-02-01,지저동행정복지센터앞,3484,1173
2013-02-01,진달래아파트건너,5809,2213
2013-02-01,진달래아파트앞,13344,1668
2013-02-01,진월초등학교건너,1736,258
2013-02-01,진월초등학교앞,455,174
2013-02-01,진인동(양지마을)건너,9,9
2013-02-01,진인동(양지마을)앞,102,0
2013-02-01,진인동(진정마을)1,114,12
2013-02-01,진인동(진정마을)2,1,0
2013-02-01,진정마을1,1276,19
2013-02-01,진정마을2,72,37
2013-02-01,진천역(1번출구),35408,6998
2013-02-01,진천역(2번출구),17552,10562
2013-02-01,진천청구타운건너,880,594
2013-02-01,진천청구타운앞,2267,342
2013-02-01,징리보건소,302,0
2013-02-01,차량등록사업소건너,1785,219
2013-02-01,차량등록사업소앞,787,90
2013-02-01,창1리1,1,5
2013-02-01,창1리2,106,8
2013-02-01,천내우방1차,1,0
2013-02-01,청구고등학교건너,14681,2073
2013-02-01,청구고등학교앞,20914,3798
2013-02-01,청구그린맨션1차건너,12195,2042
2013-02-01,청구그린맨션1차앞,12767,1657
2013-02-01,청구시장건너,5867,756
2013-02-01,청구시장건너2,450,93
2013-02-01,청구시장북편,1568,390
2013-02-01,청구시장북편건너,2815,226
2013-02-01,청구시장앞,5533,1192
2013-02-01,청구중동아파트,418,96
2013-02-01,청구타운건너,1107,451
2013-02-01,청구타운앞,1123,208
2013-02-01,청기와주유소건너,7902,2587
2013-02-01,청기와주유소앞,12722,5618
2013-02-01,청남타운건너,1282,22
2013-02-01,청남타운앞,359,387
2013-02-01,청백다례원,1257,291
2013-02-01,청소년수련원건너,295,41
2013-02-01,청소년수련원앞,539,194
2013-02-01,청아람푸르지오2단지1,11,1
2013-02-01,청아람푸르지오2단지2,55,1
2013-02-01,청운맨션건너,1720,165
2013-02-01,청운맨션앞,901,328
2013-02-01,충혼탑건너,3465,48
2013-02-01,충혼탑앞,95,391
2013-02-01,측백수림건너,513,2
2013-02-01,측백수림앞,8,4
2013-02-01,칠곡2차영남타운건너,2392,636
2013-02-01,칠곡2차영남타운앞,4051,220
2013-02-01,칠곡3차보성타운1,880,423
2013-02-01,칠곡3차보성타운2,5278,410
2013-02-01,칠곡3차화성타운1,4366,18
2013-02-01,칠곡3차화성타운2,9238,155
2013-02-01,칠곡3차화성타운3,48,234
2013-02-01,칠곡경대병원역,31,108
2013-02-01,칠곡경북대병원,411,244
2013-02-01,칠곡경북대병원정문건너,241,267
2013-02-01,칠곡경북대병원정문앞,3843,37
2013-02-01,칠곡경북대병원후문건너,23,318
2013-02-01,칠곡경북대병원후문앞,4301,8
2013-02-01,칠곡그린빌2차건너,22604,859
2013-02-01,칠곡그린빌2차앞,1274,2098
2013-02-01,칠곡그린빌3차건너,13788,251
2013-02-01,칠곡그린빌3차앞,331,1325
2013-02-01,칠곡그린빌5단지건너,2419,165
2013-02-01,칠곡그린빌5단지앞,2546,351
2013-02-01,칠곡그린빌6단지건너,834,50
2013-02-01,칠곡그린빌6단지앞,181,84
2013-02-01,칠곡그린파크1,8008,3048
2013-02-01,칠곡그린파크2,17707,1894
2013-02-01,칠곡네스빌,166,131
2013-02-01,칠곡대백맨션건너,5128,31
2013-02-01,칠곡대백맨션앞,218,486
2013-02-01,칠곡동화아파트건너,3484,1441
2013-02-01,칠곡동화아파트앞,15208,997
2013-02-01,칠곡롯데아파트건너,40,170
2013-02-01,칠곡롯데아파트앞,2997,14
2013-02-01,칠곡부영1단지,4386,250
2013-02-01,칠곡서한맨션,1176,6
2013-02-01,칠곡서한맨션앞,88,549
2013-02-01,칠곡시장건너,12335,970
2013-02-01,칠곡시장앞,1783,1261
2013-02-01,칠곡에덴타운건너,27796,6413
2013-02-01,칠곡에덴타운앞,22398,8274
2013-02-01,칠곡우방타운건너(종점),948,9
2013-02-01,칠곡우방타운건너(종점),2616,72
2013-02-01,칠곡우방타운앞(종점),573,250
2013-02-01,칠곡주공그린빌1단지건너,2205,492
2013-02-01,칠곡주공그린빌1단지앞,6396,385
2013-02-01,칠곡중학교건너(칠곡향교건너),1538,648
2013-02-01,칠곡중학교앞(칠곡향교앞),19392,1755
2013-02-01,칠곡청구타운건너,429,437
2013-02-01,칠곡청구타운앞,4334,194
2013-02-01,칠곡초등학교건너,236,114
2013-02-01,칠곡초등학교앞,730,126
2013-02-01,칠곡한라타운건너,5243,86
2013-02-01,칠곡한라타운앞,51,466
2013-02-01,칠곡한서타운건너,9009,348
2013-02-01,칠곡한신아파트건너,2117,116
2013-02-01,칠곡한신아파트앞1,8621,85
2013-02-01,칠곡한신아파트앞2,1084,113
2013-02-01,칠곡화성타운건너,7872,241
2013-02-01,칠곡화성타운앞1,6391,1134
2013-02-01,칠곡화성타운앞2,2528,802
2013-02-01,칠성고가도로하단,218,82
2013-02-01,칠성꽃도매시장건너,865,1012
2013-02-01,칠성꽃도매시장앞,2191,592
2013-02-01,칠성시장(농협건너),161,281
2013-02-01,칠성시장(농협앞),947,117
2013-02-01,칠성시장(양친회신협),3,140
2013-02-01,칠성시장(전자상가건너),5449,711
2013-02-01,칠성시장(전자상가앞),1339,2049
2013-02-01,칠성시장건너,38629,23347
2013-02-01,칠성시장앞1,50458,30463
2013-02-01,칠성시장역(서문프라자건너),2916,8772
2013-02-01,칠성시장역(서문프라자앞),16968,2719
2013-02-01,칠성우방타운,759,171
2013-02-01,침산3동주민센터,6905,983
2013-02-01,침산남영타운건너,3469,701
2013-02-01,침산남영타운앞,4860,299
2013-02-01,침산네거리1,10003,753
2013-02-01,침산네거리2,6002,1192
2013-02-01,침산동화타운건너,5431,73
2013-02-01,침산동화타운앞,429,321
2013-02-01,침산변전소건너,9298,2959
2013-02-01,침산변전소앞,8147,3776
2013-02-01,침산중학교건너,2481,241
2013-02-01,침산중학교앞,4727,264
2013-02-01,침산초등학교건너,4055,1509
2013-02-01,침산초등학교앞,3075,265
2013-02-01,침산초등학교후문,340,43
2013-02-01,침산코오롱하늘채건너,7149,2095
2013-02-01,침산코오롱하늘채앞,20381,2679
2013-02-01,캐슬골드파크(1102동),23671,1821
2013-02-01,캐슬골드파크(1504동),11836,3386
2013-02-01,케이에스건너,6,20
2013-02-01,케이에스앞,560,30
2013-02-01,코스트코홀세일건너/복현화성타운앞,3678,3838
2013-02-01,코스트코홀세일앞/복현화성타운건너,37918,4583
2013-02-01,코오롱아파트,13603,2122
2013-02-01,퀸벨호텔건너,12242,1457
2013-02-01,퀸벨호텔앞,7923,3298
2013-02-01,퀸스로드건너,1778,1133
2013-02-01,퀸스로드건너(동편),10201,3921
2013-02-01,퀸스로드앞,3369,483
2013-02-01,퀸스로드앞(동편),14436,5313
2013-02-01,크리스탈호텔앞,1073,378
2013-02-01,큰고개1,4654,2948
2013-02-01,큰고개2,9970,1311
2013-02-01,큰고개오거리1,17097,1518
2013-02-01,큰고개오거리2,3815,8832
2013-02-01,큰장네거리1,55567,13644
2013-02-01,큰장네거리2,35212,16268
2013-02-01,큰장네거리3,15802,6257
2013-02-01,큰장네거리4,25491,12516
2013-02-01,태성맨션건너,66,133
2013-02-01,태성맨션앞,3657,212
2013-02-01,태왕그린힐즈건너,412,198
2013-02-01,태왕그린힐즈앞1,41,401
2013-02-01,태왕그린힐즈앞2,6062,21
2013-02-01,태왕메트로시티건너,5138,599
2013-02-01,태왕메트로시티앞,3471,730
2013-02-01,태왕아너스베스트앞,4768,148
2013-02-01,태왕아너스복현건너,2666,805
2013-02-01,태왕아너스복현앞,7068,482
2013-02-01,태전두성타운건너,6378,1447
2013-02-01,태전두성타운앞,15080,1200
2013-02-01,태전삼거리1,13847,7544
2013-02-01,태전삼거리2,31177,6679
2013-02-01,태전역1,14085,7672
2013-02-01,태전중석타운,1193,67
2013-02-01,태전중석타운건너,1478,233
2013-02-01,태전중앙시장건너,2937,1239
2013-02-01,태전중앙시장앞,8859,841
2013-02-01,태전휴먼시아,1356,101
2013-02-01,태평상가건너,5398,2432
2013-02-01,태평상가앞1,5100,1792
2013-02-01,태평상가앞2,720,137
2013-02-01,태현초등학교앞,2551,40
2013-02-01,텍스빌,7943,1197
2013-02-01,토지주택공사건너,2456,782
2013-02-01,토지주택공사앞,7923,492
2013-02-01,퇴계마을건너,0,8
2013-02-01,퇴계마을앞,93,0
2013-02-01,파계교,269,468
2013-02-01,파계사(종점),5884,473
2013-02-01,파군재삼거리1,1024,636
2013-02-01,파군재삼거리2,204,204
2013-02-01,파동1차시장건너,1890,1093
2013-02-01,파동1차시장앞,11860,374
2013-02-01,파동우체국앞,866,634
2013-02-01,파동청구하이츠,6654,215
2013-02-01,파크맨션건너,11278,974
2013-02-01,파크맨션앞,9855,1537
2013-02-01,파티마병원건너1,19110,5741
2013-02-01,파티마병원건너2,2887,2043
2013-02-01,팔거역3,373,90
2013-02-01,팔거역4,934,45
2013-02-01,팔공3차보성타운건너,732,3
2013-02-01,팔공3차보성타운앞,18,191
2013-02-01,팔공3차보성타운후문,4847,172
2013-02-01,팔공보성아파트건너,1152,465
2013-02-01,팔공보성아파트앞,7435,165
2013-02-01,팔공산IC입구,120,1081
2013-02-01,팔공산맥건너,657,199
2013-02-01,팔공산맥앞,564,144
2013-02-01,팔공학생야영장앞,123,3
2013-02-01,팔공한마음주유소,1,3
2013-02-01,팔공한마음주유소건너,192,0
2013-02-01,팔달시장건너,37838,13532
2013-02-01,팔달시장앞,41597,26628
2013-02-01,팔달시장역,37197,18515
2013-02-01,팔달신시장,27928,8547
2013-02-01,팔달신시장2,4053,2588
2013-02-01,팔달역2,861,352
2013-02-01,팔달중학교건너,8064,267
2013-02-01,팔달중학교앞,5137,377
2013-02-01,팔달초등학교,255,159
2013-02-01,팔레스호텔건너,21231,4639
2013-02-01,팔레스호텔앞1,4989,2400
2013-02-01,팔레스호텔앞2,854,1245
2013-02-01,팔현마을,117,2
2013-02-01,평광3차아파트,4095,143
2013-02-01,평광3차아파트건너,3401,328
2013-02-01,평광새마을금고,138,0
2013-02-01,평광종점,686,6
2013-02-01,평리1동주민센터건너,1427,41
2013-02-01,평리1동주민센터앞,2615,153
2013-02-01,평리2동주민센터건너,8621,1121
2013-02-01,평리2동주민센터앞,9149,1659
2013-02-01,평리3동주민센터건너,2187,119
2013-02-01,평리6동주민센터앞,1575,299
2013-02-01,평리광명네거리,768,678
2013-02-01,평리광명맨션건너,3778,258
2013-02-01,평리광명맨션앞,707,322
2013-02-01,평리네거리1,13533,6558
2013-02-01,평리네거리2,15207,5221
2013-02-01,평리명성아파트건너,4953,1406
2013-02-01,평리명성아파트앞,3031,532
2013-02-01,평리중학교건너,1180,496
2013-02-01,평리중학교앞,1890,121
2013-02-01,평리청구타운건너,33881,12838
2013-02-01,평리청구타운앞,31137,8267
2013-02-01,평안,725,48
2013-02-01,평촌2리,17,3
2013-02-01,평촌리,174,3
2013-02-01,평현치안센터건너,5018,857
2013-02-01,평화시장(닭똥집골목)건너,23146,3821
2013-02-01,평화시장(닭똥집골목)앞,49557,15400
2013-02-01,평화씨엠비건너,1001,11
2013-02-01,평화씨엠비앞,184,103
2013-02-01,평화정공건너,631,64
2013-02-01,평화정공앞,674,46
2013-02-01,평화타운건너,12950,6722
2013-02-01,푸드웰건너,3529,8
2013-02-01,푸드웰앞,109,105
2013-02-01,푸르밀대구공장,32,0
2013-02-01,푸르밀대구공장건너,0,4
2013-02-01,풋살경기장(50사단),521,48
2013-02-01,풍국주정공업,1274,40
2013-02-01,하나원전문장례식장,4,0
2013-02-01,하리(약산온천)건너,259,60
2013-02-01,하목정(종점),4,15
2013-02-01,하빈농협건너,122,4
2013-02-01,하빈농협동곡지점1,28,20
2013-02-01,하빈농협동곡지점2,429,4
2013-02-01,하빈농협앞,7,5
2013-02-01,하빈농협입구,11,4
2013-02-01,하빈면사무소건너,377,6
2013-02-01,하빈면사무소앞,19,5
2013-02-01,하빈우체국건너,226,0
2013-02-01,하빈우체국앞,11,1
2013-02-01,하빈주유소앞,5,11
2013-02-01,하빈초등학교앞,214,2
2013-02-01,하산1리,197,3
2013-02-01,하산2리,177,1
2013-02-01,하산스무지(종점),138,4
2013-02-01,학남고등학교건너,1259,271
2013-02-01,학남고등학교앞,4199,276
2013-02-01,학남초등학교건너,95,241
2013-02-01,학남초등학교앞,2731,212
2013-02-01,학정청아람1,870,6
2013-02-01,학정청아람2,2364,51
2013-02-01,학정청아람건너,1926,300
2013-02-01,학정청아람앞,2406,172
2013-02-01,한가람타운건너,22102,6277
2013-02-01,한가람타운앞,18757,4569
2013-02-01,한걸고정마을,260,1
2013-02-01,한국건강관리협회앞,3851,746
2013-02-01,한국국토정보공사건너,1900,2134
2013-02-01,한국국토정보공사앞,2123,354
2013-02-01,한국농어촌공사건너,22804,3880
2013-02-01,한국농어촌공사앞,17606,1750
2013-02-01,한국델파이건너,225,132
2013-02-01,한국델파이앞,994,54
2013-02-01,한국도로공사건너,159,511
2013-02-01,한국도로공사앞,6449,32
2013-02-01,한국방송통신대학교건너,2158,329
2013-02-01,한국방송통신대학교앞,804,396
2013-02-01,한국산업은행성서지점건너,10,614
2013-02-01,한국산업은행성서지점앞,4185,11
2013-02-01,한국산업인력공단건너,3599,50
2013-02-01,한국산업인력공단앞,126,148
2013-02-01,한국클래드텍건너,361,0
2013-02-01,한국클래드텍앞,2,53
2013-02-01,한국타이어,290,149
2013-02-01,한국타이어건너,334,12
2013-02-01,한국패션센터,1505,107
2013-02-01,한국폴리텍VI대구대학건너,12909,4610
2013-02-01,한국폴리텍VI대구대학앞,9590,4139
2013-02-01,한국폴리텍대학(섬유패션캠퍼스),4526,1665
2013-02-01,한국환경자원공사,4,4
2013-02-01,한도아파트앞,9138,313
2013-02-01,한라하우젠트,653,2
2013-02-01,한마음주유소건너,2178,169
2013-02-01,한마음주유소앞,2245,303
2013-02-01,한샘교회,3819,829
2013-02-01,한샘교회건너,699,690
2013-02-01,한서기전건너,194,3
2013-02-01,한서기전앞,722,19
2013-02-01,한양공작맨션건너,12,67
2013-02-01,한양공작맨션앞,1066,5
2013-02-01,한양산호아파트건너,597,275
2013-02-01,한양산호아파트앞,6442,101
2013-02-01,한양수정아파트,26,51
2013-02-01,한양코스모스아파트건너,51,112
2013-02-01,한양코스모스아파트앞,1049,26
2013-02-01,한전동대구지사,21085,4467
2013-02-01,한전동대구지사건너,14266,4312
2013-02-01,한전서대구지사건너,18153,4597
2013-02-01,한전서대구지사앞,11733,3688
2013-02-01,한정3리,42,0
2013-02-01,한정리(한정초교),142,0
2013-02-01,한정리(한정초교건너),1,1
2013-02-01,한화꿈에그린건너1,517,660
2013-02-01,한화꿈에그린앞,11623,1897
2013-02-01,함지초등학교건너,1016,530
2013-02-01,함지초등학교앞,9160,335
2013-02-01,해랑교(시외방향),18,11
2013-02-01,해랑교1,10,0
2013-02-01,해랑교2,644,19
2013-02-01,해랑교건너,22,32
2013-02-01,해안동행정복지센터,323,51
2013-02-01,해안역(1번출구),12746,2728
2013-02-01,해안역(3번출구),5617,2440
2013-02-01,해안초등학교뒤,2,17
2013-02-01,행정1리건너,49,0
2013-02-01,행정2리건너,3,18
2013-02-01,행정2리앞,120,0
2013-02-01,행정리,9,35
2013-02-01,행정리(한천서원),309,0
2013-02-01,헬로TV대구방송건너,5443,2022
2013-02-01,헬로TV대구방송앞,6733,1293
2013-02-01,현내1리,139,0
2013-02-01,현내2리중방마을건너,65,0
2013-02-01,현내2리중방마을앞,2,1
2013-02-01,현대금속,1179,47
2013-02-01,현대메카닉스건너,107,0
2013-02-01,현대메카닉스앞,1,20
2013-02-01,현대백조아파트(북편),3383,147
2013-02-01,현대백조아파트건너,2606,190
2013-02-01,현대백조아파트앞,2568,479
2013-02-01,현대백화점.동아쇼핑건너,23405,7001
2013-02-01,현대백화점.동아쇼핑앞,33058,4404
2013-02-01,현대시장건너,11098,875
2013-02-01,현대시장앞,2343,940
2013-02-01,현대시장앞2,791,303
2013-02-01,현대해상건너,27891,8855
2013-02-01,현대해상앞,22291,5860
2013-02-01,현충로역(3번출구),27147,12134
2013-02-01,현충로역(4번출구),20295,8309
2013-02-01,현충삼거리1,438,479
2013-02-01,현충삼거리2,2178,34
2013-02-01,현풍고속도로밑,117,4
2013-02-01,현풍농협,2663,289
2013-02-01,현풍삼거리,3,20
2013-02-01,현풍새마을금고,2596,307
2013-02-01,현풍시외버스터미널,1095,222
2013-02-01,현풍운전시험장,408,8
2013-02-01,현풍주공아파트,4,13
2013-02-01,현풍주공아파트2,1,55
2013-02-01,현풍주공아파트앞,376,6
2013-02-01,현풍중고등학교,6,56
2013-02-01,현풍중고등학교건너,1064,2
2013-02-01,현풍터미널건너,1353,120
2013-02-01,현풍터미널앞,388,377
2013-02-01,현풍할매곰탕,1742,377
2013-02-01,현풍할매곰탕건너,3846,326
2013-02-01,호산초등학교건너,157,17
2013-02-01,호산초등학교앞,108,129
2013-02-01,홈플러스내당점건너,7665,1783
2013-02-01,홈플러스내당점앞,4888,6043
2013-02-01,홈플러스대구점건너,13397,3536
2013-02-01,홈플러스대구점앞,18532,5520
2013-02-01,홈플러스동촌점건너,5563,2484
2013-02-01,홈플러스동촌점앞,11212,1664
2013-02-01,홈플러스칠곡점건너,9333,543
2013-02-01,홈플러스칠곡점앞,2410,1292
2013-02-01,홍천사건너,1201,11
2013-02-01,홍천사입구,36,88
2013-02-01,화남초등학교건너,13,202
2013-02-01,화남초등학교앞,6083,470
2013-02-01,화동초등학교건너,566,103
2013-02-01,화동초등학교앞,628,76
2013-02-01,화랑교1,849,1748
2013-02-01,화랑교2,10793,531
2013-02-01,화성그랜드건너,285,36
2013-02-01,화성그랜드앞,159,63
2013-02-01,화성리버파크건너,5006,181
2013-02-01,화성리버파크앞,952,379
2013-02-01,화성센트럴파크,3329,165
2013-02-01,화성쌍용타운건너,538,21
2013-02-01,화성쌍용타운앞1,704,133
2013-02-01,화성쌍용타운앞2,116,359
2013-02-01,화성전문요양원건너,2326,241
2013-02-01,화성전문요양원앞,1202,386
2013-02-01,화성파크뷰건너,8454,267
2013-02-01,화성파크뷰앞,550,773
2013-02-01,화영테크건너,12,14
2013-02-01,화영테크앞,476,15
2013-02-01,화원고등학교(종점),279,36
2013-02-01,화원고등학교(종점)2,54,63
2013-02-01,화원고등학교건너,3580,923
2013-02-01,화원고등학교앞,7082,903
2013-02-01,화원농협주유소건너,1839,520
2013-02-01,화원농협주유소앞,6325,867
2013-02-01,화원삼주타운건너,5996,180
2013-02-01,화원삼주타운앞,227,330
2013-02-01,화원시장건너,3405,313
2013-02-01,화원시장앞,107,360
2013-02-01,화원유원지(사문진주막촌),127,21
2013-02-01,화원유원지건너,162,20
2013-02-01,화원유원지입구,1,1
2013-02-01,화원초등학교건너,18813,4891
2013-02-01,화원초등학교앞,29457,9253
2013-02-01,화전동1,9,35
2013-02-01,화전동2,372,5
2013-02-01,황금2동치안센터건너,1213,312
2013-02-01,황금2동치안센터앞,3268,145
2013-02-01,황금네거리1,25562,2310
2013-02-01,황금네거리2,7034,4453
2013-02-01,황금시장건너,208,85
2013-02-01,황금시장앞,1389,79
2013-02-01,황금우방1차건너,16086,2799
2013-02-01,황금우방1차앞,6858,1658
2013-02-01,황금초등학교건너,1268,439
2013-02-01,황금초등학교앞,4192,204
2013-02-01,황제맨션건너,6091,1335
2013-02-01,황제맨션앞,3685,480
2013-02-01,효동초등학교건너,3219,799
2013-02-01,효동초등학교앞,7413,573
2013-02-01,효목네거리1,7638,1608
2013-02-01,효목네거리2,2106,2276
2013-02-01,효목네거리3,16449,3205
2013-02-01,효성타운앞,12885,1043
2013-02-01,흥사단 대구지부건너,1667,288
2013-02-01,흥사단 대구지부앞,627,415
2013-02-01,흥성정공건너,287,45
2013-02-01,흥성정공앞,120,11
2013-02-01,희망교1,1016,151
2013-02-01,희성전자건너,9,18
2013-02-01,희성전자앞,435,14
2013-02-01,힐크레스트남문건너,454,74
2013-02-01,힐크레스트남문앞,57,121
2013-02-01,힐크레스트입구,341,509
2013-03-01,(주)성안건너,50,244
2013-03-01,(주)영화건너,3,54
2013-03-01,(주)영화앞,436,0
2013-03-01,1차서한화성타운앞,694,134
2013-03-01,2.28기념중앙공원건너1,63037,18225
2013-03-01,2.28기념중앙공원건너2,18868,9214
2013-03-01,2.28기념중앙공원앞,165159,33851
2013-03-01,2차대자연맨션건너,2125,910
2013-03-01,2차대자연맨션앞,9392,675
2013-03-01,2차서한화성타운건너,37562,2391
2013-03-01,2차서한화성타운앞,17161,3981
2013-03-01,2호선반월당역1,20081,4562
2013-03-01,2호선반월당역2,16307,8001
2013-03-01,3공단새마을금고앞,4927,1356
2013-03-01,CGV대구한일건너,108684,29835
2013-03-01,CGV대구한일앞,33491,8676
2013-03-01,K-2입구,2178,370
2013-03-01,K2관사입구(종점),292,32
2013-03-01,KT남대구지사건너1,16309,4061
2013-03-01,KT남대구지사건너2,1733,722
2013-03-01,KT남대구지사앞1,21019,8499
2013-03-01,KT남대구지사앞2,1644,559
2013-03-01,KT동대구지사건너,26263,7703
2013-03-01,KT동대구지사앞,16150,3130
2013-03-01,KT북대구지사건너,4285,507
2013-03-01,KT북대구지사앞,3257,570
2013-03-01,KT상동지사건너,3547,488
2013-03-01,KT상동지사앞,814,644
2013-03-01,KT서대구지사건너,19603,2665
2013-03-01,KT서대구지사앞,18213,3427
2013-03-01,LG물류센터건너,3480,1881
2013-03-01,LG물류센터앞,8206,1113
2013-03-01,MBC네거리,9357,1705
2013-03-01,SK리더스뷰건너,11835,1284
2013-03-01,SK리더스뷰앞,5173,2229
2013-03-01,STX메탈건너,1527,1658
2013-03-01,STX메탈앞,1496,224
2013-03-01,TBC건너,10835,531
2013-03-01,TBC앞,2836,2373
2013-03-01,TCN대구방송건너,1876,288
2013-03-01,TCN대구방송앞,3434,299
2013-03-01,㈜윔스건너,164,20
2013-03-01,㈜윔스앞,494,6
2013-03-01,가야농원,455,4
2013-03-01,가창농협건너,1217,2128
2013-03-01,가창농협앞,10391,840
2013-03-01,가창댐,17,8
2013-03-01,가창댐1,13,8
2013-03-01,가창면사무소건너,6103,3565
2013-03-01,가창면사무소앞,11348,2152
2013-03-01,가창중학교건너,5463,63
2013-03-01,가창중학교앞,313,322
2013-03-01,가창초등학교건너,256,431
2013-03-01,가창초등학교앞,1039,162
2013-03-01,가천동앞,75,6
2013-03-01,가천리,29,1
2013-03-01,각산역(1번출구),8702,1445
2013-03-01,각산역(2번출구),1763,1593
2013-03-01,갈실마을회관종점,403,46
2013-03-01,감문1리1,2,3
2013-03-01,감문1리2,184,1
2013-03-01,감문1리3,3,0
2013-03-01,감문1리4,164,0
2013-03-01,감삼네거리1,17455,5440
2013-03-01,감삼네거리2,55590,39520
2013-03-01,감삼초등학교건너,15049,1267
2013-03-01,감삼초등학교앞,6447,846
2013-03-01,갓골건너,530,0
2013-03-01,갓골앞,2,20
2013-03-01,갓바위,21804,622
2013-03-01,강남약국건너,49368,21139
2013-03-01,강남약국앞1,31274,10661
2013-03-01,강남약국앞2,9765,1484
2013-03-01,강동중·고등학교,10,369
2013-03-01,강동중·고등학교건너,7584,31
2013-03-01,강변동서마을건너,5807,707
2013-03-01,강변동서마을앞,3294,1123
2013-03-01,강북경찰서건너,1408,850
2013-03-01,강북경찰서앞,4081,620
2013-03-01,강북중학교건너,20,604
2013-03-01,강북중학교앞,10350,52
2013-03-01,강산아파트건너,4752,2632
2013-03-01,강산아파트앞,6068,885
2013-03-01,강정보(디아크문화관)건너,9,2
2013-03-01,강정보(디아크문화관)입구,151,3
2013-03-01,강창교1,5007,61
2013-03-01,강창교2,137,396
2013-03-01,강창역(1번출구),4388,2062
2013-03-01,강창역(2번출구),23218,1628
2013-03-01,강창하이츠,9794,319
2013-03-01,거동교1,1139,92
2013-03-01,거동교2,1180,574
2013-03-01,건들바위건너,1250,277
2013-03-01,건들바위앞,671,556
2013-03-01,건영아파트건너,18006,3256
2013-03-01,건영캐스빌건너,12771,321
2013-03-01,건영캐스빌앞,245,558
2013-03-01,검단119안전센터(엑스코),60,73
2013-03-01,검단동대구축협앞,5131,23
2013-03-01,검단동주민센터건너,12053,57
2013-03-01,검단동주민센터앞,89,1042
2013-03-01,검단상가아파트건너,3101,24
2013-03-01,검단상가아파트앞,26,41
2013-03-01,검단유성아파트(서편),9753,3905
2013-03-01,검단유성아파트건너,5822,2280
2013-03-01,검단유성아파트앞,18586,4622
2013-03-01,경기장네거리1,3797,828
2013-03-01,경기장네거리2,4611,1110
2013-03-01,경대교2,2725,374
2013-03-01,경대교건너,973,119
2013-03-01,경대교앞,795,219
2013-03-01,경대사대부설고등학교앞,24241,8427
2013-03-01,경대아파트건너,38076,1283
2013-03-01,경대아파트앞,9045,2262
2013-03-01,경덕여고,828,90
2013-03-01,경동산업앞,16,1
2013-03-01,경명여고건너,3905,392
2013-03-01,경명여고앞,2366,587
2013-03-01,경북고교종점,660,1162
2013-03-01,경북고등학교건너,12942,3794
2013-03-01,경북고등학교앞,19157,2974
2013-03-01,경북고등학교종점건너,1526,603
2013-03-01,경북공고건너,7035,2373
2013-03-01,경북공고앞,10047,2623
2013-03-01,경북공무원교육원1,839,78
2013-03-01,경북공무원교육원2,20,26
2013-03-01,경북교통,1793,1060
2013-03-01,경북교통앞,2710,1188
2013-03-01,경북기계공고건너,21221,1901
2013-03-01,경북기계공고앞,9005,4001
2013-03-01,경북농업기술원건너,95,55
2013-03-01,경북농업기술원앞,696,25
2013-03-01,경북대체육센터건너,44447,642
2013-03-01,경북대체육센터앞,4966,2067
2013-03-01,경북대학교병원건너,23226,9612
2013-03-01,경북대학교병원앞,39564,8277
2013-03-01,경북대학교북문건너,65097,4494
2013-03-01,경북대학교북문앞,35448,8362
2013-03-01,경북대학교서문건너,12118,1186
2013-03-01,경북대학교서문앞,3691,1038
2013-03-01,경북대학교정문건너,13041,3318
2013-03-01,경북대학교정문앞,34212,3305
2013-03-01,경북대학교치과병원,24230,11898
2013-03-01,경북아파트건너(고산동),33155,2166
2013-03-01,경북아파트건너(신천동),8893,3798
2013-03-01,경북아파트앞(고산동),12625,3506
2013-03-01,경북아파트앞(신천동),6022,1145
2013-03-01,경북여상건너,13496,6147
2013-03-01,경북여상앞,12930,2071
2013-03-01,경북크랑크,1635,23
2013-03-01,경상감영공원건너,128411,26351
2013-03-01,경상감영공원앞,64092,46216
2013-03-01,경상북도농업인회관,217,22
2013-03-01,경상여자고등학교건너,3343,670
2013-03-01,경상여자고등학교앞,10761,1231
2013-03-01,경서중학교건너,353,314
2013-03-01,경서중학교앞,4618,35
2013-03-01,경신고등학교건너,49317,9574
2013-03-01,경신고등학교앞,36451,14119
2013-03-01,경운초등학교건너,2137,536
2013-03-01,경운초등학교앞,6299,1625
2013-03-01,경원고등학교건너,729,30
2013-03-01,경원고등학교앞,1561,72
2013-03-01,경일여자중학교건너,20966,639
2013-03-01,경일여자중학교앞,4303,1366
2013-03-01,경주최씨종가(종점),158,5
2013-03-01,경주최씨종가1,11,0
2013-03-01,경주최씨종가2,1,1
2013-03-01,경진테크빌앞,681,215
2013-03-01,경창산업,1089,71
2013-03-01,경희강재건너,965,470
2013-03-01,경희강재앞,3277,90
2013-03-01,계명대대명캠퍼스후문건너,1911,209
2013-03-01,계명대역(1번출구),2494,1860
2013-03-01,계명대역(2번출구),10083,1529
2013-03-01,계명대학교대명캠퍼스건너,15880,4789
2013-03-01,계명대학교대명캠퍼스앞,26422,4915
2013-03-01,계명대학교대명캠퍼스후문앞,2037,434
2013-03-01,계명대학교동문건너1,7628,1935
2013-03-01,계명대학교동문건너2,31367,7632
2013-03-01,계명대학교동문앞,25504,11214
2013-03-01,계명대학교정문건너,33236,1335
2013-03-01,계명대학교정문앞,5020,1877
2013-03-01,계명문화대학건너,9458,649
2013-03-01,계명문화대학앞,15071,4850
2013-03-01,고모동입구,4683,71
2013-03-01,고모역건너,221,3
2013-03-01,고모역앞,12,6
2013-03-01,고봉리,16,0
2013-03-01,고산2동주민센터건너,10636,3304
2013-03-01,고산2동주민센터앞,23895,3328
2013-03-01,고산골입구,7191,1132
2013-03-01,고산농협창고건너,1705,229
2013-03-01,고산농협창고앞,538,1042
2013-03-01,고산도서관,21664,14363
2013-03-01,고산정수사업소건너,3211,493
2013-03-01,고성아파트(서편),11936,4835
2013-03-01,고성아파트건너,2322,216
2013-03-01,고성아파트건너(서편),15902,3394
2013-03-01,고성아파트앞,1350,570
2013-03-01,고성지구대1,1612,658
2013-03-01,고성지구대2,4565,1296
2013-03-01,골안골,31,47
2013-03-01,골안골지하보도앞,4,35
2013-03-01,공고네거리1,37385,6955
2013-03-01,공고네거리2,12492,2166
2013-03-01,공군기지관사입구,3,48
2013-03-01,공단역1,10212,3582
2013-03-01,공단역2,13532,6084
2013-03-01,공단하수처리장건너,35,74
2013-03-01,공단하수처리장앞,347,12
2013-03-01,공산댐건너,1194,41
2013-03-01,공산댐앞,192,100
2013-03-01,공산동행정복지센터건너,918,401
2013-03-01,공산동행정복지센터앞,6543,323
2013-03-01,공산초등학교건너,388,187
2013-03-01,공산초등학교앞,2645,105
2013-03-01,공산파출소,106,292
2013-03-01,공항시장건너,11701,1082
2013-03-01,공항시장앞,5928,1302
2013-03-01,곽병원건너,19968,13760
2013-03-01,곽병원앞1,32101,5072
2013-03-01,곽병원앞2,10681,2454
2013-03-01,관리공단,446,27
2013-03-01,관음공영주차장앞,1514,15
2013-03-01,관음농협앞,210,75
2013-03-01,관음동주민센터건너,933,80
2013-03-01,관음동주민센터앞,851,48
2013-03-01,관음변전소1,4554,39
2013-03-01,관음변전소2,15,330
2013-03-01,관음변전소3,1257,114
2013-03-01,관음변전소4,202,139
2013-03-01,관음어린이집,319,46
2013-03-01,관음중학교(북편),989,14
2013-03-01,광명은하아파트건너,8290,2505
2013-03-01,광명은하아파트앞,10702,1846
2013-03-01,광명프레지던트아파트건너,16002,3027
2013-03-01,광장타운건너,18082,3353
2013-03-01,광장타운앞,19125,3790
2013-03-01,교대부설초등학교건너,5492,167
2013-03-01,교대부설초등학교앞,1039,567
2013-03-01,교동시장앞,17832,1659
2013-03-01,교동초등학교건너,56,46
2013-03-01,교동초등학교앞,1039,80
2013-03-01,교통연수원,17555,954
2013-03-01,교통연수원건너,13870,2913
2013-03-01,교항2리마을입구,204,316
2013-03-01,교항2리회관,1367,15
2013-03-01,교항리건너,2043,97
2013-03-01,교항리마을입구건너,200,1
2013-03-01,교항리앞,509,332
2013-03-01,구)달성군청건너,34894,4655
2013-03-01,구)달성군청앞,20426,18776
2013-03-01,구)대영학원건너,20131,3281
2013-03-01,구)대영학원앞,17786,6021
2013-03-01,구)효목2동행정복지센터건너,18522,1447
2013-03-01,구)효목2동행정복지센터앞,6204,1125
2013-03-01,구.남부정류장건너1,13958,16171
2013-03-01,구.남부정류장건너2,8591,8334
2013-03-01,구.남부정류장앞1,32864,6307
2013-03-01,구.남부정류장앞2,6701,1781
2013-03-01,구.동부정류장(남편),5098,1158
2013-03-01,구.동부정류장(메트로팔레스),13229,5562
2013-03-01,구.동부정류장건너,17232,4313
2013-03-01,구.동부정류장앞,11309,4174
2013-03-01,구둔산,537,31
2013-03-01,구라리,1,0
2013-03-01,구룡촌건너,8,12
2013-03-01,구룡촌앞,95,0
2013-03-01,구병원건너,16096,6000
2013-03-01,구병원앞,29215,6149
2013-03-01,구삼폭포건너,0,6
2013-03-01,구삼폭포앞,90,0
2013-03-01,구암가구골목1,4852,140
2013-03-01,구암가구골목2,1479,368
2013-03-01,구암교1,8110,702
2013-03-01,구암교2,1375,1177
2013-03-01,구암동1,2515,137
2013-03-01,구암동2,235,318
2013-03-01,구암역(운전면허시험장)1,5700,275
2013-03-01,구암역(운전면허시험장)2,3167,695
2013-03-01,구암초등학교건너,2214,393
2013-03-01,구암초등학교앞,5810,170
2013-03-01,구지농공단지1,0,4
2013-03-01,구지농공단지2,238,0
2013-03-01,구지면사무소건너,591,322
2013-03-01,구지면사무소앞,2199,414
2013-03-01,구지청아람건너,5277,121
2013-03-01,구지청아람앞,374,521
2013-03-01,국립대구박물관건너,16349,1261
2013-03-01,국립대구박물관앞,11056,2310
2013-03-01,국민건강보험공단건너,25784,4185
2013-03-01,국민건강보험공단앞,11912,10604
2013-03-01,국민은행3공단지점건너,5839,1036
2013-03-01,국민은행3공단지점앞,3464,696
2013-03-01,국우동현대아파트건너,495,53
2013-03-01,국우동현대아파트앞,7564,224
2013-03-01,국채보상운동기념공원,6641,3012
2013-03-01,굿모닝병원건너,12615,2644
2013-03-01,굿모닝병원앞,18937,2830
2013-03-01,궁전아파트건너,46,233
2013-03-01,궁전아파트앞,3078,32
2013-03-01,귀남지휴게소1,11,0
2013-03-01,그랜드호텔건너,32915,29962
2013-03-01,그랜드호텔앞,54308,16691
2013-03-01,그린빌4단지,28,453
2013-03-01,그린빌4단지건너,1099,34
2013-03-01,그린빌4단지앞,265,79
2013-03-01,근로복지공단대구병원건너,1869,182
2013-03-01,근로복지공단대구병원앞,1995,305
2013-03-01,근린공원축구장건너,78,147
2013-03-01,근린공원축구장앞,1145,16
2013-03-01,금강동,88,6
2013-03-01,금계초등학교(교항리),726,90
2013-03-01,금복주건너,2906,171
2013-03-01,금복주앞,1926,191
2013-03-01,금봉네거리1,14089,1021
2013-03-01,금봉네거리2,6000,748
2013-03-01,금사리하이빌APT건너,1589,157
2013-03-01,금사리하이빌APT앞,442,152
2013-03-01,금융감독원건너,1601,1258
2013-03-01,금포초등학교,2198,170
2013-03-01,금포초등학교건너,415,329
2013-03-01,금호기전,17,21
2013-03-01,금호지구(시내방향),46,0
2013-03-01,금호지구(종점방향),20,5
2013-03-01,금호화물자동차공영차고지,1,0
2013-03-01,기곡(종점),3,2
2013-03-01,기곡리1,3,0
2013-03-01,기곡리2,52,0
2013-03-01,기독교방송국건너,6386,2299
2013-03-01,기독교방송국앞,5030,1984
2013-03-01,기업은행대곡지점건너,117,1438
2013-03-01,기업은행대곡지점앞,25591,457
2013-03-01,기업은행죽전동지점건너,5562,447
2013-03-01,기업은행죽전동지점앞,3498,608
2013-03-01,김흥2리건너,85,18
2013-03-01,김흥2리앞,6,1
2013-03-01,김흥리마을입구,127,0
2013-03-01,남구청건너2,8530,6551
2013-03-01,남구청네거리1,11977,851
2013-03-01,남구청네거리2,227,203
2013-03-01,남대구IC1,16622,954
2013-03-01,남대구IC2,7741,1382
2013-03-01,남명삼거리1,1956,208
2013-03-01,남명삼거리2,2233,373
2013-03-01,남문시장건너1,1210,184
2013-03-01,남문시장건너2,31841,9965
2013-03-01,남문시장앞,20446,9433
2013-03-01,남문아파트앞,533,350
2013-03-01,남부경찰서건너,10233,2593
2013-03-01,남부경찰서앞,15839,4495
2013-03-01,남부교육지원청건너,8371,711
2013-03-01,남부교육지원청앞,5387,914
2013-03-01,남부도서관앞,196,601
2013-03-01,남부자동차종합시장건너,3266,180
2013-03-01,남부자동차종합시장앞,883,389
2013-03-01,남부초등학교건너,1370,61
2013-03-01,남부초등학교앞,1048,151
2013-03-01,남부초등학교앞2,5608,859
2013-03-01,남산2동주민센터건너,144,181
2013-03-01,남산2동주민센터앞,756,44
2013-03-01,남산고등학교건너,1102,23
2013-03-01,남산고등학교앞,408,217
2013-03-01,남산역(프린스호텔건너),11114,2636
2013-03-01,남산역건너(프린스호텔앞),18750,8635
2013-03-01,남산주유소건너,1299,719
2013-03-01,남산주유소앞,2061,166
2013-03-01,남산초등학교건너,19881,3270
2013-03-01,남산초등학교앞,12713,5708
2013-03-01,남산휴먼시아앞,2194,350
2013-03-01,내2리새마을회관건너,78,0
2013-03-01,내2리새마을회관앞,5,0
2013-03-01,내당1동우체국건너,2440,230
2013-03-01,내당1동우체국앞,2724,305
2013-03-01,내당광명아파트,4322,1651
2013-03-01,내당삼익맨션건너,29317,7284
2013-03-01,내당삼익맨션앞,15345,12558
2013-03-01,내당코오롱아파트건너,6256,3928
2013-03-01,내당코오롱아파트앞,10846,820
2013-03-01,내동,1846,15
2013-03-01,내동건너,24,166
2013-03-01,내리1,8,1
2013-03-01,내리2,3,0
2013-03-01,내일교회건너,207,36
2013-03-01,내일교회앞,759,20
2013-03-01,냉천2리,92,9
2013-03-01,냉천리1,2619,62
2013-03-01,냉천리2,84,385
2013-03-01,노곡동,4286,78
2013-03-01,노변중학교,612,64
2013-03-01,노변중학교건너,1102,36
2013-03-01,노변청구타운건너,160,71
2013-03-01,노변청구타운앞,307,58
2013-03-01,노원119안전센터건너,7161,2012
2013-03-01,노원119안전센터앞,4268,539
2013-03-01,노원네거리(공단세차장건너),492,1252
2013-03-01,노원네거리(공단세차장앞),7107,535
2013-03-01,노원네거리(대구은행건너),1490,212
2013-03-01,노원네거리(대구은행앞),4830,513
2013-03-01,노원네거리1,5418,2422
2013-03-01,노원네거리2,10196,1554
2013-03-01,노원동화타운건너,698,354
2013-03-01,노원동화타운앞,4589,263
2013-03-01,녹동서원앞,1,2
2013-03-01,녹원맨션1,3669,1422
2013-03-01,녹원맨션2,11348,991
2013-03-01,논공삼거리1,2196,31
2013-03-01,논공삼거리2,270,177
2013-03-01,논공읍사무소,924,412
2013-03-01,논공읍사무소건너1,3979,205
2013-03-01,논공읍사무소건너2,344,247
2013-03-01,농산물도매시장건너,65,16
2013-03-01,농산물도매시장앞,1503,68
2013-03-01,농수산물도매시장건너,3650,1315
2013-03-01,농수산물도매시장앞,8979,1438
2013-03-01,농촌진흥원입구,209,99
2013-03-01,농협동촌지점,449,161
2013-03-01,농협방촌지점,2181,183
2013-03-01,농협비료창고건너(연경),45,28
2013-03-01,농협비료창고앞(연경),31,1
2013-03-01,농협중앙회건너,23126,8810
2013-03-01,농협중앙회앞,25167,11821
2013-03-01,농협중앙회중동지점건너,1684,116
2013-03-01,농협중앙회중동지점앞,761,215
2013-03-01,농협하나로마트건너,33,988
2013-03-01,능골1,139,1906
2013-03-01,능골건너,2367,67
2013-03-01,능성동(종점),436,14
2013-03-01,능성동예비군훈련장,467,18
2013-03-01,능성동입구건너,928,4
2013-03-01,능성동입구앞,10,63
2013-03-01,다리골,25,0
2013-03-01,다사고등학교건너,10769,1355
2013-03-01,다사고등학교앞,1013,786
2013-03-01,다사농협주유소건너,620,778
2013-03-01,다사농협주유소앞,9514,313
2013-03-01,다사역(4번출구),161,3
2013-03-01,다사읍사무소건너,6270,340
2013-03-01,다사읍사무소서재출장소건너,389,9
2013-03-01,다사읍사무소서재출장소앞,127,26
2013-03-01,다사읍사무소앞,12,584
2013-03-01,다사주공아파트건너,88,0
2013-03-01,다사주공아파트앞,0,152
2013-03-01,다사체육공원건너,2,0
2013-03-01,다사체육공원앞,40,1
2013-03-01,다사초등학교건너,49,0
2013-03-01,다사초등학교앞,2,31
2013-03-01,단산리(종점),768,8
2013-03-01,단산리입구,264,1
2013-03-01,달구벌종합복지관건너,799,92
2013-03-01,달구벌종합복지관앞,474,103
2013-03-01,달서공고건너,298,50
2013-03-01,달서공고앞,1142,27
2013-03-01,달서교회건너,20177,2866
2013-03-01,달서교회앞,20528,4355
2013-03-01,달서구새마을회건너,3938,190
2013-03-01,달서구새마을회앞,1216,226
2013-03-01,달서구청건너,22885,2040
2013-03-01,달서구청앞,5972,2886
2013-03-01,달서종합시장건너,1414,523
2013-03-01,달서종합시장앞,1100,206
2013-03-01,달서중고등학교,67,30
2013-03-01,달서중고등학교건너,655,0
2013-03-01,달서천하수종말처리장건너,31,0
2013-03-01,달서천하수종말처리장앞,2,0
2013-03-01,달서초교,1396,44
2013-03-01,달성2차공단관리청사,1984,144
2013-03-01,달성2차산업단지출장소앞,0,13
2013-03-01,달성경찰서,1490,332
2013-03-01,달성경찰서건너,2482,94
2013-03-01,달성공원건너,13118,4431
2013-03-01,달성공원앞,16172,8457
2013-03-01,달성군민운동장건너,1556,98
2013-03-01,달성군민운동장앞,761,176
2013-03-01,달성군선거관리위원회건너,415,171
2013-03-01,달성군선거관리위원회앞,43,253
2013-03-01,달성군청건너,3333,94
2013-03-01,달성군청앞,246,375
2013-03-01,달성기와건너,200,60
2013-03-01,달성기와앞,736,30
2013-03-01,달성산업단지건너,205,35
2013-03-01,달성산업단지관리공단1,0,6
2013-03-01,달성산업단지관리공단2,12,3
2013-03-01,달성소방서건너,277,33
2013-03-01,달성소방서앞,289,41
2013-03-01,달성예비군훈련장건너,390,171
2013-03-01,달성예비군훈련장앞,2042,499
2013-03-01,달성우체국건너,278,416
2013-03-01,달성우체국앞,4075,75
2013-03-01,달성중학교건너,4741,1118
2013-03-01,달성중학교앞,26700,2173
2013-03-01,달성초등학교건너,3325,890
2013-03-01,달성초등학교앞,2177,400
2013-03-01,달성취수장건너,20,48
2013-03-01,달성취수장앞,39,17
2013-03-01,달창저수지,211,0
2013-03-01,달천리(시내방향),161,0
2013-03-01,달천리(시외방향),85,1
2013-03-01,담안마을1,4,11
2013-03-01,담안마을2,370,0
2013-03-01,담티고개1,550,248
2013-03-01,담티고개2,938,268
2013-03-01,당동마을건너,584,4
2013-03-01,당동마을앞,1,11
2013-03-01,당정마을입구,41,20
2013-03-01,당정마을입구건너,198,3
2013-03-01,대1리용흥지건너,50,1
2013-03-01,대1리용흥지앞,40,13
2013-03-01,대곡강산타운,24388,905
2013-03-01,대곡강산타운건너,4062,1672
2013-03-01,대곡사계절타운건너,14312,741
2013-03-01,대곡사계절타운앞,5791,1790
2013-03-01,대곡역(1번출구),52205,4879
2013-03-01,대곡역(2번출구),17068,57406
2013-03-01,대곡역(한라하우젠트건너),18640,2517
2013-03-01,대곡역(한라하우젠트앞),5860,17248
2013-03-01,대곡역그린빌,8087,2760
2013-03-01,대곡주공1단지앞,4597,1563
2013-03-01,대곡주공2단지앞,27246,772
2013-03-01,대곡주공6단지앞,3470,565
2013-03-01,대곡주공7단지앞,14764,595
2013-03-01,대곡주공8단지건너,21087,2815
2013-03-01,대곡주공8단지앞,9169,1813
2013-03-01,대곡중학교건너,4433,545
2013-03-01,대곡중학교앞,2646,506
2013-03-01,대공원역(1번출구),2115,8915
2013-03-01,대공원역(5번출구),4816,1737
2013-03-01,대구가톨릭대학병원건너,23152,3122
2013-03-01,대구가톨릭대학병원앞,18304,3220
2013-03-01,대구고등학교건너,33279,7494
2013-03-01,대구고등학교앞,14770,3784
2013-03-01,대구고용노동청건너,17015,1681
2013-03-01,대구고용노동청앞,4527,1631
2013-03-01,대구공업대학1,16110,4561
2013-03-01,대구공업대학2,4436,1698
2013-03-01,대구공업대학건너,7874,2221
2013-03-01,대구공업대학앞,6472,2515
2013-03-01,대구과학고등학교건너,11326,5365
2013-03-01,대구과학고등학교앞,15599,3424
2013-03-01,대구과학대학1,25323,14198
2013-03-01,대구과학대학2,66410,12056
2013-03-01,대구과학대학건너,2959,107
2013-03-01,대구과학대학앞,1064,148
2013-03-01,대구광역시교육연수원건너,12709,1005
2013-03-01,대구광역시교육연수원앞,7139,1321
2013-03-01,대구광역시청건너,1546,184
2013-03-01,대구광역시청앞,365,401
2013-03-01,대구교도소건너,8785,5031
2013-03-01,대구교도소앞,30515,3957
2013-03-01,대구교육대건너,18710,9651
2013-03-01,대구교육대앞,21788,2319
2013-03-01,대구교통방송건너,6457,3529
2013-03-01,대구교통방송앞,17670,1637
2013-03-01,대구국제공항건너,22699,17625
2013-03-01,대구국제공항앞,25399,12361
2013-03-01,대구글로벌교육센터건너,5416,3406
2013-03-01,대구글로벌교육센터앞,4701,668
2013-03-01,대구농업마이스터고건너,17230,4134
2013-03-01,대구농업마이스터고앞,11530,6212
2013-03-01,대구농업마이스터고후문건너,1061,607
2013-03-01,대구농업마이스터고후문앞,2263,191
2013-03-01,대구도시공사앞,16021,3861
2013-03-01,대구동부고용복지플러스센터,11610,5661
2013-03-01,대구동촌유치원,1095,114
2013-03-01,대구디지털산업진흥원건너,24747,4719
2013-03-01,대구디지털산업진흥원앞,16997,6048
2013-03-01,대구맨션건너,1953,311
2013-03-01,대구맨션앞,3859,688
2013-03-01,대구문화방송건너,10375,3609
2013-03-01,대구문화방송앞,16960,4608
2013-03-01,대구미술관건너,682,68
2013-03-01,대구미술관앞,721,97
2013-03-01,대구병원건너,33011,3626
2013-03-01,대구병원앞,12741,6235
2013-03-01,대구보건고등학교건너,19359,4192
2013-03-01,대구보건고등학교앞,12948,2294
2013-03-01,대구보건대학3,14305,5839
2013-03-01,대구보건대학4,54240,3485
2013-03-01,대구보건대학5,101,10
2013-03-01,대구보건대학건너1,1917,88
2013-03-01,대구보건대학건너2,14656,145
2013-03-01,대구보건대학앞1,664,319
2013-03-01,대구보건대학앞2,1768,661
2013-03-01,대구보훈요양원건너,2,3
2013-03-01,대구보훈요양원앞,64,0
2013-03-01,대구비지니스센터건너,3801,864
2013-03-01,대구비지니스센터앞,4597,440
2013-03-01,대구사격장,33,2
2013-03-01,대구삼성창조캠퍼스1,1403,441
2013-03-01,대구삼성창조캠퍼스2,407,559
2013-03-01,대구선방촌공원,1246,35
2013-03-01,대구소방본부건너,409,215
2013-03-01,대구소방본부앞,1649,2022
2013-03-01,대구스타디움건너,4070,974
2013-03-01,대구스타디움앞,5114,1427
2013-03-01,대구시교육청건너,1471,147
2013-03-01,대구시교육청앞,1467,7403
2013-03-01,대구시설공단건너,18191,4611
2013-03-01,대구시설공단앞,12357,7048
2013-03-01,대구시설관리사업소,14,85
2013-03-01,대구시지노인전문병원앞,545,531
2013-03-01,대구신문사,546,122
2013-03-01,대구애견훈련학교건너,334,3
2013-03-01,대구애견훈련학교앞,4,16
2013-03-01,대구역,1141,446
2013-03-01,대구역건너,26020,19114
2013-03-01,대구역꽃시장,682,246
2013-03-01,대구역북편네거리1,33777,8197
2013-03-01,대구역북편네거리2,13730,10420
2013-03-01,대구역센트럴자이,1009,143
2013-03-01,대구역앞,39252,12664
2013-03-01,대구예담학교,123,0
2013-03-01,대구우편집중국(동편),7,10
2013-03-01,대구우편집중국앞,2653,1002
2013-03-01,대구은행3공단지점앞,6289,638
2013-03-01,대구은행북비산지점건너1,13697,3566
2013-03-01,대구은행북비산지점건너2,3738,747
2013-03-01,대구은행북비산지점앞,40583,9796
2013-03-01,대구은행산격지점앞,920,120
2013-03-01,대구은행역(1번출구),32842,18243
2013-03-01,대구은행역(2번출구),39675,11745
2013-03-01,대구은행제2본점앞,14904,3509
2013-03-01,대구은행칠곡지점건너,9503,4003
2013-03-01,대구은행칠곡지점앞,30768,2923
2013-03-01,대구은행평리동지점건너,3603,873
2013-03-01,대구은행평리동지점앞,6851,1177
2013-03-01,대구의료원건너,7168,931
2013-03-01,대구의료원라파엘웰빙센터,1946,114
2013-03-01,대구의료원라파엘웰빙센터건너,378,312
2013-03-01,대구의료원앞,5068,912
2013-03-01,대구일마이스터고교건너,4503,895
2013-03-01,대구일마이스터고교앞,9709,1036
2013-03-01,대구전자공고남편,101,659
2013-03-01,대구전자공업고등학교1,8724,669
2013-03-01,대구전자공업고등학교2,1291,5014
2013-03-01,대구제일고등학교건너,47089,13261
2013-03-01,대구제일고등학교앞,37430,21847
2013-03-01,대구중앙중고등학교건너,31359,6454
2013-03-01,대구중앙중고등학교앞,30817,5931
2013-03-01,대구중앙중학교건너,3146,38
2013-03-01,대구중앙중학교앞,201,2541
2013-03-01,대구중학교건너,2150,384
2013-03-01,대구중학교앞,6623,726
2013-03-01,대구지료재생사,96,28
2013-03-01,대구지방경찰청,6574,419
2013-03-01,대구지방법원등기국건너,5674,4101
2013-03-01,대구지방법원등기국앞,2199,693
2013-03-01,대구지방법원서부지원,667,68
2013-03-01,대구차여성병원건너,5002,3703
2013-03-01,대구차여성병원앞,14514,2172
2013-03-01,대구콘서트하우스건너,18042,21820
2013-03-01,대구콘서트하우스앞,30021,11680
2013-03-01,대구텍건너,509,518
2013-03-01,대구텍앞,6545,741
2013-03-01,대구학생문화센터,171,100
2013-03-01,대구학생수련관입구건너,838,0
2013-03-01,대구학생수련관입구앞,9,94
2013-03-01,대구한의대학교부속한방병원건너,225,169
2013-03-01,대구한의대학교부속한방병원앞,6379,460
2013-03-01,대구향교건너,2293,1282
2013-03-01,대구향교앞,2320,668
2013-03-01,대덕마을건너,542,100
2013-03-01,대덕마을앞,397,100
2013-03-01,대덕맨션앞,10223,274
2013-03-01,대덕문화전당건너,1583,99
2013-03-01,대덕문화전당앞,41,106
2013-03-01,대덕승마장건너,399,24
2013-03-01,대덕승마장앞,105,68
2013-03-01,대덕식당건너,243,558
2013-03-01,대덕식당앞,4497,230
2013-03-01,대덕천주교회1,2036,452
2013-03-01,대덕천주교회2,2876,148
2013-03-01,대덕천주교회3,4143,50
2013-03-01,대덕천주교회4,209,423
2013-03-01,대덕초등학교,757,9
2013-03-01,대동공업,150,96
2013-03-01,대동공업건너,722,27
2013-03-01,대동금속건너,1532,16
2013-03-01,대동금속앞,595,142
2013-03-01,대동시장1,4978,861
2013-03-01,대동시장2,9129,689
2013-03-01,대륜중고등학교건너,4792,1890
2013-03-01,대륜중고등학교앞,10051,1006
2013-03-01,대리,417,30
2013-03-01,대리마을앞,52,30
2013-03-01,대리마을회관,303,1
2013-03-01,대리마을회관건너,38,14
2013-03-01,대림생수,1004,44
2013-03-01,대림생수앞,103,301
2013-03-01,대림육교1,241,7272
2013-03-01,대림육교2,8748,93
2013-03-01,대명6동주민센터건너,2936,307
2013-03-01,대명6동주민센터앞,2882,204
2013-03-01,대명시장건너,27482,6822
2013-03-01,대명시장앞,23272,8402
2013-03-01,대명역(1번출구),19843,4247
2013-03-01,대명역(2번출구),13706,3506
2013-03-01,대명중학교건너,75,167
2013-03-01,대명중학교앞,2645,131
2013-03-01,대명초등학교건너,8771,2558
2013-03-01,대명초등학교앞,14193,3228
2013-03-01,대백인터빌건너,26517,4016
2013-03-01,대백인터빌앞,21161,14375
2013-03-01,대백창신한라타운건너,16262,1273
2013-03-01,대백창신한라타운앞,3099,1515
2013-03-01,대백프라자건너,25046,5920
2013-03-01,대백프라자앞,31308,7556
2013-03-01,대백한라무지개타운건너,18926,926
2013-03-01,대백한라무지개타운앞,8476,2038
2013-03-01,대봉교회,9214,4046
2013-03-01,대봉네거리1,5322,579
2013-03-01,대봉네거리2,3038,2606
2013-03-01,대봉도서관건너,1778,414
2013-03-01,대봉도서관앞,4140,882
2013-03-01,대봉성당,12127,4409
2013-03-01,대산,3,7
2013-03-01,대서초등학교앞,555,99
2013-03-01,대성공업건너,310,2255
2013-03-01,대성공업앞,4527,116
2013-03-01,대성유니드앞,2732,70
2013-03-01,대성테크앞,239,12
2013-03-01,대신동광명맨션앞,1402,206
2013-03-01,대신센트럴자이,5431,543
2013-03-01,대실역(1번출구),7728,3866
2013-03-01,대실역(2번출구),27195,3825
2013-03-01,대실역(4번출구),1456,39
2013-03-01,대실역1,111,23
2013-03-01,대실역2,3,80
2013-03-01,대실역청아람건너,10581,137
2013-03-01,대실역청아람앞,297,1527
2013-03-01,대우트럼프월드수성건너,16650,780
2013-03-01,대우트럼프월드수성앞,4784,1566
2013-03-01,대원고등학교,6924,8370
2013-03-01,대원고등학교건너,17841,1193
2013-03-01,대원사건너(공산동),22,17
2013-03-01,대원사앞(공산동),297,5
2013-03-01,대원사입구,232,0
2013-03-01,대원유치원건너,7253,1186
2013-03-01,대원유치원앞,10099,761
2013-03-01,대일1리마을회관건너,257,70
2013-03-01,대일1리점촌마을,18,29
2013-03-01,대일아파트건너,12611,2183
2013-03-01,대일아파트앞,13802,1769
2013-03-01,대자연맨션,22560,1562
2013-03-01,대자연맨션건너,3097,1941
2013-03-01,대중인벤트,165,29
2013-03-01,대진중고등학교건너,800,59
2013-03-01,대진중고등학교앞,521,147
2013-03-01,대천119안전센터건너,1539,34
2013-03-01,대천119안전센터앞,552,85
2013-03-01,대천교,376,195
2013-03-01,대천초등학교건너,368,172
2013-03-01,대천초등학교앞,2737,62
2013-03-01,대청초등학교건너,221,636
2013-03-01,대청초등학교앞,13755,574
2013-03-01,대평2리,617,1
2013-03-01,대평교회앞,10,21
2013-03-01,대평리시장,12470,2402
2013-03-01,대평중학교건너,12693,961
2013-03-01,대평중학교앞,5735,727
2013-03-01,대홍철강,540,15
2013-03-01,대흥동건너,405,57
2013-03-01,대흥동앞,384,511
2013-03-01,덕곡(달구벌고교),337,3
2013-03-01,덕곡(대구선명학교),56,47
2013-03-01,덕곡삼거리1,29,105
2013-03-01,덕곡삼거리2,1321,27
2013-03-01,덕산마을건너,2,3
2013-03-01,덕산마을앞,317,0
2013-03-01,덕원고등학교건너,5784,3049
2013-03-01,덕원고등학교앞,5355,803
2013-03-01,덕인초등학교건너,2702,654
2013-03-01,덕인초등학교앞,2040,386
2013-03-01,덕화중학교건너,10582,850
2013-03-01,덕화중학교앞,4353,2388
2013-03-01,덴티스앞,283,13
2013-03-01,도남동,301,0
2013-03-01,도남동(종점),329,6
2013-03-01,도남지,126,0
2013-03-01,도동,2,5
2013-03-01,도동교1,972,7
2013-03-01,도동교2,18,36
2013-03-01,도동서원,140,2
2013-03-01,도동청구타운건너,64,52
2013-03-01,도동청구타운앞,1347,10
2013-03-01,도시철도건설본부건너,1561,2819
2013-03-01,도시철도건설본부앞,24550,8895
2013-03-01,도시철도담티역(1번출구),31795,8682
2013-03-01,도시철도담티역(3번출구),21070,15177
2013-03-01,도시철도대구역,784,639
2013-03-01,도시철도수성구청역북편1,305,6060
2013-03-01,도시철도수성구청역북편2,3033,103
2013-03-01,도의리,138,1
2013-03-01,도평동입구1,821,191
2013-03-01,도평동입구2,305,358
2013-03-01,도평동행정복지센터1,3,16
2013-03-01,도평동행정복지센터2,71,1
2013-03-01,도학동,1260,4
2013-03-01,도학동1,26,81
2013-03-01,동곡1리1,14,0
2013-03-01,동곡1리2,206,0
2013-03-01,동곡1리3,115,0
2013-03-01,동곡리,156,1
2013-03-01,동곡초등학교건너,420,11
2013-03-01,동곡초등학교앞,64,60
2013-03-01,동구시장건너,9332,2054
2013-03-01,동구시장앞,8059,2164
2013-03-01,동구청건너,54683,32540
2013-03-01,동구청앞,61351,29246
2013-03-01,동구청역(3번출구),7848,837
2013-03-01,동구청역(4번출구),2645,1659
2013-03-01,동대구LPG충전소건너,935,160
2013-03-01,동대구LPG충전소앞,681,145
2013-03-01,동대구맨션,12157,3337
2013-03-01,동대구시장건너,13455,4593
2013-03-01,동대구시장앞,23081,3474
2013-03-01,동대구역,55739,29117
2013-03-01,동대구역건너,58945,25608
2013-03-01,동대구역복합환승센터건너,56521,19401
2013-03-01,동대구역복합환승센터앞,49002,31454
2013-03-01,동대구역수화물취급소건너,262,92
2013-03-01,동대구역수화물취급소앞,303,67
2013-03-01,동대구역지하도1,4290,4328
2013-03-01,동대구역지하도2,13097,1306
2013-03-01,동대구초등학교건너,2128,61
2013-03-01,동대구초등학교앞,631,188
2013-03-01,동도중학교건너,10872,2165
2013-03-01,동도중학교앞,19202,1536
2013-03-01,동문고등학교앞,1132,304
2013-03-01,동변주공그린빌건너,2565,612
2013-03-01,동변주공그린빌앞,10417,333
2013-03-01,동부경찰서건너,1857,761
2013-03-01,동부경찰서앞,12218,509
2013-03-01,동부고교건너,1551,438
2013-03-01,동부고교앞,7233,577
2013-03-01,동부소방서건너,751,3825
2013-03-01,동부소방서앞,6006,388
2013-03-01,동부시외버스터미널(순환2번),2107,183
2013-03-01,동부중학교건너,4775,313
2013-03-01,동부중학교앞,2933,1214
2013-03-01,동북주유소건너,141,38
2013-03-01,동북주유소앞,28,37
2013-03-01,동산의료원앞1,32250,10681
2013-03-01,동산의료원앞2,14735,8743
2013-03-01,동서교회건너,3417,444
2013-03-01,동서교회앞,1593,618
2013-03-01,동서변리벤빌,10263,1643
2013-03-01,동서변월드메르디앙아파트,3466,227
2013-03-01,동서아파트건너,220,11
2013-03-01,동서아파트앞,29,0
2013-03-01,동서화성타운건너,32757,2135
2013-03-01,동서화성타운앞,16212,3043
2013-03-01,동성에스티에스건너,8,0
2013-03-01,동성에스티에스앞,9,3
2013-03-01,동성초등학교건너,3207,2343
2013-03-01,동성초등학교앞,6442,1766
2013-03-01,동신초등학교건너,3479,540
2013-03-01,동신초등학교앞,2633,1615
2013-03-01,동아백화점수성점건너,10521,14975
2013-03-01,동아백화점수성점앞,68846,2055
2013-03-01,동아수산냉동건너,697,409
2013-03-01,동아수산냉동앞,469,72
2013-03-01,동아스포츠센터(지산중학교앞),1552,858
2013-03-01,동아스포츠센터(지산초교앞),10541,277
2013-03-01,동아제약,456,104
2013-03-01,동아제약건너,2770,35
2013-03-01,동양맨션앞,3547,252
2013-03-01,동원약품,8072,623
2013-03-01,동원초등학교건너,1335,253
2013-03-01,동원초등학교앞1,1821,217
2013-03-01,동원초등학교앞2,2128,230
2013-03-01,동인네거리1,1810,287
2013-03-01,동인네거리2,1974,421
2013-03-01,동인초등학교건너,14394,3210
2013-03-01,동인초등학교앞,13016,2574
2013-03-01,동인치안센터건너,19329,3949
2013-03-01,동인치안센터앞,11225,4190
2013-03-01,동일초등학교건너,2545,1123
2013-03-01,동일초등학교앞,3057,947
2013-03-01,동천역1,464,129
2013-03-01,동천역2,1178,144
2013-03-01,동촌강나루아파트건너,4017,546
2013-03-01,동촌강나루아파트앞,3372,4108
2013-03-01,동촌역,566,259
2013-03-01,동촌역(구길),2135,209
2013-03-01,동촌역(신길)1,6878,1078
2013-03-01,동촌역(신길)2,4665,2159
2013-03-01,동촌유원지,806,59
2013-03-01,동촌유원지놀이동산앞,267,68
2013-03-01,동촌해성아파트건너,160,155
2013-03-01,동촌해성아파트앞,1033,311
2013-03-01,동촌화성타운건너,11625,1299
2013-03-01,동촌화성타운앞,8030,1982
2013-03-01,동침산네거리,1979,428
2013-03-01,동침산네거리2,32,100
2013-03-01,동호동건너(북구),1120,32
2013-03-01,동호동앞(북구),81,98
2013-03-01,동호육교1,72,602
2013-03-01,동호육교2,8001,364
2013-03-01,동호초등학교건너,715,24
2013-03-01,동화골든빌(남편),4938,90
2013-03-01,동화골든빌(동편),4987,1211
2013-03-01,동화골든빌(북편),68,130
2013-03-01,동화골든빌건너(남편),20,253
2013-03-01,동화교1,54,157
2013-03-01,동화교2,2560,1
2013-03-01,동화사입구건너,5587,4
2013-03-01,동화사입구앞,40,350
2013-03-01,동화시설집단지구(종점)1,9953,65
2013-03-01,동화시설집단지구(종점)2(대구시민안전테마파크),106,329
2013-03-01,두류3동파출소건너,887,107
2013-03-01,두류3동파출소앞,414,196
2013-03-01,두류공원(야외음악당건너),903,46
2013-03-01,두류공원(야외음악당앞),782,125
2013-03-01,두류공원네거리1,13477,2636
2013-03-01,두류공원네거리2,4309,4857
2013-03-01,두류도서관앞,9441,2044
2013-03-01,두류보성맨션건너,6922,764
2013-03-01,두류보성맨션앞,3529,2732
2013-03-01,두류수영장건너,20411,4948
2013-03-01,두류수영장앞,20813,4532
2013-03-01,두류역(달성고등학교건너),35117,9901
2013-03-01,두류역(달성고등학교앞),55789,40039
2013-03-01,두류정수사업소건너,20093,4062
2013-03-01,두류정수사업소앞,6170,2888
2013-03-01,두류파출소건너,849,61
2013-03-01,두류파출소앞,261,149
2013-03-01,두리봉네거리1,4137,8310
2013-03-01,두리봉네거리2,16961,3986
2013-03-01,두리봉터널입구,1292,257
2013-03-01,두리봉터널입구건너,4067,117
2013-03-01,두산동주민센터건너,16524,4590
2013-03-01,두산동주민센터앞,9213,6248
2013-03-01,두산스포츠건너,2141,162
2013-03-01,두성파크아파트건너,24539,10093
2013-03-01,두성파크아파트앞,11558,7339
2013-03-01,둔산동,2263,4
2013-03-01,들안길1,1180,571
2013-03-01,들안길2,4734,226
2013-03-01,들안길네거리1,5943,176
2013-03-01,들안길네거리2,1034,1600
2013-03-01,들안길초등학교건너,5822,2439
2013-03-01,들안길초등학교앞,5384,1285
2013-03-01,들연경,282,1
2013-03-01,디아크문화관,11,0
2013-03-01,럭키아파트건너,248,298
2013-03-01,럭키아파트앞,2659,54
2013-03-01,롯데백화점상인점건너,12607,4931
2013-03-01,롯데캐슬그랜드,777,536
2013-03-01,룸비니유치원건너,2410,174
2013-03-01,룸비니유치원앞,2227,336
2013-03-01,마비정벽화마을(종점),627,24
2013-03-01,만경관건너,7258,3376
2013-03-01,만경관앞,12867,3018
2013-03-01,만촌1동주민센터,3174,615
2013-03-01,만촌2동주민센터,17202,5251
2013-03-01,만촌3차화성파크드림건너,3667,746
2013-03-01,만촌그린빌라건너,670,58
2013-03-01,만촌역(1번출구),597,6453
2013-03-01,만촌우방1차건너,7347,91
2013-03-01,만촌우방1차앞,324,596
2013-03-01,만촌육교1,60635,15086
2013-03-01,만촌육교2,9083,22407
2013-03-01,만촌자전거경기장,3,71
2013-03-01,만촌천주교회앞,227,113
2013-03-01,만촌초등학교건너1,2630,260
2013-03-01,만촌초등학교건너2,4062,264
2013-03-01,만촌초등학교앞,3033,336
2013-03-01,만촌태왕리더스건너,5221,359
2013-03-01,만촌태왕리더스건너(남편),359,780
2013-03-01,만촌태왕리더스북편,656,92
2013-03-01,만촌태왕리더스앞1,5014,3482
2013-03-01,만촌태왕리더스앞2,2222,309
2013-03-01,만촌화성파크스위트,51,152
2013-03-01,만평네거리,7048,1869
2013-03-01,만평역(서대구고속버스터미널)1,7915,4184
2013-03-01,만평역(서대구고속버스터미널)2,8076,4829
2013-03-01,망우당공원(종점),330,162
2013-03-01,망우당공원건너,1568,1052
2013-03-01,망우당공원앞,5788,1641
2013-03-01,매곡(종점),115,104
2013-03-01,매곡사거리1,905,1470
2013-03-01,매곡사거리2,10817,372
2013-03-01,매곡정수사업소건너,1482,143
2013-03-01,매곡정수사업소앞,15,19
2013-03-01,매곡초등학교건너,29,59
2013-03-01,매골1,9,35
2013-03-01,매골2,261,3
2013-03-01,매여동(동구)저탄장,565,28
2013-03-01,매일신문사건너,108,202
2013-03-01,매일신문사앞,1264,56
2013-03-01,매천고교,1743,160
2013-03-01,매천대교1,1200,67
2013-03-01,매천성당건너1,3263,216
2013-03-01,매천성당건너2,806,209
2013-03-01,매천성당앞,5364,264
2013-03-01,매천수산시장건너,1913,128
2013-03-01,매천수산시장앞,1857,259
2013-03-01,매천시장지하차도,2045,178
2013-03-01,매천중고등학교건너,4181,2206
2013-03-01,매천중고등학교앞,18652,1144
2013-03-01,매천초교(매천역)2,974,45
2013-03-01,매천화성파크드림,1481,63
2013-03-01,매천휴먼시아앞,1104,85
2013-03-01,매호동서아파트앞,913,0
2013-03-01,매호성당건너,640,0
2013-03-01,메트로시티건너,5732,536
2013-03-01,메트로시티앞,2493,504
2013-03-01,메트로팔레스1,15092,2092
2013-03-01,메트로팔레스2,19475,1698
2013-03-01,명곡1리입구1,2,7
2013-03-01,명곡1리입구2,29,0
2013-03-01,명곡리1,2557,524
2013-03-01,명곡리2,5939,1497
2013-03-01,명곡미래빌1단지,2032,363
2013-03-01,명곡미래빌2단지건너,37,326
2013-03-01,명곡미래빌2단지앞,10495,1420
2013-03-01,명곡미래빌3단지건너,2247,283
2013-03-01,명곡미래빌3단지앞,4092,268
2013-03-01,명곡미래빌4단지,3734,268
2013-03-01,명곡미래빌5단지건너,10,123
2013-03-01,명곡미래빌5단지앞,5014,458
2013-03-01,명곡지구앞,2400,463
2013-03-01,명덕네거리1,36373,5323
2013-03-01,명덕네거리2,12487,21576
2013-03-01,명덕역(6번출구),26878,28156
2013-03-01,명덕역(7번출구),36443,9603
2013-03-01,명덕초등학교건너,22556,9788
2013-03-01,명덕초등학교앞,28661,10583
2013-03-01,명문세가APT건너,8678,1371
2013-03-01,명문세가APT앞,13140,4251
2013-03-01,명문오하임아파트건너,387,52
2013-03-01,명문오하임아파트앞,231,77
2013-03-01,명보약국건너,2188,501
2013-03-01,명보약국앞,2599,689
2013-03-01,명성푸르지오건너,6978,1582
2013-03-01,명성푸르지오앞,19302,1323
2013-03-01,모개월앞,2,2
2013-03-01,모개월입구,144,1
2013-03-01,모다아울렛,57,3
2013-03-01,모다아울렛건너,16901,466
2013-03-01,모다아울렛앞,111,2484
2013-03-01,모래정마을건너,208,1
2013-03-01,모래정마을앞,80,3
2013-03-01,목단1리,201,0
2013-03-01,목단2리,90,0
2013-03-01,목단리,14,0
2013-03-01,묘1리,150,0
2013-03-01,묘2리(고려정밀),133,0
2013-03-01,묘2리(전마),53,0
2013-03-01,무궁화LPG충전소,9269,1636
2013-03-01,무궁화LPG충전소건너,3886,882
2013-03-01,무궁화어린이공원입구,2092,360
2013-03-01,무궁화어린이공원입구건너,4399,635
2013-03-01,무등1리1,1,2
2013-03-01,무등1리2,246,1
2013-03-01,무등1리3,79,0
2013-03-01,무등2리,4,7
2013-03-01,무등2리입구건너,90,0
2013-03-01,무림제지건너,829,361
2013-03-01,무림제지앞1,1143,232
2013-03-01,무림제지앞2,146,55
2013-03-01,무열대건너,4521,1387
2013-03-01,무열대앞,1582,394
2013-03-01,무태교,8,389
2013-03-01,무태네거리(시내방향),17512,6158
2013-03-01,무태네거리(시외방향),3885,4373
2013-03-01,무태새마을금고건너,1740,465
2013-03-01,무태새마을금고앞,5315,240
2013-03-01,무태조야동주민센터건너1,7234,373
2013-03-01,무태조야동주민센터건너2,5377,1895
2013-03-01,무태조야동주민센터앞1,1368,691
2013-03-01,무태조야동주민센터앞2,17210,1278
2013-03-01,문성병원건너,12944,3426
2013-03-01,문성병원앞,17764,4859
2013-03-01,문양기지창건너,24,84
2013-03-01,문양기지창앞,407,59
2013-03-01,문양리1,188,12
2013-03-01,문양리2,5,4
2013-03-01,문양리입구1,697,3
2013-03-01,문양리입구2,1,6
2013-03-01,문양역건너,23,434
2013-03-01,문양역앞,2082,1493
2013-03-01,문주마을건너,119,0
2013-03-01,문주마을앞,1,5
2013-03-01,문화예술회관건너,12044,3571
2013-03-01,문화예술회관앞,10595,3048
2013-03-01,미8군후문건너,499,194
2013-03-01,미8군후문앞,1458,28
2013-03-01,미곡동1,344,391
2013-03-01,미곡동2,4839,281
2013-03-01,미대동1,4637,88
2013-03-01,미대동2,377,494
2013-03-01,미래아트빌앞,1065,317
2013-03-01,미리내맨션건너,15227,566
2013-03-01,미리내맨션앞,4998,1292
2013-03-01,민들레아파트(종점),75,75
2013-03-01,민들레아파트후문건너,8114,12
2013-03-01,민들레아파트후문앞,2,173
2013-03-01,바른병원건너,288,161
2013-03-01,박곡리(시내방향),191,0
2013-03-01,박곡리(시외방향),45,2
2013-03-01,박석진교,12,18
2013-03-01,반고개(내당역4번출구),3534,3394
2013-03-01,반고개1,7767,2297
2013-03-01,반고개2,17358,6217
2013-03-01,반송4교건너,153,9
2013-03-01,반송4교앞,216,0
2013-03-01,반송리,384,6
2013-03-01,반야월모란1차아파트,4430,872
2013-03-01,반야월시장1,7260,3825
2013-03-01,반야월시장2,10457,2110
2013-03-01,반야월역(국철)건너,5075,2174
2013-03-01,반야월역(국철)앞,9680,1398
2013-03-01,반야월역(도시철도1번출구),6258,1227
2013-03-01,반야월역(도시철도2번출구),6865,603
2013-03-01,반야월역(도시철도3번출구),2826,3856
2013-03-01,반야월역(도시철도4번출구)1,10745,5331
2013-03-01,반야월역(도시철도4번출구)2,2211,1746
2013-03-01,반야월저탄장건너,6529,2509
2013-03-01,반야월저탄장앞,10745,1518
2013-03-01,반월당역(1번출구)1,42598,24014
2013-03-01,반월당역(1번출구)2,5561,8738
2013-03-01,반월당역(2번출구),46721,34253
2013-03-01,방공포병학교건너,1781,289
2013-03-01,방공포병학교앞,735,759
2013-03-01,방짜유기박물관건너,725,2
2013-03-01,방짜유기박물관앞,19,72
2013-03-01,방천리1,7,25
2013-03-01,방천리2,4,3
2013-03-01,방천리환경자원사업소,1485,95
2013-03-01,방천시장(김광석길)건너,14293,4145
2013-03-01,방천시장(김광석길)앞,12899,4178
2013-03-01,방촌1동,959,1
2013-03-01,방촌건널목,156,1867
2013-03-01,방촌맨션앞,5008,585
2013-03-01,방촌빌라,173,201
2013-03-01,방촌시장건너,29919,7285
2013-03-01,방촌시장앞,18078,8197
2013-03-01,방촌역(1번출구),15080,2565
2013-03-01,방촌역(2번출구),11522,3943
2013-03-01,방촌치안센터건너,2957,1000
2013-03-01,방촌치안센터앞,3893,448
2013-03-01,백사벌네거리1,2862,98
2013-03-01,백사벌네거리2,2849,1409
2013-03-01,백안교1,99,76
2013-03-01,백안교2,1331,44
2013-03-01,백안삼거리1,287,224
2013-03-01,백안삼거리2,3620,141
2013-03-01,백자맨션건너,10680,1514
2013-03-01,백자맨션앞,5168,1536
2013-03-01,범물1동주민센터건너,44666,2995
2013-03-01,범물1동주민센터앞,10414,3549
2013-03-01,범물2동주민센터건너,3157,48
2013-03-01,범물2동주민센터앞,20,262
2013-03-01,범물두성타운건너,4718,23
2013-03-01,범물우방미진하이츠앞,11,302
2013-03-01,범물청구맨션건너,6329,3058
2013-03-01,범물청구맨션앞,31923,2789
2013-03-01,범물하이츠 건너,2528,1768
2013-03-01,범물하이츠앞,34158,514
2013-03-01,범물한라주택건너,23709,1340
2013-03-01,범물한라주택앞,3953,3355
2013-03-01,범어2동1,213,458
2013-03-01,범어2동2,1124,63
2013-03-01,범어4동주민센터건너,24344,6277
2013-03-01,범어4동주민센터앞,13959,8915
2013-03-01,범어쌍용예가건너,7655,2011
2013-03-01,범어쌍용예가앞,10541,1928
2013-03-01,범어역(1번출구),16500,3971
2013-03-01,범어역(2번출구),9767,3197
2013-03-01,법원건너,20285,8890
2013-03-01,법원앞,24729,7114
2013-03-01,법원어린이집,675,365
2013-03-01,베어산업건너,702,0
2013-03-01,베어산업앞,31,33
2013-03-01,병무청중앙신체검사소,32,29
2013-03-01,보람타운건너,8937,442
2013-03-01,보람타운앞,5883,2340
2013-03-01,보병50사단건너,3585,287
2013-03-01,보병50사단앞,1915,330
2013-03-01,보성기계건너,3386,31
2013-03-01,보성기계앞,25,67
2013-03-01,보성산호타운건너,4671,402
2013-03-01,보성산호타운앞,2642,1041
2013-03-01,보성서한타운앞,3838,281
2013-03-01,보성은하타운앞,2452,86
2013-03-01,보성화성타운건너,22246,2556
2013-03-01,보성화성타운앞,9606,2358
2013-03-01,보훈병원건너,17,310
2013-03-01,보훈병원앞,5874,33
2013-03-01,복음간호학원,1339,479
2013-03-01,복현네거리,4534,3793
2013-03-01,복현대백맨션건너,18750,1085
2013-03-01,복현대백맨션앞,4453,1845
2013-03-01,복현서한2차아파트,2289,1988
2013-03-01,복현성모약국앞,4025,1105
2013-03-01,복현오거리1,48740,17285
2013-03-01,복현오거리2,13007,7382
2013-03-01,복현오거리3,293,341
2013-03-01,복현우방아파트,10108,1327
2013-03-01,복현우체국건너,50207,7234
2013-03-01,복현우체국앞,13513,5635
2013-03-01,복현장미맨션앞,2292,306
2013-03-01,복현푸르지오아파트건너,16267,1076
2013-03-01,복현현대맨션건너,2608,57
2013-03-01,복현현대맨션앞,575,178
2013-03-01,본동시장건너,7951,848
2013-03-01,본동시장앞,2398,425
2013-03-01,본리1리,534,12
2013-03-01,본리1리동회관건너,1273,134
2013-03-01,본리1리동회관앞,45,25
2013-03-01,본리2,1267,131
2013-03-01,본리근린공원건너,39,0
2013-03-01,본리근린공원앞,3,0
2013-03-01,본리네거리,2280,753
2013-03-01,본리네거리2,8912,1129
2013-03-01,본리네거리3,2146,1034
2013-03-01,본리도서관앞,1371,209
2013-03-01,본리롯데캐슬,2206,129
2013-03-01,본리아카시아맨션,5502,1662
2013-03-01,본리지구건너,1129,485
2013-03-01,본리지구앞,6676,626
2013-03-01,본리초등학교건너,8192,2338
2013-03-01,본리초등학교앞,7683,1256
2013-03-01,본리치안센터건너,3576,475
2013-03-01,본리치안센터앞,3351,801
2013-03-01,본말(종점),96,0
2013-03-01,봉덕119안전센터건너,1098,37
2013-03-01,봉덕119안전센터앞,471,124
2013-03-01,봉덕2동새마을금고건너,1284,268
2013-03-01,봉덕2동새마을금고앞,1327,534
2013-03-01,봉덕교회건너,14515,2216
2013-03-01,봉덕교회앞,4993,1936
2013-03-01,봉덕변전소건너,2204,8
2013-03-01,봉덕변전소앞,3,42
2013-03-01,봉덕시장건너1,3738,2448
2013-03-01,봉덕시장건너2,621,295
2013-03-01,봉덕시장건너3,4578,1098
2013-03-01,봉덕시장앞1,10341,1419
2013-03-01,봉덕시장앞2,3989,3192
2013-03-01,봉무공원건너,32650,1067
2013-03-01,봉무청구새들마을건너,10345,3965
2013-03-01,봉무청구새들마을앞,2692,746
2013-03-01,봉산가구골목(동편),3737,1899
2013-03-01,봉산가구골목(서편),3345,350
2013-03-01,봉산문화거리건너,20407,8545
2013-03-01,봉산문화거리앞,12900,4939
2013-03-01,봉산육거리,3686,834
2013-03-01,봉촌1리1,496,0
2013-03-01,봉촌1리2,20,29
2013-03-01,봉촌1리3,170,1
2013-03-01,봉촌2리,433,0
2013-03-01,봉촌낙동길입구,357,2
2013-03-01,봉촌낙동길입구건너,5,42
2013-03-01,봉촌리,260,0
2013-03-01,부곡리,12,4
2013-03-01,부곡리건너,81,30
2013-03-01,부남교앞,17,0
2013-03-01,부동,1898,10
2013-03-01,부동(종점),45,2
2013-03-01,부동농협,986,11
2013-03-01,부동삼거리,2,12
2013-03-01,부영3단지,3358,501
2013-03-01,부영5단지,2125,345
2013-03-01,부영7단지건너,695,3
2013-03-01,부영7단지앞,15,29
2013-03-01,부인사건너,26,2
2013-03-01,부인사앞,82,2
2013-03-01,북구구민운동장건너,8110,395
2013-03-01,북구구민운동장앞,2227,1855
2013-03-01,북구보건소건너,3479,939
2013-03-01,북구보건소앞,5851,621
2013-03-01,북구선거관리위원회건너,6723,554
2013-03-01,북구선거관리위원회앞,7095,5109
2013-03-01,북구어울아트센터앞,112,102
2013-03-01,북구청건너,12593,4062
2013-03-01,북구청네거리1,1913,881
2013-03-01,북구청네거리2,3191,399
2013-03-01,북구청앞,13481,2444
2013-03-01,북구청역(3번출구),8753,2788
2013-03-01,북구청역(4번출구),5424,1974
2013-03-01,북대구세무서건너,7711,819
2013-03-01,북대구세무서앞,3946,1061
2013-03-01,북대구초등학교건너,2543,50
2013-03-01,북대구초등학교앞,738,309
2013-03-01,북동초등학교건너,989,351
2013-03-01,북동초등학교앞,4982,100
2013-03-01,북리1,2125,1211
2013-03-01,북리2,16267,262
2013-03-01,북부경찰서건너,2546,761
2013-03-01,북부상수도사업소,250,298
2013-03-01,북부정류장,90435,23463
2013-03-01,북부정류장건너,38149,25949
2013-03-01,북비산네거리1,10118,3035
2013-03-01,북비산네거리2,9553,1768
2013-03-01,북중학교앞,2871,255
2013-03-01,북침산치안센터건너,7668,1448
2013-03-01,북침산치안센터앞,6826,1691
2013-03-01,불교한방병원건너1,625,505
2013-03-01,불교한방병원건너2,1717,199
2013-03-01,불교한방병원앞1,3199,172
2013-03-01,불교한방병원앞2,2996,926
2013-03-01,불로삼거리,1969,3390
2013-03-01,불로우방아파트건너,7129,3639
2013-03-01,불로우방아파트앞,8701,2440
2013-03-01,불로전통시장건너,42742,4772
2013-03-01,불로전통시장앞,15027,9721
2013-03-01,불로천주교회건너,7003,1933
2013-03-01,불로천주교회앞,21489,3037
2013-03-01,불로화훼단지건너,3178,552
2013-03-01,불로화훼단지앞,3032,956
2013-03-01,비산5동주민센터,31,0
2013-03-01,비산6동주민센터건너,924,264
2013-03-01,비산6동주민센터앞,833,39
2013-03-01,비산7동우체국건너,3306,2016
2013-03-01,비산7동우체국앞1,15917,6244
2013-03-01,비산7동우체국앞2,15965,1640
2013-03-01,비산지하도1,10974,2602
2013-03-01,비산지하도2,18214,3451
2013-03-01,비산초등학교건너,10509,1042
2013-03-01,비산초등학교앞,12623,843
2013-03-01,비슬산휴양림주차장,87,12
2013-03-01,비원지구대건너,5993,280
2013-03-01,비원지구대앞,468,518
2013-03-01,비철금속협업단지앞,10118,422
2013-03-01,사복동입구교차로,200,679
2013-03-01,사복동입구교차로건너,29,93
2013-03-01,사월동(종점),732,45
2013-03-01,사월보성2차건너,8,388
2013-03-01,사월보성2차앞,2862,25
2013-03-01,사월역(2번출구),21596,6208
2013-03-01,사월역(4번출구),17599,19976
2013-03-01,사창마을건너,32,0
2013-03-01,사창마을앞,141,0
2013-03-01,산격4동주민센터건너,729,220
2013-03-01,산격4동주민센터앞,7939,498
2013-03-01,산격거평타운건너,801,1258
2013-03-01,산격거평타운앞,2256,736
2013-03-01,산격대우아파트앞,57799,16488
2013-03-01,산격문화회관건너,9268,689
2013-03-01,산격문화회관앞,3466,979
2013-03-01,산격종합시장앞,49994,29377
2013-03-01,산격주공아파트건너,3877,2978
2013-03-01,산격주공아파트앞,23705,3759
2013-03-01,산격중학교건너,5260,4334
2013-03-01,산격중학교앞,14238,1159
2013-03-01,산격청구맨션앞,6939,2491
2013-03-01,산격초등학교건너,10414,695
2013-03-01,산격초등학교앞,9762,873
2013-03-01,산림조합중앙회건너,1711,443
2013-03-01,산림조합중앙회앞,3260,323
2013-03-01,산업용재관,4060,4286
2013-03-01,삼덕교회,6121,2282
2013-03-01,삼덕동1,242,136
2013-03-01,삼덕동2,347,14
2013-03-01,삼덕성당앞,8091,1053
2013-03-01,삼리1리1,85,46
2013-03-01,삼리1리2,815,207
2013-03-01,삼리리1(논공),640,20
2013-03-01,삼리리2(논공),83,31
2013-03-01,삼보,814,65
2013-03-01,삼산리(범동교),38,5
2013-03-01,삼산리(삼산교회건너),4062,108
2013-03-01,삼산리(삼산교회앞),53,323
2013-03-01,삼산리(은지가든),13,5
2013-03-01,삼산리입구건너,584,7
2013-03-01,삼산리입구앞,1,50
2013-03-01,삼산지,356,3
2013-03-01,삼성공원아파트건너,686,140
2013-03-01,삼성래미안1차건너,5263,994
2013-03-01,삼성래미안1차앞,5237,1074
2013-03-01,삼성래미안2차건너,4206,1366
2013-03-01,삼성래미안2차앞,3600,657
2013-03-01,삼성명가타운,3284,424
2013-03-01,삼성명가타운건너,2318,312
2013-03-01,삼성물류센터앞,198,609
2013-03-01,삼성한국형아파트건너,1062,87
2013-03-01,삼성한국형아파트앞,1025,678
2013-03-01,삼우섬유앞,463,7
2013-03-01,삼육구가든건너,3,16
2013-03-01,삼육구가든앞,195,0
2013-03-01,삼익THK건너,311,83
2013-03-01,삼익THK앞,199,32
2013-03-01,삼익뉴타운건너,7002,1251
2013-03-01,삼익뉴타운앞,11915,1034
2013-03-01,삼정빌딩앞,947,364
2013-03-01,삼호아파트건너,836,218
2013-03-01,삼호아파트앞,1137,402
2013-03-01,삼환맨션,495,44
2013-03-01,상공회의소건너,4074,790
2013-03-01,상공회의소앞,4975,657
2013-03-01,상당마을,15,0
2013-03-01,상동가압장건너,927,286
2013-03-01,상동교1,256,129
2013-03-01,상동교2,2100,284
2013-03-01,상동네거리,4736,777
2013-03-01,상동마을(둔산길),703,0
2013-03-01,상동시장앞,2261,297
2013-03-01,상동우체국건너,4057,1108
2013-03-01,상동우체국앞,18683,2270
2013-03-01,상동천주교회건너,289,108
2013-03-01,상동천주교회앞,2442,855
2013-03-01,상록아파트,49,54
2013-03-01,상리공단,2048,88
2013-03-01,상리공단건너,600,178
2013-03-01,상리동입구,1923,44
2013-03-01,상리동입구1,3,270
2013-03-01,상리동입구2,3737,4
2013-03-01,상리동종점,0,78
2013-03-01,상리동종점2,1002,0
2013-03-01,상리동종점3,2921,184
2013-03-01,상리마을건너,1,16
2013-03-01,상리마을앞,44,2
2013-03-01,상리지하도1,2420,41
2013-03-01,상리지하도2,1689,78
2013-03-01,상매동(저탄장),22,0
2013-03-01,상서고등학교건너,2432,58
2013-03-01,상서고등학교앞,1352,84
2013-03-01,상수도사업본부,8985,1940
2013-03-01,상수도사업본부건너,6737,3509
2013-03-01,상수도사업본부시설관리소건너,9692,4418
2013-03-01,상수도사업본부시설관리소앞,1915,432
2013-03-01,상수도중남부사업소건너,1647,189
2013-03-01,상수도중남부사업소앞,501,142
2013-03-01,상원리(마을회관),452,0
2013-03-01,상원리(전평못식당),120,0
2013-03-01,상인2동주민센터건너,5781,273
2013-03-01,상인동서타운앞,17630,1988
2013-03-01,상인동화아이위시아파트건너,21774,2115
2013-03-01,상인동화아이위시아파트앞,2517,1899
2013-03-01,상인비둘기1단지아파트건너,5310,1424
2013-03-01,상인비둘기1단지아파트앞,19838,689
2013-03-01,상인비둘기2단지아파트앞,9802,815
2013-03-01,상인삼미타운건너,2368,3651
2013-03-01,상인삼미타운앞,4936,551
2013-03-01,상인역e-편한세상앞,6771,6805
2013-03-01,상인우방아파트,13664,9116
2013-03-01,상인은행아파트건너,7177,627
2013-03-01,상인은행아파트앞,4135,1397
2013-03-01,상인자이앞,6742,486
2013-03-01,상인장미아파트앞,11094,745
2013-03-01,상인제림아파트건너,5388,604
2013-03-01,상인제림아파트앞,1585,406
2013-03-01,상인청구타운건너,3128,155
2013-03-01,상인청구타운앞,1915,212
2013-03-01,상인초등학교앞,16559,2500
2013-03-01,상인한서타운앞,3799,563
2013-03-01,상인현대맨션건너,76703,9478
2013-03-01,상인현대맨션앞,26180,54249
2013-03-01,상인화성파크드림건너,944,539
2013-03-01,상인화성파크드림앞,1326,246
2013-03-01,상화네거리,191,351
2013-03-01,새길시장건너,12995,13798
2013-03-01,새길시장앞,34175,6333
2013-03-01,새동네아파트건너,52,3
2013-03-01,새동네아파트앞,477,478
2013-03-01,새마을건너,2,9
2013-03-01,새마을입구,134,0
2013-03-01,새범어아파트건너,1273,147
2013-03-01,새범어아파트앞,913,157
2013-03-01,새본리중학교앞,1365,181
2013-03-01,샤니삼거리1,132,0
2013-03-01,샤니삼거리2,2,0
2013-03-01,서구문화회관건너,2618,583
2013-03-01,서구문화회관앞,7934,1470
2013-03-01,서구시장건너,19907,5223
2013-03-01,서구시장앞,18697,3680
2013-03-01,서구제일사회복지관건너,1477,829
2013-03-01,서구제일사회복지관앞,4060,402
2013-03-01,서구청건너,46056,12769
2013-03-01,서구청앞,47366,10351
2013-03-01,서남시장건너,28216,10126
2013-03-01,서남시장앞1,21933,6206
2013-03-01,서남시장앞2,7270,3076
2013-03-01,서당마을건너,955,11
2013-03-01,서당마을앞,30,45
2013-03-01,서대구고속버스터미널,1122,340
2013-03-01,서대구공단네거리1,721,128
2013-03-01,서대구공단네거리2,441,96
2013-03-01,서대구공단네거리3,2475,374
2013-03-01,서대구공단네거리4,4153,538
2013-03-01,서대구세무서,9643,18643
2013-03-01,서대구시장건너,12401,8083
2013-03-01,서대구시장앞,12427,4196
2013-03-01,서대구초등학교입구,21683,9110
2013-03-01,서대명지구대건너,6658,1114
2013-03-01,서대명지구대앞,2466,1563
2013-03-01,서도초등학교건너,2434,461
2013-03-01,서도초등학교서편1,5,3
2013-03-01,서도초등학교서편2,1240,81
2013-03-01,서도초등학교앞,5125,493
2013-03-01,서문시장,82265,23689
2013-03-01,서문시장5지구앞,1187,554
2013-03-01,서변동영남네오빌건너,6203,925
2013-03-01,서변동영남네오빌앞,1893,415
2013-03-01,서부고등학교건너,1980,480
2013-03-01,서부고등학교앞,3372,180
2013-03-01,서부공업고등학교건너,10062,20613
2013-03-01,서부공업고등학교앞,26453,3683
2013-03-01,서부소방서,9,4
2013-03-01,서부시장건너,31680,7589
2013-03-01,서부시장앞,22697,8179
2013-03-01,서부정류장(관문시장건너),77668,39147
2013-03-01,서부정류장(관문시장앞),37679,23559
2013-03-01,서부정류장1,81352,24019
2013-03-01,서부정류장2,6169,2018
2013-03-01,서부정류장3(성당못역1번출구),23545,50270
2013-03-01,서부정류장4(성당못역1번출구),2938,2904
2013-03-01,서부중학교앞,9188,2354
2013-03-01,서영기공건너,140,0
2013-03-01,서영기공앞,5,16
2013-03-01,서재금봉타운,221,1054
2013-03-01,서재금봉타운건너,29233,83
2013-03-01,서재들,11,2
2013-03-01,서재들건너,34,1
2013-03-01,서재보성타운건너,15349,105
2013-03-01,서재보성타운앞,209,668
2013-03-01,서진중학교건너,941,317
2013-03-01,서평초등학교,3222,1387
2013-03-01,서평초등학교건너,2891,1456
2013-03-01,선녀곡건너(옥포),1166,42
2013-03-01,선녀곡앞(옥포),64,184
2013-03-01,설티고개(달성공단방면),4,2
2013-03-01,설티고개(옥포방면),32,0
2013-03-01,설화동(종점),396,18
2013-03-01,설화리(시내방향),6515,528
2013-03-01,설화리(시외방향),2176,529
2013-03-01,설화명곡역(4번출구),1,70
2013-03-01,섬뜸마을,619,0
2013-03-01,섬유회관건너1,55758,18087
2013-03-01,섬유회관건너2,4290,1628
2013-03-01,섬유회관앞,67012,35076
2013-03-01,성곡중학교건너,1630,310
2013-03-01,성곡중학교앞,1509,104
2013-03-01,성광고등학교건너,9653,378
2013-03-01,성광고등학교앞,660,493
2013-03-01,성남초등학교건너,1135,637
2013-03-01,성남초등학교앞,4640,243
2013-03-01,성내3동주민센터입구,1210,307
2013-03-01,성당두산위브앞,26844,3001
2013-03-01,성당래미안·e-편한세상앞,10727,2182
2013-03-01,성당못역북편1,623,1791
2013-03-01,성당못역북편2,2080,494
2013-03-01,성당보성아파트건너,20545,7162
2013-03-01,성당보성아파트앞,14753,4619
2013-03-01,성당시장건너,27287,8096
2013-03-01,성당시장앞1,5207,1053
2013-03-01,성당시장앞2,31509,4817
2013-03-01,성당초교앞,1058,179
2013-03-01,성당코오롱하늘채,8260,1322
2013-03-01,성당코오롱하늘채2,11487,5539
2013-03-01,성당포스코더샵건너,6574,1034
2013-03-01,성당포스코더샵앞,13568,1335
2013-03-01,성동건너,227,139
2013-03-01,성동마을건너,92,25
2013-03-01,성동마을앞,392,14
2013-03-01,성동앞,120,71
2013-03-01,성동초등학교건너,11729,2260
2013-03-01,성동초등학교앞,13604,2002
2013-03-01,성동탱자나무마을건너,39,12
2013-03-01,성동탱자나무마을앞,97,12
2013-03-01,성림첨단산업건너,33,7
2013-03-01,성림첨단산업앞,312,2
2013-03-01,성명119안전센터건너1,4066,1431
2013-03-01,성명119안전센터앞,1881,573
2013-03-01,성명여자중학교,368,30
2013-03-01,성모여성병원건너,33858,11431
2013-03-01,성모여성병원앞,32874,27732
2013-03-01,성보교통,2361,311
2013-03-01,성북교1,11240,3949
2013-03-01,성북교2,7267,3791
2013-03-01,성북시장건너,2690,791
2013-03-01,성북시장앞,11538,895
2013-03-01,성산3동,1,12
2013-03-01,성산리1,39,56
2013-03-01,성산리2,719,55
2013-03-01,성산중학교앞,2112,70
2013-03-01,성산초등학교앞,536,135
2013-03-01,성서119안전센터건너,513,7993
2013-03-01,성서119안전센터앞,14235,306
2013-03-01,성서4차산업단지앞1,599,127
2013-03-01,성서공단물류센터,314,2
2013-03-01,성서농협남부지소,14396,2688
2013-03-01,성서동서서한타운건너,4359,539
2013-03-01,성서동서서한타운앞,5469,372
2013-03-01,성서보성타운2차건너1,6171,431
2013-03-01,성서보성타운2차건너2,1145,157
2013-03-01,성서보성타운2차앞,8205,1287
2013-03-01,성서산업단지역(1번출구),6046,5140
2013-03-01,성서산업단지역(2번출구),11359,2462
2013-03-01,성서서한2차타운1,8453,326
2013-03-01,성서서한2차타운2,316,284
2013-03-01,성서우방2차아파트,1556,398
2013-03-01,성서우방타운건너,24401,2366
2013-03-01,성서우방타운앞,11293,5010
2013-03-01,성서우체국건너,2418,881
2013-03-01,성서우체국앞,493,681
2013-03-01,성서종합시장건너,20469,7413
2013-03-01,성서종합시장앞,58764,14081
2013-03-01,성서주공1단지건너,9262,1571
2013-03-01,성서주공1단지앞,2746,964
2013-03-01,성서주공2단지건너,15200,7608
2013-03-01,성서주공2단지앞,36880,2700
2013-03-01,성서주공5단지앞,290,231
2013-03-01,성서청구타운건너,9740,588
2013-03-01,성서청구타운앞,6740,588
2013-03-01,성서초등학교건너,4976,933
2013-03-01,성서초등학교앞,2684,870
2013-03-01,성서푸른마을아파트건너,8612,445
2013-03-01,성서푸른마을아파트앞,3047,632
2013-03-01,성서한샘타운앞,1732,186
2013-03-01,성서협업단지건너,127,6
2013-03-01,성서협업단지앞,8,14
2013-03-01,성요셉요양병원건너,154,150
2013-03-01,성요셉요양병원앞,1864,23
2013-03-01,성원아파트건너,1334,378
2013-03-01,성원아파트앞,8050,244
2013-03-01,성주사건너,184,3
2013-03-01,성주사앞,14,56
2013-03-01,성지중학교건너,5534,1370
2013-03-01,성지중학교앞,6897,2046
2013-03-01,성하리,11,65
2013-03-01,성화여고건너,10863,1612
2013-03-01,성화여고앞,6633,1849
2013-03-01,세강병원앞,9849,8700
2013-03-01,세원정공건너,10403,591
2013-03-01,세원정공앞,1577,5499
2013-03-01,세천리2,302,28
2013-03-01,세천리3,888,15
2013-03-01,세흥인쇄,936,66
2013-03-01,소선여중건너,7804,1895
2013-03-01,솔렌스힐건너,5105,510
2013-03-01,솔렌스힐앞,4033,376
2013-03-01,솔밭기세길건너,0,2
2013-03-01,솔밭기세길입구,65,0
2013-03-01,솔비식당입구,1,6
2013-03-01,솔비식당입구맞은편,275,3
2013-03-01,송원맨션건너,9723,423
2013-03-01,송원맨션앞,2403,1335
2013-03-01,송정1동,2,5
2013-03-01,송정동1,70,4
2013-03-01,송정동2,26,1
2013-03-01,송정동3,74,64
2013-03-01,송정동4,28,14
2013-03-01,송정마을1,9,15
2013-03-01,송정마을2,177,1
2013-03-01,송정삼거리1,585,1561
2013-03-01,송정삼거리2,355,310
2013-03-01,송정삼거리3,4461,16104
2013-03-01,송정삼거리4,5044,1307
2013-03-01,송해공원,7,0
2013-03-01,송현1동치안센터건너,6705,1041
2013-03-01,송현2동주민센터건너,783,134
2013-03-01,송현공원건너,580,118
2013-03-01,송현공원앞,899,169
2013-03-01,송현교,1296,81
2013-03-01,송현교2,103,40
2013-03-01,송현여중고교건너,2921,311
2013-03-01,송현여중고교앞,3820,961
2013-03-01,송현역(1번출구),11530,4066
2013-03-01,송현역(2번출구),17263,2599
2013-03-01,송현역(3번출구),18857,4961
2013-03-01,송현역(4번출구),6784,3374
2013-03-01,송현제림타운건너,5462,2296
2013-03-01,송현제림타운앞,3375,797
2013-03-01,송현초등학교건너,3436,636
2013-03-01,송현초등학교앞,8230,421
2013-03-01,수리리,71,0
2013-03-01,수성4가동주민센터앞,767,81
2013-03-01,수성경찰서건너,22779,7181
2013-03-01,수성경찰서앞,17480,7598
2013-03-01,수성고등학교건너,5643,252
2013-03-01,수성고등학교앞,3254,349
2013-03-01,수성관광호텔건너,2544,378
2013-03-01,수성관광호텔앞,1935,292
2013-03-01,수성교1,6113,2151
2013-03-01,수성교2,11713,1591
2013-03-01,수성구민운동장건너,9573,2164
2013-03-01,수성구민운동장앞,6295,3506
2013-03-01,수성구보건소건너,25820,3500
2013-03-01,수성구보건소앞,8951,3832
2013-03-01,수성구청건너,28935,6622
2013-03-01,수성구청앞,26286,11951
2013-03-01,수성네거리1,13168,3123
2013-03-01,수성네거리2,13131,2258
2013-03-01,수성대학교건너,48179,11283
2013-03-01,수성대학교앞,20925,13109
2013-03-01,수성도서관건너,14123,1785
2013-03-01,수성도서관앞,7071,2449
2013-03-01,수성동삼익맨션앞,866,46
2013-03-01,수성동일하이빌앞,168,103
2013-03-01,수성랜드1,3142,200
2013-03-01,수성랜드2,1079,1413
2013-03-01,수성랜드건너,1756,435
2013-03-01,수성랜드건너2,417,126
2013-03-01,수성랜드앞,1007,338
2013-03-01,수성롯데캐슬건너,12956,2077
2013-03-01,수성롯데캐슬앞,18052,3219
2013-03-01,수성못건너,1107,238
2013-03-01,수성못앞,1404,311
2013-03-01,수성못오거리1,12759,4072
2013-03-01,수성못오거리2,10964,7082
2013-03-01,수성못오거리5,853,483
2013-03-01,수성못코오롱하늘채,5130,2051
2013-03-01,수성소방서1,1744,221
2013-03-01,수성소방서2,98,567
2013-03-01,수성시니어클럽건너,2386,880
2013-03-01,수성시니어클럽앞,7317,780
2013-03-01,수성시장건너,2691,591
2013-03-01,수성시장네거리1,12041,2779
2013-03-01,수성시장네거리2,14341,7155
2013-03-01,수성시장앞,3007,1374
2013-03-01,수성아트피아건너,8001,1230
2013-03-01,수성아트피아앞,731,2228
2013-03-01,수성요양병원,688,160
2013-03-01,수성월드메르디앙건너,496,42
2013-03-01,수성월드메르디앙앞,769,87
2013-03-01,수성초등학교,9779,2995
2013-03-01,수성태영데시앙건너,1614,552
2013-03-01,수성태영데시앙앞,3463,507
2013-03-01,수성하이츠,2820,302
2013-03-01,수정맨션앞,2066,224
2013-03-01,수창초등학교,7591,2094
2013-03-01,스파밸리1,163,805
2013-03-01,스파밸리2,8613,109
2013-03-01,시립희망원,1881,501
2013-03-01,시민교회건너,1263,145
2013-03-01,시민교회앞,647,125
2013-03-01,시민운동장(야구장건너),3510,477
2013-03-01,시민운동장(야구장앞),2837,570
2013-03-01,시민운동장(축구장건너),4132,1884
2013-03-01,시민운동장(축구장앞),4654,1362
2013-03-01,시지(종점),491,518
2013-03-01,시지대성유니드건너,1070,145
2013-03-01,시지대성유니드앞,1678,162
2013-03-01,시지보성아파트앞,26061,8398
2013-03-01,시지중학교,26007,1066
2013-03-01,시지천마타운앞,4389,1285
2013-03-01,시청별관건너1,8431,2866
2013-03-01,시청별관건너2,6121,2046
2013-03-01,시청별관앞(구.경북도청),4888,2842
2013-03-01,신기리1,23,27
2013-03-01,신기리2,329,6
2013-03-01,신기역(화성타운건너),10219,2824
2013-03-01,신기역(화성타운앞),13953,3044
2013-03-01,신남역(1번출구),4389,1481
2013-03-01,신당동주민센터건너,1997,877
2013-03-01,신당동주민센터앞,8820,533
2013-03-01,신당리,4412,9
2013-03-01,신덕마을입구,2,47
2013-03-01,신도운수건너,1000,73
2013-03-01,신도운수앞,1030,86
2013-03-01,신매광장건너,41382,16662
2013-03-01,신매광장앞,46895,13105
2013-03-01,신매시장,6672,3227
2013-03-01,신매초등학교건너,9372,3170
2013-03-01,신매초등학교앞,8695,1169
2013-03-01,신매태성아파트,120,350
2013-03-01,신매태성아파트건너,6516,405
2013-03-01,신무동1,664,3
2013-03-01,신무동2,7,5
2013-03-01,신생원건너,0,3
2013-03-01,신생원앞,63,0
2013-03-01,신서성당건너,5849,153
2013-03-01,신서성당앞,2,220
2013-03-01,신성에스앤티건너,138,14
2013-03-01,신성에스앤티앞,336,10
2013-03-01,신성중공업건너,9,62
2013-03-01,신성중공업앞,247,0
2013-03-01,신성초등학교건너,5092,2395
2013-03-01,신성초등학교앞,9504,969
2013-03-01,신세계병원건너,22557,11463
2013-03-01,신세계병원앞,22242,8345
2013-03-01,신세계주유소건너,6529,298
2013-03-01,신세계주유소앞,983,706
2013-03-01,신세월입구,16,1
2013-03-01,신신정비공장1,9988,4883
2013-03-01,신신정비공장2,30050,13548
2013-03-01,신암건영캐스빌건너,3781,263
2013-03-01,신암건영캐스빌앞,1107,122
2013-03-01,신암보성아파트건너,1716,487
2013-03-01,신암보성아파트앞,1176,348
2013-03-01,신암초등학교건너,5196,1458
2013-03-01,신천3동행정복지센터건너,3334,544
2013-03-01,신천3동행정복지센터앞,1880,644
2013-03-01,신천3치안센터건너,4292,1082
2013-03-01,신천3치안센터앞,4704,1933
2013-03-01,신천LH아파트건너,8237,1550
2013-03-01,신천LH아파트앞,12153,1546
2013-03-01,신천교1,1698,435
2013-03-01,신천교2,1441,236
2013-03-01,신천시장건너,2816,787
2013-03-01,신천시장앞,4263,692
2013-03-01,신천역(2번출구),3943,3302
2013-03-01,신천역(3번출구),2166,1424
2013-03-01,신천역(4번출구),5699,4535
2013-03-01,신천역(5번출구),9827,3202
2013-03-01,신천초등학교건너,618,74
2013-03-01,신천초등학교앞,346,75
2013-03-01,신평동1,391,1305
2013-03-01,신평동2,1711,198
2013-03-01,신평리네거리1,23310,8273
2013-03-01,신평리네거리2,28195,9589
2013-03-01,신평리주유소건너,1633,215
2013-03-01,신평리주유소앞,613,179
2013-03-01,신흥버스,12945,3760
2013-03-01,실내체육관건너,3585,579
2013-03-01,실내체육관앞,4420,616
2013-03-01,심신수련장입구건너,1359,182
2013-03-01,심신수련장입구앞,627,90
2013-03-01,심인고등학교건너,28291,1485
2013-03-01,심인고등학교앞,14068,1814
2013-03-01,쌍용머티리얼,1469,34
2013-03-01,아너스월성앞,1776,497
2013-03-01,아멕스,439,13
2013-03-01,아멕스건너,730,14
2013-03-01,아양교1,3859,1299
2013-03-01,아양교2,13259,5545
2013-03-01,아양교3,3516,8514
2013-03-01,아양교4,6415,633
2013-03-01,아양교역(1번출구),72026,93894
2013-03-01,아양교역(2번출구),111331,29747
2013-03-01,아양아트센터건너,3905,176
2013-03-01,아양아트센터앞,1059,609
2013-03-01,아주섬유건너,5,7
2013-03-01,아주섬유앞,90,1
2013-03-01,아주철강건너,103,7
2013-03-01,아주철강앞,54,4
2013-03-01,안심교(경산방향),529,157
2013-03-01,안심교(반야월방향),385,2195
2013-03-01,안심신우타운앞,1488,1055
2013-03-01,안심역(4번출구),52398,1142
2013-03-01,안심역(5번출구),4830,57786
2013-03-01,안심주공1단지건너,12576,714
2013-03-01,안심주공1단지앞,5092,797
2013-03-01,안심주공2단지앞,5970,906
2013-03-01,안심중학교건너,1802,976
2013-03-01,안심중학교앞,4044,2441
2013-03-01,안심효성타운건너,12095,3145
2013-03-01,안심효성타운앞,21384,5138
2013-03-01,안지랑네거리1,27973,6725
2013-03-01,안지랑네거리2,24053,17920
2013-03-01,앞산공원,12781,5242
2013-03-01,앞산공원관리사무소건너,217,3
2013-03-01,앞산공원관리사무소앞,31,445
2013-03-01,앞산궁도장건너,645,112
2013-03-01,앞산궁도장앞,259,60
2013-03-01,앞산별자리체험학습장1,3149,23
2013-03-01,앞산별자리체험학습장2,88,442
2013-03-01,앞산보성타운건너,13,65
2013-03-01,앞산보성타운앞,3692,3
2013-03-01,앞산빨래터공원,280,137
2013-03-01,앞산빨래터공원1,837,59
2013-03-01,앞산자락카페마실건너,45,34
2013-03-01,앞산자락카페마실앞,1087,574
2013-03-01,앞산청구제네스건너,6881,1809
2013-03-01,앞산청구제네스앞,16383,1426
2013-03-01,앞산힐스테이트건너,2741,178
2013-03-01,앞산힐스테이트앞,1142,285
2013-03-01,약령시건너(동성로입구),223334,40690
2013-03-01,약령시앞,167702,96764
2013-03-01,약령시입구,2987,3464
2013-03-01,약사회관건너,268,45
2013-03-01,약사회관앞,804,44
2013-03-01,약산온천,2,1
2013-03-01,약산온천입구,2972,98
2013-03-01,양지마을건너,14,361
2013-03-01,양지마을앞,6551,5
2013-03-01,어린이회관건너1,3983,2503
2013-03-01,어린이회관건너2,89,142
2013-03-01,어린이회관앞,9785,2135
2013-03-01,에이스이노텍건너,210,23
2013-03-01,에이스이노텍앞,75,4
2013-03-01,엑스코건너,3316,1815
2013-03-01,엑스코앞,13589,1142
2013-03-01,엘디스리젠트호텔건너,4040,1670
2013-03-01,엘디스리젠트호텔앞,6568,2649
2013-03-01,여성메디파크,3192,597
2013-03-01,역전시장건너,5689,889
2013-03-01,역전시장앞,5138,840
2013-03-01,연경1,118,41
2013-03-01,연경2,559,3
2013-03-01,연암네거리1,19273,9746
2013-03-01,연암네거리2,4448,574
2013-03-01,연암네거리3,583,525
2013-03-01,연젓마을건너,23,0
2013-03-01,연젓마을입구,1,6
2013-03-01,연호동,8,1
2013-03-01,연호동(종점),14,0
2013-03-01,연호동화훼단지1,3372,4220
2013-03-01,연호동화훼단지2,7550,2218
2013-03-01,연호역(3번출구),74,5
2013-03-01,연호역(3번출구)건너,4,66
2013-03-01,연호지,365,246
2013-03-01,연화리1,13,11
2013-03-01,연화리2,2,39
2013-03-01,열병합발전소건너,1,0
2013-03-01,열병합발전소앞,1,0
2013-03-01,영남고등학교건너,14551,26806
2013-03-01,영남고등학교앞,40729,7167
2013-03-01,영남네오빌건너,1026,35
2013-03-01,영남네오빌비스타,1389,203
2013-03-01,영남네오빌앞,338,133
2013-03-01,영남농업연구소콩연구,0,7
2013-03-01,영남우방타운1차건너,4726,437
2013-03-01,영남우방타운1차앞,6054,344
2013-03-01,영남이공대학건너,15511,2704
2013-03-01,영남이공대학앞,30183,1759
2013-03-01,영남일보건너,3191,502
2013-03-01,영남종합전기,287,36
2013-03-01,영대병원역,42100,4032
2013-03-01,영대병원역(3번출구),32882,31196
2013-03-01,영일무역건너,230,4
2013-03-01,영일무역앞,63,9
2013-03-01,영조아파트건너,7,124
2013-03-01,영조아파트앞,2057,14
2013-03-01,영진고등학교건너,28751,3987
2013-03-01,영진고등학교앞,37989,23373
2013-03-01,영진산업,333,5
2013-03-01,영진전문대학정문건너,11459,2366
2013-03-01,영진전문대학정문앞,23751,2663
2013-03-01,영진전문대학후문건너,38051,6144
2013-03-01,영진전문대학후문앞,56841,14771
2013-03-01,영화,652,23
2013-03-01,예현2리마을회관,197,3
2013-03-01,오2리(음지머구),219,0
2013-03-01,오뚜기물류센터,193,24
2013-03-01,오리(양지마을),265,0
2013-03-01,오설리,6,5
2013-03-01,오성아파트,156,5723
2013-03-01,오페라삼정그린코아APT,15101,3420
2013-03-01,오페라하우스건너,1533,226
2013-03-01,오페라하우스앞,1443,165
2013-03-01,옥분리(구진터),216,0
2013-03-01,옥분리1,14,35
2013-03-01,옥분리마을회관앞,497,8
2013-03-01,옥산정미소,234,3
2013-03-01,옥연지,30,5
2013-03-01,옥연지건너,164,3
2013-03-01,옥포간경리1,1246,909
2013-03-01,옥포간경리2,9305,397
2013-03-01,옥포농협,259,22
2013-03-01,옥포농협강림지소건너,876,426
2013-03-01,옥포농협강림지소앞,4114,244
2013-03-01,옥포농협건너,3307,263
2013-03-01,옥포농협앞,617,564
2013-03-01,옥포무지개마을,2816,107
2013-03-01,옥포주유소앞,778,150
2013-03-01,옥포중앙교회앞,178,69
2013-03-01,옥포초등학교건너,712,622
2013-03-01,옥포초등학교앞,7438,509
2013-03-01,올림픽기념관건너,8423,3766
2013-03-01,올림픽기념관앞,14536,4435
2013-03-01,와룡공원건너,508,259
2013-03-01,와룡공원앞,1008,101
2013-03-01,와룡시장,3310,321
2013-03-01,와룡시장건너,1958,856
2013-03-01,용계동1,177,84
2013-03-01,용계동2,637,84
2013-03-01,용계동3,622,58
2013-03-01,용계동4,4521,169
2013-03-01,용계삼거리1,11028,8053
2013-03-01,용계삼거리2,3863,1204
2013-03-01,용계삼거리3,783,1050
2013-03-01,용계삼거리4,532,334
2013-03-01,용계역(1번출구),12238,12230
2013-03-01,용계역(2번출구),8541,2236
2013-03-01,용산1동주민센터건너,9888,1514
2013-03-01,용산1동주민센터앞,4187,795
2013-03-01,용산2동주민센터건너,2730,773
2013-03-01,용산2동주민센터건너2,2532,1303
2013-03-01,용산2동주민센터앞,34706,2391
2013-03-01,용산네거리1,24007,4170
2013-03-01,용산네거리2,11553,8823
2013-03-01,용산역,1195,227
2013-03-01,용산역(1번출구),54344,11238
2013-03-01,용산역(2번출구),39404,11373
2013-03-01,용산종합큰시장건너,13423,1419
2013-03-01,용산종합큰시장앞,7718,1804
2013-03-01,용수동1,22,17
2013-03-01,용수동2,755,0
2013-03-01,용연사,322,22
2013-03-01,용연사시설집단지구건너,108,0
2013-03-01,용연사시설집단지구앞,4,5
2013-03-01,우록리,1857,2
2013-03-01,우록리(부곡장식당),5,3
2013-03-01,우록리(선흥사입구),2,6
2013-03-01,우록리(종점),569,32
2013-03-01,우방강촌마을건너,31694,4119
2013-03-01,우방강촌마을앞,12363,5673
2013-03-01,우방금탑아파트(서편),3852,5606
2013-03-01,우방드림시티건너,2821,2465
2013-03-01,우방드림시티앞,7136,816
2013-03-01,우방만촌하이츠건너,14213,1211
2013-03-01,우방만촌하이츠앞,4809,2056
2013-03-01,우방송현하이츠,686,76
2013-03-01,우방송현하이츠건너,360,42
2013-03-01,우방신세계타운앞,745,69
2013-03-01,우방신천지타운건너,3891,1542
2013-03-01,우방신천지타운앞,11583,1532
2013-03-01,우방아파트삼거리,410,251
2013-03-01,우방죽전타운건너,9907,5393
2013-03-01,우방죽전타운앞1,8254,1435
2013-03-01,우방죽전타운앞2,2374,998
2013-03-01,우방청솔맨션건너,16279,1931
2013-03-01,우방청솔맨션앞,17117,6633
2013-03-01,욱수초등학교건너,4081,2700
2013-03-01,욱수초등학교앞,28831,1127
2013-03-01,운암지공원1,369,12
2013-03-01,운암지공원2,22,86
2013-03-01,운암초등학교건너,11521,1159
2013-03-01,운암초등학교앞,11855,127
2013-03-01,웃갈미마을건너,333,2
2013-03-01,웃갈미마을앞,8,25
2013-03-01,웃는얼굴아트센터1,1127,42
2013-03-01,웃는얼굴아트센터2,4,121
2013-03-01,원대네거리,911,161
2013-03-01,원대시장건너,21909,2883
2013-03-01,원대시장건너2,2014,1988
2013-03-01,원대시장앞,15967,9528
2013-03-01,원대역1,11367,11227
2013-03-01,원대역2,28531,2987
2013-03-01,원대오거리북편1,2501,898
2013-03-01,원대오거리북편2,1042,446
2013-03-01,원불교앞,545,692
2013-03-01,월곡네거리,308,733
2013-03-01,월광수변공원,585,239
2013-03-01,월드컵삼거리,638,345
2013-03-01,월드컵삼거리앞,1057,292
2013-03-01,월배농협대덕지점건너,3373,753
2013-03-01,월배시장건너,15425,4288
2013-03-01,월배시장앞,14071,3130
2013-03-01,월배쌍용예가건너,594,0
2013-03-01,월배쌍용예가앞,3,68
2013-03-01,월배역(3번출구),10598,4566
2013-03-01,월배역(4번출구),10491,1731
2013-03-01,월배이안아파트건너,87,1
2013-03-01,월배이안아파트앞,18,10
2013-03-01,월배중학교건너,2281,350
2013-03-01,월배중학교앞,1040,578
2013-03-01,월배차량기지건너,2,17
2013-03-01,월배차량기지앞,218,11
2013-03-01,월배초등학교건너,12655,1413
2013-03-01,월배힐스테이트건너,1488,5
2013-03-01,월배힐스테이트앞,8,158
2013-03-01,월성1동주민센터건너,2435,471
2013-03-01,월성1동주민센터앞,4219,282
2013-03-01,월성2동주민센터건너,16767,2508
2013-03-01,월성2동주민센터앞,29410,2007
2013-03-01,월성e-편한세상건너,19869,3895
2013-03-01,월성e-편한세상앞,12960,4621
2013-03-01,월성영남맨션앞,817,180
2013-03-01,월성자이앞,1805,367
2013-03-01,월성주공2단지앞,12621,1208
2013-03-01,월성주공3단지,1920,454
2013-03-01,월성주공4단지건너,42750,4032
2013-03-01,월성주공4단지앞1,3259,135
2013-03-01,월성주공4단지앞2,20520,4966
2013-03-01,월성주공5단지앞,6875,5296
2013-03-01,월성청구코아건너,20203,1462
2013-03-01,월성청구코아앞,11110,2150
2013-03-01,월성코오롱하늘채건너,757,236
2013-03-01,월성코오롱하늘채앞,2252,90
2013-03-01,월성푸르지오앞,12680,1897
2013-03-01,월암교1,928,6
2013-03-01,월암교2,222,39
2013-03-01,월촌고가교1,400,274
2013-03-01,월촌고가교2,2180,124
2013-03-01,월촌역(6번출구),17748,4080
2013-03-01,월촌역(7번출구),10013,2652
2013-03-01,월촌초등학교건너,1316,254
2013-03-01,월촌초등학교앞,1572,279
2013-03-01,위남마을입구,2940,239
2013-03-01,위천1리건너,350,62
2013-03-01,위천1리앞,1329,58
2013-03-01,위천삼거리(논공방향),283,49
2013-03-01,위천삼거리(현풍방향),207,44
2013-03-01,유가사(종점),503,41
2013-03-01,유가차천,1508,179
2013-03-01,유가차천1,394,268
2013-03-01,유곡리(회차지),9,0
2013-03-01,유니버시아드레포츠센터건너,2928,631
2013-03-01,유니버시아드선수촌2단지건너,16700,1131
2013-03-01,유니버시아드선수촌2단지앞,3175,1042
2013-03-01,유림물산,1421,154
2013-03-01,유림한의원건너,175,167
2013-03-01,유산리,121,1
2013-03-01,유신섬유네거리1,716,143
2013-03-01,유신섬유네거리2,2409,61
2013-03-01,유천교(유천치안센터건너),12058,5130
2013-03-01,유천교(유천치안센터앞),18059,14362
2013-03-01,유천교1,11373,814
2013-03-01,유천교2,2127,6861
2013-03-01,유천포스코건너,4187,260
2013-03-01,유천포스코앞,5016,2168
2013-03-01,유통단지회차지,2446,905
2013-03-01,유통단지회차지2,3387,269
2013-03-01,육신사,112,15
2013-03-01,율원초등학교건너,88,534
2013-03-01,율원초등학교앞,3040,23
2013-03-01,율하역,624,3953
2013-03-01,율하역(4번출구),6581,2351
2013-03-01,율하역(5번출구),9845,1718
2013-03-01,율하휴먼시아15단지앞,6040,922
2013-03-01,율하휴먼시아5단지건너,151,229
2013-03-01,율하휴먼시아5단지앞,2714,115
2013-03-01,율하휴먼시아6단지건너,1272,569
2013-03-01,율하휴먼시아6단지앞,10433,178
2013-03-01,율하휴먼시아8단지앞,8233,115
2013-03-01,율하휴먼시아9단지앞,1385,419
2013-03-01,은하타운건너,2539,964
2013-03-01,은하타운앞,1723,592
2013-03-01,은행APT입구,493,155
2013-03-01,읍내동주민센터건너,5736,3825
2013-03-01,읍내동주민센터앞,281,276
2013-03-01,응암1리1,3,0
2013-03-01,응암1리2,8,0
2013-03-01,응암2리,36,0
2013-03-01,응암2리건너,76,20
2013-03-01,응암2리앞,12,14
2013-03-01,응암3리2,106,0
2013-03-01,이곡1동주민센터건너,7934,712
2013-03-01,이곡1동주민센터앞,2581,1330
2013-03-01,이곡마을,487,2
2013-03-01,이곡양수장건너,91,45
2013-03-01,이곡양수장앞,202,156
2013-03-01,이곡장미공원건너,2346,454
2013-03-01,이곡장미공원앞,4606,584
2013-03-01,이마트경산점,9864,1922
2013-03-01,이마트반야월점건너,1482,400
2013-03-01,이마트반야월점앞,2765,663
2013-03-01,이마트시지점건너,4626,2202
2013-03-01,이마트시지점앞,531,840
2013-03-01,이마트월배점건너,5056,2133
2013-03-01,이마트월배점앞,6736,1087
2013-03-01,이마트칠성점앞,26339,4409
2013-03-01,이마트트레이더스건너,8659,3710
2013-03-01,이마트트레이더스앞,21770,7397
2013-03-01,이시아폴리스더샵1단지,4050,287
2013-03-01,이시아폴리스더샵2단지,828,798
2013-03-01,이월드(구.우방랜드)건너,1600,134
2013-03-01,이월드(구.우방랜드)앞,533,437
2013-03-01,이월드(구.우방랜드)정문,5188,2872
2013-03-01,이월드(구.우방랜드)후문건너,2947,385
2013-03-01,이월드(구.우방랜드)후문앞,1978,325
2013-03-01,이천동,27,1
2013-03-01,이천동(종점),104,1
2013-03-01,이천리(시내방향),169,3
2013-03-01,이천리(시외방향),124,0
2013-03-01,이천새마을금고건너,15874,769
2013-03-01,이천치안센터건너,1822,981
2013-03-01,이현고개삼거리,4,0
2013-03-01,이현삼거리1,131,140
2013-03-01,이현삼거리2,933,88
2013-03-01,이현삼거리3,3223,772
2013-03-01,이현자동차검사소건너,1467,81
2013-03-01,이현자동차검사소앞,819,93
2013-03-01,이현지구대건너,794,163
2013-03-01,이현지구대앞,476,94
2013-03-01,인동촌시장건너,3031,1375
2013-03-01,인동촌시장입구,12503,617
2013-03-01,인산마을건너,766,49
2013-03-01,인산마을앞,45,38
2013-03-01,인지초등학교입구,2,0
2013-03-01,일심제약,127,4
2013-03-01,입석중학교건너,11710,1535
2013-03-01,입석중학교앞,4422,2095
2013-03-01,잉꼬아파트건너,597,207
2013-03-01,잉꼬아파트앞,1664,508
2013-03-01,자모공원,12,0
2013-03-01,장관빌라건너,1406,88
2013-03-01,장관빌라앞,1016,221
2013-03-01,장기영남네오빌,48,95
2013-03-01,장기초등학교,1410,40
2013-03-01,장기초등학교1,10,28
2013-03-01,장기초등학교2,122,1
2013-03-01,장기초록나라건너,2907,1674
2013-03-01,장기초록나라앞,9301,578
2013-03-01,장기파랑새마을앞,68,159
2013-03-01,장동초등학교건너,3174,12
2013-03-01,장동초등학교앞,76,322
2013-03-01,장산초등학교건너,450,119
2013-03-01,장산초등학교앞,952,68
2013-03-01,장성초등학교건너,597,3223
2013-03-01,장성초등학교앞,440,759
2013-03-01,장태실마을건너,238,2
2013-03-01,장태실마을앞,9,14
2013-03-01,적십자혈액원건너,4381,568
2013-03-01,적십자혈액원앞,2422,523
2013-03-01,전기안전공사건너,1222,2937
2013-03-01,전기안전공사앞,2803,255
2013-03-01,전기재료관1,530,145
2013-03-01,전기재료관2,239,150
2013-03-01,전자관,4897,1251
2013-03-01,전자상가,11255,1034
2013-03-01,정대1리(바깥매남),111,0
2013-03-01,정대1리(안매남),107,0
2013-03-01,정대2리마을회관앞,143,20
2013-03-01,정대리(대구미술광장),210,0
2013-03-01,정대숲,317,0
2013-03-01,정대숲건너,0,6
2013-03-01,정대숲앞,628,0
2013-03-01,정동고등학교건너,5621,1837
2013-03-01,정동고등학교앞,11760,915
2013-03-01,정부대구지방합동청사건너,247,14
2013-03-01,정부대구지방합동청사앞,80,53
2013-03-01,정부대구지방합동청사후문1,428,92
2013-03-01,정화우방팔레스,12668,11511
2013-03-01,정화우방팔레스건너,22987,4723
2013-03-01,제일규산,1145,61
2013-03-01,제일여자상업고등학교건너,21200,7424
2013-03-01,제일여자상업고등학교앞,29687,5103
2013-03-01,조달청건너,3813,1299
2013-03-01,조달청앞,10794,476
2013-03-01,조암네거리1,1753,46
2013-03-01,조암네거리2,336,195
2013-03-01,조암초등학교건너,16,1
2013-03-01,조암초등학교앞,72,0
2013-03-01,조야동(종점),11899,337
2013-03-01,조일로봇고등학교(종점),7116,441
2013-03-01,주1리1,23,34
2013-03-01,주1리2,762,19
2013-03-01,주2리(최정사입구),2,21
2013-03-01,주2리1,316,4
2013-03-01,주리(삼진식당),8,12
2013-03-01,죽곡2지구1,4,5
2013-03-01,죽곡2지구2,36,7
2013-03-01,죽전119안전센터건너,3970,1038
2013-03-01,죽전119안전센터앞,4779,802
2013-03-01,죽전그린빌건너,3250,1606
2013-03-01,죽전그린빌앞,11760,1224
2013-03-01,죽전네거리1,32336,4105
2013-03-01,죽전네거리2,14761,9260
2013-03-01,중구보건소건너,3135,2002
2013-03-01,중구보건소앞,2195,845
2013-03-01,중구청건너,24769,6349
2013-03-01,중구청앞,27361,9496
2013-03-01,중대1동회관앞,1784,4
2013-03-01,중동교1,3876,2014
2013-03-01,중동교2,1252,200
2013-03-01,중동네거리1,6462,642
2013-03-01,중동네거리2,3157,1543
2013-03-01,중동서울아파트건너,339,85
2013-03-01,중동서울아파트앞,1289,42
2013-03-01,중동시장건너,16781,9036
2013-03-01,중동시장앞,24849,5742
2013-03-01,중동주민센터건너,564,127
2013-03-01,중동주민센터앞,332,72
2013-03-01,중동치안센터건너,1758,63
2013-03-01,중동치안센터앞,458,161
2013-03-01,중리광명맨션건너,13159,2312
2013-03-01,중리광명맨션앞,10141,2041
2013-03-01,중리네거리1,6634,1383
2013-03-01,중리네거리2,4010,1850
2013-03-01,중리롯데캐슬건너,11373,1975
2013-03-01,중리롯데캐슬서편,4201,1103
2013-03-01,중리롯데캐슬앞,15493,2749
2013-03-01,중리롯데캐슬정문앞,519,111
2013-03-01,중리마을,4116,13
2013-03-01,중리삼거리1,16,115
2013-03-01,중리삼거리2,1597,10
2013-03-01,중리시장건너1,260,199
2013-03-01,중리시장건너2,1020,41
2013-03-01,중리시장앞,8911,2482
2013-03-01,중리중학교,661,62
2013-03-01,중마을(갓바위방향),15,77
2013-03-01,중마을(시내방향),712,0
2013-03-01,중부소방서건너,3459,409
2013-03-01,중부소방서앞,6449,599
2013-03-01,중석타운건너,105,226
2013-03-01,중석타운앞,10944,269
2013-03-01,중소기업관건너,53,101
2013-03-01,중소기업관앞,1469,73
2013-03-01,중소기업지원센터,574,82
2013-03-01,중심마을,418,9
2013-03-01,중앙일보건너,1381,929
2013-03-01,중앙일보앞,5457,217
2013-03-01,지묘동1,2673,565
2013-03-01,지묘동2,7169,216
2013-03-01,지묘초등학교건너,9465,305
2013-03-01,지묘초등학교앞,829,275
2013-03-01,지산2길입구,395,13
2013-03-01,지산2길입구건너,228,17
2013-03-01,지산동서맨션건너,7017,2541
2013-03-01,지산동서맨션앞,22775,1887
2013-03-01,지산목련아파트건너,26362,2353
2013-03-01,지산목련아파트앞,10276,4281
2013-03-01,지산시영아파트1단지건너,1852,606
2013-03-01,지산시영아파트1단지앞,6131,259
2013-03-01,지산영남맨션앞,3251,708
2013-03-01,지산우방아파트,6506,486
2013-03-01,지산중학교입구,702,161
2013-03-01,지산청구타운건너,2880,1739
2013-03-01,지산청구타운앞,19173,418
2013-03-01,지산타운건너,20467,1356
2013-03-01,지산타운앞,3257,5417
2013-03-01,지산한라타운건너,22094,371
2013-03-01,지산한라타운앞,2921,1900
2013-03-01,지산현대주택건너,6231,1286
2013-03-01,지산현대주택앞,10920,716
2013-03-01,지산화성파크드림,1870,186
2013-03-01,지저동행정복지센터건너,20679,1257
2013-03-01,지저동행정복지센터앞,3785,1109
2013-03-01,진달래아파트건너,7621,3298
2013-03-01,진달래아파트앞,15592,2070
2013-03-01,진월초등학교건너,1938,309
2013-03-01,진월초등학교앞,538,203
2013-03-01,진인동(양지마을)건너,17,14
2013-03-01,진인동(양지마을)앞,170,1
2013-03-01,진인동(진정마을)1,104,7
2013-03-01,진인동(진정마을)2,2,0
2013-03-01,진정마을1,1251,38
2013-03-01,진정마을2,92,33
2013-03-01,진천역(1번출구),38536,7685
2013-03-01,진천역(2번출구),19443,11109
2013-03-01,진천청구타운건너,909,658
2013-03-01,진천청구타운앞,2435,414
2013-03-01,징리보건소,277,0
2013-03-01,차량등록사업소건너,2168,299
2013-03-01,차량등록사업소앞,892,87
2013-03-01,창1리1,7,4
2013-03-01,창1리2,111,2
2013-03-01,천내영남맨션,57,0
2013-03-01,청구고등학교건너,18744,2168
2013-03-01,청구고등학교앞,23595,4421
2013-03-01,청구그린맨션1차건너,14424,2260
2013-03-01,청구그린맨션1차앞,14312,1844
2013-03-01,청구시장건너,6398,896
2013-03-01,청구시장건너2,528,105
2013-03-01,청구시장북편,1874,416
2013-03-01,청구시장북편건너,3118,259
2013-03-01,청구시장앞,6395,1385
2013-03-01,청구중동아파트,669,98
2013-03-01,청구타운건너,1165,452
2013-03-01,청구타운앞,1367,220
2013-03-01,청기와주유소건너,10643,3299
2013-03-01,청기와주유소앞,18404,6904
2013-03-01,청남타운건너,1919,28
2013-03-01,청남타운앞,327,424
2013-03-01,청백다례원,1443,289
2013-03-01,청소년수련원건너,340,34
2013-03-01,청소년수련원앞,601,224
2013-03-01,청아람푸르지오2단지1,1,0
2013-03-01,청아람푸르지오2단지2,59,0
2013-03-01,청운맨션건너,1791,174
2013-03-01,청운맨션앞,896,370
2013-03-01,충혼탑건너,4795,55
2013-03-01,충혼탑앞,152,607
2013-03-01,측백수림건너,651,1
2013-03-01,측백수림앞,9,28
2013-03-01,칠곡2차영남타운건너,3030,737
2013-03-01,칠곡2차영남타운앞,4848,222
2013-03-01,칠곡3차보성타운1,1003,468
2013-03-01,칠곡3차보성타운2,6215,591
2013-03-01,칠곡3차화성타운1,5246,31
2013-03-01,칠곡3차화성타운2,10866,190
2013-03-01,칠곡3차화성타운3,74,240
2013-03-01,칠곡경대병원역,66,134
2013-03-01,칠곡경북대병원,555,354
2013-03-01,칠곡경북대병원정문건너,224,310
2013-03-01,칠곡경북대병원정문앞,4173,39
2013-03-01,칠곡경북대병원후문건너,65,446
2013-03-01,칠곡경북대병원후문앞,4715,46
2013-03-01,칠곡그린빌2차건너,27377,1022
2013-03-01,칠곡그린빌2차앞,1520,2373
2013-03-01,칠곡그린빌3차건너,16132,280
2013-03-01,칠곡그린빌3차앞,319,1466
2013-03-01,칠곡그린빌5단지건너,2926,153
2013-03-01,칠곡그린빌5단지앞,2983,379
2013-03-01,칠곡그린빌6단지건너,1131,81
2013-03-01,칠곡그린빌6단지앞,254,83
2013-03-01,칠곡그린파크1,7984,3424
2013-03-01,칠곡그린파크2,18828,1922
2013-03-01,칠곡네스빌,154,130
2013-03-01,칠곡대백맨션건너,5698,22
2013-03-01,칠곡대백맨션앞,361,564
2013-03-01,칠곡동화아파트건너,3655,1565
2013-03-01,칠곡동화아파트앞,17783,1094
2013-03-01,칠곡롯데아파트건너,66,232
2013-03-01,칠곡롯데아파트앞,3318,17
2013-03-01,칠곡부영1단지,4666,222
2013-03-01,칠곡서한맨션,1230,1
2013-03-01,칠곡서한맨션앞,140,623
2013-03-01,칠곡시장건너,14122,1064
2013-03-01,칠곡시장앞,2017,1462
2013-03-01,칠곡에덴타운건너,32413,6897
2013-03-01,칠곡에덴타운앞,25118,9231
2013-03-01,칠곡우방타운건너(종점),3691,20
2013-03-01,칠곡우방타운건너(종점),1190,17
2013-03-01,칠곡우방타운앞(종점),942,232
2013-03-01,칠곡주공그린빌1단지건너,2307,673
2013-03-01,칠곡주공그린빌1단지앞,7365,440
2013-03-01,칠곡중학교건너(칠곡향교건너),1803,730
2013-03-01,칠곡중학교앞(칠곡향교앞),23184,1905
2013-03-01,칠곡청구타운건너,656,415
2013-03-01,칠곡청구타운앞,4986,230
2013-03-01,칠곡초등학교건너,249,122
2013-03-01,칠곡초등학교앞,725,144
2013-03-01,칠곡한라타운건너,6104,134
2013-03-01,칠곡한라타운앞,81,531
2013-03-01,칠곡한서타운건너,10527,380
2013-03-01,칠곡한신아파트건너,2113,176
2013-03-01,칠곡한신아파트앞1,10931,100
2013-03-01,칠곡한신아파트앞2,1316,117
2013-03-01,칠곡화성타운건너,8532,225
2013-03-01,칠곡화성타운앞1,7196,1240
2013-03-01,칠곡화성타운앞2,2437,795
2013-03-01,칠성고가도로하단,628,147
2013-03-01,칠성꽃도매시장건너,1024,1062
2013-03-01,칠성꽃도매시장앞,2249,616
2013-03-01,칠성시장(농협건너),164,494
2013-03-01,칠성시장(농협앞),1174,151
2013-03-01,칠성시장(양친회신협),2,167
2013-03-01,칠성시장(전자상가건너),5479,757
2013-03-01,칠성시장(전자상가앞),1654,2294
2013-03-01,칠성시장건너,44164,26806
2013-03-01,칠성시장앞1,55226,35475
2013-03-01,칠성시장역(서문프라자건너),2828,10458
2013-03-01,칠성시장역(서문프라자앞),18391,2876
2013-03-01,칠성우방타운,1013,196
2013-03-01,침산3동주민센터,7988,986
2013-03-01,침산남영타운건너,3727,852
2013-03-01,침산남영타운앞,5545,353
2013-03-01,침산네거리1,11623,921
2013-03-01,침산네거리2,7144,1493
2013-03-01,침산동화타운건너,6087,89
2013-03-01,침산동화타운앞,398,336
2013-03-01,침산변전소건너,10664,3297
2013-03-01,침산변전소앞,9405,4387
2013-03-01,침산중학교건너,3107,223
2013-03-01,침산중학교앞,5562,317
2013-03-01,침산초등학교건너,4676,1705
2013-03-01,침산초등학교앞,3500,338
2013-03-01,침산초등학교후문,324,48
2013-03-01,침산코오롱하늘채건너,7648,2212
2013-03-01,침산코오롱하늘채앞,21537,2986
2013-03-01,캐슬골드파크(1102동),24042,1800
2013-03-01,캐슬골드파크(1504동),12414,3446
2013-03-01,케이에스건너,7,18
2013-03-01,케이에스앞,532,15
2013-03-01,코스트코홀세일건너/복현화성타운앞,4464,4339
2013-03-01,코스트코홀세일앞/복현화성타운건너,42488,5693
2013-03-01,코오롱아파트,14335,2595
2013-03-01,퀸벨호텔건너,13179,1657
2013-03-01,퀸벨호텔앞,9078,3561
2013-03-01,퀸스로드건너,2151,1659
2013-03-01,퀸스로드건너(동편),11658,4536
2013-03-01,퀸스로드앞,4269,598
2013-03-01,퀸스로드앞(동편),16222,6640
2013-03-01,크리스탈호텔앞,1154,417
2013-03-01,큰고개1,5133,3157
2013-03-01,큰고개2,11010,1363
2013-03-01,큰고개오거리1,23924,1796
2013-03-01,큰고개오거리2,4569,13780
2013-03-01,큰장네거리1,65072,15507
2013-03-01,큰장네거리2,40342,18604
2013-03-01,큰장네거리3,18129,7398
2013-03-01,큰장네거리4,30866,14126
2013-03-01,태성맨션건너,73,149
2013-03-01,태성맨션앞,3932,270
2013-03-01,태왕그린힐즈건너,462,201
2013-03-01,태왕그린힐즈앞1,44,418
2013-03-01,태왕그린힐즈앞2,6407,30
2013-03-01,태왕메트로시티건너,6348,730
2013-03-01,태왕메트로시티앞,4334,898
2013-03-01,태왕아너스베스트앞,5397,199
2013-03-01,태왕아너스복현건너,2823,1005
2013-03-01,태왕아너스복현앞,8777,629
2013-03-01,태전두성타운건너,7154,1640
2013-03-01,태전두성타운앞,20255,1296
2013-03-01,태전삼거리1,15280,8646
2013-03-01,태전삼거리2,37061,7357
2013-03-01,태전역1,14944,8452
2013-03-01,태전중석타운,1498,109
2013-03-01,태전중석타운건너,1605,209
2013-03-01,태전중앙시장건너,3209,1405
2013-03-01,태전중앙시장앞,10358,918
2013-03-01,태전휴먼시아,1656,89
2013-03-01,태평상가건너,5772,2594
2013-03-01,태평상가앞1,5568,1902
2013-03-01,태평상가앞2,737,161
2013-03-01,태현초등학교앞,5014,49
2013-03-01,터실마을,18,0
2013-03-01,텍스빌,9633,1771
2013-03-01,토지주택공사건너,3213,836
2013-03-01,토지주택공사앞,9775,656
2013-03-01,퇴계마을건너,0,10
2013-03-01,퇴계마을앞,95,0
2013-03-01,파계교,288,576
2013-03-01,파계사(종점),8334,684
2013-03-01,파군재삼거리1,1218,890
2013-03-01,파군재삼거리2,275,218
2013-03-01,파동1차시장건너,2156,1263
2013-03-01,파동1차시장앞,13291,505
2013-03-01,파동우체국앞,986,730
2013-03-01,파동청구하이츠,7358,260
2013-03-01,파크맨션건너,13716,1138
2013-03-01,파크맨션앞,10924,1657
2013-03-01,파티마병원건너1,21500,6403
2013-03-01,파티마병원건너2,3900,2321
2013-03-01,팔거역3,296,107
2013-03-01,팔거역4,1014,37
2013-03-01,팔공3차보성타운건너,995,4
2013-03-01,팔공3차보성타운앞,23,263
2013-03-01,팔공3차보성타운후문,5629,212
2013-03-01,팔공보성아파트건너,1439,486
2013-03-01,팔공보성아파트앞,8310,293
2013-03-01,팔공산IC입구,275,1389
2013-03-01,팔공산맥건너,1487,240
2013-03-01,팔공산맥앞,1015,189
2013-03-01,팔공학생야영장앞,264,8
2013-03-01,팔공학생야영장입구건너,36,20
2013-03-01,팔공학생야영장입구앞,37,9
2013-03-01,팔공한마음주유소,6,4
2013-03-01,팔공한마음주유소건너,362,1
2013-03-01,팔달시장건너,41466,14982
2013-03-01,팔달시장앞,45867,29062
2013-03-01,팔달시장역,41750,20411
2013-03-01,팔달신시장,30217,9227
2013-03-01,팔달신시장2,4484,2647
2013-03-01,팔달역2,1086,327
2013-03-01,팔달중학교건너,8775,263
2013-03-01,팔달중학교앞,5668,375
2013-03-01,팔달초등학교,310,160
2013-03-01,팔레스호텔건너,25018,5328
2013-03-01,팔레스호텔앞1,5832,2663
2013-03-01,팔레스호텔앞2,888,1795
2013-03-01,팔현마을,117,4
2013-03-01,평광3차아파트,4262,129
2013-03-01,평광3차아파트건너,4002,326
2013-03-01,평광새마을금고,164,0
2013-03-01,평광종점,828,3
2013-03-01,평리1동주민센터건너,1641,44
2013-03-01,평리1동주민센터앞,2889,182
2013-03-01,평리2동주민센터건너,9940,1304
2013-03-01,평리2동주민센터앞,10582,1887
2013-03-01,평리3동주민센터건너,2437,121
2013-03-01,평리6동주민센터앞,1704,343
2013-03-01,평리광명네거리,961,742
2013-03-01,평리광명맨션건너,4123,277
2013-03-01,평리광명맨션앞,733,301
2013-03-01,평리네거리1,15250,7435
2013-03-01,평리네거리2,17487,5950
2013-03-01,평리명성아파트건너,5583,1626
2013-03-01,평리명성아파트앞,3800,606
2013-03-01,평리중학교건너,1243,555
2013-03-01,평리중학교앞,2403,146
2013-03-01,평리청구타운건너,38152,14848
2013-03-01,평리청구타운앞,34980,9658
2013-03-01,평안,700,61
2013-03-01,평촌2리,7,8
2013-03-01,평촌리,219,0
2013-03-01,평현치안센터건너,5575,988
2013-03-01,평화시장(닭똥집골목)건너,26871,4172
2013-03-01,평화시장(닭똥집골목)앞,53888,17850
2013-03-01,평화씨엠비건너,980,8
2013-03-01,평화씨엠비앞,216,101
2013-03-01,평화정공건너,681,75
2013-03-01,평화정공앞,814,45
2013-03-01,평화타운건너,15241,7384
2013-03-01,푸드웰건너,4094,7
2013-03-01,푸드웰앞,127,131
2013-03-01,푸르밀대구공장,33,1
2013-03-01,푸르밀대구공장건너,0,7
2013-03-01,풋살경기장(50사단),658,66
2013-03-01,풍국주정공업,1240,38
2013-03-01,하나원전문장례식장,1,2
2013-03-01,하리(약산온천)건너,277,66
2013-03-01,하목정(종점),0,24
2013-03-01,하빈농협건너,140,3
2013-03-01,하빈농협동곡지점1,52,25
2013-03-01,하빈농협동곡지점2,410,10
2013-03-01,하빈농협앞,9,3
2013-03-01,하빈농협입구,13,9
2013-03-01,하빈면사무소건너,465,10
2013-03-01,하빈면사무소앞,17,4
2013-03-01,하빈우체국건너,269,0
2013-03-01,하빈우체국앞,7,3
2013-03-01,하빈주유소앞,13,13
2013-03-01,하빈초등학교앞,206,5
2013-03-01,하산1리,170,1
2013-03-01,하산2리,238,0
2013-03-01,하산스무지(종점),130,3
2013-03-01,학남고등학교건너,1839,280
2013-03-01,학남고등학교앞,5152,262
2013-03-01,학남초등학교건너,110,305
2013-03-01,학남초등학교앞,3047,237
2013-03-01,학정청아람1,956,7
2013-03-01,학정청아람2,2844,50
2013-03-01,학정청아람건너,2176,344
2013-03-01,학정청아람앞,2923,194
2013-03-01,한가람타운건너,23592,6888
2013-03-01,한가람타운앞,21388,5151
2013-03-01,한걸고정마을,170,1
2013-03-01,한국건강관리협회앞,5028,765
2013-03-01,한국국토정보공사건너,2285,1994
2013-03-01,한국국토정보공사앞,2452,427
2013-03-01,한국농어촌공사건너,24749,3880
2013-03-01,한국농어촌공사앞,19672,1843
2013-03-01,한국델파이건너,217,163
2013-03-01,한국델파이앞,1244,62
2013-03-01,한국도로공사건너,170,585
2013-03-01,한국도로공사앞,7533,47
2013-03-01,한국방송통신대학교건너,3768,412
2013-03-01,한국방송통신대학교앞,956,507
2013-03-01,한국산업은행성서지점건너,26,800
2013-03-01,한국산업은행성서지점앞,4673,42
2013-03-01,한국산업인력공단건너,4406,121
2013-03-01,한국산업인력공단앞,203,256
2013-03-01,한국클래드텍건너,368,2
2013-03-01,한국클래드텍앞,2,77
2013-03-01,한국타이어,324,166
2013-03-01,한국타이어건너,320,8
2013-03-01,한국패션센터,1956,107
2013-03-01,한국폴리텍VI대구대학건너,16344,5410
2013-03-01,한국폴리텍VI대구대학앞,13764,5174
2013-03-01,한국폴리텍대학(섬유패션캠퍼스),7613,2118
2013-03-01,한국환경자원공사,8,11
2013-03-01,한도아파트앞,8859,328
2013-03-01,한라하우젠트,725,2
2013-03-01,한마음주유소건너,2691,231
2013-03-01,한마음주유소앞,3020,311
2013-03-01,한샘교회,4846,1297
2013-03-01,한샘교회건너,845,881
2013-03-01,한서기전건너,251,6
2013-03-01,한서기전앞,765,45
2013-03-01,한양공작맨션건너,8,88
2013-03-01,한양공작맨션앞,1147,1
2013-03-01,한양산호아파트건너,700,267
2013-03-01,한양산호아파트앞,6861,189
2013-03-01,한양수정아파트,33,44
2013-03-01,한양코스모스아파트건너,39,123
2013-03-01,한양코스모스아파트앞,1310,23
2013-03-01,한전동대구지사,23740,5449
2013-03-01,한전동대구지사건너,17665,4378
2013-03-01,한전서대구지사건너,20840,5674
2013-03-01,한전서대구지사앞,13520,3985
2013-03-01,한정3리,75,0
2013-03-01,한정리(한정초교),205,0
2013-03-01,한정리(한정초교건너),1,4
2013-03-01,한화꿈에그린건너1,650,829
2013-03-01,한화꿈에그린앞,13277,2129
2013-03-01,함지초등학교건너,1049,622
2013-03-01,함지초등학교앞,10274,349
2013-03-01,해랑교(시외방향),19,17
2013-03-01,해랑교1,8,6
2013-03-01,해랑교2,1059,3
2013-03-01,해랑교건너,35,77
2013-03-01,해안동행정복지센터,392,75
2013-03-01,해안역(1번출구),14260,2998
2013-03-01,해안역(3번출구),6627,3157
2013-03-01,해안초등학교뒤,6,37
2013-03-01,행정1리건너,104,0
2013-03-01,행정2리건너,4,25
2013-03-01,행정2리앞,66,0
2013-03-01,행정리,5,29
2013-03-01,행정리(한천서원),351,1
2013-03-01,헬로TV대구방송건너,5960,2230
2013-03-01,헬로TV대구방송앞,7066,1433
2013-03-01,현내1리,206,1
2013-03-01,현내2리중방마을건너,102,1
2013-03-01,현내2리중방마을앞,1,1
2013-03-01,현대금속,1305,72
2013-03-01,현대메카닉스건너,100,0
2013-03-01,현대메카닉스앞,0,8
2013-03-01,현대백조아파트(북편),3806,165
2013-03-01,현대백조아파트건너,2566,213
2013-03-01,현대백조아파트앞,2878,496
2013-03-01,현대백화점.동아쇼핑건너,26714,7997
2013-03-01,현대백화점.동아쇼핑앞,36957,5300
2013-03-01,현대시장건너,12036,967
2013-03-01,현대시장앞,2718,984
2013-03-01,현대시장앞2,775,315
2013-03-01,현대해상건너,31130,10839
2013-03-01,현대해상앞,26460,6572
2013-03-01,현충로역(3번출구),31407,13870
2013-03-01,현충로역(4번출구),23916,10367
2013-03-01,현충삼거리1,550,558
2013-03-01,현충삼거리2,2859,53
2013-03-01,현풍고속도로밑,155,3
2013-03-01,현풍농협,2749,270
2013-03-01,현풍삼거리,2,32
2013-03-01,현풍새마을금고,2638,333
2013-03-01,현풍시외버스터미널,1075,263
2013-03-01,현풍운전시험장,490,4
2013-03-01,현풍주공아파트,12,18
2013-03-01,현풍주공아파트2,4,43
2013-03-01,현풍주공아파트앞,391,7
2013-03-01,현풍중고등학교,8,46
2013-03-01,현풍중고등학교건너,1605,2
2013-03-01,현풍터미널건너,1484,121
2013-03-01,현풍터미널앞,421,364
2013-03-01,현풍할매곰탕,1792,446
2013-03-01,현풍할매곰탕건너,4166,310
2013-03-01,호산초등학교건너,99,11
2013-03-01,호산초등학교앞,139,165
2013-03-01,홈플러스내당점건너,8758,1988
2013-03-01,홈플러스내당점앞,5529,7411
2013-03-01,홈플러스대구점건너,15451,3750
2013-03-01,홈플러스대구점앞,21185,6575
2013-03-01,홈플러스동촌점건너,5753,2792
2013-03-01,홈플러스동촌점앞,12035,1847
2013-03-01,홈플러스칠곡점건너,9544,576
2013-03-01,홈플러스칠곡점앞,2698,1399
2013-03-01,홍천사건너,1550,29
2013-03-01,홍천사입구,84,88
2013-03-01,화남초등학교건너,26,224
2013-03-01,화남초등학교앞,6619,647
2013-03-01,화동초등학교건너,601,119
2013-03-01,화동초등학교앞,726,59
2013-03-01,화랑교1,1285,2053
2013-03-01,화랑교2,13196,777
2013-03-01,화성그랜드건너,384,48
2013-03-01,화성그랜드앞,221,84
2013-03-01,화성리버파크건너,5997,170
2013-03-01,화성리버파크앞,1139,428
2013-03-01,화성센트럴파크,3998,209
2013-03-01,화성쌍용타운건너,703,23
2013-03-01,화성쌍용타운앞1,786,154
2013-03-01,화성쌍용타운앞2,158,402
2013-03-01,화성전문요양원건너,3185,298
2013-03-01,화성전문요양원앞,1777,480
2013-03-01,화성파크뷰건너,9764,350
2013-03-01,화성파크뷰앞,691,857
2013-03-01,화영테크건너,23,31
2013-03-01,화영테크앞,479,19
2013-03-01,화원고등학교(종점),504,66
2013-03-01,화원고등학교(종점)2,55,113
2013-03-01,화원고등학교건너,6096,1083
2013-03-01,화원고등학교앞,10169,1967
2013-03-01,화원농협주유소건너,1991,524
2013-03-01,화원농협주유소앞,7172,943
2013-03-01,화원삼주타운건너,6228,178
2013-03-01,화원삼주타운앞,277,362
2013-03-01,화원시장건너,4043,360
2013-03-01,화원시장앞,112,381
2013-03-01,화원유원지(사문진주막촌),130,32
2013-03-01,화원유원지건너,289,25
2013-03-01,화원초등학교건너,20900,5642
2013-03-01,화원초등학교앞,32318,9915
2013-03-01,화전동1,10,35
2013-03-01,화전동2,532,8
2013-03-01,황금2동치안센터건너,1462,361
2013-03-01,황금2동치안센터앞,3830,151
2013-03-01,황금네거리1,27624,2453
2013-03-01,황금네거리2,7133,4790
2013-03-01,황금시장건너,226,93
2013-03-01,황금시장앞,1613,71
2013-03-01,황금우방1차건너,17250,2853
2013-03-01,황금우방1차앞,7074,1939
2013-03-01,황금초등학교건너,1741,661
2013-03-01,황금초등학교앞,5625,242
2013-03-01,황제맨션건너,6522,1651
2013-03-01,황제맨션앞,4657,527
2013-03-01,효동초등학교건너,3999,726
2013-03-01,효동초등학교앞,9109,621
2013-03-01,효목네거리1,9330,2034
2013-03-01,효목네거리2,2433,2971
2013-03-01,효목네거리3,20295,4368
2013-03-01,효성타운앞,15871,1136
2013-03-01,흥사단 대구지부건너,2014,311
2013-03-01,흥사단 대구지부앞,672,494
2013-03-01,흥성정공건너,271,43
2013-03-01,흥성정공앞,129,12
2013-03-01,희망교1,1200,147
2013-03-01,희성전자건너,16,11
2013-03-01,희성전자앞,471,15
2013-03-01,힐크레스트남문건너,566,83
2013-03-01,힐크레스트남문앞,81,193
2013-03-01,힐크레스트입구,424,582
2013-04-01,(주)성안건너,44,256
2013-04-01,(주)영화건너,1,57
2013-04-01,(주)영화앞,524,1
2013-04-01,1차서한화성타운앞,635,114
2013-04-01,2.28기념중앙공원건너1,60716,18381
2013-04-01,2.28기념중앙공원건너2,18842,8783
2013-04-01,2.28기념중앙공원앞,156433,33706
2013-04-01,2차대자연맨션건너,2272,943
2013-04-01,2차대자연맨션앞,9595,657
2013-04-01,2차서한화성타운건너,38658,2463
2013-04-01,2차서한화성타운앞,18154,4149
2013-04-01,2호선반월당역1,19799,4574
2013-04-01,2호선반월당역2,16231,8009
2013-04-01,3공단새마을금고앞,5118,1399
2013-04-01,CGV대구한일건너,104161,30058
2013-04-01,CGV대구한일앞,31000,8690
2013-04-01,K-2입구,2325,453
2013-04-01,K2관사입구(종점),333,41
2013-04-01,KT남대구지사건너1,17138,4372
2013-04-01,KT남대구지사건너2,1935,691
2013-04-01,KT남대구지사앞1,22242,8883
2013-04-01,KT남대구지사앞2,1937,501
2013-04-01,KT동대구지사건너,27243,7883
2013-04-01,KT동대구지사앞,17096,3359
2013-04-01,KT북대구지사건너,4302,486
2013-04-01,KT북대구지사앞,3479,605
2013-04-01,KT상동지사건너,3854,487
2013-04-01,KT상동지사앞,867,828
2013-04-01,KT서대구지사건너,20735,2920
2013-04-01,KT서대구지사앞,19176,3508
2013-04-01,LG물류센터건너,3708,1883
2013-04-01,LG물류센터앞,8545,1121
2013-04-01,MBC네거리,10041,1893
2013-04-01,SK리더스뷰건너,11802,1385
2013-04-01,SK리더스뷰앞,5296,2309
2013-04-01,STX메탈건너,1525,1750
2013-04-01,STX메탈앞,1927,260
2013-04-01,TBC건너,11268,605
2013-04-01,TBC앞,2794,2326
2013-04-01,TCN대구방송건너,1901,220
2013-04-01,TCN대구방송앞,3502,338
2013-04-01,㈜윔스건너,210,20
2013-04-01,㈜윔스앞,489,15
2013-04-01,가야농원,580,1
2013-04-01,가창농협건너,1363,2251
2013-04-01,가창농협앞,10776,935
2013-04-01,가창댐,13,23
2013-04-01,가창댐1,13,11
2013-04-01,가창면사무소건너,6835,4086
2013-04-01,가창면사무소앞,12236,2426
2013-04-01,가창중학교건너,6575,263
2013-04-01,가창중학교앞,310,327
2013-04-01,가창초등학교건너,449,572
2013-04-01,가창초등학교앞,1128,253
2013-04-01,가천동앞,86,11
2013-04-01,가천리,32,1
2013-04-01,각산역(1번출구),8920,1523
2013-04-01,각산역(2번출구),1928,1592
2013-04-01,갈실마을회관종점,344,38
2013-04-01,감문1리1,5,1
2013-04-01,감문1리2,197,2
2013-04-01,감문1리3,3,3
2013-04-01,감문1리4,160,0
2013-04-01,감삼네거리1,18802,5871
2013-04-01,감삼네거리2,59382,40305
2013-04-01,감삼초등학교건너,15583,1438
2013-04-01,감삼초등학교앞,6805,823
2013-04-01,갓골건너,525,0
2013-04-01,갓골앞,0,20
2013-04-01,갓바위,18708,561
2013-04-01,강남약국건너,50267,21418
2013-04-01,강남약국앞1,32100,10832
2013-04-01,강남약국앞2,10583,1430
2013-04-01,강동중·고등학교,5,369
2013-04-01,강동중·고등학교건너,8181,6
2013-04-01,강변동서마을건너,6339,674
2013-04-01,강변동서마을앞,3367,1112
2013-04-01,강북경찰서건너,1341,872
2013-04-01,강북경찰서앞,4276,768
2013-04-01,강북중학교건너,21,550
2013-04-01,강북중학교앞,10877,20
2013-04-01,강산아파트건너,5040,2756
2013-04-01,강산아파트앞,6397,846
2013-04-01,강정(종점),2,3
2013-04-01,강정보(디아크문화관)건너,2,3
2013-04-01,강정보(디아크문화관)입구,171,3
2013-04-01,강창교1,5335,66
2013-04-01,강창교2,147,371
2013-04-01,강창역(1번출구),4734,2128
2013-04-01,강창역(2번출구),24882,1661
2013-04-01,강창하이츠,10038,326
2013-04-01,거동교1,1130,113
2013-04-01,거동교2,1052,651
2013-04-01,건들바위건너,1246,284
2013-04-01,건들바위앞,720,540
2013-04-01,건영아파트건너,18543,3303
2013-04-01,건영캐스빌건너,13261,279
2013-04-01,건영캐스빌앞,288,571
2013-04-01,검단119안전센터(엑스코),81,60
2013-04-01,검단동대구축협앞,5367,17
2013-04-01,검단동주민센터건너,12955,86
2013-04-01,검단동주민센터앞,106,1118
2013-04-01,검단상가아파트건너,3300,21
2013-04-01,검단상가아파트앞,71,42
2013-04-01,검단유성아파트(서편),10264,4032
2013-04-01,검단유성아파트건너,5754,2441
2013-04-01,검단유성아파트앞,18987,4788
2013-04-01,경기장네거리1,3411,832
2013-04-01,경기장네거리2,4090,1080
2013-04-01,경대교2,2932,431
2013-04-01,경대교건너,930,68
2013-04-01,경대교앞,761,220
2013-04-01,경대사대부설고등학교앞,26277,8871
2013-04-01,경대아파트건너,40706,1296
2013-04-01,경대아파트앞,9341,2142
2013-04-01,경덕여고,842,106
2013-04-01,경동산업앞,22,0
2013-04-01,경명여고건너,4188,434
2013-04-01,경명여고앞,2374,541
2013-04-01,경북고교종점,1020,1750
2013-04-01,경북고등학교건너,13953,3823
2013-04-01,경북고등학교앞,20196,2975
2013-04-01,경북고등학교종점건너,2282,725
2013-04-01,경북공고건너,7318,2316
2013-04-01,경북공고앞,10867,2615
2013-04-01,경북공무원교육원1,915,79
2013-04-01,경북공무원교육원2,32,25
2013-04-01,경북교통,1869,1087
2013-04-01,경북교통앞,3392,1441
2013-04-01,경북기계공고건너,22549,2094
2013-04-01,경북기계공고앞,10258,4248
2013-04-01,경북농업기술원건너,152,60
2013-04-01,경북농업기술원앞,710,20
2013-04-01,경북대체육센터건너,41296,601
2013-04-01,경북대체육센터앞,5420,1937
2013-04-01,경북대학교병원건너,24494,9834
2013-04-01,경북대학교병원앞,41124,8513
2013-04-01,경북대학교북문건너,66110,4149
2013-04-01,경북대학교북문앞,35808,7933
2013-04-01,경북대학교서문건너,12036,1210
2013-04-01,경북대학교서문앞,3575,900
2013-04-01,경북대학교정문건너,14069,3347
2013-04-01,경북대학교정문앞,33684,3365
2013-04-01,경북대학교치과병원,25282,12467
2013-04-01,경북아파트건너(고산동),33674,2224
2013-04-01,경북아파트건너(신천동),9036,4075
2013-04-01,경북아파트앞(고산동),13047,3545
2013-04-01,경북아파트앞(신천동),6062,1208
2013-04-01,경북여상건너,14153,6616
2013-04-01,경북여상앞,14156,2209
2013-04-01,경북크랑크,1613,12
2013-04-01,경상감영공원건너,124110,27110
2013-04-01,경상감영공원앞,64278,46944
2013-04-01,경상북도농업인회관,275,27
2013-04-01,경상여자고등학교건너,3535,744
2013-04-01,경상여자고등학교앞,11236,1525
2013-04-01,경서중학교건너,394,387
2013-04-01,경서중학교앞,4735,46
2013-04-01,경신고등학교건너,50694,9728
2013-04-01,경신고등학교앞,38012,14970
2013-04-01,경운초등학교건너,2285,611
2013-04-01,경운초등학교앞,6609,1704
2013-04-01,경원고등학교건너,925,35
2013-04-01,경원고등학교앞,1578,77
2013-04-01,경일여자중학교건너,21531,628
2013-04-01,경일여자중학교앞,4550,1250
2013-04-01,경주최씨종가(종점),178,2
2013-04-01,경주최씨종가1,1,1
2013-04-01,경주최씨종가2,6,1
2013-04-01,경진테크빌앞,808,231
2013-04-01,경창산업,1187,83
2013-04-01,경희강재건너,940,465
2013-04-01,경희강재앞,3277,103
2013-04-01,계명대대명캠퍼스후문건너,2082,234
2013-04-01,계명대역(1번출구),2732,1729
2013-04-01,계명대역(2번출구),11298,1655
2013-04-01,계명대학교대명캠퍼스건너,16958,4956
2013-04-01,계명대학교대명캠퍼스앞,28149,5083
2013-04-01,계명대학교대명캠퍼스후문앞,2081,408
2013-04-01,계명대학교동문건너1,7958,2018
2013-04-01,계명대학교동문건너2,34754,8276
2013-04-01,계명대학교동문앞,27850,11763
2013-04-01,계명대학교정문건너,37551,1316
2013-04-01,계명대학교정문앞,5816,1907
2013-04-01,계명문화대학건너,10418,556
2013-04-01,계명문화대학앞,18804,5107
2013-04-01,고모동입구,4990,113
2013-04-01,고모역건너,197,4
2013-04-01,고모역앞,14,5
2013-04-01,고봉리,15,1
2013-04-01,고산2동주민센터건너,11461,3207
2013-04-01,고산2동주민센터앞,25597,3398
2013-04-01,고산골입구,7731,1287
2013-04-01,고산농협창고건너,1797,310
2013-04-01,고산농협창고앞,589,1074
2013-04-01,고산도서관,22355,14580
2013-04-01,고산정수사업소건너,3365,506
2013-04-01,고성아파트(서편),12457,5207
2013-04-01,고성아파트건너,2309,258
2013-04-01,고성아파트건너(서편),16595,3693
2013-04-01,고성아파트앞,1500,595
2013-04-01,고성지구대1,1692,650
2013-04-01,고성지구대2,4666,1641
2013-04-01,골안골,58,60
2013-04-01,골안골지하보도앞,11,38
2013-04-01,공고네거리1,38540,7090
2013-04-01,공고네거리2,13115,2064
2013-04-01,공군기지관사입구,5,42
2013-04-01,공단역1,10989,3802
2013-04-01,공단역2,14125,6309
2013-04-01,공단하수처리장건너,48,76
2013-04-01,공단하수처리장앞,352,10
2013-04-01,공산댐건너,1143,37
2013-04-01,공산댐앞,201,105
2013-04-01,공산동행정복지센터건너,805,360
2013-04-01,공산동행정복지센터앞,6607,293
2013-04-01,공산초등학교건너,434,194
2013-04-01,공산초등학교앞,2393,129
2013-04-01,공산파출소,101,305
2013-04-01,공항시장건너,12699,1033
2013-04-01,공항시장앞,6290,1232
2013-04-01,곽병원건너,20869,14044
2013-04-01,곽병원앞1,32100,5502
2013-04-01,곽병원앞2,10364,2477
2013-04-01,관리공단,495,27
2013-04-01,관음공영주차장앞,1675,5
2013-04-01,관음농협앞,222,87
2013-04-01,관음동주민센터건너,1034,61
2013-04-01,관음동주민센터앞,892,22
2013-04-01,관음변전소1,4620,43
2013-04-01,관음변전소2,32,306
2013-04-01,관음변전소3,952,22
2013-04-01,관음변전소4,43,76
2013-04-01,관음어린이집,363,35
2013-04-01,관음중학교(북편),951,15
2013-04-01,광명은하아파트건너,9252,2516
2013-04-01,광명은하아파트앞,11636,2076
2013-04-01,광명프레지던트아파트건너,17306,3213
2013-04-01,광장타운건너,18964,3591
2013-04-01,광장타운앞,20289,3982
2013-04-01,교대부설초등학교건너,5942,162
2013-04-01,교대부설초등학교앞,1077,527
2013-04-01,교동시장앞,18251,1738
2013-04-01,교동초등학교건너,57,57
2013-04-01,교동초등학교앞,1073,84
2013-04-01,교통연수원,19209,1026
2013-04-01,교통연수원건너,14832,3122
2013-04-01,교항2리마을입구,160,408
2013-04-01,교항2리회관,1904,13
2013-04-01,교항리건너,2273,83
2013-04-01,교항리마을입구건너,139,3
2013-04-01,교항리앞,553,375
2013-04-01,구)달성군청건너,36335,4932
2013-04-01,구)달성군청앞,21683,20417
2013-04-01,구)대영학원건너,20920,3343
2013-04-01,구)대영학원앞,18250,6514
2013-04-01,구)효목2동행정복지센터건너,19178,1617
2013-04-01,구)효목2동행정복지센터앞,6621,1124
2013-04-01,구.남부정류장건너1,14870,16309
2013-04-01,구.남부정류장건너2,9253,8630
2013-04-01,구.남부정류장앞1,34435,6457
2013-04-01,구.남부정류장앞2,6734,1832
2013-04-01,구.동부정류장(남편),4967,1190
2013-04-01,구.동부정류장(메트로팔레스),14097,5666
2013-04-01,구.동부정류장건너,17282,4369
2013-04-01,구.동부정류장앞,11531,4217
2013-04-01,구둔산,519,19
2013-04-01,구룡촌건너,11,12
2013-04-01,구룡촌앞,163,1
2013-04-01,구병원건너,16948,6287
2013-04-01,구병원앞,30842,6409
2013-04-01,구삼폭포건너,4,4
2013-04-01,구삼폭포앞,186,0
2013-04-01,구암가구골목1,5163,164
2013-04-01,구암가구골목2,1594,388
2013-04-01,구암교1,9192,850
2013-04-01,구암교2,1335,1292
2013-04-01,구암동1,1584,88
2013-04-01,구암동2,188,232
2013-04-01,구암역(운전면허시험장)1,6117,317
2013-04-01,구암역(운전면허시험장)2,3523,655
2013-04-01,구암초등학교건너,2636,365
2013-04-01,구암초등학교앞,6049,191
2013-04-01,구지농공단지1,2,4
2013-04-01,구지농공단지2,220,0
2013-04-01,구지면사무소건너,681,325
2013-04-01,구지면사무소앞,2665,470
2013-04-01,구지청아람건너,5590,124
2013-04-01,구지청아람앞,497,546
2013-04-01,국립대구박물관건너,17802,1274
2013-04-01,국립대구박물관앞,11523,2415
2013-04-01,국민건강보험공단건너,28494,4426
2013-04-01,국민건강보험공단앞,13848,11540
2013-04-01,국민은행3공단지점건너,6203,1058
2013-04-01,국민은행3공단지점앞,3634,750
2013-04-01,국우동현대아파트건너,521,76
2013-04-01,국우동현대아파트앞,7848,220
2013-04-01,국채보상운동기념공원,7370,3280
2013-04-01,굿모닝병원건너,13364,2624
2013-04-01,굿모닝병원앞,19081,2945
2013-04-01,궁전아파트건너,49,218
2013-04-01,궁전아파트앞,3076,23
2013-04-01,귀남지휴게소1,37,1
2013-04-01,귀남지휴게소2,0,1
2013-04-01,그랜드호텔건너,35102,31875
2013-04-01,그랜드호텔앞,58633,17383
2013-04-01,그린빌4단지,44,451
2013-04-01,그린빌4단지건너,1065,22
2013-04-01,그린빌4단지앞,306,55
2013-04-01,근로복지공단대구병원건너,1998,205
2013-04-01,근로복지공단대구병원앞,2318,256
2013-04-01,근린공원축구장건너,52,158
2013-04-01,근린공원축구장앞,1186,27
2013-04-01,금강동,144,23
2013-04-01,금계초등학교(교항리),803,100
2013-04-01,금복주건너,3049,149
2013-04-01,금복주앞,2123,211
2013-04-01,금봉네거리1,14423,1076
2013-04-01,금봉네거리2,6345,726
2013-04-01,금사리하이빌APT건너,1677,179
2013-04-01,금사리하이빌APT앞,427,136
2013-04-01,금융감독원건너,1537,1290
2013-04-01,금포초등학교,2451,218
2013-04-01,금포초등학교건너,553,330
2013-04-01,금호기전,7,25
2013-04-01,금호지구(시내방향),47,0
2013-04-01,금호지구(종점방향),37,4
2013-04-01,금호화물자동차공영차고지,1,1
2013-04-01,기곡(종점),4,1
2013-04-01,기곡리1,1,1
2013-04-01,기곡리2,43,0
2013-04-01,기독교방송국건너,6611,2478
2013-04-01,기독교방송국앞,5176,2072
2013-04-01,기업은행대곡지점건너,91,1415
2013-04-01,기업은행대곡지점앞,26787,553
2013-04-01,기업은행죽전동지점건너,5807,453
2013-04-01,기업은행죽전동지점앞,3798,604
2013-04-01,김흥2리건너,105,5
2013-04-01,김흥2리앞,6,0
2013-04-01,김흥리마을입구,176,0
2013-04-01,남구청건너2,9002,6951
2013-04-01,남구청네거리1,12927,1006
2013-04-01,남구청네거리2,270,206
2013-04-01,남대구IC1,16972,924
2013-04-01,남대구IC2,8078,1017
2013-04-01,남명삼거리1,2150,235
2013-04-01,남명삼거리2,2357,408
2013-04-01,남문시장건너1,1306,187
2013-04-01,남문시장건너2,34139,10724
2013-04-01,남문시장앞,22017,10259
2013-04-01,남문아파트앞,576,336
2013-04-01,남부경찰서건너,11338,2767
2013-04-01,남부경찰서앞,17816,5213
2013-04-01,남부교육지원청건너,9243,765
2013-04-01,남부교육지원청앞,5776,895
2013-04-01,남부도서관앞,264,782
2013-04-01,남부자동차종합시장건너,3440,190
2013-04-01,남부자동차종합시장앞,934,372
2013-04-01,남부초등학교건너,1413,40
2013-04-01,남부초등학교앞,966,168
2013-04-01,남부초등학교앞2,6113,866
2013-04-01,남산2동주민센터건너,140,201
2013-04-01,남산2동주민센터앞,755,35
2013-04-01,남산고등학교건너,1271,42
2013-04-01,남산고등학교앞,418,262
2013-04-01,남산역(프린스호텔건너),12226,2799
2013-04-01,남산역건너(프린스호텔앞),19932,9510
2013-04-01,남산주유소건너,1374,757
2013-04-01,남산주유소앞,2035,169
2013-04-01,남산초등학교건너,20907,3452
2013-04-01,남산초등학교앞,13135,6083
2013-04-01,남산휴먼시아앞,2163,352
2013-04-01,내2리새마을회관건너,59,0
2013-04-01,내2리새마을회관앞,3,3
2013-04-01,내당1동우체국건너,2453,213
2013-04-01,내당1동우체국앞,2936,316
2013-04-01,내당광명아파트,4596,1776
2013-04-01,내당삼익맨션건너,31631,7681
2013-04-01,내당삼익맨션앞,16441,13183
2013-04-01,내당코오롱아파트건너,6543,4465
2013-04-01,내당코오롱아파트앞,10789,932
2013-04-01,내동,1631,19
2013-04-01,내동건너,23,139
2013-04-01,내리1,21,0
2013-04-01,내리2,2,0
2013-04-01,내일교회건너,225,47
2013-04-01,내일교회앞,779,12
2013-04-01,냉천2리,109,5
2013-04-01,냉천리1,2693,86
2013-04-01,냉천리2,101,426
2013-04-01,노곡동,4116,102
2013-04-01,노변중학교,628,58
2013-04-01,노변중학교건너,1228,50
2013-04-01,노변청구타운건너,166,59
2013-04-01,노변청구타운앞,408,63
2013-04-01,노원119안전센터건너,7517,2079
2013-04-01,노원119안전센터앞,4548,547
2013-04-01,노원네거리(공단세차장건너),458,1243
2013-04-01,노원네거리(공단세차장앞),7317,522
2013-04-01,노원네거리(대구은행건너),1584,225
2013-04-01,노원네거리(대구은행앞),4879,563
2013-04-01,노원네거리1,5483,2615
2013-04-01,노원네거리2,10929,1535
2013-04-01,노원동화타운건너,653,366
2013-04-01,노원동화타운앞,4919,230
2013-04-01,녹동서원앞,1,6
2013-04-01,녹원맨션1,3658,1374
2013-04-01,녹원맨션2,11945,928
2013-04-01,논공삼거리1,2451,34
2013-04-01,논공삼거리2,278,145
2013-04-01,논공읍사무소,930,395
2013-04-01,논공읍사무소건너1,4312,201
2013-04-01,논공읍사무소건너2,388,197
2013-04-01,농산물도매시장건너,50,8
2013-04-01,농산물도매시장앞,1727,73
2013-04-01,농수산물도매시장건너,3959,1370
2013-04-01,농수산물도매시장앞,9846,1656
2013-04-01,농촌진흥원입구,254,129
2013-04-01,농협동촌지점,492,155
2013-04-01,농협방촌지점,2260,179
2013-04-01,농협비료창고건너(연경),37,52
2013-04-01,농협비료창고앞(연경),49,0
2013-04-01,농협중앙회건너,23736,9044
2013-04-01,농협중앙회앞,26347,12956
2013-04-01,농협중앙회중동지점건너,1646,108
2013-04-01,농협중앙회중동지점앞,826,228
2013-04-01,농협하나로마트건너,32,1179
2013-04-01,능골1,136,1873
2013-04-01,능골건너,2706,55
2013-04-01,능성동(종점),440,24
2013-04-01,능성동예비군훈련장,866,39
2013-04-01,능성동입구건너,1017,1
2013-04-01,능성동입구앞,11,64
2013-04-01,다리골,43,0
2013-04-01,다사고등학교건너,11648,1563
2013-04-01,다사고등학교앞,1294,912
2013-04-01,다사농협주유소건너,686,685
2013-04-01,다사농협주유소앞,10215,350
2013-04-01,다사역(4번출구),164,0
2013-04-01,다사읍사무소건너,6832,417
2013-04-01,다사읍사무소서재출장소건너,404,8
2013-04-01,다사읍사무소서재출장소앞,155,26
2013-04-01,다사읍사무소앞,10,559
2013-04-01,다사주공아파트건너,89,0
2013-04-01,다사주공아파트앞,4,203
2013-04-01,다사체육공원건너,5,0
2013-04-01,다사체육공원앞,68,0
2013-04-01,다사초등학교건너,44,0
2013-04-01,다사초등학교앞,2,44
2013-04-01,단산리(종점),770,14
2013-04-01,단산리입구,419,0
2013-04-01,달구벌종합복지관건너,1013,92
2013-04-01,달구벌종합복지관앞,503,100
2013-04-01,달서공고건너,232,49
2013-04-01,달서공고앞,1218,23
2013-04-01,달서교회건너,21803,2991
2013-04-01,달서교회앞,21361,4558
2013-04-01,달서구새마을회건너,3904,211
2013-04-01,달서구새마을회앞,1269,216
2013-04-01,달서구청건너,24284,2066
2013-04-01,달서구청앞,6143,2882
2013-04-01,달서종합시장건너,1531,600
2013-04-01,달서종합시장앞,1162,226
2013-04-01,달서중고등학교,105,33
2013-04-01,달서중고등학교건너,736,0
2013-04-01,달서천하수종말처리장건너,48,0
2013-04-01,달서천하수종말처리장앞,1,0
2013-04-01,달서초교,1530,41
2013-04-01,달성2차공단관리청사,123,4
2013-04-01,달성2차산업단지출장소앞,2,15
2013-04-01,달성경찰서,1701,379
2013-04-01,달성경찰서건너,2792,115
2013-04-01,달성공원건너,13890,4930
2013-04-01,달성공원앞,17115,9195
2013-04-01,달성군민운동장건너,1644,112
2013-04-01,달성군민운동장앞,850,174
2013-04-01,달성군선거관리위원회건너,419,138
2013-04-01,달성군선거관리위원회앞,35,300
2013-04-01,달성군청건너,3696,112
2013-04-01,달성군청앞,263,373
2013-04-01,달성기와건너,151,58
2013-04-01,달성기와앞,628,29
2013-04-01,달성산업단지건너,227,31
2013-04-01,달성산업단지관리공단1,0,4
2013-04-01,달성산업단지관리공단2,20,2
2013-04-01,달성소방서건너,363,50
2013-04-01,달성소방서앞,287,47
2013-04-01,달성예비군훈련장건너,354,179
2013-04-01,달성예비군훈련장앞,2929,665
2013-04-01,달성우체국건너,338,469
2013-04-01,달성우체국앞,4545,63
2013-04-01,달성중학교건너,5200,1151
2013-04-01,달성중학교앞,23080,1691
2013-04-01,달성초등학교건너,3344,902
2013-04-01,달성초등학교앞,2257,359
2013-04-01,달성취수장건너,43,37
2013-04-01,달성취수장앞,78,23
2013-04-01,달창저수지,228,0
2013-04-01,달천리(시내방향),178,0
2013-04-01,달천리(시외방향),94,0
2013-04-01,담안마을1,4,24
2013-04-01,담안마을2,492,1
2013-04-01,담티고개1,500,282
2013-04-01,담티고개2,999,281
2013-04-01,당동마을건너,623,4
2013-04-01,당동마을앞,1,7
2013-04-01,당정마을입구,33,27
2013-04-01,당정마을입구건너,261,18
2013-04-01,대1리용흥지건너,70,1
2013-04-01,대1리용흥지앞,43,20
2013-04-01,대곡강산타운,24411,893
2013-04-01,대곡강산타운건너,4654,1752
2013-04-01,대곡사계절타운건너,14952,801
2013-04-01,대곡사계절타운앞,6309,1801
2013-04-01,대곡역(1번출구),54853,5153
2013-04-01,대곡역(2번출구),17867,58422
2013-04-01,대곡역(한라하우젠트건너),19344,2834
2013-04-01,대곡역(한라하우젠트앞),6233,17229
2013-04-01,대곡역그린빌,8275,2856
2013-04-01,대곡주공1단지앞,5084,1618
2013-04-01,대곡주공2단지앞,26675,773
2013-04-01,대곡주공6단지앞,3672,617
2013-04-01,대곡주공7단지앞,15763,696
2013-04-01,대곡주공8단지건너,21646,3054
2013-04-01,대곡주공8단지앞,9901,2029
2013-04-01,대곡중학교건너,4584,568
2013-04-01,대곡중학교앞,2705,553
2013-04-01,대공원역(1번출구),2157,9131
2013-04-01,대공원역(5번출구),5228,1906
2013-04-01,대구가톨릭대학병원건너,25423,3483
2013-04-01,대구가톨릭대학병원앞,19600,3339
2013-04-01,대구고등학교건너,34225,7815
2013-04-01,대구고등학교앞,16390,4102
2013-04-01,대구고용노동청건너,17614,1688
2013-04-01,대구고용노동청앞,4673,1773
2013-04-01,대구공업대학1,17044,4644
2013-04-01,대구공업대학2,4843,1756
2013-04-01,대구공업대학건너,8537,2356
2013-04-01,대구공업대학앞,6963,2562
2013-04-01,대구과학고등학교건너,12228,5838
2013-04-01,대구과학고등학교앞,16658,3782
2013-04-01,대구과학대학1,26683,14719
2013-04-01,대구과학대학2,72253,12508
2013-04-01,대구과학대학건너,3350,104
2013-04-01,대구과학대학앞,1113,164
2013-04-01,대구광역시교육연수원건너,12265,1108
2013-04-01,대구광역시교육연수원앞,7472,1349
2013-04-01,대구광역시청건너,1540,203
2013-04-01,대구광역시청앞,429,502
2013-04-01,대구교도소건너,9640,5229
2013-04-01,대구교도소앞,31570,4069
2013-04-01,대구교육대건너,19743,10337
2013-04-01,대구교육대앞,23770,2560
2013-04-01,대구교통방송건너,7046,3839
2013-04-01,대구교통방송앞,19189,1677
2013-04-01,대구국제공항건너,24508,18112
2013-04-01,대구국제공항앞,26295,12825
2013-04-01,대구글로벌교육센터건너,5636,3619
2013-04-01,대구글로벌교육센터앞,4708,619
2013-04-01,대구농업마이스터고건너,17281,4066
2013-04-01,대구농업마이스터고앞,12395,6570
2013-04-01,대구농업마이스터고후문건너,904,633
2013-04-01,대구농업마이스터고후문앞,2588,199
2013-04-01,대구도시공사앞,16185,4104
2013-04-01,대구동부고용복지플러스센터,12015,5645
2013-04-01,대구동촌유치원,1217,125
2013-04-01,대구디지털산업진흥원건너,25904,4935
2013-04-01,대구디지털산업진흥원앞,17889,6278
2013-04-01,대구맨션건너,2016,289
2013-04-01,대구맨션앞,4110,738
2013-04-01,대구문화방송건너,11513,3783
2013-04-01,대구문화방송앞,18432,4790
2013-04-01,대구미술관건너,727,74
2013-04-01,대구미술관앞,857,118
2013-04-01,대구병원건너,32385,3679
2013-04-01,대구병원앞,13068,6306
2013-04-01,대구보건고등학교건너,19493,4519
2013-04-01,대구보건고등학교앞,14047,2487
2013-04-01,대구보건대학3,15400,5821
2013-04-01,대구보건대학4,54148,3283
2013-04-01,대구보건대학5,143,21
2013-04-01,대구보건대학건너1,2209,86
2013-04-01,대구보건대학건너2,15689,126
2013-04-01,대구보건대학앞1,508,325
2013-04-01,대구보건대학앞2,1947,613
2013-04-01,대구보훈요양원건너,0,2
2013-04-01,대구보훈요양원앞,71,0
2013-04-01,대구비지니스센터건너,3953,904
2013-04-01,대구비지니스센터앞,4668,423
2013-04-01,대구사격장,38,3
2013-04-01,대구삼성창조캠퍼스1,1466,334
2013-04-01,대구삼성창조캠퍼스2,398,561
2013-04-01,대구선방촌공원,1295,28
2013-04-01,대구소방본부건너,482,193
2013-04-01,대구소방본부앞,1963,2341
2013-04-01,대구스타디움건너,4110,950
2013-04-01,대구스타디움앞,4285,1475
2013-04-01,대구시교육청건너,1507,128
2013-04-01,대구시교육청앞,1590,7740
2013-04-01,대구시설공단건너,19163,4890
2013-04-01,대구시설공단앞,13369,7615
2013-04-01,대구시설관리사업소,4,77
2013-04-01,대구시지노인전문병원앞,541,503
2013-04-01,대구신문사,558,136
2013-04-01,대구애견훈련학교건너,425,1
2013-04-01,대구애견훈련학교앞,1,12
2013-04-01,대구역,1296,522
2013-04-01,대구역건너,27421,19449
2013-04-01,대구역꽃시장,807,293
2013-04-01,대구역북편네거리1,36356,8600
2013-04-01,대구역북편네거리2,14581,11757
2013-04-01,대구역센트럴자이,1048,162
2013-04-01,대구역앞,40730,13275
2013-04-01,대구예담학교,145,7
2013-04-01,대구우편집중국(동편),1,18
2013-04-01,대구우편집중국앞,2627,1136
2013-04-01,대구은행3공단지점앞,6742,659
2013-04-01,대구은행북비산지점건너1,14304,3418
2013-04-01,대구은행북비산지점건너2,3912,799
2013-04-01,대구은행북비산지점앞,41977,10471
2013-04-01,대구은행산격지점앞,927,149
2013-04-01,대구은행역(1번출구),34544,18950
2013-04-01,대구은행역(2번출구),41407,12333
2013-04-01,대구은행제2본점앞,15211,3421
2013-04-01,대구은행칠곡지점건너,10121,3991
2013-04-01,대구은행칠곡지점앞,32252,3050
2013-04-01,대구은행평리동지점건너,3754,923
2013-04-01,대구은행평리동지점앞,7025,1034
2013-04-01,대구의료원건너,7307,1020
2013-04-01,대구의료원라파엘웰빙센터,1913,111
2013-04-01,대구의료원라파엘웰빙센터건너,445,304
2013-04-01,대구의료원앞,5351,983
2013-04-01,대구일마이스터고교건너,4692,933
2013-04-01,대구일마이스터고교앞,10393,1041
2013-04-01,대구전자공고남편,84,747
2013-04-01,대구전자공업고등학교1,9137,601
2013-04-01,대구전자공업고등학교2,1285,5108
2013-04-01,대구제일고등학교건너,49546,13980
2013-04-01,대구제일고등학교앞,39118,23361
2013-04-01,대구중앙중고등학교건너,33339,6579
2013-04-01,대구중앙중고등학교앞,33894,6271
2013-04-01,대구중앙중학교건너,3539,39
2013-04-01,대구중앙중학교앞,244,2788
2013-04-01,대구중학교건너,2213,390
2013-04-01,대구중학교앞,6503,727
2013-04-01,대구지료재생사,102,24
2013-04-01,대구지방경찰청,7107,437
2013-04-01,대구지방법원등기국건너,5678,4270
2013-04-01,대구지방법원등기국앞,2396,703
2013-04-01,대구지방법원서부지원,704,69
2013-04-01,대구차여성병원건너,5260,3806
2013-04-01,대구차여성병원앞,16003,2377
2013-04-01,대구콘서트하우스건너,19052,22411
2013-04-01,대구콘서트하우스앞,28942,12271
2013-04-01,대구텍건너,556,609
2013-04-01,대구텍앞,7259,979
2013-04-01,대구학생문화센터,167,89
2013-04-01,대구학생수련관입구건너,888,1
2013-04-01,대구학생수련관입구앞,9,107
2013-04-01,대구한의대학교부속한방병원건너,265,160
2013-04-01,대구한의대학교부속한방병원앞,6583,495
2013-04-01,대구향교건너,2354,1442
2013-04-01,대구향교앞,2512,656
2013-04-01,대덕마을건너,631,91
2013-04-01,대덕마을앞,471,101
2013-04-01,대덕맨션앞,9871,263
2013-04-01,대덕문화전당건너,1749,102
2013-04-01,대덕문화전당앞,39,95
2013-04-01,대덕승마장건너,424,14
2013-04-01,대덕승마장앞,140,91
2013-04-01,대덕식당건너,228,618
2013-04-01,대덕식당앞,4345,227
2013-04-01,대덕천주교회1,2200,511
2013-04-01,대덕천주교회2,2978,160
2013-04-01,대덕천주교회3,4246,42
2013-04-01,대덕천주교회4,285,398
2013-04-01,대덕초등학교,910,17
2013-04-01,대동공업,169,86
2013-04-01,대동공업건너,812,32
2013-04-01,대동금속건너,1645,14
2013-04-01,대동금속앞,588,112
2013-04-01,대동시장1,5095,795
2013-04-01,대동시장2,9433,761
2013-04-01,대륜중고등학교건너,5051,1859
2013-04-01,대륜중고등학교앞,11932,912
2013-04-01,대리,463,18
2013-04-01,대리마을앞,48,20
2013-04-01,대리마을회관,377,8
2013-04-01,대리마을회관건너,42,23
2013-04-01,대림생수,1160,36
2013-04-01,대림생수앞,88,288
2013-04-01,대림육교1,261,7933
2013-04-01,대림육교2,7821,84
2013-04-01,대명6동주민센터건너,3051,313
2013-04-01,대명6동주민센터앞,3065,206
2013-04-01,대명시장건너,28848,7178
2013-04-01,대명시장앞,24372,8685
2013-04-01,대명역(1번출구),21401,4695
2013-04-01,대명역(2번출구),14465,3702
2013-04-01,대명중학교건너,64,199
2013-04-01,대명중학교앞,3224,102
2013-04-01,대명초등학교건너,9145,2635
2013-04-01,대명초등학교앞,14467,3594
2013-04-01,대백인터빌건너,27624,4056
2013-04-01,대백인터빌앞,21586,14441
2013-04-01,대백창신한라타운건너,16772,1199
2013-04-01,대백창신한라타운앞,3242,1609
2013-04-01,대백프라자건너,26456,6244
2013-04-01,대백프라자앞,30940,7589
2013-04-01,대백한라무지개타운건너,20093,1037
2013-04-01,대백한라무지개타운앞,9357,2047
2013-04-01,대봉교회,10156,4380
2013-04-01,대봉네거리1,5684,549
2013-04-01,대봉네거리2,3002,2832
2013-04-01,대봉도서관건너,1996,402
2013-04-01,대봉도서관앞,4535,924
2013-04-01,대봉성당,13433,4540
2013-04-01,대산,0,8
2013-04-01,대서초등학교앞,582,120
2013-04-01,대성공업건너,307,2576
2013-04-01,대성공업앞,4841,128
2013-04-01,대성유니드앞,2799,60
2013-04-01,대성테크앞,238,19
2013-04-01,대신동광명맨션앞,1500,239
2013-04-01,대신센트럴자이,6080,583
2013-04-01,대실역(1번출구),8419,4130
2013-04-01,대실역(2번출구),28655,3965
2013-04-01,대실역(4번출구),1501,33
2013-04-01,대실역1,109,20
2013-04-01,대실역2,14,59
2013-04-01,대실역청아람건너,11133,116
2013-04-01,대실역청아람앞,331,1599
2013-04-01,대우트럼프월드수성건너,17328,862
2013-04-01,대우트럼프월드수성앞,5016,1447
2013-04-01,대원고등학교,7459,8993
2013-04-01,대원고등학교건너,18926,1209
2013-04-01,대원사건너(공산동),57,20
2013-04-01,대원사앞(공산동),326,3
2013-04-01,대원사입구,232,0
2013-04-01,대원유치원건너,7448,1252
2013-04-01,대원유치원앞,10785,706
2013-04-01,대일1리마을회관건너,310,55
2013-04-01,대일1리점촌마을,20,30
2013-04-01,대일아파트건너,12515,2141
2013-04-01,대일아파트앞,14125,1729
2013-04-01,대자연맨션,23284,1744
2013-04-01,대자연맨션건너,3263,2025
2013-04-01,대중인벤트,174,34
2013-04-01,대진중고등학교건너,892,69
2013-04-01,대진중고등학교앞,589,203
2013-04-01,대천119안전센터건너,1457,28
2013-04-01,대천119안전센터앞,552,87
2013-04-01,대천교,510,315
2013-04-01,대천초등학교건너,414,167
2013-04-01,대천초등학교앞,3014,61
2013-04-01,대청초등학교건너,240,626
2013-04-01,대청초등학교앞,13841,670
2013-04-01,대평2리,696,1
2013-04-01,대평교회앞,23,28
2013-04-01,대평리시장,13043,2620
2013-04-01,대평중학교건너,12788,1061
2013-04-01,대평중학교앞,6353,783
2013-04-01,대홍철강,620,8
2013-04-01,대흥동건너,411,68
2013-04-01,대흥동앞,467,528
2013-04-01,덕곡(달구벌고교),436,1
2013-04-01,덕곡(대구선명학교),55,55
2013-04-01,덕곡삼거리1,33,145
2013-04-01,덕곡삼거리2,1318,43
2013-04-01,덕산마을건너,2,5
2013-04-01,덕산마을앞,390,0
2013-04-01,덕원고등학교건너,5865,3219
2013-04-01,덕원고등학교앞,6283,810
2013-04-01,덕인초등학교건너,2815,719
2013-04-01,덕인초등학교앞,2387,430
2013-04-01,덕화중학교건너,11087,856
2013-04-01,덕화중학교앞,4423,2345
2013-04-01,덴티스앞,247,14
2013-04-01,도남동,325,7
2013-04-01,도남동(종점),476,7
2013-04-01,도남지,126,0
2013-04-01,도동,8,9
2013-04-01,도동교1,970,10
2013-04-01,도동교2,17,27
2013-04-01,도동서원,162,0
2013-04-01,도동청구타운건너,77,26
2013-04-01,도동청구타운앞,1303,13
2013-04-01,도시철도건설본부건너,1708,2769
2013-04-01,도시철도건설본부앞,25659,9243
2013-04-01,도시철도담티역(1번출구),34961,8991
2013-04-01,도시철도담티역(3번출구),22678,16176
2013-04-01,도시철도대구역,862,742
2013-04-01,도시철도수성구청역북편1,357,6347
2013-04-01,도시철도수성구청역북편2,2916,84
2013-04-01,도의리,149,0
2013-04-01,도평동입구1,923,154
2013-04-01,도평동입구2,324,312
2013-04-01,도평동행정복지센터1,6,10
2013-04-01,도평동행정복지센터2,101,0
2013-04-01,도학동,1299,6
2013-04-01,도학동1,29,83
2013-04-01,동곡1리1,16,0
2013-04-01,동곡1리2,189,0
2013-04-01,동곡1리3,132,0
2013-04-01,동곡리,184,0
2013-04-01,동곡초등학교건너,480,12
2013-04-01,동곡초등학교앞,55,67
2013-04-01,동구시장건너,10052,2084
2013-04-01,동구시장앞,8467,2352
2013-04-01,동구청건너,57883,34489
2013-04-01,동구청앞,64652,30315
2013-04-01,동구청역(3번출구),8207,805
2013-04-01,동구청역(4번출구),2811,1659
2013-04-01,동대구LPG충전소건너,963,187
2013-04-01,동대구LPG충전소앞,745,145
2013-04-01,동대구맨션,12136,3612
2013-04-01,동대구시장건너,14016,4804
2013-04-01,동대구시장앞,24425,3623
2013-04-01,동대구역,58059,30782
2013-04-01,동대구역건너,61564,25624
2013-04-01,동대구역복합환승센터건너,58792,19761
2013-04-01,동대구역복합환승센터앞,49608,32933
2013-04-01,동대구역수화물취급소건너,332,124
2013-04-01,동대구역수화물취급소앞,362,84
2013-04-01,동대구역지하도1,4114,4417
2013-04-01,동대구역지하도2,13734,1352
2013-04-01,동대구초등학교건너,2261,56
2013-04-01,동대구초등학교앞,579,184
2013-04-01,동도중학교건너,11669,2094
2013-04-01,동도중학교앞,20179,1452
2013-04-01,동문고등학교앞,1321,311
2013-04-01,동변주공그린빌건너,2779,631
2013-04-01,동변주공그린빌앞,10790,317
2013-04-01,동부경찰서건너,2150,792
2013-04-01,동부경찰서앞,12782,480
2013-04-01,동부고교건너,1650,463
2013-04-01,동부고교앞,7843,558
2013-04-01,동부소방서건너,757,4002
2013-04-01,동부소방서앞,6128,427
2013-04-01,동부시외버스터미널(순환2번),2243,217
2013-04-01,동부중학교건너,5129,332
2013-04-01,동부중학교앞,3152,1244
2013-04-01,동북주유소건너,223,36
2013-04-01,동북주유소앞,38,42
2013-04-01,동산의료원앞1,32523,10944
2013-04-01,동산의료원앞2,15456,8839
2013-04-01,동서교회건너,3529,455
2013-04-01,동서교회앞,1770,613
2013-04-01,동서변리벤빌,10585,1705
2013-04-01,동서변월드메르디앙아파트,3577,231
2013-04-01,동서아파트건너,198,11
2013-04-01,동서아파트앞,28,4
2013-04-01,동서화성타운건너,34517,2084
2013-04-01,동서화성타운앞,16842,3205
2013-04-01,동성에스티에스건너,13,1
2013-04-01,동성에스티에스앞,6,2
2013-04-01,동성초등학교건너,3091,2435
2013-04-01,동성초등학교앞,6897,1813
2013-04-01,동신초등학교건너,3425,586
2013-04-01,동신초등학교앞,2744,1420
2013-04-01,동아백화점수성점건너,10346,15170
2013-04-01,동아백화점수성점앞,71228,2284
2013-04-01,동아수산냉동건너,660,461
2013-04-01,동아수산냉동앞,477,69
2013-04-01,동아스포츠센터(지산중학교앞),1623,826
2013-04-01,동아스포츠센터(지산초교앞),10652,287
2013-04-01,동아제약,558,79
2013-04-01,동아제약건너,2872,61
2013-04-01,동양맨션앞,3523,304
2013-04-01,동원약품,8496,594
2013-04-01,동원초등학교건너,1421,278
2013-04-01,동원초등학교앞1,1787,210
2013-04-01,동원초등학교앞2,2118,238
2013-04-01,동인네거리1,1892,294
2013-04-01,동인네거리2,2024,430
2013-04-01,동인초등학교건너,15128,3215
2013-04-01,동인초등학교앞,13256,2644
2013-04-01,동인치안센터건너,20936,4301
2013-04-01,동인치안센터앞,11869,4380
2013-04-01,동일초등학교건너,2809,1277
2013-04-01,동일초등학교앞,3388,953
2013-04-01,동천역1,410,135
2013-04-01,동천역2,1234,157
2013-04-01,동촌강나루아파트건너,4248,610
2013-04-01,동촌강나루아파트앞,3605,4606
2013-04-01,동촌역,643,265
2013-04-01,동촌역(구길),2176,183
2013-04-01,동촌역(신길)1,7210,1215
2013-04-01,동촌역(신길)2,4897,2209
2013-04-01,동촌유원지,719,75
2013-04-01,동촌유원지놀이동산앞,284,61
2013-04-01,동촌해성아파트건너,193,136
2013-04-01,동촌해성아파트앞,1027,320
2013-04-01,동촌화성타운건너,11645,1330
2013-04-01,동촌화성타운앞,8195,1957
2013-04-01,동침산네거리,2016,435
2013-04-01,동침산네거리2,25,102
2013-04-01,동호동건너(북구),1343,26
2013-04-01,동호동앞(북구),101,69
2013-04-01,동호육교1,62,584
2013-04-01,동호육교2,8172,341
2013-04-01,동호초등학교건너,665,12
2013-04-01,동화골든빌(남편),5263,73
2013-04-01,동화골든빌(동편),5026,1311
2013-04-01,동화골든빌(북편),108,142
2013-04-01,동화골든빌건너(남편),21,242
2013-04-01,동화교1,22,178
2013-04-01,동화교2,2287,6
2013-04-01,동화사입구건너,5553,7
2013-04-01,동화사입구앞,51,388
2013-04-01,동화시설집단지구(종점)1,11395,28
2013-04-01,동화시설집단지구(종점)2(대구시민안전테마파크),191,374
2013-04-01,두류3동파출소건너,900,126
2013-04-01,두류3동파출소앞,459,182
2013-04-01,두류공원(야외음악당건너),932,42
2013-04-01,두류공원(야외음악당앞),756,129
2013-04-01,두류공원네거리1,14608,3069
2013-04-01,두류공원네거리2,4847,5076
2013-04-01,두류도서관앞,11612,2323
2013-04-01,두류보성맨션건너,7253,749
2013-04-01,두류보성맨션앞,3700,2795
2013-04-01,두류수영장건너,21629,5155
2013-04-01,두류수영장앞,22435,4727
2013-04-01,두류역(달성고등학교건너),37464,10369
2013-04-01,두류역(달성고등학교앞),59362,41734
2013-04-01,두류정수사업소건너,21215,4196
2013-04-01,두류정수사업소앞,6801,3294
2013-04-01,두류파출소건너,900,60
2013-04-01,두류파출소앞,287,117
2013-04-01,두리봉네거리1,4397,8732
2013-04-01,두리봉네거리2,17547,4100
2013-04-01,두리봉터널입구,1713,317
2013-04-01,두리봉터널입구건너,4217,121
2013-04-01,두산동주민센터건너,17172,4807
2013-04-01,두산동주민센터앞,9661,6628
2013-04-01,두산스포츠건너,2171,152
2013-04-01,두성파크아파트건너,25744,10257
2013-04-01,두성파크아파트앞,12085,7802
2013-04-01,둔산동,2437,4
2013-04-01,들안길1,1178,554
2013-04-01,들안길2,4847,229
2013-04-01,들안길네거리1,6251,177
2013-04-01,들안길네거리2,1133,1676
2013-04-01,들안길초등학교건너,6222,2742
2013-04-01,들안길초등학교앞,6151,1264
2013-04-01,들연경,355,1
2013-04-01,럭키아파트건너,302,303
2013-04-01,럭키아파트앞,2534,29
2013-04-01,롯데백화점상인점건너,13473,5010
2013-04-01,롯데캐슬그랜드,707,499
2013-04-01,룸비니유치원건너,2621,219
2013-04-01,룸비니유치원앞,2296,306
2013-04-01,마비정벽화마을(종점),380,7
2013-04-01,만경관건너,7449,3395
2013-04-01,만경관앞,12662,2947
2013-04-01,만촌1동주민센터,3419,578
2013-04-01,만촌2동주민센터,18021,5807
2013-04-01,만촌3차화성파크드림건너,3963,709
2013-04-01,만촌그린빌라건너,714,70
2013-04-01,만촌역(1번출구),579,6736
2013-04-01,만촌우방1차건너,7616,109
2013-04-01,만촌우방1차앞,422,636
2013-04-01,만촌육교1,63692,15885
2013-04-01,만촌육교2,9718,23480
2013-04-01,만촌자전거경기장,1,40
2013-04-01,만촌천주교회앞,303,117
2013-04-01,만촌초등학교건너1,2832,271
2013-04-01,만촌초등학교건너2,3968,266
2013-04-01,만촌초등학교앞,3067,358
2013-04-01,만촌태왕리더스건너,5859,350
2013-04-01,만촌태왕리더스건너(남편),324,862
2013-04-01,만촌태왕리더스북편,647,118
2013-04-01,만촌태왕리더스앞1,5466,3593
2013-04-01,만촌태왕리더스앞2,2130,347
2013-04-01,만촌화성파크스위트,31,131
2013-04-01,만평네거리,7120,1975
2013-04-01,만평역(서대구고속버스터미널)1,8675,4278
2013-04-01,만평역(서대구고속버스터미널)2,8095,5202
2013-04-01,망우당공원(종점),305,125
2013-04-01,망우당공원건너,1627,838
2013-04-01,망우당공원앞,5293,1810
2013-04-01,매곡(종점),37,112
2013-04-01,매곡사거리1,1003,1511
2013-04-01,매곡사거리2,11248,444
2013-04-01,매곡정수사업소건너,1361,33
2013-04-01,매곡정수사업소앞,14,27
2013-04-01,매곡초등학교건너,32,55
2013-04-01,매골1,19,41
2013-04-01,매골2,340,5
2013-04-01,매여동(동구)저탄장,528,22
2013-04-01,매일신문사건너,127,192
2013-04-01,매일신문사앞,1293,73
2013-04-01,매천고교,1796,119
2013-04-01,매천대교1,1052,73
2013-04-01,매천성당건너1,3049,204
2013-04-01,매천성당건너2,873,218
2013-04-01,매천성당앞,5622,233
2013-04-01,매천수산시장건너,2022,139
2013-04-01,매천수산시장앞,1735,213
2013-04-01,매천시장지하차도,1886,194
2013-04-01,매천중고등학교건너,4292,2177
2013-04-01,매천중고등학교앞,19925,1098
2013-04-01,매천초교(매천역)2,1017,61
2013-04-01,매천화성파크드림,1530,61
2013-04-01,매천휴먼시아앞,1173,79
2013-04-01,매호동서아파트앞,981,0
2013-04-01,매호성당건너,606,0
2013-04-01,메트로시티건너,6143,616
2013-04-01,메트로시티앞,2472,413
2013-04-01,메트로팔레스1,15373,2148
2013-04-01,메트로팔레스2,19584,1708
2013-04-01,명곡1리입구1,6,11
2013-04-01,명곡1리입구2,23,1
2013-04-01,명곡리1,2248,368
2013-04-01,명곡리2,4280,527
2013-04-01,명곡미래빌1단지,2168,353
2013-04-01,명곡미래빌2단지건너,16,332
2013-04-01,명곡미래빌2단지앞,10741,1448
2013-04-01,명곡미래빌3단지건너,2432,420
2013-04-01,명곡미래빌3단지앞,4242,308
2013-04-01,명곡미래빌4단지,3845,307
2013-04-01,명곡미래빌5단지건너,11,88
2013-04-01,명곡미래빌5단지앞,5167,579
2013-04-01,명곡지구앞,2176,355
2013-04-01,명덕네거리1,39414,5607
2013-04-01,명덕네거리2,13448,22878
2013-04-01,명덕역(6번출구),29028,30188
2013-04-01,명덕역(7번출구),38624,10420
2013-04-01,명덕초등학교건너,24251,10421
2013-04-01,명덕초등학교앞,30997,11029
2013-04-01,명문세가APT건너,9156,1575
2013-04-01,명문세가APT앞,14100,4409
2013-04-01,명문오하임아파트건너,391,73
2013-04-01,명문오하임아파트앞,259,69
2013-04-01,명보약국건너,2206,513
2013-04-01,명보약국앞,2727,715
2013-04-01,명성푸르지오건너,6981,1506
2013-04-01,명성푸르지오앞,18911,1262
2013-04-01,모개월앞,1,0
2013-04-01,모개월입구,169,0
2013-04-01,모다아울렛,54,5
2013-04-01,모다아울렛건너,16680,452
2013-04-01,모다아울렛앞,126,2447
2013-04-01,모래정마을건너,494,4
2013-04-01,모래정마을앞,84,5
2013-04-01,목단1리,232,0
2013-04-01,목단2리,48,0
2013-04-01,목단리,31,0
2013-04-01,묘1리,201,0
2013-04-01,묘2리(고려정밀),131,0
2013-04-01,묘2리(전마),77,0
2013-04-01,무궁화LPG충전소,9914,1800
2013-04-01,무궁화LPG충전소건너,3739,892
2013-04-01,무궁화어린이공원입구,2104,380
2013-04-01,무궁화어린이공원입구건너,4718,691
2013-04-01,무등1리1,6,2
2013-04-01,무등1리2,251,0
2013-04-01,무등1리3,95,0
2013-04-01,무등2리,1,4
2013-04-01,무등2리입구건너,107,0
2013-04-01,무림제지건너,777,322
2013-04-01,무림제지앞1,1155,278
2013-04-01,무림제지앞2,177,48
2013-04-01,무열대건너,5051,1607
2013-04-01,무열대앞,1624,353
2013-04-01,무태교,17,392
2013-04-01,무태네거리(시내방향),17743,6098
2013-04-01,무태네거리(시외방향),4057,4736
2013-04-01,무태새마을금고건너,1879,455
2013-04-01,무태새마을금고앞,5659,248
2013-04-01,무태조야동주민센터건너1,8010,394
2013-04-01,무태조야동주민센터건너2,5800,1996
2013-04-01,무태조야동주민센터앞1,1420,778
2013-04-01,무태조야동주민센터앞2,17247,1304
2013-04-01,문성병원건너,13313,3633
2013-04-01,문성병원앞,18376,5132
2013-04-01,문양기지창건너,39,90
2013-04-01,문양기지창앞,488,44
2013-04-01,문양리1,216,5
2013-04-01,문양리2,0,2
2013-04-01,문양리입구1,683,3
2013-04-01,문양리입구2,3,5
2013-04-01,문양역건너,18,525
2013-04-01,문양역앞,2400,1553
2013-04-01,문주마을건너,167,0
2013-04-01,문주마을앞,3,4
2013-04-01,문화예술회관건너,13360,3881
2013-04-01,문화예술회관앞,11719,3262
2013-04-01,미8군후문건너,556,217
2013-04-01,미8군후문앞,1366,35
2013-04-01,미곡동1,338,344
2013-04-01,미곡동2,4425,224
2013-04-01,미대동1,2865,83
2013-04-01,미대동2,332,412
2013-04-01,미래아트빌앞,1071,330
2013-04-01,미리내맨션건너,15860,583
2013-04-01,미리내맨션앞,5174,1344
2013-04-01,민들레아파트(종점),176,56
2013-04-01,민들레아파트후문건너,8221,17
2013-04-01,민들레아파트후문앞,12,191
2013-04-01,바른병원건너,289,199
2013-04-01,박곡리(시내방향),240,2
2013-04-01,박곡리(시외방향),68,2
2013-04-01,박석진교,20,22
2013-04-01,반고개(내당역4번출구),4048,3527
2013-04-01,반고개1,7865,2663
2013-04-01,반고개2,18956,6526
2013-04-01,반송4교건너,152,6
2013-04-01,반송4교앞,263,1
2013-04-01,반송리,445,5
2013-04-01,반야월모란1차아파트,4768,978
2013-04-01,반야월시장1,7789,3830
2013-04-01,반야월시장2,10599,2258
2013-04-01,반야월역(국철)건너,5513,2406
2013-04-01,반야월역(국철)앞,10251,1416
2013-04-01,반야월역(도시철도1번출구),6605,1509
2013-04-01,반야월역(도시철도2번출구),7352,572
2013-04-01,반야월역(도시철도3번출구),3149,4055
2013-04-01,반야월역(도시철도4번출구)1,12278,5670
2013-04-01,반야월역(도시철도4번출구)2,2267,1753
2013-04-01,반야월저탄장건너,7071,2462
2013-04-01,반야월저탄장앞,10955,1400
2013-04-01,반월당역(1번출구)1,44544,25502
2013-04-01,반월당역(1번출구)2,5799,9035
2013-04-01,반월당역(2번출구),48014,35387
2013-04-01,방공포병학교건너,1793,356
2013-04-01,방공포병학교앞,779,905
2013-04-01,방짜유기박물관건너,881,11
2013-04-01,방짜유기박물관앞,30,64
2013-04-01,방천리1,10,42
2013-04-01,방천리2,1,13
2013-04-01,방천리환경자원사업소,1800,187
2013-04-01,방천시장(김광석길)건너,15274,4336
2013-04-01,방천시장(김광석길)앞,13607,4214
2013-04-01,방촌1동,962,0
2013-04-01,방촌건널목,167,1973
2013-04-01,방촌맨션앞,5146,611
2013-04-01,방촌빌라,212,198
2013-04-01,방촌시장건너,30882,7506
2013-04-01,방촌시장앞,18906,8623
2013-04-01,방촌역(1번출구),15897,2414
2013-04-01,방촌역(2번출구),11945,4021
2013-04-01,방촌치안센터건너,2970,1078
2013-04-01,방촌치안센터앞,4276,466
2013-04-01,백사벌네거리1,2863,117
2013-04-01,백사벌네거리2,2936,1383
2013-04-01,백안교1,115,75
2013-04-01,백안교2,1397,45
2013-04-01,백안삼거리1,328,233
2013-04-01,백안삼거리2,4005,139
2013-04-01,백자맨션건너,11443,1653
2013-04-01,백자맨션앞,5272,1646
2013-04-01,범물1동주민센터건너,47000,3146
2013-04-01,범물1동주민센터앞,10907,3843
2013-04-01,범물2동주민센터건너,3367,61
2013-04-01,범물2동주민센터앞,11,312
2013-04-01,범물두성타운건너,5472,79
2013-04-01,범물우방미진하이츠앞,31,304
2013-04-01,범물청구맨션건너,7551,3465
2013-04-01,범물청구맨션앞,34619,3118
2013-04-01,범물하이츠 건너,2808,1954
2013-04-01,범물하이츠앞,35972,545
2013-04-01,범물한라주택건너,24360,1455
2013-04-01,범물한라주택앞,4154,3588
2013-04-01,범어2동1,221,540
2013-04-01,범어2동2,1186,48
2013-04-01,범어4동주민센터건너,25875,6684
2013-04-01,범어4동주민센터앞,13999,9235
2013-04-01,범어쌍용예가건너,7952,1990
2013-04-01,범어쌍용예가앞,10736,1968
2013-04-01,범어역(1번출구),16960,3926
2013-04-01,범어역(2번출구),9947,3272
2013-04-01,법원건너,21902,9185
2013-04-01,법원앞,26645,7512
2013-04-01,법원어린이집,721,403
2013-04-01,베어산업건너,718,0
2013-04-01,베어산업앞,42,41
2013-04-01,병무청중앙신체검사소,54,11
2013-04-01,보람타운건너,9376,463
2013-04-01,보람타운앞,6195,2346
2013-04-01,보병50사단건너,3954,320
2013-04-01,보병50사단앞,2016,337
2013-04-01,보성기계건너,3777,23
2013-04-01,보성기계앞,28,68
2013-04-01,보성산호타운건너,4647,457
2013-04-01,보성산호타운앞,2721,997
2013-04-01,보성서한타운앞,4152,326
2013-04-01,보성은하타운앞,2398,98
2013-04-01,보성화성타운건너,21954,2563
2013-04-01,보성화성타운앞,10175,2509
2013-04-01,보훈병원건너,19,230
2013-04-01,보훈병원앞,6140,9
2013-04-01,복음간호학원,1382,466
2013-04-01,복현네거리,4349,3856
2013-04-01,복현대백맨션건너,19361,1008
2013-04-01,복현대백맨션앞,4479,1854
2013-04-01,복현서한2차아파트,2341,2051
2013-04-01,복현성모약국앞,4218,1229
2013-04-01,복현오거리1,51317,18402
2013-04-01,복현오거리2,13145,7431
2013-04-01,복현오거리3,329,370
2013-04-01,복현우방아파트,10714,1287
2013-04-01,복현우체국건너,51892,7078
2013-04-01,복현우체국앞,14285,5863
2013-04-01,복현장미맨션앞,2302,270
2013-04-01,복현푸르지오아파트건너,17846,1140
2013-04-01,복현현대맨션건너,2643,54
2013-04-01,복현현대맨션앞,698,185
2013-04-01,본동시장건너,8126,848
2013-04-01,본동시장앞,2514,483
2013-04-01,본리1리,554,15
2013-04-01,본리1리동회관건너,1446,168
2013-04-01,본리1리동회관앞,40,32
2013-04-01,본리2,1339,161
2013-04-01,본리근린공원건너,33,1
2013-04-01,본리근린공원앞,3,1
2013-04-01,본리네거리,2461,725
2013-04-01,본리네거리2,9336,1250
2013-04-01,본리네거리3,2339,997
2013-04-01,본리도서관앞,1610,213
2013-04-01,본리롯데캐슬,2326,146
2013-04-01,본리아카시아맨션,5885,1760
2013-04-01,본리지구건너,1368,449
2013-04-01,본리지구앞,6876,685
2013-04-01,본리초등학교건너,8328,2427
2013-04-01,본리초등학교앞,8536,1323
2013-04-01,본리치안센터건너,3879,453
2013-04-01,본리치안센터앞,3209,900
2013-04-01,본말(종점),94,1
2013-04-01,봉덕119안전센터건너,1158,46
2013-04-01,봉덕119안전센터앞,473,173
2013-04-01,봉덕2동새마을금고건너,1400,329
2013-04-01,봉덕2동새마을금고앞,868,386
2013-04-01,봉덕교회건너,14880,2313
2013-04-01,봉덕교회앞,5377,2046
2013-04-01,봉덕변전소건너,2331,4
2013-04-01,봉덕변전소앞,7,39
2013-04-01,봉덕시장건너1,3991,2485
2013-04-01,봉덕시장건너2,629,270
2013-04-01,봉덕시장건너3,4579,1243
2013-04-01,봉덕시장앞1,10961,1467
2013-04-01,봉덕시장앞2,4025,3412
2013-04-01,봉무공원건너,32648,1029
2013-04-01,봉무청구새들마을건너,10660,3938
2013-04-01,봉무청구새들마을앞,2632,735
2013-04-01,봉산가구골목(동편),3994,2063
2013-04-01,봉산가구골목(서편),3342,347
2013-04-01,봉산문화거리건너,20603,8716
2013-04-01,봉산문화거리앞,13421,5059
2013-04-01,봉산육거리,4215,908
2013-04-01,봉촌1리1,554,0
2013-04-01,봉촌1리2,20,23
2013-04-01,봉촌1리3,159,0
2013-04-01,봉촌2리,471,1
2013-04-01,봉촌낙동길입구,381,1
2013-04-01,봉촌낙동길입구건너,4,54
2013-04-01,봉촌리,307,0
2013-04-01,부곡리,13,3
2013-04-01,부곡리건너,81,47
2013-04-01,부남교앞,10,0
2013-04-01,부동,1971,9
2013-04-01,부동(종점),71,2
2013-04-01,부동농협,950,3
2013-04-01,부동삼거리,1,7
2013-04-01,부영3단지,3761,501
2013-04-01,부영5단지,2265,412
2013-04-01,부영7단지건너,686,3
2013-04-01,부영7단지앞,17,30
2013-04-01,부인사건너,11,1
2013-04-01,부인사앞,61,1
2013-04-01,북구구민운동장건너,7985,366
2013-04-01,북구구민운동장앞,2274,1845
2013-04-01,북구보건소건너,3678,1001
2013-04-01,북구보건소앞,6327,593
2013-04-01,북구선거관리위원회건너,6470,551
2013-04-01,북구선거관리위원회앞,7358,5412
2013-04-01,북구어울아트센터앞,100,85
2013-04-01,북구청건너,13651,4072
2013-04-01,북구청네거리1,1882,903
2013-04-01,북구청네거리2,3267,402
2013-04-01,북구청앞,14465,2673
2013-04-01,북구청역(3번출구),9543,2909
2013-04-01,북구청역(4번출구),5715,2026
2013-04-01,북대구세무서건너,7630,814
2013-04-01,북대구세무서앞,4064,1073
2013-04-01,북대구초등학교건너,2576,43
2013-04-01,북대구초등학교앞,724,381
2013-04-01,북동초등학교건너,1083,370
2013-04-01,북동초등학교앞,5191,123
2013-04-01,북리1,2283,1376
2013-04-01,북리2,16951,317
2013-04-01,북부경찰서건너,2661,877
2013-04-01,북부상수도사업소,216,276
2013-04-01,북부정류장,92401,24481
2013-04-01,북부정류장건너,39886,27877
2013-04-01,북비산네거리1,10195,3335
2013-04-01,북비산네거리2,10238,1975
2013-04-01,북중학교앞,3054,276
2013-04-01,북침산치안센터건너,7796,1530
2013-04-01,북침산치안센터앞,7374,1895
2013-04-01,불교한방병원건너1,662,519
2013-04-01,불교한방병원건너2,1602,220
2013-04-01,불교한방병원앞1,3361,193
2013-04-01,불교한방병원앞2,3068,1019
2013-04-01,불로삼거리,2134,3426
2013-04-01,불로우방아파트건너,7279,3586
2013-04-01,불로우방아파트앞,8898,2405
2013-04-01,불로전통시장건너,44594,4887
2013-04-01,불로전통시장앞,15423,10028
2013-04-01,불로천주교회건너,7453,1898
2013-04-01,불로천주교회앞,21782,3040
2013-04-01,불로화훼단지건너,3067,465
2013-04-01,불로화훼단지앞,3099,1011
2013-04-01,비산5동주민센터,40,0
2013-04-01,비산6동주민센터건너,925,327
2013-04-01,비산6동주민센터앞,846,32
2013-04-01,비산7동우체국건너,3174,2167
2013-04-01,비산7동우체국앞1,16492,6798
2013-04-01,비산7동우체국앞2,16282,1708
2013-04-01,비산지하도1,11641,2725
2013-04-01,비산지하도2,18931,3519
2013-04-01,비산초등학교건너,10865,1087
2013-04-01,비산초등학교앞,13449,970
2013-04-01,비슬산휴양림주차장,147,6
2013-04-01,비원지구대건너,5939,289
2013-04-01,비원지구대앞,555,546
2013-04-01,비철금속협업단지앞,10018,515
2013-04-01,사복동입구교차로,242,863
2013-04-01,사복동입구교차로건너,44,112
2013-04-01,사월동(종점),807,66
2013-04-01,사월보성2차건너,33,341
2013-04-01,사월보성2차앞,2834,36
2013-04-01,사월역(2번출구),22234,6063
2013-04-01,사월역(4번출구),18099,20087
2013-04-01,사창마을건너,30,0
2013-04-01,사창마을앞,108,0
2013-04-01,산격4동주민센터건너,724,194
2013-04-01,산격4동주민센터앞,8089,488
2013-04-01,산격거평타운건너,857,1343
2013-04-01,산격거평타운앞,2414,877
2013-04-01,산격대우아파트앞,59238,17289
2013-04-01,산격문화회관건너,9625,745
2013-04-01,산격문화회관앞,3799,1012
2013-04-01,산격종합시장앞,52846,30417
2013-04-01,산격주공아파트건너,4108,3251
2013-04-01,산격주공아파트앞,24181,3930
2013-04-01,산격중학교건너,5380,4487
2013-04-01,산격중학교앞,14687,1120
2013-04-01,산격청구맨션앞,6975,2507
2013-04-01,산격초등학교건너,10269,638
2013-04-01,산격초등학교앞,10167,934
2013-04-01,산림조합중앙회건너,1780,464
2013-04-01,산림조합중앙회앞,3355,330
2013-04-01,산업용재관,4229,4495
2013-04-01,삼덕교회,6258,2453
2013-04-01,삼덕동1,273,152
2013-04-01,삼덕동2,338,22
2013-04-01,삼덕성당앞,7992,1065
2013-04-01,삼리1리1,109,55
2013-04-01,삼리1리2,884,236
2013-04-01,삼리리1(논공),646,28
2013-04-01,삼리리2(논공),105,42
2013-04-01,삼보,952,56
2013-04-01,삼산리(범동교),43,9
2013-04-01,삼산리(삼산교회건너),4574,145
2013-04-01,삼산리(삼산교회앞),45,340
2013-04-01,삼산리(은지가든),10,5
2013-04-01,삼산리입구건너,741,7
2013-04-01,삼산리입구앞,5,66
2013-04-01,삼산지,489,0
2013-04-01,삼성공원아파트건너,693,132
2013-04-01,삼성래미안1차건너,5623,1028
2013-04-01,삼성래미안1차앞,5584,1180
2013-04-01,삼성래미안2차건너,4718,1563
2013-04-01,삼성래미안2차앞,3911,617
2013-04-01,삼성명가타운,3533,482
2013-04-01,삼성명가타운건너,2456,351
2013-04-01,삼성물류센터앞,211,699
2013-04-01,삼성한국형아파트건너,1116,80
2013-04-01,삼성한국형아파트앞,1168,818
2013-04-01,삼우섬유앞,490,5
2013-04-01,삼육구가든건너,4,9
2013-04-01,삼육구가든앞,197,0
2013-04-01,삼익THK건너,331,49
2013-04-01,삼익THK앞,193,23
2013-04-01,삼익뉴타운건너,7132,1287
2013-04-01,삼익뉴타운앞,11998,1074
2013-04-01,삼정빌딩앞,875,411
2013-04-01,삼호아파트건너,1002,202
2013-04-01,삼호아파트앞,1135,430
2013-04-01,삼환맨션,602,59
2013-04-01,상공회의소건너,4878,840
2013-04-01,상공회의소앞,5687,720
2013-04-01,상당마을,7,0
2013-04-01,상동가압장건너,1014,289
2013-04-01,상동교1,356,156
2013-04-01,상동교2,2339,303
2013-04-01,상동네거리,4950,708
2013-04-01,상동마을(둔산길),756,1
2013-04-01,상동시장앞,2287,361
2013-04-01,상동우체국건너,4347,1146
2013-04-01,상동우체국앞,19133,2266
2013-04-01,상동천주교회건너,352,118
2013-04-01,상동천주교회앞,2476,849
2013-04-01,상록아파트,0,60
2013-04-01,상리공단,2279,74
2013-04-01,상리공단건너,737,206
2013-04-01,상리동입구,1863,85
2013-04-01,상리동입구1,3,186
2013-04-01,상리동입구2,3803,17
2013-04-01,상리동종점,0,69
2013-04-01,상리동종점2,1068,1
2013-04-01,상리동종점3,3751,357
2013-04-01,상리마을건너,3,10
2013-04-01,상리마을앞,53,1
2013-04-01,상리지하도1,2355,56
2013-04-01,상리지하도2,1841,92
2013-04-01,상매동(저탄장),33,0
2013-04-01,상서고등학교건너,2629,56
2013-04-01,상서고등학교앞,1472,71
2013-04-01,상수도사업본부,9473,2090
2013-04-01,상수도사업본부건너,7174,4247
2013-04-01,상수도사업본부시설관리소건너,10074,4676
2013-04-01,상수도사업본부시설관리소앞,2003,536
2013-04-01,상수도중남부사업소건너,1620,189
2013-04-01,상수도중남부사업소앞,613,146
2013-04-01,상원리(마을회관),568,0
2013-04-01,상원리(전평못식당),122,0
2013-04-01,상인2동주민센터건너,5978,301
2013-04-01,상인동서타운앞,17998,2119
2013-04-01,상인동화아이위시아파트건너,22031,2260
2013-04-01,상인동화아이위시아파트앞,2611,1914
2013-04-01,상인비둘기1단지아파트건너,5484,1388
2013-04-01,상인비둘기1단지아파트앞,20297,725
2013-04-01,상인비둘기2단지아파트앞,11078,855
2013-04-01,상인삼미타운건너,2505,3948
2013-04-01,상인삼미타운앞,5488,592
2013-04-01,상인역e-편한세상앞,7114,7065
2013-04-01,상인우방아파트,14177,9408
2013-04-01,상인은행아파트건너,7213,725
2013-04-01,상인은행아파트앞,4613,1424
2013-04-01,상인자이앞,6986,526
2013-04-01,상인장미아파트앞,11493,829
2013-04-01,상인제림아파트건너,5204,616
2013-04-01,상인제림아파트앞,1781,406
2013-04-01,상인청구타운건너,3247,191
2013-04-01,상인청구타운앞,1987,238
2013-04-01,상인초등학교앞,16155,2485
2013-04-01,상인한서타운앞,3943,602
2013-04-01,상인현대맨션건너,79180,10235
2013-04-01,상인현대맨션앞,26737,53222
2013-04-01,상인화성파크드림건너,1048,573
2013-04-01,상인화성파크드림앞,1293,250
2013-04-01,상화네거리,195,334
2013-04-01,새길시장건너,12908,13871
2013-04-01,새길시장앞,35698,6639
2013-04-01,새동네아파트건너,73,9
2013-04-01,새동네아파트앞,477,474
2013-04-01,새마을건너,6,19
2013-04-01,새마을입구,154,0
2013-04-01,새범어아파트건너,1334,139
2013-04-01,새범어아파트앞,878,149
2013-04-01,새본리중학교앞,1390,181
2013-04-01,샤니삼거리1,183,0
2013-04-01,샤니삼거리2,1,1
2013-04-01,서구문화회관건너,2791,631
2013-04-01,서구문화회관앞,8858,1605
2013-04-01,서구시장건너,20694,5471
2013-04-01,서구시장앞,19174,3743
2013-04-01,서구제일사회복지관건너,1614,894
2013-04-01,서구제일사회복지관앞,4258,453
2013-04-01,서구청건너,48621,13528
2013-04-01,서구청앞,51285,10349
2013-04-01,서남시장건너,30793,11423
2013-04-01,서남시장앞1,23161,6545
2013-04-01,서남시장앞2,8165,3364
2013-04-01,서당마을건너,981,11
2013-04-01,서당마을앞,47,54
2013-04-01,서대구고속버스터미널,1200,354
2013-04-01,서대구공단네거리1,802,100
2013-04-01,서대구공단네거리2,401,96
2013-04-01,서대구공단네거리3,2555,395
2013-04-01,서대구공단네거리4,4425,589
2013-04-01,서대구세무서,10833,19753
2013-04-01,서대구시장건너,13363,8538
2013-04-01,서대구시장앞,13533,4338
2013-04-01,서대구초등학교입구,23530,9721
2013-04-01,서대명지구대건너,6984,1177
2013-04-01,서대명지구대앞,2515,1739
2013-04-01,서도초등학교건너,2617,499
2013-04-01,서도초등학교서편1,5,3
2013-04-01,서도초등학교서편2,1120,61
2013-04-01,서도초등학교앞,5451,530
2013-04-01,서문시장,85716,24519
2013-04-01,서문시장5지구앞,1223,582
2013-04-01,서변동영남네오빌건너,6755,1050
2013-04-01,서변동영남네오빌앞,2128,457
2013-04-01,서부고등학교건너,2057,418
2013-04-01,서부고등학교앞,3515,169
2013-04-01,서부공업고등학교건너,11094,21843
2013-04-01,서부공업고등학교앞,28709,3942
2013-04-01,서부소방서,7,2
2013-04-01,서부시장건너,32423,7944
2013-04-01,서부시장앞,23511,8528
2013-04-01,서부정류장(관문시장건너),82291,41696
2013-04-01,서부정류장(관문시장앞),39011,24759
2013-04-01,서부정류장1,84196,24647
2013-04-01,서부정류장2,6652,2296
2013-04-01,서부정류장3(성당못역1번출구),24947,52826
2013-04-01,서부정류장4(성당못역1번출구),2901,2809
2013-04-01,서부중학교앞,9847,2421
2013-04-01,서영기공건너,214,0
2013-04-01,서영기공앞,3,27
2013-04-01,서재금봉타운,233,1023
2013-04-01,서재금봉타운건너,30305,116
2013-04-01,서재들,9,1
2013-04-01,서재들건너,38,2
2013-04-01,서재보성타운건너,15973,107
2013-04-01,서재보성타운앞,281,590
2013-04-01,서진중학교건너,1025,327
2013-04-01,서평초등학교,3111,1407
2013-04-01,서평초등학교건너,3112,1513
2013-04-01,선녀곡건너(옥포),1242,39
2013-04-01,선녀곡앞(옥포),82,188
2013-04-01,설티고개(달성공단방면),6,2
2013-04-01,설티고개(옥포방면),50,1
2013-04-01,설화동(종점),369,18
2013-04-01,설화리(시내방향),6925,572
2013-04-01,설화리(시외방향),2625,676
2013-04-01,설화명곡역(4번출구),0,62
2013-04-01,섬뜸마을,655,0
2013-04-01,섬유회관건너1,58740,19515
2013-04-01,섬유회관건너2,4613,1604
2013-04-01,섬유회관앞,70082,37657
2013-04-01,성곡중학교건너,1718,328
2013-04-01,성곡중학교앞,1603,118
2013-04-01,성광고등학교건너,11596,392
2013-04-01,성광고등학교앞,831,532
2013-04-01,성남초등학교건너,1389,657
2013-04-01,성남초등학교앞,4817,259
2013-04-01,성내3동주민센터입구,1392,345
2013-04-01,성당두산위브앞,28427,3192
2013-04-01,성당래미안·e-편한세상앞,11825,2339
2013-04-01,성당못역북편1,634,1736
2013-04-01,성당못역북편2,2040,448
2013-04-01,성당보성아파트건너,21818,7776
2013-04-01,성당보성아파트앞,15795,5035
2013-04-01,성당시장건너,28930,8224
2013-04-01,성당시장앞1,5563,1099
2013-04-01,성당시장앞2,33005,4755
2013-04-01,성당초교앞,1205,226
2013-04-01,성당코오롱하늘채,8958,1279
2013-04-01,성당코오롱하늘채2,11945,5635
2013-04-01,성당포스코더샵건너,7182,1146
2013-04-01,성당포스코더샵앞,14696,1423
2013-04-01,성동건너,193,112
2013-04-01,성동마을건너,143,44
2013-04-01,성동마을앞,416,13
2013-04-01,성동앞,124,78
2013-04-01,성동초등학교건너,12108,2297
2013-04-01,성동초등학교앞,14707,2083
2013-04-01,성동탱자나무마을건너,46,6
2013-04-01,성동탱자나무마을앞,97,13
2013-04-01,성림첨단산업건너,39,4
2013-04-01,성림첨단산업앞,341,10
2013-04-01,성명119안전센터건너1,4404,1379
2013-04-01,성명119안전센터앞,2034,624
2013-04-01,성명여자중학교,393,31
2013-04-01,성모여성병원건너,35515,12063
2013-04-01,성모여성병원앞,34124,28525
2013-04-01,성보교통,2346,222
2013-04-01,성북교1,11426,4004
2013-04-01,성북교2,7778,3789
2013-04-01,성북시장건너,2942,770
2013-04-01,성북시장앞,11842,980
2013-04-01,성산3동,0,6
2013-04-01,성산리1,39,58
2013-04-01,성산리2,767,46
2013-04-01,성산중학교앞,2278,70
2013-04-01,성산초등학교앞,638,150
2013-04-01,성서119안전센터건너,515,8567
2013-04-01,성서119안전센터앞,15347,300
2013-04-01,성서4차산업단지앞1,590,141
2013-04-01,성서공단물류센터,461,7
2013-04-01,성서농협남부지소,14862,2691
2013-04-01,성서동서서한타운건너,5170,542
2013-04-01,성서동서서한타운앞,5933,347
2013-04-01,성서보성타운2차건너1,6152,446
2013-04-01,성서보성타운2차건너2,1096,152
2013-04-01,성서보성타운2차앞,9018,1416
2013-04-01,성서산업단지역(1번출구),6829,5750
2013-04-01,성서산업단지역(2번출구),12584,2738
2013-04-01,성서서한2차타운1,8650,298
2013-04-01,성서서한2차타운2,285,313
2013-04-01,성서우방2차아파트,1752,446
2013-04-01,성서우방타운건너,26409,2297
2013-04-01,성서우방타운앞,11655,5390
2013-04-01,성서우체국건너,2543,971
2013-04-01,성서우체국앞,561,730
2013-04-01,성서종합시장건너,20606,7592
2013-04-01,성서종합시장앞,61637,14471
2013-04-01,성서주공1단지건너,9914,1722
2013-04-01,성서주공1단지앞,2989,953
2013-04-01,성서주공2단지건너,15913,8000
2013-04-01,성서주공2단지앞,39373,2763
2013-04-01,성서주공5단지앞,315,265
2013-04-01,성서청구타운건너,10410,560
2013-04-01,성서청구타운앞,7070,601
2013-04-01,성서초등학교건너,5141,990
2013-04-01,성서초등학교앞,2881,913
2013-04-01,성서푸른마을아파트건너,9107,438
2013-04-01,성서푸른마을아파트앞,3204,617
2013-04-01,성서한샘타운앞,1956,150
2013-04-01,성서협업단지건너,122,5
2013-04-01,성서협업단지앞,9,5
2013-04-01,성요셉요양병원건너,151,136
2013-04-01,성요셉요양병원앞,2118,16
2013-04-01,성원아파트건너,1363,414
2013-04-01,성원아파트앞,8399,241
2013-04-01,성주사건너,192,2
2013-04-01,성주사앞,13,50
2013-04-01,성지중학교건너,5911,1455
2013-04-01,성지중학교앞,7199,2136
2013-04-01,성하리,16,54
2013-04-01,성화여고건너,11425,1645
2013-04-01,성화여고앞,8132,1794
2013-04-01,세강병원앞,10026,9226
2013-04-01,세원정공건너,11045,602
2013-04-01,세원정공앞,1656,5719
2013-04-01,세천리2,281,37
2013-04-01,세천리3,1021,22
2013-04-01,세흥인쇄,934,71
2013-04-01,소선여중건너,8101,1859
2013-04-01,솔렌스힐건너,5384,409
2013-04-01,솔렌스힐앞,4194,339
2013-04-01,솔밭기세길건너,0,2
2013-04-01,솔밭기세길입구,138,0
2013-04-01,솔비식당입구,3,10
2013-04-01,솔비식당입구맞은편,489,3
2013-04-01,송원맨션건너,10277,503
2013-04-01,송원맨션앞,2495,1445
2013-04-01,송정1동,0,5
2013-04-01,송정동1,95,5
2013-04-01,송정동2,19,1
2013-04-01,송정동3,114,55
2013-04-01,송정동4,20,5
2013-04-01,송정마을1,14,25
2013-04-01,송정마을2,213,4
2013-04-01,송정삼거리1,624,1354
2013-04-01,송정삼거리2,273,309
2013-04-01,송정삼거리3,4662,13829
2013-04-01,송정삼거리4,6030,1391
2013-04-01,송해공원,10,1
2013-04-01,송현1동치안센터건너,6953,1158
2013-04-01,송현2동주민센터건너,732,159
2013-04-01,송현공원건너,721,105
2013-04-01,송현공원앞,875,154
2013-04-01,송현교,1440,61
2013-04-01,송현교2,130,40
2013-04-01,송현여중고교건너,3111,340
2013-04-01,송현여중고교앞,4027,1007
2013-04-01,송현역(1번출구),12054,4218
2013-04-01,송현역(2번출구),18195,2707
2013-04-01,송현역(3번출구),19471,5185
2013-04-01,송현역(4번출구),7453,3606
2013-04-01,송현제림타운건너,5364,2566
2013-04-01,송현제림타운앞,3480,800
2013-04-01,송현초등학교건너,3657,696
2013-04-01,송현초등학교앞,8570,463
2013-04-01,수리리,88,0
2013-04-01,수성4가동주민센터앞,864,98
2013-04-01,수성경찰서건너,23494,7588
2013-04-01,수성경찰서앞,18753,7691
2013-04-01,수성고등학교건너,6050,316
2013-04-01,수성고등학교앞,3262,411
2013-04-01,수성관광호텔건너,2638,486
2013-04-01,수성관광호텔앞,2063,367
2013-04-01,수성교1,6403,2367
2013-04-01,수성교2,12212,1606
2013-04-01,수성구민운동장건너,10141,2474
2013-04-01,수성구민운동장앞,6713,3953
2013-04-01,수성구보건소건너,27079,3688
2013-04-01,수성구보건소앞,9440,4117
2013-04-01,수성구청건너,30324,7141
2013-04-01,수성구청앞,28373,12868
2013-04-01,수성네거리1,14147,3476
2013-04-01,수성네거리2,14003,2401
2013-04-01,수성대학교건너,51314,11697
2013-04-01,수성대학교앞,22250,13555
2013-04-01,수성도서관건너,14639,1755
2013-04-01,수성도서관앞,7451,2547
2013-04-01,수성동삼익맨션앞,895,40
2013-04-01,수성동일하이빌앞,168,96
2013-04-01,수성랜드1,3259,237
2013-04-01,수성랜드2,1011,1502
2013-04-01,수성랜드건너,1725,385
2013-04-01,수성랜드건너2,341,148
2013-04-01,수성랜드앞,968,363
2013-04-01,수성롯데캐슬건너,14169,2138
2013-04-01,수성롯데캐슬앞,18666,3420
2013-04-01,수성못건너,1002,263
2013-04-01,수성못앞,1543,331
2013-04-01,수성못오거리1,13778,3912
2013-04-01,수성못오거리2,11100,7519
2013-04-01,수성못오거리5,1001,535
2013-04-01,수성못코오롱하늘채,5321,2144
2013-04-01,수성소방서1,1881,218
2013-04-01,수성소방서2,130,636
2013-04-01,수성시니어클럽건너,2562,980
2013-04-01,수성시니어클럽앞,7861,845
2013-04-01,수성시장건너,2686,649
2013-04-01,수성시장네거리1,12666,2925
2013-04-01,수성시장네거리2,14709,7645
2013-04-01,수성시장앞,3199,1422
2013-04-01,수성아트피아건너,8459,1271
2013-04-01,수성아트피아앞,824,2308
2013-04-01,수성요양병원,753,136
2013-04-01,수성월드메르디앙건너,575,29
2013-04-01,수성월드메르디앙앞,801,83
2013-04-01,수성초등학교,9984,3127
2013-04-01,수성태영데시앙건너,1619,569
2013-04-01,수성태영데시앙앞,3603,514
2013-04-01,수성하이츠,3012,261
2013-04-01,수정맨션앞,2168,198
2013-04-01,수창초등학교,7850,2080
2013-04-01,수태골건너,6,0
2013-04-01,수태골앞,10,0
2013-04-01,스파밸리1,298,795
2013-04-01,스파밸리2,7992,195
2013-04-01,시립희망원,1825,452
2013-04-01,시민교회건너,1260,118
2013-04-01,시민교회앞,621,111
2013-04-01,시민운동장(야구장건너),3255,448
2013-04-01,시민운동장(야구장앞),2905,531
2013-04-01,시민운동장(축구장건너),4343,1985
2013-04-01,시민운동장(축구장앞),5140,1427
2013-04-01,시지(종점),529,556
2013-04-01,시지대성유니드건너,1121,137
2013-04-01,시지대성유니드앞,1724,150
2013-04-01,시지보성아파트앞,27043,8641
2013-04-01,시지중학교,27902,1159
2013-04-01,시지천마타운앞,4523,1333
2013-04-01,시청별관건너1,9022,3050
2013-04-01,시청별관건너2,6573,2098
2013-04-01,시청별관앞(구.경북도청),5329,3049
2013-04-01,신기리1,9,39
2013-04-01,신기리2,413,7
2013-04-01,신기역(화성타운건너),10874,2818
2013-04-01,신기역(화성타운앞),14429,2988
2013-04-01,신남역(1번출구),4662,1451
2013-04-01,신당동주민센터건너,2103,876
2013-04-01,신당동주민센터앞,8997,540
2013-04-01,신당리,4508,9
2013-04-01,신덕마을입구,0,43
2013-04-01,신도운수건너,1044,77
2013-04-01,신도운수앞,1180,65
2013-04-01,신매광장건너,41998,16749
2013-04-01,신매광장앞,47901,13286
2013-04-01,신매시장,6858,3222
2013-04-01,신매초등학교건너,9636,3100
2013-04-01,신매초등학교앞,8947,1225
2013-04-01,신매태성아파트,73,371
2013-04-01,신매태성아파트건너,6206,333
2013-04-01,신무동1,619,1
2013-04-01,신무동2,0,4
2013-04-01,신생원앞,58,1
2013-04-01,신서성당건너,6221,146
2013-04-01,신서성당앞,4,225
2013-04-01,신성에스앤티건너,130,22
2013-04-01,신성에스앤티앞,401,25
2013-04-01,신성중공업건너,12,100
2013-04-01,신성중공업앞,291,1
2013-04-01,신성초등학교건너,5432,2808
2013-04-01,신성초등학교앞,9956,1030
2013-04-01,신세계병원건너,23505,11624
2013-04-01,신세계병원앞,22919,9012
2013-04-01,신세계주유소건너,6884,304
2013-04-01,신세계주유소앞,1077,680
2013-04-01,신세월입구,12,0
2013-04-01,신신정비공장1,10529,5195
2013-04-01,신신정비공장2,31332,14599
2013-04-01,신암건영캐스빌건너,3978,273
2013-04-01,신암건영캐스빌앞,1200,109
2013-04-01,신암보성아파트건너,1615,478
2013-04-01,신암보성아파트앞,1282,324
2013-04-01,신암초등학교건너,6029,1555
2013-04-01,신천3동행정복지센터건너,3575,532
2013-04-01,신천3동행정복지센터앞,2045,767
2013-04-01,신천3치안센터건너,4784,1070
2013-04-01,신천3치안센터앞,5402,1951
2013-04-01,신천LH아파트건너,8337,1553
2013-04-01,신천LH아파트앞,12089,1427
2013-04-01,신천교1,1756,396
2013-04-01,신천교2,1548,214
2013-04-01,신천시장건너,3027,712
2013-04-01,신천시장앞,4448,746
2013-04-01,신천역(2번출구),4011,3228
2013-04-01,신천역(3번출구),2290,1408
2013-04-01,신천역(4번출구),5579,4738
2013-04-01,신천역(5번출구),10278,3566
2013-04-01,신천초등학교건너,581,46
2013-04-01,신천초등학교앞,366,84
2013-04-01,신평동1,373,1723
2013-04-01,신평동2,1961,202
2013-04-01,신평리네거리1,24518,8813
2013-04-01,신평리네거리2,30130,10290
2013-04-01,신평리주유소건너,1463,198
2013-04-01,신평리주유소앞,695,190
2013-04-01,신흥버스,13768,4011
2013-04-01,실내체육관건너,3805,560
2013-04-01,실내체육관앞,4306,651
2013-04-01,심신수련장입구건너,1645,266
2013-04-01,심신수련장입구앞,698,102
2013-04-01,심인고등학교건너,29710,1463
2013-04-01,심인고등학교앞,15333,1790
2013-04-01,쌍용머티리얼,1562,37
2013-04-01,아너스월성앞,1932,574
2013-04-01,아멕스,422,32
2013-04-01,아멕스건너,820,23
2013-04-01,아양교1,4238,1325
2013-04-01,아양교2,14001,6019
2013-04-01,아양교3,3437,8758
2013-04-01,아양교4,6809,619
2013-04-01,아양교역(1번출구),75597,96977
2013-04-01,아양교역(2번출구),116112,30342
2013-04-01,아양아트센터건너,3935,179
2013-04-01,아양아트센터앞,1012,583
2013-04-01,아주섬유건너,7,8
2013-04-01,아주섬유앞,139,0
2013-04-01,아주철강건너,166,8
2013-04-01,아주철강앞,87,1
2013-04-01,안심교(경산방향),487,160
2013-04-01,안심교(반야월방향),389,2103
2013-04-01,안심신우타운앞,1471,1142
2013-04-01,안심역(4번출구),53645,1211
2013-04-01,안심역(5번출구),5401,57456
2013-04-01,안심주공1단지건너,13116,759
2013-04-01,안심주공1단지앞,5163,854
2013-04-01,안심주공2단지앞,6361,962
2013-04-01,안심중학교건너,1642,1004
2013-04-01,안심중학교앞,4454,2633
2013-04-01,안심효성타운건너,13199,3482
2013-04-01,안심효성타운앞,22353,5545
2013-04-01,안지랑네거리1,29344,6912
2013-04-01,안지랑네거리2,25285,19560
2013-04-01,앞산공원,14259,5763
2013-04-01,앞산공원관리사무소건너,432,6
2013-04-01,앞산공원관리사무소앞,29,526
2013-04-01,앞산궁도장건너,711,91
2013-04-01,앞산궁도장앞,261,94
2013-04-01,앞산별자리체험학습장1,3072,21
2013-04-01,앞산별자리체험학습장2,94,430
2013-04-01,앞산보성타운건너,4,70
2013-04-01,앞산보성타운앞,4091,3
2013-04-01,앞산빨래터공원,277,124
2013-04-01,앞산빨래터공원1,897,51
2013-04-01,앞산자락카페마실건너,66,73
2013-04-01,앞산자락카페마실앞,1226,641
2013-04-01,앞산청구제네스건너,7338,1851
2013-04-01,앞산청구제네스앞,17606,1525
2013-04-01,앞산힐스테이트건너,3009,179
2013-04-01,앞산힐스테이트앞,1154,313
2013-04-01,약령시건너(동성로입구),212246,40316
2013-04-01,약령시앞,159035,96751
2013-04-01,약령시입구,3076,3567
2013-04-01,약사회관건너,247,53
2013-04-01,약사회관앞,808,38
2013-04-01,약산온천,1,0
2013-04-01,약산온천입구,3939,92
2013-04-01,양지마을건너,25,340
2013-04-01,양지마을앞,7072,4
2013-04-01,어린이회관건너1,3920,2631
2013-04-01,어린이회관건너2,91,152
2013-04-01,어린이회관앞,10805,2277
2013-04-01,에이스이노텍건너,259,12
2013-04-01,에이스이노텍앞,57,13
2013-04-01,엑스코건너,3883,2004
2013-04-01,엑스코앞,15378,1271
2013-04-01,엘디스리젠트호텔건너,4364,1872
2013-04-01,엘디스리젠트호텔앞,6362,2718
2013-04-01,여성메디파크,3255,648
2013-04-01,역전시장건너,5821,877
2013-04-01,역전시장앞,5540,882
2013-04-01,연경1,105,40
2013-04-01,연경2,661,2
2013-04-01,연암네거리1,20244,10173
2013-04-01,연암네거리2,4597,549
2013-04-01,연암네거리3,756,679
2013-04-01,연젓마을건너,25,0
2013-04-01,연젓마을입구,3,5
2013-04-01,연호동,6,1
2013-04-01,연호동(종점),19,1
2013-04-01,연호동화훼단지1,3652,4487
2013-04-01,연호동화훼단지2,8360,2434
2013-04-01,연호역(3번출구),69,25
2013-04-01,연호역(3번출구)건너,0,54
2013-04-01,연호지,321,227
2013-04-01,연화리1,37,2
2013-04-01,연화리2,6,48
2013-04-01,열병합발전소앞,1,0
2013-04-01,영남고등학교건너,15336,26412
2013-04-01,영남고등학교앞,41592,7557
2013-04-01,영남네오빌건너,1136,44
2013-04-01,영남네오빌비스타,1540,215
2013-04-01,영남네오빌앞,323,128
2013-04-01,영남농업연구소콩연구,4,9
2013-04-01,영남우방타운1차건너,4801,450
2013-04-01,영남우방타운1차앞,6206,335
2013-04-01,영남이공대학건너,17701,2851
2013-04-01,영남이공대학앞,33220,1761
2013-04-01,영남일보건너,3401,498
2013-04-01,영남종합전기,358,28
2013-04-01,영대병원역,44487,4002
2013-04-01,영대병원역(3번출구),35678,32610
2013-04-01,영일무역건너,279,7
2013-04-01,영일무역앞,62,15
2013-04-01,영조아파트건너,7,114
2013-04-01,영조아파트앞,2208,1
2013-04-01,영진고등학교건너,30023,4034
2013-04-01,영진고등학교앞,40612,24862
2013-04-01,영진산업,411,0
2013-04-01,영진전문대학정문건너,12566,2348
2013-04-01,영진전문대학정문앞,25778,2489
2013-04-01,영진전문대학후문건너,40878,6091
2013-04-01,영진전문대학후문앞,58871,14821
2013-04-01,영화,677,22
2013-04-01,예현2리마을회관,189,3
2013-04-01,오2리(음지머구),329,0
2013-04-01,오뚜기물류센터,232,31
2013-04-01,오리(양지마을),330,0
2013-04-01,오설리,11,5
2013-04-01,오성아파트,285,6257
2013-04-01,오페라삼정그린코아APT,14559,3340
2013-04-01,오페라하우스건너,1645,265
2013-04-01,오페라하우스앞,1466,165
2013-04-01,옥분리(구진터),326,4
2013-04-01,옥분리1,19,45
2013-04-01,옥분리마을회관앞,567,10
2013-04-01,옥산정미소,249,4
2013-04-01,옥연지,19,5
2013-04-01,옥연지건너,217,16
2013-04-01,옥포간경리1,1638,1108
2013-04-01,옥포간경리2,10598,522
2013-04-01,옥포농협,295,17
2013-04-01,옥포농협강림지소건너,952,484
2013-04-01,옥포농협강림지소앞,4497,232
2013-04-01,옥포농협건너,3422,288
2013-04-01,옥포농협앞,595,561
2013-04-01,옥포무지개마을,3442,105
2013-04-01,옥포주유소앞,809,122
2013-04-01,옥포중앙교회앞,225,101
2013-04-01,옥포초등학교건너,824,609
2013-04-01,옥포초등학교앞,7615,552
2013-04-01,올림픽기념관건너,9287,3915
2013-04-01,올림픽기념관앞,16000,4817
2013-04-01,와룡공원건너,435,265
2013-04-01,와룡공원앞,1045,94
2013-04-01,와룡시장,3525,359
2013-04-01,와룡시장건너,2141,900
2013-04-01,용계동1,206,76
2013-04-01,용계동2,533,115
2013-04-01,용계동3,730,62
2013-04-01,용계동4,4886,246
2013-04-01,용계삼거리1,11518,8613
2013-04-01,용계삼거리2,4073,1246
2013-04-01,용계삼거리3,782,1130
2013-04-01,용계삼거리4,602,395
2013-04-01,용계역(1번출구),12927,12549
2013-04-01,용계역(2번출구),8413,2448
2013-04-01,용산1동주민센터건너,10233,1598
2013-04-01,용산1동주민센터앞,4526,795
2013-04-01,용산2동주민센터건너,2863,747
2013-04-01,용산2동주민센터건너2,2726,1231
2013-04-01,용산2동주민센터앞,36172,2546
2013-04-01,용산네거리1,25178,4526
2013-04-01,용산네거리2,12321,9355
2013-04-01,용산역,1467,239
2013-04-01,용산역(1번출구),55964,11432
2013-04-01,용산역(2번출구),41877,11378
2013-04-01,용산종합큰시장건너,13962,1626
2013-04-01,용산종합큰시장앞,8054,1921
2013-04-01,용수동1,7,12
2013-04-01,용수동2,776,0
2013-04-01,용연사,219,4
2013-04-01,용연사시설집단지구건너,115,1
2013-04-01,용연사시설집단지구앞,3,3
2013-04-01,우록리,2217,0
2013-04-01,우록리(부곡장식당),2,5
2013-04-01,우록리(선흥사입구),8,5
2013-04-01,우록리(종점),864,42
2013-04-01,우방강촌마을건너,33346,4234
2013-04-01,우방강촌마을앞,13163,6126
2013-04-01,우방금탑아파트(서편),4013,6057
2013-04-01,우방드림시티건너,2931,2447
2013-04-01,우방드림시티앞,7429,850
2013-04-01,우방만촌하이츠건너,14406,1231
2013-04-01,우방만촌하이츠앞,5276,2165
2013-04-01,우방송현하이츠,667,72
2013-04-01,우방송현하이츠건너,348,50
2013-04-01,우방신세계타운앞,800,82
2013-04-01,우방신천지타운건너,4335,1596
2013-04-01,우방신천지타운앞,12140,1844
2013-04-01,우방아파트삼거리,499,295
2013-04-01,우방죽전타운건너,10207,5671
2013-04-01,우방죽전타운앞1,8406,1400
2013-04-01,우방죽전타운앞2,2562,1047
2013-04-01,우방청솔맨션건너,17211,1868
2013-04-01,우방청솔맨션앞,18076,7234
2013-04-01,욱수초등학교건너,4168,2603
2013-04-01,욱수초등학교앞,30750,1205
2013-04-01,운암지공원1,364,12
2013-04-01,운암지공원2,21,94
2013-04-01,운암초등학교건너,12112,1225
2013-04-01,운암초등학교앞,11186,110
2013-04-01,웃갈미마을건너,362,3
2013-04-01,웃갈미마을앞,9,23
2013-04-01,웃는얼굴아트센터1,1229,121
2013-04-01,웃는얼굴아트센터2,2,117
2013-04-01,원대네거리,903,204
2013-04-01,원대시장건너,23436,3090
2013-04-01,원대시장건너2,2033,2075
2013-04-01,원대시장앞,16726,10002
2013-04-01,원대역1,12095,11914
2013-04-01,원대역2,28253,3102
2013-04-01,원대오거리북편1,2436,903
2013-04-01,원대오거리북편2,990,458
2013-04-01,원불교앞,544,714
2013-04-01,월곡네거리,324,744
2013-04-01,월광수변공원,500,174
2013-04-01,월드컵삼거리,666,283
2013-04-01,월드컵삼거리앞,937,280
2013-04-01,월배농협대덕지점건너,3620,772
2013-04-01,월배시장건너,15972,4561
2013-04-01,월배시장앞,14755,3489
2013-04-01,월배쌍용예가건너,708,0
2013-04-01,월배쌍용예가앞,12,72
2013-04-01,월배역(3번출구),11040,4919
2013-04-01,월배역(4번출구),11377,1893
2013-04-01,월배이안아파트건너,98,0
2013-04-01,월배이안아파트앞,19,9
2013-04-01,월배중학교건너,2443,329
2013-04-01,월배중학교앞,1084,711
2013-04-01,월배차량기지건너,0,11
2013-04-01,월배차량기지앞,197,5
2013-04-01,월배초등학교건너,13420,1496
2013-04-01,월배힐스테이트건너,1727,3
2013-04-01,월배힐스테이트앞,13,131
2013-04-01,월성1동주민센터건너,2667,492
2013-04-01,월성1동주민센터앞,4364,287
2013-04-01,월성2동주민센터건너,17393,2405
2013-04-01,월성2동주민센터앞,30488,2026
2013-04-01,월성e-편한세상건너,20649,4110
2013-04-01,월성e-편한세상앞,13851,4968
2013-04-01,월성영남맨션앞,717,217
2013-04-01,월성자이앞,1922,391
2013-04-01,월성주공2단지앞,13313,1359
2013-04-01,월성주공3단지,1894,486
2013-04-01,월성주공4단지건너,45098,4041
2013-04-01,월성주공4단지앞1,3237,162
2013-04-01,월성주공4단지앞2,21490,5181
2013-04-01,월성주공5단지앞,7149,5696
2013-04-01,월성청구코아건너,21187,1459
2013-04-01,월성청구코아앞,11549,2262
2013-04-01,월성코오롱하늘채건너,812,196
2013-04-01,월성코오롱하늘채앞,2493,109
2013-04-01,월성푸르지오앞,12654,2109
2013-04-01,월암교1,969,21
2013-04-01,월암교2,235,28
2013-04-01,월촌고가교1,426,293
2013-04-01,월촌고가교2,2245,141
2013-04-01,월촌역(6번출구),19118,4237
2013-04-01,월촌역(7번출구),10273,2992
2013-04-01,월촌초등학교건너,1602,224
2013-04-01,월촌초등학교앞,1696,286
2013-04-01,위남마을입구,2948,223
2013-04-01,위천1리건너,384,90
2013-04-01,위천1리앞,1430,69
2013-04-01,위천삼거리(논공방향),368,48
2013-04-01,위천삼거리(현풍방향),266,50
2013-04-01,유가사(종점),554,9
2013-04-01,유가차천,1648,172
2013-04-01,유가차천1,426,303
2013-04-01,유곡리,1,0
2013-04-01,유곡리(회차지),20,0
2013-04-01,유니버시아드레포츠센터건너,3189,612
2013-04-01,유니버시아드선수촌2단지건너,17067,1156
2013-04-01,유니버시아드선수촌2단지앞,3310,981
2013-04-01,유림물산,1532,171
2013-04-01,유림한의원건너,170,189
2013-04-01,유산리,154,1
2013-04-01,유신섬유네거리1,750,126
2013-04-01,유신섬유네거리2,2562,75
2013-04-01,유천교(유천치안센터건너),13234,5317
2013-04-01,유천교(유천치안센터앞),18846,15517
2013-04-01,유천교1,12407,826
2013-04-01,유천교2,2084,7838
2013-04-01,유천포스코건너,4625,306
2013-04-01,유천포스코앞,5929,2499
2013-04-01,유통단지회차지,428,440
2013-04-01,유통단지회차지2,3052,83
2013-04-01,육신사,128,8
2013-04-01,율원초등학교건너,85,640
2013-04-01,율원초등학교앞,3368,48
2013-04-01,율하역,629,4722
2013-04-01,율하역(4번출구),5755,2246
2013-04-01,율하역(5번출구),9475,1654
2013-04-01,율하휴먼시아15단지앞,6805,996
2013-04-01,율하휴먼시아5단지건너,133,216
2013-04-01,율하휴먼시아5단지앞,2997,181
2013-04-01,율하휴먼시아6단지건너,1293,585
2013-04-01,율하휴먼시아6단지앞,11022,237
2013-04-01,율하휴먼시아8단지앞,8706,190
2013-04-01,율하휴먼시아9단지앞,1350,472
2013-04-01,은하타운건너,2361,978
2013-04-01,은하타운앞,1788,572
2013-04-01,은행APT입구,531,132
2013-04-01,읍내동주민센터건너,5973,3897
2013-04-01,읍내동주민센터앞,345,229
2013-04-01,응암1리1,1,0
2013-04-01,응암1리2,4,0
2013-04-01,응암2리,27,0
2013-04-01,응암2리건너,149,15
2013-04-01,응암2리앞,5,21
2013-04-01,응암3리1,0,3
2013-04-01,응암3리2,108,0
2013-04-01,이곡1동주민센터건너,9031,792
2013-04-01,이곡1동주민센터앞,2697,1484
2013-04-01,이곡마을,537,6
2013-04-01,이곡양수장건너,57,29
2013-04-01,이곡양수장앞,242,224
2013-04-01,이곡장미공원건너,2445,517
2013-04-01,이곡장미공원앞,4652,572
2013-04-01,이마트경산점,9964,2014
2013-04-01,이마트반야월점건너,1548,403
2013-04-01,이마트반야월점앞,2852,558
2013-04-01,이마트시지점건너,4626,2238
2013-04-01,이마트시지점앞,484,822
2013-04-01,이마트월배점건너,5001,2175
2013-04-01,이마트월배점앞,6568,1134
2013-04-01,이마트칠성점앞,25803,4342
2013-04-01,이마트트레이더스건너,8971,4031
2013-04-01,이마트트레이더스앞,22297,7599
2013-04-01,이시아폴리스더샵1단지,3850,283
2013-04-01,이시아폴리스더샵2단지,857,800
2013-04-01,이월드(구.우방랜드)건너,1884,171
2013-04-01,이월드(구.우방랜드)앞,543,405
2013-04-01,이월드(구.우방랜드)정문,6194,3596
2013-04-01,이월드(구.우방랜드)후문건너,3218,443
2013-04-01,이월드(구.우방랜드)후문앞,2039,271
2013-04-01,이천동,35,0
2013-04-01,이천동(종점),86,1
2013-04-01,이천리(시내방향),165,7
2013-04-01,이천리(시외방향),165,1
2013-04-01,이천새마을금고건너,16578,821
2013-04-01,이천치안센터건너,1823,967
2013-04-01,이현고개삼거리,4,0
2013-04-01,이현삼거리1,153,117
2013-04-01,이현삼거리2,984,118
2013-04-01,이현삼거리3,3248,782
2013-04-01,이현자동차검사소건너,1458,74
2013-04-01,이현자동차검사소앞,855,83
2013-04-01,이현지구대건너,965,207
2013-04-01,이현지구대앞,579,125
2013-04-01,인동촌시장건너,3311,1430
2013-04-01,인동촌시장입구,12921,651
2013-04-01,인산마을건너,826,34
2013-04-01,인산마을앞,33,48
2013-04-01,인지초등학교입구,3,1
2013-04-01,일심제약,127,12
2013-04-01,입석중학교건너,12123,1583
2013-04-01,입석중학교앞,4618,2380
2013-04-01,잉꼬아파트건너,666,214
2013-04-01,잉꼬아파트앞,1624,542
2013-04-01,자모공원,13,0
2013-04-01,장관빌라건너,1494,99
2013-04-01,장관빌라앞,1125,198
2013-04-01,장기영남네오빌,62,108
2013-04-01,장기초등학교,1390,57
2013-04-01,장기초등학교1,4,43
2013-04-01,장기초등학교2,155,2
2013-04-01,장기초록나라건너,3005,1731
2013-04-01,장기초록나라앞,9616,579
2013-04-01,장기파랑새마을앞,91,154
2013-04-01,장동초등학교건너,3355,19
2013-04-01,장동초등학교앞,107,308
2013-04-01,장산초등학교건너,556,95
2013-04-01,장산초등학교앞,936,56
2013-04-01,장성초등학교건너,474,2817
2013-04-01,장성초등학교앞,539,730
2013-04-01,장태실마을건너,249,2
2013-04-01,장태실마을앞,9,14
2013-04-01,적십자혈액원건너,4281,586
2013-04-01,적십자혈액원앞,2254,474
2013-04-01,전기안전공사건너,1346,2893
2013-04-01,전기안전공사앞,2979,284
2013-04-01,전기재료관1,578,140
2013-04-01,전기재료관2,291,164
2013-04-01,전자관,5090,1158
2013-04-01,전자상가,11952,1005
2013-04-01,정대1리(바깥매남),167,0
2013-04-01,정대1리(안매남),160,0
2013-04-01,정대2리마을회관앞,230,9
2013-04-01,정대리(대구미술광장),393,0
2013-04-01,정대숲,413,0
2013-04-01,정대숲건너,5,11
2013-04-01,정대숲앞,710,1
2013-04-01,정동고등학교건너,5748,1771
2013-04-01,정동고등학교앞,12119,977
2013-04-01,정부대구지방합동청사건너,296,22
2013-04-01,정부대구지방합동청사앞,105,51
2013-04-01,정부대구지방합동청사후문1,526,160
2013-04-01,정화우방팔레스,13516,12291
2013-04-01,정화우방팔레스건너,23966,4756
2013-04-01,제일규산,1439,58
2013-04-01,제일여자상업고등학교건너,22589,7754
2013-04-01,제일여자상업고등학교앞,31205,4901
2013-04-01,조달청건너,4069,1207
2013-04-01,조달청앞,10941,487
2013-04-01,조암네거리1,1720,55
2013-04-01,조암네거리2,334,184
2013-04-01,조암초등학교건너,9,5
2013-04-01,조암초등학교앞,113,2
2013-04-01,조야동(종점),12497,394
2013-04-01,조일로봇고등학교(종점),8361,638
2013-04-01,주1리1,12,40
2013-04-01,주1리2,761,37
2013-04-01,주2리(최정사입구),2,43
2013-04-01,주2리1,439,1
2013-04-01,주리(삼진식당),4,20
2013-04-01,죽곡2지구1,3,3
2013-04-01,죽곡2지구2,39,5
2013-04-01,죽전119안전센터건너,4363,1175
2013-04-01,죽전119안전센터앞,5008,812
2013-04-01,죽전그린빌건너,3470,1762
2013-04-01,죽전그린빌앞,12615,1319
2013-04-01,죽전네거리1,33248,4064
2013-04-01,죽전네거리2,15919,10025
2013-04-01,중구보건소건너,3206,2156
2013-04-01,중구보건소앞,2311,854
2013-04-01,중구청건너,25973,6525
2013-04-01,중구청앞,29019,10161
2013-04-01,중대1동회관앞,1840,2
2013-04-01,중동교1,4007,2071
2013-04-01,중동교2,1301,210
2013-04-01,중동네거리1,6907,685
2013-04-01,중동네거리2,3494,1738
2013-04-01,중동서울아파트건너,434,91
2013-04-01,중동서울아파트앞,1444,56
2013-04-01,중동시장건너,17818,9694
2013-04-01,중동시장앞,26565,6092
2013-04-01,중동주민센터건너,570,114
2013-04-01,중동주민센터앞,383,91
2013-04-01,중동치안센터건너,1691,69
2013-04-01,중동치안센터앞,545,168
2013-04-01,중리광명맨션건너,13552,2517
2013-04-01,중리광명맨션앞,10987,2134
2013-04-01,중리네거리1,6958,1475
2013-04-01,중리네거리2,4157,1974
2013-04-01,중리롯데캐슬건너,12472,2226
2013-04-01,중리롯데캐슬서편,4221,1175
2013-04-01,중리롯데캐슬앞,15904,2923
2013-04-01,중리롯데캐슬정문앞,547,139
2013-04-01,중리마을,4074,6
2013-04-01,중리삼거리1,17,121
2013-04-01,중리삼거리2,1671,16
2013-04-01,중리시장건너1,268,182
2013-04-01,중리시장건너2,1130,55
2013-04-01,중리시장앞,8687,2431
2013-04-01,중리중학교,700,62
2013-04-01,중마을(갓바위방향),9,75
2013-04-01,중마을(시내방향),680,2
2013-04-01,중부소방서건너,3607,451
2013-04-01,중부소방서앞,7006,665
2013-04-01,중석타운건너,99,261
2013-04-01,중석타운앞,11028,376
2013-04-01,중소기업관건너,44,131
2013-04-01,중소기업관앞,1377,41
2013-04-01,중소기업지원센터,629,82
2013-04-01,중심마을,394,13
2013-04-01,중앙일보건너,1511,1002
2013-04-01,중앙일보앞,5693,220
2013-04-01,지묘동1,2803,710
2013-04-01,지묘동2,7353,221
2013-04-01,지묘초등학교건너,9833,355
2013-04-01,지묘초등학교앞,885,294
2013-04-01,지산2길입구,366,12
2013-04-01,지산2길입구건너,277,19
2013-04-01,지산동서맨션건너,7620,2639
2013-04-01,지산동서맨션앞,23464,2012
2013-04-01,지산목련아파트건너,27710,2448
2013-04-01,지산목련아파트앞,11146,4600
2013-04-01,지산시영아파트1단지건너,2028,594
2013-04-01,지산시영아파트1단지앞,6100,258
2013-04-01,지산영남맨션앞,3320,661
2013-04-01,지산우방아파트,7008,519
2013-04-01,지산중학교입구,782,176
2013-04-01,지산청구타운건너,2902,1721
2013-04-01,지산청구타운앞,19480,440
2013-04-01,지산타운건너,21627,1477
2013-04-01,지산타운앞,3442,5574
2013-04-01,지산한라타운건너,23439,455
2013-04-01,지산한라타운앞,3130,2023
2013-04-01,지산현대주택건너,6337,1226
2013-04-01,지산현대주택앞,11364,773
2013-04-01,지산화성파크드림,1988,243
2013-04-01,지저동행정복지센터건너,21735,1204
2013-04-01,지저동행정복지센터앞,3827,1034
2013-04-01,진달래아파트건너,8410,3635
2013-04-01,진달래아파트앞,15912,2233
2013-04-01,진월초등학교건너,2001,339
2013-04-01,진월초등학교앞,693,200
2013-04-01,진인동(양지마을)건너,9,11
2013-04-01,진인동(양지마을)앞,172,3
2013-04-01,진인동(진정마을)1,154,6
2013-04-01,진인동(진정마을)2,1,0
2013-04-01,진정마을1,1275,18
2013-04-01,진정마을2,52,35
2013-04-01,진천역(1번출구),39443,8098
2013-04-01,진천역(2번출구),21083,11559
2013-04-01,진천청구타운건너,886,711
2013-04-01,진천청구타운앞,2672,454
2013-04-01,징리보건소,316,0
2013-04-01,차량등록사업소건너,2437,281
2013-04-01,차량등록사업소앞,1017,100
2013-04-01,창1리1,8,6
2013-04-01,창1리2,136,1
2013-04-01,천내영남맨션,43,0
2013-04-01,천내우방1차,2,1
2013-04-01,청구고등학교건너,19220,2204
2013-04-01,청구고등학교앞,23945,4627
2013-04-01,청구그린맨션1차건너,14757,2364
2013-04-01,청구그린맨션1차앞,14832,1940
2013-04-01,청구시장건너,6545,973
2013-04-01,청구시장건너2,529,104
2013-04-01,청구시장북편,1981,369
2013-04-01,청구시장북편건너,3301,287
2013-04-01,청구시장앞,6703,1471
2013-04-01,청구중동아파트,648,104
2013-04-01,청구타운건너,1195,483
2013-04-01,청구타운앞,1398,212
2013-04-01,청기와주유소건너,11538,3393
2013-04-01,청기와주유소앞,20062,7397
2013-04-01,청남타운건너,2272,20
2013-04-01,청남타운앞,316,399
2013-04-01,청백다례원,1486,324
2013-04-01,청소년수련원건너,368,39
2013-04-01,청소년수련원앞,635,255
2013-04-01,청아람푸르지오2단지1,1,1
2013-04-01,청아람푸르지오2단지2,51,0
2013-04-01,청운맨션건너,1823,177
2013-04-01,청운맨션앞,901,355
2013-04-01,충혼탑건너,4963,36
2013-04-01,충혼탑앞,96,587
2013-04-01,측백수림건너,682,0
2013-04-01,측백수림앞,14,15
2013-04-01,칠곡2차영남타운건너,3130,771
2013-04-01,칠곡2차영남타운앞,5116,211
2013-04-01,칠곡3차보성타운1,1000,403
2013-04-01,칠곡3차보성타운2,6413,674
2013-04-01,칠곡3차화성타운1,5732,36
2013-04-01,칠곡3차화성타운2,10809,186
2013-04-01,칠곡3차화성타운3,75,262
2013-04-01,칠곡경대병원역,76,169
2013-04-01,칠곡경북대병원,682,450
2013-04-01,칠곡경북대병원정문건너,295,321
2013-04-01,칠곡경북대병원정문앞,4622,62
2013-04-01,칠곡경북대병원후문건너,461,486
2013-04-01,칠곡경북대병원후문앞,5222,93
2013-04-01,칠곡그린빌2차건너,28817,1042
2013-04-01,칠곡그린빌2차앞,1456,2590
2013-04-01,칠곡그린빌3차건너,16308,346
2013-04-01,칠곡그린빌3차앞,291,1474
2013-04-01,칠곡그린빌5단지건너,2914,176
2013-04-01,칠곡그린빌5단지앞,3155,437
2013-04-01,칠곡그린빌6단지건너,1291,91
2013-04-01,칠곡그린빌6단지앞,293,81
2013-04-01,칠곡그린파크1,8317,3449
2013-04-01,칠곡그린파크2,19384,1958
2013-04-01,칠곡네스빌,154,134
2013-04-01,칠곡대백맨션건너,5901,32
2013-04-01,칠곡대백맨션앞,376,626
2013-04-01,칠곡동화아파트건너,3833,1658
2013-04-01,칠곡동화아파트앞,18240,1131
2013-04-01,칠곡롯데아파트건너,33,207
2013-04-01,칠곡롯데아파트앞,3581,18
2013-04-01,칠곡부영1단지,5214,277
2013-04-01,칠곡서한맨션,1199,8
2013-04-01,칠곡서한맨션앞,126,628
2013-04-01,칠곡시장건너,14469,1250
2013-04-01,칠곡시장앞,2383,1535
2013-04-01,칠곡에덴타운건너,33720,7159
2013-04-01,칠곡에덴타운앞,27094,9813
2013-04-01,칠곡우방타운건너(종점),3659,16
2013-04-01,칠곡우방타운건너(종점),1461,27
2013-04-01,칠곡우방타운앞(종점),869,273
2013-04-01,칠곡주공그린빌1단지건너,2473,717
2013-04-01,칠곡주공그린빌1단지앞,7741,410
2013-04-01,칠곡중학교건너(칠곡향교건너),1905,773
2013-04-01,칠곡중학교앞(칠곡향교앞),23299,1896
2013-04-01,칠곡청구타운건너,641,430
2013-04-01,칠곡청구타운앞,4907,263
2013-04-01,칠곡초등학교건너,252,106
2013-04-01,칠곡초등학교앞,687,122
2013-04-01,칠곡한라타운건너,6474,121
2013-04-01,칠곡한라타운앞,44,486
2013-04-01,칠곡한서타운건너,11056,386
2013-04-01,칠곡한신아파트건너,2210,164
2013-04-01,칠곡한신아파트앞1,11789,90
2013-04-01,칠곡한신아파트앞2,1304,140
2013-04-01,칠곡화성타운건너,8858,240
2013-04-01,칠곡화성타운앞1,7544,1262
2013-04-01,칠곡화성타운앞2,2442,813
2013-04-01,칠성고가도로하단,494,198
2013-04-01,칠성꽃도매시장건너,1004,1133
2013-04-01,칠성꽃도매시장앞,2469,734
2013-04-01,칠성시장(농협건너),204,599
2013-04-01,칠성시장(농협앞),1241,153
2013-04-01,칠성시장(양친회신협),3,174
2013-04-01,칠성시장(전자상가건너),5623,793
2013-04-01,칠성시장(전자상가앞),1625,2431
2013-04-01,칠성시장건너,44372,27057
2013-04-01,칠성시장앞1,56888,35967
2013-04-01,칠성시장역(서문프라자건너),2952,11245
2013-04-01,칠성시장역(서문프라자앞),19526,2993
2013-04-01,칠성우방타운,825,160
2013-04-01,침산3동주민센터,8192,1091
2013-04-01,침산남영타운건너,3957,796
2013-04-01,침산남영타운앞,5967,372
2013-04-01,침산네거리1,11707,865
2013-04-01,침산네거리2,7128,1463
2013-04-01,침산동화타운건너,6432,98
2013-04-01,침산동화타운앞,492,332
2013-04-01,침산변전소건너,10899,3462
2013-04-01,침산변전소앞,10110,4652
2013-04-01,침산중학교건너,3008,199
2013-04-01,침산중학교앞,5813,291
2013-04-01,침산초등학교건너,4874,1695
2013-04-01,침산초등학교앞,3759,323
2013-04-01,침산초등학교후문,350,41
2013-04-01,침산코오롱하늘채건너,8206,2335
2013-04-01,침산코오롱하늘채앞,22772,3072
2013-04-01,캐슬골드파크(1102동),25064,1746
2013-04-01,캐슬골드파크(1504동),12984,3574
2013-04-01,케이에스건너,11,18
2013-04-01,케이에스앞,628,28
2013-04-01,코스트코홀세일건너/복현화성타운앞,4459,4162
2013-04-01,코스트코홀세일앞/복현화성타운건너,43652,5784
2013-04-01,코오롱아파트,14238,2726
2013-04-01,퀸벨호텔건너,13512,1721
2013-04-01,퀸벨호텔앞,9652,3648
2013-04-01,퀸스로드건너,2205,1807
2013-04-01,퀸스로드건너(동편),12206,4462
2013-04-01,퀸스로드앞,4699,632
2013-04-01,퀸스로드앞(동편),16808,6968
2013-04-01,크리스탈호텔앞,1306,477
2013-04-01,큰고개1,5479,3286
2013-04-01,큰고개2,11706,1446
2013-04-01,큰고개오거리1,25543,1718
2013-04-01,큰고개오거리2,4943,14871
2013-04-01,큰장네거리1,66801,16266
2013-04-01,큰장네거리2,41345,19478
2013-04-01,큰장네거리3,18498,7578
2013-04-01,큰장네거리4,31579,14724
2013-04-01,태성맨션건너,75,111
2013-04-01,태성맨션앞,4434,315
2013-04-01,태왕그린힐즈건너,480,204
2013-04-01,태왕그린힐즈앞1,47,403
2013-04-01,태왕그린힐즈앞2,6597,18
2013-04-01,태왕메트로시티건너,6384,820
2013-04-01,태왕메트로시티앞,4539,867
2013-04-01,태왕아너스베스트앞,5807,179
2013-04-01,태왕아너스복현건너,3214,1084
2013-04-01,태왕아너스복현앞,9230,612
2013-04-01,태전두성타운건너,7214,1609
2013-04-01,태전두성타운앞,20593,1387
2013-04-01,태전삼거리1,15780,9000
2013-04-01,태전삼거리2,36953,7560
2013-04-01,태전역1,15863,8424
2013-04-01,태전중석타운,1612,83
2013-04-01,태전중석타운건너,1683,257
2013-04-01,태전중앙시장건너,3257,1337
2013-04-01,태전중앙시장앞,10768,987
2013-04-01,태전휴먼시아,1625,86
2013-04-01,태평상가건너,6097,2799
2013-04-01,태평상가앞1,5625,1891
2013-04-01,태평상가앞2,861,168
2013-04-01,태현초등학교앞,6014,72
2013-04-01,터실마을,30,0
2013-04-01,텍스빌,9745,1698
2013-04-01,토지주택공사건너,3529,855
2013-04-01,토지주택공사앞,10466,634
2013-04-01,퇴계마을건너,0,10
2013-04-01,퇴계마을앞,136,1
2013-04-01,파계교,366,578
2013-04-01,파계사(종점),8477,725
2013-04-01,파군재삼거리1,1300,762
2013-04-01,파군재삼거리2,236,235
2013-04-01,파동1차시장건너,2324,1348
2013-04-01,파동1차시장앞,13398,571
2013-04-01,파동우체국앞,1051,780
2013-04-01,파동청구하이츠,7964,347
2013-04-01,파크맨션건너,14469,1194
2013-04-01,파크맨션앞,11541,1827
2013-04-01,파티마병원건너1,22285,6516
2013-04-01,파티마병원건너2,4066,2331
2013-04-01,팔거역3,359,119
2013-04-01,팔거역4,975,89
2013-04-01,팔공3차보성타운건너,1097,7
2013-04-01,팔공3차보성타운앞,64,294
2013-04-01,팔공3차보성타운후문,5967,187
2013-04-01,팔공보성아파트건너,1407,486
2013-04-01,팔공보성아파트앞,8451,223
2013-04-01,팔공산IC입구,318,1332
2013-04-01,팔공산맥건너,1583,244
2013-04-01,팔공산맥앞,1166,239
2013-04-01,팔공학생야영장앞,299,8
2013-04-01,팔공학생야영장입구건너,16,28
2013-04-01,팔공학생야영장입구앞,8,11
2013-04-01,팔공한마음주유소,4,5
2013-04-01,팔공한마음주유소건너,408,2
2013-04-01,팔달시장건너,42482,15624
2013-04-01,팔달시장앞,47895,30813
2013-04-01,팔달시장역,43381,21630
2013-04-01,팔달신시장,32608,10083
2013-04-01,팔달신시장2,4654,2886
2013-04-01,팔달역2,1099,425
2013-04-01,팔달중학교건너,8953,245
2013-04-01,팔달중학교앞,5823,382
2013-04-01,팔달초등학교,211,131
2013-04-01,팔레스호텔건너,26061,5627
2013-04-01,팔레스호텔앞1,6314,2782
2013-04-01,팔레스호텔앞2,934,1880
2013-04-01,팔현마을,184,4
2013-04-01,평광3차아파트,4557,134
2013-04-01,평광3차아파트건너,4064,318
2013-04-01,평광새마을금고,176,0
2013-04-01,평광종점,931,23
2013-04-01,평리1동주민센터건너,1629,60
2013-04-01,평리1동주민센터앞,3085,195
2013-04-01,평리2동주민센터건너,10604,1368
2013-04-01,평리2동주민센터앞,10930,2042
2013-04-01,평리3동주민센터건너,2508,88
2013-04-01,평리6동주민센터앞,1790,359
2013-04-01,평리광명네거리,1008,747
2013-04-01,평리광명맨션건너,4165,282
2013-04-01,평리광명맨션앞,711,291
2013-04-01,평리네거리1,15708,7861
2013-04-01,평리네거리2,17757,6153
2013-04-01,평리명성아파트건너,6023,1673
2013-04-01,평리명성아파트앞,3872,626
2013-04-01,평리중학교건너,1431,580
2013-04-01,평리중학교앞,2689,112
2013-04-01,평리청구타운건너,40120,16099
2013-04-01,평리청구타운앞,37040,10192
2013-04-01,평안,737,78
2013-04-01,평촌2리,12,2
2013-04-01,평촌리,191,0
2013-04-01,평현치안센터건너,5749,998
2013-04-01,평화시장(닭똥집골목)건너,27791,4265
2013-04-01,평화시장(닭똥집골목)앞,55888,18203
2013-04-01,평화씨엠비건너,1138,17
2013-04-01,평화씨엠비앞,221,82
2013-04-01,평화정공건너,758,66
2013-04-01,평화정공앞,842,50
2013-04-01,평화타운건너,15728,7236
2013-04-01,푸드웰건너,4533,15
2013-04-01,푸드웰앞,139,109
2013-04-01,푸르밀대구공장,29,0
2013-04-01,푸르밀대구공장건너,0,10
2013-04-01,풋살경기장(50사단),696,60
2013-04-01,풍국주정공업,1276,41
2013-04-01,하나원전문장례식장,2,0
2013-04-01,하리(약산온천)건너,325,90
2013-04-01,하목정(종점),7,28
2013-04-01,하빈농협건너,136,6
2013-04-01,하빈농협동곡지점1,54,18
2013-04-01,하빈농협동곡지점2,382,6
2013-04-01,하빈농협앞,12,5
2013-04-01,하빈농협입구,9,6
2013-04-01,하빈면사무소건너,446,16
2013-04-01,하빈면사무소앞,18,13
2013-04-01,하빈우체국건너,263,1
2013-04-01,하빈우체국앞,11,7
2013-04-01,하빈주유소앞,22,8
2013-04-01,하빈초등학교앞,203,10
2013-04-01,하산1리,263,0
2013-04-01,하산2리,270,0
2013-04-01,하산스무지(종점),151,5
2013-04-01,학남고등학교건너,2071,290
2013-04-01,학남고등학교앞,5472,278
2013-04-01,학남초등학교건너,100,365
2013-04-01,학남초등학교앞,3117,231
2013-04-01,학정청아람1,1043,6
2013-04-01,학정청아람2,3036,89
2013-04-01,학정청아람건너,2305,375
2013-04-01,학정청아람앞,3013,195
2013-04-01,한가람타운건너,24107,7120
2013-04-01,한가람타운앞,22798,5191
2013-04-01,한걸고정마을,138,2
2013-04-01,한국건강관리협회앞,5068,773
2013-04-01,한국국토정보공사건너,2622,2231
2013-04-01,한국국토정보공사앞,2601,460
2013-04-01,한국농어촌공사건너,25313,3916
2013-04-01,한국농어촌공사앞,20324,1842
2013-04-01,한국델파이건너,223,158
2013-04-01,한국델파이앞,1360,56
2013-04-01,한국도로공사건너,135,513
2013-04-01,한국도로공사앞,7724,46
2013-04-01,한국방송통신대학교건너,3969,404
2013-04-01,한국방송통신대학교앞,1099,435
2013-04-01,한국산업은행성서지점건너,18,1130
2013-04-01,한국산업은행성서지점앞,5065,26
2013-04-01,한국산업인력공단건너,4441,92
2013-04-01,한국산업인력공단앞,210,217
2013-04-01,한국클래드텍건너,386,2
2013-04-01,한국클래드텍앞,0,68
2013-04-01,한국타이어,336,129
2013-04-01,한국타이어건너,352,16
2013-04-01,한국패션센터,1949,179
2013-04-01,한국폴리텍VI대구대학건너,17389,5408
2013-04-01,한국폴리텍VI대구대학앞,14631,5450
2013-04-01,한국폴리텍대학(섬유패션캠퍼스),8126,1914
2013-04-01,한국환경자원공사,11,8
2013-04-01,한국환경자원공사건너,1,0
2013-04-01,한도아파트앞,8980,437
2013-04-01,한라하우젠트,813,0
2013-04-01,한마음주유소건너,2643,224
2013-04-01,한마음주유소앞,3279,321
2013-04-01,한샘교회,5121,1287
2013-04-01,한샘교회건너,930,888
2013-04-01,한서기전건너,215,4
2013-04-01,한서기전앞,942,49
2013-04-01,한양공작맨션건너,19,90
2013-04-01,한양공작맨션앞,1271,5
2013-04-01,한양산호아파트건너,595,281
2013-04-01,한양산호아파트앞,7477,177
2013-04-01,한양수정아파트,54,80
2013-04-01,한양코스모스아파트건너,49,129
2013-04-01,한양코스모스아파트앞,1432,25
2013-04-01,한전동대구지사,24957,5903
2013-04-01,한전동대구지사건너,19170,4839
2013-04-01,한전서대구지사건너,21209,5695
2013-04-01,한전서대구지사앞,14057,4342
2013-04-01,한정3리,75,1
2013-04-01,한정리(한정초교),218,0
2013-04-01,한정리(한정초교건너),3,1
2013-04-01,한화꿈에그린건너1,639,792
2013-04-01,한화꿈에그린앞,13936,2341
2013-04-01,함지초등학교건너,1057,603
2013-04-01,함지초등학교앞,10671,354
2013-04-01,해랑교(시외방향),28,12
2013-04-01,해랑교1,17,2
2013-04-01,해랑교2,1618,93
2013-04-01,해랑교건너,30,76
2013-04-01,해안동행정복지센터,372,46
2013-04-01,해안역(1번출구),14658,2963
2013-04-01,해안역(3번출구),7003,3318
2013-04-01,해안초등학교뒤,6,25
2013-04-01,행정1리건너,143,0
2013-04-01,행정2리건너,5,9
2013-04-01,행정2리앞,90,1
2013-04-01,행정리,11,43
2013-04-01,행정리(한천서원),421,0
2013-04-01,헬로TV대구방송건너,6011,2384
2013-04-01,헬로TV대구방송앞,7658,1593
2013-04-01,현내1리,218,0
2013-04-01,현내2리중방마을건너,102,0
2013-04-01,현내2리중방마을앞,7,2
2013-04-01,현대금속,1463,53
2013-04-01,현대메카닉스건너,125,0
2013-04-01,현대메카닉스앞,0,11
2013-04-01,현대백조아파트(북편),3907,179
2013-04-01,현대백조아파트건너,2552,172
2013-04-01,현대백조아파트앞,2840,601
2013-04-01,현대백화점.동아쇼핑건너,27439,8327
2013-04-01,현대백화점.동아쇼핑앞,37270,5309
2013-04-01,현대시장건너,12468,992
2013-04-01,현대시장앞,2792,1048
2013-04-01,현대시장앞2,824,337
2013-04-01,현대해상건너,32815,11010
2013-04-01,현대해상앞,28073,7036
2013-04-01,현충로역(3번출구),33621,15098
2013-04-01,현충로역(4번출구),25811,11212
2013-04-01,현충삼거리1,592,598
2013-04-01,현충삼거리2,3326,59
2013-04-01,현풍고속도로밑,202,5
2013-04-01,현풍농협,2924,348
2013-04-01,현풍삼거리,1,18
2013-04-01,현풍새마을금고,2795,364
2013-04-01,현풍시외버스터미널,1267,343
2013-04-01,현풍운전시험장,558,16
2013-04-01,현풍주공아파트,10,19
2013-04-01,현풍주공아파트2,0,47
2013-04-01,현풍주공아파트앞,343,7
2013-04-01,현풍중고등학교,16,53
2013-04-01,현풍중고등학교건너,1732,0
2013-04-01,현풍터미널건너,1777,125
2013-04-01,현풍터미널앞,423,461
2013-04-01,현풍할매곰탕,1912,449
2013-04-01,현풍할매곰탕건너,4396,355
2013-04-01,호산초등학교건너,115,13
2013-04-01,호산초등학교앞,159,190
2013-04-01,홈플러스내당점건너,9305,1979
2013-04-01,홈플러스내당점앞,5686,7524
2013-04-01,홈플러스대구점건너,15651,3804
2013-04-01,홈플러스대구점앞,20572,7094
2013-04-01,홈플러스동촌점건너,6062,2790
2013-04-01,홈플러스동촌점앞,12105,1823
2013-04-01,홈플러스칠곡점건너,9299,581
2013-04-01,홈플러스칠곡점앞,2650,1355
2013-04-01,홍천사건너,1804,51
2013-04-01,홍천사입구,74,92
2013-04-01,화남초등학교건너,34,232
2013-04-01,화남초등학교앞,6802,728
2013-04-01,화동초등학교건너,631,95
2013-04-01,화동초등학교앞,775,89
2013-04-01,화랑교1,1354,2078
2013-04-01,화랑교2,13901,839
2013-04-01,화성그랜드건너,420,36
2013-04-01,화성그랜드앞,246,75
2013-04-01,화성리버파크건너,6305,184
2013-04-01,화성리버파크앞,1123,432
2013-04-01,화성센트럴파크,4289,210
2013-04-01,화성쌍용타운건너,869,26
2013-04-01,화성쌍용타운앞1,777,113
2013-04-01,화성쌍용타운앞2,150,516
2013-04-01,화성전문요양원건너,3358,379
2013-04-01,화성전문요양원앞,1874,566
2013-04-01,화성파크뷰건너,10443,379
2013-04-01,화성파크뷰앞,831,902
2013-04-01,화영테크건너,29,39
2013-04-01,화영테크앞,594,27
2013-04-01,화원고등학교(종점),283,30
2013-04-01,화원고등학교(종점)2,31,78
2013-04-01,화원고등학교건너,7485,1083
2013-04-01,화원고등학교앞,9204,981
2013-04-01,화원농협주유소건너,2000,509
2013-04-01,화원농협주유소앞,7252,994
2013-04-01,화원삼주타운건너,6631,169
2013-04-01,화원삼주타운앞,273,342
2013-04-01,화원시장건너,4187,385
2013-04-01,화원시장앞,101,483
2013-04-01,화원유원지(사문진주막촌),316,54
2013-04-01,화원유원지건너,391,28
2013-04-01,화원유원지입구,2,0
2013-04-01,화원초등학교건너,22186,5977
2013-04-01,화원초등학교앞,33965,10577
2013-04-01,화전동1,14,67
2013-04-01,화전동2,566,8
2013-04-01,황금2동치안센터건너,1530,403
2013-04-01,황금2동치안센터앞,3927,158
2013-04-01,황금네거리1,28677,2514
2013-04-01,황금네거리2,7261,4924
2013-04-01,황금시장건너,237,74
2013-04-01,황금시장앞,1736,74
2013-04-01,황금우방1차건너,17743,3013
2013-04-01,황금우방1차앞,7526,2263
2013-04-01,황금초등학교건너,1714,677
2013-04-01,황금초등학교앞,5937,243
2013-04-01,황제맨션건너,6864,1790
2013-04-01,황제맨션앞,4733,524
2013-04-01,효동초등학교건너,4240,807
2013-04-01,효동초등학교앞,9613,651
2013-04-01,효목네거리1,10412,2292
2013-04-01,효목네거리2,2544,3229
2013-04-01,효목네거리3,20861,5041
2013-04-01,효성타운앞,16042,1199
2013-04-01,흥사단 대구지부건너,2147,315
2013-04-01,흥사단 대구지부앞,687,564
2013-04-01,흥성정공건너,352,49
2013-04-01,흥성정공앞,157,6
2013-04-01,희망교1,1236,179
2013-04-01,희성전자건너,27,8
2013-04-01,희성전자앞,429,40
2013-04-01,힐크레스트남문건너,590,134
2013-04-01,힐크레스트남문앞,78,183
2013-04-01,힐크레스트입구,464,638
2013-05-01,(주)성안건너,56,349
2013-05-01,(주)영화건너,1,72
2013-05-01,(주)영화앞,524,0
2013-05-01,1차서한화성타운앞,751,95
2013-05-01,2.28기념중앙공원건너1,66947,19473
2013-05-01,2.28기념중앙공원건너2,19938,9327
2013-05-01,2.28기념중앙공원앞,176541,35286
2013-05-01,2차대자연맨션건너,2379,1043
2013-05-01,2차대자연맨션앞,9734,707
2013-05-01,2차서한화성타운건너,39971,2536
2013-05-01,2차서한화성타운앞,18380,4333
2013-05-01,2호선반월당역1,20793,4802
2013-05-01,2호선반월당역2,17117,8171
2013-05-01,3공단새마을금고앞,5007,1422
2013-05-01,CGV대구한일건너,112242,31098
2013-05-01,CGV대구한일앞,34774,9227
2013-05-01,K-2입구,2373,436
2013-05-01,K2관사입구(종점),348,72
2013-05-01,KT남대구지사건너1,17509,4131
2013-05-01,KT남대구지사건너2,2059,749
2013-05-01,KT남대구지사앞1,22512,9084
2013-05-01,KT남대구지사앞2,1823,564
2013-05-01,KT동대구지사건너,27410,8083
2013-05-01,KT동대구지사앞,17184,3281
2013-05-01,KT북대구지사건너,4180,501
2013-05-01,KT북대구지사앞,3453,602
2013-05-01,KT상동지사건너,3710,499
2013-05-01,KT상동지사앞,904,825
2013-05-01,KT서대구지사건너,21456,2827
2013-05-01,KT서대구지사앞,19421,3559
2013-05-01,LG물류센터건너,3717,2074
2013-05-01,LG물류센터앞,8246,1200
2013-05-01,MBC네거리,10488,1974
2013-05-01,SK리더스뷰건너,12244,1403
2013-05-01,SK리더스뷰앞,5592,2438
2013-05-01,STX메탈건너,1586,1826
2013-05-01,STX메탈앞,1781,200
2013-05-01,TBC건너,11748,643
2013-05-01,TBC앞,3033,2454
2013-05-01,TCN대구방송건너,1960,246
2013-05-01,TCN대구방송앞,3572,293
2013-05-01,㈜윔스건너,269,20
2013-05-01,㈜윔스앞,380,20
2013-05-01,가야농원,595,3
2013-05-01,가창농협건너,1320,2358
2013-05-01,가창농협앞,11322,907
2013-05-01,가창댐,13,25
2013-05-01,가창댐1,32,10
2013-05-01,가창면사무소건너,7359,4404
2013-05-01,가창면사무소앞,11745,2208
2013-05-01,가창중학교건너,6354,190
2013-05-01,가창중학교앞,270,371
2013-05-01,가창초등학교건너,485,648
2013-05-01,가창초등학교앞,1064,245
2013-05-01,가천동앞,108,8
2013-05-01,가천리,31,0
2013-05-01,가태리마을회관앞,4,0
2013-05-01,각산역(1번출구),9174,1439
2013-05-01,각산역(2번출구),2018,1681
2013-05-01,갈실마을회관종점,346,28
2013-05-01,감문1리1,6,4
2013-05-01,감문1리2,220,0
2013-05-01,감문1리3,2,4
2013-05-01,감문1리4,188,0
2013-05-01,감삼네거리1,19361,5839
2013-05-01,감삼네거리2,60200,36265
2013-05-01,감삼초등학교건너,16352,1509
2013-05-01,감삼초등학교앞,6963,949
2013-05-01,갓골건너,551,0
2013-05-01,갓골앞,2,23
2013-05-01,갓바위,23471,695
2013-05-01,강남약국건너,51157,21484
2013-05-01,강남약국앞1,31968,10652
2013-05-01,강남약국앞2,10503,1468
2013-05-01,강동중·고등학교,12,353
2013-05-01,강동중·고등학교건너,8354,56
2013-05-01,강변동서마을건너,6332,642
2013-05-01,강변동서마을앞,3474,1174
2013-05-01,강북경찰서건너,1238,889
2013-05-01,강북경찰서앞,4500,742
2013-05-01,강북중학교건너,36,568
2013-05-01,강북중학교앞,11048,10
2013-05-01,강산아파트건너,5100,2810
2013-05-01,강산아파트앞,6488,817
2013-05-01,강정(종점),2,2
2013-05-01,강정보(디아크문화관)건너,7,7
2013-05-01,강정보(디아크문화관)입구,258,2
2013-05-01,강창교1,5291,83
2013-05-01,강창교2,152,394
2013-05-01,강창역(1번출구),4561,2161
2013-05-01,강창역(2번출구),24687,1590
2013-05-01,강창하이츠,10354,333
2013-05-01,거동교1,1149,101
2013-05-01,거동교2,1166,641
2013-05-01,건들바위건너,1399,288
2013-05-01,건들바위앞,668,533
2013-05-01,건영아파트건너,18883,3309
2013-05-01,건영캐스빌건너,13241,295
2013-05-01,건영캐스빌앞,304,574
2013-05-01,검단119안전센터(엑스코),80,65
2013-05-01,검단동대구축협앞,5658,64
2013-05-01,검단동주민센터건너,12907,88
2013-05-01,검단동주민센터앞,159,1279
2013-05-01,검단상가아파트건너,3394,15
2013-05-01,검단상가아파트앞,84,60
2013-05-01,검단유성아파트(서편),10256,3828
2013-05-01,검단유성아파트건너,5710,2559
2013-05-01,검단유성아파트앞,19564,4792
2013-05-01,경기장네거리1,3695,893
2013-05-01,경기장네거리2,5396,1255
2013-05-01,경대교2,3290,415
2013-05-01,경대교건너,880,87
2013-05-01,경대교앞,715,259
2013-05-01,경대사대부설고등학교앞,27040,9111
2013-05-01,경대아파트건너,41773,1329
2013-05-01,경대아파트앞,9749,2370
2013-05-01,경덕여고,917,116
2013-05-01,경동산업앞,41,5
2013-05-01,경명여고건너,4103,463
2013-05-01,경명여고앞,2580,661
2013-05-01,경북고교종점,853,1547
2013-05-01,경북고등학교건너,13702,4055
2013-05-01,경북고등학교앞,19501,3072
2013-05-01,경북고등학교종점건너,2259,922
2013-05-01,경북공고건너,7720,2448
2013-05-01,경북공고앞,11143,2785
2013-05-01,경북공무원교육원1,738,91
2013-05-01,경북공무원교육원2,24,30
2013-05-01,경북교통,2119,1246
2013-05-01,경북교통앞,3227,1453
2013-05-01,경북기계공고건너,22168,1940
2013-05-01,경북기계공고앞,10244,4323
2013-05-01,경북농업기술원건너,120,34
2013-05-01,경북농업기술원앞,651,23
2013-05-01,경북대체육센터건너,42203,612
2013-05-01,경북대체육센터앞,5213,1973
2013-05-01,경북대학교병원건너,24894,9550
2013-05-01,경북대학교병원앞,41893,8760
2013-05-01,경북대학교북문건너,64816,4518
2013-05-01,경북대학교북문앞,36507,8413
2013-05-01,경북대학교서문건너,13446,1179
2013-05-01,경북대학교서문앞,3755,1080
2013-05-01,경북대학교정문건너,14383,3642
2013-05-01,경북대학교정문앞,36052,3489
2013-05-01,경북대학교치과병원,25621,12400
2013-05-01,경북아파트건너(고산동),34548,2261
2013-05-01,경북아파트건너(신천동),9501,4250
2013-05-01,경북아파트앞(고산동),13115,3605
2013-05-01,경북아파트앞(신천동),6551,1209
2013-05-01,경북여상건너,14397,6411
2013-05-01,경북여상앞,14539,2377
2013-05-01,경북크랑크,1570,9
2013-05-01,경상감영공원건너,134139,28483
2013-05-01,경상감영공원앞,69375,48546
2013-05-01,경상북도농업인회관,231,39
2013-05-01,경상여자고등학교건너,3859,803
2013-05-01,경상여자고등학교앞,11743,1459
2013-05-01,경서중학교건너,402,326
2013-05-01,경서중학교앞,4704,53
2013-05-01,경신고등학교건너,50845,9740
2013-05-01,경신고등학교앞,38393,15071
2013-05-01,경운초등학교건너,2372,656
2013-05-01,경운초등학교앞,7196,1731
2013-05-01,경원고등학교건너,925,38
2013-05-01,경원고등학교앞,1848,50
2013-05-01,경일여자중학교건너,22108,601
2013-05-01,경일여자중학교앞,4622,1258
2013-05-01,경주최씨종가(종점),313,15
2013-05-01,경주최씨종가2,4,0
2013-05-01,경진테크빌앞,707,263
2013-05-01,경창산업,1242,121
2013-05-01,경희강재건너,835,425
2013-05-01,경희강재앞,3009,58
2013-05-01,계명대대명캠퍼스후문건너,2157,222
2013-05-01,계명대역(1번출구),2744,1757
2013-05-01,계명대역(2번출구),11124,1637
2013-05-01,계명대학교대명캠퍼스건너,16691,5012
2013-05-01,계명대학교대명캠퍼스앞,28344,5366
2013-05-01,계명대학교대명캠퍼스후문앞,2075,431
2013-05-01,계명대학교동문건너1,7854,2110
2013-05-01,계명대학교동문건너2,33890,8343
2013-05-01,계명대학교동문앞,26072,11930
2013-05-01,계명대학교정문건너,36036,1284
2013-05-01,계명대학교정문앞,5535,1839
2013-05-01,계명문화대학건너,10529,607
2013-05-01,계명문화대학앞,17810,5139
2013-05-01,고모동입구,5353,102
2013-05-01,고모역건너,201,3
2013-05-01,고모역앞,18,3
2013-05-01,고봉리,22,1
2013-05-01,고산2동주민센터건너,11742,3319
2013-05-01,고산2동주민센터앞,25013,3353
2013-05-01,고산골입구,7943,1363
2013-05-01,고산농협창고건너,1709,285
2013-05-01,고산농협창고앞,600,965
2013-05-01,고산도서관,23293,14899
2013-05-01,고산정수사업소건너,3468,573
2013-05-01,고성아파트(서편),12388,5205
2013-05-01,고성아파트건너,2595,235
2013-05-01,고성아파트건너(서편),16882,3667
2013-05-01,고성아파트앞,1656,693
2013-05-01,고성지구대1,1662,632
2013-05-01,고성지구대2,4760,1401
2013-05-01,골안골,39,44
2013-05-01,골안골지하보도앞,3,37
2013-05-01,공고네거리1,38962,6949
2013-05-01,공고네거리2,12948,2205
2013-05-01,공군기지관사입구,7,33
2013-05-01,공단역1,10618,3591
2013-05-01,공단역2,13945,6151
2013-05-01,공단하수처리장건너,42,66
2013-05-01,공단하수처리장앞,394,3
2013-05-01,공산댐건너,1157,44
2013-05-01,공산댐앞,278,126
2013-05-01,공산동행정복지센터건너,774,388
2013-05-01,공산동행정복지센터앞,6875,286
2013-05-01,공산초등학교건너,472,204
2013-05-01,공산초등학교앞,2641,139
2013-05-01,공산파출소,107,399
2013-05-01,공항시장건너,12983,1032
2013-05-01,공항시장앞,6059,1263
2013-05-01,곽병원건너,21126,14147
2013-05-01,곽병원앞1,35302,5586
2013-05-01,곽병원앞2,11889,2615
2013-05-01,관리공단,613,19
2013-05-01,관음공영주차장앞,1659,8
2013-05-01,관음농협앞,192,74
2013-05-01,관음동주민센터건너,996,63
2013-05-01,관음동주민센터앞,901,20
2013-05-01,관음변전소1,4822,46
2013-05-01,관음변전소2,30,335
2013-05-01,관음변전소3,891,3
2013-05-01,관음변전소4,1223,427
2013-05-01,관음어린이집,375,44
2013-05-01,관음중학교(북편),1022,22
2013-05-01,광명은하아파트건너,8488,2508
2013-05-01,광명은하아파트앞,11699,2043
2013-05-01,광명프레지던트아파트건너,17511,3110
2013-05-01,광장타운건너,19732,3528
2013-05-01,광장타운앞,20634,4066
2013-05-01,교대부설초등학교건너,6353,226
2013-05-01,교대부설초등학교앞,1104,508
2013-05-01,교동시장앞,19657,1769
2013-05-01,교동초등학교건너,62,44
2013-05-01,교동초등학교앞,1003,80
2013-05-01,교통연수원,19399,996
2013-05-01,교통연수원건너,14682,3216
2013-05-01,교항2리마을입구,120,345
2013-05-01,교항2리회관,1916,13
2013-05-01,교항리건너,2159,84
2013-05-01,교항리마을입구건너,425,3
2013-05-01,교항리앞,537,405
2013-05-01,구)달성군청건너,36470,4904
2013-05-01,구)달성군청앞,23208,20609
2013-05-01,구)대영학원건너,21087,3231
2013-05-01,구)대영학원앞,18014,6569
2013-05-01,구)화원IC,1,0
2013-05-01,구)효목2동행정복지센터건너,19248,1496
2013-05-01,구)효목2동행정복지센터앞,6738,1141
2013-05-01,구.남부정류장건너1,14671,17087
2013-05-01,구.남부정류장건너2,8693,8660
2013-05-01,구.남부정류장앞1,34720,6737
2013-05-01,구.남부정류장앞2,6755,1738
2013-05-01,구.동부정류장(남편),5218,1201
2013-05-01,구.동부정류장(메트로팔레스),14107,5721
2013-05-01,구.동부정류장건너,17896,4571
2013-05-01,구.동부정류장앞,11621,4381
2013-05-01,구둔산,529,22
2013-05-01,구룡촌건너,16,11
2013-05-01,구룡촌앞,134,0
2013-05-01,구병원건너,17185,6372
2013-05-01,구병원앞,30819,6535
2013-05-01,구삼폭포건너,8,6
2013-05-01,구삼폭포앞,124,0
2013-05-01,구암가구골목1,5312,182
2013-05-01,구암가구골목2,1726,392
2013-05-01,구암교1,9313,926
2013-05-01,구암교2,1594,1218
2013-05-01,구암동1,1354,68
2013-05-01,구암동2,219,269
2013-05-01,구암역(운전면허시험장)1,6148,378
2013-05-01,구암역(운전면허시험장)2,3214,668
2013-05-01,구암초등학교건너,2481,416
2013-05-01,구암초등학교앞,6260,245
2013-05-01,구지농공단지1,3,7
2013-05-01,구지농공단지2,238,0
2013-05-01,구지면사무소건너,550,324
2013-05-01,구지면사무소앞,2596,450
2013-05-01,구지청아람건너,5952,142
2013-05-01,구지청아람앞,427,577
2013-05-01,국립대구박물관건너,17926,1292
2013-05-01,국립대구박물관앞,12024,2672
2013-05-01,국민건강보험공단건너,27837,4341
2013-05-01,국민건강보험공단앞,13651,11377
2013-05-01,국민은행3공단지점건너,6134,971
2013-05-01,국민은행3공단지점앞,3547,809
2013-05-01,국우동현대아파트건너,580,62
2013-05-01,국우동현대아파트앞,8114,250
2013-05-01,국채보상운동기념공원,7107,3488
2013-05-01,굿모닝병원건너,12918,2584
2013-05-01,굿모닝병원앞,19301,3136
2013-05-01,궁전아파트건너,38,236
2013-05-01,궁전아파트앞,3150,27
2013-05-01,귀남지휴게소1,25,0
2013-05-01,귀남지휴게소2,0,1
2013-05-01,그랜드호텔건너,34934,31756
2013-05-01,그랜드호텔앞,57397,17645
2013-05-01,그린빌4단지,80,502
2013-05-01,그린빌4단지건너,1088,29
2013-05-01,그린빌4단지앞,287,63
2013-05-01,근로복지공단대구병원건너,1966,194
2013-05-01,근로복지공단대구병원앞,2453,217
2013-05-01,근린공원축구장건너,30,174
2013-05-01,근린공원축구장앞,833,14
2013-05-01,금강동,78,11
2013-05-01,금계초등학교(교항리),716,106
2013-05-01,금복주건너,2996,172
2013-05-01,금복주앞,2101,217
2013-05-01,금봉네거리1,14635,1164
2013-05-01,금봉네거리2,6872,678
2013-05-01,금사리하이빌APT건너,1687,198
2013-05-01,금사리하이빌APT앞,497,138
2013-05-01,금융감독원건너,1687,1356
2013-05-01,금포초등학교,2435,195
2013-05-01,금포초등학교건너,528,323
2013-05-01,금호기전,7,20
2013-05-01,금호지구(시내방향),66,0
2013-05-01,금호지구(종점방향),29,1
2013-05-01,금호화물자동차공영차고지,6,1
2013-05-01,기곡(종점),4,6
2013-05-01,기곡리1,3,1
2013-05-01,기곡리2,53,0
2013-05-01,기독교방송국건너,6665,2502
2013-05-01,기독교방송국앞,5617,2245
2013-05-01,기업은행대곡지점건너,101,1476
2013-05-01,기업은행대곡지점앞,27453,610
2013-05-01,기업은행죽전동지점건너,5732,484
2013-05-01,기업은행죽전동지점앞,3677,600
2013-05-01,김흥2리건너,12,1
2013-05-01,김흥2리앞,6,1
2013-05-01,김흥리마을입구,180,0
2013-05-01,남구청건너2,9475,7124
2013-05-01,남구청네거리1,13082,1029
2013-05-01,남구청네거리2,325,220
2013-05-01,남대구IC1,17352,902
2013-05-01,남대구IC2,7762,1110
2013-05-01,남명삼거리1,1901,212
2013-05-01,남명삼거리2,2446,363
2013-05-01,남문시장건너1,1253,157
2013-05-01,남문시장건너2,34328,10655
2013-05-01,남문시장앞,21956,10461
2013-05-01,남문아파트앞,570,351
2013-05-01,남부경찰서건너,11344,2867
2013-05-01,남부경찰서앞,18297,4808
2013-05-01,남부교육지원청건너,9300,718
2013-05-01,남부교육지원청앞,5928,905
2013-05-01,남부도서관앞,241,719
2013-05-01,남부자동차종합시장건너,3571,135
2013-05-01,남부자동차종합시장앞,1013,369
2013-05-01,남부초등학교건너,1595,42
2013-05-01,남부초등학교앞,911,187
2013-05-01,남부초등학교앞2,5842,859
2013-05-01,남산2동주민센터건너,138,179
2013-05-01,남산2동주민센터앞,873,44
2013-05-01,남산고등학교건너,1256,22
2013-05-01,남산고등학교앞,420,287
2013-05-01,남산역(프린스호텔건너),12183,2992
2013-05-01,남산역건너(프린스호텔앞),20720,9365
2013-05-01,남산주유소건너,1696,763
2013-05-01,남산주유소앞,2159,179
2013-05-01,남산초등학교건너,21491,3529
2013-05-01,남산초등학교앞,13840,5831
2013-05-01,남산휴먼시아앞,2515,425
2013-05-01,내2리새마을회관건너,49,1
2013-05-01,내2리새마을회관앞,2,0
2013-05-01,내당1동우체국건너,2541,287
2013-05-01,내당1동우체국앞,2935,303
2013-05-01,내당광명아파트,4613,1674
2013-05-01,내당삼익맨션건너,31822,7489
2013-05-01,내당삼익맨션앞,16512,13260
2013-05-01,내당코오롱아파트건너,6851,4668
2013-05-01,내당코오롱아파트앞,10844,949
2013-05-01,내동,1518,30
2013-05-01,내동건너,38,125
2013-05-01,내리1,14,0
2013-05-01,내리2,4,0
2013-05-01,내일교회건너,180,38
2013-05-01,내일교회앞,817,13
2013-05-01,냉천2리,170,7
2013-05-01,냉천리1,2555,139
2013-05-01,냉천리2,93,451
2013-05-01,노곡동,3913,97
2013-05-01,노변중학교,742,94
2013-05-01,노변중학교건너,1268,46
2013-05-01,노변청구타운건너,208,66
2013-05-01,노변청구타운앞,347,58
2013-05-01,노원119안전센터건너,7193,1869
2013-05-01,노원119안전센터앞,4409,518
2013-05-01,노원네거리(공단세차장건너),547,1274
2013-05-01,노원네거리(공단세차장앞),7330,587
2013-05-01,노원네거리(대구은행건너),1453,238
2013-05-01,노원네거리(대구은행앞),5243,523
2013-05-01,노원네거리1,5271,2482
2013-05-01,노원네거리2,10987,1719
2013-05-01,노원동화타운건너,723,398
2013-05-01,노원동화타운앞,5505,349
2013-05-01,녹동서원앞,1,8
2013-05-01,녹원맨션1,3914,1417
2013-05-01,녹원맨션2,11877,986
2013-05-01,논공삼거리1,2547,48
2013-05-01,논공삼거리2,374,238
2013-05-01,논공읍사무소,885,434
2013-05-01,논공읍사무소건너1,4134,172
2013-05-01,논공읍사무소건너2,360,189
2013-05-01,농산물도매시장건너,41,9
2013-05-01,농산물도매시장앞,1777,80
2013-05-01,농수산물도매시장건너,4285,1428
2013-05-01,농수산물도매시장앞,9851,1550
2013-05-01,농촌진흥원입구,276,90
2013-05-01,농협동촌지점,524,140
2013-05-01,농협방촌지점,2211,202
2013-05-01,농협비료창고건너(연경),26,70
2013-05-01,농협비료창고앞(연경),72,2
2013-05-01,농협중앙회건너,23342,9138
2013-05-01,농협중앙회앞,27508,13014
2013-05-01,농협중앙회중동지점건너,1772,112
2013-05-01,농협중앙회중동지점앞,1031,225
2013-05-01,농협하나로마트건너,43,1239
2013-05-01,능골1,140,1955
2013-05-01,능골건너,2705,70
2013-05-01,능성동(종점),500,24
2013-05-01,능성동예비군훈련장,889,31
2013-05-01,능성동입구건너,1128,5
2013-05-01,능성동입구앞,11,85
2013-05-01,다리골,56,0
2013-05-01,다사고등학교건너,11789,1541
2013-05-01,다사고등학교앞,1308,889
2013-05-01,다사농협주유소건너,620,648
2013-05-01,다사농협주유소앞,10198,367
2013-05-01,다사역(4번출구),149,1
2013-05-01,다사읍사무소건너,6691,403
2013-05-01,다사읍사무소서재출장소건너,421,8
2013-05-01,다사읍사무소서재출장소앞,150,34
2013-05-01,다사읍사무소앞,11,537
2013-05-01,다사주공아파트건너,108,1
2013-05-01,다사주공아파트앞,5,152
2013-05-01,다사체육공원건너,6,2
2013-05-01,다사체육공원앞,48,1
2013-05-01,다사초등학교건너,47,0
2013-05-01,다사초등학교앞,0,32
2013-05-01,단산리(종점),799,6
2013-05-01,단산리입구,350,0
2013-05-01,달구벌종합복지관건너,994,100
2013-05-01,달구벌종합복지관앞,503,97
2013-05-01,달서공고건너,231,48
2013-05-01,달서공고앞,1178,27
2013-05-01,달서교회건너,22512,3252
2013-05-01,달서교회앞,22119,4717
2013-05-01,달서구새마을회건너,3973,177
2013-05-01,달서구새마을회앞,1140,228
2013-05-01,달서구청건너,24291,2041
2013-05-01,달서구청앞,6039,2931
2013-05-01,달서종합시장건너,1747,575
2013-05-01,달서종합시장앞,1060,215
2013-05-01,달서중고등학교,91,35
2013-05-01,달서중고등학교건너,831,1
2013-05-01,달서천하수종말처리장건너,74,0
2013-05-01,달서초교,1627,43
2013-05-01,달성2차공단관리청사,131,23
2013-05-01,달성2차산업단지출장소앞,0,7
2013-05-01,달성경찰서,2002,480
2013-05-01,달성경찰서건너,2773,145
2013-05-01,달성공원건너,14881,5234
2013-05-01,달성공원앞,17670,9294
2013-05-01,달성군민운동장건너,1557,130
2013-05-01,달성군민운동장앞,917,195
2013-05-01,달성군선거관리위원회건너,439,157
2013-05-01,달성군선거관리위원회앞,25,278
2013-05-01,달성군청건너,3895,233
2013-05-01,달성군청앞,310,454
2013-05-01,달성기와건너,160,56
2013-05-01,달성기와앞,722,22
2013-05-01,달성문화원건너,1,0
2013-05-01,달성문화원앞,2,0
2013-05-01,달성산업단지건너,251,45
2013-05-01,달성산업단지관리공단1,0,2
2013-05-01,달성산업단지관리공단2,17,1
2013-05-01,달성소방서건너,370,58
2013-05-01,달성소방서앞,316,71
2013-05-01,달성스포츠파크건너,0,5
2013-05-01,달성스포츠파크앞,3,0
2013-05-01,달성예비군훈련장건너,563,272
2013-05-01,달성예비군훈련장앞,2667,622
2013-05-01,달성우체국건너,362,506
2013-05-01,달성우체국앞,5087,103
2013-05-01,달성중학교건너,4974,1242
2013-05-01,달성중학교앞,23772,1700
2013-05-01,달성초등학교건너,3437,902
2013-05-01,달성초등학교앞,2419,424
2013-05-01,달성취수장건너,58,24
2013-05-01,달성취수장앞,85,46
2013-05-01,달창저수지,49,0
2013-05-01,달천리(시내방향),193,0
2013-05-01,달천리(시외방향),84,0
2013-05-01,담안마을1,11,18
2013-05-01,담안마을2,471,1
2013-05-01,담티고개1,710,275
2013-05-01,담티고개2,1107,294
2013-05-01,당동마을건너,725,2
2013-05-01,당동마을앞,0,16
2013-05-01,당정마을입구,33,19
2013-05-01,당정마을입구건너,273,6
2013-05-01,대1리용흥지건너,74,0
2013-05-01,대1리용흥지앞,36,28
2013-05-01,대곡강산타운,24584,878
2013-05-01,대곡강산타운건너,4537,1848
2013-05-01,대곡사계절타운건너,16179,874
2013-05-01,대곡사계절타운앞,6278,1861
2013-05-01,대곡역(1번출구),57548,5407
2013-05-01,대곡역(2번출구),18121,62505
2013-05-01,대곡역(한라하우젠트건너),20984,2915
2013-05-01,대곡역(한라하우젠트앞),6504,18696
2013-05-01,대곡역그린빌,8711,2901
2013-05-01,대곡주공1단지앞,4991,1652
2013-05-01,대곡주공2단지앞,26908,732
2013-05-01,대곡주공6단지앞,3618,704
2013-05-01,대곡주공7단지앞,16289,792
2013-05-01,대곡주공8단지건너,23189,3518
2013-05-01,대곡주공8단지앞,10565,2128
2013-05-01,대곡중학교건너,4755,550
2013-05-01,대곡중학교앞,2724,551
2013-05-01,대공원역(1번출구),2491,10129
2013-05-01,대공원역(5번출구),6352,2042
2013-05-01,대구가톨릭대학병원건너,25262,3713
2013-05-01,대구가톨릭대학병원앞,19491,3420
2013-05-01,대구고등학교건너,35348,7970
2013-05-01,대구고등학교앞,16305,4156
2013-05-01,대구고용노동청건너,17959,1704
2013-05-01,대구고용노동청앞,4730,1812
2013-05-01,대구공업대학1,16904,4799
2013-05-01,대구공업대학2,4637,1879
2013-05-01,대구공업대학건너,8059,2359
2013-05-01,대구공업대학앞,6967,2548
2013-05-01,대구과학고등학교건너,11954,5810
2013-05-01,대구과학고등학교앞,16908,3773
2013-05-01,대구과학대학1,26329,15031
2013-05-01,대구과학대학2,72075,12554
2013-05-01,대구과학대학건너,3346,106
2013-05-01,대구과학대학앞,1139,179
2013-05-01,대구광역시교육연수원건너,12161,1222
2013-05-01,대구광역시교육연수원앞,7877,1382
2013-05-01,대구광역시청건너,1670,217
2013-05-01,대구광역시청앞,411,473
2013-05-01,대구교도소건너,9966,5273
2013-05-01,대구교도소앞,32567,4368
2013-05-01,대구교육대건너,20244,10034
2013-05-01,대구교육대앞,24237,2577
2013-05-01,대구교통방송건너,7304,3820
2013-05-01,대구교통방송앞,19825,1711
2013-05-01,대구국제공항건너,24462,18813
2013-05-01,대구국제공항앞,27103,13242
2013-05-01,대구글로벌교육센터건너,5755,3948
2013-05-01,대구글로벌교육센터앞,5060,699
2013-05-01,대구농업마이스터고건너,18065,4211
2013-05-01,대구농업마이스터고앞,12073,6624
2013-05-01,대구농업마이스터고후문건너,1157,691
2013-05-01,대구농업마이스터고후문앞,2736,212
2013-05-01,대구도시공사앞,16442,3979
2013-05-01,대구동부고용복지플러스센터,12377,5728
2013-05-01,대구동촌유치원,1163,124
2013-05-01,대구디지털산업진흥원건너,27268,5343
2013-05-01,대구디지털산업진흥원앞,18578,6618
2013-05-01,대구맨션건너,2047,306
2013-05-01,대구맨션앞,4245,727
2013-05-01,대구문화방송건너,11767,3845
2013-05-01,대구문화방송앞,17965,5089
2013-05-01,대구미술관건너,814,127
2013-05-01,대구미술관앞,1067,116
2013-05-01,대구병원건너,31184,3670
2013-05-01,대구병원앞,13215,6437
2013-05-01,대구보건고등학교건너,21204,5152
2013-05-01,대구보건고등학교앞,13914,2644
2013-05-01,대구보건대학3,15686,6115
2013-05-01,대구보건대학4,51797,3535
2013-05-01,대구보건대학5,141,18
2013-05-01,대구보건대학건너1,2230,101
2013-05-01,대구보건대학건너2,15242,132
2013-05-01,대구보건대학앞1,534,337
2013-05-01,대구보건대학앞2,1734,617
2013-05-01,대구보훈요양원건너,2,2
2013-05-01,대구보훈요양원앞,69,0
2013-05-01,대구비지니스센터건너,3792,832
2013-05-01,대구비지니스센터앞,4758,378
2013-05-01,대구사격장,61,4
2013-05-01,대구삼성창조캠퍼스1,1489,366
2013-05-01,대구삼성창조캠퍼스2,438,568
2013-05-01,대구선방촌공원,1366,38
2013-05-01,대구소방본부건너,519,190
2013-05-01,대구소방본부앞,1773,2074
2013-05-01,대구스타디움건너,5791,918
2013-05-01,대구스타디움앞,5866,1725
2013-05-01,대구시교육청건너,1645,185
2013-05-01,대구시교육청앞,1674,7453
2013-05-01,대구시설공단건너,19098,4920
2013-05-01,대구시설공단앞,13728,7734
2013-05-01,대구시설관리사업소,3,64
2013-05-01,대구시지노인전문병원앞,575,611
2013-05-01,대구신문사,640,151
2013-05-01,대구애견훈련학교건너,415,1
2013-05-01,대구애견훈련학교앞,7,14
2013-05-01,대구역,1406,500
2013-05-01,대구역건너,28535,20611
2013-05-01,대구역꽃시장,723,278
2013-05-01,대구역북편네거리1,35655,8580
2013-05-01,대구역북편네거리2,14813,11136
2013-05-01,대구역센트럴자이,1129,125
2013-05-01,대구역앞,42455,13466
2013-05-01,대구예담학교,104,0
2013-05-01,대구우편집중국(동편),3,14
2013-05-01,대구우편집중국앞,2667,1083
2013-05-01,대구은행3공단지점앞,6771,693
2013-05-01,대구은행북비산지점건너1,14360,3577
2013-05-01,대구은행북비산지점건너2,3737,808
2013-05-01,대구은행북비산지점앞,43168,10676
2013-05-01,대구은행산격지점앞,1117,134
2013-05-01,대구은행역(1번출구),35559,18926
2013-05-01,대구은행역(2번출구),41556,12569
2013-05-01,대구은행제2본점앞,15084,3529
2013-05-01,대구은행칠곡지점건너,10690,4096
2013-05-01,대구은행칠곡지점앞,33120,3078
2013-05-01,대구은행평리동지점건너,3819,1024
2013-05-01,대구은행평리동지점앞,6753,1090
2013-05-01,대구의료원건너,7614,939
2013-05-01,대구의료원라파엘웰빙센터,1913,116
2013-05-01,대구의료원라파엘웰빙센터건너,402,284
2013-05-01,대구의료원앞,5311,951
2013-05-01,대구일마이스터고교건너,5093,1015
2013-05-01,대구일마이스터고교앞,10506,1137
2013-05-01,대구전자공고남편,105,731
2013-05-01,대구전자공업고등학교1,9314,663
2013-05-01,대구전자공업고등학교2,1180,5430
2013-05-01,대구제일고등학교건너,50593,14163
2013-05-01,대구제일고등학교앞,41102,25259
2013-05-01,대구중앙중고등학교건너,33795,7046
2013-05-01,대구중앙중고등학교앞,33612,6474
2013-05-01,대구중앙중학교건너,3515,51
2013-05-01,대구중앙중학교앞,261,2632
2013-05-01,대구중학교건너,2265,394
2013-05-01,대구중학교앞,6501,753
2013-05-01,대구지료재생사,74,18
2013-05-01,대구지방경찰청,7345,485
2013-05-01,대구지방법원등기국건너,6126,3923
2013-05-01,대구지방법원등기국앞,2546,839
2013-05-01,대구지방법원서부지원,657,83
2013-05-01,대구차여성병원건너,5395,3784
2013-05-01,대구차여성병원앞,15935,2620
2013-05-01,대구콘서트하우스건너,19671,22781
2013-05-01,대구콘서트하우스앞,28494,12079
2013-05-01,대구텍건너,588,634
2013-05-01,대구텍앞,7678,1019
2013-05-01,대구학생문화센터,166,91
2013-05-01,대구학생수련관입구건너,1084,6
2013-05-01,대구학생수련관입구앞,19,129
2013-05-01,대구한의대학교부속한방병원건너,301,167
2013-05-01,대구한의대학교부속한방병원앞,6881,562
2013-05-01,대구향교건너,2380,1438
2013-05-01,대구향교앞,2522,703
2013-05-01,대덕마을건너,509,119
2013-05-01,대덕마을앞,399,87
2013-05-01,대덕맨션앞,9745,264
2013-05-01,대덕문화전당건너,1682,123
2013-05-01,대덕문화전당앞,65,101
2013-05-01,대덕승마장건너,392,20
2013-05-01,대덕승마장앞,163,67
2013-05-01,대덕식당건너,326,649
2013-05-01,대덕식당앞,5588,342
2013-05-01,대덕천주교회1,2204,467
2013-05-01,대덕천주교회2,2861,152
2013-05-01,대덕천주교회3,4327,62
2013-05-01,대덕천주교회4,307,488
2013-05-01,대덕초등학교,968,48
2013-05-01,대동공업,155,92
2013-05-01,대동공업건너,846,27
2013-05-01,대동금속건너,1769,22
2013-05-01,대동금속앞,643,173
2013-05-01,대동시장1,5041,860
2013-05-01,대동시장2,9748,732
2013-05-01,대륜중고등학교건너,4710,1807
2013-05-01,대륜중고등학교앞,11397,1014
2013-05-01,대리,433,16
2013-05-01,대리마을앞,55,32
2013-05-01,대리마을회관,378,6
2013-05-01,대리마을회관건너,53,28
2013-05-01,대림생수,1334,58
2013-05-01,대림생수앞,63,286
2013-05-01,대림육교1,277,8171
2013-05-01,대림육교2,8613,111
2013-05-01,대명6동주민센터건너,3058,342
2013-05-01,대명6동주민센터앞,3004,196
2013-05-01,대명시장건너,28570,6890
2013-05-01,대명시장앞,25010,8687
2013-05-01,대명역(1번출구),22140,4936
2013-05-01,대명역(2번출구),15648,4252
2013-05-01,대명중학교건너,75,200
2013-05-01,대명중학교앞,2797,132
2013-05-01,대명초등학교건너,8977,2677
2013-05-01,대명초등학교앞,14657,3527
2013-05-01,대백인터빌건너,28024,4274
2013-05-01,대백인터빌앞,21035,14305
2013-05-01,대백창신한라타운건너,17356,1312
2013-05-01,대백창신한라타운앞,3372,1650
2013-05-01,대백프라자건너,26797,6232
2013-05-01,대백프라자앞,32567,7896
2013-05-01,대백한라무지개타운건너,21375,1211
2013-05-01,대백한라무지개타운앞,9160,2317
2013-05-01,대봉교회,10405,4581
2013-05-01,대봉네거리1,5543,564
2013-05-01,대봉네거리2,3133,2792
2013-05-01,대봉도서관건너,1830,418
2013-05-01,대봉도서관앞,4502,998
2013-05-01,대봉성당,13094,4746
2013-05-01,대서초등학교앞,594,133
2013-05-01,대성공업건너,323,2777
2013-05-01,대성공업앞,4876,163
2013-05-01,대성유니드앞,2987,57
2013-05-01,대성테크앞,270,13
2013-05-01,대신동광명맨션앞,1530,195
2013-05-01,대신센트럴자이,6286,700
2013-05-01,대실역(1번출구),8709,4330
2013-05-01,대실역(2번출구),28801,4282
2013-05-01,대실역(4번출구),1672,24
2013-05-01,대실역1,144,29
2013-05-01,대실역2,3,88
2013-05-01,대실역청아람건너,11060,100
2013-05-01,대실역청아람앞,331,1638
2013-05-01,대우트럼프월드수성건너,17221,951
2013-05-01,대우트럼프월드수성앞,5049,1553
2013-05-01,대원고등학교,7967,9100
2013-05-01,대원고등학교건너,19135,1257
2013-05-01,대원사건너(공산동),62,24
2013-05-01,대원사앞(공산동),333,6
2013-05-01,대원사입구,252,0
2013-05-01,대원유치원건너,7811,1224
2013-05-01,대원유치원앞,11255,828
2013-05-01,대일1리마을회관건너,359,103
2013-05-01,대일1리점촌마을,43,22
2013-05-01,대일아파트건너,13177,2089
2013-05-01,대일아파트앞,14721,2050
2013-05-01,대자연맨션,23566,1699
2013-05-01,대자연맨션건너,3182,2015
2013-05-01,대중인벤트,229,44
2013-05-01,대진중고등학교건너,1105,68
2013-05-01,대진중고등학교앞,672,175
2013-05-01,대천119안전센터건너,1417,11
2013-05-01,대천119안전센터앞,468,63
2013-05-01,대천교,331,257
2013-05-01,대천초등학교건너,407,152
2013-05-01,대천초등학교앞,2881,55
2013-05-01,대청초등학교건너,221,718
2013-05-01,대청초등학교앞,14338,605
2013-05-01,대평2리,705,0
2013-05-01,대평교회앞,25,10
2013-05-01,대평리시장,13521,2680
2013-05-01,대평중학교건너,13422,1013
2013-05-01,대평중학교앞,6452,785
2013-05-01,대홍철강,681,19
2013-05-01,대흥동건너,417,102
2013-05-01,대흥동앞,554,589
2013-05-01,덕곡(달구벌고교),436,2
2013-05-01,덕곡(대구선명학교),39,68
2013-05-01,덕곡삼거리1,58,161
2013-05-01,덕곡삼거리2,1354,46
2013-05-01,덕산마을건너,2,8
2013-05-01,덕산마을앞,319,0
2013-05-01,덕원고등학교건너,6211,3318
2013-05-01,덕원고등학교앞,6561,996
2013-05-01,덕인초등학교건너,2933,634
2013-05-01,덕인초등학교앞,2310,423
2013-05-01,덕화중학교건너,11257,806
2013-05-01,덕화중학교앞,4553,2353
2013-05-01,덴티스앞,282,13
2013-05-01,도남동,312,0
2013-05-01,도남동(종점),476,15
2013-05-01,도남지,142,0
2013-05-01,도동,1,9
2013-05-01,도동교1,1020,4
2013-05-01,도동교2,24,26
2013-05-01,도동서원,152,5
2013-05-01,도동청구타운건너,100,47
2013-05-01,도동청구타운앞,1474,13
2013-05-01,도시철도건설본부건너,1719,2752
2013-05-01,도시철도건설본부앞,26009,9461
2013-05-01,도시철도담티역(1번출구),34386,9203
2013-05-01,도시철도담티역(3번출구),22914,16546
2013-05-01,도시철도대구역,953,823
2013-05-01,도시철도수성구청역북편1,366,6530
2013-05-01,도시철도수성구청역북편2,3459,95
2013-05-01,도의리,127,0
2013-05-01,도평동입구1,898,196
2013-05-01,도평동입구2,336,362
2013-05-01,도평동행정복지센터1,6,17
2013-05-01,도평동행정복지센터2,130,0
2013-05-01,도학동,1613,9
2013-05-01,도학동1,36,105
2013-05-01,동곡1리1,10,0
2013-05-01,동곡1리2,181,0
2013-05-01,동곡1리3,107,0
2013-05-01,동곡리,154,1
2013-05-01,동곡초등학교건너,472,2
2013-05-01,동곡초등학교앞,95,60
2013-05-01,동구시장건너,9820,2163
2013-05-01,동구시장앞,8574,2329
2013-05-01,동구청건너,61030,35507
2013-05-01,동구청앞,65523,31225
2013-05-01,동구청역(3번출구),8281,946
2013-05-01,동구청역(4번출구),2935,1616
2013-05-01,동대구LPG충전소건너,1009,184
2013-05-01,동대구LPG충전소앞,726,221
2013-05-01,동대구맨션,13157,3521
2013-05-01,동대구시장건너,14148,4847
2013-05-01,동대구시장앞,24310,3582
2013-05-01,동대구역,60135,31409
2013-05-01,동대구역건너,63368,26519
2013-05-01,동대구역복합환승센터건너,59856,20062
2013-05-01,동대구역복합환승센터앞,50860,32550
2013-05-01,동대구역수화물취급소건너,375,124
2013-05-01,동대구역수화물취급소앞,355,84
2013-05-01,동대구역지하도1,4707,4690
2013-05-01,동대구역지하도2,14606,1539
2013-05-01,동대구초등학교건너,2395,55
2013-05-01,동대구초등학교앞,638,223
2013-05-01,동도중학교건너,11731,2142
2013-05-01,동도중학교앞,19971,1519
2013-05-01,동문고등학교앞,1241,290
2013-05-01,동변주공그린빌건너,2856,595
2013-05-01,동변주공그린빌앞,10952,290
2013-05-01,동부경찰서건너,2339,807
2013-05-01,동부경찰서앞,12951,525
2013-05-01,동부고교건너,1393,492
2013-05-01,동부고교앞,7865,568
2013-05-01,동부소방서건너,692,4038
2013-05-01,동부소방서앞,6364,447
2013-05-01,동부시외버스터미널(순환2번),2323,226
2013-05-01,동부중학교건너,5313,359
2013-05-01,동부중학교앞,3030,1319
2013-05-01,동북주유소건너,244,27
2013-05-01,동북주유소앞,39,41
2013-05-01,동산의료원앞1,35269,11887
2013-05-01,동산의료원앞2,16393,9875
2013-05-01,동서교회건너,3541,538
2013-05-01,동서교회앞,1778,674
2013-05-01,동서변리벤빌,11125,1833
2013-05-01,동서변월드메르디앙아파트,3658,293
2013-05-01,동서아파트건너,233,11
2013-05-01,동서아파트앞,44,4
2013-05-01,동서화성타운건너,34567,2197
2013-05-01,동서화성타운앞,16401,3099
2013-05-01,동성에스티에스앞,6,0
2013-05-01,동성초등학교건너,3198,2506
2013-05-01,동성초등학교앞,7058,1797
2013-05-01,동신초등학교건너,3447,691
2013-05-01,동신초등학교앞,2701,1504
2013-05-01,동아백화점수성점건너,11022,15440
2013-05-01,동아백화점수성점앞,70670,2370
2013-05-01,동아수산냉동건너,709,485
2013-05-01,동아수산냉동앞,492,87
2013-05-01,동아스포츠센터(지산중학교앞),1500,868
2013-05-01,동아스포츠센터(지산초교앞),10966,287
2013-05-01,동아제약,485,124
2013-05-01,동아제약건너,3065,56
2013-05-01,동양맨션앞,3788,404
2013-05-01,동원약품,8432,506
2013-05-01,동원초등학교건너,1367,298
2013-05-01,동원초등학교앞1,1764,195
2013-05-01,동원초등학교앞2,2239,257
2013-05-01,동인네거리1,1989,340
2013-05-01,동인네거리2,2137,392
2013-05-01,동인초등학교건너,15074,3385
2013-05-01,동인초등학교앞,13919,2741
2013-05-01,동인치안센터건너,20859,4247
2013-05-01,동인치안센터앞,11658,4393
2013-05-01,동일초등학교건너,2799,1325
2013-05-01,동일초등학교앞,3628,945
2013-05-01,동천역1,430,136
2013-05-01,동천역2,1277,130
2013-05-01,동촌강나루아파트건너,4395,632
2013-05-01,동촌강나루아파트앞,3797,4549
2013-05-01,동촌역,554,229
2013-05-01,동촌역(구길),2302,200
2013-05-01,동촌역(신길)1,7399,1034
2013-05-01,동촌역(신길)2,4620,2017
2013-05-01,동촌유원지,896,80
2013-05-01,동촌유원지놀이동산앞,297,73
2013-05-01,동촌해성아파트건너,151,119
2013-05-01,동촌해성아파트앞,1053,303
2013-05-01,동촌화성타운건너,12197,1279
2013-05-01,동촌화성타운앞,8614,1891
2013-05-01,동침산네거리,2167,426
2013-05-01,동침산네거리2,26,103
2013-05-01,동호동건너(북구),1261,15
2013-05-01,동호동앞(북구),87,70
2013-05-01,동호육교1,72,598
2013-05-01,동호육교2,8351,348
2013-05-01,동호초등학교건너,819,82
2013-05-01,동화골든빌(남편),5457,100
2013-05-01,동화골든빌(동편),5204,1397
2013-05-01,동화골든빌(북편),103,143
2013-05-01,동화골든빌건너(남편),27,261
2013-05-01,동화교1,74,161
2013-05-01,동화교2,3101,7
2013-05-01,동화사입구건너,6762,18
2013-05-01,동화사입구앞,89,442
2013-05-01,동화시설집단지구(종점)1,11270,36
2013-05-01,동화시설집단지구(종점)2(대구시민안전테마파크),138,334
2013-05-01,두류3동파출소건너,1043,108
2013-05-01,두류3동파출소앞,623,234
2013-05-01,두류공원(야외음악당건너),1046,55
2013-05-01,두류공원(야외음악당앞),922,138
2013-05-01,두류공원네거리1,14534,3175
2013-05-01,두류공원네거리2,4750,5079
2013-05-01,두류도서관앞,12528,2232
2013-05-01,두류보성맨션건너,7377,764
2013-05-01,두류보성맨션앞,3619,2833
2013-05-01,두류수영장건너,19835,5137
2013-05-01,두류수영장앞,21139,4799
2013-05-01,두류역(달성고등학교건너),38132,11918
2013-05-01,두류역(달성고등학교앞),59188,42463
2013-05-01,두류정수사업소건너,21532,4376
2013-05-01,두류정수사업소앞,7612,3936
2013-05-01,두류파출소건너,928,36
2013-05-01,두류파출소앞,234,142
2013-05-01,두리봉네거리1,4637,8826
2013-05-01,두리봉네거리2,17337,4139
2013-05-01,두리봉터널입구,1793,331
2013-05-01,두리봉터널입구건너,4362,140
2013-05-01,두산동주민센터건너,17492,4682
2013-05-01,두산동주민센터앞,10209,6862
2013-05-01,두산스포츠건너,2021,157
2013-05-01,두성파크아파트건너,26421,10684
2013-05-01,두성파크아파트앞,12074,7927
2013-05-01,둔산동,2445,6
2013-05-01,들안길1,1237,536
2013-05-01,들안길2,4898,188
2013-05-01,들안길네거리1,6378,207
2013-05-01,들안길네거리2,1189,1675
2013-05-01,들안길초등학교건너,6753,2725
2013-05-01,들안길초등학교앞,5962,1325
2013-05-01,들연경,420,0
2013-05-01,럭키아파트건너,299,294
2013-05-01,럭키아파트앞,2709,55
2013-05-01,롯데백화점상인점건너,13684,5106
2013-05-01,롯데캐슬그랜드,767,552
2013-05-01,룸비니유치원건너,2822,217
2013-05-01,룸비니유치원앞,2392,325
2013-05-01,마비정벽화마을(종점),540,15
2013-05-01,만경관건너,7744,3458
2013-05-01,만경관앞,14197,3234
2013-05-01,만촌1동주민센터,3610,648
2013-05-01,만촌2동주민센터,17673,5525
2013-05-01,만촌3차화성파크드림건너,4257,775
2013-05-01,만촌그린빌라건너,726,65
2013-05-01,만촌역(1번출구),554,6539
2013-05-01,만촌우방1차건너,7502,101
2013-05-01,만촌우방1차앞,332,610
2013-05-01,만촌육교1,63561,16355
2013-05-01,만촌육교2,9750,24177
2013-05-01,만촌자전거경기장,1,54
2013-05-01,만촌천주교회앞,284,114
2013-05-01,만촌초등학교건너1,2744,294
2013-05-01,만촌초등학교건너2,4241,278
2013-05-01,만촌초등학교앞,3332,324
2013-05-01,만촌태왕리더스건너,6360,333
2013-05-01,만촌태왕리더스건너(남편),359,855
2013-05-01,만촌태왕리더스북편,711,138
2013-05-01,만촌태왕리더스앞1,5752,3869
2013-05-01,만촌태왕리더스앞2,2215,331
2013-05-01,만촌화성파크스위트,44,129
2013-05-01,만평네거리,7339,2039
2013-05-01,만평역(서대구고속버스터미널)1,9218,4628
2013-05-01,만평역(서대구고속버스터미널)2,8852,5208
2013-05-01,망우당공원(종점),524,238
2013-05-01,망우당공원건너,1774,1001
2013-05-01,망우당공원앞,6116,1821
2013-05-01,매곡(종점),733,354
2013-05-01,매곡사거리1,971,1526
2013-05-01,매곡사거리2,11340,375
2013-05-01,매곡정수사업소건너,2465,333
2013-05-01,매곡정수사업소앞,16,30
2013-05-01,매곡초등학교건너,24,59
2013-05-01,매골1,8,37
2013-05-01,매골2,413,6
2013-05-01,매여동(동구)저탄장,602,43
2013-05-01,매일신문사건너,137,216
2013-05-01,매일신문사앞,1401,84
2013-05-01,매천고교,1886,127
2013-05-01,매천대교1,1040,64
2013-05-01,매천성당건너1,3148,235
2013-05-01,매천성당건너2,911,264
2013-05-01,매천성당앞,5869,306
2013-05-01,매천수산시장건너,2067,129
2013-05-01,매천수산시장앞,1759,213
2013-05-01,매천시장지하차도,1849,184
2013-05-01,매천중고등학교건너,4109,2108
2013-05-01,매천중고등학교앞,20338,1242
2013-05-01,매천초교(매천역)2,1005,62
2013-05-01,매천화성파크드림,1564,73
2013-05-01,매천휴먼시아앞,1292,86
2013-05-01,매호동서아파트앞,1008,3
2013-05-01,매호성당건너,509,0
2013-05-01,메트로시티건너,6124,640
2013-05-01,메트로시티앞,2507,448
2013-05-01,메트로팔레스1,15850,2197
2013-05-01,메트로팔레스2,20740,1895
2013-05-01,명곡1리입구1,1,13
2013-05-01,명곡1리입구2,17,1
2013-05-01,명곡리1,2470,464
2013-05-01,명곡리2,4680,689
2013-05-01,명곡미래빌1단지,2233,371
2013-05-01,명곡미래빌2단지건너,24,343
2013-05-01,명곡미래빌2단지앞,11378,1614
2013-05-01,명곡미래빌3단지건너,2759,503
2013-05-01,명곡미래빌3단지앞,4559,304
2013-05-01,명곡미래빌4단지,4024,304
2013-05-01,명곡미래빌5단지건너,9,133
2013-05-01,명곡미래빌5단지앞,5293,630
2013-05-01,명곡지구앞,2176,386
2013-05-01,명덕네거리1,39083,5734
2013-05-01,명덕네거리2,13502,22681
2013-05-01,명덕역(6번출구),29150,30230
2013-05-01,명덕역(7번출구),38466,10218
2013-05-01,명덕초등학교건너,24858,10158
2013-05-01,명덕초등학교앞,30918,11061
2013-05-01,명문세가APT건너,9198,1500
2013-05-01,명문세가APT앞,14327,4729
2013-05-01,명문오하임아파트건너,404,105
2013-05-01,명문오하임아파트앞,301,77
2013-05-01,명보약국건너,2237,507
2013-05-01,명보약국앞,2738,742
2013-05-01,명성푸르지오건너,6962,1602
2013-05-01,명성푸르지오앞,19645,1329
2013-05-01,모개월앞,5,1
2013-05-01,모개월입구,141,0
2013-05-01,모다아울렛,77,7
2013-05-01,모다아울렛건너,18037,500
2013-05-01,모다아울렛앞,111,2797
2013-05-01,모래정마을건너,523,4
2013-05-01,모래정마을앞,39,5
2013-05-01,목단1리,196,0
2013-05-01,목단2리,39,0
2013-05-01,목단리,16,0
2013-05-01,묘1리,184,0
2013-05-01,묘2리(고려정밀),140,0
2013-05-01,묘2리(전마),61,0
2013-05-01,무궁화LPG충전소,10192,1745
2013-05-01,무궁화LPG충전소건너,4048,858
2013-05-01,무궁화어린이공원입구,2225,372
2013-05-01,무궁화어린이공원입구건너,4650,690
2013-05-01,무등1리1,3,2
2013-05-01,무등1리2,246,0
2013-05-01,무등1리3,86,0
2013-05-01,무등2리,5,0
2013-05-01,무등2리입구건너,117,0
2013-05-01,무림제지건너,744,339
2013-05-01,무림제지앞1,1132,267
2013-05-01,무림제지앞2,243,54
2013-05-01,무열대건너,4922,1589
2013-05-01,무열대앞,1718,425
2013-05-01,무태교,79,449
2013-05-01,무태네거리(시내방향),18753,6397
2013-05-01,무태네거리(시외방향),4336,4958
2013-05-01,무태새마을금고건너,1845,466
2013-05-01,무태새마을금고앞,5616,293
2013-05-01,무태조야동주민센터건너1,7897,381
2013-05-01,무태조야동주민센터건너2,5843,1926
2013-05-01,무태조야동주민센터앞1,1464,775
2013-05-01,무태조야동주민센터앞2,17700,1393
2013-05-01,문성병원건너,13452,3615
2013-05-01,문성병원앞,18699,5303
2013-05-01,문양기지창건너,44,114
2013-05-01,문양기지창앞,574,77
2013-05-01,문양리1,215,10
2013-05-01,문양리2,1,8
2013-05-01,문양리입구1,839,8
2013-05-01,문양리입구2,8,8
2013-05-01,문양역건너,32,486
2013-05-01,문양역앞,2577,1777
2013-05-01,문주마을건너,216,0
2013-05-01,문주마을앞,6,5
2013-05-01,문화예술회관건너,14337,3897
2013-05-01,문화예술회관앞,12745,3605
2013-05-01,미8군후문건너,586,204
2013-05-01,미8군후문앞,1374,33
2013-05-01,미곡동1,365,337
2013-05-01,미곡동2,4656,254
2013-05-01,미대동1,2620,70
2013-05-01,미대동2,371,358
2013-05-01,미래아트빌앞,1144,359
2013-05-01,미리내맨션건너,15688,646
2013-05-01,미리내맨션앞,5391,1385
2013-05-01,민들레아파트(종점),134,103
2013-05-01,민들레아파트후문건너,8226,23
2013-05-01,민들레아파트후문앞,23,219
2013-05-01,바른병원건너,280,168
2013-05-01,박곡리(시내방향),221,4
2013-05-01,박곡리(시외방향),67,4
2013-05-01,박석진교,28,29
2013-05-01,반고개(내당역4번출구),4177,3365
2013-05-01,반고개1,8302,2707
2013-05-01,반고개2,18898,6640
2013-05-01,반송4교건너,211,15
2013-05-01,반송4교앞,294,4
2013-05-01,반송리,437,5
2013-05-01,반야월모란1차아파트,4791,961
2013-05-01,반야월시장1,7327,3817
2013-05-01,반야월시장2,10402,2296
2013-05-01,반야월역(국철)건너,5425,2254
2013-05-01,반야월역(국철)앞,9701,1429
2013-05-01,반야월역(도시철도1번출구),6566,1527
2013-05-01,반야월역(도시철도2번출구),7591,618
2013-05-01,반야월역(도시철도3번출구),3025,4126
2013-05-01,반야월역(도시철도4번출구)1,12027,5579
2013-05-01,반야월역(도시철도4번출구)2,2166,1803
2013-05-01,반야월저탄장건너,7027,2729
2013-05-01,반야월저탄장앞,11232,1515
2013-05-01,반월당역(1번출구)1,44676,24754
2013-05-01,반월당역(1번출구)2,6140,8729
2013-05-01,반월당역(2번출구),49904,34830
2013-05-01,방공포병학교건너,2065,329
2013-05-01,방공포병학교앞,839,980
2013-05-01,방짜유기박물관건너,1055,11
2013-05-01,방짜유기박물관앞,43,69
2013-05-01,방천리1,18,28
2013-05-01,방천리2,5,7
2013-05-01,방천리환경자원사업소,2302,222
2013-05-01,방천시장(김광석길)건너,15559,4207
2013-05-01,방천시장(김광석길)앞,13915,4411
2013-05-01,방촌1동,948,0
2013-05-01,방촌건널목,89,2000
2013-05-01,방촌맨션앞,5219,616
2013-05-01,방촌빌라,189,246
2013-05-01,방촌시장건너,31066,7601
2013-05-01,방촌시장앞,19354,8807
2013-05-01,방촌역(1번출구),15632,2664
2013-05-01,방촌역(2번출구),12381,4157
2013-05-01,방촌치안센터건너,3138,1051
2013-05-01,방촌치안센터앞,4555,534
2013-05-01,백사벌네거리1,3048,126
2013-05-01,백사벌네거리2,3146,1495
2013-05-01,백안교1,111,138
2013-05-01,백안교2,1387,43
2013-05-01,백안삼거리1,318,258
2013-05-01,백안삼거리2,4111,171
2013-05-01,백자맨션건너,11507,1633
2013-05-01,백자맨션앞,5668,1777
2013-05-01,범물1동주민센터건너,46803,3014
2013-05-01,범물1동주민센터앞,11768,4080
2013-05-01,범물2동주민센터건너,3382,70
2013-05-01,범물2동주민센터앞,26,288
2013-05-01,범물두성타운건너,5778,48
2013-05-01,범물우방미진하이츠앞,83,369
2013-05-01,범물청구맨션건너,7155,3436
2013-05-01,범물청구맨션앞,36812,3381
2013-05-01,범물하이츠 건너,2807,1924
2013-05-01,범물하이츠앞,36222,593
2013-05-01,범물한라주택건너,24793,1390
2013-05-01,범물한라주택앞,4136,3706
2013-05-01,범어2동1,266,595
2013-05-01,범어2동2,1309,73
2013-05-01,범어4동주민센터건너,26719,6730
2013-05-01,범어4동주민센터앞,14763,9312
2013-05-01,범어쌍용예가건너,8152,2130
2013-05-01,범어쌍용예가앞,11081,2105
2013-05-01,범어역(1번출구),17186,4101
2013-05-01,범어역(2번출구),10104,3340
2013-05-01,법원건너,22028,9105
2013-05-01,법원앞,26928,7829
2013-05-01,법원어린이집,852,441
2013-05-01,베어산업건너,666,0
2013-05-01,베어산업앞,38,37
2013-05-01,병무청중앙신체검사소,55,12
2013-05-01,보람타운건너,9493,416
2013-05-01,보람타운앞,6374,2533
2013-05-01,보병50사단건너,4034,297
2013-05-01,보병50사단앞,2079,324
2013-05-01,보성기계건너,4105,40
2013-05-01,보성기계앞,26,88
2013-05-01,보성산호타운건너,4735,505
2013-05-01,보성산호타운앞,2837,1015
2013-05-01,보성서한타운앞,3876,338
2013-05-01,보성은하타운앞,2421,100
2013-05-01,보성화성타운건너,23742,2614
2013-05-01,보성화성타운앞,10231,2556
2013-05-01,보훈병원건너,26,240
2013-05-01,보훈병원앞,7076,13
2013-05-01,복음간호학원,1577,601
2013-05-01,복현네거리,4649,3779
2013-05-01,복현대백맨션건너,19634,1085
2013-05-01,복현대백맨션앞,4386,1872
2013-05-01,복현서한2차아파트,2160,2023
2013-05-01,복현성모약국앞,4165,1211
2013-05-01,복현오거리1,51267,18293
2013-05-01,복현오거리2,13267,7740
2013-05-01,복현오거리3,339,357
2013-05-01,복현우방아파트,10491,1206
2013-05-01,복현우체국건너,52009,7382
2013-05-01,복현우체국앞,13481,5411
2013-05-01,복현장미맨션앞,2308,280
2013-05-01,복현푸르지오아파트건너,17495,1204
2013-05-01,복현현대맨션건너,2914,68
2013-05-01,복현현대맨션앞,651,176
2013-05-01,본동시장건너,8157,889
2013-05-01,본동시장앞,2724,515
2013-05-01,본리1리,620,7
2013-05-01,본리1리동회관건너,1489,205
2013-05-01,본리1리동회관앞,47,33
2013-05-01,본리2,1398,145
2013-05-01,본리근린공원건너,47,2
2013-05-01,본리근린공원앞,4,3
2013-05-01,본리네거리,2436,697
2013-05-01,본리네거리2,9664,1310
2013-05-01,본리네거리3,2433,987
2013-05-01,본리도서관앞,1462,223
2013-05-01,본리롯데캐슬,2437,149
2013-05-01,본리아카시아맨션,5666,1888
2013-05-01,본리지구건너,1323,485
2013-05-01,본리지구앞,7105,741
2013-05-01,본리초등학교건너,8860,2526
2013-05-01,본리초등학교앞,8615,1424
2013-05-01,본리치안센터건너,3862,513
2013-05-01,본리치안센터앞,3436,809
2013-05-01,본말(종점),33,3
2013-05-01,봉덕119안전센터건너,1156,54
2013-05-01,봉덕119안전센터앞,501,187
2013-05-01,봉덕2동새마을금고건너,1339,284
2013-05-01,봉덕2동새마을금고앞,968,430
2013-05-01,봉덕교회건너,15143,2434
2013-05-01,봉덕교회앞,5264,2015
2013-05-01,봉덕변전소건너,2402,5
2013-05-01,봉덕변전소앞,4,36
2013-05-01,봉덕시장건너1,3999,2608
2013-05-01,봉덕시장건너2,701,262
2013-05-01,봉덕시장건너3,4813,1196
2013-05-01,봉덕시장앞1,10852,1496
2013-05-01,봉덕시장앞2,4308,3394
2013-05-01,봉무공원건너,34163,1044
2013-05-01,봉무청구새들마을건너,11149,4286
2013-05-01,봉무청구새들마을앞,2838,847
2013-05-01,봉산가구골목(동편),3991,2036
2013-05-01,봉산가구골목(서편),3361,329
2013-05-01,봉산문화거리건너,21618,8613
2013-05-01,봉산문화거리앞,13446,5004
2013-05-01,봉산육거리,3984,897
2013-05-01,봉촌1리1,586,0
2013-05-01,봉촌1리2,19,13
2013-05-01,봉촌1리3,145,0
2013-05-01,봉촌2리,460,1
2013-05-01,봉촌낙동길입구,352,2
2013-05-01,봉촌낙동길입구건너,5,40
2013-05-01,봉촌리,324,0
2013-05-01,부곡리,9,8
2013-05-01,부곡리건너,99,90
2013-05-01,부남교앞,14,0
2013-05-01,부동,1960,5
2013-05-01,부동(종점),71,15
2013-05-01,부동농협,1056,5
2013-05-01,부동삼거리,2,9
2013-05-01,부영3단지,3806,515
2013-05-01,부영5단지,2335,393
2013-05-01,부영7단지건너,800,4
2013-05-01,부영7단지앞,22,37
2013-05-01,부인사건너,26,1
2013-05-01,부인사앞,59,3
2013-05-01,북구구민운동장건너,8782,471
2013-05-01,북구구민운동장앞,2819,2008
2013-05-01,북구보건소건너,3705,1103
2013-05-01,북구보건소앞,6140,657
2013-05-01,북구선거관리위원회건너,7117,564
2013-05-01,북구선거관리위원회앞,7396,5415
2013-05-01,북구어울아트센터앞,117,111
2013-05-01,북구청건너,13711,4160
2013-05-01,북구청네거리1,1971,996
2013-05-01,북구청네거리2,3441,423
2013-05-01,북구청앞,13888,2785
2013-05-01,북구청역(3번출구),9774,2989
2013-05-01,북구청역(4번출구),5814,2051
2013-05-01,북대구세무서건너,8169,1197
2013-05-01,북대구세무서앞,4975,1305
2013-05-01,북대구초등학교건너,2747,40
2013-05-01,북대구초등학교앞,707,390
2013-05-01,북동초등학교건너,1203,361
2013-05-01,북동초등학교앞,5087,125
2013-05-01,북리1,2535,1519
2013-05-01,북리2,17792,379
2013-05-01,북부경찰서건너,2977,869
2013-05-01,북부상수도사업소,250,259
2013-05-01,북부정류장,95360,24339
2013-05-01,북부정류장건너,40022,28228
2013-05-01,북비산네거리1,10757,3146
2013-05-01,북비산네거리2,10109,2083
2013-05-01,북중학교앞,3235,282
2013-05-01,북침산치안센터건너,7638,1514
2013-05-01,북침산치안센터앞,7328,1800
2013-05-01,불교한방병원건너1,673,526
2013-05-01,불교한방병원건너2,1662,232
2013-05-01,불교한방병원앞1,3405,215
2013-05-01,불교한방병원앞2,3088,1050
2013-05-01,불로삼거리,2034,3519
2013-05-01,불로우방아파트건너,7287,3673
2013-05-01,불로우방아파트앞,9029,2164
2013-05-01,불로전통시장건너,45413,5209
2013-05-01,불로전통시장앞,16021,10266
2013-05-01,불로천주교회건너,7960,2132
2013-05-01,불로천주교회앞,22754,3097
2013-05-01,불로화훼단지건너,2885,545
2013-05-01,불로화훼단지앞,2858,1010
2013-05-01,비산5동주민센터,18,3
2013-05-01,비산6동주민센터건너,1053,330
2013-05-01,비산6동주민센터앞,967,42
2013-05-01,비산7동우체국건너,3194,2243
2013-05-01,비산7동우체국앞1,16698,6962
2013-05-01,비산7동우체국앞2,16790,1718
2013-05-01,비산지하도1,11183,2623
2013-05-01,비산지하도2,19080,3519
2013-05-01,비산초등학교건너,11048,1155
2013-05-01,비산초등학교앞,13558,1014
2013-05-01,비슬산휴양림주차장,692,43
2013-05-01,비원지구대건너,6038,305
2013-05-01,비원지구대앞,496,518
2013-05-01,비철금속협업단지앞,10832,567
2013-05-01,사복동입구교차로,201,911
2013-05-01,사복동입구교차로건너,37,98
2013-05-01,사월동(종점),789,112
2013-05-01,사월보성2차건너,4,376
2013-05-01,사월보성2차앞,2773,20
2013-05-01,사월역(2번출구),22556,6171
2013-05-01,사월역(4번출구),17789,20002
2013-05-01,사창마을건너,32,1
2013-05-01,사창마을앞,99,0
2013-05-01,산격4동주민센터건너,760,185
2013-05-01,산격4동주민센터앞,8636,581
2013-05-01,산격거평타운건너,923,1307
2013-05-01,산격거평타운앞,2492,920
2013-05-01,산격대우아파트앞,60075,17192
2013-05-01,산격문화회관건너,10132,859
2013-05-01,산격문화회관앞,3690,1004
2013-05-01,산격종합시장앞,53508,30554
2013-05-01,산격주공아파트건너,4140,3239
2013-05-01,산격주공아파트앞,24620,3919
2013-05-01,산격중학교건너,5562,4467
2013-05-01,산격중학교앞,15247,1169
2013-05-01,산격청구맨션앞,7400,2670
2013-05-01,산격초등학교건너,10784,662
2013-05-01,산격초등학교앞,10333,941
2013-05-01,산림조합중앙회건너,1878,496
2013-05-01,산림조합중앙회앞,3611,373
2013-05-01,산업용재관,4274,4584
2013-05-01,삼덕교회,6794,2465
2013-05-01,삼덕동1,274,128
2013-05-01,삼덕동2,375,22
2013-05-01,삼덕성당앞,8709,1186
2013-05-01,삼리1리1,153,74
2013-05-01,삼리1리2,868,223
2013-05-01,삼리리1(논공),645,44
2013-05-01,삼리리2(논공),84,45
2013-05-01,삼보,909,65
2013-05-01,삼산리(범동교),45,1
2013-05-01,삼산리(삼산교회건너),4644,120
2013-05-01,삼산리(삼산교회앞),121,355
2013-05-01,삼산리(은지가든),6,6
2013-05-01,삼산리입구건너,646,14
2013-05-01,삼산리입구앞,5,57
2013-05-01,삼산지,491,6
2013-05-01,삼성공원아파트건너,774,126
2013-05-01,삼성래미안1차건너,5804,1030
2013-05-01,삼성래미안1차앞,5302,1104
2013-05-01,삼성래미안2차건너,4778,1434
2013-05-01,삼성래미안2차앞,3829,659
2013-05-01,삼성명가타운,3377,477
2013-05-01,삼성명가타운건너,2615,398
2013-05-01,삼성물류센터앞,220,675
2013-05-01,삼성한국형아파트건너,1186,91
2013-05-01,삼성한국형아파트앞,1200,767
2013-05-01,삼우섬유앞,508,16
2013-05-01,삼육구가든건너,3,21
2013-05-01,삼육구가든앞,248,0
2013-05-01,삼익THK건너,350,73
2013-05-01,삼익THK앞,164,13
2013-05-01,삼익뉴타운건너,7339,1424
2013-05-01,삼익뉴타운앞,12224,1039
2013-05-01,삼정빌딩앞,914,451
2013-05-01,삼호아파트건너,915,181
2013-05-01,삼호아파트앞,1278,474
2013-05-01,삼환맨션,572,47
2013-05-01,상공회의소건너,4383,747
2013-05-01,상공회의소앞,5611,641
2013-05-01,상당마을,3,0
2013-05-01,상동가압장건너,1118,325
2013-05-01,상동교1,347,145
2013-05-01,상동교2,2425,351
2013-05-01,상동네거리,5257,801
2013-05-01,상동마을(둔산길),812,0
2013-05-01,상동시장앞,2325,362
2013-05-01,상동우체국건너,4502,1130
2013-05-01,상동우체국앞,19742,2367
2013-05-01,상동천주교회건너,345,117
2013-05-01,상동천주교회앞,2610,1004
2013-05-01,상록아파트,61,54
2013-05-01,상리공단,2338,95
2013-05-01,상리공단건너,879,247
2013-05-01,상리동입구,1860,68
2013-05-01,상리동입구1,6,233
2013-05-01,상리동입구2,3741,4
2013-05-01,상리동종점,0,84
2013-05-01,상리동종점2,1112,4
2013-05-01,상리동종점3,3552,391
2013-05-01,상리마을건너,15,20
2013-05-01,상리마을앞,48,1
2013-05-01,상리지하도1,2448,43
2013-05-01,상리지하도2,1686,70
2013-05-01,상매동(저탄장),51,0
2013-05-01,상서고등학교건너,2915,64
2013-05-01,상서고등학교앞,1351,101
2013-05-01,상수도사업본부,9655,2228
2013-05-01,상수도사업본부건너,7386,4005
2013-05-01,상수도사업본부시설관리소건너,9964,4712
2013-05-01,상수도사업본부시설관리소앞,1831,428
2013-05-01,상수도중남부사업소건너,1725,190
2013-05-01,상수도중남부사업소앞,563,146
2013-05-01,상원리(마을회관),552,0
2013-05-01,상원리(전평못식당),110,0
2013-05-01,상인2동주민센터건너,6125,293
2013-05-01,상인동서타운앞,17785,2260
2013-05-01,상인동화아이위시아파트건너,21820,2183
2013-05-01,상인동화아이위시아파트앞,2767,2028
2013-05-01,상인비둘기1단지아파트건너,4965,1349
2013-05-01,상인비둘기1단지아파트앞,19142,735
2013-05-01,상인비둘기2단지아파트앞,12837,1024
2013-05-01,상인삼미타운건너,2572,3891
2013-05-01,상인삼미타운앞,5381,627
2013-05-01,상인역e-편한세상앞,7116,7944
2013-05-01,상인우방아파트,14310,9547
2013-05-01,상인은행아파트건너,8265,778
2013-05-01,상인은행아파트앞,5962,1331
2013-05-01,상인자이앞,6955,633
2013-05-01,상인장미아파트앞,11000,838
2013-05-01,상인제림아파트건너,5230,695
2013-05-01,상인제림아파트앞,1794,422
2013-05-01,상인청구타운건너,3225,167
2013-05-01,상인청구타운앞,1954,248
2013-05-01,상인초등학교앞,16738,2417
2013-05-01,상인한서타운앞,4226,715
2013-05-01,상인현대맨션건너,78788,9833
2013-05-01,상인현대맨션앞,27119,56324
2013-05-01,상인화성파크드림건너,1121,687
2013-05-01,상인화성파크드림앞,1329,242
2013-05-01,상화네거리,233,323
2013-05-01,새길시장건너,13098,13595
2013-05-01,새길시장앞,35380,6777
2013-05-01,새동네아파트건너,66,12
2013-05-01,새동네아파트앞,624,476
2013-05-01,새마을건너,6,27
2013-05-01,새마을입구,154,0
2013-05-01,새범어아파트건너,1509,133
2013-05-01,새범어아파트앞,998,163
2013-05-01,새본리중학교앞,1356,160
2013-05-01,샤니삼거리1,212,0
2013-05-01,서구문화회관건너,2765,709
2013-05-01,서구문화회관앞,8746,1683
2013-05-01,서구시장건너,20668,5322
2013-05-01,서구시장앞,18897,3779
2013-05-01,서구제일사회복지관건너,1568,857
2013-05-01,서구제일사회복지관앞,4452,449
2013-05-01,서구청건너,49694,13210
2013-05-01,서구청앞,50543,10263
2013-05-01,서남시장건너,31357,11317
2013-05-01,서남시장앞1,22893,6766
2013-05-01,서남시장앞2,8628,3338
2013-05-01,서당마을건너,1269,8
2013-05-01,서당마을앞,36,46
2013-05-01,서대구고속버스터미널,1143,370
2013-05-01,서대구공단네거리1,833,111
2013-05-01,서대구공단네거리2,506,97
2013-05-01,서대구공단네거리3,2838,388
2013-05-01,서대구공단네거리4,4888,639
2013-05-01,서대구세무서,10856,21272
2013-05-01,서대구시장건너,13695,8712
2013-05-01,서대구시장앞,14365,4554
2013-05-01,서대구초등학교입구,23673,10031
2013-05-01,서대명지구대건너,7080,1161
2013-05-01,서대명지구대앞,2783,1798
2013-05-01,서도초등학교건너,2652,527
2013-05-01,서도초등학교서편1,2,0
2013-05-01,서도초등학교서편2,974,57
2013-05-01,서도초등학교앞,5464,588
2013-05-01,서문시장,92075,25423
2013-05-01,서문시장5지구앞,1312,634
2013-05-01,서변동영남네오빌건너,6880,1163
2013-05-01,서변동영남네오빌앞,2339,448
2013-05-01,서부고등학교건너,1932,409
2013-05-01,서부고등학교앞,3712,143
2013-05-01,서부공업고등학교건너,11297,21387
2013-05-01,서부공업고등학교앞,28122,4323
2013-05-01,서부소방서,9,3
2013-05-01,서부시장건너,32960,7919
2013-05-01,서부시장앞,23233,8730
2013-05-01,서부정류장(관문시장건너),82602,41542
2013-05-01,서부정류장(관문시장앞),39320,24507
2013-05-01,서부정류장1,85001,24792
2013-05-01,서부정류장2,6750,2296
2013-05-01,서부정류장3(성당못역1번출구),24888,52514
2013-05-01,서부정류장4(성당못역1번출구),3093,2960
2013-05-01,서부중학교앞,9750,2435
2013-05-01,서영기공건너,214,0
2013-05-01,서영기공앞,4,16
2013-05-01,서재금봉타운,234,1066
2013-05-01,서재금봉타운건너,30557,112
2013-05-01,서재들,27,1
2013-05-01,서재들건너,63,0
2013-05-01,서재보성타운건너,15941,103
2013-05-01,서재보성타운앞,259,577
2013-05-01,서진중학교건너,1035,333
2013-05-01,서평초등학교,3171,1285
2013-05-01,서평초등학교건너,3136,1527
2013-05-01,선녀곡건너(옥포),911,37
2013-05-01,선녀곡앞(옥포),69,168
2013-05-01,설티고개(달성공단방면),9,2
2013-05-01,설티고개(옥포방면),30,0
2013-05-01,설화동(종점),363,21
2013-05-01,설화리(시내방향),6987,617
2013-05-01,설화리(시외방향),2564,634
2013-05-01,설화명곡역(4번출구),2,79
2013-05-01,섬뜸마을,598,0
2013-05-01,섬유회관건너1,60583,20361
2013-05-01,섬유회관건너2,4682,1551
2013-05-01,섬유회관앞,73563,38079
2013-05-01,성곡중학교건너,1583,325
2013-05-01,성곡중학교앞,1541,140
2013-05-01,성광고등학교건너,11032,397
2013-05-01,성광고등학교앞,956,466
2013-05-01,성남초등학교건너,1277,616
2013-05-01,성남초등학교앞,4935,271
2013-05-01,성내3동주민센터입구,1355,375
2013-05-01,성당두산위브앞,28600,3250
2013-05-01,성당래미안·e-편한세상앞,12066,2368
2013-05-01,성당못역북편1,711,1768
2013-05-01,성당못역북편2,2099,418
2013-05-01,성당보성아파트건너,21242,7471
2013-05-01,성당보성아파트앞,14960,4970
2013-05-01,성당시장건너,28718,8361
2013-05-01,성당시장앞1,5909,1108
2013-05-01,성당시장앞2,33789,4749
2013-05-01,성당초교앞,1106,191
2013-05-01,성당코오롱하늘채,9342,1353
2013-05-01,성당코오롱하늘채2,12820,5832
2013-05-01,성당포스코더샵건너,7518,1161
2013-05-01,성당포스코더샵앞,15590,1400
2013-05-01,성동건너,294,141
2013-05-01,성동마을건너,117,48
2013-05-01,성동마을앞,440,12
2013-05-01,성동앞,121,79
2013-05-01,성동초등학교건너,11910,2153
2013-05-01,성동초등학교앞,14766,2048
2013-05-01,성동탱자나무마을건너,74,12
2013-05-01,성동탱자나무마을앞,98,17
2013-05-01,성림첨단산업건너,48,15
2013-05-01,성림첨단산업앞,372,3
2013-05-01,성명119안전센터건너1,4356,1361
2013-05-01,성명119안전센터앞,2079,680
2013-05-01,성명여자중학교,479,26
2013-05-01,성모여성병원건너,35443,12284
2013-05-01,성모여성병원앞,34714,29101
2013-05-01,성보교통,1913,164
2013-05-01,성북교1,11836,4065
2013-05-01,성북교2,7820,3766
2013-05-01,성북시장건너,2889,792
2013-05-01,성북시장앞,12255,967
2013-05-01,성산3동,0,16
2013-05-01,성산리1,37,84
2013-05-01,성산리2,892,31
2013-05-01,성산중학교앞,2325,79
2013-05-01,성산초등학교앞,637,171
2013-05-01,성서119안전센터건너,489,8321
2013-05-01,성서119안전센터앞,15043,315
2013-05-01,성서4차산업단지앞1,582,145
2013-05-01,성서공단물류센터,456,2
2013-05-01,성서농협남부지소,14713,2713
2013-05-01,성서동서서한타운건너,4645,514
2013-05-01,성서동서서한타운앞,6153,369
2013-05-01,성서보성타운2차건너1,6296,418
2013-05-01,성서보성타운2차건너2,1216,145
2013-05-01,성서보성타운2차앞,9024,1463
2013-05-01,성서산업단지역(1번출구),7101,5885
2013-05-01,성서산업단지역(2번출구),12986,2709
2013-05-01,성서서한2차타운1,8970,287
2013-05-01,성서서한2차타운2,304,281
2013-05-01,성서우방2차아파트,1906,509
2013-05-01,성서우방타운건너,25223,2409
2013-05-01,성서우방타운앞,11827,5455
2013-05-01,성서우체국건너,2423,958
2013-05-01,성서우체국앞,598,678
2013-05-01,성서종합시장건너,20765,7697
2013-05-01,성서종합시장앞,58320,14459
2013-05-01,성서주공1단지건너,10402,1831
2013-05-01,성서주공1단지앞,3178,1074
2013-05-01,성서주공2단지건너,15943,7941
2013-05-01,성서주공2단지앞,39181,2734
2013-05-01,성서주공5단지앞,321,281
2013-05-01,성서청구타운건너,10414,572
2013-05-01,성서청구타운앞,7175,599
2013-05-01,성서초등학교건너,5435,1120
2013-05-01,성서초등학교앞,3097,969
2013-05-01,성서푸른마을아파트건너,9308,466
2013-05-01,성서푸른마을아파트앞,3413,668
2013-05-01,성서한샘타운앞,1874,151
2013-05-01,성서협업단지건너,127,8
2013-05-01,성서협업단지앞,10,3
2013-05-01,성요셉요양병원건너,153,137
2013-05-01,성요셉요양병원앞,2159,17
2013-05-01,성원아파트건너,1418,447
2013-05-01,성원아파트앞,8446,270
2013-05-01,성주사건너,242,9
2013-05-01,성주사앞,17,88
2013-05-01,성지중학교건너,5839,1317
2013-05-01,성지중학교앞,7414,2195
2013-05-01,성하리,13,71
2013-05-01,성화여고건너,11293,1731
2013-05-01,성화여고앞,7913,1849
2013-05-01,세강병원앞,10306,9016
2013-05-01,세원정공건너,11266,636
2013-05-01,세원정공앞,1654,5808
2013-05-01,세천리2,323,26
2013-05-01,세천리3,1032,29
2013-05-01,세흥인쇄,968,66
2013-05-01,소선여중건너,7910,1726
2013-05-01,솔렌스힐건너,5930,454
2013-05-01,솔렌스힐앞,4326,377
2013-05-01,솔밭기세길건너,6,5
2013-05-01,솔밭기세길입구,170,0
2013-05-01,솔비식당입구,6,16
2013-05-01,솔비식당입구맞은편,366,7
2013-05-01,송원맨션건너,10690,531
2013-05-01,송원맨션앞,2492,1467
2013-05-01,송정1동,1,11
2013-05-01,송정동1,67,11
2013-05-01,송정동2,26,1
2013-05-01,송정동3,160,50
2013-05-01,송정동4,13,4
2013-05-01,송정마을1,18,24
2013-05-01,송정마을2,184,4
2013-05-01,송정삼거리1,666,1527
2013-05-01,송정삼거리2,385,315
2013-05-01,송정삼거리3,4850,15671
2013-05-01,송정삼거리4,6298,1509
2013-05-01,송해공원,6,1
2013-05-01,송현1동치안센터건너,7279,1247
2013-05-01,송현2동주민센터건너,720,135
2013-05-01,송현공원건너,803,128
2013-05-01,송현공원앞,842,180
2013-05-01,송현교,1297,75
2013-05-01,송현교2,116,37
2013-05-01,송현여중고교건너,3216,337
2013-05-01,송현여중고교앞,4419,995
2013-05-01,송현역(1번출구),11797,4268
2013-05-01,송현역(2번출구),18386,2684
2013-05-01,송현역(3번출구),20036,5373
2013-05-01,송현역(4번출구),8119,3945
2013-05-01,송현제림타운건너,5552,2482
2013-05-01,송현제림타운앞,3560,877
2013-05-01,송현초등학교건너,3735,649
2013-05-01,송현초등학교앞,8645,505
2013-05-01,수리리,72,0
2013-05-01,수성4가동주민센터앞,821,91
2013-05-01,수성경찰서건너,23981,7554
2013-05-01,수성경찰서앞,18157,7739
2013-05-01,수성고등학교건너,6090,339
2013-05-01,수성고등학교앞,3321,385
2013-05-01,수성관광호텔건너,2824,477
2013-05-01,수성관광호텔앞,2174,411
2013-05-01,수성교1,6808,2547
2013-05-01,수성교2,13108,1790
2013-05-01,수성구민운동장건너,10562,2550
2013-05-01,수성구민운동장앞,6599,3591
2013-05-01,수성구보건소건너,27118,3638
2013-05-01,수성구보건소앞,9445,4051
2013-05-01,수성구청건너,31442,7060
2013-05-01,수성구청앞,27908,12953
2013-05-01,수성네거리1,14578,3496
2013-05-01,수성네거리2,13869,2436
2013-05-01,수성대학교건너,50896,11902
2013-05-01,수성대학교앞,22493,13881
2013-05-01,수성도서관건너,14504,1756
2013-05-01,수성도서관앞,7115,2657
2013-05-01,수성동삼익맨션앞,1041,53
2013-05-01,수성동일하이빌앞,193,95
2013-05-01,수성랜드1,3448,211
2013-05-01,수성랜드2,1267,1513
2013-05-01,수성랜드건너,1776,348
2013-05-01,수성랜드건너2,430,143
2013-05-01,수성랜드앞,1016,349
2013-05-01,수성롯데캐슬건너,14146,2189
2013-05-01,수성롯데캐슬앞,19769,3438
2013-05-01,수성못건너,1134,228
2013-05-01,수성못앞,1512,331
2013-05-01,수성못오거리1,14109,4206
2013-05-01,수성못오거리2,11849,7714
2013-05-01,수성못오거리5,949,492
2013-05-01,수성못코오롱하늘채,4767,1952
2013-05-01,수성소방서1,2127,239
2013-05-01,수성소방서2,111,620
2013-05-01,수성시니어클럽건너,2712,860
2013-05-01,수성시니어클럽앞,8069,834
2013-05-01,수성시장건너,2793,652
2013-05-01,수성시장네거리1,12535,2977
2013-05-01,수성시장네거리2,15304,7669
2013-05-01,수성시장앞,3258,1332
2013-05-01,수성아트피아건너,8404,1312
2013-05-01,수성아트피아앞,821,2493
2013-05-01,수성요양병원,748,170
2013-05-01,수성월드메르디앙건너,569,49
2013-05-01,수성월드메르디앙앞,862,89
2013-05-01,수성초등학교,10532,3280
2013-05-01,수성태영데시앙건너,1651,554
2013-05-01,수성태영데시앙앞,3954,543
2013-05-01,수성하이츠,3028,273
2013-05-01,수정맨션앞,2300,227
2013-05-01,수창초등학교,8073,2135
2013-05-01,수태골건너,4,2
2013-05-01,스파밸리1,166,702
2013-05-01,스파밸리2,9356,250
2013-05-01,시립희망원,1921,520
2013-05-01,시민교회건너,1400,135
2013-05-01,시민교회앞,680,157
2013-05-01,시민운동장(야구장건너),3314,535
2013-05-01,시민운동장(야구장앞),2906,517
2013-05-01,시민운동장(축구장건너),4470,1989
2013-05-01,시민운동장(축구장앞),5290,1496
2013-05-01,시지(종점),429,564
2013-05-01,시지대성유니드건너,1210,152
2013-05-01,시지대성유니드앞,1680,162
2013-05-01,시지보성아파트앞,27195,8933
2013-05-01,시지중학교,27926,1193
2013-05-01,시지천마타운앞,4678,1270
2013-05-01,시청별관건너1,9828,3063
2013-05-01,시청별관건너2,6560,2198
2013-05-01,시청별관앞(구.경북도청),5452,3182
2013-05-01,신기리1,20,37
2013-05-01,신기리2,454,12
2013-05-01,신기역(화성타운건너),11368,2951
2013-05-01,신기역(화성타운앞),14348,3158
2013-05-01,신남역(1번출구),4970,1529
2013-05-01,신당동주민센터건너,1942,954
2013-05-01,신당동주민센터앞,9389,629
2013-05-01,신당리,4442,14
2013-05-01,신덕마을입구,2,45
2013-05-01,신도운수건너,1164,100
2013-05-01,신도운수앞,1156,75
2013-05-01,신매광장건너,42454,17264
2013-05-01,신매광장앞,47382,13199
2013-05-01,신매시장,6966,3382
2013-05-01,신매초등학교건너,9711,3167
2013-05-01,신매초등학교앞,8809,1238
2013-05-01,신매태성아파트,91,322
2013-05-01,신매태성아파트건너,6605,362
2013-05-01,신무동1,736,7
2013-05-01,신무동2,0,2
2013-05-01,신생원앞,36,0
2013-05-01,신서성당건너,6082,166
2013-05-01,신서성당앞,7,232
2013-05-01,신성에스앤티건너,174,12
2013-05-01,신성에스앤티앞,442,13
2013-05-01,신성중공업건너,6,112
2013-05-01,신성중공업앞,344,0
2013-05-01,신성초등학교건너,5324,2792
2013-05-01,신성초등학교앞,9829,958
2013-05-01,신세계병원건너,23851,11630
2013-05-01,신세계병원앞,22328,9138
2013-05-01,신세계주유소건너,7287,274
2013-05-01,신세계주유소앞,1052,690
2013-05-01,신세월입구,9,0
2013-05-01,신신정비공장1,10952,5348
2013-05-01,신신정비공장2,31324,14421
2013-05-01,신암건영캐스빌건너,4578,338
2013-05-01,신암건영캐스빌앞,1272,130
2013-05-01,신암보성아파트건너,1666,486
2013-05-01,신암보성아파트앞,1366,330
2013-05-01,신암초등학교건너,5633,1570
2013-05-01,신천3동행정복지센터건너,3805,606
2013-05-01,신천3동행정복지센터앞,1991,795
2013-05-01,신천3치안센터건너,4751,1171
2013-05-01,신천3치안센터앞,5641,2075
2013-05-01,신천LH아파트건너,8709,1709
2013-05-01,신천LH아파트앞,12790,1544
2013-05-01,신천교1,1802,441
2013-05-01,신천교2,1461,226
2013-05-01,신천시장건너,3115,751
2013-05-01,신천시장앞,4644,869
2013-05-01,신천역(2번출구),4194,3354
2013-05-01,신천역(3번출구),2450,1494
2013-05-01,신천역(4번출구),6065,4754
2013-05-01,신천역(5번출구),10919,3490
2013-05-01,신천초등학교건너,670,56
2013-05-01,신천초등학교앞,344,90
2013-05-01,신평동1,430,1571
2013-05-01,신평동2,2089,250
2013-05-01,신평리네거리1,25025,8878
2013-05-01,신평리네거리2,30058,10391
2013-05-01,신평리주유소건너,1625,203
2013-05-01,신평리주유소앞,619,221
2013-05-01,신흥버스,13911,4152
2013-05-01,실내체육관건너,4209,647
2013-05-01,실내체육관앞,5010,702
2013-05-01,심신수련장입구건너,1465,209
2013-05-01,심신수련장입구앞,770,112
2013-05-01,심인고등학교건너,30297,1592
2013-05-01,심인고등학교앞,14980,1955
2013-05-01,쌍용머티리얼,1720,39
2013-05-01,아너스월성앞,2027,619
2013-05-01,아멕스,495,37
2013-05-01,아멕스건너,761,25
2013-05-01,아양교1,4416,1414
2013-05-01,아양교2,14409,6133
2013-05-01,아양교3,3320,9225
2013-05-01,아양교4,6654,601
2013-05-01,아양교역(1번출구),75699,99186
2013-05-01,아양교역(2번출구),118554,31224
2013-05-01,아양아트센터건너,4209,245
2013-05-01,아양아트센터앞,1050,682
2013-05-01,아주섬유건너,6,9
2013-05-01,아주섬유앞,86,0
2013-05-01,아주철강건너,137,1
2013-05-01,아주철강앞,125,4
2013-05-01,안심교(경산방향),613,214
2013-05-01,안심교(반야월방향),456,2197
2013-05-01,안심신우타운앞,1601,1215
2013-05-01,안심역(4번출구),56934,1192
2013-05-01,안심역(5번출구),6348,61840
2013-05-01,안심주공1단지건너,13053,750
2013-05-01,안심주공1단지앞,5445,889
2013-05-01,안심주공2단지앞,6364,970
2013-05-01,안심중학교건너,1811,989
2013-05-01,안심중학교앞,4621,2760
2013-05-01,안심효성타운건너,13201,3502
2013-05-01,안심효성타운앞,22417,5438
2013-05-01,안지랑네거리1,29715,6950
2013-05-01,안지랑네거리2,25357,19372
2013-05-01,앞산공원,16274,6461
2013-05-01,앞산공원관리사무소건너,528,19
2013-05-01,앞산공원관리사무소앞,18,369
2013-05-01,앞산궁도장건너,642,110
2013-05-01,앞산궁도장앞,317,87
2013-05-01,앞산별자리체험학습장1,3251,36
2013-05-01,앞산별자리체험학습장2,111,480
2013-05-01,앞산보성타운건너,19,62
2013-05-01,앞산보성타운앞,4299,8
2013-05-01,앞산빨래터공원,327,138
2013-05-01,앞산빨래터공원1,923,53
2013-05-01,앞산자락카페마실건너,44,67
2013-05-01,앞산자락카페마실앞,1341,696
2013-05-01,앞산청구제네스건너,7489,2014
2013-05-01,앞산청구제네스앞,17737,1562
2013-05-01,앞산힐스테이트건너,3145,196
2013-05-01,앞산힐스테이트앞,1203,280
2013-05-01,약령시건너(동성로입구),229518,42703
2013-05-01,약령시앞,173434,99623
2013-05-01,약령시입구,3415,3750
2013-05-01,약사회관건너,247,56
2013-05-01,약사회관앞,837,35
2013-05-01,약산온천입구,4197,133
2013-05-01,양지마을건너,19,439
2013-05-01,양지마을앞,6857,9
2013-05-01,어린이회관건너1,3971,2596
2013-05-01,어린이회관건너2,96,132
2013-05-01,어린이회관앞,10810,2104
2013-05-01,에이스이노텍건너,287,9
2013-05-01,에이스이노텍앞,90,6
2013-05-01,엑스코건너,3862,2138
2013-05-01,엑스코앞,15729,1309
2013-05-01,엘디스리젠트호텔건너,4610,1885
2013-05-01,엘디스리젠트호텔앞,6914,2832
2013-05-01,여성메디파크,3415,617
2013-05-01,역전시장건너,6252,974
2013-05-01,역전시장앞,5845,925
2013-05-01,연경1,131,66
2013-05-01,연경2,848,7
2013-05-01,연암네거리1,20777,10647
2013-05-01,연암네거리2,4389,577
2013-05-01,연암네거리3,642,601
2013-05-01,연젓마을건너,15,0
2013-05-01,연젓마을입구,5,6
2013-05-01,연호동,3,1
2013-05-01,연호동(종점),41,3
2013-05-01,연호동화훼단지1,3971,4985
2013-05-01,연호동화훼단지2,8662,2553
2013-05-01,연호역(3번출구),85,20
2013-05-01,연호역(3번출구)건너,5,85
2013-05-01,연호지,620,223
2013-05-01,연화리1,23,7
2013-05-01,연화리2,12,31
2013-05-01,열병합발전소건너,2,0
2013-05-01,열병합발전소앞,1,2
2013-05-01,영남고등학교건너,15650,27566
2013-05-01,영남고등학교앞,42386,7672
2013-05-01,영남네오빌건너,1075,30
2013-05-01,영남네오빌비스타,1317,246
2013-05-01,영남네오빌앞,318,115
2013-05-01,영남농업연구소콩연구,11,9
2013-05-01,영남우방타운1차건너,4709,409
2013-05-01,영남우방타운1차앞,6434,326
2013-05-01,영남이공대학건너,16686,2959
2013-05-01,영남이공대학앞,32312,1754
2013-05-01,영남일보건너,3749,523
2013-05-01,영남종합전기,342,39
2013-05-01,영대병원역,42928,3974
2013-05-01,영대병원역(3번출구),36361,32617
2013-05-01,영일무역건너,320,4
2013-05-01,영일무역앞,66,5
2013-05-01,영조아파트건너,5,111
2013-05-01,영조아파트앞,2188,0
2013-05-01,영진고등학교건너,30058,4264
2013-05-01,영진고등학교앞,39141,24532
2013-05-01,영진산업,377,1
2013-05-01,영진전문대학정문건너,11096,2308
2013-05-01,영진전문대학정문앞,23070,2347
2013-05-01,영진전문대학후문건너,39977,6404
2013-05-01,영진전문대학후문앞,56632,14589
2013-05-01,영화,749,12
2013-05-01,예현2리마을회관,220,9
2013-05-01,오2리(음지머구),296,0
2013-05-01,오뚜기물류센터,212,25
2013-05-01,오리(양지마을),352,0
2013-05-01,오설리,7,5
2013-05-01,오성아파트,271,6633
2013-05-01,오페라삼정그린코아APT,15159,3499
2013-05-01,오페라하우스건너,1645,295
2013-05-01,오페라하우스앞,1407,167
2013-05-01,옥분리(구진터),333,8
2013-05-01,옥분리1,24,41
2013-05-01,옥분리마을회관앞,553,8
2013-05-01,옥산정미소,311,14
2013-05-01,옥연지,52,4
2013-05-01,옥연지건너,165,0
2013-05-01,옥포간경리1,1393,934
2013-05-01,옥포간경리2,9802,488
2013-05-01,옥포농협,252,12
2013-05-01,옥포농협강림지소건너,1028,429
2013-05-01,옥포농협강림지소앞,4002,281
2013-05-01,옥포농협건너,3441,294
2013-05-01,옥포농협앞,616,511
2013-05-01,옥포무지개마을,3369,105
2013-05-01,옥포주유소앞,969,133
2013-05-01,옥포중앙교회앞,305,74
2013-05-01,옥포초등학교건너,862,625
2013-05-01,옥포초등학교앞,7878,482
2013-05-01,올림픽기념관건너,9269,4160
2013-05-01,올림픽기념관앞,15837,4732
2013-05-01,와룡공원건너,440,286
2013-05-01,와룡공원앞,1093,131
2013-05-01,와룡시장,3742,353
2013-05-01,와룡시장건너,2090,934
2013-05-01,용계동1,238,71
2013-05-01,용계동2,536,99
2013-05-01,용계동3,744,79
2013-05-01,용계동4,5460,374
2013-05-01,용계삼거리1,11315,8505
2013-05-01,용계삼거리2,4329,1192
2013-05-01,용계삼거리3,753,1119
2013-05-01,용계삼거리4,580,387
2013-05-01,용계역(1번출구),12684,12948
2013-05-01,용계역(2번출구),8853,2446
2013-05-01,용산1동주민센터건너,10238,1711
2013-05-01,용산1동주민센터앞,4533,858
2013-05-01,용산2동주민센터건너,2878,748
2013-05-01,용산2동주민센터건너2,2680,1418
2013-05-01,용산2동주민센터앞,37267,2518
2013-05-01,용산네거리1,23460,4246
2013-05-01,용산네거리2,12832,9324
2013-05-01,용산역,1376,273
2013-05-01,용산역(1번출구),56141,11537
2013-05-01,용산역(2번출구),42853,12127
2013-05-01,용산종합큰시장건너,13748,1524
2013-05-01,용산종합큰시장앞,7651,1750
2013-05-01,용수동1,4,5
2013-05-01,용수동2,819,0
2013-05-01,용연사,361,5
2013-05-01,용연사시설집단지구건너,172,2
2013-05-01,용연사시설집단지구앞,9,21
2013-05-01,우록리,2337,3
2013-05-01,우록리(부곡장식당),7,11
2013-05-01,우록리(선흥사입구),2,3
2013-05-01,우록리(종점),724,52
2013-05-01,우방강촌마을건너,33430,4333
2013-05-01,우방강촌마을앞,13167,6007
2013-05-01,우방금탑아파트(서편),4190,6005
2013-05-01,우방드림시티건너,3082,2518
2013-05-01,우방드림시티앞,7786,949
2013-05-01,우방만촌하이츠건너,15079,1427
2013-05-01,우방만촌하이츠앞,5211,2285
2013-05-01,우방송현하이츠,731,61
2013-05-01,우방송현하이츠건너,347,45
2013-05-01,우방신세계타운앞,849,105
2013-05-01,우방신천지타운건너,4305,1591
2013-05-01,우방신천지타운앞,11719,1942
2013-05-01,우방아파트삼거리,441,289
2013-05-01,우방죽전타운건너,11282,6001
2013-05-01,우방죽전타운앞1,8663,1440
2013-05-01,우방죽전타운앞2,2641,1057
2013-05-01,우방청솔맨션건너,16953,1983
2013-05-01,우방청솔맨션앞,17783,6891
2013-05-01,욱수초등학교건너,4416,2768
2013-05-01,욱수초등학교앞,30101,1303
2013-05-01,운암지공원1,448,10
2013-05-01,운암지공원2,20,90
2013-05-01,운암초등학교건너,12528,1352
2013-05-01,운암초등학교앞,11827,124
2013-05-01,웃갈미마을건너,414,9
2013-05-01,웃갈미마을앞,11,29
2013-05-01,웃는얼굴아트센터1,1623,227
2013-05-01,웃는얼굴아트센터2,277,284
2013-05-01,원대네거리,912,193
2013-05-01,원대시장건너,24069,3220
2013-05-01,원대시장건너2,2014,1982
2013-05-01,원대시장앞,16727,10301
2013-05-01,원대역1,12816,12556
2013-05-01,원대역2,28459,3046
2013-05-01,원대오거리북편1,2550,985
2013-05-01,원대오거리북편2,919,496
2013-05-01,원불교앞,644,773
2013-05-01,월곡네거리,273,782
2013-05-01,월광수변공원,371,224
2013-05-01,월드컵삼거리,733,323
2013-05-01,월드컵삼거리앞,1178,278
2013-05-01,월배농협대덕지점건너,3693,768
2013-05-01,월배시장건너,15678,4603
2013-05-01,월배시장앞,15341,3500
2013-05-01,월배쌍용예가건너,902,17
2013-05-01,월배쌍용예가앞,9,90
2013-05-01,월배역(3번출구),11145,5111
2013-05-01,월배역(4번출구),11808,2003
2013-05-01,월배이안아파트건너,130,3
2013-05-01,월배이안아파트앞,20,13
2013-05-01,월배중학교건너,2492,322
2013-05-01,월배중학교앞,1172,634
2013-05-01,월배차량기지건너,2,20
2013-05-01,월배차량기지앞,156,1
2013-05-01,월배초등학교건너,13429,1633
2013-05-01,월배힐스테이트건너,1911,2
2013-05-01,월배힐스테이트앞,11,164
2013-05-01,월성1동주민센터건너,2590,504
2013-05-01,월성1동주민센터앞,4456,279
2013-05-01,월성2동주민센터건너,17781,2711
2013-05-01,월성2동주민센터앞,32435,2223
2013-05-01,월성e-편한세상건너,20710,4234
2013-05-01,월성e-편한세상앞,14046,5098
2013-05-01,월성영남맨션앞,792,217
2013-05-01,월성자이앞,1970,372
2013-05-01,월성주공2단지앞,13908,1451
2013-05-01,월성주공3단지,1913,509
2013-05-01,월성주공4단지건너,45811,4216
2013-05-01,월성주공4단지앞1,3536,165
2013-05-01,월성주공4단지앞2,21863,5361
2013-05-01,월성주공5단지앞,7422,5882
2013-05-01,월성청구코아건너,21888,1627
2013-05-01,월성청구코아앞,11641,2351
2013-05-01,월성코오롱하늘채건너,859,211
2013-05-01,월성코오롱하늘채앞,2618,96
2013-05-01,월성푸르지오앞,13522,2095
2013-05-01,월암교1,1061,20
2013-05-01,월암교2,245,25
2013-05-01,월촌고가교1,469,285
2013-05-01,월촌고가교2,2436,144
2013-05-01,월촌역(6번출구),19244,4388
2013-05-01,월촌역(7번출구),9947,2891
2013-05-01,월촌초등학교건너,1523,267
2013-05-01,월촌초등학교앞,1916,364
2013-05-01,위남마을입구,3292,233
2013-05-01,위천1리건너,385,87
2013-05-01,위천1리앞,1445,60
2013-05-01,위천삼거리(논공방향),250,52
2013-05-01,위천삼거리(현풍방향),263,46
2013-05-01,유가사(종점),1480,51
2013-05-01,유가차천,1769,197
2013-05-01,유가차천1,384,267
2013-05-01,유곡리,4,0
2013-05-01,유곡리(회차지),7,0
2013-05-01,유니버시아드레포츠센터건너,3410,661
2013-05-01,유니버시아드선수촌2단지건너,17646,1414
2013-05-01,유니버시아드선수촌2단지앞,3212,1131
2013-05-01,유림물산,1736,170
2013-05-01,유림한의원건너,205,176
2013-05-01,유산리,148,0
2013-05-01,유신섬유네거리1,731,127
2013-05-01,유신섬유네거리2,2637,91
2013-05-01,유천교(유천치안센터건너),13063,5374
2013-05-01,유천교(유천치안센터앞),19526,16672
2013-05-01,유천교1,13087,793
2013-05-01,유천교2,1937,7035
2013-05-01,유천포스코건너,4312,347
2013-05-01,유천포스코앞,6098,2892
2013-05-01,유통단지회차지,606,635
2013-05-01,유통단지회차지2,3136,33
2013-05-01,육신사,125,9
2013-05-01,율원초등학교건너,88,550
2013-05-01,율원초등학교앞,3398,54
2013-05-01,율하역,677,4882
2013-05-01,율하역(4번출구),6617,2513
2013-05-01,율하역(5번출구),10177,1771
2013-05-01,율하휴먼시아15단지앞,7023,1158
2013-05-01,율하휴먼시아5단지건너,179,171
2013-05-01,율하휴먼시아5단지앞,3117,203
2013-05-01,율하휴먼시아6단지건너,1256,624
2013-05-01,율하휴먼시아6단지앞,11557,236
2013-05-01,율하휴먼시아8단지앞,9259,158
2013-05-01,율하휴먼시아9단지앞,1449,451
2013-05-01,은하타운건너,2319,966
2013-05-01,은하타운앞,1791,601
2013-05-01,은행APT입구,541,131
2013-05-01,읍내동주민센터건너,6191,3931
2013-05-01,읍내동주민센터앞,351,259
2013-05-01,응암1리1,4,0
2013-05-01,응암1리2,5,0
2013-05-01,응암2리,47,6
2013-05-01,응암2리건너,479,15
2013-05-01,응암2리앞,8,21
2013-05-01,응암3리1,7,4
2013-05-01,응암3리2,122,0
2013-05-01,이곡1동주민센터건너,8763,915
2013-05-01,이곡1동주민센터앞,2929,1483
2013-05-01,이곡마을,542,10
2013-05-01,이곡양수장건너,68,49
2013-05-01,이곡양수장앞,225,292
2013-05-01,이곡장미공원건너,2715,515
2013-05-01,이곡장미공원앞,5240,624
2013-05-01,이마트경산점,9849,2016
2013-05-01,이마트반야월점건너,1762,364
2013-05-01,이마트반야월점앞,3118,638
2013-05-01,이마트시지점건너,4758,2396
2013-05-01,이마트시지점앞,532,836
2013-05-01,이마트월배점건너,5720,2320
2013-05-01,이마트월배점앞,6855,1304
2013-05-01,이마트칠성점앞,26147,4546
2013-05-01,이마트트레이더스건너,8952,3956
2013-05-01,이마트트레이더스앞,22552,7802
2013-05-01,이시아폴리스더샵1단지,4145,302
2013-05-01,이시아폴리스더샵2단지,922,834
2013-05-01,이월드(구.우방랜드)건너,1933,165
2013-05-01,이월드(구.우방랜드)앞,690,466
2013-05-01,이월드(구.우방랜드)정문,6503,3658
2013-05-01,이월드(구.우방랜드)후문건너,3143,433
2013-05-01,이월드(구.우방랜드)후문앞,2122,343
2013-05-01,이천동,4,1
2013-05-01,이천동(종점),140,1
2013-05-01,이천리(시내방향),171,6
2013-05-01,이천리(시외방향),132,3
2013-05-01,이천새마을금고건너,16827,859
2013-05-01,이천치안센터건너,1911,930
2013-05-01,이현고개삼거리,4,0
2013-05-01,이현삼거리1,115,157
2013-05-01,이현삼거리2,915,104
2013-05-01,이현삼거리3,3274,802
2013-05-01,이현자동차검사소건너,1601,74
2013-05-01,이현자동차검사소앞,890,84
2013-05-01,이현지구대건너,1015,163
2013-05-01,이현지구대앞,534,137
2013-05-01,인동촌시장건너,3210,1359
2013-05-01,인동촌시장입구,13318,704
2013-05-01,인산마을건너,943,20
2013-05-01,인산마을앞,36,35
2013-05-01,인지초등학교입구,1,0
2013-05-01,일심제약,119,14
2013-05-01,입석중학교건너,12354,1626
2013-05-01,입석중학교앞,4788,2490
2013-05-01,잉꼬아파트건너,716,214
2013-05-01,잉꼬아파트앞,1808,560
2013-05-01,자모공원,14,0
2013-05-01,장관빌라건너,1545,113
2013-05-01,장관빌라앞,1115,261
2013-05-01,장기영남네오빌,75,120
2013-05-01,장기초등학교,1376,57
2013-05-01,장기초등학교1,6,33
2013-05-01,장기초등학교2,135,2
2013-05-01,장기초록나라건너,3084,1806
2013-05-01,장기초록나라앞,9650,615
2013-05-01,장기파랑새마을앞,121,169
2013-05-01,장동초등학교건너,3213,19
2013-05-01,장동초등학교앞,103,359
2013-05-01,장산초등학교건너,549,113
2013-05-01,장산초등학교앞,959,67
2013-05-01,장성초등학교건너,545,2830
2013-05-01,장성초등학교앞,601,770
2013-05-01,장태실마을건너,253,5
2013-05-01,장태실마을앞,5,17
2013-05-01,적십자혈액원건너,4653,602
2013-05-01,적십자혈액원앞,2347,529
2013-05-01,전기안전공사건너,1233,2904
2013-05-01,전기안전공사앞,3127,312
2013-05-01,전기재료관1,540,159
2013-05-01,전기재료관2,282,147
2013-05-01,전자관,5309,1226
2013-05-01,전자상가,12322,1180
2013-05-01,정대1리(바깥매남),148,0
2013-05-01,정대1리(안매남),154,2
2013-05-01,정대2리마을회관앞,128,15
2013-05-01,정대리(대구미술광장),336,0
2013-05-01,정대숲,430,0
2013-05-01,정대숲건너,2,6
2013-05-01,정대숲앞,747,1
2013-05-01,정동고등학교건너,5556,1798
2013-05-01,정동고등학교앞,12185,915
2013-05-01,정부대구지방합동청사건너,287,38
2013-05-01,정부대구지방합동청사앞,106,69
2013-05-01,정부대구지방합동청사후문1,725,199
2013-05-01,정화우방팔레스,13274,12246
2013-05-01,정화우방팔레스건너,24239,4818
2013-05-01,제일규산,1078,35
2013-05-01,제일여자상업고등학교건너,22104,7869
2013-05-01,제일여자상업고등학교앞,31060,4905
2013-05-01,조달청건너,3787,1225
2013-05-01,조달청앞,11051,555
2013-05-01,조암네거리1,1751,30
2013-05-01,조암네거리2,383,190
2013-05-01,조암초등학교건너,14,3
2013-05-01,조암초등학교앞,138,4
2013-05-01,조야동(종점),12175,364
2013-05-01,조야초등학교입구,1,0
2013-05-01,조일로봇고등학교(종점),8017,758
2013-05-01,주1리1,12,34
2013-05-01,주1리2,781,51
2013-05-01,주2리(최정사입구),4,28
2013-05-01,주2리1,403,5
2013-05-01,주리(삼진식당),5,21
2013-05-01,죽곡2지구1,8,3
2013-05-01,죽곡2지구2,16,2
2013-05-01,죽전119안전센터건너,4327,1188
2013-05-01,죽전119안전센터앞,5127,775
2013-05-01,죽전그린빌건너,3433,1767
2013-05-01,죽전그린빌앞,12841,1454
2013-05-01,죽전네거리1,35921,4502
2013-05-01,죽전네거리2,16034,10208
2013-05-01,중구보건소건너,3232,2146
2013-05-01,중구보건소앞,2234,904
2013-05-01,중구청건너,27210,6900
2013-05-01,중구청앞,29609,10218
2013-05-01,중대1동회관앞,1799,4
2013-05-01,중동교1,4245,2122
2013-05-01,중동교2,1424,226
2013-05-01,중동네거리1,7307,758
2013-05-01,중동네거리2,3646,1772
2013-05-01,중동서울아파트건너,391,93
2013-05-01,중동서울아파트앞,1406,61
2013-05-01,중동시장건너,17215,9766
2013-05-01,중동시장앞,26435,6006
2013-05-01,중동주민센터건너,638,131
2013-05-01,중동주민센터앞,396,95
2013-05-01,중동치안센터건너,1822,75
2013-05-01,중동치안센터앞,545,164
2013-05-01,중리광명맨션건너,14206,2744
2013-05-01,중리광명맨션앞,10713,2226
2013-05-01,중리네거리1,7488,1753
2013-05-01,중리네거리2,4234,1956
2013-05-01,중리롯데캐슬건너,11886,2172
2013-05-01,중리롯데캐슬서편,4123,1153
2013-05-01,중리롯데캐슬앞,16220,3112
2013-05-01,중리롯데캐슬정문앞,558,114
2013-05-01,중리마을,4345,8
2013-05-01,중리삼거리1,22,123
2013-05-01,중리삼거리2,1486,8
2013-05-01,중리시장건너1,306,224
2013-05-01,중리시장건너2,1186,62
2013-05-01,중리시장앞,8803,2327
2013-05-01,중리중학교,755,66
2013-05-01,중마을(갓바위방향),14,115
2013-05-01,중마을(시내방향),752,1
2013-05-01,중부소방서건너,3515,449
2013-05-01,중부소방서앞,7279,673
2013-05-01,중석타운건너,117,317
2013-05-01,중석타운앞,11743,356
2013-05-01,중소기업관건너,42,129
2013-05-01,중소기업관앞,1309,35
2013-05-01,중소기업지원센터,660,93
2013-05-01,중심마을,394,18
2013-05-01,중앙일보건너,1560,966
2013-05-01,중앙일보앞,5482,178
2013-05-01,지묘동1,3098,706
2013-05-01,지묘동2,7166,211
2013-05-01,지묘초등학교건너,10214,401
2013-05-01,지묘초등학교앞,986,325
2013-05-01,지산2길입구,443,13
2013-05-01,지산2길입구건너,226,9
2013-05-01,지산동서맨션건너,7933,2575
2013-05-01,지산동서맨션앞,23783,1945
2013-05-01,지산목련아파트건너,27767,2439
2013-05-01,지산목련아파트앞,10925,4623
2013-05-01,지산시영아파트1단지건너,2014,639
2013-05-01,지산시영아파트1단지앞,6477,263
2013-05-01,지산영남맨션앞,3194,663
2013-05-01,지산우방아파트,7142,541
2013-05-01,지산중학교입구,724,173
2013-05-01,지산청구타운건너,2870,1813
2013-05-01,지산청구타운앞,20121,444
2013-05-01,지산타운건너,21957,1431
2013-05-01,지산타운앞,3565,5819
2013-05-01,지산한라타운건너,23907,508
2013-05-01,지산한라타운앞,3166,2022
2013-05-01,지산현대주택건너,6529,1270
2013-05-01,지산현대주택앞,11888,760
2013-05-01,지산화성파크드림,1997,222
2013-05-01,지저동행정복지센터건너,21623,1144
2013-05-01,지저동행정복지센터앞,3916,1182
2013-05-01,진달래아파트건너,8854,3864
2013-05-01,진달래아파트앞,16156,2075
2013-05-01,진월초등학교건너,1913,372
2013-05-01,진월초등학교앞,627,206
2013-05-01,진인동(양지마을)건너,11,15
2013-05-01,진인동(양지마을)앞,185,6
2013-05-01,진인동(진정마을)1,170,5
2013-05-01,진인동(진정마을)2,1,0
2013-05-01,진정마을1,1240,19
2013-05-01,진정마을2,47,48
2013-05-01,진천역(1번출구),41356,8557
2013-05-01,진천역(2번출구),22344,12035
2013-05-01,진천청구타운건너,828,769
2013-05-01,진천청구타운앞,2832,458
2013-05-01,징리보건소,296,1
2013-05-01,차량등록사업소건너,2326,293
2013-05-01,차량등록사업소앞,951,104
2013-05-01,창1리1,3,3
2013-05-01,창1리2,100,0
2013-05-01,천내영남맨션,35,0
2013-05-01,청구고등학교건너,18530,2257
2013-05-01,청구고등학교앞,23888,4580
2013-05-01,청구그린맨션1차건너,14683,2314
2013-05-01,청구그린맨션1차앞,15153,1959
2013-05-01,청구시장건너,7177,1005
2013-05-01,청구시장건너2,565,104
2013-05-01,청구시장북편,1917,361
2013-05-01,청구시장북편건너,3176,308
2013-05-01,청구시장앞,7023,1563
2013-05-01,청구중동아파트,713,114
2013-05-01,청구타운건너,1258,491
2013-05-01,청구타운앞,1462,240
2013-05-01,청기와주유소건너,11571,3384
2013-05-01,청기와주유소앞,19589,7601
2013-05-01,청남타운건너,2282,34
2013-05-01,청남타운앞,356,421
2013-05-01,청백다례원,1450,342
2013-05-01,청소년수련원건너,412,38
2013-05-01,청소년수련원앞,657,250
2013-05-01,청아람푸르지오2단지1,8,6
2013-05-01,청아람푸르지오2단지2,69,0
2013-05-01,청운맨션건너,1994,170
2013-05-01,청운맨션앞,1011,345
2013-05-01,충혼탑건너,5558,106
2013-05-01,충혼탑앞,101,620
2013-05-01,측백수림건너,714,4
2013-05-01,측백수림앞,11,25
2013-05-01,칠곡2차영남타운건너,3249,777
2013-05-01,칠곡2차영남타운앞,5261,233
2013-05-01,칠곡3차보성타운1,986,431
2013-05-01,칠곡3차보성타운2,6501,582
2013-05-01,칠곡3차화성타운1,5675,44
2013-05-01,칠곡3차화성타운2,11250,203
2013-05-01,칠곡3차화성타운3,76,249
2013-05-01,칠곡경대병원역,55,157
2013-05-01,칠곡경북대병원,661,395
2013-05-01,칠곡경북대병원정문건너,302,247
2013-05-01,칠곡경북대병원정문앞,4447,39
2013-05-01,칠곡경북대병원후문건너,55,409
2013-05-01,칠곡경북대병원후문앞,5305,68
2013-05-01,칠곡그린빌2차건너,29261,1178
2013-05-01,칠곡그린빌2차앞,1670,2618
2013-05-01,칠곡그린빌3차건너,16989,315
2013-05-01,칠곡그린빌3차앞,329,1487
2013-05-01,칠곡그린빌5단지건너,3078,165
2013-05-01,칠곡그린빌5단지앞,3328,402
2013-05-01,칠곡그린빌6단지건너,1226,98
2013-05-01,칠곡그린빌6단지앞,272,82
2013-05-01,칠곡그린파크1,8532,3537
2013-05-01,칠곡그린파크2,19713,2114
2013-05-01,칠곡네스빌,176,122
2013-05-01,칠곡대백맨션건너,6215,25
2013-05-01,칠곡대백맨션앞,395,591
2013-05-01,칠곡동화아파트건너,3887,1592
2013-05-01,칠곡동화아파트앞,18297,1111
2013-05-01,칠곡롯데아파트건너,49,254
2013-05-01,칠곡롯데아파트앞,3563,12
2013-05-01,칠곡부영1단지,5389,262
2013-05-01,칠곡서한맨션,1290,6
2013-05-01,칠곡서한맨션앞,131,627
2013-05-01,칠곡시장건너,14693,1296
2013-05-01,칠곡시장앞,2342,1590
2013-05-01,칠곡에덴타운건너,34130,7109
2013-05-01,칠곡에덴타운앞,27653,9635
2013-05-01,칠곡우방타운건너(종점),3922,99
2013-05-01,칠곡우방타운건너(종점),1776,28
2013-05-01,칠곡우방타운앞(종점),1309,383
2013-05-01,칠곡주공그린빌1단지건너,2535,759
2013-05-01,칠곡주공그린빌1단지앞,7830,457
2013-05-01,칠곡중학교건너(칠곡향교건너),1846,770
2013-05-01,칠곡중학교앞(칠곡향교앞),23529,2194
2013-05-01,칠곡청구타운건너,696,535
2013-05-01,칠곡청구타운앞,4372,244
2013-05-01,칠곡초등학교건너,234,120
2013-05-01,칠곡초등학교앞,615,142
2013-05-01,칠곡한라타운건너,6367,91
2013-05-01,칠곡한라타운앞,58,477
2013-05-01,칠곡한서타운건너,11572,401
2013-05-01,칠곡한신아파트건너,2349,166
2013-05-01,칠곡한신아파트앞1,12117,103
2013-05-01,칠곡한신아파트앞2,1438,164
2013-05-01,칠곡화성타운건너,9918,290
2013-05-01,칠곡화성타운앞1,8008,1360
2013-05-01,칠곡화성타운앞2,2467,785
2013-05-01,칠성고가도로하단,534,262
2013-05-01,칠성꽃도매시장건너,979,1053
2013-05-01,칠성꽃도매시장앞,2704,653
2013-05-01,칠성시장(농협건너),268,662
2013-05-01,칠성시장(농협앞),1303,163
2013-05-01,칠성시장(양친회신협),3,155
2013-05-01,칠성시장(전자상가건너),5763,838
2013-05-01,칠성시장(전자상가앞),1870,2493
2013-05-01,칠성시장건너,45204,27041
2013-05-01,칠성시장앞1,57083,36563
2013-05-01,칠성시장역(서문프라자건너),2874,10930
2013-05-01,칠성시장역(서문프라자앞),19332,3140
2013-05-01,칠성우방타운,804,154
2013-05-01,침산3동주민센터,8322,1076
2013-05-01,침산남영타운건너,3716,744
2013-05-01,침산남영타운앞,5975,341
2013-05-01,침산네거리1,11806,999
2013-05-01,침산네거리2,7237,1530
2013-05-01,침산동화타운건너,6506,106
2013-05-01,침산동화타운앞,539,337
2013-05-01,침산변전소건너,11286,3786
2013-05-01,침산변전소앞,10247,4806
2013-05-01,침산중학교건너,2970,243
2013-05-01,침산중학교앞,5709,338
2013-05-01,침산초등학교건너,4934,1679
2013-05-01,침산초등학교앞,3748,384
2013-05-01,침산초등학교후문,398,51
2013-05-01,침산코오롱하늘채건너,8136,2415
2013-05-01,침산코오롱하늘채앞,23347,3021
2013-05-01,캐슬골드파크(1102동),25931,1982
2013-05-01,캐슬골드파크(1504동),13330,3722
2013-05-01,케이에스건너,8,12
2013-05-01,케이에스앞,632,27
2013-05-01,코스트코홀세일건너/복현화성타운앞,4913,4274
2013-05-01,코스트코홀세일앞/복현화성타운건너,43740,5824
2013-05-01,코오롱아파트,14679,2709
2013-05-01,퀸벨호텔건너,13685,1754
2013-05-01,퀸벨호텔앞,9840,3622
2013-05-01,퀸스로드건너,2426,1800
2013-05-01,퀸스로드건너(동편),12041,4456
2013-05-01,퀸스로드앞,4755,623
2013-05-01,퀸스로드앞(동편),16139,6781
2013-05-01,크리스탈호텔앞,1325,476
2013-05-01,큰고개1,5583,3490
2013-05-01,큰고개2,11743,1480
2013-05-01,큰고개오거리1,25147,1933
2013-05-01,큰고개오거리2,5316,14457
2013-05-01,큰장네거리1,69859,16286
2013-05-01,큰장네거리2,43791,19836
2013-05-01,큰장네거리3,20177,8046
2013-05-01,큰장네거리4,33162,15128
2013-05-01,태성맨션건너,125,135
2013-05-01,태성맨션앞,4420,280
2013-05-01,태왕그린힐즈건너,523,216
2013-05-01,태왕그린힐즈앞1,64,454
2013-05-01,태왕그린힐즈앞2,6706,20
2013-05-01,태왕메트로시티건너,6585,875
2013-05-01,태왕메트로시티앞,4657,906
2013-05-01,태왕아너스베스트앞,6029,215
2013-05-01,태왕아너스복현건너,3159,1162
2013-05-01,태왕아너스복현앞,9238,553
2013-05-01,태전두성타운건너,7399,1708
2013-05-01,태전두성타운앞,20998,1457
2013-05-01,태전삼거리1,15482,9464
2013-05-01,태전삼거리2,37372,7605
2013-05-01,태전역1,16222,8405
2013-05-01,태전중석타운,1558,96
2013-05-01,태전중석타운건너,1806,230
2013-05-01,태전중앙시장건너,3150,1454
2013-05-01,태전중앙시장앞,10829,968
2013-05-01,태전휴먼시아,1653,87
2013-05-01,태평상가건너,6078,2842
2013-05-01,태평상가앞1,5609,1899
2013-05-01,태평상가앞2,866,149
2013-05-01,태현초등학교앞,6325,53
2013-05-01,터실마을,21,0
2013-05-01,텍스빌,9452,1810
2013-05-01,토지주택공사건너,3508,944
2013-05-01,토지주택공사앞,10894,665
2013-05-01,퇴계마을건너,0,8
2013-05-01,퇴계마을앞,147,0
2013-05-01,파계교,339,582
2013-05-01,파계사(종점),9965,852
2013-05-01,파군재삼거리1,1390,877
2013-05-01,파군재삼거리2,351,291
2013-05-01,파동1차시장건너,2370,1309
2013-05-01,파동1차시장앞,13242,530
2013-05-01,파동우체국앞,1170,766
2013-05-01,파동청구하이츠,8025,329
2013-05-01,파크맨션건너,14396,1318
2013-05-01,파크맨션앞,11852,1856
2013-05-01,파티마병원건너1,22269,6646
2013-05-01,파티마병원건너2,4159,2348
2013-05-01,팔거역3,441,73
2013-05-01,팔거역4,997,77
2013-05-01,팔공3차보성타운건너,1255,2
2013-05-01,팔공3차보성타운앞,72,313
2013-05-01,팔공3차보성타운후문,6103,216
2013-05-01,팔공보성아파트건너,1560,512
2013-05-01,팔공보성아파트앞,8899,264
2013-05-01,팔공산IC입구,361,1343
2013-05-01,팔공산맥건너,1478,231
2013-05-01,팔공산맥앞,1130,217
2013-05-01,팔공학생야영장앞,264,11
2013-05-01,팔공학생야영장입구건너,30,19
2013-05-01,팔공학생야영장입구앞,21,27
2013-05-01,팔공한마음주유소,7,2
2013-05-01,팔공한마음주유소건너,537,2
2013-05-01,팔달시장건너,43078,15674
2013-05-01,팔달시장앞,47714,30157
2013-05-01,팔달시장역,43662,22309
2013-05-01,팔달신시장,32657,10322
2013-05-01,팔달신시장2,4903,2955
2013-05-01,팔달역2,1169,437
2013-05-01,팔달중학교건너,9191,262
2013-05-01,팔달중학교앞,5839,376
2013-05-01,팔달초등학교,233,132
2013-05-01,팔레스호텔건너,26126,5531
2013-05-01,팔레스호텔앞1,6059,2751
2013-05-01,팔레스호텔앞2,826,1587
2013-05-01,팔현마을,202,3
2013-05-01,평광3차아파트,4861,148
2013-05-01,평광3차아파트건너,4209,319
2013-05-01,평광새마을금고,167,0
2013-05-01,평광종점,935,26
2013-05-01,평리1동주민센터건너,1672,47
2013-05-01,평리1동주민센터앞,3107,176
2013-05-01,평리2동주민센터건너,11056,1547
2013-05-01,평리2동주민센터앞,10657,2000
2013-05-01,평리3동주민센터건너,2597,108
2013-05-01,평리6동주민센터앞,1850,329
2013-05-01,평리광명네거리,959,689
2013-05-01,평리광명맨션건너,4445,319
2013-05-01,평리광명맨션앞,842,294
2013-05-01,평리네거리1,15684,7892
2013-05-01,평리네거리2,18479,6437
2013-05-01,평리명성아파트건너,6018,1663
2013-05-01,평리명성아파트앞,3892,653
2013-05-01,평리중학교건너,1429,482
2013-05-01,평리중학교앞,2639,129
2013-05-01,평리청구타운건너,41473,16220
2013-05-01,평리청구타운앞,38141,10253
2013-05-01,평안,647,77
2013-05-01,평촌2리,11,3
2013-05-01,평촌리,236,0
2013-05-01,평현치안센터건너,5765,1010
2013-05-01,평화시장(닭똥집골목)건너,27815,4167
2013-05-01,평화시장(닭똥집골목)앞,55985,18430
2013-05-01,평화씨엠비건너,1104,23
2013-05-01,평화씨엠비앞,208,98
2013-05-01,평화정공건너,788,80
2013-05-01,평화정공앞,841,50
2013-05-01,평화타운건너,16129,7556
2013-05-01,푸드웰건너,4305,15
2013-05-01,푸드웰앞,149,121
2013-05-01,푸르밀대구공장,19,2
2013-05-01,푸르밀대구공장건너,1,10
2013-05-01,풋살경기장(50사단),826,62
2013-05-01,풍국주정공업,1218,41
2013-05-01,하나원전문장례식장,1,0
2013-05-01,하리(약산온천)건너,496,122
2013-05-01,하목정(종점),1,28
2013-05-01,하빈농협건너,164,0
2013-05-01,하빈농협동곡지점1,63,15
2013-05-01,하빈농협동곡지점2,413,7
2013-05-01,하빈농협앞,17,6
2013-05-01,하빈농협입구,7,16
2013-05-01,하빈면사무소건너,410,11
2013-05-01,하빈면사무소앞,20,12
2013-05-01,하빈우체국건너,303,0
2013-05-01,하빈우체국앞,7,4
2013-05-01,하빈주유소앞,26,4
2013-05-01,하빈초등학교앞,235,9
2013-05-01,하산1리,305,1
2013-05-01,하산2리,312,0
2013-05-01,하산스무지(종점),161,8
2013-05-01,학남고등학교건너,1870,308
2013-05-01,학남고등학교앞,5265,288
2013-05-01,학남초등학교건너,133,334
2013-05-01,학남초등학교앞,3151,227
2013-05-01,학정청아람1,1012,6
2013-05-01,학정청아람2,3153,113
2013-05-01,학정청아람건너,2406,325
2013-05-01,학정청아람앞,2665,199
2013-05-01,한가람타운건너,24989,7086
2013-05-01,한가람타운앞,22534,5314
2013-05-01,한걸고정마을,180,0
2013-05-01,한국건강관리협회앞,5259,777
2013-05-01,한국국토정보공사건너,2576,2209
2013-05-01,한국국토정보공사앞,2732,506
2013-05-01,한국농어촌공사건너,25863,4185
2013-05-01,한국농어촌공사앞,21229,1959
2013-05-01,한국델파이건너,252,151
2013-05-01,한국델파이앞,1276,72
2013-05-01,한국도로공사건너,138,681
2013-05-01,한국도로공사앞,8091,45
2013-05-01,한국방송통신대학교건너,3941,422
2013-05-01,한국방송통신대학교앞,1031,449
2013-05-01,한국산업은행성서지점건너,33,847
2013-05-01,한국산업은행성서지점앞,4765,56
2013-05-01,한국산업인력공단건너,4193,86
2013-05-01,한국산업인력공단앞,196,174
2013-05-01,한국클래드텍건너,392,1
2013-05-01,한국클래드텍앞,4,81
2013-05-01,한국타이어,339,159
2013-05-01,한국타이어건너,346,16
2013-05-01,한국패션센터,1914,153
2013-05-01,한국폴리텍VI대구대학건너,17031,5548
2013-05-01,한국폴리텍VI대구대학앞,14592,5617
2013-05-01,한국폴리텍대학(섬유패션캠퍼스),8085,2193
2013-05-01,한국환경자원공사,4,12
2013-05-01,한도아파트앞,9414,409
2013-05-01,한라하우젠트,794,4
2013-05-01,한마음주유소건너,2679,220
2013-05-01,한마음주유소앞,3068,338
2013-05-01,한샘교회,5441,1303
2013-05-01,한샘교회건너,983,969
2013-05-01,한서기전건너,244,2
2013-05-01,한서기전앞,874,41
2013-05-01,한양공작맨션건너,18,95
2013-05-01,한양공작맨션앞,1229,6
2013-05-01,한양산호아파트건너,627,377
2013-05-01,한양산호아파트앞,7626,195
2013-05-01,한양수정아파트,65,62
2013-05-01,한양코스모스아파트건너,56,127
2013-05-01,한양코스모스아파트앞,1424,18
2013-05-01,한전동대구지사,24932,5954
2013-05-01,한전동대구지사건너,18897,4941
2013-05-01,한전서대구지사건너,21786,5711
2013-05-01,한전서대구지사앞,14483,4248
2013-05-01,한정3리,65,0
2013-05-01,한정리(한정초교),506,0
2013-05-01,한정리(한정초교건너),8,0
2013-05-01,한화꿈에그린건너1,644,781
2013-05-01,한화꿈에그린앞,13915,2218
2013-05-01,함지초등학교건너,1035,584
2013-05-01,함지초등학교앞,10580,342
2013-05-01,해랑교(시외방향),24,11
2013-05-01,해랑교1,26,4
2013-05-01,해랑교2,1092,49
2013-05-01,해랑교건너,34,71
2013-05-01,해안동행정복지센터,422,56
2013-05-01,해안역(1번출구),15023,3065
2013-05-01,해안역(3번출구),7373,3518
2013-05-01,해안초등학교뒤,4,25
2013-05-01,행정1리건너,131,0
2013-05-01,행정2리건너,5,14
2013-05-01,행정2리앞,117,4
2013-05-01,행정리,9,34
2013-05-01,행정리(한천서원),400,0
2013-05-01,헬로TV대구방송건너,6218,2389
2013-05-01,헬로TV대구방송앞,7772,1629
2013-05-01,현내1리,241,1
2013-05-01,현내2리중방마을건너,105,1
2013-05-01,현내2리중방마을앞,6,4
2013-05-01,현대금속,1288,51
2013-05-01,현대메카닉스건너,113,0
2013-05-01,현대메카닉스앞,1,12
2013-05-01,현대백조아파트(북편),4025,166
2013-05-01,현대백조아파트건너,2727,145
2013-05-01,현대백조아파트앞,2939,589
2013-05-01,현대백화점.동아쇼핑건너,29047,8751
2013-05-01,현대백화점.동아쇼핑앞,40135,5692
2013-05-01,현대시장건너,12320,1029
2013-05-01,현대시장앞,2700,1034
2013-05-01,현대시장앞2,827,293
2013-05-01,현대해상건너,32485,11476
2013-05-01,현대해상앞,28486,7097
2013-05-01,현충로역(3번출구),33565,15074
2013-05-01,현충로역(4번출구),25857,10847
2013-05-01,현충삼거리1,589,645
2013-05-01,현충삼거리2,2923,47
2013-05-01,현풍고속도로밑,208,12
2013-05-01,현풍농협,2998,330
2013-05-01,현풍면사무소건너,0,5
2013-05-01,현풍면사무소앞,1,0
2013-05-01,현풍삼거리,8,31
2013-05-01,현풍새마을금고,2943,423
2013-05-01,현풍시외버스터미널,1512,468
2013-05-01,현풍운전시험장,622,38
2013-05-01,현풍주공아파트,12,16
2013-05-01,현풍주공아파트2,0,28
2013-05-01,현풍주공아파트앞,458,9
2013-05-01,현풍중고등학교,12,64
2013-05-01,현풍중고등학교건너,1672,4
2013-05-01,현풍터미널건너,1889,160
2013-05-01,현풍터미널앞,553,611
2013-05-01,현풍할매곰탕,2093,519
2013-05-01,현풍할매곰탕건너,4741,412
2013-05-01,호산초등학교건너,146,36
2013-05-01,호산초등학교앞,207,221
2013-05-01,홈플러스내당점건너,9146,2062
2013-05-01,홈플러스내당점앞,6076,7582
2013-05-01,홈플러스대구점건너,15776,3900
2013-05-01,홈플러스대구점앞,21801,6837
2013-05-01,홈플러스동촌점건너,6219,2961
2013-05-01,홈플러스동촌점앞,12264,1900
2013-05-01,홈플러스칠곡점건너,9853,568
2013-05-01,홈플러스칠곡점앞,2928,1376
2013-05-01,홍천사건너,1846,25
2013-05-01,홍천사입구,93,101
2013-05-01,화남초등학교건너,36,247
2013-05-01,화남초등학교앞,7373,749
2013-05-01,화동초등학교건너,669,80
2013-05-01,화동초등학교앞,777,70
2013-05-01,화랑교1,1370,2219
2013-05-01,화랑교2,14127,800
2013-05-01,화성그랜드건너,431,58
2013-05-01,화성그랜드앞,271,66
2013-05-01,화성리버파크건너,6591,170
2013-05-01,화성리버파크앞,1170,488
2013-05-01,화성센트럴파크,4263,188
2013-05-01,화성쌍용타운건너,887,23
2013-05-01,화성쌍용타운앞1,799,129
2013-05-01,화성쌍용타운앞2,176,556
2013-05-01,화성전문요양원건너,3676,396
2013-05-01,화성전문요양원앞,1791,520
2013-05-01,화성파크뷰건너,10808,458
2013-05-01,화성파크뷰앞,784,975
2013-05-01,화영테크건너,13,15
2013-05-01,화영테크앞,483,24
2013-05-01,화원고등학교(종점),249,32
2013-05-01,화원고등학교(종점)2,71,87
2013-05-01,화원고등학교건너,7094,1157
2013-05-01,화원고등학교앞,9575,1203
2013-05-01,화원농협주유소건너,2065,535
2013-05-01,화원농협주유소앞,7410,975
2013-05-01,화원삼주타운건너,7029,180
2013-05-01,화원삼주타운앞,309,375
2013-05-01,화원시장건너,4460,392
2013-05-01,화원시장앞,111,528
2013-05-01,화원유원지(사문진주막촌),311,43
2013-05-01,화원유원지건너,239,15
2013-05-01,화원유원지입구,1,0
2013-05-01,화원초등학교건너,22069,6043
2013-05-01,화원초등학교앞,34183,10696
2013-05-01,화전동1,14,72
2013-05-01,화전동2,611,6
2013-05-01,황금2동치안센터건너,1647,400
2013-05-01,황금2동치안센터앞,4003,155
2013-05-01,황금네거리1,29341,2693
2013-05-01,황금네거리2,7682,5148
2013-05-01,황금시장건너,241,88
2013-05-01,황금시장앞,1702,82
2013-05-01,황금우방1차건너,18178,3162
2013-05-01,황금우방1차앞,7510,2235
2013-05-01,황금초등학교건너,1761,687
2013-05-01,황금초등학교앞,6065,212
2013-05-01,황제맨션건너,7484,1910
2013-05-01,황제맨션앞,4797,548
2013-05-01,효동초등학교건너,4505,832
2013-05-01,효동초등학교앞,9727,722
2013-05-01,효목네거리1,10575,2420
2013-05-01,효목네거리2,2539,3168
2013-05-01,효목네거리3,20827,5121
2013-05-01,효성타운앞,16581,1237
2013-05-01,흥사단 대구지부건너,2086,322
2013-05-01,흥사단 대구지부앞,725,606
2013-05-01,흥성정공건너,346,51
2013-05-01,흥성정공앞,161,10
2013-05-01,희망교1,1200,155
2013-05-01,희성전자건너,26,29
2013-05-01,희성전자앞,453,39
2013-05-01,힐크레스트남문건너,732,112
2013-05-01,힐크레스트남문앞,78,261
2013-05-01,힐크레스트입구,525,700
2013-06-01,(주)성안건너,47,308
2013-06-01,(주)영화건너,0,64
2013-06-01,(주)영화앞,527,0
2013-06-01,1차서한화성타운앞,735,109
2013-06-01,2.28기념중앙공원건너1,63121,17496
2013-06-01,2.28기념중앙공원건너2,19641,8988
2013-06-01,2.28기념중앙공원앞,166495,31825
2013-06-01,2차대자연맨션건너,2328,967
2013-06-01,2차대자연맨션앞,9113,631
2013-06-01,2차서한화성타운건너,37561,2536
2013-06-01,2차서한화성타운앞,17646,4181
2013-06-01,2호선반월당역1,18741,4501
2013-06-01,2호선반월당역2,16164,7068
2013-06-01,3공단새마을금고앞,4803,1396
2013-06-01,CGV대구한일건너,107190,29407
2013-06-01,CGV대구한일앞,33866,8613
2013-06-01,K-2입구,2249,409
2013-06-01,K2관사입구(종점),320,60
2013-06-01,KT남대구지사건너1,16277,4102
2013-06-01,KT남대구지사건너2,2040,764
2013-06-01,KT남대구지사앞1,22106,8675
2013-06-01,KT남대구지사앞2,1762,600
2013-06-01,KT동대구지사건너,26472,7655
2013-06-01,KT동대구지사앞,16253,3372
2013-06-01,KT북대구지사건너,4088,450
2013-06-01,KT북대구지사앞,3426,576
2013-06-01,KT상동지사건너,3490,473
2013-06-01,KT상동지사앞,862,878
2013-06-01,KT서대구지사건너,21330,2759
2013-06-01,KT서대구지사앞,18459,3423
2013-06-01,LG물류센터건너,3534,1864
2013-06-01,LG물류센터앞,7687,1125
2013-06-01,MBC네거리,9489,1698
2013-06-01,SK리더스뷰건너,12164,1293
2013-06-01,SK리더스뷰앞,5290,2380
2013-06-01,STX메탈건너,1434,1642
2013-06-01,STX메탈앞,1690,216
2013-06-01,TBC건너,11529,613
2013-06-01,TBC앞,3095,2320
2013-06-01,TCN대구방송건너,1790,231
2013-06-01,TCN대구방송앞,3359,279
2013-06-01,㈜윔스건너,182,19
2013-06-01,㈜윔스앞,343,21
2013-06-01,가야농원,473,4
2013-06-01,가창농협건너,1149,2131
2013-06-01,가창농협앞,10738,917
2013-06-01,가창댐,5,11
2013-06-01,가창댐1,28,16
2013-06-01,가창면사무소건너,6580,3778
2013-06-01,가창면사무소앞,10612,1959
2013-06-01,가창중학교건너,5919,176
2013-06-01,가창중학교앞,221,352
2013-06-01,가창초등학교건너,249,441
2013-06-01,가창초등학교앞,897,212
2013-06-01,가천동앞,110,6
2013-06-01,가천리,45,0
2013-06-01,가태리마을회관건너,1,0
2013-06-01,가태리마을회관앞,2,0
2013-06-01,각산역(1번출구),8500,1194
2013-06-01,각산역(2번출구),1711,1605
2013-06-01,갈실마을회관종점,426,28
2013-06-01,감문1리1,2,3
2013-06-01,감문1리2,182,0
2013-06-01,감문1리3,0,1
2013-06-01,감문1리4,194,1
2013-06-01,감삼네거리1,16873,5529
2013-06-01,감삼네거리2,56483,35593
2013-06-01,감삼초등학교건너,15382,1223
2013-06-01,감삼초등학교앞,6607,791
2013-06-01,갓골건너,490,0
2013-06-01,갓골앞,2,15
2013-06-01,갓바위,20876,530
2013-06-01,강남약국건너,46530,19700
2013-06-01,강남약국앞1,30048,9671
2013-06-01,강남약국앞2,9572,1308
2013-06-01,강동중·고등학교,18,319
2013-06-01,강동중·고등학교건너,7879,23
2013-06-01,강변동서마을건너,5945,649
2013-06-01,강변동서마을앞,3211,1074
2013-06-01,강북경찰서건너,1187,867
2013-06-01,강북경찰서앞,4147,681
2013-06-01,강북중학교건너,25,526
2013-06-01,강북중학교앞,10323,12
2013-06-01,강산아파트건너,5157,2569
2013-06-01,강산아파트앞,6130,742
2013-06-01,강정(종점),1,1
2013-06-01,강정보(디아크문화관)건너,8,9
2013-06-01,강정보(디아크문화관)입구,234,2
2013-06-01,강창교1,5194,93
2013-06-01,강창교2,156,350
2013-06-01,강창역(1번출구),4548,1908
2013-06-01,강창역(2번출구),23901,1509
2013-06-01,강창하이츠,9540,291
2013-06-01,거동교1,1082,67
2013-06-01,거동교2,1095,549
2013-06-01,건들바위건너,1277,269
2013-06-01,건들바위앞,748,538
2013-06-01,건영아파트건너,17658,2852
2013-06-01,건영캐스빌건너,13042,271
2013-06-01,건영캐스빌앞,288,546
2013-06-01,검단119안전센터(엑스코),96,76
2013-06-01,검단동대구축협앞,5331,23
2013-06-01,검단동주민센터건너,12156,72
2013-06-01,검단동주민센터앞,153,1111
2013-06-01,검단상가아파트건너,3188,20
2013-06-01,검단상가아파트앞,49,46
2013-06-01,검단유성아파트(서편),9351,3727
2013-06-01,검단유성아파트건너,5501,2455
2013-06-01,검단유성아파트앞,17746,4658
2013-06-01,경기장네거리1,3650,885
2013-06-01,경기장네거리2,4639,1049
2013-06-01,경대교2,3256,389
2013-06-01,경대교건너,869,67
2013-06-01,경대교앞,744,240
2013-06-01,경대사대부설고등학교앞,23728,8171
2013-06-01,경대아파트건너,34702,1338
2013-06-01,경대아파트앞,8250,2295
2013-06-01,경덕여고,867,85
2013-06-01,경동산업앞,51,0
2013-06-01,경명여고건너,3745,361
2013-06-01,경명여고앞,2277,555
2013-06-01,경북고교종점,715,1282
2013-06-01,경북고등학교건너,13419,3806
2013-06-01,경북고등학교앞,19025,2888
2013-06-01,경북고등학교종점건너,2052,770
2013-06-01,경북공고건너,7266,2215
2013-06-01,경북공고앞,10277,2720
2013-06-01,경북공무원교육원1,730,98
2013-06-01,경북공무원교육원2,34,18
2013-06-01,경북교통,2104,1089
2013-06-01,경북교통앞,2811,1117
2013-06-01,경북기계공고건너,19876,1880
2013-06-01,경북기계공고앞,9972,4163
2013-06-01,경북농업기술원건너,116,49
2013-06-01,경북농업기술원앞,576,25
2013-06-01,경북대체육센터건너,33437,616
2013-06-01,경북대체육센터앞,4562,1783
2013-06-01,경북대학교병원건너,24161,8799
2013-06-01,경북대학교병원앞,39647,8470
2013-06-01,경북대학교북문건너,59286,4191
2013-06-01,경북대학교북문앞,32170,8082
2013-06-01,경북대학교서문건너,11473,1174
2013-06-01,경북대학교서문앞,3503,990
2013-06-01,경북대학교정문건너,12739,3272
2013-06-01,경북대학교정문앞,29942,3134
2013-06-01,경북대학교치과병원,24106,11390
2013-06-01,경북아파트건너(고산동),32374,2286
2013-06-01,경북아파트건너(신천동),8939,3780
2013-06-01,경북아파트앞(고산동),12755,3415
2013-06-01,경북아파트앞(신천동),6625,1201
2013-06-01,경북여상건너,13398,6075
2013-06-01,경북여상앞,13202,2235
2013-06-01,경북크랑크,1713,13
2013-06-01,경상감영공원건너,126147,27583
2013-06-01,경상감영공원앞,69986,43935
2013-06-01,경상북도농업인회관,280,27
2013-06-01,경상여자고등학교건너,3146,669
2013-06-01,경상여자고등학교앞,10985,1353
2013-06-01,경서중학교건너,438,276
2013-06-01,경서중학교앞,5310,52
2013-06-01,경신고등학교건너,50387,9499
2013-06-01,경신고등학교앞,37326,14562
2013-06-01,경운초등학교건너,2291,586
2013-06-01,경운초등학교앞,7002,1733
2013-06-01,경원고등학교건너,777,39
2013-06-01,경원고등학교앞,1753,73
2013-06-01,경일여자중학교건너,20967,603
2013-06-01,경일여자중학교앞,4564,1254
2013-06-01,경주최씨종가(종점),205,5
2013-06-01,경주최씨종가1,3,0
2013-06-01,경주최씨종가2,1,1
2013-06-01,경진테크빌앞,701,272
2013-06-01,경창산업,1201,83
2013-06-01,경희강재건너,766,509
2013-06-01,경희강재앞,3195,84
2013-06-01,계명대대명캠퍼스후문건너,2192,236
2013-06-01,계명대역(1번출구),2400,1670
2013-06-01,계명대역(2번출구),9490,1439
2013-06-01,계명대학교대명캠퍼스건너,15697,4890
2013-06-01,계명대학교대명캠퍼스앞,25011,5031
2013-06-01,계명대학교대명캠퍼스후문앞,2062,375
2013-06-01,계명대학교동문건너1,6966,1972
2013-06-01,계명대학교동문건너2,29396,7558
2013-06-01,계명대학교동문앞,23447,11407
2013-06-01,계명대학교정문건너,31872,1306
2013-06-01,계명대학교정문앞,5184,1754
2013-06-01,계명문화대학건너,9590,632
2013-06-01,계명문화대학앞,15293,4789
2013-06-01,고모동입구,5140,115
2013-06-01,고모역건너,182,3
2013-06-01,고모역앞,6,5
2013-06-01,고봉리,26,2
2013-06-01,고산2동주민센터건너,10810,3171
2013-06-01,고산2동주민센터앞,23872,3219
2013-06-01,고산골입구,7356,1309
2013-06-01,고산농협창고건너,1654,279
2013-06-01,고산농협창고앞,558,957
2013-06-01,고산도서관,20906,13267
2013-06-01,고산정수사업소건너,3402,590
2013-06-01,고성아파트(서편),11566,4933
2013-06-01,고성아파트건너,2310,232
2013-06-01,고성아파트건너(서편),15878,3641
2013-06-01,고성아파트앞,1688,638
2013-06-01,고성지구대1,1735,630
2013-06-01,고성지구대2,4592,1207
2013-06-01,골안골,43,41
2013-06-01,골안골지하보도앞,3,42
2013-06-01,공고네거리1,36226,6508
2013-06-01,공고네거리2,12495,2054
2013-06-01,공군기지관사입구,3,62
2013-06-01,공단역1,9888,3364
2013-06-01,공단역2,13063,5635
2013-06-01,공단하수처리장건너,87,60
2013-06-01,공단하수처리장앞,341,11
2013-06-01,공산댐건너,1092,19
2013-06-01,공산댐앞,208,130
2013-06-01,공산동행정복지센터건너,800,326
2013-06-01,공산동행정복지센터앞,6694,272
2013-06-01,공산초등학교건너,383,148
2013-06-01,공산초등학교앞,2582,122
2013-06-01,공산파출소,96,385
2013-06-01,공항시장건너,12410,886
2013-06-01,공항시장앞,5813,1111
2013-06-01,곽병원건너,20084,13099
2013-06-01,곽병원앞1,31995,5318
2013-06-01,곽병원앞2,10252,2345
2013-06-01,관리공단,503,13
2013-06-01,관음공영주차장앞,1634,9
2013-06-01,관음농협앞,217,71
2013-06-01,관음동주민센터건너,1014,75
2013-06-01,관음동주민센터앞,922,35
2013-06-01,관음변전소1,4478,39
2013-06-01,관음변전소2,36,297
2013-06-01,관음변전소3,1538,113
2013-06-01,관음변전소4,976,220
2013-06-01,관음어린이집,344,52
2013-06-01,관음중학교(북편),1016,23
2013-06-01,광명은하아파트건너,8303,2408
2013-06-01,광명은하아파트앞,10955,2089
2013-06-01,광명프레지던트아파트건너,16148,2899
2013-06-01,광장타운건너,18647,3291
2013-06-01,광장타운앞,19984,3698
2013-06-01,교대부설초등학교건너,6022,188
2013-06-01,교대부설초등학교앞,1015,513
2013-06-01,교동시장앞,18549,1689
2013-06-01,교동초등학교건너,51,37
2013-06-01,교동초등학교앞,934,59
2013-06-01,교통연수원,18124,928
2013-06-01,교통연수원건너,14393,2933
2013-06-01,교항2리마을입구,176,327
2013-06-01,교항2리회관,1712,8
2013-06-01,교항리건너,1781,78
2013-06-01,교항리마을입구건너,329,5
2013-06-01,교항리앞,487,354
2013-06-01,구)달성군청건너,30895,4514
2013-06-01,구)달성군청앞,22618,19434
2013-06-01,구)대영학원건너,20188,3310
2013-06-01,구)대영학원앞,17464,5710
2013-06-01,구)효목2동행정복지센터건너,18493,1364
2013-06-01,구)효목2동행정복지센터앞,6545,1136
2013-06-01,구.남부정류장건너1,14204,15878
2013-06-01,구.남부정류장건너2,8514,8241
2013-06-01,구.남부정류장앞1,32116,6194
2013-06-01,구.남부정류장앞2,6068,1714
2013-06-01,구.동부정류장(남편),5261,1165
2013-06-01,구.동부정류장(메트로팔레스),13011,5451
2013-06-01,구.동부정류장건너,17167,4129
2013-06-01,구.동부정류장앞,10945,4186
2013-06-01,구둔산,444,19
2013-06-01,구룡촌건너,6,12
2013-06-01,구룡촌앞,84,0
2013-06-01,구병원건너,16314,6207
2013-06-01,구병원앞,30167,6231
2013-06-01,구삼폭포건너,6,3
2013-06-01,구삼폭포앞,89,0
2013-06-01,구암가구골목1,4851,159
2013-06-01,구암가구골목2,1591,308
2013-06-01,구암교1,7941,775
2013-06-01,구암교2,1364,1110
2013-06-01,구암동1,1294,60
2013-06-01,구암동2,207,245
2013-06-01,구암역(운전면허시험장)1,5790,290
2013-06-01,구암역(운전면허시험장)2,3461,681
2013-06-01,구암초등학교건너,2685,366
2013-06-01,구암초등학교앞,5812,175
2013-06-01,구지농공단지1,4,18
2013-06-01,구지농공단지2,206,0
2013-06-01,구지면사무소건너,584,273
2013-06-01,구지면사무소앞,2320,358
2013-06-01,구지청아람건너,5355,170
2013-06-01,구지청아람앞,418,598
2013-06-01,국립대구박물관건너,16790,1369
2013-06-01,국립대구박물관앞,11610,2512
2013-06-01,국민건강보험공단건너,25455,4310
2013-06-01,국민건강보험공단앞,13305,10331
2013-06-01,국민은행3공단지점건너,5546,866
2013-06-01,국민은행3공단지점앞,3358,783
2013-06-01,국우동현대아파트건너,567,65
2013-06-01,국우동현대아파트앞,7302,221
2013-06-01,국채보상운동기념공원,7238,3227
2013-06-01,굿모닝병원건너,12159,2445
2013-06-01,굿모닝병원앞,18765,2873
2013-06-01,궁전아파트건너,35,206
2013-06-01,궁전아파트앞,2970,54
2013-06-01,귀남지휴게소1,28,0
2013-06-01,귀남지휴게소2,0,2
2013-06-01,그랜드호텔건너,32997,29188
2013-06-01,그랜드호텔앞,52534,16723
2013-06-01,그린빌4단지,92,460
2013-06-01,그린빌4단지건너,1055,20
2013-06-01,그린빌4단지앞,270,69
2013-06-01,근로복지공단대구병원건너,2031,230
2013-06-01,근로복지공단대구병원앞,2265,212
2013-06-01,근린공원축구장건너,53,197
2013-06-01,근린공원축구장앞,872,14
2013-06-01,금강동,64,19
2013-06-01,금계초등학교(교항리),676,110
2013-06-01,금복주건너,3043,157
2013-06-01,금복주앞,2000,178
2013-06-01,금봉네거리1,13568,1056
2013-06-01,금봉네거리2,5719,677
2013-06-01,금사리하이빌APT건너,1714,178
2013-06-01,금사리하이빌APT앞,514,148
2013-06-01,금융감독원건너,1581,1375
2013-06-01,금포초등학교,2226,150
2013-06-01,금포초등학교건너,500,314
2013-06-01,금호기전,9,17
2013-06-01,금호지구(시내방향),66,0
2013-06-01,금호지구(종점방향),25,3
2013-06-01,금호화물자동차공영차고지,2,0
2013-06-01,기곡(종점),4,14
2013-06-01,기곡리1,4,0
2013-06-01,기곡리2,45,0
2013-06-01,기독교방송국건너,5988,2195
2013-06-01,기독교방송국앞,5291,2110
2013-06-01,기업은행대곡지점건너,130,1343
2013-06-01,기업은행대곡지점앞,25769,590
2013-06-01,기업은행죽전동지점건너,5421,464
2013-06-01,기업은행죽전동지점앞,3676,553
2013-06-01,김흥2리건너,49,0
2013-06-01,김흥2리앞,3,0
2013-06-01,김흥리마을입구,153,1
2013-06-01,남구청건너2,8807,6617
2013-06-01,남구청네거리1,12029,900
2013-06-01,남구청네거리2,319,212
2013-06-01,남대구IC1,17118,826
2013-06-01,남대구IC2,7333,1119
2013-06-01,남명삼거리1,2021,218
2013-06-01,남명삼거리2,2454,362
2013-06-01,남문시장건너1,1171,150
2013-06-01,남문시장건너2,31119,9932
2013-06-01,남문시장앞,20976,9787
2013-06-01,남문아파트앞,544,303
2013-06-01,남부경찰서건너,10907,2545
2013-06-01,남부경찰서앞,16620,4392
2013-06-01,남부교육지원청건너,8807,654
2013-06-01,남부교육지원청앞,5722,864
2013-06-01,남부도서관앞,231,822
2013-06-01,남부자동차종합시장건너,3363,153
2013-06-01,남부자동차종합시장앞,939,357
2013-06-01,남부초등학교건너,1335,24
2013-06-01,남부초등학교앞,835,212
2013-06-01,남부초등학교앞2,5259,876
2013-06-01,남산2동주민센터건너,153,206
2013-06-01,남산2동주민센터앞,721,33
2013-06-01,남산고등학교건너,1060,29
2013-06-01,남산고등학교앞,417,207
2013-06-01,남산역(프린스호텔건너),11317,2646
2013-06-01,남산역건너(프린스호텔앞),19147,8929
2013-06-01,남산주유소건너,1696,725
2013-06-01,남산주유소앞,2004,165
2013-06-01,남산초등학교건너,20451,3602
2013-06-01,남산초등학교앞,13838,5231
2013-06-01,남산휴먼시아앞,2308,396
2013-06-01,내2리새마을회관건너,47,0
2013-06-01,내2리새마을회관앞,2,1
2013-06-01,내당1동우체국건너,2624,244
2013-06-01,내당1동우체국앞,2845,277
2013-06-01,내당광명아파트,3998,1540
2013-06-01,내당삼익맨션건너,29572,7242
2013-06-01,내당삼익맨션앞,15319,11732
2013-06-01,내당코오롱아파트건너,6539,4079
2013-06-01,내당코오롱아파트앞,9110,882
2013-06-01,내동,1286,14
2013-06-01,내동건너,38,96
2013-06-01,내리1,10,0
2013-06-01,내리2,1,0
2013-06-01,내일교회건너,203,48
2013-06-01,내일교회앞,838,12
2013-06-01,냉천2리,190,6
2013-06-01,냉천리1,2665,114
2013-06-01,냉천리2,86,485
2013-06-01,노곡동,3542,84
2013-06-01,노변중학교,744,79
2013-06-01,노변중학교건너,1287,47
2013-06-01,노변청구타운건너,221,63
2013-06-01,노변청구타운앞,392,55
2013-06-01,노원119안전센터건너,6958,1949
2013-06-01,노원119안전센터앞,4213,500
2013-06-01,노원네거리(공단세차장건너),530,1264
2013-06-01,노원네거리(공단세차장앞),7377,640
2013-06-01,노원네거리(대구은행건너),1358,248
2013-06-01,노원네거리(대구은행앞),5015,448
2013-06-01,노원네거리1,4889,2286
2013-06-01,노원네거리2,10587,1637
2013-06-01,노원동화타운건너,660,311
2013-06-01,노원동화타운앞,4802,192
2013-06-01,녹동서원앞,9,3
2013-06-01,녹원맨션1,3435,1274
2013-06-01,녹원맨션2,11035,840
2013-06-01,논공삼거리1,2284,44
2013-06-01,논공삼거리2,254,170
2013-06-01,논공읍사무소,751,413
2013-06-01,논공읍사무소건너1,3865,228
2013-06-01,논공읍사무소건너2,294,224
2013-06-01,농산물도매시장건너,30,11
2013-06-01,농산물도매시장앞,1756,80
2013-06-01,농수산물도매시장건너,4057,1342
2013-06-01,농수산물도매시장앞,9047,1438
2013-06-01,농촌진흥원입구,251,94
2013-06-01,농협동촌지점,526,137
2013-06-01,농협방촌지점,2061,207
2013-06-01,농협비료창고건너(연경),35,51
2013-06-01,농협비료창고앞(연경),48,2
2013-06-01,농협중앙회건너,22965,8989
2013-06-01,농협중앙회앞,26085,11853
2013-06-01,농협중앙회중동지점건너,1745,117
2013-06-01,농협중앙회중동지점앞,1031,241
2013-06-01,농협하나로마트건너,28,972
2013-06-01,능골1,115,1930
2013-06-01,능골건너,2627,57
2013-06-01,능성동(종점),439,6
2013-06-01,능성동예비군훈련장,692,28
2013-06-01,능성동입구건너,932,3
2013-06-01,능성동입구앞,5,63
2013-06-01,다리골,52,0
2013-06-01,다사고등학교건너,11183,1509
2013-06-01,다사고등학교앞,1214,796
2013-06-01,다사농협주유소건너,541,634
2013-06-01,다사농협주유소앞,9845,324
2013-06-01,다사역(4번출구),175,1
2013-06-01,다사읍사무소건너,6779,420
2013-06-01,다사읍사무소서재출장소건너,406,8
2013-06-01,다사읍사무소서재출장소앞,134,29
2013-06-01,다사읍사무소앞,8,550
2013-06-01,다사주공아파트건너,111,0
2013-06-01,다사주공아파트앞,8,156
2013-06-01,다사체육공원건너,11,0
2013-06-01,다사체육공원앞,44,0
2013-06-01,다사초등학교건너,45,0
2013-06-01,다사초등학교앞,4,18
2013-06-01,단산리(종점),592,2
2013-06-01,단산리입구,322,3
2013-06-01,달구벌종합복지관건너,985,97
2013-06-01,달구벌종합복지관앞,489,98
2013-06-01,달서공고건너,236,50
2013-06-01,달서공고앞,1043,19
2013-06-01,달서교회건너,21657,3029
2013-06-01,달서교회앞,20880,4279
2013-06-01,달서구새마을회건너,3976,176
2013-06-01,달서구새마을회앞,1215,219
2013-06-01,달서구청건너,23048,2191
2013-06-01,달서구청앞,6171,2990
2013-06-01,달서종합시장건너,1733,527
2013-06-01,달서종합시장앞,1017,216
2013-06-01,달서중고등학교,94,23
2013-06-01,달서중고등학교건너,752,1
2013-06-01,달서천하수종말처리장건너,76,0
2013-06-01,달서초교,1691,55
2013-06-01,달성2차공단관리청사,1735,97
2013-06-01,달성2차산업단지출장소건너,1,0
2013-06-01,달성2차산업단지출장소앞,1,4
2013-06-01,달성경찰서,1618,425
2013-06-01,달성경찰서건너,2515,99
2013-06-01,달성공원건너,14018,5096
2013-06-01,달성공원앞,16871,8441
2013-06-01,달성군민운동장건너,1518,119
2013-06-01,달성군민운동장앞,778,167
2013-06-01,달성군선거관리위원회건너,361,104
2013-06-01,달성군선거관리위원회앞,28,230
2013-06-01,달성군청건너,3537,129
2013-06-01,달성군청앞,332,422
2013-06-01,달성기와건너,144,37
2013-06-01,달성기와앞,806,30
2013-06-01,달성도서관입구,1,0
2013-06-01,달성문화원앞,5,0
2013-06-01,달성산업단지건너,201,25
2013-06-01,달성산업단지관리공단1,2,4
2013-06-01,달성산업단지관리공단2,13,2
2013-06-01,달성소방서건너,417,56
2013-06-01,달성소방서앞,307,52
2013-06-01,달성스포츠파크건너,0,14
2013-06-01,달성스포츠파크앞,3,0
2013-06-01,달성예비군훈련장건너,374,177
2013-06-01,달성예비군훈련장앞,2433,636
2013-06-01,달성우체국건너,341,505
2013-06-01,달성우체국앞,5020,98
2013-06-01,달성중학교건너,5180,1138
2013-06-01,달성중학교앞,26770,2515
2013-06-01,달성초등학교건너,3282,834
2013-06-01,달성초등학교앞,2424,417
2013-06-01,달성취수장건너,8,27
2013-06-01,달성취수장앞,51,31
2013-06-01,달창저수지,7,0
2013-06-01,달천리(시내방향),144,0
2013-06-01,달천리(시외방향),76,1
2013-06-01,담안마을1,6,18
2013-06-01,담안마을2,379,0
2013-06-01,담티고개1,399,224
2013-06-01,담티고개2,1056,318
2013-06-01,당동마을건너,565,1
2013-06-01,당동마을앞,3,6
2013-06-01,당정마을입구,37,17
2013-06-01,당정마을입구건너,220,5
2013-06-01,대1리용흥지건너,48,0
2013-06-01,대1리용흥지앞,47,26
2013-06-01,대곡강산타운,23149,757
2013-06-01,대곡강산타운건너,4241,1849
2013-06-01,대곡사계절타운건너,15585,856
2013-06-01,대곡사계절타운앞,6091,1855
2013-06-01,대곡역(1번출구),52854,4702
2013-06-01,대곡역(2번출구),16945,56595
2013-06-01,대곡역(한라하우젠트건너),19740,2736
2013-06-01,대곡역(한라하우젠트앞),6276,17770
2013-06-01,대곡역그린빌,8173,2682
2013-06-01,대곡주공1단지앞,4584,1564
2013-06-01,대곡주공2단지앞,24855,641
2013-06-01,대곡주공6단지앞,3428,565
2013-06-01,대곡주공7단지앞,15429,784
2013-06-01,대곡주공8단지건너,21000,2896
2013-06-01,대곡주공8단지앞,9617,1919
2013-06-01,대곡중학교건너,4654,528
2013-06-01,대곡중학교앞,2651,547
2013-06-01,대공원역(1번출구),2257,8364
2013-06-01,대공원역(5번출구),5434,1968
2013-06-01,대구가톨릭대학병원건너,23548,3319
2013-06-01,대구가톨릭대학병원앞,20167,3210
2013-06-01,대구고등학교건너,32504,7125
2013-06-01,대구고등학교앞,15172,3850
2013-06-01,대구고용노동청건너,17273,1668
2013-06-01,대구고용노동청앞,4599,1738
2013-06-01,대구공업대학1,15121,4561
2013-06-01,대구공업대학2,4230,1717
2013-06-01,대구공업대학건너,7318,2282
2013-06-01,대구공업대학앞,6588,2507
2013-06-01,대구과학고등학교건너,11808,5367
2013-06-01,대구과학고등학교앞,16808,3721
2013-06-01,대구과학대학1,24199,13769
2013-06-01,대구과학대학2,62146,11657
2013-06-01,대구과학대학건너,2925,90
2013-06-01,대구과학대학앞,998,169
2013-06-01,대구광역시교육연수원건너,11524,1073
2013-06-01,대구광역시교육연수원앞,7340,1332
2013-06-01,대구광역시청건너,1615,181
2013-06-01,대구광역시청앞,376,468
2013-06-01,대구교도소건너,9251,4728
2013-06-01,대구교도소앞,28973,3781
2013-06-01,대구교육대건너,18877,9438
2013-06-01,대구교육대앞,22081,2461
2013-06-01,대구교통방송건너,6829,3707
2013-06-01,대구교통방송앞,18722,1623
2013-06-01,대구국제공항건너,23110,17271
2013-06-01,대구국제공항앞,25451,12455
2013-06-01,대구글로벌교육센터건너,5481,3405
2013-06-01,대구글로벌교육센터앞,4591,556
2013-06-01,대구농업마이스터고건너,17295,4128
2013-06-01,대구농업마이스터고앞,11516,5862
2013-06-01,대구농업마이스터고후문건너,1013,696
2013-06-01,대구농업마이스터고후문앞,2465,181
2013-06-01,대구도시공사앞,15853,3724
2013-06-01,대구동부고용복지플러스센터,11508,5415
2013-06-01,대구동촌유치원,1156,119
2013-06-01,대구디지털산업진흥원건너,25113,5048
2013-06-01,대구디지털산업진흥원앞,17571,6449
2013-06-01,대구맨션건너,2058,308
2013-06-01,대구맨션앞,4327,779
2013-06-01,대구문화방송건너,10883,3585
2013-06-01,대구문화방송앞,16836,4610
2013-06-01,대구미술관건너,842,110
2013-06-01,대구미술관앞,938,114
2013-06-01,대구병원건너,28828,3440
2013-06-01,대구병원앞,12335,6011
2013-06-01,대구보건고등학교건너,18638,4314
2013-06-01,대구보건고등학교앞,12777,2467
2013-06-01,대구보건대학3,14318,5412
2013-06-01,대구보건대학4,39506,3046
2013-06-01,대구보건대학5,85,23
2013-06-01,대구보건대학건너1,1941,102
2013-06-01,대구보건대학건너2,11252,142
2013-06-01,대구보건대학앞1,505,372
2013-06-01,대구보건대학앞2,1745,515
2013-06-01,대구보훈요양원건너,1,4
2013-06-01,대구보훈요양원앞,101,0
2013-06-01,대구비지니스센터건너,3820,986
2013-06-01,대구비지니스센터앞,4847,466
2013-06-01,대구사격장,72,2
2013-06-01,대구삼성창조캠퍼스1,1465,312
2013-06-01,대구삼성창조캠퍼스2,422,530
2013-06-01,대구선방촌공원,1326,22
2013-06-01,대구소방본부건너,484,188
2013-06-01,대구소방본부앞,1599,1942
2013-06-01,대구스타디움건너,4085,924
2013-06-01,대구스타디움앞,5274,1516
2013-06-01,대구시교육청건너,1715,167
2013-06-01,대구시교육청앞,1665,7015
2013-06-01,대구시설공단건너,18577,4645
2013-06-01,대구시설공단앞,12596,7236
2013-06-01,대구시설관리사업소,5,76
2013-06-01,대구시지노인전문병원앞,559,556
2013-06-01,대구신문사,707,150
2013-06-01,대구애견훈련학교건너,361,2
2013-06-01,대구애견훈련학교앞,3,10
2013-06-01,대구역,1244,446
2013-06-01,대구역건너,27543,19633
2013-06-01,대구역꽃시장,716,262
2013-06-01,대구역북편네거리1,33580,8172
2013-06-01,대구역북편네거리2,14318,10292
2013-06-01,대구역센트럴자이,1100,119
2013-06-01,대구역앞,41282,13008
2013-06-01,대구예담학교,120,0
2013-06-01,대구우편집중국(동편),9,6
2013-06-01,대구우편집중국앞,2471,1032
2013-06-01,대구은행3공단지점앞,6494,692
2013-06-01,대구은행북비산지점건너1,13620,3339
2013-06-01,대구은행북비산지점건너2,3315,824
2013-06-01,대구은행북비산지점앞,41006,9913
2013-06-01,대구은행산격지점앞,928,131
2013-06-01,대구은행역(1번출구),33687,17342
2013-06-01,대구은행역(2번출구),39185,11986
2013-06-01,대구은행제2본점앞,14780,3180
2013-06-01,대구은행칠곡지점건너,10091,4056
2013-06-01,대구은행칠곡지점앞,30870,2771
2013-06-01,대구은행평리동지점건너,3593,899
2013-06-01,대구은행평리동지점앞,6738,1098
2013-06-01,대구의료원건너,7404,857
2013-06-01,대구의료원라파엘웰빙센터,1812,119
2013-06-01,대구의료원라파엘웰빙센터건너,398,297
2013-06-01,대구의료원앞,5059,908
2013-06-01,대구일마이스터고교건너,4682,997
2013-06-01,대구일마이스터고교앞,10202,1026
2013-06-01,대구전자공고남편,113,694
2013-06-01,대구전자공업고등학교1,8792,699
2013-06-01,대구전자공업고등학교2,1213,4846
2013-06-01,대구제일고등학교건너,47656,13363
2013-06-01,대구제일고등학교앞,38433,23158
2013-06-01,대구중앙중고등학교건너,32263,6483
2013-06-01,대구중앙중고등학교앞,31142,5901
2013-06-01,대구중앙중학교건너,3181,29
2013-06-01,대구중앙중학교앞,297,2358
2013-06-01,대구중학교건너,2266,376
2013-06-01,대구중학교앞,6332,635
2013-06-01,대구지료재생사,75,22
2013-06-01,대구지방경찰청,6867,452
2013-06-01,대구지방법원등기국건너,5922,3641
2013-06-01,대구지방법원등기국앞,2580,816
2013-06-01,대구지방법원서부지원,680,80
2013-06-01,대구차여성병원건너,5579,3454
2013-06-01,대구차여성병원앞,15122,2389
2013-06-01,대구콘서트하우스건너,19027,21384
2013-06-01,대구콘서트하우스앞,27324,11877
2013-06-01,대구텍건너,511,571
2013-06-01,대구텍앞,6921,788
2013-06-01,대구학생문화센터,181,100
2013-06-01,대구학생수련관입구건너,1043,4
2013-06-01,대구학생수련관입구앞,20,113
2013-06-01,대구한의대학교부속한방병원건너,283,171
2013-06-01,대구한의대학교부속한방병원앞,6048,493
2013-06-01,대구향교건너,2491,1254
2013-06-01,대구향교앞,2384,690
2013-06-01,대덕마을건너,520,89
2013-06-01,대덕마을앞,354,90
2013-06-01,대덕맨션앞,9184,220
2013-06-01,대덕문화전당건너,2038,97
2013-06-01,대덕문화전당앞,80,131
2013-06-01,대덕승마장건너,462,11
2013-06-01,대덕승마장앞,145,79
2013-06-01,대덕식당건너,300,619
2013-06-01,대덕식당앞,5111,288
2013-06-01,대덕천주교회1,2201,460
2013-06-01,대덕천주교회2,2843,145
2013-06-01,대덕천주교회3,4363,66
2013-06-01,대덕천주교회4,268,490
2013-06-01,대덕초등학교,806,11
2013-06-01,대동공업,167,95
2013-06-01,대동공업건너,728,22
2013-06-01,대동금속건너,1711,31
2013-06-01,대동금속앞,594,119
2013-06-01,대동시장1,4767,924
2013-06-01,대동시장2,9211,640
2013-06-01,대륜중고등학교건너,4553,1785
2013-06-01,대륜중고등학교앞,9698,1000
2013-06-01,대리,357,5
2013-06-01,대리마을앞,51,33
2013-06-01,대리마을회관,340,3
2013-06-01,대리마을회관건너,41,32
2013-06-01,대림생수,1063,23
2013-06-01,대림생수앞,45,314
2013-06-01,대림육교1,223,6559
2013-06-01,대림육교2,4915,105
2013-06-01,대명6동주민센터건너,3022,343
2013-06-01,대명6동주민센터앞,2908,213
2013-06-01,대명시장건너,26636,6704
2013-06-01,대명시장앞,23511,8077
2013-06-01,대명역(1번출구),20114,4498
2013-06-01,대명역(2번출구),14370,3506
2013-06-01,대명중학교건너,57,202
2013-06-01,대명중학교앞,3261,139
2013-06-01,대명초등학교건너,8316,2493
2013-06-01,대명초등학교앞,14130,3433
2013-06-01,대백인터빌건너,25691,3941
2013-06-01,대백인터빌앞,20504,13616
2013-06-01,대백창신한라타운건너,16940,1198
2013-06-01,대백창신한라타운앞,3335,1501
2013-06-01,대백프라자건너,26140,6011
2013-06-01,대백프라자앞,31489,7416
2013-06-01,대백한라무지개타운건너,20501,1073
2013-06-01,대백한라무지개타운앞,8722,2360
2013-06-01,대봉교회,10258,4557
2013-06-01,대봉네거리1,5439,526
2013-06-01,대봉네거리2,2896,2742
2013-06-01,대봉도서관건너,1988,383
2013-06-01,대봉도서관앞,4367,948
2013-06-01,대봉성당,13150,4616
2013-06-01,대서초등학교앞,540,163
2013-06-01,대성공업건너,298,2582
2013-06-01,대성공업앞,4453,166
2013-06-01,대성유니드앞,2747,59
2013-06-01,대성테크앞,242,15
2013-06-01,대신동광명맨션앞,1673,204
2013-06-01,대신센트럴자이,6100,629
2013-06-01,대실역(1번출구),8365,4075
2013-06-01,대실역(2번출구),28027,3989
2013-06-01,대실역(4번출구),1820,32
2013-06-01,대실역1,92,22
2013-06-01,대실역2,4,78
2013-06-01,대실역청아람건너,10544,98
2013-06-01,대실역청아람앞,358,1582
2013-06-01,대우트럼프월드수성건너,16339,942
2013-06-01,대우트럼프월드수성앞,5100,1378
2013-06-01,대원고등학교,7517,7481
2013-06-01,대원고등학교건너,16288,1078
2013-06-01,대원사건너(공산동),75,32
2013-06-01,대원사앞(공산동),257,3
2013-06-01,대원사입구,247,0
2013-06-01,대원유치원건너,7241,1204
2013-06-01,대원유치원앞,10487,820
2013-06-01,대일1리마을회관건너,241,68
2013-06-01,대일1리점촌마을,19,13
2013-06-01,대일아파트건너,12389,1908
2013-06-01,대일아파트앞,14191,1943
2013-06-01,대자연맨션,22585,1538
2013-06-01,대자연맨션건너,2966,1806
2013-06-01,대중인벤트,258,40
2013-06-01,대진중고등학교건너,809,51
2013-06-01,대진중고등학교앞,594,142
2013-06-01,대천119안전센터건너,1364,24
2013-06-01,대천119안전센터앞,460,64
2013-06-01,대천교,318,191
2013-06-01,대천초등학교건너,420,163
2013-06-01,대천초등학교앞,2805,57
2013-06-01,대청초등학교건너,260,743
2013-06-01,대청초등학교앞,14001,501
2013-06-01,대평2리,611,0
2013-06-01,대평교회앞,14,15
2013-06-01,대평리시장,13150,2357
2013-06-01,대평중학교건너,12857,983
2013-06-01,대평중학교앞,6002,794
2013-06-01,대홍철강,656,17
2013-06-01,대흥동건너,413,71
2013-06-01,대흥동앞,550,466
2013-06-01,덕곡(달구벌고교),427,3
2013-06-01,덕곡(대구선명학교),35,45
2013-06-01,덕곡삼거리1,36,150
2013-06-01,덕곡삼거리2,1157,43
2013-06-01,덕산마을건너,1,6
2013-06-01,덕산마을앞,319,0
2013-06-01,덕원고등학교건너,6213,3192
2013-06-01,덕원고등학교앞,5199,717
2013-06-01,덕인초등학교건너,2759,542
2013-06-01,덕인초등학교앞,2114,410
2013-06-01,덕화중학교건너,10762,717
2013-06-01,덕화중학교앞,4338,2216
2013-06-01,덴티스앞,258,7
2013-06-01,도남동,294,0
2013-06-01,도남동(종점),356,5
2013-06-01,도남지,109,0
2013-06-01,도동,1,7
2013-06-01,도동교1,984,8
2013-06-01,도동교2,15,31
2013-06-01,도동서원,130,3
2013-06-01,도동청구타운건너,61,40
2013-06-01,도동청구타운앞,1579,15
2013-06-01,도시철도건설본부건너,1848,2447
2013-06-01,도시철도건설본부앞,24702,8885
2013-06-01,도시철도담티역(1번출구),31598,8722
2013-06-01,도시철도담티역(3번출구),21460,14991
2013-06-01,도시철도대구역,846,732
2013-06-01,도시철도수성구청역북편1,361,5920
2013-06-01,도시철도수성구청역북편2,3500,132
2013-06-01,도의리,136,1
2013-06-01,도평동입구1,813,131
2013-06-01,도평동입구2,290,291
2013-06-01,도평동행정복지센터1,4,15
2013-06-01,도평동행정복지센터2,114,0
2013-06-01,도학동,1361,7
2013-06-01,도학동1,34,80
2013-06-01,동곡1리1,10,0
2013-06-01,동곡1리2,181,0
2013-06-01,동곡1리3,123,0
2013-06-01,동곡리,146,0
2013-06-01,동곡초등학교건너,356,6
2013-06-01,동곡초등학교앞,82,49
2013-06-01,동구시장건너,9644,2053
2013-06-01,동구시장앞,8067,2144
2013-06-01,동구청건너,56732,32127
2013-06-01,동구청앞,61762,27730
2013-06-01,동구청역(3번출구),7841,851
2013-06-01,동구청역(4번출구),2719,1526
2013-06-01,동대구LPG충전소건너,901,138
2013-06-01,동대구LPG충전소앞,731,138
2013-06-01,동대구맨션,12240,3236
2013-06-01,동대구시장건너,13761,4422
2013-06-01,동대구시장앞,22378,3512
2013-06-01,동대구역,56279,29851
2013-06-01,동대구역건너,59665,24851
2013-06-01,동대구역복합환승센터건너,56191,19444
2013-06-01,동대구역복합환승센터앞,49739,31254
2013-06-01,동대구역수화물취급소건너,351,93
2013-06-01,동대구역수화물취급소앞,387,76
2013-06-01,동대구역지하도1,4617,4367
2013-06-01,동대구역지하도2,13671,1456
2013-06-01,동대구초등학교건너,2237,57
2013-06-01,동대구초등학교앞,653,216
2013-06-01,동도중학교건너,11398,2061
2013-06-01,동도중학교앞,18385,1469
2013-06-01,동문고등학교앞,1248,291
2013-06-01,동변주공그린빌건너,2618,549
2013-06-01,동변주공그린빌앞,10476,263
2013-06-01,동부경찰서건너,2073,737
2013-06-01,동부경찰서앞,12135,437
2013-06-01,동부고교건너,1447,481
2013-06-01,동부고교앞,7495,505
2013-06-01,동부소방서건너,593,3706
2013-06-01,동부소방서앞,6216,396
2013-06-01,동부시외버스터미널(순환2번),2451,230
2013-06-01,동부중학교건너,5045,362
2013-06-01,동부중학교앞,2900,1254
2013-06-01,동북주유소건너,159,15
2013-06-01,동북주유소앞,31,54
2013-06-01,동산의료원앞1,34621,11308
2013-06-01,동산의료원앞2,15851,9618
2013-06-01,동서교회건너,3355,385
2013-06-01,동서교회앞,1488,561
2013-06-01,동서변리벤빌,10473,1607
2013-06-01,동서변월드메르디앙아파트,3420,253
2013-06-01,동서아파트건너,239,10
2013-06-01,동서아파트앞,46,8
2013-06-01,동서화성타운건너,34238,2112
2013-06-01,동서화성타운앞,16058,3102
2013-06-01,동성에스티에스건너,8,0
2013-06-01,동성에스티에스앞,4,1
2013-06-01,동성초등학교건너,2997,2162
2013-06-01,동성초등학교앞,6586,1674
2013-06-01,동신초등학교건너,3161,608
2013-06-01,동신초등학교앞,2730,1282
2013-06-01,동아백화점수성점건너,10609,15204
2013-06-01,동아백화점수성점앞,69009,2247
2013-06-01,동아수산냉동건너,591,401
2013-06-01,동아수산냉동앞,443,75
2013-06-01,동아스포츠센터(지산중학교앞),1631,782
2013-06-01,동아스포츠센터(지산초교앞),10475,269
2013-06-01,동아제약,486,120
2013-06-01,동아제약건너,3066,50
2013-06-01,동양맨션앞,3715,303
2013-06-01,동원약품,8534,541
2013-06-01,동원초등학교건너,1392,277
2013-06-01,동원초등학교앞1,1680,196
2013-06-01,동원초등학교앞2,2357,264
2013-06-01,동인네거리1,1858,317
2013-06-01,동인네거리2,2167,384
2013-06-01,동인초등학교건너,14869,3204
2013-06-01,동인초등학교앞,13058,2638
2013-06-01,동인치안센터건너,20189,4119
2013-06-01,동인치안센터앞,10734,4249
2013-06-01,동일초등학교건너,2546,1294
2013-06-01,동일초등학교앞,3425,878
2013-06-01,동천역1,492,105
2013-06-01,동천역2,1110,116
2013-06-01,동촌강나루아파트건너,4123,578
2013-06-01,동촌강나루아파트앞,3676,4109
2013-06-01,동촌역,600,256
2013-06-01,동촌역(구길),2209,188
2013-06-01,동촌역(신길)1,6991,1100
2013-06-01,동촌역(신길)2,4545,2072
2013-06-01,동촌유원지,933,94
2013-06-01,동촌유원지놀이동산앞,258,71
2013-06-01,동촌해성아파트건너,157,110
2013-06-01,동촌해성아파트앞,1019,250
2013-06-01,동촌화성타운건너,11944,1211
2013-06-01,동촌화성타운앞,8052,1861
2013-06-01,동침산네거리,2132,401
2013-06-01,동침산네거리2,18,69
2013-06-01,동호동건너(북구),1188,18
2013-06-01,동호동앞(북구),101,68
2013-06-01,동호육교1,43,517
2013-06-01,동호육교2,7907,302
2013-06-01,동호초등학교건너,606,9
2013-06-01,동화골든빌(남편),5656,69
2013-06-01,동화골든빌(동편),4824,1173
2013-06-01,동화골든빌(북편),76,142
2013-06-01,동화골든빌건너(남편),24,263
2013-06-01,동화교1,60,173
2013-06-01,동화교2,2947,6
2013-06-01,동화사입구건너,5933,8
2013-06-01,동화사입구앞,57,333
2013-06-01,동화시설집단지구(종점)1,10737,28
2013-06-01,동화시설집단지구(종점)2(대구시민안전테마파크),133,333
2013-06-01,두류3동파출소건너,940,108
2013-06-01,두류3동파출소앞,572,196
2013-06-01,두류공원(야외음악당건너),946,35
2013-06-01,두류공원(야외음악당앞),769,157
2013-06-01,두류공원네거리1,13715,2906
2013-06-01,두류공원네거리2,4905,4826
2013-06-01,두류도서관앞,10636,2255
2013-06-01,두류보성맨션건너,7129,710
2013-06-01,두류보성맨션앞,3806,2633
2013-06-01,두류수영장건너,21459,5061
2013-06-01,두류수영장앞,21393,4645
2013-06-01,두류역(달성고등학교건너),36351,11110
2013-06-01,두류역(달성고등학교앞),56635,40431
2013-06-01,두류정수사업소건너,20021,3821
2013-06-01,두류정수사업소앞,6546,3014
2013-06-01,두류파출소건너,880,44
2013-06-01,두류파출소앞,217,141
2013-06-01,두리봉네거리1,4120,7797
2013-06-01,두리봉네거리2,17126,4045
2013-06-01,두리봉터널입구,1521,314
2013-06-01,두리봉터널입구건너,4597,153
2013-06-01,두산동주민센터건너,16516,4572
2013-06-01,두산동주민센터앞,9480,6515
2013-06-01,두산스포츠건너,1865,126
2013-06-01,두성파크아파트건너,25266,10113
2013-06-01,두성파크아파트앞,11379,7676
2013-06-01,둔산동,2225,6
2013-06-01,들안길1,1262,456
2013-06-01,들안길2,4682,210
2013-06-01,들안길네거리1,5930,177
2013-06-01,들안길네거리2,1158,1530
2013-06-01,들안길초등학교건너,6341,2344
2013-06-01,들안길초등학교앞,5466,1283
2013-06-01,들연경,250,0
2013-06-01,럭키아파트건너,290,302
2013-06-01,럭키아파트앞,2488,54
2013-06-01,롯데백화점상인점건너,12632,4718
2013-06-01,롯데캐슬그랜드,734,522
2013-06-01,룸비니유치원건너,2574,199
2013-06-01,룸비니유치원앞,2348,266
2013-06-01,마비정벽화마을(종점),762,32
2013-06-01,만경관건너,7540,3342
2013-06-01,만경관앞,12715,2927
2013-06-01,만촌1동주민센터,3213,517
2013-06-01,만촌2동주민센터,16560,5308
2013-06-01,만촌3차화성파크드림건너,4190,724
2013-06-01,만촌그린빌라건너,720,76
2013-06-01,만촌역(1번출구),560,6037
2013-06-01,만촌우방1차건너,7531,114
2013-06-01,만촌우방1차앞,330,659
2013-06-01,만촌육교1,57834,14167
2013-06-01,만촌육교2,8749,21127
2013-06-01,만촌자전거경기장,6,51
2013-06-01,만촌천주교회앞,275,81
2013-06-01,만촌초등학교건너1,2695,266
2013-06-01,만촌초등학교건너2,4054,266
2013-06-01,만촌초등학교앞,3293,347
2013-06-01,만촌태왕리더스건너,5635,304
2013-06-01,만촌태왕리더스건너(남편),364,736
2013-06-01,만촌태왕리더스북편,566,121
2013-06-01,만촌태왕리더스앞1,5888,3763
2013-06-01,만촌태왕리더스앞2,1996,337
2013-06-01,만촌화성파크스위트,42,125
2013-06-01,만평네거리,7215,1921
2013-06-01,만평역(서대구고속버스터미널)1,8592,4442
2013-06-01,만평역(서대구고속버스터미널)2,8392,4824
2013-06-01,망우당공원(종점),479,149
2013-06-01,망우당공원건너,1826,1134
2013-06-01,망우당공원앞,5747,1638
2013-06-01,매곡(종점),24,77
2013-06-01,매곡사거리1,931,1454
2013-06-01,매곡사거리2,10968,372
2013-06-01,매곡정수사업소건너,1165,53
2013-06-01,매곡정수사업소앞,7,18
2013-06-01,매곡초등학교건너,30,80
2013-06-01,매골1,11,28
2013-06-01,매골2,310,3
2013-06-01,매여동(동구)저탄장,569,28
2013-06-01,매일신문사건너,176,203
2013-06-01,매일신문사앞,1431,82
2013-06-01,매천고교,1721,114
2013-06-01,매천대교1,1014,80
2013-06-01,매천성당건너1,3226,207
2013-06-01,매천성당건너2,811,217
2013-06-01,매천성당앞,5579,259
2013-06-01,매천수산시장건너,1921,129
2013-06-01,매천수산시장앞,1702,155
2013-06-01,매천시장지하차도,1912,178
2013-06-01,매천중고등학교건너,3989,1837
2013-06-01,매천중고등학교앞,17737,1089
2013-06-01,매천초교(매천역)2,973,42
2013-06-01,매천화성파크드림,1422,58
2013-06-01,매천휴먼시아앞,1211,89
2013-06-01,매호동서아파트앞,837,7
2013-06-01,매호성당건너,541,0
2013-06-01,메트로시티건너,6036,584
2013-06-01,메트로시티앞,2415,426
2013-06-01,메트로팔레스1,15283,2058
2013-06-01,메트로팔레스2,20070,1789
2013-06-01,명곡1리입구1,2,4
2013-06-01,명곡1리입구2,12,1
2013-06-01,명곡리1,2414,429
2013-06-01,명곡리2,4965,1373
2013-06-01,명곡미래빌1단지,2101,355
2013-06-01,명곡미래빌2단지건너,28,375
2013-06-01,명곡미래빌2단지앞,10683,1436
2013-06-01,명곡미래빌3단지건너,2127,348
2013-06-01,명곡미래빌3단지앞,4310,326
2013-06-01,명곡미래빌4단지,3932,309
2013-06-01,명곡미래빌5단지건너,17,109
2013-06-01,명곡미래빌5단지앞,5095,566
2013-06-01,명곡지구앞,1607,400
2013-06-01,명덕네거리1,37505,5305
2013-06-01,명덕네거리2,13444,21596
2013-06-01,명덕역(6번출구),27802,28306
2013-06-01,명덕역(7번출구),35951,9565
2013-06-01,명덕초등학교건너,23390,9287
2013-06-01,명덕초등학교앞,29594,10726
2013-06-01,명문세가APT건너,8903,1500
2013-06-01,명문세가APT앞,13610,4701
2013-06-01,명문오하임아파트건너,435,115
2013-06-01,명문오하임아파트앞,313,92
2013-06-01,명보약국건너,2123,435
2013-06-01,명보약국앞,2754,687
2013-06-01,명성푸르지오건너,6860,1598
2013-06-01,명성푸르지오앞,18746,1245
2013-06-01,모개월앞,3,1
2013-06-01,모개월입구,136,0
2013-06-01,모다아울렛,71,2
2013-06-01,모다아울렛건너,16601,431
2013-06-01,모다아울렛앞,118,2357
2013-06-01,모래정마을건너,397,2
2013-06-01,모래정마을앞,25,3
2013-06-01,목단1리,159,0
2013-06-01,목단2리,36,0
2013-06-01,목단리,14,0
2013-06-01,묘1리,129,0
2013-06-01,묘2리(고려정밀),121,0
2013-06-01,묘2리(전마),39,0
2013-06-01,무궁화LPG충전소,9933,1617
2013-06-01,무궁화LPG충전소건너,3721,875
2013-06-01,무궁화어린이공원입구,2039,412
2013-06-01,무궁화어린이공원입구건너,4372,588
2013-06-01,무등1리1,1,0
2013-06-01,무등1리2,229,0
2013-06-01,무등1리3,79,0
2013-06-01,무등2리,3,1
2013-06-01,무등2리입구건너,110,0
2013-06-01,무림제지건너,776,288
2013-06-01,무림제지앞1,1076,235
2013-06-01,무림제지앞2,178,47
2013-06-01,무열대건너,4553,1506
2013-06-01,무열대앞,1644,375
2013-06-01,무태교,13,451
2013-06-01,무태네거리(시내방향),17310,6008
2013-06-01,무태네거리(시외방향),4058,4585
2013-06-01,무태새마을금고건너,1747,438
2013-06-01,무태새마을금고앞,5367,230
2013-06-01,무태조야동주민센터건너1,7386,297
2013-06-01,무태조야동주민센터건너2,5405,1875
2013-06-01,무태조야동주민센터앞1,1271,716
2013-06-01,무태조야동주민센터앞2,16336,1258
2013-06-01,문성병원건너,13026,3287
2013-06-01,문성병원앞,18247,5029
2013-06-01,문양기지창건너,22,70
2013-06-01,문양기지창앞,473,19
2013-06-01,문양리1,252,19
2013-06-01,문양리2,4,3
2013-06-01,문양리입구1,683,11
2013-06-01,문양리입구2,8,12
2013-06-01,문양역건너,37,425
2013-06-01,문양역앞,2300,1484
2013-06-01,문주마을건너,181,0
2013-06-01,문주마을앞,2,2
2013-06-01,문화예술회관건너,13434,3856
2013-06-01,문화예술회관앞,12509,3263
2013-06-01,미8군후문건너,570,179
2013-06-01,미8군후문앞,1377,31
2013-06-01,미곡동1,332,341
2013-06-01,미곡동2,4130,211
2013-06-01,미대동1,2408,61
2013-06-01,미대동2,323,354
2013-06-01,미래아트빌앞,1121,321
2013-06-01,미리내맨션건너,15451,623
2013-06-01,미리내맨션앞,5100,1216
2013-06-01,민들레아파트(종점),97,90
2013-06-01,민들레아파트후문건너,8218,18
2013-06-01,민들레아파트후문앞,6,228
2013-06-01,바른병원건너,373,171
2013-06-01,박곡리(시내방향),164,2
2013-06-01,박곡리(시외방향),50,6
2013-06-01,박석진교,31,24
2013-06-01,반고개(내당역4번출구),3944,2891
2013-06-01,반고개1,8059,2434
2013-06-01,반고개2,17839,6333
2013-06-01,반송4교건너,223,1
2013-06-01,반송4교앞,260,5
2013-06-01,반송리,331,1
2013-06-01,반야월모란1차아파트,4314,866
2013-06-01,반야월시장1,7070,3536
2013-06-01,반야월시장2,10103,1914
2013-06-01,반야월역(국철)건너,5443,2253
2013-06-01,반야월역(국철)앞,9310,1231
2013-06-01,반야월역(도시철도1번출구),5903,1367
2013-06-01,반야월역(도시철도2번출구),6872,569
2013-06-01,반야월역(도시철도3번출구),2768,3653
2013-06-01,반야월역(도시철도4번출구)1,10272,4905
2013-06-01,반야월역(도시철도4번출구)2,2214,1517
2013-06-01,반야월저탄장건너,6724,2755
2013-06-01,반야월저탄장앞,10917,1408
2013-06-01,반월당역(1번출구)1,41435,22515
2013-06-01,반월당역(1번출구)2,5251,7596
2013-06-01,반월당역(2번출구),46223,32677
2013-06-01,방공포병학교건너,2029,269
2013-06-01,방공포병학교앞,769,922
2013-06-01,방짜유기박물관건너,897,8
2013-06-01,방짜유기박물관앞,19,76
2013-06-01,방천리1,76,40
2013-06-01,방천리2,858,52
2013-06-01,방천리환경자원사업소,216,10
2013-06-01,방천시장(김광석길)건너,15623,4174
2013-06-01,방천시장(김광석길)앞,13446,4284
2013-06-01,방촌1동,815,1
2013-06-01,방촌건널목,103,1752
2013-06-01,방촌맨션앞,5134,569
2013-06-01,방촌빌라,163,245
2013-06-01,방촌시장건너,29401,7544
2013-06-01,방촌시장앞,18594,8316
2013-06-01,방촌역(1번출구),15143,2560
2013-06-01,방촌역(2번출구),11524,3856
2013-06-01,방촌치안센터건너,2747,1048
2013-06-01,방촌치안센터앞,4569,556
2013-06-01,백사벌네거리1,3102,112
2013-06-01,백사벌네거리2,3069,1390
2013-06-01,백안교1,94,89
2013-06-01,백안교2,1228,44
2013-06-01,백안삼거리1,286,227
2013-06-01,백안삼거리2,3760,134
2013-06-01,백자맨션건너,10838,1383
2013-06-01,백자맨션앞,5274,1566
2013-06-01,범물1동주민센터건너,42696,2602
2013-06-01,범물1동주민센터앞,9853,3665
2013-06-01,범물2동주민센터건너,3112,65
2013-06-01,범물2동주민센터앞,21,262
2013-06-01,범물두성타운건너,5447,22
2013-06-01,범물우방미진하이츠앞,8,276
2013-06-01,범물청구맨션건너,6346,3233
2013-06-01,범물청구맨션앞,36664,3251
2013-06-01,범물하이츠 건너,2720,1841
2013-06-01,범물하이츠앞,34718,514
2013-06-01,범물한라주택건너,25043,1356
2013-06-01,범물한라주택앞,3814,3432
2013-06-01,범어2동1,283,538
2013-06-01,범어2동2,1227,66
2013-06-01,범어4동주민센터건너,26534,5970
2013-06-01,범어4동주민센터앞,14323,9037
2013-06-01,범어쌍용예가건너,7990,2119
2013-06-01,범어쌍용예가앞,10921,2104
2013-06-01,범어역(1번출구),17024,3994
2013-06-01,범어역(2번출구),9968,3037
2013-06-01,법원건너,20564,8729
2013-06-01,법원앞,25654,7910
2013-06-01,법원어린이집,756,355
2013-06-01,베어산업건너,626,1
2013-06-01,베어산업앞,46,55
2013-06-01,병무청중앙신체검사소,0,3
2013-06-01,보람타운건너,8789,413
2013-06-01,보람타운앞,6133,2285
2013-06-01,보병50사단건너,3493,348
2013-06-01,보병50사단앞,1813,259
2013-06-01,보성기계건너,3839,47
2013-06-01,보성기계앞,22,95
2013-06-01,보성산호타운건너,4554,452
2013-06-01,보성산호타운앞,2896,1031
2013-06-01,보성서한타운앞,3736,260
2013-06-01,보성은하타운앞,2323,99
2013-06-01,보성화성타운건너,23347,2502
2013-06-01,보성화성타운앞,9944,2513
2013-06-01,보훈병원건너,23,238
2013-06-01,보훈병원앞,7080,8
2013-06-01,복음간호학원,1306,504
2013-06-01,복현네거리,4810,3596
2013-06-01,복현대백맨션건너,18072,976
2013-06-01,복현대백맨션앞,4129,1788
2013-06-01,복현서한2차아파트,2332,1803
2013-06-01,복현성모약국앞,3998,1069
2013-06-01,복현오거리1,47180,17146
2013-06-01,복현오거리2,12342,7086
2013-06-01,복현오거리3,306,330
2013-06-01,복현우방아파트,9336,1152
2013-06-01,복현우체국건너,47607,6953
2013-06-01,복현우체국앞,11787,4799
2013-06-01,복현장미맨션앞,2237,279
2013-06-01,복현푸르지오아파트건너,16826,1176
2013-06-01,복현현대맨션건너,2700,61
2013-06-01,복현현대맨션앞,631,170
2013-06-01,본동시장건너,7753,835
2013-06-01,본동시장앞,2476,421
2013-06-01,본리1리,562,20
2013-06-01,본리1리동회관건너,1447,174
2013-06-01,본리1리동회관앞,54,32
2013-06-01,본리2,1238,126
2013-06-01,본리근린공원건너,38,0
2013-06-01,본리근린공원앞,2,0
2013-06-01,본리네거리,2339,654
2013-06-01,본리네거리2,9327,1399
2013-06-01,본리네거리3,2125,1020
2013-06-01,본리도서관앞,1438,203
2013-06-01,본리롯데캐슬,2369,121
2013-06-01,본리아카시아맨션,5446,1811
2013-06-01,본리지구건너,1287,497
2013-06-01,본리지구앞,6917,695
2013-06-01,본리초등학교건너,8756,2446
2013-06-01,본리초등학교앞,8055,1331
2013-06-01,본리치안센터건너,3969,520
2013-06-01,본리치안센터앞,3554,889
2013-06-01,본말(종점),24,4
2013-06-01,봉덕119안전센터건너,1114,36
2013-06-01,봉덕119안전센터앞,547,158
2013-06-01,봉덕2동새마을금고건너,1213,305
2013-06-01,봉덕2동새마을금고앞,983,442
2013-06-01,봉덕교회건너,14254,2250
2013-06-01,봉덕교회앞,5022,1910
2013-06-01,봉덕변전소건너,2192,5
2013-06-01,봉덕변전소앞,7,50
2013-06-01,봉덕시장건너1,3772,2496
2013-06-01,봉덕시장건너2,711,231
2013-06-01,봉덕시장건너3,4521,1157
2013-06-01,봉덕시장앞1,10523,1467
2013-06-01,봉덕시장앞2,4253,3422
2013-06-01,봉무공원건너,30759,1018
2013-06-01,봉무청구새들마을건너,10358,3864
2013-06-01,봉무청구새들마을앞,2550,727
2013-06-01,봉산가구골목(동편),3916,2036
2013-06-01,봉산가구골목(서편),3202,333
2013-06-01,봉산문화거리건너,20876,7679
2013-06-01,봉산문화거리앞,12713,4717
2013-06-01,봉산육거리,3734,872
2013-06-01,봉촌1리1,497,0
2013-06-01,봉촌1리2,15,19
2013-06-01,봉촌1리3,180,0
2013-06-01,봉촌2리,393,1
2013-06-01,봉촌낙동길입구,280,1
2013-06-01,봉촌낙동길입구건너,8,22
2013-06-01,봉촌리,370,0
2013-06-01,부곡리,8,9
2013-06-01,부곡리건너,93,79
2013-06-01,부남교앞,10,0
2013-06-01,부동,1913,12
2013-06-01,부동(종점),46,5
2013-06-01,부동농협,965,9
2013-06-01,부동삼거리,0,6
2013-06-01,부영3단지,3328,491
2013-06-01,부영5단지,2153,333
2013-06-01,부영7단지건너,671,8
2013-06-01,부영7단지앞,11,35
2013-06-01,부인사건너,14,3
2013-06-01,부인사앞,104,0
2013-06-01,북구구민운동장건너,7507,424
2013-06-01,북구구민운동장앞,2141,1961
2013-06-01,북구보건소건너,3535,958
2013-06-01,북구보건소앞,5758,592
2013-06-01,북구선거관리위원회건너,6024,620
2013-06-01,북구선거관리위원회앞,6968,5132
2013-06-01,북구어울아트센터앞,91,81
2013-06-01,북구청건너,12928,3712
2013-06-01,북구청네거리1,1834,884
2013-06-01,북구청네거리2,3215,384
2013-06-01,북구청앞,13291,2514
2013-06-01,북구청역(3번출구),9215,2578
2013-06-01,북구청역(4번출구),5653,1926
2013-06-01,북대구세무서건너,7486,783
2013-06-01,북대구세무서앞,4025,1026
2013-06-01,북대구초등학교건너,2771,44
2013-06-01,북대구초등학교앞,635,425
2013-06-01,북동초등학교건너,1141,387
2013-06-01,북동초등학교앞,4812,117
2013-06-01,북리1,2403,1535
2013-06-01,북리2,17129,378
2013-06-01,북부경찰서건너,2636,728
2013-06-01,북부상수도사업소,238,255
2013-06-01,북부정류장,88474,22259
2013-06-01,북부정류장건너,38393,26028
2013-06-01,북비산네거리1,10780,3043
2013-06-01,북비산네거리2,9539,1912
2013-06-01,북중학교앞,2957,263
2013-06-01,북침산치안센터건너,7502,1512
2013-06-01,북침산치안센터앞,6979,1536
2013-06-01,불교한방병원건너1,667,548
2013-06-01,불교한방병원건너2,1690,220
2013-06-01,불교한방병원앞1,3220,184
2013-06-01,불교한방병원앞2,3211,918
2013-06-01,불로삼거리,1573,3220
2013-06-01,불로우방아파트건너,6989,3360
2013-06-01,불로우방아파트앞,8694,2061
2013-06-01,불로전통시장건너,41574,4796
2013-06-01,불로전통시장앞,14844,9876
2013-06-01,불로천주교회건너,7120,1843
2013-06-01,불로천주교회앞,21231,2932
2013-06-01,불로화훼단지건너,2503,337
2013-06-01,불로화훼단지앞,2286,768
2013-06-01,비산5동주민센터,13,1
2013-06-01,비산6동주민센터건너,1048,329
2013-06-01,비산6동주민센터앞,940,57
2013-06-01,비산7동우체국건너,3268,1992
2013-06-01,비산7동우체국앞1,15593,6393
2013-06-01,비산7동우체국앞2,14430,1588
2013-06-01,비산지하도1,10980,2535
2013-06-01,비산지하도2,18270,3355
2013-06-01,비산초등학교건너,10599,1081
2013-06-01,비산초등학교앞,13555,956
2013-06-01,비슬산휴양림주차장,55,6
2013-06-01,비원지구대건너,5803,308
2013-06-01,비원지구대앞,504,502
2013-06-01,비철금속협업단지앞,9460,546
2013-06-01,사복동입구교차로,159,632
2013-06-01,사복동입구교차로건너,32,92
2013-06-01,사월동(종점),907,89
2013-06-01,사월보성2차건너,86,366
2013-06-01,사월보성2차앞,2673,25
2013-06-01,사월역(2번출구),20721,5564
2013-06-01,사월역(4번출구),17439,17941
2013-06-01,사창마을건너,32,0
2013-06-01,사창마을앞,73,0
2013-06-01,산격4동주민센터건너,733,202
2013-06-01,산격4동주민센터앞,7843,474
2013-06-01,산격거평타운건너,836,1217
2013-06-01,산격거평타운앞,2303,787
2013-06-01,산격대우아파트앞,57708,17058
2013-06-01,산격문화회관건너,9262,775
2013-06-01,산격문화회관앞,3291,946
2013-06-01,산격종합시장앞,51356,29150
2013-06-01,산격주공아파트건너,3989,3071
2013-06-01,산격주공아파트앞,23695,3700
2013-06-01,산격중학교건너,5426,4099
2013-06-01,산격중학교앞,14397,1154
2013-06-01,산격청구맨션앞,6750,2455
2013-06-01,산격초등학교건너,10151,617
2013-06-01,산격초등학교앞,9714,820
2013-06-01,산림조합중앙회건너,2009,493
2013-06-01,산림조합중앙회앞,3160,293
2013-06-01,산업용재관,4135,4418
2013-06-01,삼덕교회,6139,2397
2013-06-01,삼덕동1,246,131
2013-06-01,삼덕동2,385,19
2013-06-01,삼덕성당앞,8775,961
2013-06-01,삼리1리1,127,60
2013-06-01,삼리1리2,909,177
2013-06-01,삼리리1(논공),327,34
2013-06-01,삼리리2(논공),86,58
2013-06-01,삼보,916,75
2013-06-01,삼산리(범동교),23,0
2013-06-01,삼산리(삼산교회건너),4343,102
2013-06-01,삼산리(삼산교회앞),44,279
2013-06-01,삼산리(은지가든),9,3
2013-06-01,삼산리입구건너,515,4
2013-06-01,삼산리입구앞,2,31
2013-06-01,삼산지,433,2
2013-06-01,삼성공원아파트건너,690,129
2013-06-01,삼성래미안1차건너,5168,972
2013-06-01,삼성래미안1차앞,5333,1088
2013-06-01,삼성래미안2차건너,4443,1410
2013-06-01,삼성래미안2차앞,3437,604
2013-06-01,삼성명가타운,3585,441
2013-06-01,삼성명가타운건너,2359,343
2013-06-01,삼성물류센터앞,258,626
2013-06-01,삼성한국형아파트건너,1231,72
2013-06-01,삼성한국형아파트앞,1198,817
2013-06-01,삼우섬유앞,400,11
2013-06-01,삼육구가든건너,4,21
2013-06-01,삼육구가든앞,184,0
2013-06-01,삼익THK건너,328,82
2013-06-01,삼익THK앞,179,18
2013-06-01,삼익뉴타운건너,7224,1266
2013-06-01,삼익뉴타운앞,12018,1035
2013-06-01,삼정빌딩앞,981,399
2013-06-01,삼호아파트건너,880,202
2013-06-01,삼호아파트앞,1166,418
2013-06-01,삼환맨션,543,60
2013-06-01,상공회의소건너,3968,683
2013-06-01,상공회의소앞,5119,548
2013-06-01,상당마을,3,0
2013-06-01,상동가압장건너,965,298
2013-06-01,상동교1,306,135
2013-06-01,상동교2,2378,346
2013-06-01,상동네거리,4772,715
2013-06-01,상동마을(둔산길),718,0
2013-06-01,상동시장앞,2244,365
2013-06-01,상동우체국건너,4379,1098
2013-06-01,상동우체국앞,18693,2272
2013-06-01,상동천주교회건너,304,128
2013-06-01,상동천주교회앞,2569,889
2013-06-01,상록아파트,4,33
2013-06-01,상리공단,2334,119
2013-06-01,상리공단건너,783,244
2013-06-01,상리동입구,1897,89
2013-06-01,상리동입구1,5,224
2013-06-01,상리동입구2,3461,3
2013-06-01,상리동종점,0,43
2013-06-01,상리동종점2,967,0
2013-06-01,상리동종점3,2794,138
2013-06-01,상리마을건너,2,9
2013-06-01,상리마을앞,50,3
2013-06-01,상리지하도1,2374,34
2013-06-01,상리지하도2,1557,57
2013-06-01,상매동(저탄장),94,0
2013-06-01,상서고등학교건너,2569,48
2013-06-01,상서고등학교앞,1274,95
2013-06-01,상수도사업본부,9054,2151
2013-06-01,상수도사업본부건너,6977,3832
2013-06-01,상수도사업본부시설관리소건너,9455,4595
2013-06-01,상수도사업본부시설관리소앞,1802,413
2013-06-01,상수도중남부사업소건너,1668,167
2013-06-01,상수도중남부사업소앞,559,116
2013-06-01,상원리(마을회관),439,0
2013-06-01,상원리(전평못식당),107,0
2013-06-01,상인2동주민센터건너,5660,249
2013-06-01,상인동서타운앞,17306,2088
2013-06-01,상인동화아이위시아파트건너,20893,2142
2013-06-01,상인동화아이위시아파트앞,2834,1896
2013-06-01,상인비둘기1단지아파트건너,4799,1256
2013-06-01,상인비둘기1단지아파트앞,17677,630
2013-06-01,상인비둘기2단지아파트앞,13044,1028
2013-06-01,상인삼미타운건너,2528,3736
2013-06-01,상인삼미타운앞,5378,637
2013-06-01,상인역e-편한세상앞,6996,6934
2013-06-01,상인우방아파트,13668,8894
2013-06-01,상인은행아파트건너,7636,825
2013-06-01,상인은행아파트앞,6174,1256
2013-06-01,상인자이앞,6856,533
2013-06-01,상인장미아파트앞,10178,816
2013-06-01,상인제림아파트건너,4598,627
2013-06-01,상인제림아파트앞,1729,410
2013-06-01,상인청구타운건너,3365,165
2013-06-01,상인청구타운앞,1816,235
2013-06-01,상인초등학교앞,13685,2358
2013-06-01,상인한서타운앞,4036,637
2013-06-01,상인현대맨션건너,74438,8864
2013-06-01,상인현대맨션앞,25153,51876
2013-06-01,상인화성파크드림건너,968,560
2013-06-01,상인화성파크드림앞,1349,213
2013-06-01,상화네거리,211,332
2013-06-01,새길시장건너,12687,11540
2013-06-01,새길시장앞,34394,6716
2013-06-01,새동네아파트건너,43,1
2013-06-01,새동네아파트앞,594,428
2013-06-01,새마을건너,4,13
2013-06-01,새마을입구,127,1
2013-06-01,새범어아파트건너,1407,135
2013-06-01,새범어아파트앞,993,148
2013-06-01,새본리중학교앞,1223,151
2013-06-01,샛터마을입구,40,9
2013-06-01,샤니삼거리1,175,0
2013-06-01,샤니삼거리2,3,0
2013-06-01,서구문화회관건너,2500,713
2013-06-01,서구문화회관앞,8563,1729
2013-06-01,서구시장건너,19523,4897
2013-06-01,서구시장앞,17187,3541
2013-06-01,서구제일사회복지관건너,1420,847
2013-06-01,서구제일사회복지관앞,4397,426
2013-06-01,서구청건너,47684,12925
2013-06-01,서구청앞,49375,10160
2013-06-01,서남시장건너,29488,10627
2013-06-01,서남시장앞1,21871,6653
2013-06-01,서남시장앞2,8659,3147
2013-06-01,서당마을건너,1184,5
2013-06-01,서당마을앞,37,35
2013-06-01,서대구고속버스터미널,1092,353
2013-06-01,서대구공단네거리1,765,110
2013-06-01,서대구공단네거리2,506,112
2013-06-01,서대구공단네거리3,2631,434
2013-06-01,서대구공단네거리4,4651,605
2013-06-01,서대구세무서,10142,18358
2013-06-01,서대구시장건너,13112,7871
2013-06-01,서대구시장앞,13150,4582
2013-06-01,서대구초등학교입구,22446,9047
2013-06-01,서대명지구대건너,7055,1069
2013-06-01,서대명지구대앞,2615,1647
2013-06-01,서도초등학교건너,2615,565
2013-06-01,서도초등학교서편1,21,3
2013-06-01,서도초등학교서편2,1292,84
2013-06-01,서도초등학교앞,5008,641
2013-06-01,서문시장,89001,24538
2013-06-01,서문시장5지구앞,1364,642
2013-06-01,서변동영남네오빌건너,6472,935
2013-06-01,서변동영남네오빌앞,2105,384
2013-06-01,서부고등학교건너,1979,442
2013-06-01,서부고등학교앞,3568,181
2013-06-01,서부공업고등학교건너,10755,19188
2013-06-01,서부공업고등학교앞,25911,3807
2013-06-01,서부소방서,4,4
2013-06-01,서부시장건너,30888,7578
2013-06-01,서부시장앞,22592,8395
2013-06-01,서부정류장(관문시장건너),80029,39563
2013-06-01,서부정류장(관문시장앞),36909,23086
2013-06-01,서부정류장1,79352,23334
2013-06-01,서부정류장2,6305,2167
2013-06-01,서부정류장3(성당못역1번출구),23464,49191
2013-06-01,서부정류장4(성당못역1번출구),2956,2747
2013-06-01,서부중학교앞,8975,2233
2013-06-01,서영기공건너,212,0
2013-06-01,서영기공앞,4,22
2013-06-01,서재금봉타운,217,937
2013-06-01,서재금봉타운건너,29073,133
2013-06-01,서재들,11,2
2013-06-01,서재들건너,53,1
2013-06-01,서재보성타운건너,15814,88
2013-06-01,서재보성타운앞,239,594
2013-06-01,서진중학교건너,983,261
2013-06-01,서평초등학교,3061,1190
2013-06-01,서평초등학교건너,2817,1361
2013-06-01,선녀곡건너(옥포),634,26
2013-06-01,선녀곡앞(옥포),59,123
2013-06-01,설티고개(달성공단방면),4,0
2013-06-01,설티고개(옥포방면),51,0
2013-06-01,설화동(종점),326,7
2013-06-01,설화리(시내방향),6392,535
2013-06-01,설화리(시외방향),2559,561
2013-06-01,설화명곡역(4번출구),0,62
2013-06-01,섬뜸마을,601,0
2013-06-01,섬유회관건너1,57216,19358
2013-06-01,섬유회관건너2,4296,1462
2013-06-01,섬유회관앞,70181,35371
2013-06-01,성곡중학교건너,1419,306
2013-06-01,성곡중학교앞,1498,102
2013-06-01,성광고등학교건너,10112,391
2013-06-01,성광고등학교앞,730,467
2013-06-01,성남초등학교건너,1369,589
2013-06-01,성남초등학교앞,4651,245
2013-06-01,성내3동주민센터입구,1357,374
2013-06-01,성당두산위브앞,26858,3079
2013-06-01,성당래미안·e-편한세상앞,11187,2106
2013-06-01,성당못역북편1,655,1626
2013-06-01,성당못역북편2,2145,445
2013-06-01,성당보성아파트건너,20029,7272
2013-06-01,성당보성아파트앞,14648,4782
2013-06-01,성당시장건너,27868,8220
2013-06-01,성당시장앞1,5951,1043
2013-06-01,성당시장앞2,32565,4636
2013-06-01,성당초교앞,1112,189
2013-06-01,성당코오롱하늘채,9139,1276
2013-06-01,성당코오롱하늘채2,11797,5440
2013-06-01,성당포스코더샵건너,6614,1046
2013-06-01,성당포스코더샵앞,14208,1363
2013-06-01,성동건너,227,182
2013-06-01,성동마을건너,119,49
2013-06-01,성동마을앞,361,16
2013-06-01,성동앞,134,88
2013-06-01,성동초등학교건너,11426,2128
2013-06-01,성동초등학교앞,13892,1867
2013-06-01,성동탱자나무마을건너,65,14
2013-06-01,성동탱자나무마을앞,115,28
2013-06-01,성림첨단산업건너,50,16
2013-06-01,성림첨단산업앞,386,11
2013-06-01,성명119안전센터건너1,4379,1321
2013-06-01,성명119안전센터앞,2110,601
2013-06-01,성명여자중학교,494,28
2013-06-01,성모여성병원건너,33982,11951
2013-06-01,성모여성병원앞,33623,27463
2013-06-01,성보교통,1578,105
2013-06-01,성북교1,11519,3978
2013-06-01,성북교2,7608,3712
2013-06-01,성북시장건너,2800,789
2013-06-01,성북시장앞,11728,1033
2013-06-01,성산3동,1,20
2013-06-01,성산리1,34,67
2013-06-01,성산리2,660,65
2013-06-01,성산중학교앞,2048,67
2013-06-01,성산초등학교앞,639,121
2013-06-01,성서119안전센터건너,505,8006
2013-06-01,성서119안전센터앞,14709,280
2013-06-01,성서4차산업단지앞1,517,149
2013-06-01,성서공단물류센터,457,1
2013-06-01,성서농협남부지소,13899,2451
2013-06-01,성서동서서한타운건너,4718,528
2013-06-01,성서동서서한타운앞,5939,380
2013-06-01,성서보성타운2차건너1,6038,423
2013-06-01,성서보성타운2차건너2,1045,140
2013-06-01,성서보성타운2차앞,8949,1361
2013-06-01,성서산업단지역(1번출구),6495,5581
2013-06-01,성서산업단지역(2번출구),12529,2391
2013-06-01,성서서한2차타운1,8566,256
2013-06-01,성서서한2차타운2,276,285
2013-06-01,성서우방2차아파트,1741,470
2013-06-01,성서우방타운건너,23947,2273
2013-06-01,성서우방타운앞,11672,5302
2013-06-01,성서우체국건너,2360,893
2013-06-01,성서우체국앞,580,647
2013-06-01,성서종합시장건너,19219,7061
2013-06-01,성서종합시장앞,52887,13535
2013-06-01,성서주공1단지건너,9886,1819
2013-06-01,성서주공1단지앞,2963,992
2013-06-01,성서주공2단지건너,15299,7589
2013-06-01,성서주공2단지앞,37251,2617
2013-06-01,성서주공5단지앞,393,250
2013-06-01,성서청구타운건너,9889,558
2013-06-01,성서청구타운앞,6873,527
2013-06-01,성서초등학교건너,5115,997
2013-06-01,성서초등학교앞,2611,807
2013-06-01,성서푸른마을아파트건너,8797,454
2013-06-01,성서푸른마을아파트앞,3196,679
2013-06-01,성서한샘타운앞,1898,160
2013-06-01,성서협업단지건너,137,4
2013-06-01,성서협업단지앞,8,11
2013-06-01,성요셉요양병원건너,149,140
2013-06-01,성요셉요양병원앞,1856,11
2013-06-01,성원아파트건너,1523,412
2013-06-01,성원아파트앞,7820,262
2013-06-01,성주사건너,116,2
2013-06-01,성주사앞,22,60
2013-06-01,성지중학교건너,5550,1438
2013-06-01,성지중학교앞,6907,2068
2013-06-01,성하리,11,47
2013-06-01,성화여고건너,11128,1521
2013-06-01,성화여고앞,7435,1901
2013-06-01,세강병원앞,9987,8396
2013-06-01,세원정공건너,10273,571
2013-06-01,세원정공앞,1662,5165
2013-06-01,세천리2,256,22
2013-06-01,세천리3,895,20
2013-06-01,세흥인쇄,940,76
2013-06-01,소선여중건너,7819,1701
2013-06-01,솔렌스힐건너,5574,453
2013-06-01,솔렌스힐앞,4070,341
2013-06-01,솔밭기세길건너,0,6
2013-06-01,솔밭기세길입구,121,0
2013-06-01,솔비식당입구,2,10
2013-06-01,솔비식당입구맞은편,330,10
2013-06-01,송원맨션건너,9375,567
2013-06-01,송원맨션앞,2374,1296
2013-06-01,송정1동,3,12
2013-06-01,송정동1,80,9
2013-06-01,송정동2,19,1
2013-06-01,송정동3,152,71
2013-06-01,송정동4,33,18
2013-06-01,송정마을1,19,13
2013-06-01,송정마을2,176,4
2013-06-01,송정삼거리1,668,838
2013-06-01,송정삼거리2,277,321
2013-06-01,송정삼거리3,4301,8693
2013-06-01,송정삼거리4,4531,1334
2013-06-01,송해공원,1,3
2013-06-01,송현1동치안센터건너,6945,1135
2013-06-01,송현2동주민센터건너,661,149
2013-06-01,송현공원건너,743,110
2013-06-01,송현공원앞,790,152
2013-06-01,송현교,1358,77
2013-06-01,송현교2,140,28
2013-06-01,송현여중고교건너,3163,309
2013-06-01,송현여중고교앞,4063,912
2013-06-01,송현역(1번출구),11502,3923
2013-06-01,송현역(2번출구),17391,2641
2013-06-01,송현역(3번출구),19164,4971
2013-06-01,송현역(4번출구),7477,3697
2013-06-01,송현제림타운건너,5240,2178
2013-06-01,송현제림타운앞,3417,916
2013-06-01,송현초등학교건너,3759,652
2013-06-01,송현초등학교앞,8664,440
2013-06-01,수리리,68,0
2013-06-01,수성4가동주민센터앞,788,86
2013-06-01,수성경찰서건너,24059,7450
2013-06-01,수성경찰서앞,18433,7515
2013-06-01,수성고등학교건너,5762,261
2013-06-01,수성고등학교앞,3295,276
2013-06-01,수성관광호텔건너,2873,427
2013-06-01,수성관광호텔앞,2160,412
2013-06-01,수성교1,6510,2391
2013-06-01,수성교2,12238,1607
2013-06-01,수성구민운동장건너,10177,2551
2013-06-01,수성구민운동장앞,6344,3445
2013-06-01,수성구보건소건너,26389,3930
2013-06-01,수성구보건소앞,9701,4196
2013-06-01,수성구청건너,30104,6860
2013-06-01,수성구청앞,27075,12383
2013-06-01,수성네거리1,14295,3254
2013-06-01,수성네거리2,13548,2233
2013-06-01,수성대학교건너,45480,11572
2013-06-01,수성대학교앞,20500,13431
2013-06-01,수성도서관건너,14245,1657
2013-06-01,수성도서관앞,7048,2512
2013-06-01,수성동삼익맨션앞,955,43
2013-06-01,수성동일하이빌앞,192,90
2013-06-01,수성랜드1,3285,196
2013-06-01,수성랜드2,1139,1282
2013-06-01,수성랜드건너,1735,422
2013-06-01,수성랜드건너2,409,132
2013-06-01,수성랜드앞,908,342
2013-06-01,수성롯데캐슬건너,13687,2171
2013-06-01,수성롯데캐슬앞,19030,3278
2013-06-01,수성못건너,869,200
2013-06-01,수성못앞,1174,271
2013-06-01,수성못오거리1,13696,3801
2013-06-01,수성못오거리2,10720,7554
2013-06-01,수성못오거리5,868,511
2013-06-01,수성못코오롱하늘채,5382,1955
2013-06-01,수성소방서1,1832,214
2013-06-01,수성소방서2,100,643
2013-06-01,수성시니어클럽건너,2658,892
2013-06-01,수성시니어클럽앞,7561,750
2013-06-01,수성시장건너,2682,669
2013-06-01,수성시장네거리1,12089,2770
2013-06-01,수성시장네거리2,14815,7357
2013-06-01,수성시장앞,3227,1194
2013-06-01,수성아트피아건너,7658,1194
2013-06-01,수성아트피아앞,822,2247
2013-06-01,수성요양병원,706,136
2013-06-01,수성월드메르디앙건너,551,70
2013-06-01,수성월드메르디앙앞,760,58
2013-06-01,수성초등학교,10246,3109
2013-06-01,수성태영데시앙건너,1683,507
2013-06-01,수성태영데시앙앞,3913,511
2013-06-01,수성하이츠,2939,281
2013-06-01,수정맨션앞,2134,221
2013-06-01,수창초등학교,7551,2125
2013-06-01,수태골건너,9,0
2013-06-01,스파밸리1,206,906
2013-06-01,스파밸리2,10773,112
2013-06-01,시립희망원,1519,542
2013-06-01,시민교회건너,1358,135
2013-06-01,시민교회앞,684,149
2013-06-01,시민운동장(야구장건너),3776,545
2013-06-01,시민운동장(야구장앞),3231,598
2013-06-01,시민운동장(축구장건너),4159,2069
2013-06-01,시민운동장(축구장앞),5140,1335
2013-06-01,시지(종점),700,515
2013-06-01,시지대성유니드건너,1197,156
2013-06-01,시지대성유니드앞,1674,146
2013-06-01,시지보성아파트앞,25517,8118
2013-06-01,시지중학교,25594,1057
2013-06-01,시지천마타운앞,4713,1174
2013-06-01,시청별관건너1,9037,2905
2013-06-01,시청별관건너2,6176,2096
2013-06-01,시청별관앞(구.경북도청),5131,2990
2013-06-01,신기리1,9,29
2013-06-01,신기리2,441,15
2013-06-01,신기역(화성타운건너),10250,2719
2013-06-01,신기역(화성타운앞),13943,2795
2013-06-01,신남역(1번출구),4981,1447
2013-06-01,신당동주민센터건너,1845,880
2013-06-01,신당동주민센터앞,9168,542
2013-06-01,신당리,4501,16
2013-06-01,신덕마을입구,2,42
2013-06-01,신도운수건너,1046,91
2013-06-01,신도운수앞,1156,40
2013-06-01,신매광장건너,41282,15700
2013-06-01,신매광장앞,43644,12518
2013-06-01,신매시장,6345,3062
2013-06-01,신매초등학교건너,9393,2924
2013-06-01,신매초등학교앞,8360,1077
2013-06-01,신매태성아파트,106,323
2013-06-01,신매태성아파트건너,6165,327
2013-06-01,신무동1,746,0
2013-06-01,신무동2,1,3
2013-06-01,신생원앞,28,0
2013-06-01,신서성당건너,5795,137
2013-06-01,신서성당앞,7,206
2013-06-01,신성에스앤티건너,194,16
2013-06-01,신성에스앤티앞,437,13
2013-06-01,신성중공업건너,3,89
2013-06-01,신성중공업앞,273,0
2013-06-01,신성초등학교건너,5028,2555
2013-06-01,신성초등학교앞,8893,885
2013-06-01,신세계병원건너,21560,10441
2013-06-01,신세계병원앞,20504,7950
2013-06-01,신세계주유소건너,6827,285
2013-06-01,신세계주유소앞,1124,655
2013-06-01,신세월입구,9,0
2013-06-01,신신정비공장1,10254,5178
2013-06-01,신신정비공장2,30367,13314
2013-06-01,신암건영캐스빌건너,4619,312
2013-06-01,신암건영캐스빌앞,1201,160
2013-06-01,신암보성아파트건너,1589,452
2013-06-01,신암보성아파트앞,1228,294
2013-06-01,신암초등학교건너,5236,1486
2013-06-01,신천3동행정복지센터건너,3790,574
2013-06-01,신천3동행정복지센터앞,1963,703
2013-06-01,신천3치안센터건너,4681,1027
2013-06-01,신천3치안센터앞,5487,1953
2013-06-01,신천LH아파트건너,8270,1654
2013-06-01,신천LH아파트앞,12314,1435
2013-06-01,신천교1,1841,413
2013-06-01,신천교2,1482,203
2013-06-01,신천시장건너,2992,743
2013-06-01,신천시장앞,4556,787
2013-06-01,신천역(2번출구),3961,2962
2013-06-01,신천역(3번출구),2259,1452
2013-06-01,신천역(4번출구),6085,3978
2013-06-01,신천역(5번출구),9937,3615
2013-06-01,신천초등학교건너,671,51
2013-06-01,신천초등학교앞,364,78
2013-06-01,신평동1,443,1411
2013-06-01,신평동2,1912,242
2013-06-01,신평리네거리1,23992,8518
2013-06-01,신평리네거리2,28678,9635
2013-06-01,신평리주유소건너,1647,194
2013-06-01,신평리주유소앞,619,228
2013-06-01,신흥버스,13310,3774
2013-06-01,실내체육관건너,4154,581
2013-06-01,실내체육관앞,4480,633
2013-06-01,심신수련장입구건너,1651,200
2013-06-01,심신수련장입구앞,765,68
2013-06-01,심인고등학교건너,27683,1508
2013-06-01,심인고등학교앞,13940,1956
2013-06-01,쌍용머티리얼,1586,27
2013-06-01,아너스월성앞,1903,604
2013-06-01,아멕스,562,49
2013-06-01,아멕스건너,770,37
2013-06-01,아양교1,3988,1411
2013-06-01,아양교2,14015,5723
2013-06-01,아양교3,2977,8655
2013-06-01,아양교4,5815,649
2013-06-01,아양교역(1번출구),70558,92060
2013-06-01,아양교역(2번출구),109464,28440
2013-06-01,아양아트센터건너,4228,235
2013-06-01,아양아트센터앞,1174,680
2013-06-01,아주섬유건너,3,14
2013-06-01,아주섬유앞,81,2
2013-06-01,아주철강건너,105,5
2013-06-01,아주철강앞,132,3
2013-06-01,안심교(경산방향),390,187
2013-06-01,안심교(반야월방향),417,1880
2013-06-01,안심신우타운앞,1547,1129
2013-06-01,안심역(4번출구),47348,1135
2013-06-01,안심역(5번출구),4575,49495
2013-06-01,안심주공1단지건너,12650,694
2013-06-01,안심주공1단지앞,5193,827
2013-06-01,안심주공2단지앞,5932,874
2013-06-01,안심중학교건너,1572,855
2013-06-01,안심중학교앞,4098,2307
2013-06-01,안심효성타운건너,12704,3795
2013-06-01,안심효성타운앞,22185,4846
2013-06-01,안지랑네거리1,27899,6638
2013-06-01,안지랑네거리2,24452,18437
2013-06-01,앞산공원,14081,5966
2013-06-01,앞산공원관리사무소건너,442,5
2013-06-01,앞산공원관리사무소앞,26,312
2013-06-01,앞산궁도장건너,646,117
2013-06-01,앞산궁도장앞,313,70
2013-06-01,앞산별자리체험학습장1,3187,30
2013-06-01,앞산별자리체험학습장2,108,494
2013-06-01,앞산보성타운건너,2,66
2013-06-01,앞산보성타운앞,3999,4
2013-06-01,앞산빨래터공원,285,104
2013-06-01,앞산빨래터공원1,826,66
2013-06-01,앞산자락카페마실건너,38,40
2013-06-01,앞산자락카페마실앞,1231,720
2013-06-01,앞산청구제네스건너,7439,1833
2013-06-01,앞산청구제네스앞,16959,1437
2013-06-01,앞산힐스테이트건너,3053,212
2013-06-01,앞산힐스테이트앞,1288,297
2013-06-01,약령시건너(동성로입구),209615,39247
2013-06-01,약령시앞,166720,89360
2013-06-01,약령시입구,3165,3437
2013-06-01,약사회관건너,316,52
2013-06-01,약사회관앞,853,37
2013-06-01,약산온천입구,3137,102
2013-06-01,양지마을건너,22,360
2013-06-01,양지마을앞,6196,10
2013-06-01,어린이회관건너1,3957,2461
2013-06-01,어린이회관건너2,90,144
2013-06-01,어린이회관앞,9896,1931
2013-06-01,에이스이노텍건너,318,17
2013-06-01,에이스이노텍앞,75,12
2013-06-01,엑스코건너,4590,2346
2013-06-01,엑스코앞,19528,1338
2013-06-01,엘디스리젠트호텔건너,4457,1697
2013-06-01,엘디스리젠트호텔앞,6679,2873
2013-06-01,여성메디파크,3125,617
2013-06-01,역전시장건너,6149,932
2013-06-01,역전시장앞,5557,955
2013-06-01,연경1,137,42
2013-06-01,연경2,613,7
2013-06-01,연암네거리1,19402,9854
2013-06-01,연암네거리2,4236,496
2013-06-01,연암네거리3,531,488
2013-06-01,연젓마을건너,19,0
2013-06-01,연젓마을입구,2,7
2013-06-01,연호동,8,3
2013-06-01,연호동(종점),35,1
2013-06-01,연호동화훼단지1,3803,4878
2013-06-01,연호동화훼단지2,8716,2321
2013-06-01,연호역(3번출구),85,17
2013-06-01,연호역(3번출구)건너,0,72
2013-06-01,연호지,336,209
2013-06-01,연화리1,26,5
2013-06-01,연화리2,2,21
2013-06-01,열병합발전소건너,1,0
2013-06-01,열병합발전소앞,1,1
2013-06-01,영남고등학교건너,15274,26064
2013-06-01,영남고등학교앞,39169,7246
2013-06-01,영남네오빌건너,1103,38
2013-06-01,영남네오빌비스타,1370,251
2013-06-01,영남네오빌앞,315,139
2013-06-01,영남농업연구소콩연구,0,3
2013-06-01,영남우방타운1차건너,4238,379
2013-06-01,영남우방타운1차앞,6032,295
2013-06-01,영남이공대학건너,15580,2906
2013-06-01,영남이공대학앞,29544,1702
2013-06-01,영남일보건너,3068,461
2013-06-01,영남종합전기,348,26
2013-06-01,영대병원역,40622,3961
2013-06-01,영대병원역(3번출구),33641,31791
2013-06-01,영일무역건너,293,4
2013-06-01,영일무역앞,62,9
2013-06-01,영조아파트건너,7,102
2013-06-01,영조아파트앞,2020,12
2013-06-01,영진고등학교건너,26964,4150
2013-06-01,영진고등학교앞,37947,23072
2013-06-01,영진산업,384,3
2013-06-01,영진전문대학정문건너,10136,2123
2013-06-01,영진전문대학정문앞,21863,2238
2013-06-01,영진전문대학후문건너,35280,5991
2013-06-01,영진전문대학후문앞,50758,13693
2013-06-01,영화,796,14
2013-06-01,예현2리마을회관,198,2
2013-06-01,오2리(음지머구),300,1
2013-06-01,오뚜기물류센터,160,14
2013-06-01,오리(양지마을),265,0
2013-06-01,오설리,6,3
2013-06-01,오성아파트,304,6125
2013-06-01,오페라삼정그린코아APT,16217,3473
2013-06-01,오페라하우스건너,1707,256
2013-06-01,오페라하우스앞,1435,151
2013-06-01,옥분리(구진터),288,1
2013-06-01,옥분리1,13,38
2013-06-01,옥분리마을회관앞,483,7
2013-06-01,옥산정미소,255,2
2013-06-01,옥연지,51,9
2013-06-01,옥연지건너,200,2
2013-06-01,옥포간경리1,1216,780
2013-06-01,옥포간경리2,8654,404
2013-06-01,옥포농협,205,17
2013-06-01,옥포농협강림지소건너,939,452
2013-06-01,옥포농협강림지소앞,2299,225
2013-06-01,옥포농협건너,3237,271
2013-06-01,옥포농협앞,606,475
2013-06-01,옥포무지개마을,3242,93
2013-06-01,옥포주유소앞,757,125
2013-06-01,옥포중앙교회앞,239,79
2013-06-01,옥포초등학교건너,805,523
2013-06-01,옥포초등학교앞,6864,502
2013-06-01,올림픽기념관건너,8667,3923
2013-06-01,올림픽기념관앞,14629,4681
2013-06-01,와룡공원건너,450,270
2013-06-01,와룡공원앞,1071,79
2013-06-01,와룡시장,3367,315
2013-06-01,와룡시장건너,2112,866
2013-06-01,용계동1,215,62
2013-06-01,용계동2,576,93
2013-06-01,용계동3,689,61
2013-06-01,용계동4,4752,218
2013-06-01,용계삼거리1,10282,7767
2013-06-01,용계삼거리2,3869,979
2013-06-01,용계삼거리3,801,957
2013-06-01,용계삼거리4,468,311
2013-06-01,용계역(1번출구),11424,11627
2013-06-01,용계역(2번출구),8170,2225
2013-06-01,용산1동주민센터건너,9862,1559
2013-06-01,용산1동주민센터앞,4169,825
2013-06-01,용산2동주민센터건너,2695,710
2013-06-01,용산2동주민센터건너2,2595,1195
2013-06-01,용산2동주민센터앞,35284,2576
2013-06-01,용산네거리1,21831,4060
2013-06-01,용산네거리2,12366,8723
2013-06-01,용산역,1507,331
2013-06-01,용산역(1번출구),51739,10760
2013-06-01,용산역(2번출구),40886,10980
2013-06-01,용산종합큰시장건너,13217,1433
2013-06-01,용산종합큰시장앞,7576,1745
2013-06-01,용수동1,6,18
2013-06-01,용수동2,635,0
2013-06-01,용연사,483,25
2013-06-01,용연사시설집단지구건너,162,2
2013-06-01,용연사시설집단지구앞,6,11
2013-06-01,우록리,2062,2
2013-06-01,우록리(부곡장식당),5,3
2013-06-01,우록리(선흥사입구),1,10
2013-06-01,우록리(종점),462,37
2013-06-01,우방강촌마을건너,32245,4268
2013-06-01,우방강촌마을앞,12322,5753
2013-06-01,우방금탑아파트(서편),3879,5565
2013-06-01,우방드림시티건너,3043,2162
2013-06-01,우방드림시티앞,7478,900
2013-06-01,우방만촌하이츠건너,14278,1086
2013-06-01,우방만촌하이츠앞,4698,2009
2013-06-01,우방송현하이츠,648,75
2013-06-01,우방송현하이츠건너,342,44
2013-06-01,우방신세계타운앞,815,84
2013-06-01,우방신천지타운건너,4269,1601
2013-06-01,우방신천지타운앞,11423,1916
2013-06-01,우방아파트삼거리,427,301
2013-06-01,우방죽전타운건너,10588,5421
2013-06-01,우방죽전타운앞1,8139,1385
2013-06-01,우방죽전타운앞2,2438,938
2013-06-01,우방청솔맨션건너,14594,1769
2013-06-01,우방청솔맨션앞,17587,6148
2013-06-01,욱수초등학교건너,4395,2413
2013-06-01,욱수초등학교앞,28540,1147
2013-06-01,운암지공원1,437,10
2013-06-01,운암지공원2,8,81
2013-06-01,운암초등학교건너,11385,1198
2013-06-01,운암초등학교앞,10735,112
2013-06-01,웃갈미마을건너,362,4
2013-06-01,웃갈미마을앞,3,18
2013-06-01,웃는얼굴아트센터1,1252,49
2013-06-01,웃는얼굴아트센터2,1,172
2013-06-01,원대네거리,948,183
2013-06-01,원대시장건너,21937,2929
2013-06-01,원대시장건너2,1860,1979
2013-06-01,원대시장앞,16088,9593
2013-06-01,원대역1,12599,12064
2013-06-01,원대역2,26967,2842
2013-06-01,원대오거리북편1,2674,915
2013-06-01,원대오거리북편2,870,518
2013-06-01,원불교앞,604,704
2013-06-01,월곡네거리,271,727
2013-06-01,월광수변공원,408,188
2013-06-01,월드컵삼거리,661,298
2013-06-01,월드컵삼거리앞,866,290
2013-06-01,월배농협대덕지점건너,3473,730
2013-06-01,월배시장건너,14459,4178
2013-06-01,월배시장앞,14405,3215
2013-06-01,월배쌍용예가건너,966,2
2013-06-01,월배쌍용예가앞,12,80
2013-06-01,월배역(3번출구),10478,4652
2013-06-01,월배역(4번출구),11190,1785
2013-06-01,월배이안아파트건너,136,5
2013-06-01,월배이안아파트앞,24,14
2013-06-01,월배중학교건너,2246,341
2013-06-01,월배중학교앞,1135,613
2013-06-01,월배차량기지건너,1,14
2013-06-01,월배차량기지앞,184,5
2013-06-01,월배초등학교건너,12648,1325
2013-06-01,월배힐스테이트건너,1761,3
2013-06-01,월배힐스테이트앞,16,116
2013-06-01,월성1동주민센터건너,2366,465
2013-06-01,월성1동주민센터앞,4201,253
2013-06-01,월성2동주민센터건너,17205,2493
2013-06-01,월성2동주민센터앞,31635,1991
2013-06-01,월성e-편한세상건너,18983,4048
2013-06-01,월성e-편한세상앞,13207,4692
2013-06-01,월성영남맨션앞,747,187
2013-06-01,월성자이앞,1763,370
2013-06-01,월성주공2단지앞,12853,1298
2013-06-01,월성주공3단지,1805,425
2013-06-01,월성주공4단지건너,42568,4092
2013-06-01,월성주공4단지앞1,3192,149
2013-06-01,월성주공4단지앞2,20913,5152
2013-06-01,월성주공5단지앞,6896,5454
2013-06-01,월성청구코아건너,20969,1555
2013-06-01,월성청구코아앞,11167,2200
2013-06-01,월성코오롱하늘채건너,757,219
2013-06-01,월성코오롱하늘채앞,2476,86
2013-06-01,월성푸르지오앞,12208,1903
2013-06-01,월암교1,978,14
2013-06-01,월암교2,231,65
2013-06-01,월촌고가교1,443,366
2013-06-01,월촌고가교2,2259,196
2013-06-01,월촌역(6번출구),18016,4131
2013-06-01,월촌역(7번출구),9426,2739
2013-06-01,월촌초등학교건너,1345,241
2013-06-01,월촌초등학교앞,1779,258
2013-06-01,위남마을입구,2998,210
2013-06-01,위천1리건너,413,74
2013-06-01,위천1리앞,1275,70
2013-06-01,위천삼거리(논공방향),305,36
2013-06-01,위천삼거리(현풍방향),247,59
2013-06-01,유가사(종점),589,50
2013-06-01,유가차천,1776,188
2013-06-01,유가차천1,435,303
2013-06-01,유곡리(회차지),9,0
2013-06-01,유니버시아드레포츠센터건너,3051,537
2013-06-01,유니버시아드선수촌2단지건너,16318,1215
2013-06-01,유니버시아드선수촌2단지앞,2997,990
2013-06-01,유림물산,1727,159
2013-06-01,유림한의원건너,153,193
2013-06-01,유산리,121,1
2013-06-01,유신섬유네거리1,724,122
2013-06-01,유신섬유네거리2,2432,79
2013-06-01,유천교(유천치안센터건너),11866,5031
2013-06-01,유천교(유천치안센터앞),18535,14690
2013-06-01,유천교1,12191,744
2013-06-01,유천교2,2143,6367
2013-06-01,유천포스코건너,3653,258
2013-06-01,유천포스코앞,5623,2628
2013-06-01,유통단지회차지,199,290
2013-06-01,유통단지회차지2,2846,16
2013-06-01,육신사,80,6
2013-06-01,율원초등학교건너,87,537
2013-06-01,율원초등학교앞,3244,42
2013-06-01,율하역,657,4135
2013-06-01,율하역(4번출구),6179,2411
2013-06-01,율하역(5번출구),10222,1586
2013-06-01,율하휴먼시아15단지앞,6500,1096
2013-06-01,율하휴먼시아5단지건너,185,148
2013-06-01,율하휴먼시아5단지앞,2975,191
2013-06-01,율하휴먼시아6단지건너,1164,575
2013-06-01,율하휴먼시아6단지앞,10741,219
2013-06-01,율하휴먼시아8단지앞,8845,182
2013-06-01,율하휴먼시아9단지앞,1561,448
2013-06-01,은하타운건너,2107,867
2013-06-01,은하타운앞,1839,542
2013-06-01,은행APT입구,532,139
2013-06-01,읍내동주민센터건너,5995,3920
2013-06-01,읍내동주민센터앞,377,243
2013-06-01,응암1리1,5,2
2013-06-01,응암1리2,1,0
2013-06-01,응암2리,14,3
2013-06-01,응암2리건너,437,10
2013-06-01,응암2리앞,11,34
2013-06-01,응암3리1,0,2
2013-06-01,응암3리2,121,0
2013-06-01,응암3리입구,1,0
2013-06-01,이곡1동주민센터건너,8517,745
2013-06-01,이곡1동주민센터앞,2793,1492
2013-06-01,이곡마을,490,0
2013-06-01,이곡양수장건너,61,32
2013-06-01,이곡양수장앞,194,195
2013-06-01,이곡장미공원건너,2490,491
2013-06-01,이곡장미공원앞,4535,573
2013-06-01,이마트경산점,8816,1894
2013-06-01,이마트반야월점건너,1500,353
2013-06-01,이마트반야월점앞,3053,545
2013-06-01,이마트시지점건너,4426,2095
2013-06-01,이마트시지점앞,428,756
2013-06-01,이마트월배점건너,5741,2168
2013-06-01,이마트월배점앞,7111,1214
2013-06-01,이마트칠성점앞,26071,4237
2013-06-01,이마트트레이더스건너,8370,3715
2013-06-01,이마트트레이더스앞,21422,7595
2013-06-01,이시아폴리스더샵1단지,4314,277
2013-06-01,이시아폴리스더샵2단지,914,731
2013-06-01,이월드(구.우방랜드)건너,1545,167
2013-06-01,이월드(구.우방랜드)앞,541,423
2013-06-01,이월드(구.우방랜드)정문,6037,3005
2013-06-01,이월드(구.우방랜드)후문건너,3202,414
2013-06-01,이월드(구.우방랜드)후문앞,2220,303
2013-06-01,이천동,16,0
2013-06-01,이천동(종점),116,1
2013-06-01,이천리(시내방향),153,2
2013-06-01,이천리(시외방향),138,4
2013-06-01,이천새마을금고건너,16561,1004
2013-06-01,이천치안센터건너,1791,882
2013-06-01,이현고개삼거리,4,0
2013-06-01,이현삼거리1,90,111
2013-06-01,이현삼거리2,884,93
2013-06-01,이현삼거리3,3332,803
2013-06-01,이현자동차검사소건너,1496,66
2013-06-01,이현자동차검사소앞,894,65
2013-06-01,이현지구대건너,982,146
2013-06-01,이현지구대앞,577,115
2013-06-01,인동촌시장건너,3094,1294
2013-06-01,인동촌시장입구,13106,701
2013-06-01,인산마을건너,727,17
2013-06-01,인산마을앞,30,36
2013-06-01,인지초등학교입구,1,0
2013-06-01,일심제약,113,9
2013-06-01,입석중학교건너,11573,1528
2013-06-01,입석중학교앞,4345,2037
2013-06-01,잉꼬아파트건너,726,238
2013-06-01,잉꼬아파트앞,1858,454
2013-06-01,자모공원,16,0
2013-06-01,장관빌라건너,1444,76
2013-06-01,장관빌라앞,945,238
2013-06-01,장기영남네오빌,104,98
2013-06-01,장기초등학교,1364,74
2013-06-01,장기초등학교1,4,41
2013-06-01,장기초등학교2,207,4
2013-06-01,장기초록나라건너,3285,1679
2013-06-01,장기초록나라앞,9531,606
2013-06-01,장기파랑새마을앞,98,145
2013-06-01,장동초등학교건너,3256,39
2013-06-01,장동초등학교앞,106,351
2013-06-01,장산초등학교건너,530,106
2013-06-01,장산초등학교앞,908,58
2013-06-01,장성초등학교건너,456,2685
2013-06-01,장성초등학교앞,507,735
2013-06-01,장태실마을건너,237,14
2013-06-01,장태실마을앞,5,12
2013-06-01,적십자혈액원건너,4464,556
2013-06-01,적십자혈액원앞,2413,534
2013-06-01,전기안전공사건너,1288,2910
2013-06-01,전기안전공사앞,2902,266
2013-06-01,전기재료관1,536,131
2013-06-01,전기재료관2,251,134
2013-06-01,전자관,5159,1242
2013-06-01,전자상가,11300,1112
2013-06-01,정대1리(바깥매남),136,0
2013-06-01,정대1리(안매남),117,0
2013-06-01,정대2리마을회관앞,85,21
2013-06-01,정대리(대구미술광장),199,0
2013-06-01,정대숲,332,0
2013-06-01,정대숲건너,0,8
2013-06-01,정대숲앞,614,0
2013-06-01,정동고등학교건너,5278,1637
2013-06-01,정동고등학교앞,11454,824
2013-06-01,정부대구지방합동청사건너,256,27
2013-06-01,정부대구지방합동청사앞,89,41
2013-06-01,정부대구지방합동청사후문1,817,190
2013-06-01,정화우방팔레스,13088,12174
2013-06-01,정화우방팔레스건너,23050,4870
2013-06-01,제일규산,959,27
2013-06-01,제일여자상업고등학교건너,20904,7567
2013-06-01,제일여자상업고등학교앞,28931,4840
2013-06-01,조달청건너,3312,1150
2013-06-01,조달청앞,10296,473
2013-06-01,조암네거리1,1728,36
2013-06-01,조암네거리2,379,201
2013-06-01,조암초등학교건너,10,8
2013-06-01,조암초등학교앞,135,7
2013-06-01,조야동(종점),11425,300
2013-06-01,조일로봇고등학교(종점),6828,654
2013-06-01,주1리1,22,36
2013-06-01,주1리2,684,57
2013-06-01,주2리(최정사입구),1,27
2013-06-01,주2리1,279,1
2013-06-01,주리(삼진식당),3,10
2013-06-01,죽곡2지구1,5,2
2013-06-01,죽곡2지구2,12,4
2013-06-01,죽전119안전센터건너,4365,1104
2013-06-01,죽전119안전센터앞,5145,802
2013-06-01,죽전그린빌건너,3416,1762
2013-06-01,죽전그린빌앞,12353,1418
2013-06-01,죽전네거리1,36326,4249
2013-06-01,죽전네거리2,15778,9731
2013-06-01,중구보건소건너,3041,2002
2013-06-01,중구보건소앞,2233,784
2013-06-01,중구청건너,25957,6650
2013-06-01,중구청앞,28746,9735
2013-06-01,중대1동회관앞,1496,2
2013-06-01,중동교1,3970,1933
2013-06-01,중동교2,1354,180
2013-06-01,중동네거리1,6876,767
2013-06-01,중동네거리2,3631,1588
2013-06-01,중동서울아파트건너,327,83
2013-06-01,중동서울아파트앞,1310,56
2013-06-01,중동시장건너,16399,9107
2013-06-01,중동시장앞,25101,5805
2013-06-01,중동주민센터건너,612,135
2013-06-01,중동주민센터앞,393,94
2013-06-01,중동치안센터건너,1756,87
2013-06-01,중동치안센터앞,542,158
2013-06-01,중리광명맨션건너,13982,2631
2013-06-01,중리광명맨션앞,10231,2143
2013-06-01,중리네거리1,8265,1813
2013-06-01,중리네거리2,4031,1826
2013-06-01,중리롯데캐슬건너,11888,2077
2013-06-01,중리롯데캐슬서편,3799,1107
2013-06-01,중리롯데캐슬앞,15796,2815
2013-06-01,중리롯데캐슬정문앞,621,143
2013-06-01,중리마을,4120,9
2013-06-01,중리삼거리1,30,97
2013-06-01,중리삼거리2,1305,5
2013-06-01,중리시장건너1,314,223
2013-06-01,중리시장건너2,1069,56
2013-06-01,중리시장앞,8139,2226
2013-06-01,중리중학교,767,71
2013-06-01,중마을(갓바위방향),20,102
2013-06-01,중마을(시내방향),932,2
2013-06-01,중부소방서건너,3613,470
2013-06-01,중부소방서앞,7212,665
2013-06-01,중석타운건너,130,290
2013-06-01,중석타운앞,10551,290
2013-06-01,중소기업관건너,45,142
2013-06-01,중소기업관앞,1353,45
2013-06-01,중소기업지원센터,597,80
2013-06-01,중심마을,374,17
2013-06-01,중앙일보건너,1541,943
2013-06-01,중앙일보앞,5634,207
2013-06-01,지묘동1,2893,614
2013-06-01,지묘동2,6641,219
2013-06-01,지묘초등학교건너,9371,352
2013-06-01,지묘초등학교앞,925,264
2013-06-01,지산2길입구,501,12
2013-06-01,지산2길입구건너,191,9
2013-06-01,지산동서맨션건너,7266,2555
2013-06-01,지산동서맨션앞,22285,2061
2013-06-01,지산목련아파트건너,27325,2403
2013-06-01,지산목련아파트앞,10595,4592
2013-06-01,지산시영아파트1단지건너,1917,513
2013-06-01,지산시영아파트1단지앞,6057,269
2013-06-01,지산영남맨션앞,3111,658
2013-06-01,지산우방아파트,6824,483
2013-06-01,지산중학교입구,733,160
2013-06-01,지산청구타운건너,2551,1604
2013-06-01,지산청구타운앞,19239,394
2013-06-01,지산타운건너,20601,1374
2013-06-01,지산타운앞,3362,5339
2013-06-01,지산한라타운건너,22284,452
2013-06-01,지산한라타운앞,3012,1875
2013-06-01,지산현대주택건너,6151,1191
2013-06-01,지산현대주택앞,11467,826
2013-06-01,지산화성파크드림,1893,178
2013-06-01,지저동행정복지센터건너,20801,1095
2013-06-01,지저동행정복지센터앞,3728,1175
2013-06-01,진달래아파트건너,8459,3642
2013-06-01,진달래아파트앞,15689,1946
2013-06-01,진월초등학교건너,1861,342
2013-06-01,진월초등학교앞,784,215
2013-06-01,진인동(양지마을)건너,12,5
2013-06-01,진인동(양지마을)앞,140,2
2013-06-01,진인동(진정마을)1,130,1
2013-06-01,진인동(진정마을)2,5,0
2013-06-01,진정마을1,1136,29
2013-06-01,진정마을2,53,36
2013-06-01,진천역(1번출구),38896,8016
2013-06-01,진천역(2번출구),22492,11561
2013-06-01,진천청구타운건너,891,669
2013-06-01,진천청구타운앞,2870,460
2013-06-01,징리보건소,254,0
2013-06-01,차량등록사업소건너,2289,249
2013-06-01,차량등록사업소앞,950,97
2013-06-01,창1리1,4,2
2013-06-01,창1리2,105,1
2013-06-01,천내영남맨션,112,0
2013-06-01,천내우방1차,9,0
2013-06-01,청구고등학교건너,17943,2114
2013-06-01,청구고등학교앞,22971,4185
2013-06-01,청구그린맨션1차건너,12970,2085
2013-06-01,청구그린맨션1차앞,14655,1964
2013-06-01,청구시장건너,6729,930
2013-06-01,청구시장건너2,519,86
2013-06-01,청구시장북편,1816,360
2013-06-01,청구시장북편건너,3188,263
2013-06-01,청구시장앞,6680,1422
2013-06-01,청구중동아파트,577,93
2013-06-01,청구타운건너,1254,480
2013-06-01,청구타운앞,1422,202
2013-06-01,청기와주유소건너,11046,3225
2013-06-01,청기와주유소앞,18619,7292
2013-06-01,청남타운건너,2106,12
2013-06-01,청남타운앞,375,416
2013-06-01,청백다례원,1476,321
2013-06-01,청소년수련원건너,426,38
2013-06-01,청소년수련원앞,652,250
2013-06-01,청아람푸르지오2단지1,1,1
2013-06-01,청아람푸르지오2단지2,71,0
2013-06-01,청운맨션건너,1876,139
2013-06-01,청운맨션앞,953,310
2013-06-01,충혼탑건너,5402,28
2013-06-01,충혼탑앞,114,653
2013-06-01,측백수림건너,574,1
2013-06-01,측백수림앞,2,17
2013-06-01,칠곡2차영남타운건너,3159,668
2013-06-01,칠곡2차영남타운앞,4759,227
2013-06-01,칠곡3차보성타운1,1009,386
2013-06-01,칠곡3차보성타운2,5682,574
2013-06-01,칠곡3차화성타운1,5248,32
2013-06-01,칠곡3차화성타운2,10265,187
2013-06-01,칠곡3차화성타운3,84,245
2013-06-01,칠곡경대병원역,28,192
2013-06-01,칠곡경북대병원,717,422
2013-06-01,칠곡경북대병원정문건너,242,304
2013-06-01,칠곡경북대병원정문앞,4332,41
2013-06-01,칠곡경북대병원후문건너,324,456
2013-06-01,칠곡경북대병원후문앞,4866,120
2013-06-01,칠곡그린빌2차건너,27125,1167
2013-06-01,칠곡그린빌2차앞,1711,2494
2013-06-01,칠곡그린빌3차건너,15623,349
2013-06-01,칠곡그린빌3차앞,315,1485
2013-06-01,칠곡그린빌5단지건너,2758,159
2013-06-01,칠곡그린빌5단지앞,2918,420
2013-06-01,칠곡그린빌6단지건너,1047,87
2013-06-01,칠곡그린빌6단지앞,235,78
2013-06-01,칠곡그린파크1,8373,3352
2013-06-01,칠곡그린파크2,18900,2038
2013-06-01,칠곡네스빌,183,158
2013-06-01,칠곡대백맨션건너,5954,40
2013-06-01,칠곡대백맨션앞,379,503
2013-06-01,칠곡동화아파트건너,4048,1510
2013-06-01,칠곡동화아파트앞,17223,1087
2013-06-01,칠곡롯데아파트건너,53,267
2013-06-01,칠곡롯데아파트앞,3627,12
2013-06-01,칠곡부영1단지,5005,265
2013-06-01,칠곡서한맨션,1148,3
2013-06-01,칠곡서한맨션앞,129,596
2013-06-01,칠곡시장건너,13647,1236
2013-06-01,칠곡시장앞,2300,1394
2013-06-01,칠곡에덴타운건너,31461,6534
2013-06-01,칠곡에덴타운앞,25646,9523
2013-06-01,칠곡우방타운건너(종점),3193,24
2013-06-01,칠곡우방타운건너(종점),1667,20
2013-06-01,칠곡우방타운앞(종점),934,257
2013-06-01,칠곡주공그린빌1단지건너,2459,758
2013-06-01,칠곡주공그린빌1단지앞,7104,405
2013-06-01,칠곡중학교건너(칠곡향교건너),1667,717
2013-06-01,칠곡중학교앞(칠곡향교앞),22041,2044
2013-06-01,칠곡청구타운건너,603,441
2013-06-01,칠곡청구타운앞,4229,173
2013-06-01,칠곡초등학교건너,191,107
2013-06-01,칠곡초등학교앞,710,129
2013-06-01,칠곡한라타운건너,6121,159
2013-06-01,칠곡한라타운앞,59,488
2013-06-01,칠곡한서타운건너,10843,398
2013-06-01,칠곡한신아파트건너,2379,179
2013-06-01,칠곡한신아파트앞1,11017,74
2013-06-01,칠곡한신아파트앞2,1445,124
2013-06-01,칠곡화성타운건너,9364,246
2013-06-01,칠곡화성타운앞1,7543,1385
2013-06-01,칠곡화성타운앞2,2534,768
2013-06-01,칠성고가도로하단,560,218
2013-06-01,칠성꽃도매시장건너,912,1072
2013-06-01,칠성꽃도매시장앞,2618,611
2013-06-01,칠성시장(농협건너),208,381
2013-06-01,칠성시장(농협앞),1267,160
2013-06-01,칠성시장(양친회신협),72,163
2013-06-01,칠성시장(전자상가건너),5496,783
2013-06-01,칠성시장(전자상가앞),1816,2252
2013-06-01,칠성시장건너,43136,26271
2013-06-01,칠성시장앞1,55500,34807
2013-06-01,칠성시장역(서문프라자건너),2859,10239
2013-06-01,칠성시장역(서문프라자앞),18342,2968
2013-06-01,칠성우방타운,731,150
2013-06-01,침산3동주민센터,8435,1141
2013-06-01,침산남영타운건너,3423,752
2013-06-01,침산남영타운앞,5850,386
2013-06-01,침산네거리1,11491,896
2013-06-01,침산네거리2,7015,1268
2013-06-01,침산동화타운건너,6092,75
2013-06-01,침산동화타운앞,518,350
2013-06-01,침산변전소건너,11359,3615
2013-06-01,침산변전소앞,9329,4765
2013-06-01,침산중학교건너,3082,215
2013-06-01,침산중학교앞,5393,291
2013-06-01,침산초등학교건너,4709,1552
2013-06-01,침산초등학교앞,3523,262
2013-06-01,침산초등학교후문,375,39
2013-06-01,침산코오롱하늘채건너,7761,2221
2013-06-01,침산코오롱하늘채앞,21875,2905
2013-06-01,캐슬골드파크(1102동),25287,1808
2013-06-01,캐슬골드파크(1504동),12980,3647
2013-06-01,케이에스건너,23,18
2013-06-01,케이에스앞,762,24
2013-06-01,코스트코홀세일건너/복현화성타운앞,4453,4047
2013-06-01,코스트코홀세일앞/복현화성타운건너,41638,5425
2013-06-01,코오롱아파트,14042,2556
2013-06-01,퀸벨호텔건너,13584,1753
2013-06-01,퀸벨호텔앞,8962,3824
2013-06-01,퀸스로드건너,2261,1515
2013-06-01,퀸스로드건너(동편),11072,4219
2013-06-01,퀸스로드앞,4610,645
2013-06-01,퀸스로드앞(동편),15728,6273
2013-06-01,크리스탈호텔앞,1356,455
2013-06-01,큰고개1,5016,3204
2013-06-01,큰고개2,10983,1490
2013-06-01,큰고개오거리1,23247,1869
2013-06-01,큰고개오거리2,5037,12478
2013-06-01,큰장네거리1,69051,15777
2013-06-01,큰장네거리2,43472,19295
2013-06-01,큰장네거리3,19728,7604
2013-06-01,큰장네거리4,32572,14862
2013-06-01,태성맨션건너,106,120
2013-06-01,태성맨션앞,4369,248
2013-06-01,태왕그린힐즈건너,533,196
2013-06-01,태왕그린힐즈앞1,72,372
2013-06-01,태왕그린힐즈앞2,6337,27
2013-06-01,태왕메트로시티건너,6178,726
2013-06-01,태왕메트로시티앞,4277,818
2013-06-01,태왕아너스베스트앞,5756,252
2013-06-01,태왕아너스복현건너,3279,1080
2013-06-01,태왕아너스복현앞,9163,488
2013-06-01,태전두성타운건너,7211,1588
2013-06-01,태전두성타운앞,18806,1352
2013-06-01,태전삼거리1,14791,8791
2013-06-01,태전삼거리2,34383,7071
2013-06-01,태전역1,15588,8199
2013-06-01,태전중석타운,1608,94
2013-06-01,태전중석타운건너,1829,228
2013-06-01,태전중앙시장건너,3235,1310
2013-06-01,태전중앙시장앞,10443,957
2013-06-01,태전휴먼시아,1515,86
2013-06-01,태평상가건너,5898,2611
2013-06-01,태평상가앞1,5663,1860
2013-06-01,태평상가앞2,888,166
2013-06-01,태현초등학교앞,5394,47
2013-06-01,터실마을,29,0
2013-06-01,텍스빌,9181,1579
2013-06-01,토지주택공사건너,3227,870
2013-06-01,토지주택공사앞,11033,632
2013-06-01,퇴계마을건너,0,7
2013-06-01,퇴계마을앞,100,0
2013-06-01,파계교,356,507
2013-06-01,파계사(종점),9433,787
2013-06-01,파군재삼거리1,1163,671
2013-06-01,파군재삼거리2,252,228
2013-06-01,파동1차시장건너,2165,1211
2013-06-01,파동1차시장앞,12864,491
2013-06-01,파동우체국앞,1037,718
2013-06-01,파동청구하이츠,7981,303
2013-06-01,파크맨션건너,13839,1318
2013-06-01,파크맨션앞,9866,1583
2013-06-01,파티마병원건너1,21122,6243
2013-06-01,파티마병원건너2,3799,2268
2013-06-01,팔거역3,449,93
2013-06-01,팔거역4,1058,50
2013-06-01,팔공3차보성타운건너,1035,12
2013-06-01,팔공3차보성타운앞,65,323
2013-06-01,팔공3차보성타운후문,5650,211
2013-06-01,팔공보성아파트건너,1631,414
2013-06-01,팔공보성아파트앞,8497,270
2013-06-01,팔공산IC입구,247,1042
2013-06-01,팔공산맥건너,1100,230
2013-06-01,팔공산맥앞,1020,202
2013-06-01,팔공학생야영장앞,241,7
2013-06-01,팔공학생야영장입구건너,14,5
2013-06-01,팔공학생야영장입구앞,38,10
2013-06-01,팔공한마음주유소,7,5
2013-06-01,팔공한마음주유소건너,474,1
2013-06-01,팔달시장건너,41887,14716
2013-06-01,팔달시장앞,45582,28647
2013-06-01,팔달시장역,42159,21258
2013-06-01,팔달신시장,31089,9582
2013-06-01,팔달신시장2,4391,2861
2013-06-01,팔달역2,1052,408
2013-06-01,팔달중학교건너,8787,241
2013-06-01,팔달중학교앞,5734,340
2013-06-01,팔달초등학교,231,170
2013-06-01,팔레스호텔건너,25153,5544
2013-06-01,팔레스호텔앞1,5991,2720
2013-06-01,팔레스호텔앞2,725,1529
2013-06-01,팔현마을,164,7
2013-06-01,평광3차아파트,4421,156
2013-06-01,평광3차아파트건너,4109,274
2013-06-01,평광새마을금고,166,0
2013-06-01,평광종점,768,20
2013-06-01,평리1동주민센터건너,1775,81
2013-06-01,평리1동주민센터앞,3228,164
2013-06-01,평리2동주민센터건너,10396,1409
2013-06-01,평리2동주민센터앞,10636,1968
2013-06-01,평리3동주민센터건너,2584,103
2013-06-01,평리6동주민센터앞,1914,334
2013-06-01,평리광명네거리,945,760
2013-06-01,평리광명맨션건너,4635,288
2013-06-01,평리광명맨션앞,834,292
2013-06-01,평리네거리1,15009,7683
2013-06-01,평리네거리2,17628,6177
2013-06-01,평리명성아파트건너,5506,1532
2013-06-01,평리명성아파트앞,3616,615
2013-06-01,평리중학교건너,1437,502
2013-06-01,평리중학교앞,2540,145
2013-06-01,평리청구타운건너,39898,15302
2013-06-01,평리청구타운앞,36462,9637
2013-06-01,평안,645,70
2013-06-01,평촌2리,14,5
2013-06-01,평촌리,190,0
2013-06-01,평현치안센터건너,5714,922
2013-06-01,평화시장(닭똥집골목)건너,26373,4040
2013-06-01,평화시장(닭똥집골목)앞,53627,17623
2013-06-01,평화씨엠비건너,1089,23
2013-06-01,평화씨엠비앞,180,113
2013-06-01,평화정공건너,816,77
2013-06-01,평화정공앞,825,44
2013-06-01,평화타운건너,15192,7032
2013-06-01,푸드웰건너,4116,9
2013-06-01,푸드웰앞,128,154
2013-06-01,푸르밀대구공장,10,2
2013-06-01,푸르밀대구공장건너,0,5
2013-06-01,풋살경기장(50사단),766,55
2013-06-01,풍국주정공업,1211,26
2013-06-01,하리(약산온천)건너,270,62
2013-06-01,하목정(종점),1,15
2013-06-01,하빈농협건너,114,4
2013-06-01,하빈농협동곡지점1,51,8
2013-06-01,하빈농협동곡지점2,305,6
2013-06-01,하빈농협앞,16,10
2013-06-01,하빈농협입구,1,8
2013-06-01,하빈면사무소건너,393,18
2013-06-01,하빈면사무소앞,28,5
2013-06-01,하빈우체국건너,238,0
2013-06-01,하빈우체국앞,12,3
2013-06-01,하빈주유소앞,16,4
2013-06-01,하빈초등학교앞,169,10
2013-06-01,하산1리,286,1
2013-06-01,하산2리,336,1
2013-06-01,하산스무지(종점),151,3
2013-06-01,학남고등학교건너,1675,221
2013-06-01,학남고등학교앞,4977,276
2013-06-01,학남초등학교건너,112,313
2013-06-01,학남초등학교앞,2958,245
2013-06-01,학정청아람1,989,7
2013-06-01,학정청아람2,2980,84
2013-06-01,학정청아람건너,2042,366
2013-06-01,학정청아람앞,2627,174
2013-06-01,한가람타운건너,24019,6695
2013-06-01,한가람타운앞,21705,5089
2013-06-01,한걸고정마을,226,0
2013-06-01,한국건강관리협회앞,4906,781
2013-06-01,한국국토정보공사건너,2424,2157
2013-06-01,한국국토정보공사앞,2598,467
2013-06-01,한국농어촌공사건너,23913,4025
2013-06-01,한국농어촌공사앞,19704,1892
2013-06-01,한국델파이건너,293,164
2013-06-01,한국델파이앞,1153,59
2013-06-01,한국도로공사건너,144,556
2013-06-01,한국도로공사앞,7737,57
2013-06-01,한국방송통신대학교건너,3641,447
2013-06-01,한국방송통신대학교앞,994,420
2013-06-01,한국산업은행성서지점건너,11,861
2013-06-01,한국산업은행성서지점앞,4432,16
2013-06-01,한국산업인력공단건너,4054,86
2013-06-01,한국산업인력공단앞,199,204
2013-06-01,한국클래드텍건너,329,0
2013-06-01,한국클래드텍앞,3,74
2013-06-01,한국타이어,308,154
2013-06-01,한국타이어건너,266,9
2013-06-01,한국패션센터,2113,159
2013-06-01,한국폴리텍VI대구대학건너,16463,5313
2013-06-01,한국폴리텍VI대구대학앞,13156,5261
2013-06-01,한국폴리텍대학(섬유패션캠퍼스),7157,1915
2013-06-01,한국환경자원공사,8,8
2013-06-01,한도아파트앞,9060,355
2013-06-01,한라하우젠트,778,9
2013-06-01,한마음주유소건너,2667,199
2013-06-01,한마음주유소앞,2964,295
2013-06-01,한샘교회,5050,1083
2013-06-01,한샘교회건너,836,834
2013-06-01,한서기전건너,195,4
2013-06-01,한서기전앞,519,25
2013-06-01,한양공작맨션건너,16,85
2013-06-01,한양공작맨션앞,1162,5
2013-06-01,한양산호아파트건너,603,303
2013-06-01,한양산호아파트앞,7032,179
2013-06-01,한양수정아파트,43,59
2013-06-01,한양코스모스아파트건너,65,124
2013-06-01,한양코스모스아파트앞,1409,25
2013-06-01,한전동대구지사,23815,5672
2013-06-01,한전동대구지사건너,17986,4808
2013-06-01,한전서대구지사건너,21365,5527
2013-06-01,한전서대구지사앞,14114,4250
2013-06-01,한정3리,70,0
2013-06-01,한정리(한정초교),524,2
2013-06-01,한정리(한정초교건너),2,2
2013-06-01,한화꿈에그린건너1,644,700
2013-06-01,한화꿈에그린앞,13312,2130
2013-06-01,함지초등학교건너,1053,554
2013-06-01,함지초등학교앞,9362,355
2013-06-01,해랑교(시외방향),25,13
2013-06-01,해랑교1,20,6
2013-06-01,해랑교2,772,21
2013-06-01,해랑교건너,38,71
2013-06-01,해안동행정복지센터,385,72
2013-06-01,해안역(1번출구),14809,2834
2013-06-01,해안역(3번출구),7007,3013
2013-06-01,해안초등학교뒤,11,26
2013-06-01,행정1리건너,117,0
2013-06-01,행정2리건너,1,9
2013-06-01,행정2리앞,116,0
2013-06-01,행정리,2,25
2013-06-01,행정리(한천서원),366,0
2013-06-01,헬로TV대구방송건너,5791,2327
2013-06-01,헬로TV대구방송앞,7595,1571
2013-06-01,현내1리,195,1
2013-06-01,현내2리중방마을건너,88,0
2013-06-01,현내2리중방마을앞,4,0
2013-06-01,현대금속,1311,52
2013-06-01,현대메카닉스건너,101,0
2013-06-01,현대메카닉스앞,3,27
2013-06-01,현대백조아파트(북편),3838,158
2013-06-01,현대백조아파트건너,2487,226
2013-06-01,현대백조아파트앞,2894,500
2013-06-01,현대백화점.동아쇼핑건너,27524,8458
2013-06-01,현대백화점.동아쇼핑앞,38519,5128
2013-06-01,현대시장건너,12551,1004
2013-06-01,현대시장앞,2549,986
2013-06-01,현대시장앞2,860,315
2013-06-01,현대해상건너,30583,10607
2013-06-01,현대해상앞,26893,6621
2013-06-01,현충로역(3번출구),32406,14129
2013-06-01,현충로역(4번출구),24980,10455
2013-06-01,현충삼거리1,459,558
2013-06-01,현충삼거리2,3345,106
2013-06-01,현풍고속도로밑,210,7
2013-06-01,현풍농협,2688,312
2013-06-01,현풍면사무소건너,2,16
2013-06-01,현풍면사무소앞,2,0
2013-06-01,현풍삼거리,1,23
2013-06-01,현풍새마을금고,2591,340
2013-06-01,현풍시외버스터미널,1254,303
2013-06-01,현풍운전시험장,472,5
2013-06-01,현풍주공아파트,11,20
2013-06-01,현풍주공아파트2,1,31
2013-06-01,현풍주공아파트앞,432,11
2013-06-01,현풍중고등학교,5,54
2013-06-01,현풍중고등학교건너,1500,5
2013-06-01,현풍터미널건너,1571,115
2013-06-01,현풍터미널앞,435,381
2013-06-01,현풍할매곰탕,1841,455
2013-06-01,현풍할매곰탕건너,4063,311
2013-06-01,호산초등학교건너,123,25
2013-06-01,호산초등학교앞,98,217
2013-06-01,홈플러스내당점건너,8973,1985
2013-06-01,홈플러스내당점앞,6010,7247
2013-06-01,홈플러스대구점건너,14782,3922
2013-06-01,홈플러스대구점앞,20815,6203
2013-06-01,홈플러스동촌점건너,5820,2568
2013-06-01,홈플러스동촌점앞,11745,1710
2013-06-01,홈플러스칠곡점건너,10154,509
2013-06-01,홈플러스칠곡점앞,2750,1328
2013-06-01,홍천사건너,1672,47
2013-06-01,홍천사입구,65,80
2013-06-01,화남초등학교건너,18,253
2013-06-01,화남초등학교앞,6921,703
2013-06-01,화동초등학교건너,674,117
2013-06-01,화동초등학교앞,741,61
2013-06-01,화랑교1,1236,2037
2013-06-01,화랑교2,13171,742
2013-06-01,화성그랜드건너,379,48
2013-06-01,화성그랜드앞,176,46
2013-06-01,화성리버파크건너,6071,139
2013-06-01,화성리버파크앞,1060,437
2013-06-01,화성센트럴파크,3966,182
2013-06-01,화성쌍용타운건너,835,28
2013-06-01,화성쌍용타운앞1,919,141
2013-06-01,화성쌍용타운앞2,155,426
2013-06-01,화성전문요양원건너,2900,307
2013-06-01,화성전문요양원앞,1621,590
2013-06-01,화성파크뷰건너,10204,363
2013-06-01,화성파크뷰앞,791,939
2013-06-01,화영테크건너,26,13
2013-06-01,화영테크앞,480,19
2013-06-01,화원고등학교(종점),308,49
2013-06-01,화원고등학교(종점)2,10,67
2013-06-01,화원고등학교건너,7438,1172
2013-06-01,화원고등학교앞,10863,1874
2013-06-01,화원농협주유소건너,1753,525
2013-06-01,화원농협주유소앞,7313,973
2013-06-01,화원삼주타운건너,6535,217
2013-06-01,화원삼주타운앞,324,335
2013-06-01,화원시장건너,4014,358
2013-06-01,화원시장앞,163,493
2013-06-01,화원유원지(사문진주막촌),166,30
2013-06-01,화원유원지건너,246,15
2013-06-01,화원초등학교건너,21517,5914
2013-06-01,화원초등학교앞,31017,9719
2013-06-01,화전동1,9,58
2013-06-01,화전동2,624,0
2013-06-01,황금2동치안센터건너,1593,384
2013-06-01,황금2동치안센터앞,4007,199
2013-06-01,황금네거리1,27721,2478
2013-06-01,황금네거리2,7793,5211
2013-06-01,황금시장건너,250,84
2013-06-01,황금시장앞,1750,92
2013-06-01,황금우방1차건너,17762,3160
2013-06-01,황금우방1차앞,7174,2109
2013-06-01,황금초등학교건너,1847,624
2013-06-01,황금초등학교앞,5570,222
2013-06-01,황제맨션건너,7240,1821
2013-06-01,황제맨션앞,4373,482
2013-06-01,효동초등학교건너,4182,822
2013-06-01,효동초등학교앞,9693,699
2013-06-01,효목네거리1,9809,2378
2013-06-01,효목네거리2,2436,3069
2013-06-01,효목네거리3,20537,4763
2013-06-01,효성타운앞,15812,1215
2013-06-01,흥사단 대구지부건너,1971,318
2013-06-01,흥사단 대구지부앞,758,574
2013-06-01,흥성정공건너,354,19
2013-06-01,흥성정공앞,167,6
2013-06-01,희망교1,1178,148
2013-06-01,희성전자건너,20,6
2013-06-01,희성전자앞,428,42
2013-06-01,힐크레스트남문건너,655,119
2013-06-01,힐크레스트남문앞,94,235
2013-06-01,힐크레스트입구,485,696
2013-07-01,(주)성안건너,47,355
2013-07-01,(주)영화건너,3,87
2013-07-01,(주)영화앞,564,0
2013-07-01,1차서한화성타운앞,896,91
2013-07-01,2.28기념중앙공원건너1,70723,18119
2013-07-01,2.28기념중앙공원건너2,21643,9821
2013-07-01,2.28기념중앙공원앞,189825,33504
2013-07-01,2차대자연맨션건너,2604,1057
2013-07-01,2차대자연맨션앞,9689,650
2013-07-01,2차서한화성타운건너,40513,2758
2013-07-01,2차서한화성타운앞,18355,4646
2013-07-01,2호선반월당역1,20495,4841
2013-07-01,2호선반월당역2,17982,7329
2013-07-01,3공단새마을금고앞,5533,1439
2013-07-01,CGV대구한일건너,119924,32676
2013-07-01,CGV대구한일앞,37949,9473
2013-07-01,IHL건너,1,0
2013-07-01,IHL앞,1,0
2013-07-01,K-2입구,2444,414
2013-07-01,K2관사입구(종점),378,76
2013-07-01,KT남대구지사건너1,18068,4390
2013-07-01,KT남대구지사건너2,2398,841
2013-07-01,KT남대구지사앞1,24295,9335
2013-07-01,KT남대구지사앞2,1825,668
2013-07-01,KT동대구지사건너,29575,7726
2013-07-01,KT동대구지사앞,18129,3569
2013-07-01,KT북대구지사건너,4650,492
2013-07-01,KT북대구지사앞,3728,808
2013-07-01,KT상동지사건너,3678,559
2013-07-01,KT상동지사앞,921,731
2013-07-01,KT서대구지사건너,22895,2851
2013-07-01,KT서대구지사앞,20082,3649
2013-07-01,LG물류센터건너,3633,1775
2013-07-01,LG물류센터앞,8255,975
2013-07-01,MBC네거리,10740,1897
2013-07-01,SK리더스뷰건너,13299,1456
2013-07-01,SK리더스뷰앞,6212,2547
2013-07-01,STX메탈건너,1751,1671
2013-07-01,STX메탈앞,2051,170
2013-07-01,TBC건너,12157,678
2013-07-01,TBC앞,3483,2403
2013-07-01,TCN대구방송건너,1995,223
2013-07-01,TCN대구방송앞,3795,310
2013-07-01,㈜윔스건너,198,11
2013-07-01,㈜윔스앞,280,7
2013-07-01,가야농원,388,0
2013-07-01,가창농협건너,1363,2518
2013-07-01,가창농협앞,13668,1098
2013-07-01,가창댐,7,20
2013-07-01,가창댐1,32,13
2013-07-01,가창면사무소건너,6961,3961
2013-07-01,가창면사무소앞,10913,1982
2013-07-01,가창중학교건너,7199,559
2013-07-01,가창중학교앞,228,306
2013-07-01,가창초등학교건너,598,508
2013-07-01,가창초등학교앞,945,152
2013-07-01,가천동앞,101,8
2013-07-01,가천리,42,0
2013-07-01,가태2리마을입구,1,0
2013-07-01,가태리마을회관건너,18,0
2013-07-01,가태리마을회관앞,100,0
2013-07-01,각산역(1번출구),9533,1043
2013-07-01,각산역(2번출구),2012,1742
2013-07-01,갈실마을회관종점,408,21
2013-07-01,감문1리1,3,1
2013-07-01,감문1리2,191,0
2013-07-01,감문1리3,1,1
2013-07-01,감문1리4,195,0
2013-07-01,감삼네거리1,20508,5888
2013-07-01,감삼네거리2,61272,42587
2013-07-01,감삼초등학교건너,17788,1233
2013-07-01,감삼초등학교앞,6893,851
2013-07-01,갓골건너,487,0
2013-07-01,갓골앞,2,14
2013-07-01,갓바위,21213,583
2013-07-01,강남약국건너,49059,21054
2013-07-01,강남약국앞1,31821,10198
2013-07-01,강남약국앞2,10333,1504
2013-07-01,강동중·고등학교,11,329
2013-07-01,강동중·고등학교건너,7807,34
2013-07-01,강변동서마을건너,6111,768
2013-07-01,강변동서마을앞,3145,1063
2013-07-01,강북경찰서건너,1401,1009
2013-07-01,강북경찰서앞,4213,753
2013-07-01,강북중학교건너,43,503
2013-07-01,강북중학교앞,11300,19
2013-07-01,강산아파트건너,5221,2832
2013-07-01,강산아파트앞,6595,730
2013-07-01,강정(종점),1,5
2013-07-01,강정보(디아크문화관)건너,2,13
2013-07-01,강정보(디아크문화관)입구,263,3
2013-07-01,강창교1,5098,101
2013-07-01,강창교2,167,340
2013-07-01,강창역(1번출구),4799,1960
2013-07-01,강창역(2번출구),25575,1671
2013-07-01,강창하이츠,10487,323
2013-07-01,거동교1,1206,85
2013-07-01,거동교2,1317,625
2013-07-01,건들바위건너,1519,265
2013-07-01,건들바위앞,730,572
2013-07-01,건영아파트건너,18751,3081
2013-07-01,건영캐스빌건너,13811,300
2013-07-01,건영캐스빌앞,326,611
2013-07-01,검단119안전센터(엑스코),104,76
2013-07-01,검단동대구축협앞,5755,25
2013-07-01,검단동주민센터건너,13401,71
2013-07-01,검단동주민센터앞,147,1199
2013-07-01,검단상가아파트건너,3513,22
2013-07-01,검단상가아파트앞,6,62
2013-07-01,검단유성아파트(서편),10187,4315
2013-07-01,검단유성아파트건너,6237,2826
2013-07-01,검단유성아파트앞,20702,4790
2013-07-01,경기장네거리1,4485,935
2013-07-01,경기장네거리2,4891,1100
2013-07-01,경대교2,3551,438
2013-07-01,경대교건너,910,68
2013-07-01,경대교앞,916,237
2013-07-01,경대사대부설고등학교앞,25447,9091
2013-07-01,경대아파트건너,33382,1440
2013-07-01,경대아파트앞,8197,2564
2013-07-01,경덕여고,1116,93
2013-07-01,경동산업앞,83,0
2013-07-01,경명여고건너,4037,409
2013-07-01,경명여고앞,2613,558
2013-07-01,경북고교종점,699,1084
2013-07-01,경북고등학교건너,14374,4245
2013-07-01,경북고등학교앞,19077,3230
2013-07-01,경북고등학교종점건너,1724,648
2013-07-01,경북공고건너,7312,2353
2013-07-01,경북공고앞,10109,2710
2013-07-01,경북공무원교육원1,687,78
2013-07-01,경북공무원교육원2,27,26
2013-07-01,경북교통,2192,1243
2013-07-01,경북교통앞,4155,1299
2013-07-01,경북기계공고건너,21804,2062
2013-07-01,경북기계공고앞,10904,4671
2013-07-01,경북농업기술원건너,68,34
2013-07-01,경북농업기술원앞,511,17
2013-07-01,경북대체육센터건너,35590,648
2013-07-01,경북대체육센터앞,4712,2136
2013-07-01,경북대학교병원건너,27546,9057
2013-07-01,경북대학교병원앞,44141,9438
2013-07-01,경북대학교북문건너,63373,5036
2013-07-01,경북대학교북문앞,36065,8971
2013-07-01,경북대학교서문건너,12140,1312
2013-07-01,경북대학교서문앞,3810,1108
2013-07-01,경북대학교정문건너,12362,3884
2013-07-01,경북대학교정문앞,27713,3458
2013-07-01,경북대학교치과병원,27016,11778
2013-07-01,경북아파트건너(고산동),33222,2377
2013-07-01,경북아파트건너(신천동),9748,4007
2013-07-01,경북아파트앞(고산동),13095,3442
2013-07-01,경북아파트앞(신천동),6850,1342
2013-07-01,경북여상건너,14986,6403
2013-07-01,경북여상앞,14410,2269
2013-07-01,경북크랑크,1931,12
2013-07-01,경상감영공원건너,140196,30057
2013-07-01,경상감영공원앞,76323,45254
2013-07-01,경상북도농업인회관,226,31
2013-07-01,경상여자고등학교건너,3332,727
2013-07-01,경상여자고등학교앞,11932,1349
2013-07-01,경서중학교건너,445,359
2013-07-01,경서중학교앞,7482,265
2013-07-01,경신고등학교건너,55854,10681
2013-07-01,경신고등학교앞,40864,16116
2013-07-01,경운초등학교건너,2565,624
2013-07-01,경운초등학교앞,7911,1784
2013-07-01,경원고등학교건너,877,39
2013-07-01,경원고등학교앞,1682,83
2013-07-01,경일여자중학교건너,21869,637
2013-07-01,경일여자중학교앞,4866,1340
2013-07-01,경주최씨종가(종점),178,13
2013-07-01,경주최씨종가1,3,0
2013-07-01,경주최씨종가2,3,3
2013-07-01,경진테크빌앞,858,295
2013-07-01,경창산업,1396,63
2013-07-01,경희강재건너,783,544
2013-07-01,경희강재앞,3622,91
2013-07-01,계명대대명캠퍼스후문건너,2285,284
2013-07-01,계명대역(1번출구),2295,1844
2013-07-01,계명대역(2번출구),7800,1583
2013-07-01,계명대학교대명캠퍼스건너,15200,5187
2013-07-01,계명대학교대명캠퍼스앞,24053,5061
2013-07-01,계명대학교대명캠퍼스후문앞,2381,423
2013-07-01,계명대학교동문건너1,7134,2277
2013-07-01,계명대학교동문건너2,23892,8109
2013-07-01,계명대학교동문앞,20453,11759
2013-07-01,계명대학교정문건너,27194,1352
2013-07-01,계명대학교정문앞,4959,1812
2013-07-01,계명문화대학건너,7706,686
2013-07-01,계명문화대학앞,10920,4857
2013-07-01,고모동입구,5399,135
2013-07-01,고모역건너,216,1
2013-07-01,고모역앞,12,5
2013-07-01,고봉리,21,1
2013-07-01,고산2동주민센터건너,12035,3454
2013-07-01,고산2동주민센터앞,25221,3637
2013-07-01,고산골입구,7484,1281
2013-07-01,고산농협창고건너,1764,290
2013-07-01,고산농협창고앞,651,1051
2013-07-01,고산도서관,21525,13346
2013-07-01,고산정수사업소건너,3660,669
2013-07-01,고성아파트(서편),12842,5272
2013-07-01,고성아파트건너,2510,221
2013-07-01,고성아파트건너(서편),16900,3815
2013-07-01,고성아파트앞,1826,677
2013-07-01,고성지구대1,1848,689
2013-07-01,고성지구대2,4720,1278
2013-07-01,골안골,65,46
2013-07-01,골안골지하보도앞,3,36
2013-07-01,공고네거리1,39244,6796
2013-07-01,공고네거리2,12543,2253
2013-07-01,공군기지관사입구,134,58
2013-07-01,공단역1,10660,3397
2013-07-01,공단역2,14313,5823
2013-07-01,공단하수처리장건너,47,44
2013-07-01,공단하수처리장앞,392,12
2013-07-01,공산댐건너,1280,41
2013-07-01,공산댐앞,210,136
2013-07-01,공산동행정복지센터건너,879,370
2013-07-01,공산동행정복지센터앞,6869,361
2013-07-01,공산초등학교건너,416,187
2013-07-01,공산초등학교앞,2571,107
2013-07-01,공산파출소,206,379
2013-07-01,공항시장건너,12861,1012
2013-07-01,공항시장앞,6261,1236
2013-07-01,곽병원건너,22433,13704
2013-07-01,곽병원앞1,35206,5732
2013-07-01,곽병원앞2,11748,2621
2013-07-01,관리공단,571,12
2013-07-01,관음공영주차장앞,1918,13
2013-07-01,관음농협앞,394,114
2013-07-01,관음동주민센터건너,978,85
2013-07-01,관음동주민센터앞,1167,27
2013-07-01,관음변전소1,4841,34
2013-07-01,관음변전소2,38,261
2013-07-01,관음변전소3,958,11
2013-07-01,관음변전소4,851,297
2013-07-01,관음어린이집,392,66
2013-07-01,관음중학교(북편),1246,19
2013-07-01,광명은하아파트건너,8568,2594
2013-07-01,광명은하아파트앞,10774,2320
2013-07-01,광명프레지던트아파트건너,17472,3011
2013-07-01,광장타운건너,20503,3535
2013-07-01,광장타운앞,22844,4005
2013-07-01,교대부설초등학교건너,6273,177
2013-07-01,교대부설초등학교앞,1099,577
2013-07-01,교동시장앞,19726,1743
2013-07-01,교동초등학교건너,54,54
2013-07-01,교동초등학교앞,1237,86
2013-07-01,교통연수원,18762,1164
2013-07-01,교통연수원건너,14723,3316
2013-07-01,교항2리마을입구,122,372
2013-07-01,교항2리회관,1544,10
2013-07-01,교항리건너,1614,84
2013-07-01,교항리마을입구건너,618,12
2013-07-01,교항리앞,541,391
2013-07-01,구)달성군청건너,35287,5117
2013-07-01,구)달성군청앞,24731,21035
2013-07-01,구)대영학원건너,21359,3587
2013-07-01,구)대영학원앞,18914,5596
2013-07-01,구)효목2동행정복지센터건너,20440,1513
2013-07-01,구)효목2동행정복지센터앞,6763,1176
2013-07-01,구.남부정류장건너1,14789,16401
2013-07-01,구.남부정류장건너2,8211,8639
2013-07-01,구.남부정류장앞1,32573,6413
2013-07-01,구.남부정류장앞2,6326,1737
2013-07-01,구.동부정류장(남편),5790,1219
2013-07-01,구.동부정류장(메트로팔레스),14345,6017
2013-07-01,구.동부정류장건너,18456,4397
2013-07-01,구.동부정류장앞,11612,4498
2013-07-01,구둔산,537,19
2013-07-01,구라리,1,0
2013-07-01,구룡촌건너,4,16
2013-07-01,구룡촌앞,96,0
2013-07-01,구병원건너,17972,6636
2013-07-01,구병원앞,32379,6874
2013-07-01,구삼폭포건너,2,2
2013-07-01,구삼폭포앞,103,0
2013-07-01,구암가구골목1,4903,165
2013-07-01,구암가구골목2,1993,301
2013-07-01,구암교1,8104,918
2013-07-01,구암교2,1734,1109
2013-07-01,구암동1,1363,67
2013-07-01,구암동2,210,255
2013-07-01,구암역(운전면허시험장)1,6942,353
2013-07-01,구암역(운전면허시험장)2,3828,802
2013-07-01,구암초등학교건너,3036,386
2013-07-01,구암초등학교앞,6087,208
2013-07-01,구지농공단지1,7,24
2013-07-01,구지농공단지2,228,0
2013-07-01,구지면사무소건너,749,310
2013-07-01,구지면사무소앞,2608,414
2013-07-01,구지청아람건너,5968,150
2013-07-01,구지청아람앞,464,618
2013-07-01,국립대구과학관정문건너,10,1
2013-07-01,국립대구과학관정문앞,3,2
2013-07-01,국립대구박물관건너,16903,1470
2013-07-01,국립대구박물관앞,11547,2426
2013-07-01,국민건강보험공단건너,26673,4468
2013-07-01,국민건강보험공단앞,14547,10794
2013-07-01,국민은행3공단지점건너,5993,860
2013-07-01,국민은행3공단지점앞,3927,812
2013-07-01,국우동현대아파트건너,685,76
2013-07-01,국우동현대아파트앞,7984,265
2013-07-01,국채보상운동기념공원,8124,3562
2013-07-01,굿모닝병원건너,13118,2742
2013-07-01,굿모닝병원앞,20375,2987
2013-07-01,궁전아파트건너,43,211
2013-07-01,궁전아파트앞,3177,57
2013-07-01,귀남지휴게소1,15,0
2013-07-01,그랜드호텔건너,35248,29531
2013-07-01,그랜드호텔앞,56491,17908
2013-07-01,그린빌4단지,95,471
2013-07-01,그린빌4단지건너,1125,11
2013-07-01,그린빌4단지앞,283,90
2013-07-01,근로복지공단대구병원건너,2072,229
2013-07-01,근로복지공단대구병원앞,2636,262
2013-07-01,근린공원축구장건너,21,171
2013-07-01,근린공원축구장앞,868,13
2013-07-01,금강동,74,9
2013-07-01,금계초등학교(교항리),748,89
2013-07-01,금복주건너,3198,172
2013-07-01,금복주앞,2262,206
2013-07-01,금봉네거리1,15784,1192
2013-07-01,금봉네거리2,6485,789
2013-07-01,금사리하이빌APT건너,1968,204
2013-07-01,금사리하이빌APT앞,567,208
2013-07-01,금융감독원건너,1861,1409
2013-07-01,금포초등학교,2383,190
2013-07-01,금포초등학교건너,598,299
2013-07-01,금호기전,19,30
2013-07-01,금호지구(시내방향),64,0
2013-07-01,금호지구(종점방향),44,2
2013-07-01,기곡(종점),13,14
2013-07-01,기곡리1,6,1
2013-07-01,기곡리2,45,0
2013-07-01,기독교방송국건너,6509,2251
2013-07-01,기독교방송국앞,5305,2105
2013-07-01,기업은행대곡지점건너,162,1621
2013-07-01,기업은행대곡지점앞,27850,570
2013-07-01,기업은행죽전동지점건너,6300,461
2013-07-01,기업은행죽전동지점앞,4301,654
2013-07-01,김흥2리건너,84,9
2013-07-01,김흥2리앞,5,0
2013-07-01,김흥리마을입구,143,0
2013-07-01,남구청건너2,10240,7485
2013-07-01,남구청네거리1,13411,1056
2013-07-01,남구청네거리2,340,200
2013-07-01,남대구IC1,17036,996
2013-07-01,남대구IC2,7534,1141
2013-07-01,남명삼거리1,2323,238
2013-07-01,남명삼거리2,2823,419
2013-07-01,남문시장건너1,1352,184
2013-07-01,남문시장건너2,33107,10801
2013-07-01,남문시장앞,23329,10720
2013-07-01,남문아파트앞,590,332
2013-07-01,남부경찰서건너,10677,2768
2013-07-01,남부경찰서앞,16607,4582
2013-07-01,남부교육지원청건너,9806,758
2013-07-01,남부교육지원청앞,6687,950
2013-07-01,남부도서관앞,297,936
2013-07-01,남부자동차종합시장건너,4041,142
2013-07-01,남부자동차종합시장앞,1016,408
2013-07-01,남부초등학교건너,1486,39
2013-07-01,남부초등학교앞,915,202
2013-07-01,남부초등학교앞2,5794,941
2013-07-01,남산2동주민센터건너,187,192
2013-07-01,남산2동주민센터앞,888,39
2013-07-01,남산고등학교건너,1111,20
2013-07-01,남산고등학교앞,454,214
2013-07-01,남산역(프린스호텔건너),12018,2903
2013-07-01,남산역건너(프린스호텔앞),20110,9849
2013-07-01,남산주유소건너,1817,783
2013-07-01,남산주유소앞,2265,159
2013-07-01,남산초등학교건너,21146,3564
2013-07-01,남산초등학교앞,14165,5345
2013-07-01,남산휴먼시아앞,2454,404
2013-07-01,내2리새마을회관건너,55,0
2013-07-01,내2리새마을회관앞,5,2
2013-07-01,내당1동우체국건너,2792,291
2013-07-01,내당1동우체국앞,3136,320
2013-07-01,내당광명아파트,3948,1839
2013-07-01,내당삼익맨션건너,30509,7772
2013-07-01,내당삼익맨션앞,17112,11802
2013-07-01,내당코오롱아파트건너,7198,4251
2013-07-01,내당코오롱아파트앞,9568,1057
2013-07-01,내동,1124,10
2013-07-01,내동건너,36,100
2013-07-01,내리1,8,0
2013-07-01,내리2,1,0
2013-07-01,내일교회건너,219,59
2013-07-01,내일교회앞,1071,23
2013-07-01,냉천2리,133,8
2013-07-01,냉천리1,2553,117
2013-07-01,냉천리2,124,475
2013-07-01,노곡동,2961,95
2013-07-01,노변중학교,939,72
2013-07-01,노변중학교건너,1461,58
2013-07-01,노변청구타운건너,185,67
2013-07-01,노변청구타운앞,386,53
2013-07-01,노원119안전센터건너,7617,1975
2013-07-01,노원119안전센터앞,4751,557
2013-07-01,노원네거리(공단세차장건너),652,1409
2013-07-01,노원네거리(공단세차장앞),8279,630
2013-07-01,노원네거리(대구은행건너),1306,239
2013-07-01,노원네거리(대구은행앞),5877,491
2013-07-01,노원네거리1,5625,2543
2013-07-01,노원네거리2,11829,1649
2013-07-01,노원동화타운건너,708,397
2013-07-01,노원동화타운앞,5359,243
2013-07-01,녹동서원앞,4,3
2013-07-01,녹원맨션1,3301,1262
2013-07-01,녹원맨션2,11888,746
2013-07-01,논공삼거리1,2343,32
2013-07-01,논공삼거리2,332,188
2013-07-01,논공읍사무소,892,428
2013-07-01,논공읍사무소건너1,4182,221
2013-07-01,논공읍사무소건너2,1011,375
2013-07-01,농산물도매시장건너,51,22
2013-07-01,농산물도매시장앞,1868,86
2013-07-01,농수산물도매시장건너,4067,1316
2013-07-01,농수산물도매시장앞,9295,1342
2013-07-01,농촌진흥원입구,278,137
2013-07-01,농협동촌지점,624,127
2013-07-01,농협방촌지점,2181,181
2013-07-01,농협비료창고건너(연경),29,35
2013-07-01,농협비료창고앞(연경),21,0
2013-07-01,농협중앙회건너,34819,11439
2013-07-01,농협중앙회앞,28753,12655
2013-07-01,농협중앙회중동지점건너,1905,145
2013-07-01,농협중앙회중동지점앞,1154,253
2013-07-01,농협하나로마트건너,25,900
2013-07-01,능골1,127,2158
2013-07-01,능골건너,2804,69
2013-07-01,능성동(종점),447,14
2013-07-01,능성동예비군훈련장,1094,44
2013-07-01,능성동입구건너,1016,1
2013-07-01,능성동입구앞,17,57
2013-07-01,다리골,51,0
2013-07-01,다사고등학교건너,11619,1638
2013-07-01,다사고등학교앞,1422,930
2013-07-01,다사농협주유소건너,494,651
2013-07-01,다사농협주유소앞,9825,350
2013-07-01,다사역(4번출구),158,0
2013-07-01,다사읍사무소건너,7075,397
2013-07-01,다사읍사무소서재출장소건너,451,13
2013-07-01,다사읍사무소서재출장소앞,128,32
2013-07-01,다사읍사무소앞,15,491
2013-07-01,다사주공아파트건너,132,4
2013-07-01,다사주공아파트앞,3,163
2013-07-01,다사체육공원건너,11,0
2013-07-01,다사체육공원앞,18,0
2013-07-01,다사초등학교건너,57,0
2013-07-01,다사초등학교앞,0,21
2013-07-01,단산리(종점),585,4
2013-07-01,단산리입구,352,0
2013-07-01,달구벌종합복지관건너,1089,107
2013-07-01,달구벌종합복지관앞,741,106
2013-07-01,달서공고건너,238,70
2013-07-01,달서공고앞,995,28
2013-07-01,달서교회건너,23235,3491
2013-07-01,달서교회앞,22644,4792
2013-07-01,달서구새마을회건너,4503,173
2013-07-01,달서구새마을회앞,1237,256
2013-07-01,달서구청건너,24123,2413
2013-07-01,달서구청앞,7265,3218
2013-07-01,달서종합시장건너,1922,596
2013-07-01,달서종합시장앞,1144,219
2013-07-01,달서중고등학교,89,25
2013-07-01,달서중고등학교건너,706,2
2013-07-01,달서천하수종말처리장건너,99,0
2013-07-01,달서천하수종말처리장앞,0,1
2013-07-01,달서초교,1907,55
2013-07-01,달성2차공단관리청사,370,39
2013-07-01,달성2차산업단지출장소앞,1,18
2013-07-01,달성경찰서,2007,457
2013-07-01,달성경찰서건너,2971,119
2013-07-01,달성공원건너,13937,5129
2013-07-01,달성공원앞,17912,8815
2013-07-01,달성군민운동장건너,1887,150
2013-07-01,달성군민운동장앞,905,185
2013-07-01,달성군선거관리위원회건너,409,109
2013-07-01,달성군선거관리위원회앞,26,263
2013-07-01,달성군청건너,4055,125
2013-07-01,달성군청앞,362,479
2013-07-01,달성기와건너,169,52
2013-07-01,달성기와앞,870,25
2013-07-01,달성도서관건너,1,0
2013-07-01,달성도서관입구,5,0
2013-07-01,달성문화원건너,3,0
2013-07-01,달성문화원앞,3,0
2013-07-01,달성산업단지건너,267,30
2013-07-01,달성산업단지관리공단1,2,10
2013-07-01,달성산업단지관리공단2,16,0
2013-07-01,달성소방서건너,488,63
2013-07-01,달성소방서앞,307,60
2013-07-01,달성스포츠파크건너,0,16
2013-07-01,달성스포츠파크앞,8,0
2013-07-01,달성예비군훈련장건너,850,323
2013-07-01,달성예비군훈련장앞,2217,463
2013-07-01,달성우체국건너,397,607
2013-07-01,달성우체국앞,5821,115
2013-07-01,달성중학교건너,5546,1240
2013-07-01,달성중학교앞,22784,2006
2013-07-01,달성초등학교건너,3536,965
2013-07-01,달성초등학교앞,2707,498
2013-07-01,달성취수장건너,23,32
2013-07-01,달성취수장앞,46,35
2013-07-01,달창저수지,17,0
2013-07-01,달천리(시내방향),153,0
2013-07-01,달천리(시외방향),91,1
2013-07-01,담안마을1,6,19
2013-07-01,담안마을2,338,0
2013-07-01,담티고개1,678,285
2013-07-01,담티고개2,1126,369
2013-07-01,당동마을건너,647,1
2013-07-01,당동마을앞,3,11
2013-07-01,당정마을입구,34,5
2013-07-01,당정마을입구건너,227,0
2013-07-01,대1리용흥지건너,50,1
2013-07-01,대1리용흥지앞,47,22
2013-07-01,대곡강산타운,26645,1021
2013-07-01,대곡강산타운건너,4438,2067
2013-07-01,대곡사계절타운건너,16413,954
2013-07-01,대곡사계절타운앞,6592,2230
2013-07-01,대곡역(1번출구),56940,5397
2013-07-01,대곡역(2번출구),18261,61953
2013-07-01,대곡역(한라하우젠트건너),22261,3214
2013-07-01,대곡역(한라하우젠트앞),7633,19722
2013-07-01,대곡역그린빌,9491,3037
2013-07-01,대곡주공1단지앞,4907,1700
2013-07-01,대곡주공2단지앞,26716,637
2013-07-01,대곡주공6단지앞,3753,621
2013-07-01,대곡주공7단지앞,17459,816
2013-07-01,대곡주공8단지건너,23910,3171
2013-07-01,대곡주공8단지앞,10634,2327
2013-07-01,대곡중학교건너,5518,570
2013-07-01,대곡중학교앞,3156,601
2013-07-01,대공원역(1번출구),2357,8314
2013-07-01,대공원역(5번출구),5728,2011
2013-07-01,대구가톨릭대학병원건너,24687,3693
2013-07-01,대구가톨릭대학병원앞,20825,3596
2013-07-01,대구경북과학기술원,14,3
2013-07-01,대구경북과학기술원기숙사,12,2
2013-07-01,대구고등학교건너,35923,7750
2013-07-01,대구고등학교앞,16625,4178
2013-07-01,대구고용노동청건너,18365,1711
2013-07-01,대구고용노동청앞,4972,1874
2013-07-01,대구공업대학1,14342,4917
2013-07-01,대구공업대학2,4402,1732
2013-07-01,대구공업대학건너,6625,2504
2013-07-01,대구공업대학앞,6767,2715
2013-07-01,대구과학고등학교건너,12079,5284
2013-07-01,대구과학고등학교앞,17042,3833
2013-07-01,대구과학대학1,25642,14991
2013-07-01,대구과학대학2,57272,12642
2013-07-01,대구과학대학건너,3062,154
2013-07-01,대구과학대학앞,885,203
2013-07-01,대구광역시교육연수원건너,12886,1251
2013-07-01,대구광역시교육연수원앞,8743,1437
2013-07-01,대구광역시청건너,2041,179
2013-07-01,대구광역시청앞,549,560
2013-07-01,대구교도소건너,9810,5321
2013-07-01,대구교도소앞,31052,4369
2013-07-01,대구교육대건너,20587,10096
2013-07-01,대구교육대앞,22852,2587
2013-07-01,대구교통방송건너,7368,3877
2013-07-01,대구교통방송앞,18842,1705
2013-07-01,대구국제공항건너,23909,18363
2013-07-01,대구국제공항앞,27057,13829
2013-07-01,대구글로벌교육센터건너,5998,3794
2013-07-01,대구글로벌교육센터앞,4910,674
2013-07-01,대구농업마이스터고건너,17794,4079
2013-07-01,대구농업마이스터고앞,12156,6013
2013-07-01,대구농업마이스터고후문건너,992,680
2013-07-01,대구농업마이스터고후문앞,2370,201
2013-07-01,대구도시공사앞,17269,3794
2013-07-01,대구동부고용복지플러스센터,11894,5723
2013-07-01,대구동촌유치원,1205,132
2013-07-01,대구디지털산업진흥원건너,27145,5628
2013-07-01,대구디지털산업진흥원앞,19185,7272
2013-07-01,대구맨션건너,2199,362
2013-07-01,대구맨션앞,4713,725
2013-07-01,대구문화방송건너,12131,4030
2013-07-01,대구문화방송앞,19840,5184
2013-07-01,대구미술관건너,1204,219
2013-07-01,대구미술관앞,1515,152
2013-07-01,대구병원건너,29843,3732
2013-07-01,대구병원앞,13527,6309
2013-07-01,대구보건고등학교건너,19829,4494
2013-07-01,대구보건고등학교앞,13423,2544
2013-07-01,대구보건대학3,15278,5851
2013-07-01,대구보건대학4,30247,3340
2013-07-01,대구보건대학5,121,27
2013-07-01,대구보건대학건너1,2136,114
2013-07-01,대구보건대학건너2,7216,162
2013-07-01,대구보건대학앞1,405,413
2013-07-01,대구보건대학앞2,1759,564
2013-07-01,대구보훈요양원건너,1,10
2013-07-01,대구보훈요양원앞,92,0
2013-07-01,대구비지니스센터건너,4468,998
2013-07-01,대구비지니스센터앞,5369,411
2013-07-01,대구사격장,48,2
2013-07-01,대구삼성창조캠퍼스1,1492,357
2013-07-01,대구삼성창조캠퍼스2,454,580
2013-07-01,대구선방촌공원,1609,38
2013-07-01,대구소방본부건너,590,202
2013-07-01,대구소방본부앞,1882,1812
2013-07-01,대구스타디움건너,4134,861
2013-07-01,대구스타디움앞,5508,1714
2013-07-01,대구시교육청건너,1681,169
2013-07-01,대구시교육청앞,1667,6885
2013-07-01,대구시설공단건너,19614,4902
2013-07-01,대구시설공단앞,14096,7844
2013-07-01,대구시설관리사업소,5,65
2013-07-01,대구시지노인전문병원앞,672,565
2013-07-01,대구신문사,702,106
2013-07-01,대구애견훈련학교건너,293,0
2013-07-01,대구애견훈련학교앞,3,8
2013-07-01,대구역,1198,456
2013-07-01,대구역건너,28514,20550
2013-07-01,대구역꽃시장,849,241
2013-07-01,대구역북편네거리1,34457,9130
2013-07-01,대구역북편네거리2,16157,10625
2013-07-01,대구역센트럴자이,1341,129
2013-07-01,대구역앞,42808,13386
2013-07-01,대구예담학교,112,1
2013-07-01,대구우편집중국(동편),6,10
2013-07-01,대구우편집중국앞,2741,901
2013-07-01,대구은행3공단지점앞,7290,691
2013-07-01,대구은행북비산지점건너1,14564,3471
2013-07-01,대구은행북비산지점건너2,3388,903
2013-07-01,대구은행북비산지점앞,44316,10622
2013-07-01,대구은행산격지점앞,948,152
2013-07-01,대구은행역(1번출구),35787,17297
2013-07-01,대구은행역(2번출구),41871,12867
2013-07-01,대구은행제2본점앞,15619,3528
2013-07-01,대구은행칠곡지점건너,11125,4507
2013-07-01,대구은행칠곡지점앞,32359,3252
2013-07-01,대구은행평리동지점건너,4232,1043
2013-07-01,대구은행평리동지점앞,7619,1153
2013-07-01,대구의료원건너,8362,885
2013-07-01,대구의료원라파엘웰빙센터,2004,105
2013-07-01,대구의료원라파엘웰빙센터건너,456,309
2013-07-01,대구의료원앞,5938,920
2013-07-01,대구일마이스터고교건너,4530,1071
2013-07-01,대구일마이스터고교앞,10202,1040
2013-07-01,대구전자공고남편,135,709
2013-07-01,대구전자공업고등학교1,9062,766
2013-07-01,대구전자공업고등학교2,1421,4650
2013-07-01,대구제일고등학교건너,49943,14329
2013-07-01,대구제일고등학교앞,41432,25174
2013-07-01,대구중앙중고등학교건너,34895,6750
2013-07-01,대구중앙중고등학교앞,32234,6445
2013-07-01,대구중앙중학교건너,3137,40
2013-07-01,대구중앙중학교앞,337,2186
2013-07-01,대구중학교건너,2398,439
2013-07-01,대구중학교앞,6965,734
2013-07-01,대구지료재생사,91,18
2013-07-01,대구지방경찰청,7700,509
2013-07-01,대구지방법원등기국건너,6902,3622
2013-07-01,대구지방법원등기국앞,2756,828
2013-07-01,대구지방법원서부지원,777,80
2013-07-01,대구차여성병원건너,6112,3893
2013-07-01,대구차여성병원앞,16191,2591
2013-07-01,대구콘서트하우스건너,20638,22030
2013-07-01,대구콘서트하우스앞,28689,12768
2013-07-01,대구텍건너,491,623
2013-07-01,대구텍앞,6865,831
2013-07-01,대구학생문화센터,244,88
2013-07-01,대구학생수련관입구건너,1582,1
2013-07-01,대구학생수련관입구앞,35,121
2013-07-01,대구한의대학교부속한방병원건너,282,177
2013-07-01,대구한의대학교부속한방병원앞,5679,458
2013-07-01,대구향교건너,2736,1289
2013-07-01,대구향교앞,2415,718
2013-07-01,대덕마을건너,722,176
2013-07-01,대덕마을앞,362,72
2013-07-01,대덕맨션앞,10508,342
2013-07-01,대덕문화전당건너,2231,107
2013-07-01,대덕문화전당앞,62,110
2013-07-01,대덕승마장건너,539,19
2013-07-01,대덕승마장앞,118,63
2013-07-01,대덕식당건너,257,633
2013-07-01,대덕식당앞,5232,260
2013-07-01,대덕천주교회1,2326,531
2013-07-01,대덕천주교회2,3041,150
2013-07-01,대덕천주교회3,4569,56
2013-07-01,대덕천주교회4,421,459
2013-07-01,대덕초등학교,895,13
2013-07-01,대동공업,225,85
2013-07-01,대동공업건너,762,20
2013-07-01,대동금속건너,1948,39
2013-07-01,대동금속앞,683,132
2013-07-01,대동시장1,5522,1000
2013-07-01,대동시장2,10720,750
2013-07-01,대륜중고등학교건너,4545,2091
2013-07-01,대륜중고등학교앞,10450,874
2013-07-01,대리,425,9
2013-07-01,대리마을앞,58,26
2013-07-01,대리마을회관,380,10
2013-07-01,대리마을회관건너,39,35
2013-07-01,대림생수,1151,76
2013-07-01,대림생수앞,57,330
2013-07-01,대림육교1,206,5554
2013-07-01,대림육교2,3168,87
2013-07-01,대명6동주민센터건너,3230,352
2013-07-01,대명6동주민센터앞,3342,198
2013-07-01,대명시장건너,28148,7126
2013-07-01,대명시장앞,25313,8948
2013-07-01,대명역(1번출구),22034,4967
2013-07-01,대명역(2번출구),16615,3936
2013-07-01,대명중학교건너,76,213
2013-07-01,대명중학교앞,3472,134
2013-07-01,대명초등학교건너,8951,2752
2013-07-01,대명초등학교앞,15374,3455
2013-07-01,대백인터빌건너,26488,4071
2013-07-01,대백인터빌앞,21496,14221
2013-07-01,대백창신한라타운건너,18815,1323
2013-07-01,대백창신한라타운앞,3852,1572
2013-07-01,대백프라자건너,27835,6269
2013-07-01,대백프라자앞,35077,8188
2013-07-01,대백한라무지개타운건너,22111,1218
2013-07-01,대백한라무지개타운앞,9346,2575
2013-07-01,대봉교회,11044,5037
2013-07-01,대봉네거리1,5664,576
2013-07-01,대봉네거리2,3133,2787
2013-07-01,대봉도서관건너,2000,462
2013-07-01,대봉도서관앞,4735,1042
2013-07-01,대봉성당,13666,5018
2013-07-01,대산,0,1
2013-07-01,대서초등학교앞,578,155
2013-07-01,대성공업건너,308,2678
2013-07-01,대성공업앞,4988,142
2013-07-01,대성유니드앞,3090,61
2013-07-01,대성테크앞,269,7
2013-07-01,대신동광명맨션앞,2047,219
2013-07-01,대신센트럴자이,6603,699
2013-07-01,대실역(1번출구),9761,4408
2013-07-01,대실역(2번출구),30394,4699
2013-07-01,대실역(4번출구),2400,48
2013-07-01,대실역1,96,24
2013-07-01,대실역2,9,72
2013-07-01,대실역청아람건너,11074,124
2013-07-01,대실역청아람앞,396,1602
2013-07-01,대우트럼프월드수성건너,17065,1047
2013-07-01,대우트럼프월드수성앞,5897,1637
2013-07-01,대원고등학교,8320,8192
2013-07-01,대원고등학교건너,18464,1190
2013-07-01,대원사건너(공산동),81,20
2013-07-01,대원사앞(공산동),254,3
2013-07-01,대원사입구,228,0
2013-07-01,대원유치원건너,8040,1318
2013-07-01,대원유치원앞,11206,788
2013-07-01,대일1리마을회관건너,214,79
2013-07-01,대일1리점촌마을,14,13
2013-07-01,대일아파트건너,14049,2236
2013-07-01,대일아파트앞,15386,2090
2013-07-01,대자연맨션,24165,1659
2013-07-01,대자연맨션건너,3302,2072
2013-07-01,대중인벤트,279,28
2013-07-01,대진중고등학교건너,787,82
2013-07-01,대진중고등학교앞,710,164
2013-07-01,대천119안전센터건너,1520,10
2013-07-01,대천119안전센터앞,558,63
2013-07-01,대천교,386,244
2013-07-01,대천초등학교건너,468,181
2013-07-01,대천초등학교앞,2944,56
2013-07-01,대청초등학교건너,312,747
2013-07-01,대청초등학교앞,16233,615
2013-07-01,대평2리,644,0
2013-07-01,대평교회앞,19,6
2013-07-01,대평리시장,14159,2501
2013-07-01,대평중학교건너,14237,1013
2013-07-01,대평중학교앞,6283,839
2013-07-01,대홍철강,786,38
2013-07-01,대흥동건너,439,79
2013-07-01,대흥동앞,472,508
2013-07-01,덕곡(달구벌고교),380,2
2013-07-01,덕곡(대구선명학교),36,25
2013-07-01,덕곡삼거리1,29,135
2013-07-01,덕곡삼거리2,1168,59
2013-07-01,덕산마을건너,1,7
2013-07-01,덕산마을앞,309,0
2013-07-01,덕원고등학교건너,6873,3370
2013-07-01,덕원고등학교앞,7117,1287
2013-07-01,덕인초등학교건너,3025,583
2013-07-01,덕인초등학교앞,2313,411
2013-07-01,덕화중학교건너,11414,953
2013-07-01,덕화중학교앞,4742,2303
2013-07-01,덴티스앞,339,9
2013-07-01,도남동,297,0
2013-07-01,도남동(종점),322,11
2013-07-01,도남지,102,0
2013-07-01,도동,0,8
2013-07-01,도동교1,1110,2
2013-07-01,도동교2,16,33
2013-07-01,도동서원,162,3
2013-07-01,도동청구타운건너,62,38
2013-07-01,도동청구타운앞,1762,16
2013-07-01,도시철도건설본부건너,2131,2463
2013-07-01,도시철도건설본부앞,26434,9700
2013-07-01,도시철도담티역(1번출구),33245,10002
2013-07-01,도시철도담티역(3번출구),23031,14330
2013-07-01,도시철도대구역,932,805
2013-07-01,도시철도수성구청역북편1,339,5658
2013-07-01,도시철도수성구청역북편2,3183,121
2013-07-01,도의리,133,0
2013-07-01,도평동입구1,839,163
2013-07-01,도평동입구2,282,337
2013-07-01,도평동행정복지센터1,5,13
2013-07-01,도평동행정복지센터2,87,0
2013-07-01,도학동,1523,10
2013-07-01,도학동1,49,104
2013-07-01,동곡1리1,9,0
2013-07-01,동곡1리2,171,0
2013-07-01,동곡1리3,140,1
2013-07-01,동곡리,157,1
2013-07-01,동곡초등학교건너,350,5
2013-07-01,동곡초등학교앞,74,72
2013-07-01,동구시장건너,10731,2284
2013-07-01,동구시장앞,8957,2447
2013-07-01,동구청건너,60300,33073
2013-07-01,동구청앞,65755,29097
2013-07-01,동구청역(3번출구),8476,887
2013-07-01,동구청역(4번출구),2960,1817
2013-07-01,동대구LPG충전소건너,1084,177
2013-07-01,동대구LPG충전소앞,821,150
2013-07-01,동대구맨션,12899,3451
2013-07-01,동대구시장건너,15223,4640
2013-07-01,동대구시장앞,22510,3973
2013-07-01,동대구역,57590,32544
2013-07-01,동대구역건너,62166,25707
2013-07-01,동대구역복합환승센터건너,58313,20513
2013-07-01,동대구역복합환승센터앞,51919,32768
2013-07-01,동대구역수화물취급소건너,419,126
2013-07-01,동대구역수화물취급소앞,422,114
2013-07-01,동대구역지하도1,4629,4245
2013-07-01,동대구역지하도2,13347,1535
2013-07-01,동대구초등학교건너,2439,55
2013-07-01,동대구초등학교앞,778,189
2013-07-01,동도중학교건너,12449,2337
2013-07-01,동도중학교앞,19511,1676
2013-07-01,동문고등학교앞,1240,248
2013-07-01,동변주공그린빌건너,2912,592
2013-07-01,동변주공그린빌앞,11119,317
2013-07-01,동부경찰서건너,1718,710
2013-07-01,동부경찰서앞,12926,363
2013-07-01,동부고교건너,1616,454
2013-07-01,동부고교앞,7884,443
2013-07-01,동부소방서건너,773,3768
2013-07-01,동부소방서앞,6493,394
2013-07-01,동부시외버스터미널(순환2번),2474,281
2013-07-01,동부중학교건너,5254,355
2013-07-01,동부중학교앞,3007,1372
2013-07-01,동북주유소건너,163,29
2013-07-01,동북주유소앞,36,48
2013-07-01,동산의료원앞1,37831,12243
2013-07-01,동산의료원앞2,17472,9983
2013-07-01,동서교회건너,3675,422
2013-07-01,동서교회앞,1590,570
2013-07-01,동서변리벤빌,11962,1830
2013-07-01,동서변월드메르디앙아파트,3655,224
2013-07-01,동서아파트건너,360,12
2013-07-01,동서아파트앞,64,4
2013-07-01,동서화성타운건너,36813,2274
2013-07-01,동서화성타운앞,17308,3485
2013-07-01,동성에스티에스건너,11,0
2013-07-01,동성에스티에스앞,8,1
2013-07-01,동성초등학교건너,3401,2430
2013-07-01,동성초등학교앞,7230,2043
2013-07-01,동신초등학교건너,3333,762
2013-07-01,동신초등학교앞,2933,1116
2013-07-01,동아백화점수성점건너,10916,17180
2013-07-01,동아백화점수성점앞,77718,2355
2013-07-01,동아수산냉동건너,776,424
2013-07-01,동아수산냉동앞,434,67
2013-07-01,동아스포츠센터(지산중학교앞),2131,842
2013-07-01,동아스포츠센터(지산초교앞),11239,337
2013-07-01,동아제약,577,123
2013-07-01,동아제약건너,3098,70
2013-07-01,동양맨션앞,4318,317
2013-07-01,동원약품,9369,549
2013-07-01,동원초등학교건너,1448,288
2013-07-01,동원초등학교앞1,1790,234
2013-07-01,동원초등학교앞2,2830,281
2013-07-01,동인네거리1,2105,416
2013-07-01,동인네거리2,2605,426
2013-07-01,동인초등학교건너,16322,3237
2013-07-01,동인초등학교앞,14176,2901
2013-07-01,동인치안센터건너,23518,5024
2013-07-01,동인치안센터앞,12184,4502
2013-07-01,동일초등학교건너,2530,1334
2013-07-01,동일초등학교앞,3594,831
2013-07-01,동천역1,632,175
2013-07-01,동천역2,1448,141
2013-07-01,동촌강나루아파트건너,4117,647
2013-07-01,동촌강나루아파트앞,3997,4236
2013-07-01,동촌역,668,292
2013-07-01,동촌역(구길),2445,189
2013-07-01,동촌역(신길)1,7170,1160
2013-07-01,동촌역(신길)2,4782,2078
2013-07-01,동촌유원지,1474,279
2013-07-01,동촌유원지놀이동산앞,386,95
2013-07-01,동촌해성아파트건너,205,112
2013-07-01,동촌해성아파트앞,1091,314
2013-07-01,동촌화성타운건너,11960,1210
2013-07-01,동촌화성타운앞,8709,1940
2013-07-01,동침산네거리,2293,500
2013-07-01,동침산네거리2,10,65
2013-07-01,동호동건너(북구),1148,21
2013-07-01,동호동앞(북구),72,54
2013-07-01,동호육교1,78,559
2013-07-01,동호육교2,8759,432
2013-07-01,동호초등학교건너,1397,221
2013-07-01,동화골든빌(남편),6211,127
2013-07-01,동화골든빌(동편),5702,1370
2013-07-01,동화골든빌(북편),132,181
2013-07-01,동화골든빌건너(남편),23,285
2013-07-01,동화교1,100,224
2013-07-01,동화교2,4444,18
2013-07-01,동화사입구건너,7380,7
2013-07-01,동화사입구앞,43,439
2013-07-01,동화시설집단지구(종점)1,13203,35
2013-07-01,동화시설집단지구(종점)2(대구시민안전테마파크),113,373
2013-07-01,두류3동파출소건너,1009,156
2013-07-01,두류3동파출소앞,734,211
2013-07-01,두류공원(야외음악당건너),1386,81
2013-07-01,두류공원(야외음악당앞),1132,214
2013-07-01,두류공원네거리1,14342,3222
2013-07-01,두류공원네거리2,5635,5127
2013-07-01,두류도서관앞,12550,3089
2013-07-01,두류보성맨션건너,7437,860
2013-07-01,두류보성맨션앞,4093,2818
2013-07-01,두류수영장건너,25170,5440
2013-07-01,두류수영장앞,24753,5346
2013-07-01,두류역(달성고등학교건너),38725,11569
2013-07-01,두류역(달성고등학교앞),61372,42036
2013-07-01,두류정수사업소건너,21646,4197
2013-07-01,두류정수사업소앞,7169,3006
2013-07-01,두류파출소건너,872,46
2013-07-01,두류파출소앞,261,147
2013-07-01,두리봉네거리1,4387,8538
2013-07-01,두리봉네거리2,17509,4296
2013-07-01,두리봉터널입구,1352,384
2013-07-01,두리봉터널입구건너,4949,123
2013-07-01,두산동주민센터건너,17318,4910
2013-07-01,두산동주민센터앞,9848,6616
2013-07-01,두산스포츠건너,1867,184
2013-07-01,두성파크아파트건너,27148,11160
2013-07-01,두성파크아파트앞,12640,7974
2013-07-01,둔산동,2429,8
2013-07-01,들안길1,1235,487
2013-07-01,들안길2,4918,224
2013-07-01,들안길네거리1,6062,202
2013-07-01,들안길네거리2,1304,1522
2013-07-01,들안길초등학교건너,6952,2322
2013-07-01,들안길초등학교앞,5838,1434
2013-07-01,들연경,188,0
2013-07-01,럭키아파트건너,360,252
2013-07-01,럭키아파트앞,2674,69
2013-07-01,롯데백화점상인점건너,13946,5042
2013-07-01,롯데캐슬그랜드,786,609
2013-07-01,룸비니유치원건너,2895,202
2013-07-01,룸비니유치원앞,2396,349
2013-07-01,마비정벽화마을(종점),522,30
2013-07-01,만경관건너,8358,3476
2013-07-01,만경관앞,14518,3247
2013-07-01,만촌1동주민센터,3410,567
2013-07-01,만촌2동주민센터,16344,5392
2013-07-01,만촌3차화성파크드림건너,4853,747
2013-07-01,만촌그린빌라건너,876,81
2013-07-01,만촌역(1번출구),670,6389
2013-07-01,만촌우방1차건너,8368,112
2013-07-01,만촌우방1차앞,357,794
2013-07-01,만촌육교1,59258,13620
2013-07-01,만촌육교2,8408,20779
2013-07-01,만촌자전거경기장,3,45
2013-07-01,만촌천주교회앞,259,102
2013-07-01,만촌초등학교건너1,3019,298
2013-07-01,만촌초등학교건너2,4373,287
2013-07-01,만촌초등학교앞,3329,330
2013-07-01,만촌태왕리더스건너,5056,319
2013-07-01,만촌태왕리더스건너(남편),415,762
2013-07-01,만촌태왕리더스북편,595,97
2013-07-01,만촌태왕리더스앞1,6470,3514
2013-07-01,만촌태왕리더스앞2,2139,335
2013-07-01,만촌화성파크스위트,62,117
2013-07-01,만평네거리,8015,2044
2013-07-01,만평역(서대구고속버스터미널)1,9086,4646
2013-07-01,만평역(서대구고속버스터미널)2,9069,4945
2013-07-01,망우당공원(종점),1362,412
2013-07-01,망우당공원건너,1660,932
2013-07-01,망우당공원앞,6385,1777
2013-07-01,매곡(종점),228,142
2013-07-01,매곡사거리1,921,1507
2013-07-01,매곡사거리2,11947,393
2013-07-01,매곡정수사업소건너,2693,435
2013-07-01,매곡정수사업소앞,9,21
2013-07-01,매곡초등학교건너,34,82
2013-07-01,매골1,4,32
2013-07-01,매골2,309,2
2013-07-01,매여동(동구)저탄장,406,18
2013-07-01,매일신문사건너,208,262
2013-07-01,매일신문사앞,1518,73
2013-07-01,매천고교,1802,130
2013-07-01,매천대교1,1172,46
2013-07-01,매천대교2,3,5
2013-07-01,매천성당건너1,3399,266
2013-07-01,매천성당건너2,898,234
2013-07-01,매천성당앞,6167,292
2013-07-01,매천수산시장건너,2143,131
2013-07-01,매천수산시장앞,1723,185
2013-07-01,매천시장지하차도,2048,163
2013-07-01,매천중고등학교건너,4244,2040
2013-07-01,매천중고등학교앞,18301,1176
2013-07-01,매천초교(매천역)2,1013,52
2013-07-01,매천화성파크드림,1734,72
2013-07-01,매천휴먼시아앞,1285,88
2013-07-01,매호동서아파트앞,984,11
2013-07-01,매호성당건너,627,1
2013-07-01,메트로시티건너,6901,725
2013-07-01,메트로시티앞,2857,447
2013-07-01,메트로팔레스1,16394,2205
2013-07-01,메트로팔레스2,20961,2015
2013-07-01,명곡1리입구1,5,5
2013-07-01,명곡1리입구2,19,0
2013-07-01,명곡리1,2218,311
2013-07-01,명곡리2,6482,529
2013-07-01,명곡미래빌1단지,2514,451
2013-07-01,명곡미래빌2단지건너,37,396
2013-07-01,명곡미래빌2단지앞,11729,1526
2013-07-01,명곡미래빌3단지건너,2282,437
2013-07-01,명곡미래빌3단지앞,4724,288
2013-07-01,명곡미래빌4단지,4240,307
2013-07-01,명곡미래빌5단지건너,17,135
2013-07-01,명곡미래빌5단지앞,5594,651
2013-07-01,명곡지구앞,1580,364
2013-07-01,명덕네거리1,41593,5752
2013-07-01,명덕네거리2,14915,23127
2013-07-01,명덕역(6번출구),30170,30610
2013-07-01,명덕역(7번출구),38889,10441
2013-07-01,명덕초등학교건너,26315,10270
2013-07-01,명덕초등학교앞,30793,11280
2013-07-01,명문세가APT건너,9272,1630
2013-07-01,명문세가APT앞,14312,4846
2013-07-01,명문오하임아파트건너,489,122
2013-07-01,명문오하임아파트앞,340,96
2013-07-01,명보약국건너,2385,459
2013-07-01,명보약국앞,2929,773
2013-07-01,명성푸르지오건너,7836,1848
2013-07-01,명성푸르지오앞,20817,1587
2013-07-01,모개월앞,2,0
2013-07-01,모개월입구,127,0
2013-07-01,모다아울렛,88,4
2013-07-01,모다아울렛건너,17472,536
2013-07-01,모다아울렛앞,206,2492
2013-07-01,모래정마을건너,643,6
2013-07-01,모래정마을앞,55,5
2013-07-01,목단1리,197,0
2013-07-01,목단2리,35,0
2013-07-01,목단리,33,0
2013-07-01,묘1리,95,0
2013-07-01,묘2리(고려정밀),155,0
2013-07-01,묘2리(전마),64,1
2013-07-01,무궁화LPG충전소,11143,1954
2013-07-01,무궁화LPG충전소건너,4419,993
2013-07-01,무궁화어린이공원입구,2285,384
2013-07-01,무궁화어린이공원입구건너,4818,659
2013-07-01,무등1리1,1,0
2013-07-01,무등1리2,249,0
2013-07-01,무등1리3,84,0
2013-07-01,무등2리,8,1
2013-07-01,무등2리입구건너,115,0
2013-07-01,무림제지건너,896,379
2013-07-01,무림제지앞1,1207,323
2013-07-01,무림제지앞2,204,73
2013-07-01,무열대건너,4629,1441
2013-07-01,무열대앞,1674,312
2013-07-01,무태교,16,451
2013-07-01,무태네거리(시내방향),18508,6763
2013-07-01,무태네거리(시외방향),4538,5105
2013-07-01,무태새마을금고건너,1880,498
2013-07-01,무태새마을금고앞,5790,262
2013-07-01,무태조야동주민센터건너1,7963,370
2013-07-01,무태조야동주민센터건너2,5867,1997
2013-07-01,무태조야동주민센터앞1,1533,790
2013-07-01,무태조야동주민센터앞2,17849,1435
2013-07-01,문성병원건너,14043,3751
2013-07-01,문성병원앞,20229,5660
2013-07-01,문양기지창건너,28,57
2013-07-01,문양기지창앞,461,29
2013-07-01,문양리1,237,12
2013-07-01,문양리2,3,7
2013-07-01,문양리입구1,706,6
2013-07-01,문양리입구2,12,4
2013-07-01,문양역건너,9,372
2013-07-01,문양역앞,2195,1313
2013-07-01,문주마을건너,190,0
2013-07-01,문주마을앞,5,3
2013-07-01,문화예술회관건너,13822,4193
2013-07-01,문화예술회관앞,12881,3370
2013-07-01,미8군후문건너,670,274
2013-07-01,미8군후문앞,1531,51
2013-07-01,미곡동1,330,385
2013-07-01,미곡동2,4070,253
2013-07-01,미대동1,2425,67
2013-07-01,미대동2,317,288
2013-07-01,미래아트빌앞,1149,332
2013-07-01,미리내맨션건너,15752,692
2013-07-01,미리내맨션앞,5243,1376
2013-07-01,민들레아파트(종점),171,76
2013-07-01,민들레아파트후문건너,8936,17
2013-07-01,민들레아파트후문앞,7,209
2013-07-01,바른병원건너,386,178
2013-07-01,박곡리(시내방향),182,0
2013-07-01,박곡리(시외방향),24,6
2013-07-01,박석진교,24,29
2013-07-01,반고개(내당역4번출구),3866,2863
2013-07-01,반고개1,8327,2511
2013-07-01,반고개2,18308,6583
2013-07-01,반송4교건너,319,7
2013-07-01,반송4교앞,320,1
2013-07-01,반송리,407,7
2013-07-01,반야월모란1차아파트,5152,1062
2013-07-01,반야월시장1,7020,3757
2013-07-01,반야월시장2,10287,1917
2013-07-01,반야월역(국철)건너,5313,2381
2013-07-01,반야월역(국철)앞,10582,1202
2013-07-01,반야월역(도시철도1번출구),6487,1551
2013-07-01,반야월역(도시철도2번출구),6684,641
2013-07-01,반야월역(도시철도3번출구),2671,3678
2013-07-01,반야월역(도시철도4번출구)1,11176,4978
2013-07-01,반야월역(도시철도4번출구)2,2222,1481
2013-07-01,반야월저탄장건너,6582,2611
2013-07-01,반야월저탄장앞,11588,1391
2013-07-01,반월당역(1번출구)1,44558,22539
2013-07-01,반월당역(1번출구)2,5641,7754
2013-07-01,반월당역(2번출구),50031,34889
2013-07-01,방공포병학교건너,2173,310
2013-07-01,방공포병학교앞,833,1000
2013-07-01,방짜유기박물관건너,938,2
2013-07-01,방짜유기박물관앞,106,69
2013-07-01,방천리1,73,38
2013-07-01,방천리2,1022,108
2013-07-01,방천시장(김광석길)건너,17682,4861
2013-07-01,방천시장(김광석길)앞,14624,4800
2013-07-01,방촌1동,857,2
2013-07-01,방촌건널목,129,1746
2013-07-01,방촌맨션앞,5417,551
2013-07-01,방촌빌라,194,249
2013-07-01,방촌시장건너,31969,7945
2013-07-01,방촌시장앞,19571,9014
2013-07-01,방촌역(1번출구),16065,2763
2013-07-01,방촌역(2번출구),11854,4099
2013-07-01,방촌치안센터건너,2582,988
2013-07-01,방촌치안센터앞,4279,463
2013-07-01,백사벌네거리1,3576,133
2013-07-01,백사벌네거리2,3376,1613
2013-07-01,백안교1,89,95
2013-07-01,백안교2,1380,34
2013-07-01,백안삼거리1,274,243
2013-07-01,백안삼거리2,3804,142
2013-07-01,백자맨션건너,11640,1444
2013-07-01,백자맨션앞,5397,1742
2013-07-01,범물1동주민센터건너,46241,2941
2013-07-01,범물1동주민센터앞,9979,4153
2013-07-01,범물2동주민센터건너,3347,59
2013-07-01,범물2동주민센터앞,22,336
2013-07-01,범물두성타운건너,6442,66
2013-07-01,범물우방미진하이츠앞,14,324
2013-07-01,범물청구맨션건너,7568,3681
2013-07-01,범물청구맨션앞,43243,4288
2013-07-01,범물하이츠 건너,3147,1934
2013-07-01,범물하이츠앞,36479,608
2013-07-01,범물한라주택건너,27596,1441
2013-07-01,범물한라주택앞,3857,3973
2013-07-01,범어2동1,280,623
2013-07-01,범어2동2,1271,58
2013-07-01,범어4동주민센터건너,28057,6485
2013-07-01,범어4동주민센터앞,15569,9978
2013-07-01,범어쌍용예가건너,9026,2395
2013-07-01,범어쌍용예가앞,12006,2196
2013-07-01,범어역(1번출구),19076,4373
2013-07-01,범어역(2번출구),11098,3387
2013-07-01,법원건너,23949,9311
2013-07-01,법원앞,28336,8086
2013-07-01,법원어린이집,993,337
2013-07-01,베어산업건너,652,0
2013-07-01,베어산업앞,65,40
2013-07-01,병무청중앙신체검사소,1,2
2013-07-01,보람타운건너,9440,420
2013-07-01,보람타운앞,6488,2401
2013-07-01,보병50사단건너,4345,371
2013-07-01,보병50사단앞,2094,375
2013-07-01,보성기계건너,4714,48
2013-07-01,보성기계앞,17,76
2013-07-01,보성산호타운건너,5087,539
2013-07-01,보성산호타운앞,3322,1010
2013-07-01,보성서한타운앞,3987,364
2013-07-01,보성은하타운앞,2600,91
2013-07-01,보성화성타운건너,26653,2775
2013-07-01,보성화성타운앞,11165,2782
2013-07-01,보훈병원건너,24,263
2013-07-01,보훈병원앞,7580,15
2013-07-01,복음간호학원,1243,512
2013-07-01,복현네거리,4947,3781
2013-07-01,복현대백맨션건너,19653,1065
2013-07-01,복현대백맨션앞,4731,2066
2013-07-01,복현서한2차아파트,2637,1923
2013-07-01,복현성모약국앞,4052,1114
2013-07-01,복현오거리1,47109,17537
2013-07-01,복현오거리2,13516,7424
2013-07-01,복현오거리3,370,370
2013-07-01,복현우방아파트,9294,1442
2013-07-01,복현우체국건너,48694,7828
2013-07-01,복현우체국앞,12358,4967
2013-07-01,복현장미맨션앞,2283,274
2013-07-01,복현푸르지오아파트건너,16253,1211
2013-07-01,복현현대맨션건너,3478,59
2013-07-01,복현현대맨션앞,731,189
2013-07-01,본동시장건너,8584,795
2013-07-01,본동시장앞,2649,458
2013-07-01,본리1리,556,18
2013-07-01,본리1리동회관건너,1447,197
2013-07-01,본리1리동회관앞,41,31
2013-07-01,본리2,1281,114
2013-07-01,본리근린공원건너,40,1
2013-07-01,본리근린공원앞,5,3
2013-07-01,본리네거리,2485,668
2013-07-01,본리네거리2,10012,1532
2013-07-01,본리네거리3,1994,1062
2013-07-01,본리도서관앞,1591,235
2013-07-01,본리롯데캐슬,2672,151
2013-07-01,본리아카시아맨션,5742,2010
2013-07-01,본리지구건너,1346,527
2013-07-01,본리지구앞,7550,773
2013-07-01,본리초등학교건너,9569,2613
2013-07-01,본리초등학교앞,9020,1503
2013-07-01,본리치안센터건너,4159,567
2013-07-01,본리치안센터앞,3776,958
2013-07-01,본말(종점),67,0
2013-07-01,봉덕119안전센터건너,1189,45
2013-07-01,봉덕119안전센터앞,546,178
2013-07-01,봉덕2동새마을금고건너,1377,329
2013-07-01,봉덕2동새마을금고앞,1060,424
2013-07-01,봉덕교회건너,15161,2384
2013-07-01,봉덕교회앞,5272,1978
2013-07-01,봉덕변전소건너,2240,5
2013-07-01,봉덕변전소앞,9,68
2013-07-01,봉덕시장건너1,4072,2695
2013-07-01,봉덕시장건너2,792,305
2013-07-01,봉덕시장건너3,4914,1279
2013-07-01,봉덕시장앞1,11716,1625
2013-07-01,봉덕시장앞2,4752,3627
2013-07-01,봉무공원건너,34339,1022
2013-07-01,봉무청구새들마을건너,11261,4281
2013-07-01,봉무청구새들마을앞,2953,968
2013-07-01,봉산가구골목(동편),4321,2003
2013-07-01,봉산가구골목(서편),3339,392
2013-07-01,봉산문화거리건너,23607,7955
2013-07-01,봉산문화거리앞,14320,5140
2013-07-01,봉산육거리,3992,1026
2013-07-01,봉촌1리1,548,0
2013-07-01,봉촌1리2,15,19
2013-07-01,봉촌1리3,194,0
2013-07-01,봉촌2리,454,0
2013-07-01,봉촌낙동길입구,294,0
2013-07-01,봉촌낙동길입구건너,9,23
2013-07-01,봉촌리,396,0
2013-07-01,부곡리,9,5
2013-07-01,부곡리건너,111,130
2013-07-01,부남교앞,13,0
2013-07-01,부동,2106,3
2013-07-01,부동(종점),52,10
2013-07-01,부동농협,1025,7
2013-07-01,부동삼거리,0,9
2013-07-01,부영3단지,3387,582
2013-07-01,부영5단지,2476,361
2013-07-01,부영7단지건너,782,3
2013-07-01,부영7단지앞,20,52
2013-07-01,부인사건너,10,3
2013-07-01,부인사앞,126,1
2013-07-01,북구구민운동장건너,7577,432
2013-07-01,북구구민운동장앞,2420,2107
2013-07-01,북구보건소건너,3790,1126
2013-07-01,북구보건소앞,6199,558
2013-07-01,북구선거관리위원회건너,6045,574
2013-07-01,북구선거관리위원회앞,7943,5705
2013-07-01,북구어울아트센터앞,112,98
2013-07-01,북구청건너,13977,3853
2013-07-01,북구청네거리1,2033,839
2013-07-01,북구청네거리2,3490,389
2013-07-01,북구청앞,13928,2890
2013-07-01,북구청역(3번출구),9677,2667
2013-07-01,북구청역(4번출구),5878,2007
2013-07-01,북대구세무서건너,8358,874
2013-07-01,북대구세무서앞,4888,1332
2013-07-01,북대구초등학교건너,2752,61
2013-07-01,북대구초등학교앞,863,382
2013-07-01,북동초등학교건너,1182,415
2013-07-01,북동초등학교앞,5291,124
2013-07-01,북리1,2740,1636
2013-07-01,북리2,19010,428
2013-07-01,북부경찰서건너,3340,822
2013-07-01,북부상수도사업소,276,276
2013-07-01,북부정류장,88141,21753
2013-07-01,북부정류장건너,38764,26997
2013-07-01,북비산네거리1,12209,3354
2013-07-01,북비산네거리2,10364,1936
2013-07-01,북중학교앞,3067,279
2013-07-01,북침산치안센터건너,8307,1613
2013-07-01,북침산치안센터앞,7629,1789
2013-07-01,불교한방병원건너1,678,473
2013-07-01,불교한방병원건너2,1733,202
2013-07-01,불교한방병원앞1,3100,228
2013-07-01,불교한방병원앞2,3425,888
2013-07-01,불로삼거리,1499,3475
2013-07-01,불로우방아파트건너,7872,3626
2013-07-01,불로우방아파트앞,9313,2310
2013-07-01,불로전통시장건너,42909,5240
2013-07-01,불로전통시장앞,16692,10489
2013-07-01,불로천주교회건너,8060,2068
2013-07-01,불로천주교회앞,22611,3283
2013-07-01,불로화훼단지건너,2220,368
2013-07-01,불로화훼단지앞,2444,666
2013-07-01,비산5동주민센터,13,0
2013-07-01,비산6동주민센터건너,1260,387
2013-07-01,비산6동주민센터앞,1125,70
2013-07-01,비산7동우체국건너,3510,2125
2013-07-01,비산7동우체국앞1,16665,6537
2013-07-01,비산7동우체국앞2,13787,1787
2013-07-01,비산지하도1,11297,2543
2013-07-01,비산지하도2,19602,3301
2013-07-01,비산초등학교건너,11297,1267
2013-07-01,비산초등학교앞,14666,960
2013-07-01,비슬산휴양림주차장,44,5
2013-07-01,비원지구대건너,6457,309
2013-07-01,비원지구대앞,548,522
2013-07-01,비철금속협업단지앞,10395,668
2013-07-01,사복동입구교차로,195,302
2013-07-01,사복동입구교차로건너,34,80
2013-07-01,사월동(종점),1010,94
2013-07-01,사월보성2차건너,10,390
2013-07-01,사월보성2차앞,2578,37
2013-07-01,사월역(2번출구),20751,5806
2013-07-01,사월역(4번출구),19858,18759
2013-07-01,사창마을건너,39,0
2013-07-01,사창마을앞,88,1
2013-07-01,산격4동주민센터건너,838,213
2013-07-01,산격4동주민센터앞,8432,551
2013-07-01,산격거평타운건너,892,1201
2013-07-01,산격거평타운앞,2456,919
2013-07-01,산격대우아파트앞,64013,18459
2013-07-01,산격문화회관건너,9779,765
2013-07-01,산격문화회관앞,3768,1092
2013-07-01,산격종합시장앞,55725,31945
2013-07-01,산격주공아파트건너,4469,3203
2013-07-01,산격주공아파트앞,25687,4225
2013-07-01,산격중학교건너,6586,4684
2013-07-01,산격중학교앞,14773,1168
2013-07-01,산격청구맨션앞,7350,2994
2013-07-01,산격초등학교건너,10906,746
2013-07-01,산격초등학교앞,10290,1031
2013-07-01,산림조합중앙회건너,2180,484
2013-07-01,산림조합중앙회앞,3019,284
2013-07-01,산업용재관,4513,4679
2013-07-01,삼덕교회,6929,2522
2013-07-01,삼덕동1,252,108
2013-07-01,삼덕동2,336,46
2013-07-01,삼덕성당앞,9287,1124
2013-07-01,삼리1리1,180,67
2013-07-01,삼리1리2,1119,188
2013-07-01,삼리리1(논공),205,55
2013-07-01,삼리리2(논공),107,39
2013-07-01,삼보,1034,111
2013-07-01,삼산리(범동교),44,6
2013-07-01,삼산리(삼산교회건너),4694,157
2013-07-01,삼산리(삼산교회앞),181,343
2013-07-01,삼산리(은지가든),8,6
2013-07-01,삼산리입구건너,928,148
2013-07-01,삼산리입구앞,3,49
2013-07-01,삼산지,480,0
2013-07-01,삼성공원아파트건너,775,142
2013-07-01,삼성래미안1차건너,5158,1107
2013-07-01,삼성래미안1차앞,5665,1125
2013-07-01,삼성래미안2차건너,4666,1622
2013-07-01,삼성래미안2차앞,3822,651
2013-07-01,삼성명가타운,3823,491
2013-07-01,삼성명가타운건너,2760,355
2013-07-01,삼성물류센터앞,257,654
2013-07-01,삼성한국형아파트건너,1354,110
2013-07-01,삼성한국형아파트앞,1151,1060
2013-07-01,삼우섬유앞,500,17
2013-07-01,삼육구가든건너,3,18
2013-07-01,삼육구가든앞,227,1
2013-07-01,삼익THK건너,300,116
2013-07-01,삼익THK앞,260,31
2013-07-01,삼익뉴타운건너,8006,1425
2013-07-01,삼익뉴타운앞,13624,1262
2013-07-01,삼정빌딩앞,953,448
2013-07-01,삼호아파트건너,988,264
2013-07-01,삼호아파트앞,1392,457
2013-07-01,삼환맨션,593,70
2013-07-01,상공회의소건너,4759,775
2013-07-01,상공회의소앞,6172,584
2013-07-01,상당마을,3,0
2013-07-01,상동가압장건너,1042,314
2013-07-01,상동교1,351,134
2013-07-01,상동교2,2695,340
2013-07-01,상동네거리,5123,764
2013-07-01,상동마을(둔산길),751,0
2013-07-01,상동시장앞,2402,327
2013-07-01,상동우체국건너,5022,1366
2013-07-01,상동우체국앞,20730,2579
2013-07-01,상동천주교회건너,327,126
2013-07-01,상동천주교회앞,2655,883
2013-07-01,상록아파트,250,112
2013-07-01,상리공단,2590,200
2013-07-01,상리공단건너,821,250
2013-07-01,상리동입구,2120,42
2013-07-01,상리동입구1,3,253
2013-07-01,상리동입구2,3445,5
2013-07-01,상리동종점,0,43
2013-07-01,상리동종점2,959,2
2013-07-01,상리동종점3,3072,144
2013-07-01,상리마을건너,1,12
2013-07-01,상리마을앞,56,3
2013-07-01,상리지하도1,2736,48
2013-07-01,상리지하도2,1814,67
2013-07-01,상매동(저탄장),52,0
2013-07-01,상서고등학교건너,2785,79
2013-07-01,상서고등학교앞,1407,90
2013-07-01,상수도사업본부,10480,2318
2013-07-01,상수도사업본부건너,7773,4280
2013-07-01,상수도사업본부시설관리소건너,10081,4897
2013-07-01,상수도사업본부시설관리소앞,1949,440
2013-07-01,상수도중남부사업소건너,2073,195
2013-07-01,상수도중남부사업소앞,583,144
2013-07-01,상원리(마을회관),479,0
2013-07-01,상원리(전평못식당),89,0
2013-07-01,상인2동주민센터건너,6353,306
2013-07-01,상인동서타운앞,19311,2545
2013-07-01,상인동화아이위시아파트건너,23203,2504
2013-07-01,상인동화아이위시아파트앞,3462,2232
2013-07-01,상인비둘기1단지아파트건너,5037,1324
2013-07-01,상인비둘기1단지아파트앞,19372,709
2013-07-01,상인비둘기2단지아파트앞,14768,1209
2013-07-01,상인삼미타운건너,2773,4126
2013-07-01,상인삼미타운앞,6237,642
2013-07-01,상인역e-편한세상앞,8052,8057
2013-07-01,상인우방아파트,14068,8883
2013-07-01,상인은행아파트건너,8301,971
2013-07-01,상인은행아파트앞,7295,1290
2013-07-01,상인자이앞,8140,711
2013-07-01,상인장미아파트앞,11377,869
2013-07-01,상인제림아파트건너,5468,754
2013-07-01,상인제림아파트앞,1825,425
2013-07-01,상인청구타운건너,3889,209
2013-07-01,상인청구타운앞,1804,339
2013-07-01,상인초등학교앞,15624,2530
2013-07-01,상인한서타운앞,4661,810
2013-07-01,상인현대맨션건너,81592,9931
2013-07-01,상인현대맨션앞,28185,57838
2013-07-01,상인화성파크드림건너,1143,581
2013-07-01,상인화성파크드림앞,1576,253
2013-07-01,상화네거리,254,346
2013-07-01,새길시장건너,14090,11015
2013-07-01,새길시장앞,35743,7201
2013-07-01,새동네아파트건너,91,1
2013-07-01,새동네아파트앞,665,434
2013-07-01,새마을건너,1,28
2013-07-01,새마을입구,143,0
2013-07-01,새범어아파트건너,1610,151
2013-07-01,새범어아파트앞,1010,163
2013-07-01,새본리중학교앞,1367,156
2013-07-01,샤니삼거리1,230,1
2013-07-01,샤니삼거리2,4,1
2013-07-01,서구문화회관건너,2573,827
2013-07-01,서구문화회관앞,9336,1861
2013-07-01,서구시장건너,20989,5190
2013-07-01,서구시장앞,17690,4093
2013-07-01,서구제일사회복지관건너,1560,845
2013-07-01,서구제일사회복지관앞,4813,445
2013-07-01,서구청건너,50471,14143
2013-07-01,서구청앞,52778,11194
2013-07-01,서남시장건너,30735,10884
2013-07-01,서남시장앞1,23230,6859
2013-07-01,서남시장앞2,9470,3514
2013-07-01,서당마을건너,1346,10
2013-07-01,서당마을앞,42,47
2013-07-01,서대구고속버스터미널,1160,361
2013-07-01,서대구공단네거리1,978,122
2013-07-01,서대구공단네거리2,743,134
2013-07-01,서대구공단네거리3,3044,447
2013-07-01,서대구공단네거리4,5200,508
2013-07-01,서대구세무서,10668,18909
2013-07-01,서대구시장건너,14325,8227
2013-07-01,서대구시장앞,13857,4920
2013-07-01,서대구초등학교입구,23354,9646
2013-07-01,서대명지구대건너,7538,1298
2013-07-01,서대명지구대앞,2954,1923
2013-07-01,서도초등학교건너,3242,578
2013-07-01,서도초등학교서편1,4,1
2013-07-01,서도초등학교서편2,1405,98
2013-07-01,서도초등학교앞,5471,617
2013-07-01,서문시장,94542,25988
2013-07-01,서문시장5지구앞,1531,687
2013-07-01,서변동영남네오빌건너,7033,928
2013-07-01,서변동영남네오빌앞,2357,466
2013-07-01,서부고등학교건너,2187,463
2013-07-01,서부고등학교앞,4222,168
2013-07-01,서부공업고등학교건너,11592,19562
2013-07-01,서부공업고등학교앞,27866,4290
2013-07-01,서부소방서,0,2
2013-07-01,서부시장건너,33017,7935
2013-07-01,서부시장앞,23536,8882
2013-07-01,서부정류장(관문시장건너),84869,43047
2013-07-01,서부정류장(관문시장앞),39966,24494
2013-07-01,서부정류장1,83746,25770
2013-07-01,서부정류장2,6504,2409
2013-07-01,서부정류장3(성당못역1번출구),26043,50769
2013-07-01,서부정류장4(성당못역1번출구),3127,2961
2013-07-01,서부중학교앞,9786,2403
2013-07-01,서영기공건너,158,0
2013-07-01,서영기공앞,6,23
2013-07-01,서재금봉타운,200,1124
2013-07-01,서재금봉타운건너,31357,124
2013-07-01,서재들,17,3
2013-07-01,서재들건너,57,4
2013-07-01,서재보성타운건너,16517,117
2013-07-01,서재보성타운앞,265,603
2013-07-01,서진중학교건너,1070,329
2013-07-01,서평초등학교,3476,1313
2013-07-01,서평초등학교건너,3046,1552
2013-07-01,선녀곡건너(옥포),594,24
2013-07-01,선녀곡앞(옥포),39,160
2013-07-01,설티고개(달성공단방면),3,2
2013-07-01,설티고개(옥포방면),37,0
2013-07-01,설화동(종점),435,11
2013-07-01,설화리(시내방향),6781,583
2013-07-01,설화리(시외방향),2541,602
2013-07-01,설화명곡역(4번출구),2,69
2013-07-01,섬뜸마을,620,0
2013-07-01,섬유회관건너1,63572,21332
2013-07-01,섬유회관건너2,4871,1555
2013-07-01,섬유회관앞,77277,38758
2013-07-01,성곡중학교건너,1597,313
2013-07-01,성곡중학교앞,1791,105
2013-07-01,성광고등학교건너,11298,411
2013-07-01,성광고등학교앞,829,567
2013-07-01,성남초등학교건너,1637,584
2013-07-01,성남초등학교앞,5195,282
2013-07-01,성내3동주민센터입구,1499,362
2013-07-01,성당두산위브앞,29492,3682
2013-07-01,성당래미안·e-편한세상앞,12037,2272
2013-07-01,성당못역북편1,820,1681
2013-07-01,성당못역북편2,2210,450
2013-07-01,성당보성아파트건너,20018,8094
2013-07-01,성당보성아파트앞,16229,5209
2013-07-01,성당시장건너,29400,9236
2013-07-01,성당시장앞1,6375,1197
2013-07-01,성당시장앞2,34383,5206
2013-07-01,성당초교앞,1187,178
2013-07-01,성당코오롱하늘채,10287,1438
2013-07-01,성당코오롱하늘채2,10369,5365
2013-07-01,성당포스코더샵건너,7472,1196
2013-07-01,성당포스코더샵앞,15946,1685
2013-07-01,성동건너,245,155
2013-07-01,성동마을건너,106,21
2013-07-01,성동마을앞,411,12
2013-07-01,성동앞,122,94
2013-07-01,성동초등학교건너,13199,2461
2013-07-01,성동초등학교앞,14922,2156
2013-07-01,성동탱자나무마을건너,42,11
2013-07-01,성동탱자나무마을앞,116,31
2013-07-01,성림첨단산업건너,71,25
2013-07-01,성림첨단산업앞,665,8
2013-07-01,성명119안전센터건너1,4933,1393
2013-07-01,성명119안전센터앞,2183,670
2013-07-01,성명여자중학교,557,41
2013-07-01,성모여성병원건너,37535,12834
2013-07-01,성모여성병원앞,36614,29522
2013-07-01,성보교통,2791,368
2013-07-01,성북교1,12429,4561
2013-07-01,성북교2,8378,4014
2013-07-01,성북시장건너,3012,910
2013-07-01,성북시장앞,13137,1080
2013-07-01,성산3동,0,16
2013-07-01,성산리1,45,73
2013-07-01,성산리2,733,49
2013-07-01,성산중학교앞,1962,74
2013-07-01,성산초등학교앞,692,125
2013-07-01,성서119안전센터건너,552,8949
2013-07-01,성서119안전센터앞,16329,313
2013-07-01,성서4차산업단지앞1,689,137
2013-07-01,성서공단물류센터,686,3
2013-07-01,성서농협남부지소,15218,2731
2013-07-01,성서동서서한타운건너,4818,569
2013-07-01,성서동서서한타운앞,6640,463
2013-07-01,성서보성타운2차건너1,6831,424
2013-07-01,성서보성타운2차건너2,1270,156
2013-07-01,성서보성타운2차앞,10000,1519
2013-07-01,성서산업단지역(1번출구),6595,6084
2013-07-01,성서산업단지역(2번출구),14360,2875
2013-07-01,성서서한2차타운1,9328,299
2013-07-01,성서서한2차타운2,331,310
2013-07-01,성서우방2차아파트,1789,545
2013-07-01,성서우방타운건너,26151,2581
2013-07-01,성서우방타운앞,12823,6419
2013-07-01,성서우체국건너,2538,1010
2013-07-01,성서우체국앞,674,726
2013-07-01,성서종합시장건너,20754,7537
2013-07-01,성서종합시장앞,49356,14487
2013-07-01,성서주공1단지건너,10561,2048
2013-07-01,성서주공1단지앞,3057,1052
2013-07-01,성서주공2단지건너,16362,8228
2013-07-01,성서주공2단지앞,38702,2827
2013-07-01,성서주공5단지앞,421,272
2013-07-01,성서청구타운건너,10586,575
2013-07-01,성서청구타운앞,7154,578
2013-07-01,성서초등학교건너,5653,972
2013-07-01,성서초등학교앞,2753,851
2013-07-01,성서푸른마을아파트건너,10012,602
2013-07-01,성서푸른마을아파트앞,3403,727
2013-07-01,성서한샘타운앞,2014,187
2013-07-01,성서협업단지건너,181,13
2013-07-01,성서협업단지앞,12,11
2013-07-01,성요셉요양병원건너,180,141
2013-07-01,성요셉요양병원앞,2215,19
2013-07-01,성원아파트건너,1642,421
2013-07-01,성원아파트앞,8586,261
2013-07-01,성주사건너,111,9
2013-07-01,성주사앞,8,66
2013-07-01,성지중학교건너,6190,1572
2013-07-01,성지중학교앞,7440,2200
2013-07-01,성하리,21,68
2013-07-01,성화여고건너,12827,1775
2013-07-01,성화여고앞,8045,2093
2013-07-01,세강병원앞,11002,9212
2013-07-01,세원정공건너,11301,556
2013-07-01,세원정공앞,2016,5708
2013-07-01,세천리2,271,38
2013-07-01,세천리3,941,28
2013-07-01,세흥인쇄,1047,89
2013-07-01,소선여중건너,8911,1890
2013-07-01,솔렌스힐건너,6713,489
2013-07-01,솔렌스힐앞,4737,405
2013-07-01,솔밭기세길건너,0,3
2013-07-01,솔밭기세길입구,120,0
2013-07-01,솔비식당입구,0,7
2013-07-01,솔비식당입구맞은편,404,6
2013-07-01,송원맨션건너,10719,602
2013-07-01,송원맨션앞,2627,1433
2013-07-01,송정1동,13,4
2013-07-01,송정동1,45,13
2013-07-01,송정동2,10,1
2013-07-01,송정동3,109,86
2013-07-01,송정동4,22,12
2013-07-01,송정마을1,4,9
2013-07-01,송정마을2,209,9
2013-07-01,송정삼거리1,573,393
2013-07-01,송정삼거리2,305,246
2013-07-01,송정삼거리3,4526,4298
2013-07-01,송정삼거리4,3340,1654
2013-07-01,송해공원,1,0
2013-07-01,송현1동치안센터건너,7891,1261
2013-07-01,송현2동주민센터건너,909,168
2013-07-01,송현공원건너,658,164
2013-07-01,송현공원앞,1036,196
2013-07-01,송현교,1397,62
2013-07-01,송현교2,128,36
2013-07-01,송현여중고교건너,3721,314
2013-07-01,송현여중고교앞,4926,968
2013-07-01,송현역(1번출구),12651,4462
2013-07-01,송현역(2번출구),19224,2944
2013-07-01,송현역(3번출구),21517,5368
2013-07-01,송현역(4번출구),7983,4129
2013-07-01,송현제림타운건너,6192,2378
2013-07-01,송현제림타운앞,3769,886
2013-07-01,송현초등학교건너,4338,727
2013-07-01,송현초등학교앞,9561,424
2013-07-01,수리리,75,1
2013-07-01,수성4가동주민센터앞,898,108
2013-07-01,수성경찰서건너,25241,8102
2013-07-01,수성경찰서앞,21623,8515
2013-07-01,수성고등학교건너,6347,362
2013-07-01,수성고등학교앞,4096,343
2013-07-01,수성관광호텔건너,2599,423
2013-07-01,수성관광호텔앞,2024,352
2013-07-01,수성교1,7223,2769
2013-07-01,수성교2,14283,1828
2013-07-01,수성구민운동장건너,11153,2731
2013-07-01,수성구민운동장앞,6840,3585
2013-07-01,수성구보건소건너,28412,4553
2013-07-01,수성구보건소앞,11249,4696
2013-07-01,수성구청건너,36212,7898
2013-07-01,수성구청앞,29917,13187
2013-07-01,수성네거리1,16118,3360
2013-07-01,수성네거리2,14627,2516
2013-07-01,수성대학교건너,42012,12884
2013-07-01,수성대학교앞,21040,13785
2013-07-01,수성도서관건너,15549,1652
2013-07-01,수성도서관앞,6824,2708
2013-07-01,수성동삼익맨션앞,1006,57
2013-07-01,수성동일하이빌앞,206,124
2013-07-01,수성랜드1,3284,227
2013-07-01,수성랜드2,1175,1329
2013-07-01,수성랜드건너,1849,423
2013-07-01,수성랜드건너2,451,189
2013-07-01,수성랜드앞,1016,418
2013-07-01,수성롯데캐슬건너,14435,2355
2013-07-01,수성롯데캐슬앞,20607,3598
2013-07-01,수성못건너,1035,202
2013-07-01,수성못앞,1083,297
2013-07-01,수성못오거리1,14562,4248
2013-07-01,수성못오거리2,11281,8109
2013-07-01,수성못오거리5,972,535
2013-07-01,수성못코오롱하늘채,6057,1940
2013-07-01,수성소방서1,2441,336
2013-07-01,수성소방서2,101,670
2013-07-01,수성시니어클럽건너,2874,781
2013-07-01,수성시니어클럽앞,7364,686
2013-07-01,수성시장건너,2753,677
2013-07-01,수성시장네거리1,13301,3032
2013-07-01,수성시장네거리2,16773,8102
2013-07-01,수성시장앞,3438,1344
2013-07-01,수성아트피아건너,7849,1154
2013-07-01,수성아트피아앞,822,2309
2013-07-01,수성요양병원,855,145
2013-07-01,수성월드메르디앙건너,619,69
2013-07-01,수성월드메르디앙앞,916,57
2013-07-01,수성초등학교,10725,3360
2013-07-01,수성태영데시앙건너,1832,445
2013-07-01,수성태영데시앙앞,4402,603
2013-07-01,수성하이츠,3229,365
2013-07-01,수정맨션앞,2278,236
2013-07-01,수창초등학교,7779,2246
2013-07-01,수태골건너,8,0
2013-07-01,수태골앞,1,0
2013-07-01,스파밸리1,250,989
2013-07-01,스파밸리2,14447,300
2013-07-01,시립희망원,1826,520
2013-07-01,시민교회건너,1488,144
2013-07-01,시민교회앞,739,166
2013-07-01,시민운동장(야구장건너),4090,593
2013-07-01,시민운동장(야구장앞),3326,678
2013-07-01,시민운동장(축구장건너),4593,2032
2013-07-01,시민운동장(축구장앞),5270,1452
2013-07-01,시지(종점),692,498
2013-07-01,시지대성유니드건너,1211,173
2013-07-01,시지대성유니드앞,2107,180
2013-07-01,시지보성아파트앞,26492,8478
2013-07-01,시지중학교,28454,1132
2013-07-01,시지천마타운앞,5383,1428
2013-07-01,시청별관건너1,10050,3336
2013-07-01,시청별관건너2,6713,2359
2013-07-01,시청별관앞(구.경북도청),5767,3294
2013-07-01,신기리1,25,29
2013-07-01,신기리2,390,13
2013-07-01,신기역(화성타운건너),10216,3119
2013-07-01,신기역(화성타운앞),14932,2890
2013-07-01,신남역(1번출구),5238,1859
2013-07-01,신당동주민센터건너,2319,954
2013-07-01,신당동주민센터앞,9625,664
2013-07-01,신당리,5262,15
2013-07-01,신덕마을입구,1,48
2013-07-01,신도운수건너,1386,100
2013-07-01,신도운수앞,1401,83
2013-07-01,신매광장건너,43887,16582
2013-07-01,신매광장앞,48325,14208
2013-07-01,신매시장,7398,3525
2013-07-01,신매초등학교건너,10176,3162
2013-07-01,신매초등학교앞,9255,1214
2013-07-01,신매태성아파트,101,349
2013-07-01,신매태성아파트건너,6585,345
2013-07-01,신무동1,739,3
2013-07-01,신무동2,0,4
2013-07-01,신생원건너,0,1
2013-07-01,신생원앞,32,0
2013-07-01,신서성당건너,6295,146
2013-07-01,신서성당앞,4,221
2013-07-01,신성에스앤티건너,237,16
2013-07-01,신성에스앤티앞,510,17
2013-07-01,신성중공업건너,3,131
2013-07-01,신성중공업앞,322,0
2013-07-01,신성초등학교건너,5182,2375
2013-07-01,신성초등학교앞,8712,908
2013-07-01,신세계병원건너,22748,11410
2013-07-01,신세계병원앞,22478,8022
2013-07-01,신세계주유소건너,7367,357
2013-07-01,신세계주유소앞,1226,717
2013-07-01,신세월입구,14,0
2013-07-01,신신정비공장1,11324,5753
2013-07-01,신신정비공장2,34167,14326
2013-07-01,신암건영캐스빌건너,5203,337
2013-07-01,신암건영캐스빌앞,1231,184
2013-07-01,신암보성아파트건너,1908,475
2013-07-01,신암보성아파트앞,1421,324
2013-07-01,신암초등학교건너,5177,1617
2013-07-01,신천3동행정복지센터건너,4564,584
2013-07-01,신천3동행정복지센터앞,2412,804
2013-07-01,신천3치안센터건너,5033,1117
2013-07-01,신천3치안센터앞,5886,2080
2013-07-01,신천LH아파트건너,9121,1777
2013-07-01,신천LH아파트앞,13870,1617
2013-07-01,신천교1,2028,458
2013-07-01,신천교2,1621,223
2013-07-01,신천시장건너,3370,829
2013-07-01,신천시장앞,4943,804
2013-07-01,신천역(2번출구),4013,2807
2013-07-01,신천역(3번출구),2551,1533
2013-07-01,신천역(4번출구),6346,3334
2013-07-01,신천역(5번출구),9491,3858
2013-07-01,신천초등학교건너,765,64
2013-07-01,신천초등학교앞,351,79
2013-07-01,신평동1,466,1329
2013-07-01,신평동2,1809,257
2013-07-01,신평리네거리1,25994,8908
2013-07-01,신평리네거리2,30667,10108
2013-07-01,신평리주유소건너,1926,199
2013-07-01,신평리주유소앞,764,230
2013-07-01,신흥버스,16603,4336
2013-07-01,실내체육관건너,4117,684
2013-07-01,실내체육관앞,4562,709
2013-07-01,심신수련장입구건너,1683,283
2013-07-01,심신수련장입구앞,764,119
2013-07-01,심인고등학교건너,27823,1667
2013-07-01,심인고등학교앞,14463,2136
2013-07-01,쌍용머티리얼,2186,39
2013-07-01,아너스월성앞,2160,693
2013-07-01,아멕스,717,40
2013-07-01,아멕스건너,911,37
2013-07-01,아양교1,3984,1347
2013-07-01,아양교2,14984,5783
2013-07-01,아양교3,2779,8870
2013-07-01,아양교4,5499,700
2013-07-01,아양교역(1번출구),72933,97722
2013-07-01,아양교역(2번출구),116121,29601
2013-07-01,아양아트센터건너,4710,276
2013-07-01,아양아트센터앞,1192,737
2013-07-01,아주섬유건너,5,12
2013-07-01,아주섬유앞,86,0
2013-07-01,아주철강건너,121,4
2013-07-01,아주철강앞,111,1
2013-07-01,안심교(경산방향),390,193
2013-07-01,안심교(반야월방향),431,1678
2013-07-01,안심신우타운앞,1542,1089
2013-07-01,안심역(4번출구),38528,1210
2013-07-01,안심역(5번출구),4062,39939
2013-07-01,안심주공1단지건너,13386,726
2013-07-01,안심주공1단지앞,4785,838
2013-07-01,안심주공2단지앞,6089,894
2013-07-01,안심중학교건너,1674,966
2013-07-01,안심중학교앞,3951,2161
2013-07-01,안심효성타운건너,13360,3572
2013-07-01,안심효성타운앞,22566,4608
2013-07-01,안지랑네거리1,30134,7713
2013-07-01,안지랑네거리2,26140,19676
2013-07-01,앞산공원,15157,6354
2013-07-01,앞산공원관리사무소건너,379,15
2013-07-01,앞산공원관리사무소앞,22,351
2013-07-01,앞산궁도장건너,683,123
2013-07-01,앞산궁도장앞,350,77
2013-07-01,앞산별자리체험학습장1,3456,36
2013-07-01,앞산별자리체험학습장2,174,490
2013-07-01,앞산보성타운건너,10,65
2013-07-01,앞산보성타운앞,3880,7
2013-07-01,앞산빨래터공원,348,126
2013-07-01,앞산빨래터공원1,953,68
2013-07-01,앞산자락카페마실건너,59,49
2013-07-01,앞산자락카페마실앞,1301,718
2013-07-01,앞산청구제네스건너,8237,2045
2013-07-01,앞산청구제네스앞,18631,1646
2013-07-01,앞산힐스테이트건너,3308,199
2013-07-01,앞산힐스테이트앞,1351,357
2013-07-01,약령시건너(동성로입구),232230,42961
2013-07-01,약령시앞,187354,89515
2013-07-01,약령시입구,3777,3719
2013-07-01,약사회관건너,406,66
2013-07-01,약사회관앞,1031,28
2013-07-01,약산온천입구,3397,115
2013-07-01,양지마을건너,20,330
2013-07-01,양지마을앞,6686,6
2013-07-01,어린이회관건너1,4236,2768
2013-07-01,어린이회관건너2,100,175
2013-07-01,어린이회관앞,11254,2101
2013-07-01,에이스이노텍건너,355,21
2013-07-01,에이스이노텍앞,105,7
2013-07-01,엑스코건너,4440,1747
2013-07-01,엑스코앞,15608,1221
2013-07-01,엘디스리젠트호텔건너,5044,1801
2013-07-01,엘디스리젠트호텔앞,7118,3109
2013-07-01,여성메디파크,3368,633
2013-07-01,역전시장건너,6552,1015
2013-07-01,역전시장앞,5955,1035
2013-07-01,연경1,126,19
2013-07-01,연경2,498,1
2013-07-01,연암네거리1,20853,10703
2013-07-01,연암네거리2,4269,475
2013-07-01,연암네거리3,740,554
2013-07-01,연젓마을건너,20,0
2013-07-01,연젓마을입구,2,3
2013-07-01,연호동,2,1
2013-07-01,연호동(종점),34,4
2013-07-01,연호동화훼단지1,4101,5217
2013-07-01,연호동화훼단지2,9304,2516
2013-07-01,연호역(3번출구),82,47
2013-07-01,연호역(3번출구)건너,6,89
2013-07-01,연호지,455,211
2013-07-01,연화리1,47,9
2013-07-01,연화리2,7,26
2013-07-01,열병합발전소건너,6,0
2013-07-01,열병합발전소앞,3,0
2013-07-01,영남고등학교건너,16988,28717
2013-07-01,영남고등학교앞,43053,8296
2013-07-01,영남네오빌건너,1188,50
2013-07-01,영남네오빌비스타,1635,261
2013-07-01,영남네오빌앞,482,184
2013-07-01,영남농업연구소콩연구,1,2
2013-07-01,영남우방타운1차건너,4341,475
2013-07-01,영남우방타운1차앞,6647,347
2013-07-01,영남이공대학건너,14593,3055
2013-07-01,영남이공대학앞,26244,1729
2013-07-01,영남일보건너,3312,497
2013-07-01,영남종합전기,416,33
2013-07-01,영대병원역,42539,4169
2013-07-01,영대병원역(3번출구),35397,33320
2013-07-01,영일무역건너,412,6
2013-07-01,영일무역앞,72,13
2013-07-01,영조아파트건너,7,112
2013-07-01,영조아파트앞,2341,1
2013-07-01,영진고등학교건너,25761,4180
2013-07-01,영진고등학교앞,38560,23993
2013-07-01,영진산업,476,1
2013-07-01,영진전문대학정문건너,8680,2295
2013-07-01,영진전문대학정문앞,18995,2265
2013-07-01,영진전문대학후문건너,31671,6355
2013-07-01,영진전문대학후문앞,46657,14491
2013-07-01,영화,871,24
2013-07-01,예현2리마을회관,208,2
2013-07-01,오2리(음지머구),298,0
2013-07-01,오뚜기물류센터,145,21
2013-07-01,오리(양지마을),252,0
2013-07-01,오설리,3,5
2013-07-01,오성아파트,295,6466
2013-07-01,오페라삼정그린코아APT,18497,3928
2013-07-01,오페라하우스건너,1736,277
2013-07-01,오페라하우스앞,1515,138
2013-07-01,옥분리(구진터),247,0
2013-07-01,옥분리1,5,44
2013-07-01,옥분리마을회관앞,513,3
2013-07-01,옥산정미소,262,4
2013-07-01,옥연지,49,10
2013-07-01,옥연지건너,193,0
2013-07-01,옥포간경리1,1415,917
2013-07-01,옥포간경리2,9267,492
2013-07-01,옥포농협,293,20
2013-07-01,옥포농협강림지소건너,951,468
2013-07-01,옥포농협강림지소앞,1414,232
2013-07-01,옥포농협건너,3424,294
2013-07-01,옥포농협앞,683,487
2013-07-01,옥포무지개마을,3698,119
2013-07-01,옥포주유소앞,750,128
2013-07-01,옥포중앙교회앞,290,76
2013-07-01,옥포초등학교건너,861,620
2013-07-01,옥포초등학교앞,8228,808
2013-07-01,올림픽기념관건너,9194,4368
2013-07-01,올림픽기념관앞,15599,5094
2013-07-01,와룡공원건너,603,279
2013-07-01,와룡공원앞,1358,73
2013-07-01,와룡시장,3698,338
2013-07-01,와룡시장건너,2267,946
2013-07-01,용계동1,307,87
2013-07-01,용계동2,689,81
2013-07-01,용계동3,802,105
2013-07-01,용계동4,4610,310
2013-07-01,용계삼거리1,10387,7594
2013-07-01,용계삼거리2,3917,1007
2013-07-01,용계삼거리3,729,964
2013-07-01,용계삼거리4,663,301
2013-07-01,용계역(1번출구),11861,12228
2013-07-01,용계역(2번출구),8491,2313
2013-07-01,용산1동주민센터건너,11279,1666
2013-07-01,용산1동주민센터앞,4385,854
2013-07-01,용산2동주민센터건너,3076,802
2013-07-01,용산2동주민센터건너2,2759,1357
2013-07-01,용산2동주민센터앞,37696,2899
2013-07-01,용산네거리1,22954,4409
2013-07-01,용산네거리2,12634,9181
2013-07-01,용산역,1588,363
2013-07-01,용산역(1번출구),54557,11899
2013-07-01,용산역(2번출구),43831,12466
2013-07-01,용산종합큰시장건너,14938,1680
2013-07-01,용산종합큰시장앞,8357,2012
2013-07-01,용수동1,6,12
2013-07-01,용수동2,630,1
2013-07-01,용연사,1112,20
2013-07-01,용연사시설집단지구건너,427,0
2013-07-01,용연사시설집단지구앞,19,25
2013-07-01,우록리,2125,0
2013-07-01,우록리(부곡장식당),2,2
2013-07-01,우록리(선흥사입구),0,11
2013-07-01,우록리(종점),576,38
2013-07-01,우방강촌마을건너,34130,4167
2013-07-01,우방강촌마을앞,12721,6146
2013-07-01,우방금탑아파트(서편),4051,6883
2013-07-01,우방드림시티건너,3069,2176
2013-07-01,우방드림시티앞,8173,880
2013-07-01,우방만촌하이츠건너,15766,1123
2013-07-01,우방만촌하이츠앞,4820,1941
2013-07-01,우방송현하이츠,829,75
2013-07-01,우방송현하이츠건너,373,37
2013-07-01,우방신세계타운앞,920,114
2013-07-01,우방신천지타운건너,4331,1743
2013-07-01,우방신천지타운앞,12143,1744
2013-07-01,우방아파트삼거리,492,376
2013-07-01,우방죽전타운건너,11075,5466
2013-07-01,우방죽전타운앞1,8880,1495
2013-07-01,우방죽전타운앞2,2727,983
2013-07-01,우방청솔맨션건너,15982,1930
2013-07-01,우방청솔맨션앞,18776,6087
2013-07-01,욱수초등학교건너,5077,2748
2013-07-01,욱수초등학교앞,31234,1357
2013-07-01,운암지공원1,402,3
2013-07-01,운암지공원2,9,77
2013-07-01,운암초등학교건너,12221,1357
2013-07-01,운암초등학교앞,11618,127
2013-07-01,웃갈미마을건너,347,2
2013-07-01,웃갈미마을앞,3,18
2013-07-01,웃는얼굴아트센터1,1759,115
2013-07-01,웃는얼굴아트센터2,4,152
2013-07-01,원대네거리,1187,188
2013-07-01,원대시장건너,23766,3131
2013-07-01,원대시장건너2,2036,2193
2013-07-01,원대시장앞,17176,10509
2013-07-01,원대역1,13407,13070
2013-07-01,원대역2,29507,3022
2013-07-01,원대오거리북편1,2723,914
2013-07-01,원대오거리북편2,955,437
2013-07-01,원불교앞,764,719
2013-07-01,월곡네거리,336,755
2013-07-01,월광수변공원,405,270
2013-07-01,월드컵삼거리,891,330
2013-07-01,월드컵삼거리앞,834,304
2013-07-01,월배농협대덕지점건너,3947,895
2013-07-01,월배시장건너,15687,4694
2013-07-01,월배시장앞,15889,3507
2013-07-01,월배쌍용예가건너,1170,5
2013-07-01,월배쌍용예가앞,6,112
2013-07-01,월배역(3번출구),11491,5235
2013-07-01,월배역(4번출구),12295,2018
2013-07-01,월배이안아파트건너,121,5
2013-07-01,월배이안아파트앞,26,7
2013-07-01,월배중학교건너,2561,443
2013-07-01,월배중학교앞,1290,679
2013-07-01,월배차량기지건너,3,25
2013-07-01,월배차량기지앞,220,1
2013-07-01,월배초등학교건너,13825,1754
2013-07-01,월배힐스테이트건너,2115,2
2013-07-01,월배힐스테이트앞,21,169
2013-07-01,월성1동주민센터건너,2866,632
2013-07-01,월성1동주민센터앞,4966,311
2013-07-01,월성2동주민센터건너,19235,2677
2013-07-01,월성2동주민센터앞,33724,2219
2013-07-01,월성e-편한세상건너,21384,4579
2013-07-01,월성e-편한세상앞,15083,5580
2013-07-01,월성영남맨션앞,1062,244
2013-07-01,월성자이앞,2011,472
2013-07-01,월성주공2단지앞,13771,1438
2013-07-01,월성주공3단지,2037,490
2013-07-01,월성주공4단지건너,45641,4631
2013-07-01,월성주공4단지앞1,3327,164
2013-07-01,월성주공4단지앞2,23543,5630
2013-07-01,월성주공5단지앞,7899,6094
2013-07-01,월성청구코아건너,22471,1761
2013-07-01,월성청구코아앞,12749,2415
2013-07-01,월성코오롱하늘채건너,868,190
2013-07-01,월성코오롱하늘채앞,2646,98
2013-07-01,월성푸르지오앞,13598,2130
2013-07-01,월암교1,1148,7
2013-07-01,월암교2,257,81
2013-07-01,월촌고가교1,489,373
2013-07-01,월촌고가교2,2343,192
2013-07-01,월촌역(6번출구),19607,4606
2013-07-01,월촌역(7번출구),10552,2936
2013-07-01,월촌초등학교건너,1473,298
2013-07-01,월촌초등학교앞,2191,304
2013-07-01,위남마을입구,2998,239
2013-07-01,위천1리건너,435,75
2013-07-01,위천1리앞,1427,69
2013-07-01,위천삼거리(논공방향),328,52
2013-07-01,위천삼거리(현풍방향),295,61
2013-07-01,유가사(종점),487,13
2013-07-01,유가차천,1877,209
2013-07-01,유가차천1,468,305
2013-07-01,유곡리(회차지),10,0
2013-07-01,유니버시아드레포츠센터건너,3414,564
2013-07-01,유니버시아드선수촌2단지건너,17487,1421
2013-07-01,유니버시아드선수촌2단지앞,3393,1117
2013-07-01,유림물산,2094,188
2013-07-01,유림한의원건너,145,161
2013-07-01,유산리,139,0
2013-07-01,유신섬유네거리1,780,148
2013-07-01,유신섬유네거리2,2691,92
2013-07-01,유천교(유천치안센터건너),12987,5427
2013-07-01,유천교(유천치안센터앞),19564,15085
2013-07-01,유천교1,12115,913
2013-07-01,유천교2,2418,5335
2013-07-01,유천포스코건너,3289,390
2013-07-01,유천포스코앞,6832,2882
2013-07-01,유통단지회차지,547,387
2013-07-01,유통단지회차지2,3340,30
2013-07-01,육신사,127,11
2013-07-01,율원초등학교건너,87,668
2013-07-01,율원초등학교앞,3557,49
2013-07-01,율하역,814,3430
2013-07-01,율하역(4번출구),6647,2635
2013-07-01,율하역(5번출구),11369,1416
2013-07-01,율하휴먼시아15단지앞,6280,1224
2013-07-01,율하휴먼시아5단지건너,183,206
2013-07-01,율하휴먼시아5단지앞,3109,175
2013-07-01,율하휴먼시아6단지건너,1385,574
2013-07-01,율하휴먼시아6단지앞,11874,291
2013-07-01,율하휴먼시아8단지앞,10264,222
2013-07-01,율하휴먼시아9단지앞,1751,493
2013-07-01,은하타운건너,2181,879
2013-07-01,은하타운앞,1786,541
2013-07-01,은행APT입구,644,142
2013-07-01,읍내동주민센터건너,6580,4375
2013-07-01,읍내동주민센터앞,435,268
2013-07-01,응암1리1,21,1
2013-07-01,응암1리2,4,0
2013-07-01,응암2리,18,3
2013-07-01,응암2리건너,442,16
2013-07-01,응암2리앞,15,18
2013-07-01,응암3리1,1,3
2013-07-01,응암3리2,155,0
2013-07-01,이곡1동주민센터건너,9244,754
2013-07-01,이곡1동주민센터앞,3285,1650
2013-07-01,이곡마을,497,1
2013-07-01,이곡양수장건너,64,29
2013-07-01,이곡양수장앞,201,251
2013-07-01,이곡장미공원건너,2840,561
2013-07-01,이곡장미공원앞,4823,661
2013-07-01,이마트경산점,10026,2187
2013-07-01,이마트반야월점건너,1563,337
2013-07-01,이마트반야월점앞,3356,438
2013-07-01,이마트시지점건너,4516,2280
2013-07-01,이마트시지점앞,521,754
2013-07-01,이마트월배점건너,6792,2352
2013-07-01,이마트월배점앞,8209,1385
2013-07-01,이마트칠성점앞,27874,4837
2013-07-01,이마트트레이더스건너,8601,4039
2013-07-01,이마트트레이더스앞,23708,8226
2013-07-01,이시아폴리스더샵1단지,5177,318
2013-07-01,이시아폴리스더샵2단지,1519,958
2013-07-01,이월드(구.우방랜드)건너,1621,164
2013-07-01,이월드(구.우방랜드)앞,544,431
2013-07-01,이월드(구.우방랜드)정문,6686,3470
2013-07-01,이월드(구.우방랜드)후문건너,3591,438
2013-07-01,이월드(구.우방랜드)후문앞,2492,321
2013-07-01,이천동,13,0
2013-07-01,이천동(종점),123,1
2013-07-01,이천리(시내방향),142,1
2013-07-01,이천리(시외방향),177,1
2013-07-01,이천새마을금고건너,17479,1115
2013-07-01,이천치안센터건너,2028,903
2013-07-01,이현고개삼거리,1,0
2013-07-01,이현삼거리1,96,138
2013-07-01,이현삼거리2,940,120
2013-07-01,이현삼거리3,3848,712
2013-07-01,이현자동차검사소건너,1820,120
2013-07-01,이현자동차검사소앞,956,87
2013-07-01,이현지구대건너,1469,290
2013-07-01,이현지구대앞,633,134
2013-07-01,인동촌시장건너,3508,1265
2013-07-01,인동촌시장입구,13304,742
2013-07-01,인산마을건너,818,16
2013-07-01,인산마을앞,30,30
2013-07-01,일심제약,135,7
2013-07-01,입석중학교건너,13638,1520
2013-07-01,입석중학교앞,4477,1656
2013-07-01,잉꼬아파트건너,797,257
2013-07-01,잉꼬아파트앞,2116,432
2013-07-01,자모공원,5,0
2013-07-01,장관빌라건너,1924,118
2013-07-01,장관빌라앞,1091,266
2013-07-01,장기영남네오빌,126,101
2013-07-01,장기초등학교,1740,125
2013-07-01,장기초등학교1,19,33
2013-07-01,장기초등학교2,161,3
2013-07-01,장기초록나라건너,3595,1824
2013-07-01,장기초록나라앞,9888,674
2013-07-01,장기파랑새마을앞,91,172
2013-07-01,장동초등학교건너,3170,33
2013-07-01,장동초등학교앞,95,300
2013-07-01,장산초등학교건너,693,96
2013-07-01,장산초등학교앞,1014,74
2013-07-01,장성초등학교건너,553,2706
2013-07-01,장성초등학교앞,618,757
2013-07-01,장태실마을건너,232,1
2013-07-01,장태실마을앞,6,18
2013-07-01,적십자혈액원건너,4582,644
2013-07-01,적십자혈액원앞,2630,486
2013-07-01,전기안전공사건너,1499,2990
2013-07-01,전기안전공사앞,2972,301
2013-07-01,전기재료관1,652,175
2013-07-01,전기재료관2,251,170
2013-07-01,전자관,4333,1331
2013-07-01,전자상가,12613,1357
2013-07-01,정대1리(바깥매남),148,0
2013-07-01,정대1리(안매남),138,0
2013-07-01,정대2리마을회관앞,106,11
2013-07-01,정대리(대구미술광장),232,0
2013-07-01,정대숲,390,0
2013-07-01,정대숲건너,0,6
2013-07-01,정대숲앞,676,0
2013-07-01,정동고등학교건너,5237,1570
2013-07-01,정동고등학교앞,11975,826
2013-07-01,정부대구지방합동청사건너,304,40
2013-07-01,정부대구지방합동청사앞,77,52
2013-07-01,정부대구지방합동청사후문1,1212,256
2013-07-01,정화우방팔레스,14219,13355
2013-07-01,정화우방팔레스건너,24210,5132
2013-07-01,제일규산,1218,31
2013-07-01,제일여자상업고등학교건너,25461,8477
2013-07-01,제일여자상업고등학교앞,31087,5441
2013-07-01,조달청건너,3219,1326
2013-07-01,조달청앞,10448,490
2013-07-01,조암네거리1,1897,40
2013-07-01,조암네거리2,425,231
2013-07-01,조암초등학교건너,16,4
2013-07-01,조암초등학교앞,154,10
2013-07-01,조야동(종점),11940,316
2013-07-01,조일로봇고등학교(종점),6700,664
2013-07-01,주1리1,23,25
2013-07-01,주1리2,828,42
2013-07-01,주2리(최정사입구),4,14
2013-07-01,주2리1,318,29
2013-07-01,주리(삼진식당),2,15
2013-07-01,죽곡2지구1,6,3
2013-07-01,죽곡2지구2,20,14
2013-07-01,죽전119안전센터건너,4963,1160
2013-07-01,죽전119안전센터앞,5997,957
2013-07-01,죽전그린빌건너,3789,1872
2013-07-01,죽전그린빌앞,13415,1481
2013-07-01,죽전네거리1,40585,4635
2013-07-01,죽전네거리2,17140,10276
2013-07-01,중구보건소건너,3236,2219
2013-07-01,중구보건소앞,2570,789
2013-07-01,중구청건너,28117,7439
2013-07-01,중구청앞,31675,10099
2013-07-01,중대1동회관앞,1842,1
2013-07-01,중동교1,4103,1976
2013-07-01,중동교2,1468,217
2013-07-01,중동네거리1,7118,753
2013-07-01,중동네거리2,4176,1665
2013-07-01,중동서울아파트건너,318,97
2013-07-01,중동서울아파트앞,1331,63
2013-07-01,중동시장건너,17998,9895
2013-07-01,중동시장앞,26513,6309
2013-07-01,중동주민센터건너,657,128
2013-07-01,중동주민센터앞,494,126
2013-07-01,중동치안센터건너,1814,75
2013-07-01,중동치안센터앞,722,188
2013-07-01,중리광명맨션건너,15714,2717
2013-07-01,중리광명맨션앞,11350,2440
2013-07-01,중리네거리1,8006,1933
2013-07-01,중리네거리2,4562,2048
2013-07-01,중리롯데캐슬건너,12556,2134
2013-07-01,중리롯데캐슬서편,4383,1208
2013-07-01,중리롯데캐슬앞,16671,2636
2013-07-01,중리롯데캐슬정문앞,684,129
2013-07-01,중리마을,3793,6
2013-07-01,중리삼거리1,29,119
2013-07-01,중리삼거리2,1224,8
2013-07-01,중리시장건너1,401,214
2013-07-01,중리시장건너2,1269,70
2013-07-01,중리시장앞,8795,2370
2013-07-01,중리중학교,889,86
2013-07-01,중마을(갓바위방향),19,98
2013-07-01,중마을(시내방향),747,0
2013-07-01,중부소방서건너,4385,515
2013-07-01,중부소방서앞,8738,673
2013-07-01,중석타운건너,112,267
2013-07-01,중석타운앞,11171,289
2013-07-01,중소기업관건너,38,142
2013-07-01,중소기업관앞,1559,37
2013-07-01,중소기업지원센터,798,106
2013-07-01,중심마을,419,9
2013-07-01,중앙일보건너,1837,1114
2013-07-01,중앙일보앞,6082,219
2013-07-01,지묘동1,3440,851
2013-07-01,지묘동2,7205,251
2013-07-01,지묘초등학교건너,9917,349
2013-07-01,지묘초등학교앞,962,242
2013-07-01,지산2길입구,559,11
2013-07-01,지산2길입구건너,192,15
2013-07-01,지산동서맨션건너,8105,2772
2013-07-01,지산동서맨션앞,23995,2254
2013-07-01,지산목련아파트건너,29873,2613
2013-07-01,지산목련아파트앞,11007,5238
2013-07-01,지산시영아파트1단지건너,2228,615
2013-07-01,지산시영아파트1단지앞,6724,279
2013-07-01,지산영남맨션앞,3229,703
2013-07-01,지산우방아파트,7313,547
2013-07-01,지산중학교입구,896,164
2013-07-01,지산청구타운건너,2902,1942
2013-07-01,지산청구타운앞,20374,468
2013-07-01,지산타운건너,19624,1388
2013-07-01,지산타운앞,3988,5900
2013-07-01,지산한라타운건너,22668,449
2013-07-01,지산한라타운앞,3226,2101
2013-07-01,지산현대주택건너,6225,1315
2013-07-01,지산현대주택앞,12718,815
2013-07-01,지산화성파크드림,1967,183
2013-07-01,지저동행정복지센터건너,23461,1225
2013-07-01,지저동행정복지센터앞,3903,1184
2013-07-01,진달래아파트건너,8360,3286
2013-07-01,진달래아파트앞,16462,2053
2013-07-01,진월초등학교건너,2068,334
2013-07-01,진월초등학교앞,811,265
2013-07-01,진인동(양지마을)건너,19,6
2013-07-01,진인동(양지마을)앞,180,3
2013-07-01,진인동(진정마을)1,159,2
2013-07-01,진정마을1,1171,19
2013-07-01,진정마을2,74,46
2013-07-01,진천역(1번출구),41673,9123
2013-07-01,진천역(2번출구),26097,13769
2013-07-01,진천청구타운건너,1086,810
2013-07-01,진천청구타운앞,3431,535
2013-07-01,징리보건소,317,0
2013-07-01,차량등록사업소건너,2515,275
2013-07-01,차량등록사업소앞,933,105
2013-07-01,창1리1,3,1
2013-07-01,창1리2,101,0
2013-07-01,천내영남맨션,26,0
2013-07-01,천내우방1차,1,0
2013-07-01,청구고등학교건너,18618,2337
2013-07-01,청구고등학교앞,25588,4220
2013-07-01,청구그린맨션1차건너,13738,2520
2013-07-01,청구그린맨션1차앞,17131,2277
2013-07-01,청구시장건너,7396,1083
2013-07-01,청구시장건너2,632,103
2013-07-01,청구시장북편,1911,338
2013-07-01,청구시장북편건너,3418,328
2013-07-01,청구시장앞,6964,1601
2013-07-01,청구중동아파트,560,100
2013-07-01,청구타운건너,1465,490
2013-07-01,청구타운앞,1716,247
2013-07-01,청기와주유소건너,12514,3472
2013-07-01,청기와주유소앞,18875,7586
2013-07-01,청남타운건너,2517,29
2013-07-01,청남타운앞,513,459
2013-07-01,청백다례원,1589,342
2013-07-01,청소년수련원건너,489,40
2013-07-01,청소년수련원앞,628,250
2013-07-01,청아람푸르지오2단지1,3,3
2013-07-01,청아람푸르지오2단지2,117,10
2013-07-01,청운맨션건너,2086,190
2013-07-01,청운맨션앞,1079,355
2013-07-01,충혼탑건너,5563,29
2013-07-01,충혼탑앞,101,686
2013-07-01,측백수림건너,582,0
2013-07-01,측백수림앞,2,26
2013-07-01,칠곡2차영남타운건너,3596,760
2013-07-01,칠곡2차영남타운앞,5285,330
2013-07-01,칠곡3차보성타운1,1134,422
2013-07-01,칠곡3차보성타운2,6192,696
2013-07-01,칠곡3차화성타운1,5251,47
2013-07-01,칠곡3차화성타운2,11265,213
2013-07-01,칠곡3차화성타운3,68,232
2013-07-01,칠곡경대병원역,18,164
2013-07-01,칠곡경북대병원,918,469
2013-07-01,칠곡경북대병원정문건너,301,282
2013-07-01,칠곡경북대병원정문앞,5049,63
2013-07-01,칠곡경북대병원후문건너,1259,740
2013-07-01,칠곡경북대병원후문앞,6966,494
2013-07-01,칠곡그린빌2차건너,28538,1659
2013-07-01,칠곡그린빌2차앞,2866,2678
2013-07-01,칠곡그린빌3차건너,17289,345
2013-07-01,칠곡그린빌3차앞,418,1677
2013-07-01,칠곡그린빌5단지건너,3073,197
2013-07-01,칠곡그린빌5단지앞,3163,413
2013-07-01,칠곡그린빌6단지건너,1262,93
2013-07-01,칠곡그린빌6단지앞,286,103
2013-07-01,칠곡그린파크1,9754,3787
2013-07-01,칠곡그린파크2,21759,2410
2013-07-01,칠곡네스빌,255,134
2013-07-01,칠곡대백맨션건너,6325,30
2013-07-01,칠곡대백맨션앞,350,617
2013-07-01,칠곡동화아파트건너,4486,1699
2013-07-01,칠곡동화아파트앞,18692,1136
2013-07-01,칠곡롯데아파트건너,36,233
2013-07-01,칠곡롯데아파트앞,3923,14
2013-07-01,칠곡부영1단지,5334,294
2013-07-01,칠곡서한맨션,1507,7
2013-07-01,칠곡서한맨션앞,159,636
2013-07-01,칠곡시장건너,14834,1210
2013-07-01,칠곡시장앞,2314,1502
2013-07-01,칠곡에덴타운건너,33426,7215
2013-07-01,칠곡에덴타운앞,27925,10351
2013-07-01,칠곡우방타운건너(종점),1453,15
2013-07-01,칠곡우방타운건너(종점),3684,80
2013-07-01,칠곡우방타운앞(종점),1212,317
2013-07-01,칠곡주공그린빌1단지건너,2597,752
2013-07-01,칠곡주공그린빌1단지앞,7984,434
2013-07-01,칠곡중학교건너(칠곡향교건너),1872,852
2013-07-01,칠곡중학교앞(칠곡향교앞),23208,2322
2013-07-01,칠곡청구타운건너,690,457
2013-07-01,칠곡청구타운앞,4597,208
2013-07-01,칠곡초등학교건너,219,141
2013-07-01,칠곡초등학교앞,951,149
2013-07-01,칠곡한라타운건너,6737,194
2013-07-01,칠곡한라타운앞,73,484
2013-07-01,칠곡한서타운건너,11465,409
2013-07-01,칠곡한신아파트건너,2834,164
2013-07-01,칠곡한신아파트앞1,11535,85
2013-07-01,칠곡한신아파트앞2,1741,163
2013-07-01,칠곡화성타운건너,9701,333
2013-07-01,칠곡화성타운앞1,8396,1381
2013-07-01,칠곡화성타운앞2,3307,860
2013-07-01,칠성고가도로하단,1416,488
2013-07-01,칠성꽃도매시장건너,1254,1179
2013-07-01,칠성꽃도매시장앞,2874,547
2013-07-01,칠성시장(농협건너),206,398
2013-07-01,칠성시장(농협앞),1420,154
2013-07-01,칠성시장(양친회신협),1,207
2013-07-01,칠성시장(전자상가건너),5675,827
2013-07-01,칠성시장(전자상가앞),2108,2305
2013-07-01,칠성시장건너,35010,26702
2013-07-01,칠성시장앞1,56407,35708
2013-07-01,칠성시장역(서문프라자건너),3536,10551
2013-07-01,칠성시장역(서문프라자앞),20173,3419
2013-07-01,칠성우방타운,730,181
2013-07-01,침산3동주민센터,9243,1222
2013-07-01,침산남영타운건너,3916,760
2013-07-01,침산남영타운앞,6471,359
2013-07-01,침산네거리1,13136,952
2013-07-01,침산네거리2,7874,1499
2013-07-01,침산동화타운건너,7148,105
2013-07-01,침산동화타운앞,525,341
2013-07-01,침산변전소건너,11680,3917
2013-07-01,침산변전소앞,10369,4875
2013-07-01,침산중학교건너,3084,281
2013-07-01,침산중학교앞,5991,320
2013-07-01,침산초등학교건너,5178,1759
2013-07-01,침산초등학교앞,3984,283
2013-07-01,침산초등학교후문,340,58
2013-07-01,침산코오롱하늘채건너,8481,2372
2013-07-01,침산코오롱하늘채앞,22883,3262
2013-07-01,캐슬골드파크(1102동),26111,2042
2013-07-01,캐슬골드파크(1504동),12671,3808
2013-07-01,케이에스건너,21,11
2013-07-01,케이에스앞,997,50
2013-07-01,코스트코홀세일건너/복현화성타운앞,5082,4556
2013-07-01,코스트코홀세일앞/복현화성타운건너,44829,5687
2013-07-01,코오롱아파트,15735,2707
2013-07-01,퀸벨호텔건너,14239,1646
2013-07-01,퀸벨호텔앞,9582,3643
2013-07-01,퀸스로드건너,2548,1512
2013-07-01,퀸스로드건너(동편),12155,4884
2013-07-01,퀸스로드앞,4542,614
2013-07-01,퀸스로드앞(동편),17610,6687
2013-07-01,크리스탈호텔앞,1387,510
2013-07-01,큰고개1,5626,3457
2013-07-01,큰고개2,11835,1545
2013-07-01,큰고개오거리1,21253,1822
2013-07-01,큰고개오거리2,5095,10925
2013-07-01,큰장네거리1,73150,16856
2013-07-01,큰장네거리2,46053,21051
2013-07-01,큰장네거리3,20525,8195
2013-07-01,큰장네거리4,34896,15584
2013-07-01,태성맨션건너,108,155
2013-07-01,태성맨션앞,4480,278
2013-07-01,태왕그린힐즈건너,995,361
2013-07-01,태왕그린힐즈앞1,101,419
2013-07-01,태왕그린힐즈앞2,6789,28
2013-07-01,태왕메트로시티건너,6393,722
2013-07-01,태왕메트로시티앞,4399,859
2013-07-01,태왕아너스베스트앞,6737,260
2013-07-01,태왕아너스복현건너,3562,1088
2013-07-01,태왕아너스복현앞,10327,524
2013-07-01,태전두성타운건너,8163,1666
2013-07-01,태전두성타운앞,18416,1425
2013-07-01,태전삼거리1,16584,9588
2013-07-01,태전삼거리2,35959,7732
2013-07-01,태전역1,17115,8807
2013-07-01,태전중석타운,1819,80
2013-07-01,태전중석타운건너,1920,220
2013-07-01,태전중앙시장건너,3679,1453
2013-07-01,태전중앙시장앞,10931,1084
2013-07-01,태전휴먼시아,1689,102
2013-07-01,태평상가건너,6675,2683
2013-07-01,태평상가앞1,5763,1886
2013-07-01,태평상가앞2,730,196
2013-07-01,태현초등학교앞,4565,58
2013-07-01,터실마을,15,0
2013-07-01,텍스빌,9071,1598
2013-07-01,토지주택공사건너,3590,1007
2013-07-01,토지주택공사앞,14588,814
2013-07-01,퇴계마을건너,1,4
2013-07-01,퇴계마을앞,174,0
2013-07-01,파계교,384,546
2013-07-01,파계사(종점),11296,884
2013-07-01,파군재삼거리1,1156,715
2013-07-01,파군재삼거리2,350,324
2013-07-01,파동1차시장건너,2436,1268
2013-07-01,파동1차시장앞,13473,536
2013-07-01,파동우체국앞,1165,784
2013-07-01,파동청구하이츠,8475,323
2013-07-01,파크맨션건너,14270,1352
2013-07-01,파크맨션앞,11614,1689
2013-07-01,파티마병원건너1,23257,6456
2013-07-01,파티마병원건너2,3649,2513
2013-07-01,팔거역3,528,98
2013-07-01,팔거역4,1346,69
2013-07-01,팔공3차보성타운건너,1100,8
2013-07-01,팔공3차보성타운앞,71,330
2013-07-01,팔공3차보성타운후문,5487,202
2013-07-01,팔공보성아파트건너,1760,470
2013-07-01,팔공보성아파트앞,8674,298
2013-07-01,팔공산IC입구,242,1054
2013-07-01,팔공산맥건너,785,273
2013-07-01,팔공산맥앞,1121,192
2013-07-01,팔공학생야영장앞,298,10
2013-07-01,팔공학생야영장입구건너,18,2
2013-07-01,팔공학생야영장입구앞,11,6
2013-07-01,팔공한마음주유소,7,4
2013-07-01,팔공한마음주유소건너,399,0
2013-07-01,팔달시장건너,44907,15755
2013-07-01,팔달시장앞,47619,30475
2013-07-01,팔달시장역,45258,22689
2013-07-01,팔달신시장,32473,10362
2013-07-01,팔달신시장2,4795,2948
2013-07-01,팔달역2,1165,393
2013-07-01,팔달중학교건너,9479,262
2013-07-01,팔달중학교앞,6294,401
2013-07-01,팔달초등학교,246,161
2013-07-01,팔레스호텔건너,26621,5968
2013-07-01,팔레스호텔앞1,6498,2950
2013-07-01,팔레스호텔앞2,765,1496
2013-07-01,팔현마을,217,14
2013-07-01,평광3차아파트,4985,176
2013-07-01,평광3차아파트건너,4731,332
2013-07-01,평광새마을금고,173,0
2013-07-01,평광종점,839,17
2013-07-01,평리1동주민센터건너,2100,79
2013-07-01,평리1동주민센터앞,3890,207
2013-07-01,평리2동주민센터건너,11285,1543
2013-07-01,평리2동주민센터앞,12134,2315
2013-07-01,평리3동주민센터건너,2952,111
2013-07-01,평리6동주민센터앞,2146,336
2013-07-01,평리광명네거리,1070,711
2013-07-01,평리광명맨션건너,4968,395
2013-07-01,평리광명맨션앞,1094,308
2013-07-01,평리네거리1,15652,8046
2013-07-01,평리네거리2,19366,6732
2013-07-01,평리명성아파트건너,6107,1795
2013-07-01,평리명성아파트앞,3857,673
2013-07-01,평리중학교건너,1804,656
2013-07-01,평리중학교앞,2841,191
2013-07-01,평리청구타운건너,42419,16910
2013-07-01,평리청구타운앞,39508,10119
2013-07-01,평안,771,84
2013-07-01,평촌2리,6,5
2013-07-01,평촌리,202,0
2013-07-01,평현치안센터건너,6413,1098
2013-07-01,평화시장(닭똥집골목)건너,28388,4380
2013-07-01,평화시장(닭똥집골목)앞,59032,19888
2013-07-01,평화씨엠비건너,1062,34
2013-07-01,평화씨엠비앞,216,131
2013-07-01,평화정공건너,941,104
2013-07-01,평화정공앞,1101,37
2013-07-01,평화타운건너,15936,7636
2013-07-01,푸드웰건너,4804,73
2013-07-01,푸드웰앞,154,149
2013-07-01,푸르밀대구공장,20,1
2013-07-01,푸르밀대구공장건너,0,19
2013-07-01,풋살경기장(50사단),790,73
2013-07-01,풍국주정공업,1293,23
2013-07-01,하나원전문장례식장,1,2
2013-07-01,하리(약산온천)건너,329,61
2013-07-01,하목정(종점),2,19
2013-07-01,하빈농협건너,150,3
2013-07-01,하빈농협동곡지점1,57,9
2013-07-01,하빈농협동곡지점2,378,9
2013-07-01,하빈농협앞,20,8
2013-07-01,하빈농협입구,7,6
2013-07-01,하빈면사무소건너,400,10
2013-07-01,하빈면사무소앞,15,7
2013-07-01,하빈우체국건너,245,0
2013-07-01,하빈우체국앞,8,2
2013-07-01,하빈주유소앞,24,11
2013-07-01,하빈초등학교앞,216,2
2013-07-01,하산1리,298,0
2013-07-01,하산2리,300,2
2013-07-01,하산스무지(종점),137,5
2013-07-01,학남고등학교건너,2113,263
2013-07-01,학남고등학교앞,5567,331
2013-07-01,학남초등학교건너,118,285
2013-07-01,학남초등학교앞,3262,287
2013-07-01,학산아파트건너,3,0
2013-07-01,학산아파트앞,1,0
2013-07-01,학정청아람1,1151,9
2013-07-01,학정청아람2,3082,95
2013-07-01,학정청아람건너,2516,393
2013-07-01,학정청아람앞,2738,200
2013-07-01,한가람타운건너,26612,7156
2013-07-01,한가람타운앞,24377,5664
2013-07-01,한걸고정마을,296,0
2013-07-01,한국건강관리협회앞,5577,780
2013-07-01,한국국토정보공사건너,2796,2258
2013-07-01,한국국토정보공사앞,2854,509
2013-07-01,한국농어촌공사건너,26562,4533
2013-07-01,한국농어촌공사앞,22323,2286
2013-07-01,한국델파이건너,284,162
2013-07-01,한국델파이앞,1273,57
2013-07-01,한국도로공사건너,137,529
2013-07-01,한국도로공사앞,8133,54
2013-07-01,한국방송통신대학교건너,2797,399
2013-07-01,한국방송통신대학교앞,965,441
2013-07-01,한국산업은행성서지점건너,26,1024
2013-07-01,한국산업은행성서지점앞,5129,46
2013-07-01,한국산업인력공단건너,4972,189
2013-07-01,한국산업인력공단앞,190,196
2013-07-01,한국생산기술연구원건너,3,0
2013-07-01,한국생산기술연구원앞,1,0
2013-07-01,한국클래드텍건너,331,1
2013-07-01,한국클래드텍앞,5,85
2013-07-01,한국타이어,382,185
2013-07-01,한국타이어건너,246,19
2013-07-01,한국패션센터,1835,166
2013-07-01,한국폴리텍VI대구대학건너,16373,5982
2013-07-01,한국폴리텍VI대구대학앞,12066,5246
2013-07-01,한국폴리텍대학(섬유패션캠퍼스),7062,1903
2013-07-01,한국환경자원공사,7,3
2013-07-01,한도아파트앞,10369,305
2013-07-01,한라하우젠트,819,3
2013-07-01,한마음주유소건너,2945,218
2013-07-01,한마음주유소앞,3280,414
2013-07-01,한샘교회,5075,1094
2013-07-01,한샘교회건너,1035,931
2013-07-01,한서기전건너,273,2
2013-07-01,한서기전앞,255,23
2013-07-01,한양공작맨션건너,9,78
2013-07-01,한양공작맨션앞,1210,3
2013-07-01,한양산호아파트건너,718,276
2013-07-01,한양산호아파트앞,7457,186
2013-07-01,한양수정아파트,73,72
2013-07-01,한양코스모스아파트건너,63,124
2013-07-01,한양코스모스아파트앞,1382,32
2013-07-01,한전동대구지사,26210,6169
2013-07-01,한전동대구지사건너,18207,5427
2013-07-01,한전서대구지사건너,23323,5706
2013-07-01,한전서대구지사앞,14902,4643
2013-07-01,한정3리,73,0
2013-07-01,한정리(한정초교),394,0
2013-07-01,한정리(한정초교건너),1,1
2013-07-01,한화꿈에그린건너1,635,834
2013-07-01,한화꿈에그린앞,14468,2270
2013-07-01,함지초등학교건너,1383,621
2013-07-01,함지초등학교앞,10518,352
2013-07-01,해랑교(시외방향),28,9
2013-07-01,해랑교1,22,3
2013-07-01,해랑교2,643,7
2013-07-01,해랑교건너,20,89
2013-07-01,해안동행정복지센터,375,62
2013-07-01,해안역(1번출구),15784,3099
2013-07-01,해안역(3번출구),7736,2918
2013-07-01,해안초등학교뒤,3,28
2013-07-01,행정1리건너,120,0
2013-07-01,행정2리건너,3,5
2013-07-01,행정2리앞,84,1
2013-07-01,행정리,8,15
2013-07-01,행정리(한천서원),399,1
2013-07-01,헬로TV대구방송건너,6372,2428
2013-07-01,헬로TV대구방송앞,8002,1818
2013-07-01,현내1리,241,3
2013-07-01,현내2리중방마을건너,91,1
2013-07-01,현내2리중방마을앞,3,0
2013-07-01,현대금속,1548,41
2013-07-01,현대메카닉스건너,116,0
2013-07-01,현대메카닉스앞,1,19
2013-07-01,현대백조아파트(북편),4188,187
2013-07-01,현대백조아파트건너,2815,225
2013-07-01,현대백조아파트앞,2937,566
2013-07-01,현대백화점.동아쇼핑건너,29283,8986
2013-07-01,현대백화점.동아쇼핑앞,42457,5472
2013-07-01,현대시장건너,13742,1097
2013-07-01,현대시장앞,2843,1136
2013-07-01,현대시장앞2,999,325
2013-07-01,현대해상건너,33487,11526
2013-07-01,현대해상앞,29004,7326
2013-07-01,현충로역(3번출구),35334,15568
2013-07-01,현충로역(4번출구),27491,11405
2013-07-01,현충삼거리1,585,577
2013-07-01,현충삼거리2,3377,27
2013-07-01,현풍고속도로밑,184,14
2013-07-01,현풍농협,3076,370
2013-07-01,현풍면사무소건너,1,4
2013-07-01,현풍면사무소앞,14,0
2013-07-01,현풍삼거리,2,28
2013-07-01,현풍새마을금고,3046,436
2013-07-01,현풍시외버스터미널,1419,306
2013-07-01,현풍운전시험장,446,11
2013-07-01,현풍주공아파트,5,18
2013-07-01,현풍주공아파트2,1,44
2013-07-01,현풍주공아파트앞,466,21
2013-07-01,현풍중고등학교,10,69
2013-07-01,현풍중고등학교건너,1487,3
2013-07-01,현풍터미널건너,1666,124
2013-07-01,현풍터미널앞,465,397
2013-07-01,현풍할매곰탕,2012,501
2013-07-01,현풍할매곰탕건너,4577,362
2013-07-01,호산초등학교건너,178,33
2013-07-01,호산초등학교앞,144,243
2013-07-01,홈플러스내당점건너,10011,2415
2013-07-01,홈플러스내당점앞,7159,7571
2013-07-01,홈플러스대구점건너,15906,4504
2013-07-01,홈플러스대구점앞,23559,6747
2013-07-01,홈플러스동촌점건너,6278,2899
2013-07-01,홈플러스동촌점앞,13002,1883
2013-07-01,홈플러스칠곡점건너,11345,632
2013-07-01,홈플러스칠곡점앞,3525,1480
2013-07-01,홍천사건너,1718,40
2013-07-01,홍천사입구,76,78
2013-07-01,화남초등학교건너,36,250
2013-07-01,화남초등학교앞,7070,611
2013-07-01,화동초등학교건너,779,130
2013-07-01,화동초등학교앞,903,85
2013-07-01,화랑교1,1371,2097
2013-07-01,화랑교2,14014,760
2013-07-01,화성그랜드건너,433,48
2013-07-01,화성그랜드앞,249,68
2013-07-01,화성리버파크건너,6639,151
2013-07-01,화성리버파크앞,1183,455
2013-07-01,화성센트럴파크,4565,228
2013-07-01,화성쌍용타운건너,779,21
2013-07-01,화성쌍용타운앞1,947,135
2013-07-01,화성쌍용타운앞2,220,470
2013-07-01,화성전문요양원건너,3280,438
2013-07-01,화성전문요양원앞,1874,566
2013-07-01,화성파크뷰건너,12451,339
2013-07-01,화성파크뷰앞,768,1019
2013-07-01,화영테크건너,24,30
2013-07-01,화영테크앞,503,17
2013-07-01,화원고등학교(종점),293,27
2013-07-01,화원고등학교(종점)2,38,96
2013-07-01,화원고등학교건너,6780,1366
2013-07-01,화원고등학교앞,10100,1233
2013-07-01,화원농협주유소건너,1944,544
2013-07-01,화원농협주유소앞,7855,983
2013-07-01,화원삼주타운건너,7245,232
2013-07-01,화원삼주타운앞,367,401
2013-07-01,화원시장건너,4242,359
2013-07-01,화원시장앞,165,530
2013-07-01,화원유원지(사문진주막촌),531,127
2013-07-01,화원유원지건너,241,12
2013-07-01,화원유원지입구,1,1
2013-07-01,화원초등학교건너,24379,6507
2013-07-01,화원초등학교앞,33441,10949
2013-07-01,화전동1,15,68
2013-07-01,화전동2,605,4
2013-07-01,황금2동치안센터건너,1720,408
2013-07-01,황금2동치안센터앞,4095,171
2013-07-01,황금네거리1,30687,2901
2013-07-01,황금네거리2,8833,5877
2013-07-01,황금시장건너,287,82
2013-07-01,황금시장앞,2064,85
2013-07-01,황금우방1차건너,19868,3445
2013-07-01,황금우방1차앞,7772,2219
2013-07-01,황금초등학교건너,1903,673
2013-07-01,황금초등학교앞,5595,220
2013-07-01,황제맨션건너,8418,1920
2013-07-01,황제맨션앞,4907,572
2013-07-01,효동초등학교건너,4340,861
2013-07-01,효동초등학교앞,10287,681
2013-07-01,효목네거리1,9405,2343
2013-07-01,효목네거리2,2674,2864
2013-07-01,효목네거리3,22180,4209
2013-07-01,효성타운앞,16431,1154
2013-07-01,흥사단 대구지부건너,2081,334
2013-07-01,흥사단 대구지부앞,831,585
2013-07-01,흥성정공건너,537,4
2013-07-01,흥성정공앞,171,8
2013-07-01,희망교1,1404,174
2013-07-01,희성전자건너,18,20
2013-07-01,희성전자앞,616,54
2013-07-01,힐크레스트남문건너,780,105
2013-07-01,힐크레스트남문앞,86,246
2013-07-01,힐크레스트입구,506,687
2013-08-01,(주)성안건너,60,356
2013-08-01,(주)영화건너,2,63
2013-08-01,(주)영화앞,504,0
2013-08-01,1차서한화성타운앞,713,91
2013-08-01,2.28기념중앙공원건너1,64418,17112
2013-08-01,2.28기념중앙공원건너2,19889,9016
2013-08-01,2.28기념중앙공원앞,172682,31309
2013-08-01,2차대자연맨션건너,2264,1025
2013-08-01,2차대자연맨션앞,8651,644
2013-08-01,2차서한화성타운건너,36119,2448
2013-08-01,2차서한화성타운앞,17010,4567
2013-08-01,2호선반월당역1,18356,4557
2013-08-01,2호선반월당역2,16737,6648
2013-08-01,3공단새마을금고앞,4884,1315
2013-08-01,CGV대구한일건너,110320,30447
2013-08-01,CGV대구한일앞,34442,8736
2013-08-01,IHL건너,31,0
2013-08-01,IHL앞,9,1
2013-08-01,K-2입구,2394,409
2013-08-01,K2관사입구(종점),347,67
2013-08-01,KT남대구지사건너1,16503,3994
2013-08-01,KT남대구지사건너2,2280,701
2013-08-01,KT남대구지사앞1,21375,8514
2013-08-01,KT남대구지사앞2,1559,553
2013-08-01,KT동대구지사건너,26835,7424
2013-08-01,KT동대구지사앞,16629,3368
2013-08-01,KT북대구지사건너,4085,398
2013-08-01,KT북대구지사앞,3090,660
2013-08-01,KT상동지사건너,3215,514
2013-08-01,KT상동지사앞,915,670
2013-08-01,KT서대구지사건너,20408,2677
2013-08-01,KT서대구지사앞,17717,3331
2013-08-01,LG물류센터건너,3295,1758
2013-08-01,LG물류센터앞,7440,907
2013-08-01,MBC네거리,9786,1848
2013-08-01,SK리더스뷰건너,11894,1277
2013-08-01,SK리더스뷰앞,5733,2207
2013-08-01,STX메탈건너,1535,1560
2013-08-01,STX메탈앞,1344,186
2013-08-01,TBC건너,11097,617
2013-08-01,TBC앞,3260,2215
2013-08-01,TCN대구방송건너,1960,211
2013-08-01,TCN대구방송앞,3107,262
2013-08-01,㈜윔스건너,194,22
2013-08-01,㈜윔스앞,234,2
2013-08-01,가야농원,301,4
2013-08-01,가창농협건너,1225,2393
2013-08-01,가창농협앞,12751,1015
2013-08-01,가창댐,13,14
2013-08-01,가창댐1,34,4
2013-08-01,가창면사무소건너,6296,3592
2013-08-01,가창면사무소앞,9797,2032
2013-08-01,가창중학교건너,8819,1265
2013-08-01,가창중학교앞,244,254
2013-08-01,가창초등학교건너,810,597
2013-08-01,가창초등학교앞,824,167
2013-08-01,가천동앞,158,8
2013-08-01,가천리,21,0
2013-08-01,가태2리마을입구,2,0
2013-08-01,가태리마을회관건너,33,0
2013-08-01,가태리마을회관앞,161,1
2013-08-01,각산역(1번출구),8464,1085
2013-08-01,각산역(2번출구),1539,1590
2013-08-01,갈실마을회관종점,352,17
2013-08-01,감문1리1,4,2
2013-08-01,감문1리2,185,0
2013-08-01,감문1리3,0,6
2013-08-01,감문1리4,175,0
2013-08-01,감삼네거리1,17901,5170
2013-08-01,감삼네거리2,53764,37947
2013-08-01,감삼초등학교건너,15838,1149
2013-08-01,감삼초등학교앞,6406,907
2013-08-01,갓골건너,420,0
2013-08-01,갓골앞,1,14
2013-08-01,갓바위,27362,692
2013-08-01,강남약국건너,44543,20031
2013-08-01,강남약국앞1,29489,9297
2013-08-01,강남약국앞2,9344,1391
2013-08-01,강동중·고등학교,9,310
2013-08-01,강동중·고등학교건너,6646,12
2013-08-01,강변동서마을건너,5820,724
2013-08-01,강변동서마을앞,3378,1123
2013-08-01,강북경찰서건너,1480,999
2013-08-01,강북경찰서앞,3791,711
2013-08-01,강북중학교건너,22,478
2013-08-01,강북중학교앞,9568,23
2013-08-01,강산아파트건너,4976,3162
2013-08-01,강산아파트앞,6309,613
2013-08-01,강정(종점),1,3
2013-08-01,강정보(디아크문화관)건너,8,6
2013-08-01,강정보(디아크문화관)입구,242,3
2013-08-01,강창교1,5459,285
2013-08-01,강창교2,147,293
2013-08-01,강창역(1번출구),4233,1749
2013-08-01,강창역(2번출구),21903,1595
2013-08-01,강창하이츠,9766,256
2013-08-01,거동교1,1140,67
2013-08-01,거동교2,1122,488
2013-08-01,건들바위건너,1337,276
2013-08-01,건들바위앞,648,510
2013-08-01,건영아파트건너,17346,2749
2013-08-01,건영캐스빌건너,12209,343
2013-08-01,건영캐스빌앞,291,578
2013-08-01,검단119안전센터(엑스코),89,82
2013-08-01,검단동대구축협앞,5668,145
2013-08-01,검단동주민센터건너,11755,68
2013-08-01,검단동주민센터앞,125,1102
2013-08-01,검단상가아파트건너,3250,15
2013-08-01,검단상가아파트앞,45,68
2013-08-01,검단유성아파트(서편),9305,4012
2013-08-01,검단유성아파트건너,5487,2755
2013-08-01,검단유성아파트앞,18415,4498
2013-08-01,경기장네거리1,4975,903
2013-08-01,경기장네거리2,5008,1009
2013-08-01,경대교2,3198,410
2013-08-01,경대교건너,809,73
2013-08-01,경대교앞,783,228
2013-08-01,경대사대부설고등학교앞,22828,8700
2013-08-01,경대아파트건너,28053,1427
2013-08-01,경대아파트앞,6943,2570
2013-08-01,경덕여고,959,105
2013-08-01,경동산업앞,74,0
2013-08-01,경명여고건너,3710,393
2013-08-01,경명여고앞,2382,473
2013-08-01,경북고교종점,761,847
2013-08-01,경북고등학교건너,13303,3991
2013-08-01,경북고등학교앞,17377,2881
2013-08-01,경북고등학교종점건너,1653,669
2013-08-01,경북공고건너,6055,1990
2013-08-01,경북공고앞,8028,2255
2013-08-01,경북공무원교육원1,666,56
2013-08-01,경북공무원교육원2,22,23
2013-08-01,경북교통,1883,1135
2013-08-01,경북교통앞,4148,1318
2013-08-01,경북기계공고건너,18716,1838
2013-08-01,경북기계공고앞,9993,4132
2013-08-01,경북농업기술원건너,65,57
2013-08-01,경북농업기술원앞,326,12
2013-08-01,경북대체육센터건너,26190,601
2013-08-01,경북대체육센터앞,4073,1950
2013-08-01,경북대학교병원건너,25811,7937
2013-08-01,경북대학교병원앞,40647,8516
2013-08-01,경북대학교북문건너,55613,4671
2013-08-01,경북대학교북문앞,30444,8015
2013-08-01,경북대학교서문건너,10411,1175
2013-08-01,경북대학교서문앞,3636,984
2013-08-01,경북대학교정문건너,11120,3560
2013-08-01,경북대학교정문앞,23859,3236
2013-08-01,경북대학교치과병원,23970,10827
2013-08-01,경북아파트건너(고산동),31022,2193
2013-08-01,경북아파트건너(신천동),9602,3545
2013-08-01,경북아파트앞(고산동),12066,3244
2013-08-01,경북아파트앞(신천동),6262,1239
2013-08-01,경북여상건너,13411,5888
2013-08-01,경북여상앞,12938,2106
2013-08-01,경북크랑크,1715,14
2013-08-01,경상감영공원건너,126073,27478
2013-08-01,경상감영공원앞,70279,39667
2013-08-01,경상북도농업인회관,237,32
2013-08-01,경상여자고등학교건너,3062,612
2013-08-01,경상여자고등학교앞,11037,1102
2013-08-01,경서중학교건너,345,303
2013-08-01,경서중학교앞,5573,62
2013-08-01,경신고등학교건너,52215,9852
2013-08-01,경신고등학교앞,38014,14610
2013-08-01,경운초등학교건너,2191,588
2013-08-01,경운초등학교앞,7131,1541
2013-08-01,경원고등학교건너,841,27
2013-08-01,경원고등학교앞,1873,75
2013-08-01,경일여자중학교건너,18546,590
2013-08-01,경일여자중학교앞,4343,1123
2013-08-01,경주최씨종가(종점),197,21
2013-08-01,경주최씨종가1,4,0
2013-08-01,경주최씨종가2,1,0
2013-08-01,경진테크빌앞,756,236
2013-08-01,경창산업,1276,66
2013-08-01,경희강재건너,689,386
2013-08-01,경희강재앞,3078,54
2013-08-01,계명대대명캠퍼스후문건너,2058,242
2013-08-01,계명대역(1번출구),1953,1721
2013-08-01,계명대역(2번출구),6600,1501
2013-08-01,계명대학교대명캠퍼스건너,13293,4613
2013-08-01,계명대학교대명캠퍼스앞,20895,4583
2013-08-01,계명대학교대명캠퍼스후문앞,2180,334
2013-08-01,계명대학교동문건너1,5981,2031
2013-08-01,계명대학교동문건너2,20954,7561
2013-08-01,계명대학교동문앞,17845,10446
2013-08-01,계명대학교정문건너,23029,1212
2013-08-01,계명대학교정문앞,4231,1735
2013-08-01,계명문화대학건너,7521,689
2013-08-01,계명문화대학앞,11363,4221
2013-08-01,고모동입구,4537,141
2013-08-01,고모역건너,180,0
2013-08-01,고모역앞,24,2
2013-08-01,고봉리,15,0
2013-08-01,고산2동주민센터건너,10773,3171
2013-08-01,고산2동주민센터앞,21900,2935
2013-08-01,고산골입구,6857,1198
2013-08-01,고산농협창고건너,1716,277
2013-08-01,고산농협창고앞,615,1044
2013-08-01,고산도서관,19638,11923
2013-08-01,고산정수사업소건너,3231,635
2013-08-01,고성아파트(서편),11495,4677
2013-08-01,고성아파트건너,2272,197
2013-08-01,고성아파트건너(서편),14657,3378
2013-08-01,고성아파트앞,1594,542
2013-08-01,고성지구대1,1730,558
2013-08-01,고성지구대2,4306,1172
2013-08-01,골안골,72,56
2013-08-01,골안골지하보도앞,3,49
2013-08-01,공고네거리1,34759,6256
2013-08-01,공고네거리2,11154,2174
2013-08-01,공군기지관사입구,9,30
2013-08-01,공단역1,9342,3241
2013-08-01,공단역2,12590,5323
2013-08-01,공단하수처리장건너,97,53
2013-08-01,공단하수처리장앞,264,10
2013-08-01,공산댐건너,1229,45
2013-08-01,공산댐앞,199,94
2013-08-01,공산동행정복지센터건너,995,356
2013-08-01,공산동행정복지센터앞,6137,259
2013-08-01,공산초등학교건너,435,162
2013-08-01,공산초등학교앞,2303,117
2013-08-01,공산파출소,140,349
2013-08-01,공항시장건너,11649,958
2013-08-01,공항시장앞,5663,1158
2013-08-01,곽병원건너,20306,12753
2013-08-01,곽병원앞1,31764,5258
2013-08-01,곽병원앞2,10193,2400
2013-08-01,관리공단,603,30
2013-08-01,관음공영주차장앞,1720,10
2013-08-01,관음농협앞,354,86
2013-08-01,관음동주민센터건너,944,64
2013-08-01,관음동주민센터앞,1192,31
2013-08-01,관음변전소1,4448,25
2013-08-01,관음변전소2,50,290
2013-08-01,관음변전소3,856,28
2013-08-01,관음변전소4,158,120
2013-08-01,관음어린이집,425,63
2013-08-01,관음중학교(북편),1135,18
2013-08-01,광명은하아파트건너,7604,2342
2013-08-01,광명은하아파트앞,9770,2197
2013-08-01,광명프레지던트아파트건너,15055,2903
2013-08-01,광장타운건너,19107,3138
2013-08-01,광장타운앞,21241,3676
2013-08-01,교대부설초등학교건너,5525,196
2013-08-01,교대부설초등학교앞,924,510
2013-08-01,교동시장앞,18644,1685
2013-08-01,교동초등학교건너,54,37
2013-08-01,교동초등학교앞,1380,69
2013-08-01,교통연수원,16878,964
2013-08-01,교통연수원건너,13950,3099
2013-08-01,교항2리마을입구,74,327
2013-08-01,교항2리회관,1310,7
2013-08-01,교항리건너,1534,117
2013-08-01,교항리마을입구건너,279,2
2013-08-01,교항리앞,389,277
2013-08-01,구)달성군청건너,31219,4631
2013-08-01,구)달성군청앞,22620,19112
2013-08-01,구)대영학원건너,19074,3090
2013-08-01,구)대영학원앞,17301,4994
2013-08-01,구)효목2동행정복지센터건너,17547,1188
2013-08-01,구)효목2동행정복지센터앞,6071,1089
2013-08-01,구.남부정류장건너1,13119,14832
2013-08-01,구.남부정류장건너2,7432,7836
2013-08-01,구.남부정류장앞1,31634,5794
2013-08-01,구.남부정류장앞2,5781,1649
2013-08-01,구.동부정류장(남편),5359,1121
2013-08-01,구.동부정류장(메트로팔레스),12826,5591
2013-08-01,구.동부정류장건너,16551,4082
2013-08-01,구.동부정류장앞,10834,4120
2013-08-01,구둔산,435,20
2013-08-01,구룡촌건너,7,8
2013-08-01,구룡촌앞,66,0
2013-08-01,구병원건너,16133,6170
2013-08-01,구병원앞,28692,6123
2013-08-01,구삼폭포건너,1,9
2013-08-01,구삼폭포앞,94,1
2013-08-01,구암가구골목1,4537,132
2013-08-01,구암가구골목2,1691,289
2013-08-01,구암교1,7245,774
2013-08-01,구암교2,1651,1135
2013-08-01,구암동1,951,62
2013-08-01,구암동2,224,258
2013-08-01,구암역(운전면허시험장)1,6460,376
2013-08-01,구암역(운전면허시험장)2,3596,751
2013-08-01,구암초등학교건너,2842,390
2013-08-01,구암초등학교앞,5576,210
2013-08-01,구지농공단지1,5,11
2013-08-01,구지농공단지2,174,0
2013-08-01,구지면사무소건너,649,321
2013-08-01,구지면사무소앞,2349,402
2013-08-01,구지청아람건너,5506,138
2013-08-01,구지청아람앞,522,642
2013-08-01,국립대구과학관정문건너,62,0
2013-08-01,국립대구과학관정문앞,59,6
2013-08-01,국립대구박물관건너,15843,1371
2013-08-01,국립대구박물관앞,10828,2310
2013-08-01,국민건강보험공단건너,22689,3949
2013-08-01,국민건강보험공단앞,12497,9503
2013-08-01,국민은행3공단지점건너,5334,807
2013-08-01,국민은행3공단지점앞,3326,725
2013-08-01,국우동현대아파트건너,713,72
2013-08-01,국우동현대아파트앞,7197,281
2013-08-01,국채보상운동기념공원,6899,3064
2013-08-01,굿모닝병원건너,11457,2302
2013-08-01,굿모닝병원앞,18586,2805
2013-08-01,궁전아파트건너,29,216
2013-08-01,궁전아파트앞,2782,33
2013-08-01,귀남지휴게소1,10,0
2013-08-01,그랜드호텔건너,32129,26689
2013-08-01,그랜드호텔앞,49305,16180
2013-08-01,그린빌4단지,91,425
2013-08-01,그린빌4단지건너,989,22
2013-08-01,그린빌4단지앞,274,80
2013-08-01,근로복지공단대구병원건너,1969,191
2013-08-01,근로복지공단대구병원앞,2260,245
2013-08-01,근린공원축구장건너,48,192
2013-08-01,근린공원축구장앞,897,21
2013-08-01,금강동,51,7
2013-08-01,금계초등학교(교항리),634,76
2013-08-01,금복주건너,2733,141
2013-08-01,금복주앞,2283,207
2013-08-01,금봉네거리1,13668,1003
2013-08-01,금봉네거리2,6163,761
2013-08-01,금사리하이빌APT건너,1876,194
2013-08-01,금사리하이빌APT앞,527,209
2013-08-01,금융감독원건너,1664,1218
2013-08-01,금포초등학교,2099,163
2013-08-01,금포초등학교건너,575,262
2013-08-01,금호기전,20,22
2013-08-01,금호지구(시내방향),31,0
2013-08-01,금호지구(종점방향),45,2
2013-08-01,금호화물자동차공영차고지,1,0
2013-08-01,기곡(종점),5,7
2013-08-01,기곡리1,2,0
2013-08-01,기곡리2,31,0
2013-08-01,기독교방송국건너,5644,2104
2013-08-01,기독교방송국앞,4854,2000
2013-08-01,기업은행대곡지점건너,210,1381
2013-08-01,기업은행대곡지점앞,24781,511
2013-08-01,기업은행죽전동지점건너,5797,443
2013-08-01,기업은행죽전동지점앞,3925,606
2013-08-01,김흥1리건너,3,0
2013-08-01,김흥1리앞,2,0
2013-08-01,김흥2리건너,7,0
2013-08-01,김흥2리앞,6,0
2013-08-01,김흥리마을입구,106,0
2013-08-01,남구청건너2,8949,6508
2013-08-01,남구청네거리1,11777,802
2013-08-01,남구청네거리2,325,190
2013-08-01,남대구IC1,15192,830
2013-08-01,남대구IC2,6217,1057
2013-08-01,남명삼거리1,2050,218
2013-08-01,남명삼거리2,2673,343
2013-08-01,남문시장건너1,1174,164
2013-08-01,남문시장건너2,29719,9633
2013-08-01,남문시장앞,20953,9477
2013-08-01,남문아파트앞,574,334
2013-08-01,남부경찰서건너,10085,2478
2013-08-01,남부경찰서앞,14794,3921
2013-08-01,남부교육지원청건너,8521,641
2013-08-01,남부교육지원청앞,5415,848
2013-08-01,남부도서관앞,251,891
2013-08-01,남부자동차종합시장건너,3449,138
2013-08-01,남부자동차종합시장앞,978,372
2013-08-01,남부초등학교건너,1332,37
2013-08-01,남부초등학교앞,851,198
2013-08-01,남부초등학교앞2,5113,852
2013-08-01,남산2동주민센터건너,216,163
2013-08-01,남산2동주민센터앞,783,35
2013-08-01,남산고등학교건너,865,28
2013-08-01,남산고등학교앞,346,180
2013-08-01,남산역(프린스호텔건너),10440,2766
2013-08-01,남산역건너(프린스호텔앞),18279,8552
2013-08-01,남산주유소건너,1675,695
2013-08-01,남산주유소앞,2118,140
2013-08-01,남산초등학교건너,17838,3279
2013-08-01,남산초등학교앞,12682,4599
2013-08-01,남산휴먼시아앞,2285,347
2013-08-01,내2리새마을회관건너,64,0
2013-08-01,내2리새마을회관앞,6,10
2013-08-01,내당1동우체국건너,2743,248
2013-08-01,내당1동우체국앞,2951,284
2013-08-01,내당광명아파트,3697,1520
2013-08-01,내당삼익맨션건너,27201,7002
2013-08-01,내당삼익맨션앞,15663,10445
2013-08-01,내당코오롱아파트건너,6851,4128
2013-08-01,내당코오롱아파트앞,8442,845
2013-08-01,내동,1188,12
2013-08-01,내동건너,52,100
2013-08-01,내리1,1,0
2013-08-01,내리2,2,0
2013-08-01,내일교회건너,190,42
2013-08-01,내일교회앞,756,17
2013-08-01,냉천2리,122,6
2013-08-01,냉천리1,2405,109
2013-08-01,냉천리2,93,441
2013-08-01,노곡동,2675,80
2013-08-01,노변중학교,916,84
2013-08-01,노변중학교건너,1478,53
2013-08-01,노변청구타운건너,194,50
2013-08-01,노변청구타운앞,409,47
2013-08-01,노원119안전센터건너,6563,1860
2013-08-01,노원119안전센터앞,4260,454
2013-08-01,노원네거리(공단세차장건너),537,1184
2013-08-01,노원네거리(공단세차장앞),6772,550
2013-08-01,노원네거리(대구은행건너),1147,239
2013-08-01,노원네거리(대구은행앞),4746,444
2013-08-01,노원네거리1,4607,2123
2013-08-01,노원네거리2,10179,1352
2013-08-01,노원동화타운건너,637,308
2013-08-01,노원동화타운앞,4703,232
2013-08-01,녹동서원앞,3,9
2013-08-01,녹원맨션1,2998,1155
2013-08-01,녹원맨션2,11055,719
2013-08-01,논공삼거리1,2490,69
2013-08-01,논공삼거리2,491,229
2013-08-01,논공읍사무소,803,345
2013-08-01,논공읍사무소건너1,3487,194
2013-08-01,논공읍사무소건너2,429,209
2013-08-01,농산물도매시장건너,44,12
2013-08-01,농산물도매시장앞,1573,53
2013-08-01,농수산물도매시장건너,3841,1206
2013-08-01,농수산물도매시장앞,8200,1156
2013-08-01,농촌진흥원입구,252,82
2013-08-01,농협동촌지점,553,110
2013-08-01,농협방촌지점,1946,185
2013-08-01,농협비료창고건너(연경),20,28
2013-08-01,농협비료창고앞(연경),16,0
2013-08-01,농협중앙회건너,31141,10379
2013-08-01,농협중앙회앞,26011,14811
2013-08-01,농협중앙회중동지점건너,1666,114
2013-08-01,농협중앙회중동지점앞,1061,142
2013-08-01,농협하나로마트건너,17,758
2013-08-01,능골1,120,1718
2013-08-01,능골건너,2388,69
2013-08-01,능성동(종점),485,7
2013-08-01,능성동예비군훈련장,517,4
2013-08-01,능성동입구건너,796,3
2013-08-01,능성동입구앞,16,48
2013-08-01,다리골,52,0
2013-08-01,다사고등학교건너,10471,1513
2013-08-01,다사고등학교앞,1201,798
2013-08-01,다사농협주유소건너,497,542
2013-08-01,다사농협주유소앞,8485,357
2013-08-01,다사역(4번출구),156,1
2013-08-01,다사읍사무소건너,6766,530
2013-08-01,다사읍사무소서재출장소건너,442,8
2013-08-01,다사읍사무소서재출장소앞,108,36
2013-08-01,다사읍사무소앞,40,463
2013-08-01,다사주공아파트건너,113,0
2013-08-01,다사주공아파트앞,0,153
2013-08-01,다사체육공원건너,4,0
2013-08-01,다사체육공원앞,34,1
2013-08-01,다사초등학교건너,49,1
2013-08-01,다사초등학교앞,3,17
2013-08-01,단산리(종점),550,0
2013-08-01,단산리입구,326,0
2013-08-01,달구벌종합복지관건너,1004,113
2013-08-01,달구벌종합복지관앞,682,104
2013-08-01,달서공고건너,303,37
2013-08-01,달서공고앞,967,35
2013-08-01,달서교회건너,21081,3379
2013-08-01,달서교회앞,21109,4487
2013-08-01,달서구새마을회건너,3947,186
2013-08-01,달서구새마을회앞,1114,254
2013-08-01,달서구청건너,20831,2026
2013-08-01,달서구청앞,6148,2735
2013-08-01,달서종합시장건너,1542,476
2013-08-01,달서종합시장앞,1127,225
2013-08-01,달서중고등학교,67,32
2013-08-01,달서중고등학교건너,738,0
2013-08-01,달서천하수종말처리장건너,103,0
2013-08-01,달서천하수종말처리장앞,1,0
2013-08-01,달서초교,1606,42
2013-08-01,달성2차공단관리청사,240,18
2013-08-01,달성2차산업단지출장소건너,1,0
2013-08-01,달성2차산업단지출장소앞,6,7
2013-08-01,달성경찰서,1810,367
2013-08-01,달성경찰서건너,2622,102
2013-08-01,달성공원건너,11362,4342
2013-08-01,달성공원앞,15811,7667
2013-08-01,달성군민운동장건너,1574,109
2013-08-01,달성군민운동장앞,782,172
2013-08-01,달성군선거관리위원회건너,320,122
2013-08-01,달성군선거관리위원회앞,49,267
2013-08-01,달성군청건너,4137,345
2013-08-01,달성군청앞,349,373
2013-08-01,달성기와건너,149,54
2013-08-01,달성기와앞,904,27
2013-08-01,달성도서관입구,2,0
2013-08-01,달성문화원건너,7,0
2013-08-01,달성문화원앞,3,0
2013-08-01,달성산업단지건너,218,35
2013-08-01,달성산업단지관리공단1,0,5
2013-08-01,달성산업단지관리공단2,14,0
2013-08-01,달성소방서건너,506,52
2013-08-01,달성소방서앞,283,45
2013-08-01,달성스포츠파크건너,0,11
2013-08-01,달성스포츠파크앞,4,0
2013-08-01,달성예비군훈련장건너,360,163
2013-08-01,달성예비군훈련장앞,5020,1397
2013-08-01,달성우체국건너,524,675
2013-08-01,달성우체국앞,5040,185
2013-08-01,달성중학교건너,4319,1066
2013-08-01,달성중학교앞,19398,1727
2013-08-01,달성초등학교건너,3162,844
2013-08-01,달성초등학교앞,2255,404
2013-08-01,달성취수장건너,16,30
2013-08-01,달성취수장앞,70,14
2013-08-01,달창저수지,33,0
2013-08-01,달천리(시내방향),114,0
2013-08-01,달천리(시외방향),82,2
2013-08-01,담안마을1,8,21
2013-08-01,담안마을2,378,2
2013-08-01,담티고개1,477,245
2013-08-01,담티고개2,1166,314
2013-08-01,당동마을건너,581,2
2013-08-01,당동마을앞,2,7
2013-08-01,당정마을입구,33,5
2013-08-01,당정마을입구건너,163,1
2013-08-01,대1리용흥지건너,46,2
2013-08-01,대1리용흥지앞,28,10
2013-08-01,대곡강산타운,24432,1002
2013-08-01,대곡강산타운건너,3936,1891
2013-08-01,대곡사계절타운건너,14740,903
2013-08-01,대곡사계절타운앞,5591,1989
2013-08-01,대곡역(1번출구),52925,4909
2013-08-01,대곡역(2번출구),16632,55893
2013-08-01,대곡역(한라하우젠트건너),20179,3105
2013-08-01,대곡역(한라하우젠트앞),6791,18168
2013-08-01,대곡역그린빌,8984,2766
2013-08-01,대곡주공1단지앞,4391,1565
2013-08-01,대곡주공2단지앞,24713,567
2013-08-01,대곡주공6단지앞,3369,578
2013-08-01,대곡주공7단지앞,16129,760
2013-08-01,대곡주공8단지건너,23613,3623
2013-08-01,대곡주공8단지앞,9477,2230
2013-08-01,대곡중학교건너,4902,554
2013-08-01,대곡중학교앞,2919,511
2013-08-01,대공원역(1번출구),2572,8661
2013-08-01,대공원역(5번출구),6360,2055
2013-08-01,대구가톨릭대학병원건너,22315,3331
2013-08-01,대구가톨릭대학병원앞,19261,3155
2013-08-01,대구경북과학기술원,155,20
2013-08-01,대구경북과학기술원기숙사,122,35
2013-08-01,대구고등학교건너,32134,7015
2013-08-01,대구고등학교앞,14849,3866
2013-08-01,대구고용노동청건너,16817,1600
2013-08-01,대구고용노동청앞,4577,1687
2013-08-01,대구공업대학1,13936,4530
2013-08-01,대구공업대학2,3776,1495
2013-08-01,대구공업대학건너,6151,2327
2013-08-01,대구공업대학앞,6241,2383
2013-08-01,대구과학고등학교건너,10497,4766
2013-08-01,대구과학고등학교앞,14937,3361
2013-08-01,대구과학대학1,23455,13229
2013-08-01,대구과학대학2,55475,11497
2013-08-01,대구과학대학건너,3344,123
2013-08-01,대구과학대학앞,947,182
2013-08-01,대구광역시교육연수원건너,11583,1061
2013-08-01,대구광역시교육연수원앞,7650,1360
2013-08-01,대구광역시청건너,1912,188
2013-08-01,대구광역시청앞,375,510
2013-08-01,대구교도소건너,8950,4760
2013-08-01,대구교도소앞,27897,3867
2013-08-01,대구교육대건너,18417,9257
2013-08-01,대구교육대앞,21007,2327
2013-08-01,대구교통방송건너,6539,3391
2013-08-01,대구교통방송앞,16247,1626
2013-08-01,대구국제공항건너,22133,17551
2013-08-01,대구국제공항앞,25318,12251
2013-08-01,대구글로벌교육센터건너,5585,3143
2013-08-01,대구글로벌교육센터앞,4346,626
2013-08-01,대구농업마이스터고건너,15897,3725
2013-08-01,대구농업마이스터고앞,10728,5292
2013-08-01,대구농업마이스터고후문건너,818,670
2013-08-01,대구농업마이스터고후문앞,2028,177
2013-08-01,대구도시공사앞,15686,3620
2013-08-01,대구동부고용복지플러스센터,11223,5208
2013-08-01,대구동촌유치원,1132,120
2013-08-01,대구디지털산업진흥원건너,23966,4958
2013-08-01,대구디지털산업진흥원앞,16775,6359
2013-08-01,대구맨션건너,1870,302
2013-08-01,대구맨션앞,4628,666
2013-08-01,대구문화방송건너,10793,3783
2013-08-01,대구문화방송앞,17578,4414
2013-08-01,대구미술관건너,2289,390
2013-08-01,대구미술관앞,3367,244
2013-08-01,대구병원건너,27388,3455
2013-08-01,대구병원앞,12474,5844
2013-08-01,대구보건고등학교건너,16327,3893
2013-08-01,대구보건고등학교앞,11008,2417
2013-08-01,대구보건대학3,14176,5277
2013-08-01,대구보건대학4,33935,3034
2013-08-01,대구보건대학5,102,13
2013-08-01,대구보건대학건너1,2142,94
2013-08-01,대구보건대학건너2,8754,115
2013-08-01,대구보건대학앞1,480,369
2013-08-01,대구보건대학앞2,1685,543
2013-08-01,대구보훈요양원건너,1,4
2013-08-01,대구보훈요양원앞,96,0
2013-08-01,대구비지니스센터건너,3859,883
2013-08-01,대구비지니스센터앞,4736,382
2013-08-01,대구사격장,53,0
2013-08-01,대구삼성창조캠퍼스1,1517,300
2013-08-01,대구삼성창조캠퍼스2,372,451
2013-08-01,대구선방촌공원,1255,52
2013-08-01,대구소방본부건너,460,183
2013-08-01,대구소방본부앞,1733,1663
2013-08-01,대구스타디움건너,3903,945
2013-08-01,대구스타디움앞,5714,1572
2013-08-01,대구시교육청건너,1552,206
2013-08-01,대구시교육청앞,1667,6008
2013-08-01,대구시설공단건너,17690,4463
2013-08-01,대구시설공단앞,12625,7170
2013-08-01,대구시설관리사업소,2,58
2013-08-01,대구시지노인전문병원앞,664,475
2013-08-01,대구신문사,646,105
2013-08-01,대구애견훈련학교건너,334,2
2013-08-01,대구애견훈련학교앞,4,25
2013-08-01,대구역,1120,433
2013-08-01,대구역건너,27051,19639
2013-08-01,대구역꽃시장,716,191
2013-08-01,대구역북편네거리1,30723,8066
2013-08-01,대구역북편네거리2,14405,9394
2013-08-01,대구역센트럴자이,1200,132
2013-08-01,대구역앞,40238,12321
2013-08-01,대구예담학교,103,0
2013-08-01,대구우편집중국(동편),8,8
2013-08-01,대구우편집중국앞,2401,844
2013-08-01,대구은행3공단지점앞,6391,610
2013-08-01,대구은행북비산지점건너1,12920,3188
2013-08-01,대구은행북비산지점건너2,3129,724
2013-08-01,대구은행북비산지점앞,39424,9188
2013-08-01,대구은행산격지점앞,878,121
2013-08-01,대구은행역(1번출구),31693,15711
2013-08-01,대구은행역(2번출구),38177,11522
2013-08-01,대구은행제2본점앞,14606,3284
2013-08-01,대구은행칠곡지점건너,9633,4020
2013-08-01,대구은행칠곡지점앞,30318,2998
2013-08-01,대구은행평리동지점건너,3865,922
2013-08-01,대구은행평리동지점앞,7106,988
2013-08-01,대구의료원건너,7985,842
2013-08-01,대구의료원라파엘웰빙센터,2007,103
2013-08-01,대구의료원라파엘웰빙센터건너,384,354
2013-08-01,대구의료원앞,5294,912
2013-08-01,대구일마이스터고교건너,3952,943
2013-08-01,대구일마이스터고교앞,8899,952
2013-08-01,대구전자공고남편,128,697
2013-08-01,대구전자공업고등학교1,8207,747
2013-08-01,대구전자공업고등학교2,1345,4307
2013-08-01,대구제일고등학교건너,44414,13357
2013-08-01,대구제일고등학교앞,38217,22973
2013-08-01,대구중앙중고등학교건너,31425,6166
2013-08-01,대구중앙중고등학교앞,28879,5834
2013-08-01,대구중앙중학교건너,2982,48
2013-08-01,대구중앙중학교앞,264,2185
2013-08-01,대구중학교건너,2051,380
2013-08-01,대구중학교앞,6102,667
2013-08-01,대구지료재생사,84,16
2013-08-01,대구지방경찰청,6465,439
2013-08-01,대구지방법원등기국건너,6438,3264
2013-08-01,대구지방법원등기국앞,2548,779
2013-08-01,대구지방법원서부지원,683,57
2013-08-01,대구차여성병원건너,5431,3285
2013-08-01,대구차여성병원앞,14345,2456
2013-08-01,대구콘서트하우스건너,19086,20907
2013-08-01,대구콘서트하우스앞,27223,12048
2013-08-01,대구텍건너,640,561
2013-08-01,대구텍앞,6053,806
2013-08-01,대구학생문화센터,189,84
2013-08-01,대구학생수련관입구건너,2031,11
2013-08-01,대구학생수련관입구앞,60,118
2013-08-01,대구한의대학교부속한방병원건너,246,125
2013-08-01,대구한의대학교부속한방병원앞,5594,466
2013-08-01,대구향교건너,2276,1178
2013-08-01,대구향교앞,2007,570
2013-08-01,대덕마을건너,493,126
2013-08-01,대덕마을앞,389,105
2013-08-01,대덕맨션앞,9312,265
2013-08-01,대덕문화전당건너,1674,108
2013-08-01,대덕문화전당앞,41,74
2013-08-01,대덕승마장건너,539,17
2013-08-01,대덕승마장앞,93,55
2013-08-01,대덕식당건너,255,598
2013-08-01,대덕식당앞,5077,283
2013-08-01,대덕천주교회1,2089,504
2013-08-01,대덕천주교회2,2916,124
2013-08-01,대덕천주교회3,4058,49
2013-08-01,대덕천주교회4,377,437
2013-08-01,대덕초등학교,745,14
2013-08-01,대동공업,159,90
2013-08-01,대동공업건너,771,22
2013-08-01,대동금속건너,1891,33
2013-08-01,대동금속앞,565,113
2013-08-01,대동시장1,5158,941
2013-08-01,대동시장2,9678,716
2013-08-01,대륜중고등학교건너,4363,1802
2013-08-01,대륜중고등학교앞,10563,913
2013-08-01,대리,408,1
2013-08-01,대리마을앞,48,15
2013-08-01,대리마을회관,323,3
2013-08-01,대리마을회관건너,25,15
2013-08-01,대림생수,1120,53
2013-08-01,대림생수앞,61,319
2013-08-01,대림육교1,200,5146
2013-08-01,대림육교2,3402,92
2013-08-01,대명6동주민센터건너,2886,312
2013-08-01,대명6동주민센터앞,3052,167
2013-08-01,대명시장건너,24532,6388
2013-08-01,대명시장앞,22394,8210
2013-08-01,대명역(1번출구),19942,4536
2013-08-01,대명역(2번출구),14690,3382
2013-08-01,대명중학교건너,49,213
2013-08-01,대명중학교앞,3171,113
2013-08-01,대명초등학교건너,8103,2557
2013-08-01,대명초등학교앞,14058,3159
2013-08-01,대백인터빌건너,24175,3849
2013-08-01,대백인터빌앞,19228,12592
2013-08-01,대백창신한라타운건너,16409,1251
2013-08-01,대백창신한라타운앞,3343,1557
2013-08-01,대백프라자건너,24864,5825
2013-08-01,대백프라자앞,30808,7301
2013-08-01,대백한라무지개타운건너,20458,1106
2013-08-01,대백한라무지개타운앞,7893,2355
2013-08-01,대봉교회,9995,4525
2013-08-01,대봉네거리1,4976,514
2013-08-01,대봉네거리2,2788,2500
2013-08-01,대봉도서관건너,1810,448
2013-08-01,대봉도서관앞,4355,927
2013-08-01,대봉성당,12658,4527
2013-08-01,대산,1,4
2013-08-01,대서초등학교앞,496,73
2013-08-01,대성공업건너,316,2525
2013-08-01,대성공업앞,4176,112
2013-08-01,대성유니드앞,2691,87
2013-08-01,대성테크앞,236,10
2013-08-01,대신동광명맨션앞,2055,189
2013-08-01,대신센트럴자이,5823,614
2013-08-01,대실역(1번출구),8599,4113
2013-08-01,대실역(2번출구),27717,4266
2013-08-01,대실역(4번출구),2047,32
2013-08-01,대실역1,92,18
2013-08-01,대실역2,6,69
2013-08-01,대실역청아람건너,10088,141
2013-08-01,대실역청아람앞,357,1550
2013-08-01,대우트럼프월드수성건너,15244,939
2013-08-01,대우트럼프월드수성앞,5635,1484
2013-08-01,대원고등학교,6721,7462
2013-08-01,대원고등학교건너,15674,1024
2013-08-01,대원사건너(공산동),78,19
2013-08-01,대원사앞(공산동),177,5
2013-08-01,대원사입구,217,0
2013-08-01,대원유치원건너,7326,1192
2013-08-01,대원유치원앞,10222,668
2013-08-01,대일1리마을회관건너,242,70
2013-08-01,대일1리점촌마을,17,24
2013-08-01,대일아파트건너,12999,2095
2013-08-01,대일아파트앞,14087,1882
2013-08-01,대자연맨션,21206,1625
2013-08-01,대자연맨션건너,3107,1910
2013-08-01,대중인벤트,196,38
2013-08-01,대진중고등학교건너,677,51
2013-08-01,대진중고등학교앞,627,112
2013-08-01,대천119안전센터건너,1294,19
2013-08-01,대천119안전센터앞,489,73
2013-08-01,대천교,552,259
2013-08-01,대천초등학교건너,453,167
2013-08-01,대천초등학교앞,2643,80
2013-08-01,대청초등학교건너,317,639
2013-08-01,대청초등학교앞,15039,543
2013-08-01,대평2리,513,0
2013-08-01,대평교회앞,32,4
2013-08-01,대평리시장,13527,2497
2013-08-01,대평중학교건너,12885,933
2013-08-01,대평중학교앞,5531,781
2013-08-01,대홍철강,708,37
2013-08-01,대흥동건너,438,71
2013-08-01,대흥동앞,497,685
2013-08-01,덕곡(달구벌고교),324,6
2013-08-01,덕곡(대구선명학교),53,26
2013-08-01,덕곡삼거리1,34,136
2013-08-01,덕곡삼거리2,1079,21
2013-08-01,덕산마을건너,1,4
2013-08-01,덕산마을앞,233,0
2013-08-01,덕원고등학교건너,6233,3059
2013-08-01,덕원고등학교앞,4939,898
2013-08-01,덕인초등학교건너,2720,506
2013-08-01,덕인초등학교앞,2075,359
2013-08-01,덕화중학교건너,10126,772
2013-08-01,덕화중학교앞,4185,2127
2013-08-01,덴티스앞,293,10
2013-08-01,도남동,256,0
2013-08-01,도남동(종점),393,20
2013-08-01,도남지,95,0
2013-08-01,도동,3,10
2013-08-01,도동교1,1125,9
2013-08-01,도동교2,13,30
2013-08-01,도동서원,126,4
2013-08-01,도동청구타운건너,83,44
2013-08-01,도동청구타운앞,1730,74
2013-08-01,도시철도건설본부건너,2020,2214
2013-08-01,도시철도건설본부앞,23678,8812
2013-08-01,도시철도담티역(1번출구),30038,9401
2013-08-01,도시철도담티역(3번출구),20665,12946
2013-08-01,도시철도대구역,857,718
2013-08-01,도시철도수성구청역북편1,424,4884
2013-08-01,도시철도수성구청역북편2,2953,111
2013-08-01,도의리,135,1
2013-08-01,도평동입구1,748,133
2013-08-01,도평동입구2,251,346
2013-08-01,도평동행정복지센터1,3,15
2013-08-01,도평동행정복지센터2,108,1
2013-08-01,도학동,1386,6
2013-08-01,도학동1,25,69
2013-08-01,동곡1리1,12,0
2013-08-01,동곡1리2,174,1
2013-08-01,동곡1리3,114,0
2013-08-01,동곡리,143,1
2013-08-01,동곡초등학교건너,351,3
2013-08-01,동곡초등학교앞,40,68
2013-08-01,동구시장건너,9639,2112
2013-08-01,동구시장앞,7932,2134
2013-08-01,동구청건너,55024,31283
2013-08-01,동구청앞,58985,27261
2013-08-01,동구청역(3번출구),8108,793
2013-08-01,동구청역(4번출구),2685,1647
2013-08-01,동대구LPG충전소건너,924,187
2013-08-01,동대구LPG충전소앞,708,126
2013-08-01,동대구맨션,12218,3380
2013-08-01,동대구시장건너,13940,4369
2013-08-01,동대구시장앞,21105,3498
2013-08-01,동대구역,56212,30253
2013-08-01,동대구역건너,58819,23469
2013-08-01,동대구역복합환승센터건너,54590,18637
2013-08-01,동대구역복합환승센터앞,49792,29663
2013-08-01,동대구역수화물취급소건너,410,114
2013-08-01,동대구역수화물취급소앞,368,113
2013-08-01,동대구역지하도1,4847,4382
2013-08-01,동대구역지하도2,13101,1600
2013-08-01,동대구초등학교건너,2066,54
2013-08-01,동대구초등학교앞,662,195
2013-08-01,동도중학교건너,11401,2210
2013-08-01,동도중학교앞,17334,1567
2013-08-01,동문고등학교앞,1198,266
2013-08-01,동변주공그린빌건너,2622,536
2013-08-01,동변주공그린빌앞,9958,271
2013-08-01,동부경찰서건너,2216,758
2013-08-01,동부경찰서앞,11822,372
2013-08-01,동부고교건너,1471,457
2013-08-01,동부고교앞,7879,442
2013-08-01,동부소방서건너,667,3552
2013-08-01,동부소방서앞,5953,343
2013-08-01,동부시외버스터미널(순환2번),2441,249
2013-08-01,동부중학교건너,4699,345
2013-08-01,동부중학교앞,2470,1173
2013-08-01,동북주유소건너,176,29
2013-08-01,동북주유소앞,27,56
2013-08-01,동산의료원앞1,32457,10335
2013-08-01,동산의료원앞2,16141,8399
2013-08-01,동서교회건너,3211,345
2013-08-01,동서교회앞,1503,603
2013-08-01,동서변리벤빌,10387,1505
2013-08-01,동서변월드메르디앙아파트,3220,184
2013-08-01,동서아파트건너,328,16
2013-08-01,동서아파트앞,66,4
2013-08-01,동서화성타운건너,33952,2098
2013-08-01,동서화성타운앞,15425,3082
2013-08-01,동성에스티에스건너,13,2
2013-08-01,동성에스티에스앞,1,0
2013-08-01,동성초등학교건너,2916,2152
2013-08-01,동성초등학교앞,6197,1834
2013-08-01,동신초등학교건너,3040,656
2013-08-01,동신초등학교앞,2552,870
2013-08-01,동아백화점수성점건너,10129,15903
2013-08-01,동아백화점수성점앞,68859,2143
2013-08-01,동아수산냉동건너,594,402
2013-08-01,동아수산냉동앞,383,59
2013-08-01,동아스포츠센터(지산중학교앞),2039,802
2013-08-01,동아스포츠센터(지산초교앞),9917,284
2013-08-01,동아제약,494,106
2013-08-01,동아제약건너,1759,48
2013-08-01,동양맨션앞,3786,254
2013-08-01,동원약품,8371,423
2013-08-01,동원초등학교건너,1269,240
2013-08-01,동원초등학교앞1,1487,241
2013-08-01,동원초등학교앞2,2557,181
2013-08-01,동인네거리1,1782,389
2013-08-01,동인네거리2,2200,360
2013-08-01,동인초등학교건너,14952,2923
2013-08-01,동인초등학교앞,12431,2681
2013-08-01,동인치안센터건너,19205,4610
2013-08-01,동인치안센터앞,11051,4231
2013-08-01,동일초등학교건너,2014,1195
2013-08-01,동일초등학교앞,3042,770
2013-08-01,동천역1,538,149
2013-08-01,동천역2,1147,127
2013-08-01,동촌강나루아파트건너,3666,680
2013-08-01,동촌강나루아파트앞,3639,4016
2013-08-01,동촌역,578,199
2013-08-01,동촌역(구길),2127,221
2013-08-01,동촌역(신길)1,6219,994
2013-08-01,동촌역(신길)2,4134,1823
2013-08-01,동촌유원지,1134,179
2013-08-01,동촌유원지놀이동산앞,301,93
2013-08-01,동촌해성아파트건너,212,121
2013-08-01,동촌해성아파트앞,1062,271
2013-08-01,동촌화성타운건너,10983,1093
2013-08-01,동촌화성타운앞,8000,1932
2013-08-01,동침산네거리,2291,438
2013-08-01,동침산네거리2,8,56
2013-08-01,동호동건너(북구),975,15
2013-08-01,동호동앞(북구),49,47
2013-08-01,동호육교1,67,499
2013-08-01,동호육교2,7950,358
2013-08-01,동호초등학교건너,743,39
2013-08-01,동화골든빌(남편),5636,81
2013-08-01,동화골든빌(동편),5166,1293
2013-08-01,동화골든빌(북편),103,169
2013-08-01,동화골든빌건너(남편),31,248
2013-08-01,동화교1,103,248
2013-08-01,동화교2,5146,13
2013-08-01,동화사입구건너,7006,15
2013-08-01,동화사입구앞,81,455
2013-08-01,동화시설집단지구(종점)1,17511,90
2013-08-01,동화시설집단지구(종점)2(대구시민안전테마파크),188,439
2013-08-01,두류3동파출소건너,729,115
2013-08-01,두류3동파출소앞,631,207
2013-08-01,두류공원(야외음악당건너),1122,56
2013-08-01,두류공원(야외음악당앞),909,130
2013-08-01,두류공원네거리1,12732,2743
2013-08-01,두류공원네거리2,4776,4519
2013-08-01,두류도서관앞,9731,2127
2013-08-01,두류보성맨션건너,6826,795
2013-08-01,두류보성맨션앞,3691,2574
2013-08-01,두류수영장건너,23344,5001
2013-08-01,두류수영장앞,22122,4806
2013-08-01,두류역(달성고등학교건너),34895,10474
2013-08-01,두류역(달성고등학교앞),54987,37650
2013-08-01,두류정수사업소건너,18640,3700
2013-08-01,두류정수사업소앞,5937,2589
2013-08-01,두류파출소건너,761,45
2013-08-01,두류파출소앞,237,121
2013-08-01,두리봉네거리1,4088,7571
2013-08-01,두리봉네거리2,15869,3936
2013-08-01,두리봉터널입구,1047,278
2013-08-01,두리봉터널입구건너,4550,136
2013-08-01,두산동주민센터건너,15527,4521
2013-08-01,두산동주민센터앞,8735,5714
2013-08-01,두산스포츠건너,1597,163
2013-08-01,두성파크아파트건너,24184,10274
2013-08-01,두성파크아파트앞,11308,7226
2013-08-01,둔산동,2226,5
2013-08-01,들안길1,1230,421
2013-08-01,들안길2,4459,208
2013-08-01,들안길네거리1,5177,178
2013-08-01,들안길네거리2,1178,1398
2013-08-01,들안길초등학교건너,5837,1971
2013-08-01,들안길초등학교앞,4990,1237
2013-08-01,들연경,214,1
2013-08-01,럭키아파트건너,341,262
2013-08-01,럭키아파트앞,2639,80
2013-08-01,롯데백화점상인점건너,12836,4430
2013-08-01,롯데캐슬그랜드,687,571
2013-08-01,룸비니유치원건너,2718,180
2013-08-01,룸비니유치원앞,2263,358
2013-08-01,마비정벽화마을(종점),488,49
2013-08-01,만경관건너,7254,3207
2013-08-01,만경관앞,12332,2781
2013-08-01,만촌1동주민센터,2989,473
2013-08-01,만촌2동주민센터,14198,4963
2013-08-01,만촌3차화성파크드림건너,4270,688
2013-08-01,만촌그린빌라건너,715,92
2013-08-01,만촌역(1번출구),564,6034
2013-08-01,만촌우방1차건너,7618,105
2013-08-01,만촌우방1차앞,311,658
2013-08-01,만촌육교1,52127,12446
2013-08-01,만촌육교2,7502,17389
2013-08-01,만촌자전거경기장,3,44
2013-08-01,만촌천주교회앞,246,110
2013-08-01,만촌초등학교건너1,2703,248
2013-08-01,만촌초등학교건너2,3887,268
2013-08-01,만촌초등학교앞,3270,238
2013-08-01,만촌태왕리더스건너,4501,308
2013-08-01,만촌태왕리더스건너(남편),335,715
2013-08-01,만촌태왕리더스북편,560,98
2013-08-01,만촌태왕리더스앞1,6142,3423
2013-08-01,만촌태왕리더스앞2,2069,295
2013-08-01,만촌화성파크스위트,59,89
2013-08-01,만평네거리,7393,1779
2013-08-01,만평역(서대구고속버스터미널)1,8104,4210
2013-08-01,만평역(서대구고속버스터미널)2,8549,4379
2013-08-01,망우당공원(종점),536,200
2013-08-01,망우당공원건너,1343,811
2013-08-01,망우당공원앞,4798,1443
2013-08-01,매곡(종점),244,146
2013-08-01,매곡사거리1,837,1319
2013-08-01,매곡사거리2,10828,325
2013-08-01,매곡정수사업소건너,2556,389
2013-08-01,매곡정수사업소앞,7,17
2013-08-01,매곡초등학교건너,62,77
2013-08-01,매골1,14,42
2013-08-01,매골2,263,0
2013-08-01,매여동(동구)저탄장,345,20
2013-08-01,매일신문사건너,197,230
2013-08-01,매일신문사앞,1493,59
2013-08-01,매천고교,1508,115
2013-08-01,매천대교1,1056,41
2013-08-01,매천대교2,1,7
2013-08-01,매천성당건너1,3070,210
2013-08-01,매천성당건너2,768,217
2013-08-01,매천성당앞,5538,254
2013-08-01,매천수산시장건너,1980,123
2013-08-01,매천수산시장앞,1608,146
2013-08-01,매천시장지하차도,1847,152
2013-08-01,매천중고등학교건너,3560,1840
2013-08-01,매천중고등학교앞,15874,980
2013-08-01,매천초교(매천역)2,979,55
2013-08-01,매천화성파크드림,1707,71
2013-08-01,매천휴먼시아앞,1199,72
2013-08-01,매호동서아파트앞,1096,3
2013-08-01,매호성당건너,629,0
2013-08-01,메트로시티건너,5926,665
2013-08-01,메트로시티앞,2454,424
2013-08-01,메트로팔레스1,15177,1931
2013-08-01,메트로팔레스2,18942,1899
2013-08-01,명곡1리입구1,13,4
2013-08-01,명곡1리입구2,2,0
2013-08-01,명곡리1,1748,269
2013-08-01,명곡리2,5947,397
2013-08-01,명곡미래빌1단지,2284,364
2013-08-01,명곡미래빌2단지건너,19,324
2013-08-01,명곡미래빌2단지앞,10827,1393
2013-08-01,명곡미래빌3단지건너,2613,513
2013-08-01,명곡미래빌3단지앞,4348,228
2013-08-01,명곡미래빌4단지,3776,221
2013-08-01,명곡미래빌5단지건너,12,89
2013-08-01,명곡미래빌5단지앞,5170,643
2013-08-01,명곡지구앞,1215,337
2013-08-01,명덕네거리1,36620,5164
2013-08-01,명덕네거리2,13020,19763
2013-08-01,명덕역(6번출구),27360,28151
2013-08-01,명덕역(7번출구),35378,9035
2013-08-01,명덕초등학교건너,23572,8813
2013-08-01,명덕초등학교앞,25567,10197
2013-08-01,명문세가APT건너,8106,1523
2013-08-01,명문세가APT앞,13470,4158
2013-08-01,명문오하임아파트건너,491,121
2013-08-01,명문오하임아파트앞,294,71
2013-08-01,명보약국건너,2141,456
2013-08-01,명보약국앞,2717,702
2013-08-01,명성푸르지오건너,7087,1664
2013-08-01,명성푸르지오앞,18600,1407
2013-08-01,모개월앞,2,0
2013-08-01,모개월입구,109,1
2013-08-01,모다아울렛,84,6
2013-08-01,모다아울렛건너,16058,638
2013-08-01,모다아울렛앞,114,2103
2013-08-01,모래정마을건너,194,1
2013-08-01,모래정마을앞,13,2
2013-08-01,목단1리,172,0
2013-08-01,목단2리,39,0
2013-08-01,목단리,43,0
2013-08-01,묘1리,87,0
2013-08-01,묘2리(고려정밀),152,1
2013-08-01,묘2리(전마),46,0
2013-08-01,무궁화LPG충전소,10030,1673
2013-08-01,무궁화LPG충전소건너,3877,907
2013-08-01,무궁화어린이공원입구,2151,336
2013-08-01,무궁화어린이공원입구건너,4266,560
2013-08-01,무등1리1,5,0
2013-08-01,무등1리2,184,0
2013-08-01,무등1리3,83,0
2013-08-01,무등2리,7,6
2013-08-01,무등2리입구건너,93,0
2013-08-01,무림제지건너,694,270
2013-08-01,무림제지앞1,1174,237
2013-08-01,무림제지앞2,158,71
2013-08-01,무열대건너,4246,1223
2013-08-01,무열대앞,1478,308
2013-08-01,무태교,28,427
2013-08-01,무태네거리(시내방향),16141,5942
2013-08-01,무태네거리(시외방향),4077,4640
2013-08-01,무태새마을금고건너,1661,468
2013-08-01,무태새마을금고앞,4881,225
2013-08-01,무태조야동주민센터건너1,6976,322
2013-08-01,무태조야동주민센터건너2,5038,1789
2013-08-01,무태조야동주민센터앞1,1358,703
2013-08-01,무태조야동주민센터앞2,15474,1262
2013-08-01,문성병원건너,12606,3332
2013-08-01,문성병원앞,18014,4800
2013-08-01,문양기지창건너,18,67
2013-08-01,문양기지창앞,379,27
2013-08-01,문양리1,194,19
2013-08-01,문양리2,6,3
2013-08-01,문양리입구1,637,3
2013-08-01,문양리입구2,2,9
2013-08-01,문양역건너,17,337
2013-08-01,문양역앞,2067,1293
2013-08-01,문주마을건너,195,0
2013-08-01,문주마을앞,2,5
2013-08-01,문화예술회관건너,13240,3951
2013-08-01,문화예술회관앞,11906,3194
2013-08-01,미8군후문건너,538,224
2013-08-01,미8군후문앞,1441,37
2013-08-01,미곡동1,338,341
2013-08-01,미곡동2,3239,245
2013-08-01,미대동1,2242,62
2013-08-01,미대동2,347,329
2013-08-01,미래아트빌앞,1133,323
2013-08-01,미리내맨션건너,14526,635
2013-08-01,미리내맨션앞,4701,1254
2013-08-01,민들레아파트(종점),79,73
2013-08-01,민들레아파트후문건너,8074,14
2013-08-01,민들레아파트후문앞,168,204
2013-08-01,바른병원건너,385,176
2013-08-01,박곡리(시내방향),138,0
2013-08-01,박곡리(시외방향),24,1
2013-08-01,박석진교,32,29
2013-08-01,반고개(내당역4번출구),3553,2685
2013-08-01,반고개1,7381,2286
2013-08-01,반고개2,16595,5994
2013-08-01,반송4교건너,69,7
2013-08-01,반송4교앞,372,1
2013-08-01,반송리,336,12
2013-08-01,반야월모란1차아파트,4574,755
2013-08-01,반야월시장1,6439,3550
2013-08-01,반야월시장2,9663,1838
2013-08-01,반야월역(국철)건너,4793,2099
2013-08-01,반야월역(국철)앞,9175,1249
2013-08-01,반야월역(도시철도1번출구),5616,1420
2013-08-01,반야월역(도시철도2번출구),5672,584
2013-08-01,반야월역(도시철도3번출구),2401,3413
2013-08-01,반야월역(도시철도4번출구)1,11660,4709
2013-08-01,반야월역(도시철도4번출구)2,1989,1383
2013-08-01,반야월저탄장건너,6094,2410
2013-08-01,반야월저탄장앞,10482,1316
2013-08-01,반월당역(1번출구)1,39992,20861
2013-08-01,반월당역(1번출구)2,5406,7081
2013-08-01,반월당역(2번출구),44918,31845
2013-08-01,방공포병학교건너,2012,330
2013-08-01,방공포병학교앞,767,905
2013-08-01,방짜유기박물관건너,920,16
2013-08-01,방짜유기박물관앞,100,110
2013-08-01,방천리1,181,62
2013-08-01,방천리2,1385,268
2013-08-01,방천시장(김광석길)건너,16391,4197
2013-08-01,방천시장(김광석길)앞,13156,4439
2013-08-01,방촌1동,678,1
2013-08-01,방촌건널목,102,1490
2013-08-01,방촌맨션앞,5242,568
2013-08-01,방촌빌라,195,237
2013-08-01,방촌시장건너,29647,7520
2013-08-01,방촌시장앞,17842,8362
2013-08-01,방촌역(1번출구),14479,2514
2013-08-01,방촌역(2번출구),11231,3802
2013-08-01,방촌치안센터건너,2329,910
2013-08-01,방촌치안센터앞,3986,443
2013-08-01,백사벌네거리1,3166,115
2013-08-01,백사벌네거리2,3040,1329
2013-08-01,백안교1,88,103
2013-08-01,백안교2,1233,45
2013-08-01,백안삼거리1,192,224
2013-08-01,백안삼거리2,3168,180
2013-08-01,백자맨션건너,10618,1258
2013-08-01,백자맨션앞,4565,1593
2013-08-01,범물1동주민센터건너,44072,3470
2013-08-01,범물1동주민센터앞,9271,3982
2013-08-01,범물2동주민센터건너,3171,54
2013-08-01,범물2동주민센터앞,34,279
2013-08-01,범물두성타운건너,6144,53
2013-08-01,범물우방미진하이츠앞,11,318
2013-08-01,범물청구맨션건너,7104,3504
2013-08-01,범물청구맨션앞,40672,4051
2013-08-01,범물하이츠 건너,3046,1766
2013-08-01,범물하이츠앞,32438,532
2013-08-01,범물한라주택건너,25502,1538
2013-08-01,범물한라주택앞,3562,3748
2013-08-01,범어2동1,312,720
2013-08-01,범어2동2,1212,71
2013-08-01,범어4동주민센터건너,25760,5831
2013-08-01,범어4동주민센터앞,14595,9254
2013-08-01,범어쌍용예가건너,8531,2320
2013-08-01,범어쌍용예가앞,10783,2078
2013-08-01,범어역(1번출구),16388,3801
2013-08-01,범어역(2번출구),10326,2974
2013-08-01,법원건너,21290,8400
2013-08-01,법원앞,25505,7388
2013-08-01,법원어린이집,883,293
2013-08-01,베어산업건너,662,0
2013-08-01,베어산업앞,23,40
2013-08-01,병무청중앙신체검사소,1,5
2013-08-01,보람타운건너,8346,345
2013-08-01,보람타운앞,5645,2087
2013-08-01,보병50사단건너,3586,363
2013-08-01,보병50사단앞,1849,315
2013-08-01,보성기계건너,4169,43
2013-08-01,보성기계앞,32,79
2013-08-01,보성산호타운건너,4921,473
2013-08-01,보성산호타운앞,2866,966
2013-08-01,보성서한타운앞,3554,356
2013-08-01,보성은하타운앞,2234,85
2013-08-01,보성화성타운건너,23304,2639
2013-08-01,보성화성타운앞,9760,2557
2013-08-01,보훈병원건너,19,236
2013-08-01,보훈병원앞,7009,23
2013-08-01,복음간호학원,1221,487
2013-08-01,복현네거리,4456,3582
2013-08-01,복현대백맨션건너,17144,1097
2013-08-01,복현대백맨션앞,4089,1750
2013-08-01,복현서한2차아파트,2549,1670
2013-08-01,복현성모약국앞,3802,1037
2013-08-01,복현오거리1,42114,15864
2013-08-01,복현오거리2,12217,6792
2013-08-01,복현오거리3,314,321
2013-08-01,복현우방아파트,8178,1303
2013-08-01,복현우체국건너,43064,7235
2013-08-01,복현우체국앞,11772,4426
2013-08-01,복현장미맨션앞,1990,262
2013-08-01,복현푸르지오아파트건너,14398,1040
2013-08-01,복현현대맨션건너,3195,68
2013-08-01,복현현대맨션앞,701,144
2013-08-01,본동시장건너,7613,758
2013-08-01,본동시장앞,2383,426
2013-08-01,본리1리,523,34
2013-08-01,본리1리동회관건너,1339,170
2013-08-01,본리1리동회관앞,26,16
2013-08-01,본리2,1173,117
2013-08-01,본리근린공원건너,46,0
2013-08-01,본리근린공원앞,2,2
2013-08-01,본리네거리,2173,523
2013-08-01,본리네거리2,8634,1301
2013-08-01,본리네거리3,1756,898
2013-08-01,본리도서관앞,1237,168
2013-08-01,본리롯데캐슬,2139,120
2013-08-01,본리아카시아맨션,4899,1761
2013-08-01,본리지구건너,1225,469
2013-08-01,본리지구앞,6676,745
2013-08-01,본리초등학교건너,8644,2351
2013-08-01,본리초등학교앞,7867,1466
2013-08-01,본리치안센터건너,3548,508
2013-08-01,본리치안센터앞,3523,808
2013-08-01,본말(종점),104,0
2013-08-01,봉덕119안전센터건너,1124,36
2013-08-01,봉덕119안전센터앞,489,156
2013-08-01,봉덕2동새마을금고건너,1241,284
2013-08-01,봉덕2동새마을금고앞,998,422
2013-08-01,봉덕교회건너,13742,2027
2013-08-01,봉덕교회앞,4651,1865
2013-08-01,봉덕변전소건너,2053,6
2013-08-01,봉덕변전소앞,8,61
2013-08-01,봉덕시장건너1,3821,2468
2013-08-01,봉덕시장건너2,699,273
2013-08-01,봉덕시장건너3,4286,1183
2013-08-01,봉덕시장앞1,10386,1490
2013-08-01,봉덕시장앞2,4442,3184
2013-08-01,봉무공원건너,32327,998
2013-08-01,봉무청구새들마을건너,9905,3743
2013-08-01,봉무청구새들마을앞,2616,815
2013-08-01,봉산가구골목(동편),4026,1819
2013-08-01,봉산가구골목(서편),2908,374
2013-08-01,봉산문화거리건너,21752,7298
2013-08-01,봉산문화거리앞,12824,4631
2013-08-01,봉산육거리,3385,896
2013-08-01,봉촌1리1,471,0
2013-08-01,봉촌1리2,15,27
2013-08-01,봉촌1리3,175,0
2013-08-01,봉촌2리,363,0
2013-08-01,봉촌낙동길입구,278,0
2013-08-01,봉촌낙동길입구건너,6,36
2013-08-01,봉촌리,370,0
2013-08-01,부곡리,4,6
2013-08-01,부곡리건너,116,114
2013-08-01,부남교앞,8,0
2013-08-01,부동,1880,4
2013-08-01,부동(종점),45,3
2013-08-01,부동농협,914,0
2013-08-01,부동삼거리,0,7
2013-08-01,부영3단지,2949,560
2013-08-01,부영5단지,2122,341
2013-08-01,부영7단지건너,689,6
2013-08-01,부영7단지앞,25,47
2013-08-01,부인사건너,27,6
2013-08-01,부인사앞,146,1
2013-08-01,북구구민운동장건너,6598,404
2013-08-01,북구구민운동장앞,2232,1930
2013-08-01,북구보건소건너,3447,1050
2013-08-01,북구보건소앞,5615,510
2013-08-01,북구선거관리위원회건너,5334,532
2013-08-01,북구선거관리위원회앞,7348,5332
2013-08-01,북구어울아트센터앞,82,83
2013-08-01,북구청건너,12324,3502
2013-08-01,북구청네거리1,1850,723
2013-08-01,북구청네거리2,2944,335
2013-08-01,북구청앞,12088,2519
2013-08-01,북구청역(3번출구),8389,2331
2013-08-01,북구청역(4번출구),5195,1677
2013-08-01,북대구세무서건너,7465,738
2013-08-01,북대구세무서앞,4106,1147
2013-08-01,북대구초등학교건너,2432,66
2013-08-01,북대구초등학교앞,849,302
2013-08-01,북동초등학교건너,1203,370
2013-08-01,북동초등학교앞,5260,146
2013-08-01,북리1,2669,1494
2013-08-01,북리2,17654,369
2013-08-01,북부경찰서건너,2656,716
2013-08-01,북부상수도사업소,225,310
2013-08-01,북부정류장,81008,20162
2013-08-01,북부정류장건너,36049,24802
2013-08-01,북비산네거리1,10540,2725
2013-08-01,북비산네거리2,9445,1861
2013-08-01,북중학교앞,2715,259
2013-08-01,북침산치안센터건너,7195,1406
2013-08-01,북침산치안센터앞,6682,1607
2013-08-01,불교한방병원건너1,543,376
2013-08-01,불교한방병원건너2,1668,195
2013-08-01,불교한방병원앞1,2886,211
2013-08-01,불교한방병원앞2,2937,733
2013-08-01,불로삼거리,1238,3153
2013-08-01,불로우방아파트건너,7174,3277
2013-08-01,불로우방아파트앞,7914,2309
2013-08-01,불로전통시장건너,38568,5263
2013-08-01,불로전통시장앞,15686,10215
2013-08-01,불로천주교회건너,7199,1905
2013-08-01,불로천주교회앞,20754,3152
2013-08-01,불로화훼단지건너,2253,266
2013-08-01,불로화훼단지앞,2069,552
2013-08-01,비산5동주민센터,7,1
2013-08-01,비산6동주민센터건너,1128,308
2013-08-01,비산6동주민센터앞,961,74
2013-08-01,비산7동우체국건너,3122,1862
2013-08-01,비산7동우체국앞1,14808,5957
2013-08-01,비산7동우체국앞2,12644,1646
2013-08-01,비산지하도1,10283,2302
2013-08-01,비산지하도2,18085,3089
2013-08-01,비산초등학교건너,10473,1195
2013-08-01,비산초등학교앞,14242,1084
2013-08-01,비슬산휴양림주차장,71,2
2013-08-01,비원지구대건너,5441,275
2013-08-01,비원지구대앞,481,519
2013-08-01,비철금속협업단지앞,9007,538
2013-08-01,사복동입구교차로,182,352
2013-08-01,사복동입구교차로건너,31,84
2013-08-01,사월동(종점),965,79
2013-08-01,사월보성2차건너,12,394
2013-08-01,사월보성2차앞,2370,38
2013-08-01,사월역(2번출구),19220,5572
2013-08-01,사월역(4번출구),18655,16880
2013-08-01,사창마을건너,43,0
2013-08-01,사창마을앞,88,0
2013-08-01,산격4동주민센터건너,818,208
2013-08-01,산격4동주민센터앞,7548,493
2013-08-01,산격거평타운건너,840,1068
2013-08-01,산격거평타운앞,2110,752
2013-08-01,산격대우아파트앞,57777,17060
2013-08-01,산격문화회관건너,9188,739
2013-08-01,산격문화회관앞,3421,998
2013-08-01,산격종합시장앞,52196,29844
2013-08-01,산격주공아파트건너,4079,2865
2013-08-01,산격주공아파트앞,23244,3571
2013-08-01,산격중학교건너,6071,3883
2013-08-01,산격중학교앞,13118,995
2013-08-01,산격청구맨션앞,6646,2705
2013-08-01,산격초등학교건너,10172,644
2013-08-01,산격초등학교앞,9351,879
2013-08-01,산림조합중앙회건너,1955,479
2013-08-01,산림조합중앙회앞,3093,260
2013-08-01,산업용재관,3973,4068
2013-08-01,삼덕교회,6193,2327
2013-08-01,삼덕동1,247,122
2013-08-01,삼덕동2,408,30
2013-08-01,삼덕성당앞,8463,962
2013-08-01,삼리1리1,203,40
2013-08-01,삼리1리2,909,100
2013-08-01,삼리리1(논공),275,38
2013-08-01,삼리리2(논공),46,29
2013-08-01,삼보,897,124
2013-08-01,삼산리(범동교),38,7
2013-08-01,삼산리(삼산교회건너),5400,471
2013-08-01,삼산리(삼산교회앞),41,263
2013-08-01,삼산리(은지가든),4,8
2013-08-01,삼산리입구건너,393,5
2013-08-01,삼산리입구앞,3,52
2013-08-01,삼산지,536,2
2013-08-01,삼성공원아파트건너,736,191
2013-08-01,삼성래미안1차건너,4553,943
2013-08-01,삼성래미안1차앞,5161,997
2013-08-01,삼성래미안2차건너,4423,1584
2013-08-01,삼성래미안2차앞,3595,631
2013-08-01,삼성명가타운,3432,451
2013-08-01,삼성명가타운건너,2307,288
2013-08-01,삼성물류센터앞,239,543
2013-08-01,삼성한국형아파트건너,1366,88
2013-08-01,삼성한국형아파트앞,975,818
2013-08-01,삼우섬유앞,425,4
2013-08-01,삼육구가든건너,4,7
2013-08-01,삼육구가든앞,207,0
2013-08-01,삼익THK건너,297,105
2013-08-01,삼익THK앞,199,8
2013-08-01,삼익뉴타운건너,7394,1312
2013-08-01,삼익뉴타운앞,12674,1186
2013-08-01,삼정빌딩앞,919,455
2013-08-01,삼호아파트건너,783,149
2013-08-01,삼호아파트앞,1116,379
2013-08-01,삼환맨션,505,63
2013-08-01,상공회의소건너,4593,767
2013-08-01,상공회의소앞,5505,497
2013-08-01,상당마을,4,0
2013-08-01,상동가압장건너,1004,272
2013-08-01,상동교1,309,106
2013-08-01,상동교2,2342,265
2013-08-01,상동네거리,4456,724
2013-08-01,상동마을(둔산길),722,0
2013-08-01,상동시장앞,2319,299
2013-08-01,상동우체국건너,4395,1196
2013-08-01,상동우체국앞,18430,2343
2013-08-01,상동천주교회건너,326,133
2013-08-01,상동천주교회앞,2390,825
2013-08-01,상록아파트,109,73
2013-08-01,상리공단,1895,194
2013-08-01,상리공단건너,721,206
2013-08-01,상리동입구,1793,39
2013-08-01,상리동입구1,3,188
2013-08-01,상리동입구2,3209,62
2013-08-01,상리동종점,0,46
2013-08-01,상리동종점2,1288,117
2013-08-01,상리동종점3,3674,444
2013-08-01,상리마을건너,2,13
2013-08-01,상리마을앞,41,0
2013-08-01,상리지하도1,2422,42
2013-08-01,상리지하도2,1725,64
2013-08-01,상매동(저탄장),77,1
2013-08-01,상서고등학교건너,2255,58
2013-08-01,상서고등학교앞,985,89
2013-08-01,상수도사업본부,9015,2059
2013-08-01,상수도사업본부건너,6909,3936
2013-08-01,상수도사업본부시설관리소건너,9144,4497
2013-08-01,상수도사업본부시설관리소앞,1778,447
2013-08-01,상수도중남부사업소건너,1946,182
2013-08-01,상수도중남부사업소앞,535,142
2013-08-01,상원리(마을회관),454,0
2013-08-01,상원리(전평못식당),91,0
2013-08-01,상인2동주민센터건너,5932,306
2013-08-01,상인동서타운앞,17582,2370
2013-08-01,상인동화아이위시아파트건너,20730,2150
2013-08-01,상인동화아이위시아파트앞,2928,2037
2013-08-01,상인비둘기1단지아파트건너,4458,1279
2013-08-01,상인비둘기1단지아파트앞,17415,601
2013-08-01,상인비둘기2단지아파트앞,13826,1116
2013-08-01,상인삼미타운건너,2608,3837
2013-08-01,상인삼미타운앞,5721,560
2013-08-01,상인역e-편한세상앞,7093,6729
2013-08-01,상인우방아파트,13525,8560
2013-08-01,상인은행아파트건너,7407,858
2013-08-01,상인은행아파트앞,7282,1178
2013-08-01,상인자이앞,7371,639
2013-08-01,상인장미아파트앞,10766,773
2013-08-01,상인제림아파트건너,4505,637
2013-08-01,상인제림아파트앞,1605,418
2013-08-01,상인청구타운건너,3720,210
2013-08-01,상인청구타운앞,1523,283
2013-08-01,상인초등학교앞,13895,2413
2013-08-01,상인한서타운앞,4347,768
2013-08-01,상인현대맨션건너,73556,9136
2013-08-01,상인현대맨션앞,25495,52051
2013-08-01,상인화성파크드림건너,1131,525
2013-08-01,상인화성파크드림앞,1337,234
2013-08-01,상화네거리,287,301
2013-08-01,새길시장건너,12507,9656
2013-08-01,새길시장앞,31840,6515
2013-08-01,새동네아파트건너,54,1
2013-08-01,새동네아파트앞,540,334
2013-08-01,새마을건너,2,33
2013-08-01,새마을입구,132,1
2013-08-01,새범어아파트건너,1494,189
2013-08-01,새범어아파트앞,989,188
2013-08-01,새본리중학교앞,1206,146
2013-08-01,샤니삼거리1,196,0
2013-08-01,샤니삼거리2,4,2
2013-08-01,서구문화회관건너,2500,726
2013-08-01,서구문화회관앞,8648,1602
2013-08-01,서구시장건너,19415,4861
2013-08-01,서구시장앞,16486,3824
2013-08-01,서구제일사회복지관건너,1489,661
2013-08-01,서구제일사회복지관앞,4335,379
2013-08-01,서구청건너,47319,13287
2013-08-01,서구청앞,48057,10695
2013-08-01,서남시장건너,28068,10854
2013-08-01,서남시장앞1,20714,6505
2013-08-01,서남시장앞2,8192,3179
2013-08-01,서당마을건너,1077,6
2013-08-01,서당마을앞,34,35
2013-08-01,서대구고속버스터미널,1290,378
2013-08-01,서대구공단네거리1,735,111
2013-08-01,서대구공단네거리2,639,93
2013-08-01,서대구공단네거리3,2577,358
2013-08-01,서대구공단네거리4,4378,564
2013-08-01,서대구세무서,9373,16616
2013-08-01,서대구시장건너,12734,7347
2013-08-01,서대구시장앞,12250,4494
2013-08-01,서대구초등학교입구,20838,8866
2013-08-01,서대명지구대건너,6631,1185
2013-08-01,서대명지구대앞,2659,1631
2013-08-01,서도초등학교건너,3075,500
2013-08-01,서도초등학교서편1,177,64
2013-08-01,서도초등학교서편2,1436,81
2013-08-01,서도초등학교앞,4769,647
2013-08-01,서문시장,81477,22953
2013-08-01,서문시장5지구앞,1332,662
2013-08-01,서변동영남네오빌건너,6414,877
2013-08-01,서변동영남네오빌앞,1927,408
2013-08-01,서부고등학교건너,1825,411
2013-08-01,서부고등학교앞,3774,145
2013-08-01,서부공업고등학교건너,10447,17057
2013-08-01,서부공업고등학교앞,24713,3807
2013-08-01,서부소방서,2,1
2013-08-01,서부시장건너,30434,7673
2013-08-01,서부시장앞,21016,8008
2013-08-01,서부정류장(관문시장건너),77255,38921
2013-08-01,서부정류장(관문시장앞),36870,22223
2013-08-01,서부정류장1,77002,23991
2013-08-01,서부정류장2,6257,2271
2013-08-01,서부정류장3(성당못역1번출구),24101,46371
2013-08-01,서부정류장4(성당못역1번출구),2798,2853
2013-08-01,서부중학교앞,9030,2188
2013-08-01,서영기공건너,173,0
2013-08-01,서영기공앞,4,23
2013-08-01,서재금봉타운,180,1002
2013-08-01,서재금봉타운건너,27866,122
2013-08-01,서재들,17,0
2013-08-01,서재들건너,55,1
2013-08-01,서재보성타운건너,14891,72
2013-08-01,서재보성타운앞,180,564
2013-08-01,서진중학교건너,835,287
2013-08-01,서평초등학교,3151,1083
2013-08-01,서평초등학교건너,2811,1383
2013-08-01,선녀곡건너(옥포),519,27
2013-08-01,선녀곡앞(옥포),50,160
2013-08-01,설티고개(달성공단방면),1,1
2013-08-01,설티고개(옥포방면),45,1
2013-08-01,설화동(종점),412,10
2013-08-01,설화리(시내방향),6090,511
2013-08-01,설화리(시외방향),2036,506
2013-08-01,설화명곡역(4번출구),0,57
2013-08-01,섬뜸마을,591,0
2013-08-01,섬유회관건너1,56308,18911
2013-08-01,섬유회관건너2,4199,1330
2013-08-01,섬유회관앞,67460,35561
2013-08-01,성곡중학교건너,1316,340
2013-08-01,성곡중학교앞,1563,80
2013-08-01,성광고등학교건너,9962,340
2013-08-01,성광고등학교앞,846,527
2013-08-01,성남초등학교건너,1521,544
2013-08-01,성남초등학교앞,4702,236
2013-08-01,성내3동주민센터입구,1310,304
2013-08-01,성당두산위브앞,25898,3545
2013-08-01,성당래미안·e-편한세상앞,10954,2057
2013-08-01,성당못역북편1,554,1366
2013-08-01,성당못역북편2,1889,364
2013-08-01,성당보성아파트건너,18828,7678
2013-08-01,성당보성아파트앞,14703,4922
2013-08-01,성당시장건너,27280,8568
2013-08-01,성당시장앞1,5791,1069
2013-08-01,성당시장앞2,30785,4643
2013-08-01,성당초교앞,857,180
2013-08-01,성당코오롱하늘채,8628,1396
2013-08-01,성당코오롱하늘채2,9366,5008
2013-08-01,성당포스코더샵건너,6549,1057
2013-08-01,성당포스코더샵앞,14196,1443
2013-08-01,성동건너,190,166
2013-08-01,성동마을건너,105,17
2013-08-01,성동마을앞,382,9
2013-08-01,성동앞,126,65
2013-08-01,성동초등학교건너,11811,2208
2013-08-01,성동초등학교앞,13530,1969
2013-08-01,성동탱자나무마을건너,52,12
2013-08-01,성동탱자나무마을앞,67,8
2013-08-01,성림첨단산업건너,67,6
2013-08-01,성림첨단산업앞,455,1
2013-08-01,성명119안전센터건너1,4548,1301
2013-08-01,성명119안전센터앞,1985,687
2013-08-01,성명여자중학교,492,28
2013-08-01,성모여성병원건너,33090,11461
2013-08-01,성모여성병원앞,33269,27123
2013-08-01,성보교통,2445,346
2013-08-01,성북교1,11291,4132
2013-08-01,성북교2,7574,3640
2013-08-01,성북시장건너,3018,811
2013-08-01,성북시장앞,11633,1031
2013-08-01,성산3동,0,18
2013-08-01,성산리1,22,48
2013-08-01,성산리2,709,69
2013-08-01,성산중학교앞,1792,62
2013-08-01,성산초등학교앞,618,128
2013-08-01,성서119안전센터건너,556,7984
2013-08-01,성서119안전센터앞,14515,298
2013-08-01,성서4차산업단지앞1,556,106
2013-08-01,성서공단물류센터,535,2
2013-08-01,성서농협남부지소,13463,2402
2013-08-01,성서동서서한타운건너,4364,522
2013-08-01,성서동서서한타운앞,5950,436
2013-08-01,성서보성타운2차건너1,6222,395
2013-08-01,성서보성타운2차건너2,1064,129
2013-08-01,성서보성타운2차앞,8918,1448
2013-08-01,성서산업단지역(1번출구),5789,5288
2013-08-01,성서산업단지역(2번출구),12697,2663
2013-08-01,성서서한2차타운1,8758,279
2013-08-01,성서서한2차타운2,271,284
2013-08-01,성서우방2차아파트,1532,476
2013-08-01,성서우방타운건너,23928,2477
2013-08-01,성서우방타운앞,12124,5952
2013-08-01,성서우체국건너,2414,994
2013-08-01,성서우체국앞,630,656
2013-08-01,성서종합시장건너,18618,7401
2013-08-01,성서종합시장앞,46060,12726
2013-08-01,성서주공1단지건너,9596,1836
2013-08-01,성서주공1단지앞,2476,938
2013-08-01,성서주공2단지건너,14096,7259
2013-08-01,성서주공2단지앞,34947,2444
2013-08-01,성서주공5단지앞,434,274
2013-08-01,성서청구타운건너,9904,583
2013-08-01,성서청구타운앞,6556,610
2013-08-01,성서초등학교건너,5292,852
2013-08-01,성서초등학교앞,2338,780
2013-08-01,성서푸른마을아파트건너,9014,490
2013-08-01,성서푸른마을아파트앞,2497,691
2013-08-01,성서한샘타운앞,1809,174
2013-08-01,성서협업단지건너,169,10
2013-08-01,성서협업단지앞,30,10
2013-08-01,성요셉요양병원건너,144,114
2013-08-01,성요셉요양병원앞,1796,16
2013-08-01,성원아파트건너,1532,432
2013-08-01,성원아파트앞,6878,228
2013-08-01,성주사건너,112,5
2013-08-01,성주사앞,10,45
2013-08-01,성지중학교건너,5302,1272
2013-08-01,성지중학교앞,6806,1892
2013-08-01,성하리,10,50
2013-08-01,성화여고건너,11264,1663
2013-08-01,성화여고앞,6805,1973
2013-08-01,세강병원앞,10440,8168
2013-08-01,세원정공건너,9806,579
2013-08-01,세원정공앞,1751,4735
2013-08-01,세천리2,248,41
2013-08-01,세천리3,879,22
2013-08-01,세하건너,6,0
2013-08-01,세하앞,1,0
2013-08-01,세흥인쇄,896,88
2013-08-01,소선여중건너,8052,1704
2013-08-01,솔렌스힐건너,5913,412
2013-08-01,솔렌스힐앞,4258,335
2013-08-01,솔밭기세길건너,0,2
2013-08-01,솔밭기세길입구,82,0
2013-08-01,솔비식당입구,0,17
2013-08-01,솔비식당입구맞은편,339,3
2013-08-01,송원맨션건너,10740,604
2013-08-01,송원맨션앞,2587,1446
2013-08-01,송정1동,12,2
2013-08-01,송정동1,57,8
2013-08-01,송정동2,13,0
2013-08-01,송정동3,91,95
2013-08-01,송정동4,36,15
2013-08-01,송정마을1,4,9
2013-08-01,송정마을2,169,2
2013-08-01,송정삼거리1,611,461
2013-08-01,송정삼거리2,267,266
2013-08-01,송정삼거리3,4630,4892
2013-08-01,송정삼거리4,3134,1452
2013-08-01,송해공원,8,0
2013-08-01,송현1동치안센터건너,7328,1091
2013-08-01,송현2동주민센터건너,640,140
2013-08-01,송현공원건너,606,109
2013-08-01,송현공원앞,902,162
2013-08-01,송현교,1292,77
2013-08-01,송현교2,163,40
2013-08-01,송현여중고교건너,3244,332
2013-08-01,송현여중고교앞,4175,903
2013-08-01,송현역(1번출구),11551,4188
2013-08-01,송현역(2번출구),17491,2762
2013-08-01,송현역(3번출구),19317,4809
2013-08-01,송현역(4번출구),7015,3861
2013-08-01,송현제림타운건너,5534,2077
2013-08-01,송현제림타운앞,3333,819
2013-08-01,송현초등학교건너,4058,644
2013-08-01,송현초등학교앞,8891,451
2013-08-01,수리리,80,0
2013-08-01,수성4가동주민센터앞,775,100
2013-08-01,수성경찰서건너,23955,7760
2013-08-01,수성경찰서앞,19895,7771
2013-08-01,수성고등학교건너,5524,351
2013-08-01,수성고등학교앞,3805,274
2013-08-01,수성관광호텔건너,2341,360
2013-08-01,수성관광호텔앞,1862,315
2013-08-01,수성교1,6670,2414
2013-08-01,수성교2,12778,1661
2013-08-01,수성구민운동장건너,9824,2603
2013-08-01,수성구민운동장앞,6328,3198
2013-08-01,수성구보건소건너,24980,3999
2013-08-01,수성구보건소앞,9948,4078
2013-08-01,수성구청건너,33829,8059
2013-08-01,수성구청앞,28667,12423
2013-08-01,수성네거리1,15097,3293
2013-08-01,수성네거리2,13174,2360
2013-08-01,수성대학교건너,40501,11807
2013-08-01,수성대학교앞,20664,12928
2013-08-01,수성도서관건너,14141,1531
2013-08-01,수성도서관앞,6058,2489
2013-08-01,수성동삼익맨션앞,964,32
2013-08-01,수성동일하이빌앞,142,80
2013-08-01,수성랜드1,3159,180
2013-08-01,수성랜드2,1091,1279
2013-08-01,수성랜드건너,1510,355
2013-08-01,수성랜드건너2,367,159
2013-08-01,수성랜드앞,871,311
2013-08-01,수성롯데캐슬건너,13668,2219
2013-08-01,수성롯데캐슬앞,18543,3198
2013-08-01,수성못건너,1018,183
2013-08-01,수성못앞,1064,293
2013-08-01,수성못오거리1,12323,3732
2013-08-01,수성못오거리2,10264,7179
2013-08-01,수성못오거리5,691,427
2013-08-01,수성못코오롱하늘채,6438,1616
2013-08-01,수성소방서1,2247,317
2013-08-01,수성소방서2,59,585
2013-08-01,수성시니어클럽건너,2418,665
2013-08-01,수성시니어클럽앞,6363,667
2013-08-01,수성시장건너,2409,640
2013-08-01,수성시장네거리1,11943,2725
2013-08-01,수성시장네거리2,14910,7321
2013-08-01,수성시장앞,2881,1083
2013-08-01,수성아트피아건너,7339,1113
2013-08-01,수성아트피아앞,1066,2139
2013-08-01,수성요양병원,721,135
2013-08-01,수성월드메르디앙건너,601,56
2013-08-01,수성월드메르디앙앞,839,75
2013-08-01,수성초등학교,9607,3043
2013-08-01,수성태영데시앙건너,1628,404
2013-08-01,수성태영데시앙앞,3732,496
2013-08-01,수성하이츠,2947,358
2013-08-01,수정맨션앞,2076,237
2013-08-01,수창초등학교,7206,2059
2013-08-01,수태골건너,39,1
2013-08-01,스파밸리1,247,1147
2013-08-01,스파밸리2,17646,332
2013-08-01,시립희망원,1698,518
2013-08-01,시민교회건너,1326,104
2013-08-01,시민교회앞,631,172
2013-08-01,시민운동장(야구장건너),3794,485
2013-08-01,시민운동장(야구장앞),2768,607
2013-08-01,시민운동장(축구장건너),3827,1797
2013-08-01,시민운동장(축구장앞),4662,1255
2013-08-01,시지(종점),1284,640
2013-08-01,시지대성유니드건너,1073,128
2013-08-01,시지대성유니드앞,2095,169
2013-08-01,시지보성아파트앞,24285,7510
2013-08-01,시지중학교,26541,1107
2013-08-01,시지천마타운앞,5007,1324
2013-08-01,시청별관건너1,8730,2873
2013-08-01,시청별관건너2,6149,2159
2013-08-01,시청별관앞(구.경북도청),5191,3092
2013-08-01,신기리1,14,28
2013-08-01,신기리2,339,7
2013-08-01,신기역(화성타운건너),9100,2920
2013-08-01,신기역(화성타운앞),13273,2497
2013-08-01,신남역(1번출구),4447,1584
2013-08-01,신당동주민센터건너,1854,845
2013-08-01,신당동주민센터앞,9015,603
2013-08-01,신당리,5071,15
2013-08-01,신덕마을입구,0,37
2013-08-01,신도운수건너,1169,75
2013-08-01,신도운수앞,1161,69
2013-08-01,신매광장건너,40523,15190
2013-08-01,신매광장앞,44387,13055
2013-08-01,신매시장,6708,3182
2013-08-01,신매초등학교건너,9940,2866
2013-08-01,신매초등학교앞,8524,1137
2013-08-01,신매태성아파트,92,319
2013-08-01,신매태성아파트건너,6533,417
2013-08-01,신무동1,717,0
2013-08-01,신무동2,0,2
2013-08-01,신생원건너,0,1
2013-08-01,신생원앞,22,0
2013-08-01,신서성당건너,5325,135
2013-08-01,신서성당앞,3,163
2013-08-01,신성에스앤티건너,190,9
2013-08-01,신성에스앤티앞,396,10
2013-08-01,신성중공업건너,6,99
2013-08-01,신성중공업앞,315,0
2013-08-01,신성초등학교건너,4758,2086
2013-08-01,신성초등학교앞,7393,841
2013-08-01,신세계병원건너,19358,9880
2013-08-01,신세계병원앞,20199,7224
2013-08-01,신세계주유소건너,6628,326
2013-08-01,신세계주유소앞,1014,574
2013-08-01,신세월입구,7,0
2013-08-01,신신정비공장1,9800,5231
2013-08-01,신신정비공장2,30400,12837
2013-08-01,신암건영캐스빌건너,4761,316
2013-08-01,신암건영캐스빌앞,1182,149
2013-08-01,신암보성아파트건너,1794,410
2013-08-01,신암보성아파트앞,1553,304
2013-08-01,신암초등학교건너,4461,1423
2013-08-01,신천3동행정복지센터건너,4172,550
2013-08-01,신천3동행정복지센터앞,2168,742
2013-08-01,신천3치안센터건너,4492,997
2013-08-01,신천3치안센터앞,5052,1809
2013-08-01,신천LH아파트건너,8323,1676
2013-08-01,신천LH아파트앞,12427,1501
2013-08-01,신천교1,1913,410
2013-08-01,신천교2,1529,162
2013-08-01,신천시장건너,2906,678
2013-08-01,신천시장앞,4185,684
2013-08-01,신천역(2번출구),3497,2588
2013-08-01,신천역(3번출구),2223,1303
2013-08-01,신천역(4번출구),5627,2670
2013-08-01,신천역(5번출구),8086,3517
2013-08-01,신천초등학교건너,708,85
2013-08-01,신천초등학교앞,325,87
2013-08-01,신평동1,437,946
2013-08-01,신평동2,1784,329
2013-08-01,신평리네거리1,23389,7896
2013-08-01,신평리네거리2,26720,9338
2013-08-01,신평리주유소건너,1821,195
2013-08-01,신평리주유소앞,677,204
2013-08-01,신흥버스,16077,4373
2013-08-01,실내체육관건너,4019,561
2013-08-01,실내체육관앞,4307,708
2013-08-01,심신수련장입구건너,1260,260
2013-08-01,심신수련장입구앞,674,84
2013-08-01,심인고등학교건너,24647,1442
2013-08-01,심인고등학교앞,12722,1863
2013-08-01,쌍용머티리얼,1800,19
2013-08-01,아너스월성앞,1874,641
2013-08-01,아멕스,719,41
2013-08-01,아멕스건너,849,25
2013-08-01,아양교1,3571,1143
2013-08-01,아양교2,13322,5140
2013-08-01,아양교3,2292,8314
2013-08-01,아양교4,4767,562
2013-08-01,아양교역(1번출구),67718,92349
2013-08-01,아양교역(2번출구),106496,27440
2013-08-01,아양아트센터건너,4362,376
2013-08-01,아양아트센터앞,1151,679
2013-08-01,아주섬유건너,6,17
2013-08-01,아주섬유앞,86,0
2013-08-01,아주철강건너,180,7
2013-08-01,아주철강앞,171,2
2013-08-01,안심교(경산방향),335,207
2013-08-01,안심교(반야월방향),458,1494
2013-08-01,안심신우타운앞,1529,977
2013-08-01,안심역(4번출구),38734,1234
2013-08-01,안심역(5번출구),4056,39428
2013-08-01,안심주공1단지건너,11880,649
2013-08-01,안심주공1단지앞,5007,810
2013-08-01,안심주공2단지앞,5354,857
2013-08-01,안심중학교건너,1483,884
2013-08-01,안심중학교앞,3727,1900
2013-08-01,안심효성타운건너,12922,3563
2013-08-01,안심효성타운앞,21558,4686
2013-08-01,안지랑네거리1,27562,7031
2013-08-01,안지랑네거리2,24368,17903
2013-08-01,앞산공원,13963,5255
2013-08-01,앞산공원관리사무소건너,372,4
2013-08-01,앞산공원관리사무소앞,39,529
2013-08-01,앞산궁도장건너,647,101
2013-08-01,앞산궁도장앞,331,61
2013-08-01,앞산별자리체험학습장1,3348,34
2013-08-01,앞산별자리체험학습장2,129,466
2013-08-01,앞산보성타운건너,13,66
2013-08-01,앞산보성타운앞,3895,7
2013-08-01,앞산빨래터공원,325,121
2013-08-01,앞산빨래터공원1,773,57
2013-08-01,앞산자락카페마실건너,60,41
2013-08-01,앞산자락카페마실앞,1159,661
2013-08-01,앞산청구제네스건너,7662,1823
2013-08-01,앞산청구제네스앞,16425,1428
2013-08-01,앞산힐스테이트건너,2975,185
2013-08-01,앞산힐스테이트앞,1179,335
2013-08-01,약령시건너(동성로입구),208366,39411
2013-08-01,약령시앞,171084,79796
2013-08-01,약령시입구,3348,3438
2013-08-01,약사회관건너,374,62
2013-08-01,약사회관앞,859,51
2013-08-01,약산온천입구,1100,46
2013-08-01,양지마을건너,22,342
2013-08-01,양지마을앞,5757,9
2013-08-01,어린이회관건너1,3633,2392
2013-08-01,어린이회관건너2,132,125
2013-08-01,어린이회관앞,9140,1926
2013-08-01,에이스이노텍건너,279,19
2013-08-01,에이스이노텍앞,108,15
2013-08-01,엑스코건너,3563,1645
2013-08-01,엑스코앞,12978,1102
2013-08-01,엘디스리젠트호텔건너,4467,1701
2013-08-01,엘디스리젠트호텔앞,6697,2979
2013-08-01,여성메디파크,2949,556
2013-08-01,역전시장건너,5765,986
2013-08-01,역전시장앞,5522,1004
2013-08-01,연경1,110,32
2013-08-01,연경2,391,1
2013-08-01,연암네거리1,18294,9495
2013-08-01,연암네거리2,4049,493
2013-08-01,연암네거리3,491,439
2013-08-01,연젓마을건너,20,0
2013-08-01,연젓마을입구,1,3
2013-08-01,연호동,8,3
2013-08-01,연호동(종점),31,2
2013-08-01,연호동화훼단지1,4024,4903
2013-08-01,연호동화훼단지2,8399,2481
2013-08-01,연호역(3번출구),66,31
2013-08-01,연호역(3번출구)건너,2,83
2013-08-01,연호지,581,170
2013-08-01,연호지건너,24,405
2013-08-01,연화리1,23,4
2013-08-01,연화리2,7,36
2013-08-01,열병합발전소앞,5,0
2013-08-01,영남고등학교건너,15747,26604
2013-08-01,영남고등학교앞,38918,7347
2013-08-01,영남네오빌건너,1129,55
2013-08-01,영남네오빌비스타,1296,217
2013-08-01,영남네오빌앞,469,129
2013-08-01,영남농업연구소콩연구,3,1
2013-08-01,영남우방타운1차건너,3780,335
2013-08-01,영남우방타운1차앞,5996,274
2013-08-01,영남이공대학건너,13581,2627
2013-08-01,영남이공대학앞,24507,1678
2013-08-01,영남일보건너,2875,459
2013-08-01,영남종합전기,379,36
2013-08-01,영대병원역,38393,3896
2013-08-01,영대병원역(3번출구),32216,30087
2013-08-01,영일무역건너,374,8
2013-08-01,영일무역앞,85,8
2013-08-01,영조아파트건너,7,112
2013-08-01,영조아파트앞,2131,23
2013-08-01,영진고등학교건너,24274,3995
2013-08-01,영진고등학교앞,37139,22078
2013-08-01,영진산업,436,3
2013-08-01,영진전문대학정문건너,8573,2166
2013-08-01,영진전문대학정문앞,18737,2318
2013-08-01,영진전문대학후문건너,29694,6039
2013-08-01,영진전문대학후문앞,43000,12335
2013-08-01,영화,681,41
2013-08-01,예현2리마을회관,228,3
2013-08-01,오2리(음지머구),296,0
2013-08-01,오뚜기물류센터,291,54
2013-08-01,오리(양지마을),242,0
2013-08-01,오설리,10,5
2013-08-01,오성아파트,316,5607
2013-08-01,오페라삼정그린코아APT,17842,3608
2013-08-01,오페라하우스건너,1496,252
2013-08-01,오페라하우스앞,1249,128
2013-08-01,옥분리(구진터),240,9
2013-08-01,옥분리1,15,34
2013-08-01,옥분리마을회관앞,437,8
2013-08-01,옥산정미소,258,0
2013-08-01,옥연지,25,8
2013-08-01,옥연지건너,213,1
2013-08-01,옥포간경리1,1138,774
2013-08-01,옥포간경리2,8030,401
2013-08-01,옥포농협,273,18
2013-08-01,옥포농협강림지소건너,834,388
2013-08-01,옥포농협강림지소앞,1122,233
2013-08-01,옥포농협건너,2904,280
2013-08-01,옥포농협앞,661,440
2013-08-01,옥포무지개마을,3217,101
2013-08-01,옥포주유소앞,630,103
2013-08-01,옥포중앙교회앞,150,72
2013-08-01,옥포초등학교건너,741,540
2013-08-01,옥포초등학교앞,6891,638
2013-08-01,올림픽기념관건너,8339,3875
2013-08-01,올림픽기념관앞,14027,4565
2013-08-01,와룡공원건너,483,259
2013-08-01,와룡공원앞,1228,90
2013-08-01,와룡시장,3127,326
2013-08-01,와룡시장건너,2066,896
2013-08-01,용계동1,144,71
2013-08-01,용계동2,625,83
2013-08-01,용계동3,545,97
2013-08-01,용계동4,5048,556
2013-08-01,용계삼거리1,9625,7138
2013-08-01,용계삼거리2,3447,1020
2013-08-01,용계삼거리3,741,887
2013-08-01,용계삼거리4,592,332
2013-08-01,용계역(1번출구),10997,11416
2013-08-01,용계역(2번출구),7644,2134
2013-08-01,용산1동주민센터건너,10016,1433
2013-08-01,용산1동주민센터앞,3846,824
2013-08-01,용산2동주민센터건너,2755,670
2013-08-01,용산2동주민센터건너2,2498,1269
2013-08-01,용산2동주민센터앞,33771,2845
2013-08-01,용산네거리1,21411,4033
2013-08-01,용산네거리2,11524,8619
2013-08-01,용산역,1522,326
2013-08-01,용산역(1번출구),49698,10677
2013-08-01,용산역(2번출구),39821,11703
2013-08-01,용산종합큰시장건너,13829,1630
2013-08-01,용산종합큰시장앞,7467,1885
2013-08-01,용수동1,5,11
2013-08-01,용수동2,621,1
2013-08-01,용연사,1213,24
2013-08-01,용연사시설집단지구건너,379,3
2013-08-01,용연사시설집단지구앞,19,12
2013-08-01,우록리,2046,2
2013-08-01,우록리(부곡장식당),1,3
2013-08-01,우록리(선흥사입구),7,10
2013-08-01,우록리(종점),600,29
2013-08-01,우방강촌마을건너,30988,3952
2013-08-01,우방강촌마을앞,11993,5626
2013-08-01,우방금탑아파트(서편),3421,6500
2013-08-01,우방드림시티건너,2724,1863
2013-08-01,우방드림시티앞,7095,785
2013-08-01,우방만촌하이츠건너,13905,998
2013-08-01,우방만촌하이츠앞,4194,1734
2013-08-01,우방송현하이츠,782,73
2013-08-01,우방송현하이츠건너,386,44
2013-08-01,우방신세계타운앞,870,94
2013-08-01,우방신천지타운건너,4114,1591
2013-08-01,우방신천지타운앞,11899,1803
2013-08-01,우방아파트삼거리,421,297
2013-08-01,우방죽전타운건너,10061,4935
2013-08-01,우방죽전타운앞1,7942,1416
2013-08-01,우방죽전타운앞2,2772,929
2013-08-01,우방청솔맨션건너,14368,1862
2013-08-01,우방청솔맨션앞,17451,5419
2013-08-01,욱수초등학교건너,4630,2593
2013-08-01,욱수초등학교앞,28880,1328
2013-08-01,운암지공원1,316,10
2013-08-01,운암지공원2,25,70
2013-08-01,운암초등학교건너,10759,1135
2013-08-01,운암초등학교앞,10096,158
2013-08-01,웃갈미마을건너,322,3
2013-08-01,웃갈미마을앞,2,26
2013-08-01,웃는얼굴아트센터1,1387,96
2013-08-01,웃는얼굴아트센터2,3,124
2013-08-01,원대네거리,1100,162
2013-08-01,원대시장건너,20447,2801
2013-08-01,원대시장건너2,1854,1795
2013-08-01,원대시장앞,15441,9032
2013-08-01,원대역1,12214,11751
2013-08-01,원대역2,26283,2757
2013-08-01,원대오거리북편1,2328,811
2013-08-01,원대오거리북편2,858,413
2013-08-01,원불교앞,800,707
2013-08-01,월곡네거리,309,734
2013-08-01,월광수변공원,400,252
2013-08-01,월드컵삼거리,657,289
2013-08-01,월드컵삼거리앞,812,327
2013-08-01,월배농협대덕지점건너,3673,876
2013-08-01,월배시장건너,13682,4233
2013-08-01,월배시장앞,13843,3018
2013-08-01,월배쌍용예가건너,1150,4
2013-08-01,월배쌍용예가앞,3,100
2013-08-01,월배역(3번출구),10259,4742
2013-08-01,월배역(4번출구),11251,1739
2013-08-01,월배이안아파트건너,133,7
2013-08-01,월배이안아파트앞,223,53
2013-08-01,월배중학교건너,2250,375
2013-08-01,월배중학교앞,1230,612
2013-08-01,월배차량기지건너,3,18
2013-08-01,월배차량기지앞,289,16
2013-08-01,월배초등학교건너,12401,1409
2013-08-01,월배힐스테이트건너,1951,7
2013-08-01,월배힐스테이트앞,16,137
2013-08-01,월성1동주민센터건너,2474,521
2013-08-01,월성1동주민센터앞,4549,301
2013-08-01,월성2동주민센터건너,17115,2344
2013-08-01,월성2동주민센터앞,31210,2057
2013-08-01,월성e-편한세상건너,19010,4380
2013-08-01,월성e-편한세상앞,13610,4791
2013-08-01,월성영남맨션앞,1007,161
2013-08-01,월성자이앞,1813,406
2013-08-01,월성주공2단지앞,12329,1240
2013-08-01,월성주공3단지,1967,411
2013-08-01,월성주공4단지건너,41025,4081
2013-08-01,월성주공4단지앞1,3174,143
2013-08-01,월성주공4단지앞2,21003,5091
2013-08-01,월성주공5단지앞,7116,5510
2013-08-01,월성청구코아건너,20206,1653
2013-08-01,월성청구코아앞,11235,2140
2013-08-01,월성코오롱하늘채건너,823,245
2013-08-01,월성코오롱하늘채앞,2422,77
2013-08-01,월성푸르지오앞,12378,1892
2013-08-01,월암교1,892,18
2013-08-01,월암교2,236,56
2013-08-01,월촌고가교1,410,309
2013-08-01,월촌고가교2,2127,135
2013-08-01,월촌역(6번출구),17745,4117
2013-08-01,월촌역(7번출구),9599,2752
2013-08-01,월촌초등학교건너,1284,279
2013-08-01,월촌초등학교앞,2131,325
2013-08-01,위남마을입구,2903,203
2013-08-01,위천1리건너,399,72
2013-08-01,위천1리앞,1269,43
2013-08-01,위천삼거리(논공방향),257,31
2013-08-01,위천삼거리(현풍방향),232,42
2013-08-01,유가사(종점),613,19
2013-08-01,유가차천,1797,198
2013-08-01,유가차천1,418,320
2013-08-01,유곡리(회차지),7,0
2013-08-01,유니버시아드레포츠센터건너,2960,523
2013-08-01,유니버시아드선수촌2단지건너,15603,1431
2013-08-01,유니버시아드선수촌2단지앞,3177,1024
2013-08-01,유림물산,1961,178
2013-08-01,유림한의원건너,123,152
2013-08-01,유산리,136,1
2013-08-01,유신섬유네거리1,652,115
2013-08-01,유신섬유네거리2,2824,73
2013-08-01,유천교(유천치안센터건너),10871,4813
2013-08-01,유천교(유천치안센터앞),17996,13389
2013-08-01,유천교1,10389,808
2013-08-01,유천교2,1954,4721
2013-08-01,유천포스코건너,2884,320
2013-08-01,유천포스코앞,6346,2366
2013-08-01,유통단지회차지,1039,524
2013-08-01,유통단지회차지2,2829,43
2013-08-01,육상진흥센터건너,33,7
2013-08-01,육상진흥센터앞,235,5
2013-08-01,육신사,73,2
2013-08-01,율원초등학교건너,89,603
2013-08-01,율원초등학교앞,3243,48
2013-08-01,율하역,773,3223
2013-08-01,율하역(4번출구),6374,2588
2013-08-01,율하역(5번출구),10716,1480
2013-08-01,율하휴먼시아15단지앞,5668,1118
2013-08-01,율하휴먼시아5단지건너,176,185
2013-08-01,율하휴먼시아5단지앞,2845,173
2013-08-01,율하휴먼시아6단지건너,1221,536
2013-08-01,율하휴먼시아6단지앞,10563,234
2013-08-01,율하휴먼시아8단지앞,9383,216
2013-08-01,율하휴먼시아9단지앞,1606,491
2013-08-01,은하타운건너,1974,800
2013-08-01,은하타운앞,1581,451
2013-08-01,은행APT입구,503,154
2013-08-01,읍내동주민센터건너,5998,4009
2013-08-01,읍내동주민센터앞,422,222
2013-08-01,응암1리1,14,0
2013-08-01,응암1리2,9,0
2013-08-01,응암2리,18,4
2013-08-01,응암2리건너,387,12
2013-08-01,응암2리앞,12,19
2013-08-01,응암3리1,0,2
2013-08-01,응암3리2,140,0
2013-08-01,응암3리입구,0,1
2013-08-01,이곡1동주민센터건너,7813,708
2013-08-01,이곡1동주민센터앞,2653,1346
2013-08-01,이곡마을,374,2
2013-08-01,이곡양수장건너,93,38
2013-08-01,이곡양수장앞,184,207
2013-08-01,이곡장미공원건너,2613,444
2013-08-01,이곡장미공원앞,4203,591
2013-08-01,이마트경산점,8315,1833
2013-08-01,이마트반야월점건너,1369,369
2013-08-01,이마트반야월점앞,2886,401
2013-08-01,이마트시지점건너,4252,2110
2013-08-01,이마트시지점앞,537,765
2013-08-01,이마트월배점건너,6167,2151
2013-08-01,이마트월배점앞,7453,1284
2013-08-01,이마트칠성점앞,25470,4506
2013-08-01,이마트트레이더스건너,7838,3837
2013-08-01,이마트트레이더스앞,21951,8153
2013-08-01,이시아폴리스더샵1단지,4794,288
2013-08-01,이시아폴리스더샵2단지,1367,881
2013-08-01,이월드(구.우방랜드)건너,1325,167
2013-08-01,이월드(구.우방랜드)앞,439,341
2013-08-01,이월드(구.우방랜드)정문,5119,2922
2013-08-01,이월드(구.우방랜드)후문건너,3399,399
2013-08-01,이월드(구.우방랜드)후문앞,2409,338
2013-08-01,이천동,14,0
2013-08-01,이천동(종점),110,1
2013-08-01,이천리(시내방향),123,6
2013-08-01,이천리(시외방향),147,4
2013-08-01,이천새마을금고건너,15296,888
2013-08-01,이천치안센터건너,1748,863
2013-08-01,이현고개삼거리,5,0
2013-08-01,이현삼거리1,100,115
2013-08-01,이현삼거리2,814,104
2013-08-01,이현삼거리3,3295,647
2013-08-01,이현자동차검사소건너,1446,97
2013-08-01,이현자동차검사소앞,797,95
2013-08-01,이현지구대건너,1208,229
2013-08-01,이현지구대앞,553,105
2013-08-01,인동촌시장건너,2984,1145
2013-08-01,인동촌시장입구,12093,712
2013-08-01,인산마을건너,717,15
2013-08-01,인산마을앞,33,32
2013-08-01,인지초등학교입구,2,0
2013-08-01,일심제약,183,9
2013-08-01,입석중학교건너,12540,1371
2013-08-01,입석중학교앞,3777,1561
2013-08-01,잉꼬아파트건너,663,217
2013-08-01,잉꼬아파트앞,1900,418
2013-08-01,자모공원,10,0
2013-08-01,장관빌라건너,1843,74
2013-08-01,장관빌라앞,1001,206
2013-08-01,장기영남네오빌,103,112
2013-08-01,장기초등학교,1604,56
2013-08-01,장기초등학교1,9,43
2013-08-01,장기초등학교2,187,0
2013-08-01,장기초록나라건너,3181,1418
2013-08-01,장기초록나라앞,9205,648
2013-08-01,장기파랑새마을앞,100,137
2013-08-01,장동초등학교건너,2940,14
2013-08-01,장동초등학교앞,99,260
2013-08-01,장산초등학교건너,551,91
2013-08-01,장산초등학교앞,904,52
2013-08-01,장성초등학교건너,433,2580
2013-08-01,장성초등학교앞,572,703
2013-08-01,장태실마을건너,198,1
2013-08-01,장태실마을앞,5,12
2013-08-01,적십자혈액원건너,4200,585
2013-08-01,적십자혈액원앞,2474,432
2013-08-01,전기안전공사건너,1372,2623
2013-08-01,전기안전공사앞,2709,254
2013-08-01,전기재료관1,573,148
2013-08-01,전기재료관2,245,121
2013-08-01,전자관,3953,1249
2013-08-01,전자상가,11072,1274
2013-08-01,정대1리(바깥매남),146,0
2013-08-01,정대1리(안매남),119,0
2013-08-01,정대2리마을회관앞,127,8
2013-08-01,정대리(대구미술광장),206,1
2013-08-01,정대숲,384,0
2013-08-01,정대숲건너,2,11
2013-08-01,정대숲앞,660,2
2013-08-01,정동고등학교건너,4845,1506
2013-08-01,정동고등학교앞,10943,787
2013-08-01,정부대구지방합동청사건너,229,38
2013-08-01,정부대구지방합동청사앞,94,43
2013-08-01,정부대구지방합동청사후문1,1263,323
2013-08-01,정화우방팔레스,13268,12114
2013-08-01,정화우방팔레스건너,21449,4570
2013-08-01,제일규산,1004,35
2013-08-01,제일여자상업고등학교건너,22491,8144
2013-08-01,제일여자상업고등학교앞,27222,4979
2013-08-01,조달청건너,2884,1263
2013-08-01,조달청앞,9307,425
2013-08-01,조암네거리1,1666,56
2013-08-01,조암네거리2,444,183
2013-08-01,조암초등학교건너,176,59
2013-08-01,조암초등학교앞,165,9
2013-08-01,조야동(종점),10804,316
2013-08-01,조일로봇고등학교(종점),5057,410
2013-08-01,주1리1,14,35
2013-08-01,주1리2,719,55
2013-08-01,주2리(최정사입구),4,23
2013-08-01,주2리1,243,1
2013-08-01,주리(삼진식당),5,10
2013-08-01,죽곡2지구1,6,2
2013-08-01,죽곡2지구2,13,8
2013-08-01,죽전119안전센터건너,4370,968
2013-08-01,죽전119안전센터앞,5467,675
2013-08-01,죽전그린빌건너,3122,1583
2013-08-01,죽전그린빌앞,12030,1341
2013-08-01,죽전네거리1,37163,4415
2013-08-01,죽전네거리2,15521,9243
2013-08-01,중구보건소건너,2995,2014
2013-08-01,중구보건소앞,2165,815
2013-08-01,중구청건너,25154,6856
2013-08-01,중구청앞,28468,9122
2013-08-01,중대1동회관앞,1716,6
2013-08-01,중동교1,3715,1874
2013-08-01,중동교2,1385,196
2013-08-01,중동네거리1,6391,661
2013-08-01,중동네거리2,3788,1489
2013-08-01,중동서울아파트건너,331,73
2013-08-01,중동서울아파트앞,1216,55
2013-08-01,중동시장건너,16882,9129
2013-08-01,중동시장앞,23725,5993
2013-08-01,중동주민센터건너,578,139
2013-08-01,중동주민센터앞,443,102
2013-08-01,중동치안센터건너,1535,52
2013-08-01,중동치안센터앞,645,159
2013-08-01,중리광명맨션건너,14416,2711
2013-08-01,중리광명맨션앞,10156,2211
2013-08-01,중리네거리1,6934,1891
2013-08-01,중리네거리2,3966,1900
2013-08-01,중리롯데캐슬건너,11147,1898
2013-08-01,중리롯데캐슬서편,3834,1127
2013-08-01,중리롯데캐슬앞,15076,2494
2013-08-01,중리롯데캐슬정문앞,705,107
2013-08-01,중리마을,3696,7
2013-08-01,중리삼거리1,15,81
2013-08-01,중리삼거리2,1068,5
2013-08-01,중리시장건너1,352,186
2013-08-01,중리시장건너2,1117,62
2013-08-01,중리시장앞,7945,2085
2013-08-01,중리중학교,817,84
2013-08-01,중마을(갓바위방향),7,137
2013-08-01,중마을(시내방향),1010,1
2013-08-01,중부소방서건너,3802,514
2013-08-01,중부소방서앞,7802,533
2013-08-01,중석타운건너,95,245
2013-08-01,중석타운앞,10505,287
2013-08-01,중소기업관건너,40,138
2013-08-01,중소기업관앞,1559,71
2013-08-01,중소기업지원센터,698,110
2013-08-01,중심마을,478,4
2013-08-01,중앙일보건너,1565,980
2013-08-01,중앙일보앞,5572,254
2013-08-01,지묘동1,2999,671
2013-08-01,지묘동2,6374,221
2013-08-01,지묘초등학교건너,8802,328
2013-08-01,지묘초등학교앞,857,238
2013-08-01,지산2길입구,261,2
2013-08-01,지산2길입구건너,233,14
2013-08-01,지산동서맨션건너,7413,2506
2013-08-01,지산동서맨션앞,21213,2147
2013-08-01,지산목련아파트건너,27095,2491
2013-08-01,지산목련아파트앞,10572,5076
2013-08-01,지산시영아파트1단지건너,2214,559
2013-08-01,지산시영아파트1단지앞,6041,298
2013-08-01,지산영남맨션앞,2944,587
2013-08-01,지산우방아파트,6460,493
2013-08-01,지산중학교입구,815,148
2013-08-01,지산청구타운건너,2555,1794
2013-08-01,지산청구타운앞,17800,439
2013-08-01,지산타운건너,17527,1581
2013-08-01,지산타운앞,4180,5415
2013-08-01,지산한라타운건너,20006,461
2013-08-01,지산한라타운앞,2947,1911
2013-08-01,지산현대주택건너,5959,1247
2013-08-01,지산현대주택앞,11548,820
2013-08-01,지산화성파크드림,1977,163
2013-08-01,지저동행정복지센터건너,22287,1246
2013-08-01,지저동행정복지센터앞,3921,1126
2013-08-01,진달래아파트건너,7792,3056
2013-08-01,진달래아파트앞,15644,1979
2013-08-01,진월초등학교건너,1736,348
2013-08-01,진월초등학교앞,870,212
2013-08-01,진인동(양지마을)건너,16,20
2013-08-01,진인동(양지마을)앞,179,4
2013-08-01,진인동(진정마을)1,127,0
2013-08-01,진정마을1,1046,18
2013-08-01,진정마을2,63,43
2013-08-01,진천역(1번출구),35705,8423
2013-08-01,진천역(2번출구),23758,12413
2013-08-01,진천청구타운건너,1017,750
2013-08-01,진천청구타운앞,2924,453
2013-08-01,징리보건소,311,0
2013-08-01,차량등록사업소건너,2263,276
2013-08-01,차량등록사업소앞,830,89
2013-08-01,창1리1,4,4
2013-08-01,창1리2,105,0
2013-08-01,천내영남맨션,12,1
2013-08-01,청구고등학교건너,16577,2054
2013-08-01,청구고등학교앞,23140,4032
2013-08-01,청구그린맨션1차건너,12874,2356
2013-08-01,청구그린맨션1차앞,15375,1938
2013-08-01,청구시장건너,6914,917
2013-08-01,청구시장건너2,550,75
2013-08-01,청구시장북편,1599,345
2013-08-01,청구시장북편건너,3221,280
2013-08-01,청구시장앞,6130,1387
2013-08-01,청구중동아파트,544,90
2013-08-01,청구타운건너,1325,461
2013-08-01,청구타운앞,1452,233
2013-08-01,청기와주유소건너,11804,3469
2013-08-01,청기와주유소앞,16101,6768
2013-08-01,청남타운건너,2519,21
2013-08-01,청남타운앞,436,404
2013-08-01,청백다례원,1377,302
2013-08-01,청소년수련원건너,405,28
2013-08-01,청소년수련원앞,513,211
2013-08-01,청아람푸르지오2단지1,7,0
2013-08-01,청아람푸르지오2단지2,99,1
2013-08-01,청운맨션건너,1931,145
2013-08-01,청운맨션앞,947,355
2013-08-01,충혼탑건너,5162,31
2013-08-01,충혼탑앞,81,653
2013-08-01,측백수림건너,548,1
2013-08-01,측백수림앞,3,22
2013-08-01,칠곡2차영남타운건너,3214,701
2013-08-01,칠곡2차영남타운앞,4642,289
2013-08-01,칠곡3차보성타운1,1046,394
2013-08-01,칠곡3차보성타운2,5720,658
2013-08-01,칠곡3차화성타운1,4832,60
2013-08-01,칠곡3차화성타운2,9423,176
2013-08-01,칠곡3차화성타운3,86,199
2013-08-01,칠곡경대병원역,49,126
2013-08-01,칠곡경북대병원,816,428
2013-08-01,칠곡경북대병원정문건너,303,296
2013-08-01,칠곡경북대병원정문앞,4658,142
2013-08-01,칠곡경북대병원후문건너,1396,748
2013-08-01,칠곡경북대병원후문앞,7439,673
2013-08-01,칠곡그린빌2차건너,25751,1313
2013-08-01,칠곡그린빌2차앞,2567,2537
2013-08-01,칠곡그린빌3차건너,15392,487
2013-08-01,칠곡그린빌3차앞,385,1464
2013-08-01,칠곡그린빌5단지건너,2711,198
2013-08-01,칠곡그린빌5단지앞,3013,357
2013-08-01,칠곡그린빌6단지건너,1052,65
2013-08-01,칠곡그린빌6단지앞,280,70
2013-08-01,칠곡그린파크1,9341,3547
2013-08-01,칠곡그린파크2,20132,2489
2013-08-01,칠곡네스빌,268,125
2013-08-01,칠곡대백맨션건너,5888,26
2013-08-01,칠곡대백맨션앞,289,548
2013-08-01,칠곡동화아파트건너,4042,1625
2013-08-01,칠곡동화아파트앞,17046,1016
2013-08-01,칠곡롯데아파트건너,52,198
2013-08-01,칠곡롯데아파트앞,3537,15
2013-08-01,칠곡부영1단지,5186,304
2013-08-01,칠곡서한맨션,1422,5
2013-08-01,칠곡서한맨션앞,129,573
2013-08-01,칠곡시장건너,13259,1078
2013-08-01,칠곡시장앞,2124,1442
2013-08-01,칠곡에덴타운건너,29338,6504
2013-08-01,칠곡에덴타운앞,25191,9458
2013-08-01,칠곡우방타운건너(종점),3177,68
2013-08-01,칠곡우방타운건너(종점),1433,49
2013-08-01,칠곡우방타운앞(종점),1388,345
2013-08-01,칠곡주공그린빌1단지건너,2381,644
2013-08-01,칠곡주공그린빌1단지앞,7091,417
2013-08-01,칠곡중학교건너(칠곡향교건너),1633,737
2013-08-01,칠곡중학교앞(칠곡향교앞),20747,2138
2013-08-01,칠곡청구타운건너,542,374
2013-08-01,칠곡청구타운앞,4072,209
2013-08-01,칠곡초등학교건너,203,99
2013-08-01,칠곡초등학교앞,810,124
2013-08-01,칠곡한라타운건너,6052,110
2013-08-01,칠곡한라타운앞,80,509
2013-08-01,칠곡한서타운건너,10427,391
2013-08-01,칠곡한신아파트건너,2702,140
2013-08-01,칠곡한신아파트앞1,10553,94
2013-08-01,칠곡한신아파트앞2,1547,184
2013-08-01,칠곡화성타운건너,8846,316
2013-08-01,칠곡화성타운앞1,7879,1450
2013-08-01,칠곡화성타운앞2,3204,826
2013-08-01,칠성고가도로하단,792,279
2013-08-01,칠성꽃도매시장건너,1051,1025
2013-08-01,칠성꽃도매시장앞,2505,467
2013-08-01,칠성시장(농협건너),207,423
2013-08-01,칠성시장(농협앞),1308,152
2013-08-01,칠성시장(양친회신협),5,178
2013-08-01,칠성시장(전자상가건너),5061,753
2013-08-01,칠성시장(전자상가앞),1568,2010
2013-08-01,칠성시장건너,33131,24467
2013-08-01,칠성시장앞1,53478,29855
2013-08-01,칠성시장역(서문프라자건너),3187,9504
2013-08-01,칠성시장역(서문프라자앞),19291,3116
2013-08-01,칠성우방타운,680,174
2013-08-01,침산3동주민센터,8220,1107
2013-08-01,침산남영타운건너,3467,723
2013-08-01,침산남영타운앞,5888,357
2013-08-01,침산네거리1,11783,915
2013-08-01,침산네거리2,6767,1341
2013-08-01,침산동화타운건너,6331,98
2013-08-01,침산동화타운앞,482,286
2013-08-01,침산변전소건너,10499,3637
2013-08-01,침산변전소앞,9147,4498
2013-08-01,침산중학교건너,2727,272
2013-08-01,침산중학교앞,5024,285
2013-08-01,침산초등학교건너,4535,1535
2013-08-01,침산초등학교앞,3610,287
2013-08-01,침산초등학교후문,337,59
2013-08-01,침산코오롱하늘채건너,7452,2207
2013-08-01,침산코오롱하늘채앞,20733,2889
2013-08-01,캐슬골드파크(1102동),23506,1793
2013-08-01,캐슬골드파크(1504동),12398,3646
2013-08-01,케이에스건너,11,15
2013-08-01,케이에스앞,870,45
2013-08-01,코스트코홀세일건너/복현화성타운앞,4288,4046
2013-08-01,코스트코홀세일앞/복현화성타운건너,40586,5251
2013-08-01,코오롱아파트,14199,2485
2013-08-01,퀸벨호텔건너,13205,1450
2013-08-01,퀸벨호텔앞,8230,3269
2013-08-01,퀸스로드건너,2274,1422
2013-08-01,퀸스로드건너(동편),10749,4479
2013-08-01,퀸스로드앞,4020,566
2013-08-01,퀸스로드앞(동편),15317,6065
2013-08-01,크리스탈호텔앞,1260,418
2013-08-01,큰고개1,5185,3407
2013-08-01,큰고개2,10908,1541
2013-08-01,큰고개오거리1,19562,1658
2013-08-01,큰고개오거리2,4684,9368
2013-08-01,큰장네거리1,64261,15183
2013-08-01,큰장네거리2,40193,19006
2013-08-01,큰장네거리3,18257,7485
2013-08-01,큰장네거리4,31577,14216
2013-08-01,태성맨션건너,132,150
2013-08-01,태성맨션앞,4146,278
2013-08-01,태왕그린힐즈건너,970,278
2013-08-01,태왕그린힐즈앞1,79,337
2013-08-01,태왕그린힐즈앞2,5897,19
2013-08-01,태왕메트로시티건너,5812,571
2013-08-01,태왕메트로시티앞,4020,858
2013-08-01,태왕아너스베스트앞,5893,241
2013-08-01,태왕아너스복현건너,3370,962
2013-08-01,태왕아너스복현앞,9648,484
2013-08-01,태전두성타운건너,7191,1496
2013-08-01,태전두성타운앞,17153,1293
2013-08-01,태전삼거리1,14723,8374
2013-08-01,태전삼거리2,32660,7081
2013-08-01,태전역1,15808,7892
2013-08-01,태전중석타운,1550,82
2013-08-01,태전중석타운건너,1807,205
2013-08-01,태전중앙시장건너,3198,1238
2013-08-01,태전중앙시장앞,9404,955
2013-08-01,태전휴먼시아,1432,77
2013-08-01,태평상가건너,6305,2520
2013-08-01,태평상가앞1,4512,1789
2013-08-01,태평상가앞2,295,168
2013-08-01,태현초등학교앞,5045,51
2013-08-01,터실마을,17,0
2013-08-01,텍스빌,8639,1413
2013-08-01,토지주택공사건너,3033,882
2013-08-01,토지주택공사앞,12091,656
2013-08-01,퇴계마을건너,0,5
2013-08-01,퇴계마을앞,118,0
2013-08-01,파계교,332,436
2013-08-01,파계사(종점),12082,1209
2013-08-01,파군재삼거리1,1150,715
2013-08-01,파군재삼거리2,287,323
2013-08-01,파동1차시장건너,2595,1223
2013-08-01,파동1차시장앞,12287,506
2013-08-01,파동우체국앞,1046,670
2013-08-01,파동청구하이츠,7828,325
2013-08-01,파크맨션건너,12511,1249
2013-08-01,파크맨션앞,10689,1492
2013-08-01,파티마병원건너1,21597,6329
2013-08-01,파티마병원건너2,3613,2245
2013-08-01,팔거역3,526,97
2013-08-01,팔거역4,1314,93
2013-08-01,팔공3차보성타운건너,963,8
2013-08-01,팔공3차보성타운앞,100,364
2013-08-01,팔공3차보성타운후문,4901,164
2013-08-01,팔공보성아파트건너,1490,464
2013-08-01,팔공보성아파트앞,7910,279
2013-08-01,팔공산IC입구,319,1246
2013-08-01,팔공산맥건너,862,276
2013-08-01,팔공산맥앞,969,169
2013-08-01,팔공학생야영장앞,258,12
2013-08-01,팔공학생야영장입구건너,21,13
2013-08-01,팔공학생야영장입구앞,14,9
2013-08-01,팔공한마음주유소,7,3
2013-08-01,팔공한마음주유소건너,317,3
2013-08-01,팔달시장건너,40888,14241
2013-08-01,팔달시장앞,43126,28003
2013-08-01,팔달시장역,41733,20637
2013-08-01,팔달신시장,29840,9703
2013-08-01,팔달신시장2,4326,2870
2013-08-01,팔달역2,1031,331
2013-08-01,팔달중학교건너,8378,272
2013-08-01,팔달중학교앞,5697,361
2013-08-01,팔달초등학교,224,178
2013-08-01,팔레스호텔건너,23518,5681
2013-08-01,팔레스호텔앞1,6030,2734
2013-08-01,팔레스호텔앞2,783,1246
2013-08-01,팔현마을,217,7
2013-08-01,평광3차아파트,4579,178
2013-08-01,평광3차아파트건너,4089,299
2013-08-01,평광새마을금고,145,0
2013-08-01,평광종점,754,21
2013-08-01,평리1동주민센터건너,1835,67
2013-08-01,평리1동주민센터앞,3611,159
2013-08-01,평리2동주민센터건너,10259,1419
2013-08-01,평리2동주민센터앞,10810,2037
2013-08-01,평리3동주민센터건너,2570,118
2013-08-01,평리6동주민센터앞,1954,295
2013-08-01,평리광명네거리,924,706
2013-08-01,평리광명맨션건너,4534,353
2013-08-01,평리광명맨션앞,1002,277
2013-08-01,평리네거리1,14297,7089
2013-08-01,평리네거리2,17188,6097
2013-08-01,평리명성아파트건너,5489,1641
2013-08-01,평리명성아파트앞,3462,495
2013-08-01,평리중학교건너,1675,567
2013-08-01,평리중학교앞,2370,160
2013-08-01,평리청구타운건너,38715,15682
2013-08-01,평리청구타운앞,36582,9611
2013-08-01,평안,598,106
2013-08-01,평촌2리,17,2
2013-08-01,평촌리,179,0
2013-08-01,평현치안센터건너,5575,1002
2013-08-01,평화시장(닭똥집골목)건너,27239,4149
2013-08-01,평화시장(닭똥집골목)앞,54703,18937
2013-08-01,평화씨엠비건너,1241,25
2013-08-01,평화씨엠비앞,167,136
2013-08-01,평화정공건너,778,71
2013-08-01,평화정공앞,740,48
2013-08-01,평화타운건너,14095,7309
2013-08-01,푸드웰건너,4250,86
2013-08-01,푸드웰앞,131,107
2013-08-01,푸르밀대구공장,55,1
2013-08-01,푸르밀대구공장건너,1,15
2013-08-01,풋살경기장(50사단),713,60
2013-08-01,풍국주정공업,1177,39
2013-08-01,하나원전문장례식장,1,0
2013-08-01,하리(약산온천)건너,220,67
2013-08-01,하목정(종점),4,14
2013-08-01,하빈농협건너,136,1
2013-08-01,하빈농협동곡지점1,66,21
2013-08-01,하빈농협동곡지점2,377,3
2013-08-01,하빈농협앞,27,3
2013-08-01,하빈농협입구,3,3
2013-08-01,하빈면사무소건너,310,5
2013-08-01,하빈면사무소앞,19,10
2013-08-01,하빈우체국건너,255,0
2013-08-01,하빈우체국앞,12,4
2013-08-01,하빈주유소앞,15,5
2013-08-01,하빈초등학교앞,161,0
2013-08-01,하산1리,235,0
2013-08-01,하산2리,283,0
2013-08-01,하산스무지(종점),116,2
2013-08-01,학남고등학교건너,1867,279
2013-08-01,학남고등학교앞,4975,353
2013-08-01,학남초등학교건너,137,251
2013-08-01,학남초등학교앞,2862,251
2013-08-01,학산아파트건너,25,0
2013-08-01,학산아파트앞,12,2
2013-08-01,학정청아람1,892,8
2013-08-01,학정청아람2,2702,79
2013-08-01,학정청아람건너,2241,331
2013-08-01,학정청아람앞,2344,191
2013-08-01,한가람타운건너,22856,6468
2013-08-01,한가람타운앞,21468,5121
2013-08-01,한걸고정마을,354,2
2013-08-01,한국감정원앞,14,7
2013-08-01,한국건강관리협회앞,4958,742
2013-08-01,한국국토정보공사건너,2309,2208
2013-08-01,한국국토정보공사앞,2559,418
2013-08-01,한국농어촌공사건너,23984,4409
2013-08-01,한국농어촌공사앞,20077,2051
2013-08-01,한국델파이건너,239,131
2013-08-01,한국델파이앞,1147,67
2013-08-01,한국도로공사건너,124,579
2013-08-01,한국도로공사앞,7481,65
2013-08-01,한국방송통신대학교건너,2805,381
2013-08-01,한국방송통신대학교앞,884,413
2013-08-01,한국산업은행성서지점건너,51,923
2013-08-01,한국산업은행성서지점앞,4876,185
2013-08-01,한국산업인력공단건너,4552,315
2013-08-01,한국산업인력공단앞,168,191
2013-08-01,한국생산기술연구원건너,18,1
2013-08-01,한국생산기술연구원앞,64,3
2013-08-01,한국클래드텍건너,361,1
2013-08-01,한국클래드텍앞,3,81
2013-08-01,한국타이어,312,158
2013-08-01,한국타이어건너,189,21
2013-08-01,한국패션센터,1668,127
2013-08-01,한국폴리텍VI대구대학건너,15263,5434
2013-08-01,한국폴리텍VI대구대학앞,11578,4860
2013-08-01,한국폴리텍대학(섬유패션캠퍼스),6099,1795
2013-08-01,한국환경자원공사,5,5
2013-08-01,한국환경자원공사건너,1,0
2013-08-01,한도아파트앞,9775,278
2013-08-01,한라하우젠트,774,3
2013-08-01,한마음주유소건너,2774,184
2013-08-01,한마음주유소앞,2832,369
2013-08-01,한샘교회,4495,932
2013-08-01,한샘교회건너,944,829
2013-08-01,한서기전건너,291,0
2013-08-01,한서기전앞,313,24
2013-08-01,한양공작맨션건너,20,69
2013-08-01,한양공작맨션앞,1110,2
2013-08-01,한양산호아파트건너,610,298
2013-08-01,한양산호아파트앞,6903,170
2013-08-01,한양수정아파트,45,72
2013-08-01,한양코스모스아파트건너,80,135
2013-08-01,한양코스모스아파트앞,1239,50
2013-08-01,한전동대구지사,23209,5538
2013-08-01,한전동대구지사건너,16128,4761
2013-08-01,한전서대구지사건너,21045,5142
2013-08-01,한전서대구지사앞,13317,4076
2013-08-01,한정3리,63,0
2013-08-01,한정리(한정초교),211,0
2013-08-01,한정리(한정초교건너),1,3
2013-08-01,한화꿈에그린건너1,625,697
2013-08-01,한화꿈에그린앞,12933,2004
2013-08-01,함지초등학교건너,1366,511
2013-08-01,함지초등학교앞,9789,425
2013-08-01,해랑교(시외방향),17,14
2013-08-01,해랑교1,19,4
2013-08-01,해랑교2,813,84
2013-08-01,해랑교건너,22,60
2013-08-01,해안동행정복지센터,310,60
2013-08-01,해안역(1번출구),13984,2687
2013-08-01,해안역(3번출구),6935,2635
2013-08-01,해안초등학교뒤,7,31
2013-08-01,행정1리건너,112,0
2013-08-01,행정2리건너,4,19
2013-08-01,행정2리앞,146,0
2013-08-01,행정리,7,16
2013-08-01,행정리(한천서원),377,0
2013-08-01,헬로TV대구방송건너,5667,2244
2013-08-01,헬로TV대구방송앞,7587,1611
2013-08-01,현내1리,235,1
2013-08-01,현내2리중방마을건너,94,0
2013-08-01,현내2리중방마을앞,9,1
2013-08-01,현대금속,1409,61
2013-08-01,현대메카닉스건너,128,0
2013-08-01,현대메카닉스앞,2,24
2013-08-01,현대백조아파트(북편),3892,171
2013-08-01,현대백조아파트건너,2703,176
2013-08-01,현대백조아파트앞,2871,483
2013-08-01,현대백화점.동아쇼핑건너,27047,8407
2013-08-01,현대백화점.동아쇼핑앞,38636,4862
2013-08-01,현대시장건너,12016,1003
2013-08-01,현대시장앞,2629,1012
2013-08-01,현대시장앞2,837,303
2013-08-01,현대해상건너,30023,10455
2013-08-01,현대해상앞,26304,6851
2013-08-01,현충로역(3번출구),31793,14533
2013-08-01,현충로역(4번출구),24650,10169
2013-08-01,현충삼거리1,529,489
2013-08-01,현충삼거리2,2690,54
2013-08-01,현풍고속도로밑,167,39
2013-08-01,현풍농협,2751,322
2013-08-01,현풍면사무소건너,0,5
2013-08-01,현풍면사무소앞,1,0
2013-08-01,현풍삼거리,13,25
2013-08-01,현풍새마을금고,2836,400
2013-08-01,현풍시외버스터미널,2061,606
2013-08-01,현풍운전시험장,468,37
2013-08-01,현풍주공아파트,44,23
2013-08-01,현풍주공아파트2,11,61
2013-08-01,현풍주공아파트앞,415,62
2013-08-01,현풍중고등학교,47,49
2013-08-01,현풍중고등학교건너,1448,12
2013-08-01,현풍터미널건너,1553,166
2013-08-01,현풍터미널앞,464,428
2013-08-01,현풍할매곰탕,1749,490
2013-08-01,현풍할매곰탕건너,4531,394
2013-08-01,호산초등학교건너,128,24
2013-08-01,호산초등학교앞,102,159
2013-08-01,홈플러스내당점건너,8972,2226
2013-08-01,홈플러스내당점앞,6768,7002
2013-08-01,홈플러스대구점건너,14654,4132
2013-08-01,홈플러스대구점앞,21847,6333
2013-08-01,홈플러스동촌점건너,5786,2636
2013-08-01,홈플러스동촌점앞,11681,1744
2013-08-01,홈플러스칠곡점건너,10871,590
2013-08-01,홈플러스칠곡점앞,3337,1423
2013-08-01,홍천사건너,1553,42
2013-08-01,홍천사입구,85,82
2013-08-01,화남초등학교건너,36,205
2013-08-01,화남초등학교앞,6524,570
2013-08-01,화동초등학교건너,839,112
2013-08-01,화동초등학교앞,836,77
2013-08-01,화랑교1,1156,1940
2013-08-01,화랑교2,12263,689
2013-08-01,화성그랜드건너,364,35
2013-08-01,화성그랜드앞,203,66
2013-08-01,화성리버파크건너,5921,142
2013-08-01,화성리버파크앞,1104,421
2013-08-01,화성센트럴파크,3932,184
2013-08-01,화성쌍용타운건너,667,26
2013-08-01,화성쌍용타운앞1,865,165
2013-08-01,화성쌍용타운앞2,175,436
2013-08-01,화성전문요양원건너,2652,317
2013-08-01,화성전문요양원앞,1918,591
2013-08-01,화성파크뷰건너,11172,375
2013-08-01,화성파크뷰앞,677,946
2013-08-01,화영테크건너,12,42
2013-08-01,화영테크앞,480,14
2013-08-01,화원고등학교(종점),380,50
2013-08-01,화원고등학교(종점)2,38,78
2013-08-01,화원고등학교건너,6308,1279
2013-08-01,화원고등학교앞,8765,1104
2013-08-01,화원농협주유소건너,1603,438
2013-08-01,화원농협주유소앞,7385,910
2013-08-01,화원삼주타운건너,6729,240
2013-08-01,화원삼주타운앞,332,316
2013-08-01,화원시장건너,4032,378
2013-08-01,화원시장앞,151,471
2013-08-01,화원유원지(사문진주막촌),149,17
2013-08-01,화원유원지건너,183,14
2013-08-01,화원초등학교건너,21200,5995
2013-08-01,화원초등학교앞,30400,9981
2013-08-01,화전동1,22,43
2013-08-01,화전동2,485,3
2013-08-01,황금2동치안센터건너,1522,368
2013-08-01,황금2동치안센터앞,3416,168
2013-08-01,황금네거리1,27426,2594
2013-08-01,황금네거리2,8138,5440
2013-08-01,황금시장건너,233,82
2013-08-01,황금시장앞,1722,50
2013-08-01,황금우방1차건너,17023,2944
2013-08-01,황금우방1차앞,7026,1903
2013-08-01,황금초등학교건너,1664,564
2013-08-01,황금초등학교앞,5026,210
2013-08-01,황제맨션건너,7591,1525
2013-08-01,황제맨션앞,4412,569
2013-08-01,효동초등학교건너,3634,793
2013-08-01,효동초등학교앞,9186,624
2013-08-01,효목네거리1,8094,2061
2013-08-01,효목네거리2,2467,2586
2013-08-01,효목네거리3,19501,3620
2013-08-01,효성타운앞,15084,1101
2013-08-01,흥사단 대구지부건너,1699,343
2013-08-01,흥사단 대구지부앞,729,494
2013-08-01,흥성정공건너,360,5
2013-08-01,흥성정공앞,138,12
2013-08-01,희망교1,1235,174
2013-08-01,희성전자건너,21,28
2013-08-01,희성전자앞,483,45
2013-08-01,힐크레스트남문건너,1109,183
2013-08-01,힐크레스트남문앞,89,268
2013-08-01,힐크레스트입구,719,702
2013-09-01,(주)성안건너,42,291
2013-09-01,(주)영화건너,0,97
2013-09-01,(주)영화앞,508,0
2013-09-01,1차서한화성타운앞,655,88
2013-09-01,2.28기념중앙공원건너1,64211,17142
2013-09-01,2.28기념중앙공원건너2,19478,9744
2013-09-01,2.28기념중앙공원앞,157953,27823
2013-09-01,2차대자연맨션건너,2306,927
2013-09-01,2차대자연맨션앞,8800,780
2013-09-01,2차서한화성타운건너,35960,2420
2013-09-01,2차서한화성타운앞,17765,3920
2013-09-01,2호선반월당역1,20700,4724
2013-09-01,2호선반월당역2,15972,6969
2013-09-01,3공단새마을금고앞,4509,1358
2013-09-01,CGV대구한일건너,108236,26508
2013-09-01,CGV대구한일앞,31965,7606
2013-09-01,IHL건너,34,0
2013-09-01,IHL앞,17,2
2013-09-01,K-2입구,2171,534
2013-09-01,K2관사입구(종점),800,35
2013-09-01,KT남대구지사건너1,14626,3932
2013-09-01,KT남대구지사건너2,1989,684
2013-09-01,KT남대구지사앞1,21694,8313
2013-09-01,KT남대구지사앞2,1679,1004
2013-09-01,KT동대구지사건너,26151,9404
2013-09-01,KT동대구지사앞,16706,3082
2013-09-01,KT북대구지사건너,4186,397
2013-09-01,KT북대구지사앞,4000,607
2013-09-01,KT상동지사건너,3408,425
2013-09-01,KT상동지사앞,903,732
2013-09-01,KT서대구지사건너,20555,2569
2013-09-01,KT서대구지사앞,17949,4465
2013-09-01,LG물류센터건너,3750,1818
2013-09-01,LG물류센터앞,7799,2098
2013-09-01,MBC네거리,9305,1978
2013-09-01,SK리더스뷰건너,11924,1758
2013-09-01,SK리더스뷰앞,5772,2124
2013-09-01,STX메탈건너,1401,2206
2013-09-01,STX메탈앞,1205,304
2013-09-01,TBC건너,12037,613
2013-09-01,TBC앞,2964,2190
2013-09-01,TCN대구방송건너,1844,211
2013-09-01,TCN대구방송앞,3287,307
2013-09-01,㈜윔스건너,198,70
2013-09-01,㈜윔스앞,188,6
2013-09-01,가야농원,343,3
2013-09-01,가창농협건너,1545,2411
2013-09-01,가창농협앞,11118,747
2013-09-01,가창댐,13,15
2013-09-01,가창댐1,114,101
2013-09-01,가창면사무소건너,5905,3140
2013-09-01,가창면사무소앞,10360,1785
2013-09-01,가창중학교건너,5494,528
2013-09-01,가창중학교앞,176,194
2013-09-01,가창초등학교건너,2190,513
2013-09-01,가창초등학교앞,787,181
2013-09-01,가천동앞,83,6
2013-09-01,가천리,34,10
2013-09-01,가태2리마을입구,5,0
2013-09-01,가태리마을회관건너,63,0
2013-09-01,가태리마을회관앞,114,1
2013-09-01,각산역(1번출구),8780,1535
2013-09-01,각산역(2번출구),1699,1518
2013-09-01,갈실마을회관종점,390,25
2013-09-01,감문1리1,4,3
2013-09-01,감문1리2,270,0
2013-09-01,감문1리3,1,2
2013-09-01,감문1리4,111,0
2013-09-01,감삼네거리1,17897,5408
2013-09-01,감삼네거리2,54361,33619
2013-09-01,감삼초등학교건너,14619,1593
2013-09-01,감삼초등학교앞,7103,932
2013-09-01,갓골건너,447,0
2013-09-01,갓골앞,1,26
2013-09-01,갓바위,26144,520
2013-09-01,강남약국건너,50913,18502
2013-09-01,강남약국앞1,30037,9834
2013-09-01,강남약국앞2,10020,1419
2013-09-01,강동중·고등학교,15,318
2013-09-01,강동중·고등학교건너,7934,7
2013-09-01,강변동서마을건너,5752,605
2013-09-01,강변동서마을앞,3147,1164
2013-09-01,강북경찰서건너,1812,1025
2013-09-01,강북경찰서앞,3354,636
2013-09-01,강북중학교건너,45,791
2013-09-01,강북중학교앞,9700,18
2013-09-01,강산아파트건너,5043,4352
2013-09-01,강산아파트앞,6414,1041
2013-09-01,강정(종점),4,1
2013-09-01,강정보(디아크문화관)건너,14,12
2013-09-01,강정보(디아크문화관)입구,251,1
2013-09-01,강창교1,4964,117
2013-09-01,강창교2,168,429
2013-09-01,강창역(1번출구),4859,1410
2013-09-01,강창역(2번출구),23596,1321
2013-09-01,강창하이츠,9546,377
2013-09-01,거동교1,1027,157
2013-09-01,거동교2,1011,624
2013-09-01,건들바위건너,1400,441
2013-09-01,건들바위앞,689,852
2013-09-01,건영아파트건너,16762,4120
2013-09-01,건영캐스빌건너,11866,644
2013-09-01,건영캐스빌앞,383,606
2013-09-01,검단119안전센터(엑스코),59,68
2013-09-01,검단동대구축협앞,5180,38
2013-09-01,검단동주민센터건너,12035,93
2013-09-01,검단동주민센터앞,110,996
2013-09-01,검단상가아파트건너,2534,26
2013-09-01,검단상가아파트앞,9,84
2013-09-01,검단유성아파트(서편),9738,3247
2013-09-01,검단유성아파트건너,5782,2212
2013-09-01,검단유성아파트앞,17376,4435
2013-09-01,경기장네거리1,3841,1050
2013-09-01,경기장네거리2,4739,527
2013-09-01,경대교2,3634,512
2013-09-01,경대교건너,724,85
2013-09-01,경대교앞,599,432
2013-09-01,경대사대부설고등학교앞,24223,9020
2013-09-01,경대아파트건너,37095,1766
2013-09-01,경대아파트앞,10149,2350
2013-09-01,경덕여고,1003,135
2013-09-01,경동산업앞,69,0
2013-09-01,경명여고건너,3540,426
2013-09-01,경명여고앞,2297,758
2013-09-01,경북고교종점,1759,1408
2013-09-01,경북고등학교건너,12694,3693
2013-09-01,경북고등학교앞,18898,2436
2013-09-01,경북고등학교종점건너,1899,624
2013-09-01,경북공고건너,6131,2965
2013-09-01,경북공고앞,9112,2962
2013-09-01,경북공무원교육원1,765,151
2013-09-01,경북공무원교육원2,11,24
2013-09-01,경북교통,2849,1397
2013-09-01,경북교통앞,3405,1483
2013-09-01,경북기계공고건너,18275,2374
2013-09-01,경북기계공고앞,11327,4421
2013-09-01,경북농업기술원건너,87,114
2013-09-01,경북농업기술원앞,242,21
2013-09-01,경북대체육센터건너,26271,634
2013-09-01,경북대체육센터앞,4985,2643
2013-09-01,경북대학교병원건너,24305,9505
2013-09-01,경북대학교병원앞,40754,8740
2013-09-01,경북대학교북문건너,72093,3743
2013-09-01,경북대학교북문앞,35509,7604
2013-09-01,경북대학교서문건너,12243,1211
2013-09-01,경북대학교서문앞,4032,963
2013-09-01,경북대학교정문건너,13036,3245
2013-09-01,경북대학교정문앞,30864,4001
2013-09-01,경북대학교치과병원,23912,11326
2013-09-01,경북아파트건너(고산동),28881,2660
2013-09-01,경북아파트건너(신천동),8997,6418
2013-09-01,경북아파트앞(고산동),13304,3597
2013-09-01,경북아파트앞(신천동),6020,1831
2013-09-01,경북여상건너,14463,6728
2013-09-01,경북여상앞,13437,2350
2013-09-01,경북크랑크,1610,8
2013-09-01,경상감영공원건너,119637,25036
2013-09-01,경상감영공원앞,71777,49166
2013-09-01,경상북도농업인회관,377,17
2013-09-01,경상여자고등학교건너,3173,535
2013-09-01,경상여자고등학교앞,10644,2334
2013-09-01,경서중학교건너,357,391
2013-09-01,경서중학교앞,4883,53
2013-09-01,경신고등학교건너,51069,8698
2013-09-01,경신고등학교앞,37806,13129
2013-09-01,경운초등학교건너,2151,732
2013-09-01,경운초등학교앞,6324,3015
2013-09-01,경원고등학교건너,811,34
2013-09-01,경원고등학교앞,1591,132
2013-09-01,경일여자중학교건너,19211,970
2013-09-01,경일여자중학교앞,4696,1132
2013-09-01,경주최씨종가(종점),402,23
2013-09-01,경주최씨종가1,13,8
2013-09-01,경주최씨종가2,2,1
2013-09-01,경진테크빌앞,711,542
2013-09-01,경창산업,1186,79
2013-09-01,경희강재건너,780,441
2013-09-01,경희강재앞,2993,85
2013-09-01,계명대대명캠퍼스후문건너,2316,356
2013-09-01,계명대역(1번출구),2557,1601
2013-09-01,계명대역(2번출구),9431,2450
2013-09-01,계명대학교대명캠퍼스건너,17053,4989
2013-09-01,계명대학교대명캠퍼스앞,25386,5146
2013-09-01,계명대학교대명캠퍼스후문앞,2220,485
2013-09-01,계명대학교동문건너1,6780,1679
2013-09-01,계명대학교동문건너2,31810,7612
2013-09-01,계명대학교동문앞,24602,9309
2013-09-01,계명대학교정문건너,35537,1182
2013-09-01,계명대학교정문앞,5365,1891
2013-09-01,계명문화대학건너,10187,648
2013-09-01,계명문화대학앞,17899,6824
2013-09-01,고모동입구,4362,667
2013-09-01,고모역건너,242,35
2013-09-01,고모역앞,43,5
2013-09-01,고봉리,29,0
2013-09-01,고산2동주민센터건너,11245,3088
2013-09-01,고산2동주민센터앞,21197,2280
2013-09-01,고산골입구,7095,1148
2013-09-01,고산농협창고건너,1505,283
2013-09-01,고산농협창고앞,598,1599
2013-09-01,고산도서관,20722,12366
2013-09-01,고산정수사업소건너,3189,641
2013-09-01,고성아파트(서편),11581,4165
2013-09-01,고성아파트건너,2280,177
2013-09-01,고성아파트건너(서편),12529,3890
2013-09-01,고성아파트앞,1476,562
2013-09-01,고성지구대1,1724,530
2013-09-01,고성지구대2,3855,3213
2013-09-01,골안골,60,57
2013-09-01,골안골지하보도앞,2,68
2013-09-01,공고네거리1,34320,8004
2013-09-01,공고네거리2,12369,2501
2013-09-01,공군기지관사입구,6,36
2013-09-01,공단역1,9111,5807
2013-09-01,공단역2,14113,5756
2013-09-01,공단하수처리장건너,68,128
2013-09-01,공단하수처리장앞,322,17
2013-09-01,공산댐건너,1343,67
2013-09-01,공산댐앞,203,104
2013-09-01,공산동행정복지센터건너,849,283
2013-09-01,공산동행정복지센터앞,5729,282
2013-09-01,공산초등학교건너,457,163
2013-09-01,공산초등학교앞,2606,141
2013-09-01,공산파출소,248,391
2013-09-01,공항시장건너,12204,936
2013-09-01,공항시장앞,5452,1305
2013-09-01,곽병원건너,23782,15918
2013-09-01,곽병원앞1,28741,5618
2013-09-01,곽병원앞2,10511,2471
2013-09-01,관리공단,582,55
2013-09-01,관음공영주차장앞,1571,11
2013-09-01,관음농협앞,267,55
2013-09-01,관음동주민센터건너,751,67
2013-09-01,관음동주민센터앞,1296,29
2013-09-01,관음변전소1,4640,45
2013-09-01,관음변전소2,41,295
2013-09-01,관음변전소3,649,24
2013-09-01,관음변전소4,348,119
2013-09-01,관음어린이집,389,65
2013-09-01,관음중학교(북편),1044,16
2013-09-01,광명은하아파트건너,7922,3267
2013-09-01,광명은하아파트앞,12668,1687
2013-09-01,광명프레지던트아파트건너,14523,3650
2013-09-01,광장타운건너,18147,3479
2013-09-01,광장타운앞,18818,3828
2013-09-01,교대부설초등학교건너,5603,236
2013-09-01,교대부설초등학교앞,814,709
2013-09-01,교동시장앞,15259,1647
2013-09-01,교동초등학교건너,210,51
2013-09-01,교동초등학교앞,743,128
2013-09-01,교통연수원,17377,852
2013-09-01,교통연수원건너,13387,2989
2013-09-01,교항2리마을입구,117,339
2013-09-01,교항2리회관,2448,9
2013-09-01,교항리건너,1675,65
2013-09-01,교항리마을입구건너,148,4
2013-09-01,교항리앞,466,271
2013-09-01,구)달성군청건너,28149,4395
2013-09-01,구)달성군청앞,24194,20123
2013-09-01,구)대영학원건너,19027,3025
2013-09-01,구)대영학원앞,17605,7085
2013-09-01,구)화원IC,0,1
2013-09-01,구)효목2동행정복지센터건너,17386,1304
2013-09-01,구)효목2동행정복지센터앞,6307,1320
2013-09-01,구.남부정류장건너1,14269,14314
2013-09-01,구.남부정류장건너2,8707,7060
2013-09-01,구.남부정류장앞1,31931,5905
2013-09-01,구.남부정류장앞2,5670,1705
2013-09-01,구.동부정류장(남편),5444,1331
2013-09-01,구.동부정류장(메트로팔레스),13038,5199
2013-09-01,구.동부정류장건너,17041,3571
2013-09-01,구.동부정류장앞,10496,4038
2013-09-01,구둔산,555,30
2013-09-01,구룡촌건너,8,11
2013-09-01,구룡촌앞,69,0
2013-09-01,구병원건너,11870,5738
2013-09-01,구병원앞,30011,6010
2013-09-01,구삼폭포건너,0,6
2013-09-01,구삼폭포앞,87,1
2013-09-01,구암가구골목1,4464,192
2013-09-01,구암가구골목2,1526,372
2013-09-01,구암교1,8152,1301
2013-09-01,구암교2,1489,1061
2013-09-01,구암동1,1201,77
2013-09-01,구암동2,234,329
2013-09-01,구암역(운전면허시험장)1,6588,288
2013-09-01,구암역(운전면허시험장)2,3208,662
2013-09-01,구암초등학교건너,2778,326
2013-09-01,구암초등학교앞,5950,172
2013-09-01,구지농공단지1,6,10
2013-09-01,구지농공단지2,232,0
2013-09-01,구지면사무소건너,690,305
2013-09-01,구지면사무소앞,2436,376
2013-09-01,구지청아람건너,5818,135
2013-09-01,구지청아람앞,504,537
2013-09-01,국립대구과학관정문건너,12,3
2013-09-01,국립대구과학관정문앞,27,2
2013-09-01,국립대구박물관건너,15270,1288
2013-09-01,국립대구박물관앞,10463,2622
2013-09-01,국민건강보험공단건너,23634,3388
2013-09-01,국민건강보험공단앞,12473,10352
2013-09-01,국민은행3공단지점건너,5233,889
2013-09-01,국민은행3공단지점앞,3059,758
2013-09-01,국우동현대아파트건너,678,51
2013-09-01,국우동현대아파트앞,6496,334
2013-09-01,국채보상운동기념공원,7467,4093
2013-09-01,굿모닝병원건너,11975,3200
2013-09-01,굿모닝병원앞,18271,2901
2013-09-01,궁전아파트건너,46,236
2013-09-01,궁전아파트앞,2878,46
2013-09-01,귀남지휴게소1,21,0
2013-09-01,귀남지휴게소2,0,1
2013-09-01,그랜드호텔건너,33284,26331
2013-09-01,그랜드호텔앞,51813,14143
2013-09-01,그린빌4단지,68,413
2013-09-01,그린빌4단지건너,1044,21
2013-09-01,그린빌4단지앞,367,75
2013-09-01,근로복지공단대구병원건너,1863,168
2013-09-01,근로복지공단대구병원앞,3074,368
2013-09-01,근린공원축구장건너,165,279
2013-09-01,근린공원축구장앞,1124,38
2013-09-01,금강동,111,9
2013-09-01,금계초등학교(교항리),759,128
2013-09-01,금복주건너,2685,206
2013-09-01,금복주앞,1963,227
2013-09-01,금봉네거리1,13316,1041
2013-09-01,금봉네거리2,5759,725
2013-09-01,금사리하이빌APT건너,1857,182
2013-09-01,금사리하이빌APT앞,557,203
2013-09-01,금융감독원건너,1261,1666
2013-09-01,금포초등학교,2945,185
2013-09-01,금포초등학교건너,463,283
2013-09-01,금호기전,10,27
2013-09-01,금호지구(시내방향),48,0
2013-09-01,금호지구(종점방향),42,0
2013-09-01,기곡(종점),54,0
2013-09-01,기곡리1,7,0
2013-09-01,기곡리2,57,1
2013-09-01,기독교방송국건너,5746,2217
2013-09-01,기독교방송국앞,4839,1931
2013-09-01,기업은행대곡지점건너,138,1410
2013-09-01,기업은행대곡지점앞,24562,588
2013-09-01,기업은행죽전동지점건너,5619,582
2013-09-01,기업은행죽전동지점앞,3868,489
2013-09-01,김흥1리건너,43,0
2013-09-01,김흥1리앞,8,4
2013-09-01,김흥2리건너,6,3
2013-09-01,김흥2리앞,11,0
2013-09-01,김흥리마을입구,120,0
2013-09-01,남구청건너2,8279,6509
2013-09-01,남구청네거리1,10719,1198
2013-09-01,남구청네거리2,309,243
2013-09-01,남대구IC1,16151,940
2013-09-01,남대구IC2,6982,1119
2013-09-01,남명삼거리1,2181,222
2013-09-01,남명삼거리2,2620,527
2013-09-01,남문시장건너1,1124,150
2013-09-01,남문시장건너2,26017,12397
2013-09-01,남문시장앞,22023,9964
2013-09-01,남문아파트앞,589,306
2013-09-01,남부경찰서건너,11657,2484
2013-09-01,남부경찰서앞,15971,5573
2013-09-01,남부교육지원청건너,9121,808
2013-09-01,남부교육지원청앞,5587,1064
2013-09-01,남부도서관앞,182,689
2013-09-01,남부자동차종합시장건너,3297,252
2013-09-01,남부자동차종합시장앞,988,337
2013-09-01,남부초등학교건너,1316,48
2013-09-01,남부초등학교앞,698,223
2013-09-01,남부초등학교앞2,5931,823
2013-09-01,남산2동주민센터건너,211,217
2013-09-01,남산2동주민센터앞,747,41
2013-09-01,남산고등학교건너,1093,46
2013-09-01,남산고등학교앞,416,207
2013-09-01,남산역(프린스호텔건너),10402,2867
2013-09-01,남산역건너(프린스호텔앞),20152,7923
2013-09-01,남산주유소건너,1578,867
2013-09-01,남산주유소앞,2123,190
2013-09-01,남산초등학교건너,18878,2951
2013-09-01,남산초등학교앞,13821,5957
2013-09-01,남산휴먼시아앞,1973,388
2013-09-01,내2리새마을회관건너,60,0
2013-09-01,내2리새마을회관앞,5,9
2013-09-01,내당1동우체국건너,2727,246
2013-09-01,내당1동우체국앞,2786,290
2013-09-01,내당광명아파트,4032,1907
2013-09-01,내당삼익맨션건너,29237,7260
2013-09-01,내당삼익맨션앞,15054,13540
2013-09-01,내당코오롱아파트건너,7110,6729
2013-09-01,내당코오롱아파트앞,8235,856
2013-09-01,내동,1091,32
2013-09-01,내동건너,43,113
2013-09-01,내리1,6,8
2013-09-01,내리2,13,2
2013-09-01,내일교회건너,184,29
2013-09-01,내일교회앞,768,25
2013-09-01,냉천2리,147,13
2013-09-01,냉천리1,2399,94
2013-09-01,냉천리2,68,338
2013-09-01,노곡동,3736,67
2013-09-01,노변중학교,881,77
2013-09-01,노변중학교건너,1291,57
2013-09-01,노변청구타운건너,193,68
2013-09-01,노변청구타운앞,460,89
2013-09-01,노원119안전센터건너,6338,2303
2013-09-01,노원119안전센터앞,3969,554
2013-09-01,노원네거리(공단세차장건너),487,1008
2013-09-01,노원네거리(공단세차장앞),6656,402
2013-09-01,노원네거리(대구은행건너),1181,205
2013-09-01,노원네거리(대구은행앞),4592,556
2013-09-01,노원네거리1,4623,1796
2013-09-01,노원네거리2,9591,1213
2013-09-01,노원동화타운건너,596,351
2013-09-01,노원동화타운앞,4993,327
2013-09-01,녹동서원앞,15,9
2013-09-01,녹원맨션1,3490,1308
2013-09-01,녹원맨션2,11425,824
2013-09-01,논공삼거리1,2239,15
2013-09-01,논공삼거리2,319,201
2013-09-01,논공읍사무소,849,400
2013-09-01,논공읍사무소건너1,3567,161
2013-09-01,논공읍사무소건너2,281,167
2013-09-01,농산물도매시장건너,60,14
2013-09-01,농산물도매시장앞,1657,79
2013-09-01,농수산물도매시장건너,3878,1480
2013-09-01,농수산물도매시장앞,8710,1754
2013-09-01,농촌진흥원입구,184,105
2013-09-01,농협동촌지점,535,144
2013-09-01,농협방촌지점,2008,139
2013-09-01,농협비료창고건너(연경),28,29
2013-09-01,농협비료창고앞(연경),9,2
2013-09-01,농협중앙회건너,30976,9850
2013-09-01,농협중앙회앞,36282,23076
2013-09-01,농협중앙회중동지점건너,1791,131
2013-09-01,농협중앙회중동지점앞,1068,302
2013-09-01,농협하나로마트건너,33,842
2013-09-01,능골1,127,1517
2013-09-01,능골건너,2139,55
2013-09-01,능성동(종점),413,13
2013-09-01,능성동예비군훈련장,763,17
2013-09-01,능성동입구건너,699,1
2013-09-01,능성동입구앞,5,51
2013-09-01,다리골,51,0
2013-09-01,다사고등학교건너,10483,2154
2013-09-01,다사고등학교앞,985,1075
2013-09-01,다사농협주유소건너,382,556
2013-09-01,다사농협주유소앞,8586,328
2013-09-01,다사역(4번출구),114,3
2013-09-01,다사읍사무소건너,6945,432
2013-09-01,다사읍사무소서재출장소건너,418,6
2013-09-01,다사읍사무소서재출장소앞,74,99
2013-09-01,다사읍사무소앞,10,322
2013-09-01,다사주공아파트건너,97,1
2013-09-01,다사주공아파트앞,3,109
2013-09-01,다사체육공원건너,4,1
2013-09-01,다사체육공원앞,31,0
2013-09-01,다사초등학교건너,28,2
2013-09-01,다사초등학교앞,0,29
2013-09-01,단산리(종점),527,3
2013-09-01,단산리입구,240,2
2013-09-01,달구벌종합복지관건너,911,147
2013-09-01,달구벌종합복지관앞,557,91
2013-09-01,달서공고건너,298,48
2013-09-01,달서공고앞,699,27
2013-09-01,달서교회건너,21425,3327
2013-09-01,달서교회앞,20455,6337
2013-09-01,달서구새마을회건너,3536,144
2013-09-01,달서구새마을회앞,1206,202
2013-09-01,달서구청건너,20045,2120
2013-09-01,달서구청앞,5854,2538
2013-09-01,달서종합시장건너,1533,422
2013-09-01,달서종합시장앞,1205,169
2013-09-01,달서중고등학교,84,15
2013-09-01,달서중고등학교건너,636,0
2013-09-01,달서천하수종말처리장건너,90,1
2013-09-01,달서천하수종말처리장앞,1,0
2013-09-01,달서초교,1600,42
2013-09-01,달성2차공단관리청사,360,74
2013-09-01,달성2차산업단지출장소앞,1,7
2013-09-01,달성경찰서,1586,390
2013-09-01,달성경찰서건너,2699,89
2013-09-01,달성공원건너,13750,4107
2013-09-01,달성공원앞,18868,11557
2013-09-01,달성군민운동장건너,1565,93
2013-09-01,달성군민운동장앞,848,172
2013-09-01,달성군선거관리위원회건너,328,108
2013-09-01,달성군선거관리위원회앞,39,446
2013-09-01,달성군청건너,2577,97
2013-09-01,달성군청앞,351,366
2013-09-01,달성기와건너,142,82
2013-09-01,달성기와앞,800,33
2013-09-01,달성도서관입구,2,0
2013-09-01,달성문화원건너,1,0
2013-09-01,달성문화원앞,1,0
2013-09-01,달성산업단지건너,193,44
2013-09-01,달성산업단지관리공단1,3,8
2013-09-01,달성산업단지관리공단2,16,0
2013-09-01,달성소방서건너,285,54
2013-09-01,달성소방서앞,259,81
2013-09-01,달성스포츠파크건너,1,7
2013-09-01,달성예비군훈련장건너,777,164
2013-09-01,달성예비군훈련장앞,1872,492
2013-09-01,달성우체국건너,531,571
2013-09-01,달성우체국앞,5164,168
2013-09-01,달성중학교건너,4828,947
2013-09-01,달성중학교앞,19807,2482
2013-09-01,달성초등학교건너,3660,1154
2013-09-01,달성초등학교앞,2171,376
2013-09-01,달성취수장건너,24,60
2013-09-01,달성취수장앞,78,26
2013-09-01,달창저수지,73,0
2013-09-01,달천리(시내방향),138,0
2013-09-01,달천리(시외방향),59,1
2013-09-01,담안마을1,3,18
2013-09-01,담안마을2,380,2
2013-09-01,담티고개1,434,315
2013-09-01,담티고개2,1200,459
2013-09-01,당동마을건너,570,5
2013-09-01,당동마을앞,4,4
2013-09-01,당정마을입구,28,13
2013-09-01,당정마을입구건너,194,4
2013-09-01,대1리용흥지건너,46,0
2013-09-01,대1리용흥지앞,23,15
2013-09-01,대곡강산타운,23682,873
2013-09-01,대곡강산타운건너,3871,1498
2013-09-01,대곡사계절타운건너,16690,891
2013-09-01,대곡사계절타운앞,5628,1784
2013-09-01,대곡역(1번출구),52283,4224
2013-09-01,대곡역(2번출구),21153,52692
2013-09-01,대곡역(한라하우젠트건너),20208,2325
2013-09-01,대곡역(한라하우젠트앞),6126,16520
2013-09-01,대곡역그린빌,8269,4165
2013-09-01,대곡주공1단지앞,4841,1546
2013-09-01,대곡주공2단지앞,23852,637
2013-09-01,대곡주공6단지앞,3594,531
2013-09-01,대곡주공7단지앞,15782,879
2013-09-01,대곡주공8단지건너,18635,3118
2013-09-01,대곡주공8단지앞,14165,2136
2013-09-01,대곡중학교건너,4449,510
2013-09-01,대곡중학교앞,2724,532
2013-09-01,대공원역(1번출구),2639,8212
2013-09-01,대공원역(5번출구),7202,1639
2013-09-01,대구가톨릭대학병원건너,23004,3311
2013-09-01,대구가톨릭대학병원앞,19540,2803
2013-09-01,대구경북과학기술원,142,16
2013-09-01,대구경북과학기술원기숙사,109,31
2013-09-01,대구고등학교건너,38156,8566
2013-09-01,대구고등학교앞,15279,4256
2013-09-01,대구고용노동청건너,16381,1793
2013-09-01,대구고용노동청앞,4517,1470
2013-09-01,대구공업대학1,14984,4098
2013-09-01,대구공업대학2,4295,1920
2013-09-01,대구공업대학건너,7641,2557
2013-09-01,대구공업대학앞,6841,2561
2013-09-01,대구과학고등학교건너,10889,4863
2013-09-01,대구과학고등학교앞,15777,2826
2013-09-01,대구과학대학1,23824,12876
2013-09-01,대구과학대학2,67250,9554
2013-09-01,대구과학대학건너,3822,111
2013-09-01,대구과학대학앞,1134,229
2013-09-01,대구광역시교육연수원건너,14316,1007
2013-09-01,대구광역시교육연수원앞,7218,1833
2013-09-01,대구광역시청건너,1817,356
2013-09-01,대구광역시청앞,397,504
2013-09-01,대구교도소건너,8612,4953
2013-09-01,대구교도소앞,28276,3451
2013-09-01,대구교육대건너,13409,7196
2013-09-01,대구교육대앞,23096,2599
2013-09-01,대구교통방송건너,6867,4753
2013-09-01,대구교통방송앞,18825,1650
2013-09-01,대구국제공항건너,23386,16281
2013-09-01,대구국제공항앞,25568,10971
2013-09-01,대구글로벌교육센터건너,5348,6121
2013-09-01,대구글로벌교육센터앞,4419,615
2013-09-01,대구농업마이스터고건너,19243,3396
2013-09-01,대구농업마이스터고앞,11117,7339
2013-09-01,대구농업마이스터고후문건너,1835,651
2013-09-01,대구농업마이스터고후문앞,2628,237
2013-09-01,대구도시공사앞,15470,3452
2013-09-01,대구동부고용복지플러스센터,11540,5333
2013-09-01,대구동촌유치원,1097,153
2013-09-01,대구디지털산업진흥원건너,25663,5176
2013-09-01,대구디지털산업진흥원앞,17546,5419
2013-09-01,대구맨션건너,2022,330
2013-09-01,대구맨션앞,4515,712
2013-09-01,대구문화방송건너,11723,4017
2013-09-01,대구문화방송앞,15590,3998
2013-09-01,대구미술관건너,1662,273
2013-09-01,대구미술관앞,2145,125
2013-09-01,대구병원건너,28884,3140
2013-09-01,대구병원앞,12581,6455
2013-09-01,대구보건고등학교건너,18760,5059
2013-09-01,대구보건고등학교앞,13099,2146
2013-09-01,대구보건대학3,14982,6372
2013-09-01,대구보건대학4,43569,3373
2013-09-01,대구보건대학5,100,17
2013-09-01,대구보건대학건너1,2496,93
2013-09-01,대구보건대학건너2,16208,235
2013-09-01,대구보건대학앞1,952,464
2013-09-01,대구보건대학앞2,1699,634
2013-09-01,대구보훈요양원건너,1,10
2013-09-01,대구보훈요양원앞,103,1
2013-09-01,대구비지니스센터건너,3936,694
2013-09-01,대구비지니스센터앞,4327,360
2013-09-01,대구사격장,51,0
2013-09-01,대구삼성창조캠퍼스1,1533,340
2013-09-01,대구삼성창조캠퍼스2,469,543
2013-09-01,대구선방촌공원,1276,37
2013-09-01,대구소방본부건너,500,192
2013-09-01,대구소방본부앞,1632,2412
2013-09-01,대구스타디움건너,5072,825
2013-09-01,대구스타디움앞,5489,1429
2013-09-01,대구시교육청건너,1459,237
2013-09-01,대구시교육청앞,1678,6194
2013-09-01,대구시설공단건너,18126,4157
2013-09-01,대구시설공단앞,12606,10315
2013-09-01,대구시설관리사업소,14,82
2013-09-01,대구시지노인전문병원건너,0,1
2013-09-01,대구시지노인전문병원앞,709,792
2013-09-01,대구신문사,491,264
2013-09-01,대구애견훈련학교건너,322,0
2013-09-01,대구애견훈련학교앞,3,6
2013-09-01,대구역,1167,437
2013-09-01,대구역건너,31871,17526
2013-09-01,대구역꽃시장,672,459
2013-09-01,대구역북편네거리1,35240,7217
2013-09-01,대구역북편네거리2,14179,11808
2013-09-01,대구역센트럴자이,1234,119
2013-09-01,대구역앞,42833,13003
2013-09-01,대구예담학교,132,10
2013-09-01,대구우편집중국(동편),4,13
2013-09-01,대구우편집중국앞,2408,1234
2013-09-01,대구은행3공단지점앞,6310,574
2013-09-01,대구은행북비산지점건너1,13068,2944
2013-09-01,대구은행북비산지점건너2,3007,749
2013-09-01,대구은행북비산지점앞,40488,8822
2013-09-01,대구은행산격지점앞,916,160
2013-09-01,대구은행역(1번출구),34847,14681
2013-09-01,대구은행역(2번출구),38604,10819
2013-09-01,대구은행제2본점앞,14527,3486
2013-09-01,대구은행칠곡지점건너,9168,3337
2013-09-01,대구은행칠곡지점앞,29504,4034
2013-09-01,대구은행평리동지점건너,3793,1167
2013-09-01,대구은행평리동지점앞,6876,1553
2013-09-01,대구의료원건너,7648,1085
2013-09-01,대구의료원라파엘웰빙센터,1977,122
2013-09-01,대구의료원라파엘웰빙센터건너,422,560
2013-09-01,대구의료원앞,5349,991
2013-09-01,대구일마이스터고교건너,4613,939
2013-09-01,대구일마이스터고교앞,9578,1028
2013-09-01,대구전자공고남편,117,593
2013-09-01,대구전자공업고등학교1,8529,658
2013-09-01,대구전자공업고등학교2,1154,4053
2013-09-01,대구제일고등학교건너,43231,11039
2013-09-01,대구제일고등학교앞,38373,22681
2013-09-01,대구중앙중고등학교건너,30999,5429
2013-09-01,대구중앙중고등학교앞,30600,5549
2013-09-01,대구중앙중학교건너,3069,49
2013-09-01,대구중앙중학교앞,319,1994
2013-09-01,대구중학교건너,1885,404
2013-09-01,대구중학교앞,6236,1147
2013-09-01,대구지료재생사,81,31
2013-09-01,대구지방경찰청,6766,458
2013-09-01,대구지방법원등기국건너,5611,5502
2013-09-01,대구지방법원등기국앞,2522,859
2013-09-01,대구지방법원서부지원,674,66
2013-09-01,대구차여성병원건너,5288,4963
2013-09-01,대구차여성병원앞,15325,2105
2013-09-01,대구콘서트하우스건너,18966,21789
2013-09-01,대구콘서트하우스앞,27873,9219
2013-09-01,대구텍건너,717,469
2013-09-01,대구텍앞,6395,982
2013-09-01,대구학생문화센터,182,71
2013-09-01,대구학생수련관입구건너,1007,6
2013-09-01,대구학생수련관입구앞,20,122
2013-09-01,대구한의대학교부속한방병원건너,274,152
2013-09-01,대구한의대학교부속한방병원앞,6504,395
2013-09-01,대구향교건너,2510,2383
2013-09-01,대구향교앞,2344,667
2013-09-01,대덕마을건너,663,568
2013-09-01,대덕마을앞,391,107
2013-09-01,대덕맨션앞,9980,304
2013-09-01,대덕문화전당건너,1790,134
2013-09-01,대덕문화전당앞,57,104
2013-09-01,대덕승마장건너,447,19
2013-09-01,대덕승마장앞,123,56
2013-09-01,대덕식당건너,326,509
2013-09-01,대덕식당앞,5294,254
2013-09-01,대덕천주교회1,1956,447
2013-09-01,대덕천주교회2,2896,160
2013-09-01,대덕천주교회3,3949,100
2013-09-01,대덕천주교회4,288,483
2013-09-01,대덕초등학교,667,12
2013-09-01,대동공업,150,118
2013-09-01,대동공업건너,856,36
2013-09-01,대동금속건너,1970,41
2013-09-01,대동금속앞,640,148
2013-09-01,대동시장1,4929,846
2013-09-01,대동시장2,9349,654
2013-09-01,대륜중고등학교건너,4977,3452
2013-09-01,대륜중고등학교앞,10286,859
2013-09-01,대리,395,3
2013-09-01,대리마을앞,39,55
2013-09-01,대리마을회관,411,5
2013-09-01,대리마을회관건너,33,19
2013-09-01,대림생수,915,38
2013-09-01,대림생수앞,63,278
2013-09-01,대림육교1,225,12012
2013-09-01,대림육교2,5002,156
2013-09-01,대명6동주민센터건너,2796,345
2013-09-01,대명6동주민센터앞,2786,162
2013-09-01,대명시장건너,24736,6506
2013-09-01,대명시장앞,23789,7038
2013-09-01,대명역(1번출구),20482,4287
2013-09-01,대명역(2번출구),14731,3218
2013-09-01,대명중학교건너,60,215
2013-09-01,대명중학교앞,2947,122
2013-09-01,대명초등학교건너,8655,2829
2013-09-01,대명초등학교앞,13738,3898
2013-09-01,대백인터빌건너,24492,4210
2013-09-01,대백인터빌앞,19560,10711
2013-09-01,대백창신한라타운건너,15741,1627
2013-09-01,대백창신한라타운앞,3428,1535
2013-09-01,대백프라자건너,24622,5679
2013-09-01,대백프라자앞,30595,6292
2013-09-01,대백한라무지개타운건너,21149,933
2013-09-01,대백한라무지개타운앞,8882,2050
2013-09-01,대봉교회,9945,4217
2013-09-01,대봉네거리1,5158,494
2013-09-01,대봉네거리2,2659,2459
2013-09-01,대봉도서관건너,1615,401
2013-09-01,대봉도서관앞,4182,877
2013-09-01,대봉성당,12111,3851
2013-09-01,대산,3,7
2013-09-01,대서초등학교앞,491,113
2013-09-01,대성공업건너,382,4297
2013-09-01,대성공업앞,3225,87
2013-09-01,대성유니드앞,2781,81
2013-09-01,대성테크앞,227,8
2013-09-01,대신동광명맨션앞,1792,261
2013-09-01,대신센트럴자이,6228,584
2013-09-01,대실역(1번출구),8684,3479
2013-09-01,대실역(2번출구),28575,3246
2013-09-01,대실역(4번출구),2102,23
2013-09-01,대실역1,57,22
2013-09-01,대실역2,1,50
2013-09-01,대실역청아람건너,9592,90
2013-09-01,대실역청아람앞,455,2062
2013-09-01,대우트럼프월드수성건너,15496,1252
2013-09-01,대우트럼프월드수성앞,4959,1533
2013-09-01,대원고등학교,6383,11474
2013-09-01,대원고등학교건너,12598,1370
2013-09-01,대원사건너(공산동),56,68
2013-09-01,대원사앞(공산동),190,3
2013-09-01,대원사입구,215,0
2013-09-01,대원유치원건너,7521,2744
2013-09-01,대원유치원앞,10221,614
2013-09-01,대일1리마을회관건너,201,49
2013-09-01,대일1리점촌마을,12,33
2013-09-01,대일아파트건너,12306,2800
2013-09-01,대일아파트앞,14483,2146
2013-09-01,대자연맨션,21314,1477
2013-09-01,대자연맨션건너,3152,1849
2013-09-01,대중인벤트,152,37
2013-09-01,대진중고등학교건너,848,90
2013-09-01,대진중고등학교앞,639,120
2013-09-01,대천119안전센터건너,1190,10
2013-09-01,대천119안전센터앞,450,67
2013-09-01,대천교,1471,563
2013-09-01,대천초등학교건너,560,157
2013-09-01,대천초등학교앞,2551,81
2013-09-01,대청초등학교건너,237,664
2013-09-01,대청초등학교앞,13863,695
2013-09-01,대평2리,472,1
2013-09-01,대평교회앞,47,7
2013-09-01,대평리시장,14334,2274
2013-09-01,대평중학교건너,12166,1015
2013-09-01,대평중학교앞,5999,920
2013-09-01,대홍철강,664,32
2013-09-01,대흥동건너,354,58
2013-09-01,대흥동앞,464,307
2013-09-01,덕곡(달구벌고교),418,12
2013-09-01,덕곡(대구선명학교),76,24
2013-09-01,덕곡삼거리1,37,145
2013-09-01,덕곡삼거리2,1067,13
2013-09-01,덕산마을건너,0,6
2013-09-01,덕산마을앞,266,2
2013-09-01,덕원고등학교건너,5609,2552
2013-09-01,덕원고등학교앞,5763,1229
2013-09-01,덕인초등학교건너,2615,544
2013-09-01,덕인초등학교앞,2010,363
2013-09-01,덕화중학교건너,10897,745
2013-09-01,덕화중학교앞,4190,3170
2013-09-01,덴티스앞,243,16
2013-09-01,도남동,276,0
2013-09-01,도남동(종점),285,2
2013-09-01,도남지,102,0
2013-09-01,도동,5,11
2013-09-01,도동교1,992,10
2013-09-01,도동교2,14,22
2013-09-01,도동서원,238,5
2013-09-01,도동청구타운건너,69,24
2013-09-01,도동청구타운앞,1432,75
2013-09-01,도시철도건설본부건너,1794,3146
2013-09-01,도시철도건설본부앞,26069,6846
2013-09-01,도시철도담티역(1번출구),34459,7902
2013-09-01,도시철도담티역(3번출구),24427,12147
2013-09-01,도시철도대구역,861,581
2013-09-01,도시철도수성구청역북편1,395,5886
2013-09-01,도시철도수성구청역북편2,2871,107
2013-09-01,도의리,128,7
2013-09-01,도평동입구1,787,154
2013-09-01,도평동입구2,275,292
2013-09-01,도평동행정복지센터1,3,14
2013-09-01,도평동행정복지센터2,155,4
2013-09-01,도학동,1349,5
2013-09-01,도학동1,36,60
2013-09-01,동곡1리1,10,0
2013-09-01,동곡1리2,170,0
2013-09-01,동곡1리3,101,2
2013-09-01,동곡리,182,0
2013-09-01,동곡초등학교건너,397,3
2013-09-01,동곡초등학교앞,65,79
2013-09-01,동구시장건너,9436,2046
2013-09-01,동구시장앞,8132,1861
2013-09-01,동구청건너,62328,33571
2013-09-01,동구청앞,61540,23191
2013-09-01,동구청역(3번출구),8511,1101
2013-09-01,동구청역(4번출구),2505,1377
2013-09-01,동대구LPG충전소건너,1326,128
2013-09-01,동대구LPG충전소앞,760,148
2013-09-01,동대구맨션,11297,4582
2013-09-01,동대구시장건너,14003,3772
2013-09-01,동대구시장앞,24186,4506
2013-09-01,동대구역,57647,26073
2013-09-01,동대구역건너,59931,23585
2013-09-01,동대구역복합환승센터건너,53714,15560
2013-09-01,동대구역복합환승센터앞,49047,27923
2013-09-01,동대구역수화물취급소건너,382,170
2013-09-01,동대구역수화물취급소앞,364,171
2013-09-01,동대구역지하도1,4632,4160
2013-09-01,동대구역지하도2,13575,1689
2013-09-01,동대구초등학교건너,2166,81
2013-09-01,동대구초등학교앞,679,203
2013-09-01,동도중학교건너,11405,1991
2013-09-01,동도중학교앞,17335,1669
2013-09-01,동문고등학교앞,1194,261
2013-09-01,동변주공그린빌건너,2821,512
2013-09-01,동변주공그린빌앞,10618,321
2013-09-01,동부경찰서건너,2048,839
2013-09-01,동부경찰서앞,10889,381
2013-09-01,동부고교건너,1595,446
2013-09-01,동부고교앞,7400,1258
2013-09-01,동부소방서건너,551,4780
2013-09-01,동부소방서앞,5796,422
2013-09-01,동부시외버스터미널(순환2번),2363,274
2013-09-01,동부중학교건너,4839,335
2013-09-01,동부중학교앞,2702,2096
2013-09-01,동북주유소건너,158,76
2013-09-01,동북주유소앞,97,93
2013-09-01,동산의료원앞1,32925,10005
2013-09-01,동산의료원앞2,16482,9179
2013-09-01,동서교회건너,3219,368
2013-09-01,동서교회앞,1458,719
2013-09-01,동서변리벤빌,10437,1470
2013-09-01,동서변월드메르디앙아파트,3221,399
2013-09-01,동서아파트건너,249,16
2013-09-01,동서아파트앞,51,11
2013-09-01,동서화성타운건너,33570,1793
2013-09-01,동서화성타운앞,16213,3263
2013-09-01,동성에스티에스건너,19,3
2013-09-01,동성에스티에스앞,37,3
2013-09-01,동성초등학교건너,3081,3925
2013-09-01,동성초등학교앞,6274,1978
2013-09-01,동신초등학교건너,3188,804
2013-09-01,동신초등학교앞,2720,2136
2013-09-01,동아백화점수성점건너,12025,14260
2013-09-01,동아백화점수성점앞,61051,1803
2013-09-01,동아수산냉동건너,491,399
2013-09-01,동아수산냉동앞,434,60
2013-09-01,동아스포츠센터(지산중학교앞),1756,820
2013-09-01,동아스포츠센터(지산초교앞),9663,278
2013-09-01,동아제약,532,96
2013-09-01,동아제약건너,1814,32
2013-09-01,동양맨션앞,3480,242
2013-09-01,동원약품,8310,841
2013-09-01,동원초등학교건너,1497,315
2013-09-01,동원초등학교앞1,1526,289
2013-09-01,동원초등학교앞2,2226,247
2013-09-01,동인네거리1,1713,329
2013-09-01,동인네거리2,1942,506
2013-09-01,동인초등학교건너,14483,3820
2013-09-01,동인초등학교앞,12374,3146
2013-09-01,동인치안센터건너,17969,5734
2013-09-01,동인치안센터앞,11004,5251
2013-09-01,동일초등학교건너,2462,977
2013-09-01,동일초등학교앞,3275,1040
2013-09-01,동천역1,539,115
2013-09-01,동천역2,1141,159
2013-09-01,동촌강나루아파트건너,3260,676
2013-09-01,동촌강나루아파트앞,3388,6540
2013-09-01,동촌역,658,181
2013-09-01,동촌역(구길),1999,220
2013-09-01,동촌역(신길)1,6294,1141
2013-09-01,동촌역(신길)2,4581,1952
2013-09-01,동촌유원지,796,89
2013-09-01,동촌유원지놀이동산앞,253,74
2013-09-01,동촌해성아파트건너,166,124
2013-09-01,동촌해성아파트앞,1010,827
2013-09-01,동촌화성타운건너,12200,1087
2013-09-01,동촌화성타운앞,8064,1863
2013-09-01,동침산네거리,2130,651
2013-09-01,동침산네거리2,8,114
2013-09-01,동호동건너(북구),931,60
2013-09-01,동호동앞(북구),68,56
2013-09-01,동호육교1,232,540
2013-09-01,동호육교2,8194,294
2013-09-01,동호초등학교건너,698,22
2013-09-01,동화골든빌(남편),5197,146
2013-09-01,동화골든빌(동편),4015,1315
2013-09-01,동화골든빌(북편),94,183
2013-09-01,동화골든빌건너(남편),22,296
2013-09-01,동화교1,28,172
2013-09-01,동화교2,2926,3
2013-09-01,동화사입구건너,6040,7
2013-09-01,동화사입구앞,50,382
2013-09-01,동화시설집단지구(종점)1,7917,16
2013-09-01,동화시설집단지구(종점)2(대구시민안전테마파크),2331,259
2013-09-01,두류3동파출소건너,785,101
2013-09-01,두류3동파출소앞,583,204
2013-09-01,두류공원(야외음악당건너),1039,44
2013-09-01,두류공원(야외음악당앞),764,117
2013-09-01,두류공원네거리1,13075,2687
2013-09-01,두류공원네거리2,4364,4163
2013-09-01,두류도서관앞,9165,2666
2013-09-01,두류보성맨션건너,6750,653
2013-09-01,두류보성맨션앞,3647,3031
2013-09-01,두류수영장건너,20477,4781
2013-09-01,두류수영장앞,21152,4316
2013-09-01,두류역(달성고등학교건너),34792,8872
2013-09-01,두류역(달성고등학교앞),55843,33563
2013-09-01,두류정수사업소건너,19325,3031
2013-09-01,두류정수사업소앞,5172,4443
2013-09-01,두류파출소건너,804,70
2013-09-01,두류파출소앞,192,179
2013-09-01,두리봉네거리1,4296,11250
2013-09-01,두리봉네거리2,15971,3664
2013-09-01,두리봉터널입구,1720,395
2013-09-01,두리봉터널입구건너,4520,170
2013-09-01,두산동주민센터건너,16941,3949
2013-09-01,두산동주민센터앞,10028,5623
2013-09-01,두산스포츠건너,1660,177
2013-09-01,두성파크아파트건너,26330,8674
2013-09-01,두성파크아파트앞,11044,7650
2013-09-01,둔산동,1653,2
2013-09-01,들안길1,1128,572
2013-09-01,들안길2,4723,311
2013-09-01,들안길네거리1,6082,183
2013-09-01,들안길네거리2,1114,1569
2013-09-01,들안길초등학교건너,5400,2220
2013-09-01,들안길초등학교앞,5347,1438
2013-09-01,들연경,101,1
2013-09-01,럭키아파트건너,307,344
2013-09-01,럭키아파트앞,2585,55
2013-09-01,롯데백화점상인점건너,12330,5034
2013-09-01,롯데캐슬그랜드,638,682
2013-09-01,룸비니유치원건너,3001,266
2013-09-01,룸비니유치원앞,2258,311
2013-09-01,마비정벽화마을(종점),607,16
2013-09-01,만경관건너,8402,3836
2013-09-01,만경관앞,11423,3262
2013-09-01,만촌1동주민센터,3269,506
2013-09-01,만촌2동주민센터,16360,4233
2013-09-01,만촌3차화성파크드림건너,4524,613
2013-09-01,만촌그린빌라건너,741,78
2013-09-01,만촌역(1번출구),662,5816
2013-09-01,만촌우방1차건너,7805,181
2013-09-01,만촌우방1차앞,347,582
2013-09-01,만촌육교1,56188,12371
2013-09-01,만촌육교2,8948,17839
2013-09-01,만촌자전거경기장,3,49
2013-09-01,만촌천주교회앞,218,142
2013-09-01,만촌초등학교건너1,2666,382
2013-09-01,만촌초등학교건너2,3905,248
2013-09-01,만촌초등학교앞,3050,335
2013-09-01,만촌태왕리더스건너,4429,327
2013-09-01,만촌태왕리더스건너(남편),314,1475
2013-09-01,만촌태왕리더스북편,593,167
2013-09-01,만촌태왕리더스앞1,6196,6233
2013-09-01,만촌태왕리더스앞2,2057,264
2013-09-01,만촌화성파크스위트,45,98
2013-09-01,만평네거리,7034,3050
2013-09-01,만평역(서대구고속버스터미널)1,9291,4196
2013-09-01,만평역(서대구고속버스터미널)2,8125,7903
2013-09-01,망우당공원(종점),1197,342
2013-09-01,망우당공원건너,1561,970
2013-09-01,망우당공원앞,5557,2417
2013-09-01,매곡(종점),161,87
2013-09-01,매곡사거리1,796,1153
2013-09-01,매곡사거리2,11720,376
2013-09-01,매곡정수사업소건너,2651,452
2013-09-01,매곡정수사업소앞,34,17
2013-09-01,매곡초등학교건너,50,239
2013-09-01,매골1,5,32
2013-09-01,매골2,255,4
2013-09-01,매여동(동구)저탄장,586,39
2013-09-01,매일신문사건너,145,209
2013-09-01,매일신문사앞,1477,220
2013-09-01,매천고교,1618,107
2013-09-01,매천대교1,1183,86
2013-09-01,매천대교2,3,5
2013-09-01,매천성당건너1,3142,213
2013-09-01,매천성당건너2,725,212
2013-09-01,매천성당앞,5519,236
2013-09-01,매천수산시장건너,1814,134
2013-09-01,매천수산시장앞,1808,188
2013-09-01,매천시장지하차도,1881,167
2013-09-01,매천중고등학교건너,4395,2786
2013-09-01,매천중고등학교앞,16029,1002
2013-09-01,매천초교(매천역)2,1032,108
2013-09-01,매천화성파크드림,1531,62
2013-09-01,매천휴먼시아앞,1226,114
2013-09-01,매호동서아파트앞,1147,34
2013-09-01,매호성당건너,580,1
2013-09-01,메트로시티건너,6314,806
2013-09-01,메트로시티앞,2543,385
2013-09-01,메트로팔레스1,14463,2106
2013-09-01,메트로팔레스2,19373,1604
2013-09-01,명곡1리입구1,4,3
2013-09-01,명곡1리입구2,4,1
2013-09-01,명곡리1,1926,403
2013-09-01,명곡리2,6226,443
2013-09-01,명곡미래빌1단지,2321,350
2013-09-01,명곡미래빌2단지건너,18,326
2013-09-01,명곡미래빌2단지앞,11025,1366
2013-09-01,명곡미래빌3단지건너,1909,521
2013-09-01,명곡미래빌3단지앞,4532,304
2013-09-01,명곡미래빌4단지,3623,270
2013-09-01,명곡미래빌5단지건너,5,128
2013-09-01,명곡미래빌5단지앞,5245,799
2013-09-01,명곡지구앞,965,262
2013-09-01,명덕네거리1,36994,4508
2013-09-01,명덕네거리2,13453,20004
2013-09-01,명덕역(6번출구),34371,24699
2013-09-01,명덕역(7번출구),36117,8452
2013-09-01,명덕초등학교건너,22384,11000
2013-09-01,명덕초등학교앞,28436,9221
2013-09-01,명문세가APT건너,9210,1499
2013-09-01,명문세가APT앞,14201,3857
2013-09-01,명문오하임아파트건너,425,129
2013-09-01,명문오하임아파트앞,268,82
2013-09-01,명보약국건너,1913,672
2013-09-01,명보약국앞,2670,571
2013-09-01,명성푸르지오건너,6553,1495
2013-09-01,명성푸르지오앞,21471,1582
2013-09-01,모개월앞,2,2
2013-09-01,모개월입구,122,0
2013-09-01,모다아울렛,113,1
2013-09-01,모다아울렛건너,16098,517
2013-09-01,모다아울렛앞,188,2136
2013-09-01,모래정마을건너,318,1
2013-09-01,모래정마을앞,19,4
2013-09-01,목단1리,166,0
2013-09-01,목단2리,62,0
2013-09-01,목단리,37,0
2013-09-01,묘1리,120,0
2013-09-01,묘2리(고려정밀),140,0
2013-09-01,묘2리(전마),87,0
2013-09-01,무궁화LPG충전소,9283,2066
2013-09-01,무궁화LPG충전소건너,3900,927
2013-09-01,무궁화어린이공원입구,2206,334
2013-09-01,무궁화어린이공원입구건너,4397,1048
2013-09-01,무등1리1,6,3
2013-09-01,무등1리2,218,0
2013-09-01,무등1리3,88,1
2013-09-01,무등2리,16,8
2013-09-01,무등2리입구건너,86,0
2013-09-01,무등보건진료소건너,24,0
2013-09-01,무등보건진료소앞,0,1
2013-09-01,무림제지건너,682,300
2013-09-01,무림제지앞1,1078,515
2013-09-01,무림제지앞2,255,94
2013-09-01,무열대건너,4407,1485
2013-09-01,무열대앞,1390,387
2013-09-01,무태교,32,475
2013-09-01,무태네거리(시내방향),16429,5438
2013-09-01,무태네거리(시외방향),4123,4176
2013-09-01,무태새마을금고건너,1728,480
2013-09-01,무태새마을금고앞,4921,237
2013-09-01,무태조야동주민센터건너1,7005,306
2013-09-01,무태조야동주민센터건너2,5342,1668
2013-09-01,무태조야동주민센터앞1,1462,585
2013-09-01,무태조야동주민센터앞2,15607,1266
2013-09-01,문성병원건너,12445,3641
2013-09-01,문성병원앞,17656,5083
2013-09-01,문양기지창건너,46,143
2013-09-01,문양기지창앞,435,51
2013-09-01,문양리(서부실),3,1
2013-09-01,문양리1,263,21
2013-09-01,문양리2,4,0
2013-09-01,문양리입구1,484,17
2013-09-01,문양리입구2,4,19
2013-09-01,문양역건너,36,496
2013-09-01,문양역앞,2479,1365
2013-09-01,문주마을건너,157,0
2013-09-01,문주마을앞,7,8
2013-09-01,문화예술회관건너,12983,3962
2013-09-01,문화예술회관앞,11293,3767
2013-09-01,미8군후문건너,514,195
2013-09-01,미8군후문앞,1448,46
2013-09-01,미곡동1,310,379
2013-09-01,미곡동2,3383,186
2013-09-01,미대동1,2411,73
2013-09-01,미대동2,363,296
2013-09-01,미래아트빌앞,1011,419
2013-09-01,미리내맨션건너,16150,589
2013-09-01,미리내맨션앞,4981,1355
2013-09-01,민들레아파트(종점),217,111
2013-09-01,민들레아파트후문건너,8694,33
2013-09-01,민들레아파트후문앞,5,204
2013-09-01,바른병원건너,367,148
2013-09-01,박곡리(시내방향),201,1
2013-09-01,박곡리(시외방향),27,4
2013-09-01,박석진교,25,28
2013-09-01,반고개(내당역4번출구),3607,3029
2013-09-01,반고개1,7594,2642
2013-09-01,반고개2,17203,5720
2013-09-01,반송4교건너,61,6
2013-09-01,반송4교앞,207,18
2013-09-01,반송리,341,2
2013-09-01,반야월모란1차아파트,4624,1337
2013-09-01,반야월시장1,7000,3423
2013-09-01,반야월시장2,9831,2034
2013-09-01,반야월역(국철)건너,5423,2369
2013-09-01,반야월역(국철)앞,9131,1402
2013-09-01,반야월역(도시철도1번출구),4524,1014
2013-09-01,반야월역(도시철도2번출구),6535,533
2013-09-01,반야월역(도시철도3번출구),6335,3449
2013-09-01,반야월역(도시철도4번출구)1,10096,4189
2013-09-01,반야월역(도시철도4번출구)2,2221,1550
2013-09-01,반야월저탄장건너,6338,2820
2013-09-01,반야월저탄장앞,10561,1283
2013-09-01,반월당역(1번출구)1,39558,18883
2013-09-01,반월당역(1번출구)2,5410,7018
2013-09-01,반월당역(2번출구),52338,33198
2013-09-01,방공포병학교건너,1784,300
2013-09-01,방공포병학교앞,716,1454
2013-09-01,방짜유기박물관건너,830,14
2013-09-01,방짜유기박물관앞,35,66
2013-09-01,방천리1,188,38
2013-09-01,방천리2,837,77
2013-09-01,방천시장(김광석길)건너,16054,5028
2013-09-01,방천시장(김광석길)앞,13927,3880
2013-09-01,방촌1동,852,3
2013-09-01,방촌건널목,88,1443
2013-09-01,방촌맨션앞,5557,1014
2013-09-01,방촌빌라,142,500
2013-09-01,방촌시장건너,29533,6306
2013-09-01,방촌시장앞,17912,7819
2013-09-01,방촌역(1번출구),14777,3245
2013-09-01,방촌역(2번출구),11448,3081
2013-09-01,방촌치안센터건너,2536,1170
2013-09-01,방촌치안센터앞,4706,737
2013-09-01,백사벌네거리1,2761,104
2013-09-01,백사벌네거리2,2872,1191
2013-09-01,백안교1,58,67
2013-09-01,백안교2,1304,94
2013-09-01,백안삼거리1,315,191
2013-09-01,백안삼거리2,4053,139
2013-09-01,백자맨션건너,7184,1146
2013-09-01,백자맨션앞,4922,1813
2013-09-01,범물1동주민센터건너,35748,3509
2013-09-01,범물1동주민센터앞,20162,3332
2013-09-01,범물2동주민센터건너,3758,211
2013-09-01,범물2동주민센터앞,16,289
2013-09-01,범물두성타운건너,4215,31
2013-09-01,범물우방미진하이츠앞,1664,292
2013-09-01,범물청구맨션건너,5456,3120
2013-09-01,범물청구맨션앞,46998,4266
2013-09-01,범물하이츠 건너,3110,2172
2013-09-01,범물하이츠앞,30671,393
2013-09-01,범물한라주택건너,25160,1449
2013-09-01,범물한라주택앞,3792,3784
2013-09-01,범어2동1,275,1187
2013-09-01,범어2동2,1198,101
2013-09-01,범어4동주민센터건너,26137,6138
2013-09-01,범어4동주민센터앞,14018,9229
2013-09-01,범어쌍용예가건너,8271,3838
2013-09-01,범어쌍용예가앞,10852,2298
2013-09-01,범어역(1번출구),16643,3618
2013-09-01,범어역(2번출구),10350,3585
2013-09-01,법원건너,18912,9524
2013-09-01,법원앞,25228,6691
2013-09-01,법원어린이집,769,701
2013-09-01,베어산업건너,746,1
2013-09-01,베어산업앞,50,51
2013-09-01,병무청중앙신체검사소,31,33
2013-09-01,보람타운건너,6206,442
2013-09-01,보람타운앞,6800,2070
2013-09-01,보병50사단건너,3782,335
2013-09-01,보병50사단앞,1983,298
2013-09-01,보성기계건너,3380,144
2013-09-01,보성기계앞,26,82
2013-09-01,보성산호타운건너,4794,492
2013-09-01,보성산호타운앞,2754,1094
2013-09-01,보성서한타운앞,4020,519
2013-09-01,보성은하타운앞,2697,57
2013-09-01,보성화성타운건너,23301,2393
2013-09-01,보성화성타운앞,9280,3395
2013-09-01,보훈병원건너,12,152
2013-09-01,보훈병원앞,5997,87
2013-09-01,복음간호학원,1197,624
2013-09-01,복현네거리,4350,5426
2013-09-01,복현대백맨션건너,17108,1268
2013-09-01,복현대백맨션앞,4102,2042
2013-09-01,복현서한2차아파트,2187,2152
2013-09-01,복현성모약국앞,3584,1134
2013-09-01,복현오거리1,50142,14868
2013-09-01,복현오거리2,12355,5905
2013-09-01,복현오거리3,298,271
2013-09-01,복현우방아파트,9361,1460
2013-09-01,복현우체국건너,49055,6259
2013-09-01,복현우체국앞,12134,5735
2013-09-01,복현장미맨션앞,2112,453
2013-09-01,복현푸르지오아파트건너,15876,1055
2013-09-01,복현현대맨션건너,2981,68
2013-09-01,복현현대맨션앞,753,164
2013-09-01,본동시장건너,7691,738
2013-09-01,본동시장앞,2018,789
2013-09-01,본리1리,428,18
2013-09-01,본리1리동회관건너,1022,209
2013-09-01,본리1리동회관앞,31,26
2013-09-01,본리2,1236,169
2013-09-01,본리근린공원건너,34,0
2013-09-01,본리근린공원앞,1,0
2013-09-01,본리네거리,2297,540
2013-09-01,본리네거리2,8741,1475
2013-09-01,본리네거리3,2256,983
2013-09-01,본리도서관앞,1437,182
2013-09-01,본리롯데캐슬,2216,147
2013-09-01,본리아카시아맨션,5258,1564
2013-09-01,본리지구건너,1297,405
2013-09-01,본리지구앞,7181,840
2013-09-01,본리초등학교건너,8870,2400
2013-09-01,본리초등학교앞,7828,1467
2013-09-01,본리치안센터건너,3510,450
2013-09-01,본리치안센터앞,3498,975
2013-09-01,본말(종점),103,0
2013-09-01,봉덕119안전센터건너,1049,67
2013-09-01,봉덕119안전센터앞,435,148
2013-09-01,봉덕2동새마을금고건너,1175,291
2013-09-01,봉덕2동새마을금고앞,1016,540
2013-09-01,봉덕교회건너,14320,2212
2013-09-01,봉덕교회앞,5012,1726
2013-09-01,봉덕변전소건너,2430,11
2013-09-01,봉덕변전소앞,9,62
2013-09-01,봉덕시장건너1,4074,2287
2013-09-01,봉덕시장건너2,687,287
2013-09-01,봉덕시장건너3,5978,1093
2013-09-01,봉덕시장앞1,11544,1480
2013-09-01,봉덕시장앞2,4566,2997
2013-09-01,봉무공원건너,28424,1197
2013-09-01,봉무청구새들마을건너,11601,3197
2013-09-01,봉무청구새들마을앞,2513,733
2013-09-01,봉산가구골목(동편),3955,2215
2013-09-01,봉산가구골목(서편),2704,360
2013-09-01,봉산문화거리건너,22340,8127
2013-09-01,봉산문화거리앞,12739,4358
2013-09-01,봉산육거리,3698,831
2013-09-01,봉촌1리1,464,0
2013-09-01,봉촌1리2,15,19
2013-09-01,봉촌1리3,263,0
2013-09-01,봉촌2리,246,4
2013-09-01,봉촌낙동길입구,321,0
2013-09-01,봉촌낙동길입구건너,13,35
2013-09-01,봉촌리,304,1
2013-09-01,부곡리,5,2
2013-09-01,부곡리건너,87,93
2013-09-01,부남교앞,30,0
2013-09-01,부동,1515,29
2013-09-01,부동(종점),106,6
2013-09-01,부동농협,741,4
2013-09-01,부동삼거리,2,5
2013-09-01,부영3단지,3095,793
2013-09-01,부영5단지,2083,332
2013-09-01,부영7단지건너,619,3
2013-09-01,부영7단지앞,26,49
2013-09-01,부인사건너,11,0
2013-09-01,부인사앞,65,0
2013-09-01,북구구민운동장건너,6951,623
2013-09-01,북구구민운동장앞,2086,1790
2013-09-01,북구보건소건너,3671,1209
2013-09-01,북구보건소앞,6649,512
2013-09-01,북구선거관리위원회건너,6092,533
2013-09-01,북구선거관리위원회앞,7458,4607
2013-09-01,북구어울아트센터앞,94,90
2013-09-01,북구청건너,12625,4005
2013-09-01,북구청네거리1,1748,1166
2013-09-01,북구청네거리2,2879,368
2013-09-01,북구청앞,12684,2172
2013-09-01,북구청역(3번출구),9836,2936
2013-09-01,북구청역(4번출구),5058,2033
2013-09-01,북대구세무서건너,7478,733
2013-09-01,북대구세무서앞,3973,948
2013-09-01,북대구초등학교건너,2933,184
2013-09-01,북대구초등학교앞,806,303
2013-09-01,북동초등학교건너,1284,504
2013-09-01,북동초등학교앞,5486,137
2013-09-01,북리1,2661,1411
2013-09-01,북리2,18661,367
2013-09-01,북부경찰서건너,2537,789
2013-09-01,북부상수도사업소,218,488
2013-09-01,북부정류장,86319,20796
2013-09-01,북부정류장건너,40252,23841
2013-09-01,북비산네거리1,9811,3542
2013-09-01,북비산네거리2,9804,1857
2013-09-01,북중학교앞,2737,416
2013-09-01,북침산치안센터건너,7317,1503
2013-09-01,북침산치안센터앞,6863,2087
2013-09-01,불교한방병원건너1,583,461
2013-09-01,불교한방병원건너2,1819,228
2013-09-01,불교한방병원앞1,3173,210
2013-09-01,불교한방병원앞2,2726,881
2013-09-01,불로삼거리,1354,6042
2013-09-01,불로우방아파트건너,7135,3263
2013-09-01,불로우방아파트앞,8631,2942
2013-09-01,불로전통시장건너,41398,4700
2013-09-01,불로전통시장앞,15602,9247
2013-09-01,불로천주교회건너,8959,1972
2013-09-01,불로천주교회앞,20811,3343
2013-09-01,불로화훼단지건너,1612,320
2013-09-01,불로화훼단지앞,2674,691
2013-09-01,비산5동주민센터,7,1
2013-09-01,비산6동주민센터건너,1020,461
2013-09-01,비산6동주민센터앞,1402,58
2013-09-01,비산7동우체국건너,3259,2457
2013-09-01,비산7동우체국앞1,13991,5654
2013-09-01,비산7동우체국앞2,12683,1879
2013-09-01,비산지하도1,10581,3511
2013-09-01,비산지하도2,18845,3487
2013-09-01,비산초등학교건너,10323,1173
2013-09-01,비산초등학교앞,14557,1283
2013-09-01,비슬산휴양림주차장,48,1
2013-09-01,비원지구대건너,5391,352
2013-09-01,비원지구대앞,547,859
2013-09-01,비철금속협업단지앞,8629,540
2013-09-01,사복동입구교차로,131,1204
2013-09-01,사복동입구교차로건너,35,191
2013-09-01,사월동(종점),1385,144
2013-09-01,사월보성2차건너,20,299
2013-09-01,사월보성2차앞,2281,56
2013-09-01,사월역(2번출구),20931,5362
2013-09-01,사월역(4번출구),18012,15796
2013-09-01,사창마을건너,30,0
2013-09-01,사창마을앞,79,0
2013-09-01,산격4동주민센터건너,810,216
2013-09-01,산격4동주민센터앞,7114,504
2013-09-01,산격거평타운건너,932,1648
2013-09-01,산격거평타운앞,2092,1281
2013-09-01,산격대우아파트앞,57945,14337
2013-09-01,산격문화회관건너,9206,690
2013-09-01,산격문화회관앞,3232,1125
2013-09-01,산격종합시장앞,52428,26198
2013-09-01,산격주공아파트건너,4104,3723
2013-09-01,산격주공아파트앞,24042,3401
2013-09-01,산격중학교건너,6461,6368
2013-09-01,산격중학교앞,12542,1316
2013-09-01,산격청구맨션앞,6807,2554
2013-09-01,산격초등학교건너,10251,709
2013-09-01,산격초등학교앞,9566,881
2013-09-01,산림조합중앙회건너,1969,879
2013-09-01,산림조합중앙회앞,2700,408
2013-09-01,산업용재관,4366,3625
2013-09-01,삼덕교회,5987,3189
2013-09-01,삼덕동1,301,161
2013-09-01,삼덕동2,326,36
2013-09-01,삼덕성당앞,7973,1005
2013-09-01,삼리1리1,121,39
2013-09-01,삼리1리2,650,262
2013-09-01,삼리리1(논공),324,33
2013-09-01,삼리리2(논공),77,48
2013-09-01,삼보,800,93
2013-09-01,삼산리(범동교),34,1
2013-09-01,삼산리(삼산교회건너),3878,337
2013-09-01,삼산리(삼산교회앞),1047,257
2013-09-01,삼산리(은지가든),7,10
2013-09-01,삼산리입구건너,504,7
2013-09-01,삼산리입구앞,3,77
2013-09-01,삼산지,532,23
2013-09-01,삼성공원아파트건너,696,118
2013-09-01,삼성래미안1차건너,5483,1281
2013-09-01,삼성래미안1차앞,5434,926
2013-09-01,삼성래미안2차건너,4489,1223
2013-09-01,삼성래미안2차앞,3724,1087
2013-09-01,삼성명가타운,3916,652
2013-09-01,삼성명가타운건너,1927,364
2013-09-01,삼성물류센터앞,247,765
2013-09-01,삼성한국형아파트건너,1216,75
2013-09-01,삼성한국형아파트앞,1094,583
2013-09-01,삼우섬유앞,400,9
2013-09-01,삼육구가든건너,90,15
2013-09-01,삼육구가든앞,182,0
2013-09-01,삼익THK건너,232,60
2013-09-01,삼익THK앞,180,22
2013-09-01,삼익뉴타운건너,7626,1578
2013-09-01,삼익뉴타운앞,12370,1040
2013-09-01,삼정빌딩앞,904,348
2013-09-01,삼호아파트건너,916,181
2013-09-01,삼호아파트앞,1238,742
2013-09-01,삼환맨션,544,52
2013-09-01,상공회의소건너,4025,896
2013-09-01,상공회의소앞,5256,694
2013-09-01,상당마을,8,0
2013-09-01,상동가압장건너,1452,301
2013-09-01,상동교1,247,131
2013-09-01,상동교2,2359,433
2013-09-01,상동네거리,4341,863
2013-09-01,상동마을(둔산길),767,1
2013-09-01,상동시장앞,2227,325
2013-09-01,상동우체국건너,4404,1077
2013-09-01,상동우체국앞,19100,2562
2013-09-01,상동천주교회건너,323,197
2013-09-01,상동천주교회앞,2056,1191
2013-09-01,상록아파트,207,48
2013-09-01,상리공단,1740,197
2013-09-01,상리공단건너,694,245
2013-09-01,상리동입구,1648,78
2013-09-01,상리동입구1,5,201
2013-09-01,상리동입구2,3471,12
2013-09-01,상리동종점,0,54
2013-09-01,상리동종점2,1189,42
2013-09-01,상리동종점3,4553,613
2013-09-01,상리마을건너,3,8
2013-09-01,상리마을앞,49,3
2013-09-01,상리지하도1,2294,51
2013-09-01,상리지하도2,1725,57
2013-09-01,상매동(저탄장),67,6
2013-09-01,상서고등학교건너,2425,62
2013-09-01,상서고등학교앞,1369,93
2013-09-01,상수도사업본부,8323,2399
2013-09-01,상수도사업본부건너,7136,6403
2013-09-01,상수도사업본부시설관리소건너,8645,3317
2013-09-01,상수도사업본부시설관리소앞,1792,659
2013-09-01,상수도중남부사업소건너,1788,292
2013-09-01,상수도중남부사업소앞,505,121
2013-09-01,상원리(마을회관),623,0
2013-09-01,상원리(전평못식당),88,0
2013-09-01,상인2동주민센터건너,5891,297
2013-09-01,상인동서타운앞,17055,2468
2013-09-01,상인동화아이위시아파트건너,20688,2199
2013-09-01,상인동화아이위시아파트앞,2793,1885
2013-09-01,상인비둘기1단지아파트건너,4441,1120
2013-09-01,상인비둘기1단지아파트앞,17336,682
2013-09-01,상인비둘기2단지아파트앞,14474,1133
2013-09-01,상인삼미타운건너,2653,5664
2013-09-01,상인삼미타운앞,5499,572
2013-09-01,상인역e-편한세상앞,7186,10278
2013-09-01,상인우방아파트,13208,13323
2013-09-01,상인은행아파트건너,7125,1017
2013-09-01,상인은행아파트앞,7017,1195
2013-09-01,상인자이앞,6843,1053
2013-09-01,상인장미아파트앞,10869,787
2013-09-01,상인제림아파트건너,3979,549
2013-09-01,상인제림아파트앞,1740,522
2013-09-01,상인청구타운건너,3381,195
2013-09-01,상인청구타운앞,1812,224
2013-09-01,상인초등학교앞,11800,2458
2013-09-01,상인한서타운앞,3945,861
2013-09-01,상인현대맨션건너,73051,7929
2013-09-01,상인현대맨션앞,25363,46345
2013-09-01,상인화성파크드림건너,1152,586
2013-09-01,상인화성파크드림앞,1283,283
2013-09-01,상화네거리,264,516
2013-09-01,새길시장건너,12220,10568
2013-09-01,새길시장앞,34914,5837
2013-09-01,새동네아파트건너,57,4
2013-09-01,새동네아파트앞,495,665
2013-09-01,새마을건너,2,26
2013-09-01,새마을입구,139,0
2013-09-01,새범어아파트건너,1458,229
2013-09-01,새범어아파트앞,1182,187
2013-09-01,새본리중학교앞,1274,200
2013-09-01,샤니삼거리1,178,0
2013-09-01,샤니삼거리2,2,1
2013-09-01,서구문화회관건너,2860,762
2013-09-01,서구문화회관앞,9113,1826
2013-09-01,서구시장건너,19855,5554
2013-09-01,서구시장앞,16846,3975
2013-09-01,서구제일사회복지관건너,1654,1212
2013-09-01,서구제일사회복지관앞,4472,412
2013-09-01,서구청건너,47258,10896
2013-09-01,서구청앞,48427,9122
2013-09-01,서남시장건너,28372,13233
2013-09-01,서남시장앞1,24630,6243
2013-09-01,서남시장앞2,10079,3133
2013-09-01,서당마을건너,1024,34
2013-09-01,서당마을앞,43,38
2013-09-01,서대구고속버스터미널,953,698
2013-09-01,서대구공단네거리1,851,102
2013-09-01,서대구공단네거리2,485,79
2013-09-01,서대구공단네거리3,2427,350
2013-09-01,서대구공단네거리4,4048,977
2013-09-01,서대구세무서,10584,19601
2013-09-01,서대구시장건너,13403,7152
2013-09-01,서대구시장앞,13251,4575
2013-09-01,서대구초등학교입구,22786,9355
2013-09-01,서대명지구대건너,7098,1367
2013-09-01,서대명지구대앞,2774,1405
2013-09-01,서도초등학교건너,2729,803
2013-09-01,서도초등학교서편1,1,1
2013-09-01,서도초등학교서편2,1501,83
2013-09-01,서도초등학교앞,6139,698
2013-09-01,서문시장,77750,19240
2013-09-01,서문시장5지구앞,1334,744
2013-09-01,서변동영남네오빌건너,5757,739
2013-09-01,서변동영남네오빌앞,2723,382
2013-09-01,서부고등학교건너,1957,382
2013-09-01,서부고등학교앞,3679,143
2013-09-01,서부공업고등학교건너,10481,17213
2013-09-01,서부공업고등학교앞,26767,3002
2013-09-01,서부소방서,8,19
2013-09-01,서부시장건너,29772,8645
2013-09-01,서부시장앞,22141,7524
2013-09-01,서부정류장(관문시장건너),83707,33798
2013-09-01,서부정류장(관문시장앞),36598,19469
2013-09-01,서부정류장1,79706,20190
2013-09-01,서부정류장2,6777,2090
2013-09-01,서부정류장3(성당못역1번출구),24618,45337
2013-09-01,서부정류장4(성당못역1번출구),2782,2475
2013-09-01,서부중학교앞,9324,3194
2013-09-01,서영기공건너,174,1
2013-09-01,서영기공앞,3,26
2013-09-01,서재금봉타운,201,966
2013-09-01,서재금봉타운건너,27778,136
2013-09-01,서재들,14,4
2013-09-01,서재들건너,127,4
2013-09-01,서재보성타운건너,15811,80
2013-09-01,서재보성타운앞,174,471
2013-09-01,서진중학교건너,941,384
2013-09-01,서평초등학교,3012,1150
2013-09-01,서평초등학교건너,2687,1048
2013-09-01,선녀곡건너(옥포),859,129
2013-09-01,선녀곡앞(옥포),43,241
2013-09-01,설티고개(달성공단방면),5,2
2013-09-01,설티고개(옥포방면),54,0
2013-09-01,설화동(종점),440,73
2013-09-01,설화리(시내방향),8552,682
2013-09-01,설화리(시외방향),2000,631
2013-09-01,설화명곡역(4번출구),3,72
2013-09-01,섬뜸마을,668,0
2013-09-01,섬유회관건너1,54886,17617
2013-09-01,섬유회관건너2,5978,1909
2013-09-01,섬유회관앞,66071,31042
2013-09-01,성곡중학교건너,1430,386
2013-09-01,성곡중학교앞,1581,79
2013-09-01,성광고등학교건너,10574,1125
2013-09-01,성광고등학교앞,844,594
2013-09-01,성남초등학교건너,1434,898
2013-09-01,성남초등학교앞,4828,273
2013-09-01,성내3동주민센터입구,1276,784
2013-09-01,성당두산위브앞,26137,2867
2013-09-01,성당래미안·e-편한세상앞,10795,2374
2013-09-01,성당못역북편1,664,1380
2013-09-01,성당못역북편2,1989,354
2013-09-01,성당보성아파트건너,22516,7149
2013-09-01,성당보성아파트앞,13960,4462
2013-09-01,성당시장건너,28844,7515
2013-09-01,성당시장앞1,5691,952
2013-09-01,성당시장앞2,32188,4237
2013-09-01,성당초교앞,872,222
2013-09-01,성당코오롱하늘채,9274,1364
2013-09-01,성당코오롱하늘채2,10443,5486
2013-09-01,성당포스코더샵건너,6386,1327
2013-09-01,성당포스코더샵앞,14727,1386
2013-09-01,성동건너,222,215
2013-09-01,성동마을건너,109,41
2013-09-01,성동마을앞,380,13
2013-09-01,성동앞,142,73
2013-09-01,성동초등학교건너,10878,2122
2013-09-01,성동초등학교앞,14540,1767
2013-09-01,성동탱자나무마을건너,57,17
2013-09-01,성동탱자나무마을앞,71,16
2013-09-01,성림첨단산업건너,59,12
2013-09-01,성림첨단산업앞,351,9
2013-09-01,성명119안전센터건너1,4357,2219
2013-09-01,성명119안전센터앞,2287,551
2013-09-01,성명여자중학교,430,89
2013-09-01,성모여성병원건너,33547,9568
2013-09-01,성모여성병원앞,33216,24931
2013-09-01,성보교통,3193,622
2013-09-01,성북교1,11599,3436
2013-09-01,성북교2,7557,3543
2013-09-01,성북시장건너,2747,808
2013-09-01,성북시장앞,11214,1508
2013-09-01,성산3동,4,20
2013-09-01,성산리1,45,55
2013-09-01,성산리2,669,90
2013-09-01,성산중학교앞,2046,102
2013-09-01,성산초등학교앞,686,119
2013-09-01,성서119안전센터건너,470,6468
2013-09-01,성서119안전센터앞,14380,273
2013-09-01,성서4차산업단지앞1,449,116
2013-09-01,성서공단물류센터,493,3
2013-09-01,성서농협남부지소,13581,2791
2013-09-01,성서동서서한타운건너,4443,445
2013-09-01,성서동서서한타운앞,5915,395
2013-09-01,성서보성타운2차건너1,4326,460
2013-09-01,성서보성타운2차건너2,1134,134
2013-09-01,성서보성타운2차앞,8958,1410
2013-09-01,성서산업단지역(1번출구),6521,5012
2013-09-01,성서산업단지역(2번출구),11884,2271
2013-09-01,성서서한2차타운1,8917,261
2013-09-01,성서서한2차타운2,295,425
2013-09-01,성서우방2차아파트,1462,454
2013-09-01,성서우방타운건너,22372,2713
2013-09-01,성서우방타운앞,11894,4363
2013-09-01,성서우체국건너,2233,891
2013-09-01,성서우체국앞,552,864
2013-09-01,성서종합시장건너,19062,7093
2013-09-01,성서종합시장앞,55921,10683
2013-09-01,성서주공1단지건너,10068,1609
2013-09-01,성서주공1단지앞,2552,1196
2013-09-01,성서주공2단지건너,14770,7122
2013-09-01,성서주공2단지앞,36611,2490
2013-09-01,성서주공5단지앞,419,263
2013-09-01,성서청구타운건너,9789,857
2013-09-01,성서청구타운앞,6941,504
2013-09-01,성서초등학교건너,5303,967
2013-09-01,성서초등학교앞,2022,693
2013-09-01,성서푸른마을아파트건너,9262,576
2013-09-01,성서푸른마을아파트앞,2887,792
2013-09-01,성서한샘타운앞,1799,148
2013-09-01,성서협업단지건너,144,5
2013-09-01,성서협업단지앞,12,9
2013-09-01,성요셉요양병원건너,121,197
2013-09-01,성요셉요양병원앞,2036,44
2013-09-01,성원아파트건너,1385,410
2013-09-01,성원아파트앞,7340,294
2013-09-01,성주사건너,1307,314
2013-09-01,성주사앞,7,95
2013-09-01,성지중학교건너,5613,1206
2013-09-01,성지중학교앞,6802,3011
2013-09-01,성하리,13,147
2013-09-01,성화여고건너,11067,1273
2013-09-01,성화여고앞,7029,2376
2013-09-01,세강병원앞,9163,11891
2013-09-01,세원정공건너,10142,523
2013-09-01,세원정공앞,1769,4528
2013-09-01,세천리2,290,32
2013-09-01,세천리3,799,23
2013-09-01,세하건너,12,7
2013-09-01,세하앞,1,0
2013-09-01,세흥인쇄,769,92
2013-09-01,소선여중건너,6561,2392
2013-09-01,솔렌스힐건너,5474,610
2013-09-01,솔렌스힐앞,3577,331
2013-09-01,솔밭기세길건너,3,6
2013-09-01,솔밭기세길입구,173,0
2013-09-01,솔비식당입구,1,13
2013-09-01,솔비식당입구맞은편,488,37
2013-09-01,송원맨션건너,11456,767
2013-09-01,송원맨션앞,2952,1370
2013-09-01,송정1동,13,6
2013-09-01,송정동1,71,11
2013-09-01,송정동2,18,0
2013-09-01,송정동3,92,56
2013-09-01,송정동4,30,26
2013-09-01,송정마을1,2,9
2013-09-01,송정마을2,209,2
2013-09-01,송정삼거리1,833,1128
2013-09-01,송정삼거리2,304,403
2013-09-01,송정삼거리3,4723,10520
2013-09-01,송정삼거리4,5793,1307
2013-09-01,송해공원,3,1
2013-09-01,송현1동치안센터건너,7096,1254
2013-09-01,송현2동주민센터건너,695,166
2013-09-01,송현공원건너,703,156
2013-09-01,송현공원앞,754,365
2013-09-01,송현교,1263,85
2013-09-01,송현교2,137,26
2013-09-01,송현여중고교건너,3389,422
2013-09-01,송현여중고교앞,4506,1741
2013-09-01,송현역(1번출구),11570,3619
2013-09-01,송현역(2번출구),18172,2807
2013-09-01,송현역(3번출구),18540,7145
2013-09-01,송현역(4번출구),6949,3966
2013-09-01,송현제림타운건너,5361,4222
2013-09-01,송현제림타운앞,3509,815
2013-09-01,송현초등학교건너,3820,690
2013-09-01,송현초등학교앞,8937,410
2013-09-01,수리리,84,15
2013-09-01,수성4가동주민센터앞,814,104
2013-09-01,수성경찰서건너,24008,7203
2013-09-01,수성경찰서앞,18075,8009
2013-09-01,수성고등학교건너,5380,543
2013-09-01,수성고등학교앞,3531,322
2013-09-01,수성관광호텔건너,2426,391
2013-09-01,수성관광호텔앞,2171,392
2013-09-01,수성교1,7040,3467
2013-09-01,수성교2,10700,2149
2013-09-01,수성구민운동장건너,9749,2388
2013-09-01,수성구민운동장앞,6409,5482
2013-09-01,수성구보건소건너,24957,3235
2013-09-01,수성구보건소앞,9391,3794
2013-09-01,수성구청건너,29868,8133
2013-09-01,수성구청앞,27578,10842
2013-09-01,수성네거리1,14686,4218
2013-09-01,수성네거리2,13579,2456
2013-09-01,수성대학교건너,44684,10570
2013-09-01,수성대학교앞,21247,14333
2013-09-01,수성도서관건너,13844,1807
2013-09-01,수성도서관앞,6719,2559
2013-09-01,수성동삼익맨션앞,1021,39
2013-09-01,수성동일하이빌앞,349,97
2013-09-01,수성랜드1,3642,192
2013-09-01,수성랜드2,1075,1820
2013-09-01,수성랜드건너,1594,422
2013-09-01,수성랜드건너2,422,275
2013-09-01,수성랜드앞,876,525
2013-09-01,수성롯데캐슬건너,13309,2008
2013-09-01,수성롯데캐슬앞,17737,3669
2013-09-01,수성못건너,805,197
2013-09-01,수성못앞,982,407
2013-09-01,수성못오거리1,12916,3513
2013-09-01,수성못오거리2,11430,5874
2013-09-01,수성못오거리5,955,480
2013-09-01,수성못코오롱하늘채,6364,2382
2013-09-01,수성소방서1,1480,534
2013-09-01,수성소방서2,108,885
2013-09-01,수성시니어클럽건너,2386,1280
2013-09-01,수성시니어클럽앞,7016,950
2013-09-01,수성시장건너,2636,777
2013-09-01,수성시장네거리1,12094,2723
2013-09-01,수성시장네거리2,14933,7100
2013-09-01,수성시장앞,2891,1050
2013-09-01,수성아트피아건너,7338,1830
2013-09-01,수성아트피아앞,1904,2332
2013-09-01,수성요양병원,694,113
2013-09-01,수성월드메르디앙건너,531,105
2013-09-01,수성월드메르디앙앞,772,52
2013-09-01,수성초등학교,9096,2754
2013-09-01,수성태영데시앙건너,1607,667
2013-09-01,수성태영데시앙앞,3875,517
2013-09-01,수성하이츠,2982,310
2013-09-01,수정맨션앞,1916,212
2013-09-01,수창초등학교,5342,2664
2013-09-01,수태골건너,0,1
2013-09-01,스파밸리1,152,641
2013-09-01,스파밸리2,8679,170
2013-09-01,시립희망원,1548,455
2013-09-01,시민교회건너,1226,113
2013-09-01,시민교회앞,650,281
2013-09-01,시민운동장(야구장건너),3200,413
2013-09-01,시민운동장(야구장앞),2522,479
2013-09-01,시민운동장(축구장건너),3768,2218
2013-09-01,시민운동장(축구장앞),4427,1102
2013-09-01,시지(종점),2309,594
2013-09-01,시지대성유니드건너,1035,109
2013-09-01,시지대성유니드앞,1786,596
2013-09-01,시지보성아파트앞,24993,8653
2013-09-01,시지중학교,23876,1020
2013-09-01,시지천마타운앞,4511,1329
2013-09-01,시청별관건너1,8718,2720
2013-09-01,시청별관건너2,5868,1799
2013-09-01,시청별관앞(구.경북도청),5198,3285
2013-09-01,신기리1,24,56
2013-09-01,신기리2,323,30
2013-09-01,신기역(화성타운건너),10223,2303
2013-09-01,신기역(화성타운앞),13559,2377
2013-09-01,신남역(1번출구),4629,1345
2013-09-01,신당동주민센터건너,1848,788
2013-09-01,신당동주민센터앞,9354,602
2013-09-01,신당리,3952,5
2013-09-01,신덕마을입구,18,36
2013-09-01,신도운수건너,906,76
2013-09-01,신도운수앞,1097,47
2013-09-01,신매광장건너,41417,13902
2013-09-01,신매광장앞,44917,11580
2013-09-01,신매시장,5976,5514
2013-09-01,신매초등학교건너,9073,2495
2013-09-01,신매초등학교앞,8330,1497
2013-09-01,신매태성아파트,61,355
2013-09-01,신매태성아파트건너,5914,744
2013-09-01,신무동1,704,0
2013-09-01,신무동2,0,6
2013-09-01,신생원건너,0,1
2013-09-01,신생원앞,39,0
2013-09-01,신서성당건너,5256,226
2013-09-01,신서성당앞,2,210
2013-09-01,신성에스앤티건너,298,20
2013-09-01,신성에스앤티앞,330,11
2013-09-01,신성중공업건너,3,85
2013-09-01,신성중공업앞,316,0
2013-09-01,신성초등학교건너,4894,4513
2013-09-01,신성초등학교앞,8039,880
2013-09-01,신세계병원건너,21039,11581
2013-09-01,신세계병원앞,19206,8636
2013-09-01,신세계주유소건너,7184,288
2013-09-01,신세계주유소앞,1011,760
2013-09-01,신세월입구,7,0
2013-09-01,신신정비공장1,10131,5456
2013-09-01,신신정비공장2,30442,16248
2013-09-01,신암건영캐스빌건너,4623,398
2013-09-01,신암건영캐스빌앞,1412,131
2013-09-01,신암보성아파트건너,1656,430
2013-09-01,신암보성아파트앞,1451,530
2013-09-01,신암초등학교건너,5099,1659
2013-09-01,신천3동행정복지센터건너,3689,501
2013-09-01,신천3동행정복지센터앞,1962,1167
2013-09-01,신천3치안센터건너,4329,1096
2013-09-01,신천3치안센터앞,5176,2223
2013-09-01,신천LH아파트건너,8384,1774
2013-09-01,신천LH아파트앞,12835,2421
2013-09-01,신천교1,1820,488
2013-09-01,신천교2,1673,240
2013-09-01,신천시장건너,2910,733
2013-09-01,신천시장앞,4220,824
2013-09-01,신천역(2번출구),3928,2721
2013-09-01,신천역(3번출구),2195,1113
2013-09-01,신천역(4번출구),5807,3499
2013-09-01,신천역(5번출구),9880,2842
2013-09-01,신천초등학교건너,649,48
2013-09-01,신천초등학교앞,343,71
2013-09-01,신평동1,428,1282
2013-09-01,신평동2,1718,187
2013-09-01,신평리네거리1,23348,8581
2013-09-01,신평리네거리2,28387,9755
2013-09-01,신평리주유소건너,1738,223
2013-09-01,신평리주유소앞,706,243
2013-09-01,신흥버스,17545,4468
2013-09-01,실내체육관건너,3998,645
2013-09-01,실내체육관앞,4059,848
2013-09-01,심신수련장입구건너,1656,261
2013-09-01,심신수련장입구앞,770,131
2013-09-01,심인고등학교건너,26895,1826
2013-09-01,심인고등학교앞,13746,1886
2013-09-01,쌍용머티리얼,1488,31
2013-09-01,아너스월성앞,2371,562
2013-09-01,아멕스,614,34
2013-09-01,아멕스건너,901,21
2013-09-01,아양교1,3848,1215
2013-09-01,아양교2,13221,7739
2013-09-01,아양교3,2498,12783
2013-09-01,아양교4,5416,669
2013-09-01,아양교역(1번출구),71919,86153
2013-09-01,아양교역(2번출구),99921,22590
2013-09-01,아양아트센터건너,3855,240
2013-09-01,아양아트센터앞,1033,545
2013-09-01,아주섬유건너,4,31
2013-09-01,아주섬유앞,114,2
2013-09-01,아주철강건너,214,8
2013-09-01,아주철강앞,182,2
2013-09-01,안심교(경산방향),336,144
2013-09-01,안심교(반야월방향),432,3086
2013-09-01,안심신우타운앞,1612,1731
2013-09-01,안심역(4번출구),52256,1032
2013-09-01,안심역(5번출구),5548,52161
2013-09-01,안심주공1단지건너,12496,928
2013-09-01,안심주공1단지앞,5224,728
2013-09-01,안심주공2단지앞,4528,913
2013-09-01,안심중학교건너,1627,1293
2013-09-01,안심중학교앞,4183,2238
2013-09-01,안심효성타운건너,12591,2954
2013-09-01,안심효성타운앞,22301,4512
2013-09-01,안지랑네거리1,27169,7207
2013-09-01,안지랑네거리2,25726,15355
2013-09-01,앞산공원,14566,5261
2013-09-01,앞산공원관리사무소건너,350,31
2013-09-01,앞산공원관리사무소앞,23,742
2013-09-01,앞산궁도장건너,601,97
2013-09-01,앞산궁도장앞,388,80
2013-09-01,앞산별자리체험학습장1,3428,39
2013-09-01,앞산별자리체험학습장2,155,481
2013-09-01,앞산보성타운건너,29,69
2013-09-01,앞산보성타운앞,3665,7
2013-09-01,앞산빨래터공원,492,95
2013-09-01,앞산빨래터공원1,865,86
2013-09-01,앞산자락카페마실건너,51,81
2013-09-01,앞산자락카페마실앞,1268,642
2013-09-01,앞산청구제네스건너,7119,2074
2013-09-01,앞산청구제네스앞,16414,1689
2013-09-01,앞산힐스테이트건너,3131,313
2013-09-01,앞산힐스테이트앞,1105,262
2013-09-01,약령시건너(동성로입구),208191,38234
2013-09-01,약령시앞,161199,85740
2013-09-01,약령시입구,3314,2903
2013-09-01,약사회관건너,448,79
2013-09-01,약사회관앞,729,61
2013-09-01,약산온천,1,0
2013-09-01,약산온천입구,964,68
2013-09-01,양지마을건너,344,366
2013-09-01,양지마을앞,5443,24
2013-09-01,어린이회관건너1,3402,3055
2013-09-01,어린이회관건너2,88,254
2013-09-01,어린이회관앞,8433,2268
2013-09-01,에이스이노텍건너,215,9
2013-09-01,에이스이노텍앞,191,61
2013-09-01,엑스코건너,3886,1631
2013-09-01,엑스코앞,14266,1000
2013-09-01,엘디스리젠트호텔건너,4602,2476
2013-09-01,엘디스리젠트호텔앞,5670,3808
2013-09-01,여성메디파크,2514,559
2013-09-01,역전시장건너,5836,971
2013-09-01,역전시장앞,5644,925
2013-09-01,연경1,115,20
2013-09-01,연경2,402,2
2013-09-01,연암네거리1,19016,7834
2013-09-01,연암네거리2,4160,442
2013-09-01,연암네거리3,366,984
2013-09-01,연젓마을건너,22,0
2013-09-01,연젓마을입구,4,3
2013-09-01,연호동,9,4
2013-09-01,연호동(종점),26,1
2013-09-01,연호동화훼단지1,4039,4422
2013-09-01,연호동화훼단지2,9531,2092
2013-09-01,연호역(3번출구),80,18
2013-09-01,연호역(3번출구)건너,1,58
2013-09-01,연호지,661,263
2013-09-01,연호지건너,297,2883
2013-09-01,연화리1,17,12
2013-09-01,연화리2,4,106
2013-09-01,열병합발전소건너,7,0
2013-09-01,열병합발전소앞,3,1
2013-09-01,영남고등학교건너,16355,23566
2013-09-01,영남고등학교앞,38490,6163
2013-09-01,영남네오빌건너,1182,45
2013-09-01,영남네오빌비스타,1304,275
2013-09-01,영남네오빌앞,408,253
2013-09-01,영남농업연구소콩연구,15,2
2013-09-01,영남우방타운1차건너,4002,359
2013-09-01,영남우방타운1차앞,6154,321
2013-09-01,영남이공대학건너,15591,2889
2013-09-01,영남이공대학앞,29980,1539
2013-09-01,영남일보건너,2881,448
2013-09-01,영남종합전기,388,53
2013-09-01,영대병원역,38887,3635
2013-09-01,영대병원역(3번출구),33857,26405
2013-09-01,영일무역건너,319,20
2013-09-01,영일무역앞,58,14
2013-09-01,영조아파트건너,6,60
2013-09-01,영조아파트앞,2572,6
2013-09-01,영진고등학교건너,26961,3593
2013-09-01,영진고등학교앞,42574,22376
2013-09-01,영진산업,361,0
2013-09-01,영진전문대학정문건너,10945,2105
2013-09-01,영진전문대학정문앞,21910,2677
2013-09-01,영진전문대학후문건너,34865,5676
2013-09-01,영진전문대학후문앞,48520,13014
2013-09-01,영화,652,59
2013-09-01,예현2리마을회관,258,0
2013-09-01,오2리(음지머구),214,0
2013-09-01,오뚜기물류센터,140,8
2013-09-01,오리(양지마을),263,0
2013-09-01,오설리,6,1
2013-09-01,오성아파트,314,5522
2013-09-01,오페라삼정그린코아APT,14945,3270
2013-09-01,오페라하우스건너,1486,285
2013-09-01,오페라하우스앞,1322,202
2013-09-01,옥분리(구진터),232,7
2013-09-01,옥분리1,26,25
2013-09-01,옥분리마을회관앞,461,11
2013-09-01,옥산정미소,347,5
2013-09-01,옥연지,19,6
2013-09-01,옥연지건너,173,13
2013-09-01,옥포간경리1,1164,755
2013-09-01,옥포간경리2,8213,401
2013-09-01,옥포농협,292,15
2013-09-01,옥포농협강림지소건너,884,362
2013-09-01,옥포농협강림지소앞,2380,224
2013-09-01,옥포농협건너,4035,311
2013-09-01,옥포농협앞,705,388
2013-09-01,옥포무지개마을,3321,121
2013-09-01,옥포주유소앞,553,100
2013-09-01,옥포중앙교회앞,154,64
2013-09-01,옥포초등학교건너,714,605
2013-09-01,옥포초등학교앞,6443,548
2013-09-01,올림픽기념관건너,9098,4042
2013-09-01,올림픽기념관앞,15444,3931
2013-09-01,와룡공원건너,375,408
2013-09-01,와룡공원앞,1054,99
2013-09-01,와룡시장,4380,380
2013-09-01,와룡시장건너,2030,720
2013-09-01,용계동1,99,33
2013-09-01,용계동2,598,320
2013-09-01,용계동3,1385,154
2013-09-01,용계동4,4394,631
2013-09-01,용계삼거리1,9877,8417
2013-09-01,용계삼거리2,3501,1360
2013-09-01,용계삼거리3,732,845
2013-09-01,용계삼거리4,601,481
2013-09-01,용계역(1번출구),14054,9134
2013-09-01,용계역(2번출구),7808,1837
2013-09-01,용산1동주민센터건너,9354,1995
2013-09-01,용산1동주민센터앞,4238,1169
2013-09-01,용산2동주민센터건너,2730,654
2013-09-01,용산2동주민센터건너2,2582,1283
2013-09-01,용산2동주민센터앞,34769,2510
2013-09-01,용산네거리1,22913,4081
2013-09-01,용산네거리2,25787,10706
2013-09-01,용산역,1541,243
2013-09-01,용산역(1번출구),36182,7377
2013-09-01,용산역(2번출구),40064,9682
2013-09-01,용산종합큰시장건너,13272,1364
2013-09-01,용산종합큰시장앞,7139,1541
2013-09-01,용수동1,6,9
2013-09-01,용수동2,593,2
2013-09-01,용연사,256,5
2013-09-01,용연사시설집단지구건너,149,2
2013-09-01,용연사시설집단지구앞,17,7
2013-09-01,우록리,1625,3
2013-09-01,우록리(부곡장식당),5,13
2013-09-01,우록리(선흥사입구),6,19
2013-09-01,우록리(종점),928,30
2013-09-01,우방강촌마을건너,31185,3209
2013-09-01,우방강촌마을앞,12689,4867
2013-09-01,우방금탑아파트(서편),3356,6087
2013-09-01,우방드림시티건너,2857,2852
2013-09-01,우방드림시티앞,6988,932
2013-09-01,우방만촌하이츠건너,10946,1344
2013-09-01,우방만촌하이츠앞,4949,2404
2013-09-01,우방송현하이츠,886,89
2013-09-01,우방송현하이츠건너,354,43
2013-09-01,우방신세계타운앞,805,111
2013-09-01,우방신천지타운건너,4242,1308
2013-09-01,우방신천지타운앞,11872,2128
2013-09-01,우방아파트삼거리,342,288
2013-09-01,우방죽전타운건너,10256,4713
2013-09-01,우방죽전타운앞1,7899,1222
2013-09-01,우방죽전타운앞2,2580,757
2013-09-01,우방청솔맨션건너,14434,1842
2013-09-01,우방청솔맨션앞,17586,9459
2013-09-01,욱수초등학교건너,4752,2572
2013-09-01,욱수초등학교앞,31540,1246
2013-09-01,운암지공원1,327,7
2013-09-01,운암지공원2,11,114
2013-09-01,운암초등학교건너,11309,1037
2013-09-01,운암초등학교앞,10373,107
2013-09-01,웃갈미마을건너,315,3
2013-09-01,웃갈미마을앞,4,18
2013-09-01,웃는얼굴아트센터1,2084,208
2013-09-01,웃는얼굴아트센터2,309,135
2013-09-01,원대네거리,966,160
2013-09-01,원대시장건너,21385,2849
2013-09-01,원대시장건너2,1811,1450
2013-09-01,원대시장앞,15446,8231
2013-09-01,원대역1,12660,15242
2013-09-01,원대역2,24449,2905
2013-09-01,원대오거리북편1,2476,1294
2013-09-01,원대오거리북편2,869,354
2013-09-01,원불교앞,729,613
2013-09-01,월곡네거리,226,720
2013-09-01,월광수변공원,1199,194
2013-09-01,월드컵삼거리,794,311
2013-09-01,월드컵삼거리앞,859,430
2013-09-01,월배농협대덕지점건너,3428,762
2013-09-01,월배시장건너,14257,4661
2013-09-01,월배시장앞,15164,2991
2013-09-01,월배쌍용예가건너,1202,4
2013-09-01,월배쌍용예가앞,6,86
2013-09-01,월배역(3번출구),10540,5905
2013-09-01,월배역(4번출구),10792,1938
2013-09-01,월배이안아파트건너,131,0
2013-09-01,월배이안아파트앞,31,20
2013-09-01,월배중학교건너,2270,665
2013-09-01,월배중학교앞,1015,603
2013-09-01,월배차량기지건너,13,21
2013-09-01,월배차량기지앞,269,27
2013-09-01,월배초등학교건너,11679,1956
2013-09-01,월배힐스테이트건너,1776,18
2013-09-01,월배힐스테이트앞,6,101
2013-09-01,월성1동주민센터건너,3919,805
2013-09-01,월성1동주민센터앞,4299,235
2013-09-01,월성2동주민센터건너,17144,2206
2013-09-01,월성2동주민센터앞,31508,2119
2013-09-01,월성e-편한세상건너,18403,3637
2013-09-01,월성e-편한세상앞,9687,3989
2013-09-01,월성영남맨션앞,787,224
2013-09-01,월성자이앞,1296,396
2013-09-01,월성주공2단지앞,12383,1381
2013-09-01,월성주공3단지,1850,540
2013-09-01,월성주공4단지건너,41549,4011
2013-09-01,월성주공4단지앞1,3019,157
2013-09-01,월성주공4단지앞2,20774,4492
2013-09-01,월성주공5단지앞,7164,5338
2013-09-01,월성청구코아건너,21846,1565
2013-09-01,월성청구코아앞,13141,2749
2013-09-01,월성코오롱하늘채건너,697,203
2013-09-01,월성코오롱하늘채앞,2871,159
2013-09-01,월성푸르지오앞,13500,2141
2013-09-01,월암교1,895,9
2013-09-01,월암교2,211,65
2013-09-01,월촌고가교1,404,373
2013-09-01,월촌고가교2,2056,141
2013-09-01,월촌역(6번출구),18804,3264
2013-09-01,월촌역(7번출구),9724,3140
2013-09-01,월촌초등학교건너,1408,234
2013-09-01,월촌초등학교앞,2025,440
2013-09-01,위남마을입구,2813,148
2013-09-01,위천1리건너,403,39
2013-09-01,위천1리앞,1296,44
2013-09-01,위천삼거리(논공방향),315,46
2013-09-01,위천삼거리(현풍방향),220,75
2013-09-01,유가사(종점),402,11
2013-09-01,유가차천,1823,160
2013-09-01,유가차천1,447,333
2013-09-01,유곡리(회차지),7,0
2013-09-01,유니버시아드레포츠센터건너,3203,753
2013-09-01,유니버시아드선수촌2단지건너,15540,2167
2013-09-01,유니버시아드선수촌2단지앞,3027,919
2013-09-01,유림물산,1739,193
2013-09-01,유림한의원건너,299,187
2013-09-01,유산리,174,2
2013-09-01,유신섬유네거리1,716,129
2013-09-01,유신섬유네거리2,2996,83
2013-09-01,유천교(유천치안센터건너),11344,5409
2013-09-01,유천교(유천치안센터앞),19363,13916
2013-09-01,유천교1,12509,653
2013-09-01,유천교2,1528,5749
2013-09-01,유천포스코건너,3533,281
2013-09-01,유천포스코앞,5745,3556
2013-09-01,유통단지회차지,661,269
2013-09-01,유통단지회차지2,2836,4
2013-09-01,육상진흥센터건너,93,36
2013-09-01,육상진흥센터앞,690,99
2013-09-01,육신사,113,5
2013-09-01,율원초등학교건너,67,859
2013-09-01,율원초등학교앞,3367,72
2013-09-01,율하역,751,3908
2013-09-01,율하역(4번출구),8700,2603
2013-09-01,율하역(5번출구),10034,1565
2013-09-01,율하휴먼시아15단지앞,7101,2089
2013-09-01,율하휴먼시아5단지건너,152,209
2013-09-01,율하휴먼시아5단지앞,2894,297
2013-09-01,율하휴먼시아6단지건너,1244,624
2013-09-01,율하휴먼시아6단지앞,10617,340
2013-09-01,율하휴먼시아8단지앞,9209,219
2013-09-01,율하휴먼시아9단지앞,1436,475
2013-09-01,은하타운건너,1787,807
2013-09-01,은하타운앞,1570,968
2013-09-01,은행APT입구,480,200
2013-09-01,읍내동주민센터건너,6039,3356
2013-09-01,읍내동주민센터앞,395,201
2013-09-01,응암1리1,17,3
2013-09-01,응암1리2,20,0
2013-09-01,응암2리,21,1
2013-09-01,응암2리건너,280,56
2013-09-01,응암2리앞,5,32
2013-09-01,응암3리2,112,0
2013-09-01,응암3리입구,0,1
2013-09-01,이곡1동주민센터건너,8193,833
2013-09-01,이곡1동주민센터앞,3008,1854
2013-09-01,이곡마을,402,8
2013-09-01,이곡양수장건너,66,41
2013-09-01,이곡양수장앞,225,428
2013-09-01,이곡장미공원건너,3219,567
2013-09-01,이곡장미공원앞,4113,621
2013-09-01,이마트경산점,8815,2275
2013-09-01,이마트반야월점건너,1627,342
2013-09-01,이마트반야월점앞,3091,706
2013-09-01,이마트시지점건너,4451,1900
2013-09-01,이마트시지점앞,426,662
2013-09-01,이마트월배점건너,4352,2310
2013-09-01,이마트월배점앞,7642,1127
2013-09-01,이마트칠성점앞,18226,3442
2013-09-01,이마트트레이더스건너,7570,3412
2013-09-01,이마트트레이더스앞,19359,6746
2013-09-01,이시아폴리스더샵1단지,11370,550
2013-09-01,이시아폴리스더샵2단지,1804,1005
2013-09-01,이월드(구.우방랜드)건너,1519,137
2013-09-01,이월드(구.우방랜드)앞,467,299
2013-09-01,이월드(구.우방랜드)정문,4938,3709
2013-09-01,이월드(구.우방랜드)후문건너,3338,716
2013-09-01,이월드(구.우방랜드)후문앞,2355,333
2013-09-01,이천동,16,4
2013-09-01,이천동(종점),66,0
2013-09-01,이천리(시내방향),150,3
2013-09-01,이천리(시외방향),109,1
2013-09-01,이천새마을금고건너,13911,748
2013-09-01,이천치안센터건너,1826,1374
2013-09-01,이현고개삼거리,3,0
2013-09-01,이현삼거리1,93,153
2013-09-01,이현삼거리2,876,109
2013-09-01,이현삼거리3,3139,800
2013-09-01,이현자동차검사소건너,1489,179
2013-09-01,이현자동차검사소앞,868,106
2013-09-01,이현지구대건너,908,235
2013-09-01,이현지구대앞,444,111
2013-09-01,인동촌시장건너,3211,1461
2013-09-01,인동촌시장입구,12762,680
2013-09-01,인산마을건너,805,13
2013-09-01,인산마을앞,48,61
2013-09-01,인지초등학교입구,1,1
2013-09-01,일심제약,158,5
2013-09-01,입석중학교건너,11545,1882
2013-09-01,입석중학교앞,4466,2020
2013-09-01,잉꼬아파트건너,723,194
2013-09-01,잉꼬아파트앞,1728,700
2013-09-01,자모공원,19,0
2013-09-01,장관빌라건너,1668,76
2013-09-01,장관빌라앞,1067,209
2013-09-01,장기영남네오빌,72,71
2013-09-01,장기초등학교,1253,125
2013-09-01,장기초등학교1,8,30
2013-09-01,장기초등학교2,151,2
2013-09-01,장기초록나라건너,3261,2238
2013-09-01,장기초록나라앞,8406,524
2013-09-01,장기파랑새마을앞,80,151
2013-09-01,장동초등학교건너,3046,27
2013-09-01,장동초등학교앞,91,422
2013-09-01,장산초등학교건너,703,101
2013-09-01,장산초등학교앞,918,70
2013-09-01,장성초등학교건너,680,4344
2013-09-01,장성초등학교앞,462,1057
2013-09-01,장태실마을건너,326,27
2013-09-01,장태실마을앞,14,22
2013-09-01,적십자혈액원건너,4152,695
2013-09-01,적십자혈액원앞,2611,624
2013-09-01,전기안전공사건너,1368,2407
2013-09-01,전기안전공사앞,2904,291
2013-09-01,전기재료관1,973,358
2013-09-01,전기재료관2,190,173
2013-09-01,전자관,4864,1435
2013-09-01,전자상가,10765,1306
2013-09-01,정대1리(바깥매남),114,0
2013-09-01,정대1리(안매남),108,0
2013-09-01,정대2리마을회관앞,257,15
2013-09-01,정대리(대구미술광장),189,0
2013-09-01,정대숲,372,0
2013-09-01,정대숲건너,0,7
2013-09-01,정대숲앞,456,0
2013-09-01,정동고등학교건너,5479,1816
2013-09-01,정동고등학교앞,10954,786
2013-09-01,정부대구지방합동청사건너,296,40
2013-09-01,정부대구지방합동청사앞,106,60
2013-09-01,정부대구지방합동청사후문1,1048,461
2013-09-01,정화우방팔레스,13541,10321
2013-09-01,정화우방팔레스건너,24228,4155
2013-09-01,제일규산,959,35
2013-09-01,제일여자상업고등학교건너,22264,7523
2013-09-01,제일여자상업고등학교앞,26313,4281
2013-09-01,조달청건너,3390,1466
2013-09-01,조달청앞,8921,530
2013-09-01,조암네거리1,1304,42
2013-09-01,조암네거리2,503,330
2013-09-01,조암초등학교건너,44,2
2013-09-01,조암초등학교앞,161,8
2013-09-01,조야동(종점),11914,490
2013-09-01,조야초등학교입구,1,1
2013-09-01,조일로봇고등학교(종점),7144,787
2013-09-01,주1리1,10,29
2013-09-01,주1리2,736,67
2013-09-01,주2리(최정사입구),3,26
2013-09-01,주2리1,324,0
2013-09-01,주리(삼진식당),6,25
2013-09-01,죽곡2지구1,3,1
2013-09-01,죽곡2지구2,11,12
2013-09-01,죽전119안전센터건너,4316,1274
2013-09-01,죽전119안전센터앞,5132,730
2013-09-01,죽전그린빌건너,3221,1769
2013-09-01,죽전그린빌앞,11895,1296
2013-09-01,죽전네거리1,36388,4575
2013-09-01,죽전네거리2,16970,8749
2013-09-01,중구보건소건너,3277,3143
2013-09-01,중구보건소앞,2280,1066
2013-09-01,중구청건너,26461,5979
2013-09-01,중구청앞,27713,10894
2013-09-01,중대1동회관앞,1736,3
2013-09-01,중동교1,3645,3587
2013-09-01,중동교2,1315,189
2013-09-01,중동네거리1,6221,859
2013-09-01,중동네거리2,3372,2620
2013-09-01,중동서울아파트건너,320,105
2013-09-01,중동서울아파트앞,1192,46
2013-09-01,중동시장건너,17491,8259
2013-09-01,중동시장앞,23940,4727
2013-09-01,중동주민센터건너,575,147
2013-09-01,중동주민센터앞,385,131
2013-09-01,중동치안센터건너,1622,101
2013-09-01,중동치안센터앞,589,147
2013-09-01,중리광명맨션건너,14528,2236
2013-09-01,중리광명맨션앞,10286,2046
2013-09-01,중리네거리1,7960,1906
2013-09-01,중리네거리2,4582,1846
2013-09-01,중리롯데캐슬건너,10846,3282
2013-09-01,중리롯데캐슬서편,4203,1268
2013-09-01,중리롯데캐슬앞,15901,2461
2013-09-01,중리롯데캐슬정문앞,721,108
2013-09-01,중리마을,3470,6
2013-09-01,중리삼거리1,13,92
2013-09-01,중리삼거리2,1248,5
2013-09-01,중리시장건너1,282,219
2013-09-01,중리시장건너2,1055,98
2013-09-01,중리시장앞,7878,1906
2013-09-01,중리중학교,810,76
2013-09-01,중마을(갓바위방향),274,244
2013-09-01,중마을(시내방향),721,1
2013-09-01,중부소방서건너,3080,750
2013-09-01,중부소방서앞,7374,901
2013-09-01,중석타운건너,89,298
2013-09-01,중석타운앞,10430,284
2013-09-01,중소기업관건너,37,232
2013-09-01,중소기업관앞,1274,60
2013-09-01,중소기업지원센터,606,116
2013-09-01,중심마을,379,12
2013-09-01,중앙일보건너,1547,880
2013-09-01,중앙일보앞,5250,209
2013-09-01,지묘동1,3161,638
2013-09-01,지묘동2,7730,187
2013-09-01,지묘초등학교건너,9465,298
2013-09-01,지묘초등학교앞,813,230
2013-09-01,지산2길입구,233,2
2013-09-01,지산2길입구건너,229,5
2013-09-01,지산동서맨션건너,7501,2144
2013-09-01,지산동서맨션앞,20996,1545
2013-09-01,지산목련아파트건너,26295,2171
2013-09-01,지산목련아파트앞,11151,4109
2013-09-01,지산시영아파트1단지건너,1987,842
2013-09-01,지산시영아파트1단지앞,6117,232
2013-09-01,지산영남맨션앞,2974,1027
2013-09-01,지산우방아파트,6459,667
2013-09-01,지산중학교입구,688,156
2013-09-01,지산청구타운건너,2700,1882
2013-09-01,지산청구타운앞,18322,481
2013-09-01,지산타운건너,20837,1159
2013-09-01,지산타운앞,3572,5386
2013-09-01,지산한라타운건너,20235,456
2013-09-01,지산한라타운앞,3080,2210
2013-09-01,지산현대주택건너,5822,1450
2013-09-01,지산현대주택앞,12206,1089
2013-09-01,지산화성파크드림,1862,356
2013-09-01,지저동행정복지센터건너,21223,1562
2013-09-01,지저동행정복지센터앞,4365,1091
2013-09-01,진달래아파트건너,8743,3650
2013-09-01,진달래아파트앞,14928,2680
2013-09-01,진월초등학교건너,1490,472
2013-09-01,진월초등학교앞,742,322
2013-09-01,진인동(양지마을)건너,14,19
2013-09-01,진인동(양지마을)앞,177,3
2013-09-01,진인동(진정마을)1,87,10
2013-09-01,진인동(진정마을)2,2,3
2013-09-01,진정마을1,1126,17
2013-09-01,진정마을2,48,27
2013-09-01,진천역(1번출구),35272,7386
2013-09-01,진천역(2번출구),22958,10247
2013-09-01,진천청구타운건너,861,667
2013-09-01,진천청구타운앞,3056,402
2013-09-01,징리보건소,229,0
2013-09-01,차량등록사업소건너,1700,470
2013-09-01,차량등록사업소앞,924,113
2013-09-01,창1리1,5,3
2013-09-01,창1리2,98,14
2013-09-01,천내영남맨션,15,3
2013-09-01,천내우방1차,6,0
2013-09-01,청구고등학교건너,17041,1944
2013-09-01,청구고등학교앞,22917,4504
2013-09-01,청구그린맨션1차건너,12290,2138
2013-09-01,청구그린맨션1차앞,15131,2046
2013-09-01,청구시장건너,6491,751
2013-09-01,청구시장건너2,514,127
2013-09-01,청구시장북편,1962,347
2013-09-01,청구시장북편건너,3127,318
2013-09-01,청구시장앞,6430,1269
2013-09-01,청구중동아파트,570,275
2013-09-01,청구타운건너,1296,676
2013-09-01,청구타운앞,1426,206
2013-09-01,청기와주유소건너,14748,3543
2013-09-01,청기와주유소앞,18458,6360
2013-09-01,청남타운건너,2358,44
2013-09-01,청남타운앞,432,445
2013-09-01,청백다례원,1403,582
2013-09-01,청소년수련원건너,456,74
2013-09-01,청소년수련원앞,624,314
2013-09-01,청아람푸르지오2단지1,1,2
2013-09-01,청아람푸르지오2단지2,66,2
2013-09-01,청운맨션건너,1751,170
2013-09-01,청운맨션앞,891,401
2013-09-01,충혼탑건너,5591,95
2013-09-01,충혼탑앞,114,742
2013-09-01,측백수림건너,562,1
2013-09-01,측백수림앞,9,18
2013-09-01,칠곡2차영남타운건너,3185,567
2013-09-01,칠곡2차영남타운앞,4663,357
2013-09-01,칠곡3차보성타운1,1033,351
2013-09-01,칠곡3차보성타운2,5890,508
2013-09-01,칠곡3차화성타운1,5116,44
2013-09-01,칠곡3차화성타운2,9943,192
2013-09-01,칠곡3차화성타운3,56,239
2013-09-01,칠곡경대병원역,22,230
2013-09-01,칠곡경북대병원,812,366
2013-09-01,칠곡경북대병원정문건너,238,282
2013-09-01,칠곡경북대병원정문앞,4006,41
2013-09-01,칠곡경북대병원후문건너,3163,861
2013-09-01,칠곡경북대병원후문앞,5036,580
2013-09-01,칠곡그린빌2차건너,23326,1369
2013-09-01,칠곡그린빌2차앞,7836,2161
2013-09-01,칠곡그린빌3차건너,15770,326
2013-09-01,칠곡그린빌3차앞,347,1403
2013-09-01,칠곡그린빌5단지건너,2740,194
2013-09-01,칠곡그린빌5단지앞,2774,649
2013-09-01,칠곡그린빌6단지건너,1217,106
2013-09-01,칠곡그린빌6단지앞,292,58
2013-09-01,칠곡그린파크1,8269,3225
2013-09-01,칠곡그린파크2,21086,1931
2013-09-01,칠곡네스빌,176,153
2013-09-01,칠곡대백맨션건너,5852,43
2013-09-01,칠곡대백맨션앞,287,540
2013-09-01,칠곡동화아파트건너,3871,1611
2013-09-01,칠곡동화아파트앞,17104,1302
2013-09-01,칠곡롯데아파트건너,28,204
2013-09-01,칠곡롯데아파트앞,4013,24
2013-09-01,칠곡부영1단지,4443,269
2013-09-01,칠곡서한맨션,1280,10
2013-09-01,칠곡서한맨션앞,110,506
2013-09-01,칠곡시장건너,13088,1012
2013-09-01,칠곡시장앞,1974,1702
2013-09-01,칠곡에덴타운건너,30685,6922
2013-09-01,칠곡에덴타운앞,25374,7486
2013-09-01,칠곡우방타운건너(종점),3204,7
2013-09-01,칠곡우방타운건너(종점),1653,58
2013-09-01,칠곡우방타운앞(종점),3255,251
2013-09-01,칠곡주공그린빌1단지건너,2607,669
2013-09-01,칠곡주공그린빌1단지앞,7979,343
2013-09-01,칠곡중학교건너(칠곡향교건너),1651,647
2013-09-01,칠곡중학교앞(칠곡향교앞),21048,1682
2013-09-01,칠곡청구타운건너,569,456
2013-09-01,칠곡청구타운앞,4085,183
2013-09-01,칠곡초등학교건너,151,241
2013-09-01,칠곡초등학교앞,968,188
2013-09-01,칠곡한라타운건너,5512,90
2013-09-01,칠곡한라타운앞,57,473
2013-09-01,칠곡한서타운건너,10940,766
2013-09-01,칠곡한신아파트건너,2312,235
2013-09-01,칠곡한신아파트앞1,10512,327
2013-09-01,칠곡한신아파트앞2,1356,145
2013-09-01,칠곡화성타운건너,8616,231
2013-09-01,칠곡화성타운앞1,7615,1566
2013-09-01,칠곡화성타운앞2,2725,743
2013-09-01,칠성고가도로하단,1006,304
2013-09-01,칠성꽃도매시장건너,1051,1134
2013-09-01,칠성꽃도매시장앞,2376,998
2013-09-01,칠성시장(농협건너),186,439
2013-09-01,칠성시장(농협앞),1303,174
2013-09-01,칠성시장(양친회신협),11,139
2013-09-01,칠성시장(전자상가건너),6174,673
2013-09-01,칠성시장(전자상가앞),1728,1969
2013-09-01,칠성시장건너,35703,23047
2013-09-01,칠성시장앞1,42662,22956
2013-09-01,칠성시장역(서문프라자건너),3495,9154
2013-09-01,칠성시장역(서문프라자앞),23805,3066
2013-09-01,칠성우방타운,739,175
2013-09-01,침산3동주민센터,8414,1046
2013-09-01,침산남영타운건너,3211,1122
2013-09-01,침산남영타운앞,6465,350
2013-09-01,침산네거리1,11153,1041
2013-09-01,침산네거리2,9619,1972
2013-09-01,침산동화타운건너,6249,107
2013-09-01,침산동화타운앞,465,498
2013-09-01,침산변전소건너,10296,3533
2013-09-01,침산변전소앞,9302,3749
2013-09-01,침산중학교건너,2770,255
2013-09-01,침산중학교앞,5226,306
2013-09-01,침산초등학교건너,4720,1417
2013-09-01,침산초등학교앞,2953,505
2013-09-01,침산초등학교후문,345,40
2013-09-01,침산코오롱하늘채건너,7713,2006
2013-09-01,침산코오롱하늘채앞,21807,3344
2013-09-01,캐슬골드파크(1102동),22697,1756
2013-09-01,캐슬골드파크(1504동),12963,3325
2013-09-01,케이에스건너,16,18
2013-09-01,케이에스앞,675,34
2013-09-01,코스트코홀세일건너/복현화성타운앞,4485,3914
2013-09-01,코스트코홀세일앞/복현화성타운건너,42721,4839
2013-09-01,코오롱아파트,15398,2299
2013-09-01,퀸벨호텔건너,14727,1850
2013-09-01,퀸벨호텔앞,8917,4534
2013-09-01,퀸스로드건너,2169,1963
2013-09-01,퀸스로드건너(동편),11576,3858
2013-09-01,퀸스로드앞,4357,614
2013-09-01,퀸스로드앞(동편),15306,5671
2013-09-01,크리스탈호텔앞,1254,395
2013-09-01,큰고개1,5065,5615
2013-09-01,큰고개2,10448,2164
2013-09-01,큰고개오거리1,21824,1454
2013-09-01,큰고개오거리2,4990,12472
2013-09-01,큰장네거리1,71457,15312
2013-09-01,큰장네거리2,40721,19273
2013-09-01,큰장네거리3,18502,7065
2013-09-01,큰장네거리4,32178,14201
2013-09-01,태성맨션건너,68,128
2013-09-01,태성맨션앞,3783,720
2013-09-01,태왕그린힐즈건너,783,362
2013-09-01,태왕그린힐즈앞1,84,417
2013-09-01,태왕그린힐즈앞2,5639,39
2013-09-01,태왕메트로시티건너,5892,1100
2013-09-01,태왕메트로시티앞,4285,1142
2013-09-01,태왕아너스베스트앞,5738,246
2013-09-01,태왕아너스복현건너,3145,1078
2013-09-01,태왕아너스복현앞,8755,850
2013-09-01,태전두성타운건너,7099,1371
2013-09-01,태전두성타운앞,14574,1133
2013-09-01,태전삼거리1,14571,8911
2013-09-01,태전삼거리2,34561,7042
2013-09-01,태전역1,15636,8177
2013-09-01,태전중석타운,1536,81
2013-09-01,태전중석타운건너,1838,263
2013-09-01,태전중앙시장건너,3220,1383
2013-09-01,태전중앙시장앞,9717,1682
2013-09-01,태전휴먼시아,1487,82
2013-09-01,태평상가건너,5935,3739
2013-09-01,태평상가앞1,4633,3133
2013-09-01,태평상가앞2,266,161
2013-09-01,태현초등학교앞,8216,47
2013-09-01,터실마을,18,0
2013-09-01,텍스빌,9000,1598
2013-09-01,토지주택공사건너,3314,1022
2013-09-01,토지주택공사앞,10285,777
2013-09-01,퇴계마을건너,9,5
2013-09-01,퇴계마을앞,188,0
2013-09-01,파계교,324,503
2013-09-01,파계사(종점),8906,792
2013-09-01,파군재삼거리1,1052,1355
2013-09-01,파군재삼거리2,363,402
2013-09-01,파동1차시장건너,2168,1075
2013-09-01,파동1차시장앞,12363,560
2013-09-01,파동우체국앞,871,634
2013-09-01,파동청구하이츠,7916,345
2013-09-01,파크맨션건너,12750,1535
2013-09-01,파크맨션앞,9872,1696
2013-09-01,파티마병원건너1,21454,7636
2013-09-01,파티마병원건너2,3726,2147
2013-09-01,팔거역3,442,114
2013-09-01,팔거역4,1070,84
2013-09-01,팔공3차보성타운건너,974,5
2013-09-01,팔공3차보성타운앞,98,260
2013-09-01,팔공3차보성타운후문,5159,153
2013-09-01,팔공보성아파트건너,1383,408
2013-09-01,팔공보성아파트앞,8352,307
2013-09-01,팔공산IC입구,283,1809
2013-09-01,팔공산맥건너,2532,370
2013-09-01,팔공산맥앞,1068,215
2013-09-01,팔공학생야영장앞,260,7
2013-09-01,팔공학생야영장입구건너,22,10
2013-09-01,팔공학생야영장입구앞,30,15
2013-09-01,팔공한마음주유소,5,3
2013-09-01,팔공한마음주유소건너,294,3
2013-09-01,팔달시장건너,40405,11617
2013-09-01,팔달시장앞,44563,24393
2013-09-01,팔달시장역,43181,20124
2013-09-01,팔달신시장,31067,8903
2013-09-01,팔달신시장2,4920,2753
2013-09-01,팔달역2,787,653
2013-09-01,팔달중학교건너,8377,217
2013-09-01,팔달중학교앞,5727,286
2013-09-01,팔달초등학교,160,210
2013-09-01,팔레스호텔건너,24375,5897
2013-09-01,팔레스호텔앞1,5966,2470
2013-09-01,팔레스호텔앞2,721,1271
2013-09-01,팔현마을,124,5
2013-09-01,평광3차아파트,4627,89
2013-09-01,평광3차아파트건너,4211,313
2013-09-01,평광새마을금고,189,0
2013-09-01,평광종점,640,14
2013-09-01,평리1동주민센터건너,1224,69
2013-09-01,평리1동주민센터앞,3428,190
2013-09-01,평리2동주민센터건너,10418,1298
2013-09-01,평리2동주민센터앞,9425,2092
2013-09-01,평리3동주민센터건너,2556,102
2013-09-01,평리6동주민센터앞,1828,356
2013-09-01,평리광명네거리,880,1022
2013-09-01,평리광명맨션건너,4197,522
2013-09-01,평리광명맨션앞,945,303
2013-09-01,평리네거리1,15131,9744
2013-09-01,평리네거리2,17548,5874
2013-09-01,평리명성아파트건너,5710,1548
2013-09-01,평리명성아파트앞,3547,496
2013-09-01,평리중학교건너,1486,538
2013-09-01,평리중학교앞,2528,152
2013-09-01,평리청구타운건너,38852,14275
2013-09-01,평리청구타운앞,36011,9458
2013-09-01,평안,562,77
2013-09-01,평촌2리,17,4
2013-09-01,평촌리,148,0
2013-09-01,평현치안센터건너,5991,881
2013-09-01,평화시장(닭똥집골목)건너,26639,4490
2013-09-01,평화시장(닭똥집골목)앞,54508,16326
2013-09-01,평화씨엠비건너,1218,35
2013-09-01,평화씨엠비앞,219,97
2013-09-01,평화정공건너,721,94
2013-09-01,평화정공앞,710,38
2013-09-01,평화타운건너,17076,5529
2013-09-01,푸드웰건너,3779,19
2013-09-01,푸드웰앞,123,99
2013-09-01,푸르밀대구공장,39,1
2013-09-01,푸르밀대구공장건너,0,10
2013-09-01,풋살경기장(50사단),702,54
2013-09-01,풍국주정공업,1155,35
2013-09-01,하리(약산온천)건너,282,69
2013-09-01,하목정(종점),1,24
2013-09-01,하빈농협건너,186,4
2013-09-01,하빈농협동곡지점1,73,9
2013-09-01,하빈농협동곡지점2,556,6
2013-09-01,하빈농협앞,10,6
2013-09-01,하빈농협입구,13,3
2013-09-01,하빈면사무소건너,362,8
2013-09-01,하빈면사무소앞,21,7
2013-09-01,하빈우체국건너,298,4
2013-09-01,하빈우체국앞,13,5
2013-09-01,하빈주유소앞,21,8
2013-09-01,하빈초등학교앞,242,2
2013-09-01,하산1리,359,2
2013-09-01,하산2리,305,0
2013-09-01,하산스무지(종점),133,3
2013-09-01,학남고등학교건너,1985,270
2013-09-01,학남고등학교앞,4875,280
2013-09-01,학남초등학교건너,122,434
2013-09-01,학남초등학교앞,3074,247
2013-09-01,학산아파트건너,18,9
2013-09-01,학산아파트앞,14,4
2013-09-01,학정청아람1,885,124
2013-09-01,학정청아람2,2938,65
2013-09-01,학정청아람건너,3082,441
2013-09-01,학정청아람앞,2460,229
2013-09-01,한가람타운건너,23087,6588
2013-09-01,한가람타운앞,21143,4450
2013-09-01,한걸고정마을,232,1
2013-09-01,한국감정원앞,179,65
2013-09-01,한국건강관리협회앞,5770,610
2013-09-01,한국국토정보공사건너,2726,3277
2013-09-01,한국국토정보공사앞,2390,538
2013-09-01,한국농어촌공사건너,23395,4246
2013-09-01,한국농어촌공사앞,19790,1638
2013-09-01,한국델파이건너,216,177
2013-09-01,한국델파이앞,1269,89
2013-09-01,한국도로공사건너,112,478
2013-09-01,한국도로공사앞,7177,63
2013-09-01,한국방송통신대학교건너,3495,516
2013-09-01,한국방송통신대학교앞,1014,407
2013-09-01,한국산업은행성서지점건너,46,977
2013-09-01,한국산업은행성서지점앞,5375,373
2013-09-01,한국산업인력공단건너,4136,160
2013-09-01,한국산업인력공단앞,133,173
2013-09-01,한국생산기술연구원건너,28,3
2013-09-01,한국생산기술연구원앞,52,2
2013-09-01,한국클래드텍건너,319,4
2013-09-01,한국클래드텍앞,0,110
2013-09-01,한국타이어,283,460
2013-09-01,한국타이어건너,210,15
2013-09-01,한국패션센터,1982,213
2013-09-01,한국폴리텍VI대구대학건너,17207,5010
2013-09-01,한국폴리텍VI대구대학앞,12167,6213
2013-09-01,한국폴리텍대학(섬유패션캠퍼스),5168,1785
2013-09-01,한국환경자원공사,4,7
2013-09-01,한도아파트앞,9439,393
2013-09-01,한라하우젠트,778,10
2013-09-01,한마음주유소건너,2896,333
2013-09-01,한마음주유소앞,2849,339
2013-09-01,한샘교회,4871,1450
2013-09-01,한샘교회건너,1058,876
2013-09-01,한서기전건너,322,37
2013-09-01,한서기전앞,324,28
2013-09-01,한양공작맨션건너,75,99
2013-09-01,한양공작맨션앞,1139,8
2013-09-01,한양산호아파트건너,2660,241
2013-09-01,한양산호아파트앞,5538,147
2013-09-01,한양수정아파트,54,53
2013-09-01,한양코스모스아파트건너,68,112
2013-09-01,한양코스모스아파트앞,1223,105
2013-09-01,한전동대구지사,23437,4962
2013-09-01,한전동대구지사건너,16624,4380
2013-09-01,한전서대구지사건너,20880,6693
2013-09-01,한전서대구지사앞,14297,3916
2013-09-01,한정3리,59,0
2013-09-01,한정리(한정초교),159,0
2013-09-01,한정리(한정초교건너),5,1
2013-09-01,한화꿈에그린건너1,621,702
2013-09-01,한화꿈에그린앞,12862,2069
2013-09-01,함지초등학교건너,1216,542
2013-09-01,함지초등학교앞,9280,273
2013-09-01,해랑교(시외방향),33,21
2013-09-01,해랑교1,11,6
2013-09-01,해랑교2,618,7
2013-09-01,해랑교건너,286,48
2013-09-01,해안동행정복지센터,385,81
2013-09-01,해안역(1번출구),12979,2430
2013-09-01,해안역(3번출구),6885,3101
2013-09-01,해안초등학교뒤,2,27
2013-09-01,행정1리건너,95,0
2013-09-01,행정2리건너,1,6
2013-09-01,행정2리앞,100,10
2013-09-01,행정리,174,32
2013-09-01,행정리(한천서원),370,0
2013-09-01,헬로TV대구방송건너,5641,2458
2013-09-01,헬로TV대구방송앞,7011,1915
2013-09-01,현내1리,181,1
2013-09-01,현내2리중방마을건너,102,0
2013-09-01,현내2리중방마을앞,3,0
2013-09-01,현대금속,1396,63
2013-09-01,현대메카닉스건너,124,0
2013-09-01,현대메카닉스앞,0,13
2013-09-01,현대백조아파트(북편),4078,170
2013-09-01,현대백조아파트건너,2481,204
2013-09-01,현대백조아파트앞,2732,618
2013-09-01,현대백화점.동아쇼핑건너,26994,8001
2013-09-01,현대백화점.동아쇼핑앞,41481,5372
2013-09-01,현대시장건너,11907,961
2013-09-01,현대시장앞,2428,1128
2013-09-01,현대시장앞2,859,256
2013-09-01,현대해상건너,29653,11773
2013-09-01,현대해상앞,25988,6148
2013-09-01,현충로역(3번출구),31712,12150
2013-09-01,현충로역(4번출구),24929,10457
2013-09-01,현충삼거리1,529,478
2013-09-01,현충삼거리2,3062,88
2013-09-01,현풍고속도로밑,214,27
2013-09-01,현풍농협,3025,340
2013-09-01,현풍면사무소건너,0,6
2013-09-01,현풍면사무소앞,64,0
2013-09-01,현풍삼거리,161,63
2013-09-01,현풍새마을금고,3717,420
2013-09-01,현풍시외버스터미널,1404,324
2013-09-01,현풍운전시험장,495,9
2013-09-01,현풍주공아파트,53,31
2013-09-01,현풍주공아파트2,7,73
2013-09-01,현풍주공아파트앞,433,67
2013-09-01,현풍중고등학교,40,94
2013-09-01,현풍중고등학교건너,1457,19
2013-09-01,현풍터미널건너,1456,143
2013-09-01,현풍터미널앞,665,439
2013-09-01,현풍할매곰탕,1728,469
2013-09-01,현풍할매곰탕건너,3470,294
2013-09-01,호산초등학교건너,101,19
2013-09-01,호산초등학교앞,111,247
2013-09-01,홈플러스내당점건너,9667,1720
2013-09-01,홈플러스내당점앞,6179,6339
2013-09-01,홈플러스대구점건너,10850,3273
2013-09-01,홈플러스대구점앞,20937,7657
2013-09-01,홈플러스동촌점건너,5869,2862
2013-09-01,홈플러스동촌점앞,11802,1488
2013-09-01,홈플러스칠곡점건너,10102,556
2013-09-01,홈플러스칠곡점앞,3070,1286
2013-09-01,홍천사건너,1604,22
2013-09-01,홍천사입구,104,114
2013-09-01,화남초등학교건너,17,204
2013-09-01,화남초등학교앞,6070,486
2013-09-01,화동초등학교건너,827,102
2013-09-01,화동초등학교앞,723,62
2013-09-01,화랑교1,1277,2788
2013-09-01,화랑교2,12651,740
2013-09-01,화성그랜드건너,391,78
2013-09-01,화성그랜드앞,158,68
2013-09-01,화성리버파크건너,5796,222
2013-09-01,화성리버파크앞,1092,391
2013-09-01,화성센트럴파크,3876,208
2013-09-01,화성쌍용타운건너,629,15
2013-09-01,화성쌍용타운앞1,910,202
2013-09-01,화성쌍용타운앞2,163,834
2013-09-01,화성전문요양원건너,1721,303
2013-09-01,화성전문요양원앞,1609,526
2013-09-01,화성파크뷰건너,8913,340
2013-09-01,화성파크뷰앞,711,1177
2013-09-01,화영테크건너,16,44
2013-09-01,화영테크앞,435,22
2013-09-01,화원고등학교(종점),553,63
2013-09-01,화원고등학교(종점)2,115,73
2013-09-01,화원고등학교건너,7699,1099
2013-09-01,화원고등학교앞,7440,1051
2013-09-01,화원농협주유소건너,1816,451
2013-09-01,화원농협주유소앞,7777,1715
2013-09-01,화원삼주타운건너,6615,233
2013-09-01,화원삼주타운앞,334,250
2013-09-01,화원시장건너,3951,350
2013-09-01,화원시장앞,128,549
2013-09-01,화원유원지(사문진주막촌),771,123
2013-09-01,화원유원지건너,202,32
2013-09-01,화원유원지입구,1,1
2013-09-01,화원초등학교건너,22037,5357
2013-09-01,화원초등학교앞,31148,9513
2013-09-01,화전동1,8,40
2013-09-01,화전동2,540,3
2013-09-01,황금2동치안센터건너,1515,391
2013-09-01,황금2동치안센터앞,3635,207
2013-09-01,황금네거리1,26876,2456
2013-09-01,황금네거리2,8241,4704
2013-09-01,황금시장건너,219,77
2013-09-01,황금시장앞,1682,70
2013-09-01,황금우방1차건너,16623,2745
2013-09-01,황금우방1차앞,6437,2156
2013-09-01,황금초등학교건너,1833,770
2013-09-01,황금초등학교앞,5558,208
2013-09-01,황제맨션건너,6860,2713
2013-09-01,황제맨션앞,4659,775
2013-09-01,효동초등학교건너,4061,847
2013-09-01,효동초등학교앞,9129,795
2013-09-01,효목네거리1,9147,1909
2013-09-01,효목네거리2,2352,2727
2013-09-01,효목네거리3,17292,4022
2013-09-01,효성타운앞,15934,1017
2013-09-01,흥사단 대구지부건너,1625,303
2013-09-01,흥사단 대구지부앞,975,1044
2013-09-01,흥성정공건너,292,3
2013-09-01,흥성정공앞,83,11
2013-09-01,희망교1,1206,186
2013-09-01,희성전자건너,31,24
2013-09-01,희성전자앞,418,52
2013-09-01,힐크레스트남문건너,702,151
2013-09-01,힐크레스트남문앞,212,409
2013-09-01,힐크레스트입구,412,511
2013-10-01,(주)성안건너,22,591
2013-10-01,(주)영화건너,2,163
2013-10-01,(주)영화앞,561,0
2013-10-01,1차서한화성타운앞,643,237
2013-10-01,2.28기념중앙공원건너1,68469,20139
2013-10-01,2.28기념중앙공원건너2,21742,15167
2013-10-01,2.28기념중앙공원앞,151149,25152
2013-10-01,2차대자연맨션건너,2181,2170
2013-10-01,2차대자연맨션앞,10115,1666
2013-10-01,2차서한화성타운건너,38135,3466
2013-10-01,2차서한화성타운앞,19405,6445
2013-10-01,2호선반월당역1,27867,7732
2013-10-01,2호선반월당역2,16876,7071
2013-10-01,3공단새마을금고앞,5060,2642
2013-10-01,CGV대구한일건너,116555,25296
2013-10-01,CGV대구한일앞,32903,7383
2013-10-01,IHL건너,38,2
2013-10-01,IHL앞,27,9
2013-10-01,K-2입구,2554,1199
2013-10-01,K2관사입구(종점),2053,76
2013-10-01,KT남대구지사건너1,11242,5796
2013-10-01,KT남대구지사건너2,1987,1439
2013-10-01,KT남대구지사앞1,25095,10766
2013-10-01,KT남대구지사앞2,1412,2190
2013-10-01,KT동대구지사건너,26737,19314
2013-10-01,KT동대구지사앞,19357,3783
2013-10-01,KT북대구지사건너,4185,762
2013-10-01,KT북대구지사앞,7105,1235
2013-10-01,KT상동지사건너,3495,423
2013-10-01,KT상동지사앞,999,1046
2013-10-01,KT서대구지사건너,24356,5592
2013-10-01,KT서대구지사앞,19080,11762
2013-10-01,LG물류센터건너,4118,3476
2013-10-01,LG물류센터앞,9127,5018
2013-10-01,MBC네거리,10561,4191
2013-10-01,SK리더스뷰건너,14233,3099
2013-10-01,SK리더스뷰앞,6313,3059
2013-10-01,STX메탈건너,1297,4619
2013-10-01,STX메탈앞,75,1410
2013-10-01,TBC건너,14555,1168
2013-10-01,TBC앞,2856,3974
2013-10-01,TCN대구방송건너,2002,538
2013-10-01,TCN대구방송앞,3112,734
2013-10-01,㈜윔스건너,215,303
2013-10-01,㈜윔스앞,207,47
2013-10-01,가야농원,366,5
2013-10-01,가창농협건너,2596,4328
2013-10-01,가창농협앞,12115,644
2013-10-01,가창댐,8,10
2013-10-01,가창댐1,38,319
2013-10-01,가창면사무소건너,5651,2970
2013-10-01,가창면사무소앞,12312,1469
2013-10-01,가창중학교건너,2715,995
2013-10-01,가창중학교앞,645,491
2013-10-01,가창초등학교건너,6493,1402
2013-10-01,가창초등학교앞,1076,113
2013-10-01,가천동앞,113,16
2013-10-01,가천리,90,32
2013-10-01,가태2리마을입구,2,0
2013-10-01,가태리마을회관건너,167,3
2013-10-01,가태리마을회관앞,4,41
2013-10-01,각산역(1번출구),9177,2122
2013-10-01,각산역(2번출구),1919,2140
2013-10-01,갈실마을회관종점,424,40
2013-10-01,감문1리1,1,16
2013-10-01,감문1리2,442,2
2013-10-01,감문1리3,0,30
2013-10-01,감문1리4,39,0
2013-10-01,감삼네거리1,18639,8994
2013-10-01,감삼네거리2,61371,31859
2013-10-01,감삼초등학교건너,12266,2452
2013-10-01,감삼초등학교앞,9385,2165
2013-10-01,갓골건너,524,1
2013-10-01,갓골앞,5,79
2013-10-01,갓바위,29340,489
2013-10-01,강남약국건너,61280,17884
2013-10-01,강남약국앞1,32078,13111
2013-10-01,강남약국앞2,10852,2391
2013-10-01,강동중·고등학교,19,661
2013-10-01,강동중·고등학교건너,9184,24
2013-10-01,강변동서마을건너,6576,508
2013-10-01,강변동서마을앞,3945,2122
2013-10-01,강북경찰서건너,1458,1566
2013-10-01,강북경찰서앞,2015,732
2013-10-01,강북중학교건너,177,2929
2013-10-01,강북중학교앞,10872,54
2013-10-01,강산아파트건너,5219,10202
2013-10-01,강산아파트앞,6590,2267
2013-10-01,강정(종점),14,3
2013-10-01,강정보(디아크문화관)건너,21,26
2013-10-01,강정보(디아크문화관)입구,219,5
2013-10-01,강창교1,4057,342
2013-10-01,강창교2,496,1679
2013-10-01,강창역(1번출구),6305,1467
2013-10-01,강창역(2번출구),27495,1592
2013-10-01,강창하이츠,9444,638
2013-10-01,거동교1,796,749
2013-10-01,거동교2,822,726
2013-10-01,건들바위건너,1435,1026
2013-10-01,건들바위앞,771,2088
2013-10-01,건영아파트건너,15565,9212
2013-10-01,건영캐스빌건너,12914,1628
2013-10-01,건영캐스빌앞,794,2703
2013-10-01,검단119안전센터(엑스코),67,246
2013-10-01,검단동대구축협앞,6055,106
2013-10-01,검단동주민센터건너,12888,105
2013-10-01,검단동주민센터앞,399,1829
2013-10-01,검단상가아파트건너,556,17
2013-10-01,검단상가아파트앞,8,661
2013-10-01,검단유성아파트(서편),11521,3645
2013-10-01,검단유성아파트건너,6236,2062
2013-10-01,검단유성아파트앞,19067,4949
2013-10-01,경기장네거리1,4101,2281
2013-10-01,경기장네거리2,5090,720
2013-10-01,경대교2,4342,1366
2013-10-01,경대교건너,829,331
2013-10-01,경대교앞,196,1417
2013-10-01,경대사대부설고등학교앞,26117,14265
2013-10-01,경대아파트건너,34478,3905
2013-10-01,경대아파트앞,11774,4204
2013-10-01,경덕여고,1002,565
2013-10-01,경동산업앞,64,0
2013-10-01,경명여고건너,4052,961
2013-10-01,경명여고앞,2551,2165
2013-10-01,경북고교종점,2679,2190
2013-10-01,경북고등학교건너,14454,5323
2013-10-01,경북고등학교앞,22503,2392
2013-10-01,경북고등학교종점건너,237,35
2013-10-01,경북공고건너,6097,6632
2013-10-01,경북공고앞,10105,6233
2013-10-01,경북공무원교육원1,726,482
2013-10-01,경북공무원교육원2,53,55
2013-10-01,경북교통,6497,2521
2013-10-01,경북교통앞,3792,3690
2013-10-01,경북기계공고건너,12586,5541
2013-10-01,경북기계공고앞,12565,7679
2013-10-01,경북농업기술원건너,60,948
2013-10-01,경북농업기술원앞,221,43
2013-10-01,경북대체육센터건너,10326,1135
2013-10-01,경북대체육센터앞,5242,7939
2013-10-01,경북대학교병원건너,24997,13716
2013-10-01,경북대학교병원앞,45276,13551
2013-10-01,경북대학교북문건너,90365,3419
2013-10-01,경북대학교북문앞,42191,10993
2013-10-01,경북대학교서문건너,12220,1685
2013-10-01,경북대학교서문앞,4289,2053
2013-10-01,경북대학교정문건너,14129,5338
2013-10-01,경북대학교정문앞,30788,7525
2013-10-01,경북대학교치과병원,25745,13678
2013-10-01,경북아파트건너(고산동),21086,5143
2013-10-01,경북아파트건너(신천동),8601,15304
2013-10-01,경북아파트앞(고산동),14793,7289
2013-10-01,경북아파트앞(신천동),5710,6070
2013-10-01,경북여상건너,15013,10615
2013-10-01,경북여상앞,14480,5341
2013-10-01,경북크랑크,2095,95
2013-10-01,경상감영공원건너,112817,27114
2013-10-01,경상감영공원앞,84236,79276
2013-10-01,경상북도농업인회관,395,99
2013-10-01,경상여자고등학교건너,3978,1277
2013-10-01,경상여자고등학교앞,10484,6621
2013-10-01,경서중학교건너,385,1225
2013-10-01,경서중학교앞,2111,218
2013-10-01,경신고등학교건너,54425,8512
2013-10-01,경신고등학교앞,41854,14782
2013-10-01,경운초등학교건너,2149,2037
2013-10-01,경운초등학교앞,5702,7880
2013-10-01,경원고등학교건너,995,223
2013-10-01,경원고등학교앞,1801,522
2013-10-01,경일여자중학교건너,18106,2425
2013-10-01,경일여자중학교앞,5275,2920
2013-10-01,경주최씨종가(종점),625,34
2013-10-01,경주최씨종가1,2,12
2013-10-01,경주최씨종가2,1,36
2013-10-01,경진테크빌앞,733,1834
2013-10-01,경창산업,1561,324
2013-10-01,경희강재건너,893,1348
2013-10-01,경희강재앞,3738,264
2013-10-01,계명대대명캠퍼스후문건너,2435,882
2013-10-01,계명대역(1번출구),2745,3600
2013-10-01,계명대역(2번출구),7820,5784
2013-10-01,계명대학교대명캠퍼스건너,21045,7857
2013-10-01,계명대학교대명캠퍼스앞,24063,8876
2013-10-01,계명대학교대명캠퍼스후문앞,2229,1702
2013-10-01,계명대학교동문건너1,7834,1660
2013-10-01,계명대학교동문건너2,35077,10488
2013-10-01,계명대학교동문앞,28211,7596
2013-10-01,계명대학교정문건너,40518,1857
2013-10-01,계명대학교정문앞,6221,5786
2013-10-01,계명문화대학건너,11010,1965
2013-10-01,계명문화대학앞,20327,14173
2013-10-01,고모동입구,3061,2620
2013-10-01,고모역건너,305,110
2013-10-01,고모역앞,164,27
2013-10-01,고봉리,16,3
2013-10-01,고산2동주민센터건너,13163,6039
2013-10-01,고산2동주민센터앞,23796,1030
2013-10-01,고산골입구,7470,2325
2013-10-01,고산농협창고건너,1000,248
2013-10-01,고산농협창고앞,376,6351
2013-10-01,고산도서관,22306,12931
2013-10-01,고산정수사업소건너,2902,1313
2013-10-01,고성아파트(서편),12491,4963
2013-10-01,고성아파트건너,2681,358
2013-10-01,고성아파트건너(서편),6488,6619
2013-10-01,고성아파트앞,1759,619
2013-10-01,고성지구대1,1979,803
2013-10-01,고성지구대2,3842,10425
2013-10-01,골안골,33,167
2013-10-01,골안골지하보도앞,10,345
2013-10-01,공고네거리1,32414,16056
2013-10-01,공고네거리2,13951,5757
2013-10-01,공군기지관사입구,5,139
2013-10-01,공단역1,11838,16467
2013-10-01,공단역2,21741,8914
2013-10-01,공단하수처리장건너,88,713
2013-10-01,공단하수처리장앞,213,99
2013-10-01,공산댐건너,1478,170
2013-10-01,공산댐앞,105,395
2013-10-01,공산동행정복지센터건너,1256,1234
2013-10-01,공산동행정복지센터앞,5264,428
2013-10-01,공산초등학교건너,671,340
2013-10-01,공산초등학교앞,2871,213
2013-10-01,공산파출소,596,1737
2013-10-01,공항시장건너,13415,1611
2013-10-01,공항시장앞,6045,2890
2013-10-01,곽병원건너,39704,33763
2013-10-01,곽병원앞1,27046,10237
2013-10-01,곽병원앞2,11165,5384
2013-10-01,관리공단,622,298
2013-10-01,관음공영주차장앞,1577,48
2013-10-01,관음농협앞,308,207
2013-10-01,관음동주민센터건너,469,165
2013-10-01,관음동주민센터앞,2072,86
2013-10-01,관음변전소1,5640,116
2013-10-01,관음변전소2,40,1188
2013-10-01,관음변전소3,59,1
2013-10-01,관음변전소4,1627,303
2013-10-01,관음어린이집,422,242
2013-10-01,관음중학교(북편),1046,55
2013-10-01,광명은하아파트건너,6906,7458
2013-10-01,광명은하아파트앞,17809,1994
2013-10-01,광명프레지던트아파트건너,12236,7949
2013-10-01,광장타운건너,18242,6515
2013-10-01,광장타운앞,17417,5797
2013-10-01,교대부설초등학교건너,5998,635
2013-10-01,교대부설초등학교앞,287,2593
2013-10-01,교동시장앞,4440,2488
2013-10-01,교동초등학교건너,574,191
2013-10-01,교동초등학교앞,2,298
2013-10-01,교통연수원,20560,1403
2013-10-01,교통연수원건너,12939,6524
2013-10-01,교항2리마을입구,2,170
2013-10-01,교항2리회관,5521,68
2013-10-01,교항리건너,2139,68
2013-10-01,교항리마을입구건너,142,1
2013-10-01,교항리앞,545,607
2013-10-01,구)달성군청건너,13417,6766
2013-10-01,구)달성군청앞,28002,22715
2013-10-01,구)대영학원건너,18739,4909
2013-10-01,구)대영학원앞,18867,14809
2013-10-01,구)화원IC,1,3
2013-10-01,구)효목2동행정복지센터건너,18171,1928
2013-10-01,구)효목2동행정복지센터앞,7316,3403
2013-10-01,구.남부정류장건너1,17466,13770
2013-10-01,구.남부정류장건너2,10980,5664
2013-10-01,구.남부정류장앞1,30151,7067
2013-10-01,구.남부정류장앞2,4639,2385
2013-10-01,구.동부정류장(남편),6982,2477
2013-10-01,구.동부정류장(메트로팔레스),14268,8085
2013-10-01,구.동부정류장건너,18582,2600
2013-10-01,구.동부정류장앞,10020,7195
2013-10-01,구둔산,753,23
2013-10-01,구라리,0,1
2013-10-01,구룡촌건너,0,15
2013-10-01,구룡촌앞,134,2
2013-10-01,구병원건너,693,8501
2013-10-01,구병원앞,37436,9083
2013-10-01,구삼폭포건너,3,89
2013-10-01,구삼폭포앞,107,0
2013-10-01,구암가구골목1,3806,546
2013-10-01,구암가구골목2,1653,1166
2013-10-01,구암교1,7736,3576
2013-10-01,구암교2,1564,1982
2013-10-01,구암동1,1027,121
2013-10-01,구암동2,241,945
2013-10-01,구암역(운전면허시험장)1,7942,547
2013-10-01,구암역(운전면허시험장)2,3501,1422
2013-10-01,구암초등학교건너,2880,910
2013-10-01,구암초등학교앞,6925,287
2013-10-01,구지농공단지1,1,3
2013-10-01,구지농공단지2,274,0
2013-10-01,구지면사무소건너,666,751
2013-10-01,구지면사무소앞,2447,270
2013-10-01,구지청아람건너,6333,154
2013-10-01,구지청아람앞,733,843
2013-10-01,국립대구과학관정문건너,20,6
2013-10-01,국립대구과학관정문앞,45,3
2013-10-01,국립대구박물관건너,15702,2559
2013-10-01,국립대구박물관앞,10716,5242
2013-10-01,국민건강보험공단건너,29516,3816
2013-10-01,국민건강보험공단앞,12914,13705
2013-10-01,국민은행3공단지점건너,6844,2420
2013-10-01,국민은행3공단지점앞,3629,1912
2013-10-01,국우동현대아파트건너,657,131
2013-10-01,국우동현대아파트앞,4797,735
2013-10-01,국채보상운동기념공원,8711,9055
2013-10-01,굿모닝병원건너,12014,8210
2013-10-01,굿모닝병원앞,18225,5174
2013-10-01,궁전아파트건너,49,787
2013-10-01,궁전아파트앞,2741,118
2013-10-01,귀남지휴게소1,14,1
2013-10-01,귀남지휴게소2,0,4
2013-10-01,그랜드호텔건너,37074,26889
2013-10-01,그랜드호텔앞,61823,10680
2013-10-01,그린빌4단지,88,1608
2013-10-01,그린빌4단지건너,1232,51
2013-10-01,그린빌4단지앞,372,293
2013-10-01,근로복지공단대구병원건너,2089,486
2013-10-01,근로복지공단대구병원앞,4084,693
2013-10-01,근린공원축구장건너,24,230
2013-10-01,근린공원축구장앞,1387,29
2013-10-01,금강동,279,8
2013-10-01,금계초등학교(교항리),807,540
2013-10-01,금복주건너,3314,767
2013-10-01,금복주앞,2051,841
2013-10-01,금봉네거리1,12530,2111
2013-10-01,금봉네거리2,6217,1523
2013-10-01,금사리하이빌APT건너,2023,262
2013-10-01,금사리하이빌APT앞,498,401
2013-10-01,금융감독원건너,1007,4218
2013-10-01,금포초등학교,5629,571
2013-10-01,금포초등학교건너,444,974
2013-10-01,금호기전,16,140
2013-10-01,금호지구(시내방향),96,0
2013-10-01,금호지구(종점방향),29,0
2013-10-01,금호화물자동차공영차고지,5,0
2013-10-01,기곡(종점),138,13
2013-10-01,기곡리1,5,5
2013-10-01,기곡리2,93,1
2013-10-01,기독교방송국건너,6674,3300
2013-10-01,기독교방송국앞,4874,2458
2013-10-01,기업은행대곡지점건너,264,3829
2013-10-01,기업은행대곡지점앞,24857,813
2013-10-01,기업은행죽전동지점건너,6326,1334
2013-10-01,기업은행죽전동지점앞,3839,1622
2013-10-01,김흥1리건너,157,2
2013-10-01,김흥1리앞,12,36
2013-10-01,김흥2리건너,0,3
2013-10-01,김흥2리앞,8,4
2013-10-01,김흥리마을입구,121,0
2013-10-01,남구청건너2,8302,11191
2013-10-01,남구청네거리1,7638,2554
2013-10-01,남구청네거리2,388,290
2013-10-01,남대구IC1,19975,1575
2013-10-01,남대구IC2,1051,942
2013-10-01,남명삼거리1,2181,394
2013-10-01,남명삼거리2,2640,1246
2013-10-01,남문시장건너1,1244,102
2013-10-01,남문시장건너2,13790,23393
2013-10-01,남문시장앞,28244,13770
2013-10-01,남문아파트앞,561,541
2013-10-01,남부경찰서건너,12600,4431
2013-10-01,남부경찰서앞,15131,10974
2013-10-01,남부교육지원청건너,9588,1778
2013-10-01,남부교육지원청앞,5878,3118
2013-10-01,남부도서관앞,228,1826
2013-10-01,남부자동차종합시장건너,3959,1352
2013-10-01,남부자동차종합시장앞,1090,775
2013-10-01,남부초등학교건너,1563,97
2013-10-01,남부초등학교앞,557,618
2013-10-01,남부초등학교앞2,7623,1906
2013-10-01,남산2동주민센터건너,257,535
2013-10-01,남산2동주민센터앞,879,98
2013-10-01,남산고등학교건너,1120,236
2013-10-01,남산고등학교앞,434,293
2013-10-01,남산역(프린스호텔건너),9915,5692
2013-10-01,남산역건너(프린스호텔앞),25288,8411
2013-10-01,남산주유소건너,1688,2175
2013-10-01,남산주유소앞,1993,487
2013-10-01,남산초등학교건너,19309,3252
2013-10-01,남산초등학교앞,14711,13410
2013-10-01,남산휴먼시아앞,1816,922
2013-10-01,내2리새마을회관건너,72,1
2013-10-01,내2리새마을회관앞,8,15
2013-10-01,내당1동우체국건너,2796,709
2013-10-01,내당1동우체국앞,3009,998
2013-10-01,내당광명아파트,4135,4212
2013-10-01,내당삼익맨션건너,34838,11164
2013-10-01,내당삼익맨션앞,16086,22797
2013-10-01,내당코오롱아파트건너,8179,15243
2013-10-01,내당코오롱아파트앞,6461,1800
2013-10-01,내동,1009,87
2013-10-01,내동건너,51,476
2013-10-01,내리1,4,67
2013-10-01,내리2,2,0
2013-10-01,내일교회건너,187,89
2013-10-01,내일교회앞,842,96
2013-10-01,냉천2리,80,49
2013-10-01,냉천리1,3125,263
2013-10-01,냉천리2,603,766
2013-10-01,노곡동,6569,247
2013-10-01,노변중학교,970,231
2013-10-01,노변중학교건너,1513,122
2013-10-01,노변청구타운건너,220,266
2013-10-01,노변청구타운앞,344,105
2013-10-01,노원119안전센터건너,7378,4205
2013-10-01,노원119안전센터앞,2630,1727
2013-10-01,노원네거리(공단세차장건너),549,1395
2013-10-01,노원네거리(공단세차장앞),7526,340
2013-10-01,노원네거리(대구은행건너),1290,565
2013-10-01,노원네거리(대구은행앞),6017,736
2013-10-01,노원네거리1,5502,1963
2013-10-01,노원네거리2,10240,1281
2013-10-01,노원동화타운건너,571,1416
2013-10-01,노원동화타운앞,5018,687
2013-10-01,녹동서원앞,13,30
2013-10-01,녹원맨션1,4172,2387
2013-10-01,녹원맨션2,13197,929
2013-10-01,논공삼거리1,1875,24
2013-10-01,논공삼거리2,298,812
2013-10-01,논공읍사무소,1020,528
2013-10-01,논공읍사무소건너1,4202,238
2013-10-01,논공읍사무소건너2,287,167
2013-10-01,농산물도매시장건너,45,24
2013-10-01,농산물도매시장앞,2062,152
2013-10-01,농수산물도매시장건너,4118,2882
2013-10-01,농수산물도매시장앞,10222,3974
2013-10-01,농촌진흥원입구,122,330
2013-10-01,농협동촌지점,585,418
2013-10-01,농협방촌지점,2773,229
2013-10-01,농협비료창고건너(연경),5,122
2013-10-01,농협비료창고앞(연경),7,7
2013-10-01,농협중앙회건너,25169,13119
2013-10-01,농협중앙회앞,66838,45782
2013-10-01,농협중앙회중동지점건너,2038,140
2013-10-01,농협중앙회중동지점앞,1124,1086
2013-10-01,농협하나로마트건너,32,526
2013-10-01,능골1,152,1483
2013-10-01,능골건너,2523,87
2013-10-01,능성동(종점),509,60
2013-10-01,능성동예비군훈련장,800,100
2013-10-01,능성동입구건너,569,9
2013-10-01,능성동입구앞,10,238
2013-10-01,다리골,35,1
2013-10-01,다사고등학교건너,10367,4674
2013-10-01,다사고등학교앞,555,4567
2013-10-01,다사농협주유소건너,86,2395
2013-10-01,다사농협주유소앞,9497,332
2013-10-01,다사역(4번출구),15,0
2013-10-01,다사읍사무소건너,8877,572
2013-10-01,다사읍사무소서재출장소건너,424,36
2013-10-01,다사읍사무소서재출장소앞,55,281
2013-10-01,다사읍사무소앞,4,203
2013-10-01,다사주공아파트건너,103,2
2013-10-01,다사주공아파트앞,1,163
2013-10-01,다사체육공원건너,19,14
2013-10-01,다사체육공원앞,56,19
2013-10-01,다사초등학교건너,15,9
2013-10-01,다사초등학교앞,1,57
2013-10-01,단산리(종점),386,9
2013-10-01,단산리입구,52,0
2013-10-01,달구벌종합복지관건너,1012,388
2013-10-01,달구벌종합복지관앞,584,266
2013-10-01,달서공고건너,293,407
2013-10-01,달서공고앞,18,129
2013-10-01,달서교회건너,24458,6748
2013-10-01,달서교회앞,20411,14286
2013-10-01,달서구새마을회건너,3542,262
2013-10-01,달서구새마을회앞,1351,710
2013-10-01,달서구청건너,21196,4665
2013-10-01,달서구청앞,8527,6018
2013-10-01,달서종합시장건너,1686,487
2013-10-01,달서종합시장앞,1226,424
2013-10-01,달서중고등학교,55,62
2013-10-01,달서중고등학교건너,474,2
2013-10-01,달서천하수종말처리장건너,89,0
2013-10-01,달서천하수종말처리장앞,2,5
2013-10-01,달서초교,2135,89
2013-10-01,달성2차공단관리청사,254,10
2013-10-01,달성2차산업단지출장소건너,3,1
2013-10-01,달성2차산업단지출장소앞,1,13
2013-10-01,달성경찰서,1925,851
2013-10-01,달성경찰서건너,2877,184
2013-10-01,달성공원건너,18342,4727
2013-10-01,달성공원앞,27996,26469
2013-10-01,달성군민운동장건너,1378,77
2013-10-01,달성군민운동장앞,1045,371
2013-10-01,달성군선거관리위원회건너,168,203
2013-10-01,달성군선거관리위원회앞,37,1446
2013-10-01,달성군청건너,387,152
2013-10-01,달성군청앞,583,1087
2013-10-01,달성기와건너,164,433
2013-10-01,달성기와앞,736,91
2013-10-01,달성도서관입구,1,0
2013-10-01,달성문화원건너,4,0
2013-10-01,달성문화원앞,0,1
2013-10-01,달성산업단지건너,215,175
2013-10-01,달성산업단지관리공단1,6,50
2013-10-01,달성산업단지관리공단2,20,0
2013-10-01,달성소방서건너,218,278
2013-10-01,달성소방서앞,375,379
2013-10-01,달성스포츠파크건너,1,6
2013-10-01,달성예비군훈련장건너,2079,590
2013-10-01,달성예비군훈련장앞,1655,662
2013-10-01,달성우체국건너,641,799
2013-10-01,달성우체국앞,5885,175
2013-10-01,달성중학교건너,5932,1764
2013-10-01,달성중학교앞,22121,6260
2013-10-01,달성초등학교건너,5292,2385
2013-10-01,달성초등학교앞,2397,912
2013-10-01,달성취수장건너,22,479
2013-10-01,달성취수장앞,82,108
2013-10-01,달창저수지,226,2
2013-10-01,달천리(시내방향),154,7
2013-10-01,달천리(시외방향),69,20
2013-10-01,담안마을1,2,84
2013-10-01,담안마을2,474,12
2013-10-01,담티고개1,343,681
2013-10-01,담티고개2,1170,1206
2013-10-01,당동마을건너,296,0
2013-10-01,당동마을앞,4,94
2013-10-01,당정마을입구,30,21
2013-10-01,당정마을입구건너,168,1
2013-10-01,대1리용흥지건너,155,2
2013-10-01,대1리용흥지앞,9,68
2013-10-01,대곡강산타운,27472,1656
2013-10-01,대곡강산타운건너,3908,2373
2013-10-01,대곡사계절타운건너,20343,1341
2013-10-01,대곡사계절타운앞,6167,4425
2013-10-01,대곡역(1번출구),54514,3309
2013-10-01,대곡역(2번출구),37398,47639
2013-10-01,대곡역(한라하우젠트건너),22799,2763
2013-10-01,대곡역(한라하우젠트앞),6475,15377
2013-10-01,대곡역그린빌,8187,8659
2013-10-01,대곡주공1단지앞,6159,4980
2013-10-01,대곡주공2단지앞,22032,1165
2013-10-01,대곡주공6단지앞,4372,1358
2013-10-01,대곡주공7단지앞,16978,1735
2013-10-01,대곡주공8단지건너,6109,2547
2013-10-01,대곡주공8단지앞,29621,3044
2013-10-01,대곡중학교건너,4865,1168
2013-10-01,대곡중학교앞,3092,1288
2013-10-01,대공원역(1번출구),2960,7016
2013-10-01,대공원역(5번출구),7530,1109
2013-10-01,대구가톨릭대학병원건너,24740,5201
2013-10-01,대구가톨릭대학병원앞,23133,4091
2013-10-01,대구경북과학기술원,183,22
2013-10-01,대구경북과학기술원기숙사,162,53
2013-10-01,대구고등학교건너,55585,15895
2013-10-01,대구고등학교앞,17533,8601
2013-10-01,대구고용노동청건너,18543,3333
2013-10-01,대구고용노동청앞,5584,2321
2013-10-01,대구공업대학1,15556,3665
2013-10-01,대구공업대학2,4565,4643
2013-10-01,대구공업대학건너,8153,3561
2013-10-01,대구공업대학앞,7105,3595
2013-10-01,대구과학고등학교건너,12751,9068
2013-10-01,대구과학고등학교앞,20575,2301
2013-10-01,대구과학대학1,25804,18277
2013-10-01,대구과학대학2,81038,6648
2013-10-01,대구과학대학건너,3887,423
2013-10-01,대구과학대학앞,1225,536
2013-10-01,대구광역시교육연수원건너,19075,1747
2013-10-01,대구광역시교육연수원앞,6490,5134
2013-10-01,대구광역시청건너,2320,1273
2013-10-01,대구광역시청앞,389,786
2013-10-01,대구교도소건너,9611,9307
2013-10-01,대구교도소앞,28724,4023
2013-10-01,대구교육대건너,309,3877
2013-10-01,대구교육대앞,25635,6238
2013-10-01,대구교통방송건너,6755,8932
2013-10-01,대구교통방송앞,21786,2999
2013-10-01,대구국제공항건너,28104,15663
2013-10-01,대구국제공항앞,31690,9505
2013-10-01,대구글로벌교육센터건너,5694,14795
2013-10-01,대구글로벌교육센터앞,4689,1551
2013-10-01,대구농업마이스터고건너,29348,3272
2013-10-01,대구농업마이스터고앞,10785,16401
2013-10-01,대구농업마이스터고후문건너,3407,1109
2013-10-01,대구농업마이스터고후문앞,3062,422
2013-10-01,대구도시공사앞,15980,4109
2013-10-01,대구동부고용복지플러스센터,12396,8295
2013-10-01,대구동촌유치원,1143,387
2013-10-01,대구디지털산업진흥원건너,28107,7503
2013-10-01,대구디지털산업진흥원앞,18915,6294
2013-10-01,대구맨션건너,2576,908
2013-10-01,대구맨션앞,4809,1427
2013-10-01,대구문화방송건너,15764,7647
2013-10-01,대구문화방송앞,16015,4997
2013-10-01,대구미술관건너,2408,377
2013-10-01,대구미술관앞,3353,256
2013-10-01,대구병원건너,30668,2994
2013-10-01,대구병원앞,13288,9166
2013-10-01,대구보건고등학교건너,19569,9717
2013-10-01,대구보건고등학교앞,14978,4105
2013-10-01,대구보건대학3,17080,13593
2013-10-01,대구보건대학4,39037,5770
2013-10-01,대구보건대학5,68,15
2013-10-01,대구보건대학건너1,2797,212
2013-10-01,대구보건대학건너2,22831,604
2013-10-01,대구보건대학앞1,1760,785
2013-10-01,대구보건대학앞2,1694,1867
2013-10-01,대구보훈요양원건너,2,9
2013-10-01,대구보훈요양원앞,108,0
2013-10-01,대구비지니스센터건너,4496,1064
2013-10-01,대구비지니스센터앞,5040,738
2013-10-01,대구사격장,78,5
2013-10-01,대구삼성창조캠퍼스1,1696,303
2013-10-01,대구삼성창조캠퍼스2,543,892
2013-10-01,대구선방촌공원,1127,76
2013-10-01,대구소방본부건너,506,347
2013-10-01,대구소방본부앞,3154,5193
2013-10-01,대구스타디움건너,5455,1132
2013-10-01,대구스타디움앞,5147,1509
2013-10-01,대구시교육청건너,1550,522
2013-10-01,대구시교육청앞,1712,6635
2013-10-01,대구시설공단건너,21633,4973
2013-10-01,대구시설공단앞,12183,23747
2013-10-01,대구시설관리사업소,42,176
2013-10-01,대구시지노인전문병원건너,181,104
2013-10-01,대구시지노인전문병원앞,868,1757
2013-10-01,대구신문사,118,906
2013-10-01,대구애견훈련학교건너,360,10
2013-10-01,대구애견훈련학교앞,4,60
2013-10-01,대구역,915,476
2013-10-01,대구역건너,43752,10918
2013-10-01,대구역꽃시장,638,1187
2013-10-01,대구역북편네거리1,48375,8334
2013-10-01,대구역북편네거리2,15787,21274
2013-10-01,대구역센트럴자이,1480,267
2013-10-01,대구역앞,43347,13459
2013-10-01,대구예담학교,176,30
2013-10-01,대구우편집중국(동편),1,20
2013-10-01,대구우편집중국앞,2598,4441
2013-10-01,대구은행3공단지점앞,7271,1500
2013-10-01,대구은행북비산지점건너1,14682,5165
2013-10-01,대구은행북비산지점건너2,1995,1779
2013-10-01,대구은행북비산지점앞,45703,9664
2013-10-01,대구은행산격지점앞,907,400
2013-10-01,대구은행역(1번출구),39288,9603
2013-10-01,대구은행역(2번출구),42178,10425
2013-10-01,대구은행제2본점앞,15879,4808
2013-10-01,대구은행칠곡지점건너,9774,5287
2013-10-01,대구은행칠곡지점앞,31384,8821
2013-10-01,대구은행평리동지점건너,4023,2629
2013-10-01,대구은행평리동지점앞,7144,3588
2013-10-01,대구의료원건너,8374,1903
2013-10-01,대구의료원라파엘웰빙센터,2332,262
2013-10-01,대구의료원라파엘웰빙센터건너,447,2120
2013-10-01,대구의료원앞,5375,2148
2013-10-01,대구일마이스터고교건너,4999,1944
2013-10-01,대구일마이스터고교앞,10695,1458
2013-10-01,대구전자공고남편,144,643
2013-10-01,대구전자공업고등학교1,11688,784
2013-10-01,대구전자공업고등학교2,1316,4556
2013-10-01,대구제일고등학교건너,39000,11347
2013-10-01,대구제일고등학교앞,40801,32896
2013-10-01,대구중앙중고등학교건너,33266,6007
2013-10-01,대구중앙중고등학교앞,33198,9428
2013-10-01,대구중앙중학교건너,3602,121
2013-10-01,대구중앙중학교앞,286,1693
2013-10-01,대구중학교건너,2028,1611
2013-10-01,대구중학교앞,6780,2588
2013-10-01,대구지료재생사,127,159
2013-10-01,대구지방경찰청,6603,1532
2013-10-01,대구지방법원등기국건너,5909,12431
2013-10-01,대구지방법원등기국앞,2461,2882
2013-10-01,대구지방법원서부지원,681,211
2013-10-01,대구차여성병원건너,4806,11257
2013-10-01,대구차여성병원앞,18248,2393
2013-10-01,대구콘서트하우스건너,21839,30068
2013-10-01,대구콘서트하우스앞,27079,5502
2013-10-01,대구텍건너,440,760
2013-10-01,대구텍앞,6742,1921
2013-10-01,대구학생문화센터,300,148
2013-10-01,대구학생수련관입구건너,762,6
2013-10-01,대구학생수련관입구앞,95,569
2013-10-01,대구한의대학교부속한방병원건너,409,363
2013-10-01,대구한의대학교부속한방병원앞,6769,359
2013-10-01,대구향교건너,2918,5874
2013-10-01,대구향교앞,2175,1380
2013-10-01,대덕마을건너,781,2651
2013-10-01,대덕마을앞,342,343
2013-10-01,대덕맨션앞,11249,1816
2013-10-01,대덕문화전당건너,1793,465
2013-10-01,대덕문화전당앞,61,297
2013-10-01,대덕승마장건너,464,90
2013-10-01,대덕승마장앞,159,158
2013-10-01,대덕식당건너,301,663
2013-10-01,대덕식당앞,5138,455
2013-10-01,대덕천주교회1,2038,1034
2013-10-01,대덕천주교회2,3177,454
2013-10-01,대덕천주교회3,3912,228
2013-10-01,대덕천주교회4,210,1253
2013-10-01,대덕초등학교,680,41
2013-10-01,대동공업,183,302
2013-10-01,대동공업건너,912,46
2013-10-01,대동금속건너,2271,65
2013-10-01,대동금속앞,683,384
2013-10-01,대동시장1,5568,997
2013-10-01,대동시장2,9470,1076
2013-10-01,대륜중고등학교건너,6006,9050
2013-10-01,대륜중고등학교앞,7376,629
2013-10-01,대리,276,4
2013-10-01,대리마을앞,45,420
2013-10-01,대리마을회관,382,15
2013-10-01,대리마을회관건너,35,57
2013-10-01,대림생수,1384,219
2013-10-01,대림생수앞,62,526
2013-10-01,대림육교1,288,26897
2013-10-01,대림육교2,125,112
2013-10-01,대명6동주민센터건너,2934,1038
2013-10-01,대명6동주민센터앞,2877,561
2013-10-01,대명시장건너,24013,8838
2013-10-01,대명시장앞,27468,7564
2013-10-01,대명역(1번출구),23127,6737
2013-10-01,대명역(2번출구),15304,4360
2013-10-01,대명중학교건너,24,685
2013-10-01,대명중학교앞,3681,334
2013-10-01,대명초등학교건너,9966,5788
2013-10-01,대명초등학교앞,14683,7500
2013-10-01,대백인터빌건너,27951,7777
2013-10-01,대백인터빌앞,21702,9081
2013-10-01,대백창신한라타운건너,16434,2877
2013-10-01,대백창신한라타운앞,4319,3625
2013-10-01,대백프라자건너,27998,9668
2013-10-01,대백프라자앞,34150,6745
2013-10-01,대백한라무지개타운건너,26906,1550
2013-10-01,대백한라무지개타운앞,10090,3491
2013-10-01,대봉교회,10982,7592
2013-10-01,대봉네거리1,5447,1225
2013-10-01,대봉네거리2,2767,3169
2013-10-01,대봉도서관건너,1442,778
2013-10-01,대봉도서관앞,4416,1647
2013-10-01,대봉성당,11115,3541
2013-10-01,대서초등학교앞,523,299
2013-10-01,대성공업건너,751,10931
2013-10-01,대성공업앞,2031,449
2013-10-01,대성유니드앞,3157,106
2013-10-01,대성테크앞,249,44
2013-10-01,대신동광명맨션앞,1673,774
2013-10-01,대신센트럴자이,7647,758
2013-10-01,대실역(1번출구),9759,3607
2013-10-01,대실역(2번출구),33237,1489
2013-10-01,대실역(4번출구),2502,47
2013-10-01,대실역1,91,11
2013-10-01,대실역2,6,87
2013-10-01,대실역청아람건너,7729,62
2013-10-01,대실역청아람앞,700,7151
2013-10-01,대우트럼프월드수성건너,16337,2683
2013-10-01,대우트럼프월드수성앞,3851,4354
2013-10-01,대원고등학교,4688,25175
2013-10-01,대원고등학교건너,2896,5745
2013-10-01,대원사건너(공산동),60,411
2013-10-01,대원사앞(공산동),182,7
2013-10-01,대원사입구,282,0
2013-10-01,대원유치원건너,7990,8910
2013-10-01,대원유치원앞,11691,1498
2013-10-01,대일1리마을회관건너,262,91
2013-10-01,대일1리점촌마을,2,179
2013-10-01,대일아파트건너,12352,6149
2013-10-01,대일아파트앞,16193,4526
2013-10-01,대자연맨션,22346,996
2013-10-01,대자연맨션건너,3472,3391
2013-10-01,대중인벤트,173,88
2013-10-01,대진중고등학교건너,1427,223
2013-10-01,대진중고등학교앞,683,351
2013-10-01,대천119안전센터건너,1450,84
2013-10-01,대천119안전센터앞,738,245
2013-10-01,대천교,4427,1592
2013-10-01,대천초등학교건너,587,587
2013-10-01,대천초등학교앞,2492,296
2013-10-01,대청초등학교건너,191,2088
2013-10-01,대청초등학교앞,14462,1122
2013-10-01,대평2리,273,4
2013-10-01,대평교회앞,88,39
2013-10-01,대평리시장,17711,2004
2013-10-01,대평중학교건너,10580,2815
2013-10-01,대평중학교앞,7126,2802
2013-10-01,대홍철강,770,39
2013-10-01,대흥동건너,400,58
2013-10-01,대흥동앞,439,315
2013-10-01,덕곡(달구벌고교),780,10
2013-10-01,덕곡(대구선명학교),111,132
2013-10-01,덕곡삼거리1,42,424
2013-10-01,덕곡삼거리2,1098,9
2013-10-01,덕산마을건너,2,25
2013-10-01,덕산마을앞,325,0
2013-10-01,덕원고등학교건너,4625,1239
2013-10-01,덕원고등학교앞,1455,1951
2013-10-01,덕인초등학교건너,2825,1236
2013-10-01,덕인초등학교앞,2116,1059
2013-10-01,덕화중학교건너,11297,1228
2013-10-01,덕화중학교앞,4298,6789
2013-10-01,덴티스앞,268,20
2013-10-01,도남동,303,0
2013-10-01,도남동(종점),56,2
2013-10-01,도남지,138,0
2013-10-01,도동,9,13
2013-10-01,도동교1,862,18
2013-10-01,도동교2,29,69
2013-10-01,도동서원,708,64
2013-10-01,도동청구타운건너,76,146
2013-10-01,도동청구타운앞,1455,236
2013-10-01,도시철도건설본부건너,1662,6139
2013-10-01,도시철도건설본부앞,34908,3301
2013-10-01,도시철도담티역(1번출구),42741,7494
2013-10-01,도시철도담티역(3번출구),33655,6923
2013-10-01,도시철도대구역,940,418
2013-10-01,도시철도수성구청역북편1,497,7920
2013-10-01,도시철도수성구청역북편2,2566,215
2013-10-01,도의리,143,48
2013-10-01,도평동입구1,903,239
2013-10-01,도평동입구2,306,241
2013-10-01,도평동행정복지센터1,1,52
2013-10-01,도평동행정복지센터2,280,13
2013-10-01,도학동,1499,17
2013-10-01,도학동1,32,295
2013-10-01,동곡1리1,3,0
2013-10-01,동곡1리2,214,0
2013-10-01,동곡1리3,104,8
2013-10-01,동곡리,136,9
2013-10-01,동곡초등학교건너,482,8
2013-10-01,동곡초등학교앞,114,230
2013-10-01,동구시장건너,9494,2581
2013-10-01,동구시장앞,8780,2471
2013-10-01,동구청건너,87683,43334
2013-10-01,동구청앞,66653,14138
2013-10-01,동구청역(3번출구),9332,2354
2013-10-01,동구청역(4번출구),2172,1064
2013-10-01,동대구LPG충전소건너,2318,391
2013-10-01,동대구LPG충전소앞,839,336
2013-10-01,동대구맨션,9557,11397
2013-10-01,동대구시장건너,15203,4432
2013-10-01,동대구시장앞,25042,8417
2013-10-01,동대구역,65100,21802
2013-10-01,동대구역건너,69801,26220
2013-10-01,동대구역복합환승센터건너,55083,8185
2013-10-01,동대구역복합환승센터앞,51852,25425
2013-10-01,동대구역수화물취급소건너,388,679
2013-10-01,동대구역수화물취급소앞,358,358
2013-10-01,동대구역지하도1,4962,5153
2013-10-01,동대구역지하도2,18274,2431
2013-10-01,동대구초등학교건너,1793,180
2013-10-01,동대구초등학교앞,853,614
2013-10-01,동도중학교건너,13434,3162
2013-10-01,동도중학교앞,18086,3918
2013-10-01,동문고등학교앞,1135,606
2013-10-01,동변주공그린빌건너,2908,1454
2013-10-01,동변주공그린빌앞,12454,640
2013-10-01,동부경찰서건너,2328,3126
2013-10-01,동부경찰서앞,10506,546
2013-10-01,동부고교건너,2015,1885
2013-10-01,동부고교앞,8338,3437
2013-10-01,동부소방서건너,481,10230
2013-10-01,동부소방서앞,6122,1118
2013-10-01,동부시외버스터미널(순환2번),2533,725
2013-10-01,동부중학교건너,5633,727
2013-10-01,동부중학교앞,2873,5211
2013-10-01,동북주유소건너,194,325
2013-10-01,동북주유소앞,10,197
2013-10-01,동산의료원앞1,37876,13402
2013-10-01,동산의료원앞2,17754,15244
2013-10-01,동서교회건너,3624,454
2013-10-01,동서교회앞,1574,2325
2013-10-01,동서변리벤빌,12744,1886
2013-10-01,동서변월드메르디앙아파트,3212,917
2013-10-01,동서아파트건너,125,48
2013-10-01,동서아파트앞,1,43
2013-10-01,동서화성타운건너,36019,1387
2013-10-01,동서화성타운앞,16800,7531
2013-10-01,동성에스티에스건너,71,29
2013-10-01,동성에스티에스앞,113,9
2013-10-01,동성초등학교건너,2887,9290
2013-10-01,동성초등학교앞,6972,4445
2013-10-01,동신초등학교건너,2888,1620
2013-10-01,동신초등학교앞,2796,4453
2013-10-01,동아백화점수성점건너,18392,19593
2013-10-01,동아백화점수성점앞,54917,2007
2013-10-01,동아수산냉동건너,518,684
2013-10-01,동아수산냉동앞,479,328
2013-10-01,동아스포츠센터(지산중학교앞),1657,2578
2013-10-01,동아스포츠센터(지산초교앞),9876,398
2013-10-01,동아제약,593,236
2013-10-01,동아제약건너,1956,85
2013-10-01,동양맨션앞,4228,675
2013-10-01,동원약품,9490,2801
2013-10-01,동원초등학교건너,1530,1109
2013-10-01,동원초등학교앞1,1520,765
2013-10-01,동원초등학교앞2,2082,609
2013-10-01,동인네거리1,1673,832
2013-10-01,동인네거리2,1730,1182
2013-10-01,동인초등학교건너,15658,8521
2013-10-01,동인초등학교앞,11475,7329
2013-10-01,동인치안센터건너,20429,13874
2013-10-01,동인치안센터앞,12276,10883
2013-10-01,동일초등학교건너,2626,862
2013-10-01,동일초등학교앞,3522,1612
2013-10-01,동천역1,688,385
2013-10-01,동천역2,1889,349
2013-10-01,동촌강나루아파트건너,2327,2092
2013-10-01,동촌강나루아파트앞,3304,14066
2013-10-01,동촌역,745,418
2013-10-01,동촌역(구길),2080,427
2013-10-01,동촌역(신길)1,6865,2174
2013-10-01,동촌역(신길)2,4624,4471
2013-10-01,동촌유원지,718,336
2013-10-01,동촌유원지놀이동산앞,104,76
2013-10-01,동촌해성아파트건너,157,473
2013-10-01,동촌해성아파트앞,991,2545
2013-10-01,동촌화성타운건너,14282,1650
2013-10-01,동촌화성타운앞,8099,3547
2013-10-01,동침산네거리,1869,1783
2013-10-01,동침산네거리2,22,276
2013-10-01,동호동건너(북구),1072,176
2013-10-01,동호동앞(북구),70,198
2013-10-01,동호육교1,43,953
2013-10-01,동호육교2,8774,219
2013-10-01,동호초등학교건너,801,130
2013-10-01,동화골든빌(남편),5055,473
2013-10-01,동화골든빌(동편),1525,2452
2013-10-01,동화골든빌(북편),80,462
2013-10-01,동화골든빌건너(남편),23,531
2013-10-01,동화교1,86,911
2013-10-01,동화교2,2921,8
2013-10-01,동화사입구건너,6152,15
2013-10-01,동화사입구앞,167,2324
2013-10-01,동화시설집단지구(종점)1,435,116
2013-10-01,동화시설집단지구(종점)2(대구시민안전테마파크),19860,1404
2013-10-01,두류3동파출소건너,809,231
2013-10-01,두류3동파출소앞,576,638
2013-10-01,두류공원(야외음악당건너),1180,218
2013-10-01,두류공원(야외음악당앞),711,260
2013-10-01,두류공원네거리1,14773,4040
2013-10-01,두류공원네거리2,5126,7137
2013-10-01,두류도서관앞,10013,6695
2013-10-01,두류보성맨션건너,7566,1093
2013-10-01,두류보성맨션앞,4016,4948
2013-10-01,두류수영장건너,23523,7588
2013-10-01,두류수영장앞,23782,6745
2013-10-01,두류역(달성고등학교건너),38802,10721
2013-10-01,두류역(달성고등학교앞),65285,27892
2013-10-01,두류정수사업소건너,21783,2567
2013-10-01,두류정수사업소앞,2732,9925
2013-10-01,두류파출소건너,774,287
2013-10-01,두류파출소앞,298,516
2013-10-01,두리봉네거리1,5378,23466
2013-10-01,두리봉네거리2,18316,4139
2013-10-01,두리봉터널입구,2357,454
2013-10-01,두리봉터널입구건너,5445,188
2013-10-01,두산동주민센터건너,17821,2947
2013-10-01,두산동주민센터앞,10421,4918
2013-10-01,두산스포츠건너,1535,353
2013-10-01,두성파크아파트건너,32461,6333
2013-10-01,두성파크아파트앞,11129,11226
2013-10-01,둔산동,743,0
2013-10-01,들안길1,1329,1902
2013-10-01,들안길2,5270,671
2013-10-01,들안길네거리1,6916,407
2013-10-01,들안길네거리2,1182,1942
2013-10-01,들안길초등학교건너,4830,2088
2013-10-01,들안길초등학교앞,5903,3865
2013-10-01,들연경,22,0
2013-10-01,럭키아파트건너,638,1138
2013-10-01,럭키아파트앞,2520,119
2013-10-01,롯데백화점상인점건너,12795,8551
2013-10-01,롯데캐슬그랜드,744,1740
2013-10-01,룸비니유치원건너,2739,329
2013-10-01,룸비니유치원앞,2450,733
2013-10-01,마비정벽화마을(종점),1069,39
2013-10-01,만경관건너,13658,7647
2013-10-01,만경관앞,12215,6282
2013-10-01,만촌1동주민센터,3839,1544
2013-10-01,만촌2동주민센터,19368,2061
2013-10-01,만촌3차화성파크드림건너,4819,1560
2013-10-01,만촌그린빌라건너,887,133
2013-10-01,만촌역(1번출구),957,5962
2013-10-01,만촌우방1차건너,10226,453
2013-10-01,만촌우방1차앞,478,1693
2013-10-01,만촌육교1,63852,9493
2013-10-01,만촌육교2,10113,17352
2013-10-01,만촌자전거경기장,4,255
2013-10-01,만촌천주교회앞,192,448
2013-10-01,만촌초등학교건너1,2928,1535
2013-10-01,만촌초등학교건너2,3916,550
2013-10-01,만촌초등학교앞,2482,1091
2013-10-01,만촌태왕리더스건너,2258,644
2013-10-01,만촌태왕리더스건너(남편),333,3996
2013-10-01,만촌태왕리더스북편,619,685
2013-10-01,만촌태왕리더스앞1,6742,14004
2013-10-01,만촌태왕리더스앞2,2170,366
2013-10-01,만촌화성파크스위트,41,172
2013-10-01,만평네거리,7326,7593
2013-10-01,만평역(서대구고속버스터미널)1,10499,4668
2013-10-01,만평역(서대구고속버스터미널)2,9201,19722
2013-10-01,망우당공원(종점),899,267
2013-10-01,망우당공원건너,1676,1971
2013-10-01,망우당공원앞,4945,4768
2013-10-01,매곡(종점),1011,240
2013-10-01,매곡사거리1,651,1700
2013-10-01,매곡사거리2,15062,430
2013-10-01,매곡정수사업소건너,783,51
2013-10-01,매곡정수사업소앞,163,166
2013-10-01,매곡초등학교건너,30,722
2013-10-01,매골1,13,210
2013-10-01,매골2,317,10
2013-10-01,매여동(동구)저탄장,880,134
2013-10-01,매일신문사건너,180,390
2013-10-01,매일신문사앞,1558,601
2013-10-01,매천고교,1731,243
2013-10-01,매천대교1,1616,650
2013-10-01,매천대교2,2,11
2013-10-01,매천성당건너1,3287,684
2013-10-01,매천성당건너2,549,427
2013-10-01,매천성당앞,5996,754
2013-10-01,매천수산시장건너,1853,614
2013-10-01,매천수산시장앞,1796,249
2013-10-01,매천시장지하차도,1897,805
2013-10-01,매천중고등학교건너,6204,7866
2013-10-01,매천중고등학교앞,13761,1974
2013-10-01,매천초교(매천역)2,1303,540
2013-10-01,매천화성파크드림,1574,130
2013-10-01,매천휴먼시아앞,1372,399
2013-10-01,매호동서아파트앞,833,12
2013-10-01,매호성당건너,553,1
2013-10-01,메트로시티건너,6727,1448
2013-10-01,메트로시티앞,2990,415
2013-10-01,메트로팔레스1,15143,3343
2013-10-01,메트로팔레스2,20662,1841
2013-10-01,명곡1리입구1,1,5
2013-10-01,명곡1리입구2,5,15
2013-10-01,명곡리1,2245,1588
2013-10-01,명곡리2,7273,1174
2013-10-01,명곡미래빌1단지,2668,1232
2013-10-01,명곡미래빌2단지건너,26,1054
2013-10-01,명곡미래빌2단지앞,12796,1654
2013-10-01,명곡미래빌3단지건너,1640,1161
2013-10-01,명곡미래빌3단지앞,5227,408
2013-10-01,명곡미래빌4단지,3677,302
2013-10-01,명곡미래빌5단지건너,4,312
2013-10-01,명곡미래빌5단지앞,5510,1860
2013-10-01,명곡지구앞,103,247
2013-10-01,명덕네거리1,41012,4470
2013-10-01,명덕네거리2,14013,23146
2013-10-01,명덕역(6번출구),51405,18314
2013-10-01,명덕역(7번출구),33859,8510
2013-10-01,명덕초등학교건너,21062,18743
2013-10-01,명덕초등학교앞,32222,9040
2013-10-01,명문세가APT건너,9761,2404
2013-10-01,명문세가APT앞,16576,3400
2013-10-01,명문오하임아파트건너,335,346
2013-10-01,명문오하임아파트앞,198,265
2013-10-01,명보약국건너,2285,1895
2013-10-01,명보약국앞,2472,650
2013-10-01,명성푸르지오건너,6829,2531
2013-10-01,명성푸르지오앞,31562,3415
2013-10-01,모개월앞,0,14
2013-10-01,모개월입구,27,1
2013-10-01,모다아울렛,137,27
2013-10-01,모다아울렛건너,19133,874
2013-10-01,모다아울렛앞,518,3897
2013-10-01,모래정마을건너,103,0
2013-10-01,모래정마을앞,8,13
2013-10-01,목단1리,74,0
2013-10-01,목단2리,89,0
2013-10-01,목단리,68,1
2013-10-01,묘1리,62,0
2013-10-01,묘2리(고려정밀),139,0
2013-10-01,묘2리(전마),197,3
2013-10-01,무궁화LPG충전소,9140,4240
2013-10-01,무궁화LPG충전소건너,4130,2537
2013-10-01,무궁화어린이공원입구,2271,895
2013-10-01,무궁화어린이공원입구건너,4644,2955
2013-10-01,무등1리1,2,17
2013-10-01,무등1리2,227,1
2013-10-01,무등1리3,80,0
2013-10-01,무등2리,6,78
2013-10-01,무등2리입구건너,87,0
2013-10-01,무등보건진료소건너,44,0
2013-10-01,무등보건진료소앞,4,36
2013-10-01,무림제지건너,775,503
2013-10-01,무림제지앞1,1142,1689
2013-10-01,무림제지앞2,205,232
2013-10-01,무열대건너,4543,2921
2013-10-01,무열대앞,1492,1051
2013-10-01,무태교,30,1031
2013-10-01,무태네거리(시내방향),18062,5291
2013-10-01,무태네거리(시외방향),4779,6412
2013-10-01,무태새마을금고건너,1838,971
2013-10-01,무태새마을금고앞,5826,662
2013-10-01,무태조야동주민센터건너1,7624,302
2013-10-01,무태조야동주민센터건너2,5986,2317
2013-10-01,무태조야동주민센터앞1,1728,1509
2013-10-01,무태조야동주민센터앞2,16811,1490
2013-10-01,문성병원건너,11709,7974
2013-10-01,문성병원앞,19719,8676
2013-10-01,문양기지창건너,31,270
2013-10-01,문양기지창앞,101,39
2013-10-01,문양리(서부실),2,0
2013-10-01,문양리1,187,3
2013-10-01,문양리2,7,15
2013-10-01,문양리입구1,85,53
2013-10-01,문양리입구2,2,99
2013-10-01,문양역건너,25,800
2013-10-01,문양역앞,2787,1164
2013-10-01,문주마을건너,158,0
2013-10-01,문주마을앞,13,3
2013-10-01,문화예술회관건너,13508,8628
2013-10-01,문화예술회관앞,12840,6584
2013-10-01,미8군후문건너,560,695
2013-10-01,미8군후문앞,1756,162
2013-10-01,미곡동1,393,1388
2013-10-01,미곡동2,2793,122
2013-10-01,미대동1,2809,185
2013-10-01,미대동2,508,570
2013-10-01,미래아트빌앞,1203,1365
2013-10-01,미리내맨션건너,19657,1138
2013-10-01,미리내맨션앞,5138,3743
2013-10-01,민들레아파트(종점),252,57
2013-10-01,민들레아파트후문건너,11264,52
2013-10-01,민들레아파트후문앞,10,914
2013-10-01,바른병원건너,542,240
2013-10-01,박곡리(시내방향),217,5
2013-10-01,박곡리(시외방향),40,41
2013-10-01,박석진교,4,35
2013-10-01,반고개(내당역4번출구),4232,4802
2013-10-01,반고개1,8791,5398
2013-10-01,반고개2,19375,8120
2013-10-01,반송4교건너,28,24
2013-10-01,반송4교앞,244,71
2013-10-01,반송리,463,4
2013-10-01,반야월모란1차아파트,4881,3113
2013-10-01,반야월시장1,7495,4998
2013-10-01,반야월시장2,9118,2224
2013-10-01,반야월역(국철)건너,5943,5091
2013-10-01,반야월역(국철)앞,8555,2235
2013-10-01,반야월역(도시철도1번출구),1565,338
2013-10-01,반야월역(도시철도2번출구),7542,274
2013-10-01,반야월역(도시철도3번출구),16854,4859
2013-10-01,반야월역(도시철도4번출구)1,6705,3681
2013-10-01,반야월역(도시철도4번출구)2,2567,1747
2013-10-01,반야월저탄장건너,6647,5685
2013-10-01,반야월저탄장앞,10966,1740
2013-10-01,반월당역(1번출구)1,43945,12778
2013-10-01,반월당역(1번출구)2,5923,6921
2013-10-01,반월당역(2번출구),70248,48282
2013-10-01,방공포병학교건너,1997,381
2013-10-01,방공포병학교앞,832,3404
2013-10-01,방짜유기박물관건너,1362,16
2013-10-01,방짜유기박물관앞,66,418
2013-10-01,방천리1,183,66
2013-10-01,방천리2,446,102
2013-10-01,방천시장(김광석길)건너,17476,9490
2013-10-01,방천시장(김광석길)앞,15089,4187
2013-10-01,방촌1동,1161,0
2013-10-01,방촌건널목,118,1488
2013-10-01,방촌맨션앞,5828,2494
2013-10-01,방촌빌라,162,1184
2013-10-01,방촌시장건너,31115,5164
2013-10-01,방촌시장앞,19348,9274
2013-10-01,방촌역(1번출구),16217,7074
2013-10-01,방촌역(2번출구),12423,2358
2013-10-01,방촌치안센터건너,2156,3862
2013-10-01,방촌치안센터앞,6370,2251
2013-10-01,백사벌네거리1,2414,87
2013-10-01,백사벌네거리2,2914,1990
2013-10-01,백안교1,4,80
2013-10-01,백안교2,1397,208
2013-10-01,백안삼거리1,462,643
2013-10-01,백안삼거리2,5398,220
2013-10-01,백자맨션건너,403,1427
2013-10-01,백자맨션앞,5700,3278
2013-10-01,범물1동주민센터건너,10644,3038
2013-10-01,범물1동주민센터앞,50026,4942
2013-10-01,범물2동주민센터건너,5080,621
2013-10-01,범물2동주민센터앞,14,976
2013-10-01,범물두성타운건너,578,51
2013-10-01,범물우방미진하이츠앞,5996,768
2013-10-01,범물청구맨션건너,971,6815
2013-10-01,범물청구맨션앞,61480,5888
2013-10-01,범물하이츠 건너,3897,6831
2013-10-01,범물하이츠앞,26223,289
2013-10-01,범물한라주택건너,27579,1696
2013-10-01,범물한라주택앞,3678,6819
2013-10-01,범어2동1,268,2722
2013-10-01,범어2동2,1206,340
2013-10-01,범어4동주민센터건너,28437,8081
2013-10-01,범어4동주민센터앞,12109,12748
2013-10-01,범어쌍용예가건너,8220,10040
2013-10-01,범어쌍용예가앞,12188,4783
2013-10-01,범어역(1번출구),19914,4598
2013-10-01,범어역(2번출구),11308,7482
2013-10-01,법원건너,18660,18052
2013-10-01,법원앞,29402,8306
2013-10-01,법원어린이집,769,1976
2013-10-01,베어산업건너,651,0
2013-10-01,베어산업앞,36,61
2013-10-01,병무청중앙신체검사소,43,92
2013-10-01,보람타운건너,230,723
2013-10-01,보람타운앞,9736,4812
2013-10-01,보병50사단건너,4010,939
2013-10-01,보병50사단앞,1810,798
2013-10-01,보성기계건너,1944,331
2013-10-01,보성기계앞,16,634
2013-10-01,보성산호타운건너,5110,1037
2013-10-01,보성산호타운앞,3057,2769
2013-10-01,보성서한타운앞,4543,1118
2013-10-01,보성은하타운앞,3345,55
2013-10-01,보성화성타운건너,28751,3322
2013-10-01,보성화성타운앞,8659,10379
2013-10-01,보훈병원건너,1,58
2013-10-01,보훈병원앞,3873,148
2013-10-01,복음간호학원,782,864
2013-10-01,복현네거리,5045,11972
2013-10-01,복현대백맨션건너,19036,2617
2013-10-01,복현대백맨션앞,3912,5565
2013-10-01,복현서한2차아파트,2268,4443
2013-10-01,복현성모약국앞,2764,1640
2013-10-01,복현오거리1,62292,13050
2013-10-01,복현오거리2,14140,6665
2013-10-01,복현오거리3,307,431
2013-10-01,복현우방아파트,10232,2653
2013-10-01,복현우체국건너,55222,6757
2013-10-01,복현우체국앞,8588,10478
2013-10-01,복현장미맨션앞,2402,1194
2013-10-01,복현푸르지오아파트건너,16985,2373
2013-10-01,복현현대맨션건너,2589,148
2013-10-01,복현현대맨션앞,889,473
2013-10-01,본동시장건너,8393,1579
2013-10-01,본동시장앞,1746,2208
2013-10-01,본리1리,225,92
2013-10-01,본리1리동회관건너,492,514
2013-10-01,본리1리동회관앞,17,204
2013-10-01,본리2,1649,357
2013-10-01,본리근린공원건너,8,1
2013-10-01,본리근린공원앞,0,17
2013-10-01,본리네거리,3276,1139
2013-10-01,본리네거리2,10162,2437
2013-10-01,본리네거리3,8777,4254
2013-10-01,본리도서관앞,1366,721
2013-10-01,본리롯데캐슬,2465,318
2013-10-01,본리아카시아맨션,6080,2887
2013-10-01,본리지구건너,1366,1085
2013-10-01,본리지구앞,8217,1440
2013-10-01,본리초등학교건너,9812,3032
2013-10-01,본리초등학교앞,7987,3661
2013-10-01,본리치안센터건너,3916,1033
2013-10-01,본리치안센터앞,3803,1911
2013-10-01,본말(종점),128,4
2013-10-01,봉덕119안전센터건너,1035,147
2013-10-01,봉덕119안전센터앞,534,389
2013-10-01,봉덕2동새마을금고건너,1476,691
2013-10-01,봉덕2동새마을금고앞,1358,1114
2013-10-01,봉덕교회건너,15412,3118
2013-10-01,봉덕교회앞,4621,2546
2013-10-01,봉덕변전소건너,3217,25
2013-10-01,봉덕변전소앞,7,308
2013-10-01,봉덕시장건너1,4263,2648
2013-10-01,봉덕시장건너2,775,426
2013-10-01,봉덕시장건너3,9483,897
2013-10-01,봉덕시장앞1,15979,1773
2013-10-01,봉덕시장앞2,4393,3231
2013-10-01,봉무공원건너,9146,2311
2013-10-01,봉무청구새들마을건너,17041,2152
2013-10-01,봉무청구새들마을앞,2741,1217
2013-10-01,봉산가구골목(동편),4398,4761
2013-10-01,봉산가구골목(서편),2226,896
2013-10-01,봉산문화거리건너,26002,11442
2013-10-01,봉산문화거리앞,14386,4961
2013-10-01,봉산육거리,4023,782
2013-10-01,봉촌1리1,440,0
2013-10-01,봉촌1리2,8,109
2013-10-01,봉촌1리3,304,1
2013-10-01,봉촌2리,113,0
2013-10-01,봉촌낙동길입구,348,0
2013-10-01,봉촌낙동길입구건너,8,113
2013-10-01,봉촌리,269,0
2013-10-01,부곡리,9,30
2013-10-01,부곡리건너,79,117
2013-10-01,부남교앞,268,1
2013-10-01,부동,1267,74
2013-10-01,부동(종점),283,5
2013-10-01,부동농협,427,6
2013-10-01,부동삼거리,2,9
2013-10-01,부영3단지,3056,3135
2013-10-01,부영5단지,2209,1068
2013-10-01,부영7단지건너,741,7
2013-10-01,부영7단지앞,15,129
2013-10-01,부인사건너,86,45
2013-10-01,부인사앞,27,4
2013-10-01,북구구민운동장건너,7936,1824
2013-10-01,북구구민운동장앞,2260,2524
2013-10-01,북구보건소건너,4385,2327
2013-10-01,북구보건소앞,9682,690
2013-10-01,북구선거관리위원회건너,6136,839
2013-10-01,북구선거관리위원회앞,8582,4331
2013-10-01,북구어울아트센터앞,89,209
2013-10-01,북구청건너,14511,6402
2013-10-01,북구청네거리1,1619,3055
2013-10-01,북구청네거리2,3289,657
2013-10-01,북구청앞,13464,2909
2013-10-01,북구청역(3번출구),13637,5464
2013-10-01,북구청역(4번출구),5466,3768
2013-10-01,북대구세무서건너,8261,1134
2013-10-01,북대구세무서앞,4498,2812
2013-10-01,북대구초등학교건너,3046,144
2013-10-01,북대구초등학교앞,834,506
2013-10-01,북동초등학교건너,1372,1936
2013-10-01,북동초등학교앞,5291,126
2013-10-01,북리1,3001,2926
2013-10-01,북리2,21477,503
2013-10-01,북부경찰서건너,2227,1493
2013-10-01,북부상수도사업소,214,1678
2013-10-01,북부정류장,91075,23713
2013-10-01,북부정류장건너,49036,21641
2013-10-01,북비산네거리1,8978,6416
2013-10-01,북비산네거리2,10659,3426
2013-10-01,북중학교앞,3110,1327
2013-10-01,북침산치안센터건너,8197,3190
2013-10-01,북침산치안센터앞,7571,4308
2013-10-01,불교한방병원건너1,648,390
2013-10-01,불교한방병원건너2,1992,747
2013-10-01,불교한방병원앞1,3462,290
2013-10-01,불교한방병원앞2,2853,850
2013-10-01,불로삼거리,1731,13849
2013-10-01,불로우방아파트건너,7693,3386
2013-10-01,불로우방아파트앞,9489,5770
2013-10-01,불로전통시장건너,45603,4750
2013-10-01,불로전통시장앞,17563,12400
2013-10-01,불로천주교회건너,14439,6326
2013-10-01,불로천주교회앞,24748,5907
2013-10-01,불로화훼단지건너,63,576
2013-10-01,불로화훼단지앞,703,1390
2013-10-01,비산5동주민센터,29,0
2013-10-01,비산6동주민센터건너,984,1114
2013-10-01,비산6동주민센터앞,2585,145
2013-10-01,비산7동우체국건너,3572,5416
2013-10-01,비산7동우체국앞1,12061,5801
2013-10-01,비산7동우체국앞2,8974,3005
2013-10-01,비산지하도1,10503,8863
2013-10-01,비산지하도2,21713,6333
2013-10-01,비산초등학교건너,11290,2529
2013-10-01,비산초등학교앞,16026,3328
2013-10-01,비슬산휴양림주차장,39,17
2013-10-01,비원지구대건너,5404,851
2013-10-01,비원지구대앞,713,2259
2013-10-01,비철금속협업단지앞,7282,653
2013-10-01,사복동입구교차로,78,2620
2013-10-01,사복동입구교차로건너,28,862
2013-10-01,사월동(종점),1814,159
2013-10-01,사월보성2차건너,81,362
2013-10-01,사월보성2차앞,2572,127
2013-10-01,사월역(2번출구),22341,4463
2013-10-01,사월역(4번출구),18992,13638
2013-10-01,사창마을건너,0,2
2013-10-01,사창마을앞,12,0
2013-10-01,산격4동주민센터건너,792,605
2013-10-01,산격4동주민센터앞,6157,1136
2013-10-01,산격거평타운건너,1118,3400
2013-10-01,산격거평타운앞,2101,3971
2013-10-01,산격대우아파트앞,63063,11431
2013-10-01,산격문화회관건너,9998,1293
2013-10-01,산격문화회관앞,3797,3374
2013-10-01,산격종합시장앞,63041,23299
2013-10-01,산격주공아파트건너,4139,6727
2013-10-01,산격주공아파트앞,27427,3676
2013-10-01,산격중학교건너,7869,15568
2013-10-01,산격중학교앞,10935,2645
2013-10-01,산격청구맨션앞,7085,4822
2013-10-01,산격초등학교건너,11841,1205
2013-10-01,산격초등학교앞,10464,2409
2013-10-01,산림조합중앙회건너,2041,2875
2013-10-01,산림조합중앙회앞,1134,887
2013-10-01,산업용재관,4638,3771
2013-10-01,삼덕교회,6653,8385
2013-10-01,삼덕동1,224,503
2013-10-01,삼덕동2,312,134
2013-10-01,삼덕성당앞,8007,1685
2013-10-01,삼리1리1,9,89
2013-10-01,삼리1리2,568,471
2013-10-01,삼리리1(논공),41,37
2013-10-01,삼리리2(논공),127,254
2013-10-01,삼보,880,270
2013-10-01,삼산리(범동교),32,50
2013-10-01,삼산리(삼산교회건너),1525,548
2013-10-01,삼산리(삼산교회앞),3649,625
2013-10-01,삼산리(은지가든),3,31
2013-10-01,삼산리입구건너,755,47
2013-10-01,삼산리입구앞,3,441
2013-10-01,삼산지,766,120
2013-10-01,삼성공원아파트건너,349,596
2013-10-01,삼성래미안1차건너,6763,3290
2013-10-01,삼성래미안1차앞,6025,934
2013-10-01,삼성래미안2차건너,4898,2050
2013-10-01,삼성래미안2차앞,5185,2800
2013-10-01,삼성명가타운,4950,1645
2013-10-01,삼성명가타운건너,937,1470
2013-10-01,삼성물류센터앞,287,2809
2013-10-01,삼성한국형아파트건너,1231,103
2013-10-01,삼성한국형아파트앞,1262,579
2013-10-01,삼우섬유앞,488,7
2013-10-01,삼육구가든건너,307,135
2013-10-01,삼육구가든앞,90,0
2013-10-01,삼익THK건너,244,32
2013-10-01,삼익THK앞,210,78
2013-10-01,삼익뉴타운건너,8867,3641
2013-10-01,삼익뉴타운앞,13304,1505
2013-10-01,삼정빌딩앞,922,564
2013-10-01,삼호아파트건너,805,442
2013-10-01,삼호아파트앞,1335,1711
2013-10-01,삼환맨션,535,252
2013-10-01,상공회의소건너,4459,2201
2013-10-01,상공회의소앞,6515,1772
2013-10-01,상당마을,10,0
2013-10-01,상동가압장건너,2922,444
2013-10-01,상동교1,211,462
2013-10-01,상동교2,2688,1519
2013-10-01,상동네거리,4037,2454
2013-10-01,상동마을(둔산길),1073,4
2013-10-01,상동시장앞,2168,1093
2013-10-01,상동우체국건너,5509,2252
2013-10-01,상동우체국앞,20262,4263
2013-10-01,상동천주교회건너,331,443
2013-10-01,상동천주교회앞,1728,3111
2013-10-01,상록아파트,854,82
2013-10-01,상리공단,1711,228
2013-10-01,상리공단건너,727,1212
2013-10-01,상리동입구,1729,213
2013-10-01,상리동입구1,3,465
2013-10-01,상리동입구2,4394,137
2013-10-01,상리동종점,4,131
2013-10-01,상리동종점2,1299,19
2013-10-01,상리동종점3,3436,510
2013-10-01,상리마을건너,0,20
2013-10-01,상리마을앞,35,7
2013-10-01,상리지하도1,2537,266
2013-10-01,상리지하도2,2120,231
2013-10-01,상매동(저탄장),14,24
2013-10-01,상서고등학교건너,2560,308
2013-10-01,상서고등학교앞,1589,479
2013-10-01,상수도사업본부,7908,4681
2013-10-01,상수도사업본부건너,8021,15562
2013-10-01,상수도사업본부시설관리소건너,10014,2002
2013-10-01,상수도사업본부시설관리소앞,1795,2451
2013-10-01,상수도중남부사업소건너,1823,805
2013-10-01,상수도중남부사업소앞,391,426
2013-10-01,상원리(마을회관),862,0
2013-10-01,상원리(전평못식당),151,0
2013-10-01,상인2동주민센터건너,6266,332
2013-10-01,상인동서타운앞,19420,3557
2013-10-01,상인동화아이위시아파트건너,22938,2074
2013-10-01,상인동화아이위시아파트앞,3102,3688
2013-10-01,상인비둘기1단지아파트건너,5103,2255
2013-10-01,상인비둘기1단지아파트앞,19014,1164
2013-10-01,상인비둘기2단지아파트앞,16498,1971
2013-10-01,상인삼미타운건너,2612,12357
2013-10-01,상인삼미타운앞,5795,1320
2013-10-01,상인역e-편한세상앞,7864,22311
2013-10-01,상인우방아파트,14386,29248
2013-10-01,상인은행아파트건너,6472,2174
2013-10-01,상인은행아파트앞,7367,2911
2013-10-01,상인자이앞,6803,2626
2013-10-01,상인장미아파트앞,12083,2596
2013-10-01,상인제림아파트건너,2805,834
2013-10-01,상인제림아파트앞,1738,2704
2013-10-01,상인청구타운건너,3523,333
2013-10-01,상인청구타운앞,2089,804
2013-10-01,상인초등학교앞,3738,5841
2013-10-01,상인한서타운앞,4417,1441
2013-10-01,상인현대맨션건너,84345,7800
2013-10-01,상인현대맨션앞,25425,39025
2013-10-01,상인화성파크드림건너,1167,840
2013-10-01,상인화성파크드림앞,1399,408
2013-10-01,상화네거리,290,2715
2013-10-01,새길시장건너,12489,11016
2013-10-01,새길시장앞,41414,6863
2013-10-01,새동네아파트건너,45,5
2013-10-01,새동네아파트앞,514,2444
2013-10-01,새마을건너,7,137
2013-10-01,새마을입구,104,1
2013-10-01,새범어아파트건너,1550,539
2013-10-01,새범어아파트앞,1947,430
2013-10-01,새본리중학교앞,1488,504
2013-10-01,샛터마을입구,65,11
2013-10-01,샤니삼거리1,242,0
2013-10-01,샤니삼거리2,0,14
2013-10-01,서구문화회관건너,3092,1834
2013-10-01,서구문화회관앞,8998,2574
2013-10-01,서구시장건너,22960,8786
2013-10-01,서구시장앞,17768,7100
2013-10-01,서구제일사회복지관건너,1901,3806
2013-10-01,서구제일사회복지관앞,4874,883
2013-10-01,서구청건너,53129,11296
2013-10-01,서구청앞,55375,11443
2013-10-01,서남시장건너,27993,22090
2013-10-01,서남시장앞1,34014,9104
2013-10-01,서남시장앞2,15167,4916
2013-10-01,서당마을건너,927,143
2013-10-01,서당마을앞,27,196
2013-10-01,서대구고속버스터미널,336,2003
2013-10-01,서대구공단네거리1,1125,254
2013-10-01,서대구공단네거리2,463,215
2013-10-01,서대구공단네거리3,2771,758
2013-10-01,서대구공단네거리4,4937,2319
2013-10-01,서대구세무서,11711,27297
2013-10-01,서대구시장건너,12779,7323
2013-10-01,서대구시장앞,14622,6891
2013-10-01,서대구초등학교입구,25756,11194
2013-10-01,서대명지구대건너,7613,2064
2013-10-01,서대명지구대앞,3759,2266
2013-10-01,서도초등학교건너,2832,2078
2013-10-01,서도초등학교서편2,343,56
2013-10-01,서도초등학교앞,9274,1883
2013-10-01,서문시장,72475,13352
2013-10-01,서문시장5지구앞,1310,1162
2013-10-01,서변동영남네오빌건너,4943,576
2013-10-01,서변동영남네오빌앞,4855,921
2013-10-01,서부고등학교건너,2287,1183
2013-10-01,서부고등학교앞,4075,311
2013-10-01,서부공업고등학교건너,10551,14309
2013-10-01,서부공업고등학교앞,32350,2336
2013-10-01,서부소방서,6,64
2013-10-01,서부시장건너,27855,14095
2013-10-01,서부시장앞,25083,9357
2013-10-01,서부정류장(관문시장건너),104176,22427
2013-10-01,서부정류장(관문시장앞),37010,13005
2013-10-01,서부정류장1,88937,15547
2013-10-01,서부정류장2,6653,2066
2013-10-01,서부정류장3(성당못역1번출구),26980,42672
2013-10-01,서부정류장4(성당못역1번출구),3092,1841
2013-10-01,서부중학교앞,9401,7863
2013-10-01,서영기공건너,163,0
2013-10-01,서영기공앞,2,69
2013-10-01,서재금봉타운,296,3748
2013-10-01,서재금봉타운건너,27664,149
2013-10-01,서재들,18,13
2013-10-01,서재들건너,267,77
2013-10-01,서재보성타운건너,21186,147
2013-10-01,서재보성타운앞,172,811
2013-10-01,서진중학교건너,1141,1241
2013-10-01,서평초등학교,3387,1697
2013-10-01,서평초등학교건너,2904,985
2013-10-01,선녀곡건너(옥포),320,108
2013-10-01,선녀곡앞(옥포),55,812
2013-10-01,설티고개(달성공단방면),5,16
2013-10-01,설티고개(옥포방면),59,1
2013-10-01,설화동(종점),253,59
2013-10-01,설화리(시내방향),15137,1406
2013-10-01,설화리(시외방향),885,2209
2013-10-01,설화명곡역(4번출구),5,367
2013-10-01,섬뜸마을,847,0
2013-10-01,섬유회관건너1,58910,24009
2013-10-01,섬유회관건너2,10508,4604
2013-10-01,섬유회관앞,72127,30763
2013-10-01,성곡중학교건너,1479,860
2013-10-01,성곡중학교앞,1625,126
2013-10-01,성광고등학교건너,12654,3552
2013-10-01,성광고등학교앞,552,2416
2013-10-01,성남초등학교건너,1338,2921
2013-10-01,성남초등학교앞,5421,645
2013-10-01,성내3동주민센터입구,1445,2350
2013-10-01,성당두산위브앞,28156,2751
2013-10-01,성당래미안·e-편한세상앞,11475,4392
2013-10-01,성당못역북편1,752,1434
2013-10-01,성당못역북편2,2352,517
2013-10-01,성당보성아파트건너,31227,9512
2013-10-01,성당보성아파트앞,14495,5544
2013-10-01,성당시장건너,32106,8206
2013-10-01,성당시장앞1,5922,981
2013-10-01,성당시장앞2,35779,5436
2013-10-01,성당초교앞,1039,622
2013-10-01,성당코오롱하늘채,9648,2722
2013-10-01,성당코오롱하늘채2,14384,10029
2013-10-01,성당포스코더샵건너,5647,3034
2013-10-01,성당포스코더샵앞,16576,2350
2013-10-01,성동건너,186,375
2013-10-01,성동마을건너,101,70
2013-10-01,성동마을앞,444,6
2013-10-01,성동앞,124,122
2013-10-01,성동초등학교건너,12352,4389
2013-10-01,성동초등학교앞,19220,2909
2013-10-01,성동탱자나무마을건너,22,68
2013-10-01,성동탱자나무마을앞,112,111
2013-10-01,성림첨단산업건너,74,29
2013-10-01,성림첨단산업앞,335,26
2013-10-01,성명119안전센터건너1,4693,4895
2013-10-01,성명119안전센터앞,2920,902
2013-10-01,성명여자중학교,418,312
2013-10-01,성모여성병원건너,35679,7423
2013-10-01,성모여성병원앞,36030,22918
2013-10-01,성보교통,4826,1502
2013-10-01,성북교1,13153,2540
2013-10-01,성북교2,8515,5743
2013-10-01,성북시장건너,2654,2544
2013-10-01,성북시장앞,10463,3538
2013-10-01,성산3동,4,61
2013-10-01,성산리1,40,221
2013-10-01,성산리2,677,162
2013-10-01,성산중학교앞,2224,272
2013-10-01,성산초등학교앞,629,230
2013-10-01,성서119안전센터건너,29,4730
2013-10-01,성서119안전센터앞,17856,271
2013-10-01,성서4차산업단지앞1,413,295
2013-10-01,성서공단물류센터,589,19
2013-10-01,성서농협남부지소,12912,4655
2013-10-01,성서동서서한타운건너,4892,1077
2013-10-01,성서동서서한타운앞,7051,525
2013-10-01,성서보성타운2차건너1,527,816
2013-10-01,성서보성타운2차건너2,1253,249
2013-10-01,성서보성타운2차앞,9779,3191
2013-10-01,성서산업단지역(1번출구),6728,5799
2013-10-01,성서산업단지역(2번출구),12455,1992
2013-10-01,성서서한2차타운1,9448,562
2013-10-01,성서서한2차타운2,313,1459
2013-10-01,성서우방2차아파트,1579,931
2013-10-01,성서우방타운건너,25011,4977
2013-10-01,성서우방타운앞,14752,4863
2013-10-01,성서우체국건너,2177,376
2013-10-01,성서우체국앞,681,2019
2013-10-01,성서종합시장건너,22545,9499
2013-10-01,성서종합시장앞,61013,7254
2013-10-01,성서주공1단지건너,11706,1546
2013-10-01,성서주공1단지앞,2705,2828
2013-10-01,성서주공2단지건너,15602,9667
2013-10-01,성서주공2단지앞,38400,3415
2013-10-01,성서주공5단지앞,456,695
2013-10-01,성서청구타운건너,9973,2065
2013-10-01,성서청구타운앞,7732,1480
2013-10-01,성서초등학교건너,5233,1634
2013-10-01,성서초등학교앞,108,1206
2013-10-01,성서푸른마을아파트건너,10689,1418
2013-10-01,성서푸른마을아파트앞,2618,2286
2013-10-01,성서한샘타운앞,2042,177
2013-10-01,성서협업단지건너,137,17
2013-10-01,성서협업단지앞,23,63
2013-10-01,성요셉요양병원건너,182,980
2013-10-01,성요셉요양병원앞,2247,181
2013-10-01,성원아파트건너,1469,595
2013-10-01,성원아파트앞,8109,726
2013-10-01,성주사건너,528,184
2013-10-01,성주사앞,44,225
2013-10-01,성지중학교건너,6294,2240
2013-10-01,성지중학교앞,7597,6304
2013-10-01,성하리,29,726
2013-10-01,성화여고건너,12304,1230
2013-10-01,성화여고앞,6840,5186
2013-10-01,세강병원앞,7073,24699
2013-10-01,세원정공건너,12994,936
2013-10-01,세원정공앞,1829,4329
2013-10-01,세천리2,364,144
2013-10-01,세천리3,598,82
2013-10-01,세하건너,4,20
2013-10-01,세하앞,6,9
2013-10-01,세흥인쇄,885,346
2013-10-01,소선여중건너,3453,4283
2013-10-01,솔렌스힐건너,6009,1647
2013-10-01,솔렌스힐앞,2091,825
2013-10-01,솔밭기세길건너,4,104
2013-10-01,솔밭기세길입구,257,0
2013-10-01,솔비식당입구,4,5
2013-10-01,솔비식당입구맞은편,711,84
2013-10-01,송원맨션건너,13817,1615
2013-10-01,송원맨션앞,3214,2460
2013-10-01,송정1동,18,26
2013-10-01,송정동1,83,46
2013-10-01,송정동2,30,6
2013-10-01,송정동3,27,25
2013-10-01,송정동4,45,39
2013-10-01,송정마을1,8,121
2013-10-01,송정마을2,186,9
2013-10-01,송정삼거리1,443,445
2013-10-01,송정삼거리2,277,682
2013-10-01,송정삼거리3,5019,1237
2013-10-01,송정삼거리4,6746,1448
2013-10-01,송해공원,12,15
2013-10-01,송현1동치안센터건너,7260,3255
2013-10-01,송현2동주민센터건너,776,452
2013-10-01,송현공원건너,742,826
2013-10-01,송현공원앞,652,917
2013-10-01,송현교,1437,117
2013-10-01,송현교2,122,89
2013-10-01,송현여중고교건너,3611,1946
2013-10-01,송현여중고교앞,5416,4396
2013-10-01,송현역(1번출구),13811,3766
2013-10-01,송현역(2번출구),19046,4645
2013-10-01,송현역(3번출구),20379,17015
2013-10-01,송현역(4번출구),7276,6248
2013-10-01,송현제림타운건너,5791,11153
2013-10-01,송현제림타운앞,3705,1879
2013-10-01,송현초등학교건너,3747,1548
2013-10-01,송현초등학교앞,10072,648
2013-10-01,수리리,106,26
2013-10-01,수성4가동주민센터앞,767,312
2013-10-01,수성경찰서건너,28139,9006
2013-10-01,수성경찰서앞,18110,14632
2013-10-01,수성고등학교건너,5318,1316
2013-10-01,수성고등학교앞,3809,1457
2013-10-01,수성관광호텔건너,2800,470
2013-10-01,수성관광호텔앞,2462,884
2013-10-01,수성교1,8366,7290
2013-10-01,수성교2,6841,5278
2013-10-01,수성구민운동장건너,8429,4502
2013-10-01,수성구민운동장앞,6502,12136
2013-10-01,수성구보건소건너,29225,4144
2013-10-01,수성구보건소앞,14342,6459
2013-10-01,수성구청건너,28703,14307
2013-10-01,수성구청앞,29187,11270
2013-10-01,수성네거리1,16133,8144
2013-10-01,수성네거리2,14802,4789
2013-10-01,수성대학교건너,44921,10193
2013-10-01,수성대학교앞,18900,19565
2013-10-01,수성도서관건너,15248,3209
2013-10-01,수성도서관앞,7627,4621
2013-10-01,수성동삼익맨션앞,1159,116
2013-10-01,수성동일하이빌앞,914,332
2013-10-01,수성랜드1,4013,364
2013-10-01,수성랜드2,1088,3639
2013-10-01,수성랜드건너,1547,955
2013-10-01,수성랜드건너2,460,806
2013-10-01,수성랜드앞,946,1373
2013-10-01,수성롯데캐슬건너,15340,3095
2013-10-01,수성롯데캐슬앞,18759,7251
2013-10-01,수성못건너,829,800
2013-10-01,수성못앞,1019,1066
2013-10-01,수성못오거리1,14496,5073
2013-10-01,수성못오거리2,14107,3557
2013-10-01,수성못오거리5,1035,897
2013-10-01,수성못코오롱하늘채,5072,3955
2013-10-01,수성소방서1,439,1567
2013-10-01,수성소방서2,171,4634
2013-10-01,수성시니어클럽건너,2718,3281
2013-10-01,수성시니어클럽앞,7135,1338
2013-10-01,수성시장건너,3071,1490
2013-10-01,수성시장네거리1,13473,4729
2013-10-01,수성시장네거리2,16394,8363
2013-10-01,수성시장앞,2750,1390
2013-10-01,수성아트피아건너,7683,4091
2013-10-01,수성아트피아앞,4446,4150
2013-10-01,수성요양병원,810,182
2013-10-01,수성월드메르디앙건너,522,295
2013-10-01,수성월드메르디앙앞,801,151
2013-10-01,수성초등학교,7809,5504
2013-10-01,수성태영데시앙건너,1663,1149
2013-10-01,수성태영데시앙앞,4571,804
2013-10-01,수성하이츠,2980,255
2013-10-01,수정맨션앞,1858,280
2013-10-01,수창초등학교,689,5757
2013-10-01,수태골건너,1,8
2013-10-01,수태골앞,42,3
2013-10-01,스파밸리1,119,610
2013-10-01,스파밸리2,8791,130
2013-10-01,시립희망원,964,1252
2013-10-01,시민교회건너,1019,245
2013-10-01,시민교회앞,596,785
2013-10-01,시민운동장(야구장건너),3160,1040
2013-10-01,시민운동장(야구장앞),2848,1164
2013-10-01,시민운동장(축구장건너),3828,7006
2013-10-01,시민운동장(축구장앞),4145,1431
2013-10-01,시지(종점),5113,846
2013-10-01,시지대성유니드건너,777,76
2013-10-01,시지대성유니드앞,2024,1880
2013-10-01,시지보성아파트앞,26814,12380
2013-10-01,시지중학교,19914,1687
2013-10-01,시지천마타운앞,4016,3379
2013-10-01,시청별관건너1,9075,3588
2013-10-01,시청별관건너2,6203,2283
2013-10-01,시청별관앞(구.경북도청),5856,6025
2013-10-01,신기리1,39,117
2013-10-01,신기리2,221,95
2013-10-01,신기역(화성타운건너),11302,2357
2013-10-01,신기역(화성타운앞),15549,2388
2013-10-01,신남역(1번출구),4733,2076
2013-10-01,신당동주민센터건너,2102,1673
2013-10-01,신당동주민센터앞,10592,642
2013-10-01,신당리,1243,32
2013-10-01,신덕마을입구,46,140
2013-10-01,신도운수건너,1060,301
2013-10-01,신도운수앞,1269,572
2013-10-01,신매광장건너,47469,10486
2013-10-01,신매광장앞,50278,12524
2013-10-01,신매시장,5544,12545
2013-10-01,신매초등학교건너,9525,3356
2013-10-01,신매초등학교앞,9353,3045
2013-10-01,신매태성아파트,63,1319
2013-10-01,신매태성아파트건너,6727,2026
2013-10-01,신무동1,768,0
2013-10-01,신무동2,3,55
2013-10-01,신생원건너,0,1
2013-10-01,신생원앞,203,71
2013-10-01,신서성당건너,4539,429
2013-10-01,신서성당앞,2,930
2013-10-01,신성에스앤티건너,746,201
2013-10-01,신성에스앤티앞,167,41
2013-10-01,신성중공업건너,5,148
2013-10-01,신성중공업앞,337,0
2013-10-01,신성초등학교건너,5111,10745
2013-10-01,신성초등학교앞,7033,2429
2013-10-01,신세계병원건너,24153,18722
2013-10-01,신세계병원앞,11904,12582
2013-10-01,신세계주유소건너,8932,513
2013-10-01,신세계주유소앞,1026,3139
2013-10-01,신세월입구,17,0
2013-10-01,신신정비공장1,11610,8170
2013-10-01,신신정비공장2,33746,28151
2013-10-01,신암건영캐스빌건너,4450,1113
2013-10-01,신암건영캐스빌앞,2213,256
2013-10-01,신암보성아파트건너,1733,909
2013-10-01,신암보성아파트앞,1347,1442
2013-10-01,신암초등학교건너,5487,3884
2013-10-01,신천3동행정복지센터건너,4037,1385
2013-10-01,신천3동행정복지센터앞,2192,2753
2013-10-01,신천3치안센터건너,4435,2157
2013-10-01,신천3치안센터앞,5920,4152
2013-10-01,신천LH아파트건너,8958,3179
2013-10-01,신천LH아파트앞,14762,6099
2013-10-01,신천교1,2003,1848
2013-10-01,신천교2,2105,472
2013-10-01,신천시장건너,3137,1093
2013-10-01,신천시장앞,4004,1856
2013-10-01,신천역(2번출구),4639,3160
2013-10-01,신천역(3번출구),2394,1555
2013-10-01,신천역(4번출구),7015,2911
2013-10-01,신천역(5번출구),10970,2523
2013-10-01,신천초등학교건너,643,92
2013-10-01,신천초등학교앞,423,170
2013-10-01,신평동1,360,1723
2013-10-01,신평동2,2574,312
2013-10-01,신평리네거리1,24324,14570
2013-10-01,신평리네거리2,33088,13659
2013-10-01,신평리주유소건너,1887,634
2013-10-01,신평리주유소앞,643,629
2013-10-01,신흥버스,19782,4619
2013-10-01,실내체육관건너,4184,1837
2013-10-01,실내체육관앞,4360,2015
2013-10-01,심신수련장입구건너,1836,623
2013-10-01,심신수련장입구앞,848,357
2013-10-01,심인고등학교건너,27020,4196
2013-10-01,심인고등학교앞,14886,4947
2013-10-01,쌍용머티리얼,1735,230
2013-10-01,아너스월성앞,3722,1567
2013-10-01,아멕스,572,75
2013-10-01,아멕스건너,1066,55
2013-10-01,아양교1,4883,1936
2013-10-01,아양교2,15059,16188
2013-10-01,아양교3,1691,24745
2013-10-01,아양교4,5751,2466
2013-10-01,아양교역(1번출구),83048,84369
2013-10-01,아양교역(2번출구),93833,12737
2013-10-01,아양아트센터건너,4048,394
2013-10-01,아양아트센터앞,1313,534
2013-10-01,아주섬유건너,5,166
2013-10-01,아주섬유앞,135,6
2013-10-01,아주철강건너,143,20
2013-10-01,아주철강앞,144,30
2013-10-01,안심교(경산방향),299,167
2013-10-01,안심교(반야월방향),490,7248
2013-10-01,안심신우타운앞,1944,3738
2013-10-01,안심역(4번출구),55258,616
2013-10-01,안심역(5번출구),6895,47335
2013-10-01,안심주공1단지건너,13282,2179
2013-10-01,안심주공1단지앞,6472,1370
2013-10-01,안심주공2단지앞,566,2730
2013-10-01,안심중학교건너,1455,2534
2013-10-01,안심중학교앞,2186,1779
2013-10-01,안심효성타운건너,13214,3227
2013-10-01,안심효성타운앞,24792,2910
2013-10-01,안지랑네거리1,27676,11154
2013-10-01,안지랑네거리2,32043,11775
2013-10-01,앞산공원,15279,6316
2013-10-01,앞산공원관리사무소건너,458,149
2013-10-01,앞산공원관리사무소앞,12,1057
2013-10-01,앞산궁도장건너,758,426
2013-10-01,앞산궁도장앞,406,87
2013-10-01,앞산별자리체험학습장1,4222,47
2013-10-01,앞산별자리체험학습장2,141,1220
2013-10-01,앞산보성타운건너,117,328
2013-10-01,앞산보성타운앞,3210,6
2013-10-01,앞산빨래터공원,985,417
2013-10-01,앞산빨래터공원1,940,144
2013-10-01,앞산자락카페마실건너,55,447
2013-10-01,앞산자락카페마실앞,1265,1041
2013-10-01,앞산청구제네스건너,6664,5079
2013-10-01,앞산청구제네스앞,14740,3576
2013-10-01,앞산힐스테이트건너,3195,839
2013-10-01,앞산힐스테이트앞,1190,524
2013-10-01,약령시건너(동성로입구),209514,44855
2013-10-01,약령시앞,151713,79723
2013-10-01,약령시입구,3542,2686
2013-10-01,약사회관건너,405,236
2013-10-01,약사회관앞,644,117
2013-10-01,약산온천입구,1070,216
2013-10-01,양지마을건너,1256,1433
2013-10-01,양지마을앞,4553,32
2013-10-01,어린이회관건너1,2999,7914
2013-10-01,어린이회관건너2,77,640
2013-10-01,어린이회관앞,6981,4113
2013-10-01,에이스이노텍건너,134,25
2013-10-01,에이스이노텍앞,450,331
2013-10-01,엑스코건너,5639,3218
2013-10-01,엑스코앞,18805,1213
2013-10-01,엘디스리젠트호텔건너,5917,7388
2013-10-01,엘디스리젠트호텔앞,4537,10507
2013-10-01,여성메디파크,864,908
2013-10-01,역전시장건너,6186,1799
2013-10-01,역전시장앞,6335,1455
2013-10-01,연경1,95,130
2013-10-01,연경2,547,7
2013-10-01,연암네거리1,20577,5486
2013-10-01,연암네거리2,4469,854
2013-10-01,연암네거리3,161,3284
2013-10-01,연젓마을건너,42,15
2013-10-01,연젓마을입구,7,19
2013-10-01,연호동,0,8
2013-10-01,연호동(종점),10,2
2013-10-01,연호동화훼단지1,4491,3551
2013-10-01,연호동화훼단지2,12460,1047
2013-10-01,연호역(3번출구),169,19
2013-10-01,연호역(3번출구)건너,0,46
2013-10-01,연호지,344,929
2013-10-01,연호지건너,304,6605
2013-10-01,연화리1,0,30
2013-10-01,연화리2,6,336
2013-10-01,열병합발전소건너,0,4
2013-10-01,열병합발전소앞,1,2
2013-10-01,영남고등학교건너,20100,23458
2013-10-01,영남고등학교앞,43180,5030
2013-10-01,영남네오빌건너,1250,137
2013-10-01,영남네오빌비스타,1239,751
2013-10-01,영남네오빌앞,348,772
2013-10-01,영남농업연구소콩연구,2,31
2013-10-01,영남우방타운1차건너,4414,800
2013-10-01,영남우방타운1차앞,7173,845
2013-10-01,영남이공대학건너,16925,5535
2013-10-01,영남이공대학앞,32659,2657
2013-10-01,영남일보건너,3860,1169
2013-10-01,영남종합전기,409,126
2013-10-01,영대병원역,43203,5426
2013-10-01,영대병원역(3번출구),38134,19523
2013-10-01,영일무역건너,315,30
2013-10-01,영일무역앞,46,139
2013-10-01,영조아파트건너,18,140
2013-10-01,영조아파트앞,3139,4
2013-10-01,영진고등학교건너,23928,4020
2013-10-01,영진고등학교앞,50800,23762
2013-10-01,영진산업,392,6
2013-10-01,영진전문대학정문건너,11907,3536
2013-10-01,영진전문대학정문앞,22110,5114
2013-10-01,영진전문대학후문건너,34492,7989
2013-10-01,영진전문대학후문앞,44498,18228
2013-10-01,영화,817,131
2013-10-01,예현2리마을회관,368,3
2013-10-01,오2리(음지머구),248,2
2013-10-01,오뚜기물류센터,139,10
2013-10-01,오리(양지마을),366,0
2013-10-01,오설리,2,1
2013-10-01,오성아파트,294,5081
2013-10-01,오페라삼정그린코아APT,17136,5555
2013-10-01,오페라하우스건너,1452,684
2013-10-01,오페라하우스앞,1366,587
2013-10-01,옥분리(구진터),254,11
2013-10-01,옥분리1,35,136
2013-10-01,옥분리마을회관앞,343,10
2013-10-01,옥산정미소,440,10
2013-10-01,옥연지,0,14
2013-10-01,옥연지건너,17,69
2013-10-01,옥포간경리1,1327,1694
2013-10-01,옥포간경리2,9208,804
2013-10-01,옥포농협,295,64
2013-10-01,옥포농협강림지소건너,897,807
2013-10-01,옥포농협강림지소앞,5708,111
2013-10-01,옥포농협건너,5623,237
2013-10-01,옥포농협앞,1073,519
2013-10-01,옥포무지개마을,4248,515
2013-10-01,옥포주유소앞,183,283
2013-10-01,옥포중앙교회앞,112,256
2013-10-01,옥포초등학교건너,849,1435
2013-10-01,옥포초등학교앞,5051,986
2013-10-01,올림픽기념관건너,9898,6724
2013-10-01,올림픽기념관앞,16459,3621
2013-10-01,와룡공원건너,388,981
2013-10-01,와룡공원앞,888,355
2013-10-01,와룡시장,7475,495
2013-10-01,와룡시장건너,2582,1088
2013-10-01,용계동1,393,199
2013-10-01,용계동2,565,773
2013-10-01,용계동3,4282,660
2013-10-01,용계동4,528,210
2013-10-01,용계삼거리1,9734,11612
2013-10-01,용계삼거리2,4045,4238
2013-10-01,용계삼거리3,632,1156
2013-10-01,용계삼거리4,689,1439
2013-10-01,용계역(1번출구),22647,5041
2013-10-01,용계역(2번출구),7521,1679
2013-10-01,용산1동주민센터건너,9086,4040
2013-10-01,용산1동주민센터앞,4938,3045
2013-10-01,용산2동주민센터건너,2935,1951
2013-10-01,용산2동주민센터건너2,3003,3234
2013-10-01,용산2동주민센터앞,38044,3501
2013-10-01,용산네거리1,28578,5791
2013-10-01,용산네거리2,64432,22367
2013-10-01,용산역,1659,119
2013-10-01,용산역(1번출구),1331,638
2013-10-01,용산역(2번출구),46501,8303
2013-10-01,용산종합큰시장건너,14848,1588
2013-10-01,용산종합큰시장앞,7498,2757
2013-10-01,용수동1,0,40
2013-10-01,용수동2,485,0
2013-10-01,용연사,209,6
2013-10-01,용연사시설집단지구건너,88,1
2013-10-01,용연사시설집단지구앞,30,41
2013-10-01,우록리,488,2
2013-10-01,우록리(부곡장식당),5,35
2013-10-01,우록리(선흥사입구),1,68
2013-10-01,우록리(종점),2533,384
2013-10-01,우방강촌마을건너,34906,1759
2013-10-01,우방강촌마을앞,14608,4019
2013-10-01,우방금탑아파트(서편),3347,7362
2013-10-01,우방드림시티건너,3100,6114
2013-10-01,우방드림시티앞,7599,1900
2013-10-01,우방만촌하이츠건너,4863,3567
2013-10-01,우방만촌하이츠앞,5861,5999
2013-10-01,우방송현하이츠,942,252
2013-10-01,우방송현하이츠건너,280,85
2013-10-01,우방신세계타운앞,704,261
2013-10-01,우방신천지타운건너,4126,1055
2013-10-01,우방신천지타운앞,13111,3514
2013-10-01,우방아파트삼거리,342,876
2013-10-01,우방죽전타운건너,11612,4982
2013-10-01,우방죽전타운앞1,8589,1904
2013-10-01,우방죽전타운앞2,2589,453
2013-10-01,우방청솔맨션건너,13239,4700
2013-10-01,우방청솔맨션앞,18221,20985
2013-10-01,욱수초등학교건너,5958,4722
2013-10-01,욱수초등학교앞,39778,2152
2013-10-01,운암지공원1,398,10
2013-10-01,운암지공원2,15,414
2013-10-01,운암초등학교건너,12250,1405
2013-10-01,운암초등학교앞,11606,133
2013-10-01,웃갈미마을건너,267,23
2013-10-01,웃갈미마을앞,7,99
2013-10-01,웃는얼굴아트센터1,1200,39
2013-10-01,웃는얼굴아트센터2,1034,266
2013-10-01,원대네거리,994,328
2013-10-01,원대시장건너,23849,4476
2013-10-01,원대시장건너2,1907,741
2013-10-01,원대시장앞,17030,9034
2013-10-01,원대역1,13550,28933
2013-10-01,원대역2,20663,5711
2013-10-01,원대오거리북편1,2707,2788
2013-10-01,원대오거리북편2,990,978
2013-10-01,원불교앞,787,1535
2013-10-01,월곡네거리,191,1612
2013-10-01,월광수변공원,3525,658
2013-10-01,월드컵삼거리,964,419
2013-10-01,월드컵삼거리앞,823,840
2013-10-01,월배농협대덕지점건너,3673,1064
2013-10-01,월배시장건너,15332,8615
2013-10-01,월배시장앞,18886,2592
2013-10-01,월배쌍용예가건너,1540,59
2013-10-01,월배쌍용예가앞,8,117
2013-10-01,월배역(3번출구),11295,11312
2013-10-01,월배역(4번출구),10394,6346
2013-10-01,월배이안아파트건너,143,1
2013-10-01,월배이안아파트앞,61,72
2013-10-01,월배중학교건너,1914,1845
2013-10-01,월배중학교앞,774,1565
2013-10-01,월배차량기지건너,2,33
2013-10-01,월배차량기지앞,89,26
2013-10-01,월배초등학교건너,9801,4482
2013-10-01,월배힐스테이트건너,2058,28
2013-10-01,월배힐스테이트앞,9,342
2013-10-01,월성1동주민센터건너,7865,2700
2013-10-01,월성1동주민센터앞,4650,522
2013-10-01,월성2동주민센터건너,17674,4248
2013-10-01,월성2동주민센터앞,34723,4952
2013-10-01,월성e-편한세상건너,18578,4939
2013-10-01,월성e-편한세상앞,1070,4441
2013-10-01,월성영남맨션앞,683,582
2013-10-01,월성자이앞,136,899
2013-10-01,월성주공2단지앞,13078,3490
2013-10-01,월성주공3단지,1786,1234
2013-10-01,월성주공4단지건너,43136,5974
2013-10-01,월성주공4단지앞1,3249,462
2013-10-01,월성주공4단지앞2,23119,9091
2013-10-01,월성주공5단지앞,8667,11494
2013-10-01,월성청구코아건너,27728,3234
2013-10-01,월성청구코아앞,19267,7122
2013-10-01,월성코오롱하늘채건너,433,309
2013-10-01,월성코오롱하늘채앞,3958,504
2013-10-01,월성푸르지오앞,18879,4712
2013-10-01,월암교1,1246,29
2013-10-01,월암교2,249,168
2013-10-01,월촌고가교1,485,1042
2013-10-01,월촌고가교2,2141,472
2013-10-01,월촌역(6번출구),23347,3142
2013-10-01,월촌역(7번출구),10014,5779
2013-10-01,월촌초등학교건너,1541,767
2013-10-01,월촌초등학교앞,1901,1019
2013-10-01,위남마을입구,3311,150
2013-10-01,위천1리건너,446,164
2013-10-01,위천1리앞,1771,88
2013-10-01,위천삼거리(논공방향),413,130
2013-10-01,위천삼거리(현풍방향),238,331
2013-10-01,유가사(종점),587,44
2013-10-01,유가차천,1923,166
2013-10-01,유가차천1,343,873
2013-10-01,유곡리(회차지),24,4
2013-10-01,유니버시아드레포츠센터건너,3470,2376
2013-10-01,유니버시아드선수촌2단지건너,15168,5100
2013-10-01,유니버시아드선수촌2단지앞,3591,2257
2013-10-01,유림물산,1880,665
2013-10-01,유림한의원건너,788,476
2013-10-01,유산리,164,0
2013-10-01,유신섬유네거리1,845,293
2013-10-01,유신섬유네거리2,3668,131
2013-10-01,유천교(유천치안센터건너),12301,8822
2013-10-01,유천교(유천치안센터앞),21688,15114
2013-10-01,유천교1,14651,1015
2013-10-01,유천교2,555,5223
2013-10-01,유천포스코건너,3201,460
2013-10-01,유천포스코앞,4944,7630
2013-10-01,유통단지회차지,938,182
2013-10-01,유통단지회차지2,3427,38
2013-10-01,육상진흥센터건너,163,277
2013-10-01,육상진흥센터앞,201,360
2013-10-01,육신사,282,49
2013-10-01,율원초등학교건너,24,1938
2013-10-01,율원초등학교앞,3678,216
2013-10-01,율하역,712,3647
2013-10-01,율하역(4번출구),12933,3846
2013-10-01,율하역(5번출구),10645,1177
2013-10-01,율하휴먼시아15단지앞,8272,5260
2013-10-01,율하휴먼시아5단지건너,155,861
2013-10-01,율하휴먼시아5단지앞,2942,705
2013-10-01,율하휴먼시아6단지건너,1377,2219
2013-10-01,율하휴먼시아6단지앞,11868,732
2013-10-01,율하휴먼시아8단지앞,9719,429
2013-10-01,율하휴먼시아9단지앞,1471,1044
2013-10-01,은하타운건너,1264,2169
2013-10-01,은하타운앞,1348,2602
2013-10-01,은행APT입구,532,1345
2013-10-01,읍내동주민센터건너,6641,4210
2013-10-01,읍내동주민센터앞,386,151
2013-10-01,응암1리1,28,23
2013-10-01,응암1리2,17,0
2013-10-01,응암2리,41,1
2013-10-01,응암2리건너,66,165
2013-10-01,응암2리앞,2,92
2013-10-01,응암3리1,0,1
2013-10-01,응암3리2,112,0
2013-10-01,이곡1동주민센터건너,9500,1001
2013-10-01,이곡1동주민센터앞,3986,5004
2013-10-01,이곡마을,436,23
2013-10-01,이곡양수장건너,59,253
2013-10-01,이곡양수장앞,267,940
2013-10-01,이곡장미공원건너,5350,1636
2013-10-01,이곡장미공원앞,4268,1190
2013-10-01,이마트경산점,9228,5667
2013-10-01,이마트반야월점건너,1660,539
2013-10-01,이마트반야월점앞,3173,1251
2013-10-01,이마트시지점건너,4353,1449
2013-10-01,이마트시지점앞,385,1183
2013-10-01,이마트월배점건너,209,3326
2013-10-01,이마트월배점앞,8553,1524
2013-10-01,이마트칠성점앞,1446,1608
2013-10-01,이마트트레이더스건너,7378,5468
2013-10-01,이마트트레이더스앞,17623,5622
2013-10-01,이시아폴리스더샵1단지,32352,1915
2013-10-01,이시아폴리스더샵2단지,2199,1874
2013-10-01,이월드(구.우방랜드)건너,2087,248
2013-10-01,이월드(구.우방랜드)앞,676,332
2013-10-01,이월드(구.우방랜드)정문,8436,8415
2013-10-01,이월드(구.우방랜드)후문건너,3451,1920
2013-10-01,이월드(구.우방랜드)후문앞,2259,1137
2013-10-01,이천동,3,16
2013-10-01,이천동(종점),43,1
2013-10-01,이천리(시내방향),189,18
2013-10-01,이천리(시외방향),102,3
2013-10-01,이천새마을금고건너,10901,1404
2013-10-01,이천치안센터건너,2003,4744
2013-10-01,이현고개삼거리,6,8
2013-10-01,이현삼거리1,95,721
2013-10-01,이현삼거리2,996,294
2013-10-01,이현삼거리3,3292,1413
2013-10-01,이현자동차검사소건너,1759,567
2013-10-01,이현자동차검사소앞,1058,268
2013-10-01,이현지구대건너,907,614
2013-10-01,이현지구대앞,515,464
2013-10-01,인동촌시장건너,3446,3751
2013-10-01,인동촌시장입구,13836,1283
2013-10-01,인산마을건너,1000,5
2013-10-01,인산마을앞,51,348
2013-10-01,인지초등학교입구,2,1
2013-10-01,일심제약,140,99
2013-10-01,입석중학교건너,11059,4902
2013-10-01,입석중학교앞,5722,3708
2013-10-01,잉꼬아파트건너,803,369
2013-10-01,잉꼬아파트앞,1785,2027
2013-10-01,자모공원,48,0
2013-10-01,장관빌라건너,1733,361
2013-10-01,장관빌라앞,1112,571
2013-10-01,장기영남네오빌,80,67
2013-10-01,장기초등학교,1108,345
2013-10-01,장기초등학교1,6,157
2013-10-01,장기초등학교2,55,8
2013-10-01,장기초록나라건너,3552,4181
2013-10-01,장기초록나라앞,7116,955
2013-10-01,장기파랑새마을앞,82,236
2013-10-01,장동초등학교건너,3667,41
2013-10-01,장동초등학교앞,136,1244
2013-10-01,장산초등학교건너,974,368
2013-10-01,장산초등학교앞,1108,194
2013-10-01,장성초등학교건너,1104,10958
2013-10-01,장성초등학교앞,452,4335
2013-10-01,장태실마을건너,569,84
2013-10-01,장태실마을앞,64,57
2013-10-01,적십자혈액원건너,3897,1051
2013-10-01,적십자혈액원앞,2681,1825
2013-10-01,전기안전공사건너,1573,2035
2013-10-01,전기안전공사앞,2939,785
2013-10-01,전기재료관1,660,648
2013-10-01,전기재료관2,80,797
2013-10-01,전자관,4817,1928
2013-10-01,전자상가,12777,2143
2013-10-01,정대1리(바깥매남),155,0
2013-10-01,정대1리(안매남),59,0
2013-10-01,정대2리마을회관앞,728,86
2013-10-01,정대리(대구미술광장),172,0
2013-10-01,정대숲,340,0
2013-10-01,정대숲건너,8,4
2013-10-01,정대숲앞,44,0
2013-10-01,정동고등학교건너,6267,4360
2013-10-01,정동고등학교앞,12062,1191
2013-10-01,정부대구지방합동청사건너,572,129
2013-10-01,정부대구지방합동청사앞,215,267
2013-10-01,정부대구지방합동청사후문1,1473,1038
2013-10-01,정화우방팔레스,17045,10135
2013-10-01,정화우방팔레스건너,30081,3768
2013-10-01,제일규산,1244,112
2013-10-01,제일여자상업고등학교건너,21978,9334
2013-10-01,제일여자상업고등학교앞,23728,4755
2013-10-01,조달청건너,3707,4887
2013-10-01,조달청앞,7645,1408
2013-10-01,조암네거리1,335,102
2013-10-01,조암네거리2,888,1471
2013-10-01,조암초등학교건너,29,22
2013-10-01,조암초등학교앞,155,16
2013-10-01,조야동(종점),13328,1851
2013-10-01,조야초등학교입구,1,0
2013-10-01,조일로봇고등학교(종점),9489,1154
2013-10-01,주1리1,15,120
2013-10-01,주1리2,754,273
2013-10-01,주2리(최정사입구),3,144
2013-10-01,주2리1,330,8
2013-10-01,주리(삼진식당),6,112
2013-10-01,죽곡2지구1,4,16
2013-10-01,죽곡2지구2,4,40
2013-10-01,죽전119안전센터건너,4473,2831
2013-10-01,죽전119안전센터앞,5846,1491
2013-10-01,죽전그린빌건너,3873,5257
2013-10-01,죽전그린빌앞,13103,2252
2013-10-01,죽전네거리1,35215,7652
2013-10-01,죽전네거리2,21575,10784
2013-10-01,중구보건소건너,3954,7840
2013-10-01,중구보건소앞,2803,2992
2013-10-01,중구청건너,30183,7019
2013-10-01,중구청앞,31468,23065
2013-10-01,중대1동회관앞,2605,16
2013-10-01,중동교1,4371,10673
2013-10-01,중동교2,1422,378
2013-10-01,중동네거리1,6287,1903
2013-10-01,중동네거리2,3429,7176
2013-10-01,중동서울아파트건너,283,363
2013-10-01,중동서울아파트앞,1277,121
2013-10-01,중동시장건너,19634,7948
2013-10-01,중동시장앞,26302,3174
2013-10-01,중동주민센터건너,655,273
2013-10-01,중동주민센터앞,392,395
2013-10-01,중동치안센터건너,1783,387
2013-10-01,중동치안센터앞,574,467
2013-10-01,중리광명맨션건너,17245,2713
2013-10-01,중리광명맨션앞,10582,3238
2013-10-01,중리네거리1,7093,2930
2013-10-01,중리네거리2,6754,2049
2013-10-01,중리롯데캐슬건너,10807,8195
2013-10-01,중리롯데캐슬서편,5062,2972
2013-10-01,중리롯데캐슬앞,19306,3305
2013-10-01,중리롯데캐슬정문앞,789,283
2013-10-01,중리마을,2668,6
2013-10-01,중리삼거리1,34,589
2013-10-01,중리삼거리2,1571,11
2013-10-01,중리시장건너1,309,521
2013-10-01,중리시장건너2,834,357
2013-10-01,중리시장앞,8066,2262
2013-10-01,중리중학교,830,214
2013-10-01,중마을(갓바위방향),1192,6697
2013-10-01,중마을(시내방향),345,2
2013-10-01,중부소방서건너,2321,2428
2013-10-01,중부소방서앞,7997,3297
2013-10-01,중석타운건너,83,1271
2013-10-01,중석타운앞,12842,419
2013-10-01,중소기업관건너,33,1222
2013-10-01,중소기업관앞,1689,203
2013-10-01,중소기업지원센터,466,320
2013-10-01,중심마을,180,65
2013-10-01,중앙일보건너,1824,1768
2013-10-01,중앙일보앞,5837,185
2013-10-01,지묘동1,3592,906
2013-10-01,지묘동2,10522,166
2013-10-01,지묘초등학교건너,11458,390
2013-10-01,지묘초등학교앞,744,475
2013-10-01,지산2길입구,233,10
2013-10-01,지산2길입구건너,120,27
2013-10-01,지산동서맨션건너,7735,4033
2013-10-01,지산동서맨션앞,22501,1368
2013-10-01,지산목련아파트건너,25613,2292
2013-10-01,지산목련아파트앞,12508,5229
2013-10-01,지산시영아파트1단지건너,2137,2750
2013-10-01,지산시영아파트1단지앞,6923,623
2013-10-01,지산영남맨션앞,3372,3519
2013-10-01,지산우방아파트,6477,1648
2013-10-01,지산중학교입구,614,927
2013-10-01,지산청구타운건너,3026,5622
2013-10-01,지산청구타운앞,20327,1099
2013-10-01,지산타운건너,31209,1306
2013-10-01,지산타운앞,3157,9072
2013-10-01,지산한라타운건너,22489,816
2013-10-01,지산한라타운앞,3367,5196
2013-10-01,지산현대주택건너,5377,4713
2013-10-01,지산현대주택앞,16259,2670
2013-10-01,지산화성파크드림,1681,865
2013-10-01,지저동행정복지센터건너,22417,3526
2013-10-01,지저동행정복지센터앞,5477,2716
2013-10-01,진달래아파트건너,9985,5511
2013-10-01,진달래아파트앞,14839,5674
2013-10-01,진월초등학교건너,1254,1357
2013-10-01,진월초등학교앞,519,820
2013-10-01,진인동(양지마을)건너,3,169
2013-10-01,진인동(양지마을)앞,131,23
2013-10-01,진인동(진정마을)1,78,22
2013-10-01,진인동(진정마을)2,6,8
2013-10-01,진정마을1,1470,8
2013-10-01,진정마을2,46,192
2013-10-01,진천역(1번출구),39015,9224
2013-10-01,진천역(2번출구),24624,10030
2013-10-01,진천청구타운건너,881,771
2013-10-01,진천청구타운앞,3670,505
2013-10-01,징리보건소,53,0
2013-10-01,차량등록사업소건너,483,1906
2013-10-01,차량등록사업소앞,825,325
2013-10-01,창1리1,0,1
2013-10-01,창1리2,103,34
2013-10-01,천내영남맨션,4,0
2013-10-01,천내우방1차,3,0
2013-10-01,청구고등학교건너,19428,3665
2013-10-01,청구고등학교앞,26002,7273
2013-10-01,청구그린맨션1차건너,11564,3704
2013-10-01,청구그린맨션1차앞,18280,3752
2013-10-01,청구시장건너,6947,797
2013-10-01,청구시장건너2,435,356
2013-10-01,청구시장북편,2966,774
2013-10-01,청구시장북편건너,3465,836
2013-10-01,청구시장앞,6953,1905
2013-10-01,청구중동아파트,414,824
2013-10-01,청구타운건너,1385,2017
2013-10-01,청구타운앞,1646,623
2013-10-01,청기와주유소건너,24416,4816
2013-10-01,청기와주유소앞,20225,4912
2013-10-01,청남타운건너,1627,132
2013-10-01,청남타운앞,417,1271
2013-10-01,청백다례원,1615,1597
2013-10-01,청소년수련원건너,421,188
2013-10-01,청소년수련원앞,686,770
2013-10-01,청아람푸르지오2단지1,4,19
2013-10-01,청아람푸르지오2단지2,77,3
2013-10-01,청운맨션건너,1856,601
2013-10-01,청운맨션앞,934,1063
2013-10-01,충혼탑건너,5789,140
2013-10-01,충혼탑앞,254,1342
2013-10-01,측백수림건너,606,0
2013-10-01,측백수림앞,6,47
2013-10-01,칠곡2차영남타운건너,3804,956
2013-10-01,칠곡2차영남타운앞,4695,853
2013-10-01,칠곡3차보성타운1,1092,403
2013-10-01,칠곡3차보성타운2,7217,489
2013-10-01,칠곡3차화성타운1,5894,131
2013-10-01,칠곡3차화성타운2,9921,466
2013-10-01,칠곡3차화성타운3,42,893
2013-10-01,칠곡경대병원역,20,575
2013-10-01,칠곡경북대병원,890,356
2013-10-01,칠곡경북대병원정문건너,326,923
2013-10-01,칠곡경북대병원정문앞,3986,48
2013-10-01,칠곡경북대병원후문건너,5525,789
2013-10-01,칠곡경북대병원후문앞,424,6
2013-10-01,칠곡그린빌2차건너,13966,754
2013-10-01,칠곡그린빌2차앞,21178,2340
2013-10-01,칠곡그린빌3차건너,16429,476
2013-10-01,칠곡그린빌3차앞,392,2103
2013-10-01,칠곡그린빌5단지건너,2958,370
2013-10-01,칠곡그린빌5단지앞,2974,1718
2013-10-01,칠곡그린빌6단지건너,1245,185
2013-10-01,칠곡그린빌6단지앞,302,170
2013-10-01,칠곡그린파크1,9784,4272
2013-10-01,칠곡그린파크2,25221,1674
2013-10-01,칠곡네스빌,168,319
2013-10-01,칠곡대백맨션건너,5870,98
2013-10-01,칠곡대백맨션앞,336,1843
2013-10-01,칠곡동화아파트건너,4073,4300
2013-10-01,칠곡동화아파트앞,19998,2841
2013-10-01,칠곡롯데아파트건너,29,534
2013-10-01,칠곡롯데아파트앞,5475,38
2013-10-01,칠곡부영1단지,3695,667
2013-10-01,칠곡서한맨션,1191,30
2013-10-01,칠곡서한맨션앞,106,1021
2013-10-01,칠곡시장건너,13595,1280
2013-10-01,칠곡시장앞,2166,3571
2013-10-01,칠곡에덴타운건너,33466,11839
2013-10-01,칠곡에덴타운앞,27167,7480
2013-10-01,칠곡우방타운건너(종점),370,32
2013-10-01,칠곡우방타운건너(종점),3316,7
2013-10-01,칠곡우방타운앞(종점),7851,382
2013-10-01,칠곡주공그린빌1단지건너,2768,1149
2013-10-01,칠곡주공그린빌1단지앞,10723,845
2013-10-01,칠곡중학교건너(칠곡향교건너),1706,1748
2013-10-01,칠곡중학교앞(칠곡향교앞),22438,1350
2013-10-01,칠곡청구타운건너,435,1726
2013-10-01,칠곡청구타운앞,4290,365
2013-10-01,칠곡초등학교건너,106,1059
2013-10-01,칠곡초등학교앞,1583,232
2013-10-01,칠곡한라타운건너,4674,155
2013-10-01,칠곡한라타운앞,70,1444
2013-10-01,칠곡한서타운건너,12632,1915
2013-10-01,칠곡한신아파트건너,2225,610
2013-10-01,칠곡한신아파트앞1,10797,1123
2013-10-01,칠곡한신아파트앞2,1400,342
2013-10-01,칠곡화성타운건너,9581,317
2013-10-01,칠곡화성타운앞1,8658,3933
2013-10-01,칠곡화성타운앞2,2725,2046
2013-10-01,칠성고가도로하단,894,196
2013-10-01,칠성꽃도매시장건너,995,1968
2013-10-01,칠성꽃도매시장앞,1981,2603
2013-10-01,칠성시장(농협건너),92,416
2013-10-01,칠성시장(농협앞),1145,283
2013-10-01,칠성시장(양친회신협),3,164
2013-10-01,칠성시장(전자상가건너),6581,763
2013-10-01,칠성시장(전자상가앞),2469,1618
2013-10-01,칠성시장건너,46470,24825
2013-10-01,칠성시장앞1,2159,7253
2013-10-01,칠성시장역(서문프라자건너),3822,7034
2013-10-01,칠성시장역(서문프라자앞),28337,2900
2013-10-01,칠성우방타운,742,350
2013-10-01,침산3동주민센터,12075,2360
2013-10-01,침산남영타운건너,3376,3296
2013-10-01,침산남영타운앞,8188,784
2013-10-01,침산네거리1,11717,1742
2013-10-01,침산네거리2,18092,4884
2013-10-01,침산동화타운건너,6782,339
2013-10-01,침산동화타운앞,546,1611
2013-10-01,침산변전소건너,14137,4915
2013-10-01,침산변전소앞,11066,4136
2013-10-01,침산중학교건너,2907,728
2013-10-01,침산중학교앞,5822,826
2013-10-01,침산초등학교건너,5046,2162
2013-10-01,침산초등학교앞,1322,1722
2013-10-01,침산초등학교후문,521,93
2013-10-01,침산코오롱하늘채건너,8828,2678
2013-10-01,침산코오롱하늘채앞,24212,5153
2013-10-01,캐슬골드파크(1102동),20692,2599
2013-10-01,캐슬골드파크(1504동),15699,5462
2013-10-01,케이에스건너,10,96
2013-10-01,케이에스앞,663,31
2013-10-01,코스트코홀세일건너/복현화성타운앞,5079,6969
2013-10-01,코스트코홀세일앞/복현화성타운건너,47368,3316
2013-10-01,코오롱아파트,22048,2366
2013-10-01,퀸벨호텔건너,20391,3413
2013-10-01,퀸벨호텔앞,10401,10985
2013-10-01,퀸스로드건너,2476,3707
2013-10-01,퀸스로드건너(동편),13323,3159
2013-10-01,퀸스로드앞,5027,1957
2013-10-01,퀸스로드앞(동편),17166,5158
2013-10-01,크리스탈호텔앞,1758,1321
2013-10-01,큰고개1,4590,14359
2013-10-01,큰고개2,9225,6717
2013-10-01,큰고개오거리1,22031,1882
2013-10-01,큰고개오거리2,5176,14987
2013-10-01,큰장네거리1,79009,15395
2013-10-01,큰장네거리2,45193,26549
2013-10-01,큰장네거리3,21413,8676
2013-10-01,큰장네거리4,38215,18410
2013-10-01,태성맨션건너,19,390
2013-10-01,태성맨션앞,3143,1993
2013-10-01,태왕그린힐즈건너,195,928
2013-10-01,태왕그린힐즈앞1,91,1496
2013-10-01,태왕그린힐즈앞2,3101,64
2013-10-01,태왕메트로시티건너,6510,2961
2013-10-01,태왕메트로시티앞,4488,2912
2013-10-01,태왕아너스베스트앞,6325,641
2013-10-01,태왕아너스복현건너,3652,1781
2013-10-01,태왕아너스복현앞,9241,1980
2013-10-01,태전두성타운건너,7834,2366
2013-10-01,태전두성타운앞,2481,851
2013-10-01,태전삼거리1,15703,13242
2013-10-01,태전삼거리2,36339,8511
2013-10-01,태전역1,16943,12669
2013-10-01,태전중석타운,1451,185
2013-10-01,태전중석타운건너,2082,807
2013-10-01,태전중앙시장건너,3544,3585
2013-10-01,태전중앙시장앞,10608,4548
2013-10-01,태전휴먼시아,1566,162
2013-10-01,태평상가건너,6322,9475
2013-10-01,태평상가앞1,6350,8939
2013-10-01,태평상가앞2,257,277
2013-10-01,태현초등학교앞,11714,119
2013-10-01,터실마을,7,0
2013-10-01,텍스빌,11733,2417
2013-10-01,토지주택공사건너,3934,4261
2013-10-01,토지주택공사앞,10610,1654
2013-10-01,퇴계마을건너,3,38
2013-10-01,퇴계마을앞,171,1
2013-10-01,파계교,373,953
2013-10-01,파계사(종점),10480,1747
2013-10-01,파군재삼거리1,1112,3375
2013-10-01,파군재삼거리2,708,2736
2013-10-01,파동1차시장건너,1933,3006
2013-10-01,파동1차시장앞,12726,853
2013-10-01,파동우체국앞,822,1595
2013-10-01,파동청구하이츠,8867,688
2013-10-01,파크맨션건너,12209,4993
2013-10-01,파크맨션앞,8752,3490
2013-10-01,파티마병원건너1,23413,14210
2013-10-01,파티마병원건너2,3569,3691
2013-10-01,팔거역3,449,294
2013-10-01,팔거역4,978,226
2013-10-01,팔공3차보성타운건너,891,18
2013-10-01,팔공3차보성타운앞,117,361
2013-10-01,팔공3차보성타운후문,5255,156
2013-10-01,팔공보성아파트건너,1537,1074
2013-10-01,팔공보성아파트앞,9942,883
2013-10-01,팔공산IC입구,328,6498
2013-10-01,팔공산맥건너,5878,1194
2013-10-01,팔공산맥앞,953,349
2013-10-01,팔공학생야영장앞,416,15
2013-10-01,팔공학생야영장입구건너,20,1
2013-10-01,팔공학생야영장입구앞,112,122
2013-10-01,팔공한마음주유소,6,55
2013-10-01,팔공한마음주유소건너,63,1
2013-10-01,팔달시장건너,43380,8075
2013-10-01,팔달시장앞,50378,23223
2013-10-01,팔달시장역,51751,20801
2013-10-01,팔달신시장,29708,9496
2013-10-01,팔달신시장2,6843,1830
2013-10-01,팔달역2,603,1644
2013-10-01,팔달중학교건너,8655,421
2013-10-01,팔달중학교앞,6060,960
2013-10-01,팔달초등학교,350,1052
2013-10-01,팔레스호텔건너,26585,7841
2013-10-01,팔레스호텔앞1,6484,3694
2013-10-01,팔레스호텔앞2,791,1450
2013-10-01,팔현마을,17,1
2013-10-01,평광3차아파트,5336,116
2013-10-01,평광3차아파트건너,4720,616
2013-10-01,평광새마을금고,237,0
2013-10-01,평광종점,527,27
2013-10-01,평리1동주민센터건너,77,164
2013-10-01,평리1동주민센터앞,3252,509
2013-10-01,평리2동주민센터건너,14212,2852
2013-10-01,평리2동주민센터앞,5893,3701
2013-10-01,평리3동주민센터건너,2502,552
2013-10-01,평리6동주민센터앞,1810,881
2013-10-01,평리광명네거리,744,2400
2013-10-01,평리광명맨션건너,3153,1110
2013-10-01,평리광명맨션앞,1013,914
2013-10-01,평리네거리1,17084,20695
2013-10-01,평리네거리2,19667,7392
2013-10-01,평리명성아파트건너,6089,1899
2013-10-01,평리명성아파트앞,3804,1569
2013-10-01,평리중학교건너,1567,1375
2013-10-01,평리중학교앞,2819,269
2013-10-01,평리청구타운건너,41474,15984
2013-10-01,평리청구타운앞,38476,11773
2013-10-01,평안,576,151
2013-10-01,평촌2리,3,5
2013-10-01,평촌리,69,0
2013-10-01,평현치안센터건너,7674,2358
2013-10-01,평화시장(닭똥집골목)건너,27950,7965
2013-10-01,평화시장(닭똥집골목)앞,61166,15563
2013-10-01,평화씨엠비건너,1266,67
2013-10-01,평화씨엠비앞,240,270
2013-10-01,평화정공건너,732,494
2013-10-01,평화정공앞,737,146
2013-10-01,평화타운건너,25718,2346
2013-10-01,푸드웰건너,5040,319
2013-10-01,푸드웰앞,211,604
2013-10-01,푸르밀대구공장,61,1
2013-10-01,푸르밀대구공장건너,1,7
2013-10-01,풋살경기장(50사단),753,176
2013-10-01,풍국주정공업,1206,217
2013-10-01,하나원전문장례식장,1,4
2013-10-01,하리(약산온천)건너,360,88
2013-10-01,하목정(종점),0,14
2013-10-01,하빈농협건너,203,1
2013-10-01,하빈농협동곡지점1,80,87
2013-10-01,하빈농협동곡지점2,903,27
2013-10-01,하빈농협앞,12,40
2013-10-01,하빈농협입구,11,28
2013-10-01,하빈면사무소건너,242,8
2013-10-01,하빈면사무소앞,20,39
2013-10-01,하빈우체국건너,449,11
2013-10-01,하빈우체국앞,12,33
2013-10-01,하빈주유소앞,4,12
2013-10-01,하빈초등학교앞,299,4
2013-10-01,하산1리,591,1
2013-10-01,하산2리,242,0
2013-10-01,하산스무지(종점),181,7
2013-10-01,학남고등학교건너,2152,835
2013-10-01,학남고등학교앞,5149,820
2013-10-01,학남초등학교건너,96,1158
2013-10-01,학남초등학교앞,3312,478
2013-10-01,학산아파트건너,49,26
2013-10-01,학산아파트앞,3,10
2013-10-01,학정청아람1,683,633
2013-10-01,학정청아람2,3385,48
2013-10-01,학정청아람건너,5206,1011
2013-10-01,학정청아람앞,2498,891
2013-10-01,한가람타운건너,26712,11404
2013-10-01,한가람타운앞,22302,5275
2013-10-01,한걸고정마을,197,9
2013-10-01,한국감정원앞,299,264
2013-10-01,한국건강관리협회앞,8721,1079
2013-10-01,한국국토정보공사건너,3829,8469
2013-10-01,한국국토정보공사앞,2572,1536
2013-10-01,한국농어촌공사건너,24401,7871
2013-10-01,한국농어촌공사앞,21593,2477
2013-10-01,한국델파이건너,106,478
2013-10-01,한국델파이앞,1791,315
2013-10-01,한국도로공사건너,139,1393
2013-10-01,한국도로공사앞,7328,54
2013-10-01,한국방송통신대학교건너,3369,912
2013-10-01,한국방송통신대학교앞,1081,1104
2013-10-01,한국산업은행성서지점건너,664,2005
2013-10-01,한국산업은행성서지점앞,5239,80
2013-10-01,한국산업인력공단건너,4633,190
2013-10-01,한국산업인력공단앞,178,720
2013-10-01,한국생산기술연구원건너,22,14
2013-10-01,한국생산기술연구원앞,25,27
2013-10-01,한국클래드텍건너,354,3
2013-10-01,한국클래드텍앞,6,220
2013-10-01,한국타이어,272,1319
2013-10-01,한국타이어건너,231,163
2013-10-01,한국패션센터,2784,172
2013-10-01,한국폴리텍VI대구대학건너,19324,6286
2013-10-01,한국폴리텍VI대구대학앞,10971,10943
2013-10-01,한국폴리텍대학(섬유패션캠퍼스),150,2987
2013-10-01,한국환경자원공사,2,29
2013-10-01,한국환경자원공사건너,76,19
2013-10-01,한도아파트앞,11320,473
2013-10-01,한라하우젠트,855,22
2013-10-01,한마음주유소건너,3041,848
2013-10-01,한마음주유소앞,2265,861
2013-10-01,한샘교회,5182,2522
2013-10-01,한샘교회건너,1296,1463
2013-10-01,한서기전건너,404,86
2013-10-01,한서기전앞,200,50
2013-10-01,한양공작맨션건너,165,455
2013-10-01,한양공작맨션앞,1103,19
2013-10-01,한양산호아파트건너,6654,595
2013-10-01,한양산호아파트앞,1559,99
2013-10-01,한양수정아파트,31,152
2013-10-01,한양코스모스아파트건너,50,304
2013-10-01,한양코스모스아파트앞,1183,309
2013-10-01,한전동대구지사,25950,6302
2013-10-01,한전동대구지사건너,17530,6168
2013-10-01,한전서대구지사건너,21311,12859
2013-10-01,한전서대구지사앞,17346,5710
2013-10-01,한정3리,16,0
2013-10-01,한정리(한정초교),64,0
2013-10-01,한정리(한정초교건너),22,21
2013-10-01,한화꿈에그린건너1,612,1545
2013-10-01,한화꿈에그린앞,14355,3195
2013-10-01,함지초등학교건너,1172,1772
2013-10-01,함지초등학교앞,10339,378
2013-10-01,해랑교(시외방향),62,43
2013-10-01,해랑교1,0,21
2013-10-01,해랑교2,725,11
2013-10-01,해랑교건너,988,41
2013-10-01,해안동행정복지센터,465,791
2013-10-01,해안역(1번출구),9653,2549
2013-10-01,해안역(3번출구),7985,5376
2013-10-01,해안초등학교뒤,2,34
2013-10-01,행정1리건너,53,0
2013-10-01,행정1리앞,5,33
2013-10-01,행정2리건너,0,37
2013-10-01,행정2리앞,72,81
2013-10-01,행정리,614,246
2013-10-01,행정리(한천서원),310,1
2013-10-01,헬로TV대구방송건너,6449,5945
2013-10-01,헬로TV대구방송앞,7109,3887
2013-10-01,현내1리,205,1
2013-10-01,현내2리중방마을건너,145,0
2013-10-01,현내2리중방마을앞,0,12
2013-10-01,현대금속,1651,172
2013-10-01,현대메카닉스건너,202,0
2013-10-01,현대메카닉스앞,1,25
2013-10-01,현대백조아파트(북편),4772,479
2013-10-01,현대백조아파트건너,2690,513
2013-10-01,현대백조아파트앞,2814,1137
2013-10-01,현대백화점.동아쇼핑건너,31220,10988
2013-10-01,현대백화점.동아쇼핑앞,39566,3303
2013-10-01,현대시장건너,13541,1871
2013-10-01,현대시장앞,2511,3908
2013-10-01,현대시장앞2,884,403
2013-10-01,현대해상건너,33305,20832
2013-10-01,현대해상앞,28802,9533
2013-10-01,현충로역(3번출구),34522,12493
2013-10-01,현충로역(4번출구),26696,13323
2013-10-01,현충삼거리1,534,825
2013-10-01,현충삼거리2,3062,229
2013-10-01,현풍고속도로밑,385,96
2013-10-01,현풍농협,3363,518
2013-10-01,현풍면사무소건너,0,3
2013-10-01,현풍면사무소앞,219,4
2013-10-01,현풍삼거리,12,88
2013-10-01,현풍새마을금고,6520,1193
2013-10-01,현풍시외버스터미널,1666,353
2013-10-01,현풍운전시험장,412,11
2013-10-01,현풍주공아파트,35,53
2013-10-01,현풍주공아파트2,6,240
2013-10-01,현풍주공아파트앞,503,123
2013-10-01,현풍중고등학교,29,387
2013-10-01,현풍중고등학교건너,1410,89
2013-10-01,현풍터미널건너,1433,59
2013-10-01,현풍터미널앞,471,891
2013-10-01,현풍할매곰탕,1859,891
2013-10-01,현풍할매곰탕건너,935,389
2013-10-01,호산초등학교건너,12,53
2013-10-01,호산초등학교앞,153,560
2013-10-01,홈플러스내당점건너,11203,1536
2013-10-01,홈플러스내당점앞,5515,6038
2013-10-01,홈플러스대구점건너,996,3718
2013-10-01,홈플러스대구점앞,21939,13697
2013-10-01,홈플러스동촌점건너,6599,4397
2013-10-01,홈플러스동촌점앞,13078,1775
2013-10-01,홈플러스칠곡점건너,11157,847
2013-10-01,홈플러스칠곡점앞,3085,1902
2013-10-01,홍천사건너,2033,99
2013-10-01,홍천사입구,193,704
2013-10-01,화남초등학교건너,35,1247
2013-10-01,화남초등학교앞,5640,559
2013-10-01,화동초등학교건너,885,155
2013-10-01,화동초등학교앞,826,123
2013-10-01,화랑교1,1396,8828
2013-10-01,화랑교2,12892,1108
2013-10-01,화성그랜드건너,377,178
2013-10-01,화성그랜드앞,171,232
2013-10-01,화성리버파크건너,6403,488
2013-10-01,화성리버파크앞,1170,1730
2013-10-01,화성센트럴파크,4673,498
2013-10-01,화성쌍용타운건너,753,55
2013-10-01,화성쌍용타운앞1,1192,523
2013-10-01,화성쌍용타운앞2,126,2273
2013-10-01,화성전문요양원건너,1446,802
2013-10-01,화성전문요양원앞,1944,1086
2013-10-01,화성파크뷰건너,7933,478
2013-10-01,화성파크뷰앞,715,3757
2013-10-01,화영테크건너,25,49
2013-10-01,화영테크앞,590,29
2013-10-01,화원고등학교(종점),2067,455
2013-10-01,화원고등학교(종점)2,288,193
2013-10-01,화원고등학교건너,8764,1799
2013-10-01,화원고등학교앞,2013,1389
2013-10-01,화원농협주유소건너,1475,1286
2013-10-01,화원농협주유소앞,7816,3918
2013-10-01,화원삼주타운건너,7190,536
2013-10-01,화원삼주타운앞,399,409
2013-10-01,화원시장건너,3623,534
2013-10-01,화원시장앞,106,1527
2013-10-01,화원유원지(사문진주막촌),1396,125
2013-10-01,화원유원지건너,538,34
2013-10-01,화원유원지입구,3,1
2013-10-01,화원초등학교건너,23585,7049
2013-10-01,화원초등학교앞,36970,12070
2013-10-01,화전동1,19,178
2013-10-01,화전동2,635,12
2013-10-01,황금2동치안센터건너,1432,1230
2013-10-01,황금2동치안센터앞,4227,431
2013-10-01,황금네거리1,28608,3052
2013-10-01,황금네거리2,8984,6488
2013-10-01,황금시장건너,215,203
2013-10-01,황금시장앞,1950,101
2013-10-01,황금우방1차건너,18384,3587
2013-10-01,황금우방1차앞,5146,3583
2013-10-01,황금초등학교건너,2044,2039
2013-10-01,황금초등학교앞,5384,493
2013-10-01,황제맨션건너,5866,6551
2013-10-01,황제맨션앞,5269,2727
2013-10-01,효동초등학교건너,4523,2163
2013-10-01,효동초등학교앞,9631,1610
2013-10-01,효목네거리1,10969,1525
2013-10-01,효목네거리2,2564,3636
2013-10-01,효목네거리3,10314,5938
2013-10-01,효성타운앞,16960,1907
2013-10-01,흥사단 대구지부건너,1807,572
2013-10-01,흥사단 대구지부앞,1501,2674
2013-10-01,흥성정공건너,323,8
2013-10-01,흥성정공앞,117,90
2013-10-01,희망교1,1231,279
2013-10-01,희성전자건너,16,76
2013-10-01,희성전자앞,420,90
2013-10-01,힐크레스트남문건너,655,303
2013-10-01,힐크레스트남문앞,156,2387
2013-10-01,힐크레스트입구,443,1113
2013-11-01,(주)성안건너,28,188
2013-11-01,(주)영화건너,3,119
2013-11-01,(주)영화앞,393,0
2013-11-01,1차서한화성타운앞,560,72
2013-11-01,2.28기념중앙공원건너1,58531,14925
2013-11-01,2.28기념중앙공원건너2,18490,11155
2013-11-01,2.28기념중앙공원앞,132657,17761
2013-11-01,2차대자연맨션건너,1944,872
2013-11-01,2차대자연맨션앞,8751,1283
2013-11-01,2차서한화성타운건너,32985,2209
2013-11-01,2차서한화성타운앞,16782,3215
2013-11-01,2호선반월당역1,23911,5428
2013-11-01,2호선반월당역2,14390,5491
2013-11-01,3공단새마을금고앞,4265,1525
2013-11-01,CGV대구한일건너,99523,17902
2013-11-01,CGV대구한일앞,25490,4892
2013-11-01,IHL건너,39,1
2013-11-01,IHL앞,42,11
2013-11-01,K-2입구,1992,764
2013-11-01,K2관사입구(종점),1844,47
2013-11-01,KT남대구지사건너1,9654,3524
2013-11-01,KT남대구지사건너2,1574,763
2013-11-01,KT남대구지사앞1,20873,7670
2013-11-01,KT남대구지사앞2,1210,1798
2013-11-01,KT동대구지사건너,22517,13723
2013-11-01,KT동대구지사앞,15820,2229
2013-11-01,KT북대구지사건너,3742,496
2013-11-01,KT북대구지사앞,5929,669
2013-11-01,KT상동지사건너,3110,256
2013-11-01,KT상동지사앞,873,504
2013-11-01,KT서대구지사건너,20821,3029
2013-11-01,KT서대구지사앞,16186,7382
2013-11-01,LG물류센터건너,3396,1958
2013-11-01,LG물류센터앞,7693,4275
2013-11-01,MBC네거리,9201,2508
2013-11-01,SK리더스뷰건너,12929,2556
2013-11-01,SK리더스뷰앞,5479,1984
2013-11-01,STX메탈건너,1041,3911
2013-11-01,STX메탈앞,71,676
2013-11-01,TBC건너,12648,614
2013-11-01,TBC앞,2439,2113
2013-11-01,TCN대구방송건너,1941,265
2013-11-01,TCN대구방송앞,2858,430
2013-11-01,㈜윔스건너,176,191
2013-11-01,㈜윔스앞,207,35
2013-11-01,가야농원,270,2
2013-11-01,가창농협건너,2045,2720
2013-11-01,가창농협앞,10318,442
2013-11-01,가창댐,4,1
2013-11-01,가창댐1,19,189
2013-11-01,가창면사무소건너,4323,1760
2013-11-01,가창면사무소앞,10503,1038
2013-11-01,가창중학교건너,1806,357
2013-11-01,가창중학교앞,537,265
2013-11-01,가창초등학교건너,5086,696
2013-11-01,가창초등학교앞,813,64
2013-11-01,가천동앞,93,4
2013-11-01,가천리,89,27
2013-11-01,가태리마을회관건너,219,0
2013-11-01,가태리마을회관앞,8,11
2013-11-01,각산역(1번출구),7817,1659
2013-11-01,각산역(2번출구),1524,1116
2013-11-01,갈실마을회관종점,347,35
2013-11-01,감문1리1,8,2
2013-11-01,감문1리2,356,2
2013-11-01,감문1리3,0,20
2013-11-01,감문1리4,30,1
2013-11-01,감삼네거리1,15890,5768
2013-11-01,감삼네거리2,52865,24484
2013-11-01,감삼초등학교건너,10220,1714
2013-11-01,감삼초등학교앞,7813,1140
2013-11-01,갓골건너,433,0
2013-11-01,갓골앞,0,28
2013-11-01,갓바위,21624,126
2013-11-01,강남약국건너,52666,13257
2013-11-01,강남약국앞1,27013,8235
2013-11-01,강남약국앞2,9279,1402
2013-11-01,강동중·고등학교,9,242
2013-11-01,강동중·고등학교건너,7552,9
2013-11-01,강변동서마을건너,5711,337
2013-11-01,강변동서마을앞,3235,1446
2013-11-01,강북경찰서건너,1066,947
2013-11-01,강북경찰서앞,1732,408
2013-11-01,강북중학교건너,154,1370
2013-11-01,강북중학교앞,9040,34
2013-11-01,강산아파트건너,4413,8308
2013-11-01,강산아파트앞,5329,1530
2013-11-01,강정(종점),17,0
2013-11-01,강정보(디아크문화관)건너,16,9
2013-11-01,강정보(디아크문화관)입구,180,3
2013-11-01,강창교1,3278,230
2013-11-01,강창교2,119,752
2013-11-01,강창역(1번출구),5464,735
2013-11-01,강창역(2번출구),23632,1031
2013-11-01,강창하이츠,7981,578
2013-11-01,거동교1,691,461
2013-11-01,거동교2,636,583
2013-11-01,건들바위건너,1085,784
2013-11-01,건들바위앞,579,1727
2013-11-01,건영아파트건너,13171,7424
2013-11-01,건영캐스빌건너,11367,1372
2013-11-01,건영캐스빌앞,727,881
2013-11-01,검단119안전센터(엑스코),50,60
2013-11-01,검단동대구축협앞,5082,64
2013-11-01,검단동주민센터건너,11033,108
2013-11-01,검단동주민센터앞,68,815
2013-11-01,검단상가아파트건너,533,11
2013-11-01,검단상가아파트앞,52,192
2013-11-01,검단유성아파트(서편),9537,1840
2013-11-01,검단유성아파트건너,5603,1178
2013-11-01,검단유성아파트앞,15989,3860
2013-11-01,경기장네거리1,3864,1466
2013-11-01,경기장네거리2,4031,503
2013-11-01,경대교2,3686,804
2013-11-01,경대교건너,719,158
2013-11-01,경대교앞,168,954
2013-11-01,경대사대부설고등학교앞,22487,9803
2013-11-01,경대아파트건너,30958,2355
2013-11-01,경대아파트앞,10321,2270
2013-11-01,경덕여고,798,324
2013-11-01,경동산업앞,42,0
2013-11-01,경명여고건너,3231,615
2013-11-01,경명여고앞,2273,1525
2013-11-01,경북고교종점,1986,1458
2013-11-01,경북고등학교건너,12482,3478
2013-11-01,경북고등학교앞,20118,1556
2013-11-01,경북고등학교종점건너,173,40
2013-11-01,경북공고건너,5066,4408
2013-11-01,경북공고앞,8377,4261
2013-11-01,경북공무원교육원1,767,358
2013-11-01,경북공무원교육원2,26,40
2013-11-01,경북교통,5449,2069
2013-11-01,경북교통앞,3280,2522
2013-11-01,경북기계공고건너,10391,3490
2013-11-01,경북기계공고앞,10379,4867
2013-11-01,경북농업기술원건너,32,323
2013-11-01,경북농업기술원앞,163,15
2013-11-01,경북대체육센터건너,9282,761
2013-11-01,경북대체육센터앞,4706,4793
2013-11-01,경북대학교병원건너,21012,10393
2013-11-01,경북대학교병원앞,38699,8961
2013-11-01,경북대학교북문건너,81593,2176
2013-11-01,경북대학교북문앞,37310,7026
2013-11-01,경북대학교서문건너,10644,1244
2013-11-01,경북대학교서문앞,3873,1012
2013-11-01,경북대학교정문건너,12324,3068
2013-11-01,경북대학교정문앞,27553,5656
2013-11-01,경북대학교치과병원,21857,10162
2013-11-01,경북아파트건너(고산동),18404,3513
2013-11-01,경북아파트건너(신천동),7069,12994
2013-11-01,경북아파트앞(고산동),12799,4279
2013-11-01,경북아파트앞(신천동),4692,3501
2013-11-01,경북여상건너,12418,8449
2013-11-01,경북여상앞,12315,2904
2013-11-01,경북크랑크,1928,18
2013-11-01,경상감영공원건너,103940,19864
2013-11-01,경상감영공원앞,74054,63204
2013-11-01,경상북도농업인회관,434,23
2013-11-01,경상여자고등학교건너,3470,469
2013-11-01,경상여자고등학교앞,9015,5030
2013-11-01,경서중학교건너,403,612
2013-11-01,경서중학교앞,1909,108
2013-11-01,경신고등학교건너,45491,6571
2013-11-01,경신고등학교앞,34996,11333
2013-11-01,경운초등학교건너,1939,1066
2013-11-01,경운초등학교앞,4848,6152
2013-11-01,경원고등학교건너,814,73
2013-11-01,경원고등학교앞,1707,295
2013-11-01,경일여자중학교건너,16344,1720
2013-11-01,경일여자중학교앞,4581,1265
2013-11-01,경주최씨종가(종점),547,28
2013-11-01,경주최씨종가1,15,4
2013-11-01,경주최씨종가2,4,0
2013-11-01,경진테크빌앞,633,1251
2013-11-01,경창산업,1364,128
2013-11-01,경희강재건너,767,729
2013-11-01,경희강재앞,3327,157
2013-11-01,계명대대명캠퍼스후문건너,1977,659
2013-11-01,계명대역(1번출구),2493,1655
2013-11-01,계명대역(2번출구),6845,4425
2013-11-01,계명대학교대명캠퍼스건너,17866,5302
2013-11-01,계명대학교대명캠퍼스앞,20796,6239
2013-11-01,계명대학교대명캠퍼스후문앞,1876,673
2013-11-01,계명대학교동문건너1,6791,1004
2013-11-01,계명대학교동문건너2,31718,8576
2013-11-01,계명대학교동문앞,23947,6245
2013-11-01,계명대학교정문건너,35747,1324
2013-11-01,계명대학교정문앞,5386,2773
2013-11-01,계명문화대학건너,9090,921
2013-11-01,계명문화대학앞,17851,11781
2013-11-01,고모동입구,2582,1966
2013-11-01,고모역건너,286,93
2013-11-01,고모역앞,108,7
2013-11-01,고봉리,15,2
2013-11-01,고산2동주민센터건너,11350,3195
2013-11-01,고산2동주민센터앞,20447,860
2013-11-01,고산골입구,6309,1004
2013-11-01,고산농협창고건너,827,161
2013-11-01,고산농협창고앞,262,3200
2013-11-01,고산도서관,19117,10182
2013-11-01,고산정수사업소건너,2261,820
2013-11-01,고성아파트(서편),10479,2913
2013-11-01,고성아파트건너,2357,167
2013-11-01,고성아파트건너(서편),5349,4586
2013-11-01,고성아파트앞,1490,450
2013-11-01,고성지구대1,1696,667
2013-11-01,고성지구대2,3132,7940
2013-11-01,골안골,25,84
2013-11-01,골안골지하보도앞,3,177
2013-11-01,공고네거리1,28451,10754
2013-11-01,공고네거리2,12122,3404
2013-11-01,공군기지관사입구,5,46
2013-11-01,공단역1,8469,11483
2013-11-01,공단역2,17449,6763
2013-11-01,공단하수처리장건너,43,362
2013-11-01,공단하수처리장앞,199,42
2013-11-01,공산댐건너,1251,88
2013-11-01,공산댐앞,79,111
2013-11-01,공산동행정복지센터건너,938,441
2013-11-01,공산동행정복지센터앞,4425,296
2013-11-01,공산초등학교건너,449,125
2013-11-01,공산초등학교앞,2429,117
2013-11-01,공산파출소,496,598
2013-11-01,공항시장건너,11522,850
2013-11-01,공항시장앞,5071,1922
2013-11-01,곽병원건너,34039,23652
2013-11-01,곽병원앞1,22987,7594
2013-11-01,곽병원앞2,9167,3644
2013-11-01,관리공단,485,164
2013-11-01,관음공영주차장앞,1398,21
2013-11-01,관음농협앞,250,84
2013-11-01,관음동주민센터건너,394,62
2013-11-01,관음동주민센터앞,1759,37
2013-11-01,관음변전소1,4789,89
2013-11-01,관음변전소2,29,358
2013-11-01,관음변전소3,268,38
2013-11-01,관음변전소4,1036,86
2013-11-01,관음어린이집,284,105
2013-11-01,관음중학교(북편),1072,23
2013-11-01,광명은하아파트건너,5677,5041
2013-11-01,광명은하아파트앞,16020,1164
2013-11-01,광명프레지던트아파트건너,10261,5486
2013-11-01,광장타운건너,15451,4872
2013-11-01,광장타운앞,15119,3686
2013-11-01,교대부설초등학교건너,5022,303
2013-11-01,교대부설초등학교앞,340,1329
2013-11-01,교동시장앞,3428,1387
2013-11-01,교동초등학교건너,429,95
2013-11-01,교동초등학교앞,13,229
2013-11-01,교통연수원,17025,872
2013-11-01,교통연수원건너,10482,3235
2013-11-01,교항2리마을입구,3,136
2013-11-01,교항2리회관,4633,31
2013-11-01,교항리건너,1980,58
2013-11-01,교항리마을입구건너,137,3
2013-11-01,교항리앞,421,282
2013-11-01,구)달성군청건너,11118,4081
2013-11-01,구)달성군청앞,23235,18061
2013-11-01,구)대영학원건너,16088,3215
2013-11-01,구)대영학원앞,15895,10799
2013-11-01,구)화원IC,0,1
2013-11-01,구)효목2동행정복지센터건너,15887,1237
2013-11-01,구)효목2동행정복지센터앞,6276,1889
2013-11-01,구.남부정류장건너1,15346,11373
2013-11-01,구.남부정류장건너2,9397,4271
2013-11-01,구.남부정류장앞1,25582,5186
2013-11-01,구.남부정류장앞2,3942,1861
2013-11-01,구.동부정류장(남편),6020,1758
2013-11-01,구.동부정류장(메트로팔레스),12222,4813
2013-11-01,구.동부정류장건너,16358,1737
2013-11-01,구.동부정류장앞,8560,4010
2013-11-01,구둔산,672,4
2013-11-01,구룡촌건너,0,2
2013-11-01,구룡촌앞,65,0
2013-11-01,구병원건너,581,5231
2013-11-01,구병원앞,31187,6363
2013-11-01,구삼폭포건너,0,18
2013-11-01,구삼폭포앞,40,0
2013-11-01,구암가구골목1,3155,307
2013-11-01,구암가구골목2,1382,395
2013-11-01,구암교1,6606,2853
2013-11-01,구암교2,1313,926
2013-11-01,구암동1,880,68
2013-11-01,구암동2,166,412
2013-11-01,구암역(운전면허시험장)1,7066,371
2013-11-01,구암역(운전면허시험장)2,2803,551
2013-11-01,구암초등학교건너,2387,307
2013-11-01,구암초등학교앞,5881,151
2013-11-01,구지농공단지1,0,3
2013-11-01,구지농공단지2,268,0
2013-11-01,구지면사무소건너,606,479
2013-11-01,구지면사무소앞,2254,293
2013-11-01,구지청아람건너,5762,125
2013-11-01,구지청아람앞,703,466
2013-11-01,국립대구과학관정문건너,107,44
2013-11-01,국립대구과학관정문앞,197,4
2013-11-01,국립대구박물관건너,15521,1337
2013-11-01,국립대구박물관앞,9929,3536
2013-11-01,국민건강보험공단건너,25420,2093
2013-11-01,국민건강보험공단앞,10241,10222
2013-11-01,국민은행3공단지점건너,5902,1219
2013-11-01,국민은행3공단지점앞,3304,1053
2013-11-01,국우동현대아파트건너,550,57
2013-11-01,국우동현대아파트앞,4303,561
2013-11-01,국채보상운동기념공원,7142,6102
2013-11-01,굿모닝병원건너,10110,5197
2013-11-01,굿모닝병원앞,15328,3346
2013-11-01,궁전아파트건너,26,287
2013-11-01,궁전아파트앞,2251,94
2013-11-01,귀남지휴게소1,6,1
2013-11-01,귀남지휴게소2,0,2
2013-11-01,그랜드호텔건너,31368,21725
2013-11-01,그랜드호텔앞,55498,8009
2013-11-01,그린빌4단지,77,541
2013-11-01,그린빌4단지건너,1039,15
2013-11-01,그린빌4단지앞,300,109
2013-11-01,근로복지공단대구병원건너,1770,192
2013-11-01,근로복지공단대구병원앞,3725,384
2013-11-01,근린공원축구장건너,104,153
2013-11-01,근린공원축구장앞,1338,26
2013-11-01,금강동,202,4
2013-11-01,금계초등학교(교항리),773,281
2013-11-01,금복주건너,2664,399
2013-11-01,금복주앞,1816,375
2013-11-01,금봉네거리1,10722,1166
2013-11-01,금봉네거리2,5367,762
2013-11-01,금사리하이빌APT건너,1596,136
2013-11-01,금사리하이빌APT앞,390,190
2013-11-01,금융감독원건너,819,2823
2013-11-01,금포초등학교,2222,221
2013-11-01,금포초등학교건너,363,445
2013-11-01,금호기전,12,55
2013-11-01,금호지구(시내방향),79,0
2013-11-01,금호지구(종점방향),30,0
2013-11-01,기곡(종점),86,3
2013-11-01,기곡리1,7,2
2013-11-01,기곡리2,74,0
2013-11-01,기독교방송국건너,5605,2066
2013-11-01,기독교방송국앞,4105,1478
2013-11-01,기업은행대곡지점건너,92,1591
2013-11-01,기업은행대곡지점앞,21253,613
2013-11-01,기업은행죽전동지점건너,5572,796
2013-11-01,기업은행죽전동지점앞,3252,603
2013-11-01,김흥1리건너,127,3
2013-11-01,김흥1리앞,28,17
2013-11-01,김흥2리건너,0,1
2013-11-01,김흥2리앞,11,0
2013-11-01,김흥리마을입구,140,0
2013-11-01,남구청건너2,6835,7147
2013-11-01,남구청네거리1,6578,1982
2013-11-01,남구청네거리2,278,215
2013-11-01,남대구IC1,17370,1098
2013-11-01,남대구IC2,824,423
2013-11-01,남명삼거리1,1955,191
2013-11-01,남명삼거리2,2246,804
2013-11-01,남문시장건너1,1031,77
2013-11-01,남문시장건너2,11682,18442
2013-11-01,남문시장앞,23962,10667
2013-11-01,남문아파트앞,472,382
2013-11-01,남부경찰서건너,10283,2450
2013-11-01,남부경찰서앞,12358,7806
2013-11-01,남부교육지원청건너,8295,1113
2013-11-01,남부교육지원청앞,5060,1873
2013-11-01,남부도서관앞,170,681
2013-11-01,남부자동차종합시장건너,3520,702
2013-11-01,남부자동차종합시장앞,902,397
2013-11-01,남부초등학교건너,1377,50
2013-11-01,남부초등학교앞,474,358
2013-11-01,남부초등학교앞2,6600,960
2013-11-01,남산2동주민센터건너,212,310
2013-11-01,남산2동주민센터앞,687,62
2013-11-01,남산고등학교건너,950,88
2013-11-01,남산고등학교앞,387,180
2013-11-01,남산역(프린스호텔건너),8017,3535
2013-11-01,남산역건너(프린스호텔앞),20969,5788
2013-11-01,남산주유소건너,1380,1190
2013-11-01,남산주유소앞,1633,229
2013-11-01,남산초등학교건너,16364,1993
2013-11-01,남산초등학교앞,12551,8058
2013-11-01,남산휴먼시아앞,1587,602
2013-11-01,내2리새마을회관건너,64,0
2013-11-01,내2리새마을회관앞,2,7
2013-11-01,내당1동우체국건너,2383,326
2013-11-01,내당1동우체국앞,2584,411
2013-11-01,내당광명아파트,3418,2753
2013-11-01,내당삼익맨션건너,29859,7642
2013-11-01,내당삼익맨션앞,14080,19188
2013-11-01,내당코오롱아파트건너,7005,12344
2013-11-01,내당코오롱아파트앞,5448,1051
2013-11-01,내동,788,38
2013-11-01,내동건너,37,180
2013-11-01,내리1,1,61
2013-11-01,내리2,0,3
2013-11-01,내일교회건너,200,29
2013-11-01,내일교회앞,762,56
2013-11-01,냉천2리,65,19
2013-11-01,냉천리1,2358,149
2013-11-01,냉천리2,69,313
2013-11-01,노곡동,5106,47
2013-11-01,노변중학교,836,72
2013-11-01,노변중학교건너,1191,74
2013-11-01,노변청구타운건너,181,94
2013-11-01,노변청구타운앞,279,65
2013-11-01,노원119안전센터건너,6427,2916
2013-11-01,노원119안전센터앞,2199,727
2013-11-01,노원네거리(공단세차장건너),470,673
2013-11-01,노원네거리(공단세차장앞),6498,194
2013-11-01,노원네거리(대구은행건너),1167,154
2013-11-01,노원네거리(대구은행앞),5187,643
2013-11-01,노원네거리1,4739,986
2013-11-01,노원네거리2,9153,573
2013-11-01,노원동화타운건너,520,512
2013-11-01,노원동화타운앞,4197,456
2013-11-01,녹동서원앞,12,9
2013-11-01,녹원맨션1,3633,1486
2013-11-01,녹원맨션2,11380,651
2013-11-01,논공삼거리1,1536,6
2013-11-01,논공삼거리2,262,344
2013-11-01,논공읍사무소,864,290
2013-11-01,논공읍사무소건너1,3460,149
2013-11-01,논공읍사무소건너2,260,103
2013-11-01,농산물도매시장건너,46,7
2013-11-01,농산물도매시장앞,1825,149
2013-11-01,농수산물도매시장건너,3578,1400
2013-11-01,농수산물도매시장앞,9014,2807
2013-11-01,농촌진흥원입구,97,188
2013-11-01,농협동촌지점,504,182
2013-11-01,농협방촌지점,2289,110
2013-11-01,농협비료창고건너(연경),3,28
2013-11-01,농협비료창고앞(연경),3,7
2013-11-01,농협중앙회건너,22368,8562
2013-11-01,농협중앙회앞,56833,37094
2013-11-01,농협중앙회중동지점건너,1802,73
2013-11-01,농협중앙회중동지점앞,888,591
2013-11-01,농협하나로마트건너,27,446
2013-11-01,능골1,122,1219
2013-11-01,능골건너,2332,23
2013-11-01,능성동(종점),371,30
2013-11-01,능성동예비군훈련장,896,46
2013-11-01,능성동입구건너,427,3
2013-11-01,능성동입구앞,7,83
2013-11-01,다리골,38,2
2013-11-01,다사고등학교건너,8122,4037
2013-11-01,다사고등학교앞,488,1968
2013-11-01,다사농협주유소건너,60,757
2013-11-01,다사농협주유소앞,7837,243
2013-11-01,다사역(4번출구),9,0
2013-11-01,다사읍사무소건너,7295,325
2013-11-01,다사읍사무소서재출장소건너,405,1
2013-11-01,다사읍사무소서재출장소앞,56,188
2013-11-01,다사읍사무소앞,10,112
2013-11-01,다사주공아파트건너,107,0
2013-11-01,다사주공아파트앞,3,141
2013-11-01,다사체육공원건너,14,0
2013-11-01,다사체육공원앞,36,10
2013-11-01,다사초등학교건너,23,8
2013-11-01,다사초등학교앞,0,38
2013-11-01,단산리(종점),222,1
2013-11-01,단산리입구,33,0
2013-11-01,달구벌종합복지관건너,943,203
2013-11-01,달구벌종합복지관앞,408,102
2013-11-01,달서공고건너,232,133
2013-11-01,달서공고앞,20,48
2013-11-01,달서교회건너,21029,3999
2013-11-01,달서교회앞,17470,10704
2013-11-01,달서구새마을회건너,2985,152
2013-11-01,달서구새마을회앞,1088,272
2013-11-01,달서구청건너,16806,2980
2013-11-01,달서구청앞,6346,2808
2013-11-01,달서종합시장건너,1411,295
2013-11-01,달서종합시장앞,933,151
2013-11-01,달서중고등학교,45,28
2013-11-01,달서중고등학교건너,317,0
2013-11-01,달서천하수종말처리장건너,60,0
2013-11-01,달서천하수종말처리장앞,2,5
2013-11-01,달서초교,1823,38
2013-11-01,달성2차공단관리청사,142,5
2013-11-01,달성2차산업단지출장소건너,1,0
2013-11-01,달성2차산업단지출장소앞,2,5
2013-11-01,달성경찰서,1756,499
2013-11-01,달성경찰서건너,2558,109
2013-11-01,달성공원건너,15564,2746
2013-11-01,달성공원앞,22777,19080
2013-11-01,달성군민운동장건너,1144,46
2013-11-01,달성군민운동장앞,829,169
2013-11-01,달성군선거관리위원회건너,117,127
2013-11-01,달성군선거관리위원회앞,12,1207
2013-11-01,달성군청건너,501,178
2013-11-01,달성군청앞,2098,230
2013-11-01,달성기와건너,126,176
2013-11-01,달성기와앞,767,24
2013-11-01,달성도서관건너,1,0
2013-11-01,달성산업단지건너,179,60
2013-11-01,달성산업단지관리공단1,3,21
2013-11-01,달성산업단지관리공단2,10,0
2013-11-01,달성소방서건너,126,120
2013-11-01,달성소방서앞,319,181
2013-11-01,달성스포츠파크건너,1,5
2013-11-01,달성스포츠파크앞,1,0
2013-11-01,달성예비군훈련장건너,3316,690
2013-11-01,달성예비군훈련장앞,1511,489
2013-11-01,달성우체국건너,582,475
2013-11-01,달성우체국앞,5400,142
2013-11-01,달성중학교건너,5393,852
2013-11-01,달성중학교앞,18968,4412
2013-11-01,달성초등학교건너,4609,1654
2013-11-01,달성초등학교앞,1888,399
2013-11-01,달성취수장건너,5,142
2013-11-01,달성취수장앞,48,30
2013-11-01,달창저수지,221,0
2013-11-01,달천리(시내방향),146,2
2013-11-01,달천리(시외방향),56,2
2013-11-01,담안마을1,3,28
2013-11-01,담안마을2,328,3
2013-11-01,담티고개1,357,461
2013-11-01,담티고개2,914,733
2013-11-01,당동마을건너,222,3
2013-11-01,당동마을앞,3,22
2013-11-01,당정마을입구,30,10
2013-11-01,당정마을입구건너,147,0
2013-11-01,대1리용흥지건너,189,2
2013-11-01,대1리용흥지앞,20,27
2013-11-01,대곡강산타운,23852,974
2013-11-01,대곡강산타운건너,3476,991
2013-11-01,대곡사계절타운건너,16843,697
2013-11-01,대곡사계절타운앞,5582,1989
2013-11-01,대곡역(1번출구),47698,1973
2013-11-01,대곡역(2번출구),31428,40497
2013-11-01,대곡역(한라하우젠트건너),20209,1601
2013-11-01,대곡역(한라하우젠트앞),5605,12748
2013-11-01,대곡역그린빌,6998,7600
2013-11-01,대곡주공1단지앞,5339,2049
2013-11-01,대곡주공2단지앞,20097,708
2013-11-01,대곡주공6단지앞,3490,563
2013-11-01,대곡주공7단지앞,14854,1071
2013-11-01,대곡주공8단지건너,6443,2175
2013-11-01,대곡주공8단지앞,25944,2211
2013-11-01,대곡중학교건너,4085,603
2013-11-01,대곡중학교앞,2534,690
2013-11-01,대공원역(1번출구),2370,6022
2013-11-01,대공원역(5번출구),5223,721
2013-11-01,대구가톨릭대학병원건너,21066,3121
2013-11-01,대구가톨릭대학병원앞,19704,2194
2013-11-01,대구경북과학기술원,132,18
2013-11-01,대구경북과학기술원기숙사,136,24
2013-11-01,대구고등학교건너,46222,11484
2013-11-01,대구고등학교앞,13598,5501
2013-11-01,대구고용노동청건너,16173,2234
2013-11-01,대구고용노동청앞,4980,1238
2013-11-01,대구공업대학1,13005,2389
2013-11-01,대구공업대학2,3740,2705
2013-11-01,대구공업대학건너,6788,2793
2013-11-01,대구공업대학앞,5878,2572
2013-11-01,대구과학고등학교건너,11404,5503
2013-11-01,대구과학고등학교앞,18156,1840
2013-11-01,대구과학대학1,22453,11301
2013-11-01,대구과학대학2,69990,5102
2013-11-01,대구과학대학건너,2898,204
2013-11-01,대구과학대학앞,935,260
2013-11-01,대구광역시교육연수원건너,16705,938
2013-11-01,대구광역시교육연수원앞,5304,3010
2013-11-01,대구광역시청건너,2009,935
2013-11-01,대구광역시청앞,351,511
2013-11-01,대구교도소건너,8204,5618
2013-11-01,대구교도소앞,24886,3109
2013-11-01,대구교육대건너,539,2932
2013-11-01,대구교육대앞,21146,3390
2013-11-01,대구교통방송건너,5522,6524
2013-11-01,대구교통방송앞,18375,1633
2013-11-01,대구국제공항건너,23915,12010
2013-11-01,대구국제공항앞,26944,6838
2013-11-01,대구글로벌교육센터건너,4852,12365
2013-11-01,대구글로벌교육센터앞,4088,762
2013-11-01,대구농업마이스터고건너,25105,2151
2013-11-01,대구농업마이스터고앞,8780,10690
2013-11-01,대구농업마이스터고후문건너,2918,702
2013-11-01,대구농업마이스터고후문앞,2687,181
2013-11-01,대구도시공사앞,14764,2900
2013-11-01,대구동부고용복지플러스센터,10477,5260
2013-11-01,대구동촌유치원,910,236
2013-11-01,대구디지털산업진흥원건너,23505,5662
2013-11-01,대구디지털산업진흥원앞,15949,3539
2013-11-01,대구맨션건너,2185,457
2013-11-01,대구맨션앞,3946,764
2013-11-01,대구문화방송건너,13296,5097
2013-11-01,대구문화방송앞,14369,3147
2013-11-01,대구미술관건너,1226,126
2013-11-01,대구미술관앞,1970,99
2013-11-01,대구병원건너,26643,2173
2013-11-01,대구병원앞,11731,6508
2013-11-01,대구보건고등학교건너,16826,7173
2013-11-01,대구보건고등학교앞,12748,2220
2013-11-01,대구보건대학3,14424,8901
2013-11-01,대구보건대학4,33474,4237
2013-11-01,대구보건대학5,75,16
2013-11-01,대구보건대학건너1,2422,94
2013-11-01,대구보건대학건너2,19127,511
2013-11-01,대구보건대학앞1,1464,465
2013-11-01,대구보건대학앞2,1410,703
2013-11-01,대구보훈요양원건너,0,2
2013-11-01,대구보훈요양원앞,89,3
2013-11-01,대구비지니스센터건너,4116,406
2013-11-01,대구비지니스센터앞,4292,364
2013-11-01,대구사격장,99,3
2013-11-01,대구삼성창조캠퍼스1,1361,236
2013-11-01,대구삼성창조캠퍼스2,363,697
2013-11-01,대구선방촌공원,914,34
2013-11-01,대구소방본부건너,442,220
2013-11-01,대구소방본부앞,1606,3284
2013-11-01,대구스타디움건너,3414,643
2013-11-01,대구스타디움앞,4273,711
2013-11-01,대구시교육청건너,1259,364
2013-11-01,대구시교육청앞,1442,5116
2013-11-01,대구시설공단건너,17928,3507
2013-11-01,대구시설공단앞,10094,18236
2013-11-01,대구시설관리사업소,24,113
2013-11-01,대구시지노인전문병원건너,352,76
2013-11-01,대구시지노인전문병원앞,622,1414
2013-11-01,대구신문사,99,674
2013-11-01,대구애견훈련학교건너,277,1
2013-11-01,대구애견훈련학교앞,1,14
2013-11-01,대구역,781,301
2013-11-01,대구역건너,36773,8642
2013-11-01,대구역꽃시장,487,864
2013-11-01,대구역북편네거리1,40942,5552
2013-11-01,대구역북편네거리2,13174,14934
2013-11-01,대구역센트럴자이,1228,143
2013-11-01,대구역앞,36773,10955
2013-11-01,대구예담학교,163,25
2013-11-01,대구우편집중국(동편),3,17
2013-11-01,대구우편집중국앞,2598,2596
2013-11-01,대구은행3공단지점앞,6339,695
2013-11-01,대구은행북비산지점건너1,12209,2668
2013-11-01,대구은행북비산지점건너2,1635,880
2013-11-01,대구은행북비산지점앞,38655,6381
2013-11-01,대구은행산격지점앞,852,308
2013-11-01,대구은행역(1번출구),34564,7762
2013-11-01,대구은행역(2번출구),36494,7553
2013-11-01,대구은행제2본점앞,14642,3190
2013-11-01,대구은행칠곡지점건너,8303,2595
2013-11-01,대구은행칠곡지점앞,26664,6794
2013-11-01,대구은행평리동지점건너,3384,1938
2013-11-01,대구은행평리동지점앞,6044,2646
2013-11-01,대구의료원건너,6922,1213
2013-11-01,대구의료원라파엘웰빙센터,1870,120
2013-11-01,대구의료원라파엘웰빙센터건너,337,1158
2013-11-01,대구의료원앞,4648,1093
2013-11-01,대구일마이스터고교건너,4185,1100
2013-11-01,대구일마이스터고교앞,9097,843
2013-11-01,대구전자공고남편,106,330
2013-11-01,대구전자공업고등학교1,10290,506
2013-11-01,대구전자공업고등학교2,1118,3465
2013-11-01,대구제일고등학교건너,33364,7514
2013-11-01,대구제일고등학교앞,34823,22436
2013-11-01,대구중앙중고등학교건너,28979,3737
2013-11-01,대구중앙중고등학교앞,27994,5270
2013-11-01,대구중앙중학교건너,3011,46
2013-11-01,대구중앙중학교앞,214,1178
2013-11-01,대구중학교건너,1719,710
2013-11-01,대구중학교앞,6297,1979
2013-11-01,대구지료재생사,66,59
2013-11-01,대구지방경찰청,5993,881
2013-11-01,대구지방법원등기국건너,4941,10510
2013-11-01,대구지방법원등기국앞,2112,1350
2013-11-01,대구지방법원서부지원,517,96
2013-11-01,대구차여성병원건너,4116,8931
2013-11-01,대구차여성병원앞,15940,1442
2013-11-01,대구콘서트하우스건너,18105,22844
2013-11-01,대구콘서트하우스앞,23634,3839
2013-11-01,대구텍건너,376,306
2013-11-01,대구텍앞,5604,1440
2013-11-01,대구학생문화센터,259,66
2013-11-01,대구학생수련관입구건너,585,5
2013-11-01,대구학생수련관입구앞,35,205
2013-11-01,대구한의대학교부속한방병원건너,314,108
2013-11-01,대구한의대학교부속한방병원앞,5743,192
2013-11-01,대구향교건너,2318,4549
2013-11-01,대구향교앞,1819,662
2013-11-01,대덕마을건너,513,1702
2013-11-01,대덕마을앞,303,102
2013-11-01,대덕맨션앞,9580,353
2013-11-01,대덕문화전당건너,1793,247
2013-11-01,대덕문화전당앞,67,129
2013-11-01,대덕승마장건너,419,39
2013-11-01,대덕승마장앞,137,60
2013-11-01,대덕식당건너,208,302
2013-11-01,대덕식당앞,4188,221
2013-11-01,대덕천주교회1,1750,554
2013-11-01,대덕천주교회2,2764,211
2013-11-01,대덕천주교회3,3451,205
2013-11-01,대덕천주교회4,148,509
2013-11-01,대덕초등학교,574,26
2013-11-01,대동공업,165,168
2013-11-01,대동공업건너,850,29
2013-11-01,대동금속건너,2108,41
2013-11-01,대동금속앞,579,223
2013-11-01,대동시장1,4759,577
2013-11-01,대동시장2,7798,506
2013-11-01,대륜중고등학교건너,5150,7267
2013-11-01,대륜중고등학교앞,6234,352
2013-11-01,대리,201,2
2013-11-01,대리마을앞,40,176
2013-11-01,대리마을회관,267,6
2013-11-01,대리마을회관건너,22,10
2013-11-01,대림생수,1328,214
2013-11-01,대림생수앞,34,275
2013-11-01,대림육교1,211,23906
2013-11-01,대림육교2,75,83
2013-11-01,대명6동주민센터건너,2397,508
2013-11-01,대명6동주민센터앞,2560,202
2013-11-01,대명시장건너,19871,6482
2013-11-01,대명시장앞,23650,5037
2013-11-01,대명역(1번출구),20066,4340
2013-11-01,대명역(2번출구),12689,2671
2013-11-01,대명중학교건너,30,358
2013-11-01,대명중학교앞,3092,141
2013-11-01,대명초등학교건너,8661,3964
2013-11-01,대명초등학교앞,12258,5229
2013-11-01,대백인터빌건너,24537,4782
2013-11-01,대백인터빌앞,19184,5361
2013-11-01,대백창신한라타운건너,14007,2312
2013-11-01,대백창신한라타운앞,3522,1618
2013-11-01,대백프라자건너,24145,5655
2013-11-01,대백프라자앞,29933,4815
2013-11-01,대백한라무지개타운건너,23431,953
2013-11-01,대백한라무지개타운앞,8853,1554
2013-11-01,대봉교회,10048,4580
2013-11-01,대봉네거리1,4704,496
2013-11-01,대봉네거리2,2279,2456
2013-11-01,대봉도서관건너,1206,346
2013-11-01,대봉도서관앞,3857,907
2013-11-01,대봉성당,9808,2685
2013-11-01,대서초등학교앞,451,176
2013-11-01,대성공업건너,700,9176
2013-11-01,대성공업앞,1715,224
2013-11-01,대성유니드앞,2605,47
2013-11-01,대성테크앞,186,24
2013-11-01,대신동광명맨션앞,1461,427
2013-11-01,대신센트럴자이,5951,406
2013-11-01,대실역(1번출구),8903,1917
2013-11-01,대실역(2번출구),29615,1284
2013-11-01,대실역(4번출구),2247,27
2013-11-01,대실역1,63,10
2013-11-01,대실역2,20,49
2013-11-01,대실역청아람건너,6842,41
2013-11-01,대실역청아람앞,529,3471
2013-11-01,대우트럼프월드수성건너,14377,1848
2013-11-01,대우트럼프월드수성앞,3452,2102
2013-11-01,대원고등학교,3882,21462
2013-11-01,대원고등학교건너,2409,2880
2013-11-01,대원사건너(공산동),36,238
2013-11-01,대원사앞(공산동),96,2
2013-11-01,대원사입구,224,0
2013-11-01,대원유치원건너,6615,6166
2013-11-01,대원유치원앞,10013,718
2013-11-01,대일1리마을회관건너,177,23
2013-11-01,대일1리점촌마을,0,63
2013-11-01,대일아파트건너,10402,4213
2013-11-01,대일아파트앞,14237,2924
2013-11-01,대자연맨션,18731,686
2013-11-01,대자연맨션건너,2882,1528
2013-11-01,대중인벤트,235,28
2013-11-01,대진중고등학교건너,1784,140
2013-11-01,대진중고등학교앞,562,231
2013-11-01,대천119안전센터건너,1281,14
2013-11-01,대천119안전센터앞,611,79
2013-11-01,대천교,4349,1320
2013-11-01,대천초등학교건너,376,191
2013-11-01,대천초등학교앞,2082,116
2013-11-01,대청초등학교건너,158,912
2013-11-01,대청초등학교앞,12511,905
2013-11-01,대평2리,236,5
2013-11-01,대평교회앞,59,14
2013-11-01,대평리시장,15110,1194
2013-11-01,대평중학교건너,9165,1236
2013-11-01,대평중학교앞,6072,1382
2013-11-01,대홍철강,651,36
2013-11-01,대흥동건너,274,26
2013-11-01,대흥동앞,352,318
2013-11-01,덕곡(달구벌고교),761,6
2013-11-01,덕곡(대구선명학교),111,30
2013-11-01,덕곡삼거리1,34,194
2013-11-01,덕곡삼거리2,843,4
2013-11-01,덕산마을건너,1,5
2013-11-01,덕산마을앞,259,0
2013-11-01,덕원고등학교건너,3907,911
2013-11-01,덕원고등학교앞,1558,1176
2013-11-01,덕인초등학교건너,2494,789
2013-11-01,덕인초등학교앞,1854,480
2013-11-01,덕화중학교건너,9651,661
2013-11-01,덕화중학교앞,3616,4885
2013-11-01,덴티스앞,299,10
2013-11-01,도남동,241,0
2013-11-01,도남동(종점),19,0
2013-11-01,도남지,111,0
2013-11-01,도동,7,4
2013-11-01,도동교1,753,8
2013-11-01,도동교2,17,31
2013-11-01,도동서원,401,2
2013-11-01,도동청구타운건너,56,43
2013-11-01,도동청구타운앞,1288,168
2013-11-01,도시철도건설본부건너,1035,4600
2013-11-01,도시철도건설본부앞,29689,2462
2013-11-01,도시철도담티역(1번출구),37508,6214
2013-11-01,도시철도담티역(3번출구),29496,5694
2013-11-01,도시철도대구역,796,309
2013-11-01,도시철도수성구청역북편1,437,6080
2013-11-01,도시철도수성구청역북편2,2143,100
2013-11-01,도의리,132,32
2013-11-01,도평동입구1,771,149
2013-11-01,도평동입구2,281,158
2013-11-01,도평동행정복지센터1,2,8
2013-11-01,도평동행정복지센터2,213,8
2013-11-01,도학동,1203,13
2013-11-01,도학동1,31,124
2013-11-01,동곡1리1,8,0
2013-11-01,동곡1리2,203,0
2013-11-01,동곡1리3,50,8
2013-11-01,동곡리,100,8
2013-11-01,동곡초등학교건너,383,2
2013-11-01,동곡초등학교앞,78,147
2013-11-01,동구시장건너,7957,1766
2013-11-01,동구시장앞,7483,1290
2013-11-01,동구청건너,72717,34183
2013-11-01,동구청앞,56629,10456
2013-11-01,동구청역(3번출구),7820,1678
2013-11-01,동구청역(4번출구),1877,738
2013-11-01,동대구LPG충전소건너,2008,166
2013-11-01,동대구LPG충전소앞,678,221
2013-11-01,동대구맨션,8063,7662
2013-11-01,동대구시장건너,13689,2753
2013-11-01,동대구시장앞,22014,6544
2013-11-01,동대구역,58951,16479
2013-11-01,동대구역건너,61025,20262
2013-11-01,동대구역복합환승센터건너,48844,5506
2013-11-01,동대구역복합환승센터앞,45097,20310
2013-11-01,동대구역수화물취급소건너,362,272
2013-11-01,동대구역수화물취급소앞,293,237
2013-11-01,동대구역지하도1,4361,3875
2013-11-01,동대구역지하도2,15244,1681
2013-11-01,동대구초등학교건너,1418,119
2013-11-01,동대구초등학교앞,615,270
2013-11-01,동도중학교건너,11963,1887
2013-11-01,동도중학교앞,16244,2652
2013-11-01,동문고등학교앞,853,337
2013-11-01,동변주공그린빌건너,2579,672
2013-11-01,동변주공그린빌앞,10744,326
2013-11-01,동부경찰서건너,1594,1320
2013-11-01,동부경찰서앞,9066,333
2013-11-01,동부고교건너,1798,909
2013-11-01,동부고교앞,7204,2850
2013-11-01,동부소방서건너,365,7984
2013-11-01,동부소방서앞,5357,554
2013-11-01,동부시외버스터미널(순환2번),2055,386
2013-11-01,동부중학교건너,4688,324
2013-11-01,동부중학교앞,2388,3915
2013-11-01,동북주유소건너,184,81
2013-11-01,동북주유소앞,9,65
2013-11-01,동산의료원앞1,32859,8939
2013-11-01,동산의료원앞2,15289,10747
2013-11-01,동서교회건너,3056,276
2013-11-01,동서교회앞,1299,1094
2013-11-01,동서변리벤빌,11060,1174
2013-11-01,동서변월드메르디앙아파트,2724,754
2013-11-01,동서아파트건너,90,9
2013-11-01,동서아파트앞,2,14
2013-11-01,동서화성타운건너,31460,979
2013-11-01,동서화성타운앞,14905,4179
2013-11-01,동성에스티에스건너,57,24
2013-11-01,동성에스티에스앞,98,5
2013-11-01,동성초등학교건너,2488,7711
2013-11-01,동성초등학교앞,5937,2356
2013-11-01,동신초등학교건너,2414,1353
2013-11-01,동신초등학교앞,2496,3741
2013-11-01,동아백화점수성점건너,15770,12045
2013-11-01,동아백화점수성점앞,47261,1095
2013-11-01,동아수산냉동건너,452,548
2013-11-01,동아수산냉동앞,381,70
2013-11-01,동아스포츠센터(지산중학교앞),1492,1191
2013-11-01,동아스포츠센터(지산초교앞),8525,277
2013-11-01,동아제약,540,87
2013-11-01,동아제약건너,1689,51
2013-11-01,동양맨션앞,3689,226
2013-11-01,동원약품,8149,1839
2013-11-01,동원초등학교건너,1169,627
2013-11-01,동원초등학교앞1,1311,467
2013-11-01,동원초등학교앞2,1814,319
2013-11-01,동인네거리1,1374,391
2013-11-01,동인네거리2,1424,747
2013-11-01,동인초등학교건너,13627,5634
2013-11-01,동인초등학교앞,9971,4617
2013-11-01,동인치안센터건너,17662,9600
2013-11-01,동인치안센터앞,10111,7520
2013-11-01,동일초등학교건너,2262,520
2013-11-01,동일초등학교앞,2986,1139
2013-11-01,동천역1,464,136
2013-11-01,동천역2,1327,231
2013-11-01,동촌강나루아파트건너,1996,979
2013-11-01,동촌강나루아파트앞,2882,11531
2013-11-01,동촌역,599,227
2013-11-01,동촌역(구길),1841,236
2013-11-01,동촌역(신길)1,6019,1431
2013-11-01,동촌역(신길)2,4294,2663
2013-11-01,동촌유원지,718,268
2013-11-01,동촌유원지놀이동산앞,155,54
2013-11-01,동촌해성아파트건너,148,218
2013-11-01,동촌해성아파트앞,760,2030
2013-11-01,동촌화성타운건너,12315,1094
2013-11-01,동촌화성타운앞,7316,2178
2013-11-01,동침산네거리,1462,1159
2013-11-01,동침산네거리2,12,150
2013-11-01,동호동건너(북구),834,104
2013-11-01,동호동앞(북구),78,92
2013-11-01,동호육교1,35,442
2013-11-01,동호육교2,7505,179
2013-11-01,동호초등학교건너,662,58
2013-11-01,동화골든빌(남편),4306,296
2013-11-01,동화골든빌(동편),1362,1685
2013-11-01,동화골든빌(북편),57,202
2013-11-01,동화골든빌건너(남편),11,298
2013-11-01,동화교1,47,276
2013-11-01,동화교2,2332,2
2013-11-01,동화사입구건너,5019,9
2013-11-01,동화사입구앞,112,601
2013-11-01,동화시설집단지구(종점)1,245,59
2013-11-01,동화시설집단지구(종점)2(대구시민안전테마파크),12196,444
2013-11-01,두류3동파출소건너,590,97
2013-11-01,두류3동파출소앞,375,342
2013-11-01,두류공원(야외음악당건너),701,128
2013-11-01,두류공원(야외음악당앞),433,92
2013-11-01,두류공원네거리1,11612,2327
2013-11-01,두류공원네거리2,3780,3801
2013-11-01,두류도서관앞,5640,3968
2013-11-01,두류보성맨션건너,6503,494
2013-11-01,두류보성맨션앞,3264,3509
2013-11-01,두류수영장건너,17963,4897
2013-11-01,두류수영장앞,19058,3460
2013-11-01,두류역(달성고등학교건너),32468,7502
2013-11-01,두류역(달성고등학교앞),56363,21003
2013-11-01,두류정수사업소건너,18698,1513
2013-11-01,두류정수사업소앞,2297,8241
2013-11-01,두류파출소건너,645,167
2013-11-01,두류파출소앞,180,309
2013-11-01,두리봉네거리1,4313,18119
2013-11-01,두리봉네거리2,15598,2539
2013-11-01,두리봉터널입구,1751,342
2013-11-01,두리봉터널입구건너,4489,177
2013-11-01,두산동주민센터건너,14894,1976
2013-11-01,두산동주민센터앞,8794,3165
2013-11-01,두산스포츠건너,1240,257
2013-11-01,두성파크아파트건너,27608,4439
2013-11-01,두성파크아파트앞,9931,8012
2013-11-01,둔산동,634,0
2013-11-01,들안길1,1176,923
2013-11-01,들안길2,4421,450
2013-11-01,들안길네거리1,6020,205
2013-11-01,들안길네거리2,919,1276
2013-11-01,들안길초등학교건너,3992,1376
2013-11-01,들안길초등학교앞,4920,2254
2013-11-01,들연경,28,0
2013-11-01,럭키아파트건너,395,413
2013-11-01,럭키아파트앞,2140,75
2013-11-01,롯데백화점상인점건너,11042,6184
2013-11-01,롯데캐슬그랜드,633,1308
2013-11-01,룸비니유치원건너,2500,186
2013-11-01,룸비니유치원앞,2118,369
2013-11-01,마비정벽화마을(종점),766,18
2013-11-01,만경관건너,11568,5583
2013-11-01,만경관앞,10428,4599
2013-11-01,만촌1동주민센터,3378,775
2013-11-01,만촌2동주민센터,16925,1561
2013-11-01,만촌3차화성파크드림건너,4527,295
2013-11-01,만촌그린빌라건너,760,85
2013-11-01,만촌역(1번출구),809,5285
2013-11-01,만촌우방1차건너,8993,379
2013-11-01,만촌우방1차앞,327,675
2013-11-01,만촌육교1,58567,7302
2013-11-01,만촌육교2,8824,15890
2013-11-01,만촌자전거경기장,5,115
2013-11-01,만촌천주교회앞,163,230
2013-11-01,만촌초등학교건너1,2303,711
2013-11-01,만촌초등학교건너2,3240,259
2013-11-01,만촌초등학교앞,2175,433
2013-11-01,만촌태왕리더스건너,1896,362
2013-11-01,만촌태왕리더스건너(남편),279,3228
2013-11-01,만촌태왕리더스북편,480,342
2013-11-01,만촌태왕리더스앞1,5952,11394
2013-11-01,만촌태왕리더스앞2,2002,176
2013-11-01,만촌화성파크스위트,35,71
2013-11-01,만평네거리,6082,5617
2013-11-01,만평역(서대구고속버스터미널)1,9206,3145
2013-11-01,만평역(서대구고속버스터미널)2,7512,15051
2013-11-01,망우당공원(종점),2065,489
2013-11-01,망우당공원건너,1286,910
2013-11-01,망우당공원앞,4158,3691
2013-11-01,매곡(종점),541,94
2013-11-01,매곡사거리1,480,813
2013-11-01,매곡사거리2,12909,354
2013-11-01,매곡정수사업소건너,1436,272
2013-11-01,매곡정수사업소앞,489,164
2013-11-01,매곡초등학교건너,16,586
2013-11-01,매골1,4,107
2013-11-01,매골2,288,6
2013-11-01,매여동(동구)저탄장,661,81
2013-11-01,매일신문사건너,147,200
2013-11-01,매일신문사앞,1406,430
2013-11-01,매천고교,1521,98
2013-11-01,매천대교1,1077,224
2013-11-01,매천대교2,6,1
2013-11-01,매천성당건너1,2737,173
2013-11-01,매천성당건너2,423,99
2013-11-01,매천성당앞,5148,300
2013-11-01,매천수산시장건너,1537,193
2013-11-01,매천수산시장앞,1518,99
2013-11-01,매천시장지하차도,1759,304
2013-11-01,매천중고등학교건너,5266,4333
2013-11-01,매천중고등학교앞,11944,1133
2013-11-01,매천초교(매천역)2,965,210
2013-11-01,매천화성파크드림,1236,55
2013-11-01,매천휴먼시아앞,1278,103
2013-11-01,매호동서아파트앞,737,0
2013-11-01,매호성당건너,459,3
2013-11-01,메트로시티건너,5896,1218
2013-11-01,메트로시티앞,2452,219
2013-11-01,메트로팔레스1,13153,2140
2013-11-01,메트로팔레스2,18095,950
2013-11-01,명곡1리입구1,2,5
2013-11-01,명곡1리입구2,7,6
2013-11-01,명곡리1,1827,658
2013-11-01,명곡리2,6678,673
2013-11-01,명곡미래빌1단지,2086,413
2013-11-01,명곡미래빌2단지건너,38,355
2013-11-01,명곡미래빌2단지앞,11144,1350
2013-11-01,명곡미래빌3단지건너,1542,790
2013-11-01,명곡미래빌3단지앞,4345,360
2013-11-01,명곡미래빌4단지,3252,269
2013-11-01,명곡미래빌5단지건너,21,135
2013-11-01,명곡미래빌5단지앞,4377,1133
2013-11-01,명곡지구앞,53,117
2013-11-01,명덕네거리1,35419,2657
2013-11-01,명덕네거리2,12316,19179
2013-11-01,명덕역(6번출구),43640,14464
2013-11-01,명덕역(7번출구),28862,5964
2013-11-01,명덕초등학교건너,18541,15192
2013-11-01,명덕초등학교앞,27653,6218
2013-11-01,명문세가APT건너,8743,1435
2013-11-01,명문세가APT앞,14558,2440
2013-11-01,명문오하임아파트건너,293,218
2013-11-01,명문오하임아파트앞,152,102
2013-11-01,명보약국건너,1778,1144
2013-11-01,명보약국앞,2040,350
2013-11-01,명산교(명산화성타운건너),2069,132
2013-11-01,명성푸르지오건너,6076,1260
2013-11-01,명성푸르지오앞,28308,2326
2013-11-01,모개월입구,25,0
2013-11-01,모다아울렛,72,3
2013-11-01,모다아울렛건너,16978,775
2013-11-01,모다아울렛앞,423,2134
2013-11-01,모래정마을건너,85,2
2013-11-01,모래정마을앞,11,8
2013-11-01,목단1리,78,1
2013-11-01,목단2리,104,0
2013-11-01,목단리,72,0
2013-11-01,묘1리,33,0
2013-11-01,묘2리(고려정밀),102,0
2013-11-01,묘2리(전마),173,0
2013-11-01,무궁화LPG충전소,7700,3215
2013-11-01,무궁화LPG충전소건너,3270,1129
2013-11-01,무궁화어린이공원입구,1923,370
2013-11-01,무궁화어린이공원입구건너,3884,2203
2013-11-01,무등1리1,3,2
2013-11-01,무등1리2,195,0
2013-11-01,무등1리3,40,0
2013-11-01,무등2리,1,16
2013-11-01,무등2리입구건너,71,0
2013-11-01,무등보건진료소건너,18,0
2013-11-01,무등보건진료소앞,1,11
2013-11-01,무림제지건너,672,233
2013-11-01,무림제지앞1,987,1310
2013-11-01,무림제지앞2,222,116
2013-11-01,무열대건너,3982,2286
2013-11-01,무열대앞,1311,510
2013-11-01,무태교,14,780
2013-11-01,무태네거리(시내방향),15897,4220
2013-11-01,무태네거리(시외방향),4075,3275
2013-11-01,무태새마을금고건너,1613,566
2013-11-01,무태새마을금고앞,5246,312
2013-11-01,무태조야동주민센터건너1,6897,243
2013-11-01,무태조야동주민센터건너2,4986,1280
2013-11-01,무태조야동주민센터앞1,1590,605
2013-11-01,무태조야동주민센터앞2,15032,1085
2013-11-01,문성병원건너,10053,4558
2013-11-01,문성병원앞,16554,5530
2013-11-01,문양기지창건너,13,241
2013-11-01,문양기지창앞,73,17
2013-11-01,문양리(서부실),2,1
2013-11-01,문양리1,142,1
2013-11-01,문양리2,9,2
2013-11-01,문양리입구1,62,28
2013-11-01,문양리입구2,2,39
2013-11-01,문양역건너,45,715
2013-11-01,문양역앞,2266,959
2013-11-01,문주마을건너,145,0
2013-11-01,문주마을앞,6,1
2013-11-01,문화예술회관건너,10705,4476
2013-11-01,문화예술회관앞,8735,4408
2013-11-01,미8군후문건너,435,202
2013-11-01,미8군후문앞,1130,63
2013-11-01,미곡동1,285,474
2013-11-01,미곡동2,2420,95
2013-11-01,미대동1,2140,87
2013-11-01,미대동2,392,239
2013-11-01,미래아트빌앞,987,742
2013-11-01,미리내맨션건너,17173,487
2013-11-01,미리내맨션앞,4778,1587
2013-11-01,민들레아파트(종점),156,21
2013-11-01,민들레아파트후문건너,9865,40
2013-11-01,민들레아파트후문앞,7,251
2013-11-01,바른병원건너,329,120
2013-11-01,박곡리(시내방향),190,0
2013-11-01,박곡리(시외방향),40,12
2013-11-01,박석진교,5,20
2013-11-01,반고개(내당역4번출구),3517,3276
2013-11-01,반고개1,7322,3453
2013-11-01,반고개2,15641,5504
2013-11-01,반송4교건너,11,5
2013-11-01,반송4교앞,199,51
2013-11-01,반송리,395,5
2013-11-01,반야월모란1차아파트,4242,2377
2013-11-01,반야월시장1,6131,2715
2013-11-01,반야월시장2,7331,1457
2013-11-01,반야월역(국철)건너,5072,2909
2013-11-01,반야월역(국철)앞,7367,1527
2013-11-01,반야월역(도시철도1번출구),1559,259
2013-11-01,반야월역(도시철도2번출구),6761,209
2013-11-01,반야월역(도시철도3번출구),14842,3178
2013-11-01,반야월역(도시철도4번출구)1,5750,2835
2013-11-01,반야월역(도시철도4번출구)2,1996,1368
2013-11-01,반야월저탄장건너,5520,3305
2013-11-01,반야월저탄장앞,9448,1156
2013-11-01,반월당역(1번출구)1,36325,10412
2013-11-01,반월당역(1번출구)2,4524,5528
2013-11-01,반월당역(2번출구),61550,35156
2013-11-01,방공포병학교건너,2004,291
2013-11-01,방공포병학교앞,706,2581
2013-11-01,방짜유기박물관건너,975,11
2013-11-01,방짜유기박물관앞,40,163
2013-11-01,방천리1,256,27
2013-11-01,방천리2,492,85
2013-11-01,방천시장(김광석길)건너,15380,6634
2013-11-01,방천시장(김광석길)앞,12888,2444
2013-11-01,방촌1동,1005,3
2013-11-01,방촌건널목,105,1233
2013-11-01,방촌맨션앞,5088,1629
2013-11-01,방촌빌라,164,940
2013-11-01,방촌시장건너,27392,3660
2013-11-01,방촌시장앞,16337,6223
2013-11-01,방촌역(1번출구),14008,5271
2013-11-01,방촌역(2번출구),11510,1405
2013-11-01,방촌치안센터건너,1665,1916
2013-11-01,방촌치안센터앞,5505,1660
2013-11-01,백사벌네거리1,2077,72
2013-11-01,백사벌네거리2,2475,1239
2013-11-01,백안교1,3,37
2013-11-01,백안교2,1154,124
2013-11-01,백안삼거리1,329,261
2013-11-01,백안삼거리2,4443,147
2013-11-01,백자맨션건너,369,871
2013-11-01,백자맨션앞,4955,2068
2013-11-01,범물1동주민센터건너,10011,2305
2013-11-01,범물1동주민센터앞,44544,2399
2013-11-01,범물2동주민센터건너,4371,541
2013-11-01,범물2동주민센터앞,10,350
2013-11-01,범물두성타운건너,460,14
2013-11-01,범물우방미진하이츠앞,5138,243
2013-11-01,범물청구맨션건너,323,2905
2013-11-01,범물청구맨션앞,52549,3998
2013-11-01,범물하이츠 건너,3175,3564
2013-11-01,범물하이츠앞,21979,202
2013-11-01,범물한라주택건너,23863,1084
2013-11-01,범물한라주택앞,3181,4464
2013-11-01,범어2동1,229,2307
2013-11-01,범어2동2,1069,171
2013-11-01,범어4동주민센터건너,23600,6212
2013-11-01,범어4동주민센터앞,10127,9508
2013-11-01,범어쌍용예가건너,7320,7290
2013-11-01,범어쌍용예가앞,10524,2717
2013-11-01,범어역(1번출구),16591,3003
2013-11-01,범어역(2번출구),9260,5107
2013-11-01,법원건너,16883,13772
2013-11-01,법원앞,25702,5563
2013-11-01,법원어린이집,640,1632
2013-11-01,베어산업건너,602,0
2013-11-01,베어산업앞,28,30
2013-11-01,병무청중앙신체검사소,27,66
2013-11-01,보람타운건너,107,523
2013-11-01,보람타운앞,8543,2367
2013-11-01,보병50사단건너,3396,440
2013-11-01,보병50사단앞,1606,348
2013-11-01,보성기계건너,1600,269
2013-11-01,보성기계앞,31,121
2013-11-01,보성산호타운건너,4333,652
2013-11-01,보성산호타운앞,2639,1386
2013-11-01,보성서한타운앞,3747,767
2013-11-01,보성은하타운앞,2681,39
2013-11-01,보성화성타운건너,24207,2467
2013-11-01,보성화성타운앞,7521,6017
2013-11-01,보훈병원건너,1,19
2013-11-01,보훈병원앞,3061,92
2013-11-01,복음간호학원,563,653
2013-11-01,복현네거리,4166,9221
2013-11-01,복현대백맨션건너,16523,2021
2013-11-01,복현대백맨션앞,3390,3293
2013-11-01,복현서한2차아파트,1820,3294
2013-11-01,복현성모약국앞,2365,1014
2013-11-01,복현오거리1,54730,10237
2013-11-01,복현오거리2,12419,4135
2013-11-01,복현오거리3,265,197
2013-11-01,복현우방아파트,8813,1532
2013-11-01,복현우체국건너,48457,4406
2013-11-01,복현우체국앞,7556,7825
2013-11-01,복현장미맨션앞,1910,859
2013-11-01,복현푸르지오아파트건너,14505,1194
2013-11-01,복현현대맨션건너,2209,61
2013-11-01,복현현대맨션앞,697,280
2013-11-01,본동시장건너,7270,1083
2013-11-01,본동시장앞,1397,1516
2013-11-01,본리1리,198,46
2013-11-01,본리1리동회관건너,444,468
2013-11-01,본리1리동회관앞,22,67
2013-11-01,본리2,1371,249
2013-11-01,본리근린공원건너,11,3
2013-11-01,본리근린공원앞,0,2
2013-11-01,본리네거리,2956,490
2013-11-01,본리네거리2,8901,1659
2013-11-01,본리네거리3,7662,2058
2013-11-01,본리도서관앞,1323,323
2013-11-01,본리롯데캐슬,1916,157
2013-11-01,본리아카시아맨션,5159,1485
2013-11-01,본리지구건너,1171,605
2013-11-01,본리지구앞,6909,1043
2013-11-01,본리초등학교건너,8362,1847
2013-11-01,본리초등학교앞,7026,1837
2013-11-01,본리치안센터건너,3586,503
2013-11-01,본리치안센터앞,3305,1380
2013-11-01,본말(종점),70,0
2013-11-01,봉덕119안전센터건너,909,62
2013-11-01,봉덕119안전센터앞,439,144
2013-11-01,봉덕2동새마을금고건너,1203,290
2013-11-01,봉덕2동새마을금고앞,1060,773
2013-11-01,봉덕교회건너,13140,2053
2013-11-01,봉덕교회앞,3811,1289
2013-11-01,봉덕변전소건너,2677,15
2013-11-01,봉덕변전소앞,8,76
2013-11-01,봉덕시장건너1,3720,1757
2013-11-01,봉덕시장건너2,598,272
2013-11-01,봉덕시장건너3,8374,676
2013-11-01,봉덕시장앞1,13695,1076
2013-11-01,봉덕시장앞2,3740,2041
2013-11-01,봉무공원건너,6894,1502
2013-11-01,봉무청구새들마을건너,14753,1550
2013-11-01,봉무청구새들마을앞,2158,692
2013-11-01,봉산가구골목(동편),3440,3381
2013-11-01,봉산가구골목(서편),1865,428
2013-11-01,봉산문화거리건너,21184,8266
2013-11-01,봉산문화거리앞,12257,3642
2013-11-01,봉산육거리,3515,413
2013-11-01,봉촌1리1,398,1
2013-11-01,봉촌1리2,4,53
2013-11-01,봉촌1리3,203,0
2013-11-01,봉촌2리,96,2
2013-11-01,봉촌낙동길입구,301,0
2013-11-01,봉촌낙동길입구건너,9,58
2013-11-01,봉촌리,220,0
2013-11-01,부곡리,9,7
2013-11-01,부곡리건너,76,98
2013-11-01,부남교앞,374,2
2013-11-01,부동,1028,68
2013-11-01,부동(종점),241,2
2013-11-01,부동농협,333,3
2013-11-01,부동삼거리,0,3
2013-11-01,부영3단지,2798,1560
2013-11-01,부영5단지,1900,447
2013-11-01,부영7단지건너,596,4
2013-11-01,부영7단지앞,8,65
2013-11-01,부인사건너,34,26
2013-11-01,부인사앞,49,0
2013-11-01,북구구민운동장건너,7136,1194
2013-11-01,북구구민운동장앞,2015,1411
2013-11-01,북구보건소건너,3418,1539
2013-11-01,북구보건소앞,8169,379
2013-11-01,북구선거관리위원회건너,5541,474
2013-11-01,북구선거관리위원회앞,7234,3018
2013-11-01,북구어울아트센터앞,108,79
2013-11-01,북구청건너,12547,4325
2013-11-01,북구청네거리1,1420,2002
2013-11-01,북구청네거리2,2596,337
2013-11-01,북구청앞,11617,1569
2013-11-01,북구청역(3번출구),11981,3841
2013-11-01,북구청역(4번출구),4638,2403
2013-11-01,북대구세무서건너,7370,726
2013-11-01,북대구세무서앞,3544,1071
2013-11-01,북대구초등학교건너,2689,176
2013-11-01,북대구초등학교앞,693,237
2013-11-01,북동초등학교건너,1179,793
2013-11-01,북동초등학교앞,4432,70
2013-11-01,북리1,2671,1207
2013-11-01,북리2,18532,365
2013-11-01,북부경찰서건너,1731,897
2013-11-01,북부상수도사업소,188,987
2013-11-01,북부정류장,77945,15922
2013-11-01,북부정류장건너,42216,16063
2013-11-01,북비산네거리1,7379,4718
2013-11-01,북비산네거리2,8880,1580
2013-11-01,북중학교앞,2806,849
2013-11-01,북침산치안센터건너,6942,1755
2013-11-01,북침산치안센터앞,6452,2816
2013-11-01,불교한방병원건너1,497,232
2013-11-01,불교한방병원건너2,1726,282
2013-11-01,불교한방병원앞1,3063,203
2013-11-01,불교한방병원앞2,2400,540
2013-11-01,불로삼거리,1252,11346
2013-11-01,불로우방아파트건너,6734,2324
2013-11-01,불로우방아파트앞,8013,4415
2013-11-01,불로전통시장건너,38956,3435
2013-11-01,불로전통시장앞,14803,7204
2013-11-01,불로천주교회건너,11978,3105
2013-11-01,불로천주교회앞,20966,4182
2013-11-01,불로화훼단지건너,45,443
2013-11-01,불로화훼단지앞,567,720
2013-11-01,비산5동주민센터,14,0
2013-11-01,비산6동주민센터건너,800,825
2013-11-01,비산6동주민센터앞,2268,111
2013-11-01,비산7동우체국건너,3051,3554
2013-11-01,비산7동우체국앞1,10661,3619
2013-11-01,비산7동우체국앞2,7597,2185
2013-11-01,비산지하도1,8767,5692
2013-11-01,비산지하도2,17852,4186
2013-11-01,비산초등학교건너,9423,1105
2013-11-01,비산초등학교앞,13352,1865
2013-11-01,비슬산휴양림주차장,29,5
2013-11-01,비원지구대건너,4834,519
2013-11-01,비원지구대앞,460,1590
2013-11-01,비철금속협업단지앞,6213,484
2013-11-01,사복동입구교차로,106,2502
2013-11-01,사복동입구교차로건너,40,464
2013-11-01,사월동(종점),1361,55
2013-11-01,사월보성2차건너,41,169
2013-11-01,사월보성2차앞,2334,106
2013-11-01,사월역(2번출구),20087,3071
2013-11-01,사월역(4번출구),16398,10772
2013-11-01,사창마을건너,2,1
2013-11-01,사창마을앞,12,1
2013-11-01,산격4동주민센터건너,703,254
2013-11-01,산격4동주민센터앞,5491,580
2013-11-01,산격거평타운건너,948,2542
2013-11-01,산격거평타운앞,1909,2562
2013-11-01,산격대우아파트앞,54464,8205
2013-11-01,산격문화회관건너,8245,781
2013-11-01,산격문화회관앞,3230,1586
2013-11-01,산격종합시장앞,54382,17411
2013-11-01,산격주공아파트건너,3726,5128
2013-11-01,산격주공아파트앞,24045,2697
2013-11-01,산격중학교건너,7074,11885
2013-11-01,산격중학교앞,9151,1817
2013-11-01,산격청구맨션앞,6103,3000
2013-11-01,산격초등학교건너,10088,606
2013-11-01,산격초등학교앞,8969,949
2013-11-01,산림조합중앙회건너,1698,1900
2013-11-01,산림조합중앙회앞,967,610
2013-11-01,산업용재관,4148,2400
2013-11-01,삼덕교회,5798,5912
2013-11-01,삼덕동1,201,250
2013-11-01,삼덕동2,261,70
2013-11-01,삼덕성당앞,7166,1084
2013-11-01,삼리1리1,4,23
2013-11-01,삼리1리2,552,353
2013-11-01,삼리리1(논공),27,15
2013-11-01,삼리리2(논공),101,87
2013-11-01,삼보,689,78
2013-11-01,삼산리(범동교),25,18
2013-11-01,삼산리(삼산교회건너),502,98
2013-11-01,삼산리(삼산교회앞),2829,189
2013-11-01,삼산리(은지가든),0,4
2013-11-01,삼산리입구건너,1278,294
2013-11-01,삼산리입구앞,0,198
2013-11-01,삼산지,582,95
2013-11-01,삼성공원아파트건너,294,228
2013-11-01,삼성래미안1차건너,6055,2498
2013-11-01,삼성래미안1차앞,5562,607
2013-11-01,삼성래미안2차건너,4223,1211
2013-11-01,삼성래미안2차앞,5108,2007
2013-11-01,삼성명가타운,4031,1246
2013-11-01,삼성명가타운건너,860,534
2013-11-01,삼성물류센터앞,217,1425
2013-11-01,삼성한국형아파트건너,1077,68
2013-11-01,삼성한국형아파트앞,1117,521
2013-11-01,삼우섬유앞,396,9
2013-11-01,삼육구가든건너,186,38
2013-11-01,삼육구가든앞,45,1
2013-11-01,삼익THK건너,195,22
2013-11-01,삼익THK앞,177,29
2013-11-01,삼익뉴타운건너,7395,2149
2013-11-01,삼익뉴타운앞,11212,852
2013-11-01,삼정빌딩앞,763,320
2013-11-01,삼호아파트건너,634,183
2013-11-01,삼호아파트앞,1170,1172
2013-11-01,삼환맨션,363,96
2013-11-01,상공회의소건너,3905,1528
2013-11-01,상공회의소앞,5583,988
2013-11-01,상당마을,16,3
2013-11-01,상동가압장건너,2205,227
2013-11-01,상동교1,166,141
2013-11-01,상동교2,2204,787
2013-11-01,상동네거리,3646,1534
2013-11-01,상동마을(둔산길),878,2
2013-11-01,상동시장앞,1827,467
2013-11-01,상동우체국건너,4827,981
2013-11-01,상동우체국앞,17915,3186
2013-11-01,상동천주교회건너,304,342
2013-11-01,상동천주교회앞,1416,2136
2013-11-01,상록아파트,690,58
2013-11-01,상리공단,1510,167
2013-11-01,상리공단건너,746,622
2013-11-01,상리동입구,1521,174
2013-11-01,상리동입구1,1,164
2013-11-01,상리동입구2,3737,31
2013-11-01,상리동종점,3,38
2013-11-01,상리동종점2,1155,1
2013-11-01,상리동종점3,3834,522
2013-11-01,상리마을건너,2,5
2013-11-01,상리마을앞,33,1
2013-11-01,상리지하도1,1969,100
2013-11-01,상리지하도2,1683,65
2013-11-01,상매동(저탄장),17,27
2013-11-01,상서고등학교건너,2083,123
2013-11-01,상서고등학교앞,1202,244
2013-11-01,상수도사업본부,6733,3286
2013-11-01,상수도사업본부건너,6715,12294
2013-11-01,상수도사업본부시설관리소건너,9069,1510
2013-11-01,상수도사업본부시설관리소앞,1486,1217
2013-11-01,상수도중남부사업소건너,1581,576
2013-11-01,상수도중남부사업소앞,335,176
2013-11-01,상원리(마을회관),616,0
2013-11-01,상원리(전평못식당),78,0
2013-11-01,상인2동주민센터건너,5271,248
2013-11-01,상인동서타운앞,16988,2815
2013-11-01,상인동화아이위시아파트건너,19288,1416
2013-11-01,상인동화아이위시아파트앞,2534,1854
2013-11-01,상인비둘기1단지아파트건너,4464,1067
2013-11-01,상인비둘기1단지아파트앞,16656,865
2013-11-01,상인비둘기2단지아파트앞,13949,1117
2013-11-01,상인삼미타운건너,2208,10168
2013-11-01,상인삼미타운앞,5092,635
2013-11-01,상인역e-편한세상앞,6471,17996
2013-11-01,상인우방아파트,12303,25832
2013-11-01,상인은행아파트건너,5608,1441
2013-11-01,상인은행아파트앞,6194,1153
2013-11-01,상인자이앞,5918,2053
2013-11-01,상인장미아파트앞,10123,1263
2013-11-01,상인제림아파트건너,2486,448
2013-11-01,상인제림아파트앞,1469,1292
2013-11-01,상인청구타운건너,2948,224
2013-11-01,상인청구타운앞,1816,276
2013-11-01,상인초등학교앞,3130,2722
2013-11-01,상인한서타운앞,3910,1060
2013-11-01,상인현대맨션건너,77241,4718
2013-11-01,상인현대맨션앞,22307,33665
2013-11-01,상인화성파크드림건너,985,717
2013-11-01,상인화성파크드림앞,1336,173
2013-11-01,상화네거리,222,1099
2013-11-01,새길시장건너,10336,8664
2013-11-01,새길시장앞,35815,4335
2013-11-01,새동네아파트건너,21,4
2013-11-01,새동네아파트앞,466,1577
2013-11-01,새마을건너,0,26
2013-11-01,새마을입구,139,1
2013-11-01,새범어아파트건너,1321,271
2013-11-01,새범어아파트앞,1841,179
2013-11-01,새본리중학교앞,1197,412
2013-11-01,샤니삼거리1,187,0
2013-11-01,샤니삼거리2,3,6
2013-11-01,서구문화회관건너,2720,1007
2013-11-01,서구문화회관앞,7835,1823
2013-11-01,서구시장건너,19815,6489
2013-11-01,서구시장앞,14558,4754
2013-11-01,서구제일사회복지관건너,1592,2526
2013-11-01,서구제일사회복지관앞,4166,457
2013-11-01,서구청건너,44746,6885
2013-11-01,서구청앞,46544,7230
2013-11-01,서남시장건너,23512,17655
2013-11-01,서남시장앞1,28649,6039
2013-11-01,서남시장앞2,13303,3174
2013-11-01,서당마을건너,910,88
2013-11-01,서당마을앞,37,41
2013-11-01,서대구고속버스터미널,289,1389
2013-11-01,서대구공단네거리1,970,91
2013-11-01,서대구공단네거리2,447,96
2013-11-01,서대구공단네거리3,2409,319
2013-11-01,서대구공단네거리4,4223,1767
2013-11-01,서대구세무서,10216,22611
2013-11-01,서대구시장건너,11091,5394
2013-11-01,서대구시장앞,12360,4742
2013-11-01,서대구초등학교입구,21947,8141
2013-11-01,서대명지구대건너,6686,1597
2013-11-01,서대명지구대앞,2509,1025
2013-11-01,서도초등학교건너,2267,1600
2013-11-01,서도초등학교서편1,234,116
2013-11-01,서도초등학교서편2,75,14
2013-11-01,서도초등학교앞,7656,896
2013-11-01,서문시장,60595,9821
2013-11-01,서문시장5지구앞,1200,856
2013-11-01,서변동영남네오빌건너,4040,297
2013-11-01,서변동영남네오빌앞,3946,378
2013-11-01,서부고등학교건너,1916,557
2013-11-01,서부고등학교앞,3389,154
2013-11-01,서부공업고등학교건너,9240,12438
2013-11-01,서부공업고등학교앞,27789,1459
2013-11-01,서부소방서,1,59
2013-11-01,서부시장건너,24234,10533
2013-11-01,서부시장앞,21478,5454
2013-11-01,서부정류장(관문시장건너),89762,16903
2013-11-01,서부정류장(관문시장앞),31674,10759
2013-11-01,서부정류장1,77776,10635
2013-11-01,서부정류장2,5556,1658
2013-11-01,서부정류장3(성당못역1번출구),22986,35230
2013-11-01,서부정류장4(성당못역1번출구),2551,1520
2013-11-01,서부중학교앞,8003,5473
2013-11-01,서영기공건너,237,0
2013-11-01,서영기공앞,1,54
2013-11-01,서재금봉타운,250,1201
2013-11-01,서재금봉타운건너,23174,113
2013-11-01,서재들,14,6
2013-11-01,서재들건너,31,5
2013-11-01,서재보성타운건너,18080,105
2013-11-01,서재보성타운앞,169,225
2013-11-01,서진중학교건너,823,582
2013-11-01,서평초등학교,2917,1310
2013-11-01,서평초등학교건너,2535,522
2013-11-01,선녀곡건너(옥포),181,50
2013-11-01,선녀곡앞(옥포),39,361
2013-11-01,설티고개(달성공단방면),7,5
2013-11-01,설티고개(옥포방면),39,2
2013-11-01,설화동(종점),263,50
2013-11-01,설화리(시내방향),12747,927
2013-11-01,설화리(시외방향),767,948
2013-11-01,설화명곡역(4번출구),4,120
2013-11-01,섬뜸마을,603,1
2013-11-01,섬유회관건너1,48781,16306
2013-11-01,섬유회관건너2,9227,3296
2013-11-01,섬유회관앞,61317,20690
2013-11-01,성곡중학교건너,1223,660
2013-11-01,성곡중학교앞,1437,61
2013-11-01,성광고등학교건너,11155,2901
2013-11-01,성광고등학교앞,424,1117
2013-11-01,성남초등학교건너,1137,1988
2013-11-01,성남초등학교앞,4780,389
2013-11-01,성내3동주민센터입구,1153,1694
2013-11-01,성당두산위브앞,24211,1861
2013-11-01,성당래미안·e-편한세상앞,10001,2903
2013-11-01,성당못역북편1,579,1026
2013-11-01,성당못역북편2,2133,282
2013-11-01,성당보성아파트건너,26176,6735
2013-11-01,성당보성아파트앞,12292,3594
2013-11-01,성당시장건너,26994,5271
2013-11-01,성당시장앞1,4920,614
2013-11-01,성당시장앞2,30536,3244
2013-11-01,성당초교앞,900,296
2013-11-01,성당코오롱하늘채,8128,1449
2013-11-01,성당코오롱하늘채2,12515,6482
2013-11-01,성당포스코더샵건너,4879,1745
2013-11-01,성당포스코더샵앞,14168,1120
2013-11-01,성동건너,169,261
2013-11-01,성동마을건너,93,67
2013-11-01,성동마을앞,402,4
2013-11-01,성동앞,98,82
2013-11-01,성동초등학교건너,10990,2229
2013-11-01,성동초등학교앞,17185,1746
2013-11-01,성동탱자나무마을건너,26,23
2013-11-01,성동탱자나무마을앞,68,33
2013-11-01,성림첨단산업건너,52,14
2013-11-01,성림첨단산업앞,310,28
2013-11-01,성명119안전센터건너1,3934,3898
2013-11-01,성명119안전센터앞,2423,378
2013-11-01,성명여자중학교,369,262
2013-11-01,성모여성병원건너,30923,4691
2013-11-01,성모여성병원앞,30468,18230
2013-11-01,성보교통,3298,827
2013-11-01,성북교1,10681,1877
2013-11-01,성북교2,7304,3582
2013-11-01,성북시장건너,2320,1032
2013-11-01,성북시장앞,9067,2747
2013-11-01,성산3동,2,22
2013-11-01,성산리1,22,74
2013-11-01,성산리2,552,102
2013-11-01,성산중학교앞,1942,195
2013-11-01,성산초등학교앞,589,123
2013-11-01,성서119안전센터건너,16,3314
2013-11-01,성서119안전센터앞,15521,147
2013-11-01,성서4차산업단지앞1,447,124
2013-11-01,성서공단물류센터,516,4
2013-11-01,성서농협남부지소,11025,3502
2013-11-01,성서동서서한타운건너,4180,482
2013-11-01,성서동서서한타운앞,6057,319
2013-11-01,성서보성타운2차건너1,206,635
2013-11-01,성서보성타운2차건너2,1103,142
2013-11-01,성서보성타운2차앞,8713,1729
2013-11-01,성서산업단지역(1번출구),5630,3337
2013-11-01,성서산업단지역(2번출구),10633,1329
2013-11-01,성서서한2차타운1,7884,284
2013-11-01,성서서한2차타운2,283,784
2013-11-01,성서우방2차아파트,1321,456
2013-11-01,성서우방타운건너,20573,3413
2013-11-01,성서우방타운앞,13051,2726
2013-11-01,성서우체국건너,1721,325
2013-11-01,성서우체국앞,568,1374
2013-11-01,성서종합시장건너,20726,6855
2013-11-01,성서종합시장앞,53800,5914
2013-11-01,성서주공1단지건너,9987,1009
2013-11-01,성서주공1단지앞,2277,1784
2013-11-01,성서주공2단지건너,13725,6841
2013-11-01,성서주공2단지앞,32611,2338
2013-11-01,성서주공5단지앞,469,245
2013-11-01,성서청구타운건너,8465,1507
2013-11-01,성서청구타운앞,6653,648
2013-11-01,성서초등학교건너,4325,1219
2013-11-01,성서초등학교앞,70,550
2013-11-01,성서푸른마을아파트건너,9097,954
2013-11-01,성서푸른마을아파트앞,2066,1076
2013-11-01,성서한샘타운앞,1758,115
2013-11-01,성서협업단지건너,96,16
2013-11-01,성서협업단지앞,9,28
2013-11-01,성요셉요양병원건너,135,463
2013-11-01,성요셉요양병원앞,1967,113
2013-11-01,성원아파트건너,1211,232
2013-11-01,성원아파트앞,6810,495
2013-11-01,성주사건너,607,209
2013-11-01,성주사앞,21,116
2013-11-01,성지중학교건너,5629,1125
2013-11-01,성지중학교앞,6293,5295
2013-11-01,성하리,12,473
2013-11-01,성화여고건너,10728,723
2013-11-01,성화여고앞,5907,3525
2013-11-01,세강병원앞,6203,19689
2013-11-01,세원정공건너,11296,461
2013-11-01,세원정공앞,1586,3718
2013-11-01,세천고개1,195,14
2013-11-01,세천고개2,87,11
2013-11-01,세천리2,293,41
2013-11-01,세천리3,462,34
2013-11-01,세하건너,0,7
2013-11-01,세하앞,0,2
2013-11-01,세흥인쇄,812,139
2013-11-01,소선여중건너,3229,4014
2013-11-01,소선여중앞,60,513
2013-11-01,솔렌스힐건너,4935,781
2013-11-01,솔렌스힐앞,1729,446
2013-11-01,솔밭기세길건너,1,25
2013-11-01,솔밭기세길입구,243,3
2013-11-01,솔비식당입구,12,3
2013-11-01,솔비식당입구맞은편,571,48
2013-11-01,송원맨션건너,12152,1153
2013-11-01,송원맨션앞,2782,1140
2013-11-01,송정1동,2,6
2013-11-01,송정동1,42,14
2013-11-01,송정동2,23,0
2013-11-01,송정동3,8,7
2013-11-01,송정동4,44,25
2013-11-01,송정마을1,4,46
2013-11-01,송정마을2,106,2
2013-11-01,송정삼거리1,366,300
2013-11-01,송정삼거리2,196,511
2013-11-01,송정삼거리3,4491,887
2013-11-01,송정삼거리4,6227,1002
2013-11-01,송해공원,2,1
2013-11-01,송현1동치안센터건너,6050,1608
2013-11-01,송현2동주민센터건너,632,217
2013-11-01,송현공원건너,687,288
2013-11-01,송현공원앞,490,678
2013-11-01,송현교,1101,77
2013-11-01,송현교2,91,40
2013-11-01,송현여중고교건너,2916,769
2013-11-01,송현여중고교앞,4112,3449
2013-11-01,송현역(1번출구),11711,2073
2013-11-01,송현역(2번출구),15717,3304
2013-11-01,송현역(3번출구),16664,12776
2013-11-01,송현역(4번출구),5960,3887
2013-11-01,송현제림타운건너,4833,9056
2013-11-01,송현제림타운앞,3196,926
2013-11-01,송현초등학교건너,3192,855
2013-11-01,송현초등학교앞,8513,346
2013-11-01,수리리,110,36
2013-11-01,수성4가동주민센터앞,665,135
2013-11-01,수성경찰서건너,24725,6940
2013-11-01,수성경찰서앞,15431,10407
2013-11-01,수성고등학교건너,4724,921
2013-11-01,수성고등학교앞,3201,573
2013-11-01,수성관광호텔건너,2382,322
2013-11-01,수성관광호텔앞,2207,478
2013-11-01,수성교1,6670,5325
2013-11-01,수성교2,5813,3399
2013-11-01,수성구민운동장건너,7412,2388
2013-11-01,수성구민운동장앞,5838,10575
2013-11-01,수성구보건소건너,24856,2372
2013-11-01,수성구보건소앞,10048,4098
2013-11-01,수성구청건너,24681,10633
2013-11-01,수성구청앞,24877,7669
2013-11-01,수성네거리1,14205,6049
2013-11-01,수성네거리2,12949,3021
2013-11-01,수성대학교건너,38672,8185
2013-11-01,수성대학교앞,16440,15347
2013-11-01,수성도서관건너,13147,2100
2013-11-01,수성도서관앞,6664,2959
2013-11-01,수성동삼익맨션앞,1161,128
2013-11-01,수성동일하이빌앞,698,118
2013-11-01,수성랜드1,3640,207
2013-11-01,수성랜드2,893,3080
2013-11-01,수성랜드건너,1257,573
2013-11-01,수성랜드건너2,399,493
2013-11-01,수성랜드앞,772,1012
2013-11-01,수성롯데캐슬건너,13173,1859
2013-11-01,수성롯데캐슬앞,15746,5167
2013-11-01,수성못건너,710,406
2013-11-01,수성못앞,836,685
2013-11-01,수성못오거리1,12489,2589
2013-11-01,수성못오거리2,12021,2859
2013-11-01,수성못오거리5,811,433
2013-11-01,수성못코오롱하늘채,4496,3354
2013-11-01,수성소방서1,965,1290
2013-11-01,수성소방서2,135,1860
2013-11-01,수성시니어클럽건너,2369,2422
2013-11-01,수성시니어클럽앞,6210,998
2013-11-01,수성시장건너,2773,1144
2013-11-01,수성시장네거리1,11940,2599
2013-11-01,수성시장네거리2,13720,5793
2013-11-01,수성시장앞,2382,830
2013-11-01,수성아트피아건너,6500,3122
2013-11-01,수성아트피아앞,3995,2647
2013-11-01,수성요양병원,668,104
2013-11-01,수성월드메르디앙건너,467,233
2013-11-01,수성월드메르디앙앞,783,55
2013-11-01,수성초등학교,6477,2628
2013-11-01,수성태영데시앙건너,1422,866
2013-11-01,수성태영데시앙앞,3980,486
2013-11-01,수성하이츠,2422,154
2013-11-01,수정맨션앞,1655,201
2013-11-01,수창초등학교,669,3759
2013-11-01,수태골건너,6,6
2013-11-01,수태골앞,44,1
2013-11-01,스파밸리1,101,314
2013-11-01,스파밸리2,8174,62
2013-11-01,시립희망원,916,488
2013-11-01,시민교회건너,868,133
2013-11-01,시민교회앞,534,525
2013-11-01,시민운동장(야구장건너),3023,680
2013-11-01,시민운동장(야구장앞),2394,738
2013-11-01,시민운동장(축구장건너),3825,3981
2013-11-01,시민운동장(축구장앞),6573,998
2013-11-01,시지(종점),3829,491
2013-11-01,시지대성유니드건너,639,40
2013-11-01,시지대성유니드앞,1731,1548
2013-11-01,시지보성아파트앞,23326,8986
2013-11-01,시지중학교,17783,1132
2013-11-01,시지천마타운앞,3477,1642
2013-11-01,시청별관건너1,7331,2509
2013-11-01,시청별관건너2,5542,1323
2013-11-01,시청별관앞(구.경북도청),5113,4029
2013-11-01,신기리1,48,29
2013-11-01,신기리2,204,55
2013-11-01,신기역(화성타운건너),9423,1505
2013-11-01,신기역(화성타운앞),12983,1480
2013-11-01,신남역(1번출구),3921,1170
2013-11-01,신당동주민센터건너,1934,901
2013-11-01,신당동주민센터앞,9262,529
2013-11-01,신당리,953,6
2013-11-01,신덕마을입구,96,47
2013-11-01,신도운수건너,964,130
2013-11-01,신도운수앞,1130,153
2013-11-01,신매광장건너,40760,8211
2013-11-01,신매광장앞,44924,8442
2013-11-01,신매시장,4758,10717
2013-11-01,신매초등학교건너,8539,1855
2013-11-01,신매초등학교앞,7975,2105
2013-11-01,신매태성아파트,61,518
2013-11-01,신매태성아파트건너,5643,1668
2013-11-01,신무동1,491,0
2013-11-01,신무동2,1,4
2013-11-01,신생원앞,36,1
2013-11-01,신서성당건너,3966,389
2013-11-01,신서성당앞,8,337
2013-11-01,신성에스앤티건너,643,30
2013-11-01,신성에스앤티앞,137,8
2013-11-01,신성중공업건너,6,133
2013-11-01,신성중공업앞,391,0
2013-11-01,신성초등학교건너,4336,8571
2013-11-01,신성초등학교앞,6278,1353
2013-11-01,신세계병원건너,21230,13413
2013-11-01,신세계병원앞,10576,10165
2013-11-01,신세계주유소건너,7331,352
2013-11-01,신세계주유소앞,907,1244
2013-11-01,신세월입구,16,0
2013-11-01,신신정비공장1,9411,5387
2013-11-01,신신정비공장2,28600,23207
2013-11-01,신암건영캐스빌건너,3523,692
2013-11-01,신암건영캐스빌앞,1718,113
2013-11-01,신암보성아파트건너,1453,450
2013-11-01,신암보성아파트앞,1119,963
2013-11-01,신암초등학교건너,4956,2253
2013-11-01,신천3동행정복지센터건너,3314,517
2013-11-01,신천3동행정복지센터앞,1808,2102
2013-11-01,신천3치안센터건너,3826,1459
2013-11-01,신천3치안센터앞,5106,3117
2013-11-01,신천LH아파트건너,7329,2082
2013-11-01,신천LH아파트앞,12657,4487
2013-11-01,신천교1,1645,820
2013-11-01,신천교2,1686,242
2013-11-01,신천시장건너,2717,640
2013-11-01,신천시장앞,3637,1226
2013-11-01,신천역(2번출구),4093,1964
2013-11-01,신천역(3번출구),2022,780
2013-11-01,신천역(4번출구),6073,2477
2013-11-01,신천역(5번출구),9613,1908
2013-11-01,신천초등학교건너,593,51
2013-11-01,신천초등학교앞,307,74
2013-11-01,신평동1,430,1569
2013-11-01,신평동2,2013,128
2013-11-01,신평리네거리1,20215,9449
2013-11-01,신평리네거리2,26742,9479
2013-11-01,신평리주유소건너,1510,287
2013-11-01,신평리주유소앞,565,345
2013-11-01,신흥버스,17623,3483
2013-11-01,실내체육관건너,3383,754
2013-11-01,실내체육관앞,3751,1409
2013-11-01,심신수련장입구건너,1374,251
2013-11-01,심신수련장입구앞,713,215
2013-11-01,심인고등학교건너,21898,2789
2013-11-01,심인고등학교앞,12428,2466
2013-11-01,쌍용머티리얼,1417,83
2013-11-01,아너스월성앞,3183,602
2013-11-01,아멕스,494,24
2013-11-01,아멕스건너,850,21
2013-11-01,아양교1,3546,1151
2013-11-01,아양교2,13064,13169
2013-11-01,아양교3,899,20494
2013-11-01,아양교4,4909,1017
2013-11-01,아양교역(1번출구),69151,69022
2013-11-01,아양교역(2번출구),80838,8839
2013-11-01,아양아트센터건너,3535,296
2013-11-01,아양아트센터앞,1200,280
2013-11-01,아주섬유건너,3,56
2013-11-01,아주섬유앞,148,3
2013-11-01,아주철강건너,79,16
2013-11-01,아주철강앞,87,4
2013-11-01,안심교(경산방향),182,83
2013-11-01,안심교(반야월방향),358,6186
2013-11-01,안심신우타운앞,1700,3059
2013-11-01,안심역(4번출구),49927,397
2013-11-01,안심역(5번출구),5768,44855
2013-11-01,안심주공1단지건너,11384,1603
2013-11-01,안심주공1단지앞,5576,665
2013-11-01,안심주공2단지앞,444,1265
2013-11-01,안심중학교건너,1261,1722
2013-11-01,안심중학교앞,1512,1101
2013-11-01,안심효성타운건너,11534,1875
2013-11-01,안심효성타운앞,20928,2149
2013-11-01,안지랑네거리1,23844,7930
2013-11-01,안지랑네거리2,27595,8706
2013-11-01,앞산공원,11485,4256
2013-11-01,앞산공원관리사무소건너,431,78
2013-11-01,앞산공원관리사무소앞,10,663
2013-11-01,앞산궁도장건너,662,153
2013-11-01,앞산궁도장앞,337,49
2013-11-01,앞산별자리체험학습장1,3362,39
2013-11-01,앞산별자리체험학습장2,129,622
2013-11-01,앞산보성타운건너,77,63
2013-11-01,앞산보성타운앞,2791,3
2013-11-01,앞산빨래터공원,793,150
2013-11-01,앞산빨래터공원1,792,91
2013-11-01,앞산자락카페마실건너,49,167
2013-11-01,앞산자락카페마실앞,1247,585
2013-11-01,앞산청구제네스건너,5752,2778
2013-11-01,앞산청구제네스앞,12673,2035
2013-11-01,앞산힐스테이트건너,2611,503
2013-11-01,앞산힐스테이트앞,1046,258
2013-11-01,약령시건너(동성로입구),196839,32806
2013-11-01,약령시앞,139060,67978
2013-11-01,약령시입구,2968,1810
2013-11-01,약사회관건너,318,67
2013-11-01,약사회관앞,490,49
2013-11-01,약산온천,2,0
2013-11-01,약산온천입구,677,93
2013-11-01,양지마을건너,1179,474
2013-11-01,양지마을앞,3836,27
2013-11-01,어린이회관건너1,2641,5212
2013-11-01,어린이회관건너2,54,423
2013-11-01,어린이회관앞,6096,3175
2013-11-01,에이스이노텍건너,130,4
2013-11-01,에이스이노텍앞,272,130
2013-11-01,엑스코건너,5759,1852
2013-11-01,엑스코앞,18409,768
2013-11-01,엘디스리젠트호텔건너,5620,4948
2013-11-01,엘디스리젠트호텔앞,3781,6357
2013-11-01,여성메디파크,734,522
2013-11-01,역전시장건너,5248,1066
2013-11-01,역전시장앞,5257,855
2013-11-01,연경1,83,36
2013-11-01,연경2,344,0
2013-11-01,연암네거리1,17995,3857
2013-11-01,연암네거리2,3688,401
2013-11-01,연암네거리3,137,2332
2013-11-01,연젓마을건너,33,2
2013-11-01,연젓마을입구,0,3
2013-11-01,연호동,0,4
2013-11-01,연호동(종점),14,1
2013-11-01,연호동화훼단지1,3717,2990
2013-11-01,연호동화훼단지2,11283,822
2013-11-01,연호역(3번출구),63,11
2013-11-01,연호역(3번출구)건너,0,25
2013-11-01,연호지,299,435
2013-11-01,연호지건너,220,5357
2013-11-01,연화리1,1,12
2013-11-01,연화리2,2,210
2013-11-01,열병합발전소건너,1,0
2013-11-01,열병합발전소앞,0,1
2013-11-01,영남고등학교건너,16724,18502
2013-11-01,영남고등학교앞,38080,3493
2013-11-01,영남네오빌건너,1091,48
2013-11-01,영남네오빌비스타,1143,317
2013-11-01,영남네오빌앞,310,572
2013-11-01,영남농업연구소콩연구,5,8
2013-11-01,영남우방타운1차건너,3775,473
2013-11-01,영남우방타운1차앞,5776,422
2013-11-01,영남이공대학건너,14047,3403
2013-11-01,영남이공대학앞,27566,1407
2013-11-01,영남일보건너,3509,584
2013-11-01,영남종합전기,319,65
2013-11-01,영대병원역,39148,3722
2013-11-01,영대병원역(3번출구),33092,15861
2013-11-01,영일무역건너,294,13
2013-11-01,영일무역앞,72,72
2013-11-01,영조아파트건너,5,48
2013-11-01,영조아파트앞,2577,38
2013-11-01,영진고등학교건너,20588,2598
2013-11-01,영진고등학교앞,43896,18467
2013-11-01,영진산업,316,1
2013-11-01,영진전문대학정문건너,10134,1895
2013-11-01,영진전문대학정문앞,18150,3773
2013-11-01,영진전문대학후문건너,30170,5476
2013-11-01,영진전문대학후문앞,38692,13490
2013-11-01,영화,714,68
2013-11-01,예현2리마을회관,318,5
2013-11-01,오2리(음지머구),148,1
2013-11-01,오뚜기물류센터,150,4
2013-11-01,오리(양지마을),219,0
2013-11-01,오설리,7,0
2013-11-01,오성아파트,270,4424
2013-11-01,오페라삼정그린코아APT,15628,2885
2013-11-01,오페라하우스건너,1333,370
2013-11-01,오페라하우스앞,1065,419
2013-11-01,옥분리(구진터),151,1
2013-11-01,옥분리1,30,40
2013-11-01,옥분리마을회관앞,248,2
2013-11-01,옥산정미소,653,128
2013-11-01,옥연지,0,7
2013-11-01,옥연지건너,10,51
2013-11-01,옥포간경리1,1198,792
2013-11-01,옥포간경리2,7696,447
2013-11-01,옥포농협,257,29
2013-11-01,옥포농협강림지소건너,856,520
2013-11-01,옥포농협강림지소앞,4910,86
2013-11-01,옥포농협건너,4688,173
2013-11-01,옥포농협앞,993,216
2013-11-01,옥포무지개마을,3657,182
2013-11-01,옥포주유소앞,215,135
2013-11-01,옥포중앙교회앞,71,58
2013-11-01,옥포초등학교건너,723,625
2013-11-01,옥포초등학교앞,4455,696
2013-11-01,올림픽기념관건너,8407,4078
2013-11-01,올림픽기념관앞,13766,2216
2013-11-01,와룡공원건너,356,648
2013-11-01,와룡공원앞,751,187
2013-11-01,와룡시장,6592,361
2013-11-01,와룡시장건너,2158,613
2013-11-01,용계동1,7,12
2013-11-01,용계동2,427,551
2013-11-01,용계동3,2699,224
2013-11-01,용계동4,760,387
2013-11-01,용계삼거리1,8065,9699
2013-11-01,용계삼거리2,3093,2407
2013-11-01,용계삼거리3,562,713
2013-11-01,용계삼거리4,569,862
2013-11-01,용계역(1번출구),19479,3764
2013-11-01,용계역(2번출구),6145,1155
2013-11-01,용산1동주민센터건너,7629,3162
2013-11-01,용산1동주민센터앞,4076,1579
2013-11-01,용산2동주민센터건너,2413,825
2013-11-01,용산2동주민센터건너2,2559,1478
2013-11-01,용산2동주민센터앞,32660,2324
2013-11-01,용산네거리1,25125,4338
2013-11-01,용산네거리2,56134,15594
2013-11-01,용산역,1444,93
2013-11-01,용산역(1번출구),1295,398
2013-11-01,용산역(2번출구),39635,6201
2013-11-01,용산종합큰시장건너,13086,981
2013-11-01,용산종합큰시장앞,6290,1603
2013-11-01,용수동1,3,2
2013-11-01,용수동2,158,0
2013-11-01,용연사,181,15
2013-11-01,용연사시설집단지구건너,59,0
2013-11-01,용연사시설집단지구앞,116,36
2013-11-01,우록리,427,0
2013-11-01,우록리(부곡장식당),5,3
2013-11-01,우록리(선흥사입구),2,14
2013-11-01,우록리(종점),1807,62
2013-11-01,우방강촌마을건너,30233,1302
2013-11-01,우방강촌마을앞,12364,2491
2013-11-01,우방금탑아파트(서편),2791,6536
2013-11-01,우방드림시티건너,2384,4348
2013-11-01,우방드림시티앞,6484,1327
2013-11-01,우방만촌하이츠건너,4232,2287
2013-11-01,우방만촌하이츠앞,4880,3719
2013-11-01,우방송현하이츠,790,144
2013-11-01,우방송현하이츠건너,225,30
2013-11-01,우방신세계타운앞,570,136
2013-11-01,우방신천지타운건너,3597,613
2013-11-01,우방신천지타운앞,11572,2635
2013-11-01,우방아파트삼거리,367,306
2013-11-01,우방죽전타운건너,9920,4203
2013-11-01,우방죽전타운앞1,7916,1053
2013-11-01,우방죽전타운앞2,2370,257
2013-11-01,우방청솔맨션건너,11022,2419
2013-11-01,우방청솔맨션앞,16113,18110
2013-11-01,욱수초등학교건너,5094,2782
2013-11-01,욱수초등학교앞,34539,1255
2013-11-01,운암지공원1,307,2
2013-11-01,운암지공원2,6,265
2013-11-01,운암초등학교건너,10496,735
2013-11-01,운암초등학교앞,10257,69
2013-11-01,웃갈미마을건너,216,24
2013-11-01,웃갈미마을앞,1,20
2013-11-01,웃는얼굴아트센터1,1672,189
2013-11-01,웃는얼굴아트센터2,1111,181
2013-11-01,원대네거리,850,156
2013-11-01,원대시장건너,20300,2579
2013-11-01,원대시장건너2,1658,551
2013-11-01,원대시장앞,14516,5957
2013-11-01,원대역1,11443,22052
2013-11-01,원대역2,17864,3319
2013-11-01,원대오거리북편1,2450,2390
2013-11-01,원대오거리북편2,772,342
2013-11-01,원불교앞,687,770
2013-11-01,월곡네거리,175,712
2013-11-01,월광수변공원,2555,240
2013-11-01,월드컵삼거리,774,224
2013-11-01,월드컵삼거리앞,628,689
2013-11-01,월배농협대덕지점건너,3168,569
2013-11-01,월배시장건너,12961,5209
2013-11-01,월배시장앞,15384,1805
2013-11-01,월배쌍용예가건너,1276,17
2013-11-01,월배쌍용예가앞,8,49
2013-11-01,월배역(3번출구),9609,8390
2013-11-01,월배역(4번출구),9093,3065
2013-11-01,월배이안아파트건너,126,0
2013-11-01,월배이안아파트앞,23,23
2013-11-01,월배중학교건너,1547,1329
2013-11-01,월배중학교앞,603,720
2013-11-01,월배차량기지건너,0,33
2013-11-01,월배차량기지앞,461,122
2013-11-01,월배초등학교건너,8621,3170
2013-11-01,월배힐스테이트건너,1705,29
2013-11-01,월배힐스테이트앞,4,163
2013-11-01,월성1동주민센터건너,6739,1683
2013-11-01,월성1동주민센터앞,3845,255
2013-11-01,월성2동주민센터건너,15606,2026
2013-11-01,월성2동주민센터앞,29666,2980
2013-11-01,월성e-편한세상건너,15653,2789
2013-11-01,월성e-편한세상앞,799,2335
2013-11-01,월성영남맨션앞,621,364
2013-11-01,월성자이앞,148,435
2013-11-01,월성주공2단지앞,10746,1794
2013-11-01,월성주공3단지,1578,847
2013-11-01,월성주공4단지건너,36893,4254
2013-11-01,월성주공4단지앞1,2776,297
2013-11-01,월성주공4단지앞2,20035,4192
2013-11-01,월성주공5단지앞,7238,6066
2013-11-01,월성청구코아건너,23701,1881
2013-11-01,월성청구코아앞,17065,4388
2013-11-01,월성코오롱하늘채건너,336,108
2013-11-01,월성코오롱하늘채앞,3182,312
2013-11-01,월성푸르지오앞,16018,3016
2013-11-01,월암교1,1068,6
2013-11-01,월암교2,240,75
2013-11-01,월촌고가교1,410,484
2013-11-01,월촌고가교2,1859,226
2013-11-01,월촌역(6번출구),19283,1813
2013-11-01,월촌역(7번출구),8321,3391
2013-11-01,월촌초등학교건너,1188,306
2013-11-01,월촌초등학교앞,1593,771
2013-11-01,위남마을입구,2871,121
2013-11-01,위천1리건너,358,31
2013-11-01,위천1리앞,1394,42
2013-11-01,위천삼거리(논공방향),347,42
2013-11-01,위천삼거리(현풍방향),154,148
2013-11-01,유가사(종점),477,10
2013-11-01,유가차천,1583,111
2013-11-01,유가차천1,333,479
2013-11-01,유곡리(회차지),24,5
2013-11-01,유니버시아드레포츠센터건너,2925,1251
2013-11-01,유니버시아드선수촌2단지건너,13237,4338
2013-11-01,유니버시아드선수촌2단지앞,3140,825
2013-11-01,유림물산,1650,295
2013-11-01,유림한의원건너,394,209
2013-11-01,유산리,201,1
2013-11-01,유신섬유네거리1,709,93
2013-11-01,유신섬유네거리2,3173,58
2013-11-01,유천교(유천치안센터건너),10400,5852
2013-11-01,유천교(유천치안센터앞),18473,11675
2013-11-01,유천교1,12732,432
2013-11-01,유천교2,498,4299
2013-11-01,유천포스코건너,2606,204
2013-11-01,유천포스코앞,4082,6095
2013-11-01,유통단지회차지,1631,404
2013-11-01,유통단지회차지2,3862,276
2013-11-01,육상진흥센터건너,115,87
2013-11-01,육상진흥센터앞,152,249
2013-11-01,육신사,190,11
2013-11-01,율원초등학교건너,41,1529
2013-11-01,율원초등학교앞,3053,131
2013-11-01,율하역,653,2931
2013-11-01,율하역(4번출구),11175,2223
2013-11-01,율하역(5번출구),9260,893
2013-11-01,율하휴먼시아15단지앞,7623,4021
2013-11-01,율하휴먼시아5단지건너,127,279
2013-11-01,율하휴먼시아5단지앞,2468,645
2013-11-01,율하휴먼시아6단지건너,1170,839
2013-11-01,율하휴먼시아6단지앞,10029,635
2013-11-01,율하휴먼시아8단지앞,8638,334
2013-11-01,율하휴먼시아9단지앞,1319,403
2013-11-01,은하타운건너,833,1029
2013-11-01,은하타운앞,1311,1963
2013-11-01,은행APT입구,402,456
2013-11-01,읍내동주민센터건너,5947,2242
2013-11-01,읍내동주민센터앞,310,64
2013-11-01,응암1리1,26,14
2013-11-01,응암1리2,13,0
2013-11-01,응암2리,29,2
2013-11-01,응암2리건너,25,131
2013-11-01,응암2리앞,0,57
2013-11-01,응암3리2,52,1
2013-11-01,이곡1동주민센터건너,8040,718
2013-11-01,이곡1동주민센터앞,3204,3114
2013-11-01,이곡마을,336,17
2013-11-01,이곡양수장건너,55,73
2013-11-01,이곡양수장앞,224,709
2013-11-01,이곡장미공원건너,4592,934
2013-11-01,이곡장미공원앞,3683,917
2013-11-01,이마트경산점,8036,3020
2013-11-01,이마트반야월점건너,1400,282
2013-11-01,이마트반야월점앞,2647,927
2013-11-01,이마트시지점건너,3841,1205
2013-11-01,이마트시지점앞,351,487
2013-11-01,이마트월배점건너,207,2343
2013-11-01,이마트월배점앞,7312,921
2013-11-01,이마트칠성점앞,1579,1509
2013-11-01,이마트트레이더스건너,6107,2536
2013-11-01,이마트트레이더스앞,14807,4339
2013-11-01,이시아폴리스더샵1단지,28336,1157
2013-11-01,이시아폴리스더샵2단지,1788,988
2013-11-01,이월드(구.우방랜드)건너,1507,101
2013-11-01,이월드(구.우방랜드)앞,402,179
2013-11-01,이월드(구.우방랜드)정문,4771,6079
2013-11-01,이월드(구.우방랜드)후문건너,2920,1396
2013-11-01,이월드(구.우방랜드)후문앞,2000,494
2013-11-01,이천동,5,7
2013-11-01,이천동(종점),59,1
2013-11-01,이천리(시내방향),159,15
2013-11-01,이천리(시외방향),103,1
2013-11-01,이천새마을금고건너,10783,1182
2013-11-01,이천치안센터건너,1702,2677
2013-11-01,이현고개삼거리,2,3
2013-11-01,이현삼거리1,87,228
2013-11-01,이현삼거리2,894,102
2013-11-01,이현삼거리3,2827,1088
2013-11-01,이현자동차검사소건너,1538,379
2013-11-01,이현자동차검사소앞,1049,129
2013-11-01,이현지구대건너,716,435
2013-11-01,이현지구대앞,400,216
2013-11-01,인동촌시장건너,2731,2088
2013-11-01,인동촌시장입구,11928,627
2013-11-01,인산마을건너,868,1
2013-11-01,인산마을앞,33,89
2013-11-01,인지초등학교입구,1,0
2013-11-01,일심제약,135,29
2013-11-01,입석중학교건너,9570,3145
2013-11-01,입석중학교앞,5214,2035
2013-11-01,잉꼬아파트건너,698,186
2013-11-01,잉꼬아파트앞,1491,1328
2013-11-01,자모공원,28,0
2013-11-01,장관빌라건너,1341,105
2013-11-01,장관빌라앞,892,223
2013-11-01,장기영남네오빌,58,22
2013-11-01,장기초등학교,1078,312
2013-11-01,장기초등학교1,2,50
2013-11-01,장기초등학교2,41,4
2013-11-01,장기초록나라건너,2835,3469
2013-11-01,장기초록나라앞,6098,482
2013-11-01,장기파랑새마을앞,47,115
2013-11-01,장동초등학교건너,3070,18
2013-11-01,장동초등학교앞,105,651
2013-11-01,장산초등학교건너,816,174
2013-11-01,장산초등학교앞,900,63
2013-11-01,장성초등학교건너,921,8303
2013-11-01,장성초등학교앞,394,2162
2013-11-01,장태실마을건너,518,60
2013-11-01,장태실마을앞,39,29
2013-11-01,적십자혈액원건너,3244,705
2013-11-01,적십자혈액원앞,2201,866
2013-11-01,전기안전공사건너,1256,1544
2013-11-01,전기안전공사앞,2610,371
2013-11-01,전기재료관1,557,552
2013-11-01,전기재료관2,107,326
2013-11-01,전자관,4102,1278
2013-11-01,전자상가,10936,1684
2013-11-01,정대1리(바깥매남),97,0
2013-11-01,정대1리(안매남),54,0
2013-11-01,정대2리마을회관앞,481,7
2013-11-01,정대리(대구미술광장),96,0
2013-11-01,정대숲,237,0
2013-11-01,정대숲건너,7,1
2013-11-01,정대숲앞,41,0
2013-11-01,정동고등학교건너,5197,2444
2013-11-01,정동고등학교앞,9636,631
2013-11-01,정부대구지방합동청사건너,742,72
2013-11-01,정부대구지방합동청사앞,208,118
2013-11-01,정부대구지방합동청사후문1,1225,771
2013-11-01,정화우방팔레스,14652,6298
2013-11-01,정화우방팔레스건너,26164,2774
2013-11-01,제일규산,1083,26
2013-11-01,제일여자상업고등학교건너,18298,6633
2013-11-01,제일여자상업고등학교앞,20327,3235
2013-11-01,조달청건너,3414,2066
2013-11-01,조달청앞,6754,746
2013-11-01,조암네거리1,334,48
2013-11-01,조암네거리2,790,648
2013-11-01,조암초등학교건너,22,10
2013-11-01,조암초등학교앞,122,15
2013-11-01,조야동(종점),11132,735
2013-11-01,조일로봇고등학교(종점),7784,759
2013-11-01,주1리1,14,25
2013-11-01,주1리2,525,104
2013-11-01,주2리(최정사입구),6,30
2013-11-01,주2리1,191,0
2013-11-01,주리(삼진식당),0,31
2013-11-01,죽곡2지구1,5,0
2013-11-01,죽곡2지구2,9,44
2013-11-01,죽전119안전센터건너,3809,2126
2013-11-01,죽전119안전센터앞,4812,787
2013-11-01,죽전그린빌건너,3196,2758
2013-11-01,죽전그린빌앞,11220,1119
2013-11-01,죽전네거리1,30072,5120
2013-11-01,죽전네거리2,18656,7399
2013-11-01,중구보건소건너,3164,5648
2013-11-01,중구보건소앞,2364,1599
2013-11-01,중구청건너,25306,4219
2013-11-01,중구청앞,26890,16208
2013-11-01,중대1동회관앞,2434,4
2013-11-01,중동교1,3604,7579
2013-11-01,중동교2,1204,184
2013-11-01,중동네거리1,5451,1066
2013-11-01,중동네거리2,2877,5449
2013-11-01,중동서울아파트건너,239,134
2013-11-01,중동서울아파트앞,1144,64
2013-11-01,중동시장건너,16658,5705
2013-11-01,중동시장앞,22257,2032
2013-11-01,중동주민센터건너,451,143
2013-11-01,중동주민센터앞,456,244
2013-11-01,중동치안센터건너,1293,206
2013-11-01,중동치안센터앞,416,208
2013-11-01,중리광명맨션건너,14623,1629
2013-11-01,중리광명맨션앞,8885,1830
2013-11-01,중리네거리1,6051,1684
2013-11-01,중리네거리2,5573,1266
2013-11-01,중리롯데캐슬건너,9033,5988
2013-11-01,중리롯데캐슬서편,3942,1679
2013-11-01,중리롯데캐슬앞,15951,2129
2013-11-01,중리롯데캐슬정문앞,628,120
2013-11-01,중리마을,1934,6
2013-11-01,중리삼거리1,16,182
2013-11-01,중리삼거리2,1290,6
2013-11-01,중리시장건너1,260,203
2013-11-01,중리시장건너2,688,169
2013-11-01,중리시장앞,7080,1257
2013-11-01,중리중학교,701,87
2013-11-01,중마을(갓바위방향),680,1083
2013-11-01,중마을(시내방향),282,2
2013-11-01,중부소방서건너,1870,1360
2013-11-01,중부소방서앞,6869,1838
2013-11-01,중석타운건너,63,483
2013-11-01,중석타운앞,10213,192
2013-11-01,중소기업관건너,30,673
2013-11-01,중소기업관앞,1747,248
2013-11-01,중소기업지원센터,345,126
2013-11-01,중심마을,140,62
2013-11-01,중앙일보건너,1490,916
2013-11-01,중앙일보앞,5023,89
2013-11-01,지묘동1,3045,484
2013-11-01,지묘동2,8860,121
2013-11-01,지묘초등학교건너,8095,270
2013-11-01,지묘초등학교앞,626,181
2013-11-01,지산2길입구,200,2
2013-11-01,지산2길입구건너,96,14
2013-11-01,지산동서맨션건너,6452,1676
2013-11-01,지산동서맨션앞,19635,786
2013-11-01,지산목련아파트건너,21640,1534
2013-11-01,지산목련아파트앞,11052,2649
2013-11-01,지산시영아파트1단지건너,1929,1574
2013-11-01,지산시영아파트1단지앞,5775,292
2013-11-01,지산영남맨션앞,2837,1986
2013-11-01,지산우방아파트,5599,1148
2013-11-01,지산중학교입구,517,312
2013-11-01,지산청구타운건너,2364,2403
2013-11-01,지산청구타운앞,17854,679
2013-11-01,지산타운건너,26681,680
2013-11-01,지산타운앞,2795,5607
2013-11-01,지산한라타운건너,19241,486
2013-11-01,지산한라타운앞,2816,2948
2013-11-01,지산현대주택건너,4746,2366
2013-11-01,지산현대주택앞,13842,1754
2013-11-01,지산화성파크드림,1478,581
2013-11-01,지저동행정복지센터건너,19179,2489
2013-11-01,지저동행정복지센터앞,4251,1273
2013-11-01,진달래아파트건너,8813,3444
2013-11-01,진달래아파트앞,12360,3898
2013-11-01,진월초등학교건너,1017,807
2013-11-01,진월초등학교앞,451,579
2013-11-01,진인동(양지마을)건너,3,32
2013-11-01,진인동(양지마을)앞,90,11
2013-11-01,진인동(진정마을)1,92,14
2013-11-01,진인동(진정마을)2,14,4
2013-11-01,진정마을1,1385,2
2013-11-01,진정마을2,66,47
2013-11-01,진천역(1번출구),33574,6069
2013-11-01,진천역(2번출구),20587,6871
2013-11-01,진천청구타운건너,739,486
2013-11-01,진천청구타운앞,3287,296
2013-11-01,징리보건소,53,0
2013-11-01,차량등록사업소건너,487,942
2013-11-01,차량등록사업소앞,630,172
2013-11-01,창1리1,2,0
2013-11-01,창1리2,93,31
2013-11-01,천내우방1차,1,1
2013-11-01,청구고등학교건너,16001,2131
2013-11-01,청구고등학교앞,22557,4963
2013-11-01,청구그린맨션1차건너,9441,2079
2013-11-01,청구그린맨션1차앞,15535,2616
2013-11-01,청구시장건너,5927,427
2013-11-01,청구시장건너2,395,226
2013-11-01,청구시장북편,2444,336
2013-11-01,청구시장북편건너,3171,466
2013-11-01,청구시장앞,5844,1073
2013-11-01,청구중동아파트,292,620
2013-11-01,청구타운건너,1139,1591
2013-11-01,청구타운앞,1398,319
2013-11-01,청기와주유소건너,20585,3796
2013-11-01,청기와주유소앞,16850,3144
2013-11-01,청남타운건너,1263,67
2013-11-01,청남타운앞,381,622
2013-11-01,청백다례원,1330,1183
2013-11-01,청소년수련원건너,332,101
2013-11-01,청소년수련원앞,605,487
2013-11-01,청아람푸르지오2단지1,1,12
2013-11-01,청아람푸르지오2단지2,64,12
2013-11-01,청운맨션건너,1068,266
2013-11-01,청운맨션앞,751,637
2013-11-01,충혼탑건너,4589,80
2013-11-01,충혼탑앞,417,809
2013-11-01,측백수림건너,548,0
2013-11-01,측백수림앞,3,20
2013-11-01,칠곡2차영남타운건너,3353,418
2013-11-01,칠곡2차영남타운앞,4006,547
2013-11-01,칠곡3차보성타운1,929,163
2013-11-01,칠곡3차보성타운2,5882,318
2013-11-01,칠곡3차화성타운1,5080,54
2013-11-01,칠곡3차화성타운2,8832,172
2013-11-01,칠곡3차화성타운3,38,332
2013-11-01,칠곡경대병원역,7,365
2013-11-01,칠곡경북대병원,780,209
2013-11-01,칠곡경북대병원정문건너,311,336
2013-11-01,칠곡경북대병원정문앞,3669,30
2013-11-01,칠곡경북대병원후문건너,4180,309
2013-11-01,칠곡경북대병원후문앞,402,25
2013-11-01,칠곡그린빌2차건너,11587,529
2013-11-01,칠곡그린빌2차앞,18611,1347
2013-11-01,칠곡그린빌3차건너,14598,286
2013-11-01,칠곡그린빌3차앞,326,1175
2013-11-01,칠곡그린빌5단지건너,2443,218
2013-11-01,칠곡그린빌5단지앞,2689,1233
2013-11-01,칠곡그린빌6단지건너,1055,133
2013-11-01,칠곡그린빌6단지앞,254,42
2013-11-01,칠곡그린파크1,8673,2566
2013-11-01,칠곡그린파크2,22137,1112
2013-11-01,칠곡네스빌,147,131
2013-11-01,칠곡대백맨션건너,4934,55
2013-11-01,칠곡대백맨션앞,234,627
2013-11-01,칠곡동화아파트건너,3603,2256
2013-11-01,칠곡동화아파트앞,16705,1910
2013-11-01,칠곡롯데아파트건너,20,215
2013-11-01,칠곡롯데아파트앞,4512,28
2013-11-01,칠곡부영1단지,3227,320
2013-11-01,칠곡서한맨션,981,10
2013-11-01,칠곡서한맨션앞,107,403
2013-11-01,칠곡시장건너,11803,829
2013-11-01,칠곡시장앞,1665,2164
2013-11-01,칠곡에덴타운건너,29354,8106
2013-11-01,칠곡에덴타운앞,23503,4108
2013-11-01,칠곡우방타운건너(종점),232,17
2013-11-01,칠곡우방타운건너(종점),2666,2
2013-11-01,칠곡우방타운앞(종점),7240,239
2013-11-01,칠곡주공그린빌1단지건너,2415,506
2013-11-01,칠곡주공그린빌1단지앞,8925,354
2013-11-01,칠곡중학교건너(칠곡향교건너),1457,681
2013-11-01,칠곡중학교앞(칠곡향교앞),19612,918
2013-11-01,칠곡청구타운건너,372,660
2013-11-01,칠곡청구타운앞,3512,211
2013-11-01,칠곡초등학교건너,108,477
2013-11-01,칠곡초등학교앞,1264,188
2013-11-01,칠곡한라타운건너,3984,55
2013-11-01,칠곡한라타운앞,61,573
2013-11-01,칠곡한서타운건너,11174,1471
2013-11-01,칠곡한신아파트건너,2036,369
2013-11-01,칠곡한신아파트앞1,9322,891
2013-11-01,칠곡한신아파트앞2,1228,161
2013-11-01,칠곡화성타운건너,7994,149
2013-11-01,칠곡화성타운앞1,7550,2171
2013-11-01,칠곡화성타운앞2,2305,725
2013-11-01,칠성고가도로하단,1021,224
2013-11-01,칠성꽃도매시장건너,747,1427
2013-11-01,칠성꽃도매시장앞,1632,1915
2013-11-01,칠성시장(농협건너),72,209
2013-11-01,칠성시장(농협앞),970,240
2013-11-01,칠성시장(양친회신협),5,120
2013-11-01,칠성시장(전자상가건너),5350,466
2013-11-01,칠성시장(전자상가앞),1790,1057
2013-11-01,칠성시장건너,38798,19134
2013-11-01,칠성시장앞1,2064,5033
2013-11-01,칠성시장역(서문프라자건너),3324,5599
2013-11-01,칠성시장역(서문프라자앞),24502,2362
2013-11-01,칠성우방타운,681,241
2013-11-01,침산3동주민센터,10799,1400
2013-11-01,침산남영타운건너,2700,2111
2013-11-01,침산남영타운앞,7040,452
2013-11-01,침산네거리1,10331,1198
2013-11-01,침산네거리2,16021,3303
2013-11-01,침산동화타운건너,5769,157
2013-11-01,침산동화타운앞,483,950
2013-11-01,침산변전소건너,11167,3483
2013-11-01,침산변전소앞,9180,2321
2013-11-01,침산중학교건너,2339,258
2013-11-01,침산중학교앞,4703,404
2013-11-01,침산초등학교건너,4047,1009
2013-11-01,침산초등학교앞,1095,969
2013-11-01,침산초등학교후문,381,39
2013-11-01,침산코오롱하늘채건너,7868,1584
2013-11-01,침산코오롱하늘채앞,20247,3683
2013-11-01,캐슬골드파크(1102동),17743,1716
2013-11-01,캐슬골드파크(1504동),14009,3043
2013-11-01,케이에스건너,8,28
2013-11-01,케이에스앞,531,29
2013-11-01,코스트코홀세일건너/복현화성타운앞,4260,4071
2013-11-01,코스트코홀세일앞/복현화성타운건너,42145,2560
2013-11-01,코오롱아파트,18695,1377
2013-11-01,퀸벨호텔건너,17563,2730
2013-11-01,퀸벨호텔앞,8614,6774
2013-11-01,퀸스로드건너,1969,2869
2013-11-01,퀸스로드건너(동편),11255,1981
2013-11-01,퀸스로드앞,4147,1078
2013-11-01,퀸스로드앞(동편),14710,3475
2013-11-01,크리스탈호텔앞,1408,493
2013-11-01,큰고개1,3641,10466
2013-11-01,큰고개2,7816,4107
2013-11-01,큰고개오거리1,19237,1151
2013-11-01,큰고개오거리2,4531,12074
2013-11-01,큰장네거리1,64869,11556
2013-11-01,큰장네거리2,37296,19437
2013-11-01,큰장네거리3,17978,6464
2013-11-01,큰장네거리4,31324,13434
2013-11-01,태성맨션건너,4,135
2013-11-01,태성맨션앞,2644,1669
2013-11-01,태왕그린힐즈건너,149,477
2013-11-01,태왕그린힐즈앞1,73,626
2013-11-01,태왕그린힐즈앞2,2666,28
2013-11-01,태왕메트로시티건너,5667,2305
2013-11-01,태왕메트로시티앞,3653,1904
2013-11-01,태왕아너스베스트앞,5402,291
2013-11-01,태왕아너스복현건너,3184,1164
2013-11-01,태왕아너스복현앞,7417,1473
2013-11-01,태전두성타운건너,6628,1000
2013-11-01,태전두성타운앞,1939,461
2013-11-01,태전삼거리1,13602,8511
2013-11-01,태전삼거리2,31812,6511
2013-11-01,태전역1,14561,7977
2013-11-01,태전중석타운,1098,60
2013-11-01,태전중석타운건너,1673,388
2013-11-01,태전중앙시장건너,3060,1734
2013-11-01,태전중앙시장앞,8926,3606
2013-11-01,태전휴먼시아,1289,72
2013-11-01,태평상가건너,5356,6088
2013-11-01,태평상가앞1,5502,6066
2013-11-01,태평상가앞2,218,182
2013-11-01,태현초등학교앞,9921,90
2013-11-01,터실마을,7,1
2013-11-01,텍스빌,10466,1644
2013-11-01,토지주택공사건너,3538,1631
2013-11-01,토지주택공사앞,9154,1042
2013-11-01,퇴계마을건너,0,4
2013-11-01,퇴계마을앞,79,0
2013-11-01,파계교,323,403
2013-11-01,파계사(종점),8374,1074
2013-11-01,파군재삼거리1,848,2806
2013-11-01,파군재삼거리2,673,990
2013-11-01,파동1차시장건너,1568,1125
2013-11-01,파동1차시장앞,11065,626
2013-11-01,파동우체국앞,719,656
2013-11-01,파동청구하이츠,7505,463
2013-11-01,파크맨션건너,10244,2738
2013-11-01,파크맨션앞,7790,2345
2013-11-01,파티마병원건너1,19507,10656
2013-11-01,파티마병원건너2,2780,2218
2013-11-01,팔거역3,320,97
2013-11-01,팔거역4,915,134
2013-11-01,팔공3차보성타운건너,802,5
2013-11-01,팔공3차보성타운앞,72,207
2013-11-01,팔공3차보성타운후문,4570,100
2013-11-01,팔공보성아파트건너,1179,511
2013-11-01,팔공보성아파트앞,8521,584
2013-11-01,팔공산IC입구,196,3972
2013-11-01,팔공산맥건너,4915,697
2013-11-01,팔공산맥앞,776,220
2013-11-01,팔공학생야영장앞,328,10
2013-11-01,팔공학생야영장입구건너,13,2
2013-11-01,팔공학생야영장입구앞,144,110
2013-11-01,팔공한마음주유소,7,15
2013-11-01,팔공한마음주유소건너,56,2
2013-11-01,팔달시장건너,37302,5662
2013-11-01,팔달시장앞,42600,16398
2013-11-01,팔달시장역,43502,15262
2013-11-01,팔달신시장,25073,6019
2013-11-01,팔달신시장2,5927,1171
2013-11-01,팔달역2,429,1168
2013-11-01,팔달중학교건너,7655,178
2013-11-01,팔달중학교앞,5465,311
2013-11-01,팔달초등학교,158,407
2013-11-01,팔레스호텔건너,22887,5974
2013-11-01,팔레스호텔앞1,5365,1812
2013-11-01,팔레스호텔앞2,666,819
2013-11-01,팔현마을,46,2
2013-11-01,평광3차아파트,5016,52
2013-11-01,평광3차아파트건너,3872,339
2013-11-01,평광새마을금고,174,0
2013-11-01,평광종점,465,40
2013-11-01,평리1동주민센터건너,61,89
2013-11-01,평리1동주민센터앞,2669,217
2013-11-01,평리2동주민센터건너,12525,1469
2013-11-01,평리2동주민센터앞,5233,2287
2013-11-01,평리3동주민센터건너,2047,188
2013-11-01,평리6동주민센터앞,1425,491
2013-11-01,평리광명네거리,624,1718
2013-11-01,평리광명맨션건너,2668,866
2013-11-01,평리광명맨션앞,805,407
2013-11-01,평리네거리1,14581,14895
2013-11-01,평리네거리2,16376,4981
2013-11-01,평리명성아파트건너,5053,1254
2013-11-01,평리명성아파트앞,3253,855
2013-11-01,평리중학교건너,1622,735
2013-11-01,평리중학교앞,2220,179
2013-11-01,평리청구타운건너,35048,10882
2013-11-01,평리청구타운앞,33154,8663
2013-11-01,평안,604,39
2013-11-01,평촌2리,17,2
2013-11-01,평촌리,70,0
2013-11-01,평현치안센터건너,6410,960
2013-11-01,평화시장(닭똥집골목)건너,23900,5235
2013-11-01,평화시장(닭똥집골목)앞,52610,10963
2013-11-01,평화씨엠비건너,1165,40
2013-11-01,평화씨엠비앞,206,98
2013-11-01,평화정공건너,735,263
2013-11-01,평화정공앞,644,45
2013-11-01,평화타운건너,22038,1949
2013-11-01,푸드웰건너,3792,64
2013-11-01,푸드웰앞,101,188
2013-11-01,푸르밀대구공장,56,0
2013-11-01,푸르밀대구공장건너,1,2
2013-11-01,풋살경기장(50사단),658,56
2013-11-01,풍국주정공업,1172,52
2013-11-01,하나원전문장례식장,0,1
2013-11-01,하리(약산온천)건너,203,24
2013-11-01,하목정(종점),0,6
2013-11-01,하빈농협건너,191,0
2013-11-01,하빈농협동곡지점1,58,50
2013-11-01,하빈농협동곡지점2,876,10
2013-11-01,하빈농협앞,13,11
2013-11-01,하빈농협입구,13,7
2013-11-01,하빈면사무소건너,183,3
2013-11-01,하빈면사무소앞,13,8
2013-11-01,하빈우체국건너,429,8
2013-11-01,하빈우체국앞,13,2
2013-11-01,하빈주유소앞,5,10
2013-11-01,하빈초등학교앞,258,3
2013-11-01,하산1리,532,2
2013-11-01,하산2리,201,0
2013-11-01,하산스무지(종점),137,6
2013-11-01,학남고등학교건너,1718,318
2013-11-01,학남고등학교앞,4279,384
2013-11-01,학남초등학교건너,61,734
2013-11-01,학남초등학교앞,2768,234
2013-11-01,학산아파트건너,39,20
2013-11-01,학산아파트앞,10,19
2013-11-01,학정청아람1,672,488
2013-11-01,학정청아람2,3035,25
2013-11-01,학정청아람건너,4647,368
2013-11-01,학정청아람앞,2086,437
2013-11-01,한가람타운건너,22483,7477
2013-11-01,한가람타운앞,19022,3260
2013-11-01,한걸고정마을,126,1
2013-11-01,한국감정원앞,277,186
2013-11-01,한국건강관리협회앞,6495,501
2013-11-01,한국국토정보공사건너,3509,6292
2013-11-01,한국국토정보공사앞,2115,808
2013-11-01,한국농어촌공사건너,21798,4965
2013-11-01,한국농어촌공사앞,18614,1218
2013-11-01,한국델파이건너,56,223
2013-11-01,한국델파이앞,1247,179
2013-11-01,한국도로공사건너,112,597
2013-11-01,한국도로공사앞,6360,31
2013-11-01,한국방송통신대학교건너,2887,718
2013-11-01,한국방송통신대학교앞,949,492
2013-11-01,한국산업은행성서지점건너,375,1141
2013-11-01,한국산업은행성서지점앞,5197,261
2013-11-01,한국산업인력공단건너,3547,96
2013-11-01,한국산업인력공단앞,104,212
2013-11-01,한국생산기술연구원건너,35,28
2013-11-01,한국생산기술연구원앞,49,17
2013-11-01,한국클래드텍건너,357,2
2013-11-01,한국클래드텍앞,2,116
2013-11-01,한국타이어,226,1117
2013-11-01,한국타이어건너,206,61
2013-11-01,한국패션센터,2556,182
2013-11-01,한국폴리텍VI대구대학건너,16064,3605
2013-11-01,한국폴리텍VI대구대학앞,8878,8466
2013-11-01,한국폴리텍대학(섬유패션캠퍼스),115,1358
2013-11-01,한국환경자원공사,3,14
2013-11-01,한국환경자원공사건너,129,0
2013-11-01,한도아파트앞,9990,485
2013-11-01,한라하우젠트,708,19
2013-11-01,한마음주유소건너,2482,471
2013-11-01,한마음주유소앞,1914,381
2013-11-01,한샘교회,4232,1733
2013-11-01,한샘교회건너,1047,838
2013-11-01,한서기전건너,336,76
2013-11-01,한서기전앞,121,28
2013-11-01,한양공작맨션건너,41,153
2013-11-01,한양공작맨션앞,997,22
2013-11-01,한양산호아파트건너,5969,220
2013-11-01,한양산호아파트앞,1307,54
2013-11-01,한양수정아파트,27,65
2013-11-01,한양코스모스아파트건너,53,93
2013-11-01,한양코스모스아파트앞,1075,252
2013-11-01,한전동대구지사,22166,4129
2013-11-01,한전동대구지사건너,15036,3804
2013-11-01,한전서대구지사건너,18351,9447
2013-11-01,한전서대구지사앞,14572,3488
2013-11-01,한정3리,14,0
2013-11-01,한정리(한정초교),45,0
2013-11-01,한정리(한정초교건너),12,3
2013-11-01,한화꿈에그린건너1,509,615
2013-11-01,한화꿈에그린앞,12828,2656
2013-11-01,함지초등학교건너,967,542
2013-11-01,함지초등학교앞,8584,222
2013-11-01,해랑교(시외방향),65,40
2013-11-01,해랑교1,2,5
2013-11-01,해랑교2,584,0
2013-11-01,해랑교건너,2066,106
2013-11-01,해안동행정복지센터,354,193
2013-11-01,해안역(1번출구),8104,1815
2013-11-01,해안역(3번출구),6894,3154
2013-11-01,해안초등학교뒤,2,5
2013-11-01,행정1리건너,35,0
2013-11-01,행정1리앞,10,4
2013-11-01,행정2리건너,0,5
2013-11-01,행정2리앞,51,18
2013-11-01,행정리,542,29
2013-11-01,행정리(한천서원),189,1
2013-11-01,헬로TV대구방송건너,5929,3326
2013-11-01,헬로TV대구방송앞,6176,2638
2013-11-01,현내1리,184,7
2013-11-01,현내2리중방마을건너,135,0
2013-11-01,현내2리중방마을앞,4,1
2013-11-01,현대금속,1453,53
2013-11-01,현대메카닉스건너,177,0
2013-11-01,현대메카닉스앞,0,10
2013-11-01,현대백조아파트(북편),4163,222
2013-11-01,현대백조아파트건너,2234,269
2013-11-01,현대백조아파트앞,2448,683
2013-11-01,현대백화점.동아쇼핑건너,25548,7719
2013-11-01,현대백화점.동아쇼핑앞,33192,2263
2013-11-01,현대시장건너,11646,1162
2013-11-01,현대시장앞,2192,2046
2013-11-01,현대시장앞2,699,244
2013-11-01,현대해상건너,28352,15245
2013-11-01,현대해상앞,24081,5801
2013-11-01,현충로역(3번출구),29583,8518
2013-11-01,현충로역(4번출구),22876,10205
2013-11-01,현충삼거리1,408,483
2013-11-01,현충삼거리2,2720,176
2013-11-01,현풍고속도로밑,204,48
2013-11-01,현풍농협,2821,353
2013-11-01,현풍면사무소건너,1,1
2013-11-01,현풍면사무소앞,188,0
2013-11-01,현풍삼거리,20,50
2013-11-01,현풍새마을금고,6406,549
2013-11-01,현풍시외버스터미널,1899,424
2013-11-01,현풍운전시험장,400,5
2013-11-01,현풍주공아파트,46,27
2013-11-01,현풍주공아파트2,11,121
2013-11-01,현풍주공아파트앞,386,101
2013-11-01,현풍중고등학교,46,203
2013-11-01,현풍중고등학교건너,1174,106
2013-11-01,현풍터미널건너,1168,65
2013-11-01,현풍터미널앞,514,470
2013-11-01,현풍할매곰탕,1586,482
2013-11-01,현풍할매곰탕건너,853,188
2013-11-01,호산초등학교건너,12,31
2013-11-01,호산초등학교앞,145,518
2013-11-01,홈플러스내당점건너,9978,860
2013-11-01,홈플러스내당점앞,4616,4459
2013-11-01,홈플러스대구점건너,827,1967
2013-11-01,홈플러스대구점앞,19133,10340
2013-11-01,홈플러스동촌점건너,5523,3221
2013-11-01,홈플러스동촌점앞,11492,1305
2013-11-01,홈플러스칠곡점건너,9601,639
2013-11-01,홈플러스칠곡점앞,2637,906
2013-11-01,홍천사건너,1118,22
2013-11-01,홍천사입구,57,245
2013-11-01,화남초등학교건너,18,415
2013-11-01,화남초등학교앞,4880,408
2013-11-01,화동초등학교건너,704,151
2013-11-01,화동초등학교앞,664,108
2013-11-01,화랑교1,1127,5257
2013-11-01,화랑교2,10981,767
2013-11-01,화성그랜드건너,325,147
2013-11-01,화성그랜드앞,167,63
2013-11-01,화성리버파크건너,5387,310
2013-11-01,화성리버파크앞,954,660
2013-11-01,화성센트럴파크,4240,235
2013-11-01,화성쌍용타운건너,580,42
2013-11-01,화성쌍용타운앞1,1079,293
2013-11-01,화성쌍용타운앞2,88,1711
2013-11-01,화성전문요양원건너,300,189
2013-11-01,화성전문요양원앞,1380,586
2013-11-01,화성파크뷰건너,6878,325
2013-11-01,화성파크뷰앞,636,1988
2013-11-01,화영테크건너,31,20
2013-11-01,화영테크앞,463,32
2013-11-01,화원고등학교(종점),974,53
2013-11-01,화원고등학교(종점)2,236,94
2013-11-01,화원고등학교건너,7586,704
2013-11-01,화원고등학교앞,1623,933
2013-11-01,화원농협주유소건너,1159,576
2013-11-01,화원농협주유소앞,6213,2862
2013-11-01,화원삼주타운건너,6290,365
2013-11-01,화원삼주타운앞,253,189
2013-11-01,화원시장건너,2946,370
2013-11-01,화원시장앞,98,545
2013-11-01,화원유원지(사문진주막촌),392,28
2013-11-01,화원유원지건너,122,15
2013-11-01,화원유원지입구,0,4
2013-11-01,화원초등학교건너,19775,3732
2013-11-01,화원초등학교앞,30712,9398
2013-11-01,화전동1,7,33
2013-11-01,화전동2,501,3
2013-11-01,황금2동치안센터건너,1161,515
2013-11-01,황금2동치안센터앞,3735,257
2013-11-01,황금네거리1,25634,2293
2013-11-01,황금네거리2,7632,3530
2013-11-01,황금시장건너,179,100
2013-11-01,황금시장앞,1672,65
2013-11-01,황금우방1차건너,15786,2294
2013-11-01,황금우방1차앞,4481,2400
2013-11-01,황금초등학교건너,1804,1316
2013-11-01,황금초등학교앞,4732,245
2013-11-01,황제맨션건너,4774,5124
2013-11-01,황제맨션앞,4585,1362
2013-11-01,효동초등학교건너,3744,1174
2013-11-01,효동초등학교앞,8328,1028
2013-11-01,효목네거리1,9321,989
2013-11-01,효목네거리2,2224,2390
2013-11-01,효목네거리3,8597,4176
2013-11-01,효성타운앞,13756,937
2013-11-01,흥사단 대구지부건너,1499,289
2013-11-01,흥사단 대구지부앞,1187,2213
2013-11-01,흥성정공건너,216,8
2013-11-01,흥성정공앞,109,28
2013-11-01,희망교1,1079,126
2013-11-01,희성전자건너,8,27
2013-11-01,희성전자앞,424,72
2013-11-01,힐크레스트남문건너,430,219
2013-11-01,힐크레스트남문앞,128,934
2013-11-01,힐크레스트입구,330,533
2013-12-01,(주)성안건너,34,161
2013-12-01,(주)영화건너,3,120
2013-12-01,(주)영화앞,592,1
2013-12-01,1차서한화성타운건너,242,77
2013-12-01,1차서한화성타운앞,689,81
2013-12-01,2.28기념중앙공원건너1,71487,17059
2013-12-01,2.28기념중앙공원건너2,22179,12857
2013-12-01,2.28기념중앙공원앞,161059,20048
2013-12-01,2차대자연맨션건너,2267,901
2013-12-01,2차대자연맨션앞,9843,1330
2013-12-01,2차서한화성타운건너,38320,2641
2013-12-01,2차서한화성타운앞,19379,3350
2013-12-01,2호선반월당역1,28390,6146
2013-12-01,2호선반월당역2,16633,6211
2013-12-01,3공단새마을금고앞,5089,1644
2013-12-01,CGV대구한일건너,125291,21759
2013-12-01,CGV대구한일앞,35149,5823
2013-12-01,IHL건너,43,0
2013-12-01,IHL앞,41,6
2013-12-01,K-2입구,2366,753
2013-12-01,K2관사입구(종점),2225,86
2013-12-01,KT남대구지사건너1,11020,3668
2013-12-01,KT남대구지사건너2,1855,717
2013-12-01,KT남대구지사앞1,23962,8510
2013-12-01,KT남대구지사앞2,1269,2121
2013-12-01,KT동대구지사건너,27328,15339
2013-12-01,KT동대구지사앞,18911,2273
2013-12-01,KT북대구지사건너,4388,320
2013-12-01,KT북대구지사앞,7326,699
2013-12-01,KT상동지사건너,3485,297
2013-12-01,KT상동지사앞,1027,572
2013-12-01,KT서대구지사건너,24376,3012
2013-12-01,KT서대구지사앞,19634,7746
2013-12-01,LG물류센터건너,3806,1933
2013-12-01,LG물류센터앞,8929,4536
2013-12-01,LH5단지아파트앞,43,8
2013-12-01,MBC네거리,10457,2756
2013-12-01,SK리더스뷰건너,15325,2496
2013-12-01,SK리더스뷰앞,6577,2214
2013-12-01,STX메탈건너,1374,4814
2013-12-01,STX메탈앞,58,820
2013-12-01,TBC건너,15075,705
2013-12-01,TBC앞,3082,2429
2013-12-01,TCN대구방송건너,2205,310
2013-12-01,TCN대구방송앞,3208,459
2013-12-01,㈜윔스건너,149,205
2013-12-01,㈜윔스앞,299,24
2013-12-01,가야농원,289,5
2013-12-01,가창농협건너,2492,2906
2013-12-01,가창농협앞,12135,489
2013-12-01,가창댐,5,1
2013-12-01,가창댐1,10,114
2013-12-01,가창면사무소건너,4931,1874
2013-12-01,가창면사무소앞,11975,1365
2013-12-01,가창중학교건너,2097,455
2013-12-01,가창중학교앞,186,179
2013-12-01,가창초등학교건너,4714,407
2013-12-01,가창초등학교앞,960,57
2013-12-01,가천동앞,129,12
2013-12-01,가천리,98,37
2013-12-01,가태리마을회관건너,277,0
2013-12-01,가태리마을회관앞,21,14
2013-12-01,각산역(1번출구),8587,1725
2013-12-01,각산역(2번출구),1519,1236
2013-12-01,갈실마을회관종점,469,42
2013-12-01,감문1리1,5,1
2013-12-01,감문1리2,396,2
2013-12-01,감문1리3,0,24
2013-12-01,감문1리4,18,0
2013-12-01,감삼네거리1,18594,6075
2013-12-01,감삼네거리2,60049,27873
2013-12-01,감삼초등학교건너,10814,1867
2013-12-01,감삼초등학교앞,8243,1169
2013-12-01,갓골건너,538,0
2013-12-01,갓골앞,2,26
2013-12-01,갓바위,20929,37
2013-12-01,강남약국건너,61023,13927
2013-12-01,강남약국앞1,30868,9092
2013-12-01,강남약국앞2,10727,1467
2013-12-01,강동중·고등학교,17,244
2013-12-01,강동중·고등학교건너,8984,42
2013-12-01,강변동서마을건너,6798,324
2013-12-01,강변동서마을앞,3586,1746
2013-12-01,강북경찰서건너,1653,1111
2013-12-01,강북경찰서앞,2099,489
2013-12-01,강북중학교건너,167,1402
2013-12-01,강북중학교앞,10514,35
2013-12-01,강산아파트건너,5039,8998
2013-12-01,강산아파트앞,6281,1572
2013-12-01,강정(종점),9,2
2013-12-01,강정보(디아크문화관)건너,58,8
2013-12-01,강정보(디아크문화관)입구,150,2
2013-12-01,강창교1,3915,273
2013-12-01,강창교2,147,757
2013-12-01,강창역(1번출구),6140,812
2013-12-01,강창역(2번출구),26896,1096
2013-12-01,강창하이츠,9283,581
2013-12-01,거동교1,691,470
2013-12-01,거동교2,758,704
2013-12-01,건들바위건너,1179,847
2013-12-01,건들바위앞,699,1893
2013-12-01,건영아파트건너,14987,8569
2013-12-01,건영캐스빌건너,13477,1486
2013-12-01,건영캐스빌앞,870,958
2013-12-01,검단119안전센터(엑스코),65,46
2013-12-01,검단동대구축협앞,5775,62
2013-12-01,검단동주민센터1,7,0
2013-12-01,검단동주민센터2,3,122
2013-12-01,검단동주민센터건너,12984,123
2013-12-01,검단동주민센터앞,79,707
2013-12-01,검단상가아파트건너,362,16
2013-12-01,검단상가아파트앞,278,94
2013-12-01,검단유성아파트(서편),10068,1823
2013-12-01,검단유성아파트건너,6834,1303
2013-12-01,검단유성아파트앞,19184,4642
2013-12-01,경기장네거리1,5265,1602
2013-12-01,경기장네거리2,5214,606
2013-12-01,경대교2,4050,785
2013-12-01,경대교건너,894,131
2013-12-01,경대교앞,183,1028
2013-12-01,경대사대부설고등학교앞,24570,11037
2013-12-01,경대아파트건너,31362,2663
2013-12-01,경대아파트앞,9252,2368
2013-12-01,경덕여고,858,367
2013-12-01,경동산업앞,119,15
2013-12-01,경명여고건너,3601,601
2013-12-01,경명여고앞,2439,1651
2013-12-01,경북고교종점,1787,1461
2013-12-01,경북고등학교건너,14032,3829
2013-12-01,경북고등학교앞,20504,1762
2013-12-01,경북고등학교종점건너,156,23
2013-12-01,경북공고건너,6084,4989
2013-12-01,경북공고앞,9705,4716
2013-12-01,경북공무원교육원1,835,474
2013-12-01,경북공무원교육원2,32,22
2013-12-01,경북교통,6638,2450
2013-12-01,경북교통앞,2542,2411
2013-12-01,경북기계공고건너,12057,4121
2013-12-01,경북기계공고앞,12074,5226
2013-12-01,경북농업기술원건너,34,329
2013-12-01,경북농업기술원앞,199,26
2013-12-01,경북대체육센터건너,10561,890
2013-12-01,경북대체육센터앞,4625,5640
2013-12-01,경북대학교병원건너,25547,11003
2013-12-01,경북대학교병원앞,45295,10026
2013-12-01,경북대학교북문건너,88298,2441
2013-12-01,경북대학교북문앞,39526,7871
2013-12-01,경북대학교서문건너,11043,1415
2013-12-01,경북대학교서문앞,3937,1072
2013-12-01,경북대학교정문건너,12751,3444
2013-12-01,경북대학교정문앞,29020,6043
2013-12-01,경북대학교치과병원,24515,10786
2013-12-01,경북아파트건너(고산동),21775,4298
2013-12-01,경북아파트건너(신천동),8468,15415
2013-12-01,경북아파트앞(고산동),14770,4756
2013-12-01,경북아파트앞(신천동),6104,3959
2013-12-01,경북여상건너,14386,9480
2013-12-01,경북여상앞,14083,2936
2013-12-01,경북크랑크,2218,15
2013-12-01,경상감영공원건너,125181,22260
2013-12-01,경상감영공원앞,86975,70368
2013-12-01,경상북도농업인회관,435,18
2013-12-01,경상여자고등학교건너,3755,480
2013-12-01,경상여자고등학교앞,9199,5906
2013-12-01,경서중학교건너,414,628
2013-12-01,경서중학교앞,2417,131
2013-12-01,경신고등학교건너,53432,7615
2013-12-01,경신고등학교앞,39089,12652
2013-12-01,경운초등학교건너,2217,1070
2013-12-01,경운초등학교앞,5596,6804
2013-12-01,경원고등학교건너,858,72
2013-12-01,경원고등학교앞,1759,321
2013-12-01,경일여자중학교건너,17725,1749
2013-12-01,경일여자중학교앞,4731,1256
2013-12-01,경주최씨종가(종점),545,25
2013-12-01,경주최씨종가1,4,4
2013-12-01,경진테크빌앞,703,1367
2013-12-01,경창산업,1573,141
2013-12-01,경희강재건너,815,727
2013-12-01,경희강재앞,3854,121
2013-12-01,계명대대명캠퍼스후문건너,2079,684
2013-12-01,계명대역(1번출구),2513,1647
2013-12-01,계명대역(2번출구),7004,4924
2013-12-01,계명대학교대명캠퍼스건너,20277,5764
2013-12-01,계명대학교대명캠퍼스앞,23056,6949
2013-12-01,계명대학교대명캠퍼스후문앞,1982,607
2013-12-01,계명대학교동문건너1,7661,985
2013-12-01,계명대학교동문건너2,30743,9475
2013-12-01,계명대학교동문앞,25482,6767
2013-12-01,계명대학교정문건너,36340,1513
2013-12-01,계명대학교정문앞,5432,2600
2013-12-01,계명문화대학건너,7729,927
2013-12-01,계명문화대학앞,14158,13466
2013-12-01,고모동입구,2646,2024
2013-12-01,고모역건너,383,95
2013-12-01,고모역앞,143,11
2013-12-01,고봉리,33,2
2013-12-01,고산2동주민센터건너,13446,3487
2013-12-01,고산2동주민센터앞,24270,965
2013-12-01,고산골입구,7089,917
2013-12-01,고산농협창고건너,931,227
2013-12-01,고산농협창고앞,341,3600
2013-12-01,고산도서관,20716,10534
2013-12-01,고산정수사업소건너,2677,876
2013-12-01,고성아파트(서편),11922,3107
2013-12-01,고성아파트건너,2552,137
2013-12-01,고성아파트건너(서편),5749,5303
2013-12-01,고성아파트앞,1854,538
2013-12-01,고성지구대1,1820,526
2013-12-01,고성지구대2,3250,8911
2013-12-01,골안골,37,83
2013-12-01,골안골지하보도앞,15,151
2013-12-01,공고네거리1,34089,12007
2013-12-01,공고네거리2,12903,3796
2013-12-01,공군기지관사입구,6,48
2013-12-01,공단역1,10214,13609
2013-12-01,공단역2,20618,7972
2013-12-01,공단하수처리장건너,53,386
2013-12-01,공단하수처리장앞,195,29
2013-12-01,공산댐건너,1512,78
2013-12-01,공산댐앞,65,73
2013-12-01,공산동행정복지센터건너,991,398
2013-12-01,공산동행정복지센터앞,5319,252
2013-12-01,공산초등학교건너,450,127
2013-12-01,공산초등학교앞,2962,103
2013-12-01,공산파출소,550,412
2013-12-01,공항시장건너,13829,937
2013-12-01,공항시장앞,5673,2052
2013-12-01,곽병원건너,45260,27461
2013-12-01,곽병원앞1,28639,8758
2013-12-01,곽병원앞2,11122,3921
2013-12-01,관리공단,566,201
2013-12-01,관음공영주차장앞,1693,15
2013-12-01,관음농협앞,211,77
2013-12-01,관음동주민센터건너,417,43
2013-12-01,관음동주민센터앞,2024,43
2013-12-01,관음변전소1,6073,107
2013-12-01,관음변전소2,34,412
2013-12-01,관음변전소3,140,11
2013-12-01,관음변전소4,979,69
2013-12-01,관음어린이집,294,90
2013-12-01,관음중학교(북편),1251,22
2013-12-01,광명은하아파트건너,6854,5829
2013-12-01,광명은하아파트앞,17448,1217
2013-12-01,광명프레지던트아파트건너,12376,6208
2013-12-01,광장타운건너,18250,5419
2013-12-01,광장타운앞,18010,3930
2013-12-01,교대부설초등학교건너,5389,309
2013-12-01,교대부설초등학교앞,463,1437
2013-12-01,교동시장앞,3821,1554
2013-12-01,교동초등학교건너,530,92
2013-12-01,교동초등학교앞,7,256
2013-12-01,교통연수원,19569,973
2013-12-01,교통연수원건너,11652,3517
2013-12-01,교항2리마을입구,3,142
2013-12-01,교항2리회관,5651,33
2013-12-01,교항리건너,2515,149
2013-12-01,교항리마을입구건너,170,3
2013-12-01,교항리앞,559,255
2013-12-01,구)달성군청건너,12500,4314
2013-12-01,구)달성군청앞,26471,20972
2013-12-01,구)대영학원건너,19462,3438
2013-12-01,구)대영학원앞,18606,12447
2013-12-01,구)효목2동행정복지센터건너,19049,1272
2013-12-01,구)효목2동행정복지센터앞,6999,2134
2013-12-01,구.남부정류장건너1,17048,12992
2013-12-01,구.남부정류장건너2,10491,4864
2013-12-01,구.남부정류장앞1,30236,5945
2013-12-01,구.남부정류장앞2,4298,2366
2013-12-01,구.동부정류장(남편),7837,1956
2013-12-01,구.동부정류장(메트로팔레스),14741,5377
2013-12-01,구.동부정류장건너,19403,1971
2013-12-01,구.동부정류장앞,10079,4312
2013-12-01,구둔산,819,16
2013-12-01,구룡촌건너,0,1
2013-12-01,구룡촌앞,110,0
2013-12-01,구병원건너,623,5393
2013-12-01,구병원앞,35896,6809
2013-12-01,구삼폭포건너,0,8
2013-12-01,구삼폭포앞,35,0
2013-12-01,구암가구골목1,3837,334
2013-12-01,구암가구골목2,1694,437
2013-12-01,구암교1,5982,3417
2013-12-01,구암교2,1478,953
2013-12-01,구암동1,658,49
2013-12-01,구암동2,155,403
2013-12-01,구암역(운전면허시험장)1,8459,437
2013-12-01,구암역(운전면허시험장)2,3253,551
2013-12-01,구암초등학교건너,2804,376
2013-12-01,구암초등학교앞,6987,168
2013-12-01,구지농공단지1,0,4
2013-12-01,구지농공단지2,366,0
2013-12-01,구지면사무소건너,660,572
2013-12-01,구지면사무소앞,2582,292
2013-12-01,구지청아람건너,7060,143
2013-12-01,구지청아람앞,731,548
2013-12-01,국립대구과학관정문건너,79,29
2013-12-01,국립대구과학관정문앞,297,14
2013-12-01,국립대구박물관건너,16908,1548
2013-12-01,국립대구박물관앞,11050,3946
2013-12-01,국민건강보험공단건너,30069,2172
2013-12-01,국민건강보험공단앞,12261,11346
2013-12-01,국민은행3공단지점건너,6588,1357
2013-12-01,국민은행3공단지점앞,3747,1103
2013-12-01,국우동현대아파트건너,724,67
2013-12-01,국우동현대아파트앞,4875,609
2013-12-01,국채보상운동기념공원,9510,6894
2013-12-01,굿모닝병원건너,11711,5436
2013-12-01,굿모닝병원앞,18824,3758
2013-12-01,궁전아파트건너,24,263
2013-12-01,궁전아파트앞,2566,103
2013-12-01,귀남지휴게소1,16,0
2013-12-01,귀남지휴게소2,0,1
2013-12-01,그랜드호텔건너,37889,24234
2013-12-01,그랜드호텔앞,65829,9109
2013-12-01,그린빌4단지,118,510
2013-12-01,그린빌4단지건너,1249,20
2013-12-01,그린빌4단지앞,281,168
2013-12-01,근로복지공단대구병원건너,2506,198
2013-12-01,근로복지공단대구병원앞,5178,495
2013-12-01,근린공원축구장건너,63,171
2013-12-01,근린공원축구장앞,1637,28
2013-12-01,금강동,135,14
2013-12-01,금계초등학교(교항리),722,267
2013-12-01,금복주건너,3239,367
2013-12-01,금복주앞,2039,396
2013-12-01,금봉네거리1,13183,1179
2013-12-01,금봉네거리2,6629,851
2013-12-01,금사리하이빌APT건너,1889,148
2013-12-01,금사리하이빌APT앞,407,220
2013-12-01,금융감독원건너,944,3084
2013-12-01,금포초등학교,1688,233
2013-12-01,금포초등학교건너,375,455
2013-12-01,금호기전,16,57
2013-12-01,금호지구(시내방향),102,0
2013-12-01,금호지구(종점방향),58,0
2013-12-01,금호화물자동차공영차고지,1,1
2013-12-01,기곡(종점),120,5
2013-12-01,기곡리1,6,2
2013-12-01,기곡리2,111,1
2013-12-01,기독교방송국건너,6415,2437
2013-12-01,기독교방송국앞,4453,1711
2013-12-01,기업은행대곡지점건너,109,1552
2013-12-01,기업은행대곡지점앞,26219,690
2013-12-01,기업은행죽전동지점건너,6416,826
2013-12-01,기업은행죽전동지점앞,3695,626
2013-12-01,김흥1리건너,150,0
2013-12-01,김흥1리앞,36,4
2013-12-01,김흥2리건너,0,2
2013-12-01,김흥2리앞,11,1
2013-12-01,김흥리마을입구,146,0
2013-12-01,남구청건너2,8050,7771
2013-12-01,남구청네거리1,7940,2223
2013-12-01,남구청네거리2,365,249
2013-12-01,남대구IC1,20281,1284
2013-12-01,남대구IC2,722,390
2013-12-01,남명삼거리1,2036,244
2013-12-01,남명삼거리2,2573,883
2013-12-01,남문시장건너1,1245,83
2013-12-01,남문시장건너2,13390,21059
2013-12-01,남문시장앞,27723,11761
2013-12-01,남문아파트앞,572,393
2013-12-01,남부경찰서건너,10733,2700
2013-12-01,남부경찰서앞,12800,8883
2013-12-01,남부교육지원청건너,9451,1117
2013-12-01,남부교육지원청앞,5672,1975
2013-12-01,남부도서관앞,194,614
2013-12-01,남부자동차종합시장건너,4102,652
2013-12-01,남부자동차종합시장앞,1026,380
2013-12-01,남부초등학교건너,1765,52
2013-12-01,남부초등학교앞,580,316
2013-12-01,남부초등학교앞2,7441,975
2013-12-01,남산2동주민센터건너,215,288
2013-12-01,남산2동주민센터앞,808,63
2013-12-01,남산고등학교건너,1025,69
2013-12-01,남산고등학교앞,398,203
2013-12-01,남산역(프린스호텔건너),9309,3984
2013-12-01,남산역건너(프린스호텔앞),24755,6658
2013-12-01,남산주유소건너,1672,1223
2013-12-01,남산주유소앞,1864,234
2013-12-01,남산초등학교건너,18271,2178
2013-12-01,남산초등학교앞,13767,8863
2013-12-01,남산휴먼시아앞,1698,521
2013-12-01,내2리새마을회관건너,91,0
2013-12-01,내2리새마을회관앞,7,7
2013-12-01,내당1동우체국건너,2736,310
2013-12-01,내당1동우체국앞,2944,438
2013-12-01,내당광명아파트,3766,3174
2013-12-01,내당삼익맨션건너,35399,8670
2013-12-01,내당삼익맨션앞,16356,21943
2013-12-01,내당코오롱아파트건너,8312,14240
2013-12-01,내당코오롱아파트앞,6382,1083
2013-12-01,내동,883,25
2013-12-01,내동건너,39,156
2013-12-01,내리1,2,57
2013-12-01,내리2,0,3
2013-12-01,내일교회건너,270,36
2013-12-01,내일교회앞,1092,32
2013-12-01,냉천2리,89,20
2013-12-01,냉천리1,2640,83
2013-12-01,냉천리2,49,275
2013-12-01,노곡동,5881,49
2013-12-01,노변중학교,935,77
2013-12-01,노변중학교건너,1404,67
2013-12-01,노변청구타운건너,194,78
2013-12-01,노변청구타운앞,255,65
2013-12-01,노원119안전센터건너,7497,3123
2013-12-01,노원119안전센터앞,2684,800
2013-12-01,노원네거리(공단세차장건너),600,594
2013-12-01,노원네거리(공단세차장앞),7649,186
2013-12-01,노원네거리(대구은행건너),1279,164
2013-12-01,노원네거리(대구은행앞),6132,696
2013-12-01,노원네거리1,5719,1109
2013-12-01,노원네거리2,10966,623
2013-12-01,노원동화타운건너,622,458
2013-12-01,노원동화타운앞,4927,569
2013-12-01,녹동서원앞,8,3
2013-12-01,녹원맨션1,3972,1681
2013-12-01,녹원맨션2,13559,610
2013-12-01,논공삼거리1,1811,20
2013-12-01,논공삼거리2,330,331
2013-12-01,논공읍사무소,961,276
2013-12-01,논공읍사무소건너1,4145,159
2013-12-01,논공읍사무소건너2,320,92
2013-12-01,농산물도매시장건너,41,12
2013-12-01,농산물도매시장앞,1991,175
2013-12-01,농수산물도매시장건너,4241,1457
2013-12-01,농수산물도매시장앞,10054,3396
2013-12-01,농촌진흥원입구,84,187
2013-12-01,농협동촌지점,508,192
2013-12-01,농협방촌지점,2738,107
2013-12-01,농협비료창고건너(연경),1,17
2013-12-01,농협비료창고앞(연경),6,1
2013-12-01,농협중앙회건너,25546,9445
2013-12-01,농협중앙회앞,65726,40808
2013-12-01,농협중앙회중동지점건너,2089,75
2013-12-01,농협중앙회중동지점앞,1021,623
2013-12-01,농협하나로마트건너,21,477
2013-12-01,능골1,140,1271
2013-12-01,능골건너,2990,28
2013-12-01,능성동(종점),459,20
2013-12-01,능성동예비군훈련장,58,28
2013-12-01,능성동입구건너,803,4
2013-12-01,능성동입구앞,4,48
2013-12-01,다리골,47,2
2013-12-01,다사고등학교건너,9359,4780
2013-12-01,다사고등학교앞,547,1961
2013-12-01,다사농협주유소건너,59,830
2013-12-01,다사농협주유소앞,8986,249
2013-12-01,다사역(4번출구),17,1
2013-12-01,다사읍사무소건너,8443,353
2013-12-01,다사읍사무소서재출장소건너,438,7
2013-12-01,다사읍사무소서재출장소앞,78,207
2013-12-01,다사읍사무소앞,9,123
2013-12-01,다사주공아파트건너,88,0
2013-12-01,다사주공아파트앞,1,153
2013-12-01,다사체육공원건너,11,0
2013-12-01,다사체육공원앞,47,3
2013-12-01,다사초등학교건너,36,9
2013-12-01,다사초등학교앞,0,34
2013-12-01,단산리(종점),305,0
2013-12-01,단산리입구,26,0
2013-12-01,달구벌종합복지관건너,1073,242
2013-12-01,달구벌종합복지관앞,586,83
2013-12-01,달서공고건너,288,116
2013-12-01,달서공고앞,15,30
2013-12-01,달서교회건너,24587,4141
2013-12-01,달서교회앞,20439,11765
2013-12-01,달서구새마을회건너,3489,139
2013-12-01,달서구새마을회앞,1342,247
2013-12-01,달서구청건너,18016,3189
2013-12-01,달서구청앞,6873,2545
2013-12-01,달서종합시장건너,1551,364
2013-12-01,달서종합시장앞,1156,171
2013-12-01,달서중고등학교,53,27
2013-12-01,달서중고등학교건너,278,1
2013-12-01,달서천하수종말처리장건너,95,0
2013-12-01,달서천하수종말처리장앞,2,1
2013-12-01,달서초교,2095,45
2013-12-01,달성2차공단관리청사,141,8
2013-12-01,달성2차산업단지출장소건너,1,0
2013-12-01,달성2차산업단지출장소앞,6,8
2013-12-01,달성경찰서,2493,537
2013-12-01,달성경찰서건너,3556,152
2013-12-01,달성공원건너,17915,3119
2013-12-01,달성공원앞,24661,21204
2013-12-01,달성군민운동장건너,1347,88
2013-12-01,달성군민운동장앞,1061,167
2013-12-01,달성군선거관리위원회건너,147,120
2013-12-01,달성군선거관리위원회앞,17,1395
2013-12-01,달성군청건너,519,272
2013-12-01,달성군청앞,3647,161
2013-12-01,달성기와건너,173,116
2013-12-01,달성기와앞,1009,45
2013-12-01,달성도서관입구,3,0
2013-12-01,달성문화원앞,3,0
2013-12-01,달성산업단지건너,189,50
2013-12-01,달성산업단지관리공단1,0,1
2013-12-01,달성산업단지관리공단2,16,0
2013-12-01,달성소방서건너,116,163
2013-12-01,달성소방서앞,363,218
2013-12-01,달성스포츠파크건너,1,15
2013-12-01,달성예비군훈련장건너,1844,168
2013-12-01,달성예비군훈련장앞,617,231
2013-12-01,달성우체국건너,693,508
2013-12-01,달성우체국앞,6196,173
2013-12-01,달성중학교건너,6520,757
2013-12-01,달성중학교앞,22366,5038
2013-12-01,달성초등학교건너,5700,1944
2013-12-01,달성초등학교앞,2051,426
2013-12-01,달성취수장건너,5,153
2013-12-01,달성취수장앞,90,35
2013-12-01,달창저수지,259,0
2013-12-01,달천리(시내방향),164,2
2013-12-01,달천리(시외방향),59,1
2013-12-01,담안마을1,5,18
2013-12-01,담안마을2,322,6
2013-12-01,담티고개1,318,526
2013-12-01,담티고개2,983,861
2013-12-01,당동마을건너,201,1
2013-12-01,당동마을앞,1,9
2013-12-01,당정마을입구,42,4
2013-12-01,당정마을입구건너,120,0
2013-12-01,대1리용흥지건너,213,2
2013-12-01,대1리용흥지앞,18,24
2013-12-01,대곡강산타운,27139,877
2013-12-01,대곡강산타운건너,3619,932
2013-12-01,대곡사계절타운건너,20267,696
2013-12-01,대곡사계절타운앞,6608,1997
2013-12-01,대곡역(1번출구),57336,2086
2013-12-01,대곡역(2번출구),37095,48497
2013-12-01,대곡역(한라하우젠트건너),23540,1573
2013-12-01,대곡역(한라하우젠트앞),6542,15539
2013-12-01,대곡역그린빌,8459,9314
2013-12-01,대곡주공1단지앞,6121,2073
2013-12-01,대곡주공2단지앞,23146,670
2013-12-01,대곡주공6단지앞,4140,498
2013-12-01,대곡주공7단지앞,17093,1122
2013-12-01,대곡주공8단지건너,4851,1241
2013-12-01,대곡주공8단지앞,27695,1875
2013-12-01,대곡중학교건너,4768,610
2013-12-01,대곡중학교앞,2892,747
2013-12-01,대공원역(1번출구),2683,6458
2013-12-01,대공원역(5번출구),5694,749
2013-12-01,대구가톨릭대학병원건너,24794,3443
2013-12-01,대구가톨릭대학병원앞,22697,2392
2013-12-01,대구경북과학기술원,191,27
2013-12-01,대구경북과학기술원기숙사,162,30
2013-12-01,대구고등학교건너,52446,12887
2013-12-01,대구고등학교앞,15392,6169
2013-12-01,대구고용노동청건너,18552,2611
2013-12-01,대구고용노동청앞,5764,1436
2013-12-01,대구공업대학1,13800,2570
2013-12-01,대구공업대학2,3998,3149
2013-12-01,대구공업대학건너,6930,3141
2013-12-01,대구공업대학앞,6532,2584
2013-12-01,대구과학고등학교건너,13282,6060
2013-12-01,대구과학고등학교앞,21087,2154
2013-12-01,대구과학대학1,25471,12841
2013-12-01,대구과학대학2,70155,5618
2013-12-01,대구과학대학건너,2729,142
2013-12-01,대구과학대학앞,726,304
2013-12-01,대구광역시교육연수원건너,19513,1131
2013-12-01,대구광역시교육연수원앞,6388,3542
2013-12-01,대구광역시청건너,2205,1130
2013-12-01,대구광역시청앞,381,648
2013-12-01,대구교도소건너,10103,6372
2013-12-01,대구교도소앞,29635,3720
2013-12-01,대구교육대건너,191,3116
2013-12-01,대구교육대앞,23217,3790
2013-12-01,대구교통방송건너,6207,7724
2013-12-01,대구교통방송앞,21223,1649
2013-12-01,대구국제공항건너,25119,12258
2013-12-01,대구국제공항앞,28781,6815
2013-12-01,대구글로벌교육센터건너,5681,14470
2013-12-01,대구글로벌교육센터앞,4696,820
2013-12-01,대구농업마이스터고건너,28257,2438
2013-12-01,대구농업마이스터고앞,9808,12378
2013-12-01,대구농업마이스터고후문건너,3346,701
2013-12-01,대구농업마이스터고후문앞,2939,194
2013-12-01,대구도시공사앞,17039,2867
2013-12-01,대구동부고용복지플러스센터,12297,5688
2013-12-01,대구동촌유치원,1034,227
2013-12-01,대구디지털산업진흥원건너,26750,6483
2013-12-01,대구디지털산업진흥원앞,18575,3895
2013-12-01,대구맨션건너,2671,405
2013-12-01,대구맨션앞,4506,752
2013-12-01,대구문화방송건너,15621,5927
2013-12-01,대구문화방송앞,17037,3373
2013-12-01,대구미술관건너,1409,106
2013-12-01,대구미술관앞,1962,103
2013-12-01,대구병원건너,30531,2454
2013-12-01,대구병원앞,14267,7306
2013-12-01,대구보건고등학교건너,19476,7777
2013-12-01,대구보건고등학교앞,14136,2292
2013-12-01,대구보건대학3,16263,10152
2013-12-01,대구보건대학4,31097,5060
2013-12-01,대구보건대학5,73,15
2013-12-01,대구보건대학건너1,2442,117
2013-12-01,대구보건대학건너2,18367,579
2013-12-01,대구보건대학앞1,671,453
2013-12-01,대구보건대학앞2,1681,844
2013-12-01,대구보훈요양원건너,2,1
2013-12-01,대구보훈요양원앞,63,0
2013-12-01,대구비지니스센터건너,4804,414
2013-12-01,대구비지니스센터앞,5107,480
2013-12-01,대구사격장,45,2
2013-12-01,대구삼성창조캠퍼스1,1652,241
2013-12-01,대구삼성창조캠퍼스2,406,700
2013-12-01,대구선방촌공원,1102,35
2013-12-01,대구소방본부건너,491,259
2013-12-01,대구소방본부앞,1714,3616
2013-12-01,대구스타디움건너,3750,704
2013-12-01,대구스타디움앞,5100,781
2013-12-01,대구시교육청건너,1358,363
2013-12-01,대구시교육청앞,1665,6063
2013-12-01,대구시설공단건너,21093,3889
2013-12-01,대구시설공단앞,11713,20522
2013-12-01,대구시설관리사업소,28,130
2013-12-01,대구시지노인전문병원건너,415,55
2013-12-01,대구시지노인전문병원앞,658,1692
2013-12-01,대구신문사,130,807
2013-12-01,대구애견훈련학교건너,298,1
2013-12-01,대구애견훈련학교앞,3,5
2013-12-01,대구역,787,331
2013-12-01,대구역건너,42414,9139
2013-12-01,대구역꽃시장,553,920
2013-12-01,대구역북편네거리1,45622,5878
2013-12-01,대구역북편네거리2,15411,16954
2013-12-01,대구역센트럴자이,1432,140
2013-12-01,대구역앞,41665,11924
2013-12-01,대구예담학교,194,44
2013-12-01,대구우편집중국(동편),7,26
2013-12-01,대구우편집중국앞,3048,2285
2013-12-01,대구은행3공단지점앞,7422,723
2013-12-01,대구은행북비산지점건너1,14304,2881
2013-12-01,대구은행북비산지점건너2,2018,1011
2013-12-01,대구은행북비산지점앞,46376,7235
2013-12-01,대구은행산격지점앞,948,282
2013-12-01,대구은행역(1번출구),39542,8412
2013-12-01,대구은행역(2번출구),41906,8065
2013-12-01,대구은행제2본점앞,16455,3475
2013-12-01,대구은행칠곡지점건너,9463,2749
2013-12-01,대구은행칠곡지점앞,31213,7839
2013-12-01,대구은행평리동지점건너,4249,2053
2013-12-01,대구은행평리동지점앞,7151,2845
2013-12-01,대구의료원건너,8384,1107
2013-12-01,대구의료원라파엘웰빙센터,2116,154
2013-12-01,대구의료원라파엘웰빙센터건너,434,1238
2013-12-01,대구의료원앞,5000,1229
2013-12-01,대구일마이스터고교건너,4793,1256
2013-12-01,대구일마이스터고교앞,10620,867
2013-12-01,대구전자공고남편,131,355
2013-12-01,대구전자공업고등학교1,12011,584
2013-12-01,대구전자공업고등학교2,1352,3815
2013-12-01,대구제일고등학교건너,37803,8458
2013-12-01,대구제일고등학교앞,40350,24688
2013-12-01,대구중앙중고등학교건너,34168,4061
2013-12-01,대구중앙중고등학교앞,31395,5815
2013-12-01,대구중앙중학교건너,3016,38
2013-12-01,대구중앙중학교앞,216,1103
2013-12-01,대구중학교건너,1991,714
2013-12-01,대구중학교앞,7613,2322
2013-12-01,대구지료재생사,75,62
2013-12-01,대구지방경찰청,6769,1040
2013-12-01,대구지방법원등기국건너,6081,11879
2013-12-01,대구지방법원등기국앞,2368,1335
2013-12-01,대구지방법원서부지원,574,113
2013-12-01,대구차여성병원건너,4909,10387
2013-12-01,대구차여성병원앞,18820,1533
2013-12-01,대구콘서트하우스건너,20214,24747
2013-12-01,대구콘서트하우스앞,27267,3629
2013-12-01,대구텍건너,414,290
2013-12-01,대구텍앞,6177,1650
2013-12-01,대구학생문화센터,269,88
2013-12-01,대구학생수련관입구건너,536,4
2013-12-01,대구학생수련관입구앞,13,165
2013-12-01,대구한의대학교부속한방병원건너,271,134
2013-12-01,대구한의대학교부속한방병원앞,6071,190
2013-12-01,대구향교건너,2595,5303
2013-12-01,대구향교앞,1984,696
2013-12-01,대덕마을건너,649,1663
2013-12-01,대덕마을앞,405,120
2013-12-01,대덕맨션앞,11923,478
2013-12-01,대덕문화전당건너,1745,187
2013-12-01,대덕문화전당앞,31,140
2013-12-01,대덕승마장건너,499,25
2013-12-01,대덕승마장앞,188,44
2013-12-01,대덕식당건너,189,250
2013-12-01,대덕식당앞,4535,164
2013-12-01,대덕천주교회1,2043,509
2013-12-01,대덕천주교회2,3157,239
2013-12-01,대덕천주교회3,3975,166
2013-12-01,대덕천주교회4,134,504
2013-12-01,대덕초등학교,634,28
2013-12-01,대동공업,133,185
2013-12-01,대동공업건너,933,23
2013-12-01,대동금속건너,2417,44
2013-12-01,대동금속앞,814,201
2013-12-01,대동시장1,5745,578
2013-12-01,대동시장2,9600,552
2013-12-01,대륜중고등학교건너,5732,8651
2013-12-01,대륜중고등학교앞,6721,401
2013-12-01,대리,241,2
2013-12-01,대리마을앞,28,146
2013-12-01,대리마을회관,320,2
2013-12-01,대리마을회관건너,41,7
2013-12-01,대림생수,923,127
2013-12-01,대림생수앞,36,247
2013-12-01,대림육교1,187,25945
2013-12-01,대림육교2,109,97
2013-12-01,대명6동주민센터건너,2825,485
2013-12-01,대명6동주민센터앞,2804,228
2013-12-01,대명시장건너,23357,7420
2013-12-01,대명시장앞,27394,5410
2013-12-01,대명역(1번출구),23565,4776
2013-12-01,대명역(2번출구),14762,2757
2013-12-01,대명중학교건너,36,393
2013-12-01,대명중학교앞,3751,143
2013-12-01,대명초등학교건너,9844,4275
2013-12-01,대명초등학교앞,14434,5892
2013-12-01,대백인터빌건너,28928,5425
2013-12-01,대백인터빌앞,22814,5622
2013-12-01,대백창신한라타운건너,16627,2541
2013-12-01,대백창신한라타운앞,4030,1685
2013-12-01,대백프라자건너,28153,6318
2013-12-01,대백프라자앞,34668,5292
2013-12-01,대백한라무지개타운건너,26240,1066
2013-12-01,대백한라무지개타운앞,9548,1577
2013-12-01,대봉교회,12432,5152
2013-12-01,대봉네거리1,5691,542
2013-12-01,대봉네거리2,3013,2828
2013-12-01,대봉도서관건너,1483,393
2013-12-01,대봉도서관앞,4478,975
2013-12-01,대봉성당,11524,2653
2013-12-01,대서초등학교앞,517,149
2013-12-01,대성공업건너,786,10509
2013-12-01,대성공업앞,2210,213
2013-12-01,대성유니드앞,3023,43
2013-12-01,대성테크앞,208,32
2013-12-01,대신동광명맨션앞,1707,481
2013-12-01,대신센트럴자이,6893,486
2013-12-01,대실역(1번출구),10255,2170
2013-12-01,대실역(2번출구),34364,1359
2013-12-01,대실역(4번출구),2528,27
2013-12-01,대실역1,82,10
2013-12-01,대실역2,91,83
2013-12-01,대실역청아람건너,7928,38
2013-12-01,대실역청아람앞,705,3577
2013-12-01,대우트럼프월드수성건너,17362,2176
2013-12-01,대우트럼프월드수성앞,4263,2277
2013-12-01,대원고등학교,4376,26493
2013-12-01,대원고등학교건너,2856,3097
2013-12-01,대원사건너(공산동),30,262
2013-12-01,대원사앞(공산동),71,3
2013-12-01,대원사입구,149,0
2013-12-01,대원유치원건너,7605,7085
2013-12-01,대원유치원앞,11875,679
2013-12-01,대일1리마을회관건너,164,22
2013-12-01,대일1리점촌마을,1,45
2013-12-01,대일아파트건너,12164,5001
2013-12-01,대일아파트앞,16002,3284
2013-12-01,대자연맨션,22342,856
2013-12-01,대자연맨션건너,3299,1679
2013-12-01,대중인벤트,236,28
2013-12-01,대진중고등학교건너,614,143
2013-12-01,대진중고등학교앞,678,126
2013-12-01,대천119안전센터건너,1553,19
2013-12-01,대천119안전센터앞,682,80
2013-12-01,대천교,4393,1055
2013-12-01,대천초등학교건너,493,175
2013-12-01,대천초등학교앞,2648,151
2013-12-01,대청초등학교건너,149,903
2013-12-01,대청초등학교앞,14114,1096
2013-12-01,대평2리,214,0
2013-12-01,대평교회앞,86,16
2013-12-01,대평리시장,17611,1145
2013-12-01,대평중학교건너,11055,1205
2013-12-01,대평중학교앞,6878,1590
2013-12-01,대홍철강,757,36
2013-12-01,대흥동건너,342,28
2013-12-01,대흥동앞,307,269
2013-12-01,덕곡(달구벌고교),689,1
2013-12-01,덕곡(대구선명학교),97,37
2013-12-01,덕곡삼거리1,37,181
2013-12-01,덕곡삼거리2,844,23
2013-12-01,덕산마을건너,1,7
2013-12-01,덕산마을앞,285,0
2013-12-01,덕원고등학교건너,4433,988
2013-12-01,덕원고등학교앞,843,1119
2013-12-01,덕인초등학교건너,2832,884
2013-12-01,덕인초등학교앞,2032,511
2013-12-01,덕화중학교건너,11581,680
2013-12-01,덕화중학교앞,4035,4639
2013-12-01,덴티스앞,360,2
2013-12-01,도남동,214,0
2013-12-01,도남동(종점),15,1
2013-12-01,도남지,108,0
2013-12-01,도동,10,5
2013-12-01,도동교1,943,7
2013-12-01,도동교2,18,26
2013-12-01,도동서원,475,0
2013-12-01,도동청구타운건너,60,54
2013-12-01,도동청구타운앞,1558,202
2013-12-01,도시철도건설본부건너,1309,5070
2013-12-01,도시철도건설본부앞,34029,2605
2013-12-01,도시철도담티역(1번출구),40942,7004
2013-12-01,도시철도담티역(3번출구),31676,5358
2013-12-01,도시철도대구역,871,310
2013-12-01,도시철도수성구청역북편1,602,6958
2013-12-01,도시철도수성구청역북편2,2349,100
2013-12-01,도의리,218,36
2013-12-01,도평동입구1,981,164
2013-12-01,도평동입구2,279,221
2013-12-01,도평동행정복지센터1,0,23
2013-12-01,도평동행정복지센터2,199,6
2013-12-01,도학동,1538,5
2013-12-01,도학동1,19,91
2013-12-01,동곡1리1,12,0
2013-12-01,동곡1리2,227,0
2013-12-01,동곡1리3,59,2
2013-12-01,동곡리,113,0
2013-12-01,동곡초등학교건너,396,1
2013-12-01,동곡초등학교앞,85,116
2013-12-01,동구시장건너,9259,1882
2013-12-01,동구시장앞,8983,1574
2013-12-01,동구청건너,81402,38665
2013-12-01,동구청앞,66669,11577
2013-12-01,동구청역(3번출구),9092,1761
2013-12-01,동구청역(4번출구),2110,817
2013-12-01,동대구LPG충전소건너,2216,182
2013-12-01,동대구LPG충전소앞,780,220
2013-12-01,동대구맨션,9709,8681
2013-12-01,동대구시장건너,15849,3066
2013-12-01,동대구시장앞,24271,7206
2013-12-01,동대구역,65962,17752
2013-12-01,동대구역건너,69700,22383
2013-12-01,동대구역복합환승센터건너,57672,6342
2013-12-01,동대구역복합환승센터앞,52801,23815
2013-12-01,동대구역수화물취급소건너,397,251
2013-12-01,동대구역수화물취급소앞,324,270
2013-12-01,동대구역지하도1,4979,3757
2013-12-01,동대구역지하도2,15481,1779
2013-12-01,동대구초등학교건너,1425,95
2013-12-01,동대구초등학교앞,767,224
2013-12-01,동도중학교건너,13806,1898
2013-12-01,동도중학교앞,18895,2847
2013-12-01,동문고등학교앞,921,273
2013-12-01,동변주공그린빌건너,3030,718
2013-12-01,동변주공그린빌앞,13053,444
2013-12-01,동부경찰서건너,1656,1423
2013-12-01,동부경찰서앞,10965,327
2013-12-01,동부고교건너,1645,873
2013-12-01,동부고교앞,8428,2929
2013-12-01,동부소방서건너,465,9307
2013-12-01,동부소방서앞,6511,600
2013-12-01,동부시외버스터미널(순환2번),2519,385
2013-12-01,동부중학교건너,5464,304
2013-12-01,동부중학교앞,2773,4111
2013-12-01,동북주유소건너,225,65
2013-12-01,동북주유소앞,11,82
2013-12-01,동산의료원앞1,38437,10033
2013-12-01,동산의료원앞2,17163,12424
2013-12-01,동서교회건너,3520,315
2013-12-01,동서교회앞,1479,1165
2013-12-01,동서변리벤빌,12780,1379
2013-12-01,동서변월드메르디앙아파트,3400,832
2013-12-01,동서아파트건너,87,11
2013-12-01,동서아파트앞,0,13
2013-12-01,동서화성타운건너,36812,1095
2013-12-01,동서화성타운앞,17854,4704
2013-12-01,동성에스티에스건너,114,34
2013-12-01,동성에스티에스앞,128,4
2013-12-01,동성초등학교건너,3003,9032
2013-12-01,동성초등학교앞,7035,2491
2013-12-01,동신초등학교건너,2817,1480
2013-12-01,동신초등학교앞,2773,3837
2013-12-01,동아백화점수성점건너,17394,12970
2013-12-01,동아백화점수성점앞,56188,1178
2013-12-01,동아수산냉동건너,470,611
2013-12-01,동아수산냉동앞,466,69
2013-12-01,동아스포츠센터(지산중학교앞),1814,1250
2013-12-01,동아스포츠센터(지산초교앞),10312,298
2013-12-01,동아제약,728,116
2013-12-01,동아제약건너,2124,37
2013-12-01,동양맨션앞,4566,257
2013-12-01,동원약품,9869,2117
2013-12-01,동원초등학교건너,1321,627
2013-12-01,동원초등학교앞1,1444,537
2013-12-01,동원초등학교앞2,2158,363
2013-12-01,동인네거리1,1540,396
2013-12-01,동인네거리2,1660,870
2013-12-01,동인초등학교건너,15618,6170
2013-12-01,동인초등학교앞,11317,5089
2013-12-01,동인치안센터건너,21001,10802
2013-12-01,동인치안센터앞,12162,8461
2013-12-01,동일초등학교건너,2566,592
2013-12-01,동일초등학교앞,3644,1104
2013-12-01,동천역1,641,104
2013-12-01,동천역2,1276,286
2013-12-01,동촌강나루아파트건너,2393,955
2013-12-01,동촌강나루아파트앞,3539,13395
2013-12-01,동촌역,645,205
2013-12-01,동촌역(구길),2023,252
2013-12-01,동촌역(신길)1,6336,1623
2013-12-01,동촌역(신길)2,4591,2791
2013-12-01,동촌유원지,532,268
2013-12-01,동촌유원지놀이동산앞,86,47
2013-12-01,동촌해성아파트건너,161,254
2013-12-01,동촌해성아파트앞,1001,2329
2013-12-01,동촌화성타운건너,14452,1159
2013-12-01,동촌화성타운앞,8714,2208
2013-12-01,동침산네거리,1642,1250
2013-12-01,동침산네거리2,12,197
2013-12-01,동호동건너(북구),1003,140
2013-12-01,동호동앞(북구),91,81
2013-12-01,동호육교1,52,411
2013-12-01,동호육교2,8816,245
2013-12-01,동호초등학교건너,609,71
2013-12-01,동화골든빌(남편),5396,319
2013-12-01,동화골든빌(동편),1574,2041
2013-12-01,동화골든빌(북편),78,226
2013-12-01,동화골든빌건너(남편),17,317
2013-12-01,동화교1,20,213
2013-12-01,동화교2,2126,2
2013-12-01,동화사입구건너,4952,10
2013-12-01,동화사입구앞,10,335
2013-12-01,동화시설집단지구(종점)1,150,0
2013-12-01,동화시설집단지구(종점)2(대구시민안전테마파크),8511,187
2013-12-01,두류3동파출소건너,664,73
2013-12-01,두류3동파출소앞,385,439
2013-12-01,두류공원(야외음악당건너),775,107
2013-12-01,두류공원(야외음악당앞),495,124
2013-12-01,두류공원네거리1,13725,2632
2013-12-01,두류공원네거리2,4294,4024
2013-12-01,두류도서관앞,6192,4181
2013-12-01,두류보성맨션건너,7319,485
2013-12-01,두류보성맨션앞,3668,4000
2013-12-01,두류수영장건너,20041,5453
2013-12-01,두류수영장앞,21622,3299
2013-12-01,두류역(달성고등학교건너),36878,8268
2013-12-01,두류역(달성고등학교앞),64484,23208
2013-12-01,두류정수사업소건너,21600,1686
2013-12-01,두류정수사업소앞,2635,9540
2013-12-01,두류파출소건너,706,171
2013-12-01,두류파출소앞,222,309
2013-12-01,두리봉네거리1,5243,20640
2013-12-01,두리봉네거리2,19346,3287
2013-12-01,두리봉터널입구,1844,419
2013-12-01,두리봉터널입구건너,5406,182
2013-12-01,두산동주민센터건너,17587,2230
2013-12-01,두산동주민센터앞,10336,3604
2013-12-01,두산스포츠건너,1487,284
2013-12-01,두성파크아파트건너,31979,4816
2013-12-01,두성파크아파트앞,10630,8412
2013-12-01,둔산동,768,0
2013-12-01,들안길1,1531,959
2013-12-01,들안길2,5457,539
2013-12-01,들안길네거리1,6562,177
2013-12-01,들안길네거리2,1033,1305
2013-12-01,들안길초등학교건너,4964,1427
2013-12-01,들안길초등학교앞,5459,2476
2013-12-01,들연경,17,0
2013-12-01,럭키아파트건너,284,426
2013-12-01,럭키아파트앞,2828,84
2013-12-01,롯데백화점상인점건너,13090,7116
2013-12-01,롯데캐슬그랜드,751,1508
2013-12-01,룸비니유치원건너,2760,185
2013-12-01,룸비니유치원앞,2332,332
2013-12-01,마비정벽화마을(종점),766,27
2013-12-01,만경관건너,16164,6387
2013-12-01,만경관앞,12329,5139
2013-12-01,만촌1동주민센터,3812,925
2013-12-01,만촌2동주민센터,18536,1616
2013-12-01,만촌3차화성파크드림건너,5216,299
2013-12-01,만촌그린빌라건너,820,92
2013-12-01,만촌역(1번출구),1029,5803
2013-12-01,만촌우방1차건너,11396,433
2013-12-01,만촌우방1차앞,330,634
2013-12-01,만촌육교1,66196,7409
2013-12-01,만촌육교2,9268,17429
2013-12-01,만촌자전거경기장,4,106
2013-12-01,만촌천주교회앞,185,247
2013-12-01,만촌초등학교건너1,2783,766
2013-12-01,만촌초등학교건너2,3899,250
2013-12-01,만촌초등학교앞,2316,461
2013-12-01,만촌태왕리더스건너,2005,376
2013-12-01,만촌태왕리더스건너(남편),356,3703
2013-12-01,만촌태왕리더스북편,583,424
2013-12-01,만촌태왕리더스앞1,6667,13114
2013-12-01,만촌태왕리더스앞2,2246,222
2013-12-01,만촌화성파크스위트,32,104
2013-12-01,만평네거리,7209,6275
2013-12-01,만평역(서대구고속버스터미널)1,11092,3633
2013-12-01,만평역(서대구고속버스터미널)2,8767,16603
2013-12-01,망우당공원(종점),877,236
2013-12-01,망우당공원건너,1289,875
2013-12-01,망우당공원앞,4807,4143
2013-12-01,매곡(종점),448,106
2013-12-01,매곡사거리1,830,888
2013-12-01,매곡사거리2,15345,397
2013-12-01,매곡정수사업소건너,475,12
2013-12-01,매곡정수사업소앞,8,33
2013-12-01,매곡초등학교건너,19,700
2013-12-01,매골1,4,67
2013-12-01,매골2,196,4
2013-12-01,매여동(동구)저탄장,780,109
2013-12-01,매일신문사건너,159,191
2013-12-01,매일신문사앞,1835,549
2013-12-01,매천고교,1789,111
2013-12-01,매천대교1,1283,212
2013-12-01,매천대교2,2,3
2013-12-01,매천성당건너1,3723,195
2013-12-01,매천성당건너2,481,120
2013-12-01,매천성당앞,6189,388
2013-12-01,매천수산시장건너,1708,174
2013-12-01,매천수산시장앞,1856,136
2013-12-01,매천시장지하차도,1959,361
2013-12-01,매천중고등학교건너,6152,5102
2013-12-01,매천중고등학교앞,13913,1247
2013-12-01,매천초교(매천역)2,1201,209
2013-12-01,매천화성파크드림,1528,75
2013-12-01,매천휴먼시아앞,1395,155
2013-12-01,매호동서아파트앞,925,3
2013-12-01,매호성당건너,619,3
2013-12-01,메트로시티건너,5253,1139
2013-12-01,메트로시티앞,2713,158
2013-12-01,메트로팔레스1,15574,2379
2013-12-01,메트로팔레스2,20793,1056
2013-12-01,명곡1리입구1,7,0
2013-12-01,명곡1리입구2,4,10
2013-12-01,명곡리1,2247,689
2013-12-01,명곡리2,8210,774
2013-12-01,명곡미래빌1단지,2464,396
2013-12-01,명곡미래빌2단지건너,28,346
2013-12-01,명곡미래빌2단지앞,13910,1388
2013-12-01,명곡미래빌3단지건너,1807,859
2013-12-01,명곡미래빌3단지앞,5055,312
2013-12-01,명곡미래빌4단지,3833,258
2013-12-01,명곡미래빌5단지건너,8,154
2013-12-01,명곡미래빌5단지앞,5462,1091
2013-12-01,명곡지구앞,60,144
2013-12-01,명덕네거리1,41533,2917
2013-12-01,명덕네거리2,13891,21707
2013-12-01,명덕역(6번출구),49603,15812
2013-12-01,명덕역(7번출구),32078,6355
2013-12-01,명덕초등학교건너,20228,17083
2013-12-01,명덕초등학교앞,31624,6714
2013-12-01,명문세가APT건너,9284,1389
2013-12-01,명문세가APT앞,16541,2529
2013-12-01,명문오하임아파트건너,313,284
2013-12-01,명문오하임아파트앞,191,108
2013-12-01,명보약국건너,1954,1219
2013-12-01,명보약국앞,2572,371
2013-12-01,명산교(명산화성타운건너),3052,200
2013-12-01,명성푸르지오건너,7108,1434
2013-12-01,명성푸르지오앞,32318,2505
2013-12-01,모개월앞,2,0
2013-12-01,모개월입구,21,0
2013-12-01,모다아울렛,102,1
2013-12-01,모다아울렛건너,19444,970
2013-12-01,모다아울렛앞,405,2111
2013-12-01,모래정마을건너,67,1
2013-12-01,모래정마을앞,5,3
2013-12-01,목단1리,107,5
2013-12-01,목단2리,117,2
2013-12-01,목단리,58,0
2013-12-01,묘1리,48,0
2013-12-01,묘2리(고려정밀),125,0
2013-12-01,묘2리(전마),158,0
2013-12-01,무궁화LPG충전소,8984,3725
2013-12-01,무궁화LPG충전소건너,4133,1199
2013-12-01,무궁화어린이공원입구,2267,369
2013-12-01,무궁화어린이공원입구건너,4604,2655
2013-12-01,무등1리1,3,0
2013-12-01,무등1리2,219,0
2013-12-01,무등1리3,45,1
2013-12-01,무등2리,3,3
2013-12-01,무등2리입구건너,50,0
2013-12-01,무등보건진료소건너,25,0
2013-12-01,무등보건진료소앞,0,10
2013-12-01,무림제지건너,894,240
2013-12-01,무림제지앞1,1163,1490
2013-12-01,무림제지앞2,221,140
2013-12-01,무열대건너,4699,2367
2013-12-01,무열대앞,1509,501
2013-12-01,무태교,14,853
2013-12-01,무태네거리(시내방향),19117,4836
2013-12-01,무태네거리(시외방향),4681,3383
2013-12-01,무태새마을금고건너,1790,519
2013-12-01,무태새마을금고앞,6319,370
2013-12-01,무태조야동주민센터건너1,7760,242
2013-12-01,무태조야동주민센터건너2,5929,1409
2013-12-01,무태조야동주민센터앞1,1945,535
2013-12-01,무태조야동주민센터앞2,18104,1351
2013-12-01,문성병원건너,11885,4876
2013-12-01,문성병원앞,19781,5941
2013-12-01,문양기지창건너,18,302
2013-12-01,문양기지창앞,67,12
2013-12-01,문양리(서부실),1,0
2013-12-01,문양리1,164,7
2013-12-01,문양리2,3,7
2013-12-01,문양리입구1,32,39
2013-12-01,문양리입구2,1,27
2013-12-01,문양역건너,28,875
2013-12-01,문양역앞,2338,898
2013-12-01,문주마을건너,158,1
2013-12-01,문주마을앞,9,3
2013-12-01,문화예술회관건너,12159,5013
2013-12-01,문화예술회관앞,9564,5147
2013-12-01,미8군후문건너,477,192
2013-12-01,미8군후문앞,1126,58
2013-12-01,미곡동1,274,388
2013-12-01,미곡동2,2772,62
2013-12-01,미대동1,2359,110
2013-12-01,미대동2,353,196
2013-12-01,미래아트빌앞,818,619
2013-12-01,미리내맨션건너,18906,585
2013-12-01,미리내맨션앞,5433,1688
2013-12-01,민들레아파트(종점),719,175
2013-12-01,민들레아파트후문건너,6391,132
2013-12-01,민들레아파트후문앞,5539,268
2013-12-01,바른병원건너,416,141
2013-12-01,박곡리(시내방향),228,0
2013-12-01,박곡리(시외방향),31,5
2013-12-01,박석진교,4,18
2013-12-01,반고개(내당역4번출구),4145,3522
2013-12-01,반고개1,8929,4160
2013-12-01,반고개2,17890,6086
2013-12-01,반송4교건너,13,8
2013-12-01,반송4교앞,253,47
2013-12-01,반송리,453,6
2013-12-01,반야월모란1차아파트,4681,2576
2013-12-01,반야월시장1,7101,2867
2013-12-01,반야월시장2,9477,1622
2013-12-01,반야월역(국철)건너,5694,3128
2013-12-01,반야월역(국철)앞,9121,1602
2013-12-01,반야월역(도시철도1번출구),1871,395
2013-12-01,반야월역(도시철도2번출구),7398,218
2013-12-01,반야월역(도시철도3번출구),9793,3049
2013-12-01,반야월역(도시철도4번출구)1,5788,2740
2013-12-01,반야월역(도시철도4번출구)2,1943,1359
2013-12-01,반야월저탄장건너,6188,3667
2013-12-01,반야월저탄장앞,12009,1281
2013-12-01,반월당역(1번출구)1,42983,11026
2013-12-01,반월당역(1번출구)2,5339,6177
2013-12-01,반월당역(2번출구),71498,39528
2013-12-01,방공포병학교건너,2055,259
2013-12-01,방공포병학교앞,1100,2788
2013-12-01,방짜유기박물관건너,753,7
2013-12-01,방짜유기박물관앞,6,98
2013-12-01,방천리1,204,21
2013-12-01,방천리2,680,92
2013-12-01,방천시장(김광석길)건너,18061,7542
2013-12-01,방천시장(김광석길)앞,15138,2807
2013-12-01,방촌1동,1265,1
2013-12-01,방촌건널목,103,1440
2013-12-01,방촌맨션앞,6081,1868
2013-12-01,방촌빌라,195,1059
2013-12-01,방촌시장건너,32124,4033
2013-12-01,방촌시장앞,19411,6840
2013-12-01,방촌역(1번출구),15693,6012
2013-12-01,방촌역(2번출구),13648,1411
2013-12-01,방촌치안센터건너,2069,1849
2013-12-01,방촌치안센터앞,6295,2048
2013-12-01,백사벌네거리1,2483,75
2013-12-01,백사벌네거리2,3025,1390
2013-12-01,백안교1,7,19
2013-12-01,백안교2,1369,100
2013-12-01,백안삼거리1,386,188
2013-12-01,백안삼거리2,4977,181
2013-12-01,백자맨션건너,338,950
2013-12-01,백자맨션앞,5772,2269
2013-12-01,범물1동주민센터건너,9605,2063
2013-12-01,범물1동주민센터앞,51449,2333
2013-12-01,범물2동주민센터건너,4920,631
2013-12-01,범물2동주민센터앞,16,341
2013-12-01,범물두성타운건너,537,15
2013-12-01,범물우방미진하이츠앞,5440,209
2013-12-01,범물청구맨션건너,566,3002
2013-12-01,범물청구맨션앞,61273,4390
2013-12-01,범물하이츠 건너,3537,3946
2013-12-01,범물하이츠앞,25009,231
2013-12-01,범물한라주택건너,28539,1072
2013-12-01,범물한라주택앞,3435,4838
2013-12-01,범어2동1,249,2605
2013-12-01,범어2동2,1123,170
2013-12-01,범어4동주민센터건너,26678,7292
2013-12-01,범어4동주민센터앞,10965,10910
2013-12-01,범어쌍용예가건너,8423,8795
2013-12-01,범어쌍용예가앞,12918,2982
2013-12-01,범어역(1번출구),20191,3414
2013-12-01,범어역(2번출구),10675,5401
2013-12-01,법원건너,20262,15921
2013-12-01,법원앞,30198,6427
2013-12-01,법원어린이집,751,1731
2013-12-01,베어산업건너,806,2
2013-12-01,베어산업앞,53,23
2013-12-01,병무청중앙신체검사소,31,50
2013-12-01,보람타운건너,172,498
2013-12-01,보람타운앞,9428,2475
2013-12-01,보병50사단건너,3681,420
2013-12-01,보병50사단앞,1724,360
2013-12-01,보성기계건너,1890,242
2013-12-01,보성기계앞,20,132
2013-12-01,보성산호타운건너,4940,751
2013-12-01,보성산호타운앞,3165,1369
2013-12-01,보성서한타운앞,4219,926
2013-12-01,보성은하타운앞,3024,33
2013-12-01,보성화성타운건너,28325,2837
2013-12-01,보성화성타운앞,9059,6385
2013-12-01,보훈병원건너,7,39
2013-12-01,보훈병원앞,3558,117
2013-12-01,복음간호학원,589,557
2013-12-01,복현네거리,5008,10359
2013-12-01,복현대백맨션건너,19523,2272
2013-12-01,복현대백맨션앞,4006,3636
2013-12-01,복현서한2차아파트,1989,3534
2013-12-01,복현성모약국앞,2550,1026
2013-12-01,복현오거리1,61269,11043
2013-12-01,복현오거리2,14097,4526
2013-12-01,복현오거리3,354,207
2013-12-01,복현우방아파트,9459,1580
2013-12-01,복현우체국건너,55318,5338
2013-12-01,복현우체국앞,8411,8388
2013-12-01,복현장미맨션앞,2260,1048
2013-12-01,복현푸르지오아파트건너,16058,1338
2013-12-01,복현현대맨션건너,2757,58
2013-12-01,복현현대맨션앞,702,320
2013-12-01,본동시장건너,8091,1052
2013-12-01,본동시장앞,1573,1866
2013-12-01,본리1리,191,46
2013-12-01,본리1리동회관건너,590,464
2013-12-01,본리1리동회관앞,35,74
2013-12-01,본리2,1592,293
2013-12-01,본리근린공원건너,5,2
2013-12-01,본리근린공원앞,0,2
2013-12-01,본리네거리,3399,504
2013-12-01,본리네거리2,11093,2003
2013-12-01,본리네거리3,9178,2157
2013-12-01,본리도서관앞,1490,339
2013-12-01,본리롯데캐슬,2217,173
2013-12-01,본리아카시아맨션,5920,1568
2013-12-01,본리지구건너,1328,539
2013-12-01,본리지구앞,8090,1302
2013-12-01,본리초등학교건너,10274,2021
2013-12-01,본리초등학교앞,8250,1927
2013-12-01,본리치안센터건너,4055,476
2013-12-01,본리치안센터앞,3954,1677
2013-12-01,본말(종점),69,0
2013-12-01,봉덕119안전센터건너,990,59
2013-12-01,봉덕119안전센터앞,604,145
2013-12-01,봉덕2동새마을금고건너,1526,299
2013-12-01,봉덕2동새마을금고앞,1190,889
2013-12-01,봉덕교회건너,15630,2237
2013-12-01,봉덕교회앞,4319,1321
2013-12-01,봉덕변전소건너,3232,13
2013-12-01,봉덕변전소앞,7,56
2013-12-01,봉덕시장건너1,4382,1848
2013-12-01,봉덕시장건너2,628,349
2013-12-01,봉덕시장건너3,10270,667
2013-12-01,봉덕시장앞1,15972,1125
2013-12-01,봉덕시장앞2,4544,2101
2013-12-01,봉무공원건너,6164,1772
2013-12-01,봉무청구새들마을건너,17021,1669
2013-12-01,봉무청구새들마을앞,2331,639
2013-12-01,봉산가구골목(동편),3739,3832
2013-12-01,봉산가구골목(서편),2205,390
2013-12-01,봉산문화거리건너,24795,9485
2013-12-01,봉산문화거리앞,14477,4193
2013-12-01,봉산육거리,4096,405
2013-12-01,봉촌1리1,402,0
2013-12-01,봉촌1리2,4,40
2013-12-01,봉촌1리3,307,0
2013-12-01,봉촌2리,110,1
2013-12-01,봉촌낙동길입구,339,0
2013-12-01,봉촌낙동길입구건너,9,44
2013-12-01,봉촌리,304,0
2013-12-01,부곡리,10,5
2013-12-01,부곡리건너,92,66
2013-12-01,부남교앞,383,2
2013-12-01,부동,1236,65
2013-12-01,부동(종점),246,0
2013-12-01,부동농협,432,7
2013-12-01,부동삼거리,2,3
2013-12-01,부영3단지,3054,1869
2013-12-01,부영5단지,1978,449
2013-12-01,부영7단지건너,698,5
2013-12-01,부영7단지앞,8,56
2013-12-01,북구구민운동장건너,8318,1352
2013-12-01,북구구민운동장앞,2151,1538
2013-12-01,북구보건소건너,3967,1803
2013-12-01,북구보건소앞,9388,308
2013-12-01,북구선거관리위원회건너,6119,548
2013-12-01,북구선거관리위원회앞,8126,3259
2013-12-01,북구어울아트센터앞,106,88
2013-12-01,북구청건너,14551,4731
2013-12-01,북구청네거리1,1688,2136
2013-12-01,북구청네거리2,2987,358
2013-12-01,북구청앞,13056,1728
2013-12-01,북구청역(3번출구),14089,4159
2013-12-01,북구청역(4번출구),5408,2654
2013-12-01,북대구세무서건너,8530,811
2013-12-01,북대구세무서앞,4152,996
2013-12-01,북대구초등학교건너,2753,91
2013-12-01,북대구초등학교앞,907,220
2013-12-01,북동초등학교건너,1302,891
2013-12-01,북동초등학교앞,5154,74
2013-12-01,북리1,3307,1295
2013-12-01,북리2,22991,359
2013-12-01,북부경찰서건너,2335,1081
2013-12-01,북부상수도사업소,201,1039
2013-12-01,북부정류장,93411,17897
2013-12-01,북부정류장건너,47548,17064
2013-12-01,북비산네거리1,9471,5861
2013-12-01,북비산네거리2,10378,1665
2013-12-01,북중학교앞,3006,947
2013-12-01,북침산치안센터건너,8082,1809
2013-12-01,북침산치안센터앞,7527,3080
2013-12-01,불교한방병원건너1,607,246
2013-12-01,불교한방병원건너2,2002,261
2013-12-01,불교한방병원앞1,3168,197
2013-12-01,불교한방병원앞2,3166,596
2013-12-01,불로삼거리,1212,12267
2013-12-01,불로우방아파트건너,7681,2517
2013-12-01,불로우방아파트앞,8630,4657
2013-12-01,불로전통시장건너,45597,3569
2013-12-01,불로전통시장앞,16902,7691
2013-12-01,불로천주교회건너,14100,2972
2013-12-01,불로천주교회앞,24600,4591
2013-12-01,불로화훼단지건너,13,352
2013-12-01,불로화훼단지앞,434,686
2013-12-01,비산5동주민센터,8,1
2013-12-01,비산6동주민센터건너,837,908
2013-12-01,비산6동주민센터앞,2431,91
2013-12-01,비산7동우체국건너,3716,3953
2013-12-01,비산7동우체국앞1,12863,4165
2013-12-01,비산7동우체국앞2,8735,2689
2013-12-01,비산웰빙하와이건너,22,1
2013-12-01,비산웰빙하와이앞,8,0
2013-12-01,비산지하도1,10524,6655
2013-12-01,비산지하도2,20738,4818
2013-12-01,비산초등학교건너,10868,1262
2013-12-01,비산초등학교앞,15813,2073
2013-12-01,비슬산휴양림주차장,37,1
2013-12-01,비원지구대건너,5906,554
2013-12-01,비원지구대앞,742,1756
2013-12-01,비철금속협업단지앞,7283,506
2013-12-01,사복동입구교차로,119,2182
2013-12-01,사복동입구교차로건너,37,528
2013-12-01,사월동(종점),875,59
2013-12-01,사월보성2차건너,82,162
2013-12-01,사월보성2차앞,2893,131
2013-12-01,사월역(2번출구),23460,3542
2013-12-01,사월역(4번출구),19635,12378
2013-12-01,사창마을건너,1,3
2013-12-01,사창마을앞,30,0
2013-12-01,산격4동주민센터건너,763,240
2013-12-01,산격4동주민센터앞,6998,691
2013-12-01,산격거평타운건너,1226,2949
2013-12-01,산격거평타운앞,2066,2882
2013-12-01,산격대우아파트앞,63277,8663
2013-12-01,산격문화회관건너,9867,823
2013-12-01,산격문화회관앞,3558,1701
2013-12-01,산격종합시장앞,62874,19381
2013-12-01,산격주공아파트건너,4411,5900
2013-12-01,산격주공아파트앞,28135,2925
2013-12-01,산격중학교건너,7636,12672
2013-12-01,산격중학교앞,10619,1858
2013-12-01,산격청구맨션앞,7174,3647
2013-12-01,산격초등학교건너,12675,673
2013-12-01,산격초등학교앞,10260,971
2013-12-01,산림조합중앙회건너,1960,2217
2013-12-01,산림조합중앙회앞,1096,649
2013-12-01,산업용재관,4618,2638
2013-12-01,삼덕교회,7438,6687
2013-12-01,삼덕동1,196,300
2013-12-01,삼덕동2,308,63
2013-12-01,삼덕성당앞,8967,1355
2013-12-01,삼리1리1,11,26
2013-12-01,삼리1리2,652,411
2013-12-01,삼리리1(논공),23,15
2013-12-01,삼리리2(논공),120,82
2013-12-01,삼보,895,76
2013-12-01,삼산리(범동교),27,10
2013-12-01,삼산리(삼산교회건너),222,5
2013-12-01,삼산리(삼산교회앞),3611,235
2013-12-01,삼산리(은지가든),1,2
2013-12-01,삼산리입구건너,516,3
2013-12-01,삼산리입구앞,3,160
2013-12-01,삼산지,648,62
2013-12-01,삼성공원아파트건너,366,209
2013-12-01,삼성래미안1차건너,6280,2828
2013-12-01,삼성래미안1차앞,5637,649
2013-12-01,삼성래미안2차건너,4734,935
2013-12-01,삼성래미안2차앞,4736,1778
2013-12-01,삼성명가타운,4429,1415
2013-12-01,삼성명가타운건너,946,477
2013-12-01,삼성물류센터앞,258,1487
2013-12-01,삼성한국형아파트건너,1206,73
2013-12-01,삼성한국형아파트앞,1121,603
2013-12-01,삼우섬유앞,472,17
2013-12-01,삼육구가든건너,183,24
2013-12-01,삼육구가든앞,63,0
2013-12-01,삼익THK건너,236,33
2013-12-01,삼익THK앞,260,22
2013-12-01,삼익뉴타운건너,8209,2382
2013-12-01,삼익뉴타운앞,12733,883
2013-12-01,삼정빌딩앞,920,323
2013-12-01,삼호아파트건너,867,222
2013-12-01,삼호아파트앞,1303,1429
2013-12-01,삼환맨션,432,84
2013-12-01,상공회의소건너,4586,1737
2013-12-01,상공회의소앞,7043,1171
2013-12-01,상당마을,17,0
2013-12-01,상동가압장건너,2929,252
2013-12-01,상동교1,173,141
2013-12-01,상동교2,2556,871
2013-12-01,상동네거리,4779,1901
2013-12-01,상동마을(둔산길),899,1
2013-12-01,상동시장앞,2107,540
2013-12-01,상동우체국건너,6850,1229
2013-12-01,상동우체국앞,21643,3687
2013-12-01,상동천주교회건너,319,410
2013-12-01,상동천주교회앞,995,2561
2013-12-01,상록아파트,768,44
2013-12-01,상리공단,1906,191
2013-12-01,상리공단건너,998,550
2013-12-01,상리동입구,1775,155
2013-12-01,상리동입구1,2,128
2013-12-01,상리동입구2,4282,67
2013-12-01,상리동종점,1,42
2013-12-01,상리동종점2,1306,0
2013-12-01,상리동종점3,3632,262
2013-12-01,상리마을건너,1,2
2013-12-01,상리마을앞,42,7
2013-12-01,상리지하도1,2318,114
2013-12-01,상리지하도2,1891,48
2013-12-01,상매동(저탄장),17,17
2013-12-01,상서고등학교건너,2228,102
2013-12-01,상서고등학교앞,1412,199
2013-12-01,상수도사업본부,7702,3756
2013-12-01,상수도사업본부건너,8015,15190
2013-12-01,상수도사업본부시설관리소건너,10391,1545
2013-12-01,상수도사업본부시설관리소앞,1834,1273
2013-12-01,상수도중남부사업소건너,1916,562
2013-12-01,상수도중남부사업소앞,441,169
2013-12-01,상원리(마을회관),760,0
2013-12-01,상원리(전평못식당),62,0
2013-12-01,상인2동주민센터건너,6118,266
2013-12-01,상인동서타운앞,20254,3449
2013-12-01,상인동화아이위시아파트건너,23565,1596
2013-12-01,상인동화아이위시아파트앞,2982,1921
2013-12-01,상인비둘기1단지아파트건너,4957,891
2013-12-01,상인비둘기1단지아파트앞,19119,914
2013-12-01,상인비둘기2단지아파트앞,16574,1184
2013-12-01,상인삼미타운건너,2709,12390
2013-12-01,상인삼미타운앞,5960,673
2013-12-01,상인역e-편한세상앞,7693,21719
2013-12-01,상인우방아파트,13686,32119
2013-12-01,상인은행아파트건너,6756,1728
2013-12-01,상인은행아파트앞,7694,1043
2013-12-01,상인자이앞,7012,2559
2013-12-01,상인장미아파트앞,11497,1228
2013-12-01,상인제림아파트건너,2845,442
2013-12-01,상인제림아파트앞,1630,1158
2013-12-01,상인청구타운건너,3396,249
2013-12-01,상인청구타운앞,1889,268
2013-12-01,상인초등학교앞,3585,3015
2013-12-01,상인한서타운앞,4666,1095
2013-12-01,상인현대맨션건너,92339,4860
2013-12-01,상인현대맨션앞,25928,39339
2013-12-01,상인화성파크드림건너,1083,819
2013-12-01,상인화성파크드림앞,1538,167
2013-12-01,상화네거리,263,1225
2013-12-01,새길시장건너,12054,9020
2013-12-01,새길시장앞,41489,4734
2013-12-01,새동네아파트건너,44,1
2013-12-01,새동네아파트앞,574,1690
2013-12-01,새마을건너,4,35
2013-12-01,새마을입구,133,1
2013-12-01,새범어아파트건너,1471,295
2013-12-01,새범어아파트앞,2096,175
2013-12-01,새본리중학교앞,1362,431
2013-12-01,샤니삼거리1,272,2
2013-12-01,샤니삼거리2,1,0
2013-12-01,서구문화회관건너,3292,1053
2013-12-01,서구문화회관앞,8613,1920
2013-12-01,서구시장건너,22878,7083
2013-12-01,서구시장앞,17362,5249
2013-12-01,서구제일사회복지관건너,1531,2731
2013-12-01,서구제일사회복지관앞,4926,448
2013-12-01,서구청건너,51748,7325
2013-12-01,서구청앞,52224,7984
2013-12-01,서남시장건너,26977,20405
2013-12-01,서남시장앞1,33167,6845
2013-12-01,서남시장앞2,14695,3397
2013-12-01,서당마을건너,1057,80
2013-12-01,서당마을앞,17,65
2013-12-01,서대구고속버스터미널,296,1540
2013-12-01,서대구공단네거리1,1034,64
2013-12-01,서대구공단네거리2,481,73
2013-12-01,서대구공단네거리3,3155,383
2013-12-01,서대구공단네거리4,4893,1759
2013-12-01,서대구세무서,11458,26389
2013-12-01,서대구시장건너,12332,5984
2013-12-01,서대구시장앞,14028,5275
2013-12-01,서대구초등학교입구,25004,9006
2013-12-01,서대명지구대건너,7377,1710
2013-12-01,서대명지구대앞,2646,1072
2013-12-01,서도초등학교건너,2861,1774
2013-12-01,서도초등학교서편2,82,10
2013-12-01,서도초등학교앞,9097,868
2013-12-01,서문시장,72495,11438
2013-12-01,서문시장5지구앞,1555,994
2013-12-01,서변동영남네오빌건너,4885,314
2013-12-01,서변동영남네오빌앞,4378,441
2013-12-01,서부고등학교건너,2177,499
2013-12-01,서부고등학교앞,3872,120
2013-12-01,서부공업고등학교건너,10920,13153
2013-12-01,서부공업고등학교앞,31779,1577
2013-12-01,서부소방서,1,64
2013-12-01,서부시장건너,28357,11997
2013-12-01,서부시장앞,24766,6045
2013-12-01,서부정류장(관문시장건너),103651,18643
2013-12-01,서부정류장(관문시장앞),36815,11895
2013-12-01,서부정류장1,90593,12096
2013-12-01,서부정류장2,6193,1833
2013-12-01,서부정류장3(성당못역1번출구),26942,39030
2013-12-01,서부정류장4(성당못역1번출구),2888,1567
2013-12-01,서부중학교앞,8855,6350
2013-12-01,서영기공건너,293,1
2013-12-01,서영기공앞,2,53
2013-12-01,서재금봉타운,272,1248
2013-12-01,서재금봉타운건너,28288,141
2013-12-01,서재들,25,2
2013-12-01,서재들건너,53,8
2013-12-01,서재보성타운건너,21562,144
2013-12-01,서재보성타운앞,171,278
2013-12-01,서진중학교건너,958,687
2013-12-01,서평초등학교,3243,1498
2013-12-01,서평초등학교건너,2885,563
2013-12-01,선녀곡건너(옥포),173,83
2013-12-01,선녀곡앞(옥포),46,442
2013-12-01,설티고개(달성공단방면),1,5
2013-12-01,설티고개(옥포방면),41,0
2013-12-01,설화동(종점),301,48
2013-12-01,설화리(시내방향),14979,1112
2013-12-01,설화리(시외방향),905,959
2013-12-01,설화명곡역(4번출구),8,123
2013-12-01,섬뜸마을,690,0
2013-12-01,섬유회관건너1,57084,18341
2013-12-01,섬유회관건너2,10543,3767
2013-12-01,섬유회관앞,72182,23019
2013-12-01,성곡중학교건너,1124,663
2013-12-01,성곡중학교앞,1595,61
2013-12-01,성광고등학교건너,11845,3623
2013-12-01,성광고등학교앞,451,1060
2013-12-01,성남초등학교건너,1297,2069
2013-12-01,성남초등학교앞,5480,325
2013-12-01,성내3동주민센터입구,1254,1888
2013-12-01,성당두산위브앞,28124,2018
2013-12-01,성당래미안·e-편한세상앞,11971,3160
2013-12-01,성당못역북편1,723,1024
2013-12-01,성당못역북편2,2519,254
2013-12-01,성당보성아파트건너,32148,7589
2013-12-01,성당보성아파트앞,13704,4022
2013-12-01,성당시장건너,30962,5593
2013-12-01,성당시장앞1,5419,678
2013-12-01,성당시장앞2,36674,3619
2013-12-01,성당초교앞,1131,271
2013-12-01,성당코오롱하늘채,9409,1576
2013-12-01,성당코오롱하늘채2,14546,7135
2013-12-01,성당포스코더샵건너,5462,1881
2013-12-01,성당포스코더샵앞,16498,1205
2013-12-01,성동건너,211,326
2013-12-01,성동마을건너,155,67
2013-12-01,성동마을앞,454,7
2013-12-01,성동앞,118,82
2013-12-01,성동초등학교건너,12745,2567
2013-12-01,성동초등학교앞,19919,1728
2013-12-01,성동탱자나무마을건너,20,30
2013-12-01,성동탱자나무마을앞,62,47
2013-12-01,성림첨단산업건너,49,9
2013-12-01,성림첨단산업앞,380,12
2013-12-01,성명119안전센터건너1,4595,4310
2013-12-01,성명119안전센터앞,2839,305
2013-12-01,성명여자중학교,420,279
2013-12-01,성모여성병원건너,36262,5172
2013-12-01,성모여성병원앞,35986,20672
2013-12-01,성보교통,1381,98
2013-12-01,성북교1,12314,1985
2013-12-01,성북교2,8318,3982
2013-12-01,성북시장건너,2804,999
2013-12-01,성북시장앞,10895,2917
2013-12-01,성산3동,0,10
2013-12-01,성산리1,37,52
2013-12-01,성산리2,607,128
2013-12-01,성산중학교앞,2072,199
2013-12-01,성산초등학교앞,593,119
2013-12-01,성서119안전센터건너,35,3644
2013-12-01,성서119안전센터앞,18656,143
2013-12-01,성서4차산업단지앞1,511,135
2013-12-01,성서공단물류센터,555,1
2013-12-01,성서농협남부지소,13031,3740
2013-12-01,성서동서서한타운건너,4560,514
2013-12-01,성서동서서한타운앞,6500,348
2013-12-01,성서보성타운2차건너1,190,628
2013-12-01,성서보성타운2차건너2,1301,137
2013-12-01,성서보성타운2차앞,9621,1775
2013-12-01,성서산업단지역(1번출구),6085,3426
2013-12-01,성서산업단지역(2번출구),12285,1527
2013-12-01,성서서한2차타운1,9234,354
2013-12-01,성서서한2차타운2,306,946
2013-12-01,성서우방2차아파트,1647,474
2013-12-01,성서우방타운건너,24204,3907
2013-12-01,성서우방타운앞,15922,2928
2013-12-01,성서우체국건너,2286,379
2013-12-01,성서우체국앞,608,1554
2013-12-01,성서종합시장건너,24537,7859
2013-12-01,성서종합시장앞,57605,6615
2013-12-01,성서주공1단지건너,11190,1191
2013-12-01,성서주공1단지앞,2510,2078
2013-12-01,성서주공2단지건너,15781,7242
2013-12-01,성서주공2단지앞,37714,2710
2013-12-01,성서주공5단지앞,512,241
2013-12-01,성서청구타운건너,9942,1777
2013-12-01,성서청구타운앞,7687,589
2013-12-01,성서초등학교건너,5115,1338
2013-12-01,성서초등학교앞,90,649
2013-12-01,성서푸른마을아파트건너,10546,1004
2013-12-01,성서푸른마을아파트앞,2371,1071
2013-12-01,성서한샘타운앞,2090,98
2013-12-01,성서협업단지건너,132,3
2013-12-01,성서협업단지앞,262,102
2013-12-01,성요셉요양병원건너,163,518
2013-12-01,성요셉요양병원앞,1878,142
2013-12-01,성원아파트건너,1467,220
2013-12-01,성원아파트앞,7946,508
2013-12-01,성주사건너,104,31
2013-12-01,성주사앞,10,72
2013-12-01,성지중학교건너,6559,1230
2013-12-01,성지중학교앞,7272,6104
2013-12-01,성하리,17,524
2013-12-01,성화여고건너,11892,745
2013-12-01,성화여고앞,6228,4024
2013-12-01,세강병원앞,7133,23821
2013-12-01,세원정공건너,13555,490
2013-12-01,세원정공앞,1818,4381
2013-12-01,세천고개1,268,11
2013-12-01,세천고개2,111,22
2013-12-01,세천리2,401,41
2013-12-01,세천리3,642,27
2013-12-01,세하건너,3,8
2013-12-01,세하앞,1,0
2013-12-01,세흥인쇄,974,142
2013-12-01,소선여중건너,3613,4702
2013-12-01,소선여중앞,83,541
2013-12-01,솔렌스힐건너,5663,930
2013-12-01,솔렌스힐앞,2097,449
2013-12-01,솔밭기세길건너,7,30
2013-12-01,솔밭기세길입구,223,2
2013-12-01,솔비식당입구,12,1
2013-12-01,솔비식당입구맞은편,619,60
2013-12-01,송원맨션건너,15051,1372
2013-12-01,송원맨션앞,3298,1069
2013-12-01,송정1동,5,10
2013-12-01,송정동1,33,11
2013-12-01,송정동2,12,2
2013-12-01,송정동3,9,5
2013-12-01,송정동4,2,12
2013-12-01,송정마을1,6,32
2013-12-01,송정마을2,115,1
2013-12-01,송정삼거리1,395,314
2013-12-01,송정삼거리2,242,545
2013-12-01,송정삼거리3,5270,900
2013-12-01,송정삼거리4,6065,1171
2013-12-01,송해공원,11,4
2013-12-01,송현1동치안센터건너,7191,1571
2013-12-01,송현2동주민센터건너,773,211
2013-12-01,송현공원건너,744,256
2013-12-01,송현공원앞,558,744
2013-12-01,송현교,1247,92
2013-12-01,송현교2,102,56
2013-12-01,송현여중고교건너,2824,730
2013-12-01,송현여중고교앞,4574,3959
2013-12-01,송현역(1번출구),13399,2142
2013-12-01,송현역(2번출구),18679,3702
2013-12-01,송현역(3번출구),19124,14979
2013-12-01,송현역(4번출구),6984,4152
2013-12-01,송현제림타운건너,5743,9780
2013-12-01,송현제림타운앞,3651,882
2013-12-01,송현초등학교건너,3726,887
2013-12-01,송현초등학교앞,9904,365
2013-12-01,수리리,124,60
2013-12-01,수성4가동주민센터앞,830,175
2013-12-01,수성경찰서건너,28988,7954
2013-12-01,수성경찰서앞,18450,12299
2013-12-01,수성고등학교건너,5198,946
2013-12-01,수성고등학교앞,3426,581
2013-12-01,수성관광호텔건너,3039,393
2013-12-01,수성관광호텔앞,2586,469
2013-12-01,수성교1,7672,5670
2013-12-01,수성교2,6892,3986
2013-12-01,수성구민운동장건너,8800,2630
2013-12-01,수성구민운동장앞,6973,12401
2013-12-01,수성구보건소건너,29101,2531
2013-12-01,수성구보건소앞,11119,4520
2013-12-01,수성구청건너,30358,12296
2013-12-01,수성구청앞,28500,8557
2013-12-01,수성네거리1,16908,6625
2013-12-01,수성네거리2,14933,3356
2013-12-01,수성대학교건너,39543,9742
2013-12-01,수성대학교앞,18135,16521
2013-12-01,수성도서관건너,15731,2322
2013-12-01,수성도서관앞,7772,3235
2013-12-01,수성동삼익맨션앞,1103,51
2013-12-01,수성동일하이빌앞,884,99
2013-12-01,수성랜드1,4484,201
2013-12-01,수성랜드2,1156,3374
2013-12-01,수성랜드건너,1683,617
2013-12-01,수성랜드건너2,561,566
2013-12-01,수성랜드앞,1205,1708
2013-12-01,수성롯데캐슬건너,15409,2010
2013-12-01,수성롯데캐슬앞,19168,6061
2013-12-01,수성못건너,1000,465
2013-12-01,수성못앞,1198,698
2013-12-01,수성못오거리1,14177,2743
2013-12-01,수성못오거리2,13875,3115
2013-12-01,수성못오거리5,875,455
2013-12-01,수성못코오롱하늘채,5185,3899
2013-12-01,수성소방서1,332,1116
2013-12-01,수성소방서2,179,1762
2013-12-01,수성시니어클럽건너,2620,2630
2013-12-01,수성시니어클럽앞,6943,1087
2013-12-01,수성시장건너,3093,1332
2013-12-01,수성시장네거리1,14134,2856
2013-12-01,수성시장네거리2,16633,6361
2013-12-01,수성시장앞,2842,874
2013-12-01,수성아트피아건너,7804,3567
2013-12-01,수성아트피아앞,4658,2845
2013-12-01,수성요양병원,698,88
2013-12-01,수성월드메르디앙건너,523,187
2013-12-01,수성월드메르디앙앞,906,64
2013-12-01,수성초등학교,7372,2853
2013-12-01,수성태영데시앙건너,1738,771
2013-12-01,수성태영데시앙앞,4656,530
2013-12-01,수성하이츠,2900,184
2013-12-01,수정맨션앞,2049,197
2013-12-01,수창초등학교,543,4250
2013-12-01,스파밸리1,129,264
2013-12-01,스파밸리2,9173,52
2013-12-01,시립희망원,1031,484
2013-12-01,시민교회건너,966,121
2013-12-01,시민교회앞,516,503
2013-12-01,시민운동장(야구장건너),3080,540
2013-12-01,시민운동장(야구장앞),2273,596
2013-12-01,시민운동장(축구장건너),3485,4092
2013-12-01,시민운동장(축구장앞),4042,741
2013-12-01,시지(종점),2768,446
2013-12-01,시지대성유니드건너,761,41
2013-12-01,시지대성유니드앞,2139,1786
2013-12-01,시지보성아파트앞,26282,10268
2013-12-01,시지중학교,20847,1200
2013-12-01,시지천마타운앞,4270,1743
2013-12-01,시청별관건너1,8615,2811
2013-12-01,시청별관건너2,6500,1398
2013-12-01,시청별관앞(구.경북도청),5881,4522
2013-12-01,신기리1,41,20
2013-12-01,신기리2,244,42
2013-12-01,신기역(화성타운건너),10232,1477
2013-12-01,신기역(화성타운앞),14822,1641
2013-12-01,신남역(1번출구),4381,1204
2013-12-01,신당동주민센터건너,2140,932
2013-12-01,신당동주민센터앞,10638,627
2013-12-01,신당리,1126,4
2013-12-01,신덕마을입구,240,96
2013-12-01,신도운수건너,1118,162
2013-12-01,신도운수앞,1210,104
2013-12-01,신매광장건너,47929,9241
2013-12-01,신매광장앞,52698,9213
2013-12-01,신매시장,5307,12348
2013-12-01,신매초등학교건너,10503,1913
2013-12-01,신매초등학교앞,8961,2297
2013-12-01,신매태성아파트,89,570
2013-12-01,신매태성아파트건너,6560,2136
2013-12-01,신무동1,542,0
2013-12-01,신무동2,2,5
2013-12-01,신생원앞,24,1
2013-12-01,신서성당건너,4411,473
2013-12-01,신서성당앞,4,394
2013-12-01,신성에스앤티건너,712,46
2013-12-01,신성에스앤티앞,152,3
2013-12-01,신성중공업건너,11,120
2013-12-01,신성중공업앞,436,0
2013-12-01,신성초등학교건너,4818,9346
2013-12-01,신성초등학교앞,7303,1445
2013-12-01,신세계병원건너,24303,15055
2013-12-01,신세계병원앞,11039,11470
2013-12-01,신세계주유소건너,8773,432
2013-12-01,신세계주유소앞,1081,1309
2013-12-01,신세월입구,32,0
2013-12-01,신신정비공장1,10847,6171
2013-12-01,신신정비공장2,33535,26854
2013-12-01,신암건영캐스빌건너,4348,734
2013-12-01,신암건영캐스빌앞,1753,93
2013-12-01,신암보성아파트건너,1554,523
2013-12-01,신암보성아파트앞,1217,1133
2013-12-01,신암초등학교건너,5282,2616
2013-12-01,신천3동행정복지센터건너,4253,552
2013-12-01,신천3동행정복지센터앞,2130,2402
2013-12-01,신천3치안센터건너,4539,1407
2013-12-01,신천3치안센터앞,5761,3868
2013-12-01,신천LH아파트건너,8393,2169
2013-12-01,신천LH아파트앞,14543,4961
2013-12-01,신천교1,1852,928
2013-12-01,신천교2,1957,271
2013-12-01,신천시장건너,3052,667
2013-12-01,신천시장앞,4324,1404
2013-12-01,신천역(2번출구),4834,1885
2013-12-01,신천역(3번출구),2500,808
2013-12-01,신천역(4번출구),7176,2169
2013-12-01,신천역(5번출구),10561,2155
2013-12-01,신천초등학교건너,679,56
2013-12-01,신천초등학교앞,381,80
2013-12-01,신평동1,516,1860
2013-12-01,신평동2,2759,126
2013-12-01,신평리네거리1,24256,10338
2013-12-01,신평리네거리2,30113,10578
2013-12-01,신평리주유소건너,1905,268
2013-12-01,신평리주유소앞,682,321
2013-12-01,신흥버스,18992,3369
2013-12-01,실내체육관건너,3985,846
2013-12-01,실내체육관앞,4548,1531
2013-12-01,심신수련장입구건너,1683,212
2013-12-01,심신수련장입구앞,851,174
2013-12-01,심인고등학교건너,25744,3174
2013-12-01,심인고등학교앞,14702,2549
2013-12-01,쌍용머티리얼,1679,104
2013-12-01,아너스월성앞,3919,594
2013-12-01,아멕스,523,37
2013-12-01,아멕스건너,921,7
2013-12-01,아양교1,4368,1293
2013-12-01,아양교2,15761,15629
2013-12-01,아양교3,1052,23180
2013-12-01,아양교4,5233,1012
2013-12-01,아양교역(1번출구),78318,75980
2013-12-01,아양교역(2번출구),92594,9719
2013-12-01,아양아트센터건너,4418,344
2013-12-01,아양아트센터앞,1425,264
2013-12-01,아주섬유건너,2,42
2013-12-01,아주섬유앞,111,4
2013-12-01,아주철강건너,89,14
2013-12-01,아주철강앞,94,0
2013-12-01,안심교(경산방향),190,87
2013-12-01,안심교(반야월방향),464,6911
2013-12-01,안심신우타운앞,1899,3563
2013-12-01,안심역(4번출구),51111,404
2013-12-01,안심역(5번출구),5784,39176
2013-12-01,안심주공1단지건너,13537,1677
2013-12-01,안심주공1단지앞,6580,732
2013-12-01,안심주공2단지앞,447,1317
2013-12-01,안심중학교건너,1458,1967
2013-12-01,안심중학교앞,2005,1112
2013-12-01,안심효성타운건너,12941,1778
2013-12-01,안심효성타운앞,26513,2306
2013-12-01,안지랑네거리1,27880,9153
2013-12-01,안지랑네거리2,31576,9726
2013-12-01,앞산공원,11008,4690
2013-12-01,앞산공원관리사무소건너,282,51
2013-12-01,앞산공원관리사무소앞,2,804
2013-12-01,앞산궁도장건너,740,121
2013-12-01,앞산궁도장앞,340,35
2013-12-01,앞산별자리체험학습장1,3775,42
2013-12-01,앞산별자리체험학습장2,137,640
2013-12-01,앞산보성타운건너,60,66
2013-12-01,앞산보성타운앞,3164,7
2013-12-01,앞산빨래터공원,880,150
2013-12-01,앞산빨래터공원1,895,79
2013-12-01,앞산자락카페마실건너,58,177
2013-12-01,앞산자락카페마실앞,1218,472
2013-12-01,앞산청구제네스건너,6520,2578
2013-12-01,앞산청구제네스앞,15180,2334
2013-12-01,앞산힐스테이트건너,3026,637
2013-12-01,앞산힐스테이트앞,1319,284
2013-12-01,약령시건너(동성로입구),234113,37076
2013-12-01,약령시앞,170121,71342
2013-12-01,약령시입구,3681,2031
2013-12-01,약사회관건너,356,81
2013-12-01,약사회관앞,625,62
2013-12-01,약산온천입구,906,170
2013-12-01,양지마을건너,567,463
2013-12-01,양지마을앞,5129,35
2013-12-01,어린이회관건너1,3070,5898
2013-12-01,어린이회관건너2,62,505
2013-12-01,어린이회관앞,7270,3798
2013-12-01,에이스이노텍건너,150,4
2013-12-01,에이스이노텍앞,352,185
2013-12-01,엑스코건너,5265,1729
2013-12-01,엑스코앞,16492,677
2013-12-01,엘디스리젠트호텔건너,6384,5533
2013-12-01,엘디스리젠트호텔앞,4327,6852
2013-12-01,여성메디파크,828,683
2013-12-01,역전시장건너,6174,1221
2013-12-01,역전시장앞,6235,990
2013-12-01,연경1,89,12
2013-12-01,연경2,395,7
2013-12-01,연암네거리1,21019,4200
2013-12-01,연암네거리2,4269,498
2013-12-01,연암네거리3,184,2742
2013-12-01,연젓마을건너,20,2
2013-12-01,연젓마을입구,3,2
2013-12-01,연호동,0,4
2013-12-01,연호동(종점),26,1
2013-12-01,연호동화훼단지1,4567,3607
2013-12-01,연호동화훼단지2,12936,872
2013-12-01,연호역(3번출구),57,7
2013-12-01,연호역(3번출구)건너,3,35
2013-12-01,연호지,311,450
2013-12-01,연호지건너,291,6153
2013-12-01,연화리1,0,8
2013-12-01,연화리2,1,182
2013-12-01,열병합발전소건너,2,1
2013-12-01,열병합발전소앞,0,2
2013-12-01,영남고등학교건너,19442,22030
2013-12-01,영남고등학교앞,43628,3737
2013-12-01,영남네오빌건너,1144,67
2013-12-01,영남네오빌비스타,1324,335
2013-12-01,영남네오빌앞,344,604
2013-12-01,영남농업연구소콩연구,12,4
2013-12-01,영남우방타운1차건너,4289,439
2013-12-01,영남우방타운1차앞,6807,407
2013-12-01,영남이공대학건너,14788,3668
2013-12-01,영남이공대학앞,29107,1472
2013-12-01,영남일보건너,4040,655
2013-12-01,영남종합전기,371,51
2013-12-01,영대병원역,46033,4061
2013-12-01,영대병원역(3번출구),37092,17399
2013-12-01,영일무역건너,324,15
2013-12-01,영일무역앞,65,99
2013-12-01,영조아파트건너,8,49
2013-12-01,영조아파트앞,2863,4
2013-12-01,영진고등학교건너,22583,2861
2013-12-01,영진고등학교앞,47772,19388
2013-12-01,영진교통(종점),521,16
2013-12-01,영진산업,390,5
2013-12-01,영진전문대학정문건너,10054,2066
2013-12-01,영진전문대학정문앞,19365,4087
2013-12-01,영진전문대학후문건너,30812,5747
2013-12-01,영진전문대학후문앞,41409,14879
2013-12-01,영화,654,97
2013-12-01,예현2리마을회관,411,2
2013-12-01,오2리(음지머구),174,0
2013-12-01,오뚜기물류센터,176,6
2013-12-01,오리(양지마을),285,0
2013-12-01,오설리,1,1
2013-12-01,오성아파트,222,5287
2013-12-01,오페라삼정그린코아APT,17760,3170
2013-12-01,오페라하우스건너,1415,429
2013-12-01,오페라하우스앞,1330,426
2013-12-01,옥분리(구진터),144,4
2013-12-01,옥분리1,24,42
2013-12-01,옥분리마을회관앞,306,4
2013-12-01,옥산정미소,405,7
2013-12-01,옥연지,0,5
2013-12-01,옥연지건너,19,67
2013-12-01,옥포간경리1,1470,820
2013-12-01,옥포간경리2,9228,451
2013-12-01,옥포농협,318,27
2013-12-01,옥포농협강림지소건너,965,599
2013-12-01,옥포농협강림지소앞,6393,184
2013-12-01,옥포농협건너,5561,184
2013-12-01,옥포농협앞,1196,258
2013-12-01,옥포무지개마을,4676,175
2013-12-01,옥포주유소앞,325,142
2013-12-01,옥포중앙교회앞,92,48
2013-12-01,옥포초등학교건너,834,638
2013-12-01,옥포초등학교앞,5181,652
2013-12-01,올림픽기념관건너,8562,4410
2013-12-01,올림픽기념관앞,14685,2368
2013-12-01,와룡공원건너,409,787
2013-12-01,와룡공원앞,862,148
2013-12-01,와룡시장,7456,373
2013-12-01,와룡시장건너,2494,734
2013-12-01,용계동1,15,11
2013-12-01,용계동2,532,631
2013-12-01,용계동3,3196,229
2013-12-01,용계동4,408,229
2013-12-01,용계삼거리1,9913,12319
2013-12-01,용계삼거리2,3673,2793
2013-12-01,용계삼거리3,596,725
2013-12-01,용계삼거리4,608,873
2013-12-01,용계역(1번출구),23166,4444
2013-12-01,용계역(2번출구),6588,1218
2013-12-01,용산1동주민센터건너,9233,3757
2013-12-01,용산1동주민센터앞,4403,1618
2013-12-01,용산2동주민센터건너,2747,845
2013-12-01,용산2동주민센터건너2,2741,1536
2013-12-01,용산2동주민센터앞,38269,2666
2013-12-01,용산네거리1,28502,4890
2013-12-01,용산네거리2,64290,18094
2013-12-01,용산역,1564,106
2013-12-01,용산역(1번출구),991,290
2013-12-01,용산역(2번출구),44466,7076
2013-12-01,용산종합큰시장건너,15743,1084
2013-12-01,용산종합큰시장앞,7442,1732
2013-12-01,용수동1,0,5
2013-12-01,용수동2,171,0
2013-12-01,용연사,203,5
2013-12-01,용연사시설집단지구건너,111,1
2013-12-01,용연사시설집단지구앞,12,11
2013-12-01,우록리,495,0
2013-12-01,우록리(부곡장식당),3,8
2013-12-01,우록리(선흥사입구),3,13
2013-12-01,우록리(종점),1828,24
2013-12-01,우방강촌마을건너,36059,1416
2013-12-01,우방강촌마을앞,13922,2576
2013-12-01,우방금탑아파트(서편),3052,7585
2013-12-01,우방드림시티건너,2577,4743
2013-12-01,우방드림시티앞,7796,1468
2013-12-01,우방만촌하이츠건너,5027,2529
2013-12-01,우방만촌하이츠앞,5361,4031
2013-12-01,우방송현하이츠,834,155
2013-12-01,우방송현하이츠건너,291,40
2013-12-01,우방신세계타운앞,710,182
2013-12-01,우방신천지타운건너,3994,649
2013-12-01,우방신천지타운앞,13820,2919
2013-12-01,우방아파트삼거리,352,339
2013-12-01,우방죽전타운건너,10832,4657
2013-12-01,우방죽전타운앞1,8893,1151
2013-12-01,우방죽전타운앞2,2662,329
2013-12-01,우방청솔맨션건너,12481,2666
2013-12-01,우방청솔맨션앞,17999,21272
2013-12-01,욱수초등학교건너,6475,3005
2013-12-01,욱수초등학교앞,39735,1410
2013-12-01,운암지공원1,405,6
2013-12-01,운암지공원2,5,271
2013-12-01,운암초등학교건너,12065,738
2013-12-01,운암초등학교앞,12496,116
2013-12-01,웃갈미마을건너,251,8
2013-12-01,웃갈미마을앞,5,19
2013-12-01,웃는얼굴아트센터1,1220,45
2013-12-01,웃는얼굴아트센터2,802,150
2013-12-01,원대네거리,1084,217
2013-12-01,원대시장건너,24099,2935
2013-12-01,원대시장건너2,1903,648
2013-12-01,원대시장앞,16980,6578
2013-12-01,원대역1,14193,25609
2013-12-01,원대역2,21952,3771
2013-12-01,원대오거리북편1,2648,2823
2013-12-01,원대오거리북편2,923,411
2013-12-01,원불교앞,744,655
2013-12-01,월곡네거리,190,783
2013-12-01,월광수변공원,2963,242
2013-12-01,월드컵삼거리,971,237
2013-12-01,월드컵삼거리앞,706,882
2013-12-01,월배농협대덕지점건너,3597,546
2013-12-01,월배시장건너,15459,5871
2013-12-01,월배시장앞,18668,1928
2013-12-01,월배쌍용예가건너,1370,4
2013-12-01,월배쌍용예가앞,3,56
2013-12-01,월배역(3번출구),11197,10036
2013-12-01,월배역(4번출구),10791,3319
2013-12-01,월배이안아파트건너,138,0
2013-12-01,월배이안아파트앞,35,26
2013-12-01,월배중학교건너,1823,1625
2013-12-01,월배중학교앞,724,681
2013-12-01,월배차량기지건너,1,26
2013-12-01,월배차량기지앞,257,57
2013-12-01,월배초등학교건너,9479,3613
2013-12-01,월배힐스테이트건너,1914,30
2013-12-01,월배힐스테이트앞,7,129
2013-12-01,월성1동주민센터건너,7838,1844
2013-12-01,월성1동주민센터앞,4657,272
2013-12-01,월성2동주민센터건너,18665,2044
2013-12-01,월성2동주민센터앞,34287,3267
2013-12-01,월성e-편한세상건너,18499,2904
2013-12-01,월성e-편한세상앞,820,2359
2013-12-01,월성영남맨션앞,759,349
2013-12-01,월성자이앞,155,420
2013-12-01,월성주공2단지앞,12188,1863
2013-12-01,월성주공3단지,1744,1061
2013-12-01,월성주공4단지건너,43277,4978
2013-12-01,월성주공4단지앞1,3200,335
2013-12-01,월성주공4단지앞2,24041,4247
2013-12-01,월성주공5단지앞,8618,6172
2013-12-01,월성청구코아건너,27984,2121
2013-12-01,월성청구코아앞,20569,4799
2013-12-01,월성코오롱하늘채건너,479,95
2013-12-01,월성코오롱하늘채앞,3545,331
2013-12-01,월성푸르지오앞,19171,3156
2013-12-01,월암교1,1229,5
2013-12-01,월암교2,270,86
2013-12-01,월촌고가교1,402,502
2013-12-01,월촌고가교2,2093,199
2013-12-01,월촌역(6번출구),22654,2059
2013-12-01,월촌역(7번출구),9739,3841
2013-12-01,월촌초등학교건너,1319,244
2013-12-01,월촌초등학교앞,1740,811
2013-12-01,위남마을입구,3108,121
2013-12-01,위천1리건너,447,39
2013-12-01,위천1리앞,1820,46
2013-12-01,위천삼거리(논공방향),379,54
2013-12-01,위천삼거리(현풍방향),153,140
2013-12-01,유가사(종점),508,22
2013-12-01,유가차천,1743,94
2013-12-01,유가차천1,387,543
2013-12-01,유곡리(회차지),20,2
2013-12-01,유니버시아드레포츠센터건너,3262,1446
2013-12-01,유니버시아드선수촌2단지건너,15700,5416
2013-12-01,유니버시아드선수촌2단지앞,3631,853
2013-12-01,유림물산,1672,334
2013-12-01,유림한의원건너,366,215
2013-12-01,유산리,185,1
2013-12-01,유신섬유네거리1,838,95
2013-12-01,유신섬유네거리2,3733,58
2013-12-01,유천교(유천치안센터건너),12044,6552
2013-12-01,유천교(유천치안센터앞),21861,13482
2013-12-01,유천교1,14355,629
2013-12-01,유천교2,476,4220
2013-12-01,유천포스코건너,2945,210
2013-12-01,유천포스코앞,4666,6809
2013-12-01,유통단지회차지,1070,270
2013-12-01,유통단지회차지2,3997,138
2013-12-01,육상진흥센터건너,133,83
2013-12-01,육상진흥센터앞,154,255
2013-12-01,육신사,187,2
2013-12-01,율원초등학교건너,36,1718
2013-12-01,율원초등학교앞,3709,98
2013-12-01,율하역,730,2759
2013-12-01,율하역(4번출구),12329,2464
2013-12-01,율하역(5번출구),11171,921
2013-12-01,율하휴먼시아15단지앞,8672,4572
2013-12-01,율하휴먼시아5단지건너,143,272
2013-12-01,율하휴먼시아5단지앞,2687,721
2013-12-01,율하휴먼시아6단지건너,1273,820
2013-12-01,율하휴먼시아6단지앞,12139,732
2013-12-01,율하휴먼시아8단지앞,9962,344
2013-12-01,율하휴먼시아9단지앞,1421,365
2013-12-01,은하타운건너,952,1110
2013-12-01,은하타운앞,1404,2277
2013-12-01,은행APT입구,514,443
2013-12-01,읍내동주민센터건너,7145,2575
2013-12-01,읍내동주민센터앞,392,77
2013-12-01,응암1리1,29,18
2013-12-01,응암1리2,10,0
2013-12-01,응암2리,14,0
2013-12-01,응암2리건너,29,179
2013-12-01,응암2리앞,7,74
2013-12-01,응암3리2,47,0
2013-12-01,이곡1동주민센터건너,9892,828
2013-12-01,이곡1동주민센터앞,4288,3436
2013-12-01,이곡마을,393,17
2013-12-01,이곡양수장건너,62,50
2013-12-01,이곡양수장앞,200,844
2013-12-01,이곡장미공원건너,5279,928
2013-12-01,이곡장미공원앞,4334,907
2013-12-01,이마트경산점,9104,3331
2013-12-01,이마트반야월점건너,1466,268
2013-12-01,이마트반야월점앞,3196,821
2013-12-01,이마트시지점건너,4263,1343
2013-12-01,이마트시지점앞,417,579
2013-12-01,이마트월배점건너,309,2806
2013-12-01,이마트월배점앞,8648,992
2013-12-01,이마트칠성점앞,1562,1420
2013-12-01,이마트트레이더스건너,7230,2892
2013-12-01,이마트트레이더스앞,18360,5125
2013-12-01,이시아폴리스더샵1단지,33025,1307
2013-12-01,이시아폴리스더샵2단지,2161,935
2013-12-01,이월드(구.우방랜드)건너,1696,114
2013-12-01,이월드(구.우방랜드)앞,571,183
2013-12-01,이월드(구.우방랜드)정문,5209,7018
2013-12-01,이월드(구.우방랜드)후문건너,3168,1516
2013-12-01,이월드(구.우방랜드)후문앞,2333,433
2013-12-01,이천동,5,12
2013-12-01,이천동(종점),94,2
2013-12-01,이천리(시내방향),176,1
2013-12-01,이천리(시외방향),118,0
2013-12-01,이천새마을금고건너,11205,782
2013-12-01,이천치안센터건너,1997,2950
2013-12-01,이현고개삼거리,0,6
2013-12-01,이현삼거리1,100,218
2013-12-01,이현삼거리2,848,84
2013-12-01,이현삼거리3,3255,1255
2013-12-01,이현자동차검사소건너,1798,366
2013-12-01,이현자동차검사소앞,1047,113
2013-12-01,이현지구대건너,839,468
2013-12-01,이현지구대앞,465,184
2013-12-01,인동촌시장건너,3060,2270
2013-12-01,인동촌시장입구,13864,627
2013-12-01,인산마을건너,935,3
2013-12-01,인산마을앞,21,72
2013-12-01,인지초등학교입구,3,0
2013-12-01,일심제약,123,13
2013-12-01,입석중학교건너,10896,3313
2013-12-01,입석중학교앞,5212,1977
2013-12-01,잉꼬아파트건너,715,133
2013-12-01,잉꼬아파트앞,1757,1455
2013-12-01,자모공원,54,1
2013-12-01,장관빌라건너,1664,93
2013-12-01,장관빌라앞,1103,160
2013-12-01,장기영남네오빌,56,29
2013-12-01,장기초등학교,1178,343
2013-12-01,장기초등학교1,5,76
2013-12-01,장기초등학교2,36,5
2013-12-01,장기초록나라건너,3348,4046
2013-12-01,장기초록나라앞,6714,533
2013-12-01,장기파랑새마을앞,48,94
2013-12-01,장동초등학교건너,3512,28
2013-12-01,장동초등학교앞,95,684
2013-12-01,장산초등학교건너,514,95
2013-12-01,장산초등학교앞,1155,74
2013-12-01,장성초등학교건너,903,9630
2013-12-01,장성초등학교앞,459,2344
2013-12-01,장태실마을건너,623,83
2013-12-01,장태실마을앞,45,22
2013-12-01,적십자혈액원건너,3740,670
2013-12-01,적십자혈액원앞,2411,916
2013-12-01,전기안전공사건너,1402,1668
2013-12-01,전기안전공사앞,3008,403
2013-12-01,전기재료관1,474,564
2013-12-01,전기재료관2,124,331
2013-12-01,전자관,4765,1151
2013-12-01,전자상가,13107,2028
2013-12-01,정대1리(바깥매남),74,0
2013-12-01,정대1리(안매남),39,0
2013-12-01,정대2리(마내미골)종점,17,0
2013-12-01,정대2리(잿들마을)건너,9,0
2013-12-01,정대2리마을회관건너,110,0
2013-12-01,정대2리마을회관앞,279,1
2013-12-01,정대리(대구미술광장),82,0
2013-12-01,정대숲,184,0
2013-12-01,정대숲건너,9,2
2013-12-01,정대숲앞,28,0
2013-12-01,정동고등학교건너,5936,2428
2013-12-01,정동고등학교앞,12274,657
2013-12-01,정부대구지방합동청사건너,467,57
2013-12-01,정부대구지방합동청사앞,175,97
2013-12-01,정부대구지방합동청사후문1,1196,751
2013-12-01,정화우방팔레스,17237,7152
2013-12-01,정화우방팔레스건너,30434,3196
2013-12-01,제일규산,1131,17
2013-12-01,제일여자상업고등학교건너,21186,7104
2013-12-01,제일여자상업고등학교앞,22300,3285
2013-12-01,조달청건너,3854,2389
2013-12-01,조달청앞,8131,816
2013-12-01,조암네거리1,431,32
2013-12-01,조암네거리2,812,716
2013-12-01,조암초등학교건너,18,7
2013-12-01,조암초등학교앞,187,10
2013-12-01,조야동(종점),12654,627
2013-12-01,조일로봇고등학교(종점),8685,628
2013-12-01,주1리1,20,12
2013-12-01,주1리2,613,87
2013-12-01,주2리(최정사입구),4,22
2013-12-01,주2리1,182,3
2013-12-01,주리(삼진식당),2,14
2013-12-01,죽곡2지구1,7,1
2013-12-01,죽곡2지구2,3,30
2013-12-01,죽전119안전센터건너,4213,2446
2013-12-01,죽전119안전센터앞,5505,723
2013-12-01,죽전그린빌건너,4080,2886
2013-12-01,죽전그린빌앞,13192,1257
2013-12-01,죽전네거리1,34918,5684
2013-12-01,죽전네거리2,20770,8001
2013-12-01,중구보건소건너,3628,6645
2013-12-01,중구보건소앞,2553,1772
2013-12-01,중구청건너,30513,4657
2013-12-01,중구청앞,30835,18447
2013-12-01,중대1동회관앞,2414,7
2013-12-01,중동교1,4289,8597
2013-12-01,중동교2,1311,185
2013-12-01,중동네거리1,6293,1227
2013-12-01,중동네거리2,3419,6078
2013-12-01,중동서울아파트건너,245,135
2013-12-01,중동서울아파트앞,1132,70
2013-12-01,중동시장건너,18848,6534
2013-12-01,중동시장앞,25705,2421
2013-12-01,중동주민센터건너,550,131
2013-12-01,중동주민센터앞,521,237
2013-12-01,중동치안센터건너,1526,174
2013-12-01,중동치안센터앞,509,204
2013-12-01,중리광명맨션건너,17094,1673
2013-12-01,중리광명맨션앞,10299,2007
2013-12-01,중리네거리1,6815,1630
2013-12-01,중리네거리2,6388,1328
2013-12-01,중리롯데캐슬건너,10557,6677
2013-12-01,중리롯데캐슬서편,4541,1723
2013-12-01,중리롯데캐슬앞,18552,2131
2013-12-01,중리롯데캐슬정문앞,750,121
2013-12-01,중리마을,2273,4
2013-12-01,중리삼거리1,21,155
2013-12-01,중리삼거리2,1238,8
2013-12-01,중리시장건너1,295,188
2013-12-01,중리시장건너2,792,185
2013-12-01,중리시장앞,7992,1293
2013-12-01,중리중학교,814,101
2013-12-01,중마을(갓바위방향),41,642
2013-12-01,중마을(시내방향),294,1
2013-12-01,중부소방서건너,2110,1506
2013-12-01,중부소방서앞,8006,1878
2013-12-01,중석타운건너,81,490
2013-12-01,중석타운앞,12055,230
2013-12-01,중소기업관건너,36,774
2013-12-01,중소기업관앞,1598,126
2013-12-01,중소기업지원센터,393,109
2013-12-01,중심마을,133,62
2013-12-01,중앙일보건너,1649,1055
2013-12-01,중앙일보앞,5766,124
2013-12-01,지묘동1,3598,484
2013-12-01,지묘동2,10744,130
2013-12-01,지묘초등학교건너,8883,299
2013-12-01,지묘초등학교앞,725,168
2013-12-01,지산2길입구,231,2
2013-12-01,지산2길입구건너,110,5
2013-12-01,지산동서맨션건너,7199,1643
2013-12-01,지산동서맨션앞,22878,914
2013-12-01,지산목련아파트건너,25816,1589
2013-12-01,지산목련아파트앞,12240,2954
2013-12-01,지산시영아파트1단지건너,2092,1674
2013-12-01,지산시영아파트1단지앞,6965,304
2013-12-01,지산영남맨션앞,2956,2260
2013-12-01,지산우방아파트,6558,1289
2013-12-01,지산중학교입구,589,306
2013-12-01,지산청구타운건너,2686,2644
2013-12-01,지산청구타운앞,21892,769
2013-12-01,지산타운건너,32360,778
2013-12-01,지산타운앞,3057,6422
2013-12-01,지산한라타운건너,22703,574
2013-12-01,지산한라타운앞,3173,3431
2013-12-01,지산현대주택건너,5396,2637
2013-12-01,지산현대주택앞,16586,1851
2013-12-01,지산화성파크드림,1703,559
2013-12-01,지저동행정복지센터건너,23290,2593
2013-12-01,지저동행정복지센터앞,5029,1248
2013-12-01,진달래아파트건너,9821,3448
2013-12-01,진달래아파트앞,14933,4299
2013-12-01,진월초등학교건너,1165,862
2013-12-01,진월초등학교앞,534,631
2013-12-01,진인동(양지마을)건너,6,24
2013-12-01,진인동(양지마을)앞,92,12
2013-12-01,진인동(진정마을)1,63,13
2013-12-01,진인동(진정마을)2,27,6
2013-12-01,진정마을1,1583,4
2013-12-01,진정마을2,61,18
2013-12-01,진천역(1번출구),39872,6510
2013-12-01,진천역(2번출구),24063,7772
2013-12-01,진천청구타운건너,874,521
2013-12-01,진천청구타운앞,3696,336
2013-12-01,징리보건소,54,0
2013-12-01,차량등록사업소건너,622,932
2013-12-01,차량등록사업소앞,894,158
2013-12-01,창1리2,128,39
2013-12-01,천내영남맨션,12,0
2013-12-01,천내우방1차,1,0
2013-12-01,첨단의료산업진흥재단건너,146,225
2013-12-01,첨단의료산업진흥재단앞,8,70
2013-12-01,청구고등학교건너,18379,2485
2013-12-01,청구고등학교앞,27457,5393
2013-12-01,청구그린맨션1차건너,10975,2242
2013-12-01,청구그린맨션1차앞,18743,3029
2013-12-01,청구시장건너,7210,502
2013-12-01,청구시장건너2,485,283
2013-12-01,청구시장북편,2748,332
2013-12-01,청구시장북편건너,3777,461
2013-12-01,청구시장앞,6857,1028
2013-12-01,청구중동아파트,350,705
2013-12-01,청구타운건너,1481,1770
2013-12-01,청구타운앞,1557,344
2013-12-01,청기와주유소건너,23570,4206
2013-12-01,청기와주유소앞,18774,3241
2013-12-01,청남타운건너,1613,115
2013-12-01,청남타운앞,397,648
2013-12-01,청백다례원,1525,1390
2013-12-01,청소년수련원건너,491,109
2013-12-01,청소년수련원앞,556,607
2013-12-01,청아람푸르지오2단지1,1,6
2013-12-01,청아람푸르지오2단지2,77,2
2013-12-01,청운맨션건너,1316,298
2013-12-01,청운맨션앞,909,826
2013-12-01,충혼탑건너,4711,105
2013-12-01,충혼탑앞,64,717
2013-12-01,측백수림건너,711,2
2013-12-01,측백수림앞,2,19
2013-12-01,칠곡2차영남타운건너,3981,499
2013-12-01,칠곡2차영남타운앞,4611,606
2013-12-01,칠곡3차보성타운1,1157,204
2013-12-01,칠곡3차보성타운2,7402,397
2013-12-01,칠곡3차화성타운1,5942,71
2013-12-01,칠곡3차화성타운2,10535,181
2013-12-01,칠곡3차화성타운3,51,297
2013-12-01,칠곡경대병원역,14,477
2013-12-01,칠곡경북대병원,906,246
2013-12-01,칠곡경북대병원정문건너,365,364
2013-12-01,칠곡경북대병원정문앞,4650,24
2013-12-01,칠곡경북대병원후문건너,5197,396
2013-12-01,칠곡경북대병원후문앞,288,1
2013-12-01,칠곡그린빌2차건너,12152,511
2013-12-01,칠곡그린빌2차앞,21962,1474
2013-12-01,칠곡그린빌3차건너,17478,378
2013-12-01,칠곡그린빌3차앞,472,1317
2013-12-01,칠곡그린빌5단지건너,2810,266
2013-12-01,칠곡그린빌5단지앞,2955,1399
2013-12-01,칠곡그린빌6단지건너,1040,143
2013-12-01,칠곡그린빌6단지앞,264,63
2013-12-01,칠곡그린파크1,11226,2876
2013-12-01,칠곡그린파크2,27409,1281
2013-12-01,칠곡네스빌,166,133
2013-12-01,칠곡대백맨션건너,5973,47
2013-12-01,칠곡대백맨션앞,253,643
2013-12-01,칠곡동화아파트건너,4134,2448
2013-12-01,칠곡동화아파트앞,19837,2251
2013-12-01,칠곡롯데아파트건너,39,256
2013-12-01,칠곡롯데아파트앞,5581,24
2013-12-01,칠곡부영1단지,3949,337
2013-12-01,칠곡서한맨션,1234,14
2013-12-01,칠곡서한맨션앞,127,377
2013-12-01,칠곡시장건너,13984,1024
2013-12-01,칠곡시장앞,1867,2388
2013-12-01,칠곡에덴타운건너,34367,9730
2013-12-01,칠곡에덴타운앞,27445,4651
2013-12-01,칠곡우방타운건너(종점),369,79
2013-12-01,칠곡우방타운건너(종점),3488,52
2013-12-01,칠곡우방타운앞(종점),4141,179
2013-12-01,칠곡주공그린빌1단지건너,2920,583
2013-12-01,칠곡주공그린빌1단지앞,10659,319
2013-12-01,칠곡중학교건너(칠곡향교건너),1645,752
2013-12-01,칠곡중학교앞(칠곡향교앞),23029,1015
2013-12-01,칠곡청구타운건너,407,673
2013-12-01,칠곡청구타운앞,4121,233
2013-12-01,칠곡초등학교건너,114,527
2013-12-01,칠곡초등학교앞,1647,235
2013-12-01,칠곡한라타운건너,4884,105
2013-12-01,칠곡한라타운앞,49,521
2013-12-01,칠곡한서타운건너,12579,1782
2013-12-01,칠곡한신아파트건너,2432,395
2013-12-01,칠곡한신아파트앞1,10096,1161
2013-12-01,칠곡한신아파트앞2,1176,187
2013-12-01,칠곡화성타운건너,9617,159
2013-12-01,칠곡화성타운앞1,8903,2566
2013-12-01,칠곡화성타운앞2,2783,771
2013-12-01,칠성고가도로하단,750,104
2013-12-01,칠성꽃도매시장건너,985,1503
2013-12-01,칠성꽃도매시장앞,1867,2098
2013-12-01,칠성시장(농협건너),104,159
2013-12-01,칠성시장(농협앞),967,286
2013-12-01,칠성시장(양친회신협),25,97
2013-12-01,칠성시장(전자상가건너),5971,455
2013-12-01,칠성시장(전자상가앞),1666,1027
2013-12-01,칠성시장건너,42462,21040
2013-12-01,칠성시장앞1,2148,5170
2013-12-01,칠성시장역(서문프라자건너),3829,5959
2013-12-01,칠성시장역(서문프라자앞),27362,2530
2013-12-01,칠성우방타운,751,210
2013-12-01,침산3동주민센터,13219,1304
2013-12-01,침산남영타운건너,3125,2334
2013-12-01,침산남영타운앞,7799,513
2013-12-01,침산네거리1,11884,1367
2013-12-01,침산네거리2,18729,3595
2013-12-01,침산동화타운건너,6809,184
2013-12-01,침산동화타운앞,524,1041
2013-12-01,침산변전소건너,12414,3833
2013-12-01,침산변전소앞,10731,2205
2013-12-01,침산중학교건너,2880,277
2013-12-01,침산중학교앞,5697,427
2013-12-01,침산초등학교건너,4462,1037
2013-12-01,침산초등학교앞,1195,1125
2013-12-01,침산초등학교후문,420,29
2013-12-01,침산코오롱하늘채건너,8981,1711
2013-12-01,침산코오롱하늘채앞,24359,4389
2013-12-01,캐슬골드파크(1102동),22421,2169
2013-12-01,캐슬골드파크(1504동),15985,3140
2013-12-01,케이에스건너,5,20
2013-12-01,케이에스앞,714,34
2013-12-01,코스트코홀세일건너/복현화성타운앞,4912,4484
2013-12-01,코스트코홀세일앞/복현화성타운건너,50345,2899
2013-12-01,코오롱아파트,23564,1585
2013-12-01,퀸벨호텔건너,20361,3058
2013-12-01,퀸벨호텔앞,10068,7526
2013-12-01,퀸스로드건너,2328,3012
2013-12-01,퀸스로드건너(동편),13154,2170
2013-12-01,퀸스로드앞,4506,1119
2013-12-01,퀸스로드앞(동편),17036,3779
2013-12-01,크리스탈호텔앞,1462,456
2013-12-01,큰고개1,4281,12455
2013-12-01,큰고개2,9594,4660
2013-12-01,큰고개오거리1,20927,1162
2013-12-01,큰고개오거리2,4901,12346
2013-12-01,큰장네거리1,78036,12863
2013-12-01,큰장네거리2,44416,22396
2013-12-01,큰장네거리3,21216,7468
2013-12-01,큰장네거리4,38274,15563
2013-12-01,태성맨션건너,11,112
2013-12-01,태성맨션앞,3091,1960
2013-12-01,태왕그린힐즈건너,186,475
2013-12-01,태왕그린힐즈앞1,86,607
2013-12-01,태왕그린힐즈앞2,3134,34
2013-12-01,태왕메트로시티건너,6507,2419
2013-12-01,태왕메트로시티앞,4180,2058
2013-12-01,태왕아너스베스트앞,6184,327
2013-12-01,태왕아너스복현건너,3411,1273
2013-12-01,태왕아너스복현앞,8704,1605
2013-12-01,태전두성타운건너,6674,1155
2013-12-01,태전두성타운앞,2422,500
2013-12-01,태전삼거리1,17138,9815
2013-12-01,태전삼거리2,39050,7560
2013-12-01,태전역1,16095,9061
2013-12-01,태전우방타운1차,389,43
2013-12-01,태전육교1,295,87
2013-12-01,태전육교2,103,60
2013-12-01,태전중석타운,1110,51
2013-12-01,태전중석타운건너,1364,349
2013-12-01,태전중앙시장건너,2932,1801
2013-12-01,태전중앙시장앞,10629,3720
2013-12-01,태전휴먼시아,1629,91
2013-12-01,태평상가건너,6119,6489
2013-12-01,태평상가앞1,6211,6946
2013-12-01,태평상가앞2,268,197
2013-12-01,태현초등학교앞,8427,199
2013-12-01,터실마을,9,0
2013-12-01,텍스빌,10724,1675
2013-12-01,토지주택공사건너,3704,1582
2013-12-01,토지주택공사앞,10747,1115
2013-12-01,퇴계마을건너,0,3
2013-12-01,퇴계마을앞,120,0
2013-12-01,파계교,381,398
2013-12-01,파계사(종점),7361,439
2013-12-01,파군재삼거리1,921,3014
2013-12-01,파군재삼거리2,728,943
2013-12-01,파동1차시장건너,1857,1208
2013-12-01,파동1차시장앞,13190,626
2013-12-01,파동우체국앞,797,712
2013-12-01,파동청구하이츠,9071,508
2013-12-01,파크맨션건너,12197,3015
2013-12-01,파크맨션앞,9216,2707
2013-12-01,파티마병원건너1,22683,12581
2013-12-01,파티마병원건너2,3451,2446
2013-12-01,팔거역3,354,91
2013-12-01,팔거역4,1085,134
2013-12-01,팔공3차보성타운건너,998,6
2013-12-01,팔공3차보성타운앞,78,196
2013-12-01,팔공3차보성타운후문,5234,124
2013-12-01,팔공보성아파트건너,1380,390
2013-12-01,팔공보성아파트앞,10301,487
2013-12-01,팔공산IC입구,209,4009
2013-12-01,팔공산맥건너,5159,833
2013-12-01,팔공산맥앞,830,230
2013-12-01,팔공학생야영장앞,234,1
2013-12-01,팔공한마음주유소,9,6
2013-12-01,팔공한마음주유소건너,61,1
2013-12-01,팔달시장건너,45018,6629
2013-12-01,팔달시장앞,49664,17987
2013-12-01,팔달시장역,50455,17716
2013-12-01,팔달신시장,29411,7015
2013-12-01,팔달신시장2,6783,1208
2013-12-01,팔달역2,487,1569
2013-12-01,팔달중학교건너,9477,189
2013-12-01,팔달중학교앞,6317,265
2013-12-01,팔달초등학교,239,404
2013-12-01,팔레스호텔건너,27006,6759
2013-12-01,팔레스호텔앞1,6252,2025
2013-12-01,팔레스호텔앞2,747,903
2013-12-01,팔현마을,68,7
2013-12-01,평광3차아파트,5901,90
2013-12-01,평광3차아파트건너,4509,341
2013-12-01,평광새마을금고,211,0
2013-12-01,평광종점,532,12
2013-12-01,평리1동주민센터건너,62,59
2013-12-01,평리1동주민센터앞,3262,230
2013-12-01,평리2동주민센터건너,15026,1470
2013-12-01,평리2동주민센터앞,5761,2546
2013-12-01,평리3동주민센터건너,2408,181
2013-12-01,평리6동주민센터앞,1651,538
2013-12-01,평리광명네거리,726,1841
2013-12-01,평리광명맨션건너,2873,1016
2013-12-01,평리광명맨션앞,999,383
2013-12-01,평리네거리1,16523,16572
2013-12-01,평리네거리2,19485,5577
2013-12-01,평리명성아파트건너,5818,1295
2013-12-01,평리명성아파트앞,3809,1056
2013-12-01,평리중학교건너,1454,590
2013-12-01,평리중학교앞,2531,166
2013-12-01,평리청구타운건너,41312,11852
2013-12-01,평리청구타운앞,39330,9845
2013-12-01,평안,696,48
2013-12-01,평촌2리,6,3
2013-12-01,평촌리,64,0
2013-12-01,평현치안센터건너,7382,959
2013-12-01,평화시장(닭똥집골목)건너,27796,5610
2013-12-01,평화시장(닭똥집골목)앞,63081,11766
2013-12-01,평화씨엠비건너,1275,56
2013-12-01,평화씨엠비앞,235,128
2013-12-01,평화정공건너,822,290
2013-12-01,평화정공앞,763,56
2013-12-01,평화타운건너,24673,2139
2013-12-01,푸드웰건너,4034,65
2013-12-01,푸드웰앞,159,212
2013-12-01,푸르밀대구공장,61,0
2013-12-01,푸르밀대구공장건너,0,6
2013-12-01,풋살경기장(50사단),630,45
2013-12-01,풍국주정공업,1450,47
2013-12-01,하나원전문장례식장,8,1
2013-12-01,하리(약산온천)건너,333,73
2013-12-01,하목정(종점),0,4
2013-12-01,하빈농협건너,203,1
2013-12-01,하빈농협동곡지점1,69,21
2013-12-01,하빈농협동곡지점2,952,4
2013-12-01,하빈농협앞,14,9
2013-12-01,하빈농협입구,15,6
2013-12-01,하빈면사무소건너,260,2
2013-12-01,하빈면사무소앞,36,9
2013-12-01,하빈우체국건너,463,5
2013-12-01,하빈우체국앞,16,2
2013-12-01,하빈주유소앞,4,6
2013-12-01,하빈초등학교앞,301,4
2013-12-01,하산1리,592,1
2013-12-01,하산2리,219,0
2013-12-01,하산스무지(종점),176,3
2013-12-01,학남고등학교건너,1856,355
2013-12-01,학남고등학교앞,4812,349
2013-12-01,학남초등학교건너,55,774
2013-12-01,학남초등학교앞,3150,210
2013-12-01,학산아파트건너,48,18
2013-12-01,학산아파트앞,3,12
2013-12-01,학정청아람1,767,523
2013-12-01,학정청아람2,3352,35
2013-12-01,학정청아람건너,5863,373
2013-12-01,학정청아람앞,2703,422
2013-12-01,한가람타운건너,27543,8615
2013-12-01,한가람타운앞,21930,3716
2013-12-01,한걸고정마을,96,1
2013-12-01,한국감정원앞,351,66
2013-12-01,한국건강관리협회앞,7700,549
2013-12-01,한국국토정보공사건너,3926,7349
2013-12-01,한국국토정보공사앞,2348,885
2013-12-01,한국농어촌공사건너,25830,5959
2013-12-01,한국농어촌공사앞,22574,1390
2013-12-01,한국델파이건너,58,198
2013-12-01,한국델파이앞,1586,187
2013-12-01,한국도로공사건너,152,531
2013-12-01,한국도로공사앞,7734,30
2013-12-01,한국방송통신대학교건너,2759,778
2013-12-01,한국방송통신대학교앞,1037,476
2013-12-01,한국산업단지공단앞,91,65
2013-12-01,한국산업은행성서지점건너,198,1274
2013-12-01,한국산업은행성서지점앞,5285,23
2013-12-01,한국산업인력공단건너,4067,75
2013-12-01,한국산업인력공단앞,187,195
2013-12-01,한국생산기술연구원건너,108,22
2013-12-01,한국생산기술연구원앞,75,16
2013-12-01,한국클래드텍건너,515,9
2013-12-01,한국클래드텍앞,2,126
2013-12-01,한국타이어,319,1256
2013-12-01,한국타이어건너,244,63
2013-12-01,한국패션센터,2763,116
2013-12-01,한국폴리텍VI대구대학건너,17370,3905
2013-12-01,한국폴리텍VI대구대학앞,9098,9222
2013-12-01,한국폴리텍대학(섬유패션캠퍼스),136,1362
2013-12-01,한국환경자원공사,1,12
2013-12-01,한국환경자원공사건너,104,2
2013-12-01,한도아파트앞,11896,480
2013-12-01,한라하우젠트,907,22
2013-12-01,한마음주유소건너,2918,468
2013-12-01,한마음주유소앞,2114,347
2013-12-01,한샘교회,4785,2079
2013-12-01,한샘교회건너,1168,824
2013-12-01,한서기전건너,421,54
2013-12-01,한서기전앞,145,22
2013-12-01,한양공작맨션건너,7,147
2013-12-01,한양공작맨션앞,1325,26
2013-12-01,한양산호아파트건너,6205,185
2013-12-01,한양산호아파트앞,1255,38
2013-12-01,한양수정아파트,44,62
2013-12-01,한양코스모스아파트건너,43,108
2013-12-01,한양코스모스아파트앞,1158,316
2013-12-01,한전동대구지사,25455,4349
2013-12-01,한전동대구지사건너,16500,4256
2013-12-01,한전서대구지사건너,21667,10658
2013-12-01,한전서대구지사앞,17290,3821
2013-12-01,한정3리,11,0
2013-12-01,한정리(한정초교),51,0
2013-12-01,한정리(한정초교건너),2,7
2013-12-01,한화꿈에그린건너1,703,622
2013-12-01,한화꿈에그린앞,14558,2853
2013-12-01,함지초등학교건너,1166,557
2013-12-01,함지초등학교앞,10046,288
2013-12-01,해랑교(시외방향),85,59
2013-12-01,해랑교1,1,2
2013-12-01,해랑교2,524,41
2013-12-01,해랑교건너,1067,75
2013-12-01,해안동행정복지센터,408,151
2013-12-01,해안역(1번출구),9096,2110
2013-12-01,해안역(3번출구),7890,3186
2013-12-01,해안초등학교뒤,1,3
2013-12-01,행정1리건너,20,0
2013-12-01,행정1리앞,4,6
2013-12-01,행정2리건너,0,7
2013-12-01,행정2리앞,53,17
2013-12-01,행정리,615,27
2013-12-01,행정리(한천서원),242,0
2013-12-01,헬로TV대구방송건너,7067,3480
2013-12-01,헬로TV대구방송앞,7401,3306
2013-12-01,현내1리,204,4
2013-12-01,현내2리중방마을건너,165,0
2013-12-01,현내2리중방마을앞,6,1
2013-12-01,현대금속,1736,64
2013-12-01,현대메카닉스건너,199,2
2013-12-01,현대메카닉스앞,2,7
2013-12-01,현대백조아파트(북편),4865,250
2013-12-01,현대백조아파트건너,2775,276
2013-12-01,현대백조아파트앞,2737,669
2013-12-01,현대백화점.동아쇼핑건너,29346,8580
2013-12-01,현대백화점.동아쇼핑앞,40610,2470
2013-12-01,현대시장건너,13600,1203
2013-12-01,현대시장앞,2513,2087
2013-12-01,현대시장앞2,805,256
2013-12-01,현대해상건너,33785,17522
2013-12-01,현대해상앞,28046,6337
2013-12-01,현충로역(3번출구),34303,9256
2013-12-01,현충로역(4번출구),26486,11152
2013-12-01,현충삼거리1,479,451
2013-12-01,현충삼거리2,2943,169
2013-12-01,현풍고속도로밑,275,76
2013-12-01,현풍농협,3691,410
2013-12-01,현풍면사무소건너,0,3
2013-12-01,현풍면사무소앞,213,0
2013-12-01,현풍삼거리,34,46
2013-12-01,현풍새마을금고,7762,585
2013-12-01,현풍시외버스터미널,1949,362
2013-12-01,현풍운전시험장,643,10
2013-12-01,현풍주공아파트,46,21
2013-12-01,현풍주공아파트2,5,166
2013-12-01,현풍주공아파트앞,440,186
2013-12-01,현풍중고등학교,36,191
2013-12-01,현풍중고등학교건너,1075,141
2013-12-01,현풍터미널건너,1405,72
2013-12-01,현풍터미널앞,689,507
2013-12-01,현풍할매곰탕,1995,571
2013-12-01,현풍할매곰탕건너,818,212
2013-12-01,호산초등학교건너,18,37
2013-12-01,호산초등학교앞,166,642
2013-12-01,홈플러스내당점건너,11196,898
2013-12-01,홈플러스내당점앞,5462,5463
2013-12-01,홈플러스대구점건너,1250,2160
2013-12-01,홈플러스대구점앞,22785,11857
2013-12-01,홈플러스동촌점건너,6712,3511
2013-12-01,홈플러스동촌점앞,13714,1275
2013-12-01,홈플러스칠곡점건너,11512,671
2013-12-01,홈플러스칠곡점앞,3028,1056
2013-12-01,홍천사건너,1268,19
2013-12-01,홍천사입구,55,193
2013-12-01,화남초등학교건너,11,340
2013-12-01,화남초등학교앞,5747,417
2013-12-01,화동초등학교건너,958,141
2013-12-01,화동초등학교앞,646,81
2013-12-01,화랑교1,1264,5620
2013-12-01,화랑교2,12528,775
2013-12-01,화성그랜드건너,390,161
2013-12-01,화성그랜드앞,164,70
2013-12-01,화성리버파크건너,6047,331
2013-12-01,화성리버파크앞,1181,598
2013-12-01,화성센트럴파크,4828,259
2013-12-01,화성쌍용타운건너,683,25
2013-12-01,화성쌍용타운앞1,1308,331
2013-12-01,화성쌍용타운앞2,115,1850
2013-12-01,화성전문요양원건너,423,166
2013-12-01,화성전문요양원앞,1591,652
2013-12-01,화성파크뷰건너,8241,326
2013-12-01,화성파크뷰앞,727,2214
2013-12-01,화영테크건너,22,20
2013-12-01,화영테크앞,592,26
2013-12-01,화원고등학교(종점),934,35
2013-12-01,화원고등학교(종점)2,171,89
2013-12-01,화원고등학교건너,8419,763
2013-12-01,화원고등학교앞,1975,974
2013-12-01,화원농협주유소건너,1409,570
2013-12-01,화원농협주유소앞,7429,3249
2013-12-01,화원삼주타운건너,7306,361
2013-12-01,화원삼주타운앞,320,178
2013-12-01,화원시장건너,3461,457
2013-12-01,화원시장앞,136,504
2013-12-01,화원유원지(사문진주막촌),473,44
2013-12-01,화원유원지건너,368,107
2013-12-01,화원유원지입구,4,1
2013-12-01,화원초등학교건너,23639,3994
2013-12-01,화원초등학교앞,37745,11305
2013-12-01,화전동1,8,30
2013-12-01,화전동2,576,4
2013-12-01,황금2동치안센터건너,1458,524
2013-12-01,황금2동치안센터앞,4176,283
2013-12-01,황금네거리1,30173,2651
2013-12-01,황금네거리2,9442,3781
2013-12-01,황금시장건너,238,89
2013-12-01,황금시장앞,2069,62
2013-12-01,황금우방1차건너,18706,2571
2013-12-01,황금우방1차앞,4784,2441
2013-12-01,황금초등학교건너,2051,1436
2013-12-01,황금초등학교앞,5466,267
2013-12-01,황제맨션건너,5697,5870
2013-12-01,황제맨션앞,5182,1349
2013-12-01,효동초등학교건너,4251,1074
2013-12-01,효동초등학교앞,9572,997
2013-12-01,효목네거리1,10932,995
2013-12-01,효목네거리2,2464,2568
2013-12-01,효목네거리3,10621,4850
2013-12-01,효성타운앞,16633,1016
2013-12-01,흥사단 대구지부건너,1775,306
2013-12-01,흥사단 대구지부앞,1504,2635
2013-12-01,흥성정공건너,324,3
2013-12-01,흥성정공앞,185,33
2013-12-01,희망교1,1244,117
2013-12-01,희성전자건너,16,31
2013-12-01,희성전자앞,554,84
2013-12-01,힐크레스트남문건너,423,235
2013-12-01,힐크레스트남문앞,123,886
2013-12-01,힐크레스트입구,385,488
