년월,정류소명, 승차 , 하차 , 합계 
2026-01-31,약령시건너(동성로입구),150830,24634,175464
2026-01-31,경상감영공원앞,95732,55500,151232
2026-01-31,동대구역건너,93328,32515,125843
2026-01-31,약령시앞,79440,33244,112684
2026-01-31,동대구역,81290,27752,109042
2026-01-31,반월당역(2번출구),71958,30118,102076
2026-01-31,아양교역(1번출구),53047,44237,97284
2026-01-31,동구청건너,70132,25322,95454
2026-01-31,2.28기념중앙공원앞,76261,17739,94000
2026-01-31,동대구역복합환승센터앞,64112,26147,90259
2026-01-31,CGV대구한일건너,67126,16881,84007
2026-01-31,경상감영공원건너,69024,13590,82614
2026-01-31,서부정류장1,66567,11607,78174
2026-01-31,진천역(2번출구),44151,30808,74959
2026-01-31,동대구역복합환승센터건너,63944,10003,73947
2026-01-31,상인현대맨션건너,63778,6090,69868
2026-01-31,서부정류장(관문시장건너),55145,10214,65359
2026-01-31,아양교역(2번출구),51870,9397,61267
2026-01-31,큰장네거리1,51059,8650,59709
2026-01-31,곽병원건너,37004,22342,59346
2026-01-31,경신고등학교건너,50637,7733,58370
2026-01-31,섬유회관앞,42118,15942,58060
2026-01-31,경신고등학교앞,46634,11367,58001
2026-01-31,2.28기념중앙공원건너1,43988,13550,57538
2026-01-31,서구청건너,48235,8015,56250
2026-01-31,강남약국건너,45266,10314,55580
2026-01-31,동구청앞,44204,10537,54741
2026-01-31,산격종합시장앞,40709,12244,52953
2026-01-31,감삼역(3번출구),37674,15164,52838
2026-01-31,서구청앞,39696,12512,52208
2026-01-31,산격대우아파트앞,43996,7709,51705
2026-01-31,진천역(1번출구),44477,6972,51449
2026-01-31,평화시장(닭똥집골목)앞,38509,10784,49293
2026-01-31,북부정류장,35549,11156,46705
2026-01-31,두류역(달성고등학교앞),35153,11538,46691
2026-01-31,영진고등학교앞,29232,15541,44773
2026-01-31,그랜드호텔앞,34987,9682,44669
2026-01-31,칠성시장앞1,33643,10114,43757
2026-01-31,복현오거리1,35766,7825,43591
2026-01-31,큰장네거리2,28408,15027,43435
2026-01-31,이시아폴리스더샵3단지,39253,3425,42678
2026-01-31,반월당역(1번출구)1,34260,8392,42652
2026-01-31,신매광장앞,35073,7218,42291
2026-01-31,만촌역(1번출구)2,35840,6446,42286
2026-01-31,영진전문대학교후문앞,28381,13237,41618
2026-01-31,그랜드호텔건너,29385,12232,41617
2026-01-31,서부정류장(관문시장앞),33606,7932,41538
2026-01-31,동아백화점수성점앞,38835,2406,41241
2026-01-31,대구역앞,32063,8637,40700
2026-01-31,대구은행북비산지점앞,33289,7059,40348
2026-01-31,강남약국앞1,30887,9377,40264
2026-01-31,북부정류장건너,29965,10247,40212
2026-01-31,경북대학교북문건너,36393,2873,39266
2026-01-31,봉덕1동행정복지센터앞,24547,14541,39088
2026-01-31,용산네거리2,31898,7183,39081
2026-01-31,서부정류장역1(1번출구),17977,20740,38717
2026-01-31,화원초등학교건너,34858,3838,38696
2026-01-31,만촌육교1,33008,5332,38340
2026-01-31,섬유회관건너1,24602,13625,38227
2026-01-31,경북대학교병원앞,31131,6841,37972
2026-01-31,복현우체국건너,32138,5330,37468
2026-01-31,서부시장건너,28501,8771,37272
2026-01-31,불로전통시장건너,33085,3006,36091
2026-01-31,상인역(1번출구),18922,17067,35989
2026-01-31,영남고등학교앞,30133,5424,35557
2026-01-31,상인현대맨션앞,12252,23304,35556
2026-01-31,수성경찰서건너,27520,7827,35347
2026-01-31,한영한마음아동병원앞,23439,11865,35304
2026-01-31,서남시장건너,22984,11629,34613
2026-01-31,법원앞,28154,6436,34590
2026-01-31,공고네거리1,23474,11042,34516
2026-01-31,KT동대구지사건너,20690,13581,34271
2026-01-31,계명대학교동문건너2,26783,7428,34211
2026-01-31,칠성시장건너,23693,10308,34001
2026-01-31,대구과학대학교2,29686,4106,33792
2026-01-31,중구청앞,20069,13424,33493
2026-01-31,2차서한화성타운건너,30305,3104,33409
2026-01-31,대구제일고등학교앞,18214,15013,33227
2026-01-31,대구은행역(2번출구),26528,6655,33183
2026-01-31,범물1동행정복지센터앞,29854,2968,32822
2026-01-31,더샵달서센트럴아파트건너,27219,5594,32813
2026-01-31,팔달시장앞,24145,8653,32798
2026-01-31,봉산문화거리건너,20699,11406,32105
2026-01-31,성서주공2단지앞,28713,3185,31898
2026-01-31,약령시입구,28516,3196,31712
2026-01-31,새길시장앞,26552,5080,31632
2026-01-31,명덕역(6번출구),22801,8822,31623
2026-01-31,서부시장앞,23645,7929,31574
2026-01-31,법원건너,15670,15656,31326
2026-01-31,대실역(2번출구),29686,1556,31242
2026-01-31,경북대학교치과병원,19791,11392,31183
2026-01-31,월성주공4단지건너,26650,4463,31113
2026-01-31,수목원삼성래미안1차건너,13987,17112,31099
2026-01-31,팔달시장건너,25858,5169,31027
2026-01-31,서대구역(남측)1,25773,5067,30840
2026-01-31,수성경찰서앞,19846,10917,30763
2026-01-31,수성구보건소건너,27702,3039,30741
2026-01-31,태전역1,22647,8082,30729
2026-01-31,큰장네거리4,22520,8194,30714
2026-01-31,곽병원앞1,20563,10000,30563
2026-01-31,농협중앙회앞,17783,12640,30423
2026-01-31,파티마병원건너1,13725,16484,30209
2026-01-31,수성구청앞,21890,8259,30149
2026-01-31,영대병원역,26352,3779,30131
2026-01-31,대구역건너,24109,5948,30057
2026-01-31,안지랑네거리2,22010,7974,29984
2026-01-31,성당시장앞2,26675,3126,29801
2026-01-31,아양교2,13060,16508,29568
2026-01-31,대구제일고등학교건너,21460,7960,29420
2026-01-31,구)대영학원앞,21067,8132,29199
2026-01-31,성서종합시장앞,23340,5728,29068
2026-01-31,수성구청건너,17612,11402,29014
2026-01-31,남문시장앞,19862,9081,28943
2026-01-31,코스트코홀세일앞/복현화성타운건너,26453,2419,28872
2026-01-31,동대구역화성파크드림,17026,11782,28808
2026-01-31,동서화성타운건너,27379,1384,28763
2026-01-31,달서교회앞,18314,10421,28735
2026-01-31,대곡강산타운,26263,2397,28660
2026-01-31,평리청구타운앞,22161,6453,28614
2026-01-31,대명역(1번출구),24047,4545,28592
2026-01-31,상인역e-편한세상앞,7073,21510,28583
2026-01-31,대구고등학교건너,20218,8356,28574
2026-01-31,성모여성의원앞,19580,8737,28317
2026-01-31,영대병원역(3번출구),20248,7879,28127
2026-01-31,만평역(서대구고속버스터미널)2,19839,8276,28115
2026-01-31,경북대학교북문앞,17019,11083,28102
2026-01-31,평리청구타운건너,22145,5770,27915
2026-01-31,유가읍행정복지센터건너,23928,3944,27872
2026-01-31,신매광장건너,22124,5648,27772
2026-01-31,대구콘서트하우스건너,13737,13949,27686
2026-01-31,진달래아파트앞,19107,8547,27654
2026-01-31,현대해상건너,19450,8078,27528
2026-01-31,화원초등학교앞,18478,8875,27353
2026-01-31,세강병원앞,8524,18792,27316
2026-01-31,경대사대부설고등학교앞,17474,9775,27249
2026-01-31,복현대백맨션건너,24138,2938,27076
2026-01-31,대명시장앞,22602,4384,26986
2026-01-31,대구은행역(1번출구),20443,6425,26868
2026-01-31,용산역(2번출구),23115,3430,26545
2026-01-31,영진전문대학교후문건너,20543,5995,26538
2026-01-31,한전서대구지사건너,16909,9605,26514
2026-01-31,수성대학교건너,20903,5529,26432
2026-01-31,큰장네거리3,21316,5052,26368
2026-01-31,월성e-편한세상건너,19291,7030,26321
2026-01-31,방촌시장건너,23785,2484,26269
2026-01-31,죽전네거리1,21695,4379,26074
2026-01-31,서대구세무서,8045,18007,26052
2026-01-31,메트로팔레스2,23259,2730,25989
2026-01-31,월성2동행정복지센터앞,23320,2636,25956
2026-01-31,대구국제공항앞,17884,8050,25934
2026-01-31,KT남대구지사앞1,19158,6717,25875
2026-01-31,CGV대구한일앞,22556,3251,25807
2026-01-31,대실역(4번출구),25047,698,25745
2026-01-31,성당시장건너,20227,5505,25732
2026-01-31,칠곡운암역1,21762,3957,25719
2026-01-31,중구청건너,20509,4960,25469
2026-01-31,용산2동행정복지센터앞,21897,3513,25410
2026-01-31,서대구역(남측)2,17938,7449,25387
2026-01-31,신세계병원건너,14294,10842,25136
2026-01-31,침산코오롱하늘채앞,21809,3217,25026
2026-01-31,이마트칠성점앞,22718,2272,24990
2026-01-31,두류스타힐스앞,19774,5140,24914
2026-01-31,대구중앙중고등학교앞,18617,6259,24876
2026-01-31,대구중앙중고등학교건너,20440,4419,24859
2026-01-31,원대역1,12553,12090,24643
2026-01-31,신암2동우체국,16282,8292,24574
2026-01-31,명덕역(7번출구),18048,6510,24558
2026-01-31,죽전네거리2,19717,4833,24550
2026-01-31,대구역북편네거리2,13315,11170,24485
2026-01-31,경북대학교정문앞,19285,5165,24450
2026-01-31,원대역2,20797,3518,24315
2026-01-31,남문시장건너2,10361,13944,24305
2026-01-31,대구동부고용복지플러스센터,18514,5790,24304
2026-01-31,팔레스호텔건너,19690,4582,24272
2026-01-31,조암초등학교앞,22114,2140,24254
2026-01-31,두류역(달성고등학교건너),18391,5853,24244
2026-01-31,평화시장(닭똥집골목)건너,17674,6227,23901
2026-01-31,태전역2,20489,3398,23887
2026-01-31,한국폴리텍VI대구대학건너,17564,6261,23825
2026-01-31,서문시장,19312,4494,23806
2026-01-31,기업은행대곡지점앞,23000,786,23786
2026-01-31,대구과학기술고등학교앞,22182,1577,23759
2026-01-31,계명대학교동문앞,13317,10267,23584
2026-01-31,비산지하도2,18861,4691,23552
2026-01-31,욱수초등학교앞,22422,1094,23516
2026-01-31,달서교회건너,17811,5620,23431
2026-01-31,한전동대구지사,19091,4260,23351
2026-01-31,수성대학교앞,12315,10854,23169
2026-01-31,공단역2,15962,7190,23152
2026-01-31,남산역건너,16508,6599,23107
2026-01-31,명성푸르지오앞,21031,2055,23086
2026-01-31,용계삼거리1,12910,10108,23018
2026-01-31,팔달신시장,17874,5138,23012
2026-01-31,우방강촌마을건너,21682,1329,23011
2026-01-31,대백인터빌건너,16260,6750,23010
2026-01-31,산격주공아파트앞,20178,2812,22990
2026-01-31,내당삼익맨션앞,12563,10423,22986
2026-01-31,수목원삼성래미안1차앞,17546,5393,22939
2026-01-31,계명문화대학교앞,7113,15825,22938
2026-01-31,2호선반월당역1,17808,5055,22863
2026-01-31,수성롯데캐슬더퍼스트앞,16868,5981,22849
2026-01-31,중리롯데캐슬앞,18429,4344,22773
2026-01-31,도시철도담티역(1번출구),17707,4991,22698
2026-01-31,메트로팔레스1,18943,3743,22686
2026-01-31,제일여자상업고등학교건너,18296,4376,22672
2026-01-31,원대동행정복지센터앞,18722,3948,22670
2026-01-31,문성병원앞,17321,5345,22666
2026-01-31,서구시장건너,17168,5244,22412
2026-01-31,대구삼성창조캠퍼스3,14589,7771,22360
2026-01-31,대실역(1번출구),15143,7212,22355
2026-01-31,영진고등학교건너,18767,3555,22322
2026-01-31,구.남부정류장앞1,18778,3488,22266
2026-01-31,정화우방팔레스건너,19086,3180,22266
2026-01-31,칠곡그린파크2,18624,3516,22140
2026-01-31,동대구시장앞,16679,5427,22106
2026-01-31,대구공공시설관리공단앞,8880,13224,22104
2026-01-31,와룡시장앞,14389,7659,22048
2026-01-31,송현역(3번출구),13740,8256,21996
2026-01-31,대구과학대학교1,14645,7288,21933
2026-01-31,경북대학교병원건너,13721,8123,21844
2026-01-31,무태네거리(시내방향),15645,6104,21749
2026-01-31,서재금봉타운건너,20847,839,21686
2026-01-31,화원고등학교앞,6166,15509,21675
2026-01-31,현충로역(3번출구),17124,4532,21656
2026-01-31,세천초등학교앞,20837,777,21614
2026-01-31,신평리네거리2,16465,5038,21503
2026-01-31,우방청솔맨션앞,12753,8740,21493
2026-01-31,범어역(1번출구),17472,3998,21470
2026-01-31,명덕초등학교앞,16127,5308,21435
2026-01-31,강창역(2번출구),20398,1004,21402
2026-01-31,설화명곡역우방아이유쉘건너,4444,16952,21396
2026-01-31,성모여성의원건너,17096,4282,21378
2026-01-31,경북대학교 경상대학앞,19179,2172,21351
2026-01-31,불로삼거리,13517,7747,21264
2026-01-31,시지보성아파트앞,14360,6898,21258
2026-01-31,중동시장앞,18587,2618,21205
2026-01-31,상인우방아파트,9900,11292,21192
2026-01-31,동대구역지하도2,17356,3792,21148
2026-01-31,현충로역(4번출구),14280,6749,21029
2026-01-31,상동우체국앞,18293,2643,20936
2026-01-31,구병원앞,15149,5550,20699
2026-01-31,대명시장건너,16629,4052,20681
2026-01-31,서남시장앞1,16669,4011,20680
2026-01-31,대구은행칠곡지점앞,16700,3951,20651
2026-01-31,칠곡그린파크1,16922,3729,20651
2026-01-31,안지랑네거리1,15714,4845,20559
2026-01-31,대명공연거리건너,13180,7322,20502
2026-01-31,반야월역(2번출구),19813,658,20471
2026-01-31,대구고용복지플러스센터건너,13022,7313,20335
2026-01-31,침산3동행정복지센터,18089,2178,20267
2026-01-31,현대해상앞,16913,3341,20254
2026-01-31,KT서대구지사건너,16331,3892,20223
2026-01-31,올림픽기념관앞,17266,2956,20222
2026-01-31,상인역(5번출구),4153,16053,20206
2026-01-31,문화예술회관건너,15482,4681,20163
2026-01-31,방촌시장앞,13654,6509,20163
2026-01-31,대구콘서트하우스앞,15300,4696,19996
2026-01-31,명덕초등학교건너,12197,7794,19991
2026-01-31,KT서대구지사앞,12082,7905,19987
2026-01-31,칠곡에덴타운앞,13282,6682,19964
2026-01-31,화원고등학교건너,18574,1326,19900
2026-01-31,안심지구대앞,17299,2595,19894
2026-01-31,황금네거리1,18757,1122,19879
2026-01-31,대구공공시설관리공단건너,15221,4648,19869
2026-01-31,대구가톨릭대학병원앞,16748,3109,19857
2026-01-31,대구은행제2본점앞,14471,5382,19853
2026-01-31,북구청건너,15494,4323,19817
2026-01-31,수성네거리2,15461,4334,19795
2026-01-31,월성청구코아건너,17404,2382,19786
2026-01-31,대구가톨릭대학병원건너,16304,3467,19771
2026-01-31,신평리네거리1,10657,9010,19667
2026-01-31,반야월역(3번출구),11687,7955,19642
2026-01-31,동서화성타운앞,15463,4116,19579
2026-01-31,대백프라자건너,15203,4342,19545
2026-01-31,한전서대구지사앞,14890,4551,19441
2026-01-31,정화우방팔레스,13123,6300,19423
2026-01-31,트레이더스홀세일클럽비산점앞,16176,3238,19414
2026-01-31,경북아파트건너(신천동),4114,15248,19362
2026-01-31,고산도서관,14271,5047,19318
2026-01-31,성서종합시장건너,13210,6097,19307
2026-01-31,2차서한화성타운앞,14395,4899,19294
2026-01-31,아양교3,1951,17225,19176
2026-01-31,진달래아파트건너,13943,5215,19158
2026-01-31,한가람타운앞,15747,3399,19146
2026-01-31,만평네거리,11227,7909,19136
2026-01-31,불로우방아파트앞,15343,3732,19075
2026-01-31,대신미싱골목앞,12520,6536,19056
2026-01-31,중동시장건너,13058,5991,19049
2026-01-31,북구청역(4번출구),16422,2620,19042
2026-01-31,두류정수사업소건너,17352,1670,19022
2026-01-31,보성화성타운건너,16474,2448,18922
2026-01-31,국민건강보험공단건너,16753,2141,18894
2026-01-31,만촌역(2번출구),10917,7973,18890
2026-01-31,불로전통시장앞,13050,5751,18801
2026-01-31,월성e-편한세상앞,14258,4535,18793
2026-01-31,두류수영장앞,14324,4419,18743
2026-01-31,동인찜갈비골목건너,12947,5792,18739
2026-01-31,대구역북편네거리1,15619,3055,18674
2026-01-31,수성시장네거리2,13562,5054,18616
2026-01-31,계명대학교 대구동산병원앞1,14899,3620,18519
2026-01-31,검단유성아파트앞,15717,2758,18475
2026-01-31,범물청구타운앞,15757,2700,18457
2026-01-31,서대구초등학교입구,13752,4692,18444
2026-01-31,대명역(2번출구),14689,3624,18313
2026-01-31,유천교(진천초등학교앞),10594,7710,18304
2026-01-31,KT동대구지사앞,16203,2048,18251
2026-01-31,현대백화점.동아쇼핑건너,12217,5981,18198
2026-01-31,동대구역지하도1,12724,5435,18159
2026-01-31,공단역1,10997,7013,18010
2026-01-31,봉덕교회건너,15444,2531,17975
2026-01-31,연암네거리1,12804,5166,17970
2026-01-31,복현오거리2,12180,5769,17949
2026-01-31,캐슬골드파크(1102동),14398,3529,17927
2026-01-31,유니버시아드선수촌2단지건너,13513,4390,17903
2026-01-31,대구은행북비산지점건너1,13916,3947,17863
2026-01-31,칠곡운암역2,12783,5018,17801
2026-01-31,사월역(4번출구),10766,7029,17795
2026-01-31,올림픽기념관건너,13417,4376,17793
2026-01-31,방천시장(김광석길)건너,13173,4590,17763
2026-01-31,봉산문화거리앞,14240,3447,17687
2026-01-31,월촌역(6번출구),15540,2140,17680
2026-01-31,태전삼거리2,13361,4313,17674
2026-01-31,유가읍행정복지센터앞,10885,6778,17663
2026-01-31,침산화성파크드림앞,14646,2947,17593
2026-01-31,월성푸르지오앞,13110,4478,17588
2026-01-31,동인찜갈비골목앞,12157,5426,17583
2026-01-31,범어쌍용예가건너(호텔라온제나),11704,5791,17495
2026-01-31,구)대영학원건너,13608,3874,17482
2026-01-31,두리봉네거리1,4603,12879,17482
2026-01-31,경북예고앞,14507,2949,17456
2026-01-31,동아백화점수성점건너,10738,6516,17254
2026-01-31,수성3가롯데캐슬앞,10316,6910,17226
2026-01-31,월성주공4단지앞2,12357,4846,17203
2026-01-31,두류수영장건너,12616,4540,17156
2026-01-31,성서우방타운건너,13588,3560,17148
2026-01-31,성서119안전센터앞,16331,799,17130
2026-01-31,청구고등학교앞,13879,3237,17116
2026-01-31,대명공연거리앞,13327,3733,17060
2026-01-31,대구교육대앞,13607,3452,17059
2026-01-31,성당두산위브앞,15582,1461,17043
2026-01-31,문성병원건너,12509,4523,17032
2026-01-31,대구학교지원센터건너 (대구학생예술창작터건너),7507,9473,16980
2026-01-31,문화예술회관앞,13201,3725,16926
2026-01-31,한국폴리텍VI대구대학앞,11136,5790,16926
2026-01-31,칠성시장역(서문프라자앞),15135,1685,16820
2026-01-31,경북대체육센터건너,15621,1138,16759
2026-01-31,원대시장앞,10820,5920,16740
2026-01-31,더샵디어엘로아파트,13607,3031,16638
2026-01-31,동호육교2,16084,544,16628
2026-01-31,죽전119안전센터앞,11851,4664,16515
2026-01-31,대구농업마이스터고건너,13729,2750,16479
2026-01-31,수창공원앞(중구보건소건너),11392,5076,16468
2026-01-31,월성청구코아앞,12044,4377,16421
2026-01-31,대명초등학교앞,11421,4930,16351
2026-01-31,방촌역(1번출구),12451,3827,16278
2026-01-31,사월역(2번출구),13584,2682,16266
2026-01-31,청구그린맨션1차앞,13302,2948,16250
2026-01-31,달서구청건너,12999,3207,16206
2026-01-31,성당코오롱하늘채2,10965,5205,16170
2026-01-31,대구과학기술고등학교건너,9451,6714,16165
2026-01-31,서구시장앞,11068,5047,16115
2026-01-31,대백한라무지개타운건너,15115,961,16076
2026-01-31,장기초록나라건너,8276,7748,16024
2026-01-31,2호선반월당역2,11153,4812,15965
2026-01-31,수성시장네거리1,13032,2899,15931
2026-01-31,감삼네거리1,10113,5809,15922
2026-01-31,오페라삼정그린코아APT,9888,6032,15920
2026-01-31,사수초등학교앞,15651,244,15895
2026-01-31,상록아파트,15621,270,15891
2026-01-31,도시철도담티역(3번출구),11769,4116,15885
2026-01-31,고산2동행정복지센터건너,10996,4881,15877
2026-01-31,경진초등학교앞,14445,1353,15798
2026-01-31,상인비둘기2단지아파트앞,13185,2600,15785
2026-01-31,상인동서타운앞,14165,1610,15775
2026-01-31,경일여자고등학교건너,14028,1726,15754
2026-01-31,대구도시개발공사앞,12504,3133,15637
2026-01-31,봉덕시장앞1,14194,1441,15635
2026-01-31,지저동행정복지센터건너,13646,1971,15617
2026-01-31,지산목련아파트건너,14349,1225,15574
2026-01-31,범물한라주택건너,15028,531,15559
2026-01-31,계명대학교정문건너,14086,1401,15487
2026-01-31,대곡역(1번출구),13150,2286,15436
2026-01-31,유천포스코앞,11430,3969,15399
2026-01-31,대곡주공8단지앞,13188,2141,15329
2026-01-31,구.동부정류장(메트로팔레스),10455,4824,15279
2026-01-31,봉무공원앞,11069,4194,15263
2026-01-31,월배역(3번출구),10142,5115,15257
2026-01-31,고산2동행정복지센터앞,13928,1325,15253
2026-01-31,강북경찰서앞,14088,1143,15231
2026-01-31,계명대학교대명캠퍼스앞,9391,5827,15218
2026-01-31,월배역(4번출구),10413,4783,15196
2026-01-31,대구교통공사앞,13832,1360,15192
2026-01-31,대구교육대건너,9239,5939,15178
2026-01-31,국민건강보험공단앞,8551,6622,15173
2026-01-31,북구청앞,9925,5202,15127
2026-01-31,대구학교지원센터앞 (대구학생예술창작터앞),11243,3810,15053
2026-01-31,캐슬골드파크4단지앞,13010,2041,15051
2026-01-31,내당코오롱아파트건너,5989,9057,15046
2026-01-31,구병원건너,8897,6067,14964
2026-01-31,조암초등학교건너,12572,2385,14957
2026-01-31,남산초등학교앞,9431,5498,14929
2026-01-31,광장타운앞,11775,3142,14917
2026-01-31,영남이공대학교앞,13387,1530,14917
2026-01-31,고산역화성파크드림건너,11460,3421,14881
2026-01-31,대구교통방송앞,12946,1878,14824
2026-01-31,신암공원,13120,1702,14822
2026-01-31,황금네거리2,8577,6180,14757
2026-01-31,송현역(2번출구),12095,2623,14718
2026-01-31,태전삼거리1,9574,5095,14669
2026-01-31,두류동우체국앞,9221,5400,14621
2026-01-31,월촌역(7번출구),12297,2309,14606
2026-01-31,신암4동행정복지센터앞,4202,10377,14579
2026-01-31,동촌강나루아파트앞,4907,9663,14570
2026-01-31,퀸벨호텔건너,12699,1864,14563
2026-01-31,동인초등학교건너,10493,4069,14562
2026-01-31,월배시장건너,8804,5747,14551
2026-01-31,동도중학교앞,12285,2225,14510
2026-01-31,대일아파트건너,8642,5864,14506
2026-01-31,시지중학교,13456,1040,14496
2026-01-31,월성주공2단지앞,12061,2395,14456
2026-01-31,동부소방서건너,831,13622,14453
2026-01-31,범어역(2번출구),10192,4221,14413
2026-01-31,대구차여성병원앞,12348,2059,14407
2026-01-31,대구보건고등학교건너,9432,4960,14392
2026-01-31,청구그린맨션1차건너,11422,2922,14344
2026-01-31,산격중학교건너,5856,8476,14332
2026-01-31,대동시장2,13248,1056,14304
2026-01-31,대곡주공2단지앞,13585,691,14276
2026-01-31,경북예고건너,7468,6758,14226
2026-01-31,복현우체국앞,7451,6741,14192
2026-01-31,성동초등학교앞,12226,1956,14182
2026-01-31,동서변리벤빌,12609,1572,14181
2026-01-31,수성구보건소앞,9425,4751,14176
2026-01-31,신세계병원앞,6640,7514,14154
2026-01-31,서남시장앞2,11888,2260,14148
2026-01-31,계명대학교대명캠퍼스건너,9316,4831,14147
2026-01-31,북구청역(3번출구),9498,4643,14141
2026-01-31,고산역화성파크드림앞,10405,3663,14068
2026-01-31,한전동대구지사건너,10574,3485,14059
2026-01-31,도남힐스테이트3단지앞,13266,775,14041
2026-01-31,대평리시장,13191,835,14026
2026-01-31,방천시장(김광석길)앞,11066,2952,14018
2026-01-31,대구고용복지플러스센터앞,10544,3470,14014
2026-01-31,미리내맨션건너,13066,897,13963
2026-01-31,한영한마음아동병원건너,10545,3413,13958
2026-01-31,달서구청앞,9192,4716,13908
2026-01-31,칠곡에덴타운건너,9736,4151,13887
2026-01-31,대명초등학교건너,8090,5781,13871
2026-01-31,곽병원앞2,10377,3477,13854
2026-01-31,광명프레지던트아파트건너,9431,4423,13854
2026-01-31,만촌역서한포레스트앞,6475,7342,13817
2026-01-31,남산역,10269,3539,13808
2026-01-31,수성도서관건너,10585,3141,13726
2026-01-31,명곡리1,12848,855,13703
2026-01-31,TBC건너,12731,959,13690
2026-01-31,반야월시장2,12321,1357,13678
2026-01-31,봉덕1동행정복지센터건너,8259,5401,13660
2026-01-31,대구보건대학교3,8870,4751,13621
2026-01-31,상인장미아파트앞,10408,3135,13543
2026-01-31,동성초등학교건너,3684,9826,13510
2026-01-31,신기역(화성타운앞),11065,2399,13464
2026-01-31,만촌2동행정복지센터,12264,1181,13445
2026-01-31,유천교1,10042,3399,13441
2026-01-31,수성네거리1,9953,3487,13440
2026-01-31,대구농업마이스터고앞,4931,8499,13430
2026-01-31,한국농어촌공사건너,7890,5516,13406
2026-01-31,남산초등학교건너,11327,2072,13399
2026-01-31,한화꿈에그린앞,10734,2627,13361
2026-01-31,침산화성파크드림건너,10185,3163,13348
2026-01-31,반야월시장1,8941,4399,13340
2026-01-31,불로동고분군건너,10353,2982,13335
2026-01-31,성서우방타운앞,9384,3946,13330
2026-01-31,이마트월배점건너,9014,4291,13305
2026-01-31,월성주공5단지앞,6668,6599,13267
2026-01-31,대봉교회,10360,2903,13263
2026-01-31,남구청건너2,5747,7466,13213
2026-01-31,대백인터빌앞,9353,3844,13197
2026-01-31,대우트럼프월드수성건너,11635,1545,13180
2026-01-31,수성구민운동장앞,6695,6477,13172
2026-01-31,남부경찰서앞,8906,4246,13152
2026-01-31,큰고개오거리1,11947,1201,13148
2026-01-31,월배시장앞,11991,1155,13146
2026-01-31,모다아울렛건너,11350,1786,13136
2026-01-31,평화타운건너,11716,1405,13121
2026-01-31,비산초등학교앞,11283,1837,13120
2026-01-31,만촌육교2,6445,6616,13061
2026-01-31,대명1동행정복지센터앞,9055,3935,12990
2026-01-31,대구고등학교앞,7848,5117,12965
2026-01-31,동대구시장건너,9993,2927,12920
2026-01-31,용산종합큰시장건너,11911,996,12907
2026-01-31,용산네거리1,9030,3872,12902
2026-01-31,우방청솔맨션건너,9219,3657,12876
2026-01-31,청구고등학교건너,10093,2771,12864
2026-01-31,대구반도체마이스터고등학교 앞,11485,1348,12833
2026-01-31,대자연맨션,12358,469,12827
2026-01-31,지산타운건너,11912,899,12811
2026-01-31,수목원제일풍경채앞,12687,102,12789
2026-01-31,제일여자상업고등학교앞,10751,1988,12739
2026-01-31,과학마을청아람앞,12187,548,12735
2026-01-31,대구차여성병원건너,4916,7719,12635
2026-01-31,율하역(2번출구),8991,3586,12577
2026-01-31,동성초등학교앞,8528,4036,12564
2026-01-31,영남일보앞,9006,3525,12531
2026-01-31,죽전역(1번출구),10085,2423,12508
2026-01-31,보성화성타운앞,5857,6614,12471
2026-01-31,만촌태왕리더스앞1,4543,7925,12468
2026-01-31,계명대역(3번출구),10508,1951,12459
2026-01-31,침산네거리1,10477,1945,12422
2026-01-31,캐슬골드파크(1504동),9170,3197,12367
2026-01-31,중동교1,5680,6681,12361
2026-01-31,비산지하도1,7647,4687,12334
2026-01-31,반야월역(1번출구),3608,8725,12333
2026-01-31,지산한라타운건너,11642,682,12324
2026-01-31,국민연금네거리,9354,2947,12301
2026-01-31,수성더팰리스푸르지오더샵아파트앞,11778,521,12299
2026-01-31,두류공원네거리1,11384,899,12283
2026-01-31,남대구IC1,11410,848,12258
2026-01-31,KT남대구지사건너1,8426,3806,12232
2026-01-31,섬유회관건너2,8102,4113,12215
2026-01-31,학산초등학교건너,9947,2257,12204
2026-01-31,퀸벨호텔앞,5961,6235,12196
2026-01-31,유니버시아드레포츠센터건너,8145,4018,12163
2026-01-31,광장타운건너,9241,2885,12126
2026-01-31,대구공업대학교1,9600,2517,12117
2026-01-31,전자상가,10405,1684,12089
2026-01-31,성당래미안e-편한세상앞,8851,3234,12085
2026-01-31,동원비즈플랫폼건너,2254,9823,12077
2026-01-31,국채보상운동기념공원,6225,5800,12025
2026-01-31,칠곡동화아파트앞,10411,1596,12007
2026-01-31,반월당역(1번출구)2,8165,3840,12005
2026-01-31,대구여자상업고등학교앞,9409,2573,11982
2026-01-31,대원유치원건너,5967,5977,11944
2026-01-31,대구병원건너,10418,1491,11909
2026-01-31,동촌화성타운건너,10658,1242,11900
2026-01-31,성서용산시장앞,10632,1259,11891
2026-01-31,대구공공시설관리공단동부사업소건너,10436,1452,11888
2026-01-31,대구은행칠곡지점건너,9231,2651,11882
2026-01-31,대구보건고등학교앞,9207,2644,11851
2026-01-31,무태네거리(시외방향),5949,5886,11835
2026-01-31,대백프라자앞,8453,3369,11822
2026-01-31,매곡사거리2,11555,261,11816
2026-01-31,달성중학교앞,5505,6307,11812
2026-01-31,상수도사업본부시설관리소건너,9824,1957,11781
2026-01-31,대구해올고교건너,3968,7793,11761
2026-01-31,계명문화대학교건너,8622,3114,11736
2026-01-31,안심지구대건너,7921,3774,11695
2026-01-31,공고네거리2,9049,2634,11683
2026-01-31,상인동화아이위시아파트건너,10897,783,11680
2026-01-31,대구보건대학교4,8824,2847,11671
2026-01-31,옥포LH천년나무3단지앞,11408,244,11652
2026-01-31,팔공정보문화센터앞,9588,2048,11636
2026-01-31,대구스마트고등학교앞,10067,1559,11626
2026-01-31,칠곡한신아파트앞1,11000,625,11625
2026-01-31,송원맨션건너,10134,1488,11622
2026-01-31,강북소방서앞,10604,976,11580
2026-01-31,수성못오거리1,7821,3749,11570
2026-01-31,보광병원앞,8855,2702,11557
2026-01-31,영남이공대학교건너,8140,3412,11552
2026-01-31,이마트월배점앞,10000,1514,11514
2026-01-31,대구광역시교육연수원건너,10530,974,11504
2026-01-31,태왕메트로시티후문,9512,1987,11499
2026-01-31,북구선거관리위원회앞,7313,4154,11467
2026-01-31,두류정수사업소앞,2656,8807,11463
2026-01-31,만경관건너,6701,4756,11457
2026-01-31,경북대체육센터앞,3315,8123,11438
2026-01-31,대곡역(2번출구),7408,4019,11427
2026-01-31,계명대학교동문건너1,9843,1573,11416
2026-01-31,대곡역그린빌,7011,4393,11404
2026-01-31,경북아파트앞(신천동),7648,3698,11346
2026-01-31,학정청아람건너,11170,175,11345
2026-01-31,진아리채앞,11074,158,11232
2026-01-31,무태조야동행정복지센터앞2,10652,566,11218
2026-01-31,범어쌍용예가앞,8214,3004,11218
2026-01-31,대일아파트앞,7738,3475,11213
2026-01-31,한국방송통신전파진흥원건너,6382,4817,11199
2026-01-31,파동청구하이츠,9936,1225,11161
2026-01-31,앞산청구제네스앞,9546,1603,11149
2026-01-31,헬로TV대구방송건너,8226,2922,11148
2026-01-31,대덕맨션앞,10290,844,11134
2026-01-31,동대구역(2번출구)건너,9054,2062,11116
2026-01-31,태평상가앞1,5967,5146,11113
2026-01-31,지산한라타운앞,5650,5390,11040
2026-01-31,계명대학교동산병원건너,10342,675,11017
2026-01-31,인동촌시장입구,9974,1041,11015
2026-01-31,아양교1,7802,3204,11006
2026-01-31,대청초등학교앞,10767,225,10992
2026-01-31,두리봉네거리2,8829,2161,10990
2026-01-31,수성알파시티역(1번출구),7370,3619,10989
2026-01-31,효신초등학교앞,9129,1817,10946
2026-01-31,침산코오롱하늘채건너,8238,2705,10943
2026-01-31,경북공고앞,7120,3820,10940
2026-01-31,삼익뉴타운앞,9194,1744,10938
2026-01-31,근로복지공단대구병원앞,10784,139,10923
2026-01-31,신매초등학교건너,7971,2950,10921
2026-01-31,서재동화아이위시건너,9532,1387,10919
2026-01-31,대구지방법원등기국건너,4651,6253,10904
2026-01-31,수성알파시티역(5번출구),8210,2692,10902
2026-01-31,본리초등학교앞,7321,3577,10898
2026-01-31,계명대학교 대구동산병원앞2,5780,5109,10889
2026-01-31,유천교(진천초등학교건너),5424,5441,10865
2026-01-31,대곡사계절타운건너,9958,869,10827
2026-01-31,방촌역(2번출구),8755,2060,10815
2026-01-31,성북교1,9169,1634,10803
2026-01-31,입석중학교건너,7369,3349,10718
2026-01-31,신흥버스,9554,1110,10664
2026-01-31,옥포간경리2,9259,1396,10655
2026-01-31,북비산네거리1,5858,4780,10638
2026-01-31,비산7동우체국앞1,7641,2996,10637
2026-01-31,경북교통,3495,7139,10634
2026-01-31,본리초등학교건너,8740,1878,10618
2026-01-31,롯데백화점상인점건너,6662,3940,10602
2026-01-31,대원유치원앞,9414,1180,10594
2026-01-31,안심역(4번출구),8881,1686,10567
2026-01-31,대백창신한라타운건너,7728,2807,10535
2026-01-31,욱수초등학교건너,7018,3505,10523
2026-01-31,신천LH아파트앞,9496,1017,10513
2026-01-31,수창초등학교,8305,2202,10507
2026-01-31,지산동서맨션앞,10013,490,10503
2026-01-31,우방강촌마을앞,7973,2522,10495
2026-01-31,중리시장앞,8372,2081,10453
2026-01-31,반고개2,6851,3593,10444
2026-01-31,상인은행아파트앞,7876,2565,10441
2026-01-31,반야월역(4번출구)1,5697,4731,10428
2026-01-31,명덕네거리1,8213,2212,10425
2026-01-31,SK리더스뷰건너,8625,1799,10424
2026-01-31,안심역(5번출구),6293,4131,10424
2026-01-31,서평초등학교건너,1512,8890,10402
2026-01-31,경북고등학교앞,9231,1153,10384
2026-01-31,효성타운앞,8848,1535,10383
2026-01-31,복현네거리,4035,6326,10361
2026-01-31,효동초등학교앞,8217,2119,10336
2026-01-31,경북대학교정문건너,4729,5593,10322
2026-01-31,2차대자연맨션앞,9280,1041,10321
2026-01-31,동부경찰서앞,9552,720,10272
2026-01-31,월성2동행정복지센터건너,8239,2033,10272
2026-01-31,대봉성당,7240,3018,10258
2026-01-31,명성푸르지오건너,6548,3707,10255
2026-01-31,대구광역시교육연수원앞,5765,4464,10229
2026-01-31,e편한세상대구금호건너,9845,379,10224
2026-01-31,다사읍행정복지센터건너,10018,201,10219
2026-01-31,상수도사업본부건너,6343,3846,10189
2026-01-31,우방신천지타운앞,9250,938,10188
2026-01-31,본리네거리2,8854,1315,10169
2026-01-31,동인초등학교앞,6375,3782,10157
2026-01-31,청기와주유소건너,8255,1902,10157
2026-01-31,산격초등학교건너,8965,1179,10144
2026-01-31,달성공원역3번출구,7309,2823,10132
2026-01-31,명덕네거리2,3665,6465,10130
2026-01-31,팔거역2,8314,1798,10112
2026-01-31,대구광역시립동부도서관,4496,5597,10093
2026-01-31,대명1동행정복지센터건너,6790,3297,10087
2026-01-31,대천교,4886,5201,10087
2026-01-31,상공회의소앞,7811,2275,10086
2026-01-31,율하역(4번출구),7079,2985,10064
2026-01-31,강산아파트앞,6811,3249,10060
2026-01-31,대구보건대학교건너2,9879,180,10059
2026-01-31,경북고등학교건너,6108,3945,10053
2026-01-31,대구과학고등학교건너,4706,5347,10053
2026-01-31,청기와주유소앞,6787,3266,10053
2026-01-31,상인비둘기1단지아파트앞,9567,482,10049
2026-01-31,산격주공아파트건너,4630,5415,10045
2026-01-31,세천초등학교건너,7915,2123,10038
2026-01-31,홈플러스내당점건너,8802,1235,10037
2026-01-31,공항시장건너,9215,805,10020
2026-01-31,덕화중학교건너,8968,1049,10017
2026-01-31,대구의료원건너,8982,1015,9997
2026-01-31,송현역(4번출구),6952,2991,9943
2026-01-31,죽전그린빌앞,8213,1721,9934
2026-01-31,토지주택공사앞,8710,1221,9931
2026-01-31,정동고등학교앞,8716,1204,9920
2026-01-31,태평상가건너,5500,4415,9915
2026-01-31,가창면행정복지센터앞,8269,1645,9914
2026-01-31,신기역(화성타운건너),6244,3669,9913
2026-01-31,신천LH아파트건너,7897,1993,9890
2026-01-31,대구삼성창조캠퍼스4,6181,3708,9889
2026-01-31,동촌역(신길)1,8281,1604,9885
2026-01-31,대곡역(한라하우젠트건너),8034,1846,9880
2026-01-31,대구IM뱅크PARK동편건너,4616,5255,9871
2026-01-31,대구여자상업고등학교건너,6581,3283,9864
2026-01-31,지산청구타운앞,9193,669,9862
2026-01-31,구.남부정류장건너2,5154,4700,9854
2026-01-31,건영아파트건너,4138,5708,9846
2026-01-31,산격초등학교앞,7782,2031,9813
2026-01-31,강산아파트건너,3900,5889,9789
2026-01-31,안심주공1단지건너,8640,1146,9786
2026-01-31,서재보성타운건너,9231,527,9758
2026-01-31,수성초등학교,6245,3509,9754
2026-01-31,안심교(반야월방향),343,9397,9740
2026-01-31,북구구민운동장건너,7164,2573,9737
2026-01-31,두성파크아파트앞,2993,6739,9732
2026-01-31,서대구KTX영무예다음건너,9193,531,9724
2026-01-31,신암4동행정복지센터건너,5672,4049,9721
2026-01-31,범물1동행정복지센터건너,6331,3379,9710
2026-01-31,팔거역1,5337,4330,9667
2026-01-31,월배초등학교건너,7784,1865,9649
2026-01-31,삼덕성당앞,7528,2112,9640
2026-01-31,서대구중학교앞,4662,4973,9635
2026-01-31,침산네거리2,7436,2172,9608
2026-01-31,대곡강산타운건너,7429,2173,9602
2026-01-31,명문세가APT앞,8219,1354,9573
2026-01-31,영진전문대학교정문앞,6977,2596,9573
2026-01-31,북침산치안센터앞,5118,4454,9572
2026-01-31,동촌화성타운앞,6337,3217,9554
2026-01-31,북구보건소앞,9157,390,9547
2026-01-31,유천포스코건너,7976,1555,9531
2026-01-31,송현제림타운건너,4116,5373,9489
2026-01-31,무태조야동행정복지센터건너1,8021,1441,9462
2026-01-31,가창농협앞,8913,544,9457
2026-01-31,대구교통방송건너,4301,5156,9457
2026-01-31,북리2,8620,827,9447
2026-01-31,지산현대주택앞,8234,1213,9447
2026-01-31,이월드(구.우방랜드)정문,5185,4257,9442
2026-01-31,중구보건소앞,6072,3370,9442
2026-01-31,국립신암선열공원건너,3957,5476,9433
2026-01-31,대구파라곤프레스티지아파트,7353,2060,9413
2026-01-31,성서산업단지역(1번출구),6368,3044,9412
2026-01-31,운암초등학교앞,9225,167,9392
2026-01-31,동서변그린빌앞,8478,908,9386
2026-01-31,무궁화LPG충전소,7052,2328,9380
2026-01-31,칠곡시장건너,8203,1177,9380
2026-01-31,대곡주공7단지앞,8209,1169,9378
2026-01-31,신매시장,3573,5791,9364
2026-01-31,이마트경산점,7417,1944,9361
2026-01-31,현대시장건너,8393,967,9360
2026-01-31,달서구치매안심센터앞,5191,4161,9352
2026-01-31,한샘청동공원앞,8960,370,9330
2026-01-31,중리광명맨션건너,8272,1031,9303
2026-01-31,삼덕교회,5364,3932,9296
2026-01-31,산격중학교앞,6788,2498,9286
2026-01-31,대구시산격청사앞,5366,3896,9262
2026-01-31,한남중미용정보고등학교건너,5273,3956,9229
2026-01-31,용산1동행정복지센터건너,6850,2363,9213
2026-01-31,중부소방서앞,7573,1636,9209
2026-01-31,화원농협주유소앞,3192,6007,9199
2026-01-31,성서산업단지역(2번출구),7239,1947,9186
2026-01-31,대곡역(한라하우젠트앞),4852,4287,9139
2026-01-31,산격청구맨션앞,5121,4003,9124
2026-01-31,고성아파트(서편),5782,3302,9084
2026-01-31,서구문화회관앞,8065,995,9060
2026-01-31,우방죽전타운건너,6688,2321,9009
2026-01-31,팔공3차보성타운후문,8732,255,8987
2026-01-31,노원119안전센터건너,5680,3303,8983
2026-01-31,대구과학고등학교앞,8178,797,8975
2026-01-31,성당포스코더샵앞,7921,1050,8971
2026-01-31,흥사단 대구지부앞,3510,5459,8969
2026-01-31,북리1,7331,1628,8959
2026-01-31,코스트코홀세일건너/복현화성타운앞,4314,4644,8958
2026-01-31,보람타운앞,6776,2175,8951
2026-01-31,해안역(1번출구),7425,1524,8949
2026-01-31,팔레스호텔앞1,6156,2778,8934
2026-01-31,경상여자고등학교앞,4708,4199,8907
2026-01-31,송현역(1번출구),6829,2075,8904
2026-01-31,동촌강나루아파트건너,6354,2539,8893
2026-01-31,지산목련아파트앞,6960,1931,8891
2026-01-31,봉무청구새들마을건너,7237,1644,8881
2026-01-31,대백한라무지개타운앞,6372,2505,8877
2026-01-31,신천역(4번출구),7119,1754,8873
2026-01-31,칠곡그린빌3차건너,8087,783,8870
2026-01-31,신매초등학교앞,7200,1660,8860
2026-01-31,성북시장앞,6860,1991,8851
2026-01-31,엑스코앞,7644,1200,8844
2026-01-31,동촌역(신길)2,6372,2470,8842
2026-01-31,지산타운앞,2407,6426,8833
2026-01-31,갓바위,8041,772,8813
2026-01-31,아양아트센터건너,7818,965,8783
2026-01-31,백자맨션건너,7486,1291,8777
2026-01-31,대평중학교건너,7909,856,8765
2026-01-31,큰고개오거리2,2786,5956,8742
2026-01-31,성동초등학교건너,6265,2473,8738
2026-01-31,해안역(3번출구),5227,3499,8726
2026-01-31,죽전동 행정복지센터건너,7288,1428,8716
2026-01-31,학산공원2,7072,1639,8711
2026-01-31,운암초등학교건너,7650,1057,8707
2026-01-31,LG물류센터앞,6191,2492,8683
2026-01-31,용계역(2번출구),7511,1154,8665
2026-01-31,무태조야동행정복지센터건너2,4173,4479,8652
2026-01-31,현대시장앞,4441,4195,8636
2026-01-31,금봉네거리1,7680,935,8615
2026-01-31,수성도서관앞,5868,2731,8599
2026-01-31,새길시장건너,6172,2422,8594
2026-01-31,농수산물도매시장앞,5550,3035,8585
2026-01-31,북대구세무서건너,7368,1208,8576
2026-01-31,앞산청구제네스건너,5510,3053,8563
2026-01-31,이천새마을금고건너,7997,566,8563
2026-01-31,앞산공원,6145,2416,8561
2026-01-31,만평역(서대구고속버스터미널)1,4970,3578,8548
2026-01-31,대구공업대학교건너,5692,2854,8546
2026-01-31,복현우방아파트,7026,1513,8539
2026-01-31,봉덕시장건너3,7692,845,8537
2026-01-31,수성3가롯데캐슬건너,6584,1952,8536
2026-01-31,동구시장앞,7083,1452,8535
2026-01-31,복현대백맨션앞,4069,4465,8534
2026-01-31,신암초등학교건너,4813,3707,8520
2026-01-31,대구중학교앞,6594,1879,8473
2026-01-31,헬로TV대구방송앞,4690,3781,8471
2026-01-31,홈플러스동촌점앞,6991,1475,8466
2026-01-31,팔달시장역,3854,4594,8448
2026-01-31,고모동입구,5136,3311,8447
2026-01-31,동부소방서앞,6578,1865,8443
2026-01-31,TBC앞,4196,4244,8440
2026-01-31,강창하이츠,8098,306,8404
2026-01-31,성북교2,4793,3584,8377
2026-01-31,동구기억쉼터건너,7338,1029,8367
2026-01-31,다사고등학교건너,4457,3890,8347
2026-01-31,팔공보성아파트앞,7882,448,8330
2026-01-31,만경관앞,6620,1679,8299
2026-01-31,율하롯데캐슬탑클래스앞,5899,2398,8297
2026-01-31,홈플러스내당점앞,4676,3620,8296
2026-01-31,국민연금네거리1,5420,2834,8254
2026-01-31,달성공원건너,5602,2632,8234
2026-01-31,동구기억쉼터앞,6415,1818,8233
2026-01-31,동도중학교건너,5942,2290,8232
2026-01-31,성당코오롱하늘채,6004,2219,8223
2026-01-31,안심효성타운,5481,2738,8219
2026-01-31,홈플러스칠곡점앞,5144,3058,8202
2026-01-31,강남약국앞2,6875,1306,8181
2026-01-31,텍스빌,6321,1857,8178
2026-01-31,강창역(1번출구),5434,2719,8153
2026-01-31,대구시교육청앞,3696,4444,8140
2026-01-31,달서구치매안심센터건너,6745,1383,8128
2026-01-31,효목네거리3,5366,2751,8117
2026-01-31,송현1동치안센터건너,6008,2106,8114
2026-01-31,화성파크뷰건너,7779,309,8088
2026-01-31,봉무초등학교앞,7940,138,8078
2026-01-31,상인삼미타운건너,1781,6290,8071
2026-01-31,북비산네거리2,6258,1809,8067
2026-01-31,범물하이츠 건너,5686,2370,8056
2026-01-31,서대구시장앞,4976,3079,8055
2026-01-31,한국농어촌공사앞,6912,1134,8046
2026-01-31,화랑교2,7141,901,8042
2026-01-31,북침산치안센터건너,6202,1834,8036
2026-01-31,SK리더스뷰앞,5648,2383,8031
2026-01-31,대구시산격청사건너1,5765,2264,8029
2026-01-31,대구시산격청사건너2,5893,2127,8020
2026-01-31,제일풍경채건너,6696,1313,8009
2026-01-31,대구고용노동청건너,7089,917,8006
2026-01-31,서부정류장(관문시장건너)2,6870,1130,8000
2026-01-31,대구공공시설관리공단동부사업소앞,5205,2782,7987
2026-01-31,가창면행정복지센터건너,5239,2746,7985
2026-01-31,동대구해모로웨스트아파트,6645,1338,7983
2026-01-31,신천역(5번출구),5919,2038,7957
2026-01-31,동대구동화아이위시아파트건너,2237,5713,7950
2026-01-31,봉덕시장앞2,5908,2041,7949
2026-01-31,유니버시아드레포츠센터앞,5940,2007,7947
2026-01-31,반야월모란1차아파트,5662,2264,7926
2026-01-31,우방드림시티건너,4329,3591,7920
2026-01-31,대구일마이스터고교앞,6722,1188,7910
2026-01-31,영남일보건너,6158,1747,7905
2026-01-31,황제맨션건너,3351,4552,7903
2026-01-31,북부경찰서건너,2418,5483,7901
2026-01-31,송현초등학교앞,7477,406,7883
2026-01-31,경북공고건너,4680,3194,7874
2026-01-31,서재동화아이위시3차앞,7179,685,7864
2026-01-31,대구공업대학교2,4552,3311,7863
2026-01-31,수성못오거리2,6477,1374,7851
2026-01-31,칠곡그린빌5단지앞,5232,2611,7843
2026-01-31,상중이동행정복지센터앞,6665,1167,7832
2026-01-31,연경1공영주차장앞,7759,71,7830
2026-01-31,대곡사계절타운앞,5088,2731,7819
2026-01-31,국가산단반도유보라2차,7742,72,7814
2026-01-31,각산태영데시앙건너,4898,2905,7803
2026-01-31,상공회의소건너,5195,2608,7803
2026-01-31,상인자이앞,5184,2619,7803
2026-01-31,청구시장앞,5951,1833,7784
2026-01-31,대륜중고등학교건너,3403,4341,7744
2026-01-31,두류공원네거리2,3593,4145,7738
2026-01-31,성서2차서한타운1,7142,567,7709
2026-01-31,수성시장앞,5497,2201,7698
2026-01-31,용산종합큰시장앞,5377,2311,7688
2026-01-31,상수도사업본부,5416,2261,7677
2026-01-31,북대구농협검단지점건너,7616,42,7658
2026-01-31,국우동현대아파트앞,6744,886,7630
2026-01-31,반고개1,5811,1808,7619
2026-01-31,산업용재관,3879,3737,7616
2026-01-31,교항리건너,7506,96,7602
2026-01-31,연호동화훼단지1,2232,5334,7566
2026-01-31,남구청네거리1,5874,1684,7558
2026-01-31,경대교2,6785,739,7524
2026-01-31,봉산가구골목(동편),4257,3263,7520
2026-01-31,검단유성아파트(서편),5786,1732,7518
2026-01-31,효동초등학교건너,5019,2477,7496
2026-01-31,들안길초등학교앞,4543,2926,7469
2026-01-31,대구공업대학교앞,5536,1886,7422
2026-01-31,이현자동차검사소건너,1138,6283,7421
2026-01-31,동구청역(3번출구),5337,2072,7409
2026-01-31,대구의료원라파엘웰빙센터건너,3933,3472,7405
2026-01-31,엘디스리젠트호텔앞,3811,3561,7372
2026-01-31,경북대학교서문건너,5846,1519,7365
2026-01-31,봉덕교회앞,5159,2201,7360
2026-01-31,대구대학교대명동캠퍼스,5242,2116,7358
2026-01-31,평리6동행정복지센터앞,4434,2918,7352
2026-01-31,대구의료원앞,4929,2418,7347
2026-01-31,수성못코오롱하늘채,5697,1650,7347
2026-01-31,대명5동행정복지센터앞,5407,1921,7328
2026-01-31,태왕메트로시티건너,5360,1965,7325
2026-01-31,민들레아파트후문앞,7310,11,7321
2026-01-31,경북대학교 경상대학건너,2673,4635,7308
2026-01-31,만촌우방1차건너,7146,148,7294
2026-01-31,신천3동행정복지센터앞,2390,4899,7289
2026-01-31,건영캐스빌건너,6027,1258,7285
2026-01-31,국가산단서한이다음,7246,35,7281
2026-01-31,율하교동편1,3505,3773,7278
2026-01-31,경북기계공고앞,3858,3404,7262
2026-01-31,비산초등학교건너,5500,1760,7260
2026-01-31,CBS방송국건너,4902,2338,7240
2026-01-31,신매태성아파트건너,5438,1801,7239
2026-01-31,경북교통앞,3786,3431,7217
2026-01-31,트레이더스홀세일클럽비산점건너,2561,4653,7214
2026-01-31,태왕아너스복현앞,6108,1097,7205
2026-01-31,침산초등학교건너,5034,2169,7203
2026-01-31,대구섬유박물관,6342,855,7197
2026-01-31,장동초등학교건너,6163,1021,7184
2026-01-31,영진전문대학교정문건너,5607,1574,7181
2026-01-31,한국폴리텍대학(영남융합기술캠퍼스),1068,6107,7175
2026-01-31,유천동행정복지센터앞,6821,350,7171
2026-01-31,성서푸른마을아파트건너,6213,933,7146
2026-01-31,진천청구타운앞,6462,678,7140
2026-01-31,국립대구박물관앞,3895,3202,7097
2026-01-31,용산2동행정복지센터건너,3396,3699,7095
2026-01-31,범물한라주택앞,966,6125,7091
2026-01-31,한라하우젠트건너,6352,739,7091
2026-01-31,수성동일하이빌정문,4600,2485,7085
2026-01-31,유니버시아드선수촌2단지앞,5573,1505,7078
2026-01-31,장동초등학교앞,5452,1619,7071
2026-01-31,북구구민운동장앞,4313,2751,7064
2026-01-31,미리내맨션앞,4874,2185,7059
2026-01-31,수성교1,3722,3334,7056
2026-01-31,서구청소년수련관건너,5663,1385,7048
2026-01-31,달서에스케이뷰아파트앞,5186,1852,7038
2026-01-31,이시아폴리스더샵2단지,4614,2419,7033
2026-01-31,계명대역(2번출구),3784,3236,7020
2026-01-31,계명대역(4번출구),3235,3782,7017
2026-01-31,한국건강관리협회앞,6005,973,6978
2026-01-31,칠곡IC 2,6798,168,6966
2026-01-31,무태조야동행정복지센터앞1,5725,1219,6944
2026-01-31,율하휴먼시아5단지앞,6562,381,6943
2026-01-31,죽전역(2번출구),5757,1178,6935
2026-01-31,동일초등학교앞,3892,3039,6931
2026-01-31,달성교육지원청-대구예아람학교앞,6500,418,6918
2026-01-31,칠곡2차영남타운건너,6407,507,6914
2026-01-31,청구시장건너,5768,1140,6908
2026-01-31,월성코오롱하늘채앞,5410,1491,6901
2026-01-31,두성파크아파트건너,5062,1837,6899
2026-01-31,이진캐스빌건너,6575,291,6866
2026-01-31,소선여중건너,3853,3007,6860
2026-01-31,삼성래미안2차건너,4953,1892,6845
2026-01-31,침산중학교앞,6309,529,6838
2026-01-31,수성교2,4206,2630,6836
2026-01-31,서재동화아이위시2차앞,5236,1582,6818
2026-01-31,중리광명맨션앞,5438,1370,6808
2026-01-31,두류보성맨션앞,3819,2982,6801
2026-01-31,북구선거관리위원회건너,5316,1482,6798
2026-01-31,칠곡중학교앞(칠곡향교앞),6275,518,6793
2026-01-31,대구병원앞,4365,2410,6775
2026-01-31,남부교육지원청앞,5091,1671,6762
2026-01-31,불로동고분군앞,3981,2780,6761
2026-01-31,시지천마타운앞,3790,2963,6753
2026-01-31,경북대학교서문앞,3706,3037,6743
2026-01-31,신천역(2번출구),4775,1965,6740
2026-01-31,칠곡동화아파트건너,4379,2352,6731
2026-01-31,용전초등학교남편,3593,3129,6722
2026-01-31,다사농협주유소앞,6098,618,6716
2026-01-31,두류보성맨션건너,5924,772,6696
2026-01-31,유천교2,903,5770,6673
2026-01-31,복현푸르지오아파트앞,5124,1530,6654
2026-01-31,율하역(5번출구),5920,729,6649
2026-01-31,뉴평리도서관앞,5718,924,6642
2026-01-31,산림조합중앙회건너,2518,4101,6619
2026-01-31,계명대학교정문앞,2496,4115,6611
2026-01-31,연경1공영주차장건너,5031,1556,6587
2026-01-31,성광고등학교건너,4673,1906,6579
2026-01-31,조달청건너,2729,3849,6578
2026-01-31,교동시장앞,4625,1942,6567
2026-01-31,대곡주공1단지앞,3806,2760,6566
2026-01-31,경북기계공고건너,3700,2858,6558
2026-01-31,성서주공1단지건너,5339,1216,6555
2026-01-31,지묘교2,6443,109,6552
2026-01-31,평광3차아파트,5770,782,6552
2026-01-31,칠성시장역(서문프라자건너),3021,3527,6548
2026-01-31,범물청구타운건너,1727,4819,6546
2026-01-31,동원약품,5210,1327,6537
2026-01-31,아양교4,3826,2702,6528
2026-01-31,입석중학교앞,4014,2512,6526
2026-01-31,태전중앙시장앞,3677,2840,6517
2026-01-31,정동고등학교건너,3703,2805,6508
2026-01-31,다사농협세천지점건너,5161,1344,6505
2026-01-31,LH10단지아파트건너,5607,893,6500
2026-01-31,SD아이프라임강북아파트,6156,338,6494
2026-01-31,토지주택공사건너,3517,2963,6480
2026-01-31,남부교육지원청건너,5440,1038,6478
2026-01-31,홈플러스동촌점건너,3898,2576,6474
2026-01-31,복현서한2차아파트,4226,2241,6467
2026-01-31,서재금봉타운,4220,2232,6452
2026-01-31,들안길초등학교건너,5017,1433,6450
2026-01-31,교통연수원,5861,579,6440
2026-01-31,범물하이츠앞,6266,172,6438
2026-01-31,북대구세무서앞,4192,2246,6438
2026-01-31,국우초등학교건너,6257,172,6429
2026-01-31,대산초등학교앞,5800,629,6429
2026-01-31,계명대학교동산병원앞,2913,3508,6421
2026-01-31,이천치안센터건너,3549,2856,6405
2026-01-31,서변동영남네오빌건너,5375,1026,6401
2026-01-31,무태새마을금고앞,5749,651,6400
2026-01-31,호텔수성앞,5454,927,6381
2026-01-31,역전시장앞,5005,1365,6370
2026-01-31,팔달역1,5765,580,6345
2026-01-31,서도초등학교서편1,5440,892,6332
2026-01-31,죽곡휴먼시아1단지앞,561,5751,6312
2026-01-31,국립대구박물관건너,5054,1254,6308
2026-01-31,대봉네거리2,3172,3124,6296
2026-01-31,퀸스로드앞(동편),4976,1318,6294
2026-01-31,이현자동차검사소앞,5711,576,6287
2026-01-31,스파밸리2,6240,40,6280
2026-01-31,상리동입구,1546,4733,6279
2026-01-31,건영캐스빌앞,4033,2232,6265
2026-01-31,기업은행대곡지점건너,1396,4859,6255
2026-01-31,황금힐스테이트,3788,2464,6252
2026-01-31,한국방송통신전파진흥원앞,4598,1653,6251
2026-01-31,본리지구앞,5401,848,6249
2026-01-31,팔공정보문화센터건너,1167,5079,6246
2026-01-31,감삼초등학교앞,4748,1495,6243
2026-01-31,경일여자고등학교앞,3884,2354,6238
2026-01-31,대봉네거리1,5235,988,6223
2026-01-31,뉴평리도서관건너,3460,2755,6215
2026-01-31,서대구공단네거리4,4683,1531,6214
2026-01-31,신당동행정복지센터앞,5770,420,6190
2026-01-31,숙천초교입구,5345,838,6183
2026-01-31,도남LH2단지아파트앞,5770,405,6175
2026-01-31,방촌치안센터앞,4659,1499,6158
2026-01-31,서대구시장건너,3781,2377,6158
2026-01-31,서도초등학교서편2,4805,1348,6153
2026-01-31,국가산단반도유보라3차건너,6075,56,6131
2026-01-31,동서변그린빌건너,4904,1213,6117
2026-01-31,조야동(종점),5780,328,6108
2026-01-31,대봉2동행정복지센터건너,5433,672,6105
2026-01-31,고성지구대2,3483,2609,6092
2026-01-31,우미린아파트앞,5802,288,6090
2026-01-31,우방드림시티앞,4239,1841,6080
2026-01-31,반고개(내당역4번출구),2222,3853,6075
2026-01-31,포산고등학교3,6031,44,6075
2026-01-31,우방만촌하이츠앞,3165,2905,6070
2026-01-31,두류도서관앞,5013,1052,6065
2026-01-31,성서청구타운앞,4345,1716,6061
2026-01-31,부영3단지,2882,3171,6053
2026-01-31,대구역센트럴자이,5356,678,6034
2026-01-31,청라언덕(신남)역(1번출구),4081,1951,6032
2026-01-31,산격거평타운앞,3565,2457,6022
2026-01-31,본리아카시아맨션,3776,2238,6014
2026-01-31,실내체육관앞,4831,1178,6009
2026-01-31,대평중학교앞,3936,2060,5996
2026-01-31,월광수변공원,5453,526,5979
2026-01-31,신천3치안센터앞,3424,2551,5975
2026-01-31,죽전119안전센터건너,3921,2045,5966
2026-01-31,평광3차아파트건너,5203,762,5965
2026-01-31,신천역(3번출구),4790,1174,5964
2026-01-31,서부정류장역2(1번출구),4090,1824,5914
2026-01-31,두산동행정복지센터앞,5340,572,5912
2026-01-31,공항시장앞,2582,3319,5901
2026-01-31,연경뉴웰시티아파트앞,5143,740,5883
2026-01-31,대림육교1,936,4944,5880
2026-01-31,복현장미맨션앞,3954,1921,5875
2026-01-31,새론초등학교건너,5470,402,5872
2026-01-31,본리초교네거리2,4980,886,5866
2026-01-31,지산청구타운건너,2790,3060,5850
2026-01-31,성서보성타운2차앞,4036,1795,5831
2026-01-31,북구보건소건너,4424,1392,5816
2026-01-31,수성구민운동장건너,3394,2413,5807
2026-01-31,강북경찰서건너,2813,2993,5806
2026-01-31,지저동행정복지센터앞,3435,2368,5803
2026-01-31,동부고교앞,4553,1239,5792
2026-01-31,감삼초등학교건너,4553,1238,5791
2026-01-31,2.28기념중앙공원건너2,3879,1910,5789
2026-01-31,전자관,4506,1282,5788
2026-01-31,서구제일사회복지관건너,1507,4264,5771
2026-01-31,쌍계리,1053,4689,5742
2026-01-31,안심중학교건너,1698,4044,5742
2026-01-31,금호천년나무1단지동편,5653,87,5740
2026-01-31,홈플러스칠곡점건너,4641,1094,5735
2026-01-31,대구우편집중국앞,3306,2427,5733
2026-01-31,달성중학교건너,4947,780,5727
2026-01-31,혁신도시입구1,4768,959,5727
2026-01-31,대성베르힐4단지앞,5659,60,5719
2026-01-31,신세계주유소건너,5374,343,5717
2026-01-31,봉덕2차화성파크드림,4810,905,5715
2026-01-31,태왕아너스베스트앞,4996,703,5699
2026-01-31,상인삼미타운앞,4965,732,5697
2026-01-31,성남초등학교앞,5097,598,5695
2026-01-31,신월초등학교앞,3644,2047,5691
2026-01-31,중석타운앞,5491,193,5684
2026-01-31,월배아이파크2차건너,4908,758,5666
2026-01-31,대자연맨션건너,3609,2054,5663
2026-01-31,호텔수성건너,4555,1096,5651
2026-01-31,서평초등학교,4749,897,5646
2026-01-31,성서주공5단지앞,3974,1661,5635
2026-01-31,대구의료원라파엘웰빙센터,4118,1516,5634
2026-01-31,녹원맨션,4885,744,5629
2026-01-31,태전두성타운건너,3911,1712,5623
2026-01-31,칠성시장(전자상가건너),5246,363,5609
2026-01-31,CBS방송국앞,3273,2328,5601
2026-01-31,한도아파트앞,5427,169,5596
2026-01-31,봉덕시장건너1,3295,2297,5592
2026-01-31,덕화중학교앞,3077,2513,5590
2026-01-31,용산1동행정복지센터앞,3059,2529,5588
2026-01-31,범물2동행정복지센터건너,5172,410,5582
2026-01-31,비산7동우체국건너,3171,2407,5578
2026-01-31,내당코오롱아파트앞,4495,1079,5574
2026-01-31,장기초록나라앞,4177,1396,5573
2026-01-31,엘디스리젠트호텔건너,1766,3804,5570
2026-01-31,구.남부정류장앞2,3992,1575,5567
2026-01-31,율하교동편2,4089,1476,5565
2026-01-31,대우트럼프월드수성앞,2175,3380,5555
2026-01-31,성화여고건너,4864,682,5546
2026-01-31,백자맨션앞,3710,1829,5539
2026-01-31,대구국제공항건너,361,5155,5516
2026-01-31,강북중학교앞,5352,150,5502
2026-01-31,효목네거리1,4825,673,5498
2026-01-31,한남중미용정보고등학교앞,4639,843,5482
2026-01-31,강서소방서건너,553,4920,5473
2026-01-31,실내체육관건너,3748,1721,5469
2026-01-31,엑스코건너,3783,1684,5467
2026-01-31,삼익뉴타운건너,3514,1950,5464
2026-01-31,검단유성아파트건너,3540,1922,5462
2026-01-31,금호서한이다음아파트앞,4873,581,5454
2026-01-31,칠곡3차화성타운2,4842,599,5441
2026-01-31,서대구역서한이다음더퍼스트,3839,1584,5423
2026-01-31,역전시장건너,3824,1592,5416
2026-01-31,내당광명아파트,3736,1675,5411
2026-01-31,남대구IC2,4160,1241,5401
2026-01-31,무궁화LPG충전소건너,3463,1938,5401
2026-01-31,서동초등학교앞,4948,446,5394
2026-01-31,노원네거리2(오봉새마을금고건너),4727,657,5384
2026-01-31,대구향교건너,1711,3673,5384
2026-01-31,송원맨션앞,3965,1418,5383
2026-01-31,월성주공4단지앞1,4534,839,5373
2026-01-31,성지중학교앞,2469,2903,5372
2026-01-31,무궁화어린이공원입구건너,3229,2140,5369
2026-01-31,대구칠곡초등학교앞,3026,2335,5361
2026-01-31,불로우방아파트건너,3725,1630,5355
2026-01-31,팔공산IC입구,399,4950,5349
2026-01-31,인동촌시장건너,2879,2469,5348
2026-01-31,KT남대구지사건너2,3551,1784,5335
2026-01-31,청라국민체육센터앞,4511,822,5333
2026-01-31,각산푸르지오,3521,1794,5315
2026-01-31,강변동서마을앞,3694,1599,5293
2026-01-31,거동교1,3983,1310,5293
2026-01-31,대구행복기숙사앞,3292,2000,5292
2026-01-31,대백창신한라타운앞,3373,1918,5291
2026-01-31,동부중학교앞,2468,2821,5289
2026-01-31,솔정고개2,1256,4033,5289
2026-01-31,불로봉무파출소,3786,1492,5278
2026-01-31,LG물류센터건너,3258,2012,5270
2026-01-31,성서보성타운2차건너1,4546,723,5269
2026-01-31,안심역(1번출구),4672,589,5261
2026-01-31,도남힐스테이트4단지건너,4396,826,5222
2026-01-31,대구교통공사건너,1485,3736,5221
2026-01-31,비철금속협업단지앞,4848,349,5197
2026-01-31,동부중학교건너,4477,717,5194
2026-01-31,대구IM뱅크PARK동편앞,4336,836,5172
2026-01-31,방천리공영차고지,3876,1282,5158
2026-01-31,대신센트럴자이,4398,750,5148
2026-01-31,옥포초등학교앞,4499,629,5128
2026-01-31,어린이세상건너1,1448,3651,5099
2026-01-31,방촌맨션앞,3594,1501,5095
2026-01-31,새각단앞,4929,151,5080
2026-01-31,적십자혈액원건너,4045,1034,5079
2026-01-31,청라언덕(신남)역(8번출구),3902,1145,5047
2026-01-31,송현제림타운앞,4062,982,5044
2026-01-31,현풍새마을금고,4291,750,5041
2026-01-31,연경초등학교건너,4262,767,5029
2026-01-31,동서리치모아건너,3857,1157,5014
2026-01-31,동신초등학교앞,2904,2106,5010
2026-01-31,어린이세상앞,3319,1691,5010
2026-01-31,율하근린공원건너,1610,3398,5008
2026-01-31,학산공원1,2941,2048,4989
2026-01-31,신월초등학교건너,4215,773,4988
2026-01-31,장성초등학교건너,464,4518,4982
2026-01-31,상인비둘기1단지아파트건너,3936,1041,4977
2026-01-31,시민교회건너,4621,352,4973
2026-01-31,팔달신시장2,4075,898,4973
2026-01-31,죽전동 행정복지센터앞,3001,1957,4958
2026-01-31,팔달역2,451,4495,4946
2026-01-31,강변동서마을건너,4696,246,4942
2026-01-31,칠곡주공그린빌1단지건너,4626,315,4941
2026-01-31,동서교회앞,2829,2110,4939
2026-01-31,팔공3차보성타운앞,4474,464,4938
2026-01-31,모다아울렛앞,2386,2548,4934
2026-01-31,성서우체국앞,2905,2019,4924
2026-01-31,대건고교-효성여고앞,3776,1143,4919
2026-01-31,효목2동행정복지센터,3960,930,4890
2026-01-31,만촌1동행정복지센터,3164,1723,4887
2026-01-31,산격4동행정복지센터앞,3895,987,4882
2026-01-31,연경초등학교앞,4216,664,4880
2026-01-31,중흥S클래스앞,4806,73,4879
2026-01-31,성서4차산업단지앞2,3743,1132,4875
2026-01-31,각산역(1번출구),3457,1400,4857
2026-01-31,다사농협세천지점앞,4171,682,4853
2026-01-31,퀸스로드건너(동편),3891,961,4852
2026-01-31,명문세가APT건너,3884,954,4838
2026-01-31,영남우방타운1차앞,4278,559,4837
2026-01-31,장기먹거리촌앞,3816,1008,4824
2026-01-31,봉무초등학교건너,4346,475,4821
2026-01-31,이곡1동행정복지센터앞,2208,2608,4816
2026-01-31,가창농협건너,2792,2020,4812
2026-01-31,충혼탑건너,4647,150,4797
2026-01-31,국립신암선열공원앞,3275,1517,4792
2026-01-31,이곡1동행정복지센터건너,4400,392,4792
2026-01-31,달서에스케이뷰아파트(북편),4602,187,4789
2026-01-31,수성시니어클럽앞,4347,417,4764
2026-01-31,태왕메트로시티앞,3154,1609,4763
2026-01-31,팔달중학교건너,4551,206,4757
2026-01-31,구암교1,3722,1020,4742
2026-01-31,칠곡시장앞,2983,1754,4737
2026-01-31,산격거평타운건너,1792,2931,4723
2026-01-31,한샘교회,3323,1397,4720
2026-01-31,율하남교2,3009,1698,4707
2026-01-31,상인2동행정복지센터건너,4457,241,4698
2026-01-31,옥포간경리1,3375,1319,4694
2026-01-31,금봉네거리2,3798,894,4692
2026-01-31,성당포스코더샵건너,2966,1724,4690
2026-01-31,화랑교1,1030,3648,4678
2026-01-31,동대구동화아이위시아파트앞,3712,958,4670
2026-01-31,함지초등학교앞,4309,360,4669
2026-01-31,동화시설집단지구(종점)2(대구시민안전테마파크),4289,378,4667
2026-01-31,망우당공원앞,2807,1859,4666
2026-01-31,도시철도수성구청역북편1,717,3944,4661
2026-01-31,사수초등학교건너,2354,2291,4645
2026-01-31,송현여중고교앞,2468,2170,4638
2026-01-31,보성산호타운앞,2706,1891,4597
2026-01-31,서도초등학교앞,3762,834,4596
2026-01-31,월성자이앞,3406,1190,4596
2026-01-31,농수산물도매시장건너,3326,1266,4592
2026-01-31,용계역(1번출구),2918,1666,4584
2026-01-31,들안길네거리1,4203,380,4583
2026-01-31,명곡미래빌2단지앞,4080,501,4581
2026-01-31,아양아트센터앞,3452,1122,4574
2026-01-31,수성아트피아건너,2870,1702,4572
2026-01-31,아너스월성앞,3442,1118,4560
2026-01-31,지산현대주택건너,3241,1318,4559
2026-01-31,현풍경남은행건너,3854,693,4547
2026-01-31,지묘교1,3149,1385,4534
2026-01-31,팔공유치원앞,4139,393,4532
2026-01-31,태왕아너스복현건너,3481,1039,4520
2026-01-31,남구종합스포츠타운앞,3944,575,4519
2026-01-31,신매역(4번출구),3581,930,4511
2026-01-31,교대부설초등학교건너,4017,493,4510
2026-01-31,대건고교-효성여고건너,3237,1264,4501
2026-01-31,지산동서맨션건너,3148,1350,4498
2026-01-31,동신초등학교건너,3117,1375,4492
2026-01-31,대동시장1,3734,739,4473
2026-01-31,혁신도시입구2,2646,1825,4471
2026-01-31,계명대대명캠퍼스후문건너,3511,950,4461
2026-01-31,서도초등학교건너,2894,1567,4461
2026-01-31,북구청네거리1,2197,2262,4459
2026-01-31,칠곡화성타운건너,4263,192,4455
2026-01-31,성서초등학교건너,3912,534,4446
2026-01-31,현풍경남은행앞,3764,677,4441
2026-01-31,대원고등학교,1997,2443,4440
2026-01-31,영남네오빌건너,1829,2610,4439
2026-01-31,매천중고등학교앞,3393,1045,4438
2026-01-31,대곡주공8단지건너,3882,545,4427
2026-01-31,구암역(운전면허시험장)1,3578,821,4399
2026-01-31,팔거역3,3575,811,4386
2026-01-31,양지마을앞,3725,652,4377
2026-01-31,송정삼거리3,2444,1932,4376
2026-01-31,동서리치모아앞,3240,1125,4365
2026-01-31,대구지방법원등기국앞,2164,2192,4356
2026-01-31,화원삼주타운건너,3908,429,4337
2026-01-31,만촌초등학교건너2,3691,641,4332
2026-01-31,황금초등학교앞,4036,282,4318
2026-01-31,대산초등학교건너,1990,2314,4304
2026-01-31,동화골든빌(동편),3093,1208,4301
2026-01-31,고산골입구,3600,699,4299
2026-01-31,대구농업마이스터고후문앞,3673,625,4298
2026-01-31,태전중앙시장건너,2433,1860,4293
2026-01-31,동아스포츠센터(지산초교앞),4087,205,4292
2026-01-31,서대구공단네거리3,3099,1184,4283
2026-01-31,비산7동우체국앞2,2061,2203,4264
2026-01-31,다사고등학교앞,635,3610,4245
2026-01-31,서대구고속버스터미널,2294,1948,4242
2026-01-31,율원초등학교앞,3713,525,4238
2026-01-31,달성우신미가뷰건너,4199,36,4235
2026-01-31,모토닉,1338,2896,4234
2026-01-31,수성랜드1,3881,352,4233
2026-01-31,NH농협혁신도시지점앞,3762,470,4232
2026-01-31,적십자혈액원앞,2833,1395,4228
2026-01-31,서재동화아이위시3차건너,3394,830,4224
2026-01-31,삼성명가타운,2870,1353,4223
2026-01-31,동구청역(4번출구),3383,838,4221
2026-01-31,동서교회건너,3684,535,4219
2026-01-31,파동우체국앞,2225,1991,4216
2026-01-31,칠곡화성타운앞1,2368,1841,4209
2026-01-31,고성아파트건너,3875,330,4205
2026-01-31,고성아파트건너(서편),1790,2415,4205
2026-01-31,대구일마이스터고교건너,2449,1748,4197
2026-01-31,북중학교앞,3088,1106,4194
2026-01-31,황제맨션앞,3370,819,4189
2026-01-31,칠곡그린빌5단지건너,3551,634,4185
2026-01-31,경명여고앞,2745,1435,4180
2026-01-31,율금초등학교건너,3919,254,4173
2026-01-31,수성아트피아앞,2964,1203,4167
2026-01-31,상인초등학교앞,645,3496,4141
2026-01-31,서구제일사회복지관앞,3468,669,4137
2026-01-31,남부초등학교앞2,3034,1095,4129
2026-01-31,삼성래미안2차앞,2556,1567,4123
2026-01-31,한샘교회건너,2034,2089,4123
2026-01-31,한국섬유개발연구원앞,3478,642,4120
2026-01-31,율하휴먼시아6단지건너,3417,685,4102
2026-01-31,성화여고앞,2318,1780,4098
2026-01-31,대구북부소방서앞,1736,2359,4095
2026-01-31,대구비지니스센터앞,3199,889,4088
2026-01-31,정호승문학관건너(구.신천시장),3306,781,4087
2026-01-31,칠성꽃도매시장건너,2920,1166,4086
2026-01-31,대곡주공6단지앞,3269,813,4082
2026-01-31,오페라하우스앞,3069,1007,4076
2026-01-31,복현성모약국앞,2911,1158,4069
2026-01-31,우방죽전타운앞1,3072,986,4058
2026-01-31,도남힐스테이트3단지건너,1230,2816,4046
2026-01-31,성서동서서한타운앞,3667,372,4039
2026-01-31,대덕천주교회3,3835,199,4034
2026-01-31,본리네거리,2930,1102,4032
2026-01-31,남부경찰서건너,1957,2068,4025
2026-01-31,대봉2동행정복지센터입구,2608,1417,4025
2026-01-31,평리중학교앞,3660,365,4025
2026-01-31,상인동화아이위시아파트앞,1629,2394,4023
2026-01-31,안심주공1단지앞,3029,993,4022
2026-01-31,월성코오롱하늘채건너,2649,1372,4021
2026-01-31,성명119안전센터건너1,1926,2092,4018
2026-01-31,중리중학교,3494,501,3995
2026-01-31,남도버스2,3099,895,3994
2026-01-31,솔렌스힐건너,3001,985,3986
2026-01-31,KT남대구지사앞2,2103,1874,3977
2026-01-31,동화골든빌(남편),415,3562,3977
2026-01-31,이월드(구.우방랜드)후문건너,2607,1345,3952
2026-01-31,거동교2,2679,1271,3950
2026-01-31,북구청네거리2,3153,796,3949
2026-01-31,북성공구골목,1775,2159,3934
2026-01-31,팔공3차보성타운건너,2971,958,3929
2026-01-31,대구칠곡초등학교건너,3218,696,3914
2026-01-31,효목시장(남편),3262,649,3911
2026-01-31,대구텍앞,2494,1397,3891
2026-01-31,범물두성타운건너,3860,27,3887
2026-01-31,동부경찰서건너,1711,2167,3878
2026-01-31,송현초등학교건너,3029,834,3863
2026-01-31,서한이다음1차앞,3678,177,3855
2026-01-31,율하휴먼시아5단지건너,1916,1938,3854
2026-01-31,메트로시티건너,3545,308,3853
2026-01-31,원대오거리북편1,1592,2260,3852
2026-01-31,KT북대구지사앞,3415,436,3851
2026-01-31,신성에스앤티건너,3028,816,3844
2026-01-31,불교한방병원앞2,2975,857,3832
2026-01-31,팔거역4,2810,1010,3820
2026-01-31,대구시동인청사건너,1615,2195,3810
2026-01-31,파계사(종점),3293,510,3803
2026-01-31,청구시장북편건너,2960,827,3787
2026-01-31,수성시장건너,3236,549,3785
2026-01-31,건들바위건너,2683,1097,3780
2026-01-31,명곡미래빌1단지,3204,559,3763
2026-01-31,안심중학교앞,2488,1270,3758
2026-01-31,하나리움앞,1167,2590,3757
2026-01-31,서대구역네거리3,3247,506,3753
2026-01-31,동서아파트건너,3251,500,3751
2026-01-31,봉명네거리2,3522,220,3742
2026-01-31,서재동화아이위시2차건너,2590,1151,3741
2026-01-31,동서변월드메르디앙아파트,3294,444,3738
2026-01-31,신서신일해피트리아파트,2957,776,3733
2026-01-31,만촌초등학교건너1,2630,1095,3725
2026-01-31,화남초등학교앞,3199,513,3712
2026-01-31,K-2입구,2919,791,3710
2026-01-31,봉무청구새들마을앞,2899,810,3709
2026-01-31,상동천주교회앞,1946,1763,3709
2026-01-31,황금2동치안센터앞,3390,310,3700
2026-01-31,공산동행정복지센터앞,3594,101,3695
2026-01-31,방공포병학교건너,2986,700,3686
2026-01-31,상동네거리,2442,1239,3681
2026-01-31,구암교2,2309,1364,3673
2026-01-31,월배아이파크2차앞,1020,2651,3671
2026-01-31,성북시장건너,2586,1084,3670
2026-01-31,성당시장앞1,3123,536,3659
2026-01-31,고산농협창고앞,792,2863,3655
2026-01-31,북동초등학교건너,2201,1450,3651
2026-01-31,흥사단 대구지부건너,2732,919,3651
2026-01-31,두류공원2.28자유광장앞,979,2670,3649
2026-01-31,앞산태왕아너스앞,3623,25,3648
2026-01-31,봉산육거리,3042,596,3638
2026-01-31,신천3동행정복지센터건너,2683,952,3635
2026-01-31,각산비나리공원앞,3346,288,3634
2026-01-31,수성알파시티2,1987,1635,3622
2026-01-31,동대구이안센트럴D아파트,1906,1714,3620
2026-01-31,율하남교1,603,3017,3620
2026-01-31,동화사입구건너,3607,5,3612
2026-01-31,전기안전공사앞,2945,645,3590
2026-01-31,성산중학교앞,3213,366,3579
2026-01-31,영조아파트3단지앞,3534,27,3561
2026-01-31,율하휴먼시아9단지앞,3297,255,3552
2026-01-31,명곡미래빌3단지건너,2085,1465,3550
2026-01-31,명곡리2,2159,1389,3548
2026-01-31,서한이다음2차앞,3236,305,3541
2026-01-31,더샵수성라크에르아파트건너,2244,1296,3540
2026-01-31,율하휴먼시아6단지앞,3129,404,3533
2026-01-31,본리지구건너,2699,832,3531
2026-01-31,용계삼거리2,1467,2063,3530
2026-01-31,서재동화아이위시앞,2168,1361,3529
2026-01-31,서변동영남네오빌앞,3121,387,3508
2026-01-31,오성아파트,288,3211,3499
2026-01-31,계명대학교대명캠퍼스후문앞,2655,839,3494
2026-01-31,수성못앞,2531,955,3486
2026-01-31,신천3치안센터건너,2229,1255,3484
2026-01-31,대성베르힐4단지건너,1441,2040,3481
2026-01-31,본리네거리3,1407,2074,3481
2026-01-31,북동초등학교앞,3261,219,3480
2026-01-31,이현지구대건너,2657,820,3477
2026-01-31,수성고등학교건너,2830,644,3474
2026-01-31,침산남영타운앞,2884,589,3473
2026-01-31,월성주공3단지,1936,1536,3472
2026-01-31,달서구새마을회건너,3310,161,3471
2026-01-31,남해오네뜨2차앞,2154,1302,3456
2026-01-31,대명9동행정복지센터건너,2859,596,3455
2026-01-31,계명대역(1번출구),863,2584,3447
2026-01-31,영남우방타운2차아파트,2569,864,3433
2026-01-31,태성맨션앞,2276,1145,3421
2026-01-31,성남초등학교건너,1455,1961,3416
2026-01-31,한국섬유개발연구원건너,1491,1914,3405
2026-01-31,제일풍경채앞,1952,1452,3404
2026-01-31,들안길네거리4,2656,744,3400
2026-01-31,옥포농협강림지점앞,3017,380,3397
2026-01-31,대구비지니스센터건너,2718,678,3396
2026-01-31,이안동대구아파트,2727,669,3396
2026-01-31,용산역,3191,203,3394
2026-01-31,대구해올고교앞,2387,1005,3392
2026-01-31,무열대건너,2282,1103,3385
2026-01-31,수성더팰리스푸르지오더샵아파트건너,1520,1864,3384
2026-01-31,관음변전소1,3207,176,3383
2026-01-31,대구시동인청사앞,2995,382,3377
2026-01-31,만촌3차화성파크드림건너,2937,434,3371
2026-01-31,대명사회복지관앞,2760,610,3370
2026-01-31,상화네거리,358,2996,3354
2026-01-31,백사벌네거리2,1941,1409,3350
2026-01-31,성서우체국건너,2175,1168,3343
2026-01-31,신암보성아파트건너,1951,1386,3337
2026-01-31,수목원풍경그린아파트앞,3239,94,3333
2026-01-31,대곡고등학교건너,1980,1350,3330
2026-01-31,안지랑골입구건너,3213,117,3330
2026-01-31,성서주공1단지앞,1555,1769,3324
2026-01-31,우방신천지타운건너,2408,910,3318
2026-01-31,성서푸른마을아파트앞2,1877,1439,3316
2026-01-31,보훈병원앞,3285,28,3313
2026-01-31,비산웰빙하와이건너,3058,252,3310
2026-01-31,경상여자고등학교건너,2639,662,3301
2026-01-31,신서성당건너,2320,975,3295
2026-01-31,반야월역(4번출구)2,2378,904,3282
2026-01-31,이월드(구.우방랜드)후문앞,2305,977,3282
2026-01-31,연암네거리2,2766,513,3279
2026-01-31,팔달중학교앞,2873,406,3279
2026-01-31,영남우방타운1차건너,2906,367,3273
2026-01-31,매천성당앞,2745,526,3271
2026-01-31,만촌초등학교앞,2393,871,3264
2026-01-31,대구보건대학교앞1,2474,767,3241
2026-01-31,월드컵삼거리앞,1320,1911,3231
2026-01-31,대구역서희스타힐스건너,1870,1360,3230
2026-01-31,보성2차홍실타운앞,2505,725,3230
2026-01-31,화원시장건너,2696,531,3227
2026-01-31,평리1동행정복지센터앞,2993,232,3225
2026-01-31,노원네거리1(오봉새마을금고앞),2551,668,3219
2026-01-31,수성태영데시앙건너,2314,905,3219
2026-01-31,성서119안전센터건너,191,3017,3208
2026-01-31,대구반도체마이스터고등학교 건너,982,2217,3199
2026-01-31,인터불고호텔건너,3058,135,3193
2026-01-31,침산남영타운건너,2120,1062,3182
2026-01-31,고성지구대1,2142,1039,3181
2026-01-31,만촌태왕리더스앞2,2724,452,3176
2026-01-31,이편한세상두류역앞,2763,413,3176
2026-01-31,수성태영데시앙앞,2579,580,3159
2026-01-31,대구연경아이파크아파트건너,2821,337,3158
2026-01-31,중앙일보앞,2886,264,3150
2026-01-31,남부자동차종합시장건너,2174,975,3149
2026-01-31,달서초교,2773,374,3147
2026-01-31,국민은행3공단지점건너,2133,1013,3146
2026-01-31,칠곡2차영남타운앞,2512,633,3145
2026-01-31,LH10단지아파트앞,1881,1252,3133
2026-01-31,칠곡부영1단지,1869,1262,3131
2026-01-31,만촌태왕리더스건너(남편),668,2459,3127
2026-01-31,대구중학교건너,1761,1360,3121
2026-01-31,상중이동행정복지센터건너,1948,1169,3117
2026-01-31,화성파크뷰앞,616,2495,3111
2026-01-31,한국로봇산업진흥원앞,1863,1246,3109
2026-01-31,효목네거리2,1097,2012,3109
2026-01-31,강서소방서앞,3027,76,3103
2026-01-31,앞산힐스테이트,2320,782,3102
2026-01-31,오페라하우스건너,2456,645,3101
2026-01-31,본리초교네거리1,2221,877,3098
2026-01-31,매천역1,1463,1625,3088
2026-01-31,연경우방아이유쉘앞,2523,564,3087
2026-01-31,대원고등학교건너,1637,1444,3081
2026-01-31,달성군보건소,2767,312,3079
2026-01-31,조일고등학교(종점),2850,226,3076
2026-01-31,정호승문학관앞(구.신천시장),2326,746,3072
2026-01-31,베네딕도수녀원건너,2946,111,3057
2026-01-31,중리롯데캐슬정문앞,2484,569,3053
2026-01-31,중리시장건너2,650,2398,3048
2026-01-31,상인제림아파트앞,1215,1827,3042
2026-01-31,우방금탑아파트(서편),72,2949,3021
2026-01-31,불교한방병원건너2,2222,792,3014
2026-01-31,보성2차홍실타운건너,2384,625,3009
2026-01-31,신천교2,2447,550,2997
2026-01-31,더샵달서센트럴아파트앞,520,2476,2996
2026-01-31,대곡공원건너,2404,591,2995
2026-01-31,퀸스로드앞,1820,1173,2993
2026-01-31,동부고교건너,1657,1335,2992
2026-01-31,매천초교(매천역)2,2501,487,2988
2026-01-31,망우당공원건너,1020,1967,2987
2026-01-31,한국도로공사앞,2926,57,2983
2026-01-31,서대구공단네거리2,1075,1907,2982
2026-01-31,경운초등학교앞,2505,462,2967
2026-01-31,두산동행정복지센터건너,1519,1443,2962
2026-01-31,이시아폴리스더샵1단지,2815,146,2961
2026-01-31,무궁화어린이공원입구,2186,774,2960
2026-01-31,옥포초등학교건너,2392,568,2960
2026-01-31,동아스포츠센터(지산중학교앞),1684,1274,2958
2026-01-31,성서동서서한타운건너,2094,864,2958
2026-01-31,팔공유치원건너,2185,770,2955
2026-01-31,상인은행아파트건너,1925,1025,2950
2026-01-31,침산중학교건너,2142,806,2948
2026-01-31,침산동화타운건너,2848,92,2940
2026-01-31,설화명곡역우방아이유쉘앞,1633,1300,2933
2026-01-31,만촌역(1번출구),1508,1423,2931
2026-01-31,본리롯데캐슬,2597,329,2926
2026-01-31,성원아파트앞,2390,529,2919
2026-01-31,노곡동,2881,32,2913
2026-01-31,한국패션센터,2772,139,2911
2026-01-31,팔레스호텔앞2,1258,1651,2909
2026-01-31,학정청아람앞,1357,1549,2906
2026-01-31,대구고용노동청앞,1648,1253,2901
2026-01-31,칠곡대백맨션건너,2817,82,2899
2026-01-31,노원동화타운앞,2004,893,2897
2026-01-31,상인한서타운앞,2402,494,2896
2026-01-31,대성유니드앞,2734,159,2893
2026-01-31,경기장네거리1,2316,576,2892
2026-01-31,월배힐스테이트건너,2746,142,2888
2026-01-31,본리도서관앞,1148,1732,2880
2026-01-31,대구테크노초등학교앞,711,2167,2878
2026-01-31,매천대교3,229,2638,2867
2026-01-31,신용보증기금앞,1458,1407,2865
2026-01-31,연경뉴웰시티아파트건너,2157,700,2857
2026-01-31,옥포무지개마을,2768,89,2857
2026-01-31,대구한의대학교부속한방병원앞,2645,198,2843
2026-01-31,달성교육지원청-대구예아람학교건너,2065,776,2841
2026-01-31,종로초등학교앞,1895,946,2841
2026-01-31,파군재삼거리1,679,2157,2836
2026-01-31,조달청앞,1920,911,2831
2026-01-31,2차대자연맨션건너,1208,1622,2830
2026-01-31,수성못건너,1562,1266,2828
2026-01-31,팔공초중학교앞,2642,185,2827
2026-01-31,동촌지구대건너,2568,257,2825
2026-01-31,수성고등학교앞,1941,881,2822
2026-01-31,칠곡3차화성타운1,2586,235,2821
2026-01-31,한국로봇산업진흥원건너,2025,794,2819
2026-01-31,칠곡청구타운앞,2660,158,2818
2026-01-31,동원초등학교남편,2256,560,2816
2026-01-31,대명사회복지관건너,1714,1100,2814
2026-01-31,노원네거리3(기업은행),2748,62,2810
2026-01-31,황금초등학교건너,1534,1274,2808
2026-01-31,검단동대구축협앞,2755,49,2804
2026-01-31,경서중학교건너,2739,63,2802
2026-01-31,도곡교1,172,2620,2792
2026-01-31,대구은행북비산지점건너2,1651,1139,2790
2026-01-31,신생원앞,2735,46,2781
2026-01-31,동침산네거리,1110,1668,2778
2026-01-31,교통연수원건너,2163,614,2777
2026-01-31,문양역건너,1577,1200,2777
2026-01-31,학남고등학교앞,1975,801,2776
2026-01-31,무태새마을금고건너,1754,1012,2766
2026-01-31,태현초등학교앞,2695,70,2765
2026-01-31,화성쌍용타운앞1,1982,781,2763
2026-01-31,한국건강관리협회건너,1902,859,2761
2026-01-31,동호육교1,992,1762,2754
2026-01-31,중동네거리,847,1903,2750
2026-01-31,송현여중고교건너,1384,1360,2744
2026-01-31,율원중학교건너,2569,175,2744
2026-01-31,수성도서관앞2,1960,763,2723
2026-01-31,상인청구타운건너,2530,188,2718
2026-01-31,새본리중학교앞,2435,277,2712
2026-01-31,명곡미래빌2단지건너,2330,380,2710
2026-01-31,동일초등학교건너,2096,613,2709
2026-01-31,이곡장미공원앞,2306,403,2709
2026-01-31,동대구초등학교앞,2356,351,2707
2026-01-31,신천교1,1598,1109,2707
2026-01-31,칠곡화성타운앞2,1900,803,2703
2026-01-31,연호동화훼단지2,2026,675,2701
2026-01-31,평리중학교건너,1694,1004,2698
2026-01-31,금복주건너,2040,652,2692
2026-01-31,달서아트센터건너,2366,320,2686
2026-01-31,동인네거리2,1112,1574,2686
2026-01-31,수성랜드2,979,1705,2684
2026-01-31,전기안전공사건너,1200,1484,2684
2026-01-31,상리공단,2183,499,2682
2026-01-31,복현오거리3,1965,709,2674
2026-01-31,신성에스앤티앞,1947,727,2674
2026-01-31,금포초등학교,2238,431,2669
2026-01-31,서재문화체육센터건너,2193,474,2667
2026-01-31,시지대성유니드앞,2263,400,2663
2026-01-31,삼호아파트앞,1391,1271,2662
2026-01-31,황금시장앞,2543,118,2661
2026-01-31,숙천초교입구건너,1949,710,2659
2026-01-31,시립희망원,1720,934,2654
2026-01-31,칠곡주공그린빌1단지앞,1808,841,2649
2026-01-31,대명6동행정복지센터앞,2323,325,2648
2026-01-31,국민은행3공단지점앞,1968,672,2640
2026-01-31,가창초등학교건너,2293,343,2636
2026-01-31,칠성꽃도매시장앞,1282,1345,2627
2026-01-31,군위버스터미널앞,2599,24,2623
2026-01-31,노원119안전센터앞,1825,795,2620
2026-01-31,첨단임상시험센터건너,2276,337,2613
2026-01-31,보성서한타운앞,2265,344,2609
2026-01-31,노원네거리(대구은행앞),2388,216,2604
2026-01-31,덕원고등학교건너,2050,547,2597
2026-01-31,위남마을,2464,132,2596
2026-01-31,방촌치안센터건너,1059,1536,2595
2026-01-31,청라국민체육센터건너,1789,798,2587
2026-01-31,율하고가교1,1730,853,2583
2026-01-31,대봉1동행정복지센터앞,1486,1089,2575
2026-01-31,만촌화성파크스위트건너,2494,81,2575
2026-01-31,강창교1(성서방향),2278,296,2574
2026-01-31,청백다례원,1837,737,2574
2026-01-31,화원시장앞,1703,870,2573
2026-01-31,연경천년나무1단지앞,2500,72,2572
2026-01-31,율원초등학교건너,421,2135,2556
2026-01-31,동원비즈플랫폼앞,2127,425,2552
2026-01-31,옥포농협건너,2270,280,2550
2026-01-31,달서시장건너,2202,344,2546
2026-01-31,서부정류장역북편2,2130,413,2543
2026-01-31,서구문화회관건너,1542,990,2532
2026-01-31,퀸스로드건너,1798,734,2532
2026-01-31,매천시장지하차도,1413,1115,2528
2026-01-31,중부소방서건너,1437,1091,2528
2026-01-31,칠곡그린빌6단지건너,1623,905,2528
2026-01-31,칠성시장(전자상가앞),1559,965,2524
2026-01-31,대덕마을건너,309,2212,2521
2026-01-31,반고개역(3번출구),1529,992,2521
2026-01-31,강북소방서건너,1040,1480,2520
2026-01-31,대구은행역(3번출구),2174,339,2513
2026-01-31,달성화성파크드림앞,1255,1255,2510
2026-01-31,서재들건너,279,2230,2509
2026-01-31,여성메디파크,715,1793,2508
2026-01-31,각산역(2번출구),234,2268,2502
2026-01-31,부영5단지,2189,312,2501
2026-01-31,앞산보성타운앞,2492,8,2500
2026-01-31,이곡장미공원건너,1568,932,2500
2026-01-31,도곡교2,2476,22,2498
2026-01-31,태왕그린힐즈앞2,2487,7,2494
2026-01-31,달구벌종합복지관건너,2208,284,2492
2026-01-31,이곡양수장앞,138,2350,2488
2026-01-31,남명삼거리1,2185,302,2487
2026-01-31,명곡미래빌5단지건너,1854,633,2487
2026-01-31,칠곡그린빌3차앞,1415,1067,2482
2026-01-31,새범어아파트앞,2117,363,2480
2026-01-31,룸비니유치원건너,2161,315,2476
2026-01-31,신세계주유소앞,850,1624,2474
2026-01-31,근로복지공단대구병원건너,390,2077,2467
2026-01-31,고산정수사업소건너,2157,309,2466
2026-01-31,동원초등학교앞,1593,865,2458
2026-01-31,진천청구타운건너,1299,1153,2452
2026-01-31,칠곡한신아파트앞2,2075,376,2451
2026-01-31,도시철도수성구청역북편2,2219,231,2450
2026-01-31,유림물산,1896,550,2446
2026-01-31,달성군민운동장앞,1793,646,2439
2026-01-31,와룡시장건너,2193,245,2438
2026-01-31,동대구역수화물취급소앞,651,1772,2423
2026-01-31,매일신문사앞,1689,733,2422
2026-01-31,우방죽전타운앞2,1929,492,2421
2026-01-31,칠곡우방타운앞(종점),2155,258,2413
2026-01-31,서부정류장역북편1,1299,1113,2412
2026-01-31,이시아폴리스롯데아울렛앞,1045,1365,2410
2026-01-31,대청초등학교건너,281,2127,2408
2026-01-31,진월초등학교앞,1184,1219,2403
2026-01-31,보병50사단앞,2068,330,2398
2026-01-31,산림조합중앙회앞,1518,875,2393
2026-01-31,대구혁신에듀포레아파트건너,2086,295,2381
2026-01-31,연경금성백조예미지앞,1473,908,2381
2026-01-31,장성초등학교앞,699,1673,2372
2026-01-31,영남네오빌앞,1655,713,2368
2026-01-31,황금2동치안센터건너,1195,1168,2363
2026-01-31,대구경찰청,1726,627,2353
2026-01-31,교항리앞,1134,1218,2352
2026-01-31,대구향교앞,1300,1051,2351
2026-01-31,동촌해성아파트앞,1039,1309,2348
2026-01-31,상수도사업본부시설관리소앞,1161,1187,2348
2026-01-31,삼성물류센터앞,68,2272,2340
2026-01-31,앞산별자리체험학습장1,2271,68,2339
2026-01-31,수성소방서2,558,1776,2334
2026-01-31,수목원풍경그린아파트건너,773,1552,2325
2026-01-31,율하롯데캐슬탑클래스건너,1163,1156,2319
2026-01-31,화원농협주유소건너,1561,751,2312
2026-01-31,농협중앙회중동지점건너,2134,175,2309
2026-01-31,신암보성아파트앞,963,1344,2307
2026-01-31,동촌유원지,1384,912,2296
2026-01-31,대천119안전센터건너,2163,132,2295
2026-01-31,방공포병학교앞,1237,1058,2295
2026-01-31,고산농협창고건너,1967,319,2286
2026-01-31,동문고등학교정문,2074,208,2282
2026-01-31,평리3동행정복지센터건너,2081,198,2279
2026-01-31,금호서한이다음아파트건너,2031,242,2273
2026-01-31,구암가구골목1,1421,848,2269
2026-01-31,신당동행정복지센터건너,1188,1081,2269
2026-01-31,이진캐스빌앞,1451,815,2266
2026-01-31,금복주앞,1622,643,2265
2026-01-31,명곡미래빌5단지앞,1634,628,2262
2026-01-31,한샘청동공원건너,1430,820,2250
2026-01-31,중앙일보건너,1243,1005,2248
2026-01-31,평리6동행정복지센터건너,1472,774,2246
2026-01-31,대덕천주교회2,1901,340,2241
2026-01-31,달성군민운동장건너,1995,243,2238
2026-01-31,구지면행정복지센터건너,2146,91,2237
2026-01-31,성서우방유쉘아파트앞,1598,638,2236
2026-01-31,상수도중남부사업소건너,1425,806,2231
2026-01-31,구암초등학교앞,2014,214,2228
2026-01-31,중리시장건너1,1706,521,2227
2026-01-31,두류공원2.28자유광장건너,1291,934,2225
2026-01-31,범어2동1,439,1779,2218
2026-01-31,율하선수촌2단지앞,2089,121,2210
2026-01-31,동서아파트앞,1766,438,2204
2026-01-31,월배중학교건너,1194,994,2188
2026-01-31,솔렌스힐앞,1540,644,2184
2026-01-31,중동교2,1501,683,2184
2026-01-31,공산초등학교앞,2129,51,2180
2026-01-31,매호1교앞,1584,596,2180
2026-01-31,유신섬유네거리2,2048,131,2179
2026-01-31,명산교(화성명산타운건너),2029,148,2177
2026-01-31,대구경북지방병무청,1464,711,2175
2026-01-31,현충삼거리2,2078,96,2174
2026-01-31,월배국민체육센터앞,2015,152,2167
2026-01-31,청구시장북편,1317,847,2164
2026-01-31,보병50사단건너,1188,973,2161
2026-01-31,함지초등학교건너,1445,712,2157
2026-01-31,율하휴먼시아8단지앞,1576,579,2155
2026-01-31,만촌1동 느지안전마을,781,1369,2150
2026-01-31,칠곡중학교건너(칠곡향교건너),717,1432,2149
2026-01-31,침산쌍용예가아파트앞,1539,594,2133
2026-01-31,상인제림아파트건너,1692,434,2126
2026-01-31,칠곡초등학교앞,2079,46,2125
2026-01-31,성서보성타운2차건너2,1965,156,2121
2026-01-31,남구종합스포츠타운건너,1475,642,2117
2026-01-31,달구벌신협앞,1778,329,2107
2026-01-31,연암네거리3,129,1977,2106
2026-01-31,연경천년나무1단지건너,1756,349,2105
2026-01-31,경기장네거리2,1811,293,2104
2026-01-31,칠곡경북대병원,1797,305,2102
2026-01-31,경희강재앞,1979,122,2101
2026-01-31,서부고등학교앞,1961,139,2100
2026-01-31,상동가압장건너,1732,364,2096
2026-01-31,대구스마트고등학교건너,1479,615,2094
2026-01-31,서동초등학교건너,1852,242,2094
2026-01-31,금호천년나무1단지동편건너,94,1989,2083
2026-01-31,화원신일해피트리앞,1268,811,2079
2026-01-31,농산물도매시장앞,1896,179,2075
2026-01-31,수성알파시티1,1269,804,2073
2026-01-31,시민교회앞,1165,904,2069
2026-01-31,경덕여고,1215,852,2067
2026-01-31,한국산업은행성서지점앞,2009,58,2067
2026-01-31,푸드웰건너,2007,57,2064
2026-01-31,칠곡한라타운건너,1990,65,2055
2026-01-31,수성알파시티청아람앞,1519,532,2051
2026-01-31,서부고등학교건너,1524,524,2048
2026-01-31,현풍할매곰탕,1716,331,2047
2026-01-31,용계삼거리3,1279,767,2046
2026-01-31,양지마을건너,1368,677,2045
2026-01-31,대구과학대학교앞,1697,343,2040
2026-01-31,대구경찰청건너,517,1520,2037
2026-01-31,대명6동행정복지센터건너,1578,458,2036
2026-01-31,상동교2,1444,591,2035
2026-01-31,덕원고등학교앞,1097,937,2034
2026-01-31,동화골든빌건너(남편),1079,945,2024
2026-01-31,평리광명맨션앞,691,1333,2024
2026-01-31,새동네아파트앞,572,1451,2023
2026-01-31,유통단지회차지,1793,229,2022
2026-01-31,상인청구타운앞,1491,529,2020
2026-01-31,안심주공2단지앞,173,1842,2015
2026-01-31,현풍농협,1830,180,2010
2026-01-31,칠곡한신아파트건너,1676,333,2009
2026-01-31,롯데캐슬그랜드,941,1056,1997
2026-01-31,성원아파트건너,1740,257,1997
2026-01-31,청라언덕(신남)역(2번출구),1346,651,1997
2026-01-31,진월초등학교건너,1440,549,1989
2026-01-31,새론초등학교앞,1237,750,1987
2026-01-31,덕원고등학교앞2,1874,109,1983
2026-01-31,은하타운건너,726,1257,1983
2026-01-31,사월보성2차앞,1650,331,1981
2026-01-31,나불지앞,1295,683,1978
2026-01-31,들안길네거리2,854,1123,1977
2026-01-31,경운초등학교건너,1317,643,1960
2026-01-31,학남고등학교건너,1558,401,1959
2026-01-31,영남네오빌비스타,635,1319,1954
2026-01-31,대명9동행정복지센터앞,1224,722,1946
2026-01-31,서부정류장(우리은행),1025,921,1946
2026-01-31,구지119안전센터건너,1737,207,1944
2026-01-31,진천역AK그랑폴리스아파트앞,1849,92,1941
2026-01-31,들안길네거리3,967,973,1940
2026-01-31,상리동종점3,1783,152,1935
2026-01-31,금계초등학교(교항리)건너,1923,6,1929
2026-01-31,대구보건대학교건너1,1516,411,1927
2026-01-31,미래아트빌앞,945,970,1915
2026-01-31,신매역(7번출구),1487,428,1915
2026-01-31,월배차량기지앞,1704,208,1912
2026-01-31,대실역청아람1단지앞,1673,238,1911
2026-01-31,이편한세상두류역건너,1321,590,1911
2026-01-31,인터불고호텔앞,1313,598,1911
2026-01-31,새범어아파트건너,1481,428,1909
2026-01-31,월배농협대덕지점건너,1240,667,1907
2026-01-31,동대구초등학교건너,1357,548,1905
2026-01-31,옥포미진이지비아,1804,93,1897
2026-01-31,두산스포츠건너,1597,297,1894
2026-01-31,역사테마공원,1876,9,1885
2026-01-31,건들바위앞,728,1154,1882
2026-01-31,한국산업은행성서지점건너,433,1449,1882
2026-01-31,이마트반야월점앞,1429,449,1878
2026-01-31,장기초등학교,1330,546,1876
2026-01-31,강북중학교건너,657,1218,1875
2026-01-31,서한이다음4차건너,1771,86,1857
2026-01-31,칠곡그린빌6단지앞,1600,255,1855
2026-01-31,달구벌종합복지관앞,1572,281,1853
2026-01-31,현대금속,995,850,1845
2026-01-31,상동시장앞,1305,535,1840
2026-01-31,화성센트럴파크,1097,742,1839
2026-01-31,호반베르디움2차건너,1792,45,1837
2026-01-31,대주기계앞,1774,61,1835
2026-01-31,산격4동행정복지센터건너,1577,256,1833
2026-01-31,보성은하타운앞,1760,72,1832
2026-01-31,LH14단지아파트,1524,306,1830
2026-01-31,평리네거리3,1026,803,1829
2026-01-31,새방지하도1,1582,245,1827
2026-01-31,그린빌4단지,637,1188,1825
2026-01-31,대구중앙중학교건너,1762,53,1815
2026-01-31,유니온머티리얼,1602,213,1815
2026-01-31,월촌초등학교앞,1352,459,1811
2026-01-31,매천성당건너1,1408,401,1809
2026-01-31,경명여고건너,1347,459,1806
2026-01-31,도남힐스테이트2단지건너,1709,92,1801
2026-01-31,율원중학교앞,1445,354,1799
2026-01-31,신성교,281,1509,1790
2026-01-31,매천성당건너2,1334,455,1789
2026-01-31,지산우방아파트,1467,319,1786
2026-01-31,칠곡3차보성타운앞,1777,8,1785
2026-01-31,신매역(3번출구),556,1222,1778
2026-01-31,효목1동행정복지센터,1068,710,1778
2026-01-31,대구연경아이파크아파트앞,1100,675,1775
2026-01-31,수성구선거관리위원회건너,1196,576,1772
2026-01-31,송정삼거리4,1071,693,1764
2026-01-31,북대구초등학교건너,1671,90,1761
2026-01-31,성지중학교건너,1138,616,1754
2026-01-31,월배중학교앞,737,1014,1751
2026-01-31,서대구KTX영무예다음앞,689,1058,1747
2026-01-31,중소기업관앞,1621,126,1747
2026-01-31,한화꿈에그린건너1,362,1383,1745
2026-01-31,대륜중고등학교앞,1236,507,1743
2026-01-31,칠곡경북대병원정문앞,1289,444,1733
2026-01-31,평리5동행정복지센터건너,559,1174,1733
2026-01-31,명곡미래빌4단지,1656,71,1727
2026-01-31,노변중학교건너,1367,349,1716
2026-01-31,한국산업단지공단앞,1500,212,1712
2026-01-31,비산6동행정복지센터건너,506,1203,1709
2026-01-31,봉덕2동새마을금고건너,1077,631,1708
2026-01-31,무태조야동행정복지센터앞3,1196,510,1706
2026-01-31,원불교앞,868,838,1706
2026-01-31,명곡미래빌3단지앞,1612,90,1702
2026-01-31,미8군후문건너,1063,638,1701
2026-01-31,서재보성타운앞,1227,471,1698
2026-01-31,다사농협주유소건너,51,1638,1689
2026-01-31,경대교앞,385,1303,1688
2026-01-31,대봉1동행정복지센터건너,1440,248,1688
2026-01-31,유천동행정복지센터건너,1322,359,1681
2026-01-31,메트로시티앞,1381,297,1678
2026-01-31,대구미술관(대구간송미술관)건너,819,857,1676
2026-01-31,미대동1,1621,53,1674
2026-01-31,대구IM뱅크PARK남편건너,1332,338,1670
2026-01-31,매천중고등학교건너,55,1615,1670
2026-01-31,사복동입구교차로,1364,305,1669
2026-01-31,학산아파트앞,989,679,1668
2026-01-31,화남초등학교건너,1122,546,1668
2026-01-31,베네딕도수녀원,690,976,1666
2026-01-31,월배쌍용예가건너,1595,71,1666
2026-01-31,고성아파트앞,1235,430,1665
2026-01-31,지산영남맨션앞,1018,646,1664
2026-01-31,백사벌네거리1,1630,29,1659
2026-01-31,범어2동2,1376,282,1658
2026-01-31,수목원호정포레스트아파트앞,478,1180,1658
2026-01-31,은하타운앞,635,1023,1658
2026-01-31,동원초등학교후문앞,643,1014,1657
2026-01-31,국민연금네거리2,1369,285,1654
2026-01-31,백안삼거리2,1600,54,1654
2026-01-31,대덕천주교회4,262,1389,1651
2026-01-31,동인네거리1,1170,479,1649
2026-01-31,만촌우방1차앞,482,1166,1648
2026-01-31,LH천년나무2단지앞,1554,93,1647
2026-01-31,동원초등학교건너,883,764,1647
2026-01-31,그린빌4단지건너,1491,148,1639
2026-01-31,봉산가구골목(서편),954,680,1634
2026-01-31,서대구역네거리2,1317,317,1634
2026-01-31,성서국민체육센터앞,1024,608,1632
2026-01-31,이현지구대앞,867,761,1628
2026-01-31,대구물류터미널앞,1387,239,1626
2026-01-31,대구과학대학교건너,1295,327,1622
2026-01-31,월촌초등학교건너,863,759,1622
2026-01-31,달성보건너,1207,414,1621
2026-01-31,법원어린이집,607,1011,1618
2026-01-31,남부도서관앞,497,1120,1617
2026-01-31,심인고등학교건너,1417,199,1616
2026-01-31,동호동건너(북구),561,1054,1615
2026-01-31,옥포농협강림지점건너,883,726,1609
2026-01-31,한국방송통신대학교건너,1173,427,1600
2026-01-31,동원초등학교후문건너,1307,291,1598
2026-01-31,명보약국건너,1322,276,1598
2026-01-31,경북크랑크,1467,129,1596
2026-01-31,월배이안아파트건너,1500,94,1594
2026-01-31,대구삼성창조캠퍼스2,466,1126,1592
2026-01-31,불교한방병원앞1,1432,157,1589
2026-01-31,두류3동파출소건너,1385,198,1583
2026-01-31,남도버스1,1560,22,1582
2026-01-31,달성경찰서,1233,347,1580
2026-01-31,대구IM뱅크PARK남편앞,1167,412,1579
2026-01-31,국가산단반도유보라3차앞,903,675,1578
2026-01-31,무태조야동연경분소1,1374,201,1575
2026-01-31,달서시장앞,1041,529,1570
2026-01-31,수성구선거관리위원회앞,1348,221,1569
2026-01-31,파군재삼거리2,201,1368,1569
2026-01-31,경희강재건너,634,916,1550
2026-01-31,노변중학교,1178,372,1550
2026-01-31,대덕초등학교,1464,78,1542
2026-01-31,범어천로2,848,693,1541
2026-01-31,대곡주공5단지건너,1419,116,1535
2026-01-31,대구삼성창조캠퍼스1,1133,401,1534
2026-01-31,성광고등학교앞,67,1459,1526
2026-01-31,룸비니유치원앞,1061,462,1523
2026-01-31,대곡공원앞,1285,236,1521
2026-01-31,연경동화아이위시앞,84,1435,1519
2026-01-31,태왕그린힐즈건너,575,944,1519
2026-01-31,한국산업인력공단건너,1432,86,1518
2026-01-31,미곡동2,1459,56,1515
2026-01-31,무태조야동연경분소2,1085,429,1514
2026-01-31,칠곡네스빌,1304,210,1514
2026-01-31,구암역(운전면허시험장)2,1033,479,1512
2026-01-31,달서자동차검사소건너,212,1300,1512
2026-01-31,신암건영캐스빌아파트,1399,113,1512
2026-01-31,수성랜드앞,640,863,1503
2026-01-31,수성4가동행정복지센터앞,844,654,1498
2026-01-31,군위군 행정복지센터,1463,33,1496
2026-01-31,동아제약건너,1422,74,1496
2026-01-31,남부자동차종합시장앞,1039,451,1490
2026-01-31,만촌화성파크스위트앞,924,565,1489
2026-01-31,금사리하이빌APT건너,1365,122,1487
2026-01-31,현풍백년도깨비시장앞,1233,254,1487
2026-01-31,비산웰빙하와이앞,1297,186,1483
2026-01-31,차량등록사업소건너2,239,1230,1469
2026-01-31,국가산단반도유보라1차,488,979,1467
2026-01-31,논공읍행정복지센터건너1,1265,202,1467
2026-01-31,대동금속건너,1426,39,1465
2026-01-31,대구스마트고등학교4,1422,41,1463
2026-01-31,화원유원지(사문진주막촌),1373,89,1462
2026-01-31,대구보건대학교앞2,356,1104,1460
2026-01-31,농협방촌지점,1207,250,1457
2026-01-31,강동중·고등학교건너,1448,3,1451
2026-01-31,매천센트럴파크앞,1215,236,1451
2026-01-31,은행APT입구,424,1026,1450
2026-01-31,만촌태왕리더스북편,872,571,1443
2026-01-31,상리공단건너,1330,112,1442
2026-01-31,시지대성유니드건너,1278,159,1437
2026-01-31,혁신이노힐즈아파트앞,1351,85,1436
2026-01-31,월드컵삼거리,868,560,1428
2026-01-31,관음농협앞,1285,136,1421
2026-01-31,북대구초등학교앞,699,717,1416
2026-01-31,새방지하도2,1263,152,1415
2026-01-31,충혼탑앞,338,1074,1412
2026-01-31,호반베르디움2차앞,205,1206,1411
2026-01-31,지묘초등학교건너,1155,254,1409
2026-01-31,무태교,8,1399,1407
2026-01-31,매곡초등학교앞,1120,282,1402
2026-01-31,장관빌라건너,1296,104,1400
2026-01-31,한마음주유소앞,1118,282,1400
2026-01-31,삼호아파트건너,918,480,1398
2026-01-31,차량등록사업소건너1,959,438,1397
2026-01-31,전기재료관1,803,593,1396
2026-01-31,대덕천주교회1,1024,370,1394
2026-01-31,지산화성파크드림,1099,295,1394
2026-01-31,범어천로1,950,443,1393
2026-01-31,한라하우젠트,308,1083,1391
2026-01-31,상리동입구2,1344,44,1388
2026-01-31,대천공영차고지앞,1310,76,1386
2026-01-31,장태실마을건너,1060,321,1381
2026-01-31,e-편한세상월배건너,1279,100,1379
2026-01-31,와룡공원앞,1052,327,1379
2026-01-31,무열대앞,730,648,1378
2026-01-31,와룡공원건너,393,981,1374
2026-01-31,현풍고속도로밑,1312,62,1374
2026-01-31,매천수산시장앞,1217,156,1373
2026-01-31,칠곡경북대병원후문앞,1367,5,1372
2026-01-31,씨아이에스,38,1329,1367
2026-01-31,군위등기소,1272,93,1365
2026-01-31,새론중학교앞,1215,148,1363
2026-01-31,혁신이노힐즈아파트건너,356,1007,1363
2026-01-31,팔공보성아파트건너,796,564,1360
2026-01-31,만촌태왕리더스건너,1001,356,1357
2026-01-31,가창초등학교앞,1312,43,1355
2026-01-31,복현현대맨션건너,1207,146,1353
2026-01-31,희망교2,1008,344,1352
2026-01-31,도남힐스테이트4단지앞,532,818,1350
2026-01-31,화동초등학교건너,934,416,1350
2026-01-31,더샵수성라크에르아파트앞,1030,311,1341
2026-01-31,덕인초등학교건너,708,630,1338
2026-01-31,예미지건너,1106,228,1334
2026-01-31,신평동1,498,828,1326
2026-01-31,중대1동회관앞,1323,2,1325
2026-01-31,칠곡서한맨션,1198,121,1319
2026-01-31,송현공원앞,506,809,1315
2026-01-31,차천네거리2,1204,111,1315
2026-01-31,월배이안아파트앞,408,904,1312
2026-01-31,대곡중학교앞,1291,20,1311
2026-01-31,풍국주정공업,1110,201,1311
2026-01-31,남부초등학교건너,1266,42,1308
2026-01-31,매곡사거리1,198,1109,1307
2026-01-31,용계삼거리4,910,395,1305
2026-01-31,지산중학교입구,785,518,1303
2026-01-31,이월드(구.우방랜드)건너,1089,211,1300
2026-01-31,한국제지건너,865,428,1293
2026-01-31,북부상수도사업소,132,1159,1291
2026-01-31,평리5동행정복지센터앞,927,361,1288
2026-01-31,동대구역수화물취급소건너,1007,279,1286
2026-01-31,다사읍행정복지센터서재출장소건너,1203,82,1285
2026-01-31,대구선방촌공원,1157,128,1285
2026-01-31,무림제지건너,935,350,1285
2026-01-31,미8군후문앞,945,339,1284
2026-01-31,매곡초등학교건너,869,412,1281
2026-01-31,성명119안전센터앞,1079,202,1281
2026-01-31,대명중학교앞,1222,58,1280
2026-01-31,냉천전원음식점지구,1135,144,1279
2026-01-31,청운맨션앞,496,778,1274
2026-01-31,봉명네거리3,903,367,1270
2026-01-31,월성영남맨션앞,893,376,1269
2026-01-31,대구농업마이스터고후문건너,394,873,1267
2026-01-31,중동행정복지센터앞,1052,214,1266
2026-01-31,약사회관앞,1118,146,1264
2026-01-31,한국방송통신대학교앞,571,693,1264
2026-01-31,한마음주유소건너,929,335,1264
2026-01-31,논공삼거리2,735,523,1258
2026-01-31,소선여중앞,119,1138,1257
2026-01-31,경서중학교앞,290,960,1250
2026-01-31,금포초등학교건너,890,355,1245
2026-01-31,상서고등학교건너,1083,159,1242
2026-01-31,이곡역(3번출구),377,864,1241
2026-01-31,칠곡대백맨션앞,343,896,1239
2026-01-31,칠곡서한맨션앞,162,1075,1237
2026-01-31,불로화훼단지앞,237,998,1235
2026-01-31,두리봉터널입구건너,1118,116,1234
2026-01-31,신서롯데캐슬레전드서편건너,27,1207,1234
2026-01-31,청구시장건너2,547,687,1234
2026-01-31,농산물도매시장건너,978,255,1233
2026-01-31,경창산업,918,314,1232
2026-01-31,검단동행정복지센터건너,1205,25,1230
2026-01-31,신매태성아파트,67,1159,1226
2026-01-31,희망교1,1085,138,1223
2026-01-31,도시철도대구역건너,992,228,1220
2026-01-31,정평성당건너,983,237,1220
2026-01-31,삼보,823,394,1217
2026-01-31,도동청구타운앞,1127,85,1212
2026-01-31,공산동행정복지센터건너,562,641,1203
2026-01-31,송정2교,142,1061,1203
2026-01-31,중동행정복지센터건너,921,281,1202
2026-01-31,대구신문사,152,1049,1201
2026-01-31,선녀곡앞(옥포),44,1157,1201
2026-01-31,화성쌍용타운앞2,132,1069,1201
2026-01-31,논공삼거리1,1166,34,1200
2026-01-31,팔공초중학교건너,741,458,1199
2026-01-31,대구시지노인전문병원앞,549,647,1196
2026-01-31,남명삼거리2,802,392,1194
2026-01-31,옥포농협앞,1085,104,1189
2026-01-31,교동초등학교앞,979,202,1181
2026-01-31,성보교통건너,882,297,1179
2026-01-31,신서롯데캐슬레전드서편앞,943,235,1178
2026-01-31,정부대구지방합동청사후문2,1147,30,1177
2026-01-31,칠곡경북대병원정문건너,972,205,1177
2026-01-31,강창교2(다사방향),287,887,1174
2026-01-31,앞산자락카페마실앞,679,495,1174
2026-01-31,담티고개1,372,797,1169
2026-01-31,새론중학교건너,562,606,1168
2026-01-31,시지보성타운2차앞,967,198,1165
2026-01-31,동대구LPG충전소건너,903,258,1161
2026-01-31,성명119안전센터건너2,765,396,1161
2026-01-31,대구경북지방중소벤처기업청앞,1096,62,1158
2026-01-31,비산초등학교정문,496,659,1155
2026-01-31,봉촌1리1,1148,4,1152
2026-01-31,송현2동행정복지센터건너,774,377,1151
2026-01-31,성곡중학교건너,396,751,1147
2026-01-31,성당초교앞,582,565,1147
2026-01-31,청구중동아파트,420,724,1144
2026-01-31,위생처리장2,148,995,1143
2026-01-31,침산초등학교앞,262,879,1141
2026-01-31,담티고개2,486,649,1135
2026-01-31,삼산리(삼산교회건너),1132,2,1134
2026-01-31,세흥에스피,697,434,1131
2026-01-31,상수도중남부사업소앞,564,566,1130
2026-01-31,동화교2,1123,6,1129
2026-01-31,덕인초등학교앞,860,267,1127
2026-01-31,성서2차서한타운2,277,850,1127
2026-01-31,삼리리1(논공),1073,52,1125
2026-01-31,포산중학교건너,1111,12,1123
2026-01-31,보성기계건너,1057,62,1119
2026-01-31,달성습지·대명유수지건너,229,888,1117
2026-01-31,대천119안전센터앞,808,309,1117
2026-01-31,만촌그린빌라건너,1036,81,1117
2026-01-31,동촌역(2번출구),769,345,1114
2026-01-31,KT북대구지사건너,760,353,1113
2026-01-31,대덕문화전당건너,1031,81,1112
2026-01-31,제일풍경채센트럴앞,1098,11,1109
2026-01-31,화성전문요양원앞,697,412,1109
2026-01-31,매천고교,952,156,1108
2026-01-31,노변청구타운건너,805,300,1105
2026-01-31,중리마을,1102,3,1105
2026-01-31,관음공영주차장앞,975,122,1097
2026-01-31,성서한샘타운앞,945,152,1097
2026-01-31,동화사입구앞,16,1079,1095
2026-01-31,제일규산,938,157,1095
2026-01-31,논공읍행정복지센터앞,1007,85,1092
2026-01-31,무림제지앞1,738,354,1092
2026-01-31,대구동촌유치원,841,250,1091
2026-01-31,도남힐스테이트1단지건너,1030,58,1088
2026-01-31,남구청건너1,1026,58,1084
2026-01-31,한국타이어,163,920,1083
2026-01-31,대구미술관(대구간송미술관)앞,696,386,1082
2026-01-31,태왕그린힐즈앞1,206,876,1082
2026-01-31,구지면행정복지센터앞,203,877,1080
2026-01-31,대구스타디움앞,475,605,1080
2026-01-31,대구중앙중학교앞,339,740,1079
2026-01-31,그린빌4단지앞,660,418,1078
2026-01-31,동원중학교,652,426,1078
2026-01-31,매천시장역1,772,306,1078
2026-01-31,태전중석타운,873,205,1078
2026-01-31,달성군청건너,1027,50,1077
2026-01-31,동대구역센트럴시티자이아파트,886,184,1070
2026-01-31,서한이다음2차건너,208,857,1065
2026-01-31,관음어린이집,912,152,1064
2026-01-31,내일교회앞,1008,56,1064
2026-01-31,달성군청앞,833,230,1063
2026-01-31,본리2,831,232,1063
2026-01-31,동서변월드메르디앙아파트정문,267,793,1060
2026-01-31,구암가구골목2,701,357,1058
2026-01-31,성곡중학교앞,918,140,1058
2026-01-31,칠곡경대병원역,747,310,1057
2026-01-31,청남타운앞,228,828,1056
2026-01-31,월배국민체육센터건너,301,745,1046
2026-01-31,중리삼거리2,1039,7,1046
2026-01-31,대구혁신에듀포레아파트후문앞,281,763,1044
2026-01-31,각산비나리공원건너,927,115,1042
2026-01-31,포산고등학교1,868,170,1038
2026-01-31,유신섬유네거리1,856,178,1034
2026-01-31,침산초등학교후문,953,81,1034
2026-01-31,대구물류터미널건너,549,484,1033
2026-01-31,구암초등학교건너,675,353,1028
2026-01-31,동구시장건너,75,953,1028
2026-01-31,관음동행정복지센터앞,896,130,1026
2026-01-31,대구국제고등학교앞,956,67,1023
2026-01-31,포산서사거리1,963,59,1022
2026-01-31,칠곡3차화성타운3,478,543,1021
2026-01-31,경대교건너,852,163,1015
2026-01-31,대구혁신에듀포레아파트앞,863,148,1011
2026-01-31,안심도서관1(서편),880,131,1011
2026-01-31,에코테마파크대구숲남문앞,20,991,1011
2026-01-31,솔정고개1,519,491,1010
2026-01-31,율하체육공원앞,666,344,1010
2026-01-31,무태조야동연경분소3,960,48,1008
2026-01-31,앞산빨래터공원,910,98,1008
2026-01-31,남구청앞,331,675,1006
2026-01-31,경북대학교체육센터건너2,580,425,1005
2026-01-31,조암네거리1,800,205,1005
2026-01-31,대구스타디움건너,612,388,1000
2026-01-31,송정삼거리2,193,807,1000
2026-01-31,화성파크드림이스트밸리아파트,833,166,999
2026-01-31,국가산단서한이다음건너,155,840,995
2026-01-31,명곡지구앞,539,456,995
2026-01-31,금사리하이빌APT앞,597,396,993
2026-01-31,우방신세계타운앞,803,188,991
2026-01-31,대구반도체마이스터고등학교 남편,493,494,987
2026-01-31,이곡역(2번출구),956,28,984
2026-01-31,강동초교건너,972,10,982
2026-01-31,노변청구타운앞,694,275,969
2026-01-31,나불지건너,824,130,954
2026-01-31,원대오거리북편2,574,380,954
2026-01-31,한실공원앞,895,55,950
2026-01-31,한실공원건너,843,104,947
2026-01-31,관음동행정복지센터건너,751,192,943
2026-01-31,효령문화센터,904,36,940
2026-01-31,관음변전소2,198,741,939
2026-01-31,대구지방법원서부지원,565,373,938
2026-01-31,관음변전소3,915,22,937
2026-01-31,청남타운건너,698,237,935
2026-01-31,두류3동파출소앞,660,272,932
2026-01-31,대구역꽃시장,214,717,931
2026-01-31,범물2동행정복지센터앞,63,868,931
2026-01-31,냉천리1,890,40,930
2026-01-31,e편한세상대구금호앞,259,670,929
2026-01-31,사복동입구교차로건너,13,915,928
2026-01-31,수성소방서1,330,596,926
2026-01-31,이월드(구.우방랜드)앞,709,216,925
2026-01-31,안심도서관2(서편),452,469,921
2026-01-31,화성그랜드건너,396,525,921
2026-01-31,불로화훼단지건너,647,273,920
2026-01-31,불교한방병원건너1,438,481,919
2026-01-31,남구청네거리2,781,137,918
2026-01-31,달성습지·대명유수지앞,138,779,917
2026-01-31,북대구농협검단지점앞,35,880,915
2026-01-31,대곡주공5단지앞,161,751,912
2026-01-31,봉무공원건너,518,392,910
2026-01-31,중동서울아파트앞,857,53,910
2026-01-31,칠곡우방타운건너(종점),715,193,908
2026-01-31,수성동삼익맨션앞,839,64,903
2026-01-31,매천수산시장건너,713,186,899
2026-01-31,수성요양병원,745,151,896
2026-01-31,성산초등학교앞,648,245,893
2026-01-31,대구택시협동조합앞,629,263,892
2026-01-31,달성군민체육관건너,556,334,890
2026-01-31,우록리(종점),828,62,890
2026-01-31,매천화성파크드림,715,173,888
2026-01-31,앞산별자리체험학습장2,55,832,887
2026-01-31,농협동촌지점,550,333,883
2026-01-31,공산댐건너,821,60,881
2026-01-31,장산초등학교앞,698,182,880
2026-01-31,럭키아파트앞,814,65,879
2026-01-31,칠곡한라타운앞,158,719,877
2026-01-31,태전휴먼시아,742,134,876
2026-01-31,부영7단지건너,719,154,873
2026-01-31,대천초등학교앞,755,117,872
2026-01-31,이노밸리로1,564,308,872
2026-01-31,평안,636,236,872
2026-01-31,현풍중고등학교,633,237,870
2026-01-31,연화리,797,72,869
2026-01-31,우방송현하이츠,700,169,869
2026-01-31,대구택시협동조합건너,553,315,868
2026-01-31,교대부설초등학교앞,75,792,867
2026-01-31,우보버스정류장,766,96,862
2026-01-31,대곡청구아파트앞,546,314,860
2026-01-31,안지랑골입구,344,514,858
2026-01-31,학남초등학교앞,630,228,858
2026-01-31,두류공원(야외음악당건너),739,117,856
2026-01-31,인산마을건너,846,2,848
2026-01-31,스파밸리1,144,702,846
2026-01-31,북구 동호동(종점)2(서리지입구),728,117,845
2026-01-31,관음중학교(북편),697,147,844
2026-01-31,달구벌신협건너,722,117,839
2026-01-31,현풍주공아파트앞,573,257,830
2026-01-31,노원동화타운건너,429,400,829
2026-01-31,수성못오거리5,365,464,829
2026-01-31,삼산리(세왕교통1),826,2,828
2026-01-31,LH천년나무2단지건너,521,301,822
2026-01-31,중소기업관건너,27,795,822
2026-01-31,홍천사건너,801,19,820
2026-01-31,골안골지하보도앞,59,757,816
2026-01-31,죽곡푸르지오2단지2,648,161,809
2026-01-31,첨단의료산업진흥재단건너,714,93,807
2026-01-31,성서초등학교앞,10,796,806
2026-01-31,예미지앞,719,85,804
2026-01-31,국민건강보험공단달성고령지사건너,692,111,803
2026-01-31,칠곡청구타운건너,266,535,801
2026-01-31,비원지구대건너,608,189,797
2026-01-31,방촌빌라,207,589,796
2026-01-31,도시철도대구역,243,552,795
2026-01-31,평리광명네거리,133,658,791
2026-01-31,월곡네거리,144,646,790
2026-01-31,신천초등학교건너,402,387,789
2026-01-31,백안교2,742,46,788
2026-01-31,삼성한국형아파트건너,772,16,788
2026-01-31,무태조야동행정복지센터건너3,676,107,783
2026-01-31,화성그랜드앞,527,254,781
2026-01-31,봉덕2동새마을금고앞,415,363,778
2026-01-31,화동초등학교앞,650,128,778
2026-01-31,성요셉요양병원앞,504,272,776
2026-01-31,첨단의료산업진흥재단앞,188,588,776
2026-01-31,대덕마을앞,349,424,773
2026-01-31,수성랜드건너,522,250,772
2026-01-31,서대구공단네거리1,657,114,771
2026-01-31,태전교회앞,583,187,770
2026-01-31,한국도로공사건너,189,581,770
2026-01-31,남부초등학교앞,478,291,769
2026-01-31,성주사앞,465,302,767
2026-01-31,대구보건대학교5,470,289,759
2026-01-31,월배힐스테이트앞,235,523,758
2026-01-31,구지축구장앞,737,19,756
2026-01-31,영조아파트앞,747,6,753
2026-01-31,다사읍행정복지센터앞,170,580,750
2026-01-31,명보약국앞,233,517,750
2026-01-31,대주기계 건너,407,342,749
2026-01-31,매호성당앞,642,106,748
2026-01-31,송현공원건너,216,532,748
2026-01-31,침산동화타운앞,337,411,748
2026-01-31,달성군선거관리위원회앞,67,678,745
2026-01-31,청운맨션건너,373,372,745
2026-01-31,태전두성3차앞,709,36,745
2026-01-31,두류공원(야외음악당앞),532,212,744
2026-01-31,삼성한국형아파트앞,93,651,744
2026-01-31,도남8,10,733,743
2026-01-31,대구세명학교건너,430,308,738
2026-01-31,달성삼환나우빌앞,625,112,737
2026-01-31,이마트반야월점건너,428,308,736
2026-01-31,운암지공원2,535,199,734
2026-01-31,대구북부소방서건너,493,237,730
2026-01-31,의흥면 행정복지센터,714,16,730
2026-01-31,대1리용흥지앞,71,658,729
2026-01-31,달성초등학교건너,476,252,728
2026-01-31,창평1리,707,21,728
2026-01-31,약사회관건너,389,336,725
2026-01-31,만평네거리2,94,629,723
2026-01-31,월촌역(4번출구),570,153,723
2026-01-31,공작한양아파트앞,681,41,722
2026-01-31,옥포중앙교회건너,717,5,722
2026-01-31,위천삼거리(현풍방향),584,138,722
2026-01-31,첨단임상시험센터앞,188,533,721
2026-01-31,경원고등학교건너,564,156,720
2026-01-31,상리동종점2,716,4,720
2026-01-31,고래들공원건너,656,63,719
2026-01-31,남산2동행정복지센터앞,573,144,717
2026-01-31,덕곡삼거리2,715,2,717
2026-01-31,서문시장5지구앞,555,162,717
2026-01-31,복현현대맨션앞,520,191,711
2026-01-31,비슬초등학교건너,660,51,711
2026-01-31,진정마을1,708,3,711
2026-01-31,한세모빌리티앞,414,296,710
2026-01-31,월배차량기지건너,171,538,709
2026-01-31,이노밸리로2,370,337,707
2026-01-31,코스모스한양아파트앞,371,334,705
2026-01-31,한국부동산원앞,404,301,705
2026-01-31,가창중학교건너,699,4,703
2026-01-31,한국가스공사건너,516,187,703
2026-01-31,현풍중고등학교건너,588,115,703
2026-01-31,태성맨션건너,153,543,696
2026-01-31,동촌해성아파트건너,201,494,695
2026-01-31,도남힐스테이트2단지앞,405,289,694
2026-01-31,수정맨션앞,534,156,690
2026-01-31,성서푸른마을아파트앞,434,254,688
2026-01-31,용계동2,569,119,688
2026-01-31,선돌교2,568,117,685
2026-01-31,노원네거리4(기업은행),66,618,684
2026-01-31,신서그린빌아파트,556,128,684
2026-01-31,부영7단지앞,596,85,681
2026-01-31,현풍백년도깨비시장건너,466,213,679
2026-01-31,신매역(6번출구),560,118,678
2026-01-31,에코테마파크대구숲앞,369,309,678
2026-01-31,칠성고가도로하단,593,85,678
2026-01-31,학산아파트건너,554,124,678
2026-01-31,경원고등학교앞,532,145,677
2026-01-31,안심역코오롱하늘채앞,160,515,675
2026-01-31,달서구새마을회앞,24,648,672
2026-01-31,본리1리동회관건너,451,221,672
2026-01-31,봉덕시장건너2,427,244,671
2026-01-31,매호동서아파트앞,569,99,668
2026-01-31,대구상원초등학교앞,522,145,667
2026-01-31,신생원건너,13,653,666
2026-01-31,구암동1,625,38,663
2026-01-31,포산고등학교2,432,231,663
2026-01-31,위천1리건너,539,123,662
2026-01-31,1차서한화성타운앞,526,134,660
2026-01-31,비산6동행정복지센터앞,525,134,659
2026-01-31,칠성시장(농협앞),491,166,657
2026-01-31,대곡고등학교앞,236,420,656
2026-01-31,매호성당건너,541,115,656
2026-01-31,신서성당앞,8,647,655
2026-01-31,만촌삼정그린코아건너,626,28,654
2026-01-31,검단동행정복지센터앞,2,651,653
2026-01-31,기업은행국가산단지점건너,610,43,653
2026-01-31,전기재료관2,117,536,653
2026-01-31,상서고등학교앞,417,235,652
2026-01-31,금포새터길1,627,24,651
2026-01-31,지묘초등학교앞,525,124,649
2026-01-31,봉명네거리1,340,305,645
2026-01-31,평화씨엠비건너,571,72,643
2026-01-31,대진중고등학교앞,546,96,642
2026-01-31,원대동행정복지센터건너,484,158,642
2026-01-31,상인역모아엘가파크뷰아파트앞,140,500,640
2026-01-31,신평동2,483,157,640
2026-01-31,태전삼성아파트,496,144,640
2026-01-31,K2관사입구(종점),575,64,639
2026-01-31,파계교,339,299,638
2026-01-31,방천리1,30,606,636
2026-01-31,한국교육학술정보원앞,36,600,636
2026-01-31,교동초등학교건너,512,120,632
2026-01-31,대구텍건너,385,243,628
2026-01-31,두류파출소건너,472,155,627
2026-01-31,현풍주공아파트,375,252,627
2026-01-31,서대구역네거리1,337,287,624
2026-01-31,관문동행정복지센터 금호분소앞,212,411,623
2026-01-31,군위공용버스터미널,599,23,622
2026-01-31,대성유니드건너,430,190,620
2026-01-31,도학동,613,7,620
2026-01-31,심인고등학교앞,361,254,615
2026-01-31,연경체육공원건너,198,417,615
2026-01-31,대구선방촌공원남편,149,465,614
2026-01-31,호산초등학교앞,42,571,613
2026-01-31,황금시장건너,381,231,612
2026-01-31,용산역(1번출구),230,381,611
2026-01-31,아바코앞,471,138,609
2026-01-31,대1리용흥지건너,574,33,607
2026-01-31,대신동광명맨션앞,450,153,603
2026-01-31,달성초등학교앞,472,129,601
2026-01-31,성요셉요양병원건너,541,60,601
2026-01-31,태전우방타운3차아파트,506,94,600
2026-01-31,현충삼거리1,37,562,599
2026-01-31,도남힐스테이트1단지앞,320,277,597
2026-01-31,한국가스공사앞,337,260,597
2026-01-31,대곡파출소1,123,473,596
2026-01-31,대구스마트고등학교3,284,312,596
2026-01-31,상인화성파크드림건너,352,241,593
2026-01-31,도동교1,573,19,592
2026-01-31,한국로봇산업진흥원후문앞,429,163,592
2026-01-31,도평동입구1,399,191,590
2026-01-31,동문고등학교앞,325,265,590
2026-01-31,화성쌍용타운건너,542,48,590
2026-01-31,칠곡경북대병원건너(50사단),204,385,589
2026-01-31,대곡파출소2,391,195,586
2026-01-31,조야초등학교건너,537,49,586
2026-01-31,국가물산업클러스터앞,535,48,583
2026-01-31,동곡초등학교건너,576,7,583
2026-01-31,한국산업인력공단앞,34,548,582
2026-01-31,금포교,486,95,581
2026-01-31,대구역서희스타힐스앞,230,350,580
2026-01-31,동아제약,265,315,580
2026-01-31,금포1교1,537,42,579
2026-01-31,평화씨엠비앞,218,360,578
2026-01-31,노원네거리(대구은행건너),312,265,577
2026-01-31,삼리2교차로 1,497,78,575
2026-01-31,태평상가앞2,94,481,575
2026-01-31,신천초등학교앞,305,269,574
2026-01-31,창리교차로2,342,232,574
2026-01-31,창리교차로1,519,54,573
2026-01-31,삼우섬유앞,523,49,572
2026-01-31,상동마을(둔산길),556,13,569
2026-01-31,유곡공원건너,563,3,566
2026-01-31,새동네아파트건너,430,134,564
2026-01-31,대동금속앞,306,257,563
2026-01-31,이시아폴리스롯데아울렛건너,239,324,563
2026-01-31,다사읍행정복지센터서재출장소앞,272,290,562
2026-01-31,이곡마을2,534,26,560
2026-01-31,남산고등학교앞,380,178,558
2026-01-31,서재들,282,276,558
2026-01-31,도남LH2단지아파트건너,515,42,557
2026-01-31,월배쌍용예가앞,244,313,557
2026-01-31,송정삼거리1,353,203,556
2026-01-31,바른병원건너,299,256,555
2026-01-31,대구교도소건너,550,4,554
2026-01-31,경북농업기술원건너,184,368,552
2026-01-31,어린이세상건너2,123,428,551
2026-01-31,삼리1리2,509,41,550
2026-01-31,장태실마을앞,361,189,550
2026-01-31,육상진흥센터앞,312,234,546
2026-01-31,팔달초등학교,426,119,545
2026-01-31,현풍운전시험장,489,55,544
2026-01-31,만촌자이르네앞,511,32,543
2026-01-31,앞산궁도장건너,273,270,543
2026-01-31,달성기와건너,304,238,542
2026-01-31,혁신2근린공원,487,55,542
2026-01-31,대덕초등학교건너,101,439,540
2026-01-31,위생처리장1,360,180,540
2026-01-31,옥포무지개마을앞,320,219,539
2026-01-31,능성동입구건너,536,2,538
2026-01-31,두류파출소앞,299,239,538
2026-01-31,장산초등학교건너,466,71,537
2026-01-31,조암네거리2,228,309,537
2026-01-31,부동,484,52,536
2026-01-31,경북농업기술원입구,462,73,535
2026-01-31,두리봉터널종점,161,372,533
2026-01-31,차천네거리1,365,163,528
2026-01-31,현풍할매곰탕건너,193,335,528
2026-01-31,㈜윔스건너,170,357,527
2026-01-31,용금공단앞,526,1,527
2026-01-31,군위군청,503,23,526
2026-01-31,대림생수,506,18,524
2026-01-31,매곡(종점),372,152,524
2026-01-31,국가물산업클러스터건너,15,508,523
2026-01-31,칠곡IC 1,57,466,523
2026-01-31,금호지구종점(시내방향),516,6,522
2026-01-31,매천시장역2,385,136,521
2026-01-31,용산역(6번출구),66,455,521
2026-01-31,동대구LPG충전소앞,336,183,519
2026-01-31,미곡동1,113,405,518
2026-01-31,삼환맨션,313,204,517
2026-01-31,의흥면 행정복지센터,485,31,516
2026-01-31,삼리리2(논공),335,178,513
2026-01-31,대동정공,453,59,512
2026-01-31,성보교통앞,501,10,511
2026-01-31,태전육교2,250,255,505
2026-01-31,대서초등학교앞,303,200,503
2026-01-31,대구경북지방중소벤처기업청건너,348,154,502
2026-01-31,운암지공원1,278,221,499
2026-01-31,한양수정아파트,354,143,497
2026-01-31,달서별빛캠핑장건너,368,128,496
2026-01-31,금호119안전센터건너,466,29,495
2026-01-31,군위버스터미널건너,49,445,494
2026-01-31,상동천주교회건너,123,370,493
2026-01-31,스틸웨이,393,98,491
2026-01-31,서당마을건너,433,56,489
2026-01-31,태전두성타운앞,114,375,489
2026-01-31,상원리(마을회관)1,485,2,487
2026-01-31,삼덕동1,6,480,486
2026-01-31,협성휴포레강북앞,333,150,483
2026-01-31,한국생산기술연구원앞,448,34,482
2026-01-31,e-편한세상월배앞,238,243,481
2026-01-31,효령면 행정복지센터,356,124,480
2026-01-31,가창119안전센터,427,50,477
2026-01-31,삼산리(세왕교통2),404,69,473
2026-01-31,대명중학교건너,70,402,472
2026-01-31,성서공단물류센터,430,41,471
2026-01-31,금계초등학교(교항리),391,79,470
2026-01-31,대진중고등학교건너,301,169,470
2026-01-31,국립대구과학관앞,344,125,469
2026-01-31,방짜유기박물관건너,458,9,467
2026-01-31,단산리(종점),460,1,461
2026-01-31,만촌천주교회앞,188,272,460
2026-01-31,산격119안전센터(엑스코),94,366,460
2026-01-31,신덕마을입구앞,415,45,460
2026-01-31,남산고등학교건너,350,108,458
2026-01-31,대율1리,439,16,455
2026-01-31,도시관리본부앞,257,198,455
2026-01-31,한국제지앞,127,327,454
2026-01-31,진밭골(종점)2,406,47,453
2026-01-31,삼성공원아파트앞,288,164,452
2026-01-31,장관빌라앞,143,309,452
2026-01-31,월촌고가교2,376,75,451
2026-01-31,포산중학교앞,159,290,449
2026-01-31,성산리2,432,15,447
2026-01-31,매천대교1,220,224,444
2026-01-31,수성구리틀야구장앞,280,164,444
2026-01-31,내일교회건너,361,82,443
2026-01-31,럭키아파트건너,188,255,443
2026-01-31,우방아파트삼거리,169,273,442
2026-01-31,두리봉터널입구,328,113,441
2026-01-31,앞산공원관리사무소앞,31,406,437
2026-01-31,칠곡초등학교건너,61,375,436
2026-01-31,중소기업지원센터,275,160,435
2026-01-31,선돌교1,333,99,432
2026-01-31,앞산태왕아너스건너,42,390,432
2026-01-31,상인화성파크드림앞,209,222,431
2026-01-31,신서화성파크드림아파트,197,230,427
2026-01-31,창평1리,310,117,427
2026-01-31,성서협업단지앞,340,86,426
2026-01-31,한국클래드텍건너,418,8,426
2026-01-31,상동교1,210,215,425
2026-01-31,앞산공원관리사무소건너,370,53,423
2026-01-31,범물우방미진하이츠앞,16,406,422
2026-01-31,유곡리공영차고지건너,331,91,422
2026-01-31,동호동앞(북구),35,386,421
2026-01-31,베어산업앞,352,69,421
2026-01-31,비원지구대앞,184,237,421
2026-01-31,신당리,406,15,421
2026-01-31,비슬초등학교앞,195,224,419
2026-01-31,동천역2,333,84,417
2026-01-31,포산고사거리,191,225,416
2026-01-31,대실역(3번출구남쪽),52,361,413
2026-01-31,새론중학교남편1,284,129,413
2026-01-31,성서협업단지건너,357,53,410
2026-01-31,송해공원건너,403,7,410
2026-01-31,국우초등학교앞,104,304,408
2026-01-31,푸드웰앞,25,383,408
2026-01-31,대구한의대병원역,320,87,407
2026-01-31,매일신문사건너,196,211,407
2026-01-31,대천초등학교건너,262,139,401
2026-01-31,우방송현하이츠건너,354,47,401
2026-01-31,한국한의학연구원앞,28,372,400
2026-01-31,대리마을회관건너,396,3,399
2026-01-31,도시관리본부건너,332,67,399
2026-01-31,달서교하부 공영주차장,119,278,397
2026-01-31,문주마을건너,370,26,396
2026-01-31,옥포주유소앞,213,181,394
2026-01-31,남문아파트앞,294,98,392
2026-01-31,육상진흥센터건너,228,164,392
2026-01-31,동화교1,36,354,390
2026-01-31,방촌1동,389,0,389
2026-01-31,평화정공앞,235,154,389
2026-01-31,검단상가아파트앞,382,6,388
2026-01-31,에코테마파크대구숲남문건너,269,119,388
2026-01-31,이곡마을건너,71,316,387
2026-01-31,한서기전건너,348,39,387
2026-01-31,한양산호아파트건너,181,206,387
2026-01-31,금호기전,292,94,386
2026-01-31,노곡교(하중도)2,385,1,386
2026-01-31,칠성우방타운,39,347,386
2026-01-31,동화골든빌(북편),244,141,385
2026-01-31,민들레아파트후문건너,16,369,385
2026-01-31,동호초등학교건너,329,55,384
2026-01-31,생각을담는정원건너,149,235,384
2026-01-31,공단하수처리장건너,57,326,383
2026-01-31,농협중앙회중동지점앞,55,327,382
2026-01-31,달성기와앞,315,66,381
2026-01-31,한국지능정보사회진흥원,244,136,380
2026-01-31,동천역1,323,56,379
2026-01-31,달성군민체육관앞,327,51,378
2026-01-31,서재문화체육센터앞1,34,344,378
2026-01-31,서한이다음4차앞,86,290,376
2026-01-31,(주)영화앞,374,1,375
2026-01-31,칠성시장(양친회신협)건너,99,274,373
2026-01-31,아바코건너,148,223,371
2026-01-31,성림첨단산업앞,293,77,370
2026-01-31,율하천5교1,365,5,370
2026-01-31,정부대구지방합동청사후문1,24,346,370
2026-01-31,유곡사거리1,368,1,369
2026-01-31,대구하이텍고교건너,139,229,368
2026-01-31,주식회사대동앞,202,166,368
2026-01-31,온누리교회,321,46,367
2026-01-31,국민건강보험공단달성고령지사앞,118,248,366
2026-01-31,측백나무숲건너,366,0,366
2026-01-31,관문동행정복지센터 금호분소 건너,247,117,364
2026-01-31,율금초등학교앞,7,357,364
2026-01-31,신성중공업앞,361,0,361
2026-01-31,화원유원지건너,348,12,360
2026-01-31,칠성시장(농협건너),116,243,359
2026-01-31,수성구리틀야구장건너,50,305,355
2026-01-31,영풍열처리앞,331,24,355
2026-01-31,협성휴포레강북건너,206,146,352
2026-01-31,남산2동행정복지센터건너,229,122,351
2026-01-31,중석타운건너,20,329,349
2026-01-31,매여동(동구)저탄장,340,7,347
2026-01-31,평화정공건너,89,258,347
2026-01-31,중앙교육연수원앞,82,264,346
2026-01-31,해안공영주차장북편,344,2,346
2026-01-31,성동마을앞,303,40,343
2026-01-31,국립대구과학관정문건너,320,22,342
2026-01-31,구둔산,333,6,339
2026-01-31,내동,314,25,339
2026-01-31,대흥동앞,164,175,339
2026-01-31,성주사건너,86,253,339
2026-01-31,베어산업건너,256,81,337
2026-01-31,수성월드메르디앙앞,78,259,337
2026-01-31,한세모빌리티건너,20,317,337
2026-01-31,칠성시장(양친회신협),191,145,336
2026-01-31,코스모스한양아파트건너,227,109,336
2026-01-31,황금고가교네거리,305,31,336
2026-01-31,연경동종점1,212,121,333
2026-01-31,금호지구종점(종점방향),324,8,332
2026-01-31,성동건너,191,141,332
2026-01-31,중동서울아파트건너,157,175,332
2026-01-31,한서기전앞,305,27,332
2026-01-31,숙천초교앞,39,291,330
2026-01-31,한국뇌연구원앞,280,50,330
2026-01-31,병수리,317,12,329
2026-01-31,혜성정공,268,60,328
2026-01-31,고래들공원앞,186,141,327
2026-01-31,금호화물자동차공영차고지,269,58,327
2026-01-31,유통단지회차지2,321,6,327
2026-01-31,주식회사대동건너,272,55,327
2026-01-31,선녀곡건너(옥포),235,91,326
2026-01-31,장군리,318,8,326
2026-01-31,대구혁신LH4단지아파트,262,63,325
2026-01-31,만촌체육공원,238,86,324
2026-01-31,창2리마을1,277,46,323
2026-01-31,(주)성안건너,21,301,322
2026-01-31,관리공단,240,82,322
2026-01-31,세천북로2,265,57,322
2026-01-31,팔현마을,257,65,322
2026-01-31,동양맨션앞,64,253,317
2026-01-31,영진산업,292,25,317
2026-01-31,옥분리마을회관앞,316,1,317
2026-01-31,군위농협 소보지점,277,38,315
2026-01-31,달서아트센터앞,235,80,315
2026-01-31,만촌삼정그린코아앞2,245,70,315
2026-01-31,둔산동,313,0,313
2026-01-31,월촌고가교1,110,200,310
2026-01-31,대덕승마장건너,247,62,309
2026-01-31,백안삼거리1,136,173,309
2026-01-31,소보정류장,289,20,309
2026-01-31,옥포LH천년나무2단지앞,34,274,308
2026-01-31,한국로봇산업진흥원후문건너,156,152,308
2026-01-31,남문시장건너1,197,110,307
2026-01-31,달성우신미가뷰앞,11,296,307
2026-01-31,경주최씨종가(종점),276,28,304
2026-01-31,성림첨단산업건너,258,46,304
2026-01-31,유가사거리2,234,69,303
2026-01-31,1차서한화성타운건너,180,122,302
2026-01-31,화전동2,298,4,302
2026-01-31,안심고가교하부1,77,223,300
2026-01-31,효림엑스이,198,102,300
2026-01-31,공산초등학교건너,192,107,299
2026-01-31,유곡사거리3,297,1,298
2026-01-31,㈜윔스앞,243,54,297
2026-01-31,대구지방기상청,194,101,295
2026-01-31,미대동2,131,164,295
2026-01-31,대실역(2번출구남쪽),198,96,294
2026-01-31,삼산리입구건너,292,2,294
2026-01-31,대호분체산업,202,91,293
2026-01-31,영조아파트건너,141,152,293
2026-01-31,동화시설집단지구(종점)1,282,10,292
2026-01-31,월배아이파크1차앞,141,151,292
2026-01-31,유천초등학교앞,253,37,290
2026-01-31,북구 동호동(종점)1,241,48,289
2026-01-31,군위공용버스터미널,283,5,288
2026-01-31,대림생수앞,12,276,288
2026-01-31,세천리2,235,53,288
2026-01-31,중마을(갓바위방향),163,125,288
2026-01-31,새각단건너,120,167,287
2026-01-31,노곡교(하중도)1,36,249,285
2026-01-31,삼덕동2,236,48,284
2026-01-31,태전두성3차건너,133,151,284
2026-01-31,볼보트럭대구사업소건너,180,103,283
2026-01-31,중리삼거리1,19,264,283
2026-01-31,대구일과학고등학교,200,82,282
2026-01-31,대구국제고등학교건너,237,44,281
2026-01-31,이곡마을,175,104,279
2026-01-31,정부대구지방합동청사건너,228,51,279
2026-01-31,칠곡경대병원역건너,123,156,279
2026-01-31,평리1동행정복지센터건너,188,89,277
2026-01-31,달서자동차검사소앞,39,237,276
2026-01-31,대구지료재생사,131,145,276
2026-01-31,대리,269,7,276
2026-01-31,금구1리,69,206,275
2026-01-31,노사평화의전당앞,95,180,275
2026-01-31,담안마을2,272,3,275
2026-01-31,본말(종점),275,0,275
2026-01-31,현풍삼거리,194,81,275
2026-01-31,NH농협혁신도시지점건너,7,266,273
2026-01-31,대구학생수련관입구건너,261,11,272
2026-01-31,무림제지앞2,98,170,268
2026-01-31,삼리1리1,114,154,268
2026-01-31,대흥동건너,151,116,267
2026-01-31,고모역건너,173,93,266
2026-01-31,대곡중학교건너,14,252,266
2026-01-31,도남동(종점),263,3,266
2026-01-31,조양회관건너,110,155,265
2026-01-31,지산2길입구,245,20,265
2026-01-31,대구학생문화센터,51,212,263
2026-01-31,대곡청구아파트건너,13,249,262
2026-01-31,덴티스앞,220,42,262
2026-01-31,화원삼주타운앞,142,120,262
2026-01-31,태전우방타운1차,151,110,261
2026-01-31,금호119안전센터앞,43,217,260
2026-01-31,백송온천호텔건너,246,11,257
2026-01-31,청소년수련원건너,210,44,254
2026-01-31,덕곡동,252,1,253
2026-01-31,보람타운건너,52,199,251
2026-01-31,볼보트럭대구사업소앞,180,70,250
2026-01-31,부동삼거리,16,234,250
2026-01-31,상리동종점,2,246,248
2026-01-31,정부대구지방합동청사앞,179,69,248
2026-01-31,가천동건너,235,12,247
2026-01-31,본리1리동회관앞,42,204,246
2026-01-31,한국타이어건너,133,113,246
2026-01-31,연경체육공원앞,115,129,244
2026-01-31,옥산정미소,244,0,244
2026-01-31,구암동2,63,180,243
2026-01-31,진흔건설기계공업,223,20,243
2026-01-31,문양기지창건너,8,234,242
2026-01-31,성동탱자나무마을앞,65,176,241
2026-01-31,성동마을건너,106,134,240
2026-01-31,세천리3,193,47,240
2026-01-31,일심제약,163,76,239
2026-01-31,경북농업기술원앞,70,167,237
2026-01-31,골안골,68,169,237
2026-01-31,성바울로성당앞,114,122,236
2026-01-31,장기영남네오빌,126,110,236
2026-01-31,대림육교2,89,146,235
2026-01-31,조양회관,72,163,235
2026-01-31,달성주민건강증진센터,224,10,234
2026-01-31,제일정공,178,56,234
2026-01-31,대구제1.2예비군훈련장건너,53,180,233
2026-01-31,안심교(경산방향),155,78,233
2026-01-31,앞산보성타운건너,27,206,233
2026-01-31,덕곡삼거리1,18,214,232
2026-01-31,앞산자락카페마실건너,183,49,232
2026-01-31,관음변전소4,179,52,231
2026-01-31,대구지식산업센터앞,45,185,230
2026-01-31,경상북도인재개발원1,20,209,229
2026-01-31,석굴암IC교아래,131,98,229
2026-01-31,강동중·고등학교,3,225,228
2026-01-31,신덕마을입구,38,190,228
2026-01-31,대덕문화전당앞,115,112,227
2026-01-31,도남7,190,36,226
2026-01-31,용계동3,4,222,226
2026-01-31,유가사거리1,151,74,225
2026-01-31,부동(종점),205,19,224
2026-01-31,평광종점,216,8,224
2026-01-31,가창중학교앞,28,195,223
2026-01-31,달성소방서앞,95,128,223
2026-01-31,신기리2,187,36,223
2026-01-31,동곡1리1,222,0,222
2026-01-31,하빈농협동곡지점2,207,15,222
2026-01-31,세천고개2,166,55,221
2026-01-31,동곡치안센터앞,26,194,220
2026-01-31,시지우방하이츠앞,117,103,220
2026-01-31,삼익THK앞,127,92,219
2026-01-31,하빈초등학교앞,218,1,219
2026-01-31,희성전자건너,147,72,219
2026-01-31,덕곡(달구벌고교),216,1,217
2026-01-31,공작한양아파트건너,125,88,213
2026-01-31,반송리,208,5,213
2026-01-31,다사주공아파트건너,210,0,210
2026-01-31,동성에스티에스앞,123,87,210
2026-01-31,달성보앞,194,15,209
2026-01-31,연경대광로제비앙앞,16,193,209
2026-01-31,부동농협,205,3,208
2026-01-31,진밭골(종점)1,201,7,208
2026-01-31,가창초등학교건너2,125,82,207
2026-01-31,달성군선거관리위원회건너,120,87,207
2026-01-31,도평동입구2,124,82,206
2026-01-31,상리동입구1,16,190,206
2026-01-31,태전육교1,72,133,205
2026-01-31,국우동현대아파트건너,85,119,204
2026-01-31,금포1교3,3,201,204
2026-01-31,안심뉴타운1,182,22,204
2026-01-31,옥포농협,154,50,204
2026-01-31,이곡양수장건너,152,51,203
2026-01-31,성하리,47,154,201
2026-01-31,노이2리앞,186,14,200
2026-01-31,마비정벽화마을(종점),187,12,199
2026-01-31,성바울로성당건너,64,135,199
2026-01-31,장기초등학교앞,6,193,199
2026-01-31,화원신일해피트리건너,57,142,199
2026-01-31,한국생산기술연구원건너,139,59,198
2026-01-31,포산서사거리2,84,113,197
2026-01-31,읍내2리-의흥정류소,180,16,196
2026-01-31,행정리(한천서원),195,0,195
2026-01-31,고봉리,193,1,194
2026-01-31,대성테크앞,161,33,194
2026-01-31,금포교2,101,91,192
2026-01-31,달성산업단지건너,124,68,192
2026-01-31,달성취수장건너,16,176,192
2026-01-31,화성전문요양원건너,72,120,192
2026-01-31,갓골건너,191,0,191
2026-01-31,금호천년나무8단지앞,37,154,191
2026-01-31,장기파랑새마을앞,129,61,190
2026-01-31,탱리마을앞,48,142,190
2026-01-31,하빈면행정복지센터건너,187,2,189
2026-01-31,옥포농협2,53,135,188
2026-01-31,용금공단건너,3,185,188
2026-01-31,동호마을건너,137,50,187
2026-01-31,삼국유사면 행정복지센터앞,170,17,187
2026-01-31,섬뜸마을,185,2,187
2026-01-31,화원유원지입구,51,136,187
2026-01-31,예현2리마을회관,175,11,186
2026-01-31,군위군 행정복지센터,51,133,184
2026-01-31,당동마을건너,183,0,183
2026-01-31,희성전자앞,95,87,182
2026-01-31,숙천초교건너,70,111,181
2026-01-31,해안동행정복지센터,131,50,181
2026-01-31,갈실마을회관종점,176,4,180
2026-01-31,설화리(종점)2,168,10,178
2026-01-31,대구우편집중국(동편),141,36,177
2026-01-31,금구2리,161,14,175
2026-01-31,능성동(종점)2,155,19,174
2026-01-31,방짜유기박물관앞,11,162,173
2026-01-31,옥포중앙교회앞,72,100,172
2026-01-31,창2리마을2,88,84,172
2026-01-31,내동건너,18,153,171
2026-01-31,냉천리2,14,157,171
2026-01-31,우록리(자양마을)앞,171,0,171
2026-01-31,삼산리입구앞,0,170,170
2026-01-31,칡골마을건너,168,1,169
2026-01-31,국우동현대아파트건너2,2,166,168
2026-01-31,군위유통센타앞,143,23,166
2026-01-31,대구제1.2예비군훈련장앞,108,58,166
2026-01-31,이천동,144,22,166
2026-01-31,(구)현풍시외버스터미널,136,29,165
2026-01-31,교항2리마을입구,7,158,165
2026-01-31,앞산빨래터공원2,92,73,165
2026-01-31,동성에스티에스건너,145,18,163
2026-01-31,화원본리1교1,159,4,163
2026-01-31,서부리,76,85,161
2026-01-31,지산2길입구건너,154,7,161
2026-01-31,연경동종점2,156,4,160
2026-01-31,한국부동산원앞2,71,89,160
2026-01-31,한걸마을건너,158,1,159
2026-01-31,대평교회건너,157,1,158
2026-01-31,샤니삼거리1,156,1,157
2026-01-31,논공읍행정복지센터건너2,34,122,156
2026-01-31,화본1리 마을회관,156,0,156
2026-01-31,세천고개1,127,28,155
2026-01-31,북구어울아트센터앞,19,135,154
2026-01-31,공산파출소,3,150,153
2026-01-31,석굴암IC교아래,142,11,153
2026-01-31,대구소프트웨어마이스터고등학교앞,140,12,152
2026-01-31,만촌삼정그린코아앞,3,149,152
2026-01-31,무등1리2,152,0,152
2026-01-31,홍천사입구,47,105,152
2026-01-31,국가정보자원관리원,123,28,151
2026-01-31,기곡(종점),139,12,151
2026-01-31,녹동서원건너,151,0,151
2026-01-31,병수리,47,104,151
2026-01-31,옥분리(구진터),149,2,151
2026-01-31,군위국민체육센터,149,1,150
2026-01-31,삼산리(삼산교회앞),29,121,150
2026-01-31,강정보(디아크문화관)입구,142,7,149
2026-01-31,국립대구과학관건너,77,72,149
2026-01-31,대율2리,147,2,149
2026-01-31,백송온천호텔앞,122,26,148
2026-01-31,하빈농협건너,145,3,148
2026-01-31,보성기계앞,5,140,145
2026-01-31,삼산지,144,1,145
2026-01-31,새론중학교남편2,89,55,144
2026-01-31,호산초등학교건너,95,48,143
2026-01-31,서영기공건너,141,0,141
2026-01-31,성서4차산업단지앞1,115,26,141
2026-01-31,오2리(음지머구),141,0,141
2026-01-31,한정리(한정초교),141,0,141
2026-01-31,노이3리1,139,1,140
2026-01-31,반송리2,128,12,140
2026-01-31,신당리2,63,77,140
2026-01-31,하산스무지(종점),138,2,140
2026-01-31,덕산마을앞,138,0,138
2026-01-31,유가차천,123,15,138
2026-01-31,두리봉터널종점건너,104,33,137
2026-01-31,탱리마을건너,137,0,137
2026-01-31,인산마을앞,9,127,136
2026-01-31,국립대구과학관정문앞,5,130,135
2026-01-31,매천대교2,5,129,134
2026-01-31,반송4교앞,134,0,134
2026-01-31,소보시장,129,5,134
2026-01-31,에이스이노텍앞,20,114,134
2026-01-31,당정마을입구건너,132,1,133
2026-01-31,위천삼거리(논공방향),128,5,133
2026-01-31,제일풍경채센트럴건너,28,105,133
2026-01-31,팔공산도림사추모공원,99,34,133
2026-01-31,한양산호아파트앞,116,16,132
2026-01-31,군위병원,130,1,131
2026-01-31,영풍열처리건너,75,55,130
2026-01-31,정대2리마을회관건너,129,1,130
2026-01-31,중마을(시내방향),129,0,129
2026-01-31,유가농협앞,113,14,127
2026-01-31,군위우체국앞,49,76,125
2026-01-31,한국환경공단앞,32,93,125
2026-01-31,서당마을앞,32,90,122
2026-01-31,성동탱자나무마을건너,67,54,121
2026-01-31,신무동1,121,0,121
2026-01-31,오곡리마을회관,119,2,121
2026-01-31,팔공학생야영장앞,118,3,121
2026-01-31,달천리(시내방향),111,9,120
2026-01-31,대덕승마장앞,32,88,120
2026-01-31,매천역3,28,92,120
2026-01-31,대구소프트웨어마이스터고등학교건너,13,106,119
2026-01-31,대평2리,119,0,119
2026-01-31,설화명곡역(4번출구),64,55,119
2026-01-31,연경숲아파트앞,108,11,119
2026-01-31,이화2리,105,14,119
2026-01-31,한국환경공단건너,84,35,119
2026-01-31,흥성정공앞,70,49,119
2026-01-31,상원리(전평못식당)1,117,1,118
2026-01-31,대흥리,116,1,117
2026-01-31,이천리(시외방향),115,2,117
2026-01-31,하빈우체국건너,117,0,117
2026-01-31,도의리,107,9,116
2026-01-31,매골2,115,1,116
2026-01-31,우록리(숲속전원마을)앞,116,0,116
2026-01-31,가암1리,115,0,115
2026-01-31,금구1리,108,7,115
2026-01-31,대구우편집중국건너,18,97,115
2026-01-31,무성2.3리,95,20,115
2026-01-31,우록리(부곡장식당)건너,115,0,115
2026-01-31,육신사,112,3,115
2026-01-31,한걸마을앞,14,101,115
2026-01-31,아주철강앞,59,55,114
2026-01-31,대구학생수련관입구앞,9,104,113
2026-01-31,박곡리(시내방향),112,1,113
2026-01-31,군위역사,103,8,111
2026-01-31,단산리(송하빌라)1,110,1,111
2026-01-31,상리마을앞,111,0,111
2026-01-31,교항2리회관,84,26,110
2026-01-31,파전리,110,0,110
2026-01-31,성동앞,71,38,109
2026-01-31,현내1리,108,0,108
2026-01-31,하빈농협입구,12,95,107
2026-01-31,달서중고등학교건너,106,0,106
2026-01-31,용계동4,104,2,106
2026-01-31,양지리,105,0,105
2026-01-31,흥성정공건너,89,13,102
2026-01-31,삼산리(범동교),97,4,101
2026-01-31,공단하수처리장앞,49,51,100
2026-01-31,금포새터길2,2,98,100
2026-01-31,음리1,100,0,100
2026-01-31,정대숲,100,0,100
2026-01-31,화계1리,97,3,100
2026-01-31,강동초교앞,9,90,99
2026-01-31,감문리(삼실)앞,4,94,98
2026-01-31,거매리,98,0,98
2026-01-31,서대구역(북측),54,44,98
2026-01-31,달성2차산업단지출장소앞,89,8,97
2026-01-31,장군1리,92,5,97
2026-01-31,대구교도소앞,21,75,96
2026-01-31,정대1리(바깥매남),96,0,96
2026-01-31,칠곡한서타운앞,36,60,96
2026-01-31,화산분동건너,93,3,96
2026-01-31,당동마을앞,0,95,95
2026-01-31,오리(양지마을),92,3,95
2026-01-31,장군1리,88,7,95
2026-01-31,송정마을2,94,0,94
2026-01-31,가태리마을회관건너,63,30,93
2026-01-31,율하천4교2,2,91,93
2026-01-31,정대2리(마내미골)종점,91,2,93
2026-01-31,도동청구타운건너,15,77,92
2026-01-31,대암1리1,91,0,91
2026-01-31,대한수목원앞,1,89,90
2026-01-31,부곡리건너,82,8,90
2026-01-31,성산리1,20,70,90
2026-01-31,동북주유소건너,52,37,89
2026-01-31,세천리1건너,72,17,89
2026-01-31,용계동1,8,81,89
2026-01-31,청소년수련원앞,33,56,89
2026-01-31,대리마을회관,77,11,88
2026-01-31,신기리1,78,10,88
2026-01-31,정리,82,6,88
2026-01-31,죽곡푸르지오2단지1,14,74,88
2026-01-31,대리마을앞,48,39,87
2026-01-31,문주마을앞,17,69,86
2026-01-31,대구공고테크노폴리스캠퍼스1,37,48,85
2026-01-31,문양리입구2,1,84,85
2026-01-31,송해공원,23,62,85
2026-01-31,아주철강건너,27,58,85
2026-01-31,외량3리,72,13,85
2026-01-31,웃갈미마을건너,77,8,85
2026-01-31,진정마을2,16,69,85
2026-01-31,동곡초등학교앞,58,26,84
2026-01-31,가천동앞,7,76,83
2026-01-31,무성2.3리,60,23,83
2026-01-31,복성리,83,0,83
2026-01-31,교수촌,80,2,82
2026-01-31,송호지서편1,82,0,82
2026-01-31,한국클래드텍앞,4,78,82
2026-01-31,도동교2,13,68,81
2026-01-31,부남교2,81,0,81
2026-01-31,세천북로1,46,35,81
2026-01-31,용연사,66,15,81
2026-01-31,교항2리회관건너,7,72,79
2026-01-31,군위국민체육센터,13,66,79
2026-01-31,대일1리마을회관건너,47,32,79
2026-01-31,(주)영화건너,3,75,78
2026-01-31,생각을담는정원앞,38,40,78
2026-01-31,신성중공업건너,10,68,78
2026-01-31,용수동2,78,0,78
2026-01-31,한걸고정마을,78,0,78
2026-01-31,감문1리2,74,3,77
2026-01-31,고곡1리,77,0,77
2026-01-31,달천리(시외방향),71,6,77
2026-01-31,보훈병원건너,22,55,77
2026-01-31,상곡리,77,0,77
2026-01-31,수북1리,77,0,77
2026-01-31,외량1리,77,0,77
2026-01-31,이천동(종점),74,3,77
2026-01-31,명곡1리입구2,15,61,76
2026-01-31,마시리,74,1,75
2026-01-31,산성치안센터,55,20,75
2026-01-31,석산리,75,0,75
2026-01-31,하나원전문장례식장,6,69,75
2026-01-31,매곡정수사업소앞,7,67,74
2026-01-31,방천리2,28,46,74
2026-01-31,유곡리공영차고지앞,73,1,74
2026-01-31,장기초등학교건너,65,9,74
2026-01-31,현내2리중방마을건너,74,0,74
2026-01-31,동곡리,63,10,73
2026-01-31,솔밭기세길입구,65,8,73
2026-01-31,거매리,40,32,72
2026-01-31,대구하이텍고교앞,10,62,72
2026-01-31,봉촌낙동길입구,72,0,72
2026-01-31,유가사(종점),59,13,72
2026-01-31,진인동(양지마을)앞,71,1,72
2026-01-31,대일1리점촌마을,7,64,71
2026-01-31,모산리,69,2,71
2026-01-31,불로리,33,38,71
2026-01-31,진인동(진정마을)1,70,1,71
2026-01-31,춘산리(현창),55,16,71
2026-01-31,가호1,62,8,70
2026-01-31,매호1교건너,11,59,70
2026-01-31,봉촌1리3,69,1,70
2026-01-31,사리1리,70,0,70
2026-01-31,금양리,67,2,69
2026-01-31,박곡리해랑포건너,26,43,69
2026-01-31,세천리1,53,16,69
2026-01-31,팔공한마음주유소건너,69,0,69
2026-01-31,다사체육공원건너,66,2,68
2026-01-31,도학동1,15,53,68
2026-01-31,유가농협건너,29,39,68
2026-01-31,유곡사거리2,0,68,68
2026-01-31,효령-중구리,65,3,68
2026-01-31,문양리1,67,0,67
2026-01-31,송원1,67,0,67
2026-01-31,김흥리마을입구,66,0,66
2026-01-31,낙전리,56,10,66
2026-01-31,달성화석박물관건너,66,0,66
2026-01-31,대구국제사격장,54,12,66
2026-01-31,불로리,23,43,66
2026-01-31,신무3교(하행),66,0,66
2026-01-31,용대3길,66,0,66
2026-01-31,율하천4교1,64,2,66
2026-01-31,춘산리(양지),25,41,66
2026-01-31,춘산리(현창),52,14,66
2026-01-31,하산1리,66,0,66
2026-01-31,행정2리앞,55,11,66
2026-01-31,능성동입구앞,3,62,65
2026-01-31,삼익THK건너,21,44,65
2026-01-31,유산리,63,2,65
2026-01-31,푸르밀대구공장,65,0,65
2026-01-31,무성리,64,0,64
2026-01-31,삼국유사면 행정복지센터,34,30,64
2026-01-31,위성2리,64,0,64
2026-01-31,이화,54,10,64
2026-01-31,고봉리2,43,20,63
2026-01-31,냉천2리,52,11,63
2026-01-31,달성산업단지관리공단2,61,2,63
2026-01-31,목단1리마을회관앞,63,0,63
2026-01-31,조야초등학교앞,20,43,63
2026-01-31,춘산리(양지),40,23,63
2026-01-31,하빈초등학교건너,4,59,63
2026-01-31,평광마을회관,62,0,62
2026-01-31,새마을입구,61,0,61
2026-01-31,유가차천1,46,15,61
2026-01-31,화북1리,61,0,61
2026-01-31,달서별빛캠핑장앞,29,31,60
2026-01-31,덕곡(대구선명학교),8,52,60
2026-01-31,묘1리 파회,57,3,60
2026-01-31,정대리(대구미술광장),59,1,60
2026-01-31,팔공한마음주유소,6,54,60
2026-01-31,고모역앞,41,18,59
2026-01-31,도산1리마을회관,59,0,59
2026-01-31,에이스이노텍건너,31,28,59
2026-01-31,옥포벚꽃길2,13,46,59
2026-01-31,운산리,50,9,59
2026-01-31,위천1리앞,24,35,59
2026-01-31,가창댐1,5,53,58
2026-01-31,동북주유소앞,6,52,58
2026-01-31,학남초등학교건너,3,55,58
2026-01-31,화전2리,58,0,58
2026-01-31,금매2리,53,4,57
2026-01-31,대율1리,13,44,57
2026-01-31,학암1리,48,9,57
2026-01-31,남산2리,56,0,56
2026-01-31,봉촌2리,56,0,56
2026-01-31,삼리2교차로 2,6,50,56
2026-01-31,삼산1리,51,5,56
2026-01-31,대평교회앞,28,27,55
2026-01-31,금매1리,42,12,54
2026-01-31,달성소방서건너,42,12,54
2026-01-31,달성화석박물관앞,1,53,54
2026-01-31,검단상가아파트건너,6,46,52
2026-01-31,경상북도농업인회관,21,31,52
2026-01-31,샤니삼거리2,45,7,52
2026-01-31,신화1리,33,19,52
2026-01-31,장기1리,6,46,52
2026-01-31,효자강순항나무,52,0,52
2026-01-31,본리1리,43,8,51
2026-01-31,봉황2리,51,0,51
2026-01-31,서부소방서,23,28,51
2026-01-31,읍내2리-의흥정류소,48,3,51
2026-01-31,주2리1,50,1,51
2026-01-31,퇴계마을앞,51,0,51
2026-01-31,공군기지관사입구,0,50,50
2026-01-31,대북1리,50,0,50
2026-01-31,모산리,50,0,50
2026-01-31,박곡리해랑포앞,36,14,50
2026-01-31,칡골마을앞,2,48,50
2026-01-31,보현1리,49,0,49
2026-01-31,주1리,19,30,49
2026-01-31,화수1리,48,1,49
2026-01-31,도덕마을,46,2,48
2026-01-31,옥분리1,21,27,48
2026-01-31,나호3리,44,3,47
2026-01-31,봉촌낙동길입구건너,1,46,47
2026-01-31,동산2리,46,0,46
2026-01-31,매곡1리경로회관,46,0,46
2026-01-31,목단2리1,46,0,46
2026-01-31,오뚜기물류센터,41,5,46
2026-01-31,대흥2리,44,1,45
2026-01-31,도남동,45,0,45
2026-01-31,동부리,40,5,45
2026-01-31,모개월앞,0,45,45
2026-01-31,위성4리,45,0,45
2026-01-31,광현3리,44,0,44
2026-01-31,내곡동마을회관,42,2,44
2026-01-31,다사초등학교앞,10,34,44
2026-01-31,묘2리(고려정밀),44,0,44
2026-01-31,송정동1,5,39,44
2026-01-31,신덕마을입구건너,44,0,44
2026-01-31,신화1리,38,6,44
2026-01-31,연계1리,44,0,44
2026-01-31,우록리(자양마을)건너,2,42,44
2026-01-31,위성1리,44,0,44
2026-01-31,하빈체육공원앞,44,0,44
2026-01-31,화계2리,36,8,44
2026-01-31,화원유원지,42,2,44
2026-01-31,공산댐앞,7,36,43
2026-01-31,금매2리,42,1,43
2026-01-31,내량2리,43,0,43
2026-01-31,다사초등학교건너,40,3,43
2026-01-31,도동제1경로당앞,42,1,43
2026-01-31,명산리,43,0,43
2026-01-31,본리근린공원건너,42,1,43
2026-01-31,신계리,43,0,43
2026-01-31,연계2리,43,0,43
2026-01-31,기곡리2,42,0,42
2026-01-31,다사주공아파트앞,4,38,42
2026-01-31,샛터마을입구,1,41,42
2026-01-31,서경리,42,0,42
2026-01-31,율하천5교2,5,37,42
2026-01-31,다사역(3번출구),0,41,41
2026-01-31,매성2리,41,0,41
2026-01-31,봉촌리,41,0,41
2026-01-31,산법리,41,0,41
2026-01-31,성산리3,23,18,41
2026-01-31,연화리2,0,41,41
2026-01-31,장기1리,41,0,41
2026-01-31,화계1리,30,11,41
2026-01-31,구룡촌앞,39,1,40
2026-01-31,군위병원,5,35,40
2026-01-31,대한수목원건너,40,0,40
2026-01-31,중심마을2,36,4,40
2026-01-31,하곡리,40,0,40
2026-01-31,다사역(4번출구),36,3,39
2026-01-31,단산리입구1,39,0,39
2026-01-31,달성삼환나우빌건너,1,38,39
2026-01-31,도남지,38,1,39
2026-01-31,문양역앞,34,5,39
2026-01-31,이지1리,39,0,39
2026-01-31,장군2리,39,0,39
2026-01-31,화계2리,31,8,39
2026-01-31,화원파크뷰우방아이유쉘아파트앞,10,29,39
2026-01-31,화전동1,16,23,39
2026-01-31,금구2리,16,22,38
2026-01-31,금매1리,34,4,38
2026-01-31,삽령리,37,1,38
2026-01-31,가호1리 마을회관,36,1,37
2026-01-31,귀남지휴게소1,36,1,37
2026-01-31,노사평화의전당건너,9,28,37
2026-01-31,달창저수지,37,0,37
2026-01-31,문양기지창앞,31,6,37
2026-01-31,큰마을,37,0,37
2026-01-31,갓골앞,0,36,36
2026-01-31,내량2리,36,0,36
2026-01-31,노행2리,36,0,36
2026-01-31,달산2리,36,0,36
2026-01-31,달성취수장앞,15,21,36
2026-01-31,삼산1리,36,0,36
2026-01-31,앞산궁도장앞,22,14,36
2026-01-31,구라1리2,35,0,35
2026-01-31,삼국유사면문화관,35,0,35
2026-01-31,상중심마을2,35,0,35
2026-01-31,신무1교2,35,0,35
2026-01-31,유곡공원앞,3,32,35
2026-01-31,진인동(양지마을)건너,1,34,35
2026-01-31,매성1리,34,0,34
2026-01-31,성산3동,0,34,34
2026-01-31,이지2리,34,0,34
2026-01-31,자리미마을2,34,0,34
2026-01-31,측백나무숲앞,8,26,34
2026-01-31,감문1리3,0,33,33
2026-01-31,구지중학교앞,31,2,33
2026-01-31,금강동,28,5,33
2026-01-31,삼산리(범동교)건너,18,15,33
2026-01-31,숙천2동마을회관건너,28,5,33
2026-01-31,오천리,33,0,33
2026-01-31,장기1리,32,1,33
2026-01-31,내리1,32,0,32
2026-01-31,지호1리-안태동,32,0,32
2026-01-31,나호2리,28,3,31
2026-01-31,남산1리,31,0,31
2026-01-31,삼산2리,28,3,31
2026-01-31,성리,24,7,31
2026-01-31,신무교2,30,1,31
2026-01-31,양리1,31,0,31
2026-01-31,평호리-낫거리,31,0,31
2026-01-31,노행1리,30,0,30
2026-01-31,미성1리,30,0,30
2026-01-31,삼육구가든건너,0,30,30
2026-01-31,새마을건너,1,29,30
2026-01-31,서영기공앞,2,28,30
2026-01-31,설화리(종점)1,30,0,30
2026-01-31,송정마을1,1,29,30
2026-01-31,웃갈미마을앞,0,30,30
2026-01-31,화계,30,0,30
2026-01-31,감문리(삼실)건너,29,0,29
2026-01-31,문산리,27,2,29
2026-01-31,문양리입구1,5,24,29
2026-01-31,송원리(봉황리방면),29,0,29
2026-01-31,송호지서편2,0,29,29
2026-01-31,용화사앞,29,0,29
2026-01-31,중뫼마을건너,29,0,29
2026-01-31,팔거교,3,26,29
2026-01-31,고곡리,2,26,28
2026-01-31,군위군청,12,16,28
2026-01-31,내의1리,28,0,28
2026-01-31,담안마을1,1,27,28
2026-01-31,봉산리,28,0,28
2026-01-31,봉소리,28,0,28
2026-01-31,비슬산휴양림주차장,17,11,28
2026-01-31,삼육구가든앞,26,2,28
2026-01-31,연계1리,27,1,28
2026-01-31,정대1리(안매남),28,0,28
2026-01-31,주2리(최정사입구),16,12,28
2026-01-31,하빈면행정복지센터앞,23,5,28
2026-01-31,화전2리,27,1,28
2026-01-31,군위군민회관,8,19,27
2026-01-31,김흥1리앞,23,4,27
2026-01-31,대구공고테크노폴리스캠퍼스2,26,1,27
2026-01-31,대구보훈요양원앞,27,0,27
2026-01-31,두천마을건너,27,0,27
2026-01-31,매곡2리 마을회관,27,0,27
2026-01-31,목단1리1,27,0,27
2026-01-31,신계리(도산리우무실방면),24,3,27
2026-01-31,옥연지,0,27,27
2026-01-31,지호2리-지호3리,24,3,27
2026-01-31,화산분동앞,3,24,27
2026-01-31,달성2차산업단지출장소건너,25,1,26
2026-01-31,명곡1리입구1,0,26,26
2026-01-31,송정1동,1,25,26
2026-01-31,신세월입구1,26,0,26
2026-01-31,원산1리,26,0,26
2026-01-31,현대메카닉스건너,23,3,26
2026-01-31,동곡1리3,21,4,25
2026-01-31,만촌자전거경기장,6,19,25
2026-01-31,부곡리,21,4,25
2026-01-31,숲다수고용사업장앞,18,7,25
2026-01-31,다사체육공원앞,24,0,24
2026-01-31,달성산업단지관리공단1,5,19,24
2026-01-31,덕산마을건너,2,22,24
2026-01-31,무등2리입구건너,23,1,24
2026-01-31,백학2리,24,0,24
2026-01-31,사효교1,24,0,24
2026-01-31,서부리,4,20,24
2026-01-31,송정동3,3,21,24
2026-01-31,율하천6교2,10,14,24
2026-01-31,인산마을회관앞,21,3,24
2026-01-31,정대2리(잿들마을)건너,24,0,24
2026-01-31,창2리2,23,1,24
2026-01-31,한정3리,24,0,24
2026-01-31,화북3리,8,16,24
2026-01-31,효령,23,1,24
2026-01-31,나호3리,22,1,23
2026-01-31,당정마을입구,8,15,23
2026-01-31,동부사거리,23,0,23
2026-01-31,매곡1리정미소,23,0,23
2026-01-31,오곡리건너편,23,0,23
2026-01-31,정대2리(큰바위숲)앞,23,0,23
2026-01-31,주리(삼진식당),14,9,23
2026-01-31,강정보(디아크문화관)건너,0,22,22
2026-01-31,고매초등학교,22,0,22
2026-01-31,대구그린파워앞,5,17,22
2026-01-31,마시1리,9,13,22
2026-01-31,산성치안센터,21,1,22
2026-01-31,수북1리,3,19,22
2026-01-31,옥연지건너,21,1,22
2026-01-31,창평리,22,0,22
2026-01-31,학암2리,18,4,22
2026-01-31,가암1리,21,0,21
2026-01-31,구삼폭포앞,21,0,21
2026-01-31,달서중고등학교앞,3,18,21
2026-01-31,대북2리,21,0,21
2026-01-31,묘2리(전마),21,0,21
2026-01-31,무암1리,21,0,21
2026-01-31,미곡교2,2,19,21
2026-01-31,백학2리,21,0,21
2026-01-31,이화리,21,0,21
2026-01-31,진인동(진정마을)2,20,1,21
2026-01-31,화수1리,10,11,21
2026-01-31,기암2리 백암마을,20,0,20
2026-01-31,낙전리,20,0,20
2026-01-31,문덕1리,20,0,20
2026-01-31,보현2리,20,0,20
2026-01-31,수북1리-하리마을,20,0,20
2026-01-31,숲다수고용사업장건너,19,1,20
2026-01-31,운산,20,0,20
2026-01-31,하빈농협동곡지점1,14,6,20
2026-01-31,화원영농자재판매상건너,19,1,20
2026-01-31,나호1리,19,0,19
2026-01-31,내의1리,19,0,19
2026-01-31,달산2리,19,0,19
2026-01-31,마비정길1,0,19,19
2026-01-31,모래정마을건너,16,3,19
2026-01-31,서재문화체육센터앞2,11,8,19
2026-01-31,석산리,19,0,19
2026-01-31,수서1리,19,0,19
2026-01-31,신무동2,2,17,19
2026-01-31,용봉삼거리1,8,11,19
2026-01-31,용연사시설집단지구건너,17,2,19
2026-01-31,우록리(선흥사입구건너),1,18,19
2026-01-31,이화,12,7,19
2026-01-31,현풍읍행정복지센터건너,19,0,19
2026-01-31,강정(종점),16,2,18
2026-01-31,나호2리,14,4,18
2026-01-31,무등보건진료소건너,18,0,18
2026-01-31,백안교1,3,15,18
2026-01-31,복성리,18,0,18
2026-01-31,봉림삼거리,17,1,18
2026-01-31,삼산2리,18,0,18
2026-01-31,상리마을건너,3,15,18
2026-01-31,설티고개(달성공단방면),1,17,18
2026-01-31,연경12,9,9,18
2026-01-31,옥포벚꽃길1,1,17,18
2026-01-31,운산리,18,0,18
2026-01-31,푸르밀대구공장건너,6,12,18
2026-01-31,항공교통본부앞,18,0,18
2026-01-31,남산2리,17,0,17
2026-01-31,백학삼거리,17,0,17
2026-01-31,우보,16,1,17
2026-01-31,위성3리,17,0,17
2026-01-31,위성리,14,3,17
2026-01-31,율하천6교1,17,0,17
2026-01-31,제2석굴암,17,0,17
2026-01-31,행정교,3,14,17
2026-01-31,화계3리,17,0,17
2026-01-31,화수2리,17,0,17
2026-01-31,금양1리,16,0,16
2026-01-31,금양리,15,1,16
2026-01-31,김흥1리건너,13,3,16
2026-01-31,달산1리,16,0,16
2026-01-31,동산1리,16,0,16
2026-01-31,성1리,11,5,16
2026-01-31,솔밭기세길건너,2,14,16
2026-01-31,숙천동 건너,1,15,16
2026-01-31,외량2리,16,0,16
2026-01-31,정리,16,0,16
2026-01-31,창2리1,16,0,16
2026-01-31,창평1리,2,14,16
2026-01-31,농연서당2,15,0,15
2026-01-31,달성문화원건너,15,0,15
2026-01-31,마시1리,13,2,15
2026-01-31,문양3리(장귀미),3,12,15
2026-01-31,수서1리,15,0,15
2026-01-31,오천리,10,5,15
2026-01-31,유곡리(회차지),15,0,15
2026-01-31,육신사입구,10,5,15
2026-01-31,응암1리1,0,15,15
2026-01-31,응암1리2,4,11,15
2026-01-31,이천리(시내방향),13,2,15
2026-01-31,학성1리,0,15,15
2026-01-31,가호1,10,4,14
2026-01-31,기곡리1,14,0,14
2026-01-31,남산리,14,0,14
2026-01-31,무등1리3,14,0,14
2026-01-31,미성1리,14,0,14
2026-01-31,봉소리,14,0,14
2026-01-31,성1리,12,2,14
2026-01-31,연광시니어타운앞,14,0,14
2026-01-31,용수동당산2,12,2,14
2026-01-31,유곡사거리4,0,14,14
2026-01-31,내리리,10,3,13
2026-01-31,내의3리,13,0,13
2026-01-31,백학2리,13,0,13
2026-01-31,설티고개(옥포방면),12,1,13
2026-01-31,솔비식당입구맞은편,11,2,13
2026-01-31,송원리,13,0,13
2026-01-31,오2리(음지머구건너),1,12,13
2026-01-31,이현고개삼거리(시내방향),0,13,13
2026-01-31,이화3리,12,1,13
2026-01-31,정대숲앞,13,0,13
2026-01-31,지호1리-안태동,13,0,13
2026-01-31,화원본리1교2,12,1,13
2026-01-31,가창댐,2,10,12
2026-01-31,감문1리1,3,9,12
2026-01-31,고곡2리,12,0,12
2026-01-31,구라3리2,12,0,12
2026-01-31,나호1리,12,0,12
2026-01-31,농기계임대사업소 동부분소 건너,12,0,12
2026-01-31,달산,11,1,12
2026-01-31,달산2리,12,0,12
2026-01-31,미곡교1,7,5,12
2026-01-31,사리1리-중산,12,0,12
2026-01-31,상원리(마을회관)2,2,10,12
2026-01-31,서경리,12,0,12
2026-01-31,송정동2,11,1,12
2026-01-31,인지초등학교입구,7,5,12
2026-01-31,항공교통본부건너,0,12,12
2026-01-31,LH13단지아파트앞,0,11,11
2026-01-31,가암1리,11,0,11
2026-01-31,광현2리,11,0,11
2026-01-31,능성동(종점)1,11,0,11
2026-01-31,달성스포츠파크건너,11,0,11
2026-01-31,무성리,8,3,11
2026-01-31,미성2리 노인정,11,0,11
2026-01-31,박곡리(시외방향),9,2,11
2026-01-31,백학삼거리,6,5,11
2026-01-31,삼국유사면 행정복지센터,11,0,11
2026-01-31,새터건너,9,2,11
2026-01-31,서경리,11,0,11
2026-01-31,신덕1리,10,1,11
2026-01-31,신무3교(상행),2,9,11
2026-01-31,용대리,11,0,11
2026-01-31,우보역,10,1,11
2026-01-31,원산3리,9,2,11
2026-01-31,해안초등학교뒤,2,9,11
2026-01-31,행정1리앞,3,8,11
2026-01-31,화북3리,11,0,11
2026-01-31,거매리로타리,10,0,10
2026-01-31,경동산업앞,10,0,10
2026-01-31,경상북도인재개발원2,7,3,10
2026-01-31,김흥2리건너,3,7,10
2026-01-31,김흥리마을입구건너,6,4,10
2026-01-31,녹동서원앞,0,10,10
2026-01-31,달산1리,10,0,10
2026-01-31,달산리,10,0,10
2026-01-31,목단2리2,0,10,10
2026-01-31,반송4교건너,6,4,10
2026-01-31,성2리,8,2,10
2026-01-31,연계1리,9,1,10
2026-01-31,우보,1,9,10
2026-01-31,인각사,10,0,10
2026-01-31,화계3리,9,1,10
2026-01-31,구라리,0,9,9
2026-01-31,구지중학교건너,6,3,9
2026-01-31,농기계임대사업소 동부분소 앞,0,9,9
2026-01-31,도동제1경로당건너,0,9,9
2026-01-31,마비정삼거리2,9,0,9
2026-01-31,본리근린공원앞,0,9,9
2026-01-31,새터앞,8,1,9
2026-01-31,성1리,9,0,9
2026-01-31,연경11,2,7,9
2026-01-31,연호역(3번출구),2,7,9
2026-01-31,용수동당산1,0,9,9
2026-01-31,인산마을회관건너,8,1,9
2026-01-31,파전리,5,4,9
2026-01-31,하산2리,9,0,9
2026-01-31,한정리(한정초교건너),3,6,9
2026-01-31,행정리,0,9,9
2026-01-31,화원영농자재판매상앞,1,8,9
2026-01-31,가호1리 마을회관,7,1,8
2026-01-31,고곡보건지소,8,0,8
2026-01-31,금강역1,7,1,8
2026-01-31,달산2리,8,0,8
2026-01-31,달산리,8,0,8
2026-01-31,대구그린파워건너,5,3,8
2026-01-31,대율리,8,0,8
2026-01-31,도학교1,0,8,8
2026-01-31,문덕교회,8,0,8
2026-01-31,본리2리2,8,0,8
2026-01-31,봉산2리,8,0,8
2026-01-31,봉산2리,8,0,8
2026-01-31,사유원,7,1,8
2026-01-31,상당마을,7,1,8
2026-01-31,송원1,1,7,8
2026-01-31,송정동4,3,5,8
2026-01-31,신덕1리,7,1,8
2026-01-31,외량1리,6,2,8
2026-01-31,용봉삼거리2,7,1,8
2026-01-31,용연사시설집단지구앞,2,6,8
2026-01-31,의흥면보건지소,1,7,8
2026-01-31,의흥면보건지소,8,0,8
2026-01-31,이화3리,8,0,8
2026-01-31,평촌리,8,0,8
2026-01-31,한국전자통신연구원앞,8,0,8
2026-01-31,가천리,1,6,7
2026-01-31,가태2리마을입구,7,0,7
2026-01-31,달서천하수종말처리장건너,7,0,7
2026-01-31,달서천하수종말처리장앞,0,7,7
2026-01-31,달성도서관입구,7,0,7
2026-01-31,대구제3예비군훈련장,2,5,7
2026-01-31,매골1,1,6,7
2026-01-31,무암1리,7,0,7
2026-01-31,문양리2,3,4,7
2026-01-31,백학1리,7,0,7
2026-01-31,봉황3리,7,0,7
2026-01-31,삼산지건너,4,3,7
2026-01-31,서경리,7,0,7
2026-01-31,송원리(소보방면),1,6,7
2026-01-31,신계리(소보정류장방면),1,6,7
2026-01-31,연호동(종점),7,0,7
2026-01-31,오곡리입구,7,0,7
2026-01-31,외량3리,0,7,7
2026-01-31,용수동1,3,4,7
2026-01-31,이화3리,6,1,7
2026-01-31,인곡리,6,1,7
2026-01-31,팔현마을건너,5,2,7
2026-01-31,하곡리-속골,7,0,7
2026-01-31,하빈우체국앞,2,5,7
2026-01-31,학암2리,7,0,7
2026-01-31,귀남지휴게소2,0,6,6
2026-01-31,금양1리,6,0,6
2026-01-31,금양1리-행골,6,0,6
2026-01-31,금포1교2,4,2,6
2026-01-31,달산,6,0,6
2026-01-31,달산2리-법주,6,0,6
2026-01-31,달산2리-음지말,6,0,6
2026-01-31,도학교2,6,0,6
2026-01-31,무암2리,6,0,6
2026-01-31,문덕1리,4,2,6
2026-01-31,박석진교,0,6,6
2026-01-31,봉황3리,6,0,6
2026-01-31,부남교1,1,5,6
2026-01-31,수북1리-하리마을,4,2,6
2026-01-31,수서,6,0,6
2026-01-31,신화2리,6,0,6
2026-01-31,양방마을앞,6,0,6
2026-01-31,양지리,0,6,6
2026-01-31,양지리,3,3,6
2026-01-31,옥전길 입구,6,0,6
2026-01-31,이지2리,5,1,6
2026-01-31,이현고개삼거리(시외방향),0,6,6
2026-01-31,이화3리,6,0,6
2026-01-31,화북1리,4,2,6
2026-01-31,화북2리,5,1,6
2026-01-31,화수2리,6,0,6
2026-01-31,가암1리,5,0,5
2026-01-31,가태리마을회관앞,5,0,5
2026-01-31,경주최씨종가2,4,1,5
2026-01-31,고곡리,4,1,5
2026-01-31,달성문화원앞,5,0,5
2026-01-31,대암2리1,5,0,5
2026-01-31,마비정길2,5,0,5
2026-01-31,모개월입구,5,0,5
2026-01-31,문덕리 입구,5,0,5
2026-01-31,봉황1리,5,0,5
2026-01-31,삼산2리,5,0,5
2026-01-31,이지1리,0,5,5
2026-01-31,정대리(대구미술광장건너),0,5,5
2026-01-31,정리,1,4,5
2026-01-31,중뫼마을앞,0,5,5
2026-01-31,큰마을건너,0,5,5
2026-01-31,퇴계마을건너,2,3,5
2026-01-31,현대메카닉스앞,0,5,5
2026-01-31,가암1리,1,3,4
2026-01-31,가암2리,4,0,4
2026-01-31,교항리마을입구건너,1,3,4
2026-01-31,구삼폭포건너,0,4,4
2026-01-31,나호리,0,4,4
2026-01-31,내곡마을입구앞,4,0,4
2026-01-31,노행1리,3,1,4
2026-01-31,대구환경공단달성사업소건너,3,1,4
2026-01-31,대암내길1,4,0,4
2026-01-31,마시1리 입구 건너,4,0,4
2026-01-31,매성1리,1,3,4
2026-01-31,매성2리,3,1,4
2026-01-31,무암1리,4,0,4
2026-01-31,미성2리,4,0,4
2026-01-31,미성2리,4,0,4
2026-01-31,병수2리,4,0,4
2026-01-31,봉림2리,4,0,4
2026-01-31,봉황3리,1,3,4
2026-01-31,삼산2리,0,4,4
2026-01-31,연젓마을건너,0,4,4
2026-01-31,연호동,0,4,4
2026-01-31,외량2리,4,0,4
2026-01-31,우록리(부곡장식당),4,0,4
2026-01-31,우록리(숲속전원마을)건너,1,3,4
2026-01-31,우보면사무소,4,0,4
2026-01-31,우보역,1,3,4
2026-01-31,정대2리(큰바위숲)건너,0,4,4
2026-01-31,창평2리,0,4,4
2026-01-31,창평리,1,3,4
2026-01-31,학성2리-용아-괴산-장곡1,0,4,4
2026-01-31,화본리,4,0,4
2026-01-31,화수1리,1,3,4
2026-01-31,가암1리,3,0,3
2026-01-31,거매리,3,0,3
2026-01-31,고매초등학교,0,3,3
2026-01-31,국립식량과학원대구시험지,0,3,3
2026-01-31,노이3리2,2,1,3
2026-01-31,노행1리-산촌마을,3,0,3
2026-01-31,단산리입구2,0,3,3
2026-01-31,달산1리(군위농협옆방면),3,0,3
2026-01-31,달성도서관건너,1,2,3
2026-01-31,달성스포츠파크앞,0,3,3
2026-01-31,대흥리,2,1,3
2026-01-31,도채앞,3,0,3
2026-01-31,동호마을앞,1,2,3
2026-01-31,봉황2리,1,2,3
2026-01-31,산성면 행정복지센터,1,2,3
2026-01-31,석산리,3,0,3
2026-01-31,수서,3,0,3
2026-01-31,양방마을건너,3,0,3
2026-01-31,양지리,3,0,3
2026-01-31,연계1리,3,0,3
2026-01-31,연호역(3번출구)건너,1,2,3
2026-01-31,용리앞,0,3,3
2026-01-31,파전리,0,3,3
2026-01-31,평촌1리,3,0,3
2026-01-31,학성1리,3,0,3
2026-01-31,화수1리,2,1,3
2026-01-31,화수리,3,0,3
2026-01-31,화전리,2,1,3
2026-01-31,가암리,1,1,2
2026-01-31,거매리 로타리,2,0,2
2026-01-31,구라3리1,0,2,2
2026-01-31,노행리앞,0,2,2
2026-01-31,달산2리,2,0,2
2026-01-31,대구환경공단달성사업소앞,0,2,2
2026-01-31,대산,2,0,2
2026-01-31,대암1리2,1,1,2
2026-01-31,도장마을,0,2,2
2026-01-31,동산1리,1,1,2
2026-01-31,매곡2리,2,0,2
2026-01-31,묘2리(전마)건너,0,2,2
2026-01-31,무등1리1,1,1,2
2026-01-31,무암1리,2,0,2
2026-01-31,문덕교회,2,0,2
2026-01-31,문주마을1,1,1,2
2026-01-31,문주마을2,2,0,2
2026-01-31,백학삼거리,2,0,2
2026-01-31,봉림1리,2,0,2
2026-01-31,봉림삼거리,1,1,2
2026-01-31,봉산2리,2,0,2
2026-01-31,봉촌1리2,0,2,2
2026-01-31,불로리,2,0,2
2026-01-31,삼국유사테마파크건너,0,2,2
2026-01-31,상원리(전평못식당)2,0,2,2
2026-01-31,선곡2리,2,0,2
2026-01-31,성2리,1,1,2
2026-01-31,성산리4,0,2,2
2026-01-31,수서1리,0,2,2
2026-01-31,신무1교1,0,2,2
2026-01-31,신무교1,0,2,2
2026-01-31,신세월입구2,0,2,2
2026-01-31,연광시니어타운건너,0,2,2
2026-01-31,연젓마을입구,0,2,2
2026-01-31,오리(양지마을앞),1,1,2
2026-01-31,오천리,2,0,2
2026-01-31,용화사건너,0,2,2
2026-01-31,우보면사무소,0,2,2
2026-01-31,원산2리,2,0,2
2026-01-31,위성리,1,1,2
2026-01-31,유곡리,2,0,2
2026-01-31,이화리,0,2,2
2026-01-31,장군2리,0,2,2
2026-01-31,정대숲건너,0,2,2
2026-01-31,정리,2,0,2
2026-01-31,중심마을1,1,1,2
2026-01-31,청수송어장낚시터,0,2,2
2026-01-31,하목정(종점),0,2,2
2026-01-31,하빈체육공원건너,0,2,2
2026-01-31,현내2리중방마을앞,0,2,2
2026-01-31,현풍읍행정복지센터앞,0,2,2
2026-01-31,화계,2,0,2
2026-01-31,화북2리,2,0,2
2026-01-31,가암리,0,1,1
2026-01-31,감문1리4,1,0,1
2026-01-31,고곡리,1,0,1
2026-01-31,구라1리1,0,1,1
2026-01-31,구라리2,0,1,1
2026-01-31,군위군농산물공판장,1,0,1
2026-01-31,김흥2리앞,1,0,1
2026-01-31,내량2리,1,0,1
2026-01-31,내리2,0,1,1
2026-01-31,노이2리건너,0,1,1
2026-01-31,노행1리-산촌마을,0,1,1
2026-01-31,농연서당1,0,1,1
2026-01-31,단산리(송하빌라)2,0,1,1
2026-01-31,달산-양산골,1,0,1
2026-01-31,달산-양산골,1,0,1
2026-01-31,달산3리-홈골,1,0,1
2026-01-31,대흥2리,0,1,1
2026-01-31,도채건너,0,1,1
2026-01-31,두천마을입구,0,1,1
2026-01-31,마시1리,1,0,1
2026-01-31,마시1리 입구,1,0,1
2026-01-31,매곡1리경로회관,1,0,1
2026-01-31,묘1리,1,0,1
2026-01-31,무등2리,0,1,1
2026-01-31,무등보건진료소앞,0,1,1
2026-01-31,무암2리,0,1,1
2026-01-31,미성1리 입구,1,0,1
2026-01-31,미성교,0,1,1
2026-01-31,백학2리,0,1,1
2026-01-31,병수2리 마을회관,1,0,1
2026-01-31,본리2리1,0,1,1
2026-01-31,봉산2리,0,1,1
2026-01-31,봉산리,1,0,1
2026-01-31,봉황1리,1,0,1
2026-01-31,사직1리,0,1,1
2026-01-31,사효교2,0,1,1
2026-01-31,산대 전원마을,1,0,1
2026-01-31,산성면 행정복지센터,0,1,1
2026-01-31,삼산2리,1,0,1
2026-01-31,상중심마을1,0,1,1
2026-01-31,석산리,0,1,1
2026-01-31,송원리,0,1,1
2026-01-31,수서2리,1,0,1
2026-01-31,숙천2동마을회관앞,0,1,1
2026-01-31,양리2,1,0,1
2026-01-31,연경숲아파트건너,0,1,1
2026-01-31,연계2리,0,1,1
2026-01-31,열병합발전소건너,1,0,1
2026-01-31,열병합발전소앞,0,1,1
2026-01-31,옥전길 입구,1,0,1
2026-01-31,외량리,1,0,1
2026-01-31,외량리,1,0,1
2026-01-31,음리2,0,1,1
2026-01-31,인각사,1,0,1
2026-01-31,제2석굴암,0,1,1
2026-01-31,창평리,1,0,1
2026-01-31,파전리,1,0,1
2026-01-31,화수리,0,1,1
2026-02-28,약령시건너(동성로입구),137869,23345,161214
2026-02-28,경상감영공원앞,87272,50320,137592
2026-02-28,상인현대맨션건너,101183,22673,123856
2026-02-28,동대구역건너,87525,31980,119505
2026-02-28,약령시앞,75476,30923,106399
2026-02-28,동대구역,77172,25548,102720
2026-02-28,2.28기념중앙공원앞,75887,17381,93268
2026-02-28,반월당역(2번출구),64007,28652,92659
2026-02-28,아양교역(1번출구),48006,41402,89408
2026-02-28,동대구역복합환승센터앞,62174,24414,86588
2026-02-28,동구청건너,63509,22543,86052
2026-02-28,CGV대구한일건너,64349,16260,80609
2026-02-28,경상감영공원건너,60362,12447,72809
2026-02-28,서부정류장1,60122,10741,70863
2026-02-28,동대구역복합환승센터건너,59126,10109,69235
2026-02-28,진천역(2번출구),39796,28573,68369
2026-02-28,서부정류장(관문시장건너),52391,9448,61839
2026-02-28,곽병원건너,34182,21372,55554
2026-02-28,2.28기념중앙공원건너1,41927,13365,55292
2026-02-28,큰장네거리1,47156,8079,55235
2026-02-28,아양교역(2번출구),46624,8397,55021
2026-02-28,섬유회관앞,39386,14278,53664
2026-02-28,경신고등학교앞,42764,10113,52877
2026-02-28,서구청건너,44500,7650,52150
2026-02-28,경신고등학교건너,44363,6368,50731
2026-02-28,강남약국건너,41120,9494,50614
2026-02-28,산격종합시장앞,38309,11457,49766
2026-02-28,산격대우아파트앞,41196,7510,48706
2026-02-28,동구청앞,38729,9386,48115
2026-02-28,감삼역(3번출구),33156,13621,46777
2026-02-28,진천역(1번출구),39909,6248,46157
2026-02-28,서구청앞,34880,11254,46134
2026-02-28,평화시장(닭똥집골목)앞,34753,9754,44507
2026-02-28,칠성시장앞1,33568,10006,43574
2026-02-28,북부정류장,32553,10234,42787
2026-02-28,영진고등학교앞,27417,14108,41525
2026-02-28,대구역앞,32656,8261,40917
2026-02-28,두류역(달성고등학교앞),30344,10483,40827
2026-02-28,복현오거리1,32967,7168,40135
2026-02-28,그랜드호텔앞,30835,9019,39854
2026-02-28,이시아폴리스더샵3단지,36275,3474,39749
2026-02-28,큰장네거리2,25764,13683,39447
2026-02-28,서부정류장(관문시장앞),31258,7150,38408
2026-02-28,영진전문대학교후문앞,25797,12078,37875
2026-02-28,반월당역(1번출구)1,30185,7682,37867
2026-02-28,대구은행북비산지점앞,31118,6633,37751
2026-02-28,동아백화점수성점앞,35353,2172,37525
2026-02-28,신매광장앞,30552,6409,36961
2026-02-28,그랜드호텔건너,25829,11119,36948
2026-02-28,만촌역(1번출구)2,30984,5854,36838
2026-02-28,북부정류장건너,27227,9494,36721
2026-02-28,강남약국앞1,27956,8610,36566
2026-02-28,화원초등학교건너,32574,3757,36331
2026-02-28,서부정류장역1(1번출구),15950,19415,35365
2026-02-28,만촌육교1,30494,4696,35190
2026-02-28,불로전통시장건너,31853,2968,34821
2026-02-28,용산네거리2,28421,6384,34805
2026-02-28,상인역(1번출구),18448,16181,34629
2026-02-28,섬유회관건너1,21744,12831,34575
2026-02-28,서부시장건너,26520,7932,34452
2026-02-28,봉덕1동행정복지센터앞,21226,12967,34193
2026-02-28,복현우체국건너,29044,5007,34051
2026-02-28,경북대학교병원앞,27577,6188,33765
2026-02-28,경북대학교북문건너,30900,2716,33616
2026-02-28,칠성시장건너,23714,9653,33367
2026-02-28,한영한마음아동병원앞,21479,10998,32477
2026-02-28,상인현대맨션앞,10985,20656,31641
2026-02-28,계명대학교동문건너2,24919,6720,31639
2026-02-28,서남시장건너,21134,10451,31585
2026-02-28,영남고등학교앞,26647,4932,31579
2026-02-28,공고네거리1,21594,9959,31553
2026-02-28,범물1동행정복지센터앞,28387,2901,31288
2026-02-28,KT동대구지사건너,18763,12126,30889
2026-02-28,팔달시장앞,22581,8230,30811
2026-02-28,대구은행역(2번출구),24684,6108,30792
2026-02-28,수성경찰서건너,23903,6847,30750
2026-02-28,2차서한화성타운건너,27763,2916,30679
2026-02-28,중구청앞,17594,12996,30590
2026-02-28,법원앞,24566,5693,30259
2026-02-28,서대구역(남측)1,24881,5246,30127
2026-02-28,봉산문화거리건너,19215,10839,30054
2026-02-28,대구과학대학교2,26189,3705,29894
2026-02-28,대구역건너,23396,5949,29345
2026-02-28,더샵달서센트럴아파트건너,23905,5234,29139
2026-02-28,팔달시장건너,24384,4741,29125
2026-02-28,성서주공2단지앞,26188,2783,28971
2026-02-28,현대해상건너,20991,7898,28889
2026-02-28,서부시장앞,21530,7313,28843
2026-02-28,명덕역(6번출구),21006,7752,28758
2026-02-28,농협중앙회앞,16393,12347,28740
2026-02-28,대구제일고등학교앞,15497,13230,28727
2026-02-28,월성주공4단지건너,24524,4146,28670
2026-02-28,약령시입구,25337,3014,28351
2026-02-28,새길시장앞,23647,4622,28269
2026-02-28,경북대학교치과병원,17800,10390,28190
2026-02-28,수목원삼성래미안1차건너,12518,15581,28099
2026-02-28,대실역(2번출구),26507,1397,27904
2026-02-28,수성구청앞,20446,7406,27852
2026-02-28,큰장네거리4,20299,7472,27771
2026-02-28,법원건너,13719,13906,27625
2026-02-28,아양교2,12050,15400,27450
2026-02-28,달서교회앞,17422,9833,27255
2026-02-28,안지랑네거리2,19944,7214,27158
2026-02-28,곽병원앞1,18225,8887,27112
2026-02-28,태전역1,19899,7142,27041
2026-02-28,파티마병원건너1,12170,14824,26994
2026-02-28,코스트코홀세일앞/복현화성타운건너,24810,2180,26990
2026-02-28,수성구보건소건너,24044,2638,26682
2026-02-28,화원초등학교앞,17845,8832,26677
2026-02-28,성당시장앞2,23848,2668,26516
2026-02-28,만평역(서대구고속버스터미널)2,18902,7587,26489
2026-02-28,유가읍행정복지센터건너,22846,3621,26467
2026-02-28,구)대영학원앞,18803,7508,26311
2026-02-28,평리청구타운앞,20195,5974,26169
2026-02-28,CGV대구한일앞,22787,3360,26147
2026-02-28,동대구역화성파크드림,15403,10739,26142
2026-02-28,영대병원역,22777,3335,26112
2026-02-28,대구제일고등학교건너,18838,7262,26100
2026-02-28,대곡강산타운,24087,1982,26069
2026-02-28,진달래아파트앞,17990,7899,25889
2026-02-28,상인역e-편한세상앞,6263,19625,25888
2026-02-28,경북대학교북문앞,15197,10637,25834
2026-02-28,수성경찰서앞,16104,9725,25829
2026-02-28,성서종합시장앞,20798,5003,25801
2026-02-28,경대사대부설고등학교앞,16664,9129,25793
2026-02-28,동서화성타운건너,24365,1314,25679
2026-02-28,대구콘서트하우스건너,12316,13352,25668
2026-02-28,수성구청건너,15913,9748,25661
2026-02-28,평리청구타운건너,20317,5270,25587
2026-02-28,성모여성의원앞,17384,8116,25500
2026-02-28,대구고등학교건너,18224,7240,25464
2026-02-28,남문시장앞,17229,8004,25233
2026-02-28,대구은행역(1번출구),18747,6218,24965
2026-02-28,대명시장앞,20850,4107,24957
2026-02-28,복현대백맨션건너,22253,2695,24948
2026-02-28,서대구역(남측)2,17538,7153,24691
2026-02-28,영대병원역(3번출구),17482,7156,24638
2026-02-28,신매광장건너,19661,4901,24562
2026-02-28,대구국제공항앞,16625,7713,24338
2026-02-28,대명역(1번출구),20313,4016,24329
2026-02-28,세강병원앞,7268,16955,24223
2026-02-28,큰장네거리3,19712,4504,24216
2026-02-28,방촌시장건너,21797,2378,24175
2026-02-28,성당시장건너,18833,5312,24145
2026-02-28,한전서대구지사건너,15593,8481,24074
2026-02-28,이마트칠성점앞,21763,2280,24043
2026-02-28,메트로팔레스2,21373,2657,24030
2026-02-28,대구중앙중고등학교앞,17921,6010,23931
2026-02-28,월성e-편한세상건너,17408,6337,23745
2026-02-28,서대구세무서,7156,16588,23744
2026-02-28,월성2동행정복지센터앞,21373,2358,23731
2026-02-28,영진전문대학교후문건너,18172,5523,23695
2026-02-28,죽전네거리1,19656,3823,23479
2026-02-28,용산역(2번출구),20267,3204,23471
2026-02-28,용산2동행정복지센터앞,20238,3184,23422
2026-02-28,KT남대구지사앞1,17146,6182,23328
2026-02-28,수성대학교건너,18381,4905,23286
2026-02-28,칠곡운암역1,19548,3674,23222
2026-02-28,대구중앙중고등학교건너,19017,4160,23177
2026-02-28,대구역북편네거리2,12184,10840,23024
2026-02-28,중구청건너,18274,4668,22942
2026-02-28,침산코오롱하늘채앞,19807,3124,22931
2026-02-28,두류스타힐스앞,18070,4705,22775
2026-02-28,팔달신시장,17811,4963,22774
2026-02-28,평화시장(닭똥집골목)건너,16738,5980,22718
2026-02-28,신세계병원건너,12809,9835,22644
2026-02-28,두류역(달성고등학교건너),17029,5593,22622
2026-02-28,서문시장,17891,4546,22437
2026-02-28,신암2동우체국,14826,7592,22418
2026-02-28,원대역1,11157,11177,22334
2026-02-28,명덕역(7번출구),16292,6006,22298
2026-02-28,원대역2,19014,3038,22052
2026-02-28,비산지하도2,17686,4327,22013
2026-02-28,대구동부고용복지플러스센터,16521,5446,21967
2026-02-28,죽전네거리2,17585,4360,21945
2026-02-28,달서교회건너,16598,5339,21937
2026-02-28,태전역2,18792,3092,21884
2026-02-28,계명대학교동문앞,12202,9562,21764
2026-02-28,대구과학기술고등학교앞,20263,1456,21719
2026-02-28,조암초등학교앞,19706,1957,21663
2026-02-28,도시철도담티역(1번출구),17265,4348,21613
2026-02-28,한전동대구지사,17825,3751,21576
2026-02-28,남문시장건너2,9434,12105,21539
2026-02-28,산격주공아파트앞,18767,2750,21517
2026-02-28,경북대학교정문앞,16594,4842,21436
2026-02-28,명성푸르지오앞,19481,1931,21412
2026-02-28,한국폴리텍VI대구대학건너,15825,5587,21412
2026-02-28,메트로팔레스1,17827,3486,21313
2026-02-28,수성대학교앞,11206,9993,21199
2026-02-28,2호선반월당역1,16428,4720,21148
2026-02-28,기업은행대곡지점앞,20410,657,21067
2026-02-28,영진고등학교건너,17612,3439,21051
2026-02-28,중리롯데캐슬앞,17108,3928,21036
2026-02-28,제일여자상업고등학교건너,17086,3937,21023
2026-02-28,팔레스호텔건너,17146,3859,21005
2026-02-28,서구시장건너,16058,4928,20986
2026-02-28,문성병원앞,15958,5027,20985
2026-02-28,남산역건너,14926,5878,20804
2026-02-28,수성롯데캐슬더퍼스트앞,15666,5127,20793
2026-02-28,대구삼성창조캠퍼스3,13244,7533,20777
2026-02-28,동대구역지하도2,17023,3750,20773
2026-02-28,원대동행정복지센터앞,17136,3543,20679
2026-02-28,대백인터빌건너,14662,5947,20609
2026-02-28,우방강촌마을건너,19433,1117,20550
2026-02-28,내당삼익맨션앞,11185,9334,20519
2026-02-28,공단역2,13926,6553,20479
2026-02-28,불로삼거리,13257,7167,20424
2026-02-28,서재금봉타운건너,19642,769,20411
2026-02-28,욱수초등학교앞,19381,1012,20393
2026-02-28,용계삼거리1,11317,9024,20341
2026-02-28,대실역(4번출구),19581,592,20173
2026-02-28,무태네거리(시내방향),14590,5544,20134
2026-02-28,현대해상앞,16588,3535,20123
2026-02-28,계명문화대학교앞,6086,13955,20041
2026-02-28,송현역(3번출구),12260,7728,19988
2026-02-28,수목원삼성래미안1차앞,15131,4845,19976
2026-02-28,정화우방팔레스건너,17307,2669,19976
2026-02-28,화원고등학교앞,5372,14473,19845
2026-02-28,대구공공시설관리공단앞,8077,11732,19809
2026-02-28,반야월역(2번출구),18872,915,19787
2026-02-28,설화명곡역우방아이유쉘건너,4294,15474,19768
2026-02-28,동대구시장앞,14846,4850,19696
2026-02-28,칠곡그린파크2,16348,3291,19639
2026-02-28,신평리네거리2,14958,4657,19615
2026-02-28,경북대학교병원건너,12215,7345,19560
2026-02-28,구.남부정류장앞1,16408,3132,19540
2026-02-28,우방청솔맨션앞,11474,8064,19538
2026-02-28,서남시장앞1,15822,3688,19510
2026-02-28,대구과학대학교1,12919,6568,19487
2026-02-28,성모여성의원건너,15494,3908,19402
2026-02-28,명덕초등학교앞,14428,4929,19357
2026-02-28,KT서대구지사건너,15465,3719,19184
2026-02-28,현충로역(3번출구),15059,4106,19165
2026-02-28,대실역(1번출구),13029,6092,19121
2026-02-28,범어역(1번출구),15559,3538,19097
2026-02-28,현충로역(4번출구),13001,6086,19087
2026-02-28,중동시장앞,16520,2550,19070
2026-02-28,대구은행제2본점앞,13849,5166,19015
2026-02-28,대명시장건너,15245,3752,18997
2026-02-28,대구역북편네거리1,15929,3028,18957
2026-02-28,시지보성아파트앞,12514,6387,18901
2026-02-28,와룡시장앞,12172,6716,18888
2026-02-28,강창역(2번출구),18016,871,18887
2026-02-28,구병원앞,13566,5309,18875
2026-02-28,상동우체국앞,16417,2389,18806
2026-02-28,대구콘서트하우스앞,14322,4476,18798
2026-02-28,대명공연거리건너,12312,6436,18748
2026-02-28,상인역(5번출구),3580,15155,18735
2026-02-28,안지랑네거리1,14337,4289,18626
2026-02-28,상인우방아파트,8772,9822,18594
2026-02-28,안심지구대앞,16094,2355,18449
2026-02-28,KT서대구지사앞,11129,7285,18414
2026-02-28,방촌시장앞,12269,6121,18390
2026-02-28,명덕초등학교건너,11051,7274,18325
2026-02-28,황금네거리1,17037,1288,18325
2026-02-28,불로전통시장앞,12752,5514,18266
2026-02-28,대구은행칠곡지점앞,14782,3471,18253
2026-02-28,문화예술회관건너,13864,4380,18244
2026-02-28,월성청구코아건너,16362,1878,18240
2026-02-28,신평리네거리1,10158,8002,18160
2026-02-28,트레이더스홀세일클럽비산점앞,15033,3126,18159
2026-02-28,수성네거리2,13907,4185,18092
2026-02-28,화원고등학교건너,16855,1236,18091
2026-02-28,침산3동행정복지센터,16111,1932,18043
2026-02-28,동대구역지하도1,12621,5399,18020
2026-02-28,경북아파트건너(신천동),3925,14032,17957
2026-02-28,칠곡그린파크1,14511,3433,17944
2026-02-28,세천초등학교앞,17329,594,17923
2026-02-28,진달래아파트건너,12855,5043,17898
2026-02-28,대구가톨릭대학병원건너,14608,3239,17847
2026-02-28,올림픽기념관앞,15158,2666,17824
2026-02-28,대구가톨릭대학병원앞,15093,2727,17820
2026-02-28,만평네거리,10452,7237,17689
2026-02-28,칠성시장역(서문프라자앞),16063,1616,17679
2026-02-28,북구청건너,13509,4168,17677
2026-02-28,한전서대구지사앞,13555,4115,17670
2026-02-28,칠곡에덴타운앞,11916,5740,17656
2026-02-28,북구청역(4번출구),15073,2542,17615
2026-02-28,대구공공시설관리공단건너,13644,3969,17613
2026-02-28,동서화성타운앞,13902,3702,17604
2026-02-28,범물청구타운앞,15106,2496,17602
2026-02-28,한가람타운앞,14375,3209,17584
2026-02-28,정화우방팔레스,11843,5700,17543
2026-02-28,계명대학교 대구동산병원앞1,14129,3393,17522
2026-02-28,불로우방아파트앞,14141,3363,17504
2026-02-28,대신미싱골목앞,11383,6064,17447
2026-02-28,2차서한화성타운앞,12923,4505,17428
2026-02-28,반야월역(3번출구),10323,7060,17383
2026-02-28,검단유성아파트앞,14903,2438,17341
2026-02-28,동인찜갈비골목건너,11706,5557,17263
2026-02-28,대구고용복지플러스센터건너,10997,6258,17255
2026-02-28,대백프라자건너,13431,3786,17217
2026-02-28,아양교3,1885,15325,17210
2026-02-28,두류정수사업소건너,15610,1594,17204
2026-02-28,고산도서관,12870,4299,17169
2026-02-28,월성e-편한세상앞,12918,4231,17149
2026-02-28,대구은행북비산지점건너1,13212,3727,16939
2026-02-28,성서종합시장건너,11286,5619,16905
2026-02-28,방천시장(김광석길)건너,12585,4303,16888
2026-02-28,두류수영장앞,12856,3999,16855
2026-02-28,보성화성타운건너,14594,2201,16795
2026-02-28,만촌역(2번출구),9597,7162,16759
2026-02-28,서대구초등학교입구,12492,4208,16700
2026-02-28,캐슬골드파크(1102동),13469,3218,16687
2026-02-28,연암네거리1,12006,4658,16664
2026-02-28,중동시장건너,11361,5295,16656
2026-02-28,현대백화점.동아쇼핑건너,11126,5456,16582
2026-02-28,봉덕교회건너,14070,2472,16542
2026-02-28,봉산문화거리앞,13211,3270,16481
2026-02-28,월성푸르지오앞,12311,4158,16469
2026-02-28,경북대학교 경상대학앞,14473,1929,16402
2026-02-28,KT동대구지사앞,14380,2006,16386
2026-02-28,수성시장네거리2,11814,4543,16357
2026-02-28,유니버시아드선수촌2단지건너,12286,4046,16332
2026-02-28,칠곡운암역2,11579,4720,16299
2026-02-28,공단역1,10129,6155,16284
2026-02-28,수성3가롯데캐슬앞,9942,6339,16281
2026-02-28,복현오거리2,11068,5209,16277
2026-02-28,국민건강보험공단건너,14176,2063,16239
2026-02-28,태전삼거리2,12234,3999,16233
2026-02-28,경북예고앞,13603,2599,16202
2026-02-28,동인찜갈비골목앞,11018,5161,16179
2026-02-28,동아백화점수성점건너,9900,6259,16159
2026-02-28,월성주공4단지앞2,11589,4482,16071
2026-02-28,유가읍행정복지센터앞,9878,6193,16071
2026-02-28,유천교(진천초등학교앞),9446,6596,16042
2026-02-28,사월역(4번출구),9471,6476,15947
2026-02-28,대명역(2번출구),12831,3096,15927
2026-02-28,청구고등학교앞,12844,3059,15903
2026-02-28,월촌역(6번출구),13944,1905,15849
2026-02-28,두류수영장건너,11620,4135,15755
2026-02-28,두리봉네거리1,4348,11407,15755
2026-02-28,구)대영학원건너,12298,3424,15722
2026-02-28,침산화성파크드림앞,13076,2621,15697
2026-02-28,문화예술회관앞,12476,3214,15690
2026-02-28,대구학교지원센터건너 (대구학생예술창작터건너),6816,8815,15631
2026-02-28,성당두산위브앞,14244,1375,15619
2026-02-28,오페라삼정그린코아APT,9693,5840,15533
2026-02-28,대명공연거리앞,11964,3524,15488
2026-02-28,올림픽기념관건너,11548,3922,15470
2026-02-28,문성병원건너,11330,4117,15447
2026-02-28,성서우방타운건너,12283,3149,15432
2026-02-28,방촌역(1번출구),11761,3582,15343
2026-02-28,원대시장앞,9936,5405,15341
2026-02-28,대구교육대앞,12295,3045,15340
2026-02-28,범어쌍용예가건너(호텔라온제나),10355,4985,15340
2026-02-28,한국폴리텍VI대구대학앞,10119,5187,15306
2026-02-28,대백한라무지개타운건너,14293,1003,15296
2026-02-28,경북대체육센터건너,14145,1141,15286
2026-02-28,지산목련아파트건너,14008,1230,15238
2026-02-28,월성청구코아앞,11061,4070,15131
2026-02-28,더샵디어엘로아파트,12387,2725,15112
2026-02-28,대구도시개발공사앞,11994,3081,15075
2026-02-28,상록아파트,14831,235,15066
2026-02-28,동호육교2,14504,469,14973
2026-02-28,봉덕시장앞1,13561,1377,14938
2026-02-28,대구농업마이스터고건너,12412,2512,14924
2026-02-28,청구그린맨션1차앞,12167,2732,14899
2026-02-28,사수초등학교앞,14630,254,14884
2026-02-28,죽전119안전센터앞,10458,4287,14745
2026-02-28,수창공원앞(중구보건소건너),10151,4573,14724
2026-02-28,도시철도담티역(3번출구),10692,3959,14651
2026-02-28,상인비둘기2단지아파트앞,12228,2375,14603
2026-02-28,2호선반월당역2,10150,4384,14534
2026-02-28,대명초등학교앞,10182,4351,14533
2026-02-28,서구시장앞,10008,4525,14533
2026-02-28,성당코오롱하늘채2,9727,4731,14458
2026-02-28,달서구청건너,11547,2906,14453
2026-02-28,봉무공원앞,10425,3966,14391
2026-02-28,사월역(2번출구),11928,2438,14366
2026-02-28,대구과학기술고등학교건너,7989,6225,14214
2026-02-28,국민건강보험공단앞,8387,5788,14175
2026-02-28,장기초록나라건너,7341,6828,14169
2026-02-28,범물한라주택건너,13614,552,14166
2026-02-28,대구교통공사앞,12815,1320,14135
2026-02-28,고산2동행정복지센터건너,9640,4459,14099
2026-02-28,송현역(2번출구),11538,2523,14061
2026-02-28,상인동서타운앞,12664,1338,14002
2026-02-28,대곡역(1번출구),11930,2063,13993
2026-02-28,캐슬골드파크4단지앞,12086,1905,13991
2026-02-28,대구학교지원센터앞 (대구학생예술창작터앞),10532,3456,13988
2026-02-28,구.동부정류장(메트로팔레스),9341,4639,13980
2026-02-28,수성시장네거리1,11287,2677,13964
2026-02-28,월배역(4번출구),9532,4399,13931
2026-02-28,반야월시장2,12375,1501,13876
2026-02-28,지저동행정복지센터건너,12016,1850,13866
2026-02-28,감삼네거리1,8641,5223,13864
2026-02-28,계명대학교대명캠퍼스앞,8620,5234,13854
2026-02-28,고산2동행정복지센터앞,12465,1274,13739
2026-02-28,신암공원,12058,1618,13676
2026-02-28,북구청역(3번출구),9174,4470,13644
2026-02-28,남산초등학교앞,8602,5030,13632
2026-02-28,월배역(3번출구),9043,4582,13625
2026-02-28,대구교육대건너,8365,5241,13606
2026-02-28,월배시장건너,8114,5428,13542
2026-02-28,내당코오롱아파트건너,5446,8076,13522
2026-02-28,경진초등학교앞,12444,1053,13497
2026-02-28,황금네거리2,7773,5722,13495
2026-02-28,동인초등학교건너,9409,4049,13458
2026-02-28,월촌역(7번출구),11421,2032,13453
2026-02-28,동도중학교앞,11230,2209,13439
2026-02-28,동촌강나루아파트앞,4551,8881,13432
2026-02-28,동서변리벤빌,11918,1493,13411
2026-02-28,북구청앞,8839,4569,13408
2026-02-28,광장타운앞,10495,2908,13403
2026-02-28,대구교통방송앞,11717,1658,13375
2026-02-28,구병원건너,7784,5579,13363
2026-02-28,강북경찰서앞,12334,994,13328
2026-02-28,서남시장앞2,11193,2121,13314
2026-02-28,월성주공2단지앞,10988,2299,13287
2026-02-28,조암초등학교건너,10961,2315,13276
2026-02-28,반야월시장1,9189,4082,13271
2026-02-28,청구그린맨션1차건너,10591,2670,13261
2026-02-28,태전삼거리1,8645,4602,13247
2026-02-28,대곡주공2단지앞,12587,638,13225
2026-02-28,고산역화성파크드림건너,10249,2968,13217
2026-02-28,대일아파트건너,8001,5215,13216
2026-02-28,방천시장(김광석길)앞,10120,3063,13183
2026-02-28,한영한마음아동병원건너,10047,3134,13181
2026-02-28,퀸벨호텔건너,11471,1707,13178
2026-02-28,경일여자고등학교건너,11703,1454,13157
2026-02-28,영남이공대학교앞,11803,1316,13119
2026-02-28,경북예고건너,7046,6066,13112
2026-02-28,한전동대구지사건너,9892,3201,13093
2026-02-28,계명대학교대명캠퍼스건너,8617,4463,13080
2026-02-28,대평리시장,12284,783,13067
2026-02-28,성서119안전센터앞,12461,600,13061
2026-02-28,수성도서관건너,10299,2760,13059
2026-02-28,대구보건고등학교건너,8260,4759,13019
2026-02-28,산격중학교건너,5409,7594,13003
2026-02-28,곽병원앞2,9485,3508,12993
2026-02-28,도남힐스테이트3단지앞,12216,767,12983
2026-02-28,계명대학교정문건너,11822,1094,12916
2026-02-28,칠곡에덴타운건너,9186,3728,12914
2026-02-28,동부소방서건너,766,12093,12859
2026-02-28,신세계병원앞,5944,6908,12852
2026-02-28,범어역(2번출구),8749,4093,12842
2026-02-28,시지중학교,11824,973,12797
2026-02-28,TBC건너,11893,879,12772
2026-02-28,대동시장2,11832,933,12765
2026-02-28,신암4동행정복지센터앞,3878,8876,12754
2026-02-28,성동초등학교앞,11011,1724,12735
2026-02-28,대구차여성병원앞,10897,1832,12729
2026-02-28,복현우체국앞,6615,5976,12591
2026-02-28,명곡리1,11856,725,12581
2026-02-28,수성구보건소앞,8223,4357,12580
2026-02-28,한국농어촌공사건너,7179,5260,12439
2026-02-28,신기역(화성타운앞),10219,2186,12405
2026-02-28,만촌역서한포레스트앞,5879,6495,12374
2026-02-28,대구고용복지플러스센터앞,9169,3204,12373
2026-02-28,대구보건대학교3,8162,4209,12371
2026-02-28,유천포스코앞,9393,2977,12370
2026-02-28,광명프레지던트아파트건너,8286,4024,12310
2026-02-28,월배시장앞,11149,1127,12276
2026-02-28,대백인터빌앞,8647,3602,12249
2026-02-28,고산역화성파크드림앞,8967,3281,12248
2026-02-28,불로동고분군건너,9388,2857,12245
2026-02-28,상인장미아파트앞,9378,2841,12219
2026-02-28,엑스코앞,10358,1846,12204
2026-02-28,대곡주공8단지앞,10462,1735,12197
2026-02-28,남산역,8892,3295,12187
2026-02-28,이마트월배점건너,8356,3821,12177
2026-02-28,용산종합큰시장건너,11168,967,12135
2026-02-28,비산초등학교앞,10402,1684,12086
2026-02-28,모다아울렛건너,10491,1577,12068
2026-02-28,대명초등학교건너,7246,4818,12064
2026-02-28,수성네거리1,8967,3096,12063
2026-02-28,우방청솔맨션건너,8647,3407,12054
2026-02-28,달서구청앞,7578,4442,12020
2026-02-28,남구청건너2,5204,6815,12019
2026-02-28,대우트럼프월드수성건너,10506,1499,12005
2026-02-28,남산초등학교건너,10013,1979,11992
2026-02-28,지산타운건너,11162,828,11990
2026-02-28,봉덕1동행정복지센터건너,7186,4790,11976
2026-02-28,청구고등학교건너,9589,2383,11972
2026-02-28,침산화성파크드림건너,9257,2685,11942
2026-02-28,만촌2동행정복지센터,10741,1174,11915
2026-02-28,수목원제일풍경채앞,11809,94,11903
2026-02-28,큰고개오거리1,10760,1129,11889
2026-02-28,남부경찰서앞,7981,3902,11883
2026-02-28,평화타운건너,10549,1325,11874
2026-02-28,성서우방타운앞,8249,3573,11822
2026-02-28,침산네거리1,9887,1892,11779
2026-02-28,제일여자상업고등학교앞,9889,1887,11776
2026-02-28,만촌태왕리더스앞1,4428,7342,11770
2026-02-28,월성주공5단지앞,5816,5951,11767
2026-02-28,동성초등학교건너,3179,8555,11734
2026-02-28,만촌육교2,5599,6131,11730
2026-02-28,한화꿈에그린앞,9470,2257,11727
2026-02-28,용산네거리1,8119,3604,11723
2026-02-28,수성구민운동장앞,6002,5716,11718
2026-02-28,죽전역(1번출구),9448,2243,11691
2026-02-28,대구고등학교앞,7209,4460,11669
2026-02-28,대봉교회,9125,2531,11656
2026-02-28,두류동우체국앞,6628,5021,11649
2026-02-28,대자연맨션,11229,398,11627
2026-02-28,미리내맨션건너,10836,764,11600
2026-02-28,대구농업마이스터고앞,4285,7309,11594
2026-02-28,과학마을청아람앞,11039,544,11583
2026-02-28,홈플러스내당점건너,10311,1251,11562
2026-02-28,대명1동행정복지센터앞,8193,3345,11538
2026-02-28,보성화성타운앞,5447,6026,11473
2026-02-28,율하역(2번출구),8180,3279,11459
2026-02-28,대구반도체마이스터고등학교 앞,10174,1273,11447
2026-02-28,대구차여성병원건너,4645,6792,11437
2026-02-28,태왕메트로시티후문,9367,2045,11412
2026-02-28,대구공공시설관리공단동부사업소건너,9906,1487,11393
2026-02-28,남대구IC1,10571,813,11384
2026-02-28,비산지하도1,7136,4242,11378
2026-02-28,수성더팰리스푸르지오더샵아파트앞,10829,499,11328
2026-02-28,영남일보앞,8265,3057,11322
2026-02-28,전자상가,9575,1739,11314
2026-02-28,두류공원네거리1,10394,913,11307
2026-02-28,학산초등학교건너,9152,2129,11281
2026-02-28,동대구시장건너,8750,2525,11275
2026-02-28,유니버시아드레포츠센터건너,6959,4304,11263
2026-02-28,동성초등학교앞,7620,3633,11253
2026-02-28,수성알파시티역(1번출구),7458,3773,11231
2026-02-28,칠곡동화아파트앞,9675,1517,11192
2026-02-28,캐슬골드파크(1504동),8322,2869,11191
2026-02-28,성당래미안e-편한세상앞,8220,2958,11178
2026-02-28,성서용산시장앞,9976,1182,11158
2026-02-28,반야월역(1번출구),3283,7832,11115
2026-02-28,송원맨션건너,9666,1426,11092
2026-02-28,KT남대구지사건너1,7732,3352,11084
2026-02-28,퀸벨호텔앞,5279,5792,11071
2026-02-28,중동교1,5127,5916,11043
2026-02-28,공고네거리2,8378,2660,11038
2026-02-28,광장타운건너,8492,2522,11014
2026-02-28,대구공업대학교1,8781,2227,11008
2026-02-28,대구병원건너,9687,1321,11008
2026-02-28,지산한라타운건너,10292,691,10983
2026-02-28,반월당역(1번출구)2,7499,3466,10965
2026-02-28,계명대역(3번출구),9175,1779,10954
2026-02-28,대원유치원건너,5460,5451,10911
2026-02-28,무태네거리(시외방향),5242,5657,10899
2026-02-28,동대구역(2번출구)건너,8771,2124,10895
2026-02-28,대구여자상업고등학교앞,8639,2242,10881
2026-02-28,북구선거관리위원회앞,6880,3972,10852
2026-02-28,국민연금네거리,8341,2484,10825
2026-02-28,유천교1,7969,2855,10824
2026-02-28,대구은행칠곡지점건너,8322,2475,10797
2026-02-28,국채보상운동기념공원,5553,5217,10770
2026-02-28,대구보건대학교4,8229,2539,10768
2026-02-28,수성못오거리1,7149,3619,10768
2026-02-28,달성중학교앞,5145,5591,10736
2026-02-28,대구보건고등학교앞,8294,2441,10735
2026-02-28,만경관건너,6119,4613,10732
2026-02-28,무태조야동행정복지센터앞2,10210,509,10719
2026-02-28,상인동화아이위시아파트건너,9942,720,10662
2026-02-28,팔공정보문화센터앞,8693,1941,10634
2026-02-28,상수도사업본부시설관리소건너,8857,1753,10610
2026-02-28,대곡역(2번출구),7136,3469,10605
2026-02-28,매곡사거리2,10292,266,10558
2026-02-28,동촌화성타운건너,9449,1106,10555
2026-02-28,대곡역그린빌,6501,4040,10541
2026-02-28,대구광역시교육연수원건너,9538,1002,10540
2026-02-28,섬유회관건너2,6724,3806,10530
2026-02-28,안심지구대건너,6970,3535,10505
2026-02-28,계명문화대학교건너,7817,2679,10496
2026-02-28,진아리채앞,10281,211,10492
2026-02-28,이마트월배점앞,9165,1317,10482
2026-02-28,대구해올고교건너,3531,6908,10439
2026-02-28,강북소방서앞,9504,914,10418
2026-02-28,롯데백화점상인점건너,6605,3780,10385
2026-02-28,칠곡한신아파트앞1,9810,568,10378
2026-02-28,옥포LH천년나무3단지앞,10139,219,10358
2026-02-28,앞산청구제네스앞,8812,1532,10344
2026-02-28,본리초등학교앞,6987,3327,10314
2026-02-28,학정청아람건너,10139,169,10308
2026-02-28,범어쌍용예가앞,7546,2760,10306
2026-02-28,대덕맨션앞,9506,790,10296
2026-02-28,지산한라타운앞,5344,4952,10296
2026-02-28,경북대체육센터앞,2818,7477,10295
2026-02-28,신매초등학교건너,7455,2804,10259
2026-02-28,태평상가앞1,5524,4735,10259
2026-02-28,대구지방법원등기국건너,4456,5794,10250
2026-02-28,헬로TV대구방송건너,7556,2681,10237
2026-02-28,아양교1,7215,3002,10217
2026-02-28,보광병원앞,7864,2349,10213
2026-02-28,인동촌시장입구,9329,883,10212
2026-02-28,서재동화아이위시건너,8987,1218,10205
2026-02-28,경북아파트앞(신천동),6919,3261,10180
2026-02-28,파동청구하이츠,9068,1095,10163
2026-02-28,삼익뉴타운앞,8421,1732,10153
2026-02-28,계명대학교 대구동산병원앞2,5585,4566,10151
2026-02-28,대일아파트앞,7156,2965,10121
2026-02-28,경북교통,3299,6805,10104
2026-02-28,두리봉네거리2,8164,1929,10093
2026-02-28,효신초등학교앞,8421,1666,10087
2026-02-28,방촌역(2번출구),8257,1815,10072
2026-02-28,대구스마트고등학교앞,8603,1442,10045
2026-02-28,침산코오롱하늘채건너,7654,2384,10038
2026-02-28,영남이공대학교건너,6977,3052,10029
2026-02-28,명덕네거리1,7936,2090,10026
2026-02-28,비산7동우체국앞1,7267,2756,10023
2026-02-28,근로복지공단대구병원앞,9831,164,9995
2026-02-28,수성알파시티역(5번출구),7497,2489,9986
2026-02-28,계명대학교동문건너1,8652,1309,9961
2026-02-28,성북교1,8362,1568,9930
2026-02-28,범물1동행정복지센터건너,6596,3329,9925
2026-02-28,대백프라자앞,6827,3091,9918
2026-02-28,한국방송통신전파진흥원건너,5772,4122,9894
2026-02-28,경북공고앞,6556,3300,9856
2026-02-28,경북고등학교앞,8714,1129,9843
2026-02-28,두류정수사업소앞,2259,7572,9831
2026-02-28,중리시장앞,7648,2177,9825
2026-02-28,효동초등학교앞,7812,2003,9815
2026-02-28,본리초등학교건너,8018,1766,9784
2026-02-28,입석중학교건너,6805,2971,9776
2026-02-28,신천LH아파트앞,8849,904,9753
2026-02-28,달성공원역3번출구,7015,2703,9718
2026-02-28,서평초등학교건너,1470,8230,9700
2026-02-28,대청초등학교앞,9510,177,9687
2026-02-28,월성2동행정복지센터건너,7766,1897,9663
2026-02-28,수창초등학교,7606,2045,9651
2026-02-28,복현네거리,3745,5898,9643
2026-02-28,경북고등학교건너,5773,3850,9623
2026-02-28,동인초등학교앞,6006,3590,9596
2026-02-28,유천교(진천초등학교건너),4593,4997,9590
2026-02-28,율하역(4번출구),6727,2847,9574
2026-02-28,효성타운앞,8161,1410,9571
2026-02-28,안심역(5번출구),5729,3818,9547
2026-02-28,북비산네거리1,5174,4369,9543
2026-02-28,대구삼성창조캠퍼스4,6026,3512,9538
2026-02-28,죽전그린빌앞,7965,1522,9487
2026-02-28,욱수초등학교건너,6294,3168,9462
2026-02-28,대곡사계절타운건너,8806,643,9449
2026-02-28,명성푸르지오건너,6040,3408,9448
2026-02-28,대원유치원앞,8358,1088,9446
2026-02-28,산격초등학교앞,7500,1934,9434
2026-02-28,서재보성타운건너,8999,429,9428
2026-02-28,반고개2,6073,3346,9419
2026-02-28,영진전문대학교정문앞,6986,2429,9415
2026-02-28,계명대학교동산병원건너,8852,560,9412
2026-02-28,상인은행아파트앞,7090,2316,9406
2026-02-28,안심역(4번출구),7879,1524,9403
2026-02-28,우방강촌마을앞,7089,2295,9384
2026-02-28,지산동서맨션앞,8922,459,9381
2026-02-28,상공회의소앞,7374,1978,9352
2026-02-28,대구IM뱅크PARK동편건너,4344,4998,9342
2026-02-28,반야월역(4번출구)1,5180,4159,9339
2026-02-28,산격주공아파트건너,4404,4928,9332
2026-02-28,강산아파트앞,6231,3096,9327
2026-02-28,공항시장건너,8659,668,9327
2026-02-28,대구광역시립동부도서관,4000,5322,9322
2026-02-28,대구과학고등학교건너,4652,4662,9314
2026-02-28,옥포간경리2,7951,1354,9305
2026-02-28,동부경찰서앞,8661,626,9287
2026-02-28,강산아파트건너,3692,5593,9285
2026-02-28,대봉성당,6527,2758,9285
2026-02-28,우방신천지타운앞,8345,935,9280
2026-02-28,대구광역시교육연수원앞,5428,3849,9277
2026-02-28,침산네거리2,7089,2174,9263
2026-02-28,동촌역(신길)1,7781,1478,9259
2026-02-28,신기역(화성타운건너),5939,3318,9257
2026-02-28,2차대자연맨션앞,8233,1020,9253
2026-02-28,대곡역(한라하우젠트건너),7391,1844,9235
2026-02-28,경북대학교정문건너,4258,4970,9228
2026-02-28,이월드(구.우방랜드)정문,5227,3993,9220
2026-02-28,산격초등학교건너,8083,1117,9200
2026-02-28,팔거역2,7640,1556,9196
2026-02-28,덕화중학교건너,8159,1021,9180
2026-02-28,홈플러스내당점앞,5736,3438,9174
2026-02-28,청기와주유소앞,6040,3093,9133
2026-02-28,태평상가건너,5006,4111,9117
2026-02-28,상수도사업본부건너,5620,3495,9115
2026-02-28,신암4동행정복지센터건너,5456,3647,9103
2026-02-28,삼덕성당앞,7179,1915,9094
2026-02-28,수성초등학교,5901,3184,9085
2026-02-28,청기와주유소건너,7378,1703,9081
2026-02-28,가창면행정복지센터앞,7460,1612,9072
2026-02-28,명문세가APT앞,7719,1345,9064
2026-02-28,텍스빌,6889,2175,9064
2026-02-28,e편한세상대구금호건너,8745,311,9056
2026-02-28,토지주택공사앞,8099,925,9024
2026-02-28,신흥버스,8034,988,9022
2026-02-28,안심주공1단지건너,7844,1169,9013
2026-02-28,구.남부정류장건너2,4817,4188,9005
2026-02-28,지산현대주택앞,7796,1205,9001
2026-02-28,대구여자상업고등학교건너,5963,3032,8995
2026-02-28,송현역(4번출구),6352,2624,8976
2026-02-28,가창농협앞,8489,478,8967
2026-02-28,대백한라무지개타운앞,6710,2257,8967
2026-02-28,본리네거리2,7751,1191,8942
2026-02-28,대구보건대학교건너2,8741,199,8940
2026-02-28,SK리더스뷰건너,7297,1624,8921
2026-02-28,대명1동행정복지센터건너,5998,2923,8921
2026-02-28,국립신암선열공원건너,3664,5252,8916
2026-02-28,대구의료원건너,7999,916,8915
2026-02-28,북리2,8204,709,8913
2026-02-28,신천LH아파트건너,6977,1929,8906
2026-02-28,서대구중학교앞,4378,4519,8897
2026-02-28,월배초등학교건너,7271,1616,8887
2026-02-28,지산목련아파트앞,7013,1865,8878
2026-02-28,북구구민운동장건너,6653,2201,8854
2026-02-28,지산청구타운앞,8190,658,8848
2026-02-28,건영아파트건너,3649,5195,8844
2026-02-28,안심교(반야월방향),339,8503,8842
2026-02-28,무태조야동행정복지센터건너1,7544,1278,8822
2026-02-28,명덕네거리2,3217,5601,8818
2026-02-28,현대시장건너,7985,833,8818
2026-02-28,용산1동행정복지센터건너,6637,2171,8808
2026-02-28,동서변그린빌앞,7927,864,8791
2026-02-28,정동고등학교앞,7565,1214,8779
2026-02-28,대구교통방송건너,3950,4801,8751
2026-02-28,앞산공원,6448,2300,8748
2026-02-28,동원비즈플랫폼건너,1713,7031,8744
2026-02-28,대구시산격청사앞,4869,3845,8714
2026-02-28,북침산치안센터앞,4787,3885,8672
2026-02-28,두성파크아파트앞,2709,5962,8671
2026-02-28,무궁화LPG충전소,6477,2168,8645
2026-02-28,봉무청구새들마을건너,6827,1800,8627
2026-02-28,서대구KTX영무예다음건너,8143,484,8627
2026-02-28,송현제림타운건너,3816,4795,8611
2026-02-28,운암초등학교앞,8427,176,8603
2026-02-28,삼덕교회,4707,3881,8588
2026-02-28,칠곡시장건너,7603,982,8585
2026-02-28,이마트경산점,6823,1753,8576
2026-02-28,중구보건소앞,5451,3113,8564
2026-02-28,고성아파트(서편),5353,3210,8563
2026-02-28,동촌화성타운앞,5734,2828,8562
2026-02-28,달서구치매안심센터앞,4785,3743,8528
2026-02-28,상인비둘기1단지아파트앞,8153,367,8520
2026-02-28,한샘청동공원앞,8239,278,8517
2026-02-28,팔거역1,4726,3788,8514
2026-02-28,대백창신한라타운건너,6229,2279,8508
2026-02-28,산격청구맨션앞,4869,3634,8503
2026-02-28,새길시장건너,6130,2371,8501
2026-02-28,코스트코홀세일건너/복현화성타운앞,4211,4284,8495
2026-02-28,동촌강나루아파트건너,6098,2392,8490
2026-02-28,화원농협주유소앞,2931,5559,8490
2026-02-28,대구파라곤프레스티지아파트,6547,1939,8486
2026-02-28,중리광명맨션건너,7515,958,8473
2026-02-28,경상여자고등학교앞,4614,3858,8472
2026-02-28,산격중학교앞,6281,2180,8461
2026-02-28,우방죽전타운건너,6252,2209,8461
2026-02-28,흥사단 대구지부앞,3344,5112,8456
2026-02-28,운암초등학교건너,7341,1080,8421
2026-02-28,다사읍행정복지센터건너,8223,195,8418
2026-02-28,대곡역(한라하우젠트앞),4413,3984,8397
2026-02-28,서구문화회관앞,7487,898,8385
2026-02-28,봉덕시장건너3,7511,838,8349
2026-02-28,성당포스코더샵앞,7282,1042,8324
2026-02-28,동구시장앞,6922,1401,8323
2026-02-28,한남중미용정보고등학교건너,4758,3565,8323
2026-02-28,북구보건소앞,7948,369,8317
2026-02-28,성북시장앞,6424,1871,8295
2026-02-28,북리1,6604,1671,8275
2026-02-28,대구과학고등학교앞,7436,815,8251
2026-02-28,대평중학교건너,7478,771,8249
2026-02-28,중부소방서앞,6813,1431,8244
2026-02-28,신매시장,3175,5062,8237
2026-02-28,팔레스호텔앞1,5460,2773,8233
2026-02-28,복현대백맨션앞,3941,4287,8228
2026-02-28,TBC앞,3850,4355,8205
2026-02-28,노원119안전센터건너,5226,2978,8204
2026-02-28,팔공3차보성타운후문,8011,189,8200
2026-02-28,성동초등학교건너,5890,2299,8189
2026-02-28,갓바위,7405,759,8164
2026-02-28,대곡주공7단지앞,7345,817,8162
2026-02-28,만평역(서대구고속버스터미널)1,4639,3512,8151
2026-02-28,학산공원2,6582,1527,8109
2026-02-28,복현우방아파트,6617,1470,8087
2026-02-28,보람타운앞,6007,2076,8083
2026-02-28,수성3가롯데캐슬건너,6312,1727,8039
2026-02-28,무태조야동행정복지센터건너2,3803,4208,8011
2026-02-28,헬로TV대구방송앞,4379,3623,8002
2026-02-28,백자맨션건너,6682,1296,7978
2026-02-28,동구기억쉼터건너,7072,875,7947
2026-02-28,대천교,3907,4029,7936
2026-02-28,송현역(1번출구),6102,1821,7923
2026-02-28,큰고개오거리2,2491,5432,7923
2026-02-28,용계역(2번출구),6791,1130,7921
2026-02-28,칠곡그린빌3차건너,7089,831,7920
2026-02-28,수성도서관앞,5329,2588,7917
2026-02-28,세천초등학교건너,6124,1791,7915
2026-02-28,금봉네거리1,7054,856,7910
2026-02-28,신매초등학교앞,6441,1459,7900
2026-02-28,봉덕시장앞2,5956,1924,7880
2026-02-28,대곡강산타운건너,5858,2013,7871
2026-02-28,앞산청구제네스건너,5025,2836,7861
2026-02-28,지산타운앞,2176,5678,7854
2026-02-28,LG물류센터앞,5728,2125,7853
2026-02-28,대구공업대학교건너,5218,2627,7845
2026-02-28,해안역(1번출구),6725,1103,7828
2026-02-28,동도중학교건너,5702,2112,7814
2026-02-28,산업용재관,4054,3756,7810
2026-02-28,달성공원건너,5285,2521,7806
2026-02-28,신암초등학교건너,4413,3393,7806
2026-02-28,대구공공시설관리공단동부사업소앞,5092,2689,7781
2026-02-28,동부소방서앞,6060,1708,7768
2026-02-28,율하롯데캐슬탑클래스앞,5542,2223,7765
2026-02-28,팔공보성아파트앞,7316,438,7754
2026-02-28,효목네거리3,5171,2583,7754
2026-02-28,성당코오롱하늘채,5669,2081,7750
2026-02-28,대구시산격청사건너1,5371,2360,7731
2026-02-28,봉무초등학교앞,7586,142,7728
2026-02-28,현대시장앞,3952,3770,7722
2026-02-28,아양아트센터건너,6895,824,7719
2026-02-28,성북교2,4506,3205,7711
2026-02-28,신천역(4번출구),6294,1409,7703
2026-02-28,대구중학교앞,6062,1640,7702
2026-02-28,동촌역(신길)2,5539,2133,7672
2026-02-28,죽전동 행정복지센터건너,6283,1376,7659
2026-02-28,농수산물도매시장앞,4974,2662,7636
2026-02-28,대구대학교대명동캠퍼스,5678,1947,7625
2026-02-28,대륜중고등학교건너,3254,4366,7620
2026-02-28,대구고용노동청건너,6722,897,7619
2026-02-28,해안역(3번출구),4599,3011,7610
2026-02-28,유천포스코건너,6341,1238,7579
2026-02-28,서부정류장(관문시장건너)2,6430,1144,7574
2026-02-28,송현1동치안센터건너,5655,1892,7547
2026-02-28,동대구동화아이위시아파트건너,1931,5610,7541
2026-02-28,북대구세무서건너,6596,943,7539
2026-02-28,한국농어촌공사앞,6434,1076,7510
2026-02-28,동구기억쉼터앞,5831,1678,7509
2026-02-28,만경관앞,6047,1452,7499
2026-02-28,고모동입구,4434,3063,7497
2026-02-28,화성파크뷰건너,7218,272,7490
2026-02-28,안심효성타운,5039,2447,7486
2026-02-28,국민연금네거리1,5079,2406,7485
2026-02-28,교통연수원,6899,577,7476
2026-02-28,북비산네거리2,5832,1612,7444
2026-02-28,수성못오거리2,6206,1238,7444
2026-02-28,이천새마을금고건너,6943,501,7444
2026-02-28,검단유성아파트(서편),5481,1960,7441
2026-02-28,달서구치매안심센터건너,6172,1250,7422
2026-02-28,황제맨션건너,3000,4413,7413
2026-02-28,범물하이츠 건너,5246,2166,7412
2026-02-28,성서산업단지역(1번출구),4836,2570,7406
2026-02-28,성광고등학교건너,5813,1586,7399
2026-02-28,북대구농협검단지점건너,7350,43,7393
2026-02-28,팔달시장역,3328,4060,7388
2026-02-28,제일풍경채건너,6212,1174,7386
2026-02-28,북부경찰서건너,2272,5108,7380
2026-02-28,상중이동행정복지센터앞,6185,1161,7346
2026-02-28,화랑교2,6540,781,7321
2026-02-28,북침산치안센터건너,5761,1557,7318
2026-02-28,다사고등학교건너,3965,3351,7316
2026-02-28,성서2차서한타운1,6774,538,7312
2026-02-28,국가산단반도유보라2차,7240,70,7310
2026-02-28,국립대구박물관앞,4358,2921,7279
2026-02-28,유니버시아드레포츠센터앞,5486,1771,7257
2026-02-28,강창하이츠,7002,254,7256
2026-02-28,경대교2,6532,722,7254
2026-02-28,상인자이앞,4812,2442,7254
2026-02-28,대구공업대학교2,4236,3017,7253
2026-02-28,대구시교육청앞,3372,3878,7250
2026-02-28,송현초등학교앞,6879,364,7243
2026-02-28,성서산업단지역(2번출구),5698,1543,7241
2026-02-28,가창면행정복지센터건너,4638,2581,7219
2026-02-28,강창역(1번출구),4749,2447,7196
2026-02-28,홈플러스칠곡점앞,4405,2784,7189
2026-02-28,대구시산격청사건너2,5223,1953,7176
2026-02-28,두류공원네거리2,3442,3732,7174
2026-02-28,상인삼미타운건너,1586,5576,7162
2026-02-28,연경1공영주차장앞,7050,109,7159
2026-02-28,건영캐스빌건너,5954,1203,7157
2026-02-28,SK리더스뷰앞,5053,2103,7156
2026-02-28,동대구해모로웨스트아파트,5966,1190,7156
2026-02-28,우방드림시티건너,3906,3250,7156
2026-02-28,대구우편집중국앞,3428,3721,7149
2026-02-28,서대구시장앞,4474,2665,7139
2026-02-28,경북기계공고앞,3982,3155,7137
2026-02-28,수성시장앞,5093,2026,7119
2026-02-28,대구일마이스터고교앞,5983,1134,7117
2026-02-28,강남약국앞2,5987,1127,7114
2026-02-28,반고개1,5407,1697,7104
2026-02-28,상공회의소건너,4578,2478,7056
2026-02-28,신천역(5번출구),5160,1873,7033
2026-02-28,국우동현대아파트앞,6210,822,7032
2026-02-28,엘디스리젠트호텔앞,3649,3382,7031
2026-02-28,엑스코건너,4877,2145,7022
2026-02-28,각산태영데시앙건너,4487,2526,7013
2026-02-28,상수도사업본부,4942,2066,7008
2026-02-28,용산종합큰시장앞,4859,2144,7003
2026-02-28,신천3동행정복지센터앞,2079,4882,6961
2026-02-28,경북공고건너,4107,2853,6960
2026-02-28,이현자동차검사소건너,1111,5822,6933
2026-02-28,교항리건너,6852,80,6932
2026-02-28,유니버시아드선수촌2단지앞,5482,1449,6931
2026-02-28,한국폴리텍대학(영남융합기술캠퍼스),1123,5807,6930
2026-02-28,청구시장앞,5338,1562,6900
2026-02-28,민들레아파트후문앞,6861,17,6878
2026-02-28,대구공업대학교앞,5212,1659,6871
2026-02-28,연호동화훼단지1,2031,4819,6850
2026-02-28,경북대학교서문건너,5325,1521,6846
2026-02-28,봉산가구골목(동편),3712,3111,6823
2026-02-28,반야월모란1차아파트,4812,2002,6814
2026-02-28,봉덕교회앞,4802,1999,6801
2026-02-28,태왕메트로시티건너,5051,1746,6797
2026-02-28,용산2동행정복지센터건너,3418,3369,6787
2026-02-28,CBS방송국건너,4615,2171,6786
2026-02-28,태왕아너스복현앞,5822,950,6772
2026-02-28,비산초등학교건너,5201,1568,6769
2026-02-28,율하교동편1,3187,3574,6761
2026-02-28,대명5동행정복지센터앞,5001,1759,6760
2026-02-28,효동초등학교건너,4668,2081,6749
2026-02-28,무태조야동행정복지센터앞1,5487,1248,6735
2026-02-28,대구섬유박물관,5982,747,6729
2026-02-28,칠성시장역(서문프라자건너),3215,3507,6722
2026-02-28,수성교1,3638,3069,6707
2026-02-28,평리6동행정복지센터앞,4056,2651,6707
2026-02-28,트레이더스홀세일클럽비산점건너,2556,4148,6704
2026-02-28,영진전문대학교정문건너,5242,1461,6703
2026-02-28,칠곡그린빌5단지앞,4458,2240,6698
2026-02-28,영남일보건너,5027,1631,6658
2026-02-28,대구의료원앞,4411,2237,6648
2026-02-28,경북교통앞,3514,3123,6637
2026-02-28,홈플러스동촌점앞,5416,1219,6635
2026-02-28,남구청네거리1,5206,1421,6627
2026-02-28,장동초등학교건너,5689,931,6620
2026-02-28,수성못코오롱하늘채,5159,1457,6616
2026-02-28,만촌우방1차건너,6470,129,6599
2026-02-28,국가산단서한이다음,6576,13,6589
2026-02-28,율하휴먼시아5단지앞,6192,387,6579
2026-02-28,대구의료원라파엘웰빙센터건너,3585,2993,6578
2026-02-28,수성동일하이빌정문,4169,2402,6571
2026-02-28,정동고등학교건너,4005,2548,6553
2026-02-28,달서에스케이뷰아파트앞,4823,1722,6545
2026-02-28,월성코오롱하늘채앞,5161,1367,6528
2026-02-28,두류보성맨션앞,3614,2911,6525
2026-02-28,동구청역(3번출구),4747,1752,6499
2026-02-28,진천청구타운앞,5903,596,6499
2026-02-28,신매태성아파트건너,4992,1502,6494
2026-02-28,칠곡IC 2,6354,134,6488
2026-02-28,칠곡2차영남타운건너,5912,571,6483
2026-02-28,수성교2,3916,2565,6481
2026-02-28,교동시장앞,4625,1851,6476
2026-02-28,서구청소년수련관건너,5104,1358,6462
2026-02-28,한라하우젠트건너,5765,690,6455
2026-02-28,남부교육지원청앞,4998,1447,6445
2026-02-28,동일초등학교앞,3712,2731,6443
2026-02-28,침산중학교앞,5959,470,6429
2026-02-28,들안길초등학교앞,3934,2494,6428
2026-02-28,이시아폴리스더샵2단지,4128,2285,6413
2026-02-28,북구선거관리위원회건너,4983,1429,6412
2026-02-28,장동초등학교앞,4943,1464,6407
2026-02-28,두류도서관앞,5279,1115,6394
2026-02-28,감삼초등학교앞,4993,1393,6386
2026-02-28,경북기계공고건너,3808,2572,6380
2026-02-28,성서푸른마을아파트건너,5475,894,6369
2026-02-28,한국건강관리협회앞,5486,875,6361
2026-02-28,북구구민운동장앞,3872,2485,6357
2026-02-28,범물한라주택앞,915,5423,6338
2026-02-28,뉴평리도서관앞,5537,800,6337
2026-02-28,칠곡중학교앞(칠곡향교앞),5872,460,6332
2026-02-28,대구병원앞,4088,2243,6331
2026-02-28,침산초등학교건너,4418,1905,6323
2026-02-28,청구시장건너,5260,1061,6321
2026-02-28,율하역(5번출구),5554,753,6307
2026-02-28,태전중앙시장앞,3594,2701,6295
2026-02-28,죽전역(2번출구),5288,991,6279
2026-02-28,신천역(2번출구),4443,1820,6263
2026-02-28,조달청건너,2664,3591,6255
2026-02-28,산림조합중앙회건너,2347,3900,6247
2026-02-28,다사농협주유소앞,5745,487,6232
2026-02-28,유천동행정복지센터앞,5926,303,6229
2026-02-28,경북대학교서문앞,3461,2756,6217
2026-02-28,칠곡동화아파트건너,4022,2190,6212
2026-02-28,달성교육지원청-대구예아람학교앞,5809,394,6203
2026-02-28,반고개(내당역4번출구),2120,4081,6201
2026-02-28,평광3차아파트,5491,706,6197
2026-02-28,서재동화아이위시3차앞,5653,542,6195
2026-02-28,이진캐스빌건너,5961,234,6195
2026-02-28,복현서한2차아파트,4080,2109,6189
2026-02-28,소선여중건너,3475,2697,6172
2026-02-28,팔달역1,5591,574,6165
2026-02-28,두성파크아파트건너,4555,1608,6163
2026-02-28,대곡사계절타운앞,3771,2388,6159
2026-02-28,신천3치안센터앞,3558,2567,6125
2026-02-28,지묘교2,6028,96,6124
2026-02-28,용전초등학교남편,3233,2887,6120
2026-02-28,서도초등학교서편1,5187,930,6117
2026-02-28,입석중학교앞,3794,2312,6106
2026-02-28,중리광명맨션앞,4882,1205,6087
2026-02-28,국립대구박물관건너,4899,1179,6078
2026-02-28,서변동영남네오빌건너,5129,931,6060
2026-02-28,대산초등학교앞,5405,650,6055
2026-02-28,도남LH2단지아파트앞,5604,446,6050
2026-02-28,계명대역(4번출구),2660,3383,6043
2026-02-28,서재금봉타운,3852,2172,6024
2026-02-28,계명대역(2번출구),3187,2832,6019
2026-02-28,SD아이프라임강북아파트,5702,316,6018
2026-02-28,동원약품,4590,1418,6008
2026-02-28,범물청구타운건너,1569,4436,6005
2026-02-28,성서주공1단지건너,4922,1078,6000
2026-02-28,아양교4,3562,2436,5998
2026-02-28,팔공정보문화센터건너,1036,4961,5997
2026-02-28,복현푸르지오아파트앞,4546,1445,5991
2026-02-28,두류보성맨션건너,5238,746,5984
2026-02-28,미리내맨션앞,4024,1960,5984
2026-02-28,본리지구앞,5129,855,5984
2026-02-28,칠성시장(전자상가건너),5678,306,5984
2026-02-28,남부교육지원청건너,5044,938,5982
2026-02-28,북대구세무서앞,3737,2235,5972
2026-02-28,불로동고분군앞,3500,2469,5969
2026-02-28,서도초등학교서편2,4477,1491,5968
2026-02-28,호텔수성앞,5036,915,5951
2026-02-28,건영캐스빌앞,3841,2097,5938
2026-02-28,경북대학교 경상대학건너,2006,3925,5931
2026-02-28,무태새마을금고앞,5325,594,5919
2026-02-28,감삼초등학교건너,4655,1254,5909
2026-02-28,황금힐스테이트,3656,2244,5900
2026-02-28,신당동행정복지센터앞,5527,371,5898
2026-02-28,시지천마타운앞,3305,2564,5869
2026-02-28,계명대학교정문앞,1973,3880,5853
2026-02-28,이천치안센터건너,3208,2632,5840
2026-02-28,성서보성타운2차앞,4026,1790,5816
2026-02-28,새론초등학교건너,5332,482,5814
2026-02-28,국우초등학교건너,5632,172,5804
2026-02-28,LH10단지아파트건너,5025,754,5779
2026-02-28,뉴평리도서관건너,3076,2691,5767
2026-02-28,연경1공영주차장건너,4340,1401,5741
2026-02-28,청라언덕(신남)역(1번출구),3846,1882,5728
2026-02-28,퀸스로드앞(동편),4428,1298,5726
2026-02-28,상리동입구,1404,4319,5723
2026-02-28,고성지구대2,3327,2395,5722
2026-02-28,지산청구타운건너,2614,3101,5715
2026-02-28,서재동화아이위시2차앞,4527,1185,5712
2026-02-28,기업은행대곡지점건너,1276,4422,5698
2026-02-28,삼성래미안2차건너,4356,1334,5690
2026-02-28,국가산단반도유보라3차건너,5624,44,5668
2026-02-28,대봉2동행정복지센터건너,4972,677,5649
2026-02-28,두산동행정복지센터앞,5149,490,5639
2026-02-28,대봉네거리1,4716,917,5633
2026-02-28,들안길초등학교건너,4328,1305,5633
2026-02-28,죽전119안전센터건너,3671,1951,5622
2026-02-28,범물하이츠앞,5462,156,5618
2026-02-28,숙천초교입구,4854,760,5614
2026-02-28,복현장미맨션앞,3797,1805,5602
2026-02-28,2.28기념중앙공원건너2,3614,1984,5598
2026-02-28,조야동(종점),5325,265,5590
2026-02-28,계명대학교동산병원앞,2303,3285,5588
2026-02-28,금호천년나무1단지동편,5526,59,5585
2026-02-28,대봉네거리2,2803,2782,5585
2026-02-28,성서청구타운앞,4017,1566,5583
2026-02-28,이현자동차검사소앞,5089,473,5562
2026-02-28,역전시장앞,4345,1216,5561
2026-02-28,유천교2,789,4766,5555
2026-02-28,본리초교네거리2,4708,842,5550
2026-02-28,성화여고건너,4917,633,5550
2026-02-28,신천역(3번출구),4500,1046,5546
2026-02-28,동서변그린빌건너,4469,1073,5542
2026-02-28,전자관,4290,1244,5534
2026-02-28,산격거평타운앞,3264,2262,5526
2026-02-28,월광수변공원,4985,538,5523
2026-02-28,대평중학교앞,3728,1786,5514
2026-02-28,우방만촌하이츠앞,2733,2776,5509
2026-02-28,서부정류장역2(1번출구),3859,1645,5504
2026-02-28,한국방송통신전파진흥원앞,4037,1467,5504
2026-02-28,달성중학교건너,4775,719,5494
2026-02-28,우미린아파트앞,5184,309,5493
2026-02-28,포산고등학교3,5424,48,5472
2026-02-28,서구제일사회복지관건너,1489,3968,5457
2026-02-28,연경뉴웰시티아파트앞,4732,719,5451
2026-02-28,홈플러스동촌점건너,3183,2258,5441
2026-02-28,수성구민운동장건너,3188,2251,5439
2026-02-28,공항시장앞,2347,3091,5438
2026-02-28,대구역센트럴자이,4788,648,5436
2026-02-28,실내체육관앞,4456,975,5431
2026-02-28,부영3단지,2600,2826,5426
2026-02-28,봉덕시장건너1,3325,2099,5424
2026-02-28,경일여자고등학교앞,3188,2212,5400
2026-02-28,호텔수성건너,4382,1015,5397
2026-02-28,안심중학교건너,1651,3740,5391
2026-02-28,지저동행정복지센터앞,3241,2133,5374
2026-02-28,대곡주공1단지앞,2796,2573,5369
2026-02-28,서대구시장건너,3322,2038,5360
2026-02-28,신세계주유소건너,4980,367,5347
2026-02-28,태전두성타운건너,3750,1596,5346
2026-02-28,우방드림시티앞,3653,1691,5344
2026-02-28,대구국제공항건너,415,4906,5321
2026-02-28,방촌치안센터앞,3951,1364,5315
2026-02-28,쌍계리,1044,4271,5315
2026-02-28,엘디스리젠트호텔건너,1823,3483,5306
2026-02-28,평광3차아파트건너,4562,743,5305
2026-02-28,방천리공영차고지,4012,1292,5304
2026-02-28,월성주공4단지앞1,4532,770,5302
2026-02-28,대우트럼프월드수성앞,2132,3157,5289
2026-02-28,칠곡3차화성타운2,4724,561,5285
2026-02-28,덕화중학교앞,2810,2473,5283
2026-02-28,대성베르힐4단지앞,5190,75,5265
2026-02-28,북구보건소건너,4097,1166,5263
2026-02-28,대자연맨션건너,3289,1966,5255
2026-02-28,팔공산IC입구,385,4858,5243
2026-02-28,실내체육관건너,3543,1693,5236
2026-02-28,성남초등학교앞,4680,554,5234
2026-02-28,CBS방송국앞,3129,2104,5233
2026-02-28,본리아카시아맨션,3294,1928,5222
2026-02-28,내당코오롱아파트앞,4219,1002,5221
2026-02-28,월배아이파크2차건너,4550,668,5218
2026-02-28,LG물류센터건너,3446,1771,5217
2026-02-28,서대구공단네거리4,3791,1415,5206
2026-02-28,성서주공5단지앞,3761,1441,5202
2026-02-28,토지주택공사건너,2624,2576,5200
2026-02-28,혁신도시입구1,4389,801,5190
2026-02-28,송원맨션앞,3677,1483,5160
2026-02-28,대구의료원라파엘웰빙센터,3835,1319,5154
2026-02-28,신월초등학교앞,3314,1824,5138
2026-02-28,성서보성타운2차건너1,4463,671,5134
2026-02-28,서평초등학교,4355,764,5119
2026-02-28,강북경찰서건너,2430,2684,5114
2026-02-28,동화시설집단지구(종점)2(대구시민안전테마파크),4710,399,5109
2026-02-28,스파밸리2,5065,36,5101
2026-02-28,태왕아너스베스트앞,4422,679,5101
2026-02-28,범물2동행정복지센터건너,4762,338,5100
2026-02-28,구.남부정류장앞2,3679,1400,5079
2026-02-28,율하교동편2,3737,1341,5078
2026-02-28,효목네거리1,4404,663,5067
2026-02-28,각산푸르지오,3289,1774,5063
2026-02-28,녹원맨션,4336,727,5063
2026-02-28,내당광명아파트,3496,1560,5056
2026-02-28,홈플러스칠곡점건너,4068,985,5053
2026-02-28,KT남대구지사건너2,3441,1601,5042
2026-02-28,봉덕2차화성파크드림,4238,792,5030
2026-02-28,중석타운앞,4868,161,5029
2026-02-28,용산1동행정복지센터앞,2662,2361,5023
2026-02-28,백자맨션앞,3420,1599,5019
2026-02-28,솔정고개2,1034,3980,5014
2026-02-28,불로우방아파트건너,3462,1543,5005
2026-02-28,상인삼미타운앞,4314,681,4995
2026-02-28,비산7동우체국건너,2907,2085,4992
2026-02-28,죽곡휴먼시아1단지앞,367,4624,4991
2026-02-28,팔달신시장2,4156,835,4991
2026-02-28,동부고교앞,3771,1219,4990
2026-02-28,강서소방서건너,477,4510,4987
2026-02-28,다사농협세천지점건너,3969,1016,4985
2026-02-28,삼익뉴타운건너,3207,1774,4981
2026-02-28,성지중학교앞,2354,2624,4978
2026-02-28,인동촌시장건너,2656,2316,4972
2026-02-28,무궁화LPG충전소건너,3032,1935,4967
2026-02-28,역전시장건너,3545,1417,4962
2026-02-28,강북중학교앞,4833,121,4954
2026-02-28,대구IM뱅크PARK동편앞,4164,785,4949
2026-02-28,현풍새마을금고,4285,661,4946
2026-02-28,금호서한이다음아파트앞,4379,558,4937
2026-02-28,대구향교건너,1709,3205,4914
2026-02-28,대림육교1,762,4147,4909
2026-02-28,강변동서마을앞,3329,1546,4875
2026-02-28,거동교1,3667,1204,4871
2026-02-28,안심역(1번출구),4254,617,4871
2026-02-28,한도아파트앞,4694,169,4863
2026-02-28,불로봉무파출소,3636,1219,4855
2026-02-28,검단유성아파트건너,3103,1751,4854
2026-02-28,적십자혈액원건너,3886,965,4851
2026-02-28,시민교회건너,4502,336,4838
2026-02-28,장기초록나라앞,3644,1183,4827
2026-02-28,대구칠곡초등학교앞,2720,2103,4823
2026-02-28,어린이세상건너1,1375,3438,4813
2026-02-28,옥포초등학교앞,4181,632,4813
2026-02-28,대신센트럴자이,4055,754,4809
2026-02-28,동부중학교앞,2302,2502,4804
2026-02-28,대구행복기숙사앞,2925,1874,4799
2026-02-28,중흥S클래스앞,4733,63,4796
2026-02-28,도남힐스테이트4단지건너,4014,759,4773
2026-02-28,팔공3차보성타운앞,4346,425,4771
2026-02-28,무궁화어린이공원입구건너,2857,1899,4756
2026-02-28,동부중학교건너,4050,693,4743
2026-02-28,서대구역서한이다음더퍼스트,3373,1362,4735
2026-02-28,남대구IC2,3667,1052,4719
2026-02-28,대건고교-효성여고앞,3695,1021,4716
2026-02-28,팔달역2,445,4271,4716
2026-02-28,청라국민체육센터앞,3903,786,4689
2026-02-28,동서리치모아건너,3595,1065,4660
2026-02-28,노원네거리2(오봉새마을금고건너),4072,581,4653
2026-02-28,신월초등학교건너,3917,716,4633
2026-02-28,송현제림타운앞,3696,936,4632
2026-02-28,각산역(1번출구),3352,1278,4630
2026-02-28,가창농협건너,2777,1842,4619
2026-02-28,산격거평타운건너,1857,2743,4600
2026-02-28,비철금속협업단지앞,4328,259,4587
2026-02-28,새각단앞,4450,133,4583
2026-02-28,동신초등학교앞,2906,1661,4567
2026-02-28,수성시니어클럽앞,4147,403,4550
2026-02-28,대건고교-효성여고건너,3335,1211,4546
2026-02-28,청라언덕(신남)역(8번출구),3439,1101,4540
2026-02-28,구암교1,3537,993,4530
2026-02-28,한남중미용정보고등학교앞,3843,678,4521
2026-02-28,어린이세상앞,2989,1526,4515
2026-02-28,동서교회앞,2571,1940,4511
2026-02-28,방촌맨션앞,3271,1230,4501
2026-02-28,퀸스로드건너(동편),3660,841,4501
2026-02-28,송현여중고교앞,2412,2064,4476
2026-02-28,율하근린공원건너,1488,2986,4474
2026-02-28,연경초등학교건너,3787,678,4465
2026-02-28,서도초등학교앞,3595,868,4463
2026-02-28,함지초등학교앞,4134,325,4459
2026-02-28,연경초등학교앞,3909,547,4456
2026-02-28,학산공원1,2683,1762,4445
2026-02-28,명문세가APT건너,3509,927,4436
2026-02-28,상인2동행정복지센터건너,4220,214,4434
2026-02-28,달서에스케이뷰아파트(북편),4222,201,4423
2026-02-28,충혼탑건너,4283,134,4417
2026-02-28,대구교통공사건너,1084,3332,4416
2026-02-28,봉무초등학교건너,4026,388,4414
2026-02-28,팔달중학교건너,4221,193,4414
2026-02-28,성서우체국앞,2564,1847,4411
2026-02-28,만촌1동행정복지센터,2806,1589,4395
2026-02-28,지산동서맨션건너,2954,1441,4395
2026-02-28,장기먹거리촌앞,3447,942,4389
2026-02-28,이곡1동행정복지센터건너,3982,406,4388
2026-02-28,수성아트피아앞,3163,1217,4380
2026-02-28,금봉네거리2,3530,848,4378
2026-02-28,들안길네거리1,3993,366,4359
2026-02-28,한샘교회,3039,1301,4340
2026-02-28,영남우방타운1차앞,3787,549,4336
2026-02-28,성당포스코더샵건너,2724,1609,4333
2026-02-28,율하남교2,2880,1453,4333
2026-02-28,지산현대주택건너,3011,1322,4333
2026-02-28,효목2동행정복지센터,3457,876,4333
2026-02-28,농수산물도매시장건너,3168,1158,4326
2026-02-28,모다아울렛앞,1981,2343,4324
2026-02-28,사수초등학교건너,2229,2083,4312
2026-02-28,이곡1동행정복지센터앞,2009,2301,4310
2026-02-28,장성초등학교건너,448,3859,4307
2026-02-28,태왕아너스복현건너,3264,1043,4307
2026-02-28,망우당공원앞,2650,1646,4296
2026-02-28,혁신도시입구2,2618,1671,4289
2026-02-28,죽전동 행정복지센터앞,2545,1737,4282
2026-02-28,서동초등학교앞,3941,320,4261
2026-02-28,화원삼주타운건너,3818,430,4248
2026-02-28,대백창신한라타운앞,2697,1542,4239
2026-02-28,산격4동행정복지센터앞,3440,798,4238
2026-02-28,화랑교1,898,3331,4229
2026-02-28,칠곡주공그린빌1단지건너,3968,259,4227
2026-02-28,서대구고속버스터미널,2354,1867,4221
2026-02-28,대원고등학교,1882,2321,4203
2026-02-28,지묘교1,2835,1367,4202
2026-02-28,명곡미래빌2단지앞,3728,473,4201
2026-02-28,서도초등학교건너,2694,1505,4199
2026-02-28,수성아트피아건너,2672,1519,4191
2026-02-28,태왕메트로시티앞,2752,1439,4191
2026-02-28,칠곡화성타운건너,3959,231,4190
2026-02-28,대구일마이스터고교건너,2479,1684,4163
2026-02-28,파계사(종점),3630,529,4159
2026-02-28,황제맨션앞,3377,777,4154
2026-02-28,칠곡시장앞,2670,1480,4150
2026-02-28,북구청네거리1,2112,2032,4144
2026-02-28,국립신암선열공원앞,2729,1403,4132
2026-02-28,영남네오빌건너,1718,2412,4130
2026-02-28,월성자이앞,3110,1015,4125
2026-02-28,구암역(운전면허시험장)1,3320,802,4122
2026-02-28,현풍경남은행앞,3486,634,4120
2026-02-28,동대구동화아이위시아파트앞,3241,878,4119
2026-02-28,수성랜드1,3761,358,4119
2026-02-28,동서리치모아앞,3000,1116,4116
2026-02-28,옥포간경리1,2814,1299,4113
2026-02-28,계명대대명캠퍼스후문건너,3315,791,4106
2026-02-28,성화여고앞,2359,1736,4095
2026-02-28,동신초등학교건너,2898,1183,4081
2026-02-28,송정삼거리3,2332,1747,4079
2026-02-28,북중학교앞,2974,1102,4076
2026-02-28,보성산호타운앞,2400,1673,4073
2026-02-28,황금초등학교앞,3781,285,4066
2026-02-28,강변동서마을건너,3838,216,4054
2026-02-28,매천중고등학교앞,3152,896,4048
2026-02-28,동아스포츠센터(지산초교앞),3831,212,4043
2026-02-28,팔거역3,3191,850,4041
2026-02-28,도시철도수성구청역북편1,602,3435,4037
2026-02-28,고성아파트건너(서편),1753,2277,4030
2026-02-28,고성아파트건너,3733,288,4021
2026-02-28,대구농업마이스터고후문앞,3407,610,4017
2026-02-28,태전중앙시장건너,2317,1692,4009
2026-02-28,대산초등학교건너,1819,2189,4008
2026-02-28,현풍경남은행건너,3428,578,4006
2026-02-28,신매역(4번출구),3137,859,3996
2026-02-28,경기장네거리2,3612,379,3991
2026-02-28,아양아트센터앞,2960,1005,3965
2026-02-28,동서교회건너,3449,513,3962
2026-02-28,율원초등학교앞,3456,495,3951
2026-02-28,칠곡화성타운앞1,2277,1657,3934
2026-02-28,송현초등학교건너,3088,844,3932
2026-02-28,용계역(1번출구),2506,1423,3929
2026-02-28,남부초등학교앞2,2784,1143,3927
2026-02-28,파동우체국앞,2049,1869,3918
2026-02-28,대구지방법원등기국앞,1921,1993,3914
2026-02-28,비산7동우체국앞2,1888,2017,3905
2026-02-28,삼성명가타운,2625,1280,3905
2026-02-28,대동시장1,3177,726,3903
2026-02-28,칠성꽃도매시장건너,2744,1158,3902
2026-02-28,율하휴먼시아6단지건너,3240,660,3900
2026-02-28,적십자혈액원앞,2598,1287,3885
2026-02-28,남구종합스포츠타운앞,3311,572,3883
2026-02-28,성서동서서한타운앞,3520,361,3881
2026-02-28,상인비둘기1단지아파트건너,2926,932,3858
2026-02-28,대구북부소방서앞,1548,2305,3853
2026-02-28,경명여고앞,2410,1437,3847
2026-02-28,효목시장(남편),3290,557,3847
2026-02-28,다사고등학교앞,656,3187,3843
2026-02-28,아너스월성앞,2914,921,3835
2026-02-28,NH농협혁신도시지점앞,3437,394,3831
2026-02-28,서대구공단네거리3,2674,1153,3827
2026-02-28,고산골입구,3173,653,3826
2026-02-28,성서4차산업단지앞2,2851,970,3821
2026-02-28,동구청역(4번출구),2987,820,3807
2026-02-28,성서초등학교건너,3334,469,3803
2026-02-28,서구제일사회복지관앞,3142,655,3797
2026-02-28,교통연수원건너,3126,670,3796
2026-02-28,율금초등학교건너,3587,208,3795
2026-02-28,평리중학교앞,3471,323,3794
2026-02-28,달성우신미가뷰건너,3765,21,3786
2026-02-28,다사농협세천지점앞,3265,508,3773
2026-02-28,상동네거리,2455,1318,3773
2026-02-28,상인초등학교앞,604,3159,3763
2026-02-28,대덕천주교회3,3585,177,3762
2026-02-28,만촌초등학교건너2,3201,561,3762
2026-02-28,거동교2,2628,1133,3761
2026-02-28,북구청네거리2,2984,773,3757
2026-02-28,교대부설초등학교건너,3427,324,3751
2026-02-28,대구텍앞,2453,1284,3737
2026-02-28,칠곡그린빌5단지건너,3150,585,3735
2026-02-28,모토닉,1172,2562,3734
2026-02-28,이월드(구.우방랜드)후문건너,2461,1248,3709
2026-02-28,북동초등학교건너,2259,1445,3704
2026-02-28,대봉2동행정복지센터입구,2388,1315,3703
2026-02-28,봉무청구새들마을앞,2854,838,3692
2026-02-28,메트로시티건너,3381,300,3681
2026-02-28,복현성모약국앞,2638,1043,3681
2026-02-28,동화사입구건너,3676,4,3680
2026-02-28,안심주공1단지앞,2835,840,3675
2026-02-28,남부경찰서건너,1694,1951,3645
2026-02-28,중리중학교,3164,481,3645
2026-02-28,우방죽전타운앞1,2774,869,3643
2026-02-28,한샘교회건너,1786,1852,3638
2026-02-28,본리네거리,2660,966,3626
2026-02-28,대곡고등학교건너,2454,1167,3621
2026-02-28,안심중학교앞,2373,1234,3607
2026-02-28,월성주공3단지,2176,1426,3602
2026-02-28,대구비지니스센터앞,2853,746,3599
2026-02-28,솔렌스힐건너,2746,843,3589
2026-02-28,동화골든빌(동편),2528,1052,3580
2026-02-28,오페라하우스앞,2646,923,3569
2026-02-28,반야월역(4번출구)2,2596,972,3568
2026-02-28,서한이다음1차앞,3426,140,3566
2026-02-28,팔공3차보성타운건너,2651,914,3565
2026-02-28,K-2입구,2737,825,3562
2026-02-28,북성공구골목,1679,1882,3561
2026-02-28,수성시장건너,3013,546,3559
2026-02-28,성당시장앞1,3055,492,3547
2026-02-28,정호승문학관건너(구.신천시장),2884,660,3544
2026-02-28,하나리움앞,1065,2470,3535
2026-02-28,한국섬유개발연구원앞,3027,500,3527
2026-02-28,KT남대구지사앞2,1785,1738,3523
2026-02-28,범물두성타운건너,3488,27,3515
2026-02-28,봉명네거리2,3292,211,3503
2026-02-28,대구시동인청사건너,1442,2053,3495
2026-02-28,상동천주교회앞,1820,1675,3495
2026-02-28,KT북대구지사앞,3064,430,3494
2026-02-28,불교한방병원앞2,2677,816,3493
2026-02-28,동부경찰서건너,1525,1955,3480
2026-02-28,성명119안전센터건너1,1598,1870,3468
2026-02-28,동대구이안센트럴D아파트,1798,1669,3467
2026-02-28,각산비나리공원앞,3197,260,3457
2026-02-28,앞산태왕아너스앞,3436,20,3456
2026-02-28,율하휴먼시아5단지건너,1646,1810,3456
2026-02-28,수성고등학교건너,2841,611,3452
2026-02-28,상인동화아이위시아파트앞,1439,2008,3447
2026-02-28,대곡주공8단지건너,3098,346,3444
2026-02-28,영조아파트3단지앞,3416,27,3443
2026-02-28,남도버스2,2676,766,3442
2026-02-28,신천3동행정복지센터건너,2532,909,3441
2026-02-28,수성못앞,2583,846,3429
2026-02-28,전기안전공사앞,2721,707,3428
2026-02-28,팔거역4,2524,904,3428
2026-02-28,원대오거리북편1,1450,1973,3423
2026-02-28,봉산육거리,2856,555,3411
2026-02-28,대명9동행정복지센터건너,2834,576,3410
2026-02-28,만촌초등학교건너1,2386,1020,3406
2026-02-28,성북시장건너,2409,989,3398
2026-02-28,공산동행정복지센터앞,3266,129,3395
2026-02-28,팔공유치원앞,3011,381,3392
2026-02-28,서재동화아이위시앞,2056,1325,3381
2026-02-28,율하남교1,564,2811,3375
2026-02-28,신천3치안센터건너,2093,1281,3374
2026-02-28,월배아이파크2차앞,1042,2332,3374
2026-02-28,남해오네뜨2차앞,2125,1247,3372
2026-02-28,두류공원2.28자유광장앞,966,2402,3368
2026-02-28,구암교2,2169,1186,3355
2026-02-28,화원시장건너,2821,534,3355
2026-02-28,동화골든빌(남편),378,2975,3353
2026-02-28,삼성래미안2차앞,2144,1205,3349
2026-02-28,서한이다음2차앞,3042,305,3347
2026-02-28,한국패션센터,3190,156,3346
2026-02-28,화남초등학교앞,2840,504,3344
2026-02-28,수성알파시티2,1850,1492,3342
2026-02-28,명곡미래빌1단지,2808,526,3334
2026-02-28,율하휴먼시아9단지앞,3130,204,3334
2026-02-28,흥사단 대구지부건너,2509,824,3333
2026-02-28,더샵수성라크에르아파트건너,2057,1266,3323
2026-02-28,대구칠곡초등학교건너,2740,582,3322
2026-02-28,본리지구건너,2485,827,3312
2026-02-28,제일풍경채앞,1999,1306,3305
2026-02-28,신서성당건너,2378,926,3304
2026-02-28,월성코오롱하늘채건너,2040,1263,3303
2026-02-28,명곡미래빌3단지건너,2020,1282,3302
2026-02-28,한국섬유개발연구원건너,1503,1785,3288
2026-02-28,신서신일해피트리아파트,2551,731,3282
2026-02-28,북동초등학교앞,3057,219,3276
2026-02-28,방공포병학교건너,2701,571,3272
2026-02-28,서변동영남네오빌앞,2874,395,3269
2026-02-28,황금2동치안센터앞,2973,295,3268
2026-02-28,청구시장북편건너,2525,741,3266
2026-02-28,고산농협창고앞,713,2550,3263
2026-02-28,옥포농협강림지점앞,2906,355,3261
2026-02-28,계명대학교대명캠퍼스후문앞,2428,828,3256
2026-02-28,신암보성아파트건너,1853,1403,3256
2026-02-28,율하휴먼시아6단지앞,2900,350,3250
2026-02-28,동서변월드메르디앙아파트,2859,390,3249
2026-02-28,대구보건대학교앞1,2533,713,3246
2026-02-28,대구해올고교앞,2325,913,3238
2026-02-28,성남초등학교건너,1394,1843,3237
2026-02-28,본리네거리3,1366,1865,3231
2026-02-28,이현지구대건너,2514,716,3230
2026-02-28,관음변전소1,3017,206,3223
2026-02-28,서재동화아이위시3차건너,2470,751,3221
2026-02-28,성산중학교앞,2871,349,3220
2026-02-28,이안동대구아파트,2596,619,3215
2026-02-28,서대구역네거리3,2733,481,3214
2026-02-28,우방신천지타운건너,2278,929,3207
2026-02-28,건들바위건너,2262,933,3195
2026-02-28,명곡리2,2013,1165,3178
2026-02-28,성서푸른마을아파트앞2,1690,1469,3159
2026-02-28,이월드(구.우방랜드)후문앞,2209,947,3156
2026-02-28,비산웰빙하와이건너,2938,217,3155
2026-02-28,도남힐스테이트3단지건너,1048,2105,3153
2026-02-28,무열대건너,2095,1058,3153
2026-02-28,태성맨션앞,2172,976,3148
2026-02-28,대명사회복지관앞,2540,607,3147
2026-02-28,성서우체국건너,2057,1077,3134
2026-02-28,오성아파트,242,2888,3130
2026-02-28,백사벌네거리2,1834,1295,3129
2026-02-28,침산남영타운앞,2619,508,3127
2026-02-28,만촌3차화성파크드림건너,2654,472,3126
2026-02-28,수목원풍경그린아파트앞,3045,81,3126
2026-02-28,대구시동인청사앞,2750,369,3119
2026-02-28,계명대역(1번출구),786,2318,3104
2026-02-28,양지마을앞,2690,412,3102
2026-02-28,대성베르힐4단지건너,1263,1837,3100
2026-02-28,서재동화아이위시2차건너,2127,963,3090
2026-02-28,용계삼거리2,1280,1809,3089
2026-02-28,성서주공1단지앞,1418,1667,3085
2026-02-28,수성더팰리스푸르지오더샵아파트건너,1355,1725,3080
2026-02-28,칠곡2차영남타운앞,2452,619,3071
2026-02-28,대구반도체마이스터고등학교 건너,913,2154,3067
2026-02-28,동서아파트건너,2676,387,3063
2026-02-28,안지랑골입구건너,2957,106,3063
2026-02-28,영남우방타운2차아파트,2338,714,3052
2026-02-28,용산역,2865,185,3050
2026-02-28,망우당공원건너,1065,1981,3046
2026-02-28,강서소방서앞,2968,70,3038
2026-02-28,효목네거리2,1110,1926,3036
2026-02-28,대원고등학교건너,1665,1343,3008
2026-02-28,달서구새마을회건너,2874,129,3003
2026-02-28,상화네거리,297,2706,3003
2026-02-28,팔달중학교앞,2614,389,3003
2026-02-28,태현초등학교앞,2908,72,2980
2026-02-28,베네딕도수녀원건너,2863,116,2979
2026-02-28,상중이동행정복지센터건너,1910,1066,2976
2026-02-28,영남우방타운1차건너,2602,370,2972
2026-02-28,만촌태왕리더스앞2,2571,394,2965
2026-02-28,중리시장건너2,738,2226,2964
2026-02-28,성서동서서한타운건너,2182,780,2962
2026-02-28,월드컵삼거리앞,1157,1798,2955
2026-02-28,송현여중고교건너,1735,1212,2947
2026-02-28,정호승문학관앞(구.신천시장),2244,699,2943
2026-02-28,연암네거리2,2462,476,2938
2026-02-28,불교한방병원건너2,2190,746,2936
2026-02-28,들안길네거리4,2278,657,2935
2026-02-28,대구역서희스타힐스건너,1745,1185,2930
2026-02-28,경기장네거리1,2206,723,2929
2026-02-28,수성태영데시앙건너,2064,860,2924
2026-02-28,본리초교네거리1,2081,839,2920
2026-02-28,평리1동행정복지센터앞,2729,186,2915
2026-02-28,보훈병원앞,2885,26,2911
2026-02-28,만촌초등학교앞,2093,797,2890
2026-02-28,신성에스앤티건너,2201,683,2884
2026-02-28,보성2차홍실타운앞,2233,646,2879
2026-02-28,수성태영데시앙앞,2310,566,2876
2026-02-28,이시아폴리스더샵1단지,2753,122,2875
2026-02-28,대구비지니스센터건너,2355,518,2873
2026-02-28,한국도로공사앞,2829,44,2873
2026-02-28,대곡주공6단지앞,2095,777,2872
2026-02-28,화성파크뷰앞,558,2304,2862
2026-02-28,달서초교,2500,359,2859
2026-02-28,매천성당앞,2434,424,2858
2026-02-28,LH10단지아파트앞,1631,1222,2853
2026-02-28,동아스포츠센터(지산중학교앞),1600,1252,2852
2026-02-28,연경우방아이유쉘앞,2326,525,2851
2026-02-28,대구고용노동청앞,1716,1130,2846
2026-02-28,이곡장미공원앞,2433,413,2846
2026-02-28,팔공초중학교앞,2675,170,2845
2026-02-28,경상여자고등학교건너,2359,485,2844
2026-02-28,이편한세상두류역앞,2439,405,2844
2026-02-28,중리롯데캐슬정문앞,2293,541,2834
2026-02-28,대구연경아이파크아파트건너,2477,355,2832
2026-02-28,노곡동,2780,49,2829
2026-02-28,달성군보건소,2510,294,2804
2026-02-28,복현오거리3,2103,698,2801
2026-02-28,수성고등학교앞,1961,838,2799
2026-02-28,고성지구대1,1804,986,2790
2026-02-28,칠곡부영1단지,1636,1146,2782
2026-02-28,앞산힐스테이트,1983,797,2780
2026-02-28,문양역건너,1595,1182,2777
2026-02-28,만촌태왕리더스건너(남편),603,2167,2770
2026-02-28,더샵달서센트럴아파트앞,556,2211,2767
2026-02-28,칠곡청구타운앞,2586,177,2763
2026-02-28,중앙일보앞,2499,242,2741
2026-02-28,파군재삼거리1,687,2029,2716
2026-02-28,보성2차홍실타운건너,2137,577,2714
2026-02-28,매천역1,1317,1393,2710
2026-02-28,조달청앞,1934,775,2709
2026-02-28,침산동화타운건너,2623,86,2709
2026-02-28,노원네거리1(오봉새마을금고앞),2114,594,2708
2026-02-28,수성도서관앞2,1927,778,2705
2026-02-28,신생원앞,2677,28,2705
2026-02-28,오페라하우스건너,2192,510,2702
2026-02-28,침산남영타운건너,1798,903,2701
2026-02-28,동침산네거리,1063,1636,2699
2026-02-28,대구중학교건너,1550,1148,2698
2026-02-28,칠곡대백맨션건너,2620,77,2697
2026-02-28,두산동행정복지센터건너,1346,1346,2692
2026-02-28,조일고등학교(종점),2465,227,2692
2026-02-28,수성못건너,1490,1191,2681
2026-02-28,국민은행3공단지점건너,1835,845,2680
2026-02-28,옥포초등학교건너,2122,556,2678
2026-02-28,대명사회복지관건너,1627,1045,2672
2026-02-28,퀸스로드앞,1741,929,2670
2026-02-28,매천초교(매천역)2,2314,354,2668
2026-02-28,수성랜드2,1077,1591,2668
2026-02-28,칠성꽃도매시장앞,1291,1373,2664
2026-02-28,인터불고호텔건너,2538,123,2661
2026-02-28,신용보증기금앞,1330,1330,2660
2026-02-28,검단동대구축협앞,2609,49,2658
2026-02-28,경운초등학교앞,2263,394,2657
2026-02-28,칠곡3차화성타운1,2437,220,2657
2026-02-28,동대구초등학교앞,2297,357,2654
2026-02-28,남부자동차종합시장건너,1784,863,2647
2026-02-28,서대구공단네거리2,988,1658,2646
2026-02-28,우방금탑아파트(서편),70,2573,2643
2026-02-28,신천교2,2110,524,2634
2026-02-28,화원시장앞,1753,881,2634
2026-02-28,성원아파트앞,2196,437,2633
2026-02-28,종로초등학교앞,1793,838,2631
2026-02-28,황금초등학교건너,1457,1169,2626
2026-02-28,무궁화어린이공원입구,1918,707,2625
2026-02-28,만촌역(1번출구),1426,1196,2622
2026-02-28,상인은행아파트건너,1694,927,2621
2026-02-28,한국로봇산업진흥원앞,1574,1046,2620
2026-02-28,가창초등학교건너,2270,342,2612
2026-02-28,대구테크노초등학교앞,603,1993,2596
2026-02-28,매천대교3,199,2391,2590
2026-02-28,대구은행북비산지점건너2,1537,1045,2582
2026-02-28,금포초등학교,2193,384,2577
2026-02-28,옥포농협건너,2313,261,2574
2026-02-28,황금시장앞,2463,111,2574
2026-02-28,시지대성유니드앞,2166,403,2569
2026-02-28,한국로봇산업진흥원건너,1835,734,2569
2026-02-28,팔레스호텔앞2,1129,1436,2565
2026-02-28,침산중학교건너,1833,727,2560
2026-02-28,본리도서관앞,978,1580,2558
2026-02-28,율원중학교건너,2402,156,2558
2026-02-28,학정청아람앞,1226,1329,2555
2026-02-28,설화명곡역우방아이유쉘앞,1426,1122,2548
2026-02-28,율하고가교1,1705,840,2545
2026-02-28,2차대자연맨션건너,1113,1428,2541
2026-02-28,본리롯데캐슬,2270,271,2541
2026-02-28,대구한의대학교부속한방병원앞,2367,169,2536
2026-02-28,연호동화훼단지2,1856,674,2530
2026-02-28,대성유니드앞,2400,128,2528
2026-02-28,보성서한타운앞,2177,351,2528
2026-02-28,도곡교1,192,2332,2524
2026-02-28,경서중학교건너,2470,52,2522
2026-02-28,대곡공원건너,2011,505,2516
2026-02-28,동일초등학교건너,1944,572,2516
2026-02-28,연경뉴웰시티아파트건너,1862,654,2516
2026-02-28,동촌지구대건너,2249,266,2515
2026-02-28,달성교육지원청-대구예아람학교건너,1875,637,2512
2026-02-28,매일신문사앞,1791,717,2508
2026-02-28,동원초등학교남편,1976,529,2505
2026-02-28,무태새마을금고건너,1573,929,2502
2026-02-28,동부고교건너,1311,1188,2499
2026-02-28,이곡장미공원건너,1587,911,2498
2026-02-28,동인네거리2,1011,1484,2495
2026-02-28,상인제림아파트앞,961,1531,2492
2026-02-28,고산농협창고건너,2062,429,2491
2026-02-28,상인한서타운앞,2099,390,2489
2026-02-28,명곡미래빌2단지건너,2179,309,2488
2026-02-28,칠성시장(전자상가앞),1452,1028,2480
2026-02-28,노원동화타운앞,1748,730,2478
2026-02-28,신천교1,1457,1019,2476
2026-02-28,반고개역(3번출구),1495,977,2472
2026-02-28,칠곡우방타운앞(종점),2195,276,2471
2026-02-28,첨단임상시험센터건너,2206,261,2467
2026-02-28,옥포무지개마을,2402,63,2465
2026-02-28,칠곡화성타운앞2,1726,739,2465
2026-02-28,칠곡주공그린빌1단지앞,1708,756,2464
2026-02-28,새본리중학교앞,2201,245,2446
2026-02-28,팔공유치원건너,1778,666,2444
2026-02-28,시립희망원,1590,853,2443
2026-02-28,대덕마을건너,277,2165,2442
2026-02-28,만촌화성파크스위트건너,2348,92,2440
2026-02-28,평리중학교건너,1526,912,2438
2026-02-28,동원초등학교앞,1546,889,2435
2026-02-28,서재문화체육센터건너,1981,453,2434
2026-02-28,대명6동행정복지센터앞,2138,293,2431
2026-02-28,구암초등학교앞,2271,158,2429
2026-02-28,동호육교1,840,1582,2422
2026-02-28,한국건강관리협회건너,1659,762,2421
2026-02-28,성서119안전센터건너,131,2287,2418
2026-02-28,전기안전공사건너,1048,1368,2416
2026-02-28,달성화성파크드림앞,1128,1286,2414
2026-02-28,와룡시장건너,2102,312,2414
2026-02-28,이시아폴리스롯데아울렛앞,1029,1385,2414
2026-02-28,율원초등학교건너,382,2030,2412
2026-02-28,월배힐스테이트건너,2283,124,2407
2026-02-28,화성쌍용타운앞1,1739,659,2398
2026-02-28,대구경찰청,1779,618,2397
2026-02-28,상리공단,1944,450,2394
2026-02-28,달서아트센터건너,2140,251,2391
2026-02-28,룸비니유치원건너,2113,270,2383
2026-02-28,중동네거리,767,1615,2382
2026-02-28,동대구역수화물취급소앞,667,1707,2374
2026-02-28,태왕그린힐즈앞2,2342,32,2374
2026-02-28,국민은행3공단지점앞,1808,564,2372
2026-02-28,남명삼거리1,2088,277,2365
2026-02-28,노원네거리3(기업은행),2286,77,2363
2026-02-28,연경천년나무1단지앞,2274,88,2362
2026-02-28,삼호아파트앞,1275,1080,2355
2026-02-28,새범어아파트앞,2017,338,2355
2026-02-28,진천청구타운건너,1223,1132,2355
2026-02-28,노원119안전센터앞,1663,691,2354
2026-02-28,퀸스로드건너,1614,734,2348
2026-02-28,위남마을,2192,152,2344
2026-02-28,방촌치안센터건너,939,1404,2343
2026-02-28,중부소방서건너,1265,1076,2341
2026-02-28,강창교1(성서방향),2071,267,2338
2026-02-28,군위버스터미널앞,2318,16,2334
2026-02-28,부영5단지,2020,309,2329
2026-02-28,달서시장건너,2063,262,2325
2026-02-28,신세계주유소앞,837,1486,2323
2026-02-28,우방죽전타운앞2,1842,481,2323
2026-02-28,칠곡그린빌3차앞,1337,983,2320
2026-02-28,달구벌종합복지관건너,2049,266,2315
2026-02-28,서부정류장역북편2,1906,408,2314
2026-02-28,칠곡그린빌6단지건너,1465,847,2312
2026-02-28,대구향교앞,1292,1011,2303
2026-02-28,숙천초교입구건너,1662,641,2303
2026-02-28,고산정수사업소건너,1925,371,2296
2026-02-28,강북소방서건너,913,1374,2287
2026-02-28,매천시장지하차도,1289,997,2286
2026-02-28,대구혁신에듀포레아파트건너,1970,313,2283
2026-02-28,여성메디파크,661,1611,2272
2026-02-28,대덕천주교회2,1921,346,2267
2026-02-28,달성군민운동장앞,1649,611,2260
2026-02-28,청라국민체육센터건너,1586,674,2260
2026-02-28,동문고등학교정문,2045,214,2259
2026-02-28,방공포병학교앞,1216,1033,2249
2026-02-28,신당동행정복지센터건너,1163,1086,2249
2026-02-28,청백다례원,1609,632,2241
2026-02-28,앞산보성타운앞,2231,9,2240
2026-02-28,동촌유원지,1410,825,2235
2026-02-28,칠곡한신아파트앞2,1890,338,2228
2026-02-28,각산역(2번출구),176,2051,2227
2026-02-28,근로복지공단대구병원건너,329,1891,2220
2026-02-28,도곡교2,2157,60,2217
2026-02-28,명곡미래빌5단지건너,1702,515,2217
2026-02-28,대구스타디움건너,1672,542,2214
2026-02-28,평리3동행정복지센터건너,1987,224,2211
2026-02-28,동촌해성아파트앞,972,1236,2208
2026-02-28,율하휴먼시아8단지앞,1610,592,2202
2026-02-28,삼성물류센터앞,57,2144,2201
2026-02-28,학남고등학교앞,1490,709,2199
2026-02-28,보병50사단앞,1908,286,2194
2026-02-28,수성소방서2,577,1615,2192
2026-02-28,노원네거리(대구은행앞),1958,232,2190
2026-02-28,대구은행역(3번출구),1873,315,2188
2026-02-28,상수도사업본부시설관리소앞,1070,1118,2188
2026-02-28,중동교2,1512,673,2185
2026-02-28,서구문화회관건너,1222,961,2183
2026-02-28,이곡양수장앞,180,1998,2178
2026-02-28,연경천년나무1단지건너,1794,366,2160
2026-02-28,앞산별자리체험학습장1,2102,57,2159
2026-02-28,장성초등학교앞,633,1526,2159
2026-02-28,대청초등학교건너,229,1924,2153
2026-02-28,두류공원2.28자유광장건너,1185,966,2151
2026-02-28,서부정류장역북편1,1179,971,2150
2026-02-28,칠곡초등학교앞,2094,53,2147
2026-02-28,수목원풍경그린아파트건너,689,1454,2143
2026-02-28,경덕여고,1341,799,2140
2026-02-28,대봉1동행정복지센터앞,1269,870,2139
2026-02-28,화원농협주유소건너,1489,650,2139
2026-02-28,대구보건대학교건너1,1755,382,2137
2026-02-28,구암가구골목1,1290,838,2128
2026-02-28,한샘청동공원건너,1352,776,2128
2026-02-28,도시철도수성구청역북편2,1883,233,2116
2026-02-28,황금2동치안센터건너,1085,1031,2116
2026-02-28,교항리앞,1009,1102,2111
2026-02-28,중앙일보건너,1103,999,2102
2026-02-28,금호서한이다음아파트건너,1880,214,2094
2026-02-28,연경금성백조예미지앞,1279,812,2091
2026-02-28,율하롯데캐슬탑클래스건너,1041,1050,2091
2026-02-28,진월초등학교앞,990,1093,2083
2026-02-28,서부고등학교건너,1573,509,2082
2026-02-28,칠곡한라타운건너,1989,93,2082
2026-02-28,영남네오빌앞,1441,631,2072
2026-02-28,상인청구타운건너,1916,155,2071
2026-02-28,농산물도매시장앞,1918,140,2058
2026-02-28,연암네거리3,153,1905,2058
2026-02-28,이진캐스빌앞,1248,810,2058
2026-02-28,현풍농협,1899,158,2057
2026-02-28,산림조합중앙회앞,1313,742,2055
2026-02-28,금호천년나무1단지동편건너,77,1966,2043
2026-02-28,명산교(화성명산타운건너),1911,132,2043
2026-02-28,성서보성타운2차건너2,1848,194,2042
2026-02-28,보성은하타운앞,1974,61,2035
2026-02-28,율하선수촌2단지앞,1877,155,2032
2026-02-28,평리6동행정복지센터건너,1297,719,2016
2026-02-28,유통단지회차지,1732,277,2009
2026-02-28,서재들건너,245,1763,2008
2026-02-28,수성알파시티청아람앞,1493,514,2007
2026-02-28,매호1교앞,1460,545,2005
2026-02-28,농협중앙회중동지점건너,1834,167,2001
2026-02-28,대구경북지방병무청,1335,660,1995
2026-02-28,시민교회앞,1093,901,1994
2026-02-28,대구경찰청건너,520,1472,1992
2026-02-28,신성에스앤티앞,1465,527,1992
2026-02-28,대구스마트고등학교건너,1387,602,1989
2026-02-28,청구시장북편,1287,702,1989
2026-02-28,중리시장건너1,1523,463,1986
2026-02-28,칠곡한신아파트건너,1643,340,1983
2026-02-28,상수도중남부사업소건너,1304,675,1979
2026-02-28,수성알파시티1,1199,771,1970
2026-02-28,명곡미래빌5단지앞,1388,581,1969
2026-02-28,침산쌍용예가아파트앞,1426,543,1969
2026-02-28,공산초등학교앞,1886,81,1967
2026-02-28,서부고등학교앞,1813,150,1963
2026-02-28,월배국민체육센터앞,1822,140,1962
2026-02-28,달성군민운동장건너,1716,236,1952
2026-02-28,신암보성아파트앞,850,1101,1951
2026-02-28,만촌1동 느지안전마을,724,1224,1948
2026-02-28,미대동1,1854,88,1942
2026-02-28,금복주건너,1357,584,1941
2026-02-28,새동네아파트앞,551,1378,1929
2026-02-28,중소기업관앞,1771,157,1928
2026-02-28,솔렌스힐앞,1321,605,1926
2026-02-28,범어2동1,398,1523,1921
2026-02-28,서부정류장(우리은행),1116,805,1921
2026-02-28,월배중학교건너,1045,873,1918
2026-02-28,달구벌신협앞,1623,293,1916
2026-02-28,구지119안전센터건너,1704,209,1913
2026-02-28,구지면행정복지센터건너,1833,79,1912
2026-02-28,칠곡중학교건너(칠곡향교건너),659,1248,1907
2026-02-28,함지초등학교건너,1301,606,1907
2026-02-28,청라언덕(신남)역(2번출구),1336,569,1905
2026-02-28,경명여고건너,1473,429,1902
2026-02-28,대명6동행정복지센터건너,1478,423,1901
2026-02-28,역사테마공원,1885,15,1900
2026-02-28,상동교2,1342,555,1897
2026-02-28,동대구초등학교건너,1288,602,1890
2026-02-28,안심주공2단지앞,142,1748,1890
2026-02-28,덕원고등학교앞,1009,870,1879
2026-02-28,경운초등학교건너,1283,585,1868
2026-02-28,성서우방유쉘아파트앞,1302,564,1866
2026-02-28,현충삼거리2,1749,108,1857
2026-02-28,진월초등학교건너,1303,551,1854
2026-02-28,보병50사단건너,985,867,1852
2026-02-28,한국산업은행성서지점앞,1821,27,1848
2026-02-28,덕원고등학교앞2,1722,124,1846
2026-02-28,용계삼거리3,1130,706,1836
2026-02-28,대명9동행정복지센터앞,1192,635,1827
2026-02-28,강북중학교건너,644,1176,1820
2026-02-28,상인제림아파트건너,1476,344,1820
2026-02-28,새방지하도1,1609,210,1819
2026-02-28,들안길네거리3,903,914,1817
2026-02-28,남구종합스포츠타운건너,1263,551,1814
2026-02-28,동화골든빌건너(남편),1048,763,1811
2026-02-28,강동중·고등학교건너,1802,3,1805
2026-02-28,성지중학교건너,1235,569,1804
2026-02-28,평리광명맨션앞,635,1169,1804
2026-02-28,유신섬유네거리2,1663,138,1801
2026-02-28,들안길네거리2,703,1097,1800
2026-02-28,대륜중고등학교앞,1333,461,1794
2026-02-28,현풍할매곰탕,1510,284,1794
2026-02-28,상동가압장건너,1505,288,1793
2026-02-28,율원중학교앞,1387,404,1791
2026-02-28,이마트반야월점앞,1388,401,1789
2026-02-28,화성센트럴파크,1098,689,1787
2026-02-28,덕원고등학교건너,1443,338,1781
2026-02-28,이편한세상두류역건너,1262,513,1775
2026-02-28,롯데캐슬그랜드,822,941,1763
2026-02-28,은하타운건너,614,1143,1757
2026-02-28,산격4동행정복지센터건너,1529,227,1756
2026-02-28,월배농협대덕지점건너,1154,602,1756
2026-02-28,대구연경아이파크아파트앞,1074,679,1753
2026-02-28,성원아파트건너,1491,256,1747
2026-02-28,상동시장앞,1288,458,1746
2026-02-28,상리동종점3,1584,159,1743
2026-02-28,동원비즈플랫폼앞,1458,284,1742
2026-02-28,대구미술관(대구간송미술관)건너,911,824,1735
2026-02-28,인터불고호텔앞,1204,530,1734
2026-02-28,영남네오빌비스타,552,1180,1732
2026-02-28,지산우방아파트,1398,334,1732
2026-02-28,두산스포츠건너,1467,260,1727
2026-02-28,효목1동행정복지센터,1020,703,1723
2026-02-28,그린빌4단지,616,1104,1720
2026-02-28,동서아파트앞,1351,368,1719
2026-02-28,사월보성2차앞,1441,278,1719
2026-02-28,수성구선거관리위원회건너,1209,506,1715
2026-02-28,대주기계앞,1656,58,1714
2026-02-28,옥포미진이지비아,1615,98,1713
2026-02-28,한화꿈에그린건너1,340,1370,1710
2026-02-28,화원신일해피트리앞,1060,647,1707
2026-02-28,미래아트빌앞,844,861,1705
2026-02-28,학남고등학교건너,1357,346,1703
2026-02-28,푸드웰건너,1651,48,1699
2026-02-28,신매역(7번출구),1322,376,1698
2026-02-28,성광고등학교앞,241,1453,1694
2026-02-28,성서국민체육센터앞,1093,596,1689
2026-02-28,칠곡3차보성타운앞,1671,15,1686
2026-02-28,매천성당건너1,1342,335,1677
2026-02-28,칠곡그린빌6단지앞,1446,227,1673
2026-02-28,건들바위앞,676,994,1670
2026-02-28,나불지앞,1116,553,1669
2026-02-28,새범어아파트건너,1265,404,1669
2026-02-28,평리네거리3,932,736,1668
2026-02-28,대구중앙중학교건너,1608,59,1667
2026-02-28,금계초등학교(교항리)건너,1656,8,1664
2026-02-28,대봉1동행정복지센터건너,1408,254,1662
2026-02-28,한국산업은행성서지점건너,340,1321,1661
2026-02-28,신매역(3번출구),528,1132,1660
2026-02-28,서한이다음4차건너,1581,76,1657
2026-02-28,서동초등학교건너,1432,222,1654
2026-02-28,한국산업단지공단앞,1470,180,1650
2026-02-28,학산아파트앞,976,673,1649
2026-02-28,경희강재앞,1531,115,1646
2026-02-28,서대구KTX영무예다음앞,607,1033,1640
2026-02-28,명곡미래빌4단지,1572,67,1639
2026-02-28,월배차량기지앞,1467,160,1627
2026-02-28,북대구초등학교건너,1538,88,1626
2026-02-28,노변중학교건너,1250,375,1625
2026-02-28,진천역AK그랑폴리스아파트앞,1545,77,1622
2026-02-28,명곡미래빌3단지앞,1551,70,1621
2026-02-28,칠곡경북대병원,1299,319,1618
2026-02-28,LH14단지아파트,1324,291,1615
2026-02-28,대구과학대학교앞,1274,337,1611
2026-02-28,화남초등학교건너,1086,524,1610
2026-02-28,달구벌종합복지관앞,1335,274,1609
2026-02-28,비산6동행정복지센터건너,474,1135,1609
2026-02-28,고성아파트앞,1146,458,1604
2026-02-28,평리5동행정복지센터건너,490,1113,1603
2026-02-28,구암역(운전면허시험장)2,1074,526,1600
2026-02-28,원불교앞,813,787,1600
2026-02-28,두류3동파출소건너,1364,235,1599
2026-02-28,유천동행정복지센터건너,1260,337,1597
2026-02-28,대구IM뱅크PARK남편건너,1265,331,1596
2026-02-28,수성구선거관리위원회앞,1352,243,1595
2026-02-28,도남힐스테이트2단지건너,1525,68,1593
2026-02-28,백사벌네거리1,1564,25,1589
2026-02-28,범어2동2,1322,264,1586
2026-02-28,동원초등학교건너,870,715,1585
2026-02-28,대덕천주교회4,239,1345,1584
2026-02-28,신성교,263,1314,1577
2026-02-28,경대교앞,383,1193,1576
2026-02-28,호반베르디움2차건너,1532,36,1568
2026-02-28,다사농협주유소건너,48,1519,1567
2026-02-28,동원초등학교후문앞,631,936,1567
2026-02-28,파군재삼거리2,276,1290,1566
2026-02-28,북대구초등학교앞,611,949,1560
2026-02-28,무태조야동행정복지센터앞3,1083,476,1559
2026-02-28,사복동입구교차로,1281,278,1559
2026-02-28,송정삼거리4,990,564,1554
2026-02-28,지산영남맨션앞,940,614,1554
2026-02-28,봉덕2동새마을금고건너,968,581,1549
2026-02-28,대구삼성창조캠퍼스2,508,1036,1544
2026-02-28,금복주앞,1042,501,1543
2026-02-28,매천성당건너2,1154,385,1539
2026-02-28,달성보건너,1084,446,1530
2026-02-28,한국산업인력공단건너,1454,76,1530
2026-02-28,국민연금네거리2,1234,292,1526
2026-02-28,장기초등학교,1049,475,1524
2026-02-28,노변중학교,1158,363,1521
2026-02-28,베네딕도수녀원,588,930,1518
2026-02-28,대구보건대학교앞2,497,1018,1515
2026-02-28,가창초등학교앞,1437,70,1507
2026-02-28,심인고등학교건너,1306,201,1507
2026-02-28,신암건영캐스빌아파트,1344,159,1503
2026-02-28,매천중고등학교건너,55,1447,1502
2026-02-28,무태조야동연경분소2,1120,381,1501
2026-02-28,혁신이노힐즈아파트앞,1435,66,1501
2026-02-28,만촌우방1차앞,422,1078,1500
2026-02-28,월배중학교앞,626,872,1498
2026-02-28,덕인초등학교건너,860,635,1495
2026-02-28,유림물산,1105,389,1494
2026-02-28,대천119안전센터건너,1408,79,1487
2026-02-28,서재보성타운앞,1091,395,1486
2026-02-28,대실역청아람1단지앞,1310,175,1485
2026-02-28,새론초등학교앞,813,671,1484
2026-02-28,동원초등학교후문건너,1208,271,1479
2026-02-28,메트로시티앞,1162,316,1478
2026-02-28,화원유원지(사문진주막촌),1356,117,1473
2026-02-28,관음농협앞,1327,145,1472
2026-02-28,상리공단건너,1343,129,1472
2026-02-28,동인네거리1,1019,448,1467
2026-02-28,논공읍행정복지센터건너1,1297,168,1465
2026-02-28,매천센트럴파크앞,1285,176,1461
2026-02-28,명보약국건너,1221,239,1460
2026-02-28,현풍고속도로밑,1403,56,1459
2026-02-28,LH천년나무2단지앞,1364,93,1457
2026-02-28,새방지하도2,1289,168,1457
2026-02-28,태왕그린힐즈건너,536,917,1453
2026-02-28,월배쌍용예가건너,1388,64,1452
2026-02-28,월촌초등학교앞,1090,362,1452
2026-02-28,이현지구대앞,813,634,1447
2026-02-28,서대구역네거리2,1158,287,1445
2026-02-28,칠곡서한맨션,1279,162,1441
2026-02-28,달성경찰서,1131,309,1440
2026-02-28,불로화훼단지앞,398,1040,1438
2026-02-28,대덕초등학교,1362,74,1436
2026-02-28,옥포농협강림지점건너,765,671,1436
2026-02-28,현풍백년도깨비시장앞,1161,275,1436
2026-02-28,대구과학대학교건너,1132,301,1433
2026-02-28,달서시장앞,955,477,1432
2026-02-28,칠곡경북대병원정문앞,1039,386,1425
2026-02-28,만촌화성파크스위트앞,898,526,1424
2026-02-28,대구IM뱅크PARK남편앞,1059,361,1420
2026-02-28,양지마을건너,887,532,1419
2026-02-28,수성랜드앞,619,798,1417
2026-02-28,은하타운앞,512,904,1416
2026-02-28,비산웰빙하와이앞,1257,156,1413
2026-02-28,수목원호정포레스트아파트앞,385,1028,1413
2026-02-28,남부도서관앞,398,1012,1410
2026-02-28,상인청구타운앞,988,421,1409
2026-02-28,법원어린이집,523,882,1405
2026-02-28,만촌태왕리더스북편,892,511,1403
2026-02-28,대구물류터미널앞,1179,221,1400
2026-02-28,무태조야동연경분소1,1192,208,1400
2026-02-28,팔공보성아파트건너,781,619,1400
2026-02-28,한국방송통신대학교건너,1002,398,1400
2026-02-28,와룡공원건너,439,960,1399
2026-02-28,와룡공원앞,987,408,1395
2026-02-28,상리동입구2,1350,41,1391
2026-02-28,군위군 행정복지센터,1364,24,1388
2026-02-28,그린빌4단지건너,1255,128,1383
2026-02-28,구암초등학교건너,983,396,1379
2026-02-28,봉산가구골목(서편),792,585,1377
2026-02-28,동대구역수화물취급소건너,1128,247,1375
2026-02-28,동화사입구앞,23,1352,1375
2026-02-28,연경동화아이위시앞,91,1283,1374
2026-02-28,국가산단반도유보라3차앞,788,583,1371
2026-02-28,룸비니유치원앞,888,480,1368
2026-02-28,금사리하이빌APT건너,1201,165,1366
2026-02-28,불교한방병원앞1,1209,157,1366
2026-02-28,시지대성유니드건너,1217,146,1363
2026-02-28,미8군후문건너,822,539,1361
2026-02-28,매천수산시장앞,1215,144,1359
2026-02-28,이월드(구.우방랜드)건너,1091,267,1358
2026-02-28,월드컵삼거리,837,520,1357
2026-02-28,지묘초등학교건너,1074,283,1357
2026-02-28,농협방촌지점,1142,213,1355
2026-02-28,대구삼성창조캠퍼스1,1012,341,1353
2026-02-28,범어천로2,721,622,1343
2026-02-28,월배이안아파트건너,1283,58,1341
2026-02-28,미곡동2,1284,49,1333
2026-02-28,동화교2,1308,15,1323
2026-02-28,한마음주유소앞,1070,253,1323
2026-02-28,동호동건너(북구),386,935,1321
2026-02-28,삼호아파트건너,864,455,1319
2026-02-28,은행APT입구,407,911,1318
2026-02-28,칠곡네스빌,1133,185,1318
2026-02-28,대구미술관(대구간송미술관)앞,869,448,1317
2026-02-28,희망교2,992,323,1315
2026-02-28,대곡주공5단지건너,1186,128,1314
2026-02-28,매천고교,1150,153,1303
2026-02-28,한마음주유소건너,969,329,1298
2026-02-28,남도버스1,1271,26,1297
2026-02-28,충혼탑앞,328,968,1296
2026-02-28,장관빌라건너,1210,85,1295
2026-02-28,월촌초등학교건너,671,623,1294
2026-02-28,달서자동차검사소건너,142,1150,1292
2026-02-28,현풍중고등학교,1078,214,1292
2026-02-28,호반베르디움2차앞,172,1120,1292
2026-02-28,송현2동행정복지센터건너,970,317,1287
2026-02-28,평리5동행정복지센터앞,961,324,1285
2026-02-28,동원중학교,867,416,1283
2026-02-28,범어천로1,891,390,1281
2026-02-28,지산화성파크드림,995,284,1279
2026-02-28,차량등록사업소건너2,225,1054,1279
2026-02-28,만촌태왕리더스건너,968,310,1278
2026-02-28,국가산단반도유보라1차,382,894,1276
2026-02-28,한라하우젠트,321,953,1274
2026-02-28,무열대앞,709,562,1271
2026-02-28,성명119안전센터앞,1061,208,1269
2026-02-28,차량등록사업소건너1,831,436,1267
2026-02-28,동아제약건너,1208,58,1266
2026-02-28,대동금속건너,1234,31,1265
2026-02-28,화동초등학교건너,903,360,1263
2026-02-28,경희강재건너,469,792,1261
2026-02-28,남부자동차종합시장앞,888,373,1261
2026-02-28,구암가구골목2,847,411,1258
2026-02-28,새론중학교앞,1129,125,1254
2026-02-28,무태교,10,1237,1247
2026-02-28,수성4가동행정복지센터앞,654,592,1246
2026-02-28,대덕천주교회1,912,332,1244
2026-02-28,월성영남맨션앞,853,389,1242
2026-02-28,전기재료관1,746,494,1240
2026-02-28,장태실마을건너,924,314,1238
2026-02-28,더샵수성라크에르아파트앞,937,298,1235
2026-02-28,복현현대맨션건너,1076,158,1234
2026-02-28,남부초등학교건너,1186,45,1231
2026-02-28,차천네거리2,1119,105,1224
2026-02-28,백안삼거리2,1160,63,1223
2026-02-28,논공삼거리2,680,539,1219
2026-02-28,한국방송통신대학교앞,475,743,1218
2026-02-28,포산중학교건너,1197,16,1213
2026-02-28,상서고등학교건너,1015,195,1210
2026-02-28,지산중학교입구,770,437,1207
2026-02-28,대덕문화전당건너,1123,83,1206
2026-02-28,금포초등학교건너,882,319,1201
2026-02-28,논공삼거리1,1175,25,1200
2026-02-28,동대구역센트럴시티자이아파트,1007,193,1200
2026-02-28,대구시지노인전문병원앞,541,653,1194
2026-02-28,대구농업마이스터고후문건너,377,816,1193
2026-02-28,대천공영차고지앞,1110,83,1193
2026-02-28,군위등기소,1093,99,1192
2026-02-28,씨아이에스,33,1157,1190
2026-02-28,봉명네거리3,878,311,1189
2026-02-28,도남힐스테이트4단지앞,438,747,1185
2026-02-28,담티고개1,392,791,1183
2026-02-28,성곡중학교건너,436,743,1179
2026-02-28,한국제지건너,835,344,1179
2026-02-28,정평성당건너,947,226,1173
2026-02-28,농산물도매시장건너,966,206,1172
2026-02-28,미8군후문앞,834,337,1171
2026-02-28,월배이안아파트앞,327,844,1171
2026-02-28,북부상수도사업소,114,1055,1169
2026-02-28,성명119안전센터건너2,809,359,1168
2026-02-28,남구청건너1,1107,59,1166
2026-02-28,덕인초등학교앞,892,270,1162
2026-02-28,대구스타디움앞,652,507,1159
2026-02-28,혁신이노힐즈아파트건너,317,836,1153
2026-02-28,도시철도대구역건너,925,225,1150
2026-02-28,신평동1,440,710,1150
2026-02-28,유니온머티리얼,1039,110,1149
2026-02-28,교동초등학교앞,904,244,1148
2026-02-28,약사회관앞,1013,134,1147
2026-02-28,중대1동회관앞,1142,4,1146
2026-02-28,칠곡경북대병원후문앞,1137,7,1144
2026-02-28,동대구LPG충전소건너,869,274,1143
2026-02-28,신매태성아파트,66,1069,1135
2026-02-28,담티고개2,506,628,1134
2026-02-28,예미지건너,970,164,1134
2026-02-28,화성쌍용타운앞2,155,977,1132
2026-02-28,공산동행정복지센터건너,496,635,1131
2026-02-28,중동행정복지센터건너,869,256,1125
2026-02-28,칠곡대백맨션앞,308,815,1123
2026-02-28,성곡중학교앞,1005,114,1119
2026-02-28,용계삼거리4,754,365,1119
2026-02-28,성서2차서한타운2,304,814,1118
2026-02-28,희망교1,990,128,1118
2026-02-28,e-편한세상월배건너,1036,81,1117
2026-02-28,중리마을,1109,6,1115
2026-02-28,현대금속,588,527,1115
2026-02-28,소선여중앞,134,979,1113
2026-02-28,매곡사거리1,154,958,1112
2026-02-28,서한이다음2차건너,229,882,1111
2026-02-28,냉천전원음식점지구,946,163,1109
2026-02-28,다사읍행정복지센터서재출장소건너,1039,70,1109
2026-02-28,위생처리장2,166,942,1108
2026-02-28,남명삼거리2,722,384,1106
2026-02-28,대구신문사,146,959,1105
2026-02-28,태전중석타운,895,206,1101
2026-02-28,선녀곡앞(옥포),33,1067,1100
2026-02-28,청운맨션앞,435,665,1100
2026-02-28,대구선방촌공원,993,106,1099
2026-02-28,칠곡서한맨션앞,193,899,1092
2026-02-28,무림제지건너,760,327,1087
2026-02-28,대구혁신에듀포레아파트후문앞,347,737,1084
2026-02-28,송정2교,123,960,1083
2026-02-28,이월드(구.우방랜드)앞,880,203,1083
2026-02-28,침산초등학교앞,244,837,1081
2026-02-28,매곡초등학교앞,846,234,1080
2026-02-28,청구시장건너2,450,629,1079
2026-02-28,경서중학교앞,232,841,1073
2026-02-28,만촌그린빌라건너,985,83,1068
2026-02-28,송현공원앞,383,684,1067
2026-02-28,대구동촌유치원,813,251,1064
2026-02-28,신서롯데캐슬레전드서편건너,16,1047,1063
2026-02-28,KT북대구지사건너,751,311,1062
2026-02-28,인산마을건너,1058,4,1062
2026-02-28,시지보성타운2차앞,841,219,1060
2026-02-28,중동행정복지센터앞,891,169,1060
2026-02-28,신서롯데캐슬레전드서편앞,838,219,1057
2026-02-28,검단동행정복지센터건너,1013,42,1055
2026-02-28,강창교2(다사방향),297,755,1052
2026-02-28,경북크랑크,965,85,1050
2026-02-28,태왕그린힐즈앞1,181,865,1046
2026-02-28,봉촌1리1,1032,11,1043
2026-02-28,삼산리(삼산교회건너),1033,4,1037
2026-02-28,새론중학교건너,580,457,1037
2026-02-28,팔공초중학교건너,620,416,1036
2026-02-28,대구스마트고등학교4,1006,29,1035
2026-02-28,도동청구타운앞,953,82,1035
2026-02-28,대구국제고등학교앞,957,77,1034
2026-02-28,논공읍행정복지센터앞,921,112,1033
2026-02-28,대명중학교앞,973,58,1031
2026-02-28,그린빌4단지앞,640,389,1029
2026-02-28,삼리리1(논공),970,56,1026
2026-02-28,달성군청건너,968,54,1022
2026-02-28,옥포농협앞,904,118,1022
2026-02-28,관음공영주차장앞,899,119,1018
2026-02-28,정부대구지방합동청사후문2,1002,15,1017
2026-02-28,매곡초등학교건너,700,315,1015
2026-02-28,청구중동아파트,372,641,1013
2026-02-28,동촌역(2번출구),748,264,1012
2026-02-28,상수도중남부사업소앞,569,443,1012
2026-02-28,경대교건너,813,198,1011
2026-02-28,두리봉터널입구건너,947,64,1011
2026-02-28,현풍중고등학교건너,848,162,1010
2026-02-28,달성군청앞,790,218,1008
2026-02-28,북구 동호동(종점)2(서리지입구),827,173,1000
2026-02-28,비산초등학교정문,426,574,1000
2026-02-28,관음어린이집,867,132,999
2026-02-28,성서한샘타운앞,844,153,997
2026-02-28,매천시장역1,711,284,995
2026-02-28,보성기계건너,923,71,994
2026-02-28,도남힐스테이트1단지건너,935,58,993
2026-02-28,산격119안전센터(엑스코),156,837,993
2026-02-28,화성파크드림이스트밸리아파트,769,223,992
2026-02-28,제일풍경채센트럴앞,976,11,987
2026-02-28,성당초교앞,507,476,983
2026-02-28,이곡역(3번출구),334,649,983
2026-02-28,관음동행정복지센터앞,860,122,982
2026-02-28,대곡중학교앞,968,13,981
2026-02-28,두류3동파출소앞,671,310,981
2026-02-28,무태조야동연경분소3,925,54,979
2026-02-28,대구경북지방중소벤처기업청앞,916,62,978
2026-02-28,무림제지앞1,698,280,978
2026-02-28,칠곡경북대병원정문건너,844,133,977
2026-02-28,율하체육공원앞,709,266,975
2026-02-28,포산고등학교1,827,147,974
2026-02-28,불로화훼단지건너,675,298,973
2026-02-28,동구시장건너,74,892,966
2026-02-28,대구중앙중학교앞,329,636,965
2026-02-28,우방신세계타운앞,760,201,961
2026-02-28,구지면행정복지센터앞,221,738,959
2026-02-28,동서변월드메르디앙아파트정문,217,737,954
2026-02-28,화성전문요양원앞,649,304,953
2026-02-28,송정삼거리2,165,787,952
2026-02-28,봉무공원건너,571,380,951
2026-02-28,금사리하이빌APT앞,603,347,950
2026-02-28,한실공원앞,872,77,949
2026-02-28,노변청구타운건너,679,267,946
2026-02-28,한실공원건너,842,102,944
2026-02-28,명곡지구앞,518,421,939
2026-02-28,국가산단서한이다음건너,137,798,935
2026-02-28,대구지방법원서부지원,575,357,932
2026-02-28,연화리,834,96,930
2026-02-28,월배국민체육센터건너,263,665,928
2026-02-28,달성습지·대명유수지건너,190,737,927
2026-02-28,대구역꽃시장,179,742,921
2026-02-28,중리삼거리2,912,6,918
2026-02-28,한국타이어,116,802,918
2026-02-28,달성습지·대명유수지앞,185,731,916
2026-02-28,유신섬유네거리1,749,164,913
2026-02-28,남구청앞,292,620,912
2026-02-28,본리2,727,185,912
2026-02-28,안심도서관1(서편),782,129,911
2026-02-28,효령문화센터,884,25,909
2026-02-28,칠곡3차화성타운3,453,455,908
2026-02-28,대주기계 건너,536,371,907
2026-02-28,대곡공원앞,801,105,906
2026-02-28,두류공원(야외음악당건너),726,173,899
2026-02-28,앞산빨래터공원,819,79,898
2026-02-28,사복동입구교차로건너,15,881,896
2026-02-28,대곡주공5단지앞,159,736,895
2026-02-28,대구혁신에듀포레아파트앞,760,135,895
2026-02-28,앞산자락카페마실앞,527,368,895
2026-02-28,냉천리1,862,32,894
2026-02-28,칠곡경대병원역,596,296,892
2026-02-28,노변청구타운앞,628,263,891
2026-02-28,북대구농협검단지점앞,25,865,890
2026-02-28,우방송현하이츠,706,181,887
2026-02-28,e편한세상대구금호앞,223,662,885
2026-02-28,공산댐건너,830,53,883
2026-02-28,솔정고개1,396,487,883
2026-02-28,앞산별자리체험학습장2,90,792,882
2026-02-28,수성요양병원,733,148,881
2026-02-28,가창중학교건너,873,3,876
2026-02-28,경북대학교체육센터건너2,483,391,874
2026-02-28,나불지건너,762,111,873
2026-02-28,조암네거리1,688,185,873
2026-02-28,태전휴먼시아,734,139,873
2026-02-28,영조아파트앞,820,49,869
2026-02-28,경원고등학교앞,768,100,868
2026-02-28,매곡(종점),630,237,867
2026-02-28,경창산업,646,216,862
2026-02-28,남부초등학교앞,561,298,859
2026-02-28,수성소방서1,303,555,858
2026-02-28,각산비나리공원건너,766,91,857
2026-02-28,침산초등학교후문,774,82,856
2026-02-28,안심도서관2(서편),434,421,855
2026-02-28,칠곡청구타운건너,316,539,855
2026-02-28,장산초등학교앞,695,156,851
2026-02-28,불교한방병원건너1,394,454,848
2026-02-28,포산서사거리1,813,35,848
2026-02-28,화성그랜드건너,387,458,845
2026-02-28,대구물류터미널건너,419,424,843
2026-02-28,비슬초등학교건너,805,32,837
2026-02-28,상리동종점2,833,4,837
2026-02-28,대덕마을앞,363,470,833
2026-02-28,달성군민체육관건너,544,288,832
2026-02-28,남구청네거리2,705,126,831
2026-02-28,수성동삼익맨션앞,771,57,828
2026-02-28,원대오거리북편2,495,333,828
2026-02-28,대구반도체마이스터고등학교 남편,400,424,824
2026-02-28,두류공원(야외음악당앞),582,242,824
2026-02-28,강동초교건너,805,17,822
2026-02-28,범물2동행정복지센터앞,61,760,821
2026-02-28,관음동행정복지센터건너,678,142,820
2026-02-28,홍천사건너,794,26,820
2026-02-28,중동서울아파트앞,773,46,819
2026-02-28,안지랑골입구,259,553,812
2026-02-28,관음중학교(북편),678,132,810
2026-02-28,무태조야동행정복지센터건너3,692,117,809
2026-02-28,노원동화타운건너,428,379,807
2026-02-28,복현현대맨션앞,627,179,806
2026-02-28,에코테마파크대구숲남문앞,37,769,806
2026-02-28,농협동촌지점,539,263,802
2026-02-28,세흥에스피,431,369,800
2026-02-28,구암동1,756,43,799
2026-02-28,풍국주정공업,659,138,797
2026-02-28,성보교통건너,626,167,793
2026-02-28,칠곡우방타운건너(종점),631,161,792
2026-02-28,에코테마파크대구숲앞,425,366,791
2026-02-28,매천화성파크드림,659,130,789
2026-02-28,고래들공원건너,717,71,788
2026-02-28,매천수산시장건너,622,166,788
2026-02-28,백안교2,741,44,785
2026-02-28,이마트반야월점건너,444,341,785
2026-02-28,부영7단지건너,628,155,783
2026-02-28,성서푸른마을아파트앞,512,267,779
2026-02-28,대천초등학교앞,662,116,778
2026-02-28,대구택시협동조합건너,467,310,777
2026-02-28,대구택시협동조합앞,533,243,776
2026-02-28,관음변전소2,143,630,773
2026-02-28,화성그랜드앞,524,249,773
2026-02-28,삼보,455,316,771
2026-02-28,LH천년나무2단지건너,499,266,765
2026-02-28,성산초등학교앞,546,219,765
2026-02-28,관음변전소3,748,16,764
2026-02-28,럭키아파트앞,711,51,762
2026-02-28,대곡청구아파트앞,493,267,760
2026-02-28,학남초등학교앞,561,199,760
2026-02-28,중소기업관건너,19,740,759
2026-02-28,서대구공단네거리1,640,118,758
2026-02-28,우보버스정류장,685,72,757
2026-02-28,성요셉요양병원앞,470,286,756
2026-02-28,월곡네거리,149,607,756
2026-02-28,도시철도대구역,267,487,754
2026-02-28,골안골지하보도앞,70,678,748
2026-02-28,달구벌신협건너,646,102,748
2026-02-28,이곡역(2번출구),730,16,746
2026-02-28,기업은행국가산단지점건너,662,76,738
2026-02-28,스파밸리1,129,608,737
2026-02-28,삼산리(세왕교통1),736,0,736
2026-02-28,침산동화타운앞,319,413,732
2026-02-28,성주사앞,430,295,725
2026-02-28,수성못오거리5,317,405,722
2026-02-28,이노밸리로2,424,298,722
2026-02-28,죽곡푸르지오2단지2,575,146,721
2026-02-28,국민건강보험공단달성고령지사건너,620,97,717
2026-02-28,신천초등학교건너,347,370,717
2026-02-28,칠곡한라타운앞,44,670,714
2026-02-28,대구북부소방서건너,504,208,712
2026-02-28,봉덕2동새마을금고앞,375,337,712
2026-02-28,수성랜드건너,462,250,712
2026-02-28,삼성한국형아파트건너,689,22,711
2026-02-28,성서초등학교앞,17,692,709
2026-02-28,남산2동행정복지센터앞,563,145,708
2026-02-28,신서성당앞,10,697,707
2026-02-28,우록리(종점),668,39,707
2026-02-28,포산고등학교2,511,196,707
2026-02-28,예미지앞,630,75,705
2026-02-28,평리광명네거리,106,596,702
2026-02-28,학산아파트건너,578,123,701
2026-02-28,공작한양아파트앞,668,32,700
2026-02-28,이노밸리로1,417,279,696
2026-02-28,서문시장5지구앞,564,129,693
2026-02-28,남산고등학교앞,511,178,689
2026-02-28,대곡고등학교앞,250,438,688
2026-02-28,태전두성3차앞,650,37,687
2026-02-28,약사회관건너,376,310,686
2026-02-28,대천119안전센터앞,471,214,685
2026-02-28,비원지구대건너,513,172,685
2026-02-28,황금시장건너,395,290,685
2026-02-28,동문고등학교앞,387,296,683
2026-02-28,위천삼거리(현풍방향),527,155,682
2026-02-28,제일규산,556,120,676
2026-02-28,달성군선거관리위원회앞,65,609,674
2026-02-28,도남8,23,651,674
2026-02-28,태전교회앞,510,164,674
2026-02-28,명보약국앞,188,485,673
2026-02-28,첨단의료산업진흥재단앞,178,494,672
2026-02-28,전기재료관2,127,543,670
2026-02-28,만평네거리2,94,575,669
2026-02-28,운암지공원2,509,159,668
2026-02-28,현풍주공아파트앞,447,221,668
2026-02-28,대진중고등학교앞,549,117,666
2026-02-28,한국도로공사건너,171,495,666
2026-02-28,두류파출소건너,479,185,664
2026-02-28,달성초등학교건너,389,274,663
2026-02-28,방촌빌라,192,466,658
2026-02-28,내일교회앞,607,50,657
2026-02-28,첨단의료산업진흥재단건너,572,85,657
2026-02-28,칠성시장(농협앞),514,142,656
2026-02-28,덕곡삼거리2,653,2,655
2026-02-28,옥포중앙교회건너,648,7,655
2026-02-28,창평1리,635,20,655
2026-02-28,의흥면 행정복지센터,637,17,654
2026-02-28,칠성고가도로하단,510,144,654
2026-02-28,진정마을1,650,2,652
2026-02-28,현풍백년도깨비시장건너,444,208,652
2026-02-28,달성삼환나우빌앞,556,95,651
2026-02-28,대1리용흥지앞,57,594,651
2026-02-28,수정맨션앞,510,141,651
2026-02-28,교동초등학교건너,519,127,646
2026-02-28,신평동2,474,172,646
2026-02-28,태성맨션건너,132,514,646
2026-02-28,대구세명학교건너,347,297,644
2026-02-28,안심역코오롱하늘채앞,145,498,643
2026-02-28,월촌역(4번출구),488,153,641
2026-02-28,비산6동행정복지센터앞,521,119,640
2026-02-28,대구보건대학교5,347,290,637
2026-02-28,매호성당앞,530,104,634
2026-02-28,지묘초등학교앞,501,126,627
2026-02-28,대구상원초등학교앞,500,126,626
2026-02-28,부영7단지앞,572,54,626
2026-02-28,동촌해성아파트건너,195,430,625
2026-02-28,신서그린빌아파트,512,112,624
2026-02-28,용계동2,509,114,623
2026-02-28,청운맨션건너,310,313,623
2026-02-28,교대부설초등학교앞,20,602,622
2026-02-28,성보교통앞,596,26,622
2026-02-28,신생원건너,14,608,622
2026-02-28,태평상가앞2,95,527,622
2026-02-28,대구텍건너,376,243,619
2026-02-28,한국가스공사건너,479,140,619
2026-02-28,경원고등학교건너,471,147,618
2026-02-28,대성유니드건너,445,173,618
2026-02-28,신천초등학교앞,310,307,617
2026-02-28,한국부동산원앞,359,258,617
2026-02-28,화동초등학교앞,459,158,617
2026-02-28,만촌삼정그린코아건너,600,14,614
2026-02-28,성요셉요양병원건너,544,68,612
2026-02-28,유곡공원건너,606,5,611
2026-02-28,도학동,606,4,610
2026-02-28,봉덕시장건너2,385,225,610
2026-02-28,평안,444,165,609
2026-02-28,매호동서아파트앞,519,89,608
2026-02-28,코스모스한양아파트앞,355,253,608
2026-02-28,달성초등학교앞,475,132,607
2026-02-28,월배차량기지건너,162,445,607
2026-02-28,도남힐스테이트2단지앞,373,232,605
2026-02-28,삼성한국형아파트앞,70,535,605
2026-02-28,첨단임상시험센터앞,146,459,605
2026-02-28,매호성당건너,503,100,603
2026-02-28,대구역서희스타힐스앞,239,363,602
2026-02-28,신매역(6번출구),489,112,601
2026-02-28,남산고등학교건너,508,92,600
2026-02-28,선돌교2,496,101,597
2026-02-28,팔달초등학교,473,121,594
2026-02-28,한국로봇산업진흥원후문앞,388,205,593
2026-02-28,조야초등학교건너,552,39,591
2026-02-28,두류파출소앞,356,234,590
2026-02-28,송현공원건너,155,435,590
2026-02-28,도평동입구1,435,154,589
2026-02-28,다사읍행정복지센터앞,142,446,588
2026-02-28,검단동행정복지센터앞,1,585,586
2026-02-28,원대동행정복지센터건너,453,132,585
2026-02-28,매천시장역2,454,129,583
2026-02-28,현풍주공아파트,376,207,583
2026-02-28,태전삼성아파트,449,132,581
2026-02-28,차천네거리1,440,140,580
2026-02-28,도남힐스테이트1단지앞,334,243,577
2026-02-28,봉명네거리1,293,283,576
2026-02-28,파계교,294,282,576
2026-02-28,새동네아파트건너,453,120,573
2026-02-28,심인고등학교앞,329,244,573
2026-02-28,위천1리건너,462,110,572
2026-02-28,관문동행정복지센터 금호분소앞,179,390,569
2026-02-28,달서구새마을회앞,18,548,566
2026-02-28,월배힐스테이트앞,170,395,565
2026-02-28,송정삼거리1,348,216,564
2026-02-28,서대구역네거리1,307,255,562
2026-02-28,현충삼거리1,49,511,560
2026-02-28,미곡동1,125,434,559
2026-02-28,상인역모아엘가파크뷰아파트앞,144,415,559
2026-02-28,장태실마을앞,356,203,559
2026-02-28,동호초등학교건너,473,83,556
2026-02-28,상서고등학교앞,323,231,554
2026-02-28,방천리1,27,524,551
2026-02-28,서재들,249,301,550
2026-02-28,대덕초등학교건너,107,441,548
2026-02-28,연경체육공원건너,185,362,547
2026-02-28,칠곡경북대병원건너(50사단),219,328,547
2026-02-28,칠곡IC 1,73,473,546
2026-02-28,대곡파출소2,357,188,545
2026-02-28,상동마을(둔산길),519,26,545
2026-02-28,신덕마을입구앞,473,72,545
2026-02-28,한국가스공사앞,301,244,545
2026-02-28,가창119안전센터,486,58,544
2026-02-28,대구학생수련관입구건너,534,10,544
2026-02-28,한세모빌리티앞,293,249,542
2026-02-28,용산역(1번출구),213,325,538
2026-02-28,장산초등학교건너,464,73,537
2026-02-28,앞산궁도장건너,239,297,536
2026-02-28,대구선방촌공원남편,132,402,534
2026-02-28,대림생수,527,7,534
2026-02-28,동곡초등학교건너,528,6,534
2026-02-28,대신동광명맨션앞,403,130,533
2026-02-28,성산리2,499,34,533
2026-02-28,금포1교1,498,33,531
2026-02-28,화성쌍용타운건너,466,65,531
2026-02-28,본리1리동회관건너,337,192,529
2026-02-28,삼리2교차로 1,454,75,529
2026-02-28,중마을(갓바위방향),383,145,528
2026-02-28,1차서한화성타운앞,422,102,524
2026-02-28,구지축구장앞,515,8,523
2026-02-28,한국교육학술정보원앞,64,456,520
2026-02-28,두리봉터널종점,157,361,518
2026-02-28,이곡마을2,492,25,517
2026-02-28,K2관사입구(종점),446,69,515
2026-02-28,노원네거리(대구은행건너),295,219,514
2026-02-28,부동,476,38,514
2026-02-28,바른병원건너,261,252,513
2026-02-28,대곡파출소1,104,408,512
2026-02-28,앞산공원관리사무소앞,22,489,511
2026-02-28,상인화성파크드림건너,299,211,510
2026-02-28,다사읍행정복지센터서재출장소앞,256,248,504
2026-02-28,삼덕동1,8,493,501
2026-02-28,태전육교2,280,220,500
2026-02-28,경북농업기술원건너,233,265,498
2026-02-28,노원네거리4(기업은행),38,460,498
2026-02-28,삼리1리2,446,52,498
2026-02-28,태전우방타운3차아파트,408,90,498
2026-02-28,대구교도소건너,495,1,496
2026-02-28,도남LH2단지아파트건너,439,56,495
2026-02-28,진밭골(종점)2,435,60,495
2026-02-28,국가물산업클러스터앞,435,59,494
2026-02-28,육상진흥센터앞,271,221,492
2026-02-28,어린이세상건너2,95,396,491
2026-02-28,평화씨엠비건너,435,55,490
2026-02-28,군위공용버스터미널,465,24,489
2026-02-28,창리교차로1,450,38,488
2026-02-28,옥포무지개마을앞,294,193,487
2026-02-28,용산역(6번출구),42,445,487
2026-02-28,금포교,392,93,485
2026-02-28,능성동입구건너,479,6,485
2026-02-28,삼우섬유앞,424,57,481
2026-02-28,이시아폴리스롯데아울렛건너,249,232,481
2026-02-28,태전두성타운앞,125,356,481
2026-02-28,도동교1,467,12,479
2026-02-28,의흥면 행정복지센터,458,19,477
2026-02-28,방짜유기박물관건너,470,5,475
2026-02-28,서당마을건너,426,49,475
2026-02-28,포산중학교앞,205,270,475
2026-02-28,대1리용흥지건너,420,53,473
2026-02-28,상동천주교회건너,128,345,473
2026-02-28,용금공단앞,470,3,473
2026-02-28,삼리리2(논공),306,165,471
2026-02-28,평화씨엠비앞,169,302,471
2026-02-28,현풍운전시험장,429,42,471
2026-02-28,한국산업인력공단앞,23,445,468
2026-02-28,앞산공원관리사무소건너,422,43,465
2026-02-28,운암지공원1,267,198,465
2026-02-28,호산초등학교앞,37,424,461
2026-02-28,대구경북지방중소벤처기업청건너,299,161,460
2026-02-28,대동금속앞,263,197,460
2026-02-28,위생처리장1,299,161,460
2026-02-28,유곡리공영차고지건너,345,114,459
2026-02-28,경북농업기술원입구,419,39,458
2026-02-28,아바코앞,365,93,458
2026-02-28,국가물산업클러스터건너,5,452,457
2026-02-28,금호지구종점(시내방향),451,6,457
2026-02-28,매일신문사건너,228,228,456
2026-02-28,수성구리틀야구장앞,300,153,453
2026-02-28,청남타운앞,81,372,453
2026-02-28,만촌천주교회앞,212,239,451
2026-02-28,청남타운건너,340,111,451
2026-02-28,대진중고등학교건너,308,142,450
2026-02-28,동대구LPG충전소앞,295,155,450
2026-02-28,혁신2근린공원,397,53,450
2026-02-28,달서별빛캠핑장건너,342,107,449
2026-02-28,현풍삼거리,342,104,446
2026-02-28,삼환맨션,283,162,445
2026-02-28,새론중학교남편1,311,132,443
2026-02-28,금포새터길1,422,18,440
2026-02-28,금호119안전센터건너,429,11,440
2026-02-28,동천역2,363,76,439
2026-02-28,창평1리,292,145,437
2026-02-28,월촌고가교2,384,49,433
2026-02-28,한국생산기술연구원앞,397,35,432
2026-02-28,동아제약,218,213,431
2026-02-28,범물우방미진하이츠앞,15,415,430
2026-02-28,군위버스터미널건너,31,398,429
2026-02-28,동화교1,26,399,425
2026-02-28,문주마을건너,379,44,423
2026-02-28,칠성시장(양친회신협)건너,78,344,422
2026-02-28,대서초등학교앞,243,178,421
2026-02-28,만촌자이르네앞,387,34,421
2026-02-28,상원리(마을회관)1,419,1,420
2026-02-28,삼성공원아파트앞,275,144,419
2026-02-28,창리교차로2,249,169,418
2026-02-28,현풍할매곰탕건너,155,263,418
2026-02-28,㈜윔스건너,95,321,416
2026-02-28,앞산태왕아너스건너,28,388,416
2026-02-28,대율1리,405,8,413
2026-02-28,상리동입구1,190,223,413
2026-02-28,효령면 행정복지센터,302,111,413
2026-02-28,군위군청,387,25,412
2026-02-28,한양수정아파트,292,120,412
2026-02-28,국우초등학교앞,121,289,410
2026-02-28,대동정공,370,39,409
2026-02-28,비원지구대앞,175,234,409
2026-02-28,단산리(종점),402,6,408
2026-02-28,한국제지앞,101,306,407
2026-02-28,달성기와건너,228,178,406
2026-02-28,이곡마을건너,89,317,406
2026-02-28,내동,379,25,404
2026-02-28,조암네거리2,154,250,404
2026-02-28,협성휴포레강북앞,295,109,404
2026-02-28,도시관리본부앞,211,190,401
2026-02-28,신성중공업앞,399,2,401
2026-02-28,옥포주유소앞,215,186,401
2026-02-28,장관빌라앞,106,295,401
2026-02-28,칠곡초등학교건너,53,348,401
2026-02-28,월배쌍용예가앞,190,210,400
2026-02-28,달서교하부 공영주차장,98,299,397
2026-02-28,대구국제고등학교건너,357,40,397
2026-02-28,방촌1동,394,1,395
2026-02-28,상동교1,196,199,395
2026-02-28,매천대교1,202,192,394
2026-02-28,신서화성파크드림아파트,179,215,394
2026-02-28,대구스마트고등학교3,129,263,392
2026-02-28,우방아파트삼거리,174,215,389
2026-02-28,율하천5교1,386,2,388
2026-02-28,미대동2,151,236,387
2026-02-28,대흥동앞,189,196,385
2026-02-28,신당리,364,21,385
2026-02-28,공산초등학교건너,227,157,384
2026-02-28,성서협업단지앞,316,68,384
2026-02-28,동천역1,336,47,383
2026-02-28,스틸웨이,311,72,383
2026-02-28,서재문화체육센터앞1,19,363,382
2026-02-28,평화정공앞,242,139,381
2026-02-28,육상진흥센터건너,237,143,380
2026-02-28,칠성우방타운,52,326,378
2026-02-28,푸드웰앞,38,340,378
2026-02-28,성동건너,205,172,377
2026-02-28,성서공단물류센터,339,38,377
2026-02-28,송해공원건너,370,7,377
2026-02-28,화원유원지건너,364,12,376
2026-02-28,선돌교1,270,105,375
2026-02-28,민들레아파트후문건너,10,363,373
2026-02-28,비슬초등학교앞,167,206,373
2026-02-28,유곡사거리1,370,1,371
2026-02-28,노곡교(하중도)2,369,1,370
2026-02-28,동호동앞(북구),43,325,368
2026-02-28,생각을담는정원건너,116,252,368
2026-02-28,대흥동건너,211,156,367
2026-02-28,한양산호아파트건너,164,203,367
2026-02-28,남문아파트앞,280,86,366
2026-02-28,대실역(3번출구남쪽),56,309,365
2026-02-28,금계초등학교(교항리),295,69,364
2026-02-28,베어산업앞,313,51,364
2026-02-28,농협중앙회중동지점앞,57,305,362
2026-02-28,대구하이텍고교건너,71,291,362
2026-02-28,대명중학교건너,52,310,362
2026-02-28,동화골든빌(북편),243,117,360
2026-02-28,중석타운건너,33,327,360
2026-02-28,남산2동행정복지센터건너,234,125,359
2026-02-28,e-편한세상월배앞,156,200,356
2026-02-28,검단상가아파트앞,354,2,356
2026-02-28,중동서울아파트건너,169,187,356
2026-02-28,경주최씨종가(종점),329,26,355
2026-02-28,온누리교회,309,46,355
2026-02-28,중소기업지원센터,239,114,353
2026-02-28,한국뇌연구원앞,298,55,353
2026-02-28,국립대구과학관앞,259,91,350
2026-02-28,장군리,343,6,349
2026-02-28,황금고가교네거리,306,43,349
2026-02-28,대구한의대병원역,227,120,347
2026-02-28,공단하수처리장건너,38,307,345
2026-02-28,대구지방기상청,241,104,345
2026-02-28,대리마을회관건너,340,5,345
2026-02-28,럭키아파트건너,113,232,345
2026-02-28,우방송현하이츠건너,305,40,345
2026-02-28,관문동행정복지센터 금호분소 건너,242,102,344
2026-02-28,칠성시장(농협건너),121,223,344
2026-02-28,성동마을앞,319,24,343
2026-02-28,대천초등학교건너,230,112,342
2026-02-28,(주)성안건너,16,325,341
2026-02-28,달성기와앞,262,79,341
2026-02-28,한국지능정보사회진흥원,216,124,340
2026-02-28,매여동(동구)저탄장,330,9,339
2026-02-28,고래들공원앞,201,137,338
2026-02-28,금호화물자동차공영차고지,260,75,335
2026-02-28,평화정공건너,97,237,334
2026-02-28,만촌체육공원,233,100,333
2026-02-28,옥포LH천년나무2단지앞,43,290,333
2026-02-28,금호지구종점(종점방향),327,4,331
2026-02-28,동양맨션앞,69,262,331
2026-02-28,국민건강보험공단달성고령지사앞,105,225,330
2026-02-28,베어산업건너,250,80,330
2026-02-28,포산고사거리,149,181,330
2026-02-28,한국한의학연구원앞,26,304,330
2026-02-28,한국클래드텍건너,323,6,329
2026-02-28,협성휴포레강북건너,210,117,327
2026-02-28,에코테마파크대구숲남문건너,232,94,326
2026-02-28,한서기전건너,272,52,324
2026-02-28,(주)영화앞,320,0,320
2026-02-28,구둔산,310,10,320
2026-02-28,상인화성파크드림앞,155,165,320
2026-02-28,중앙교육연수원앞,68,251,319
2026-02-28,유통단지회차지2,301,12,313
2026-02-28,금호기전,232,78,310
2026-02-28,도시관리본부건너,254,56,310
2026-02-28,성주사건너,111,199,310
2026-02-28,수성월드메르디앙앞,63,247,310
2026-02-28,측백나무숲건너,307,2,309
2026-02-28,선녀곡건너(옥포),250,58,308
2026-02-28,대구혁신LH4단지아파트,244,63,307
2026-02-28,율금초등학교앞,11,295,306
2026-02-28,팔현마을,243,63,306
2026-02-28,달서아트센터앞,248,56,304
2026-02-28,서한이다음4차앞,66,238,304
2026-02-28,동화시설집단지구(종점)1,294,9,303
2026-02-28,성서협업단지건너,271,32,303
2026-02-28,아바코건너,133,170,303
2026-02-28,코스모스한양아파트건너,185,117,302
2026-02-28,해안공영주차장북편,299,3,302
2026-02-28,달성군민체육관앞,261,39,300
2026-02-28,옥분리마을회관앞,299,1,300
2026-02-28,칠성시장(양친회신협),180,120,300
2026-02-28,병수리,284,14,298
2026-02-28,백안삼거리1,107,190,297
2026-02-28,정부대구지방합동청사후문1,19,278,297
2026-02-28,백송온천호텔건너,277,19,296
2026-02-28,대실역(2번출구남쪽),217,78,295
2026-02-28,성림첨단산업앞,212,83,295
2026-02-28,수성구리틀야구장건너,57,237,294
2026-02-28,주식회사대동건너,247,47,294
2026-02-28,태전두성3차건너,110,182,292
2026-02-28,창2리마을1,246,45,291
2026-02-28,화원삼주타운앞,174,117,291
2026-02-28,구암동2,73,216,289
2026-02-28,삼산리(세왕교통2),243,46,289
2026-02-28,평리1동행정복지센터건너,205,84,289
2026-02-28,영진산업,270,18,288
2026-02-28,월촌고가교1,108,179,287
2026-02-28,군위농협 소보지점,252,34,286
2026-02-28,보람타운건너,76,210,286
2026-02-28,옥산정미소,286,0,286
2026-02-28,주식회사대동앞,141,143,284
2026-02-28,대림생수앞,7,276,283
2026-02-28,국립대구과학관정문건너,262,18,280
2026-02-28,남문시장건너1,186,94,280
2026-02-28,숙천초교앞,18,262,280
2026-02-28,관리공단,210,68,278
2026-02-28,달서자동차검사소앞,35,243,278
2026-02-28,화전동2,271,7,278
2026-02-28,본말(종점),276,1,277
2026-02-28,이곡마을,194,83,277
2026-02-28,연경동종점2,250,26,276
2026-02-28,한국로봇산업진흥원후문건너,144,132,276
2026-02-28,한서기전앞,246,30,276
2026-02-28,도남동(종점),268,7,275
2026-02-28,유곡사거리3,275,0,275
2026-02-28,대구일과학고등학교,185,88,273
2026-02-28,한세모빌리티건너,27,246,273
2026-02-28,두리봉터널입구,166,106,272
2026-02-28,둔산동,270,0,270
2026-02-28,청소년수련원건너,233,37,270
2026-02-28,도남7,229,39,268
2026-02-28,태전우방타운1차,161,107,268
2026-02-28,평광종점,256,12,268
2026-02-28,노사평화의전당앞,111,155,266
2026-02-28,삼덕동2,212,53,265
2026-02-28,소보정류장,246,19,265
2026-02-28,연경동종점1,160,105,265
2026-02-28,1차서한화성타운건너,160,104,264
2026-02-28,세천리3,217,47,264
2026-02-28,영조아파트건너,117,147,264
2026-02-28,대리,253,10,263
2026-02-28,부동삼거리,19,244,263
2026-02-28,관음변전소4,194,68,262
2026-02-28,담안마을2,260,2,262
2026-02-28,금호119안전센터앞,44,217,261
2026-02-28,달성우신미가뷰앞,11,250,261
2026-02-28,화원유원지입구,74,186,260
2026-02-28,삼리1리1,98,158,256
2026-02-28,새각단건너,102,154,256
2026-02-28,대덕문화전당앞,109,146,255
2026-02-28,내일교회건너,200,54,254
2026-02-28,무림제지앞2,92,162,254
2026-02-28,조양회관,77,177,254
2026-02-28,대덕승마장건너,197,56,253
2026-02-28,정부대구지방합동청사건너,198,53,251
2026-02-28,덕곡동,250,0,250
2026-02-28,볼보트럭대구사업소건너,160,88,248
2026-02-28,하빈농협동곡지점2,238,10,248
2026-02-28,혜성정공,202,46,248
2026-02-28,성바울로성당앞,122,125,247
2026-02-28,앞산자락카페마실건너,161,86,247
2026-02-28,유가사거리1,151,95,246
2026-02-28,NH농협혁신도시지점건너,7,238,245
2026-02-28,㈜윔스앞,206,39,245
2026-02-28,경북농업기술원앞,82,163,245
2026-02-28,대호분체산업,163,82,245
2026-02-28,대곡중학교건너,13,231,244
2026-02-28,세천북로2,209,35,244
2026-02-28,유가사거리2,185,59,244
2026-02-28,대구지료재생사,119,124,243
2026-02-28,하빈면행정복지센터건너,242,1,243
2026-02-28,연경체육공원앞,94,148,242
2026-02-28,지산2길입구,225,17,242
2026-02-28,진밭골(종점)1,226,14,240
2026-02-28,효림엑스이,164,76,240
2026-02-28,성하리,66,173,239
2026-02-28,연경대광로제비앙앞,25,214,239
2026-02-28,삼산리입구건너,238,0,238
2026-02-28,중리삼거리1,11,227,238
2026-02-28,노곡교(하중도)1,43,194,237
2026-02-28,대구학생문화센터,44,192,236
2026-02-28,성동마을건너,99,137,236
2026-02-28,유천초등학교앞,207,29,236
2026-02-28,칠곡경대병원역건너,106,128,234
2026-02-28,성동탱자나무마을앞,91,142,233
2026-02-28,앞산보성타운건너,25,207,232
2026-02-28,조양회관건너,90,142,232
2026-02-28,안심고가교하부1,28,202,230
2026-02-28,대림육교2,90,139,229
2026-02-28,장기영남네오빌,127,102,229
2026-02-28,태전육교1,90,139,229
2026-02-28,가창중학교앞,30,197,227
2026-02-28,강동중·고등학교,7,220,227
2026-02-28,고모역건너,157,68,225
2026-02-28,세천리2,187,38,225
2026-02-28,안심교(경산방향),150,75,225
2026-02-28,안심뉴타운1,199,25,224
2026-02-28,공작한양아파트건너,128,95,223
2026-02-28,달성주민건강증진센터,206,16,222
2026-02-28,군위공용버스터미널,219,2,221
2026-02-28,동곡1리1,220,0,220
2026-02-28,진흔건설기계공업,189,27,216
2026-02-28,골안골,73,142,215
2026-02-28,금구1리,69,146,215
2026-02-28,하빈초등학교앞,215,0,215
2026-02-28,만촌삼정그린코아앞2,159,55,214
2026-02-28,일심제약,160,54,214
2026-02-28,대곡청구아파트건너,6,206,212
2026-02-28,석굴암IC교아래,119,93,212
2026-02-28,영풍열처리앞,203,9,212
2026-02-28,가천동건너,203,8,211
2026-02-28,마비정벽화마을(종점),199,12,211
2026-02-28,성림첨단산업건너,173,38,211
2026-02-28,동곡치안센터앞,35,174,209
2026-02-28,달성군선거관리위원회건너,112,96,208
2026-02-28,문양기지창건너,12,194,206
2026-02-28,상리동종점,7,199,206
2026-02-28,대구지식산업센터앞,36,169,205
2026-02-28,덴티스앞,169,36,205
2026-02-28,월배아이파크1차앞,113,92,205
2026-02-28,인산마을앞,20,185,205
2026-02-28,대구우편집중국(동편),172,32,204
2026-02-28,정부대구지방합동청사앞,148,55,203
2026-02-28,달성소방서앞,63,139,202
2026-02-28,용계동3,2,200,202
2026-02-28,대구제1.2예비군훈련장건너,36,164,200
2026-02-28,덕곡(달구벌고교),199,1,200
2026-02-28,동호마을건너,174,26,200
2026-02-28,한국생산기술연구원건너,120,80,200
2026-02-28,탱리마을앞,41,158,199
2026-02-28,가창초등학교건너2,113,85,198
2026-02-28,갈실마을회관종점,197,1,198
2026-02-28,탱리마을건너,197,1,198
2026-02-28,달성보앞,167,30,197
2026-02-28,행정리(한천서원),192,4,196
2026-02-28,다사주공아파트건너,195,0,195
2026-02-28,새론중학교남편2,151,44,195
2026-02-28,시지우방하이츠앞,130,65,195
2026-02-28,덕곡삼거리1,5,189,194
2026-02-28,세천고개2,163,31,194
2026-02-28,장기파랑새마을앞,123,71,194
2026-02-28,제일정공,156,37,193
2026-02-28,팔공산도림사추모공원,138,55,193
2026-02-28,한걸마을건너,192,1,193
2026-02-28,갓골건너,192,0,192
2026-02-28,섬뜸마을,191,1,192
2026-02-28,희성전자건너,113,79,192
2026-02-28,예현2리마을회관,183,7,190
2026-02-28,본리1리동회관앞,40,147,187
2026-02-28,읍내2리-의흥정류소,171,16,187
2026-02-28,달성취수장건너,11,175,186
2026-02-28,이곡양수장건너,123,62,185
2026-02-28,동성에스티에스앞,110,71,181
2026-02-28,한국타이어건너,111,70,181
2026-02-28,부동(종점),161,19,180
2026-02-28,화성전문요양원건너,68,112,180
2026-02-28,칡골마을건너,178,1,179
2026-02-28,경상북도인재개발원1,19,159,178
2026-02-28,대구학생수련관입구앞,23,155,178
2026-02-28,신덕마을입구,8,170,178
2026-02-28,공산파출소,8,169,177
2026-02-28,금포교2,80,97,177
2026-02-28,동성에스티에스건너,155,22,177
2026-02-28,도평동입구2,101,75,176
2026-02-28,달성산업단지건너,106,69,175
2026-02-28,포산서사거리2,58,116,174
2026-02-28,삼익THK앞,106,66,172
2026-02-28,해안동행정복지센터,130,42,172
2026-02-28,국우동현대아파트건너,65,106,171
2026-02-28,방짜유기박물관앞,10,160,170
2026-02-28,볼보트럭대구사업소앞,124,46,170
2026-02-28,화원본리1교1,164,6,170
2026-02-28,화원신일해피트리건너,60,110,170
2026-02-28,강정보(디아크문화관)입구,164,5,169
2026-02-28,금포1교3,1,168,169
2026-02-28,금호천년나무8단지앞,36,133,169
2026-02-28,만촌삼정그린코아앞,2,167,169
2026-02-28,삼산리입구앞,4,164,168
2026-02-28,고봉리,164,3,167
2026-02-28,논공읍행정복지센터건너2,48,119,167
2026-02-28,숙천초교건너,81,86,167
2026-02-28,노이2리앞,154,12,166
2026-02-28,신기리2,134,32,166
2026-02-28,희성전자앞,84,81,165
2026-02-28,설화리(종점)2,149,13,162
2026-02-28,장기초등학교앞,5,157,162
2026-02-28,군위유통센타앞,138,23,161
2026-02-28,삼산지,160,1,161
2026-02-28,앞산빨래터공원2,103,58,161
2026-02-28,대평교회건너,160,0,160
2026-02-28,부동농협,160,0,160
2026-02-28,서영기공건너,159,1,160
2026-02-28,용금공단건너,3,157,160
2026-02-28,창2리마을2,86,73,159
2026-02-28,옥분리(구진터),158,0,158
2026-02-28,군위군 행정복지센터,50,107,157
2026-02-28,냉천리2,13,144,157
2026-02-28,삼산리(삼산교회앞),23,132,155
2026-02-28,우록리(자양마을)앞,155,0,155
2026-02-28,반송리,149,2,151
2026-02-28,달서중고등학교건너,150,0,150
2026-02-28,북구어울아트센터앞,15,135,150
2026-02-28,하빈농협건너,149,1,150
2026-02-28,홍천사입구,41,109,150
2026-02-28,군위국민체육센터,148,1,149
2026-02-28,소보시장,140,9,149
2026-02-28,성동앞,88,59,147
2026-02-28,세천고개1,114,32,146
2026-02-28,금구2리,138,6,144
2026-02-28,에이스이노텍앞,22,121,143
2026-02-28,내동건너,7,135,142
2026-02-28,옥포농협,112,30,142
2026-02-28,옥포농협2,43,99,142
2026-02-28,한걸마을앞,32,109,141
2026-02-28,당동마을건너,140,0,140
2026-02-28,도의리,127,13,140
2026-02-28,용계동4,136,4,140
2026-02-28,보성기계앞,5,133,138
2026-02-28,대성테크앞,109,28,137
2026-02-28,무등1리2,137,0,137
2026-02-28,(구)현풍시외버스터미널,96,40,136
2026-02-28,기곡(종점),122,14,136
2026-02-28,성바울로성당건너,46,90,136
2026-02-28,이천동,112,24,136
2026-02-28,대흥리,135,0,135
2026-02-28,국우동현대아파트건너2,3,131,134
2026-02-28,능성동(종점)2,119,15,134
2026-02-28,교항2리마을입구,3,129,132
2026-02-28,덕산마을앞,132,0,132
2026-02-28,두리봉터널종점건너,100,32,132
2026-02-28,삼국유사면 행정복지센터앞,122,9,131
2026-02-28,유가농협앞,117,14,131
2026-02-28,정대2리마을회관건너,131,0,131
2026-02-28,녹동서원건너,130,0,130
2026-02-28,신무동1,130,0,130
2026-02-28,유가차천,115,14,129
2026-02-28,한정리(한정초교),129,0,129
2026-02-28,대구소프트웨어마이스터고등학교앞,123,4,127
2026-02-28,군위우체국앞,62,64,126
2026-02-28,매천대교2,2,123,125
2026-02-28,석굴암IC교아래,109,15,124
2026-02-28,옥포중앙교회앞,40,84,124
2026-02-28,군위역사,115,8,123
2026-02-28,백송온천호텔앞,103,20,123
2026-02-28,신당리2,34,87,121
2026-02-28,현내1리,120,1,121
2026-02-28,대구제1.2예비군훈련장앞,77,43,120
2026-02-28,반송4교앞,120,0,120
2026-02-28,중마을(시내방향),120,0,120
2026-02-28,매천역3,40,79,119
2026-02-28,북구 동호동(종점)1,113,6,119
2026-02-28,제일풍경채센트럴건너,32,87,119
2026-02-28,화본1리 마을회관,119,0,119
2026-02-28,매골2,113,5,118
2026-02-28,서당마을앞,24,94,118
2026-02-28,서부리,59,59,118
2026-02-28,위천삼거리(논공방향),102,15,117
2026-02-28,흥성정공건너,111,6,117
2026-02-28,흥성정공앞,63,54,117
2026-02-28,대덕승마장앞,33,83,116
2026-02-28,동북주유소건너,54,61,115
2026-02-28,한국부동산원앞2,51,64,115
2026-02-28,한양산호아파트앞,105,10,115
2026-02-28,하나원전문장례식장,46,68,114
2026-02-28,달천리(시내방향),107,6,113
2026-02-28,성동탱자나무마을건너,64,49,113
2026-02-28,대율2리,110,2,112
2026-02-28,송정마을2,110,2,112
2026-02-28,공단하수처리장앞,65,46,111
2026-02-28,당정마을입구건너,111,0,111
2026-02-28,웃갈미마을건너,102,9,111
2026-02-28,반송리2,99,11,110
2026-02-28,병수리,58,52,110
2026-02-28,군위병원,106,3,109
2026-02-28,한국환경공단앞,30,79,109
2026-02-28,거매리,67,41,108
2026-02-28,육신사,103,5,108
2026-02-28,이천리(시외방향),108,0,108
2026-02-28,하빈우체국건너,107,1,108
2026-02-28,화산분동건너,108,0,108
2026-02-28,금구1리,91,16,107
2026-02-28,대구교도소앞,34,73,107
2026-02-28,지산2길입구건너,104,3,107
2026-02-28,이화2리,96,9,105
2026-02-28,가암1리,104,0,104
2026-02-28,교항2리회관,88,16,104
2026-02-28,국립대구과학관정문앞,5,99,104
2026-02-28,화계1리,99,5,104
2026-02-28,노이3리1,103,0,103
2026-02-28,대구소프트웨어마이스터고등학교건너,12,91,103
2026-02-28,도동청구타운건너,24,79,103
2026-02-28,성서4차산업단지앞1,95,8,103
2026-02-28,오2리(음지머구),103,0,103
2026-02-28,아주철강앞,56,46,102
2026-02-28,유가사(종점),89,13,102
2026-02-28,음리1,95,7,102
2026-02-28,파전리,101,1,102
2026-02-28,금포새터길2,5,96,101
2026-02-28,대평2리,101,0,101
2026-02-28,영풍열처리건너,47,53,100
2026-02-28,하산스무지(종점),95,5,100
2026-02-28,부남교2,98,1,99
2026-02-28,설화명곡역(4번출구),46,53,99
2026-02-28,연경숲아파트앞,91,8,99
2026-02-28,봉촌낙동길입구,98,0,98
2026-02-28,오리(양지마을),98,0,98
2026-02-28,하빈농협입구,10,88,98
2026-02-28,한국클래드텍앞,3,95,98
2026-02-28,강동초교앞,11,86,97
2026-02-28,거매리,95,2,97
2026-02-28,솔밭기세길입구,89,8,97
2026-02-28,죽곡푸르지오2단지1,23,74,97
2026-02-28,정리,87,9,96
2026-02-28,한국환경공단건너,64,32,96
2026-02-28,오곡리마을회관,94,1,95
2026-02-28,율하천4교2,1,94,95
2026-02-28,대리마을회관,82,12,94
2026-02-28,도학동1,9,85,94
2026-02-28,대구하이텍고교앞,14,79,93
2026-02-28,용계동1,0,93,93
2026-02-28,장기초등학교건너,83,10,93
2026-02-28,달성2차산업단지출장소앞,88,4,92
2026-02-28,대암1리1,92,0,92
2026-02-28,불로리,42,50,92
2026-02-28,호산초등학교건너,62,30,92
2026-02-28,무성2.3리,76,15,91
2026-02-28,신기리1,78,13,91
2026-02-28,칠곡한서타운앞,46,45,91
2026-02-28,국립대구과학관건너,46,44,90
2026-02-28,복성리,90,0,90
2026-02-28,고봉리2,63,26,89
2026-02-28,단산리(송하빌라)1,89,0,89
2026-02-28,샤니삼거리1,89,0,89
2026-02-28,성산리1,22,67,89
2026-02-28,아주철강건너,37,52,89
2026-02-28,사리1리,88,0,88
2026-02-28,상리마을앞,87,1,88
2026-02-28,우록리(숲속전원마을)앞,88,0,88
2026-02-28,대구공고테크노폴리스캠퍼스1,29,58,87
2026-02-28,대일1리마을회관건너,61,25,86
2026-02-28,동곡초등학교앞,63,22,85
2026-02-28,박곡리(시내방향),84,1,85
2026-02-28,방천리2,20,65,85
2026-02-28,양지리,85,0,85
2026-02-28,장군1리,81,4,85
2026-02-28,정대숲,84,1,85
2026-02-28,팔공학생야영장앞,83,2,85
2026-02-28,가태리마을회관건너,57,27,84
2026-02-28,신성중공업건너,5,79,84
2026-02-28,마시리,82,1,83
2026-02-28,모산리,79,4,83
2026-02-28,문주마을앞,24,57,81
2026-02-28,부곡리건너,73,8,81
2026-02-28,상원리(전평못식당)1,81,0,81
2026-02-28,용수동2,81,0,81
2026-02-28,유산리,80,1,81
2026-02-28,이천동(종점),80,1,81
2026-02-28,정대2리(마내미골)종점,79,1,80
2026-02-28,다사주공아파트앞,5,74,79
2026-02-28,대구우편집중국건너,5,74,79
2026-02-28,무성2.3리,59,19,78
2026-02-28,진정마을2,11,67,78
2026-02-28,보훈병원건너,0,77,77
2026-02-28,달천리(시외방향),73,2,75
2026-02-28,대일1리점촌마을,9,66,75
2026-02-28,매호1교건너,10,65,75
2026-02-28,우록리(부곡장식당)건너,75,0,75
2026-02-28,서경리,73,1,74
2026-02-28,위천1리앞,17,57,74
2026-02-28,국가정보자원관리원,59,14,73
2026-02-28,다사체육공원건너,72,1,73
2026-02-28,동곡리,64,9,73
2026-02-28,문양리입구2,3,70,73
2026-02-28,한걸고정마을,71,2,73
2026-02-28,세천리1건너,57,15,72
2026-02-28,주1리,23,49,72
2026-02-28,감문리(삼실)앞,3,67,70
2026-02-28,공산댐앞,6,64,70
2026-02-28,봉촌1리3,70,0,70
2026-02-28,삼산리(범동교),65,5,70
2026-02-28,유가농협건너,31,39,70
2026-02-28,장군1리,61,9,70
2026-02-28,정대리(대구미술광장),70,0,70
2026-02-28,진인동(양지마을)앞,68,2,70
2026-02-28,가천동앞,15,54,69
2026-02-28,당동마을앞,1,68,69
2026-02-28,용대3길,69,0,69
2026-02-28,팔공한마음주유소,0,69,69
2026-02-28,능성동입구앞,6,62,68
2026-02-28,생각을담는정원앞,30,38,68
2026-02-28,유곡리공영차고지앞,65,3,68
2026-02-28,송호지서편1,65,2,67
2026-02-28,주2리1,67,0,67
2026-02-28,금매2리,62,4,66
2026-02-28,산성치안센터,55,11,66
2026-02-28,율하천5교2,9,57,66
2026-02-28,(주)영화건너,4,61,65
2026-02-28,대리마을앞,32,33,65
2026-02-28,대한수목원앞,2,63,65
2026-02-28,도동교2,10,55,65
2026-02-28,도산1리마을회관,64,1,65
2026-02-28,수북1리,65,0,65
2026-02-28,신무3교(하행),65,0,65
2026-02-28,퇴계마을앞,63,2,65
2026-02-28,화계2리,54,11,65
2026-02-28,봉촌2리,64,0,64
2026-02-28,춘산리(현창),48,16,64
2026-02-28,냉천2리,53,10,63
2026-02-28,대구국제사격장,54,9,63
2026-02-28,앞산궁도장앞,49,14,63
2026-02-28,감문1리2,57,5,62
2026-02-28,묘1리 파회,56,6,62
2026-02-28,외량1리,62,0,62
2026-02-28,조야초등학교앞,13,49,62
2026-02-28,평광마을회관,62,0,62
2026-02-28,하빈초등학교건너,4,58,62
2026-02-28,효자강순항나무,62,0,62
2026-02-28,삼익THK건너,21,40,61
2026-02-28,새마을입구,60,1,61
2026-02-28,하빈체육공원앞,61,0,61
2026-02-28,학암1리,54,6,60
2026-02-28,가호1,58,1,59
2026-02-28,고모역앞,45,14,59
2026-02-28,금양리,57,2,59
2026-02-28,대율1리,18,41,59
2026-02-28,덕곡(대구선명학교),9,50,59
2026-02-28,명곡1리입구2,13,46,59
2026-02-28,문양리1,57,2,59
2026-02-28,신화1리,44,15,59
2026-02-28,위성4리,59,0,59
2026-02-28,정대1리(바깥매남),59,0,59
2026-02-28,현내2리중방마을건너,59,0,59
2026-02-28,화북1리,59,0,59
2026-02-28,달서별빛캠핑장앞,35,23,58
2026-02-28,대북1리,58,0,58
2026-02-28,대한수목원건너,57,1,58
2026-02-28,석산리,58,0,58
2026-02-28,유가차천1,41,17,58
2026-02-28,팔공한마음주유소건너,56,2,58
2026-02-28,하산1리,58,0,58
2026-02-28,교수촌,56,1,57
2026-02-28,달성화석박물관앞,4,53,57
2026-02-28,장기1리,20,37,57
2026-02-28,중심마을2,48,9,57
2026-02-28,서대구역(북측),32,24,56
2026-02-28,효령-중구리,49,7,56
2026-02-28,달성산업단지관리공단2,53,2,55
2026-02-28,박곡리해랑포앞,36,19,55
2026-02-28,군위국민체육센터,11,43,54
2026-02-28,달성화석박물관건너,54,0,54
2026-02-28,삼국유사면 행정복지센터,35,19,54
2026-02-28,세천북로1,33,21,54
2026-02-28,송해공원,19,35,54
2026-02-28,용연사,42,12,54
2026-02-28,교항2리회관건너,7,46,53
2026-02-28,도남지,53,0,53
2026-02-28,삼국유사면문화관,51,2,53
2026-02-28,신계리,53,0,53
2026-02-28,옥분리1,12,41,53
2026-02-28,읍내2리-의흥정류소,51,2,53
2026-02-28,춘산리(양지),36,17,53
2026-02-28,춘산리(양지),8,45,53
2026-02-28,푸르밀대구공장,52,1,53
2026-02-28,금강동,33,19,52
2026-02-28,김흥리마을입구,52,0,52
2026-02-28,불로리,27,25,52
2026-02-28,샛터마을입구,2,50,52
2026-02-28,행정2리앞,47,5,52
2026-02-28,내곡동마을회관,51,0,51
2026-02-28,문양역앞,37,14,51
2026-02-28,청소년수련원앞,16,35,51
2026-02-28,매곡정수사업소앞,2,48,50
2026-02-28,목단1리마을회관앞,49,1,50
2026-02-28,보현1리,50,0,50
2026-02-28,상곡리,50,0,50
2026-02-28,오뚜기물류센터,46,4,50
2026-02-28,유곡사거리2,1,49,50
2026-02-28,공군기지관사입구,6,43,49
2026-02-28,남산2리,48,1,49
2026-02-28,동북주유소앞,4,45,49
2026-02-28,매곡1리경로회관,49,0,49
2026-02-28,봉황2리,48,1,49
2026-02-28,서부소방서,26,23,49
2026-02-28,외량3리,47,2,49
2026-02-28,위성1리,49,0,49
2026-02-28,가호1리 마을회관,48,0,48
2026-02-28,검단상가아파트건너,18,30,48
2026-02-28,경상북도농업인회관,23,25,48
2026-02-28,고곡1리,48,0,48
2026-02-28,낙전리,40,8,48
2026-02-28,옥포벚꽃길2,10,38,48
2026-02-28,진인동(진정마을)1,48,0,48
2026-02-28,가창댐1,7,40,47
2026-02-28,군위병원,2,45,47
2026-02-28,달성소방서건너,27,20,47
2026-02-28,달성취수장앞,8,39,47
2026-02-28,대흥2리,43,4,47
2026-02-28,봉촌리,47,0,47
2026-02-28,삼산1리,43,4,47
2026-02-28,세천리1,38,9,47
2026-02-28,율하천4교1,46,1,47
2026-02-28,화수1리,42,5,47
2026-02-28,본리1리,39,7,46
2026-02-28,삽령리,45,1,46
2026-02-28,연계2리,45,1,46
2026-02-28,학남초등학교건너,5,41,46
2026-02-28,동산2리,45,0,45
2026-02-28,운산리,39,6,45
2026-02-28,춘산리(현창),31,14,45
2026-02-28,화계2리,42,3,45
2026-02-28,도남동,40,4,44
2026-02-28,삼산1리,42,2,44
2026-02-28,에이스이노텍건너,32,12,44
2026-02-28,위성2리,44,0,44
2026-02-28,화전2리,44,0,44
2026-02-28,금매1리,37,6,43
2026-02-28,서영기공앞,3,40,43
2026-02-28,이화,37,6,43
2026-02-28,명산리,42,0,42
2026-02-28,박곡리해랑포건너,19,23,42
2026-02-28,부곡리,32,10,42
2026-02-28,삼육구가든건너,5,37,42
2026-02-28,진인동(양지마을)건너,4,38,42
2026-02-28,현대메카닉스건너,42,0,42
2026-02-28,산법리,40,1,41
2026-02-28,신화1리,35,6,41
2026-02-28,갓골앞,1,39,40
2026-02-28,내량2리,40,0,40
2026-02-28,도동제1경로당앞,39,1,40
2026-02-28,문양기지창앞,29,11,40
2026-02-28,삼리2교차로 2,3,37,40
2026-02-28,송원1,40,0,40
2026-02-28,송원리(봉황리방면),40,0,40
2026-02-28,오천리,40,0,40
2026-02-28,평호리-낫거리,40,0,40
2026-02-28,고곡리,2,37,39
2026-02-28,군위군민회관,23,16,39
2026-02-28,다사역(3번출구),1,38,39
2026-02-28,모산리,39,0,39
2026-02-28,미곡교2,15,24,39
2026-02-28,연계1리,39,0,39
2026-02-28,이지2리,39,0,39
2026-02-28,금매1리,32,6,38
2026-02-28,금매2리,38,0,38
2026-02-28,기곡리2,38,0,38
2026-02-28,나호3리,34,4,38
2026-02-28,다사초등학교앞,3,35,38
2026-02-28,달성2차산업단지출장소건너,38,0,38
2026-02-28,성산리3,24,14,38
2026-02-28,웃갈미마을앞,2,36,38
2026-02-28,내량2리,37,0,37
2026-02-28,달산2리,37,0,37
2026-02-28,매곡1리정미소,37,0,37
2026-02-28,모개월앞,0,37,37
2026-02-28,무등2리입구건너,37,0,37
2026-02-28,무성리,36,1,37
2026-02-28,삼육구가든앞,37,0,37
2026-02-28,유곡공원앞,0,37,37
2026-02-28,큰마을,37,0,37
2026-02-28,하빈농협동곡지점1,23,14,37
2026-02-28,다사역(4번출구),36,0,36
2026-02-28,송정동1,6,30,36
2026-02-28,신무1교2,36,0,36
2026-02-28,화계1리,26,10,36
2026-02-28,감문1리3,0,35,35
2026-02-28,금구2리,12,23,35
2026-02-28,나호2리,30,5,35
2026-02-28,내의1리,35,0,35
2026-02-28,다사체육공원앞,32,3,35
2026-02-28,달창저수지,35,0,35
2026-02-28,매성2리,35,0,35
2026-02-28,묘2리(고려정밀),35,0,35
2026-02-28,화원유원지,32,3,35
2026-02-28,화원파크뷰우방아이유쉘아파트앞,9,26,35
2026-02-28,감문리(삼실)건너,34,0,34
2026-02-28,도덕마을,34,0,34
2026-02-28,두천마을건너,34,0,34
2026-02-28,자리미마을2,34,0,34
2026-02-28,장기1리,29,5,34
2026-02-28,지호2리-지호3리,29,5,34
2026-02-28,나호1리,32,1,33
2026-02-28,달성삼환나우빌건너,2,31,33
2026-02-28,목단2리1,32,1,33
2026-02-28,숲다수고용사업장앞,12,21,33
2026-02-28,이지1리,33,0,33
2026-02-28,장기1리,33,0,33
2026-02-28,주2리(최정사입구),3,30,33
2026-02-28,만촌자전거경기장,3,29,32
2026-02-28,매성1리,31,1,32
2026-02-28,상중심마을2,32,0,32
2026-02-28,샤니삼거리2,21,11,32
2026-02-28,연화리2,5,27,32
2026-02-28,화산분동앞,7,25,32
2026-02-28,광현3리,31,0,31
2026-02-28,구라1리2,31,0,31
2026-02-28,노행1리,31,0,31
2026-02-28,다사초등학교건너,29,2,31
2026-02-28,동곡1리3,23,8,31
2026-02-28,신계리(도산리우무실방면),26,5,31
2026-02-28,항공교통본부앞,30,1,31
2026-02-28,화원영농자재판매상건너,28,3,31
2026-02-28,달성산업단지관리공단1,4,26,30
2026-02-28,미성1리,30,0,30
2026-02-28,성리,27,3,30
2026-02-28,우록리(자양마을)건너,1,29,30
2026-02-28,장군2리,30,0,30
2026-02-28,정대1리(안매남),30,0,30
2026-02-28,내리1,29,0,29
2026-02-28,노사평화의전당건너,5,24,29
2026-02-28,무암1리,27,2,29
2026-02-28,본리근린공원건너,29,0,29
2026-02-28,삼산2리,26,3,29
2026-02-28,이천리(시내방향),27,2,29
2026-02-28,남산1리,28,0,28
2026-02-28,달서중고등학교앞,12,16,28
2026-02-28,덕산마을건너,4,24,28
2026-02-28,송정마을1,3,25,28
2026-02-28,위성리,22,6,28
2026-02-28,인산마을회관앞,20,8,28
2026-02-28,주리(삼진식당),14,14,28
2026-02-28,팔거교,2,26,28
2026-02-28,군위군청,13,14,27
2026-02-28,사리1리-중산,25,2,27
2026-02-28,산성치안센터,26,1,27
2026-02-28,서재문화체육센터앞2,17,10,27
2026-02-28,수서1리,27,0,27
2026-02-28,신덕마을입구건너,26,1,27
2026-02-28,율하천6교2,5,22,27
2026-02-28,노행2리,26,0,26
2026-02-28,대구공고테크노폴리스캠퍼스2,26,0,26
2026-02-28,동부리,25,1,26
2026-02-28,삼산2리,23,3,26
2026-02-28,새마을건너,0,26,26
2026-02-28,숙천2동마을회관건너,21,5,26
2026-02-28,기암2리 백암마을,25,0,25
2026-02-28,나호1리,24,1,25
2026-02-28,대구보훈요양원앞,25,0,25
2026-02-28,대평교회앞,8,17,25
2026-02-28,봉림삼거리,23,2,25
2026-02-28,화전동1,7,18,25
2026-02-28,경동산업앞,24,0,24
2026-02-28,귀남지휴게소1,24,0,24
2026-02-28,봉촌낙동길입구건너,1,23,24
2026-02-28,삼산지건너,12,12,24
2026-02-28,송정동3,0,24,24
2026-02-28,현풍읍행정복지센터건너,23,1,24
2026-02-28,가암1리,23,0,23
2026-02-28,강정(종점),18,5,23
2026-02-28,구룡촌앞,23,0,23
2026-02-28,담안마을1,6,17,23
2026-02-28,삼산리(범동교)건너,6,17,23
2026-02-28,송정1동,5,18,23
2026-02-28,신세월입구1,22,1,23
2026-02-28,옥연지건너,23,0,23
2026-02-28,응암1리1,4,19,23
2026-02-28,이화,18,5,23
2026-02-28,나호2리,16,6,22
2026-02-28,문산리,22,0,22
2026-02-28,서경리,21,1,22
2026-02-28,서부리,5,17,22
2026-02-28,석산리,22,0,22
2026-02-28,양리1,21,1,22
2026-02-28,지호1리-안태동,22,0,22
2026-02-28,항공교통본부건너,0,22,22
2026-02-28,화전2리,20,2,22
2026-02-28,구지중학교앞,21,0,21
2026-02-28,금양1리,19,2,21
2026-02-28,대구그린파워앞,1,20,21
2026-02-28,보현2리,21,0,21
2026-02-28,봉소리,19,2,21
2026-02-28,용봉삼거리1,7,14,21
2026-02-28,하곡리,21,0,21
2026-02-28,화수1리,11,10,21
2026-02-28,김흥1리앞,17,3,20
2026-02-28,명곡1리입구1,2,18,20
2026-02-28,목단1리1,20,0,20
2026-02-28,묘2리(전마),18,2,20
2026-02-28,문양리입구1,2,18,20
2026-02-28,성1리,18,2,20
2026-02-28,운산,20,0,20
2026-02-28,진인동(진정마을)2,18,2,20
2026-02-28,학암2리,20,0,20
2026-02-28,화북3리,14,6,20
2026-02-28,화수2리,20,0,20
2026-02-28,나호3리,19,0,19
2026-02-28,남산2리,19,0,19
2026-02-28,농기계임대사업소 동부분소 건너,19,0,19
2026-02-28,사유원,17,2,19
2026-02-28,송호지서편2,0,19,19
2026-02-28,연계1리,19,0,19
2026-02-28,오곡리건너편,19,0,19
2026-02-28,옥포벚꽃길1,3,16,19
2026-02-28,용화사앞,18,1,19
2026-02-28,제2석굴암,19,0,19
2026-02-28,학성1리,0,19,19
2026-02-28,광현2리,18,0,18
2026-02-28,내의1리,18,0,18
2026-02-28,달산2리,18,0,18
2026-02-28,동부사거리,18,0,18
2026-02-28,동산1리,18,0,18
2026-02-28,마비정삼거리2,18,0,18
2026-02-28,박곡리(시외방향),18,0,18
2026-02-28,복성리,18,0,18
2026-02-28,사효교1,18,0,18
2026-02-28,성산3동,0,18,18
2026-02-28,송정동4,10,8,18
2026-02-28,신무교1,13,5,18
2026-02-28,응암1리2,6,12,18
2026-02-28,창2리2,16,2,18
2026-02-28,창평리,18,0,18
2026-02-28,한정3리,18,0,18
2026-02-28,행정교,3,15,18
2026-02-28,현대메카닉스앞,0,18,18
2026-02-28,구삼폭포앞,17,0,17
2026-02-28,금양리,15,2,17
2026-02-28,김흥2리건너,8,9,17
2026-02-28,마시1리,4,13,17
2026-02-28,매곡2리 마을회관,17,0,17
2026-02-28,비슬산휴양림주차장,8,9,17
2026-02-28,숲다수고용사업장건너,13,4,17
2026-02-28,연광시니어타운앞,17,0,17
2026-02-28,용연사시설집단지구건너,15,2,17
2026-02-28,유곡사거리4,0,17,17
2026-02-28,정리,17,0,17
2026-02-28,측백나무숲앞,2,15,17
2026-02-28,거매리로타리,14,2,16
2026-02-28,고곡2리,16,0,16
2026-02-28,대북2리,16,0,16
2026-02-28,문덕1리,16,0,16
2026-02-28,문양3리(장귀미),0,16,16
2026-02-28,백학2리,16,0,16
2026-02-28,본리2리2,16,0,16
2026-02-28,수북1리-하리마을,16,0,16
2026-02-28,숙천동 건너,3,13,16
2026-02-28,신무동2,0,16,16
2026-02-28,옥연지,0,16,16
2026-02-28,우록리(숲속전원마을)건너,10,6,16
2026-02-28,우보,15,1,16
2026-02-28,이현고개삼거리(시내방향),0,16,16
2026-02-28,정대2리(큰바위숲)앞,16,0,16
2026-02-28,칡골마을앞,0,16,16
2026-02-28,푸르밀대구공장건너,8,8,16
2026-02-28,현내2리중방마을앞,0,16,16
2026-02-28,효령,16,0,16
2026-02-28,가창댐,3,12,15
2026-02-28,능성동(종점)1,15,0,15
2026-02-28,무등1리3,15,0,15
2026-02-28,백안교1,1,14,15
2026-02-28,봉산리,15,0,15
2026-02-28,삼국유사테마파크건너,11,4,15
2026-02-28,성1리,12,3,15
2026-02-28,오2리(음지머구건너),4,11,15
2026-02-28,용수동당산2,15,0,15
2026-02-28,중뫼마을건너,15,0,15
2026-02-28,화북3리,15,0,15
2026-02-28,낙전리,14,0,14
2026-02-28,달성문화원건너,14,0,14
2026-02-28,당정마을입구,8,6,14
2026-02-28,솔밭기세길건너,0,14,14
2026-02-28,수북1리,2,12,14
2026-02-28,이지2리,13,1,14
2026-02-28,인지초등학교입구,13,1,14
2026-02-28,창2리1,13,1,14
2026-02-28,하빈면행정복지센터앞,6,8,14
2026-02-28,화원본리1교2,10,4,14
2026-02-28,가천리,6,7,13
2026-02-28,강정보(디아크문화관)건너,0,13,13
2026-02-28,경상북도인재개발원2,12,1,13
2026-02-28,구라리,3,10,13
2026-02-28,마비정길1,0,13,13
2026-02-28,마시1리,9,4,13
2026-02-28,무등보건진료소건너,13,0,13
2026-02-28,설티고개(달성공단방면),0,13,13
2026-02-28,설화리(종점)1,13,0,13
2026-02-28,성2리,11,2,13
2026-02-28,외량2리,13,0,13
2026-02-28,위성3리,13,0,13
2026-02-28,유곡리(회차지),13,0,13
2026-02-28,이화3리,13,0,13
2026-02-28,정대2리(잿들마을)건너,13,0,13
2026-02-28,평촌리,13,0,13
2026-02-28,화계3리,13,0,13
2026-02-28,화북2리,12,1,13
2026-02-28,내리리,7,5,12
2026-02-28,내의3리,12,0,12
2026-02-28,백학2리,10,2,12
2026-02-28,백학삼거리,12,0,12
2026-02-28,봉황3리,12,0,12
2026-02-28,삼국유사면 행정복지센터,12,0,12
2026-02-28,상리마을건너,1,11,12
2026-02-28,상원리(마을회관)2,1,11,12
2026-02-28,설티고개(옥포방면),12,0,12
2026-02-28,송원리(소보방면),0,12,12
2026-02-28,송정동2,10,2,12
2026-02-28,신무교2,12,0,12
2026-02-28,가호1,10,1,11
2026-02-28,구삼폭포건너,0,11,11
2026-02-28,농기계임대사업소 동부분소 앞,0,11,11
2026-02-28,달산2리,11,0,11
2026-02-28,대구그린파워건너,10,1,11
2026-02-28,미성2리 노인정,11,0,11
2026-02-28,봉소리,11,0,11
2026-02-28,양방마을앞,11,0,11
2026-02-28,연호역(3번출구),4,7,11
2026-02-28,오곡리입구,10,1,11
2026-02-28,원산1리,11,0,11
2026-02-28,이화3리,11,0,11
2026-02-28,행정리,1,10,11
2026-02-28,화계,11,0,11
2026-02-28,화계1리,11,0,11
2026-02-28,LH13단지아파트앞,0,10,10
2026-02-28,가태리마을회관앞,9,1,10
2026-02-28,고곡보건지소,10,0,10
2026-02-28,구라3리2,7,3,10
2026-02-28,국립식량과학원대구시험지,1,9,10
2026-02-28,금양1리,10,0,10
2026-02-28,김흥1리건너,10,0,10
2026-02-28,단산리입구1,10,0,10
2026-02-28,달산1리,10,0,10
2026-02-28,문양리2,3,7,10
2026-02-28,백학2리,9,1,10
2026-02-28,새터앞,8,2,10
2026-02-28,연경11,5,5,10
2026-02-28,용수동당산1,0,10,10
2026-02-28,우보역,8,2,10
2026-02-28,금강역1,9,0,9
2026-02-28,금양1리-행골,9,0,9
2026-02-28,노이2리건너,3,6,9
2026-02-28,달산리,9,0,9
2026-02-28,달서천하수종말처리장건너,9,0,9
2026-02-28,대암내길1,9,0,9
2026-02-28,도동제1경로당건너,1,8,9
2026-02-28,모개월입구,9,0,9
2026-02-28,무암2리,9,0,9
2026-02-28,봉황1리,9,0,9
2026-02-28,새터건너,8,1,9
2026-02-28,수서1리,8,1,9
2026-02-28,연호동(종점),8,1,9
2026-02-28,이지리,4,5,9
2026-02-28,중심마을1,6,3,9
2026-02-28,창평리,1,8,9
2026-02-28,농연서당2,8,0,8
2026-02-28,달산,8,0,8
2026-02-28,달산2리,8,0,8
2026-02-28,달성문화원앞,3,5,8
2026-02-28,대율리,8,0,8
2026-02-28,도채앞,8,0,8
2026-02-28,목단2리2,0,8,8
2026-02-28,무암1리,7,1,8
2026-02-28,문덕리 입구,8,0,8
2026-02-28,미곡교1,2,6,8
2026-02-28,미성1리,6,2,8
2026-02-28,반송4교건너,3,5,8
2026-02-28,본리근린공원앞,0,8,8
2026-02-28,봉산2리,8,0,8
2026-02-28,봉황3리,3,5,8
2026-02-28,송원리,8,0,8
2026-02-28,수서,8,0,8
2026-02-28,외량3리,5,3,8
2026-02-28,우보,1,7,8
2026-02-28,운산리,8,0,8
2026-02-28,유곡리,8,0,8
2026-02-28,율하천6교1,8,0,8
2026-02-28,이지1리,1,7,8
2026-02-28,정대리(대구미술광장건너),0,8,8
2026-02-28,정대숲앞,8,0,8
2026-02-28,창평1리,4,4,8
2026-02-28,하곡리-속골,8,0,8
2026-02-28,하산2리,8,0,8
2026-02-28,학암2리,8,0,8
2026-02-28,한정리(한정초교건너),0,8,8
2026-02-28,경주최씨종가2,7,0,7
2026-02-28,김흥리마을입구건너,7,0,7
2026-02-28,남산리,7,0,7
2026-02-28,달산리,7,0,7
2026-02-28,달성스포츠파크건너,7,0,7
2026-02-28,도학교2,7,0,7
2026-02-28,모래정마을건너,7,0,7
2026-02-28,백학삼거리,3,4,7
2026-02-28,부남교1,0,7,7
2026-02-28,서경리,7,0,7
2026-02-28,성1리,7,0,7
2026-02-28,용연사시설집단지구앞,3,4,7
2026-02-28,용화사건너,0,7,7
2026-02-28,우록리(선흥사입구건너),0,7,7
2026-02-28,우보면사무소,6,1,7
2026-02-28,원산3리,7,0,7
2026-02-28,이화리,7,0,7
2026-02-28,인각사,7,0,7
2026-02-28,해안초등학교뒤,2,5,7
2026-02-28,행정1리앞,3,4,7
2026-02-28,화수1리,6,1,7
2026-02-28,화수1리,2,5,7
2026-02-28,기곡리1,5,1,6
2026-02-28,내곡마을입구앞,6,0,6
2026-02-28,녹동서원앞,2,4,6
2026-02-28,동호마을앞,1,5,6
2026-02-28,무암1리,6,0,6
2026-02-28,문주마을2,2,4,6
2026-02-28,박석진교,0,6,6
2026-02-28,백학1리,6,0,6
2026-02-28,봉황3리,6,0,6
2026-02-28,상당마을,6,0,6
2026-02-28,서경리,6,0,6
2026-02-28,양지리,6,0,6
2026-02-28,연경12,4,2,6
2026-02-28,연계1리,5,1,6
2026-02-28,오리(양지마을앞),0,6,6
2026-02-28,오천리,6,0,6
2026-02-28,의흥면보건지소,0,6,6
2026-02-28,이화3리,5,1,6
2026-02-28,정리,1,5,6
2026-02-28,파전리,1,5,6
2026-02-28,화북1리,1,5,6
2026-02-28,화수2리,5,1,6
2026-02-28,가암2리,5,0,5
2026-02-28,달서천하수종말처리장앞,0,5,5
2026-02-28,대흥리,4,1,5
2026-02-28,무등보건진료소앞,0,5,5
2026-02-28,무성리,3,2,5
2026-02-28,문주마을1,4,1,5
2026-02-28,미성2리,5,0,5
2026-02-28,봉산2리,5,0,5
2026-02-28,비산5동행정복지센터,3,2,5
2026-02-28,삼산2리,0,5,5
2026-02-28,솔비식당입구,3,2,5
2026-02-28,송원1,3,2,5
2026-02-28,신계리(소보정류장방면),0,5,5
2026-02-28,신무3교(상행),0,5,5
2026-02-28,옥전길 입구,5,0,5
2026-02-28,용봉삼거리2,2,3,5
2026-02-28,우보면사무소,1,4,5
2026-02-28,의흥면보건지소,5,0,5
2026-02-28,이현고개삼거리(시외방향),1,4,5
2026-02-28,이화3리,5,0,5
2026-02-28,이화리,0,5,5
2026-02-28,인곡리,5,0,5
2026-02-28,인산마을회관건너,4,1,5
2026-02-28,정대숲건너,0,5,5
2026-02-28,지호1리-안태동,5,0,5
2026-02-28,청수송어장낚시터,0,5,5
2026-02-28,큰마을건너,0,5,5
2026-02-28,파전리,0,5,5
2026-02-28,팔현마을건너,5,0,5
2026-02-28,하빈우체국앞,2,3,5
2026-02-28,현풍읍행정복지센터앞,1,4,5
2026-02-28,화계3리,5,0,5
2026-02-28,구라1리1,0,4,4
2026-02-28,노이3리2,0,4,4
2026-02-28,농연서당1,0,4,4
2026-02-28,달산1리(군위농협옆방면),4,0,4
2026-02-28,달산2리-음지말,4,0,4
2026-02-28,대암2리1,4,0,4
2026-02-28,마비정삼거리1,3,1,4
2026-02-28,매골1,0,4,4
2026-02-28,모래정마을앞,0,4,4
2026-02-28,묘2리(전마)건너,0,4,4
2026-02-28,문덕1리,3,1,4
2026-02-28,미성교,1,3,4
2026-02-28,삼산2리,4,0,4
2026-02-28,삼산2리,4,0,4
2026-02-28,신덕1리,3,1,4
2026-02-28,양지리,2,2,4
2026-02-28,오천리,4,0,4
2026-02-28,용대리,4,0,4
2026-02-28,행정1리건너,4,0,4
2026-02-28,화본리,4,0,4
2026-02-28,화수1리,4,0,4
2026-02-28,화수리,3,1,4
2026-02-28,화원영농자재판매상앞,0,4,4
2026-02-28,가암1리,0,3,3
2026-02-28,감문1리1,1,2,3
2026-02-28,경주최씨종가1,0,3,3
2026-02-28,고곡리,1,2,3
2026-02-28,고매초등학교,3,0,3
2026-02-28,교항리마을입구건너,3,0,3
2026-02-28,구라3리1,1,2,3
2026-02-28,귀남지휴게소2,1,2,3
2026-02-28,나호리,0,3,3
2026-02-28,노행1리-산촌마을,3,0,3
2026-02-28,달산2리,3,0,3
2026-02-28,대구환경공단달성사업소건너,2,1,3
2026-02-28,도장마을,0,3,3
2026-02-28,도채건너,0,3,3
2026-02-28,도학교1,0,3,3
2026-02-28,마시1리,0,3,3
2026-02-28,매성1리,0,3,3
2026-02-28,무등2리,1,2,3
2026-02-28,백학1리,1,2,3
2026-02-28,병수2리 마을회관,1,2,3
2026-02-28,봉림1리,2,1,3
2026-02-28,봉촌1리2,0,3,3
2026-02-28,삼산2리,3,0,3
2026-02-28,상원리(전평못식당)2,0,3,3
2026-02-28,솔비식당입구맞은편,3,0,3
2026-02-28,송원리,0,3,3
2026-02-28,신화2리,3,0,3
2026-02-28,양리2,3,0,3
2026-02-28,양지리,0,3,3
2026-02-28,연젓마을건너,0,3,3
2026-02-28,외량1리,1,2,3
2026-02-28,용수동1,0,3,3
2026-02-28,우록리(부곡장식당),0,3,3
2026-02-28,원산2리,3,0,3
2026-02-28,장군2리,0,3,3
2026-02-28,정대2리(큰바위숲)건너,0,3,3
2026-02-28,창평2리,0,3,3
2026-02-28,평호리마을회관,0,3,3
2026-02-28,학성2리-용아-괴산-장곡1,0,3,3
2026-02-28,한국전자통신연구원앞,3,0,3
2026-02-28,화계,3,0,3
2026-02-28,화수리,1,2,3
2026-02-28,가암1리,2,0,2
2026-02-28,가태2리마을입구,1,1,2
2026-02-28,거매리,2,0,2
2026-02-28,거매리 로타리,2,0,2
2026-02-28,고곡1리,2,0,2
2026-02-28,고곡리,0,2,2
2026-02-28,금포1교2,0,2,2
2026-02-28,냉천리3,1,1,2
2026-02-28,노행1리-산촌마을,0,2,2
2026-02-28,노행리앞,0,2,2
2026-02-28,단산리입구2,0,2,2
2026-02-28,달산,1,1,2
2026-02-28,달산-양산골,2,0,2
2026-02-28,달산-양산골,2,0,2
2026-02-28,달산2리-법주,2,0,2
2026-02-28,달성도서관입구,2,0,2
2026-02-28,대구제3예비군훈련장,0,2,2
2026-02-28,대암1리2,0,2,2
2026-02-28,대흥2리,1,1,2
2026-02-28,마비정길2,1,1,2
2026-02-28,목단1리2,1,1,2
2026-02-28,묘1리,2,0,2
2026-02-28,묘2리(고려정밀)건너,0,2,2
2026-02-28,봉림삼거리,2,0,2
2026-02-28,봉산2리,2,0,2
2026-02-28,봉산리,2,0,2
2026-02-28,봉황1리,1,1,2
2026-02-28,봉황2리,2,0,2
2026-02-28,불로리,2,0,2
2026-02-28,산대 전원마을,0,2,2
2026-02-28,산성면 행정복지센터,1,1,2
2026-02-28,석산리,0,2,2
2026-02-28,수북1리-하리마을,1,1,2
2026-02-28,신덕1리,2,0,2
2026-02-28,연경숲아파트건너,0,2,2
2026-02-28,연광시니어타운건너,0,2,2
2026-02-28,연호동,0,2,2
2026-02-28,연호역(3번출구)건너,0,2,2
2026-02-28,열병합발전소앞,0,2,2
2026-02-28,위성리,1,1,2
2026-02-28,육신사입구,2,0,2
2026-02-28,음리2,2,0,2
2026-02-28,정대2리마을회관앞,1,1,2
2026-02-28,정리,2,0,2
2026-02-28,중뫼마을앞,1,1,2
2026-02-28,천내우방1차,0,2,2
2026-02-28,평촌1리,2,0,2
2026-02-28,하곡리-동리,2,0,2
2026-02-28,하곡리-동리,0,2,2
2026-02-28,하목정(종점),0,2,2
2026-02-28,하빈체육공원건너,1,1,2
2026-02-28,학성1리,2,0,2
2026-02-28,화북2리,1,1,2
2026-02-28,화전리,2,0,2
2026-02-28,가암1리,1,0,1
2026-02-28,가암1리,0,1,1
2026-02-28,가암리,1,0,1
2026-02-28,가호1리 마을회관,1,0,1
2026-02-28,감문1리4,1,0,1
2026-02-28,구라리2,0,1,1
2026-02-28,구지중학교건너,1,0,1
2026-02-28,군위군농산물공판장,1,0,1
2026-02-28,금매1리,0,1,1
2026-02-28,낙전리,1,0,1
2026-02-28,남산2리,1,0,1
2026-02-28,내량2리,1,0,1
2026-02-28,달산2리,1,0,1
2026-02-28,달산2리-음지말,1,0,1
2026-02-28,달산3리-홈골,1,0,1
2026-02-28,달성도서관건너,0,1,1
2026-02-28,대구보훈요양원건너,1,0,1
2026-02-28,대암2리2,1,0,1
2026-02-28,대암내길2,0,1,1
2026-02-28,대율2리,1,0,1
2026-02-28,동산1리,0,1,1
2026-02-28,매곡1리정미소,0,1,1
2026-02-28,매곡2리,0,1,1
2026-02-28,매성2리,0,1,1
2026-02-28,무등1리1,1,0,1
2026-02-28,문덕리 입구,1,0,1
2026-02-28,미성2리,1,0,1
2026-02-28,미성교,1,0,1
2026-02-28,백학2리,1,0,1
2026-02-28,본리2리1,0,1,1
2026-02-28,봉림2리,1,0,1
2026-02-28,봉산2리,1,0,1
2026-02-28,사직1리,0,1,1
2026-02-28,사효교2,0,1,1
2026-02-28,산대 전원마을,1,0,1
2026-02-28,선곡2리,1,0,1
2026-02-28,성2리,1,0,1
2026-02-28,성산리4,0,1,1
2026-02-28,수서1리,0,1,1
2026-02-28,신무1교1,0,1,1
2026-02-28,신세월입구2,0,1,1
2026-02-28,신화2리,1,0,1
2026-02-28,양지리,0,1,1
2026-02-28,연계1리,0,1,1
2026-02-28,용리앞,0,1,1
2026-02-28,우보역,0,1,1
2026-02-28,인곡리,0,1,1
2026-02-28,제2석굴암,0,1,1
2026-02-28,창평2리,1,0,1
2026-02-28,창평리,0,1,1
2026-02-28,천내영남맨션,1,0,1
2026-02-28,퇴계마을건너,0,1,1
2026-02-28,파전리,1,0,1
2026-02-28,학성2리-용아-괴산-장곡,1,0,1
2026-02-28,행정2리건너,0,1,1
2026-03-31,약령시건너(동성로입구),143682,23296,166978
2026-03-31,경상감영공원앞,90824,59970,150794
2026-03-31,동대구역건너,92812,37718,130530
2026-03-31,동대구역,88847,27985,116832
2026-03-31,약령시앞,72691,36679,109370
2026-03-31,반월당역(2번출구),72021,29622,101643
2026-03-31,아양교역(1번출구),53702,44863,98565
2026-03-31,동구청건너,71152,25631,96783
2026-03-31,동대구역복합환승센터앞,62149,25968,88117
2026-03-31,2.28기념중앙공원앞,70067,17560,87627
2026-03-31,경상감영공원건너,64519,12942,77461
2026-03-31,CGV대구한일건너,61152,15313,76465
2026-03-31,서부정류장1,63026,11336,74362
2026-03-31,진천역(2번출구),43316,29884,73200
2026-03-31,동대구역복합환승센터건너,59810,10388,70198
2026-03-31,상인현대맨션건너,59807,5577,65384
2026-03-31,서부정류장(관문시장건너),53545,9701,63246
2026-03-31,경북대학교북문건너,59133,3578,62711
2026-03-31,아양교역(2번출구),50941,9517,60458
2026-03-31,큰장네거리1,51253,8448,59701
2026-03-31,섬유회관앞,44438,15240,59678
2026-03-31,강남약국건너,45136,10347,55483
2026-03-31,곽병원건너,33961,20939,54900
2026-03-31,경신고등학교앞,44767,10053,54820
2026-03-31,서구청건너,46361,7909,54270
2026-03-31,2.28기념중앙공원건너1,39912,14265,54177
2026-03-31,경신고등학교건너,46850,6956,53806
2026-03-31,산격종합시장앞,39708,12245,51953
2026-03-31,동구청앞,42106,9737,51843
2026-03-31,감삼역(3번출구),36882,14891,51773
2026-03-31,영진고등학교앞,33677,16998,50675
2026-03-31,산격대우아파트앞,42103,7850,49953
2026-03-31,서구청앞,38001,11907,49908
2026-03-31,진천역(1번출구),41619,7341,48960
2026-03-31,계명대학교동문건너2,38483,8422,46905
2026-03-31,평화시장(닭똥집골목)앞,36199,10360,46559
2026-03-31,두류역(달성고등학교앞),34504,11515,46019
2026-03-31,영진전문대학교후문앞,31437,14353,45790
2026-03-31,복현오거리1,37642,8055,45697
2026-03-31,북부정류장,34373,11050,45423
2026-03-31,이시아폴리스더샵3단지,40452,3508,43960
2026-03-31,그랜드호텔앞,33327,9587,42914
2026-03-31,칠성시장앞1,32876,9932,42808
2026-03-31,반월당역(1번출구)1,32957,9203,42160
2026-03-31,큰장네거리2,27276,14752,42028
2026-03-31,만촌육교1,35004,6356,41360
2026-03-31,북부정류장건너,30128,10736,40864
2026-03-31,강남약국앞1,30562,9572,40134
2026-03-31,서부정류장(관문시장앞),32642,7459,40101
2026-03-31,복현우체국건너,34516,5491,40007
2026-03-31,화원초등학교건너,35536,4102,39638
2026-03-31,그랜드호텔건너,27851,11777,39628
2026-03-31,대구은행북비산지점앞,32258,6964,39222
2026-03-31,대구역앞,30634,8251,38885
2026-03-31,신매광장앞,31985,6686,38671
2026-03-31,동아백화점수성점앞,36232,2319,38551
2026-03-31,경북대학교북문앞,23723,14680,38403
2026-03-31,용산네거리2,31187,6704,37891
2026-03-31,서부정류장역1(1번출구),17203,20656,37859
2026-03-31,섬유회관건너1,24128,13393,37521
2026-03-31,영남고등학교앞,32162,5312,37474
2026-03-31,대구과학대학교2,33076,4374,37450
2026-03-31,수목원삼성래미안1차건너,19011,18066,37077
2026-03-31,상인역(1번출구),19808,16702,36510
2026-03-31,불로전통시장건너,33233,3187,36420
2026-03-31,봉덕1동행정복지센터앞,22383,13645,36028
2026-03-31,서부시장건너,27548,8372,35920
2026-03-31,만촌역(1번출구)2,29583,6068,35651
2026-03-31,경북대학교병원앞,29459,6057,35516
2026-03-31,명덕역(6번출구),25849,9059,34908
2026-03-31,대구은행역(2번출구),28209,6378,34587
2026-03-31,공고네거리1,23854,10625,34479
2026-03-31,서대구역(남측)1,27161,6878,34039
2026-03-31,계명대학교동문앞,21163,12438,33601
2026-03-31,범물1동행정복지센터앞,30546,2981,33527
2026-03-31,칠성시장건너,23429,10026,33455
2026-03-31,상인현대맨션앞,12056,21326,33382
2026-03-31,한영한마음아동병원앞,22240,11015,33255
2026-03-31,법원앞,26997,6176,33173
2026-03-31,더샵달서센트럴아파트건너,27590,5407,32997
2026-03-31,경북대학교정문앞,27335,5628,32963
2026-03-31,서남시장건너,22082,10841,32923
2026-03-31,경북대학교 경상대학앞,30164,2545,32709
2026-03-31,KT동대구지사건너,19340,13168,32508
2026-03-31,팔달시장앞,23744,8406,32150
2026-03-31,영진전문대학교후문건너,25931,6067,31998
2026-03-31,성서종합시장앞,26414,5572,31986
2026-03-31,2차서한화성타운건너,28742,3161,31903
2026-03-31,중구청앞,18457,13264,31721
2026-03-31,대구제일고등학교앞,17108,14276,31384
2026-03-31,태전역1,23052,8320,31372
2026-03-31,계명문화대학교앞,15227,15876,31103
2026-03-31,수성경찰서건너,23855,7070,30925
2026-03-31,큰장네거리4,22714,8193,30907
2026-03-31,경북대학교치과병원,19361,11268,30629
2026-03-31,성서주공2단지앞,27321,3047,30368
2026-03-31,파티마병원건너1,13134,17210,30344
2026-03-31,새길시장앞,25506,4710,30216
2026-03-31,서부시장앞,22827,7229,30056
2026-03-31,약령시입구,26640,3314,29954
2026-03-31,팔달시장건너,24878,5028,29906
2026-03-31,아양교2,13210,16528,29738
2026-03-31,대실역(2번출구),28324,1386,29710
2026-03-31,농협중앙회앞,16660,12834,29494
2026-03-31,수성구청앞,21926,7556,29482
2026-03-31,화원초등학교앞,19634,9802,29436
2026-03-31,욱수초등학교앞,28243,1113,29356
2026-03-31,봉산문화거리건너,18603,10712,29315
2026-03-31,법원건너,14401,14853,29254
2026-03-31,안지랑네거리2,21372,7759,29131
2026-03-31,도시철도담티역(1번출구),24146,4869,29015
2026-03-31,대구제일고등학교건너,21869,7133,29002
2026-03-31,수성대학교건너,23576,5409,28985
2026-03-31,대구역건너,22934,6043,28977
2026-03-31,월성주공4단지건너,24889,4034,28923
2026-03-31,현대해상건너,20564,8252,28816
2026-03-31,서대구역(남측)2,20614,8192,28806
2026-03-31,대구국제공항앞,19648,8730,28378
2026-03-31,곽병원앞1,18916,9352,28268
2026-03-31,대구콘서트하우스건너,14126,14108,28234
2026-03-31,달서교회앞,18299,9922,28221
2026-03-31,수성구청건너,17687,10523,28210
2026-03-31,대곡강산타운,25790,2407,28197
2026-03-31,영대병원역,24716,3370,28086
2026-03-31,대구중앙중고등학교앞,22105,5972,28077
2026-03-31,경대사대부설고등학교앞,18653,9377,28030
2026-03-31,코스트코홀세일앞/복현화성타운건너,25468,2333,27801
2026-03-31,진달래아파트앞,19341,8434,27775
2026-03-31,성당시장앞2,24563,3114,27677
2026-03-31,평리청구타운앞,21191,6469,27660
2026-03-31,동대구역화성파크드림,16548,11109,27657
2026-03-31,성모여성의원앞,18768,8814,27582
2026-03-31,구)대영학원앞,19574,7956,27530
2026-03-31,남문시장앞,18608,8915,27523
2026-03-31,만평역(서대구고속버스터미널)2,19233,8223,27456
2026-03-31,대구고등학교건너,19502,7850,27352
2026-03-31,수목원삼성래미안1차앞,20016,7058,27074
2026-03-31,상인역e-편한세상앞,7032,20003,27035
2026-03-31,유가읍행정복지센터건너,23244,3775,27019
2026-03-31,영대병원역(3번출구),19067,7942,27009
2026-03-31,대구은행역(1번출구),19563,7432,26995
2026-03-31,대명시장앞,22614,4376,26990
2026-03-31,수성구보건소건너,23761,2589,26350
2026-03-31,동서화성타운건너,24787,1431,26218
2026-03-31,평리청구타운건너,20715,5484,26199
2026-03-31,대명역(1번출구),22136,4025,26161
2026-03-31,신매광장건너,20809,5219,26028
2026-03-31,용산역(2번출구),22485,3543,26028
2026-03-31,복현대백맨션건너,23279,2691,25970
2026-03-31,월성e-편한세상건너,19155,6623,25778
2026-03-31,큰장네거리3,21119,4645,25764
2026-03-31,수성경찰서앞,15911,9672,25583
2026-03-31,서대구세무서,8102,17422,25524
2026-03-31,월성2동행정복지센터앞,22879,2445,25324
2026-03-31,두류스타힐스앞,20254,4970,25224
2026-03-31,두류역(달성고등학교건너),19347,5831,25178
2026-03-31,명덕역(7번출구),18616,6450,25066
2026-03-31,침산코오롱하늘채앞,21431,3562,24993
2026-03-31,대구동부고용복지플러스센터,19326,5629,24955
2026-03-31,반야월역(2번출구),24068,877,24945
2026-03-31,성당시장건너,19637,5300,24937
2026-03-31,영진고등학교건너,21487,3410,24897
2026-03-31,세강병원앞,7626,17267,24893
2026-03-31,수성대학교앞,13132,11719,24851
2026-03-31,CGV대구한일앞,21523,3323,24846
2026-03-31,한전서대구지사건너,16084,8719,24803
2026-03-31,대구역북편네거리2,11968,12799,24767
2026-03-31,대구중앙중고등학교건너,20244,4476,24720
2026-03-31,이마트칠성점앞,22072,2644,24716
2026-03-31,동대구시장앞,19178,5451,24629
2026-03-31,방촌시장건너,22115,2492,24607
2026-03-31,메트로팔레스2,21889,2585,24474
2026-03-31,대실역(4번출구),23699,729,24428
2026-03-31,칠곡운암역1,20454,3970,24424
2026-03-31,죽전네거리1,20383,3969,24352
2026-03-31,용산2동행정복지센터앞,21092,3225,24317
2026-03-31,계명대학교정문건너,22756,1510,24266
2026-03-31,신세계병원건너,13855,10352,24207
2026-03-31,원대역1,12557,11595,24152
2026-03-31,태전역2,20473,3630,24103
2026-03-31,신암2동우체국,16118,7960,24078
2026-03-31,KT남대구지사앞1,17491,6525,24016
2026-03-31,원대역2,20484,3371,23855
2026-03-31,중구청건너,19110,4619,23729
2026-03-31,남산역건너,16736,6776,23512
2026-03-31,서문시장,18519,4991,23510
2026-03-31,남문시장건너2,10679,12812,23491
2026-03-31,대구과학기술고등학교앞,21875,1546,23421
2026-03-31,팔레스호텔건너,19089,4332,23421
2026-03-31,평화시장(닭똥집골목)건너,17170,6155,23325
2026-03-31,달서교회건너,17598,5441,23039
2026-03-31,한국폴리텍VI대구대학건너,16991,5960,22951
2026-03-31,불로삼거리,14419,8515,22934
2026-03-31,한전동대구지사,18706,4160,22866
2026-03-31,대구과학대학교1,15456,7406,22862
2026-03-31,팔달신시장,17369,5410,22779
2026-03-31,화원고등학교앞,7042,15720,22762
2026-03-31,칠곡그린파크2,17587,5142,22729
2026-03-31,우방강촌마을건너,21256,1290,22546
2026-03-31,세천초등학교앞,21677,736,22413
2026-03-31,대구삼성창조캠퍼스3,14279,8133,22412
2026-03-31,제일여자상업고등학교건너,17823,4554,22377
2026-03-31,칠곡그린파크1,18476,3886,22362
2026-03-31,우방청솔맨션앞,13209,8973,22182
2026-03-31,서재금봉타운건너,21295,865,22160
2026-03-31,문성병원앞,16904,5229,22133
2026-03-31,비산지하도2,17672,4460,22132
2026-03-31,대백인터빌건너,15549,6558,22107
2026-03-31,산격주공아파트앞,19140,2913,22053
2026-03-31,내당삼익맨션앞,11826,10135,21961
2026-03-31,구.남부정류장앞1,18375,3548,21923
2026-03-31,죽전네거리2,17398,4487,21885
2026-03-31,문화예술회관건너,16962,4843,21805
2026-03-31,2호선반월당역1,16886,4916,21802
2026-03-31,메트로팔레스1,17973,3816,21789
2026-03-31,대실역(1번출구),14316,7469,21785
2026-03-31,공단역2,14925,6858,21783
2026-03-31,원대동행정복지센터앞,18004,3729,21733
2026-03-31,와룡시장앞,13846,7801,21647
2026-03-31,대명공연거리건너,14410,7218,21628
2026-03-31,용계삼거리1,12051,9540,21591
2026-03-31,서구시장건너,16404,5012,21416
2026-03-31,현충로역(3번출구),16751,4549,21300
2026-03-31,화원고등학교건너,19965,1335,21300
2026-03-31,송현역(3번출구),13326,7950,21276
2026-03-31,무태네거리(시내방향),15214,5932,21146
2026-03-31,명성푸르지오앞,19101,1957,21058
2026-03-31,수성롯데캐슬더퍼스트앞,15638,5323,20961
2026-03-31,대구역북편네거리1,17709,3250,20959
2026-03-31,정화우방팔레스건너,17949,2985,20934
2026-03-31,경북대학교병원건너,12555,8351,20906
2026-03-31,현대해상앞,17381,3522,20903
2026-03-31,현충로역(4번출구),14235,6644,20879
2026-03-31,동대구역지하도2,17033,3828,20861
2026-03-31,중리롯데캐슬앞,16772,4082,20854
2026-03-31,경북대체육센터건너,19493,1288,20781
2026-03-31,대구공공시설관리공단앞,8469,12286,20755
2026-03-31,명덕초등학교앞,15731,5012,20743
2026-03-31,시지보성아파트앞,14253,6458,20711
2026-03-31,기업은행대곡지점앞,20057,619,20676
2026-03-31,강창역(2번출구),19570,1088,20658
2026-03-31,불로우방아파트앞,16799,3829,20628
2026-03-31,설화명곡역우방아이유쉘건너,4553,15992,20545
2026-03-31,성서종합시장건너,13460,7070,20530
2026-03-31,조암초등학교앞,18555,1898,20453
2026-03-31,성모여성의원건너,16247,4178,20425
2026-03-31,반야월역(3번출구),11878,8484,20362
2026-03-31,명덕초등학교건너,12078,8217,20295
2026-03-31,대신미싱골목앞,13449,6816,20265
2026-03-31,안지랑네거리1,15566,4694,20260
2026-03-31,서남시장앞1,16219,4015,20234
2026-03-31,신평리네거리2,15603,4597,20200
2026-03-31,안심지구대앞,17172,2988,20160
2026-03-31,중동시장앞,17463,2594,20057
2026-03-31,대명시장건너,15923,4089,20012
2026-03-31,상인우방아파트,9410,10595,20005
2026-03-31,경일여자고등학교건너,18214,1771,19985
2026-03-31,대구은행제2본점앞,14764,5148,19912
2026-03-31,대구콘서트하우스앞,15271,4637,19908
2026-03-31,검단유성아파트앞,17170,2662,19832
2026-03-31,계명대학교 대구동산병원앞1,15776,3944,19720
2026-03-31,구병원앞,14354,5321,19675
2026-03-31,상인역(5번출구),3890,15772,19662
2026-03-31,대구가톨릭대학병원앞,16753,2874,19627
2026-03-31,한가람타운앞,16409,3210,19619
2026-03-31,진달래아파트건너,14450,5055,19505
2026-03-31,대구가톨릭대학병원건너,15851,3611,19462
2026-03-31,KT서대구지사건너,15481,3943,19424
2026-03-31,불로전통시장앞,13440,5944,19384
2026-03-31,상동우체국앞,16845,2526,19371
2026-03-31,북구청역(4번출구),16680,2672,19352
2026-03-31,두류수영장앞,14693,4651,19344
2026-03-31,범물청구타운앞,16560,2741,19301
2026-03-31,정화우방팔레스,13224,5974,19198
2026-03-31,두류정수사업소건너,17494,1702,19196
2026-03-31,북구청건너,14596,4467,19063
2026-03-31,대구은행칠곡지점앞,15096,3963,19059
2026-03-31,문화예술회관앞,15457,3580,19037
2026-03-31,월성청구코아건너,17035,1936,18971
2026-03-31,만평네거리,11118,7820,18938
2026-03-31,KT서대구지사앞,11783,7143,18926
2026-03-31,칠곡에덴타운앞,12825,6046,18871
2026-03-31,두류수영장건너,14212,4618,18830
2026-03-31,방촌시장앞,12744,6073,18817
2026-03-31,서대구초등학교입구,14079,4722,18801
2026-03-31,침산3동행정복지센터,16708,2001,18709
2026-03-31,범어역(1번출구),15183,3497,18680
2026-03-31,한전서대구지사앞,14532,4129,18661
2026-03-31,2차서한화성타운앞,13800,4849,18649
2026-03-31,대구고용복지플러스센터건너,11830,6758,18588
2026-03-31,올림픽기념관앞,15895,2689,18584
2026-03-31,수성네거리2,14572,3987,18559
2026-03-31,신평리네거리1,10308,8215,18523
2026-03-31,수성알파시티역(5번출구),13922,4581,18503
2026-03-31,아양교3,2490,15993,18483
2026-03-31,경북아파트건너(신천동),4017,14436,18453
2026-03-31,대구공공시설관리공단건너,14242,4152,18394
2026-03-31,경북예고앞,15396,2993,18389
2026-03-31,국민건강보험공단건너,15814,2556,18370
2026-03-31,황금네거리1,16985,1289,18274
2026-03-31,태전삼거리2,13846,4384,18230
2026-03-31,동서화성타운앞,14455,3744,18199
2026-03-31,대명공연거리앞,14111,3990,18101
2026-03-31,칠성시장역(서문프라자앞),16417,1608,18025
2026-03-31,경진초등학교앞,16533,1465,17998
2026-03-31,중동시장건너,12417,5546,17963
2026-03-31,고산도서관,13040,4920,17960
2026-03-31,동아백화점수성점건너,11206,6720,17926
2026-03-31,현대백화점.동아쇼핑건너,12219,5660,17879
2026-03-31,연암네거리1,12634,5219,17853
2026-03-31,도시철도담티역(3번출구),12747,5096,17843
2026-03-31,동대구역지하도1,12169,5631,17800
2026-03-31,대백프라자건너,13940,3858,17798
2026-03-31,트레이더스홀세일클럽비산점앞,14490,3229,17719
2026-03-31,침산화성파크드림앞,14785,2856,17641
2026-03-31,유천교(진천초등학교앞),10524,7051,17575
2026-03-31,동인찜갈비골목건너,11953,5578,17531
2026-03-31,수성알파시티역(1번출구),12641,4862,17503
2026-03-31,대구교육대앞,14050,3434,17484
2026-03-31,대구보건고등학교건너,12735,4745,17480
2026-03-31,공단역1,10894,6568,17462
2026-03-31,만촌역(2번출구),10367,7056,17423
2026-03-31,한국폴리텍VI대구대학앞,11797,5591,17388
2026-03-31,캐슬골드파크(1102동),13977,3402,17379
2026-03-31,칠곡운암역2,12491,4882,17373
2026-03-31,대명역(2번출구),13984,3350,17334
2026-03-31,복현오거리2,11766,5504,17270
2026-03-31,보성화성타운건너,14953,2283,17236
2026-03-31,유가읍행정복지센터앞,10600,6619,17219
2026-03-31,KT동대구지사앞,15081,2101,17182
2026-03-31,수성시장네거리2,12500,4660,17160
2026-03-31,봉덕교회건너,14725,2412,17137
2026-03-31,유니버시아드선수촌2단지건너,12972,4142,17114
2026-03-31,월촌역(6번출구),15063,1997,17060
2026-03-31,대구학교지원센터건너 (대구학생예술창작터건너),7303,9751,17054
2026-03-31,월성푸르지오앞,12791,4261,17052
2026-03-31,대구은행북비산지점건너1,13239,3808,17047
2026-03-31,사월역(4번출구),10423,6609,17032
2026-03-31,월성주공4단지앞2,12386,4638,17024
2026-03-31,계명대학교대명캠퍼스앞,11050,5901,16951
2026-03-31,오페라삼정그린코아APT,10950,5827,16777
2026-03-31,성당두산위브앞,15201,1467,16668
2026-03-31,봉무공원앞,12302,4362,16664
2026-03-31,문성병원건너,11931,4727,16658
2026-03-31,대구과학기술고등학교건너,9643,7010,16653
2026-03-31,영남이공대학교앞,15117,1524,16641
2026-03-31,봉산문화거리앞,13265,3368,16633
2026-03-31,대구보건대학교4,13833,2777,16610
2026-03-31,월성e-편한세상앞,12146,4435,16581
2026-03-31,성서우방타운건너,13273,3299,16572
2026-03-31,두리봉네거리1,4305,12215,16520
2026-03-31,방천시장(김광석길)건너,12382,4105,16487
2026-03-31,청구고등학교앞,13218,3252,16470
2026-03-31,고산2동행정복지센터건너,10800,5637,16437
2026-03-31,동인찜갈비골목앞,11423,4997,16420
2026-03-31,신암공원,14829,1591,16420
2026-03-31,대구농업마이스터고건너,13806,2612,16418
2026-03-31,성서119안전센터앞,15435,722,16157
2026-03-31,올림픽기념관건너,12040,4112,16152
2026-03-31,경북예고건너,9576,6571,16147
2026-03-31,동도중학교앞,13954,2144,16098
2026-03-31,유천교1,12341,3737,16078
2026-03-31,더샵디어엘로아파트,12780,3297,16077
2026-03-31,국민건강보험공단앞,9368,6656,16024
2026-03-31,범어쌍용예가건너(호텔라온제나),10733,5290,16023
2026-03-31,원대시장앞,10337,5685,16022
2026-03-31,동호육교2,15488,531,16019
2026-03-31,사수초등학교앞,15785,217,16002
2026-03-31,월성청구코아앞,11636,4360,15996
2026-03-31,장기초록나라건너,7784,8176,15960
2026-03-31,대백한라무지개타운건너,14846,1069,15915
2026-03-31,지산목련아파트건너,14717,1191,15908
2026-03-31,죽전119안전센터앞,11143,4744,15887
2026-03-31,대구도시개발공사앞,12662,3207,15869
2026-03-31,방촌역(1번출구),12117,3723,15840
2026-03-31,구)대영학원건너,12313,3499,15812
2026-03-31,대곡역(1번출구),13498,2291,15789
2026-03-31,수성3가롯데캐슬앞,9527,6249,15776
2026-03-31,사월역(2번출구),12956,2751,15707
2026-03-31,미리내맨션건너,14809,892,15701
2026-03-31,청구그린맨션1차앞,12809,2891,15700
2026-03-31,고산2동행정복지센터앞,14477,1192,15669
2026-03-31,서구시장앞,10671,4899,15570
2026-03-31,대명초등학교앞,11052,4485,15537
2026-03-31,대구교통공사앞,14153,1376,15529
2026-03-31,남산초등학교앞,9666,5855,15521
2026-03-31,구.동부정류장(메트로팔레스),10542,4903,15445
2026-03-31,성당코오롱하늘채2,10558,4872,15430
2026-03-31,감삼네거리1,9977,5440,15417
2026-03-31,대구교육대건너,9536,5851,15387
2026-03-31,대구교통방송앞,13446,1903,15349
2026-03-31,복현우체국앞,8041,7308,15349
2026-03-31,월배역(4번출구),10726,4620,15346
2026-03-31,유천포스코앞,11013,4325,15338
2026-03-31,계명문화대학교건너,11834,3457,15291
2026-03-31,상인비둘기2단지아파트앞,12752,2494,15246
2026-03-31,수창공원앞(중구보건소건너),10409,4803,15212
2026-03-31,계명대학교대명캠퍼스건너,10328,4785,15113
2026-03-31,대곡주공8단지앞,12807,2302,15109
2026-03-31,남부경찰서앞,10539,4543,15082
2026-03-31,신기역(화성타운앞),12058,3019,15077
2026-03-31,율하역(2번출구),11140,3894,15034
2026-03-31,송현역(2번출구),12569,2456,15025
2026-03-31,대구학교지원센터앞 (대구학생예술창작터앞),11159,3824,14983
2026-03-31,2호선반월당역2,10182,4790,14972
2026-03-31,북구청역(3번출구),9721,5229,14950
2026-03-31,북구청앞,9848,5091,14939
2026-03-31,강북경찰서앞,13841,1081,14922
2026-03-31,TBC건너,13857,1013,14870
2026-03-31,대일아파트건너,8887,5939,14826
2026-03-31,대구보건대학교3,9867,4903,14770
2026-03-31,만촌역서한포레스트앞,7322,7436,14758
2026-03-31,경북대학교정문건너,6541,8173,14714
2026-03-31,상인동서타운앞,13155,1538,14693
2026-03-31,봉덕시장앞1,13296,1353,14649
2026-03-31,고산역화성파크드림건너,11447,3183,14630
2026-03-31,남산역,11254,3370,14624
2026-03-31,만촌2동행정복지센터,13295,1300,14595
2026-03-31,달서구청건너,11517,3062,14579
2026-03-31,월배역(3번출구),9565,4991,14556
2026-03-31,만촌육교2,7291,7250,14541
2026-03-31,수성시장네거리1,11765,2768,14533
2026-03-31,광장타운앞,11427,3085,14512
2026-03-31,곽병원앞2,10426,4077,14503
2026-03-31,대곡주공2단지앞,13625,854,14479
2026-03-31,퀸벨호텔건너,12719,1758,14477
2026-03-31,청구그린맨션1차건너,11618,2813,14431
2026-03-31,황금네거리2,8495,5918,14413
2026-03-31,동서변리벤빌,12700,1682,14382
2026-03-31,경북대체육센터앞,4341,10007,14348
2026-03-31,동촌강나루아파트앞,4716,9547,14263
2026-03-31,시지중학교,13227,1019,14246
2026-03-31,조암초등학교건너,11915,2321,14236
2026-03-31,고산역화성파크드림앞,10805,3420,14225
2026-03-31,캐슬골드파크4단지앞,12173,2041,14214
2026-03-31,지저동행정복지센터건너,12070,2134,14204
2026-03-31,명곡리1,13502,700,14202
2026-03-31,월촌역(7번출구),11755,2420,14175
2026-03-31,내당코오롱아파트건너,5771,8387,14158
2026-03-31,태전삼거리1,8965,5167,14132
2026-03-31,월성주공2단지앞,11764,2360,14124
2026-03-31,우방청솔맨션건너,10375,3668,14043
2026-03-31,대구차여성병원앞,12058,1968,14026
2026-03-31,신암4동행정복지센터앞,4374,9645,14019
2026-03-31,산격중학교건너,5945,8069,14014
2026-03-31,대구여자상업고등학교앞,11534,2453,13987
2026-03-31,칠곡에덴타운건너,10054,3925,13979
2026-03-31,서남시장앞2,11828,2143,13971
2026-03-31,대구보건고등학교앞,11198,2770,13968
2026-03-31,한전동대구지사건너,10490,3474,13964
2026-03-31,큰고개오거리1,12731,1230,13961
2026-03-31,월배시장건너,8277,5656,13933
2026-03-31,대구고용복지플러스센터앞,10415,3516,13931
2026-03-31,반야월시장2,12260,1652,13912
2026-03-31,범물한라주택건너,13297,604,13901
2026-03-31,만촌태왕리더스앞1,4996,8885,13881
2026-03-31,신세계병원앞,6601,7239,13840
2026-03-31,동부소방서건너,1010,12815,13825
2026-03-31,한국농어촌공사건너,8363,5420,13783
2026-03-31,성동초등학교앞,11753,1986,13739
2026-03-31,경북고등학교앞,12560,1177,13737
2026-03-31,대구반도체마이스터고등학교 앞,12329,1360,13689
2026-03-31,동대구시장건너,10585,3094,13679
2026-03-31,남산초등학교건너,11478,2184,13662
2026-03-31,동인초등학교건너,9523,4110,13633
2026-03-31,대백인터빌앞,9655,3961,13616
2026-03-31,불로동고분군건너,10689,2926,13615
2026-03-31,유니버시아드레포츠센터건너,8321,5281,13602
2026-03-31,대동시장2,12614,980,13594
2026-03-31,청구고등학교건너,11263,2321,13584
2026-03-31,구병원건너,7913,5657,13570
2026-03-31,계명대학교동문건너1,11407,2121,13528
2026-03-31,방천시장(김광석길)앞,10513,3015,13528
2026-03-31,도남힐스테이트3단지앞,12650,869,13519
2026-03-31,반야월시장1,9330,4170,13500
2026-03-31,대구병원건너,11996,1440,13436
2026-03-31,침산화성파크드림건너,10202,3168,13370
2026-03-31,대평리시장,12415,872,13287
2026-03-31,지산타운건너,12414,825,13239
2026-03-31,수성도서관건너,10332,2860,13192
2026-03-31,안심역(4번출구),11246,1912,13158
2026-03-31,한영한마음아동병원건너,9913,3238,13151
2026-03-31,상인장미아파트앞,10136,3013,13149
2026-03-31,대구고등학교앞,8340,4783,13123
2026-03-31,제일여자상업고등학교앞,11224,1887,13111
2026-03-31,모다아울렛건너,11194,1827,13021
2026-03-31,월배시장앞,11844,1126,12970
2026-03-31,대우트럼프월드수성건너,11345,1606,12951
2026-03-31,대명1동행정복지센터앞,9194,3733,12927
2026-03-31,대구공공시설관리공단동부사업소건너,11386,1528,12914
2026-03-31,영남이공대학교건너,9163,3739,12902
2026-03-31,수성구민운동장앞,6363,6536,12899
2026-03-31,침산네거리1,10863,2018,12881
2026-03-31,두류공원네거리1,11625,1215,12840
2026-03-31,남대구IC1,11887,929,12816
2026-03-31,대명초등학교건너,7658,5150,12808
2026-03-31,계명대학교동산병원건너,11935,861,12796
2026-03-31,신기역(화성타운건너),8245,4525,12770
2026-03-31,범어역(2번출구),8645,4124,12769
2026-03-31,한화꿈에그린앞,10158,2609,12767
2026-03-31,비산초등학교앞,10961,1799,12760
2026-03-31,봉덕1동행정복지센터건너,7740,5002,12742
2026-03-31,죽전역(1번출구),10288,2451,12739
2026-03-31,영진전문대학교정문앞,10015,2695,12710
2026-03-31,학산초등학교건너,10440,2262,12702
2026-03-31,공고네거리2,10191,2504,12695
2026-03-31,수성구보건소앞,8177,4517,12694
2026-03-31,두류동우체국앞,7839,4852,12691
2026-03-31,동성초등학교건너,3374,9292,12666
2026-03-31,청기와주유소건너,10897,1763,12660
2026-03-31,평화타운건너,11195,1432,12627
2026-03-31,옥포간경리2,10948,1644,12592
2026-03-31,섬유회관건너2,8282,4296,12578
2026-03-31,북구선거관리위원회앞,7711,4812,12523
2026-03-31,캐슬골드파크(1504동),9334,3169,12503
2026-03-31,월성주공5단지앞,6199,6249,12448
2026-03-31,수목원제일풍경채앞,12249,117,12366
2026-03-31,성서우방타운앞,8808,3557,12365
2026-03-31,전자상가,10519,1843,12362
2026-03-31,대구보건대학교건너2,12203,141,12344
2026-03-31,강북소방서앞,11250,1068,12318
2026-03-31,달서구청앞,7891,4415,12306
2026-03-31,대구농업마이스터고앞,4648,7632,12280
2026-03-31,대구공업대학교1,9658,2593,12251
2026-03-31,대봉교회,9579,2624,12203
2026-03-31,반야월역(1번출구),3636,8541,12177
2026-03-31,이마트월배점건너,8415,3762,12177
2026-03-31,광명프레지던트아파트건너,8152,3975,12127
2026-03-31,반야월역(4번출구)1,6168,5920,12088
2026-03-31,성당래미안e-편한세상앞,8817,3265,12082
2026-03-31,대구차여성병원건너,4769,7312,12081
2026-03-31,용산네거리1,8530,3545,12075
2026-03-31,수성더팰리스푸르지오더샵아파트앞,11485,583,12068
2026-03-31,안심지구대건너,8331,3727,12058
2026-03-31,달성중학교앞,6014,6032,12046
2026-03-31,퀸벨호텔앞,6114,5924,12038
2026-03-31,과학마을청아람앞,11376,630,12006
2026-03-31,광장타운건너,9236,2760,11996
2026-03-31,남구청건너2,5253,6738,11991
2026-03-31,계명대역(3번출구),10098,1870,11968
2026-03-31,동성초등학교앞,8325,3639,11964
2026-03-31,경북고등학교건너,7643,4300,11943
2026-03-31,대구스마트고등학교앞,10206,1675,11881
2026-03-31,대곡역(2번출구),7859,4018,11877
2026-03-31,용산종합큰시장건너,10892,971,11863
2026-03-31,홈플러스내당점건너,10540,1284,11824
2026-03-31,송원맨션건너,10332,1484,11816
2026-03-31,상수도사업본부시설관리소건너,9680,2123,11803
2026-03-31,아양교1,8449,3351,11800
2026-03-31,청기와주유소앞,8153,3625,11778
2026-03-31,수성못오거리1,8034,3702,11736
2026-03-31,반월당역(1번출구)2,7732,3979,11711
2026-03-31,칠곡동화아파트앞,10229,1481,11710
2026-03-31,보광병원앞,8917,2789,11706
2026-03-31,침산코오롱하늘채건너,9042,2646,11688
2026-03-31,KT남대구지사건너1,7970,3685,11655
2026-03-31,성광고등학교건너,10058,1593,11651
2026-03-31,보성화성타운앞,5565,6051,11616
2026-03-31,상인비둘기1단지아파트앞,11057,513,11570
2026-03-31,상인동화아이위시아파트건너,10776,792,11568
2026-03-31,대구광역시교육연수원건너,10604,954,11558
2026-03-31,안심역(5번출구),6429,5112,11541
2026-03-31,영남일보앞,8258,3280,11538
2026-03-31,비산지하도1,7210,4320,11530
2026-03-31,칠곡한신아파트앞1,11022,501,11523
2026-03-31,수성네거리1,8443,3076,11519
2026-03-31,대일아파트앞,8299,3193,11492
2026-03-31,팔공정보문화센터앞,9464,2018,11482
2026-03-31,대자연맨션,10996,449,11445
2026-03-31,경북공고앞,7371,4073,11444
2026-03-31,계명대학교 대구동산병원앞2,6487,4948,11435
2026-03-31,지산한라타운앞,6449,4960,11409
2026-03-31,욱수초등학교건너,7694,3707,11401
2026-03-31,동원비즈플랫폼건너,2208,9192,11400
2026-03-31,서재보성타운건너,10857,524,11381
2026-03-31,토지주택공사앞,10135,1246,11381
2026-03-31,동부경찰서앞,10489,847,11336
2026-03-31,대청초등학교앞,11148,184,11332
2026-03-31,중동교1,5320,6009,11329
2026-03-31,롯데백화점상인점건너,7256,4071,11327
2026-03-31,무태조야동행정복지센터앞2,10676,642,11318
2026-03-31,대구해올고교건너,3992,7318,11310
2026-03-31,국채보상운동기념공원,5730,5568,11298
2026-03-31,대원유치원건너,5909,5367,11276
2026-03-31,태왕메트로시티후문,9288,1987,11275
2026-03-31,명문세가APT앞,9518,1748,11266
2026-03-31,성서용산시장앞,10086,1156,11242
2026-03-31,진아리채앞,11009,225,11234
2026-03-31,매곡사거리2,10938,290,11228
2026-03-31,이월드(구.우방랜드)정문,6814,4409,11223
2026-03-31,대덕맨션앞,10325,853,11178
2026-03-31,무태네거리(시외방향),5303,5875,11178
2026-03-31,명덕네거리1,9045,2126,11171
2026-03-31,유천교(진천초등학교건너),5277,5875,11152
2026-03-31,지산한라타운건너,10488,646,11134
2026-03-31,옥포LH천년나무3단지앞,10905,215,11120
2026-03-31,대구은행칠곡지점건너,8523,2596,11119
2026-03-31,두류정수사업소앞,2764,8327,11091
2026-03-31,안심교(반야월방향),443,10564,11007
2026-03-31,교통연수원,10313,678,10991
2026-03-31,방촌역(2번출구),8953,2030,10983
2026-03-31,대백한라무지개타운앞,8540,2419,10959
2026-03-31,국민연금네거리,8227,2703,10930
2026-03-31,서재동화아이위시건너,9595,1275,10870
2026-03-31,수창초등학교,8636,2219,10855
2026-03-31,서평초등학교건너,1645,9161,10806
2026-03-31,동대구역(2번출구)건너,8949,1855,10804
2026-03-31,신매초등학교건너,7902,2891,10793
2026-03-31,파동청구하이츠,9647,1146,10793
2026-03-31,동촌화성타운건너,9516,1269,10785
2026-03-31,두리봉네거리2,8537,2237,10774
2026-03-31,대천교,4689,6071,10760
2026-03-31,근로복지공단대구병원앞,10613,133,10746
2026-03-31,복현우방아파트,9071,1668,10739
2026-03-31,대곡역그린빌,6605,4133,10738
2026-03-31,경북교통,3592,7135,10727
2026-03-31,헬로TV대구방송건너,7944,2761,10705
2026-03-31,범어쌍용예가앞,7834,2855,10689
2026-03-31,대구광역시립동부도서관,4762,5916,10678
2026-03-31,대구여자상업고등학교건너,7143,3530,10673
2026-03-31,학정청아람건너,10412,247,10659
2026-03-31,율하역(4번출구),7518,3137,10655
2026-03-31,경상여자고등학교앞,6632,4009,10641
2026-03-31,월성2동행정복지센터건너,8570,2070,10640
2026-03-31,대곡사계절타운건너,9723,906,10629
2026-03-31,비산7동우체국앞1,7719,2863,10582
2026-03-31,경북아파트앞(신천동),7157,3412,10569
2026-03-31,경북대학교 경상대학건너,4323,6238,10561
2026-03-31,달성공원역3번출구,7531,3001,10532
2026-03-31,본리초등학교앞,7207,3325,10532
2026-03-31,삼익뉴타운앞,8850,1655,10505
2026-03-31,대구지방법원등기국건너,4618,5878,10496
2026-03-31,운암초등학교건너,9406,1090,10496
2026-03-31,반고개2,6761,3680,10441
2026-03-31,앞산청구제네스앞,8921,1519,10440
2026-03-31,신암초등학교건너,6308,4124,10432
2026-03-31,가창면행정복지센터앞,8363,2057,10420
2026-03-31,한국방송통신전파진흥원건너,5993,4413,10406
2026-03-31,신천역(5번출구),8492,1911,10403
2026-03-31,대구과학고등학교건너,5351,5018,10369
2026-03-31,효신초등학교앞,8632,1735,10367
2026-03-31,복현네거리,3734,6626,10360
2026-03-31,우방신천지타운앞,9490,867,10357
2026-03-31,성북교1,8784,1539,10323
2026-03-31,2차대자연맨션앞,9371,932,10303
2026-03-31,죽전그린빌앞,8657,1646,10303
2026-03-31,우방강촌마을앞,7813,2488,10301
2026-03-31,만경관건너,5770,4523,10293
2026-03-31,강산아파트앞,6593,3689,10282
2026-03-31,인동촌시장입구,9376,888,10264
2026-03-31,입석중학교건너,7066,3184,10250
2026-03-31,산격초등학교앞,8219,2026,10245
2026-03-31,팔거역2,8515,1727,10242
2026-03-31,대구삼성창조캠퍼스4,6708,3531,10239
2026-03-31,강산아파트건너,4087,6150,10237
2026-03-31,국립신암선열공원건너,4501,5718,10219
2026-03-31,침산네거리2,7722,2488,10210
2026-03-31,효동초등학교앞,7950,2238,10188
2026-03-31,상인은행아파트앞,7746,2426,10172
2026-03-31,중리시장앞,8179,1991,10170
2026-03-31,본리초등학교건너,8384,1759,10143
2026-03-31,대백창신한라타운건너,7441,2692,10133
2026-03-31,대구IM뱅크PARK동편건너,4887,5196,10083
2026-03-31,덕화중학교건너,9058,1017,10075
2026-03-31,태평상가앞1,5397,4660,10057
2026-03-31,지산동서맨션앞,9556,482,10038
2026-03-31,구.남부정류장건너2,5435,4598,10033
2026-03-31,대구광역시교육연수원앞,6025,4001,10026
2026-03-31,동촌역(신길)1,8532,1470,10002
2026-03-31,이마트월배점앞,8777,1215,9992
2026-03-31,효성타운앞,8440,1533,9973
2026-03-31,대명1동행정복지센터건너,6765,3177,9942
2026-03-31,범물1동행정복지센터건너,6311,3587,9898
2026-03-31,대곡역(한라하우젠트건너),8027,1859,9886
2026-03-31,신천역(4번출구),6660,3221,9881
2026-03-31,앞산공원,7094,2787,9881
2026-03-31,영진전문대학교정문건너,8018,1863,9881
2026-03-31,북비산네거리1,5444,4429,9873
2026-03-31,북구구민운동장건너,7147,2722,9869
2026-03-31,대봉성당,6858,3006,9864
2026-03-31,신흥버스,8657,1186,9843
2026-03-31,SK리더스뷰건너,7805,2035,9840
2026-03-31,대원유치원앞,8614,1223,9837
2026-03-31,e편한세상대구금호건너,9471,364,9835
2026-03-31,본리네거리2,8516,1317,9833
2026-03-31,용계역(2번출구),8503,1329,9832
2026-03-31,가창농협앞,9292,523,9815
2026-03-31,명성푸르지오건너,6491,3318,9809
2026-03-31,산격중학교앞,7146,2627,9773
2026-03-31,대백프라자앞,6664,3091,9755
2026-03-31,신천LH아파트앞,8869,886,9755
2026-03-31,팔거역1,5533,4212,9745
2026-03-31,동인초등학교앞,6244,3500,9744
2026-03-31,산격초등학교건너,8532,1190,9722
2026-03-31,명덕네거리2,3368,6326,9694
2026-03-31,한남중미용정보고등학교건너,5620,4062,9682
2026-03-31,유천포스코건너,8276,1399,9675
2026-03-31,상공회의소앞,7609,2065,9674
2026-03-31,서대구KTX영무예다음건너,9092,552,9644
2026-03-31,서대구중학교앞,5040,4588,9628
2026-03-31,산격주공아파트건너,4446,5166,9612
2026-03-31,계명대학교정문앞,3861,5746,9607
2026-03-31,홈플러스내당점앞,5675,3921,9596
2026-03-31,대륜중고등학교건너,5020,4567,9587
2026-03-31,대구교통방송건너,4425,5158,9583
2026-03-31,대구과학고등학교앞,8692,880,9572
2026-03-31,상수도사업본부건너,5837,3684,9521
2026-03-31,신천LH아파트건너,7394,2118,9512
2026-03-31,공항시장건너,8620,882,9502
2026-03-31,엑스코앞,8101,1395,9496
2026-03-31,아양아트센터건너,8624,870,9494
2026-03-31,송현역(4번출구),6648,2840,9488
2026-03-31,금봉네거리1,8519,935,9454
2026-03-31,동촌강나루아파트건너,7001,2452,9453
2026-03-31,상록아파트,9091,361,9452
2026-03-31,만평역(서대구고속버스터미널)1,5574,3832,9406
2026-03-31,세천초등학교건너,7180,2190,9370
2026-03-31,다사읍행정복지센터건너,9142,225,9367
2026-03-31,성서산업단지역(1번출구),6412,2935,9347
2026-03-31,수성초등학교,6091,3251,9342
2026-03-31,정동고등학교앞,8033,1309,9342
2026-03-31,코스트코홀세일건너/복현화성타운앞,4838,4503,9341
2026-03-31,고성아파트(서편),6022,3302,9324
2026-03-31,월배초등학교건너,7601,1723,9324
2026-03-31,연호동화훼단지1,2949,6360,9309
2026-03-31,학산공원2,7555,1751,9306
2026-03-31,고모동입구,5474,3830,9304
2026-03-31,안심주공1단지건너,8119,1179,9298
2026-03-31,해안역(3번출구),5579,3711,9290
2026-03-31,대구파라곤프레스티지아파트,7257,2027,9284
2026-03-31,신암4동행정복지센터건너,5550,3731,9281
2026-03-31,태평상가건너,5049,4229,9278
2026-03-31,대구의료원건너,8288,988,9276
2026-03-31,무태조야동행정복지센터건너1,7864,1412,9276
2026-03-31,동촌화성타운앞,6265,3007,9272
2026-03-31,두성파크아파트앞,2912,6356,9268
2026-03-31,대곡강산타운건너,7153,2107,9260
2026-03-31,팔레스호텔앞1,6289,2954,9243
2026-03-31,율하롯데캐슬탑클래스앞,6701,2538,9239
2026-03-31,달서구치매안심센터앞,5072,4166,9238
2026-03-31,대구시산격청사앞,5269,3946,9215
2026-03-31,성당포스코더샵앞,8131,1076,9207
2026-03-31,용산1동행정복지센터건너,6786,2402,9188
2026-03-31,산격청구맨션앞,5155,4021,9176
2026-03-31,중리광명맨션건너,8074,1095,9169
2026-03-31,화원농협주유소앞,3312,5830,9142
2026-03-31,지산목련아파트앞,7108,2026,9134
2026-03-31,봉무청구새들마을건너,7232,1894,9126
2026-03-31,국립대구박물관앞,6149,2975,9124
2026-03-31,대곡역(한라하우젠트앞),4551,4569,9120
2026-03-31,노원119안전센터건너,5822,3297,9119
2026-03-31,지산현대주택앞,8008,1110,9118
2026-03-31,북침산치안센터앞,4794,4307,9101
2026-03-31,건영아파트건너,3773,5301,9074
2026-03-31,이마트경산점,7258,1812,9070
2026-03-31,큰고개오거리2,2916,6153,9069
2026-03-31,우방죽전타운건너,6641,2425,9066
2026-03-31,중구보건소앞,5816,3235,9051
2026-03-31,LG물류센터앞,6405,2624,9029
2026-03-31,동서변그린빌앞,8148,880,9028
2026-03-31,북리2,8335,687,9022
2026-03-31,지산청구타운앞,8320,677,8997
2026-03-31,한샘청동공원앞,8679,260,8939
2026-03-31,북구보건소앞,8536,388,8924
2026-03-31,갓바위,8044,876,8920
2026-03-31,운암초등학교앞,8736,163,8899
2026-03-31,팔공3차보성타운후문,8644,243,8887
2026-03-31,현대시장건너,7980,885,8865
2026-03-31,화랑교2,7923,930,8853
2026-03-31,가창면행정복지센터건너,5991,2861,8852
2026-03-31,송현역(1번출구),6878,1955,8833
2026-03-31,해안역(1번출구),7562,1271,8833
2026-03-31,무태조야동행정복지센터건너2,4327,4500,8827
2026-03-31,복현대백맨션앞,4315,4507,8822
2026-03-31,대구공업대학교건너,5899,2900,8799
2026-03-31,동도중학교건너,6659,2136,8795
2026-03-31,대구공공시설관리공단동부사업소앞,5756,3018,8774
2026-03-31,대곡주공7단지앞,7578,1177,8755
2026-03-31,다사고등학교건너,5266,3451,8717
2026-03-31,신매시장,3125,5590,8715
2026-03-31,성동초등학교건너,6124,2566,8690
2026-03-31,무궁화LPG충전소,6421,2260,8681
2026-03-31,칠곡시장건너,7708,959,8667
2026-03-31,TBC앞,4111,4547,8658
2026-03-31,정동고등학교건너,5828,2793,8621
2026-03-31,성서산업단지역(2번출구),6641,1968,8609
2026-03-31,경북기계공고앞,4985,3612,8597
2026-03-31,새길시장건너,5987,2596,8583
2026-03-31,서구문화회관앞,7716,865,8581
2026-03-31,달성공원건너,5969,2606,8575
2026-03-31,삼덕성당앞,6849,1709,8558
2026-03-31,흥사단 대구지부앞,3149,5407,8556
2026-03-31,송현제림타운건너,3836,4712,8548
2026-03-31,백자맨션건너,7104,1439,8543
2026-03-31,북대구농협검단지점건너,8434,71,8505
2026-03-31,동촌역(신길)2,6109,2373,8482
2026-03-31,지산타운앞,2478,6000,8478
2026-03-31,성북시장앞,6482,1973,8455
2026-03-31,대구공업대학교2,5343,3096,8439
2026-03-31,헬로TV대구방송앞,4453,3984,8437
2026-03-31,경대교2,7650,783,8433
2026-03-31,동구시장앞,6964,1465,8429
2026-03-31,신매초등학교앞,6978,1450,8428
2026-03-31,삼덕교회,4642,3772,8414
2026-03-31,태왕아너스복현앞,7226,1141,8367
2026-03-31,대구시산격청사건너2,5926,2428,8354
2026-03-31,봉덕시장건너3,7549,805,8354
2026-03-31,유니버시아드레포츠센터앞,6140,2192,8332
2026-03-31,대평중학교건너,7530,794,8324
2026-03-31,대명5동행정복지센터앞,6390,1908,8298
2026-03-31,경북대학교서문건너,6604,1685,8289
2026-03-31,봉무초등학교앞,8135,139,8274
2026-03-31,서부정류장(관문시장건너)2,6951,1294,8245
2026-03-31,제일풍경채건너,7036,1209,8245
2026-03-31,계명대역(2번출구),4957,3284,8241
2026-03-31,앞산청구제네스건너,5266,2962,8228
2026-03-31,서대구시장앞,5209,3017,8226
2026-03-31,SK리더스뷰앞,5997,2218,8215
2026-03-31,대구일마이스터고교앞,6948,1262,8210
2026-03-31,경북공고건너,5004,3204,8208
2026-03-31,중부소방서앞,6671,1534,8205
2026-03-31,농수산물도매시장앞,5175,3009,8184
2026-03-31,검단유성아파트(서편),6476,1704,8180
2026-03-31,죽전동 행정복지센터건너,6850,1315,8165
2026-03-31,국가산단반도유보라2차,8081,82,8163
2026-03-31,성북교2,4619,3541,8160
2026-03-31,대구시산격청사건너1,5763,2390,8153
2026-03-31,엘디스리젠트호텔앞,4326,3826,8152
2026-03-31,텍스빌,6355,1786,8141
2026-03-31,북리1,6434,1705,8139
2026-03-31,보람타운앞,5940,2153,8093
2026-03-31,수성3가롯데캐슬건너,6244,1847,8091
2026-03-31,경북기계공고건너,5358,2726,8084
2026-03-31,북구선거관리위원회건너,6524,1543,8067
2026-03-31,대구고용노동청건너,7052,1012,8064
2026-03-31,강창하이츠,7789,268,8057
2026-03-31,칠곡그린빌3차건너,7298,752,8050
2026-03-31,현대시장앞,4116,3927,8043
2026-03-31,팔달시장역,3797,4237,8034
2026-03-31,동구기억쉼터건너,7118,906,8024
2026-03-31,강창역(1번출구),5277,2737,8014
2026-03-31,계명대역(4번출구),4125,3885,8010
2026-03-31,산업용재관,3965,4044,8009
2026-03-31,경북대학교서문앞,4437,3543,7980
2026-03-31,국우동현대아파트앞,7130,849,7979
2026-03-31,용산2동행정복지센터건너,4414,3562,7976
2026-03-31,화성파크뷰건너,7654,322,7976
2026-03-31,수성못오거리2,6616,1352,7968
2026-03-31,수성도서관앞,5313,2639,7952
2026-03-31,달서구치매안심센터건너,6564,1387,7951
2026-03-31,홈플러스칠곡점앞,4833,3118,7951
2026-03-31,동부소방서앞,6116,1834,7950
2026-03-31,한국농어촌공사앞,6542,1399,7941
2026-03-31,대구섬유박물관,7188,749,7937
2026-03-31,국립대구박물관건너,6709,1221,7930
2026-03-31,월광수변공원,7189,739,7928
2026-03-31,팔공보성아파트앞,7468,455,7923
2026-03-31,대구중학교앞,6161,1756,7917
2026-03-31,건영캐스빌건너,6552,1361,7913
2026-03-31,감삼초등학교앞,6480,1418,7898
2026-03-31,효목네거리3,5187,2701,7888
2026-03-31,이시아폴리스더샵2단지,5442,2437,7879
2026-03-31,북비산네거리2,6129,1738,7867
2026-03-31,안심효성타운,5294,2550,7844
2026-03-31,북대구세무서건너,6846,996,7842
2026-03-31,성당코오롱하늘채,5756,2081,7837
2026-03-31,대구대학교대명동캠퍼스,5854,1974,7828
2026-03-31,황제맨션건너,2908,4915,7823
2026-03-31,봉덕시장앞2,5829,1985,7814
2026-03-31,이천새마을금고건너,7221,581,7802
2026-03-31,범물하이츠 건너,5460,2337,7797
2026-03-31,송현1동치안센터건너,5863,1931,7794
2026-03-31,강남약국앞2,6612,1176,7788
2026-03-31,유천교2,943,6839,7782
2026-03-31,대곡사계절타운앞,5198,2581,7779
2026-03-31,두류공원네거리2,3760,4007,7767
2026-03-31,경일여자고등학교앞,5323,2441,7764
2026-03-31,신천3치안센터앞,5066,2696,7762
2026-03-31,반야월모란1차아파트,5356,2379,7735
2026-03-31,칠곡그린빌5단지앞,5139,2586,7725
2026-03-31,만경관앞,6316,1405,7721
2026-03-31,송현초등학교앞,7271,446,7717
2026-03-31,우방드림시티건너,4114,3602,7716
2026-03-31,국가산단서한이다음,7682,31,7713
2026-03-31,서재동화아이위시3차앞,6986,703,7689
2026-03-31,성서2차서한타운1,7118,568,7686
2026-03-31,두류도서관앞,6276,1406,7682
2026-03-31,대구공업대학교앞,5917,1760,7677
2026-03-31,상인자이앞,5306,2368,7674
2026-03-31,감삼초등학교건너,6331,1328,7659
2026-03-31,한국폴리텍대학(영남융합기술캠퍼스),1331,6322,7653
2026-03-31,월성주공4단지앞1,6746,898,7644
2026-03-31,이현자동차검사소건너,1103,6533,7636
2026-03-31,태왕메트로시티건너,5594,2026,7620
2026-03-31,동구기억쉼터앞,5918,1700,7618
2026-03-31,각산태영데시앙건너,4905,2701,7606
2026-03-31,효동초등학교건너,5233,2368,7601
2026-03-31,유천동행정복지센터앞,7222,368,7590
2026-03-31,교항리건너,7463,107,7570
2026-03-31,상인삼미타운건너,1749,5821,7570
2026-03-31,칠곡2차영남타운건너,6952,605,7557
2026-03-31,동대구동화아이위시아파트건너,2126,5425,7551
2026-03-31,동호공영차고지건너,7346,204,7550
2026-03-31,대구시교육청앞,3631,3914,7545
2026-03-31,수성교1,4307,3225,7532
2026-03-31,상중이동행정복지센터앞,6371,1155,7526
2026-03-31,반고개1,5674,1846,7520
2026-03-31,국민연금네거리1,5121,2363,7484
2026-03-31,대구병원앞,5068,2412,7480
2026-03-31,상수도사업본부,5305,2175,7480
2026-03-31,연경1공영주차장앞,7371,101,7472
2026-03-31,CBS방송국건너,5157,2309,7466
2026-03-31,율하휴먼시아5단지앞,6993,466,7459
2026-03-31,율하교동편1,3694,3762,7456
2026-03-31,청구시장앞,5760,1690,7450
2026-03-31,수성동일하이빌정문,5048,2401,7449
2026-03-31,계명대학교동산병원앞,3483,3956,7439
2026-03-31,북구구민운동장앞,4672,2766,7438
2026-03-31,경북교통앞,3923,3509,7432
2026-03-31,북부경찰서건너,2238,5186,7424
2026-03-31,동대구해모로웨스트아파트,6126,1294,7420
2026-03-31,소선여중건너,4827,2560,7387
2026-03-31,평리6동행정복지센터앞,4222,3155,7377
2026-03-31,칠성시장역(서문프라자건너),3071,4302,7373
2026-03-31,수성시장앞,5191,2181,7372
2026-03-31,영남일보건너,5532,1835,7367
2026-03-31,미리내맨션앞,5431,1933,7364
2026-03-31,한국건강관리협회앞,6437,913,7350
2026-03-31,성화여고건너,6675,674,7349
2026-03-31,용산종합큰시장앞,5155,2186,7341
2026-03-31,동구청역(3번출구),5474,1834,7308
2026-03-31,북침산치안센터건너,5759,1541,7300
2026-03-31,수성못코오롱하늘채,5670,1628,7298
2026-03-31,신매태성아파트건너,5565,1713,7278
2026-03-31,들안길초등학교앞,4591,2668,7259
2026-03-31,남부교육지원청앞,5645,1609,7254
2026-03-31,교통연수원건너,6359,892,7251
2026-03-31,성서주공1단지건너,5875,1358,7233
2026-03-31,민들레아파트후문앞,7195,14,7209
2026-03-31,서변동영남네오빌건너,6214,976,7190
2026-03-31,다사농협주유소앞,6572,583,7155
2026-03-31,달서에스케이뷰아파트앞,5314,1838,7152
2026-03-31,상공회의소건너,4731,2406,7137
2026-03-31,복현서한2차아파트,4679,2434,7113
2026-03-31,무태조야동행정복지센터앞1,5847,1256,7103
2026-03-31,비산초등학교건너,5536,1567,7103
2026-03-31,신천3동행정복지센터앞,2289,4798,7087
2026-03-31,대곡주공1단지앞,4323,2733,7056
2026-03-31,대구역센트럴자이,6210,839,7049
2026-03-31,죽전역(2번출구),5932,1113,7045
2026-03-31,봉덕교회앞,5064,1955,7019
2026-03-31,이진캐스빌건너,6764,248,7012
2026-03-31,한라하우젠트건너,6291,721,7012
2026-03-31,성서푸른마을아파트건너,6178,827,7005
2026-03-31,월성코오롱하늘채앞,5700,1289,6989
2026-03-31,율하역(5번출구),6139,850,6989
2026-03-31,유니버시아드선수촌2단지앞,5428,1559,6987
2026-03-31,동일초등학교앞,3891,3088,6979
2026-03-31,평광3차아파트,6153,802,6955
2026-03-31,달성교육지원청-대구예아람학교앞,6511,422,6933
2026-03-31,태전중앙시장앞,3770,3154,6924
2026-03-31,홈플러스동촌점앞,5623,1289,6912
2026-03-31,두류보성맨션앞,3794,3110,6904
2026-03-31,건영캐스빌앞,4779,2120,6899
2026-03-31,봉산가구골목(동편),3867,3032,6899
2026-03-31,솔정고개2,2072,4820,6892
2026-03-31,침산초등학교건너,4896,1990,6886
2026-03-31,팔달역1,6268,613,6881
2026-03-31,진천청구타운앞,6191,672,6863
2026-03-31,칠곡IC 2,6707,152,6859
2026-03-31,성서보성타운2차앞,4956,1892,6848
2026-03-31,범물한라주택앞,1154,5689,6843
2026-03-31,트레이더스홀세일클럽비산점건너,2529,4305,6834
2026-03-31,입석중학교앞,4363,2469,6832
2026-03-31,용계역(1번출구),4103,2726,6829
2026-03-31,토지주택공사건너,3883,2930,6813
2026-03-31,달성중학교건너,6048,747,6795
2026-03-31,만촌우방1차건너,6656,135,6791
2026-03-31,삼성래미안2차건너,4992,1786,6778
2026-03-31,남구청네거리1,5239,1508,6747
2026-03-31,침산중학교앞,6192,536,6728
2026-03-31,복현장미맨션앞,4795,1918,6713
2026-03-31,대구의료원앞,4413,2298,6711
2026-03-31,청구시장건너,5609,1098,6707
2026-03-31,산격거평타운앞,4123,2578,6701
2026-03-31,새론초등학교건너,6110,585,6695
2026-03-31,서구청소년수련관건너,5242,1452,6694
2026-03-31,대구의료원라파엘웰빙센터건너,3585,3086,6671
2026-03-31,불로동고분군앞,3915,2753,6668
2026-03-31,숙천초교입구,5645,1019,6664
2026-03-31,동부고교앞,5265,1378,6643
2026-03-31,장동초등학교건너,5583,1056,6639
2026-03-31,LH10단지아파트건너,5385,1252,6637
2026-03-31,두성파크아파트건너,4852,1784,6636
2026-03-31,대림육교1,1566,5067,6633
2026-03-31,두류보성맨션건너,5828,778,6606
2026-03-31,황금힐스테이트,4133,2442,6575
2026-03-31,산림조합중앙회건너,2387,4186,6573
2026-03-31,장동초등학교앞,5055,1513,6568
2026-03-31,수성교2,4095,2472,6567
2026-03-31,중리광명맨션앞,5317,1242,6559
2026-03-31,포산고등학교3,6494,57,6551
2026-03-31,칠곡중학교앞(칠곡향교앞),6083,462,6545
2026-03-31,청라언덕(신남)역(1번출구),4473,2071,6544
2026-03-31,LG물류센터건너,4661,1869,6530
2026-03-31,서재동화아이위시2차앞,5127,1395,6522
2026-03-31,본리지구앞,5558,955,6513
2026-03-31,시지천마타운앞,3652,2852,6504
2026-03-31,뉴평리도서관앞,5684,816,6500
2026-03-31,신천역(2번출구),4626,1858,6484
2026-03-31,무태새마을금고앞,5881,593,6474
2026-03-31,구암교1,5423,1048,6471
2026-03-31,범물청구타운건너,1960,4510,6470
2026-03-31,SD아이프라임강북아파트,6166,301,6467
2026-03-31,대건고교-효성여고앞,5258,1203,6461
2026-03-31,호텔수성앞,5560,901,6461
2026-03-31,아양교4,4050,2404,6454
2026-03-31,역전시장앞,5058,1390,6448
2026-03-31,조달청건너,2910,3537,6447
2026-03-31,칠곡동화아파트건너,4257,2186,6443
2026-03-31,우미린아파트앞,6140,302,6442
2026-03-31,연경1공영주차장건너,4881,1557,6438
2026-03-31,서대구시장건너,3965,2468,6433
2026-03-31,대산초등학교앞,5736,694,6430
2026-03-31,서재금봉타운,4132,2294,6426
2026-03-31,용전초등학교남편,3399,3025,6424
2026-03-31,동신초등학교앞,3515,2905,6420
2026-03-31,반고개(내당역4번출구),2231,4189,6420
2026-03-31,태전두성타운건너,4149,2260,6409
2026-03-31,지묘교2,6286,119,6405
2026-03-31,부영3단지,3438,2936,6374
2026-03-31,다사농협세천지점건너,5144,1229,6373
2026-03-31,국우초등학교건너,6190,158,6348
2026-03-31,안심중학교건너,2002,4299,6301
2026-03-31,동원약품,4889,1407,6296
2026-03-31,복현푸르지오아파트앞,4757,1480,6237
2026-03-31,월배아이파크2차건너,5470,766,6236
2026-03-31,월드컵삼거리앞,3809,2426,6235
2026-03-31,도남LH2단지아파트앞,5748,467,6215
2026-03-31,홈플러스동촌점건너,3474,2719,6193
2026-03-31,대건고교-효성여고건너,4929,1257,6186
2026-03-31,방천리공영차고지,4657,1526,6183
2026-03-31,퀸스로드앞(동편),4849,1333,6182
2026-03-31,구.남부정류장앞2,4534,1644,6178
2026-03-31,이천치안센터건너,3600,2572,6172
2026-03-31,두산동행정복지센터앞,5587,576,6163
2026-03-31,고성지구대2,3633,2519,6152
2026-03-31,서도초등학교서편1,5165,982,6147
2026-03-31,태현초등학교앞,6062,83,6145
2026-03-31,남부교육지원청건너,5240,888,6128
2026-03-31,신당동행정복지센터앞,5683,434,6117
2026-03-31,죽곡휴먼시아1단지앞,511,5606,6117
2026-03-31,교동시장앞,4313,1774,6087
2026-03-31,대구IM뱅크PARK동편앞,5246,840,6086
2026-03-31,효목네거리1,5223,863,6086
2026-03-31,전자관,4673,1387,6060
2026-03-31,율하근린공원건너,1559,4484,6043
2026-03-31,상리동입구,1555,4486,6041
2026-03-31,북대구세무서앞,3853,2176,6029
2026-03-31,쌍계리,1151,4867,6018
2026-03-31,연경뉴웰시티아파트앞,5218,799,6017
2026-03-31,뉴평리도서관건너,3335,2673,6008
2026-03-31,우방만촌하이츠앞,3115,2885,6000
2026-03-31,국가산단반도유보라3차건너,5932,48,5980
2026-03-31,대봉네거리1,5019,950,5969
2026-03-31,강북경찰서건너,2801,3153,5954
2026-03-31,서부정류장역2(1번출구),4210,1743,5953
2026-03-31,신천역(3번출구),4727,1223,5950
2026-03-31,팔공산IC입구,652,5298,5950
2026-03-31,성서보성타운2차건너1,5275,669,5944
2026-03-31,조야동(종점),5639,288,5927
2026-03-31,본리초교네거리2,5024,894,5918
2026-03-31,수성구민운동장건너,3537,2377,5914
2026-03-31,서도초등학교서편2,4517,1395,5912
2026-03-31,이현자동차검사소앞,5362,543,5905
2026-03-31,기업은행대곡지점건너,1377,4522,5899
2026-03-31,본리아카시아맨션,3753,2142,5895
2026-03-31,동서변그린빌건너,4738,1154,5892
2026-03-31,송원맨션앞,4324,1563,5887
2026-03-31,북구보건소건너,4687,1187,5874
2026-03-31,신세계주유소건너,5443,423,5866
2026-03-31,들안길초등학교건너,4369,1496,5865
2026-03-31,지저동행정복지센터앞,3696,2150,5846
2026-03-31,한국방송통신전파진흥원앞,4257,1571,5828
2026-03-31,공항시장앞,2689,3133,5822
2026-03-31,죽전119안전센터건너,3915,1894,5809
2026-03-31,대우트럼프월드수성앞,2231,3574,5805
2026-03-31,CBS방송국앞,3366,2434,5800
2026-03-31,지산청구타운건너,2923,2877,5800
2026-03-31,팔공정보문화센터건너,865,4925,5790
2026-03-31,대평중학교앞,4000,1783,5783
2026-03-31,조일고등학교(종점),5098,681,5779
2026-03-31,스파밸리2,5717,52,5769
2026-03-31,대봉네거리2,2890,2863,5753
2026-03-31,대봉2동행정복지센터건너,5008,734,5742
2026-03-31,호텔수성건너,4602,1124,5726
2026-03-31,봉덕2차화성파크드림,4876,844,5720
2026-03-31,서구제일사회복지관건너,1492,4228,5720
2026-03-31,대구국제공항건너,394,5316,5710
2026-03-31,대구행복기숙사앞,3481,2220,5701
2026-03-31,덕화중학교앞,2776,2919,5695
2026-03-31,성서주공5단지앞,4190,1474,5664
2026-03-31,실내체육관앞,4507,1144,5651
2026-03-31,불로우방아파트건너,3758,1892,5650
2026-03-31,수성시니어클럽앞,5226,416,5642
2026-03-31,비산7동우체국건너,3206,2423,5629
2026-03-31,거동교1,4342,1280,5622
2026-03-31,서평초등학교,4692,909,5601
2026-03-31,삼익뉴타운건너,3610,1986,5596
2026-03-31,내당코오롱아파트앞,4594,994,5588
2026-03-31,서대구공단네거리4,3984,1597,5581
2026-03-31,동부중학교앞,2948,2632,5580
2026-03-31,방촌치안센터앞,4195,1382,5577
2026-03-31,금호천년나무1단지동편,5513,61,5574
2026-03-31,대자연맨션건너,3507,2062,5569
2026-03-31,혁신도시입구1,4686,877,5563
2026-03-31,범물하이츠앞,5397,163,5560
2026-03-31,태왕아너스베스트앞,4883,673,5556
2026-03-31,각산푸르지오,3798,1749,5547
2026-03-31,율하교동편2,4074,1467,5541
2026-03-31,명문세가APT건너,4477,1046,5523
2026-03-31,대구향교건너,2010,3509,5519
2026-03-31,불로봉무파출소,4217,1302,5519
2026-03-31,엘디스리젠트호텔건너,2162,3350,5512
2026-03-31,동화시설집단지구(종점)2(대구시민안전테마파크),5059,452,5511
2026-03-31,남대구IC2,4356,1149,5505
2026-03-31,강서소방서건너,493,5010,5503
2026-03-31,우방드림시티앞,3831,1664,5495
2026-03-31,성서4차산업단지앞2,4189,1305,5494
2026-03-31,용산1동행정복지센터앞,3195,2295,5490
2026-03-31,북중학교앞,4232,1257,5489
2026-03-31,현풍새마을금고,4817,669,5486
2026-03-31,연경초등학교건너,4775,707,5482
2026-03-31,녹원맨션,4564,906,5470
2026-03-31,실내체육관건너,3663,1801,5464
2026-03-31,국립신암선열공원앞,3901,1560,5461
2026-03-31,성지중학교앞,2611,2845,5456
2026-03-31,성서청구타운앞,3921,1530,5451
2026-03-31,한남중미용정보고등학교앞,4736,711,5447
2026-03-31,팔공유치원앞,5016,430,5446
2026-03-31,성남초등학교앞,4844,592,5436
2026-03-31,옥포간경리1,3810,1621,5431
2026-03-31,평광3차아파트건너,4598,827,5425
2026-03-31,수성아트피아앞,4085,1336,5421
2026-03-31,도남힐스테이트4단지건너,4572,825,5397
2026-03-31,신월초등학교앞,3515,1877,5392
2026-03-31,금호서한이다음아파트앞,4766,602,5368
2026-03-31,대성베르힐4단지앞,5282,80,5362
2026-03-31,엑스코건너,3597,1761,5358
2026-03-31,강변동서마을앞,3754,1602,5356
2026-03-31,서대구역서한이다음더퍼스트,3963,1391,5354
2026-03-31,무궁화LPG충전소건너,3416,1927,5343
2026-03-31,홈플러스칠곡점건너,4317,1026,5343
2026-03-31,월성자이앞,4177,1165,5342
2026-03-31,백자맨션앞,3611,1692,5303
2026-03-31,2.28기념중앙공원건너2,3505,1778,5283
2026-03-31,봉덕시장건너1,3142,2124,5266
2026-03-31,동부중학교건너,4606,640,5246
2026-03-31,무궁화어린이공원입구건너,3267,1978,5245
2026-03-31,성화여고앞,3385,1848,5233
2026-03-31,강북중학교앞,5120,109,5229
2026-03-31,대구우편집중국앞,2883,2340,5223
2026-03-31,대구칠곡초등학교앞,2872,2351,5223
2026-03-31,범물2동행정복지센터건너,4857,362,5219
2026-03-31,어린이세상건너1,1665,3549,5214
2026-03-31,내당광명아파트,3695,1517,5212
2026-03-31,안심역(1번출구),4591,620,5211
2026-03-31,한도아파트앞,5032,168,5200
2026-03-31,중석타운앞,4992,198,5190
2026-03-31,장기초록나라앞,4005,1181,5186
2026-03-31,칠성시장(전자상가건너),4858,324,5182
2026-03-31,KT남대구지사건너2,3576,1605,5181
2026-03-31,중흥S클래스앞,5092,87,5179
2026-03-31,중리중학교,4658,517,5175
2026-03-31,역전시장건너,3675,1498,5173
2026-03-31,농수산물도매시장건너,3848,1322,5170
2026-03-31,대구의료원라파엘웰빙센터,3850,1305,5155
2026-03-31,상인삼미타운앞,4433,722,5155
2026-03-31,각산역(1번출구),3582,1570,5152
2026-03-31,팔달신시장2,4197,941,5138
2026-03-31,망우당공원앞,3296,1824,5120
2026-03-31,인동촌시장건너,2854,2254,5108
2026-03-31,태왕메트로시티앞,3307,1787,5094
2026-03-31,옥포초등학교앞,4340,748,5088
2026-03-31,가창농협건너,2966,2118,5084
2026-03-31,방촌맨션앞,3761,1320,5081
2026-03-31,적십자혈액원건너,4049,1031,5080
2026-03-31,산격거평타운건너,2093,2986,5079
2026-03-31,함지초등학교앞,4709,332,5041
2026-03-31,대구보건대학교앞1,4139,896,5035
2026-03-31,월성주공3단지,3492,1532,5024
2026-03-31,팔달역2,514,4506,5020
2026-03-31,서동초등학교앞,4615,401,5016
2026-03-31,칠곡3차화성타운2,4369,633,5002
2026-03-31,태왕아너스복현건너,3872,1126,4998
2026-03-31,송현여중고교앞,2840,2156,4996
2026-03-31,아양아트센터앞,3747,1240,4987
2026-03-31,금봉네거리2,4024,954,4978
2026-03-31,팔공3차보성타운앞,4545,433,4978
2026-03-31,대백창신한라타운앞,3181,1789,4970
2026-03-31,상인비둘기1단지아파트건너,3979,985,4964
2026-03-31,들안길네거리1,4604,359,4963
2026-03-31,율하남교2,3058,1883,4941
2026-03-31,안심중학교앞,3140,1777,4917
2026-03-31,신월초등학교건너,4213,701,4914
2026-03-31,연경초등학교앞,4246,664,4910
2026-03-31,어린이세상앞,3271,1631,4902
2026-03-31,검단유성아파트건너,3092,1787,4879
2026-03-31,학산공원1,2935,1943,4878
2026-03-31,현풍경남은행앞,4180,695,4875
2026-03-31,수성아트피아건너,3196,1673,4869
2026-03-31,대신센트럴자이,4182,675,4857
2026-03-31,장성초등학교건너,549,4308,4857
2026-03-31,동신초등학교건너,3537,1315,4852
2026-03-31,시민교회건너,4449,400,4849
2026-03-31,남도버스2,3706,1140,4846
2026-03-31,현풍경남은행건너,4175,664,4839
2026-03-31,대구교통공사건너,1354,3477,4831
2026-03-31,화랑교1,1179,3652,4831
2026-03-31,노원네거리2(오봉새마을금고건너),4200,629,4829
2026-03-31,대원고등학교,2360,2464,4824
2026-03-31,봉무초등학교건너,4322,502,4824
2026-03-31,청라언덕(신남)역(8번출구),3643,1177,4820
2026-03-31,비철금속협업단지앞,4529,272,4801
2026-03-31,대곡고등학교건너,3519,1268,4787
2026-03-31,청라국민체육센터앞,4038,745,4783
2026-03-31,파계사(종점),4187,591,4778
2026-03-31,율원초등학교앞,4231,546,4777
2026-03-31,대구일마이스터고교건너,2803,1973,4776
2026-03-31,성당포스코더샵건너,3100,1673,4773
2026-03-31,대구농업마이스터고후문앞,4074,696,4770
2026-03-31,한샘교회,3337,1422,4759
2026-03-31,칠곡그린빌5단지건너,4124,627,4751
2026-03-31,송현제림타운앞,3760,985,4745
2026-03-31,매천중고등학교앞,3706,1032,4738
2026-03-31,지묘교1,3255,1477,4732
2026-03-31,성서우체국앞,2882,1843,4725
2026-03-31,충혼탑건너,4489,206,4695
2026-03-31,모다아울렛앞,2176,2504,4680
2026-03-31,이곡1동행정복지센터앞,2178,2501,4679
2026-03-31,서도초등학교앞,3875,803,4678
2026-03-31,효목2동행정복지센터,3712,951,4663
2026-03-31,강변동서마을건너,4378,283,4661
2026-03-31,월배아이파크2차앞,1599,3053,4652
2026-03-31,수성랜드1,4192,459,4651
2026-03-31,신매역(4번출구),3631,1020,4651
2026-03-31,지산현대주택건너,3328,1309,4637
2026-03-31,달서에스케이뷰아파트(북편),4433,185,4618
2026-03-31,구암역(운전면허시험장)1,3748,861,4609
2026-03-31,새각단앞,4458,143,4601
2026-03-31,동서리치모아앞,3370,1229,4599
2026-03-31,성서동서서한타운앞,4116,474,4590
2026-03-31,죽전동 행정복지센터앞,2725,1859,4584
2026-03-31,만촌1동행정복지센터,2960,1617,4577
2026-03-31,팔거역3,3681,896,4577
2026-03-31,지산동서맨션건너,3102,1465,4567
2026-03-31,사수초등학교건너,2403,2155,4558
2026-03-31,장기먹거리촌앞,3454,1103,4557
2026-03-31,대곡주공8단지건너,3928,627,4555
2026-03-31,황금초등학교앞,4282,268,4550
2026-03-31,동서리치모아건너,3505,1042,4547
2026-03-31,퀸스로드건너(동편),3648,898,4546
2026-03-31,동대구동화아이위시아파트앞,3626,912,4538
2026-03-31,월성코오롱하늘채건너,3190,1348,4538
2026-03-31,파동우체국앞,2488,2029,4517
2026-03-31,다사농협세천지점앞,3845,669,4514
2026-03-31,태전중앙시장건너,2582,1930,4512
2026-03-31,칠곡시장앞,2932,1575,4507
2026-03-31,동서교회앞,2503,2000,4503
2026-03-31,상인2동행정복지센터건너,4260,227,4487
2026-03-31,학정청아람앞,2860,1623,4483
2026-03-31,남부초등학교앞2,3318,1160,4478
2026-03-31,산격4동행정복지센터앞,3631,846,4477
2026-03-31,계명대역(1번출구),1129,3330,4459
2026-03-31,영남네오빌건너,1919,2535,4454
2026-03-31,서재동화아이위시2차건너,3362,1090,4452
2026-03-31,북구청네거리1,2102,2349,4451
2026-03-31,우방죽전타운앞1,3478,966,4444
2026-03-31,이곡1동행정복지센터건너,4067,363,4430
2026-03-31,고성아파트건너(서편),1950,2470,4420
2026-03-31,율금초등학교건너,4130,277,4407
2026-03-31,대산초등학교건너,2024,2365,4389
2026-03-31,계명대대명캠퍼스후문건너,3480,908,4388
2026-03-31,다사고등학교앞,763,3617,4380
2026-03-31,대구텍앞,2764,1615,4379
2026-03-31,율하휴먼시아5단지건너,2191,2184,4375
2026-03-31,영남우방타운1차앞,3802,572,4374
2026-03-31,남구종합스포츠타운앞,3739,624,4363
2026-03-31,화원삼주타운건너,3855,508,4363
2026-03-31,칠곡화성타운앞1,2424,1932,4356
2026-03-31,비산7동우체국앞2,2193,2159,4352
2026-03-31,수성시장건너,3749,599,4348
2026-03-31,경명여고앞,2768,1578,4346
2026-03-31,칠곡화성타운건너,4084,256,4340
2026-03-31,도시철도수성구청역북편1,625,3709,4334
2026-03-31,아너스월성앞,3202,1120,4322
2026-03-31,수성고등학교건너,3551,770,4321
2026-03-31,대곡주공6단지앞,3574,726,4300
2026-03-31,칠곡주공그린빌1단지건너,4008,289,4297
2026-03-31,송현여중고교건너,3021,1248,4269
2026-03-31,서대구고속버스터미널,2440,1821,4261
2026-03-31,평리중학교앞,3876,371,4247
2026-03-31,서도초등학교건너,2733,1512,4245
2026-03-31,송정삼거리3,2272,1973,4245
2026-03-31,율하휴먼시아6단지건너,3469,776,4245
2026-03-31,복현성모약국앞,3079,1160,4239
2026-03-31,대구지방법원등기국앞,2117,2116,4233
2026-03-31,삼성래미안2차앞,2747,1470,4217
2026-03-31,팔달중학교건너,4014,203,4217
2026-03-31,황제맨션앞,3405,800,4205
2026-03-31,대원고등학교건너,2781,1421,4202
2026-03-31,안심주공1단지앞,3323,872,4195
2026-03-31,혁신도시입구2,2447,1736,4183
2026-03-31,정호승문학관건너(구.신천시장),3444,725,4169
2026-03-31,동부경찰서건너,2051,2116,4167
2026-03-31,삼성명가타운,2826,1334,4160
2026-03-31,동아스포츠센터(지산초교앞),3975,173,4148
2026-03-31,교대부설초등학교건너,3646,490,4136
2026-03-31,남부경찰서건너,2044,2088,4132
2026-03-31,율하남교1,1081,3051,4132
2026-03-31,서대구공단네거리3,2904,1227,4131
2026-03-31,보성산호타운앞,2381,1733,4114
2026-03-31,남해오네뜨2차앞,2788,1321,4109
2026-03-31,동구청역(4번출구),3337,767,4104
2026-03-31,구암교2,2563,1539,4102
2026-03-31,동서교회건너,3558,544,4102
2026-03-31,고성아파트건너,3785,311,4096
2026-03-31,NH농협혁신도시지점앞,3613,477,4090
2026-03-31,수성못앞,3160,927,4087
2026-03-31,대구북부소방서앞,1658,2428,4086
2026-03-31,학남고등학교앞,3298,784,4082
2026-03-31,대동시장1,3377,700,4077
2026-03-31,서재동화아이위시앞,2637,1440,4077
2026-03-31,대구보건대학교건너1,3453,623,4076
2026-03-31,오성아파트,341,3733,4074
2026-03-31,거동교2,2840,1231,4071
2026-03-31,신서성당건너,3051,1012,4063
2026-03-31,달성우신미가뷰건너,4040,7,4047
2026-03-31,상인초등학교앞,672,3361,4033
2026-03-31,동화사입구건너,4009,17,4026
2026-03-31,모토닉,1258,2765,4023
2026-03-31,메트로시티건너,3680,335,4015
2026-03-31,서구제일사회복지관앞,3342,673,4015
2026-03-31,적십자혈액원앞,2736,1270,4006
2026-03-31,한샘교회건너,1930,2074,4004
2026-03-31,본리네거리,2836,1142,3978
2026-03-31,불교한방병원앞2,3006,955,3961
2026-03-31,봉무청구새들마을앞,3092,865,3957
2026-03-31,동화골든빌(동편),2930,1025,3955
2026-03-31,두류공원2.28자유광장앞,1271,2680,3951
2026-03-31,팔공3차보성타운건너,2977,974,3951
2026-03-31,한국섬유개발연구원앞,3367,584,3951
2026-03-31,하나리움앞,1279,2662,3941
2026-03-31,성서초등학교건너,3396,541,3937
2026-03-31,상동네거리,2574,1348,3922
2026-03-31,대명9동행정복지센터건너,3265,646,3911
2026-03-31,고산골입구,3227,682,3909
2026-03-31,효목시장(남편),3334,571,3905
2026-03-31,성명119안전센터건너1,1855,2049,3904
2026-03-31,수성알파시티2,1998,1903,3901
2026-03-31,송현초등학교건너,2951,932,3883
2026-03-31,상인동화아이위시아파트앞,1721,2153,3874
2026-03-31,팔거역4,2844,1020,3864
2026-03-31,서재동화아이위시3차건너,2998,853,3851
2026-03-31,오페라하우스앞,2836,1015,3851
2026-03-31,율하휴먼시아9단지앞,3625,221,3846
2026-03-31,서한이다음1차앞,3674,171,3845
2026-03-31,방공포병학교건너,2958,880,3838
2026-03-31,이월드(구.우방랜드)후문건너,2569,1268,3837
2026-03-31,성서동서서한타운건너,3066,767,3833
2026-03-31,동화골든빌(남편),405,3427,3832
2026-03-31,명곡리2,2447,1378,3825
2026-03-31,본리지구건너,3002,819,3821
2026-03-31,영조아파트3단지앞,3789,23,3812
2026-03-31,명곡미래빌2단지앞,3337,455,3792
2026-03-31,칠성꽃도매시장건너,2648,1135,3783
2026-03-31,신성에스앤티건너,2922,859,3781
2026-03-31,북성공구골목,1745,2032,3777
2026-03-31,대덕천주교회3,3631,134,3765
2026-03-31,대구해올고교앞,2726,1030,3756
2026-03-31,명곡미래빌1단지,3194,562,3756
2026-03-31,봉명네거리2,3494,261,3755
2026-03-31,만촌초등학교건너2,3175,576,3751
2026-03-31,용계삼거리2,1645,2103,3748
2026-03-31,대구칠곡초등학교건너,3105,627,3732
2026-03-31,K-2입구,2864,859,3723
2026-03-31,흥사단 대구지부건너,2813,910,3723
2026-03-31,대봉2동행정복지센터입구,2384,1338,3722
2026-03-31,대구비지니스센터앞,2932,788,3720
2026-03-31,신서신일해피트리아파트,2964,748,3712
2026-03-31,KT남대구지사앞2,2023,1685,3708
2026-03-31,문양역건너,2222,1472,3694
2026-03-31,고산농협창고앞,783,2907,3690
2026-03-31,계명대학교대명캠퍼스후문앞,2816,873,3689
2026-03-31,KT북대구지사앞,3277,411,3688
2026-03-31,침산남영타운앞,3080,606,3686
2026-03-31,동서아파트건너,3207,470,3677
2026-03-31,상동천주교회앞,2015,1658,3673
2026-03-31,원대오거리북편1,1419,2251,3670
2026-03-31,신천3치안센터건너,2323,1346,3669
2026-03-31,솔렌스힐건너,2784,880,3664
2026-03-31,황금2동치안센터앞,3334,326,3660
2026-03-31,본리네거리3,1541,2117,3658
2026-03-31,동부고교건너,2263,1387,3650
2026-03-31,대구시동인청사건너,1385,2261,3646
2026-03-31,수성태영데시앙앞,3059,584,3643
2026-03-31,안지랑골입구건너,3488,155,3643
2026-03-31,전기안전공사앞,2929,714,3643
2026-03-31,봉산육거리,3157,484,3641
2026-03-31,제일풍경채앞,2213,1427,3640
2026-03-31,북구청네거리2,2897,731,3628
2026-03-31,만촌초등학교건너1,2562,1058,3620
2026-03-31,이시아폴리스더샵1단지,3486,117,3603
2026-03-31,용산역,3366,233,3599
2026-03-31,강서소방서앞,3476,118,3594
2026-03-31,성서푸른마을아파트앞2,2077,1516,3593
2026-03-31,각산비나리공원앞,3318,270,3588
2026-03-31,명곡미래빌3단지건너,2138,1448,3586
2026-03-31,팔공유치원건너,2819,754,3573
2026-03-31,동대구이안센트럴D아파트,1915,1653,3568
2026-03-31,범물두성타운건너,3544,24,3568
2026-03-31,서한이다음2차앞,3280,286,3566
2026-03-31,북동초등학교앞,3355,207,3562
2026-03-31,무열대건너,2400,1157,3557
2026-03-31,반야월역(4번출구)2,2437,1112,3549
2026-03-31,이월드(구.우방랜드)후문앞,2479,1056,3535
2026-03-31,관음변전소1,3288,243,3531
2026-03-31,서대구역네거리3,2902,620,3522
2026-03-31,서변동영남네오빌앞,3068,436,3504
2026-03-31,신천3동행정복지센터건너,2648,856,3504
2026-03-31,망우당공원건너,1207,2292,3499
2026-03-31,공산동행정복지센터앞,3359,131,3490
2026-03-31,화원시장건너,2898,582,3480
2026-03-31,앞산태왕아너스앞,3457,21,3478
2026-03-31,더샵수성라크에르아파트건너,2113,1362,3475
2026-03-31,성남초등학교건너,1386,2080,3466
2026-03-31,옥포농협강림지점앞,3076,382,3458
2026-03-31,태성맨션앞,2390,1068,3458
2026-03-31,청구시장북편건너,2610,845,3455
2026-03-31,대명사회복지관앞,2887,567,3454
2026-03-31,한국섬유개발연구원건너,1576,1878,3454
2026-03-31,북동초등학교건너,2093,1352,3445
2026-03-31,동일초등학교건너,2821,619,3440
2026-03-31,화남초등학교앞,2961,469,3430
2026-03-31,LH10단지아파트앞,2115,1310,3425
2026-03-31,대성베르힐4단지건너,1431,1992,3423
2026-03-31,매일신문사앞,2634,785,3419
2026-03-31,대구시동인청사앞,3090,323,3413
2026-03-31,대구반도체마이스터고등학교 건너,920,2485,3405
2026-03-31,성당시장앞1,2901,494,3395
2026-03-31,율하휴먼시아6단지앞,2993,400,3393
2026-03-31,백사벌네거리2,2093,1298,3391
2026-03-31,성북시장건너,2402,989,3391
2026-03-31,성산중학교앞,3065,319,3384
2026-03-31,백안삼거리2,3321,62,3383
2026-03-31,정호승문학관앞(구.신천시장),2430,945,3375
2026-03-31,팔달중학교앞,2979,390,3369
2026-03-31,효목네거리2,1231,2129,3360
2026-03-31,신암보성아파트건너,1967,1391,3358
2026-03-31,성서주공1단지앞,1622,1735,3357
2026-03-31,수성태영데시앙건너,2113,1230,3343
2026-03-31,달서초교,2971,355,3326
2026-03-31,상인은행아파트건너,2206,1114,3320
2026-03-31,비산웰빙하와이건너,3059,257,3316
2026-03-31,달서구새마을회건너,3149,160,3309
2026-03-31,들안길네거리4,2623,686,3309
2026-03-31,이안동대구아파트,2637,671,3308
2026-03-31,경상여자고등학교건너,2669,634,3303
2026-03-31,동서변월드메르디앙아파트,2884,417,3301
2026-03-31,수성더팰리스푸르지오더샵아파트건너,1466,1832,3298
2026-03-31,동아스포츠센터(지산중학교앞),2067,1226,3293
2026-03-31,매천역1,1466,1822,3288
2026-03-31,설화명곡역우방아이유쉘앞,1741,1546,3287
2026-03-31,대구역서희스타힐스건너,1874,1410,3284
2026-03-31,수성고등학교앞,2357,919,3276
2026-03-31,매천초교(매천역)2,2878,392,3270
2026-03-31,새본리중학교앞,2956,308,3264
2026-03-31,이현지구대건너,2528,730,3258
2026-03-31,대구과학대학교앞,2778,479,3257
2026-03-31,양지마을앞,2832,415,3247
2026-03-31,칠곡2차영남타운앞,2689,546,3235
2026-03-31,수목원풍경그린아파트앞,3153,75,3228
2026-03-31,영남우방타운2차아파트,2423,803,3226
2026-03-31,상중이동행정복지센터건너,2143,1082,3225
2026-03-31,대구연경아이파크아파트건너,2846,354,3200
2026-03-31,우방신천지타운건너,2257,942,3199
2026-03-31,강동중·고등학교건너,3187,10,3197
2026-03-31,수성못건너,1915,1277,3192
2026-03-31,칠곡청구타운앞,2918,265,3183
2026-03-31,매천성당앞,2723,459,3182
2026-03-31,대구경찰청,2514,660,3174
2026-03-31,시지대성유니드앞,2713,455,3168
2026-03-31,고성지구대1,1954,1210,3164
2026-03-31,만촌3차화성파크드림건너,2692,467,3159
2026-03-31,연암네거리2,2635,517,3152
2026-03-31,침산남영타운건너,2117,1028,3145
2026-03-31,본리초교네거리1,2305,836,3141
2026-03-31,구암초등학교앞,2977,163,3140
2026-03-31,경기장네거리1,2228,909,3137
2026-03-31,본리롯데캐슬,2835,300,3135
2026-03-31,칠곡대백맨션건너,3034,100,3134
2026-03-31,보성2차홍실타운앞,2445,688,3133
2026-03-31,파군재삼거리1,815,2314,3129
2026-03-31,영남우방타운1차건너,2784,342,3126
2026-03-31,대구중학교건너,1823,1293,3116
2026-03-31,성서우체국건너,2033,1077,3110
2026-03-31,가창초등학교건너,2719,390,3109
2026-03-31,만촌태왕리더스건너(남편),760,2348,3108
2026-03-31,화성파크뷰앞,657,2450,3107
2026-03-31,달성군보건소,2790,314,3104
2026-03-31,불교한방병원건너2,2354,747,3101
2026-03-31,대구비지니스센터건너,2441,654,3095
2026-03-31,중리시장건너2,751,2343,3094
2026-03-31,상화네거리,380,2708,3088
2026-03-31,보훈병원앞,3057,30,3087
2026-03-31,만촌초등학교앞,2298,779,3077
2026-03-31,복현오거리3,2280,780,3060
2026-03-31,침산중학교건너,2363,696,3059
2026-03-31,신용보증기금앞,1491,1559,3050
2026-03-31,이곡장미공원앞,2750,300,3050
2026-03-31,율원중학교건너,2869,178,3047
2026-03-31,동문고등학교정문,2797,237,3034
2026-03-31,성서119안전센터건너,234,2794,3028
2026-03-31,한국도로공사앞,2974,52,3026
2026-03-31,노곡동,2986,38,3024
2026-03-31,화원유원지(사문진주막촌),2805,217,3022
2026-03-31,수성랜드2,1257,1758,3015
2026-03-31,두산동행정복지센터건너,1546,1465,3011
2026-03-31,연경뉴웰시티아파트건너,2300,710,3010
2026-03-31,팔공초중학교앞,2823,181,3004
2026-03-31,오페라하우스건너,2445,550,2995
2026-03-31,한국패션센터,2857,137,2994
2026-03-31,두류공원2.28자유광장건너,1662,1326,2988
2026-03-31,앞산힐스테이트,2179,808,2987
2026-03-31,건들바위건너,2068,917,2985
2026-03-31,동침산네거리,1174,1808,2982
2026-03-31,대구테크노초등학교앞,626,2353,2979
2026-03-31,대구고용노동청앞,1866,1108,2974
2026-03-31,월배힐스테이트건너,2832,141,2973
2026-03-31,상인제림아파트앞,1266,1706,2972
2026-03-31,베네딕도수녀원건너,2873,98,2971
2026-03-31,인터불고호텔건너,2805,156,2961
2026-03-31,연호동화훼단지2,2204,753,2957
2026-03-31,이곡장미공원건너,1969,987,2956
2026-03-31,더샵달서센트럴아파트앞,452,2501,2953
2026-03-31,팔레스호텔앞2,1291,1662,2953
2026-03-31,침산동화타운건너,2847,103,2950
2026-03-31,퀸스로드앞,1875,1075,2950
2026-03-31,도남힐스테이트3단지건너,1098,1851,2949
2026-03-31,명곡미래빌2단지건너,2642,306,2948
2026-03-31,만촌태왕리더스앞2,2565,382,2947
2026-03-31,대곡공원건너,2302,624,2926
2026-03-31,황금초등학교건너,1664,1262,2926
2026-03-31,연경금성백조예미지앞,2052,867,2919
2026-03-31,성원아파트앞,2427,489,2916
2026-03-31,노원네거리1(오봉새마을금고앞),2282,632,2914
2026-03-31,평리1동행정복지센터앞,2701,213,2914
2026-03-31,동원중학교,2428,480,2908
2026-03-31,대덕마을건너,427,2476,2903
2026-03-31,칠성꽃도매시장앞,1408,1495,2903
2026-03-31,국민은행3공단지점건너,1990,906,2896
2026-03-31,전기안전공사건너,1323,1573,2896
2026-03-31,금포초등학교,2448,442,2890
2026-03-31,대구한의대학교부속한방병원앞,2675,209,2884
2026-03-31,중리롯데캐슬정문앞,2320,564,2884
2026-03-31,경기장네거리2,2541,332,2873
2026-03-31,칠곡부영1단지,1708,1163,2871
2026-03-31,대명사회복지관건너,1809,1051,2860
2026-03-31,2차대자연맨션건너,1294,1557,2851
2026-03-31,만촌역(1번출구),1473,1377,2850
2026-03-31,보성2차홍실타운건너,2276,570,2846
2026-03-31,상인한서타운앞,2369,477,2846
2026-03-31,현풍중고등학교,2599,246,2845
2026-03-31,칠곡3차화성타운1,2603,240,2843
2026-03-31,검단동대구축협앞,2817,25,2842
2026-03-31,동촌지구대건너,2566,274,2840
2026-03-31,무궁화어린이공원입구,2133,707,2840
2026-03-31,강창교1(성서방향),2583,256,2839
2026-03-31,위남마을,2703,136,2839
2026-03-31,조달청앞,1995,840,2835
2026-03-31,대구과학대학교건너,2399,433,2832
2026-03-31,이편한세상두류역앞,2468,363,2831
2026-03-31,연경우방아이유쉘앞,2311,517,2828
2026-03-31,종로초등학교앞,1849,971,2820
2026-03-31,대명6동행정복지센터앞,2461,353,2814
2026-03-31,반고개역(3번출구),1770,1042,2812
2026-03-31,서대구공단네거리2,1033,1779,2812
2026-03-31,룸비니유치원건너,2488,321,2809
2026-03-31,신생원앞,2773,35,2808
2026-03-31,우방금탑아파트(서편),120,2678,2798
2026-03-31,동대구초등학교앞,2412,385,2797
2026-03-31,칠곡우방타운앞(종점),2507,290,2797
2026-03-31,달성교육지원청-대구예아람학교건너,2074,713,2787
2026-03-31,도곡교1,233,2554,2787
2026-03-31,화성쌍용타운앞1,2030,757,2787
2026-03-31,매천대교3,237,2543,2780
2026-03-31,경운초등학교앞,2342,431,2773
2026-03-31,한국로봇산업진흥원앞,1580,1193,2773
2026-03-31,율원초등학교건너,440,2332,2772
2026-03-31,본리도서관앞,1111,1642,2753
2026-03-31,첨단임상시험센터건너,2429,300,2729
2026-03-31,수성도서관앞2,1944,783,2727
2026-03-31,대륜중고등학교앞,2205,520,2725
2026-03-31,옥포무지개마을,2658,65,2723
2026-03-31,한샘청동공원건너,1858,865,2723
2026-03-31,대성유니드앞,2584,127,2711
2026-03-31,칠곡한신아파트앞2,2251,456,2707
2026-03-31,명곡미래빌5단지건너,2115,573,2688
2026-03-31,보성서한타운앞,2344,344,2688
2026-03-31,칠곡주공그린빌1단지앞,1807,879,2686
2026-03-31,남부자동차종합시장건너,1782,902,2684
2026-03-31,신천교2,2188,493,2681
2026-03-31,방촌치안센터건너,1193,1487,2680
2026-03-31,경덕여고,1811,868,2679
2026-03-31,칠곡그린빌6단지건너,1598,1080,2678
2026-03-31,이시아폴리스롯데아울렛앞,1102,1571,2673
2026-03-31,동호육교1,900,1772,2672
2026-03-31,상리공단,2123,547,2670
2026-03-31,강북소방서건너,1124,1542,2666
2026-03-31,시립희망원,1725,940,2665
2026-03-31,공산초등학교앞,2569,85,2654
2026-03-31,평리중학교건너,1617,1027,2644
2026-03-31,우방죽전타운앞2,2058,584,2642
2026-03-31,근로복지공단대구병원건너,440,2199,2639
2026-03-31,남명삼거리1,2349,290,2639
2026-03-31,한화꿈에그린건너1,987,1649,2636
2026-03-31,무태새마을금고건너,1688,945,2633
2026-03-31,상인청구타운건너,2430,200,2630
2026-03-31,중앙일보앞,2407,218,2625
2026-03-31,여성메디파크,705,1919,2624
2026-03-31,와룡시장건너,2295,324,2619
2026-03-31,신성에스앤티앞,1917,698,2615
2026-03-31,노원119안전센터앞,1865,744,2609
2026-03-31,숙천초교입구건너,1843,761,2604
2026-03-31,새론중학교앞,2386,217,2603
2026-03-31,노원동화타운앞,1838,764,2602
2026-03-31,대구은행북비산지점건너2,1527,1074,2601
2026-03-31,달구벌신협앞,2246,353,2599
2026-03-31,옥포초등학교건너,1987,605,2592
2026-03-31,화원시장앞,1757,835,2592
2026-03-31,보성은하타운앞,2489,93,2582
2026-03-31,신세계주유소앞,981,1597,2578
2026-03-31,한국로봇산업진흥원건너,1869,701,2570
2026-03-31,달구벌종합복지관건너,2222,341,2563
2026-03-31,동대구역수화물취급소앞,881,1680,2561
2026-03-31,신당동행정복지센터건너,1329,1227,2556
2026-03-31,동원초등학교앞,1695,858,2553
2026-03-31,방공포병학교앞,1450,1100,2550
2026-03-31,매호1교앞,1845,698,2543
2026-03-31,경서중학교건너,2464,75,2539
2026-03-31,덕원고등학교앞,1539,1000,2539
2026-03-31,중부소방서건너,1388,1151,2539
2026-03-31,부영5단지,2140,397,2537
2026-03-31,퀸스로드건너,1763,768,2531
2026-03-31,국민은행3공단지점앞,1908,621,2529
2026-03-31,율하롯데캐슬탑클래스건너,1265,1261,2526
2026-03-31,진천청구타운건너,1363,1159,2522
2026-03-31,한국산업단지공단앞,2340,182,2522
2026-03-31,서부정류장역북편2,2130,387,2517
2026-03-31,고산농협창고건너,2159,346,2505
2026-03-31,달서아트센터건너,2183,320,2503
2026-03-31,대구향교앞,1440,1063,2503
2026-03-31,삼호아파트앞,1399,1102,2501
2026-03-31,율하휴먼시아8단지앞,1868,633,2501
2026-03-31,달서시장건너,2152,343,2495
2026-03-31,칠성시장(전자상가앞),1516,979,2495
2026-03-31,대덕천주교회2,2127,364,2491
2026-03-31,용계삼거리3,1675,811,2486
2026-03-31,한국건강관리협회건너,1669,817,2486
2026-03-31,이곡양수장앞,221,2263,2484
2026-03-31,신천교1,1402,1079,2481
2026-03-31,율하고가교1,1699,781,2480
2026-03-31,도곡교2,2414,59,2473
2026-03-31,동촌유원지,1614,854,2468
2026-03-31,청백다례원,1770,696,2466
2026-03-31,대구보건대학교앞2,863,1602,2465
2026-03-31,달성군민운동장앞,1897,566,2463
2026-03-31,각산역(2번출구),211,2251,2462
2026-03-31,중동네거리,781,1681,2462
2026-03-31,옥포농협건너,2253,208,2461
2026-03-31,칠곡화성타운앞2,1660,801,2461
2026-03-31,동원초등학교남편,1887,573,2460
2026-03-31,앞산별자리체험학습장1,2402,56,2458
2026-03-31,달성화성파크드림앞,1146,1309,2455
2026-03-31,고산정수사업소건너,2027,423,2450
2026-03-31,상인제림아파트건너,1979,439,2418
2026-03-31,군위버스터미널앞,2397,18,2415
2026-03-31,수성소방서2,630,1781,2411
2026-03-31,덕원고등학교건너,1953,442,2395
2026-03-31,칠곡초등학교앞,2347,48,2395
2026-03-31,앞산보성타운앞,2376,18,2394
2026-03-31,칠곡그린빌3차앞,1405,989,2394
2026-03-31,대구은행역(3번출구),2099,290,2389
2026-03-31,진천역AK그랑폴리스아파트앞,2284,103,2387
2026-03-31,만촌화성파크스위트건너,2283,94,2377
2026-03-31,달성군민운동장건너,2063,306,2369
2026-03-31,월촌초등학교앞,1881,487,2368
2026-03-31,장성초등학교앞,710,1652,2362
2026-03-31,성지중학교건너,1698,663,2361
2026-03-31,신매역(7번출구),1866,495,2361
2026-03-31,황금시장앞,2243,117,2360
2026-03-31,서재문화체육센터건너,1844,514,2358
2026-03-31,서재들건너,266,2091,2357
2026-03-31,서부정류장역북편1,1212,1143,2355
2026-03-31,수성알파시티1,1503,850,2353
2026-03-31,연경천년나무1단지앞,2303,49,2352
2026-03-31,금복주건너,1680,666,2346
2026-03-31,대구중앙중학교건너,2262,83,2345
2026-03-31,청라국민체육센터건너,1611,731,2342
2026-03-31,칠곡중학교건너(칠곡향교건너),840,1500,2340
2026-03-31,태왕그린힐즈앞2,2308,29,2337
2026-03-31,황금2동치안센터건너,1194,1140,2334
2026-03-31,현충삼거리2,2250,83,2333
2026-03-31,삼성물류센터앞,69,2260,2329
2026-03-31,노원네거리(대구은행앞),2120,200,2320
2026-03-31,학남고등학교건너,1853,467,2320
2026-03-31,동촌해성아파트앞,1024,1287,2311
2026-03-31,보병50사단앞,2007,303,2310
2026-03-31,성서국민체육센터앞,1619,691,2310
2026-03-31,대구경북지방병무청,1531,777,2308
2026-03-31,화원농협주유소건너,1625,683,2308
2026-03-31,미대동1,2225,80,2305
2026-03-31,대청초등학교건너,324,1980,2304
2026-03-31,수성알파시티청아람앞,1699,600,2299
2026-03-31,덕원고등학교앞2,2173,124,2297
2026-03-31,동인네거리2,952,1345,2297
2026-03-31,칠곡한신아파트건너,1829,461,2290
2026-03-31,구암가구골목1,1330,957,2287
2026-03-31,월배국민체육센터앞,2096,183,2279
2026-03-31,새범어아파트앞,1902,376,2278
2026-03-31,유림물산,1707,570,2277
2026-03-31,율하선수촌2단지앞,2091,184,2275
2026-03-31,구지면행정복지센터건너,2204,70,2274
2026-03-31,산림조합중앙회앞,1387,887,2274
2026-03-31,학산아파트앞,1523,746,2269
2026-03-31,사월보성2차앞,1963,305,2268
2026-03-31,연경천년나무1단지건너,1912,353,2265
2026-03-31,평리3동행정복지센터건너,2014,244,2258
2026-03-31,노원네거리3(기업은행),2192,61,2253
2026-03-31,대명6동행정복지센터건너,1766,487,2253
2026-03-31,시민교회앞,1335,913,2248
2026-03-31,화성센트럴파크,1440,807,2247
2026-03-31,가창중학교건너,2225,21,2246
2026-03-31,상동가압장건너,1899,347,2246
2026-03-31,상수도사업본부시설관리소앞,1139,1098,2237
2026-03-31,영남네오빌앞,1569,668,2237
2026-03-31,서구문화회관건너,1242,990,2232
2026-03-31,대구혁신에듀포레아파트건너,1919,306,2225
2026-03-31,안심주공2단지앞,187,2033,2220
2026-03-31,진월초등학교앞,1102,1109,2211
2026-03-31,성서보성타운2차건너2,1958,244,2202
2026-03-31,이진캐스빌앞,1255,942,2197
2026-03-31,함지초등학교건너,1460,736,2196
2026-03-31,명산교(화성명산타운건너),2021,169,2190
2026-03-31,대천119안전센터건너,2089,96,2185
2026-03-31,서부고등학교건너,1722,463,2185
2026-03-31,유통단지회차지,1868,317,2185
2026-03-31,보병50사단건너,1213,971,2184
2026-03-31,상리동종점3,1951,232,2183
2026-03-31,중동교2,1453,728,2181
2026-03-31,범어2동1,528,1651,2179
2026-03-31,칠곡한라타운건너,2119,59,2178
2026-03-31,상서고등학교건너,1942,234,2176
2026-03-31,그린빌4단지,692,1482,2174
2026-03-31,중앙일보건너,1126,1042,2168
2026-03-31,남구종합스포츠타운건너,1542,623,2165
2026-03-31,대구스마트고등학교건너,1568,595,2163
2026-03-31,유천동행정복지센터건너,1769,391,2160
2026-03-31,평리6동행정복지센터건너,1458,702,2160
2026-03-31,매천고교,1996,163,2159
2026-03-31,새론초등학교앞,1345,813,2158
2026-03-31,지산우방아파트,1835,316,2151
2026-03-31,도시철도수성구청역북편2,1941,208,2149
2026-03-31,만촌1동 느지안전마을,828,1317,2145
2026-03-31,수목원풍경그린아파트건너,746,1397,2143
2026-03-31,현풍농협,1948,195,2143
2026-03-31,경명여고건너,1711,427,2138
2026-03-31,대봉1동행정복지센터앞,1242,895,2137
2026-03-31,청구시장북편,1427,702,2129
2026-03-31,금호서한이다음아파트건너,1886,242,2128
2026-03-31,율원중학교앞,1685,438,2123
2026-03-31,은하타운건너,833,1285,2118
2026-03-31,칠곡그린빌6단지앞,1813,299,2112
2026-03-31,중리시장건너1,1600,509,2109
2026-03-31,침산쌍용예가아파트앞,1522,584,2106
2026-03-31,한국산업은행성서지점건너,569,1531,2100
2026-03-31,농협중앙회중동지점건너,1951,143,2094
2026-03-31,동대구초등학교건너,1521,563,2084
2026-03-31,성광고등학교앞,407,1677,2084
2026-03-31,금호천년나무1단지동편건너,65,2012,2077
2026-03-31,경운초등학교건너,1422,643,2065
2026-03-31,대명9동행정복지센터앞,1274,784,2058
2026-03-31,매천시장지하차도,1119,929,2048
2026-03-31,상동교2,1508,540,2048
2026-03-31,강북중학교건너,769,1278,2047
2026-03-31,상수도중남부사업소건너,1232,812,2044
2026-03-31,들안길네거리2,813,1221,2034
2026-03-31,연암네거리3,120,1909,2029
2026-03-31,서부정류장(우리은행),1185,840,2025
2026-03-31,명곡미래빌5단지앞,1436,587,2023
2026-03-31,이마트반야월점앞,1586,436,2022
2026-03-31,푸드웰건너,1999,23,2022
2026-03-31,상인청구타운앞,1457,559,2016
2026-03-31,새방지하도1,1731,279,2010
2026-03-31,평리광명맨션앞,740,1270,2010
2026-03-31,교항리앞,941,1066,2007
2026-03-31,동원비즈플랫폼앞,1695,312,2007
2026-03-31,송정삼거리4,1380,627,2007
2026-03-31,동화골든빌건너(남편),1149,854,2003
2026-03-31,대주기계앞,1942,57,1999
2026-03-31,동서아파트앞,1553,445,1998
2026-03-31,솔렌스힐앞,1394,601,1995
2026-03-31,월배중학교건너,1066,928,1994
2026-03-31,옥포미진이지비아,1902,91,1993
2026-03-31,무태조야동행정복지센터앞3,1462,530,1992
2026-03-31,들안길네거리3,981,998,1979
2026-03-31,장기초등학교,1470,489,1959
2026-03-31,화원신일해피트리앞,1255,704,1959
2026-03-31,나불지앞,1325,626,1951
2026-03-31,혁신이노힐즈아파트앞,1828,122,1950
2026-03-31,대구경찰청건너,564,1381,1945
2026-03-31,신매역(3번출구),736,1205,1941
2026-03-31,대실역청아람1단지앞,1754,182,1936
2026-03-31,경대교앞,371,1557,1928
2026-03-31,현풍할매곰탕,1603,324,1927
2026-03-31,한국산업은행성서지점앞,1880,39,1919
2026-03-31,농산물도매시장앞,1762,155,1917
2026-03-31,서부고등학교앞,1777,140,1917
2026-03-31,새론중학교건너,1266,648,1914
2026-03-31,청라언덕(신남)역(2번출구),1314,599,1913
2026-03-31,칠곡3차보성타운앞,1884,27,1911
2026-03-31,명곡미래빌3단지앞,1826,84,1910
2026-03-31,미곡동2,1850,56,1906
2026-03-31,대구삼성창조캠퍼스2,690,1215,1905
2026-03-31,수성구선거관리위원회건너,1377,526,1903
2026-03-31,미8군후문건너,1257,645,1902
2026-03-31,서대구KTX영무예다음앞,738,1155,1893
2026-03-31,서한이다음4차건너,1766,123,1889
2026-03-31,노변중학교건너,1462,426,1888
2026-03-31,유신섬유네거리2,1761,127,1888
2026-03-31,성서우방유쉘아파트앞,1259,626,1885
2026-03-31,롯데캐슬그랜드,892,992,1884
2026-03-31,신암보성아파트앞,719,1165,1884
2026-03-31,월배쌍용예가건너,1777,104,1881
2026-03-31,매천센트럴파크앞,1630,246,1876
2026-03-31,영남네오빌비스타,627,1244,1871
2026-03-31,구암초등학교건너,1494,375,1869
2026-03-31,진월초등학교건너,1342,526,1868
2026-03-31,두산스포츠건너,1608,256,1864
2026-03-31,금복주앞,1263,596,1859
2026-03-31,덕인초등학교건너,1226,625,1851
2026-03-31,불교한방병원앞1,1698,153,1851
2026-03-31,한국방송통신대학교건너,1438,410,1848
2026-03-31,효목1동행정복지센터,1088,755,1843
2026-03-31,금계초등학교(교항리)건너,1828,14,1842
2026-03-31,역사테마공원,1826,11,1837
2026-03-31,인터불고호텔앞,1260,573,1833
2026-03-31,서동초등학교건너,1574,252,1826
2026-03-31,구암역(운전면허시험장)2,1292,530,1822
2026-03-31,원불교앞,920,900,1820
2026-03-31,상동시장앞,1342,475,1817
2026-03-31,호반베르디움2차건너,1787,30,1817
2026-03-31,산격4동행정복지센터건너,1553,263,1816
2026-03-31,유니온머티리얼,1618,196,1814
2026-03-31,대천공영차고지앞,1643,169,1812
2026-03-31,도남힐스테이트2단지건너,1729,81,1810
2026-03-31,성원아파트건너,1518,280,1798
2026-03-31,월촌초등학교건너,1046,752,1798
2026-03-31,구지119안전센터건너,1612,185,1797
2026-03-31,북대구초등학교건너,1704,93,1797
2026-03-31,대구IM뱅크PARK남편건너,1340,452,1792
2026-03-31,달구벌종합복지관앞,1480,311,1791
2026-03-31,경희강재앞,1657,131,1788
2026-03-31,노변중학교,1347,441,1788
2026-03-31,신암건영캐스빌아파트,1639,149,1788
2026-03-31,대구미술관(대구간송미술관)건너,959,827,1786
2026-03-31,월배농협대덕지점건너,1188,598,1786
2026-03-31,이편한세상두류역건너,1283,500,1783
2026-03-31,가창초등학교앞,1724,57,1781
2026-03-31,매천성당건너1,1453,322,1775
2026-03-31,대구스마트고등학교4,1747,24,1771
2026-03-31,신평동1,459,1310,1769
2026-03-31,칠곡경북대병원,1442,327,1769
2026-03-31,대덕천주교회4,325,1440,1765
2026-03-31,베네딕도수녀원,769,988,1757
2026-03-31,지산영남맨션앞,1092,663,1755
2026-03-31,월배차량기지앞,1566,171,1737
2026-03-31,현풍고속도로밑,1665,71,1736
2026-03-31,새동네아파트앞,437,1290,1727
2026-03-31,서재보성타운앞,1298,429,1727
2026-03-31,대구연경아이파크아파트앞,969,757,1726
2026-03-31,대봉1동행정복지센터건너,1464,261,1725
2026-03-31,대덕초등학교,1630,93,1723
2026-03-31,동원초등학교후문앞,741,982,1723
2026-03-31,메트로시티앞,1414,308,1722
2026-03-31,불로화훼단지건너,1346,376,1722
2026-03-31,봉덕2동새마을금고건너,1092,622,1714
2026-03-31,수성랜드앞,812,898,1710
2026-03-31,LH14단지아파트,1408,299,1707
2026-03-31,남도버스1,1661,46,1707
2026-03-31,대구IM뱅크PARK남편앞,1315,391,1706
2026-03-31,건들바위앞,732,972,1704
2026-03-31,룸비니유치원앞,1137,562,1699
2026-03-31,미래아트빌앞,822,867,1689
2026-03-31,달성보건너,1311,376,1687
2026-03-31,명곡미래빌4단지,1614,73,1687
2026-03-31,심인고등학교건너,1484,197,1681
2026-03-31,팔공보성아파트건너,1058,622,1680
2026-03-31,화남초등학교건너,1167,513,1680
2026-03-31,국민연금네거리2,1398,276,1674
2026-03-31,칠곡경북대병원정문앞,1154,517,1671
2026-03-31,화동초등학교건너,1252,417,1669
2026-03-31,동원초등학교건너,970,698,1668
2026-03-31,새범어아파트건너,1265,402,1667
2026-03-31,두류3동파출소건너,1468,197,1665
2026-03-31,백사벌네거리1,1640,25,1665
2026-03-31,새방지하도2,1475,187,1662
2026-03-31,파군재삼거리2,274,1385,1659
2026-03-31,고성아파트앞,1196,454,1650
2026-03-31,그린빌4단지건너,1496,152,1648
2026-03-31,동문고등학교앞,1282,366,1648
2026-03-31,경북크랑크,1515,131,1646
2026-03-31,대덕문화전당건너,1503,141,1644
2026-03-31,평리네거리3,930,713,1643
2026-03-31,e-편한세상월배건너,1544,97,1641
2026-03-31,매천중고등학교건너,52,1589,1641
2026-03-31,불로화훼단지앞,379,1261,1640
2026-03-31,매천성당건너2,1224,412,1636
2026-03-31,현풍중고등학교건너,1424,206,1630
2026-03-31,신성교,299,1329,1628
2026-03-31,송현2동행정복지센터건너,1298,326,1624
2026-03-31,충혼탑앞,388,1231,1619
2026-03-31,평리5동행정복지센터건너,509,1109,1618
2026-03-31,동화사입구앞,81,1534,1615
2026-03-31,한마음주유소앞,1346,268,1614
2026-03-31,태왕그린힐즈건너,651,962,1613
2026-03-31,동호동건너(북구),479,1131,1610
2026-03-31,대구제1.2예비군훈련장건너,1347,261,1608
2026-03-31,양지마을건너,1034,574,1608
2026-03-31,호반베르디움2차앞,205,1401,1606
2026-03-31,수목원호정포레스트아파트앞,506,1087,1593
2026-03-31,현풍백년도깨비시장앞,1326,265,1591
2026-03-31,대구물류터미널앞,1371,216,1587
2026-03-31,현대금속,726,855,1581
2026-03-31,만촌화성파크스위트앞,1003,571,1574
2026-03-31,대구혁신에듀포레아파트후문앞,784,787,1571
2026-03-31,옥포농협강림지점건너,833,735,1568
2026-03-31,칠곡네스빌,1355,213,1568
2026-03-31,정평성당건너,1312,249,1561
2026-03-31,다사농협주유소건너,63,1497,1560
2026-03-31,수성구선거관리위원회앞,1342,218,1560
2026-03-31,남부자동차종합시장앞,1126,431,1557
2026-03-31,와룡공원앞,1049,505,1554
2026-03-31,차천네거리2,1442,110,1552
2026-03-31,명보약국건너,1293,258,1551
2026-03-31,범어천로2,871,678,1549
2026-03-31,금사리하이빌APT건너,1385,163,1548
2026-03-31,이월드(구.우방랜드)건너,1260,286,1546
2026-03-31,중소기업관앞,1402,141,1543
2026-03-31,시지대성유니드건너,1383,157,1540
2026-03-31,법원어린이집,479,1058,1537
2026-03-31,무태조야동연경분소2,1175,360,1535
2026-03-31,동원초등학교후문건너,1228,306,1534
2026-03-31,사복동입구교차로,1294,239,1533
2026-03-31,복현현대맨션앞,1283,249,1532
2026-03-31,구암가구골목2,1031,500,1531
2026-03-31,만촌우방1차앞,507,1023,1530
2026-03-31,성곡중학교건너,803,726,1529
2026-03-31,달성경찰서,1238,290,1528
2026-03-31,월배중학교앞,673,855,1528
2026-03-31,만촌태왕리더스건너,1131,394,1525
2026-03-31,논공읍행정복지센터건너1,1299,224,1523
2026-03-31,남부도서관앞,409,1113,1522
2026-03-31,비산6동행정복지센터건너,424,1095,1519
2026-03-31,무태조야동연경분소1,1339,177,1516
2026-03-31,달서시장앞,1042,472,1514
2026-03-31,성명119안전센터앞,1303,210,1513
2026-03-31,한마음주유소건너,1146,364,1510
2026-03-31,관음농협앞,1348,161,1509
2026-03-31,범어2동2,1243,266,1509
2026-03-31,두리봉터널종점,900,606,1506
2026-03-31,대구미술관(대구간송미술관)앞,983,521,1504
2026-03-31,이현지구대앞,812,687,1499
2026-03-31,봉산가구골목(서편),854,637,1491
2026-03-31,상리공단건너,1346,142,1488
2026-03-31,월드컵삼거리,864,618,1482
2026-03-31,연경동화아이위시앞,118,1359,1477
2026-03-31,남부초등학교건너,1406,68,1474
2026-03-31,농협방촌지점,1242,227,1469
2026-03-31,동화교2,1448,17,1465
2026-03-31,중대1동회관앞,1451,4,1455
2026-03-31,은하타운앞,585,869,1454
2026-03-31,대구삼성창조캠퍼스1,1100,353,1453
2026-03-31,칠곡서한맨션,1290,154,1444
2026-03-31,장관빌라건너,1319,123,1442
2026-03-31,동아제약건너,1391,50,1441
2026-03-31,은행APT입구,514,924,1438
2026-03-31,상리동입구2,1399,38,1437
2026-03-31,월성영남맨션앞,1002,435,1437
2026-03-31,한국방송통신대학교앞,526,908,1434
2026-03-31,대곡주공5단지건너,1302,129,1431
2026-03-31,지산중학교입구,928,498,1426
2026-03-31,포산중학교건너,1412,14,1426
2026-03-31,한라하우젠트,439,983,1422
2026-03-31,동인네거리1,952,467,1419
2026-03-31,상서고등학교앞,1141,274,1415
2026-03-31,태전중석타운,1214,201,1415
2026-03-31,국가산단반도유보라1차,453,960,1413
2026-03-31,대구농업마이스터고후문건너,542,871,1413
2026-03-31,신덕마을입구앞,1341,71,1412
2026-03-31,동대구역센트럴시티자이아파트,1196,213,1409
2026-03-31,달서자동차검사소건너,162,1244,1406
2026-03-31,정부대구지방합동청사후문2,1377,29,1406
2026-03-31,대덕천주교회1,1034,369,1403
2026-03-31,서대구역네거리2,1083,320,1403
2026-03-31,차량등록사업소건너1,983,413,1396
2026-03-31,매천수산시장앞,1261,134,1395
2026-03-31,평리5동행정복지센터앞,992,403,1395
2026-03-31,대구선방촌공원,1285,104,1389
2026-03-31,차량등록사업소건너2,299,1088,1387
2026-03-31,복현현대맨션건너,1183,203,1386
2026-03-31,동대구역수화물취급소건너,1087,295,1382
2026-03-31,미8군후문앞,948,434,1382
2026-03-31,지묘초등학교건너,1096,285,1381
2026-03-31,월배이안아파트건너,1295,84,1379
2026-03-31,수성4가동행정복지센터앞,752,625,1377
2026-03-31,경희강재건너,531,843,1374
2026-03-31,봉촌1리1,1360,9,1369
2026-03-31,매곡초등학교앞,1138,229,1367
2026-03-31,성곡중학교앞,1202,165,1367
2026-03-31,두리봉터널입구건너,1285,81,1366
2026-03-31,혁신이노힐즈아파트건너,350,1016,1366
2026-03-31,군위등기소,1262,102,1364
2026-03-31,LH천년나무2단지앞,1280,83,1363
2026-03-31,국가산단반도유보라3차앞,677,686,1363
2026-03-31,지산화성파크드림,992,368,1360
2026-03-31,대동금속건너,1311,40,1351
2026-03-31,한국산업인력공단건너,1302,48,1350
2026-03-31,전기재료관1,688,661,1349
2026-03-31,매곡초등학교건너,898,444,1342
2026-03-31,범어천로1,985,357,1342
2026-03-31,와룡공원건너,488,854,1342
2026-03-31,중리마을,1338,4,1342
2026-03-31,화성쌍용타운앞2,151,1189,1340
2026-03-31,공산동행정복지센터건너,699,624,1323
2026-03-31,북대구초등학교앞,636,687,1323
2026-03-31,삼호아파트건너,870,453,1323
2026-03-31,남구청건너1,1250,70,1320
2026-03-31,비산웰빙하와이앞,1171,149,1320
2026-03-31,남산고등학교건너,1203,115,1318
2026-03-31,약사회관앞,1127,191,1318
2026-03-31,성명119안전센터건너2,952,361,1313
2026-03-31,만촌태왕리더스북편,780,531,1311
2026-03-31,희망교2,923,385,1308
2026-03-31,그린빌4단지앞,799,507,1306
2026-03-31,달성습지·대명유수지앞,216,1090,1306
2026-03-31,중동행정복지센터건너,971,329,1300
2026-03-31,장태실마을건너,954,345,1299
2026-03-31,중리삼거리2,1293,4,1297
2026-03-31,제일풍경채센트럴앞,1278,17,1295
2026-03-31,도남힐스테이트4단지앞,449,842,1291
2026-03-31,남명삼거리2,836,447,1283
2026-03-31,동대구LPG충전소건너,1017,262,1279
2026-03-31,담티고개2,569,708,1277
2026-03-31,신매태성아파트,91,1186,1277
2026-03-31,대구시지노인전문병원앞,552,722,1274
2026-03-31,용계삼거리4,835,437,1272
2026-03-31,대구스타디움앞,594,676,1270
2026-03-31,도시철도대구역건너,1012,258,1270
2026-03-31,군위군 행정복지센터,1254,15,1269
2026-03-31,대구스타디움건너,827,437,1264
2026-03-31,대구중앙중학교앞,300,964,1264
2026-03-31,송현공원앞,448,816,1264
2026-03-31,무열대앞,686,574,1260
2026-03-31,신평동2,1067,193,1260
2026-03-31,칠곡경북대병원정문건너,1027,229,1256
2026-03-31,봉명네거리3,886,362,1248
2026-03-31,덕인초등학교앞,902,345,1247
2026-03-31,무태교,12,1233,1245
2026-03-31,다사읍행정복지센터서재출장소건너,1192,52,1244
2026-03-31,이월드(구.우방랜드)앞,946,296,1242
2026-03-31,서한이다음2차건너,287,954,1241
2026-03-31,삼산리(삼산교회건너),1237,2,1239
2026-03-31,농산물도매시장건너,1069,169,1238
2026-03-31,월배이안아파트앞,383,854,1237
2026-03-31,두류3동파출소앞,855,375,1230
2026-03-31,냉천전원음식점지구,1098,129,1227
2026-03-31,논공삼거리2,745,479,1224
2026-03-31,담티고개1,382,842,1224
2026-03-31,대구경북지방중소벤처기업청앞,1158,63,1221
2026-03-31,대구신문사,134,1084,1218
2026-03-31,금포초등학교건너,909,304,1213
2026-03-31,경서중학교앞,299,910,1209
2026-03-31,씨아이에스,26,1183,1209
2026-03-31,도동청구타운앞,1107,101,1208
2026-03-31,북부상수도사업소,133,1075,1208
2026-03-31,검단동행정복지센터건너,1165,33,1198
2026-03-31,논공삼거리1,1132,66,1198
2026-03-31,두류공원(야외음악당건너),1012,186,1198
2026-03-31,시지보성타운2차앞,925,271,1196
2026-03-31,예미지건너,1049,145,1194
2026-03-31,무림제지건너,810,381,1191
2026-03-31,청구시장건너2,524,665,1189
2026-03-31,칠곡대백맨션앞,298,890,1188
2026-03-31,더샵수성라크에르아파트앞,873,313,1186
2026-03-31,매곡사거리1,189,996,1185
2026-03-31,칠곡경북대병원후문앞,1176,8,1184
2026-03-31,칠곡서한맨션앞,217,967,1184
2026-03-31,삼보,713,470,1183
2026-03-31,성당초교앞,741,441,1182
2026-03-31,비산초등학교정문,502,678,1180
2026-03-31,유곡공원건너,1173,5,1178
2026-03-31,관음어린이집,1001,176,1177
2026-03-31,달성군청앞,957,219,1176
2026-03-31,대명중학교앞,1093,83,1176
2026-03-31,매천시장역1,846,330,1176
2026-03-31,무태조야동연경분소3,1109,67,1176
2026-03-31,소선여중앞,150,1024,1174
2026-03-31,경창산업,826,341,1167
2026-03-31,동촌역(2번출구),812,353,1165
2026-03-31,이노밸리로2,793,371,1164
2026-03-31,삼리리1(논공),1107,51,1158
2026-03-31,율하체육공원앞,824,333,1157
2026-03-31,교동초등학교앞,919,237,1156
2026-03-31,대곡공원앞,1002,154,1156
2026-03-31,KT북대구지사건너,792,361,1153
2026-03-31,청구중동아파트,400,751,1151
2026-03-31,강창교2(다사방향),271,879,1150
2026-03-31,위생처리장2,141,1008,1149
2026-03-31,화성전문요양원앞,745,403,1148
2026-03-31,앞산빨래터공원,1054,93,1147
2026-03-31,신서롯데캐슬레전드서편건너,33,1105,1138
2026-03-31,청남타운앞,240,898,1138
2026-03-31,한국제지건너,760,376,1136
2026-03-31,대구보건대학교5,823,312,1135
2026-03-31,대구국제고등학교앞,1067,65,1132
2026-03-31,앞산자락카페마실앞,629,501,1130
2026-03-31,희망교1,978,151,1129
2026-03-31,명곡지구앞,597,531,1128
2026-03-31,대천119안전센터앞,827,295,1122
2026-03-31,각산비나리공원건너,956,164,1120
2026-03-31,대구동촌유치원,878,240,1118
2026-03-31,풍국주정공업,958,160,1118
2026-03-31,무림제지앞1,811,305,1116
2026-03-31,침산초등학교앞,286,829,1115
2026-03-31,도남힐스테이트1단지건너,1050,61,1111
2026-03-31,화성그랜드건너,465,645,1110
2026-03-31,화성파크드림이스트밸리아파트,877,233,1110
2026-03-31,관음공영주차장앞,983,125,1108
2026-03-31,보성기계건너,1051,57,1108
2026-03-31,경원고등학교앞,951,156,1107
2026-03-31,신서롯데캐슬레전드서편앞,867,240,1107
2026-03-31,송정2교,97,1006,1103
2026-03-31,태전휴먼시아,906,195,1101
2026-03-31,청운맨션앞,377,723,1100
2026-03-31,세흥에스피,597,501,1098
2026-03-31,선녀곡앞(옥포),67,1027,1094
2026-03-31,강동초교건너,1075,11,1086
2026-03-31,달성습지·대명유수지건너,317,769,1086
2026-03-31,냉천리1,1041,41,1082
2026-03-31,태왕그린힐즈앞1,225,857,1082
2026-03-31,상수도중남부사업소앞,609,472,1081
2026-03-31,칠곡경대병원역,712,367,1079
2026-03-31,경북대학교체육센터건너2,661,417,1078
2026-03-31,성서한샘타운앞,960,117,1077
2026-03-31,나불지건너,918,156,1074
2026-03-31,이곡역(3번출구),345,724,1069
2026-03-31,칠곡3차화성타운3,530,537,1067
2026-03-31,안심도서관1(서편),926,140,1066
2026-03-31,논공읍행정복지센터앞,947,118,1065
2026-03-31,만촌그린빌라건너,976,88,1064
2026-03-31,성서2차서한타운2,276,784,1060
2026-03-31,팔공초중학교건너,648,412,1060
2026-03-31,비슬초등학교건너,1000,56,1056
2026-03-31,남구청앞,368,685,1053
2026-03-31,구지면행정복지센터앞,223,829,1052
2026-03-31,송정삼거리2,169,881,1050
2026-03-31,앞산별자리체험학습장2,82,968,1050
2026-03-31,옥포농협앞,910,132,1042
2026-03-31,대곡중학교앞,1023,17,1040
2026-03-31,안지랑골입구,380,660,1040
2026-03-31,노변청구타운앞,752,284,1036
2026-03-31,장산초등학교앞,841,193,1034
2026-03-31,남산고등학교앞,798,235,1033
2026-03-31,중동행정복지센터앞,828,204,1032
2026-03-31,북대구농협검단지점앞,41,989,1030
2026-03-31,경대교건너,862,165,1027
2026-03-31,차천네거리1,834,192,1026
2026-03-31,우록리(종점),952,73,1025
2026-03-31,두류공원(야외음악당앞),757,265,1022
2026-03-31,한국타이어,127,895,1022
2026-03-31,무태조야동행정복지센터건너3,853,166,1019
2026-03-31,고래들공원건너,956,58,1014
2026-03-31,관음변전소3,952,59,1011
2026-03-31,월배힐스테이트앞,425,586,1011
2026-03-31,수성소방서1,405,603,1008
2026-03-31,금사리하이빌APT앞,622,383,1005
2026-03-31,성요셉요양병원앞,680,320,1000
2026-03-31,칠곡청구타운건너,402,597,999
2026-03-31,대구지방법원서부지원,638,354,992
2026-03-31,대구역꽃시장,248,743,991
2026-03-31,학산아파트건너,835,152,987
2026-03-31,동서변월드메르디앙아파트정문,231,755,986
2026-03-31,동구시장건너,58,926,984
2026-03-31,구암동1,949,28,977
2026-03-31,대구세명학교건너,639,337,976
2026-03-31,노변청구타운건너,661,312,973
2026-03-31,대구혁신에듀포레아파트앞,831,141,972
2026-03-31,매호동서아파트앞,832,140,972
2026-03-31,대구반도체마이스터고등학교 남편,388,580,968
2026-03-31,불교한방병원건너1,455,513,968
2026-03-31,달성군민체육관건너,645,321,966
2026-03-31,중동서울아파트앞,918,47,965
2026-03-31,국가산단서한이다음건너,168,796,964
2026-03-31,달성군청건너,911,52,963
2026-03-31,조암네거리1,768,194,962
2026-03-31,달구벌신협건너,810,148,958
2026-03-31,수성동삼익맨션앞,883,75,958
2026-03-31,월배국민체육센터건너,304,648,952
2026-03-31,인산마을건너,950,0,950
2026-03-31,제일규산,830,119,949
2026-03-31,에코테마파크대구숲남문앞,38,910,948
2026-03-31,화성그랜드앞,686,262,948
2026-03-31,한실공원건너,861,86,947
2026-03-31,안심도서관2(서편),417,527,944
2026-03-31,한실공원앞,863,81,944
2026-03-31,e편한세상대구금호앞,270,672,942
2026-03-31,포산고등학교2,742,200,942
2026-03-31,수성못오거리5,480,461,941
2026-03-31,경원고등학교건너,690,249,939
2026-03-31,솔정고개1,432,505,937
2026-03-31,성보교통앞,858,77,935
2026-03-31,달성삼환나우빌앞,809,124,933
2026-03-31,대구제1.2예비군훈련장앞,692,241,933
2026-03-31,대곡주공5단지앞,229,702,931
2026-03-31,대구택시협동조합앞,657,274,931
2026-03-31,공산댐건너,866,64,930
2026-03-31,노원동화타운건너,479,451,930
2026-03-31,본리2,758,172,930
2026-03-31,우방신세계타운앞,708,221,929
2026-03-31,이마트반야월점건너,556,373,929
2026-03-31,봉무공원건너,550,377,927
2026-03-31,럭키아파트앞,849,76,925
2026-03-31,관음동행정복지센터앞,801,123,924
2026-03-31,학남초등학교앞,721,202,923
2026-03-31,수성요양병원,764,157,921
2026-03-31,대구북부소방서건너,654,262,916
2026-03-31,칠곡우방타운건너(종점),715,199,914
2026-03-31,효령문화센터,892,21,913
2026-03-31,홍천사건너,887,25,912
2026-03-31,포산서사거리1,869,42,911
2026-03-31,침산초등학교후문,797,111,908
2026-03-31,매천화성파크드림,737,170,907
2026-03-31,교대부설초등학교앞,76,828,904
2026-03-31,영조아파트앞,893,10,903
2026-03-31,우방송현하이츠,737,165,902
2026-03-31,유신섬유네거리1,748,153,901
2026-03-31,범물2동행정복지센터앞,85,815,900
2026-03-31,성보교통건너,688,211,899
2026-03-31,청남타운건너,672,227,899
2026-03-31,관음변전소2,144,750,894
2026-03-31,관음중학교(북편),722,167,889
2026-03-31,부영7단지건너,730,158,888
2026-03-31,포산고등학교1,719,168,887
2026-03-31,골안골지하보도앞,78,794,872
2026-03-31,상리동종점2,854,12,866
2026-03-31,사복동입구교차로건너,18,847,865
2026-03-31,대구물류터미널건너,399,464,863
2026-03-31,대덕마을앞,392,469,861
2026-03-31,현풍삼거리,766,95,861
2026-03-31,대천초등학교앞,755,103,858
2026-03-31,매천수산시장건너,690,168,858
2026-03-31,대곡고등학교앞,406,448,854
2026-03-31,대구택시협동조합건너,524,330,854
2026-03-31,대주기계 건너,404,445,849
2026-03-31,스파밸리1,160,688,848
2026-03-31,도시철도대구역,272,574,846
2026-03-31,첨단의료산업진흥재단건너,746,99,845
2026-03-31,용계동2,581,261,842
2026-03-31,만평네거리2,80,758,838
2026-03-31,남부초등학교앞,541,296,837
2026-03-31,평안,634,201,835
2026-03-31,태전두성3차앞,806,28,834
2026-03-31,대1리용흥지건너,789,44,833
2026-03-31,대진중고등학교앞,700,132,832
2026-03-31,서대구공단네거리1,672,158,830
2026-03-31,매호성당앞,709,118,827
2026-03-31,원대오거리북편2,495,332,827
2026-03-31,침산동화타운앞,351,473,824
2026-03-31,두류파출소건너,572,251,823
2026-03-31,농협동촌지점,558,264,822
2026-03-31,예미지앞,730,92,822
2026-03-31,창평1리,813,9,822
2026-03-31,관음동행정복지센터건너,695,118,813
2026-03-31,이노밸리로1,541,268,809
2026-03-31,국민건강보험공단달성고령지사건너,712,95,807
2026-03-31,방촌빌라,236,567,803
2026-03-31,신천초등학교건너,390,407,797
2026-03-31,에코테마파크대구숲앞,446,350,796
2026-03-31,신서성당앞,20,775,795
2026-03-31,연화리,775,19,794
2026-03-31,이곡역(2번출구),763,28,791
2026-03-31,성서푸른마을아파트앞,527,263,790
2026-03-31,매호성당건너,642,146,788
2026-03-31,진정마을1,781,3,784
2026-03-31,운암지공원2,584,198,782
2026-03-31,덕곡삼거리2,775,3,778
2026-03-31,우보버스정류장,711,67,778
2026-03-31,남구청네거리2,646,131,777
2026-03-31,현풍주공아파트앞,559,218,777
2026-03-31,수성랜드건너,523,251,774
2026-03-31,북구 동호동(종점)2(서리지입구),681,92,773
2026-03-31,화동초등학교앞,570,202,772
2026-03-31,성요셉요양병원건너,668,103,771
2026-03-31,동촌해성아파트건너,290,480,770
2026-03-31,삼산리(세왕교통1),765,3,768
2026-03-31,지묘초등학교앞,596,169,765
2026-03-31,달성군선거관리위원회앞,59,704,763
2026-03-31,동호초등학교건너,674,85,759
2026-03-31,죽곡푸르지오2단지2,583,175,758
2026-03-31,월곡네거리,148,608,756
2026-03-31,두류파출소앞,472,281,753
2026-03-31,대1리용흥지앞,112,640,752
2026-03-31,약사회관건너,436,312,748
2026-03-31,매천시장역2,606,139,745
2026-03-31,칠성시장(농협앞),565,178,743
2026-03-31,비산6동행정복지센터앞,598,143,741
2026-03-31,대곡청구아파트앞,495,244,739
2026-03-31,달성초등학교건너,439,297,736
2026-03-31,백안교2,690,46,736
2026-03-31,월촌역(4번출구),561,175,736
2026-03-31,LH천년나무2단지건너,514,220,734
2026-03-31,성서초등학교앞,9,724,733
2026-03-31,첨단임상시험센터앞,224,507,731
2026-03-31,안심역코오롱하늘채앞,97,633,730
2026-03-31,구지축구장앞,719,10,729
2026-03-31,평리광명네거리,127,602,729
2026-03-31,월배차량기지건너,218,508,726
2026-03-31,첨단의료산업진흥재단앞,160,566,726
2026-03-31,칠곡한라타운앞,55,671,726
2026-03-31,동곡초등학교건너,712,10,722
2026-03-31,전기재료관2,114,608,722
2026-03-31,다사읍행정복지센터앞,233,486,719
2026-03-31,대구상원초등학교앞,566,150,716
2026-03-31,도남힐스테이트2단지앞,446,268,714
2026-03-31,중소기업관건너,19,695,714
2026-03-31,남산2동행정복지센터앞,562,146,708
2026-03-31,한국도로공사건너,169,539,708
2026-03-31,삼성한국형아파트건너,683,23,706
2026-03-31,기업은행국가산단지점건너,682,20,702
2026-03-31,황금시장건너,440,260,700
2026-03-31,도평동입구1,523,175,698
2026-03-31,신서그린빌아파트,576,122,698
2026-03-31,옥포중앙교회건너,691,7,698
2026-03-31,공작한양아파트앞,659,37,696
2026-03-31,화원유원지건너,669,25,694
2026-03-31,코스모스한양아파트앞,411,282,693
2026-03-31,도학동,676,15,691
2026-03-31,비원지구대건너,523,168,691
2026-03-31,위천삼거리(현풍방향),549,142,691
2026-03-31,상동마을(둔산길),669,18,687
2026-03-31,태전교회앞,539,147,686
2026-03-31,경북농업기술원입구,611,74,685
2026-03-31,부영7단지앞,615,70,685
2026-03-31,송현공원건너,210,474,684
2026-03-31,대림생수,660,22,682
2026-03-31,위천1리건너,538,142,680
2026-03-31,대진중고등학교건너,481,197,678
2026-03-31,대구텍건너,441,236,677
2026-03-31,성산초등학교앞,452,225,677
2026-03-31,명보약국앞,194,481,675
2026-03-31,칠성고가도로하단,574,99,673
2026-03-31,한국가스공사건너,515,156,671
2026-03-31,이곡마을2,636,34,670
2026-03-31,도남8,11,657,668
2026-03-31,화성쌍용타운건너,599,69,668
2026-03-31,만촌삼정그린코아건너,645,22,667
2026-03-31,봉덕2동새마을금고앞,368,297,665
2026-03-31,K2관사입구(종점),575,89,664
2026-03-31,신생원건너,15,648,663
2026-03-31,조야초등학교건너,625,38,663
2026-03-31,성주사앞,384,278,662
2026-03-31,신매역(6번출구),554,108,662
2026-03-31,달성초등학교앞,517,144,661
2026-03-31,바른병원건너,392,269,661
2026-03-31,삼성한국형아파트앞,124,537,661
2026-03-31,한세모빌리티앞,376,284,660
2026-03-31,내일교회앞,600,56,656
2026-03-31,서문시장5지구앞,520,134,654
2026-03-31,대구스마트고등학교3,310,343,653
2026-03-31,대구역서희스타힐스앞,239,414,653
2026-03-31,방천리1,31,620,651
2026-03-31,현풍백년도깨비시장건너,452,197,649
2026-03-31,신천초등학교앞,324,324,648
2026-03-31,봉명네거리1,397,250,647
2026-03-31,동천역2,540,106,646
2026-03-31,육상진흥센터앞,375,271,646
2026-03-31,진밭골(종점)2,561,85,646
2026-03-31,관문동행정복지센터 금호분소앞,187,458,645
2026-03-31,파계교,360,285,645
2026-03-31,호산초등학교앞,146,495,641
2026-03-31,한국부동산원앞,361,278,639
2026-03-31,태성맨션건너,163,475,638
2026-03-31,경북농업기술원건너,342,292,634
2026-03-31,도남힐스테이트1단지앞,383,250,633
2026-03-31,서재들,319,310,629
2026-03-31,서대구역네거리1,306,322,628
2026-03-31,상인화성파크드림건너,390,234,624
2026-03-31,새론중학교남편1,474,150,624
2026-03-31,방짜유기박물관건너,620,3,623
2026-03-31,송정삼거리1,407,214,621
2026-03-31,송해공원건너,613,7,620
2026-03-31,대신동광명맨션앞,459,158,617
2026-03-31,부동,587,29,616
2026-03-31,태전육교2,371,245,616
2026-03-31,대곡파출소1,103,512,615
2026-03-31,상인역모아엘가파크뷰아파트앞,122,493,615
2026-03-31,청운맨션건너,323,292,615
2026-03-31,달서구새마을회앞,14,599,613
2026-03-31,대구하이텍고교건너,313,300,613
2026-03-31,연경체육공원건너,204,409,613
2026-03-31,의흥면 행정복지센터,600,13,613
2026-03-31,가창119안전센터,544,68,612
2026-03-31,검단동행정복지센터앞,4,608,612
2026-03-31,교동초등학교건너,504,107,611
2026-03-31,현충삼거리1,62,549,611
2026-03-31,황금고가교네거리,570,41,611
2026-03-31,태전삼성아파트,494,116,610
2026-03-31,선돌교2,501,106,607
2026-03-31,용산역(1번출구),254,350,604
2026-03-31,금포새터길1,591,11,602
2026-03-31,수정맨션앞,434,167,601
2026-03-31,삼리2교차로 1,495,105,600
2026-03-31,성산리2,549,50,599
2026-03-31,앞산궁도장건너,270,329,599
2026-03-31,대성유니드건너,434,163,597
2026-03-31,내동,572,24,596
2026-03-31,1차서한화성타운앞,475,119,594
2026-03-31,장태실마을앞,411,182,593
2026-03-31,심인고등학교앞,324,266,590
2026-03-31,월촌고가교2,533,56,589
2026-03-31,새동네아파트건너,438,150,588
2026-03-31,칠곡IC 1,86,502,588
2026-03-31,한국교육학술정보원앞,68,520,588
2026-03-31,도남7,559,24,583
2026-03-31,수성구리틀야구장앞,468,115,583
2026-03-31,태전우방타운3차아파트,486,95,581
2026-03-31,중마을(갓바위방향),427,153,580
2026-03-31,군위공용버스터미널,551,28,579
2026-03-31,대곡파출소2,385,194,579
2026-03-31,도남LH2단지아파트건너,515,63,578
2026-03-31,금포1교1,541,34,575
2026-03-31,평화씨엠비건너,510,64,574
2026-03-31,삼덕동1,1,572,573
2026-03-31,칠곡경북대병원건너(50사단),230,342,572
2026-03-31,포산고사거리,378,194,572
2026-03-31,대구선방촌공원남편,117,454,571
2026-03-31,봉덕시장건너2,354,216,570
2026-03-31,어린이세상건너2,117,450,567
2026-03-31,창리교차로1,526,40,566
2026-03-31,미곡동1,146,418,564
2026-03-31,팔달초등학교,457,107,564
2026-03-31,한국로봇산업진흥원후문앞,360,204,564
2026-03-31,대구교도소건너,558,5,563
2026-03-31,유곡리공영차고지건너,436,123,559
2026-03-31,동아제약,252,306,558
2026-03-31,금포교,441,111,552
2026-03-31,포산중학교앞,242,310,552
2026-03-31,본리1리동회관건너,380,171,551
2026-03-31,삼환맨션,342,209,551
2026-03-31,(주)성안건너,163,387,550
2026-03-31,원대동행정복지센터건너,406,143,549
2026-03-31,장산초등학교건너,473,71,544
2026-03-31,월배쌍용예가앞,251,292,543
2026-03-31,삼리1리2,501,41,542
2026-03-31,용금공단앞,539,3,542
2026-03-31,도동교1,536,5,541
2026-03-31,상동교1,307,232,539
2026-03-31,국가물산업클러스터앞,491,47,538
2026-03-31,매일신문사건너,279,259,538
2026-03-31,태평상가앞2,92,444,536
2026-03-31,대덕초등학교건너,115,415,530
2026-03-31,위생처리장1,349,181,530
2026-03-31,한국가스공사앞,302,228,530
2026-03-31,다사읍행정복지센터서재출장소앞,271,258,529
2026-03-31,장관빌라앞,187,342,529
2026-03-31,앞산공원관리사무소앞,25,502,527
2026-03-31,육상진흥센터건너,311,216,527
2026-03-31,현풍주공아파트,289,238,527
2026-03-31,아바코앞,459,66,525
2026-03-31,동화교1,59,463,522
2026-03-31,㈜윔스건너,80,439,519
2026-03-31,능성동입구건너,515,4,519
2026-03-31,만촌자이르네앞,475,44,519
2026-03-31,창평1리,353,165,518
2026-03-31,혁신2근린공원,441,77,518
2026-03-31,삼산리(세왕교통2),451,66,517
2026-03-31,군위군청,491,24,515
2026-03-31,삼성공원아파트앞,333,179,512
2026-03-31,용산역(6번출구),52,459,511
2026-03-31,의흥면 행정복지센터,483,28,511
2026-03-31,대동금속앞,322,188,510
2026-03-31,삼우섬유앞,462,47,509
2026-03-31,상동천주교회건너,144,365,509
2026-03-31,덕곡(달구벌고교),496,11,507
2026-03-31,상원리(마을회관)1,503,2,505
2026-03-31,관문동행정복지센터 금호분소 건너,385,118,503
2026-03-31,매곡(종점),341,161,502
2026-03-31,e-편한세상월배앞,221,279,500
2026-03-31,용계동3,208,289,497
2026-03-31,한국산업인력공단앞,24,473,497
2026-03-31,생각을담는정원건너,187,308,495
2026-03-31,운암지공원1,307,188,495
2026-03-31,평화씨엠비앞,190,304,494
2026-03-31,달서별빛캠핑장건너,363,126,489
2026-03-31,협성휴포레강북앞,364,125,489
2026-03-31,노원네거리4(기업은행),61,427,488
2026-03-31,단산리(종점),479,5,484
2026-03-31,만촌천주교회앞,218,264,482
2026-03-31,옥포무지개마을앞,282,199,481
2026-03-31,유곡사거리3,478,2,480
2026-03-31,달성기와건너,250,229,479
2026-03-31,칠곡초등학교건너,42,437,479
2026-03-31,서당마을건너,409,69,478
2026-03-31,노원네거리(대구은행건너),230,247,477
2026-03-31,대구지방기상청,339,136,475
2026-03-31,성동건너,294,181,475
2026-03-31,금호지구종점(시내방향),471,3,474
2026-03-31,대흥동앞,204,270,474
2026-03-31,군위버스터미널건너,50,422,472
2026-03-31,수성구리틀야구장건너,133,339,472
2026-03-31,경주최씨종가(종점),438,32,470
2026-03-31,노곡교(하중도)2,464,5,469
2026-03-31,칠성우방타운,51,418,469
2026-03-31,태전두성타운앞,122,347,469
2026-03-31,두리봉터널입구,349,118,467
2026-03-31,대구경북지방중소벤처기업청건너,289,177,466
2026-03-31,한국생산기술연구원앞,422,43,465
2026-03-31,옥포주유소앞,257,205,462
2026-03-31,이시아폴리스롯데아울렛건너,191,271,462
2026-03-31,금계초등학교(교항리),370,91,461
2026-03-31,산격119안전센터(엑스코),111,350,461
2026-03-31,남문아파트앞,320,140,460
2026-03-31,평화정공앞,273,187,460
2026-03-31,대덕문화전당앞,196,260,456
2026-03-31,대실역(3번출구남쪽),88,368,456
2026-03-31,매여동(동구)저탄장,439,16,455
2026-03-31,문주마을건너,403,52,455
2026-03-31,민들레아파트후문건너,3,452,455
2026-03-31,비원지구대앞,205,250,455
2026-03-31,동대구LPG충전소앞,270,183,453
2026-03-31,현풍운전시험장,413,39,452
2026-03-31,달서교하부 공영주차장,138,311,449
2026-03-31,국립대구과학관앞,337,109,446
2026-03-31,창리교차로2,247,198,445
2026-03-31,대율1리,435,8,443
2026-03-31,매천대교1,219,224,443
2026-03-31,조암네거리2,171,272,443
2026-03-31,대구혁신LH4단지아파트,364,78,442
2026-03-31,국가물산업클러스터건너,9,431,440
2026-03-31,대서초등학교앞,264,176,440
2026-03-31,신당리,418,19,437
2026-03-31,대구학생수련관입구건너,425,10,435
2026-03-31,대명중학교건너,72,362,434
2026-03-31,성서공단물류센터,391,43,434
2026-03-31,한국제지앞,114,319,433
2026-03-31,서한이다음4차앞,121,310,431
2026-03-31,한양수정아파트,306,125,431
2026-03-31,효령면 행정복지센터,301,130,431
2026-03-31,대흥동건너,238,192,430
2026-03-31,삼리리2(논공),277,153,430
2026-03-31,이곡마을건너,103,327,430
2026-03-31,중소기업지원센터,291,135,426
2026-03-31,현풍할매곰탕건너,182,244,426
2026-03-31,에코테마파크대구숲남문건너,305,118,423
2026-03-31,신서화성파크드림아파트,230,190,420
2026-03-31,미대동2,168,251,419
2026-03-31,한양산호아파트건너,173,246,419
2026-03-31,대림생수앞,25,393,418
2026-03-31,럭키아파트건너,138,276,414
2026-03-31,중동서울아파트건너,199,215,414
2026-03-31,도시관리본부앞,246,166,412
2026-03-31,국우초등학교앞,97,314,411
2026-03-31,대구한의대병원역,267,144,411
2026-03-31,동천역1,321,87,408
2026-03-31,성동마을앞,370,38,408
2026-03-31,대동정공,351,54,405
2026-03-31,성서협업단지건너,351,54,405
2026-03-31,앞산태왕아너스건너,31,374,405
2026-03-31,공산초등학교건너,261,140,401
2026-03-31,삼덕동2,343,58,401
2026-03-31,선녀곡건너(옥포),333,68,401
2026-03-31,상인화성파크드림앞,187,213,400
2026-03-31,이곡마을,294,105,399
2026-03-31,달성기와앞,304,93,397
2026-03-31,우방아파트삼거리,200,195,395
2026-03-31,금호119안전센터건너,380,13,393
2026-03-31,동호동앞(북구),61,332,393
2026-03-31,비슬초등학교앞,172,221,393
2026-03-31,푸드웰앞,35,356,391
2026-03-31,태전두성3차건너,115,274,389
2026-03-31,주식회사대동건너,330,58,388
2026-03-31,선돌교1,288,99,387
2026-03-31,율하천5교1,377,9,386
2026-03-31,평리1동행정복지센터건너,283,103,386
2026-03-31,(주)영화앞,385,0,385
2026-03-31,가창중학교앞,62,323,385
2026-03-31,대구국제고등학교건너,267,117,384
2026-03-31,대림육교2,132,252,384
2026-03-31,방촌1동,383,1,384
2026-03-31,창2리마을1,348,36,384
2026-03-31,성서협업단지앞,322,61,383
2026-03-31,칠성시장(농협건너),127,256,383
2026-03-31,협성휴포레강북건너,233,149,382
2026-03-31,범물우방미진하이츠앞,15,364,379
2026-03-31,만촌삼정그린코아앞2,328,50,378
2026-03-31,우방송현하이츠건너,309,68,377
2026-03-31,대천초등학교건너,265,110,375
2026-03-31,서재문화체육센터앞1,19,356,375
2026-03-31,스틸웨이,304,71,375
2026-03-31,아바코건너,160,214,374
2026-03-31,유곡사거리1,369,4,373
2026-03-31,중석타운건너,21,352,373
2026-03-31,남산2동행정복지센터건너,233,139,372
2026-03-31,칠성시장(양친회신협)건너,67,305,372
2026-03-31,공단하수처리장건너,43,328,371
2026-03-31,검단상가아파트앞,369,1,370
2026-03-31,달서아트센터앞,296,72,368
2026-03-31,동화시설집단지구(종점)1,338,30,368
2026-03-31,한서기전건너,302,64,366
2026-03-31,백안삼거리1,156,207,363
2026-03-31,성주사건너,147,215,362
2026-03-31,평광종점,340,22,362
2026-03-31,동화골든빌(북편),249,112,361
2026-03-31,용연사,278,82,360
2026-03-31,정부대구지방합동청사후문1,27,333,360
2026-03-31,측백나무숲건너,359,1,360
2026-03-31,한국지능정보사회진흥원,237,121,358
2026-03-31,국민건강보험공단달성고령지사앞,101,256,357
2026-03-31,정부대구지방합동청사건너,279,78,357
2026-03-31,대실역(2번출구남쪽),254,102,356
2026-03-31,금호화물자동차공영차고지,277,78,355
2026-03-31,대리마을회관건너,349,6,355
2026-03-31,농협중앙회중동지점앞,54,300,354
2026-03-31,옥산정미소,350,1,351
2026-03-31,한국뇌연구원앞,302,49,351
2026-03-31,베어산업앞,297,53,350
2026-03-31,율금초등학교앞,14,334,348
2026-03-31,화전동2,343,5,348
2026-03-31,강동중·고등학교,14,333,347
2026-03-31,부동삼거리,35,312,347
2026-03-31,동양맨션앞,66,280,346
2026-03-31,평화정공건너,98,248,346
2026-03-31,남문시장건너1,236,109,345
2026-03-31,화원유원지입구,99,245,344
2026-03-31,온누리교회,297,46,343
2026-03-31,유통단지회차지2,340,2,342
2026-03-31,달성군민체육관앞,311,28,339
2026-03-31,유가사거리1,238,101,339
2026-03-31,한국한의학연구원앞,25,313,338
2026-03-31,유가사거리2,296,41,337
2026-03-31,조양회관,122,214,336
2026-03-31,도시관리본부건너,284,51,335
2026-03-31,팔현마을,281,53,334
2026-03-31,대구일과학고등학교,259,74,333
2026-03-31,소보정류장,314,18,332
2026-03-31,병수리,323,8,331
2026-03-31,월촌고가교1,131,200,331
2026-03-31,앞산자락카페마실건너,258,72,330
2026-03-31,유곡리공영차고지앞,279,49,328
2026-03-31,관음변전소4,257,70,327
2026-03-31,중앙교육연수원앞,44,283,327
2026-03-31,금호지구종점(종점방향),320,4,324
2026-03-31,달성우신미가뷰앞,24,300,324
2026-03-31,청소년수련원건너,269,54,323
2026-03-31,신성중공업앞,321,1,322
2026-03-31,둔산동,321,0,321
2026-03-31,한국클래드텍건너,313,8,321
2026-03-31,새각단건너,164,156,320
2026-03-31,수성월드메르디앙앞,52,268,320
2026-03-31,성림첨단산업앞,246,72,318
2026-03-31,내일교회건너,256,61,317
2026-03-31,고래들공원앞,176,140,316
2026-03-31,금호119안전센터앞,43,273,316
2026-03-31,㈜윔스앞,270,45,315
2026-03-31,칠성시장(양친회신협),198,117,315
2026-03-31,주식회사대동앞,181,133,314
2026-03-31,새론중학교남편2,270,43,313
2026-03-31,시지우방하이츠앞,230,83,313
2026-03-31,유천초등학교앞,259,54,313
2026-03-31,베어산업건너,247,62,309
2026-03-31,한세모빌리티건너,41,267,308
2026-03-31,한국로봇산업진흥원후문건너,139,168,307
2026-03-31,보람타운건너,73,233,306
2026-03-31,성동탱자나무마을앞,115,191,306
2026-03-31,1차서한화성타운건너,190,114,304
2026-03-31,경북농업기술원앞,82,222,304
2026-03-31,구둔산,292,11,303
2026-03-31,구암동2,86,217,303
2026-03-31,앞산공원관리사무소건너,269,34,303
2026-03-31,코스모스한양아파트건너,184,118,302
2026-03-31,대구지료재생사,142,159,301
2026-03-31,만촌체육공원,189,112,301
2026-03-31,무림제지앞2,69,232,301
2026-03-31,옥분리마을회관앞,300,1,301
2026-03-31,조양회관건너,156,145,301
2026-03-31,담안마을2,298,1,299
2026-03-31,장군리,292,6,298
2026-03-31,해안공영주차장북편,297,1,298
2026-03-31,숙천초교앞,27,269,296
2026-03-31,동곡치안센터앞,47,248,295
2026-03-31,화원삼주타운앞,177,118,295
2026-03-31,NH농협혁신도시지점건너,10,284,294
2026-03-31,관리공단,222,72,294
2026-03-31,마비정벽화마을(종점),275,19,294
2026-03-31,노사평화의전당앞,135,158,293
2026-03-31,영진산업,270,20,290
2026-03-31,옥포LH천년나무2단지앞,15,275,290
2026-03-31,덕곡동,286,0,286
2026-03-31,삼산리입구건너,283,2,285
2026-03-31,성하리,113,172,285
2026-03-31,달서자동차검사소앞,32,252,284
2026-03-31,칠곡경대병원역건너,134,150,284
2026-03-31,본말(종점),281,2,283
2026-03-31,도남동(종점),275,5,280
2026-03-31,정부대구지방합동청사앞,199,81,280
2026-03-31,국립대구과학관정문건너,260,19,279
2026-03-31,금호기전,222,56,278
2026-03-31,연경체육공원앞,135,143,278
2026-03-31,군위공용버스터미널,270,5,275
2026-03-31,진밭골(종점)1,258,16,274
2026-03-31,달서중고등학교건너,263,9,272
2026-03-31,지산2길입구,257,15,272
2026-03-31,한서기전앞,242,30,272
2026-03-31,효림엑스이,181,89,270
2026-03-31,대덕승마장건너,200,67,267
2026-03-31,월배아이파크1차앞,135,132,267
2026-03-31,문양기지창건너,41,223,264
2026-03-31,볼보트럭대구사업소건너,174,90,264
2026-03-31,섬뜸마을,263,1,264
2026-03-31,중리삼거리1,30,234,264
2026-03-31,반송리,244,19,263
2026-03-31,공작한양아파트건너,174,88,262
2026-03-31,연경동종점1,170,92,262
2026-03-31,세천리3,226,35,261
2026-03-31,혜성정공,207,54,261
2026-03-31,노곡교(하중도)1,40,220,260
2026-03-31,대리,258,2,260
2026-03-31,금구1리,64,195,259
2026-03-31,하빈면행정복지센터건너,259,0,259
2026-03-31,하빈농협동곡지점2,251,7,258
2026-03-31,태전우방타운1차,186,71,257
2026-03-31,안심고가교하부1,47,209,256
2026-03-31,안심교(경산방향),152,103,255
2026-03-31,동호마을건너,206,47,253
2026-03-31,안심뉴타운1,230,23,253
2026-03-31,일심제약,194,59,253
2026-03-31,대곡청구아파트건너,13,239,252
2026-03-31,대호분체산업,184,68,252
2026-03-31,장기영남네오빌,143,109,252
2026-03-31,옥분리(구진터),245,4,249
2026-03-31,성바울로성당앞,127,120,247
2026-03-31,탱리마을건너,246,1,247
2026-03-31,백송온천호텔건너,235,11,246
2026-03-31,성림첨단산업건너,214,31,245
2026-03-31,영풍열처리앞,228,17,245
2026-03-31,달성보앞,204,40,244
2026-03-31,동성에스티에스앞,161,83,244
2026-03-31,한걸마을건너,242,2,244
2026-03-31,대구학생문화센터,70,170,240
2026-03-31,부동농협,235,5,240
2026-03-31,갈실마을회관종점,234,4,238
2026-03-31,본리1리동회관앞,47,191,238
2026-03-31,가창초등학교건너2,146,91,237
2026-03-31,덴티스앞,178,58,236
2026-03-31,대곡중학교건너,18,216,234
2026-03-31,진흔건설기계공업,190,43,233
2026-03-31,태전육교1,75,158,233
2026-03-31,정대2리마을회관건너,231,0,231
2026-03-31,갓골건너,230,0,230
2026-03-31,강정보(디아크문화관)입구,225,5,230
2026-03-31,세천북로2,182,48,230
2026-03-31,도평동입구2,140,89,229
2026-03-31,본리1리,176,53,229
2026-03-31,삼리1리1,106,123,229
2026-03-31,신기리2,162,67,229
2026-03-31,(구)현풍시외버스터미널,179,49,228
2026-03-31,탱리마을앞,55,173,228
2026-03-31,홍천사입구,62,165,227
2026-03-31,화원신일해피트리건너,75,152,227
2026-03-31,덕곡삼거리1,25,201,226
2026-03-31,성동마을건너,80,146,226
2026-03-31,달성소방서앞,62,163,225
2026-03-31,동성에스티에스건너,200,24,224
2026-03-31,동호공영차고지앞,218,3,221
2026-03-31,한국생산기술연구원건너,171,50,221
2026-03-31,군위농협 소보지점,192,27,219
2026-03-31,하빈초등학교앞,217,2,219
2026-03-31,금포교2,95,123,218
2026-03-31,숙천초교건너,102,116,218
2026-03-31,연경대광로제비앙앞,19,199,218
2026-03-31,해안동행정복지센터,152,66,218
2026-03-31,행정리(한천서원),217,0,217
2026-03-31,달성산업단지건너,135,81,216
2026-03-31,한국부동산원앞2,123,93,216
2026-03-31,앞산보성타운건너,13,202,215
2026-03-31,세천고개2,164,48,212
2026-03-31,제일정공,162,49,211
2026-03-31,경상북도인재개발원1,11,199,210
2026-03-31,달성취수장건너,30,176,206
2026-03-31,당동마을건너,206,0,206
2026-03-31,대구지식산업센터앞,40,166,206
2026-03-31,만촌삼정그린코아앞,29,177,206
2026-03-31,냉천리2,15,190,205
2026-03-31,하빈농협건너,205,0,205
2026-03-31,이곡양수장건너,133,71,204
2026-03-31,한국타이어건너,122,81,203
2026-03-31,희성전자건너,112,91,203
2026-03-31,달성군선거관리위원회건너,95,107,202
2026-03-31,칡골마을건너,202,0,202
2026-03-31,금호천년나무8단지앞,51,150,201
2026-03-31,석굴암IC교아래,191,10,201
2026-03-31,장기파랑새마을앞,112,89,201
2026-03-31,정대숲,200,1,201
2026-03-31,고모역건너,141,59,200
2026-03-31,대구우편집중국(동편),164,36,200
2026-03-31,세천고개1,147,52,199
2026-03-31,녹동서원건너,197,0,197
2026-03-31,방짜유기박물관앞,19,177,196
2026-03-31,삼익THK앞,122,74,196
2026-03-31,예현2리마을회관,179,17,196
2026-03-31,앞산빨래터공원2,105,90,195
2026-03-31,골안골,54,140,194
2026-03-31,동곡1리1,194,0,194
2026-03-31,내동건너,15,178,193
2026-03-31,보성기계앞,3,189,192
2026-03-31,서영기공건너,192,0,192
2026-03-31,세천리2,157,35,192
2026-03-31,화성전문요양원건너,76,116,192
2026-03-31,화원본리1교1,191,1,192
2026-03-31,매천역3,51,140,191
2026-03-31,상리동종점,11,180,191
2026-03-31,가천동건너,181,9,190
2026-03-31,볼보트럭대구사업소앞,147,43,190
2026-03-31,호산초등학교건너,143,47,190
2026-03-31,고봉리,187,2,189
2026-03-31,희성전자앞,117,71,188
2026-03-31,신무동1,187,0,187
2026-03-31,공산파출소,18,168,186
2026-03-31,다사주공아파트건너,185,1,186
2026-03-31,대흥리,186,0,186
2026-03-31,논공읍행정복지센터건너2,61,124,185
2026-03-31,금구2리,175,9,184
2026-03-31,노이2리앞,173,11,184
2026-03-31,석굴암IC교아래,101,83,184
2026-03-31,부동(종점),165,18,183
2026-03-31,장기초등학교앞,2,181,183
2026-03-31,삼산리입구앞,2,180,182
2026-03-31,북구어울아트센터앞,24,156,180
2026-03-31,영조아파트건너,81,98,179
2026-03-31,용계동4,159,16,175
2026-03-31,설화리(종점)2,161,13,174
2026-03-31,신덕마을입구,13,160,173
2026-03-31,팔공산도림사추모공원,126,47,173
2026-03-31,중마을(시내방향),172,0,172
2026-03-31,국우동현대아파트건너,34,137,171
2026-03-31,달성주민건강증진센터,143,28,171
2026-03-31,대구학생수련관입구앞,19,152,171
2026-03-31,성바울로성당건너,68,102,170
2026-03-31,유가농협앞,143,26,169
2026-03-31,유가차천,151,18,169
2026-03-31,당정마을입구건너,164,4,168
2026-03-31,삼산리(삼산교회앞),30,138,168
2026-03-31,공단하수처리장앞,115,52,167
2026-03-31,상리동입구1,9,158,167
2026-03-31,무등1리2,166,0,166
2026-03-31,대구소프트웨어마이스터고등학교앞,162,3,165
2026-03-31,금포1교3,1,163,164
2026-03-31,방천리2,53,111,164
2026-03-31,읍내2리-의흥정류소,151,13,164
2026-03-31,삼산지,162,1,163
2026-03-31,소보시장,155,8,163
2026-03-31,능성동(종점)2,143,18,161
2026-03-31,대평교회건너,160,1,161
2026-03-31,옥포농협,124,37,161
2026-03-31,우록리(자양마을)앞,160,1,161
2026-03-31,서당마을앞,42,118,160
2026-03-31,한정리(한정초교),158,0,158
2026-03-31,기곡(종점),140,17,157
2026-03-31,오2리(음지머구),157,0,157
2026-03-31,대성테크앞,133,22,155
2026-03-31,성동앞,100,53,153
2026-03-31,신당리2,42,111,153
2026-03-31,이천동,130,23,153
2026-03-31,삼국유사면 행정복지센터앞,137,15,152
2026-03-31,용금공단건너,3,148,151
2026-03-31,신덕마을입구건너,117,32,149
2026-03-31,육신사,136,13,149
2026-03-31,군위유통센타앞,125,23,148
2026-03-31,설화명곡역(4번출구),79,69,148
2026-03-31,상원리(전평못식당)1,147,0,147
2026-03-31,서부리,86,61,147
2026-03-31,반송4교앞,145,1,146
2026-03-31,교항2리마을입구,4,140,144
2026-03-31,매천대교2,2,142,144
2026-03-31,생각을담는정원앞,60,84,144
2026-03-31,옥포농협2,55,89,144
2026-03-31,군위국민체육센터,141,1,142
2026-03-31,제일풍경채센트럴건너,43,99,142
2026-03-31,현내1리,142,0,142
2026-03-31,대일1리마을회관건너,94,47,141
2026-03-31,포산서사거리2,43,98,141
2026-03-31,흥성정공건너,122,16,138
2026-03-31,옥포중앙교회앞,46,91,137
2026-03-31,인산마을앞,12,124,136
2026-03-31,백송온천호텔앞,116,19,135
2026-03-31,동북주유소건너,90,44,134
2026-03-31,하빈초등학교건너,12,122,134
2026-03-31,정대리(대구미술광장),133,0,133
2026-03-31,에이스이노텍앞,18,114,132
2026-03-31,하산스무지(종점),125,7,132
2026-03-31,효자강순항나무,131,1,132
2026-03-31,화계1리,130,0,130
2026-03-31,군위군 행정복지센터,32,97,129
2026-03-31,성서4차산업단지앞1,120,9,129
2026-03-31,오리(양지마을),129,0,129
2026-03-31,성동탱자나무마을건너,61,67,128
2026-03-31,성산리1,63,65,128
2026-03-31,죽곡푸르지오2단지1,49,79,128
2026-03-31,하빈농협입구,21,107,128
2026-03-31,흥성정공앞,67,61,128
2026-03-31,덕산마을앞,127,0,127
2026-03-31,창2리마을2,73,54,127
2026-03-31,한걸마을앞,21,105,126
2026-03-31,교항2리회관,103,22,125
2026-03-31,대율2리,116,8,124
2026-03-31,도동청구타운건너,47,77,124
2026-03-31,보훈병원건너,37,87,124
2026-03-31,연경동종점2,122,2,124
2026-03-31,국우동현대아파트건너2,3,120,123
2026-03-31,매골2,119,4,123
2026-03-31,거매리,120,2,122
2026-03-31,팔공학생야영장앞,121,1,122
2026-03-31,한양산호아파트앞,116,5,121
2026-03-31,송정마을2,119,1,120
2026-03-31,군위우체국앞,74,45,119
2026-03-31,대덕승마장앞,30,89,119
2026-03-31,강동초교앞,17,101,118
2026-03-31,두리봉터널종점건너,74,44,118
2026-03-31,무성2.3리,101,17,118
2026-03-31,금구1리,109,8,117
2026-03-31,단산리(송하빌라)1,116,1,117
2026-03-31,대구소프트웨어마이스터고등학교건너,15,101,116
2026-03-31,도의리,110,6,116
2026-03-31,샤니삼거리1,116,0,116
2026-03-31,한국환경공단앞,42,74,116
2026-03-31,아주철강앞,61,54,115
2026-03-31,위천삼거리(논공방향),110,5,115
2026-03-31,문양리1,106,8,114
2026-03-31,연경숲아파트앞,99,15,114
2026-03-31,정대2리(마내미골)종점,105,9,114
2026-03-31,지산2길입구건너,97,17,114
2026-03-31,대구교도소앞,29,84,113
2026-03-31,대구우편집중국건너,6,107,113
2026-03-31,반송리2,98,15,113
2026-03-31,북구 동호동(종점)1,105,8,113
2026-03-31,양지리,113,0,113
2026-03-31,문주마을앞,30,82,112
2026-03-31,아주철강건너,50,62,112
2026-03-31,주2리1,111,1,112
2026-03-31,화산분동건너,110,1,111
2026-03-31,가암1리,109,1,110
2026-03-31,대암1리1,108,2,110
2026-03-31,화본1리 마을회관,109,1,110
2026-03-31,대일1리점촌마을,21,88,109
2026-03-31,가태리마을회관건너,80,28,108
2026-03-31,덕곡(대구선명학교),20,88,108
2026-03-31,하빈우체국건너,106,1,107
2026-03-31,국립대구과학관건너,69,37,106
2026-03-31,솔밭기세길입구,101,5,106
2026-03-31,장군1리,96,10,106
2026-03-31,대평2리,105,0,105
2026-03-31,신기리1,67,38,105
2026-03-31,팔공한마음주유소,1,103,104
2026-03-31,가호1리 마을회관,103,0,103
2026-03-31,이천리(시외방향),103,0,103
2026-03-31,장기초등학교건너,88,14,102
2026-03-31,파전리,102,0,102
2026-03-31,(주)영화건너,4,97,101
2026-03-31,부곡리건너,100,1,101
2026-03-31,한걸고정마을,100,1,101
2026-03-31,한국환경공단건너,64,36,100
2026-03-31,동곡초등학교앞,74,25,99
2026-03-31,박곡리(시내방향),99,0,99
2026-03-31,우록리(숲속전원마을)앞,99,0,99
2026-03-31,유가사(종점),85,14,99
2026-03-31,진정마을2,27,72,99
2026-03-31,도학동1,16,82,98
2026-03-31,영풍열처리건너,50,48,98
2026-03-31,유산리,89,9,98
2026-03-31,음리1,98,0,98
2026-03-31,노이3리1,92,5,97
2026-03-31,다사주공아파트앞,5,92,97
2026-03-31,부남교2,97,0,97
2026-03-31,용대3길,97,0,97
2026-03-31,웃갈미마을건너,93,4,97
2026-03-31,정리,93,4,97
2026-03-31,금포새터길2,4,92,96
2026-03-31,군위병원,93,1,94
2026-03-31,불로리,23,71,94
2026-03-31,상리마을앞,94,0,94
2026-03-31,신성중공업건너,5,89,94
2026-03-31,정대1리(바깥매남),94,0,94
2026-03-31,국립대구과학관정문앞,6,87,93
2026-03-31,칠곡한서타운앞,56,37,93
2026-03-31,삼산리(범동교),85,7,92
2026-03-31,용계동1,6,86,92
2026-03-31,용수동2,92,0,92
2026-03-31,율하천4교2,2,90,92
2026-03-31,대구공고테크노폴리스캠퍼스1,38,53,91
2026-03-31,이화2리,83,8,91
2026-03-31,한국클래드텍앞,4,87,91
2026-03-31,유가차천1,67,23,90
2026-03-31,춘산리(현창),57,33,90
2026-03-31,문양리입구2,4,85,89
2026-03-31,세천리1건너,77,12,89
2026-03-31,신무3교(하행),89,0,89
2026-03-31,감문리(삼실)앞,5,83,88
2026-03-31,달성화석박물관건너,88,0,88
2026-03-31,도동교2,22,66,88
2026-03-31,팔공한마음주유소건너,86,2,88
2026-03-31,병수리,40,47,87
2026-03-31,주1리,14,73,87
2026-03-31,군위군민회관,74,12,86
2026-03-31,가창댐1,19,66,85
2026-03-31,고모역앞,59,26,85
2026-03-31,다사체육공원건너,79,6,85
2026-03-31,대구하이텍고교앞,17,67,84
2026-03-31,달천리(시외방향),78,5,83
2026-03-31,박곡리해랑포앞,58,25,83
2026-03-31,송해공원,31,52,83
2026-03-31,거매리,54,28,82
2026-03-31,복성리,82,0,82
2026-03-31,우록리(부곡장식당)건너,82,0,82
2026-03-31,춘산리(양지),63,19,82
2026-03-31,금양리,80,1,81
2026-03-31,수북1리,79,2,81
2026-03-31,이천동(종점),80,1,81
2026-03-31,퇴계마을앞,81,0,81
2026-03-31,군위역사,74,6,80
2026-03-31,신화1리,72,8,80
2026-03-31,청소년수련원앞,34,46,80
2026-03-31,대한수목원건너,75,4,79
2026-03-31,위천1리앞,19,60,79
2026-03-31,달성2차산업단지출장소앞,71,7,78
2026-03-31,옥포벚꽃길2,40,38,78
2026-03-31,대한수목원앞,10,67,77
2026-03-31,도산1리마을회관,76,1,77
2026-03-31,읍내2리-의흥정류소,75,2,77
2026-03-31,달천리(시내방향),74,2,76
2026-03-31,유곡공원앞,2,74,76
2026-03-31,조야초등학교앞,14,61,75
2026-03-31,가천동앞,15,59,74
2026-03-31,산성치안센터,54,20,74
2026-03-31,현대메카닉스건너,74,0,74
2026-03-31,명곡1리입구2,16,57,73
2026-03-31,새마을입구,73,0,73
2026-03-31,서대구역(북측),38,35,73
2026-03-31,춘산리(현창),64,9,73
2026-03-31,동곡리,66,6,72
2026-03-31,매호1교건너,12,59,71
2026-03-31,서영기공앞,2,69,71
2026-03-31,장군1리,65,6,71
2026-03-31,국가정보자원관리원,54,16,70
2026-03-31,대리마을회관,58,12,70
2026-03-31,대북1리,70,0,70
2026-03-31,사리1리,69,1,70
2026-03-31,숲다수고용사업장앞,49,21,70
2026-03-31,하나원전문장례식장,10,60,70
2026-03-31,현내2리중방마을건너,68,1,69
2026-03-31,무성2.3리,33,35,68
2026-03-31,산법리,68,0,68
2026-03-31,고곡1리,67,0,67
2026-03-31,공산댐앞,15,52,67
2026-03-31,대구국제사격장,46,21,67
2026-03-31,봉촌1리3,67,0,67
2026-03-31,옥분리1,17,50,67
2026-03-31,정대숲앞,67,0,67
2026-03-31,달서별빛캠핑장앞,44,22,66
2026-03-31,박곡리해랑포건너,27,39,66
2026-03-31,진인동(양지마을)앞,61,5,66
2026-03-31,교수촌,62,3,65
2026-03-31,다사체육공원앞,60,5,65
2026-03-31,도덕마을,63,2,65
2026-03-31,봉촌낙동길입구,65,0,65
2026-03-31,도남지,64,0,64
2026-03-31,평촌리,43,21,64
2026-03-31,모산리,61,2,63
2026-03-31,봉촌리,63,0,63
2026-03-31,샛터마을입구,2,61,63
2026-03-31,서부소방서,31,32,63
2026-03-31,효령-중구리,59,4,63
2026-03-31,동북주유소앞,6,56,62
2026-03-31,모산리,62,0,62
2026-03-31,삼익THK건너,21,41,62
2026-03-31,오곡리마을회관,61,1,62
2026-03-31,유가농협건너,15,47,62
2026-03-31,유곡사거리2,1,61,62
2026-03-31,칠곡경대병원역건너2,62,0,62
2026-03-31,푸르밀대구공장,62,0,62
2026-03-31,김흥리마을입구,61,0,61
2026-03-31,봉황2리,60,1,61
2026-03-31,연화리2,2,59,61
2026-03-31,남산2리,57,3,60
2026-03-31,능성동입구앞,8,52,60
2026-03-31,달성취수장앞,31,29,60
2026-03-31,무등2리입구건너,60,0,60
2026-03-31,앞산궁도장앞,51,9,60
2026-03-31,외량1리,59,1,60
2026-03-31,행정2리앞,46,14,60
2026-03-31,대리마을앞,27,32,59
2026-03-31,오뚜기물류센터,57,2,59
2026-03-31,춘산리(양지),5,54,59
2026-03-31,화원유원지,55,4,59
2026-03-31,감문1리2,53,5,58
2026-03-31,군위국민체육센터,13,45,58
2026-03-31,달성화석박물관앞,1,57,58
2026-03-31,당동마을앞,4,54,58
2026-03-31,대평교회앞,21,37,58
2026-03-31,삼국유사면 행정복지센터,31,27,58
2026-03-31,중심마을2,51,7,58
2026-03-31,큰마을,58,0,58
2026-03-31,감문리(삼실)건너,55,2,57
2026-03-31,동부리,56,1,57
2026-03-31,서경리,57,0,57
2026-03-31,연계1리,57,0,57
2026-03-31,위성1리,57,0,57
2026-03-31,고봉리2,39,17,56
2026-03-31,교항2리회관건너,12,44,56
2026-03-31,달성산업단지관리공단2,56,0,56
2026-03-31,낙전리,47,8,55
2026-03-31,목단1리마을회관앞,55,0,55
2026-03-31,삼산1리,49,6,55
2026-03-31,송정동1,22,33,55
2026-03-31,옥연지건너,52,3,55
2026-03-31,외량3리,55,0,55
2026-03-31,정대2리(큰바위숲)앞,55,0,55
2026-03-31,진인동(진정마을)1,53,2,55
2026-03-31,공군기지관사입구,3,51,54
2026-03-31,동산1리,54,0,54
2026-03-31,옥포벚꽃길1,25,29,54
2026-03-31,율하천4교1,53,1,54
2026-03-31,화수1리,52,2,54
2026-03-31,금매2리,51,2,53
2026-03-31,마시리,53,0,53
2026-03-31,매곡정수사업소앞,5,48,53
2026-03-31,불로리,24,29,53
2026-03-31,상중심마을2,53,0,53
2026-03-31,석산리,53,0,53
2026-03-31,하산1리,52,1,53
2026-03-31,현대메카닉스앞,0,53,53
2026-03-31,대흥2리,45,7,52
2026-03-31,도남동,51,1,52
2026-03-31,삼산1리,51,1,52
2026-03-31,우록리(자양마을)건너,6,46,52
2026-03-31,장기1리,47,5,52
2026-03-31,파계사입구건너,32,20,52
2026-03-31,검단상가아파트건너,19,32,51
2026-03-31,금매1리,48,3,51
2026-03-31,무성리,50,1,51
2026-03-31,세천북로1,23,28,51
2026-03-31,학남초등학교건너,5,46,51
2026-03-31,화전2리,51,0,51
2026-03-31,금매1리,41,9,50
2026-03-31,금매2리,43,7,50
2026-03-31,두천마을건너,50,0,50
2026-03-31,명산리,47,2,49
2026-03-31,묘1리 파회,41,8,49
2026-03-31,문양역앞,36,13,49
2026-03-31,에이스이노텍건너,36,13,49
2026-03-31,장기1리,11,38,49
2026-03-31,화계2리,36,13,49
2026-03-31,화북1리,49,0,49
2026-03-31,달성삼환나우빌건너,7,41,48
2026-03-31,보현1리,48,0,48
2026-03-31,상곡리,47,1,48
2026-03-31,송호지서편1,46,2,48
2026-03-31,경상북도농업인회관,27,20,47
2026-03-31,주리(삼진식당),10,37,47
2026-03-31,가호1,43,3,46
2026-03-31,다사역(4번출구),44,2,46
2026-03-31,도동제1경로당앞,43,3,46
2026-03-31,만촌자전거경기장,19,27,46
2026-03-31,매곡1리경로회관,46,0,46
2026-03-31,평광마을회관,46,0,46
2026-03-31,광현3리,45,0,45
2026-03-31,송정동4,8,37,45
2026-03-31,위성4리,45,0,45
2026-03-31,율하천5교2,8,37,45
2026-03-31,창2리2,43,2,45
2026-03-31,다사초등학교앞,7,37,44
2026-03-31,삼육구가든건너,5,39,44
2026-03-31,수태골건너,20,24,44
2026-03-31,율하천6교2,7,37,44
2026-03-31,냉천2리,30,13,43
2026-03-31,대구보훈요양원앞,43,0,43
2026-03-31,봉촌2리,43,0,43
2026-03-31,위성리,39,4,43
2026-03-31,이지1리,43,0,43
2026-03-31,이지2리,43,0,43
2026-03-31,화산분동앞,11,32,43
2026-03-31,내곡동마을회관,33,9,42
2026-03-31,다사초등학교건너,41,1,42
2026-03-31,모개월앞,0,42,42
2026-03-31,묘2리(고려정밀),42,0,42
2026-03-31,성산리3,28,14,42
2026-03-31,이화,37,5,42
2026-03-31,정대1리(안매남),42,0,42
2026-03-31,진인동(양지마을)건너,3,39,42
2026-03-31,군위병원,1,40,41
2026-03-31,달창저수지,41,0,41
2026-03-31,대율1리,10,31,41
2026-03-31,동산2리,41,0,41
2026-03-31,마비정삼거리2,40,1,41
2026-03-31,삼육구가든앞,38,3,41
2026-03-31,세천리1,32,9,41
2026-03-31,신계리,41,0,41
2026-03-31,위성2리,41,0,41
2026-03-31,자리미마을2,41,0,41
2026-03-31,매성2리,40,0,40
2026-03-31,신무교2,40,0,40
2026-03-31,연계2리,40,0,40
2026-03-31,단산리입구1,39,0,39
2026-03-31,삼국유사면문화관,39,0,39
2026-03-31,삽령리,38,1,39
2026-03-31,새터건너,13,26,39
2026-03-31,인산마을회관앞,31,8,39
2026-03-31,파계사입구앞,35,4,39
2026-03-31,구라1리2,37,1,38
2026-03-31,귀남지휴게소1,38,0,38
2026-03-31,내리1,38,0,38
2026-03-31,미성1리,38,0,38
2026-03-31,성산3동,0,38,38
2026-03-31,운산리,27,11,38
2026-03-31,유곡사거리4,1,37,38
2026-03-31,화전동1,9,29,38
2026-03-31,목단2리1,36,1,37
2026-03-31,문양리입구1,18,19,37
2026-03-31,삼리2교차로 2,10,27,37
2026-03-31,용화사앞,37,0,37
2026-03-31,팔거교,4,33,37
2026-03-31,화원파크뷰우방아이유쉘아파트앞,10,27,37
2026-03-31,갓골앞,2,34,36
2026-03-31,달서중고등학교앞,13,23,36
2026-03-31,달성소방서건너,25,11,36
2026-03-31,동곡1리3,33,3,36
2026-03-31,문양기지창앞,25,11,36
2026-03-31,미곡교2,18,18,36
2026-03-31,부곡리,32,4,36
2026-03-31,사유원,33,3,36
2026-03-31,설화리(종점)1,30,6,36
2026-03-31,송원1,36,0,36
2026-03-31,평호리-낫거리,35,1,36
2026-03-31,해안초등학교뒤,6,30,36
2026-03-31,화계1리,24,12,36
2026-03-31,기곡리2,35,0,35
2026-03-31,동부사거리,35,0,35
2026-03-31,송정마을1,2,33,35
2026-03-31,오천리,32,3,35
2026-03-31,측백나무숲앞,6,29,35
2026-03-31,하빈면행정복지센터앞,7,28,35
2026-03-31,매성1리,34,0,34
2026-03-31,송정동2,30,4,34
2026-03-31,푸르밀대구공장건너,16,18,34
2026-03-31,학암1리,31,3,34
2026-03-31,화계2리,33,1,34
2026-03-31,화수2리,34,0,34
2026-03-31,화원영농자재판매상건너,33,1,34
2026-03-31,나호1리,33,0,33
2026-03-31,내량2리,32,1,33
2026-03-31,본리근린공원건너,32,1,33
2026-03-31,신무1교2,33,0,33
2026-03-31,신화1리,27,6,33
2026-03-31,용수동당산2,33,0,33
2026-03-31,내의1리,32,0,32
2026-03-31,다사역(3번출구),0,32,32
2026-03-31,사리1리-중산,32,0,32
2026-03-31,삼산2리,29,3,32
2026-03-31,새마을건너,0,32,32
2026-03-31,금양1리,31,0,31
2026-03-31,담안마을1,6,25,31
2026-03-31,명곡1리입구1,1,30,31
2026-03-31,무등보건진료소건너,31,0,31
2026-03-31,샤니삼거리2,18,13,31
2026-03-31,응암1리1,4,27,31
2026-03-31,강정(종점),27,3,30
2026-03-31,대북2리,30,0,30
2026-03-31,매곡1리정미소,30,0,30
2026-03-31,목단1리1,30,0,30
2026-03-31,숙천2동마을회관건너,24,6,30
2026-03-31,용봉삼거리1,11,19,30
2026-03-31,운산리,30,0,30
2026-03-31,한정리(한정초교건너),13,17,30
2026-03-31,구라3리2,22,7,29
2026-03-31,금구2리,12,17,29
2026-03-31,김흥1리건너,24,5,29
2026-03-31,노행2리,28,1,29
2026-03-31,도학교2,26,3,29
2026-03-31,부인사앞,28,1,29
2026-03-31,사효교1,29,0,29
2026-03-31,송원리(봉황리방면),29,0,29
2026-03-31,송정동3,4,25,29
2026-03-31,옥연지,1,28,29
2026-03-31,웃갈미마을앞,5,24,29
2026-03-31,이천리(시내방향),27,2,29
2026-03-31,화전2리,22,7,29
2026-03-31,나호3리,27,1,28
2026-03-31,봉림삼거리,28,0,28
2026-03-31,지호1리-안태동,28,0,28
2026-03-31,무암1리,27,0,27
2026-03-31,삼국유사면 행정복지센터,27,0,27
2026-03-31,송정1동,7,20,27
2026-03-31,수북1리,2,25,27
2026-03-31,양리1,26,1,27
2026-03-31,이화,17,10,27
2026-03-31,항공교통본부건너,0,27,27
2026-03-31,구룡촌앞,26,0,26
2026-03-31,군위군청,17,9,26
2026-03-31,노행1리,26,0,26
2026-03-31,달산2리,26,0,26
2026-03-31,달성산업단지관리공단1,2,24,26
2026-03-31,비슬산휴양림주차장,18,8,26
2026-03-31,삼산2리,19,7,26
2026-03-31,장기1리,26,0,26
2026-03-31,하빈체육공원앞,26,0,26
2026-03-31,항공교통본부앞,26,0,26
2026-03-31,감문1리3,0,25,25
2026-03-31,나호2리,14,11,25
2026-03-31,내량2리,25,0,25
2026-03-31,당정마을입구,10,15,25
2026-03-31,삼산리(범동교)건너,14,11,25
2026-03-31,성1리,16,9,25
2026-03-31,연계1리,25,0,25
2026-03-31,외량2리,25,0,25
2026-03-31,노사평화의전당건너,9,15,24
2026-03-31,대구공고테크노폴리스캠퍼스2,24,0,24
2026-03-31,백학2리,24,0,24
2026-03-31,봉소리,22,2,24
2026-03-31,지호2리-지호3리,20,4,24
2026-03-31,진인동(진정마을)2,19,5,24
2026-03-31,금강동,16,7,23
2026-03-31,덕산마을건너,3,20,23
2026-03-31,성2리,16,7,23
2026-03-31,수서1리,22,1,23
2026-03-31,용진마을건너,3,20,23
2026-03-31,주2리(최정사입구),5,18,23
2026-03-31,하곡리,23,0,23
2026-03-31,경동산업앞,22,0,22
2026-03-31,광현2리,22,0,22
2026-03-31,농연서당2,22,0,22
2026-03-31,마시1리,6,16,22
2026-03-31,미곡교1,13,9,22
2026-03-31,본리2리2,22,0,22
2026-03-31,봉소리,22,0,22
2026-03-31,상리마을건너,6,16,22
2026-03-31,수태골앞,16,6,22
2026-03-31,연광시니어타운앞,22,0,22
2026-03-31,원산1리,22,0,22
2026-03-31,응암1리2,11,11,22
2026-03-31,이지2리,16,6,22
2026-03-31,칡골마을앞,0,22,22
2026-03-31,하빈농협동곡지점1,19,3,22
2026-03-31,화수1리,15,7,22
2026-03-31,거매리로타리,21,0,21
2026-03-31,고곡리,2,19,21
2026-03-31,김흥1리앞,16,5,21
2026-03-31,나호3리,19,2,21
2026-03-31,남산1리,21,0,21
2026-03-31,남산2리,21,0,21
2026-03-31,마비정길2,21,0,21
2026-03-31,서재문화체육센터앞2,19,2,21
2026-03-31,석산리,21,0,21
2026-03-31,성1리,20,1,21
2026-03-31,용연사시설집단지구건너,21,0,21
2026-03-31,정대2리(잿들마을)건너,21,0,21
2026-03-31,중뫼마을건너,21,0,21
2026-03-31,학암2리,20,1,21
2026-03-31,김흥2리건너,4,16,20
2026-03-31,봉황3리,20,0,20
2026-03-31,솔밭기세길건너,1,19,20
2026-03-31,신계리(도산리우무실방면),19,1,20
2026-03-31,연호동(종점),18,2,20
2026-03-31,화북2리,20,0,20
2026-03-31,대구그린파워앞,2,17,19
2026-03-31,대율리,18,1,19
2026-03-31,마시1리,18,1,19
2026-03-31,문양리2,4,15,19
2026-03-31,보현2리,19,0,19
2026-03-31,삼산지건너,9,10,19
2026-03-31,숙천동 건너,5,14,19
2026-03-31,연경12,10,9,19
2026-03-31,육신사입구,11,8,19
2026-03-31,창평1리,4,15,19
2026-03-31,팔현마을건너,17,2,19
2026-03-31,행정교,0,19,19
2026-03-31,화원영농자재판매상앞,0,19,19
2026-03-31,구삼폭포앞,18,0,18
2026-03-31,나호1리,17,1,18
2026-03-31,내의1리,18,0,18
2026-03-31,내의3리,18,0,18
2026-03-31,묘2리(전마),17,1,18
2026-03-31,문주마을2,11,7,18
2026-03-31,백학삼거리,18,0,18
2026-03-31,복성리,18,0,18
2026-03-31,봉황1리,18,0,18
2026-03-31,솔비식당입구맞은편,18,0,18
2026-03-31,용화사건너,0,18,18
2026-03-31,중심마을1,10,8,18
2026-03-31,행정리,1,17,18
2026-03-31,현풍읍행정복지센터건너,18,0,18
2026-03-31,가창댐,12,5,17
2026-03-31,달산2리,17,0,17
2026-03-31,마비정길1,3,14,17
2026-03-31,박곡리(시외방향),16,1,17
2026-03-31,백안교1,1,16,17
2026-03-31,성1리,14,3,17
2026-03-31,송호지서편2,0,17,17
2026-03-31,연경11,13,4,17
2026-03-31,오곡리건너편,17,0,17
2026-03-31,용진마을앞,13,4,17
2026-03-31,율하천6교1,17,0,17
2026-03-31,정리,0,17,17
2026-03-31,화북3리,8,9,17
2026-03-31,모개월입구,16,0,16
2026-03-31,본리근린공원앞,0,16,16
2026-03-31,봉산리,16,0,16
2026-03-31,상당마을,15,1,16
2026-03-31,신세월입구1,16,0,16
2026-03-31,운산,15,1,16
2026-03-31,이현고개삼거리(시내방향),0,16,16
2026-03-31,정리,16,0,16
2026-03-31,제2석굴암,15,1,16
2026-03-31,학성1리,1,15,16
2026-03-31,효령,13,3,16
2026-03-31,가암1리,15,0,15
2026-03-31,나호2리,14,1,15
2026-03-31,내리리,11,4,15
2026-03-31,동호마을앞,5,10,15
2026-03-31,매골1,3,12,15
2026-03-31,문덕1리,14,1,15
2026-03-31,산성치안센터,15,0,15
2026-03-31,상원리(마을회관)2,5,10,15
2026-03-31,신무동2,2,13,15
2026-03-31,용대리,15,0,15
2026-03-31,한정3리,15,0,15
2026-03-31,고곡2리,14,0,14
2026-03-31,금강역1,12,2,14
2026-03-31,금양1리-행골,14,0,14
2026-03-31,금양리,8,6,14
2026-03-31,달산2리,14,0,14
2026-03-31,달성문화원앞,0,14,14
2026-03-31,매곡2리 마을회관,13,1,14
2026-03-31,무등1리3,14,0,14
2026-03-31,설티고개(달성공단방면),0,14,14
2026-03-31,연호역(3번출구),9,5,14
2026-03-31,오2리(음지머구건너),1,13,14
2026-03-31,우보면사무소,9,5,14
2026-03-31,위성3리,14,0,14
2026-03-31,창평리,14,0,14
2026-03-31,파전리,5,9,14
2026-03-31,LH13단지아파트앞,2,11,13
2026-03-31,달성2차산업단지출장소건너,13,0,13
2026-03-31,도채앞,13,0,13
2026-03-31,문덕1리,10,3,13
2026-03-31,미성1리,11,2,13
2026-03-31,미성2리 노인정,13,0,13
2026-03-31,새터앞,12,1,13
2026-03-31,양지리,2,11,13
2026-03-31,옥전길 입구,13,0,13
2026-03-31,장군2리,13,0,13
2026-03-31,정대2리(큰바위숲)건너,0,13,13
2026-03-31,창2리1,13,0,13
2026-03-31,행정1리앞,0,13,13
2026-03-31,화계3리,13,0,13
2026-03-31,대구그린파워건너,9,3,12
2026-03-31,도학교1,2,10,12
2026-03-31,무등보건진료소앞,1,11,12
2026-03-31,서경리,12,0,12
2026-03-31,우보역,5,7,12
2026-03-31,화북3리,12,0,12
2026-03-31,김흥리마을입구건너,3,8,11
2026-03-31,달성문화원건너,11,0,11
2026-03-31,도동제1경로당건너,0,11,11
2026-03-31,모래정마을건너,10,1,11
2026-03-31,문양3리(장귀미),0,11,11
2026-03-31,백학2리,9,2,11
2026-03-31,봉황3리,11,0,11
2026-03-31,성리,9,2,11
2026-03-31,약산,8,3,11
2026-03-31,연젓마을입구,1,10,11
2026-03-31,의흥면보건지소,1,10,11
2026-03-31,정대리(대구미술광장건너),6,5,11
2026-03-31,팔공학생야영장입구앞,10,1,11
2026-03-31,화계,11,0,11
2026-03-31,화원본리1교2,8,3,11
2026-03-31,가태2리마을입구,10,0,10
2026-03-31,강정보(디아크문화관)건너,4,6,10
2026-03-31,고곡보건지소,10,0,10
2026-03-31,구지중학교앞,10,0,10
2026-03-31,노이2리건너,0,10,10
2026-03-31,농기계임대사업소 동부분소 건너,10,0,10
2026-03-31,달산1리,10,0,10
2026-03-31,문산리,10,0,10
2026-03-31,부인사건너,9,1,10
2026-03-31,양방마을앞,10,0,10
2026-03-31,우보,1,9,10
2026-03-31,유곡리(회차지),9,1,10
2026-03-31,김흥2리앞,8,1,9
2026-03-31,내곡마을입구앞,9,0,9
2026-03-31,농기계임대사업소 동부분소 앞,0,9,9
2026-03-31,대암2리1,9,0,9
2026-03-31,반송4교건너,0,9,9
2026-03-31,백학2리,7,2,9
2026-03-31,서경리,9,0,9
2026-03-31,서부리,3,6,9
2026-03-31,숲다수고용사업장건너,6,3,9
2026-03-31,용봉삼거리2,6,3,9
2026-03-31,이화3리,8,1,9
2026-03-31,이화리,9,0,9
2026-03-31,인각사,9,0,9
2026-03-31,인지초등학교입구,8,1,9
2026-03-31,창평2리,0,9,9
2026-03-31,귀남지휴게소2,0,8,8
2026-03-31,금양1리,8,0,8
2026-03-31,기암2리 백암마을,8,0,8
2026-03-31,녹동서원앞,1,7,8
2026-03-31,목단2리2,1,7,8
2026-03-31,백학삼거리,0,8,8
2026-03-31,봉산2리,8,0,8
2026-03-31,봉촌낙동길입구건너,0,8,8
2026-03-31,산성면 행정복지센터,5,3,8
2026-03-31,삼국유사테마파크건너,4,4,8
2026-03-31,신무3교(상행),1,7,8
2026-03-31,양지리,8,0,8
2026-03-31,외량3리,4,4,8
2026-03-31,용수동1,0,8,8
2026-03-31,우보,8,0,8
2026-03-31,이화3리,8,0,8
2026-03-31,청수송어장낚시터,0,8,8
2026-03-31,한국전자통신연구원앞,8,0,8
2026-03-31,현내2리중방마을앞,0,8,8
2026-03-31,화계1리,8,0,8
2026-03-31,가호1,6,1,7
2026-03-31,경상북도인재개발원2,4,3,7
2026-03-31,경주최씨종가1,2,5,7
2026-03-31,능성동(종점)1,7,0,7
2026-03-31,단산리입구2,0,7,7
2026-03-31,달산,7,0,7
2026-03-31,달산2리-법주,7,0,7
2026-03-31,매성2리,4,3,7
2026-03-31,미성2리,7,0,7
2026-03-31,박석진교,1,6,7
2026-03-31,봉촌1리2,0,7,7
2026-03-31,봉황2리,5,2,7
2026-03-31,부남교1,0,7,7
2026-03-31,상원리(전평못식당)2,0,7,7
2026-03-31,송원리(소보방면),0,7,7
2026-03-31,용수동당산1,0,7,7
2026-03-31,우보면사무소,7,0,7
2026-03-31,의흥면보건지소,7,0,7
2026-03-31,이지1리,2,5,7
2026-03-31,하산2리,7,0,7
2026-03-31,화계,7,0,7
2026-03-31,화북1리,1,6,7
2026-03-31,가암1리,0,6,6
2026-03-31,가태리마을회관앞,5,1,6
2026-03-31,거매리 로타리,6,0,6
2026-03-31,구삼폭포건너,1,5,6
2026-03-31,낙전리,6,0,6
2026-03-31,노행1리-산촌마을,6,0,6
2026-03-31,묘1리,6,0,6
2026-03-31,무암2리,6,0,6
2026-03-31,불로리,4,2,6
2026-03-31,송원리,6,0,6
2026-03-31,수북1리-하리마을,6,0,6
2026-03-31,연젓마을건너,3,3,6
2026-03-31,우록리(숲속전원마을)건너,0,6,6
2026-03-31,원산3리,2,4,6
2026-03-31,유곡리,6,0,6
2026-03-31,이현고개삼거리(시외방향),2,4,6
2026-03-31,인산마을회관건너,5,1,6
2026-03-31,정대2리마을회관앞,0,6,6
2026-03-31,지호1리-안태동,5,1,6
2026-03-31,가암2리,5,0,5
2026-03-31,감문1리1,3,2,5
2026-03-31,고곡1리,3,2,5
2026-03-31,구라1리1,1,4,5
2026-03-31,구라리,1,4,5
2026-03-31,기곡리1,4,1,5
2026-03-31,나호리,0,5,5
2026-03-31,남산리,5,0,5
2026-03-31,냉천리3,2,3,5
2026-03-31,노행리앞,1,4,5
2026-03-31,달산2리-음지말,5,0,5
2026-03-31,대암내길1,5,0,5
2026-03-31,모래정마을앞,2,3,5
2026-03-31,무성리,2,3,5
2026-03-31,미성교,0,5,5
2026-03-31,봉산2리,5,0,5
2026-03-31,봉황1리,3,2,5
2026-03-31,봉황3리,3,2,5
2026-03-31,수서,5,0,5
2026-03-31,수서1리,5,0,5
2026-03-31,신덕1리,5,0,5
2026-03-31,신무1교1,0,5,5
2026-03-31,오리(양지마을앞),2,3,5
2026-03-31,용연사시설집단지구앞,1,4,5
2026-03-31,이화2리,5,0,5
2026-03-31,이화3리,5,0,5
2026-03-31,인곡리,5,0,5
2026-03-31,정대숲건너,2,3,5
2026-03-31,하빈우체국앞,0,5,5
2026-03-31,가암리,4,0,4
2026-03-31,가천리,0,4,4
2026-03-31,교항리마을입구건너,2,2,4
2026-03-31,달산2리,4,0,4
2026-03-31,달산리,4,0,4
2026-03-31,달성스포츠파크건너,4,0,4
2026-03-31,대흥리,4,0,4
2026-03-31,마비정삼거리1,1,3,4
2026-03-31,묘2리(전마)건너,0,4,4
2026-03-31,문주마을1,0,4,4
2026-03-31,설티고개(옥포방면),4,0,4
2026-03-31,성2리,4,0,4
2026-03-31,신무교1,0,4,4
2026-03-31,연계1리,1,3,4
2026-03-31,연호동,0,4,4
2026-03-31,연호역(3번출구)건너,0,4,4
2026-03-31,오천리,4,0,4
2026-03-31,우록리(선흥사입구건너),0,4,4
2026-03-31,이화리,2,2,4
2026-03-31,자리미마을1,2,2,4
2026-03-31,장군2리,0,4,4
2026-03-31,정리,3,1,4
2026-03-31,제2석굴암,0,4,4
2026-03-31,화계3리,3,1,4
2026-03-31,가호1리 마을회관,3,0,3
2026-03-31,감문1리4,3,0,3
2026-03-31,거매리,3,0,3
2026-03-31,고곡리,2,1,3
2026-03-31,고매초등학교,3,0,3
2026-03-31,국립식량과학원대구시험지,0,3,3
2026-03-31,군위군농산물공판장,3,0,3
2026-03-31,금포1교2,3,0,3
2026-03-31,노이3리2,1,2,3
2026-03-31,단산리(송하빌라)2,3,0,3
2026-03-31,달산1리(군위농협옆방면),3,0,3
2026-03-31,달산2리,3,0,3
2026-03-31,달서천하수종말처리장건너,2,1,3
2026-03-31,대구제3예비군훈련장,1,2,3
2026-03-31,대흥2리,1,2,3
2026-03-31,묘2리(고려정밀)건너,0,3,3
2026-03-31,무등1리1,0,3,3
2026-03-31,무암1리,3,0,3
2026-03-31,무암1리,3,0,3
2026-03-31,문덕리 입구,3,0,3
2026-03-31,미성2리,0,3,3
2026-03-31,백학1리,0,3,3
2026-03-31,본리2리1,2,1,3
2026-03-31,비산5동행정복지센터,2,1,3
2026-03-31,산대 전원마을,3,0,3
2026-03-31,삼산2리,3,0,3
2026-03-31,성산리4,0,3,3
2026-03-31,신화2리,3,0,3
2026-03-31,양방마을건너,1,2,3
2026-03-31,오곡리입구,3,0,3
2026-03-31,오천리,3,0,3
2026-03-31,옥전길 입구,3,0,3
2026-03-31,용리앞,1,2,3
2026-03-31,위성리,1,2,3
2026-03-31,이지리,0,3,3
2026-03-31,이화3리,3,0,3
2026-03-31,창평리,0,3,3
2026-03-31,터실마을,3,0,3
2026-03-31,파전리,0,3,3
2026-03-31,하빈체육공원건너,0,3,3
2026-03-31,학성1리,3,0,3
2026-03-31,학성2리-용아-괴산-장곡1,0,3,3
2026-03-31,학암2리,2,1,3
2026-03-31,현풍읍행정복지센터앞,1,2,3
2026-03-31,화수1리,3,0,3
2026-03-31,화수2리,2,1,3
2026-03-31,화수리,3,0,3
2026-03-31,가암1리,2,0,2
2026-03-31,고곡리,0,2,2
2026-03-31,광현2리,0,2,2
2026-03-31,구라리2,0,2,2
2026-03-31,구지중학교건너,2,0,2
2026-03-31,금매1리,0,2,2
2026-03-31,나호1리,2,0,2
2026-03-31,내곡마을입구건너,1,1,2
2026-03-31,노행1리-산촌마을,0,2,2
2026-03-31,농연서당1,1,1,2
2026-03-31,달산리,2,0,2
2026-03-31,대구환경공단달성사업소건너,2,0,2
2026-03-31,대구환경공단달성사업소앞,1,1,2
2026-03-31,도채건너,0,2,2
2026-03-31,마시1리,0,2,2
2026-03-31,매성1리,1,1,2
2026-03-31,무등2리,0,2,2
2026-03-31,문덕교회,2,0,2
2026-03-31,백학2리,2,0,2
2026-03-31,봉산2리,2,0,2
2026-03-31,사직1리,0,2,2
2026-03-31,사창마을건너,2,0,2
2026-03-31,산대 전원마을,1,1,2
2026-03-31,삼산2리,2,0,2
2026-03-31,선곡2리,2,0,2
2026-03-31,솔비식당입구,0,2,2
2026-03-31,수서2리,2,0,2
2026-03-31,숙천2동마을회관앞,2,0,2
2026-03-31,신계리(소보정류장방면),0,2,2
2026-03-31,신덕1리,2,0,2
2026-03-31,양지리,0,2,2
2026-03-31,연계1리,2,0,2
2026-03-31,외량1리,0,2,2
2026-03-31,외량2리,2,0,2
2026-03-31,외량리,1,1,2
2026-03-31,우록리(부곡장식당),1,1,2
2026-03-31,인산큰마을1,0,2,2
2026-03-31,인산큰마을2,2,0,2
2026-03-31,정3리,1,1,2
2026-03-31,정대2리(잿들마을)앞,0,2,2
2026-03-31,중뫼마을앞,0,2,2
2026-03-31,창평2리,0,2,2
2026-03-31,큰마을건너,0,2,2
2026-03-31,화전리,1,1,2
2026-03-31,가암1리,1,0,1
2026-03-31,가암1리,1,0,1
2026-03-31,가암리,0,1,1
2026-03-31,경주최씨종가2,0,1,1
2026-03-31,구라3리1,0,1,1
2026-03-31,군위군농산물공판장,1,0,1
2026-03-31,나호리,1,0,1
2026-03-31,낙전리,1,0,1
2026-03-31,내량2리,1,0,1
2026-03-31,노행1리,0,1,1
2026-03-31,노행리앞,1,0,1
2026-03-31,달산-양산골,1,0,1
2026-03-31,달산1리,1,0,1
2026-03-31,달산2리-음지말,1,0,1
2026-03-31,달서천하수종말처리장앞,0,1,1
2026-03-31,달성도서관건너,0,1,1
2026-03-31,달성스포츠파크앞,0,1,1
2026-03-31,대구보훈요양원건너,0,1,1
2026-03-31,대구제3예비군훈련장건너,1,0,1
2026-03-31,대산,0,1,1
2026-03-31,대암1리2,1,0,1
2026-03-31,대암내길2,1,0,1
2026-03-31,마시1리 건너,1,0,1
2026-03-31,마시1리 입구 건너,1,0,1
2026-03-31,마시리,0,1,1
2026-03-31,백학1리,1,0,1
2026-03-31,백학삼거리,1,0,1
2026-03-31,병수2리 마을회관,0,1,1
2026-03-31,봉림2리,1,0,1
2026-03-31,봉산리,1,0,1
2026-03-31,사효교2,0,1,1
2026-03-31,산성면 행정복지센터,1,0,1
2026-03-31,삼산2리,0,1,1
2026-03-31,삼산2리,1,0,1
2026-03-31,서경리,1,0,1
2026-03-31,선곡2리,1,0,1
2026-03-31,송원1,0,1,1
2026-03-31,송원리,0,1,1
2026-03-31,수북1리-하리마을,0,1,1
2026-03-31,수서,1,0,1
2026-03-31,수서1리,0,1,1
2026-03-31,수서2리,0,1,1
2026-03-31,신세월입구2,0,1,1
2026-03-31,신화2리,0,1,1
2026-03-31,양리2,1,0,1
2026-03-31,양지리,0,1,1
2026-03-31,연경숲아파트건너,0,1,1
2026-03-31,연광시니어타운건너,0,1,1
2026-03-31,열병합발전소건너,1,0,1
2026-03-31,열병합발전소앞,0,1,1
2026-03-31,용대리,0,1,1
2026-03-31,원산2리,1,0,1
2026-03-31,음리2,0,1,1
2026-03-31,인각사,0,1,1
2026-03-31,천내영남맨션,1,0,1
2026-03-31,천내우방1차,0,1,1
2026-03-31,퇴계마을건너,0,1,1
2026-03-31,파전리,0,1,1
2026-03-31,평호리마을회관,0,1,1
2026-03-31,하곡리-동리,1,0,1
2026-03-31,하곡리-속골,1,0,1
2026-03-31,하곡리-속골,1,0,1
2026-03-31,하목정(종점),0,1,1
2026-03-31,화본리,1,0,1
2026-03-31,화수1리,0,1,1
2026-03-31,화수리,1,0,1
2026-04-30,약령시건너(동성로입구),154167,26944,181111
2026-04-30,경상감영공원앞,102179,67185,169364
2026-04-30,동대구역건너,106210,41668,147878
2026-04-30,동대구역,94107,33079,127186
2026-04-30,약령시앞,78873,41911,120784
2026-04-30,반월당역(2번출구),84224,33598,117822
2026-04-30,아양교역(1번출구),62830,52952,115782
2026-04-30,동구청건너,81371,29759,111130
2026-04-30,동대구역복합환승센터앞,67733,30114,97847
2026-04-30,2.28기념중앙공원앞,76517,20130,96647
2026-04-30,서부정류장1,73335,13510,86845
2026-04-30,경상감영공원건너,71853,14885,86738
2026-04-30,진천역(2번출구),51448,34877,86325
2026-04-30,CGV대구한일건너,64468,16952,81420
2026-04-30,동대구역복합환승센터건너,67703,11589,79292
2026-04-30,아양교역(2번출구),62976,11435,74411
2026-04-30,서부정류장(관문시장건너),62909,11471,74380
2026-04-30,상인현대맨션건너,67619,6670,74289
2026-04-30,섬유회관앞,52887,17891,70778
2026-04-30,경북대학교북문건너,66378,4015,70393
2026-04-30,큰장네거리1,58755,10164,68919
2026-04-30,경신고등학교앞,52864,12090,64954
2026-04-30,강남약국건너,52263,12199,64462
2026-04-30,서구청건너,54284,9301,63585
2026-04-30,경신고등학교건너,54820,8450,63270
2026-04-30,감삼역(3번출구),43683,17605,61288
2026-04-30,동구청앞,49678,11496,61174
2026-04-30,산격종합시장앞,46495,14473,60968
2026-04-30,곽병원건너,37402,23342,60744
2026-04-30,2.28기념중앙공원건너1,43730,16049,59779
2026-04-30,서구청앞,45046,13383,58429
2026-04-30,영진고등학교앞,38644,19480,58124
2026-04-30,산격대우아파트앞,48890,9049,57939
2026-04-30,계명대학교동문건너2,47103,9828,56931
2026-04-30,진천역(1번출구),47789,8806,56595
2026-04-30,두류역(달성고등학교앞),41761,13785,55546
2026-04-30,평화시장(닭똥집골목)앞,41738,11995,53733
2026-04-30,영진전문대학교후문앞,37045,16547,53592
2026-04-30,복현오거리1,43879,9316,53195
2026-04-30,북부정류장,39656,12793,52449
2026-04-30,그랜드호텔앞,40339,11577,51916
2026-04-30,이시아폴리스더샵3단지,46724,4214,50938
2026-04-30,칠성시장앞1,38794,11751,50545
2026-04-30,큰장네거리2,31919,17773,49692
2026-04-30,만촌육교1,41552,7906,49458
2026-04-30,반월당역(1번출구)1,38343,10743,49086
2026-04-30,북부정류장건너,35061,12766,47827
2026-04-30,그랜드호텔건너,33002,14463,47465
2026-04-30,서부정류장(관문시장앞),38446,8791,47237
2026-04-30,복현우체국건너,40836,6385,47221
2026-04-30,화원초등학교건너,42261,4668,46929
2026-04-30,강남약국앞1,36043,10824,46867
2026-04-30,동아백화점수성점앞,43187,2834,46021
2026-04-30,대구은행북비산지점앞,37768,8210,45978
2026-04-30,대구역앞,36346,9609,45955
2026-04-30,신매광장앞,37298,8252,45550
2026-04-30,섬유회관건너1,29401,15680,45081
2026-04-30,수목원삼성래미안1차건너,23193,21678,44871
2026-04-30,대구과학대학교2,39652,5188,44840
2026-04-30,영남고등학교앞,38119,6268,44387
2026-04-30,경북대학교북문앞,28096,16119,44215
2026-04-30,서부정류장역1(1번출구),19822,24014,43836
2026-04-30,상인역(1번출구),23643,19214,42857
2026-04-30,봉덕1동행정복지센터앞,26170,16321,42491
2026-04-30,경북대학교병원앞,35024,7460,42484
2026-04-30,대구은행역(2번출구),34288,7991,42279
2026-04-30,불로전통시장건너,37889,3943,41832
2026-04-30,용산네거리2,34321,7467,41788
2026-04-30,서부시장건너,32010,9642,41652
2026-04-30,명덕역(6번출구),30520,10852,41372
2026-04-30,만촌역(1번출구)2,34399,6841,41240
2026-04-30,계명대학교동문앞,26056,14904,40960
2026-04-30,범물1동행정복지센터앞,36846,3657,40503
2026-04-30,서대구역(남측)1,31684,8230,39914
2026-04-30,법원앞,32262,7554,39816
2026-04-30,칠성시장건너,27450,11914,39364
2026-04-30,한영한마음아동병원앞,26615,12724,39339
2026-04-30,공고네거리1,27201,12037,39238
2026-04-30,더샵달서센트럴아파트건너,32709,6439,39148
2026-04-30,계명문화대학교앞,20135,18795,38930
2026-04-30,상인현대맨션앞,14193,24515,38708
2026-04-30,서남시장건너,25802,12880,38682
2026-04-30,영진전문대학교후문건너,31606,6996,38602
2026-04-30,KT동대구지사건너,22887,15474,38361
2026-04-30,2차서한화성타운건너,34196,3723,37919
2026-04-30,중구청앞,22404,15210,37614
2026-04-30,팔달시장앞,27185,10063,37248
2026-04-30,경북대학교치과병원,23640,13532,37172
2026-04-30,경북대학교정문앞,30593,6506,37099
2026-04-30,태전역1,27375,9672,37047
2026-04-30,경북대학교 경상대학앞,34236,2794,37030
2026-04-30,대구제일고등학교앞,19995,16577,36572
2026-04-30,성서종합시장앞,30348,6205,36553
2026-04-30,수성경찰서건너,27890,8480,36370
2026-04-30,성서주공2단지앞,32357,3733,36090
2026-04-30,큰장네거리4,26343,9491,35834
2026-04-30,새길시장앞,30154,5625,35779
2026-04-30,법원건너,17897,17792,35689
2026-04-30,대실역(2번출구),33671,1826,35497
2026-04-30,수성구청앞,26682,8701,35383
2026-04-30,화원초등학교앞,23627,11745,35372
2026-04-30,서부시장앞,26710,8539,35249
2026-04-30,팔달시장건너,28987,6194,35181
2026-04-30,대구제일고등학교건너,26347,8657,35004
2026-04-30,욱수초등학교앞,33487,1384,34871
2026-04-30,경대사대부설고등학교앞,23306,11476,34782
2026-04-30,약령시입구,30747,3963,34710
2026-04-30,파티마병원건너1,15182,19207,34389
2026-04-30,아양교2,14976,19393,34369
2026-04-30,수성구청건너,21914,12446,34360
2026-04-30,안지랑네거리2,24873,9465,34338
2026-04-30,농협중앙회앞,19379,14923,34302
2026-04-30,대구중앙중고등학교앞,27229,6993,34222
2026-04-30,월성주공4단지건너,29398,4816,34214
2026-04-30,도시철도담티역(1번출구),28443,5751,34194
2026-04-30,수성대학교건너,27433,6665,34098
2026-04-30,서대구역(남측)2,23720,10027,33747
2026-04-30,대구역건너,26483,7132,33615
2026-04-30,대구국제공항앞,23077,10476,33553
2026-04-30,현대해상건너,23870,9592,33462
2026-04-30,영대병원역,29499,3956,33455
2026-04-30,유가읍행정복지센터건너,29014,4418,33432
2026-04-30,곽병원앞1,21951,11172,33123
2026-04-30,대구은행역(1번출구),23938,9104,33042
2026-04-30,수목원삼성래미안1차앞,24435,8598,33033
2026-04-30,봉산문화거리건너,20937,12068,33005
2026-04-30,대구콘서트하우스건너,16746,16211,32957
2026-04-30,성모여성의원앞,22394,10549,32943
2026-04-30,진달래아파트앞,23120,9730,32850
2026-04-30,영대병원역(3번출구),23012,9673,32685
2026-04-30,대구고등학교건너,23317,9300,32617
2026-04-30,달서교회앞,21024,11565,32589
2026-04-30,남문시장앞,22012,10484,32496
2026-04-30,평리청구타운앞,24632,7740,32372
2026-04-30,성당시장앞2,28681,3562,32243
2026-04-30,동대구역화성파크드림,19615,12616,32231
2026-04-30,대곡강산타운,29460,2755,32215
2026-04-30,만평역(서대구고속버스터미널)2,22493,9661,32154
2026-04-30,코스트코홀세일앞/복현화성타운건너,29429,2598,32027
2026-04-30,상인역e-편한세상앞,8671,23139,31810
2026-04-30,수성구보건소건너,28603,3192,31795
2026-04-30,대명시장앞,26466,5274,31740
2026-04-30,구)대영학원앞,22308,9284,31592
2026-04-30,월성e-편한세상건너,22706,7880,30586
2026-04-30,수성경찰서앞,19213,11298,30511
2026-04-30,용산역(2번출구),26322,4186,30508
2026-04-30,반야월역(2번출구),29382,921,30303
2026-04-30,대명역(1번출구),25569,4723,30292
2026-04-30,평리청구타운건너,23742,6435,30177
2026-04-30,두류스타힐스앞,24342,5833,30175
2026-04-30,서대구세무서,9540,20604,30144
2026-04-30,동서화성타운건너,28519,1607,30126
2026-04-30,두류역(달성고등학교건너),22976,7145,30121
2026-04-30,신매광장건너,24123,5893,30016
2026-04-30,큰장네거리3,24504,5450,29954
2026-04-30,성당시장건너,23664,6199,29863
2026-04-30,월성2동행정복지센터앞,26947,2879,29826
2026-04-30,침산코오롱하늘채앞,25478,4309,29787
2026-04-30,명덕역(7번출구),22380,7359,29739
2026-04-30,방촌시장건너,26731,2865,29596
2026-04-30,대실역(4번출구),28778,806,29584
2026-04-30,한전서대구지사건너,19197,10375,29572
2026-04-30,복현대백맨션건너,26483,3003,29486
2026-04-30,세강병원앞,9307,20143,29450
2026-04-30,중구청건너,23750,5618,29368
2026-04-30,수성대학교앞,15331,13867,29198
2026-04-30,서문시장,23136,5993,29129
2026-04-30,계명대학교정문건너,27426,1693,29119
2026-04-30,메트로팔레스2,25984,2913,28897
2026-04-30,대구중앙중고등학교건너,23474,5410,28884
2026-04-30,대구동부고용복지플러스센터,22357,6443,28800
2026-04-30,신세계병원건너,16492,12027,28519
2026-04-30,용산2동행정복지센터앞,24794,3645,28439
2026-04-30,태전역2,24059,4374,28433
2026-04-30,죽전네거리1,23780,4629,28409
2026-04-30,대구역북편네거리2,14169,14200,28369
2026-04-30,동대구시장앞,22017,6270,28287
2026-04-30,KT남대구지사앞1,20624,7554,28178
2026-04-30,대구과학대학교1,19168,9003,28171
2026-04-30,영진고등학교건너,24305,3851,28156
2026-04-30,팔레스호텔건너,22595,5470,28065
2026-04-30,칠곡운암역1,23288,4767,28055
2026-04-30,신암2동우체국,19024,9030,28054
2026-04-30,원대역1,14716,13324,28040
2026-04-30,원대역2,23789,4115,27904
2026-04-30,대구과학기술고등학교앞,26039,1816,27855
2026-04-30,이마트칠성점앞,24830,2836,27666
2026-04-30,팔달신시장,21344,6318,27662
2026-04-30,제일여자상업고등학교건너,22047,5454,27501
2026-04-30,남산역건너,19410,8080,27490
2026-04-30,평화시장(닭똥집골목)건너,20202,7146,27348
2026-04-30,화원고등학교앞,8830,18434,27264
2026-04-30,한전동대구지사,22189,4882,27071
2026-04-30,한국폴리텍VI대구대학건너,20047,7022,27069
2026-04-30,달서교회건너,20525,6543,27068
2026-04-30,세천초등학교앞,26056,876,26932
2026-04-30,칠곡그린파크2,20193,6498,26691
2026-04-30,남문시장건너2,11840,14814,26654
2026-04-30,우방청솔맨션앞,15898,10729,26627
2026-04-30,우방강촌마을건너,24901,1602,26503
2026-04-30,불로삼거리,16468,9887,26355
2026-04-30,대구삼성창조캠퍼스3,16596,9747,26343
2026-04-30,서재금봉타운건너,25132,1127,26259
2026-04-30,대실역(1번출구),17299,8896,26195
2026-04-30,대백인터빌건너,18299,7885,26184
2026-04-30,문성병원앞,19927,6190,26117
2026-04-30,칠곡그린파크1,21320,4634,25954
2026-04-30,죽전네거리2,20443,5422,25865
2026-04-30,CGV대구한일앞,22042,3809,25851
2026-04-30,내당삼익맨션앞,14066,11723,25789
2026-04-30,구.남부정류장앞1,21424,4309,25733
2026-04-30,비산지하도2,20434,5228,25662
2026-04-30,대명공연거리건너,17082,8572,25654
2026-04-30,원대동행정복지센터앞,21416,4236,25652
2026-04-30,공단역2,17622,7996,25618
2026-04-30,문화예술회관건너,19853,5761,25614
2026-04-30,화원고등학교건너,23920,1692,25612
2026-04-30,서구시장건너,19383,6133,25516
2026-04-30,산격주공아파트앞,21972,3443,25415
2026-04-30,경북대학교병원건너,15325,10039,25364
2026-04-30,와룡시장앞,16345,9014,25359
2026-04-30,현충로역(4번출구),17267,7846,25113
2026-04-30,2호선반월당역1,19464,5604,25068
2026-04-30,메트로팔레스1,20481,4566,25047
2026-04-30,정화우방팔레스건너,21467,3568,25035
2026-04-30,반야월역(3번출구),14532,10493,25025
2026-04-30,중리롯데캐슬앞,19942,5074,25016
2026-04-30,현충로역(3번출구),19525,5483,25008
2026-04-30,수성알파시티역(5번출구),18654,6290,24944
2026-04-30,강창역(2번출구),23622,1321,24943
2026-04-30,시지보성아파트앞,17246,7572,24818
2026-04-30,현대해상앞,20511,4268,24779
2026-04-30,명덕초등학교앞,18793,5971,24764
2026-04-30,송현역(3번출구),15727,9030,24757
2026-04-30,기업은행대곡지점앞,23958,693,24651
2026-04-30,명성푸르지오앞,22085,2432,24517
2026-04-30,수성롯데캐슬더퍼스트앞,18018,6270,24288
2026-04-30,불로우방아파트앞,19790,4413,24203
2026-04-30,대구공공시설관리공단앞,9770,14422,24192
2026-04-30,대구역북편네거리1,20390,3763,24153
2026-04-30,설화명곡역우방아이유쉘건너,5481,18633,24114
2026-04-30,무태네거리(시내방향),17063,6922,23985
2026-04-30,범물청구타운앞,20689,3228,23917
2026-04-30,동대구역지하도2,19764,4120,23884
2026-04-30,명덕초등학교건너,14190,9649,23839
2026-04-30,한가람타운앞,19849,3977,23826
2026-04-30,안지랑네거리1,18225,5597,23822
2026-04-30,두류수영장앞,18056,5733,23789
2026-04-30,구병원앞,17560,6194,23754
2026-04-30,대구가톨릭대학병원앞,20143,3604,23747
2026-04-30,대명시장건너,18764,4977,23741
2026-04-30,안심지구대앞,20162,3530,23692
2026-04-30,대구가톨릭대학병원건너,19409,4224,23633
2026-04-30,중동시장앞,20620,3000,23620
2026-04-30,경일여자고등학교건너,21504,2099,23603
2026-04-30,신평리네거리2,18134,5469,23603
2026-04-30,계명대학교 대구동산병원앞1,18843,4673,23516
2026-04-30,대구은행제2본점앞,17280,6218,23498
2026-04-30,서남시장앞1,19074,4395,23469
2026-04-30,두류수영장건너,18045,5411,23456
2026-04-30,북구청역(4번출구),20228,3136,23364
2026-04-30,성모여성의원건너,18293,4954,23247
2026-04-30,상동우체국앞,20221,2938,23159
2026-04-30,진달래아파트건너,17295,5819,23114
2026-04-30,서대구초등학교입구,17214,5853,23067
2026-04-30,대구콘서트하우스앞,17530,5502,23032
2026-04-30,조암초등학교앞,20794,2213,23007
2026-04-30,성서종합시장건너,15019,7986,23005
2026-04-30,상인우방아파트,10855,12131,22986
2026-04-30,대구은행칠곡지점앞,18029,4951,22980
2026-04-30,올림픽기념관앞,19598,3350,22948
2026-04-30,수성알파시티역(1번출구),16608,6316,22924
2026-04-30,불로전통시장앞,16072,6785,22857
2026-04-30,KT서대구지사건너,18264,4528,22792
2026-04-30,북구청건너,17668,5110,22778
2026-04-30,대구고용복지플러스센터건너,14789,7975,22764
2026-04-30,문화예술회관앞,18661,4064,22725
2026-04-30,칠성시장역(서문프라자앞),20658,1967,22625
2026-04-30,국민건강보험공단건너,19487,3135,22622
2026-04-30,두류정수사업소건너,20604,2016,22620
2026-04-30,방촌시장앞,15312,7289,22601
2026-04-30,정화우방팔레스,15568,6959,22527
2026-04-30,경북대체육센터건너,20978,1482,22460
2026-04-30,칠곡에덴타운앞,15331,7114,22445
2026-04-30,월성청구코아건너,20024,2376,22400
2026-04-30,수성네거리2,17686,4698,22384
2026-04-30,침산3동행정복지센터,20067,2262,22329
2026-04-30,2차서한화성타운앞,16446,5852,22298
2026-04-30,상인역(5번출구),4559,17730,22289
2026-04-30,한전서대구지사앞,17111,5105,22216
2026-04-30,검단유성아파트앞,18957,3144,22101
2026-04-30,동인찜갈비골목건너,15606,6478,22084
2026-04-30,고산도서관,16025,6044,22069
2026-04-30,만평네거리,12838,9159,21997
2026-04-30,대신미싱골목앞,14322,7671,21993
2026-04-30,경북예고앞,18267,3601,21868
2026-04-30,범어역(1번출구),17644,4200,21844
2026-04-30,KT서대구지사앞,13552,8207,21759
2026-04-30,대구공공시설관리공단건너,16771,4976,21747
2026-04-30,대명공연거리앞,17113,4575,21688
2026-04-30,신평리네거리1,11647,9809,21456
2026-04-30,대백프라자건너,16827,4600,21427
2026-04-30,동아백화점수성점건너,13493,7918,21411
2026-04-30,도시철도담티역(3번출구),15299,6058,21357
2026-04-30,동서화성타운앞,17084,4270,21354
2026-04-30,대구교육대앞,17265,4082,21347
2026-04-30,대구보건고등학교건너,15799,5542,21341
2026-04-30,연암네거리1,15111,6192,21303
2026-04-30,경북아파트건너(신천동),4592,16611,21203
2026-04-30,중동시장건너,14633,6530,21163
2026-04-30,현대백화점.동아쇼핑건너,14546,6578,21124
2026-04-30,경진초등학교앞,19273,1789,21062
2026-04-30,유가읍행정복지센터앞,13029,7994,21023
2026-04-30,유천교(진천초등학교앞),12533,8433,20966
2026-04-30,침산화성파크드림앞,17580,3364,20944
2026-04-30,보성화성타운건너,18115,2720,20835
2026-04-30,태전삼거리2,15682,5149,20831
2026-04-30,캐슬골드파크(1102동),16828,3970,20798
2026-04-30,한국폴리텍VI대구대학앞,14075,6649,20724
2026-04-30,만촌역(2번출구),12257,8440,20697
2026-04-30,KT동대구지사앞,18165,2461,20626
2026-04-30,공단역1,12740,7832,20572
2026-04-30,아양교3,2578,17935,20513
2026-04-30,황금네거리1,19103,1368,20471
2026-04-30,고산2동행정복지센터건너,13286,7126,20412
2026-04-30,대구학교지원센터건너 (대구학생예술창작터건너),8850,11518,20368
2026-04-30,대곡역(1번출구),17475,2886,20361
2026-04-30,수성시장네거리2,14600,5704,20304
2026-04-30,칠곡운암역2,14843,5416,20259
2026-04-30,복현오거리2,13967,6248,20215
2026-04-30,대구고용복지플러스센터앞,15245,4926,20171
2026-04-30,봉무공원앞,14886,5281,20167
2026-04-30,월성주공4단지앞2,14726,5371,20097
2026-04-30,트레이더스홀세일클럽비산점앞,16433,3660,20093
2026-04-30,대명역(2번출구),16376,3709,20085
2026-04-30,월촌역(6번출구),17644,2415,20059
2026-04-30,동대구역지하도1,13492,6545,20037
2026-04-30,월성푸르지오앞,14887,5131,20018
2026-04-30,계명대학교대명캠퍼스앞,12830,7120,19950
2026-04-30,올림픽기념관건너,15196,4745,19941
2026-04-30,대구은행북비산지점건너1,15444,4473,19917
2026-04-30,대구보건대학교4,16647,3268,19915
2026-04-30,성서119안전센터앞,19065,820,19885
2026-04-30,사월역(4번출구),11907,7954,19861
2026-04-30,봉덕교회건너,17018,2817,19835
2026-04-30,유천교1,15258,4496,19754
2026-04-30,유니버시아드선수촌2단지건너,15119,4584,19703
2026-04-30,월성e-편한세상앞,14241,5445,19686
2026-04-30,대구과학기술고등학교건너,11399,8277,19676
2026-04-30,성당두산위브앞,17939,1736,19675
2026-04-30,방천시장(김광석길)건너,14535,5095,19630
2026-04-30,동호공영차고지건너,19078,542,19620
2026-04-30,국민건강보험공단앞,11679,7885,19564
2026-04-30,영남이공대학교앞,17681,1860,19541
2026-04-30,더샵디어엘로아파트,15309,4091,19400
2026-04-30,문성병원건너,13860,5525,19385
2026-04-30,경북예고건너,11615,7753,19368
2026-04-30,죽전119안전센터앞,13508,5853,19361
2026-04-30,방촌역(1번출구),14944,4370,19314
2026-04-30,오페라삼정그린코아APT,12292,7015,19307
2026-04-30,범어쌍용예가건너(호텔라온제나),13049,6215,19264
2026-04-30,율하역(2번출구),14239,5012,19251
2026-04-30,청구고등학교앞,15448,3799,19247
2026-04-30,고산2동행정복지센터앞,17818,1395,19213
2026-04-30,봉산문화거리앞,15249,3937,19186
2026-04-30,대구농업마이스터고건너,16169,2985,19154
2026-04-30,동도중학교앞,16670,2475,19145
2026-04-30,동호육교2,18520,620,19140
2026-04-30,동인찜갈비골목앞,13188,5919,19107
2026-04-30,미리내맨션건너,17961,1146,19107
2026-04-30,장기초록나라건너,9367,9712,19079
2026-04-30,성서우방타운건너,15181,3885,19066
2026-04-30,대백한라무지개타운건너,17811,1232,19043
2026-04-30,사수초등학교앞,18755,288,19043
2026-04-30,수성3가롯데캐슬앞,11507,7530,19037
2026-04-30,구)대영학원건너,14722,4275,18997
2026-04-30,용계삼거리1,9829,9165,18994
2026-04-30,원대시장앞,12239,6703,18942
2026-04-30,월성청구코아앞,13557,5326,18883
2026-04-30,신암공원,16903,1941,18844
2026-04-30,대구교육대건너,11520,7295,18815
2026-04-30,지산목련아파트건너,17382,1416,18798
2026-04-30,사월역(2번출구),15608,3164,18772
2026-04-30,대구교통공사앞,17117,1636,18753
2026-04-30,상인비둘기2단지아파트앞,15467,3261,18728
2026-04-30,남부경찰서앞,13321,5376,18697
2026-04-30,두리봉네거리1,4611,14032,18643
2026-04-30,대구교통방송앞,16096,2498,18594
2026-04-30,성당코오롱하늘채2,12592,5930,18522
2026-04-30,유천포스코앞,13197,5270,18467
2026-04-30,청구그린맨션1차앞,15100,3352,18452
2026-04-30,감삼네거리1,11964,6442,18406
2026-04-30,대구도시개발공사앞,14562,3815,18377
2026-04-30,복현우체국앞,9809,8442,18251
2026-04-30,수창공원앞(중구보건소건너),12633,5600,18233
2026-04-30,구.동부정류장(메트로팔레스),12466,5696,18162
2026-04-30,서구시장앞,12401,5741,18142
2026-04-30,대구학교지원센터앞 (대구학생예술창작터앞),13473,4618,18091
2026-04-30,남산초등학교앞,11440,6580,18020
2026-04-30,신기역(화성타운앞),14667,3288,17955
2026-04-30,대명초등학교앞,12528,5393,17921
2026-04-30,계명대학교대명캠퍼스건너,12291,5614,17905
2026-04-30,북구청앞,11837,6053,17890
2026-04-30,수성시장네거리1,14354,3434,17788
2026-04-30,강북경찰서앞,16338,1351,17689
2026-04-30,송현역(2번출구),14883,2792,17675
2026-04-30,만촌2동행정복지센터,16009,1661,17670
2026-04-30,북구청역(3번출구),11679,5975,17654
2026-04-30,만촌육교2,9150,8472,17622
2026-04-30,2호선반월당역2,11774,5841,17615
2026-04-30,월배역(4번출구),12391,5218,17609
2026-04-30,대구보건대학교3,11778,5791,17569
2026-04-30,청구그린맨션1차건너,13988,3468,17456
2026-04-30,대곡주공8단지앞,14567,2818,17385
2026-04-30,남산역,13445,3888,17333
2026-04-30,달서구청건너,13927,3384,17311
2026-04-30,만촌역서한포레스트앞,8921,8369,17290
2026-04-30,캐슬골드파크4단지앞,14620,2621,17241
2026-04-30,대구보건고등학교앞,13768,3465,17233
2026-04-30,경북고등학교앞,15784,1424,17208
2026-04-30,상인동서타운앞,15434,1756,17190
2026-04-30,봉덕시장앞1,15661,1517,17178
2026-04-30,TBC건너,15922,1189,17111
2026-04-30,고산역화성파크드림건너,13471,3611,17082
2026-04-30,남산초등학교건너,14467,2602,17069
2026-04-30,월성주공2단지앞,14411,2627,17038
2026-04-30,동촌강나루아파트앞,5641,11296,16937
2026-04-30,대일아파트건너,9848,7073,16921
2026-04-30,대구반도체마이스터고등학교 앞,15274,1635,16909
2026-04-30,곽병원앞2,11907,4987,16894
2026-04-30,대곡주공2단지앞,15851,1029,16880
2026-04-30,대구차여성병원앞,14453,2401,16854
2026-04-30,월배역(3번출구),11146,5705,16851
2026-04-30,반야월시장2,14886,1934,16820
2026-04-30,명곡리1,15871,942,16813
2026-04-30,우방청솔맨션건너,12226,4552,16778
2026-04-30,시지중학교,15497,1272,16769
2026-04-30,월촌역(7번출구),13649,3075,16724
2026-04-30,한전동대구지사건너,12682,4009,16691
2026-04-30,고산역화성파크드림앞,12585,4087,16672
2026-04-30,황금네거리2,9768,6897,16665
2026-04-30,월배시장건너,9927,6686,16613
2026-04-30,광장타운앞,13112,3499,16611
2026-04-30,태전삼거리1,10574,6030,16604
2026-04-30,대백인터빌앞,11896,4697,16593
2026-04-30,대구여자상업고등학교앞,13556,2957,16513
2026-04-30,청구고등학교건너,13596,2899,16495
2026-04-30,큰고개오거리1,15013,1482,16495
2026-04-30,동인초등학교건너,11476,5013,16489
2026-04-30,경북대학교정문건너,7837,8651,16488
2026-04-30,퀸벨호텔건너,14555,1930,16485
2026-04-30,칠곡에덴타운건너,11750,4721,16471
2026-04-30,한국농어촌공사건너,10128,6323,16451
2026-04-30,동서변리벤빌,14597,1848,16445
2026-04-30,서남시장앞2,13926,2517,16443
2026-04-30,만촌태왕리더스앞1,6076,10344,16420
2026-04-30,경북대체육센터앞,5669,10717,16386
2026-04-30,반야월시장1,11429,4949,16378
2026-04-30,성동초등학교앞,14087,2276,16363
2026-04-30,내당코오롱아파트건너,6557,9799,16356
2026-04-30,신세계병원앞,7724,8618,16342
2026-04-30,신암4동행정복지센터앞,5049,11189,16238
2026-04-30,방천시장(김광석길)앞,12566,3644,16210
2026-04-30,계명대학교동산병원건너,15153,1044,16197
2026-04-30,지저동행정복지센터건너,13724,2443,16167
2026-04-30,동대구시장건너,12554,3573,16127
2026-04-30,동부소방서건너,1127,14964,16091
2026-04-30,대동시장2,14904,1151,16055
2026-04-30,영남이공대학교건너,11530,4513,16043
2026-04-30,산격중학교건너,6760,9257,16017
2026-04-30,계명문화대학교건너,12456,3521,15977
2026-04-30,대구병원건너,14305,1611,15916
2026-04-30,조암초등학교건너,13231,2674,15905
2026-04-30,구병원건너,9338,6552,15890
2026-04-30,대구고등학교앞,10334,5472,15806
2026-04-30,도남힐스테이트3단지앞,14853,933,15786
2026-04-30,범물한라주택건너,15029,729,15758
2026-04-30,불로동고분군건너,12245,3448,15693
2026-04-30,지산타운건너,14767,923,15690
2026-04-30,대우트럼프월드수성건너,13653,1999,15652
2026-04-30,수성구보건소앞,10047,5538,15585
2026-04-30,한영한마음아동병원건너,11828,3746,15574
2026-04-30,수성도서관건너,12111,3436,15547
2026-04-30,제일여자상업고등학교앞,13305,2233,15538
2026-04-30,유니버시아드레포츠센터건너,9838,5643,15481
2026-04-30,모다아울렛건너,13081,2381,15462
2026-04-30,평화타운건너,13696,1719,15415
2026-04-30,침산화성파크드림건너,11814,3593,15407
2026-04-30,상인장미아파트앞,11899,3471,15370
2026-04-30,신기역(화성타운건너),9787,5559,15346
2026-04-30,대명1동행정복지센터앞,10988,4347,15335
2026-04-30,수성구민운동장앞,7649,7667,15316
2026-04-30,대평리시장,14260,1034,15294
2026-04-30,동성초등학교건너,4067,11143,15210
2026-04-30,봉덕1동행정복지센터건너,9330,5877,15207
2026-04-30,대구공공시설관리공단동부사업소건너,13511,1680,15191
2026-04-30,달서구청앞,9995,5194,15189
2026-04-30,영진전문대학교정문앞,12079,3110,15189
2026-04-30,캐슬골드파크(1504동),11574,3610,15184
2026-04-30,죽전역(1번출구),12277,2814,15091
2026-04-30,두류동우체국앞,9275,5798,15073
2026-04-30,청기와주유소건너,12860,2183,15043
2026-04-30,침산네거리1,12592,2413,15005
2026-04-30,한화꿈에그린앞,11673,3283,14956
2026-04-30,두류공원네거리1,13563,1385,14948
2026-04-30,대명초등학교건너,8994,5942,14936
2026-04-30,공고네거리2,12160,2764,14924
2026-04-30,안심역(4번출구),12795,2124,14919
2026-04-30,강북소방서앞,13572,1325,14897
2026-04-30,계명대학교동문건너1,12451,2446,14897
2026-04-30,계명대역(3번출구),12446,2383,14829
2026-04-30,대구공업대학교1,11652,3172,14824
2026-04-30,비산초등학교앞,12631,2155,14786
2026-04-30,용계역(1번출구),9607,5166,14773
2026-04-30,섬유회관건너2,9584,5162,14746
2026-04-30,성광고등학교건너,12888,1844,14732
2026-04-30,학산초등학교건너,11952,2739,14691
2026-04-30,범어역(2번출구),9827,4863,14690
2026-04-30,남대구IC1,13443,1211,14654
2026-04-30,경북고등학교건너,9562,5057,14619
2026-04-30,대곡역(2번출구),9606,4998,14604
2026-04-30,대구스마트고등학교앞,12599,2004,14603
2026-04-30,월배시장앞,13271,1330,14601
2026-04-30,수성더팰리스푸르지오더샵아파트앞,13839,689,14528
2026-04-30,대구농업마이스터고앞,5560,8956,14516
2026-04-30,월성주공5단지앞,7152,7364,14516
2026-04-30,동성초등학교앞,9975,4494,14469
2026-04-30,퀸벨호텔앞,7462,6997,14459
2026-04-30,대봉교회,11461,2990,14451
2026-04-30,청기와주유소앞,9990,4451,14441
2026-04-30,반야월역(1번출구),4240,10183,14423
2026-04-30,북구선거관리위원회앞,9021,5402,14423
2026-04-30,성서우방타운앞,10226,4164,14390
2026-04-30,상수도사업본부시설관리소건너,11831,2536,14367
2026-04-30,대구차여성병원건너,5574,8787,14361
2026-04-30,대구보건대학교건너2,14112,248,14360
2026-04-30,송원맨션건너,12315,1926,14241
2026-04-30,수목원제일풍경채앞,14089,148,14237
2026-04-30,용산네거리1,10194,4028,14222
2026-04-30,보광병원앞,10840,3336,14176
2026-04-30,달성중학교앞,7190,6965,14155
2026-04-30,안심지구대건너,9697,4440,14137
2026-04-30,이월드(구.우방랜드)정문,8339,5798,14137
2026-04-30,대청초등학교앞,13887,249,14136
2026-04-30,남구청건너2,5900,8221,14121
2026-04-30,전자상가,11860,2211,14071
2026-04-30,명덕네거리1,11292,2768,14060
2026-04-30,광명프레지던트아파트건너,9262,4789,14051
2026-04-30,안심역(5번출구),7708,6334,14042
2026-04-30,옥포간경리2,12221,1816,14037
2026-04-30,지산한라타운앞,8064,5971,14035
2026-04-30,반야월역(4번출구)1,6977,7050,14027
2026-04-30,이마트월배점건너,9571,4456,14027
2026-04-30,칠곡동화아파트앞,12292,1731,14023
2026-04-30,반월당역(1번출구)2,9302,4696,13998
2026-04-30,성당래미안e-편한세상앞,10052,3922,13974
2026-04-30,홈플러스내당점건너,12441,1510,13951
2026-04-30,동원비즈플랫폼건너,2539,11372,13911
2026-04-30,용산종합큰시장건너,12782,1098,13880
2026-04-30,수성못오거리1,9453,4397,13850
2026-04-30,KT남대구지사건너1,9423,4423,13846
2026-04-30,보성화성타운앞,6670,7147,13817
2026-04-30,경북공고앞,8863,4877,13740
2026-04-30,아양교1,9866,3868,13734
2026-04-30,욱수초등학교건너,9370,4360,13730
2026-04-30,침산코오롱하늘채건너,10551,3155,13706
2026-04-30,비산지하도1,8573,5106,13679
2026-04-30,칠곡한신아파트앞1,13062,601,13663
2026-04-30,국채보상운동기념공원,7006,6624,13630
2026-04-30,대구광역시교육연수원건너,12426,1180,13606
2026-04-30,상인비둘기1단지아파트앞,13062,534,13596
2026-04-30,광장타운건너,10379,3206,13585
2026-04-30,달성공원역3번출구,9814,3755,13569
2026-04-30,중동교1,6371,7192,13563
2026-04-30,토지주택공사앞,11994,1506,13500
2026-04-30,매곡사거리2,13130,348,13478
2026-04-30,서재보성타운건너,12856,616,13472
2026-04-30,수성네거리1,9720,3735,13455
2026-04-30,팔공정보문화센터앞,11148,2307,13455
2026-04-30,태왕메트로시티후문,10882,2563,13445
2026-04-30,동부경찰서앞,12398,1018,13416
2026-04-30,유천교(진천초등학교건너),6337,7055,13392
2026-04-30,헬로TV대구방송건너,9849,3524,13373
2026-04-30,계명대학교 대구동산병원앞2,7636,5697,13333
2026-04-30,대구해올고교건너,4939,8382,13321
2026-04-30,상인동화아이위시아파트건너,12457,859,13316
2026-04-30,대구은행칠곡지점건너,10309,2999,13308
2026-04-30,앞산공원,9497,3803,13300
2026-04-30,롯데백화점상인점건너,8558,4718,13276
2026-04-30,두류정수사업소앞,3413,9818,13231
2026-04-30,대천교,5840,7387,13227
2026-04-30,대자연맨션,12655,562,13217
2026-04-30,서재동화아이위시건너,11450,1761,13211
2026-04-30,명문세가APT앞,11118,2090,13208
2026-04-30,지산한라타운건너,12300,899,13199
2026-04-30,대덕맨션앞,12269,912,13181
2026-04-30,대원유치원건너,6946,6219,13165
2026-04-30,방촌역(2번출구),10793,2336,13129
2026-04-30,대일아파트앞,9523,3603,13126
2026-04-30,대백한라무지개타운앞,10400,2690,13090
2026-04-30,안심교(반야월방향),569,12502,13071
2026-04-30,신매초등학교건너,9509,3549,13058
2026-04-30,무태조야동행정복지센터앞2,12218,826,13044
2026-04-30,대곡사계절타운건너,11989,1034,13023
2026-04-30,무태네거리(시외방향),5903,7098,13001
2026-04-30,성서용산시장앞,11660,1337,12997
2026-04-30,수창초등학교,10176,2795,12971
2026-04-30,학정청아람건너,12585,372,12957
2026-04-30,교통연수원,12191,760,12951
2026-04-30,한국방송통신전파진흥원건너,7425,5514,12939
2026-04-30,복현우방아파트,11012,1922,12934
2026-04-30,경북아파트앞(신천동),8886,4008,12894
2026-04-30,근로복지공단대구병원앞,12694,168,12862
2026-04-30,서평초등학교건너,2220,10617,12837
2026-04-30,가창면행정복지센터앞,10294,2535,12829
2026-04-30,월성2동행정복지센터건너,10226,2558,12784
2026-04-30,동촌화성타운건너,11312,1466,12778
2026-04-30,옥포LH천년나무3단지앞,12551,223,12774
2026-04-30,반고개2,8305,4434,12739
2026-04-30,두리봉네거리2,10021,2714,12735
2026-04-30,파동청구하이츠,11257,1476,12733
2026-04-30,율하역(4번출구),8869,3848,12717
2026-04-30,운암초등학교건너,11430,1282,12712
2026-04-30,경상여자고등학교앞,8085,4598,12683
2026-04-30,효신초등학교앞,10502,2118,12620
2026-04-30,진아리채앞,12355,251,12606
2026-04-30,우방신천지타운앞,11495,1100,12595
2026-04-30,범어쌍용예가앞,9093,3488,12581
2026-04-30,대구삼성창조캠퍼스4,8237,4337,12574
2026-04-30,경북교통,4151,8413,12564
2026-04-30,성북교1,10631,1926,12557
2026-04-30,본리초등학교앞,8807,3746,12553
2026-04-30,비산7동우체국앞1,9015,3516,12531
2026-04-30,2차대자연맨션앞,11435,1093,12528
2026-04-30,앞산청구제네스앞,10590,1888,12478
2026-04-30,국립신암선열공원건너,5625,6833,12458
2026-04-30,국민연금네거리,9410,3031,12441
2026-04-30,복현네거리,4534,7866,12400
2026-04-30,효동초등학교앞,9665,2657,12322
2026-04-30,대곡역그린빌,7547,4770,12317
2026-04-30,동대구역(2번출구)건너,9983,2311,12294
2026-04-30,대구여자상업고등학교건너,8289,4002,12291
2026-04-30,범물1동행정복지센터건너,7937,4341,12278
2026-04-30,우방강촌마을앞,9169,3108,12277
2026-04-30,대구지방법원등기국건너,5453,6823,12276
2026-04-30,신천역(5번출구),9880,2379,12259
2026-04-30,신암초등학교건너,7525,4729,12254
2026-04-30,만경관건너,7031,5213,12244
2026-04-30,삼익뉴타운앞,10209,2030,12239
2026-04-30,구.남부정류장건너2,6868,5368,12236
2026-04-30,강산아파트건너,5028,7203,12231
2026-04-30,대구과학고등학교건너,6454,5775,12229
2026-04-30,죽전그린빌앞,10252,1976,12228
2026-04-30,신흥버스,10786,1433,12219
2026-04-30,대곡역(한라하우젠트건너),9907,2291,12198
2026-04-30,지산동서맨션앞,11508,620,12128
2026-04-30,중리시장앞,9565,2557,12122
2026-04-30,대구IM뱅크PARK동편건너,5999,6120,12119
2026-04-30,본리네거리2,10478,1612,12090
2026-04-30,상인은행아파트앞,9066,2978,12044
2026-04-30,팔거역2,9988,2025,12013
2026-04-30,연호동화훼단지1,4193,7811,12004
2026-04-30,대명1동행정복지센터건너,8317,3662,11979
2026-04-30,입석중학교건너,8300,3676,11976
2026-04-30,과학마을청아람앞,11236,735,11971
2026-04-30,상수도사업본부건너,7285,4654,11939
2026-04-30,가창농협앞,11261,663,11924
2026-04-30,이마트월배점앞,10329,1595,11924
2026-04-30,신천역(4번출구),8107,3797,11904
2026-04-30,산격중학교앞,8791,3103,11894
2026-04-30,침산네거리2,9261,2631,11892
2026-04-30,다사읍행정복지센터건너,11547,338,11885
2026-04-30,대구광역시교육연수원앞,7215,4637,11852
2026-04-30,고모동입구,6834,4987,11821
2026-04-30,북구구민운동장건너,8415,3381,11796
2026-04-30,동촌역(신길)1,9986,1785,11771
2026-04-30,신천LH아파트앞,10583,1156,11739
2026-04-30,산격초등학교앞,9442,2284,11726
2026-04-30,본리초등학교건너,9597,2113,11710
2026-04-30,용계역(2번출구),10157,1553,11710
2026-04-30,강산아파트앞,7591,4116,11707
2026-04-30,대백프라자앞,7912,3778,11690
2026-04-30,영진전문대학교정문건너,9405,2280,11685
2026-04-30,서대구중학교앞,6053,5631,11684
2026-04-30,대구시산격청사앞,6763,4896,11659
2026-04-30,인동촌시장입구,10537,1099,11636
2026-04-30,한남중미용정보고등학교건너,6987,4641,11628
2026-04-30,효성타운앞,9770,1847,11617
2026-04-30,명덕네거리2,4167,7442,11609
2026-04-30,SK리더스뷰건너,9264,2339,11603
2026-04-30,계명대학교정문앞,5016,6581,11597
2026-04-30,경북대학교 경상대학건너,5242,6353,11595
2026-04-30,대구광역시립동부도서관,5295,6297,11592
2026-04-30,태평상가앞1,6435,5152,11587
2026-04-30,북비산네거리1,6344,5240,11584
2026-04-30,대백창신한라타운건너,8552,2998,11550
2026-04-30,율하롯데캐슬탑클래스앞,8576,2954,11530
2026-04-30,덕화중학교건너,10353,1176,11529
2026-04-30,대구교통방송건너,5405,6109,11514
2026-04-30,산격주공아파트건너,5464,6026,11490
2026-04-30,팔거역1,6636,4838,11474
2026-04-30,아양아트센터건너,10291,1182,11473
2026-04-30,상공회의소앞,8997,2468,11465
2026-04-30,e편한세상대구금호건너,10969,485,11454
2026-04-30,세천초등학교건너,8774,2670,11444
2026-04-30,봉무청구새들마을건너,8904,2512,11416
2026-04-30,가창면행정복지센터건너,7734,3672,11406
2026-04-30,신천LH아파트건너,8832,2551,11383
2026-04-30,대구의료원건너,10182,1199,11381
2026-04-30,동촌강나루아파트건너,8367,3014,11381
2026-04-30,칠곡시장건너,10021,1341,11362
2026-04-30,수성초등학교,7516,3843,11359
2026-04-30,새길시장건너,8085,3262,11347
2026-04-30,동인초등학교앞,7257,4077,11334
2026-04-30,대곡강산타운건너,8638,2685,11323
2026-04-30,대봉성당,7808,3448,11256
2026-04-30,지산청구타운앞,10450,793,11243
2026-04-30,대륜중고등학교건너,5867,5362,11229
2026-04-30,대구과학고등학교앞,10144,1069,11213
2026-04-30,대원유치원앞,9869,1339,11208
2026-04-30,명성푸르지오건너,7260,3933,11193
2026-04-30,유천포스코건너,9442,1748,11190
2026-04-30,두성파크아파트앞,3673,7491,11164
2026-04-30,성서산업단지역(1번출구),7670,3481,11151
2026-04-30,노원119안전센터건너,7066,4075,11141
2026-04-30,태평상가건너,6304,4810,11114
2026-04-30,금봉네거리1,9924,1187,11111
2026-04-30,서대구KTX영무예다음건너,10529,569,11098
2026-04-30,성당포스코더샵앞,9706,1384,11090
2026-04-30,홈플러스내당점앞,6389,4695,11084
2026-04-30,무태조야동행정복지센터건너1,9412,1665,11077
2026-04-30,건영아파트건너,4745,6311,11056
2026-04-30,큰고개오거리2,3720,7323,11043
2026-04-30,정동고등학교앞,9463,1544,11007
2026-04-30,송현역(4번출구),7615,3385,11000
2026-04-30,고성아파트(서편),7128,3867,10995
2026-04-30,산격초등학교건너,9633,1359,10992
2026-04-30,우방죽전타운건너,8105,2887,10992
2026-04-30,신암4동행정복지센터건너,6562,4421,10983
2026-04-30,북침산치안센터앞,5922,5033,10955
2026-04-30,대구파라곤프레스티지아파트,8453,2500,10953
2026-04-30,코스트코홀세일건너/복현화성타운앞,5748,5201,10949
2026-04-30,월배초등학교건너,9024,1916,10940
2026-04-30,달서구치매안심센터앞,5985,4949,10934
2026-04-30,안심주공1단지건너,9532,1402,10934
2026-04-30,LG물류센터앞,7751,3176,10927
2026-04-30,용산1동행정복지센터건너,8208,2696,10904
2026-04-30,동도중학교건너,8325,2576,10901
2026-04-30,영남일보앞,7515,3386,10901
2026-04-30,국립대구박물관앞,7252,3605,10857
2026-04-30,화원농협주유소앞,3965,6892,10857
2026-04-30,만평역(서대구고속버스터미널)1,6369,4468,10837
2026-04-30,해안역(3번출구),6636,4183,10819
2026-04-30,학산공원2,8703,2101,10804
2026-04-30,중리광명맨션건너,9595,1207,10802
2026-04-30,동촌화성타운앞,7299,3473,10772
2026-04-30,팔레스호텔앞1,7381,3389,10770
2026-04-30,대곡역(한라하우젠트앞),5587,5179,10766
2026-04-30,지산목련아파트앞,8351,2392,10743
2026-04-30,다사고등학교건너,6680,4061,10741
2026-04-30,중구보건소앞,6833,3874,10707
2026-04-30,신매초등학교앞,8938,1745,10683
2026-04-30,동서변그린빌앞,9647,1033,10680
2026-04-30,서구문화회관앞,9655,1021,10676
2026-04-30,대구공공시설관리공단동부사업소앞,6962,3696,10658
2026-04-30,북구보건소앞,10186,466,10652
2026-04-30,대곡주공7단지앞,9230,1403,10633
2026-04-30,성서산업단지역(2번출구),8311,2314,10625
2026-04-30,대명5동행정복지센터앞,8384,2232,10616
2026-04-30,성동초등학교건너,7345,3233,10578
2026-04-30,이마트경산점,8418,2152,10570
2026-04-30,TBC앞,5153,5404,10557
2026-04-30,송현역(1번출구),8147,2409,10556
2026-04-30,산격청구맨션앞,5800,4754,10554
2026-04-30,경북기계공고앞,6249,4296,10545
2026-04-30,운암초등학교앞,10308,219,10527
2026-04-30,달성공원건너,7306,3210,10516
2026-04-30,지산현대주택앞,9169,1345,10514
2026-04-30,정동고등학교건너,7153,3349,10502
2026-04-30,대구공업대학교건너,7005,3468,10473
2026-04-30,신매시장,4187,6267,10454
2026-04-30,공항시장건너,9514,918,10432
2026-04-30,무태조야동행정복지센터건너2,4798,5606,10404
2026-04-30,대구공업대학교2,6569,3831,10400
2026-04-30,갓바위,9279,1096,10375
2026-04-30,두류도서관앞,8598,1777,10375
2026-04-30,대구시산격청사건너1,7407,2912,10319
2026-04-30,계명대역(4번출구),5460,4846,10306
2026-04-30,현대시장건너,9279,1026,10305
2026-04-30,팔공3차보성타운후문,9984,277,10261
2026-04-30,지산타운앞,3097,7158,10255
2026-04-30,송현제림타운건너,4600,5642,10242
2026-04-30,해안역(1번출구),8843,1368,10211
2026-04-30,무궁화LPG충전소,7524,2672,10196
2026-04-30,북리2,9356,839,10195
2026-04-30,화랑교2,9080,1093,10173
2026-04-30,서대구시장앞,6669,3462,10131
2026-04-30,한샘청동공원앞,9769,319,10088
2026-04-30,흥사단 대구지부앞,3529,6543,10072
2026-04-30,경일여자고등학교앞,7071,2991,10062
2026-04-30,계명대역(2번출구),6105,3935,10040
2026-04-30,동촌역(신길)2,7341,2663,10004
2026-04-30,북대구농협검단지점건너,9934,65,9999
2026-04-30,서부정류장(관문시장건너)2,8467,1523,9990
2026-04-30,복현대백맨션앞,4978,5003,9981
2026-04-30,대구일마이스터고교앞,8455,1524,9979
2026-04-30,유천교2,1360,8586,9946
2026-04-30,태왕아너스복현앞,8488,1438,9926
2026-04-30,유니버시아드레포츠센터앞,7358,2557,9915
2026-04-30,백자맨션건너,8252,1651,9903
2026-04-30,대평중학교건너,8886,996,9882
2026-04-30,성북시장앞,7619,2259,9878
2026-04-30,죽전동 행정복지센터건너,8282,1595,9877
2026-04-30,수성3가롯데캐슬건너,7759,2107,9866
2026-04-30,제일풍경채건너,8428,1423,9851
2026-04-30,경북기계공고건너,6702,3146,9848
2026-04-30,대구시산격청사건너2,7198,2626,9824
2026-04-30,국가산단반도유보라2차,9748,70,9818
2026-04-30,대구섬유박물관,8842,955,9797
2026-04-30,월성주공4단지앞1,8803,990,9793
2026-04-30,대곡사계절타운앞,6606,3162,9768
2026-04-30,SK리더스뷰앞,7016,2748,9764
2026-04-30,경북공고건너,6105,3657,9762
2026-04-30,앞산청구제네스건너,6169,3588,9757
2026-04-30,성화여고건너,8909,846,9755
2026-04-30,화성파크뷰건너,9326,408,9734
2026-04-30,검단유성아파트(서편),7761,1954,9715
2026-04-30,대구고용노동청건너,8489,1217,9706
2026-04-30,동대구해모로웨스트아파트,8039,1662,9701
2026-04-30,국립대구박물관건너,8166,1529,9695
2026-04-30,강창하이츠,9351,339,9690
2026-04-30,수성도서관앞,6473,3216,9689
2026-04-30,동구시장앞,8026,1644,9670
2026-04-30,감삼초등학교앞,8046,1608,9654
2026-04-30,두류공원네거리2,4765,4880,9645
2026-04-30,북비산네거리2,7518,2125,9643
2026-04-30,헬로TV대구방송앞,5084,4555,9639
2026-04-30,황제맨션건너,3657,5951,9608
2026-04-30,중부소방서앞,7733,1872,9605
2026-04-30,봉무초등학교앞,9443,145,9588
2026-04-30,이시아폴리스더샵2단지,6568,2992,9560
2026-04-30,삼덕성당앞,7430,2126,9556
2026-04-30,용산2동행정복지센터건너,5271,4284,9555
2026-04-30,동부소방서앞,7392,2161,9553
2026-04-30,칠곡그린빌3차건너,8622,929,9551
2026-04-30,농수산물도매시장앞,5927,3612,9539
2026-04-30,수성못오거리2,7973,1559,9532
2026-04-30,봉덕시장앞2,7176,2355,9531
2026-04-30,경대교2,8563,957,9520
2026-04-30,강남약국앞2,8005,1511,9516
2026-04-30,국우동현대아파트앞,8502,997,9499
2026-04-30,강창역(1번출구),6226,3272,9498
2026-04-30,동구기억쉼터건너,8416,1056,9472
2026-04-30,달서구치매안심센터건너,7860,1604,9464
2026-04-30,솔정고개2,3505,5959,9464
2026-04-30,한국농어촌공사앞,7774,1683,9457
2026-04-30,송현1동치안센터건너,7104,2340,9444
2026-04-30,신천3치안센터앞,6188,3212,9400
2026-04-30,현대시장앞,4618,4775,9393
2026-04-30,팔공보성아파트앞,8755,619,9374
2026-04-30,미리내맨션앞,6911,2440,9351
2026-04-30,삼덕교회,5410,3925,9335
2026-04-30,건영캐스빌건너,7689,1621,9310
2026-04-30,북리1,7497,1806,9303
2026-04-30,태왕메트로시티건너,6777,2525,9302
2026-04-30,칠곡그린빌5단지앞,6153,3130,9283
2026-04-30,성당코오롱하늘채,6715,2567,9282
2026-04-30,안심효성타운,6252,3025,9277
2026-04-30,상수도사업본부,6504,2771,9275
2026-04-30,대구공업대학교앞,7067,2206,9273
2026-04-30,봉덕시장건너3,8402,861,9263
2026-04-30,대구병원앞,6282,2970,9252
2026-04-30,산업용재관,4734,4517,9251
2026-04-30,성북교2,5131,4118,9249
2026-04-30,엘디스리젠트호텔앞,4968,4277,9245
2026-04-30,율하휴먼시아5단지앞,8680,541,9221
2026-04-30,범물하이츠 건너,6472,2746,9218
2026-04-30,감삼초등학교건너,7701,1513,9214
2026-04-30,반고개1,7010,2189,9199
2026-04-30,효동초등학교건너,6435,2749,9184
2026-04-30,서재동화아이위시3차앞,8301,857,9158
2026-04-30,경북대학교서문건너,7185,1957,9142
2026-04-30,국가산단서한이다음,9104,36,9140
2026-04-30,상인자이앞,6376,2747,9123
2026-04-30,송현초등학교앞,8525,562,9087
2026-04-30,대구시교육청앞,4423,4655,9078
2026-04-30,경북대학교서문앞,5136,3939,9075
2026-04-30,효목네거리3,5934,3135,9069
2026-04-30,CBS방송국건너,6335,2723,9058
2026-04-30,교항리건너,8958,93,9051
2026-04-30,대구대학교대명동캠퍼스,6799,2233,9032
2026-04-30,수성시장앞,6334,2698,9032
2026-04-30,교통연수원건너,7911,1104,9015
2026-04-30,수성교1,5112,3891,9003
2026-04-30,상중이동행정복지센터앞,7618,1382,9000
2026-04-30,북대구세무서건너,7757,1239,8996
2026-04-30,이천새마을금고건너,8265,726,8991
2026-04-30,이현자동차검사소건너,1427,7564,8991
2026-04-30,우방드림시티건너,4759,4228,8987
2026-04-30,연경1공영주차장앞,8873,112,8985
2026-04-30,북구구민운동장앞,5659,3325,8984
2026-04-30,각산태영데시앙건너,5766,3204,8970
2026-04-30,북부경찰서건너,2736,6226,8962
2026-04-30,복현서한2차아파트,5817,3142,8959
2026-04-30,서변동영남네오빌건너,7626,1319,8945
2026-04-30,동구기억쉼터앞,6965,1967,8932
2026-04-30,청구시장앞,6806,2097,8903
2026-04-30,월광수변공원,8021,879,8900
2026-04-30,북침산치안센터건너,6934,1962,8896
2026-04-30,한국폴리텍대학(영남융합기술캠퍼스),1434,7455,8889
2026-04-30,계명대학교동산병원앞,4411,4475,8886
2026-04-30,한국건강관리협회앞,7763,1078,8841
2026-04-30,율하교동편1,4447,4389,8836
2026-04-30,상인삼미타운건너,2031,6796,8827
2026-04-30,칠곡2차영남타운건너,8128,685,8813
2026-04-30,유천동행정복지센터앞,8409,403,8812
2026-04-30,달성교육지원청-대구예아람학교앞,8271,539,8810
2026-04-30,반야월모란1차아파트,6215,2594,8809
2026-04-30,동일초등학교앞,4898,3889,8787
2026-04-30,홈플러스칠곡점앞,5294,3492,8786
2026-04-30,들안길초등학교앞,5561,3224,8785
2026-04-30,월드컵삼거리앞,5779,3005,8784
2026-04-30,만경관앞,7048,1733,8781
2026-04-30,북구선거관리위원회건너,7026,1719,8745
2026-04-30,성서주공1단지건너,7215,1524,8739
2026-04-30,한라하우젠트건너,7844,890,8734
2026-04-30,칠성시장역(서문프라자건너),3643,5085,8728
2026-04-30,수성동일하이빌정문,5884,2815,8699
2026-04-30,팔달시장역,3893,4802,8695
2026-04-30,엑스코앞,7443,1248,8691
2026-04-30,용산종합큰시장앞,6044,2641,8685
2026-04-30,대구역센트럴자이,7670,1010,8680
2026-04-30,무태조야동행정복지센터앞1,7034,1645,8679
2026-04-30,성서2차서한타운1,7972,678,8650
2026-04-30,평리6동행정복지센터앞,5064,3581,8645
2026-04-30,대구중학교앞,6725,1906,8631
2026-04-30,영남일보건너,6383,2236,8619
2026-04-30,민들레아파트후문앞,8601,13,8614
2026-04-30,텍스빌,6706,1901,8607
2026-04-30,동대구동화아이위시아파트건너,2616,5977,8593
2026-04-30,보람타운앞,6110,2441,8551
2026-04-30,신매태성아파트건너,6518,2024,8542
2026-04-30,국민연금네거리1,5681,2858,8539
2026-04-30,대림육교1,2428,6104,8532
2026-04-30,유니버시아드선수촌2단지앞,6669,1858,8527
2026-04-30,진천청구타운앞,7700,822,8522
2026-04-30,성서푸른마을아파트건너,7486,1020,8506
2026-04-30,대곡주공1단지앞,5415,3089,8504
2026-04-30,봉덕교회앞,6082,2422,8504
2026-04-30,건영캐스빌앞,6017,2480,8497
2026-04-30,이진캐스빌건너,8128,356,8484
2026-04-30,경북교통앞,4337,4136,8473
2026-04-30,다사농협주유소앞,7761,675,8436
2026-04-30,동구청역(3번출구),6345,2083,8428
2026-04-30,청구시장건너,7091,1284,8375
2026-04-30,대구의료원앞,5489,2878,8367
2026-04-30,상공회의소건너,5483,2868,8351
2026-04-30,달서에스케이뷰아파트앞,6117,2230,8347
2026-04-30,남부교육지원청앞,6528,1812,8340
2026-04-30,남구청네거리1,6532,1798,8330
2026-04-30,신천3동행정복지센터앞,2851,5468,8319
2026-04-30,성서보성타운2차앞,5962,2351,8313
2026-04-30,황금힐스테이트,5216,3072,8288
2026-04-30,대구의료원라파엘웰빙센터건너,4635,3633,8268
2026-04-30,수성못코오롱하늘채,6379,1889,8268
2026-04-30,숙천초교입구,6956,1293,8249
2026-04-30,침산초등학교건너,5906,2322,8228
2026-04-30,평광3차아파트,7421,803,8224
2026-04-30,팔달역1,7496,727,8223
2026-04-30,비산초등학교건너,6350,1861,8211
2026-04-30,월성코오롱하늘채앞,6812,1397,8209
2026-04-30,만촌우방1차건너,7989,208,8197
2026-04-30,복현장미맨션앞,5887,2305,8192
2026-04-30,죽전역(2번출구),6926,1259,8185
2026-04-30,동화시설집단지구(종점)2(대구시민안전테마파크),7547,607,8154
2026-04-30,입석중학교앞,5384,2767,8151
2026-04-30,LG물류센터건너,5812,2314,8126
2026-04-30,삼성래미안2차건너,5911,2210,8121
2026-04-30,장동초등학교앞,6269,1848,8117
2026-04-30,홈플러스동촌점앞,6604,1505,8109
2026-04-30,트레이더스홀세일클럽비산점건너,3024,5048,8072
2026-04-30,태전중앙시장앞,4518,3552,8070
2026-04-30,우미린아파트앞,7702,367,8069
2026-04-30,봉산가구골목(동편),4566,3488,8054
2026-04-30,토지주택공사건너,4665,3370,8035
2026-04-30,수성교2,4873,3154,8027
2026-04-30,범물청구타운건너,2454,5564,8018
2026-04-30,서구청소년수련관건너,6340,1678,8018
2026-04-30,달성중학교건너,7096,920,8016
2026-04-30,칠곡IC 2,7861,150,8011
2026-04-30,연경1공영주차장건너,5995,2010,8005
2026-04-30,조달청건너,3931,4063,7994
2026-04-30,범물한라주택앞,1421,6534,7955
2026-04-30,침산중학교앞,7343,596,7939
2026-04-30,두류보성맨션앞,4363,3567,7930
2026-04-30,불로동고분군앞,4458,3462,7920
2026-04-30,대건고교-효성여고앞,6447,1432,7879
2026-04-30,시지천마타운앞,4429,3441,7870
2026-04-30,율하역(5번출구),7088,780,7868
2026-04-30,신천역(2번출구),5617,2244,7861
2026-04-30,서재동화아이위시2차앞,6183,1668,7851
2026-04-30,구암교1,6647,1203,7850
2026-04-30,청라언덕(신남)역(1번출구),5270,2565,7835
2026-04-30,두류보성맨션건너,6958,871,7829
2026-04-30,포산고등학교3,7775,49,7824
2026-04-30,칠곡동화아파트건너,5057,2759,7816
2026-04-30,칠곡중학교앞(칠곡향교앞),7253,557,7810
2026-04-30,구.남부정류장앞2,5737,2066,7803
2026-04-30,율하근린공원건너,1949,5832,7781
2026-04-30,장동초등학교건너,6544,1206,7750
2026-04-30,중리광명맨션앞,6225,1493,7718
2026-04-30,동신초등학교앞,4253,3462,7715
2026-04-30,용전초등학교남편,4013,3670,7683
2026-04-30,태현초등학교앞,7575,75,7650
2026-04-30,지묘교2,7485,158,7643
2026-04-30,죽곡휴먼시아1단지앞,632,7004,7636
2026-04-30,송원맨션앞,5567,2061,7628
2026-04-30,본리지구앞,6508,1111,7619
2026-04-30,두성파크아파트건너,5613,1989,7602
2026-04-30,새론초등학교건너,6927,664,7591
2026-04-30,SD아이프라임강북아파트,7289,299,7588
2026-04-30,서대구시장건너,4757,2816,7573
2026-04-30,LH10단지아파트건너,6152,1416,7568
2026-04-30,산림조합중앙회건너,2822,4740,7562
2026-04-30,국우초등학교건너,7387,173,7560
2026-04-30,복현푸르지오아파트앞,5700,1843,7543
2026-04-30,서재금봉타운,4817,2724,7541
2026-04-30,월배아이파크2차건너,6548,983,7531
2026-04-30,뉴평리도서관앞,6568,955,7523
2026-04-30,성서4차산업단지앞2,5747,1775,7522
2026-04-30,동부고교앞,5862,1616,7478
2026-04-30,남부교육지원청건너,6381,1084,7465
2026-04-30,대산초등학교앞,6620,844,7464
2026-04-30,다사농협세천지점건너,6001,1462,7463
2026-04-30,퀸스로드앞(동편),5881,1575,7456
2026-04-30,효목네거리1,6262,1170,7432
2026-04-30,무태새마을금고앞,6673,754,7427
2026-04-30,반고개(내당역4번출구),2605,4809,7414
2026-04-30,본리아카시아맨션,4802,2603,7405
2026-04-30,대건고교-효성여고건너,5977,1415,7392
2026-04-30,신당동행정복지센터앞,6838,523,7361
2026-04-30,부영3단지,3971,3385,7356
2026-04-30,쌍계리,1428,5918,7346
2026-04-30,지산청구타운건너,3774,3556,7330
2026-04-30,조일고등학교(종점),6475,817,7292
2026-04-30,역전시장앞,5642,1631,7273
2026-04-30,아양교4,4614,2626,7240
2026-04-30,상리동입구,1915,5320,7235
2026-04-30,우방금탑아파트(서편),3234,4000,7234
2026-04-30,안심중학교건너,2274,4945,7219
2026-04-30,서도초등학교서편1,6081,1137,7218
2026-04-30,기업은행대곡지점건너,1726,5487,7213
2026-04-30,두산동행정복지센터앞,6536,662,7198
2026-04-30,홈플러스동촌점건너,4087,3098,7185
2026-04-30,태전두성타운건너,4808,2361,7169
2026-04-30,대우트럼프월드수성앞,2994,4163,7157
2026-04-30,강북경찰서건너,3472,3680,7152
2026-04-30,봉덕2차화성파크드림,6095,1054,7149
2026-04-30,성서보성타운2차건너1,6364,760,7124
2026-04-30,교동시장앞,5029,2073,7102
2026-04-30,국가산단반도유보라3차건너,7040,57,7097
2026-04-30,연경뉴웰시티아파트앞,6191,901,7092
2026-04-30,산격거평타운앞,4223,2868,7091
2026-04-30,고성지구대2,4139,2934,7073
2026-04-30,동원약품,5603,1467,7070
2026-04-30,서도초등학교서편2,5460,1598,7058
2026-04-30,죽전119안전센터건너,4744,2301,7045
2026-04-30,이현자동차검사소앞,6385,659,7044
2026-04-30,수성구민운동장건너,4288,2753,7041
2026-04-30,팔공산IC입구,1087,5951,7038
2026-04-30,수성시니어클럽앞,6424,607,7031
2026-04-30,신천역(3번출구),5581,1450,7031
2026-04-30,북대구세무서앞,4413,2617,7030
2026-04-30,우방만촌하이츠앞,3604,3407,7011
2026-04-30,이천치안센터건너,4073,2932,7005
2026-04-30,서부정류장역2(1번출구),4862,2142,7004
2026-04-30,한국방송통신전파진흥원앞,5048,1951,6999
2026-04-30,팔공정보문화센터건너,1081,5902,6983
2026-04-30,들안길초등학교건너,5191,1791,6982
2026-04-30,도남LH2단지아파트앞,6490,484,6974
2026-04-30,신세계주유소건너,6486,479,6965
2026-04-30,본리초교네거리2,5894,1069,6963
2026-04-30,CBS방송국앞,4061,2874,6935
2026-04-30,서구제일사회복지관건너,1876,5055,6931
2026-04-30,조야동(종점),6559,360,6919
2026-04-30,우방죽전타운앞1,5566,1352,6918
2026-04-30,전자관,5464,1434,6898
2026-04-30,동서변그린빌건너,5559,1337,6896
2026-04-30,호텔수성앞,5986,905,6891
2026-04-30,대구IM뱅크PARK동편앞,5852,1026,6878
2026-04-30,대봉네거리1,5809,1067,6876
2026-04-30,서대구공단네거리4,4797,2055,6852
2026-04-30,동부중학교건너,6034,806,6840
2026-04-30,신월초등학교앞,4576,2261,6837
2026-04-30,뉴평리도서관건너,3716,3096,6812
2026-04-30,범물하이츠앞,6629,179,6808
2026-04-30,태왕아너스베스트앞,5928,875,6803
2026-04-30,동부중학교앞,3590,3204,6794
2026-04-30,북구보건소건너,5469,1317,6786
2026-04-30,대자연맨션건너,4445,2338,6783
2026-04-30,안심역(1번출구),5983,783,6766
2026-04-30,각산푸르지오,4545,2208,6753
2026-04-30,공항시장앞,3121,3620,6741
2026-04-30,국립신암선열공원앞,4898,1834,6732
2026-04-30,명문세가APT건너,5412,1319,6731
2026-04-30,대봉네거리2,3159,3571,6730
2026-04-30,현풍새마을금고,5900,829,6729
2026-04-30,대구행복기숙사앞,4033,2695,6728
2026-04-30,성서청구타운앞,4899,1804,6703
2026-04-30,대평중학교앞,4698,1997,6695
2026-04-30,연경초등학교건너,5789,903,6692
2026-04-30,팔공유치원앞,6159,528,6687
2026-04-30,금호천년나무1단지동편,6615,56,6671
2026-04-30,방촌치안센터앞,4916,1753,6669
2026-04-30,성서주공5단지앞,4886,1760,6646
2026-04-30,내당코오롱아파트앞,5481,1151,6632
2026-04-30,율하교동편2,4895,1734,6629
2026-04-30,우방드림시티앞,4545,2077,6622
2026-04-30,지저동행정복지센터앞,4210,2390,6600
2026-04-30,대구국제공항건너,411,6185,6596
2026-04-30,혁신도시입구1,5495,1090,6585
2026-04-30,서평초등학교,5620,960,6580
2026-04-30,거동교1,5210,1362,6572
2026-04-30,남대구IC2,5328,1242,6570
2026-04-30,불로우방아파트건너,4318,2249,6567
2026-04-30,방천리공영차고지,4968,1594,6562
2026-04-30,불로봉무파출소,5011,1545,6556
2026-04-30,대구향교건너,2426,4119,6545
2026-04-30,덕화중학교앞,3310,3226,6536
2026-04-30,대구보건대학교앞1,5436,1099,6535
2026-04-30,녹원맨션,5492,1042,6534
2026-04-30,삼익뉴타운건너,4290,2218,6508
2026-04-30,실내체육관앞,5154,1335,6489
2026-04-30,성남초등학교앞,5762,707,6469
2026-04-30,성지중학교앞,3240,3228,6468
2026-04-30,중리중학교,5798,663,6461
2026-04-30,강북중학교앞,6297,158,6455
2026-04-30,용산1동행정복지센터앞,3864,2587,6451
2026-04-30,한남중미용정보고등학교앞,5506,945,6451
2026-04-30,금호서한이다음아파트앞,5672,770,6442
2026-04-30,KT남대구지사건너2,4524,1916,6440
2026-04-30,봉덕시장건너1,3746,2689,6435
2026-04-30,강서소방서건너,619,5814,6433
2026-04-30,실내체육관건너,4387,2031,6418
2026-04-30,대성베르힐4단지앞,6302,89,6391
2026-04-30,무궁화어린이공원입구건너,3980,2409,6389
2026-04-30,엘디스리젠트호텔건너,2495,3894,6389
2026-04-30,월성자이앞,4925,1458,6383
2026-04-30,대봉2동행정복지센터건너,5518,851,6369
2026-04-30,각산역(1번출구),4392,1955,6347
2026-04-30,함지초등학교앞,5924,420,6344
2026-04-30,가창농협건너,3578,2738,6316
2026-04-30,인동촌시장건너,3649,2664,6313
2026-04-30,대구칠곡초등학교앞,3536,2774,6310
2026-04-30,도남힐스테이트4단지건너,5348,942,6290
2026-04-30,2.28기념중앙공원건너2,4276,2009,6285
2026-04-30,서대구역서한이다음더퍼스트,4627,1647,6274
2026-04-30,역전시장건너,4407,1866,6273
2026-04-30,무궁화LPG충전소건너,4065,2204,6269
2026-04-30,강변동서마을앞,4305,1943,6248
2026-04-30,상인비둘기1단지아파트건너,4999,1248,6247
2026-04-30,성화여고앞,4107,2127,6234
2026-04-30,북중학교앞,4818,1413,6231
2026-04-30,수성아트피아앞,4601,1625,6226
2026-04-30,장기초록나라앞,4764,1456,6220
2026-04-30,아양아트센터앞,4540,1675,6215
2026-04-30,비산7동우체국건너,3632,2581,6213
2026-04-30,태왕메트로시티앞,3993,2210,6203
2026-04-30,서재동화아이위시2차건너,4745,1428,6173
2026-04-30,평광3차아파트건너,5217,952,6169
2026-04-30,망우당공원앞,3938,2228,6166
2026-04-30,어린이세상앞,4146,2020,6166
2026-04-30,백자맨션앞,4122,2032,6154
2026-04-30,호텔수성건너,4822,1326,6148
2026-04-30,범물2동행정복지센터건너,5686,443,6129
2026-04-30,팔달신시장2,4953,1175,6128
2026-04-30,서동초등학교앞,5638,471,6109
2026-04-30,옥포간경리1,4238,1856,6094
2026-04-30,팔공3차보성타운앞,5564,522,6086
2026-04-30,대백창신한라타운앞,3953,2120,6073
2026-04-30,대신센트럴자이,5272,794,6066
2026-04-30,한도아파트앞,5832,227,6059
2026-04-30,내당광명아파트,4281,1765,6046
2026-04-30,대구농업마이스터고후문앞,5215,823,6038
2026-04-30,방촌맨션앞,4550,1471,6021
2026-04-30,옥포초등학교앞,5112,907,6019
2026-04-30,월성주공3단지,4195,1821,6016
2026-04-30,홈플러스칠곡점건너,4764,1235,5999
2026-04-30,칠곡3차화성타운2,5171,824,5995
2026-04-30,송현여중고교앞,3530,2464,5994
2026-04-30,들안길네거리1,5541,447,5988
2026-04-30,대구의료원라파엘웰빙센터,4441,1544,5985
2026-04-30,신월초등학교건너,5111,853,5964
2026-04-30,중석타운앞,5708,256,5964
2026-04-30,칠성시장(전자상가건너),5596,366,5962
2026-04-30,파계사(종점),5208,749,5957
2026-04-30,농수산물도매시장건너,4494,1448,5942
2026-04-30,남도버스2,4513,1428,5941
2026-04-30,성서우체국앞,3742,2196,5938
2026-04-30,율하남교2,3668,2267,5935
2026-04-30,비철금속협업단지앞,5514,405,5919
2026-04-30,노원네거리2(오봉새마을금고건너),5073,824,5897
2026-04-30,팔달역2,581,5315,5896
2026-04-30,어린이세상건너1,1977,3905,5882
2026-04-30,상인삼미타운앞,5093,787,5880
2026-04-30,학정청아람앞,3807,2045,5852
2026-04-30,대곡주공8단지건너,5059,789,5848
2026-04-30,율원초등학교앞,5145,698,5843
2026-04-30,수성아트피아건너,3733,2107,5840
2026-04-30,대구일마이스터고교건너,3457,2382,5839
2026-04-30,이곡1동행정복지센터앞,2755,3082,5837
2026-04-30,칠곡시장앞,3761,2076,5837
2026-04-30,대원고등학교,2839,2987,5826
2026-04-30,현풍경남은행건너,5057,769,5826
2026-04-30,적십자혈액원건너,4590,1219,5809
2026-04-30,한화꿈에그린건너1,3083,2720,5803
2026-04-30,금봉네거리2,4708,1094,5802
2026-04-30,학산공원1,3423,2375,5798
2026-04-30,안심중학교앞,3779,2003,5782
2026-04-30,시민교회건너,5238,520,5758
2026-04-30,월배아이파크2차앞,1987,3768,5755
2026-04-30,서도초등학교앞,4816,936,5752
2026-04-30,효목2동행정복지센터,4686,1055,5741
2026-04-30,대곡고등학교건너,4358,1382,5740
2026-04-30,산격거평타운건너,2184,3540,5724
2026-04-30,검단유성아파트건너,3708,2014,5722
2026-04-30,신매역(4번출구),4407,1279,5686
2026-04-30,대구우편집중국앞,3394,2286,5680
2026-04-30,만촌1동행정복지센터,3659,2019,5678
2026-04-30,동신초등학교건너,4178,1496,5674
2026-04-30,엑스코건너,3714,1944,5658
2026-04-30,태왕아너스복현건너,4276,1375,5651
2026-04-30,현풍경남은행앞,4824,819,5643
2026-04-30,동서리치모아앞,4097,1542,5639
2026-04-30,동대구동화아이위시아파트앞,4496,1141,5637
2026-04-30,연경초등학교앞,4878,750,5628
2026-04-30,봉무초등학교건너,5122,505,5627
2026-04-30,스파밸리2,5559,65,5624
2026-04-30,소선여중건너,3011,2610,5621
2026-04-30,한샘교회,3926,1694,5620
2026-04-30,송현제림타운앞,4425,1194,5619
2026-04-30,월성코오롱하늘채건너,3956,1662,5618
2026-04-30,청라국민체육센터앞,4695,921,5616
2026-04-30,새각단앞,5422,158,5580
2026-04-30,청라언덕(신남)역(8번출구),4254,1312,5566
2026-04-30,황금초등학교앞,5245,318,5563
2026-04-30,팔거역3,4389,1166,5555
2026-04-30,죽전동 행정복지센터앞,3365,2189,5554
2026-04-30,퀸스로드건너(동편),4364,1188,5552
2026-04-30,이곡1동행정복지센터건너,5089,453,5542
2026-04-30,매천중고등학교앞,4321,1211,5532
2026-04-30,모다아울렛앞,2438,3093,5531
2026-04-30,상인2동행정복지센터건너,5268,254,5522
2026-04-30,지묘교1,3883,1636,5519
2026-04-30,지산현대주택건너,4054,1442,5496
2026-04-30,성서동서서한타운앞,4937,555,5492
2026-04-30,화랑교1,1419,4070,5489
2026-04-30,강변동서마을건너,5174,305,5479
2026-04-30,대구교통공사건너,1523,3954,5477
2026-04-30,성당포스코더샵건너,3469,2007,5476
2026-04-30,파동우체국앞,3060,2402,5462
2026-04-30,수성랜드1,4847,614,5461
2026-04-30,충혼탑건너,5179,274,5453
2026-04-30,대곡주공6단지앞,4393,1042,5435
2026-04-30,다사농협세천지점앞,4563,871,5434
2026-04-30,장기먹거리촌앞,4136,1296,5432
2026-04-30,칠곡그린빌5단지건너,4719,711,5430
2026-04-30,달서에스케이뷰아파트(북편),5216,198,5414
2026-04-30,중흥S클래스앞,5321,88,5409
2026-04-30,구암역(운전면허시험장)1,4499,900,5399
2026-04-30,동화사입구건너,5384,13,5397
2026-04-30,지산동서맨션건너,3720,1672,5392
2026-04-30,사수초등학교건너,2920,2464,5384
2026-04-30,산격4동행정복지센터앞,4362,1003,5365
2026-04-30,송정삼거리3,2852,2508,5360
2026-04-30,대산초등학교건너,2669,2677,5346
2026-04-30,태전중앙시장건너,3239,2096,5335
2026-04-30,장성초등학교건너,586,4744,5330
2026-04-30,남구종합스포츠타운앞,4558,769,5327
2026-04-30,대구텍앞,3344,1977,5321
2026-04-30,동서리치모아건너,4058,1243,5301
2026-04-30,도시철도수성구청역북편1,736,4560,5296
2026-04-30,계명대역(1번출구),1427,3833,5260
2026-04-30,영남우방타운1차앞,4581,676,5257
2026-04-30,남해오네뜨2차앞,3518,1730,5248
2026-04-30,남부경찰서건너,2757,2472,5229
2026-04-30,송현여중고교건너,3769,1449,5218
2026-04-30,영남네오빌건너,2315,2890,5205
2026-04-30,성서초등학교건너,4507,692,5199
2026-04-30,비산7동우체국앞2,2665,2531,5196
2026-04-30,동서교회앞,3008,2187,5195
2026-04-30,칠곡화성타운건너,4856,339,5195
2026-04-30,다사고등학교앞,985,4209,5194
2026-04-30,NH농협혁신도시지점앞,4683,510,5193
2026-04-30,북구청네거리1,2517,2669,5186
2026-04-30,율하휴먼시아5단지건너,2560,2616,5176
2026-04-30,계명대대명캠퍼스후문건너,4076,1092,5168
2026-04-30,남부초등학교앞2,3912,1235,5147
2026-04-30,율금초등학교건너,4844,291,5135
2026-04-30,황제맨션앞,4135,982,5117
2026-04-30,교대부설초등학교건너,4536,571,5107
2026-04-30,팔달중학교건너,4837,266,5103
2026-04-30,동아스포츠센터(지산초교앞),4854,246,5100
2026-04-30,아너스월성앞,3767,1322,5089
2026-04-30,거동교2,3487,1585,5072
2026-04-30,화원삼주타운건너,4484,585,5069
2026-04-30,수성알파시티2,2623,2445,5068
2026-04-30,수성못앞,4017,1050,5067
2026-04-30,수성시장건너,4391,665,5056
2026-04-30,칠곡주공그린빌1단지건너,4774,274,5048
2026-04-30,봉무청구새들마을앞,4043,998,5041
2026-04-30,평리중학교앞,4610,431,5041
2026-04-30,서재동화아이위시앞,3279,1744,5023
2026-04-30,신서성당건너,3802,1219,5021
2026-04-30,칠곡화성타운앞1,2876,2135,5011
2026-04-30,신성에스앤티건너,3955,1032,4987
2026-04-30,서도초등학교건너,3227,1740,4967
2026-04-30,도남힐스테이트3단지건너,1852,3109,4961
2026-04-30,서대구고속버스터미널,2730,2230,4960
2026-04-30,삼성래미안2차앞,3147,1812,4959
2026-04-30,대원고등학교건너,3330,1617,4947
2026-04-30,정호승문학관건너(구.신천시장),4125,821,4946
2026-04-30,대동시장1,4048,878,4926
2026-04-30,경명여고앞,3142,1778,4920
2026-04-30,달성우신미가뷰건너,4908,10,4918
2026-04-30,모토닉,1617,3283,4900
2026-04-30,동부경찰서건너,2393,2506,4899
2026-04-30,학남고등학교앞,4046,838,4884
2026-04-30,화원유원지(사문진주막촌),4562,322,4884
2026-04-30,대구지방법원등기국앞,2369,2493,4862
2026-04-30,오성아파트,376,4460,4836
2026-04-30,서구제일사회복지관앞,3934,897,4831
2026-04-30,고성아파트건너(서편),1977,2852,4829
2026-04-30,영조아파트3단지앞,4783,40,4823
2026-04-30,고산골입구,4000,817,4817
2026-04-30,복현성모약국앞,3407,1408,4815
2026-04-30,보성산호타운앞,2798,2014,4812
2026-04-30,수성고등학교건너,3888,917,4805
2026-04-30,K-2입구,3798,1003,4801
2026-04-30,삼성명가타운,3258,1543,4801
2026-04-30,KT남대구지사앞2,2644,2153,4797
2026-04-30,대구북부소방서앞,1951,2846,4797
2026-04-30,서대구공단네거리3,3494,1302,4796
2026-04-30,동구청역(4번출구),3812,977,4789
2026-04-30,상인초등학교앞,951,3837,4788
2026-04-30,한샘교회건너,2349,2416,4765
2026-04-30,한국섬유개발연구원앞,4019,722,4741
2026-04-30,고성아파트건너,4373,366,4739
2026-04-30,명곡미래빌2단지앞,4155,571,4726
2026-04-30,하나리움앞,1569,3150,4719
2026-04-30,구암교2,2797,1917,4714
2026-04-30,두류공원2.28자유광장앞,1536,3168,4704
2026-04-30,성서동서서한타운건너,3850,852,4702
2026-04-30,대구칠곡초등학교건너,3902,795,4697
2026-04-30,메트로시티건너,4295,397,4692
2026-04-30,동서교회건너,4110,576,4686
2026-04-30,대구보건대학교건너1,3943,740,4683
2026-04-30,대구비지니스센터앞,3754,927,4681
2026-04-30,문양역건너,2904,1777,4681
2026-04-30,성명119안전센터건너1,2339,2342,4681
2026-04-30,율하휴먼시아6단지건너,3762,919,4681
2026-04-30,서한이다음1차앞,4423,246,4669
2026-04-30,안심주공1단지앞,3625,1037,4662
2026-04-30,대명9동행정복지센터건너,3871,786,4657
2026-04-30,동화골든빌(동편),3490,1166,4656
2026-04-30,적십자혈액원앞,3244,1412,4656
2026-04-30,방공포병학교건너,3590,1063,4653
2026-04-30,송현초등학교건너,3518,1132,4650
2026-04-30,팔공유치원건너,3668,974,4642
2026-04-30,동화골든빌(남편),516,4122,4638
2026-04-30,봉명네거리2,4242,389,4631
2026-04-30,명곡미래빌3단지건너,2817,1805,4622
2026-04-30,율하남교1,1004,3614,4618
2026-04-30,대구해올고교앞,3343,1271,4614
2026-04-30,효목시장(남편),3891,712,4603
2026-04-30,만촌초등학교건너2,3885,713,4598
2026-04-30,본리네거리,3211,1372,4583
2026-04-30,팔공3차보성타운건너,3484,1089,4573
2026-04-30,서재동화아이위시3차건너,3514,1051,4565
2026-04-30,용계삼거리2,2042,2504,4546
2026-04-30,명곡리2,2930,1611,4541
2026-04-30,흥사단 대구지부건너,3539,1001,4540
2026-04-30,고산농협창고앞,992,3542,4534
2026-04-30,신천3치안센터건너,2905,1622,4527
2026-04-30,계명대학교대명캠퍼스후문앞,3526,992,4518
2026-04-30,오페라하우스앞,3296,1206,4502
2026-04-30,신서신일해피트리아파트,3583,914,4497
2026-04-30,본리지구건너,3796,697,4493
2026-04-30,불교한방병원앞2,3459,1032,4491
2026-04-30,침산남영타운앞,3749,740,4489
2026-04-30,상인동화아이위시아파트앞,2041,2436,4477
2026-04-30,명곡미래빌1단지,3765,708,4473
2026-04-30,이시아폴리스더샵1단지,4327,137,4464
2026-04-30,상동네거리,2891,1551,4442
2026-04-30,수성태영데시앙앞,3816,624,4440
2026-04-30,이월드(구.우방랜드)후문건너,2871,1560,4431
2026-04-30,용산역,4186,238,4424
2026-04-30,본리네거리3,1987,2431,4418
2026-04-30,서한이다음2차앞,4086,319,4405
2026-04-30,대봉2동행정복지센터입구,2796,1604,4400
2026-04-30,KT북대구지사앞,3916,470,4386
2026-04-30,원대오거리북편1,1806,2579,4385
2026-04-30,만촌초등학교건너1,3104,1279,4383
2026-04-30,북성공구골목,2001,2382,4383
2026-04-30,강서소방서앞,4242,135,4377
2026-04-30,동서아파트건너,3836,535,4371
2026-04-30,봉산육거리,3779,578,4357
2026-04-30,솔렌스힐건너,3334,1022,4356
2026-04-30,백안삼거리2,4278,77,4355
2026-04-30,범물두성타운건너,4321,30,4351
2026-04-30,팔거역4,3157,1188,4345
2026-04-30,대구시동인청사건너,1784,2552,4336
2026-04-30,강동중·고등학교건너,4326,8,4334
2026-04-30,북구청네거리2,3493,833,4326
2026-04-30,관음변전소1,4077,247,4324
2026-04-30,매일신문사앞,3379,932,4311
2026-04-30,서변동영남네오빌앞,3819,478,4297
2026-04-30,황금2동치안센터앞,3904,388,4292
2026-04-30,대덕천주교회3,4132,155,4287
2026-04-30,무열대건너,2890,1391,4281
2026-04-30,제일풍경채앞,2569,1704,4273
2026-04-30,전기안전공사앞,3437,830,4267
2026-04-30,대구경찰청,3424,827,4251
2026-04-30,각산비나리공원앞,3912,332,4244
2026-04-30,신천3동행정복지센터건너,3215,1026,4241
2026-04-30,대구과학대학교앞,3662,571,4233
2026-04-30,율하휴먼시아9단지앞,3977,250,4227
2026-04-30,한국섬유개발연구원건너,2090,2126,4216
2026-04-30,상동천주교회앞,2140,2046,4186
2026-04-30,대성베르힐4단지건너,1860,2322,4182
2026-04-30,북동초등학교건너,2627,1553,4180
2026-04-30,동부고교건너,2560,1615,4175
2026-04-30,성산중학교앞,3795,371,4166
2026-04-30,LH10단지아파트앞,2564,1586,4150
2026-04-30,성서푸른마을아파트앞2,2487,1657,4144
2026-04-30,대구비지니스센터건너,3304,839,4143
2026-04-30,성남초등학교건너,1696,2438,4134
2026-04-30,효목네거리2,1575,2540,4115
2026-04-30,이월드(구.우방랜드)후문앞,2787,1323,4110
2026-04-30,율하휴먼시아6단지앞,3617,492,4109
2026-04-30,안지랑골입구건너,3929,168,4097
2026-04-30,앞산태왕아너스앞,4058,30,4088
2026-04-30,대구과학대학교건너,3480,606,4086
2026-04-30,수성못건너,2624,1460,4084
2026-04-30,망우당공원건너,1355,2715,4070
2026-04-30,성지중학교건너,3189,881,4070
2026-04-30,정호승문학관앞(구.신천시장),2951,1118,4069
2026-04-30,북동초등학교앞,3824,241,4065
2026-04-30,청구시장북편건너,3032,1027,4059
2026-04-30,공산동행정복지센터앞,3856,193,4049
2026-04-30,매천초교(매천역)2,3605,442,4047
2026-04-30,서대구역네거리3,3387,660,4047
2026-04-30,성서주공1단지앞,1956,2086,4042
2026-04-30,달서초교,3654,387,4041
2026-04-30,동대구이안센트럴D아파트,2190,1850,4040
2026-04-30,백사벌네거리2,2481,1552,4033
2026-04-30,들안길네거리4,3220,800,4020
2026-04-30,이현지구대건너,3146,873,4019
2026-04-30,동아스포츠센터(지산중학교앞),2491,1520,4011
2026-04-30,칠곡2차영남타운앞,3333,674,4007
2026-04-30,매천역1,1677,2320,3997
2026-04-30,태성맨션앞,2713,1282,3995
2026-04-30,성북시장건너,2757,1235,3992
2026-04-30,비산웰빙하와이건너,3678,310,3988
2026-04-30,동일초등학교건너,3239,739,3978
2026-04-30,우방신천지타운건너,2799,1175,3974
2026-04-30,화남초등학교앞,3404,570,3974
2026-04-30,영남우방타운1차건너,3559,409,3968
2026-04-30,이안동대구아파트,3131,835,3966
2026-04-30,팔달중학교앞,3520,444,3964
2026-04-30,성당시장앞1,3354,609,3963
2026-04-30,신암보성아파트건너,2383,1573,3956
2026-04-30,가창초등학교건너,3451,501,3952
2026-04-30,대명사회복지관앞,3390,560,3950
2026-04-30,대구시동인청사앞,3518,428,3946
2026-04-30,침산중학교건너,3060,880,3940
2026-04-30,동서변월드메르디앙아파트,3407,528,3935
2026-04-30,새본리중학교앞,3548,380,3928
2026-04-30,더샵수성라크에르아파트건너,2449,1477,3926
2026-04-30,반야월역(4번출구)2,2584,1327,3911
2026-04-30,상중이동행정복지센터건너,2523,1369,3892
2026-04-30,건들바위건너,2772,1112,3884
2026-04-30,동원중학교,3316,565,3881
2026-04-30,본리롯데캐슬,3528,344,3872
2026-04-30,보성2차홍실타운앞,2955,908,3863
2026-04-30,본리초교네거리1,2887,976,3863
2026-04-30,수성태영데시앙건너,2409,1448,3857
2026-04-30,침산남영타운건너,2568,1277,3845
2026-04-30,설화명곡역우방아이유쉘앞,2086,1758,3844
2026-04-30,만촌초등학교앞,2795,1047,3842
2026-04-30,수성더팰리스푸르지오더샵아파트건너,1726,2113,3839
2026-04-30,월배힐스테이트건너,3640,183,3823
2026-04-30,만촌3차화성파크드림건너,3314,503,3817
2026-04-30,동문고등학교정문,3520,296,3816
2026-04-30,옥포농협강림지점앞,3371,445,3816
2026-04-30,대구역서희스타힐스건너,2166,1648,3814
2026-04-30,파군재삼거리1,981,2830,3811
2026-04-30,팔공초중학교앞,3563,246,3809
2026-04-30,달서구새마을회건너,3620,162,3782
2026-04-30,금포초등학교,3227,552,3779
2026-04-30,율원중학교건너,3604,173,3777
2026-04-30,경상여자고등학교건너,3027,743,3770
2026-04-30,대구반도체마이스터고등학교 건너,725,3040,3765
2026-04-30,명곡미래빌2단지건너,3393,369,3762
2026-04-30,오페라하우스건너,3115,647,3762
2026-04-30,구암초등학교앞,3544,214,3758
2026-04-30,앞산힐스테이트,2794,964,3758
2026-04-30,신용보증기금앞,1880,1873,3753
2026-04-30,두류공원2.28자유광장건너,2027,1716,3743
2026-04-30,대구연경아이파크아파트건너,3271,468,3739
2026-04-30,평리1동행정복지센터앞,3497,239,3736
2026-04-30,수성고등학교앞,2759,973,3732
2026-04-30,현풍중고등학교,3362,363,3725
2026-04-30,성서우체국건너,2478,1244,3722
2026-04-30,수목원풍경그린아파트앞,3634,84,3718
2026-04-30,연호동화훼단지2,2754,961,3715
2026-04-30,칠곡청구타운앞,3405,305,3710
2026-04-30,화성파크뷰앞,807,2900,3707
2026-04-30,중리시장건너2,929,2771,3700
2026-04-30,이곡장미공원건너,2487,1209,3696
2026-04-30,신성에스앤티앞,2765,930,3695
2026-04-30,첨단임상시험센터건너,3257,436,3693
2026-04-30,연암네거리2,3059,633,3692
2026-04-30,대구중학교건너,2304,1379,3683
2026-04-30,팔레스호텔앞2,1648,2034,3682
2026-04-30,연경뉴웰시티아파트건너,2826,837,3663
2026-04-30,노곡동,3631,30,3661
2026-04-30,불교한방병원건너2,2819,836,3655
2026-04-30,대륜중고등학교앞,2973,681,3654
2026-04-30,2차대자연맨션건너,1697,1953,3650
2026-04-30,시지대성유니드앞,3088,562,3650
2026-04-30,도곡교1,319,3322,3641
2026-04-30,국민은행3공단지점건너,2539,1100,3639
2026-04-30,인터불고호텔건너,3472,166,3638
2026-04-30,화원시장건너,3364,265,3629
2026-04-30,양지마을앞,3093,525,3618
2026-04-30,이곡장미공원앞,3144,471,3615
2026-04-30,더샵달서센트럴아파트앞,636,2975,3611
2026-04-30,대덕마을건너,624,2984,3608
2026-04-30,퀸스로드앞,2258,1349,3607
2026-04-30,두산동행정복지센터건너,1881,1724,3605
2026-04-30,보훈병원앞,3588,17,3605
2026-04-30,성서119안전센터건너,281,3320,3601
2026-04-30,황금초등학교건너,1900,1693,3593
2026-04-30,상화네거리,433,3155,3588
2026-04-30,복현오거리3,2639,947,3586
2026-04-30,한국도로공사앞,3534,52,3586
2026-04-30,동침산네거리,1363,2210,3573
2026-04-30,만촌태왕리더스앞2,3144,427,3571
2026-04-30,남부자동차종합시장건너,2382,1182,3564
2026-04-30,고성지구대1,2366,1193,3559
2026-04-30,칠곡부영1단지,2002,1557,3559
2026-04-30,연경금성백조예미지앞,2480,1076,3556
2026-04-30,대구고용노동청앞,2186,1365,3551
2026-04-30,매천성당앞,3066,484,3550
2026-04-30,상인제림아파트앞,1513,2027,3540
2026-04-30,칠곡대백맨션건너,3440,100,3540
2026-04-30,연경우방아이유쉘앞,2895,642,3537
2026-04-30,칠성꽃도매시장건너,2199,1324,3523
2026-04-30,영남우방타운2차아파트,2629,882,3511
2026-04-30,중리롯데캐슬정문앞,2806,704,3510
2026-04-30,대곡공원건너,2805,703,3508
2026-04-30,수성랜드2,1574,1934,3508
2026-04-30,강창교1(성서방향),3137,370,3507
2026-04-30,상인은행아파트건너,2382,1120,3502
2026-04-30,노원네거리1(오봉새마을금고앞),2674,818,3492
2026-04-30,이시아폴리스롯데아울렛앞,1465,2024,3489
2026-04-30,달성군보건소,3163,323,3486
2026-04-30,대구한의대학교부속한방병원앞,3209,262,3471
2026-04-30,만촌역(1번출구),1749,1720,3469
2026-04-30,보성2차홍실타운건너,2773,689,3462
2026-04-30,칠곡3차화성타운1,3174,286,3460
2026-04-30,상인청구타운건너,3167,292,3459
2026-04-30,중앙일보앞,3218,241,3459
2026-04-30,반고개역(3번출구),2162,1294,3456
2026-04-30,서대구공단네거리2,1308,2146,3454
2026-04-30,동촌지구대건너,3095,354,3449
2026-04-30,대명6동행정복지센터앞,3040,398,3438
2026-04-30,전기안전공사건너,1484,1954,3438
2026-04-30,달성교육지원청-대구예아람학교건너,2517,919,3436
2026-04-30,신생원앞,3390,35,3425
2026-04-30,경덕여고,2330,1093,3423
2026-04-30,만촌태왕리더스건너(남편),814,2609,3423
2026-04-30,대명사회복지관건너,2192,1226,3418
2026-04-30,화성쌍용타운앞1,2453,965,3418
2026-04-30,종로초등학교앞,2184,1233,3417
2026-04-30,조달청앞,2404,1007,3411
2026-04-30,침산동화타운건너,3294,100,3394
2026-04-30,이편한세상두류역앞,2916,468,3384
2026-04-30,베네딕도수녀원건너,3253,129,3382
2026-04-30,강북소방서건너,1445,1936,3381
2026-04-30,방공포병학교앞,1965,1411,3376
2026-04-30,노원119안전센터앞,2367,999,3366
2026-04-30,상인한서타운앞,2784,567,3351
2026-04-30,옥포초등학교건너,2626,725,3351
2026-04-30,경기장네거리1,2322,1020,3342
2026-04-30,룸비니유치원건너,2965,375,3340
2026-04-30,남명삼거리1,2915,424,3339
2026-04-30,칠성꽃도매시장앞,1675,1656,3331
2026-04-30,옥포무지개마을,3194,135,3329
2026-04-30,무궁화어린이공원입구,2468,860,3328
2026-04-30,평리중학교건너,2080,1230,3310
2026-04-30,보성서한타운앞,2919,386,3305
2026-04-30,칠곡주공그린빌1단지앞,2223,1079,3302
2026-04-30,국민은행3공단지점앞,2546,754,3300
2026-04-30,화원시장앞,2188,1111,3299
2026-04-30,근로복지공단대구병원건너,527,2765,3292
2026-04-30,경기장네거리2,2856,435,3291
2026-04-30,동대구초등학교앞,2774,513,3287
2026-04-30,성원아파트앞,2752,534,3286
2026-04-30,본리도서관앞,1452,1830,3282
2026-04-30,숙천초교입구건너,2290,986,3276
2026-04-30,수성도서관앞2,2286,988,3274
2026-04-30,율원초등학교건너,594,2676,3270
2026-04-30,경운초등학교앞,2798,464,3262
2026-04-30,한국산업단지공단앞,3045,214,3259
2026-04-30,매천대교3,262,2996,3258
2026-04-30,한국로봇산업진흥원앞,1943,1307,3250
2026-04-30,달구벌신협앞,2795,440,3235
2026-04-30,칠곡그린빌6단지건너,1965,1268,3233
2026-04-30,고산농협창고건너,2787,430,3217
2026-04-30,공산초등학교앞,3125,92,3217
2026-04-30,검단동대구축협앞,3191,18,3209
2026-04-30,보성은하타운앞,3085,116,3201
2026-04-30,칠곡우방타운앞(종점),2847,346,3193
2026-04-30,한국로봇산업진흥원건너,2299,876,3175
2026-04-30,한국패션센터,3011,154,3165
2026-04-30,대구경북지방병무청,2193,961,3154
2026-04-30,대성유니드앞,3008,143,3151
2026-04-30,혁신도시입구2,1447,1702,3149
2026-04-30,명곡미래빌5단지건너,2481,666,3147
2026-04-30,시립희망원,2033,1112,3145
2026-04-30,가창중학교건너,3099,40,3139
2026-04-30,대구은행역(3번출구),2692,445,3137
2026-04-30,대구테크노초등학교앞,736,2401,3137
2026-04-30,신세계주유소앞,1183,1953,3136
2026-04-30,신매역(7번출구),2585,549,3134
2026-04-30,신천교2,2504,629,3133
2026-04-30,고산정수사업소건너,2576,554,3130
2026-04-30,대구중앙중학교건너,3053,74,3127
2026-04-30,방촌치안센터건너,1407,1711,3118
2026-04-30,노원동화타운앞,2207,903,3110
2026-04-30,중동네거리,1121,1989,3110
2026-04-30,삼호아파트앞,1798,1311,3109
2026-04-30,상리동종점3,2762,342,3104
2026-04-30,매호1교앞,2260,842,3102
2026-04-30,동촌유원지,1919,1177,3096
2026-04-30,서부정류장역북편2,2641,451,3092
2026-04-30,칠곡화성타운앞2,2107,979,3086
2026-04-30,옥포농협건너,2766,319,3085
2026-04-30,퀸스로드건너,2183,902,3085
2026-04-30,한샘청동공원건너,2098,978,3076
2026-04-30,우방죽전타운앞2,2372,703,3075
2026-04-30,위남마을,2903,170,3073
2026-04-30,무태새마을금고건너,2001,1068,3069
2026-04-30,동호육교1,928,2127,3055
2026-04-30,와룡시장건너,2672,379,3051
2026-04-30,달구벌종합복지관건너,2692,348,3040
2026-04-30,진천청구타운건너,1736,1304,3040
2026-04-30,금복주건너,2181,857,3038
2026-04-30,여성메디파크,854,2168,3022
2026-04-30,수성알파시티1,2005,1014,3019
2026-04-30,율하롯데캐슬탑클래스건너,1505,1509,3014
2026-04-30,동원초등학교앞,2011,1001,3012
2026-04-30,서재문화체육센터건너,2461,550,3011
2026-04-30,군위버스터미널앞,2977,29,3006
2026-04-30,신천교1,1693,1305,2998
2026-04-30,율하고가교1,2046,942,2988
2026-04-30,사월보성2차앞,2561,426,2987
2026-04-30,상리공단,2443,540,2983
2026-04-30,부영5단지,2460,518,2978
2026-04-30,칠곡그린빌3차앞,1782,1195,2977
2026-04-30,덕원고등학교건너,2505,470,2975
2026-04-30,동대구역수화물취급소앞,1029,1942,2971
2026-04-30,월촌초등학교앞,2389,582,2971
2026-04-30,대구은행북비산지점건너2,1798,1172,2970
2026-04-30,수성소방서2,804,2162,2966
2026-04-30,칠성시장(전자상가앞),1796,1164,2960
2026-04-30,청백다례원,2178,781,2959
2026-04-30,경서중학교건너,2878,80,2958
2026-04-30,칠곡한신아파트앞2,2437,510,2947
2026-04-30,도곡교2,2872,70,2942
2026-04-30,용계삼거리3,1951,990,2941
2026-04-30,각산역(2번출구),277,2663,2940
2026-04-30,중부소방서건너,1660,1273,2933
2026-04-30,앞산별자리체험학습장1,2869,63,2932
2026-04-30,대덕천주교회2,2493,435,2928
2026-04-30,태왕그린힐즈앞2,2897,28,2925
2026-04-30,한국건강관리협회건너,1995,927,2922
2026-04-30,신당동행정복지센터건너,1539,1373,2912
2026-04-30,달성군민운동장앞,2175,736,2911
2026-04-30,율하휴먼시아8단지앞,2191,718,2909
2026-04-30,상인제림아파트건너,2362,546,2908
2026-04-30,달서시장건너,2517,380,2897
2026-04-30,이곡양수장앞,283,2613,2896
2026-04-30,칠곡한신아파트건너,2328,556,2884
2026-04-30,칠곡중학교건너(칠곡향교건너),1162,1712,2874
2026-04-30,동원초등학교남편,2185,679,2864
2026-04-30,대구향교앞,1698,1157,2855
2026-04-30,수성알파시티청아람앞,2091,764,2855
2026-04-30,달성화성파크드림앞,1363,1488,2851
2026-04-30,학남고등학교건너,2253,593,2846
2026-04-30,각산비나리공원건너,2294,551,2845
2026-04-30,노원네거리3(기업은행),2775,70,2845
2026-04-30,대청초등학교건너,442,2398,2840
2026-04-30,노원네거리(대구은행앞),2640,194,2834
2026-04-30,황금2동치안센터건너,1472,1359,2831
2026-04-30,보병50사단앞,2461,365,2826
2026-04-30,장성초등학교앞,818,2005,2823
2026-04-30,만촌화성파크스위트건너,2697,121,2818
2026-04-30,새론중학교건너,1923,895,2818
2026-04-30,달서아트센터건너,2499,318,2817
2026-04-30,율하선수촌2단지앞,2556,247,2803
2026-04-30,칠곡초등학교앞,2741,51,2792
2026-04-30,경명여고건너,2339,442,2781
2026-04-30,이진캐스빌앞,1643,1138,2781
2026-04-30,황금시장앞,2626,153,2779
2026-04-30,새론중학교앞,2584,193,2777
2026-04-30,진천역AK그랑폴리스아파트앞,2645,126,2771
2026-04-30,대구보건대학교앞2,1040,1730,2770
2026-04-30,평리3동행정복지센터건너,2501,269,2770
2026-04-30,구지면행정복지센터건너,2673,95,2768
2026-04-30,서재들건너,361,2406,2767
2026-04-30,삼성물류센터앞,81,2668,2749
2026-04-30,대구혁신에듀포레아파트건너,2359,387,2746
2026-04-30,상동가압장건너,2286,457,2743
2026-04-30,청구시장북편,1802,939,2741
2026-04-30,대구스마트고등학교건너,1949,791,2740
2026-04-30,덕원고등학교앞,1593,1136,2729
2026-04-30,학산아파트앞,1965,764,2729
2026-04-30,현충삼거리2,2613,113,2726
2026-04-30,새범어아파트앞,2244,481,2725
2026-04-30,중동교2,1810,911,2721
2026-04-30,서부정류장역북편1,1415,1305,2720
2026-04-30,그린빌4단지,905,1808,2713
2026-04-30,동촌해성아파트앞,1203,1500,2703
2026-04-30,월배국민체육센터앞,2493,210,2703
2026-04-30,대구미술관(대구간송미술관)앞,1784,917,2701
2026-04-30,동인네거리2,1003,1693,2696
2026-04-30,유천동행정복지센터건너,2199,494,2693
2026-04-30,상서고등학교건너,2410,281,2691
2026-04-30,화성센트럴파크,1791,899,2690
2026-04-30,명산교(화성명산타운건너),2451,235,2686
2026-04-30,청라국민체육센터건너,1876,808,2684
2026-04-30,상수도사업본부시설관리소앞,1309,1373,2682
2026-04-30,대봉1동행정복지센터앞,1508,1169,2677
2026-04-30,침산쌍용예가아파트앞,1949,726,2675
2026-04-30,산림조합중앙회앞,1732,942,2674
2026-04-30,함지초등학교건너,1822,851,2673
2026-04-30,대천119안전센터건너,2546,124,2670
2026-04-30,칠곡그린빌6단지앞,2312,343,2655
2026-04-30,대구경찰청건너,872,1781,2653
2026-04-30,서구문화회관건너,1521,1132,2653
2026-04-30,만촌1동 느지안전마을,1036,1613,2649
2026-04-30,중앙일보건너,1353,1293,2646
2026-04-30,성서국민체육센터앞,1871,770,2641
2026-04-30,서부고등학교건너,2041,590,2631
2026-04-30,대명9동행정복지센터앞,1619,1009,2628
2026-04-30,시민교회앞,1548,1079,2627
2026-04-30,달성군민운동장건너,2236,371,2607
2026-04-30,상인청구타운앞,1895,708,2603
2026-04-30,성광고등학교앞,577,2025,2602
2026-04-30,진월초등학교앞,1237,1361,2598
2026-04-30,유림물산,1953,644,2597
2026-04-30,화원농협주유소건너,1777,820,2597
2026-04-30,매천고교,2439,151,2590
2026-04-30,연경천년나무1단지앞,2528,62,2590
2026-04-30,칠곡한라타운건너,2490,100,2590
2026-04-30,대명6동행정복지센터건너,2074,509,2583
2026-04-30,앞산보성타운앞,2567,11,2578
2026-04-30,보병50사단건너,1448,1128,2576
2026-04-30,명곡미래빌5단지앞,1813,760,2573
2026-04-30,새론초등학교앞,1692,879,2571
2026-04-30,영남네오빌앞,1794,777,2571
2026-04-30,남구종합스포츠타운건너,1880,689,2569
2026-04-30,율원중학교앞,1956,587,2543
2026-04-30,안심주공2단지앞,183,2357,2540
2026-04-30,상수도중남부사업소건너,1628,911,2539
2026-04-30,농협중앙회중동지점건너,2361,177,2538
2026-04-30,대구미술관(대구간송미술관)건너,1411,1126,2537
2026-04-30,매천시장지하차도,1286,1247,2533
2026-04-30,중리시장건너1,1961,571,2532
2026-04-30,미대동1,2453,76,2529
2026-04-30,들안길네거리2,1053,1475,2528
2026-04-30,푸드웰건너,2504,23,2527
2026-04-30,동대구초등학교건너,1867,657,2524
2026-04-30,구암가구골목1,1559,962,2521
2026-04-30,덕원고등학교앞2,2402,117,2519
2026-04-30,동원비즈플랫폼앞,2155,362,2517
2026-04-30,솔렌스힐앞,1726,791,2517
2026-04-30,도시철도수성구청역북편2,2267,248,2515
2026-04-30,경운초등학교건너,1683,830,2513
2026-04-30,금호서한이다음아파트건너,2261,252,2513
2026-04-30,지산우방아파트,2152,360,2512
2026-04-30,수목원풍경그린아파트건너,860,1646,2506
2026-04-30,성서보성타운2차건너2,2260,244,2504
2026-04-30,범어2동1,581,1920,2501
2026-04-30,평리6동행정복지센터건너,1714,780,2494
2026-04-30,한국산업은행성서지점앞,2458,32,2490
2026-04-30,금호천년나무1단지동편건너,87,2397,2484
2026-04-30,연경천년나무1단지건너,2012,471,2483
2026-04-30,교항리앞,1187,1289,2476
2026-04-30,칠곡3차보성타운앞,2440,20,2460
2026-04-30,평리광명맨션앞,831,1618,2449
2026-04-30,호반베르디움2차건너,2404,45,2449
2026-04-30,서부정류장(우리은행),1466,981,2447
2026-04-30,혁신이노힐즈아파트앞,2337,108,2445
2026-04-30,은하타운건너,962,1480,2442
2026-04-30,구암역(운전면허시험장)2,1778,661,2439
2026-04-30,새방지하도1,2133,303,2436
2026-04-30,강북중학교건너,929,1494,2423
2026-04-30,덕인초등학교건너,1719,697,2416
2026-04-30,월배쌍용예가건너,2260,150,2410
2026-04-30,동화골든빌건너(남편),1340,1067,2407
2026-04-30,서한이다음4차건너,2246,142,2388
2026-04-30,롯데캐슬그랜드,1190,1196,2386
2026-04-30,나불지앞,1574,804,2378
2026-04-30,유통단지회차지,2063,315,2378
2026-04-30,금복주앞,1597,769,2366
2026-04-30,대실역청아람1단지앞,2133,231,2364
2026-04-30,유니온머티리얼,2086,272,2358
2026-04-30,대주기계앞,2301,56,2357
2026-04-30,장기초등학교,1802,552,2354
2026-04-30,동서아파트앞,1836,507,2343
2026-04-30,수성구선거관리위원회건너,1668,675,2343
2026-04-30,신평동1,543,1796,2339
2026-04-30,농산물도매시장앞,2152,184,2336
2026-04-30,노변중학교건너,1763,570,2333
2026-04-30,상동교2,1646,687,2333
2026-04-30,서대구KTX영무예다음앞,907,1426,2333
2026-04-30,미곡동2,2273,59,2332
2026-04-30,불로화훼단지건너,1828,501,2329
2026-04-30,월배중학교건너,1293,1034,2327
2026-04-30,가창초등학교앞,2225,99,2324
2026-04-30,서부고등학교앞,2151,166,2317
2026-04-30,옥포미진이지비아,2220,96,2316
2026-04-30,유신섬유네거리2,2144,171,2315
2026-04-30,명곡미래빌3단지앞,2241,71,2312
2026-04-30,대구스마트고등학교4,2277,34,2311
2026-04-30,인터불고호텔앞,1540,766,2306
2026-04-30,현풍농협,2104,199,2303
2026-04-30,효목1동행정복지센터,1352,951,2303
2026-04-30,송정삼거리4,1590,702,2292
2026-04-30,성서우방유쉘아파트앞,1535,749,2284
2026-04-30,청라언덕(신남)역(2번출구),1517,766,2283
2026-04-30,들안길네거리3,1121,1160,2281
2026-04-30,한국산업은행성서지점건너,448,1833,2281
2026-04-30,두산스포츠건너,1969,306,2275
2026-04-30,이마트반야월점앞,1771,502,2273
2026-04-30,화원신일해피트리앞,1459,811,2270
2026-04-30,구지119안전센터건너,1984,280,2264
2026-04-30,불교한방병원앞1,2092,168,2260
2026-04-30,현풍할매곰탕,1921,331,2252
2026-04-30,동문고등학교앞,1807,444,2251
2026-04-30,영남네오빌비스타,699,1548,2247
2026-04-30,신암보성아파트앞,875,1367,2242
2026-04-30,성원아파트건너,1893,344,2237
2026-04-30,금계초등학교(교항리)건너,2228,8,2236
2026-04-30,한국방송통신대학교건너,1740,495,2235
2026-04-30,상동시장앞,1662,570,2232
2026-04-30,진월초등학교건너,1584,641,2225
2026-04-30,신매역(3번출구),920,1292,2212
2026-04-30,매천센트럴파크앞,1974,235,2209
2026-04-30,대구삼성창조캠퍼스2,837,1370,2207
2026-04-30,도남힐스테이트2단지건너,2100,107,2207
2026-04-30,베네딕도수녀원,988,1218,2206
2026-04-30,경희강재앞,2042,163,2205
2026-04-30,서동초등학교건너,1912,287,2199
2026-04-30,월배농협대덕지점건너,1488,709,2197
2026-04-30,무태조야동행정복지센터앞3,1620,571,2191
2026-04-30,미8군후문건너,1447,741,2188
2026-04-30,산격4동행정복지센터건너,1887,291,2178
2026-04-30,서재보성타운앞,1609,566,2175
2026-04-30,원불교앞,1137,1038,2175
2026-04-30,월촌초등학교건너,1184,980,2164
2026-04-30,평리5동행정복지센터건너,692,1462,2154
2026-04-30,이편한세상두류역건너,1533,618,2151
2026-04-30,연암네거리3,87,2056,2143
2026-04-30,구암초등학교건너,1731,407,2138
2026-04-30,두류3동파출소건너,1817,309,2126
2026-04-30,칠곡경북대병원,1751,373,2124
2026-04-30,대구혁신에듀포레아파트후문앞,1150,971,2121
2026-04-30,월배차량기지앞,1912,206,2118
2026-04-30,대구제1.2예비군훈련장건너,1780,331,2111
2026-04-30,노변중학교,1621,481,2102
2026-04-30,달성보건너,1670,432,2102
2026-04-30,불로화훼단지앞,501,1598,2099
2026-04-30,현풍중고등학교건너,1809,290,2099
2026-04-30,건들바위앞,915,1183,2098
2026-04-30,매천성당건너1,1724,372,2096
2026-04-30,메트로시티앞,1672,424,2096
2026-04-30,만촌우방1차앞,795,1299,2094
2026-04-30,대구스타디움건너,1566,526,2092
2026-04-30,역사테마공원,2074,18,2092
2026-04-30,새범어아파트건너,1592,494,2086
2026-04-30,신암건영캐스빌아파트,1910,171,2081
2026-04-30,동호동건너(북구),641,1436,2077
2026-04-30,무태조야동연경분소2,1579,498,2077
2026-04-30,달구벌종합복지관앞,1745,331,2076
2026-04-30,현대금속,979,1086,2065
2026-04-30,봉덕2동새마을금고건너,1320,744,2064
2026-04-30,동화사입구앞,137,1926,2063
2026-04-30,팔공보성아파트건너,1349,708,2057
2026-04-30,대덕초등학교,1918,137,2055
2026-04-30,새동네아파트앞,561,1490,2051
2026-04-30,대덕천주교회4,393,1656,2049
2026-04-30,경대교앞,434,1607,2041
2026-04-30,파군재삼거리2,412,1629,2041
2026-04-30,북대구초등학교건너,1936,99,2035
2026-04-30,e-편한세상월배건너,1915,116,2031
2026-04-30,대구연경아이파크아파트앞,1159,861,2020
2026-04-30,심인고등학교건너,1806,214,2020
2026-04-30,대봉1동행정복지센터건너,1749,267,2016
2026-04-30,현풍백년도깨비시장앞,1651,363,2014
2026-04-30,동원초등학교후문앞,843,1170,2013
2026-04-30,새방지하도2,1766,245,2011
2026-04-30,호반베르디움2차앞,263,1748,2011
2026-04-30,송현2동행정복지센터건너,1588,422,2010
2026-04-30,나불지건너,1739,269,2008
2026-04-30,남도버스1,1983,25,2008
2026-04-30,차천네거리2,1890,117,2007
2026-04-30,지산영남맨션앞,1312,694,2006
2026-04-30,LH14단지아파트,1647,353,2000
2026-04-30,동원초등학교건너,1138,860,1998
2026-04-30,정부대구지방합동청사후문2,1969,23,1992
2026-04-30,평리네거리3,1118,871,1989
2026-04-30,대덕문화전당건너,1838,145,1983
2026-04-30,태왕그린힐즈건너,831,1152,1983
2026-04-30,매천중고등학교건너,81,1901,1982
2026-04-30,이현지구대앞,1154,826,1980
2026-04-30,동원초등학교후문건너,1633,344,1977
2026-04-30,룸비니유치원앞,1345,631,1976
2026-04-30,칠곡경북대병원정문앞,1307,667,1974
2026-04-30,남부도서관앞,610,1362,1972
2026-04-30,대구물류터미널앞,1688,284,1972
2026-04-30,현풍고속도로밑,1879,87,1966
2026-04-30,매천성당건너2,1455,504,1959
2026-04-30,미래아트빌앞,992,965,1957
2026-04-30,백사벌네거리1,1914,40,1954
2026-04-30,정평성당건너,1634,320,1954
2026-04-30,신덕마을입구앞,1861,89,1950
2026-04-30,명곡미래빌4단지,1868,81,1949
2026-04-30,대구IM뱅크PARK남편건너,1488,454,1942
2026-04-30,이월드(구.우방랜드)건너,1586,353,1939
2026-04-30,사복동입구교차로,1638,297,1935
2026-04-30,한마음주유소앞,1600,335,1935
2026-04-30,그린빌4단지건너,1777,157,1934
2026-04-30,화남초등학교건너,1309,623,1932
2026-04-30,화동초등학교건너,1419,511,1930
2026-04-30,수목원호정포레스트아파트앞,568,1350,1918
2026-04-30,남부자동차종합시장앞,1371,536,1907
2026-04-30,다사농협주유소건너,87,1818,1905
2026-04-30,성명119안전센터앞,1630,268,1898
2026-04-30,법원어린이집,574,1323,1897
2026-04-30,고성아파트앞,1421,469,1890
2026-04-30,명보약국건너,1561,325,1886
2026-04-30,범어2동2,1531,352,1883
2026-04-30,충혼탑앞,501,1376,1877
2026-04-30,대구삼성창조캠퍼스1,1381,494,1875
2026-04-30,국민연금네거리2,1573,301,1874
2026-04-30,만촌태왕리더스건너,1418,454,1872
2026-04-30,구암가구골목2,1245,620,1865
2026-04-30,수성랜드앞,801,1064,1865
2026-04-30,월배중학교앞,883,982,1865
2026-04-30,시지대성유니드건너,1644,213,1857
2026-04-30,한마음주유소건너,1434,421,1855
2026-04-30,칠곡네스빌,1616,237,1853
2026-04-30,경북크랑크,1722,128,1850
2026-04-30,동인네거리1,1303,547,1850
2026-04-30,범어천로2,1019,831,1850
2026-04-30,비산6동행정복지센터건너,530,1318,1848
2026-04-30,은하타운앞,764,1079,1843
2026-04-30,동아제약건너,1763,77,1840
2026-04-30,신성교,340,1491,1831
2026-04-30,남산고등학교건너,1647,181,1828
2026-04-30,성곡중학교건너,979,847,1826
2026-04-30,월드컵삼거리,1030,795,1825
2026-04-30,대구선방촌공원,1698,125,1823
2026-04-30,중소기업관앞,1689,130,1819
2026-04-30,수성구선거관리위원회앞,1533,282,1815
2026-04-30,연경동화아이위시앞,182,1628,1810
2026-04-30,옥포농협강림지점건너,941,852,1793
2026-04-30,대구스타디움앞,847,943,1790
2026-04-30,제일풍경채센트럴앞,1764,19,1783
2026-04-30,만촌화성파크스위트앞,1078,704,1782
2026-04-30,경희강재건너,638,1142,1780
2026-04-30,월성영남맨션앞,1246,531,1777
2026-04-30,대구IM뱅크PARK남편앞,1358,414,1772
2026-04-30,대구농업마이스터고후문건너,758,1009,1767
2026-04-30,달서시장앞,1184,582,1766
2026-04-30,달성습지·대명유수지앞,344,1416,1760
2026-04-30,한국산업인력공단건너,1663,96,1759
2026-04-30,대덕천주교회1,1289,467,1756
2026-04-30,중리마을,1749,6,1755
2026-04-30,금사리하이빌APT건너,1558,196,1754
2026-04-30,논공읍행정복지센터건너1,1463,291,1754
2026-04-30,은행APT입구,571,1180,1751
2026-04-30,달성경찰서,1394,355,1749
2026-04-30,태전중석타운,1481,268,1749
2026-04-30,삼산리(삼산교회건너),1734,13,1747
2026-04-30,와룡공원건너,661,1085,1746
2026-04-30,복현현대맨션앞,1468,274,1742
2026-04-30,농협방촌지점,1464,275,1739
2026-04-30,월배이안아파트건너,1631,107,1738
2026-04-30,칠곡경북대병원정문건너,1398,335,1733
2026-04-30,중대1동회관앞,1725,7,1732
2026-04-30,화성쌍용타운앞2,236,1496,1732
2026-04-30,매곡초등학교앞,1440,290,1730
2026-04-30,관음농협앞,1560,168,1728
2026-04-30,매곡초등학교건너,1149,579,1728
2026-04-30,봉촌1리1,1715,11,1726
2026-04-30,달서자동차검사소건너,199,1526,1725
2026-04-30,상서고등학교앞,1376,334,1710
2026-04-30,중리삼거리2,1702,8,1710
2026-04-30,칠곡서한맨션,1527,175,1702
2026-04-30,대구시지노인전문병원앞,802,898,1700
2026-04-30,봉산가구골목(서편),955,732,1687
2026-04-30,차량등록사업소건너1,1166,517,1683
2026-04-30,평리5동행정복지센터앞,1319,362,1681
2026-04-30,동대구역수화물취급소건너,1314,366,1680
2026-04-30,무태조야동연경분소1,1480,200,1680
2026-04-30,지산중학교입구,1135,545,1680
2026-04-30,상리동입구2,1623,52,1675
2026-04-30,차량등록사업소건너2,309,1366,1675
2026-04-30,LH천년나무2단지앞,1572,93,1665
2026-04-30,남부초등학교건너,1581,82,1663
2026-04-30,한라하우젠트,526,1137,1663
2026-04-30,장관빌라건너,1539,123,1662
2026-04-30,지묘초등학교건너,1318,341,1659
2026-04-30,성곡중학교앞,1433,216,1649
2026-04-30,희망교2,1215,433,1648
2026-04-30,논공삼거리1,1580,67,1647
2026-04-30,강창교2(다사방향),521,1124,1645
2026-04-30,양지마을건너,1065,578,1643
2026-04-30,복현현대맨션건너,1434,207,1641
2026-04-30,포산중학교건너,1622,19,1641
2026-04-30,만촌태왕리더스북편,928,711,1639
2026-04-30,성명119안전센터건너2,1194,442,1636
2026-04-30,국가산단반도유보라1차,553,1078,1631
2026-04-30,대곡주공5단지건너,1512,117,1629
2026-04-30,군위군 행정복지센터,1611,16,1627
2026-04-30,두류공원(야외음악당건너),1342,280,1622
2026-04-30,남구청건너1,1524,91,1615
2026-04-30,대천공영차고지앞,1562,52,1614
2026-04-30,수성4가동행정복지센터앞,891,713,1604
2026-04-30,장태실마을건너,1208,394,1602
2026-04-30,공산동행정복지센터건너,809,790,1599
2026-04-30,신평동2,1399,199,1598
2026-04-30,중동행정복지센터건너,1200,397,1597
2026-04-30,서대구역네거리2,1263,333,1596
2026-04-30,동대구LPG충전소건너,1252,343,1595
2026-04-30,이월드(구.우방랜드)앞,1218,375,1593
2026-04-30,덕인초등학교앞,1167,425,1592
2026-04-30,달성습지·대명유수지건너,599,990,1589
2026-04-30,상리공단건너,1444,142,1586
2026-04-30,담티고개2,631,954,1585
2026-04-30,군위등기소,1498,82,1580
2026-04-30,두류공원(야외음악당앞),1208,367,1575
2026-04-30,우록리(종점),1480,93,1573
2026-04-30,남명삼거리2,1006,565,1571
2026-04-30,동대구역센트럴시티자이아파트,1341,230,1571
2026-04-30,지산화성파크드림,1130,436,1566
2026-04-30,칠곡경대병원역,1117,442,1559
2026-04-30,전기재료관1,750,802,1552
2026-04-30,달성군청앞,1286,265,1551
2026-04-30,두류3동파출소앞,1096,444,1540
2026-04-30,비산웰빙하와이앞,1371,169,1540
2026-04-30,매천수산시장앞,1391,146,1537
2026-04-30,대명중학교앞,1406,130,1536
2026-04-30,도남힐스테이트4단지앞,544,988,1532
2026-04-30,대동금속건너,1486,45,1531
2026-04-30,대구중앙중학교앞,383,1146,1529
2026-04-30,한국제지건너,1129,400,1529
2026-04-30,동화교2,1514,10,1524
2026-04-30,도시철도대구역건너,1276,247,1523
2026-04-30,칠곡대백맨션앞,447,1074,1521
2026-04-30,삼호아파트건너,929,590,1519
2026-04-30,송현공원앞,560,957,1517
2026-04-30,냉천전원음식점지구,1412,99,1511
2026-04-30,농산물도매시장건너,1277,233,1510
2026-04-30,시지보성타운2차앞,1159,345,1504
2026-04-30,와룡공원앞,995,508,1503
2026-04-30,무열대앞,872,628,1500
2026-04-30,위생처리장2,206,1290,1496
2026-04-30,혁신이노힐즈아파트건너,329,1167,1496
2026-04-30,매곡사거리1,271,1219,1490
2026-04-30,범어천로1,1090,399,1489
2026-04-30,미8군후문앞,934,553,1487
2026-04-30,담티고개1,499,987,1486
2026-04-30,다사읍행정복지센터서재출장소건너,1423,62,1485
2026-04-30,봉명네거리3,1076,408,1484
2026-04-30,칠곡서한맨션앞,261,1222,1483
2026-04-30,금포초등학교건너,1125,356,1481
2026-04-30,화성전문요양원앞,1002,478,1480
2026-04-30,소선여중앞,159,1314,1473
2026-04-30,무태조야동행정복지센터건너3,1231,237,1468
2026-04-30,경창산업,1033,434,1467
2026-04-30,태전휴먼시아,1232,233,1465
2026-04-30,비슬초등학교건너,1377,85,1462
2026-04-30,월배이안아파트앞,517,945,1462
2026-04-30,냉천리1,1404,57,1461
2026-04-30,국가산단반도유보라3차앞,739,718,1457
2026-04-30,씨아이에스,38,1419,1457
2026-04-30,북대구초등학교앞,686,767,1453
2026-04-30,약사회관앞,1252,199,1451
2026-04-30,동촌역(2번출구),1052,394,1446
2026-04-30,유곡공원건너,1446,0,1446
2026-04-30,성당초교앞,887,558,1445
2026-04-30,논공삼거리2,872,572,1444
2026-04-30,서한이다음2차건너,357,1086,1443
2026-04-30,송정2교,104,1328,1432
2026-04-30,용계삼거리4,949,483,1432
2026-04-30,대구경북지방중소벤처기업청앞,1328,103,1431
2026-04-30,대구동촌유치원,1126,305,1431
2026-04-30,청운맨션앞,562,867,1429
2026-04-30,그린빌4단지앞,894,522,1416
2026-04-30,대구제1.2예비군훈련장앞,1032,383,1415
2026-04-30,신매태성아파트,128,1286,1414
2026-04-30,풍국주정공업,1211,202,1413
2026-04-30,선녀곡앞(옥포),59,1352,1411
2026-04-30,교동초등학교앞,1134,275,1409
2026-04-30,청남타운앞,328,1081,1409
2026-04-30,대구신문사,182,1224,1406
2026-04-30,칠곡경북대병원후문앞,1403,3,1406
2026-04-30,예미지건너,1221,180,1401
2026-04-30,경서중학교앞,368,1030,1398
2026-04-30,무태교,16,1382,1398
2026-04-30,북부상수도사업소,147,1251,1398
2026-04-30,태왕그린힐즈앞1,281,1117,1398
2026-04-30,보성기계건너,1322,74,1396
2026-04-30,율하체육공원앞,920,476,1396
2026-04-30,매천시장역1,1048,347,1395
2026-04-30,두리봉터널입구건너,1311,82,1393
2026-04-30,무림제지건너,942,451,1393
2026-04-30,도남힐스테이트1단지건너,1325,66,1391
2026-04-30,경원고등학교앞,1209,175,1384
2026-04-30,무태조야동연경분소3,1324,59,1383
2026-04-30,노변청구타운앞,1017,357,1374
2026-04-30,상수도중남부사업소앞,786,587,1373
2026-04-30,신서롯데캐슬레전드서편앞,1074,299,1373
2026-04-30,대곡중학교앞,1354,14,1368
2026-04-30,명곡지구앞,770,598,1368
2026-04-30,안심도서관1(서편),1182,186,1368
2026-04-30,이곡역(3번출구),435,931,1366
2026-04-30,대곡공원앞,1211,154,1365
2026-04-30,대구국제고등학교앞,1309,56,1365
2026-04-30,달성군청건너,1288,71,1359
2026-04-30,도동청구타운앞,1231,122,1353
2026-04-30,수성못오거리5,752,597,1349
2026-04-30,검단동행정복지센터건너,1311,35,1346
2026-04-30,화성그랜드건너,554,792,1346
2026-04-30,비산초등학교정문,528,816,1344
2026-04-30,노변청구타운건너,914,427,1341
2026-04-30,무림제지앞1,987,351,1338
2026-04-30,삼리리1(논공),1304,33,1337
2026-04-30,남구청앞,480,855,1335
2026-04-30,앞산자락카페마실앞,777,557,1334
2026-04-30,대구보건대학교5,956,375,1331
2026-04-30,현풍삼거리,1213,117,1330
2026-04-30,대구혁신에듀포레아파트앞,1136,191,1327
2026-04-30,조암네거리1,1091,234,1325
2026-04-30,더샵수성라크에르아파트앞,993,327,1320
2026-04-30,관음공영주차장앞,1158,160,1318
2026-04-30,송정삼거리2,240,1075,1315
2026-04-30,경북대학교체육센터건너2,820,490,1310
2026-04-30,수성소방서1,603,707,1310
2026-04-30,차천네거리1,1015,294,1309
2026-04-30,청구중동아파트,446,859,1305
2026-04-30,화성파크드림이스트밸리아파트,1033,271,1304
2026-04-30,장산초등학교앞,1074,229,1303
2026-04-30,세흥에스피,736,565,1301
2026-04-30,앞산빨래터공원,1201,95,1296
2026-04-30,한국방송통신대학교앞,420,868,1288
2026-04-30,침산초등학교앞,301,984,1285
2026-04-30,청구시장건너2,542,733,1275
2026-04-30,옥포농협앞,1112,157,1269
2026-04-30,관음어린이집,1076,188,1264
2026-04-30,팔공초중학교건너,759,504,1263
2026-04-30,KT북대구지사건너,855,405,1260
2026-04-30,중동서울아파트앞,1211,44,1255
2026-04-30,신서롯데캐슬레전드서편건너,15,1235,1250
2026-04-30,연화리,1175,73,1248
2026-04-30,중동행정복지센터앞,1007,239,1246
2026-04-30,안지랑골입구,485,757,1242
2026-04-30,솔정고개1,601,640,1241
2026-04-30,성서2차서한타운2,320,920,1240
2026-04-30,삼보,755,483,1238
2026-04-30,희망교1,1074,160,1234
2026-04-30,칠곡3차화성타운3,623,606,1229
2026-04-30,강동초교건너,1205,21,1226
2026-04-30,경대교건너,1013,212,1225
2026-04-30,남산고등학교앞,917,305,1222
2026-04-30,예미지앞,1114,106,1220
2026-04-30,대구역꽃시장,260,958,1218
2026-04-30,한국타이어,158,1059,1217
2026-04-30,논공읍행정복지센터앞,1079,132,1211
2026-04-30,성요셉요양병원앞,890,320,1210
2026-04-30,월배힐스테이트앞,535,671,1206
2026-04-30,고래들공원건너,1145,56,1201
2026-04-30,화성그랜드앞,873,328,1201
2026-04-30,대구지방법원서부지원,771,423,1194
2026-04-30,만촌그린빌라건너,1103,91,1194
2026-04-30,안심도서관2(서편),547,647,1194
2026-04-30,동서변월드메르디앙아파트정문,323,868,1191
2026-04-30,럭키아파트앞,1110,80,1190
2026-04-30,매호성당건너,1016,174,1190
2026-04-30,대천119안전센터앞,898,290,1188
2026-04-30,본리2,952,233,1185
2026-04-30,이노밸리로2,778,406,1184
2026-04-30,동구시장건너,95,1088,1183
2026-04-30,북대구농협검단지점앞,31,1152,1183
2026-04-30,구지면행정복지센터앞,241,938,1179
2026-04-30,대구반도체마이스터고등학교 남편,455,724,1179
2026-04-30,경원고등학교건너,920,256,1176
2026-04-30,송해공원건너,1157,19,1176
2026-04-30,칠곡청구타운건너,508,668,1176
2026-04-30,홍천사건너,1131,40,1171
2026-04-30,달성군민체육관건너,817,353,1170
2026-04-30,봉무공원건너,740,429,1169
2026-04-30,대구세명학교건너,753,415,1168
2026-04-30,대구택시협동조합앞,849,318,1167
2026-04-30,한실공원앞,1077,89,1166
2026-04-30,수성요양병원,972,192,1164
2026-04-30,매호동서아파트앞,997,166,1163
2026-04-30,앞산별자리체험학습장2,105,1051,1156
2026-04-30,e편한세상대구금호앞,352,798,1150
2026-04-30,첨단의료산업진흥재단건너,974,172,1146
2026-04-30,금사리하이빌APT앞,701,441,1142
2026-04-30,성서한샘타운앞,958,176,1134
2026-04-30,매호성당앞,980,153,1133
2026-04-30,관음동행정복지센터앞,992,140,1132
2026-04-30,남부초등학교앞,712,417,1129
2026-04-30,우방신세계타운앞,903,226,1129
2026-04-30,성보교통건너,879,248,1127
2026-04-30,칠곡우방타운건너(종점),902,225,1127
2026-04-30,이곡역(2번출구),1084,42,1126
2026-04-30,인산마을건너,1122,3,1125
2026-04-30,수성동삼익맨션앞,1049,74,1123
2026-04-30,침산초등학교후문,998,125,1123
2026-04-30,효령문화센터,1080,38,1118
2026-04-30,불교한방병원건너1,535,581,1116
2026-04-30,달구벌신협건너,938,170,1108
2026-04-30,한국가스공사건너,817,289,1106
2026-04-30,관음변전소2,162,942,1104
2026-04-30,우방송현하이츠,871,233,1104
2026-04-30,대곡고등학교앞,583,515,1098
2026-04-30,학산아파트건너,943,153,1096
2026-04-30,공산댐건너,988,105,1093
2026-04-30,범물2동행정복지센터앞,147,944,1091
2026-04-30,대1리용흥지건너,1011,79,1090
2026-04-30,노원동화타운건너,568,517,1085
2026-04-30,학남초등학교앞,834,249,1083
2026-04-30,국가산단서한이다음건너,159,921,1080
2026-04-30,월배국민체육센터건너,342,736,1078
2026-04-30,유신섬유네거리1,868,207,1075
2026-04-30,이마트반야월점건너,671,402,1073
2026-04-30,포산고등학교1,878,194,1072
2026-04-30,대곡주공5단지앞,271,800,1071
2026-04-30,대구물류터미널건너,494,572,1066
2026-04-30,청남타운건너,789,276,1065
2026-04-30,포산고등학교2,856,205,1061
2026-04-30,달성삼환나우빌앞,924,135,1059
2026-04-30,대구북부소방서건너,790,269,1059
2026-04-30,북구 동호동(종점)2(서리지입구),940,115,1055
2026-04-30,진밭골(종점)2,941,114,1055
2026-04-30,대천초등학교앞,905,147,1052
2026-04-30,용계동2,651,395,1046
2026-04-30,서대구공단네거리1,864,180,1044
2026-04-30,한실공원건너,936,104,1040
2026-04-30,포산서사거리1,985,52,1037
2026-04-30,대진중고등학교앞,894,142,1036
2026-04-30,영조아파트앞,1023,8,1031
2026-04-30,육상진흥센터앞,661,370,1031
2026-04-30,창평1리,1011,20,1031
2026-04-30,만평네거리2,98,930,1028
2026-04-30,에코테마파크대구숲앞,615,410,1025
2026-04-30,이노밸리로1,704,319,1023
2026-04-30,화원유원지건너,969,47,1016
2026-04-30,매천화성파크드림,801,212,1013
2026-04-30,대주기계 건너,468,543,1011
2026-04-30,매천수산시장건너,857,152,1009
2026-04-30,교대부설초등학교앞,72,935,1007
2026-04-30,태전두성3차앞,954,47,1001
2026-04-30,신천초등학교건너,492,508,1000
2026-04-30,우보버스정류장,902,95,997
2026-04-30,월곡네거리,183,814,997
2026-04-30,골안골지하보도앞,125,869,994
2026-04-30,덕곡삼거리2,986,7,993
2026-04-30,사복동입구교차로건너,23,968,991
2026-04-30,관음동행정복지센터건너,853,136,989
2026-04-30,죽곡푸르지오2단지2,806,182,988
2026-04-30,서문시장5지구앞,819,168,987
2026-04-30,침산동화타운앞,422,565,987
2026-04-30,제일규산,867,119,986
2026-04-30,부영7단지건너,828,157,985
2026-04-30,내일교회앞,920,63,983
2026-04-30,기업은행국가산단지점건너,950,25,975
2026-04-30,동호초등학교건너,901,74,975
2026-04-30,성요셉요양병원건너,888,84,972
2026-04-30,첨단임상시험센터앞,271,700,971
2026-04-30,관음중학교(북편),754,215,969
2026-04-30,도학동,949,20,969
2026-04-30,상리동종점2,958,11,969
2026-04-30,대구텍건너,681,286,967
2026-04-30,농협동촌지점,680,286,966
2026-04-30,삼성한국형아파트건너,931,31,962
2026-04-30,한국가스공사앞,570,392,962
2026-04-30,원대오거리북편2,558,403,961
2026-04-30,평안,650,310,960
2026-04-30,현풍주공아파트앞,726,228,954
2026-04-30,대구택시협동조합건너,559,392,951
2026-04-30,다사읍행정복지센터앞,315,634,949
2026-04-30,진정마을1,936,12,948
2026-04-30,남산2동행정복지센터앞,767,180,947
2026-04-30,대곡청구아파트앞,584,360,944
2026-04-30,대덕마을앞,356,588,944
2026-04-30,월배차량기지건너,313,631,944
2026-04-30,지묘초등학교앞,748,195,943
2026-04-30,국민건강보험공단달성고령지사건너,836,106,942
2026-04-30,성서푸른마을아파트앞,603,338,941
2026-04-30,도시철도대구역,305,634,939
2026-04-30,안심역코오롱하늘채앞,139,800,939
2026-04-30,남구청네거리2,759,178,937
2026-04-30,두류파출소건너,671,266,937
2026-04-30,관음변전소3,902,27,929
2026-04-30,수성랜드건너,639,290,929
2026-04-30,월촌역(4번출구),698,230,928
2026-04-30,방촌빌라,253,674,927
2026-04-30,도남힐스테이트2단지앞,568,358,926
2026-04-30,비산6동행정복지센터앞,786,139,925
2026-04-30,가창119안전센터,836,86,922
2026-04-30,에코테마파크대구숲남문앞,51,870,921
2026-04-30,운암지공원2,708,213,921
2026-04-30,동촌해성아파트건너,309,610,919
2026-04-30,대1리용흥지앞,146,772,918
2026-04-30,봉명네거리1,534,379,913
2026-04-30,코스모스한양아파트앞,577,334,911
2026-04-30,황금고가교네거리,869,42,911
2026-04-30,칠성고가도로하단,751,157,908
2026-04-30,성서초등학교앞,20,882,902
2026-04-30,경북농업기술원입구,794,103,897
2026-04-30,신서성당앞,12,885,897
2026-04-30,동곡초등학교건너,892,4,896
2026-04-30,도평동입구1,694,200,894
2026-04-30,비원지구대건너,631,258,889
2026-04-30,이곡마을2,824,64,888
2026-04-30,백안교2,841,44,885
2026-04-30,중소기업관건너,23,862,885
2026-04-30,상동마을(둔산길),853,30,883
2026-04-30,옥포중앙교회건너,876,6,882
2026-04-30,첨단의료산업진흥재단앞,229,653,882
2026-04-30,한국생산기술연구원앞,791,84,875
2026-04-30,신매역(6번출구),710,164,874
2026-04-30,대진중고등학교건너,660,211,871
2026-04-30,두류파출소앞,547,324,871
2026-04-30,매천시장역2,690,180,870
2026-04-30,화동초등학교앞,661,207,868
2026-04-30,달성군선거관리위원회앞,50,815,865
2026-04-30,칠성시장(농협앞),674,190,864
2026-04-30,대림생수,832,28,860
2026-04-30,스파밸리1,196,657,853
2026-04-30,송현공원건너,298,552,850
2026-04-30,약사회관건너,469,381,850
2026-04-30,전기재료관2,153,695,848
2026-04-30,구지축구장앞,832,14,846
2026-04-30,삼성한국형아파트앞,129,715,844
2026-04-30,평리광명네거리,130,714,844
2026-04-30,태전교회앞,657,186,843
2026-04-30,성산초등학교앞,606,235,841
2026-04-30,태전삼성아파트,699,140,839
2026-04-30,호산초등학교앞,233,605,838
2026-04-30,내동,800,36,836
2026-04-30,명보약국앞,251,584,835
2026-04-30,칠곡한라타운앞,46,788,834
2026-04-30,LH천년나무2단지건너,560,273,833
2026-04-30,대구스마트고등학교3,449,378,827
2026-04-30,신서그린빌아파트,690,137,827
2026-04-30,경북농업기술원건너,523,299,822
2026-04-30,만촌삼정그린코아건너,807,13,820
2026-04-30,봉덕2동새마을금고앞,457,363,820
2026-04-30,화성쌍용타운건너,738,81,819
2026-04-30,대구상원초등학교앞,642,176,818
2026-04-30,신천초등학교앞,391,426,817
2026-04-30,달성초등학교앞,647,169,816
2026-04-30,K2관사입구(종점),732,81,813
2026-04-30,관문동행정복지센터 금호분소앞,239,574,813
2026-04-30,도남8,20,793,813
2026-04-30,황금시장건너,521,292,813
2026-04-30,명천로1,410,400,810
2026-04-30,금포새터길1,785,24,809
2026-04-30,상인화성파크드림건너,512,296,808
2026-04-30,유가사(종점),633,175,808
2026-04-30,태성맨션건너,188,620,808
2026-04-30,성주사앞,469,338,807
2026-04-30,파계교,454,348,802
2026-04-30,대곡파출소1,177,622,799
2026-04-30,한국부동산원앞,444,352,796
2026-04-30,달성초등학교건너,458,333,791
2026-04-30,청운맨션건너,359,432,791
2026-04-30,도남힐스테이트1단지앞,433,356,789
2026-04-30,조야초등학교건너,736,52,788
2026-04-30,성산리2,711,76,787
2026-04-30,도남7,749,36,785
2026-04-30,새론중학교남편1,615,170,785
2026-04-30,한국로봇산업진흥원후문앞,502,277,779
2026-04-30,중마을(갓바위방향),570,208,778
2026-04-30,방천리1,28,744,772
2026-04-30,한국도로공사건너,168,597,765
2026-04-30,서재들,407,356,763
2026-04-30,위천삼거리(현풍방향),608,154,762
2026-04-30,부영7단지앞,662,98,760
2026-04-30,평화씨엠비건너,676,84,760
2026-04-30,1차서한화성타운앞,578,181,759
2026-04-30,두리봉터널종점,257,502,759
2026-04-30,신생원건너,20,738,758
2026-04-30,위천1리건너,561,195,756
2026-04-30,앞산궁도장건너,331,423,754
2026-04-30,검단동행정복지센터앞,8,745,753
2026-04-30,다사읍행정복지센터서재출장소앞,433,320,753
2026-04-30,삼환맨션,521,232,753
2026-04-30,서대구역네거리1,387,365,752
2026-04-30,연경체육공원건너,291,460,751
2026-04-30,구암동1,714,36,750
2026-04-30,대구교도소건너,745,4,749
2026-04-30,포산중학교앞,359,390,749
2026-04-30,동아제약,357,390,747
2026-04-30,용금공단앞,742,2,744
2026-04-30,바른병원건너,427,316,743
2026-04-30,칠곡IC 1,95,644,739
2026-04-30,대구선방촌공원남편,146,591,737
2026-04-30,현충삼거리1,62,673,735
2026-04-30,장산초등학교건너,618,115,733
2026-04-30,경주최씨종가(종점),667,64,731
2026-04-30,두리봉터널입구,599,132,731
2026-04-30,상인역모아엘가파크뷰아파트앞,166,565,731
2026-04-30,미곡동1,192,538,730
2026-04-30,공작한양아파트앞,699,25,724
2026-04-30,부동,688,36,724
2026-04-30,태전육교2,406,318,724
2026-04-30,의흥면 행정복지센터,708,14,722
2026-04-30,대구역서희스타힐스앞,247,472,719
2026-04-30,앞산공원관리사무소앞,26,693,719
2026-04-30,현풍백년도깨비시장건너,517,201,718
2026-04-30,대구하이텍고교건너,373,344,717
2026-04-30,한세모빌리티앞,447,269,716
2026-04-30,송정삼거리1,484,231,715
2026-04-30,태평상가앞2,153,561,714
2026-04-30,아바코앞,589,124,713
2026-04-30,팔달초등학교,584,128,712
2026-04-30,교동초등학교건너,563,146,709
2026-04-30,삼산리(세왕교통2),646,63,709
2026-04-30,한국교육학술정보원앞,106,602,708
2026-04-30,금포1교1,661,45,706
2026-04-30,대곡파출소2,452,254,706
2026-04-30,대덕초등학교건너,150,556,706
2026-04-30,군위공용버스터미널,656,48,704
2026-04-30,수성구리틀야구장앞,529,175,704
2026-04-30,삼리1리2,659,44,703
2026-04-30,심인고등학교앞,397,303,700
2026-04-30,단산리(종점),664,30,694
2026-04-30,동천역2,519,172,691
2026-04-30,월배쌍용예가앞,349,342,691
2026-04-30,선돌교2,557,133,690
2026-04-30,수정맨션앞,504,186,690
2026-04-30,삼리2교차로 1,564,124,688
2026-04-30,달서구새마을회앞,17,670,687
2026-04-30,대구경북지방중소벤처기업청건너,451,235,686
2026-04-30,동호공영차고지앞,649,37,686
2026-04-30,이시아폴리스롯데아울렛건너,329,355,684
2026-04-30,장태실마을앞,435,248,683
2026-04-30,육상진흥센터건너,436,246,682
2026-04-30,상원리(마을회관)1,678,2,680
2026-04-30,국가물산업클러스터앞,625,51,676
2026-04-30,군위버스터미널건너,79,597,676
2026-04-30,새동네아파트건너,525,150,675
2026-04-30,군위군청,655,19,674
2026-04-30,장관빌라앞,256,418,674
2026-04-30,칠곡경북대병원건너(50사단),240,434,674
2026-04-30,금포교,527,146,673
2026-04-30,포산고사거리,457,216,673
2026-04-30,삼덕동1,12,660,672
2026-04-30,삼산리(세왕교통1),671,0,671
2026-04-30,혁신2근린공원,555,115,670
2026-04-30,대신동광명맨션앞,503,162,665
2026-04-30,노곡교(하중도)2,657,3,660
2026-04-30,상동교1,377,283,660
2026-04-30,상동천주교회건너,201,457,658
2026-04-30,창리교차로1,598,58,656
2026-04-30,달서별빛캠핑장건너,478,175,653
2026-04-30,능성동입구건너,643,8,651
2026-04-30,원대동행정복지센터건너,487,162,649
2026-04-30,월촌고가교2,587,61,648
2026-04-30,삼우섬유앞,603,44,647
2026-04-30,생각을담는정원건너,219,426,645
2026-04-30,만촌자이르네앞,563,80,643
2026-04-30,성보교통앞,630,12,642
2026-04-30,대성유니드건너,439,201,640
2026-04-30,태전우방타운3차아파트,542,98,640
2026-04-30,성동건너,393,239,632
2026-04-30,봉덕시장건너2,379,250,629
2026-04-30,한국산업인력공단앞,29,600,629
2026-04-30,태전두성타운앞,162,465,627
2026-04-30,어린이세상건너2,121,499,620
2026-04-30,평화씨엠비앞,231,389,620
2026-04-30,도남LH2단지아파트건너,535,84,619
2026-04-30,만촌천주교회앞,304,315,619
2026-04-30,동화교1,86,531,617
2026-04-30,덕곡(달구벌고교),599,17,616
2026-04-30,평화정공앞,377,229,606
2026-04-30,현풍주공아파트,336,269,605
2026-04-30,서당마을건너,521,83,604
2026-04-30,대구혁신LH4단지아파트,540,63,603
2026-04-30,옥포주유소앞,357,246,603
2026-04-30,매일신문사건너,318,284,602
2026-04-30,문주마을건너,543,59,602
2026-04-30,운암지공원1,411,190,601
2026-04-30,동대구LPG충전소앞,350,250,600
2026-04-30,삼성공원아파트앞,384,215,599
2026-04-30,노원네거리(대구은행건너),321,275,596
2026-04-30,방짜유기박물관건너,589,7,596
2026-04-30,의흥면 행정복지센터,563,33,596
2026-04-30,용산역(6번출구),61,534,595
2026-04-30,달서교하부 공영주차장,192,402,594
2026-04-30,대서초등학교앞,361,233,594
2026-04-30,만촌삼정그린코아앞2,519,74,593
2026-04-30,용산역(1번출구),218,375,593
2026-04-30,삼덕동2,509,83,592
2026-04-30,노원네거리4(기업은행),83,508,591
2026-04-30,금계초등학교(교항리),467,123,590
2026-04-30,협성휴포레강북앞,448,142,590
2026-04-30,위생처리장1,414,175,589
2026-04-30,대동금속앞,353,235,588
2026-04-30,본리1리동회관건너,371,216,587
2026-04-30,우방아파트삼거리,278,305,583
2026-04-30,도동교1,576,6,582
2026-04-30,㈜윔스건너,85,495,580
2026-04-30,대흥동건너,282,298,580
2026-04-30,옥포무지개마을앞,345,235,580
2026-04-30,유곡사거리3,578,0,578
2026-04-30,수성구리틀야구장건너,159,418,577
2026-04-30,효령면 행정복지센터,390,185,575
2026-04-30,대율1리,553,20,573
2026-04-30,신당리,546,27,573
2026-04-30,에코테마파크대구숲남문건너,430,139,569
2026-04-30,현풍할매곰탕건너,255,312,567
2026-04-30,비원지구대앞,272,293,565
2026-04-30,칠곡초등학교건너,57,505,562
2026-04-30,달성기와건너,274,286,560
2026-04-30,한국제지앞,162,396,558
2026-04-30,현풍운전시험장,503,53,556
2026-04-30,평광종점,488,63,551
2026-04-30,대흥동앞,258,291,549
2026-04-30,정부대구지방합동청사후문1,38,511,549
2026-04-30,삼리리2(논공),310,238,548
2026-04-30,e-편한세상월배앞,227,315,542
2026-04-30,매여동(동구)저탄장,532,10,542
2026-04-30,중동서울아파트건너,302,240,542
2026-04-30,창리교차로2,324,213,537
2026-04-30,국립대구과학관정문건너,516,20,536
2026-04-30,대구한의대병원역,355,180,535
2026-04-30,매천대교1,251,283,534
2026-04-30,창2리마을1,491,43,534
2026-04-30,한양수정아파트,410,124,534
2026-04-30,국립대구과학관앞,395,138,533
2026-04-30,대구지방기상청,376,157,533
2026-04-30,대명중학교건너,86,447,533
2026-04-30,대동정공,463,67,530
2026-04-30,국가물산업클러스터건너,19,509,528
2026-04-30,이곡마을,407,121,528
2026-04-30,공산초등학교건너,330,197,527
2026-04-30,민들레아파트후문건너,13,509,522
2026-04-30,주식회사대동건너,462,58,520
2026-04-30,한양산호아파트건너,241,279,520
2026-04-30,상록아파트,154,365,519
2026-04-30,선녀곡건너(옥포),435,84,519
2026-04-30,협성휴포레강북건너,311,208,519
2026-04-30,대구국제고등학교건너,334,183,517
2026-04-30,가창중학교앞,91,424,515
2026-04-30,선돌교1,379,136,515
2026-04-30,유곡사거리1,514,1,515
2026-04-30,국우초등학교앞,112,402,514
2026-04-30,대림생수앞,39,475,514
2026-04-30,대실역(3번출구남쪽),93,421,514
2026-04-30,동화골든빌(북편),345,169,514
2026-04-30,금호지구종점(시내방향),509,4,513
2026-04-30,범물우방미진하이츠앞,17,494,511
2026-04-30,아바코건너,262,246,508
2026-04-30,창평1리,379,129,508
2026-04-30,비슬산휴양림주차장,391,115,506
2026-04-30,달성군민체육관앞,446,57,503
2026-04-30,한국지능정보사회진흥원,353,149,502
2026-04-30,남문아파트앞,392,109,501
2026-04-30,옥산정미소,490,5,495
2026-04-30,조양회관건너,304,190,494
2026-04-30,칠성우방타운,37,457,494
2026-04-30,성서공단물류센터,443,50,493
2026-04-30,이곡마을건너,123,369,492
2026-04-30,달서아트센터앞,398,91,489
2026-04-30,도시관리본부앞,283,204,487
2026-04-30,화원유원지입구,121,366,487
2026-04-30,대림육교2,177,309,486
2026-04-30,조암네거리2,205,281,486
2026-04-30,동천역1,409,76,485
2026-04-30,율하천5교1,481,4,485
2026-04-30,성서협업단지앞,396,88,484
2026-04-30,푸드웰앞,48,435,483
2026-04-30,새론중학교남편2,423,57,480
2026-04-30,앞산태왕아너스건너,41,439,480
2026-04-30,평화정공건너,159,321,480
2026-04-30,명천로2,87,390,477
2026-04-30,한국한의학연구원앞,27,450,477
2026-04-30,검단상가아파트앞,468,3,471
2026-04-30,한국뇌연구원앞,410,61,471
2026-04-30,병수리,450,18,468
2026-04-30,율금초등학교앞,30,435,465
2026-04-30,중석타운건너,55,410,465
2026-04-30,중앙교육연수원앞,91,374,465
2026-04-30,동호동앞(북구),86,375,461
2026-04-30,베어산업앞,402,58,460
2026-04-30,성주사건너,192,268,460
2026-04-30,금호화물자동차공영차고지,376,83,459
2026-04-30,부동삼거리,38,420,458
2026-04-30,중소기업지원센터,309,147,456
2026-04-30,국민건강보험공단달성고령지사앞,139,316,455
2026-04-30,서한이다음4차앞,100,355,455
2026-04-30,농협중앙회중동지점앞,85,369,454
2026-04-30,서재문화체육센터앞1,32,422,454
2026-04-30,화전동2,446,7,453
2026-04-30,베어산업건너,335,117,452
2026-04-30,새각단건너,248,204,452
2026-04-30,성동마을앞,420,31,451
2026-04-30,스틸웨이,384,66,450
2026-04-30,대천초등학교건너,321,127,448
2026-04-30,한국로봇산업진흥원후문건너,194,252,446
2026-04-30,방촌1동,444,1,445
2026-04-30,삼산리입구건너,445,0,445
2026-04-30,온누리교회,380,65,445
2026-04-30,공단하수처리장건너,62,382,444
2026-04-30,상인화성파크드림앞,191,253,444
2026-04-30,(주)영화앞,442,1,443
2026-04-30,대리마을회관건너,431,12,443
2026-04-30,동화시설집단지구(종점)1,410,33,443
2026-04-30,비슬초등학교앞,202,238,440
2026-04-30,달성기와앞,374,65,439
2026-04-30,신서화성파크드림아파트,257,181,438
2026-04-30,대덕문화전당앞,222,215,437
2026-04-30,동양맨션앞,91,344,435
2026-04-30,태전두성3차건너,151,282,433
2026-04-30,경북농업기술원앞,118,313,431
2026-04-30,담안마을2,422,5,427
2026-04-30,주식회사대동앞,281,146,427
2026-04-30,칠곡경대병원역건너,245,182,427
2026-04-30,럭키아파트건너,157,269,426
2026-04-30,우방송현하이츠건너,351,75,426
2026-04-30,월촌고가교1,157,267,424
2026-04-30,성동탱자나무마을앞,163,260,423
2026-04-30,청소년수련원건너,352,67,419
2026-04-30,고래들공원앞,250,166,416
2026-04-30,성서협업단지건너,365,51,416
2026-04-30,산격119안전센터(엑스코),122,292,414
2026-04-30,대구학생문화센터,134,279,413
2026-04-30,도남동(종점),400,13,413
2026-04-30,내일교회건너,323,88,411
2026-04-30,효림엑스이,282,129,411
2026-04-30,옥분리(구진터),397,12,409
2026-04-30,한서기전건너,319,89,408
2026-04-30,둔산동,407,0,407
2026-04-30,한국클래드텍건너,402,4,406
2026-04-30,강동중·고등학교,18,386,404
2026-04-30,대실역(2번출구남쪽),290,114,404
2026-04-30,칠성시장(농협건너),133,270,403
2026-04-30,하빈면행정복지센터건너,401,0,401
2026-04-30,관음변전소4,321,78,399
2026-04-30,영진산업,358,41,399
2026-04-30,(주)성안건너,19,379,398
2026-04-30,백안삼거리1,153,245,398
2026-04-30,성림첨단산업앞,303,95,398
2026-04-30,시지우방하이츠앞,283,115,398
2026-04-30,관문동행정복지센터 금호분소 건너,263,134,397
2026-04-30,옥분리마을회관앞,390,6,396
2026-04-30,대구학생수련관입구건너,382,12,394
2026-04-30,금호119안전센터건너,374,19,393
2026-04-30,정부대구지방합동청사건너,291,102,393
2026-04-30,1차서한화성타운건너,271,121,392
2026-04-30,조양회관,154,236,390
2026-04-30,유통단지회차지2,382,7,389
2026-04-30,남문시장건너1,254,133,387
2026-04-30,측백나무숲건너,386,1,387
2026-04-30,대구일과학고등학교,276,110,386
2026-04-30,무림제지앞2,113,273,386
2026-04-30,관리공단,273,112,385
2026-04-30,성바울로성당앞,207,178,385
2026-04-30,만촌체육공원,243,140,383
2026-04-30,미대동2,179,204,383
2026-04-30,소보정류장,350,31,381
2026-04-30,칠성시장(양친회신협)건너,63,318,381
2026-04-30,유곡리공영차고지건너,323,57,380
2026-04-30,남산2동행정복지센터건너,261,118,379
2026-04-30,옥포LH천년나무2단지앞,46,333,379
2026-04-30,군위공용버스터미널,374,4,378
2026-04-30,월배아이파크1차앞,194,184,378
2026-04-30,앞산공원관리사무소건너,336,41,377
2026-04-30,대구지료재생사,160,215,375
2026-04-30,수성월드메르디앙앞,97,278,375
2026-04-30,㈜윔스앞,313,60,373
2026-04-30,덕곡동,370,1,371
2026-04-30,대리,368,2,370
2026-04-30,세천리3,327,43,370
2026-04-30,매곡(종점),237,132,369
2026-04-30,노곡교(하중도)1,63,305,368
2026-04-30,한서기전앞,329,39,368
2026-04-30,대덕승마장건너,266,101,367
2026-04-30,성림첨단산업건너,330,37,367
2026-04-30,장군리,359,8,367
2026-04-30,NH농협혁신도시지점건너,11,352,363
2026-04-30,동곡치안센터앞,74,288,362
2026-04-30,정대2리마을회관건너,356,6,362
2026-04-30,한세모빌리티건너,37,325,362
2026-04-30,해안공영주차장북편,360,2,362
2026-04-30,평리1동행정복지센터건너,261,97,358
2026-04-30,유가사거리2,314,43,357
2026-04-30,구둔산,335,21,356
2026-04-30,칠성시장(양친회신협),234,122,356
2026-04-30,달서자동차검사소앞,50,305,355
2026-04-30,대곡청구아파트건너,18,335,353
2026-04-30,유천초등학교앞,306,46,352
2026-04-30,당동마을건너,350,1,351
2026-04-30,숙천초교앞,53,298,351
2026-04-30,정부대구지방합동청사앞,242,109,351
2026-04-30,신성중공업앞,347,1,348
2026-04-30,금호기전,265,82,347
2026-04-30,정대숲,345,2,347
2026-04-30,태전육교1,123,224,347
2026-04-30,안심고가교하부1,77,267,344
2026-04-30,구암동2,90,250,340
2026-04-30,달서중고등학교건너,334,6,340
2026-04-30,하빈농협동곡지점2,333,6,339
2026-04-30,홍천사입구,78,261,339
2026-04-30,연경체육공원앞,158,180,338
2026-04-30,본말(종점),334,3,337
2026-04-30,한국생산기술연구원건너,206,130,336
2026-04-30,중마을(시내방향),329,4,333
2026-04-30,가창초등학교건너2,207,125,332
2026-04-30,앞산자락카페마실건너,262,70,332
2026-04-30,용연사,250,82,332
2026-04-30,대곡중학교건너,16,315,331
2026-04-30,덴티스앞,258,72,330
2026-04-30,성하리,97,233,330
2026-04-30,정대2리(마내미골)종점,275,54,329
2026-04-30,동곡1리1,328,0,328
2026-04-30,반송리,322,6,328
2026-04-30,볼보트럭대구사업소건너,183,145,328
2026-04-30,지산2길입구,314,12,326
2026-04-30,노사평화의전당앞,121,204,325
2026-04-30,달성우신미가뷰앞,33,292,325
2026-04-30,금호119안전센터앞,39,283,322
2026-04-30,혜성정공,261,60,321
2026-04-30,세천고개2,246,74,320
2026-04-30,화원삼주타운앞,175,144,319
2026-04-30,해안동행정복지센터,215,101,316
2026-04-30,대호분체산업,245,69,314
2026-04-30,백송온천호텔건너,302,12,314
2026-04-30,금호지구종점(종점방향),308,5,313
2026-04-30,도시관리본부건너,284,29,313
2026-04-30,행정리(한천서원),313,0,313
2026-04-30,앞산보성타운건너,43,269,312
2026-04-30,영풍열처리앞,279,32,311
2026-04-30,코스모스한양아파트건너,202,109,311
2026-04-30,보람타운건너,58,252,310
2026-04-30,섬뜸마을,309,0,309
2026-04-30,고모역건너,220,86,306
2026-04-30,중리삼거리1,27,276,303
2026-04-30,문양기지창건너,36,265,301
2026-04-30,앞산빨래터공원2,159,142,301
2026-04-30,부동농협,298,2,300
2026-04-30,냉천리2,63,235,298
2026-04-30,본리1리동회관앞,56,242,298
2026-04-30,팔현마을,214,84,298
2026-04-30,갈실마을회관종점,289,8,297
2026-04-30,덕곡삼거리1,17,280,297
2026-04-30,장기영남네오빌,187,109,296
2026-04-30,강정보(디아크문화관)입구,280,15,295
2026-04-30,일심제약,235,59,294
2026-04-30,정대리(대구미술광장),294,0,294
2026-04-30,세천북로2,246,47,293
2026-04-30,대구우편집중국(동편),249,43,292
2026-04-30,제일정공,229,63,292
2026-04-30,동성에스티에스건너,275,15,290
2026-04-30,유가사거리1,186,104,290
2026-04-30,안심교(경산방향),173,114,287
2026-04-30,이곡양수장건너,192,93,285
2026-04-30,숙천초교건너,157,127,284
2026-04-30,하빈농협건너,282,2,284
2026-04-30,하빈초등학교앞,277,3,280
2026-04-30,경상북도인재개발원1,9,270,279
2026-04-30,공작한양아파트건너,183,96,279
2026-04-30,소보시장,263,16,279
2026-04-30,동호마을건너,215,63,278
2026-04-30,안심뉴타운1,249,28,277
2026-04-30,달성보앞,237,38,275
2026-04-30,연경동종점1,197,77,274
2026-04-30,도평동입구2,163,109,272
2026-04-30,칡골마을건너,270,1,271
2026-04-30,노이2리앞,250,20,270
2026-04-30,군위농협 소보지점,247,22,269
2026-04-30,대구지식산업센터앞,35,233,268
2026-04-30,갓골건너,266,1,267
2026-04-30,삼산리입구앞,5,262,267
2026-04-30,삼리1리1,124,142,266
2026-04-30,달성산업단지건너,189,76,265
2026-04-30,석굴암IC교아래,167,98,265
2026-04-30,금포교2,128,136,264
2026-04-30,용금공단건너,8,255,263
2026-04-30,신당리2,103,157,260
2026-04-30,만촌삼정그린코아앞,35,224,259
2026-04-30,숲다수고용사업장앞,214,43,257
2026-04-30,녹동서원건너,254,1,255
2026-04-30,진밭골(종점)1,252,3,255
2026-04-30,삼산리(삼산교회앞),46,208,254
2026-04-30,희성전자건너,144,108,252
2026-04-30,대일1리마을회관건너,172,78,250
2026-04-30,동성에스티에스앞,169,81,250
2026-04-30,희성전자앞,167,83,250
2026-04-30,금구1리,80,168,248
2026-04-30,신덕마을입구,62,186,248
2026-04-30,태전우방타운1차,181,67,248
2026-04-30,국립대구과학관건너,187,59,246
2026-04-30,신기리2,187,58,245
2026-04-30,우록리(자양마을)앞,245,0,245
2026-04-30,북구 동호동(종점)1,232,12,244
2026-04-30,세천리2,182,61,243
2026-04-30,성동마을건너,91,151,242
2026-04-30,서부리,118,122,240
2026-04-30,인산마을앞,60,179,239
2026-04-30,달성군선거관리위원회건너,105,132,237
2026-04-30,달성소방서앞,64,172,236
2026-04-30,부동(종점),206,30,236
2026-04-30,삼산지,235,1,236
2026-04-30,탱리마을앞,49,187,236
2026-04-30,신무동1,234,1,235
2026-04-30,능성동(종점)2,200,34,234
2026-04-30,용계동3,3,231,234
2026-04-30,주2리1,231,3,234
2026-04-30,화원본리1교1,232,2,234
2026-04-30,가천동건너,220,13,233
2026-04-30,상리동종점,4,228,232
2026-04-30,오2리(음지머구),230,1,231
2026-04-30,상원리(전평못식당)1,229,1,230
2026-04-30,석굴암IC교아래,216,14,230
2026-04-30,한국타이어건너,132,98,230
2026-04-30,삼익THK앞,180,49,229
2026-04-30,연경대광로제비앙앞,19,210,229
2026-04-30,옥포농협,184,45,229
2026-04-30,방짜유기박물관앞,32,196,228
2026-04-30,화성전문요양원건너,95,133,228
2026-04-30,설화명곡역(4번출구),144,83,227
2026-04-30,논공읍행정복지센터건너2,74,151,225
2026-04-30,삼국유사면 행정복지센터앞,202,23,225
2026-04-30,호산초등학교건너,164,60,224
2026-04-30,화원신일해피트리건너,66,157,223
2026-04-30,무등1리2,222,0,222
2026-04-30,진흔건설기계공업,197,24,221
2026-04-30,금호천년나무8단지앞,46,173,219
2026-04-30,한걸마을건너,217,2,219
2026-04-30,마비정벽화마을(종점),205,13,218
2026-04-30,고봉리,216,1,217
2026-04-30,내동건너,23,192,215
2026-04-30,대구소프트웨어마이스터고등학교앞,209,5,214
2026-04-30,대성테크앞,193,21,214
2026-04-30,읍내2리-의흥정류소,203,11,214
2026-04-30,국우동현대아파트건너,56,157,213
2026-04-30,옥포농협2,66,147,213
2026-04-30,매천역3,47,165,212
2026-04-30,세천고개1,154,58,212
2026-04-30,유가차천,192,20,212
2026-04-30,제일풍경채센트럴건너,50,160,210
2026-04-30,공산파출소,17,192,209
2026-04-30,동북주유소건너,132,77,209
2026-04-30,성서4차산업단지앞1,186,23,209
2026-04-30,탱리마을건너,206,3,209
2026-04-30,금포1교3,12,193,205
2026-04-30,북구어울아트센터앞,36,169,205
2026-04-30,서영기공건너,205,0,205
2026-04-30,성동탱자나무마을건너,127,78,205
2026-04-30,장기초등학교앞,6,198,204
2026-04-30,기곡(종점),181,22,203
2026-04-30,설화리(종점)2,182,21,203
2026-04-30,성동앞,138,63,201
2026-04-30,용계동4,177,23,200
2026-04-30,위천삼거리(논공방향),187,13,200
2026-04-30,금구2리,188,9,197
2026-04-30,대흥리,196,0,196
2026-04-30,군위국민체육센터,195,0,195
2026-04-30,효자강순항나무,195,0,195
2026-04-30,보성기계앞,5,189,194
2026-04-30,교항2리마을입구,7,186,193
2026-04-30,다사주공아파트건너,193,0,193
2026-04-30,장기파랑새마을앞,117,75,192
2026-04-30,창2리마을2,108,84,192
2026-04-30,대일1리점촌마을,51,140,191
2026-04-30,포산서사거리2,64,125,189
2026-04-30,대평교회건너,188,0,188
2026-04-30,볼보트럭대구사업소앞,148,40,188
2026-04-30,송정마을2,187,1,188
2026-04-30,화계1리,187,1,188
2026-04-30,예현2리마을회관,168,17,185
2026-04-30,달성취수장건너,11,171,182
2026-04-30,성산리1,69,113,182
2026-04-30,한국부동산원앞2,94,87,181
2026-04-30,이천동,160,19,179
2026-04-30,매골2,173,4,177
2026-04-30,성바울로성당건너,69,108,177
2026-04-30,정대1리(바깥매남),177,0,177
2026-04-30,단산리(송하빌라)1,175,1,176
2026-04-30,대평2리,173,3,176
2026-04-30,도학교2,173,3,176
2026-04-30,군위유통센타앞,155,20,175
2026-04-30,골안골,21,153,174
2026-04-30,반송4교앞,173,1,174
2026-04-30,가창댐1,30,143,173
2026-04-30,국립대구과학관정문앞,20,153,173
2026-04-30,보훈병원건너,74,98,172
2026-04-30,당정마을입구건너,169,2,171
2026-04-30,대율2리,167,4,171
2026-04-30,연경동종점2,170,1,171
2026-04-30,흥성정공앞,100,71,171
2026-04-30,공단하수처리장앞,114,56,170
2026-04-30,명곡1리입구2,80,90,170
2026-04-30,병수리,65,105,170
2026-04-30,서당마을앞,42,128,170
2026-04-30,덕산마을앞,166,3,169
2026-04-30,한정리(한정초교),167,0,167
2026-04-30,도동청구타운건너,71,95,166
2026-04-30,대구우편집중국건너,2,163,165
2026-04-30,오리(양지마을),161,4,165
2026-04-30,국우동현대아파트건너2,3,160,163
2026-04-30,팔공산도림사추모공원,136,26,162
2026-04-30,한걸고정마을,161,1,162
2026-04-30,군위군 행정복지센터,67,94,161
2026-04-30,신성중공업건너,5,156,161
2026-04-30,옥포중앙교회앞,54,106,160
2026-04-30,육신사,150,10,160
2026-04-30,거매리,158,1,159
2026-04-30,대구학생수련관입구앞,21,138,159
2026-04-30,방천리2,31,128,159
2026-04-30,유가농협앞,141,18,159
2026-04-30,상리동입구1,13,145,158
2026-04-30,대덕승마장앞,40,117,157
2026-04-30,팔공학생야영장앞,150,6,156
2026-04-30,하산스무지(종점),145,9,154
2026-04-30,대한수목원건너,152,1,153
2026-04-30,반송리2,132,20,152
2026-04-30,연경숲아파트앞,139,13,152
2026-04-30,흥성정공건너,137,15,152
2026-04-30,문주마을앞,39,112,151
2026-04-30,에이스이노텍앞,18,131,149
2026-04-30,유가차천1,123,26,149
2026-04-30,송해공원,28,120,148
2026-04-30,대구교도소앞,39,108,147
2026-04-30,동곡초등학교앞,114,33,147
2026-04-30,백송온천호텔앞,120,27,147
2026-04-30,하빈초등학교건너,12,135,147
2026-04-30,한걸마을앞,16,130,146
2026-04-30,노이3리1,139,6,145
2026-04-30,화본1리 마을회관,143,2,145
2026-04-30,아주철강건너,61,83,144
2026-04-30,음리1,130,14,144
2026-04-30,이화2리,139,5,144
2026-04-30,현내1리,144,0,144
2026-04-30,금구1리,128,15,143
2026-04-30,문양리입구2,9,133,142
2026-04-30,생각을담는정원앞,56,86,142
2026-04-30,부곡리건너,134,6,140
2026-04-30,신기리1,82,58,140
2026-04-30,용계동1,18,122,140
2026-04-30,매천대교2,4,135,139
2026-04-30,정리,127,12,139
2026-04-30,죽곡푸르지오2단지1,32,107,139
2026-04-30,영풍열처리건너,76,62,138
2026-04-30,한국클래드텍앞,1,137,138
2026-04-30,도학동1,30,107,137
2026-04-30,무성2.3리,120,17,137
2026-04-30,하빈우체국건너,137,0,137
2026-04-30,두리봉터널종점건너,102,34,136
2026-04-30,옥포벚꽃길2,60,75,135
2026-04-30,우록리(숲속전원마을)앞,133,2,135
2026-04-30,팔공한마음주유소,4,131,135
2026-04-30,웃갈미마을건너,123,11,134
2026-04-30,금포새터길2,4,129,133
2026-04-30,중뫼마을건너,125,8,133
2026-04-30,교항2리회관,120,12,132
2026-04-30,박곡리(시내방향),132,0,132
2026-04-30,덕곡(대구선명학교),23,108,131
2026-04-30,이천리(시외방향),131,0,131
2026-04-30,대구소프트웨어마이스터고등학교건너,11,119,130
2026-04-30,주1리,30,100,130
2026-04-30,가태리마을회관건너,94,35,129
2026-04-30,화산분동건너,128,1,129
2026-04-30,군위우체국앞,78,50,128
2026-04-30,세천리1건너,98,29,127
2026-04-30,한국환경공단앞,43,83,126
2026-04-30,가호1리 마을회관,125,0,125
2026-04-30,옥분리1,36,89,125
2026-04-30,진정마을2,41,82,123
2026-04-30,신무3교(하행),122,0,122
2026-04-30,군위군민회관,112,9,121
2026-04-30,대암1리1,121,0,121
2026-04-30,영조아파트건너,19,102,121
2026-04-30,칠곡한서타운앞,80,41,121
2026-04-30,강동초교앞,20,100,120
2026-04-30,삼산리(범동교),112,8,120
2026-04-30,유곡리공영차고지앞,120,0,120
2026-04-30,하나원전문장례식장,27,93,120
2026-04-30,도의리,103,16,119
2026-04-30,조야초등학교앞,14,104,118
2026-04-30,대북1리,117,0,117
2026-04-30,본리1리,97,20,117
2026-04-30,아주철강앞,58,59,117
2026-04-30,양지리,116,1,117
2026-04-30,화원유원지,116,1,117
2026-04-30,대구공고테크노폴리스캠퍼스1,36,80,116
2026-04-30,고모역앞,92,23,115
2026-04-30,대리마을회관,89,26,115
2026-04-30,수북1리,115,0,115
2026-04-30,국가정보자원관리원,89,25,114
2026-04-30,금양리,111,3,114
2026-04-30,용대3길,114,0,114
2026-04-30,장군1리,107,7,114
2026-04-30,도남지,112,1,113
2026-04-30,문양리1,109,4,113
2026-04-30,부남교2,113,0,113
2026-04-30,상리마을앞,112,1,113
2026-04-30,샤니삼거리1,112,1,113
2026-04-30,연화리2,10,103,113
2026-04-30,도동교2,27,85,112
2026-04-30,솔밭기세길입구,109,3,112
2026-04-30,하빈농협입구,17,95,112
2026-04-30,춘산리(현창),104,7,111
2026-04-30,정대1리(안매남),109,1,110
2026-04-30,지산2길입구건너,99,11,110
2026-04-30,중심마을2,93,16,109
2026-04-30,진인동(양지마을)앞,107,2,109
2026-04-30,신덕마을입구건너,87,20,107
2026-04-30,외량1리,104,3,107
2026-04-30,달천리(시내방향),102,4,106
2026-04-30,불로리,32,73,105
2026-04-30,이천동(종점),105,0,105
2026-04-30,용봉삼거리1,30,74,104
2026-04-30,감문리(삼실)앞,4,99,103
2026-04-30,공산댐앞,14,88,102
2026-04-30,도덕마을,95,7,102
2026-04-30,파전리,102,0,102
2026-04-30,대한수목원앞,11,90,101
2026-04-30,박곡리해랑포건너,38,63,101
2026-04-30,상중심마을2,101,0,101
2026-04-30,서대구역(북측),61,40,101
2026-04-30,송현2동행정복지센터앞,8,92,100
2026-04-30,우록리(부곡장식당)건너,100,0,100
2026-04-30,청소년수련원앞,43,57,100
2026-04-30,한국환경공단건너,76,24,100
2026-04-30,파계사입구건너,65,34,99
2026-04-30,가암1리,98,0,98
2026-04-30,신화1리,85,12,97
2026-04-30,율하천4교2,1,96,97
2026-04-30,감문리(삼실)건너,87,9,96
2026-04-30,김흥리마을입구,94,2,96
2026-04-30,도산1리마을회관,93,3,96
2026-04-30,복성리,95,1,96
2026-04-30,삼국유사면 행정복지센터,62,34,96
2026-04-30,춘산리(현창),65,31,96
2026-04-30,장군1리,84,11,95
2026-04-30,장기초등학교건너,81,14,95
2026-04-30,고곡1리,94,0,94
2026-04-30,동곡리,86,8,94
2026-04-30,가천동앞,19,74,93
2026-04-30,대구하이텍고교앞,13,80,93
2026-04-30,새마을입구,91,2,93
2026-04-30,달성화석박물관건너,84,8,92
2026-04-30,산성치안센터,69,23,92
2026-04-30,학남초등학교건너,22,70,92
2026-04-30,다사주공아파트앞,9,82,91
2026-04-30,유산리,90,1,91
2026-04-30,주리(삼진식당),20,71,91
2026-04-30,무등2리입구건너,90,0,90
2026-04-30,삼익THK건너,37,53,90
2026-04-30,평촌리,63,27,90
2026-04-30,현대메카닉스건너,90,0,90
2026-04-30,(주)영화건너,0,89,89
2026-04-30,달성2차산업단지출장소앞,78,11,89
2026-04-30,거매리,36,52,88
2026-04-30,도남동,88,0,88
2026-04-30,외량3리,87,1,88
2026-04-30,용수동2,88,0,88
2026-04-30,성산리3,52,35,87
2026-04-30,군위병원,86,0,86
2026-04-30,단산리입구1,84,2,86
2026-04-30,박곡리해랑포앞,59,26,85
2026-04-30,정대숲앞,84,1,85
2026-04-30,춘산리(양지),68,17,85
2026-04-30,효령-중구리,82,3,85
2026-04-30,달성취수장앞,33,51,84
2026-04-30,매호1교건너,13,70,83
2026-04-30,샛터마을입구,3,80,83
2026-04-30,대리마을앞,43,39,82
2026-04-30,공군기지관사입구,3,78,81
2026-04-30,남산2리,77,4,81
2026-04-30,매곡정수사업소앞,5,76,81
2026-04-30,무성리,80,0,80
2026-04-30,유곡사거리2,0,80,80
2026-04-30,모산리,74,5,79
2026-04-30,문양역앞,57,22,79
2026-04-30,송정동1,40,39,79
2026-04-30,큰마을,79,0,79
2026-04-30,위천1리앞,28,50,78
2026-04-30,화전동1,21,57,78
2026-04-30,달서별빛캠핑장앞,49,28,77
2026-04-30,동북주유소앞,4,73,77
2026-04-30,칠곡경대병원역건너2,77,0,77
2026-04-30,평광마을회관,76,1,77
2026-04-30,연계1리,75,1,76
2026-04-30,읍내2리-의흥정류소,69,7,76
2026-04-30,송정동4,32,43,75
2026-04-30,서영기공앞,3,71,74
2026-04-30,세천리1,61,13,74
2026-04-30,팔공한마음주유소건너,72,2,74
2026-04-30,현내2리중방마을건너,74,0,74
2026-04-30,봉황2리,73,0,73
2026-04-30,사리1리,73,0,73
2026-04-30,감문1리2,70,2,72
2026-04-30,달천리(시외방향),69,3,72
2026-04-30,만촌자전거경기장,26,46,72
2026-04-30,자리미마을2,72,0,72
2026-04-30,낙전리,60,11,71
2026-04-30,능성동입구앞,1,70,71
2026-04-30,당동마을앞,5,66,71
2026-04-30,앞산궁도장앞,58,13,71
2026-04-30,유곡공원앞,4,67,71
2026-04-30,교항2리회관건너,17,53,70
2026-04-30,오뚜기물류센터,68,2,70
2026-04-30,옥연지,0,70,70
2026-04-30,대율1리,21,48,69
2026-04-30,봉촌1리3,69,0,69
2026-04-30,장기1리,65,4,69
2026-04-30,화계2리,48,21,69
2026-04-30,도동제1경로당앞,65,3,68
2026-04-30,새마을건너,10,58,68
2026-04-30,파계사입구앞,42,26,68
2026-04-30,금매1리,61,6,67
2026-04-30,냉천2리,60,7,67
2026-04-30,대흥2리,55,12,67
2026-04-30,위성4리,66,1,67
2026-04-30,유가농협건너,19,48,67
2026-04-30,한국전자통신연구원앞,57,10,67
2026-04-30,다사체육공원건너,65,1,66
2026-04-30,진인동(진정마을)1,64,2,66
2026-04-30,금매2리,57,8,65
2026-04-30,문양기지창앞,44,21,65
2026-04-30,달성화석박물관앞,0,64,64
2026-04-30,달창저수지,63,1,64
2026-04-30,문양리입구1,47,17,64
2026-04-30,석산리,64,0,64
2026-04-30,옥연지건너,60,4,64
2026-04-30,춘산리(양지),8,56,64
2026-04-30,내곡동마을회관,49,14,63
2026-04-30,달성소방서건너,45,18,63
2026-04-30,봉촌낙동길입구,63,0,63
2026-04-30,율하천4교1,63,0,63
2026-04-30,화수1리,57,6,63
2026-04-30,군위병원,5,57,62
2026-04-30,묘1리 파회,56,6,62
2026-04-30,세천북로1,23,39,62
2026-04-30,오곡리마을회관,62,0,62
2026-04-30,율하천6교2,9,53,62
2026-04-30,동산1리,61,0,61
2026-04-30,옥포벚꽃길1,23,38,61
2026-04-30,장기1리,5,56,61
2026-04-30,퇴계마을앞,60,1,61
2026-04-30,다사초등학교건너,54,6,60
2026-04-30,마비정삼거리2,60,0,60
2026-04-30,상곡리,58,2,60
2026-04-30,송정동2,47,13,60
2026-04-30,위성1리,60,0,60
2026-04-30,행정2리앞,47,13,60
2026-04-30,현대메카닉스앞,2,58,60
2026-04-30,교수촌,59,0,59
2026-04-30,군위역사,51,8,59
2026-04-30,마시리,57,2,59
2026-04-30,묘2리(고려정밀),59,0,59
2026-04-30,불로리,35,24,59
2026-04-30,삼산1리,59,0,59
2026-04-30,성산3동,0,59,59
2026-04-30,율하천5교2,7,52,59
2026-04-30,하산1리,59,0,59
2026-04-30,목단1리마을회관앞,58,0,58
2026-04-30,산법리,58,0,58
2026-04-30,수태골건너,23,35,58
2026-04-30,한양산호아파트앞,46,12,58
2026-04-30,군위국민체육센터,10,47,57
2026-04-30,금매2리,54,3,57
2026-04-30,내량2리,57,0,57
2026-04-30,동부리,54,3,57
2026-04-30,명산리,56,1,57
2026-04-30,무등보건진료소건너,57,0,57
2026-04-30,모산리,56,0,56
2026-04-30,무성2.3리,24,32,56
2026-04-30,오천리,56,0,56
2026-04-30,구룡촌앞,52,3,55
2026-04-30,금매1리,45,10,55
2026-04-30,달성산업단지관리공단2,50,5,55
2026-04-30,사효교1,50,5,55
2026-04-30,우록리(자양마을)건너,10,45,55
2026-04-30,다사초등학교앞,10,44,54
2026-04-30,대평교회앞,22,32,54
2026-04-30,화계1리,41,13,54
2026-04-30,화산분동앞,11,43,54
2026-04-30,가호1,47,6,53
2026-04-30,다사역(4번출구),51,2,53
2026-04-30,대구국제사격장,48,5,53
2026-04-30,매성2리,53,0,53
2026-04-30,보현1리,53,0,53
2026-04-30,봉촌리,53,0,53
2026-04-30,삼산1리,48,5,53
2026-04-30,신무교2,48,5,53
2026-04-30,경상북도농업인회관,24,28,52
2026-04-30,기곡리2,50,2,52
2026-04-30,이화,38,14,52
2026-04-30,학암1리,48,4,52
2026-04-30,서경리,51,0,51
2026-04-30,중뫼마을앞,4,47,51
2026-04-30,진인동(양지마을)건너,13,38,51
2026-04-30,화북1리,51,0,51
2026-04-30,검단상가아파트건너,21,29,50
2026-04-30,다사체육공원앞,45,5,50
2026-04-30,목단2리1,49,1,50
2026-04-30,봉림삼거리,50,0,50
2026-04-30,신무1교2,50,0,50
2026-04-30,푸르밀대구공장,50,0,50
2026-04-30,항공교통본부앞,50,0,50
2026-04-30,송호지서편1,49,0,49
2026-04-30,광현3리,48,0,48
2026-04-30,구삼폭포앞,48,0,48
2026-04-30,금구2리,21,27,48
2026-04-30,내량2리,48,0,48
2026-04-30,노행2리,48,0,48
2026-04-30,매곡1리경로회관,48,0,48
2026-04-30,송원1,48,0,48
2026-04-30,이지2리,48,0,48
2026-04-30,화원파크뷰우방아이유쉘아파트앞,9,39,48
2026-04-30,광현2리,47,0,47
2026-04-30,달성삼환나우빌건너,0,47,47
2026-04-30,삼산2리,38,9,47
2026-04-30,송원리(봉황리방면),47,0,47
2026-04-30,달성산업단지관리공단1,14,32,46
2026-04-30,서부소방서,26,20,46
2026-04-30,송정동3,7,39,46
2026-04-30,주2리(최정사입구),5,41,46
2026-04-30,화계2리,43,3,46
2026-04-30,화원영농자재판매상건너,46,0,46
2026-04-30,갓골앞,3,42,45
2026-04-30,달산2리,45,0,45
2026-04-30,봉촌2리,45,0,45
2026-04-30,연계1리,43,2,45
2026-04-30,용화사앞,45,0,45
2026-04-30,위성리,45,0,45
2026-04-30,육신사입구,18,27,45
2026-04-30,정대2리(큰바위숲)앞,45,0,45
2026-04-30,팔거교,3,42,45
2026-04-30,내의1리,44,0,44
2026-04-30,농연서당2,44,0,44
2026-04-30,다사역(3번출구),2,42,44
2026-04-30,담안마을1,6,38,44
2026-04-30,동곡1리3,41,3,44
2026-04-30,삼국유사면문화관,41,3,44
2026-04-30,신계리,44,0,44
2026-04-30,용연사시설집단지구건너,42,2,44
2026-04-30,구라1리2,42,1,43
2026-04-30,귀남지휴게소1,43,0,43
2026-04-30,금강동,29,14,43
2026-04-30,송정마을1,3,40,43
2026-04-30,하빈면행정복지센터앞,18,25,43
2026-04-30,항공교통본부건너,1,42,43
2026-04-30,화전2리,41,2,43
2026-04-30,고봉리2,39,3,42
2026-04-30,본리2리2,42,0,42
2026-04-30,에이스이노텍건너,22,20,42
2026-04-30,동산2리,41,0,41
2026-04-30,두천마을건너,41,0,41
2026-04-30,부곡리,15,26,41
2026-04-30,오곡리건너편,41,0,41
2026-04-30,웃갈미마을앞,3,38,41
2026-04-30,위성2리,41,0,41
2026-04-30,금양1리,39,1,40
2026-04-30,나호3리,38,2,40
2026-04-30,남산1리,40,0,40
2026-04-30,모개월앞,1,39,40
2026-04-30,신화1리,37,3,40
2026-04-30,양리1,35,5,40
2026-04-30,연계2리,40,0,40
2026-04-30,용수동당산2,39,1,40
2026-04-30,달서중고등학교앞,17,22,39
2026-04-30,이지1리,37,2,39
2026-04-30,현풍공영버스정류장1,39,0,39
2026-04-30,강정(종점),32,6,38
2026-04-30,구라3리2,26,12,38
2026-04-30,용연사시설집단지구앞,10,28,38
2026-04-30,효령,38,0,38
2026-04-30,나호1리,37,0,37
2026-04-30,대구그린파워앞,10,27,37
2026-04-30,대구보훈요양원앞,37,0,37
2026-04-30,명곡1리입구1,3,34,37
2026-04-30,사리1리-중산,36,1,37
2026-04-30,삼산리(범동교)건너,16,21,37
2026-04-30,솔비식당입구맞은편,36,1,37
2026-04-30,운산리,28,9,37
2026-04-30,(구)현풍시외버스터미널,31,5,36
2026-04-30,묘1리,36,0,36
2026-04-30,상당마을,34,2,36
2026-04-30,서재문화체육센터앞2,34,2,36
2026-04-30,송정1동,7,29,36
2026-04-30,용리앞,12,24,36
2026-04-30,해안초등학교뒤,13,23,36
2026-04-30,군위군청,28,7,35
2026-04-30,모래정마을건너,33,2,35
2026-04-30,삼리2교차로 2,5,30,35
2026-04-30,장기1리,35,0,35
2026-04-30,하빈농협동곡지점1,30,5,35
2026-04-30,매곡1리정미소,34,0,34
2026-04-30,수태골앞,26,8,34
2026-04-30,용진마을건너,6,28,34
2026-04-30,화원영농자재판매상앞,1,33,34
2026-04-30,매성1리,33,0,33
2026-04-30,숙천2동마을회관건너,26,7,33
2026-04-30,평호리-낫거리,33,0,33
2026-04-30,마시1리,27,5,32
2026-04-30,미성1리,32,0,32
2026-04-30,백안교1,1,31,32
2026-04-30,봉소리,30,2,32
2026-04-30,상원리(마을회관)2,4,28,32
2026-04-30,설화리(종점)1,28,4,32
2026-04-30,화수2리,32,0,32
2026-04-30,화전2리,25,7,32
2026-04-30,봉소리,31,0,31
2026-04-30,숙천동 건너,3,28,31
2026-04-30,연호동(종점),28,3,31
2026-04-30,진인동(진정마을)2,26,5,31
2026-04-30,거매리로타리,30,0,30
2026-04-30,목단1리1,30,0,30
2026-04-30,사유원,27,3,30
2026-04-30,삼국유사면 행정복지센터,30,0,30
2026-04-30,삼육구가든건너,9,21,30
2026-04-30,연경12,15,15,30
2026-04-30,외량2리,30,0,30
2026-04-30,응암1리1,1,29,30
2026-04-30,측백나무숲앞,3,27,30
2026-04-30,노행1리,29,0,29
2026-04-30,대북2리,29,0,29
2026-04-30,문덕1리,29,0,29
2026-04-30,삼산2리,28,1,29
2026-04-30,이화,19,10,29
2026-04-30,칡골마을앞,1,28,29
2026-04-30,김흥2리건너,4,24,28
2026-04-30,매골1,6,22,28
2026-04-30,연호역(3번출구),20,8,28
2026-04-30,가창댐,13,14,27
2026-04-30,감문1리3,0,27,27
2026-04-30,경동산업앞,25,2,27
2026-04-30,나호3리,27,0,27
2026-04-30,부인사앞,25,2,27
2026-04-30,수서1리,27,0,27
2026-04-30,이지2리,18,9,27
2026-04-30,이천리(시내방향),25,2,27
2026-04-30,정대2리(잿들마을)건너,27,0,27
2026-04-30,정대리(대구미술광장건너),11,16,27
2026-04-30,화북3리,27,0,27
2026-04-30,대구공고테크노폴리스캠퍼스2,26,0,26
2026-04-30,묘2리(전마),24,2,26
2026-04-30,박곡리(시외방향),26,0,26
2026-04-30,백학2리,26,0,26
2026-04-30,보현2리,25,1,26
2026-04-30,삽령리,26,0,26
2026-04-30,솔밭기세길건너,0,26,26
2026-04-30,운산,26,0,26
2026-04-30,응암1리2,6,20,26
2026-04-30,하빈체육공원앞,26,0,26
2026-04-30,당정마을입구,10,15,25
2026-04-30,도동복합운동장건너,25,0,25
2026-04-30,본리근린공원건너,25,0,25
2026-04-30,샤니삼거리2,19,6,25
2026-04-30,석산리,25,0,25
2026-04-30,성2리,21,4,25
2026-04-30,강정보(디아크문화관)건너,0,24,24
2026-04-30,김흥1리앞,20,4,24
2026-04-30,나호2리,19,5,24
2026-04-30,미곡교2,14,10,24
2026-04-30,봉황1리,24,0,24
2026-04-30,성1리,15,9,24
2026-04-30,신무동2,1,23,24
2026-04-30,유곡사거리4,0,24,24
2026-04-30,율하천6교1,22,2,24
2026-04-30,제2석굴암,24,0,24
2026-04-30,학암2리,24,0,24
2026-04-30,금양리,21,2,23
2026-04-30,내리1,23,0,23
2026-04-30,달성2차산업단지출장소건너,22,1,23
2026-04-30,백학삼거리,23,0,23
2026-04-30,삼육구가든앞,23,0,23
2026-04-30,이화3리,17,6,23
2026-04-30,화북1리,14,9,23
2026-04-30,화수1리,16,7,23
2026-04-30,기암2리 백암마을,22,0,22
2026-04-30,마시1리,5,17,22
2026-04-30,매성2리,9,13,22
2026-04-30,문덕1리,18,4,22
2026-04-30,봉산리,22,0,22
2026-04-30,산성치안센터,22,0,22
2026-04-30,신세월입구1,22,0,22
2026-04-30,인산마을회관앞,18,4,22
2026-04-30,창평1리,5,17,22
2026-04-30,김흥2리앞,20,1,21
2026-04-30,연경11,15,6,21
2026-04-30,오2리(음지머구건너),3,18,21
2026-04-30,용진마을앞,16,5,21
2026-04-30,용화사건너,0,21,21
2026-04-30,이화3리,19,2,21
2026-04-30,창2리2,20,1,21
2026-04-30,현풍읍행정복지센터건너,21,0,21
2026-04-30,고곡리,5,15,20
2026-04-30,나호1리,19,1,20
2026-04-30,나호2리,20,0,20
2026-04-30,낙전리,20,0,20
2026-04-30,내의1리,20,0,20
2026-04-30,노사평화의전당건너,9,11,20
2026-04-30,동부사거리,20,0,20
2026-04-30,문양3리(장귀미),2,18,20
2026-04-30,반송4교건너,7,13,20
2026-04-30,봉황3리,20,0,20
2026-04-30,수북1리,1,19,20
2026-04-30,우보면사무소,18,2,20
2026-04-30,이화리,19,1,20
2026-04-30,정리,11,9,20
2026-04-30,지호1리-안태동,19,1,20
2026-04-30,팔현마을건너,14,6,20
2026-04-30,김흥리마을입구건너,5,14,19
2026-04-30,내리리,12,7,19
2026-04-30,미곡교1,11,8,19
2026-04-30,부인사건너,18,1,19
2026-04-30,삼산지건너,10,9,19
2026-04-30,원산1리,19,0,19
2026-04-30,지호2리-지호3리,14,5,19
2026-04-30,행정1리앞,1,18,19
2026-04-30,화북3리,4,15,19
2026-04-30,녹동서원앞,5,13,18
2026-04-30,문산리,18,0,18
2026-04-30,문양리2,1,17,18
2026-04-30,상리마을건너,2,16,18
2026-04-30,송호지서편2,0,18,18
2026-04-30,운산리,18,0,18
2026-04-30,정리,18,0,18
2026-04-30,푸르밀대구공장건너,9,9,18
2026-04-30,금양1리-행골,17,0,17
2026-04-30,무암1리,17,0,17
2026-04-30,새터건너,9,8,17
2026-04-30,설티고개(옥포방면),17,0,17
2026-04-30,연광시니어타운앞,17,0,17
2026-04-30,장군2리,17,0,17
2026-04-30,하곡리,17,0,17
2026-04-30,학성1리,1,16,17
2026-04-30,고곡2리,16,0,16
2026-04-30,남산2리,16,0,16
2026-04-30,내의3리,16,0,16
2026-04-30,다리골,16,0,16
2026-04-30,서경리,16,0,16
2026-04-30,성1리,13,3,16
2026-04-30,우보면사무소,5,11,16
2026-04-30,이현고개삼거리(시외방향),11,5,16
2026-04-30,파전리,8,8,16
2026-04-30,가태리마을회관앞,12,3,15
2026-04-30,달산2리,15,0,15
2026-04-30,대구그린파워건너,8,7,15
2026-04-30,덕산마을건너,1,14,15
2026-04-30,동호마을앞,7,8,15
2026-04-30,창평리,15,0,15
2026-04-30,국립식량과학원대구시험지,0,14,14
2026-04-30,농기계임대사업소 동부분소 건너,14,0,14
2026-04-30,달성주민건강증진센터,3,11,14
2026-04-30,대율리,14,0,14
2026-04-30,대흥리,6,8,14
2026-04-30,무등보건진료소앞,2,12,14
2026-04-30,문주마을2,7,7,14
2026-04-30,봉황3리,10,4,14
2026-04-30,성1리,14,0,14
2026-04-30,성리,8,6,14
2026-04-30,연계1리,14,0,14
2026-04-30,오리(양지마을앞),2,12,14
2026-04-30,오천리,12,2,14
2026-04-30,위성3리,14,0,14
2026-04-30,이현고개삼거리(시내방향),0,14,14
2026-04-30,한정리(한정초교건너),7,7,14
2026-04-30,행정교,7,7,14
2026-04-30,가태2리마을입구,10,3,13
2026-04-30,경상북도인재개발원2,4,9,13
2026-04-30,경주최씨종가1,4,9,13
2026-04-30,금강역1,12,1,13
2026-04-30,김흥1리건너,8,5,13
2026-04-30,농기계임대사업소 동부분소 앞,2,11,13
2026-04-30,능성동(종점)1,13,0,13
2026-04-30,마비정길2,13,0,13
2026-04-30,복성리,13,0,13
2026-04-30,설티고개(달성공단방면),2,11,13
2026-04-30,신무3교(상행),0,13,13
2026-04-30,우록리(숲속전원마을)건너,2,11,13
2026-04-30,행정리,0,13,13
2026-04-30,화계3리,13,0,13
2026-04-30,경주최씨종가2,9,3,12
2026-04-30,달성문화원앞,0,12,12
2026-04-30,매곡2리 마을회관,12,0,12
2026-04-30,봉산2리,12,0,12
2026-04-30,연경숲아파트건너,7,5,12
2026-04-30,인곡리,12,0,12
2026-04-30,정대2리마을회관앞,1,11,12
2026-04-30,창2리1,11,1,12
2026-04-30,LH13단지아파트앞,0,11,11
2026-04-30,가암2리,11,0,11
2026-04-30,감문1리1,2,9,11
2026-04-30,고곡보건지소,11,0,11
2026-04-30,금양1리,11,0,11
2026-04-30,남산리,11,0,11
2026-04-30,달성문화원건너,11,0,11
2026-04-30,도동제1경로당건너,0,11,11
2026-04-30,도채앞,11,0,11
2026-04-30,모개월입구,11,0,11
2026-04-30,송원리,11,0,11
2026-04-30,송원리(소보방면),0,11,11
2026-04-30,숲다수고용사업장건너,10,1,11
2026-04-30,양방마을앞,10,1,11
2026-04-30,양지리,4,7,11
2026-04-30,연젓마을입구,0,11,11
2026-04-30,용봉삼거리2,7,4,11
2026-04-30,우록리(선흥사입구건너),0,11,11
2026-04-30,우보,10,1,11
2026-04-30,이지1리,3,8,11
2026-04-30,가암1리,9,1,10
2026-04-30,가암1리,10,0,10
2026-04-30,가호1리 마을회관,3,7,10
2026-04-30,교항리마을입구건너,1,9,10
2026-04-30,구삼폭포건너,2,8,10
2026-04-30,단산리입구2,2,8,10
2026-04-30,무등1리3,10,0,10
2026-04-30,무암2리,10,0,10
2026-04-30,미성1리,8,2,10
2026-04-30,삼국유사테마파크건너,8,2,10
2026-04-30,새터앞,8,2,10
2026-04-30,서부리,2,8,10
2026-04-30,선곡2리,10,0,10
2026-04-30,수서1리,9,1,10
2026-04-30,양지리,10,0,10
2026-04-30,옥전길 입구,10,0,10
2026-04-30,외량3리,9,1,10
2026-04-30,유곡리(회차지),10,0,10
2026-04-30,이화3리,8,2,10
2026-04-30,인각사,10,0,10
2026-04-30,인지초등학교입구,10,0,10
2026-04-30,중심마을1,3,7,10
2026-04-30,창평2리,2,8,10
2026-04-30,창평리,0,10,10
2026-04-30,청수송어장낚시터,2,8,10
2026-04-30,화북2리,10,0,10
2026-04-30,가호1,6,3,9
2026-04-30,감문1리4,8,1,9
2026-04-30,구지중학교앞,9,0,9
2026-04-30,내곡마을입구앞,8,1,9
2026-04-30,노이2리건너,0,9,9
2026-04-30,노행1리-산촌마을,9,0,9
2026-04-30,달산1리,9,0,9
2026-04-30,달산2리,9,0,9
2026-04-30,도학교1,3,6,9
2026-04-30,봉황3리,9,0,9
2026-04-30,부남교1,0,9,9
2026-04-30,신덕1리,9,0,9
2026-04-30,양리2,9,0,9
2026-04-30,연젓마을건너,3,6,9
2026-04-30,연호역(3번출구)건너,4,5,9
2026-04-30,용대리,9,0,9
2026-04-30,우보,1,8,9
2026-04-30,원산2리,9,0,9
2026-04-30,이화2리,9,0,9
2026-04-30,팔공학생야영장입구앞,8,1,9
2026-04-30,하빈체육공원건너,3,6,9
2026-04-30,하산2리,8,1,9
2026-04-30,금포1교2,7,1,8
2026-04-30,기곡리1,6,2,8
2026-04-30,달산2리,8,0,8
2026-04-30,달산리,8,0,8
2026-04-30,미성2리,3,5,8
2026-04-30,본리2리1,2,6,8
2026-04-30,봉황1리,3,5,8
2026-04-30,사효교2,1,7,8
2026-04-30,솔비식당입구,3,5,8
2026-04-30,외량1리,1,7,8
2026-04-30,우보역,4,4,8
2026-04-30,원산3리,7,1,8
2026-04-30,인산마을회관건너,2,6,8
2026-04-30,장군2리,1,7,8
2026-04-30,정대2리(큰바위숲)건너,0,8,8
2026-04-30,학암2리,8,0,8
2026-04-30,화수1리,6,2,8
2026-04-30,화원본리1교2,6,2,8
2026-04-30,가암1리,7,0,7
2026-04-30,고매초등학교,7,0,7
2026-04-30,구라1리1,1,6,7
2026-04-30,냉천리3,2,5,7
2026-04-30,달산2리-음지말,7,0,7
2026-04-30,대암2리1,7,0,7
2026-04-30,문덕교회,7,0,7
2026-04-30,미성2리 노인정,7,0,7
2026-04-30,박석진교,3,4,7
2026-04-30,백학2리,6,1,7
2026-04-30,산성면 행정복지센터,6,1,7
2026-04-30,의흥면보건지소,7,0,7
2026-04-30,의흥면보건지소,0,7,7
2026-04-30,인산큰마을2,7,0,7
2026-04-30,창평2리,2,5,7
2026-04-30,화계3리,6,1,7
2026-04-30,구라3리1,1,5,6
2026-04-30,대구제3예비군훈련장,0,6,6
2026-04-30,봉산2리,6,0,6
2026-04-30,봉촌1리2,0,6,6
2026-04-30,성2리,5,1,6
2026-04-30,수서,6,0,6
2026-04-30,이화리,3,3,6
2026-04-30,인산큰마을1,0,6,6
2026-04-30,화계,6,0,6
2026-04-30,화계,6,0,6
2026-04-30,화수2리,6,0,6
2026-04-30,마비정길1,0,5,5
2026-04-30,마시리,0,5,5
2026-04-30,목단2리2,0,5,5
2026-04-30,무암1리,5,0,5
2026-04-30,미성2리,5,0,5
2026-04-30,본리근린공원앞,0,5,5
2026-04-30,봉산리,5,0,5
2026-04-30,봉촌낙동길입구건너,0,5,5
2026-04-30,상원리(전평못식당)2,0,5,5
2026-04-30,서경리,5,0,5
2026-04-30,외량2리,5,0,5
2026-04-30,평촌1리,4,1,5
2026-04-30,하빈우체국앞,1,4,5
2026-04-30,현풍읍행정복지센터앞,1,4,5
2026-04-30,거매리 로타리,4,0,4
2026-04-30,구라리,0,4,4
2026-04-30,구라리2,1,3,4
2026-04-30,구지중학교건너,4,0,4
2026-04-30,나호리,1,3,4
2026-04-30,낙전리,4,0,4
2026-04-30,노행리앞,2,2,4
2026-04-30,달산2리-법주,4,0,4
2026-04-30,달서천하수종말처리장건너,4,0,4
2026-04-30,무암1리,4,0,4
2026-04-30,문덕리 입구,4,0,4
2026-04-30,문주마을1,0,4,4
2026-04-30,미성교,0,4,4
2026-04-30,백학2리,3,1,4
2026-04-30,봉산2리,4,0,4
2026-04-30,삼산2리,3,1,4
2026-04-30,송원1,1,3,4
2026-04-30,수서,4,0,4
2026-04-30,신세월입구2,0,4,4
2026-04-30,양방마을건너,4,0,4
2026-04-30,오천리,4,0,4
2026-04-30,옥전길 입구,4,0,4
2026-04-30,정대숲건너,0,4,4
2026-04-30,지호1리-안태동,3,1,4
2026-04-30,큰마을건너,0,4,4
2026-04-30,퇴계마을건너,0,4,4
2026-04-30,하곡리-속골,0,4,4
2026-04-30,행정2리건너,0,4,4
2026-04-30,화원파크뷰우방아이유쉘아파트건너,3,1,4
2026-04-30,가암1리,3,0,3
2026-04-30,거매리,3,0,3
2026-04-30,고곡리,1,2,3
2026-04-30,귀남지휴게소2,0,3,3
2026-04-30,남산2리,2,1,3
2026-04-30,노이3리2,2,1,3
2026-04-30,달산2리,3,0,3
2026-04-30,대산,1,2,3
2026-04-30,대암내길2,1,2,3
2026-04-30,대흥2리,2,1,3
2026-04-30,도채건너,0,3,3
2026-04-30,마비정삼거리1,1,2,3
2026-04-30,묘2리(전마)건너,0,3,3
2026-04-30,백학삼거리,0,3,3
2026-04-30,병수2리 마을회관,2,1,3
2026-04-30,봉산2리,3,0,3
2026-04-30,봉황2리,2,1,3
2026-04-30,산성면 행정복지센터,3,0,3
2026-04-30,삼산2리,0,3,3
2026-04-30,석산리,1,2,3
2026-04-30,석산리,0,3,3
2026-04-30,성산리4,1,2,3
2026-04-30,신계리(소보정류장방면),1,2,3
2026-04-30,신덕1리,2,1,3
2026-04-30,신무교1,0,3,3
2026-04-30,신화2리,3,0,3
2026-04-30,양지리,3,0,3
2026-04-30,연광시니어타운건너,0,3,3
2026-04-30,용대리,3,0,3
2026-04-30,용수동당산1,0,3,3
2026-04-30,우록리(부곡장식당),1,2,3
2026-04-30,위성리,2,1,3
2026-04-30,유곡리,2,1,3
2026-04-30,이지리,0,3,3
2026-04-30,이화3리,3,0,3
2026-04-30,파전리,1,2,3
2026-04-30,파전리,0,3,3
2026-04-30,학성2리-용아-괴산-장곡1,1,2,3
2026-04-30,현풍공영버스정류장2,3,0,3
2026-04-30,화계1리,3,0,3
2026-04-30,화본리,3,0,3
2026-04-30,화북2리,2,1,3
2026-04-30,화수리,3,0,3
2026-04-30,화전리,1,2,3
2026-04-30,가암리,2,0,2
2026-04-30,군위군농산물공판장,0,2,2
2026-04-30,금매1리,2,0,2
2026-04-30,내량2리,2,0,2
2026-04-30,달산1리,0,2,2
2026-04-30,달서천하수종말처리장앞,0,2,2
2026-04-30,대구환경공단달성사업소건너,1,1,2
2026-04-30,대율리,0,2,2
2026-04-30,마시1리 입구 건너,2,0,2
2026-04-30,매성1리,0,2,2
2026-04-30,모래정마을앞,0,2,2
2026-04-30,목단1리마을회관건너,1,1,2
2026-04-30,묘2리(고려정밀)건너,0,2,2
2026-04-30,무등2리,0,2,2
2026-04-30,무성리,1,1,2
2026-04-30,미성교,2,0,2
2026-04-30,백학1리,2,0,2
2026-04-30,봉림1리,0,2,2
2026-04-30,불로리,1,1,2
2026-04-30,비산5동행정복지센터,1,1,2
2026-04-30,사직2리,2,0,2
2026-04-30,송원리,1,1,2
2026-04-30,수리리,2,0,2
2026-04-30,수북1리-하리마을,0,2,2
2026-04-30,수서2리,1,1,2
2026-04-30,신계리(도산리우무실방면),2,0,2
2026-04-30,양지리,0,2,2
2026-04-30,외량리,2,0,2
2026-04-30,우보역,0,2,2
2026-04-30,음리2,2,0,2
2026-04-30,인각사,0,2,2
2026-04-30,자리미마을1,0,2,2
2026-04-30,정대2리(잿들마을)앞,1,1,2
2026-04-30,천내영남맨션,2,0,2
2026-04-30,하목정(종점),0,2,2
2026-04-30,화수1리,2,0,2
2026-04-30,화수리,2,0,2
2026-04-30,가암1리,0,1,1
2026-04-30,가암리,0,1,1
2026-04-30,고곡1리,0,1,1
2026-04-30,고곡리,1,0,1
2026-04-30,구룡촌건너,0,1,1
2026-04-30,금강역2,0,1,1
2026-04-30,나호1리,1,0,1
2026-04-30,나호리,1,0,1
2026-04-30,내리2,0,1,1
2026-04-30,노행1리,1,0,1
2026-04-30,노행1리-산촌마을,1,0,1
2026-04-30,노행리앞,1,0,1
2026-04-30,농연서당1,0,1,1
2026-04-30,단산리(송하빌라)2,0,1,1
2026-04-30,달산,1,0,1
2026-04-30,달산,1,0,1
2026-04-30,달산-양산골,1,0,1
2026-04-30,달산1리,0,1,1
2026-04-30,달산1리,1,0,1
2026-04-30,달산1리(군위농협옆방면),1,0,1
2026-04-30,달산2리-음지말,1,0,1
2026-04-30,달산3리-홈골,0,1,1
2026-04-30,달산리,1,0,1
2026-04-30,달성도서관건너,1,0,1
2026-04-30,달성도서관입구,1,0,1
2026-04-30,대구보훈요양원건너,1,0,1
2026-04-30,대암1리2,1,0,1
2026-04-30,대암내길1,1,0,1
2026-04-30,대율2리,0,1,1
2026-04-30,도동복합운동장앞,0,1,1
2026-04-30,도장마을,0,1,1
2026-04-30,동산1리,0,1,1
2026-04-30,두천마을입구,0,1,1
2026-04-30,모산교,0,1,1
2026-04-30,목단1리2,1,0,1
2026-04-30,미성1리 입구,1,0,1
2026-04-30,백학2리,0,1,1
2026-04-30,병수2리,1,0,1
2026-04-30,사직1리,0,1,1
2026-04-30,사창마을앞,1,0,1
2026-04-30,산대 전원마을,0,1,1
2026-04-30,삼산2리,1,0,1
2026-04-30,서경리,1,0,1
2026-04-30,수서1리,1,0,1
2026-04-30,수서2리,0,1,1
2026-04-30,신무1교1,1,0,1
2026-04-30,신화2리,1,0,1
2026-04-30,연계2리,0,1,1
2026-04-30,용수동1,0,1,1
2026-04-30,정3리,1,0,1
2026-04-30,정리,1,0,1
2026-04-30,제2석굴암,0,1,1
2026-04-30,천내우방1차,1,0,1
2026-04-30,터실마을,0,1,1
2026-04-30,평호리마을회관,0,1,1
2026-04-30,하곡리-동리,1,0,1
2026-04-30,행정1리건너,1,0,1
2026-04-30,화수1리,0,1,1
2026-05-31,약령시건너(동성로입구),165102,28392,193494
2026-05-31,경상감영공원앞,107291,70888,178179
2026-05-31,동대구역건너,110224,45265,155489
2026-05-31,동대구역,104684,34349,139033
2026-05-31,약령시앞,88564,42954,131518
2026-05-31,반월당역(2번출구),89115,36442,125557
2026-05-31,아양교역(1번출구),62480,54041,116521
2026-05-31,동대구역복합환승센터앞,77738,32062,109800
2026-05-31,2.28기념중앙공원앞,86888,22175,109063
2026-05-31,동구청건너,79673,29162,108835
2026-05-31,경상감영공원건너,84504,16520,101024
2026-05-31,CGV대구한일건너,74027,19301,93328
2026-05-31,서부정류장1,74369,13439,87808
2026-05-31,진천역(2번출구),50657,35484,86141
2026-05-31,동대구역복합환승센터건너,71883,13004,84887
2026-05-31,상인현대맨션건너,69766,6979,76745
2026-05-31,섬유회관앞,56262,18906,75168
2026-05-31,아양교역(2번출구),63672,11129,74801
2026-05-31,서부정류장(관문시장건너),62798,11862,74660
2026-05-31,큰장네거리1,62552,10368,72920
2026-05-31,곽병원건너,40785,25346,66131
2026-05-31,2.28기념중앙공원건너1,48535,17345,65880
2026-05-31,강남약국건너,52767,12436,65203
2026-05-31,경북대학교북문건너,60908,4081,64989
2026-05-31,서구청건너,54061,9446,63507
2026-05-31,경신고등학교앞,50268,12177,62445
2026-05-31,감삼역(3번출구),43527,17891,61418
2026-05-31,경신고등학교건너,53053,8235,61288
2026-05-31,동구청앞,48249,11938,60187
2026-05-31,산격종합시장앞,46006,14057,60063
2026-05-31,산격대우아파트앞,47918,9013,56931
2026-05-31,영진고등학교앞,37547,19228,56775
2026-05-31,서구청앞,43237,13514,56751
2026-05-31,진천역(1번출구),48039,8652,56691
2026-05-31,평화시장(닭똥집골목)앞,41409,12155,53564
2026-05-31,복현오거리1,44013,9546,53559
2026-05-31,두류역(달성고등학교앞),39768,13583,53351
2026-05-31,칠성시장앞1,40597,12210,52807
2026-05-31,큰장네거리2,34325,18333,52658
2026-05-31,계명대학교동문건너2,42723,9804,52527
2026-05-31,영진전문대학교후문앞,35813,16576,52389
2026-05-31,이시아폴리스더샵3단지,47575,4370,51945
2026-05-31,북부정류장,39536,12370,51906
2026-05-31,그랜드호텔앞,38819,11336,50155
2026-05-31,반월당역(1번출구)1,38884,10810,49694
2026-05-31,서부정류장(관문시장앞),38852,8859,47711
2026-05-31,복현우체국건너,41052,6270,47322
2026-05-31,그랜드호텔건너,33004,13963,46967
2026-05-31,대구역앞,36913,10019,46932
2026-05-31,만촌육교1,39502,7195,46697
2026-05-31,강남약국앞1,35598,10796,46394
2026-05-31,북부정류장건너,33897,12442,46339
2026-05-31,섬유회관건너1,29385,16791,46176
2026-05-31,대구은행북비산지점앞,37769,8018,45787
2026-05-31,화원초등학교건너,41190,4356,45546
2026-05-31,신매광장앞,37073,8073,45146
2026-05-31,서부정류장역1(1번출구),20454,24463,44917
2026-05-31,동아백화점수성점앞,42062,2759,44821
2026-05-31,상인역(1번출구),23849,20330,44179
2026-05-31,영남고등학교앞,37505,6630,44135
2026-05-31,대구과학대학교2,38443,5261,43704
2026-05-31,경북대학교북문앞,26265,16484,42749
2026-05-31,수목원삼성래미안1차건너,21427,21318,42745
2026-05-31,서부시장건너,32195,9844,42039
2026-05-31,불로전통시장건너,38042,3825,41867
2026-05-31,만촌역(1번출구)2,34589,6718,41307
2026-05-31,경북대학교병원앞,33683,7611,41294
2026-05-31,용산네거리2,33825,7411,41236
2026-05-31,봉덕1동행정복지센터앞,25441,15759,41200
2026-05-31,명덕역(6번출구),30250,10703,40953
2026-05-31,서대구역(남측)1,32032,8530,40562
2026-05-31,대구은행역(2번출구),32717,7811,40528
2026-05-31,범물1동행정복지센터앞,36704,3661,40365
2026-05-31,칠성시장건너,28122,12179,40301
2026-05-31,상인현대맨션앞,14402,25420,39822
2026-05-31,공고네거리1,27649,11908,39557
2026-05-31,한영한마음아동병원앞,26550,12833,39383
2026-05-31,서남시장건너,25898,13173,39071
2026-05-31,법원앞,31452,7408,38860
2026-05-31,계명대학교동문앞,23793,14663,38456
2026-05-31,중구청앞,22232,15830,38062
2026-05-31,더샵달서센트럴아파트건너,31586,6264,37850
2026-05-31,2차서한화성타운건너,33825,3768,37593
2026-05-31,큰장네거리4,27663,9824,37487
2026-05-31,KT동대구지사건너,22237,15206,37443
2026-05-31,대구제일고등학교앞,19858,17568,37426
2026-05-31,경북대학교정문앞,30656,6432,37088
2026-05-31,대구콘서트하우스건너,20359,16719,37078
2026-05-31,약령시입구,32924,4113,37037
2026-05-31,성서주공2단지앞,33362,3582,36944
2026-05-31,영진전문대학교후문건너,29321,7058,36379
2026-05-31,경북대학교치과병원,22428,13792,36220
2026-05-31,성서종합시장앞,29588,6581,36169
2026-05-31,팔달시장앞,26142,9889,36031
2026-05-31,봉산문화거리건너,22937,12932,35869
2026-05-31,서문시장,29176,6624,35800
2026-05-31,태전역1,26248,9468,35716
2026-05-31,수성경찰서건너,27270,8225,35495
2026-05-31,대구역건너,27787,7701,35488
2026-05-31,유가읍행정복지센터건너,30575,4644,35219
2026-05-31,계명문화대학교앞,16793,18399,35192
2026-05-31,파티마병원건너1,15350,19795,35145
2026-05-31,대실역(2번출구),33134,1960,35094
2026-05-31,농협중앙회앞,19963,15095,35058
2026-05-31,새길시장앞,29312,5707,35019
2026-05-31,경북대학교 경상대학앞,32046,2779,34825
2026-05-31,서부시장앞,25891,8846,34737
2026-05-31,팔달시장건너,28741,5989,34730
2026-05-31,곽병원앞1,22321,12109,34430
2026-05-31,수성구청앞,25841,8535,34376
2026-05-31,경대사대부설고등학교앞,22619,11413,34032
2026-05-31,대구제일고등학교건너,25225,8800,34025
2026-05-31,안지랑네거리2,24493,9432,33925
2026-05-31,월성주공4단지건너,29106,4751,33857
2026-05-31,서대구역(남측)2,23580,10254,33834
2026-05-31,대구국제공항앞,23189,10543,33732
2026-05-31,화원초등학교앞,22297,11423,33720
2026-05-31,아양교2,14938,18744,33682
2026-05-31,법원건너,16351,17302,33653
2026-05-31,수성구청건너,20954,12417,33371
2026-05-31,수성대학교건너,26850,6414,33264
2026-05-31,동대구역화성파크드림,20039,13172,33211
2026-05-31,성모여성의원앞,22453,10732,33185
2026-05-31,달서교회앞,21300,11803,33103
2026-05-31,현대해상건너,23585,9444,33029
2026-05-31,욱수초등학교앞,31600,1355,32955
2026-05-31,영대병원역(3번출구),23060,9816,32876
2026-05-31,영대병원역,28757,4014,32771
2026-05-31,상인역e-편한세상앞,8775,23866,32641
2026-05-31,도시철도담티역(1번출구),26919,5531,32450
2026-05-31,대구고등학교건너,23380,9013,32393
2026-05-31,성당시장앞2,28667,3641,32308
2026-05-31,평리청구타운앞,24672,7626,32298
2026-05-31,대구중앙중고등학교앞,25133,7128,32261
2026-05-31,대곡강산타운,29135,2976,32111
2026-05-31,진달래아파트앞,22357,9746,32103
2026-05-31,대구은행역(1번출구),23248,8848,32096
2026-05-31,만평역(서대구고속버스터미널)2,22578,9504,32082
2026-05-31,코스트코홀세일앞/복현화성타운건너,29387,2680,32067
2026-05-31,큰장네거리3,26234,5550,31784
2026-05-31,대명시장앞,26346,5322,31668
2026-05-31,대명역(1번출구),26346,5039,31385
2026-05-31,남문시장앞,21142,10091,31233
2026-05-31,구)대영학원앞,22075,9007,31082
2026-05-31,수목원삼성래미안1차앞,23086,7990,31076
2026-05-31,수성구보건소건너,27946,3068,31014
2026-05-31,평리청구타운건너,24258,6225,30483
2026-05-31,CGV대구한일앞,26085,4348,30433
2026-05-31,서대구세무서,9978,20452,30430
2026-05-31,동서화성타운건너,28688,1695,30383
2026-05-31,신매광장건너,24057,6121,30178
2026-05-31,명덕역(7번출구),22416,7724,30140
2026-05-31,성당시장건너,23695,6401,30096
2026-05-31,두류역(달성고등학교건너),23128,6929,30057
2026-05-31,침산코오롱하늘채앞,25975,4052,30027
2026-05-31,용산역(2번출구),25401,4377,29778
2026-05-31,복현대백맨션건너,26702,2993,29695
2026-05-31,월성e-편한세상건너,21844,7799,29643
2026-05-31,월성2동행정복지센터앞,26910,2609,29519
2026-05-31,한전서대구지사건너,19450,10061,29511
2026-05-31,세강병원앞,9348,20141,29489
2026-05-31,수성경찰서앞,18254,11016,29270
2026-05-31,반야월역(2번출구),28360,900,29260
2026-05-31,대구중앙중고등학교건너,23744,5489,29233
2026-05-31,두류스타힐스앞,23398,5660,29058
2026-05-31,방촌시장건너,26127,2930,29057
2026-05-31,대구동부고용복지플러스센터,22543,6355,28898
2026-05-31,대구역북편네거리2,14918,13945,28863
2026-05-31,대실역(4번출구),28013,830,28843
2026-05-31,용산2동행정복지센터앞,25213,3622,28835
2026-05-31,이마트칠성점앞,25936,2785,28721
2026-05-31,죽전네거리1,23833,4887,28720
2026-05-31,수성대학교앞,15114,13564,28678
2026-05-31,동대구시장앞,22360,6304,28664
2026-05-31,중구청건너,22793,5836,28629
2026-05-31,영진고등학교건너,24497,4093,28590
2026-05-31,메트로팔레스2,25359,3127,28486
2026-05-31,태전역2,23640,4334,27974
2026-05-31,KT남대구지사앞1,20110,7815,27925
2026-05-31,칠곡운암역1,23261,4642,27903
2026-05-31,원대역1,14654,13167,27821
2026-05-31,신암2동우체국,18772,9008,27780
2026-05-31,원대역2,23679,4041,27720
2026-05-31,신세계병원건너,15862,11781,27643
2026-05-31,남산역건너,19532,7997,27529
2026-05-31,수성알파시티역(5번출구),19693,7705,27398
2026-05-31,팔레스호텔건너,22049,5281,27330
2026-05-31,2호선반월당역1,21118,6203,27321
2026-05-31,한전동대구지사,22137,4919,27056
2026-05-31,대구과학기술고등학교앞,25224,1814,27038
2026-05-31,평화시장(닭똥집골목)건너,19573,7381,26954
2026-05-31,팔달신시장,20720,6154,26874
2026-05-31,달서교회건너,20306,6560,26866
2026-05-31,대구과학대학교1,18315,8545,26860
2026-05-31,남문시장건너2,12010,14754,26764
2026-05-31,제일여자상업고등학교건너,21198,5531,26729
2026-05-31,칠곡그린파크2,20526,6186,26712
2026-05-31,대실역(1번출구),17465,9151,26616
2026-05-31,한국폴리텍VI대구대학건너,19374,7142,26516
2026-05-31,대구삼성창조캠퍼스3,16975,9520,26495
2026-05-31,죽전네거리2,21060,5388,26448
2026-05-31,불로삼거리,16232,10212,26444
2026-05-31,화원고등학교앞,8008,18404,26412
2026-05-31,계명대학교정문건너,24649,1738,26387
2026-05-31,세천초등학교앞,25487,872,26359
2026-05-31,메트로팔레스1,21612,4625,26237
2026-05-31,비산지하도2,20937,5124,26061
2026-05-31,문화예술회관건너,20277,5763,26040
2026-05-31,서재금봉타운건너,24919,1072,25991
2026-05-31,동대구역지하도2,21069,4871,25940
2026-05-31,기업은행대곡지점앞,25134,797,25931
2026-05-31,와룡시장앞,16530,9364,25894
2026-05-31,문성병원앞,19776,6090,25866
2026-05-31,산격주공아파트앞,22319,3507,25826
2026-05-31,우방청솔맨션앞,15564,10181,25745
2026-05-31,대명공연거리건너,17319,8402,25721
2026-05-31,대백인터빌건너,17847,7870,25717
2026-05-31,정화우방팔레스건너,21950,3722,25672
2026-05-31,계명대학교 대구동산병원앞1,20228,5433,25661
2026-05-31,우방강촌마을건너,24108,1470,25578
2026-05-31,현충로역(4번출구),17543,7909,25452
2026-05-31,반야월역(3번출구),14928,10477,25405
2026-05-31,서구시장건너,19270,6107,25377
2026-05-31,수성알파시티역(1번출구),18566,6781,25347
2026-05-31,원대동행정복지센터앞,21011,4311,25322
2026-05-31,송현역(3번출구),16125,9165,25290
2026-05-31,무태네거리(시내방향),18391,6852,25243
2026-05-31,칠곡그린파크1,20589,4594,25183
2026-05-31,중리롯데캐슬앞,20128,4909,25037
2026-05-31,수성롯데캐슬더퍼스트앞,18766,6224,24990
2026-05-31,구.남부정류장앞1,20608,4208,24816
2026-05-31,내당삼익맨션앞,13450,11366,24816
2026-05-31,명덕초등학교앞,18524,6291,24815
2026-05-31,화원고등학교건너,23102,1697,24799
2026-05-31,조암초등학교앞,22212,2434,24646
2026-05-31,현충로역(3번출구),18952,5636,24588
2026-05-31,강창역(2번출구),23249,1332,24581
2026-05-31,공단역2,16605,7947,24552
2026-05-31,명덕초등학교건너,14733,9777,24510
2026-05-31,현대해상앞,20288,4178,24466
2026-05-31,구병원앞,17715,6437,24152
2026-05-31,불로우방아파트앞,19509,4594,24103
2026-05-31,대구공공시설관리공단앞,9802,14281,24083
2026-05-31,시지보성아파트앞,16528,7523,24051
2026-05-31,안지랑네거리1,18625,5373,23998
2026-05-31,범물청구타운앞,20625,3353,23978
2026-05-31,문화예술회관앞,19683,4289,23972
2026-05-31,경북대학교병원건너,14152,9780,23932
2026-05-31,설화명곡역우방아이유쉘건너,5286,18525,23811
2026-05-31,두류수영장건너,18374,5343,23717
2026-05-31,성서종합시장건너,15334,8368,23702
2026-05-31,상인우방아파트,11142,12484,23626
2026-05-31,경북대체육센터건너,22132,1471,23603
2026-05-31,명성푸르지오앞,21476,2111,23587
2026-05-31,KT서대구지사건너,18926,4628,23554
2026-05-31,대구콘서트하우스앞,17893,5604,23497
2026-05-31,서남시장앞1,18965,4531,23496
2026-05-31,대구가톨릭대학병원앞,19916,3552,23468
2026-05-31,두류수영장앞,17326,6136,23462
2026-05-31,중동시장앞,20343,3091,23434
2026-05-31,상인역(5번출구),4637,18724,23361
2026-05-31,신평리네거리2,17694,5507,23201
2026-05-31,안심지구대앞,19724,3470,23194
2026-05-31,상동우체국앞,20160,3008,23168
2026-05-31,북구청역(4번출구),19721,3361,23082
2026-05-31,대명시장건너,18187,4859,23046
2026-05-31,성모여성의원건너,18000,5034,23034
2026-05-31,침산3동행정복지센터,20453,2353,22806
2026-05-31,대구은행제2본점앞,16842,5913,22755
2026-05-31,불로전통시장앞,15907,6818,22725
2026-05-31,월성청구코아건너,20344,2365,22709
2026-05-31,현대백화점.동아쇼핑건너,15457,7222,22679
2026-05-31,진달래아파트건너,16517,6087,22604
2026-05-31,국민건강보험공단건너,19372,3205,22577
2026-05-31,정화우방팔레스,15375,7101,22476
2026-05-31,동대구역지하도1,15384,7084,22468
2026-05-31,대구가톨릭대학병원건너,18028,4350,22378
2026-05-31,한가람타운앞,18373,3962,22335
2026-05-31,대구공공시설관리공단건너,17028,5233,22261
2026-05-31,대구은행칠곡지점앞,17493,4723,22216
2026-05-31,칠성시장역(서문프라자앞),20166,2044,22210
2026-05-31,두류정수사업소건너,20129,2034,22163
2026-05-31,범어역(1번출구),17954,4182,22136
2026-05-31,서대구초등학교입구,16588,5504,22092
2026-05-31,대구고용복지플러스센터건너,14314,7765,22079
2026-05-31,2차서한화성타운앞,16197,5834,22031
2026-05-31,북구청건너,17079,4947,22026
2026-05-31,방촌시장앞,14853,7150,22003
2026-05-31,칠곡에덴타운앞,15120,6867,21987
2026-05-31,만평네거리,12913,8940,21853
2026-05-31,한전서대구지사앞,16788,4948,21736
2026-05-31,대명공연거리앞,16974,4707,21681
2026-05-31,경일여자고등학교건너,19605,2043,21648
2026-05-31,올림픽기념관앞,18448,3186,21634
2026-05-31,동인찜갈비골목건너,14972,6645,21617
2026-05-31,검단유성아파트앞,18548,3046,21594
2026-05-31,고산도서관,15669,5916,21585
2026-05-31,경북아파트건너(신천동),4678,16877,21555
2026-05-31,수성네거리2,16694,4793,21487
2026-05-31,KT서대구지사앞,13207,8248,21455
2026-05-31,대신미싱골목앞,13886,7564,21450
2026-05-31,경진초등학교앞,19710,1697,21407
2026-05-31,경북예고앞,17883,3521,21404
2026-05-31,동아백화점수성점건너,13274,8052,21326
2026-05-31,중동시장건너,14689,6604,21293
2026-05-31,신평리네거리1,11875,9374,21249
2026-05-31,동서화성타운앞,16684,4513,21197
2026-05-31,도시철도담티역(3번출구),14958,6054,21012
2026-05-31,아양교3,2456,18531,20987
2026-05-31,대백프라자건너,16475,4469,20944
2026-05-31,태전삼거리2,15745,5198,20943
2026-05-31,유가읍행정복지센터앞,12450,8492,20942
2026-05-31,대구교육대앞,16913,3906,20819
2026-05-31,만촌역(2번출구),12261,8538,20799
2026-05-31,방천시장(김광석길)건너,15866,4911,20777
2026-05-31,칠곡운암역2,15089,5623,20712
2026-05-31,보성화성타운건너,18032,2556,20588
2026-05-31,월성푸르지오앞,15421,5043,20464
2026-05-31,대백한라무지개타운건너,18982,1464,20446
2026-05-31,캐슬골드파크(1102동),16461,3984,20445
2026-05-31,대명역(2번출구),16534,3909,20443
2026-05-31,연암네거리1,14523,5875,20398
2026-05-31,유천교(진천초등학교앞),12387,7964,20351
2026-05-31,대구보건고등학교건너,14640,5694,20334
2026-05-31,황금네거리1,18902,1408,20310
2026-05-31,트레이더스홀세일클럽비산점앞,16416,3695,20111
2026-05-31,봉덕교회건너,17288,2808,20096
2026-05-31,복현오거리2,13669,6421,20090
2026-05-31,고산2동행정복지센터건너,12922,7166,20088
2026-05-31,대구은행북비산지점건너1,15362,4693,20055
2026-05-31,유니버시아드선수촌2단지건너,15085,4954,20039
2026-05-31,한국폴리텍VI대구대학앞,13633,6406,20039
2026-05-31,동호공영차고지건너,19461,577,20038
2026-05-31,대구고용복지플러스센터앞,15269,4732,20001
2026-05-31,월촌역(6번출구),17377,2501,19878
2026-05-31,수성시장네거리2,14304,5570,19874
2026-05-31,침산화성파크드림앞,16641,3155,19796
2026-05-31,봉산문화거리앞,15781,3986,19767
2026-05-31,공단역1,12212,7547,19759
2026-05-31,성당두산위브앞,17992,1760,19752
2026-05-31,대구학교지원센터건너 (대구학생예술창작터건너),8736,10953,19689
2026-05-31,사월역(4번출구),11830,7841,19671
2026-05-31,KT동대구지사앞,17186,2470,19656
2026-05-31,월성주공4단지앞2,14207,5403,19610
2026-05-31,국민건강보험공단앞,12097,7510,19607
2026-05-31,대구과학기술고등학교건너,11307,8282,19589
2026-05-31,더샵디어엘로아파트,15534,4016,19550
2026-05-31,월성e-편한세상앞,14136,5273,19409
2026-05-31,봉무공원앞,13988,5351,19339
2026-05-31,월성청구코아앞,14029,5274,19303
2026-05-31,구)대영학원건너,15058,4133,19191
2026-05-31,계명대학교대명캠퍼스앞,12316,6858,19174
2026-05-31,문성병원건너,13597,5575,19172
2026-05-31,죽전119안전센터앞,13598,5569,19167
2026-05-31,원대시장앞,12389,6739,19128
2026-05-31,영남이공대학교앞,17290,1821,19111
2026-05-31,경북예고건너,11327,7699,19026
2026-05-31,수성3가롯데캐슬앞,11604,7390,18994
2026-05-31,두리봉네거리1,4801,14162,18963
2026-05-31,동인찜갈비골목앞,13007,5949,18956
2026-05-31,청구고등학교앞,15209,3739,18948
2026-05-31,신암공원,16949,1968,18917
2026-05-31,범어쌍용예가건너(호텔라온제나),12603,6313,18916
2026-05-31,청구그린맨션1차앞,15527,3384,18911
2026-05-31,성서우방타운건너,14968,3926,18894
2026-05-31,고산2동행정복지센터앞,17230,1640,18870
2026-05-31,대구농업마이스터고건너,15776,3013,18789
2026-05-31,오페라삼정그린코아APT,11845,6936,18781
2026-05-31,올림픽기념관건너,13990,4785,18775
2026-05-31,상인비둘기2단지아파트앞,15600,3130,18730
2026-05-31,대구도시개발공사앞,14963,3726,18689
2026-05-31,대구교통공사앞,16943,1723,18666
2026-05-31,동호육교2,17961,647,18608
2026-05-31,감삼네거리1,12163,6407,18570
2026-05-31,방촌역(1번출구),14349,4217,18566
2026-05-31,성서119안전센터앞,17756,803,18559
2026-05-31,사수초등학교앞,18294,255,18549
2026-05-31,동도중학교앞,15951,2561,18512
2026-05-31,대곡역(1번출구),15719,2789,18508
2026-05-31,사월역(2번출구),15211,3274,18485
2026-05-31,장기초록나라건너,9189,9255,18444
2026-05-31,서구시장앞,12710,5705,18415
2026-05-31,유천포스코앞,13354,5032,18386
2026-05-31,용계삼거리1,9552,8785,18337
2026-05-31,성당코오롱하늘채2,12170,6143,18313
2026-05-31,지산목련아파트건너,16957,1352,18309
2026-05-31,남산초등학교앞,11088,7158,18246
2026-05-31,복현우체국앞,9559,8626,18185
2026-05-31,2호선반월당역2,12450,5701,18151
2026-05-31,대구교육대건너,11274,6846,18120
2026-05-31,수창공원앞(중구보건소건너),12419,5666,18085
2026-05-31,구.동부정류장(메트로팔레스),12408,5661,18069
2026-05-31,대구교통방송앞,15761,2284,18045
2026-05-31,유천교1,13720,4286,18006
2026-05-31,봉덕시장앞1,16476,1499,17975
2026-05-31,남부경찰서앞,12678,5262,17940
2026-05-31,율하역(2번출구),13287,4596,17883
2026-05-31,송현역(2번출구),14930,2944,17874
2026-05-31,대구보건대학교4,14713,3117,17830
2026-05-31,대명초등학교앞,12362,5388,17750
2026-05-31,북구청역(3번출구),11676,5978,17654
2026-05-31,미리내맨션건너,16564,1086,17650
2026-05-31,수성시장네거리1,14181,3455,17636
2026-05-31,대곡주공8단지앞,14821,2790,17611
2026-05-31,대구학교지원센터앞 (대구학생예술창작터앞),12925,4514,17439
2026-05-31,TBC건너,16078,1276,17354
2026-05-31,신기역(화성타운앞),14183,3166,17349
2026-05-31,곽병원앞2,12161,5118,17279
2026-05-31,월성주공2단지앞,14548,2661,17209
2026-05-31,계명대학교대명캠퍼스건너,11538,5607,17145
2026-05-31,월배역(3번출구),11461,5684,17145
2026-05-31,월배역(4번출구),11797,5325,17122
2026-05-31,캐슬골드파크4단지앞,14569,2526,17095
2026-05-31,월촌역(7번출구),13996,3068,17064
2026-05-31,만촌육교2,8621,8407,17028
2026-05-31,강북경찰서앞,15785,1240,17025
2026-05-31,상인동서타운앞,15324,1699,17023
2026-05-31,대일아파트건너,10028,6957,16985
2026-05-31,남산역,12988,3977,16965
2026-05-31,남산초등학교건너,14358,2562,16920
2026-05-31,고산역화성파크드림건너,13309,3576,16885
2026-05-31,북구청앞,10977,5903,16880
2026-05-31,반야월시장2,14911,1935,16846
2026-05-31,만촌2동행정복지센터,15184,1645,16829
2026-05-31,대구보건대학교3,11162,5635,16797
2026-05-31,동인초등학교건너,11868,4917,16785
2026-05-31,황금네거리2,9825,6956,16781
2026-05-31,청구그린맨션1차건너,13169,3606,16775
2026-05-31,대곡주공2단지앞,15848,907,16755
2026-05-31,광장타운앞,13241,3510,16751
2026-05-31,대동시장2,15448,1260,16708
2026-05-31,대구보건고등학교앞,12730,3956,16686
2026-05-31,상인장미아파트앞,12839,3837,16676
2026-05-31,신세계병원앞,8065,8606,16671
2026-05-31,경북대학교정문건너,7467,9178,16645
2026-05-31,동촌강나루아파트앞,5523,11105,16628
2026-05-31,방천시장(김광석길)앞,12724,3890,16614
2026-05-31,시지중학교,15383,1231,16614
2026-05-31,대구차여성병원앞,14330,2274,16604
2026-05-31,서남시장앞2,14130,2461,16591
2026-05-31,지저동행정복지센터건너,14290,2297,16587
2026-05-31,만촌역서한포레스트앞,8297,8271,16568
2026-05-31,동대구시장건너,12558,3939,16497
2026-05-31,한전동대구지사건너,12346,4138,16484
2026-05-31,동서변리벤빌,14643,1833,16476
2026-05-31,동부소방서건너,1267,15178,16445
2026-05-31,고산역화성파크드림앞,12404,4004,16408
2026-05-31,조암초등학교건너,13687,2720,16407
2026-05-31,달서구청건너,13094,3277,16371
2026-05-31,태전삼거리1,10523,5815,16338
2026-05-31,내당코오롱아파트건너,6715,9541,16256
2026-05-31,명곡리1,15286,970,16256
2026-05-31,대백인터빌앞,11439,4736,16175
2026-05-31,칠곡에덴타운건너,11600,4549,16149
2026-05-31,월배시장건너,9660,6465,16125
2026-05-31,반야월시장1,11089,4977,16066
2026-05-31,퀸벨호텔건너,14122,1889,16011
2026-05-31,범물한라주택건너,15337,671,16008
2026-05-31,성동초등학교앞,13665,2342,16007
2026-05-31,대구여자상업고등학교앞,13107,2898,16005
2026-05-31,대구반도체마이스터고등학교 앞,14414,1520,15934
2026-05-31,두류동우체국앞,10127,5778,15905
2026-05-31,우방청솔맨션건너,11476,4412,15888
2026-05-31,경북대체육센터앞,5437,10428,15865
2026-05-31,청구고등학교건너,12806,3020,15826
2026-05-31,대구공공시설관리공단동부사업소건너,13988,1802,15790
2026-05-31,신암4동행정복지센터앞,4887,10795,15682
2026-05-31,큰고개오거리1,14183,1491,15674
2026-05-31,경북고등학교앞,14236,1415,15651
2026-05-31,도남힐스테이트3단지앞,14761,878,15639
2026-05-31,수성도서관건너,12177,3448,15625
2026-05-31,불로동고분군건너,11976,3645,15621
2026-05-31,산격중학교건너,6792,8795,15587
2026-05-31,구병원건너,8988,6503,15491
2026-05-31,한영한마음아동병원건너,11607,3868,15475
2026-05-31,만촌태왕리더스앞1,5555,9823,15378
2026-05-31,지산타운건너,14308,1063,15371
2026-05-31,제일여자상업고등학교앞,13167,2174,15341
2026-05-31,대우트럼프월드수성건너,13422,1912,15334
2026-05-31,대구병원건너,13719,1591,15310
2026-05-31,대구고등학교앞,9490,5779,15269
2026-05-31,계명대학교동문건너1,13159,2102,15261
2026-05-31,반야월역(1번출구),4583,10578,15161
2026-05-31,한국농어촌공사건너,9206,5954,15160
2026-05-31,평화타운건너,13242,1895,15137
2026-05-31,대명초등학교건너,8949,6173,15122
2026-05-31,모다아울렛건너,13005,2084,15089
2026-05-31,계명문화대학교건너,11602,3432,15034
2026-05-31,대명1동행정복지센터앞,10622,4396,15018
2026-05-31,대평리시장,14033,979,15012
2026-05-31,죽전역(1번출구),12048,2957,15005
2026-05-31,신기역(화성타운건너),9418,5534,14952
2026-05-31,안심역(4번출구),12885,2058,14943
2026-05-31,계명대학교동산병원건너,13993,947,14940
2026-05-31,봉덕1동행정복지센터건너,9209,5723,14932
2026-05-31,수성구보건소앞,9572,5352,14924
2026-05-31,비산초등학교앞,12762,2117,14879
2026-05-31,침산화성파크드림건너,11342,3454,14796
2026-05-31,수성구민운동장앞,7319,7444,14763
2026-05-31,한화꿈에그린앞,11612,3149,14761
2026-05-31,이마트월배점건너,10358,4393,14751
2026-05-31,대구공업대학교1,11477,3254,14731
2026-05-31,월배시장앞,13322,1396,14718
2026-05-31,범어역(2번출구),9786,4911,14697
2026-05-31,반야월역(4번출구)1,7383,7311,14694
2026-05-31,침산네거리1,12234,2457,14691
2026-05-31,월성주공5단지앞,7388,7300,14688
2026-05-31,캐슬골드파크(1504동),11047,3637,14684
2026-05-31,동성초등학교건너,4032,10631,14663
2026-05-31,남대구IC1,13478,1144,14622
2026-05-31,앞산공원,10792,3791,14583
2026-05-31,성서우방타운앞,10231,4312,14543
2026-05-31,대봉교회,11555,2969,14524
2026-05-31,영남이공대학교건너,10297,4194,14491
2026-05-31,수성더팰리스푸르지오더샵아파트앞,13741,736,14477
2026-05-31,수성못오거리1,9824,4629,14453
2026-05-31,두류공원네거리1,12910,1527,14437
2026-05-31,대구차여성병원건너,5559,8869,14428
2026-05-31,공고네거리2,11455,2933,14388
2026-05-31,유니버시아드레포츠센터건너,9222,5142,14364
2026-05-31,학산초등학교건너,11752,2587,14339
2026-05-31,수목원제일풍경채앞,14215,121,14336
2026-05-31,광명프레지던트아파트건너,9549,4783,14332
2026-05-31,강북소방서앞,13044,1284,14328
2026-05-31,북구선거관리위원회앞,8893,5425,14318
2026-05-31,달서구청앞,9024,5235,14259
2026-05-31,계명대학교 대구동산병원앞2,8069,6176,14245
2026-05-31,비산지하도1,9010,5183,14193
2026-05-31,반월당역(1번출구)2,9417,4760,14177
2026-05-31,계명대역(3번출구),11715,2445,14160
2026-05-31,송원맨션건너,12194,1966,14160
2026-05-31,지산한라타운앞,8085,6058,14143
2026-05-31,대구농업마이스터고앞,5202,8930,14132
2026-05-31,명덕네거리1,11349,2758,14107
2026-05-31,영진전문대학교정문앞,10843,3247,14090
2026-05-31,보성화성타운앞,6759,7312,14071
2026-05-31,남구청건너2,5976,8029,14005
2026-05-31,이월드(구.우방랜드)정문,8545,5443,13988
2026-05-31,칠곡동화아파트앞,12308,1680,13988
2026-05-31,청기와주유소건너,11895,2076,13971
2026-05-31,대자연맨션,13329,587,13916
2026-05-31,안심지구대건너,9534,4362,13896
2026-05-31,섬유회관건너2,8707,5186,13893
2026-05-31,달성중학교앞,6955,6937,13892
2026-05-31,퀸벨호텔앞,7079,6795,13874
2026-05-31,용계역(1번출구),9023,4836,13859
2026-05-31,동성초등학교앞,9473,4373,13846
2026-05-31,KT남대구지사건너1,9687,4156,13843
2026-05-31,경북고등학교건너,8983,4852,13835
2026-05-31,대구스마트고등학교앞,11845,1962,13807
2026-05-31,대구보건대학교건너2,13546,252,13798
2026-05-31,성당래미안e-편한세상앞,9837,3957,13794
2026-05-31,청기와주유소앞,9307,4484,13791
2026-05-31,홈플러스내당점건너,12229,1558,13787
2026-05-31,태왕메트로시티후문,11303,2482,13785
2026-05-31,엑스코앞,11317,2467,13784
2026-05-31,용산종합큰시장건너,12574,1182,13756
2026-05-31,전자상가,11550,2183,13733
2026-05-31,침산코오롱하늘채건너,10463,3262,13725
2026-05-31,수성네거리1,9898,3812,13710
2026-05-31,광장타운건너,10680,3016,13696
2026-05-31,대곡역(2번출구),9029,4662,13691
2026-05-31,용산네거리1,9482,4209,13691
2026-05-31,욱수초등학교건너,9208,4457,13665
2026-05-31,토지주택공사앞,12216,1437,13653
2026-05-31,보광병원앞,10589,3063,13652
2026-05-31,국채보상운동기념공원,6868,6780,13648
2026-05-31,상수도사업본부시설관리소건너,11102,2526,13628
2026-05-31,무태네거리(시외방향),6670,6923,13593
2026-05-31,중동교1,6471,7115,13586
2026-05-31,달성공원역3번출구,9596,3987,13583
2026-05-31,동대구역(2번출구)건너,10786,2761,13547
2026-05-31,갓바위,12131,1414,13545
2026-05-31,성서용산시장앞,12109,1424,13533
2026-05-31,안심역(5번출구),7546,5976,13522
2026-05-31,대구광역시교육연수원건너,12385,1114,13499
2026-05-31,상인동화아이위시아파트건너,12555,942,13497
2026-05-31,대천교,6524,6944,13468
2026-05-31,롯데백화점상인점건너,8589,4851,13440
2026-05-31,대일아파트앞,9860,3556,13416
2026-05-31,매곡사거리2,13052,327,13379
2026-05-31,대구은행칠곡지점건너,10303,3063,13366
2026-05-31,동원비즈플랫폼건너,2597,10759,13356
2026-05-31,아양교1,9402,3950,13352
2026-05-31,대구해올고교건너,5037,8295,13332
2026-05-31,팔공정보문화센터앞,10991,2341,13332
2026-05-31,대백한라무지개타운앞,10360,2965,13325
2026-05-31,경북공고앞,8772,4544,13316
2026-05-31,칠곡한신아파트앞1,12669,618,13287
2026-05-31,대원유치원건너,7082,6199,13281
2026-05-31,상인비둘기1단지아파트앞,12629,619,13248
2026-05-31,두리봉네거리2,10444,2741,13185
2026-05-31,서평초등학교건너,2322,10830,13152
2026-05-31,만경관건너,7510,5589,13099
2026-05-31,방촌역(2번출구),10622,2447,13069
2026-05-31,헬로TV대구방송건너,9606,3427,13033
2026-05-31,지산한라타운건너,12184,844,13028
2026-05-31,율하역(4번출구),9231,3772,13003
2026-05-31,서재동화아이위시건너,11335,1653,12988
2026-05-31,대곡사계절타운건너,11910,1039,12949
2026-05-31,동부경찰서앞,11966,961,12927
2026-05-31,서재보성타운건너,12276,634,12910
2026-05-31,수창초등학교,10158,2751,12909
2026-05-31,명문세가APT앞,10882,2025,12907
2026-05-31,대청초등학교앞,12697,209,12906
2026-05-31,국민연금네거리,9778,3098,12876
2026-05-31,파동청구하이츠,11449,1426,12875
2026-05-31,학정청아람건너,12457,361,12818
2026-05-31,대덕맨션앞,11861,930,12791
2026-05-31,가창면행정복지센터앞,10249,2503,12752
2026-05-31,상인은행아파트앞,9567,3183,12750
2026-05-31,성광고등학교건너,10856,1877,12733
2026-05-31,두류정수사업소앞,3101,9622,12723
2026-05-31,신매초등학교건너,9342,3364,12706
2026-05-31,대곡역그린빌,7869,4829,12698
2026-05-31,범물1동행정복지센터건너,8357,4300,12657
2026-05-31,옥포LH천년나무3단지앞,12404,252,12656
2026-05-31,효동초등학교앞,9976,2676,12652
2026-05-31,동촌화성타운건너,11275,1371,12646
2026-05-31,경북아파트앞(신천동),8789,3832,12621
2026-05-31,유천교(진천초등학교건너),5930,6690,12620
2026-05-31,대구삼성창조캠퍼스4,8267,4336,12603
2026-05-31,과학마을청아람앞,11769,796,12565
2026-05-31,앞산청구제네스앞,10648,1905,12553
2026-05-31,강산아파트건너,5210,7342,12552
2026-05-31,반고개2,8270,4260,12530
2026-05-31,성북교1,10511,2015,12526
2026-05-31,복현네거리,4709,7814,12523
2026-05-31,효신초등학교앞,10426,2091,12517
2026-05-31,한국방송통신전파진흥원건너,7241,5268,12509
2026-05-31,월성2동행정복지센터건너,10021,2487,12508
2026-05-31,경북교통,3986,8491,12477
2026-05-31,연호동화훼단지1,3902,8570,12472
2026-05-31,대구과학고등학교건너,6567,5903,12470
2026-05-31,이마트월배점앞,10797,1666,12463
2026-05-31,범어쌍용예가앞,9033,3424,12457
2026-05-31,본리초등학교앞,8611,3845,12456
2026-05-31,무태조야동행정복지센터앞2,11735,698,12433
2026-05-31,대곡역(한라하우젠트건너),10084,2347,12431
2026-05-31,근로복지공단대구병원앞,12286,142,12428
2026-05-31,진아리채앞,12210,216,12426
2026-05-31,팔거역2,10315,2068,12383
2026-05-31,덕화중학교건너,10933,1388,12321
2026-05-31,두류도서관앞,10295,1979,12274
2026-05-31,안심교(반야월방향),511,11721,12232
2026-05-31,복현우방아파트,10319,1873,12192
2026-05-31,운암초등학교건너,10863,1325,12188
2026-05-31,상공회의소앞,9517,2657,12174
2026-05-31,비산7동우체국앞1,8750,3415,12165
2026-05-31,봉무청구새들마을건너,9351,2766,12117
2026-05-31,본리네거리2,10675,1434,12109
2026-05-31,우방신천지타운앞,10986,1119,12105
2026-05-31,태평상가앞1,6633,5457,12090
2026-05-31,대구여자상업고등학교건너,8003,4051,12054
2026-05-31,입석중학교건너,8376,3676,12052
2026-05-31,강산아파트앞,7867,4165,12032
2026-05-31,대구대학교대명동캠퍼스,9777,2255,12032
2026-05-31,국립신암선열공원건너,5394,6633,12027
2026-05-31,삼익뉴타운앞,10094,1895,11989
2026-05-31,죽전그린빌앞,10038,1930,11968
2026-05-31,대구지방법원등기국건너,5205,6749,11954
2026-05-31,신천LH아파트앞,10764,1155,11919
2026-05-31,효성타운앞,10021,1898,11919
2026-05-31,우방강촌마을앞,8836,3059,11895
2026-05-31,대백프라자앞,8123,3771,11894
2026-05-31,중리시장앞,9346,2540,11886
2026-05-31,신암초등학교건너,6905,4975,11880
2026-05-31,본리초등학교건너,9767,2108,11875
2026-05-31,금봉네거리1,10482,1358,11840
2026-05-31,지산동서맨션앞,11212,597,11809
2026-05-31,서구문화회관앞,10675,1122,11797
2026-05-31,SK리더스뷰건너,9480,2311,11791
2026-05-31,경상여자고등학교앞,7315,4475,11790
2026-05-31,구.남부정류장건너2,6535,5253,11788
2026-05-31,교통연수원,11003,782,11785
2026-05-31,인동촌시장입구,10775,1010,11785
2026-05-31,침산네거리2,9142,2641,11783
2026-05-31,대명1동행정복지센터건너,8103,3622,11725
2026-05-31,신천역(5번출구),9373,2307,11680
2026-05-31,산격초등학교앞,9284,2368,11652
2026-05-31,대구광역시립동부도서관,5370,6276,11646
2026-05-31,대구광역시교육연수원앞,7070,4570,11640
2026-05-31,대구IM뱅크PARK동편건너,5668,5960,11628
2026-05-31,신천역(4번출구),8086,3519,11605
2026-05-31,송현역(4번출구),8132,3472,11604
2026-05-31,북구구민운동장건너,8431,3171,11602
2026-05-31,대봉성당,7962,3622,11584
2026-05-31,가창면행정복지센터건너,7844,3737,11581
2026-05-31,산격주공아파트건너,5436,6136,11572
2026-05-31,가창농협앞,10918,643,11561
2026-05-31,신천LH아파트건너,8964,2596,11560
2026-05-31,2차대자연맨션앞,10352,1166,11518
2026-05-31,옥포간경리2,9919,1584,11503
2026-05-31,아양아트센터건너,10275,1199,11474
2026-05-31,팔거역1,6317,5152,11469
2026-05-31,북비산네거리1,6384,5078,11462
2026-05-31,홈플러스내당점앞,6552,4905,11457
2026-05-31,상수도사업본부건너,7126,4330,11456
2026-05-31,동인초등학교앞,7225,4212,11437
2026-05-31,다사읍행정복지센터건너,11122,283,11405
2026-05-31,동촌강나루아파트건너,8337,3053,11390
2026-05-31,태평상가건너,6380,5010,11390
2026-05-31,경북대학교 경상대학건너,4706,6676,11382
2026-05-31,동촌역(신길)1,9610,1766,11376
2026-05-31,명덕네거리2,4263,7087,11350
2026-05-31,세천초등학교건너,8701,2641,11342
2026-05-31,텍스빌,8845,2495,11340
2026-05-31,계명대학교정문앞,4799,6536,11335
2026-05-31,수성초등학교,7400,3898,11298
2026-05-31,대원유치원앞,9928,1362,11290
2026-05-31,용계역(2번출구),9700,1579,11279
2026-05-31,지산청구타운앞,10436,831,11267
2026-05-31,율하롯데캐슬탑클래스앞,8329,2933,11262
2026-05-31,성당포스코더샵앞,9730,1510,11240
2026-05-31,칠곡시장건너,9938,1272,11210
2026-05-31,대구시산격청사앞,6443,4747,11190
2026-05-31,신흥버스,9896,1292,11188
2026-05-31,고모동입구,6546,4602,11148
2026-05-31,지산목련아파트앞,8628,2488,11116
2026-05-31,명성푸르지오건너,7064,4050,11114
2026-05-31,e편한세상대구금호건너,10680,412,11092
2026-05-31,산격초등학교건너,9746,1343,11089
2026-05-31,새길시장건너,7740,3346,11086
2026-05-31,대구과학고등학교앞,9977,1108,11085
2026-05-31,건영아파트건너,4835,6247,11082
2026-05-31,대구의료원건너,9882,1200,11082
2026-05-31,서대구중학교앞,5683,5369,11052
2026-05-31,한남중미용정보고등학교건너,6696,4356,11052
2026-05-31,달서구치매안심센터앞,6167,4868,11035
2026-05-31,대구교통방송건너,5094,5940,11034
2026-05-31,중리광명맨션건너,9716,1307,11023
2026-05-31,대구공공시설관리공단동부사업소앞,7066,3951,11017
2026-05-31,산격중학교앞,8137,2880,11017
2026-05-31,두성파크아파트앞,3481,7502,10983
2026-05-31,무태조야동행정복지센터건너1,9251,1717,10968
2026-05-31,대백창신한라타운건너,8005,2950,10955
2026-05-31,용산1동행정복지센터건너,8267,2674,10941
2026-05-31,영진전문대학교정문건너,8735,2188,10923
2026-05-31,유천포스코건너,9238,1677,10915
2026-05-31,서대구KTX영무예다음건너,10258,652,10910
2026-05-31,안심주공1단지건너,9480,1416,10896
2026-05-31,대곡강산타운건너,8295,2575,10870
2026-05-31,팔레스호텔앞1,7465,3401,10866
2026-05-31,대명5동행정복지센터앞,8535,2305,10840
2026-05-31,학산공원2,8818,2013,10831
2026-05-31,영남일보앞,7549,3271,10820
2026-05-31,한샘청동공원앞,10476,334,10810
2026-05-31,동서변그린빌앞,9780,1029,10809
2026-05-31,TBC앞,5104,5669,10773
2026-05-31,코스트코홀세일건너/복현화성타운앞,5502,5260,10762
2026-05-31,노원119안전센터건너,6932,3828,10760
2026-05-31,대곡역(한라하우젠트앞),5500,5229,10729
2026-05-31,월배초등학교건너,8798,1924,10722
2026-05-31,대곡주공7단지앞,9420,1295,10715
2026-05-31,삼덕성당앞,8607,2108,10715
2026-05-31,대륜중고등학교건너,5584,5128,10712
2026-05-31,성서산업단지역(1번출구),7315,3389,10704
2026-05-31,화원농협주유소앞,3874,6829,10703
2026-05-31,신암4동행정복지센터건너,6565,4133,10698
2026-05-31,고성아파트(서편),6907,3778,10685
2026-05-31,북침산치안센터앞,5641,5030,10671
2026-05-31,정동고등학교앞,9091,1575,10666
2026-05-31,운암초등학교앞,10443,217,10660
2026-05-31,신매시장,4210,6409,10619
2026-05-31,큰고개오거리2,3436,7170,10606
2026-05-31,이마트경산점,8502,2076,10578
2026-05-31,해안역(3번출구),6329,4242,10571
2026-05-31,대구파라곤프레스티지아파트,8205,2362,10567
2026-05-31,동촌화성타운앞,7111,3454,10565
2026-05-31,만평역(서대구고속버스터미널)1,6103,4444,10547
2026-05-31,무궁화LPG충전소,7800,2722,10522
2026-05-31,대구역북편네거리1,7379,3118,10497
2026-05-31,우방죽전타운건너,7520,2975,10495
2026-05-31,북리2,9660,827,10487
2026-05-31,지산현대주택앞,9089,1374,10463
2026-05-31,산격청구맨션앞,5877,4581,10458
2026-05-31,다사고등학교건너,6192,4257,10449
2026-05-31,신매초등학교앞,8705,1744,10449
2026-05-31,송현역(1번출구),8074,2369,10443
2026-05-31,대구공업대학교건너,6984,3441,10425
2026-05-31,LG물류센터앞,7343,3072,10415
2026-05-31,성동초등학교건너,7316,3081,10397
2026-05-31,동도중학교건너,7911,2437,10348
2026-05-31,송현제림타운건너,4628,5720,10348
2026-05-31,현대시장건너,9272,1064,10336
2026-05-31,중구보건소앞,6589,3728,10317
2026-05-31,공항시장건너,9425,881,10306
2026-05-31,지산타운앞,3155,7096,10251
2026-05-31,북구보건소앞,9719,488,10207
2026-05-31,성서산업단지역(2번출구),7966,2240,10206
2026-05-31,달성공원건너,7247,2940,10187
2026-05-31,해안역(1번출구),8786,1393,10179
2026-05-31,동구시장앞,8415,1757,10172
2026-05-31,팔공3차보성타운후문,9870,279,10149
2026-05-31,대구시산격청사건너1,7374,2762,10136
2026-05-31,경북기계공고앞,6061,4072,10133
2026-05-31,국립대구박물관앞,6605,3512,10117
2026-05-31,서부정류장(관문시장건너)2,8559,1541,10100
2026-05-31,삼덕교회,5660,4379,10039
2026-05-31,중부소방서앞,8009,2015,10024
2026-05-31,대구공업대학교2,6254,3745,9999
2026-05-31,백자맨션건너,8267,1698,9965
2026-05-31,유니버시아드레포츠센터앞,7416,2547,9963
2026-05-31,봉무초등학교앞,9790,166,9956
2026-05-31,계명대역(2번출구),6044,3906,9950
2026-05-31,복현대백맨션앞,4966,4972,9938
2026-05-31,흥사단 대구지부앞,3513,6416,9929
2026-05-31,무태조야동행정복지센터건너2,4725,5187,9912
2026-05-31,경대교2,9004,904,9908
2026-05-31,대평중학교건너,8975,929,9904
2026-05-31,수성못오거리2,8123,1781,9904
2026-05-31,화랑교2,8803,1099,9902
2026-05-31,강창역(1번출구),6403,3493,9896
2026-05-31,봉덕시장앞2,7326,2521,9847
2026-05-31,서대구시장앞,6363,3449,9812
2026-05-31,정동고등학교건너,6372,3425,9797
2026-05-31,대구고용노동청건너,8554,1233,9787
2026-05-31,경북대학교서문건너,7796,1928,9724
2026-05-31,영남일보건너,7436,2248,9684
2026-05-31,북대구세무서건너,8304,1371,9675
2026-05-31,성화여고건너,8739,928,9667
2026-05-31,경북공고건너,5830,3818,9648
2026-05-31,동촌역(신길)2,6887,2750,9637
2026-05-31,성북시장앞,7369,2245,9614
2026-05-31,칠곡그린빌3차건너,8627,980,9607
2026-05-31,두류공원네거리2,4824,4750,9574
2026-05-31,수성도서관앞,6410,3151,9561
2026-05-31,경북대학교서문앞,5348,4212,9560
2026-05-31,헬로TV대구방송앞,5120,4436,9556
2026-05-31,제일풍경채건너,8083,1471,9554
2026-05-31,강창하이츠,9194,353,9547
2026-05-31,서재동화아이위시3차앞,8721,818,9539
2026-05-31,대구일마이스터고교앞,8057,1478,9535
2026-05-31,달서구치매안심센터건너,7800,1722,9522
2026-05-31,성서2차서한타운1,8822,698,9520
2026-05-31,산업용재관,4854,4664,9518
2026-05-31,국가산단반도유보라2차,9454,62,9516
2026-05-31,이시아폴리스더샵2단지,6435,3079,9514
2026-05-31,월드컵삼거리앞,6453,3060,9513
2026-05-31,용산2동행정복지센터건너,5083,4415,9498
2026-05-31,동구기억쉼터건너,8436,1061,9497
2026-05-31,대구섬유박물관,8506,982,9488
2026-05-31,SK리더스뷰앞,6811,2675,9486
2026-05-31,황제맨션건너,3796,5689,9485
2026-05-31,봉덕시장건너3,8553,919,9472
2026-05-31,죽전동 행정복지센터건너,7831,1637,9468
2026-05-31,검단유성아파트(서편),7301,2165,9466
2026-05-31,팔공보성아파트앞,8786,653,9439
2026-05-31,동화시설집단지구(종점)2(대구시민안전테마파크),8667,764,9431
2026-05-31,수성3가롯데캐슬건너,7234,2183,9417
2026-05-31,솔정고개2,3332,6032,9364
2026-05-31,북비산네거리2,7175,2178,9353
2026-05-31,태왕아너스복현앞,7976,1377,9353
2026-05-31,대곡사계절타운앞,6163,3180,9343
2026-05-31,엘디스리젠트호텔앞,4865,4476,9341
2026-05-31,월광수변공원,8442,899,9341
2026-05-31,북리1,7319,2015,9334
2026-05-31,범물하이츠 건너,6700,2629,9329
2026-05-31,농수산물도매시장앞,5888,3428,9316
2026-05-31,화성파크뷰건너,8895,421,9316
2026-05-31,동대구동화아이위시아파트건너,2669,6623,9292
2026-05-31,송현초등학교앞,8761,529,9290
2026-05-31,안심효성타운,6301,2968,9269
2026-05-31,송현1동치안센터건너,6940,2324,9264
2026-05-31,동부소방서앞,7189,2054,9243
2026-05-31,앞산청구제네스건너,5879,3337,9216
2026-05-31,계명대역(4번출구),4732,4482,9214
2026-05-31,현대시장앞,4619,4594,9213
2026-05-31,성북교2,5205,3992,9197
2026-05-31,성당코오롱하늘채,6718,2464,9182
2026-05-31,홈플러스칠곡점앞,5511,3664,9175
2026-05-31,경북기계공고건너,6132,3028,9160
2026-05-31,대구시교육청앞,4452,4702,9154
2026-05-31,대구시산격청사건너2,6531,2621,9152
2026-05-31,월성주공4단지앞1,8129,1012,9141
2026-05-31,우방드림시티건너,4932,4203,9135
2026-05-31,북구선거관리위원회건너,7420,1690,9110
2026-05-31,상수도사업본부,6552,2556,9108
2026-05-31,강남약국앞2,7716,1386,9102
2026-05-31,국우동현대아파트앞,8101,1001,9102
2026-05-31,한국농어촌공사앞,7552,1528,9080
2026-05-31,만경관앞,7278,1801,9079
2026-05-31,동대구해모로웨스트아파트,7454,1613,9067
2026-05-31,CBS방송국건너,6180,2879,9059
2026-05-31,반고개1,6815,2242,9057
2026-05-31,국가산단서한이다음,8987,34,9021
2026-05-31,북대구농협검단지점건너,8942,74,9016
2026-05-31,미리내맨션앞,6459,2555,9014
2026-05-31,상인자이앞,6319,2695,9014
2026-05-31,효동초등학교건너,6269,2739,9008
2026-05-31,수성동일하이빌정문,5996,3010,9006
2026-05-31,수성시장앞,6363,2603,8966
2026-05-31,북부경찰서건너,2785,6164,8949
2026-05-31,효목네거리3,5730,3212,8942
2026-05-31,북구구민운동장앞,5644,3297,8941
2026-05-31,각산태영데시앙건너,5878,3050,8928
2026-05-31,건영캐스빌건너,7449,1478,8927
2026-05-31,유천교2,1269,7643,8912
2026-05-31,교항리건너,8799,98,8897
2026-05-31,유천동행정복지센터앞,8520,373,8893
2026-05-31,국민연금네거리1,6057,2821,8878
2026-05-31,이현자동차검사소건너,1508,7369,8877
2026-05-31,칠성시장역(서문프라자건너),3696,5164,8860
2026-05-31,한국폴리텍대학(영남융합기술캠퍼스),1484,7376,8860
2026-05-31,율하휴먼시아5단지앞,8299,557,8856
2026-05-31,대구병원앞,5808,3046,8854
2026-05-31,팔달시장역,4240,4583,8823
2026-05-31,동구기억쉼터앞,6890,1930,8820
2026-05-31,경일여자고등학교앞,6002,2814,8816
2026-05-31,국립대구박물관건너,7379,1434,8813
2026-05-31,상인삼미타운건너,1898,6911,8809
2026-05-31,복현서한2차아파트,5695,3102,8797
2026-05-31,감삼초등학교건너,7321,1460,8781
2026-05-31,대구역센트럴자이,7771,1006,8777
2026-05-31,청구시장앞,6809,1966,8775
2026-05-31,북침산치안센터건너,6811,1962,8773
2026-05-31,감삼초등학교앞,7169,1601,8770
2026-05-31,대구공업대학교앞,6719,2043,8762
2026-05-31,수성교1,4923,3799,8722
2026-05-31,이천새마을금고건너,8065,637,8702
2026-05-31,용산종합큰시장앞,6077,2620,8697
2026-05-31,상중이동행정복지센터앞,7328,1364,8692
2026-05-31,태왕메트로시티건너,6344,2341,8685
2026-05-31,신천3치안센터앞,5604,3065,8669
2026-05-31,평리6동행정복지센터앞,5169,3490,8659
2026-05-31,동구청역(3번출구),6513,2141,8654
2026-05-31,민들레아파트후문앞,8634,5,8639
2026-05-31,연경1공영주차장앞,8452,132,8584
2026-05-31,칠곡그린빌5단지앞,5652,2924,8576
2026-05-31,대곡주공1단지앞,5388,3178,8566
2026-05-31,율하교동편1,4450,4097,8547
2026-05-31,대구중학교앞,6813,1723,8536
2026-05-31,들안길초등학교앞,5181,3339,8520
2026-05-31,달성교육지원청-대구예아람학교앞,7897,617,8514
2026-05-31,신천3동행정복지센터앞,2787,5726,8513
2026-05-31,서구청소년수련관건너,6463,2049,8512
2026-05-31,칠곡2차영남타운건너,7855,642,8497
2026-05-31,봉덕교회앞,5995,2500,8495
2026-05-31,수성못코오롱하늘채,6615,1878,8493
2026-05-31,계명대학교동산병원앞,3944,4528,8472
2026-05-31,성서보성타운2차앞,5784,2686,8470
2026-05-31,반야월모란1차아파트,5908,2560,8468
2026-05-31,보람타운앞,6045,2406,8451
2026-05-31,월성코오롱하늘채앞,6905,1536,8441
2026-05-31,성서푸른마을아파트건너,7331,1106,8437
2026-05-31,달서에스케이뷰아파트앞,6273,2163,8436
2026-05-31,동일초등학교앞,4739,3682,8421
2026-05-31,서변동영남네오빌건너,7237,1170,8407
2026-05-31,유니버시아드선수촌2단지앞,6564,1831,8395
2026-05-31,신매태성아파트건너,6368,2012,8380
2026-05-31,대구의료원앞,5550,2824,8374
2026-05-31,건영캐스빌앞,5837,2513,8350
2026-05-31,경북교통앞,4187,4162,8349
2026-05-31,한라하우젠트건너,7430,851,8281
2026-05-31,입석중학교앞,5399,2859,8258
2026-05-31,죽전역(2번출구),7017,1230,8247
2026-05-31,남구청네거리1,6499,1722,8221
2026-05-31,두류보성맨션건너,7263,949,8212
2026-05-31,다사농협주유소앞,7572,638,8210
2026-05-31,청구시장건너,6865,1322,8187
2026-05-31,한국건강관리협회앞,7156,1028,8184
2026-05-31,두류보성맨션앞,4408,3759,8167
2026-05-31,침산중학교앞,7383,773,8156
2026-05-31,조달청건너,3893,4259,8152
2026-05-31,범물한라주택앞,1437,6703,8140
2026-05-31,상공회의소건너,5361,2771,8132
2026-05-31,범물청구타운건너,2385,5732,8117
2026-05-31,홈플러스동촌점앞,6702,1411,8113
2026-05-31,침산초등학교건너,5867,2233,8100
2026-05-31,율하역(5번출구),7251,845,8096
2026-05-31,복현장미맨션앞,5806,2283,8089
2026-05-31,태전중앙시장앞,4531,3548,8079
2026-05-31,대구우편집중국앞,4039,4034,8073
2026-05-31,진천청구타운앞,7294,755,8049
2026-05-31,신당동행정복지센터앞,7439,608,8047
2026-05-31,봉산가구골목(동편),4517,3529,8046
2026-05-31,무태조야동행정복지센터앞1,6565,1462,8027
2026-05-31,팔달역1,7309,715,8024
2026-05-31,황금힐스테이트,4994,3027,8021
2026-05-31,성서주공1단지건너,6588,1414,8002
2026-05-31,비산초등학교건너,6166,1835,8001
2026-05-31,수성교2,4873,3122,7995
2026-05-31,남부교육지원청앞,6239,1755,7994
2026-05-31,칠곡중학교앞(칠곡향교앞),7422,570,7992
2026-05-31,토지주택공사건너,4514,3475,7989
2026-05-31,청라언덕(신남)역(1번출구),5414,2568,7982
2026-05-31,칠곡IC 2,7795,184,7979
2026-05-31,불로동고분군앞,4576,3396,7972
2026-05-31,엑스코건너,5313,2616,7929
2026-05-31,중리광명맨션앞,6237,1677,7914
2026-05-31,평광3차아파트,7085,829,7914
2026-05-31,서재동화아이위시2차앞,6265,1638,7903
2026-05-31,대구의료원라파엘웰빙센터건너,4239,3645,7884
2026-05-31,우방금탑아파트(서편),3811,4062,7873
2026-05-31,장동초등학교앞,6003,1870,7873
2026-05-31,장동초등학교건너,6693,1179,7872
2026-05-31,LG물류센터건너,5541,2315,7856
2026-05-31,만촌우방1차건너,7665,191,7856
2026-05-31,신천역(2번출구),5588,2263,7851
2026-05-31,서재금봉타운,5037,2783,7820
2026-05-31,이진캐스빌건너,7505,313,7818
2026-05-31,시지천마타운앞,4531,3240,7771
2026-05-31,서대구시장건너,4753,2977,7730
2026-05-31,포산고등학교3,7668,45,7713
2026-05-31,칠곡동화아파트건너,4934,2770,7704
2026-05-31,북대구세무서앞,5123,2574,7697
2026-05-31,연경1공영주차장건너,5854,1819,7673
2026-05-31,퀸스로드앞(동편),6096,1577,7673
2026-05-31,트레이더스홀세일클럽비산점건너,2936,4721,7657
2026-05-31,SD아이프라임강북아파트,7310,342,7652
2026-05-31,산림조합중앙회건너,2852,4795,7647
2026-05-31,용전초등학교남편,4048,3588,7636
2026-05-31,교동시장앞,5419,2213,7632
2026-05-31,지묘교2,7479,144,7623
2026-05-31,삼성래미안2차건너,5542,2069,7611
2026-05-31,두성파크아파트건너,5634,1958,7592
2026-05-31,본리지구앞,6485,1105,7590
2026-05-31,남부교육지원청건너,6416,1151,7567
2026-05-31,호텔수성앞,6540,1025,7565
2026-05-31,율하근린공원건너,1975,5579,7554
2026-05-31,동부고교앞,5862,1687,7549
2026-05-31,달성중학교건너,6611,931,7542
2026-05-31,LH10단지아파트건너,6166,1371,7537
2026-05-31,숙천초교입구,6323,1199,7522
2026-05-31,대건고교-효성여고앞,6066,1452,7518
2026-05-31,구.남부정류장앞2,5599,1916,7515
2026-05-31,다사농협세천지점건너,6097,1416,7513
2026-05-31,교통연수원건너,6455,1055,7510
2026-05-31,전자관,5939,1533,7472
2026-05-31,복현푸르지오아파트앞,5639,1829,7468
2026-05-31,반고개(내당역4번출구),2502,4960,7462
2026-05-31,우미린아파트앞,7068,389,7457
2026-05-31,구암교1,6197,1212,7409
2026-05-31,대산초등학교앞,6627,780,7407
2026-05-31,송원맨션앞,5369,2033,7402
2026-05-31,무태새마을금고앞,6626,767,7393
2026-05-31,대림육교1,1893,5466,7359
2026-05-31,파계사(종점),6510,846,7356
2026-05-31,부영3단지,3825,3521,7346
2026-05-31,새론초등학교건너,6733,594,7327
2026-05-31,죽곡휴먼시아1단지앞,563,6755,7318
2026-05-31,뉴평리도서관앞,6368,941,7309
2026-05-31,월배아이파크2차건너,6459,844,7303
2026-05-31,불로봉무파출소,5651,1605,7256
2026-05-31,우방만촌하이츠앞,3804,3433,7237
2026-05-31,기업은행대곡지점건너,1733,5491,7224
2026-05-31,국우초등학교건너,7031,184,7215
2026-05-31,서도초등학교서편2,5457,1751,7208
2026-05-31,팔공산IC입구,1078,6104,7182
2026-05-31,태전두성타운건너,4864,2299,7163
2026-05-31,성서4차산업단지앞2,5359,1796,7155
2026-05-31,성서보성타운2차건너1,6358,794,7152
2026-05-31,국가산단반도유보라3차건너,7100,50,7150
2026-05-31,안심중학교건너,2130,5019,7149
2026-05-31,수성구민운동장건너,4297,2835,7132
2026-05-31,아양교4,4552,2570,7122
2026-05-31,고성지구대2,4163,2934,7097
2026-05-31,봉덕시장건너1,4358,2738,7096
2026-05-31,연경뉴웰시티아파트앞,6096,999,7095
2026-05-31,지산청구타운건너,3519,3575,7094
2026-05-31,역전시장앞,5393,1696,7089
2026-05-31,대우트럼프월드수성앞,2907,4178,7085
2026-05-31,본리아카시아맨션,4445,2640,7085
2026-05-31,방천리공영차고지,5290,1792,7082
2026-05-31,상리동입구,1948,5126,7074
2026-05-31,대건고교-효성여고건너,5668,1403,7071
2026-05-31,성서주공5단지앞,4996,2060,7056
2026-05-31,서부정류장역2(1번출구),4867,2187,7054
2026-05-31,본리초교네거리2,5903,1132,7035
2026-05-31,강북경찰서건너,3406,3619,7025
2026-05-31,도남LH2단지아파트앞,6520,504,7024
2026-05-31,서도초등학교서편1,5850,1168,7018
2026-05-31,두산동행정복지센터앞,6390,627,7017
2026-05-31,산격거평타운앞,4015,2986,7001
2026-05-31,대구행복기숙사앞,4151,2847,6998
2026-05-31,죽전119안전센터건너,4519,2465,6984
2026-05-31,홈플러스동촌점건너,3946,3026,6972
2026-05-31,대구IM뱅크PARK동편앞,5905,1063,6968
2026-05-31,신세계주유소건너,6461,492,6953
2026-05-31,동서변그린빌건너,5478,1435,6913
2026-05-31,대봉네거리1,5725,1184,6909
2026-05-31,성서청구타운앞,5042,1861,6903
2026-05-31,동신초등학교앞,3862,3037,6899
2026-05-31,뉴평리도서관건너,3733,3155,6888
2026-05-31,효목네거리1,5810,1066,6876
2026-05-31,신천역(3번출구),5357,1511,6868
2026-05-31,스파밸리2,6769,76,6845
2026-05-31,동원약품,5192,1628,6820
2026-05-31,신월초등학교앞,4449,2362,6811
2026-05-31,금봉네거리2,5506,1290,6796
2026-05-31,우방죽전타운앞1,5422,1359,6781
2026-05-31,덕화중학교앞,3510,3265,6775
2026-05-31,쌍계리,1343,5422,6765
2026-05-31,이천치안센터건너,3918,2839,6757
2026-05-31,KT남대구지사건너2,4857,1885,6742
2026-05-31,팔공정보문화센터건너,1051,5687,6738
2026-05-31,봉덕2차화성파크드림,5734,1000,6734
2026-05-31,대자연맨션건너,4341,2382,6723
2026-05-31,이현자동차검사소앞,6056,650,6706
2026-05-31,대봉2동행정복지센터건너,5889,816,6705
2026-05-31,서구제일사회복지관건너,1881,4814,6695
2026-05-31,호텔수성건너,5307,1385,6692
2026-05-31,공항시장앞,3127,3563,6690
2026-05-31,조야동(종점),6285,380,6665
2026-05-31,지저동행정복지센터앞,4129,2533,6662
2026-05-31,태왕아너스베스트앞,5799,861,6660
2026-05-31,한국방송통신전파진흥원앞,4847,1805,6652
2026-05-31,대봉네거리2,3197,3423,6620
2026-05-31,CBS방송국앞,3860,2747,6607
2026-05-31,2.28기념중앙공원건너2,4269,2316,6585
2026-05-31,조일고등학교(종점),5937,646,6583
2026-05-31,대구국제공항건너,365,6209,6574
2026-05-31,태현초등학교앞,6477,97,6574
2026-05-31,우방드림시티앞,4496,2071,6567
2026-05-31,범물하이츠앞,6335,225,6560
2026-05-31,동부중학교앞,3478,3081,6559
2026-05-31,내당코오롱아파트앞,5355,1182,6537
2026-05-31,각산푸르지오,4329,2204,6533
2026-05-31,금호천년나무1단지동편,6457,76,6533
2026-05-31,거동교1,5051,1480,6531
2026-05-31,연경초등학교건너,5608,883,6491
2026-05-31,역전시장건너,4655,1831,6486
2026-05-31,불로우방아파트건너,4245,2235,6480
2026-05-31,혁신도시입구1,5373,1106,6479
2026-05-31,엘디스리젠트호텔건너,2355,4118,6473
2026-05-31,실내체육관건너,4512,1947,6459
2026-05-31,들안길초등학교건너,4708,1740,6448
2026-05-31,대구향교건너,2397,4043,6440
2026-05-31,방촌치안센터앞,4771,1666,6437
2026-05-31,강북중학교앞,6255,174,6429
2026-05-31,대평중학교앞,4481,1943,6424
2026-05-31,강서소방서건너,601,5811,6412
2026-05-31,남대구IC2,5152,1244,6396
2026-05-31,서대구역서한이다음더퍼스트,4753,1634,6387
2026-05-31,무궁화어린이공원입구건너,3859,2521,6380
2026-05-31,실내체육관앞,5110,1262,6372
2026-05-31,북구보건소건너,5028,1335,6363
2026-05-31,강변동서마을앞,4372,1983,6355
2026-05-31,대성베르힐4단지앞,6279,74,6353
2026-05-31,성남초등학교앞,5604,745,6349
2026-05-31,용산1동행정복지센터앞,3774,2565,6339
2026-05-31,현풍새마을금고,5549,770,6319
2026-05-31,상인삼미타운앞,5507,810,6317
2026-05-31,율하교동편2,4583,1727,6310
2026-05-31,동부중학교건너,5546,754,6300
2026-05-31,금호서한이다음아파트앞,5522,777,6299
2026-05-31,성지중학교앞,3085,3208,6293
2026-05-31,삼익뉴타운건너,3997,2295,6292
2026-05-31,칠성시장(전자상가건너),5867,425,6292
2026-05-31,한남중미용정보고등학교앞,5385,903,6288
2026-05-31,비산7동우체국건너,3694,2590,6284
2026-05-31,대곡주공8단지건너,5317,963,6280
2026-05-31,서평초등학교,5278,996,6274
2026-05-31,대구칠곡초등학교앞,3539,2733,6272
2026-05-31,수성아트피아앞,4608,1660,6268
2026-05-31,망우당공원앞,4153,2073,6226
2026-05-31,국립신암선열공원앞,4371,1846,6217
2026-05-31,안심역(1번출구),5492,721,6213
2026-05-31,어린이세상앞,4275,1928,6203
2026-05-31,녹원맨션,5274,924,6198
2026-05-31,각산역(1번출구),4186,2010,6196
2026-05-31,장기초록나라앞,4598,1598,6196
2026-05-31,한도아파트앞,5960,235,6195
2026-05-31,중리중학교,5535,657,6192
2026-05-31,팔공유치원앞,5628,552,6180
2026-05-31,무궁화LPG충전소건너,4012,2142,6154
2026-05-31,대신센트럴자이,5207,940,6147
2026-05-31,팔공3차보성타운앞,5579,563,6142
2026-05-31,범물2동행정복지센터건너,5626,515,6141
2026-05-31,서대구공단네거리4,4307,1834,6141
2026-05-31,명문세가APT건너,4870,1269,6139
2026-05-31,인동촌시장건너,3501,2637,6138
2026-05-31,평광3차아파트건너,5161,968,6129
2026-05-31,칠곡3차화성타운2,5331,784,6115
2026-05-31,홈플러스칠곡점건너,4781,1299,6080
2026-05-31,수성시니어클럽앞,5559,509,6068
2026-05-31,팔달신시장2,4944,1108,6052
2026-05-31,백자맨션앞,4021,2026,6047
2026-05-31,가창농협건너,3416,2609,6025
2026-05-31,북중학교앞,4616,1398,6014
2026-05-31,어린이세상건너1,1831,4181,6012
2026-05-31,태왕메트로시티앞,3755,2250,6005
2026-05-31,적십자혈액원건너,4770,1223,5993
2026-05-31,신월초등학교건너,5155,826,5981
2026-05-31,아양아트센터앞,4339,1639,5978
2026-05-31,성화여고앞,3901,2065,5966
2026-05-31,월성자이앞,4427,1522,5949
2026-05-31,도남힐스테이트4단지건너,5098,832,5930
2026-05-31,동화사입구건너,5883,40,5923
2026-05-31,산격4동행정복지센터앞,4890,1026,5916
2026-05-31,서동초등학교앞,5429,477,5906
2026-05-31,성서우체국앞,3727,2177,5904
2026-05-31,팔달역2,615,5278,5893
2026-05-31,대구보건대학교앞1,4786,1097,5883
2026-05-31,상인비둘기1단지아파트건너,4692,1188,5880
2026-05-31,시민교회건너,5381,491,5872
2026-05-31,충혼탑건너,5611,256,5867
2026-05-31,함지초등학교앞,5497,363,5860
2026-05-31,농수산물도매시장건너,4404,1455,5859
2026-05-31,칠곡시장앞,3785,2055,5840
2026-05-31,중석타운앞,5507,310,5817
2026-05-31,검단유성아파트건너,3732,2074,5806
2026-05-31,내당광명아파트,4077,1717,5794
2026-05-31,방촌맨션앞,4373,1417,5790
2026-05-31,대구의료원라파엘웰빙센터,4264,1514,5778
2026-05-31,옥포초등학교앞,5036,727,5763
2026-05-31,한화꿈에그린건너1,3039,2715,5754
2026-05-31,서도초등학교앞,4809,939,5748
2026-05-31,월성코오롱하늘채건너,3919,1811,5730
2026-05-31,율원초등학교앞,5049,680,5729
2026-05-31,들안길네거리1,5301,421,5722
2026-05-31,안심중학교앞,3774,1948,5722
2026-05-31,만촌1동행정복지센터,3804,1905,5709
2026-05-31,성당포스코더샵건너,3528,2181,5709
2026-05-31,연경초등학교앞,4863,841,5704
2026-05-31,청라언덕(신남)역(8번출구),4307,1394,5701
2026-05-31,대백창신한라타운앞,3616,2082,5698
2026-05-31,대구농업마이스터고후문앞,4903,771,5674
2026-05-31,죽전동 행정복지센터앞,3521,2151,5672
2026-05-31,비철금속협업단지앞,5295,375,5670
2026-05-31,한샘교회,3904,1761,5665
2026-05-31,수성아트피아건너,3713,1951,5664
2026-05-31,수성랜드1,5040,621,5661
2026-05-31,모다아울렛앞,2361,3295,5656
2026-05-31,동신초등학교건너,4047,1607,5654
2026-05-31,중흥S클래스앞,5574,80,5654
2026-05-31,학산공원1,3362,2284,5646
2026-05-31,서재동화아이위시2차건너,4259,1385,5644
2026-05-31,송현제림타운앞,4507,1136,5643
2026-05-31,월성주공3단지,3743,1899,5642
2026-05-31,효목2동행정복지센터,4500,1129,5629
2026-05-31,청라국민체육센터앞,4755,863,5618
2026-05-31,다사농협세천지점앞,4726,880,5606
2026-05-31,새각단앞,5446,159,5605
2026-05-31,상인2동행정복지센터건너,5267,310,5577
2026-05-31,봉무초등학교건너,5006,570,5576
2026-05-31,대구일마이스터고교건너,3259,2312,5571
2026-05-31,산격거평타운건너,2236,3323,5559
2026-05-31,현풍경남은행앞,4714,845,5559
2026-05-31,남부경찰서건너,2974,2575,5549
2026-05-31,신매역(4번출구),4301,1247,5548
2026-05-31,팔거역3,4418,1126,5544
2026-05-31,이곡1동행정복지센터앞,2629,2911,5540
2026-05-31,대구교통공사건너,1452,4076,5528
2026-05-31,대원고등학교,2673,2849,5522
2026-05-31,계명대대명캠퍼스후문건너,4336,1172,5508
2026-05-31,파동우체국앞,2927,2580,5507
2026-05-31,현풍경남은행건너,4699,797,5496
2026-05-31,동서교회앞,3207,2263,5470
2026-05-31,동대구동화아이위시아파트앞,4316,1146,5462
2026-05-31,율하남교2,3470,1991,5461
2026-05-31,성서동서서한타운앞,4856,602,5458
2026-05-31,대구텍앞,3521,1922,5443
2026-05-31,장기먹거리촌앞,4144,1298,5442
2026-05-31,남구종합스포츠타운앞,4627,810,5437
2026-05-31,황금초등학교앞,5085,346,5431
2026-05-31,매천중고등학교앞,4226,1184,5410
2026-05-31,남부초등학교앞2,4061,1348,5409
2026-05-31,태왕아너스복현건너,4160,1246,5406
2026-05-31,봉무청구새들마을앞,4311,1051,5362
2026-05-31,영남우방타운1차앞,4692,640,5332
2026-05-31,달서에스케이뷰아파트(북편),5134,194,5328
2026-05-31,태전중앙시장건너,3094,2228,5322
2026-05-31,퀸스로드건너(동편),4255,1060,5315
2026-05-31,노원네거리2(오봉새마을금고건너),4529,785,5314
2026-05-31,이곡1동행정복지센터건너,4852,462,5314
2026-05-31,옥포간경리1,3715,1594,5309
2026-05-31,지산동서맨션건너,3571,1713,5284
2026-05-31,강변동서마을건너,4995,282,5277
2026-05-31,장성초등학교건너,656,4609,5265
2026-05-31,지산현대주택건너,3831,1420,5251
2026-05-31,화랑교1,1332,3915,5247
2026-05-31,칠곡화성타운건너,4923,323,5246
2026-05-31,학정청아람앞,3373,1873,5246
2026-05-31,교대부설초등학교건너,4690,555,5245
2026-05-31,율하휴먼시아5단지건너,2575,2656,5231
2026-05-31,화원삼주타운건너,4624,593,5217
2026-05-31,지묘교1,3631,1583,5214
2026-05-31,수성못앞,4163,1042,5205
2026-05-31,계명대역(1번출구),1374,3820,5194
2026-05-31,남도버스2,3962,1223,5185
2026-05-31,한샘교회건너,2613,2570,5183
2026-05-31,월배아이파크2차앞,1728,3442,5170
2026-05-31,동서리치모아앞,3649,1510,5159
2026-05-31,구암역(운전면허시험장)1,4355,802,5157
2026-05-31,영남네오빌건너,2251,2903,5154
2026-05-31,칠곡그린빌5단지건너,4434,715,5149
2026-05-31,비산7동우체국앞2,2675,2469,5144
2026-05-31,고산골입구,4281,857,5138
2026-05-31,칠곡주공그린빌1단지건너,4810,328,5138
2026-05-31,경명여고앞,3307,1825,5132
2026-05-31,평리중학교앞,4689,423,5112
2026-05-31,삼성명가타운,3468,1638,5106
2026-05-31,송정삼거리3,2677,2425,5102
2026-05-31,도시철도수성구청역북편1,728,4367,5095
2026-05-31,율하휴먼시아6단지건너,4173,920,5093
2026-05-31,대곡고등학교건너,3705,1376,5081
2026-05-31,서도초등학교건너,3393,1681,5074
2026-05-31,NH농협혁신도시지점앞,4602,465,5067
2026-05-31,대산초등학교건너,2440,2613,5053
2026-05-31,사수초등학교건너,2798,2255,5053
2026-05-31,동서리치모아건너,3856,1196,5052
2026-05-31,아너스월성앞,3746,1305,5051
2026-05-31,북구청네거리1,2481,2563,5044
2026-05-31,칠곡화성타운앞1,2918,2122,5040
2026-05-31,대구칠곡초등학교건너,4219,816,5035
2026-05-31,보성산호타운앞,2946,2089,5035
2026-05-31,팔달중학교건너,4807,228,5035
2026-05-31,대구지방법원등기국앞,2428,2600,5028
2026-05-31,황제맨션앞,4046,974,5020
2026-05-31,대곡주공6단지앞,3956,1061,5017
2026-05-31,고성아파트건너,4649,348,4997
2026-05-31,율금초등학교건너,4687,307,4994
2026-05-31,다사고등학교앞,891,4095,4986
2026-05-31,K-2입구,3952,1033,4985
2026-05-31,동아스포츠센터(지산초교앞),4689,280,4969
2026-05-31,복현성모약국앞,3641,1314,4955
2026-05-31,대동시장1,4034,908,4942
2026-05-31,수성알파시티2,2494,2441,4935
2026-05-31,거동교2,3413,1521,4934
2026-05-31,상인초등학교앞,1019,3915,4934
2026-05-31,고성아파트건너(서편),2116,2806,4922
2026-05-31,이곡장미공원앞,4343,576,4919
2026-05-31,서대구고속버스터미널,2723,2188,4911
2026-05-31,대구북부소방서앞,2083,2823,4906
2026-05-31,동구청역(4번출구),3902,1004,4906
2026-05-31,남해오네뜨2차앞,3213,1683,4896
2026-05-31,율하남교1,1204,3685,4889
2026-05-31,수성시장건너,4171,702,4873
2026-05-31,서구제일사회복지관앞,3943,920,4863
2026-05-31,달성우신미가뷰건너,4829,15,4844
2026-05-31,KT남대구지사앞2,2716,2127,4843
2026-05-31,적십자혈액원앞,3348,1480,4828
2026-05-31,동부경찰서건너,2293,2533,4826
2026-05-31,동서교회건너,4219,606,4825
2026-05-31,북성공구골목,2233,2584,4817
2026-05-31,영조아파트3단지앞,4784,31,4815
2026-05-31,삼성래미안2차앞,3126,1665,4791
2026-05-31,불교한방병원앞2,3700,1090,4790
2026-05-31,메트로시티건너,4367,411,4778
2026-05-31,한국섬유개발연구원앞,3950,811,4761
2026-05-31,대명사회복지관앞,4191,565,4756
2026-05-31,두류공원2.28자유광장앞,1635,3114,4749
2026-05-31,본리네거리,3338,1395,4733
2026-05-31,서재동화아이위시앞,3086,1641,4727
2026-05-31,성명119안전센터건너1,2322,2385,4707
2026-05-31,수성고등학교건너,3846,855,4701
2026-05-31,서한이다음2차앞,4333,364,4697
2026-05-31,상인동화아이위시아파트앞,2148,2541,4689
2026-05-31,팔거역4,3460,1225,4685
2026-05-31,정호승문학관건너(구.신천시장),3878,806,4684
2026-05-31,송현여중고교건너,3234,1449,4683
2026-05-31,동서아파트건너,4134,543,4677
2026-05-31,안지랑골입구건너,4506,170,4676
2026-05-31,율하휴먼시아9단지앞,4353,319,4672
2026-05-31,오성아파트,464,4206,4670
2026-05-31,대구해올고교앞,3367,1302,4669
2026-05-31,계명대학교대명캠퍼스후문앞,3487,1170,4657
2026-05-31,도남힐스테이트3단지건너,1692,2964,4656
2026-05-31,송현초등학교건너,3578,1073,4651
2026-05-31,대명9동행정복지센터건너,3808,835,4643
2026-05-31,방공포병학교건너,3625,1010,4635
2026-05-31,학남고등학교앞,3734,876,4610
2026-05-31,신서성당건너,3485,1121,4606
2026-05-31,이시아폴리스더샵1단지,4417,183,4600
2026-05-31,서한이다음1차앞,4351,244,4595
2026-05-31,하나리움앞,1529,3061,4590
2026-05-31,동화골든빌(동편),3359,1230,4589
2026-05-31,안심주공1단지앞,3516,1061,4577
2026-05-31,서대구공단네거리3,3318,1244,4562
2026-05-31,봉명네거리2,4181,365,4546
2026-05-31,구암교2,2834,1708,4542
2026-05-31,서재동화아이위시3차건너,3528,1001,4529
2026-05-31,동화골든빌(남편),495,4029,4524
2026-05-31,효목시장(남편),3838,686,4524
2026-05-31,문양역건너,2724,1795,4519
2026-05-31,대구비지니스센터앞,3595,909,4504
2026-05-31,모토닉,1483,3019,4502
2026-05-31,신천3치안센터건너,2849,1638,4487
2026-05-31,명곡미래빌3단지건너,2670,1815,4485
2026-05-31,만촌초등학교건너2,3734,746,4480
2026-05-31,관음변전소1,4145,319,4464
2026-05-31,대원고등학교건너,2796,1657,4453
2026-05-31,범물두성타운건너,4396,45,4441
2026-05-31,팔공유치원건너,3569,871,4440
2026-05-31,팔공3차보성타운건너,3298,1137,4435
2026-05-31,대봉2동행정복지센터입구,2787,1647,4434
2026-05-31,상동네거리,2843,1588,4431
2026-05-31,성서초등학교건너,3797,634,4431
2026-05-31,대구시동인청사건너,1826,2604,4430
2026-05-31,명곡미래빌2단지앞,3921,509,4430
2026-05-31,대덕천주교회3,4208,213,4421
2026-05-31,명곡미래빌1단지,3683,700,4383
2026-05-31,이월드(구.우방랜드)후문건너,2929,1449,4378
2026-05-31,서변동영남네오빌앞,3848,502,4350
2026-05-31,수성못건너,2751,1599,4350
2026-05-31,성서동서서한타운건너,3422,924,4346
2026-05-31,강서소방서앞,4207,133,4340
2026-05-31,동대구이안센트럴D아파트,2363,1976,4339
2026-05-31,본리네거리3,1848,2490,4338
2026-05-31,신서신일해피트리아파트,3472,859,4331
2026-05-31,흥사단 대구지부건너,3284,1045,4329
2026-05-31,양지마을앞,3672,651,4323
2026-05-31,더샵수성라크에르아파트건너,2597,1725,4322
2026-05-31,KT북대구지사앞,3818,502,4320
2026-05-31,고산농협창고앞,1014,3305,4319
2026-05-31,명곡리2,2764,1555,4319
2026-05-31,용계삼거리2,1877,2426,4303
2026-05-31,공산동행정복지센터앞,4062,240,4302
2026-05-31,성지중학교건너,3400,893,4293
2026-05-31,반야월역(4번출구)2,2879,1411,4290
2026-05-31,만촌초등학교건너1,3034,1253,4287
2026-05-31,상동천주교회앞,2270,2014,4284
2026-05-31,한국패션센터,4068,214,4282
2026-05-31,북구청네거리2,3380,897,4277
2026-05-31,성남초등학교건너,1741,2530,4271
2026-05-31,신성에스앤티건너,3287,984,4271
2026-05-31,율하휴먼시아6단지앞,3716,542,4258
2026-05-31,각산비나리공원앞,3912,333,4245
2026-05-31,봉산육거리,3589,652,4241
2026-05-31,신천3동행정복지센터건너,3233,1004,4237
2026-05-31,이곡장미공원건너,2895,1337,4232
2026-05-31,북동초등학교앞,3991,237,4228
2026-05-31,오페라하우스앞,3040,1186,4226
2026-05-31,솔렌스힐건너,3202,1016,4218
2026-05-31,용산역,3924,282,4206
2026-05-31,원대오거리북편1,1738,2466,4204
2026-05-31,북동초등학교건너,2523,1661,4184
2026-05-31,동부고교건너,2599,1582,4181
2026-05-31,성산중학교앞,3770,404,4174
2026-05-31,성북시장건너,2792,1380,4172
2026-05-31,본리지구건너,3616,555,4171
2026-05-31,LH10단지아파트앞,2542,1626,4168
2026-05-31,한국섬유개발연구원건너,2103,2065,4168
2026-05-31,망우당공원건너,1529,2635,4164
2026-05-31,소선여중건너,1891,2268,4159
2026-05-31,경기장네거리1,3184,974,4158
2026-05-31,성당시장앞1,3520,636,4156
2026-05-31,대구비지니스센터건너,3397,747,4144
2026-05-31,전기안전공사앞,3322,818,4140
2026-05-31,앞산태왕아너스앞,4102,31,4133
2026-05-31,인터불고호텔건너,3935,198,4133
2026-05-31,동아스포츠센터(지산중학교앞),2564,1568,4132
2026-05-31,수성태영데시앙앞,3487,644,4131
2026-05-31,대성베르힐4단지건너,1774,2354,4128
2026-05-31,황금2동치안센터앞,3732,388,4120
2026-05-31,매일신문사앞,3044,1043,4087
2026-05-31,우방신천지타운건너,2846,1213,4059
2026-05-31,이월드(구.우방랜드)후문앞,2785,1264,4049
2026-05-31,침산남영타운앞,3393,642,4035
2026-05-31,파군재삼거리1,1083,2945,4028
2026-05-31,성서푸른마을아파트앞2,2346,1668,4014
2026-05-31,비산웰빙하와이건너,3700,300,4000
2026-05-31,성서주공1단지앞,1939,2059,3998
2026-05-31,대구역서희스타힐스건너,2351,1644,3995
2026-05-31,신암보성아파트건너,2452,1533,3985
2026-05-31,화남초등학교앞,3409,575,3984
2026-05-31,불교한방병원건너2,3097,878,3975
2026-05-31,태성맨션앞,2641,1306,3947
2026-05-31,침산중학교건너,3100,846,3946
2026-05-31,무열대건너,2609,1331,3940
2026-05-31,수성고등학교앞,2848,1087,3935
2026-05-31,달서구새마을회건너,3713,205,3918
2026-05-31,정호승문학관앞(구.신천시장),2791,1125,3916
2026-05-31,제일풍경채앞,2301,1603,3904
2026-05-31,달서초교,3472,426,3898
2026-05-31,복현오거리3,2904,994,3898
2026-05-31,매천초교(매천역)2,3452,436,3888
2026-05-31,영남우방타운1차건너,3446,436,3882
2026-05-31,영남우방타운2차아파트,2760,1121,3881
2026-05-31,대구보건대학교건너1,3212,668,3880
2026-05-31,칠성꽃도매시장건너,2516,1363,3879
2026-05-31,청구시장북편건너,2856,1021,3877
2026-05-31,수목원풍경그린아파트앞,3770,93,3863
2026-05-31,이현지구대건너,3019,837,3856
2026-05-31,백안삼거리2,3736,116,3852
2026-05-31,이안동대구아파트,3025,816,3841
2026-05-31,보성2차홍실타운앞,2959,873,3832
2026-05-31,본리초교네거리1,2787,1044,3831
2026-05-31,율원중학교건너,3607,217,3824
2026-05-31,건들바위건너,2706,1115,3821
2026-05-31,동일초등학교건너,3028,791,3819
2026-05-31,수성태영데시앙건너,2402,1417,3819
2026-05-31,대구시동인청사앞,3386,415,3801
2026-05-31,백사벌네거리2,2349,1452,3801
2026-05-31,들안길네거리4,2991,802,3793
2026-05-31,화성파크뷰앞,834,2957,3791
2026-05-31,동서변월드메르디앙아파트,3223,566,3789
2026-05-31,상중이동행정복지센터건너,2483,1305,3788
2026-05-31,두류공원2.28자유광장건너,1936,1839,3775
2026-05-31,만촌초등학교앞,2778,987,3765
2026-05-31,효목네거리2,1349,2412,3761
2026-05-31,칠곡2차영남타운앞,3111,645,3756
2026-05-31,매천역1,1665,2090,3755
2026-05-31,월배힐스테이트건너,3579,176,3755
2026-05-31,수성더팰리스푸르지오더샵아파트건너,1671,2082,3753
2026-05-31,대구반도체마이스터고등학교 건너,738,3013,3751
2026-05-31,종로초등학교앞,2447,1300,3747
2026-05-31,조달청앞,2763,980,3743
2026-05-31,보훈병원앞,3721,19,3740
2026-05-31,팔달중학교앞,3326,413,3739
2026-05-31,신용보증기금앞,1814,1915,3729
2026-05-31,화원유원지(사문진주막촌),3505,221,3726
2026-05-31,강동중·고등학교건너,3712,10,3722
2026-05-31,대명사회복지관건너,2424,1287,3711
2026-05-31,오페라하우스건너,3024,673,3697
2026-05-31,경기장네거리2,3250,446,3696
2026-05-31,가창초등학교건너,3272,421,3693
2026-05-31,평리1동행정복지센터앞,3418,272,3690
2026-05-31,동문고등학교정문,3409,279,3688
2026-05-31,새본리중학교앞,3299,381,3680
2026-05-31,만촌태왕리더스앞2,3245,433,3678
2026-05-31,만촌3차화성파크드림건너,3180,494,3674
2026-05-31,서대구역네거리3,3089,582,3671
2026-05-31,상화네거리,438,3232,3670
2026-05-31,대구경찰청,2886,782,3668
2026-05-31,금포초등학교,3053,607,3660
2026-05-31,대구연경아이파크아파트건너,3193,448,3641
2026-05-31,한국도로공사앞,3581,55,3636
2026-05-31,본리롯데캐슬,3301,331,3632
2026-05-31,칠성꽃도매시장앞,1895,1734,3629
2026-05-31,퀸스로드앞,2305,1324,3629
2026-05-31,옥포농협강림지점앞,3193,433,3626
2026-05-31,중리롯데캐슬정문앞,2896,727,3623
2026-05-31,팔공초중학교앞,3379,244,3623
2026-05-31,시지대성유니드앞,3096,526,3622
2026-05-31,연호동화훼단지2,2623,999,3622
2026-05-31,칠곡청구타운앞,3337,263,3600
2026-05-31,대구테크노초등학교앞,826,2773,3599
2026-05-31,달성군보건소,3215,383,3598
2026-05-31,송현여중고교앞,3204,390,3594
2026-05-31,동촌유원지,2543,1050,3593
2026-05-31,성서우체국건너,2260,1321,3581
2026-05-31,두산동행정복지센터건너,1863,1716,3579
2026-05-31,연암네거리2,2975,601,3576
2026-05-31,2차대자연맨션건너,1641,1932,3573
2026-05-31,대구중학교건너,2132,1439,3571
2026-05-31,중리시장건너2,875,2696,3571
2026-05-31,두류공원(야외음악당건너),3008,547,3555
2026-05-31,연경뉴웰시티아파트건너,2671,873,3544
2026-05-31,팔레스호텔앞2,1588,1956,3544
2026-05-31,연경우방아이유쉘앞,2821,720,3541
2026-05-31,대구한의대학교부속한방병원앞,3267,272,3539
2026-05-31,상인은행아파트건너,2186,1347,3533
2026-05-31,침산남영타운건너,2354,1179,3533
2026-05-31,대구과학대학교앞,3016,512,3528
2026-05-31,경상여자고등학교건너,2785,742,3527
2026-05-31,수성랜드2,1517,2000,3517
2026-05-31,구암초등학교앞,3336,179,3515
2026-05-31,동원중학교,2925,585,3510
2026-05-31,상인제림아파트앞,1485,2021,3506
2026-05-31,노곡동,3483,22,3505
2026-05-31,매천성당앞,3041,462,3503
2026-05-31,이편한세상두류역앞,3086,414,3500
2026-05-31,보성2차홍실타운건너,2804,694,3498
2026-05-31,대구미술관(대구간송미술관)앞,2413,1077,3490
2026-05-31,고성지구대1,2190,1299,3489
2026-05-31,대륜중고등학교앞,2748,740,3488
2026-05-31,서재문화체육센터건너,2909,577,3486
2026-05-31,대덕마을건너,589,2895,3484
2026-05-31,본리도서관앞,1443,2036,3479
2026-05-31,칠곡부영1단지,1896,1576,3472
2026-05-31,대구고용노동청앞,2130,1341,3471
2026-05-31,평리중학교건너,2268,1195,3463
2026-05-31,앞산힐스테이트,2550,908,3458
2026-05-31,만촌역(1번출구),1779,1678,3457
2026-05-31,성원아파트앞,2850,601,3451
2026-05-31,칠곡대백맨션건너,3327,117,3444
2026-05-31,더샵달서센트럴아파트앞,492,2944,3436
2026-05-31,고산농협창고건너,3015,420,3435
2026-05-31,황금초등학교건너,1952,1480,3432
2026-05-31,위남마을,3271,149,3420
2026-05-31,동침산네거리,1243,2173,3416
2026-05-31,명곡미래빌2단지건너,3053,362,3415
2026-05-31,동촌지구대건너,3127,286,3413
2026-05-31,만촌태왕리더스건너(남편),800,2603,3403
2026-05-31,신생원앞,3357,44,3401
2026-05-31,두류공원(야외음악당앞),2841,555,3396
2026-05-31,룸비니유치원건너,3000,396,3396
2026-05-31,연경금성백조예미지앞,2382,1009,3391
2026-05-31,성서119안전센터건너,231,3157,3388
2026-05-31,도곡교1,269,3111,3380
2026-05-31,이시아폴리스롯데아울렛앞,1451,1929,3380
2026-05-31,대명6동행정복지센터앞,2972,406,3378
2026-05-31,방공포병학교앞,1932,1439,3371
2026-05-31,화성쌍용타운앞1,2408,960,3368
2026-05-31,동대구초등학교앞,2898,467,3365
2026-05-31,설화명곡역우방아이유쉘앞,1897,1467,3364
2026-05-31,강창교1(성서방향),3048,310,3358
2026-05-31,상인청구타운건너,3115,226,3341
2026-05-31,달성화성파크드림앞,1638,1701,3339
2026-05-31,동대구역수화물취급소앞,1130,2209,3339
2026-05-31,침산동화타운건너,3219,119,3338
2026-05-31,남부자동차종합시장건너,2238,1093,3331
2026-05-31,반고개역(3번출구),2159,1168,3327
2026-05-31,무궁화어린이공원입구,2523,792,3315
2026-05-31,율원초등학교건너,563,2738,3301
2026-05-31,대곡공원건너,2608,692,3300
2026-05-31,칠곡3차화성타운1,3014,284,3298
2026-05-31,상인한서타운앞,2750,547,3297
2026-05-31,베네딕도수녀원건너,3168,127,3295
2026-05-31,수성도서관앞2,2343,948,3291
2026-05-31,화원시장건너,3111,178,3289
2026-05-31,달성교육지원청-대구예아람학교건너,2448,830,3278
2026-05-31,경덕여고,2217,1053,3270
2026-05-31,중앙일보앞,3033,235,3268
2026-05-31,옥포초등학교건너,2607,659,3266
2026-05-31,경운초등학교앞,2758,503,3261
2026-05-31,노원네거리1(오봉새마을금고앞),2525,732,3257
2026-05-31,보성은하타운앞,3151,102,3253
2026-05-31,남명삼거리1,2844,408,3252
2026-05-31,첨단임상시험센터건너,2894,358,3252
2026-05-31,칠곡우방타운앞(종점),2899,353,3252
2026-05-31,강북소방서건너,1339,1908,3247
2026-05-31,전기안전공사건너,1372,1872,3244
2026-05-31,방촌치안센터건너,1495,1741,3236
2026-05-31,대구과학대학교건너,2665,568,3233
2026-05-31,퀸스로드건너,2208,1017,3225
2026-05-31,와룡시장건너,2840,384,3224
2026-05-31,보성서한타운앞,2839,383,3222
2026-05-31,중부소방서건너,1739,1477,3216
2026-05-31,옥포무지개마을,3103,107,3210
2026-05-31,칠곡주공그린빌1단지앞,2089,1112,3201
2026-05-31,시립희망원,2075,1125,3200
2026-05-31,대성유니드앞,2996,194,3190
2026-05-31,율하롯데캐슬탑클래스건너,1606,1576,3182
2026-05-31,서부정류장역북편2,2710,462,3172
2026-05-31,율하고가교1,2207,963,3170
2026-05-31,진천청구타운건너,1721,1435,3156
2026-05-31,공산초등학교앞,3033,118,3151
2026-05-31,근로복지공단대구병원건너,515,2636,3151
2026-05-31,신세계주유소앞,1092,2036,3128
2026-05-31,신성에스앤티앞,2286,839,3125
2026-05-31,혁신도시입구2,1442,1682,3124
2026-05-31,노원119안전센터앞,2160,959,3119
2026-05-31,대구은행역(3번출구),2687,428,3115
2026-05-31,우방죽전타운앞2,2465,649,3114
2026-05-31,무태새마을금고건너,1990,1121,3111
2026-05-31,신당동행정복지센터건너,1610,1495,3105
2026-05-31,칠곡화성타운앞2,2088,1015,3103
2026-05-31,서대구공단네거리2,1148,1952,3100
2026-05-31,덕원고등학교건너,2606,493,3099
2026-05-31,숙천초교입구건너,2204,892,3096
2026-05-31,신천교1,1794,1296,3090
2026-05-31,동호육교1,1012,2077,3089
2026-05-31,매호1교앞,2299,785,3084
2026-05-31,국민은행3공단지점건너,2110,970,3080
2026-05-31,매천대교3,290,2789,3079
2026-05-31,칠곡그린빌6단지건너,1844,1233,3077
2026-05-31,청백다례원,2249,823,3072
2026-05-31,한국건강관리협회건너,2101,962,3063
2026-05-31,한샘청동공원건너,1976,1073,3049
2026-05-31,칠성시장(전자상가앞),1845,1198,3043
2026-05-31,달구벌신협앞,2630,411,3041
2026-05-31,검단동대구축협앞,3010,25,3035
2026-05-31,수성알파시티1,1971,1063,3034
2026-05-31,달성군민운동장앞,2354,675,3029
2026-05-31,신매역(7번출구),2466,555,3021
2026-05-31,대구은행북비산지점건너2,1811,1208,3019
2026-05-31,대구향교앞,1747,1272,3019
2026-05-31,대덕천주교회2,2592,426,3018
2026-05-31,삼호아파트앞,1763,1253,3016
2026-05-31,명곡미래빌5단지건너,2365,646,3011
2026-05-31,수성소방서2,967,2037,3004
2026-05-31,월촌초등학교앞,2373,625,2998
2026-05-31,노원동화타운앞,2219,774,2993
2026-05-31,화원시장앞,1944,1047,2991
2026-05-31,앞산별자리체험학습장1,2912,75,2987
2026-05-31,신천교2,2348,623,2971
2026-05-31,상인제림아파트건너,2482,487,2969
2026-05-31,율하선수촌2단지앞,2718,243,2961
2026-05-31,현풍중고등학교,2645,315,2960
2026-05-31,황금시장앞,2804,156,2960
2026-05-31,달구벌종합복지관건너,2559,399,2958
2026-05-31,중동네거리,932,2025,2957
2026-05-31,여성메디파크,889,2066,2955
2026-05-31,군위버스터미널앞,2922,32,2954
2026-05-31,칠곡그린빌3차앞,1692,1261,2953
2026-05-31,한국산업단지공단앞,2720,220,2940
2026-05-31,율하휴먼시아8단지앞,2174,761,2935
2026-05-31,옥포농협건너,2577,350,2927
2026-05-31,칠곡초등학교앞,2863,62,2925
2026-05-31,칠곡한신아파트앞2,2511,412,2923
2026-05-31,장성초등학교앞,825,2097,2922
2026-05-31,용계삼거리3,1895,1024,2919
2026-05-31,한국로봇산업진흥원앞,1655,1260,2915
2026-05-31,동인네거리2,1105,1807,2912
2026-05-31,부영5단지,2455,455,2910
2026-05-31,고산정수사업소건너,2427,482,2909
2026-05-31,보병50사단앞,2535,374,2909
2026-05-31,사월보성2차앞,2462,437,2899
2026-05-31,각산역(2번출구),285,2600,2885
2026-05-31,동원초등학교앞,1951,934,2885
2026-05-31,경서중학교건너,2803,75,2878
2026-05-31,금복주건너,2003,875,2878
2026-05-31,동원초등학교남편,2216,651,2867
2026-05-31,상리공단,2259,608,2867
2026-05-31,대구경북지방병무청,1976,885,2861
2026-05-31,새론중학교앞,2645,214,2859
2026-05-31,대구중앙중학교건너,2780,76,2856
2026-05-31,새범어아파트앞,2376,479,2855
2026-05-31,한국로봇산업진흥원건너,2098,745,2843
2026-05-31,서부정류장역북편1,1506,1327,2833
2026-05-31,국민은행3공단지점앞,2203,628,2831
2026-05-31,덕원고등학교앞,1654,1169,2823
2026-05-31,대구혁신에듀포레아파트건너,2469,344,2813
2026-05-31,청라국민체육센터건너,1989,819,2808
2026-05-31,대구미술관(대구간송미술관)건너,1571,1234,2805
2026-05-31,대봉1동행정복지센터앞,1702,1100,2802
2026-05-31,각산비나리공원건너,2204,592,2796
2026-05-31,칠곡한신아파트건너,2196,585,2781
2026-05-31,성서국민체육센터앞,1990,787,2777
2026-05-31,평리3동행정복지센터건너,2511,265,2776
2026-05-31,덕원고등학교앞2,2613,159,2772
2026-05-31,대명9동행정복지센터앞,1760,1008,2768
2026-05-31,이곡양수장앞,328,2439,2767
2026-05-31,상서고등학교건너,2371,390,2761
2026-05-31,시민교회앞,1605,1151,2756
2026-05-31,연경천년나무1단지앞,2666,87,2753
2026-05-31,만촌화성파크스위트건너,2620,129,2749
2026-05-31,칠곡중학교건너(칠곡향교건너),1096,1652,2748
2026-05-31,서재들건너,394,2352,2746
2026-05-31,인터불고호텔앞,1869,875,2744
2026-05-31,달서아트센터건너,2352,378,2730
2026-05-31,상동가압장건너,2315,414,2729
2026-05-31,태왕그린힐즈앞2,2673,51,2724
2026-05-31,구지면행정복지센터건너,2593,130,2723
2026-05-31,달서시장건너,2354,369,2723
2026-05-31,화원농협주유소건너,1918,804,2722
2026-05-31,도곡교2,2629,87,2716
2026-05-31,동촌해성아파트앞,1267,1443,2710
2026-05-31,중동교2,1867,829,2696
2026-05-31,학산아파트앞,1833,863,2696
2026-05-31,경명여고건너,2233,462,2695
2026-05-31,현충삼거리2,2559,132,2691
2026-05-31,서부정류장(우리은행),1740,949,2689
2026-05-31,대청초등학교건너,435,2247,2682
2026-05-31,황금2동치안센터건너,1334,1347,2681
2026-05-31,이진캐스빌앞,1578,1100,2678
2026-05-31,수성알파시티청아람앞,1922,755,2677
2026-05-31,함지초등학교건너,1803,860,2663
2026-05-31,영남네오빌앞,1812,844,2656
2026-05-31,상수도중남부사업소건너,1681,962,2643
2026-05-31,덕인초등학교건너,1854,787,2641
2026-05-31,서구문화회관건너,1479,1161,2640
2026-05-31,청구시장북편,1717,918,2635
2026-05-31,달성군민운동장건너,2237,396,2633
2026-05-31,노원네거리3(기업은행),2538,79,2617
2026-05-31,대구스마트고등학교건너,1895,720,2615
2026-05-31,상수도사업본부시설관리소앞,1286,1327,2613
2026-05-31,노원네거리(대구은행앞),2394,217,2611
2026-05-31,서부고등학교건너,2023,583,2606
2026-05-31,도시철도수성구청역북편2,2355,250,2605
2026-05-31,칠곡한라타운건너,2534,65,2599
2026-05-31,그린빌4단지,891,1706,2597
2026-05-31,삼성물류센터앞,86,2511,2597
2026-05-31,명산교(화성명산타운건너),2343,253,2596
2026-05-31,보병50사단건너,1444,1148,2592
2026-05-31,금호서한이다음아파트건너,2340,250,2590
2026-05-31,명곡미래빌5단지앞,1903,685,2588
2026-05-31,율원중학교앞,2041,541,2582
2026-05-31,연경천년나무1단지건너,2115,466,2581
2026-05-31,학남고등학교건너,2084,495,2579
2026-05-31,동대구초등학교건너,1834,743,2577
2026-05-31,동서아파트앞,2026,551,2577
2026-05-31,구암가구골목1,1565,1007,2572
2026-05-31,대명6동행정복지센터건너,2026,543,2569
2026-05-31,산림조합중앙회앞,1596,964,2560
2026-05-31,중리시장건너1,2000,558,2558
2026-05-31,대구경찰청건너,769,1783,2552
2026-05-31,상리동종점3,2257,291,2548
2026-05-31,칠곡그린빌6단지앞,2226,318,2544
2026-05-31,유통단지회차지,2165,377,2542
2026-05-31,성서보성타운2차건너2,2271,268,2539
2026-05-31,동화사입구앞,216,2315,2531
2026-05-31,평리광명맨션앞,839,1685,2524
2026-05-31,평리6동행정복지센터건너,1721,799,2520
2026-05-31,유천동행정복지센터건너,1994,523,2517
2026-05-31,중앙일보건너,1298,1215,2513
2026-05-31,상동교2,1823,686,2509
2026-05-31,앞산보성타운앞,2486,21,2507
2026-05-31,남구종합스포츠타운건너,1771,734,2505
2026-05-31,침산쌍용예가아파트앞,1833,671,2504
2026-05-31,경운초등학교건너,1750,751,2501
2026-05-31,안심주공2단지앞,232,2263,2495
2026-05-31,화성센트럴파크,1674,818,2492
2026-05-31,강북중학교건너,871,1617,2488
2026-05-31,송현2동행정복지센터앞,374,2109,2483
2026-05-31,진천역AK그랑폴리스아파트앞,2384,86,2470
2026-05-31,금호천년나무1단지동편건너,90,2376,2466
2026-05-31,대구보건대학교앞2,800,1665,2465
2026-05-31,상인청구타운앞,1714,747,2461
2026-05-31,진월초등학교앞,1152,1301,2453
2026-05-31,가창중학교건너,2424,27,2451
2026-05-31,새론중학교건너,1635,816,2451
2026-05-31,만촌1동 느지안전마을,974,1470,2444
2026-05-31,칠곡3차보성타운앞,2413,31,2444
2026-05-31,매천시장지하차도,1275,1167,2442
2026-05-31,농협중앙회중동지점건너,2275,163,2438
2026-05-31,지산우방아파트,2007,397,2404
2026-05-31,두류3동파출소건너,1943,459,2402
2026-05-31,들안길네거리2,997,1400,2397
2026-05-31,새론초등학교앞,1446,945,2391
2026-05-31,솔렌스힐앞,1662,729,2391
2026-05-31,평리5동행정복지센터건너,735,1655,2390
2026-05-31,구지119안전센터건너,2027,356,2383
2026-05-31,범어2동1,539,1840,2379
2026-05-31,서부고등학교앞,2162,214,2376
2026-05-31,수목원풍경그린아파트건너,769,1606,2375
2026-05-31,월배국민체육센터앞,2190,168,2358
2026-05-31,미곡동2,2275,81,2356
2026-05-31,옥포미진이지비아,2245,111,2356
2026-05-31,새방지하도1,1982,372,2354
2026-05-31,농산물도매시장앞,2141,207,2348
2026-05-31,노변중학교건너,1831,516,2347
2026-05-31,은하타운건너,898,1446,2344
2026-05-31,롯데캐슬그랜드,1116,1225,2341
2026-05-31,서한이다음4차건너,2194,145,2339
2026-05-31,동화골든빌건너(남편),1259,1076,2335
2026-05-31,월배차량기지앞,2087,246,2333
2026-05-31,도남힐스테이트2단지건너,2215,114,2329
2026-05-31,연암네거리3,127,2202,2329
2026-05-31,호반베르디움2차건너,2283,44,2327
2026-05-31,한국산업은행성서지점앞,2261,53,2314
2026-05-31,남도버스1,2183,119,2302
2026-05-31,영남네오빌비스타,750,1550,2300
2026-05-31,들안길네거리3,1068,1226,2294
2026-05-31,유림물산,1697,597,2294
2026-05-31,이월드(구.우방랜드)건너,1860,431,2291
2026-05-31,상동시장앞,1678,612,2290
2026-05-31,성광고등학교앞,524,1763,2287
2026-05-31,원불교앞,1178,1109,2287
2026-05-31,송정삼거리4,1540,743,2283
2026-05-31,화원신일해피트리앞,1439,838,2277
2026-05-31,대실역청아람1단지앞,2061,215,2276
2026-05-31,서재보성타운앞,1650,626,2276
2026-05-31,월배쌍용예가건너,2144,127,2271
2026-05-31,이마트반야월점앞,1774,491,2265
2026-05-31,진월초등학교건너,1581,682,2263
2026-05-31,매천고교,2088,169,2257
2026-05-31,동원비즈플랫폼앞,1906,345,2251
2026-05-31,새범어아파트건너,1722,529,2251
2026-05-31,혁신이노힐즈아파트앞,2146,105,2251
2026-05-31,금복주앞,1547,703,2250
2026-05-31,청라언덕(신남)역(2번출구),1492,758,2250
2026-05-31,나불지앞,1498,750,2248
2026-05-31,금계초등학교(교항리)건너,2216,26,2242
2026-05-31,두산스포츠건너,1928,314,2242
2026-05-31,월배농협대덕지점건너,1524,710,2234
2026-05-31,교항리앞,1040,1192,2232
2026-05-31,월배중학교건너,1196,1032,2228
2026-05-31,명곡미래빌3단지앞,2154,73,2227
2026-05-31,구암역(운전면허시험장)2,1555,661,2216
2026-05-31,효목1동행정복지센터,1324,892,2216
2026-05-31,대주기계앞,2126,75,2201
2026-05-31,서동초등학교건너,1858,336,2194
2026-05-31,신암보성아파트앞,894,1298,2192
2026-05-31,유신섬유네거리2,2008,176,2184
2026-05-31,산격4동행정복지센터건너,1907,273,2180
2026-05-31,대천119안전센터건너,2059,120,2179
2026-05-31,새방지하도2,1911,268,2179
2026-05-31,현풍할매곰탕,1845,333,2178
2026-05-31,불교한방병원앞1,1986,189,2175
2026-05-31,대구삼성창조캠퍼스2,782,1385,2167
2026-05-31,새동네아파트앞,667,1500,2167
2026-05-31,수성구선거관리위원회건너,1499,668,2167
2026-05-31,북대구초등학교건너,2052,112,2164
2026-05-31,서대구KTX영무예다음앞,804,1350,2154
2026-05-31,중소기업관앞,1967,187,2154
2026-05-31,장기초등학교,1687,464,2151
2026-05-31,평리네거리3,1275,873,2148
2026-05-31,무태조야동행정복지센터앞3,1526,613,2139
2026-05-31,미대동1,2025,114,2139
2026-05-31,신평동1,549,1588,2137
2026-05-31,월촌초등학교건너,1199,929,2128
2026-05-31,만촌우방1차앞,832,1292,2124
2026-05-31,한국산업은행성서지점건너,494,1628,2122
2026-05-31,봉덕2동새마을금고건너,1404,707,2111
2026-05-31,성서우방유쉘아파트앞,1394,713,2107
2026-05-31,신매역(3번출구),774,1332,2106
2026-05-31,역사테마공원,2089,14,2103
2026-05-31,현풍농협,1867,232,2099
2026-05-31,이편한세상두류역건너,1482,612,2094
2026-05-31,달구벌종합복지관앞,1805,286,2091
2026-05-31,미8군후문건너,1323,763,2086
2026-05-31,가창초등학교앞,2016,65,2081
2026-05-31,푸드웰건너,2056,16,2072
2026-05-31,심인고등학교건너,1815,254,2069
2026-05-31,경대교앞,408,1658,2066
2026-05-31,팔공보성아파트건너,1321,725,2046
2026-05-31,한국방송통신대학교건너,1544,498,2042
2026-05-31,화남초등학교건너,1423,618,2041
2026-05-31,범어2동2,1642,392,2034
2026-05-31,수성랜드앞,901,1131,2032
2026-05-31,대구IM뱅크PARK남편건너,1522,505,2027
2026-05-31,동원초등학교후문앞,898,1129,2027
2026-05-31,매천센트럴파크앞,1809,218,2027
2026-05-31,지산영남맨션앞,1295,720,2015
2026-05-31,월배중학교앞,985,1025,2010
2026-05-31,비산6동행정복지센터건너,574,1433,2007
2026-05-31,수목원호정포레스트아파트앞,572,1432,2004
2026-05-31,파군재삼거리2,353,1651,2004
2026-05-31,동원초등학교건너,1148,853,2001
2026-05-31,메트로시티앞,1586,410,1996
2026-05-31,건들바위앞,784,1211,1995
2026-05-31,유니온머티리얼,1761,234,1995
2026-05-31,국민연금네거리2,1644,349,1993
2026-05-31,대덕천주교회4,344,1645,1989
2026-05-31,불로화훼단지앞,460,1526,1986
2026-05-31,칠곡경북대병원,1570,414,1984
2026-05-31,동호동건너(북구),601,1382,1983
2026-05-31,대구연경아이파크아파트앞,1073,905,1978
2026-05-31,신암건영캐스빌아파트,1811,165,1976
2026-05-31,대봉1동행정복지센터건너,1637,338,1975
2026-05-31,성원아파트건너,1663,311,1974
2026-05-31,동화교2,1952,16,1968
2026-05-31,충혼탑앞,502,1464,1966
2026-05-31,LH14단지아파트,1621,344,1965
2026-05-31,노변중학교,1470,495,1965
2026-05-31,매천성당건너1,1611,349,1960
2026-05-31,구암초등학교건너,1489,470,1959
2026-05-31,베네딕도수녀원,779,1176,1955
2026-05-31,양지마을건너,1266,688,1954
2026-05-31,은행APT입구,667,1285,1952
2026-05-31,대구스마트고등학교4,1898,53,1951
2026-05-31,대구혁신에듀포레아파트후문앞,982,969,1951
2026-05-31,화동초등학교건너,1468,483,1951
2026-05-31,현풍고속도로밑,1847,92,1939
2026-05-31,무태조야동연경분소2,1500,435,1935
2026-05-31,태왕그린힐즈건너,815,1105,1920
2026-05-31,현대금속,924,987,1911
2026-05-31,대구IM뱅크PARK남편앞,1496,413,1909
2026-05-31,나불지건너,1656,250,1906
2026-05-31,명곡미래빌4단지,1822,81,1903
2026-05-31,이월드(구.우방랜드)앞,1462,440,1902
2026-05-31,미래아트빌앞,966,934,1900
2026-05-31,불로화훼단지건너,1422,473,1895
2026-05-31,사복동입구교차로,1583,309,1892
2026-05-31,대덕초등학교,1776,112,1888
2026-05-31,만촌화성파크스위트앞,1141,747,1888
2026-05-31,범어천로2,1069,815,1884
2026-05-31,달성보건너,1464,415,1879
2026-05-31,동원초등학교후문건너,1559,320,1879
2026-05-31,다사농협주유소건너,100,1778,1878
2026-05-31,명보약국건너,1539,337,1876
2026-05-31,성명119안전센터앞,1609,267,1876
2026-05-31,차천네거리2,1745,118,1863
2026-05-31,룸비니유치원앞,1316,546,1862
2026-05-31,북대구초등학교앞,825,1035,1860
2026-05-31,논공삼거리1,1774,82,1856
2026-05-31,한마음주유소앞,1499,356,1855
2026-05-31,남부도서관앞,490,1361,1851
2026-05-31,신성교,291,1560,1851
2026-05-31,와룡공원건너,796,1049,1845
2026-05-31,논공읍행정복지센터건너1,1517,327,1844
2026-05-31,경희강재앞,1690,151,1841
2026-05-31,동문고등학교앞,1378,456,1834
2026-05-31,매천성당건너2,1352,482,1834
2026-05-31,매천중고등학교건너,64,1768,1832
2026-05-31,정평성당건너,1546,283,1829
2026-05-31,수성구선거관리위원회앞,1551,277,1828
2026-05-31,그린빌4단지건너,1676,150,1826
2026-05-31,칠곡네스빌,1534,291,1825
2026-05-31,칠곡경북대병원정문앞,1272,551,1823
2026-05-31,e-편한세상월배건너,1706,115,1821
2026-05-31,백사벌네거리1,1784,34,1818
2026-05-31,관음농협앞,1623,194,1817
2026-05-31,동인네거리1,1299,518,1817
2026-05-31,현풍중고등학교건너,1540,274,1814
2026-05-31,달서시장앞,1269,535,1804
2026-05-31,호반베르디움2차앞,262,1539,1801
2026-05-31,월드컵삼거리,990,809,1799
2026-05-31,월성영남맨션앞,1228,570,1798
2026-05-31,경북크랑크,1671,126,1797
2026-05-31,두류3동파출소앞,1321,474,1795
2026-05-31,고성아파트앞,1348,445,1793
2026-05-31,칠곡서한맨션,1595,189,1784
2026-05-31,시지대성유니드건너,1547,234,1781
2026-05-31,송현2동행정복지센터건너,1374,406,1780
2026-05-31,대구선방촌공원,1648,127,1775
2026-05-31,대덕문화전당건너,1630,142,1772
2026-05-31,현풍백년도깨비시장앞,1452,312,1764
2026-05-31,대구농업마이스터고후문건너,765,998,1763
2026-05-31,대천공영차고지앞,1699,61,1760
2026-05-31,금사리하이빌APT건너,1567,192,1759
2026-05-31,대구물류터미널앞,1511,248,1759
2026-05-31,공산동행정복지센터건너,918,840,1758
2026-05-31,남부초등학교건너,1676,80,1756
2026-05-31,남부자동차종합시장앞,1310,439,1749
2026-05-31,동대구역수화물취급소건너,1419,329,1748
2026-05-31,화성쌍용타운앞2,289,1456,1745
2026-05-31,이현지구대앞,991,752,1743
2026-05-31,수성4가동행정복지센터앞,1018,721,1739
2026-05-31,한마음주유소건너,1281,453,1734
2026-05-31,비산웰빙하와이앞,1514,216,1730
2026-05-31,연경동화아이위시앞,168,1550,1718
2026-05-31,장관빌라건너,1627,88,1715
2026-05-31,대구스타디움앞,937,776,1713
2026-05-31,만촌태왕리더스북편,1031,682,1713
2026-05-31,농협방촌지점,1429,283,1712
2026-05-31,은하타운앞,686,1021,1707
2026-05-31,구암가구골목2,1174,532,1706
2026-05-31,남명삼거리2,1128,577,1705
2026-05-31,대구삼성창조캠퍼스1,1281,422,1703
2026-05-31,만촌태왕리더스건너,1294,400,1694
2026-05-31,무태조야동연경분소1,1477,217,1694
2026-05-31,정부대구지방합동청사후문2,1675,18,1693
2026-05-31,옥포농협강림지점건너,864,826,1690
2026-05-31,포산중학교건너,1659,31,1690
2026-05-31,달서자동차검사소건너,218,1463,1681
2026-05-31,매곡초등학교앞,1356,325,1681
2026-05-31,월배이안아파트건너,1580,100,1680
2026-05-31,매곡사거리1,295,1384,1679
2026-05-31,국가산단반도유보라1차,508,1170,1678
2026-05-31,성곡중학교앞,1422,242,1664
2026-05-31,삼산리(삼산교회건너),1649,8,1657
2026-05-31,지묘초등학교건너,1287,369,1656
2026-05-31,성곡중학교건너,757,898,1655
2026-05-31,차량등록사업소건너2,320,1335,1655
2026-05-31,한국산업인력공단건너,1578,76,1654
2026-05-31,달성경찰서,1312,341,1653
2026-05-31,동대구LPG충전소건너,1265,381,1646
2026-05-31,봉산가구골목(서편),884,759,1643
2026-05-31,남구청건너1,1564,78,1642
2026-05-31,칠곡경대병원역,1143,499,1642
2026-05-31,복현현대맨션건너,1436,205,1641
2026-05-31,지산화성파크드림,1182,459,1641
2026-05-31,냉천전원음식점지구,1520,119,1639
2026-05-31,도시철도대구역건너,1344,292,1636
2026-05-31,대곡주공5단지건너,1515,120,1635
2026-05-31,대구스타디움건너,1065,570,1635
2026-05-31,성명119안전센터건너2,1250,385,1635
2026-05-31,평리5동행정복지센터앞,1346,289,1635
2026-05-31,차량등록사업소건너1,1139,494,1633
2026-05-31,동대구역센트럴시티자이아파트,1387,245,1632
2026-05-31,동호공영차고지앞,1348,280,1628
2026-05-31,법원어린이집,475,1145,1620
2026-05-31,상서고등학교앞,1245,370,1615
2026-05-31,월배이안아파트앞,549,1063,1612
2026-05-31,중동행정복지센터건너,1229,382,1611
2026-05-31,희망교2,1195,415,1610
2026-05-31,범어천로1,1141,468,1609
2026-05-31,대구시지노인전문병원앞,740,864,1604
2026-05-31,LH천년나무2단지앞,1474,128,1602
2026-05-31,봉촌1리1,1584,18,1602
2026-05-31,중리삼거리2,1593,8,1601
2026-05-31,중대1동회관앞,1594,6,1600
2026-05-31,지산중학교입구,1077,521,1598
2026-05-31,매곡초등학교건너,1051,543,1594
2026-05-31,상리동입구2,1549,42,1591
2026-05-31,담티고개1,487,1103,1590
2026-05-31,제일풍경채센트럴앞,1569,21,1590
2026-05-31,와룡공원앞,1025,558,1583
2026-05-31,덕인초등학교앞,1110,465,1575
2026-05-31,태전중석타운,1334,238,1572
2026-05-31,군위등기소,1473,95,1568
2026-05-31,삼호아파트건너,971,596,1567
2026-05-31,국가산단반도유보라3차앞,807,745,1552
2026-05-31,장태실마을건너,1139,413,1552
2026-05-31,담티고개2,735,812,1547
2026-05-31,송현공원앞,528,1019,1547
2026-05-31,중리마을,1538,5,1543
2026-05-31,대구중앙중학교앞,443,1097,1540
2026-05-31,칠곡경북대병원정문건너,1197,341,1538
2026-05-31,대덕천주교회1,1096,431,1527
2026-05-31,동아제약건너,1449,70,1519
2026-05-31,위생처리장2,290,1224,1514
2026-05-31,미8군후문앞,1021,492,1513
2026-05-31,성당초교앞,879,633,1512
2026-05-31,군위군 행정복지센터,1489,22,1511
2026-05-31,상리공단건너,1369,142,1511
2026-05-31,도남힐스테이트4단지앞,573,934,1507
2026-05-31,금포초등학교건너,1128,373,1501
2026-05-31,강창교2(다사방향),429,1070,1499
2026-05-31,달성습지·대명유수지앞,300,1199,1499
2026-05-31,한라하우젠트,514,985,1499
2026-05-31,경희강재건너,509,983,1492
2026-05-31,인산마을건너,1481,8,1489
2026-05-31,매천수산시장앞,1371,115,1486
2026-05-31,칠곡대백맨션앞,427,1058,1485
2026-05-31,혁신이노힐즈아파트건너,323,1162,1485
2026-05-31,검단동행정복지센터건너,1444,40,1484
2026-05-31,화성전문요양원앞,1012,469,1481
2026-05-31,대동금속건너,1433,47,1480
2026-05-31,다사읍행정복지센터서재출장소건너,1417,57,1474
2026-05-31,용계삼거리4,920,551,1471
2026-05-31,관음변전소2,458,1012,1470
2026-05-31,대구신문사,210,1260,1470
2026-05-31,서한이다음2차건너,311,1157,1468
2026-05-31,안지랑골입구,608,858,1466
2026-05-31,율하체육공원앞,976,486,1462
2026-05-31,무태교,19,1441,1460
2026-05-31,서대구역네거리2,1117,338,1455
2026-05-31,더샵수성라크에르아파트앞,1184,268,1452
2026-05-31,성보교통건너,1085,366,1451
2026-05-31,칠곡서한맨션앞,248,1200,1448
2026-05-31,청남타운앞,349,1096,1445
2026-05-31,그린빌4단지앞,927,508,1435
2026-05-31,복현현대맨션앞,1202,233,1435
2026-05-31,시지보성타운2차앞,1128,303,1431
2026-05-31,남산고등학교건너,1285,141,1426
2026-05-31,달성습지·대명유수지건너,556,868,1424
2026-05-31,신덕마을입구앞,1330,94,1424
2026-05-31,경서중학교앞,397,1025,1422
2026-05-31,매천시장역1,1090,331,1421
2026-05-31,대곡중학교앞,1386,31,1417
2026-05-31,남구청앞,487,928,1415
2026-05-31,약사회관앞,1183,230,1413
2026-05-31,예미지건너,1213,200,1413
2026-05-31,대명중학교앞,1288,117,1405
2026-05-31,한국제지건너,1078,327,1405
2026-05-31,소선여중앞,177,1223,1400
2026-05-31,농산물도매시장건너,1137,261,1398
2026-05-31,무열대앞,774,623,1397
2026-05-31,신매태성아파트,120,1276,1396
2026-05-31,전기재료관1,714,681,1395
2026-05-31,무림제지건너,946,448,1394
2026-05-31,논공삼거리2,805,578,1383
2026-05-31,신서롯데캐슬레전드서편건너,41,1339,1380
2026-05-31,경원고등학교앞,1203,175,1378
2026-05-31,무태조야동행정복지센터건너3,1163,211,1374
2026-05-31,봉명네거리3,1015,353,1368
2026-05-31,봉무공원건너,929,438,1367
2026-05-31,신서롯데캐슬레전드서편앞,1088,273,1361
2026-05-31,도동청구타운앞,1207,148,1355
2026-05-31,동촌역(2번출구),968,382,1350
2026-05-31,대구동촌유치원,1084,264,1348
2026-05-31,안심도서관1(서편),1140,206,1346
2026-05-31,상수도중남부사업소앞,782,563,1345
2026-05-31,신평동2,1106,238,1344
2026-05-31,풍국주정공업,1126,217,1343
2026-05-31,노변청구타운앞,970,372,1342
2026-05-31,명곡지구앞,810,532,1342
2026-05-31,씨아이에스,53,1289,1342
2026-05-31,노변청구타운건너,942,398,1340
2026-05-31,청운맨션앞,587,752,1339
2026-05-31,관음공영주차장앞,1190,146,1336
2026-05-31,우록리(종점),1245,89,1334
2026-05-31,화성파크드림이스트밸리아파트,1025,309,1334
2026-05-31,비산초등학교정문,522,807,1329
2026-05-31,경북대학교체육센터건너2,833,495,1328
2026-05-31,달성군청앞,1075,251,1326
2026-05-31,대곡공원앞,1184,137,1321
2026-05-31,선녀곡앞(옥포),50,1270,1320
2026-05-31,냉천리1,1249,63,1312
2026-05-31,경대교건너,1111,197,1308
2026-05-31,송정2교,112,1195,1307
2026-05-31,교동초등학교앞,1011,295,1306
2026-05-31,달성군청건너,1251,55,1306
2026-05-31,청구시장건너2,555,750,1305
2026-05-31,경창산업,962,342,1304
2026-05-31,논공읍행정복지센터앞,1157,146,1303
2026-05-31,대구국제고등학교앞,1233,68,1301
2026-05-31,중동서울아파트앞,1228,68,1296
2026-05-31,무태조야동연경분소3,1235,59,1294
2026-05-31,중동행정복지센터앞,1042,247,1289
2026-05-31,진밭골(종점)2,1110,173,1283
2026-05-31,남부초등학교앞,795,487,1282
2026-05-31,무림제지앞1,938,344,1282
2026-05-31,앞산자락카페마실앞,792,490,1282
2026-05-31,앞산빨래터공원,1179,102,1281
2026-05-31,팔공초중학교건너,785,495,1280
2026-05-31,한국방송통신대학교앞,385,893,1278
2026-05-31,구지면행정복지센터앞,336,933,1269
2026-05-31,조암네거리1,1045,219,1264
2026-05-31,칠곡3차화성타운3,645,617,1262
2026-05-31,삼리리1(논공),1226,35,1261
2026-05-31,대구반도체마이스터고등학교 남편,476,782,1258
2026-05-31,관음어린이집,1057,200,1257
2026-05-31,보성기계건너,1198,56,1254
2026-05-31,칠곡경북대병원후문앞,1228,23,1251
2026-05-31,포산고등학교1,1040,210,1250
2026-05-31,태왕그린힐즈앞1,275,972,1247
2026-05-31,청구중동아파트,432,814,1246
2026-05-31,이곡역(3번출구),421,824,1245
2026-05-31,태전휴먼시아,1064,179,1243
2026-05-31,옥포농협앞,1085,155,1240
2026-05-31,도남힐스테이트1단지건너,1135,103,1238
2026-05-31,침산초등학교앞,289,948,1237
2026-05-31,대구보건대학교5,834,401,1235
2026-05-31,육상진흥센터앞,875,360,1235
2026-05-31,비슬초등학교건너,1166,64,1230
2026-05-31,희망교1,1096,134,1230
2026-05-31,수성못오거리5,711,518,1229
2026-05-31,대구지방법원서부지원,797,430,1227
2026-05-31,성요셉요양병원앞,916,311,1227
2026-05-31,대구역꽃시장,273,951,1224
2026-05-31,성서2차서한타운2,378,844,1222
2026-05-31,북부상수도사업소,134,1086,1220
2026-05-31,수성소방서1,567,649,1216
2026-05-31,대구혁신에듀포레아파트앞,1020,191,1211
2026-05-31,한실공원앞,1117,94,1211
2026-05-31,강동초교건너,1180,22,1202
2026-05-31,두리봉터널입구건너,1103,94,1197
2026-05-31,동구시장건너,94,1102,1196
2026-05-31,화성그랜드건너,537,655,1192
2026-05-31,세흥에스피,635,553,1188
2026-05-31,KT북대구지사건너,811,372,1183
2026-05-31,칠곡우방타운건너(종점),958,225,1183
2026-05-31,수성요양병원,965,215,1180
2026-05-31,송정삼거리2,176,1002,1178
2026-05-31,장산초등학교앞,951,225,1176
2026-05-31,달성군민체육관건너,824,347,1171
2026-05-31,현풍삼거리,1039,129,1168
2026-05-31,삼보,712,450,1162
2026-05-31,우방송현하이츠,932,230,1162
2026-05-31,예미지앞,1029,131,1160
2026-05-31,이노밸리로2,741,419,1160
2026-05-31,효령문화센터,1141,16,1157
2026-05-31,연화리,1092,64,1156
2026-05-31,대구세명학교건너,735,420,1155
2026-05-31,유곡공원건너,1146,4,1150
2026-05-31,불교한방병원건너1,492,654,1146
2026-05-31,럭키아파트앞,1078,66,1144
2026-05-31,동서변월드메르디앙아파트정문,304,839,1143
2026-05-31,본리2,872,271,1143
2026-05-31,고래들공원건너,1070,65,1135
2026-05-31,관음동행정복지센터앞,984,151,1135
2026-05-31,앞산별자리체험학습장2,121,1014,1135
2026-05-31,화성그랜드앞,825,309,1134
2026-05-31,에코테마파크대구숲남문앞,39,1090,1129
2026-05-31,에코테마파크대구숲앞,654,474,1128
2026-05-31,금사리하이빌APT앞,711,416,1127
2026-05-31,공산댐건너,1020,106,1126
2026-05-31,대천119안전센터앞,822,304,1126
2026-05-31,수성동삼익맨션앞,1058,68,1126
2026-05-31,매천수산시장건너,931,192,1123
2026-05-31,대구제1.2예비군훈련장건너,820,296,1116
2026-05-31,경원고등학교건너,873,242,1115
2026-05-31,청남타운건너,852,263,1115
2026-05-31,달구벌신협건너,961,152,1113
2026-05-31,기업은행국가산단지점건너,1074,33,1107
2026-05-31,국가산단서한이다음건너,207,899,1106
2026-05-31,죽곡푸르지오2단지2,934,171,1105
2026-05-31,만촌그린빌라건너,1021,83,1104
2026-05-31,월배힐스테이트앞,489,615,1104
2026-05-31,칠곡청구타운건너,425,679,1104
2026-05-31,e편한세상대구금호앞,329,772,1101
2026-05-31,명천로1,624,476,1100
2026-05-31,차천네거리1,844,256,1100
2026-05-31,남산고등학교앞,840,258,1098
2026-05-31,노원동화타운건너,551,543,1094
2026-05-31,골안골지하보도앞,113,980,1093
2026-05-31,솔정고개1,541,551,1092
2026-05-31,이마트반야월점건너,704,387,1091
2026-05-31,월배국민체육센터건너,333,754,1087
2026-05-31,한국타이어,133,952,1085
2026-05-31,안심도서관2(서편),463,620,1083
2026-05-31,포산서사거리1,1045,38,1083
2026-05-31,홍천사건너,1054,28,1082
2026-05-31,대구북부소방서건너,753,327,1080
2026-05-31,산격119안전센터(엑스코),194,886,1080
2026-05-31,대구택시협동조합앞,776,303,1079
2026-05-31,성보교통앞,1007,70,1077
2026-05-31,한실공원건너,939,135,1074
2026-05-31,우방신세계타운앞,850,221,1071
2026-05-31,서문시장5지구앞,890,179,1069
2026-05-31,월곡네거리,202,866,1068
2026-05-31,범물2동행정복지센터앞,124,943,1067
2026-05-31,대곡주공5단지앞,251,812,1063
2026-05-31,성서한샘타운앞,876,178,1054
2026-05-31,중마을(갓바위방향),794,260,1054
2026-05-31,북대구농협검단지점앞,27,1023,1050
2026-05-31,부영7단지건너,869,180,1049
2026-05-31,매호성당건너,900,148,1048
2026-05-31,운암지공원2,850,197,1047
2026-05-31,성주사앞,597,446,1043
2026-05-31,침산초등학교후문,946,97,1043
2026-05-31,매천화성파크드림,862,179,1041
2026-05-31,유신섬유네거리1,842,194,1036
2026-05-31,신서그린빌아파트,854,181,1035
2026-05-31,매호동서아파트앞,866,164,1030
2026-05-31,포산고등학교2,780,250,1030
2026-05-31,이곡역(2번출구),1005,22,1027
2026-05-31,학남초등학교앞,773,254,1027
2026-05-31,도학동,1013,13,1026
2026-05-31,대구경북지방중소벤처기업청앞,903,115,1018
2026-05-31,우보버스정류장,920,95,1015
2026-05-31,지묘초등학교앞,819,195,1014
2026-05-31,관음동행정복지센터건너,881,132,1013
2026-05-31,학산아파트건너,833,179,1012
2026-05-31,수성랜드건너,693,315,1008
2026-05-31,국민건강보험공단달성고령지사건너,879,127,1006
2026-05-31,달성삼환나우빌앞,884,121,1005
2026-05-31,사복동입구교차로건너,27,976,1003
2026-05-31,북구 동호동(종점)2(서리지입구),892,109,1001
2026-05-31,백안교2,927,73,1000
2026-05-31,월촌역(4번출구),797,203,1000
2026-05-31,관음중학교(북편),768,231,999
2026-05-31,대진중고등학교앞,872,127,999
2026-05-31,동화교1,183,816,999
2026-05-31,성요셉요양병원건너,868,131,999
2026-05-31,스파밸리1,208,787,995
2026-05-31,첨단의료산업진흥재단건너,858,136,994
2026-05-31,월배차량기지건너,287,705,992
2026-05-31,대곡고등학교앞,527,464,991
2026-05-31,평리광명네거리,153,838,991
2026-05-31,교대부설초등학교앞,119,869,988
2026-05-31,덕곡삼거리2,985,2,987
2026-05-31,매호성당앞,869,115,984
2026-05-31,관음변전소3,953,30,983
2026-05-31,도시철도대구역,338,641,979
2026-05-31,창평1리,954,24,978
2026-05-31,한국가스공사건너,743,226,969
2026-05-31,남산2동행정복지센터앞,765,200,965
2026-05-31,대천초등학교앞,828,135,963
2026-05-31,두류파출소건너,705,258,963
2026-05-31,진정마을1,946,11,957
2026-05-31,농협동촌지점,667,286,953
2026-05-31,대1리용흥지건너,900,50,950
2026-05-31,원대오거리북편2,563,387,950
2026-05-31,비산6동행정복지센터앞,773,176,949
2026-05-31,상리동종점2,939,10,949
2026-05-31,영조아파트앞,937,12,949
2026-05-31,현풍주공아파트앞,672,277,949
2026-05-31,신천초등학교건너,468,476,944
2026-05-31,칠성시장(농협앞),754,189,943
2026-05-31,대덕마을앞,343,591,934
2026-05-31,태전두성3차앞,902,28,930
2026-05-31,육상진흥센터건너,591,338,929
2026-05-31,대구텍건너,598,329,927
2026-05-31,성서푸른마을아파트앞,649,275,924
2026-05-31,용계동2,654,270,924
2026-05-31,삼성한국형아파트건너,901,21,922
2026-05-31,코스모스한양아파트앞,588,334,922
2026-05-31,서대구공단네거리1,759,158,917
2026-05-31,관문동행정복지센터 금호분소앞,358,557,915
2026-05-31,신매역(6번출구),746,169,915
2026-05-31,동호초등학교건너,848,66,914
2026-05-31,이노밸리로1,623,285,908
2026-05-31,칠성고가도로하단,767,135,902
2026-05-31,위천삼거리(현풍방향),703,198,901
2026-05-31,대구물류터미널건너,417,481,898
2026-05-31,대주기계 건너,424,474,898
2026-05-31,방촌빌라,231,667,898
2026-05-31,중소기업관건너,43,854,897
2026-05-31,제일규산,760,135,895
2026-05-31,대곡청구아파트앞,541,352,893
2026-05-31,미곡동1,280,612,892
2026-05-31,전기재료관2,147,745,892
2026-05-31,만평네거리2,109,780,889
2026-05-31,황금시장건너,533,354,887
2026-05-31,대구스마트고등학교3,457,426,883
2026-05-31,옥포중앙교회건너,876,6,882
2026-05-31,안심역코오롱하늘채앞,114,758,872
2026-05-31,성산초등학교앞,596,275,871
2026-05-31,대구제1.2예비군훈련장앞,561,307,868
2026-05-31,첨단의료산업진흥재단앞,241,626,867
2026-05-31,대진중고등학교건너,601,265,866
2026-05-31,화동초등학교앞,654,212,866
2026-05-31,침산동화타운앞,399,466,865
2026-05-31,송현공원건너,303,560,863
2026-05-31,첨단임상시험센터앞,245,618,863
2026-05-31,남구청네거리2,688,172,860
2026-05-31,다사읍행정복지센터앞,252,607,859
2026-05-31,달성군선거관리위원회앞,68,791,859
2026-05-31,대구택시협동조합건너,496,363,859
2026-05-31,황금고가교네거리,819,35,854
2026-05-31,도남힐스테이트2단지앞,493,360,853
2026-05-31,명보약국앞,251,601,852
2026-05-31,한국가스공사앞,471,380,851
2026-05-31,앞산공원관리사무소앞,15,835,850
2026-05-31,한국도로공사건너,191,659,850
2026-05-31,대1리용흥지앞,129,720,849
2026-05-31,성서초등학교앞,14,832,846
2026-05-31,현충삼거리1,53,792,845
2026-05-31,성산리2,763,81,844
2026-05-31,비원지구대건너,638,205,843
2026-05-31,평안,577,265,842
2026-05-31,도평동입구1,613,227,840
2026-05-31,두류파출소앞,481,355,836
2026-05-31,청운맨션건너,441,395,836
2026-05-31,봉명네거리1,512,323,835
2026-05-31,칠곡한라타운앞,72,761,833
2026-05-31,한국부동산원앞,497,330,827
2026-05-31,K2관사입구(종점),711,115,826
2026-05-31,달성초등학교건너,487,337,824
2026-05-31,태전삼성아파트,634,190,824
2026-05-31,신서성당앞,20,800,820
2026-05-31,동촌해성아파트건너,279,540,819
2026-05-31,상인화성파크드림건너,531,286,817
2026-05-31,구지축구장앞,803,13,816
2026-05-31,평화씨엠비건너,731,85,816
2026-05-31,상동마을(둔산길),793,21,814
2026-05-31,현풍백년도깨비시장건너,565,247,812
2026-05-31,LH천년나무2단지건너,528,282,810
2026-05-31,심인고등학교앞,445,361,806
2026-05-31,가창119안전센터,721,84,805
2026-05-31,만촌삼정그린코아건너,795,10,805
2026-05-31,대구상원초등학교앞,596,208,804
2026-05-31,검단동행정복지센터앞,5,798,803
2026-05-31,동곡초등학교건너,793,9,802
2026-05-31,파계교,465,334,799
2026-05-31,칠곡경북대병원건너(50사단),340,450,790
2026-05-31,태성맨션건너,179,605,784
2026-05-31,화성쌍용타운건너,709,74,783
2026-05-31,태전교회앞,575,199,774
2026-05-31,군위군청,740,33,773
2026-05-31,새동네아파트건너,594,179,773
2026-05-31,매천시장역2,622,149,771
2026-05-31,태전육교2,459,312,771
2026-05-31,도남8,28,738,766
2026-05-31,약사회관건너,409,357,766
2026-05-31,칠곡IC 1,141,624,765
2026-05-31,달서아트센터앞,573,190,763
2026-05-31,공작한양아파트앞,721,39,760
2026-05-31,대흥동앞,358,400,758
2026-05-31,달성초등학교앞,628,129,757
2026-05-31,의흥면 행정복지센터,744,12,756
2026-05-31,도남힐스테이트1단지앞,444,311,755
2026-05-31,다사읍행정복지센터서재출장소앞,428,326,754
2026-05-31,대림생수,727,27,754
2026-05-31,신천초등학교앞,372,382,754
2026-05-31,경북농업기술원건너,465,286,751
2026-05-31,대구하이텍고교건너,396,353,749
2026-05-31,새론중학교남편1,569,180,749
2026-05-31,대덕초등학교건너,201,547,748
2026-05-31,서재들,379,366,745
2026-05-31,내동,706,37,743
2026-05-31,경북농업기술원입구,658,80,738
2026-05-31,장관빌라앞,281,457,738
2026-05-31,구암동1,691,46,737
2026-05-31,대곡파출소1,144,592,736
2026-05-31,부영7단지앞,635,101,736
2026-05-31,호산초등학교앞,170,566,736
2026-05-31,내일교회앞,687,48,735
2026-05-31,연경체육공원건너,254,481,735
2026-05-31,앞산궁도장건너,319,415,734
2026-05-31,1차서한화성타운앞,567,166,733
2026-05-31,삼리2교차로 1,557,176,733
2026-05-31,두리봉터널종점,205,527,732
2026-05-31,이곡마을2,690,40,730
2026-05-31,봉덕2동새마을금고앞,380,345,725
2026-05-31,삼성한국형아파트앞,98,625,723
2026-05-31,교동초등학교건너,598,124,722
2026-05-31,태평상가앞2,137,582,719
2026-05-31,한국로봇산업진흥원후문앞,481,235,716
2026-05-31,대구역서희스타힐스앞,234,479,713
2026-05-31,위천1리건너,543,170,713
2026-05-31,대곡파출소2,503,208,711
2026-05-31,동화시설집단지구(종점)1,662,49,711
2026-05-31,도동교1,692,16,708
2026-05-31,삼리1리2,657,51,708
2026-05-31,군위공용버스터미널,656,50,706
2026-05-31,신생원건너,25,681,706
2026-05-31,대신동광명맨션앞,511,194,705
2026-05-31,송해공원건너,691,13,704
2026-05-31,수정맨션앞,510,190,700
2026-05-31,선돌교2,561,138,699
2026-05-31,유통단지회차지2,645,54,699
2026-05-31,삼산리(세왕교통2),629,69,698
2026-05-31,장산초등학교건너,590,107,697
2026-05-31,포산중학교앞,309,387,696
2026-05-31,월배쌍용예가앞,381,314,695
2026-05-31,송정삼거리1,490,204,694
2026-05-31,조야초등학교건너,659,35,694
2026-05-31,동천역2,548,143,691
2026-05-31,대흥동건너,374,316,690
2026-05-31,도남LH2단지아파트건너,623,65,688
2026-05-31,달서구새마을회앞,19,666,685
2026-05-31,대구선방촌공원남편,116,568,684
2026-05-31,부동,646,36,682
2026-05-31,서대구역네거리1,352,330,682
2026-05-31,창리교차로1,625,56,681
2026-05-31,월촌고가교2,601,79,680
2026-05-31,봉덕시장건너2,408,270,678
2026-05-31,금포교,524,153,677
2026-05-31,바른병원건너,386,289,675
2026-05-31,방천리1,26,649,675
2026-05-31,태전우방타운3차아파트,565,110,675
2026-05-31,화원유원지건너,635,40,675
2026-05-31,금포새터길1,651,22,673
2026-05-31,용금공단앞,668,3,671
2026-05-31,어린이세상건너2,104,566,670
2026-05-31,장태실마을앞,394,275,669
2026-05-31,이시아폴리스롯데아울렛건너,290,376,666
2026-05-31,삼환맨션,447,217,664
2026-05-31,도남7,604,59,663
2026-05-31,한국교육학술정보원앞,80,580,660
2026-05-31,한세모빌리티앞,372,286,658
2026-05-31,상동천주교회건너,191,466,657
2026-05-31,팔달초등학교,547,110,657
2026-05-31,원대동행정복지센터건너,489,166,655
2026-05-31,상원리(마을회관)1,654,0,654
2026-05-31,포산고사거리,435,217,652
2026-05-31,상동교1,331,319,650
2026-05-31,동아제약,316,332,648
2026-05-31,대서초등학교앞,420,221,641
2026-05-31,삼덕동1,9,631,640
2026-05-31,수성구리틀야구장앞,470,166,636
2026-05-31,조암네거리2,301,334,635
2026-05-31,서당마을건너,560,74,634
2026-05-31,만촌자이르네앞,548,85,633
2026-05-31,대성유니드건너,411,218,629
2026-05-31,두리봉터널입구,491,138,629
2026-05-31,아바코앞,540,89,629
2026-05-31,평화씨엠비앞,241,388,629
2026-05-31,상인역모아엘가파크뷰아파트앞,135,492,627
2026-05-31,대구지방기상청,445,181,626
2026-05-31,대구교도소건너,620,5,625
2026-05-31,문주마을건너,536,88,624
2026-05-31,운암지공원1,395,229,624
2026-05-31,혁신2근린공원,537,86,623
2026-05-31,국가물산업클러스터앞,550,72,622
2026-05-31,효령면 행정복지센터,429,191,620
2026-05-31,단산리(종점),588,31,619
2026-05-31,매일신문사건너,308,309,617
2026-05-31,성동건너,348,268,616
2026-05-31,군위버스터미널건너,53,562,615
2026-05-31,동대구LPG충전소앞,387,226,613
2026-05-31,현풍주공아파트,332,280,612
2026-05-31,용산역(6번출구),83,528,611
2026-05-31,대구혁신LH4단지아파트,538,72,610
2026-05-31,능성동입구건너,597,9,606
2026-05-31,삼성공원아파트앞,401,205,606
2026-05-31,본리1리동회관건너,396,209,605
2026-05-31,대구한의대병원역,458,140,598
2026-05-31,삼산리(세왕교통1),593,2,595
2026-05-31,용산역(1번출구),245,350,595
2026-05-31,금포1교1,547,47,594
2026-05-31,한국생산기술연구원앞,530,63,593
2026-05-31,명천로2,140,451,591
2026-05-31,공산초등학교건너,395,192,587
2026-05-31,현풍운전시험장,510,75,585
2026-05-31,국립대구과학관정문건너,558,25,583
2026-05-31,우방아파트삼거리,321,262,583
2026-05-31,금계초등학교(교항리),490,91,581
2026-05-31,위생처리장1,405,175,580
2026-05-31,달서별빛캠핑장건너,393,184,577
2026-05-31,대동금속앞,320,256,576
2026-05-31,현풍할매곰탕건너,242,334,576
2026-05-31,삼덕동2,480,95,575
2026-05-31,에코테마파크대구숲남문건너,421,154,575
2026-05-31,삼리리2(논공),337,234,571
2026-05-31,노곡교(하중도)2,567,3,570
2026-05-31,국가물산업클러스터건너,17,552,569
2026-05-31,달서교하부 공영주차장,255,313,568
2026-05-31,비원지구대앞,263,305,568
2026-05-31,신당리,535,33,568
2026-05-31,국우초등학교앞,164,400,564
2026-05-31,율하천5교1,556,8,564
2026-05-31,칠곡초등학교건너,89,474,563
2026-05-31,노원네거리(대구은행건너),293,267,560
2026-05-31,한국산업인력공단앞,46,514,560
2026-05-31,㈜윔스건너,69,490,559
2026-05-31,국립대구과학관앞,436,119,555
2026-05-31,노원네거리4(기업은행),60,495,555
2026-05-31,생각을담는정원건너,211,344,555
2026-05-31,경주최씨종가(종점),510,44,554
2026-05-31,대실역(3번출구남쪽),103,450,553
2026-05-31,대율1리,540,13,553
2026-05-31,창리교차로2,336,215,551
2026-05-31,태전두성타운앞,140,407,547
2026-05-31,노곡교(하중도)1,186,360,546
2026-05-31,옥포주유소앞,341,205,546
2026-05-31,유곡사거리1,539,5,544
2026-05-31,만촌천주교회앞,260,283,543
2026-05-31,새론중학교남편2,477,66,543
2026-05-31,만촌삼정그린코아앞2,478,62,540
2026-05-31,성주사건너,295,245,540
2026-05-31,신서화성파크드림아파트,302,234,536
2026-05-31,대구경북지방중소벤처기업청건너,369,165,534
2026-05-31,매천대교1,270,261,531
2026-05-31,의흥면 행정복지센터,504,27,531
2026-05-31,중소기업지원센터,391,138,529
2026-05-31,협성휴포레강북앞,420,108,528
2026-05-31,신성중공업앞,520,7,527
2026-05-31,옥포무지개마을앞,300,224,524
2026-05-31,삼우섬유앞,470,53,523
2026-05-31,평화정공앞,331,192,523
2026-05-31,범물우방미진하이츠앞,30,492,522
2026-05-31,한양산호아파트건너,213,309,522
2026-05-31,앞산공원관리사무소건너,464,57,521
2026-05-31,관문동행정복지센터 금호분소 건너,390,128,518
2026-05-31,칠성우방타운,55,463,518
2026-05-31,성동마을앞,486,31,517
2026-05-31,이곡마을건너,141,375,516
2026-05-31,금호119안전센터건너,496,19,515
2026-05-31,달성군민체육관앞,458,55,513
2026-05-31,중동서울아파트건너,272,240,512
2026-05-31,이곡마을,387,124,511
2026-05-31,칠성시장(양친회신협)건너,115,396,511
2026-05-31,동호동앞(북구),121,388,509
2026-05-31,상인화성파크드림앞,221,286,507
2026-05-31,매여동(동구)저탄장,491,14,505
2026-05-31,앞산태왕아너스건너,42,463,505
2026-05-31,대명중학교건너,71,432,503
2026-05-31,가창중학교앞,81,420,501
2026-05-31,국민건강보험공단달성고령지사앞,144,357,501
2026-05-31,조양회관건너,346,155,501
2026-05-31,한양수정아파트,339,162,501
2026-05-31,대구국제고등학교건너,385,113,498
2026-05-31,동천역1,393,105,498
2026-05-31,율금초등학교앞,25,472,497
2026-05-31,e-편한세상월배앞,205,291,496
2026-05-31,달성기와건너,239,255,494
2026-05-31,한국제지앞,116,377,493
2026-05-31,동화골든빌(북편),325,166,491
2026-05-31,방촌1동,490,1,491
2026-05-31,조양회관,177,312,489
2026-05-31,덕곡(달구벌고교),482,6,488
2026-05-31,관음변전소4,391,96,487
2026-05-31,대동정공,426,60,486
2026-05-31,선녀곡건너(옥포),399,86,485
2026-05-31,민들레아파트후문건너,5,478,483
2026-05-31,측백나무숲건너,480,1,481
2026-05-31,금호지구종점(시내방향),479,1,480
2026-05-31,백안삼거리1,194,285,479
2026-05-31,병수리,455,24,479
2026-05-31,평광종점,418,58,476
2026-05-31,남문아파트앞,350,123,473
2026-05-31,유곡사거리3,472,0,472
2026-05-31,대림육교2,184,285,469
2026-05-31,정부대구지방합동청사후문1,25,443,468
2026-05-31,도시관리본부앞,226,241,467
2026-05-31,대림생수앞,27,438,465
2026-05-31,우방송현하이츠건너,384,77,461
2026-05-31,평화정공건너,143,317,460
2026-05-31,남산2동행정복지센터건너,286,172,458
2026-05-31,미대동2,229,229,458
2026-05-31,칠성시장(농협건너),126,331,457
2026-05-31,선돌교1,327,129,456
2026-05-31,도학교2,443,11,454
2026-05-31,창2리마을1,404,49,453
2026-05-31,하빈면행정복지센터건너,450,3,453
2026-05-31,칠곡경대병원역건너,247,203,450
2026-05-31,협성휴포레강북건너,265,185,450
2026-05-31,(주)영화앞,447,2,449
2026-05-31,대실역(2번출구남쪽),327,121,448
2026-05-31,옥분리마을회관앞,445,3,448
2026-05-31,월촌고가교1,134,313,447
2026-05-31,농협중앙회중동지점앞,79,366,445
2026-05-31,대천초등학교건너,293,152,445
2026-05-31,서한이다음4차앞,136,309,445
2026-05-31,만촌체육공원,296,147,443
2026-05-31,성바울로성당앞,194,244,438
2026-05-31,옥산정미소,424,11,435
2026-05-31,창평1리,313,121,434
2026-05-31,푸드웰앞,45,387,432
2026-05-31,화전동2,421,11,432
2026-05-31,럭키아파트건너,173,257,430
2026-05-31,성서공단물류센터,364,66,430
2026-05-31,화원유원지입구,122,306,428
2026-05-31,공단하수처리장건너,56,371,427
2026-05-31,태전두성3차건너,143,284,427
2026-05-31,새각단건너,211,215,426
2026-05-31,동양맨션앞,90,335,425
2026-05-31,청소년수련원건너,350,74,424
2026-05-31,금호화물자동차공영차고지,333,90,423
2026-05-31,성동탱자나무마을앞,191,232,423
2026-05-31,수성월드메르디앙앞,144,279,423
2026-05-31,부동삼거리,48,374,422
2026-05-31,한국뇌연구원앞,367,55,422
2026-05-31,고래들공원앞,268,152,420
2026-05-31,베어산업앞,370,50,420
2026-05-31,비슬초등학교앞,186,232,418
2026-05-31,한국지능정보사회진흥원,262,154,416
2026-05-31,한서기전건너,342,74,416
2026-05-31,달성기와앞,335,79,414
2026-05-31,시지우방하이츠앞,297,114,411
2026-05-31,도남동(종점),396,14,410
2026-05-31,아바코건너,228,182,410
2026-05-31,온누리교회,353,54,407
2026-05-31,(주)성안건너,18,388,406
2026-05-31,군위공용버스터미널,401,4,405
2026-05-31,대리마을회관건너,392,12,404
2026-05-31,유가사거리2,338,66,404
2026-05-31,장군리,395,8,403
2026-05-31,한국로봇산업진흥원후문건너,166,235,401
2026-05-31,베어산업건너,335,65,400
2026-05-31,둔산동,399,0,399
2026-05-31,평리1동행정복지센터건너,251,147,398
2026-05-31,검단상가아파트앞,395,2,397
2026-05-31,한세모빌리티건너,45,351,396
2026-05-31,남문시장건너1,260,134,394
2026-05-31,한국클래드텍건너,388,6,394
2026-05-31,중앙교육연수원앞,67,324,391
2026-05-31,강동중·고등학교,24,366,390
2026-05-31,성서협업단지건너,340,49,389
2026-05-31,담안마을2,387,1,388
2026-05-31,구둔산,367,20,387
2026-05-31,서재문화체육센터앞1,17,368,385
2026-05-31,소보정류장,366,17,383
2026-05-31,주식회사대동건너,329,53,382
2026-05-31,성하리,143,238,381
2026-05-31,칠성시장(양친회신협),243,137,380
2026-05-31,탱리마을건너,379,1,380
2026-05-31,중석타운건너,23,356,379
2026-05-31,도시관리본부건너,313,65,378
2026-05-31,해안공영주차장북편,377,1,378
2026-05-31,구암동2,106,271,377
2026-05-31,성서협업단지앞,308,69,377
2026-05-31,한국한의학연구원앞,29,348,377
2026-05-31,영풍열처리앞,345,29,374
2026-05-31,대덕문화전당앞,178,195,373
2026-05-31,대덕승마장건너,283,85,368
2026-05-31,스틸웨이,303,63,366
2026-05-31,상록아파트,43,322,365
2026-05-31,연경동종점1,268,94,362
2026-05-31,삼산리입구건너,360,1,361
2026-05-31,팔현마을,269,92,361
2026-05-31,옥포LH천년나무2단지앞,20,340,360
2026-05-31,월배아이파크1차앞,204,156,360
2026-05-31,관리공단,249,110,359
2026-05-31,대구일과학고등학교,275,84,359
2026-05-31,숙천초교앞,45,314,359
2026-05-31,영진산업,340,19,359
2026-05-31,무림제지앞2,110,248,358
2026-05-31,수성구리틀야구장건너,91,266,357
2026-05-31,매곡(종점),216,137,353
2026-05-31,옥분리(구진터),347,5,352
2026-05-31,탱리마을앞,78,274,352
2026-05-31,유천초등학교앞,301,50,351
2026-05-31,정부대구지방합동청사건너,256,94,350
2026-05-31,하빈농협동곡지점2,334,16,350
2026-05-31,해안동행정복지센터,229,119,348
2026-05-31,1차서한화성타운건너,224,123,347
2026-05-31,유곡리공영차고지건너,304,43,347
2026-05-31,대곡중학교건너,22,324,346
2026-05-31,달성보앞,300,41,341
2026-05-31,달서자동차검사소앞,35,304,339
2026-05-31,내일교회건너,248,90,338
2026-05-31,성림첨단산업앞,253,85,338
2026-05-31,NH농협혁신도시지점건너,11,326,337
2026-05-31,노사평화의전당앞,74,262,336
2026-05-31,화원삼주타운앞,166,170,336
2026-05-31,달성우신미가뷰앞,23,312,335
2026-05-31,정부대구지방합동청사앞,249,86,335
2026-05-31,태전육교1,112,223,335
2026-05-31,보람타운건너,83,250,333
2026-05-31,하빈초등학교앞,328,2,330
2026-05-31,세천리3,291,37,328
2026-05-31,성림첨단산업건너,295,32,327
2026-05-31,효림엑스이,210,115,325
2026-05-31,앞산보성타운건너,67,256,323
2026-05-31,주식회사대동앞,185,138,323
2026-05-31,대리,314,7,321
2026-05-31,덕곡동,319,1,320
2026-05-31,강정보(디아크문화관)입구,307,12,319
2026-05-31,동곡1리1,318,0,318
2026-05-31,석굴암IC교아래,177,140,317
2026-05-31,앞산빨래터공원2,172,144,316
2026-05-31,당동마을건너,312,3,315
2026-05-31,대곡청구아파트건너,12,302,314
2026-05-31,연경체육공원앞,152,162,314
2026-05-31,달서중고등학교건너,311,2,313
2026-05-31,코스모스한양아파트건너,184,126,310
2026-05-31,경북농업기술원앞,97,211,308
2026-05-31,팔공산도림사추모공원,241,65,306
2026-05-31,대구학생문화센터,74,231,305
2026-05-31,덕곡삼거리1,33,271,304
2026-05-31,본리1리동회관앞,61,242,303
2026-05-31,고모역건너,219,83,302
2026-05-31,대구지식산업센터앞,34,268,302
2026-05-31,덴티스앞,234,68,302
2026-05-31,금호기전,239,62,301
2026-05-31,㈜윔스앞,267,33,300
2026-05-31,대구지료재생사,125,175,300
2026-05-31,금호119안전센터앞,52,247,299
2026-05-31,숙천초교건너,166,133,299
2026-05-31,냉천리2,71,227,298
2026-05-31,소보시장,287,10,297
2026-05-31,중리삼거리1,30,266,296
2026-05-31,방짜유기박물관건너,286,8,294
2026-05-31,본말(종점),294,0,294
2026-05-31,성동마을건너,111,183,294
2026-05-31,금호지구종점(종점방향),282,11,293
2026-05-31,대호분체산업,228,65,293
2026-05-31,진밭골(종점)1,283,10,293
2026-05-31,삼리1리1,135,156,291
2026-05-31,정대2리마을회관건너,289,0,289
2026-05-31,안심고가교하부1,42,246,288
2026-05-31,한국생산기술연구원건너,210,78,288
2026-05-31,동북주유소건너,203,81,284
2026-05-31,이곡양수장건너,198,86,284
2026-05-31,한걸마을건너,282,2,284
2026-05-31,섬뜸마을,283,0,283
2026-05-31,장기영남네오빌,178,105,283
2026-05-31,갈실마을회관종점,271,11,282
2026-05-31,국립대구과학관건너,224,57,281
2026-05-31,달성산업단지건너,206,75,281
2026-05-31,마비정벽화마을(종점),269,11,280
2026-05-31,문양기지창건너,36,243,279
2026-05-31,부동농협,274,5,279
2026-05-31,혜성정공,231,48,279
2026-05-31,앞산자락카페마실건너,203,74,277
2026-05-31,홍천사입구,69,208,277
2026-05-31,공작한양아파트건너,187,89,276
2026-05-31,금구1리,73,203,276
2026-05-31,녹동서원건너,275,1,276
2026-05-31,도평동입구2,160,115,275
2026-05-31,정대숲,274,1,275
2026-05-31,동곡치안센터앞,36,238,274
2026-05-31,유가사거리1,155,119,274
2026-05-31,백송온천호텔건너,260,13,273
2026-05-31,석굴암IC교아래,261,12,273
2026-05-31,장기초등학교앞,8,265,273
2026-05-31,대구우편집중국(동편),232,40,272
2026-05-31,반송리,259,12,271
2026-05-31,연경대광로제비앙앞,21,250,271
2026-05-31,가창초등학교건너2,159,110,269
2026-05-31,옥포농협2,70,199,269
2026-05-31,행정리(한천서원),269,0,269
2026-05-31,경상북도인재개발원1,10,258,268
2026-05-31,용연사,240,28,268
2026-05-31,안심교(경산방향),168,97,265
2026-05-31,유가사(종점),239,26,265
2026-05-31,삼산지,261,3,264
2026-05-31,인산마을앞,66,198,264
2026-05-31,군위농협 소보지점,216,47,263
2026-05-31,지산2길입구,256,7,263
2026-05-31,세천고개2,192,70,262
2026-05-31,한서기전앞,221,41,262
2026-05-31,화원신일해피트리건너,82,180,262
2026-05-31,만촌삼정그린코아앞,22,239,261
2026-05-31,안심뉴타운1,241,20,261
2026-05-31,희성전자건너,167,94,261
2026-05-31,북구 동호동(종점)1,246,14,260
2026-05-31,갓골건너,256,3,259
2026-05-31,일심제약,205,53,258
2026-05-31,하빈농협건너,257,1,258
2026-05-31,세천북로2,215,42,257
2026-05-31,신당리2,106,151,257
2026-05-31,화성전문요양원건너,89,164,253
2026-05-31,정대리(대구미술광장),250,2,252
2026-05-31,태전우방타운1차,170,81,251
2026-05-31,달성취수장건너,36,213,249
2026-05-31,신기리2,209,39,248
2026-05-31,대구학생수련관입구건너,236,11,247
2026-05-31,동호마을건너,198,49,247
2026-05-31,용계동3,1,246,247
2026-05-31,가천동건너,237,8,245
2026-05-31,볼보트럭대구사업소건너,154,85,239
2026-05-31,삼익THK앞,154,85,239
2026-05-31,노이2리앞,222,16,238
2026-05-31,동성에스티에스건너,232,6,238
2026-05-31,반송4교앞,235,3,238
2026-05-31,방짜유기박물관앞,45,192,237
2026-05-31,오2리(음지머구),227,10,237
2026-05-31,성바울로성당건너,126,110,236
2026-05-31,중마을(시내방향),229,6,235
2026-05-31,달성소방서앞,57,177,234
2026-05-31,제일정공,194,40,234
2026-05-31,칡골마을건너,233,1,234
2026-05-31,볼보트럭대구사업소앞,182,51,233
2026-05-31,옥포농협,202,31,233
2026-05-31,서영기공건너,231,1,232
2026-05-31,금구2리,216,15,231
2026-05-31,매천역3,68,163,231
2026-05-31,호산초등학교건너,190,41,231
2026-05-31,용금공단건너,4,226,230
2026-05-31,한국부동산원앞2,133,95,228
2026-05-31,동성에스티에스앞,137,88,225
2026-05-31,화원본리1교1,223,1,224
2026-05-31,고봉리,223,0,223
2026-05-31,금포1교3,8,215,223
2026-05-31,삼산리(삼산교회앞),38,185,223
2026-05-31,공산파출소,32,190,222
2026-05-31,대구학생수련관입구앞,44,178,222
2026-05-31,상리동종점,5,217,222
2026-05-31,우록리(자양마을)앞,221,1,222
2026-05-31,기곡(종점),197,24,221
2026-05-31,성동탱자나무마을건너,122,99,221
2026-05-31,교항2리마을입구,9,209,218
2026-05-31,삼산리입구앞,1,216,217
2026-05-31,논공읍행정복지센터건너2,65,151,216
2026-05-31,숲다수고용사업장앞,174,42,216
2026-05-31,달성군선거관리위원회건너,105,108,213
2026-05-31,대흥리,212,0,212
2026-05-31,장기파랑새마을앞,120,92,212
2026-05-31,부동(종점),186,25,211
2026-05-31,대한수목원건너,209,1,210
2026-05-31,금포교2,100,109,209
2026-05-31,능성동(종점)2,184,25,209
2026-05-31,대일1리마을회관건너,125,84,209
2026-05-31,옥포중앙교회앞,83,126,209
2026-05-31,신무동1,207,1,208
2026-05-31,희성전자앞,128,79,207
2026-05-31,무등1리2,206,0,206
2026-05-31,삼국유사면 행정복지센터앞,189,17,206
2026-05-31,다사주공아파트건너,202,1,203
2026-05-31,금호천년나무8단지앞,45,157,202
2026-05-31,국우동현대아파트건너,43,157,200
2026-05-31,북구어울아트센터앞,42,158,200
2026-05-31,연경동종점2,196,4,200
2026-05-31,두리봉터널종점건너,143,54,197
2026-05-31,신성중공업건너,11,186,197
2026-05-31,군위국민체육센터,195,1,196
2026-05-31,서부리,103,93,196
2026-05-31,읍내2리-의흥정류소,172,23,195
2026-05-31,당정마을입구건너,186,7,193
2026-05-31,병수리,69,122,191
2026-05-31,오리(양지마을),190,1,191
2026-05-31,성동앞,133,57,190
2026-05-31,성산리1,76,113,189
2026-05-31,세천고개1,129,59,188
2026-05-31,이천동,170,18,188
2026-05-31,화계1리,185,2,187
2026-05-31,덕곡(대구선명학교),75,111,186
2026-05-31,유가차천,174,11,185
2026-05-31,진흔건설기계공업,162,22,184
2026-05-31,예현2리마을회관,166,17,183
2026-05-31,효자강순항나무,183,0,183
2026-05-31,대성테크앞,153,29,182
2026-05-31,성서4차산업단지앞1,161,20,181
2026-05-31,상리동입구1,28,151,179
2026-05-31,세천리2,137,42,179
2026-05-31,한국타이어건너,106,72,178
2026-05-31,대덕승마장앞,30,146,176
2026-05-31,설화명곡역(4번출구),103,73,176
2026-05-31,국립대구과학관정문앞,12,163,175
2026-05-31,군위유통센타앞,163,12,175
2026-05-31,육신사,160,15,175
2026-05-31,상원리(전평못식당)1,173,0,173
2026-05-31,정대2리(마내미골)종점,155,18,173
2026-05-31,제일풍경채센트럴건너,37,136,173
2026-05-31,생각을담는정원앞,77,95,172
2026-05-31,대구소프트웨어마이스터고등학교앞,159,11,170
2026-05-31,화본1리 마을회관,170,0,170
2026-05-31,내동건너,12,157,169
2026-05-31,신덕마을입구,0,169,169
2026-05-31,한걸마을앞,11,158,169
2026-05-31,군위군 행정복지센터,57,111,168
2026-05-31,대일1리점촌마을,38,130,168
2026-05-31,대평교회건너,166,0,166
2026-05-31,단산리(송하빌라)1,163,2,165
2026-05-31,창2리마을2,85,77,162
2026-05-31,포산서사거리2,44,117,161
2026-05-31,매골2,153,7,160
2026-05-31,보성기계앞,4,156,160
2026-05-31,용계동4,135,25,160
2026-05-31,도학동1,52,107,159
2026-05-31,샤니삼거리1,158,1,159
2026-05-31,이화2리,141,18,159
2026-05-31,공단하수처리장앞,101,55,156
2026-05-31,정리,138,17,155
2026-05-31,신기리1,99,55,154
2026-05-31,가창댐1,33,120,153
2026-05-31,도동청구타운건너,56,97,153
2026-05-31,송정마을2,151,2,153
2026-05-31,칠곡경대병원역건너2,153,0,153
2026-05-31,하나원전문장례식장,37,116,153
2026-05-31,설화리(종점)2,132,19,151
2026-05-31,하빈우체국건너,149,1,150
2026-05-31,대한수목원앞,16,132,148
2026-05-31,서당마을앞,33,115,148
2026-05-31,장기초등학교건너,135,13,148
2026-05-31,명곡1리입구2,74,73,147
2026-05-31,영풍열처리건너,80,67,147
2026-05-31,웃갈미마을건너,128,19,147
2026-05-31,정대1리(바깥매남),146,0,146
2026-05-31,국우동현대아파트건너2,4,140,144
2026-05-31,대평2리,144,0,144
2026-05-31,반송리2,129,15,144
2026-05-31,음리1,137,7,144
2026-05-31,거매리,143,0,143
2026-05-31,금구1리,132,11,143
2026-05-31,대구우편집중국건너,4,139,143
2026-05-31,청소년수련원앞,59,84,143
2026-05-31,덕산마을앞,142,0,142
2026-05-31,흥성정공건너,130,12,142
2026-05-31,대율2리,134,7,141
2026-05-31,무성2.3리,127,14,141
2026-05-31,부곡리건너,134,7,141
2026-05-31,문양리입구2,3,137,140
2026-05-31,연경숲아파트앞,131,9,140
2026-05-31,파계사입구건너,75,65,140
2026-05-31,팔공학생야영장앞,140,0,140
2026-05-31,한국클래드텍앞,0,140,140
2026-05-31,현내1리,139,1,140
2026-05-31,흥성정공앞,89,51,140
2026-05-31,군위우체국앞,91,46,137
2026-05-31,노이3리1,130,7,137
2026-05-31,우록리(숲속전원마을)앞,135,1,136
2026-05-31,금양리,133,1,134
2026-05-31,동곡초등학교앞,90,44,134
2026-05-31,방천리2,36,98,134
2026-05-31,하산스무지(종점),133,1,134
2026-05-31,(주)영화건너,1,132,133
2026-05-31,가태리마을회관건너,98,34,132
2026-05-31,대구교도소앞,37,95,132
2026-05-31,한정리(한정초교),132,0,132
2026-05-31,주2리1,125,6,131
2026-05-31,죽곡푸르지오2단지1,21,109,130
2026-05-31,교항2리회관,113,16,129
2026-05-31,문주마을앞,33,96,129
2026-05-31,앞산궁도장앞,112,17,129
2026-05-31,대구소프트웨어마이스터고등학교건너,31,97,128
2026-05-31,달천리(시내방향),125,2,127
2026-05-31,에이스이노텍앞,27,100,127
2026-05-31,하빈초등학교건너,4,123,127
2026-05-31,유가농협앞,112,13,125
2026-05-31,하빈농협입구,21,104,125
2026-05-31,한걸고정마을,123,1,124
2026-05-31,한국환경공단앞,65,59,124
2026-05-31,군위군민회관,113,10,123
2026-05-31,백송온천호텔앞,93,30,123
2026-05-31,신무3교(하행),123,0,123
2026-05-31,아주철강앞,73,49,122
2026-05-31,용계동1,7,115,122
2026-05-31,대리마을앞,67,54,121
2026-05-31,매호1교건너,17,104,121
2026-05-31,위천삼거리(논공방향),109,12,121
2026-05-31,고모역앞,71,49,120
2026-05-31,골안골,14,106,120
2026-05-31,대리마을회관,91,29,120
2026-05-31,도산1리마을회관,118,2,120
2026-05-31,본리1리,108,12,120
2026-05-31,대구하이텍고교앞,14,105,119
2026-05-31,대암1리1,119,0,119
2026-05-31,상중심마을2,118,1,119
2026-05-31,영조아파트건너,21,98,119
2026-05-31,유곡리공영차고지앞,118,1,119
2026-05-31,상리마을앞,117,1,118
2026-05-31,신화1리,113,5,118
2026-05-31,용수동2,117,1,118
2026-05-31,가호1리 마을회관,117,0,117
2026-05-31,동곡리,104,13,117
2026-05-31,매천대교2,0,117,117
2026-05-31,문양리1,107,10,117
2026-05-31,진정마을2,48,69,117
2026-05-31,유가차천1,94,22,116
2026-05-31,이천리(시외방향),105,11,116
2026-05-31,장군1리,112,4,116
2026-05-31,금포새터길2,3,112,115
2026-05-31,장군1리,90,24,114
2026-05-31,주1리,18,96,114
2026-05-31,지산2길입구건너,106,8,114
2026-05-31,한국환경공단건너,92,22,114
2026-05-31,강동초교앞,16,97,113
2026-05-31,도남지,109,4,113
2026-05-31,양지리,112,0,112
2026-05-31,삼산리(범동교),104,7,111
2026-05-31,화산분동건너,110,1,111
2026-05-31,율하천4교2,1,109,110
2026-05-31,달성2차산업단지출장소앞,94,15,109
2026-05-31,산성치안센터,72,37,109
2026-05-31,달서별빛캠핑장앞,70,38,108
2026-05-31,달성취수장앞,41,67,108
2026-05-31,이천동(종점),107,1,108
2026-05-31,칠곡한서타운앞,53,55,108
2026-05-31,가암1리,107,0,107
2026-05-31,조야초등학교앞,35,72,107
2026-05-31,춘산리(현창),97,10,107
2026-05-31,도동교2,32,74,106
2026-05-31,팔공한마음주유소건너,101,5,106
2026-05-31,파계사입구앞,70,34,104
2026-05-31,불로리,37,66,103
2026-05-31,솔밭기세길입구,98,5,103
2026-05-31,수북1리,102,1,103
2026-05-31,옥분리1,33,69,102
2026-05-31,큰마을,100,0,100
2026-05-31,부남교2,99,0,99
2026-05-31,서영기공앞,4,95,99
2026-05-31,팔공한마음주유소,5,94,99
2026-05-31,용대3길,98,0,98
2026-05-31,유산리,96,2,98
2026-05-31,거매리,49,48,97
2026-05-31,박곡리해랑포건너,31,65,96
2026-05-31,서대구역(북측),52,44,96
2026-05-31,연화리2,6,90,96
2026-05-31,외량1리,95,1,96
2026-05-31,능성동입구앞,14,81,95
2026-05-31,박곡리(시내방향),94,1,95
2026-05-31,도덕마을,87,7,94
2026-05-31,옥포벚꽃길2,41,53,94
2026-05-31,파전리,93,1,94
2026-05-31,교항2리회관건너,26,66,92
2026-05-31,대구공고테크노폴리스캠퍼스1,32,59,91
2026-05-31,삼익THK건너,23,68,91
2026-05-31,달천리(시외방향),82,8,90
2026-05-31,동북주유소앞,15,75,90
2026-05-31,매곡정수사업소앞,8,82,90
2026-05-31,보훈병원건너,16,74,90
2026-05-31,성산리3,66,24,90
2026-05-31,아주철강건너,28,62,90
2026-05-31,중심마을2,79,11,90
2026-05-31,평광마을회관,90,0,90
2026-05-31,군위병원,87,2,89
2026-05-31,단산리입구1,87,2,89
2026-05-31,송정동1,28,61,89
2026-05-31,우록리(부곡장식당)건너,89,0,89
2026-05-31,다사체육공원건너,87,1,88
2026-05-31,송정동4,18,70,88
2026-05-31,김흥리마을입구,87,0,87
2026-05-31,진인동(양지마을)앞,80,6,86
2026-05-31,국가정보자원관리원,69,16,85
2026-05-31,불로리,52,33,85
2026-05-31,세천북로1,54,31,85
2026-05-31,위성1리,85,0,85
2026-05-31,화원유원지,84,1,85
2026-05-31,군위병원,9,75,84
2026-05-31,도의리,80,4,84
2026-05-31,새마을입구,83,1,84
2026-05-31,춘산리(현창),56,27,83
2026-05-31,감문리(삼실)앞,5,77,82
2026-05-31,경상북도농업인회관,31,51,82
2026-05-31,달성화석박물관건너,76,6,82
2026-05-31,봉촌낙동길입구,81,0,81
2026-05-31,사리1리,80,0,80
2026-05-31,읍내2리-의흥정류소,78,2,80
2026-05-31,공산댐앞,20,59,79
2026-05-31,복성리,79,0,79
2026-05-31,장기1리,68,11,79
2026-05-31,고곡1리,77,1,78
2026-05-31,남산2리,68,10,78
2026-05-31,장기1리,16,62,78
2026-05-31,정대1리(안매남),78,0,78
2026-05-31,효령-중구리,71,7,78
2026-05-31,위천1리앞,26,51,77
2026-05-31,가천동앞,13,63,76
2026-05-31,대북1리,76,0,76
2026-05-31,묘1리 파회,63,13,76
2026-05-31,무등2리입구건너,76,0,76
2026-05-31,매곡1리경로회관,75,0,75
2026-05-31,상곡리,75,0,75
2026-05-31,세천리1건너,59,16,75
2026-05-31,율하천6교2,8,67,75
2026-05-31,춘산리(양지),56,19,75
2026-05-31,푸르밀대구공장,72,3,75
2026-05-31,화계1리,43,32,75
2026-05-31,화전동1,17,58,75
2026-05-31,무성2.3리,36,38,74
2026-05-31,주리(삼진식당),22,52,74
2026-05-31,감문리(삼실)건너,68,5,73
2026-05-31,당동마을앞,4,69,73
2026-05-31,묘2리(고려정밀),73,0,73
2026-05-31,삼국유사면 행정복지센터,51,22,73
2026-05-31,유곡사거리2,0,73,73
2026-05-31,퇴계마을앞,71,2,73
2026-05-31,현내2리중방마을건너,73,0,73
2026-05-31,삼국유사면문화관,63,9,72
2026-05-31,감문1리2,66,5,71
2026-05-31,달성산업단지관리공단2,64,7,71
2026-05-31,도남동,70,1,71
2026-05-31,문양기지창앞,51,20,71
2026-05-31,봉황2리,71,0,71
2026-05-31,금매2리,67,3,70
2026-05-31,다사주공아파트앞,11,59,70
2026-05-31,박곡리해랑포앞,48,22,70
2026-05-31,교수촌,68,1,69
2026-05-31,냉천2리,58,11,69
2026-05-31,다사초등학교건너,64,5,69
2026-05-31,만촌자전거경기장,21,48,69
2026-05-31,송해공원,15,54,69
2026-05-31,현대메카닉스건너,69,0,69
2026-05-31,한양산호아파트앞,57,11,68
2026-05-31,문양역앞,51,16,67
2026-05-31,수태골건너,34,33,67
2026-05-31,오곡리마을회관,67,0,67
2026-05-31,오뚜기물류센터,66,1,67
2026-05-31,유곡공원앞,1,66,67
2026-05-31,춘산리(양지),12,55,67
2026-05-31,화수1리,65,2,67
2026-05-31,내곡동마을회관,60,6,66
2026-05-31,마비정삼거리2,66,0,66
2026-05-31,연계1리,66,0,66
2026-05-31,낙전리,55,10,65
2026-05-31,도동복합운동장건너,65,0,65
2026-05-31,목단1리마을회관앞,64,1,65
2026-05-31,샛터마을입구,2,63,65
2026-05-31,외량3리,65,0,65
2026-05-31,인산마을회관앞,50,15,65
2026-05-31,광현3리,63,0,63
2026-05-31,구라3리2,40,23,63
2026-05-31,내의1리,63,0,63
2026-05-31,달성소방서건너,36,27,63
2026-05-31,대흥2리,47,16,63
2026-05-31,명산리,59,4,63
2026-05-31,무성리,62,1,63
2026-05-31,봉촌2리,63,0,63
2026-05-31,서경리,63,0,63
2026-05-31,평촌리,38,25,63
2026-05-31,나호3리,60,2,62
2026-05-31,달성화석박물관앞,0,62,62
2026-05-31,모산리,60,2,62
2026-05-31,봉촌리,62,0,62
2026-05-31,송정동2,59,3,62
2026-05-31,웃갈미마을앞,18,44,62
2026-05-31,행정2리앞,43,19,62
2026-05-31,화북1리,62,0,62
2026-05-31,가호1,55,6,61
2026-05-31,군위역사,54,7,61
2026-05-31,금매1리,58,3,61
2026-05-31,위성4리,61,0,61
2026-05-31,화산분동앞,23,38,61
2026-05-31,군위국민체육센터,10,50,60
2026-05-31,산법리,58,2,60
2026-05-31,이지2리,60,0,60
2026-05-31,노행2리,58,1,59
2026-05-31,매성2리,59,0,59
2026-05-31,정대2리(큰바위숲)앞,57,2,59
2026-05-31,진인동(진정마을)1,55,4,59
2026-05-31,갓골앞,3,55,58
2026-05-31,마시리,55,3,58
2026-05-31,삼산1리,57,1,58
2026-05-31,신무1교2,58,0,58
2026-05-31,하산1리,58,0,58
2026-05-31,학남초등학교건너,12,46,58
2026-05-31,검단상가아파트건너,24,33,57
2026-05-31,대율1리,25,32,57
2026-05-31,율하천5교2,0,57,57
2026-05-31,공군기지관사입구,1,55,56
2026-05-31,귀남지휴게소1,53,3,56
2026-05-31,다사체육공원앞,54,2,56
2026-05-31,봉촌1리3,56,0,56
2026-05-31,신계리,56,0,56
2026-05-31,에이스이노텍건너,28,28,56
2026-05-31,동산2리,55,0,55
2026-05-31,목단2리1,54,1,55
2026-05-31,세천리1,43,12,55
2026-05-31,현대메카닉스앞,2,53,55
2026-05-31,화원파크뷰우방아이유쉘아파트앞,16,39,55
2026-05-31,대평교회앞,20,34,54
2026-05-31,화계2리,31,23,54
2026-05-31,금매1리,43,10,53
2026-05-31,내량2리,53,0,53
2026-05-31,부곡리,27,26,53
2026-05-31,이지1리,53,0,53
2026-05-31,화원영농자재판매상건너,52,1,53
2026-05-31,다사역(4번출구),51,1,52
2026-05-31,금매2리,46,5,51
2026-05-31,다사초등학교앞,10,41,51
2026-05-31,율하천4교1,51,0,51
2026-05-31,노행1리,50,0,50
2026-05-31,달성삼환나우빌건너,2,48,50
2026-05-31,옥연지,0,50,50
2026-05-31,송호지서편1,49,0,49
2026-05-31,화암로2,3,46,49
2026-05-31,달산2리,48,0,48
2026-05-31,두천마을건너,48,0,48
2026-05-31,수태골앞,28,20,48
2026-05-31,학암1리,42,6,48
2026-05-31,화계2리,46,2,48
2026-05-31,도동제1경로당앞,45,2,47
2026-05-31,동부리,42,5,47
2026-05-31,매골1,9,38,47
2026-05-31,신무교2,47,0,47
2026-05-31,용연사시설집단지구건너,46,1,47
2026-05-31,진인동(양지마을)건너,4,43,47
2026-05-31,비슬산휴양림주차장,38,8,46
2026-05-31,다사역(3번출구),1,44,45
2026-05-31,당정마을입구,35,10,45
2026-05-31,동산1리,45,0,45
2026-05-31,모산리,45,0,45
2026-05-31,삼산2리,35,10,45
2026-05-31,이화,20,25,45
2026-05-31,장기1리,45,0,45
2026-05-31,측백나무숲앞,5,40,45
2026-05-31,화수1리,23,22,45
2026-05-31,명곡1리입구1,0,44,44
2026-05-31,문양리입구1,29,15,44
2026-05-31,미곡교2,31,13,44
2026-05-31,용봉삼거리1,16,28,44
2026-05-31,자리미마을2,43,1,44
2026-05-31,내량2리,43,0,43
2026-05-31,삼산1리,39,4,43
2026-05-31,석산리,43,0,43
2026-05-31,신덕마을입구건너,39,4,43
2026-05-31,삼리2교차로 2,11,31,42
2026-05-31,새마을건너,1,41,42
2026-05-31,송정동3,8,34,42
2026-05-31,광현2리,41,0,41
2026-05-31,금구2리,14,27,41
2026-05-31,나호2리,33,8,41
2026-05-31,매성1리,41,0,41
2026-05-31,모개월앞,0,41,41
2026-05-31,미성1리,41,0,41
2026-05-31,부인사앞,35,6,41
2026-05-31,사리1리-중산,40,1,41
2026-05-31,용진마을건너,6,35,41
2026-05-31,운산리,33,8,41
2026-05-31,육신사입구,15,26,41
2026-05-31,화전2리,41,0,41
2026-05-31,금양1리,40,0,40
2026-05-31,설화리(종점)1,37,3,40
2026-05-31,숙천2동마을회관건너,32,8,40
2026-05-31,오천리,40,0,40
2026-05-31,위성2리,40,0,40
2026-05-31,정대숲앞,40,0,40
2026-05-31,화원영농자재판매상앞,3,37,40
2026-05-31,대구보훈요양원앞,39,0,39
2026-05-31,봉림삼거리,38,1,39
2026-05-31,봉소리,38,1,39
2026-05-31,삼육구가든건너,6,33,39
2026-05-31,송원리(봉황리방면),39,0,39
2026-05-31,연계1리,38,1,39
2026-05-31,칡골마을앞,4,35,39
2026-05-31,성2리,37,1,38
2026-05-31,송원1,38,0,38
2026-05-31,응암1리2,8,30,38
2026-05-31,하빈면행정복지센터앞,10,28,38
2026-05-31,항공교통본부건너,0,38,38
2026-05-31,화북3리,6,32,38
2026-05-31,화수2리,38,0,38
2026-05-31,구라1리2,37,0,37
2026-05-31,목단1리1,37,0,37
2026-05-31,봉황1리,37,0,37
2026-05-31,사효교1,37,0,37
2026-05-31,송정1동,4,33,37
2026-05-31,위성리,33,4,37
2026-05-31,항공교통본부앞,37,0,37
2026-05-31,현풍공영버스정류장1,36,1,37
2026-05-31,기곡리2,36,0,36
2026-05-31,김흥1리앞,26,10,36
2026-05-31,달성산업단지관리공단1,5,31,36
2026-05-31,동곡1리3,34,2,36
2026-05-31,보현1리,36,0,36
2026-05-31,삼산리(범동교)건너,11,25,36
2026-05-31,용진마을앞,29,7,36
2026-05-31,이화,28,8,36
2026-05-31,주2리(최정사입구),4,32,36
2026-05-31,평호리-낫거리,36,0,36
2026-05-31,동호마을앞,13,22,35
2026-05-31,백안교1,1,34,35
2026-05-31,본리2리2,35,0,35
2026-05-31,숙천동 건너,12,23,35
2026-05-31,팔거교,4,31,35
2026-05-31,강정보(디아크문화관)건너,10,24,34
2026-05-31,나호1리,33,1,34
2026-05-31,농연서당2,34,0,34
2026-05-31,달창저수지,34,0,34
2026-05-31,보현2리,34,0,34
2026-05-31,산성치안센터,32,2,34
2026-05-31,성산3동,0,34,34
2026-05-31,용화사앞,34,0,34
2026-05-31,화북3리,32,2,34
2026-05-31,매곡1리정미소,33,0,33
2026-05-31,삼산2리,32,1,33
2026-05-31,솔비식당입구맞은편,33,0,33
2026-05-31,강정(종점),19,13,32
2026-05-31,구삼폭포앞,32,0,32
2026-05-31,대구그린파워건너,27,5,32
2026-05-31,묘1리,31,1,32
2026-05-31,사유원,32,0,32
2026-05-31,삼육구가든앞,32,0,32
2026-05-31,서부소방서,15,17,32
2026-05-31,유가농협건너,11,21,32
2026-05-31,고곡리,7,24,31
2026-05-31,금강동,9,22,31
2026-05-31,남산1리,31,0,31
2026-05-31,내리1,31,0,31
2026-05-31,내의1리,31,0,31
2026-05-31,담안마을1,7,24,31
2026-05-31,무등보건진료소건너,31,0,31
2026-05-31,봉촌낙동길입구건너,0,31,31
2026-05-31,삽령리,31,0,31
2026-05-31,샤니삼거리2,26,5,31
2026-05-31,송호지서편2,0,31,31
2026-05-31,연계2리,31,0,31
2026-05-31,연호동(종점),28,3,31
2026-05-31,우록리(선흥사입구),31,0,31
2026-05-31,진인동(진정마을)2,26,5,31
2026-05-31,하빈체육공원앞,31,0,31
2026-05-31,고봉리2,28,2,30
2026-05-31,나호3리,27,3,30
2026-05-31,노사평화의전당건너,16,14,30
2026-05-31,덕산마을건너,2,28,30
2026-05-31,마시1리,28,2,30
2026-05-31,미곡교1,12,18,30
2026-05-31,삼산지건너,13,17,30
2026-05-31,새터건너,21,9,30
2026-05-31,용수동당산2,30,0,30
2026-05-31,율하천6교1,28,2,30
2026-05-31,대구그린파워앞,5,24,29
2026-05-31,푸르밀대구공장건너,24,5,29
2026-05-31,화전2리,24,5,29
2026-05-31,김흥2리건너,4,24,28
2026-05-31,달성2차산업단지출장소건너,28,0,28
2026-05-31,송정마을1,0,28,28
2026-05-31,옥연지건너,27,1,28
2026-05-31,정대2리(잿들마을)건너,28,0,28
2026-05-31,군위군청,20,7,27
2026-05-31,낙전리,26,1,27
2026-05-31,마시1리,12,15,27
2026-05-31,수북1리,7,20,27
2026-05-31,외량2리,27,0,27
2026-05-31,운산리,27,0,27
2026-05-31,이화3리,25,2,27
2026-05-31,본리근린공원건너,26,0,26
2026-05-31,신화1리,20,6,26
2026-05-31,연호역(3번출구),22,4,26
2026-05-31,오곡리건너편,26,0,26
2026-05-31,유곡사거리4,1,25,26
2026-05-31,행정교,5,21,26
2026-05-31,거매리로타리,24,1,25
2026-05-31,김흥1리건너,24,1,25
2026-05-31,내의3리,25,0,25
2026-05-31,봉소리,24,1,25
2026-05-31,상리마을건너,2,23,25
2026-05-31,수서1리,25,0,25
2026-05-31,숲다수고용사업장건너,22,3,25
2026-05-31,하빈농협동곡지점1,18,7,25
2026-05-31,감문1리3,1,23,24
2026-05-31,다리골,24,0,24
2026-05-31,대북2리,24,0,24
2026-05-31,상원리(마을회관)2,2,22,24
2026-05-31,우록리(자양마을)건너,2,22,24
2026-05-31,응암1리1,3,21,24
2026-05-31,중뫼마을건너,24,0,24
2026-05-31,팔공학생야영장입구앞,17,7,24
2026-05-31,해안초등학교뒤,3,21,24
2026-05-31,달서중고등학교앞,9,14,23
2026-05-31,부인사건너,18,5,23
2026-05-31,창평1리,4,19,23
2026-05-31,고곡2리,22,0,22
2026-05-31,구룡촌앞,22,0,22
2026-05-31,남산2리,22,0,22
2026-05-31,반송4교건너,4,18,22
2026-05-31,석산리,22,0,22
2026-05-31,인산큰마을1,1,21,22
2026-05-31,제2석굴암,22,0,22
2026-05-31,창2리2,22,0,22
2026-05-31,하곡리,22,0,22
2026-05-31,LH13단지아파트앞,3,18,21
2026-05-31,나호2리,20,1,21
2026-05-31,묘2리(전마),20,1,21
2026-05-31,삼국유사면 행정복지센터,21,0,21
2026-05-31,설티고개(옥포방면),20,1,21
2026-05-31,성1리,19,2,21
2026-05-31,신무동2,6,15,21
2026-05-31,양리1,20,1,21
2026-05-31,양리2,21,0,21
2026-05-31,옥포벚꽃길1,3,18,21
2026-05-31,한정리(한정초교건너),7,14,21
2026-05-31,현풍공영버스정류장2,21,0,21
2026-05-31,화원본리1교2,19,2,21
2026-05-31,매성2리,13,7,20
2026-05-31,문덕1리,19,1,20
2026-05-31,서재문화체육센터앞2,16,4,20
2026-05-31,설티고개(달성공단방면),0,20,20
2026-05-31,신세월입구1,20,0,20
2026-05-31,연경11,11,9,20
2026-05-31,연경12,10,10,20
2026-05-31,용연사시설집단지구앞,5,15,20
2026-05-31,이지1리,7,13,20
2026-05-31,이천리(시내방향),19,1,20
2026-05-31,팔현마을건너,16,4,20
2026-05-31,학성1리,0,20,20
2026-05-31,학암2리,20,0,20
2026-05-31,현풍읍행정복지센터건너,20,0,20
2026-05-31,화암로1,1,19,20
2026-05-31,효령,19,1,20
2026-05-31,가암2리,19,0,19
2026-05-31,가창댐,8,11,19
2026-05-31,구라3리1,10,9,19
2026-05-31,김흥2리앞,19,0,19
2026-05-31,모래정마을건너,18,1,19
2026-05-31,백학삼거리,19,0,19
2026-05-31,복성리,19,0,19
2026-05-31,봉산리,19,0,19
2026-05-31,오2리(음지머구건너),3,16,19
2026-05-31,용화사건너,0,19,19
2026-05-31,이지2리,9,10,19
2026-05-31,지호2리-지호3리,16,3,19
2026-05-31,경주최씨종가1,1,17,18
2026-05-31,금양리,16,2,18
2026-05-31,농기계임대사업소 동부분소 앞,0,18,18
2026-05-31,달산1리,18,0,18
2026-05-31,달성문화원앞,1,17,18
2026-05-31,대율리,18,0,18
2026-05-31,새터앞,15,3,18
2026-05-31,정리,18,0,18
2026-05-31,행정1리앞,4,14,18
2026-05-31,능성동(종점)1,17,0,17
2026-05-31,매곡2리 마을회관,17,0,17
2026-05-31,문양3리(장귀미),5,12,17
2026-05-31,박곡리(시외방향),14,3,17
2026-05-31,서경리,15,2,17
2026-05-31,서경리,17,0,17
2026-05-31,양지리,16,1,17
2026-05-31,장군2리,17,0,17
2026-05-31,지호1리-안태동,17,0,17
2026-05-31,창평리,16,1,17
2026-05-31,구삼폭포건너,2,14,16
2026-05-31,단산리입구2,2,14,16
2026-05-31,문산리,16,0,16
2026-05-31,서부리,5,11,16
2026-05-31,양지리,4,12,16
2026-05-31,우록리(숲속전원마을)건너,4,12,16
2026-05-31,원산1리,16,0,16
2026-05-31,창2리1,13,3,16
2026-05-31,하산2리,14,2,16
2026-05-31,행정리,0,16,16
2026-05-31,화북2리,14,2,16
2026-05-31,경상북도인재개발원2,7,8,15
2026-05-31,금양1리,15,0,15
2026-05-31,금양1리-행골,15,0,15
2026-05-31,나호1리,14,1,15
2026-05-31,노이2리건너,0,15,15
2026-05-31,모개월입구,15,0,15
2026-05-31,문덕1리,14,1,15
2026-05-31,미성1리,8,7,15
2026-05-31,백학2리,15,0,15
2026-05-31,봉황3리,15,0,15
2026-05-31,솔밭기세길건너,0,15,15
2026-05-31,용봉삼거리2,2,13,15
2026-05-31,위성3리,15,0,15
2026-05-31,파전리,4,11,15
2026-05-31,화계,15,0,15
2026-05-31,구라1리1,3,11,14
2026-05-31,구지중학교앞,13,1,14
2026-05-31,남산리,14,0,14
2026-05-31,내곡마을입구앞,13,1,14
2026-05-31,달산2리,14,0,14
2026-05-31,대구공고테크노폴리스캠퍼스2,14,0,14
2026-05-31,동부사거리,14,0,14
2026-05-31,무등1리3,14,0,14
2026-05-31,무등보건진료소앞,3,11,14
2026-05-31,무암1리,13,1,14
2026-05-31,본리2리1,7,7,14
2026-05-31,성리,4,10,14
2026-05-31,옥전길 입구,13,1,14
2026-05-31,우보,14,0,14
2026-05-31,우보면사무소,14,0,14
2026-05-31,운산,14,0,14
2026-05-31,이화3리,12,2,14
2026-05-31,이화리,14,0,14
2026-05-31,정대2리마을회관앞,3,11,14
2026-05-31,청수송어장낚시터,1,13,14
2026-05-31,기암2리 백암마을,13,0,13
2026-05-31,녹동서원앞,1,12,13
2026-05-31,도채앞,13,0,13
2026-05-31,미성2리 노인정,13,0,13
2026-05-31,봉산2리,13,0,13
2026-05-31,신무교1,1,12,13
2026-05-31,인각사,13,0,13
2026-05-31,화북1리,6,7,13
2026-05-31,가태리마을회관앞,10,2,12
2026-05-31,감문1리4,12,0,12
2026-05-31,경동산업앞,12,0,12
2026-05-31,농기계임대사업소 동부분소 건너,11,1,12
2026-05-31,도학교1,4,8,12
2026-05-31,봉황3리,12,0,12
2026-05-31,상당마을,12,0,12
2026-05-31,외량3리,6,6,12
2026-05-31,우보면사무소,3,9,12
2026-05-31,화계3리,12,0,12
2026-05-31,화원파크뷰우방아이유쉘아파트건너,8,4,12
2026-05-31,가호1,10,1,11
2026-05-31,가호1리 마을회관,1,10,11
2026-05-31,고매초등학교,11,0,11
2026-05-31,금포1교2,7,4,11
2026-05-31,달산2리,11,0,11
2026-05-31,선곡2리,10,1,11
2026-05-31,연광시니어타운앞,11,0,11
2026-05-31,오천리,11,0,11
2026-05-31,우보역,8,3,11
2026-05-31,이현고개삼거리(시외방향),8,3,11
2026-05-31,정리,3,8,11
2026-05-31,창평2리,2,9,11
2026-05-31,한국전자통신연구원앞,10,1,11
2026-05-31,국립식량과학원대구시험지,1,9,10
2026-05-31,노행1리-산촌마을,10,0,10
2026-05-31,무암1리,10,0,10
2026-05-31,성1리,9,1,10
2026-05-31,신무3교(상행),0,10,10
2026-05-31,용수동당산1,1,9,10
2026-05-31,의흥면보건지소,0,10,10
2026-05-31,이화2리,9,1,10
2026-05-31,인지초등학교입구,10,0,10
2026-05-31,정대리(대구미술광장건너),0,10,10
2026-05-31,창평리,1,9,10
2026-05-31,화수1리,2,8,10
2026-05-31,가태2리마을입구,7,2,9
2026-05-31,감문1리1,1,8,9
2026-05-31,달성문화원건너,9,0,9
2026-05-31,달성주민건강증진센터,1,8,9
2026-05-31,무성리,2,7,9
2026-05-31,문덕교회,9,0,9
2026-05-31,성산리4,0,9,9
2026-05-31,송원리(소보방면),0,9,9
2026-05-31,수서,9,0,9
2026-05-31,양방마을앞,9,0,9
2026-05-31,연경숲아파트건너,7,2,9
2026-05-31,연젓마을건너,2,7,9
2026-05-31,용리앞,4,5,9
2026-05-31,정대2리(큰바위숲)건너,0,9,9
2026-05-31,퇴계마을건너,3,6,9
2026-05-31,화계,9,0,9
2026-05-31,화수2리,9,0,9
2026-05-31,가암1리,8,0,8
2026-05-31,귀남지휴게소2,0,8,8
2026-05-31,김흥리마을입구건너,2,6,8
2026-05-31,무암2리,8,0,8
2026-05-31,문양리2,0,8,8
2026-05-31,봉산2리,7,1,8
2026-05-31,봉촌1리2,0,8,8
2026-05-31,수서1리,8,0,8
2026-05-31,신계리(소보정류장방면),0,8,8
2026-05-31,신덕1리,7,1,8
2026-05-31,우록리(부곡장식당),2,6,8
2026-05-31,우록리(선흥사입구건너),0,8,8
2026-05-31,유곡리,6,2,8
2026-05-31,유곡리(회차지),7,1,8
2026-05-31,인산큰마을2,8,0,8
2026-05-31,중뫼마을앞,0,8,8
2026-05-31,화전리,7,1,8
2026-05-31,고곡리,4,3,7
2026-05-31,고곡보건지소,7,0,7
2026-05-31,냉천리3,1,6,7
2026-05-31,노행리앞,3,4,7
2026-05-31,대구제3예비군훈련장,0,7,7
2026-05-31,무암1리,7,0,7
2026-05-31,봉황3리,5,2,7
2026-05-31,삼국유사테마파크건너,2,5,7
2026-05-31,성2리,6,1,7
2026-05-31,송원리,6,1,7
2026-05-31,수서2리,7,0,7
2026-05-31,오천리,7,0,7
2026-05-31,외량1리,2,5,7
2026-05-31,우보,0,7,7
2026-05-31,이화리,4,3,7
2026-05-31,인산마을회관건너,2,5,7
2026-05-31,중심마을1,2,5,7
2026-05-31,창평리,4,3,7
2026-05-31,평촌1리,6,1,7
2026-05-31,하빈체육공원건너,2,5,7
2026-05-31,화북2리,6,1,7
2026-05-31,화수1리,7,0,7
2026-05-31,화수리,2,5,7
2026-05-31,경주최씨종가2,5,1,6
2026-05-31,교항리마을입구건너,2,4,6
2026-05-31,내리리,5,1,6
2026-05-31,달산2리,6,0,6
2026-05-31,대암2리1,6,0,6
2026-05-31,대암내길2,1,5,6
2026-05-31,대흥리,4,2,6
2026-05-31,마비정삼거리1,2,4,6
2026-05-31,미성2리,2,4,6
2026-05-31,미성2리,6,0,6
2026-05-31,백학2리,6,0,6
2026-05-31,백학삼거리,0,6,6
2026-05-31,봉황2리,4,2,6
2026-05-31,부남교1,0,6,6
2026-05-31,불로리,6,0,6
2026-05-31,삼산2리,0,6,6
2026-05-31,삼산2리,5,1,6
2026-05-31,연호동,0,6,6
2026-05-31,용대리,6,0,6
2026-05-31,이현고개삼거리(시내방향),1,5,6
2026-05-31,인곡리,6,0,6
2026-05-31,정대숲건너,0,6,6
2026-05-31,하빈우체국앞,0,6,6
2026-05-31,학암2리,6,0,6
2026-05-31,화계3리,6,0,6
2026-05-31,가암1리,4,1,5
2026-05-31,가암1리,5,0,5
2026-05-31,구라리,0,5,5
2026-05-31,달산2리-음지말,5,0,5
2026-05-31,도동제1경로당건너,0,5,5
2026-05-31,매성1리,0,5,5
2026-05-31,사창마을건너,2,3,5
2026-05-31,삼국유사테마파크앞,5,0,5
2026-05-31,서경리,4,1,5
2026-05-31,연계1리,5,0,5
2026-05-31,오리(양지마을앞),1,4,5
2026-05-31,용수동1,3,2,5
2026-05-31,의흥면보건지소,4,1,5
2026-05-31,창평2리,1,4,5
2026-05-31,천내영남맨션,4,1,5
2026-05-31,큰마을건너,0,5,5
2026-05-31,가암1리,4,0,4
2026-05-31,거매리,4,0,4
2026-05-31,구룡촌건너,0,4,4
2026-05-31,군위군농산물공판장,0,4,4
2026-05-31,금강역1,4,0,4
2026-05-31,기곡리1,4,0,4
2026-05-31,노행1리-산촌마을,0,4,4
2026-05-31,달산1리(군위농협옆방면),4,0,4
2026-05-31,달산2리-법주,4,0,4
2026-05-31,달산리,2,2,4
2026-05-31,달산리,4,0,4
2026-05-31,달서천하수종말처리장앞,0,4,4
2026-05-31,목단2리2,0,4,4
2026-05-31,묘2리(전마)건너,0,4,4
2026-05-31,무등2리,1,3,4
2026-05-31,문덕리 입구,4,0,4
2026-05-31,박석진교,1,3,4
2026-05-31,백학1리,1,3,4
2026-05-31,본리근린공원앞,0,4,4
2026-05-31,봉산2리,4,0,4
2026-05-31,봉산리,4,0,4
2026-05-31,봉황1리,4,0,4
2026-05-31,비산5동행정복지센터,3,1,4
2026-05-31,사효교2,1,3,4
2026-05-31,삼산2리,4,0,4
2026-05-31,상원리(전평못식당)2,1,3,4
2026-05-31,성1리,2,2,4
2026-05-31,수북1리-하리마을,4,0,4
2026-05-31,수서2리,2,2,4
2026-05-31,신덕1리,4,0,4
2026-05-31,양지리,4,0,4
2026-05-31,음리2,2,2,4
2026-05-31,이지리,0,4,4
2026-05-31,이화3리,4,0,4
2026-05-31,자리미마을1,2,2,4
2026-05-31,정대2리(잿들마을)앞,0,4,4
2026-05-31,파전리,1,3,4
2026-05-31,화계1리,4,0,4
2026-05-31,화수리,4,0,4
2026-05-31,나호리,0,3,3
2026-05-31,달산,3,0,3
2026-05-31,달서천하수종말처리장건너,3,0,3
2026-05-31,대구환경공단달성사업소건너,2,1,3
2026-05-31,대구환경공단달성사업소앞,0,3,3
2026-05-31,대산,2,1,3
2026-05-31,도동복합운동장앞,0,3,3
2026-05-31,마비정길2,3,0,3
2026-05-31,마시1리 건너,3,0,3
2026-05-31,모래정마을앞,1,2,3
2026-05-31,목단1리마을회관건너,2,1,3
2026-05-31,봉림1리,1,2,3
2026-05-31,산성면 행정복지센터,3,0,3
2026-05-31,삼산2리,3,0,3
2026-05-31,송원1,1,2,3
2026-05-31,연계1리,1,2,3
2026-05-31,연젓마을입구,1,2,3
2026-05-31,원산3리,3,0,3
2026-05-31,이화3리,1,2,3
2026-05-31,인각사,2,1,3
2026-05-31,징리보건소,3,0,3
2026-05-31,학성1리,2,1,3
2026-05-31,학성2리-용아-괴산-장곡1,2,1,3
2026-05-31,가암리,2,0,2
2026-05-31,거매리 로타리,2,0,2
2026-05-31,구지중학교건너,1,1,2
2026-05-31,남산2리,0,2,2
2026-05-31,내곡마을입구건너,0,2,2
2026-05-31,내량2리,2,0,2
2026-05-31,달산-양산골,2,0,2
2026-05-31,달산2리-음지말,2,0,2
2026-05-31,대구보훈요양원건너,0,2,2
2026-05-31,대암내길1,2,0,2
2026-05-31,대율리,1,1,2
2026-05-31,대흥2리,0,2,2
2026-05-31,도장마을,0,2,2
2026-05-31,마비정길1,0,2,2
2026-05-31,묘2리(고려정밀)건너,1,1,2
2026-05-31,미성교,1,1,2
2026-05-31,병수2리 마을회관,1,1,2
2026-05-31,봉산2리,2,0,2
2026-05-31,산대 전원마을,0,2,2
2026-05-31,상중심마을1,2,0,2
2026-05-31,솔비식당입구,0,2,2
2026-05-31,수리리,2,0,2
2026-05-31,수북1리-하리마을,0,2,2
2026-05-31,수서,2,0,2
2026-05-31,신계리(도산리우무실방면),1,1,2
2026-05-31,신무1교1,0,2,2
2026-05-31,양방마을건너,0,2,2
2026-05-31,양지리,0,2,2
2026-05-31,옥전길 입구,2,0,2
2026-05-31,원산2리,2,0,2
2026-05-31,위성리,0,2,2
2026-05-31,정리,2,0,2
2026-05-31,제2석굴암,0,2,2
2026-05-31,현풍읍행정복지센터앞,0,2,2
2026-05-31,화수1리,0,2,2
2026-05-31,가암1리,0,1,1
2026-05-31,고곡1리,1,0,1
2026-05-31,고곡보건지소,0,1,1
2026-05-31,광현2리,1,0,1
2026-05-31,구라리2,0,1,1
2026-05-31,군위군농산물공판장,1,0,1
2026-05-31,금강역2,0,1,1
2026-05-31,금매1리,1,0,1
2026-05-31,나호1리,1,0,1
2026-05-31,내리2,0,1,1
2026-05-31,노행1리,0,1,1
2026-05-31,노행리앞,1,0,1
2026-05-31,농연서당1,1,0,1
2026-05-31,달산,1,0,1
2026-05-31,달산1리,1,0,1
2026-05-31,달산2리,1,0,1
2026-05-31,달성도서관건너,0,1,1
2026-05-31,달성스포츠파크앞,0,1,1
2026-05-31,대암1리2,0,1,1
2026-05-31,도동서원,1,0,1
2026-05-31,도채건너,0,1,1
2026-05-31,동산1리,0,1,1
2026-05-31,마시1리,1,0,1
2026-05-31,마시1리 입구 건너,1,0,1
2026-05-31,매곡2리,1,0,1
2026-05-31,모산교,1,0,1
2026-05-31,백학1리,1,0,1
2026-05-31,백학2리,1,0,1
2026-05-31,봉림2리,1,0,1
2026-05-31,사직2리,1,0,1
2026-05-31,사창마을앞,0,1,1
2026-05-31,삼산2리,1,0,1
2026-05-31,석산리,0,1,1
2026-05-31,송원리,0,1,1
2026-05-31,신세월입구2,0,1,1
2026-05-31,신화2리,1,0,1
2026-05-31,양지리,0,1,1
2026-05-31,연호역(3번출구)건너,0,1,1
2026-05-31,외량2리,1,0,1
2026-05-31,우보역,0,1,1
2026-05-31,운산,1,0,1
2026-05-31,인곡리,1,0,1
2026-05-31,지호1리-안태동,0,1,1
2026-05-31,창평리,1,0,1
2026-05-31,천내우방1차,0,1,1
2026-05-31,터실마을,1,0,1
2026-05-31,파전리,1,0,1
2026-05-31,하곡리-속골,1,0,1
2026-05-31,하목정(종점),0,1,1
2026-05-31,한정3리,1,0,1
2026-05-31,행정2리건너,0,1,1
2026-05-31,현내2리중방마을앞,0,1,1
2026-06-30,약령시건너(동성로입구),144750,26939,171689
2026-06-30,경상감영공원앞,99787,64721,164508
2026-06-30,동대구역건너,102362,41985,144347
2026-06-30,동대구역,90392,34943,125335
2026-06-30,약령시앞,78137,39742,117879
2026-06-30,반월당역(2번출구),79918,34310,114228
2026-06-30,아양교역(1번출구),58118,52285,110403
2026-06-30,동구청건너,75649,30091,105740
2026-06-30,동대구역복합환승센터앞,68286,31297,99583
2026-06-30,2.28기념중앙공원앞,74918,20903,95821
2026-06-30,경상감영공원건너,70484,15763,86247
2026-06-30,서부정류장1,69900,14692,84592
2026-06-30,CGV대구한일건너,64070,18861,82931
2026-06-30,진천역(2번출구),48019,33329,81348
2026-06-30,동대구역복합환승센터건너,65564,12711,78275
2026-06-30,상인현대맨션건너,66204,7565,73769
2026-06-30,서부정류장(관문시장건너),60267,13310,73577
2026-06-30,섬유회관앞,52893,17999,70892
2026-06-30,큰장네거리1,59457,10390,69847
2026-06-30,아양교역(2번출구),57008,11432,68440
2026-06-30,경신고등학교앞,51729,12770,64499
2026-06-30,경신고등학교건너,55238,8929,64167
2026-06-30,서구청건너,53280,9930,63210
2026-06-30,강남약국건너,49391,12683,62074
2026-06-30,곽병원건너,37633,23356,60989
2026-06-30,감삼역(3번출구),42586,18378,60964
2026-06-30,동구청앞,48268,12019,60287
2026-06-30,산격종합시장앞,44611,15380,59991
2026-06-30,경북대학교북문건너,54796,3859,58655
2026-06-30,2.28기념중앙공원건너1,42702,15445,58147
2026-06-30,서구청앞,43462,13818,57280
2026-06-30,산격대우아파트앞,47099,10052,57151
2026-06-30,영진고등학교앞,35770,19445,55215
2026-06-30,진천역(1번출구),46166,8556,54722
2026-06-30,두류역(달성고등학교앞),39786,13964,53750
2026-06-30,평화시장(닭똥집골목)앞,40111,12559,52670
2026-06-30,복현오거리1,40350,10924,51274
2026-06-30,영진전문대학교후문앞,34341,16737,51078
2026-06-30,칠성시장앞1,37882,12701,50583
2026-06-30,큰장네거리2,32459,18044,50503
2026-06-30,그랜드호텔앞,38389,11925,50314
2026-06-30,북부정류장,36409,12807,49216
2026-06-30,반월당역(1번출구)1,37542,11042,48584
2026-06-30,만촌육교1,40157,7569,47726
2026-06-30,계명대학교동문건너2,37872,9641,47513
2026-06-30,이시아폴리스더샵3단지,43038,4257,47295
2026-06-30,서부정류장(관문시장앞),37257,9247,46504
2026-06-30,그랜드호텔건너,31142,15310,46452
2026-06-30,강남약국앞1,34964,10579,45543
2026-06-30,대구은행북비산지점앞,36124,9122,45246
2026-06-30,북부정류장건너,31589,13336,44925
2026-06-30,동아백화점수성점앞,41690,3067,44757
2026-06-30,서부정류장역1(1번출구),19711,24600,44311
2026-06-30,신매광장앞,35988,8252,44240
2026-06-30,섬유회관건너1,28071,16023,44094
2026-06-30,복현우체국건너,37371,6524,43895
2026-06-30,대구역앞,34025,9735,43760
2026-06-30,화원초등학교건너,38852,4694,43546
2026-06-30,영남고등학교앞,36258,6734,42992
2026-06-30,만촌역(1번출구)2,35030,7104,42134
2026-06-30,상인역(1번출구),22876,18973,41849
2026-06-30,경북대학교병원앞,34151,7604,41755
2026-06-30,서부시장건너,31075,10474,41549
2026-06-30,명덕역(6번출구),29757,11720,41477
2026-06-30,대구과학대학교2,35659,5347,41006
2026-06-30,대구은행역(2번출구),32900,7613,40513
2026-06-30,봉덕1동행정복지센터앞,24416,15576,39992
2026-06-30,범물1동행정복지센터앞,36019,3796,39815
2026-06-30,공고네거리1,27726,11819,39545
2026-06-30,수목원삼성래미안1차건너,19824,19350,39174
2026-06-30,용산네거리2,31559,7583,39142
2026-06-30,법원앞,31088,7836,38924
2026-06-30,한영한마음아동병원앞,25813,13105,38918
2026-06-30,불로전통시장건너,35248,3622,38870
2026-06-30,서남시장건너,25762,13045,38807
2026-06-30,칠성시장건너,26444,12135,38579
2026-06-30,서대구역(남측)1,29897,8438,38335
2026-06-30,상인현대맨션앞,13845,24303,38148
2026-06-30,경북대학교북문앞,23084,14917,38001
2026-06-30,KT동대구지사건너,22958,14891,37849
2026-06-30,수성경찰서건너,28979,8708,37687
2026-06-30,더샵달서센트럴아파트건너,30887,6609,37496
2026-06-30,중구청앞,21840,14718,36558
2026-06-30,2차서한화성타운건너,32414,3826,36240
2026-06-30,성서주공2단지앞,32417,3765,36182
2026-06-30,수성구청앞,26567,9225,35792
2026-06-30,큰장네거리4,25872,9830,35702
2026-06-30,대구제일고등학교앞,18912,16700,35612
2026-06-30,경북대학교치과병원,22745,12793,35538
2026-06-30,약령시입구,31489,4043,35532
2026-06-30,서문시장,28672,6793,35465
2026-06-30,새길시장앞,29267,6029,35296
2026-06-30,팔달시장앞,24911,10318,35229
2026-06-30,태전역1,25332,9689,35021
2026-06-30,대실역(2번출구),32852,2086,34938
2026-06-30,영진전문대학교후문건너,27888,7018,34906
2026-06-30,계명대학교동문앞,20910,13983,34893
2026-06-30,서부시장앞,25285,9556,34841
2026-06-30,대구제일고등학교건너,24995,9489,34484
2026-06-30,욱수초등학교앞,32718,1407,34125
2026-06-30,경대사대부설고등학교앞,22437,11638,34075
2026-06-30,법원건너,17207,16828,34035
2026-06-30,성서종합시장앞,26959,6876,33835
2026-06-30,수성구청건너,21266,12526,33792
2026-06-30,봉산문화거리건너,21544,12180,33724
2026-06-30,안지랑네거리2,23548,10145,33693
2026-06-30,팔달시장건너,27216,6253,33469
2026-06-30,월성주공4단지건너,28416,4998,33414
2026-06-30,농협중앙회앞,18848,14391,33239
2026-06-30,수성대학교건너,26234,6942,33176
2026-06-30,화원초등학교앞,21764,11293,33057
2026-06-30,도시철도담티역(1번출구),26911,6044,32955
2026-06-30,파티마병원건너1,14636,18296,32932
2026-06-30,현대해상건너,23352,9572,32924
2026-06-30,대구역건너,25553,7352,32905
2026-06-30,대구콘서트하우스건너,16820,16048,32868
2026-06-30,경북대학교정문앞,26574,6272,32846
2026-06-30,대구중앙중고등학교앞,25658,7104,32762
2026-06-30,성당시장앞2,28616,4046,32662
2026-06-30,아양교2,14184,18460,32644
2026-06-30,곽병원앞1,21098,11261,32359
2026-06-30,영대병원역,28373,3840,32213
2026-06-30,서대구역(남측)2,21834,10278,32112
2026-06-30,평리청구타운앞,24506,7566,32072
2026-06-30,계명문화대학교앞,14663,17389,32052
2026-06-30,성모여성의원앞,21214,10740,31954
2026-06-30,코스트코홀세일앞/복현화성타운건너,28859,3092,31951
2026-06-30,동대구역화성파크드림,18802,13139,31941
2026-06-30,대곡강산타운,28496,3235,31731
2026-06-30,유가읍행정복지센터건너,27272,4358,31630
2026-06-30,영대병원역(3번출구),21684,9945,31629
2026-06-30,진달래아파트앞,22038,9516,31554
2026-06-30,대명시장앞,25906,5568,31474
2026-06-30,남문시장앞,20610,10762,31372
2026-06-30,대구은행역(1번출구),22636,8688,31324
2026-06-30,상인역e-편한세상앞,8791,22453,31244
2026-06-30,대구고등학교건너,22359,8839,31198
2026-06-30,달서교회앞,19826,11336,31162
2026-06-30,대구국제공항앞,20051,11082,31133
2026-06-30,만평역(서대구고속버스터미널)2,21436,9557,30993
2026-06-30,수성경찰서앞,19792,11076,30868
2026-06-30,대명역(1번출구),25691,4973,30664
2026-06-30,수성구보건소건너,27576,3028,30604
2026-06-30,동서화성타운건너,28629,1849,30478
2026-06-30,구)대영학원앞,21437,8778,30215
2026-06-30,명덕역(7번출구),22081,8094,30175
2026-06-30,큰장네거리3,24415,5755,30170
2026-06-30,경북대학교 경상대학앞,27520,2603,30123
2026-06-30,성당시장건너,23291,6785,30076
2026-06-30,복현대백맨션건너,26703,3187,29890
2026-06-30,신매광장건너,23735,5742,29477
2026-06-30,대실역(4번출구),28397,1032,29429
2026-06-30,한전서대구지사건너,19058,10329,29387
2026-06-30,두류스타힐스앞,23500,5844,29344
2026-06-30,월성e-편한세상건너,21211,8063,29274
2026-06-30,평리청구타운건너,23168,6091,29259
2026-06-30,서대구세무서,9231,19920,29151
2026-06-30,두류역(달성고등학교건너),21895,7224,29119
2026-06-30,죽전네거리1,23884,5161,29045
2026-06-30,월성2동행정복지센터앞,26212,2828,29040
2026-06-30,세강병원앞,9229,19736,28965
2026-06-30,대구동부고용복지플러스센터,22510,6447,28957
2026-06-30,방촌시장건너,25719,3079,28798
2026-06-30,용산역(2번출구),24296,4284,28580
2026-06-30,메트로팔레스2,25207,3217,28424
2026-06-30,수목원삼성래미안1차앞,21033,7352,28385
2026-06-30,침산코오롱하늘채앞,24013,4344,28357
2026-06-30,용산2동행정복지센터앞,24678,3623,28301
2026-06-30,중구청건너,22338,5847,28185
2026-06-30,칠곡운암역1,23403,4637,28040
2026-06-30,수성대학교앞,14427,13506,27933
2026-06-30,신세계병원건너,15689,12079,27768
2026-06-30,원대역2,23418,4329,27747
2026-06-30,영진고등학교건너,23299,4408,27707
2026-06-30,대구중앙중고등학교건너,22555,5113,27668
2026-06-30,KT남대구지사앞1,19357,8023,27380
2026-06-30,반야월역(2번출구),25802,1552,27354
2026-06-30,대구역북편네거리2,14200,13089,27289
2026-06-30,신암2동우체국,17974,9306,27280
2026-06-30,팔레스호텔건너,21453,5699,27152
2026-06-30,대구과학기술고등학교앞,24984,2100,27084
2026-06-30,원대역1,14009,13057,27066
2026-06-30,이마트칠성점앞,24013,2933,26946
2026-06-30,태전역2,22381,4526,26907
2026-06-30,남산역건너,18677,8206,26883
2026-06-30,대구과학대학교1,18122,8754,26876
2026-06-30,팔달신시장,20621,6226,26847
2026-06-30,남문시장건너2,12002,14756,26758
2026-06-30,동대구시장앞,20582,6134,26716
2026-06-30,제일여자상업고등학교건너,20907,5787,26694
2026-06-30,평화시장(닭똥집골목)건너,19593,7101,26694
2026-06-30,죽전네거리2,21079,5577,26656
2026-06-30,한전동대구지사,21563,4787,26350
2026-06-30,대실역(1번출구),17311,9018,26329
2026-06-30,세천초등학교앞,25349,847,26196
2026-06-30,비산지하도2,20894,5166,26060
2026-06-30,한국폴리텍VI대구대학건너,18553,7374,25927
2026-06-30,문화예술회관건너,20118,5765,25883
2026-06-30,달서교회건너,19521,6305,25826
2026-06-30,대명공연거리건너,17165,8532,25697
2026-06-30,수성알파시티역(5번출구),18648,7035,25683
2026-06-30,계명대학교정문건너,24135,1535,25670
2026-06-30,우방청솔맨션앞,15685,9966,25651
2026-06-30,CGV대구한일앞,21521,4089,25610
2026-06-30,칠곡그린파크2,19763,5843,25606
2026-06-30,우방강촌마을건너,23824,1674,25498
2026-06-30,내당삼익맨션앞,14038,11389,25427
2026-06-30,송현역(3번출구),16190,9231,25421
2026-06-30,화원고등학교앞,8156,17234,25390
2026-06-30,서재금봉타운건너,24297,1072,25369
2026-06-30,메트로팔레스1,20680,4646,25326
2026-06-30,문성병원앞,18791,6468,25259
2026-06-30,현대해상앞,20824,4333,25157
2026-06-30,명덕초등학교앞,18508,6612,25120
2026-06-30,구.남부정류장앞1,20631,4457,25088
2026-06-30,서구시장건너,18728,6345,25073
2026-06-30,공단역2,16732,8307,25039
2026-06-30,현충로역(3번출구),18962,5972,24934
2026-06-30,원대동행정복지센터앞,20487,4407,24894
2026-06-30,와룡시장앞,15636,9226,24862
2026-06-30,정화우방팔레스건너,21002,3784,24786
2026-06-30,명덕초등학교건너,14798,9966,24764
2026-06-30,2호선반월당역1,19042,5687,24729
2026-06-30,대백인터빌건너,16865,7859,24724
2026-06-30,산격주공아파트앞,20970,3650,24620
2026-06-30,기업은행대곡지점앞,23802,810,24612
2026-06-30,반야월역(3번출구),14055,10525,24580
2026-06-30,불로삼거리,15125,9383,24508
2026-06-30,대구삼성창조캠퍼스3,15432,9069,24501
2026-06-30,현충로역(4번출구),16634,7866,24500
2026-06-30,수성롯데캐슬더퍼스트앞,17852,6431,24283
2026-06-30,중리롯데캐슬앞,19359,4873,24232
2026-06-30,칠곡그린파크1,19645,4532,24177
2026-06-30,구병원앞,17583,6540,24123
2026-06-30,강창역(2번출구),22686,1390,24076
2026-06-30,계명대학교 대구동산병원앞1,18946,5058,24004
2026-06-30,경북대학교병원건너,14563,9440,24003
2026-06-30,무태네거리(시내방향),16599,7351,23950
2026-06-30,문화예술회관앞,19393,4532,23925
2026-06-30,시지보성아파트앞,16325,7527,23852
2026-06-30,수성알파시티역(1번출구),17237,6575,23812
2026-06-30,안지랑네거리1,18194,5404,23598
2026-06-30,경일여자고등학교건너,21432,2148,23580
2026-06-30,화원고등학교건너,21599,1814,23413
2026-06-30,서남시장앞1,18615,4792,23407
2026-06-30,조암초등학교앞,21028,2367,23395
2026-06-30,범물청구타운앞,19908,3456,23364
2026-06-30,대구공공시설관리공단앞,9396,13867,23263
2026-06-30,한가람타운앞,19182,4036,23218
2026-06-30,두류수영장앞,17056,6155,23211
2026-06-30,동대구역지하도2,18957,4249,23206
2026-06-30,신평리네거리2,17851,5351,23202
2026-06-30,대명시장건너,18087,4978,23065
2026-06-30,대구가톨릭대학병원앞,19517,3513,23030
2026-06-30,대구고용복지플러스센터건너,14969,8055,23024
2026-06-30,안심지구대앞,19270,3612,22882
2026-06-30,불로우방아파트앞,17790,4938,22728
2026-06-30,상인우방아파트,10870,11852,22722
2026-06-30,상동우체국앞,19703,2963,22666
2026-06-30,대구콘서트하우스앞,16732,5933,22665
2026-06-30,성모여성의원건너,17161,5497,22658
2026-06-30,명성푸르지오앞,20352,2301,22653
2026-06-30,설화명곡역우방아이유쉘건너,5145,17508,22653
2026-06-30,북구청역(4번출구),19412,3170,22582
2026-06-30,중동시장앞,19075,3479,22554
2026-06-30,KT서대구지사건너,17983,4498,22481
2026-06-30,칠성시장역(서문프라자앞),20130,2315,22445
2026-06-30,방촌시장앞,15094,7338,22432
2026-06-30,칠곡에덴타운앞,15422,6939,22361
2026-06-30,침산3동행정복지센터,19701,2591,22292
2026-06-30,대구은행제2본점앞,16336,5908,22244
2026-06-30,성서종합시장건너,14356,7887,22243
2026-06-30,정화우방팔레스,14746,7478,22224
2026-06-30,대구가톨릭대학병원건너,18088,4114,22202
2026-06-30,한전서대구지사앞,16734,5415,22149
2026-06-30,대구은행칠곡지점앞,17319,4814,22133
2026-06-30,두류수영장건너,16956,5173,22129
2026-06-30,진달래아파트건너,15886,6174,22060
2026-06-30,상인역(5번출구),4657,17363,22020
2026-06-30,두류정수사업소건너,19796,2223,22019
2026-06-30,범어역(1번출구),17786,4216,22002
2026-06-30,올림픽기념관앞,18373,3616,21989
2026-06-30,수성네거리2,17038,4946,21984
2026-06-30,동인찜갈비골목건너,15464,6517,21981
2026-06-30,검단유성아파트앞,18518,3387,21905
2026-06-30,서대구초등학교입구,15876,5873,21749
2026-06-30,북구청건너,16658,5033,21691
2026-06-30,동서화성타운앞,17110,4545,21655
2026-06-30,만평네거리,12494,9073,21567
2026-06-30,대백프라자건너,16842,4686,21528
2026-06-30,월성청구코아건너,19111,2393,21504
2026-06-30,경북예고앞,17745,3721,21466
2026-06-30,고산도서관,15207,6246,21453
2026-06-30,대명공연거리앞,16619,4756,21375
2026-06-30,대구역북편네거리1,17409,3810,21219
2026-06-30,중동시장건너,14296,6919,21215
2026-06-30,국민건강보험공단건너,18410,2789,21199
2026-06-30,2차서한화성타운앞,15403,5795,21198
2026-06-30,신평리네거리1,11758,9419,21177
2026-06-30,현대백화점.동아쇼핑건너,14466,6707,21173
2026-06-30,수성시장네거리2,15073,6096,21169
2026-06-30,KT서대구지사앞,13248,7919,21167
2026-06-30,동아백화점수성점건너,12844,8129,20973
2026-06-30,칠곡운암역2,15129,5836,20965
2026-06-30,대구공공시설관리공단건너,15903,5004,20907
2026-06-30,대구보건고등학교건너,14832,6028,20860
2026-06-30,불로전통시장앞,14291,6551,20842
2026-06-30,만촌역(2번출구),12187,8646,20833
2026-06-30,연암네거리1,14020,6753,20773
2026-06-30,캐슬골드파크(1102동),16786,3930,20716
2026-06-30,경북아파트건너(신천동),4620,16084,20704
2026-06-30,황금네거리1,19030,1631,20661
2026-06-30,도시철도담티역(3번출구),14884,5660,20544
2026-06-30,트레이더스홀세일클럽비산점앞,16177,4350,20527
2026-06-30,보성화성타운건너,17713,2711,20424
2026-06-30,침산화성파크드림앞,16908,3375,20283
2026-06-30,월성주공4단지앞2,14896,5254,20150
2026-06-30,경북대체육센터건너,18794,1326,20120
2026-06-30,유천교(진천초등학교앞),11757,8348,20105
2026-06-30,아양교3,2492,17604,20096
2026-06-30,월촌역(6번출구),17449,2642,20091
2026-06-30,KT동대구지사앞,17562,2527,20089
2026-06-30,대신미싱골목앞,12844,7241,20085
2026-06-30,대구교육대앞,16221,3858,20079
2026-06-30,경진초등학교앞,18310,1750,20060
2026-06-30,동대구역지하도1,13720,6318,20038
2026-06-30,대구은행북비산지점건너1,15245,4761,20006
2026-06-30,대명역(2번출구),16013,3825,19838
2026-06-30,태전삼거리2,14585,5221,19806
2026-06-30,고산2동행정복지센터건너,12939,6837,19776
2026-06-30,한국폴리텍VI대구대학앞,13214,6557,19771
2026-06-30,유가읍행정복지센터앞,12587,7182,19769
2026-06-30,복현오거리2,13186,6552,19738
2026-06-30,방천시장(김광석길)건너,14778,4931,19709
2026-06-30,공단역1,12173,7482,19655
2026-06-30,대구고용복지플러스센터앞,14891,4761,19652
2026-06-30,월성푸르지오앞,14644,5003,19647
2026-06-30,동호육교2,18681,855,19536
2026-06-30,죽전119안전센터앞,13725,5771,19496
2026-06-30,봉덕교회건너,16627,2862,19489
2026-06-30,월성e-편한세상앞,14173,5308,19481
2026-06-30,유니버시아드선수촌2단지건너,14814,4656,19470
2026-06-30,동인찜갈비골목앞,13406,6017,19423
2026-06-30,사월역(4번출구),11916,7494,19410
2026-06-30,올림픽기념관건너,14554,4838,19392
2026-06-30,대구학교지원센터건너 (대구학생예술창작터건너),8364,10973,19337
2026-06-30,범어쌍용예가건너(호텔라온제나),13110,6113,19223
2026-06-30,동호공영차고지건너,18212,992,19204
2026-06-30,성당두산위브앞,17388,1781,19169
2026-06-30,구)대영학원건너,15093,4064,19157
2026-06-30,유천포스코앞,13874,5237,19111
2026-06-30,대구과학기술고등학교건너,10993,8060,19053
2026-06-30,봉산문화거리앞,14668,4346,19014
2026-06-30,원대시장앞,11844,7094,18938
2026-06-30,대백한라무지개타운건너,17516,1394,18910
2026-06-30,경북예고건너,11015,7874,18889
2026-06-30,대곡역(1번출구),15741,3070,18811
2026-06-30,신암공원,16640,2148,18788
2026-06-30,성서119안전센터앞,17741,1037,18778
2026-06-30,수성3가롯데캐슬앞,11311,7460,18771
2026-06-30,대구농업마이스터고건너,15597,3173,18770
2026-06-30,봉무공원앞,13711,5044,18755
2026-06-30,월성청구코아앞,13618,5135,18753
2026-06-30,장기초록나라건너,9028,9712,18740
2026-06-30,계명대학교대명캠퍼스앞,11774,6943,18717
2026-06-30,영남이공대학교앞,16973,1718,18691
2026-06-30,대구교통공사앞,16493,2170,18663
2026-06-30,청구그린맨션1차앞,15178,3473,18651
2026-06-30,더샵디어엘로아파트,15058,3527,18585
2026-06-30,동도중학교앞,16004,2537,18541
2026-06-30,고산2동행정복지센터앞,16926,1602,18528
2026-06-30,수성시장네거리1,14882,3615,18497
2026-06-30,문성병원건너,13015,5466,18481
2026-06-30,두리봉네거리1,4201,14227,18428
2026-06-30,감삼네거리1,11842,6553,18395
2026-06-30,청구고등학교앞,14651,3671,18322
2026-06-30,방촌역(1번출구),14078,4239,18317
2026-06-30,성서우방타운건너,14367,3860,18227
2026-06-30,대구교통방송앞,15806,2417,18223
2026-06-30,미리내맨션건너,16990,1221,18211
2026-06-30,수창공원앞(중구보건소건너),12534,5654,18188
2026-06-30,대구도시개발공사앞,14453,3723,18176
2026-06-30,성당코오롱하늘채2,12051,6095,18146
2026-06-30,남부경찰서앞,12973,5087,18060
2026-06-30,오페라삼정그린코아APT,11473,6566,18039
2026-06-30,용계삼거리1,9027,9000,18027
2026-06-30,사수초등학교앞,17750,272,18022
2026-06-30,지산목련아파트건너,16521,1463,17984
2026-06-30,송현역(2번출구),15009,2870,17879
2026-06-30,상인비둘기2단지아파트앞,14755,3097,17852
2026-06-30,남산초등학교앞,11078,6757,17835
2026-06-30,대구교육대건너,11192,6592,17784
2026-06-30,대명초등학교앞,12257,5436,17693
2026-06-30,서구시장앞,12109,5562,17671
2026-06-30,사월역(2번출구),14470,3174,17644
2026-06-30,봉덕시장앞1,16028,1592,17620
2026-06-30,대구보건고등학교앞,13532,4047,17579
2026-06-30,북구청앞,11547,5902,17449
2026-06-30,강북경찰서앞,15901,1539,17440
2026-06-30,구.동부정류장(메트로팔레스),11780,5657,17437
2026-06-30,북구청역(3번출구),11452,5883,17335
2026-06-30,복현우체국앞,9196,8117,17313
2026-06-30,신기역(화성타운앞),14085,3131,17216
2026-06-30,대구학교지원센터앞 (대구학생예술창작터앞),12405,4760,17165
2026-06-30,남산역,13227,3936,17163
2026-06-30,남산초등학교건너,14488,2675,17163
2026-06-30,대곡주공8단지앞,14549,2596,17145
2026-06-30,월성주공2단지앞,14446,2695,17141
2026-06-30,국민건강보험공단앞,9758,7379,17137
2026-06-30,월배역(4번출구),11843,5274,17117
2026-06-30,상인장미아파트앞,13369,3697,17066
2026-06-30,달서구청건너,13454,3585,17039
2026-06-30,2호선반월당역2,11509,5520,17029
2026-06-30,월배역(3번출구),11449,5532,16981
2026-06-30,상인동서타운앞,15141,1829,16970
2026-06-30,범물한라주택건너,16049,920,16969
2026-06-30,시지중학교,15738,1214,16952
2026-06-30,계명대학교대명캠퍼스건너,11292,5630,16922
2026-06-30,고산역화성파크드림건너,13342,3530,16872
2026-06-30,청구그린맨션1차건너,13434,3436,16870
2026-06-30,칠곡에덴타운건너,12042,4807,16849
2026-06-30,유천교1,12129,4683,16812
2026-06-30,경북고등학교앞,15198,1513,16711
2026-06-30,만촌역서한포레스트앞,8341,8354,16695
2026-06-30,율하역(2번출구),12268,4418,16686
2026-06-30,캐슬골드파크4단지앞,14093,2593,16686
2026-06-30,고산역화성파크드림앞,12625,4029,16654
2026-06-30,만촌육교2,8538,8071,16609
2026-06-30,동촌강나루아파트앞,5521,11075,16596
2026-06-30,황금네거리2,9741,6846,16587
2026-06-30,서남시장앞2,13787,2795,16582
2026-06-30,만촌2동행정복지센터,14512,2042,16554
2026-06-30,태전삼거리1,10756,5773,16529
2026-06-30,반야월시장2,14453,2049,16502
2026-06-30,TBC건너,15162,1327,16489
2026-06-30,대구차여성병원앞,14073,2332,16405
2026-06-30,동인초등학교건너,11632,4770,16402
2026-06-30,월촌역(7번출구),13447,2942,16389
2026-06-30,월배시장건너,9724,6624,16348
2026-06-30,내당코오롱아파트건너,6601,9709,16310
2026-06-30,대동시장2,15019,1246,16265
2026-06-30,우방청솔맨션건너,11969,4276,16245
2026-06-30,청구고등학교건너,13340,2905,16245
2026-06-30,광장타운앞,12647,3573,16220
2026-06-30,대구보건대학교3,10748,5409,16157
2026-06-30,대곡주공2단지앞,15235,906,16141
2026-06-30,두류동우체국앞,10553,5568,16121
2026-06-30,한전동대구지사건너,11999,4120,16119
2026-06-30,대구여자상업고등학교앞,13240,2859,16099
2026-06-30,지저동행정복지센터건너,13881,2156,16037
2026-06-30,반야월시장1,10891,5060,15951
2026-06-30,방천시장(김광석길)앞,12128,3821,15949
2026-06-30,조암초등학교건너,13331,2590,15921
2026-06-30,신세계병원앞,7355,8559,15914
2026-06-30,대일아파트건너,9428,6485,15913
2026-06-30,구병원건너,9092,6748,15840
2026-06-30,곽병원앞2,11416,4423,15839
2026-06-30,대구반도체마이스터고등학교 앞,14006,1750,15756
2026-06-30,신암4동행정복지센터앞,4771,10978,15749
2026-06-30,성동초등학교앞,13334,2360,15694
2026-06-30,동부소방서건너,1130,14557,15687
2026-06-30,큰고개오거리1,13978,1694,15672
2026-06-30,대구보건대학교4,12538,3119,15657
2026-06-30,대백인터빌앞,10819,4824,15643
2026-06-30,동대구시장건너,12042,3588,15630
2026-06-30,퀸벨호텔건너,13669,1876,15545
2026-06-30,한영한마음아동병원건너,11441,4104,15545
2026-06-30,산격중학교건너,6627,8837,15464
2026-06-30,지산타운건너,14374,1082,15456
2026-06-30,수성구보건소앞,10037,5358,15395
2026-06-30,동서변리벤빌,13521,1861,15382
2026-06-30,한국농어촌공사건너,9122,6247,15369
2026-06-30,명곡리1,14391,972,15363
2026-06-30,평화타운건너,13506,1812,15318
2026-06-30,수성도서관건너,11666,3466,15132
2026-06-30,침산화성파크드림건너,11250,3869,15119
2026-06-30,대구고등학교앞,9643,5439,15082
2026-06-30,범어역(2번출구),10123,4947,15070
2026-06-30,대봉교회,11632,3404,15036
2026-06-30,제일여자상업고등학교앞,12751,2221,14972
2026-06-30,대구공공시설관리공단동부사업소건너,12978,1984,14962
2026-06-30,만촌태왕리더스앞1,5570,9364,14934
2026-06-30,대우트럼프월드수성건너,12930,1974,14904
2026-06-30,캐슬골드파크(1504동),11409,3493,14902
2026-06-30,죽전역(1번출구),11811,2997,14808
2026-06-30,대명1동행정복지센터앞,10338,4457,14795
2026-06-30,달서구청앞,9633,5158,14791
2026-06-30,수성구민운동장앞,7521,7259,14780
2026-06-30,한화꿈에그린앞,11594,3169,14763
2026-06-30,대평리시장,13703,1050,14753
2026-06-30,영남이공대학교건너,10586,4147,14733
2026-06-30,비산초등학교앞,12752,1963,14715
2026-06-30,계명대학교동산병원건너,13817,875,14692
2026-06-30,대구병원건너,13001,1688,14689
2026-06-30,월배시장앞,13271,1380,14651
2026-06-30,불로동고분군건너,11434,3205,14639
2026-06-30,공고네거리2,11663,2936,14599
2026-06-30,대구공업대학교1,11156,3442,14598
2026-06-30,침산네거리1,12140,2418,14558
2026-06-30,월성주공5단지앞,7014,7517,14531
2026-06-30,도남힐스테이트3단지앞,13559,960,14519
2026-06-30,대구대학교대명동캠퍼스,12040,2446,14486
2026-06-30,계명대학교 대구동산병원앞2,8421,6052,14473
2026-06-30,경북고등학교건너,9558,4895,14453
2026-06-30,학산초등학교건너,11790,2657,14447
2026-06-30,대명초등학교건너,8468,5972,14440
2026-06-30,용계역(1번출구),8858,5580,14438
2026-06-30,경북대체육센터앞,4899,9538,14437
2026-06-30,명덕네거리1,11534,2890,14424
2026-06-30,동성초등학교건너,3824,10561,14385
2026-06-30,반야월역(1번출구),4124,10248,14372
2026-06-30,수성더팰리스푸르지오더샵아파트앞,13655,714,14369
2026-06-30,봉덕1동행정복지센터건너,8529,5822,14351
2026-06-30,광명프레지던트아파트건너,9424,4887,14311
2026-06-30,전자상가,11623,2662,14285
2026-06-30,경북대학교정문건너,6855,7417,14272
2026-06-30,상수도사업본부시설관리소건너,10940,3308,14248
2026-06-30,성서우방타운앞,9931,4312,14243
2026-06-30,유니버시아드레포츠센터건너,8786,5438,14224
2026-06-30,달성중학교앞,7400,6823,14223
2026-06-30,대구스마트고등학교앞,12251,1951,14202
2026-06-30,이마트월배점건너,9862,4324,14186
2026-06-30,계명대역(3번출구),11888,2289,14177
2026-06-30,태왕메트로시티후문,11649,2499,14148
2026-06-30,신기역(화성타운건너),8767,5375,14142
2026-06-30,홈플러스내당점건너,12625,1512,14137
2026-06-30,모다아울렛건너,12176,1947,14123
2026-06-30,송원맨션건너,12206,1864,14070
2026-06-30,강북소방서앞,12695,1361,14056
2026-06-30,청기와주유소건너,11787,2234,14021
2026-06-30,수목원제일풍경채앞,13811,137,13948
2026-06-30,반야월역(4번출구)1,7406,6533,13939
2026-06-30,두류공원네거리1,12356,1569,13925
2026-06-30,용산종합큰시장건너,12674,1247,13921
2026-06-30,보광병원앞,10672,3236,13908
2026-06-30,청기와주유소앞,9333,4571,13904
2026-06-30,대구차여성병원건너,5352,8542,13894
2026-06-30,칠곡동화아파트앞,12030,1858,13888
2026-06-30,성광고등학교건너,12035,1834,13869
2026-06-30,남구청건너2,5868,7975,13843
2026-06-30,북구선거관리위원회앞,8215,5607,13822
2026-06-30,대구농업마이스터고앞,5268,8535,13803
2026-06-30,동성초등학교앞,9426,4347,13773
2026-06-30,대구은행칠곡지점건너,10780,2954,13734
2026-06-30,보성화성타운앞,6651,7054,13705
2026-06-30,수성못오거리1,9038,4625,13663
2026-06-30,욱수초등학교건너,9322,4339,13661
2026-06-30,남대구IC1,12537,1088,13625
2026-06-30,지산한라타운앞,7479,6133,13612
2026-06-30,안심지구대건너,9049,4551,13600
2026-06-30,대천교,6687,6909,13596
2026-06-30,수성네거리1,9807,3783,13590
2026-06-30,엑스코앞,11694,1891,13585
2026-06-30,KT남대구지사건너1,9225,4339,13564
2026-06-30,경북공고앞,8735,4799,13534
2026-06-30,달성공원역3번출구,9713,3813,13526
2026-06-30,용산네거리1,9188,4320,13508
2026-06-30,칠곡한신아파트앞1,12751,752,13503
2026-06-30,계명대학교동문건너1,10934,2565,13499
2026-06-30,반월당역(1번출구)2,8922,4548,13470
2026-06-30,영진전문대학교정문앞,10241,3180,13421
2026-06-30,퀸벨호텔앞,6700,6701,13401
2026-06-30,국채보상운동기념공원,6833,6567,13400
2026-06-30,계명문화대학교건너,10296,3085,13381
2026-06-30,대덕맨션앞,12393,984,13377
2026-06-30,성당래미안e-편한세상앞,9499,3874,13373
2026-06-30,대청초등학교앞,13103,259,13362
2026-06-30,앞산공원,9286,4057,13343
2026-06-30,범물1동행정복지센터건너,8882,4447,13329
2026-06-30,광장타운건너,10339,2984,13323
2026-06-30,성서용산시장앞,11890,1426,13316
2026-06-30,롯데백화점상인점건너,8555,4747,13302
2026-06-30,헬로TV대구방송건너,9739,3561,13300
2026-06-30,중동교1,6294,7003,13297
2026-06-30,대구해올고교건너,5200,8089,13289
2026-06-30,동원비즈플랫폼건너,2664,10616,13280
2026-06-30,상인비둘기1단지아파트앞,12615,634,13249
2026-06-30,매곡사거리2,12885,354,13239
2026-06-30,무태네거리(시외방향),6258,6978,13236
2026-06-30,대곡역(2번출구),8748,4485,13233
2026-06-30,대구광역시교육연수원건너,12147,1077,13224
2026-06-30,국민연금네거리,9741,3409,13150
2026-06-30,대자연맨션,12524,596,13120
2026-06-30,상인동화아이위시아파트건너,12094,1022,13116
2026-06-30,서재보성타운건너,12480,623,13103
2026-06-30,팔공정보문화센터앞,10662,2440,13102
2026-06-30,비산지하도1,7979,5111,13090
2026-06-30,토지주택공사앞,11681,1369,13050
2026-06-30,침산코오롱하늘채건너,9921,3122,13043
2026-06-30,경북아파트앞(신천동),9069,3863,12932
2026-06-30,아양교1,8748,4169,12917
2026-06-30,안심역(4번출구),10785,2126,12911
2026-06-30,방촌역(2번출구),10560,2350,12910
2026-06-30,학정청아람건너,12536,372,12908
2026-06-30,대원유치원건너,6769,6110,12879
2026-06-30,명문세가APT앞,10921,1950,12871
2026-06-30,지산한라타운건너,12096,752,12848
2026-06-30,교통연수원,12011,799,12810
2026-06-30,섬유회관건너2,8097,4682,12779
2026-06-30,효동초등학교앞,10068,2678,12746
2026-06-30,서재동화아이위시건너,11008,1727,12735
2026-06-30,두리봉네거리2,9953,2764,12717
2026-06-30,파동청구하이츠,11097,1617,12714
2026-06-30,수창초등학교,9876,2799,12675
2026-06-30,대백한라무지개타운앞,10037,2629,12666
2026-06-30,안심역(5번출구),7398,5267,12665
2026-06-30,대곡사계절타운건너,11577,1079,12656
2026-06-30,신매초등학교건너,9306,3341,12647
2026-06-30,경상여자고등학교앞,8022,4621,12643
2026-06-30,상인은행아파트앞,9462,3144,12606
2026-06-30,한국방송통신전파진흥원건너,7337,5262,12599
2026-06-30,본리초등학교앞,8713,3843,12556
2026-06-30,만경관건너,7212,5293,12505
2026-06-30,성북교1,10162,2311,12473
2026-06-30,연호동화훼단지1,4322,8118,12440
2026-06-30,대일아파트앞,8917,3519,12436
2026-06-30,효신초등학교앞,10356,2049,12405
2026-06-30,범어쌍용예가앞,8931,3465,12396
2026-06-30,월성2동행정복지센터건너,10027,2345,12372
2026-06-30,유천교(진천초등학교건너),5852,6497,12349
2026-06-30,율하역(4번출구),8467,3864,12331
2026-06-30,동촌화성타운건너,10892,1431,12323
2026-06-30,옥포LH천년나무3단지앞,12063,224,12287
2026-06-30,가창면행정복지센터앞,9621,2661,12282
2026-06-30,동부경찰서앞,11442,810,12252
2026-06-30,대곡역(한라하우젠트건너),9942,2288,12230
2026-06-30,앞산청구제네스앞,10365,1863,12228
2026-06-30,비산7동우체국앞1,8533,3684,12217
2026-06-30,대곡역그린빌,7592,4603,12195
2026-06-30,동대구역(2번출구)건너,9928,2267,12195
2026-06-30,두류정수사업소앞,2888,9303,12191
2026-06-30,복현네거리,4804,7371,12175
2026-06-30,국립신암선열공원건너,5644,6515,12159
2026-06-30,반고개2,7903,4242,12145
2026-06-30,대백프라자앞,8329,3800,12129
2026-06-30,서평초등학교건너,1929,10184,12113
2026-06-30,근로복지공단대구병원앞,11930,168,12098
2026-06-30,이마트월배점앞,10400,1684,12084
2026-06-30,2차대자연맨션앞,10832,1231,12063
2026-06-30,우방신천지타운앞,10891,1169,12060
2026-06-30,대구과학고등학교건너,6302,5757,12059
2026-06-30,영남일보앞,8802,3257,12059
2026-06-30,대구여자상업고등학교건너,8322,3735,12057
2026-06-30,죽전그린빌앞,9940,2065,12005
2026-06-30,팔거역2,10048,1957,12005
2026-06-30,본리네거리2,10402,1557,11959
2026-06-30,우방강촌마을앞,8833,3109,11942
2026-06-30,다사읍행정복지센터건너,11599,313,11912
2026-06-30,대구삼성창조캠퍼스4,7730,4171,11901
2026-06-30,명덕네거리2,4476,7424,11900
2026-06-30,대구보건대학교건너2,11573,319,11892
2026-06-30,신천LH아파트앞,10746,1146,11892
2026-06-30,경북교통,3882,7997,11879
2026-06-30,삼익뉴타운앞,9927,1890,11817
2026-06-30,대명1동행정복지센터건너,8330,3465,11795
2026-06-30,대구광역시립동부도서관,5784,6002,11786
2026-06-30,대구지방법원등기국건너,5249,6503,11752
2026-06-30,운암초등학교건너,10488,1251,11739
2026-06-30,가창농협앞,11026,711,11737
2026-06-30,태평상가앞1,6664,5069,11733
2026-06-30,대봉성당,7881,3839,11720
2026-06-30,입석중학교건너,8131,3587,11718
2026-06-30,효성타운앞,9911,1803,11714
2026-06-30,용계역(2번출구),10062,1644,11706
2026-06-30,과학마을청아람앞,11023,676,11699
2026-06-30,복현우방아파트,9796,1903,11699
2026-06-30,강산아파트앞,7682,4005,11687
2026-06-30,상공회의소앞,9249,2436,11685
2026-06-30,침산네거리2,9126,2536,11662
2026-06-30,신암초등학교건너,7218,4441,11659
2026-06-30,대구광역시교육연수원앞,7184,4442,11626
2026-06-30,신천LH아파트건너,8971,2645,11616
2026-06-30,중리시장앞,8968,2647,11615
2026-06-30,구.남부정류장건너2,6137,5448,11585
2026-06-30,율하롯데캐슬탑클래스앞,8620,2960,11580
2026-06-30,강산아파트건너,4789,6746,11535
2026-06-30,무태조야동행정복지센터앞2,10832,702,11534
2026-06-30,지산동서맨션앞,10808,684,11492
2026-06-30,지산목련아파트앞,9044,2448,11492
2026-06-30,송현역(4번출구),8028,3427,11455
2026-06-30,대구교통방송건너,5235,6203,11438
2026-06-30,본리초등학교건너,9180,2257,11437
2026-06-30,SK리더스뷰건너,9124,2311,11435
2026-06-30,이월드(구.우방랜드)정문,6730,4705,11435
2026-06-30,덕화중학교건너,10295,1134,11429
2026-06-30,아양아트센터건너,10309,1116,11425
2026-06-30,옥포간경리2,9887,1525,11412
2026-06-30,인동촌시장입구,10274,1134,11408
2026-06-30,진아리채앞,11172,226,11398
2026-06-30,대구의료원건너,10141,1240,11381
2026-06-30,대구IM뱅크PARK동편건너,5729,5624,11353
2026-06-30,금봉네거리1,10116,1220,11336
2026-06-30,북구구민운동장건너,8027,3309,11336
2026-06-30,동촌역(신길)1,9655,1660,11315
2026-06-30,북비산네거리1,6288,5013,11301
2026-06-30,안심교(반야월방향),501,10781,11282
2026-06-30,상수도사업본부건너,6935,4316,11251
2026-06-30,대구과학고등학교앞,10071,1176,11247
2026-06-30,명성푸르지오건너,7287,3933,11220
2026-06-30,서대구중학교앞,5915,5296,11211
2026-06-30,서대구KTX영무예다음건너,10656,551,11207
2026-06-30,세천초등학교건너,8615,2586,11201
2026-06-30,팔거역1,6342,4845,11187
2026-06-30,서구문화회관앞,10179,1001,11180
2026-06-30,산격중학교앞,8122,3050,11172
2026-06-30,신흥버스,9765,1392,11157
2026-06-30,건영아파트건너,4775,6375,11150
2026-06-30,대구시산격청사앞,6339,4794,11133
2026-06-30,산격초등학교앞,9001,2107,11108
2026-06-30,홈플러스내당점앞,6351,4751,11102
2026-06-30,지산청구타운앞,10226,873,11099
2026-06-30,중리광명맨션건너,9711,1371,11082
2026-06-30,대백창신한라타운건너,8128,2952,11080
2026-06-30,안심주공1단지건너,9688,1384,11072
2026-06-30,e편한세상대구금호건너,10670,372,11042
2026-06-30,용산1동행정복지센터건너,8385,2653,11038
2026-06-30,갓바위,9961,1058,11019
2026-06-30,노원119안전센터건너,7010,3949,10959
2026-06-30,태평상가건너,6324,4632,10956
2026-06-30,대곡강산타운건너,8260,2692,10952
2026-06-30,동인초등학교앞,6990,3900,10890
2026-06-30,달서구치매안심센터앞,6168,4720,10888
2026-06-30,북침산치안센터앞,5976,4911,10887
2026-06-30,신천역(5번출구),8583,2302,10885
2026-06-30,대원유치원앞,9574,1307,10881
2026-06-30,수성초등학교,7171,3676,10847
2026-06-30,한남중미용정보고등학교건너,6546,4297,10843
2026-06-30,우방죽전타운건너,7791,3043,10834
2026-06-30,팔레스호텔앞1,7290,3543,10833
2026-06-30,동촌강나루아파트건너,7826,2988,10814
2026-06-30,대륜중고등학교건너,5679,5111,10790
2026-06-30,영진전문대학교정문건너,8571,2218,10789
2026-06-30,고성아파트(서편),6906,3880,10786
2026-06-30,봉무청구새들마을건너,8261,2525,10786
2026-06-30,산격주공아파트건너,5050,5728,10778
2026-06-30,신천역(4번출구),7726,3039,10765
2026-06-30,칠곡시장건너,9419,1346,10765
2026-06-30,대곡주공7단지앞,9395,1367,10762
2026-06-30,월배초등학교건너,8871,1888,10759
2026-06-30,지산현대주택앞,9338,1407,10745
2026-06-30,신암4동행정복지센터건너,6536,4198,10734
2026-06-30,무태조야동행정복지센터건너1,9036,1678,10714
2026-06-30,고모동입구,6235,4476,10711
2026-06-30,산격초등학교건너,9431,1256,10687
2026-06-30,경북기계공고앞,6505,4171,10676
2026-06-30,새길시장건너,7681,2995,10676
2026-06-30,다사고등학교건너,6473,4186,10659
2026-06-30,대곡역(한라하우젠트앞),5357,5288,10645
2026-06-30,성당포스코더샵앞,9227,1416,10643
2026-06-30,코스트코홀세일건너/복현화성타운앞,5613,5022,10635
2026-06-30,동촌화성타운앞,7206,3425,10631
2026-06-30,계명대학교정문앞,4235,6391,10626
2026-06-30,한샘청동공원앞,10286,340,10626
2026-06-30,대명5동행정복지센터앞,8407,2211,10618
2026-06-30,학산공원2,8666,1948,10614
2026-06-30,무궁화LPG충전소,7807,2786,10593
2026-06-30,신매시장,4448,6144,10592
2026-06-30,성서산업단지역(1번출구),7167,3395,10562
2026-06-30,신매초등학교앞,8672,1850,10522
2026-06-30,동서변그린빌앞,9560,954,10514
2026-06-30,큰고개오거리2,3442,7069,10511
2026-06-30,유천포스코건너,8624,1880,10504
2026-06-30,동도중학교건너,8136,2352,10488
2026-06-30,가창면행정복지센터건너,7045,3438,10483
2026-06-30,대구공공시설관리공단동부사업소앞,6663,3789,10452
2026-06-30,화원농협주유소앞,4200,6235,10435
2026-06-30,서부정류장(관문시장건너)2,8528,1895,10423
2026-06-30,지산타운앞,3254,7165,10419
2026-06-30,정동고등학교앞,8874,1543,10417
2026-06-30,국립대구박물관앞,7025,3354,10379
2026-06-30,성서산업단지역(2번출구),8044,2328,10372
2026-06-30,송현역(1번출구),8001,2354,10355
2026-06-30,성동초등학교건너,7222,3117,10339
2026-06-30,해안역(3번출구),6499,3836,10335
2026-06-30,중구보건소앞,6684,3641,10325
2026-06-30,산격청구맨션앞,5634,4679,10313
2026-06-30,현대시장건너,9297,1013,10310
2026-06-30,대구공업대학교건너,6594,3693,10287
2026-06-30,대구파라곤프레스티지아파트,7958,2322,10280
2026-06-30,두성파크아파트앞,3266,7013,10279
2026-06-30,북리2,9300,928,10228
2026-06-30,LG물류센터앞,7312,2902,10214
2026-06-30,이마트경산점,8147,2042,10189
2026-06-30,백자맨션건너,8378,1791,10169
2026-06-30,서대구시장앞,6723,3420,10143
2026-06-30,송현제림타운건너,4689,5438,10127
2026-06-30,북구보건소앞,9666,452,10118
2026-06-30,흥사단 대구지부앞,3794,6306,10100
2026-06-30,텍스빌,7470,2618,10088
2026-06-30,복현대백맨션앞,4984,5087,10071
2026-06-30,중부소방서앞,8167,1899,10066
2026-06-30,경일여자고등학교앞,7288,2756,10044
2026-06-30,TBC앞,5054,4977,10031
2026-06-30,해안역(1번출구),8685,1295,9980
2026-06-30,운암초등학교앞,9737,211,9948
2026-06-30,성화여고건너,8987,953,9940
2026-06-30,공항시장건너,9121,789,9910
2026-06-30,대구시산격청사건너1,7108,2795,9903
2026-06-30,봉덕시장앞2,7417,2461,9878
2026-06-30,죽전동 행정복지센터건너,8264,1609,9873
2026-06-30,대구공업대학교2,6159,3709,9868
2026-06-30,경북대학교 경상대학건너,4276,5586,9862
2026-06-30,동구시장앞,8063,1766,9829
2026-06-30,화랑교2,8759,1053,9812
2026-06-30,만평역(서대구고속버스터미널)1,5330,4478,9808
2026-06-30,국가산단반도유보라2차,9709,57,9766
2026-06-30,달성공원건너,6586,3157,9743
2026-06-30,화성파크뷰건너,9296,435,9731
2026-06-30,경북공고건너,5997,3727,9724
2026-06-30,안심효성타운,6566,3151,9717
2026-06-30,월드컵삼거리앞,6521,3167,9688
2026-06-30,대구고용노동청건너,8417,1266,9683
2026-06-30,북대구농협검단지점건너,9495,158,9653
2026-06-30,강창역(1번출구),6412,3235,9647
2026-06-30,대평중학교건너,8835,807,9642
2026-06-30,정동고등학교건너,6301,3333,9634
2026-06-30,수성도서관앞,6349,3272,9621
2026-06-30,수성3가롯데캐슬건너,7404,2215,9619
2026-06-30,성북시장앞,7294,2321,9615
2026-06-30,검단유성아파트(서편),7530,2074,9604
2026-06-30,무태조야동행정복지센터건너2,4508,5076,9584
2026-06-30,태왕아너스복현앞,8211,1356,9567
2026-06-30,유니버시아드레포츠센터앞,6927,2634,9561
2026-06-30,수성못오거리2,7769,1791,9560
2026-06-30,삼덕성당앞,7546,2003,9549
2026-06-30,팔공3차보성타운후문,9221,327,9548
2026-06-30,산업용재관,4611,4921,9532
2026-06-30,SK리더스뷰앞,6884,2634,9518
2026-06-30,월성주공4단지앞1,8518,973,9491
2026-06-30,동구기억쉼터건너,8404,1079,9483
2026-06-30,경북기계공고건너,6279,3190,9469
2026-06-30,북리1,7544,1910,9454
2026-06-30,강창하이츠,9083,369,9452
2026-06-30,범물하이츠 건너,6835,2613,9448
2026-06-30,헬로TV대구방송앞,5204,4235,9439
2026-06-30,달서구치매안심센터건너,7747,1672,9419
2026-06-30,상인자이앞,6494,2924,9418
2026-06-30,황제맨션건너,3617,5799,9416
2026-06-30,솔정고개2,3859,5515,9374
2026-06-30,대구일마이스터고교앞,7812,1538,9350
2026-06-30,서재동화아이위시3차앞,8485,862,9347
2026-06-30,삼덕교회,5248,4088,9336
2026-06-30,계명대역(2번출구),5616,3716,9332
2026-06-30,대곡사계절타운앞,6261,3060,9321
2026-06-30,농수산물도매시장앞,5715,3605,9320
2026-06-30,제일풍경채건너,7889,1429,9318
2026-06-30,칠곡그린빌3차건너,8333,973,9306
2026-06-30,수성시장앞,6515,2782,9297
2026-06-30,성서2차서한타운1,8617,677,9294
2026-06-30,용산2동행정복지센터건너,5110,4169,9279
2026-06-30,송현1동치안센터건너,6864,2401,9265
2026-06-30,대구시교육청앞,4476,4758,9234
2026-06-30,엘디스리젠트호텔앞,5043,4191,9234
2026-06-30,두류공원네거리2,4680,4548,9228
2026-06-30,성북교2,5204,4021,9225
2026-06-30,한국농어촌공사앞,7675,1542,9217
2026-06-30,성당코오롱하늘채,6752,2463,9215
2026-06-30,미리내맨션앞,6636,2553,9189
2026-06-30,수성교1,5356,3827,9183
2026-06-30,동촌역(신길)2,6638,2544,9182
2026-06-30,감삼초등학교앞,7654,1507,9161
2026-06-30,우방드림시티건너,4863,4281,9144
2026-06-30,동부소방서앞,7106,2023,9129
2026-06-30,대구섬유박물관,8234,889,9123
2026-06-30,CBS방송국건너,6272,2827,9099
2026-06-30,앞산청구제네스건너,5888,3202,9090
2026-06-30,북대구세무서건너,7778,1302,9080
2026-06-30,영남일보건너,6932,2146,9078
2026-06-30,이시아폴리스더샵2단지,6161,2916,9077
2026-06-30,강남약국앞2,7703,1366,9069
2026-06-30,봉덕시장건너3,8068,999,9067
2026-06-30,송현초등학교앞,8553,507,9060
2026-06-30,동대구해모로웨스트아파트,7334,1709,9043
2026-06-30,동구기억쉼터앞,7010,2027,9037
2026-06-30,팔공보성아파트앞,8453,537,8990
2026-06-30,대구공업대학교앞,6604,2374,8978
2026-06-30,동대구동화아이위시아파트건너,2604,6374,8978
2026-06-30,청구시장앞,6763,2215,8978
2026-06-30,현대시장앞,4563,4406,8969
2026-06-30,반고개1,6688,2263,8951
2026-06-30,봉무초등학교앞,8777,159,8936
2026-06-30,칠곡그린빌5단지앞,6010,2892,8902
2026-06-30,경대교2,7944,954,8898
2026-06-30,건영캐스빌건너,7382,1510,8892
2026-06-30,효동초등학교건너,6224,2666,8890
2026-06-30,상수도사업본부,6365,2522,8887
2026-06-30,북비산네거리2,6853,2030,8883
2026-06-30,국립대구박물관건너,7505,1377,8882
2026-06-30,감삼초등학교건너,7533,1348,8881
2026-06-30,북침산치안센터건너,6818,2056,8874
2026-06-30,국가산단서한이다음,8789,52,8841
2026-06-30,대구시산격청사건너2,6244,2597,8841
2026-06-30,칠곡2차영남타운건너,8150,663,8813
2026-06-30,각산태영데시앙건너,5696,3113,8809
2026-06-30,한국건강관리협회앞,7787,1013,8800
2026-06-30,국우동현대아파트앞,7757,1037,8794
2026-06-30,서변동영남네오빌건너,7571,1215,8786
2026-06-30,신천3치안센터앞,5690,3063,8753
2026-06-30,유천동행정복지센터앞,8407,313,8720
2026-06-30,계명대역(4번출구),4453,4264,8717
2026-06-30,효목네거리3,5569,3131,8700
2026-06-30,교항리건너,8578,118,8696
2026-06-30,들안길초등학교앞,5459,3227,8686
2026-06-30,교통연수원건너,7695,988,8683
2026-06-30,민들레아파트후문앞,8669,11,8680
2026-06-30,국민연금네거리1,5762,2907,8669
2026-06-30,율하휴먼시아5단지앞,8142,522,8664
2026-06-30,복현서한2차아파트,5693,2951,8644
2026-06-30,만경관앞,6933,1699,8632
2026-06-30,신천3동행정복지센터앞,2898,5733,8631
2026-06-30,상인삼미타운건너,1943,6676,8619
2026-06-30,수성동일하이빌정문,5968,2650,8618
2026-06-30,이현자동차검사소건너,1519,7050,8569
2026-06-30,이천새마을금고건너,7886,678,8564
2026-06-30,태왕메트로시티건너,6250,2312,8562
2026-06-30,칠성시장역(서문프라자건너),3497,5050,8547
2026-06-30,북부경찰서건너,2601,5939,8540
2026-06-30,홈플러스칠곡점앞,4850,3689,8539
2026-06-30,상공회의소건너,5758,2773,8531
2026-06-30,한라하우젠트건너,7608,923,8531
2026-06-30,북구구민운동장앞,5109,3404,8513
2026-06-30,청라언덕(신남)역(1번출구),5734,2776,8510
2026-06-30,대구역센트럴자이,7622,882,8504
2026-06-30,용산종합큰시장앞,5871,2631,8502
2026-06-30,진천청구타운앞,7591,904,8495
2026-06-30,보람타운앞,6089,2405,8494
2026-06-30,상중이동행정복지센터앞,7250,1236,8486
2026-06-30,평리6동행정복지센터앞,5120,3349,8469
2026-06-30,동일초등학교앞,4856,3611,8467
2026-06-30,월광수변공원,7637,816,8453
2026-06-30,성서푸른마을아파트건너,7391,1060,8451
2026-06-30,대구병원앞,5668,2775,8443
2026-06-30,달서에스케이뷰아파트앞,6261,2158,8419
2026-06-30,성서보성타운2차앞,6056,2362,8418
2026-06-30,연경1공영주차장앞,8238,163,8401
2026-06-30,대곡주공1단지앞,5425,2963,8388
2026-06-30,율하교동편1,4154,4231,8385
2026-06-30,건영캐스빌앞,5952,2431,8383
2026-06-30,대구중학교앞,6586,1790,8376
2026-06-30,대구의료원앞,5571,2787,8358
2026-06-30,반야월모란1차아파트,5778,2556,8334
2026-06-30,경북교통앞,4248,4082,8330
2026-06-30,죽전역(2번출구),7103,1206,8309
2026-06-30,청구시장건너,6943,1365,8308
2026-06-30,팔달시장역,3947,4360,8307
2026-06-30,남부교육지원청앞,6564,1717,8281
2026-06-30,동구청역(3번출구),6170,2098,8268
2026-06-30,침산초등학교건너,6010,2257,8267
2026-06-30,유천교2,1102,7137,8239
2026-06-30,계명대학교동산병원앞,4060,4166,8226
2026-06-30,유니버시아드선수촌2단지앞,6405,1821,8226
2026-06-30,신매태성아파트건너,6307,1914,8221
2026-06-30,북구선거관리위원회건너,6506,1690,8196
2026-06-30,범물한라주택앞,1445,6749,8194
2026-06-30,달성교육지원청-대구예아람학교앞,7547,636,8183
2026-06-30,봉산가구골목(동편),4718,3441,8159
2026-06-30,봉덕교회앞,5730,2404,8134
2026-06-30,수성못코오롱하늘채,6421,1712,8133
2026-06-30,성서주공1단지건너,6614,1512,8126
2026-06-30,대구의료원라파엘웰빙센터건너,4454,3663,8117
2026-06-30,숙천초교입구,6722,1388,8110
2026-06-30,경북대학교서문건너,6229,1880,8109
2026-06-30,두류보성맨션앞,4447,3627,8074
2026-06-30,월성코오롱하늘채앞,6593,1451,8044
2026-06-30,다사농협주유소앞,7352,684,8036
2026-06-30,태전중앙시장앞,4619,3409,8028
2026-06-30,입석중학교앞,5258,2751,8009
2026-06-30,침산중학교앞,7332,670,8002
2026-06-30,장동초등학교건너,6736,1255,7991
2026-06-30,서대구시장건너,4834,3147,7981
2026-06-30,두류도서관앞,6543,1431,7974
2026-06-30,경북대학교서문앞,4354,3616,7970
2026-06-30,LG물류센터건너,5603,2364,7967
2026-06-30,황금힐스테이트,4867,3100,7967
2026-06-30,조일고등학교(종점),7208,757,7965
2026-06-30,우방금탑아파트(서편),3806,4158,7964
2026-06-30,만촌우방1차건너,7787,160,7947
2026-06-30,율하역(5번출구),7009,932,7941
2026-06-30,팔달역1,7174,766,7940
2026-06-30,칠곡IC 2,7729,207,7936
2026-06-30,두류보성맨션건너,7066,860,7926
2026-06-30,한국폴리텍대학(영남융합기술캠퍼스),1393,6519,7912
2026-06-30,남구청네거리1,6201,1706,7907
2026-06-30,복현장미맨션앞,5521,2377,7898
2026-06-30,장동초등학교앞,5975,1904,7879
2026-06-30,무태조야동행정복지센터앞1,6341,1536,7877
2026-06-30,칠곡중학교앞(칠곡향교앞),7331,544,7875
2026-06-30,SD아이프라임강북아파트,7489,379,7868
2026-06-30,송원맨션앞,5643,2218,7861
2026-06-30,조달청건너,3752,4102,7854
2026-06-30,신천역(2번출구),5617,2233,7850
2026-06-30,홈플러스동촌점앞,6428,1398,7826
2026-06-30,평광3차아파트,7010,781,7791
2026-06-30,남부교육지원청건너,6551,1230,7781
2026-06-30,트레이더스홀세일클럽비산점건너,2735,5044,7779
2026-06-30,토지주택공사건너,4589,3186,7775
2026-06-30,대건고교-효성여고앞,6323,1422,7745
2026-06-30,신당동행정복지센터앞,7183,558,7741
2026-06-30,서구청소년수련관건너,5874,1836,7710
2026-06-30,범물청구타운건너,2251,5457,7708
2026-06-30,달성중학교건너,6753,923,7676
2026-06-30,연경1공영주차장건너,5774,1897,7671
2026-06-30,수성교2,4721,2929,7650
2026-06-30,이진캐스빌건너,7309,327,7636
2026-06-30,중리광명맨션앞,5987,1627,7614
2026-06-30,비산초등학교건너,5768,1836,7604
2026-06-30,서재금봉타운,5008,2589,7597
2026-06-30,두성파크아파트건너,5548,2048,7596
2026-06-30,삼성래미안2차건너,5457,2138,7595
2026-06-30,월배아이파크2차건너,6625,964,7589
2026-06-30,동부고교앞,6082,1478,7560
2026-06-30,포산고등학교3,7507,53,7560
2026-06-30,대산초등학교앞,6688,859,7547
2026-06-30,칠곡동화아파트건너,5013,2509,7522
2026-06-30,산림조합중앙회건너,2865,4621,7486
2026-06-30,시지천마타운앞,4264,3220,7484
2026-06-30,서재동화아이위시2차앞,5783,1699,7482
2026-06-30,무태새마을금고앞,6710,764,7474
2026-06-30,뉴평리도서관앞,6464,996,7460
2026-06-30,본리지구앞,6286,1172,7458
2026-06-30,구.남부정류장앞2,5477,1914,7391
2026-06-30,용전초등학교남편,3904,3476,7380
2026-06-30,새론초등학교건너,6752,624,7376
2026-06-30,불로동고분군앞,4274,3095,7369
2026-06-30,국우초등학교건너,7149,201,7350
2026-06-30,복현푸르지오아파트앞,5544,1805,7349
2026-06-30,수성구민운동장건너,4558,2774,7332
2026-06-30,율하근린공원건너,2032,5274,7306
2026-06-30,엑스코건너,4940,2338,7278
2026-06-30,다사농협세천지점건너,6009,1266,7275
2026-06-30,두산동행정복지센터앞,6606,655,7261
2026-06-30,서도초등학교서편2,5510,1744,7254
2026-06-30,지묘교2,7090,162,7252
2026-06-30,부영3단지,3814,3410,7224
2026-06-30,뉴평리도서관건너,3874,3342,7216
2026-06-30,본리아카시아맨션,4498,2716,7214
2026-06-30,퀸스로드앞(동편),5809,1404,7213
2026-06-30,본리초교네거리2,6061,1141,7202
2026-06-30,기업은행대곡지점건너,1777,5420,7197
2026-06-30,성서주공5단지앞,5360,1836,7196
2026-06-30,반고개(내당역4번출구),2480,4703,7183
2026-06-30,역전시장앞,5544,1618,7162
2026-06-30,동원약품,5521,1628,7149
2026-06-30,죽곡휴먼시아1단지앞,576,6567,7143
2026-06-30,북대구세무서앞,4542,2583,7125
2026-06-30,국가산단반도유보라3차건너,7056,45,7101
2026-06-30,전자관,5605,1481,7086
2026-06-30,태현초등학교앞,6929,156,7085
2026-06-30,신천역(3번출구),5566,1507,7073
2026-06-30,대우트럼프월드수성앞,3051,4021,7072
2026-06-30,우방죽전타운앞1,5605,1463,7068
2026-06-30,혁신도시입구1,5870,1169,7039
2026-06-30,죽전119안전센터건너,4477,2558,7035
2026-06-30,서도초등학교서편1,5771,1261,7032
2026-06-30,교동시장앞,4949,2073,7022
2026-06-30,LH10단지아파트건너,5920,1101,7021
2026-06-30,이천치안센터건너,4190,2828,7018
2026-06-30,강북경찰서건너,3177,3837,7014
2026-06-30,성서보성타운2차건너1,6162,851,7013
2026-06-30,안심역(1번출구),6127,885,7012
2026-06-30,대림육교1,1896,5115,7011
2026-06-30,대건고교-효성여고건너,5596,1359,6955
2026-06-30,연경뉴웰시티아파트앞,6014,935,6949
2026-06-30,지산청구타운건너,3458,3487,6945
2026-06-30,산격거평타운앞,3867,3071,6938
2026-06-30,우미린아파트앞,6618,298,6916
2026-06-30,서구제일사회복지관건너,1924,4981,6905
2026-06-30,안심중학교건너,2078,4824,6902
2026-06-30,대구우편집중국앞,3895,2964,6859
2026-06-30,도남LH2단지아파트앞,6321,524,6845
2026-06-30,동서변그린빌건너,5606,1230,6836
2026-06-30,서부정류장역2(1번출구),4684,2141,6825
2026-06-30,동신초등학교앞,4050,2770,6820
2026-06-30,아양교4,4247,2562,6809
2026-06-30,한국방송통신전파진흥원앞,4870,1939,6809
2026-06-30,효목네거리1,5607,1192,6799
2026-06-30,신세계주유소건너,6345,448,6793
2026-06-30,봉덕2차화성파크드림,5764,1028,6792
2026-06-30,구암교1,5531,1255,6786
2026-06-30,호텔수성앞,5691,1073,6764
2026-06-30,우방만촌하이츠앞,3588,3155,6743
2026-06-30,이현자동차검사소앞,6145,598,6743
2026-06-30,대봉2동행정복지센터건너,5924,805,6729
2026-06-30,태전두성타운건너,4641,2077,6718
2026-06-30,홈플러스동촌점건너,3726,2987,6713
2026-06-30,상리동입구,1706,5006,6712
2026-06-30,중리중학교,6096,607,6703
2026-06-30,대자연맨션건너,4274,2420,6694
2026-06-30,각산푸르지오,4437,2248,6685
2026-06-30,성서청구타운앞,4856,1815,6671
2026-06-30,성서4차산업단지앞2,4803,1867,6670
2026-06-30,불로우방아파트건너,4475,2170,6645
2026-06-30,대구행복기숙사앞,4049,2579,6628
2026-06-30,연경초등학교건너,5760,864,6624
2026-06-30,고성지구대2,3783,2828,6611
2026-06-30,봉덕시장건너1,3964,2633,6597
2026-06-30,팔공정보문화센터건너,1103,5494,6597
2026-06-30,우방드림시티앞,4536,2058,6594
2026-06-30,대구IM뱅크PARK동편앞,5509,1069,6578
2026-06-30,대봉네거리1,5408,1155,6563
2026-06-30,북구보건소건너,5243,1314,6557
2026-06-30,들안길초등학교건너,4853,1702,6555
2026-06-30,덕화중학교앞,3587,2959,6546
2026-06-30,CBS방송국앞,3781,2764,6545
2026-06-30,태왕아너스베스트앞,5698,839,6537
2026-06-30,동부중학교앞,3417,3091,6508
2026-06-30,엘디스리젠트호텔건너,2530,3970,6500
2026-06-30,대봉네거리2,2981,3511,6492
2026-06-30,서대구역서한이다음더퍼스트,4859,1628,6487
2026-06-30,공항시장앞,3069,3408,6477
2026-06-30,율하교동편2,4671,1805,6476
2026-06-30,동부중학교건너,5670,803,6473
2026-06-30,조야동(종점),6206,263,6469
2026-06-30,수성시니어클럽앞,5923,545,6468
2026-06-30,실내체육관앞,5132,1332,6464
2026-06-30,내당코오롱아파트앞,5275,1173,6448
2026-06-30,지저동행정복지센터앞,4048,2394,6442
2026-06-30,실내체육관건너,4508,1933,6441
2026-06-30,금호천년나무1단지동편,6327,96,6423
2026-06-30,상인삼미타운앞,5522,901,6423
2026-06-30,거동교1,4976,1428,6404
2026-06-30,대구향교건너,2419,3983,6402
2026-06-30,무궁화어린이공원입구건너,3802,2594,6396
2026-06-30,신월초등학교앞,4238,2148,6386
2026-06-30,성남초등학교앞,5661,722,6383
2026-06-30,수성아트피아앞,4661,1706,6367
2026-06-30,남대구IC2,5093,1273,6366
2026-06-30,쌍계리,1024,5339,6363
2026-06-30,서평초등학교,5356,991,6347
2026-06-30,현풍새마을금고,5640,696,6336
2026-06-30,장기초록나라앞,4811,1520,6331
2026-06-30,범물하이츠앞,6100,226,6326
2026-06-30,한도아파트앞,6051,273,6324
2026-06-30,방촌치안센터앞,4591,1720,6311
2026-06-30,대평중학교앞,4536,1772,6308
2026-06-30,서재동화아이위시2차건너,4920,1380,6300
2026-06-30,강서소방서건너,673,5619,6292
2026-06-30,KT남대구지사건너2,4353,1910,6263
2026-06-30,팔공산IC입구,773,5487,6260
2026-06-30,서대구공단네거리4,4439,1817,6256
2026-06-30,삼익뉴타운건너,4013,2240,6253
2026-06-30,2.28기념중앙공원건너2,4149,2098,6247
2026-06-30,팔공유치원앞,5777,470,6247
2026-06-30,방천리공영차고지,4463,1781,6244
2026-06-30,대성베르힐4단지앞,6150,90,6240
2026-06-30,충혼탑건너,5940,291,6231
2026-06-30,역전시장건너,4474,1752,6226
2026-06-30,대구칠곡초등학교앞,3449,2771,6220
2026-06-30,한남중미용정보고등학교앞,5286,934,6220
2026-06-30,무궁화LPG충전소건너,4207,2012,6219
2026-06-30,용산1동행정복지센터앞,3695,2511,6206
2026-06-30,강북중학교앞,6030,146,6176
2026-06-30,평광3차아파트건너,5240,917,6157
2026-06-30,녹원맨션,5270,885,6155
2026-06-30,성화여고앞,4094,2061,6155
2026-06-30,범물2동행정복지센터건너,5619,535,6154
2026-06-30,명문세가APT건너,4832,1313,6145
2026-06-30,팔달신시장2,4893,1249,6142
2026-06-30,월성자이앞,4713,1427,6140
2026-06-30,성지중학교앞,3024,3108,6132
2026-06-30,국립신암선열공원앞,4392,1736,6128
2026-06-30,불로봉무파출소,4652,1476,6128
2026-06-30,함지초등학교앞,5735,377,6112
2026-06-30,강변동서마을앞,4144,1963,6107
2026-06-30,북중학교앞,4764,1293,6057
2026-06-30,인동촌시장건너,3671,2383,6054
2026-06-30,도남힐스테이트4단지건너,5138,914,6052
2026-06-30,백자맨션앞,4026,2026,6052
2026-06-30,월성주공3단지,4156,1875,6031
2026-06-30,대신센트럴자이,5053,955,6008
2026-06-30,칠성시장(전자상가건너),5514,480,5994
2026-06-30,태왕메트로시티앞,3730,2256,5986
2026-06-30,팔공3차보성타운앞,5404,568,5972
2026-06-30,서도초등학교앞,5002,968,5970
2026-06-30,청라언덕(신남)역(8번출구),4511,1459,5970
2026-06-30,금호서한이다음아파트앞,5303,646,5949
2026-06-30,신월초등학교건너,5111,799,5910
2026-06-30,아양아트센터앞,4252,1649,5901
2026-06-30,어린이세상앞,3935,1949,5884
2026-06-30,스파밸리2,5805,74,5879
2026-06-30,각산역(1번출구),3844,2017,5861
2026-06-30,동화시설집단지구(종점)2(대구시민안전테마파크),5437,422,5859
2026-06-30,월성코오롱하늘채건너,4120,1732,5852
2026-06-30,산격거평타운건너,2245,3598,5843
2026-06-30,중석타운앞,5573,266,5839
2026-06-30,성당포스코더샵건너,3711,2125,5836
2026-06-30,율원초등학교앞,5192,635,5827
2026-06-30,효목2동행정복지센터,4668,1156,5824
2026-06-30,비산7동우체국건너,3345,2473,5818
2026-06-30,칠곡3차화성타운2,5046,772,5818
2026-06-30,남구종합스포츠타운앞,5016,798,5814
2026-06-30,적십자혈액원건너,4668,1141,5809
2026-06-30,상인2동행정복지센터건너,5498,310,5808
2026-06-30,성서우체국앞,3638,2170,5808
2026-06-30,칠곡시장앞,3730,2071,5801
2026-06-30,팔거역3,4626,1169,5795
2026-06-30,팔달역2,505,5290,5795
2026-06-30,산격4동행정복지센터앞,4748,1016,5764
2026-06-30,내당광명아파트,4138,1624,5762
2026-06-30,태왕아너스복현건너,4457,1299,5756
2026-06-30,가창농협건너,3321,2429,5750
2026-06-30,서동초등학교앞,5247,498,5745
2026-06-30,대구국제공항건너,359,5385,5744
2026-06-30,방촌맨션앞,4279,1448,5727
2026-06-30,이곡1동행정복지센터앞,2691,3034,5725
2026-06-30,파계사(종점),5035,685,5720
2026-06-30,홈플러스칠곡점건너,4358,1328,5686
2026-06-30,들안길네거리1,5092,588,5680
2026-06-30,대구의료원라파엘웰빙센터,4086,1591,5677
2026-06-30,시민교회건너,5186,489,5675
2026-06-30,대구농업마이스터고후문앞,4951,720,5671
2026-06-30,대백창신한라타운앞,3649,2015,5664
2026-06-30,죽전동 행정복지센터앞,3432,2227,5659
2026-06-30,수성아트피아건너,3551,2107,5658
2026-06-30,금봉네거리2,4641,995,5636
2026-06-30,상인비둘기1단지아파트건너,4488,1138,5626
2026-06-30,어린이세상건너1,1821,3804,5625
2026-06-30,비철금속협업단지앞,5251,371,5622
2026-06-30,노원네거리2(오봉새마을금고건너),4694,925,5619
2026-06-30,호텔수성건너,4350,1265,5615
2026-06-30,율하남교2,3588,2018,5606
2026-06-30,현풍경남은행앞,4895,706,5601
2026-06-30,대원고등학교,2782,2799,5581
2026-06-30,대구보건대학교앞1,4416,1162,5578
2026-06-30,한화꿈에그린건너1,2856,2715,5571
2026-06-30,황금초등학교앞,5210,360,5570
2026-06-30,학산공원1,3351,2215,5566
2026-06-30,현풍경남은행건너,4777,764,5541
2026-06-30,한샘교회,3823,1706,5529
2026-06-30,동신초등학교건너,3992,1536,5528
2026-06-30,농수산물도매시장건너,4135,1378,5513
2026-06-30,검단유성아파트건너,3486,2010,5496
2026-06-30,망우당공원앞,3514,1982,5496
2026-06-30,대곡주공6단지앞,4506,981,5487
2026-06-30,봉무초등학교건너,4951,531,5482
2026-06-30,대명사회복지관앞,4841,626,5467
2026-06-30,옥포초등학교앞,4693,773,5466
2026-06-30,만촌1동행정복지센터,3535,1927,5462
2026-06-30,교대부설초등학교건너,4919,541,5460
2026-06-30,새각단앞,5286,170,5456
2026-06-30,송현제림타운앞,4381,1068,5449
2026-06-30,성서동서서한타운앞,4901,547,5448
2026-06-30,연경초등학교앞,4628,813,5441
2026-06-30,옥포간경리1,3915,1519,5434
2026-06-30,수성랜드1,4854,576,5430
2026-06-30,청라국민체육센터앞,4604,826,5430
2026-06-30,구암역(운전면허시험장)1,4497,912,5409
2026-06-30,강변동서마을건너,5061,324,5385
2026-06-30,장기먹거리촌앞,4144,1230,5374
2026-06-30,대곡고등학교건너,4037,1329,5366
2026-06-30,지산현대주택건너,3849,1514,5363
2026-06-30,대곡주공8단지건너,4680,682,5362
2026-06-30,송정삼거리3,2668,2688,5356
2026-06-30,태전중앙시장건너,3224,2131,5355
2026-06-30,지묘교1,3756,1596,5352
2026-06-30,남부경찰서건너,2926,2412,5338
2026-06-30,지산동서맨션건너,3558,1777,5335
2026-06-30,대구교통공사건너,1530,3803,5333
2026-06-30,NH농협혁신도시지점앞,4756,576,5332
2026-06-30,계명대대명캠퍼스후문건너,4130,1190,5320
2026-06-30,영남네오빌건너,2391,2923,5314
2026-06-30,영남우방타운1차앞,4697,588,5285
2026-06-30,동서리치모아앞,3753,1527,5280
2026-06-30,동화사입구건너,5244,31,5275
2026-06-30,동대구동화아이위시아파트앞,4137,1134,5271
2026-06-30,파동우체국앞,2860,2405,5265
2026-06-30,칠곡화성타운건너,4900,355,5255
2026-06-30,다사농협세천지점앞,4416,836,5252
2026-06-30,안심중학교앞,3505,1737,5242
2026-06-30,황제맨션앞,4233,1005,5238
2026-06-30,아너스월성앞,3939,1296,5235
2026-06-30,대구일마이스터고교건너,3072,2160,5232
2026-06-30,팔달중학교건너,4963,262,5225
2026-06-30,남부초등학교앞2,3916,1307,5223
2026-06-30,북구청네거리1,2525,2691,5216
2026-06-30,달서에스케이뷰아파트(북편),5001,199,5200
2026-06-30,삼성명가타운,3524,1669,5193
2026-06-30,신매역(4번출구),4109,1083,5192
2026-06-30,모다아울렛앞,2320,2864,5184
2026-06-30,퀸스로드건너(동편),4181,982,5163
2026-06-30,칠곡화성타운앞1,3033,2129,5162
2026-06-30,대산초등학교건너,2558,2599,5157
2026-06-30,율하휴먼시아5단지건너,2585,2567,5152
2026-06-30,월배아이파크2차앞,1820,3327,5147
2026-06-30,서도초등학교건너,3405,1741,5146
2026-06-30,매천중고등학교앞,4086,1043,5129
2026-06-30,평리중학교앞,4676,444,5120
2026-06-30,화원삼주타운건너,4591,524,5115
2026-06-30,복현성모약국앞,3799,1309,5108
2026-06-30,화랑교1,1242,3855,5097
2026-06-30,다사고등학교앞,831,4257,5088
2026-06-30,동서리치모아건너,3982,1105,5087
2026-06-30,장성초등학교건너,558,4523,5081
2026-06-30,동서교회앞,2926,2140,5066
2026-06-30,대구텍앞,3163,1881,5044
2026-06-30,학남고등학교앞,4202,842,5044
2026-06-30,서대구고속버스터미널,2799,2222,5021
2026-06-30,이곡1동행정복지센터건너,4568,452,5020
2026-06-30,율금초등학교건너,4744,261,5005
2026-06-30,대동시장1,4147,857,5004
2026-06-30,사수초등학교건너,2783,2220,5003
2026-06-30,동아스포츠센터(지산초교앞),4731,264,4995
2026-06-30,칠곡그린빌5단지건너,4277,715,4992
2026-06-30,비산7동우체국앞2,2539,2452,4991
2026-06-30,수성알파시티2,2719,2266,4985
2026-06-30,도시철도수성구청역북편1,711,4261,4972
2026-06-30,구암교2,3206,1758,4964
2026-06-30,동구청역(4번출구),4038,925,4963
2026-06-30,수성시장건너,4256,704,4960
2026-06-30,삼성래미안2차앞,3137,1821,4958
2026-06-30,송현여중고교건너,3688,1252,4940
2026-06-30,중흥S클래스앞,4855,76,4931
2026-06-30,동서교회건너,4253,673,4926
2026-06-30,팔공유치원건너,4094,827,4921
2026-06-30,메트로시티건너,4489,423,4912
2026-06-30,고성아파트건너,4554,357,4911
2026-06-30,보성산호타운앞,2894,2002,4896
2026-06-30,성명119안전센터건너1,2459,2434,4893
2026-06-30,서재동화아이위시앞,3276,1616,4892
2026-06-30,계명대역(1번출구),1158,3716,4874
2026-06-30,칠곡주공그린빌1단지건너,4574,290,4864
2026-06-30,거동교2,3358,1487,4845
2026-06-30,남해오네뜨2차앞,3434,1411,4845
2026-06-30,달성우신미가뷰건너,4816,25,4841
2026-06-30,영조아파트3단지앞,4792,42,4834
2026-06-30,모토닉,1675,3158,4833
2026-06-30,서대구공단네거리3,3500,1305,4805
2026-06-30,대원고등학교건너,3194,1598,4792
2026-06-30,고산골입구,4003,787,4790
2026-06-30,수성고등학교건너,3934,851,4785
2026-06-30,계명대학교대명캠퍼스후문앞,3427,1352,4779
2026-06-30,서재동화아이위시3차건너,3822,957,4779
2026-06-30,한샘교회건너,2320,2420,4740
2026-06-30,KT남대구지사앞2,2649,2085,4734
2026-06-30,K-2입구,3732,1001,4733
2026-06-30,신서성당건너,3608,1116,4724
2026-06-30,대구칠곡초등학교건너,3921,789,4710
2026-06-30,대구지방법원등기국앞,2300,2409,4709
2026-06-30,송현초등학교건너,3590,1117,4707
2026-06-30,대명9동행정복지센터건너,3858,846,4704
2026-06-30,오성아파트,486,4217,4703
2026-06-30,대구해올고교앞,3499,1197,4696
2026-06-30,북성공구골목,2223,2464,4687
2026-06-30,율하휴먼시아6단지건너,3794,886,4680
2026-06-30,봉무청구새들마을앞,3612,1066,4678
2026-06-30,방공포병학교건너,3419,1257,4676
2026-06-30,동서아파트건너,4063,612,4675
2026-06-30,학정청아람앞,2809,1866,4675
2026-06-30,한국섬유개발연구원앞,3838,822,4660
2026-06-30,침산남영타운앞,3938,718,4656
2026-06-30,팔거역4,3398,1250,4648
2026-06-30,도남힐스테이트3단지건너,1704,2940,4644
2026-06-30,정호승문학관건너(구.신천시장),3908,732,4640
2026-06-30,본리네거리,3257,1376,4633
2026-06-30,대구북부소방서앞,2013,2613,4626
2026-06-30,명곡미래빌1단지,3907,713,4620
2026-06-30,서구제일사회복지관앞,3738,876,4614
2026-06-30,용산역,4279,335,4614
2026-06-30,관음변전소1,4208,375,4583
2026-06-30,수성못앞,3646,937,4583
2026-06-30,팔공3차보성타운건너,3409,1174,4583
2026-06-30,율하남교1,941,3626,4567
2026-06-30,만촌초등학교건너2,3864,698,4562
2026-06-30,명곡미래빌2단지앞,4011,551,4562
2026-06-30,각산비나리공원앞,4183,375,4558
2026-06-30,대구시동인청사건너,1945,2608,4553
2026-06-30,서한이다음1차앞,4351,202,4553
2026-06-30,성서초등학교건너,3963,577,4540
2026-06-30,신천3동행정복지센터건너,3494,1022,4516
2026-06-30,신천3치안센터건너,2894,1622,4516
2026-06-30,명곡미래빌3단지건너,2799,1715,4514
2026-06-30,적십자혈액원앞,3180,1332,4512
2026-06-30,동부경찰서건너,2164,2347,4511
2026-06-30,고성아파트건너(서편),1762,2748,4510
2026-06-30,봉명네거리2,4176,334,4510
2026-06-30,봉산육거리,3814,684,4498
2026-06-30,동화골든빌(남편),528,3968,4496
2026-06-30,명곡리2,2813,1680,4493
2026-06-30,대덕천주교회3,4285,201,4486
2026-06-30,안심주공1단지앞,3415,1067,4482
2026-06-30,상인동화아이위시아파트앞,2096,2369,4465
2026-06-30,상인초등학교앞,905,3542,4447
2026-06-30,효목시장(남편),3746,687,4433
2026-06-30,솔렌스힐건너,3382,1049,4431
2026-06-30,원대오거리북편1,1818,2607,4425
2026-06-30,남도버스2,3255,1168,4423
2026-06-30,범물두성타운건너,4393,30,4423
2026-06-30,KT북대구지사앞,3893,512,4405
2026-06-30,불교한방병원앞2,3446,959,4405
2026-06-30,만촌초등학교건너1,3115,1259,4374
2026-06-30,고산농협창고앞,967,3390,4357
2026-06-30,강서소방서앞,4198,146,4344
2026-06-30,북동초등학교건너,2822,1515,4337
2026-06-30,북동초등학교앞,4013,321,4334
2026-06-30,동화골든빌(동편),3101,1227,4328
2026-06-30,성서동서서한타운건너,3438,886,4324
2026-06-30,신성에스앤티건너,3412,905,4317
2026-06-30,경명여고앞,2832,1483,4315
2026-06-30,두류공원2.28자유광장앞,1396,2911,4307
2026-06-30,흥사단 대구지부건너,3313,991,4304
2026-06-30,본리지구건너,3655,647,4302
2026-06-30,반야월역(4번출구)2,2913,1379,4292
2026-06-30,수성고등학교앞,3187,1091,4278
2026-06-30,용계삼거리2,1677,2596,4273
2026-06-30,대구비지니스센터앞,3359,894,4253
2026-06-30,성지중학교건너,3373,877,4250
2026-06-30,대봉2동행정복지센터입구,2806,1442,4248
2026-06-30,동부고교건너,2661,1584,4245
2026-06-30,성당시장앞1,3580,662,4242
2026-06-30,문양역건너,2597,1642,4239
2026-06-30,북구청네거리2,3355,861,4216
2026-06-30,안지랑골입구건너,4073,136,4209
2026-06-30,서한이다음2차앞,3780,418,4198
2026-06-30,율하휴먼시아9단지앞,3908,279,4187
2026-06-30,더샵수성라크에르아파트건너,2605,1579,4184
2026-06-30,오페라하우스앞,2973,1210,4183
2026-06-30,강동중·고등학교건너,4170,4,4174
2026-06-30,동대구이안센트럴D아파트,2302,1871,4173
2026-06-30,침산중학교건너,3377,795,4172
2026-06-30,소선여중건너,1904,2263,4167
2026-06-30,상인은행아파트건너,2563,1590,4153
2026-06-30,성남초등학교건너,1694,2459,4153
2026-06-30,하나리움앞,1415,2734,4149
2026-06-30,무열대건너,2817,1309,4126
2026-06-30,이월드(구.우방랜드)후문건너,2728,1398,4126
2026-06-30,황금2동치안센터앞,3728,389,4117
2026-06-30,비산웰빙하와이건너,3798,312,4110
2026-06-30,상동네거리,2708,1398,4106
2026-06-30,신암보성아파트건너,2508,1585,4093
2026-06-30,제일풍경채앞,2629,1455,4084
2026-06-30,서변동영남네오빌앞,3567,516,4083
2026-06-30,상동천주교회앞,2247,1835,4082
2026-06-30,매일신문사앞,3125,953,4078
2026-06-30,새본리중학교앞,3736,339,4075
2026-06-30,백사벌네거리2,2398,1674,4072
2026-06-30,성서푸른마을아파트앞2,2424,1639,4063
2026-06-30,이시아폴리스더샵1단지,3878,177,4055
2026-06-30,태성맨션앞,2652,1390,4042
2026-06-30,대성베르힐4단지건너,1938,2096,4034
2026-06-30,양지마을앞,3375,657,4032
2026-06-30,본리네거리3,1878,2150,4028
2026-06-30,평리1동행정복지센터앞,3749,276,4025
2026-06-30,이현지구대건너,3186,836,4022
2026-06-30,신용보증기금앞,2033,1988,4021
2026-06-30,성서주공1단지앞,1956,2064,4020
2026-06-30,동아스포츠센터(지산중학교앞),2472,1537,4009
2026-06-30,율하휴먼시아6단지앞,3553,443,3996
2026-06-30,대구경찰청,3197,789,3986
2026-06-30,앞산태왕아너스앞,3950,35,3985
2026-06-30,신서신일해피트리아파트,3126,851,3977
2026-06-30,달서초교,3515,461,3976
2026-06-30,수성태영데시앙앞,3370,606,3976
2026-06-30,보훈병원앞,3936,30,3966
2026-06-30,전기안전공사앞,3109,842,3951
2026-06-30,대구보건대학교건너1,3305,639,3944
2026-06-30,우방신천지타운건너,2762,1178,3940
2026-06-30,동서변월드메르디앙아파트,3361,576,3937
2026-06-30,매천초교(매천역)2,3511,425,3936
2026-06-30,한국섬유개발연구원건너,1931,2004,3935
2026-06-30,팔달중학교앞,3500,431,3931
2026-06-30,성산중학교앞,3579,346,3925
2026-06-30,칠곡2차영남타운앞,3192,724,3916
2026-06-30,이월드(구.우방랜드)후문앞,2703,1212,3915
2026-06-30,대명사회복지관건너,2565,1335,3900
2026-06-30,이곡장미공원앞,3379,520,3899
2026-06-30,대구시동인청사앞,3430,466,3896
2026-06-30,대구비지니스센터건너,3070,815,3885
2026-06-30,청구시장북편건너,2914,967,3881
2026-06-30,공산동행정복지센터앞,3739,138,3877
2026-06-30,성북시장건너,2694,1177,3871
2026-06-30,가창초등학교건너,3364,500,3864
2026-06-30,침산남영타운건너,2602,1258,3860
2026-06-30,달서구새마을회건너,3609,228,3837
2026-06-30,LH10단지아파트앞,2431,1396,3827
2026-06-30,정호승문학관앞(구.신천시장),2790,1029,3819
2026-06-30,서대구역네거리3,3176,638,3814
2026-06-30,칠곡청구타운앞,3523,291,3814
2026-06-30,본리초교네거리1,2838,972,3810
2026-06-30,보성2차홍실타운앞,2894,915,3809
2026-06-30,화남초등학교앞,3250,558,3808
2026-06-30,중리롯데캐슬정문앞,2993,810,3803
2026-06-30,동문고등학교정문,3496,306,3802
2026-06-30,영남우방타운1차건너,3353,446,3799
2026-06-30,이안동대구아파트,2917,866,3783
2026-06-30,경상여자고등학교건너,2935,847,3782
2026-06-30,상중이동행정복지센터건너,2415,1367,3782
2026-06-30,칠성꽃도매시장건너,2353,1424,3777
2026-06-30,대구연경아이파크아파트건너,3318,452,3770
2026-06-30,불교한방병원건너2,2907,858,3765
2026-06-30,본리롯데캐슬,3396,364,3760
2026-06-30,수성태영데시앙건너,2430,1320,3750
2026-06-30,건들바위건너,2599,1142,3741
2026-06-30,백안삼거리2,3655,82,3737
2026-06-30,대구역서희스타힐스건너,2145,1590,3735
2026-06-30,송현여중고교앞,3234,499,3733
2026-06-30,구암초등학교앞,3531,197,3728
2026-06-30,연경뉴웰시티아파트건너,2897,819,3716
2026-06-30,월배힐스테이트건너,3538,176,3714
2026-06-30,동일초등학교건너,2940,768,3708
2026-06-30,율원중학교건너,3493,213,3706
2026-06-30,대구중학교건너,2327,1377,3704
2026-06-30,만촌초등학교앞,2742,955,3697
2026-06-30,시지대성유니드앞,3192,494,3686
2026-06-30,들안길네거리4,2883,802,3685
2026-06-30,효목네거리2,1372,2303,3675
2026-06-30,복현오거리3,2677,994,3671
2026-06-30,수성못건너,2389,1274,3663
2026-06-30,현풍중고등학교,3328,316,3644
2026-06-30,만촌3차화성파크드림건너,3109,532,3641
2026-06-30,금포초등학교,3076,559,3635
2026-06-30,보성2차홍실타운건너,2875,755,3630
2026-06-30,오페라하우스건너,2962,668,3630
2026-06-30,매천역1,1641,1984,3625
2026-06-30,만촌태왕리더스앞2,3212,405,3617
2026-06-30,수목원풍경그린아파트앞,3529,79,3608
2026-06-30,영남우방타운2차아파트,2734,873,3607
2026-06-30,이곡장미공원건너,2385,1214,3599
2026-06-30,대구반도체마이스터고등학교 건너,748,2845,3593
2026-06-30,동대구초등학교앞,3114,475,3589
2026-06-30,한국도로공사앞,3529,60,3589
2026-06-30,파군재삼거리1,1000,2588,3588
2026-06-30,중리시장건너2,926,2658,3584
2026-06-30,연호동화훼단지2,2459,1122,3581
2026-06-30,율원초등학교건너,821,2758,3579
2026-06-30,첨단임상시험센터건너,3171,407,3578
2026-06-30,팔레스호텔앞2,1618,1950,3568
2026-06-30,화성파크뷰앞,776,2788,3564
2026-06-30,옥포농협강림지점앞,3049,514,3563
2026-06-30,동원중학교,3039,519,3558
2026-06-30,이편한세상두류역앞,3096,459,3555
2026-06-30,침산동화타운건너,3451,102,3553
2026-06-30,수성더팰리스푸르지오더샵아파트건너,1572,1979,3551
2026-06-30,고성지구대1,2330,1220,3550
2026-06-30,노곡동,3412,126,3538
2026-06-30,칠곡부영1단지,1896,1642,3538
2026-06-30,앞산힐스테이트,2731,806,3537
2026-06-30,두산동행정복지센터건너,1905,1631,3536
2026-06-30,명곡미래빌2단지건너,3181,348,3529
2026-06-30,팔공초중학교앞,3299,230,3529
2026-06-30,퀸스로드앞,2172,1356,3528
2026-06-30,연경우방아이유쉘앞,2872,650,3522
2026-06-30,망우당공원건너,1105,2410,3515
2026-06-30,동촌지구대건너,3141,369,3510
2026-06-30,대명6동행정복지센터앞,3057,452,3509
2026-06-30,성서우체국건너,2222,1285,3507
2026-06-30,상인청구타운건너,3225,277,3502
2026-06-30,달성교육지원청-대구예아람학교건너,2589,910,3499
2026-06-30,황금초등학교건너,1966,1528,3494
2026-06-30,대구과학대학교앞,3040,452,3492
2026-06-30,매천성당앞,3036,456,3492
2026-06-30,연암네거리2,2909,582,3491
2026-06-30,서재문화체육센터건너,2931,556,3487
2026-06-30,대륜중고등학교앞,2789,697,3486
2026-06-30,동침산네거리,1344,2141,3485
2026-06-30,2차대자연맨션건너,1658,1822,3480
2026-06-30,남부자동차종합시장건너,2376,1103,3479
2026-06-30,달성군보건소,3118,354,3472
2026-06-30,칠성꽃도매시장앞,1971,1501,3472
2026-06-30,한국패션센터,3267,182,3449
2026-06-30,대구한의대학교부속한방병원앞,3193,252,3445
2026-06-30,노원네거리1(오봉새마을금고앞),2621,823,3444
2026-06-30,룸비니유치원건너,3030,413,3443
2026-06-30,도곡교1,311,3131,3442
2026-06-30,대구고용노동청앞,2116,1324,3440
2026-06-30,방공포병학교앞,1984,1444,3428
2026-06-30,상인한서타운앞,2834,586,3420
2026-06-30,평리중학교건너,2229,1191,3420
2026-06-30,국민은행3공단지점건너,2341,1074,3415
2026-06-30,조달청앞,2386,1027,3413
2026-06-30,중앙일보앞,3177,235,3412
2026-06-30,상화네거리,366,3038,3404
2026-06-30,칠곡대백맨션건너,3249,153,3402
2026-06-30,연경금성백조예미지앞,2408,991,3399
2026-06-30,칠곡우방타운앞(종점),2959,436,3395
2026-06-30,더샵달서센트럴아파트앞,654,2740,3394
2026-06-30,신생원앞,3327,67,3394
2026-06-30,종로초등학교앞,2195,1196,3391
2026-06-30,경운초등학교앞,2882,495,3377
2026-06-30,만촌역(1번출구),1727,1640,3367
2026-06-30,화성쌍용타운앞1,2364,995,3359
2026-06-30,본리도서관앞,1557,1800,3357
2026-06-30,강창교1(성서방향),3027,329,3356
2026-06-30,대구경북지방병무청,2348,1001,3349
2026-06-30,성서119안전센터건너,256,3086,3342
2026-06-30,상인제림아파트앞,1427,1908,3335
2026-06-30,수성도서관앞2,2371,963,3334
2026-06-30,대구과학대학교건너,2731,602,3333
2026-06-30,만촌태왕리더스건너(남편),863,2453,3316
2026-06-30,고산농협창고건너,2859,453,3312
2026-06-30,신성에스앤티앞,2395,895,3290
2026-06-30,경덕여고,2298,991,3289
2026-06-30,대덕천주교회2,2826,451,3277
2026-06-30,인터불고호텔건너,3104,167,3271
2026-06-30,칠곡3차화성타운1,2982,282,3264
2026-06-30,보성서한타운앞,2890,364,3254
2026-06-30,대구은행역(3번출구),2780,471,3251
2026-06-30,대곡공원건너,2570,676,3246
2026-06-30,율하고가교1,2184,1061,3245
2026-06-30,화원시장건너,3066,173,3239
2026-06-30,중부소방서건너,1828,1410,3238
2026-06-30,숙천초교입구건너,2065,1156,3221
2026-06-30,무궁화어린이공원입구,2420,795,3215
2026-06-30,성원아파트앞,2659,555,3214
2026-06-30,옥포무지개마을,3086,125,3211
2026-06-30,베네딕도수녀원건너,3076,133,3209
2026-06-30,각산비나리공원건너,2567,636,3203
2026-06-30,동호육교1,1075,2122,3197
2026-06-30,검단동대구축협앞,3150,43,3193
2026-06-30,노원119안전센터앞,2263,929,3192
2026-06-30,반고개역(3번출구),2005,1182,3187
2026-06-30,달성군민운동장앞,2480,703,3183
2026-06-30,위남마을,3007,172,3179
2026-06-30,칠곡한신아파트앞2,2745,434,3179
2026-06-30,경기장네거리1,2227,940,3167
2026-06-30,대덕마을건너,491,2675,3166
2026-06-30,혁신도시입구2,1498,1666,3164
2026-06-30,매호1교앞,2451,707,3158
2026-06-30,우방죽전타운앞2,2472,673,3145
2026-06-30,한국건강관리협회건너,2223,917,3140
2026-06-30,달구벌종합복지관건너,2762,377,3139
2026-06-30,진천청구타운건너,1783,1356,3139
2026-06-30,와룡시장건너,2729,407,3136
2026-06-30,서대구공단네거리2,1234,1898,3132
2026-06-30,남명삼거리1,2737,394,3131
2026-06-30,전기안전공사건너,1397,1734,3131
2026-06-30,동대구역수화물취급소앞,1050,2080,3130
2026-06-30,퀸스로드건너,2180,947,3127
2026-06-30,보성은하타운앞,3010,111,3121
2026-06-30,사월보성2차앞,2652,468,3120
2026-06-30,칠곡그린빌3차앞,1882,1237,3119
2026-06-30,근로복지공단대구병원건너,551,2565,3116
2026-06-30,강북소방서건너,1254,1859,3113
2026-06-30,국민은행3공단지점앞,2449,652,3101
2026-06-30,서부정류장역북편2,2623,471,3094
2026-06-30,한국산업단지공단앞,2847,244,3091
2026-06-30,이시아폴리스롯데아울렛앞,1352,1731,3083
2026-06-30,수성알파시티1,2082,999,3081
2026-06-30,한국로봇산업진흥원건너,2218,857,3075
2026-06-30,매천대교3,323,2751,3074
2026-06-30,동원초등학교앞,2056,1017,3073
2026-06-30,경기장네거리2,2609,461,3070
2026-06-30,신천교2,2496,566,3062
2026-06-30,시립희망원,2060,999,3059
2026-06-30,율하롯데캐슬탑클래스건너,1604,1451,3055
2026-06-30,달구벌신협앞,2593,457,3050
2026-06-30,수성랜드2,1157,1893,3050
2026-06-30,칠곡그린빌6단지건너,1834,1216,3050
2026-06-30,중동네거리,1043,2005,3048
2026-06-30,청백다례원,2086,945,3031
2026-06-30,신세계주유소앞,1116,1911,3027
2026-06-30,칠곡주공그린빌1단지앞,2085,940,3025
2026-06-30,한샘청동공원건너,1958,1067,3025
2026-06-30,덕원고등학교건너,2577,446,3023
2026-06-30,설화명곡역우방아이유쉘앞,1702,1319,3021
2026-06-30,신매역(7번출구),2530,485,3015
2026-06-30,칠곡화성타운앞2,2120,894,3014
2026-06-30,달서아트센터건너,2538,473,3011
2026-06-30,노원동화타운앞,2183,826,3009
2026-06-30,상인제림아파트건너,2463,533,2996
2026-06-30,용계삼거리3,1984,1012,2996
2026-06-30,동원초등학교남편,2353,642,2995
2026-06-30,공산초등학교앞,2883,96,2979
2026-06-30,신당동행정복지센터건너,1594,1379,2973
2026-06-30,신천교1,1751,1222,2973
2026-06-30,명곡미래빌5단지건너,2367,603,2970
2026-06-30,한국로봇산업진흥원앞,1705,1260,2965
2026-06-30,화원시장앞,1891,1073,2964
2026-06-30,옥포초등학교건너,2357,606,2963
2026-06-30,성서국민체육센터앞,2200,761,2961
2026-06-30,무태새마을금고건너,1883,1067,2950
2026-06-30,덕원고등학교앞2,2774,173,2947
2026-06-30,삼호아파트앞,1689,1253,2942
2026-06-30,대성유니드앞,2798,143,2941
2026-06-30,학남고등학교건너,2335,605,2940
2026-06-30,달성화성파크드림앞,1443,1491,2934
2026-06-30,율하휴먼시아8단지앞,2209,716,2925
2026-06-30,앞산별자리체험학습장1,2848,70,2918
2026-06-30,보병50사단앞,2560,355,2915
2026-06-30,대구테크노초등학교앞,781,2132,2913
2026-06-30,노원네거리(대구은행앞),2671,230,2901
2026-06-30,두류공원2.28자유광장건너,1611,1278,2889
2026-06-30,칠곡초등학교앞,2810,73,2883
2026-06-30,여성메디파크,878,2003,2881
2026-06-30,가창중학교건너,2841,29,2870
2026-06-30,대구은행북비산지점건너2,1718,1150,2868
2026-06-30,방촌치안센터건너,1292,1563,2855
2026-06-30,새론중학교앞,2645,210,2855
2026-06-30,칠성시장(전자상가앞),1728,1126,2854
2026-06-30,화원유원지(사문진주막촌),2681,167,2848
2026-06-30,대구향교앞,1737,1109,2846
2026-06-30,대명9동행정복지센터앞,1766,1080,2846
2026-06-30,대봉1동행정복지센터앞,1686,1160,2846
2026-06-30,만촌화성파크스위트건너,2717,116,2833
2026-06-30,군위버스터미널앞,2812,15,2827
2026-06-30,노원네거리3(기업은행),2717,104,2821
2026-06-30,각산역(2번출구),294,2526,2820
2026-06-30,대구혁신에듀포레아파트건너,2453,357,2810
2026-06-30,월촌초등학교앞,2227,583,2810
2026-06-30,서부정류장(우리은행),1631,1149,2780
2026-06-30,현충삼거리2,2610,161,2771
2026-06-30,금복주건너,1984,785,2769
2026-06-30,평리3동행정복지센터건너,2509,257,2766
2026-06-30,칠곡중학교건너(칠곡향교건너),1076,1687,2763
2026-06-30,달서시장건너,2361,397,2758
2026-06-30,동인네거리2,1093,1663,2756
2026-06-30,서부고등학교건너,2256,498,2754
2026-06-30,수성알파시티청아람앞,1957,789,2746
2026-06-30,새범어아파트앞,2275,469,2744
2026-06-30,경서중학교건너,2654,87,2741
2026-06-30,동촌해성아파트앞,1289,1449,2738
2026-06-30,황금시장앞,2581,155,2736
2026-06-30,대구중앙중학교건너,2637,97,2734
2026-06-30,대명6동행정복지센터건너,2144,586,2730
2026-06-30,고산정수사업소건너,2299,428,2727
2026-06-30,구지면행정복지센터건너,2604,122,2726
2026-06-30,서부정류장역북편1,1422,1302,2724
2026-06-30,영남네오빌앞,1834,889,2723
2026-06-30,함지초등학교건너,1886,829,2715
2026-06-30,중동교2,1859,855,2714
2026-06-30,상수도사업본부시설관리소앞,1351,1361,2712
2026-06-30,동서아파트앞,2226,485,2711
2026-06-30,구암가구골목1,1745,962,2707
2026-06-30,이곡양수장앞,281,2413,2694
2026-06-30,경명여고건너,2206,484,2690
2026-06-30,율하선수촌2단지앞,2506,183,2689
2026-06-30,칠곡한신아파트건너,2198,487,2685
2026-06-30,시민교회앞,1591,1076,2667
2026-06-30,화원농협주유소건너,1855,812,2667
2026-06-30,청구시장북편,1788,868,2656
2026-06-30,태왕그린힐즈앞2,2615,39,2654
2026-06-30,학산아파트앞,1899,753,2652
2026-06-30,상동가압장건너,2172,479,2651
2026-06-30,부영5단지,2255,392,2647
2026-06-30,수성소방서2,785,1861,2646
2026-06-30,상리공단,2034,607,2641
2026-06-30,성광고등학교앞,819,1822,2641
2026-06-30,새론중학교건너,1703,937,2640
2026-06-30,월배국민체육센터앞,2447,191,2638
2026-06-30,중리시장건너1,2015,617,2632
2026-06-30,대구스마트고등학교건너,1937,691,2628
2026-06-30,칠곡한라타운건너,2503,125,2628
2026-06-30,연경천년나무1단지앞,2539,88,2627
2026-06-30,칠곡3차보성타운앞,2591,35,2626
2026-06-30,덕원고등학교앞,1511,1114,2625
2026-06-30,칠곡그린빌6단지앞,2322,297,2619
2026-06-30,대청초등학교건너,399,2209,2608
2026-06-30,옥포농협건너,2301,307,2608
2026-06-30,청라국민체육센터건너,1824,778,2602
2026-06-30,달성군민운동장건너,2213,386,2599
2026-06-30,율원중학교앞,2057,540,2597
2026-06-30,덕인초등학교건너,1894,701,2595
2026-06-30,진천역AK그랑폴리스아파트앞,2498,88,2586
2026-06-30,동대구초등학교건너,1863,722,2585
2026-06-30,지산우방아파트,2191,390,2581
2026-06-30,동촌유원지,1649,931,2580
2026-06-30,신평동1,618,1956,2574
2026-06-30,황금2동치안센터건너,1299,1265,2564
2026-06-30,상리동종점3,2296,267,2563
2026-06-30,경운초등학교건너,1723,837,2560
2026-06-30,삼성물류센터앞,92,2464,2556
2026-06-30,상수도중남부사업소건너,1605,949,2554
2026-06-30,침산쌍용예가아파트앞,1854,695,2549
2026-06-30,보병50사단건너,1500,1048,2548
2026-06-30,동원비즈플랫폼앞,2154,390,2544
2026-06-30,만촌1동 느지안전마을,1029,1514,2543
2026-06-30,중앙일보건너,1268,1269,2537
2026-06-30,송현2동행정복지센터앞,468,2065,2533
2026-06-30,화성센트럴파크,1697,836,2533
2026-06-30,성서보성타운2차건너2,2240,291,2531
2026-06-30,도곡교2,2328,191,2519
2026-06-30,매천고교,2335,184,2519
2026-06-30,월배중학교건너,1408,1111,2519
2026-06-30,유통단지회차지,2125,389,2514
2026-06-30,앞산보성타운앞,2494,17,2511
2026-06-30,상서고등학교건너,2265,243,2508
2026-06-30,대구미술관(대구간송미술관)앞,1638,864,2502
2026-06-30,서재들건너,319,2178,2497
2026-06-30,평리6동행정복지센터건너,1704,793,2497
2026-06-30,이진캐스빌앞,1466,1028,2494
2026-06-30,장성초등학교앞,723,1771,2494
2026-06-30,명산교(화성명산타운건너),2289,202,2491
2026-06-30,옥포미진이지비아,2356,135,2491
2026-06-30,대구경찰청건너,728,1758,2486
2026-06-30,남구종합스포츠타운건너,1719,763,2482
2026-06-30,진월초등학교앞,1264,1217,2481
2026-06-30,산림조합중앙회앞,1538,940,2478
2026-06-30,상인청구타운앞,1770,705,2475
2026-06-30,금호서한이다음아파트건너,2191,281,2472
2026-06-30,금복주앞,1724,739,2463
2026-06-30,대구보건대학교앞2,921,1535,2456
2026-06-30,솔렌스힐앞,1699,757,2456
2026-06-30,진월초등학교건너,1734,715,2449
2026-06-30,화원신일해피트리앞,1609,838,2447
2026-06-30,이마트반야월점앞,1909,536,2445
2026-06-30,유천동행정복지센터건너,2003,438,2441
2026-06-30,그린빌4단지,851,1588,2439
2026-06-30,푸드웰건너,2381,36,2417
2026-06-30,명곡미래빌5단지앞,1740,674,2414
2026-06-30,롯데캐슬그랜드,1220,1171,2391
2026-06-30,대구미술관(대구간송미술관)건너,1352,1037,2389
2026-06-30,신암보성아파트앞,941,1444,2385
2026-06-30,수목원풍경그린아파트건너,779,1601,2380
2026-06-30,새방지하도1,2040,338,2378
2026-06-30,동화골든빌건너(남편),1320,1052,2372
2026-06-30,한국산업은행성서지점앞,2302,68,2370
2026-06-30,미8군후문건너,1583,785,2368
2026-06-30,농협중앙회중동지점건너,2195,165,2360
2026-06-30,연경천년나무1단지건너,1932,428,2360
2026-06-30,상동교2,1722,631,2353
2026-06-30,월배쌍용예가건너,2201,152,2353
2026-06-30,안심주공2단지앞,170,2182,2352
2026-06-30,강북중학교건너,928,1423,2351
2026-06-30,대천119안전센터건너,2179,165,2344
2026-06-30,서구문화회관건너,1217,1127,2344
2026-06-30,서부고등학교앞,2153,191,2344
2026-06-30,유림물산,1715,627,2342
2026-06-30,도시철도수성구청역북편2,2110,230,2340
2026-06-30,대주기계앞,2245,94,2339
2026-06-30,노변중학교건너,1807,529,2336
2026-06-30,범어2동1,581,1750,2331
2026-06-30,새론초등학교앞,1517,812,2329
2026-06-30,대실역청아람1단지앞,2102,222,2324
2026-06-30,대덕초등학교,2200,122,2322
2026-06-30,새범어아파트건너,1876,442,2318
2026-06-30,서한이다음4차건너,2147,170,2317
2026-06-30,농산물도매시장앞,2125,187,2312
2026-06-30,교항리앞,1120,1190,2310
2026-06-30,월배농협대덕지점건너,1581,729,2310
2026-06-30,평리광명맨션앞,806,1502,2308
2026-06-30,월배차량기지앞,2045,259,2304
2026-06-30,금호천년나무1단지동편건너,86,2209,2295
2026-06-30,달구벌종합복지관앞,1987,301,2288
2026-06-30,들안길네거리2,906,1382,2288
2026-06-30,은하타운건너,919,1367,2286
2026-06-30,나불지앞,1416,867,2283
2026-06-30,영남네오빌비스타,767,1513,2280
2026-06-30,명곡미래빌3단지앞,2172,103,2275
2026-06-30,산격4동행정복지센터건너,2011,251,2262
2026-06-30,유신섬유네거리2,2111,142,2253
2026-06-30,금계초등학교(교항리)건너,2237,14,2251
2026-06-30,혁신이노힐즈아파트앞,2158,93,2251
2026-06-30,서동초등학교건너,1977,266,2243
2026-06-30,매천시장지하차도,1123,1118,2241
2026-06-30,청라언덕(신남)역(2번출구),1442,799,2241
2026-06-30,나불지건너,2001,239,2240
2026-06-30,들안길네거리3,1076,1149,2225
2026-06-30,도남힐스테이트2단지건너,2141,76,2217
2026-06-30,매천센트럴파크앞,1990,212,2202
2026-06-30,송정삼거리4,1481,718,2199
2026-06-30,대구스마트고등학교4,2111,72,2183
2026-06-30,구지119안전센터건너,1950,230,2180
2026-06-30,새방지하도2,1936,239,2175
2026-06-30,심인고등학교건너,1906,265,2171
2026-06-30,남도버스1,2112,57,2169
2026-06-30,서대구KTX영무예다음앞,818,1349,2167
2026-06-30,서재보성타운앞,1566,598,2164
2026-06-30,평리5동행정복지센터건너,683,1479,2162
2026-06-30,칠곡경북대병원,1764,389,2153
2026-06-30,성서우방유쉘아파트앞,1483,668,2151
2026-06-30,연암네거리3,99,2044,2143
2026-06-30,월촌초등학교건너,1276,857,2133
2026-06-30,한국산업은행성서지점건너,398,1727,2125
2026-06-30,대봉1동행정복지센터건너,1798,314,2112
2026-06-30,이편한세상두류역건너,1525,586,2111
2026-06-30,역사테마공원,2096,13,2109
2026-06-30,유니온머티리얼,1891,213,2104
2026-06-30,수성구선거관리위원회건너,1488,607,2095
2026-06-30,두류3동파출소건너,1758,335,2093
2026-06-30,송현2동행정복지센터건너,1653,437,2090
2026-06-30,호반베르디움2차건너,2046,42,2088
2026-06-30,신매역(3번출구),811,1272,2083
2026-06-30,효목1동행정복지센터,1230,848,2078
2026-06-30,상동시장앞,1522,552,2074
2026-06-30,대구IM뱅크PARK남편건너,1542,530,2072
2026-06-30,현풍할매곰탕,1751,321,2072
2026-06-30,봉덕2동새마을금고건너,1338,732,2070
2026-06-30,성원아파트건너,1802,268,2070
2026-06-30,건들바위앞,854,1215,2069
2026-06-30,미곡동2,1997,66,2063
2026-06-30,한마음주유소앞,1676,386,2062
2026-06-30,구암역(운전면허시험장)2,1458,601,2059
2026-06-30,동원초등학교후문건너,1711,347,2058
2026-06-30,칠곡네스빌,1737,316,2053
2026-06-30,불교한방병원앞1,1853,199,2052
2026-06-30,두산스포츠건너,1735,316,2051
2026-06-30,원불교앞,1011,1033,2044
2026-06-30,현대금속,994,1050,2044
2026-06-30,지산영남맨션앞,1325,715,2040
2026-06-30,비산6동행정복지센터건너,661,1377,2038
2026-06-30,노변중학교,1542,492,2034
2026-06-30,장기초등학교,1525,509,2034
2026-06-30,동호동건너(북구),637,1393,2030
2026-06-30,인터불고호텔앞,1366,664,2030
2026-06-30,신암건영캐스빌아파트,1880,149,2029
2026-06-30,월배중학교앞,1011,1017,2028
2026-06-30,구암초등학교건너,1646,377,2023
2026-06-30,메트로시티앞,1543,480,2023
2026-06-30,한국방송통신대학교건너,1567,455,2022
2026-06-30,대구삼성창조캠퍼스2,740,1280,2020
2026-06-30,차천네거리2,1909,111,2020
2026-06-30,대덕문화전당건너,1895,121,2016
2026-06-30,현풍농협,1831,185,2016
2026-06-30,충혼탑앞,601,1409,2010
2026-06-30,와룡공원건너,877,1126,2003
2026-06-30,가창초등학교앞,1922,77,1999
2026-06-30,새동네아파트앞,556,1439,1995
2026-06-30,대구IM뱅크PARK남편앞,1591,400,1991
2026-06-30,파군재삼거리2,386,1595,1981
2026-06-30,경희강재앞,1829,150,1979
2026-06-30,칠곡경북대병원정문앞,1420,555,1975
2026-06-30,동원초등학교후문앞,859,1112,1971
2026-06-30,무태조야동행정복지센터앞3,1385,584,1969
2026-06-30,룸비니유치원앞,1356,599,1955
2026-06-30,무태조야동연경분소2,1512,442,1954
2026-06-30,국민연금네거리2,1630,321,1951
2026-06-30,화남초등학교건너,1379,566,1945
2026-06-30,북대구초등학교건너,1810,130,1940
2026-06-30,현풍중고등학교건너,1690,250,1940
2026-06-30,평리네거리3,1113,821,1934
2026-06-30,정평성당건너,1623,307,1930
2026-06-30,범어천로2,1072,857,1929
2026-06-30,백사벌네거리1,1895,33,1928
2026-06-30,동원초등학교건너,1096,830,1926
2026-06-30,매천성당건너2,1429,491,1920
2026-06-30,대덕천주교회4,429,1488,1917
2026-06-30,그린빌4단지건너,1777,137,1914
2026-06-30,대구선방촌공원,1771,142,1913
2026-06-30,달성보건너,1460,451,1911
2026-06-30,만촌우방1차앞,743,1168,1911
2026-06-30,현풍고속도로밑,1820,86,1906
2026-06-30,현풍백년도깨비시장앞,1535,370,1905
2026-06-30,매천성당건너1,1556,347,1903
2026-06-30,동문고등학교앞,1507,393,1900
2026-06-30,은행APT입구,611,1289,1900
2026-06-30,팔공보성아파트건너,1216,683,1899
2026-06-30,동대구역수화물취급소건너,1513,376,1889
2026-06-30,범어2동2,1525,360,1885
2026-06-30,LH14단지아파트,1553,329,1882
2026-06-30,대구연경아이파크아파트앞,1022,857,1879
2026-06-30,경대교앞,401,1475,1876
2026-06-30,미대동1,1795,72,1867
2026-06-30,중소기업관앞,1707,152,1859
2026-06-30,금사리하이빌APT건너,1685,168,1853
2026-06-30,대구물류터미널앞,1587,260,1847
2026-06-30,비산웰빙하와이앞,1663,183,1846
2026-06-30,베네딕도수녀원,775,1064,1839
2026-06-30,관음농협앞,1655,180,1835
2026-06-30,성명119안전센터앞,1578,255,1833
2026-06-30,대구혁신에듀포레아파트후문앞,1003,829,1832
2026-06-30,남부도서관앞,514,1314,1828
2026-06-30,사복동입구교차로,1524,303,1827
2026-06-30,월성영남맨션앞,1264,563,1827
2026-06-30,신성교,294,1532,1826
2026-06-30,성곡중학교건너,888,927,1815
2026-06-30,고성아파트앞,1335,473,1808
2026-06-30,미래아트빌앞,918,890,1808
2026-06-30,화동초등학교건너,1447,360,1807
2026-06-30,다사농협주유소건너,85,1715,1800
2026-06-30,수목원호정포레스트아파트앞,521,1277,1798
2026-06-30,명곡미래빌4단지,1717,79,1796
2026-06-30,e-편한세상월배건너,1681,111,1792
2026-06-30,명보약국건너,1490,300,1790
2026-06-30,달서시장앞,1251,532,1783
2026-06-30,양지마을건너,1133,647,1780
2026-06-30,수성구선거관리위원회앞,1497,277,1774
2026-06-30,은하타운앞,695,1078,1773
2026-06-30,대구삼성창조캠퍼스1,1336,434,1770
2026-06-30,이현지구대앞,1011,756,1767
2026-06-30,태왕그린힐즈건너,841,924,1765
2026-06-30,대곡주공5단지건너,1647,117,1764
2026-06-30,구암가구골목2,1281,478,1759
2026-06-30,만촌화성파크스위트앞,1156,601,1757
2026-06-30,달성경찰서,1424,332,1756
2026-06-30,논공읍행정복지센터건너1,1461,291,1752
2026-06-30,장관빌라건너,1622,129,1751
2026-06-30,남구청건너1,1644,92,1736
2026-06-30,성곡중학교앞,1518,214,1732
2026-06-30,대구제1.2예비군훈련장건너,1425,304,1729
2026-06-30,복현현대맨션앞,1500,229,1729
2026-06-30,달서자동차검사소건너,250,1478,1728
2026-06-30,포산중학교건너,1702,25,1727
2026-06-30,이월드(구.우방랜드)건너,1427,299,1726
2026-06-30,매천중고등학교건너,70,1654,1724
2026-06-30,정부대구지방합동청사후문2,1709,13,1722
2026-06-30,수성랜드앞,739,978,1717
2026-06-30,논공삼거리1,1658,58,1716
2026-06-30,동화사입구앞,116,1595,1711
2026-06-30,시지대성유니드건너,1505,202,1707
2026-06-30,성명119안전센터건너2,1280,426,1706
2026-06-30,한마음주유소건너,1289,407,1696
2026-06-30,만촌태왕리더스건너,1279,414,1693
2026-06-30,동인네거리1,1215,475,1690
2026-06-30,북대구초등학교앞,757,933,1690
2026-06-30,남부자동차종합시장앞,1285,404,1689
2026-06-30,복현현대맨션건너,1486,200,1686
2026-06-30,옥포농협강림지점건너,847,838,1685
2026-06-30,월드컵삼거리,938,746,1684
2026-06-30,두류3동파출소앞,1220,463,1683
2026-06-30,수성4가동행정복지센터앞,1003,680,1683
2026-06-30,군위등기소,1594,85,1679
2026-06-30,법원어린이집,518,1159,1677
2026-06-30,칠곡서한맨션,1491,186,1677
2026-06-30,동대구역센트럴시티자이아파트,1428,247,1675
2026-06-30,무태조야동연경분소1,1444,223,1667
2026-06-30,신덕마을입구앞,1549,111,1660
2026-06-30,상서고등학교앞,1361,294,1655
2026-06-30,불로화훼단지앞,369,1277,1646
2026-06-30,봉산가구골목(서편),929,715,1644
2026-06-30,매곡초등학교건너,1158,484,1642
2026-06-30,연경동화아이위시앞,190,1448,1638
2026-06-30,대천공영차고지앞,1562,75,1637
2026-06-30,대덕천주교회1,1183,453,1636
2026-06-30,남명삼거리2,1084,550,1634
2026-06-30,범어천로1,1246,385,1631
2026-06-30,경북크랑크,1509,121,1630
2026-06-30,덕인초등학교앞,1184,445,1629
2026-06-30,중대1동회관앞,1614,7,1621
2026-06-30,LH천년나무2단지앞,1524,92,1616
2026-06-30,만촌태왕리더스북편,954,660,1614
2026-06-30,태전중석타운,1360,254,1614
2026-06-30,혁신이노힐즈아파트건너,416,1198,1614
2026-06-30,차량등록사업소건너1,1147,464,1611
2026-06-30,다사읍행정복지센터서재출장소건너,1541,68,1609
2026-06-30,봉촌1리1,1590,19,1609
2026-06-30,동화교2,1602,6,1608
2026-06-30,화성쌍용타운앞2,279,1328,1607
2026-06-30,대구농업마이스터고후문건너,668,938,1606
2026-06-30,대구스타디움건너,1108,498,1606
2026-06-30,호반베르디움2차앞,268,1337,1605
2026-06-30,군위군 행정복지센터,1568,31,1599
2026-06-30,동대구LPG충전소건너,1245,353,1598
2026-06-30,월배이안아파트건너,1494,96,1590
2026-06-30,대구시지노인전문병원앞,737,852,1589
2026-06-30,지산화성파크드림,1192,395,1587
2026-06-30,노변청구타운앞,1095,489,1584
2026-06-30,도시철도대구역건너,1294,288,1582
2026-06-30,매곡초등학교앞,1261,319,1580
2026-06-30,두류공원(야외음악당건너),1316,261,1577
2026-06-30,평리5동행정복지센터앞,1318,257,1575
2026-06-30,농협방촌지점,1301,273,1574
2026-06-30,한국산업인력공단건너,1453,117,1570
2026-06-30,중리마을,1563,5,1568
2026-06-30,한라하우젠트,495,1073,1568
2026-06-30,남산고등학교건너,1419,146,1565
2026-06-30,칠곡경대병원역,1062,501,1563
2026-06-30,불로화훼단지건너,1158,399,1557
2026-06-30,예미지건너,1369,183,1552
2026-06-30,상리공단건너,1431,119,1550
2026-06-30,중동행정복지센터건너,1216,334,1550
2026-06-30,삼호아파트건너,958,591,1549
2026-06-30,시지보성타운2차앞,1167,382,1549
2026-06-30,희망교2,1184,363,1547
2026-06-30,대명중학교앞,1407,136,1543
2026-06-30,전기재료관1,727,814,1541
2026-06-30,도남힐스테이트4단지앞,580,959,1539
2026-06-30,대동금속건너,1488,44,1532
2026-06-30,칠곡서한맨션앞,352,1180,1532
2026-06-30,매천시장역1,1175,351,1526
2026-06-30,삼산리(삼산교회건너),1518,6,1524
2026-06-30,칠곡경북대병원정문건너,1212,311,1523
2026-06-30,상리동입구2,1475,47,1522
2026-06-30,강창교2(다사방향),441,1079,1520
2026-06-30,경서중학교앞,502,1018,1520
2026-06-30,송현공원앞,537,981,1518
2026-06-30,차량등록사업소건너2,283,1235,1518
2026-06-30,미8군후문앞,958,558,1516
2026-06-30,금포초등학교건너,1135,377,1512
2026-06-30,동아제약건너,1431,81,1512
2026-06-30,대구신문사,206,1297,1503
2026-06-30,농산물도매시장건너,1260,240,1500
2026-06-30,칠곡경북대병원후문앞,1493,5,1498
2026-06-30,담티고개2,656,840,1496
2026-06-30,공산동행정복지센터건너,700,794,1494
2026-06-30,지산중학교입구,1052,442,1494
2026-06-30,남부초등학교건너,1395,91,1486
2026-06-30,남구청앞,567,917,1484
2026-06-30,담티고개1,451,1025,1476
2026-06-30,도동청구타운앞,1368,107,1475
2026-06-30,한국제지건너,1141,334,1475
2026-06-30,장태실마을건너,1170,301,1471
2026-06-30,화성파크드림이스트밸리아파트,1158,312,1470
2026-06-30,국가산단반도유보라3차앞,781,688,1469
2026-06-30,대구중앙중학교앞,432,1035,1467
2026-06-30,용계삼거리4,965,502,1467
2026-06-30,논공삼거리2,881,579,1460
2026-06-30,신평동2,1169,290,1459
2026-06-30,달성습지·대명유수지앞,269,1182,1451
2026-06-30,신서롯데캐슬레전드서편앞,1145,301,1446
2026-06-30,화성전문요양원앞,971,474,1445
2026-06-30,월배이안아파트앞,499,942,1441
2026-06-30,와룡공원앞,921,511,1432
2026-06-30,무림제지건너,1037,392,1429
2026-06-30,청운맨션앞,621,807,1428
2026-06-30,경희강재건너,487,940,1427
2026-06-30,유곡공원건너,1419,7,1426
2026-06-30,칠곡대백맨션앞,412,1013,1425
2026-06-30,지묘초등학교건너,1095,329,1424
2026-06-30,더샵수성라크에르아파트앞,1131,288,1419
2026-06-30,두류공원(야외음악당앞),1089,330,1419
2026-06-30,성보교통앞,1238,176,1414
2026-06-30,그린빌4단지앞,917,494,1411
2026-06-30,경원고등학교앞,1265,142,1407
2026-06-30,씨아이에스,36,1371,1407
2026-06-30,강동초교건너,1383,23,1406
2026-06-30,노변청구타운건너,1007,399,1406
2026-06-30,봉명네거리3,1045,349,1394
2026-06-30,도남힐스테이트1단지건너,1301,90,1391
2026-06-30,성당초교앞,840,547,1387
2026-06-30,대구스타디움앞,623,761,1384
2026-06-30,관음공영주차장앞,1203,179,1382
2026-06-30,비산초등학교정문,575,806,1381
2026-06-30,국가산단반도유보라1차,461,917,1378
2026-06-30,무태교,13,1365,1378
2026-06-30,비슬초등학교건너,1303,74,1377
2026-06-30,대구동촌유치원,1116,260,1376
2026-06-30,신매태성아파트,140,1234,1374
2026-06-30,서대구역네거리2,1050,323,1373
2026-06-30,달성군청앞,1100,271,1371
2026-06-30,냉천전원음식점지구,1282,88,1370
2026-06-30,서한이다음2차건너,356,1013,1369
2026-06-30,중리삼거리2,1359,10,1369
2026-06-30,동촌역(2번출구),1003,364,1367
2026-06-30,연화리,1217,149,1366
2026-06-30,약사회관앞,1134,230,1364
2026-06-30,청구중동아파트,452,912,1364
2026-06-30,대곡중학교앞,1333,29,1362
2026-06-30,달성습지·대명유수지건너,490,867,1357
2026-06-30,무열대앞,758,599,1357
2026-06-30,무태조야동행정복지센터건너3,1165,191,1356
2026-06-30,매곡사거리1,248,1106,1354
2026-06-30,매천수산시장앞,1223,127,1350
2026-06-30,경창산업,1024,325,1349
2026-06-30,청남타운앞,327,1019,1346
2026-06-30,태전휴먼시아,1157,189,1346
2026-06-30,상수도중남부사업소앞,766,576,1342
2026-06-30,대구지방법원서부지원,899,434,1333
2026-06-30,화성그랜드건너,588,739,1327
2026-06-30,관음어린이집,1151,171,1322
2026-06-30,제일풍경채센트럴앞,1295,22,1317
2026-06-30,경북대학교체육센터건너2,821,495,1316
2026-06-30,대구국제고등학교앞,1240,73,1313
2026-06-30,안지랑골입구,508,799,1307
2026-06-30,조암네거리1,1109,196,1305
2026-06-30,보성기계건너,1243,58,1301
2026-06-30,안심도서관1(서편),1111,185,1296
2026-06-30,교동초등학교앞,1071,222,1293
2026-06-30,풍국주정공업,1076,217,1293
2026-06-30,명곡지구앞,754,538,1292
2026-06-30,율하체육공원앞,905,385,1290
2026-06-30,명천로1,772,516,1288
2026-06-30,신서롯데캐슬레전드서편건너,36,1252,1288
2026-06-30,북부상수도사업소,151,1135,1286
2026-06-30,희망교1,1099,180,1279
2026-06-30,성보교통건너,985,289,1274
2026-06-30,구지면행정복지센터앞,333,938,1271
2026-06-30,무림제지앞1,959,312,1271
2026-06-30,무태조야동연경분소3,1214,55,1269
2026-06-30,학산아파트건너,1078,190,1268
2026-06-30,현풍삼거리,1155,113,1268
2026-06-30,달성군청건너,1185,80,1265
2026-06-30,대구반도체마이스터고등학교 남편,477,787,1264
2026-06-30,앞산자락카페마실앞,733,528,1261
2026-06-30,검단동행정복지센터건너,1213,47,1260
2026-06-30,두리봉터널입구건너,1157,103,1260
2026-06-30,중동서울아파트앞,1187,72,1259
2026-06-30,세흥에스피,780,471,1251
2026-06-30,솔정고개1,593,656,1249
2026-06-30,송정2교,119,1127,1246
2026-06-30,중동행정복지센터앞,994,252,1246
2026-06-30,성서2차서한타운2,384,856,1240
2026-06-30,한국방송통신대학교앞,380,860,1240
2026-06-30,장산초등학교앞,1026,212,1238
2026-06-30,태왕그린힐즈앞1,292,946,1238
2026-06-30,소선여중앞,134,1103,1237
2026-06-30,동구시장건너,119,1117,1236
2026-06-30,이곡역(3번출구),352,883,1235
2026-06-30,고래들공원건너,1145,88,1233
2026-06-30,대구세명학교건너,796,432,1228
2026-06-30,차천네거리1,997,218,1215
2026-06-30,삼리리1(논공),1174,40,1214
2026-06-30,칠곡3차화성타운3,615,598,1213
2026-06-30,럭키아파트앞,1135,74,1209
2026-06-30,KT북대구지사건너,867,341,1208
2026-06-30,논공읍행정복지센터앞,1040,165,1205
2026-06-30,봉무공원건너,807,397,1204
2026-06-30,경대교건너,999,204,1203
2026-06-30,예미지앞,1086,117,1203
2026-06-30,냉천리1,1126,75,1201
2026-06-30,위생처리장2,145,1054,1199
2026-06-30,포산고등학교1,1001,193,1194
2026-06-30,관음변전소2,156,1031,1187
2026-06-30,대곡공원앞,1059,128,1187
2026-06-30,앞산빨래터공원,1112,74,1186
2026-06-30,청구시장건너2,542,642,1184
2026-06-30,삼보,752,430,1182
2026-06-30,이월드(구.우방랜드)앞,876,304,1180
2026-06-30,수성못오거리5,644,534,1178
2026-06-30,우방신세계타운앞,950,228,1178
2026-06-30,수성동삼익맨션앞,1094,78,1172
2026-06-30,진밭골(종점)2,1011,157,1168
2026-06-30,우방송현하이츠,927,239,1166
2026-06-30,송정삼거리2,205,953,1158
2026-06-30,첨단의료산업진흥재단건너,1001,155,1156
2026-06-30,포산고등학교2,949,199,1148
2026-06-30,달성삼환나우빌앞,978,168,1146
2026-06-30,동서변월드메르디앙아파트정문,338,806,1144
2026-06-30,대구혁신에듀포레아파트앞,980,162,1142
2026-06-30,수성소방서1,487,652,1139
2026-06-30,북대구농협검단지점앞,37,1101,1138
2026-06-30,칠곡청구타운건너,468,670,1138
2026-06-30,성요셉요양병원앞,849,287,1136
2026-06-30,선녀곡앞(옥포),60,1074,1134
2026-06-30,대곡주공5단지앞,275,857,1132
2026-06-30,국가산단서한이다음건너,223,908,1131
2026-06-30,우록리(종점),1045,86,1131
2026-06-30,한실공원앞,1053,78,1131
2026-06-30,남산고등학교앞,857,272,1129
2026-06-30,대구역꽃시장,258,871,1129
2026-06-30,화성그랜드앞,818,309,1127
2026-06-30,달구벌신협건너,1007,119,1126
2026-06-30,관음동행정복지센터앞,1001,124,1125
2026-06-30,서문시장5지구앞,925,197,1122
2026-06-30,동호초등학교건너,1005,116,1121
2026-06-30,효령문화센터,1096,23,1119
2026-06-30,죽곡푸르지오2단지2,923,193,1116
2026-06-30,학남초등학교앞,875,241,1116
2026-06-30,대곡고등학교앞,620,495,1115
2026-06-30,월촌역(4번출구),918,197,1115
2026-06-30,한실공원건너,974,140,1114
2026-06-30,달성군민체육관건너,780,330,1110
2026-06-30,이노밸리로2,748,359,1107
2026-06-30,포산서사거리1,1067,40,1107
2026-06-30,침산초등학교앞,261,844,1105
2026-06-30,대구보건대학교5,715,389,1104
2026-06-30,불교한방병원건너1,532,569,1101
2026-06-30,공산댐건너,994,105,1099
2026-06-30,이마트반야월점건너,715,383,1098
2026-06-30,팔공초중학교건너,688,406,1094
2026-06-30,매호동서아파트앞,957,135,1092
2026-06-30,만촌그린빌라건너,985,106,1091
2026-06-30,인산마을건너,1080,8,1088
2026-06-30,만촌삼정그린코아건너,1066,20,1086
2026-06-30,옥포농협앞,931,155,1086
2026-06-30,한국타이어,143,942,1085
2026-06-30,매호성당건너,948,135,1083
2026-06-30,칠곡우방타운건너(종점),861,222,1083
2026-06-30,침산초등학교후문,997,86,1083
2026-06-30,남부초등학교앞,685,395,1080
2026-06-30,우보버스정류장,984,96,1080
2026-06-30,신서그린빌아파트,971,108,1079
2026-06-30,운암지공원2,864,215,1079
2026-06-30,성서한샘타운앞,893,183,1076
2026-06-30,e편한세상대구금호앞,353,720,1073
2026-06-30,대구북부소방서건너,756,312,1068
2026-06-30,도학동,1051,14,1065
2026-06-30,경원고등학교건너,848,213,1061
2026-06-30,대천초등학교앞,921,140,1061
2026-06-30,이곡역(2번출구),1024,34,1058
2026-06-30,금사리하이빌APT앞,642,415,1057
2026-06-30,월배국민체육센터건너,349,702,1051
2026-06-30,수성요양병원,834,215,1049
2026-06-30,대천119안전센터앞,795,252,1047
2026-06-30,매호성당앞,896,150,1046
2026-06-30,대구제1.2예비군훈련장앞,800,244,1044
2026-06-30,대구택시협동조합앞,744,300,1044
2026-06-30,매천화성파크드림,881,163,1044
2026-06-30,매천수산시장건너,888,155,1043
2026-06-30,청남타운건너,819,222,1041
2026-06-30,영조아파트앞,1029,10,1039
2026-06-30,태전두성3차앞,1002,33,1035
2026-06-30,부영7단지건너,875,157,1032
2026-06-30,중마을(갓바위방향),820,212,1032
2026-06-30,월배힐스테이트앞,444,587,1031
2026-06-30,노원동화타운건너,569,453,1022
2026-06-30,안심도서관2(서편),455,567,1022
2026-06-30,국민건강보험공단달성고령지사건너,870,147,1017
2026-06-30,관음동행정복지센터건너,853,150,1003
2026-06-30,본리2,773,230,1003
2026-06-30,유신섬유네거리1,808,194,1002
2026-06-30,골안골지하보도앞,132,868,1000
2026-06-30,범물2동행정복지센터앞,141,853,994
2026-06-30,용계동2,685,307,992
2026-06-30,에코테마파크대구숲남문앞,41,946,987
2026-06-30,코스모스한양아파트앞,602,383,985
2026-06-30,백안교2,950,34,984
2026-06-30,농협동촌지점,724,259,983
2026-06-30,침산동화타운앞,472,505,977
2026-06-30,앞산별자리체험학습장2,119,855,974
2026-06-30,월곡네거리,186,788,974
2026-06-30,삼성한국형아파트건너,942,30,972
2026-06-30,북구 동호동(종점)2(서리지입구),839,131,970
2026-06-30,평리광명네거리,142,828,970
2026-06-30,대1리용흥지건너,918,50,968
2026-06-30,원대오거리북편2,596,372,968
2026-06-30,서대구공단네거리1,818,146,964
2026-06-30,성요셉요양병원건너,848,111,959
2026-06-30,에코테마파크대구숲앞,567,392,959
2026-06-30,창평1리,931,27,958
2026-06-30,대주기계 건너,495,462,957
2026-06-30,수성랜드건너,643,314,957
2026-06-30,대곡청구아파트앞,608,347,955
2026-06-30,성주사앞,533,418,951
2026-06-30,도시철도대구역,325,622,947
2026-06-30,제일규산,811,135,946
2026-06-30,상리동종점2,933,12,945
2026-06-30,성서초등학교앞,5,940,945
2026-06-30,비산6동행정복지센터앞,759,183,942
2026-06-30,신매역(6번출구),749,188,937
2026-06-30,관음중학교(북편),718,217,935
2026-06-30,황금시장건너,570,361,931
2026-06-30,칠성시장(농협앞),717,212,929
2026-06-30,스파밸리1,211,717,928
2026-06-30,신천초등학교건너,444,484,928
2026-06-30,평화씨엠비건너,826,101,927
2026-06-30,남산2동행정복지센터앞,718,204,922
2026-06-30,LH천년나무2단지건너,625,295,920
2026-06-30,대구경북지방중소벤처기업청앞,793,127,920
2026-06-30,한국가스공사건너,704,214,918
2026-06-30,홍천사건너,892,26,918
2026-06-30,현풍주공아파트앞,667,248,915
2026-06-30,남구청네거리2,751,163,914
2026-06-30,관음변전소3,890,23,913
2026-06-30,사복동입구교차로건너,23,886,909
2026-06-30,첨단의료산업진흥재단앞,280,629,909
2026-06-30,한국도로공사건너,229,677,906
2026-06-30,대덕마을앞,390,512,902
2026-06-30,중소기업관건너,24,877,901
2026-06-30,삼성한국형아파트앞,105,787,892
2026-06-30,대구스마트고등학교3,483,407,890
2026-06-30,매천시장역2,732,157,889
2026-06-30,성서푸른마을아파트앞,572,317,889
2026-06-30,대구택시협동조합건너,505,378,883
2026-06-30,대구상원초등학교앞,637,245,882
2026-06-30,칠곡한라타운앞,76,806,882
2026-06-30,안심역코오롱하늘채앞,182,699,881
2026-06-30,대진중고등학교앞,758,119,877
2026-06-30,심인고등학교앞,535,340,875
2026-06-30,첨단임상시험센터앞,261,614,875
2026-06-30,도남힐스테이트2단지앞,516,358,874
2026-06-30,태전삼성아파트,697,177,874
2026-06-30,기업은행국가산단지점건너,855,16,871
2026-06-30,평안,635,235,870
2026-06-30,지묘초등학교앞,696,173,869
2026-06-30,상인화성파크드림건너,499,367,866
2026-06-30,이노밸리로1,552,310,862
2026-06-30,대1리용흥지앞,174,683,857
2026-06-30,한국부동산원앞,517,340,857
2026-06-30,위천삼거리(현풍방향),710,144,854
2026-06-30,월배차량기지건너,301,552,853
2026-06-30,대구하이텍고교건너,495,352,847
2026-06-30,전기재료관2,155,692,847
2026-06-30,방촌빌라,234,612,846
2026-06-30,송현공원건너,325,521,846
2026-06-30,경북농업기술원입구,735,106,841
2026-06-30,한국로봇산업진흥원후문앞,607,234,841
2026-06-30,경북농업기술원건너,544,296,840
2026-06-30,봉명네거리1,497,343,840
2026-06-30,삼산리(세왕교통2),728,111,839
2026-06-30,다사읍행정복지센터앞,291,547,838
2026-06-30,만평네거리2,82,756,838
2026-06-30,달성초등학교앞,681,154,835
2026-06-30,대구물류터미널건너,394,438,832
2026-06-30,성산초등학교앞,571,260,831
2026-06-30,진정마을1,823,8,831
2026-06-30,칠성고가도로하단,702,129,831
2026-06-30,도평동입구1,604,223,827
2026-06-30,앞산궁도장건너,344,483,827
2026-06-30,호산초등학교앞,221,604,825
2026-06-30,교대부설초등학교앞,62,758,820
2026-06-30,구지축구장앞,790,29,819
2026-06-30,공작한양아파트앞,779,35,814
2026-06-30,덕곡삼거리2,808,6,814
2026-06-30,검단동행정복지센터앞,5,802,807
2026-06-30,동천역2,612,185,797
2026-06-30,달성초등학교건너,501,295,796
2026-06-30,대구텍건너,502,294,796
2026-06-30,태전육교2,428,368,796
2026-06-30,K2관사입구(종점),691,101,792
2026-06-30,다사읍행정복지센터서재출장소앞,466,326,792
2026-06-30,청운맨션건너,423,369,792
2026-06-30,육상진흥센터앞,470,321,791
2026-06-30,상동마을(둔산길),767,20,787
2026-06-30,도남8,31,755,786
2026-06-30,동촌해성아파트건너,333,452,785
2026-06-30,달성군선거관리위원회앞,44,739,783
2026-06-30,두류파출소건너,588,194,782
2026-06-30,도남힐스테이트1단지앞,454,327,781
2026-06-30,태성맨션건너,205,575,780
2026-06-30,새론중학교남편1,600,178,778
2026-06-30,태전교회앞,602,175,777
2026-06-30,금포새터길1,754,21,775
2026-06-30,선돌교2,582,191,773
2026-06-30,신서성당앞,26,745,771
2026-06-30,옥포중앙교회건너,752,19,771
2026-06-30,황금고가교네거리,746,23,769
2026-06-30,동곡초등학교건너,757,11,768
2026-06-30,도남LH2단지아파트건너,683,80,763
2026-06-30,명보약국앞,213,550,763
2026-06-30,신천초등학교앞,396,367,763
2026-06-30,화동초등학교앞,614,145,759
2026-06-30,비원지구대건너,567,190,757
2026-06-30,명천로2,242,514,756
2026-06-30,현충삼거리1,45,710,755
2026-06-30,포산고사거리,549,202,751
2026-06-30,대진중고등학교건너,561,186,747
2026-06-30,동아제약,381,366,747
2026-06-30,대곡파출소2,514,232,746
2026-06-30,현풍백년도깨비시장건너,529,215,744
2026-06-30,관문동행정복지센터 금호분소앞,262,480,742
2026-06-30,조야초등학교건너,707,35,742
2026-06-30,대곡파출소1,156,585,741
2026-06-30,가창119안전센터,665,75,740
2026-06-30,대림생수,721,19,740
2026-06-30,장관빌라앞,322,418,740
2026-06-30,서재들,387,351,738
2026-06-30,수정맨션앞,563,174,737
2026-06-30,달서구새마을회앞,31,704,735
2026-06-30,화성쌍용타운건너,651,84,735
2026-06-30,봉덕2동새마을금고앞,358,376,734
2026-06-30,대구선방촌공원남편,157,576,733
2026-06-30,미곡동1,185,548,733
2026-06-30,장태실마을앞,465,266,731
2026-06-30,부영7단지앞,630,100,730
2026-06-30,1차서한화성타운앞,576,153,729
2026-06-30,창리교차로1,666,61,727
2026-06-30,이곡마을2,683,41,724
2026-06-30,새동네아파트건너,578,144,722
2026-06-30,약사회관건너,394,326,720
2026-06-30,군위군청,697,16,713
2026-06-30,교동초등학교건너,584,128,712
2026-06-30,대신동광명맨션앞,518,194,712
2026-06-30,삼환맨션,426,284,710
2026-06-30,내동,677,30,707
2026-06-30,월촌고가교2,626,80,706
2026-06-30,두리봉터널입구,595,110,705
2026-06-30,방천리1,32,672,704
2026-06-30,상인역모아엘가파크뷰아파트앞,155,549,704
2026-06-30,군위공용버스터미널,654,48,702
2026-06-30,칠곡IC 1,136,565,701
2026-06-30,파계교,413,288,701
2026-06-30,한국교육학술정보원앞,69,632,701
2026-06-30,신생원건너,25,671,696
2026-06-30,국가물산업클러스터앞,622,72,694
2026-06-30,대구역서희스타힐스앞,247,446,693
2026-06-30,도남7,630,63,693
2026-06-30,칠곡경북대병원건너(50사단),301,391,692
2026-06-30,두리봉터널종점,202,489,691
2026-06-30,의흥면 행정복지센터,662,28,690
2026-06-30,어린이세상건너2,127,560,687
2026-06-30,대덕초등학교건너,165,521,686
2026-06-30,만촌삼정그린코아앞2,629,57,686
2026-06-30,용금공단앞,682,3,685
2026-06-30,아바코앞,593,91,684
2026-06-30,송정삼거리1,485,197,682
2026-06-30,상동천주교회건너,217,464,681
2026-06-30,월배쌍용예가앞,376,303,679
2026-06-30,구암동1,628,50,678
2026-06-30,산격119안전센터(엑스코),177,498,675
2026-06-30,포산중학교앞,304,371,675
2026-06-30,바른병원건너,392,282,674
2026-06-30,원대동행정복지센터건너,507,167,674
2026-06-30,장산초등학교건너,584,89,673
2026-06-30,부동,620,52,672
2026-06-30,한국가스공사앞,346,326,672
2026-06-30,삼리2교차로 1,541,128,669
2026-06-30,이시아폴리스롯데아울렛건너,255,414,669
2026-06-30,삼리1리2,616,52,668
2026-06-30,금계초등학교(교항리),534,133,667
2026-06-30,태전우방타운3차아파트,559,108,667
2026-06-30,효령면 행정복지센터,503,163,666
2026-06-30,연경체육공원건너,215,450,665
2026-06-30,도동교1,651,11,662
2026-06-30,조암네거리2,306,353,659
2026-06-30,삼덕동1,10,645,655
2026-06-30,서대구역네거리1,351,303,654
2026-06-30,앞산공원관리사무소앞,23,629,652
2026-06-30,대동금속앞,389,261,650
2026-06-30,육상진흥센터건너,431,216,647
2026-06-30,노원네거리4(기업은행),84,562,646
2026-06-30,팔달초등학교,530,114,644
2026-06-30,성산리2,576,64,640
2026-06-30,대흥동앞,297,340,637
2026-06-30,혁신2근린공원,557,80,637
2026-06-30,상원리(마을회관)1,635,0,635
2026-06-30,한세모빌리티앞,354,280,634
2026-06-30,본리1리동회관건너,442,188,630
2026-06-30,평화씨엠비앞,225,403,628
2026-06-30,금포1교1,589,36,625
2026-06-30,대구교도소건너,623,1,624
2026-06-30,신당리,581,43,624
2026-06-30,봉덕시장건너2,382,241,623
2026-06-30,삼덕동2,512,111,623
2026-06-30,금포교,466,156,622
2026-06-30,새론중학교남편2,573,49,622
2026-06-30,만촌천주교회앞,313,308,621
2026-06-30,대서초등학교앞,386,233,619
2026-06-30,서당마을건너,561,58,619
2026-06-30,달서별빛캠핑장건너,411,207,618
2026-06-30,만촌자이르네앞,567,51,618
2026-06-30,두류파출소앞,343,273,616
2026-06-30,한국생산기술연구원앞,564,51,615
2026-06-30,대성유니드건너,389,224,613
2026-06-30,용산역(1번출구),250,359,609
2026-06-30,위천1리건너,475,134,609
2026-06-30,매일신문사건너,354,254,608
2026-06-30,상동교1,335,270,605
2026-06-30,내일교회앞,564,38,602
2026-06-30,군위버스터미널건너,73,526,599
2026-06-30,능성동입구건너,581,13,594
2026-06-30,수성구리틀야구장앞,437,155,592
2026-06-30,태평상가앞2,82,506,588
2026-06-30,에코테마파크대구숲남문건너,440,147,587
2026-06-30,대구혁신LH4단지아파트,524,62,586
2026-06-30,현풍주공아파트,297,289,586
2026-06-30,e-편한세상월배앞,235,343,578
2026-06-30,삼성공원아파트앞,405,171,576
2026-06-30,성동건너,304,272,576
2026-06-30,유통단지회차지2,540,34,574
2026-06-30,노원네거리(대구은행건너),296,276,572
2026-06-30,동화교1,85,486,571
2026-06-30,신서화성파크드림아파트,325,245,570
2026-06-30,대율1리,547,20,567
2026-06-30,삼우섬유앞,510,57,567
2026-06-30,달서교하부 공영주차장,219,347,566
2026-06-30,위생처리장1,402,164,566
2026-06-30,협성휴포레강북건너,339,226,565
2026-06-30,삼산리(세왕교통1),564,0,564
2026-06-30,용산역(6번출구),72,491,563
2026-06-30,운암지공원1,376,187,563
2026-06-30,창2리마을1,514,49,563
2026-06-30,대실역(3번출구남쪽),118,444,562
2026-06-30,유곡사거리1,557,5,562
2026-06-30,평화정공앞,340,222,562
2026-06-30,협성휴포레강북앞,469,93,562
2026-06-30,대구경북지방중소벤처기업청건너,368,190,558
2026-06-30,우방송현하이츠건너,459,99,558
2026-06-30,국가물산업클러스터건너,41,516,557
2026-06-30,대동정공,504,53,557
2026-06-30,대구국제고등학교건너,444,111,555
2026-06-30,대구한의대병원역,403,152,555
2026-06-30,㈜윔스건너,100,454,554
2026-06-30,남문아파트앞,398,152,550
2026-06-30,태전두성타운앞,131,419,550
2026-06-30,단산리(종점),523,26,549
2026-06-30,삼리리2(논공),357,191,548
2026-06-30,방촌1동,543,4,547
2026-06-30,우방아파트삼거리,312,235,547
2026-06-30,노곡교(하중도)2,541,4,545
2026-06-30,매천대교1,261,282,543
2026-06-30,달성군민체육관앞,481,61,542
2026-06-30,국립대구과학관앞,414,127,541
2026-06-30,한국제지앞,163,374,537
2026-06-30,동대구LPG충전소앞,361,175,536
2026-06-30,문주마을건너,484,52,536
2026-06-30,창리교차로2,320,216,536
2026-06-30,한국산업인력공단앞,28,507,535
2026-06-30,도학교2,522,12,534
2026-06-30,현풍운전시험장,464,70,534
2026-06-30,칠곡초등학교건너,103,430,533
2026-06-30,달성기와건너,255,277,532
2026-06-30,성서공단물류센터,460,72,532
2026-06-30,달서아트센터앞,436,93,529
2026-06-30,범물우방미진하이츠앞,40,489,529
2026-06-30,현풍할매곰탕건너,218,310,528
2026-06-30,대흥동건너,310,217,527
2026-06-30,민들레아파트후문건너,5,521,526
2026-06-30,국우초등학교앞,172,351,523
2026-06-30,국립대구과학관정문건너,481,41,522
2026-06-30,의흥면 행정복지센터,485,37,522
2026-06-30,대명중학교건너,74,446,520
2026-06-30,비원지구대앞,241,278,519
2026-06-30,옥포무지개마을앞,339,178,517
2026-06-30,이곡마을,387,130,517
2026-06-30,중소기업지원센터,380,136,516
2026-06-30,대천초등학교건너,358,157,515
2026-06-30,평화정공건너,177,335,512
2026-06-30,창평1리,376,135,511
2026-06-30,금호119안전센터건너,497,13,510
2026-06-30,국민건강보험공단달성고령지사앞,145,362,507
2026-06-30,생각을담는정원건너,188,317,505
2026-06-30,옥포주유소앞,337,168,505
2026-06-30,정부대구지방합동청사후문1,20,482,502
2026-06-30,달성기와앞,395,106,501
2026-06-30,이곡마을건너,133,366,499
2026-06-30,동호동앞(북구),83,415,498
2026-06-30,덕곡(달구벌고교),487,8,495
2026-06-30,(주)영화앞,489,0,489
2026-06-30,동화골든빌(북편),309,177,486
2026-06-30,중동서울아파트건너,237,249,486
2026-06-30,가창중학교앞,74,410,484
2026-06-30,고래들공원앞,314,168,482
2026-06-30,상인화성파크드림앞,210,270,480
2026-06-30,한양수정아파트,292,187,479
2026-06-30,선돌교1,348,130,478
2026-06-30,신성중공업앞,475,0,475
2026-06-30,동천역1,376,97,473
2026-06-30,칠성우방타운,31,442,473
2026-06-30,태전두성3차건너,227,246,473
2026-06-30,비슬초등학교앞,212,259,471
2026-06-30,한양산호아파트건너,191,280,471
2026-06-30,한국뇌연구원앞,399,63,462
2026-06-30,관문동행정복지센터 금호분소 건너,366,95,461
2026-06-30,남산2동행정복지센터건너,304,157,461
2026-06-30,송해공원건너,456,4,460
2026-06-30,도시관리본부앞,240,218,458
2026-06-30,경주최씨종가(종점),421,36,457
2026-06-30,럭키아파트건너,201,254,455
2026-06-30,동양맨션앞,91,363,454
2026-06-30,앞산태왕아너스건너,53,401,454
2026-06-30,아바코건너,228,220,448
2026-06-30,대리마을회관건너,438,9,447
2026-06-30,대림생수앞,15,431,446
2026-06-30,칠성시장(양친회신협)건너,108,338,446
2026-06-30,성서협업단지건너,384,60,444
2026-06-30,공산초등학교건너,258,185,443
2026-06-30,금호화물자동차공영차고지,364,79,443
2026-06-30,유곡사거리3,443,0,443
2026-06-30,베어산업앞,389,53,442
2026-06-30,월촌고가교1,124,318,442
2026-06-30,대구지방기상청,331,110,441
2026-06-30,대덕문화전당앞,194,247,441
2026-06-30,옥산정미소,440,1,441
2026-06-30,매여동(동구)저탄장,430,10,440
2026-06-30,동호공영차고지앞,419,20,439
2026-06-30,병수리,410,29,439
2026-06-30,선녀곡건너(옥포),318,120,438
2026-06-30,성동마을앞,419,19,438
2026-06-30,칠성시장(농협건너),144,293,437
2026-06-30,앞산공원관리사무소건너,386,50,436
2026-06-30,유가사거리2,384,52,436
2026-06-30,남문시장건너1,281,153,434
2026-06-30,서한이다음4차앞,101,332,433
2026-06-30,푸드웰앞,46,387,433
2026-06-30,대구일과학고등학교,345,82,427
2026-06-30,대실역(2번출구남쪽),327,99,426
2026-06-30,청소년수련원건너,368,58,426
2026-06-30,율금초등학교앞,27,398,425
2026-06-30,장군리,421,4,425
2026-06-30,한서기전건너,355,68,423
2026-06-30,스틸웨이,364,58,422
2026-06-30,하빈면행정복지센터건너,420,1,421
2026-06-30,동화시설집단지구(종점)1,377,40,417
2026-06-30,새각단건너,190,226,416
2026-06-30,성림첨단산업앞,314,101,415
2026-06-30,(주)성안건너,11,403,414
2026-06-30,성주사건너,162,252,414
2026-06-30,공단하수처리장건너,84,325,409
2026-06-30,백안삼거리1,174,235,409
2026-06-30,화전동2,397,12,409
2026-06-30,주식회사대동건너,361,46,407
2026-06-30,관음변전소4,342,63,405
2026-06-30,화원삼주타운앞,219,186,405
2026-06-30,농협중앙회중동지점앞,69,335,404
2026-06-30,부동삼거리,49,355,404
2026-06-30,한국한의학연구원앞,16,388,404
2026-06-30,한국지능정보사회진흥원,258,143,401
2026-06-30,중앙교육연수원앞,83,315,398
2026-06-30,평광종점,365,31,396
2026-06-30,대덕승마장건너,314,81,395
2026-06-30,수성월드메르디앙앞,110,285,395
2026-06-30,정부대구지방합동청사건너,297,98,395
2026-06-30,경북농업기술원앞,88,306,394
2026-06-30,대림육교2,165,229,394
2026-06-30,상록아파트,21,373,394
2026-06-30,율하천5교1,384,10,394
2026-06-30,금호지구종점(시내방향),392,1,393
2026-06-30,칠성시장(양친회신협),255,138,393
2026-06-30,소보정류장,370,22,392
2026-06-30,화원유원지건너,367,24,391
2026-06-30,수성구리틀야구장건너,87,301,388
2026-06-30,조양회관건너,229,159,388
2026-06-30,성림첨단산업건너,343,43,386
2026-06-30,둔산동,382,3,385
2026-06-30,성서협업단지앞,337,48,385
2026-06-30,세천리3,344,37,381
2026-06-30,영진산업,370,9,379
2026-06-30,1차서한화성타운건너,255,123,378
2026-06-30,미대동2,182,196,378
2026-06-30,조양회관,145,233,378
2026-06-30,NH농협혁신도시지점건너,7,370,377
2026-06-30,구둔산,355,21,376
2026-06-30,시지우방하이츠앞,260,114,374
2026-06-30,해안공영주차장북편,370,4,374
2026-06-30,한세모빌리티건너,54,319,373
2026-06-30,검단상가아파트앞,368,4,372
2026-06-30,옥분리마을회관앞,368,4,372
2026-06-30,노사평화의전당앞,118,251,369
2026-06-30,금구1리,85,283,368
2026-06-30,도시관리본부건너,320,47,367
2026-06-30,온누리교회,323,44,367
2026-06-30,중석타운건너,27,340,367
2026-06-30,노곡교(하중도)1,76,290,366
2026-06-30,대리,356,7,363
2026-06-30,태전육교1,107,256,363
2026-06-30,하빈농협동곡지점2,342,21,363
2026-06-30,한국로봇산업진흥원후문건너,153,210,363
2026-06-30,장기영남네오빌,207,152,359
2026-06-30,대구지료재생사,162,196,358
2026-06-30,덕곡동,358,0,358
2026-06-30,측백나무숲건너,357,1,358
2026-06-30,성하리,139,217,356
2026-06-30,군위공용버스터미널,341,11,352
2026-06-30,서재문화체육센터앞1,26,326,352
2026-06-30,숙천초교앞,54,297,351
2026-06-30,칠곡경대병원역건너,187,163,350
2026-06-30,담안마을2,349,0,349
2026-06-30,대호분체산업,283,66,349
2026-06-30,동곡1리1,348,1,349
2026-06-30,베어산업건너,268,79,347
2026-06-30,한국클래드텍건너,335,12,347
2026-06-30,달서중고등학교건너,339,7,346
2026-06-30,월배아이파크1차앞,188,158,346
2026-06-30,효림엑스이,212,132,344
2026-06-30,대곡중학교건너,31,311,342
2026-06-30,옥포LH천년나무2단지앞,26,313,339
2026-06-30,㈜윔스앞,297,41,338
2026-06-30,덴티스앞,264,73,337
2026-06-30,평리1동행정복지센터건너,252,85,337
2026-06-30,한국생산기술연구원건너,266,70,336
2026-06-30,관리공단,245,90,335
2026-06-30,코스모스한양아파트건너,193,140,333
2026-06-30,팔현마을,230,103,333
2026-06-30,연경동종점1,222,110,332
2026-06-30,매곡(종점),220,111,331
2026-06-30,안심고가교하부1,82,247,329
2026-06-30,대구우편집중국(동편),288,40,328
2026-06-30,연경체육공원앞,160,168,328
2026-06-30,동곡치안센터앞,56,271,327
2026-06-30,대곡청구아파트건너,11,311,322
2026-06-30,도남동(종점),312,10,322
2026-06-30,성동탱자나무마을앞,136,183,319
2026-06-30,옥분리(구진터),304,14,318
2026-06-30,갈실마을회관종점,304,13,317
2026-06-30,만촌체육공원,196,119,315
2026-06-30,강동중·고등학교,12,302,314
2026-06-30,무림제지앞2,100,214,314
2026-06-30,유곡리공영차고지건너,265,48,313
2026-06-30,본말(종점),310,2,312
2026-06-30,금호기전,258,53,311
2026-06-30,삼산리입구건너,308,3,311
2026-06-30,유천초등학교앞,255,56,311
2026-06-30,혜성정공,272,39,311
2026-06-30,정부대구지방합동청사앞,239,71,310
2026-06-30,보람타운건너,74,233,307
2026-06-30,달서자동차검사소앞,51,255,306
2026-06-30,해안동행정복지센터,205,98,303
2026-06-30,주식회사대동앞,184,118,302
2026-06-30,석굴암IC교아래,182,118,300
2026-06-30,성바울로성당앞,141,159,300
2026-06-30,섬뜸마을,298,1,299
2026-06-30,달성우신미가뷰앞,24,274,298
2026-06-30,금호119안전센터앞,63,234,297
2026-06-30,한서기전앞,244,53,297
2026-06-30,연경대광로제비앙앞,26,270,296
2026-06-30,공작한양아파트건너,203,92,295
2026-06-30,덕곡(대구선명학교),194,101,295
2026-06-30,영풍열처리앞,251,44,295
2026-06-30,금호지구종점(종점방향),287,7,294
2026-06-30,앞산빨래터공원2,181,112,293
2026-06-30,구암동2,78,214,292
2026-06-30,탱리마을앞,81,209,290
2026-06-30,삼산지,285,1,286
2026-06-30,고모역건너,199,85,284
2026-06-30,볼보트럭대구사업소건너,182,102,284
2026-06-30,세천북로2,244,40,284
2026-06-30,내일교회건너,208,75,283
2026-06-30,대구지식산업센터앞,31,252,283
2026-06-30,진밭골(종점)1,273,10,283
2026-06-30,녹동서원건너,278,4,282
2026-06-30,대구학생문화센터,72,209,281
2026-06-30,덕곡삼거리1,29,252,281
2026-06-30,삼익THK앞,201,80,281
2026-06-30,삼리1리1,158,117,275
2026-06-30,동호마을건너,215,58,273
2026-06-30,유가사거리1,151,122,273
2026-06-30,태전우방타운1차,199,74,273
2026-06-30,행정리(한천서원),272,1,273
2026-06-30,석굴암IC교아래,255,16,271
2026-06-30,신기리2,227,44,271
2026-06-30,반송리,256,14,270
2026-06-30,문양기지창건너,31,238,269
2026-06-30,세천고개2,189,78,267
2026-06-30,성동마을건너,69,197,266
2026-06-30,숙천초교건너,151,115,266
2026-06-30,장기초등학교앞,11,255,266
2026-06-30,앞산보성타운건너,25,240,265
2026-06-30,하빈초등학교앞,264,1,265
2026-06-30,정대2리마을회관건너,263,0,263
2026-06-30,이곡양수장건너,172,89,261
2026-06-30,화원본리1교1,260,1,261
2026-06-30,달성산업단지건너,189,70,259
2026-06-30,탱리마을건너,257,2,259
2026-06-30,군위농협 소보지점,230,28,258
2026-06-30,본리1리동회관앞,72,186,258
2026-06-30,앞산자락카페마실건너,188,70,258
2026-06-30,동성에스티에스앞,159,98,257
2026-06-30,제일정공,213,42,255
2026-06-30,매천역3,67,187,254
2026-06-30,달성보앞,229,24,253
2026-06-30,일심제약,194,59,253
2026-06-30,당동마을건너,249,3,252
2026-06-30,대구학생수련관입구건너,245,6,251
2026-06-30,강정보(디아크문화관)입구,235,14,249
2026-06-30,안심교(경산방향),165,84,249
2026-06-30,지산2길입구,244,4,248
2026-06-30,중마을(시내방향),244,3,247
2026-06-30,중리삼거리1,33,213,246
2026-06-30,갓골건너,243,2,245
2026-06-30,달성소방서앞,54,190,244
2026-06-30,도평동입구2,141,103,244
2026-06-30,숲다수고용사업장앞,199,43,242
2026-06-30,칡골마을건너,239,2,241
2026-06-30,마비정벽화마을(종점),234,5,239
2026-06-30,상리동종점,8,231,239
2026-06-30,장기파랑새마을앞,143,96,239
2026-06-30,신당리2,102,136,238
2026-06-30,부동농협,233,4,237
2026-06-30,정대숲,236,1,237
2026-06-30,세천고개1,181,52,233
2026-06-30,읍내2리-의흥정류소,217,16,233
2026-06-30,대덕승마장앞,85,147,232
2026-06-30,삼국유사면 행정복지센터앞,218,14,232
2026-06-30,용계동3,4,228,232
2026-06-30,화원유원지입구,73,159,232
2026-06-30,화원신일해피트리건너,60,171,231
2026-06-30,경상북도인재개발원1,7,223,230
2026-06-30,정대리(대구미술광장),229,0,229
2026-06-30,호산초등학교건너,182,47,229
2026-06-30,군위국민체육센터,227,1,228
2026-06-30,희성전자건너,140,88,228
2026-06-30,가창초등학교건너2,122,105,227
2026-06-30,옥포농협,176,51,227
2026-06-30,가천동건너,220,6,226
2026-06-30,옥포농협2,68,158,226
2026-06-30,백송온천호텔건너,214,11,225
2026-06-30,북구 동호동(종점)1,204,20,224
2026-06-30,희성전자앞,131,93,224
2026-06-30,볼보트럭대구사업소앞,189,34,223
2026-06-30,노이2리앞,202,20,222
2026-06-30,동성에스티에스건너,190,32,222
2026-06-30,창2리마을2,122,99,221
2026-06-30,고봉리,217,2,219
2026-06-30,국립대구과학관건너,150,69,219
2026-06-30,금구2리,208,11,219
2026-06-30,안심뉴타운1,190,28,218
2026-06-30,용금공단건너,5,211,216
2026-06-30,냉천리2,55,160,215
2026-06-30,서부리,142,73,215
2026-06-30,성바울로성당건너,125,90,215
2026-06-30,진흔건설기계공업,194,21,215
2026-06-30,소보시장,204,10,214
2026-06-30,대성테크앞,176,37,213
2026-06-30,옥포중앙교회앞,94,117,211
2026-06-30,대흥리,210,0,210
2026-06-30,유가차천,197,13,210
2026-06-30,하빈농협건너,210,0,210
2026-06-30,다사주공아파트건너,207,1,208
2026-06-30,능성동(종점)2,181,26,207
2026-06-30,무등1리2,207,0,207
2026-06-30,반송4교앞,206,1,207
2026-06-30,방짜유기박물관앞,8,198,206
2026-06-30,금포교2,97,108,205
2026-06-30,명곡1리입구2,98,107,205
2026-06-30,이천동,185,18,203
2026-06-30,신덕마을입구,29,173,202
2026-06-30,흥성정공앞,116,84,200
2026-06-30,삼산리(삼산교회앞),35,164,199
2026-06-30,달성취수장건너,18,180,198
2026-06-30,금호천년나무8단지앞,41,156,197
2026-06-30,달성군선거관리위원회건너,96,101,197
2026-06-30,한걸마을건너,197,0,197
2026-06-30,교항2리마을입구,8,188,196
2026-06-30,설화명곡역(4번출구),126,70,196
2026-06-30,세천리2,155,41,196
2026-06-30,성동앞,132,62,194
2026-06-30,한국부동산원앞2,92,102,194
2026-06-30,군위군 행정복지센터,54,138,192
2026-06-30,신무동1,191,1,192
2026-06-30,논공읍행정복지센터건너2,60,130,190
2026-06-30,대한수목원건너,186,4,190
2026-06-30,대구소프트웨어마이스터고등학교앞,178,11,189
2026-06-30,용계동4,156,30,186
2026-06-30,대구우편집중국건너,12,173,185
2026-06-30,만촌삼정그린코아앞,31,153,184
2026-06-30,부동(종점),165,19,184
2026-06-30,북구어울아트센터앞,30,154,184
2026-06-30,화계1리,184,0,184
2026-06-30,공산파출소,21,162,183
2026-06-30,국우동현대아파트건너,57,124,181
2026-06-30,신기리1,109,72,181
2026-06-30,대평교회건너,179,1,180
2026-06-30,기곡(종점),166,13,179
2026-06-30,대일1리마을회관건너,106,72,178
2026-06-30,동북주유소건너,121,57,178
2026-06-30,성동탱자나무마을건너,94,84,178
2026-06-30,상원리(전평못식당)1,177,0,177
2026-06-30,부곡리건너,171,5,176
2026-06-30,오2리(음지머구),175,1,176
2026-06-30,한국타이어건너,106,70,176
2026-06-30,홍천사입구,44,131,175
2026-06-30,한정리(한정초교),173,1,174
2026-06-30,삼산리입구앞,1,172,173
2026-06-30,화성전문요양원건너,63,109,172
2026-06-30,오리(양지마을),170,0,170
2026-06-30,군위군민회관,156,13,169
2026-06-30,팔공산도림사추모공원,144,25,169
2026-06-30,골안골,14,154,168
2026-06-30,금포1교3,7,161,168
2026-06-30,인산마을앞,27,141,168
2026-06-30,상리동입구1,11,156,167
2026-06-30,흥성정공건너,135,32,167
2026-06-30,당정마을입구건너,154,12,166
2026-06-30,공단하수처리장앞,108,57,165
2026-06-30,우록리(자양마을)앞,165,0,165
2026-06-30,위천삼거리(논공방향),130,35,165
2026-06-30,정대2리(마내미골)종점,153,12,165
2026-06-30,한걸고정마을,161,4,165
2026-06-30,대일1리점촌마을,46,118,164
2026-06-30,연경숲아파트앞,152,12,164
2026-06-30,서영기공건너,163,0,163
2026-06-30,육신사,155,8,163
2026-06-30,하빈우체국건너,162,1,163
2026-06-30,문양리1,150,11,161
2026-06-30,동곡초등학교앞,111,49,160
2026-06-30,설화리(종점)2,153,7,160
2026-06-30,송정마을2,159,1,160
2026-06-30,장기초등학교건너,134,26,160
2026-06-30,군위유통센타앞,138,21,159
2026-06-30,금포새터길2,3,156,159
2026-06-30,내동건너,13,146,159
2026-06-30,유가농협앞,151,8,159
2026-06-30,가암1리,157,0,157
2026-06-30,본리1리,138,19,157
2026-06-30,대구소프트웨어마이스터고등학교건너,27,129,156
2026-06-30,화암로2,17,139,156
2026-06-30,효자강순항나무,155,0,155
2026-06-30,대평2리,153,0,153
2026-06-30,군위우체국앞,105,47,152
2026-06-30,대율2리,140,12,152
2026-06-30,성서4차산업단지앞1,134,18,152
2026-06-30,교항2리회관,128,23,151
2026-06-30,노이3리1,145,4,149
2026-06-30,보성기계앞,6,143,149
2026-06-30,생각을담는정원앞,74,75,149
2026-06-30,영풍열처리건너,88,61,149
2026-06-30,웃갈미마을건너,137,11,148
2026-06-30,연경동종점2,145,2,147
2026-06-30,덕산마을앞,145,0,145
2026-06-30,국립대구과학관정문앞,8,136,144
2026-06-30,샤니삼거리1,142,2,144
2026-06-30,대구교도소앞,34,109,143
2026-06-30,정대1리(바깥매남),143,0,143
2026-06-30,거매리,140,1,141
2026-06-30,단산리(송하빌라)1,140,0,140
2026-06-30,지산2길입구건너,134,6,140
2026-06-30,화본1리 마을회관,137,3,140
2026-06-30,(주)영화건너,1,137,138
2026-06-30,포산서사거리2,46,92,138
2026-06-30,음리1,136,1,137
2026-06-30,두리봉터널종점건너,103,32,135
2026-06-30,예현2리마을회관,125,10,135
2026-06-30,문주마을앞,57,77,134
2026-06-30,춘산리(현창),127,7,134
2026-06-30,금양리,133,0,133
2026-06-30,유가차천1,113,20,133
2026-06-30,방천리2,53,79,132
2026-06-30,영조아파트건너,28,104,132
2026-06-30,대리마을회관,98,33,131
2026-06-30,병수리,64,67,131
2026-06-30,고모역앞,101,29,130
2026-06-30,대구학생수련관입구앞,12,118,130
2026-06-30,매천대교2,2,128,130
2026-06-30,상중심마을2,130,0,130
2026-06-30,서대구역(북측),64,66,130
2026-06-30,장군1리,124,6,130
2026-06-30,하나원전문장례식장,31,99,130
2026-06-30,하산스무지(종점),125,5,130
2026-06-30,한걸마을앞,24,106,130
2026-06-30,대암1리1,127,1,128
2026-06-30,정리,123,5,128
2026-06-30,이화2리,116,11,127
2026-06-30,칠곡한서타운앞,69,58,127
2026-06-30,한국환경공단앞,54,73,127
2026-06-30,하빈초등학교건너,4,122,126
2026-06-30,현내1리,124,2,126
2026-06-30,화산분동건너,126,0,126
2026-06-30,가호1리 마을회관,124,0,124
2026-06-30,매골2,116,8,124
2026-06-30,서당마을앞,29,95,124
2026-06-30,세천리1건너,103,21,124
2026-06-30,강동초교앞,23,100,123
2026-06-30,국우동현대아파트건너2,1,122,123
2026-06-30,불로리,48,75,123
2026-06-30,도동청구타운건너,33,88,121
2026-06-30,제일풍경채센트럴건너,27,94,121
2026-06-30,박곡리해랑포건너,52,68,120
2026-06-30,불로리,66,54,120
2026-06-30,유가사(종점),105,15,120
2026-06-30,중심마을2,110,10,120
2026-06-30,팔공학생야영장앞,117,3,120
2026-06-30,한국클래드텍앞,1,119,120
2026-06-30,대북1리,119,0,119
2026-06-30,죽곡푸르지오2단지1,29,89,118
2026-06-30,성산리1,22,95,117
2026-06-30,에이스이노텍앞,25,92,117
2026-06-30,화암로1,41,76,117
2026-06-30,매호1교건너,19,97,116
2026-06-30,무성2.3리,102,14,116
2026-06-30,이천리(시외방향),111,5,116
2026-06-30,도동교2,26,89,115
2026-06-30,우록리(숲속전원마을)앞,113,2,115
2026-06-30,금구1리,107,7,114
2026-06-30,아주철강앞,62,52,114
2026-06-30,앞산궁도장앞,96,18,114
2026-06-30,율하천4교2,1,113,114
2026-06-30,이천동(종점),112,1,113
2026-06-30,청소년수련원앞,52,61,113
2026-06-30,가창댐1,20,91,111
2026-06-30,부남교2,111,0,111
2026-06-30,삼산리(범동교),106,5,111
2026-06-30,대한수목원앞,4,105,109
2026-06-30,가천동앞,40,68,108
2026-06-30,양지리,108,0,108
2026-06-30,용대3길,108,0,108
2026-06-30,달서별빛캠핑장앞,60,47,107
2026-06-30,반송리2,100,7,107
2026-06-30,성산리3,74,32,106
2026-06-30,송정동1,33,73,106
2026-06-30,신무3교(하행),106,0,106
2026-06-30,동북주유소앞,34,71,105
2026-06-30,신성중공업건너,7,98,105
2026-06-30,평촌리,62,43,105
2026-06-30,군위병원,99,5,104
2026-06-30,도덕마을,96,8,104
2026-06-30,용계동1,11,93,104
2026-06-30,읍내2리-의흥정류소,101,3,104
2026-06-30,달성2차산업단지출장소앞,94,9,103
2026-06-30,도의리,91,11,102
2026-06-30,보훈병원건너,27,75,102
2026-06-30,상리마을앞,100,2,102
2026-06-30,오뚜기물류센터,98,4,102
2026-06-30,유곡리공영차고지앞,101,1,102
2026-06-30,진정마을2,31,71,102
2026-06-30,파전리,100,2,102
2026-06-30,한양산호아파트앞,85,17,102
2026-06-30,달천리(시내방향),99,2,101
2026-06-30,팔공한마음주유소건너,97,3,100
2026-06-30,대구하이텍고교앞,11,88,99
2026-06-30,주2리1,99,0,99
2026-06-30,아주철강건너,46,52,98
2026-06-30,조야초등학교앞,27,71,98
2026-06-30,주1리,9,89,98
2026-06-30,큰마을,98,0,98
2026-06-30,교항2리회관건너,22,75,97
2026-06-30,김흥리마을입구,95,2,97
2026-06-30,달천리(시외방향),90,7,97
2026-06-30,만촌자전거경기장,38,59,97
2026-06-30,용연사,83,14,97
2026-06-30,장군1리,79,17,96
2026-06-30,한국환경공단건너,77,19,96
2026-06-30,현대메카닉스건너,96,0,96
2026-06-30,감문리(삼실)건너,89,6,95
2026-06-30,수북1리,94,0,94
2026-06-30,외량1리,92,1,93
2026-06-30,도남지,92,0,92
2026-06-30,서영기공앞,6,85,91
2026-06-30,용수동2,91,0,91
2026-06-30,하빈농협입구,23,68,91
2026-06-30,남산2리,82,8,90
2026-06-30,박곡리해랑포앞,66,24,90
2026-06-30,도학동1,22,67,89
2026-06-30,퇴계마을앞,89,0,89
2026-06-30,고곡1리,87,1,88
2026-06-30,팔공한마음주유소,2,86,88
2026-06-30,상곡리,87,0,87
2026-06-30,다사주공아파트앞,19,67,86
2026-06-30,감문리(삼실)앞,5,80,85
2026-06-30,군위국민체육센터,28,57,85
2026-06-30,무등2리입구건너,85,0,85
2026-06-30,신화1리,76,9,85
2026-06-30,위천1리앞,23,62,85
2026-06-30,대구공고테크노폴리스캠퍼스1,34,50,84
2026-06-30,문양리입구2,7,77,84
2026-06-30,박곡리(시내방향),83,1,84
2026-06-30,봉황2리,84,0,84
2026-06-30,유산리,84,0,84
2026-06-30,화산분동앞,50,34,84
2026-06-30,도산1리마을회관,81,2,83
2026-06-30,우록리(부곡장식당)건너,83,0,83
2026-06-30,위성1리,83,0,83
2026-06-30,군위역사,79,3,82
2026-06-30,복성리,82,0,82
2026-06-30,단산리입구1,79,2,81
2026-06-30,세천북로1,47,34,81
2026-06-30,파계사입구건너,45,36,81
2026-06-30,효령-중구리,74,7,81
2026-06-30,달성산업단지관리공단2,72,8,80
2026-06-30,목단1리마을회관앞,80,0,80
2026-06-30,무성리,79,1,80
2026-06-30,율하천4교1,77,3,80
2026-06-30,달성화석박물관건너,77,2,79
2026-06-30,도남동,79,0,79
2026-06-30,국가정보자원관리원,61,16,77
2026-06-30,정대1리(안매남),77,0,77
2026-06-30,진인동(양지마을)앞,75,2,77
2026-06-30,화전동1,34,43,77
2026-06-30,산성치안센터,64,12,76
2026-06-30,송정동4,16,60,76
2026-06-30,율하천6교2,13,63,76
2026-06-30,새마을입구,74,1,75
2026-06-30,솔밭기세길입구,73,2,75
2026-06-30,춘산리(양지),15,60,75
2026-06-30,평광마을회관,74,1,75
2026-06-30,현내2리중방마을건너,75,0,75
2026-06-30,거매리,44,30,74
2026-06-30,경상북도농업인회관,31,43,74
2026-06-30,도동제1경로당앞,72,2,74
2026-06-30,춘산리(현창),52,22,74
2026-06-30,화수1리,68,6,74
2026-06-30,능성동입구앞,6,67,73
2026-06-30,문양기지창앞,53,20,73
2026-06-30,공군기지관사입구,0,72,72
2026-06-30,오곡리마을회관,72,0,72
2026-06-30,칠곡경대병원역건너2,71,1,72
2026-06-30,다사초등학교건너,69,2,71
2026-06-30,외량3리,71,0,71
2026-06-30,달성취수장앞,28,42,70
2026-06-30,삼국유사면 행정복지센터,46,24,70
2026-06-30,석산리,70,0,70
2026-06-30,냉천2리,49,20,69
2026-06-30,다사체육공원건너,67,2,69
2026-06-30,매곡정수사업소앞,4,65,69
2026-06-30,현대메카닉스앞,2,67,69
2026-06-30,가태리마을회관건너,42,26,68
2026-06-30,금매1리,50,18,68
2026-06-30,동산2리,68,0,68
2026-06-30,춘산리(양지),49,19,68
2026-06-30,화계2리,47,21,68
2026-06-30,낙전리,61,6,67
2026-06-30,삼익THK건너,32,35,67
2026-06-30,구라3리2,45,21,66
2026-06-30,금매2리,56,10,66
2026-06-30,백송온천호텔앞,48,18,66
2026-06-30,옥분리1,10,56,66
2026-06-30,위성4리,66,0,66
2026-06-30,화원유원지,66,0,66
2026-06-30,광현3리,65,0,65
2026-06-30,금매2리,64,1,65
2026-06-30,달창저수지,65,0,65
2026-06-30,산법리,64,1,65
2026-06-30,샛터마을입구,3,62,65
2026-06-30,장기1리,57,8,65
2026-06-30,화원파크뷰우방아이유쉘아파트앞,23,42,65
2026-06-30,광현2리,64,0,64
2026-06-30,대리마을앞,33,31,64
2026-06-30,도동복합운동장건너,64,0,64
2026-06-30,매성2리,64,0,64
2026-06-30,무성2.3리,28,36,64
2026-06-30,송호지서편1,62,2,64
2026-06-30,연계1리,64,0,64
2026-06-30,파계사입구앞,39,25,64
2026-06-30,공산댐앞,14,49,63
2026-06-30,당동마을앞,1,61,62
2026-06-30,동곡리,59,3,62
2026-06-30,하빈면행정복지센터앞,12,50,62
2026-06-30,달성소방서건너,44,17,61
2026-06-30,사리1리,61,0,61
2026-06-30,유곡공원앞,6,55,61
2026-06-30,항공교통본부앞,61,0,61
2026-06-30,교수촌,59,1,60
2026-06-30,노사평화의전당건너,21,39,60
2026-06-30,유곡사거리2,0,60,60
2026-06-30,가호1,54,5,59
2026-06-30,노행2리,59,0,59
2026-06-30,유가농협건너,14,45,59
2026-06-30,율하천5교2,1,58,59
2026-06-30,장기1리,19,40,59
2026-06-30,오천리,58,0,58
2026-06-30,푸르밀대구공장,56,2,58
2026-06-30,내량2리,57,0,57
2026-06-30,동산1리,57,0,57
2026-06-30,마비정삼거리2,56,0,56
2026-06-30,내량2리,55,0,55
2026-06-30,매곡1리경로회관,55,0,55
2026-06-30,옥포벚꽃길2,34,21,55
2026-06-30,진인동(진정마을)1,48,7,55
2026-06-30,내의1리,54,0,54
2026-06-30,묘1리 파회,42,12,54
2026-06-30,서경리,54,0,54
2026-06-30,연화리2,0,54,54
2026-06-30,이지2리,54,0,54
2026-06-30,학남초등학교건너,7,47,54
2026-06-30,나호3리,49,4,53
2026-06-30,매골1,13,40,53
2026-06-30,송해공원,11,42,53
2026-06-30,하빈체육공원앞,53,0,53
2026-06-30,화북1리,52,1,53
2026-06-30,군위병원,4,48,52
2026-06-30,달성삼환나우빌건너,5,47,52
2026-06-30,동부리,48,4,52
2026-06-30,명산리,50,2,52
2026-06-30,세천리1,42,10,52
2026-06-30,송정동2,46,6,52
2026-06-30,주리(삼진식당),5,47,52
2026-06-30,달성화석박물관앞,1,50,51
2026-06-30,문양리입구1,34,17,51
2026-06-30,봉촌낙동길입구,51,0,51
2026-06-30,삼리2교차로 2,16,35,51
2026-06-30,감문1리2,48,2,50
2026-06-30,대흥2리,37,13,50
2026-06-30,내곡동마을회관,42,7,49
2026-06-30,문양역앞,37,12,49
2026-06-30,삼산1리,47,2,49
2026-06-30,에이스이노텍건너,30,19,49
2026-06-30,위성2리,49,0,49
2026-06-30,나호1리,47,1,48
2026-06-30,다사체육공원앞,43,5,48
2026-06-30,묘2리(고려정밀),48,0,48
2026-06-30,무등보건진료소건너,47,1,48
2026-06-30,신계리,47,1,48
2026-06-30,신무교2,47,1,48
2026-06-30,용화사앞,48,0,48
2026-06-30,행정2리앞,37,11,48
2026-06-30,다사역(4번출구),43,4,47
2026-06-30,대평교회앞,13,34,47
2026-06-30,정대숲앞,47,0,47
2026-06-30,학암1리,40,7,47
2026-06-30,화계1리,31,16,47
2026-06-30,봉촌리,46,0,46
2026-06-30,삼산1리,42,4,46
2026-06-30,화계2리,42,4,46
2026-06-30,모산리,45,0,45
2026-06-30,삼산2리,40,5,45
2026-06-30,설화리(종점)1,43,2,45
2026-06-30,신화1리,41,4,45
2026-06-30,검단상가아파트건너,8,36,44
2026-06-30,마시리,41,3,44
2026-06-30,목단2리1,44,0,44
2026-06-30,보현1리,44,0,44
2026-06-30,송호지서편2,0,44,44
2026-06-30,운산리,37,7,44
2026-06-30,노행1리,43,0,43
2026-06-30,대구그린파워앞,4,39,43
2026-06-30,서부소방서,12,31,43
2026-06-30,신무1교2,43,0,43
2026-06-30,금매1리,39,3,42
2026-06-30,동곡1리3,38,4,42
2026-06-30,봉촌1리3,42,0,42
2026-06-30,이화,26,16,42
2026-06-30,자리미마을2,42,0,42
2026-06-30,진인동(양지마을)건너,4,38,42
2026-06-30,하산1리,42,0,42
2026-06-30,귀남지휴게소1,40,1,41
2026-06-30,김흥1리건너,40,1,41
2026-06-30,대구보훈요양원앞,41,0,41
2026-06-30,모산리,40,1,41
2026-06-30,우록리(선흥사입구),40,1,41
2026-06-30,이천리(시내방향),35,6,41
2026-06-30,팔거교,14,27,41
2026-06-30,다사초등학교앞,3,37,40
2026-06-30,달산2리,40,0,40
2026-06-30,부곡리,24,16,40
2026-06-30,삼국유사면문화관,39,1,40
2026-06-30,송원1,40,0,40
2026-06-30,송정동3,5,35,40
2026-06-30,수태골건너,13,27,40
2026-06-30,용수동당산2,40,0,40
2026-06-30,이지1리,40,0,40
2026-06-30,남산1리,39,0,39
2026-06-30,당정마을입구,29,10,39
2026-06-30,숙천2동마을회관건너,32,7,39
2026-06-30,현풍공영버스정류장1,35,4,39
2026-06-30,기곡리2,38,0,38
2026-06-30,산성치안센터,38,0,38
2026-06-30,송정마을1,1,37,38
2026-06-30,연계1리,36,2,38
2026-06-30,위성리,36,2,38
2026-06-30,주2리(최정사입구),5,33,38
2026-06-30,항공교통본부건너,0,38,38
2026-06-30,화원영농자재판매상건너,35,3,38
2026-06-30,삼산리(범동교)건너,11,26,37
2026-06-30,대구제3예비군훈련장,25,11,36
2026-06-30,매성1리,36,0,36
2026-06-30,삼산지건너,14,22,36
2026-06-30,상원리(마을회관)2,4,32,36
2026-06-30,샤니삼거리2,24,12,36
2026-06-30,송정1동,6,30,36
2026-06-30,용연사시설집단지구건너,36,0,36
2026-06-30,장기1리,36,0,36
2026-06-30,다사역(3번출구),0,35,35
2026-06-30,명곡1리입구1,2,33,35
2026-06-30,모개월앞,2,33,35
2026-06-30,봉림삼거리,35,0,35
2026-06-30,사리1리-중산,35,0,35
2026-06-30,삼육구가든건너,6,29,35
2026-06-30,연계2리,35,0,35
2026-06-30,고봉리2,27,7,34
2026-06-30,금구2리,14,20,34
2026-06-30,김흥2리건너,1,33,34
2026-06-30,담안마을1,8,26,34
2026-06-30,본리근린공원건너,34,0,34
2026-06-30,삽령리,34,0,34
2026-06-30,새마을건너,2,32,34
2026-06-30,송원리(봉황리방면),34,0,34
2026-06-30,수태골앞,28,6,34
2026-06-30,인산마을회관앞,26,8,34
2026-06-30,장군2리,34,0,34
2026-06-30,하빈농협동곡지점1,23,11,34
2026-06-30,고곡리,2,31,33
2026-06-30,구라1리2,33,0,33
2026-06-30,김흥1리앞,23,10,33
2026-06-30,문덕1리,33,0,33
2026-06-30,연호역(3번출구),18,15,33
2026-06-30,이화3리,32,1,33
2026-06-30,화전2리,32,1,33
2026-06-30,달성산업단지관리공단1,4,28,32
2026-06-30,대율1리,8,24,32
2026-06-30,매곡1리정미소,31,1,32
2026-06-30,미곡교2,23,9,32
2026-06-30,박곡리(시외방향),32,0,32
2026-06-30,방짜유기박물관건너,27,5,32
2026-06-30,봉촌2리,32,0,32
2026-06-30,용봉삼거리1,20,12,32
2026-06-30,갓골앞,3,28,31
2026-06-30,내의3리,31,0,31
2026-06-30,수서1리,30,1,31
2026-06-30,칡골마을앞,3,28,31
2026-06-30,평호리-낫거리,31,0,31
2026-06-30,하곡리,31,0,31
2026-06-30,나호2리,28,2,30
2026-06-30,봉황1리,30,0,30
2026-06-30,사효교1,30,0,30
2026-06-30,양리1,30,0,30
2026-06-30,연호동(종점),29,1,30
2026-06-30,오곡리건너편,30,0,30
2026-06-30,응암1리2,4,26,30
2026-06-30,금양1리,29,0,29
2026-06-30,내리1,29,0,29
2026-06-30,대북2리,29,0,29
2026-06-30,두천마을건너,29,0,29
2026-06-30,미성1리,29,0,29
2026-06-30,성2리,29,0,29
2026-06-30,신덕마을입구건너,26,3,29
2026-06-30,연경12,16,13,29
2026-06-30,창평1리,4,25,29
2026-06-30,김흥2리앞,28,0,28
2026-06-30,목단1리1,28,0,28
2026-06-30,묘1리,28,0,28
2026-06-30,외량2리,28,0,28
2026-06-30,중뫼마을건너,27,1,28
2026-06-30,지호1리-안태동,28,0,28
2026-06-30,창2리2,28,0,28
2026-06-30,구룡촌앞,27,0,27
2026-06-30,구삼폭포앞,27,0,27
2026-06-30,금강동,13,14,27
2026-06-30,봉소리,25,2,27
2026-06-30,새터건너,14,13,27
2026-06-30,성산3동,0,27,27
2026-06-30,화북3리,27,0,27
2026-06-30,화원영농자재판매상앞,1,26,27
2026-06-30,화전2리,27,0,27
2026-06-30,나호2리,25,1,26
2026-06-30,나호3리,22,4,26
2026-06-30,유곡사거리4,0,26,26
2026-06-30,정대2리(잿들마을)건너,26,0,26
2026-06-30,학암2리,26,0,26
2026-06-30,경동산업앞,25,0,25
2026-06-30,고곡보건지소,25,0,25
2026-06-30,나호1리,24,1,25
2026-06-30,정대2리(큰바위숲)앞,25,0,25
2026-06-30,행정교,6,19,25
2026-06-30,강정보(디아크문화관)건너,0,24,24
2026-06-30,거매리로타리,24,0,24
2026-06-30,농연서당2,24,0,24
2026-06-30,용진마을건너,2,22,24
2026-06-30,운산리,24,0,24
2026-06-30,위성3리,24,0,24
2026-06-30,제2석굴암,24,0,24
2026-06-30,진인동(진정마을)2,22,2,24
2026-06-30,행정리,0,24,24
2026-06-30,화북1리,16,8,24
2026-06-30,강정(종점),18,5,23
2026-06-30,내의1리,23,0,23
2026-06-30,다리골,22,1,23
2026-06-30,달서중고등학교앞,9,14,23
2026-06-30,마시1리,19,4,23
2026-06-30,보현2리,22,1,23
2026-06-30,숲다수고용사업장건너,21,2,23
2026-06-30,양방마을앞,23,0,23
2026-06-30,옥연지,1,22,23
2026-06-30,웃갈미마을앞,1,22,23
2026-06-30,군위군청,20,2,22
2026-06-30,금강역1,22,0,22
2026-06-30,마시1리,7,15,22
2026-06-30,백학2리,22,0,22
2026-06-30,백학삼거리,22,0,22
2026-06-30,삼국유사면 행정복지센터,22,0,22
2026-06-30,삼산2리,21,1,22
2026-06-30,상당마을,22,0,22
2026-06-30,달성2차산업단지출장소건너,20,1,21
2026-06-30,대구공고테크노폴리스캠퍼스2,19,2,21
2026-06-30,동호마을앞,9,12,21
2026-06-30,매곡2리 마을회관,20,1,21
2026-06-30,모래정마을건너,21,0,21
2026-06-30,백안교1,1,20,21
2026-06-30,본리2리2,21,0,21
2026-06-30,상리마을건너,2,19,21
2026-06-30,신무교1,1,20,21
2026-06-30,신세월입구1,21,0,21
2026-06-30,외량3리,12,9,21
2026-06-30,이지2리,11,10,21
2026-06-30,측백나무숲앞,3,18,21
2026-06-30,푸르밀대구공장건너,12,9,21
2026-06-30,화북3리,10,11,21
2026-06-30,금양리,17,3,20
2026-06-30,봉황3리,20,0,20
2026-06-30,연경11,8,12,20
2026-06-30,옥연지건너,20,0,20
2026-06-30,우록리(자양마을)건너,2,18,20
2026-06-30,창2리1,17,3,20
2026-06-30,창평리,20,0,20
2026-06-30,현풍읍행정복지센터건너,20,0,20
2026-06-30,화북2리,19,1,20
2026-06-30,화수1리,15,5,20
2026-06-30,기암2리 백암마을,19,0,19
2026-06-30,남산2리,19,0,19
2026-06-30,달성문화원건너,19,0,19
2026-06-30,달성문화원앞,0,19,19
2026-06-30,무암1리,18,1,19
2026-06-30,반송4교건너,1,18,19
2026-06-30,석산리,19,0,19
2026-06-30,효령,19,0,19
2026-06-30,LH13단지아파트앞,2,16,18
2026-06-30,가태리마을회관앞,18,0,18
2026-06-30,감문1리3,0,18,18
2026-06-30,금양1리,18,0,18
2026-06-30,금포1교2,14,4,18
2026-06-30,남산리,18,0,18
2026-06-30,달산2리,18,0,18
2026-06-30,무등1리3,18,0,18
2026-06-30,무등보건진료소앞,4,14,18
2026-06-30,비슬산휴양림주차장,11,7,18
2026-06-30,솔밭기세길건너,1,17,18
2026-06-30,숙천동 건너,7,11,18
2026-06-30,오2리(음지머구건너),1,17,18
2026-06-30,해안초등학교뒤,2,16,18
2026-06-30,묘2리(전마),17,0,17
2026-06-30,미성2리 노인정,17,0,17
2026-06-30,수북1리,4,13,17
2026-06-30,양리2,16,1,17
2026-06-30,원산1리,16,1,17
2026-06-30,육신사입구,5,12,17
2026-06-30,학성1리,0,17,17
2026-06-30,한정리(한정초교건너),2,15,17
2026-06-30,김흥리마을입구건너,5,11,16
2026-06-30,복성리,16,0,16
2026-06-30,봉소리,16,0,16
2026-06-30,봉황3리,16,0,16
2026-06-30,솔비식당입구맞은편,15,1,16
2026-06-30,옥전길 입구,16,0,16
2026-06-30,용진마을앞,12,4,16
2026-06-30,화계,16,0,16
2026-06-30,화수2리,16,0,16
2026-06-30,경상북도인재개발원2,7,8,15
2026-06-30,고곡2리,15,0,15
2026-06-30,미성1리,12,3,15
2026-06-30,삼육구가든앞,13,2,15
2026-06-30,서재문화체육센터앞2,10,5,15
2026-06-30,유곡리(회차지),15,0,15
2026-06-30,이화,11,4,15
2026-06-30,이화3리,15,0,15
2026-06-30,인지초등학교입구,15,0,15
2026-06-30,정리,15,0,15
2026-06-30,청수송어장낚시터,0,15,15
2026-06-30,경주최씨종가1,1,13,14
2026-06-30,구라3리1,12,2,14
2026-06-30,매성2리,3,11,14
2026-06-30,서경리,14,0,14
2026-06-30,서부리,4,10,14
2026-06-30,성산리4,0,14,14
2026-06-30,송원리(소보방면),0,14,14
2026-06-30,신무동2,2,12,14
2026-06-30,용화사건너,1,13,14
2026-06-30,운산,14,0,14
2026-06-30,팔현마을건너,10,4,14
2026-06-30,가호1리 마을회관,0,13,13
2026-06-30,금양1리-행골,13,0,13
2026-06-30,능성동(종점)1,13,0,13
2026-06-30,대구그린파워건너,12,1,13
2026-06-30,도채앞,13,0,13
2026-06-30,도학교1,0,13,13
2026-06-30,미곡교1,6,7,13
2026-06-30,봉산리,13,0,13
2026-06-30,선곡2리,13,0,13
2026-06-30,설티고개(달성공단방면),2,11,13
2026-06-30,성리,9,4,13
2026-06-30,수서,12,1,13
2026-06-30,양지리,7,6,13
2026-06-30,옥포벚꽃길1,6,7,13
2026-06-30,우보,12,1,13
2026-06-30,율하천6교1,13,0,13
2026-06-30,파전리,12,1,13
2026-06-30,행정1리앞,5,8,13
2026-06-30,낙전리,12,0,12
2026-06-30,달산1리,12,0,12
2026-06-30,대율리,12,0,12
2026-06-30,덕산마을건너,0,12,12
2026-06-30,서경리,12,0,12
2026-06-30,설티고개(옥포방면),12,0,12
2026-06-30,연경숲아파트건너,5,7,12
2026-06-30,우록리(숲속전원마을)건너,1,11,12
2026-06-30,원산3리,12,0,12
2026-06-30,응암1리1,1,11,12
2026-06-30,의흥면보건지소,3,9,12
2026-06-30,이지1리,6,6,12
2026-06-30,인산큰마을1,0,12,12
2026-06-30,행정1리건너,12,0,12
2026-06-30,화계3리,12,0,12
2026-06-30,가창댐,3,8,11
2026-06-30,구삼폭포건너,1,10,11
2026-06-30,동부사거리,11,0,11
2026-06-30,마시1리,0,11,11
2026-06-30,문덕1리,10,1,11
2026-06-30,문양3리(장귀미),0,11,11
2026-06-30,문양리2,3,8,11
2026-06-30,새터앞,11,0,11
2026-06-30,성1리,11,0,11
2026-06-30,성1리,9,2,11
2026-06-30,양지리,11,0,11
2026-06-30,오천리,11,0,11
2026-06-30,유곡리,4,7,11
2026-06-30,이화리,3,8,11
2026-06-30,지호2리-지호3리,8,3,11
2026-06-30,화원본리1교2,9,2,11
2026-06-30,교항리마을입구건너,5,5,10
2026-06-30,노이2리건너,1,9,10
2026-06-30,농기계임대사업소 동부분소 앞,4,6,10
2026-06-30,달산리,10,0,10
2026-06-30,무성리,3,7,10
2026-06-30,부인사앞,8,2,10
2026-06-30,사유원,8,2,10
2026-06-30,용봉삼거리2,0,10,10
2026-06-30,용연사시설집단지구앞,2,8,10
2026-06-30,우보면사무소,9,1,10
2026-06-30,이화리,10,0,10
2026-06-30,정대숲건너,0,10,10
2026-06-30,정리,7,3,10
2026-06-30,창평2리,5,5,10
2026-06-30,가태2리마을입구,9,0,9
2026-06-30,구지중학교앞,9,0,9
2026-06-30,노행1리-산촌마을,9,0,9
2026-06-30,무암1리,9,0,9
2026-06-30,문산리,9,0,9
2026-06-30,본리2리1,2,7,9
2026-06-30,우보역,7,2,9
2026-06-30,중심마을1,3,6,9
2026-06-30,창평리,0,9,9
2026-06-30,하산2리,9,0,9
2026-06-30,화수리,5,4,9
2026-06-30,가암1리,8,0,8
2026-06-30,모개월입구,7,1,8
2026-06-30,봉촌낙동길입구건너,0,8,8
2026-06-30,봉황3리,7,1,8
2026-06-30,부인사건너,6,2,8
2026-06-30,신덕1리,7,1,8
2026-06-30,우록리(부곡장식당),2,6,8
2026-06-30,인산큰마을2,8,0,8
2026-06-30,중뫼마을앞,1,7,8
2026-06-30,하빈우체국앞,1,7,8
2026-06-30,내곡마을입구앞,7,0,7
2026-06-30,녹동서원앞,1,6,7
2026-06-30,대흥리,4,3,7
2026-06-30,묘2리(전마)건너,1,6,7
2026-06-30,문덕교회,7,0,7
2026-06-30,미성2리,7,0,7
2026-06-30,봉산2리,7,0,7
2026-06-30,봉촌1리2,0,7,7
2026-06-30,불로리,7,0,7
2026-06-30,사직2리,7,0,7
2026-06-30,사효교2,0,7,7
2026-06-30,송원리,7,0,7
2026-06-30,양지리,7,0,7
2026-06-30,용대리,7,0,7
2026-06-30,우록리(선흥사입구건너),0,7,7
2026-06-30,정대2리(큰바위숲)건너,0,7,7
2026-06-30,정대2리마을회관앞,1,6,7
2026-06-30,정대리(대구미술광장건너),1,6,7
2026-06-30,창평2리,0,7,7
2026-06-30,현풍공영버스정류장2,7,0,7
2026-06-30,화수1리,3,4,7
2026-06-30,감문1리4,5,1,6
2026-06-30,경주최씨종가2,4,2,6
2026-06-30,구라리,2,4,6
2026-06-30,내리리,5,1,6
2026-06-30,농기계임대사업소 동부분소 건너,6,0,6
2026-06-30,대암내길2,0,6,6
2026-06-30,도동복합운동장앞,0,6,6
2026-06-30,마비정삼거리1,0,6,6
2026-06-30,백학2리,6,0,6
2026-06-30,봉황2리,3,3,6
2026-06-30,삼산2리,6,0,6
2026-06-30,삼산2리,6,0,6
2026-06-30,수서1리,5,1,6
2026-06-30,신덕1리,6,0,6
2026-06-30,양방마을건너,2,4,6
2026-06-30,연호역(3번출구)건너,0,6,6
2026-06-30,팔공학생야영장입구앞,6,0,6
2026-06-30,현풍읍행정복지센터앞,0,6,6
2026-06-30,화계3리,5,1,6
2026-06-30,가암1리,0,5,5
2026-06-30,구라1리1,0,5,5
2026-06-30,국립식량과학원대구시험지,0,5,5
2026-06-30,노이3리2,3,2,5
2026-06-30,단산리입구2,2,3,5
2026-06-30,달산2리,5,0,5
2026-06-30,달산2리,5,0,5
2026-06-30,대구환경공단달성사업소건너,3,2,5
2026-06-30,대암2리1,5,0,5
2026-06-30,도동제1경로당건너,1,4,5
2026-06-30,목단2리2,0,5,5
2026-06-30,무등2리,0,5,5
2026-06-30,백학2리,5,0,5
2026-06-30,백학삼거리,0,5,5
2026-06-30,봉산2리,5,0,5
2026-06-30,비산5동행정복지센터,5,0,5
2026-06-30,연광시니어타운앞,5,0,5
2026-06-30,연호동,2,3,5
2026-06-30,용리앞,3,2,5
2026-06-30,원산2리,5,0,5
2026-06-30,의흥면보건지소,5,0,5
2026-06-30,이현고개삼거리(시외방향),3,2,5
2026-06-30,한국전자통신연구원앞,5,0,5
2026-06-30,화수2리,3,2,5
2026-06-30,가암1리,4,0,4
2026-06-30,감문1리1,0,4,4
2026-06-30,거매리 로타리,3,1,4
2026-06-30,귀남지휴게소2,1,3,4
2026-06-30,나호리,1,3,4
2026-06-30,노행리앞,2,2,4
2026-06-30,달성주민건강증진센터,1,3,4
2026-06-30,대암내길1,4,0,4
2026-06-30,대흥2리,1,3,4
2026-06-30,모래정마을앞,0,4,4
2026-06-30,문덕리 입구,4,0,4
2026-06-30,박석진교,1,3,4
2026-06-30,봉황1리,3,1,4
2026-06-30,서경리,4,0,4
2026-06-30,솔비식당입구,2,2,4
2026-06-30,수서1리,3,1,4
2026-06-30,신무3교(상행),0,4,4
2026-06-30,신화2리,4,0,4
2026-06-30,연계1리,2,2,4
2026-06-30,연광시니어타운건너,0,4,4
2026-06-30,오천리,4,0,4
2026-06-30,용수동당산1,0,4,4
2026-06-30,우보면사무소,4,0,4
2026-06-30,인각사,4,0,4
2026-06-30,정대2리(잿들마을)앞,1,3,4
2026-06-30,지호1리-안태동,4,0,4
2026-06-30,천내영남맨션,4,0,4
2026-06-30,큰마을건너,0,4,4
2026-06-30,퇴계마을건너,1,3,4
2026-06-30,파전리,0,4,4
2026-06-30,평촌1리,4,0,4
2026-06-30,하빈체육공원건너,1,3,4
2026-06-30,학암2리,3,1,4
2026-06-30,화계,4,0,4
2026-06-30,화계1리,2,2,4
2026-06-30,화원파크뷰우방아이유쉘아파트건너,3,1,4
2026-06-30,가암1리,3,0,3
2026-06-30,거매리,3,0,3
2026-06-30,고곡리,1,2,3
2026-06-30,고매초등학교,3,0,3
2026-06-30,고매초등학교,1,2,3
2026-06-30,구라리2,0,3,3
2026-06-30,구지중학교건너,3,0,3
2026-06-30,기곡리1,3,0,3
2026-06-30,내리2,2,1,3
2026-06-30,달산-양산골,3,0,3
2026-06-30,달서천하수종말처리장앞,0,3,3
2026-06-30,대산,2,1,3
2026-06-30,동산1리,0,3,3
2026-06-30,매성1리,0,3,3
2026-06-30,미성2리,3,0,3
2026-06-30,백학1리,0,3,3
2026-06-30,병수2리 마을회관,2,1,3
2026-06-30,본리근린공원앞,0,3,3
2026-06-30,봉림2리,3,0,3
2026-06-30,봉산2리,3,0,3
2026-06-30,부남교1,0,3,3
2026-06-30,삼국유사테마파크건너,0,3,3
2026-06-30,삼산2리,3,0,3
2026-06-30,삼산2리,0,3,3
2026-06-30,상원리(전평못식당)2,0,3,3
2026-06-30,석산리,2,1,3
2026-06-30,성1리,1,2,3
2026-06-30,성2리,3,0,3
2026-06-30,송원1,0,3,3
2026-06-30,양지리,0,3,3
2026-06-30,연계1리,2,1,3
2026-06-30,연젓마을건너,0,3,3
2026-06-30,외량1리,1,2,3
2026-06-30,외량리,2,1,3
2026-06-30,용대리,2,1,3
2026-06-30,위성리,2,1,3
2026-06-30,음리2,3,0,3
2026-06-30,이지리,0,3,3
2026-06-30,이화2리,3,0,3
2026-06-30,이화3리,3,0,3
2026-06-30,인곡리,3,0,3
2026-06-30,인산마을회관건너,1,2,3
2026-06-30,정리,3,0,3
2026-06-30,터실마을,3,0,3
2026-06-30,하곡리-동리,3,0,3
2026-06-30,학성2리-용아-괴산-장곡1,2,1,3
2026-06-30,현내2리중방마을앞,2,1,3
2026-06-30,화본리,3,0,3
2026-06-30,화수1리,2,1,3
2026-06-30,화전리,2,1,3
2026-06-30,가암리,2,0,2
2026-06-30,가호1,2,0,2
2026-06-30,고곡1리,2,0,2
2026-06-30,구룡촌건너,0,2,2
2026-06-30,군위군농산물공판장,1,1,2
2026-06-30,군위군농산물공판장,0,2,2
2026-06-30,금강역2,0,2,2
2026-06-30,낙전리,0,2,2
2026-06-30,냉천리3,0,2,2
2026-06-30,노행리앞,2,0,2
2026-06-30,단산리(송하빌라)2,1,1,2
2026-06-30,달산1리(군위농협옆방면),2,0,2
2026-06-30,달성스포츠파크앞,1,1,2
2026-06-30,묘2리(고려정밀)건너,0,2,2
2026-06-30,무등1리1,1,1,2
2026-06-30,무암1리,2,0,2
2026-06-30,무암2리,2,0,2
2026-06-30,봉림1리,1,1,2
2026-06-30,봉림삼거리,1,1,2
2026-06-30,봉산2리,2,0,2
2026-06-30,봉산리,2,0,2
2026-06-30,사직2리,0,2,2
2026-06-30,사창마을앞,2,0,2
2026-06-30,산대 전원마을,0,2,2
2026-06-30,산성면 행정복지센터,1,1,2
2026-06-30,산성면 행정복지센터,2,0,2
2026-06-30,상중심마을1,0,2,2
2026-06-30,송원리,0,2,2
2026-06-30,수북1리-하리마을,0,2,2
2026-06-30,수북1리-하리마을,2,0,2
2026-06-30,신무1교1,0,2,2
2026-06-30,신세월입구2,2,0,2
2026-06-30,오곡리입구,2,0,2
2026-06-30,외량2리,2,0,2
2026-06-30,우보역,1,1,2
2026-06-30,이화3리,2,0,2
2026-06-30,자리미마을1,1,1,2
2026-06-30,장군2리,0,2,2
2026-06-30,제2석굴암,0,2,2
2026-06-30,화수1리,2,0,2
2026-06-30,화수리,2,0,2
2026-06-30,가암2리,1,0,1
2026-06-30,가암리,1,0,1
2026-06-30,고곡보건지소,1,0,1
2026-06-30,광현3리,1,0,1
2026-06-30,군위중-고등학교,0,1,1
2026-06-30,남산1리,1,0,1
2026-06-30,남산2리,0,1,1
2026-06-30,남산2리,1,0,1
2026-06-30,내곡마을입구건너,1,0,1
2026-06-30,노행리앞,1,0,1
2026-06-30,농연서당1,0,1,1
2026-06-30,달산,0,1,1
2026-06-30,달산-양산골,1,0,1
2026-06-30,달산1리,1,0,1
2026-06-30,달산1리,0,1,1
2026-06-30,달산2리,1,0,1
2026-06-30,달산2리-음지말,1,0,1
2026-06-30,달산리,1,0,1
2026-06-30,달서천하수종말처리장건너,1,0,1
2026-06-30,달성도서관건너,1,0,1
2026-06-30,대구환경공단달성사업소앞,0,1,1
2026-06-30,대암1리2,0,1,1
2026-06-30,대율리,0,1,1
2026-06-30,마시리,0,1,1
2026-06-30,매곡2리,0,1,1
2026-06-30,목단1리마을회관건너,0,1,1
2026-06-30,무암2리,1,0,1
2026-06-30,미성1리 입구,1,0,1
2026-06-30,미성교,1,0,1
2026-06-30,백학1리,1,0,1
2026-06-30,사직1리,0,1,1
2026-06-30,산대 전원마을,1,0,1
2026-06-30,삼산2리,0,1,1
2026-06-30,삼산2리,1,0,1
2026-06-30,수서2리,1,0,1
2026-06-30,신계리(도산리우무실방면),0,1,1
2026-06-30,신계리(소보정류장방면),0,1,1
2026-06-30,연계2리,0,1,1
2026-06-30,연젓마을입구,0,1,1
2026-06-30,열병합발전소건너,1,0,1
2026-06-30,열병합발전소앞,1,0,1
2026-06-30,오리(양지마을앞),0,1,1
2026-06-30,옥전길 입구,1,0,1
2026-06-30,용수동1,0,1,1
2026-06-30,우보,0,1,1
2026-06-30,원산2리,1,0,1
2026-06-30,인각사,1,0,1
2026-06-30,파전리,0,1,1
2026-06-30,하곡리-속골,1,0,1
2026-06-30,화북2리,0,1,1
2026-07-31,약령시건너(동성로입구),152298,27048,179346
2026-07-31,경상감영공원앞,106186,58297,164483
2026-07-31,동대구역건너,103495,38476,141971
2026-07-31,약령시앞,85202,38695,123897
2026-07-31,동대구역,89366,32855,122221
2026-07-31,반월당역(2번출구),80501,33401,113902
2026-07-31,아양교역(1번출구),59529,49245,108774
2026-07-31,동구청건너,77840,27487,105327
2026-07-31,2.28기념중앙공원앞,81501,21285,102786
2026-07-31,동대구역복합환승센터앞,71550,31131,102681
2026-07-31,CGV대구한일건너,69661,20330,89991
2026-07-31,경상감영공원건너,70861,15276,86137
2026-07-31,서부정류장1,71103,14034,85137
2026-07-31,진천역(2번출구),49192,33689,82881
2026-07-31,동대구역복합환승센터건너,69433,12441,81874
2026-07-31,상인현대맨션건너,68323,7269,75592
2026-07-31,서부정류장(관문시장건너),61166,12187,73353
2026-07-31,섬유회관앞,50995,17451,68446
2026-07-31,아양교역(2번출구),56573,10421,66994
2026-07-31,큰장네거리1,56753,9721,66474
2026-07-31,경신고등학교앞,53569,12666,66235
2026-07-31,곽병원건너,42171,23835,66006
2026-07-31,서구청건너,54385,10138,64523
2026-07-31,경신고등학교건너,55911,8530,64441
2026-07-31,2.28기념중앙공원건너1,46415,15498,61913
2026-07-31,감삼역(3번출구),44013,17651,61664
2026-07-31,강남약국건너,49629,12005,61634
2026-07-31,산격종합시장앞,47059,14063,61122
2026-07-31,서구청앞,46024,14237,60261
2026-07-31,동구청앞,48458,11334,59792
2026-07-31,산격대우아파트앞,47975,9426,57401
2026-07-31,진천역(1번출구),48042,8115,56157
2026-07-31,두류역(달성고등학교앞),40837,13867,54704
2026-07-31,평화시장(닭똥집골목)앞,41492,12274,53766
2026-07-31,영진고등학교앞,34743,17882,52625
2026-07-31,칠성시장앞1,38824,12028,50852
2026-07-31,반월당역(1번출구)1,39533,10275,49808
2026-07-31,북부정류장,37710,11966,49676
2026-07-31,그랜드호텔앞,37688,11103,48791
2026-07-31,복현오거리1,39023,9101,48124
2026-07-31,큰장네거리2,30806,17275,48081
2026-07-31,동아백화점수성점앞,44784,2633,47417
2026-07-31,영진전문대학교후문앞,31814,15416,47230
2026-07-31,서부정류장(관문시장앞),38058,9120,47178
2026-07-31,대구은행북비산지점앞,38045,8344,46389
2026-07-31,신매광장앞,37755,8583,46338
2026-07-31,그랜드호텔건너,31605,14242,45847
2026-07-31,강남약국앞1,35285,10453,45738
2026-07-31,만촌역(1번출구)2,37414,7614,45028
2026-07-31,이시아폴리스더샵3단지,40427,3904,44331
2026-07-31,만촌육교1,37852,6389,44241
2026-07-31,상인역(1번출구),24167,19940,44107
2026-07-31,서부정류장역1(1번출구),21029,23056,44085
2026-07-31,북부정류장건너,32259,11561,43820
2026-07-31,영남고등학교앞,36768,7039,43807
2026-07-31,화원초등학교건너,38477,4289,42766
2026-07-31,경북대학교병원앞,34707,8012,42719
2026-07-31,섬유회관건너1,27436,15276,42712
2026-07-31,서부시장건너,31970,10351,42321
2026-07-31,경북대학교북문건너,38364,3384,41748
2026-07-31,대구역앞,32305,9117,41422
2026-07-31,복현우체국건너,34875,6058,40933
2026-07-31,범물1동행정복지센터앞,36947,3679,40626
2026-07-31,봉덕1동행정복지센터앞,25537,15035,40572
2026-07-31,상인현대맨션앞,15274,24888,40162
2026-07-31,명덕역(6번출구),29353,10711,40064
2026-07-31,대구은행역(2번출구),31879,7579,39458
2026-07-31,한영한마음아동병원앞,26178,13100,39278
2026-07-31,공고네거리1,27505,11761,39266
2026-07-31,수성경찰서건너,30366,8819,39185
2026-07-31,용산네거리2,31302,7364,38666
2026-07-31,서남시장건너,25533,13124,38657
2026-07-31,더샵달서센트럴아파트건너,32052,6518,38570
2026-07-31,칠성시장건너,26706,11569,38275
2026-07-31,법원앞,30426,7791,38217
2026-07-31,KT동대구지사건너,23245,14767,38012
2026-07-31,중구청앞,22502,14781,37283
2026-07-31,약령시입구,32795,4165,36960
2026-07-31,대구과학대학교2,31875,5016,36891
2026-07-31,대구제일고등학교앞,20771,16115,36886
2026-07-31,성서주공2단지앞,33327,3464,36791
2026-07-31,불로전통시장건너,33352,3364,36716
2026-07-31,2차서한화성타운건너,32825,3839,36664
2026-07-31,계명대학교동문건너2,28397,8261,36658
2026-07-31,수성구청앞,27472,9030,36502
2026-07-31,서대구역(남측)1,29603,6771,36374
2026-07-31,경북대학교치과병원,23413,12496,35909
2026-07-31,수목원삼성래미안1차건너,18159,17667,35826
2026-07-31,서부시장앞,26659,9075,35734
2026-07-31,대구제일고등학교건너,26735,8857,35592
2026-07-31,대실역(2번출구),33307,2275,35582
2026-07-31,팔달시장앞,25634,9791,35425
2026-07-31,새길시장앞,29292,5790,35082
2026-07-31,봉산문화거리건너,22391,12615,35006
2026-07-31,수성구청건너,22790,12199,34989
2026-07-31,큰장네거리4,25377,9368,34745
2026-07-31,월성주공4단지건너,29456,5159,34615
2026-07-31,법원건너,17697,16777,34474
2026-07-31,서문시장,27827,6269,34096
2026-07-31,현대해상건너,24346,9650,33996
2026-07-31,팔달시장건너,27733,5991,33724
2026-07-31,태전역1,25214,8277,33491
2026-07-31,안지랑네거리2,24075,9366,33441
2026-07-31,농협중앙회앞,19300,13998,33298
2026-07-31,아양교2,14959,17895,32854
2026-07-31,영대병원역,28531,4192,32723
2026-07-31,대명역(1번출구),27463,5208,32671
2026-07-31,평리청구타운앞,25088,7495,32583
2026-07-31,상인역e-편한세상앞,9471,23104,32575
2026-07-31,대구콘서트하우스건너,16936,15628,32564
2026-07-31,경대사대부설고등학교앞,21319,11236,32555
2026-07-31,성모여성의원앞,22139,10391,32530
2026-07-31,유가읍행정복지센터건너,28170,4248,32418
2026-07-31,성서종합시장앞,25965,6451,32416
2026-07-31,욱수초등학교앞,31020,1346,32366
2026-07-31,성당시장앞2,28606,3749,32355
2026-07-31,곽병원앞1,21298,11009,32307
2026-07-31,동대구역화성파크드림,19059,13241,32300
2026-07-31,진달래아파트앞,22703,9589,32292
2026-07-31,영대병원역(3번출구),22669,9585,32254
2026-07-31,대곡강산타운,29203,3016,32219
2026-07-31,파티마병원건너1,15061,17141,32202
2026-07-31,수성경찰서앞,20667,11514,32181
2026-07-31,경북대학교북문앞,19739,12345,32084
2026-07-31,달서교회앞,20020,11953,31973
2026-07-31,남문시장앞,21799,9910,31709
2026-07-31,코스트코홀세일앞/복현화성타운건너,28968,2698,31666
2026-07-31,동서화성타운건너,29876,1726,31602
2026-07-31,대구역건너,24307,7113,31420
2026-07-31,수성구보건소건너,28087,3268,31355
2026-07-31,만평역(서대구고속버스터미널)2,22382,8921,31303
2026-07-31,대구중앙중고등학교앞,24163,6992,31155
2026-07-31,화원초등학교앞,20769,10354,31123
2026-07-31,대명시장앞,26014,4993,31007
2026-07-31,대구고등학교건너,22244,8660,30904
2026-07-31,평리청구타운건너,24287,6423,30710
2026-07-31,월성e-편한세상건너,22233,8373,30606
2026-07-31,도시철도담티역(1번출구),24833,5621,30454
2026-07-31,CGV대구한일앞,25720,4708,30428
2026-07-31,서대구역(남측)2,20847,9395,30242
2026-07-31,한전서대구지사건너,19808,10434,30242
2026-07-31,두류역(달성고등학교건너),23320,6910,30230
2026-07-31,명덕역(7번출구),22535,7637,30172
2026-07-31,신매광장건너,24185,5859,30044
2026-07-31,영진전문대학교후문건너,23220,6754,29974
2026-07-31,대구은행역(1번출구),22125,7840,29965
2026-07-31,구)대영학원앞,21696,8187,29883
2026-07-31,이마트칠성점앞,26755,3057,29812
2026-07-31,죽전네거리1,24653,5133,29786
2026-07-31,복현대백맨션건너,26581,3156,29737
2026-07-31,세강병원앞,9856,19694,29550
2026-07-31,대실역(4번출구),28532,952,29484
2026-07-31,칠곡운암역1,24768,4558,29326
2026-07-31,수성대학교건너,22985,6296,29281
2026-07-31,두류스타힐스앞,23440,5829,29269
2026-07-31,서대구세무서,9660,19576,29236
2026-07-31,대구국제공항앞,19638,9541,29179
2026-07-31,성당시장건너,22547,6574,29121
2026-07-31,메트로팔레스2,25663,3291,28954
2026-07-31,대구동부고용복지플러스센터,22528,6333,28861
2026-07-31,월성2동행정복지센터앞,25934,2896,28830
2026-07-31,큰장네거리3,23097,5527,28624
2026-07-31,용산2동행정복지센터앞,24906,3711,28617
2026-07-31,중구청건너,22386,6213,28599
2026-07-31,용산역(2번출구),24513,4076,28589
2026-07-31,경북대학교정문앞,22205,6288,28493
2026-07-31,방촌시장건너,25609,2879,28488
2026-07-31,침산코오롱하늘채앞,24336,3866,28202
2026-07-31,신암2동우체국,18961,9197,28158
2026-07-31,KT남대구지사앞1,20298,7736,28034
2026-07-31,원대역2,23666,4166,27832
2026-07-31,죽전네거리2,22026,5772,27798
2026-07-31,팔레스호텔건너,22240,5524,27764
2026-07-31,대실역(1번출구),18330,9390,27720
2026-07-31,신세계병원건너,15482,12031,27513
2026-07-31,원대역1,14473,12978,27451
2026-07-31,계명대학교동문앞,15090,12181,27271
2026-07-31,대구중앙중고등학교건너,22201,5061,27262
2026-07-31,평화시장(닭똥집골목)건너,20196,6997,27193
2026-07-31,수목원삼성래미안1차앞,20745,6365,27110
2026-07-31,제일여자상업고등학교건너,21617,5252,26869
2026-07-31,남문시장건너2,12077,14622,26699
2026-07-31,팔달신시장,20753,5937,26690
2026-07-31,남산역건너,18856,7827,26683
2026-07-31,조암초등학교앞,23809,2800,26609
2026-07-31,문화예술회관건너,20508,5996,26504
2026-07-31,영진고등학교건너,22450,4044,26494
2026-07-31,대구과학기술고등학교앞,24577,1891,26468
2026-07-31,대구역북편네거리2,14699,11756,26455
2026-07-31,수성대학교앞,14190,12242,26432
2026-07-31,한국폴리텍VI대구대학건너,19057,7259,26316
2026-07-31,비산지하도2,21088,5154,26242
2026-07-31,달서교회건너,19980,6216,26196
2026-07-31,한전동대구지사,21362,4696,26058
2026-07-31,태전역2,22054,3983,26037
2026-07-31,서구시장건너,19699,6257,25956
2026-07-31,원대동행정복지센터앞,21576,4338,25914
2026-07-31,대구과학대학교1,17555,8267,25822
2026-07-31,2호선반월당역1,19841,5931,25772
2026-07-31,현대해상앞,21423,4305,25728
2026-07-31,메트로팔레스1,21327,4375,25702
2026-07-31,송현역(3번출구),16625,9059,25684
2026-07-31,내당삼익맨션앞,14277,11285,25562
2026-07-31,문성병원앞,19533,6004,25537
2026-07-31,구.남부정류장앞1,21358,4104,25462
2026-07-31,현충로역(4번출구),17663,7733,25396
2026-07-31,중리롯데캐슬앞,20567,4809,25376
2026-07-31,동대구시장앞,19439,5928,25367
2026-07-31,우방강촌마을건너,23833,1531,25364
2026-07-31,세천초등학교앞,24272,839,25111
2026-07-31,산격주공아파트앞,21666,3395,25061
2026-07-31,수성알파시티역(5번출구),18201,6843,25044
2026-07-31,수성롯데캐슬더퍼스트앞,18757,6282,25039
2026-07-31,올림픽기념관앞,21488,3527,25015
2026-07-31,칠곡그린파크2,20416,4574,24990
2026-07-31,화원고등학교앞,8119,16841,24960
2026-07-31,공단역2,16817,8122,24939
2026-07-31,현충로역(3번출구),19076,5701,24777
2026-07-31,경북대학교병원건너,15668,9039,24707
2026-07-31,명덕초등학교건너,14810,9812,24622
2026-07-31,대명공연거리건너,16223,8370,24593
2026-07-31,정화우방팔레스건너,20854,3718,24572
2026-07-31,문화예술회관앞,20046,4499,24545
2026-07-31,반야월역(3번출구),14920,9606,24526
2026-07-31,대구공공시설관리공단앞,9950,14521,24471
2026-07-31,우방청솔맨션앞,15331,9118,24449
2026-07-31,서재금봉타운건너,23458,985,24443
2026-07-31,신평리네거리2,19022,5415,24437
2026-07-31,구병원앞,18079,6303,24382
2026-07-31,대구삼성창조캠퍼스3,15882,8485,24367
2026-07-31,명덕초등학교앞,18318,6048,24366
2026-07-31,와룡시장앞,15686,8654,24340
2026-07-31,범물청구타운앞,20866,3441,24307
2026-07-31,계명문화대학교앞,7963,16310,24273
2026-07-31,기업은행대곡지점앞,23426,794,24220
2026-07-31,대백인터빌건너,16837,7257,24094
2026-07-31,시지보성아파트앞,16483,7585,24068
2026-07-31,두류수영장앞,17539,6381,23920
2026-07-31,대구고용복지플러스센터건너,15904,7997,23901
2026-07-31,강창역(2번출구),22350,1413,23763
2026-07-31,대구가톨릭대학병원앞,20104,3616,23720
2026-07-31,명성푸르지오앞,21174,2469,23643
2026-07-31,동인찜갈비골목건너,16769,6840,23609
2026-07-31,한가람타운앞,19334,4148,23482
2026-07-31,수성알파시티역(1번출구),17179,6271,23450
2026-07-31,무태네거리(시내방향),16285,7037,23322
2026-07-31,상인우방아파트,11456,11745,23201
2026-07-31,동대구역지하도2,18776,4170,22946
2026-07-31,안지랑네거리1,17633,5241,22874
2026-07-31,침산3동행정복지센터,20197,2661,22858
2026-07-31,계명대학교 대구동산병원앞1,18278,4560,22838
2026-07-31,대명시장건너,18058,4731,22789
2026-07-31,동아백화점수성점건너,14272,8510,22782
2026-07-31,정화우방팔레스,15686,7072,22758
2026-07-31,칠곡그린파크1,18381,4370,22751
2026-07-31,상인역(5번출구),4897,17838,22735
2026-07-31,설화명곡역우방아이유쉘건너,5191,17539,22730
2026-07-31,신평리네거리1,12758,9957,22715
2026-07-31,불로삼거리,14748,7944,22692
2026-07-31,대구은행제2본점앞,16653,6037,22690
2026-07-31,성모여성의원건너,17611,5022,22633
2026-07-31,범어역(1번출구),18438,4171,22609
2026-07-31,대구콘서트하우스앞,16913,5636,22549
2026-07-31,한전서대구지사앞,17324,5224,22548
2026-07-31,칠곡에덴타운앞,15562,6952,22514
2026-07-31,대구가톨릭대학병원건너,18162,4345,22507
2026-07-31,KT서대구지사건너,18058,4439,22497
2026-07-31,중동시장앞,19400,3090,22490
2026-07-31,고산도서관,16329,6143,22472
2026-07-31,서남시장앞1,17836,4605,22441
2026-07-31,국민건강보험공단건너,18771,3600,22371
2026-07-31,북구청역(4번출구),19156,3157,22313
2026-07-31,경일여자고등학교건너,20019,2263,22282
2026-07-31,방촌시장앞,15028,7236,22264
2026-07-31,대구은행칠곡지점앞,17771,4475,22246
2026-07-31,동서화성타운앞,17331,4914,22245
2026-07-31,반야월역(2번출구),21300,926,22226
2026-07-31,수성네거리2,17089,5093,22182
2026-07-31,트레이더스홀세일클럽비산점앞,18239,3917,22156
2026-07-31,경북예고앞,18478,3636,22114
2026-07-31,상동우체국앞,19225,2889,22114
2026-07-31,대구역북편네거리1,18190,3867,22057
2026-07-31,칠성시장역(서문프라자앞),19820,2190,22010
2026-07-31,월성청구코아건너,19661,2345,22006
2026-07-31,경북대학교 경상대학앞,19570,2428,21998
2026-07-31,화원고등학교건너,20385,1592,21977
2026-07-31,서대구초등학교입구,16601,5357,21958
2026-07-31,수성시장네거리2,15973,5975,21948
2026-07-31,북구청건너,16984,4946,21930
2026-07-31,성서종합시장건너,14555,7341,21896
2026-07-31,만평네거리,13014,8878,21892
2026-07-31,검단유성아파트앞,18720,3165,21885
2026-07-31,KT서대구지사앞,13610,8266,21876
2026-07-31,두류정수사업소건너,19804,2036,21840
2026-07-31,안심지구대앞,18878,2948,21826
2026-07-31,대백프라자건너,17134,4687,21821
2026-07-31,진달래아파트건너,15524,6180,21704
2026-07-31,만촌역(2번출구),12973,8708,21681
2026-07-31,올림픽기념관건너,16610,4922,21532
2026-07-31,대구공공시설관리공단건너,16300,5231,21531
2026-07-31,현대백화점.동아쇼핑건너,14304,7207,21511
2026-07-31,두류수영장건너,16143,5339,21482
2026-07-31,칠곡운암역2,15529,5819,21348
2026-07-31,대명역(2번출구),17252,4027,21279
2026-07-31,중동시장건너,14661,6408,21069
2026-07-31,2차서한화성타운앞,15408,5517,20925
2026-07-31,보성화성타운건너,18330,2512,20842
2026-07-31,캐슬골드파크(1102동),17152,3690,20842
2026-07-31,대구은행북비산지점건너1,16037,4766,20803
2026-07-31,월성주공4단지앞2,15345,5399,20744
2026-07-31,경북아파트건너(신천동),4638,16044,20682
2026-07-31,월성e-편한세상앞,15267,5382,20649
2026-07-31,불로전통시장앞,14315,6237,20552
2026-07-31,복현오거리2,14011,6528,20539
2026-07-31,월성푸르지오앞,15414,5114,20528
2026-07-31,연암네거리1,14464,6057,20521
2026-07-31,방천시장(김광석길)건너,15325,5109,20434
2026-07-31,동인찜갈비골목앞,14138,6220,20358
2026-07-31,동대구역지하도1,13984,6289,20273
2026-07-31,대명공연거리앞,15842,4429,20271
2026-07-31,침산화성파크드림앞,16703,3534,20237
2026-07-31,불로우방아파트앞,15985,4244,20229
2026-07-31,고산2동행정복지센터건너,13844,6302,20146
2026-07-31,KT동대구지사앞,17639,2448,20087
2026-07-31,월촌역(6번출구),17496,2572,20068
2026-07-31,월성청구코아앞,14645,5400,20045
2026-07-31,황금네거리1,18623,1410,20033
2026-07-31,유가읍행정복지센터앞,12450,7547,19997
2026-07-31,도시철도담티역(3번출구),14853,5122,19975
2026-07-31,동호공영차고지건너,19364,570,19934
2026-07-31,유천교(진천초등학교앞),11797,8136,19933
2026-07-31,죽전119안전센터앞,14022,5872,19894
2026-07-31,동호육교2,19051,807,19858
2026-07-31,대구교육대앞,16017,3838,19855
2026-07-31,사월역(4번출구),12294,7524,19818
2026-07-31,봉산문화거리앞,15529,4109,19638
2026-07-31,공단역1,12232,7384,19616
2026-07-31,구)대영학원건너,15387,4178,19565
2026-07-31,한국폴리텍VI대구대학앞,13078,6440,19518
2026-07-31,대구고용복지플러스센터앞,14426,5082,19508
2026-07-31,아양교3,2446,17028,19474
2026-07-31,청구그린맨션1차앞,16082,3362,19444
2026-07-31,수성3가롯데캐슬앞,11679,7661,19340
2026-07-31,유니버시아드선수촌2단지건너,14454,4840,19294
2026-07-31,성서우방타운건너,15316,3956,19272
2026-07-31,원대시장앞,12306,6884,19190
2026-07-31,문성병원건너,13507,5682,19189
2026-07-31,대백한라무지개타운건너,17608,1475,19083
2026-07-31,봉덕교회건너,16314,2767,19081
2026-07-31,태전삼거리2,14010,4958,18968
2026-07-31,대구학교지원센터건너 (대구학생예술창작터건너),8402,10538,18940
2026-07-31,범어쌍용예가건너(호텔라온제나),12851,6087,18938
2026-07-31,더샵디어엘로아파트,15362,3510,18872
2026-07-31,유천포스코앞,14316,4553,18869
2026-07-31,오페라삼정그린코아APT,11754,7093,18847
2026-07-31,대구도시개발공사앞,15037,3796,18833
2026-07-31,장기초록나라건너,9732,9075,18807
2026-07-31,경북예고건너,10841,7950,18791
2026-07-31,송현역(2번출구),15734,3002,18736
2026-07-31,수성시장네거리1,15044,3687,18731
2026-07-31,수창공원앞(중구보건소건너),13180,5549,18729
2026-07-31,방촌역(1번출구),14284,4403,18687
2026-07-31,성당두산위브앞,16956,1725,18681
2026-07-31,대구보건고등학교건너,12711,5938,18649
2026-07-31,청구고등학교앞,14906,3684,18590
2026-07-31,성서119안전센터앞,17509,1001,18510
2026-07-31,상인비둘기2단지아파트앞,15260,3216,18476
2026-07-31,감삼네거리1,12053,6398,18451
2026-07-31,대구과학기술고등학교건너,10650,7795,18445
2026-07-31,성당코오롱하늘채2,12318,6096,18414
2026-07-31,경진초등학교앞,16803,1553,18356
2026-07-31,경북대체육센터건너,17066,1255,18321
2026-07-31,지산목련아파트건너,16685,1605,18290
2026-07-31,사월역(2번출구),14822,3445,18267
2026-07-31,고산2동행정복지센터앞,16432,1685,18117
2026-07-31,두리봉네거리1,4222,13851,18073
2026-07-31,대신미싱골목앞,11103,6964,18067
2026-07-31,조암초등학교건너,15200,2846,18046
2026-07-31,서구시장앞,12208,5741,17949
2026-07-31,두류동우체국앞,12293,5612,17905
2026-07-31,2호선반월당역2,12492,5404,17896
2026-07-31,월배역(3번출구),12269,5577,17846
2026-07-31,동도중학교앞,15341,2476,17817
2026-07-31,대구교육대건너,10896,6888,17784
2026-07-31,국민건강보험공단앞,10368,7383,17751
2026-07-31,상인장미아파트앞,13978,3729,17707
2026-07-31,대곡역(1번출구),14973,2685,17658
2026-07-31,대구교통공사앞,15899,1746,17645
2026-07-31,월성주공2단지앞,14929,2715,17644
2026-07-31,동인초등학교건너,12658,4943,17601
2026-07-31,범물한라주택건너,16772,807,17579
2026-07-31,대명초등학교앞,12282,5256,17538
2026-07-31,사수초등학교앞,17240,274,17514
2026-07-31,신암공원,15383,2112,17495
2026-07-31,구.동부정류장(메트로팔레스),12029,5462,17491
2026-07-31,대구학교지원센터앞 (대구학생예술창작터앞),12949,4506,17455
2026-07-31,봉무공원앞,12843,4612,17455
2026-07-31,시지중학교,16142,1285,17427
2026-07-31,미리내맨션건너,16273,1119,17392
2026-07-31,대곡주공8단지앞,14971,2405,17376
2026-07-31,대구교통방송앞,15229,2111,17340
2026-07-31,계명대학교정문건너,15843,1416,17259
2026-07-31,용계삼거리1,8794,8446,17240
2026-07-31,광장타운앞,13474,3700,17174
2026-07-31,대동시장2,15976,1173,17149
2026-07-31,칠곡에덴타운건너,12199,4816,17015
2026-07-31,남부경찰서앞,11804,5190,16994
2026-07-31,월배역(4번출구),11676,5312,16988
2026-07-31,상인동서타운앞,15216,1733,16949
2026-07-31,대구농업마이스터고건너,13917,3011,16928
2026-07-31,남산초등학교앞,10677,6226,16903
2026-07-31,지저동행정복지센터건너,14591,2288,16879
2026-07-31,월촌역(7번출구),14108,2740,16848
2026-07-31,북구청역(3번출구),11277,5569,16846
2026-07-31,북구청앞,11224,5617,16841
2026-07-31,고산역화성파크드림앞,12761,3994,16755
2026-07-31,봉덕시장앞1,15363,1372,16735
2026-07-31,동촌강나루아파트앞,5752,10924,16676
2026-07-31,대곡주공2단지앞,15797,847,16644
2026-07-31,대구보건고등학교앞,12570,4040,16610
2026-07-31,청구그린맨션1차건너,13245,3292,16537
2026-07-31,월배시장건너,9675,6841,16516
2026-07-31,캐슬골드파크4단지앞,14177,2327,16504
2026-07-31,강북경찰서앞,15197,1296,16493
2026-07-31,서남시장앞2,13764,2723,16487
2026-07-31,달서구청건너,12923,3492,16415
2026-07-31,만촌역서한포레스트앞,8482,7912,16394
2026-07-31,고산역화성파크드림건너,12683,3687,16370
2026-07-31,남산초등학교건너,13697,2666,16363
2026-07-31,계명대학교대명캠퍼스앞,9648,6705,16353
2026-07-31,남산역,12315,4003,16318
2026-07-31,대구차여성병원앞,13996,2283,16279
2026-07-31,대일아파트건너,9755,6524,16279
2026-07-31,영남이공대학교앞,14494,1645,16139
2026-07-31,황금네거리2,9507,6617,16124
2026-07-31,신기역(화성타운앞),13310,2780,16090
2026-07-31,내당코오롱아파트건너,6542,9488,16030
2026-07-31,한영한마음아동병원건너,11862,4163,16025
2026-07-31,대구대학교대명동캠퍼스,13633,2346,15979
2026-07-31,구병원건너,9177,6722,15899
2026-07-31,신암4동행정복지센터앞,4896,10967,15863
2026-07-31,율하역(2번출구),11633,4162,15795
2026-07-31,곽병원앞2,11573,4201,15774
2026-07-31,신세계병원앞,7375,8397,15772
2026-07-31,복현우체국앞,8252,7479,15731
2026-07-31,계명대학교대명캠퍼스건너,10192,5510,15702
2026-07-31,태전삼거리1,10423,5267,15690
2026-07-31,산격중학교건너,6796,8824,15620
2026-07-31,수성구보건소앞,10226,5323,15549
2026-07-31,청구고등학교건너,12524,3025,15549
2026-07-31,대구여자상업고등학교앞,12702,2826,15528
2026-07-31,대봉교회,12064,3433,15497
2026-07-31,동부소방서건너,1148,14347,15495
2026-07-31,동서변리벤빌,13699,1794,15493
2026-07-31,침산화성파크드림건너,11806,3648,15454
2026-07-31,방천시장(김광석길)앞,11843,3591,15434
2026-07-31,수성도서관건너,11870,3559,15429
2026-07-31,대백인터빌앞,11109,4307,15416
2026-07-31,동대구시장건너,12095,3308,15403
2026-07-31,성동초등학교앞,13247,2154,15401
2026-07-31,대구보건대학교3,10094,5306,15400
2026-07-31,이마트월배점건너,10723,4630,15353
2026-07-31,한전동대구지사건너,11252,4080,15332
2026-07-31,대구고등학교앞,9713,5595,15308
2026-07-31,봉덕1동행정복지센터건너,9352,5946,15298
2026-07-31,우방청솔맨션건너,10981,4280,15261
2026-07-31,이월드(구.우방랜드)정문,10570,4680,15250
2026-07-31,퀸벨호텔건너,13362,1883,15245
2026-07-31,반야월시장2,13370,1874,15244
2026-07-31,만촌육교2,7714,7525,15239
2026-07-31,범어역(2번출구),10203,4949,15152
2026-07-31,대평리시장,14111,1025,15136
2026-07-31,TBC건너,13856,1257,15113
2026-07-31,두류공원네거리1,12712,2379,15091
2026-07-31,달서구청앞,9923,5155,15078
2026-07-31,지산타운건너,13831,1178,15009
2026-07-31,반야월시장1,10186,4798,14984
2026-07-31,한화꿈에그린앞,12139,2823,14962
2026-07-31,월성주공5단지앞,7619,7267,14886
2026-07-31,태왕메트로시티후문,12209,2663,14872
2026-07-31,대구반도체마이스터고등학교 앞,13151,1705,14856
2026-07-31,죽전역(1번출구),11870,2969,14839
2026-07-31,명덕네거리1,12094,2690,14784
2026-07-31,큰고개오거리1,13218,1547,14765
2026-07-31,만촌2동행정복지센터,13254,1506,14760
2026-07-31,영남일보앞,11412,3335,14747
2026-07-31,수성구민운동장앞,7478,7267,14745
2026-07-31,도남힐스테이트3단지앞,13812,840,14652
2026-07-31,대명1동행정복지센터앞,10188,4456,14644
2026-07-31,명곡리1,13639,993,14632
2026-07-31,캐슬골드파크(1504동),11007,3599,14606
2026-07-31,한국농어촌공사건너,8264,6341,14605
2026-07-31,반야월역(1번출구),4127,10476,14603
2026-07-31,대명초등학교건너,8362,6206,14568
2026-07-31,남구청건너2,6514,8051,14565
2026-07-31,대구차여성병원건너,5682,8882,14564
2026-07-31,월배시장앞,13134,1403,14537
2026-07-31,홈플러스내당점건너,12985,1510,14495
2026-07-31,유천교1,10550,3944,14494
2026-07-31,용산종합큰시장건너,13314,1167,14481
2026-07-31,비산초등학교앞,12641,1829,14470
2026-07-31,성서우방타운앞,10246,4210,14456
2026-07-31,평화타운건너,12591,1845,14436
2026-07-31,달성공원역3번출구,10701,3725,14426
2026-07-31,학산초등학교건너,11696,2679,14375
2026-07-31,수성더팰리스푸르지오더샵아파트앞,13598,769,14367
2026-07-31,대구공업대학교1,11140,3163,14303
2026-07-31,대우트럼프월드수성건너,12467,1806,14273
2026-07-31,광명프레지던트아파트건너,9503,4753,14256
2026-07-31,만경관건너,8869,5362,14231
2026-07-31,국채보상운동기념공원,7782,6442,14224
2026-07-31,만촌태왕리더스앞1,5728,8458,14186
2026-07-31,국민연금네거리,10818,3349,14167
2026-07-31,제일여자상업고등학교앞,11938,2228,14166
2026-07-31,모다아울렛건너,12215,1944,14159
2026-07-31,전자상가,11922,2228,14150
2026-07-31,수성네거리1,10315,3806,14121
2026-07-31,대구공공시설관리공단동부사업소건너,12364,1733,14097
2026-07-31,송원맨션건너,12364,1731,14095
2026-07-31,동성초등학교건너,3804,10253,14057
2026-07-31,불로동고분군건너,11126,2929,14055
2026-07-31,침산네거리1,11653,2358,14011
2026-07-31,상수도사업본부시설관리소건너,11542,2467,14009
2026-07-31,공고네거리2,11196,2793,13989
2026-07-31,보성화성타운앞,6669,7306,13975
2026-07-31,경북고등학교앞,12609,1345,13954
2026-07-31,대구은행칠곡지점건너,10931,3016,13947
2026-07-31,보광병원앞,10838,3085,13923
2026-07-31,롯데백화점상인점건너,9159,4751,13910
2026-07-31,신매초등학교건너,10216,3681,13897
2026-07-31,유니버시아드레포츠센터건너,8759,5099,13858
2026-07-31,성당래미안e-편한세상앞,9874,3983,13857
2026-07-31,수성못오거리1,9373,4473,13846
2026-07-31,대구농업마이스터고앞,5518,8324,13842
2026-07-31,동성초등학교앞,9505,4298,13803
2026-07-31,칠곡동화아파트앞,11918,1881,13799
2026-07-31,수목원제일풍경채앞,13634,120,13754
2026-07-31,지산한라타운앞,7143,6584,13727
2026-07-31,북구선거관리위원회앞,8661,5054,13715
2026-07-31,광장타운건너,10708,2985,13693
2026-07-31,대구스마트고등학교앞,11900,1787,13687
2026-07-31,달성중학교앞,6869,6806,13675
2026-07-31,청기와주유소앞,9367,4306,13673
2026-07-31,욱수초등학교건너,9055,4603,13658
2026-07-31,청기와주유소건너,11550,2095,13645
2026-07-31,계명대역(3번출구),11295,2294,13589
2026-07-31,안심지구대건너,9122,4431,13553
2026-07-31,무태네거리(시외방향),6782,6748,13530
2026-07-31,매곡사거리2,13194,322,13516
2026-07-31,헬로TV대구방송건너,9818,3658,13476
2026-07-31,용계역(1번출구),8663,4805,13468
2026-07-31,이마트월배점앞,11645,1807,13452
2026-07-31,대구광역시교육연수원건너,12382,1061,13443
2026-07-31,범물1동행정복지센터건너,9116,4326,13442
2026-07-31,대덕맨션앞,12358,1075,13433
2026-07-31,반월당역(1번출구)2,8982,4426,13408
2026-07-31,성서용산시장앞,11931,1438,13369
2026-07-31,계명대학교 대구동산병원앞2,7550,5818,13368
2026-07-31,대원유치원건너,6999,6343,13342
2026-07-31,중동교1,6332,7007,13339
2026-07-31,대구해올고교건너,4928,8386,13314
2026-07-31,팔공정보문화센터앞,11004,2299,13303
2026-07-31,경북고등학교건너,8632,4670,13302
2026-07-31,경북대체육센터앞,4271,8982,13253
2026-07-31,동원비즈플랫폼건너,2684,10566,13250
2026-07-31,남대구IC1,12189,1056,13245
2026-07-31,앞산공원,9436,3792,13228
2026-07-31,퀸벨호텔앞,6752,6459,13211
2026-07-31,용산네거리1,8819,4352,13171
2026-07-31,영남이공대학교건너,9223,3946,13169
2026-07-31,KT남대구지사건너1,9044,4104,13148
2026-07-31,한국방송통신전파진흥원건너,7582,5540,13122
2026-07-31,지산한라타운건너,12271,828,13099
2026-07-31,대구병원건너,11431,1666,13097
2026-07-31,칠곡한신아파트앞1,12347,741,13088
2026-07-31,대곡역그린빌,8180,4898,13078
2026-07-31,강북소방서앞,11793,1279,13072
2026-07-31,경북공고앞,8648,4405,13053
2026-07-31,가창면행정복지센터앞,9935,3109,13044
2026-07-31,본리초등학교앞,8922,4076,12998
2026-07-31,신기역(화성타운건너),7996,4994,12990
2026-07-31,상인은행아파트앞,9746,3232,12978
2026-07-31,계명대학교동산병원건너,12240,737,12977
2026-07-31,대백한라무지개타운앞,10214,2763,12977
2026-07-31,아양교1,9131,3820,12951
2026-07-31,율하역(4번출구),9241,3698,12939
2026-07-31,효동초등학교앞,10173,2765,12938
2026-07-31,파동청구하이츠,11267,1649,12916
2026-07-31,토지주택공사앞,11605,1277,12882
2026-07-31,학정청아람건너,12585,296,12881
2026-07-31,두리봉네거리2,9955,2919,12874
2026-07-31,동대구역(2번출구)건너,10715,2104,12819
2026-07-31,대청초등학교앞,12500,306,12806
2026-07-31,두류도서관앞,10094,2687,12781
2026-07-31,대자연맨션,12192,585,12777
2026-07-31,반고개2,8460,4308,12768
2026-07-31,계명대학교동문건너1,10869,1895,12764
2026-07-31,월성2동행정복지센터건너,10343,2405,12748
2026-07-31,침산코오롱하늘채건너,9728,2998,12726
2026-07-31,섬유회관건너2,7940,4776,12716
2026-07-31,상인비둘기1단지아파트앞,12079,636,12715
2026-07-31,상인동화아이위시아파트건너,11690,1011,12701
2026-07-31,근로복지공단대구병원앞,12531,168,12699
2026-07-31,대곡역(한라하우젠트건너),10291,2395,12686
2026-07-31,대곡사계절타운건너,11614,1069,12683
2026-07-31,경북아파트앞(신천동),8850,3823,12673
2026-07-31,성광고등학교건너,10687,1950,12637
2026-07-31,대곡역(2번출구),8558,4068,12626
2026-07-31,비산7동우체국앞1,8986,3621,12607
2026-07-31,명덕네거리2,5193,7395,12588
2026-07-31,방촌역(2번출구),10163,2397,12560
2026-07-31,대백프라자앞,8883,3647,12530
2026-07-31,효신초등학교앞,10309,2220,12529
2026-07-31,본리네거리2,10897,1624,12521
2026-07-31,동촌화성타운건너,11146,1354,12500
2026-07-31,삼익뉴타운앞,10416,2084,12500
2026-07-31,수창초등학교,9732,2763,12495
2026-07-31,범어쌍용예가앞,8986,3491,12477
2026-07-31,엑스코앞,10844,1596,12440
2026-07-31,성북교1,10326,2081,12407
2026-07-31,동부경찰서앞,11538,829,12367
2026-07-31,대일아파트앞,8783,3572,12355
2026-07-31,서평초등학교건너,2157,10188,12345
2026-07-31,대구광역시립동부도서관,6296,6045,12341
2026-07-31,비산지하도1,7248,5069,12317
2026-07-31,앞산청구제네스앞,10500,1804,12304
2026-07-31,대구보건대학교4,9279,3007,12286
2026-07-31,서재보성타운건너,11657,550,12207
2026-07-31,경북대학교정문건너,6077,6128,12205
2026-07-31,반야월역(4번출구)1,7052,5147,12199
2026-07-31,팔거역2,10279,1918,12197
2026-07-31,대구지방법원등기국건너,5377,6790,12167
2026-07-31,명문세가APT앞,10527,1630,12157
2026-07-31,본리초등학교건너,9953,2193,12146
2026-07-31,죽전그린빌앞,9948,2176,12124
2026-07-31,서재동화아이위시건너,10542,1576,12118
2026-07-31,대구IM뱅크PARK동편건너,5936,6171,12107
2026-07-31,서구문화회관앞,11029,1036,12065
2026-07-31,지산목련아파트앞,9501,2536,12037
2026-07-31,복현네거리,5031,6979,12010
2026-07-31,우방강촌마을앞,8950,3032,11982
2026-07-31,경상여자고등학교앞,7192,4784,11976
2026-07-31,명성푸르지오건너,7770,4200,11970
2026-07-31,태평상가앞1,7077,4861,11938
2026-07-31,옥포LH천년나무3단지앞,11698,228,11926
2026-07-31,안심역(5번출구),7369,4551,11920
2026-07-31,송현역(4번출구),8207,3667,11874
2026-07-31,입석중학교건너,8440,3427,11867
2026-07-31,과학마을청아람앞,11207,653,11860
2026-07-31,북비산네거리1,6751,5080,11831
2026-07-31,안심역(4번출구),9761,2065,11826
2026-07-31,2차대자연맨션앞,10607,1213,11820
2026-07-31,대구여자상업고등학교건너,7914,3905,11819
2026-07-31,대구의료원건너,10505,1312,11817
2026-07-31,대구광역시교육연수원앞,7230,4585,11815
2026-07-31,두류정수사업소앞,3063,8699,11762
2026-07-31,교통연수원,10929,823,11752
2026-07-31,우방신천지타운앞,10675,1070,11745
2026-07-31,대명1동행정복지센터건너,8256,3477,11733
2026-07-31,신천LH아파트앞,10513,1194,11707
2026-07-31,영진전문대학교정문앞,8580,3116,11696
2026-07-31,효성타운앞,9920,1769,11689
2026-07-31,신천LH아파트건너,9193,2462,11655
2026-07-31,경북교통,3972,7668,11640
2026-07-31,연호동화훼단지1,3572,8055,11627
2026-07-31,지산동서맨션앞,10935,679,11614
2026-07-31,동인초등학교앞,7287,4325,11612
2026-07-31,국립신암선열공원건너,5569,6021,11590
2026-07-31,아양아트센터건너,10417,1164,11581
2026-07-31,서대구KTX영무예다음건너,10964,608,11572
2026-07-31,대구교통방송건너,5434,6123,11557
2026-07-31,한샘청동공원앞,11130,423,11553
2026-07-31,산격초등학교앞,9338,2214,11552
2026-07-31,대구삼성창조캠퍼스4,7334,4211,11545
2026-07-31,홈플러스내당점앞,6627,4902,11529
2026-07-31,대봉성당,8008,3498,11506
2026-07-31,강산아파트앞,7905,3600,11505
2026-07-31,팔거역1,6445,5001,11446
2026-07-31,상수도사업본부건너,6959,4462,11421
2026-07-31,건영아파트건너,5293,6125,11418
2026-07-31,유천교(진천초등학교건너),5478,5940,11418
2026-07-31,신매시장,4965,6444,11409
2026-07-31,월배초등학교건너,9408,1985,11393
2026-07-31,상공회의소앞,8671,2719,11390
2026-07-31,인동촌시장입구,10400,990,11390
2026-07-31,진아리채앞,11187,192,11379
2026-07-31,SK리더스뷰건너,9416,1961,11377
2026-07-31,대구과학고등학교건너,5845,5517,11362
2026-07-31,구.남부정류장건너2,6292,5069,11361
2026-07-31,세천초등학교건너,8756,2604,11360
2026-07-31,중리시장앞,8794,2561,11355
2026-07-31,동촌강나루아파트건너,8248,3098,11346
2026-07-31,신매초등학교앞,9351,1988,11339
2026-07-31,가창농협앞,10687,647,11334
2026-07-31,용산1동행정복지센터건너,8816,2496,11312
2026-07-31,대천교,5530,5770,11300
2026-07-31,금봉네거리1,10107,1173,11280
2026-07-31,서대구중학교앞,5801,5432,11233
2026-07-31,다사읍행정복지센터건너,10955,274,11229
2026-07-31,대구시산격청사앞,6395,4814,11209
2026-07-31,지산현대주택앞,9633,1572,11205
2026-07-31,지산타운앞,3442,7759,11201
2026-07-31,봉무청구새들마을건너,8634,2565,11199
2026-07-31,대백창신한라타운건너,8407,2781,11188
2026-07-31,침산네거리2,8776,2410,11186
2026-07-31,덕화중학교건너,10018,1149,11167
2026-07-31,갓바위,10207,903,11110
2026-07-31,동촌역(신길)1,9389,1707,11096
2026-07-31,수성초등학교,7356,3732,11088
2026-07-31,태평상가건너,6480,4608,11088
2026-07-31,성당포스코더샵앞,9654,1430,11084
2026-07-31,북침산치안센터앞,6177,4892,11069
2026-07-31,대원유치원앞,9607,1458,11065
2026-07-31,산격주공아파트건너,5192,5872,11064
2026-07-31,우방죽전타운건너,7910,3132,11042
2026-07-31,안심주공1단지건너,9639,1400,11039
2026-07-31,무태조야동행정복지센터앞2,10312,677,10989
2026-07-31,지산청구타운앞,10099,859,10958
2026-07-31,대곡강산타운건너,8478,2457,10935
2026-07-31,신암초등학교건너,6821,4101,10922
2026-07-31,대곡주공7단지앞,9514,1401,10915
2026-07-31,노원119안전센터건너,7213,3692,10905
2026-07-31,무궁화LPG충전소,8101,2799,10900
2026-07-31,중리광명맨션건너,9604,1279,10883
2026-07-31,서부정류장(관문시장건너)2,9192,1686,10878
2026-07-31,무태조야동행정복지센터건너1,9301,1571,10872
2026-07-31,코스트코홀세일건너/복현화성타운앞,5728,5142,10870
2026-07-31,안심교(반야월방향),694,10171,10865
2026-07-31,대곡역(한라하우젠트앞),5573,5285,10858
2026-07-31,삼덕성당앞,8617,2226,10843
2026-07-31,신흥버스,9751,1088,10839
2026-07-31,산격초등학교건너,9512,1299,10811
2026-07-31,죽전동 행정복지센터건너,9030,1753,10783
2026-07-31,다사고등학교건너,6341,4441,10782
2026-07-31,산격중학교앞,7849,2909,10758
2026-07-31,학산공원2,8823,1935,10758
2026-07-31,신암4동행정복지센터건너,6569,4183,10752
2026-07-31,e편한세상대구금호건너,10310,431,10741
2026-07-31,송현제림타운건너,5122,5616,10738
2026-07-31,정동고등학교앞,9170,1564,10734
2026-07-31,동서변그린빌앞,9748,981,10729
2026-07-31,강산아파트건너,4392,6294,10686
2026-07-31,용계역(2번출구),9259,1408,10667
2026-07-31,가창면행정복지센터건너,7189,3472,10661
2026-07-31,칠곡시장건너,9324,1332,10656
2026-07-31,복현우방아파트,8825,1826,10651
2026-07-31,송현역(1번출구),8171,2469,10640
2026-07-31,중부소방서앞,8742,1893,10635
2026-07-31,팔레스호텔앞1,7167,3407,10574
2026-07-31,달서구치매안심센터앞,5964,4608,10572
2026-07-31,고성아파트(서편),6776,3793,10569
2026-07-31,새길시장건너,7613,2939,10552
2026-07-31,운암초등학교앞,10336,207,10543
2026-07-31,계명문화대학교건너,7719,2794,10513
2026-07-31,성서산업단지역(2번출구),8243,2249,10492
2026-07-31,화원농협주유소앞,4527,5963,10490
2026-07-31,율하롯데캐슬탑클래스앞,7528,2960,10488
2026-07-31,두성파크아파트앞,3489,6990,10479
2026-07-31,산격청구맨션앞,5858,4579,10437
2026-07-31,운암초등학교건너,9142,1291,10433
2026-07-31,동도중학교건너,7831,2596,10427
2026-07-31,TBC앞,5494,4932,10426
2026-07-31,동구시장앞,8658,1761,10419
2026-07-31,백자맨션건너,8726,1690,10416
2026-07-31,북구구민운동장건너,7701,2703,10404
2026-07-31,동촌화성타운앞,7118,3274,10392
2026-07-31,현대시장건너,9410,977,10387
2026-07-31,해안역(3번출구),6636,3749,10385
2026-07-31,성서산업단지역(1번출구),7124,3256,10380
2026-07-31,이마트경산점,8116,2251,10367
2026-07-31,범물하이츠 건너,7868,2463,10331
2026-07-31,복현대백맨션앞,5032,5203,10235
2026-07-31,중구보건소앞,6512,3722,10234
2026-07-31,한남중미용정보고등학교건너,6129,4051,10180
2026-07-31,대구보건대학교건너2,9904,261,10165
2026-07-31,대구파라곤프레스티지아파트,7839,2283,10122
2026-07-31,유천포스코건너,8290,1826,10116
2026-07-31,대명5동행정복지센터앞,7890,2203,10093
2026-07-31,봉덕시장앞2,7612,2450,10062
2026-07-31,해안역(1번출구),8758,1301,10059
2026-07-31,흥사단 대구지부앞,3957,6095,10052
2026-07-31,공항시장건너,9181,866,10047
2026-07-31,대구과학고등학교앞,9012,1035,10047
2026-07-31,옥포간경리2,8629,1416,10045
2026-07-31,북구보건소앞,9639,397,10036
2026-07-31,경북기계공고앞,6140,3890,10030
2026-07-31,서대구시장앞,6579,3425,10004
2026-07-31,성북시장앞,7634,2364,9998
2026-07-31,대구공공시설관리공단동부사업소앞,6752,3241,9993
2026-07-31,수성3가롯데캐슬건너,7833,2152,9985
2026-07-31,성동초등학교건너,6914,3061,9975
2026-07-31,LG물류센터앞,7086,2832,9918
2026-07-31,대륜중고등학교건너,4822,5084,9906
2026-07-31,화성파크뷰건너,9416,472,9888
2026-07-31,화랑교2,8846,1037,9883
2026-07-31,칠곡그린빌3차건너,8901,943,9844
2026-07-31,고모동입구,5960,3872,9832
2026-07-31,상인자이앞,6708,3115,9823
2026-07-31,큰고개오거리2,3375,6447,9822
2026-07-31,성당코오롱하늘채,7206,2613,9819
2026-07-31,북리2,8840,958,9798
2026-07-31,두류공원네거리2,4763,4997,9760
2026-07-31,황제맨션건너,4060,5696,9756
2026-07-31,대구공업대학교건너,6507,3247,9754
2026-07-31,헬로TV대구방송앞,5228,4465,9693
2026-07-31,삼덕교회,5428,4245,9673
2026-07-31,산업용재관,5086,4577,9663
2026-07-31,성화여고건너,8706,955,9661
2026-07-31,텍스빌,7368,2293,9661
2026-07-31,국가산단반도유보라2차,9605,55,9660
2026-07-31,국립대구박물관앞,6463,3182,9645
2026-07-31,대구고용노동청건너,8425,1217,9642
2026-07-31,강창하이츠,9290,333,9623
2026-07-31,신천역(4번출구),7689,1918,9607
2026-07-31,대구공업대학교2,5849,3742,9591
2026-07-31,달서구치매안심센터건너,7883,1706,9589
2026-07-31,달성공원건너,6548,3034,9582
2026-07-31,만평역(서대구고속버스터미널)1,5345,4227,9572
2026-07-31,동구기억쉼터건너,8553,1016,9569
2026-07-31,강창역(1번출구),6369,3180,9549
2026-07-31,미리내맨션앞,6758,2791,9549
2026-07-31,송현1동치안센터건너,7131,2404,9535
2026-07-31,경북공고건너,5970,3564,9534
2026-07-31,동대구해모로웨스트아파트,7856,1673,9529
2026-07-31,성서2차서한타운1,8806,710,9516
2026-07-31,성북교2,5462,4049,9511
2026-07-31,서재동화아이위시3차앞,8696,809,9505
2026-07-31,영진전문대학교정문건너,7431,2059,9490
2026-07-31,대평중학교건너,8610,869,9479
2026-07-31,검단유성아파트(서편),7532,1944,9476
2026-07-31,우방드림시티건너,5065,4403,9468
2026-07-31,대구시산격청사건너1,6686,2776,9462
2026-07-31,대곡사계절타운앞,6177,3270,9447
2026-07-31,태왕아너스복현앞,8069,1350,9419
2026-07-31,북리1,7583,1815,9398
2026-07-31,제일풍경채건너,7892,1504,9396
2026-07-31,효동초등학교건너,6612,2780,9392
2026-07-31,만경관앞,7421,1970,9391
2026-07-31,국민연금네거리1,6376,3003,9379
2026-07-31,동촌역(신길)2,6819,2553,9372
2026-07-31,수성못오거리2,7717,1646,9363
2026-07-31,유천동행정복지센터앞,8972,384,9356
2026-07-31,동부소방서앞,7009,2324,9333
2026-07-31,수성도서관앞,6148,3169,9317
2026-07-31,감삼초등학교건너,7913,1390,9303
2026-07-31,동구기억쉼터앞,7232,2069,9301
2026-07-31,수성시장앞,6863,2438,9301
2026-07-31,상공회의소건너,6535,2764,9299
2026-07-31,팔공3차보성타운후문,9029,264,9293
2026-07-31,송현초등학교앞,8810,468,9278
2026-07-31,안심효성타운,6383,2881,9264
2026-07-31,무태조야동행정복지센터건너2,4430,4826,9256
2026-07-31,한국농어촌공사앞,7803,1425,9228
2026-07-31,영남일보건너,7014,2212,9226
2026-07-31,북대구세무서건너,7947,1277,9224
2026-07-31,대구일마이스터고교앞,7687,1535,9222
2026-07-31,유니버시아드레포츠센터앞,7147,2075,9222
2026-07-31,경대교2,8356,820,9176
2026-07-31,앞산청구제네스건너,5904,3269,9173
2026-07-31,북침산치안센터건너,7101,2041,9142
2026-07-31,강남약국앞2,7598,1501,9099
2026-07-31,대구시교육청앞,4343,4751,9094
2026-07-31,정동고등학교건너,5918,3174,9092
2026-07-31,SK리더스뷰앞,6378,2703,9081
2026-07-31,칠곡2차영남타운건너,8423,656,9079
2026-07-31,북비산네거리2,7027,2040,9067
2026-07-31,동대구동화아이위시아파트건너,2771,6293,9064
2026-07-31,죽전역(2번출구),7785,1250,9035
2026-07-31,엘디스리젠트호텔앞,5030,4003,9033
2026-07-31,복현서한2차아파트,6285,2747,9032
2026-07-31,월드컵삼거리앞,5800,3225,9025
2026-07-31,스파밸리2,8940,75,9015
2026-07-31,진천청구타운앞,8030,967,8997
2026-07-31,한국건강관리협회앞,7861,1114,8975
2026-07-31,칠곡그린빌5단지앞,6305,2654,8959
2026-07-31,신천역(5번출구),6649,2308,8957
2026-07-31,용산2동행정복지센터건너,4675,4282,8957
2026-07-31,월성주공4단지앞1,7970,987,8957
2026-07-31,봉덕시장건너3,7989,967,8956
2026-07-31,북대구농협검단지점건너,8852,93,8945
2026-07-31,상수도사업본부,6444,2478,8922
2026-07-31,용산종합큰시장앞,6056,2865,8921
2026-07-31,경북기계공고건너,5651,3262,8913
2026-07-31,대구중학교앞,7107,1801,8908
2026-07-31,서변동영남네오빌건너,7691,1214,8905
2026-07-31,신천3동행정복지센터앞,3130,5769,8899
2026-07-31,대구공업대학교앞,6793,2094,8887
2026-07-31,CBS방송국건너,6294,2581,8875
2026-07-31,수성동일하이빌정문,6016,2854,8870
2026-07-31,효목네거리3,5829,3030,8859
2026-07-31,민들레아파트후문앞,8827,21,8848
2026-07-31,경일여자고등학교앞,5984,2862,8846
2026-07-31,이시아폴리스더샵2단지,5910,2933,8843
2026-07-31,동구청역(3번출구),6480,2344,8824
2026-07-31,솔정고개2,3163,5640,8803
2026-07-31,유니버시아드선수촌2단지앞,6955,1838,8793
2026-07-31,감삼초등학교앞,7185,1598,8783
2026-07-31,청구시장앞,6619,2159,8778
2026-07-31,봉무초등학교앞,8599,172,8771
2026-07-31,반고개1,6617,2136,8753
2026-07-31,범물한라주택앞,1334,7414,8748
2026-07-31,대구시산격청사건너2,6248,2490,8738
2026-07-31,팔공보성아파트앞,8227,501,8728
2026-07-31,현대시장앞,4270,4438,8708
2026-07-31,농수산물도매시장앞,5358,3339,8697
2026-07-31,대구의료원앞,5864,2826,8690
2026-07-31,수성교1,4968,3712,8680
2026-07-31,보람타운앞,6245,2413,8658
2026-07-31,성서푸른마을아파트건너,7465,1184,8649
2026-07-31,국가산단서한이다음,8598,34,8632
2026-07-31,만촌우방1차건너,8403,201,8604
2026-07-31,상중이동행정복지센터앞,7281,1294,8575
2026-07-31,달서에스케이뷰아파트앞,6567,2002,8569
2026-07-31,들안길초등학교앞,5204,3365,8569
2026-07-31,국우동현대아파트앞,7579,989,8568
2026-07-31,각산태영데시앙건너,5617,2946,8563
2026-07-31,반야월모란1차아파트,6127,2436,8563
2026-07-31,남부교육지원청앞,6621,1939,8560
2026-07-31,상인삼미타운건너,1976,6550,8526
2026-07-31,율하휴먼시아5단지앞,8015,498,8513
2026-07-31,대구역센트럴자이,7588,885,8473
2026-07-31,이천새마을금고건너,7751,706,8457
2026-07-31,대구의료원라파엘웰빙센터건너,4792,3664,8456
2026-07-31,북부경찰서건너,2694,5746,8440
2026-07-31,장동초등학교건너,7109,1320,8429
2026-07-31,봉산가구골목(동편),4902,3524,8426
2026-07-31,한라하우젠트건너,7598,824,8422
2026-07-31,팔달시장역,3904,4507,8411
2026-07-31,대곡주공1단지앞,5229,3165,8394
2026-07-31,청구시장건너,7142,1244,8386
2026-07-31,침산초등학교건너,6115,2266,8381
2026-07-31,성서보성타운2차앞,6019,2361,8380
2026-07-31,홈플러스칠곡점앞,4627,3753,8380
2026-07-31,월성코오롱하늘채앞,6736,1642,8378
2026-07-31,봉덕교회앞,5962,2413,8375
2026-07-31,건영캐스빌건너,6921,1428,8349
2026-07-31,신천3치안센터앞,5449,2877,8326
2026-07-31,평리6동행정복지센터앞,5064,3238,8302
2026-07-31,계명대학교정문앞,2942,5349,8291
2026-07-31,북구구민운동장앞,5186,3058,8244
2026-07-31,신매태성아파트건너,6307,1926,8233
2026-07-31,두류보성맨션건너,7303,907,8210
2026-07-31,율하교동편1,4199,4010,8209
2026-07-31,대구병원앞,5656,2548,8204
2026-07-31,용전초등학교남편,4404,3797,8201
2026-07-31,연경1공영주차장앞,8070,129,8199
2026-07-31,삼성래미안2차건너,6028,2170,8198
2026-07-31,트레이더스홀세일클럽비산점건너,3001,5182,8183
2026-07-31,청라언덕(신남)역(1번출구),5559,2587,8146
2026-07-31,태왕메트로시티건너,6027,2103,8130
2026-07-31,경북교통앞,4100,4005,8105
2026-07-31,경북대학교서문건너,6374,1729,8103
2026-07-31,계명대역(2번출구),4697,3398,8095
2026-07-31,국립대구박물관건너,6731,1363,8094
2026-07-31,SD아이프라임강북아파트,7710,357,8067
2026-07-31,뉴평리도서관앞,6918,1139,8057
2026-07-31,장동초등학교앞,6069,1966,8035
2026-07-31,칠곡IC 2,7870,163,8033
2026-07-31,LG물류센터건너,5626,2385,8011
2026-07-31,두류보성맨션앞,4525,3483,8008
2026-07-31,무태조야동행정복지센터앞1,6532,1469,8001
2026-07-31,이현자동차검사소건너,1405,6582,7987
2026-07-31,서도초등학교서편2,6115,1841,7956
2026-07-31,한국폴리텍대학(영남융합기술캠퍼스),1298,6653,7951
2026-07-31,중리광명맨션앞,6220,1717,7937
2026-07-31,서대구시장건너,4898,3037,7935
2026-07-31,동일초등학교앞,4694,3208,7902
2026-07-31,시지천마타운앞,4469,3426,7895
2026-07-31,쌍계리,1619,6270,7889
2026-07-31,칠성시장역(서문프라자건너),3463,4419,7882
2026-07-31,경북대학교서문앞,4481,3368,7849
2026-07-31,교항리건너,7769,67,7836
2026-07-31,침산중학교앞,7153,672,7825
2026-07-31,율하역(5번출구),7076,748,7824
2026-07-31,태전중앙시장앞,4523,3281,7804
2026-07-31,엑스코건너,5519,2265,7784
2026-07-31,숙천초교입구,6472,1297,7769
2026-07-31,팔달역1,6990,778,7768
2026-07-31,본리초교네거리2,6616,1144,7760
2026-07-31,연경1공영주차장건너,5939,1817,7756
2026-07-31,남부교육지원청건너,6517,1236,7753
2026-07-31,비산초등학교건너,5890,1863,7753
2026-07-31,경북대학교 경상대학건너,2945,4807,7752
2026-07-31,다사농협주유소앞,7124,616,7740
2026-07-31,남구청네거리1,6025,1712,7737
2026-07-31,서재동화아이위시2차앞,6061,1675,7736
2026-07-31,건영캐스빌앞,5373,2354,7727
2026-07-31,신당동행정복지센터앞,7065,658,7723
2026-07-31,조달청건너,3306,4411,7717
2026-07-31,칠곡중학교앞(칠곡향교앞),7194,523,7717
2026-07-31,월광수변공원,6987,718,7705
2026-07-31,우방금탑아파트(서편),3468,4234,7702
2026-07-31,입석중학교앞,5017,2684,7701
2026-07-31,서재금봉타운,4885,2815,7700
2026-07-31,대산초등학교앞,6862,824,7686
2026-07-31,대구섬유박물관,6783,889,7672
2026-07-31,서구청소년수련관건너,5979,1691,7670
2026-07-31,복현푸르지오아파트앞,5822,1847,7669
2026-07-31,칠곡동화아파트건너,4956,2710,7666
2026-07-31,범물청구타운건너,1938,5710,7648
2026-07-31,북구선거관리위원회건너,6114,1515,7629
2026-07-31,대건고교-효성여고앞,6261,1363,7624
2026-07-31,성서주공1단지건너,6315,1299,7614
2026-07-31,토지주택공사건너,4371,3233,7604
2026-07-31,월배아이파크2차건너,6638,957,7595
2026-07-31,수성교2,4706,2888,7594
2026-07-31,계명대학교동산병원앞,3568,4017,7585
2026-07-31,두성파크아파트건너,5589,1989,7578
2026-07-31,수성못코오롱하늘채,5923,1653,7576
2026-07-31,성서주공5단지앞,5599,1966,7565
2026-07-31,황금힐스테이트,4587,2976,7563
2026-07-31,신천역(2번출구),5466,2085,7551
2026-07-31,유천교2,1197,6328,7525
2026-07-31,복현장미맨션앞,5151,2359,7510
2026-07-31,우방죽전타운앞1,5906,1583,7489
2026-07-31,이진캐스빌건너,7174,314,7488
2026-07-31,계명대역(4번출구),3455,4020,7475
2026-07-31,홈플러스동촌점앞,6041,1393,7434
2026-07-31,평광3차아파트,6649,776,7425
2026-07-31,기업은행대곡지점건너,1901,5515,7416
2026-07-31,뉴평리도서관건너,4033,3381,7414
2026-07-31,산림조합중앙회건너,2917,4490,7407
2026-07-31,죽전119안전센터건너,4801,2602,7403
2026-07-31,역전시장앞,5808,1590,7398
2026-07-31,송원맨션앞,5465,1929,7394
2026-07-31,북대구세무서앞,4754,2636,7390
2026-07-31,안심역(1번출구),6428,961,7389
2026-07-31,달성교육지원청-대구예아람학교앞,6844,535,7379
2026-07-31,교통연수원건너,6461,882,7343
2026-07-31,죽곡휴먼시아1단지앞,558,6782,7340
2026-07-31,동부고교앞,5806,1532,7338
2026-07-31,퀸스로드앞(동편),5685,1553,7238
2026-07-31,서도초등학교서편1,6082,1140,7222
2026-07-31,이현자동차검사소앞,6449,763,7212
2026-07-31,신천역(3번출구),5755,1449,7204
2026-07-31,두산동행정복지센터앞,6541,657,7198
2026-07-31,본리아카시아맨션,4484,2701,7185
2026-07-31,포산고등학교3,7116,53,7169
2026-07-31,지산청구타운건너,3543,3620,7163
2026-07-31,본리지구앞,6170,986,7156
2026-07-31,2.28기념중앙공원건너2,4807,2348,7155
2026-07-31,불로동고분군앞,4312,2827,7139
2026-07-31,반고개(내당역4번출구),2370,4768,7138
2026-07-31,지묘교2,7014,119,7133
2026-07-31,동원약품,5626,1494,7120
2026-07-31,LH10단지아파트건너,6057,1058,7115
2026-07-31,서대구역서한이다음더퍼스트,5268,1801,7069
2026-07-31,국가산단반도유보라3차건너,6999,64,7063
2026-07-31,이천치안센터건너,4212,2849,7061
2026-07-31,성서보성타운2차건너1,6199,857,7056
2026-07-31,교동시장앞,4828,2220,7048
2026-07-31,두류공원2.28자유광장앞,3919,3129,7048
2026-07-31,성서청구타운앞,5115,1929,7044
2026-07-31,다사농협세천지점건너,5685,1349,7034
2026-07-31,전자관,5550,1473,7023
2026-07-31,달성중학교건너,6110,909,7019
2026-07-31,구.남부정류장앞2,5181,1822,7003
2026-07-31,강북경찰서건너,3441,3544,6985
2026-07-31,대자연맨션건너,4499,2481,6980
2026-07-31,서부정류장역2(1번출구),4761,2215,6976
2026-07-31,봉덕2차화성파크드림,5911,1064,6975
2026-07-31,국우초등학교건너,6778,186,6964
2026-07-31,고성지구대2,4155,2784,6939
2026-07-31,무태새마을금고앞,6160,754,6914
2026-07-31,한국방송통신전파진흥원앞,4940,1950,6890
2026-07-31,수성구민운동장건너,4115,2768,6883
2026-07-31,율하근린공원건너,2127,4752,6879
2026-07-31,우방드림시티앞,4555,2279,6834
2026-07-31,도남LH2단지아파트앞,6296,537,6833
2026-07-31,안심중학교건너,2056,4769,6825
2026-07-31,우미린아파트앞,6480,345,6825
2026-07-31,대우트럼프월드수성앞,3117,3695,6812
2026-07-31,동서변그린빌건너,5516,1292,6808
2026-07-31,아양교4,4219,2584,6803
2026-07-31,청라언덕(신남)역(8번출구),5240,1559,6799
2026-07-31,남구종합스포츠타운앞,5869,928,6797
2026-07-31,신월초등학교앞,4377,2420,6797
2026-07-31,대봉2동행정복지센터건너,5977,801,6778
2026-07-31,대구IM뱅크PARK동편앞,5663,1102,6765
2026-07-31,혁신도시입구1,5690,1072,6762
2026-07-31,우방만촌하이츠앞,3523,3238,6761
2026-07-31,대평중학교앞,4733,2013,6746
2026-07-31,부영3단지,3490,3246,6736
2026-07-31,엘디스리젠트호텔건너,2555,4171,6726
2026-07-31,북구보건소건너,5320,1365,6685
2026-07-31,태왕아너스베스트앞,5903,777,6680
2026-07-31,새론초등학교건너,6148,528,6676
2026-07-31,상리동입구,1802,4861,6663
2026-07-31,서구제일사회복지관건너,1842,4820,6662
2026-07-31,서평초등학교,5677,982,6659
2026-07-31,팔공정보문화센터건너,1004,5647,6651
2026-07-31,대건고교-효성여고건너,5253,1389,6642
2026-07-31,신세계주유소건너,6189,453,6642
2026-07-31,대봉네거리1,5541,1082,6623
2026-07-31,성남초등학교앞,5931,687,6618
2026-07-31,상인삼미타운앞,5756,861,6617
2026-07-31,들안길초등학교건너,4950,1666,6616
2026-07-31,용산1동행정복지센터앞,3851,2757,6608
2026-07-31,각산푸르지오,4397,2198,6595
2026-07-31,연경뉴웰시티아파트앞,5581,980,6561
2026-07-31,호텔수성앞,5580,964,6544
2026-07-31,파계사(종점),5781,760,6541
2026-07-31,월성주공3단지,4386,2149,6535
2026-07-31,장기초록나라앞,4857,1675,6532
2026-07-31,태전두성타운건너,4726,1772,6498
2026-07-31,율하교동편2,4713,1778,6491
2026-07-31,성지중학교앞,3158,3324,6482
2026-07-31,덕화중학교앞,3698,2779,6477
2026-07-31,대신센트럴자이,5393,1076,6469
2026-07-31,홈플러스동촌점건너,3770,2697,6467
2026-07-31,방촌치안센터앞,4810,1643,6453
2026-07-31,한도아파트앞,6160,291,6451
2026-07-31,대구우편집중국앞,3805,2629,6434
2026-07-31,산격거평타운앞,3759,2631,6390
2026-07-31,내당코오롱아파트앞,5245,1129,6374
2026-07-31,무궁화어린이공원입구건너,3798,2570,6368
2026-07-31,CBS방송국앞,3605,2755,6360
2026-07-31,팔거역3,5077,1279,6356
2026-07-31,수성아트피아앞,4603,1748,6351
2026-07-31,칠곡3차화성타운2,5668,683,6351
2026-07-31,금호천년나무1단지동편,6257,92,6349
2026-07-31,대봉네거리2,2975,3371,6346
2026-07-31,성서우체국앞,4129,2216,6345
2026-07-31,공항시장앞,2955,3388,6343
2026-07-31,동부중학교앞,3217,3118,6335
2026-07-31,거동교1,4955,1377,6332
2026-07-31,대구향교건너,2536,3794,6330
2026-07-31,조야동(종점),6028,291,6319
2026-07-31,서대구공단네거리4,4433,1884,6317
2026-07-31,대구의료원라파엘웰빙센터,4528,1786,6314
2026-07-31,충혼탑건너,5954,356,6310
2026-07-31,지저동행정복지센터앞,3858,2451,6309
2026-07-31,삼익뉴타운건너,3897,2403,6300
2026-07-31,범물2동행정복지센터건너,5708,568,6276
2026-07-31,금봉네거리2,5084,1188,6272
2026-07-31,KT남대구지사건너2,4420,1834,6254
2026-07-31,강서소방서건너,687,5544,6231
2026-07-31,팔공산IC입구,705,5524,6229
2026-07-31,무궁화LPG충전소건너,3991,2235,6226
2026-07-31,인동촌시장건너,3799,2412,6211
2026-07-31,대구행복기숙사앞,3696,2513,6209
2026-07-31,봉덕시장건너1,3639,2570,6209
2026-07-31,죽전동 행정복지센터앞,3706,2496,6202
2026-07-31,팔달신시장2,4907,1288,6195
2026-07-31,대구칠곡초등학교앞,3454,2733,6187
2026-07-31,백자맨션앞,4060,2127,6187
2026-07-31,연경초등학교건너,5289,898,6187
2026-07-31,평광3차아파트건너,5286,899,6185
2026-07-31,성서4차산업단지앞2,4662,1503,6165
2026-07-31,시민교회건너,5695,469,6164
2026-07-31,월성자이앞,4581,1582,6163
2026-07-31,실내체육관건너,4354,1805,6159
2026-07-31,강북중학교앞,5996,160,6156
2026-07-31,대성베르힐4단지앞,6042,90,6132
2026-07-31,녹원맨션,5274,840,6114
2026-07-31,효목네거리1,5082,1030,6112
2026-07-31,신월초등학교건너,5169,939,6108
2026-07-31,아양아트센터앞,4510,1597,6107
2026-07-31,대림육교1,1275,4824,6099
2026-07-31,실내체육관앞,4840,1255,6095
2026-07-31,중리중학교,5509,583,6092
2026-07-31,강변동서마을앞,4105,1981,6086
2026-07-31,내당광명아파트,4346,1739,6085
2026-07-31,성당포스코더샵건너,3898,2186,6084
2026-07-31,범물하이츠앞,5839,242,6081
2026-07-31,동화사입구건너,6045,20,6065
2026-07-31,국립신암선열공원앞,4161,1860,6021
2026-07-31,학산공원1,3806,2212,6018
2026-07-31,서도초등학교앞,4932,1072,6004
2026-07-31,파동우체국앞,3208,2795,6003
2026-07-31,중석타운앞,5714,287,6001
2026-07-31,도남힐스테이트4단지건너,5040,959,5999
2026-07-31,산격4동행정복지센터앞,4992,1007,5999
2026-07-31,구암교1,4728,1268,5996
2026-07-31,팔공3차보성타운앞,5394,573,5967
2026-07-31,불로우방아파트건너,4170,1795,5965
2026-07-31,조일고등학교(종점),5412,529,5941
2026-07-31,현풍새마을금고,5221,676,5897
2026-07-31,방천리공영차고지,4506,1386,5892
2026-07-31,율원초등학교앞,5239,627,5866
2026-07-31,대명사회복지관앞,5282,567,5849
2026-07-31,불로봉무파출소,4403,1440,5843
2026-07-31,송정삼거리3,2924,2908,5832
2026-07-31,역전시장건너,4111,1715,5826
2026-07-31,청라국민체육센터앞,5025,801,5826
2026-07-31,두류공원2.28자유광장건너,3413,2400,5813
2026-07-31,성화여고앞,3706,2101,5807
2026-07-31,효목2동행정복지센터,4614,1193,5807
2026-07-31,가창농협건너,3519,2286,5805
2026-07-31,영남우방타운1차앞,5121,679,5800
2026-07-31,동부중학교건너,4997,798,5795
2026-07-31,팔공유치원앞,5279,513,5792
2026-07-31,태왕아너스복현건너,4572,1217,5789
2026-07-31,상인2동행정복지센터건너,5499,285,5784
2026-07-31,월성코오롱하늘채건너,3812,1966,5778
2026-07-31,대구농업마이스터고후문앞,4942,828,5770
2026-07-31,팔달역2,588,5170,5758
2026-07-31,각산역(1번출구),3897,1856,5753
2026-07-31,남대구IC2,4491,1258,5749
2026-07-31,태왕메트로시티앞,3739,2006,5745
2026-07-31,대원고등학교,3014,2729,5743
2026-07-31,송현제림타운앞,4621,1115,5736
2026-07-31,어린이세상앞,3832,1904,5736
2026-07-31,노원네거리2(오봉새마을금고건너),4867,866,5733
2026-07-31,금호서한이다음아파트앞,5099,624,5723
2026-07-31,태현초등학교앞,5623,96,5719
2026-07-31,서동초등학교앞,5178,539,5717
2026-07-31,동신초등학교앞,3587,2122,5709
2026-07-31,함지초등학교앞,5326,381,5707
2026-07-31,비산7동우체국건너,3177,2519,5696
2026-07-31,명문세가APT건너,4475,1204,5679
2026-07-31,검단유성아파트건너,3640,2037,5677
2026-07-31,지산현대주택건너,4255,1419,5674
2026-07-31,산격거평타운건너,2260,3411,5671
2026-07-31,방촌맨션앞,4182,1486,5668
2026-07-31,동화시설집단지구(종점)2(대구시민안전테마파크),5292,370,5662
2026-07-31,적십자혈액원건너,4593,1067,5660
2026-07-31,칠곡시장앞,3681,1978,5659
2026-07-31,북중학교앞,4331,1318,5649
2026-07-31,성서동서서한타운앞,5123,521,5644
2026-07-31,수성아트피아건너,3553,2072,5625
2026-07-31,한화꿈에그린건너1,3073,2542,5615
2026-07-31,대구국제공항건너,363,5250,5613
2026-07-31,호텔수성건너,4412,1194,5606
2026-07-31,새각단앞,5389,203,5592
2026-07-31,칠성시장(전자상가건너),5141,409,5550
2026-07-31,NH농협혁신도시지점앞,4910,629,5539
2026-07-31,황제맨션앞,4381,1154,5535
2026-07-31,어린이세상건너1,1784,3749,5533
2026-07-31,현풍경남은행앞,4716,817,5533
2026-07-31,대구교통공사건너,1718,3808,5526
2026-07-31,팔달중학교건너,5227,287,5514
2026-07-31,이곡1동행정복지센터앞,2534,2978,5512
2026-07-31,한샘교회,3800,1704,5504
2026-07-31,지산동서맨션건너,3717,1770,5487
2026-07-31,칠곡화성타운건너,5141,341,5482
2026-07-31,상인비둘기1단지아파트건너,4347,1125,5472
2026-07-31,비철금속협업단지앞,5094,377,5471
2026-07-31,장기먹거리촌앞,4173,1293,5466
2026-07-31,동대구동화아이위시아파트앞,4279,1178,5457
2026-07-31,한남중미용정보고등학교앞,4571,883,5454
2026-07-31,수성알파시티2,3222,2231,5453
2026-07-31,대백창신한라타운앞,3475,1964,5439
2026-07-31,아너스월성앞,4094,1341,5435
2026-07-31,율하남교2,3430,1998,5428
2026-07-31,화랑교1,1370,4050,5420
2026-07-31,구암역(운전면허시험장)1,4534,881,5415
2026-07-31,수성시니어클럽앞,4912,497,5409
2026-07-31,서도초등학교건너,3549,1856,5405
2026-07-31,모다아울렛앞,2314,3089,5403
2026-07-31,교대부설초등학교건너,4794,607,5401
2026-07-31,동구청역(4번출구),4409,988,5397
2026-07-31,달서에스케이뷰아파트(북편),5151,245,5396
2026-07-31,계명대대명캠퍼스후문건너,4173,1217,5390
2026-07-31,홈플러스칠곡점건너,4085,1304,5389
2026-07-31,영남네오빌건너,2325,3056,5381
2026-07-31,남부경찰서건너,2808,2568,5376
2026-07-31,대곡주공6단지앞,4348,1028,5376
2026-07-31,농수산물도매시장건너,4126,1248,5374
2026-07-31,동신초등학교건너,3822,1545,5367
2026-07-31,중흥S클래스앞,5273,81,5354
2026-07-31,서재동화아이위시2차건너,4008,1338,5346
2026-07-31,칠곡화성타운앞1,3212,2117,5329
2026-07-31,동서리치모아앞,3843,1481,5324
2026-07-31,보성산호타운앞,3158,2154,5312
2026-07-31,남부초등학교앞2,4013,1284,5297
2026-07-31,대구일마이스터고교건너,3078,2219,5297
2026-07-31,봉무초등학교건너,4770,521,5291
2026-07-31,연경초등학교앞,4503,786,5289
2026-07-31,황금초등학교앞,4917,369,5286
2026-07-31,만촌1동행정복지센터,3366,1917,5283
2026-07-31,봉무청구새들마을앞,4236,1046,5282
2026-07-31,현풍경남은행건너,4518,761,5279
2026-07-31,북구청네거리1,2646,2630,5276
2026-07-31,성명119안전센터건너1,2623,2653,5276
2026-07-31,팔거역4,3941,1329,5270
2026-07-31,동서교회앞,3099,2153,5252
2026-07-31,태전중앙시장건너,3185,2064,5249
2026-07-31,율하휴먼시아6단지건너,4162,1075,5237
2026-07-31,대산초등학교건너,2546,2686,5232
2026-07-31,율하휴먼시아5단지건너,2618,2598,5216
2026-07-31,장성초등학교건너,605,4602,5207
2026-07-31,다사고등학교앞,902,4293,5195
2026-07-31,대동시장1,4284,904,5188
2026-07-31,들안길네거리1,4749,431,5180
2026-07-31,거동교2,3589,1571,5160
2026-07-31,수성랜드1,4654,500,5154
2026-07-31,동아스포츠센터(지산초교앞),4863,272,5135
2026-07-31,본리네거리,3785,1350,5135
2026-07-31,서대구고속버스터미널,2913,2222,5135
2026-07-31,대구지방법원등기국앞,2491,2613,5104
2026-07-31,화원삼주타운건너,4658,438,5096
2026-07-31,대곡주공8단지건너,4357,735,5092
2026-07-31,사수초등학교건너,2748,2331,5079
2026-07-31,영조아파트3단지앞,5012,66,5078
2026-07-31,삼성명가타운,3276,1801,5077
2026-07-31,강변동서마을건너,4785,283,5068
2026-07-31,신매역(4번출구),3927,1137,5064
2026-07-31,평리중학교앞,4620,444,5064
2026-07-31,고성아파트건너,4671,392,5063
2026-07-31,안심중학교앞,3480,1568,5048
2026-07-31,복현성모약국앞,3737,1307,5044
2026-07-31,구암교2,3364,1678,5042
2026-07-31,도시철도수성구청역북편1,786,4243,5029
2026-07-31,옥포초등학교앞,4316,710,5026
2026-07-31,망우당공원앞,3096,1921,5017
2026-07-31,퀸스로드건너(동편),3971,1039,5010
2026-07-31,대구텍앞,3097,1912,5009
2026-07-31,옥포간경리1,3585,1421,5006
2026-07-31,이곡1동행정복지센터건너,4550,431,4981
2026-07-31,칠곡주공그린빌1단지건너,4598,379,4977
2026-07-31,대구보건대학교앞1,3773,1202,4975
2026-07-31,다사농협세천지점앞,4225,749,4974
2026-07-31,지묘교1,3450,1517,4967
2026-07-31,K-2입구,3929,1032,4961
2026-07-31,동서리치모아건너,3868,1091,4959
2026-07-31,삼성래미안2차앞,3256,1698,4954
2026-07-31,북성공구골목,2352,2594,4946
2026-07-31,고산골입구,4025,900,4925
2026-07-31,율금초등학교건너,4616,279,4895
2026-07-31,서대구공단네거리3,3565,1321,4886
2026-07-31,서구제일사회복지관앞,4039,840,4879
2026-07-31,한샘교회건너,2558,2315,4873
2026-07-31,모토닉,1730,3131,4861
2026-07-31,동서교회건너,4220,632,4852
2026-07-31,명곡미래빌2단지앞,4285,567,4852
2026-07-31,송현초등학교건너,3707,1134,4841
2026-07-31,대곡고등학교건너,3440,1400,4840
2026-07-31,칠곡그린빌5단지건너,4041,795,4836
2026-07-31,KT남대구지사앞2,2721,2108,4829
2026-07-31,대구북부소방서앞,2149,2679,4828
2026-07-31,더샵수성라크에르아파트건너,3152,1669,4821
2026-07-31,봉명네거리2,4424,386,4810
2026-07-31,남해오네뜨2차앞,3382,1427,4809
2026-07-31,매천중고등학교앞,3720,1084,4804
2026-07-31,효목시장(남편),4093,698,4791
2026-07-31,월배아이파크2차앞,1659,3122,4781
2026-07-31,상인동화아이위시아파트앞,2296,2465,4761
2026-07-31,침산남영타운앞,4041,718,4759
2026-07-31,상인초등학교앞,1040,3716,4756
2026-07-31,솔렌스힐건너,3636,1119,4755
2026-07-31,신서성당건너,3502,1249,4751
2026-07-31,비산7동우체국앞2,2412,2334,4746
2026-07-31,경기장네거리1,3482,1256,4738
2026-07-31,범물두성타운건너,4694,37,4731
2026-07-31,명곡미래빌3단지건너,2958,1772,4730
2026-07-31,관음변전소1,4442,285,4727
2026-07-31,도남힐스테이트3단지건너,1787,2934,4721
2026-07-31,만촌초등학교건너2,3938,783,4721
2026-07-31,명곡미래빌1단지,3994,724,4718
2026-07-31,율하휴먼시아9단지앞,4378,308,4686
2026-07-31,대구칠곡초등학교건너,3893,789,4682
2026-07-31,학남고등학교앞,3821,851,4672
2026-07-31,불교한방병원앞2,3639,996,4635
2026-07-31,서재동화아이위시앞,3068,1565,4633
2026-07-31,성서초등학교건너,4058,573,4631
2026-07-31,달성우신미가뷰건너,4607,19,4626
2026-07-31,메트로시티건너,4240,385,4625
2026-07-31,동부경찰서건너,2086,2530,4616
2026-07-31,계명대학교대명캠퍼스후문앞,3302,1308,4610
2026-07-31,대명9동행정복지센터건너,3746,855,4601
2026-07-31,팔공3차보성타운건너,3426,1163,4589
2026-07-31,적십자혈액원앞,3280,1301,4581
2026-07-31,대덕천주교회3,4359,213,4572
2026-07-31,대구시동인청사건너,2196,2374,4570
2026-07-31,신천3치안센터건너,2888,1677,4565
2026-07-31,한국섬유개발연구원앞,3818,736,4554
2026-07-31,서한이다음1차앞,4365,184,4549
2026-07-31,각산비나리공원앞,4162,383,4545
2026-07-31,동서아파트건너,3944,601,4545
2026-07-31,신천3동행정복지센터건너,3512,1024,4536
2026-07-31,흥사단 대구지부건너,3377,1159,4536
2026-07-31,팔공유치원건너,3723,812,4535
2026-07-31,고산농협창고앞,1200,3332,4532
2026-07-31,봉산육거리,3806,726,4532
2026-07-31,성지중학교건너,3637,878,4515
2026-07-31,동화골든빌(남편),585,3924,4509
2026-07-31,신암보성아파트건너,2758,1749,4507
2026-07-31,송현여중고교건너,3075,1422,4497
2026-07-31,이월드(구.우방랜드)후문건너,3101,1394,4495
2026-07-31,율하휴먼시아6단지앞,3881,599,4480
2026-07-31,안심주공1단지앞,3454,1024,4478
2026-07-31,방공포병학교건너,3365,1099,4464
2026-07-31,대구해올고교앞,3172,1261,4433
2026-07-31,수성못앞,3481,951,4432
2026-07-31,명곡리2,2745,1686,4431
2026-07-31,용산역,4133,280,4413
2026-07-31,성남초등학교건너,1872,2528,4400
2026-07-31,서재동화아이위시3차건너,3485,910,4395
2026-07-31,신성에스앤티건너,3442,952,4394
2026-07-31,경기장네거리2,3855,536,4391
2026-07-31,원대오거리북편1,1899,2492,4391
2026-07-31,서한이다음2차앞,3986,402,4388
2026-07-31,하나리움앞,1544,2823,4367
2026-07-31,북구청네거리2,3541,824,4365
2026-07-31,대원고등학교건너,2910,1432,4342
2026-07-31,침산중학교건너,3451,889,4340
2026-07-31,KT북대구지사앞,3895,432,4327
2026-07-31,평리1동행정복지센터앞,4042,284,4326
2026-07-31,앞산태왕아너스앞,4284,40,4324
2026-07-31,정호승문학관건너(구.신천시장),3545,769,4314
2026-07-31,동화골든빌(동편),2975,1332,4307
2026-07-31,수성시장건너,3648,654,4302
2026-07-31,경명여고앞,2818,1483,4301
2026-07-31,만촌초등학교건너1,3085,1210,4295
2026-07-31,수성고등학교건너,3498,794,4292
2026-07-31,비산웰빙하와이건너,3935,353,4288
2026-07-31,용계삼거리2,1835,2449,4284
2026-07-31,안지랑골입구건너,4130,148,4278
2026-07-31,대봉2동행정복지센터입구,2740,1535,4275
2026-07-31,상동천주교회앞,2320,1932,4252
2026-07-31,신서신일해피트리아파트,3330,910,4240
2026-07-31,수성고등학교앞,3077,1162,4239
2026-07-31,성산중학교앞,3873,365,4238
2026-07-31,성당시장앞1,3499,715,4214
2026-07-31,성서동서서한타운건너,3260,947,4207
2026-07-31,오성아파트,392,3813,4205
2026-07-31,만촌3차화성파크드림건너,3667,533,4200
2026-07-31,계명대역(1번출구),985,3210,4195
2026-07-31,시지대성유니드앞,3750,439,4189
2026-07-31,북동초등학교건너,2755,1426,4181
2026-07-31,오페라하우스앞,3054,1121,4175
2026-07-31,백사벌네거리2,2543,1617,4160
2026-07-31,새본리중학교앞,3767,387,4154
2026-07-31,칠곡2차영남타운앞,3429,725,4154
2026-07-31,동대구이안센트럴D아파트,2381,1763,4144
2026-07-31,율하남교1,773,3366,4139
2026-07-31,이월드(구.우방랜드)후문앞,2874,1263,4137
2026-07-31,매일신문사앞,3025,1080,4105
2026-07-31,신용보증기금앞,2192,1909,4101
2026-07-31,이곡장미공원앞,3578,521,4099
2026-07-31,대명사회복지관건너,2636,1461,4097
2026-07-31,서대구역네거리3,3403,691,4094
2026-07-31,서변동영남네오빌앞,3564,523,4087
2026-07-31,보훈병원앞,4049,33,4082
2026-07-31,상동네거리,2584,1498,4082
2026-07-31,태성맨션앞,2692,1386,4078
2026-07-31,무열대건너,2738,1334,4072
2026-07-31,달서초교,3573,495,4068
2026-07-31,문양역건너,2467,1587,4054
2026-07-31,동아스포츠센터(지산중학교앞),2487,1550,4037
2026-07-31,본리초교네거리1,2963,1068,4031
2026-07-31,강서소방서앞,3892,134,4026
2026-07-31,월배힐스테이트건너,3847,177,4024
2026-07-31,반야월역(4번출구)2,2726,1296,4022
2026-07-31,이안동대구아파트,3116,905,4021
2026-07-31,본리지구건너,3381,630,4011
2026-07-31,동부고교건너,2437,1559,3996
2026-07-31,우방신천지타운건너,2870,1121,3991
2026-07-31,소선여중건너,1586,2396,3982
2026-07-31,영남우방타운2차아파트,2955,1027,3982
2026-07-31,달서구새마을회건너,3724,249,3973
2026-07-31,대구비지니스센터앞,3103,869,3972
2026-07-31,황금2동치안센터앞,3555,411,3966
2026-07-31,성북시장건너,2739,1222,3961
2026-07-31,본리롯데캐슬,3535,399,3934
2026-07-31,성서푸른마을아파트앞2,2261,1673,3934
2026-07-31,청구시장북편건너,2942,992,3934
2026-07-31,서재문화체육센터건너,3335,598,3933
2026-07-31,대성베르힐4단지건너,1871,2050,3921
2026-07-31,송현여중고교앞,3269,635,3904
2026-07-31,성서주공1단지앞,2032,1868,3900
2026-07-31,한국섬유개발연구원건너,1818,2080,3898
2026-07-31,보성2차홍실타운앞,3032,864,3896
2026-07-31,본리네거리3,1747,2136,3883
2026-07-31,동대구초등학교앞,3337,543,3880
2026-07-31,이현지구대건너,2991,885,3876
2026-07-31,팔달중학교앞,3446,421,3867
2026-07-31,침산남영타운건너,2599,1261,3860
2026-07-31,불교한방병원건너2,3060,797,3857
2026-07-31,동문고등학교정문,3520,331,3851
2026-07-31,북동초등학교앞,3577,272,3849
2026-07-31,강동중·고등학교건너,3832,7,3839
2026-07-31,동서변월드메르디앙아파트,3338,501,3839
2026-07-31,화남초등학교앞,3317,520,3837
2026-07-31,상인은행아파트건너,2294,1538,3832
2026-07-31,중리롯데캐슬정문앞,3028,802,3830
2026-07-31,이편한세상두류역앞,3342,481,3823
2026-07-31,신생원앞,3778,44,3822
2026-07-31,제일풍경채앞,2352,1462,3814
2026-07-31,대구시동인청사앞,3286,520,3806
2026-07-31,수성더팰리스푸르지오더샵아파트건너,1774,2025,3799
2026-07-31,성서우체국건너,2306,1483,3789
2026-07-31,대구반도체마이스터고등학교 건너,895,2893,3788
2026-07-31,대구비지니스센터건너,3006,771,3777
2026-07-31,칠곡청구타운앞,3495,281,3776
2026-07-31,가창초등학교건너,3321,446,3767
2026-07-31,상중이동행정복지센터건너,2354,1399,3753
2026-07-31,두산동행정복지센터건너,2085,1664,3749
2026-07-31,경상여자고등학교건너,2893,855,3748
2026-07-31,이시아폴리스더샵1단지,3579,159,3738
2026-07-31,남도버스2,2784,952,3736
2026-07-31,만촌태왕리더스앞2,3252,481,3733
2026-07-31,수목원풍경그린아파트앞,3640,92,3732
2026-07-31,영남우방타운1차건너,3329,403,3732
2026-07-31,LH10단지아파트앞,2332,1392,3724
2026-07-31,구암초등학교앞,3510,198,3708
2026-07-31,수성못건너,2382,1326,3708
2026-07-31,파군재삼거리1,1034,2666,3700
2026-07-31,대구역서희스타힐스건너,2288,1411,3699
2026-07-31,만촌초등학교앞,2666,1032,3698
2026-07-31,고성아파트건너(서편),1022,2674,3696
2026-07-31,화성파크뷰앞,889,2802,3691
2026-07-31,학정청아람앞,1924,1759,3683
2026-07-31,침산동화타운건너,3536,137,3673
2026-07-31,보성2차홍실타운건너,2908,757,3665
2026-07-31,앞산힐스테이트,2752,910,3662
2026-07-31,한국패션센터,3445,215,3660
2026-07-31,이곡장미공원건너,2404,1254,3658
2026-07-31,율원중학교건너,3436,217,3653
2026-07-31,종로초등학교앞,2269,1382,3651
2026-07-31,중리시장건너2,985,2666,3651
2026-07-31,동호육교1,1261,2383,3644
2026-07-31,연경우방아이유쉘앞,2942,699,3641
2026-07-31,전기안전공사앞,2938,699,3637
2026-07-31,수성태영데시앙앞,3002,634,3636
2026-07-31,달구벌종합복지관건너,3279,349,3628
2026-07-31,고성지구대1,2375,1242,3617
2026-07-31,평리중학교건너,2337,1276,3613
2026-07-31,노원네거리1(오봉새마을금고앞),2749,862,3611
2026-07-31,건들바위건너,2600,1010,3610
2026-07-31,오페라하우스건너,2904,695,3599
2026-07-31,매천성당앞,3103,493,3596
2026-07-31,상인청구타운건너,3350,245,3595
2026-07-31,연경뉴웰시티아파트건너,2834,761,3595
2026-07-31,대구경찰청,2761,827,3588
2026-07-31,대구중학교건너,2144,1443,3587
2026-07-31,상인한서타운앞,2907,679,3586
2026-07-31,복현오거리3,2709,876,3585
2026-07-31,화성쌍용타운앞1,2486,1080,3566
2026-07-31,효목네거리2,1309,2234,3543
2026-07-31,팔레스호텔앞2,1592,1942,3534
2026-07-31,각산비나리공원건너,2825,702,3527
2026-07-31,대구연경아이파크아파트건너,3023,504,3527
2026-07-31,2차대자연맨션건너,1665,1861,3526
2026-07-31,칠성꽃도매시장건너,2178,1343,3521
2026-07-31,퀸스로드앞,2191,1328,3519
2026-07-31,수성도서관앞2,2449,1066,3515
2026-07-31,대명6동행정복지센터앞,3081,424,3505
2026-07-31,상인제림아파트앞,1593,1912,3505
2026-07-31,율하고가교1,2373,1127,3500
2026-07-31,한국도로공사앞,3434,64,3498
2026-07-31,첨단임상시험센터건너,3089,407,3496
2026-07-31,들안길네거리4,2609,876,3485
2026-07-31,율원초등학교건너,585,2900,3485
2026-07-31,매호1교앞,2751,733,3484
2026-07-31,룸비니유치원건너,3082,401,3483
2026-07-31,본리도서관앞,1514,1964,3478
2026-07-31,국민은행3공단지점건너,2390,1084,3474
2026-07-31,수성알파시티1,2268,1204,3472
2026-07-31,공산동행정복지센터앞,3333,138,3471
2026-07-31,상화네거리,354,3104,3458
2026-07-31,양지마을앞,2926,523,3449
2026-07-31,만촌역(1번출구),1907,1532,3439
2026-07-31,대구고용노동청앞,2045,1391,3436
2026-07-31,연암네거리2,2922,511,3433
2026-07-31,금포초등학교,2831,596,3427
2026-07-31,칠곡부영1단지,1916,1509,3425
2026-07-31,동침산네거리,1351,2072,3423
2026-07-31,성서119안전센터건너,237,3186,3423
2026-07-31,옥포농협강림지점앞,2991,430,3421
2026-07-31,대구한의대학교부속한방병원앞,3151,268,3419
2026-07-31,대곡공원건너,2808,610,3418
2026-07-31,정호승문학관앞(구.신천시장),2502,914,3416
2026-07-31,칠곡3차화성타운1,3102,305,3407
2026-07-31,대봉1동행정복지센터앞,2089,1315,3404
2026-07-31,중부소방서건너,1951,1452,3403
2026-07-31,동촌지구대건너,3053,344,3397
2026-07-31,더샵달서센트럴아파트앞,634,2758,3392
2026-07-31,칠성꽃도매시장앞,1965,1425,3390
2026-07-31,달성군보건소,3045,344,3389
2026-07-31,동일초등학교건너,2648,734,3382
2026-07-31,검단동대구축협앞,3355,25,3380
2026-07-31,덕원고등학교건너,2920,460,3380
2026-07-31,혁신도시입구2,1694,1686,3380
2026-07-31,경운초등학교앞,2871,507,3378
2026-07-31,무궁화어린이공원입구,2591,783,3374
2026-07-31,대구테크노초등학교앞,894,2478,3372
2026-07-31,남부자동차종합시장건너,2359,1010,3369
2026-07-31,수성태영데시앙건너,2341,1023,3364
2026-07-31,연호동화훼단지2,2413,951,3364
2026-07-31,우방죽전타운앞2,2755,601,3356
2026-07-31,중동네거리,1188,2168,3356
2026-07-31,진천청구타운건너,1952,1402,3354
2026-07-31,칠곡우방타운앞(종점),3008,346,3354
2026-07-31,매천초교(매천역)2,2929,419,3348
2026-07-31,반고개역(3번출구),2100,1243,3343
2026-07-31,칠곡그린빌3차앞,2017,1320,3337
2026-07-31,대덕천주교회2,2906,426,3332
2026-07-31,조달청앞,2309,1017,3326
2026-07-31,위남마을,3162,162,3324
2026-07-31,신성에스앤티앞,2467,854,3321
2026-07-31,매천역1,1596,1711,3307
2026-07-31,대구은행역(3번출구),2782,518,3300
2026-07-31,망우당공원건너,1059,2241,3300
2026-07-31,황금초등학교건너,1917,1383,3300
2026-07-31,팔공초중학교앞,3087,210,3297
2026-07-31,만촌태왕리더스건너(남편),792,2497,3289
2026-07-31,대덕마을건너,495,2774,3269
2026-07-31,중앙일보앞,3038,224,3262
2026-07-31,도곡교1,343,2915,3258
2026-07-31,동대구역수화물취급소앞,1033,2217,3250
2026-07-31,대구경북지방병무청,2262,987,3249
2026-07-31,시립희망원,2178,1067,3245
2026-07-31,남명삼거리1,2805,435,3240
2026-07-31,명곡미래빌2단지건너,2813,423,3236
2026-07-31,보성서한타운앞,2881,344,3225
2026-07-31,칠곡대백맨션건너,3106,110,3216
2026-07-31,연경금성백조예미지앞,2248,958,3206
2026-07-31,베네딕도수녀원건너,3081,121,3202
2026-07-31,서대구공단네거리2,1262,1937,3199
2026-07-31,숙천초교입구건너,2162,1036,3198
2026-07-31,율하롯데캐슬탑클래스건너,1762,1431,3193
2026-07-31,퀸스로드건너,2186,996,3182
2026-07-31,칠곡주공그린빌1단지앞,2226,954,3180
2026-07-31,신천교2,2578,592,3170
2026-07-31,옥포무지개마을,3047,123,3170
2026-07-31,노곡동,3148,19,3167
2026-07-31,보성은하타운앞,3046,121,3167
2026-07-31,율하휴먼시아8단지앞,2373,786,3159
2026-07-31,강창교1(성서방향),2817,339,3156
2026-07-31,신천교1,1906,1246,3152
2026-07-31,백안삼거리2,3062,84,3146
2026-07-31,사월보성2차앞,2681,456,3137
2026-07-31,성원아파트앞,2550,583,3133
2026-07-31,달서아트센터건너,2684,442,3126
2026-07-31,동원중학교,2563,554,3117
2026-07-31,고산농협창고건너,2666,443,3109
2026-07-31,서부정류장역북편2,2647,461,3108
2026-07-31,대성유니드앞,2954,145,3099
2026-07-31,한국건강관리협회건너,2179,914,3093
2026-07-31,전기안전공사건너,1448,1642,3090
2026-07-31,칠곡그린빌6단지건너,1997,1093,3090
2026-07-31,노원119안전센터앞,2136,950,3086
2026-07-31,수성알파시티청아람앞,2153,926,3079
2026-07-31,칠곡초등학교앞,3009,68,3077
2026-07-31,무태새마을금고건너,1938,1136,3074
2026-07-31,함지초등학교건너,2183,891,3074
2026-07-31,대구은행북비산지점건너2,1738,1334,3072
2026-07-31,달성교육지원청-대구예아람학교건너,2268,795,3063
2026-07-31,한국로봇산업진흥원앞,1840,1221,3061
2026-07-31,대구향교앞,1837,1220,3057
2026-07-31,동원초등학교남편,2435,614,3049
2026-07-31,앞산별자리체험학습장1,2963,85,3048
2026-07-31,국민은행3공단지점앞,2387,660,3047
2026-07-31,대륜중고등학교앞,2336,710,3046
2026-07-31,대명6동행정복지센터건너,2454,592,3046
2026-07-31,와룡시장건너,2702,340,3042
2026-07-31,근로복지공단대구병원건너,542,2496,3038
2026-07-31,방공포병학교앞,1671,1367,3038
2026-07-31,노원동화타운앞,2223,812,3035
2026-07-31,칠곡한신아파트앞2,2688,346,3034
2026-07-31,대구혁신에듀포레아파트건너,2646,385,3031
2026-07-31,방촌치안센터건너,1221,1805,3026
2026-07-31,경덕여고,1986,1036,3022
2026-07-31,한샘청동공원건너,1876,1141,3017
2026-07-31,보병50사단앞,2629,386,3015
2026-07-31,칠곡화성타운앞2,2072,942,3014
2026-07-31,동원초등학교앞,2047,965,3012
2026-07-31,신세계주유소앞,1169,1843,3012
2026-07-31,학남고등학교건너,2491,519,3010
2026-07-31,남구종합스포츠타운건너,2168,836,3004
2026-07-31,이시아폴리스롯데아울렛앞,1375,1624,2999
2026-07-31,연경천년나무1단지앞,2878,113,2991
2026-07-31,대구보건대학교건너1,2501,488,2989
2026-07-31,매천대교3,333,2654,2987
2026-07-31,노원네거리(대구은행앞),2723,262,2985
2026-07-31,고산정수사업소건너,2448,524,2972
2026-07-31,달성군민운동장앞,2355,614,2969
2026-07-31,한국산업단지공단앞,2660,309,2969
2026-07-31,황금시장앞,2819,145,2964
2026-07-31,인터불고호텔건너,2774,187,2961
2026-07-31,새범어아파트앞,2420,540,2960
2026-07-31,한국로봇산업진흥원건너,2154,801,2955
2026-07-31,설화명곡역우방아이유쉘앞,1627,1317,2944
2026-07-31,수성랜드2,1014,1930,2944
2026-07-31,달성화성파크드림앞,1418,1522,2940
2026-07-31,화원시장건너,2785,148,2933
2026-07-31,평리3동행정복지센터건너,2602,329,2931
2026-07-31,상인제림아파트건너,2345,563,2908
2026-07-31,동서아파트앞,2381,523,2904
2026-07-31,노원네거리3(기업은행),2805,88,2893
2026-07-31,상리공단,2283,608,2891
2026-07-31,옥포초등학교건너,2273,617,2890
2026-07-31,월촌초등학교앞,2236,653,2889
2026-07-31,칠곡3차보성타운앞,2851,35,2886
2026-07-31,삼호아파트앞,1636,1243,2879
2026-07-31,청백다례원,1946,933,2879
2026-07-31,상수도중남부사업소건너,1785,1083,2868
2026-07-31,강북소방서건너,1199,1668,2867
2026-07-31,여성메디파크,919,1943,2862
2026-07-31,상동가압장건너,2424,437,2861
2026-07-31,덕원고등학교앞,1732,1114,2846
2026-07-31,서부고등학교건너,2262,579,2841
2026-07-31,진월초등학교앞,1522,1317,2839
2026-07-31,동촌해성아파트앞,1258,1579,2837
2026-07-31,구암가구골목1,1810,1025,2835
2026-07-31,대구스타디움건너,2128,703,2831
2026-07-31,동인네거리2,1130,1698,2828
2026-07-31,서부정류장(우리은행),1608,1219,2827
2026-07-31,시민교회앞,1638,1183,2821
2026-07-31,서부정류장역북편1,1550,1270,2820
2026-07-31,신당동행정복지센터건너,1563,1256,2819
2026-07-31,수성소방서2,886,1926,2812
2026-07-31,각산역(2번출구),300,2502,2802
2026-07-31,율원중학교앞,2232,569,2801
2026-07-31,대청초등학교건너,472,2325,2797
2026-07-31,명곡미래빌5단지건너,2097,700,2797
2026-07-31,덕원고등학교앞2,2641,144,2785
2026-07-31,금복주건너,1976,807,2783
2026-07-31,신매역(7번출구),2197,585,2782
2026-07-31,용계삼거리3,1852,929,2781
2026-07-31,만촌화성파크스위트건너,2677,102,2779
2026-07-31,군위버스터미널앞,2760,18,2778
2026-07-31,공산초등학교앞,2724,53,2777
2026-07-31,대명9동행정복지센터앞,1827,950,2777
2026-07-31,현풍중고등학교,2454,316,2770
2026-07-31,새론중학교앞,2500,262,2762
2026-07-31,영남네오빌앞,1843,916,2759
2026-07-31,양지마을건너,1894,861,2755
2026-07-31,침산쌍용예가아파트앞,1949,802,2751
2026-07-31,동대구초등학교건너,2012,736,2748
2026-07-31,성서국민체육센터앞,1923,822,2745
2026-07-31,청라국민체육센터건너,1935,800,2735
2026-07-31,월배국민체육센터앞,2560,172,2732
2026-07-31,칠성시장(전자상가앞),1706,1022,2728
2026-07-31,경서중학교건너,2639,83,2722
2026-07-31,율하선수촌2단지앞,2511,204,2715
2026-07-31,달구벌신협앞,2199,509,2708
2026-07-31,칠곡중학교건너(칠곡향교건너),892,1814,2706
2026-07-31,화성센트럴파크,1766,940,2706
2026-07-31,롯데캐슬그랜드,1404,1301,2705
2026-07-31,현충삼거리2,2540,165,2705
2026-07-31,화원시장앞,1678,1017,2695
2026-07-31,청라언덕(신남)역(2번출구),1766,925,2691
2026-07-31,달성군민운동장건너,2331,354,2685
2026-07-31,상서고등학교건너,2322,360,2682
2026-07-31,중동교2,1900,781,2681
2026-07-31,서부고등학교앞,2439,238,2677
2026-07-31,중리시장건너1,1965,705,2670
2026-07-31,진천역AK그랑폴리스아파트앞,2608,62,2670
2026-07-31,달서시장건너,2259,408,2667
2026-07-31,금복주앞,1920,742,2662
2026-07-31,성광고등학교앞,789,1862,2651
2026-07-31,앞산보성타운앞,2620,27,2647
2026-07-31,유통단지회차지,2197,439,2636
2026-07-31,상수도사업본부시설관리소앞,1334,1298,2632
2026-07-31,태왕그린힐즈앞2,2593,31,2624
2026-07-31,솔렌스힐앞,1844,773,2617
2026-07-31,평리6동행정복지센터건너,1779,838,2617
2026-07-31,대봉1동행정복지센터건너,2201,408,2609
2026-07-31,진월초등학교건너,1872,718,2590
2026-07-31,덕인초등학교건너,1833,751,2584
2026-07-31,월배중학교건너,1499,1084,2583
2026-07-31,동원비즈플랫폼앞,2225,352,2577
2026-07-31,성서보성타운2차건너2,2342,233,2575
2026-07-31,유천동행정복지센터건너,2049,525,2574
2026-07-31,지산우방아파트,2132,441,2573
2026-07-31,황금2동치안센터건너,1334,1235,2569
2026-07-31,상리동종점3,2247,316,2563
2026-07-31,칠곡한라타운건너,2450,111,2561
2026-07-31,달구벌종합복지관앞,2211,349,2560
2026-07-31,새범어아파트건너,1974,578,2552
2026-07-31,대구과학대학교앞,2157,389,2546
2026-07-31,노변중학교건너,1945,600,2545
2026-07-31,청구시장북편,1737,804,2541
2026-07-31,강북중학교건너,1029,1506,2535
2026-07-31,장성초등학교앞,698,1835,2533
2026-07-31,송현2동행정복지센터앞,529,2003,2532
2026-07-31,삼성물류센터앞,77,2454,2531
2026-07-31,서재들건너,363,2156,2519
2026-07-31,농협중앙회중동지점건너,2361,156,2517
2026-07-31,화원신일해피트리앞,1698,815,2513
2026-07-31,동촌유원지,1540,968,2508
2026-07-31,옥포농협건너,2241,262,2503
2026-07-31,대덕초등학교,2381,118,2499
2026-07-31,명곡미래빌5단지앞,1795,704,2499
2026-07-31,연경천년나무1단지건너,2110,385,2495
2026-07-31,보병50사단건너,1468,1025,2493
2026-07-31,상인청구타운앞,1754,737,2491
2026-07-31,중앙일보건너,1234,1251,2485
2026-07-31,옥포미진이지비아,2314,169,2483
2026-07-31,산림조합중앙회앞,1550,928,2478
2026-07-31,대구과학대학교건너,1999,475,2474
2026-07-31,산격4동행정복지센터건너,2212,260,2472
2026-07-31,화원농협주유소건너,1619,851,2470
2026-07-31,가창중학교건너,2450,17,2467
2026-07-31,경명여고건너,1983,478,2461
2026-07-31,대구스마트고등학교건너,1741,719,2460
2026-07-31,월배농협대덕지점건너,1649,808,2457
2026-07-31,칠곡경북대병원,2077,380,2457
2026-07-31,대실역청아람1단지앞,2141,312,2453
2026-07-31,이마트반야월점앞,1882,565,2447
2026-07-31,대구미술관(대구간송미술관)앞,1567,877,2444
2026-07-31,두류3동파출소건너,2006,437,2443
2026-07-31,서구문화회관건너,1245,1187,2432
2026-07-31,이곡양수장앞,256,2175,2431
2026-07-31,구지면행정복지센터건너,2275,155,2430
2026-07-31,부영5단지,2066,362,2428
2026-07-31,이진캐스빌앞,1486,933,2419
2026-07-31,칠곡한신아파트건너,1976,439,2415
2026-07-31,명산교(화성명산타운건너),2198,213,2411
2026-07-31,심인고등학교건너,2085,323,2408
2026-07-31,동화골든빌건너(남편),1338,1069,2407
2026-07-31,안심주공2단지앞,167,2238,2405
2026-07-31,신암보성아파트앞,1105,1297,2402
2026-07-31,범어2동1,634,1766,2400
2026-07-31,칠곡그린빌6단지앞,2098,296,2394
2026-07-31,명곡미래빌3단지앞,2316,77,2393
2026-07-31,지산영남맨션앞,1534,859,2393
2026-07-31,대주기계앞,2286,95,2381
2026-07-31,새론중학교건너,1475,905,2380
2026-07-31,학산아파트앞,1635,745,2380
2026-07-31,대구미술관(대구간송미술관)건너,1197,1182,2379
2026-07-31,상동교2,1715,661,2376
2026-07-31,서한이다음4차건너,2191,183,2374
2026-07-31,경운초등학교건너,1593,780,2373
2026-07-31,대구중앙중학교건너,2314,59,2373
2026-07-31,월배차량기지앞,2132,236,2368
2026-07-31,새방지하도2,2083,280,2363
2026-07-31,평리광명맨션앞,810,1550,2360
2026-07-31,서대구KTX영무예다음앞,831,1524,2355
2026-07-31,새방지하도1,2036,316,2352
2026-07-31,금호천년나무1단지동편건너,98,2245,2343
2026-07-31,한국산업은행성서지점앞,2277,65,2342
2026-07-31,영남네오빌비스타,749,1590,2339
2026-07-31,대구스타디움앞,1427,910,2337
2026-07-31,대천119안전센터건너,2176,157,2333
2026-07-31,도시철도수성구청역북편2,2080,250,2330
2026-07-31,수목원풍경그린아파트건너,711,1616,2327
2026-07-31,월배쌍용예가건너,2194,130,2324
2026-07-31,미8군후문건너,1538,785,2323
2026-07-31,도곡교2,2271,51,2322
2026-07-31,송정삼거리4,1570,752,2322
2026-07-31,대구경찰청건너,680,1638,2318
2026-07-31,성서우방유쉘아파트앞,1609,696,2305
2026-07-31,은하타운건너,887,1410,2297
2026-07-31,나불지앞,1462,834,2296
2026-07-31,봉덕2동새마을금고건너,1496,794,2290
2026-07-31,비산6동행정복지센터건너,748,1536,2284
2026-07-31,평리5동행정복지센터건너,734,1545,2279
2026-07-31,유신섬유네거리2,2130,145,2275
2026-07-31,한국산업은행성서지점건너,488,1779,2267
2026-07-31,푸드웰건너,2227,38,2265
2026-07-31,그린빌4단지,856,1408,2264
2026-07-31,연암네거리3,100,2159,2259
2026-07-31,서재보성타운앞,1661,595,2256
2026-07-31,만촌1동 느지안전마을,948,1303,2251
2026-07-31,유림물산,1758,492,2250
2026-07-31,구지119안전센터건너,1944,302,2246
2026-07-31,대덕문화전당건너,2076,139,2215
2026-07-31,매천시장지하차도,1148,1063,2211
2026-07-31,새론초등학교앞,1315,892,2207
2026-07-31,건들바위앞,948,1258,2206
2026-07-31,수성구선거관리위원회건너,1531,674,2205
2026-07-31,송현2동행정복지센터건너,1692,504,2196
2026-07-31,금호서한이다음아파트건너,1892,303,2195
2026-07-31,교항리앞,1026,1164,2190
2026-07-31,금계초등학교(교항리)건너,2168,15,2183
2026-07-31,도남힐스테이트2단지건너,2083,98,2181
2026-07-31,들안길네거리3,1113,1068,2181
2026-07-31,서동초등학교건너,1905,268,2173
2026-07-31,신평동1,638,1532,2170
2026-07-31,신매역(3번출구),794,1374,2168
2026-07-31,화원유원지(사문진주막촌),2034,127,2161
2026-07-31,혁신이노힐즈아파트앞,2055,103,2158
2026-07-31,노변중학교,1617,533,2150
2026-07-31,무태조야동행정복지센터앞3,1599,551,2150
2026-07-31,농산물도매시장앞,1906,241,2147
2026-07-31,이편한세상두류역건너,1563,579,2142
2026-07-31,두류공원(야외음악당건너),1763,377,2140
2026-07-31,매천성당건너1,1750,381,2131
2026-07-31,들안길네거리2,939,1191,2130
2026-07-31,월배중학교앞,1010,1120,2130
2026-07-31,유니온머티리얼,1957,166,2123
2026-07-31,나불지건너,1835,281,2116
2026-07-31,성원아파트건너,1766,350,2116
2026-07-31,구암역(운전면허시험장)2,1444,669,2113
2026-07-31,현풍고속도로밑,2012,99,2111
2026-07-31,월촌초등학교건너,1154,955,2109
2026-07-31,동원초등학교후문건너,1741,365,2106
2026-07-31,백사벌네거리1,2071,25,2096
2026-07-31,원불교앞,992,1103,2095
2026-07-31,동대구역수화물취급소건너,1711,376,2087
2026-07-31,매천고교,1883,201,2084
2026-07-31,상동시장앞,1541,542,2083
2026-07-31,룸비니유치원앞,1394,685,2079
2026-07-31,만촌우방1차앞,700,1375,2075
2026-07-31,대구스마트고등학교4,2017,54,2071
2026-07-31,구암초등학교건너,1681,386,2067
2026-07-31,효목1동행정복지센터,1138,922,2060
2026-07-31,장기초등학교,1508,545,2053
2026-07-31,관음농협앞,1810,235,2045
2026-07-31,무태조야동연경분소2,1517,525,2042
2026-07-31,매천센트럴파크앞,1797,236,2033
2026-07-31,동원초등학교후문앞,874,1158,2032
2026-07-31,가창초등학교앞,1929,101,2030
2026-07-31,대구연경아이파크아파트앞,1199,826,2025
2026-07-31,인터불고호텔앞,1419,605,2024
2026-07-31,한마음주유소앞,1603,411,2014
2026-07-31,남부도서관앞,702,1307,2009
2026-07-31,대곡주공5단지건너,1853,156,2009
2026-07-31,대구삼성창조캠퍼스2,713,1293,2006
2026-07-31,칠곡네스빌,1660,344,2004
2026-07-31,칠곡경북대병원정문앞,1455,545,2000
2026-07-31,현대금속,1056,942,1998
2026-07-31,국민연금네거리2,1724,273,1997
2026-07-31,신암건영캐스빌아파트,1836,155,1991
2026-07-31,비산웰빙하와이앞,1768,221,1989
2026-07-31,충혼탑앞,536,1452,1988
2026-07-31,중소기업관앞,1832,155,1987
2026-07-31,정평성당건너,1747,236,1983
2026-07-31,현풍할매곰탕,1675,308,1983
2026-07-31,새동네아파트앞,626,1350,1976
2026-07-31,수목원호정포레스트아파트앞,566,1405,1971
2026-07-31,두류공원(야외음악당앞),1386,582,1968
2026-07-31,두산스포츠건너,1637,331,1968
2026-07-31,매천성당건너2,1456,512,1968
2026-07-31,동호동건너(북구),700,1267,1967
2026-07-31,대구IM뱅크PARK남편앞,1560,398,1958
2026-07-31,호반베르디움2차건너,1922,27,1949
2026-07-31,현풍농협,1702,244,1946
2026-07-31,그린빌4단지건너,1790,150,1940
2026-07-31,대구보건대학교앞2,766,1169,1935
2026-07-31,남도버스1,1895,39,1934
2026-07-31,역사테마공원,1912,22,1934
2026-07-31,파군재삼거리2,386,1548,1934
2026-07-31,메트로시티앞,1505,428,1933
2026-07-31,대덕천주교회4,432,1497,1929
2026-07-31,북대구초등학교건너,1805,120,1925
2026-07-31,미곡동2,1859,59,1918
2026-07-31,화남초등학교건너,1303,610,1913
2026-07-31,미래아트빌앞,979,933,1912
2026-07-31,평리네거리3,1115,795,1910
2026-07-31,대구IM뱅크PARK남편건너,1417,492,1909
2026-07-31,금사리하이빌APT건너,1709,199,1908
2026-07-31,팔공보성아파트건너,1201,707,1908
2026-07-31,범어2동2,1564,342,1906
2026-07-31,두류3동파출소앞,1372,532,1904
2026-07-31,월성영남맨션앞,1406,497,1903
2026-07-31,은행APT입구,601,1301,1902
2026-07-31,달서시장앞,1324,576,1900
2026-07-31,대명중학교앞,1750,148,1898
2026-07-31,명보약국건너,1569,325,1894
2026-07-31,LH14단지아파트,1564,326,1890
2026-07-31,고성아파트앞,1415,474,1889
2026-07-31,신성교,343,1545,1888
2026-07-31,옥포농협강림지점건너,982,905,1887
2026-07-31,명곡미래빌4단지,1803,82,1885
2026-07-31,태왕그린힐즈건너,844,1041,1885
2026-07-31,화동초등학교건너,1469,415,1884
2026-07-31,장관빌라건너,1757,126,1883
2026-07-31,경희강재앞,1725,142,1867
2026-07-31,범어천로2,1042,823,1865
2026-07-31,수성구선거관리위원회앞,1563,293,1856
2026-07-31,동원초등학교건너,969,878,1847
2026-07-31,와룡공원건너,728,1118,1846
2026-07-31,베네딕도수녀원,767,1074,1841
2026-07-31,다사농협주유소건너,106,1733,1839
2026-07-31,법원어린이집,699,1140,1839
2026-07-31,봉촌1리1,1822,11,1833
2026-07-31,이현지구대앞,1082,750,1832
2026-07-31,미대동1,1748,83,1831
2026-07-31,한마음주유소건너,1374,451,1825
2026-07-31,동인네거리1,1248,576,1824
2026-07-31,월배이안아파트건너,1703,113,1816
2026-07-31,한국방송통신대학교건너,1315,495,1810
2026-07-31,냉천전원음식점지구,1659,150,1809
2026-07-31,범어천로1,1352,457,1809
2026-07-31,무태조야동연경분소1,1562,239,1801
2026-07-31,동대구역센트럴시티자이아파트,1475,324,1799
2026-07-31,남명삼거리2,1261,537,1798
2026-07-31,월드컵삼거리,928,868,1796
2026-07-31,남구청건너1,1668,126,1794
2026-07-31,동화교2,1780,13,1793
2026-07-31,칠곡서한맨션,1627,166,1793
2026-07-31,달서자동차검사소건너,286,1490,1776
2026-07-31,이월드(구.우방랜드)건너,1403,373,1776
2026-07-31,대구물류터미널앞,1544,229,1773
2026-07-31,성명119안전센터앞,1484,285,1769
2026-07-31,대구선방촌공원,1616,150,1766
2026-07-31,달성보건너,1393,372,1765
2026-07-31,매곡초등학교건너,1253,508,1761
2026-07-31,중동행정복지센터건너,1386,364,1750
2026-07-31,담티고개1,649,1095,1744
2026-07-31,경북크랑크,1642,100,1742
2026-07-31,대구혁신에듀포레아파트후문앞,852,886,1738
2026-07-31,한라하우젠트,477,1261,1738
2026-07-31,사복동입구교차로,1469,264,1733
2026-07-31,성곡중학교건너,812,916,1728
2026-07-31,복현현대맨션건너,1532,193,1725
2026-07-31,성명119안전센터건너2,1270,454,1724
2026-07-31,연경동화아이위시앞,171,1550,1721
2026-07-31,만촌태왕리더스북편,1000,716,1716
2026-07-31,달성경찰서,1378,335,1713
2026-07-31,대구삼성창조캠퍼스1,1290,423,1713
2026-07-31,수성4가동행정복지센터앞,1031,674,1705
2026-07-31,수성랜드앞,710,991,1701
2026-07-31,경대교앞,380,1318,1698
2026-07-31,대덕천주교회1,1202,489,1691
2026-07-31,만촌화성파크스위트앞,1137,553,1690
2026-07-31,구암가구골목2,1174,515,1689
2026-07-31,논공삼거리1,1585,102,1687
2026-07-31,군위등기소,1612,72,1684
2026-07-31,희망교2,1285,397,1682
2026-07-31,청운맨션앞,692,985,1677
2026-07-31,정부대구지방합동청사후문2,1651,25,1676
2026-07-31,대구시지노인전문병원앞,855,818,1673
2026-07-31,동대구LPG충전소건너,1322,350,1672
2026-07-31,동문고등학교앞,1354,317,1671
2026-07-31,불교한방병원앞1,1514,155,1669
2026-07-31,차천네거리2,1517,152,1669
2026-07-31,칠곡경대병원역,1178,487,1665
2026-07-31,현풍중고등학교건너,1424,241,1665
2026-07-31,현풍백년도깨비시장앞,1339,325,1664
2026-07-31,시지대성유니드건너,1408,247,1655
2026-07-31,포산중학교건너,1623,24,1647
2026-07-31,덕인초등학교앞,1180,466,1646
2026-07-31,은하타운앞,593,1053,1646
2026-07-31,매천중고등학교건너,90,1555,1645
2026-07-31,차량등록사업소건너1,1083,554,1637
2026-07-31,차량등록사업소건너2,310,1326,1636
2026-07-31,성곡중학교앞,1425,209,1634
2026-07-31,봉산가구골목(서편),889,744,1633
2026-07-31,화성쌍용타운앞2,289,1342,1631
2026-07-31,상서고등학교앞,1302,327,1629
2026-07-31,송현공원앞,600,1029,1629
2026-07-31,e-편한세상월배건너,1488,134,1622
2026-07-31,삼호아파트건너,965,656,1621
2026-07-31,지산화성파크드림,1240,377,1617
2026-07-31,국가산단반도유보라3차앞,975,640,1615
2026-07-31,지산중학교입구,1114,495,1609
2026-07-31,남구청앞,575,1032,1607
2026-07-31,칠곡경북대병원후문앞,1588,19,1607
2026-07-31,북대구초등학교앞,789,815,1604
2026-07-31,월배이안아파트앞,523,1079,1602
2026-07-31,미8군후문앞,1048,550,1598
2026-07-31,대천공영차고지앞,1536,61,1597
2026-07-31,논공읍행정복지센터건너1,1295,298,1593
2026-07-31,동화사입구앞,99,1484,1583
2026-07-31,노변청구타운앞,1105,470,1575
2026-07-31,동아제약건너,1523,49,1572
2026-07-31,호반베르디움2차앞,220,1351,1571
2026-07-31,신서롯데캐슬레전드서편앞,1235,335,1570
2026-07-31,도남힐스테이트4단지앞,616,952,1568
2026-07-31,대동금속건너,1497,67,1564
2026-07-31,혁신이노힐즈아파트건너,400,1160,1560
2026-07-31,대구농업마이스터고후문건너,632,926,1558
2026-07-31,대구지방법원서부지원,989,565,1554
2026-07-31,서대구역네거리2,1125,428,1553
2026-07-31,한국산업인력공단건너,1433,120,1553
2026-07-31,무림제지건너,1047,501,1548
2026-07-31,도동청구타운앞,1421,126,1547
2026-07-31,태전중석타운,1285,259,1544
2026-07-31,만촌태왕리더스건너,1137,398,1535
2026-07-31,경서중학교앞,541,992,1533
2026-07-31,농협방촌지점,1253,275,1528
2026-07-31,상리공단건너,1388,140,1528
2026-07-31,매천시장역1,1218,309,1527
2026-07-31,이월드(구.우방랜드)앞,1186,341,1527
2026-07-31,상리동입구2,1490,36,1526
2026-07-31,대곡중학교앞,1486,37,1523
2026-07-31,다사읍행정복지센터서재출장소건너,1444,77,1521
2026-07-31,칠곡대백맨션앞,479,1042,1521
2026-07-31,대구신문사,225,1295,1520
2026-07-31,삼산리(삼산교회건너),1513,7,1520
2026-07-31,남부자동차종합시장앞,1065,450,1515
2026-07-31,LH천년나무2단지앞,1417,95,1512
2026-07-31,용계삼거리4,989,523,1512
2026-07-31,평리5동행정복지센터앞,1239,273,1512
2026-07-31,도시철도대구역건너,1258,251,1509
2026-07-31,시지보성타운2차앞,1158,347,1505
2026-07-31,매곡초등학교앞,1123,380,1503
2026-07-31,남부초등학교건너,1407,94,1501
2026-07-31,봉명네거리3,1061,426,1487
2026-07-31,전기재료관1,712,775,1487
2026-07-31,노변청구타운건너,1080,405,1485
2026-07-31,도학동,1470,12,1482
2026-07-31,희망교1,1256,213,1469
2026-07-31,칠곡경북대병원정문건너,1214,254,1468
2026-07-31,장태실마을건너,1222,244,1466
2026-07-31,신서롯데캐슬레전드서편건너,41,1424,1465
2026-07-31,화성전문요양원앞,1002,461,1463
2026-07-31,씨아이에스,21,1436,1457
2026-07-31,예미지건너,1291,165,1456
2026-07-31,명천로1,977,477,1454
2026-07-31,앞산자락카페마실앞,926,526,1452
2026-07-31,화성파크드림이스트밸리아파트,1097,355,1452
2026-07-31,논공삼거리2,872,578,1450
2026-07-31,북부상수도사업소,155,1288,1443
2026-07-31,금포초등학교건너,1091,351,1442
2026-07-31,달성군청앞,1181,252,1433
2026-07-31,칠곡서한맨션앞,299,1133,1432
2026-07-31,교동초등학교앞,1167,263,1430
2026-07-31,불로화훼단지앞,331,1098,1429
2026-07-31,태왕그린힐즈앞1,365,1057,1422
2026-07-31,약사회관앞,1190,229,1419
2026-07-31,와룡공원앞,967,449,1416
2026-07-31,중대1동회관앞,1406,6,1412
2026-07-31,청남타운앞,392,1020,1412
2026-07-31,서한이다음2차건너,369,1042,1411
2026-07-31,앞산빨래터공원,1302,109,1411
2026-07-31,강창교2(다사방향),399,1011,1410
2026-07-31,비산초등학교정문,652,755,1407
2026-07-31,소선여중앞,211,1195,1406
2026-07-31,상수도중남부사업소앞,811,594,1405
2026-07-31,국가산단반도유보라1차,396,1008,1404
2026-07-31,중리마을,1400,4,1404
2026-07-31,안심도서관1(서편),1196,203,1399
2026-07-31,관음공영주차장앞,1220,178,1398
2026-07-31,강동초교건너,1375,22,1397
2026-07-31,경창산업,1033,364,1397
2026-07-31,달성습지·대명유수지건너,485,911,1396
2026-07-31,도남힐스테이트1단지건너,1298,96,1394
2026-07-31,청구중동아파트,460,932,1392
2026-07-31,동촌역(2번출구),1032,355,1387
2026-07-31,성당초교앞,797,589,1386
2026-07-31,한국제지건너,1022,363,1385
2026-07-31,위생처리장2,331,1053,1384
2026-07-31,송정2교,155,1228,1383
2026-07-31,무태교,9,1373,1382
2026-07-31,복현현대맨션앞,1122,259,1381
2026-07-31,신매태성아파트,118,1263,1381
2026-07-31,대구동촌유치원,1114,265,1379
2026-07-31,담티고개2,637,741,1378
2026-07-31,풍국주정공업,1146,232,1378
2026-07-31,매곡사거리1,226,1150,1376
2026-07-31,대구중앙중학교앞,409,963,1372
2026-07-31,율하체육공원앞,927,441,1368
2026-07-31,군위군 행정복지센터,1355,11,1366
2026-07-31,더샵수성라크에르아파트앞,1061,304,1365
2026-07-31,보성기계건너,1316,49,1365
2026-07-31,지묘초등학교건너,1030,332,1362
2026-07-31,제일풍경채센트럴앞,1335,21,1356
2026-07-31,무림제지앞1,987,367,1354
2026-07-31,공산동행정복지센터건너,647,706,1353
2026-07-31,경희강재건너,472,874,1346
2026-07-31,한국방송통신대학교앞,492,852,1344
2026-07-31,이곡역(3번출구),384,959,1343
2026-07-31,경북대학교체육센터건너2,804,538,1342
2026-07-31,경원고등학교앞,1182,154,1336
2026-07-31,성보교통건너,973,362,1335
2026-07-31,첨단의료산업진흥재단건너,1217,117,1334
2026-07-31,태전휴먼시아,1172,162,1334
2026-07-31,조암네거리1,1108,219,1327
2026-07-31,대곡공원앞,1196,125,1321
2026-07-31,무태조야동행정복지센터건너3,1161,159,1320
2026-07-31,관음어린이집,1077,241,1318
2026-07-31,럭키아파트앞,1237,81,1318
2026-07-31,솔정고개1,597,719,1316
2026-07-31,두리봉터널입구건너,1220,93,1313
2026-07-31,중리삼거리2,1308,5,1313
2026-07-31,그린빌4단지앞,865,447,1312
2026-07-31,중동행정복지센터앞,1087,224,1311
2026-07-31,대구혁신에듀포레아파트앞,1106,204,1310
2026-07-31,대구국제고등학교앞,1238,70,1308
2026-07-31,무열대앞,689,617,1306
2026-07-31,달구벌신협건너,1151,154,1305
2026-07-31,KT북대구지사건너,930,373,1303
2026-07-31,에코테마파크대구숲남문앞,155,1145,1300
2026-07-31,달성습지·대명유수지앞,345,949,1294
2026-07-31,명곡지구앞,743,549,1292
2026-07-31,무태조야동연경분소3,1226,66,1292
2026-07-31,만촌삼정그린코아건너,1267,16,1283
2026-07-31,중마을(갓바위방향),1065,218,1283
2026-07-31,성서2차서한타운2,398,883,1281
2026-07-31,농산물도매시장건너,1043,229,1272
2026-07-31,관음변전소2,311,959,1270
2026-07-31,대구반도체마이스터고등학교 남편,499,770,1269
2026-07-31,세흥에스피,762,505,1267
2026-07-31,동구시장건너,97,1169,1266
2026-07-31,냉천리1,1175,88,1263
2026-07-31,인산마을건너,1253,4,1257
2026-07-31,검단동행정복지센터건너,1212,41,1253
2026-07-31,침산초등학교앞,277,973,1250
2026-07-31,청구시장건너2,628,609,1237
2026-07-31,남산고등학교건너,1108,128,1236
2026-07-31,비슬초등학교건너,1174,62,1236
2026-07-31,만촌그린빌라건너,1100,134,1234
2026-07-31,신덕마을입구앞,1108,117,1225
2026-07-31,칠곡3차화성타운3,669,549,1218
2026-07-31,예미지앞,1095,121,1216
2026-07-31,달성군청건너,1094,121,1215
2026-07-31,달성군민체육관건너,914,299,1213
2026-07-31,죽곡푸르지오2단지2,990,223,1213
2026-07-31,포산고등학교1,1010,201,1211
2026-07-31,장산초등학교앞,1001,208,1209
2026-07-31,수성동삼익맨션앞,1133,74,1207
2026-07-31,북대구농협검단지점앞,56,1150,1206
2026-07-31,삼보,758,447,1205
2026-07-31,안지랑골입구,491,713,1204
2026-07-31,경대교건너,993,206,1199
2026-07-31,신서그린빌아파트,1030,169,1199
2026-07-31,서문시장5지구앞,972,225,1197
2026-07-31,우방송현하이츠,931,266,1197
2026-07-31,학산아파트건너,1051,145,1196
2026-07-31,남부초등학교앞,733,460,1193
2026-07-31,봉무공원건너,781,412,1193
2026-07-31,화성그랜드건너,610,583,1193
2026-07-31,관음동행정복지센터앞,1044,147,1191
2026-07-31,금사리하이빌APT앞,793,397,1190
2026-07-31,구지면행정복지센터앞,353,836,1189
2026-07-31,대곡청구아파트앞,763,424,1187
2026-07-31,우방신세계타운앞,936,250,1186
2026-07-31,월촌역(4번출구),979,207,1186
2026-07-31,이마트반야월점건너,737,446,1183
2026-07-31,한실공원건너,1087,96,1183
2026-07-31,대천119안전센터앞,932,250,1182
2026-07-31,앞산별자리체험학습장2,156,1025,1181
2026-07-31,에코테마파크대구숲앞,619,561,1180
2026-07-31,칠곡우방타운건너(종점),923,255,1178
2026-07-31,영조아파트앞,1159,15,1174
2026-07-31,대곡고등학교앞,656,512,1168
2026-07-31,불로화훼단지건너,859,309,1168
2026-07-31,수성소방서1,576,588,1164
2026-07-31,경원고등학교건너,963,191,1154
2026-07-31,남산고등학교앞,866,287,1153
2026-07-31,신평동2,925,227,1152
2026-07-31,한실공원앞,1058,94,1152
2026-07-31,유신섬유네거리1,928,222,1150
2026-07-31,원대오거리북편2,678,471,1149
2026-07-31,대구역꽃시장,230,916,1146
2026-07-31,선녀곡앞(옥포),45,1101,1146
2026-07-31,팔공초중학교건너,702,443,1145
2026-07-31,포산서사거리1,1102,41,1143
2026-07-31,월배국민체육센터건너,367,774,1141
2026-07-31,매호성당앞,984,156,1140
2026-07-31,e편한세상대구금호앞,363,775,1138
2026-07-31,송정삼거리2,211,927,1138
2026-07-31,옥포농협앞,974,163,1137
2026-07-31,매천화성파크드림,978,153,1131
2026-07-31,달성삼환나우빌앞,979,151,1130
2026-07-31,포산고등학교2,917,213,1130
2026-07-31,동서변월드메르디앙아파트정문,354,775,1129
2026-07-31,매호성당건너,982,147,1129
2026-07-31,대곡주공5단지앞,290,837,1127
2026-07-31,스파밸리1,198,921,1119
2026-07-31,화성그랜드앞,764,352,1116
2026-07-31,운암지공원2,842,268,1110
2026-07-31,공산댐건너,1034,75,1109
2026-07-31,관음중학교(북편),892,217,1109
2026-07-31,평리광명네거리,188,921,1109
2026-07-31,중동서울아파트앞,1047,59,1106
2026-07-31,우록리(종점),1035,68,1103
2026-07-31,안심도서관2(서편),468,634,1102
2026-07-31,유곡공원건너,1097,5,1102
2026-07-31,논공읍행정복지센터앞,955,146,1101
2026-07-31,범물2동행정복지센터앞,121,975,1096
2026-07-31,매천수산시장앞,988,106,1094
2026-07-31,성산초등학교앞,828,265,1093
2026-07-31,관음동행정복지센터건너,916,176,1092
2026-07-31,대구세명학교건너,706,383,1089
2026-07-31,매호동서아파트앞,910,179,1089
2026-07-31,수성못오거리5,602,487,1089
2026-07-31,한국타이어,142,944,1086
2026-07-31,동호초등학교건너,1026,59,1085
2026-07-31,칠곡청구타운건너,463,621,1084
2026-07-31,국가산단서한이다음건너,215,865,1080
2026-07-31,농협동촌지점,756,324,1080
2026-07-31,대천초등학교앞,917,162,1079
2026-07-31,대주기계 건너,565,505,1070
2026-07-31,학남초등학교앞,791,279,1070
2026-07-31,이곡역(2번출구),1029,38,1067
2026-07-31,효령문화센터,1045,21,1066
2026-07-31,삼성한국형아파트건너,1031,28,1059
2026-07-31,이노밸리로2,627,428,1055
2026-07-31,대구북부소방서건너,740,312,1052
2026-07-31,성보교통앞,1008,44,1052
2026-07-31,관음변전소3,1031,20,1051
2026-07-31,매천수산시장건너,904,144,1048
2026-07-31,성요셉요양병원앞,740,305,1045
2026-07-31,삼리리1(논공),992,49,1041
2026-07-31,고래들공원건너,950,90,1040
2026-07-31,태전두성3차앞,1013,27,1040
2026-07-31,대구택시협동조합건너,609,424,1033
2026-07-31,남산2동행정복지센터앞,847,185,1032
2026-07-31,도시철도대구역,393,638,1031
2026-07-31,황금시장건너,639,392,1031
2026-07-31,심인고등학교앞,657,372,1029
2026-07-31,노원동화타운건너,544,474,1018
2026-07-31,성서한샘타운앞,846,172,1018
2026-07-31,현풍삼거리,891,126,1017
2026-07-31,첨단의료산업진흥재단앞,236,774,1010
2026-07-31,부영7단지건너,825,181,1006
2026-07-31,비산6동행정복지센터앞,826,174,1000
2026-07-31,골안골지하보도앞,139,860,999
2026-07-31,청남타운건너,775,224,999
2026-07-31,본리2,789,207,996
2026-07-31,침산동화타운앞,471,525,996
2026-07-31,남구청네거리2,790,203,993
2026-07-31,코스모스한양아파트앞,610,383,993
2026-07-31,성주사앞,534,457,991
2026-07-31,LH천년나무2단지건너,634,356,990
2026-07-31,대구택시협동조합앞,674,310,984
2026-07-31,용계동2,743,241,984
2026-07-31,기업은행국가산단지점건너,950,33,983
2026-07-31,대구보건대학교5,581,401,982
2026-07-31,수성요양병원,789,182,971
2026-07-31,월배힐스테이트앞,300,665,965
2026-07-31,차천네거리1,734,230,964
2026-07-31,침산초등학교후문,875,88,963
2026-07-31,칠곡한라타운앞,43,919,962
2026-07-31,신천초등학교건너,460,501,961
2026-07-31,평안,670,288,958
2026-07-31,칠성고가도로하단,829,127,956
2026-07-31,국민건강보험공단달성고령지사건너,821,131,952
2026-07-31,한국도로공사건너,297,654,951
2026-07-31,대구경북지방중소벤처기업청앞,848,101,949
2026-07-31,안심역코오롱하늘채앞,187,762,949
2026-07-31,우보버스정류장,871,76,947
2026-07-31,불교한방병원건너1,428,516,944
2026-07-31,삼성한국형아파트앞,133,810,943
2026-07-31,제일규산,811,130,941
2026-07-31,중소기업관건너,32,909,941
2026-07-31,청운맨션건너,488,452,940
2026-07-31,한국가스공사건너,745,195,940
2026-07-31,봉명네거리1,526,408,934
2026-07-31,수성랜드건너,623,310,933
2026-07-31,월배차량기지건너,281,649,930
2026-07-31,칠성시장(농협앞),713,217,930
2026-07-31,서대구공단네거리1,786,142,928
2026-07-31,월곡네거리,221,706,927
2026-07-31,대구제1.2예비군훈련장건너,635,290,925
2026-07-31,태전삼성아파트,731,193,924
2026-07-31,창평1리,910,13,923
2026-07-31,현풍주공아파트앞,661,262,923
2026-07-31,송현공원건너,360,561,921
2026-07-31,성서푸른마을아파트앞,641,279,920
2026-07-31,대구스마트고등학교3,410,504,914
2026-07-31,위천삼거리(현풍방향),727,186,913
2026-07-31,상리동종점2,902,10,912
2026-07-31,성서초등학교앞,18,890,908
2026-07-31,신매역(6번출구),666,242,908
2026-07-31,교대부설초등학교앞,64,837,901
2026-07-31,진밭골(종점)2,766,135,901
2026-07-31,명보약국앞,307,588,895
2026-07-31,신천초등학교앞,407,487,894
2026-07-31,북구 동호동(종점)2(서리지입구),779,113,892
2026-07-31,연화리,850,41,891
2026-07-31,공작한양아파트앞,852,38,890
2026-07-31,사복동입구교차로건너,16,872,888
2026-07-31,달성초등학교건너,528,357,885
2026-07-31,백안교2,856,29,885
2026-07-31,상인화성파크드림건너,537,346,883
2026-07-31,신서성당앞,33,850,883
2026-07-31,첨단임상시험센터앞,280,603,883
2026-07-31,대덕마을앞,323,559,882
2026-07-31,구지축구장앞,839,42,881
2026-07-31,대흥동앞,592,287,879
2026-07-31,한국부동산원앞,483,389,872
2026-07-31,앞산궁도장건너,367,504,871
2026-07-31,달성초등학교앞,726,144,870
2026-07-31,현충삼거리1,48,822,870
2026-07-31,한국로봇산업진흥원후문앞,610,259,869
2026-07-31,검단동행정복지센터앞,1,857,858
2026-07-31,성요셉요양병원건너,759,99,858
2026-07-31,봉덕2동새마을금고앞,436,421,857
2026-07-31,방촌빌라,270,581,851
2026-07-31,대구상원초등학교앞,580,267,847
2026-07-31,부영7단지앞,737,110,847
2026-07-31,만평네거리2,116,728,844
2026-07-31,대1리용흥지앞,144,698,842
2026-07-31,동아제약,424,418,842
2026-07-31,이노밸리로1,540,302,842
2026-07-31,대진중고등학교앞,680,161,841
2026-07-31,태성맨션건너,278,554,832
2026-07-31,1차서한화성타운앞,637,193,830
2026-07-31,전기재료관2,169,661,830
2026-07-31,달성군선거관리위원회앞,67,757,824
2026-07-31,다사읍행정복지센터앞,258,554,812
2026-07-31,대구물류터미널건너,371,436,807
2026-07-31,대덕초등학교건너,198,608,806
2026-07-31,신생원건너,33,771,804
2026-07-31,대흥동건너,408,393,801
2026-07-31,호산초등학교앞,146,655,801
2026-07-31,동촌해성아파트건너,312,488,800
2026-07-31,조야초등학교건너,760,40,800
2026-07-31,이시아폴리스롯데아울렛건너,366,429,795
2026-07-31,동천역2,658,136,794
2026-07-31,대신동광명맨션앞,546,243,789
2026-07-31,도남힐스테이트2단지앞,445,344,789
2026-07-31,원대동행정복지센터건너,631,156,787
2026-07-31,달서구새마을회앞,23,763,786
2026-07-31,평화씨엠비건너,686,98,784
2026-07-31,진정마을1,771,12,783
2026-07-31,한국교육학술정보원앞,94,688,782
2026-07-31,황금고가교네거리,732,49,781
2026-07-31,장산초등학교건너,640,138,778
2026-07-31,태전육교2,427,350,777
2026-07-31,경북농업기술원건너,452,324,776
2026-07-31,대구텍건너,492,283,775
2026-07-31,옥포중앙교회건너,758,14,772
2026-07-31,지묘초등학교앞,620,149,769
2026-07-31,약사회관건너,397,370,767
2026-07-31,대1리용흥지건너,731,34,765
2026-07-31,선돌교2,565,198,763
2026-07-31,장관빌라앞,294,467,761
2026-07-31,명천로2,293,467,760
2026-07-31,태전교회앞,558,202,760
2026-07-31,도남힐스테이트1단지앞,430,329,759
2026-07-31,도평동입구1,559,199,758
2026-07-31,대림생수,724,32,756
2026-07-31,칠곡IC 1,114,641,755
2026-07-31,홍천사건너,745,9,754
2026-07-31,도남8,30,723,753
2026-07-31,삼환맨션,541,208,749
2026-07-31,비원지구대건너,546,200,746
2026-07-31,수정맨션앞,575,171,746
2026-07-31,덕곡삼거리2,739,5,744
2026-07-31,상인역모아엘가파크뷰아파트앞,155,589,744
2026-07-31,교동초등학교건너,585,152,737
2026-07-31,금포새터길1,720,16,736
2026-07-31,대서초등학교앞,425,307,732
2026-07-31,미곡동1,193,538,731
2026-07-31,대구역서희스타힐스앞,250,476,726
2026-07-31,두류파출소건너,525,201,726
2026-07-31,매천시장역2,557,163,720
2026-07-31,K2관사입구(종점),649,69,718
2026-07-31,경북농업기술원입구,643,74,717
2026-07-31,삼산리(세왕교통1),682,34,716
2026-07-31,연경체육공원건너,242,473,715
2026-07-31,장태실마을앞,450,264,714
2026-07-31,용산역(1번출구),329,384,713
2026-07-31,대구선방촌공원남편,217,492,709
2026-07-31,육상진흥센터앞,418,290,708
2026-07-31,다사읍행정복지센터서재출장소앞,411,296,707
2026-07-31,아바코앞,616,91,707
2026-07-31,월촌고가교2,636,69,705
2026-07-31,가창119안전센터,593,110,703
2026-07-31,새론중학교남편1,540,162,702
2026-07-31,삼산리(세왕교통2),627,74,701
2026-07-31,금계초등학교(교항리),583,114,697
2026-07-31,화성쌍용타운건너,618,77,695
2026-07-31,상동마을(둔산길),670,24,694
2026-07-31,창리교차로1,647,47,694
2026-07-31,새동네아파트건너,547,145,692
2026-07-31,도남LH2단지아파트건너,614,74,688
2026-07-31,금포교,546,141,687
2026-07-31,대곡파출소1,135,552,687
2026-07-31,대구하이텍고교건너,373,314,687
2026-07-31,한세모빌리티앞,368,319,687
2026-07-31,포산고사거리,502,183,685
2026-07-31,부동,638,45,683
2026-07-31,송정삼거리1,450,232,682
2026-07-31,태전우방타운3차아파트,579,102,681
2026-07-31,파계교,394,285,679
2026-07-31,유곡리공영차고지건너,522,156,678
2026-07-31,본리1리동회관건너,512,164,676
2026-07-31,대구교도소건너,670,4,674
2026-07-31,용산역(6번출구),92,580,672
2026-07-31,구암동1,621,48,669
2026-07-31,혁신2근린공원,581,88,669
2026-07-31,성산리2,601,65,666
2026-07-31,노원네거리(대구은행건너),384,281,665
2026-07-31,삼리1리2,601,64,665
2026-07-31,서재들,375,290,665
2026-07-31,서대구역네거리1,384,280,664
2026-07-31,신서화성파크드림아파트,422,241,663
2026-07-31,현풍백년도깨비시장건너,479,184,663
2026-07-31,화동초등학교앞,526,135,661
2026-07-31,국가물산업클러스터앞,582,78,660
2026-07-31,도동교1,657,3,660
2026-07-31,삼덕동2,567,91,658
2026-07-31,삼리2교차로 1,549,107,656
2026-07-31,월배쌍용예가앞,309,346,655
2026-07-31,평화정공앞,409,245,654
2026-07-31,군위공용버스터미널,605,46,651
2026-07-31,대동금속앞,317,333,650
2026-07-31,의흥면 행정복지센터,639,11,650
2026-07-31,방천리1,30,619,649
2026-07-31,팔달초등학교,518,131,649
2026-07-31,삼성공원아파트앞,478,170,648
2026-07-31,산격119안전센터(엑스코),210,437,647
2026-07-31,대구경북지방중소벤처기업청건너,450,193,643
2026-07-31,바른병원건너,360,282,642
2026-07-31,관문동행정복지센터 금호분소앞,237,403,640
2026-07-31,조암네거리2,322,316,638
2026-07-31,두리봉터널종점,188,449,637
2026-07-31,삼덕동1,19,618,637
2026-07-31,칠곡경북대병원건너(50사단),237,400,637
2026-07-31,만촌천주교회앞,288,348,636
2026-07-31,이곡마을2,606,29,635
2026-07-31,대곡파출소2,425,207,632
2026-07-31,용금공단앞,624,8,632
2026-07-31,위천1리건너,494,137,631
2026-07-31,내동,611,17,628
2026-07-31,동곡초등학교건너,614,12,626
2026-07-31,두류파출소앞,334,292,626
2026-07-31,상원리(마을회관)1,625,1,626
2026-07-31,매일신문사건너,340,285,625
2026-07-31,대실역(3번출구남쪽),125,498,623
2026-07-31,상인화성파크드림앞,275,348,623
2026-07-31,달서별빛캠핑장건너,412,210,622
2026-07-31,봉덕시장건너2,368,252,620
2026-07-31,삼리리2(논공),404,216,620
2026-07-31,내일교회앞,582,37,619
2026-07-31,어린이세상건너2,142,476,618
2026-07-31,금포1교1,576,40,616
2026-07-31,상동천주교회건너,171,445,616
2026-07-31,신당리,558,58,616
2026-07-31,만촌자이르네앞,568,47,615
2026-07-31,대진중고등학교건너,417,197,614
2026-07-31,앞산공원관리사무소앞,12,602,614
2026-07-31,유곡사거리1,610,1,611
2026-07-31,태전두성타운앞,151,460,611
2026-07-31,달서교하부 공영주차장,218,390,608
2026-07-31,효령면 행정복지센터,420,187,607
2026-07-31,대성유니드건너,373,231,604
2026-07-31,한국가스공사앞,318,286,604
2026-07-31,성서공단물류센터,534,67,601
2026-07-31,포산중학교앞,193,406,599
2026-07-31,군위군청,573,24,597
2026-07-31,서한이다음4차앞,240,357,597
2026-07-31,대덕문화전당앞,321,274,595
2026-07-31,노원네거리4(기업은행),56,538,594
2026-07-31,대명중학교건너,59,534,593
2026-07-31,태평상가앞2,106,487,593
2026-07-31,현풍운전시험장,522,68,590
2026-07-31,남문아파트앞,420,168,588
2026-07-31,비원지구대앞,278,309,587
2026-07-31,상동교1,293,294,587
2026-07-31,위생처리장1,396,191,587
2026-07-31,옥포무지개마을앞,376,208,584
2026-07-31,협성휴포레강북앞,447,136,583
2026-07-31,에코테마파크대구숲남문건너,444,134,578
2026-07-31,우방송현하이츠건너,486,92,578
2026-07-31,동호공영차고지앞,544,28,572
2026-07-31,㈜윔스건너,136,434,570
2026-07-31,현풍주공아파트,320,250,570
2026-07-31,능성동입구건너,562,7,569
2026-07-31,국립대구과학관앞,455,112,567
2026-07-31,선돌교1,394,173,567
2026-07-31,평화씨엠비앞,195,371,566
2026-07-31,한국제지앞,127,439,566
2026-07-31,대구제1.2예비군훈련장앞,389,176,565
2026-07-31,달서아트센터앞,506,58,564
2026-07-31,우방아파트삼거리,290,274,564
2026-07-31,군위버스터미널건너,41,521,562
2026-07-31,단산리(종점),540,22,562
2026-07-31,대구혁신LH4단지아파트,500,60,560
2026-07-31,삼우섬유앞,505,54,559
2026-07-31,한국뇌연구원앞,489,70,559
2026-07-31,앞산공원관리사무소건너,513,43,556
2026-07-31,국민건강보험공단달성고령지사앞,181,374,555
2026-07-31,대구한의대병원역,403,151,554
2026-07-31,동화교1,83,469,552
2026-07-31,국우초등학교앞,187,364,551
2026-07-31,범물우방미진하이츠앞,22,529,551
2026-07-31,한국생산기술연구원앞,495,55,550
2026-07-31,남문시장건너1,419,130,549
2026-07-31,노곡교(하중도)2,546,2,548
2026-07-31,한국산업인력공단앞,37,509,546
2026-07-31,국가물산업클러스터건너,25,520,545
2026-07-31,방촌1동,543,1,544
2026-07-31,운암지공원1,347,197,544
2026-07-31,만촌삼정그린코아앞2,504,39,543
2026-07-31,민들레아파트후문건너,12,531,543
2026-07-31,협성휴포레강북건너,321,221,542
2026-07-31,e-편한세상월배앞,257,284,541
2026-07-31,두리봉터널입구,408,130,538
2026-07-31,평화정공건너,204,334,538
2026-07-31,유통단지회차지2,521,13,534
2026-07-31,매천대교1,254,279,533
2026-07-31,대천초등학교건너,375,157,532
2026-07-31,육상진흥센터건너,297,234,531
2026-07-31,금호지구종점(시내방향),524,4,528
2026-07-31,칠곡초등학교건너,92,434,526
2026-07-31,국립대구과학관정문건너,476,49,525
2026-07-31,(주)성안건너,20,503,523
2026-07-31,생각을담는정원건너,224,297,521
2026-07-31,유곡사거리3,519,1,520
2026-07-31,문주마을건너,477,40,517
2026-07-31,베어산업앞,446,71,517
2026-07-31,대구국제고등학교건너,449,67,516
2026-07-31,대덕승마장건너,396,119,515
2026-07-31,이곡마을,366,147,513
2026-07-31,고래들공원앞,352,160,512
2026-07-31,창리교차로2,293,217,510
2026-07-31,대율1리,496,13,509
2026-07-31,서당마을건너,447,62,509
2026-07-31,한국지능정보사회진흥원,306,202,508
2026-07-31,대동정공,457,48,505
2026-07-31,동대구LPG충전소앞,288,217,505
2026-07-31,성동건너,320,183,503
2026-07-31,앞산태왕아너스건너,68,435,503
2026-07-31,중소기업지원센터,336,161,497
2026-07-31,주식회사대동건너,436,58,494
2026-07-31,창평1리,336,157,493
2026-07-31,아바코건너,260,231,491
2026-07-31,도시관리본부앞,252,238,490
2026-07-31,달성군민체육관앞,427,62,489
2026-07-31,대림생수앞,29,459,488
2026-07-31,새론중학교남편2,436,52,488
2026-07-31,동화골든빌(북편),292,191,483
2026-07-31,성림첨단산업앞,373,109,482
2026-07-31,창2리마을1,428,52,480
2026-07-31,칠성시장(농협건너),206,274,480
2026-07-31,칠성우방타운,36,443,479
2026-07-31,동양맨션앞,108,368,476
2026-07-31,남산2동행정복지센터건너,321,151,472
2026-07-31,럭키아파트건너,224,248,472
2026-07-31,옥포주유소앞,291,180,471
2026-07-31,금호화물자동차공영차고지,374,91,465
2026-07-31,비슬초등학교앞,237,226,463
2026-07-31,관문동행정복지센터 금호분소 건너,359,103,462
2026-07-31,달성기와건너,227,234,461
2026-07-31,성주사건너,160,301,461
2026-07-31,푸드웰앞,33,427,460
2026-07-31,동호동앞(북구),89,370,459
2026-07-31,중앙교육연수원앞,82,377,459
2026-07-31,옥산정미소,455,1,456
2026-07-31,스틸웨이,401,54,455
2026-07-31,정부대구지방합동청사후문1,23,432,455
2026-07-31,중동서울아파트건너,219,235,454
2026-07-31,현풍할매곰탕건너,159,295,454
2026-07-31,가창중학교앞,59,390,449
2026-07-31,달성기와앞,369,80,449
2026-07-31,대실역(2번출구남쪽),338,110,448
2026-07-31,대리마을회관건너,437,10,447
2026-07-31,금호119안전센터건너,427,18,445
2026-07-31,성림첨단산업건너,386,59,445
2026-07-31,율하천5교1,439,5,444
2026-07-31,평광종점,407,36,443
2026-07-31,경북농업기술원앞,116,325,441
2026-07-31,율금초등학교앞,29,412,441
2026-07-31,대구지방기상청,318,119,437
2026-07-31,동천역1,361,76,437
2026-07-31,유가사거리2,359,78,437
2026-07-31,한양수정아파트,291,145,436
2026-07-31,검단상가아파트앞,433,1,434
2026-07-31,수성구리틀야구장앞,295,136,431
2026-07-31,이곡마을건너,129,300,429
2026-07-31,덕곡(달구벌고교),423,5,428
2026-07-31,장기영남네오빌,241,187,428
2026-07-31,한양산호아파트건너,170,258,428
2026-07-31,태전두성3차건너,212,215,427
2026-07-31,칠성시장(양친회신협)건너,91,335,426
2026-07-31,농협중앙회중동지점앞,89,336,425
2026-07-31,온누리교회,369,56,425
2026-07-31,칠성시장(양친회신협),279,145,424
2026-07-31,청소년수련원건너,352,71,423
2026-07-31,공산초등학교건너,246,175,421
2026-07-31,수성월드메르디앙앞,124,297,421
2026-07-31,한서기전건너,333,88,421
2026-07-31,(주)영화앞,417,2,419
2026-07-31,매곡(종점),282,137,419
2026-07-31,대구지료재생사,157,259,416
2026-07-31,서재문화체육센터앞1,58,353,411
2026-07-31,월촌고가교1,154,257,411
2026-07-31,신성중공업앞,408,1,409
2026-07-31,중석타운건너,33,375,408
2026-07-31,매여동(동구)저탄장,390,17,407
2026-07-31,경주최씨종가(종점),360,45,405
2026-07-31,한국한의학연구원앞,14,391,405
2026-07-31,하빈농협동곡지점2,381,22,403
2026-07-31,노곡교(하중도)1,95,303,398
2026-07-31,성서협업단지건너,339,57,396
2026-07-31,노사평화의전당앞,201,194,395
2026-07-31,성서협업단지앞,335,59,394
2026-07-31,소보정류장,371,23,394
2026-07-31,1차서한화성타운건너,267,121,388
2026-07-31,한세모빌리티건너,44,344,388
2026-07-31,조양회관건너,199,187,386
2026-07-31,강동중·고등학교,13,370,383
2026-07-31,의흥면 행정복지센터,359,24,383
2026-07-31,동화시설집단지구(종점)1,356,26,382
2026-07-31,부동삼거리,39,342,381
2026-07-31,대구우편집중국(동편),322,58,380
2026-07-31,장군리,371,8,379
2026-07-31,대호분체산업,268,110,378
2026-07-31,상록아파트,41,337,378
2026-07-31,성동마을앞,366,12,378
2026-07-31,화전동2,372,5,377
2026-07-31,미대동2,162,213,375
2026-07-31,송해공원건너,374,1,375
2026-07-31,도남7,331,41,372
2026-07-31,숙천초교앞,49,323,372
2026-07-31,대구일과학고등학교,295,76,371
2026-07-31,새각단건너,117,254,371
2026-07-31,효림엑스이,226,145,371
2026-07-31,금호기전,316,53,369
2026-07-31,도시관리본부건너,293,76,369
2026-07-31,한서기전앞,332,37,369
2026-07-31,대곡중학교건너,21,347,368
2026-07-31,대구학생문화센터,106,261,367
2026-07-31,측백나무숲건너,365,1,366
2026-07-31,백안삼거리1,163,200,363
2026-07-31,칠곡경대병원역건너,161,202,363
2026-07-31,한국로봇산업진흥원후문건너,140,222,362
2026-07-31,베어산업건너,274,87,361
2026-07-31,조양회관,139,222,361
2026-07-31,구둔산,337,23,360
2026-07-31,하빈면행정복지센터건너,354,3,357
2026-07-31,공단하수처리장건너,63,291,354
2026-07-31,한국생산기술연구원건너,234,120,354
2026-07-31,덕곡동,351,1,352
2026-07-31,시지우방하이츠앞,224,128,352
2026-07-31,한국클래드텍건너,345,7,352
2026-07-31,달성우신미가뷰앞,31,320,351
2026-07-31,성동탱자나무마을앞,159,192,351
2026-07-31,㈜윔스앞,313,37,350
2026-07-31,관음변전소4,298,52,350
2026-07-31,옥분리마을회관앞,347,3,350
2026-07-31,월배아이파크1차앞,174,173,347
2026-07-31,대곡청구아파트건너,11,335,346
2026-07-31,담안마을2,344,1,345
2026-07-31,병수리,305,40,345
2026-07-31,대림육교2,148,196,344
2026-07-31,둔산동,344,0,344
2026-07-31,코스모스한양아파트건너,215,129,344
2026-07-31,NH농협혁신도시지점건너,17,326,343
2026-07-31,세천리3,295,47,342
2026-07-31,달서자동차검사소앞,56,285,341
2026-07-31,대리,339,2,341
2026-07-31,영진산업,318,23,341
2026-07-31,옥포LH천년나무2단지앞,28,313,341
2026-07-31,안심고가교하부1,91,247,338
2026-07-31,해안공영주차장북편,336,0,336
2026-07-31,볼보트럭대구사업소건너,239,96,335
2026-07-31,관리공단,232,102,334
2026-07-31,연경동종점1,234,100,334
2026-07-31,주식회사대동앞,183,150,333
2026-07-31,일심제약,235,97,332
2026-07-31,연경체육공원앞,154,174,328
2026-07-31,덴티스앞,269,57,326
2026-07-31,평리1동행정복지센터건너,212,114,326
2026-07-31,구암동2,93,232,325
2026-07-31,성바울로성당앞,156,169,325
2026-07-31,금구1리,82,242,324
2026-07-31,금호지구종점(종점방향),310,14,324
2026-07-31,수성구리틀야구장건너,57,267,324
2026-07-31,화원신일해피트리건너,120,204,324
2026-07-31,혜성정공,276,46,322
2026-07-31,선녀곡건너(옥포),235,86,321
2026-07-31,무림제지앞2,98,222,320
2026-07-31,대구지식산업센터앞,34,285,319
2026-07-31,매천역3,82,237,319
2026-07-31,연경대광로제비앙앞,29,290,319
2026-07-31,옥분리(구진터),313,6,319
2026-07-31,정부대구지방합동청사건너,249,69,318
2026-07-31,내일교회건너,216,101,317
2026-07-31,화원삼주타운앞,160,157,317
2026-07-31,볼보트럭대구사업소앞,267,49,316
2026-07-31,앞산보성타운건너,62,254,316
2026-07-31,영풍열처리앞,302,14,316
2026-07-31,앞산자락카페마실건너,243,72,315
2026-07-31,동곡치안센터앞,38,275,313
2026-07-31,탱리마을앞,88,225,313
2026-07-31,태전육교1,86,224,310
2026-07-31,만촌체육공원,167,142,309
2026-07-31,앞산빨래터공원2,148,159,307
2026-07-31,화원유원지건너,275,31,306
2026-07-31,군위공용버스터미널,304,1,305
2026-07-31,성하리,102,199,301
2026-07-31,장기초등학교앞,13,287,300
2026-07-31,진밭골(종점)1,289,8,297
2026-07-31,안심교(경산방향),202,92,294
2026-07-31,세천고개2,197,95,292
2026-07-31,상리동종점,12,279,291
2026-07-31,태전우방타운1차,182,108,290
2026-07-31,동곡1리1,288,0,288
2026-07-31,유천초등학교앞,250,37,287
2026-07-31,도남동(종점),284,1,285
2026-07-31,문양기지창건너,26,253,279
2026-07-31,삼산리입구건너,277,2,279
2026-07-31,숙천초교건너,113,166,279
2026-07-31,하빈초등학교앞,277,2,279
2026-07-31,고모역건너,199,79,278
2026-07-31,삼리1리1,140,138,278
2026-07-31,동호마을건너,215,62,277
2026-07-31,금호119안전센터앞,50,226,276
2026-07-31,흥성정공앞,169,106,275
2026-07-31,부동농협,270,4,274
2026-07-31,호산초등학교건너,204,70,274
2026-07-31,동성에스티에스앞,188,84,272
2026-07-31,공작한양아파트건너,164,107,271
2026-07-31,해안동행정복지센터,190,80,270
2026-07-31,가창초등학교건너2,160,109,269
2026-07-31,석굴암IC교아래,161,108,269
2026-07-31,팔현마을,188,81,269
2026-07-31,본말(종점),265,2,267
2026-07-31,희성전자건너,124,143,267
2026-07-31,삼익THK앞,207,59,266
2026-07-31,유가사거리1,180,86,266
2026-07-31,신덕마을입구,83,182,265
2026-07-31,가천동건너,251,12,263
2026-07-31,세천북로2,223,40,263
2026-07-31,보람타운건너,68,194,262
2026-07-31,숲다수고용사업장앞,215,45,260
2026-07-31,신당리2,106,153,259
2026-07-31,화원본리1교1,253,5,258
2026-07-31,제일정공,208,49,257
2026-07-31,본리1리동회관앞,57,199,256
2026-07-31,행정리(한천서원),256,0,256
2026-07-31,덕곡삼거리1,28,226,254
2026-07-31,경상북도인재개발원1,9,243,252
2026-07-31,강정보(디아크문화관)입구,243,7,250
2026-07-31,용계동3,1,249,250
2026-07-31,창2리마을2,165,83,248
2026-07-31,대구학생수련관입구건너,240,6,246
2026-07-31,섬뜸마을,245,0,245
2026-07-31,희성전자앞,160,83,243
2026-07-31,갈실마을회관종점,227,15,242
2026-07-31,녹동서원건너,239,3,242
2026-07-31,성동마을건너,67,175,242
2026-07-31,장기파랑새마을앞,169,72,241
2026-07-31,군위국민체육센터,237,3,240
2026-07-31,동성에스티에스건너,208,32,240
2026-07-31,대덕승마장앞,75,164,239
2026-07-31,달성군선거관리위원회건너,102,136,238
2026-07-31,성바울로성당건너,91,146,237
2026-07-31,달성보앞,208,28,236
2026-07-31,정부대구지방합동청사앞,190,46,236
2026-07-31,북구 동호동(종점)1,217,18,235
2026-07-31,정대2리마을회관건너,233,0,233
2026-07-31,진흔건설기계공업,206,26,232
2026-07-31,당동마을건너,229,2,231
2026-07-31,안심뉴타운1,212,19,231
2026-07-31,옥포농협2,71,160,231
2026-07-31,중리삼거리1,21,210,231
2026-07-31,지산2길입구,228,2,230
2026-07-31,갓골건너,226,2,228
2026-07-31,반송리,225,3,228
2026-07-31,옥포농협,194,33,227
2026-07-31,달성소방서앞,63,163,226
2026-07-31,북구어울아트센터앞,41,185,226
2026-07-31,석굴암IC교아래,217,8,225
2026-07-31,군위농협 소보지점,196,28,224
2026-07-31,하빈농협건너,224,0,224
2026-07-31,달서중고등학교건너,219,4,223
2026-07-31,도평동입구2,132,91,223
2026-07-31,정대숲,222,1,223
2026-07-31,화성전문요양원건너,106,117,223
2026-07-31,달성산업단지건너,161,59,220
2026-07-31,냉천리2,49,170,219
2026-07-31,반송4교앞,217,2,219
2026-07-31,한국부동산원앞2,116,102,218
2026-07-31,금구2리,198,16,214
2026-07-31,삼산리(삼산교회앞),30,184,214
2026-07-31,덕곡(대구선명학교),116,97,213
2026-07-31,세천리2,183,30,213
2026-07-31,국립대구과학관건너,131,81,212
2026-07-31,용금공단건너,6,206,212
2026-07-31,두리봉터널종점건너,172,39,211
2026-07-31,칡골마을건너,207,2,209
2026-07-31,노이2리앞,190,18,208
2026-07-31,교항2리마을입구,11,195,206
2026-07-31,숙천2동마을회관건너,196,10,206
2026-07-31,만촌삼정그린코아앞,10,195,205
2026-07-31,대성테크앞,143,61,204
2026-07-31,세천고개1,167,36,203
2026-07-31,이곡양수장건너,132,70,202
2026-07-31,국우동현대아파트건너,79,122,201
2026-07-31,군위군 행정복지센터,73,128,201
2026-07-31,공산파출소,45,155,200
2026-07-31,금포교2,110,90,200
2026-07-31,다사주공아파트건너,198,2,200
2026-07-31,정대리(대구미술광장),200,0,200
2026-07-31,화원유원지입구,64,136,200
2026-07-31,상리동입구1,11,188,199
2026-07-31,유가차천,173,24,197
2026-07-31,논공읍행정복지센터건너2,54,142,196
2026-07-31,대일1리마을회관건너,111,85,196
2026-07-31,이천동,181,15,196
2026-07-31,고봉리,192,3,195
2026-07-31,당정마을입구건너,191,4,195
2026-07-31,삼산지,194,0,194
2026-07-31,서부리,113,81,194
2026-07-31,장기초등학교건너,183,11,194
2026-07-31,달성취수장건너,19,174,193
2026-07-31,금포1교3,1,190,191
2026-07-31,대구우편집중국건너,8,183,191
2026-07-31,탱리마을건너,191,0,191
2026-07-31,방짜유기박물관앞,7,182,189
2026-07-31,정대2리(마내미골)종점,175,14,189
2026-07-31,보성기계앞,5,183,188
2026-07-31,설화명곡역(4번출구),107,79,186
2026-07-31,금호천년나무8단지앞,34,150,184
2026-07-31,서영기공건너,182,1,183
2026-07-31,한국타이어건너,123,60,183
2026-07-31,흥성정공건너,168,14,182
2026-07-31,읍내2리-의흥정류소,166,15,181
2026-07-31,군위유통센타앞,160,20,180
2026-07-31,명곡1리입구2,75,105,180
2026-07-31,성서4차산업단지앞1,164,16,180
2026-07-31,삼산리입구앞,1,178,179
2026-07-31,옥포중앙교회앞,70,109,179
2026-07-31,인산마을앞,29,150,179
2026-07-31,대구소프트웨어마이스터고등학교앞,169,9,178
2026-07-31,마비정벽화마을(종점),173,5,178
2026-07-31,백송온천호텔건너,173,5,178
2026-07-31,육신사,165,13,178
2026-07-31,무등1리2,177,0,177
2026-07-31,신기리2,149,28,177
2026-07-31,효자강순항나무,177,0,177
2026-07-31,부동(종점),156,19,175
2026-07-31,금포새터길2,4,170,174
2026-07-31,성동앞,120,54,174
2026-07-31,연경동종점2,172,2,174
2026-07-31,제일풍경채센트럴건너,26,146,172
2026-07-31,포산서사거리2,58,114,172
2026-07-31,화암로2,48,123,171
2026-07-31,신무동1,168,2,170
2026-07-31,동곡초등학교앞,120,49,169
2026-07-31,기곡(종점),149,17,166
2026-07-31,삼국유사면 행정복지센터앞,156,10,166
2026-07-31,영풍열처리건너,88,77,165
2026-07-31,우록리(자양마을)앞,165,0,165
2026-07-31,화계1리,164,0,164
2026-07-31,오2리(음지머구),163,0,163
2026-07-31,한걸고정마을,159,3,162
2026-07-31,상원리(전평못식당)1,160,0,160
2026-07-31,칠곡한서타운앞,74,86,160
2026-07-31,우록리(숲속전원마을)앞,157,1,158
2026-07-31,골안골,11,146,157
2026-07-31,대평교회건너,157,0,157
2026-07-31,공단하수처리장앞,107,48,155
2026-07-31,중마을(시내방향),153,2,155
2026-07-31,한걸마을앞,37,118,155
2026-07-31,내동건너,8,146,154
2026-07-31,대한수목원건너,152,2,154
2026-07-31,능성동(종점)2,135,18,153
2026-07-31,달서별빛캠핑장앞,107,46,153
2026-07-31,문주마을앞,50,102,152
2026-07-31,서대구역(북측),89,61,150
2026-07-31,소보시장,146,4,150
2026-07-31,성동탱자나무마을건너,102,47,149
2026-07-31,강동초교앞,29,119,148
2026-07-31,아주철강건너,61,87,148
2026-07-31,장군1리,133,15,148
2026-07-31,홍천사입구,40,108,148
2026-07-31,단산리(송하빌라)1,146,1,147
2026-07-31,오리(양지마을),147,0,147
2026-07-31,서당마을앞,28,117,145
2026-07-31,신기리1,104,41,145
2026-07-31,용계동4,136,9,145
2026-07-31,청소년수련원앞,79,66,145
2026-07-31,도동청구타운건너,37,107,144
2026-07-31,영조아파트건너,21,122,143
2026-07-31,평촌리,90,53,143
2026-07-31,국립대구과학관정문앞,5,137,142
2026-07-31,죽곡푸르지오2단지1,45,97,142
2026-07-31,팔공산도림사추모공원,117,25,142
2026-07-31,유가농협앞,124,17,141
2026-07-31,지산2길입구건너,136,4,140
2026-07-31,교항2리회관,116,23,139
2026-07-31,대평2리,138,0,138
2026-07-31,부곡리건너,137,1,138
2026-07-31,세천리1건너,118,20,138
2026-07-31,하빈우체국건너,138,0,138
2026-07-31,하산스무지(종점),130,8,138
2026-07-31,연경숲아파트앞,120,17,137
2026-07-31,노이3리1,131,5,136
2026-07-31,설화리(종점)2,130,6,136
2026-07-31,대구학생수련관입구앞,11,124,135
2026-07-31,상리마을앞,134,1,135
2026-07-31,대구교도소앞,28,106,134
2026-07-31,팔공학생야영장앞,133,1,134
2026-07-31,화본1리 마을회관,132,1,133
2026-07-31,생각을담는정원앞,67,65,132
2026-07-31,송정마을2,129,3,132
2026-07-31,매천대교2,1,130,131
2026-07-31,유가차천1,111,20,131
2026-07-31,가천동앞,60,70,130
2026-07-31,샤니삼거리1,130,0,130
2026-07-31,유가사(종점),107,23,130
2026-07-31,한걸마을건너,130,0,130
2026-07-31,가창댐1,15,114,129
2026-07-31,가암1리,128,0,128
2026-07-31,국가정보자원관리원,112,16,128
2026-07-31,금양리,128,0,128
2026-07-31,대흥리,128,0,128
2026-07-31,매골2,126,2,128
2026-07-31,상중심마을2,128,0,128
2026-07-31,에이스이노텍앞,18,110,128
2026-07-31,대율2리,119,8,127
2026-07-31,도덕마을,116,11,127
2026-07-31,본리1리,106,21,127
2026-07-31,불로리,57,69,126
2026-07-31,대구소프트웨어마이스터고등학교건너,12,113,125
2026-07-31,군위군민회관,105,19,124
2026-07-31,동북주유소건너,87,37,124
2026-07-31,무성2.3리,115,9,124
2026-07-31,정대1리(바깥매남),123,0,123
2026-07-31,중심마을2,119,3,122
2026-07-31,아주철강앞,58,63,121
2026-07-31,매호1교건너,15,104,119
2026-07-31,문양리1,114,5,119
2026-07-31,율하천4교2,1,118,119
2026-07-31,(주)영화건너,4,113,117
2026-07-31,달성화석박물관건너,114,3,117
2026-07-31,용계동1,22,95,117
2026-07-31,한국환경공단건너,72,45,117
2026-07-31,덕산마을앞,115,1,116
2026-07-31,정리,110,6,116
2026-07-31,보훈병원건너,12,103,115
2026-07-31,한국환경공단앞,61,54,115
2026-07-31,삼산리(범동교),109,5,114
2026-07-31,이천리(시외방향),104,10,114
2026-07-31,큰마을,113,1,114
2026-07-31,가호1리 마을회관,113,0,113
2026-07-31,대일1리점촌마을,35,77,112
2026-07-31,금구1리,104,7,111
2026-07-31,파전리,109,2,111
2026-07-31,교항2리회관건너,32,78,110
2026-07-31,군위우체국앞,65,45,110
2026-07-31,대리마을회관,87,23,110
2026-07-31,앞산궁도장앞,97,13,110
2026-07-31,반송리2,100,7,107
2026-07-31,신무3교(하행),107,0,107
2026-07-31,장군1리,83,24,107
2026-07-31,주2리1,104,3,107
2026-07-31,도동교2,15,91,106
2026-07-31,웃갈미마을건너,102,4,106
2026-07-31,조야초등학교앞,25,81,106
2026-07-31,병수리,42,63,105
2026-07-31,거매리,101,3,104
2026-07-31,이화2리,83,21,104
2026-07-31,한국클래드텍앞,2,102,104
2026-07-31,현내1리,103,1,104
2026-07-31,화암로1,49,55,104
2026-07-31,고모역앞,71,32,103
2026-07-31,하나원전문장례식장,38,65,103
2026-07-31,양지리,102,0,102
2026-07-31,용수동2,101,1,102
2026-07-31,오뚜기물류센터,96,5,101
2026-07-31,음리1,97,4,101
2026-07-31,춘산리(현창),98,3,101
2026-07-31,박곡리해랑포앞,76,24,100
2026-07-31,새마을입구,98,2,100
2026-07-31,팔공한마음주유소건너,90,10,100
2026-07-31,효령-중구리,88,12,100
2026-07-31,대암1리1,99,0,99
2026-07-31,성산리1,29,69,98
2026-07-31,유곡사거리2,1,97,98
2026-07-31,가태리마을회관건너,64,33,97
2026-07-31,다사주공아파트앞,20,77,97
2026-07-31,도의리,90,7,97
2026-07-31,국우동현대아파트건너2,4,92,96
2026-07-31,대구하이텍고교앞,13,83,96
2026-07-31,신성중공업건너,15,81,96
2026-07-31,한정리(한정초교),94,0,94
2026-07-31,화산분동건너,93,1,94
2026-07-31,달성2차산업단지출장소앞,79,14,93
2026-07-31,부남교2,93,0,93
2026-07-31,단산리입구1,91,1,92
2026-07-31,박곡리해랑포건너,48,44,92
2026-07-31,읍내2리-의흥정류소,89,3,92
2026-07-31,대북1리,91,0,91
2026-07-31,박곡리(시내방향),91,0,91
2026-07-31,다사체육공원건너,87,3,90
2026-07-31,문양기지창앞,69,21,90
2026-07-31,주1리,6,84,90
2026-07-31,불로리,30,59,89
2026-07-31,예현2리마을회관,86,3,89
2026-07-31,위천삼거리(논공방향),56,33,89
2026-07-31,한양산호아파트앞,71,18,89
2026-07-31,군위국민체육센터,30,58,88
2026-07-31,진정마을2,27,61,88
2026-07-31,하빈초등학교건너,2,86,88
2026-07-31,거매리,52,35,87
2026-07-31,용연사,70,17,87
2026-07-31,감문리(삼실)앞,4,82,86
2026-07-31,방천리2,29,57,86
2026-07-31,진인동(양지마을)앞,84,2,86
2026-07-31,옥분리1,16,69,85
2026-07-31,남산2리,76,7,83
2026-07-31,마비정삼거리2,83,0,83
2026-07-31,묘1리 파회,73,10,83
2026-07-31,송정동1,9,74,83
2026-07-31,수북1리,83,0,83
2026-07-31,유곡리공영차고지앞,83,0,83
2026-07-31,위천1리앞,26,55,81
2026-07-31,이천동(종점),81,0,81
2026-07-31,퇴계마을앞,81,0,81
2026-07-31,하빈농협입구,16,65,81
2026-07-31,군위병원,75,5,80
2026-07-31,경상북도농업인회관,32,47,79
2026-07-31,문양리입구2,9,70,79
2026-07-31,화원유원지,78,1,79
2026-07-31,도학동1,17,61,78
2026-07-31,동곡리,70,8,78
2026-07-31,복성리,78,0,78
2026-07-31,산법리,78,0,78
2026-07-31,신화1리,75,3,78
2026-07-31,달천리(시내방향),74,3,77
2026-07-31,매곡정수사업소앞,1,76,77
2026-07-31,서영기공앞,3,74,77
2026-07-31,우록리(부곡장식당)건너,77,0,77
2026-07-31,위성1리,77,0,77
2026-07-31,동북주유소앞,8,68,76
2026-07-31,산성치안센터,58,18,76
2026-07-31,봉황2리,75,0,75
2026-07-31,파계사입구건너,45,30,75
2026-07-31,김흥리마을입구,74,0,74
2026-07-31,도남동,74,0,74
2026-07-31,무등2리입구건너,73,1,74
2026-07-31,장기1리,19,55,74
2026-07-31,하빈면행정복지센터앞,16,58,74
2026-07-31,세천북로1,35,38,73
2026-07-31,당동마을앞,0,72,72
2026-07-31,도동제1경로당앞,69,3,72
2026-07-31,화수1리,70,2,72
2026-07-31,냉천2리,57,14,71
2026-07-31,사리1리,68,3,71
2026-07-31,삼익THK건너,33,38,71
2026-07-31,화계2리,44,27,71
2026-07-31,도산1리마을회관,69,1,70
2026-07-31,율하천4교1,69,1,70
2026-07-31,팔공한마음주유소,10,60,70
2026-07-31,현내2리중방마을건너,70,0,70
2026-07-31,화계1리,49,21,70
2026-07-31,화산분동앞,52,18,70
2026-07-31,감문리(삼실)건너,67,2,69
2026-07-31,금매1리,62,7,69
2026-07-31,금매2리,69,0,69
2026-07-31,도남지,69,0,69
2026-07-31,현풍공영버스정류장2,69,0,69
2026-07-31,검단상가아파트건너,13,55,68
2026-07-31,성산리3,44,24,68
2026-07-31,솔밭기세길입구,67,1,68
2026-07-31,신덕마을입구건너,62,6,68
2026-07-31,푸르밀대구공장,67,1,68
2026-07-31,광현3리,67,0,67
2026-07-31,모산리,66,1,67
2026-07-31,군위병원,4,62,66
2026-07-31,다사체육공원앞,61,5,66
2026-07-31,달성소방서건너,50,16,66
2026-07-31,대구공고테크노폴리스캠퍼스1,28,38,66
2026-07-31,상곡리,64,2,66
2026-07-31,학남초등학교건너,7,59,66
2026-07-31,능성동입구앞,5,60,65
2026-07-31,달성산업단지관리공단2,58,7,65
2026-07-31,달천리(시외방향),58,7,65
2026-07-31,만촌자전거경기장,36,29,65
2026-07-31,외량3리,65,0,65
2026-07-31,고곡1리,64,0,64
2026-07-31,공군기지관사입구,8,56,64
2026-07-31,달성취수장앞,14,50,64
2026-07-31,주리(삼진식당),6,58,64
2026-07-31,파계사입구앞,53,11,64
2026-07-31,동산2리,63,0,63
2026-07-31,정대1리(안매남),62,1,63
2026-07-31,군위역사,60,2,62
2026-07-31,매골1,12,50,62
2026-07-31,매성2리,61,0,61
2026-07-31,무성리,61,0,61
2026-07-31,송정동2,56,5,61
2026-07-31,외량1리,61,0,61
2026-07-31,율하천5교2,2,59,61
2026-07-31,화전동1,14,47,61
2026-07-31,노행2리,59,1,60
2026-07-31,다사역(4번출구),58,2,60
2026-07-31,다사초등학교건너,55,5,60
2026-07-31,무성2.3리,19,41,60
2026-07-31,위성4리,59,1,60
2026-07-31,자리미마을2,58,2,60
2026-07-31,진인동(진정마을)1,58,2,60
2026-07-31,춘산리(현창),44,16,60
2026-07-31,화북1리,59,1,60
2026-07-31,감문1리2,57,2,59
2026-07-31,내의1리,59,0,59
2026-07-31,도동복합운동장건너,58,1,59
2026-07-31,묘2리(고려정밀),59,0,59
2026-07-31,항공교통본부앞,59,0,59
2026-07-31,대한수목원앞,4,54,58
2026-07-31,세천리1,46,12,58
2026-07-31,용연사시설집단지구건너,58,0,58
2026-07-31,유산리,58,0,58
2026-07-31,율하천6교2,8,50,58
2026-07-31,칠곡경대병원역건너2,58,0,58
2026-07-31,대리마을앞,27,30,57
2026-07-31,묘1리,57,0,57
2026-07-31,연계1리,57,0,57
2026-07-31,춘산리(양지),5,52,57
2026-07-31,항공교통본부건너,0,57,57
2026-07-31,화원파크뷰우방아이유쉘아파트앞,20,37,57
2026-07-31,동부리,53,3,56
2026-07-31,모산리,56,0,56
2026-07-31,행정2리앞,40,16,56
2026-07-31,낙전리,46,9,55
2026-07-31,샛터마을입구,4,51,55
2026-07-31,오천리,50,5,55
2026-07-31,유곡공원앞,0,55,55
2026-07-31,평광마을회관,55,0,55
2026-07-31,삼국유사면 행정복지센터,38,16,54
2026-07-31,석산리,53,1,54
2026-07-31,이지2리,53,1,54
2026-07-31,대흥2리,38,15,53
2026-07-31,무등보건진료소건너,53,0,53
2026-07-31,연화리2,4,49,53
2026-07-31,오곡리마을회관,53,0,53
2026-07-31,광현2리,52,0,52
2026-07-31,연계1리,48,4,52
2026-07-31,금매1리,40,11,51
2026-07-31,목단1리마을회관앞,51,0,51
2026-07-31,삼국유사면문화관,41,10,51
2026-07-31,삼산1리,48,3,51
2026-07-31,신무1교2,51,0,51
2026-07-31,위성2리,51,0,51
2026-07-31,현대메카닉스앞,0,51,51
2026-07-31,화계,50,1,51
2026-07-31,진인동(양지마을)건너,0,50,50
2026-07-31,달성화석박물관앞,2,47,49
2026-07-31,목단2리1,49,0,49
2026-07-31,보현1리,49,0,49
2026-07-31,삼리2교차로 2,5,44,49
2026-07-31,삼육구가든건너,10,39,49
2026-07-31,새마을건너,1,48,49
2026-07-31,서경리,49,0,49
2026-07-31,팔거교,4,45,49
2026-07-31,금매2리,41,7,48
2026-07-31,나호3리,44,4,48
2026-07-31,대구그린파워앞,5,43,48
2026-07-31,대율1리,12,36,48
2026-07-31,샤니삼거리2,32,16,48
2026-07-31,송정동3,2,46,48
2026-07-31,유가농협건너,11,37,48
2026-07-31,장기1리,48,0,48
2026-07-31,현대메카닉스건너,48,0,48
2026-07-31,내곡동마을회관,44,3,47
2026-07-31,봉촌낙동길입구,47,0,47
2026-07-31,신화1리,37,10,47
2026-07-31,귀남지휴게소1,46,0,46
2026-07-31,봉촌리,46,0,46
2026-07-31,성산3동,0,46,46
2026-07-31,옥포벚꽃길1,26,20,46
2026-07-31,공산댐앞,9,36,45
2026-07-31,내량2리,45,0,45
2026-07-31,대평교회앞,17,28,45
2026-07-31,중뫼마을건너,45,0,45
2026-07-31,가호1,41,3,44
2026-07-31,고곡리,2,42,44
2026-07-31,군위군청,40,4,44
2026-07-31,문양리입구1,27,17,44
2026-07-31,갓골앞,4,39,43
2026-07-31,당정마을입구,28,15,43
2026-07-31,삼산리(범동교)건너,23,20,43
2026-07-31,이지1리,43,0,43
2026-07-31,정대숲앞,43,0,43
2026-07-31,춘산리(양지),24,19,43
2026-07-31,학암1리,36,7,43
2026-07-31,도학교2,41,1,42
2026-07-31,동산1리,40,2,42
2026-07-31,삼산2리,33,9,42
2026-07-31,송정1동,3,39,42
2026-07-31,연호동(종점),41,1,42
2026-07-31,이천리(시내방향),39,3,42
2026-07-31,백송온천호텔앞,30,11,41
2026-07-31,송정동4,15,26,41
2026-07-31,옥포벚꽃길2,22,19,41
2026-07-31,교수촌,39,1,40
2026-07-31,구라1리2,39,1,40
2026-07-31,달창저수지,40,0,40
2026-07-31,이화,25,15,40
2026-07-31,화계2리,34,6,40
2026-07-31,담안마을1,6,33,39
2026-07-31,동곡1리3,32,7,39
2026-07-31,봉촌1리3,39,0,39
2026-07-31,송정마을1,4,35,39
2026-07-31,에이스이노텍건너,18,21,39
2026-07-31,주2리(최정사입구),7,32,39
2026-07-31,김흥1리건너,37,1,38
2026-07-31,나호1리,38,0,38
2026-07-31,다사초등학교앞,10,28,38
2026-07-31,모개월앞,2,36,38
2026-07-31,문양역앞,31,7,38
2026-07-31,백안교1,0,38,38
2026-07-31,용대리,38,0,38
2026-07-31,웃갈미마을앞,1,37,38
2026-07-31,금구2리,18,19,37
2026-07-31,송원리(봉황리방면),37,0,37
2026-07-31,매곡1리경로회관,36,0,36
2026-07-31,매성1리,36,0,36
2026-07-31,봉소리,36,0,36
2026-07-31,부곡리,19,17,36
2026-07-31,용화사앞,36,0,36
2026-07-31,육신사입구,14,22,36
2026-07-31,평호리-낫거리,35,1,36
2026-07-31,봉림삼거리,35,0,35
2026-07-31,사리1리-중산,35,0,35
2026-07-31,푸르밀대구공장건너,23,12,35
2026-07-31,해안초등학교뒤,2,33,35
2026-07-31,강정보(디아크문화관)건너,6,28,34
2026-07-31,명곡1리입구1,0,34,34
2026-07-31,상당마을,33,1,34
2026-07-31,송호지서편2,0,34,34
2026-07-31,수태골건너,16,18,34
2026-07-31,신무교2,32,2,34
2026-07-31,화원영농자재판매상건너,32,2,34
2026-07-31,화전2리,31,3,34
2026-07-31,기곡리2,33,0,33
2026-07-31,달성산업단지관리공단1,8,25,33
2026-07-31,달성삼환나우빌건너,4,29,33
2026-07-31,본리근린공원건너,31,2,33
2026-07-31,송원1,33,0,33
2026-07-31,용수동당산2,33,0,33
2026-07-31,지호1리-안태동,29,4,33
2026-07-31,하곡리,33,0,33
2026-07-31,구삼폭포앞,32,0,32
2026-07-31,김흥2리앞,32,0,32
2026-07-31,노사평화의전당건너,14,18,32
2026-07-31,달산2리,32,0,32
2026-07-31,용진마을건너,5,27,32
2026-07-31,고봉리2,27,4,31
2026-07-31,구라1리1,0,31,31
2026-07-31,노행1리,31,0,31
2026-07-31,마시1리,8,23,31
2026-07-31,연경숲아파트건너,19,12,31
2026-07-31,나호2리,27,3,30
2026-07-31,내량2리,30,0,30
2026-07-31,목단1리1,30,0,30
2026-07-31,삼산1리,26,4,30
2026-07-31,서부소방서,20,10,30
2026-07-31,송해공원,5,25,30
2026-07-31,우록리(선흥사입구),27,3,30
2026-07-31,우록리(자양마을)건너,1,29,30
2026-07-31,숙천동 건너,5,24,29
2026-07-31,양리1,29,0,29
2026-07-31,운산리,22,7,29
2026-07-31,측백나무숲앞,2,27,29
2026-07-31,구룡촌앞,28,0,28
2026-07-31,달서중고등학교앞,4,24,28
2026-07-31,매곡1리정미소,28,0,28
2026-07-31,미성1리,28,0,28
2026-07-31,산성치안센터,26,2,28
2026-07-31,신계리,28,0,28
2026-07-31,정대2리(큰바위숲)앞,28,0,28
2026-07-31,나호2리,20,7,27
2026-07-31,달성2차산업단지출장소건너,27,0,27
2026-07-31,마시1리,24,3,27
2026-07-31,삼국유사테마파크건너,15,12,27
2026-07-31,송호지서편1,27,0,27
2026-07-31,연계2리,27,0,27
2026-07-31,인산마을회관앞,26,1,27
2026-07-31,제2석굴암,27,0,27
2026-07-31,현풍읍행정복지센터건너,25,2,27
2026-07-31,감문1리3,1,25,26
2026-07-31,김흥2리건너,0,26,26
2026-07-31,대구보훈요양원앞,26,0,26
2026-07-31,대북2리,26,0,26
2026-07-31,보현2리,25,1,26
2026-07-31,수태골앞,24,2,26
2026-07-31,화북3리,5,21,26
2026-07-31,남산1리,25,0,25
2026-07-31,다리골,22,3,25
2026-07-31,달성문화원건너,25,0,25
2026-07-31,반송4교건너,15,10,25
2026-07-31,봉촌2리,25,0,25
2026-07-31,삼산2리,22,3,25
2026-07-31,삼육구가든앞,25,0,25
2026-07-31,성2리,25,0,25
2026-07-31,신무교1,0,25,25
2026-07-31,옥연지,1,24,25
2026-07-31,이화3리,25,0,25
2026-07-31,하빈체육공원앞,25,0,25
2026-07-31,동호마을앞,9,15,24
2026-07-31,미곡교2,19,5,24
2026-07-31,삽령리,24,0,24
2026-07-31,연경11,14,10,24
2026-07-31,오곡리건너편,24,0,24
2026-07-31,율하천6교1,24,0,24
2026-07-31,지호2리-지호3리,23,1,24
2026-07-31,내리리,18,5,23
2026-07-31,농연서당2,23,0,23
2026-07-31,무암1리,17,6,23
2026-07-31,봉황3리,23,0,23
2026-07-31,용봉삼거리1,18,5,23
2026-07-31,유곡사거리4,1,22,23
2026-07-31,진인동(진정마을)2,18,5,23
2026-07-31,강정(종점),15,7,22
2026-07-31,고곡보건지소,22,0,22
2026-07-31,구라3리2,22,0,22
2026-07-31,삼산지건너,8,14,22
2026-07-31,설화리(종점)1,19,3,22
2026-07-31,성리,12,10,22
2026-07-31,수서1리,22,0,22
2026-07-31,우보,15,7,22
2026-07-31,장기1리,22,0,22
2026-07-31,창평1리,6,16,22
2026-07-31,칡골마을앞,0,22,22
2026-07-31,학암2리,22,0,22
2026-07-31,행정교,3,19,22
2026-07-31,화북3리,22,0,22
2026-07-31,금강역1,21,0,21
2026-07-31,대구공고테크노폴리스캠퍼스2,21,0,21
2026-07-31,문덕1리,19,2,21
2026-07-31,서부리,8,13,21
2026-07-31,위성리,17,4,21
2026-07-31,인지초등학교입구,20,1,21
2026-07-31,정대2리(잿들마을)건너,21,0,21
2026-07-31,하산1리,21,0,21
2026-07-31,화전2리,20,1,21
2026-07-31,금양리,18,2,20
2026-07-31,남산2리,20,0,20
2026-07-31,내리1,20,0,20
2026-07-31,미곡교1,9,11,20
2026-07-31,백학삼거리,20,0,20
2026-07-31,솔밭기세길건너,2,18,20
2026-07-31,창2리2,20,0,20
2026-07-31,화수1리,10,10,20
2026-07-31,가태리마을회관앞,15,4,19
2026-07-31,거매리로타리,18,1,19
2026-07-31,금양1리,19,0,19
2026-07-31,김흥리마을입구건너,5,14,19
2026-07-31,달성문화원앞,0,19,19
2026-07-31,덕산마을건너,2,17,19
2026-07-31,사효교1,19,0,19
2026-07-31,삼국유사면 행정복지센터,19,0,19
2026-07-31,석산리,19,0,19
2026-07-31,성1리,18,1,19
2026-07-31,연호역(3번출구),12,7,19
2026-07-31,LH13단지아파트앞,0,18,18
2026-07-31,가호1리 마을회관,1,17,18
2026-07-31,김흥1리앞,15,3,18
2026-07-31,무등보건진료소앞,5,13,18
2026-07-31,복성리,18,0,18
2026-07-31,부인사앞,13,5,18
2026-07-31,오2리(음지머구건너),0,18,18
2026-07-31,원산1리,18,0,18
2026-07-31,이지2리,7,11,18
2026-07-31,인산큰마을1,0,18,18
2026-07-31,낙전리,17,0,17
2026-07-31,내의1리,17,0,17
2026-07-31,녹동서원앞,4,13,17
2026-07-31,마시1리,0,17,17
2026-07-31,모래정마을건너,17,0,17
2026-07-31,박곡리(시외방향),17,0,17
2026-07-31,봉황1리,17,0,17
2026-07-31,상원리(마을회관)2,3,14,17
2026-07-31,새터건너,9,8,17
2026-07-31,외량3리,12,5,17
2026-07-31,이화,15,2,17
2026-07-31,행정리,0,17,17
2026-07-31,화북1리,9,8,17
2026-07-31,나호1리,16,0,16
2026-07-31,다사역(3번출구),0,16,16
2026-07-31,방짜유기박물관건너,13,3,16
2026-07-31,상리마을건너,1,15,16
2026-07-31,설티고개(달성공단방면),0,16,16
2026-07-31,솔비식당입구맞은편,16,0,16
2026-07-31,송원리(소보방면),0,16,16
2026-07-31,용연사시설집단지구앞,3,13,16
2026-07-31,이지1리,4,12,16
2026-07-31,이현고개삼거리(시외방향),13,3,16
2026-07-31,장군2리,16,0,16
2026-07-31,경상북도인재개발원2,9,6,15
2026-07-31,능성동(종점)1,15,0,15
2026-07-31,달산2리,15,0,15
2026-07-31,두천마을건너,15,0,15
2026-07-31,우보,13,2,15
2026-07-31,우보면사무소,13,2,15
2026-07-31,응암1리1,0,15,15
2026-07-31,금양1리,14,0,14
2026-07-31,대구그린파워건너,12,2,14
2026-07-31,무성리,0,14,14
2026-07-31,새터앞,14,0,14
2026-07-31,서재문화체육센터앞2,9,5,14
2026-07-31,수북1리,2,12,14
2026-07-31,숲다수고용사업장건너,11,3,14
2026-07-31,용화사건너,0,14,14
2026-07-31,우보면사무소,9,5,14
2026-07-31,운산리,14,0,14
2026-07-31,이화리,14,0,14
2026-07-31,화북2리,13,1,14
2026-07-31,효령,14,0,14
2026-07-31,감문1리4,13,0,13
2026-07-31,경주최씨종가2,12,1,13
2026-07-31,고곡2리,13,0,13
2026-07-31,나호3리,12,1,13
2026-07-31,박석진교,1,12,13
2026-07-31,봉산리,13,0,13
2026-07-31,비슬산휴양림주차장,8,5,13
2026-07-31,수서1리,4,9,13
2026-07-31,연광시니어타운앞,13,0,13
2026-07-31,우록리(선흥사입구건너),1,12,13
2026-07-31,화수2리,13,0,13
2026-07-31,감문1리1,4,8,12
2026-07-31,구라3리1,9,3,12
2026-07-31,금강동,10,2,12
2026-07-31,달성스포츠파크건너,12,0,12
2026-07-31,무등1리3,12,0,12
2026-07-31,무암1리,12,0,12
2026-07-31,봉황3리,12,0,12
2026-07-31,송원리,12,0,12
2026-07-31,신무동2,4,8,12
2026-07-31,유곡리,5,7,12
2026-07-31,창2리1,6,6,12
2026-07-31,청수송어장낚시터,0,12,12
2026-07-31,파전리,4,8,12
2026-07-31,팔현마을건너,8,4,12
2026-07-31,학성1리,1,11,12
2026-07-31,행정1리건너,12,0,12
2026-07-31,화원본리1교2,9,3,12
2026-07-31,화원영농자재판매상앞,1,11,12
2026-07-31,기곡리1,9,2,11
2026-07-31,내곡마을입구앞,11,0,11
2026-07-31,내의3리,11,0,11
2026-07-31,대율리,10,1,11
2026-07-31,마시리,9,2,11
2026-07-31,봉촌낙동길입구건너,0,11,11
2026-07-31,서경리,11,0,11
2026-07-31,성2리,10,1,11
2026-07-31,옥전길 입구,11,0,11
2026-07-31,용봉삼거리2,1,10,11
2026-07-31,응암1리2,2,9,11
2026-07-31,정대2리마을회관앞,6,5,11
2026-07-31,현풍공영버스정류장1,9,2,11
2026-07-31,화원파크뷰우방아이유쉘아파트건너,7,4,11
2026-07-31,가암1리,10,0,10
2026-07-31,가창댐,2,8,10
2026-07-31,도채앞,10,0,10
2026-07-31,명산리,8,2,10
2026-07-31,서경리,10,0,10
2026-07-31,성산리4,0,10,10
2026-07-31,수북1리-하리마을,10,0,10
2026-07-31,양지리,10,0,10
2026-07-31,외량2리,10,0,10
2026-07-31,우록리(숲속전원마을)건너,1,9,10
2026-07-31,운산,10,0,10
2026-07-31,유곡리(회차지),10,0,10
2026-07-31,이화리,1,9,10
2026-07-31,인산큰마을2,6,4,10
2026-07-31,창평리,10,0,10
2026-07-31,경동산업앞,9,0,9
2026-07-31,도학교1,1,8,9
2026-07-31,문양3리(장귀미),0,9,9
2026-07-31,미성2리 노인정,9,0,9
2026-07-31,백학2리,9,0,9
2026-07-31,본리2리2,9,0,9
2026-07-31,양방마을앞,9,0,9
2026-07-31,우록리(부곡장식당),5,4,9
2026-07-31,원산3리,8,1,9
2026-07-31,의흥면보건지소,1,8,9
2026-07-31,이화3리,9,0,9
2026-07-31,인산마을회관건너,5,4,9
2026-07-31,정대숲건너,1,8,9
2026-07-31,중심마을1,1,8,9
2026-07-31,하빈농협동곡지점1,4,5,9
2026-07-31,한정리(한정초교건너),1,8,9
2026-07-31,행정1리앞,0,9,9
2026-07-31,가암2리,8,0,8
2026-07-31,구지중학교앞,8,0,8
2026-07-31,농기계임대사업소 동부분소 앞,2,6,8
2026-07-31,달산2리,8,0,8
2026-07-31,대암2리1,8,0,8
2026-07-31,대암내길2,2,6,8
2026-07-31,대흥리,7,1,8
2026-07-31,도동제1경로당건너,0,8,8
2026-07-31,마비정삼거리1,4,4,8
2026-07-31,매곡2리,8,0,8
2026-07-31,매성2리,2,6,8
2026-07-31,문산리,4,4,8
2026-07-31,미성1리,5,3,8
2026-07-31,백학2리,7,1,8
2026-07-31,봉황3리,6,2,8
2026-07-31,사효교2,1,7,8
2026-07-31,솔비식당입구,4,4,8
2026-07-31,연경12,3,5,8
2026-07-31,연호역(3번출구)건너,3,5,8
2026-07-31,오천리,8,0,8
2026-07-31,용대리,8,0,8
2026-07-31,위성3리,8,0,8
2026-07-31,정리,2,6,8
2026-07-31,창평리,0,8,8
2026-07-31,화계3리,8,0,8
2026-07-31,노이2리건너,0,7,7
2026-07-31,묘2리(전마),7,0,7
2026-07-31,미성2리,3,4,7
2026-07-31,봉소리,5,2,7
2026-07-31,봉촌1리2,0,7,7
2026-07-31,수서,7,0,7
2026-07-31,신덕1리,7,0,7
2026-07-31,신무3교(상행),0,7,7
2026-07-31,신세월입구1,7,0,7
2026-07-31,연젓마을건너,2,5,7
2026-07-31,용대3길,7,0,7
2026-07-31,장군2리,2,5,7
2026-07-31,정리,7,0,7
2026-07-31,큰마을건너,0,7,7
2026-07-31,가태2리마을입구,4,2,6
2026-07-31,거매리,6,0,6
2026-07-31,경주최씨종가1,1,5,6
2026-07-31,고매초등학교,6,0,6
2026-07-31,구라리2,1,5,6
2026-07-31,국립식량과학원대구시험지,2,4,6
2026-07-31,금양1리-행골,6,0,6
2026-07-31,금포1교2,3,3,6
2026-07-31,대구제3예비군훈련장,0,6,6
2026-07-31,문덕교회,6,0,6
2026-07-31,미성2리,6,0,6
2026-07-31,본리2리1,1,5,6
2026-07-31,봉산2리,6,0,6
2026-07-31,부인사건너,2,4,6
2026-07-31,사유원,6,0,6
2026-07-31,신계리(도산리우무실방면),6,0,6
2026-07-31,신덕1리,6,0,6
2026-07-31,양지리,3,3,6
2026-07-31,연호동,0,6,6
2026-07-31,이지리,0,6,6
2026-07-31,인각사,6,0,6
2026-07-31,창평2리,2,4,6
2026-07-31,화수2리,6,0,6
2026-07-31,고곡리,4,1,5
2026-07-31,금강역2,0,5,5
2026-07-31,기암2리 백암마을,5,0,5
2026-07-31,남산리,5,0,5
2026-07-31,노행1리-산촌마을,5,0,5
2026-07-31,노행리앞,0,5,5
2026-07-31,농기계임대사업소 동부분소 건너,5,0,5
2026-07-31,단산리입구2,0,5,5
2026-07-31,달서천하수종말처리장앞,0,5,5
2026-07-31,매곡2리 마을회관,5,0,5
2026-07-31,매성1리,2,3,5
2026-07-31,모개월입구,5,0,5
2026-07-31,문덕1리,3,2,5
2026-07-31,백학2리,5,0,5
2026-07-31,봉림2리,5,0,5
2026-07-31,삼산2리,5,0,5
2026-07-31,성1리,4,1,5
2026-07-31,신계리(소보정류장방면),1,4,5
2026-07-31,양지리,5,0,5
2026-07-31,연계1리,4,1,5
2026-07-31,오리(양지마을앞),0,5,5
2026-07-31,오천리,5,0,5
2026-07-31,옥전길 입구,4,1,5
2026-07-31,용수동1,4,1,5
2026-07-31,우보역,2,3,5
2026-07-31,의흥면보건지소,4,1,5
2026-07-31,파전리,0,5,5
2026-07-31,팔공학생야영장입구앞,5,0,5
2026-07-31,하빈우체국앞,1,4,5
2026-07-31,화계3리,5,0,5
2026-07-31,가암1리,3,1,4
2026-07-31,교항리마을입구건너,0,4,4
2026-07-31,구삼폭포건너,0,4,4
2026-07-31,노행1리,3,1,4
2026-07-31,달산1리,4,0,4
2026-07-31,달산2리,4,0,4
2026-07-31,달서천하수종말처리장건너,3,1,4
2026-07-31,도동서원,3,1,4
2026-07-31,마비정길1,0,4,4
2026-07-31,마시1리 입구 건너,1,3,4
2026-07-31,무암1리,3,1,4
2026-07-31,봉황2리,3,1,4
2026-07-31,부남교1,0,4,4
2026-07-31,비산5동행정복지센터,4,0,4
2026-07-31,삼산2리,3,1,4
2026-07-31,서경리,2,2,4
2026-07-31,성1리,3,1,4
2026-07-31,송원1,1,3,4
2026-07-31,수서2리,0,4,4
2026-07-31,연계1리,4,0,4
2026-07-31,위성리,3,1,4
2026-07-31,음리2,2,2,4
2026-07-31,정대2리(잿들마을)앞,0,4,4
2026-07-31,정대리(대구미술광장건너),0,4,4
2026-07-31,창평2리,1,3,4
2026-07-31,터실마을,4,0,4
2026-07-31,하산2리,3,1,4
2026-07-31,화계,4,0,4
2026-07-31,가암1리,2,1,3
2026-07-31,가호1,3,0,3
2026-07-31,고곡1리,0,3,3
2026-07-31,광현2리,3,0,3
2026-07-31,구라리,0,3,3
2026-07-31,나호리,0,3,3
2026-07-31,낙전리,0,3,3
2026-07-31,내곡마을입구건너,3,0,3
2026-07-31,냉천리3,0,3,3
2026-07-31,달산-양산골,3,0,3
2026-07-31,달산리,3,0,3
2026-07-31,대구환경공단달성사업소건너,1,2,3
2026-07-31,대암내길1,3,0,3
2026-07-31,대율2리,3,0,3
2026-07-31,대흥2리,0,3,3
2026-07-31,도동복합운동장앞,0,3,3
2026-07-31,도장마을,0,3,3
2026-07-31,동부사거리,1,2,3
2026-07-31,마비정길2,3,0,3
2026-07-31,미성교,3,0,3
2026-07-31,백학삼거리,1,2,3
2026-07-31,봉산2리,3,0,3
2026-07-31,사직2리,3,0,3
2026-07-31,선곡2리,3,0,3
2026-07-31,설티고개(옥포방면),3,0,3
2026-07-31,수서,3,0,3
2026-07-31,숙천2동마을회관앞,0,3,3
2026-07-31,신화2리,3,0,3
2026-07-31,양리2,3,0,3
2026-07-31,양지리,0,3,3
2026-07-31,연광시니어타운건너,0,3,3
2026-07-31,옥연지건너,2,1,3
2026-07-31,우보역,2,1,3
2026-07-31,이화2리,3,0,3
2026-07-31,정대2리(큰바위숲)건너,0,3,3
2026-07-31,정리,2,1,3
2026-07-31,퇴계마을건너,2,1,3
2026-07-31,학암2리,3,0,3
2026-07-31,현풍읍행정복지센터앞,0,3,3
2026-07-31,화계1리,3,0,3
2026-07-31,화수1리,3,0,3
2026-07-31,화수1리,0,3,3
2026-07-31,화수리,0,3,3
2026-07-31,화수리,3,0,3
2026-07-31,화전리,2,1,3
2026-07-31,가암리,2,0,2
2026-07-31,고곡리,0,2,2
2026-07-31,구룡촌건너,0,2,2
2026-07-31,구지중학교건너,1,1,2
2026-07-31,군위군농산물공판장,1,1,2
2026-07-31,귀남지휴게소2,0,2,2
2026-07-31,내량2리,2,0,2
2026-07-31,노이3리2,0,2,2
2026-07-31,노행1리-산촌마을,0,2,2
2026-07-31,농연서당1,1,1,2
2026-07-31,단산리(송하빌라)2,0,2,2
2026-07-31,달산2리,2,0,2
2026-07-31,달산2리-법주,2,0,2
2026-07-31,달산2리-음지말,2,0,2
2026-07-31,달산2리-음지말,2,0,2
2026-07-31,달성주민건강증진센터,0,2,2
2026-07-31,대구환경공단달성사업소앞,1,1,2
2026-07-31,동부사거리,2,0,2
2026-07-31,마시리,1,1,2
2026-07-31,목단2리2,0,2,2
2026-07-31,묘2리(전마)건너,0,2,2
2026-07-31,무등2리,0,2,2
2026-07-31,무암2리,2,0,2
2026-07-31,문양리2,1,1,2
2026-07-31,병수2리 마을회관,0,2,2
2026-07-31,봉림삼거리,2,0,2
2026-07-31,봉산2리,2,0,2
2026-07-31,봉산2리,2,0,2
2026-07-31,봉산리,2,0,2
2026-07-31,봉황1리,2,0,2
2026-07-31,사직2리,0,2,2
2026-07-31,산대 전원마을,1,1,2
2026-07-31,산성면 행정복지센터,2,0,2
2026-07-31,삼산2리,0,2,2
2026-07-31,삼산2리,2,0,2
2026-07-31,석산리,0,2,2
2026-07-31,송원리,0,2,2
2026-07-31,수북1리-하리마을,0,2,2
2026-07-31,수서1리,0,2,2
2026-07-31,신화2리,1,1,2
2026-07-31,용리앞,1,1,2
2026-07-31,용수동당산1,0,2,2
2026-07-31,원산2리,2,0,2
2026-07-31,이화3리,2,0,2
2026-07-31,이화3리,2,0,2
2026-07-31,인곡리,2,0,2
2026-07-31,자리미마을1,1,1,2
2026-07-31,중뫼마을앞,0,2,2
2026-07-31,지호1리-안태동,1,1,2
2026-07-31,하빈체육공원건너,1,1,2
2026-07-31,학성2리-용아-괴산-장곡1,0,2,2
2026-07-31,행정2리건너,0,2,2
2026-07-31,가암1리,1,0,1
2026-07-31,고곡리,0,1,1
2026-07-31,나호1리,1,0,1
2026-07-31,남산2리,1,0,1
2026-07-31,내리2,1,0,1
2026-07-31,달산,1,0,1
2026-07-31,달산1리,1,0,1
2026-07-31,달산1리(군위농협옆방면),1,0,1
2026-07-31,달산3리-홈골,1,0,1
2026-07-31,대산,1,0,1
2026-07-31,대암1리2,0,1,1
2026-07-31,도채건너,0,1,1
2026-07-31,마시1리 건너,1,0,1
2026-07-31,모래정마을앞,1,0,1
2026-07-31,묘2리(고려정밀)건너,0,1,1
2026-07-31,문덕리 입구,1,0,1
2026-07-31,백학1리,0,1,1
2026-07-31,백학2리,1,0,1
2026-07-31,백학삼거리,1,0,1
2026-07-31,병수2리,0,1,1
2026-07-31,불로리,1,0,1
2026-07-31,산성면 행정복지센터,1,0,1
2026-07-31,삼산2리,1,0,1
2026-07-31,선곡2리,0,1,1
2026-07-31,수리리,1,0,1
2026-07-31,수서2리,1,0,1
2026-07-31,신세월입구2,0,1,1
2026-07-31,연계2리,1,0,1
2026-07-31,연젓마을입구,0,1,1
2026-07-31,외량리,1,0,1
2026-07-31,외량리,1,0,1
2026-07-31,용진마을앞,1,0,1
2026-07-31,이지리,0,1,1
2026-07-31,정3리,1,0,1
2026-07-31,제2석굴암,1,0,1
2026-07-31,창평리,1,0,1
2026-07-31,천내영남맨션,1,0,1
2026-07-31,평호리마을회관,1,0,1
2026-07-31,하목정(종점),0,1,1
2026-07-31,학성1리,1,0,1
2026-07-31,한국전자통신연구원앞,0,1,1
2026-07-31,화수1리,1,0,1
