bizesId,bizesNm,indsLclsNm,indsMclsNm,signguNm,source_adm_cd2,source_adong_nm,polygon_adm_cd2,polygon_adm_nm,lon,lat,boundary_distance_m
MA010120220800086551,푸드하우스,음식,기타 간이,북구,2723055000,침산1동,2723079000,대구광역시 북구 노원동,128.581017395513,35.8904319380575,10.39847645692263
MA010120220800077752,책나무범물점독서학원,교육,일반 교육,수성구,2726066200,범물2동,2726066100,대구광역시 수성구 범물1동,128.64466148665,35.8175761412995,20.053054200288322
MA010120220800079508,헤렌인터내셔널,과학·기술,전문 디자인,중구,2711067000,남산4동,2711065000,대구광역시 중구 남산2동,128.582124996557,35.8642751703396,22.53651335338749
MA010120220800230782,임실N치즈피자,음식,기타 간이,수성구,2726051000,범어1동,2726060200,대구광역시 수성구 황금2동,128.625385563772,35.8494685421091,44.16590571441966
MA010120220800236371,도도네일,수리·개인,이용·미용,중구,2711057500,성내2동,2711065000,대구광역시 중구 남산2동,128.593342554172,35.864424266825,188.59244919554598
MA010120220800232930,짚신매운갈비찜,음식,한식,중구,2711056500,성내1동,2711054500,대구광역시 중구 삼덕동,128.597868289045,35.8681759810538,19.54592982393213
MA010120220800056857,천사홈케어,시설관리·임대,청소·방제,서구,2717062000,평리1동,2717055000,대구광역시 서구 비산1동,128.563800338687,35.8804744549791,2.82081623935077
MA010120220800461273,미가떡집,음식,기타 간이,달서구,2729055500,감삼동,2729056300,대구광역시 달서구 죽전동,128.546235766846,35.8541179669364,36.30401185370287
MA010120220800302685,버블버블,소매,섬유·의복·신발 소매,달서구,2729055000,두류3동,2717054000,대구광역시 서구 내당4동,128.556608440642,35.8575525617758,4.0755196487042324
MA010120220800046611,라린느,과학·기술,전문 디자인,수성구,2726060100,황금1동,2726054000,대구광역시 수성구 범어4동,128.63641015308,35.8505624463339,74.9707084241294
MA010120220800370844,칭구야,음식,주점,남구,2720053000,봉덕1동,2720051500,대구광역시 남구 이천동,128.60396354076,35.8465033393199,35.00089526832271
MA010120220800052099,스토리이즈언더웨어,수리·개인,기타 가정용품 수리,북구,2723075000,관음동,2723077000,대구광역시 북구 읍내동,128.547387386693,35.9445961553314,37.89208439583678
MA010120220800295996,방주공인중개사사무소,부동산,부동산 서비스,동구,2714074700,안심4동,2714072000,대구광역시 동구 안심1동,128.708408856655,35.8700427390608,8.702569743738925
MA010120220800616669,햇빛공방,수리·개인,기타 가정용품 수리,서구,2717062000,평리1동,2717055000,대구광역시 서구 비산1동,128.567407061916,35.880319297651,62.32582943304591
MA010120220800525533,파파존스,음식,기타 간이,북구,2723057000,침산3동,2723052600,대구광역시 북구 칠성동,128.586490569367,35.8861153729917,45.70939079304165
MA010120220800103015,체리타임,소매,의약·화장품 소매,중구,2711056500,성내1동,2711054500,대구광역시 중구 삼덕동,128.59735691014,35.8664165428831,86.17534317677767
MA010120220800052813,에이스통신,소매,가전·통신 소매,서구,2717059000,비산5동,2717061000,대구광역시 서구 비산7동,128.565146743994,35.885872797713,1.3166001151081805
MA010120220800804270,프리지아,소매,섬유·의복·신발 소매,중구,2711057500,성내2동,2711065000,대구광역시 중구 남산2동,128.593342554172,35.864424266825,188.59244919554598
MA010120220800996482,메디바이스의료기,소매,의약·화장품 소매,수성구,2726066200,범물2동,2726066100,대구광역시 수성구 범물1동,128.644386821391,35.8176700142582,8.046701107378912
MA010120220800923773,이마트24신남역점,소매,종합 소매,중구,2711067000,남산4동,2711065000,대구광역시 중구 남산2동,128.582106084742,35.8644376256377,25.16202634997019
MA010120220800803219,제일,음식,기타 간이,남구,2720064000,대명9동,2720060000,대구광역시 남구 대명5동,128.588229210231,35.8472891141662,796.3883395710196
MA010120220801439424,제이엔헤어,수리·개인,이용·미용,남구,2720053000,봉덕1동,2720051500,대구광역시 남구 이천동,128.60396354076,35.8465033393199,35.00089526832271
MA010120220800636403,수성아크릴,과학·기술,인쇄·제품제작,동구,2714067000,방촌동,2714065500,대구광역시 동구 동촌동,128.65764152573,35.8835953113452,21.209888919957976
MA010120220800675523,수성치과의원,보건의료,의원,수성구,2726057000,수성1가동,2726061000,대구광역시 수성구 중동,128.612788193675,35.8488543293079,28.33967910318505
MA010120220800680399,"다겸철학,다겸화장품",소매,의약·화장품 소매,중구,2711057500,성내2동,2711065000,대구광역시 중구 남산2동,128.593342554172,35.864424266825,188.59244919554598
MA010120220801624629,아워홈덴티스본사,음식,구내식당·뷔페,동구,2714073000,안심2동,2714075500,대구광역시 동구 혁신동,128.708230031628,35.8818229986092,48.68149792342788
MA010120220801244268,내차처럼렌터카,시설관리·임대,운송장비 대여,달서구,2729056800,장기동,2729055500,대구광역시 달서구 감삼동,128.532626503501,35.8458034949813,80.71693437166763
MA010120220800825943,대백수산목련점,소매,식료품 소매,수성구,2726065200,지산2동,2726066200,대구광역시 수성구 범물2동,128.637024170457,35.8190411472347,23.091612523881402
MA010120220800636287,에스,수리·개인,이용·미용,남구,2720054000,봉덕2동,2720053000,대구광역시 남구 봉덕1동,128.603614894442,35.8440298443571,32.88998086843818
MA010120220802751912,153파트너스,과학·기술,본사·경영 컨설팅,달성군,2771031000,가창면,2726063000,대구광역시 수성구 파동,128.620467911601,35.8057753631509,95.77237807490512
MA010120220802278212,홈마트,소매,종합 소매,동구,2714062000,불로.봉무동,2714064000,대구광역시 동구 지저동,128.634935487336,35.8962341204653,400.9556813842904
MA010120220802515256,쌈지스포츠,소매,섬유·의복·신발 소매,중구,2711057500,성내2동,2711065000,대구광역시 중구 남산2동,128.593342554172,35.864424266825,188.59244919554598
MA010120220802649863,스쿨푸드두류점,음식,기타 간이,달서구,2729055500,감삼동,2729056300,대구광역시 달서구 죽전동,128.542863638437,35.852611341897,24.030649683883517
MA010120220802273191,스윙잉서울동성로,소매,종합 소매,중구,2711056500,성내1동,2711054500,대구광역시 중구 삼덕동,128.596840149695,35.8665946314528,63.783222972159194
MA010120220802908786,왕자문구,소매,오락용품 소매,동구,2714062000,불로.봉무동,2714064000,대구광역시 동구 지저동,128.635015492211,35.8974315387841,267.9358684906366
MA010120220802917183,대구전자담배프라자,소매,담배 소매,중구,2711057500,성내2동,2711065000,대구광역시 중구 남산2동,128.593342554172,35.864424266825,188.59244919554598
MA010120220802909961,법무사사무소이룸,과학·기술,법무관련 ,달서구,2729056800,장기동,2729057600,대구광역시 달서구 이곡1동,128.515987114992,35.8502500467251,2.0994541834315057
MA010120220802881623,미용실바이쥬,수리·개인,이용·미용,동구,2714065500,동촌동,2714068500,대구광역시 동구 해안동,128.659950321666,35.8843924597427,5.828808840513663
MA010120220801938994,리꼬비101,음식,기타 간이,중구,2711056500,성내1동,2711051700,대구광역시 중구 동인동,128.600989427414,35.8730816877171,3.261259209518322
MA010120220802161334,아이엠와이즈,과학·기술,광고,중구,2711056500,성내1동,2711054500,대구광역시 중구 삼덕동,128.597098950178,35.8656990586793,16.520109813673198
MA010120220802251710,장애인기업제품전시판매장우리몰,소매,종합 소매,달서구,2729057600,이곡1동,2729057700,대구광역시 달서구 이곡2동,128.507248612257,35.8517297595436,2.622397272898714
MA010120220802865703,비노수아브,음식,주점,남구,2720053000,봉덕1동,2720051500,대구광역시 남구 이천동,128.596225774193,35.8497604084871,1.3158560313091654
MA010120220802508872,착한이용소,수리·개인,이용·미용,서구,2717062000,평리1동,2717055000,대구광역시 서구 비산1동,128.566455389996,35.8803497377611,45.49132886535186
MA010120220802504065,이삭토스트대구,음식,기타 간이,달서구,2729065000,본동,2729060200,대구광역시 달서구 월성2동,128.530596040922,35.8340242381627,74.82342538653882
MA010120220802863652,유건이앤디,과학·기술,기술 서비스,달서구,2729055500,감삼동,2729056300,대구광역시 달서구 죽전동,128.547215750228,35.8544207521554,22.986068657005863
MA010120220802837240,아름다운에스테틱,수리·개인,이용·미용,달서구,2729056300,죽전동,2717067500,대구광역시 서구 상중이동,128.543437136716,35.8559292264967,11.662643247973262
MA010120220803024449,행복한용지약국,소매,의약·화장품 소매,수성구,2726066200,범물2동,2726066100,대구광역시 수성구 범물1동,128.644630905764,35.8177027198618,27.122960866466176
MA010120220803046456,깨끗한속내과,보건의료,병원,남구,2720054000,봉덕2동,2720053000,대구광역시 남구 봉덕1동,128.603750756443,35.8441812255198,53.209262387566135
MA010120220802933420,아름인테리어,과학·기술,전문 디자인,동구,2714062000,불로.봉무동,2714064000,대구광역시 동구 지저동,128.632011754496,35.9000136024446,110.69984578331524
MA010120220803079852,루나스팀,수리·개인,자동차 수리·세차,북구,2723074500,구암동,2723073500,대구광역시 북구 태전2동,128.55190892499,35.9236313218376,64.75540832911592
MA010120220802976731,햅,소매,장식품 소매,수성구,2726064000,두산동,2726065200,대구광역시 수성구 지산2동,128.625674060317,35.8245570392863,18.57983451427071
MA010120220802933139,쿠키네일,수리·개인,이용·미용,중구,2711057500,성내2동,2711065000,대구광역시 중구 남산2동,128.593342554172,35.864424266825,188.59244919554598
MA010120220802988976,거상네트웍스,소매,종합 소매,달서구,2729055500,감삼동,2729056300,대구광역시 달서구 죽전동,128.547215750228,35.8544207521554,22.986068657005863
MA010120220802999020,미엔느나인,소매,섬유·의복·신발 소매,중구,2711056500,성내1동,2711054500,대구광역시 중구 삼덕동,128.595905872878,35.8669314604927,24.377400830734484
MA010120220803030034,운동화빨래방,수리·개인,세탁,북구,2723075000,관음동,2723077000,대구광역시 북구 읍내동,128.547143632822,35.9451670157295,29.162288740977697
MA010120220803061863,수아,수리·개인,기타 가정용품 수리,중구,2711057500,성내2동,2711065000,대구광역시 중구 남산2동,128.593342554172,35.864424266825,188.59244919554598
MA010120220803014141,성보마트,소매,종합 소매,동구,2714051000,신암1동,2714054000,대구광역시 동구 신암4동,128.620877626443,35.8900807221116,11.674073313173402
MA010120220803026886,야시보세,소매,섬유·의복·신발 소매,남구,2720059000,대명4동,2720065000,대구광역시 남구 대명10동,128.561103788705,35.8417961845021,23.40078879924261
MA010120220803095305,현풍닭칼국수,음식,한식,중구,2711056500,성내1동,2711054500,대구광역시 중구 삼덕동,128.596964508505,35.8656197433643,1.5827341758120497
MA010120220803069490,달아요,음식,비알코올 ,동구,2714051000,신암1동,2723063000,대구광역시 북구 산격3동,128.616493041167,35.8879410532375,5.017423266964023
MA010120220803018327,강산숯불촌,음식,한식,동구,2714065500,동촌동,2714064000,대구광역시 동구 지저동,128.643724659512,35.8938793091408,72.36064708873869
MA010120220803011007,베이지무드,소매,섬유·의복·신발 소매,중구,2711056500,성내1동,2711054500,대구광역시 중구 삼덕동,128.59637619688,35.8666458559123,35.7993647891728
MA010120220803039814,대구서구시니어클럽행복한일터,시설관리·임대,고용 알선,서구,2717055000,비산1동,2717064000,대구광역시 서구 평리3동,128.560357175304,35.8805012185684,39.10629811436851
MA010120220802948943,타임,소매,섬유·의복·신발 소매,중구,2711056500,성내1동,2711054500,대구광역시 중구 삼덕동,128.598224824435,35.8682883858516,7.200812396168582
MA010120220802937529,오땡큐염색방,수리·개인,이용·미용,중구,2711057500,성내2동,2711065000,대구광역시 중구 남산2동,128.593342554172,35.864424266825,188.59244919554598
MA010120220803053819,바우떡볶이,음식,기타 간이,달서구,2729055500,감삼동,2729056300,대구광역시 달서구 죽전동,128.545901671321,35.8540141285612,40.78507140231305
MA010120220803001193,더쿡,음식,서양식,수성구,2726051000,범어1동,2726060200,대구광역시 수성구 황금2동,128.625385563772,35.8494685421091,44.16590571441966
MA010120220803221711,네일디보티,수리·개인,이용·미용,북구,2723057000,침산3동,2723052600,대구광역시 북구 칠성동,128.586490569367,35.8861153729917,45.70939079304165
MA010120220803231339,반월당약국,소매,의약·화장품 소매,중구,2711057500,성내2동,2711065000,대구광역시 중구 남산2동,128.593342554172,35.864424266825,188.59244919554598
MA010120220803140414,이데알레스토어,소매,섬유·의복·신발 소매,중구,2711056500,성내1동,2711054500,대구광역시 중구 삼덕동,128.596685739845,35.8666237185088,55.34283051466858
MA010120220803164687,맨션드방콕,음식,동남아시아,중구,2711056500,성내1동,2711054500,대구광역시 중구 삼덕동,128.597074102441,35.8655642175822,5.044002627301487
MA010120220803182021,대동강,음식,한식,남구,2720054000,봉덕2동,2720053000,대구광역시 남구 봉덕1동,128.603910560729,35.8438727027721,27.742764222975875
MA010120220803222930,또봉이통닭대구,음식,기타 간이,달서구,2729061500,진천동,2729062800,대구광역시 달서구 도원동,128.529720308459,35.8056939458366,3.455339689504035
MA010120220803178592,돈희극,음식,한식,중구,2711056500,성내1동,2711054500,대구광역시 중구 삼덕동,128.598605335128,35.8679408876848,45.87850875359127
MA010120220803191355,원투삼삼,음식,비알코올 ,서구,2717059000,비산5동,2717061000,대구광역시 서구 비산7동,128.563523224643,35.8883450613577,15.578459581559978
MA010120220803183010,아이앤제이뷰티,수리·개인,이용·미용,달서구,2729056300,죽전동,2717054000,대구광역시 서구 내당4동,128.547517106602,35.8556874940321,79.42397286277482
MA010120220803169560,쿨핀,소매,의약·화장품 소매,중구,2711057500,성내2동,2711065000,대구광역시 중구 남산2동,128.593342554172,35.864424266825,188.59244919554598
MA010120220803203199,코사인,과학·기술,전문 디자인,수성구,2726061000,중동,2726062000,대구광역시 수성구 상동,128.610320122358,35.8390108947454,14.406228108081018
MA010120220803258088,이가네집밥,음식,한식,중구,2711056500,성내1동,2711054500,대구광역시 중구 삼덕동,128.595925479531,35.866805039917,16.549076130670112
MA010120220803101788,예니스트,수리·개인,이용·미용,중구,2711064000,남산1동,2711056500,대구광역시 중구 성내1동,128.594521689227,35.8647059967752,1.7758957691693826
MA010120220803257490,크리미의원,보건의료,의원,중구,2711056500,성내1동,2711054500,대구광역시 중구 삼덕동,128.59695071105,35.8682422532861,11.876672516016896
MA010120220803139621,리꼬비,음식,기타 간이,중구,2711056500,성내1동,2711051700,대구광역시 중구 동인동,128.600989427414,35.8730816877171,3.261259209518322
MA010120220803152123,반디의꿈,음식,비알코올 ,중구,2711057500,성내2동,2711065000,대구광역시 중구 남산2동,128.582469748248,35.8649104420568,28.213237126397143
MA010120220803111536,미인스킨케어,수리·개인,이용·미용,북구,2723075000,관음동,2723077000,대구광역시 북구 읍내동,128.546669844377,35.9458760114995,3.2104651399325093
MA010120220803417590,이지카샵,수리·개인,자동차 수리·세차,동구,2714062000,불로.봉무동,2714064000,대구광역시 동구 지저동,128.633310864498,35.8990948030512,160.47758679454458
MA010120220803398422,미&미,소매,의약·화장품 소매,남구,2720054000,봉덕2동,2720053000,대구광역시 남구 봉덕1동,128.603067817851,35.8443435348589,44.74052553396976
MA010120220803277432,협심인테리어,과학·기술,전문 디자인,남구,2720053000,봉덕1동,2720051500,대구광역시 남구 이천동,128.597090161257,35.8498120002759,31.634760143874733
MA010120220803412525,부영메드,소매,의약·화장품 소매,서구,2717060000,비산6동,2717062000,대구광역시 서구 평리1동,128.567113197077,35.875520026236,27.708034616000003
MA010120220803442212,폰이지,소매,가전·통신 소매,남구,2720056000,대명1동,2720059000,대구광역시 남구 대명4동,128.572209466306,35.8454091639179,0.6535696229178797
MA010120220803299831,필원이앤비,음식,한식,동구,2714062000,불로.봉무동,2714064000,대구광역시 동구 지저동,128.629615286858,35.8992711785241,142.65093112880464
MA010120220803439872,미로헤어라인,수리·개인,이용·미용,달서구,2729056300,죽전동,2717054000,대구광역시 서구 내당4동,128.546198719205,35.8562001041698,65.19162852170884
MA010120220803348345,현이네,소매,섬유·의복·신발 소매,동구,2714062000,불로.봉무동,2714064000,대구광역시 동구 지저동,128.633247185926,35.8959957690169,461.6076314243182
MA010120220803331011,날마다좋은날,음식,한식,동구,2714065500,동촌동,2714064000,대구광역시 동구 지저동,128.643858902824,35.8934088822408,37.97310948367914
MA010120220803300154,더튼튼마취통증의학과,보건의료,의원,남구,2720054000,봉덕2동,2720053000,대구광역시 남구 봉덕1동,128.603750756443,35.8441812255198,53.209262387566135
MA010120220803355345,리벌티,소매,섬유·의복·신발 소매,중구,2711056500,성내1동,2711054500,대구광역시 중구 삼덕동,128.596685739845,35.8666237185088,55.34283051466858
MA010120220803303796,인생닭강정,음식,기타 간이,중구,2711057500,성내2동,2711065000,대구광역시 중구 남산2동,128.593342554172,35.864424266825,188.59244919554598
MA010120220803394980,거기,음식,주점,북구,2723075000,관음동,2723077000,대구광역시 북구 읍내동,128.547311402213,35.9452459551687,45.75293059567611
MA010120220803385464,동성로대경공인중개사,부동산,부동산 서비스,중구,2711056500,성내1동,2711054500,대구광역시 중구 삼덕동,128.598901434916,35.8683514719289,0.43678530426167983
MA010120220803447006,창성이엔지,과학·기술,기술 서비스,달서구,2729056300,죽전동,2717054000,대구광역시 서구 내당4동,128.547112575616,35.8553773016595,30.94883574160348
MA010120220803388442,용용선생,음식,주점,중구,2711056500,성내1동,2711054500,대구광역시 중구 삼덕동,128.598472697856,35.8679516644123,44.63726875097362
MA010120220803411620,피오라뷰티샵,수리·개인,이용·미용,달서구,2729056300,죽전동,2717054000,대구광역시 서구 내당4동,128.547673650253,35.8551988554914,40.75290192274617
MA010120220803278240,반하다,소매,섬유·의복·신발 소매,북구,2723068000,검단동,2723067200,대구광역시 북구 복현2동,128.619839094637,35.9065044154694,5.179949088431879
MA010120220803856022,엘비에이뉴스타공인중개사사무소,부동산,부동산 서비스,달서구,2729062500,상인2동,2729062400,대구광역시 달서구 상인1동,128.534866898561,35.8178931128935,1.3104327521533965
MA010120220803536448,간이역관음점,음식,주점,북구,2723075000,관음동,2723077000,대구광역시 북구 읍내동,128.547143632822,35.9451670157295,29.162288740977697
MA010120220803557298,드레스,소매,섬유·의복·신발 소매,중구,2711057500,성내2동,2711065000,대구광역시 중구 남산2동,128.593342554172,35.864424266825,188.59244919554598
MA010120220803721676,올띵쓰통신,소매,가전·통신 소매,동구,2714065500,동촌동,2714068500,대구광역시 동구 해안동,128.659950321666,35.8843924597427,5.828808840513663
MA010120220803577611,모놀로그,소매,섬유·의복·신발 소매,중구,2711057500,성내2동,2711065000,대구광역시 중구 남산2동,128.593342554172,35.864424266825,188.59244919554598
MA010120220803815970,대구제이씨인테리어,과학·기술,전문 디자인,달서구,2729062400,상인1동,2729061500,대구광역시 달서구 진천동,128.530852947576,35.819169886145,1.7221296215278419
MA010120220803993045,방탈출V,예술·스포츠,유원지·오락,중구,2711056500,성내1동,2711054500,대구광역시 중구 삼덕동,128.598224824435,35.8682883858516,7.200812396168582
MA010120220803857563,좋은날,예술·스포츠,유원지·오락,동구,2714055500,신천1.2동,2714057000,대구광역시 동구 신천3동,128.617650893273,35.8746336716751,4.220437306848346
MA010120220803820530,별하뷰티,수리·개인,이용·미용,달서구,2729056300,죽전동,2717054000,대구광역시 서구 내당4동,128.546724365415,35.8553372432116,8.736451234210707
MA010120220803819743,건축사사무소애드이엔씨,과학·기술,기술 서비스,중구,2711056500,성내1동,2711069000,대구광역시 중구 대봉2동,128.59691902026,35.8600422687066,4.448492228090981
MA010120220803870351,살롱드뷰달비,수리·개인,이용·미용,수성구,2726051000,범어1동,2726060200,대구광역시 수성구 황금2동,128.625385563772,35.8494685421091,44.16590571441966
MA010120220803870766,피카소,소매,섬유·의복·신발 소매,중구,2711057500,성내2동,2711065000,대구광역시 중구 남산2동,128.593342554172,35.864424266825,188.59244919554598
MA010120220803864033,고고비닐,음식,주점,중구,2711056500,성내1동,2711054500,대구광역시 중구 삼덕동,128.599122643089,35.8677898184842,62.81443663608071
MA010120220803699586,청호공인중개사사무소,부동산,부동산 서비스,수성구,2726059000,수성4가동,2726057000,대구광역시 수성구 수성1가동,128.609925998385,35.8611212302088,7.900933206765586
MA010120220803709586,인셀렉,소매,섬유·의복·신발 소매,중구,2711067000,남산4동,2711065000,대구광역시 중구 남산2동,128.582124996557,35.8642751703396,22.53651335338749
MA010120220803726329,에이스영어교습소,교육,일반 교육,수성구,2726066100,범물1동,2726065100,대구광역시 수성구 지산1동,128.643602688536,35.8241779815653,59.1987776156344
MA010120220803671881,플랜비헤어,수리·개인,이용·미용,중구,2711056500,성내1동,2711054500,대구광역시 중구 삼덕동,128.596691565799,35.8663623095284,36.78392696986753
MA010120220803560751,삼십미리에스프레소컴퍼니대구,음식,비알코올 ,중구,2711056500,성내1동,2723052600,대구광역시 북구 칠성동,128.596129599265,35.875876833739,58.96002309522996
MA010120220803826636,아라리노래연습장,예술·스포츠,유원지·오락,북구,2723075000,관음동,2723077000,대구광역시 북구 읍내동,128.547213458064,35.9447696143245,26.417831611130968
MA010120220803580687,가구탑&가구요,소매,가구 소매,서구,2717066100,평리6동,2717067500,대구광역시 서구 상중이동,128.546161903599,35.8799458774944,27.645653151799042
MA010120220804470394,빅토리아홀릭,소매,섬유·의복·신발 소매,중구,2711057500,성내2동,2711065000,대구광역시 중구 남산2동,128.593342554172,35.864424266825,188.59244919554598
MA010120220804205017,바바라,소매,섬유·의복·신발 소매,중구,2711057500,성내2동,2711065000,대구광역시 중구 남산2동,128.593342554172,35.864424266825,188.59244919554598
MA010120220804328808,골드앤스토리금사고팔고,소매,시계·귀금속 소매,달서구,2729062500,상인2동,2729062400,대구광역시 달서구 상인1동,128.534599859977,35.8178154188278,1.479295586939438
MA010120220804427664,마코토,음식,일식,중구,2711056500,성내1동,2711054500,대구광역시 중구 삼덕동,128.596685739845,35.8666237185088,55.34283051466858
MA010120220804603914,치유짐,예술·스포츠,스포츠 서비스,수성구,2726059000,수성4가동,2726057000,대구광역시 수성구 수성1가동,128.612810444579,35.8603345875396,0.3123956218653644
MA010120220804142052,이모주막촌,음식,주점,서구,2717062000,평리1동,2717055000,대구광역시 서구 비산1동,128.567212657657,35.8800064339312,24.47675287389661
MA010120220804049642,"그때,거기",음식,비알코올 ,서구,2717062000,평리1동,2717055000,대구광역시 서구 비산1동,128.567172815222,35.8802322402141,47.985698083528355
MA010120220804224595,에이케이글로벌,소매,섬유·의복·신발 소매,중구,2711057500,성내2동,2711065000,대구광역시 중구 남산2동,128.593342554172,35.864424266825,188.59244919554598
MA010120220804530020,끌리어에스테틱,수리·개인,욕탕·신체관리,중구,2711067000,남산4동,2711065000,대구광역시 중구 남산2동,128.582106084742,35.8644376256377,25.16202634997019
MA010120220804607220,아이보리,소매,섬유·의복·신발 소매,중구,2711057500,성내2동,2711065000,대구광역시 중구 남산2동,128.593342554172,35.864424266825,188.59244919554598
MA010120220804588441,류성열내과,보건의료,의원,수성구,2726051000,범어1동,2726057000,대구광역시 수성구 수성1가동,128.611646884422,35.8597284169662,883.8356277082232
MA010120220804149858,원투삼삼,음식,비알코올 ,서구,2717059000,비산5동,2717061000,대구광역시 서구 비산7동,128.563523224643,35.8883450613577,15.578459581559978
MA010120220804124102,원이네밥상,음식,한식,남구,2720056000,대명1동,2720059000,대구광역시 남구 대명4동,128.577098665789,35.8458226906135,36.157958630287425
MA010120220804382883,머더파커,예술·스포츠,유원지·오락,중구,2711056500,성내1동,2711054500,대구광역시 중구 삼덕동,128.597079345602,35.8658254794145,24.348432000906378
MA010120220804335676,웰빙시대건강,소매,식료품 소매,중구,2711057500,성내2동,2711065000,대구광역시 중구 남산2동,128.582469748248,35.8649104420568,28.213237126397143
MA010120220804152815,코사마트,소매,종합 소매,남구,2720057100,대명2동,2720051500,대구광역시 남구 이천동,128.595381855977,35.851835242193,33.58510155520372
MA010120220804779349,서남시장김주연왕족발,음식,한식,달서구,2729055500,감삼동,2729056300,대구광역시 달서구 죽전동,128.54570837366,35.8548907331862,134.36366561343453
MA010120220804789228,진심충무김밥,음식,기타 간이,남구,2720053000,봉덕1동,2720051500,대구광역시 남구 이천동,128.596680008638,35.8497814064902,16.60560420697897
MA010120220804793984,보드게임카페레드버튼동성,예술·스포츠,유원지·오락,중구,2711056500,성내1동,2711054500,대구광역시 중구 삼덕동,128.598141375895,35.867992119125,40.035276832490474
MA010120220804766505,명랑부대찌개,음식,한식,수성구,2726051000,범어1동,2726060200,대구광역시 수성구 황금2동,128.625495267882,35.8499626855901,4.009045056593932
MA010120220804823948,그린샤브샤브,음식,한식,동구,2714052000,신암2동,2723064500,대구광역시 북구 대현동,128.611954064893,35.8814507931115,1.0833874397030323
MA010120220804670592,어브로딘,교육,교육 지원,북구,2723063100,산격4동,2723061000,대구광역시 북구 산격1동,128.598414035607,35.8920309354351,0.29830084545438335
MA010120220804879763,브리스톳카페,음식,비알코올 ,중구,2711057500,성내2동,2711065000,대구광역시 중구 남산2동,128.593342554172,35.864424266825,188.59244919554598
MA010120220804895566,성당못빌,음식,비알코올 ,남구,2720059000,대명4동,2720065000,대구광역시 남구 대명10동,128.561495823696,35.8420344008459,2.2399694553032377
MA010120220804810808,더젠틀핏,예술·스포츠,스포츠 서비스,중구,2711056500,성내1동,2711054500,대구광역시 중구 삼덕동,128.595925479531,35.866805039917,16.549076130670112
MA010120220804892563,더조은,소매,오락용품 소매,서구,2717062000,평리1동,2717055000,대구광역시 서구 비산1동,128.564021209533,35.8804445442865,4.263527100362813
MA010120220804761995,쥬뱅스,소매,섬유·의복·신발 소매,중구,2711057500,성내2동,2711065000,대구광역시 중구 남산2동,128.593342554172,35.864424266825,188.59244919554598
MA010120220804822648,살롱드큐어,수리·개인,이용·미용,달서구,2729056300,죽전동,2717054000,대구광역시 서구 내당4동,128.547734620839,35.8549187129914,17.21591080869911
MA010120220804690204,신동아조명설비,과학·기술,기술 서비스,달서구,2729056800,장기동,2729057100,대구광역시 달서구 용산1동,128.524817618381,35.8524362351439,377.8329866356522
MA010120220804689203,더바디#,수리·개인,이용·미용,서구,2717062000,평리1동,2717055000,대구광역시 서구 비산1동,128.564132087802,35.8804521116641,7.423150452039418
MA010120220804836391,아이라이크세일,소매,섬유·의복·신발 소매,중구,2711056500,성내1동,2711051700,대구광역시 중구 동인동,128.601024809618,35.8731893530554,4.132132109694932
MA010120220804784843,네일바이인,수리·개인,이용·미용,중구,2711056500,성내1동,2711054500,대구광역시 중구 삼덕동,128.597218127337,35.8661210112491,55.26188744967271
MA010120220804682537,덱스크루대구,소매,자동차 부품 소매,동구,2714062000,불로.봉무동,2714064000,대구광역시 동구 지저동,128.635084566155,35.8980974369383,193.8331304275006
MA010120220804796438,진흥식당,음식,구내식당·뷔페,달서구,2729057700,이곡2동,2729058500,대구광역시 달서구 신당동,128.498680537857,35.8399326391423,113.19830603377524
MA010120220804864272,푸른엔지니어링,과학·기술,기술 서비스,남구,2720054000,봉덕2동,2720055000,대구광역시 남구 봉덕3동,128.600732988014,35.8383099531107,1.1024183162079662
MA010120220804877021,반월당자연사랑약국,소매,의약·화장품 소매,중구,2711057500,성내2동,2711065000,대구광역시 중구 남산2동,128.593342554172,35.864424266825,188.59244919554598
MA010120220804805324,엔젤리더스,소매,섬유·의복·신발 소매,중구,2711064000,남산1동,2711065000,대구광역시 중구 남산2동,128.593342554172,35.864424266825,19.934593070075067
MA010120220805069899,윤순영패션,소매,섬유·의복·신발 소매,북구,2723077000,읍내동,2723073500,대구광역시 북구 태전2동,128.550787026982,35.9325581050608,6.12710984333984
MA010120220804960465,두젠북스,과학·기술,인쇄·제품제작,중구,2711067000,남산4동,2711065000,대구광역시 중구 남산2동,128.582124996557,35.8642751703396,22.53651335338749
MA010120220805060906,자전거천국,소매,오락용품 소매,북구,2723057000,침산3동,2723055000,대구광역시 북구 침산1동,128.588034512246,35.9007655352483,26.348655414114933
MA010120220805003354,반월당약국,소매,의약·화장품 소매,중구,2711057500,성내2동,2711065000,대구광역시 중구 남산2동,128.593342554172,35.864424266825,188.59244919554598
MA010120220805065018,고마워,소매,섬유·의복·신발 소매,북구,2723061000,산격1동,2723063100,대구광역시 북구 산격4동,128.600471832308,35.8957792966945,73.08964158662036
MA010120220805056949,지에스칼텍스대구혁신도시주유소,소매,연료 소매,동구,2714073000,안심2동,2714075500,대구광역시 동구 혁신동,128.708575585526,35.878321716294,56.86840928556307
MA010120220805041938,상주꿀갈비봉덕점,음식,한식,남구,2720053000,봉덕1동,2720051500,대구광역시 남구 이천동,128.598130153529,35.849789158239,59.186612191863844
MA010120220804939721,커피탱크,음식,비알코올 ,동구,2714062000,불로.봉무동,2714064000,대구광역시 동구 지저동,128.631628680879,35.9007757612211,21.704912060233195
MA010120220805017672,대구S한방병원,보건의료,병원,달서구,2729055000,두류3동,2729055500,대구광역시 달서구 감삼동,128.548514597013,35.8540435557535,25.504548046175714
MA010120220804965412,유리안공방,교육,기타 교육,북구,2723077000,읍내동,2723075000,대구광역시 북구 관음동,128.547735287229,35.9414106474062,2.815595996733616
MA010120220804948011,봉덕정약국,소매,의약·화장품 소매,남구,2720054000,봉덕2동,2720053000,대구광역시 남구 봉덕1동,128.603750756443,35.8441812255198,53.209262387566135
MA010120220805042104,세븐일레븐대구반월당역점,소매,종합 소매,중구,2711057500,성내2동,2711065000,대구광역시 중구 남산2동,128.593342554172,35.864424266825,188.59244919554598
MA010120220805001863,보훈모터스,수리·개인,자동차 수리·세차,달서구,2729064000,송현2동,2729065000,대구광역시 달서구 본동,128.543177115006,35.8299432918255,1.6577037913518498
MA010120220805017285,모토라드창원,소매,모터사이클 소매,동구,2714065500,동촌동,2714064000,대구광역시 동구 지저동,128.64305672874,35.8931765560027,90.92150412650071
MA010120220805090865,별헤는달,음식,비알코올 ,중구,2711056500,성내1동,2711054500,대구광역시 중구 삼덕동,128.599158744353,35.8679335206535,46.8867539782559
MA010120220805110050,카디,수리·개인,자동차 수리·세차,달서구,2729056800,장기동,2729057100,대구광역시 달서구 용산1동,128.523484784603,35.8498848527501,70.2926905910977
MA010120220805093009,스피드컴,예술·스포츠,유원지·오락,남구,2720054000,봉덕2동,2720055000,대구광역시 남구 봉덕3동,128.600335767801,35.8383693134128,34.80789433332525
MA010120220805172962,감빛물결,소매,섬유·의복·신발 소매,중구,2711057500,성내2동,2711065000,대구광역시 중구 남산2동,128.593342554172,35.864424266825,188.59244919554598
MA010120220805091984,봉덕화리,음식,비알코올 ,남구,2720054000,봉덕2동,2720055000,대구광역시 남구 봉덕3동,128.60049050668,35.8378085413311,34.158282458744694
MA010120220805135001,춘하추동떡집,음식,기타 간이,남구,2720054000,봉덕2동,2720055000,대구광역시 남구 봉덕3동,128.600585353979,35.8381226791626,18.489002294630502
MA010120220805210815,컴퓨터수리,수리·개인,컴퓨터 수리,북구,2723055000,침산1동,2723079000,대구광역시 북구 노원동,128.581074185766,35.89050328167,1.3976478391939418
MA010120220805122183,헤이연플랜,수리·개인,기타 개인,중구,2711056500,성내1동,2711069000,대구광역시 중구 대봉2동,128.597503768221,35.8599443789298,22.21821360245556
MA010120220805143107,컨트리맨즈동성로,음식,서양식,중구,2711056500,성내1동,2711054500,대구광역시 중구 삼덕동,128.595925479531,35.866805039917,16.549076130670112
MA010120220805113153,가연댄스아카데미,교육,기타 교육,수성구,2726056100,만촌3동,2726056000,대구광역시 수성구 만촌2동,128.646168627369,35.858395179083,1.1377368694736094
MA010120220805226930,청구반점,음식,중식,북구,2723063100,산격4동,2723063000,대구광역시 북구 산격3동,128.605055625977,35.8907798711037,17.083620931557043
MA010120220805230063,바이제이,수리·개인,이용·미용,달서구,2729061500,진천동,2729060100,대구광역시 달서구 월성1동,128.524891117281,35.8169567361623,3.946815778179301
MA010120220805233590,헤이주,소매,섬유·의복·신발 소매,중구,2711057500,성내2동,2711065000,대구광역시 중구 남산2동,128.593342554172,35.864424266825,188.59244919554598
MA010120220805235888,갯깍디토르테,음식,기타 간이,중구,2711056500,성내1동,2711054500,대구광역시 중구 삼덕동,128.598833396327,35.8682712748205,9.309145600473592
MA010120220805092318,새경북약국,소매,의약·화장품 소매,중구,2711057500,성내2동,2711065000,대구광역시 중구 남산2동,128.593342554172,35.864424266825,188.59244919554598
MA010120220805115615,루츠본헤어,수리·개인,이용·미용,달서구,2729055000,두류3동,2729055500,대구광역시 달서구 감삼동,128.548575213425,35.8537453943566,10.210763662308882
MA010120220805181774,가람,과학·기술,본사·경영 컨설팅,동구,2714067000,방촌동,2714065500,대구광역시 동구 동촌동,128.657983757826,35.88354553006,1.5737807426641373
MA010120220805099856,홈앤촉,소매,가구 소매,수성구,2726065200,지산2동,2726066200,대구광역시 수성구 범물2동,128.636754337136,35.8199099209776,10.303334551676624
MA010120220805119413,미준토기,소매,기타 생활용품 소매,동구,2714064000,지저동,2714062000,대구광역시 동구 불로·봉무동,128.641314243304,35.9074743227939,109.28665701968917
MA010120220805097158,바른손길,수리·개인,세탁,동구,2714060000,효목2동,2714054000,대구광역시 동구 신암4동,128.636123693774,35.8807814985143,27.78128077279524
MA010120220805111957,땅박사부동산공인중개사사무소,부동산,부동산 서비스,동구,2714073000,안심2동,2714068500,대구광역시 동구 해안동,128.675612942815,35.8777949266504,20.984397096325353
MA010120220805260563,빕커피,음식,비알코올 ,중구,2711056500,성내1동,2711051700,대구광역시 중구 동인동,128.600678073414,35.8719143534156,0.22469852958837222
MA010120220805115183,아리산,음식,중식,달서구,2729056800,장기동,2729057100,대구광역시 달서구 용산1동,128.524960492973,35.8512268738975,259.4575461104786
MA010120220805112729,크리몽,교육,기타 교육,중구,2711056500,성내1동,2711051700,대구광역시 중구 동인동,128.601024809618,35.8731893530554,4.132132109694932
MA010120220805146358,효성컨설팅,부동산,부동산 서비스,동구,2714051000,신암1동,2714054000,대구광역시 동구 신암4동,128.620419982482,35.8904473534937,5.705698054224266
MA010120220805243635,에스에스패션,소매,섬유·의복·신발 소매,달서구,2729062500,상인2동,2729062400,대구광역시 달서구 상인1동,128.537907908621,35.8189536487268,23.350394134974024
MA010120220805180575,프로스트힙,예술·스포츠,스포츠 서비스,남구,2720053000,봉덕1동,2720051500,대구광역시 남구 이천동,128.603604739203,35.8468235299472,56.87123920115955
MA010120220805293335,수지마라탕,음식,중식,달서구,2729056300,죽전동,2717054000,대구광역시 서구 내당4동,128.547673650253,35.8551988554914,40.75290192274617
MA010120220805391546,바이다니,수리·개인,이용·미용,중구,2711056500,성내1동,2711054500,대구광역시 중구 삼덕동,128.596691565799,35.8663623095284,36.78392696986753
MA010120220805353164,멀티펫서대구,소매,애완동물·용품 소매,남구,2720053000,봉덕1동,2720051500,대구광역시 남구 이천동,128.597492903807,35.8494732215641,7.617419009510173
MA010120220805310246,저스티스마케팅,과학·기술,광고,중구,2711067000,남산4동,2711065000,대구광역시 중구 남산2동,128.582124996557,35.8642751703396,22.53651335338749
MA010120220805419326,에버그린주유소,소매,연료 소매,달서구,2729057200,용산2동,2717067500,대구광역시 서구 상중이동,128.526278125316,35.8651059342122,72.41586071671377
MA010120220805436974,다올연합의원,보건의료,의원,수성구,2726066200,범물2동,2726066100,대구광역시 수성구 범물1동,128.644386821391,35.8176700142582,8.046701107378912
MA010120220805275554,박종수신경외과의원,보건의료,의원,달서구,2729055000,두류3동,2729055500,대구광역시 달서구 감삼동,128.548514597013,35.8540435557535,25.504548046175714
MA010120220805273192,해달비분식,음식,기타 간이,서구,2717062000,평리1동,2717055000,대구광역시 서구 비산1동,128.567252080852,35.8803213203233,59.26778766375842
MA010120220805378602,케이2막창,음식,한식,동구,2714065500,동촌동,2714064000,대구광역시 동구 지저동,128.644038654772,35.8935325797672,29.699007097592208
MA010120220805409809,미디어M,시설관리·임대,기타 사업 서비스,동구,2714062000,불로.봉무동,2714064000,대구광역시 동구 지저동,128.634152819096,35.8953346301038,508.8583867498795
MA010120220805693797,디에이치푸드,음식,한식,달서구,2729062500,상인2동,2729061500,대구광역시 달서구 진천동,128.53208340332,35.8141077158505,5.1408557182043575
MA010120220805495939,맹그로브파트너스,과학·기술,기타 전문 과학,동구,2714062000,불로.봉무동,2714064000,대구광역시 동구 지저동,128.629615286858,35.8992711785241,142.65093112880464
MA010120220805690020,신해수제비,음식,한식,북구,2723077000,읍내동,2723075000,대구광역시 북구 관음동,128.547529359707,35.941647599293,15.693393708827962
MA010120220805514087,오거리모터스,수리·개인,자동차 수리·세차,북구,2723063100,산격4동,2723063000,대구광역시 북구 산격3동,128.605044759198,35.8913387223229,6.036054757220186
MA010120220805528159,만경식당,음식,한식,남구,2720053000,봉덕1동,2720051500,대구광역시 남구 이천동,128.597550400873,35.8495805944249,20.56184307540897
MA010120220805571194,엽기떡볶이,음식,기타 간이,중구,2711056500,성내1동,2711054500,대구광역시 중구 삼덕동,128.598351128733,35.867962293703,43.416193617787556
MA010120220805450730,범일부동산공인중개사사무소,부동산,부동산 서비스,수성구,2726066100,범물1동,2726065100,대구광역시 수성구 지산1동,128.643602688536,35.8241779815653,59.1987776156344
MA010120220805682445,수성교부동산중개,부동산,부동산 서비스,수성구,2726059000,수성4가동,2726057000,대구광역시 수성구 수성1가동,128.610156039858,35.8610009982605,13.285163092491365
MA010120220805509967,연세부동산중개,부동산,부동산 서비스,남구,2720054000,봉덕2동,2720055000,대구광역시 남구 봉덕3동,128.600335767801,35.8383693134128,34.80789433332525
MA010120220805522066,브릴랑슈슈,소매,섬유·의복·신발 소매,달서구,2729056800,장기동,2729055500,대구광역시 달서구 감삼동,128.532029635517,35.8452704147656,2.4621846768197626
MA010120220805451153,티모빌순회정비,수리·개인,자동차 수리·세차,동구,2714073000,안심2동,2714068500,대구광역시 동구 해안동,128.683364173341,35.8778216939482,5.718489644744079
MA010120220805647957,닥터퍼스널트레이닝재활운동센터,교육,기타 교육,수성구,2726059000,수성4가동,2726057000,대구광역시 수성구 수성1가동,128.610957742771,35.86068386052,21.436914571020903
MA010120220805693940,아인기획,시설관리·임대,기타 사업 서비스,남구,2720053000,봉덕1동,2720051500,대구광역시 남구 이천동,128.596369808541,35.8497675060433,6.210281350768319
MA010120220805454401,이마트24진천로뎀점,소매,종합 소매,달서구,2729061500,진천동,2729060100,대구광역시 달서구 월성1동,128.525739894263,35.8173695086578,4.8511307837769
MA010120220805696990,가온ENG,과학·기술,기술 서비스,동구,2714051000,신암1동,2714054000,대구광역시 동구 신암4동,128.621043142592,35.8900514536444,21.129328900058493
MA010120220805540950,청학식당,음식,한식,남구,2720053000,봉덕1동,2720057100,대구광역시 남구 대명2동,128.591438441947,35.8478143668564,3.987209118910309
MA010120220805835788,레이데이커피,음식,비알코올 ,달서구,2729056800,장기동,2729055500,대구광역시 달서구 감삼동,128.532715405382,35.8463971229643,125.58544996981624
MA010120220805512627,스낵공방,음식,기타 간이,남구,2720057100,대명2동,2720051500,대구광역시 남구 이천동,128.595161980579,35.8519102536804,17.317237853904622
MA010120220805452885,짬뽕시대,음식,중식,동구,2714052000,신암2동,2723064500,대구광역시 북구 대현동,128.611906863602,35.8813072444416,0.5984218472352413
MA010120220805494311,비케이인터내셔널,소매,기타 생활용품 소매,북구,2723057000,침산3동,2723052600,대구광역시 북구 칠성동,128.586490569367,35.8861153729917,45.70939079304165
MA010120220805528943,정관장,소매,식료품 소매,수성구,2726061000,중동,2726062000,대구광역시 수성구 상동,128.611777484423,35.8388381583333,35.67616334502576
MA010120220806303242,엔젤,소매,섬유·의복·신발 소매,중구,2711057500,성내2동,2711065000,대구광역시 중구 남산2동,128.593342554172,35.864424266825,188.59244919554598
MA010120220806371459,마고플레인비스타,음식,비알코올 ,동구,2714073000,안심2동,2714075500,대구광역시 동구 혁신동,128.708575585526,35.878321716294,56.86840928556307
MA010120220806382222,하나비,소매,섬유·의복·신발 소매,달서구,2729055000,두류3동,2717054000,대구광역시 서구 내당4동,128.556608440642,35.8575525617758,4.0755196487042324
MA010120220805869176,오즈,소매,섬유·의복·신발 소매,중구,2711057500,성내2동,2711065000,대구광역시 중구 남산2동,128.593342554172,35.864424266825,188.59244919554598
MA010120220805964999,다모아,소매,섬유·의복·신발 소매,중구,2711057500,성내2동,2711065000,대구광역시 중구 남산2동,128.593342554172,35.864424266825,188.59244919554598
MA010120220806376465,길촌,음식,한식,중구,2711056500,성내1동,2711054500,대구광역시 중구 삼덕동,128.597516637975,35.8683068187915,4.910994497838841
MA010120220806167615,이산대구지사,과학·기술,법무관련 ,달서구,2729055000,두류3동,2729055500,대구광역시 달서구 감삼동,128.548514597013,35.8540435557535,25.504548046175714
MA010120220806357493,엠스토리,소매,섬유·의복·신발 소매,중구,2711057500,성내2동,2711065000,대구광역시 중구 남산2동,128.593342554172,35.864424266825,188.59244919554598
MA010120220806206734,에스비오,소매,섬유·의복·신발 소매,중구,2711057500,성내2동,2711065000,대구광역시 중구 남산2동,128.593342554172,35.864424266825,188.59244919554598
MA010120220805847349,종가집잔치국수,음식,한식,북구,2723074500,구암동,2723073500,대구광역시 북구 태전2동,128.550716764432,35.9255571490951,1.0400046679540793
MA010120220805938394,보라,소매,섬유·의복·신발 소매,중구,2711056500,성내1동,2711054500,대구광역시 중구 삼덕동,128.596148285984,35.8668741706767,36.78501340752809
MA010120220806254490,오초,과학·기술,광고,중구,2711067000,남산4동,2711065000,대구광역시 중구 남산2동,128.582124996557,35.8642751703396,22.53651335338749
MA010120220805986839,슬로우터틀,음식,비알코올 ,중구,2711056500,성내1동,2711054500,대구광역시 중구 삼덕동,128.59703575785,35.8664118020746,63.889339429433505
MA010120220805892101,반월당메트로약국,소매,의약·화장품 소매,중구,2711057500,성내2동,2711065000,대구광역시 중구 남산2동,128.593342554172,35.864424266825,188.59244919554598
MA010120220805908223,위너스아카데미학원,교육,일반 교육,수성구,2726065100,지산1동,2726060100,대구광역시 수성구 황금1동,128.629970394172,35.838772950273,33.60536697627524
MA010120220806305499,꾸밈,소매,종합 소매,서구,2717062000,평리1동,2717055000,대구광역시 서구 비산1동,128.568148756791,35.8803096149524,76.96074286366557
MA010120220805935314,부림부동산공인중개사사무소,부동산,부동산 서비스,달서구,2729055500,감삼동,2729056300,대구광역시 달서구 죽전동,128.5418508428,35.8523269647981,36.142800853473425
MA010120220805938507,카페빈센트,음식,비알코올 ,달서구,2729056800,장기동,2729057100,대구광역시 달서구 용산1동,128.52492347471,35.8516058289151,296.8248153802184
MA010120220806302232,하늘미장원,수리·개인,이용·미용,동구,2714062000,불로.봉무동,2714064000,대구광역시 동구 지저동,128.635094571083,35.8964302035624,378.6178194408341
MA010120220806349621,온전히플라워샵,소매,식물 소매,중구,2711064000,남산1동,2711056500,대구광역시 중구 성내1동,128.594521689227,35.8647059967752,1.7758957691693826
MA010120220805993630,청담생고기,음식,한식,동구,2714065500,동촌동,2714064000,대구광역시 동구 지저동,128.643724659512,35.8938793091408,72.36064708873869
MA010120220806156089,퐁드깜빠뉴,음식,기타 간이,중구,2711057500,성내2동,2711065000,대구광역시 중구 남산2동,128.593342554172,35.864424266825,188.59244919554598
MA010120220806521919,지센,소매,섬유·의복·신발 소매,달서구,2729055500,감삼동,2729056300,대구광역시 달서구 죽전동,128.545173953925,35.8535909381798,29.33338793231872
MA010120220806513589,이마트24에스죽전역점,소매,종합 소매,달서구,2729056300,죽전동,2729055500,대구광역시 달서구 감삼동,128.538396011145,35.8505419158512,9.77947403243896
MA010120220806432306,바른통신,소매,가전·통신 소매,달서구,2729055000,두류3동,2729055500,대구광역시 달서구 감삼동,128.548514597013,35.8540435557535,25.504548046175714
MA010120220806460204,황금열쇠,예술·스포츠,유원지·오락,중구,2711056500,성내1동,2711054500,대구광역시 중구 삼덕동,128.59693650758,35.8664311445761,58.51092061337556
MA010120220806458988,실내크리닝에바크리닝굿카워시,수리·개인,자동차 수리·세차,달서구,2729055500,감삼동,2729056300,대구광역시 달서구 죽전동,128.547215750228,35.8544207521554,22.986068657005863
MA010120220806386352,크린토피아범물점,수리·개인,세탁,수성구,2726066200,범물2동,2726066100,대구광역시 수성구 범물1동,128.64466148665,35.8175761412995,20.053054200288322
MA010120220806420173,베일리,음식,서양식,동구,2714062000,불로.봉무동,2714064000,대구광역시 동구 지저동,128.633409034387,35.8990213768499,162.7044881114539
MA010120220806424831,애미데이,음식,비알코올 ,동구,2714051000,신암1동,2714054000,대구광역시 동구 신암4동,128.620877626443,35.8900807221116,11.674073313173402
MA010120220806413188,청정베스트식자재마트,소매,종합 소매,달서구,2729055500,감삼동,2729056300,대구광역시 달서구 죽전동,128.545177924444,35.8543658778125,106.29005506394931
MA010120220806420101,별난공주,소매,섬유·의복·신발 소매,북구,2723075000,관음동,2723077000,대구광역시 북구 읍내동,128.547387386693,35.9445961553314,37.89208439583678
MA010120220806529709,위드팜새동산약국,소매,의약·화장품 소매,중구,2711057500,성내2동,2711059500,대구광역시 중구 대신동,128.582512268585,35.8703888435099,7.864289476902021
MA010120220806385089,삼성오일뱅크,소매,철물·건설자재 소매,서구,2717062000,평리1동,2717055000,대구광역시 서구 비산1동,128.566955917087,35.8799016466889,7.74914356400127
MA010120220806443923,리얼망고서적,소매,오락용품 소매,동구,2714067000,방촌동,2714065500,대구광역시 동구 동촌동,128.657983757826,35.88354553006,1.5737807426641373
MA010120220806487293,반디의꿈,음식,비알코올 ,수성구,2726052000,범어2동,2726051000,대구광역시 수성구 범어1동,128.624462421382,35.8590151007614,195.0463521722735
MA010120220806495433,고고,음식,한식,중구,2711056500,성내1동,2711054500,대구광역시 중구 삼덕동,128.599122643089,35.8677898184842,62.81443663608071
MA010120220806436567,지에스25경북대첨성관점,소매,종합 소매,북구,2723064500,대현동,2723063000,대구광역시 북구 산격3동,128.614323869788,35.8890966568548,346.90678140699237
MA010120220806422466,소리미보청기,소매,의약·화장품 소매,중구,2711057500,성내2동,2711059500,대구광역시 중구 대신동,128.582519216024,35.8701814887016,6.348609135858735
MA010120220806482705,빌리프,소매,가전·통신 소매,달서구,2729055500,감삼동,2729056300,대구광역시 달서구 죽전동,128.546421798182,35.8540074340717,17.455729300399785
MA010120220806489857,쪼리,소매,섬유·의복·신발 소매,중구,2711057500,성내2동,2711065000,대구광역시 중구 남산2동,128.593342554172,35.864424266825,188.59244919554598
MA010120220806521749,업소명없음,수리·개인,기타 가정용품 수리,수성구,2726056100,만촌3동,2726054000,대구광역시 수성구 범어4동,128.643038917718,35.858005483274,47.83613426204581
MA010120220806474715,대구24시라이프동물의료센터,과학·기술,수의,달서구,2729055500,감삼동,2729056300,대구광역시 달서구 죽전동,128.541660098779,35.8521942398904,30.546218141712743
MA010120220806418395,청목애드,과학·기술,인쇄·제품제작,수성구,2726059000,수성4가동,2726057000,대구광역시 수성구 수성1가동,128.610813870328,35.8606857899891,25.701524077686855
MA010120220806675800,비호태권도장,교육,기타 교육,동구,2714074700,안심4동,2714072000,대구광역시 동구 안심1동,128.708408856655,35.8700427390608,8.702569743738925
MA010120220806604797,허니제인,교육,기타 교육,남구,2720054000,봉덕2동,2720055000,대구광역시 남구 봉덕3동,128.601324902967,35.8358239122841,6.5296026381140235
MA010120220806633848,세계상사,소매,담배 소매,동구,2714073000,안심2동,2714068500,대구광역시 동구 해안동,128.676196948903,35.8776606184181,5.196360488285167
MA010120220806705112,매스플렛폼,소매,오락용품 소매,동구,2714073000,안심2동,2714075500,대구광역시 동구 혁신동,128.707526301001,35.8856627884134,2.891718257018712
MA010120220806707568,별책다방,음식,비알코올 ,남구,2720053000,봉덕1동,2720051500,대구광역시 남구 이천동,128.596791207345,35.8498069628637,22.495027739465158
MA010120220806561628,네오피자대구,음식,기타 간이,동구,2714062000,불로.봉무동,2714064000,대구광역시 동구 지저동,128.634876652473,35.8966043864229,360.352468434833
MA010120220806625135,비나커뮤니케이션,과학·기술,전문 디자인,달서구,2729055500,감삼동,2729056300,대구광역시 달서구 죽전동,128.547215750228,35.8544207521554,22.986068657005863
MA010120220806661059,드링크어드롭,음식,한식,중구,2711056500,성내1동,2711054500,대구광역시 중구 삼덕동,128.598605335128,35.8679408876848,45.87850875359127
MA010120220806633053,달다구니,소매,식료품 소매,수성구,2726065100,지산1동,2726060100,대구광역시 수성구 황금1동,128.629876352633,35.8385038833291,21.701988662412376
MA010120220806642308,제이버튼,소매,섬유·의복·신발 소매,중구,2711056500,성내1동,2711054500,대구광역시 중구 삼덕동,128.595806079665,35.866923774985,17.001971348702895
MA010120220806610065,캄보디아식당,음식,동남아시아,서구,2717059000,비산5동,2717061000,대구광역시 서구 비산7동,128.564458236944,35.8869000632546,8.376998897108226
MA010120220806555993,베르니체,수리·개인,이용·미용,중구,2711056500,성내1동,2711054500,대구광역시 중구 삼덕동,128.596764522457,35.8661360538399,25.360877216539826
MA010120220806683596,신대경마트서남,소매,종합 소매,달서구,2729055500,감삼동,2729056300,대구광역시 달서구 죽전동,128.544991436718,35.8555938429488,233.92159463225775
MA010120220806706575,발린바버샵,수리·개인,이용·미용,중구,2711056500,성내1동,2711054500,대구광역시 중구 삼덕동,128.598901434916,35.8683514719289,0.43678530426167983
MA010120220806806064,금창회마트서남점,음식,한식,달서구,2729055500,감삼동,2729056300,대구광역시 달서구 죽전동,128.54570837366,35.8548907331862,134.36366561343453
MA010120220806771237,응응스크르대구,소매,종합 소매,달서구,2729062400,상인1동,2729061500,대구광역시 달서구 진천동,128.530560852798,35.8195160469118,0.09257485862674192
MA010120220806809384,아양막창식당,음식,주점,동구,2714065500,동촌동,2714064000,대구광역시 동구 지저동,128.642439227949,35.8906257857891,27.09545314207726
MA010120220806861158,삼보가스,소매,연료 소매,달서구,2729056300,죽전동,2717067500,대구광역시 서구 상중이동,128.541891795875,35.8561563368073,11.558141324069659
MA010120220806847094,신도푸르지오공인중개사사무소,부동산,부동산 서비스,동구,2714062000,불로.봉무동,2714064000,대구광역시 동구 지저동,128.63349631693,35.898957110031,164.58873682433833
MA010120220806828248,황진이노래주점,예술·스포츠,유원지·오락,동구,2714065500,동촌동,2714064000,대구광역시 동구 지저동,128.644611798519,35.8944709200867,30.57964173979011
MA010120220806797932,아재곰탕,음식,한식,수성구,2726061000,중동,2726057000,대구광역시 수성구 수성1가동,128.610579838316,35.849118253543,8.096436120399607
MA010120220806891394,라피네헤어,수리·개인,이용·미용,달서구,2729056300,죽전동,2717054000,대구광역시 서구 내당4동,128.547581055279,35.8555605090017,70.47906401415462
MA010120220806829034,장원찜마을,음식,한식,동구,2714065500,동촌동,2714064000,대구광역시 동구 지저동,128.643945531574,35.8938492512839,53.0692374123876
MA010120220806806284,모아과일,소매,식료품 소매,달성군,2771038000,구지면,2771026500,대구광역시 달성군 현풍읍,128.422697384268,35.6607911402149,9.873337583546789
MA010120220806757137,뮤르헤어,수리·개인,이용·미용,동구,2714074700,안심4동,2714072000,대구광역시 동구 안심1동,128.708308128483,35.8694764620007,9.425521031196059
MA010120220806888980,두류경북약국,소매,의약·화장품 소매,달서구,2729055000,두류3동,2717054000,대구광역시 서구 내당4동,128.556608440642,35.8575525617758,4.0755196487042324
MA010120220806812582,삼정프레시밀,음식,한식,중구,2711068000,대봉1동,2711056500,대구광역시 중구 성내1동,128.599965969411,35.8634801358771,7.812835286793361
MA010120220806872707,동성로시스터,소매,섬유·의복·신발 소매,중구,2711056500,성내1동,2711054500,대구광역시 중구 삼덕동,128.59695071105,35.8682422532861,11.876672516016896
MA010120220806747101,시골식당,음식,주점,서구,2717062000,평리1동,2717055000,대구광역시 서구 비산1동,128.567181755171,35.880123986106,36.50044728875121
MA010120220806741077,메가엠지씨커피대구메트로센타점,음식,비알코올 ,중구,2711057500,성내2동,2711065000,대구광역시 중구 남산2동,128.593342554172,35.864424266825,188.59244919554598
MA010120220806820200,속옷할인매장,소매,섬유·의복·신발 소매,중구,2711057500,성내2동,2711065000,대구광역시 중구 남산2동,128.593342554172,35.864424266825,188.59244919554598
MA010120220806771869,딱한잔,음식,주점,남구,2720059000,대명4동,2720065000,대구광역시 남구 대명10동,128.561095195954,35.8419224573645,9.424784208491642
MA010120220806730826,스톡홀름샐러드,음식,기타 간이,동구,2714051000,신암1동,2723063000,대구광역시 북구 산격3동,128.616389191251,35.8877351895771,4.052584784202164
MA010120220806975604,계명대학교대구동산병원,보건의료,병원,중구,2711057500,성내2동,2711059500,대구광역시 중구 대신동,128.582519216024,35.8701814887016,6.348609135858735
MA010120220806926809,만세공인중개사사무소,부동산,부동산 서비스,동구,2714062000,불로.봉무동,2714064000,대구광역시 동구 지저동,128.630075905672,35.8995893339219,117.98802248345896
MA010120220807022383,나나살롱,수리·개인,이용·미용,달성군,2771038000,구지면,2771026500,대구광역시 달성군 현풍읍,128.422697384268,35.6607911402149,9.873337583546789
MA010120220806984581,퓨전하우스,음식,주점,서구,2717062000,평리1동,2717055000,대구광역시 서구 비산1동,128.566576983481,35.8803391402024,46.91876921711125
MA010120220806929536,뉴욕살사,교육,기타 교육,중구,2711056500,성내1동,2711054500,대구광역시 중구 삼덕동,128.597134646448,35.8663744414374,67.93641804978822
MA010120220807069296,정쉐프의탕슉앤치킨,음식,기타 간이,수성구,2726065100,지산1동,2726060100,대구광역시 수성구 황금1동,128.629879306207,35.8381073405775,16.857653647510418
MA010120220806907140,에리카바두,소매,섬유·의복·신발 소매,중구,2711056500,성내1동,2711054500,대구광역시 중구 삼덕동,128.597218127337,35.8661210112491,55.26188744967271
MA010120220806935154,루아,과학·기술,본사·경영 컨설팅,달서구,2729056800,장기동,2729057100,대구광역시 달서구 용산1동,128.523484784603,35.8498848527501,70.2926905910977
MA010120220807014017,오병이어,소매,섬유·의복·신발 소매,중구,2711057500,성내2동,2711065000,대구광역시 중구 남산2동,128.593342554172,35.864424266825,188.59244919554598
MA010120220807055146,솔티,소매,섬유·의복·신발 소매,중구,2711056500,성내1동,2711054500,대구광역시 중구 삼덕동,128.596866664856,35.8662608559501,41.39001695413692
MA010120220807023730,맛자랑반찬,소매,식료품 소매,북구,2723077000,읍내동,2723073500,대구광역시 북구 태전2동,128.550920132278,35.9325653965442,3.117013556767174
MA010120220807278457,가창제일횟집,음식,한식,수성구,2726063000,파동,2771031000,대구광역시 달성군 가창면,128.622900069037,35.8056974900536,1.0808189425951862
MA010120220807181446,아르간헤어,수리·개인,이용·미용,수성구,2726056100,만촌3동,2726056000,대구광역시 수성구 만촌2동,128.646380197026,35.8584553590516,11.952495158615696
MA010120220807083387,경대안경원,소매,안경·정밀기기 소매,북구,2723064500,대현동,2723063000,대구광역시 북구 산격3동,128.614323869788,35.8890966568548,346.90678140699237
MA010120220807380354,피아노의숲,교육,기타 교육,동구,2714067000,방촌동,2714065500,대구광역시 동구 동촌동,128.657310363217,35.8836449388853,40.35278218866118
MA010120220807403297,엠수학교습소,교육,일반 교육,달서구,2729062400,상인1동,2729061500,대구광역시 달서구 진천동,128.530723147206,35.8193247364997,0.9304340479073201
MA010120220807079052,동화호신총포,소매,기타 상품 소매,달서구,2729055500,감삼동,2729056300,대구광역시 달서구 죽전동,128.542863638437,35.852611341897,24.030649683883517
MA010120220807099528,정관장수성교점,소매,식료품 소매,수성구,2726059000,수성4가동,2726057000,대구광역시 수성구 수성1가동,128.612993655231,35.8600888191498,20.226112439123725
MA010120220807125846,유정다방,음식,비알코올 ,북구,2723055000,침산1동,2723079000,대구광역시 북구 노원동,128.580760424567,35.8903181727555,28.790812467942505
MA010120220807085501,파노플리,음식,비알코올 ,중구,2711056500,성내1동,2711054500,대구광역시 중구 삼덕동,128.599032443439,35.8682596135673,10.671375717878533
MA010120220807074397,에이치앤아이,과학·기술,전문 디자인,남구,2720057100,대명2동,2720060000,대구광역시 남구 대명5동,128.586717330888,35.848624766899,27.343123489373447
MA010120220807394176,람,소매,섬유·의복·신발 소매,중구,2711057500,성내2동,2711065000,대구광역시 중구 남산2동,128.593342554172,35.864424266825,188.59244919554598
MA010120220807368573,늘편한약국,소매,의약·화장품 소매,달서구,2729065000,본동,2729060200,대구광역시 달서구 월성2동,128.530765633367,35.8342113206216,52.97752950081733
MA010120220807093184,은휼강,음식,비알코올 ,동구,2714073000,안심2동,2714068500,대구광역시 동구 해안동,128.682753848605,35.8777581572407,0.7503504970038494
MA010120220807213585,토스토이,음식,기타 간이,달서구,2729062400,상인1동,2729061500,대구광역시 달서구 진천동,128.530267890782,35.8198171600857,1.4982347680018828
MA010120220807211130,플리스트,소매,섬유·의복·신발 소매,중구,2711057500,성내2동,2711065000,대구광역시 중구 남산2동,128.593342554172,35.864424266825,188.59244919554598
MA010120220807416993,해원정보통신,수리·개인,컴퓨터 수리,동구,2714068500,해안동,2714073000,대구광역시 동구 안심2동,128.68514477189,35.8803379047748,1.4056024863229968
MA010120220807752884,벼락부자복권,예술·스포츠,유원지·오락,달서구,2729056300,죽전동,2717067500,대구광역시 서구 상중이동,128.540029079474,35.8582889276902,3.7175145227413933
MA010120220807716541,리꼬비베이커리,음식,기타 간이,중구,2711056500,성내1동,2711051700,대구광역시 중구 동인동,128.600989427414,35.8730816877171,3.261259209518322
MA010120220807789597,옷이예쁘다,소매,섬유·의복·신발 소매,중구,2711057500,성내2동,2711065000,대구광역시 중구 남산2동,128.593342554172,35.864424266825,188.59244919554598
MA010120220807482296,블리블리네일,수리·개인,이용·미용,중구,2711057500,성내2동,2711065000,대구광역시 중구 남산2동,128.593342554172,35.864424266825,188.59244919554598
MA010120220807826552,새봄약국,소매,의약·화장품 소매,중구,2711067000,남산4동,2711065000,대구광역시 중구 남산2동,128.582106084742,35.8644376256377,25.16202634997019
MA010120220807996676,햅번,소매,섬유·의복·신발 소매,중구,2711057500,성내2동,2711065000,대구광역시 중구 남산2동,128.593342554172,35.864424266825,188.59244919554598
MA010120220807415521,덕영,음식,중식,남구,2720053000,봉덕1동,2720057100,대구광역시 남구 대명2동,128.5918450814,35.8482235067676,50.36492445392291
MA010120220807750890,이너프,소매,섬유·의복·신발 소매,중구,2711056500,성내1동,2711054500,대구광역시 중구 삼덕동,128.59601022949,35.8666146737015,8.534233626668389
MA010120220807654531,아트모,소매,기타 상품 소매,달서구,2729055500,감삼동,2729056300,대구광역시 달서구 죽전동,128.542863638437,35.852611341897,24.030649683883517
MA010120220807889721,더와이든,소매,섬유·의복·신발 소매,중구,2711056500,성내1동,2711054500,대구광역시 중구 삼덕동,128.597218127337,35.8661210112491,55.26188744967271
MA010120220807825551,일월산웰빙반찬,소매,식료품 소매,달서구,2729055500,감삼동,2729056300,대구광역시 달서구 죽전동,128.545933950699,35.8545363812291,90.10738260701457
MA010120220807827584,흑월,소매,종합 소매,중구,2711056500,성내1동,2711054500,대구광역시 중구 삼덕동,128.597061006562,35.8660149633438,36.83644440642504
MA010120220807889844,아이맥스안경원,소매,안경·정밀기기 소매,중구,2711057500,성내2동,2711065000,대구광역시 중구 남산2동,128.593342554172,35.864424266825,188.59244919554598
MA010120220807490726,젠모텔,숙박,일반 숙박,달서구,2729061500,진천동,2729062500,대구광역시 달서구 상인2동,128.530855653781,35.8158535866094,5.446021063588481
MA010120220807491382,보오구,수리·개인,이용·미용,중구,2711057500,성내2동,2711065000,대구광역시 중구 남산2동,128.593342554172,35.864424266825,188.59244919554598
MA010120220807759075,세무사이종국사무소,과학·기술,회계·세무,달서구,2729055500,감삼동,2729056300,대구광역시 달서구 죽전동,128.542051781358,35.8524145009007,36.83596622868855
MA010120220807732003,대학방사선안전관리협의회,교육,기타 교육,북구,2723067100,복현1동,2723063000,대구광역시 북구 산격3동,128.614323869788,35.8890966568548,181.23907379995774
MA010120220807562991,르디아망,소매,섬유·의복·신발 소매,중구,2711056500,성내1동,2711054500,대구광역시 중구 삼덕동,128.596885365954,35.8660893901026,30.23334389571648
MA010120220807788591,하나축산,소매,식료품 소매,서구,2717062000,평리1동,2717055000,대구광역시 서구 비산1동,128.566984801601,35.880243705056,45.24766826956598
MA010120220808077029,시크네일살롱,수리·개인,이용·미용,중구,2711057500,성내2동,2711065000,대구광역시 중구 남산2동,128.593342554172,35.864424266825,188.59244919554598
MA010120220808066061,친구포차,음식,주점,서구,2717059000,비산5동,2717061000,대구광역시 서구 비산7동,128.56454450069,35.8867817905437,6.994364481617237
MA010120220808159144,한명숙피자치킨,음식,기타 간이,달서구,2729056300,죽전동,2717054000,대구광역시 서구 내당4동,128.547714764403,35.8550361185175,27.350528651356182
MA010120220808062728,달비농원,소매,식료품 소매,달서구,2729062600,상인3동,2729062800,대구광역시 달서구 도원동,128.564026463853,35.80744224703,28.08706198866898
MA010120220808057029,더원세차장,수리·개인,자동차 수리·세차,달서구,2729056800,장기동,2729055500,대구광역시 달서구 감삼동,128.532626503501,35.8458034949813,80.71693437166763
MA010120220807999730,이실장옷수선,수리·개인,기타 가정용품 수리,남구,2720054000,봉덕2동,2720053000,대구광역시 남구 봉덕1동,128.602227430238,35.8443817798767,17.936384013793607
MA010120220808064215,멜빵커피,음식,비알코올 ,남구,2720054000,봉덕2동,2720055000,대구광역시 남구 봉덕3동,128.600845500891,35.8367494703403,27.38811281472571
MA010120220808009861,오산조은참치대구,음식,일식,달서구,2729065000,본동,2729060200,대구광역시 달서구 월성2동,128.530691821149,35.8344015038485,32.13224268489711
MA010120220808123962,7080포차포차,음식,주점,서구,2717062000,평리1동,2717055000,대구광역시 서구 비산1동,128.567209817476,35.879862287733,8.871843200867394
MA010120220808283193,싱싱포차,음식,주점,서구,2717062000,평리1동,2717055000,대구광역시 서구 비산1동,128.566754104792,35.8803368295551,50.413674314164574
MA010120220808198625,남성헤어클럽,수리·개인,이용·미용,북구,2723075000,관음동,2723077000,대구광역시 북구 읍내동,128.547416221066,35.9449382163557,48.11065525246477
MA010120220808277180,네일은맑음,수리·개인,이용·미용,중구,2711057500,성내2동,2711065000,대구광역시 중구 남산2동,128.593342554172,35.864424266825,188.59244919554598
MA010120220808224428,송원,음식,한식,수성구,2726059000,수성4가동,2726057000,대구광역시 수성구 수성1가동,128.612810444579,35.8603345875396,0.3123956218653644
MA010120220808307452,더차칸헤어,수리·개인,이용·미용,달서구,2729055500,감삼동,2729056300,대구광역시 달서구 죽전동,128.541121780448,35.852976138326,129.83141119799362
MA010120220808183983,키키디자인스토어,소매,섬유·의복·신발 소매,중구,2711056500,성내1동,2711054500,대구광역시 중구 삼덕동,128.597218127337,35.8661210112491,55.26188744967271
MA010120220808236388,국수명가,음식,한식,달서구,2729056800,장기동,2729057100,대구광역시 달서구 용산1동,128.524534523048,35.8532598790591,451.88223788305135
MA010120220808181977,챔프당구카페,예술·스포츠,스포츠 서비스,수성구,2726066200,범물2동,2726066100,대구광역시 수성구 범물1동,128.64466148665,35.8175761412995,20.053054200288322
MA010120220808250355,랑데자뷰대구,음식,비알코올 ,중구,2711056500,성내1동,2711054500,대구광역시 중구 삼덕동,128.597315962839,35.8682373963267,12.542115550278902
MA010120220808237696,해강전기,소매,기타 생활용품 소매,서구,2717055000,비산1동,2717064000,대구광역시 서구 평리3동,128.55969773683,35.8807530943671,18.65181908533127
MA010120220808231795,자임텍,소매,가전·통신 소매,동구,2714073000,안심2동,2714067000,대구광역시 동구 방촌동,128.674222500623,35.8759129332883,1.6565804011190102
MA010120220808199601,워아이니,소매,섬유·의복·신발 소매,중구,2711057500,성내2동,2711065000,대구광역시 중구 남산2동,128.593342554172,35.864424266825,188.59244919554598
MA010120220808308045,대성인테리어설비,과학·기술,전문 디자인,달서구,2729056300,죽전동,2717054000,대구광역시 서구 내당4동,128.54703966043,35.8556125401071,49.68202288704102
MA010120220808244261,강짬뽕,음식,중식,동구,2714065500,동촌동,2714064000,대구광역시 동구 지저동,128.643759527294,35.8928875856298,19.847336547795017
MA010120220808318509,바이더플랫,소매,섬유·의복·신발 소매,중구,2711056500,성내1동,2711054500,대구광역시 중구 삼덕동,128.597218127337,35.8661210112491,55.26188744967271
MA010120220808330536,데레사김밥,음식,기타 간이,중구,2711068000,대봉1동,2711056500,대구광역시 중구 성내1동,128.599965969411,35.8634801358771,7.812835286793361
MA010120220808324427,정성광고,과학·기술,광고,달서구,2729056300,죽전동,2717054000,대구광역시 서구 내당4동,128.54687537138,35.856272496359,104.14988317764197
MA010120220808195182,오늘우리,과학·기술,사진 촬영,중구,2711056500,성내1동,2711054500,대구광역시 중구 삼덕동,128.597469471239,35.8681632632775,20.81851472861683
MA010120220808287136,비타민반찬,소매,식료품 소매,수성구,2726065100,지산1동,2726060100,대구광역시 수성구 황금1동,128.629970394172,35.838772950273,33.60536697627524
MA010120220808323571,왓에버,소매,섬유·의복·신발 소매,중구,2711056500,성내1동,2711054500,대구광역시 중구 삼덕동,128.596110428311,35.8682984799347,5.347830054355965
MA010120220808499732,컷트클럽,수리·개인,이용·미용,북구,2723068000,검단동,2723067200,대구광역시 북구 복현2동,128.619490309717,35.9062387806186,11.657485612916414
MA010120220808367795,신따로스시,음식,일식,남구,2720057100,대명2동,2720060000,대구광역시 남구 대명5동,128.587246031963,35.849050333283,6.448411920705414
MA010120220808436352,다모아,소매,섬유·의복·신발 소매,중구,2711057500,성내2동,2711065000,대구광역시 중구 남산2동,128.593342554172,35.864424266825,188.59244919554598
MA010120220808499031,구르메쇼쿠도,음식,일식,중구,2711056500,성내1동,2711054500,대구광역시 중구 삼덕동,128.595905872878,35.8669314604927,24.377400830734484
MA010120220808474264,우야꼬닭강정,음식,기타 간이,중구,2711057500,성내2동,2711065000,대구광역시 중구 남산2동,128.593342554172,35.864424266825,188.59244919554598
MA010120220808438675,채원,수리·개인,이용·미용,수성구,2726061000,중동,2726062000,대구광역시 수성구 상동,128.610628277825,35.8389256611039,24.306228963741823
MA010120220808404798,꽃답다빈티지씨,소매,섬유·의복·신발 소매,중구,2711064000,남산1동,2711065000,대구광역시 중구 남산2동,128.593342554172,35.864424266825,19.934593070075067
MA010120220808405488,라네쥬헤어,수리·개인,이용·미용,북구,2723055000,침산1동,2723079000,대구광역시 북구 노원동,128.58030954134,35.8904773017209,22.73424890962496
MA010120220808362695,비에이치모터,소매,모터사이클 소매,동구,2714065500,동촌동,2714064000,대구광역시 동구 지저동,128.643033841082,35.8931408238746,90.97358339845823
MA010120220808400312,야미네코스시대명점,음식,일식,남구,2720056000,대명1동,2720059000,대구광역시 남구 대명4동,128.576356056342,35.8452106440221,3.6891551146228383
MA010120220808404443,제이어스짐,예술·스포츠,스포츠 서비스,동구,2714051000,신암1동,2723064500,대구광역시 북구 대현동,128.613930782304,35.8844610801359,2.7311453178034997
MA010120220808498685,바른면,음식,한식,수성구,2726059000,수성4가동,2726057000,대구광역시 수성구 수성1가동,128.613226062564,35.8600856980577,13.337128037865073
MA010120220808461678,영진냉동,소매,가전·통신 소매,동구,2714061500,도평동,2714068500,대구광역시 동구 해안동,128.669610642179,35.8967301659034,731.0773968951056
MA010120220808495689,경신산업보물나라,소매,중고 상품 소매,달서구,2729056300,죽전동,2717054000,대구광역시 서구 내당4동,128.545254365802,35.8560230138582,3.6446654375384835
MA010120220808353747,채움인테리어,소매,섬유·의복·신발 소매,동구,2714064000,지저동,2714062000,대구광역시 동구 불로·봉무동,128.643622551703,35.9076860474181,144.2176720849484
MA010120220808614455,바르게필라테스,교육,기타 교육,달서구,2729056800,장기동,2729055500,대구광역시 달서구 감삼동,128.53423637966,35.8437643604825,2.461074792172881
MA010120220808648565,에스포텍,과학·기술,기술 서비스,달서구,2729057700,이곡2동,2729058500,대구광역시 달서구 신당동,128.494656336086,35.8413435197246,475.008606554641
MA010120220808526591,앤유PC방,예술·스포츠,유원지·오락,중구,2711056500,성내1동,2711054500,대구광역시 중구 삼덕동,128.597079345602,35.8658254794145,24.348432000906378
MA010120220808605896,대경축산,소매,식료품 소매,수성구,2726065200,지산2동,2726066200,대구광역시 수성구 범물2동,128.637024170457,35.8190411472347,23.091612523881402
MA010120220808573355,서남안과의원,보건의료,의원,달서구,2729055500,감삼동,2729056300,대구광역시 달서구 죽전동,128.547360841464,35.8544819639473,22.60577699084439
MA010120220808550121,국제헤어,수리·개인,이용·미용,남구,2720057100,대명2동,2720051500,대구광역시 남구 이천동,128.603704327874,35.8473718989822,751.510371628645
MA010120220808523042,하얀림치과의원,보건의료,의원,중구,2711068000,대봉1동,2711056500,대구광역시 중구 성내1동,128.599789612822,35.8635185306226,22.697688545006883
MA010120220808516839,리마음필라테스,교육,기타 교육,남구,2720054000,봉덕2동,2720053000,대구광역시 남구 봉덕1동,128.603750756443,35.8441812255198,53.209262387566135
MA010120220808567509,의성윤활유,소매,연료 소매,남구,2720053000,봉덕1동,2720051500,대구광역시 남구 이천동,128.602868087739,35.8465179598785,1.765389581762468
MA010120220808628983,유성공인중개사사무소,부동산,부동산 서비스,달서구,2729056300,죽전동,2717054000,대구광역시 서구 내당4동,128.545620969904,35.8560903895745,27.408091337276286
MA010120220808570610,큐게러지,수리·개인,모터사이클 수리,동구,2714065500,동촌동,2714064000,대구광역시 동구 지저동,128.642919676555,35.8924395022173,65.22038061067597
MA010120220808547761,민'sNAIL#,수리·개인,이용·미용,중구,2711057500,성내2동,2711065000,대구광역시 중구 남산2동,128.593342554172,35.864424266825,188.59244919554598
MA010120220808672307,미래비투비,소매,가전·통신 소매,동구,2714052000,신암2동,2723064500,대구광역시 북구 대현동,128.611906863602,35.8813072444416,0.5984218472352413
MA010120220808677848,태흥종합장식,소매,철물·건설자재 소매,동구,2714067000,방촌동,2714065500,대구광역시 동구 동촌동,128.656835852569,35.8837235773964,68.51533466401916
MA010120220808621798,팔공막창,음식,한식,중구,2711056500,성내1동,2711054500,대구광역시 중구 삼덕동,128.597692644544,35.8682504090702,11.229201056047195
MA010120220808653161,샤이킹,소매,식료품 소매,달서구,2729056300,죽전동,2717067500,대구광역시 서구 상중이동,128.543321689305,35.8562551244604,45.373024041906895
MA010120220808523450,경주식당,음식,한식,동구,2714051000,신암1동,2723063000,대구광역시 북구 산격3동,128.61643567228,35.8878427003906,5.193054338702099
MA010120220808584725,정담디,음식,비알코올 ,중구,2711057500,성내2동,2711065000,대구광역시 중구 남산2동,128.593342554172,35.864424266825,188.59244919554598
MA010120220808584608,배스킨라빈스대구만촌네거리,음식,기타 간이,수성구,2726056100,만촌3동,2726056000,대구광역시 수성구 만촌2동,128.646380197026,35.8584553590516,11.952495158615696
MA010120220808760491,영광약국,소매,의약·화장품 소매,중구,2711054500,삼덕동,2711056500,대구광역시 중구 성내1동,128.599229486836,35.8642919613585,8.39213233441903
MA010120220808732060,은덕개발,소매,종합 소매,수성구,2726065200,지산2동,2726066200,대구광역시 수성구 범물2동,128.637024170457,35.8190411472347,23.091612523881402
MA010120220808804429,다빈치메트로센터,음식,비알코올 ,중구,2711057500,성내2동,2711065000,대구광역시 중구 남산2동,128.593342554172,35.864424266825,188.59244919554598
MA010120220808795768,편한현대약국,소매,의약·화장품 소매,중구,2711057500,성내2동,2711065000,대구광역시 중구 남산2동,128.593342554172,35.864424266825,188.59244919554598
MA010120220808803573,데일리,과학·기술,사진 촬영,중구,2711057500,성내2동,2711065000,대구광역시 중구 남산2동,128.593342554172,35.864424266825,188.59244919554598
MA010120220808804760,대명카서비스센터,수리·개인,자동차 수리·세차,달서구,2729056800,장기동,2729055500,대구광역시 달서구 감삼동,128.532611277031,35.8455874120675,65.64264786889643
MA010120220808806169,GL,과학·기술,인쇄·제품제작,북구,2723056000,침산2동,2723052600,대구광역시 북구 칠성동,128.597748120328,35.8814874457263,47.312579323603266
MA010120220808731429,남산동커피,음식,비알코올 ,중구,2711064000,남산1동,2711056500,대구광역시 중구 성내1동,128.594521689227,35.8647059967752,1.7758957691693826
MA010120220808804588,IT대학2호관복사실,시설관리·임대,사무 지원,북구,2723064500,대현동,2723063000,대구광역시 북구 산격3동,128.614323869788,35.8890966568548,346.90678140699237
MA010120220808722352,세븐대구산격타운점,소매,종합 소매,북구,2723063100,산격4동,2723063000,대구광역시 북구 산격3동,128.605048919498,35.8909962340307,12.583888519303718
MA010120220808793854,센트로펠리스세탁,수리·개인,세탁,중구,2711068000,대봉1동,2711056500,대구광역시 중구 성내1동,128.600153974054,35.862369225253,13.511918695356485
MA010120220808806653,베이징유학원인차이나여행사라이라이중국어,교육,교육 지원,수성구,2726056100,만촌3동,2726056000,대구광역시 수성구 만촌2동,128.646168627369,35.858395179083,1.1377368694736094
MA010120220808807101,예동행,과학·기술,광고,달서구,2729055500,감삼동,2729056300,대구광역시 달서구 죽전동,128.542241088636,35.8541873410905,205.697083541204
MA010120220808810873,광명부동산,부동산,부동산 서비스,중구,2711054500,삼덕동,2711056500,대구광역시 중구 성내1동,128.599778886441,35.8640863936773,2.763812589881903
MA010120220808813694,강남보석,소매,시계·귀금속 소매,중구,2711057500,성내2동,2711065000,대구광역시 중구 남산2동,128.593342554172,35.864424266825,188.59244919554598
MA010120220808807033,12호,소매,기타 상품 소매,중구,2711056500,성내1동,2723052600,대구광역시 북구 칠성동,128.596129599265,35.875876833739,58.96002309522996
MA010120220808816207,동아쇼핑센터안경코너,소매,안경·정밀기기 소매,중구,2711057500,성내2동,2711065000,대구광역시 중구 남산2동,128.593342554172,35.864424266825,188.59244919554598
MA010120220808806416,세비앙패션,소매,섬유·의복·신발 소매,중구,2711057500,성내2동,2711065000,대구광역시 중구 남산2동,128.593342554172,35.864424266825,188.59244919554598
MA010120220808825266,하룸,소매,섬유·의복·신발 소매,중구,2711056500,성내1동,2711054500,대구광역시 중구 삼덕동,128.597159533042,35.8659595846405,39.552183485213284
MA010120220808818864,동해씨링인쇄,과학·기술,인쇄·제품제작,중구,2711066000,남산3동,2711065000,대구광역시 중구 남산2동,128.586634284273,35.8633415789429,5.138900875228213
MA010120220808819141,태후사랑,소매,의약·화장품 소매,중구,2711056500,성내1동,2723052600,대구광역시 북구 칠성동,128.596129599265,35.875876833739,58.96002309522996
MA010120220808828854,메트로부동산,부동산,부동산 서비스,중구,2711057500,성내2동,2711065000,대구광역시 중구 남산2동,128.593342554172,35.864424266825,188.59244919554598
MA010120220808827331,굽네치킨대구,음식,기타 간이,중구,2711068000,대봉1동,2711056500,대구광역시 중구 성내1동,128.600153974054,35.862369225253,13.511918695356485
MA010120220808813639,대구다방,음식,비알코올 ,중구,2711056500,성내1동,2711069000,대구광역시 중구 대봉2동,128.598071444954,35.8600990337387,12.01721126346556
MA010120220808806383,삼협,과학·기술,기술 서비스,중구,2711056500,성내1동,2711069000,대구광역시 중구 대봉2동,128.598336874406,35.8600864906951,16.57676568701053
MA010120220808845995,동문복사,시설관리·임대,사무 지원,동구,2714051000,신암1동,2723063000,대구광역시 북구 산격3동,128.61643567228,35.8878427003906,5.193054338702099
MA010120220808846420,정미용실,수리·개인,이용·미용,동구,2714062000,불로.봉무동,2714064000,대구광역시 동구 지저동,128.634016146913,35.8962286127538,414.8233116624629
MA010120220808849110,이마트24아양교,소매,종합 소매,동구,2714065500,동촌동,2714064000,대구광역시 동구 지저동,128.642229899879,35.890142036794,24.776131897089876
MA010120220808849951,월드메쎄,과학·기술,광고,북구,2723077000,읍내동,2723075000,대구광역시 북구 관음동,128.546298747158,35.9467368758422,12.880910650272831
MA010120220808845852,이명헤어샵,수리·개인,이용·미용,동구,2714065500,동촌동,2714064000,대구광역시 동구 지저동,128.644150036269,35.894098768299,49.10831266924698
MA010120220808845186,앞산식당,음식,구내식당·뷔페,남구,2720055000,봉덕3동,2720064000,대구광역시 남구 대명9동,128.588974374278,35.8308242965039,9.58038924166548
MA010120220808849501,남경반점,음식,중식,동구,2714062000,불로.봉무동,2714064000,대구광역시 동구 지저동,128.635130566656,35.8965648834155,363.61370337561135
MA010120220808846053,진주식당,음식,한식,동구,2714065500,동촌동,2714064000,대구광역시 동구 지저동,128.643575307368,35.8925476768847,17.644813088298367
MA010120220808846536,한성카센타,수리·개인,자동차 수리·세차,동구,2714073000,안심2동,2714067000,대구광역시 동구 방촌동,128.674709704562,35.877492130301,21.189897432384996
MA010120220808835391,양총포사,소매,기타 상품 소매,북구,2723055000,침산1동,2723079000,대구광역시 북구 노원동,128.581017395513,35.8904319380575,10.39847645692263
MA010120220808829430,경진인쇄사,과학·기술,인쇄·제품제작,북구,2723055000,침산1동,2723079000,대구광역시 북구 노원동,128.581017395513,35.8904319380575,10.39847645692263
MA010120220808838321,신데렐라헤어살롱,수리·개인,이용·미용,중구,2711056500,성내1동,2711054500,대구광역시 중구 삼덕동,128.597711344158,35.8680789431822,30.255494261414526
MA010120220808856326,신세계휴랜드이용소,수리·개인,이용·미용,동구,2714073000,안심2동,2714067000,대구광역시 동구 방촌동,128.674576375845,35.8769442998152,11.392069958107133
MA010120220808856692,김밥여행,음식,기타 간이,동구,2714073000,안심2동,2714068500,대구광역시 동구 해안동,128.675922309022,35.8777635757944,17.034837873336986
MA010120220808854659,대영카세차장,수리·개인,자동차 수리·세차,동구,2714062000,불로.봉무동,2714064000,대구광역시 동구 지저동,128.630206031746,35.90053375773,18.824553146629626
MA010120220808854230,배정록헤어,수리·개인,이용·미용,동구,2714067000,방촌동,2714065500,대구광역시 동구 동촌동,128.657012410424,35.8836941072659,58.01602922154499
MA010120220808855749,아이티월드,수리·개인,컴퓨터 수리,수성구,2726065100,지산1동,2726060100,대구광역시 수성구 황금1동,128.629817157591,35.8388561318818,20.930139609235887
MA010120220808856601,고운머리하는날,수리·개인,이용·미용,동구,2714067000,방촌동,2714065500,대구광역시 동구 동촌동,128.657738527059,35.8834678137805,4.60096123555152
MA010120220808854333,건축사사무소이노건축,과학·기술,기술 서비스,남구,2720056000,대명1동,2720059000,대구광역시 남구 대명4동,128.576695858495,35.8456026905008,29.76195343346923
MA010120220808856615,송정미용실,수리·개인,이용·미용,동구,2714074200,안심3동,2714074700,대구광역시 동구 안심4동,128.732913834238,35.8712596123647,4.527261035497489
MA010120220808856050,홍천뚝배기,음식,한식,동구,2714062000,불로.봉무동,2714064000,대구광역시 동구 지저동,128.629269658239,35.900240082668,30.866368207968303
MA010120220808855610,영진,과학·기술,인쇄·제품제작,동구,2714062000,불로.봉무동,2714064000,대구광역시 동구 지저동,128.633118176788,35.8956460815379,501.92208859835023
MA010120220808856884,대영상회,음식,한식,수성구,2726068000,고산2동,2714072000,대구광역시 동구 안심1동,128.692047578239,35.8581631750142,1.1997578034063066
MA010120220808856062,벽지명가방촌점,소매,철물·건설자재 소매,동구,2714073000,안심2동,2714068500,대구광역시 동구 해안동,128.677448517558,35.8776791880708,5.346127724973963
MA010120220808850340,불로잡화,소매,오락용품 소매,동구,2714062000,불로.봉무동,2714064000,대구광역시 동구 지저동,128.632231242412,35.8977577843334,337.8834934899518
MA010120220808850435,아르페지오,소매,섬유·의복·신발 소매,동구,2714074700,안심4동,2714072000,대구광역시 동구 안심1동,128.708369270061,35.8697459303446,7.899281178620802
MA010120220808856239,엄성훈헤어아트,수리·개인,이용·미용,수성구,2726061000,중동,2726062000,대구광역시 수성구 상동,128.609779073566,35.8390722138815,6.8208443135938355
MA010120220808857010,태양머리방,수리·개인,이용·미용,동구,2714061500,도평동,2714062000,대구광역시 동구 불로·봉무동,128.642902898752,35.9093089223709,10.853172909868466
MA010120220808855929,명산가,음식,한식,동구,2714062000,불로.봉무동,2714064000,대구광역시 동구 지저동,128.630206031746,35.90053375773,18.824553146629626
MA010120220808851048,동아철물건재상사,소매,철물·건설자재 소매,동구,2714051000,신암1동,2723064500,대구광역시 북구 대현동,128.612552171381,35.8825511640083,5.7460276884903285
MA010120220808855294,도원광고,과학·기술,인쇄·제품제작,북구,2723079000,노원동,2723055000,대구광역시 북구 침산1동,128.578074961524,35.8928316367623,9.243962792457141
MA010120220808851998,광개토기획,과학·기술,인쇄·제품제작,북구,2723063100,산격4동,2723063000,대구광역시 북구 산격3동,128.605035665722,35.8908882745526,13.350705378032536
MA010120220808856836,화성식당,음식,주점,수성구,2726057000,수성1가동,2726061000,대구광역시 수성구 중동,128.612622576707,35.8488745754706,25.557066571873992
MA010120220808852517,예은미용실,수리·개인,이용·미용,동구,2714074700,안심4동,2714072000,대구광역시 동구 안심1동,128.708304754228,35.8703506029383,22.52765748705546
MA010120220808859840,나이키,소매,섬유·의복·신발 소매,수성구,2726059000,수성4가동,2726057000,대구광역시 수성구 수성1가동,128.613425451432,35.8600920314431,6.488191375282401
MA010120220808862834,나이스애드,과학·기술,인쇄·제품제작,남구,2720051500,이천동,2720053000,대구광역시 남구 봉덕1동,128.604241979847,35.846040037582,4.281759497875937
MA010120220808858135,에이스모형,소매,오락용품 소매,남구,2720053000,봉덕1동,2720051500,대구광역시 남구 이천동,128.599418529791,35.8489069125687,3.542559350178971
MA010120220808857375,중부정보통신,소매,가전·통신 소매,중구,2711057500,성내2동,2711065000,대구광역시 중구 남산2동,128.593342554172,35.864424266825,188.59244919554598
MA010120220808866087,선우토탈케어피부미용실,수리·개인,이용·미용,남구,2720057100,대명2동,2720051500,대구광역시 남구 이천동,128.594999239424,35.8520746207385,9.0445982392011
MA010120220808863529,나드리노래연습장,예술·스포츠,유원지·오락,동구,2714073000,안심2동,2714068500,대구광역시 동구 해안동,128.675922309022,35.8777635757944,17.034837873336986
MA010120220808866782,신세계휴랜드,수리·개인,욕탕·신체관리,동구,2714073000,안심2동,2714067000,대구광역시 동구 방촌동,128.674576375845,35.8769442998152,11.392069958107133
MA010120220808858319,에이제이건강생활,소매,의약·화장품 소매,남구,2720057100,대명2동,2711064000,대구광역시 중구 남산1동,128.590133789037,35.8567529888649,7.15574885872854
MA010120220808860365,동해참가자미,음식,한식,수성구,2726065100,지산1동,2726060100,대구광역시 수성구 황금1동,128.629876352633,35.8385038833291,21.701988662412376
MA010120220808863579,정화돼지국밥,음식,한식,수성구,2726061000,중동,2726062000,대구광역시 수성구 상동,128.609765096549,35.8389282179185,22.77132383676485
MA010120220808865377,영헤어샵,수리·개인,이용·미용,동구,2714062000,불로.봉무동,2714064000,대구광역시 동구 지저동,128.635192688832,35.8958160964054,446.62311737607763
MA010120220808864429,오거리카,수리·개인,자동차 수리·세차,북구,2723063100,산격4동,2723063000,대구광역시 북구 산격3동,128.605075063425,35.891194135064,11.342841141340843
MA010120220808865930,동신공인중개사,부동산,부동산 서비스,동구,2714074200,안심3동,2714074700,대구광역시 동구 안심4동,128.732834004566,35.8711526294694,14.26303056277791
MA010120220808861068,우성헤어샵,수리·개인,이용·미용,동구,2714065500,동촌동,2714064000,대구광역시 동구 지저동,128.642288046299,35.8902764115619,25.420388168662644
MA010120220808862849,나원스킨케어,수리·개인,이용·미용,수성구,2726061000,중동,2726062000,대구광역시 수성구 상동,128.611280147825,35.8388718634478,31.217527441949713
MA010120220808861928,늘사랑약국,소매,의약·화장품 소매,수성구,2726059000,수성4가동,2726057000,대구광역시 수성구 수성1가동,128.613591456645,35.8600898015406,1.5674884550018118
MA010120220808864479,신세계헤어샵,수리·개인,이용·미용,동구,2714073000,안심2동,2714067000,대구광역시 동구 방촌동,128.674576375845,35.8769442998152,11.392069958107133
MA010120220808863164,뷰티살롱구동연,수리·개인,이용·미용,중구,2711064000,남산1동,2711056500,대구광역시 중구 성내1동,128.594521689227,35.8647059967752,1.7758957691693826
MA010120220808861075,나렌즈,소매,안경·정밀기기 소매,중구,2711057500,성내2동,2711065000,대구광역시 중구 남산2동,128.593342554172,35.864424266825,188.59244919554598
MA010120220808869499,고려환경,시설관리·임대,청소·방제,남구,2720053000,봉덕1동,2720051500,대구광역시 남구 이천동,128.602754167207,35.8469069721544,38.55256898419263
MA010120220808869537,청도추어탕,음식,한식,수성구,2726061000,중동,2726062000,대구광역시 수성구 상동,128.611777484423,35.8388381583333,35.67616334502576
MA010120220808870294,헤어우덕,수리·개인,이용·미용,동구,2714065500,동촌동,2714064000,대구광역시 동구 지저동,128.643644156833,35.8926638817287,17.92510212094059
MA010120220808874860,제니스,소매,섬유·의복·신발 소매,수성구,2726059000,수성4가동,2726057000,대구광역시 수성구 수성1가동,128.611812767709,35.8602668763743,38.33345317950067
MA010120220808873554,수성장원공인중개사사무소,부동산,부동산 서비스,수성구,2726059000,수성4가동,2726057000,대구광역시 수성구 수성1가동,128.609925998385,35.8611212302088,7.900933206765586
MA010120220808868961,예솔광고사,과학·기술,인쇄·제품제작,동구,2714073000,안심2동,2714068500,대구광역시 동구 해안동,128.677448517558,35.8776791880708,5.346127724973963
MA010120220808868623,세븐일레븐경대,소매,종합 소매,동구,2714051000,신암1동,2723063000,대구광역시 북구 산격3동,128.616517563843,35.888057870986,8.389788888951351
MA010120220808869086,보광미용실,수리·개인,이용·미용,동구,2714062000,불로.봉무동,2714064000,대구광역시 동구 지저동,128.632961111442,35.8982434834797,257.31938146395396
MA010120220808873863,국민공인중개사사무소,부동산,부동산 서비스,동구,2714067000,방촌동,2714065500,대구광역시 동구 동촌동,128.657012410424,35.8836941072659,58.01602922154499
MA010120220808867043,김은순헤어뷰티,수리·개인,이용·미용,수성구,2726061000,중동,2726062000,대구광역시 수성구 상동,128.61113667922,35.8388918103073,28.797350495409326
MA010120220808867973,범물전기철물,소매,철물·건설자재 소매,수성구,2726066200,범물2동,2726066100,대구광역시 수성구 범물1동,128.644896462644,35.8171674108468,6.549410675250184
MA010120220808873430,나은베이커리,음식,기타 간이,북구,2723075000,관음동,2723077000,대구광역시 북구 읍내동,128.547227523551,35.9449226266145,31.091982265601132
MA010120220808872025,주성건축사사무소,과학·기술,기술 서비스,남구,2720056000,대명1동,2720059000,대구광역시 남구 대명4동,128.576695858495,35.8456026905008,29.76195343346923
MA010120220808873011,산내들김밥천국,음식,기타 간이,동구,2714074700,안심4동,2714072000,대구광역시 동구 안심1동,128.708308128483,35.8694764620007,9.425521031196059
MA010120220808873361,모정미용소,수리·개인,이용·미용,수성구,2726061000,중동,2726057000,대구광역시 수성구 수성1가동,128.611266810961,35.8491540987558,9.83625705478457
MA010120220808867433,사랑동물병원,과학·기술,수의,수성구,2726059000,수성4가동,2726057000,대구광역시 수성구 수성1가동,128.61005771108,35.8610653962595,9.62893119434624
MA010120220808874884,여명인테리어,소매,철물·건설자재 소매,동구,2714067000,방촌동,2714065500,대구광역시 동구 동촌동,128.657774366193,35.8835934775361,15.291301356525722
MA010120220808869603,남경부동산중개,부동산,부동산 서비스,동구,2714065500,동촌동,2714064000,대구광역시 동구 지저동,128.642439227949,35.8906257857891,27.09545314207726
MA010120220808874874,보성반점,음식,중식,동구,2714068500,해안동,2714065500,대구광역시 동구 동촌동,128.661479010453,35.8854797100912,4.277798133313133
MA010120220808872999,명가,음식,한식,중구,2711057500,성내2동,2711065000,대구광역시 중구 남산2동,128.593342554172,35.864424266825,188.59244919554598
MA010120220808874677,키라키라,수리·개인,이용·미용,수성구,2726065100,지산1동,2726060100,대구광역시 수성구 황금1동,128.629876352633,35.8385038833291,21.701988662412376
MA010120220808869182,복권천국,예술·스포츠,유원지·오락,수성구,2726057000,수성1가동,2726061000,대구광역시 수성구 중동,128.612779500241,35.8489715946601,15.312118979716878
MA010120220808878159,에스티커뮤니케이션,과학·기술,인쇄·제품제작,남구,2720051500,이천동,2720053000,대구광역시 남구 봉덕1동,128.604241979847,35.846040037582,4.281759497875937
MA010120220808883179,오복상회,소매,종합 소매,동구,2714064000,지저동,2714062000,대구광역시 동구 불로·봉무동,128.642127729891,35.9082471823566,203.18287662514027
MA010120220808880545,역동,소매,의약·화장품 소매,동구,2714062000,불로.봉무동,2714061500,대구광역시 동구 도평동,128.644030289986,35.9097260311551,15.636993940327342
MA010120220808879221,마이모터뱅크,수리·개인,모터사이클 수리,동구,2714067000,방촌동,2714065500,대구광역시 동구 동촌동,128.657310363217,35.8836449388853,40.35278218866118
MA010120220808882623,씨피통신,소매,가전·통신 소매,수성구,2726066200,범물2동,2726066100,대구광역시 수성구 범물1동,128.644630905764,35.8177027198618,27.122960866466176
MA010120220808879051,발전사카,수리·개인,자동차 수리·세차,동구,2714065500,동촌동,2714064000,대구광역시 동구 지저동,128.643514280095,35.8928098408008,35.69861698425076
MA010120220808882044,더라인스쿼시클럽범어,예술·스포츠,스포츠 서비스,수성구,2726056100,만촌3동,2726056000,대구광역시 수성구 만촌2동,128.646168627369,35.858395179083,1.1377368694736094
MA010120220808884916,본죽,음식,한식,수성구,2726065100,지산1동,2726060100,대구광역시 수성구 황금1동,128.629941442021,35.8389806057966,33.68358765785046
MA010120220808878601,보노헤어,수리·개인,이용·미용,수성구,2726065100,지산1동,2726060100,대구광역시 수성구 황금1동,128.629871375842,35.83826064238,18.1214451397268
MA010120220808881605,토방식당,음식,주점,동구,2714065500,동촌동,2714064000,대구광역시 동구 지저동,128.642288046299,35.8902764115619,25.420388168662644
MA010120220808877426,참좋은광고,과학·기술,광고,동구,2714074700,안심4동,2714072000,대구광역시 동구 안심1동,128.708408856655,35.8700427390608,8.702569743738925
MA010120220808884072,손성은헤어두,수리·개인,이용·미용,수성구,2726065100,지산1동,2726060100,대구광역시 수성구 황금1동,128.629826019175,35.8376665036011,6.397135290039296
MA010120220808880009,신천황제떡볶이,음식,기타 간이,동구,2714051000,신암1동,2723063000,대구광역시 북구 산격3동,128.616229804697,35.8875210619517,7.266421324732903
MA010120220808878809,두리애드컴,과학·기술,광고,중구,2711056500,성내1동,2711069000,대구광역시 중구 대봉2동,128.59691902026,35.8600422687066,4.448492228090981
MA010120220808884067,오메식당,음식,한식,수성구,2726057000,수성1가동,2726061000,대구광역시 수성구 중동,128.612171811081,35.8490248084919,7.438074988472233
MA010120220808881193,불로상사,수리·개인,자동차 수리·세차,동구,2714064000,지저동,2714062000,대구광역시 동구 불로·봉무동,128.643485491093,35.9080213422787,182.58248566202275
MA010120220808877947,일맥M&A,과학·기술,기타 전문 과학,동구,2714051000,신암1동,2723064500,대구광역시 북구 대현동,128.612436721058,35.8823184181506,1.9943446999475907
MA010120220808882856,청백카피,시설관리·임대,사무 지원,동구,2714051000,신암1동,2723064500,대구광역시 북구 대현동,128.61378558737,35.8843999517802,10.750517503031636
MA010120220808880804,와우파티대구수성점,소매,장식품 소매,수성구,2726061000,중동,2726057000,대구광역시 수성구 수성1가동,128.610824737365,35.8491870615094,14.927689641428515
MA010120220808880027,뼈큰감자탕,음식,한식,동구,2714051000,신암1동,2723064500,대구광역시 북구 대현동,128.612185325965,35.8819343036957,0.5738910087917312
MA010120220808879247,지지,음식,기타 간이,중구,2711067000,남산4동,2711065000,대구광역시 중구 남산2동,128.582095160031,35.8638880707489,9.711435829652336
MA010120220808880553,파리바게뜨대구안심점,음식,기타 간이,동구,2714074700,안심4동,2714072000,대구광역시 동구 안심1동,128.708308128483,35.8694764620007,9.425521031196059
MA010120220808887696,가야할인마트,소매,종합 소매,동구,2714062000,불로.봉무동,2714064000,대구광역시 동구 지저동,128.63156989502,35.8984516350186,272.0725185249279
MA010120220808887793,선돌,음식,한식,동구,2714065500,동촌동,2714064000,대구광역시 동구 지저동,128.642997449091,35.8919157808149,33.31773392311006
MA010120220808890326,아바이왕순대식당,음식,한식,동구,2714065500,동촌동,2714064000,대구광역시 동구 지저동,128.644611798519,35.8944709200867,30.57964173979011
MA010120220808893309,반사,과학·기술,전문 디자인,동구,2714065500,동촌동,2714064000,대구광역시 동구 지저동,128.64305672874,35.8931765560027,90.92150412650071
MA010120220808891309,신광,음식,비알코올 ,동구,2714074700,안심4동,2714072000,대구광역시 동구 안심1동,128.708369270061,35.8697459303446,7.899281178620802
MA010120220808886922,다비치헤어클럽,수리·개인,이용·미용,수성구,2726051000,범어1동,2726060200,대구광역시 수성구 황금2동,128.626047652329,35.8493694680685,2.1640096427393796
MA010120220808891480,한성공인중개사사무소,부동산,부동산 서비스,동구,2714067000,방촌동,2714065500,대구광역시 동구 동촌동,128.656835852569,35.8837235773964,68.51533466401916
MA010120220808889608,주안장식,소매,철물·건설자재 소매,동구,2714062000,불로.봉무동,2714064000,대구광역시 동구 지저동,128.635094571083,35.8964302035624,378.6178194408341
MA010120220808887247,경대뉴보자르의원,보건의료,의원,중구,2711064000,남산1동,2711056500,대구광역시 중구 성내1동,128.594469238389,35.8648508760647,5.902006643304079
MA010120220808889462,수성동물병원,과학·기술,수의,수성구,2726061000,중동,2726062000,대구광역시 수성구 상동,128.611838091189,35.8390986773013,6.869471495578446
MA010120220808886520,고향식당,음식,한식,동구,2714065500,동촌동,2714064000,대구광역시 동구 지저동,128.643644156833,35.8926638817287,17.92510212094059
MA010120220808885385,우성세탁소,수리·개인,세탁,수성구,2726066100,범물1동,2726065100,대구광역시 수성구 지산1동,128.643602688536,35.8241779815653,59.1987776156344
MA010120220808891673,한국정보,소매,가전·통신 소매,동구,2714074700,안심4동,2714072000,대구광역시 동구 안심1동,128.708308128483,35.8694764620007,9.425521031196059
MA010120220808885606,Y.GCAD,과학·기술,전문 디자인,중구,2711058500,성내3동,2717056500,대구광역시 서구 비산2·3동,128.578665341583,35.8757111663341,17.858079477676984
MA010120220808891373,아이테일러안경원,소매,안경·정밀기기 소매,수성구,2726059000,수성4가동,2726057000,대구광역시 수성구 수성1가동,128.612905119095,35.8600900080191,22.85048748191139
MA010120220808890173,진미반찬,소매,식료품 소매,수성구,2726066200,범물2동,2726066100,대구광역시 수성구 범물1동,128.64466148665,35.8175761412995,20.053054200288322
MA010120220808894845,비치다안경원,소매,안경·정밀기기 소매,수성구,2726059000,수성4가동,2726057000,대구광역시 수성구 수성1가동,128.610474435468,35.8608705698747,16.989110844353362
MA010120220808897216,앵고,소매,섬유·의복·신발 소매,수성구,2726061000,중동,2726062000,대구광역시 수성구 상동,128.611801253134,35.8389189425167,26.750717789664883
MA010120220808895362,두툼참숯초벌구이,음식,주점,수성구,2726065200,지산2동,2726066200,대구광역시 수성구 범물2동,128.636645388757,35.8199925077782,1.6152766315799947
MA010120220808894254,형제카클리닉,수리·개인,자동차 수리·세차,수성구,2726066200,범물2동,2726066100,대구광역시 수성구 범물1동,128.644418145967,35.8175794713065,3.6363783610107605
MA010120220808900403,김밥파는사람들,음식,기타 간이,동구,2714051000,신암1동,2723064500,대구광역시 북구 대현동,128.613930782304,35.8844610801359,2.7311453178034997
MA010120220808900505,아름다운헤어,수리·개인,이용·미용,수성구,2726061000,중동,2726062000,대구광역시 수성구 상동,128.610871323411,35.8389043798116,27.01877223235724
MA010120220808897486,영우과자점,음식,기타 간이,동구,2714065500,동촌동,2714064000,대구광역시 동구 지저동,128.644611798519,35.8944709200867,30.57964173979011
MA010120220808895595,K2카써비스,수리·개인,자동차 수리·세차,동구,2714065500,동촌동,2714064000,대구광역시 동구 지저동,128.644773325067,35.8947841039212,33.27076109473861
MA010120220808898838,김피부과의원,보건의료,의원,수성구,2726056100,만촌3동,2726056000,대구광역시 수성구 만촌2동,128.646168627369,35.858395179083,1.1377368694736094
MA010120220808898774,남부연세치과의원,보건의료,의원,수성구,2726056100,만촌3동,2726056000,대구광역시 수성구 만촌2동,128.646380197026,35.8584553590516,11.952495158615696
MA010120220808898316,멋쟁이옷가게,소매,섬유·의복·신발 소매,동구,2714065500,동촌동,2714064000,대구광역시 동구 지저동,128.642439227949,35.8906257857891,27.09545314207726
MA010120220808910710,복권명당체인점,예술·스포츠,유원지·오락,수성구,2726059000,수성4가동,2726057000,대구광역시 수성구 수성1가동,128.613347799724,35.8600840630206,9.728612473160986
MA010120220808902424,멘토스교육원,교육,교육 지원,수성구,2726065200,지산2동,2726066200,대구광역시 수성구 범물2동,128.636754337136,35.8199099209776,10.303334551676624
MA010120220808919332,에스엘에듀주,교육,일반 교육,수성구,2726056100,만촌3동,2726056000,대구광역시 수성구 만촌2동,128.645375556375,35.8585862726085,5.627344091691539
MA010120220808902493,통큰분식,음식,기타 간이,동구,2714051000,신암1동,2723063000,대구광역시 북구 산격3동,128.616253228136,35.8875838263094,8.236960825723438
MA010120220808901823,케이에이엘티에스,수리·개인,가전제품 수리,동구,2714062000,불로.봉무동,2714064000,대구광역시 동구 지저동,128.63404176996,35.8958587991448,454.0504009682264
MA010120220808909928,그린헤어샵,수리·개인,이용·미용,북구,2723075000,관음동,2723077000,대구광역시 북구 읍내동,128.547151224589,35.9438512547768,0.32393915371472126
MA010120220808916935,광명실업주,시설관리·임대,청소·방제,수성구,2726065200,지산2동,2726066200,대구광역시 수성구 범물2동,128.636754337136,35.8199099209776,10.303334551676624
MA010120220808909367,케이투,소매,기타 생활용품 소매,동구,2714065500,동촌동,2714064000,대구광역시 동구 지저동,128.643644156833,35.8926638817287,17.92510212094059
MA010120220808918784,대성보안공사주,시설관리·임대,청소·방제,수성구,2726065200,지산2동,2726066200,대구광역시 수성구 범물2동,128.636754337136,35.8199099209776,10.303334551676624
MA010120220808905371,송정이용소,수리·개인,이용·미용,동구,2714074200,안심3동,2714074700,대구광역시 동구 안심4동,128.732913834238,35.8712596123647,4.527261035497489
MA010120220808902855,모드메리야스,소매,섬유·의복·신발 소매,동구,2714068500,해안동,2714065500,대구광역시 동구 동촌동,128.658644968756,35.8839238857733,8.88854235845827
MA010120220808912985,골든노래연습장,예술·스포츠,유원지·오락,서구,2717062000,평리1동,2717055000,대구광역시 서구 비산1동,128.567682986934,35.8797119286704,2.6594934162101738
MA010120220808913451,바라던요가필라테스,교육,기타 교육,수성구,2726065100,지산1동,2726060100,대구광역시 수성구 황금1동,128.630132118815,35.8374821224125,31.482367691747786
MA010120220808919223,에스제이에너지주,소매,연료 소매,동구,2714062000,불로.봉무동,2714064000,대구광역시 동구 지저동,128.629735627402,35.9002788151572,36.46241319687828
MA010120220808917907,모토라드대구,소매,모터사이클 소매,동구,2714065500,동촌동,2714064000,대구광역시 동구 지저동,128.642877723766,35.8930888920709,100.94171040086302
MA010120220808935507,세무사김문근사무소,과학·기술,회계·세무,달서구,2729055500,감삼동,2729055000,대구광역시 달서구 두류3동,128.548460020727,35.8529448542942,6.946720329146841
MA010120220808932612,동삼카센타,수리·개인,자동차 수리·세차,서구,2717055000,비산1동,2717064000,대구광역시 서구 평리3동,128.560732852826,35.8804602909428,39.467235951710805
MA010120220808933524,포도청,음식,기타 간이,달서구,2729055500,감삼동,2729055000,대구광역시 달서구 두류3동,128.548501482703,35.8528001355777,15.405474232694901
MA010120220808935066,신원식당,음식,한식,서구,2717059000,비산5동,2717061000,대구광역시 서구 비산7동,128.563202954816,35.8889529979906,12.650825479589917
MA010120220808930819,명성식당,음식,중식,서구,2717052500,내당2.3동,2717058000,대구광역시 서구 비산4동,128.574897987776,35.8682991442254,6.29881545799818
MA010120220808932852,훈테크,수리·개인,자동차 수리·세차,북구,2723079000,노원동,2723055000,대구광역시 북구 침산1동,128.57831478432,35.8926392448138,14.001100522454179
MA010120220808931000,월드낚시슈퍼,소매,오락용품 소매,달서구,2729058500,신당동,2729057700,대구광역시 달서구 이곡2동,128.500120556253,35.8593887047642,16.732453555580076
MA010120220808932635,노래방,예술·스포츠,유원지·오락,서구,2717059000,비산5동,2717061000,대구광역시 서구 비산7동,128.56454450069,35.8867817905437,6.994364481617237
MA010120220808923044,제이더블유에프에스주,소매,섬유·의복·신발 소매,수성구,2726056100,만촌3동,2726054000,대구광역시 수성구 범어4동,128.643246484571,35.8584081559331,6.546707924460571
MA010120220808921479,제이더블류에프에스만촌지점주,소매,섬유·의복·신발 소매,수성구,2726056100,만촌3동,2726054000,대구광역시 수성구 범어4동,128.643246484571,35.8584081559331,6.546707924460571
MA010120220808929101,효성한의원,보건의료,의원,남구,2720054000,봉덕2동,2720055000,대구광역시 남구 봉덕3동,128.600748236937,35.8379673142473,7.709219954141377
MA010120220808931892,넝쿨의류,소매,섬유·의복·신발 소매,달서구,2729055500,감삼동,2729056300,대구광역시 달서구 죽전동,128.545177924444,35.8543658778125,106.29005506394931
MA010120220808930949,미송웰빙먹거리촌,음식,한식,서구,2717059000,비산5동,2717061000,대구광역시 서구 비산7동,128.563652181617,35.8881451303569,14.615813118050468
MA010120220808931540,왈츠열쇠,수리·개인,기타 가정용품 수리,중구,2711057500,성내2동,2711065000,대구광역시 중구 남산2동,128.593342554172,35.864424266825,188.59244919554598
MA010120220808935475,경성식육점,소매,식료품 소매,서구,2717062000,평리1동,2717055000,대구광역시 서구 비산1동,128.564220294338,35.8804329398734,7.219989065337649
MA010120220808933586,열린약국,소매,의약·화장품 소매,중구,2711057500,성내2동,2711059500,대구광역시 중구 대신동,128.582434389951,35.8698131370252,12.422447668554986
MA010120220808922788,다해요,과학·기술,광고,북구,2723067100,복현1동,2723063000,대구광역시 북구 산격3동,128.613697886053,35.8926285184417,89.38510461656837
MA010120220808923450,리코피앤디주,부동산,부동산 서비스,북구,2723057000,침산3동,2723052600,대구광역시 북구 칠성동,128.586490569367,35.8861153729917,45.70939079304165
MA010120220808934675,샤넬숙녀복,소매,섬유·의복·신발 소매,달서구,2729055500,감삼동,2729056300,대구광역시 달서구 죽전동,128.545177924444,35.8543658778125,106.29005506394931
MA010120220808922522,인베스트세종,과학·기술,본사·경영 컨설팅,수성구,2726059000,수성4가동,2726057000,대구광역시 수성구 수성1가동,128.612278678546,35.8603146921005,18.89092472372665
MA010120220808924152,삐까뻔쩍,시설관리·임대,청소·방제,북구,2723063100,산격4동,2723061000,대구광역시 북구 산격1동,128.598414035607,35.8920309354351,0.29830084545438335
MA010120220808934894,케이224시해장국식당,음식,한식,동구,2714065500,동촌동,2714064000,대구광역시 동구 지저동,128.644611798519,35.8944709200867,30.57964173979011
MA010120220808935586,김창기세무회계사무소,과학·기술,회계·세무,달서구,2729055500,감삼동,2729055000,대구광역시 달서구 두류3동,128.548425973767,35.8523325099726,24.72067403383898
MA010120220808943076,김대규세무회계사무소,과학·기술,회계·세무,수성구,2726059000,수성4가동,2726057000,대구광역시 수성구 수성1가동,128.610957742771,35.86068386052,21.436914571020903
MA010120220808936347,홍주,음식,주점,서구,2717059000,비산5동,2717061000,대구광역시 서구 비산7동,128.563942421084,35.8876997897043,12.227596060602103
MA010120220808938321,희래등,음식,중식,달서구,2729055500,감삼동,2729056300,대구광역시 달서구 죽전동,128.547683874127,35.8545859407384,18.621085069532192
MA010120220808936471,노벨치킨,음식,기타 간이,서구,2717059000,비산5동,2717061000,대구광역시 서구 비산7동,128.564458236944,35.8869000632546,8.376998897108226
MA010120220808939700,유정온누리약국,소매,의약·화장품 소매,수성구,2726065100,지산1동,2726060100,대구광역시 수성구 황금1동,128.629817157591,35.8388561318818,20.930139609235887
MA010120220808943854,고령보리밥,음식,한식,달서구,2729055500,감삼동,2729056300,대구광역시 달서구 죽전동,128.546235766846,35.8541179669364,36.30401185370287
MA010120220808938653,성화미용실,수리·개인,이용·미용,서구,2717062000,평리1동,2717055000,대구광역시 서구 비산1동,128.565061267784,35.8804039601633,21.87017706789804
MA010120220808940827,칠곡분식,음식,기타 간이,달서구,2729057100,용산1동,2729056300,대구광역시 달서구 죽전동,128.533621874459,35.8509363840684,3.1065101776845756
MA010120220808938986,나드리떡집,음식,기타 간이,서구,2717062000,평리1동,2717055000,대구광역시 서구 비산1동,128.567252080852,35.8803213203233,59.26778766375842
MA010120220808937502,대서유통,소매,종합 소매,서구,2717055000,비산1동,2717064000,대구광역시 서구 평리3동,128.560511273447,35.8804541589562,42.58707029788584
MA010120220808940409,제이에스매점,음식,구내식당·뷔페,달서구,2729057700,이곡2동,2729058500,대구광역시 달서구 신당동,128.495134654898,35.8361649058705,438.42445422777433
MA010120220808940701,반달실비,음식,주점,서구,2717062000,평리1동,2717055000,대구광역시 서구 비산1동,128.567209817476,35.879862287733,8.871843200867394
MA010120220808941560,궁중떡집,음식,기타 간이,달서구,2729055500,감삼동,2729056300,대구광역시 달서구 죽전동,128.545717166402,35.854773470315,122.58978569328852
MA010120220808938565,신광사진관,과학·기술,사진 촬영,서구,2717062000,평리1동,2717055000,대구광역시 서구 비산1동,128.567172815222,35.8802322402141,47.985698083528355
MA010120220808940166,세무사박성진사무소,과학·기술,회계·세무,달서구,2729056300,죽전동,2717054000,대구광역시 서구 내당4동,128.547545053031,35.8554167885782,55.20928707374086
MA010120220808940874,미다움헤어,수리·개인,이용·미용,남구,2720054000,봉덕2동,2720053000,대구광역시 남구 봉덕1동,128.602514211062,35.8443328976469,23.44787171737397
MA010120220808944352,미소컴퓨터,수리·개인,컴퓨터 수리,달서구,2729056800,장기동,2729055500,대구광역시 달서구 감삼동,128.532688592826,35.846154153254,107.9239475508012
MA010120220808944706,삼정산오리마을,음식,한식,달서구,2729056800,장기동,2729057100,대구광역시 달서구 용산1동,128.52244720441,35.8517724095914,227.43745253503005
MA010120220808937767,유화미용소,수리·개인,이용·미용,달서구,2729055500,감삼동,2729056300,대구광역시 달서구 죽전동,128.541029761682,35.8527970882387,115.68594433443927
MA010120220808939675,한일식당,음식,한식,서구,2717062000,평리1동,2717055000,대구광역시 서구 비산1동,128.567682986934,35.8797119286704,2.6594934162101738
MA010120220808952476,명진인테리어디자인,과학·기술,전문 디자인,달서구,2729056800,장기동,2729057100,대구광역시 달서구 용산1동,128.524534523048,35.8532598790591,451.88223788305135
MA010120220808953216,효성약국,소매,의약·화장품 소매,서구,2717059000,비산5동,2717061000,대구광역시 서구 비산7동,128.563182229128,35.88902535937,10.885010012007243
MA010120220808947015,아름디자인,과학·기술,인쇄·제품제작,동구,2714068500,해안동,2714065500,대구광역시 동구 동촌동,128.658644968756,35.8839238857733,8.88854235845827
MA010120220808945997,신선호세무회계사무소,과학·기술,회계·세무,달서구,2729055000,두류3동,2729055500,대구광역시 달서구 감삼동,128.548514597013,35.8540435557535,25.504548046175714
MA010120220808953034,경성꽈배기,소매,가전·통신 소매,달서구,2729062500,상인2동,2729062400,대구광역시 달서구 상인1동,128.534599859977,35.8178154188278,1.479295586939438
MA010120220808947247,따봉,음식,주점,서구,2717059000,비산5동,2717061000,대구광역시 서구 비산7동,128.563565560812,35.8882453841896,16.887486193615473
MA010120220808954910,공주당,음식,기타 간이,서구,2717059000,비산5동,2717061000,대구광역시 서구 비산7동,128.564307850778,35.8871363200615,9.351917196879919
MA010120220808945657,장은헤어샵,수리·개인,이용·미용,서구,2717062000,평리1동,2717055000,대구광역시 서구 비산1동,128.566983026729,35.8801536136763,35.49459944252153
MA010120220808954687,대게야새우야,음식,한식,달서구,2729055500,감삼동,2729055000,대구광역시 달서구 두류3동,128.548505540341,35.8524396225845,27.94279319875009
MA010120220808954182,뉴인테리어,과학·기술,전문 디자인,달서구,2729056300,죽전동,2717054000,대구광역시 서구 내당4동,128.547135197696,35.8559717702858,88.11247606352255
MA010120220808948765,한상일왕족발,음식,한식,달서구,2729055500,감삼동,2729056300,대구광역시 달서구 죽전동,128.545177924444,35.8543658778125,106.29005506394931
MA010120220808953244,골든가요주점,음식,주점,서구,2717062000,평리1동,2717055000,대구광역시 서구 비산1동,128.567682986934,35.8797119286704,2.6594934162101738
MA010120220808949636,새한오토바이,수리·개인,모터사이클 수리,달서구,2729055500,감삼동,2729055000,대구광역시 달서구 두류3동,128.548298112941,35.8520187548306,24.33098516156003
MA010120220808950539,미래약국,소매,의약·화장품 소매,달서구,2729055500,감삼동,2729056300,대구광역시 달서구 죽전동,128.545006208504,35.8535029804967,27.273175671557546
MA010120220808961109,미성식당,음식,주점,서구,2717059000,비산5동,2717061000,대구광역시 서구 비산7동,128.564662558971,35.8865910119145,6.482367928940455
MA010120220808957318,임경진세무회계사무소,과학·기술,회계·세무,달서구,2729056300,죽전동,2717054000,대구광역시 서구 내당4동,128.547545053031,35.8554167885782,55.20928707374086
MA010120220808955728,주공슈퍼,소매,종합 소매,달서구,2729056800,장기동,2729055500,대구광역시 달서구 감삼동,128.532029635517,35.8452704147656,2.4621846768197626
MA010120220808956365,촉향원,음식,중식,달서구,2729056800,장기동,2729057100,대구광역시 달서구 용산1동,128.523813019083,35.8519984046708,297.6150922056373
MA010120220808964716,우리부동산공인중개사사무소,부동산,부동산 서비스,달서구,2729056800,장기동,2729055500,대구광역시 달서구 감삼동,128.53423637966,35.8437643604825,2.461074792172881
MA010120220808961392,진헤어샵,수리·개인,이용·미용,달서구,2729058500,신당동,2729057700,대구광역시 달서구 이곡2동,128.499979734436,35.8595526715872,7.207311619780883
MA010120220808956923,안경오케이콘텍트,소매,안경·정밀기기 소매,달서구,2729056800,장기동,2729055500,대구광역시 달서구 감삼동,128.53423637966,35.8437643604825,2.461074792172881
MA010120220808958421,용산실내테니스장,예술·스포츠,스포츠 서비스,달서구,2729056800,장기동,2729057100,대구광역시 달서구 용산1동,128.523252426208,35.8522037683154,298.747301007603
MA010120220808961367,김하석세무회계사무소,과학·기술,회계·세무,달서구,2729055500,감삼동,2729055000,대구광역시 달서구 두류3동,128.548510446425,35.8526918818286,19.83630270290155
MA010120220808959426,토마토미용실,수리·개인,이용·미용,서구,2717052500,내당2.3동,2717058000,대구광역시 서구 비산4동,128.578214960138,35.8703102165581,8.707398607176305
MA010120220808961735,티시푸드,음식,구내식당·뷔페,달서구,2729057700,이곡2동,2729058500,대구광역시 달서구 신당동,128.493406996974,35.8437741650717,585.0279535453744
MA010120220808965186,정은주헤어샵,수리·개인,이용·미용,서구,2717059000,비산5동,2717061000,대구광역시 서구 비산7동,128.564458236944,35.8869000632546,8.376998897108226
MA010120220808962380,국수마을,음식,한식,달서구,2729055000,두류3동,2717054000,대구광역시 서구 내당4동,128.556608440642,35.8575525617758,4.0755196487042324
MA010120220808957891,컴퓨터119,수리·개인,컴퓨터 수리,달서구,2729057700,이곡2동,2729058500,대구광역시 달서구 신당동,128.492934153597,35.8421669644665,629.5894255015145
MA010120220808962004,미당떡집,음식,기타 간이,달서구,2729055500,감삼동,2729056300,대구광역시 달서구 죽전동,128.545366706377,35.8549672211582,156.6911147917441
MA010120220808964992,광장약국,소매,의약·화장품 소매,달서구,2729053500,두류1.2동,2729055000,대구광역시 달서구 두류3동,128.558430961598,35.8573487010333,1.0336398197976493
MA010120220808963107,세동바이크,수리·개인,모터사이클 수리,달서구,2729056300,죽전동,2717067500,대구광역시 서구 상중이동,128.540113956333,35.8580985975672,9.285221045071854
MA010120220808961039,아나,소매,섬유·의복·신발 소매,달서구,2729055000,두류3동,2717054000,대구광역시 서구 내당4동,128.556608440642,35.8575525617758,4.0755196487042324
MA010120220808964994,성광중학교매점,소매,종합 소매,북구,2723067200,복현2동,2723068000,대구광역시 북구 검단동,128.624236115253,35.9075714249457,89.40011044938558
MA010120220808958549,팜스,수리·개인,이용·미용,달서구,2729056800,장기동,2729057100,대구광역시 달서구 용산1동,128.524949795332,35.8506682935283,202.06975856100212
MA010120220808964820,안중석세무회계사무소,과학·기술,회계·세무,달서구,2729055500,감삼동,2729055000,대구광역시 달서구 두류3동,128.548552083416,35.8525561723529,28.00553945566636
MA010120220808964207,빵빵한빵집,음식,기타 간이,달서구,2729055500,감삼동,2729056300,대구광역시 달서구 죽전동,128.54557881805,35.853919156121,45.63726258451994
MA010120220808956060,은화원,소매,식물 소매,달서구,2729056800,장기동,2729057100,대구광역시 달서구 용산1동,128.524588527008,35.8520336230198,328.6389089573602
MA010120220808964699,임용석세무회계사무소,과학·기술,회계·세무,달서구,2729055000,두류3동,2729055500,대구광역시 달서구 감삼동,128.548514597013,35.8540435557535,25.504548046175714
MA010120220808964050,형제이용소,수리·개인,이용·미용,서구,2717063000,평리2동,2717058000,대구광역시 서구 비산4동,128.568354677341,35.8677269268894,26.354809262509104
MA010120220808955796,부영막창,음식,주점,서구,2717059000,비산5동,2717061000,대구광역시 서구 비산7동,128.564704892845,35.8864913343755,7.791391921614251
MA010120220808961285,폰프린스,소매,가전·통신 소매,달서구,2729055000,두류3동,2717054000,대구광역시 서구 내당4동,128.556608440642,35.8575525617758,4.0755196487042324
MA010120220808960914,코디,소매,섬유·의복·신발 소매,달서구,2729055000,두류3동,2717054000,대구광역시 서구 내당4동,128.556608440642,35.8575525617758,4.0755196487042324
MA010120220808966012,김자연헤어,수리·개인,이용·미용,서구,2717059000,비산5동,2717061000,대구광역시 서구 비산7동,128.564307850778,35.8871363200615,9.351917196879919
MA010120220808969335,유린교육,소매,오락용품 소매,달서구,2729062600,상인3동,2729062800,대구광역시 달서구 도원동,128.555949324479,35.8073758612784,9.814759152848236
MA010120220808969179,힐,소매,섬유·의복·신발 소매,달서구,2729055000,두류3동,2717054000,대구광역시 서구 내당4동,128.556608440642,35.8575525617758,4.0755196487042324
MA010120220808973312,경원,음식,구내식당·뷔페,달서구,2729057700,이곡2동,2729058500,대구광역시 달서구 신당동,128.493013716894,35.8428688809628,621.591979563562
MA010120220808969049,한우리노무사사무소,과학·기술,법무관련 ,달서구,2729055000,두류3동,2729055500,대구광역시 달서구 감삼동,128.548514597013,35.8540435557535,25.504548046175714
MA010120220808967726,몽,소매,섬유·의복·신발 소매,달서구,2729055000,두류3동,2717054000,대구광역시 서구 내당4동,128.556608440642,35.8575525617758,4.0755196487042324
MA010120220808965946,조아조아치킨토담,음식,기타 간이,달서구,2729056800,장기동,2729055500,대구광역시 달서구 감삼동,128.532029635517,35.8452704147656,2.4621846768197626
MA010120220808970609,세덴,수리·개인,자동차 수리·세차,달서구,2729055500,감삼동,2729055000,대구광역시 달서구 두류3동,128.548163741472,35.8519393829184,15.457221188091337
MA010120220808974496,좋은친구들,교육,기타 교육,서구,2717062000,평리1동,2717055000,대구광역시 서구 비산1동,128.56481754833,35.880398124662,16.089374702182187
MA010120220808965812,미샤,소매,의약·화장품 소매,달서구,2729055500,감삼동,2729056300,대구광역시 달서구 죽전동,128.545717166402,35.854773470315,122.58978569328852
MA010120220808966056,동성로쭈꾸미,음식,한식,중구,2711056500,성내1동,2711054500,대구광역시 중구 삼덕동,128.598299949688,35.8681702376038,20.332362215615102
MA010120220808971591,달맞이숯불갈비,음식,한식,달서구,2729056800,장기동,2729057100,대구광역시 달서구 용산1동,128.5245456155,35.8526829991692,393.39738708798996
MA010120220808965603,이솜한복,시설관리·임대,가정용품 대여,수성구,2726059000,수성4가동,2726057000,대구광역시 수성구 수성1가동,128.609861417474,35.8612122099842,0.42828020588200383
MA010120220808974022,설빙,음식,비알코올 ,달서구,2729055500,감삼동,2729055000,대구광역시 달서구 두류3동,128.548510446425,35.8526918818286,19.83630270290155
MA010120220808966070,미니모터스,소매,오락용품 소매,달서구,2729055500,감삼동,2729055000,대구광역시 달서구 두류3동,128.548321997352,35.8521085621795,23.349046384722882
MA010120220808967186,컨설팅,과학·기술,본사·경영 컨설팅,달서구,2729055500,감삼동,2729056300,대구광역시 달서구 죽전동,128.547683874127,35.8545859407384,18.621085069532192
MA010120220808971121,대창누비,소매,섬유·의복·신발 소매,서구,2717063000,평리2동,2717058000,대구광역시 서구 비산4동,128.568206705677,35.8675215951737,14.98020778956084
MA010120220808972793,에너지옹달샘,보건의료,기타 보건,달서구,2729056300,죽전동,2717054000,대구광역시 서구 내당4동,128.547395056885,35.8551033177991,18.51054079231276
MA010120220808972860,세무사손동근사무소,과학·기술,회계·세무,달서구,2729055000,두류3동,2729055500,대구광역시 달서구 감삼동,128.548514597013,35.8540435557535,25.504548046175714
MA010120220808973285,헤어갤러리,수리·개인,이용·미용,서구,2717059000,비산5동,2717061000,대구광역시 서구 비산7동,128.563856509847,35.8878360802923,12.721187855361572
MA010120220808967158,더쿰,소매,섬유·의복·신발 소매,중구,2711056500,성내1동,2711054500,대구광역시 중구 삼덕동,128.595695399059,35.8669252454708,9.546683160267623
MA010120220808977839,소문난왕만두,음식,기타 간이,달서구,2729055500,감삼동,2729056300,대구광역시 달서구 죽전동,128.545177924444,35.8543658778125,106.29005506394931
MA010120220808984558,카페인,음식,비알코올 ,남구,2720054000,봉덕2동,2720055000,대구광역시 남구 봉덕3동,128.601648349389,35.8337469631833,8.059524710393909
MA010120220808976963,나나,숙박,일반 숙박,달서구,2729055500,감삼동,2729055000,대구광역시 달서구 두류3동,128.547763989281,35.8513047160654,2.531325189310942
MA010120220808989272,동방보석,소매,시계·귀금속 소매,달서구,2729055500,감삼동,2729056300,대구광역시 달서구 죽전동,128.545901671321,35.8540141285612,40.78507140231305
MA010120220808991789,군위지업사,소매,철물·건설자재 소매,서구,2717062000,평리1동,2717055000,대구광역시 서구 비산1동,128.567562042964,35.8803172747788,65.38387113791826
MA010120220808989052,이사도라양화점,소매,섬유·의복·신발 소매,달서구,2729055500,감삼동,2729056300,대구광역시 달서구 죽전동,128.545518238837,35.8536495899297,21.43402636360943
MA010120220808989058,오병이여,소매,섬유·의복·신발 소매,중구,2711057500,성내2동,2711065000,대구광역시 중구 남산2동,128.593342554172,35.864424266825,188.59244919554598
MA010120220808975108,골드노래연습장,예술·스포츠,유원지·오락,달서구,2729056800,장기동,2729057600,대구광역시 달서구 이곡1동,128.515987114992,35.8502500467251,2.0994541834315057
MA010120220808994245,대우라지에다,수리·개인,자동차 수리·세차,달서구,2729056800,장기동,2729057100,대구광역시 달서구 용산1동,128.523094714786,35.8497456138739,42.285043031863886
MA010120220808989176,소양강메기매운탕,음식,한식,달서구,2729056300,죽전동,2717054000,대구광역시 서구 내당4동,128.547165035164,35.8563678926171,126.90426010419617
MA010120220808975315,법무사정순우사무소,과학·기술,법무관련 ,달서구,2729055500,감삼동,2729056300,대구광역시 달서구 죽전동,128.547360841464,35.8544819639473,22.60577699084439
MA010120220808977026,쥐에치바이럴,과학·기술,광고,중구,2711056500,성내1동,2711054500,대구광역시 중구 삼덕동,128.596988050852,35.8662412191925,48.25949349662541
MA010120220808989200,영남안경원,소매,안경·정밀기기 소매,달서구,2729055500,감삼동,2729056300,대구광역시 달서구 죽전동,128.545173953925,35.8535909381798,29.33338793231872
MA010120220808989559,구마카부분정비,수리·개인,자동차 수리·세차,달서구,2729055500,감삼동,2729056300,대구광역시 달서구 죽전동,128.540350272102,35.8542927047166,291.6249091927691
MA010120220808986101,매일유통,소매,섬유·의복·신발 소매,달서구,2729055500,감삼동,2717054000,대구광역시 서구 내당4동,128.545363285096,35.8559314975449,250.50644191450962
MA010120220808991787,피카소안경원,소매,안경·정밀기기 소매,서구,2717062000,평리1동,2717055000,대구광역시 서구 비산1동,128.567209817476,35.879862287733,8.871843200867394
MA010120220808976828,하나로약국,소매,의약·화장품 소매,중구,2711057500,성내2동,2711065000,대구광역시 중구 남산2동,128.593342554172,35.864424266825,188.59244919554598
MA010120220808988959,서남신발,소매,섬유·의복·신발 소매,달서구,2729055500,감삼동,2729056300,대구광역시 달서구 죽전동,128.545901671321,35.8540141285612,40.78507140231305
MA010120220808989347,서동산약국,소매,의약·화장품 소매,달서구,2729055500,감삼동,2729056300,대구광역시 달서구 죽전동,128.545518238837,35.8536495899297,21.43402636360943
MA010120220808977180,할매집,음식,한식,달서구,2729055500,감삼동,2729056300,대구광역시 달서구 죽전동,128.545901671321,35.8540141285612,40.78507140231305
MA010120220808987652,무지개유통,소매,종합 소매,서구,2717059000,비산5동,2717061000,대구광역시 서구 비산7동,128.565264976868,35.8856910276707,0.3600808031537865
MA010120220808975992,까망여우,소매,섬유·의복·신발 소매,중구,2711057500,성내2동,2711065000,대구광역시 중구 남산2동,128.593342554172,35.864424266825,188.59244919554598
MA010120220808989295,광장분식,음식,기타 간이,중구,2711057500,성내2동,2711065000,대구광역시 중구 남산2동,128.593342554172,35.864424266825,188.59244919554598
MA010120220808991606,아우라,소매,섬유·의복·신발 소매,달서구,2729055000,두류3동,2717054000,대구광역시 서구 내당4동,128.556608440642,35.8575525617758,4.0755196487042324
MA010120220808976794,대성자전거점,수리·개인,기타 가정용품 수리,서구,2717059000,비산5동,2717061000,대구광역시 서구 비산7동,128.563565560812,35.8882453841896,16.887486193615473
MA010120220808992431,성서조약국,소매,의약·화장품 소매,달서구,2729055500,감삼동,2729056300,대구광역시 달서구 죽전동,128.542051781358,35.8524145009007,36.83596622868855
MA010120220808976229,아이러브,소매,식물 소매,남구,2720053000,봉덕1동,2720051500,대구광역시 남구 이천동,128.603604739203,35.8468235299472,56.87123920115955
MA010120220808992519,부영이벤트마트,소매,종합 소매,달서구,2729056300,죽전동,2717067500,대구광역시 서구 상중이동,128.540178616002,35.8580076533329,14.111745627444945
MA010120220808989202,성서화장품,소매,의약·화장품 소매,달서구,2729055500,감삼동,2729056300,대구광역시 달서구 죽전동,128.545177924444,35.8543658778125,106.29005506394931
MA010120220808976638,버닝샌드위치샐러드,음식,기타 간이,달서구,2729055000,두류3동,2717054000,대구광역시 서구 내당4동,128.556608440642,35.8575525617758,4.0755196487042324
MA010120220809016847,델타공인중개사,부동산,부동산 서비스,북구,2723077000,읍내동,2723073500,대구광역시 북구 태전2동,128.550277992403,35.9325917153959,10.934151434323853
MA010120220809005912,보광씨앤씨,부동산,부동산 서비스,동구,2714064000,지저동,2714062000,대구광역시 동구 불로·봉무동,128.635485639919,35.900903509945,14.931675213837716
MA010120220809016666,열린헤어샵,수리·개인,이용·미용,서구,2717063000,평리2동,2717058000,대구광역시 서구 비산4동,128.568053764121,35.8670640069688,5.538168098131403
MA010120220809002125,토탈커뮤니케이션즈주,시설관리·임대,기타 사업 서비스,북구,2723055000,침산1동,2723079000,대구광역시 북구 노원동,128.580431147883,35.8904666898043,20.916184473433816
MA010120220809004282,상보의료재단,보건의료,병원,달서구,2729053500,두류1.2동,2729055000,대구광역시 달서구 두류3동,128.558430961598,35.8573487010333,1.0336398197976493
MA010120220809018753,크림,소매,섬유·의복·신발 소매,중구,2711057500,성내2동,2711065000,대구광역시 중구 남산2동,128.593342554172,35.864424266825,188.59244919554598
MA010120220809016324,운정건축사사무소,과학·기술,기술 서비스,수성구,2726051000,범어1동,2726060200,대구광역시 수성구 황금2동,128.625694477345,35.8494193050305,24.764764388399897
MA010120220809005335,그린에너지에버그린지점,소매,연료 소매,달서구,2729057200,용산2동,2717067500,대구광역시 서구 상중이동,128.526278125316,35.8651059342122,72.41586071671377
MA010120220809024853,달구벌죽궁,교육,기타 교육,북구,2723061000,산격1동,2723063100,대구광역시 북구 산격4동,128.601248500866,35.8980488216025,5.9655442477246785
MA010120220809022738,화신여관,숙박,일반 숙박,서구,2717056500,비산2.3동,2711058500,대구광역시 중구 성내3동,128.57845315752,35.8722715825743,5.206690902919452
MA010120220809026368,선산슈퍼,소매,종합 소매,북구,2723055000,침산1동,2723079000,대구광역시 북구 노원동,128.581080599265,35.8902689002899,26.28305932852616
MA010120220809025700,우리건강원,소매,식료품 소매,북구,2723075000,관음동,2723077000,대구광역시 북구 읍내동,128.54702281527,35.9452226416385,19.73716963002508
MA010120220809028971,아가방대구,소매,섬유·의복·신발 소매,북구,2723077000,읍내동,2723073500,대구광역시 북구 태전2동,128.550643372189,35.9325779839355,6.350590713858326
MA010120220809021195,한솔광고,과학·기술,인쇄·제품제작,북구,2723077000,읍내동,2723075000,대구광역시 북구 관음동,128.546298747158,35.9467368758422,12.880910650272831
MA010120220809021717,미쥬보석,소매,시계·귀금속 소매,중구,2711057500,성내2동,2711065000,대구광역시 중구 남산2동,128.593342554172,35.864424266825,188.59244919554598
MA010120220809022912,이재규국제특허법률사무소,과학·기술,법무관련 ,중구,2711068000,대봉1동,2711056500,대구광역시 중구 성내1동,128.599965969411,35.8634801358771,7.812835286793361
MA010120220809028599,허브,소매,섬유·의복·신발 소매,중구,2711056500,성내1동,2711054500,대구광역시 중구 삼덕동,128.597247353112,35.8659223710979,42.853733834614424
MA010120220809027303,원어패럴,소매,섬유·의복·신발 소매,중구,2711057500,성내2동,2711065000,대구광역시 중구 남산2동,128.593342554172,35.864424266825,188.59244919554598
MA010120220809022852,비비드,소매,섬유·의복·신발 소매,중구,2711057500,성내2동,2711065000,대구광역시 중구 남산2동,128.593342554172,35.864424266825,188.59244919554598
MA010120220809025038,만능열쇠,수리·개인,기타 가정용품 수리,북구,2723075000,관음동,2723077000,대구광역시 북구 읍내동,128.547143632822,35.9451670157295,29.162288740977697
MA010120220809028786,글로벌크리닝,수리·개인,세탁,북구,2723075000,관음동,2723077000,대구광역시 북구 읍내동,128.547166519304,35.9440673309924,6.52106002134185
MA010120220809027154,세움공인중개사사무소,부동산,부동산 서비스,수성구,2726061000,중동,2726062000,대구광역시 수성구 상동,128.610111725344,35.8391038022114,3.799657794621201
MA010120220809027534,일신피아노사,수리·개인,기타 가정용품 수리,수성구,2726059000,수성4가동,2726057000,대구광역시 수성구 수성1가동,128.610156039858,35.8610009982605,13.285163092491365
MA010120220809020411,주막집식당,음식,주점,북구,2723068000,검단동,2723067200,대구광역시 북구 복현2동,128.619737780945,35.9064246803082,7.296987345805618
MA010120220809019987,동산병원앞토큰판매소,시설관리·임대,여행사·보조,중구,2711057500,성내2동,2711059500,대구광역시 중구 대신동,128.582519216024,35.8701814887016,6.348609135858735
MA010120220809021202,아트노래연습장,예술·스포츠,유원지·오락,서구,2717059000,비산5동,2717061000,대구광역시 서구 비산7동,128.563652181617,35.8881451303569,14.615813118050468
MA010120220809028367,고려인삼직매장,소매,식료품 소매,중구,2711057500,성내2동,2711065000,대구광역시 중구 남산2동,128.593342554172,35.864424266825,188.59244919554598
MA010120220809033788,파스텔,소매,섬유·의복·신발 소매,중구,2711057500,성내2동,2711065000,대구광역시 중구 남산2동,128.593342554172,35.864424266825,188.59244919554598
MA010120220809033503,고향식당,음식,한식,서구,2717059000,비산5동,2717061000,대구광역시 서구 비산7동,128.563223503351,35.8888716274667,14.861161490252487
MA010120220809033648,오땡큐칼라,수리·개인,이용·미용,수성구,2726065100,지산1동,2726060100,대구광역시 수성구 황금1동,128.630041765173,35.8373932340124,22.231246060790788
MA010120220809030506,산격통닭,음식,기타 간이,북구,2723063100,산격4동,2723063000,대구광역시 북구 산격3동,128.605058194958,35.8914556907448,5.122945515507449
MA010120220809031162,금성당,소매,시계·귀금속 소매,북구,2723077000,읍내동,2723073500,대구광역시 북구 태전2동,128.550787026982,35.9325581050608,6.12710984333984
MA010120220809036158,올포유,소매,섬유·의복·신발 소매,중구,2711057500,성내2동,2711065000,대구광역시 중구 남산2동,128.593342554172,35.864424266825,188.59244919554598
MA010120220809035196,트라이빙유통,소매,섬유·의복·신발 소매,달서구,2729056800,장기동,2729055500,대구광역시 달서구 감삼동,128.532626503501,35.8458034949813,80.71693437166763
MA010120220809035683,디자인그린,과학·기술,인쇄·제품제작,중구,2711056500,성내1동,2711069000,대구광역시 중구 대봉2동,128.59691902026,35.8600422687066,4.448492228090981
MA010120220809034366,소호,소매,섬유·의복·신발 소매,중구,2711056500,성내1동,2711054500,대구광역시 중구 삼덕동,128.596225220213,35.8668461139645,40.00670456943483
MA010120220809029971,동양위닉스정수기,소매,가전·통신 소매,동구,2714051000,신암1동,2723064500,대구광역시 북구 대현동,128.612587025815,35.8826317984606,7.448990217125521
MA010120220809034306,오뚜기슈퍼,소매,종합 소매,중구,2711056500,성내1동,2711054500,대구광역시 중구 삼덕동,128.59630671657,35.8664935850023,20.009800108249532
MA010120220809037551,이미지디카,과학·기술,인쇄·제품제작,수성구,2726064000,두산동,2726063000,대구광역시 수성구 파동,128.612430641702,35.8251770355869,13.60826828652505
MA010120220809038025,세무사강수찬사무실,과학·기술,회계·세무,달서구,2729055500,감삼동,2729055000,대구광역시 달서구 두류3동,128.548501482703,35.8528001355777,15.405474232694901
MA010120220809035791,록스튜디오,과학·기술,사진 촬영,남구,2720057100,대명2동,2711064000,대구광역시 중구 남산1동,128.590133789037,35.8567529888649,7.15574885872854
MA010120220809029890,봄동로또,예술·스포츠,유원지·오락,수성구,2726066200,범물2동,2726066100,대구광역시 수성구 범물1동,128.644789385311,35.8173400936309,11.720308707084307
MA010120220809034984,메트로,예술·스포츠,유원지·오락,중구,2711057500,성내2동,2711065000,대구광역시 중구 남산2동,128.593342554172,35.864424266825,188.59244919554598
MA010120220809032041,중정세무회계사무소,과학·기술,회계·세무,달서구,2729055500,감삼동,2729055000,대구광역시 달서구 두류3동,128.548460020727,35.8529448542942,6.946720329146841
MA010120220809034763,광역공인중개사무소,부동산,부동산 서비스,북구,2723068000,검단동,2723067200,대구광역시 북구 복현2동,128.619360607786,35.9058530423116,40.30849051485052
MA010120220809030647,TOZ,교육,기타 교육,중구,2711056500,성내1동,2711054500,대구광역시 중구 삼덕동,128.597079345602,35.8658254794145,24.348432000906378
MA010120220809030675,의성식당,음식,한식,북구,2723075000,관음동,2723077000,대구광역시 북구 읍내동,128.547416221066,35.9449382163557,48.11065525246477
MA010120220809031720,밀짚모자,소매,섬유·의복·신발 소매,중구,2711057500,성내2동,2711065000,대구광역시 중구 남산2동,128.593342554172,35.864424266825,188.59244919554598
MA010120220809037126,반월당지센,소매,섬유·의복·신발 소매,중구,2711057500,성내2동,2711065000,대구광역시 중구 남산2동,128.593342554172,35.864424266825,188.59244919554598
MA010120220809034830,통통돼지국밥,음식,한식,북구,2723068000,검단동,2723067200,대구광역시 북구 복현2동,128.619490309717,35.9062387806186,11.657485612916414
MA010120220809037092,소나기,소매,섬유·의복·신발 소매,중구,2711057500,성내2동,2711065000,대구광역시 중구 남산2동,128.593342554172,35.864424266825,188.59244919554598
MA010120220809043871,파리꼬숑,음식,기타 간이,북구,2723055000,침산1동,2723079000,대구광역시 북구 노원동,128.580760424567,35.8903181727555,28.790812467942505
MA010120220809045296,한솥도시락대구,음식,한식,중구,2711056500,성내1동,2711054500,대구광역시 중구 삼덕동,128.597218127337,35.8661210112491,55.26188744967271
MA010120220809045124,T모바일,소매,가전·통신 소매,중구,2711057500,성내2동,2711065000,대구광역시 중구 남산2동,128.593342554172,35.864424266825,188.59244919554598
MA010120220809045639,해피하우스,소매,섬유·의복·신발 소매,중구,2711056500,성내1동,2723052600,대구광역시 북구 칠성동,128.596129599265,35.875876833739,58.96002309522996
MA010120220809044668,우리동네점빵,소매,섬유·의복·신발 소매,북구,2723075000,관음동,2723077000,대구광역시 북구 읍내동,128.547213458064,35.9447696143245,26.417831611130968
MA010120220809039417,뷰티플렉스,소매,의약·화장품 소매,북구,2723077000,읍내동,2723073500,대구광역시 북구 태전2동,128.549450172816,35.9327555991122,6.843186152671852
MA010120220809046776,금옥,소매,섬유·의복·신발 소매,중구,2711057500,성내2동,2711065000,대구광역시 중구 남산2동,128.593342554172,35.864424266825,188.59244919554598
MA010120220809044156,아름다운요가,교육,기타 교육,수성구,2726059000,수성4가동,2726057000,대구광역시 수성구 수성1가동,128.612661462169,35.8600842681052,31.011612097274153
MA010120220809044917,트라이엄프메트로점,소매,섬유·의복·신발 소매,중구,2711057500,성내2동,2711065000,대구광역시 중구 남산2동,128.593342554172,35.864424266825,188.59244919554598
MA010120220809042580,빨간지붕,음식,기타 간이,중구,2711056500,성내1동,2711054500,대구광역시 중구 삼덕동,128.59917669251,35.8682757158893,8.934997832939494
MA010120220809045942,라마앤바바나,음식,동남아시아,중구,2711056500,성내1동,2711054500,대구광역시 중구 삼덕동,128.59712835694,35.8655094275688,4.777626954419085
MA010120220809038387,서울복떡집,음식,기타 간이,북구,2723075000,관음동,2723077000,대구광역시 북구 읍내동,128.547401628156,35.9447581767227,42.78380208420551
MA010120220809046127,아이맥스,소매,안경·정밀기기 소매,중구,2711057500,성내2동,2711065000,대구광역시 중구 남산2동,128.593342554172,35.864424266825,188.59244919554598
MA010120220809041299,이현국패션,소매,섬유·의복·신발 소매,중구,2711057500,성내2동,2711065000,대구광역시 중구 남산2동,128.593342554172,35.864424266825,188.59244919554598
MA010120220809039758,제일통신,소매,가전·통신 소매,달서구,2729062400,상인1동,2729061500,대구광역시 달서구 진천동,128.530560852798,35.8195160469118,0.09257485862674192
MA010120220809043520,이현국패션,소매,섬유·의복·신발 소매,중구,2711057500,성내2동,2711065000,대구광역시 중구 남산2동,128.593342554172,35.864424266825,188.59244919554598
MA010120220809042413,매직정수기,시설관리·임대,가정용품 대여,남구,2720053000,봉덕1동,2720057100,대구광역시 남구 대명2동,128.591967702227,35.8482669392399,55.485753885017594
MA010120220809044113,본가맛죽전통차,음식,한식,중구,2711057500,성내2동,2711065000,대구광역시 중구 남산2동,128.593342554172,35.864424266825,188.59244919554598
MA010120220809039575,모퉁이,음식,비알코올 ,수성구,2726065100,지산1동,2726060100,대구광역시 수성구 황금1동,128.629871375842,35.83826064238,18.1214451397268
MA010120220809040583,골드킹,소매,시계·귀금속 소매,중구,2711057500,성내2동,2711065000,대구광역시 중구 남산2동,128.593342554172,35.864424266825,188.59244919554598
MA010120220809044009,장수국밥,음식,한식,북구,2723068000,검단동,2723067200,대구광역시 북구 복현2동,128.619647724501,35.9063538045323,9.178799282746784
MA010120220809039981,싸가지모자,소매,섬유·의복·신발 소매,중구,2711057500,성내2동,2711065000,대구광역시 중구 남산2동,128.593342554172,35.864424266825,188.59244919554598
MA010120220809043547,연예인코스메틱,소매,의약·화장품 소매,북구,2723077000,읍내동,2723073500,대구광역시 북구 태전2동,128.550643372189,35.9325779839355,6.350590713858326
MA010120220809042089,지에스25중구,소매,종합 소매,중구,2711057500,성내2동,2711065000,대구광역시 중구 남산2동,128.593342554172,35.864424266825,188.59244919554598
MA010120220809044769,카페머그,음식,비알코올 ,중구,2711057500,성내2동,2711065000,대구광역시 중구 남산2동,128.593342554172,35.864424266825,188.59244919554598
MA010120220809043438,GS25경북대점,소매,종합 소매,북구,2723063000,산격3동,2723063100,대구광역시 북구 산격4동,128.603792530704,35.8885529120914,7.904402991008606
MA010120220809042612,구스,음식,기타 간이,중구,2711057500,성내2동,2711065000,대구광역시 중구 남산2동,128.593342554172,35.864424266825,188.59244919554598
MA010120220809040043,만남정보통신,소매,가전·통신 소매,서구,2717059000,비산5동,2717061000,대구광역시 서구 비산7동,128.564458236944,35.8869000632546,8.376998897108226
MA010120220809054749,센스,소매,섬유·의복·신발 소매,서구,2717062000,평리1동,2717055000,대구광역시 서구 비산1동,128.567407061916,35.880319297651,62.32582943304591
MA010120220809051515,보아,소매,섬유·의복·신발 소매,중구,2711057500,성내2동,2711065000,대구광역시 중구 남산2동,128.593342554172,35.864424266825,188.59244919554598
MA010120220809056511,미앤미,수리·개인,이용·미용,북구,2723068000,검단동,2723067200,대구광역시 북구 복현2동,128.619737780945,35.9064246803082,7.296987345805618
MA010120220809047919,더네일바이혜원,수리·개인,이용·미용,중구,2711057500,성내2동,2711065000,대구광역시 중구 남산2동,128.593342554172,35.864424266825,188.59244919554598
MA010120220809048423,침산오토바이,수리·개인,모터사이클 수리,북구,2723055000,침산1동,2723079000,대구광역시 북구 노원동,128.581446313387,35.8902821071615,15.994522200315233
MA010120220809056634,나,수리·개인,이용·미용,서구,2717052500,내당2.3동,2717058000,대구광역시 서구 비산4동,128.57752655633,35.8696524128318,9.87715803487702
MA010120220809047114,그린샵,소매,섬유·의복·신발 소매,중구,2711057500,성내2동,2711065000,대구광역시 중구 남산2동,128.593342554172,35.864424266825,188.59244919554598
MA010120220809054503,크로바,소매,섬유·의복·신발 소매,중구,2711057500,성내2동,2711065000,대구광역시 중구 남산2동,128.593342554172,35.864424266825,188.59244919554598
MA010120220809053582,아레나수영복,소매,섬유·의복·신발 소매,중구,2711056500,성내1동,2723052600,대구광역시 북구 칠성동,128.596129599265,35.875876833739,58.96002309522996
MA010120220809049514,푸른미래건강식품센터,소매,식료품 소매,중구,2711064000,남산1동,2711056500,대구광역시 중구 성내1동,128.594469238389,35.8648508760647,5.902006643304079
MA010120220809048289,이니스프리,소매,의약·화장품 소매,중구,2711057500,성내2동,2711065000,대구광역시 중구 남산2동,128.593342554172,35.864424266825,188.59244919554598
MA010120220809048408,아주이용소,수리·개인,이용·미용,북구,2723079000,노원동,2723055000,대구광역시 북구 침산1동,128.578419259243,35.8928811798645,37.51749105481813
MA010120220809056004,K-마트,소매,종합 소매,북구,2723075000,관음동,2723077000,대구광역시 북구 읍내동,128.547199216982,35.9446075929018,21.526113857945422
MA010120220809052376,지인컴퓨터,소매,가전·통신 소매,북구,2723079000,노원동,2723055000,대구광역시 북구 침산1동,128.57831478432,35.8926392448138,14.001100522454179
MA010120220809065522,리틀도교,음식,일식,중구,2711057500,성내2동,2711065000,대구광역시 중구 남산2동,128.593342554172,35.864424266825,188.59244919554598
MA010120220809058385,이현국패션,소매,섬유·의복·신발 소매,중구,2711057500,성내2동,2711065000,대구광역시 중구 남산2동,128.593342554172,35.864424266825,188.59244919554598
MA010120220809065433,시내약국,소매,의약·화장품 소매,중구,2711064000,남산1동,2711056500,대구광역시 중구 성내1동,128.594469238389,35.8648508760647,5.902006643304079
MA010120220809058960,삼영세무회계사무소,과학·기술,회계·세무,달서구,2729055500,감삼동,2729055000,대구광역시 달서구 두류3동,128.548505540341,35.8524396225845,27.94279319875009
MA010120220809057907,호야,소매,섬유·의복·신발 소매,중구,2711057500,성내2동,2711065000,대구광역시 중구 남산2동,128.593342554172,35.864424266825,188.59244919554598
MA010120220809063690,코사마트,소매,종합 소매,북구,2723055000,침산1동,2723079000,대구광역시 북구 노원동,128.580552038025,35.89042004151,22.96559522011353
MA010120220809060792,안기영성형외과의원,보건의료,의원,중구,2711056500,성내1동,2711054500,대구광역시 중구 삼덕동,128.597247353112,35.8659223710979,42.853733834614424
MA010120220809059423,디자인앤명품,소매,섬유·의복·신발 소매,중구,2711057500,성내2동,2711065000,대구광역시 중구 남산2동,128.593342554172,35.864424266825,188.59244919554598
MA010120220809059799,반월당경북약국,소매,의약·화장품 소매,중구,2711057500,성내2동,2711065000,대구광역시 중구 남산2동,128.593342554172,35.864424266825,188.59244919554598
MA010120220809065688,지오,소매,섬유·의복·신발 소매,중구,2711057500,성내2동,2711065000,대구광역시 중구 남산2동,128.593342554172,35.864424266825,188.59244919554598
MA010120220809059555,려원에스테틱,수리·개인,이용·미용,북구,2723057000,침산3동,2723052600,대구광역시 북구 칠성동,128.586490569367,35.8861153729917,45.70939079304165
MA010120220809059294,민주네,소매,오락용품 소매,중구,2711056500,성내1동,2723052600,대구광역시 북구 칠성동,128.596129599265,35.875876833739,58.96002309522996
MA010120220809062815,엘르에스테틱,소매,의약·화장품 소매,수성구,2726051000,범어1동,2726060200,대구광역시 수성구 황금2동,128.62590398535,35.849380424004,11.963523559828207
MA010120220809059179,이현국패션,소매,섬유·의복·신발 소매,중구,2711057500,성내2동,2711065000,대구광역시 중구 남산2동,128.593342554172,35.864424266825,188.59244919554598
MA010120220809057941,일억,소매,섬유·의복·신발 소매,중구,2711057500,성내2동,2711065000,대구광역시 중구 남산2동,128.593342554172,35.864424266825,188.59244919554598
MA010120220809061105,세븐대구메트로현대,소매,종합 소매,중구,2711057500,성내2동,2711065000,대구광역시 중구 남산2동,128.593342554172,35.864424266825,188.59244919554598
MA010120220809060911,호동연합의원,보건의료,의원,북구,2723075000,관음동,2723077000,대구광역시 북구 읍내동,128.547185151629,35.944454580598,16.851963926652154
MA010120220809062687,반월당공인중개사사무소,부동산,부동산 서비스,중구,2711057500,성내2동,2711065000,대구광역시 중구 남산2동,128.593342554172,35.864424266825,188.59244919554598
MA010120220809059610,돈날형제,음식,한식,남구,2720053000,봉덕1동,2720051500,대구광역시 남구 이천동,128.598039820179,35.8497002453805,47.23718728121235
MA010120220809065390,플러스미미용실,수리·개인,이용·미용,북구,2723068000,검단동,2723067200,대구광역시 북구 복현2동,128.619460818743,35.905878724612,43.078359936157675
MA010120220809059339,정가대박집,음식,한식,중구,2711056500,성내1동,2711054500,대구광역시 중구 삼덕동,128.597079345602,35.8658254794145,24.348432000906378
MA010120220809057758,미샤,소매,의약·화장품 소매,중구,2711057500,성내2동,2711065000,대구광역시 중구 남산2동,128.593342554172,35.864424266825,188.59244919554598
MA010120220809059408,은혜집,소매,섬유·의복·신발 소매,중구,2711056500,성내1동,2723052600,대구광역시 북구 칠성동,128.596129599265,35.875876833739,58.96002309522996
MA010120220809069064,O.K마운틴&캠핑몰,소매,오락용품 소매,동구,2714073000,안심2동,2714067000,대구광역시 동구 방촌동,128.674222500623,35.8759129332883,1.6565804011190102
MA010120220809069592,까망여우,소매,섬유·의복·신발 소매,중구,2711057500,성내2동,2711065000,대구광역시 중구 남산2동,128.593342554172,35.864424266825,188.59244919554598
MA010120220809066915,링스어패럴,소매,섬유·의복·신발 소매,중구,2711057500,성내2동,2711065000,대구광역시 중구 남산2동,128.593342554172,35.864424266825,188.59244919554598
MA010120220809070455,포토메니아,과학·기술,사진 촬영,중구,2711057500,성내2동,2711065000,대구광역시 중구 남산2동,128.593342554172,35.864424266825,188.59244919554598
MA010120220809070277,이현국패션6,소매,섬유·의복·신발 소매,중구,2711057500,성내2동,2711065000,대구광역시 중구 남산2동,128.593342554172,35.864424266825,188.59244919554598
MA010120220809070184,데이니,소매,섬유·의복·신발 소매,중구,2711056500,성내1동,2711054500,대구광역시 중구 삼덕동,128.59601022949,35.8666146737015,8.534233626668389
MA010120220809066955,아미스코,소매,섬유·의복·신발 소매,중구,2711057500,성내2동,2711065000,대구광역시 중구 남산2동,128.593342554172,35.864424266825,188.59244919554598
MA010120220809072667,행복약국,소매,의약·화장품 소매,중구,2711067000,남산4동,2711065000,대구광역시 중구 남산2동,128.582074994587,35.8639874623736,10.563929435638137
MA010120220809073232,메트로폰케이스,소매,섬유·의복·신발 소매,중구,2711057500,성내2동,2711065000,대구광역시 중구 남산2동,128.593342554172,35.864424266825,188.59244919554598
MA010120220809071581,대경공인중개사사무소,부동산,부동산 서비스,중구,2711056500,성내1동,2711054500,대구광역시 중구 삼덕동,128.598901434916,35.8683514719289,0.43678530426167983
MA010120220809073123,나비엘칠곡갤러리,소매,의약·화장품 소매,북구,2723077000,읍내동,2723073500,대구광역시 북구 태전2동,128.550079301959,35.9326303272708,10.031129625649731
MA010120220809069537,아리따움,소매,의약·화장품 소매,중구,2711057500,성내2동,2711065000,대구광역시 중구 남산2동,128.593342554172,35.864424266825,188.59244919554598
MA010120220809069692,끌리어의원,보건의료,의원,중구,2711067000,남산4동,2711065000,대구광역시 중구 남산2동,128.582106084742,35.8644376256377,25.16202634997019
MA010120220809069045,홀리카홀리카,소매,의약·화장품 소매,중구,2711057500,성내2동,2711065000,대구광역시 중구 남산2동,128.593342554172,35.864424266825,188.59244919554598
MA010120220809071723,공간헤어,수리·개인,이용·미용,중구,2711056500,성내1동,2711054500,대구광역시 중구 삼덕동,128.596225220213,35.8668461139645,40.00670456943483
MA010120220809072446,반월당옷수선,수리·개인,기타 가정용품 수리,중구,2711057500,성내2동,2711065000,대구광역시 중구 남산2동,128.593342554172,35.864424266825,188.59244919554598
MA010120220809073527,대판장,음식,한식,중구,2711056500,성내1동,2711054500,대구광역시 중구 삼덕동,128.597892053659,35.8682567677476,10.592908803760709
MA010120220809067879,스쿨라이프,소매,오락용품 소매,남구,2720057100,대명2동,2720051500,대구광역시 남구 이천동,128.594785859199,35.8524739576683,4.561510732576495
MA010120220809067996,웹송LAD,과학·기술,광고,동구,2714073000,안심2동,2714068500,대구광역시 동구 해안동,128.675922309022,35.8777635757944,17.034837873336986
MA010120220809069423,돋움건축사사무소,과학·기술,기술 서비스,중구,2711056500,성내1동,2711069000,대구광역시 중구 대봉2동,128.59691902026,35.8600422687066,4.448492228090981
MA010120220809066958,헐리우드,소매,섬유·의복·신발 소매,서구,2717062000,평리1동,2717055000,대구광역시 서구 비산1동,128.568037523264,35.8802840330221,71.85050714539943
MA010120220809072847,제니스휴로마,수리·개인,이용·미용,중구,2711057500,성내2동,2711059500,대구광역시 중구 대신동,128.582519216024,35.8701814887016,6.348609135858735
MA010120220809067031,장바구니,소매,기타 생활용품 소매,북구,2723068000,검단동,2723067200,대구광역시 북구 복현2동,128.620196383674,35.9066437756865,10.684457712764752
MA010120220809067519,미드시티,소매,섬유·의복·신발 소매,중구,2711067000,남산4동,2711065000,대구광역시 중구 남산2동,128.582124996557,35.8642751703396,22.53651335338749
MA010120220809072680,J&K안경콘택트,소매,안경·정밀기기 소매,중구,2711057500,성내2동,2711065000,대구광역시 중구 남산2동,128.593342554172,35.864424266825,188.59244919554598
MA010120220809067120,토니모리,소매,의약·화장품 소매,중구,2711057500,성내2동,2711065000,대구광역시 중구 남산2동,128.593342554172,35.864424266825,188.59244919554598
MA010120220809069214,단호박,소매,섬유·의복·신발 소매,중구,2711057500,성내2동,2711065000,대구광역시 중구 남산2동,128.593342554172,35.864424266825,188.59244919554598
MA010120220809069651,홍시,소매,섬유·의복·신발 소매,중구,2711057500,성내2동,2711065000,대구광역시 중구 남산2동,128.593342554172,35.864424266825,188.59244919554598
MA010120220809078548,고가촌식당,음식,한식,북구,2723077000,읍내동,2723073500,대구광역시 북구 태전2동,128.550079301959,35.9326303272708,10.031129625649731
MA010120220809080829,메디팜보령약국,소매,의약·화장품 소매,북구,2723075000,관음동,2723077000,대구광역시 북구 읍내동,128.547185151629,35.944454580598,16.851963926652154
MA010120220809077195,엉클스,음식,기타 간이,중구,2711057500,성내2동,2711065000,대구광역시 중구 남산2동,128.593342554172,35.864424266825,188.59244919554598
MA010120220809076694,김앤김치과의원,보건의료,의원,중구,2711064000,남산1동,2711056500,대구광역시 중구 성내1동,128.594469238389,35.8648508760647,5.902006643304079
MA010120220809085323,황실,예술·스포츠,유원지·오락,수성구,2726059000,수성4가동,2726057000,대구광역시 수성구 수성1가동,128.612810444579,35.8603345875396,0.3123956218653644
MA010120220809081548,동인인쇄,과학·기술,인쇄·제품제작,중구,2711066000,남산3동,2711065000,대구광역시 중구 남산2동,128.586634284273,35.8633415789429,5.138900875228213
MA010120220809074871,모레타,소매,섬유·의복·신발 소매,중구,2711056500,성내1동,2711054500,대구광역시 중구 삼덕동,128.59735691014,35.8664165428831,86.17534317677767
MA010120220809090322,고구마,수리·개인,기타 개인,남구,2720053000,봉덕1동,2720051500,대구광역시 남구 이천동,128.597742855167,35.8497943098699,48.57334449573684
MA010120220809076255,과일모찌,음식,기타 간이,중구,2711056500,성내1동,2711054500,대구광역시 중구 삼덕동,128.597320993733,35.8662818490632,73.95370654576037
MA010120220809077467,타임,소매,섬유·의복·신발 소매,중구,2711057500,성내2동,2711065000,대구광역시 중구 남산2동,128.593342554172,35.864424266825,188.59244919554598
MA010120220809092469,사)경찰공제회사,보건의료,의원,북구,2723073500,태전2동,2723074500,대구광역시 북구 구암동,128.552203087105,35.9245106367039,26.350186960804688
MA010120220809093033,대한뇌졸중학회대구경북지회,시설관리·임대,가정용품 대여,중구,2711057500,성내2동,2711059500,대구광역시 중구 대신동,128.582519216024,35.8701814887016,6.348609135858735
MA010120220809093116,대한뇌전증지속증연구회,과학·기술,광고,중구,2711057500,성내2동,2711059500,대구광역시 중구 대신동,128.582519216024,35.8701814887016,6.348609135858735
MA010120220809090249,국제경호센터,시설관리·임대,고용 알선,수성구,2726061000,중동,2726062000,대구광역시 수성구 상동,128.611777484423,35.8388381583333,35.67616334502576
MA010120220809245409,지에스25동구하이빌점,소매,종합 소매,동구,2714067000,방촌동,2714065500,대구광역시 동구 동촌동,128.656492492978,35.8837193030342,82.93573623262868
MA010120220809139716,돈까스천국,음식,서양식,달서구,2729055500,감삼동,2729056300,대구광역시 달서구 죽전동,128.545901671321,35.8540141285612,40.78507140231305
MA010120220809238692,라라,소매,섬유·의복·신발 소매,달서구,2729055000,두류3동,2717054000,대구광역시 서구 내당4동,128.556608440642,35.8575525617758,4.0755196487042324
MA010120220809160025,고등어식당,음식,한식,동구,2714065500,동촌동,2714064000,대구광역시 동구 지저동,128.643945531574,35.8938492512839,53.0692374123876
MA010120220809165675,스타일2,소매,섬유·의복·신발 소매,중구,2711057500,성내2동,2711065000,대구광역시 중구 남산2동,128.593342554172,35.864424266825,188.59244919554598
MA010120220809274312,진뷰티샵,수리·개인,이용·미용,남구,2720057100,대명2동,2720051500,대구광역시 남구 이천동,128.603704327874,35.8473718989822,751.510371628645
MA010120220809145971,새한엔지니어링,과학·기술,기술 서비스,동구,2714051000,신암1동,2723064500,대구광역시 북구 대현동,128.612436721058,35.8823184181506,1.9943446999475907
MA010120220809158410,채린-아유통,소매,섬유·의복·신발 소매,달서구,2729055000,두류3동,2717054000,대구광역시 서구 내당4동,128.556608440642,35.8575525617758,4.0755196487042324
MA010120220809112900,엘림,소매,섬유·의복·신발 소매,중구,2711057500,성내2동,2711065000,대구광역시 중구 남산2동,128.593342554172,35.864424266825,188.59244919554598
MA010120220809258216,한사랑약국,소매,의약·화장품 소매,수성구,2726056100,만촌3동,2726056000,대구광역시 수성구 만촌2동,128.646168627369,35.858395179083,1.1377368694736094
MA010120220809230515,나이스마트,소매,종합 소매,동구,2714062000,불로.봉무동,2714064000,대구광역시 동구 지저동,128.631775508577,35.8992959065353,185.29733730596632
MA010120220809147538,오케이에너지주,소매,연료 소매,동구,2714073000,안심2동,2714075500,대구광역시 동구 혁신동,128.708575585526,35.878321716294,56.86840928556307
MA010120220809334712,김서현의약선보리밥,음식,한식,중구,2711057500,성내2동,2711065000,대구광역시 중구 남산2동,128.593342554172,35.864424266825,188.59244919554598
MA010120220809371352,용천당,소매,기타 생활용품 소매,남구,2720053000,봉덕1동,2720051500,대구광역시 남구 이천동,128.596955747038,35.8497326840633,19.424742563679423
MA010120220809293621,새롬노래연습장,예술·스포츠,유원지·오락,북구,2723075000,관음동,2723077000,대구광역시 북구 읍내동,128.547416221066,35.9449382163557,48.11065525246477
MA010120220809464963,한누리주,과학·기술,전문 디자인,달서구,2729057700,이곡2동,2729058500,대구광역시 달서구 신당동,128.496302294328,35.8429451206991,324.51211306730136
MA010120220809404874,소꼽놀이네일앤왁싱,수리·개인,이용·미용,달서구,2729061500,진천동,2729060100,대구광역시 달서구 월성1동,128.525126683252,35.8171249673543,9.33994854873321
MA010120220809447228,데니쉐르인오데뜨웨딩,시설관리·임대,가정용품 대여,남구,2720053000,봉덕1동,2720051500,대구광역시 남구 이천동,128.597880381438,35.849477079828,19.18304185995952
MA010120220809474984,미진미용실,수리·개인,이용·미용,남구,2720053000,봉덕1동,2720051500,대구광역시 남구 이천동,128.602754167207,35.8469069721544,38.55256898419263
MA010120220809326163,여행자의책,소매,오락용품 소매,동구,2714062000,불로.봉무동,2714064000,대구광역시 동구 지저동,128.632987175577,35.8989730472785,187.28025378661368
MA010120220809457105,루비커피숍,음식,비알코올 ,남구,2720059000,대명4동,2720065000,대구광역시 남구 대명10동,128.561103788705,35.8417961845021,23.40078879924261
MA010120220809368673,랑낭,예술·스포츠,유원지·오락,동구,2714073000,안심2동,2714068500,대구광역시 동구 해안동,128.677448517558,35.8776791880708,5.346127724973963
MA010120220809335446,마노,수리·개인,이용·미용,중구,2711057500,성내2동,2711065000,대구광역시 중구 남산2동,128.593342554172,35.864424266825,188.59244919554598
MA010120220809477981,평일당,소매,장식품 소매,남구,2720053000,봉덕1동,2720051500,대구광역시 남구 이천동,128.599124645101,35.8491541341208,21.068721299431356
MA010120220809478192,깡스푸드,음식,동남아시아,달서구,2729065000,본동,2729060200,대구광역시 달서구 월성2동,128.530389646652,35.8348018618548,1.5044330722444101
MA010120220809482319,수빈미용실,수리·개인,이용·미용,남구,2720066000,대명11동,2720061000,대구광역시 남구 대명6동,128.561812596175,35.8367405225273,4.689107892753226
MA010120220809482629,현미용실,수리·개인,이용·미용,남구,2720054000,봉덕2동,2720055000,대구광역시 남구 봉덕3동,128.60054544205,35.8383394860354,16.981373828845598
MA010120220809484462,신화미용실,수리·개인,이용·미용,남구,2720053000,봉덕1동,2720051500,대구광역시 남구 이천동,128.596580417579,35.8497827301123,13.876477819065153
MA010120220809479196,대구동구유통,소매,종합 소매,동구,2714065500,동촌동,2714068500,대구광역시 동구 해안동,128.67023823092,35.8960275680223,114.81511338587742
MA010120220809479878,한식뷔페,음식,구내식당·뷔페,달서구,2729055500,감삼동,2729056300,대구광역시 달서구 죽전동,128.545177924444,35.8543658778125,106.29005506394931
MA010120220809482323,소라미용실,수리·개인,이용·미용,서구,2717063000,평리2동,2717058000,대구광역시 서구 비산4동,128.568077675834,35.8671538095011,6.842130801441522
MA010120220809482625,김수희헤어라인,수리·개인,이용·미용,남구,2720054000,봉덕2동,2720053000,대구광역시 남구 봉덕1동,128.603614894442,35.8440298443571,32.88998086843818
MA010120220809478029,경애약국,소매,의약·화장품 소매,남구,2720053000,봉덕1동,2720051500,대구광역시 남구 이천동,128.60396354076,35.8465033393199,35.00089526832271
MA010120220809481732,이화원,음식,중식,수성구,2726065100,지산1동,2726060100,대구광역시 수성구 황금1동,128.629876352633,35.8385038833291,21.701988662412376
MA010120220809482637,신라미용실,수리·개인,이용·미용,남구,2720056000,대명1동,2720059000,대구광역시 남구 대명4동,128.576808472594,35.8457003388826,35.169853758617734
MA010120220809478460,형제반점,음식,중식,남구,2720066000,대명11동,2720061000,대구광역시 남구 대명6동,128.561822070638,35.8366592956791,1.6312413417234222
MA010120220809477909,언주미용실,수리·개인,이용·미용,남구,2720053000,봉덕1동,2720051500,대구광역시 남구 이천동,128.597256327085,35.8498188025393,37.13565739812318
MA010120220809479476,로또1등봉덕대박집,예술·스포츠,유원지·오락,남구,2720054000,봉덕2동,2720053000,대구광역시 남구 봉덕1동,128.603521477983,35.8443374806528,60.69064394241034
MA010120220809484902,샬롱미용실,수리·개인,이용·미용,남구,2720066000,대명11동,2720061000,대구광역시 남구 대명6동,128.561652110117,35.8370219656859,4.848920613965703
MA010120220809482395,정아미용실,수리·개인,이용·미용,남구,2720054000,봉덕2동,2720055000,대구광역시 남구 봉덕3동,128.60063598974,35.8373380070065,32.231300550846996
MA010120220809478874,대성전기,소매,기타 생활용품 소매,남구,2720054000,봉덕2동,2720053000,대구광역시 남구 봉덕1동,128.602514211062,35.8443328976469,23.44787171737397
MA010120220809482624,참헤어라인,수리·개인,이용·미용,남구,2720056000,대명1동,2720059000,대구광역시 남구 대명4동,128.577098665789,35.8458226906135,36.157958630287425
MA010120220809477980,바바나,소매,시계·귀금속 소매,중구,2711056500,성내1동,2711054500,대구광역시 중구 삼덕동,128.596110428311,35.8682984799347,5.347830054355965
MA010120220809479302,남대구화장품,소매,의약·화장품 소매,남구,2720054000,봉덕2동,2720053000,대구광역시 남구 봉덕1동,128.602801172813,35.8442930237767,29.8800038646831
MA010120220809482989,마트분식,음식,기타 간이,달서구,2729061500,진천동,2729060100,대구광역시 달서구 월성1동,128.524891117281,35.8169567361623,3.946815778179301
MA010120220809479236,장원책마트.문구,소매,오락용품 소매,수성구,2726056100,만촌3동,2726056000,대구광역시 수성구 만촌2동,128.64650099797,35.8584086463929,9.366207305040968
MA010120220809486763,공주눈썹,수리·개인,이용·미용,동구,2714065500,동촌동,2714064000,대구광역시 동구 지저동,128.642439227949,35.8906257857891,27.09545314207726
MA010120220809492218,장미공인중개사사무소,부동산,부동산 서비스,달서구,2729062600,상인3동,2729062800,대구광역시 달서구 도원동,128.555949324479,35.8073758612784,9.814759152848236
MA010120220809491875,파크로드,소매,섬유·의복·신발 소매,북구,2723075000,관음동,2723077000,대구광역시 북구 읍내동,128.547153332408,35.9439593643034,2.934748397824434
MA010120220809487365,아띠폰케이스,소매,섬유·의복·신발 소매,중구,2711057500,성내2동,2711065000,대구광역시 중구 남산2동,128.593342554172,35.864424266825,188.59244919554598
MA010120220809485648,닥터차유리,수리·개인,자동차 수리·세차,동구,2714072000,안심1동,2714074700,대구광역시 동구 안심4동,128.708201390712,35.8665673399119,23.619619773528367
MA010120220809485822,디오벨리,소매,섬유·의복·신발 소매,수성구,2726056100,만촌3동,2726056000,대구광역시 수성구 만촌2동,128.645198676489,35.8585977067421,3.2586545119947448
MA010120220809492208,황태골,음식,한식,북구,2723063100,산격4동,2723063000,대구광역시 북구 산격3동,128.605063469334,35.8917169504284,0.8804498913058615
MA010120220809489771,명동의류,소매,섬유·의복·신발 소매,달서구,2729055500,감삼동,2729056300,대구광역시 달서구 죽전동,128.54557881805,35.853919156121,45.63726258451994
MA010120220809495692,롯데리아,음식,기타 간이,수성구,2726056100,만촌3동,2726056000,대구광역시 수성구 만촌2동,128.646280411254,35.8584477153286,9.093019626813895
MA010120220809502927,T-world통신,소매,섬유·의복·신발 소매,중구,2711057500,성내2동,2711065000,대구광역시 중구 남산2동,128.593342554172,35.864424266825,188.59244919554598
MA010120220809503332,신디헤어아트,수리·개인,이용·미용,달서구,2729062400,상인1동,2729061500,대구광역시 달서구 진천동,128.530852947576,35.819169886145,1.7221296215278419
MA010120220809498182,현이해장국,음식,한식,달성군,2771025900,유가읍,2771026500,대구광역시 달성군 현풍읍,128.448777264981,35.6734572963313,33.839626943437715
MA010120220809503221,셀마트,소매,종합 소매,달서구,2729062600,상인3동,2729062800,대구광역시 달서구 도원동,128.555949324479,35.8073758612784,9.814759152848236
MA010120220809494692,태풍이벤트,시설관리·임대,기타 사업 서비스,달서구,2729062600,상인3동,2729062800,대구광역시 달서구 도원동,128.551994075409,35.8065078179957,40.53061998958371
MA010120220809499998,더샵해피트리공인중개사사무소,부동산,부동산 서비스,달서구,2729062400,상인1동,2729061500,대구광역시 달서구 진천동,128.530852947576,35.819169886145,1.7221296215278419
MA010120220809502384,꼬지랑우리랑,음식,기타 간이,달서구,2729065000,본동,2729060200,대구광역시 달서구 월성2동,128.530596040922,35.8340242381627,74.82342538653882
MA010120220809494342,강남공인중개사사무소,부동산,부동산 서비스,중구,2711068000,대봉1동,2711056500,대구광역시 중구 성내1동,128.600153974054,35.862369225253,13.511918695356485
MA010120220809494301,컴잉시스템,과학·기술,사진 촬영,중구,2711057500,성내2동,2711065000,대구광역시 중구 남산2동,128.593342554172,35.864424266825,188.59244919554598
MA010120220809502769,대보당약국,소매,의약·화장품 소매,달서구,2729062400,상인1동,2729061500,대구광역시 달서구 진천동,128.530723147206,35.8193247364997,0.9304340479073201
MA010120220809505911,신영할인마트,소매,종합 소매,남구,2720053000,봉덕1동,2720057100,대구광역시 남구 대명2동,128.591620890688,35.8480822937599,34.149367137392375
MA010120220809507079,그린헤어샵,수리·개인,이용·미용,달성군,2771031000,가창면,2726063000,대구광역시 수성구 파동,128.62147329117,35.8051670463052,11.723088572621318
MA010120220809504609,란미용실,수리·개인,이용·미용,남구,2720054000,봉덕2동,2720053000,대구광역시 남구 봉덕1동,128.60363158258,35.8443089766617,61.81898346881145
MA010120220809508996,진주노래연습장,예술·스포츠,유원지·오락,남구,2720053000,봉덕1동,2720051500,대구광역시 남구 이천동,128.603946672421,35.8467648965685,61.62994187405608
MA010120220809505445,네일아뜰리에,수리·개인,이용·미용,중구,2711057500,성내2동,2711065000,대구광역시 중구 남산2동,128.593342554172,35.864424266825,188.59244919554598
MA010120220809509864,아이비,수리·개인,이용·미용,남구,2720054000,봉덕2동,2720055000,대구광역시 남구 봉덕3동,128.600732988014,35.8383099531107,1.1024183162079662
MA010120220809507144,미소커피,음식,비알코올 ,남구,2720059000,대명4동,2720065000,대구광역시 남구 대명10동,128.561095195954,35.8419224573645,9.424784208491642
MA010120220809508995,아이그린안경원,소매,안경·정밀기기 소매,남구,2720053000,봉덕1동,2720051500,대구광역시 남구 이천동,128.603946672421,35.8467648965685,61.62994187405608
MA010120220809508762,감삼시티약국,소매,의약·화장품 소매,달서구,2729055000,두류3동,2729055500,대구광역시 달서구 감삼동,128.548514597013,35.8540435557535,25.504548046175714
MA010120220809504840,성서구내매점,음식,구내식당·뷔페,달서구,2729057700,이곡2동,2729058500,대구광역시 달서구 신당동,128.497837186455,35.8404027473565,188.82309254989818
MA010120220809512214,휴요가,교육,기타 교육,달서구,2729062400,상인1동,2729061500,대구광역시 달서구 진천동,128.530852947576,35.819169886145,1.7221296215278419
MA010120220809507494,그냥가면안돼지,음식,주점,남구,2720059000,대명4동,2720065000,대구광역시 남구 대명10동,128.5611013167,35.841670055407,37.21992563342214
MA010120220809512716,동해분식,음식,기타 간이,달서구,2729055500,감삼동,2729056300,대구광역시 달서구 죽전동,128.54557881805,35.853919156121,45.63726258451994
MA010120220809514675,행운인테리어타일,과학·기술,전문 디자인,남구,2720054000,봉덕2동,2720053000,대구광역시 남구 봉덕1동,128.602227430238,35.8443817798767,17.936384013793607
MA010120220809515813,평화주유소,소매,연료 소매,남구,2720053000,봉덕1동,2720051500,대구광역시 남구 이천동,128.598226670532,35.8496346795223,45.72572860097064
MA010120220809513460,명인카센터,수리·개인,자동차 수리·세차,남구,2720066000,대명11동,2729063000,대구광역시 달서구 송현1동,128.558380495794,35.8321441486738,14.801774056171585
MA010120220809518195,온누리헬스케어서남센터,소매,의약·화장품 소매,달서구,2729055500,감삼동,2729056300,대구광역시 달서구 죽전동,128.545006175133,35.8557828952627,251.64274324164467
MA010120220809513829,티아라,수리·개인,이용·미용,남구,2720056000,대명1동,2720064000,대구광역시 남구 대명9동,128.578338284925,35.8396785978617,1.8243803383641228
MA010120220809517067,도깨비애드,과학·기술,인쇄·제품제작,달서구,2729056300,죽전동,2717054000,대구광역시 서구 내당4동,128.54687537138,35.856272496359,104.14988317764197
MA010120220809514385,김밥파는사람들,음식,기타 간이,달서구,2729062500,상인2동,2729062400,대구광역시 달서구 상인1동,128.534599859977,35.8178154188278,1.479295586939438
MA010120220809517580,동양신성특수가스텍,소매,연료 소매,남구,2720053000,봉덕1동,2720051500,대구광역시 남구 이천동,128.602069209565,35.8469701770254,23.38678897016596
MA010120220809514704,코지아이봉덕점,소매,섬유·의복·신발 소매,남구,2720054000,봉덕2동,2720053000,대구광역시 남구 봉덕1동,128.602227430238,35.8443817798767,17.936384013793607
MA010120220809516359,진이옷방,소매,섬유·의복·신발 소매,남구,2720064000,대명9동,2720060000,대구광역시 남구 대명5동,128.580153398244,35.8463773092422,579.4531257932947
MA010120220809519979,파리바게뜨대곡역점,음식,기타 간이,달서구,2729061700,유천동,2771025000,대구광역시 달성군 화원읍,128.513364866704,35.8101004047084,2.9976567524826594
MA010120220809518088,푸른자동차운전전문학원,교육,기타 교육,달성군,2771025600,다사읍,2729058500,대구광역시 달서구 신당동,128.492497702123,35.8655304269915,22.81674900692211
MA010120220809519060,금비약국,소매,의약·화장품 소매,남구,2720053000,봉덕1동,2720051500,대구광역시 남구 이천동,128.597499771914,35.8498155655007,43.80685457681335
MA010120220809522658,GS25봉덕,소매,종합 소매,남구,2720054000,봉덕2동,2720055000,대구광역시 남구 봉덕3동,128.601324902967,35.8358239122841,6.5296026381140235
MA010120220809528058,코렉스자전거,소매,오락용품 소매,달서구,2729061500,진천동,2729060100,대구광역시 달서구 월성1동,128.525372449869,35.8172480106105,9.939355548009408
MA010120220809524591,오후스토리,과학·기술,광고,중구,2711067000,남산4동,2711065000,대구광역시 중구 남산2동,128.582124996557,35.8642751703396,22.53651335338749
MA010120220809525419,경대수족관,소매,중고 상품 소매,남구,2720053000,봉덕1동,2720051500,대구광역시 남구 이천동,128.603936329899,35.8462513820141,7.970395852443461
MA010120220809525308,모딘드센느,소매,섬유·의복·신발 소매,중구,2711056500,성내1동,2711054500,대구광역시 중구 삼덕동,128.597098950178,35.8656990586793,16.520109813673198
MA010120220809528000,미연각반점,음식,중식,달서구,2729061500,진천동,2729060100,대구광역시 달서구 월성1동,128.525249738829,35.8171954984582,10.494985672486251
MA010120220809539822,굿모닝플라워주,소매,식물 소매,달서구,2729055500,감삼동,2729056300,대구광역시 달서구 죽전동,128.547683874127,35.8545859407384,18.621085069532192
MA010120220809523873,프로리폼,수리·개인,기타 가정용품 수리,남구,2720054000,봉덕2동,2720053000,대구광역시 남구 봉덕1동,128.602514211062,35.8443328976469,23.44787171737397
MA010120220809524705,빨래박사,수리·개인,세탁,남구,2720054000,봉덕2동,2720055000,대구광역시 남구 봉덕3동,128.600335767801,35.8383693134128,34.80789433332525
MA010120220809522050,블루테크솔루션,수리·개인,컴퓨터 수리,수성구,2726065200,지산2동,2726066200,대구광역시 수성구 범물2동,128.636928728071,35.8197813854693,24.2582254986062
MA010120220809523013,동양정수기,수리·개인,가전제품 수리,남구,2720066000,대명11동,2720061000,대구광역시 남구 대명6동,128.562004860036,35.8363865738691,3.7062310429268575
MA010120220809525650,손미진헤어샵,수리·개인,이용·미용,달서구,2729065000,본동,2729060200,대구광역시 달서구 월성2동,128.530765633367,35.8342113206216,52.97752950081733
MA010120220809525969,필,소매,철물·건설자재 소매,남구,2720058600,대명3동,2720059000,대구광역시 남구 대명4동,128.57750272078,35.8505754493282,0.3371963475131988
MA010120220809542680,거산투어주,시설관리·임대,여행사·보조,수성구,2726059000,수성4가동,2726057000,대구광역시 수성구 수성1가동,128.61166980815,35.8603138517098,37.87759684701375
MA010120220809540713,더뷰티앤스토어,소매,의약·화장품 소매,남구,2720054000,봉덕2동,2720055000,대구광역시 남구 봉덕3동,128.6006952702,35.8380851689737,9.651638175561542
MA010120220809594286,대우공인중개사사무소,부동산,부동산 서비스,남구,2720053000,봉덕1동,2720051500,대구광역시 남구 이천동,128.597499771914,35.8498155655007,43.80685457681335
MA010120220809570252,쓰리에이치스마트지압침대,소매,의약·화장품 소매,달서구,2729055000,두류3동,2729055500,대구광역시 달서구 감삼동,128.548575213425,35.8537453943566,10.210763662308882
MA010120220809549534,비와이씨빨강내복,소매,섬유·의복·신발 소매,중구,2711057500,성내2동,2711065000,대구광역시 중구 남산2동,128.593342554172,35.864424266825,188.59244919554598
MA010120220809642244,반월당복사,시설관리·임대,사무 지원,중구,2711057500,성내2동,2711065000,대구광역시 중구 남산2동,128.593342554172,35.864424266825,188.59244919554598
MA010120220809595041,반월당한식뷔페,음식,구내식당·뷔페,중구,2711057500,성내2동,2711065000,대구광역시 중구 남산2동,128.593342554172,35.864424266825,188.59244919554598
MA010120220809572902,충만치킨,음식,기타 간이,중구,2711056500,성내1동,2711054500,대구광역시 중구 삼덕동,128.598351128733,35.867962293703,43.416193617787556
MA010120220809560643,안마의자모든샵,소매,의약·화장품 소매,수성구,2726051000,범어1동,2726060200,대구광역시 수성구 황금2동,128.625694477345,35.8494193050305,24.764764388399897
MA010120220809550032,세경부동산중개,부동산,부동산 서비스,달서구,2729055500,감삼동,2729056300,대구광역시 달서구 죽전동,128.543199819774,35.8528233003623,31.70926525287202
MA010120220809548204,아하포토,과학·기술,사진 촬영,중구,2711057500,성내2동,2711065000,대구광역시 중구 남산2동,128.593342554172,35.864424266825,188.59244919554598
MA010120220809615585,육십오도시,음식,비알코올 ,북구,2723061000,산격1동,2723063100,대구광역시 북구 산격4동,128.600715944317,35.8974521601167,3.3128991847162097
MA010120220809606668,옹심이칼국수,음식,한식,달서구,2729056800,장기동,2729057100,대구광역시 달서구 용산1동,128.523676192649,35.852946352973,389.5249535945077
MA010120220809689459,초랭이,소매,섬유·의복·신발 소매,동구,2714062000,불로.봉무동,2714064000,대구광역시 동구 지저동,128.633706429112,35.8951694892387,535.5556694234443
MA010120220809650377,스마일생활용품,소매,종합 소매,남구,2720064000,대명9동,2720060000,대구광역시 남구 대명5동,128.580153398244,35.8463773092422,579.4531257932947
MA010120220809767411,김밥천국,음식,기타 간이,중구,2711057500,성내2동,2711065000,대구광역시 중구 남산2동,128.593342554172,35.864424266825,188.59244919554598
MA010120220809673329,이유네일,수리·개인,이용·미용,중구,2711057500,성내2동,2711065000,대구광역시 중구 남산2동,128.593342554172,35.864424266825,188.59244919554598
MA010120220809793972,문현사커피로스터스,음식,비알코올 ,중구,2711056500,성내1동,2711054500,대구광역시 중구 삼덕동,128.596826772353,35.8659279633129,14.523639404506994
MA010120220809658035,삼성웰스토리계명대대구동산병원,음식,구내식당·뷔페,중구,2711057500,성내2동,2711059500,대구광역시 중구 대신동,128.582519216024,35.8701814887016,6.348609135858735
MA010120220809725235,거문공인중개사사무소,부동산,부동산 서비스,동구,2714052000,신암2동,2723064500,대구광역시 북구 대현동,128.611954064893,35.8814507931115,1.0833874397030323
MA010120220809713981,좋아요,음식,기타 간이,달서구,2729065000,본동,2729060200,대구광역시 달서구 월성2동,128.530086758451,35.8340127013543,92.56552213803091
MA010120220809653351,광남슈퍼,소매,종합 소매,동구,2714062000,불로.봉무동,2714064000,대구광역시 동구 지저동,128.630115603608,35.9004448721512,26.517453091571035
MA010120220809756931,낙연축산물프라자,소매,식료품 소매,동구,2714072000,안심1동,2714074700,대구광역시 동구 안심4동,128.708153253673,35.8663877990871,21.94022683433121
MA010120220809670021,카페따숲,음식,비알코올 ,달서구,2729056800,장기동,2729055500,대구광역시 달서구 감삼동,128.532029635517,35.8452704147656,2.4621846768197626
MA010120220809684471,스시유메,음식,일식,달서구,2729056300,죽전동,2717054000,대구광역시 서구 내당4동,128.54602095003,35.8561663461332,53.565925060352875
MA010120220809732796,트루맨즈헤어살롱,수리·개인,이용·미용,달서구,2729056800,장기동,2729057100,대구광역시 달서구 용산1동,128.524584386838,35.8518173983588,306.42427953531734
MA010120220809975141,꼬리빗,수리·개인,이용·미용,달서구,2729056300,죽전동,2717054000,대구광역시 서구 내당4동,128.547545053031,35.8554167885782,55.20928707374086
MA010120220809931962,드레스코드420,소매,섬유·의복·신발 소매,중구,2711057500,성내2동,2711065000,대구광역시 중구 남산2동,128.593342554172,35.864424266825,188.59244919554598
MA010120220809827820,커피룰러,음식,비알코올 ,중구,2711066000,남산3동,2711064000,대구광역시 중구 남산1동,128.591143032486,35.8579561708317,231.7568008486954
MA010120220809834548,몬스터커피,음식,비알코올 ,중구,2711064000,남산1동,2711065000,대구광역시 중구 남산2동,128.593342554172,35.864424266825,19.934593070075067
MA010120220809946761,러브코드유,소매,섬유·의복·신발 소매,중구,2711056500,성내1동,2711054500,대구광역시 중구 삼덕동,128.596964508505,35.8656197433643,1.5827341758120497
MA010120220809905525,토지공인중개사사무소,부동산,부동산 서비스,수성구,2726059000,수성4가동,2726057000,대구광역시 수성구 수성1가동,128.612278678546,35.8603146921005,18.89092472372665
MA010120220809901446,자연건강,소매,기타 생활용품 소매,중구,2711057500,성내2동,2711065000,대구광역시 중구 남산2동,128.593342554172,35.864424266825,188.59244919554598
MA010120220809984737,엔플디자인,과학·기술,전문 디자인,동구,2714065500,동촌동,2714064000,대구광역시 동구 지저동,128.643102317924,35.8932390114614,90.38081948345236
MA010120220809870119,온뉴뷰티,수리·개인,이용·미용,중구,2711056500,성내1동,2711054500,대구광역시 중구 삼덕동,128.59666581472,35.8661824232003,21.979468169646747
MA010120220810169987,알와이오,소매,담배 소매,남구,2720054000,봉덕2동,2720053000,대구광역시 남구 봉덕1동,128.603614894442,35.8440298443571,32.88998086843818
MA010120220810155629,뷰티앤숲칼프,소매,의약·화장품 소매,남구,2720054000,봉덕2동,2720055000,대구광역시 남구 봉덕3동,128.6006952702,35.8380851689737,9.651638175561542
MA010120220810108328,더엘무용학원,교육,기타 교육,달서구,2729056800,장기동,2729055500,대구광역시 달서구 감삼동,128.53423637966,35.8437643604825,2.461074792172881
MA010120220810154134,메트로삭스,소매,섬유·의복·신발 소매,중구,2711057500,성내2동,2711065000,대구광역시 중구 남산2동,128.593342554172,35.864424266825,188.59244919554598
MA010120220810026528,박미란헤어두동성로,수리·개인,이용·미용,중구,2711056500,성내1동,2711054500,대구광역시 중구 삼덕동,128.596988050852,35.8662412191925,48.25949349662541
MA010120220810010229,비지인테리어,과학·기술,전문 디자인,동구,2714062000,불로.봉무동,2714064000,대구광역시 동구 지저동,128.6324520331,35.8993407780357,177.19911025429383
MA010120220810100945,스톰맥스용산,수리·개인,자동차 수리·세차,달서구,2729056800,장기동,2729057100,대구광역시 달서구 용산1동,128.524951497251,35.8513351266947,270.187777570346
MA010120220810138610,진,수리·개인,욕탕·신체관리,달서구,2729055000,두류3동,2729055500,대구광역시 달서구 감삼동,128.548575213425,35.8537453943566,10.210763662308882
MA010120220810015304,떼르헤어,수리·개인,이용·미용,중구,2711056500,성내1동,2711054500,대구광역시 중구 삼덕동,128.596212164375,35.8667471617168,31.93880424069883
MA010120220810069173,향수명가2,소매,의약·화장품 소매,중구,2711056500,성내1동,2711054500,대구광역시 중구 삼덕동,128.596110428311,35.8682984799347,5.347830054355965
MA010120220810033105,원더풀명품찹쌀꽈배기,음식,기타 간이,수성구,2726065100,지산1동,2726060100,대구광역시 수성구 황금1동,128.629970394172,35.838772950273,33.60536697627524
MA010120220810140651,날개옷수선,수리·개인,기타 가정용품 수리,북구,2723068000,검단동,2723067200,대구광역시 북구 복현2동,128.620196383674,35.9066437756865,10.684457712764752
MA010120220810011568,이화원,음식,중식,북구,2723055000,침산1동,2723079000,대구광역시 북구 노원동,128.581956314112,35.8903114349461,0.4809637747309246
MA010120220810134296,다올,소매,섬유·의복·신발 소매,중구,2711057500,성내2동,2711065000,대구광역시 중구 남산2동,128.593342554172,35.864424266825,188.59244919554598
MA010120220810082347,하노버메디칼운동센터,교육,기타 교육,수성구,2726059000,수성4가동,2726057000,대구광역시 수성구 수성1가동,128.610693772854,35.8607685032667,20.813199944924758
MA010120220810142243,꿀비,소매,섬유·의복·신발 소매,중구,2711057500,성내2동,2711065000,대구광역시 중구 남산2동,128.593342554172,35.864424266825,188.59244919554598
MA010120220810148152,합천상회,소매,식료품 소매,달서구,2729062500,상인2동,2729062400,대구광역시 달서구 상인1동,128.534866898561,35.8178931128935,1.3104327521533965
MA010120220810085453,히야전자,수리·개인,가전제품 수리,동구,2714062000,불로.봉무동,2714064000,대구광역시 동구 지저동,128.632453524,35.8961777778259,476.0474845002456
MA010120220810026877,타임스퀘어이마트,소매,시계·귀금속 소매,북구,2723057000,침산3동,2723052600,대구광역시 북구 칠성동,128.589783799109,35.8852247459674,74.81225912201327
MA010120220810160294,스피드당구장,예술·스포츠,스포츠 서비스,동구,2714051000,신암1동,2723064500,대구광역시 북구 대현동,128.613930782304,35.8844610801359,2.7311453178034997
MA010120220810150764,나영쌤,수리·개인,이용·미용,중구,2711057500,성내2동,2711065000,대구광역시 중구 남산2동,128.593342554172,35.864424266825,188.59244919554598
MA010120220810074930,페리도트,소매,섬유·의복·신발 소매,중구,2711056500,성내1동,2711054500,대구광역시 중구 삼덕동,128.596111287197,35.8666854222698,20.56935406100351
MA010120220810064155,마마스MaMas)마마스MaMas,소매,섬유·의복·신발 소매,중구,2711057500,성내2동,2711065000,대구광역시 중구 남산2동,128.593342554172,35.864424266825,188.59244919554598
MA010120220810080819,플랜,음식,비알코올 ,북구,2723068000,검단동,2723067200,대구광역시 북구 복현2동,128.619647724501,35.9063538045323,9.178799282746784
MA010120220810040208,웰리드,소매,식료품 소매,달서구,2729056300,죽전동,2729055500,대구광역시 달서구 감삼동,128.538396011145,35.8505419158512,9.77947403243896
MA010120220810064357,먼스PC,예술·스포츠,유원지·오락,달서구,2729055500,감삼동,2729056300,대구광역시 달서구 죽전동,128.544991436718,35.8555938429488,233.92159463225775
MA010120220810202271,댕기머리,수리·개인,이용·미용,동구,2714062000,불로.봉무동,2714064000,대구광역시 동구 지저동,128.631722132421,35.898314396066,290.07251812780885
MA010120220810264793,연우메디칼,소매,의약·화장품 소매,남구,2720054000,봉덕2동,2720055000,대구광역시 남구 봉덕3동,128.600367464923,35.839396198259,8.171001787959735
MA010120220810215297,댄스교습소,교육,기타 교육,남구,2720054000,봉덕2동,2720053000,대구광역시 남구 봉덕1동,128.602657873265,35.8443219698328,27.584582271539702
MA010120220810199824,몹시커피,음식,비알코올 ,달서구,2729055500,감삼동,2729056300,대구광역시 달서구 죽전동,128.545173953925,35.8535909381798,29.33338793231872
MA010120220810250969,만족,음식,한식,동구,2714065500,동촌동,2714064000,대구광역시 동구 지저동,128.644038654772,35.8935325797672,29.699007097592208
MA010120220810349092,한현욱클래식,소매,섬유·의복·신발 소매,중구,2711057500,성내2동,2711065000,대구광역시 중구 남산2동,128.593342554172,35.864424266825,188.59244919554598
MA010120220810252137,황금포차,음식,주점,중구,2711056500,성내1동,2711069000,대구광역시 중구 대봉2동,128.597615343132,35.8599879521991,18.764596713724966
MA010120220810230205,우리식당,음식,한식,달서구,2729056300,죽전동,2717067500,대구광역시 서구 상중이동,128.540082323644,35.8581801068168,7.324650586216687
MA010120220810271030,셀피아빨래방불로점,수리·개인,세탁,동구,2714062000,불로.봉무동,2714064000,대구광역시 동구 지저동,128.633192030648,35.8992406009483,152.31783890515578
MA010120220810228453,효제가족심리상담센터,교육,기타 교육,달서구,2729055500,감삼동,2729056300,대구광역시 달서구 죽전동,128.545006208504,35.8535029804967,27.273175671557546
MA010120220810235841,서대구강연합치과의원,보건의료,의원,달서구,2729055500,감삼동,2729056300,대구광역시 달서구 죽전동,128.547215750228,35.8544207521554,22.986068657005863
MA010120220810257801,경무키즈태권도효도관,교육,기타 교육,동구,2714062000,불로.봉무동,2714064000,대구광역시 동구 지저동,128.634551304374,35.8964015552799,386.12278386115383
MA010120220810303733,투비리본,소매,섬유·의복·신발 소매,중구,2711056500,성내1동,2711054500,대구광역시 중구 삼덕동,128.597061006562,35.8660149633438,36.83644440642504
MA010120220810233232,미스터구야,소매,섬유·의복·신발 소매,중구,2711057500,성내2동,2711065000,대구광역시 중구 남산2동,128.593342554172,35.864424266825,188.59244919554598
MA010120220810390226,감삼역한누리공인중개사사무소,부동산,부동산 서비스,달서구,2729055500,감삼동,2729055000,대구광역시 달서구 두류3동,128.548298112941,35.8520187548306,24.33098516156003
MA010120220810400150,따단녹ThaDanNox,교육,기타 교육,중구,2711056500,성내1동,2711051700,대구광역시 중구 동인동,128.601024809618,35.8731893530554,4.132132109694932
MA010120220810592308,드무이,소매,섬유·의복·신발 소매,중구,2711056500,성내1동,2711054500,대구광역시 중구 삼덕동,128.596885365954,35.8660893901026,30.23334389571648
MA010120220810566253,청가담,소매,식료품 소매,중구,2711067000,남산4동,2711065000,대구광역시 중구 남산2동,128.582124996557,35.8642751703396,22.53651335338749
MA010120220810480425,핑크헤어,수리·개인,이용·미용,동구,2714062000,불로.봉무동,2714064000,대구광역시 동구 지저동,128.631628680879,35.9007757612211,21.704912060233195
MA010120220810713671,골드몬드,소매,시계·귀금속 소매,중구,2711057500,성내2동,2711065000,대구광역시 중구 남산2동,128.593342554172,35.864424266825,188.59244919554598
MA010120220810657296,페파스토어,소매,섬유·의복·신발 소매,중구,2711056500,성내1동,2711054500,대구광역시 중구 삼덕동,128.597134646448,35.8663744414374,67.93641804978822
MA010120220810586092,모터프라자독일들안길점,수리·개인,자동차 수리·세차,수성구,2726065200,지산2동,2726066200,대구광역시 수성구 범물2동,128.637069934633,35.8196533017768,35.24221108260261
MA010120220810359409,해피기획,과학·기술,광고,달서구,2729053500,두류1.2동,2729051500,대구광역시 달서구 성당동,128.570240437684,35.8527612590818,24.765391181200297
MA010120220810623392,킴스헤어,수리·개인,이용·미용,남구,2720066000,대명11동,2720061000,대구광역시 남구 대명6동,128.56135132072,35.8374854623627,2.129327701216207
MA010120220810653295,엄마밥상,음식,한식,달서구,2729053500,두류1.2동,2729055000,대구광역시 달서구 두류3동,128.558430961598,35.8573487010333,1.0336398197976493
MA010120220810394467,힐링7080포차,음식,한식,남구,2720059000,대명4동,2720065000,대구광역시 남구 대명10동,128.561103788705,35.8417961845021,23.40078879924261
MA010120220810370293,마왕족발대구감삼역점,음식,한식,달서구,2729055000,두류3동,2729055500,대구광역시 달서구 감삼동,128.548514597013,35.8540435557535,25.504548046175714
MA010120220811225029,아날로그트리,소매,가구 소매,수성구,2726061000,중동,2726062000,대구광역시 수성구 상동,128.611116190932,35.8389731880998,19.741963827713782
MA010120220811227469,도도하다,소매,섬유·의복·신발 소매,중구,2711057500,성내2동,2711065000,대구광역시 중구 남산2동,128.593342554172,35.864424266825,188.59244919554598
MA010120220811079056,나연이네,음식,한식,동구,2714065500,동촌동,2714064000,대구광역시 동구 지저동,128.643049081879,35.8917348476548,21.518813788850718
MA010120220811197137,비올레왁싱,수리·개인,이용·미용,수성구,2726065100,지산1동,2726060100,대구광역시 수성구 황금1동,128.629826019175,35.8376665036011,6.397135290039296
MA010120220810995333,동양매직정수기,시설관리·임대,가정용품 대여,북구,2723075000,관음동,2723077000,대구광역시 북구 읍내동,128.547050243198,35.9454926297473,28.215202569968174
MA010120220810883319,서윤헤어,수리·개인,이용·미용,남구,2720066000,대명11동,2720061000,대구광역시 남구 대명6동,128.562325296114,35.8357966588053,2.0681071987269846
MA010120220811064147,시골장터,소매,식료품 소매,동구,2714065500,동촌동,2714064000,대구광역시 동구 지저동,128.642229899879,35.890142036794,24.776131897089876
MA010120220811476523,윤서공인중개사사무소,부동산,부동산 서비스,동구,2714074700,안심4동,2714072000,대구광역시 동구 안심1동,128.708304754228,35.8703506029383,22.52765748705546
MA010120220810915102,잔티대구,소매,가전·통신 소매,중구,2711057500,성내2동,2711065000,대구광역시 중구 남산2동,128.593342554172,35.864424266825,188.59244919554598
MA010120220811499999,대박수산,음식,한식,서구,2717060000,비산6동,2717062000,대구광역시 서구 평리1동,128.567128525853,35.8757361012569,27.867124366915768
MA010120220810980271,뚝심외식산업주,음식,한식,동구,2714051000,신암1동,2723064500,대구광역시 북구 대현동,128.612185325965,35.8819343036957,0.5738910087917312
MA010120220811080137,럭키올로지,소매,오락용품 소매,수성구,2726052000,범어2동,2726051000,대구광역시 수성구 범어1동,128.627043194395,35.8590883079659,28.91366015426576
MA010120220810990197,st.골드리버,소매,섬유·의복·신발 소매,중구,2711057500,성내2동,2711065000,대구광역시 중구 남산2동,128.593342554172,35.864424266825,188.59244919554598
MA010120220811505516,알에프부동산개발,과학·기술,본사·경영 컨설팅,달서구,2729055500,감삼동,2729056300,대구광역시 달서구 죽전동,128.547215750228,35.8544207521554,22.986068657005863
MA010120220811709353,베이직디렉터,소매,섬유·의복·신발 소매,중구,2711056500,성내1동,2711054500,대구광역시 중구 삼덕동,128.59601022949,35.8666146737015,8.534233626668389
MA010120220811799701,수페부엌,음식,서양식,수성구,2726051000,범어1동,2726060200,대구광역시 수성구 황금2동,128.625694477345,35.8494193050305,24.764764388399897
MA010120220811794970,럭키탁구클럽,예술·스포츠,스포츠 서비스,동구,2714065500,동촌동,2714064000,대구광역시 동구 지저동,128.64306778661,35.8921040563102,36.81377115891436
MA010120220811694137,반월당복권,예술·스포츠,유원지·오락,중구,2711057500,성내2동,2711065000,대구광역시 중구 남산2동,128.593342554172,35.864424266825,188.59244919554598
MA010120220811763246,장수고디탕,음식,한식,서구,2717060000,비산6동,2717062000,대구광역시 서구 평리1동,128.567327953244,35.8757425102754,9.945883390909767
MA010120220811811199,진슈퍼,소매,종합 소매,남구,2720058600,대명3동,2720059000,대구광역시 남구 대명4동,128.577565903257,35.8504124129849,3.7158140464506135
MA010120220811733641,럭셔리,소매,섬유·의복·신발 소매,남구,2720053000,봉덕1동,2720051500,대구광역시 남구 이천동,128.603803366745,35.8462441456655,3.000454016846121
MA010120220811817766,뷰티스타아카데미학원,교육,기타 교육,수성구,2726059000,수성4가동,2726057000,대구광역시 수성구 수성1가동,128.609861417474,35.8612122099842,0.42828020588200383
MA010120220811555214,이태리명품의류수선점,수리·개인,기타 가정용품 수리,수성구,2726059000,수성4가동,2726057000,대구광역시 수성구 수성1가동,128.611812767709,35.8602668763743,38.33345317950067
MA010120220811746141,여원찜갈비,음식,한식,북구,2723068000,검단동,2723067200,대구광역시 북구 복현2동,128.620196383674,35.9066437756865,10.684457712764752
MA010120220811791758,고려양산,소매,기타 생활용품 소매,동구,2714062000,불로.봉무동,2714064000,대구광역시 동구 지저동,128.63206391835,35.8987783401793,246.7048084816638
MA010120220811785536,양말천국서남점,소매,섬유·의복·신발 소매,달서구,2729055500,감삼동,2729056300,대구광역시 달서구 죽전동,128.545901671321,35.8540141285612,40.78507140231305
MA010120220811773629,꿍이네,소매,애완동물·용품 소매,달서구,2729055500,감삼동,2729056300,대구광역시 달서구 죽전동,128.543199819774,35.8528233003623,31.70926525287202
MA010120220811748615,이티비티샵,소매,오락용품 소매,중구,2711056500,성내1동,2711054500,대구광역시 중구 삼덕동,128.596514658891,35.8663736725604,25.521136298412078
MA010120220811757809,기탄사고력교실대구불로초교실,교육,일반 교육,동구,2714062000,불로.봉무동,2714064000,대구광역시 동구 지저동,128.632063310366,35.8976699537757,354.1274800454756
MA010120220811742157,도로시,소매,섬유·의복·신발 소매,달서구,2729055000,두류3동,2717054000,대구광역시 서구 내당4동,128.556608440642,35.8575525617758,4.0755196487042324
MA010120220811789299,화랑푸드,음식,한식,북구,2723063100,산격4동,2723063000,대구광역시 북구 산격3동,128.605048919498,35.8909962340307,12.583888519303718
MA010120220811757031,벨류업종합부동산,부동산,부동산 서비스,중구,2711067000,남산4동,2711065000,대구광역시 중구 남산2동,128.582124996557,35.8642751703396,22.53651335338749
MA010120220811711348,덮밥집,음식,한식,동구,2714062000,불로.봉무동,2714064000,대구광역시 동구 지저동,128.635094571083,35.8964302035624,378.6178194408341
MA010120220811985571,현대가구,소매,가구 소매,남구,2720054000,봉덕2동,2720053000,대구광역시 남구 봉덕1동,128.603797554218,35.8437570624921,11.884114871764352
MA010120220811969998,오리불고기염소불고기,음식,한식,달서구,2729055500,감삼동,2729055000,대구광역시 달서구 두류3동,128.548425973767,35.8523325099726,24.72067403383898
MA010120220811943422,선샤인365,소매,장식품 소매,중구,2711057500,성내2동,2711065000,대구광역시 중구 남산2동,128.593342554172,35.864424266825,188.59244919554598
MA010120220811819392,가마솥치킨,음식,기타 간이,수성구,2726064000,두산동,2726065200,대구광역시 수성구 지산2동,128.625910922356,35.8253198077932,11.087086987183925
MA010120220811945528,봉대박찜닭,음식,한식,중구,2711056500,성내1동,2711054500,대구광역시 중구 삼덕동,128.598224824435,35.8682883858516,7.200812396168582
MA010120220811980275,예촌,음식,주점,북구,2723075000,관음동,2723077000,대구광역시 북구 읍내동,128.54696021799,35.9448539815808,5.939387618090933
MA010120220811925556,칠곡빅마트관음점,소매,종합 소매,북구,2723075000,관음동,2723077000,대구광역시 북구 읍내동,128.547373320981,35.9444431430583,33.21793459199074
MA010120220811932503,이디야커피대구봉산육,음식,비알코올 ,중구,2711054500,삼덕동,2711056500,대구광역시 중구 성내1동,128.599229486836,35.8642919613585,8.39213233441903
MA010120220811841738,김도경헤어,수리·개인,이용·미용,서구,2717062000,평리1동,2717055000,대구광역시 서구 비산1동,128.567212657657,35.8800064339312,24.47675287389661
MA010120220811903147,맛있는나물반찬,소매,식료품 소매,달서구,2729055500,감삼동,2729056300,대구광역시 달서구 죽전동,128.546235766846,35.8541179669364,36.30401185370287
MA010120220811872313,문곰,과학·기술,광고,동구,2714052000,신암2동,2723064500,대구광역시 북구 대현동,128.611954064893,35.8814507931115,1.0833874397030323
MA010120220811950218,세븐일레븐대구산격타운점,소매,종합 소매,북구,2723063100,산격4동,2723063000,대구광역시 북구 산격3동,128.605048919498,35.8909962340307,12.583888519303718
MA010120220811909967,한우왕K2점,음식,한식,동구,2714065500,동촌동,2714064000,대구광역시 동구 지저동,128.643840007597,35.8930306651112,20.538111351775232
MA010120220811850398,앵두나무스튜디오,교육,기타 교육,남구,2720054000,봉덕2동,2720055000,대구광역시 남구 봉덕3동,128.600910073533,35.8366584953011,23.79656581237109
MA010120220811873283,라이프빈,소매,식료품 소매,북구,2723075000,관음동,2723077000,대구광역시 북구 읍내동,128.547335176405,35.9436235982836,11.468292293392302
MA010120220811915284,빵빵푸드,음식,한식,북구,2723075000,관음동,2723077000,대구광역시 북구 읍내동,128.547387386693,35.9445961553314,37.89208439583678
MA010120220811851374,에드잇,소매,섬유·의복·신발 소매,북구,2723057000,침산3동,2723052600,대구광역시 북구 칠성동,128.586490569367,35.8861153729917,45.70939079304165
MA010120220811913444,서남반찬,소매,식료품 소매,달서구,2729055500,감삼동,2729056300,대구광역시 달서구 죽전동,128.546235766846,35.8541179669364,36.30401185370287
MA010120220811824201,커피타임,음식,비알코올 ,달서구,2729055000,두류3동,2717054000,대구광역시 서구 내당4동,128.556608440642,35.8575525617758,4.0755196487042324
MA010120220811980475,에이스안경원,소매,안경·정밀기기 소매,달서구,2729055500,감삼동,2729056300,대구광역시 달서구 죽전동,128.545006208504,35.8535029804967,27.273175671557546
MA010120220811866506,풍전에프앤비그라찌에수성대학교점,음식,비알코올 ,수성구,2726056100,만촌3동,2726055000,대구광역시 수성구 만촌1동,128.646113878774,35.8760852321846,1916.4769159407733
MA010120220811964967,카페윌리스오피스,음식,비알코올 ,중구,2711056500,성내1동,2711054500,대구광역시 중구 삼덕동,128.596885365954,35.8660893901026,30.23334389571648
MA010120220812071139,제주족발,음식,한식,중구,2711054500,삼덕동,2711056500,대구광역시 중구 성내1동,128.599087598233,35.86439297619,4.616138522081303
MA010120220811991226,스마일치과의원,보건의료,의원,중구,2711067000,남산4동,2711065000,대구광역시 중구 남산2동,128.582074994587,35.8639874623736,10.563929435638137
MA010120220812052162,맥주맛을아는사람들,음식,주점,달서구,2729056800,장기동,2729055500,대구광역시 달서구 감삼동,128.53423637966,35.8437643604825,2.461074792172881
MA010120220812149172,두민,소매,섬유·의복·신발 소매,중구,2711056500,성내1동,2711054500,대구광역시 중구 삼덕동,128.595905872878,35.8669314604927,24.377400830734484
MA010120220812031644,깨밭골식당,음식,한식,동구,2714062000,불로.봉무동,2714064000,대구광역시 동구 지저동,128.632765020525,35.8994807034416,149.34356285450576
MA010120220812072606,반월당신세계약국,소매,의약·화장품 소매,중구,2711057500,성내2동,2711065000,대구광역시 중구 남산2동,128.593342554172,35.864424266825,188.59244919554598
MA010120220812102582,디자인박스인테리어,과학·기술,전문 디자인,달서구,2729062400,상인1동,2729061500,대구광역시 달서구 진천동,128.530560852798,35.8195160469118,0.09257485862674192
MA010120220812089339,쥬쥬,소매,섬유·의복·신발 소매,북구,2723075000,관음동,2723077000,대구광역시 북구 읍내동,128.547401628156,35.9447581767227,42.78380208420551
MA010120220812080862,뉴띵크헤어,수리·개인,이용·미용,중구,2711056500,성내1동,2711054500,대구광역시 중구 삼덕동,128.596764522457,35.8661360538399,25.360877216539826
MA010120220812154435,피티공간,예술·스포츠,스포츠 서비스,수성구,2726059000,수성4가동,2726057000,대구광역시 수성구 수성1가동,128.610693772854,35.8607685032667,20.813199944924758
MA010120220812066172,복합문화공간1901,교육,교육 지원,남구,2720054000,봉덕2동,2720053000,대구광역시 남구 봉덕1동,128.602657873265,35.8443219698328,27.584582271539702
MA010120220812128679,도도컴,소매,가전·통신 소매,서구,2717062000,평리1동,2717060000,대구광역시 서구 비산6동,128.56769951259,35.8771794939973,1.3239344365901997
MA010120220812105565,동원에프앤비지엔씨캠프워커점,소매,식료품 소매,남구,2720060000,대명5동,2720055000,대구광역시 남구 봉덕3동,128.588209358636,35.8401883339539,127.60895093595654
MA010120220812252511,성화광고,과학·기술,인쇄·제품제작,북구,2723075000,관음동,2723077000,대구광역시 북구 읍내동,128.546946665765,35.9452957144099,14.649194649445201
MA010120220812331686,다모아옷수선,수리·개인,기타 가정용품 수리,수성구,2726066200,범물2동,2726066100,대구광역시 수성구 범물1동,128.644418145967,35.8175794713065,3.6363783610107605
MA010120220812341453,에고플러스,소매,섬유·의복·신발 소매,중구,2711057500,성내2동,2711065000,대구광역시 중구 남산2동,128.593342554172,35.864424266825,188.59244919554598
MA010120220812223106,명성돼지국밥북구,음식,한식,북구,2723075000,관음동,2723077000,대구광역시 북구 읍내동,128.547311402213,35.9452459551687,45.75293059567611
MA010120220812310690,예씌네일,수리·개인,이용·미용,달서구,2729055500,감삼동,2729056300,대구광역시 달서구 죽전동,128.545177924444,35.8543658778125,106.29005506394931
MA010120220812201053,디에스테크,시설관리·임대,고용 알선,달서구,2729058500,신당동,2729057700,대구광역시 달서구 이곡2동,128.49978693558,35.8604832707757,7.149180171760354
MA010120220812258769,이지래쉬,수리·개인,이용·미용,중구,2711056500,성내1동,2711054500,대구광역시 중구 삼덕동,128.596764522457,35.8661360538399,25.360877216539826
MA010120220812294134,정담고디요리,음식,한식,중구,2711057500,성내2동,2711065000,대구광역시 중구 남산2동,128.593342554172,35.864424266825,188.59244919554598
MA010120220812350277,손창헌,소매,식료품 소매,달서구,2729055500,감삼동,2729056300,대구광역시 달서구 죽전동,128.545006208504,35.8535029804967,27.273175671557546
MA010120220812271926,복동이숯불갈비,음식,한식,서구,2717059000,비산5동,2717061000,대구광역시 서구 비산7동,128.563780960782,35.8879361900872,14.097686498160359
MA010120220812343572,아싸통통노래연습장,예술·스포츠,유원지·오락,중구,2711056500,성내1동,2711054500,대구광역시 중구 삼덕동,128.597711344158,35.8680789431822,30.255494261414526
MA010120220812299359,나비엘감삼갤러리,소매,의약·화장품 소매,달서구,2729055500,감삼동,2729056300,대구광역시 달서구 죽전동,128.546421798182,35.8540074340717,17.455729300399785
MA010120220812209180,이영산업,소매,섬유·의복·신발 소매,달서구,2729053500,두류1.2동,2729051500,대구광역시 달서구 성당동,128.570555090303,35.8530004559207,9.290363788144372
MA010120220812268173,달공영계통닭,음식,기타 간이,중구,2711058500,성내3동,2717056500,대구광역시 서구 비산2·3동,128.578555899214,35.8757756849969,20.980585804359766
MA010120220812198332,아리따움반월,소매,의약·화장품 소매,중구,2711057500,성내2동,2711065000,대구광역시 중구 남산2동,128.593342554172,35.864424266825,188.59244919554598
MA010120220812263906,송현청소,시설관리·임대,청소·방제,달서구,2729065000,본동,2729064000,대구광역시 달서구 송현2동,128.544491754342,35.8326839364133,34.66114700202608
MA010120220812186587,수민이앤씨,과학·기술,기술 서비스,달서구,2729057700,이곡2동,2729058500,대구광역시 달서구 신당동,128.497837186455,35.8404027473565,188.82309254989818
MA010120220812250424,순수공간,소매,섬유·의복·신발 소매,중구,2711057500,성내2동,2711065000,대구광역시 중구 남산2동,128.593342554172,35.864424266825,188.59244919554598
MA010120220812502859,다해인테리어,과학·기술,전문 디자인,달서구,2729057700,이곡2동,2729058500,대구광역시 달서구 신당동,128.494845815968,35.8372859393488,462.9152183977061
MA010120220812488018,피네드,소매,섬유·의복·신발 소매,중구,2711056500,성내1동,2711054500,대구광역시 중구 삼덕동,128.596691565799,35.8663623095284,36.78392696986753
MA010120220812510241,명가라이프,소매,섬유·의복·신발 소매,중구,2711057500,성내2동,2711065000,대구광역시 중구 남산2동,128.593342554172,35.864424266825,188.59244919554598
MA010120220812408393,믿음,소매,가전·통신 소매,남구,2720054000,봉덕2동,2720055000,대구광역시 남구 봉덕3동,128.600646126592,35.837842514099,19.62486954286575
MA010120220812463701,멀스,소매,섬유·의복·신발 소매,중구,2711056500,성내1동,2711054500,대구광역시 중구 삼덕동,128.596840149695,35.8665946314528,63.783222972159194
MA010120220812511873,미니스톱대구범어우방점,소매,종합 소매,수성구,2726051000,범어1동,2726060200,대구광역시 수성구 황금2동,128.625495850687,35.8494490270439,37.36533335225413
MA010120220812415719,경북농산물,소매,식료품 소매,남구,2720054000,봉덕2동,2720053000,대구광역시 남구 봉덕1동,128.603820229702,35.8443334928018,71.19437999873814
MA010120220812469636,오렌즈반월당,소매,안경·정밀기기 소매,중구,2711057500,성내2동,2711065000,대구광역시 중구 남산2동,128.593342554172,35.864424266825,188.59244919554598
MA010120220812487506,114공인중개사사무소,부동산,부동산 서비스,달서구,2729056800,장기동,2729057100,대구광역시 달서구 용산1동,128.524222819481,35.8520112289769,313.41836095565105
MA010120220812503056,피아노노래연습장,예술·스포츠,유원지·오락,남구,2720053000,봉덕1동,2720051500,대구광역시 남구 이천동,128.601439033508,35.8470056134061,7.075381790519738
MA010120220812447935,지에스25대구동산,소매,종합 소매,중구,2711057500,성내2동,2711059500,대구광역시 중구 대신동,128.582519216024,35.8701814887016,6.348609135858735
MA010120220812430653,에스에스패션,소매,섬유·의복·신발 소매,남구,2720066000,대명11동,2729064000,대구광역시 달서구 송현2동,128.557028371094,35.8371360422805,11.03974393904481
MA010120220812432131,백세라이프,소매,식료품 소매,중구,2711057500,성내2동,2711065000,대구광역시 중구 남산2동,128.593342554172,35.864424266825,188.59244919554598
MA010120220812499522,정담디,음식,기타 간이,달서구,2729062500,상인2동,2729062400,대구광역시 달서구 상인1동,128.537907908621,35.8189536487268,23.350394134974024
MA010120220812517965,태원매점,음식,한식,달서구,2729057700,이곡2동,2729058500,대구광역시 달서구 신당동,128.498739883535,35.8407339313126,106.9167627419613
MA010120220812519315,미국언니,수리·개인,이용·미용,중구,2711057500,성내2동,2711065000,대구광역시 중구 남산2동,128.593342554172,35.864424266825,188.59244919554598
MA010120220812411660,캠프워커카투사스넥바,음식,기타 간이,남구,2720060000,대명5동,2720055000,대구광역시 남구 봉덕3동,128.588209358636,35.8401883339539,127.60895093595654
MA010120220812363384,마리뽀사,교육,기타 교육,중구,2711056500,성내1동,2711054500,대구광역시 중구 삼덕동,128.59703575785,35.8664118020746,63.889339429433505
MA010120220812433879,비에이치티스파,수리·개인,이용·미용,수성구,2726061000,중동,2726062000,대구광역시 수성구 상동,128.611589395204,35.8388406814117,35.12391628376298
MA010120220812654551,검단자동차정비,수리·개인,자동차 수리·세차,북구,2723068000,검단동,2723062000,대구광역시 북구 산격2동,128.61085359328,35.9123925826076,47.35491133815629
MA010120220812611100,비볼드,소매,섬유·의복·신발 소매,중구,2711056500,성내1동,2711054500,대구광역시 중구 삼덕동,128.599158744353,35.8679335206535,46.8867539782559
MA010120220812636975,미지가게,수리·개인,이용·미용,중구,2711056500,성내1동,2711054500,대구광역시 중구 삼덕동,128.59666581472,35.8661824232003,21.979468169646747
MA010120220812644802,케이베타,소매,애완동물·용품 소매,달서구,2729061500,진천동,2729060100,대구광역시 달서구 월성1동,128.525739894263,35.8173695086578,4.8511307837769
MA010120220812585244,블랙박스,수리·개인,자동차 수리·세차,달서구,2729056300,죽전동,2717054000,대구광역시 서구 내당4동,128.546252128532,35.8561002900305,58.309774871420835
MA010120220812654235,거꾸로,소매,섬유·의복·신발 소매,중구,2711056500,성내1동,2711054500,대구광역시 중구 삼덕동,128.598141375895,35.867992119125,40.035276832490474
MA010120220812538254,구트리젠,소매,오락용품 소매,중구,2711056500,성내1동,2711054500,대구광역시 중구 삼덕동,128.596563810942,35.8666163278878,46.47634385738061
MA010120220812652137,생소한뭉티기,음식,한식,북구,2723075000,관음동,2723077000,대구광역시 북구 읍내동,128.547337284457,35.943731707805,14.079101170045906
MA010120220812694886,담담한도자기담을,소매,장식품 소매,수성구,2726052000,범어2동,2726051000,대구광역시 수성구 범어1동,128.627043194395,35.8590883079659,28.91366015426576
MA010120220812542755,만두,음식,기타 간이,수성구,2726059000,수성4가동,2726057000,대구광역시 수성구 수성1가동,128.612772497419,35.8601008001685,25.842956987434498
MA010120220812700324,루나핏,교육,기타 교육,북구,2723068000,검단동,2723067200,대구광역시 북구 복현2동,128.619984518661,35.9065745439889,6.194428639271779
MA010120220812601502,씨유교대하늘채점,소매,종합 소매,남구,2720057100,대명2동,2720060000,대구광역시 남구 대명5동,128.586946003342,35.8489912166891,0.20704219378175429
MA010120220812668356,서문인테리어,과학·기술,전문 디자인,북구,2723077000,읍내동,2723075000,대구광역시 북구 관음동,128.547525143413,35.9414313801926,20.91500518797271
MA010120220812548746,근명청소,시설관리·임대,청소·방제,서구,2717052500,내당2.3동,2717058000,대구광역시 서구 비산4동,128.577797560509,35.8699191966434,9.97133232280424
MA010120220812574895,우포축산,소매,식료품 소매,수성구,2726059000,수성4가동,2726057000,대구광역시 수성구 수성1가동,128.611812767709,35.8602668763743,38.33345317950067
MA010120220812574053,에스와이스토리두찜경북대점,음식,한식,북구,2723063100,산격4동,2723063000,대구광역시 북구 산격3동,128.605030209734,35.8906180058732,17.739497133528594
MA010120220812662013,가꿈뷰티,수리·개인,이용·미용,달서구,2729062500,상인2동,2729061500,대구광역시 달서구 진천동,128.53208340332,35.8141077158505,5.1408557182043575
MA010120220812617137,유림식당,음식,한식,북구,2723063100,산격4동,2723063000,대구광역시 북구 산격3동,128.605058194958,35.8914556907448,5.122945515507449
MA010120220812656271,씨에스기획,과학·기술,광고,중구,2711056500,성내1동,2711069000,대구광역시 중구 대봉2동,128.598203345693,35.8600522216452,18.744454099081995
MA010120220812765117,일산인테리어,과학·기술,전문 디자인,동구,2714062000,불로.봉무동,2714064000,대구광역시 동구 지저동,128.635053388093,35.8981969862089,182.98667962134016
MA010120220812740168,예감굿,소매,섬유·의복·신발 소매,중구,2711057500,성내2동,2711065000,대구광역시 중구 남산2동,128.593342554172,35.864424266825,188.59244919554598
MA010120220812843534,존샘미트,소매,식료품 소매,동구,2714062000,불로.봉무동,2714064000,대구광역시 동구 지저동,128.634935487336,35.8962341204653,400.9556813842904
MA010120220812865462,딥인사이드,소매,섬유·의복·신발 소매,달서구,2729055000,두류3동,2717054000,대구광역시 서구 내당4동,128.556608440642,35.8575525617758,4.0755196487042324
MA010120220812739341,오늘에떡볶이,음식,기타 간이,중구,2711057500,성내2동,2711065000,대구광역시 중구 남산2동,128.593342554172,35.864424266825,188.59244919554598
MA010120220812758843,태리홀릭,소매,섬유·의복·신발 소매,남구,2720054000,봉덕2동,2720055000,대구광역시 남구 봉덕3동,128.60066719033,35.8372384652088,31.78621622518211
MA010120220812825244,유신양행,소매,종합 소매,중구,2711057500,성내2동,2711065000,대구광역시 중구 남산2동,128.593342554172,35.864424266825,188.59244919554598
MA010120220812824891,로민헤어,수리·개인,이용·미용,중구,2711056500,성내1동,2711069000,대구광역시 중구 대봉2동,128.597851007201,35.8601470234688,4.099558592308631
MA010120220812830776,반월당닭강정,음식,기타 간이,중구,2711057500,성내2동,2711065000,대구광역시 중구 남산2동,128.593342554172,35.864424266825,188.59244919554598
MA010120220812840773,보담,음식,비알코올 ,달서구,2729057100,용산1동,2729056300,대구광역시 달서구 죽전동,128.533621874459,35.8509363840684,3.1065101776845756
MA010120220812815865,건축사사무소혜안건축,과학·기술,기술 서비스,수성구,2726051000,범어1동,2726060200,대구광역시 수성구 황금2동,128.625694477345,35.8494193050305,24.764764388399897
MA010120220812757605,비무드,소매,섬유·의복·신발 소매,중구,2711056500,성내1동,2711054500,대구광역시 중구 삼덕동,128.596563810942,35.8666163278878,46.47634385738061
MA010120220812944842,겔러리,소매,섬유·의복·신발 소매,중구,2711057500,성내2동,2711065000,대구광역시 중구 남산2동,128.593342554172,35.864424266825,188.59244919554598
MA010120220813032942,코지다이닝,음식,서양식,남구,2720057100,대명2동,2720060000,대구광역시 남구 대명5동,128.586778582918,35.8489213364009,0.38520328142545174
MA010120220812879073,반월당닭강정,음식,기타 간이,중구,2711057500,성내2동,2711065000,대구광역시 중구 남산2동,128.593342554172,35.864424266825,188.59244919554598
MA010120220812968478,마카국밥국수,음식,한식,동구,2714065500,동촌동,2714064000,대구광역시 동구 지저동,128.643725009217,35.8928249788637,19.488929305828446
MA010120220812955461,에이미어블,소매,섬유·의복·신발 소매,달서구,2729055000,두류3동,2717054000,대구광역시 서구 내당4동,128.556608440642,35.8575525617758,4.0755196487042324
MA010120220812903684,싸다카이,소매,섬유·의복·신발 소매,중구,2711057500,성내2동,2711065000,대구광역시 중구 남산2동,128.593342554172,35.864424266825,188.59244919554598
MA010120220812916279,렌즈미,소매,안경·정밀기기 소매,중구,2711057500,성내2동,2711065000,대구광역시 중구 남산2동,128.593342554172,35.864424266825,188.59244919554598
MA010120220812902620,일공공한의원,보건의료,의원,수성구,2726065100,지산1동,2726060100,대구광역시 수성구 황금1동,128.629817157591,35.8388561318818,20.930139609235887
MA010120220812997864,도연농부,음식,기타 간이,수성구,2726057000,수성1가동,2726061000,대구광역시 수성구 중동,128.612039754793,35.8490626263405,2.8165756493766296
MA010120220812904679,아이트랜드안경.위드렌즈,소매,안경·정밀기기 소매,달서구,2729055000,두류3동,2729055500,대구광역시 달서구 감삼동,128.548514597013,35.8540435557535,25.504548046175714
MA010120220812994062,제이우뷰티,수리·개인,이용·미용,달서구,2729061500,진천동,2729060100,대구광역시 달서구 월성1동,128.524891117281,35.8169567361623,3.946815778179301
MA010120220813032136,해프닝,소매,섬유·의복·신발 소매,중구,2711056500,성내1동,2711054500,대구광역시 중구 삼덕동,128.596111287197,35.8666854222698,20.56935406100351
MA010120220812998822,반함예쁘다,소매,종합 소매,중구,2711056500,성내1동,2711054500,대구광역시 중구 삼덕동,128.598141375895,35.867992119125,40.035276832490474
MA010120220812915081,불로진배기24시,음식,한식,동구,2714065500,동촌동,2714064000,대구광역시 동구 지저동,128.644611798519,35.8944709200867,30.57964173979011
MA010120220812950037,오렌지,소매,섬유·의복·신발 소매,중구,2711057500,성내2동,2711065000,대구광역시 중구 남산2동,128.593342554172,35.864424266825,188.59244919554598
MA010120220813103794,미모델링,수리·개인,이용·미용,중구,2711057500,성내2동,2711065000,대구광역시 중구 남산2동,128.593342554172,35.864424266825,188.59244919554598
MA010120220813142710,모던네일,수리·개인,이용·미용,중구,2711057500,성내2동,2711065000,대구광역시 중구 남산2동,128.593342554172,35.864424266825,188.59244919554598
MA010120220813082298,하우스터디대구감삼스터디카페,예술·스포츠,도서관·사적지,달서구,2729055000,두류3동,2729055500,대구광역시 달서구 감삼동,128.548514597013,35.8540435557535,25.504548046175714
MA010120220813177529,금발헤어,수리·개인,이용·미용,수성구,2726066100,범물1동,2726065100,대구광역시 수성구 지산1동,128.643602688536,35.8241779815653,59.1987776156344
MA010120220813160423,해나네일,수리·개인,이용·미용,중구,2711057500,성내2동,2711065000,대구광역시 중구 남산2동,128.593342554172,35.864424266825,188.59244919554598
MA010120220813063635,류센트,수리·개인,기타 개인,남구,2720053000,봉덕1동,2720051500,대구광역시 남구 이천동,128.597742855167,35.8497943098699,48.57334449573684
MA010120220813159902,피에스,음식,비알코올 ,중구,2711056500,성내1동,2711054500,대구광역시 중구 삼덕동,128.597098950178,35.8656990586793,16.520109813673198
MA010120220813114432,총각,음식,구내식당·뷔페,달서구,2729057700,이곡2동,2729058500,대구광역시 달서구 신당동,128.492618817673,35.8371514160407,664.2359912730477
MA010120220813054685,사랑이샵,소매,기타 생활용품 소매,달서구,2729055500,감삼동,2729056300,대구광역시 달서구 죽전동,128.545177924444,35.8543658778125,106.29005506394931
MA010120220813138119,커피바이트,음식,비알코올 ,달서구,2729055500,감삼동,2729056300,대구광역시 달서구 죽전동,128.542453310708,35.8525715534921,36.44320296190082
MA010120220813179843,라솝,소매,섬유·의복·신발 소매,중구,2711056500,성내1동,2711054500,대구광역시 중구 삼덕동,128.595586163551,35.8669987881214,7.416756422431015
MA010120220813075075,못난이식당,음식,한식,동구,2714073000,안심2동,2714068500,대구광역시 동구 해안동,128.677448517558,35.8776791880708,5.346127724973963
MA010120220813112352,설카페,음식,비알코올 ,남구,2720054000,봉덕2동,2720055000,대구광역시 남구 봉덕3동,128.601273767308,35.8354821579818,18.979086558124383
MA010120220813141915,박가네장어,음식,한식,동구,2714065500,동촌동,2714064000,대구광역시 동구 지저동,128.644251730106,35.8941965003334,45.81827253044456
MA010120220813121476,홍주다방,음식,비알코올 ,서구,2717059000,비산5동,2717061000,대구광역시 서구 비산7동,128.563888305778,35.8877635746212,13.591827114954256
MA010120220813074145,수성복국,음식,한식,수성구,2726059000,수성4가동,2726057000,대구광역시 수성구 수성1가동,128.613082191362,35.8600876302153,17.601737413254796
MA010120220813200338,혁신에스에스,소매,연료 소매,동구,2714073000,안심2동,2714075500,대구광역시 동구 혁신동,128.708575585526,35.878321716294,56.86840928556307
MA010120220813109565,스파크,과학·기술,전문 디자인,중구,2711056500,성내1동,2711054500,대구광역시 중구 삼덕동,128.598141375895,35.867992119125,40.035276832490474
MA010120220813199220,이투커피앤요리학원,교육,기타 교육,달서구,2729055500,감삼동,2729056300,대구광역시 달서구 죽전동,128.542051781358,35.8524145009007,36.83596622868855
MA010120220813209093,8월,과학·기술,전문 디자인,동구,2714060000,효목2동,2714054000,대구광역시 동구 신암4동,128.636123693774,35.8807814985143,27.78128077279524
MA010120220813136041,태검커뮤니케이션,과학·기술,본사·경영 컨설팅,남구,2720057100,대명2동,2711064000,대구광역시 중구 남산1동,128.590133789037,35.8567529888649,7.15574885872854
MA010120220813237819,신성기업,소매,가구 소매,수성구,2726059000,수성4가동,2726057000,대구광역시 수성구 수성1가동,128.609861417474,35.8612122099842,0.42828020588200383
MA010120220813242426,삼협건축사사무소,과학·기술,기술 서비스,중구,2711056500,성내1동,2711069000,대구광역시 중구 대봉2동,128.598203345693,35.8600522216452,18.744454099081995
MA010120220813278657,바른정치과의원,보건의료,의원,남구,2720054000,봉덕2동,2720053000,대구광역시 남구 봉덕1동,128.603750756443,35.8441812255198,53.209262387566135
MA010120220813374898,경주떡방앗간,음식,기타 간이,달서구,2729057100,용산1동,2729056300,대구광역시 달서구 죽전동,128.533624130263,35.8510535052834,1.4409273894319874
MA010120220813281496,옛날장터국밥,음식,한식,남구,2720066000,대명11동,2720061000,대구광역시 남구 대명6동,128.561621037055,35.8371305078035,7.429994061926822
MA010120220813378357,제이네일,수리·개인,이용·미용,달서구,2729055500,감삼동,2729056300,대구광역시 달서구 죽전동,128.541121780448,35.852976138326,129.83141119799362
MA010120220813342755,길짜장,음식,중식,동구,2714074700,안심4동,2714072000,대구광역시 동구 안심1동,128.708408856655,35.8700427390608,8.702569743738925
MA010120220813290122,대구반월당빽다방,음식,비알코올 ,중구,2711057500,성내2동,2711065000,대구광역시 중구 남산2동,128.593342554172,35.864424266825,188.59244919554598
MA010120220813385718,사진관집,과학·기술,사진 촬영,달서구,2729056300,죽전동,2717054000,대구광역시 서구 내당4동,128.547508316466,35.8558047569548,90.07060867797144
MA010120220813324281,뽕산베이프,소매,담배 소매,중구,2711054500,삼덕동,2711056500,대구광역시 중구 성내1동,128.599778886441,35.8640863936773,2.763812589881903
MA010120220813256896,브로커피,음식,비알코올 ,달서구,2729055500,감삼동,2729056300,대구광역시 달서구 죽전동,128.54557881805,35.853919156121,45.63726258451994
MA010120220813355688,퍼퓸72,교육,기타 교육,중구,2711056500,성내1동,2711054500,대구광역시 중구 삼덕동,128.597139051896,35.8682487603793,11.22021522109351
MA010120220813387624,빅힐애널리틱스,과학·기술,본사·경영 컨설팅,북구,2723064500,대현동,2723063000,대구광역시 북구 산격3동,128.614323869788,35.8890966568548,346.90678140699237
MA010120220813325937,한큐당구클럽,예술·스포츠,스포츠 서비스,수성구,2726059000,수성4가동,2726057000,대구광역시 수성구 수성1가동,128.612810444579,35.8603345875396,0.3123956218653644
MA010120220813358870,명품리슈빌부동산중개,부동산,부동산 서비스,남구,2720066000,대명11동,2720061000,대구광역시 남구 대명6동,128.561621037055,35.8371305078035,7.429994061926822
MA010120220813303686,루체헤어,수리·개인,이용·미용,중구,2711056500,성내1동,2711054500,대구광역시 중구 삼덕동,128.598605335128,35.8679408876848,45.87850875359127
MA010120220813310381,나자르케밥,음식,서양식,중구,2711056500,성내1동,2711054500,대구광역시 중구 삼덕동,128.599122643089,35.8677898184842,62.81443663608071
MA010120220813266862,양지테니스장,예술·스포츠,스포츠 서비스,북구,2723077000,읍내동,2723075000,대구광역시 북구 관음동,128.545306434375,35.9487051296661,66.77294186722557
MA010120220813276439,대경,음식,구내식당·뷔페,달서구,2729057700,이곡2동,2729058500,대구광역시 달서구 신당동,128.494930298184,35.8435569654622,447.7107505185573
MA010120220813358175,한마음축산물프라자,소매,식료품 소매,수성구,2726066200,범물2동,2726066100,대구광역시 수성구 범물1동,128.644630905764,35.8177027198618,27.122960866466176
MA010120220813272083,네일블로썸,수리·개인,이용·미용,중구,2711057500,성내2동,2711065000,대구광역시 중구 남산2동,128.593342554172,35.864424266825,188.59244919554598
MA010120220813474217,응급실국물떡볶이대구,음식,기타 간이,중구,2711056500,성내1동,2711054500,대구광역시 중구 삼덕동,128.597074102441,35.8655642175822,5.044002627301487
MA010120220813419254,연우서점,소매,오락용품 소매,달서구,2729065000,본동,2729060200,대구광역시 달서구 월성2동,128.530329816715,35.8339915828487,85.7074834309557
MA010120220813390173,미광공인중개사사무소,부동산,부동산 서비스,달서구,2729056800,장기동,2729057600,대구광역시 달서구 이곡1동,128.515987114992,35.8502500467251,2.0994541834315057
MA010120220813473783,샛별유통,소매,종합 소매,서구,2717067500,상중이동,2717054000,대구광역시 서구 내당4동,128.544879827859,35.8601100472605,50.10524028280811
MA010120220813429588,녹색구내매점,음식,구내식당·뷔페,달서구,2729057700,이곡2동,2729058500,대구광역시 달서구 신당동,128.494580325389,35.8420113239689,481.10189731654015
MA010120220813550541,워시엔조이셀프빨래방,수리·개인,세탁,수성구,2726065200,지산2동,2726066200,대구광역시 수성구 범물2동,128.637024170457,35.8190411472347,23.091612523881402
MA010120220813433323,홍콩할매불닭발사대부고점,음식,한식,중구,2711068000,대봉1동,2711056500,대구광역시 중구 성내1동,128.599965969411,35.8634801358771,7.812835286793361
MA010120220813439213,봄향악세사리,소매,섬유·의복·신발 소매,중구,2711056500,성내1동,2711054500,대구광역시 중구 삼덕동,128.596110428311,35.8682984799347,5.347830054355965
MA010120220813433622,디노튼,소매,섬유·의복·신발 소매,중구,2711056500,성내1동,2711054500,대구광역시 중구 삼덕동,128.59601022949,35.8666146737015,8.534233626668389
MA010120220813414423,체인지바디짐,예술·스포츠,스포츠 서비스,수성구,2726059000,수성4가동,2726057000,대구광역시 수성구 수성1가동,128.613591456645,35.8600898015406,1.5674884550018118
MA010120220813548406,빈티지구오,소매,섬유·의복·신발 소매,중구,2711057500,성내2동,2711065000,대구광역시 중구 남산2동,128.593342554172,35.864424266825,188.59244919554598
MA010120220813464058,대구동구아이폰수리아이폰AS센터,소매,가전·통신 소매,동구,2714074700,안심4동,2714072000,대구광역시 동구 안심1동,128.708308128483,35.8694764620007,9.425521031196059
MA010120220813528570,등대조명,소매,기타 생활용품 소매,중구,2711056500,성내1동,2711051700,대구광역시 중구 동인동,128.601024809618,35.8731893530554,4.132132109694932
MA010120220813551867,올리비아하슬러,소매,섬유·의복·신발 소매,중구,2711057500,성내2동,2711065000,대구광역시 중구 남산2동,128.593342554172,35.864424266825,188.59244919554598
MA010120220813535966,명성육가공,소매,식료품 소매,수성구,2726065100,지산1동,2726060100,대구광역시 수성구 황금1동,128.629695085248,35.8388397649167,9.768044901867079
MA010120220813455386,사교더소셜클럽,음식,주점,남구,2720054000,봉덕2동,2720053000,대구광역시 남구 봉덕1동,128.603521477983,35.8443374806528,60.69064394241034
MA010120220813714020,일월,과학·기술,전문 디자인,동구,2714062000,불로.봉무동,2714064000,대구광역시 동구 지저동,128.630843728987,35.8981461038586,289.8036762492071
MA010120220813632529,스테이크벤또,음식,서양식,남구,2720056000,대명1동,2720059000,대구광역시 남구 대명4동,128.577253578973,35.8458206569201,29.940285681169623
MA010120220813572130,정선만장대홈십사호,교육,기타 교육,수성구,2726064000,두산동,2726065200,대구광역시 수성구 지산2동,128.626193239557,35.824513968622,64.45967426537865
MA010120220813646785,윤순영패션봉덕점,소매,섬유·의복·신발 소매,남구,2720054000,봉덕2동,2720053000,대구광역시 남구 봉덕1동,128.602657873265,35.8443219698328,27.584582271539702
MA010120220813681422,반월당금거래소,소매,시계·귀금속 소매,중구,2711057500,성내2동,2711065000,대구광역시 중구 남산2동,128.593342554172,35.864424266825,188.59244919554598
MA010120220813660696,투게더탁구장,예술·스포츠,스포츠 서비스,중구,2711067000,남산4동,2711065000,대구광역시 중구 남산2동,128.582106084742,35.8644376256377,25.16202634997019
MA010120220813649319,두남자의명작,과학·기술,사진 촬영,북구,2723077000,읍내동,2723073500,대구광역시 북구 태전2동,128.550079301959,35.9326303272708,10.031129625649731
MA010120220813613724,석우축산물판매장,소매,식료품 소매,서구,2717062000,평리1동,2717055000,대구광역시 서구 비산1동,128.565271599662,35.8804012188903,26.02037741308039
MA010120220813647388,모찌게임장,예술·스포츠,유원지·오락,중구,2711056500,성내1동,2711054500,대구광역시 중구 삼덕동,128.598141375895,35.867992119125,40.035276832490474
MA010120220813736885,아티코,음식,서양식,수성구,2726064000,두산동,2726065200,대구광역시 수성구 지산2동,128.626864570681,35.8270461095414,3.3987663135020743
MA010120220813659861,초이스,소매,섬유·의복·신발 소매,중구,2711057500,성내2동,2711065000,대구광역시 중구 남산2동,128.593342554172,35.864424266825,188.59244919554598
MA010120220813718473,유림식당,음식,한식,북구,2723063100,산격4동,2723063000,대구광역시 북구 산격3동,128.605058194958,35.8914556907448,5.122945515507449
MA010120220813589970,다담아,소매,섬유·의복·신발 소매,중구,2711057500,성내2동,2711065000,대구광역시 중구 남산2동,128.593342554172,35.864424266825,188.59244919554598
MA010120220813611876,할매국집,음식,한식,달서구,2729065000,본동,2729060200,대구광역시 달서구 월성2동,128.530584989931,35.8346011192061,14.587652389274696
MA010120220813598948,정미용소,수리·개인,이용·미용,수성구,2726057000,수성1가동,2726061000,대구광역시 수성구 중동,128.61189626815,35.8490825745437,0.13882108205849425
MA010120220813841248,색안경,소매,안경·정밀기기 소매,중구,2711057500,성내2동,2711065000,대구광역시 중구 남산2동,128.593342554172,35.864424266825,188.59244919554598
MA010120220813837928,대기서남엘피지충전소,소매,연료 소매,달서구,2729055500,감삼동,2729056300,대구광역시 달서구 죽전동,128.544652780752,35.8535435715592,45.41323080351812
MA010120220813794914,모든종합렌탈,시설관리·임대,산업용품 대여,동구,2714068500,해안동,2714065500,대구광역시 동구 동촌동,128.661765180292,35.8859263158997,12.24867339695247
MA010120220813779517,구멍가게,소매,종합 소매,서구,2717052500,내당2.3동,2717058000,대구광역시 서구 비산4동,128.576339369742,35.8689651064173,16.204325859689735
MA010120220813845576,푸르윤스튜디오,교육,기타 교육,북구,2723057000,침산3동,2723052600,대구광역시 북구 칠성동,128.586490569367,35.8861153729917,45.70939079304165
MA010120220813877704,한마음찻집,음식,비알코올 ,남구,2720066000,대명11동,2720061000,대구광역시 남구 대명6동,128.562208186184,35.8360324810746,3.6210057060349143
MA010120220813848653,유에스뷰티,수리·개인,이용·미용,남구,2720054000,봉덕2동,2720055000,대구광역시 남구 봉덕3동,128.601324902967,35.8358239122841,6.5296026381140235
MA010120220813794720,앤트타투,수리·개인,이용·미용,중구,2711057500,성내2동,2711065000,대구광역시 중구 남산2동,128.593342554172,35.864424266825,188.59244919554598
MA010120220813866105,으뜸플러스안경,소매,안경·정밀기기 소매,수성구,2726056100,만촌3동,2726056000,대구광역시 수성구 만촌2동,128.646280411254,35.8584477153286,9.093019626813895
MA010120220813759078,대구스포츠,소매,오락용품 소매,수성구,2726056000,만촌2동,2726055000,대구광역시 수성구 만촌1동,128.650933651527,35.8677106085185,121.69749794624136
MA010120220813818449,죽전역청춘빈대떡,음식,주점,달서구,2729055500,감삼동,2729056300,대구광역시 달서구 죽전동,128.541029761682,35.8527970882387,115.68594433443927
MA010120220813917397,위드모터스,수리·개인,자동차 수리·세차,동구,2714072000,안심1동,2714074700,대구광역시 동구 안심4동,128.708201390712,35.8665673399119,23.619619773528367
MA010120220813911025,아워홈동산의료원장례식장점,수리·개인,장례식장 ,중구,2711057500,성내2동,2711059500,대구광역시 중구 대신동,128.582519216024,35.8701814887016,6.348609135858735
MA010120220813809736,옷수선,수리·개인,기타 가정용품 수리,중구,2711057500,성내2동,2711065000,대구광역시 중구 남산2동,128.593342554172,35.864424266825,188.59244919554598
MA010120220814070008,디자인판도라미술학원,교육,기타 교육,수성구,2726056100,만촌3동,2726056000,대구광역시 수성구 만촌2동,128.64650099797,35.8584086463929,9.366207305040968
MA010120220813983661,더드림,수리·개인,가전제품 수리,동구,2714062000,불로.봉무동,2714064000,대구광역시 동구 지저동,128.63404176996,35.8958587991448,454.0504009682264
MA010120220813997410,스터디카페구겐하임만촌역점,예술·스포츠,도서관·사적지,수성구,2726056100,만촌3동,2726056000,대구광역시 수성구 만촌2동,128.64650099797,35.8584086463929,9.366207305040968
MA010120220813970281,검단자동차정비검사소,수리·개인,자동차 수리·세차,북구,2723068000,검단동,2723062000,대구광역시 북구 산격2동,128.61085359328,35.9123925826076,47.35491133815629
MA010120220814084553,요거트아이스크림의정석,음식,기타 간이,북구,2723074500,구암동,2723073500,대구광역시 북구 태전2동,128.55190892499,35.9236313218376,64.75540832911592
MA010120220813928754,깨비인테리어전기.조명,과학·기술,전문 디자인,동구,2714065500,동촌동,2714064000,대구광역시 동구 지저동,128.643230248967,35.893534634611,94.89616814964545
MA010120220813953064,삼육오식당,음식,한식,달서구,2729056300,죽전동,2717054000,대구광역시 서구 내당4동,128.545743229709,35.8561158509827,35.615352388746224
MA010120220814048523,디에스바이오텍,소매,섬유·의복·신발 소매,달서구,2729055000,두류3동,2729055500,대구광역시 달서구 감삼동,128.548514597013,35.8540435557535,25.504548046175714
MA010120220814038484,엄마집밥,음식,한식,중구,2711057500,성내2동,2711065000,대구광역시 중구 남산2동,128.593342554172,35.864424266825,188.59244919554598
MA010120220814023286,오복상회,소매,섬유·의복·신발 소매,달서구,2729055500,감삼동,2729056300,대구광역시 달서구 죽전동,128.545901671321,35.8540141285612,40.78507140231305
MA010120220813946923,로얄노래주점,음식,주점,동구,2714065500,동촌동,2714064000,대구광역시 동구 지저동,128.644507681174,35.8942560743198,28.1948469800371
MA010120220814044886,다나,음식,서양식,중구,2711056500,성내1동,2711054500,대구광역시 중구 삼덕동,128.596413601245,35.8663029243271,13.486016361401802
MA010120220813935837,강구태희망정형외과의원,보건의료,의원,중구,2711054500,삼덕동,2711056500,대구광역시 중구 성내1동,128.599229486836,35.8642919613585,8.39213233441903
MA010120220813992179,베베카크린,수리·개인,세탁,달성군,2771025900,유가읍,2771026500,대구광역시 달성군 현풍읍,128.44893103918,35.6734103861086,26.38179710790277
MA010120220814084924,한솥도시락대구감삼역점,음식,한식,달서구,2729055000,두류3동,2729055500,대구광역시 달서구 감삼동,128.548514597013,35.8540435557535,25.504548046175714
MA010120220813961248,리빙플라워,소매,식물 소매,중구,2711057500,성내2동,2711065000,대구광역시 중구 남산2동,128.593342554172,35.864424266825,188.59244919554598
MA010120220813935940,하나e여행,시설관리·임대,여행사·보조,남구,2720053000,봉덕1동,2720051500,대구광역시 남구 이천동,128.597742855167,35.8497943098699,48.57334449573684
MA010120220813956257,씨티씨커피,음식,비알코올 ,중구,2711066000,남산3동,2711065000,대구광역시 중구 남산2동,128.586756027995,35.8633399707236,1.599177088959215
MA010120220813931371,스터닝마켓,소매,섬유·의복·신발 소매,중구,2711056500,성내1동,2711054500,대구광역시 중구 삼덕동,128.597711344158,35.8680789431822,30.255494261414526
MA010120220814008178,고도레트로,음식,주점,중구,2711056500,성내1동,2711054500,대구광역시 중구 삼덕동,128.596764522457,35.8661360538399,25.360877216539826
MA010120220813938510,이영국비뇨기과의원,보건의료,의원,달서구,2729055000,두류3동,2729055500,대구광역시 달서구 감삼동,128.548514597013,35.8540435557535,25.504548046175714
MA010120220814163808,노블뷰티,수리·개인,이용·미용,북구,2723057000,침산3동,2723052600,대구광역시 북구 칠성동,128.586490569367,35.8861153729917,45.70939079304165
MA010120220814149785,컴포즈커피,음식,비알코올 ,달서구,2729055000,두류3동,2729055500,대구광역시 달서구 감삼동,128.548514597013,35.8540435557535,25.504548046175714
MA010120220814103930,베이커리카페르방,음식,비알코올 ,남구,2720057100,대명2동,2720051500,대구광역시 남구 이천동,128.5950792848,35.8516500195528,1.213601966238464
MA010120220814162872,명인시스템,소매,중고 상품 소매,북구,2723075000,관음동,2723077000,대구광역시 북구 읍내동,128.546898119234,35.94564778441,18.25682091381625
MA010120220814204112,조이갤러리,소매,섬유·의복·신발 소매,중구,2711057500,성내2동,2711065000,대구광역시 중구 남산2동,128.593342554172,35.864424266825,188.59244919554598
MA010120220814116548,월랑,음식,주점,중구,2711056500,성내1동,2711054500,대구광역시 중구 삼덕동,128.599184139662,35.8680953882063,28.940384362443453
MA010120220814261210,월드디자인,과학·기술,전문 디자인,달서구,2729057700,이곡2동,2729058500,대구광역시 달서구 신당동,128.494778322533,35.836637943089,469.9332840531008
MA010120220814122905,뷰티나,소매,섬유·의복·신발 소매,동구,2714065500,동촌동,2714064000,대구광역시 동구 지저동,128.642288046299,35.8902764115619,25.420388168662644
MA010120220814244087,대한구내매점,음식,구내식당·뷔페,달서구,2729057700,이곡2동,2729058500,대구광역시 달서구 신당동,128.494662946124,35.8428754100303,472.6423207955532
MA010120220814253019,도나플로르,수리·개인,이용·미용,동구,2714068500,해안동,2714065500,대구광역시 동구 동촌동,128.659202795595,35.8841234398716,2.5334104547137275
MA010120220814239281,동양정수기,소매,가전·통신 소매,달서구,2729062600,상인3동,2729062800,대구광역시 달서구 도원동,128.551345571452,35.8067234562842,4.108766255769161
MA010120220814166008,아로마앤바디,소매,의약·화장품 소매,중구,2711057500,성내2동,2711065000,대구광역시 중구 남산2동,128.593342554172,35.864424266825,188.59244919554598
MA010120220814160941,폰케이스매장,소매,섬유·의복·신발 소매,중구,2711057500,성내2동,2711065000,대구광역시 중구 남산2동,128.593342554172,35.864424266825,188.59244919554598
MA010120220814184324,오뚜기튀김,음식,기타 간이,달서구,2729055500,감삼동,2729056300,대구광역시 달서구 죽전동,128.546557921621,35.8541769005098,27.981817004894797
MA010120220814248376,케이투,음식,주점,동구,2714065500,동촌동,2714064000,대구광역시 동구 지저동,128.644098856352,35.8937660499857,36.553222408298765
MA010120220814341798,까까머리미용실,수리·개인,이용·미용,달서구,2729055500,감삼동,2729056300,대구광역시 달서구 죽전동,128.544743194545,35.8559214500702,276.5681178108682
MA010120220814321838,미앤느,소매,섬유·의복·신발 소매,중구,2711056500,성내1동,2711054500,대구광역시 중구 삼덕동,128.597218127337,35.8661210112491,55.26188744967271
MA010120220814311320,예담푸드,음식,구내식당·뷔페,달서구,2729057700,이곡2동,2729058500,대구광역시 달서구 신당동,128.499296734064,35.8426825005429,54.38572001739849
MA010120220814361239,반월당명성약국,소매,의약·화장품 소매,중구,2711057500,성내2동,2711065000,대구광역시 중구 남산2동,128.593342554172,35.864424266825,188.59244919554598
MA0101202209A0019093,효성꽃집,소매,식물 소매,남구,2720054000,봉덕2동,2720055000,대구광역시 남구 봉덕3동,128.600376223282,35.8381795337622,35.64017821011792
MA0101202209A0003408,한열건축사사무소,과학·기술,기술 서비스,동구,2714051000,신암1동,2723064500,대구광역시 북구 대현동,128.612436721058,35.8823184181506,1.9943446999475907
MA0101202209A0014554,카페윌리스오피스,음식,비알코올 ,중구,2711056500,성내1동,2711054500,대구광역시 중구 삼덕동,128.596885365954,35.8660893901026,30.23334389571648
MA010120220814329609,반월당정가정의학과의원,보건의료,의원,중구,2711054500,삼덕동,2711056500,대구광역시 중구 성내1동,128.599229486836,35.8642919613585,8.39213233441903
MA010120220814352753,블라썸유뷰티샵,수리·개인,이용·미용,중구,2711056500,성내1동,2711054500,대구광역시 중구 삼덕동,128.596866664856,35.8662608559501,41.39001695413692
MA010120220814319283,휠플레이,수리·개인,자동차 수리·세차,서구,2717066100,평리6동,2717067500,대구광역시 서구 상중이동,128.545866901216,35.8795802043953,69.66445785696274
MA010120220814364859,빈이네생고기집,음식,한식,서구,2717059000,비산5동,2717061000,대구광역시 서구 비산7동,128.564597905782,35.8866819687969,7.408213872661947
MA010120220814338143,이비인후과,보건의료,의원,중구,2711067000,남산4동,2711065000,대구광역시 중구 남산2동,128.582074994587,35.8639874623736,10.563929435638137
MA0101202209A0044096,큐사랑,수리·개인,이용·미용,남구,2720066000,대명11동,2720061000,대구광역시 남구 대명6동,128.562261385932,35.8359236511062,2.8352331912038373
MA010120220814358351,아이씨티전산SYS,소매,가전·통신 소매,달서구,2729056300,죽전동,2717067500,대구광역시 서구 상중이동,128.540029079474,35.8582889276902,3.7175145227413933
MA0101202209A0034828,필라르,과학·기술,사진 촬영,중구,2711056500,성내1동,2711054500,대구광역시 중구 삼덕동,128.59703575785,35.8664118020746,63.889339429433505
MA010120220814298779,올드스쿨게러지,수리·개인,모터사이클 수리,동구,2714073000,안심2동,2714068500,대구광역시 동구 해안동,128.677702346904,35.8776395970715,0.5678579324200465
MA010120220814378473,허갈닭강정,음식,기타 간이,달서구,2729056300,죽전동,2717054000,대구광역시 서구 내당4동,128.547642902107,35.8553254128416,51.23386103260955
MA010120220814317854,유헤어동성로,수리·개인,이용·미용,중구,2711056500,성내1동,2711054500,대구광역시 중구 삼덕동,128.597098950178,35.8656990586793,16.520109813673198
MA0101202210A0022810,제이투,시설관리·임대,고용 알선,수성구,2726066100,범물1동,2726065100,대구광역시 수성구 지산1동,128.643602688536,35.8241779815653,59.1987776156344
MA0101202210A0015845,오드리여성한의원,보건의료,의원,수성구,2726059000,수성4가동,2726057000,대구광역시 수성구 수성1가동,128.613591456645,35.8600898015406,1.5674884550018118
MA0101202210A0080833,보쉬카서비스모터프라자독일,수리·개인,자동차 수리·세차,수성구,2726065200,지산2동,2726066200,대구광역시 수성구 범물2동,128.637069934633,35.8196533017768,35.24221108260261
MA0101202210A0089575,엘스트링,소매,기타 생활용품 소매,남구,2720057100,대명2동,2711064000,대구광역시 중구 남산1동,128.590010975948,35.8567005458134,1.010197152332938
MA0101202210A0010888,브랜딩1113,과학·기술,전문 디자인,달서구,2729055500,감삼동,2729056300,대구광역시 달서구 죽전동,128.547215750228,35.8544207521554,22.986068657005863
MA0101202209A0073395,미애부헤어,수리·개인,이용·미용,동구,2714062000,불로.봉무동,2714064000,대구광역시 동구 지저동,128.630843728987,35.8981461038586,289.8036762492071
MA0101202210A0063277,리빙플라워,소매,식물 소매,중구,2711057500,성내2동,2711065000,대구광역시 중구 남산2동,128.593342554172,35.864424266825,188.59244919554598
MA0101202210A0003619,슈가,소매,섬유·의복·신발 소매,달서구,2729055000,두류3동,2717054000,대구광역시 서구 내당4동,128.556608440642,35.8575525617758,4.0755196487042324
MA0101202210A0001810,사교더소셜클럽,음식,서양식,남구,2720054000,봉덕2동,2720053000,대구광역시 남구 봉덕1동,128.603521477983,35.8443374806528,60.69064394241034
MA0101202210A0038630,정원식당,음식,한식,수성구,2726051000,범어1동,2726060200,대구광역시 수성구 황금2동,128.626047652329,35.8493694680685,2.1640096427393796
MA0101202210A0033922,더바디2.0의원,보건의료,의원,중구,2711054500,삼덕동,2711056500,대구광역시 중구 성내1동,128.599229486836,35.8642919613585,8.39213233441903
MA0101202209A0077449,이화원,음식,중식,수성구,2726065100,지산1동,2726060100,대구광역시 수성구 황금1동,128.629842239243,35.8384592889746,18.0670516224088
MA0101202212A0010406,보다나은네일,수리·개인,이용·미용,중구,2711057500,성내2동,2711065000,대구광역시 중구 남산2동,128.593342554172,35.864424266825,188.59244919554598
MA0101202211A0100856,대남조형연구소,과학·기술,전문 디자인,남구,2720054000,봉덕2동,2720055000,대구광역시 남구 봉덕3동,128.600376223282,35.8381795337622,35.64017821011792
MA0101202211A0032175,카페봄봄상원점,음식,비알코올 ,달서구,2729062400,상인1동,2729061500,대구광역시 달서구 진천동,128.530267890782,35.8198171600857,1.4982347680018828
MA0101202211A0029146,7세븐라이브,음식,주점,서구,2717059000,비산5동,2717061000,대구광역시 서구 비산7동,128.563523224643,35.8883450613577,15.578459581559978
MA0101202211A0058817,메모베이크,음식,비알코올 ,북구,2723074500,구암동,2723073500,대구광역시 북구 태전2동,128.55190892499,35.9236313218376,64.75540832911592
MA0101202211A0077382,클래시classy,소매,섬유·의복·신발 소매,중구,2711057500,성내2동,2711065000,대구광역시 중구 남산2동,128.593342554172,35.864424266825,188.59244919554598
MA0101202211A0093299,화랑푸드,음식,한식,북구,2723063100,산격4동,2723063000,대구광역시 북구 산격3동,128.605048919498,35.8909962340307,12.583888519303718
MA0101202211A0082042,에스와이물류,시설관리·임대,기타 사업 서비스,동구,2714062000,불로.봉무동,2714064000,대구광역시 동구 지저동,128.629735627402,35.9002788151572,36.46241319687828
MA0101202211A0002183,드라코바버하우스,수리·개인,이용·미용,수성구,2726059000,수성4가동,2726057000,대구광역시 수성구 수성1가동,128.609925998385,35.8611212302088,7.900933206765586
MA0101202211A0038441,반한나스튜디오,과학·기술,사진 촬영,중구,2711056500,성내1동,2711054500,대구광역시 중구 삼덕동,128.597469471239,35.8681632632775,20.81851472861683
MA0101202211A0094745,승리수산,소매,식료품 소매,달서구,2729055500,감삼동,2729056300,대구광역시 달서구 죽전동,128.546235766846,35.8541179669364,36.30401185370287
MA0101202211A0017646,포토제닉,과학·기술,사진 촬영,중구,2711057500,성내2동,2711065000,대구광역시 중구 남산2동,128.593342554172,35.864424266825,188.59244919554598
MA0101202212A0009216,대구축산동물병원,과학·기술,수의,중구,2711068000,대봉1동,2711056500,대구광역시 중구 성내1동,128.59993077456,35.8633814789318,12.92640518198732
MA0101202211A0076500,늘솜필라테스,교육,기타 교육,수성구,2726059000,수성4가동,2726057000,대구광역시 수성구 수성1가동,128.610693772854,35.8607685032667,20.813199944924758
MA0101202211A0046044,서대구통신,소매,가전·통신 소매,서구,2717059000,비산5동,2717061000,대구광역시 서구 비산7동,128.564458236944,35.8869000632546,8.376998897108226
MA0101202212A0023434,해브아워,음식,서양식,중구,2711056500,성내1동,2711054500,대구광역시 중구 삼덕동,128.597313792734,35.8681292880398,24.533250750573274
MA0101202211A0019849,뷰티제이,소매,의약·화장품 소매,서구,2717062000,평리1동,2717055000,대구광역시 서구 비산1동,128.563800338687,35.8804744549791,2.82081623935077
MA0101202211A0093331,효성부동산공인중개사사무소,부동산,부동산 서비스,남구,2720054000,봉덕2동,2720055000,대구광역시 남구 봉덕3동,128.600335767801,35.8383693134128,34.80789433332525
MA0101202212A0008216,몬스터커피황금,음식,비알코올 ,수성구,2726065100,지산1동,2726060100,대구광역시 수성구 황금1동,128.629941442021,35.8389806057966,33.68358765785046
MA0101202301A0061536,오무하무,음식,서양식,중구,2711056500,성내1동,2711054500,대구광역시 중구 삼덕동,128.597098950178,35.8656990586793,16.520109813673198
MA0101202212A0055004,감삼스퀘어관리단,시설관리·임대,시설관리,달서구,2729055000,두류3동,2729055500,대구광역시 달서구 감삼동,128.548514597013,35.8540435557535,25.504548046175714
MA0101202301A0035583,카카리쿠르팅유료직업소개소,시설관리·임대,고용 알선,달서구,2729055500,감삼동,2729056300,대구광역시 달서구 죽전동,128.547215750228,35.8544207521554,22.986068657005863
MA0101202212A0094241,네일엔또,수리·개인,이용·미용,중구,2711057500,성내2동,2711065000,대구광역시 중구 남산2동,128.593342554172,35.864424266825,188.59244919554598
MA0101202301A0046668,순수헤어,수리·개인,이용·미용,중구,2711057500,성내2동,2711065000,대구광역시 중구 남산2동,128.593342554172,35.864424266825,188.59244919554598
MA0101202301A0069140,달라크레페,음식,기타 간이,동구,2714074200,안심3동,2714074700,대구광역시 동구 안심4동,128.732913834238,35.8712596123647,4.527261035497489
MA0101202301A0026373,웨딩올인결혼,수리·개인,기타 개인,중구,2711058500,성내3동,2717056500,대구광역시 서구 비산2·3동,128.578480022366,35.8758577852923,20.52254672256635
MA0101202301A0020477,민지닭나라,소매,식료품 소매,달서구,2729055500,감삼동,2729056300,대구광역시 달서구 죽전동,128.546235766846,35.8541179669364,36.30401185370287
MA0101202301A0010741,골프빌런대구경북총판,소매,오락용품 소매,달서구,2729056800,장기동,2729055500,대구광역시 달서구 감삼동,128.532626503501,35.8458034949813,80.71693437166763
MA0101202212A0092713,사계절,소매,섬유·의복·신발 소매,중구,2711057500,성내2동,2711065000,대구광역시 중구 남산2동,128.593342554172,35.864424266825,188.59244919554598
MA0101202212A0081802,반월당자연사랑약국,소매,의약·화장품 소매,중구,2711057500,성내2동,2711065000,대구광역시 중구 남산2동,128.593342554172,35.864424266825,188.59244919554598
MA0101202301A0041742,뽀송,소매,섬유·의복·신발 소매,서구,2717062000,평리1동,2717055000,대구광역시 서구 비산1동,128.565344835087,35.8801839893774,4.142029457261158
MA0101202301A0012752,제이미부티크,수리·개인,이용·미용,중구,2711056500,성내1동,2711054500,대구광역시 중구 삼덕동,128.59712835694,35.8655094275688,4.777626954419085
MA0101202212A0087304,무보까국밥,음식,한식,달서구,2729055000,두류3동,2729055500,대구광역시 달서구 감삼동,128.548575213425,35.8537453943566,10.210763662308882
MA0101202212A0046433,빅마우스,과학·기술,광고,달서구,2729055500,감삼동,2729056300,대구광역시 달서구 죽전동,128.547215750228,35.8544207521554,22.986068657005863
MA0101202212A0065194,모토호야,소매,모터사이클 소매,동구,2714073000,안심2동,2714068500,대구광역시 동구 해안동,128.677714366042,35.8776844856691,5.528210135960483
MA0101202212A0062837,수컨설팅,과학·기술,본사·경영 컨설팅,동구,2714062000,불로.봉무동,2714064000,대구광역시 동구 지저동,128.634500105592,35.8976818621185,247.8083816444659
MA0101202212A0095281,쥬드대구,소매,시계·귀금속 소매,남구,2720053000,봉덕1동,2720051500,대구광역시 남구 이천동,128.597742855167,35.8497943098699,48.57334449573684
MA0101202302A0069049,다인솔루션,과학·기술,광고,달서구,2729055500,감삼동,2729056300,대구광역시 달서구 죽전동,128.547215750228,35.8544207521554,22.986068657005863
MA0101202301A0099809,요트탈까,예술·스포츠,유원지·오락,중구,2711057500,성내2동,2711065000,대구광역시 중구 남산2동,128.593342554172,35.864424266825,188.59244919554598
MA0101202302A0023154,스마트홈,과학·기술,전문 디자인,수성구,2726059000,수성4가동,2726057000,대구광역시 수성구 수성1가동,128.612278678546,35.8603146921005,18.89092472372665
MA0101202302A0016083,홍콩반점,음식,중식,중구,2711057500,성내2동,2711065000,대구광역시 중구 남산2동,128.593342554172,35.864424266825,188.59244919554598
MA0101202302A0108093,큐사랑,수리·개인,이용·미용,달서구,2729056800,장기동,2729055500,대구광역시 달서구 감삼동,128.532029635517,35.8452704147656,2.4621846768197626
MA0101202302A0064091,박다인헤어샵,수리·개인,이용·미용,북구,2723075000,관음동,2723077000,대구광역시 북구 읍내동,128.546669844377,35.9458760114995,3.2104651399325093
MA0101202302A0050528,단디인테리어필름,과학·기술,전문 디자인,수성구,2726064000,두산동,2726065200,대구광역시 수성구 지산2동,128.626193239557,35.824513968622,64.45967426537865
MA0101202301A0097180,녹홍,소매,식물 소매,동구,2714051000,신암1동,2714054000,대구광역시 동구 신암4동,128.620877626443,35.8900807221116,11.674073313173402
MA0101202302A0071653,수헤어갤러리,수리·개인,이용·미용,달서구,2729062600,상인3동,2729062800,대구광역시 달서구 도원동,128.555949324479,35.8073758612784,9.814759152848236
MA0101202303A0001943,노다지커피,음식,비알코올 ,달서구,2729055500,감삼동,2729056300,대구광역시 달서구 죽전동,128.543958622772,35.8531379651773,32.746467384694235
MA0101202302A0103350,달빛연어육회,음식,한식,달서구,2729056300,죽전동,2717067500,대구광역시 서구 상중이동,128.543363860822,35.8561464444224,34.19048147696929
MA0101202302A0107790,신화노래연습장,예술·스포츠,유원지·오락,서구,2717059000,비산5동,2717061000,대구광역시 서구 비산7동,128.564307850778,35.8871363200615,9.351917196879919
MA0101202302A0112230,두꺼비객잔,음식,중식,동구,2714065500,동촌동,2714064000,대구광역시 동구 지저동,128.644251730106,35.8941965003334,45.81827253044456
MA0101202305A0015847,한그루의책,소매,오락용품 소매,동구,2714062000,불로.봉무동,2714064000,대구광역시 동구 지저동,128.632987175577,35.8989730472785,187.28025378661368
MA0101202305A0012462,피크타임,과학·기술,본사·경영 컨설팅,중구,2711067000,남산4동,2711065000,대구광역시 중구 남산2동,128.582124996557,35.8642751703396,22.53651335338749
MA0101202303A0101663,틴즈네일,수리·개인,이용·미용,중구,2711057500,성내2동,2711065000,대구광역시 중구 남산2동,128.593342554172,35.864424266825,188.59244919554598
MA0101202305A0008512,크린토피아코인워시365대구용산롯데,수리·개인,세탁,달서구,2729056800,장기동,2729057100,대구광역시 달서구 용산1동,128.524222819481,35.8520112289769,313.41836095565105
MA0101202305A0013176,동대구직진해링턴공인중개사사무소,부동산,부동산 서비스,동구,2714051000,신암1동,2714054000,대구광역시 동구 신암4동,128.620714864745,35.8902451236619,11.95283981279938
MA0101202303A0058654,아르떼뷔페,음식,구내식당·뷔페,달서구,2729053500,두류1.2동,2729055000,대구광역시 달서구 두류3동,128.558430961598,35.8573487010333,1.0336398197976493
MA0101202303A0013345,솥밥명가,음식,한식,달서구,2729065000,본동,2729060200,대구광역시 달서구 월성2동,128.530806426848,35.8340305695806,73.22159702988137
MA0101202305A0010319,세븐일레븐대구비산늘푸른점,소매,종합 소매,서구,2717060000,비산6동,2717062000,대구광역시 서구 평리1동,128.567196072982,35.8752305780658,18.178413287504277
MA0101202303A0065278,파파존스피자대구,음식,기타 간이,수성구,2726051000,범어1동,2726060200,대구광역시 수성구 황금2동,128.625495267882,35.8499626855901,4.009045056593932
MA0101202303A0121671,바른테크,수리·개인,가전제품 수리,동구,2714062000,불로.봉무동,2714064000,대구광역시 동구 지저동,128.632093752112,35.8975343698804,365.47959146351974
MA0101202303A0032605,하나방역대구남부지사,시설관리·임대,청소·방제,달서구,2729053500,두류1.2동,2729051500,대구광역시 달서구 성당동,128.570016270677,35.8526200052039,32.74301946750693
MA0101202303A0037997,블루포트대구동산,음식,비알코올 ,중구,2711057500,성내2동,2711059500,대구광역시 중구 대신동,128.582519216024,35.8701814887016,6.348609135858735
MA0101202303A0033154,엠에이디영어교습소,교육,일반 교육,달서구,2729062400,상인1동,2729061500,대구광역시 달서구 진천동,128.530723147206,35.8193247364997,0.9304340479073201
MA0101202303A0122310,어썸네일,수리·개인,이용·미용,중구,2711056500,성내1동,2711054500,대구광역시 중구 삼덕동,128.596988050852,35.8662412191925,48.25949349662541
MA0101202303A0063789,코너커피,음식,비알코올 ,북구,2723055000,침산1동,2723079000,대구광역시 북구 노원동,128.580431147883,35.8904666898043,20.916184473433816
MA0101202303A0094576,승환컨설팅,과학·기술,본사·경영 컨설팅,달서구,2729055500,감삼동,2729056300,대구광역시 달서구 죽전동,128.547215750228,35.8544207521554,22.986068657005863
MA0101202303A0117763,안심튼튼마취통증의학과의원,보건의료,의원,동구,2714073000,안심2동,2714074700,대구광역시 동구 안심4동,128.709258770267,35.8724997325349,69.21546213299565
MA0101202303A0008993,옛날가든,음식,한식,달서구,2729056800,장기동,2729057100,대구광역시 달서구 용산1동,128.5245456155,35.8526829991692,393.39738708798996
MA0101202305A0125970,해피니언,수리·개인,이용·미용,중구,2711057500,성내2동,2711065000,대구광역시 중구 남산2동,128.593342554172,35.864424266825,188.59244919554598
MA0101202305A0094265,샾클린짐,예술·스포츠,스포츠 서비스,수성구,2726064000,두산동,2726065200,대구광역시 수성구 지산2동,128.625689201523,35.8242143993538,32.319802087363385
MA0101202305A0096896,보네르플뢰르,교육,기타 교육,동구,2714068500,해안동,2714065500,대구광역시 동구 동촌동,128.66169649923,35.8858191305786,10.335663690537908
MA0101202305A0122839,프린트카페대구반월당역점,시설관리·임대,사무 지원,중구,2711057500,성내2동,2711065000,대구광역시 중구 남산2동,128.593342554172,35.864424266825,188.59244919554598
MA0101202305A0104031,더사랑결혼정보,수리·개인,기타 개인,달서구,2729055500,감삼동,2729056300,대구광역시 달서구 죽전동,128.542051781358,35.8524145009007,36.83596622868855
MA0101202305A0130950,고령축산물직판장,소매,식료품 소매,달서구,2729055500,감삼동,2729056300,대구광역시 달서구 죽전동,128.54584616374,35.8540058313406,42.39941553310469
MA0101202305A0073901,엔젤,소매,섬유·의복·신발 소매,중구,2711057500,성내2동,2711065000,대구광역시 중구 남산2동,128.593342554172,35.864424266825,188.59244919554598
MA0101202305A0117691,대한신용금거래소,소매,시계·귀금속 소매,북구,2723077000,읍내동,2723073500,대구광역시 북구 태전2동,128.5513291173,35.9325150539122,1.7989456350464788
MA0101202305A0020301,제니아워,소매,섬유·의복·신발 소매,수성구,2726061000,중동,2726062000,대구광역시 수성구 상동,128.611777484423,35.8388381583333,35.67616334502576
MA0101202305A0127603,세차로,수리·개인,자동차 수리·세차,중구,2711067000,남산4동,2711065000,대구광역시 중구 남산2동,128.582124996557,35.8642751703396,22.53651335338749
MA0101202305A0090137,몽짬뽕,음식,중식,남구,2720057100,대명2동,2711064000,대구광역시 중구 남산1동,128.590133789037,35.8567529888649,7.15574885872854
MA0101202305A0138000,메트로퀵투어,시설관리·임대,여행사·보조,달서구,2729055500,감삼동,2729056300,대구광역시 달서구 죽전동,128.547215750228,35.8544207521554,22.986068657005863
MA0101202305A0087032,오리자,과학·기술,전문 디자인,중구,2711067000,남산4동,2711065000,대구광역시 중구 남산2동,128.582124996557,35.8642751703396,22.53651335338749
MA0101202305A0091579,윤푸드,음식,기타 간이,수성구,2726059000,수성4가동,2726057000,대구광역시 수성구 수성1가동,128.612772497419,35.8601008001685,25.842956987434498
MA0101202306A0021365,베르니체네일,수리·개인,이용·미용,중구,2711056500,성내1동,2711054500,대구광역시 중구 삼덕동,128.596764522457,35.8661360538399,25.360877216539826
MA0101202306A0041351,러블리,소매,섬유·의복·신발 소매,중구,2711057500,성내2동,2711065000,대구광역시 중구 남산2동,128.593342554172,35.864424266825,188.59244919554598
MA0101202305A0185942,비제이푸드,음식,구내식당·뷔페,달서구,2729055500,감삼동,2729056300,대구광역시 달서구 죽전동,128.547215750228,35.8544207521554,22.986068657005863
MA0101202305A0186033,태균컨설팅,과학·기술,본사·경영 컨설팅,달서구,2729055500,감삼동,2729056300,대구광역시 달서구 죽전동,128.547215750228,35.8544207521554,22.986068657005863
MA0101202305A0158224,이디야커피메트로,음식,비알코올 ,중구,2711057500,성내2동,2711065000,대구광역시 중구 남산2동,128.593342554172,35.864424266825,188.59244919554598
MA0101202306A0057175,진이네,소매,식료품 소매,북구,2723075000,관음동,2723077000,대구광역시 북구 읍내동,128.547213458064,35.9447696143245,26.417831611130968
MA0101202305A0149319,쌈지,소매,섬유·의복·신발 소매,중구,2711057500,성내2동,2711065000,대구광역시 중구 남산2동,128.593342554172,35.864424266825,188.59244919554598
MA0101202305A0186024,하림한방통닭,음식,기타 간이,달서구,2729056800,장기동,2729057600,대구광역시 달서구 이곡1동,128.515987114992,35.8502500467251,2.0994541834315057
MA0101202305A0175153,캐슬PC,예술·스포츠,유원지·오락,달서구,2729055500,감삼동,2729056300,대구광역시 달서구 죽전동,128.541660098779,35.8521942398904,30.546218141712743
MA0101202305A0188150,프린트카페대구신매역점,시설관리·임대,사무 지원,수성구,2726069000,고산3동,2726067000,대구광역시 수성구 고산1동,128.704371082172,35.8407232923086,33.03956961342823
MA0101202306A0011518,유미농수산,소매,식료품 소매,동구,2714062000,불로.봉무동,2714064000,대구광역시 동구 지저동,128.633540384333,35.8984068189763,214.29236951404332
MA0101202306A0010070,대박미역칼국수&잔치국수,음식,한식,동구,2714062000,불로.봉무동,2714064000,대구광역시 동구 지저동,128.633320975966,35.8985089286448,215.15206023029336
MA0101202305A0166966,옐로민헤어,수리·개인,이용·미용,달서구,2729056800,장기동,2729055500,대구광역시 달서구 감삼동,128.532652448801,35.8460014180478,95.40532352336524
MA0101202306A0065458,제이뷰티,수리·개인,이용·미용,달성군,2771038000,구지면,2771026500,대구광역시 달성군 현풍읍,128.422696584999,35.6607460899095,6.351933783679166
MA0101202305A0165082,카페마실,음식,비알코올 ,달서구,2729056800,장기동,2729057100,대구광역시 달서구 용산1동,128.523107220949,35.8515567776483,227.57841397956028
MA0101202305A0164689,건국인테리어,과학·기술,전문 디자인,동구,2714051000,신암1동,2714054000,대구광역시 동구 신암4동,128.620953104146,35.8899805782124,9.856752077308055
MA0101202306A0056393,강림추어탕,음식,한식,달성군,2771026200,옥포읍,2771025300,대구광역시 달성군 논공읍,128.432748258997,35.7775467067051,7.736486885906349
MA0101202305A0188531,직진동대구해링턴공인중개사사무소,부동산,부동산 서비스,동구,2714051000,신암1동,2714054000,대구광역시 동구 신암4동,128.620714864745,35.8902451236619,11.95283981279938
MA0101202305A0172613,논리의체스,교육,기타 교육,달서구,2729062400,상인1동,2729061500,대구광역시 달서구 진천동,128.530852947576,35.819169886145,1.7221296215278419
MA0101202306A0061442,보백관두류점,음식,한식,달서구,2729053500,두류1.2동,2729055000,대구광역시 달서구 두류3동,128.558430961598,35.8573487010333,1.0336398197976493
MA0101202305A0162419,코야,소매,섬유·의복·신발 소매,남구,2720053000,봉덕1동,2720051500,대구광역시 남구 이천동,128.601659976336,35.8469846450865,11.906834033562209
MA0101202305A0178241,동백,음식,한식,중구,2711056500,성내1동,2711054500,대구광역시 중구 삼덕동,128.598351128733,35.867962293703,43.416193617787556
MA0101202305A0144385,피트니스공간,예술·스포츠,스포츠 서비스,수성구,2726059000,수성4가동,2726057000,대구광역시 수성구 수성1가동,128.611321315981,35.860597881103,19.108206960789616
MA0101202305A0144191,반월당눈썹,수리·개인,이용·미용,중구,2711057500,성내2동,2711065000,대구광역시 중구 남산2동,128.593342554172,35.864424266825,188.59244919554598
MA0101202306A0063157,안심다온약국,소매,의약·화장품 소매,동구,2714073000,안심2동,2714074700,대구광역시 동구 안심4동,128.709258770267,35.8724997325349,69.21546213299565
MA0101202306A0035885,채움행정사사무소,과학·기술,법무관련 ,달서구,2729055500,감삼동,2729056300,대구광역시 달서구 죽전동,128.547215750228,35.8544207521554,22.986068657005863
MA0101202305A0187441,레이브헤어,수리·개인,이용·미용,중구,2711056500,성내1동,2711054500,대구광역시 중구 삼덕동,128.596212164375,35.8667471617168,31.93880424069883
MA0101202307A0048153,이로,소매,식물 소매,달성군,2771038000,구지면,2771026500,대구광역시 달성군 현풍읍,128.422696584999,35.6607460899095,6.351933783679166
MA0101202307A0046966,지에스25동구해링턴센타점,소매,종합 소매,동구,2714051000,신암1동,2714054000,대구광역시 동구 신암4동,128.621116232183,35.8898341941307,10.875855884979972
MA0101202307A0097413,브이아이피여행사,시설관리·임대,여행사·보조,달서구,2729055500,감삼동,2729056300,대구광역시 달서구 죽전동,128.547215750228,35.8544207521554,22.986068657005863
MA0101202307A0022196,미선식당,음식,중식,동구,2714062000,불로.봉무동,2714064000,대구광역시 동구 지저동,128.633039727489,35.8982964822469,248.57732591122976
MA0101202307A0063080,소나무,과학·기술,광고,중구,2711056500,성내1동,2711054500,대구광역시 중구 삼덕동,128.598605335128,35.8679408876848,45.87850875359127
MA0101202307A0001552,국민힐링,소매,식료품 소매,달서구,2729055500,감삼동,2729056300,대구광역시 달서구 죽전동,128.544991436718,35.8555938429488,233.92159463225775
MA0101202307A0020018,신진카부분정비,수리·개인,자동차 수리·세차,달서구,2729062500,상인2동,2729061500,대구광역시 달서구 진천동,128.53352318974,35.8130349968755,2.9803112960843445
MA0101202307A0070524,보배식당,음식,한식,북구,2723075000,관음동,2723077000,대구광역시 북구 읍내동,128.547401628156,35.9447581767227,42.78380208420551
MA0101202307A0024922,프레이야,소매,의약·화장품 소매,남구,2720053000,봉덕1동,2720051500,대구광역시 남구 이천동,128.604013604445,35.8462413388558,9.378985630218185
MA0101202307A0072166,연샌드,음식,기타 간이,동구,2714062000,불로.봉무동,2714064000,대구광역시 동구 지저동,128.634551304374,35.8964015552799,386.12278386115383
MA0101202306A0097983,어썸커피,음식,비알코올 ,동구,2714062000,불로.봉무동,2714064000,대구광역시 동구 지저동,128.631819698606,35.897132584553,416.38693354044904
MA0101202307A0045860,이마트24S대구상인역점,소매,종합 소매,달서구,2729062500,상인2동,2729062400,대구광역시 달서구 상인1동,128.537907908621,35.8189536487268,23.350394134974024
MA0101202307A0036369,진세이우동산격점,음식,일식,북구,2723063100,산격4동,2723063000,대구광역시 북구 산격3동,128.605048919498,35.8909962340307,12.583888519303718
MA0101202307A0002086,혜야혜야,음식,한식,동구,2714065500,동촌동,2714064000,대구광역시 동구 지저동,128.642438669641,35.8905987594221,26.03210419139664
MA0101202307A0088498,플루니,음식,비알코올 ,중구,2711056500,성내1동,2711054500,대구광역시 중구 삼덕동,128.596764522457,35.8661360538399,25.360877216539826
MA0101202307A0073591,골프트리여행사,시설관리·임대,여행사·보조,중구,2711067000,남산4동,2711065000,대구광역시 중구 남산2동,128.582124996557,35.8642751703396,22.53651335338749
MA0101202306A0070509,메이로즈,소매,섬유·의복·신발 소매,달서구,2729055000,두류3동,2717054000,대구광역시 서구 내당4동,128.556608440642,35.8575525617758,4.0755196487042324
MA0101202308A0084816,링고카레,음식,일식,중구,2711056500,성내1동,2711054500,대구광역시 중구 삼덕동,128.596866664856,35.8662608559501,41.39001695413692
MA0101202307A0100198,대구고기뷔페,음식,한식,서구,2717059000,비산5동,2717061000,대구광역시 서구 비산7동,128.563973685302,35.8876002565927,14.431796580162263
MA0101202308A0100918,어부살꽃게,음식,한식,달서구,2729055500,감삼동,2729056300,대구광역시 달서구 죽전동,128.545366706377,35.8549672211582,156.6911147917441
MA0101202308A0105052,캔디네일,수리·개인,이용·미용,중구,2711057500,성내2동,2711065000,대구광역시 중구 남산2동,128.593342554172,35.864424266825,188.59244919554598
MA0101202308A0014057,늘채움치과의원,보건의료,의원,동구,2714073000,안심2동,2714074700,대구광역시 동구 안심4동,128.709258770267,35.8724997325349,69.21546213299565
MA0101202308A0013702,서남떡갈비,음식,한식,달서구,2729055500,감삼동,2729056300,대구광역시 달서구 죽전동,128.546235766846,35.8541179669364,36.30401185370287
MA0101202307A0104038,로또명당,예술·스포츠,유원지·오락,수성구,2726065200,지산2동,2726066200,대구광역시 수성구 범물2동,128.637024170457,35.8190411472347,23.091612523881402
MA0101202308A0004598,하이초이,수리·개인,이용·미용,중구,2711056500,성내1동,2711054500,대구광역시 중구 삼덕동,128.596110428311,35.8682984799347,5.347830054355965
MA0101202308A0033159,비욘드패션,소매,섬유·의복·신발 소매,중구,2711057500,성내2동,2711065000,대구광역시 중구 남산2동,128.593342554172,35.864424266825,188.59244919554598
MA0101202308A0042211,벨리노20,소매,섬유·의복·신발 소매,달서구,2729055000,두류3동,2717054000,대구광역시 서구 내당4동,128.556608440642,35.8575525617758,4.0755196487042324
MA0101202308A0056792,신후솔루션즈,과학·기술,본사·경영 컨설팅,달서구,2729055500,감삼동,2729056300,대구광역시 달서구 죽전동,128.547215750228,35.8544207521554,22.986068657005863
MA0101202308A0101958,프린트카페죽전역점,시설관리·임대,사무 지원,달서구,2729056300,죽전동,2729055500,대구광역시 달서구 감삼동,128.538396011145,35.8505419158512,9.77947403243896
MA0101202308A0046564,더스타일샵,수리·개인,이용·미용,북구,2723074500,구암동,2723073500,대구광역시 북구 태전2동,128.550716764432,35.9255571490951,1.0400046679540793
MA0101202308A0089535,코코팜,소매,섬유·의복·신발 소매,중구,2711057500,성내2동,2711065000,대구광역시 중구 남산2동,128.593342554172,35.864424266825,188.59244919554598
MA0101202308A0065463,베이지베베,소매,섬유·의복·신발 소매,동구,2714051000,신암1동,2723064500,대구광역시 북구 대현동,128.612335263685,35.8822296665111,5.066108714318769
MA0101202310A0029949,범물리드웰영어학원,교육,일반 교육,수성구,2726066200,범물2동,2726066100,대구광역시 수성구 범물1동,128.64466148665,35.8175761412995,20.053054200288322
MA0101202309A0025718,뷔페백반혜자,음식,한식,북구,2723071500,관문동,2717067500,대구광역시 서구 상중이동,128.530260862039,35.8862593417679,169.52511371614952
MA0101202309A0087989,단양추어탕,음식,한식,달서구,2729055500,감삼동,2729056300,대구광역시 달서구 죽전동,128.545366706377,35.8549672211582,156.6911147917441
MA0101202309A0059311,세븐일레븐대구대곡아람점,소매,종합 소매,달서구,2729061500,진천동,2729062800,대구광역시 달서구 도원동,128.529720308459,35.8056939458366,3.455339689504035
MA0101202310A0010158,구엘,소매,섬유·의복·신발 소매,달서구,2729055000,두류3동,2717054000,대구광역시 서구 내당4동,128.556608440642,35.8575525617758,4.0755196487042324
MA0101202309A0066817,센스,소매,섬유·의복·신발 소매,중구,2711057500,성내2동,2711065000,대구광역시 중구 남산2동,128.593342554172,35.864424266825,188.59244919554598
MA0101202309A0064374,앵고디자인,소매,섬유·의복·신발 소매,수성구,2726061000,중동,2726062000,대구광역시 수성구 상동,128.611801253134,35.8389189425167,26.750717789664883
MA0101202309A0055625,제일티엠에스,시설관리·임대,시설관리,달서구,2729055500,감삼동,2729056300,대구광역시 달서구 죽전동,128.547215750228,35.8544207521554,22.986068657005863
MA0101202309A0074739,라라메종,소매,섬유·의복·신발 소매,달서구,2729062400,상인1동,2729061500,대구광역시 달서구 진천동,128.530852947576,35.819169886145,1.7221296215278419
MA0101202309A0086017,털로덮인친구들달서점,소매,애완동물·용품 소매,달서구,2729056800,장기동,2729057100,대구광역시 달서구 용산1동,128.5227786777,35.851741173698,234.87368911622124
MA0101202309A0092043,킹플란트치과,보건의료,의원,달서구,2729055500,감삼동,2729056300,대구광역시 달서구 죽전동,128.547682998443,35.8545408944422,14.283581674904845
MA0101202309A0076967,더우드버닝,교육,기타 교육,동구,2714062000,불로.봉무동,2714064000,대구광역시 동구 지저동,128.62933184562,35.9000319779362,54.623116320774145
MA0101202309A0034115,대구공공시설관리공단범어지하도상가,시설관리·임대,시설관리,수성구,2726052000,범어2동,2726051000,대구광역시 수성구 범어1동,128.627043194395,35.8590883079659,28.91366015426576
MA0101202310A0008057,미샤,소매,의약·화장품 소매,달서구,2729055000,두류3동,2717054000,대구광역시 서구 내당4동,128.556608440642,35.8575525617758,4.0755196487042324
MA0101202310A0009586,규카츠정,음식,일식,중구,2711056500,성내1동,2711054500,대구광역시 중구 삼덕동,128.596110428311,35.8682984799347,5.347830054355965
MA0101202310A0012355,처갓집양념치킨,음식,기타 간이,동구,2714074700,안심4동,2714072000,대구광역시 동구 안심1동,128.708304754228,35.8703506029383,22.52765748705546
MA0101202310A0038174,진일유통,소매,자동차 부품 소매,동구,2714062000,불로.봉무동,2714064000,대구광역시 동구 지저동,128.632011754496,35.9000136024446,110.69984578331524
MA0101202309A0029625,미소,소매,섬유·의복·신발 소매,중구,2711057500,성내2동,2711065000,대구광역시 중구 남산2동,128.593342554172,35.864424266825,188.59244919554598
MA0101202309A0017113,옥자네,소매,섬유·의복·신발 소매,중구,2711057500,성내2동,2711065000,대구광역시 중구 남산2동,128.593342554172,35.864424266825,188.59244919554598
MA0101202309A0060774,제주돼지맛소,음식,한식,달서구,2729055500,감삼동,2717054000,대구광역시 서구 내당4동,128.545920998668,35.8561496094363,247.37549987525003
MA0101202309A0054148,돈막골식당,음식,한식,동구,2714073000,안심2동,2714068500,대구광역시 동구 해안동,128.677449087493,35.877706214016,8.342758986938605
MA0101202310A0017659,옛날보리밥,음식,한식,중구,2711057500,성내2동,2711065000,대구광역시 중구 남산2동,128.593342554172,35.864424266825,188.59244919554598
MA0101202309A0043867,갓튀긴후라이드구지점,음식,기타 간이,달성군,2771038000,구지면,2771026500,대구광역시 달성군 현풍읍,128.422696584999,35.6607460899095,6.351933783679166
MA0101202309A0086778,법무사남성섭,과학·기술,법무관련 ,달서구,2729056800,장기동,2729057100,대구광역시 달서구 용산1동,128.524876770126,35.852056999252,341.21987964547964
MA0101202310A0014352,이마트24수성정화점,소매,종합 소매,수성구,2726061000,중동,2726062000,대구광역시 수성구 상동,128.61113667922,35.8388918103073,28.797350495409326
MA0101202309A0018286,메트로정약국,소매,의약·화장품 소매,중구,2711057500,성내2동,2711065000,대구광역시 중구 남산2동,128.593342554172,35.864424266825,188.59244919554598
MA0101202311A0037061,한상곤드레밥,음식,한식,달서구,2729056800,장기동,2729057100,대구광역시 달서구 용산1동,128.524949795332,35.8506682935283,202.06975856100212
MA0101202311A0016354,지에스25수성,소매,종합 소매,수성구,2726057000,수성1가동,2726061000,대구광역시 수성구 중동,128.612788193675,35.8488543293079,28.33967910318505
MA0101202311A0051033,대구아이폰수리애플텍,수리·개인,통신장비 수리,달서구,2729055000,두류3동,2717054000,대구광역시 서구 내당4동,128.556608440642,35.8575525617758,4.0755196487042324
MA0101202311A0017972,빽다방경북대,음식,비알코올 ,동구,2714051000,신암1동,2723064500,대구광역시 북구 대현동,128.613930782304,35.8844610801359,2.7311453178034997
MA0101202311A0021707,천원세계과자,소매,종합 소매,중구,2711057500,성내2동,2711065000,대구광역시 중구 남산2동,128.593342554172,35.864424266825,188.59244919554598
MA0101202311A0031538,나라안전기술원,교육,기타 교육,달서구,2729055500,감삼동,2729056300,대구광역시 달서구 죽전동,128.547215750228,35.8544207521554,22.986068657005863
MA0101202311A0056633,아케이드,소매,섬유·의복·신발 소매,중구,2711056500,성내1동,2711054500,대구광역시 중구 삼덕동,128.596789731428,35.8662889130557,38.168325587596215
MA0101202311A0016188,온리원드림태권도장,교육,기타 교육,수성구,2726063000,파동,2771031000,대구광역시 달성군 가창면,128.622900069037,35.8056974900536,1.0808189425951862
MA0101202310A0064846,청년분식대구율암점,음식,기타 간이,동구,2714073000,안심2동,2714074700,대구광역시 동구 안심4동,128.708411341577,35.8753142928624,6.441272511597268
MA0101202310A0084756,초록숲약국,소매,의약·화장품 소매,수성구,2726066200,범물2동,2726066100,대구광역시 수성구 범물1동,128.644789385311,35.8173400936309,11.720308707084307
MA0101202311A0025636,음믐빵집,음식,기타 간이,달서구,2729056300,죽전동,2717054000,대구광역시 서구 내당4동,128.547734620839,35.8549187129914,17.21591080869911
MA0101202311A0011078,승리농산,소매,식료품 소매,달서구,2729055500,감삼동,2729056300,대구광역시 달서구 죽전동,128.546557921621,35.8541769005098,27.981817004894797
MA0101202310A0074960,바바샵,소매,섬유·의복·신발 소매,중구,2711057500,성내2동,2711065000,대구광역시 중구 남산2동,128.593342554172,35.864424266825,188.59244919554598
MA0101202310A0087977,디케이인터네셔날,교육,기타 교육,수성구,2726065100,지산1동,2726060100,대구광역시 수성구 황금1동,128.630132118815,35.8374821224125,31.482367691747786
MA0101202311A0001018,영진인테리어,소매,철물·건설자재 소매,서구,2717066100,평리6동,2717067500,대구광역시 서구 상중이동,128.546790481114,35.879243898999,11.946217815922056
MA0101202311A0034104,이글로리,과학·기술,광고,달서구,2729055500,감삼동,2729056300,대구광역시 달서구 죽전동,128.547215750228,35.8544207521554,22.986068657005863
MA0101202310A0097263,바바라,소매,섬유·의복·신발 소매,중구,2711057500,성내2동,2711065000,대구광역시 중구 남산2동,128.593342554172,35.864424266825,188.59244919554598
MA0101202406A0046751,칠네일,수리·개인,이용·미용,중구,2711056500,성내1동,2711054500,대구광역시 중구 삼덕동,128.596110428311,35.8682984799347,5.347830054355965
MA0101202406A0034692,당연국시집,음식,한식,동구,2714065500,동촌동,2714064000,대구광역시 동구 지저동,128.644038654772,35.8935325797672,29.699007097592208
MA0101202406A0011675,컨셉,소매,섬유·의복·신발 소매,중구,2711057500,성내2동,2711065000,대구광역시 중구 남산2동,128.593342554172,35.864424266825,188.59244919554598
MA0101202406A0067020,비산동집,음식,한식,서구,2717059000,비산5동,2717061000,대구광역시 서구 비산7동,128.563244051847,35.8887902569392,17.0714974051436
MA0101202406A0022828,핸콕,소매,섬유·의복·신발 소매,달서구,2729055000,두류3동,2717054000,대구광역시 서구 내당4동,128.556608440642,35.8575525617758,4.0755196487042324
MA0101202406A0055209,에이치LED조명,소매,기타 생활용품 소매,달서구,2729055500,감삼동,2729056300,대구광역시 달서구 죽전동,128.547215750228,35.8544207521554,22.986068657005863
MA0101202406A0034040,맛닭,음식,한식,달서구,2729055500,감삼동,2729056300,대구광역시 달서구 죽전동,128.545717166402,35.854773470315,122.58978569328852
MA0101202311A0092221,달금화방,소매,식물 소매,달서구,2729055500,감삼동,2729056300,대구광역시 달서구 죽전동,128.547215750228,35.8544207521554,22.986068657005863
MA0101202311A0093796,개성인테리어,과학·기술,전문 디자인,달서구,2729056300,죽전동,2717054000,대구광역시 서구 내당4동,128.545620969904,35.8560903895745,27.408091337276286
MA0101202406A0034244,전자담배프라자,소매,섬유·의복·신발 소매,달서구,2729055000,두류3동,2717054000,대구광역시 서구 내당4동,128.556608440642,35.8575525617758,4.0755196487042324
MA0101202406A0017222,서남보리밥,음식,한식,달서구,2729055500,감삼동,2729056300,대구광역시 달서구 죽전동,128.545901671321,35.8540141285612,40.78507140231305
MA0101202311A0084471,데이온헤어살롱,수리·개인,이용·미용,중구,2711056500,성내1동,2711069000,대구광역시 중구 대봉2동,128.597851007201,35.8601470234688,4.099558592308631
MA0101202311A0077604,지경에너지,과학·기술,본사·경영 컨설팅,달서구,2729056300,죽전동,2717067500,대구광역시 서구 상중이동,128.543043970152,35.856204623034,35.38740973436187
MA0101202406A0087156,노이,소매,섬유·의복·신발 소매,중구,2711056500,성내1동,2711054500,대구광역시 중구 삼덕동,128.596544428722,35.8662020596321,15.109991399285484
MA0101202406A0086893,테스스터디카페,예술·스포츠,도서관·사적지,남구,2720054000,봉덕2동,2720053000,대구광역시 남구 봉덕1동,128.603750756443,35.8441812255198,53.209262387566135
MA0101202406A0162453,뉴클린,시설관리·임대,청소·방제,서구,2717063000,평리2동,2717058000,대구광역시 서구 비산4동,128.568158518418,35.8706942609479,10.386616081650121
MA0101202406A0077522,씨유장기레이데이점,소매,종합 소매,달서구,2729056800,장기동,2729055500,대구광역시 달서구 감삼동,128.532715405382,35.8463971229643,125.58544996981624
MA0101202406A0109698,육반장,음식,한식,달서구,2729055500,감삼동,2729055000,대구광역시 달서구 두류3동,128.548552083416,35.8525561723529,28.00553945566636
MA0101202406A0138331,우리샵쇼핑마트,소매,종합 소매,중구,2711057500,성내2동,2711065000,대구광역시 중구 남산2동,128.593342554172,35.864424266825,188.59244919554598
MA0101202406A0144263,스터디카페데스크,예술·스포츠,도서관·사적지,수성구,2726052000,범어2동,2726054000,대구광역시 수성구 범어4동,128.635947313604,35.8587420841001,24.471832019169938
MA0101202406A0105697,김종구식맛치킨·전기바베큐옛날통닭방촌화랑점,음식,기타 간이,동구,2714073000,안심2동,2714067000,대구광역시 동구 방촌동,128.674222500623,35.8759129332883,1.6565804011190102
MA0101202406A0073957,임마누엘,소매,섬유·의복·신발 소매,북구,2723075000,관음동,2723077000,대구광역시 북구 읍내동,128.547335176405,35.9436235982836,11.468292293392302
MA0101202406A0099491,카페동이동성로,음식,한식,중구,2711056500,성내1동,2711054500,대구광역시 중구 삼덕동,128.598472697856,35.8679516644123,44.63726875097362
MA0101202406A0134650,파리바게뜨대구용지점,음식,기타 간이,수성구,2726066200,범물2동,2726066100,대구광역시 수성구 범물1동,128.64466148665,35.8175761412995,20.053054200288322
MA0101202406A0075832,큐사랑,수리·개인,이용·미용,중구,2711056500,성내1동,2711069000,대구광역시 중구 대봉2동,128.59691902026,35.8600422687066,4.448492228090981
MA0101202406A0112416,디자인버디,과학·기술,광고,달서구,2729055500,감삼동,2729056300,대구광역시 달서구 죽전동,128.547215750228,35.8544207521554,22.986068657005863
MA0101202406A0209780,전단지동방기획,과학·기술,광고,북구,2723056000,침산2동,2723052600,대구광역시 북구 칠성동,128.597748120328,35.8814874457263,47.312579323603266
MA0101202406A0276834,하이티,소매,섬유·의복·신발 소매,중구,2711056500,성내1동,2711054500,대구광역시 중구 삼덕동,128.596764522457,35.8661360538399,25.360877216539826
MA0101202406A0186604,뚱채김밥대구,음식,기타 간이,북구,2723077000,읍내동,2723073500,대구광역시 북구 태전2동,128.551052533508,35.9325366513687,4.047401682903197
MA0101202406A0282526,동백옷수선,수리·개인,기타 가정용품 수리,수성구,2726059000,수성4가동,2726057000,대구광역시 수성구 수성1가동,128.610156039858,35.8610009982605,13.285163092491365
MA0101202406A0227472,정관장,소매,식료품 소매,수성구,2726056100,만촌3동,2726054000,대구광역시 수성구 범어4동,128.643818504222,35.8576974417942,3.2154370668627084
MA0101202406A0229526,나온클린,시설관리·임대,청소·방제,달서구,2729053500,두류1.2동,2729051500,대구광역시 달서구 성당동,128.570352343793,35.8528228766906,21.712740071280738
MA0101202406A0201491,보컬스튜디오20,교육,일반 교육,달서구,2729056300,죽전동,2717054000,대구광역시 서구 내당4동,128.547517106602,35.8556874940321,79.42397286277482
MA0101202406A0281830,구공카페,음식,비알코올 ,달서구,2729055500,감삼동,2729055000,대구광역시 달서구 두류3동,128.548335691532,35.8522435584513,19.962901343296355
MA0101202406A0282787,수목커피샾,음식,비알코올 ,동구,2714067000,방촌동,2714065500,대구광역시 동구 동촌동,128.65764152573,35.8835953113452,21.209888919957976
MA0101202406A0190935,언더텐샵,소매,섬유·의복·신발 소매,수성구,2726059000,수성4가동,2726058000,대구광역시 수성구 수성2·3가동,128.614226400651,35.8597388365547,24.2261295696294
MA0101202406A0228515,에버그린주유소,소매,연료 소매,달서구,2729057200,용산2동,2717067500,대구광역시 서구 상중이동,128.526278125316,35.8651059342122,72.41586071671377
MA0101202406A0279464,월성구내식당,음식,구내식당·뷔페,달서구,2729057700,이곡2동,2729058500,대구광역시 달서구 신당동,128.494895276407,35.840511479425,454.39026127298337
MA0101202406A0257422,글로우픽스튜디오,과학·기술,사진 촬영,수성구,2726066100,범물1동,2726065100,대구광역시 수성구 지산1동,128.644827951731,35.8240350565153,10.183476710541026
MA0101202406A0219003,해오름식당,음식,한식,남구,2720059000,대명4동,2720065000,대구광역시 남구 대명10동,128.561103788705,35.8417961845021,23.40078879924261
MA0101202406A0364172,마이카게러지,수리·개인,자동차 수리·세차,서구,2717066100,평리6동,2717067500,대구광역시 서구 상중이동,128.545925442329,35.8791739340761,85.19550482668957
MA0101202406A0379584,예쁜머리염색,수리·개인,이용·미용,남구,2720053000,봉덕1동,2720051500,대구광역시 남구 이천동,128.60396354076,35.8465033393199,35.00089526832271
MA0101202406A0292845,김선돼지국밥,음식,한식,중구,2711068000,대봉1동,2711056500,대구광역시 중구 성내1동,128.599965969411,35.8634801358771,7.812835286793361
MA0101202406A0328082,성실푸드,음식,구내식당·뷔페,달서구,2729055500,감삼동,2729056300,대구광역시 달서구 죽전동,128.547215750228,35.8544207521554,22.986068657005863
MA0101202406A0340386,성안화장품,소매,의약·화장품 소매,달서구,2729062500,상인2동,2729061500,대구광역시 달서구 진천동,128.533654014475,35.8129342000127,2.5793714958272567
MA0101202406A0372970,김성구의성마늘치킨봉덕점,음식,기타 간이,남구,2720054000,봉덕2동,2720055000,대구광역시 남구 봉덕3동,128.600282800202,35.8384871679722,36.7503119903985
MA0101202406A0290302,벽천숯불갈비,음식,한식,중구,2711056500,성내1동,2711054500,대구광역시 중구 삼덕동,128.598605335128,35.8679408876848,45.87850875359127
MA0101202406A0323780,사계절에어컨,수리·개인,가전제품 수리,북구,2723075000,관음동,2723077000,대구광역시 북구 읍내동,128.546821793592,35.9457118479842,12.951278691799384
MA0101202406A0344457,자갈치회수산,음식,한식,동구,2714065500,동촌동,2714064000,대구광역시 동구 지저동,128.644038654772,35.8935325797672,29.699007097592208
MA0101202406A0329642,해외수입의류,소매,중고 상품 소매,중구,2711057500,성내2동,2711065000,대구광역시 중구 남산2동,128.593342554172,35.864424266825,188.59244919554598
MA0101202406A0331774,반월당국밥,음식,한식,중구,2711057500,성내2동,2711065000,대구광역시 중구 남산2동,128.593342554172,35.864424266825,188.59244919554598
MA0101202406A0307240,블링블링네일샵,수리·개인,이용·미용,중구,2711057500,성내2동,2711065000,대구광역시 중구 남산2동,128.593342554172,35.864424266825,188.59244919554598
MA0101202406A0387952,한스영어과외방,교육,일반 교육,수성구,2726060100,황금1동,2726054000,대구광역시 수성구 범어4동,128.63641015308,35.8505624463339,74.9707084241294
MA0101202406A0374737,맛난빵달달할인마트명덕역점,소매,종합 소매,중구,2711066000,남산3동,2711064000,대구광역시 중구 남산1동,128.591143032486,35.8579561708317,231.7568008486954
MA0101202406A0362849,최선이용소,수리·개인,이용·미용,동구,2714068500,해안동,2714065500,대구광역시 동구 동촌동,128.661783932269,35.8857638527511,0.34781085548951124
MA0101202406A0381424,루피,음식,주점,중구,2711056500,성내1동,2711054500,대구광역시 중구 삼덕동,128.599184139662,35.8680953882063,28.940384362443453
MA0101202406A0307453,지코바,음식,기타 간이,수성구,2726065100,지산1동,2726060100,대구광역시 수성구 황금1동,128.629970394172,35.838772950273,33.60536697627524
MA0101202406A0306130,비비드스터디카페,예술·스포츠,도서관·사적지,달서구,2729056800,장기동,2729055500,대구광역시 달서구 감삼동,128.53423637966,35.8437643604825,2.461074792172881
MA0101202406A0374086,블라썸,소매,섬유·의복·신발 소매,달서구,2729056300,죽전동,2717054000,대구광역시 서구 내당4동,128.546937258763,35.8554696745914,31.340143239893443
MA0101202406A0441671,키치크케이크,음식,기타 간이,중구,2711056500,성내1동,2711054500,대구광역시 중구 삼덕동,128.599158744353,35.8679335206535,46.8867539782559
MA0101202406A0410532,빵장수단팥빵반월당역점,음식,기타 간이,중구,2711057500,성내2동,2711065000,대구광역시 중구 남산2동,128.593342554172,35.864424266825,188.59244919554598
MA0101202406A0451953,반월당떡사랑,음식,한식,중구,2711057500,성내2동,2711065000,대구광역시 중구 남산2동,128.593342554172,35.864424266825,188.59244919554598
MA0101202406A0452030,정선애뷰티,수리·개인,이용·미용,달서구,2729055500,감삼동,2729056300,대구광역시 달서구 죽전동,128.546222863846,35.8551634690453,138.4232118144013
MA0101202406A0450959,혜성사진관범물점,과학·기술,사진 촬영,수성구,2726066200,범물2동,2726066100,대구광역시 수성구 범물1동,128.64466148665,35.8175761412995,20.053054200288322
MA0101202406A0389895,봄봄살롱,수리·개인,이용·미용,중구,2711057500,성내2동,2711065000,대구광역시 중구 남산2동,128.593342554172,35.864424266825,188.59244919554598
MA0101202406A0417612,옵스헤어,수리·개인,이용·미용,중구,2711056500,성내1동,2711054500,대구광역시 중구 삼덕동,128.597218127337,35.8661210112491,55.26188744967271
MA0101202406A0443353,동근이숯불두마리치킨대명점,음식,기타 간이,남구,2720056000,대명1동,2720059000,대구광역시 남구 대명4동,128.576356056342,35.8452106440221,3.6891551146228383
MA0101202406A0442248,하우스몰,소매,섬유·의복·신발 소매,중구,2711057500,성내2동,2711065000,대구광역시 중구 남산2동,128.593342554172,35.864424266825,188.59244919554598
MA0101202406A0416829,제일평생교육원,교육,기타 교육,달서구,2729055500,감삼동,2729056300,대구광역시 달서구 죽전동,128.547215750228,35.8544207521554,22.986068657005863
MA0101202406A0390103,신광식당,음식,구내식당·뷔페,달서구,2729057700,이곡2동,2729058500,대구광역시 달서구 신당동,128.496461247029,35.8402126257165,313.30755390118287
MA0101202406A0475682,희희,소매,섬유·의복·신발 소매,중구,2711056500,성내1동,2711054500,대구광역시 중구 삼덕동,128.595586163551,35.8669987881214,7.416756422431015
MA0101202406A0401745,알로,소매,섬유·의복·신발 소매,중구,2711056500,성내1동,2711054500,대구광역시 중구 삼덕동,128.597218127337,35.8661210112491,55.26188744967271
MA0101202406A0449258,오션아트스페이스,소매,장식품 소매,중구,2711056500,성내1동,2711054500,대구광역시 중구 삼덕동,128.599158744353,35.8679335206535,46.8867539782559
MA0101202406A0465403,마카건농산,음식,기타 간이,달서구,2729056800,장기동,2729055500,대구광역시 달서구 감삼동,128.532029635517,35.8452704147656,2.4621846768197626
MA0101202406A0392366,지노아,소매,섬유·의복·신발 소매,중구,2711057500,성내2동,2711065000,대구광역시 중구 남산2동,128.593342554172,35.864424266825,188.59244919554598
MA0101202406A0400431,클라운지대구달서,소매,의약·화장품 소매,달서구,2729056800,장기동,2729057100,대구광역시 달서구 용산1동,128.52391877527,35.8500055101023,97.95744812527653
MA0101202406A0408097,대구S한방병원,보건의료,의원,달서구,2729055000,두류3동,2729055500,대구광역시 달서구 감삼동,128.548514597013,35.8540435557535,25.504548046175714
MA0101202406A0402663,테이스티커피,음식,비알코올 ,중구,2711054500,삼덕동,2711056500,대구광역시 중구 성내1동,128.599778886441,35.8640863936773,2.763812589881903
MA0101202406A0440226,엔유피씨,수리·개인,컴퓨터 수리,수성구,2726059000,수성4가동,2726057000,대구광역시 수성구 수성1가동,128.611321315981,35.860597881103,19.108206960789616
MA0101202406A0485248,베테랑옷수선,수리·개인,기타 가정용품 수리,남구,2720066000,대명11동,2720061000,대구광역시 남구 대명6동,128.561426827406,35.8373853544051,3.5783539476897257
MA0101202406A0466889,디자인바름,과학·기술,광고,동구,2714065500,동촌동,2714064000,대구광역시 동구 지저동,128.643049081879,35.8917348476548,21.518813788850718
MA0101202406A0581246,더풋테라피,소매,의약·화장품 소매,중구,2711056500,성내1동,2711054500,대구광역시 중구 삼덕동,128.598901434916,35.8683514719289,0.43678530426167983
MA0101202406A0549317,씨유동구방천로점대구동구지역자활센터,소매,종합 소매,동구,2714062000,불로.봉무동,2714064000,대구광역시 동구 지저동,128.633987718444,35.8986170039837,173.1523282936117
MA0101202406A0522115,디바나헤어,수리·개인,이용·미용,달서구,2729056800,장기동,2729055500,대구광역시 달서구 감삼동,128.532715405382,35.8463971229643,125.58544996981624
MA0101202406A0523210,디브스킨&뷰티,수리·개인,이용·미용,수성구,2726051000,범어1동,2726060200,대구광역시 수성구 황금2동,128.625385379879,35.8494595331816,44.765137135607866
MA0101202406A0555383,루크,교육,교육 지원,동구,2714062000,불로.봉무동,2714064000,대구광역시 동구 지저동,128.63088173315,35.897839202056,323.7123207772839
MA0101202408A0018822,뿌리깊은수학나무수학교습소,교육,일반 교육,수성구,2726066200,범물2동,2726066100,대구광역시 수성구 범물1동,128.64466148665,35.8175761412995,20.053054200288322
MA0101202408A0009187,푸른꽃화원,소매,식물 소매,남구,2720054000,봉덕2동,2720053000,대구광역시 남구 봉덕1동,128.603200415091,35.8443327540395,48.48820854648515
MA0101202409A0031302,세븐일레븐대구월성,소매,종합 소매,달서구,2729065000,본동,2729060200,대구광역시 달서구 월성2동,128.530584989931,35.8346011192061,14.587652389274696
MA0101202408A0029215,양쌤학원,교육,일반 교육,수성구,2726066200,범물2동,2726066100,대구광역시 수성구 범물1동,128.644630905764,35.8177027198618,27.122960866466176
MA0101202409A0048018,보물창고,소매,섬유·의복·신발 소매,중구,2711057500,성내2동,2711065000,대구광역시 중구 남산2동,128.593342554172,35.864424266825,188.59244919554598
MA0101202409A0017350,착한부동산중개,부동산,부동산 서비스,남구,2720057100,대명2동,2720051500,대구광역시 남구 이천동,128.595161980579,35.8519102536804,17.317237853904622
MA0101202408A0062219,이루다영어교습소,교육,일반 교육,동구,2714073000,안심2동,2714074700,대구광역시 동구 안심4동,128.708411341577,35.8753142928624,6.441272511597268
MA0101202408A0064339,토마토청과,소매,식료품 소매,북구,2723075000,관음동,2723077000,대구광역시 북구 읍내동,128.547365766807,35.9440557506498,23.862533168259557
MA0101202408A0025504,셈수학국어학원,교육,일반 교육,달서구,2729056800,장기동,2729055500,대구광역시 달서구 감삼동,128.532715405382,35.8463971229643,125.58544996981624
MA0101202408A0024742,체이스수학교습소,교육,일반 교육,동구,2714073000,안심2동,2714074700,대구광역시 동구 안심4동,128.708411341577,35.8753142928624,6.441272511597268
MA0101202409A0052035,새늘에이치앤씨,과학·기술,전문 디자인,남구,2720066000,대명11동,2720061000,대구광역시 남구 대명6동,128.562475420327,35.8355513955862,2.7686566224333697
MA0101202409A0016748,유메데빌,음식,한식,중구,2711056500,성내1동,2711054500,대구광역시 중구 삼덕동,128.59703575785,35.8664118020746,63.889339429433505
MA0101202409A0009757,대성산업대성화물터미널2주유소,소매,연료 소매,북구,2723071500,관문동,2717067500,대구광역시 서구 상중이동,128.530260862039,35.8862593417679,169.52511371614952
MA0101202409A0134852,바우전집,음식,한식,달서구,2729055500,감삼동,2729056300,대구광역시 달서구 죽전동,128.54557881805,35.853919156121,45.63726258451994
MA0101202409A0132354,정가네광고,과학·기술,광고,달서구,2729055500,감삼동,2729056300,대구광역시 달서구 죽전동,128.547215750228,35.8544207521554,22.986068657005863
MA0101202409A0137680,카페노리터대구,음식,서양식,중구,2711056500,성내1동,2711054500,대구광역시 중구 삼덕동,128.599184139662,35.8680953882063,28.940384362443453
MA0101202409A0069372,미트밀리반월당역점,소매,식료품 소매,중구,2711057500,성내2동,2711065000,대구광역시 중구 남산2동,128.593342554172,35.864424266825,188.59244919554598
MA0101202409A0101603,따숨심리상담센터,교육,교육 지원,달서구,2729055500,감삼동,2729056300,대구광역시 달서구 죽전동,128.547215750228,35.8544207521554,22.986068657005863
MA0101202409A0070135,내친구뭉구야,소매,오락용품 소매,남구,2720057100,대명2동,2720051500,대구광역시 남구 이천동,128.595161980579,35.8519102536804,17.317237853904622
MA0101202409A0057467,썸,음식,주점,달서구,2729055500,감삼동,2729056300,대구광역시 달서구 죽전동,128.541660098779,35.8521942398904,30.546218141712743
MA0101202409A0142845,헤어나이스데이,수리·개인,이용·미용,동구,2714073000,안심2동,2714074700,대구광역시 동구 안심4동,128.709052887937,35.8732235635301,35.23827990248441
MA0101202409A0106580,그집마늘치킨관음점,음식,기타 간이,북구,2723075000,관음동,2723077000,대구광역시 북구 읍내동,128.547387386693,35.9445961553314,37.89208439583678
MA0101202409A0075396,씨케이종합물류달,소매,의약·화장품 소매,달서구,2729055500,감삼동,2729056300,대구광역시 달서구 죽전동,128.547215750228,35.8544207521554,22.986068657005863
MA0101202409A0158886,한성투어,시설관리·임대,여행사·보조,중구,2711058500,성내3동,2717056500,대구광역시 서구 비산2·3동,128.578480022366,35.8758577852923,20.52254672256635
MA0101202409A0083502,이디야커피대구만촌역점,음식,비알코올 ,수성구,2726056100,만촌3동,2726056000,대구광역시 수성구 만촌2동,128.645198676489,35.8585977067421,3.2586545119947448
MA0101202409A0101960,홈마트,소매,종합 소매,달서구,2729063000,송현1동,2720066000,대구광역시 남구 대명11동,128.560290384287,35.8296502037409,0.05390071589380124
MA0101202409A0110654,양말나라,소매,섬유·의복·신발 소매,달성군,2771038000,구지면,2771026500,대구광역시 달성군 현풍읍,128.422697384268,35.6607911402149,9.873337583546789
MA0101202409A0094135,가든테라스901,소매,오락용품 소매,수성구,2726060100,황금1동,2726054000,대구광역시 수성구 범어4동,128.63641015308,35.8505624463339,74.9707084241294
MA0101202409A0124069,고려만물,소매,중고 상품 소매,남구,2720053000,봉덕1동,2720051500,대구광역시 남구 이천동,128.601439033508,35.8470056134061,7.075381790519738
MA0101202409A0195289,에코광고,과학·기술,광고,달서구,2729055500,감삼동,2729056300,대구광역시 달서구 죽전동,128.547215750228,35.8544207521554,22.986068657005863
MA0101202409A0259727,드림한우마굿간,소매,식료품 소매,달서구,2729056800,장기동,2729055500,대구광역시 달서구 감삼동,128.53423637966,35.8437643604825,2.461074792172881
MA0101202409A0241211,보경식당반찬,음식,한식,북구,2723075000,관음동,2723077000,대구광역시 북구 읍내동,128.547227523551,35.9449226266145,31.091982265601132
MA0101202409A0177271,마실커피뉴타운점,음식,비알코올 ,동구,2714073000,안심2동,2714074700,대구광역시 동구 안심4동,128.709052887937,35.8732235635301,35.23827990248441
MA0101202409A0235220,파세코경북서비스,소매,가전·통신 소매,서구,2717062000,평리1동,2717060000,대구광역시 서구 비산6동,128.567745034015,35.8772419799642,4.358388728402362
MA0101202409A0266117,서호상회,소매,식료품 소매,동구,2714074700,안심4동,2714072000,대구광역시 동구 안심1동,128.708308128483,35.8694764620007,9.425521031196059
MA0101202409A0207138,솔리드공인노무사사무소,과학·기술,법무관련 ,달서구,2729055500,감삼동,2729056300,대구광역시 달서구 죽전동,128.547215750228,35.8544207521554,22.986068657005863
MA0101202409A0179832,에스에스제이컴퍼니2,음식,비알코올 ,중구,2711056500,성내1동,2711054500,대구광역시 중구 삼덕동,128.598901434916,35.8683514719289,0.43678530426167983
MA0101202409A0182827,깨끗한아빠,시설관리·임대,청소·방제,달서구,2729056800,장기동,2729057100,대구광역시 달서구 용산1동,128.524222819481,35.8520112289769,313.41836095565105
MA0101202409A0198905,살롱드쁨,수리·개인,이용·미용,남구,2720066000,대명11동,2720061000,대구광역시 남구 대명6동,128.562261385932,35.8359236511062,2.8352331912038373
MA0101202409A0166971,볼드디자인,과학·기술,전문 디자인,달서구,2729055500,감삼동,2729056300,대구광역시 달서구 죽전동,128.547215750228,35.8544207521554,22.986068657005863
MA0101202409A0251692,글로칼,시설관리·임대,고용 알선,수성구,2726056100,만촌3동,2726056000,대구광역시 수성구 만촌2동,128.646168627369,35.858395179083,1.1377368694736094
MA0101202409A0239403,해피니언아카데미학원,교육,기타 교육,중구,2711056500,성내1동,2711054500,대구광역시 중구 삼덕동,128.595925479531,35.866805039917,16.549076130670112
MA0101202409A0230321,티스테이션대구,수리·개인,자동차 수리·세차,동구,2714065500,동촌동,2714064000,대구광역시 동구 지저동,128.642878172919,35.8915028915577,26.320594264608136
MA0101202409A0222950,파르페,과학·기술,광고,중구,2711067000,남산4동,2711065000,대구광역시 중구 남산2동,128.582124996557,35.8642751703396,22.53651335338749
MA0101202411A0052431,명덕1공인중개사사무소,부동산,부동산 서비스,남구,2720051500,이천동,2720057100,대구광역시 남구 대명2동,128.594039968068,35.8550250874033,0.7768152726154406
MA0101202411A0074098,국제인증금거래소,소매,시계·귀금속 소매,남구,2720054000,봉덕2동,2720053000,대구광역시 남구 봉덕1동,128.602227430238,35.8443817798767,17.936384013793607
MA0101202411A0082491,땡그랑외계인도넛,음식,기타 간이,북구,2723075000,관음동,2723077000,대구광역시 북구 읍내동,128.547185151629,35.944454580598,16.851963926652154
MA0101202411A0069809,삼성오일뱅크,소매,연료 소매,서구,2717062000,평리1동,2717055000,대구광역시 서구 비산1동,128.566955917087,35.8799016466889,7.74914356400127
MA0101202411A0000982,제이샵Jshop,소매,섬유·의복·신발 소매,중구,2711057500,성내2동,2711065000,대구광역시 중구 남산2동,128.593342554172,35.864424266825,188.59244919554598
MA0101202411A0139701,날마다,소매,섬유·의복·신발 소매,달서구,2729055500,감삼동,2729056300,대구광역시 달서구 죽전동,128.545366706377,35.8549672211582,156.6911147917441
MA0101202411A0087703,왓숑커피,음식,비알코올 ,달서구,2729056800,장기동,2729057100,대구광역시 달서구 용산1동,128.5227786777,35.851741173698,234.87368911622124
MA0101202411A0117482,다정,음식,한식,북구,2723075000,관음동,2723077000,대구광역시 북구 읍내동,128.54696021799,35.9448539815808,5.939387618090933
MA0101202411A0090601,대구펫강아지분양고양이분양,소매,애완동물·용품 소매,북구,2723080000,국우동,2723078000,대구광역시 북구 동천동,128.555451883251,35.9461319687307,0.4645720958424991
MA0101202411A0084471,비에스,과학·기술,기타 전문 과학,달서구,2729055500,감삼동,2729056300,대구광역시 달서구 죽전동,128.547215750228,35.8544207521554,22.986068657005863
MA0101202411A0108556,뉴스타공인중개사사무소,부동산,부동산 서비스,달서구,2729062500,상인2동,2729062400,대구광역시 달서구 상인1동,128.534866898561,35.8178931128935,1.3104327521533965
MA0101202411A0153945,단군일등급사회한국사3관학원,교육,일반 교육,수성구,2726056100,만촌3동,2726056000,대구광역시 수성구 만촌2동,128.646168627369,35.858395179083,1.1377368694736094
MA0101202411A0163604,프랜드피아노음악교습소,교육,기타 교육,동구,2714062000,불로.봉무동,2714064000,대구광역시 동구 지저동,128.63358697001,35.8969012917987,357.19719969066466
MA0101202411A0157243,빌드업과학전문학원,교육,일반 교육,달서구,2729062400,상인1동,2729061500,대구광역시 달서구 진천동,128.530723147206,35.8193247364997,0.9304340479073201
MA0101202411A0101530,플랜비헤어,수리·개인,이용·미용,중구,2711056500,성내1동,2711054500,대구광역시 중구 삼덕동,128.596691565799,35.8663623095284,36.78392696986753
MA0101202411A0152761,홍이축산물프라자,소매,식료품 소매,북구,2723077000,읍내동,2723073500,대구광역시 북구 태전2동,128.549592773143,35.9326816668494,12.530432883071057
MA0101202411A0110659,보람상회,소매,식료품 소매,달서구,2729055000,두류3동,2717054000,대구광역시 서구 내당4동,128.556608440642,35.8575525617758,4.0755196487042324
MA0101202411A0129530,반주종생,음식,한식,달서구,2729056800,장기동,2729055500,대구광역시 달서구 감삼동,128.532029635517,35.8452704147656,2.4621846768197626
MA0101202411A0116556,한미광고,과학·기술,인쇄·제품제작,수성구,2726059000,수성4가동,2726057000,대구광역시 수성구 수성1가동,128.610813870328,35.8606857899891,25.701524077686855
MA0101202411A0146461,빠샌,음식,비알코올 ,수성구,2726065100,지산1동,2726060100,대구광역시 수성구 황금1동,128.629876352633,35.8385038833291,21.701988662412376
MA0101202411A0169213,문정세무법인대,과학·기술,회계·세무,남구,2720056000,대명1동,2720064000,대구광역시 남구 대명9동,128.578338284925,35.8396785978617,1.8243803383641228
MA0101202411A0154303,일일구마켓,시설관리·임대,고용 알선,남구,2720054000,봉덕2동,2720055000,대구광역시 남구 봉덕3동,128.60049050668,35.8378085413311,34.158282458744694
MA0101202411A0145791,스몰스25,음식,기타 간이,중구,2711056500,성내1동,2711054500,대구광역시 중구 삼덕동,128.59917669251,35.8682757158893,8.934997832939494
MA0101202412A0033737,다온,수리·개인,자동차 수리·세차,수성구,2726060100,황금1동,2726054000,대구광역시 수성구 범어4동,128.63641015308,35.8505624463339,74.9707084241294
MA0101202412A0089398,대우성식당,음식,중식,수성구,2726061000,중동,2726062000,대구광역시 수성구 상동,128.610628277825,35.8389256611039,24.306228963741823
MA0101202412A0027814,동성로마사지,수리·개인,욕탕·신체관리,중구,2711056500,성내1동,2711054500,대구광역시 중구 삼덕동,128.59703575785,35.8664118020746,63.889339429433505
MA0101202411A0189474,최도락,음식,한식,동구,2714073000,안심2동,2714072000,대구광역시 동구 안심1동,128.705337409055,35.8734385828741,32.418178859212816
MA0101202412A0002228,유원지막창,음식,한식,중구,2711056500,성내1동,2711054500,대구광역시 중구 삼덕동,128.598605335128,35.8679408876848,45.87850875359127
MA0101202412A0031449,9900육회,음식,한식,달서구,2729056300,죽전동,2717054000,대구광역시 서구 내당4동,128.547466150826,35.8559134383096,98.3228359447343
MA0101202412A0077592,대구공공시설관리공단반월당지하도상가,시설관리·임대,시설관리,중구,2711057500,성내2동,2711065000,대구광역시 중구 남산2동,128.593342554172,35.864424266825,188.59244919554598
MA0101202412A0026243,반하나컨설팅,수리·개인,기타 개인,남구,2720053000,봉덕1동,2720051500,대구광역시 남구 이천동,128.597742855167,35.8497943098699,48.57334449573684
MA0101202412A0086375,이디야커피대구은행메트로점,음식,비알코올 ,수성구,2726059000,수성4가동,2726058000,대구광역시 수성구 수성2·3가동,128.614226400651,35.8597388365547,24.2261295696294
MA0101202412A0034052,깨끗한홈케어,시설관리·임대,청소·방제,중구,2711067000,남산4동,2711065000,대구광역시 중구 남산2동,128.582124996557,35.8642751703396,22.53651335338749
MA0101202412A0039478,류닉수학학원,교육,일반 교육,남구,2720051500,이천동,2720057100,대구광역시 남구 대명2동,128.594539098127,35.8528647258559,3.0819349738895516
MA0101202412A0070313,지앤비남산어학원,교육,일반 교육,중구,2711067000,남산4동,2711065000,대구광역시 중구 남산2동,128.582132840565,35.8641128608209,18.944161724312597
MA0101202412A0023424,바수담,음식,한식,남구,2720054000,봉덕2동,2720053000,대구광역시 남구 봉덕1동,128.602421704243,35.8441358795253,0.08147471872973949
MA0101202412A0001201,한결치과의원,보건의료,의원,동구,2714073000,안심2동,2714072000,대구광역시 동구 안심1동,128.701659627535,35.873346570028,105.54771263175793
MA0101202412A0053574,대구공공시설관리공단두류지하도상가,시설관리·임대,시설관리,달서구,2729055000,두류3동,2717054000,대구광역시 서구 내당4동,128.556608440642,35.8575525617758,4.0755196487042324
MA0101202412A0053667,골든노래연습장,예술·스포츠,유원지·오락,남구,2720054000,봉덕2동,2720053000,대구광역시 남구 봉덕1동,128.603067817851,35.8443435348589,44.74052553396976
MA0101202412A0057516,여유롭다,과학·기술,본사·경영 컨설팅,수성구,2726057000,수성1가동,2726061000,대구광역시 수성구 중동,128.609225254316,35.8483614225589,71.39513354254163
MA0101202501A0013544,동양테크,소매,오락용품 소매,달서구,2729055000,두류3동,2717054000,대구광역시 서구 내당4동,128.556608440642,35.8575525617758,4.0755196487042324
MA0101202501A0021642,인스고고,과학·기술,사진 촬영,달서구,2729055500,감삼동,2729056300,대구광역시 달서구 죽전동,128.547215750228,35.8544207521554,22.986068657005863
MA0101202502A0000795,올패션,소매,섬유·의복·신발 소매,중구,2711057500,성내2동,2711065000,대구광역시 중구 남산2동,128.593342554172,35.864424266825,188.59244919554598
MA0101202501A0043764,코디옷수선점,수리·개인,기타 가정용품 수리,달서구,2729055000,두류3동,2717054000,대구광역시 서구 내당4동,128.556608440642,35.8575525617758,4.0755196487042324
MA0101202502A0020605,미미상점,소매,섬유·의복·신발 소매,중구,2711057500,성내2동,2711065000,대구광역시 중구 남산2동,128.593342554172,35.864424266825,188.59244919554598
MA0101202501A0022232,라의재한복,소매,섬유·의복·신발 소매,남구,2720053000,봉덕1동,2720051500,대구광역시 남구 이천동,128.597765348046,35.8498120336237,51.08452402081439
MA0101202501A0022617,비밀정원대구,소매,섬유·의복·신발 소매,중구,2711056500,성내1동,2711054500,대구광역시 중구 삼덕동,128.598277451346,35.868152514138,22.290554688416137
MA0101202501A0037027,사계절,소매,섬유·의복·신발 소매,달서구,2729055000,두류3동,2717054000,대구광역시 서구 내당4동,128.556608440642,35.8575525617758,4.0755196487042324
MA0101202501A0030554,천재수학교습소,교육,일반 교육,북구,2723068000,검단동,2723067200,대구광역시 북구 복현2동,128.619984518661,35.9065745439889,6.194428639271779
MA0101202502A0001241,듀얼스파크,소매,오락용품 소매,중구,2711056500,성내1동,2711054500,대구광역시 중구 삼덕동,128.597469471239,35.8681632632775,20.81851472861683
MA0101202502A0020755,재경푸드,소매,식료품 소매,북구,2723077000,읍내동,2723075000,대구광역시 북구 관음동,128.547735287229,35.9414106474062,2.815595996733616
MA0101202501A0066678,제이샵Jshop,소매,섬유·의복·신발 소매,달서구,2729055000,두류3동,2717054000,대구광역시 서구 내당4동,128.556608440642,35.8575525617758,4.0755196487042324
MA0101202501A0045804,고테스가베,교육,기타 교육,달서구,2729061500,진천동,2729060100,대구광역시 달서구 월성1동,128.524891117281,35.8169567361623,3.946815778179301
MA0101202501A0065155,산업안전기술컨설팅,과학·기술,기술 서비스,달서구,2729055500,감삼동,2729056300,대구광역시 달서구 죽전동,128.547215750228,35.8544207521554,22.986068657005863
MA0101202501A0032314,한국생약협회,소매,식료품 소매,동구,2714062000,불로.봉무동,2714064000,대구광역시 동구 지저동,128.63270780831,35.8961562975947,466.6038347429526
MA0101202501A0040330,온나,소매,섬유·의복·신발 소매,중구,2711057500,성내2동,2711065000,대구광역시 중구 남산2동,128.593342554172,35.864424266825,188.59244919554598
MA0101202502A0085540,이끌림,소매,섬유·의복·신발 소매,중구,2711056500,성내1동,2711054500,대구광역시 중구 삼덕동,128.597159533042,35.8659595846405,39.552183485213284
MA0101202502A0118507,좋은패밀리병원,보건의료,병원,수성구,2726059000,수성4가동,2726057000,대구광역시 수성구 수성1가동,128.611331835944,35.8605707057217,21.61243986300362
MA0101202502A0041667,화이트크린,시설관리·임대,청소·방제,달서구,2729056300,죽전동,2717054000,대구광역시 서구 내당4동,128.547508316466,35.8558047569548,90.07060867797144
MA0101202502A0031799,반야월벌교꼬막,음식,한식,동구,2714074200,안심3동,2714074700,대구광역시 동구 안심4동,128.732913834238,35.8712596123647,4.527261035497489
MA0101202502A0100680,타코로율암점,음식,서양식,동구,2714073000,안심2동,2714072000,대구광역시 동구 안심1동,128.705354718082,35.8732130554092,56.68245658061159
MA0101202502A0063998,의치한약수수학학원,교육,일반 교육,수성구,2726056100,만촌3동,2726056000,대구광역시 수성구 만촌2동,128.64650099797,35.8584086463929,9.366207305040968
MA0101202502A0099862,송라별미국수,음식,한식,달서구,2729055500,감삼동,2729055000,대구광역시 달서구 두류3동,128.548460020727,35.8529448542942,6.946720329146841
MA0101202502A0040681,손별,소매,의약·화장품 소매,달서구,2729055000,두류3동,2717054000,대구광역시 서구 내당4동,128.556608440642,35.8575525617758,4.0755196487042324
MA0101202502A0035653,씨네마맥주대구황금,음식,주점,수성구,2726065100,지산1동,2726060100,대구광역시 수성구 황금1동,128.629842239243,35.8384592889746,18.0670516224088
MA0101202502A0084396,모멘텀입시학원,교육,일반 교육,수성구,2726065100,지산1동,2726060100,대구광역시 수성구 황금1동,128.629871375842,35.83826064238,18.1214451397268
MA0101202502A0053892,최조이심리상담센터,교육,교육 지원,달서구,2729062600,상인3동,2729062800,대구광역시 달서구 도원동,128.55157590218,35.806621355824,19.770357583824172
MA0101202502A0101361,유뷰티아카데미,수리·개인,이용·미용,달서구,2729056300,죽전동,2717054000,대구광역시 서구 내당4동,128.547673650253,35.8551988554914,40.75290192274617
MA0101202503A0000507,잘난여자잘난남자,소매,섬유·의복·신발 소매,중구,2711057500,성내2동,2711065000,대구광역시 중구 남산2동,128.593342554172,35.864424266825,188.59244919554598
MA0101202502A0054833,까사빌라,소매,섬유·의복·신발 소매,달서구,2729055000,두류3동,2717054000,대구광역시 서구 내당4동,128.556608440642,35.8575525617758,4.0755196487042324
MA0101202502A0079519,한애드,과학·기술,광고,달서구,2729055500,감삼동,2729056300,대구광역시 달서구 죽전동,128.547215750228,35.8544207521554,22.986068657005863
MA0101202502A0036961,대구금매입한국감정금매입금거래소,소매,시계·귀금속 소매,달서구,2729055000,두류3동,2729055500,대구광역시 달서구 감삼동,128.548525663534,35.8540434131002,24.547929478242285
MA0101202502A0026096,도호컴퍼니곱창가옥,음식,한식,중구,2711056500,성내1동,2711054500,대구광역시 중구 삼덕동,128.596660350185,35.8664618502476,41.86971142340509
MA0101202502A0069521,해피,소매,섬유·의복·신발 소매,달서구,2729055000,두류3동,2717054000,대구광역시 서구 내당4동,128.556608440642,35.8575525617758,4.0755196487042324
MA0101202502A0118129,영덕,소매,식료품 소매,북구,2723075000,관음동,2723077000,대구광역시 북구 읍내동,128.547227523551,35.9449226266145,31.091982265601132
MA0101202503A0047410,유메이드,음식,한식,중구,2711056500,성내1동,2711054500,대구광역시 중구 삼덕동,128.597134646448,35.8663744414374,67.93641804978822
MA0101202503A0063079,포토펀,과학·기술,사진 촬영,중구,2711057500,성내2동,2711065000,대구광역시 중구 남산2동,128.593342554172,35.864424266825,188.59244919554598
MA0101202503A0055870,디어,교육,교육 지원,달서구,2729065000,본동,2729060200,대구광역시 달서구 월성2동,128.530444435311,35.8341973890463,60.64103540739347
MA0101202503A0038661,소소한행복,소매,섬유·의복·신발 소매,중구,2711057500,성내2동,2711065000,대구광역시 중구 남산2동,128.593342554172,35.864424266825,188.59244919554598
MA0101202503A0032236,반월당화실Themakers타로,교육,기타 교육,중구,2711057500,성내2동,2711065000,대구광역시 중구 남산2동,128.593342554172,35.864424266825,188.59244919554598
MA0101202503A0076963,진이즈백진is백,소매,섬유·의복·신발 소매,중구,2711057500,성내2동,2711065000,대구광역시 중구 남산2동,128.593342554172,35.864424266825,188.59244919554598
MA0101202503A0078946,구구샵,소매,섬유·의복·신발 소매,중구,2711057500,성내2동,2711065000,대구광역시 중구 남산2동,128.593342554172,35.864424266825,188.59244919554598
MA0101202503A0037770,카미야헤어,수리·개인,이용·미용,중구,2711054500,삼덕동,2711056500,대구광역시 중구 성내1동,128.599087598233,35.86439297619,4.616138522081303
MA0101202503A0011077,토탈패션,소매,섬유·의복·신발 소매,중구,2711057500,성내2동,2711065000,대구광역시 중구 남산2동,128.593342554172,35.864424266825,188.59244919554598
MA0101202503A0061761,예쁜가게,소매,섬유·의복·신발 소매,중구,2711057500,성내2동,2711065000,대구광역시 중구 남산2동,128.593342554172,35.864424266825,188.59244919554598
MA0101202504A0004000,석이네고기마트,소매,식료품 소매,북구,2723077000,읍내동,2723073500,대구광역시 북구 태전2동,128.550277992403,35.9325917153959,10.934151434323853
MA0101202504A0002386,아오아아오아_학정,음식,비알코올 ,북구,2723080000,국우동,2723078000,대구광역시 북구 동천동,128.555649721162,35.9460483018327,10.429858801900078
MA0101202503A0029349,벨루스헤어,수리·개인,이용·미용,달서구,2729056300,죽전동,2717067500,대구광역시 서구 상중이동,128.543321689305,35.8562551244604,45.373024041906895
MA0101202503A0036460,금화,소매,섬유·의복·신발 소매,중구,2711057500,성내2동,2711065000,대구광역시 중구 남산2동,128.593342554172,35.864424266825,188.59244919554598
MA0101202503A0033829,프론다커피바,음식,비알코올 ,중구,2711056500,성내1동,2711051700,대구광역시 중구 동인동,128.600678073414,35.8719143534156,0.22469852958837222
MA0101202503A0032402,날마다everyday,소매,섬유·의복·신발 소매,중구,2711057500,성내2동,2711065000,대구광역시 중구 남산2동,128.593342554172,35.864424266825,188.59244919554598
MA0101202503A0080015,폰케이스,소매,섬유·의복·신발 소매,중구,2711057500,성내2동,2711065000,대구광역시 중구 남산2동,128.593342554172,35.864424266825,188.59244919554598
MA0101202503A0078471,쪼리,소매,섬유·의복·신발 소매,중구,2711057500,성내2동,2711065000,대구광역시 중구 남산2동,128.593342554172,35.864424266825,188.59244919554598
MA0101202503A0070874,일구칠칠동성막창서부,음식,한식,달서구,2729056800,장기동,2729057100,대구광역시 달서구 용산1동,128.524222819481,35.8520112289769,313.41836095565105
MA0101202503A0011708,지에스25지산,소매,종합 소매,수성구,2726065100,지산1동,2726060100,대구광역시 수성구 황금1동,128.629842239243,35.8384592889746,18.0670516224088
MA0101202503A0080051,행복구내식당,음식,구내식당·뷔페,달서구,2729057600,이곡1동,2729056800,대구광역시 달서구 장기동,128.512195312597,35.8464228600045,21.28263325734073
MA0101202503A0076501,제이케이경영컨설팅,과학·기술,본사·경영 컨설팅,달서구,2729056300,죽전동,2717054000,대구광역시 서구 내당4동,128.547281027671,35.855501293257,50.6461010676453
MA0101202503A0022329,디어네이처,소매,의약·화장품 소매,중구,2711057500,성내2동,2711065000,대구광역시 중구 남산2동,128.593342554172,35.864424266825,188.59244919554598
MA0101202504A0010700,빨간언니,소매,섬유·의복·신발 소매,남구,2720053000,봉덕1동,2720051500,대구광역시 남구 이천동,128.604013604445,35.8462413388558,9.378985630218185
MA0101202503A0041742,스타일,소매,섬유·의복·신발 소매,중구,2711057500,성내2동,2711065000,대구광역시 중구 남산2동,128.593342554172,35.864424266825,188.59244919554598
MA0101202504A0010619,영심이,소매,섬유·의복·신발 소매,중구,2711057500,성내2동,2711065000,대구광역시 중구 남산2동,128.593342554172,35.864424266825,188.59244919554598
MA0101202503A0056142,디케이풋볼클럽,교육,기타 교육,중구,2711056500,성내1동,2711069000,대구광역시 중구 대봉2동,128.598302949517,35.8600508963516,20.08366482410258
MA0101202504A0032620,코디,소매,섬유·의복·신발 소매,달서구,2729055000,두류3동,2717054000,대구광역시 서구 내당4동,128.556608440642,35.8575525617758,4.0755196487042324
MA0101202504A0043699,트라이,소매,섬유·의복·신발 소매,중구,2711057500,성내2동,2711065000,대구광역시 중구 남산2동,128.593342554172,35.864424266825,188.59244919554598
MA0101202504A0029210,더존상회,소매,식료품 소매,중구,2711057500,성내2동,2711065000,대구광역시 중구 남산2동,128.593342554172,35.864424266825,188.59244919554598
MA0101202504A0079174,앙르퓌쥬,음식,주점,수성구,2726065200,지산2동,2726066200,대구광역시 수성구 범물2동,128.636754337136,35.8199099209776,10.303334551676624
MA0101202504A0051677,캄애견미용학원,교육,기타 교육,동구,2714051000,신암1동,2723064500,대구광역시 북구 대현동,128.613930782304,35.8844610801359,2.7311453178034997
MA0101202504A0063665,세니떼뷰티샵연지곤지점,소매,의약·화장품 소매,중구,2711057500,성내2동,2711065000,대구광역시 중구 남산2동,128.593342554172,35.864424266825,188.59244919554598
MA0101202504A0060184,굿앤창패브릭,소매,섬유·의복·신발 소매,서구,2717066100,평리6동,2717067500,대구광역시 서구 상중이동,128.546161903599,35.8799458774944,27.645653151799042
MA0101202504A0034278,수성골프샵,소매,오락용품 소매,수성구,2726059000,수성4가동,2726057000,대구광역시 수성구 수성1가동,128.611331835944,35.8605707057217,21.61243986300362
MA0101202504A0105917,모링스위트아트팩토리,교육,일반 교육,수성구,2726052000,범어2동,2726051000,대구광역시 수성구 범어1동,128.627043194395,35.8590883079659,28.91366015426576
MA0101202504A0100175,진미어탕,음식,한식,수성구,2726064000,두산동,2726065200,대구광역시 수성구 지산2동,128.625910922356,35.8253198077932,11.087086987183925
MA0101202504A0085266,바비,소매,섬유·의복·신발 소매,중구,2711057500,성내2동,2711065000,대구광역시 중구 남산2동,128.593342554172,35.864424266825,188.59244919554598
MA0101202504A0078716,캄그루밍,소매,애완동물·용품 소매,동구,2714051000,신암1동,2723064500,대구광역시 북구 대현동,128.613930782304,35.8844610801359,2.7311453178034997
MA0101202504A0076622,매쓰탑명진수학학원,교육,일반 교육,달서구,2729062400,상인1동,2729061500,대구광역시 달서구 진천동,128.530852947576,35.819169886145,1.7221296215278419
MA0101202504A0021100,아모르웨딩,시설관리·임대,가정용품 대여,남구,2720053000,봉덕1동,2720051500,대구광역시 남구 이천동,128.597765348046,35.8498120336237,51.08452402081439
MA0101202504A0107651,관문당,소매,식료품 소매,달서구,2729055500,감삼동,2729056300,대구광역시 달서구 죽전동,128.54584616374,35.8540058313406,42.39941553310469
MA0101202504A0084238,예가잔치국수,음식,한식,중구,2711057500,성내2동,2711065000,대구광역시 중구 남산2동,128.593342554172,35.864424266825,188.59244919554598
MA0101202504A0089000,용지산노래연습장,예술·스포츠,유원지·오락,수성구,2726066200,범물2동,2726066100,대구광역시 수성구 범물1동,128.644386821391,35.8176700142582,8.046701107378912
MA0101202504A0067213,민들레상점대구달서점,음식,비알코올 ,달서구,2729056300,죽전동,2717054000,대구광역시 서구 내당4동,128.547545053031,35.8554167885782,55.20928707374086
MA0101202504A0034048,마마다이닝,음식,비알코올 ,중구,2711056500,성내1동,2711054500,대구광역시 중구 삼덕동,128.595925479531,35.866805039917,16.549076130670112
MA0101202504A0055394,막썰어주는횟집,음식,한식,달서구,2729057100,용산1동,2729056300,대구광역시 달서구 죽전동,128.533621874459,35.8509363840684,3.1065101776845756
MA0101202504A0027103,해외브랜드할인매장,소매,섬유·의복·신발 소매,중구,2711057500,성내2동,2711065000,대구광역시 중구 남산2동,128.593342554172,35.864424266825,188.59244919554598
MA0101202504A0078194,남평문씨해은공파전국종회,음식,한식,달서구,2729055500,감삼동,2729055000,대구광역시 달서구 두류3동,128.548505540341,35.8524396225845,27.94279319875009
MA0101202505A0072076,알뜰타운,소매,가전·통신 소매,달서구,2729055500,감삼동,2729056300,대구광역시 달서구 죽전동,128.547215750228,35.8544207521554,22.986068657005863
MA0101202505A0049275,엘림,소매,섬유·의복·신발 소매,중구,2711057500,성내2동,2711065000,대구광역시 중구 남산2동,128.593342554172,35.864424266825,188.59244919554598
MA0101202505A0066067,그로우대구지사,과학·기술,본사·경영 컨설팅,달서구,2729055500,감삼동,2729056300,대구광역시 달서구 죽전동,128.547215750228,35.8544207521554,22.986068657005863
MA0101202505A0083839,블루전기,소매,기타 생활용품 소매,북구,2723068000,검단동,2723067200,대구광역시 북구 복현2동,128.619707921486,35.9060466066682,40.34682980570425
MA0101202505A0029627,도깨비불분식,음식,기타 간이,달서구,2729055000,두류3동,2729055500,대구광역시 달서구 감삼동,128.548525663534,35.8540434131002,24.547929478242285
MA0101202505A0007694,대구눈부셔커튼블라인드,소매,섬유·의복·신발 소매,달서구,2729055500,감삼동,2729056300,대구광역시 달서구 죽전동,128.547215750228,35.8544207521554,22.986068657005863
MA0101202505A0041901,북성로우동돼지불고기,음식,한식,동구,2714065500,동촌동,2714064000,대구광역시 동구 지저동,128.644773325067,35.8947841039212,33.27076109473861
MA0101202505A0071329,성주참외농원,소매,식료품 소매,달서구,2729055500,감삼동,2729056300,대구광역시 달서구 죽전동,128.546557921621,35.8541769005098,27.981817004894797
MA0101202505A0066715,카페소야,음식,비알코올 ,중구,2711056500,성내1동,2711054500,대구광역시 중구 삼덕동,128.596866664856,35.8662608559501,41.39001695413692
MA0101202505A0082297,만타쿠,음식,일식,중구,2711056500,성내1동,2711054500,대구광역시 중구 삼덕동,128.597469471239,35.8681632632775,20.81851472861683
MA0101202505A0032654,빵아빵아공항대로점,소매,종합 소매,동구,2714062000,불로.봉무동,2714064000,대구광역시 동구 지저동,128.632011754496,35.9000136024446,110.69984578331524
MA0101202505A0082253,쓰리돌핀스,소매,섬유·의복·신발 소매,달서구,2729055500,감삼동,2729056300,대구광역시 달서구 죽전동,128.547215750228,35.8544207521554,22.986068657005863
MA0101202505A0023720,아이프로젝트,과학·기술,본사·경영 컨설팅,달서구,2729055500,감삼동,2729056300,대구광역시 달서구 죽전동,128.547215750228,35.8544207521554,22.986068657005863
MA0101202505A0007664,카페새소리앞산큰골매점,음식,비알코올 ,남구,2720055000,봉덕3동,2720064000,대구광역시 남구 대명9동,128.588974374278,35.8308242965039,9.58038924166548
MA0101202505A0079392,꼬모스튜디오,과학·기술,사진 촬영,남구,2720053000,봉덕1동,2720051500,대구광역시 남구 이천동,128.597765348046,35.8498120336237,51.08452402081439
MA0101202505A0006988,미르,음식,한식,동구,2714065500,동촌동,2714064000,대구광역시 동구 지저동,128.642438669641,35.8905987594221,26.03210419139664
MA0101202505A0004191,록캣,소매,섬유·의복·신발 소매,중구,2711056500,성내1동,2711054500,대구광역시 중구 삼덕동,128.59735691014,35.8664165428831,86.17534317677767
MA0101202505A0086482,윤떡대장,음식,기타 간이,동구,2714062000,불로.봉무동,2714064000,대구광역시 동구 지저동,128.631841917559,35.8987543236773,245.12149836903512
MA0101202505A0069391,이마트24서남,소매,종합 소매,달서구,2729055500,감삼동,2729056300,대구광역시 달서구 죽전동,128.545173953925,35.8535909381798,29.33338793231872
MA0101202505A0087337,대천국밥안심뉴타운점,음식,한식,동구,2714073000,안심2동,2714072000,대구광역시 동구 안심1동,128.7025732096,35.8736129712587,60.859417221713436
MA0101202505A0004197,꽃,소매,섬유·의복·신발 소매,중구,2711057500,성내2동,2711065000,대구광역시 중구 남산2동,128.593342554172,35.864424266825,188.59244919554598
MA0101202505A0092161,반달네일,수리·개인,이용·미용,중구,2711057500,성내2동,2711065000,대구광역시 중구 남산2동,128.593342554172,35.864424266825,188.59244919554598
MA0101202506A0015365,체리스타,소매,섬유·의복·신발 소매,달서구,2729055000,두류3동,2717054000,대구광역시 서구 내당4동,128.556608440642,35.8575525617758,4.0755196487042324
MA0101202507A0003949,프라임엠,과학·기술,광고,달서구,2729055500,감삼동,2729056300,대구광역시 달서구 죽전동,128.547215750228,35.8544207521554,22.986068657005863
MA0101202506A0020991,수라간F&B,음식,한식,북구,2723063100,산격4동,2723063000,대구광역시 북구 산격3동,128.605030209734,35.8906180058732,17.739497133528594
MA0101202506A0010010,절대짬뽕,음식,중식,서구,2717059000,비산5동,2717061000,대구광역시 서구 비산7동,128.564307850778,35.8871363200615,9.351917196879919
MA0101202506A0035982,에브리왁싱,수리·개인,이용·미용,중구,2711056500,성내1동,2711054500,대구광역시 중구 삼덕동,128.596764522457,35.8661360538399,25.360877216539826
MA0101202506A0019584,행복한아이엠푸드,음식,한식,달서구,2729065000,본동,2729060200,대구광역시 달서구 월성2동,128.530765633367,35.8342113206216,52.97752950081733
MA0101202506A0011567,체리청과,소매,식료품 소매,중구,2711057500,성내2동,2711065000,대구광역시 중구 남산2동,128.593342554172,35.864424266825,188.59244919554598
MA0101202506A0037601,헤어마레,수리·개인,이용·미용,남구,2720054000,봉덕2동,2720055000,대구광역시 남구 봉덕3동,128.600367464923,35.839396198259,8.171001787959735
MA0101202506A0019303,조은날,소매,섬유·의복·신발 소매,수성구,2726052000,범어2동,2726051000,대구광역시 수성구 범어1동,128.627043194395,35.8590883079659,28.91366015426576
MA0101202507A0010901,단디클린,시설관리·임대,청소·방제,달서구,2729055500,감삼동,2729056300,대구광역시 달서구 죽전동,128.547215750228,35.8544207521554,22.986068657005863
MA0101202507A0010768,원솔루션,과학·기술,광고,달서구,2729055500,감삼동,2729056300,대구광역시 달서구 죽전동,128.547215750228,35.8544207521554,22.986068657005863
MA0101202507A0012400,뜰,수리·개인,이용·미용,달성군,2771038000,구지면,2771026500,대구광역시 달성군 현풍읍,128.422696584999,35.6607460899095,6.351933783679166
MA0101202506A0005159,하삼동커피_서남,음식,비알코올 ,달서구,2729055500,감삼동,2729056300,대구광역시 달서구 죽전동,128.545933950699,35.8545363812291,90.10738260701457
MA0101202506A0028527,대구청소업체,시설관리·임대,청소·방제,수성구,2726061000,중동,2726057000,대구광역시 수성구 수성1가동,128.610689764452,35.8490807340045,3.579794611634498
MA0101202506A0033704,디플셀,소매,의약·화장품 소매,중구,2711057500,성내2동,2711065000,대구광역시 중구 남산2동,128.593342554172,35.864424266825,188.59244919554598
MA0101202507A0010129,한미모,소매,섬유·의복·신발 소매,중구,2711057500,성내2동,2711065000,대구광역시 중구 남산2동,128.593342554172,35.864424266825,188.59244919554598
MA0101202507A0006062,대구토크서비스,소매,의약·화장품 소매,수성구,2726061000,중동,2726057000,대구광역시 수성구 수성1가동,128.611454742246,35.8491425665679,7.946872272550894
MA0101202508A0007256,주연세무회계,과학·기술,회계·세무,동구,2714067000,방촌동,2714065500,대구광역시 동구 동촌동,128.657983757826,35.88354553006,1.5737807426641373
MA0101202508A0002290,와우닭집,음식,한식,달서구,2729057100,용산1동,2729056300,대구광역시 달서구 죽전동,128.533621874459,35.8509363840684,3.1065101776845756
MA0101202507A0024595,동남약국,소매,의약·화장품 소매,북구,2723068000,검단동,2723067200,대구광역시 북구 복현2동,128.620064053225,35.9066725955224,1.2899048009078298
MA0101202507A0032236,비온닷컴,소매,음료 소매,달서구,2729055000,두류3동,2717054000,대구광역시 서구 내당4동,128.556608440642,35.8575525617758,4.0755196487042324
MA0101202507A0029949,한국금은거래소,소매,시계·귀금속 소매,중구,2711067000,남산4동,2711065000,대구광역시 중구 남산2동,128.582106084742,35.8644376256377,25.16202634997019
MA0101202507A0027003,프라이빗존,예술·스포츠,유원지·오락,중구,2711056500,성내1동,2711054500,대구광역시 중구 삼덕동,128.598277451346,35.868152514138,22.290554688416137
MA0101202507A0023964,인디고스위치,과학·기술,전문 디자인,중구,2711067000,남산4동,2711065000,대구광역시 중구 남산2동,128.5821135706,35.8642572979305,21.0630975620003
MA0101202507A0042638,크림,소매,섬유·의복·신발 소매,달서구,2729055000,두류3동,2717054000,대구광역시 서구 내당4동,128.556608440642,35.8575525617758,4.0755196487042324
MA0101202507A0023371,경원고등학교매점,소매,종합 소매,달서구,2729057200,용산2동,2717067500,대구광역시 서구 상중이동,128.525687352418,35.8654739008453,25.35435124776959
MA0101202507A0013909,알에스지전기,소매,기타 생활용품 소매,동구,2714062000,불로.봉무동,2714064000,대구광역시 동구 지저동,128.63360263403,35.8965856818257,388.9085201198256
MA0101202507A0041909,맥피씨카페,소매,가전·통신 소매,중구,2711056500,성내1동,2711054500,대구광역시 중구 삼덕동,128.598277451346,35.868152514138,22.290554688416137
MA0101202507A0033693,지에스25대구성당못점,소매,종합 소매,남구,2720059000,대명4동,2720065000,대구광역시 남구 대명10동,128.561095195954,35.8419224573645,9.424784208491642
MA0101202507A0042766,미가매생이굴국밥,음식,한식,수성구,2726059000,수성4가동,2726057000,대구광역시 수성구 수성1가동,128.612810444579,35.8603345875396,0.3123956218653644
MA0101202507A0040187,봉덕스팀손세차,수리·개인,자동차 수리·세차,남구,2720053000,봉덕1동,2720051500,대구광역시 남구 이천동,128.598130153529,35.849789158239,59.186612191863844
MA0101202507A0021021,처갓집양념치킨,음식,기타 간이,수성구,2726065100,지산1동,2726060100,대구광역시 수성구 황금1동,128.629671857175,35.838245325962,0.024979169820744333
MA0101202507A0013222,그리며빚으며꿈꾸며,소매,장식품 소매,수성구,2726052000,범어2동,2726051000,대구광역시 수성구 범어1동,128.627043194395,35.8590883079659,28.91366015426576
MA0101202507A0034041,빨주노초,소매,오락용품 소매,달서구,2729055000,두류3동,2717054000,대구광역시 서구 내당4동,128.556608440642,35.8575525617758,4.0755196487042324
MA0101202507A0016045,챠밍헤어,수리·개인,이용·미용,북구,2723075000,관음동,2723077000,대구광역시 북구 읍내동,128.547337284457,35.943731707805,14.079101170045906
MA0101202507A0042136,명진스카이크레인,시설관리·임대,산업용품 대여,동구,2714062000,불로.봉무동,2714064000,대구광역시 동구 지저동,128.634959903479,35.8947288944695,567.6313471595059
MA0101202507A0030961,바빈스커피대구현풍점,음식,비알코올 ,달성군,2771038000,구지면,2771026500,대구광역시 달성군 현풍읍,128.422696584999,35.6607460899095,6.351933783679166
MA0101202507A0029511,스테디필라테스,교육,기타 교육,동구,2714073000,안심2동,2714074700,대구광역시 동구 안심4동,128.709172510349,35.8731227372759,44.47231099451019
MA0101202508A0001664,키키부,과학·기술,전문 디자인,달서구,2729056300,죽전동,2717054000,대구광역시 서구 내당4동,128.546937258763,35.8554696745914,31.340143239893443
MA0101202508A0001247,더클린스페이스,시설관리·임대,청소·방제,달서구,2729055500,감삼동,2729056300,대구광역시 달서구 죽전동,128.547215750228,35.8544207521554,22.986068657005863
MA0101202507A0024483,한국금은거래소,소매,시계·귀금속 소매,수성구,2726052000,범어2동,2726051000,대구광역시 수성구 범어1동,128.624462421382,35.8590151007614,195.0463521722735
MA0101202508A0030840,카페봄봄용지점,음식,비알코올 ,수성구,2726066200,범물2동,2726066100,대구광역시 수성구 범물1동,128.644789385311,35.8173400936309,11.720308707084307
MA0101202509A0011895,황금돼지정육점,소매,식료품 소매,수성구,2726065100,지산1동,2726060100,대구광역시 수성구 황금1동,128.629695085248,35.8388397649167,9.768044901867079
MA0101202508A0035798,힐링센터깨움,교육,기타 교육,남구,2720054000,봉덕2동,2720053000,대구광역시 남구 봉덕1동,128.602227430238,35.8443817798767,17.936384013793607
MA0101202508A0023836,세무회계해인,과학·기술,회계·세무,동구,2714067000,방촌동,2714065500,대구광역시 동구 동촌동,128.657983757826,35.88354553006,1.5737807426641373
MA0101202508A0034685,봄결,수리·개인,이용·미용,중구,2711057500,성내2동,2711065000,대구광역시 중구 남산2동,128.593342554172,35.864424266825,188.59244919554598
MA0101202509A0016360,두찜대구대명점,음식,한식,남구,2720057100,대명2동,2720060000,대구광역시 남구 대명5동,128.587246031963,35.849050333283,6.448411920705414
MA0101202508A0017393,닭불이네,음식,한식,중구,2711056500,성내1동,2711054500,대구광역시 중구 삼덕동,128.598277451346,35.868152514138,22.290554688416137
MA0101202509A0018033,그린하우스,소매,섬유·의복·신발 소매,중구,2711057500,성내2동,2711065000,대구광역시 중구 남산2동,128.593342554172,35.864424266825,188.59244919554598
MA0101202508A0031816,이코샵,소매,섬유·의복·신발 소매,중구,2711056500,성내1동,2711054500,대구광역시 중구 삼덕동,128.596840149695,35.8665946314528,63.783222972159194
MA0101202508A0019918,대운농수산,소매,종합 소매,달서구,2729055000,두류3동,2717054000,대구광역시 서구 내당4동,128.556608440642,35.8575525617758,4.0755196487042324
MA0101202508A0019241,피코,음식,한식,수성구,2726051000,범어1동,2726060200,대구광역시 수성구 황금2동,128.62590398535,35.849380424004,11.963523559828207
MA0101202509A0014488,다올,소매,섬유·의복·신발 소매,중구,2711057500,성내2동,2711065000,대구광역시 중구 남산2동,128.593342554172,35.864424266825,188.59244919554598
MA0101202508A0023789,바르게필라테스,교육,기타 교육,달서구,2729056800,장기동,2729055500,대구광역시 달서구 감삼동,128.53423637966,35.8437643604825,2.461074792172881
MA0101202508A0017921,반월당부티크,소매,섬유·의복·신발 소매,중구,2711057500,성내2동,2711065000,대구광역시 중구 남산2동,128.593342554172,35.864424266825,188.59244919554598
MA0101202508A0034860,뷰티로망스,소매,의약·화장품 소매,남구,2720066000,대명11동,2720061000,대구광역시 남구 대명6동,128.56135132072,35.8374854623627,2.129327701216207
MA0101202508A0022285,범호클린유한책임회사,시설관리·임대,청소·방제,달서구,2729062600,상인3동,2729062800,대구광역시 달서구 도원동,128.555949324479,35.8073758612784,9.814759152848236
MA0101202510A0015361,홍찜닭,음식,한식,달서구,2729056800,장기동,2729055500,대구광역시 달서구 감삼동,128.53423637966,35.8437643604825,2.461074792172881
MA0101202510A0019029,핑크옷장,소매,종합 소매,중구,2711057500,성내2동,2711065000,대구광역시 중구 남산2동,128.593342554172,35.864424266825,188.59244919554598
MA0101202510A0020027,청심결혼정보,수리·개인,기타 개인,달서구,2729056300,죽전동,2717054000,대구광역시 서구 내당4동,128.547642902107,35.8553254128416,51.23386103260955
MA0101202510A0000612,파스쿠찌대구대표도서관점,음식,비알코올 ,남구,2720060000,대명5동,2720055000,대구광역시 남구 봉덕3동,128.591851190903,35.8424380632267,70.7525091286543
MA0101202509A0038365,라쿠키네,음식,기타 간이,동구,2714073000,안심2동,2714074700,대구광역시 동구 안심4동,128.708500277312,35.8753310501725,14.63453404941747
MA0101202510A0025831,클린하우스,시설관리·임대,청소·방제,서구,2717062000,평리1동,2717055000,대구광역시 서구 비산1동,128.564330995415,35.880431497918,9.40430522049488
MA0101202509A0028993,한방도라지능이닭오리백숙,음식,한식,서구,2717059000,비산5동,2717061000,대구광역시 서구 비산7동,128.564232834588,35.8872634575386,9.394855671333806
MA0101202509A0035416,스텔라떡볶이대구방천로점대구동구지역자활센터,음식,기타 간이,동구,2714062000,불로.봉무동,2714064000,대구광역시 동구 지저동,128.633987718444,35.8986170039837,173.1523282936117
MA0101202510A0000935,무무축산,소매,식료품 소매,동구,2714073000,안심2동,2714074700,대구광역시 동구 안심4동,128.710633523701,35.8731019356471,174.9811219834395
MA0101202509A0034636,즐겁다커피,음식,비알코올 ,남구,2720066000,대명11동,2720061000,대구광역시 남구 대명6동,128.562560220739,35.8353610508471,0.720319029118415
MA0101202509A0031631,블루블링,소매,섬유·의복·신발 소매,중구,2711057500,성내2동,2711065000,대구광역시 중구 남산2동,128.593342554172,35.864424266825,188.59244919554598
MA0101202510A0010182,루피,음식,한식,중구,2711056500,성내1동,2711054500,대구광역시 중구 삼덕동,128.599184139662,35.8680953882063,28.940384362443453
MA0101202510A0001878,파스타119,음식,서양식,북구,2723074500,구암동,2723073500,대구광역시 북구 태전2동,128.55190892499,35.9236313218376,64.75540832911592
MA0101202510A0002881,푸엉호앙,예술·스포츠,유원지·오락,서구,2717059000,비산5동,2717061000,대구광역시 서구 비산7동,128.56454450069,35.8867817905437,6.994364481617237
MA0101202509A0026500,빈티지#,소매,섬유·의복·신발 소매,북구,2723075000,관음동,2723077000,대구광역시 북구 읍내동,128.547337284457,35.943731707805,14.079101170045906
MA0101202509A0027909,이브자리감삼,소매,섬유·의복·신발 소매,달서구,2729055500,감삼동,2729056300,대구광역시 달서구 죽전동,128.5418508428,35.8523269647981,36.142800853473425
MA0101202511A0006062,짱구분식,음식,기타 간이,북구,2723077000,읍내동,2723075000,대구광역시 북구 관음동,128.547525143413,35.9414313801926,20.91500518797271
MA0101202511A0025454,24시국민하수구케어,시설관리·임대,청소·방제,동구,2714062000,불로.봉무동,2714064000,대구광역시 동구 지저동,128.633372088948,35.8956065823012,497.93940018709606
MA0101202511A0022524,더뉴발리당구장,예술·스포츠,스포츠 서비스,달서구,2729055500,감삼동,2729056300,대구광역시 달서구 죽전동,128.541660098779,35.8521942398904,30.546218141712743
MA0101202510A0034724,두류럭셔리,소매,섬유·의복·신발 소매,달서구,2729055000,두류3동,2717054000,대구광역시 서구 내당4동,128.556608440642,35.8575525617758,4.0755196487042324
MA0101202511A0015224,유리분식,음식,기타 간이,수성구,2726066200,범물2동,2726066100,대구광역시 수성구 범물1동,128.644896462644,35.8171674108468,6.549410675250184
MA0101202511A0030204,완뚝순두부두류점,음식,한식,달서구,2729053500,두류1.2동,2729055000,대구광역시 달서구 두류3동,128.558430961598,35.8573487010333,1.0336398197976493
MA0101202511A0008456,원더브라,소매,섬유·의복·신발 소매,중구,2711057500,성내2동,2711065000,대구광역시 중구 남산2동,128.593342554172,35.864424266825,188.59244919554598
MA0101202511A0012732,디토르테,음식,서양식,중구,2711056500,성내1동,2711054500,대구광역시 중구 삼덕동,128.598833396327,35.8682712748205,9.309145600473592
MA0101202511A0003129,빵집오빠,소매,식료품 소매,북구,2723077000,읍내동,2723073500,대구광역시 북구 태전2동,128.550920132278,35.9325653965442,3.117013556767174
MA0101202510A0027365,애드써밋,과학·기술,광고,중구,2711056500,성내1동,2711054500,대구광역시 중구 삼덕동,128.597313792734,35.8681292880398,24.533250750573274
MA0101202511A0001341,메가엠지씨커피대구만촌역점,음식,비알코올 ,수성구,2726056100,만촌3동,2726056000,대구광역시 수성구 만촌2동,128.646280411254,35.8584477153286,9.093019626813895
MA0101202511A0008372,예진무도학원,교육,기타 교육,동구,2714065500,동촌동,2714064000,대구광역시 동구 지저동,128.644611798519,35.8944709200867,30.57964173979011
MA0101202511A0005040,종로면옥2,음식,한식,서구,2717059000,비산5동,2717061000,대구광역시 서구 비산7동,128.56371630553,35.8880271465277,15.023530665840099
MA0101202511A0007774,하이홈푸드,음식,구내식당·뷔페,달서구,2729057700,이곡2동,2729058500,대구광역시 달서구 신당동,128.492885444469,35.8389774606162,637.6788006978163
MA0101202510A0027427,명가금융컨설팅,과학·기술,본사·경영 컨설팅,수성구,2726059000,수성4가동,2726057000,대구광역시 수성구 수성1가동,128.610693772854,35.8607685032667,20.813199944924758
MA0101202510A0033033,마린프레시,소매,식료품 소매,동구,2714073000,안심2동,2714074700,대구광역시 동구 안심4동,128.710633523701,35.8731019356471,174.9811219834395
MA0101202510A0036162,서남옛날가마솥국,소매,식료품 소매,달서구,2729055500,감삼동,2729056300,대구광역시 달서구 죽전동,128.546235766846,35.8541179669364,36.30401185370287
MA0101202510A0028603,쫄구네,음식,한식,달서구,2729056800,장기동,2729055500,대구광역시 달서구 감삼동,128.532029635517,35.8452704147656,2.4621846768197626
MA0101202512A0012420,대신땅콩빵반월당지하,소매,식료품 소매,중구,2711057500,성내2동,2711065000,대구광역시 중구 남산2동,128.593342554172,35.864424266825,188.59244919554598
MA0101202512A0034549,에피쏘헤어,수리·개인,이용·미용,달서구,2729056800,장기동,2729057100,대구광역시 달서구 용산1동,128.524588527008,35.8520336230198,328.6389089573602
MA0101202511A0037228,센트럴클린업,시설관리·임대,청소·방제,중구,2711056500,성내1동,2711054500,대구광역시 중구 삼덕동,128.59917669251,35.8682757158893,8.934997832939494
MA0101202512A0005898,전자담배프라자,소매,식료품 소매,중구,2711057500,성내2동,2711065000,대구광역시 중구 남산2동,128.593342554172,35.864424266825,188.59244919554598
MA0101202512A0008782,전담스팟삼덕점,소매,담배 소매,중구,2711056500,성내1동,2711054500,대구광역시 중구 삼덕동,128.599158744353,35.8679335206535,46.8867539782559
MA0101202512A0014683,파크존,예술·스포츠,스포츠 서비스,동구,2714073000,안심2동,2714074700,대구광역시 동구 안심4동,128.710391958338,35.8731954888346,154.67458905533456
MA0101202512A0004775,프린트카페두류역점,시설관리·임대,사무 지원,달서구,2729055000,두류3동,2717054000,대구광역시 서구 내당4동,128.556608440642,35.8575525617758,4.0755196487042324
MA0101202511A0036118,다그린,과학·기술,기술 서비스,남구,2720053000,봉덕1동,2720051500,대구광역시 남구 이천동,128.597550400873,35.8495805944249,20.56184307540897
MA0101202511A0037639,몰심빵대구,소매,종합 소매,중구,2711057500,성내2동,2711065000,대구광역시 중구 남산2동,128.593342554172,35.864424266825,188.59244919554598
MA0101202512A0034879,헤어바이공유,수리·개인,이용·미용,달서구,2729055500,감삼동,2729056300,대구광역시 달서구 죽전동,128.541121780448,35.852976138326,129.83141119799362
MA0101202601A0044900,아투트,소매,섬유·의복·신발 소매,중구,2711056500,성내1동,2711054500,대구광역시 중구 삼덕동,128.595806079665,35.866923774985,17.001971348702895
MA0101202601A0024326,팔복이발관,수리·개인,이용·미용,수성구,2726066100,범물1동,2726065100,대구광역시 수성구 지산1동,128.643602688536,35.8241779815653,59.1987776156344
MA0101202601A0042677,유니온넥스트,과학·기술,광고,중구,2711067000,남산4동,2711065000,대구광역시 중구 남산2동,128.5821135706,35.8642572979305,21.0630975620003
MA0101202601A0009661,대신땅콩빵청라언덕역점,음식,기타 간이,중구,2711067000,남산4동,2711065000,대구광역시 중구 남산2동,128.582366158764,35.8641548446057,40.51422308101193
MA0101202601A0009852,신명결혼정보,수리·개인,기타 개인,달서구,2729056300,죽전동,2717054000,대구광역시 서구 내당4동,128.547714764403,35.8550361185175,27.350528651356182
MA0101202601A0006993,대구에어컨매립배관교체수리전선수리누수물떨어짐은성시스템,수리·개인,가전제품 수리,달서구,2729055500,감삼동,2729056300,대구광역시 달서구 죽전동,128.547215750228,35.8544207521554,22.986068657005863
MA0101202601A0046785,제로스토어명덕역점,소매,종합 소매,남구,2720057100,대명2동,2711064000,대구광역시 중구 남산1동,128.590001528726,35.8567817739554,9.990982320158752
MA0101202601A0015404,오안네일스튜디오,수리·개인,이용·미용,수성구,2726065100,지산1동,2726060100,대구광역시 수성구 황금1동,128.630041765173,35.8373932340124,22.231246060790788
MA0101202601A0034657,냠냠분식,음식,기타 간이,남구,2720057100,대명2동,2720051500,대구광역시 남구 이천동,128.59497945355,35.8521920323483,11.411541338815702
MA0101202601A0009409,가가,소매,장식품 소매,중구,2711056500,성내1동,2711069000,대구광역시 중구 대봉2동,128.598060016109,35.8600811629109,13.845061472712217
MA0101202601A0026382,에이치스튜디오,과학·기술,사진 촬영,중구,2711068000,대봉1동,2711056500,대구광역시 중구 성내1동,128.599965969411,35.8634801358771,7.812835286793361
MA0101202601A0016239,이음컴퍼니,시설관리·임대,고용 알선,북구,2723077000,읍내동,2723073500,대구광역시 북구 태전2동,128.550643372189,35.9325779839355,6.350590713858326
MA0101202601A0044836,도리폰,소매,가전·통신 소매,달서구,2729062600,상인3동,2729062800,대구광역시 달서구 도원동,128.555949324479,35.8073758612784,9.814759152848236
MA0101202601A0005199,비비안,소매,섬유·의복·신발 소매,중구,2711057500,성내2동,2711065000,대구광역시 중구 남산2동,128.593342554172,35.864424266825,188.59244919554598
MA0101202601A0002869,갤러리미전,소매,장식품 소매,동구,2714051000,신암1동,2714054000,대구광역시 동구 신암4동,128.621116232183,35.8898341941307,10.875855884979972
MA0101202601A0005856,이마트24앞산스카이점,소매,종합 소매,남구,2720061000,대명6동,2720066000,대구광역시 남구 대명11동,128.565126688652,35.8330567442034,2.4842802601291463
MA0101202601A0043184,리버스컨설팅,과학·기술,본사·경영 컨설팅,달서구,2729055500,감삼동,2729056300,대구광역시 달서구 죽전동,128.547215750228,35.8544207521554,22.986068657005863
MA0101202601A0005985,정직화벌집삼겹대구관음점,음식,한식,북구,2723075000,관음동,2723077000,대구광역시 북구 읍내동,128.547213458064,35.9447696143245,26.417831611130968
MA0101202601A0030907,할리퀸즈,소매,애완동물·용품 소매,달서구,2729055500,감삼동,2729056300,대구광역시 달서구 죽전동,128.541029761682,35.8527970882387,115.68594433443927
MA0101202602A0029370,스위트,수리·개인,기타 가정용품 수리,달서구,2729056300,죽전동,2717054000,대구광역시 서구 내당4동,128.546248453869,35.855911095504,40.28425635368765
MA0101202602A0013690,참맛있는반찬,소매,식료품 소매,수성구,2726065100,지산1동,2726060100,대구광역시 수성구 황금1동,128.629879306207,35.8381073405775,16.857653647510418
MA0101202603A0005430,로이스치과의원,보건의료,의원,수성구,2726059000,수성4가동,2726057000,대구광역시 수성구 수성1가동,128.610474435468,35.8608705698747,16.989110844353362
MA0101202603A0009339,감삼관리,시설관리·임대,청소·방제,달서구,2729055500,감삼동,2729056300,대구광역시 달서구 죽전동,128.546421798182,35.8540074340717,17.455729300399785
MA0101202602A0018309,수유리혼밥왕방촌점,음식,한식,동구,2714068500,해안동,2714065500,대구광역시 동구 동촌동,128.658644968756,35.8839238857733,8.88854235845827
MA0101202602A0001378,빅트리,과학·기술,본사·경영 컨설팅,달서구,2729056800,장기동,2729057100,대구광역시 달서구 용산1동,128.523484784603,35.8498848527501,70.2926905910977
MA0101202602A0014278,텐퍼센트감삼역점,음식,비알코올 ,달서구,2729055000,두류3동,2729055500,대구광역시 달서구 감삼동,128.548525663534,35.8540434131002,24.547929478242285
MA0101202602A0019578,브이아이피노래연습장,예술·스포츠,유원지·오락,북구,2723077000,읍내동,2723073500,대구광역시 북구 태전2동,128.550277992403,35.9325917153959,10.934151434323853
MA0101202602A0001223,보물창고,소매,섬유·의복·신발 소매,달서구,2729055000,두류3동,2717054000,대구광역시 서구 내당4동,128.556608440642,35.8575525617758,4.0755196487042324
MA0101202603A0000855,제이에이치컴퍼니,과학·기술,광고,달서구,2729055500,감삼동,2729056300,대구광역시 달서구 죽전동,128.547215750228,35.8544207521554,22.986068657005863
MA0101202602A0027226,이마트24동대구해링턴점,소매,종합 소매,동구,2714051000,신암1동,2714054000,대구광역시 동구 신암4동,128.620497480874,35.8904463076306,11.02665942022522
MA0101202602A0011147,중앙프라자약국,소매,의약·화장품 소매,북구,2723077000,읍내동,2723073500,대구광역시 북구 태전2동,128.550079301959,35.9326303272708,10.031129625649731
MA0101202603A0002801,굿모닝천빵,소매,종합 소매,남구,2720054000,봉덕2동,2720053000,대구광역시 남구 봉덕1동,128.603200415091,35.8443327540395,48.48820854648515
MA0101202602A0005903,소아프테일러,소매,섬유·의복·신발 소매,남구,2720053000,봉덕1동,2720051500,대구광역시 남구 이천동,128.597765348046,35.8498120336237,51.08452402081439
MA0101202602A0032444,마초스테이크,음식,서양식,중구,2711056500,성내1동,2711054500,대구광역시 중구 삼덕동,128.598605335128,35.8679408876848,45.87850875359127
MA0101202602A0002780,춘대분식,음식,기타 간이,동구,2714051000,신암1동,2723064500,대구광역시 북구 대현동,128.612517317021,35.8824705295431,4.043065023247835
MA0101202604A0004251,손끝차이풋앤바디,수리·개인,이용·미용,수성구,2726059000,수성4가동,2726057000,대구광역시 수성구 수성1가동,128.610693772854,35.8607685032667,20.813199944924758
MA0101202603A0015041,피자팜,음식,기타 간이,중구,2711056500,성내1동,2711054500,대구광역시 중구 삼덕동,128.59637619688,35.8666458559123,35.7993647891728
MA0101202603A0014890,마음봄요양보호사교육원,교육,교육 지원,수성구,2726059000,수성4가동,2726057000,대구광역시 수성구 수성1가동,128.611539009878,35.8604147322368,31.429134151831963
MA0101202604A0006732,두두찜닭,음식,한식,달서구,2729056300,죽전동,2717067500,대구광역시 서구 상중이동,128.543457348995,35.855829840084,1.1407237501354395
MA0101202603A0031403,리더스병원장례식장,수리·개인,장례식장 ,동구,2714073000,안심2동,2714072000,대구광역시 동구 안심1동,128.702333255407,35.8732649332201,102.88033330478315
MA0101202603A0048476,로우필라테스,교육,기타 교육,달서구,2729062400,상인1동,2729061500,대구광역시 달서구 진천동,128.530852947576,35.819169886145,1.7221296215278419
MA0101202603A0024837,보험올케어,소매,섬유·의복·신발 소매,중구,2711057500,성내2동,2711065000,대구광역시 중구 남산2동,128.593342554172,35.864424266825,188.59244919554598
MA0101202603A0011433,대풍약국,소매,의약·화장품 소매,달서구,2729055500,감삼동,2729056300,대구광역시 달서구 죽전동,128.545006175133,35.8557828952627,251.64274324164467
MA0101202603A0019866,아델라,소매,섬유·의복·신발 소매,중구,2711057500,성내2동,2711065000,대구광역시 중구 남산2동,128.593342554172,35.864424266825,188.59244919554598
MA0101202603A0015014,전문환스튜디오아트웨이쇼룸5스튜디오,소매,장식품 소매,수성구,2726052000,범어2동,2726051000,대구광역시 수성구 범어1동,128.627043194395,35.8590883079659,28.91366015426576
MA0101202604A0007365,더조은한의원,보건의료,의원,달서구,2729055500,감삼동,2729056300,대구광역시 달서구 죽전동,128.547360841464,35.8544819639473,22.60577699084439
MA0101202604A0007404,짱구악세사리,소매,섬유·의복·신발 소매,중구,2711057500,성내2동,2711065000,대구광역시 중구 남산2동,128.593342554172,35.864424266825,188.59244919554598
MA0101202603A0026029,주름옷란마,소매,섬유·의복·신발 소매,중구,2711057500,성내2동,2711065000,대구광역시 중구 남산2동,128.593342554172,35.864424266825,188.59244919554598
MA0101202603A0023291,연주식당,음식,한식,서구,2717059000,비산5동,2717061000,대구광역시 서구 비산7동,128.563888305778,35.8877635746212,13.591827114954256
MA0101202603A0013192,오늘은오므라이스달서점,음식,주점,달서구,2729065000,본동,2729060200,대구광역시 달서구 월성2동,128.530547990628,35.8344033360453,35.96977351561705
MA0101202603A0044561,웨스트앤드,소매,섬유·의복·신발 소매,중구,2711056500,성내1동,2711054500,대구광역시 중구 삼덕동,128.595905872878,35.8669314604927,24.377400830734484
MA0101202603A0018285,헤어디자인엠,수리·개인,이용·미용,달서구,2729055000,두류3동,2729055500,대구광역시 달서구 감삼동,128.548575213425,35.8537453943566,10.210763662308882
MA0101202603A0025982,위드밸류,과학·기술,본사·경영 컨설팅,남구,2720054000,봉덕2동,2720055000,대구광역시 남구 봉덕3동,128.60049050668,35.8378085413311,34.158282458744694
MA0101202603A0046414,프라임빌딩케어,시설관리·임대,청소·방제,달서구,2729055500,감삼동,2729056300,대구광역시 달서구 죽전동,128.547215750228,35.8544207521554,22.986068657005863
MA0101202603A0048755,카페봄봄남,음식,비알코올 ,남구,2720054000,봉덕2동,2720053000,대구광역시 남구 봉덕1동,128.60197239405,35.844358146495,6.226821991273459
MA0101202603A0030945,더골드짐,예술·스포츠,스포츠 서비스,수성구,2726065100,지산1동,2726060100,대구광역시 수성구 황금1동,128.629941442021,35.8389806057966,33.68358765785046
MA0101202603A0022084,와이에이치링크,과학·기술,본사·경영 컨설팅,동구,2714073000,안심2동,2714074700,대구광역시 동구 안심4동,128.709357996969,35.8724802977409,77.30408205117367
MA0101202603A0040249,셀니대구,소매,섬유·의복·신발 소매,중구,2711056500,성내1동,2711054500,대구광역시 중구 삼덕동,128.595806079665,35.866923774985,17.001971348702895
MA0101202604A0050566,현대당구장,예술·스포츠,스포츠 서비스,서구,2717059000,비산5동,2717061000,대구광역시 서구 비산7동,128.564458236944,35.8869000632546,8.376998897108226
MA0101202604A0020930,하우스몰,소매,섬유·의복·신발 소매,중구,2711057500,성내2동,2711065000,대구광역시 중구 남산2동,128.593342554172,35.864424266825,188.59244919554598
MA0101202604A0019124,건강한PT,수리·개인,욕탕·신체관리,수성구,2726065100,지산1동,2726060100,대구광역시 수성구 황금1동,128.630132118815,35.8374821224125,31.482367691747786
MA0101202604A0011460,슈퍼크리스피대구감삼역점,음식,기타 간이,달서구,2729055000,두류3동,2729055500,대구광역시 달서구 감삼동,128.548525663534,35.8540434131002,24.547929478242285
MA0101202604A0025372,바라봄,소매,섬유·의복·신발 소매,달서구,2729055000,두류3동,2717054000,대구광역시 서구 내당4동,128.556608440642,35.8575525617758,4.0755196487042324
MA0101202604A0032071,엔비컴퓨터,수리·개인,컴퓨터 수리,남구,2720066000,대명11동,2720061000,대구광역시 남구 대명6동,128.561426827406,35.8373853544051,3.5783539476897257
MA0101202604A0051688,보물섬,소매,종합 소매,달서구,2729055000,두류3동,2717054000,대구광역시 서구 내당4동,128.556608440642,35.8575525617758,4.0755196487042324
MA0101202604A0008350,청춘손만두찐빵,음식,기타 간이,남구,2720056000,대명1동,2720064000,대구광역시 남구 대명9동,128.578338284925,35.8396785978617,1.8243803383641228
MA0101202604A0008250,코이코야,소매,중고 상품 소매,중구,2711056500,성내1동,2711054500,대구광역시 중구 삼덕동,128.596685739845,35.8666237185088,55.34283051466858
MA0101202604A0032335,에이치에스씨피,소매,자동차 부품 소매,북구,2723075000,관음동,2723077000,대구광역시 북구 읍내동,128.547352579643,35.9439477839891,20.27622161272824
MA0101202604A0041484,불로진배기24시,음식,한식,동구,2714065500,동촌동,2714064000,대구광역시 동구 지저동,128.644611798519,35.8944709200867,30.57964173979011
MA0101202604A0024168,하이멍강아지분양고양이분양,소매,애완동물·용품 소매,남구,2720054000,봉덕2동,2720055000,대구광역시 남구 봉덕3동,128.600732988014,35.8383099531107,1.1024183162079662
MA0101202604A0017720,홈데코,소매,섬유·의복·신발 소매,중구,2711057500,성내2동,2711065000,대구광역시 중구 남산2동,128.593342554172,35.864424266825,188.59244919554598
MA0101202604A0008691,봄날,소매,섬유·의복·신발 소매,중구,2711057500,성내2동,2711065000,대구광역시 중구 남산2동,128.593342554172,35.864424266825,188.59244919554598
MA0101202604A0047898,고바슨앤플로우컴퍼니,과학·기술,본사·경영 컨설팅,중구,2711067000,남산4동,2711065000,대구광역시 중구 남산2동,128.5821135706,35.8642572979305,21.0630975620003
MA0101202604A0010495,백년식당,음식,한식,북구,2723075000,관음동,2723077000,대구광역시 북구 읍내동,128.547311402213,35.9452459551687,45.75293059567611
MA0106202201A0584414,케이컴퍼니_피그먼트대구공평동점,소매,섬유·의복·신발 소매,중구,2711056500,성내1동,2711054500,대구광역시 중구 삼덕동,128.598299949688,35.8681702376038,20.332362215615102
MA0106202306A0825732,다복향마라탕수성,소매,종합 소매,수성구,2726056100,만촌3동,2726056000,대구광역시 수성구 만촌2동,128.646280411254,35.8584477153286,9.093019626813895
MA0106202305A1475446,메트로코코몰,소매,기타 상품 소매,중구,2711057500,성내2동,2711065000,대구광역시 중구 남산2동,128.593342554172,35.864424266825,188.59244919554598
MA0106202305A0615527,아트박스대구반월당역점,소매,오락용품 소매,중구,2711057500,성내2동,2711065000,대구광역시 중구 남산2동,128.593342554172,35.864424266825,188.59244919554598
MA0106202301A1465696,메트로코코몰,소매,종합 소매,중구,2711057500,성내2동,2711065000,대구광역시 중구 남산2동,128.593342554172,35.864424266825,188.59244919554598
MA0106202201A0604064,클럽클리오대구서남클럽,소매,의약·화장품 소매,달서구,2729055500,감삼동,2729056300,대구광역시 달서구 죽전동,128.545717166402,35.854773470315,122.58978569328852
MA0106202201A0800053,디토르테,음식,서양식,중구,2711056500,성내1동,2711054500,대구광역시 중구 삼덕동,128.598833396327,35.8682712748205,9.309145600473592
MA0106202201A2214514,씨제이올리브영대구황금,소매,기타 상품 소매,수성구,2726065100,지산1동,2726060100,대구광역시 수성구 황금1동,128.629941442021,35.8389806057966,33.68358765785046
MA0106202201A1339859,하이넷성서수소충전소,과학·기술,기술 서비스,달서구,2729057700,이곡2동,2729058500,대구광역시 달서구 신당동,128.493240380597,35.8354765446007,610.4873708441283
MA0106202201A0824722,씨앤코컴퍼니대구동산병원본관지점,음식,한식,중구,2711057500,성내2동,2711059500,대구광역시 중구 대신동,128.582519216024,35.8701814887016,6.348609135858735
MA0106202201A0047124,이니스프리대구,소매,의약·화장품 소매,중구,2711057500,성내2동,2711065000,대구광역시 중구 남산2동,128.593342554172,35.864424266825,188.59244919554598
MA0106202201A0625422,풀무원푸드앤컬처11전투비행단,소매,기타 상품 소매,동구,2714061500,도평동,2714068500,대구광역시 동구 해안동,128.669610642179,35.8967301659034,731.0773968951056
MA0103202408C0002064,약나무한의원,보건의료,의원,중구,2711067000,남산4동,2711065000,대구광역시 중구 남산2동,128.582132840565,35.8641128608209,18.944161724312597
MA0106202601A1699250,씨에스인베스트_윈섬,음식,비알코올 ,중구,2711056500,성내1동,2711054500,대구광역시 중구 삼덕동,128.59637619688,35.8666458559123,35.7993647891728
MA0106202509A2085801,퍼니랜드,소매,섬유·의복·신발 소매,중구,2711057500,성내2동,2711065000,대구광역시 중구 남산2동,128.593342554172,35.864424266825,188.59244919554598
MA0106202605A1332335,맘스베이커리,음식,한식,남구,2720054000,봉덕2동,2720053000,대구광역시 남구 봉덕1동,128.603614894442,35.8440298443571,32.88998086843818
MA0106202605A0415448,이마트24대구입석점,소매,종합 소매,동구,2714065500,동촌동,2714064000,대구광역시 동구 지저동,128.644345784132,35.893924872495,24.63067335260932
MA0106202605A2261176,미락,음식,한식,중구,2711067000,남산4동,2711065000,대구광역시 중구 남산2동,128.581971301392,35.8643402748942,10.773785477393144
MA0106202605A0685839,휘유헤어대구,수리·개인,이용·미용,중구,2711056500,성내1동,2711054500,대구광역시 중구 삼덕동,128.59735691014,35.8664165428831,86.17534317677767
MA0106202601A0778149,해외할인매장-반월당역1호,소매,섬유·의복·신발 소매,중구,2711057500,성내2동,2711065000,대구광역시 중구 남산2동,128.593342554172,35.864424266825,188.59244919554598
MA0106202505A0779549,디토르테,음식,한식,중구,2711056500,성내1동,2711054500,대구광역시 중구 삼덕동,128.598833396327,35.8682712748205,9.309145600473592
