adm_cd2,indsLclsCd,indsLclsNm,store_count,avg_nearest_subway_dist_m,ratio_subway_zone,avg_parking_capacity_300m,avg_competitor_lcls_300m,avg_competitor_mcls_300m,adm_nm,signgu_cd,signgu_nm,area_km2,pop_total,pop_density,sex_ratio,ratio_2030,ratio_4050,ratio_60plus,total_stores,dong_station_count,dong_daily_ridership,dong_parking_lot_count,dong_total_parking_capacity,store_share_in_dong,store_share_in_city,location_quotient,store_density_km2,stores_per_1000_pop
2711051700,G2,소매,197,642.1,0.203,657.0,67.6,8.3,대구광역시 중구 동인동,27110,중구,0.9707,10997,11328.9,98.22,0.3626,0.2759,0.2459,1055,0,0.0,30,2997,0.1867,0.0065,0.724,202.95,17.91
2711051700,I1,숙박,18,692.1,0.0,1201.0,5.9,4.8,대구광역시 중구 동인동,27110,중구,0.9707,10997,11328.9,98.22,0.3626,0.2759,0.2459,1055,0,0.0,30,2997,0.0171,0.0155,1.739,18.54,1.64
2711051700,I2,음식,348,691.9,0.0632,979.3,163.7,40.2,대구광역시 중구 동인동,27110,중구,0.9707,10997,11328.9,98.22,0.3626,0.2759,0.2459,1055,0,0.0,30,2997,0.3299,0.0092,1.028,358.5,31.64
2711051700,L1,부동산,21,666.6,0.0952,1077.1,8.8,8.8,대구광역시 중구 동인동,27110,중구,0.9707,10997,11328.9,98.22,0.3626,0.2759,0.2459,1055,0,0.0,30,2997,0.0199,0.005,0.566,21.63,1.91
2711051700,M1,과학·기술,200,634.9,0.2,622.5,64.4,11.3,대구광역시 중구 동인동,27110,중구,0.9707,10997,11328.9,98.22,0.3626,0.2759,0.2459,1055,0,0.0,30,2997,0.1896,0.0197,2.206,206.04,18.19
2711051700,N1,시설관리·임대,104,639.2,0.0577,1829.1,62.5,47.8,대구광역시 중구 동인동,27110,중구,0.9707,10997,11328.9,98.22,0.3626,0.2759,0.2459,1055,0,0.0,30,2997,0.0986,0.0239,2.682,107.14,9.46
2711051700,P1,교육,29,646.0,0.1724,961.4,12.0,7.6,대구광역시 중구 동인동,27110,중구,0.9707,10997,11328.9,98.22,0.3626,0.2759,0.2459,1055,0,0.0,30,2997,0.0275,0.0041,0.465,29.88,2.64
2711051700,Q1,보건의료,5,724.4,0.0,1853.6,7.2,6.4,대구광역시 중구 동인동,27110,중구,0.9707,10997,11328.9,98.22,0.3626,0.2759,0.2459,1055,0,0.0,30,2997,0.0047,0.0033,0.367,5.15,0.45
2711051700,R1,예술·스포츠,16,708.1,0.0625,931.1,9.9,3.7,대구광역시 중구 동인동,27110,중구,0.9707,10997,11328.9,98.22,0.3626,0.2759,0.2459,1055,0,0.0,30,2997,0.0152,0.0031,0.352,16.48,1.45
2711051700,S2,수리·개인,117,682.0,0.1111,608.5,42.2,16.8,대구광역시 중구 동인동,27110,중구,0.9707,10997,11328.9,98.22,0.3626,0.2759,0.2459,1055,0,0.0,30,2997,0.1109,0.0071,0.801,120.53,10.64
2711054500,G2,소매,293,451.9,0.7406,1919.3,293.5,103.4,대구광역시 중구 삼덕동,27110,중구,0.644,7460,11583.9,95.75,0.442,0.2615,0.1728,1526,0,0.0,70,3487,0.192,0.0096,0.745,454.97,39.28
2711054500,I1,숙박,21,495.3,0.5238,1515.3,8.4,8.3,대구광역시 중구 삼덕동,27110,중구,0.644,7460,11583.9,95.75,0.442,0.2615,0.1728,1526,0,0.0,70,3487,0.0138,0.0181,1.403,32.61,2.82
2711054500,I2,음식,605,499.2,0.4793,1663.6,363.9,74.6,대구광역시 중구 삼덕동,27110,중구,0.644,7460,11583.9,95.75,0.442,0.2615,0.1728,1526,0,0.0,70,3487,0.3965,0.0159,1.236,939.44,81.1
2711054500,L1,부동산,46,456.9,0.6957,1648.2,22.1,22.1,대구광역시 중구 삼덕동,27110,중구,0.644,7460,11583.9,95.75,0.442,0.2615,0.1728,1526,0,0.0,70,3487,0.0301,0.011,0.856,71.43,6.17
2711054500,M1,과학·기술,162,505.9,0.4938,1451.3,73.9,14.4,대구광역시 중구 삼덕동,27110,중구,0.644,7460,11583.9,95.75,0.442,0.2615,0.1728,1526,0,0.0,70,3487,0.1062,0.0159,1.235,251.55,21.72
2711054500,N1,시설관리·임대,39,459.2,0.7949,2071.5,25.4,9.2,대구광역시 중구 삼덕동,27110,중구,0.644,7460,11583.9,95.75,0.442,0.2615,0.1728,1526,0,0.0,70,3487,0.0256,0.009,0.695,60.56,5.23
2711054500,P1,교육,50,484.3,0.6,1464.8,32.3,20.0,대구광역시 중구 삼덕동,27110,중구,0.644,7460,11583.9,95.75,0.442,0.2615,0.1728,1526,0,0.0,70,3487,0.0328,0.0071,0.554,77.64,6.7
2711054500,Q1,보건의료,66,412.0,0.697,1988.1,47.9,44.0,대구광역시 중구 삼덕동,27110,중구,0.644,7460,11583.9,95.75,0.442,0.2615,0.1728,1526,0,0.0,70,3487,0.0433,0.0431,3.346,102.48,8.85
2711054500,R1,예술·스포츠,73,475.0,0.7123,2214.2,83.6,52.8,대구광역시 중구 삼덕동,27110,중구,0.644,7460,11583.9,95.75,0.442,0.2615,0.1728,1526,0,0.0,70,3487,0.0478,0.0143,1.109,113.35,9.79
2711054500,S2,수리·개인,171,472.0,0.5965,1550.6,95.8,67.3,대구광역시 중구 삼덕동,27110,중구,0.644,7460,11583.9,95.75,0.442,0.2615,0.1728,1526,0,0.0,70,3487,0.1121,0.0104,0.81,265.53,22.92
2711056500,G2,소매,1224,294.7,0.9387,2028.1,581.3,145.4,대구광역시 중구 성내1동,27110,중구,0.759,5527,7281.9,91.71,0.5012,0.2151,0.2171,3406,1,30098.1,64,4750,0.3594,0.0401,1.394,1612.65,221.46
2711056500,I1,숙박,48,380.2,0.8542,1641.9,18.0,11.5,대구광역시 중구 성내1동,27110,중구,0.759,5527,7281.9,91.71,0.5012,0.2151,0.2171,3406,1,30098.1,64,4750,0.0141,0.0413,1.437,63.24,8.68
2711056500,I2,음식,1029,351.9,0.8445,2421.0,422.2,82.8,대구광역시 중구 성내1동,27110,중구,0.759,5527,7281.9,91.71,0.5012,0.2151,0.2171,3406,1,30098.1,64,4750,0.3021,0.0271,0.942,1355.73,186.18
2711056500,L1,부동산,53,316.4,0.9057,2346.2,20.5,20.5,대구광역시 중구 성내1동,27110,중구,0.759,5527,7281.9,91.71,0.5012,0.2151,0.2171,3406,1,30098.1,64,4750,0.0156,0.0127,0.442,69.83,9.59
2711056500,M1,과학·기술,242,341.9,0.8554,1907.2,76.1,15.7,대구광역시 중구 성내1동,27110,중구,0.759,5527,7281.9,91.71,0.5012,0.2151,0.2171,3406,1,30098.1,64,4750,0.0711,0.0238,0.827,318.84,43.79
2711056500,N1,시설관리·임대,120,363.9,0.775,2220.3,45.1,21.1,대구광역시 중구 성내1동,27110,중구,0.759,5527,7281.9,91.71,0.5012,0.2151,0.2171,3406,1,30098.1,64,4750,0.0352,0.0276,0.959,158.1,21.71
2711056500,P1,교육,156,295.1,0.9359,2491.6,52.5,30.2,대구광역시 중구 성내1동,27110,중구,0.759,5527,7281.9,91.71,0.5012,0.2151,0.2171,3406,1,30098.1,64,4750,0.0458,0.0223,0.774,205.53,28.23
2711056500,Q1,보건의료,115,280.4,0.9565,3144.7,67.7,64.6,대구광역시 중구 성내1동,27110,중구,0.759,5527,7281.9,91.71,0.5012,0.2151,0.2171,3406,1,30098.1,64,4750,0.0338,0.0752,2.612,151.52,20.81
2711056500,R1,예술·스포츠,90,346.1,0.8778,2958.4,72.6,42.9,대구광역시 중구 성내1동,27110,중구,0.759,5527,7281.9,91.71,0.5012,0.2151,0.2171,3406,1,30098.1,64,4750,0.0264,0.0176,0.613,118.58,16.28
2711056500,S2,수리·개인,329,337.0,0.8875,2176.8,114.6,75.6,대구광역시 중구 성내1동,27110,중구,0.759,5527,7281.9,91.71,0.5012,0.2151,0.2171,3406,1,30098.1,64,4750,0.0966,0.0201,0.698,433.47,59.53
2711057500,G2,소매,1082,251.7,0.9418,3080.6,520.0,252.8,대구광역시 중구 성내2동,27110,중구,0.9226,9263,10040.1,91.34,0.3966,0.2698,0.2019,2628,0,0.0,67,6799,0.4117,0.0355,1.597,1172.77,116.81
2711057500,I1,숙박,67,318.8,0.8507,2200.3,25.9,20.3,대구광역시 중구 성내2동,27110,중구,0.9226,9263,10040.1,91.34,0.3966,0.2698,0.2019,2628,0,0.0,67,6799,0.0255,0.0577,2.599,72.62,7.23
2711057500,I2,음식,785,302.6,0.9338,2781.8,356.3,90.2,대구광역시 중구 성내2동,27110,중구,0.9226,9263,10040.1,91.34,0.3966,0.2698,0.2019,2628,0,0.0,67,6799,0.2987,0.0207,0.931,850.86,84.75
2711057500,L1,부동산,40,313.5,0.9,1924.1,14.5,14.5,대구광역시 중구 성내2동,27110,중구,0.9226,9263,10040.1,91.34,0.3966,0.2698,0.2019,2628,0,0.0,67,6799,0.0152,0.0096,0.432,43.36,4.32
2711057500,M1,과학·기술,232,335.0,0.9353,2014.2,92.6,20.0,대구광역시 중구 성내2동,27110,중구,0.9226,9263,10040.1,91.34,0.3966,0.2698,0.2019,2628,0,0.0,67,6799,0.0883,0.0228,1.027,251.46,25.05
2711057500,N1,시설관리·임대,108,310.9,0.9537,2085.3,48.4,10.4,대구광역시 중구 성내2동,27110,중구,0.9226,9263,10040.1,91.34,0.3966,0.2698,0.2019,2628,0,0.0,67,6799,0.0411,0.0248,1.118,117.06,11.66
2711057500,P1,교육,81,319.1,0.9383,2566.7,45.9,24.7,대구광역시 중구 성내2동,27110,중구,0.9226,9263,10040.1,91.34,0.3966,0.2698,0.2019,2628,0,0.0,67,6799,0.0308,0.0116,0.521,87.8,8.74
2711057500,Q1,보건의료,38,260.0,0.8947,2065.3,24.7,21.8,대구광역시 중구 성내2동,27110,중구,0.9226,9263,10040.1,91.34,0.3966,0.2698,0.2019,2628,0,0.0,67,6799,0.0145,0.0248,1.119,41.19,4.1
2711057500,R1,예술·스포츠,35,297.0,0.9143,2463.0,20.4,7.9,대구광역시 중구 성내2동,27110,중구,0.9226,9263,10040.1,91.34,0.3966,0.2698,0.2019,2628,0,0.0,67,6799,0.0133,0.0069,0.309,37.94,3.78
2711057500,S2,수리·개인,160,268.8,0.9062,2651.8,76.1,41.9,대구광역시 중구 성내2동,27110,중구,0.9226,9263,10040.1,91.34,0.3966,0.2698,0.2019,2628,0,0.0,67,6799,0.0609,0.0098,0.44,173.42,17.27
2711058500,G2,소매,126,314.3,0.9206,216.0,104.3,28.0,대구광역시 중구 성내3동,27110,중구,0.7455,13643,18300.5,98.82,0.3315,0.2835,0.1496,444,1,5778.9,12,259,0.2838,0.0041,1.101,169.01,9.24
2711058500,I1,숙박,10,287.6,0.9,204.2,8.7,8.6,대구광역시 중구 성내3동,27110,중구,0.7455,13643,18300.5,98.82,0.3315,0.2835,0.1496,444,1,5778.9,12,259,0.0225,0.0086,2.296,13.41,0.73
2711058500,I2,음식,108,313.8,0.9352,196.0,53.9,19.1,대구광역시 중구 성내3동,27110,중구,0.7455,13643,18300.5,98.82,0.3315,0.2835,0.1496,444,1,5778.9,12,259,0.2432,0.0028,0.758,144.87,7.92
2711058500,L1,부동산,35,332.9,0.9714,258.5,13.0,13.0,대구광역시 중구 성내3동,27110,중구,0.7455,13643,18300.5,98.82,0.3315,0.2835,0.1496,444,1,5778.9,12,259,0.0788,0.0084,2.24,46.95,2.57
2711058500,M1,과학·기술,37,400.6,0.8108,546.5,44.3,7.5,대구광역시 중구 성내3동,27110,중구,0.7455,13643,18300.5,98.82,0.3315,0.2835,0.1496,444,1,5778.9,12,259,0.0833,0.0036,0.97,49.63,2.71
2711058500,N1,시설관리·임대,22,388.8,0.9091,501.6,17.6,4.3,대구광역시 중구 성내3동,27110,중구,0.7455,13643,18300.5,98.82,0.3315,0.2835,0.1496,444,1,5778.9,12,259,0.0495,0.0051,1.348,29.51,1.61
2711058500,P1,교육,28,323.8,1.0,183.5,11.2,5.2,대구광역시 중구 성내3동,27110,중구,0.7455,13643,18300.5,98.82,0.3315,0.2835,0.1496,444,1,5778.9,12,259,0.0631,0.004,1.066,37.56,2.05
2711058500,Q1,보건의료,7,379.0,1.0,429.6,3.0,1.3,대구광역시 중구 성내3동,27110,중구,0.7455,13643,18300.5,98.82,0.3315,0.2835,0.1496,444,1,5778.9,12,259,0.0158,0.0046,1.22,9.39,0.51
2711058500,R1,예술·스포츠,7,343.6,1.0,205.1,3.1,1.7,대구광역시 중구 성내3동,27110,중구,0.7455,13643,18300.5,98.82,0.3315,0.2835,0.1496,444,1,5778.9,12,259,0.0158,0.0014,0.366,9.39,0.51
2711058500,S2,수리·개인,64,348.0,0.9531,221.6,32.6,7.9,대구광역시 중구 성내3동,27110,중구,0.7455,13643,18300.5,98.82,0.3315,0.2835,0.1496,444,1,5778.9,12,259,0.1441,0.0039,1.041,85.85,4.69
2711059500,G2,소매,2285,148.3,0.9882,1646.4,2169.9,1653.8,대구광역시 중구 대신동,27110,중구,0.4899,7249,14796.9,93.05,0.2356,0.3038,0.3053,2688,1,13433.4,11,1301,0.8501,0.0749,3.297,4664.22,315.22
2711059500,I1,숙박,7,320.0,1.0,312.0,9.3,9.3,대구광역시 중구 대신동,27110,중구,0.4899,7249,14796.9,93.05,0.2356,0.3038,0.3053,2688,1,13433.4,11,1301,0.0026,0.006,0.265,14.29,0.97
2711059500,I2,음식,236,262.4,0.911,1180.4,155.7,46.2,대구광역시 중구 대신동,27110,중구,0.4899,7249,14796.9,93.05,0.2356,0.3038,0.3053,2688,1,13433.4,11,1301,0.0878,0.0062,0.274,481.73,32.56
2711059500,L1,부동산,18,365.7,0.7778,755.7,10.8,10.8,대구광역시 중구 대신동,27110,중구,0.4899,7249,14796.9,93.05,0.2356,0.3038,0.3053,2688,1,13433.4,11,1301,0.0067,0.0043,0.19,36.74,2.48
2711059500,M1,과학·기술,16,309.5,0.875,799.4,13.3,1.8,대구광역시 중구 대신동,27110,중구,0.4899,7249,14796.9,93.05,0.2356,0.3038,0.3053,2688,1,13433.4,11,1301,0.006,0.0016,0.069,32.66,2.21
2711059500,N1,시설관리·임대,7,260.6,1.0,1105.3,6.3,0.9,대구광역시 중구 대신동,27110,중구,0.4899,7249,14796.9,93.05,0.2356,0.3038,0.3053,2688,1,13433.4,11,1301,0.0026,0.0016,0.071,14.29,0.97
2711059500,P1,교육,18,462.6,0.3889,244.7,17.6,8.4,대구광역시 중구 대신동,27110,중구,0.4899,7249,14796.9,93.05,0.2356,0.3038,0.3053,2688,1,13433.4,11,1301,0.0067,0.0026,0.113,36.74,2.48
2711059500,Q1,보건의료,10,187.8,1.0,1236.1,11.2,9.0,대구광역시 중구 대신동,27110,중구,0.4899,7249,14796.9,93.05,0.2356,0.3038,0.3053,2688,1,13433.4,11,1301,0.0037,0.0065,0.288,20.41,1.38
2711059500,R1,예술·스포츠,8,453.3,0.75,271.1,5.9,2.6,대구광역시 중구 대신동,27110,중구,0.4899,7249,14796.9,93.05,0.2356,0.3038,0.3053,2688,1,13433.4,11,1301,0.003,0.0016,0.069,16.33,1.1
2711059500,S2,수리·개인,83,318.0,0.8313,801.5,51.7,24.5,대구광역시 중구 대신동,27110,중구,0.4899,7249,14796.9,93.05,0.2356,0.3038,0.3053,2688,1,13433.4,11,1301,0.0309,0.0051,0.223,169.42,11.45
2711064000,G2,소매,142,263.7,1.0,806.1,162.7,20.8,대구광역시 중구 남산1동,27110,중구,0.4193,5062,12072.5,88.32,0.3163,0.288,0.2659,680,2,12121.7,25,1968,0.2088,0.0047,0.81,338.66,28.05
2711064000,I1,숙박,29,272.0,1.0,792.5,26.2,25.4,대구광역시 중구 남산1동,27110,중구,0.4193,5062,12072.5,88.32,0.3163,0.288,0.2659,680,2,12121.7,25,1968,0.0426,0.025,4.348,69.16,5.73
2711064000,I2,음식,143,278.0,1.0,855.6,129.1,33.0,대구광역시 중구 남산1동,27110,중구,0.4193,5062,12072.5,88.32,0.3163,0.288,0.2659,680,2,12121.7,25,1968,0.2103,0.0038,0.655,341.04,28.25
2711064000,L1,부동산,21,325.0,1.0,609.5,17.8,17.8,대구광역시 중구 남산1동,27110,중구,0.4193,5062,12072.5,88.32,0.3163,0.288,0.2659,680,2,12121.7,25,1968,0.0309,0.005,0.877,50.08,4.15
2711064000,M1,과학·기술,118,247.4,1.0,573.1,86.7,17.4,대구광역시 중구 남산1동,27110,중구,0.4193,5062,12072.5,88.32,0.3163,0.288,0.2659,680,2,12121.7,25,1968,0.1735,0.0116,2.019,281.42,23.31
2711064000,N1,시설관리·임대,45,232.6,1.0,468.1,27.4,4.0,대구광역시 중구 남산1동,27110,중구,0.4193,5062,12072.5,88.32,0.3163,0.288,0.2659,680,2,12121.7,25,1968,0.0662,0.0103,1.801,107.32,8.89
2711064000,P1,교육,60,187.1,1.0,439.8,47.5,33.0,대구광역시 중구 남산1동,27110,중구,0.4193,5062,12072.5,88.32,0.3163,0.288,0.2659,680,2,12121.7,25,1968,0.0882,0.0086,1.492,143.1,11.85
2711064000,Q1,보건의료,9,184.2,1.0,1794.8,36.3,34.3,대구광역시 중구 남산1동,27110,중구,0.4193,5062,12072.5,88.32,0.3163,0.288,0.2659,680,2,12121.7,25,1968,0.0132,0.0059,1.024,21.46,1.78
2711064000,R1,예술·스포츠,14,259.4,1.0,559.1,8.1,3.6,대구광역시 중구 남산1동,27110,중구,0.4193,5062,12072.5,88.32,0.3163,0.288,0.2659,680,2,12121.7,25,1968,0.0206,0.0027,0.477,33.39,2.77
2711064000,S2,수리·개인,99,242.1,1.0,743.3,77.5,46.2,대구광역시 중구 남산1동,27110,중구,0.4193,5062,12072.5,88.32,0.3163,0.288,0.2659,680,2,12121.7,25,1968,0.1456,0.006,1.052,236.11,19.56
2711065000,G2,소매,92,249.3,1.0,1510.5,277.1,37.7,대구광역시 중구 남산2동,27110,중구,0.3916,7394,18881.5,88.05,0.2992,0.2939,0.2275,593,4,82629.0,11,863,0.1551,0.003,0.602,234.93,12.44
2711065000,I1,숙박,9,280.6,1.0,1884.6,10.7,10.7,대구광역시 중구 남산2동,27110,중구,0.3916,7394,18881.5,88.05,0.2992,0.2939,0.2275,593,4,82629.0,11,863,0.0152,0.0078,1.547,22.98,1.22
2711065000,I2,음식,113,289.6,1.0,1978.6,182.3,45.8,대구광역시 중구 남산2동,27110,중구,0.3916,7394,18881.5,88.05,0.2992,0.2939,0.2275,593,4,82629.0,11,863,0.1906,0.003,0.594,288.56,15.28
2711065000,L1,부동산,35,215.1,1.0,945.8,21.4,21.4,대구광역시 중구 남산2동,27110,중구,0.3916,7394,18881.5,88.05,0.2992,0.2939,0.2275,593,4,82629.0,11,863,0.059,0.0084,1.677,89.38,4.73
2711065000,M1,과학·기술,195,368.9,1.0,962.9,173.2,66.2,대구광역시 중구 남산2동,27110,중구,0.3916,7394,18881.5,88.05,0.2992,0.2939,0.2275,593,4,82629.0,11,863,0.3288,0.0192,3.826,497.96,26.37
2711065000,N1,시설관리·임대,26,293.7,1.0,1252.8,18.2,2.6,대구광역시 중구 남산2동,27110,중구,0.3916,7394,18881.5,88.05,0.2992,0.2939,0.2275,593,4,82629.0,11,863,0.0438,0.006,1.193,66.39,3.52
2711065000,P1,교육,41,235.6,1.0,1437.0,32.0,18.2,대구광역시 중구 남산2동,27110,중구,0.3916,7394,18881.5,88.05,0.2992,0.2939,0.2275,593,4,82629.0,11,863,0.0691,0.0059,1.169,104.7,5.55
2711065000,Q1,보건의료,25,123.3,1.0,3651.1,59.3,54.6,대구광역시 중구 남산2동,27110,중구,0.3916,7394,18881.5,88.05,0.2992,0.2939,0.2275,593,4,82629.0,11,863,0.0422,0.0163,3.261,63.84,3.38
2711065000,R1,예술·스포츠,6,251.9,1.0,1331.0,5.5,2.2,대구광역시 중구 남산2동,27110,중구,0.3916,7394,18881.5,88.05,0.2992,0.2939,0.2275,593,4,82629.0,11,863,0.0101,0.0012,0.235,15.32,0.81
2711065000,S2,수리·개인,51,231.8,1.0,1629.1,74.2,37.1,대구광역시 중구 남산2동,27110,중구,0.3916,7394,18881.5,88.05,0.2992,0.2939,0.2275,593,4,82629.0,11,863,0.086,0.0031,0.621,130.23,6.9
2711066000,G2,소매,57,242.1,1.0,292.7,54.9,6.4,대구광역시 중구 남산3동,27110,중구,0.4076,5779,14178.1,84.57,0.1909,0.3116,0.3655,313,1,5728.2,10,404,0.1821,0.0019,0.706,139.84,9.86
2711066000,I1,숙박,3,223.1,1.0,233.7,5.7,5.0,대구광역시 중구 남산3동,27110,중구,0.4076,5779,14178.1,84.57,0.1909,0.3116,0.3655,313,1,5728.2,10,404,0.0096,0.0026,0.977,7.36,0.52
2711066000,I2,음식,72,263.0,1.0,327.9,99.3,25.2,대구광역시 중구 남산3동,27110,중구,0.4076,5779,14178.1,84.57,0.1909,0.3116,0.3655,313,1,5728.2,10,404,0.23,0.0019,0.717,176.64,12.46
2711066000,L1,부동산,14,213.5,0.9286,267.2,21.3,21.3,대구광역시 중구 남산3동,27110,중구,0.4076,5779,14178.1,84.57,0.1909,0.3116,0.3655,313,1,5728.2,10,404,0.0447,0.0034,1.271,34.35,2.42
2711066000,M1,과학·기술,70,306.9,1.0,295.9,107.3,40.9,대구광역시 중구 남산3동,27110,중구,0.4076,5779,14178.1,84.57,0.1909,0.3116,0.3655,313,1,5728.2,10,404,0.2236,0.0069,2.602,171.74,12.11
2711066000,N1,시설관리·임대,9,267.2,1.0,289.2,13.0,1.2,대구광역시 중구 남산3동,27110,중구,0.4076,5779,14178.1,84.57,0.1909,0.3116,0.3655,313,1,5728.2,10,404,0.0288,0.0021,0.782,22.08,1.56
2711066000,P1,교육,21,218.1,1.0,302.6,24.7,12.8,대구광역시 중구 남산3동,27110,중구,0.4076,5779,14178.1,84.57,0.1909,0.3116,0.3655,313,1,5728.2,10,404,0.0671,0.003,1.134,51.52,3.63
2711066000,R1,예술·스포츠,6,260.2,1.0,278.3,14.2,5.8,대구광역시 중구 남산3동,27110,중구,0.4076,5779,14178.1,84.57,0.1909,0.3116,0.3655,313,1,5728.2,10,404,0.0192,0.0012,0.445,14.72,1.04
2711066000,S2,수리·개인,61,214.6,1.0,258.1,54.5,23.1,대구광역시 중구 남산3동,27110,중구,0.4076,5779,14178.1,84.57,0.1909,0.3116,0.3655,313,1,5728.2,10,404,0.1949,0.0037,1.408,149.66,10.56
2711067000,G2,소매,81,368.2,0.8025,307.5,76.0,12.6,대구광역시 중구 남산4동,27110,중구,0.449,15842,35282.9,87.19,0.2398,0.3064,0.2859,403,0,0.0,16,481,0.201,0.0027,0.78,180.4,5.11
2711067000,I1,숙박,2,518.0,0.5,247.0,2.0,2.0,대구광역시 중구 남산4동,27110,중구,0.449,15842,35282.9,87.19,0.2398,0.3064,0.2859,403,0,0.0,16,481,0.005,0.0017,0.506,4.45,0.13
2711067000,I2,음식,113,366.9,0.7522,275.7,79.5,20.3,대구광역시 중구 남산4동,27110,중구,0.449,15842,35282.9,87.19,0.2398,0.3064,0.2859,403,0,0.0,16,481,0.2804,0.003,0.874,251.67,7.13
2711067000,L1,부동산,34,343.4,0.8529,348.9,23.9,23.9,대구광역시 중구 남산4동,27110,중구,0.449,15842,35282.9,87.19,0.2398,0.3064,0.2859,403,0,0.0,16,481,0.0844,0.0082,2.397,75.72,2.15
2711067000,M1,과학·기술,31,268.1,0.9355,365.9,23.6,3.5,대구광역시 중구 남산4동,27110,중구,0.449,15842,35282.9,87.19,0.2398,0.3064,0.2859,403,0,0.0,16,481,0.0769,0.003,0.895,69.04,1.96
2711067000,N1,시설관리·임대,13,342.4,0.9231,306.5,6.2,1.2,대구광역시 중구 남산4동,27110,중구,0.449,15842,35282.9,87.19,0.2398,0.3064,0.2859,403,0,0.0,16,481,0.0323,0.003,0.878,28.95,0.82
2711067000,P1,교육,37,329.1,0.8919,339.5,25.1,10.8,대구광역시 중구 남산4동,27110,중구,0.449,15842,35282.9,87.19,0.2398,0.3064,0.2859,403,0,0.0,16,481,0.0918,0.0053,1.552,82.41,2.34
2711067000,Q1,보건의료,7,142.4,1.0,469.1,16.7,15.0,대구광역시 중구 남산4동,27110,중구,0.449,15842,35282.9,87.19,0.2398,0.3064,0.2859,403,0,0.0,16,481,0.0174,0.0046,1.344,15.59,0.44
2711067000,R1,예술·스포츠,17,342.6,0.9412,283.3,16.8,6.7,대구광역시 중구 남산4동,27110,중구,0.449,15842,35282.9,87.19,0.2398,0.3064,0.2859,403,0,0.0,16,481,0.0422,0.0033,0.978,37.86,1.07
2711067000,S2,수리·개인,68,382.5,0.7647,292.1,43.9,22.9,대구광역시 중구 남산4동,27110,중구,0.449,15842,35282.9,87.19,0.2398,0.3064,0.2859,403,0,0.0,16,481,0.1687,0.0042,1.219,151.45,4.29
2711068000,G2,소매,325,157.9,1.0,961.7,163.3,62.7,대구광역시 중구 대봉1동,27110,중구,0.5627,7666,13623.6,85.35,0.237,0.3119,0.2824,1117,2,19088.4,23,1613,0.291,0.0107,1.129,577.57,42.39
2711068000,I1,숙박,9,235.1,1.0,673.1,5.3,5.3,대구광역시 중구 대봉1동,27110,중구,0.5627,7666,13623.6,85.35,0.237,0.3119,0.2824,1117,2,19088.4,23,1613,0.0081,0.0078,0.821,15.99,1.17
2711068000,I2,음식,293,205.4,1.0,658.7,163.3,33.2,대구광역시 중구 대봉1동,27110,중구,0.5627,7666,13623.6,85.35,0.237,0.3119,0.2824,1117,2,19088.4,23,1613,0.2623,0.0077,0.817,520.7,38.22
2711068000,L1,부동산,23,206.0,1.0,896.0,17.6,17.6,대구광역시 중구 대봉1동,27110,중구,0.5627,7666,13623.6,85.35,0.237,0.3119,0.2824,1117,2,19088.4,23,1613,0.0206,0.0055,0.585,40.87,3.0
2711068000,M1,과학·기술,152,216.1,1.0,901.0,85.1,20.3,대구광역시 중구 대봉1동,27110,중구,0.5627,7666,13623.6,85.35,0.237,0.3119,0.2824,1117,2,19088.4,23,1613,0.1361,0.0149,1.583,270.13,19.83
2711068000,N1,시설관리·임대,94,216.5,1.0,834.4,51.6,18.0,대구광역시 중구 대봉1동,27110,중구,0.5627,7666,13623.6,85.35,0.237,0.3119,0.2824,1117,2,19088.4,23,1613,0.0842,0.0216,2.29,167.05,12.26
2711068000,P1,교육,37,231.8,1.0,771.8,22.4,14.1,대구광역시 중구 대봉1동,27110,중구,0.5627,7666,13623.6,85.35,0.237,0.3119,0.2824,1117,2,19088.4,23,1613,0.0331,0.0053,0.56,65.75,4.83
2711068000,Q1,보건의료,15,181.1,1.0,1209.9,35.5,33.2,대구광역시 중구 대봉1동,27110,중구,0.5627,7666,13623.6,85.35,0.237,0.3119,0.2824,1117,2,19088.4,23,1613,0.0134,0.0098,1.039,26.66,1.96
2711068000,R1,예술·스포츠,22,268.8,1.0,573.1,12.0,5.5,대구광역시 중구 대봉1동,27110,중구,0.5627,7666,13623.6,85.35,0.237,0.3119,0.2824,1117,2,19088.4,23,1613,0.0197,0.0043,0.457,39.1,2.87
2711068000,S2,수리·개인,147,192.8,1.0,845.6,81.7,37.8,대구광역시 중구 대봉1동,27110,중구,0.5627,7666,13623.6,85.35,0.237,0.3119,0.2824,1117,2,19088.4,23,1613,0.1316,0.009,0.951,261.24,19.18
2711069000,G2,소매,54,296.0,1.0,212.1,73.0,6.9,대구광역시 중구 대봉2동,27110,중구,0.2744,5933,21621.7,90.28,0.282,0.3192,0.2312,300,1,3410.6,8,179,0.18,0.0018,0.698,196.79,9.1
2711069000,I1,숙박,4,314.4,1.0,192.2,8.0,6.5,대구광역시 중구 대봉2동,27110,중구,0.2744,5933,21621.7,90.28,0.282,0.3192,0.2312,300,1,3410.6,8,179,0.0133,0.0034,1.359,14.58,0.67
2711069000,I2,음식,83,352.8,1.0,256.4,109.3,27.2,대구광역시 중구 대봉2동,27110,중구,0.2744,5933,21621.7,90.28,0.282,0.3192,0.2312,300,1,3410.6,8,179,0.2767,0.0022,0.862,302.48,13.99
2711069000,L1,부동산,17,305.5,1.0,268.7,15.0,15.0,대구광역시 중구 대봉2동,27110,중구,0.2744,5933,21621.7,90.28,0.282,0.3192,0.2312,300,1,3410.6,8,179,0.0567,0.0041,1.61,61.95,2.87
2711069000,M1,과학·기술,64,237.1,1.0,180.3,70.2,11.7,대구광역시 중구 대봉2동,27110,중구,0.2744,5933,21621.7,90.28,0.282,0.3192,0.2312,300,1,3410.6,8,179,0.2133,0.0063,2.482,233.24,10.79
2711069000,N1,시설관리·임대,8,214.2,1.0,187.1,12.9,3.1,대구광역시 중구 대봉2동,27110,중구,0.2744,5933,21621.7,90.28,0.282,0.3192,0.2312,300,1,3410.6,8,179,0.0267,0.0018,0.726,29.15,1.35
2711069000,P1,교육,18,318.8,1.0,207.8,21.9,13.0,대구광역시 중구 대봉2동,27110,중구,0.2744,5933,21621.7,90.28,0.282,0.3192,0.2312,300,1,3410.6,8,179,0.06,0.0026,1.014,65.6,3.03
2711069000,Q1,보건의료,1,438.2,1.0,302.0,0.0,0.0,대구광역시 중구 대봉2동,27110,중구,0.2744,5933,21621.7,90.28,0.282,0.3192,0.2312,300,1,3410.6,8,179,0.0033,0.0007,0.258,3.64,0.17
2711069000,R1,예술·스포츠,10,311.4,1.0,230.5,11.8,4.0,대구광역시 중구 대봉2동,27110,중구,0.2744,5933,21621.7,90.28,0.282,0.3192,0.2312,300,1,3410.6,8,179,0.0333,0.002,0.773,36.44,1.69
2711069000,S2,수리·개인,41,296.9,1.0,209.6,44.8,17.1,대구광역시 중구 대봉2동,27110,중구,0.2744,5933,21621.7,90.28,0.282,0.3192,0.2312,300,1,3410.6,8,179,0.1367,0.0025,0.987,149.42,6.91
2714051000,G2,소매,131,986.6,0.0,505.9,83.0,12.1,대구광역시 동구 신암1동,27140,동구,0.606,10781,17790.4,98.4,0.242,0.2842,0.3374,526,0,0.0,10,394,0.249,0.0043,0.966,216.17,12.15
2714051000,I1,숙박,3,1085.5,0.0,236.0,3.0,3.0,대구광역시 동구 신암1동,27140,동구,0.606,10781,17790.4,98.4,0.242,0.2842,0.3374,526,0,0.0,10,394,0.0057,0.0026,0.581,4.95,0.28
2714051000,I2,음식,184,1062.5,0.0,445.3,115.8,30.2,대구광역시 동구 신암1동,27140,동구,0.606,10781,17790.4,98.4,0.242,0.2842,0.3374,526,0,0.0,10,394,0.3498,0.0048,1.09,303.63,17.07
2714051000,L1,부동산,27,1139.7,0.0,232.7,13.2,13.2,대구광역시 동구 신암1동,27140,동구,0.606,10781,17790.4,98.4,0.242,0.2842,0.3374,526,0,0.0,10,394,0.0513,0.0065,1.458,44.55,2.5
2714051000,M1,과학·기술,42,1059.7,0.0,422.1,17.0,2.7,대구광역시 동구 신암1동,27140,동구,0.606,10781,17790.4,98.4,0.242,0.2842,0.3374,526,0,0.0,10,394,0.0798,0.0041,0.929,69.31,3.9
2714051000,N1,시설관리·임대,21,1088.7,0.0,419.1,10.2,2.3,대구광역시 동구 신암1동,27140,동구,0.606,10781,17790.4,98.4,0.242,0.2842,0.3374,526,0,0.0,10,394,0.0399,0.0048,1.086,34.65,1.95
2714051000,P1,교육,22,1173.4,0.0,346.2,8.8,4.9,대구광역시 동구 신암1동,27140,동구,0.606,10781,17790.4,98.4,0.242,0.2842,0.3374,526,0,0.0,10,394,0.0418,0.0031,0.707,36.3,2.04
2714051000,Q1,보건의료,7,826.3,0.0,720.6,5.4,3.9,대구광역시 동구 신암1동,27140,동구,0.606,10781,17790.4,98.4,0.242,0.2842,0.3374,526,0,0.0,10,394,0.0133,0.0046,1.029,11.55,0.65
2714051000,R1,예술·스포츠,16,1042.4,0.0,465.6,13.6,7.6,대구광역시 동구 신암1동,27140,동구,0.606,10781,17790.4,98.4,0.242,0.2842,0.3374,526,0,0.0,10,394,0.0304,0.0031,0.705,26.4,1.48
2714051000,S2,수리·개인,73,1077.9,0.0,382.5,37.1,14.4,대구광역시 동구 신암1동,27140,동구,0.606,10781,17790.4,98.4,0.242,0.2842,0.3374,526,0,0.0,10,394,0.1388,0.0045,1.003,120.46,6.77
2714052000,G2,소매,72,606.2,0.3611,426.8,75.4,8.5,대구광역시 동구 신암2동,27140,동구,0.3625,11446,31575.2,88.85,0.2212,0.3092,0.3039,340,0,0.0,13,357,0.2118,0.0024,0.821,198.62,6.29
2714052000,I2,음식,121,641.9,0.2645,423.9,113.4,31.1,대구광역시 동구 신암2동,27140,동구,0.3625,11446,31575.2,88.85,0.2212,0.3092,0.3039,340,0,0.0,13,357,0.3559,0.0032,1.109,333.79,10.57
2714052000,L1,부동산,12,594.4,0.3333,307.2,9.6,9.6,대구광역시 동구 신암2동,27140,동구,0.3625,11446,31575.2,88.85,0.2212,0.3092,0.3039,340,0,0.0,13,357,0.0353,0.0029,1.003,33.1,1.05
2714052000,M1,과학·기술,12,592.0,0.25,412.7,14.8,1.2,대구광역시 동구 신암2동,27140,동구,0.3625,11446,31575.2,88.85,0.2212,0.3092,0.3039,340,0,0.0,13,357,0.0353,0.0012,0.411,33.1,1.05
2714052000,N1,시설관리·임대,7,486.1,0.7143,454.4,5.6,1.0,대구광역시 동구 신암2동,27140,동구,0.3625,11446,31575.2,88.85,0.2212,0.3092,0.3039,340,0,0.0,13,357,0.0206,0.0016,0.56,19.31,0.61
2714052000,P1,교육,31,589.5,0.2903,257.5,20.1,10.1,대구광역시 동구 신암2동,27140,동구,0.3625,11446,31575.2,88.85,0.2212,0.3092,0.3039,340,0,0.0,13,357,0.0912,0.0044,1.541,85.52,2.71
2714052000,Q1,보건의료,6,662.9,0.1667,479.2,6.2,4.2,대구광역시 동구 신암2동,27140,동구,0.3625,11446,31575.2,88.85,0.2212,0.3092,0.3039,340,0,0.0,13,357,0.0176,0.0039,1.365,16.55,0.52
2714052000,R1,예술·스포츠,16,579.0,0.3125,476.5,16.1,5.8,대구광역시 동구 신암2동,27140,동구,0.3625,11446,31575.2,88.85,0.2212,0.3092,0.3039,340,0,0.0,13,357,0.0471,0.0031,1.091,44.14,1.4
2714052000,S2,수리·개인,63,586.6,0.3016,335.7,47.4,28.4,대구광역시 동구 신암2동,27140,동구,0.3625,11446,31575.2,88.85,0.2212,0.3092,0.3039,340,0,0.0,13,357,0.1853,0.0038,1.339,173.79,5.5
2714053000,G2,소매,88,730.4,0.0568,481.6,70.9,9.3,대구광역시 동구 신암3동,27140,동구,0.6012,11150,18546.2,96.72,0.2849,0.2804,0.2658,396,0,0.0,13,616,0.2222,0.0029,0.862,146.37,7.89
2714053000,I1,숙박,5,565.6,0.4,729.8,8.2,8.2,대구광역시 동구 신암3동,27140,동구,0.6012,11150,18546.2,96.72,0.2849,0.2804,0.2658,396,0,0.0,13,616,0.0126,0.0043,1.287,8.32,0.45
2714053000,I2,음식,116,773.2,0.0259,515.3,111.1,31.4,대구광역시 동구 신암3동,27140,동구,0.6012,11150,18546.2,96.72,0.2849,0.2804,0.2658,396,0,0.0,13,616,0.2929,0.0031,0.913,192.95,10.4
2714053000,L1,부동산,37,670.7,0.0541,307.0,16.1,16.1,대구광역시 동구 신암3동,27140,동구,0.6012,11150,18546.2,96.72,0.2849,0.2804,0.2658,396,0,0.0,13,616,0.0934,0.0089,2.654,61.54,3.32
2714053000,M1,과학·기술,20,672.5,0.1,465.4,14.0,2.1,대구광역시 동구 신암3동,27140,동구,0.6012,11150,18546.2,96.72,0.2849,0.2804,0.2658,396,0,0.0,13,616,0.0505,0.002,0.588,33.27,1.79
2714053000,N1,시설관리·임대,12,801.9,0.0833,522.2,12.0,1.2,대구광역시 동구 신암3동,27140,동구,0.6012,11150,18546.2,96.72,0.2849,0.2804,0.2658,396,0,0.0,13,616,0.0303,0.0028,0.825,19.96,1.08
2714053000,P1,교육,25,643.1,0.2,277.1,13.7,6.6,대구광역시 동구 신암3동,27140,동구,0.6012,11150,18546.2,96.72,0.2849,0.2804,0.2658,396,0,0.0,13,616,0.0631,0.0036,1.067,41.58,2.24
2714053000,Q1,보건의료,4,806.5,0.0,517.8,4.2,3.8,대구광역시 동구 신암3동,27140,동구,0.6012,11150,18546.2,96.72,0.2849,0.2804,0.2658,396,0,0.0,13,616,0.0101,0.0026,0.781,6.65,0.36
2714053000,R1,예술·스포츠,16,781.9,0.0,499.6,11.2,5.9,대구광역시 동구 신암3동,27140,동구,0.6012,11150,18546.2,96.72,0.2849,0.2804,0.2658,396,0,0.0,13,616,0.0404,0.0031,0.937,26.61,1.43
2714053000,S2,수리·개인,73,743.7,0.0411,403.5,45.2,20.4,대구광역시 동구 신암3동,27140,동구,0.6012,11150,18546.2,96.72,0.2849,0.2804,0.2658,396,0,0.0,13,616,0.1843,0.0045,1.332,121.42,6.55
2714054000,G2,소매,93,426.4,0.6452,592.9,50.0,9.3,대구광역시 동구 신암4동,27140,동구,1.1656,18383,15771.3,97.16,0.3172,0.2758,0.2939,521,2,43556.8,29,2706,0.1785,0.003,0.692,79.79,5.06
2714054000,I1,숙박,36,207.1,1.0,590.0,21.0,20.7,대구광역시 동구 신암4동,27140,동구,1.1656,18383,15771.3,97.16,0.3172,0.2758,0.2939,521,2,43556.8,29,2706,0.0691,0.031,7.044,30.89,1.96
2714054000,I2,음식,201,335.8,0.7662,661.9,94.8,25.6,대구광역시 동구 신암4동,27140,동구,1.1656,18383,15771.3,97.16,0.3172,0.2758,0.2939,521,2,43556.8,29,2706,0.3858,0.0053,1.202,172.44,10.93
2714054000,L1,부동산,36,556.4,0.4167,411.2,10.9,10.9,대구광역시 동구 신암4동,27140,동구,1.1656,18383,15771.3,97.16,0.3172,0.2758,0.2939,521,2,43556.8,29,2706,0.0691,0.0086,1.963,30.89,1.96
2714054000,M1,과학·기술,35,444.5,0.7143,387.9,15.4,2.0,대구광역시 동구 신암4동,27140,동구,1.1656,18383,15771.3,97.16,0.3172,0.2758,0.2939,521,2,43556.8,29,2706,0.0672,0.0034,0.782,30.03,1.9
2714054000,N1,시설관리·임대,24,354.0,0.75,531.9,8.2,2.2,대구광역시 동구 신암4동,27140,동구,1.1656,18383,15771.3,97.16,0.3172,0.2758,0.2939,521,2,43556.8,29,2706,0.0461,0.0055,1.253,20.59,1.31
2714054000,P1,교육,11,464.2,0.8182,533.3,4.6,2.7,대구광역시 동구 신암4동,27140,동구,1.1656,18383,15771.3,97.16,0.3172,0.2758,0.2939,521,2,43556.8,29,2706,0.0211,0.0016,0.357,9.44,0.6
2714054000,Q1,보건의료,7,401.2,0.7143,621.4,3.1,1.9,대구광역시 동구 신암4동,27140,동구,1.1656,18383,15771.3,97.16,0.3172,0.2758,0.2939,521,2,43556.8,29,2706,0.0134,0.0046,1.039,6.01,0.38
2714054000,R1,예술·스포츠,18,395.0,0.5556,464.2,8.9,3.6,대구광역시 동구 신암4동,27140,동구,1.1656,18383,15771.3,97.16,0.3172,0.2758,0.2939,521,2,43556.8,29,2706,0.0345,0.0035,0.801,15.44,0.98
2714054000,S2,수리·개인,60,390.2,0.7,455.0,25.8,9.4,대구광역시 동구 신암4동,27140,동구,1.1656,18383,15771.3,97.16,0.3172,0.2758,0.2939,521,2,43556.8,29,2706,0.1152,0.0037,0.832,51.48,3.26
2714054100,G2,소매,97,352.9,0.9381,173.9,81.2,9.9,대구광역시 동구 신암5동,27140,동구,0.5467,7315,13380.3,89.9,0.2213,0.2771,0.3941,314,0,0.0,9,300,0.3089,0.0032,1.198,177.43,13.26
2714054100,I1,숙박,1,255.6,1.0,63.0,0.0,0.0,대구광역시 동구 신암5동,27140,동구,0.5467,7315,13380.3,89.9,0.2213,0.2771,0.3941,314,0,0.0,9,300,0.0032,0.0009,0.325,1.83,0.14
2714054100,I2,음식,108,356.4,0.9074,174.6,118.6,34.2,대구광역시 동구 신암5동,27140,동구,0.5467,7315,13380.3,89.9,0.2213,0.2771,0.3941,314,0,0.0,9,300,0.3439,0.0028,1.072,197.55,14.76
2714054100,L1,부동산,7,436.6,0.5714,119.6,4.3,4.3,대구광역시 동구 신암5동,27140,동구,0.5467,7315,13380.3,89.9,0.2213,0.2771,0.3941,314,0,0.0,9,300,0.0223,0.0017,0.633,12.8,0.96
2714054100,M1,과학·기술,21,415.4,0.8571,124.9,15.0,2.2,대구광역시 동구 신암5동,27140,동구,0.5467,7315,13380.3,89.9,0.2213,0.2771,0.3941,314,0,0.0,9,300,0.0669,0.0021,0.778,38.41,2.87
2714054100,N1,시설관리·임대,17,376.2,0.9412,148.4,11.2,4.2,대구광역시 동구 신암5동,27140,동구,0.5467,7315,13380.3,89.9,0.2213,0.2771,0.3941,314,0,0.0,9,300,0.0541,0.0039,1.473,31.1,2.32
2714054100,P1,교육,12,406.0,0.8333,152.7,7.2,3.4,대구광역시 동구 신암5동,27140,동구,0.5467,7315,13380.3,89.9,0.2213,0.2771,0.3941,314,0,0.0,9,300,0.0382,0.0017,0.646,21.95,1.64
2714054100,Q1,보건의료,3,273.9,1.0,150.3,2.3,2.0,대구광역시 동구 신암5동,27140,동구,0.5467,7315,13380.3,89.9,0.2213,0.2771,0.3941,314,0,0.0,9,300,0.0096,0.002,0.739,5.49,0.41
2714054100,R1,예술·스포츠,4,320.2,1.0,220.8,11.5,3.5,대구광역시 동구 신암5동,27140,동구,0.5467,7315,13380.3,89.9,0.2213,0.2771,0.3941,314,0,0.0,9,300,0.0127,0.0008,0.295,7.32,0.55
2714054100,S2,수리·개인,44,387.5,0.9318,156.4,30.3,14.4,대구광역시 동구 신암5동,27140,동구,0.5467,7315,13380.3,89.9,0.2213,0.2771,0.3941,314,0,0.0,9,300,0.1401,0.0027,1.012,80.48,6.02
2714055500,G2,소매,94,321.7,0.8085,164.7,51.0,5.5,대구광역시 동구 신천1·2동,27140,동구,0.4677,10994,23506.5,86.02,0.2002,0.2782,0.4405,384,1,9575.6,10,301,0.2448,0.0031,0.949,200.98,8.55
2714055500,I1,숙박,1,167.0,1.0,95.0,1.0,1.0,대구광역시 동구 신천1·2동,27140,동구,0.4677,10994,23506.5,86.02,0.2002,0.2782,0.4405,384,1,9575.6,10,301,0.0026,0.0009,0.265,2.14,0.09
2714055500,I2,음식,111,291.9,0.8829,138.2,70.0,21.1,대구광역시 동구 신천1·2동,27140,동구,0.4677,10994,23506.5,86.02,0.2002,0.2782,0.4405,384,1,9575.6,10,301,0.2891,0.0029,0.901,237.33,10.1
2714055500,L1,부동산,13,277.5,0.9231,100.3,6.8,6.8,대구광역시 동구 신천1·2동,27140,동구,0.4677,10994,23506.5,86.02,0.2002,0.2782,0.4405,384,1,9575.6,10,301,0.0339,0.0031,0.962,27.8,1.18
2714055500,M1,과학·기술,42,334.2,0.8095,164.0,24.9,5.4,대구광역시 동구 신천1·2동,27140,동구,0.4677,10994,23506.5,86.02,0.2002,0.2782,0.4405,384,1,9575.6,10,301,0.1094,0.0041,1.273,89.8,3.82
2714055500,N1,시설관리·임대,14,214.1,1.0,119.2,8.4,2.2,대구광역시 동구 신천1·2동,27140,동구,0.4677,10994,23506.5,86.02,0.2002,0.2782,0.4405,384,1,9575.6,10,301,0.0365,0.0032,0.992,29.93,1.27
2714055500,P1,교육,25,341.6,0.72,168.0,15.9,7.6,대구광역시 동구 신천1·2동,27140,동구,0.4677,10994,23506.5,86.02,0.2002,0.2782,0.4405,384,1,9575.6,10,301,0.0651,0.0036,1.101,53.45,2.27
2714055500,Q1,보건의료,7,499.7,0.1429,267.1,6.0,3.9,대구광역시 동구 신천1·2동,27140,동구,0.4677,10994,23506.5,86.02,0.2002,0.2782,0.4405,384,1,9575.6,10,301,0.0182,0.0046,1.41,14.97,0.64
2714055500,R1,예술·스포츠,14,272.8,0.9286,109.9,11.0,4.9,대구광역시 동구 신천1·2동,27140,동구,0.4677,10994,23506.5,86.02,0.2002,0.2782,0.4405,384,1,9575.6,10,301,0.0365,0.0027,0.845,29.93,1.27
2714055500,S2,수리·개인,63,279.9,0.9048,145.7,39.5,20.0,대구광역시 동구 신천1·2동,27140,동구,0.4677,10994,23506.5,86.02,0.2002,0.2782,0.4405,384,1,9575.6,10,301,0.1641,0.0038,1.185,134.7,5.73
2714057000,G2,소매,107,492.9,0.5421,933.5,69.6,7.5,대구광역시 동구 신천3동,27140,동구,0.7179,14835,20664.4,97.22,0.2727,0.3172,0.2509,770,0,0.0,48,1998,0.139,0.0035,0.539,149.05,7.21
2714057000,I1,숙박,6,459.8,0.6667,567.5,2.2,2.2,대구광역시 동구 신천3동,27140,동구,0.7179,14835,20664.4,97.22,0.2727,0.3172,0.2509,770,0,0.0,48,1998,0.0078,0.0052,0.794,8.36,0.4
2714057000,I2,음식,188,519.8,0.4362,988.9,86.8,23.8,대구광역시 동구 신천3동,27140,동구,0.7179,14835,20664.4,97.22,0.2727,0.3172,0.2509,770,0,0.0,48,1998,0.2442,0.005,0.761,261.87,12.67
2714057000,L1,부동산,48,535.6,0.4583,1349.1,16.0,16.0,대구광역시 동구 신천3동,27140,동구,0.7179,14835,20664.4,97.22,0.2727,0.3172,0.2509,770,0,0.0,48,1998,0.0623,0.0115,1.771,66.86,3.24
2714057000,M1,과학·기술,186,629.3,0.2527,1750.6,83.6,14.5,대구광역시 동구 신천3동,27140,동구,0.7179,14835,20664.4,97.22,0.2727,0.3172,0.2509,770,0,0.0,48,1998,0.2416,0.0183,2.81,259.09,12.54
2714057000,N1,시설관리·임대,44,634.6,0.1818,1754.0,19.9,3.8,대구광역시 동구 신천3동,27140,동구,0.7179,14835,20664.4,97.22,0.2727,0.3172,0.2509,770,0,0.0,48,1998,0.0571,0.0101,1.555,61.29,2.97
2714057000,P1,교육,55,527.4,0.4364,1158.5,19.6,9.6,대구광역시 동구 신천3동,27140,동구,0.7179,14835,20664.4,97.22,0.2727,0.3172,0.2509,770,0,0.0,48,1998,0.0714,0.0079,1.208,76.61,3.71
2714057000,Q1,보건의료,12,466.7,0.5833,1698.7,4.6,2.8,대구광역시 동구 신천3동,27140,동구,0.7179,14835,20664.4,97.22,0.2727,0.3172,0.2509,770,0,0.0,48,1998,0.0156,0.0078,1.206,16.72,0.81
2714057000,R1,예술·스포츠,28,514.8,0.5357,956.3,12.8,6.5,대구광역시 동구 신천3동,27140,동구,0.7179,14835,20664.4,97.22,0.2727,0.3172,0.2509,770,0,0.0,48,1998,0.0364,0.0055,0.843,39.0,1.89
2714057000,S2,수리·개인,96,462.9,0.5833,811.9,42.5,17.0,대구광역시 동구 신천3동,27140,동구,0.7179,14835,20664.4,97.22,0.2727,0.3172,0.2509,770,0,0.0,48,1998,0.1247,0.0059,0.901,133.72,6.47
2714058000,G2,소매,552,522.6,0.5308,2934.0,236.8,124.1,대구광역시 동구 신천4동,27140,동구,0.7957,12937,16258.6,95.51,0.3468,0.286,0.2408,1759,0,0.0,85,6933,0.3138,0.0181,1.217,693.73,42.67
2714058000,I1,숙박,77,730.3,0.1948,2737.9,34.6,34.6,대구광역시 동구 신천4동,27140,동구,0.7957,12937,16258.6,95.51,0.3468,0.286,0.2408,1759,0,0.0,85,6933,0.0438,0.0663,4.463,96.77,5.95
2714058000,I2,음식,588,654.2,0.3537,2701.7,238.6,66.9,대구광역시 동구 신천4동,27140,동구,0.7957,12937,16258.6,95.51,0.3468,0.286,0.2408,1759,0,0.0,85,6933,0.3343,0.0155,1.042,738.97,45.45
2714058000,L1,부동산,37,738.9,0.2162,2492.1,14.5,14.5,대구광역시 동구 신천4동,27140,동구,0.7957,12937,16258.6,95.51,0.3468,0.286,0.2408,1759,0,0.0,85,6933,0.021,0.0089,0.598,46.5,2.86
2714058000,M1,과학·기술,241,877.6,0.1286,2104.3,127.7,31.3,대구광역시 동구 신천4동,27140,동구,0.7957,12937,16258.6,95.51,0.3468,0.286,0.2408,1759,0,0.0,85,6933,0.137,0.0237,1.594,302.88,18.63
2714058000,N1,시설관리·임대,53,697.0,0.2642,2466.0,22.4,3.7,대구광역시 동구 신천4동,27140,동구,0.7957,12937,16258.6,95.51,0.3468,0.286,0.2408,1759,0,0.0,85,6933,0.0301,0.0122,0.82,66.61,4.1
2714058000,P1,교육,38,742.1,0.2368,2486.3,14.7,8.3,대구광역시 동구 신천4동,27140,동구,0.7957,12937,16258.6,95.51,0.3468,0.286,0.2408,1759,0,0.0,85,6933,0.0216,0.0054,0.365,47.76,2.94
2714058000,Q1,보건의료,9,534.7,0.6667,3884.1,7.3,6.6,대구광역시 동구 신천4동,27140,동구,0.7957,12937,16258.6,95.51,0.3468,0.286,0.2408,1759,0,0.0,85,6933,0.0051,0.0059,0.396,11.31,0.7
2714058000,R1,예술·스포츠,45,723.4,0.3778,2806.5,17.0,7.7,대구광역시 동구 신천4동,27140,동구,0.7957,12937,16258.6,95.51,0.3468,0.286,0.2408,1759,0,0.0,85,6933,0.0256,0.0088,0.593,56.55,3.48
2714058000,S2,수리·개인,119,687.7,0.3109,2315.6,41.3,14.6,대구광역시 동구 신천4동,27140,동구,0.7957,12937,16258.6,95.51,0.3468,0.286,0.2408,1759,0,0.0,85,6933,0.0677,0.0073,0.489,149.55,9.2
2714059000,G2,소매,178,854.3,0.1404,89.8,60.4,6.4,대구광역시 동구 효목1동,27140,동구,1.4646,11472,7832.9,98.0,0.182,0.2695,0.4834,779,0,0.0,32,901,0.2285,0.0058,0.886,121.53,15.52
2714059000,I1,숙박,25,969.7,0.12,355.4,7.8,7.8,대구광역시 동구 효목1동,27140,동구,1.4646,11472,7832.9,98.0,0.182,0.2695,0.4834,779,0,0.0,32,901,0.0321,0.0215,3.272,17.07,2.18
2714059000,I2,음식,298,842.7,0.1242,276.1,81.0,26.8,대구광역시 동구 효목1동,27140,동구,1.4646,11472,7832.9,98.0,0.182,0.2695,0.4834,779,0,0.0,32,901,0.3825,0.0078,1.192,203.47,25.98
2714059000,L1,부동산,24,752.7,0.25,97.6,7.1,7.1,대구광역시 동구 효목1동,27140,동구,1.4646,11472,7832.9,98.0,0.182,0.2695,0.4834,779,0,0.0,32,901,0.0308,0.0058,0.875,16.39,2.09
2714059000,M1,과학·기술,74,867.0,0.2703,121.9,21.1,3.5,대구광역시 동구 효목1동,27140,동구,1.4646,11472,7832.9,98.0,0.182,0.2695,0.4834,779,0,0.0,32,901,0.095,0.0073,1.105,50.53,6.45
2714059000,N1,시설관리·임대,39,920.5,0.2051,109.1,11.3,3.5,대구광역시 동구 효목1동,27140,동구,1.4646,11472,7832.9,98.0,0.182,0.2695,0.4834,779,0,0.0,32,901,0.0501,0.009,1.362,26.63,3.4
2714059000,P1,교육,14,713.3,0.5,112.1,5.2,1.9,대구광역시 동구 효목1동,27140,동구,1.4646,11472,7832.9,98.0,0.182,0.2695,0.4834,779,0,0.0,32,901,0.018,0.002,0.304,9.56,1.22
2714059000,Q1,보건의료,3,633.4,0.3333,240.7,1.3,1.0,대구광역시 동구 효목1동,27140,동구,1.4646,11472,7832.9,98.0,0.182,0.2695,0.4834,779,0,0.0,32,901,0.0039,0.002,0.298,2.05,0.26
2714059000,R1,예술·스포츠,25,776.0,0.2,283.0,6.7,2.9,대구광역시 동구 효목1동,27140,동구,1.4646,11472,7832.9,98.0,0.182,0.2695,0.4834,779,0,0.0,32,901,0.0321,0.0049,0.744,17.07,2.18
2714059000,S2,수리·개인,99,853.9,0.1212,74.5,32.9,12.7,대구광역시 동구 효목1동,27140,동구,1.4646,11472,7832.9,98.0,0.182,0.2695,0.4834,779,0,0.0,32,901,0.1271,0.006,0.918,67.6,8.63
2714060000,G2,소매,157,960.3,0.051,435.6,90.6,11.4,대구광역시 동구 효목2동,27140,동구,0.761,14147,18590.0,89.56,0.2342,0.2878,0.3646,647,0,0.0,26,897,0.2427,0.0051,0.941,206.31,11.1
2714060000,I1,숙박,7,862.9,0.1429,432.6,2.1,2.1,대구광역시 동구 효목2동,27140,동구,0.761,14147,18590.0,89.56,0.2342,0.2878,0.3646,647,0,0.0,26,897,0.0108,0.006,1.103,9.2,0.49
2714060000,I2,음식,222,978.4,0.0405,427.4,122.6,41.0,대구광역시 동구 효목2동,27140,동구,0.761,14147,18590.0,89.56,0.2342,0.2878,0.3646,647,0,0.0,26,897,0.3431,0.0058,1.069,291.72,15.69
2714060000,L1,부동산,11,851.4,0.0909,371.0,3.7,3.7,대구광역시 동구 효목2동,27140,동구,0.761,14147,18590.0,89.56,0.2342,0.2878,0.3646,647,0,0.0,26,897,0.017,0.0026,0.483,14.45,0.78
2714060000,M1,과학·기술,59,725.0,0.2034,612.8,20.3,2.8,대구광역시 동구 효목2동,27140,동구,0.761,14147,18590.0,89.56,0.2342,0.2878,0.3646,647,0,0.0,26,897,0.0912,0.0058,1.061,77.53,4.17
2714060000,N1,시설관리·임대,33,636.3,0.3636,791.8,12.4,2.1,대구광역시 동구 효목2동,27140,동구,0.761,14147,18590.0,89.56,0.2342,0.2878,0.3646,647,0,0.0,26,897,0.051,0.0076,1.388,43.36,2.33
2714060000,P1,교육,25,877.6,0.16,553.6,11.0,5.2,대구광역시 동구 효목2동,27140,동구,0.761,14147,18590.0,89.56,0.2342,0.2878,0.3646,647,0,0.0,26,897,0.0386,0.0036,0.653,32.85,1.77
2714060000,Q1,보건의료,8,976.2,0.0,697.6,3.0,1.2,대구광역시 동구 효목2동,27140,동구,0.761,14147,18590.0,89.56,0.2342,0.2878,0.3646,647,0,0.0,26,897,0.0124,0.0052,0.957,10.51,0.57
2714060000,R1,예술·스포츠,37,959.1,0.0,200.9,21.3,10.0,대구광역시 동구 효목2동,27140,동구,0.761,14147,18590.0,89.56,0.2342,0.2878,0.3646,647,0,0.0,26,897,0.0572,0.0072,1.326,48.62,2.62
2714060000,S2,수리·개인,88,907.1,0.0909,432.1,43.8,19.7,대구광역시 동구 효목2동,27140,동구,0.761,14147,18590.0,89.56,0.2342,0.2878,0.3646,647,0,0.0,26,897,0.136,0.0054,0.983,115.64,6.22
2714061500,G2,소매,25,2371.3,0.0,7.2,10.4,1.1,대구광역시 동구 도평동,27140,동구,19.9271,3371,169.2,119.32,0.2311,0.2409,0.4675,72,0,0.0,3,41,0.3472,0.0008,1.347,1.25,7.42
2714061500,I1,숙박,1,3465.1,0.0,0.0,0.0,0.0,대구광역시 동구 도평동,27140,동구,19.9271,3371,169.2,119.32,0.2311,0.2409,0.4675,72,0,0.0,3,41,0.0139,0.0009,1.416,0.05,0.3
2714061500,I2,음식,23,2818.7,0.0,1.9,19.0,5.9,대구광역시 동구 도평동,27140,동구,19.9271,3371,169.2,119.32,0.2311,0.2409,0.4675,72,0,0.0,3,41,0.3194,0.0006,0.996,1.15,6.82
2714061500,M1,과학·기술,6,2838.2,0.0,3.7,1.7,0.5,대구광역시 동구 도평동,27140,동구,19.9271,3371,169.2,119.32,0.2311,0.2409,0.4675,72,0,0.0,3,41,0.0833,0.0006,0.97,0.3,1.78
2714061500,N1,시설관리·임대,4,2913.4,0.0,2.8,0.5,0.0,대구광역시 동구 도평동,27140,동구,19.9271,3371,169.2,119.32,0.2311,0.2409,0.4675,72,0,0.0,3,41,0.0556,0.0009,1.512,0.2,1.19
2714061500,P1,교육,2,2220.4,0.0,5.5,1.0,0.0,대구광역시 동구 도평동,27140,동구,19.9271,3371,169.2,119.32,0.2311,0.2409,0.4675,72,0,0.0,3,41,0.0278,0.0003,0.47,0.1,0.59
2714061500,R1,예술·스포츠,3,2620.9,0.0,0.0,1.0,0.0,대구광역시 동구 도평동,27140,동구,19.9271,3371,169.2,119.32,0.2311,0.2409,0.4675,72,0,0.0,3,41,0.0417,0.0006,0.966,0.15,0.89
2714061500,S2,수리·개인,8,2591.5,0.0,4.4,10.5,6.6,대구광역시 동구 도평동,27140,동구,19.9271,3371,169.2,119.32,0.2311,0.2409,0.4675,72,0,0.0,3,41,0.1111,0.0005,0.803,0.4,2.37
2714062000,G2,소매,417,2955.4,0.0,1159.4,115.1,40.7,대구광역시 동구 불로·봉무동,27140,동구,7.6608,19381,2529.9,96.56,0.1911,0.3351,0.2991,1256,0,0.0,57,4178,0.332,0.0137,1.288,54.43,21.52
2714062000,I1,숙박,2,2899.7,0.0,928.5,0.0,0.0,대구광역시 동구 불로·봉무동,27140,동구,7.6608,19381,2529.9,96.56,0.1911,0.3351,0.2991,1256,0,0.0,57,4178,0.0016,0.0017,0.162,0.26,0.1
2714062000,I2,음식,409,2951.4,0.0,1019.9,113.8,34.9,대구광역시 동구 불로·봉무동,27140,동구,7.6608,19381,2529.9,96.56,0.1911,0.3351,0.2991,1256,0,0.0,57,4178,0.3256,0.0108,1.015,53.39,21.1
2714062000,L1,부동산,35,3106.1,0.0,1034.4,7.2,7.2,대구광역시 동구 불로·봉무동,27140,동구,7.6608,19381,2529.9,96.56,0.1911,0.3351,0.2991,1256,0,0.0,57,4178,0.0279,0.0084,0.792,4.57,1.81
2714062000,M1,과학·기술,73,2956.2,0.0,659.2,9.7,1.3,대구광역시 동구 불로·봉무동,27140,동구,7.6608,19381,2529.9,96.56,0.1911,0.3351,0.2991,1256,0,0.0,57,4178,0.0581,0.0072,0.676,9.53,3.77
2714062000,N1,시설관리·임대,32,2485.4,0.0312,604.3,4.4,0.9,대구광역시 동구 불로·봉무동,27140,동구,7.6608,19381,2529.9,96.56,0.1911,0.3351,0.2991,1256,0,0.0,57,4178,0.0255,0.0074,0.693,4.18,1.65
2714062000,P1,교육,79,3172.8,0.0,1473.8,29.8,16.7,대구광역시 동구 불로·봉무동,27140,동구,7.6608,19381,2529.9,96.56,0.1911,0.3351,0.2991,1256,0,0.0,57,4178,0.0629,0.0113,1.063,10.31,4.08
2714062000,Q1,보건의료,9,3087.1,0.0,1308.8,2.4,1.6,대구광역시 동구 불로·봉무동,27140,동구,7.6608,19381,2529.9,96.56,0.1911,0.3351,0.2991,1256,0,0.0,57,4178,0.0072,0.0059,0.554,1.17,0.46
2714062000,R1,예술·스포츠,67,3193.0,0.0,1450.1,24.3,9.2,대구광역시 동구 불로·봉무동,27140,동구,7.6608,19381,2529.9,96.56,0.1911,0.3351,0.2991,1256,0,0.0,57,4178,0.0533,0.0131,1.237,8.75,3.46
2714062000,S2,수리·개인,133,2690.4,0.0,898.9,29.0,13.6,대구광역시 동구 불로·봉무동,27140,동구,7.6608,19381,2529.9,96.56,0.1911,0.3351,0.2991,1256,0,0.0,57,4178,0.1059,0.0081,0.765,17.36,6.86
2714064000,G2,소매,108,532.3,0.4907,356.4,48.9,6.1,대구광역시 동구 지저동,27140,동구,2.2358,12323,5511.7,97.14,0.1853,0.2683,0.4701,380,1,9062.4,12,2021,0.2842,0.0035,1.102,48.3,8.76
2714064000,I1,숙박,4,642.2,0.25,1235.5,2.0,2.0,대구광역시 동구 지저동,27140,동구,2.2358,12323,5511.7,97.14,0.1853,0.2683,0.4701,380,1,9062.4,12,2021,0.0105,0.0034,1.073,1.79,0.32
2714064000,I2,음식,137,434.7,0.5985,509.0,68.7,28.0,대구광역시 동구 지저동,27140,동구,2.2358,12323,5511.7,97.14,0.1853,0.2683,0.4701,380,1,9062.4,12,2021,0.3605,0.0036,1.124,61.28,11.12
2714064000,L1,부동산,8,463.0,0.625,302.4,2.2,2.2,대구광역시 동구 지저동,27140,동구,2.2358,12323,5511.7,97.14,0.1853,0.2683,0.4701,380,1,9062.4,12,2021,0.0211,0.0019,0.598,3.58,0.65
2714064000,M1,과학·기술,11,456.7,0.6364,226.5,4.5,0.5,대구광역시 동구 지저동,27140,동구,2.2358,12323,5511.7,97.14,0.1853,0.2683,0.4701,380,1,9062.4,12,2021,0.0289,0.0011,0.337,4.92,0.89
2714064000,N1,시설관리·임대,17,525.3,0.4706,682.9,5.2,0.5,대구광역시 동구 지저동,27140,동구,2.2358,12323,5511.7,97.14,0.1853,0.2683,0.4701,380,1,9062.4,12,2021,0.0447,0.0039,1.217,7.6,1.38
2714064000,P1,교육,7,360.3,0.8571,117.9,3.9,1.3,대구광역시 동구 지저동,27140,동구,2.2358,12323,5511.7,97.14,0.1853,0.2683,0.4701,380,1,9062.4,12,2021,0.0184,0.001,0.311,3.13,0.57
2714064000,Q1,보건의료,2,369.0,0.5,118.0,0.0,0.0,대구광역시 동구 지저동,27140,동구,2.2358,12323,5511.7,97.14,0.1853,0.2683,0.4701,380,1,9062.4,12,2021,0.0053,0.0013,0.407,0.89,0.16
2714064000,R1,예술·스포츠,22,397.9,0.6818,550.0,10.6,5.5,대구광역시 동구 지저동,27140,동구,2.2358,12323,5511.7,97.14,0.1853,0.2683,0.4701,380,1,9062.4,12,2021,0.0579,0.0043,1.343,9.84,1.79
2714064000,S2,수리·개인,64,453.5,0.5938,218.4,31.6,11.6,대구광역시 동구 지저동,27140,동구,2.2358,12323,5511.7,97.14,0.1853,0.2683,0.4701,380,1,9062.4,12,2021,0.1684,0.0039,1.217,28.63,5.19
2714065500,G2,소매,120,494.2,0.45,392.4,23.5,2.3,대구광역시 동구 동촌동,27140,동구,4.4612,13815,3096.7,101.24,0.2087,0.2819,0.4236,554,1,4475.3,31,1690,0.2166,0.0039,0.84,26.9,8.69
2714065500,I1,숙박,12,535.2,0.4167,217.7,3.2,3.2,대구광역시 동구 동촌동,27140,동구,4.4612,13815,3096.7,101.24,0.2087,0.2819,0.4236,554,1,4475.3,31,1690,0.0217,0.0103,2.208,2.69,0.87
2714065500,I2,음식,195,543.1,0.3538,282.4,44.4,15.1,대구광역시 동구 동촌동,27140,동구,4.4612,13815,3096.7,101.24,0.2087,0.2819,0.4236,554,1,4475.3,31,1690,0.352,0.0051,1.097,43.71,14.12
2714065500,L1,부동산,15,524.5,0.4,411.3,3.5,3.5,대구광역시 동구 동촌동,27140,동구,4.4612,13815,3096.7,101.24,0.2087,0.2819,0.4236,554,1,4475.3,31,1690,0.0271,0.0036,0.769,3.36,1.09
2714065500,M1,과학·기술,45,492.6,0.4444,398.5,9.6,1.3,대구광역시 동구 동촌동,27140,동구,4.4612,13815,3096.7,101.24,0.2087,0.2819,0.4236,554,1,4475.3,31,1690,0.0812,0.0044,0.945,10.09,3.26
2714065500,N1,시설관리·임대,20,450.9,0.5,368.2,4.2,1.4,대구광역시 동구 동촌동,27140,동구,4.4612,13815,3096.7,101.24,0.2087,0.2819,0.4236,554,1,4475.3,31,1690,0.0361,0.0046,0.982,4.48,1.45
2714065500,P1,교육,12,504.6,0.25,522.5,3.8,1.8,대구광역시 동구 동촌동,27140,동구,4.4612,13815,3096.7,101.24,0.2087,0.2819,0.4236,554,1,4475.3,31,1690,0.0217,0.0017,0.366,2.69,0.87
2714065500,Q1,보건의료,2,556.6,0.0,534.5,0.0,0.0,대구광역시 동구 동촌동,27140,동구,4.4612,13815,3096.7,101.24,0.2087,0.2819,0.4236,554,1,4475.3,31,1690,0.0036,0.0013,0.279,0.45,0.14
2714065500,R1,예술·스포츠,29,481.1,0.5862,380.8,8.1,4.0,대구광역시 동구 동촌동,27140,동구,4.4612,13815,3096.7,101.24,0.2087,0.2819,0.4236,554,1,4475.3,31,1690,0.0523,0.0057,1.214,6.5,2.1
2714065500,S2,수리·개인,104,489.3,0.4231,391.4,24.5,8.4,대구광역시 동구 동촌동,27140,동구,4.4612,13815,3096.7,101.24,0.2087,0.2819,0.4236,554,1,4475.3,31,1690,0.1877,0.0063,1.356,23.31,7.53
2714067000,G2,소매,146,950.0,0.0,243.0,65.6,8.5,대구광역시 동구 방촌동,27140,동구,1.2248,16714,13646.3,93.05,0.1852,0.274,0.453,592,0,0.0,22,638,0.2466,0.0048,0.957,119.2,8.74
2714067000,I1,숙박,2,828.3,0.0,276.5,0.5,0.0,대구광역시 동구 방촌동,27140,동구,1.2248,16714,13646.3,93.05,0.1852,0.274,0.453,592,0,0.0,22,638,0.0034,0.0017,0.344,1.63,0.12
2714067000,I2,음식,201,960.1,0.0,218.5,89.9,30.2,대구광역시 동구 방촌동,27140,동구,1.2248,16714,13646.3,93.05,0.1852,0.274,0.453,592,0,0.0,22,638,0.3395,0.0053,1.058,164.11,12.03
2714067000,L1,부동산,11,913.3,0.0,318.3,3.5,3.5,대구광역시 동구 방촌동,27140,동구,1.2248,16714,13646.3,93.05,0.1852,0.274,0.453,592,0,0.0,22,638,0.0186,0.0026,0.528,8.98,0.66
2714067000,M1,과학·기술,29,1019.2,0.0,149.7,8.4,1.2,대구광역시 동구 방촌동,27140,동구,1.2248,16714,13646.3,93.05,0.1852,0.274,0.453,592,0,0.0,22,638,0.049,0.0029,0.57,23.68,1.74
2714067000,N1,시설관리·임대,20,1065.1,0.0,119.8,5.6,1.4,대구광역시 동구 방촌동,27140,동구,1.2248,16714,13646.3,93.05,0.1852,0.274,0.453,592,0,0.0,22,638,0.0338,0.0046,0.919,16.33,1.2
2714067000,P1,교육,25,972.7,0.0,213.5,7.8,3.4,대구광역시 동구 방촌동,27140,동구,1.2248,16714,13646.3,93.05,0.1852,0.274,0.453,592,0,0.0,22,638,0.0422,0.0036,0.714,20.41,1.5
2714067000,Q1,보건의료,6,859.9,0.0,321.3,10.5,10.5,대구광역시 동구 방촌동,27140,동구,1.2248,16714,13646.3,93.05,0.1852,0.274,0.453,592,0,0.0,22,638,0.0101,0.0039,0.784,4.9,0.36
2714067000,R1,예술·스포츠,36,979.4,0.0,168.1,15.6,7.0,대구광역시 동구 방촌동,27140,동구,1.2248,16714,13646.3,93.05,0.1852,0.274,0.453,592,0,0.0,22,638,0.0608,0.0071,1.41,29.39,2.15
2714067000,S2,수리·개인,116,1006.3,0.0,192.9,38.8,20.4,대구광역시 동구 방촌동,27140,동구,1.2248,16714,13646.3,93.05,0.1852,0.274,0.453,592,0,0.0,22,638,0.1959,0.0071,1.416,94.71,6.94
2714068500,G2,소매,120,761.3,0.0333,173.2,47.6,5.8,대구광역시 동구 해안동,27140,동구,13.264,12925,974.4,98.66,0.1922,0.2718,0.4537,475,2,11140.2,23,480,0.2526,0.0039,0.98,9.05,9.28
2714068500,I1,숙박,3,1400.8,0.0,65.3,0.3,0.0,대구광역시 동구 해안동,27140,동구,13.264,12925,974.4,98.66,0.1922,0.2718,0.4537,475,2,11140.2,23,480,0.0063,0.0026,0.644,0.23,0.23
2714068500,I2,음식,141,761.2,0.0284,180.6,84.9,28.6,대구광역시 동구 해안동,27140,동구,13.264,12925,974.4,98.66,0.1922,0.2718,0.4537,475,2,11140.2,23,480,0.2968,0.0037,0.925,10.63,10.91
2714068500,L1,부동산,8,599.2,0.125,163.9,4.1,4.1,대구광역시 동구 해안동,27140,동구,13.264,12925,974.4,98.66,0.1922,0.2718,0.4537,475,2,11140.2,23,480,0.0168,0.0019,0.478,0.6,0.62
2714068500,M1,과학·기술,38,727.3,0.1053,108.4,9.4,1.9,대구광역시 동구 해안동,27140,동구,13.264,12925,974.4,98.66,0.1922,0.2718,0.4537,475,2,11140.2,23,480,0.08,0.0037,0.931,2.86,2.94
2714068500,N1,시설관리·임대,29,936.8,0.069,73.7,3.9,0.6,대구광역시 동구 해안동,27140,동구,13.264,12925,974.4,98.66,0.1922,0.2718,0.4537,475,2,11140.2,23,480,0.0611,0.0067,1.661,2.19,2.24
2714068500,P1,교육,15,900.5,0.0667,128.8,5.0,3.1,대구광역시 동구 해안동,27140,동구,13.264,12925,974.4,98.66,0.1922,0.2718,0.4537,475,2,11140.2,23,480,0.0316,0.0021,0.534,1.13,1.16
2714068500,Q1,보건의료,6,788.6,0.0,331.0,9.2,9.2,대구광역시 동구 해안동,27140,동구,13.264,12925,974.4,98.66,0.1922,0.2718,0.4537,475,2,11140.2,23,480,0.0126,0.0039,0.977,0.45,0.46
2714068500,R1,예술·스포츠,25,788.2,0.0,238.4,23.7,10.4,대구광역시 동구 해안동,27140,동구,13.264,12925,974.4,98.66,0.1922,0.2718,0.4537,475,2,11140.2,23,480,0.0526,0.0049,1.22,1.88,1.93
2714068500,S2,수리·개인,90,648.4,0.1333,137.3,31.3,9.8,대구광역시 동구 해안동,27140,동구,13.264,12925,974.4,98.66,0.1922,0.2718,0.4537,475,2,11140.2,23,480,0.1895,0.0055,1.369,6.79,6.96
2714072000,G2,소매,467,336.8,0.7152,575.6,89.7,31.7,대구광역시 동구 안심1동,27140,동구,3.4892,37158,10649.4,93.69,0.2036,0.3057,0.3499,1776,2,15850.8,56,2910,0.263,0.0153,1.02,133.84,12.57
2714072000,I1,숙박,5,223.7,1.0,364.6,0.8,0.8,대구광역시 동구 안심1동,27140,동구,3.4892,37158,10649.4,93.69,0.2036,0.3057,0.3499,1776,2,15850.8,56,2910,0.0028,0.0043,0.287,1.43,0.13
2714072000,I2,음식,596,447.4,0.547,401.3,99.7,31.1,대구광역시 동구 안심1동,27140,동구,3.4892,37158,10649.4,93.69,0.2036,0.3057,0.3499,1776,2,15850.8,56,2910,0.3356,0.0157,1.046,170.81,16.04
2714072000,L1,부동산,60,454.7,0.5667,386.0,7.0,7.0,대구광역시 동구 안심1동,27140,동구,3.4892,37158,10649.4,93.69,0.2036,0.3057,0.3499,1776,2,15850.8,56,2910,0.0338,0.0144,0.96,17.2,1.61
2714072000,M1,과학·기술,98,459.8,0.6327,306.7,12.9,2.6,대구광역시 동구 안심1동,27140,동구,3.4892,37158,10649.4,93.69,0.2036,0.3057,0.3499,1776,2,15850.8,56,2910,0.0552,0.0096,0.642,28.09,2.64
2714072000,N1,시설관리·임대,49,395.1,0.7551,471.7,9.7,1.8,대구광역시 동구 안심1동,27140,동구,3.4892,37158,10649.4,93.69,0.2036,0.3057,0.3499,1776,2,15850.8,56,2910,0.0276,0.0113,0.751,14.04,1.32
2714072000,P1,교육,94,613.8,0.2766,458.4,18.8,9.4,대구광역시 동구 안심1동,27140,동구,3.4892,37158,10649.4,93.69,0.2036,0.3057,0.3499,1776,2,15850.8,56,2910,0.0529,0.0134,0.895,26.94,2.53
2714072000,Q1,보건의료,25,500.7,0.44,592.8,5.6,5.0,대구광역시 동구 안심1동,27140,동구,3.4892,37158,10649.4,93.69,0.2036,0.3057,0.3499,1776,2,15850.8,56,2910,0.0141,0.0163,1.089,7.16,0.67
2714072000,R1,예술·스포츠,77,483.3,0.4675,481.7,18.9,9.4,대구광역시 동구 안심1동,27140,동구,3.4892,37158,10649.4,93.69,0.2036,0.3057,0.3499,1776,2,15850.8,56,2910,0.0434,0.0151,1.005,22.07,2.07
2714072000,S2,수리·개인,305,446.6,0.5934,396.8,42.5,18.6,대구광역시 동구 안심1동,27140,동구,3.4892,37158,10649.4,93.69,0.2036,0.3057,0.3499,1776,2,15850.8,56,2910,0.1717,0.0186,1.241,87.41,8.21
2714073000,G2,소매,125,744.2,0.312,165.4,18.4,2.0,대구광역시 동구 안심2동,27140,동구,13.3309,17002,1275.4,99.58,0.2584,0.3083,0.3017,394,1,3810.8,43,1493,0.3173,0.0041,1.231,9.38,7.35
2714073000,I1,숙박,11,1585.1,0.1818,312.0,5.3,5.3,대구광역시 동구 안심2동,27140,동구,13.3309,17002,1275.4,99.58,0.2584,0.3083,0.3017,394,1,3810.8,43,1493,0.0279,0.0095,2.846,0.83,0.65
2714073000,I2,음식,95,1074.7,0.2737,133.9,14.5,5.5,대구광역시 동구 안심2동,27140,동구,13.3309,17002,1275.4,99.58,0.2584,0.3083,0.3017,394,1,3810.8,43,1493,0.2411,0.0025,0.751,7.13,5.59
2714073000,L1,부동산,15,760.8,0.2,191.7,1.7,1.7,대구광역시 동구 안심2동,27140,동구,13.3309,17002,1275.4,99.58,0.2584,0.3083,0.3017,394,1,3810.8,43,1493,0.0381,0.0036,1.082,1.13,0.88
2714073000,M1,과학·기술,30,1122.3,0.2667,173.4,4.1,0.9,대구광역시 동구 안심2동,27140,동구,13.3309,17002,1275.4,99.58,0.2584,0.3083,0.3017,394,1,3810.8,43,1493,0.0761,0.0029,0.886,2.25,1.76
2714073000,N1,시설관리·임대,24,683.3,0.4167,112.5,3.6,0.6,대구광역시 동구 안심2동,27140,동구,13.3309,17002,1275.4,99.58,0.2584,0.3083,0.3017,394,1,3810.8,43,1493,0.0609,0.0055,1.657,1.8,1.41
2714073000,P1,교육,9,601.9,0.3333,81.2,2.4,0.9,대구광역시 동구 안심2동,27140,동구,13.3309,17002,1275.4,99.58,0.2584,0.3083,0.3017,394,1,3810.8,43,1493,0.0228,0.0013,0.386,0.68,0.53
2714073000,Q1,보건의료,4,555.6,0.5,119.2,2.5,1.8,대구광역시 동구 안심2동,27140,동구,13.3309,17002,1275.4,99.58,0.2584,0.3083,0.3017,394,1,3810.8,43,1493,0.0102,0.0026,0.785,0.3,0.24
2714073000,R1,예술·스포츠,15,747.0,0.1333,194.7,2.9,2.1,대구광역시 동구 안심2동,27140,동구,13.3309,17002,1275.4,99.58,0.2584,0.3083,0.3017,394,1,3810.8,43,1493,0.0381,0.0029,0.883,1.13,0.88
2714073000,S2,수리·개인,66,605.1,0.3788,166.7,12.7,3.9,대구광역시 동구 안심2동,27140,동구,13.3309,17002,1275.4,99.58,0.2584,0.3083,0.3017,394,1,3810.8,43,1493,0.1675,0.004,1.21,4.95,3.88
2714074200,G2,소매,134,461.6,0.5448,223.7,49.8,6.4,대구광역시 동구 안심3동,27140,동구,5.8689,19897,3390.2,93.87,0.2321,0.3416,0.2343,714,1,6999.1,29,913,0.1877,0.0044,0.728,22.83,6.73
2714074200,I1,숙박,1,606.6,0.0,322.0,0.0,0.0,대구광역시 동구 안심3동,27140,동구,5.8689,19897,3390.2,93.87,0.2321,0.3416,0.2343,714,1,6999.1,29,913,0.0014,0.0009,0.143,0.17,0.05
2714074200,I2,음식,206,491.9,0.4806,251.3,88.7,23.6,대구광역시 동구 안심3동,27140,동구,5.8689,19897,3390.2,93.87,0.2321,0.3416,0.2343,714,1,6999.1,29,913,0.2885,0.0054,0.899,35.1,10.35
2714074200,L1,부동산,28,437.9,0.4643,161.6,7.0,7.0,대구광역시 동구 안심3동,27140,동구,5.8689,19897,3390.2,93.87,0.2321,0.3416,0.2343,714,1,6999.1,29,913,0.0392,0.0067,1.114,4.77,1.41
2714074200,M1,과학·기술,46,464.9,0.5217,199.2,10.2,2.3,대구광역시 동구 안심3동,27140,동구,5.8689,19897,3390.2,93.87,0.2321,0.3416,0.2343,714,1,6999.1,29,913,0.0644,0.0045,0.75,7.84,2.31
2714074200,N1,시설관리·임대,24,518.8,0.4583,139.9,6.2,1.1,대구광역시 동구 안심3동,27140,동구,5.8689,19897,3390.2,93.87,0.2321,0.3416,0.2343,714,1,6999.1,29,913,0.0336,0.0055,0.915,4.09,1.21
2714074200,P1,교육,110,378.4,0.7636,246.0,49.2,22.7,대구광역시 동구 안심3동,27140,동구,5.8689,19897,3390.2,93.87,0.2321,0.3416,0.2343,714,1,6999.1,29,913,0.1541,0.0157,2.605,18.74,5.53
2714074200,Q1,보건의료,10,515.5,0.4,346.5,10.2,6.8,대구광역시 동구 안심3동,27140,동구,5.8689,19897,3390.2,93.87,0.2321,0.3416,0.2343,714,1,6999.1,29,913,0.014,0.0065,1.083,1.7,0.5
2714074200,R1,예술·스포츠,42,499.4,0.381,307.1,28.8,11.1,대구광역시 동구 안심3동,27140,동구,5.8689,19897,3390.2,93.87,0.2321,0.3416,0.2343,714,1,6999.1,29,913,0.0588,0.0082,1.364,7.16,2.11
2714074200,S2,수리·개인,113,431.0,0.646,209.4,38.2,19.6,대구광역시 동구 안심3동,27140,동구,5.8689,19897,3390.2,93.87,0.2321,0.3416,0.2343,714,1,6999.1,29,913,0.1583,0.0069,1.143,19.25,5.68
2714074700,G2,소매,223,378.7,0.7399,472.3,43.8,5.2,대구광역시 동구 안심4동,27140,동구,2.572,26289,10221.2,95.34,0.2264,0.3311,0.2918,985,2,13918.2,66,2726,0.2264,0.0073,0.878,86.7,8.48
2714074700,I1,숙박,3,284.2,1.0,592.3,0.0,0.0,대구광역시 동구 안심4동,27140,동구,2.572,26289,10221.2,95.34,0.2264,0.3311,0.2918,985,2,13918.2,66,2726,0.003,0.0026,0.31,1.17,0.11
2714074700,I2,음식,261,393.2,0.7816,411.7,50.3,14.1,대구광역시 동구 안심4동,27140,동구,2.572,26289,10221.2,95.34,0.2264,0.3311,0.2918,985,2,13918.2,66,2726,0.265,0.0069,0.826,101.48,9.93
2714074700,L1,부동산,45,451.2,0.6222,403.5,6.9,6.9,대구광역시 동구 안심4동,27140,동구,2.572,26289,10221.2,95.34,0.2264,0.3311,0.2918,985,2,13918.2,66,2726,0.0457,0.0108,1.298,17.5,1.71
2714074700,M1,과학·기술,67,396.4,0.7164,483.5,11.7,1.9,대구광역시 동구 안심4동,27140,동구,2.572,26289,10221.2,95.34,0.2264,0.3311,0.2918,985,2,13918.2,66,2726,0.068,0.0066,0.791,26.05,2.55
2714074700,N1,시설관리·임대,41,421.0,0.5366,411.4,7.0,1.1,대구광역시 동구 안심4동,27140,동구,2.572,26289,10221.2,95.34,0.2264,0.3311,0.2918,985,2,13918.2,66,2726,0.0416,0.0094,1.133,15.94,1.56
2714074700,P1,교육,56,375.7,0.8214,436.1,12.9,6.2,대구광역시 동구 안심4동,27140,동구,2.572,26289,10221.2,95.34,0.2264,0.3311,0.2918,985,2,13918.2,66,2726,0.0569,0.008,0.961,21.77,2.13
2714074700,Q1,보건의료,10,340.1,0.8,579.9,4.1,3.6,대구광역시 동구 안심4동,27140,동구,2.572,26289,10221.2,95.34,0.2264,0.3311,0.2918,985,2,13918.2,66,2726,0.0102,0.0065,0.785,3.89,0.38
2714074700,R1,예술·스포츠,49,400.0,0.7755,458.7,9.6,4.4,대구광역시 동구 안심4동,27140,동구,2.572,26289,10221.2,95.34,0.2264,0.3311,0.2918,985,2,13918.2,66,2726,0.0497,0.0096,1.154,19.05,1.86
2714074700,S2,수리·개인,230,382.7,0.7696,421.1,37.5,18.1,대구광역시 동구 안심4동,27140,동구,2.572,26289,10221.2,95.34,0.2264,0.3311,0.2918,985,2,13918.2,66,2726,0.2335,0.014,1.687,89.42,8.75
2714075500,G2,소매,174,1080.9,0.0,969.0,25.4,2.9,대구광역시 동구 혁신동,27140,동구,17.0739,16501,966.4,95.9,0.2553,0.3429,0.1871,1026,0,0.0,102,8600,0.1696,0.0057,0.658,10.19,10.54
2714075500,I1,숙박,1,570.9,0.0,2229.0,0.0,0.0,대구광역시 동구 혁신동,27140,동구,17.0739,16501,966.4,95.9,0.2553,0.3429,0.1871,1026,0,0.0,102,8600,0.001,0.0009,0.099,0.06,0.06
2714075500,I2,음식,355,921.0,0.0,1591.3,71.5,18.8,대구광역시 동구 혁신동,27140,동구,17.0739,16501,966.4,95.9,0.2553,0.3429,0.1871,1026,0,0.0,102,8600,0.346,0.0093,1.078,20.79,21.51
2714075500,L1,부동산,51,957.5,0.0,1051.8,9.7,9.7,대구광역시 동구 혁신동,27140,동구,17.0739,16501,966.4,95.9,0.2553,0.3429,0.1871,1026,0,0.0,102,8600,0.0497,0.0122,1.412,2.99,3.09
2714075500,M1,과학·기술,121,1006.1,0.0,911.0,21.4,4.1,대구광역시 동구 혁신동,27140,동구,17.0739,16501,966.4,95.9,0.2553,0.3429,0.1871,1026,0,0.0,102,8600,0.1179,0.0119,1.372,7.09,7.33
2714075500,N1,시설관리·임대,60,998.3,0.0,923.4,8.4,1.1,대구광역시 동구 혁신동,27140,동구,17.0739,16501,966.4,95.9,0.2553,0.3429,0.1871,1026,0,0.0,102,8600,0.0585,0.0138,1.591,3.51,3.64
2714075500,P1,교육,99,1235.1,0.0,628.4,19.2,10.2,대구광역시 동구 혁신동,27140,동구,17.0739,16501,966.4,95.9,0.2553,0.3429,0.1871,1026,0,0.0,102,8600,0.0965,0.0141,1.631,5.8,6.0
2714075500,Q1,보건의료,6,723.4,0.0,751.5,5.0,5.0,대구광역시 동구 혁신동,27140,동구,17.0739,16501,966.4,95.9,0.2553,0.3429,0.1871,1026,0,0.0,102,8600,0.0058,0.0039,0.452,0.35,0.36
2714075500,R1,예술·스포츠,49,1001.2,0.0,1175.4,12.6,5.5,대구광역시 동구 혁신동,27140,동구,17.0739,16501,966.4,95.9,0.2553,0.3429,0.1871,1026,0,0.0,102,8600,0.0478,0.0096,1.107,2.87,2.97
2714075500,S2,수리·개인,110,1017.5,0.0,646.7,18.8,6.4,대구광역시 동구 혁신동,27140,동구,17.0739,16501,966.4,95.9,0.2553,0.3429,0.1871,1026,0,0.0,102,8600,0.1072,0.0067,0.775,6.44,6.67
2714076000,G2,소매,151,6779.1,0.0,46.7,11.4,2.1,대구광역시 동구 공산동,27140,동구,83.2696,19708,236.7,93.69,0.1732,0.2982,0.4157,754,0,0.0,67,1875,0.2003,0.0049,0.777,1.81,7.66
2714076000,I1,숙박,32,8796.9,0.0,126.7,3.9,3.9,대구광역시 동구 공산동,27140,동구,83.2696,19708,236.7,93.69,0.1732,0.2982,0.4157,754,0,0.0,67,1875,0.0424,0.0276,4.327,0.38,1.62
2714076000,I2,음식,376,7520.1,0.0,57.1,17.4,7.3,대구광역시 동구 공산동,27140,동구,83.2696,19708,236.7,93.69,0.1732,0.2982,0.4157,754,0,0.0,67,1875,0.4987,0.0099,1.554,4.52,19.08
2714076000,L1,부동산,26,6084.0,0.0,62.9,5.1,5.1,대구광역시 동구 공산동,27140,동구,83.2696,19708,236.7,93.69,0.1732,0.2982,0.4157,754,0,0.0,67,1875,0.0345,0.0062,0.98,0.31,1.32
2714076000,M1,과학·기술,28,7737.8,0.0,84.9,2.5,0.7,대구광역시 동구 공산동,27140,동구,83.2696,19708,236.7,93.69,0.1732,0.2982,0.4157,754,0,0.0,67,1875,0.0371,0.0028,0.432,0.34,1.42
2714076000,N1,시설관리·임대,17,7687.6,0.0,40.2,0.2,0.0,대구광역시 동구 공산동,27140,동구,83.2696,19708,236.7,93.69,0.1732,0.2982,0.4157,754,0,0.0,67,1875,0.0225,0.0039,0.613,0.2,0.86
2714076000,P1,교육,29,6198.7,0.0,68.6,6.2,3.2,대구광역시 동구 공산동,27140,동구,83.2696,19708,236.7,93.69,0.1732,0.2982,0.4157,754,0,0.0,67,1875,0.0385,0.0041,0.65,0.35,1.47
2714076000,Q1,보건의료,4,5758.6,0.0,113.0,3.0,3.0,대구광역시 동구 공산동,27140,동구,83.2696,19708,236.7,93.69,0.1732,0.2982,0.4157,754,0,0.0,67,1875,0.0053,0.0026,0.41,0.05,0.2
2714076000,R1,예술·스포츠,23,6667.6,0.0,63.0,2.3,1.5,대구광역시 동구 공산동,27140,동구,83.2696,19708,236.7,93.69,0.1732,0.2982,0.4157,754,0,0.0,67,1875,0.0305,0.0045,0.707,0.28,1.17
2714076000,S2,수리·개인,68,6107.1,0.0,71.2,13.9,6.7,대구광역시 동구 공산동,27140,동구,83.2696,19708,236.7,93.69,0.1732,0.2982,0.4157,754,0,0.0,67,1875,0.0902,0.0042,0.652,0.82,3.45
2717051000,G2,소매,85,615.6,0.3294,778.2,61.8,8.3,대구광역시 서구 내당1동,27170,서구,0.5707,14683,25728.1,96.43,0.2668,0.3045,0.2892,461,0,0.0,27,1153,0.1844,0.0028,0.715,148.94,5.79
2717051000,I1,숙박,6,760.4,0.0,710.3,7.7,7.7,대구광역시 서구 내당1동,27170,서구,0.5707,14683,25728.1,96.43,0.2668,0.3045,0.2892,461,0,0.0,27,1153,0.013,0.0052,1.327,10.51,0.41
2717051000,I2,음식,168,595.0,0.4048,915.1,115.9,34.7,대구광역시 서구 내당1동,27170,서구,0.5707,14683,25728.1,96.43,0.2668,0.3045,0.2892,461,0,0.0,27,1153,0.3644,0.0044,1.136,294.38,11.44
2717051000,L1,부동산,31,660.2,0.1613,628.4,13.9,13.9,대구광역시 서구 내당1동,27170,서구,0.5707,14683,25728.1,96.43,0.2668,0.3045,0.2892,461,0,0.0,27,1153,0.0672,0.0074,1.91,54.32,2.11
2717051000,M1,과학·기술,30,610.3,0.3,909.1,22.9,3.4,대구광역시 서구 내당1동,27170,서구,0.5707,14683,25728.1,96.43,0.2668,0.3045,0.2892,461,0,0.0,27,1153,0.0651,0.0029,0.757,52.57,2.04
2717051000,N1,시설관리·임대,15,619.5,0.3333,790.5,10.9,2.9,대구광역시 서구 내당1동,27170,서구,0.5707,14683,25728.1,96.43,0.2668,0.3045,0.2892,461,0,0.0,27,1153,0.0325,0.0034,0.885,26.28,1.02
2717051000,P1,교육,19,612.9,0.2632,694.5,9.2,4.5,대구광역시 서구 내당1동,27170,서구,0.5707,14683,25728.1,96.43,0.2668,0.3045,0.2892,461,0,0.0,27,1153,0.0412,0.0027,0.697,33.29,1.29
2717051000,Q1,보건의료,7,523.3,0.7143,978.9,5.1,4.4,대구광역시 서구 내당1동,27170,서구,0.5707,14683,25728.1,96.43,0.2668,0.3045,0.2892,461,0,0.0,27,1153,0.0152,0.0046,1.175,12.27,0.48
2717051000,R1,예술·스포츠,20,583.8,0.55,1009.6,15.8,7.6,대구광역시 서구 내당1동,27170,서구,0.5707,14683,25728.1,96.43,0.2668,0.3045,0.2892,461,0,0.0,27,1153,0.0434,0.0039,1.006,35.04,1.36
2717051000,S2,수리·개인,80,635.8,0.2375,726.7,48.1,26.1,대구광역시 서구 내당1동,27170,서구,0.5707,14683,25728.1,96.43,0.2668,0.3045,0.2892,461,0,0.0,27,1153,0.1735,0.0049,1.254,140.18,5.45
2717052500,G2,소매,152,461.0,0.6382,400.2,369.4,120.3,대구광역시 서구 내당2·3동,27170,서구,0.4967,8091,16289.5,92.96,0.1755,0.2841,0.4813,443,0,0.0,13,287,0.3431,0.005,1.331,306.02,18.79
2717052500,I1,숙박,4,339.7,1.0,397.2,4.8,4.8,대구광역시 서구 내당2·3동,27170,서구,0.4967,8091,16289.5,92.96,0.1755,0.2841,0.4813,443,0,0.0,13,287,0.009,0.0034,0.92,8.05,0.49
2717052500,I2,음식,136,467.4,0.6324,276.7,92.8,31.3,대구광역시 서구 내당2·3동,27170,서구,0.4967,8091,16289.5,92.96,0.1755,0.2841,0.4813,443,0,0.0,13,287,0.307,0.0036,0.957,273.81,16.81
2717052500,L1,부동산,17,412.8,0.7059,387.2,12.7,12.7,대구광역시 서구 내당2·3동,27170,서구,0.4967,8091,16289.5,92.96,0.1755,0.2841,0.4813,443,0,0.0,13,287,0.0384,0.0041,1.09,34.23,2.1
2717052500,M1,과학·기술,27,454.0,0.6667,362.3,16.1,2.1,대구광역시 서구 내당2·3동,27170,서구,0.4967,8091,16289.5,92.96,0.1755,0.2841,0.4813,443,0,0.0,13,287,0.0609,0.0027,0.709,54.36,3.34
2717052500,N1,시설관리·임대,16,458.7,0.6875,287.2,11.6,2.6,대구광역시 서구 내당2·3동,27170,서구,0.4967,8091,16289.5,92.96,0.1755,0.2841,0.4813,443,0,0.0,13,287,0.0361,0.0037,0.983,32.21,1.98
2717052500,P1,교육,6,476.9,0.5,270.8,4.3,3.8,대구광역시 서구 내당2·3동,27170,서구,0.4967,8091,16289.5,92.96,0.1755,0.2841,0.4813,443,0,0.0,13,287,0.0135,0.0009,0.229,12.08,0.74
2717052500,Q1,보건의료,5,417.8,0.6,761.0,4.8,2.8,대구광역시 서구 내당2·3동,27170,서구,0.4967,8091,16289.5,92.96,0.1755,0.2841,0.4813,443,0,0.0,13,287,0.0113,0.0033,0.873,10.07,0.62
2717052500,R1,예술·스포츠,14,425.8,0.6429,330.6,14.1,10.9,대구광역시 서구 내당2·3동,27170,서구,0.4967,8091,16289.5,92.96,0.1755,0.2841,0.4813,443,0,0.0,13,287,0.0316,0.0027,0.733,28.19,1.73
2717052500,S2,수리·개인,66,450.7,0.697,295.0,38.3,13.7,대구광역시 서구 내당2·3동,27170,서구,0.4967,8091,16289.5,92.96,0.1755,0.2841,0.4813,443,0,0.0,13,287,0.149,0.004,1.076,132.88,8.16
2717054000,G2,소매,230,591.6,0.2217,662.1,110.0,25.8,대구광역시 서구 내당4동,27170,서구,0.8127,14119,17373.0,90.03,0.2202,0.2815,0.4199,812,0,0.0,30,1151,0.2833,0.0075,1.099,283.01,16.29
2717054000,I1,숙박,6,880.9,0.0,431.5,7.3,7.3,대구광역시 서구 내당4동,27170,서구,0.8127,14119,17373.0,90.03,0.2202,0.2815,0.4199,812,0,0.0,30,1151,0.0074,0.0052,0.753,7.38,0.42
2717054000,I2,음식,260,672.3,0.2462,442.2,127.6,34.8,대구광역시 서구 내당4동,27170,서구,0.8127,14119,17373.0,90.03,0.2202,0.2815,0.4199,812,0,0.0,30,1151,0.3202,0.0068,0.998,319.92,18.41
2717054000,L1,부동산,25,666.2,0.28,426.8,7.1,7.1,대구광역시 서구 내당4동,27170,서구,0.8127,14119,17373.0,90.03,0.2202,0.2815,0.4199,812,0,0.0,30,1151,0.0308,0.006,0.875,30.76,1.77
2717054000,M1,과학·기술,51,676.0,0.1961,382.6,33.6,5.6,대구광역시 서구 내당4동,27170,서구,0.8127,14119,17373.0,90.03,0.2202,0.2815,0.4199,812,0,0.0,30,1151,0.0628,0.005,0.731,62.75,3.61
2717054000,N1,시설관리·임대,33,649.8,0.2727,379.0,14.6,2.4,대구광역시 서구 내당4동,27170,서구,0.8127,14119,17373.0,90.03,0.2202,0.2815,0.4199,812,0,0.0,30,1151,0.0406,0.0076,1.106,40.61,2.34
2717054000,P1,교육,28,532.9,0.5714,647.5,14.9,4.8,대구광역시 서구 내당4동,27170,서구,0.8127,14119,17373.0,90.03,0.2202,0.2815,0.4199,812,0,0.0,30,1151,0.0345,0.004,0.583,34.45,1.98
2717054000,Q1,보건의료,8,513.8,0.75,726.5,9.4,8.2,대구광역시 서구 내당4동,27170,서구,0.8127,14119,17373.0,90.03,0.2202,0.2815,0.4199,812,0,0.0,30,1151,0.0099,0.0052,0.762,9.84,0.57
2717054000,R1,예술·스포츠,31,696.8,0.2581,367.3,19.8,8.8,대구광역시 서구 내당4동,27170,서구,0.8127,14119,17373.0,90.03,0.2202,0.2815,0.4199,812,0,0.0,30,1151,0.0382,0.0061,0.885,38.14,2.2
2717054000,S2,수리·개인,140,673.2,0.1429,377.2,48.7,21.6,대구광역시 서구 내당4동,27170,서구,0.8127,14119,17373.0,90.03,0.2202,0.2815,0.4199,812,0,0.0,30,1151,0.1724,0.0085,1.246,172.27,9.92
2717055000,G2,소매,82,513.5,0.5366,116.9,76.2,9.7,대구광역시 서구 비산1동,27170,서구,0.4334,7738,17854.2,100.62,0.1613,0.2912,0.4806,213,0,0.0,4,94,0.385,0.0027,1.493,189.2,10.6
2717055000,I1,숙박,2,250.4,1.0,59.5,1.0,1.0,대구광역시 서구 비산1동,27170,서구,0.4334,7738,17854.2,100.62,0.1613,0.2912,0.4806,213,0,0.0,4,94,0.0094,0.0017,0.957,4.61,0.26
2717055000,I2,음식,62,503.9,0.5,140.7,93.3,29.5,대구광역시 서구 비산1동,27170,서구,0.4334,7738,17854.2,100.62,0.1613,0.2912,0.4806,213,0,0.0,4,94,0.2911,0.0016,0.907,143.05,8.01
2717055000,L1,부동산,1,379.0,1.0,168.0,5.0,5.0,대구광역시 서구 비산1동,27170,서구,0.4334,7738,17854.2,100.62,0.1613,0.2912,0.4806,213,0,0.0,4,94,0.0047,0.0002,0.133,2.31,0.13
2717055000,M1,과학·기술,13,426.7,0.7692,85.7,10.8,2.2,대구광역시 서구 비산1동,27170,서구,0.4334,7738,17854.2,100.62,0.1613,0.2912,0.4806,213,0,0.0,4,94,0.061,0.0013,0.71,30.0,1.68
2717055000,N1,시설관리·임대,11,508.1,0.4545,81.4,9.1,3.0,대구광역시 서구 비산1동,27170,서구,0.4334,7738,17854.2,100.62,0.1613,0.2912,0.4806,213,0,0.0,4,94,0.0516,0.0025,1.405,25.38,1.42
2717055000,P1,교육,2,429.1,0.5,59.0,1.5,0.5,대구광역시 서구 비산1동,27170,서구,0.4334,7738,17854.2,100.62,0.1613,0.2912,0.4806,213,0,0.0,4,94,0.0094,0.0003,0.159,4.61,0.26
2717055000,Q1,보건의료,1,413.6,1.0,178.0,2.0,2.0,대구광역시 서구 비산1동,27170,서구,0.4334,7738,17854.2,100.62,0.1613,0.2912,0.4806,213,0,0.0,4,94,0.0047,0.0007,0.363,2.31,0.13
2717055000,R1,예술·스포츠,2,432.9,1.0,178.0,9.5,4.0,대구광역시 서구 비산1동,27170,서구,0.4334,7738,17854.2,100.62,0.1613,0.2912,0.4806,213,0,0.0,4,94,0.0094,0.0004,0.218,4.61,0.26
2717055000,S2,수리·개인,37,542.0,0.4595,89.4,32.5,11.8,대구광역시 서구 비산1동,27170,서구,0.4334,7738,17854.2,100.62,0.1613,0.2912,0.4806,213,0,0.0,4,94,0.1737,0.0023,1.255,85.37,4.78
2717056500,G2,소매,146,651.7,0.363,237.2,230.0,81.2,대구광역시 서구 비산2·3동,27170,서구,0.555,7550,13603.6,95.09,0.1449,0.2585,0.5426,523,0,0.0,13,276,0.2792,0.0048,1.083,263.06,19.34
2717056500,I1,숙박,2,645.5,0.5,137.5,5.0,5.0,대구광역시 서구 비산2·3동,27170,서구,0.555,7550,13603.6,95.09,0.1449,0.2585,0.5426,523,0,0.0,13,276,0.0038,0.0017,0.39,3.6,0.26
2717056500,I2,음식,220,735.5,0.2273,188.5,124.7,40.1,대구광역시 서구 비산2·3동,27170,서구,0.555,7550,13603.6,95.09,0.1449,0.2585,0.5426,523,0,0.0,13,276,0.4207,0.0058,1.311,396.4,29.14
2717056500,L1,부동산,11,633.1,0.5455,192.2,7.6,7.6,대구광역시 서구 비산2·3동,27170,서구,0.555,7550,13603.6,95.09,0.1449,0.2585,0.5426,523,0,0.0,13,276,0.021,0.0026,0.598,19.82,1.46
2717056500,M1,과학·기술,24,558.9,0.5,138.4,11.3,1.9,대구광역시 서구 비산2·3동,27170,서구,0.555,7550,13603.6,95.09,0.1449,0.2585,0.5426,523,0,0.0,13,276,0.0459,0.0024,0.534,43.24,3.18
2717056500,N1,시설관리·임대,12,529.0,0.5833,127.7,5.7,0.6,대구광역시 서구 비산2·3동,27170,서구,0.555,7550,13603.6,95.09,0.1449,0.2585,0.5426,523,0,0.0,13,276,0.0229,0.0028,0.624,21.62,1.59
2717056500,P1,교육,6,727.2,0.1667,167.5,3.5,1.2,대구광역시 서구 비산2·3동,27170,서구,0.555,7550,13603.6,95.09,0.1449,0.2585,0.5426,523,0,0.0,13,276,0.0115,0.0009,0.194,10.81,0.79
2717056500,Q1,보건의료,6,740.5,0.0,198.5,2.0,1.3,대구광역시 서구 비산2·3동,27170,서구,0.555,7550,13603.6,95.09,0.1449,0.2585,0.5426,523,0,0.0,13,276,0.0115,0.0039,0.887,10.81,0.79
2717056500,R1,예술·스포츠,20,683.4,0.15,165.8,10.2,7.3,대구광역시 서구 비산2·3동,27170,서구,0.555,7550,13603.6,95.09,0.1449,0.2585,0.5426,523,0,0.0,13,276,0.0382,0.0039,0.887,36.04,2.65
2717056500,S2,수리·개인,76,620.3,0.3684,181.3,40.5,15.5,대구광역시 서구 비산2·3동,27170,서구,0.555,7550,13603.6,95.09,0.1449,0.2585,0.5426,523,0,0.0,13,276,0.1453,0.0046,1.05,136.94,10.07
2717058000,G2,소매,85,846.8,0.0941,248.2,191.3,34.6,대구광역시 서구 비산4동,27170,서구,0.434,8143,18762.7,93.19,0.1743,0.2858,0.4721,311,0,0.0,12,256,0.2733,0.0028,1.06,195.85,10.44
2717058000,I1,숙박,2,938.0,0.0,167.0,1.0,1.0,대구광역시 서구 비산4동,27170,서구,0.434,8143,18762.7,93.19,0.1743,0.2858,0.4721,311,0,0.0,12,256,0.0064,0.0017,0.656,4.61,0.25
2717058000,I2,음식,98,881.5,0.0408,171.6,83.5,25.2,대구광역시 서구 비산4동,27170,서구,0.434,8143,18762.7,93.19,0.1743,0.2858,0.4721,311,0,0.0,12,256,0.3151,0.0026,0.982,225.81,12.03
2717058000,L1,부동산,7,852.0,0.0,142.6,8.0,8.0,대구광역시 서구 비산4동,27170,서구,0.434,8143,18762.7,93.19,0.1743,0.2858,0.4721,311,0,0.0,12,256,0.0225,0.0017,0.639,16.13,0.86
2717058000,M1,과학·기술,30,904.0,0.0333,198.7,19.0,3.6,대구광역시 서구 비산4동,27170,서구,0.434,8143,18762.7,93.19,0.1743,0.2858,0.4721,311,0,0.0,12,256,0.0965,0.0029,1.122,69.12,3.68
2717058000,N1,시설관리·임대,14,820.4,0.0714,234.6,7.4,1.3,대구광역시 서구 비산4동,27170,서구,0.434,8143,18762.7,93.19,0.1743,0.2858,0.4721,311,0,0.0,12,256,0.045,0.0032,1.225,32.26,1.72
2717058000,P1,교육,8,839.7,0.125,184.6,3.4,2.4,대구광역시 서구 비산4동,27170,서구,0.434,8143,18762.7,93.19,0.1743,0.2858,0.4721,311,0,0.0,12,256,0.0257,0.0011,0.435,18.43,0.98
2717058000,R1,예술·스포츠,19,890.8,0.0,167.5,16.2,11.0,대구광역시 서구 비산4동,27170,서구,0.434,8143,18762.7,93.19,0.1743,0.2858,0.4721,311,0,0.0,12,256,0.0611,0.0037,1.417,43.78,2.33
2717058000,S2,수리·개인,48,892.4,0.0625,188.4,35.9,14.5,대구광역시 서구 비산4동,27170,서구,0.434,8143,18762.7,93.19,0.1743,0.2858,0.4721,311,0,0.0,12,256,0.1543,0.0029,1.115,110.6,5.89
2717059000,G2,소매,73,191.5,1.0,214.7,105.1,12.3,대구광역시 서구 비산5동,27170,서구,0.3445,4744,13770.7,101.96,0.1427,0.2664,0.5358,337,2,7774.7,4,128,0.2166,0.0024,0.84,211.9,15.39
2717059000,I1,숙박,9,213.2,1.0,263.0,7.6,7.6,대구광역시 서구 비산5동,27170,서구,0.3445,4744,13770.7,101.96,0.1427,0.2664,0.5358,337,2,7774.7,4,128,0.0267,0.0078,2.723,26.12,1.9
2717059000,I2,음식,158,206.6,1.0,199.3,136.3,37.3,대구광역시 서구 비산5동,27170,서구,0.3445,4744,13770.7,101.96,0.1427,0.2664,0.5358,337,2,7774.7,4,128,0.4688,0.0042,1.461,458.64,33.31
2717059000,L1,부동산,9,205.1,1.0,186.6,7.3,7.3,대구광역시 서구 비산5동,27170,서구,0.3445,4744,13770.7,101.96,0.1427,0.2664,0.5358,337,2,7774.7,4,128,0.0267,0.0022,0.759,26.12,1.9
2717059000,M1,과학·기술,9,221.0,1.0,180.6,5.7,1.2,대구광역시 서구 비산5동,27170,서구,0.3445,4744,13770.7,101.96,0.1427,0.2664,0.5358,337,2,7774.7,4,128,0.0267,0.0009,0.311,26.12,1.9
2717059000,N1,시설관리·임대,7,184.3,1.0,187.1,4.7,0.6,대구광역시 서구 비산5동,27170,서구,0.3445,4744,13770.7,101.96,0.1427,0.2664,0.5358,337,2,7774.7,4,128,0.0208,0.0016,0.565,20.32,1.48
2717059000,P1,교육,8,138.7,1.0,236.6,8.8,3.8,대구광역시 서구 비산5동,27170,서구,0.3445,4744,13770.7,101.96,0.1427,0.2664,0.5358,337,2,7774.7,4,128,0.0237,0.0011,0.401,23.22,1.69
2717059000,Q1,보건의료,4,219.9,1.0,266.5,4.8,4.8,대구광역시 서구 비산5동,27170,서구,0.3445,4744,13770.7,101.96,0.1427,0.2664,0.5358,337,2,7774.7,4,128,0.0119,0.0026,0.918,11.61,0.84
2717059000,R1,예술·스포츠,16,207.8,1.0,172.6,14.0,8.1,대구광역시 서구 비산5동,27170,서구,0.3445,4744,13770.7,101.96,0.1427,0.2664,0.5358,337,2,7774.7,4,128,0.0475,0.0031,1.101,46.44,3.37
2717059000,S2,수리·개인,44,205.7,1.0,201.6,34.5,15.3,대구광역시 서구 비산5동,27170,서구,0.3445,4744,13770.7,101.96,0.1427,0.2664,0.5358,337,2,7774.7,4,128,0.1306,0.0027,0.943,127.72,9.27
2717060000,G2,소매,70,930.7,0.0,176.6,91.0,9.9,대구광역시 서구 비산6동,27170,서구,0.2715,6319,23274.4,94.37,0.1666,0.2883,0.4879,225,0,0.0,7,200,0.3111,0.0023,1.207,257.83,11.08
2717060000,I1,숙박,4,928.4,0.0,147.0,4.0,4.0,대구광역시 서구 비산6동,27170,서구,0.2715,6319,23274.4,94.37,0.1666,0.2883,0.4879,225,0,0.0,7,200,0.0178,0.0034,1.812,14.73,0.63
2717060000,I2,음식,67,952.1,0.0,153.9,119.8,36.9,대구광역시 서구 비산6동,27170,서구,0.2715,6319,23274.4,94.37,0.1666,0.2883,0.4879,225,0,0.0,7,200,0.2978,0.0018,0.928,246.78,10.6
2717060000,L1,부동산,14,913.8,0.0,170.7,10.1,10.1,대구광역시 서구 비산6동,27170,서구,0.2715,6319,23274.4,94.37,0.1666,0.2883,0.4879,225,0,0.0,7,200,0.0622,0.0034,1.768,51.57,2.22
2717060000,M1,과학·기술,11,750.1,0.0,172.5,14.9,3.5,대구광역시 서구 비산6동,27170,서구,0.2715,6319,23274.4,94.37,0.1666,0.2883,0.4879,225,0,0.0,7,200,0.0489,0.0011,0.569,40.52,1.74
2717060000,N1,시설관리·임대,6,779.7,0.0,139.8,4.7,1.2,대구광역시 서구 비산6동,27170,서구,0.2715,6319,23274.4,94.37,0.1666,0.2883,0.4879,225,0,0.0,7,200,0.0267,0.0014,0.726,22.1,0.95
2717060000,P1,교육,1,725.3,0.0,203.0,3.0,1.0,대구광역시 서구 비산6동,27170,서구,0.2715,6319,23274.4,94.37,0.1666,0.2883,0.4879,225,0,0.0,7,200,0.0044,0.0001,0.075,3.68,0.16
2717060000,R1,예술·스포츠,10,1038.2,0.0,156.5,12.4,7.2,대구광역시 서구 비산6동,27170,서구,0.2715,6319,23274.4,94.37,0.1666,0.2883,0.4879,225,0,0.0,7,200,0.0444,0.002,1.031,36.83,1.58
2717060000,S2,수리·개인,42,977.3,0.0,171.7,48.3,26.1,대구광역시 서구 비산6동,27170,서구,0.2715,6319,23274.4,94.37,0.1666,0.2883,0.4879,225,0,0.0,7,200,0.1867,0.0026,1.349,154.7,6.65
2717061000,G2,소매,220,501.5,0.4864,224.0,60.3,7.8,대구광역시 서구 비산7동,27170,서구,2.584,9260,3583.6,110.84,0.199,0.2924,0.4276,815,1,2543.2,25,1162,0.2699,0.0072,1.047,85.14,23.76
2717061000,I1,숙박,27,528.6,0.4444,206.4,12.4,12.4,대구광역시 서구 비산7동,27170,서구,2.584,9260,3583.6,110.84,0.199,0.2924,0.4276,815,1,2543.2,25,1162,0.0331,0.0233,3.377,10.45,2.92
2717061000,I2,음식,321,519.7,0.4673,155.8,110.0,29.4,대구광역시 서구 비산7동,27170,서구,2.584,9260,3583.6,110.84,0.199,0.2924,0.4276,815,1,2543.2,25,1162,0.3939,0.0085,1.227,124.23,34.67
2717061000,L1,부동산,14,459.9,0.6429,84.9,4.1,4.1,대구광역시 서구 비산7동,27170,서구,2.584,9260,3583.6,110.84,0.199,0.2924,0.4276,815,1,2543.2,25,1162,0.0172,0.0034,0.488,5.42,1.51
2717061000,M1,과학·기술,34,588.5,0.2941,192.6,6.5,1.3,대구광역시 서구 비산7동,27170,서구,2.584,9260,3583.6,110.84,0.199,0.2924,0.4276,815,1,2543.2,25,1162,0.0417,0.0033,0.485,13.16,3.67
2717061000,N1,시설관리·임대,29,525.4,0.3448,230.0,6.5,0.8,대구광역시 서구 비산7동,27170,서구,2.584,9260,3583.6,110.84,0.199,0.2924,0.4276,815,1,2543.2,25,1162,0.0356,0.0067,0.968,11.22,3.13
2717061000,P1,교육,3,714.9,0.3333,134.0,0.0,0.0,대구광역시 서구 비산7동,27170,서구,2.584,9260,3583.6,110.84,0.199,0.2924,0.4276,815,1,2543.2,25,1162,0.0037,0.0004,0.062,1.16,0.32
2717061000,Q1,보건의료,1,115.9,1.0,145.0,0.0,0.0,대구광역시 서구 비산7동,27170,서구,2.584,9260,3583.6,110.84,0.199,0.2924,0.4276,815,1,2543.2,25,1162,0.0012,0.0007,0.095,0.39,0.11
2717061000,R1,예술·스포츠,31,476.1,0.4839,161.0,12.3,7.7,대구광역시 서구 비산7동,27170,서구,2.584,9260,3583.6,110.84,0.199,0.2924,0.4276,815,1,2543.2,25,1162,0.038,0.0061,0.882,12.0,3.35
2717061000,S2,수리·개인,135,508.3,0.5037,220.2,31.7,18.7,대구광역시 서구 비산7동,27170,서구,2.584,9260,3583.6,110.84,0.199,0.2924,0.4276,815,1,2543.2,25,1162,0.1656,0.0082,1.197,52.24,14.58
2717062000,G2,소매,91,1070.0,0.0,105.2,61.4,5.4,대구광역시 서구 평리1동,27170,서구,0.3656,6126,16756.0,99.74,0.168,0.2786,0.486,295,0,0.0,4,68,0.3085,0.003,1.197,248.91,14.85
2717062000,I1,숙박,2,1008.6,0.0,130.0,0.0,0.0,대구광역시 서구 평리1동,27170,서구,0.3656,6126,16756.0,99.74,0.168,0.2786,0.486,295,0,0.0,4,68,0.0068,0.0017,0.691,5.47,0.33
2717062000,I2,음식,72,963.9,0.0,97.8,62.6,16.2,대구광역시 서구 평리1동,27170,서구,0.3656,6126,16756.0,99.74,0.168,0.2786,0.486,295,0,0.0,4,68,0.2441,0.0019,0.761,196.94,11.75
2717062000,L1,부동산,8,1076.6,0.0,92.8,4.5,4.5,대구광역시 서구 평리1동,27170,서구,0.3656,6126,16756.0,99.74,0.168,0.2786,0.486,295,0,0.0,4,68,0.0271,0.0019,0.77,21.88,1.31
2717062000,M1,과학·기술,21,1062.9,0.0,115.9,11.5,2.4,대구광역시 서구 평리1동,27170,서구,0.3656,6126,16756.0,99.74,0.168,0.2786,0.486,295,0,0.0,4,68,0.0712,0.0021,0.828,57.44,3.43
2717062000,N1,시설관리·임대,13,1090.1,0.0,90.3,8.7,1.8,대구광역시 서구 평리1동,27170,서구,0.3656,6126,16756.0,99.74,0.168,0.2786,0.486,295,0,0.0,4,68,0.0441,0.003,1.199,35.56,2.12
2717062000,P1,교육,9,1038.1,0.0,77.1,6.9,3.3,대구광역시 서구 평리1동,27170,서구,0.3656,6126,16756.0,99.74,0.168,0.2786,0.486,295,0,0.0,4,68,0.0305,0.0013,0.516,24.62,1.47
2717062000,R1,예술·스포츠,16,1083.6,0.0,151.6,10.6,4.5,대구광역시 서구 평리1동,27170,서구,0.3656,6126,16756.0,99.74,0.168,0.2786,0.486,295,0,0.0,4,68,0.0542,0.0031,1.258,43.76,2.61
2717062000,S2,수리·개인,63,1010.9,0.0,94.2,42.7,15.6,대구광역시 서구 평리1동,27170,서구,0.3656,6126,16756.0,99.74,0.168,0.2786,0.486,295,0,0.0,4,68,0.2136,0.0038,1.543,172.32,10.28
2717063000,G2,소매,53,1192.5,0.0,138.4,58.0,5.8,대구광역시 서구 평리2동,27170,서구,0.2781,6820,24523.6,92.87,0.1705,0.3106,0.3981,206,0,0.0,6,115,0.2573,0.0017,0.998,190.58,7.77
2717063000,I2,음식,66,1244.9,0.0,178.1,80.2,24.1,대구광역시 서구 평리2동,27170,서구,0.2781,6820,24523.6,92.87,0.1705,0.3106,0.3981,206,0,0.0,6,115,0.3204,0.0017,0.999,237.32,9.68
2717063000,L1,부동산,3,1258.9,0.0,148.7,4.7,4.7,대구광역시 서구 평리2동,27170,서구,0.2781,6820,24523.6,92.87,0.1705,0.3106,0.3981,206,0,0.0,6,115,0.0146,0.0007,0.414,10.79,0.44
2717063000,M1,과학·기술,11,1224.6,0.0,155.5,11.6,2.4,대구광역시 서구 평리2동,27170,서구,0.2781,6820,24523.6,92.87,0.1705,0.3106,0.3981,206,0,0.0,6,115,0.0534,0.0011,0.621,39.55,1.61
2717063000,N1,시설관리·임대,13,1058.3,0.0,120.5,10.5,1.8,대구광역시 서구 평리2동,27170,서구,0.2781,6820,24523.6,92.87,0.1705,0.3106,0.3981,206,0,0.0,6,115,0.0631,0.003,1.717,46.75,1.91
2717063000,P1,교육,10,1267.6,0.0,171.3,7.9,4.9,대구광역시 서구 평리2동,27170,서구,0.2781,6820,24523.6,92.87,0.1705,0.3106,0.3981,206,0,0.0,6,115,0.0485,0.0014,0.821,35.96,1.47
2717063000,Q1,보건의료,7,1339.5,0.0,216.0,4.6,1.3,대구광역시 서구 평리2동,27170,서구,0.2781,6820,24523.6,92.87,0.1705,0.3106,0.3981,206,0,0.0,6,115,0.034,0.0046,2.629,25.17,1.03
2717063000,R1,예술·스포츠,4,1327.0,0.0,154.0,11.5,3.8,대구광역시 서구 평리2동,27170,서구,0.2781,6820,24523.6,92.87,0.1705,0.3106,0.3981,206,0,0.0,6,115,0.0194,0.0008,0.45,14.38,0.59
2717063000,S2,수리·개인,39,1116.2,0.0,121.1,38.3,15.3,대구광역시 서구 평리2동,27170,서구,0.2781,6820,24523.6,92.87,0.1705,0.3106,0.3981,206,0,0.0,6,115,0.1893,0.0024,1.368,140.24,5.72
2717064000,G2,소매,153,1395.1,0.0,187.6,62.4,8.2,대구광역시 서구 평리3동,27170,서구,0.7793,12090,15513.9,98.33,0.2117,0.296,0.3677,647,0,0.0,17,808,0.2365,0.005,0.917,196.33,12.66
2717064000,I1,숙박,4,1535.9,0.0,210.8,4.8,4.2,대구광역시 서구 평리3동,27170,서구,0.7793,12090,15513.9,98.33,0.2117,0.296,0.3677,647,0,0.0,17,808,0.0062,0.0034,0.63,5.13,0.33
2717064000,I2,음식,239,1479.9,0.0,244.6,100.2,29.8,대구광역시 서구 평리3동,27170,서구,0.7793,12090,15513.9,98.33,0.2117,0.296,0.3677,647,0,0.0,17,808,0.3694,0.0063,1.151,306.69,19.77
2717064000,L1,부동산,28,1530.2,0.0,194.7,13.7,13.7,대구광역시 서구 평리3동,27170,서구,0.7793,12090,15513.9,98.33,0.2117,0.296,0.3677,647,0,0.0,17,808,0.0433,0.0067,1.229,35.93,2.32
2717064000,M1,과학·기술,49,1433.7,0.0,275.9,16.5,2.7,대구광역시 서구 평리3동,27170,서구,0.7793,12090,15513.9,98.33,0.2117,0.296,0.3677,647,0,0.0,17,808,0.0757,0.0048,0.881,62.88,4.05
2717064000,N1,시설관리·임대,23,1306.4,0.0,202.4,9.0,1.7,대구광역시 서구 평리3동,27170,서구,0.7793,12090,15513.9,98.33,0.2117,0.296,0.3677,647,0,0.0,17,808,0.0355,0.0053,0.967,29.51,1.9
2717064000,P1,교육,18,1559.9,0.0,309.4,10.1,4.5,대구광역시 서구 평리3동,27170,서구,0.7793,12090,15513.9,98.33,0.2117,0.296,0.3677,647,0,0.0,17,808,0.0278,0.0026,0.47,23.1,1.49
2717064000,Q1,보건의료,9,1515.9,0.0,290.6,6.3,3.0,대구광역시 서구 평리3동,27170,서구,0.7793,12090,15513.9,98.33,0.2117,0.296,0.3677,647,0,0.0,17,808,0.0139,0.0059,1.076,11.55,0.74
2717064000,R1,예술·스포츠,30,1558.6,0.0,320.1,14.9,7.1,대구광역시 서구 평리3동,27170,서구,0.7793,12090,15513.9,98.33,0.2117,0.296,0.3677,647,0,0.0,17,808,0.0464,0.0059,1.075,38.5,2.48
2717064000,S2,수리·개인,94,1405.5,0.0,207.7,37.3,10.4,대구광역시 서구 평리3동,27170,서구,0.7793,12090,15513.9,98.33,0.2117,0.296,0.3677,647,0,0.0,17,808,0.1453,0.0057,1.05,120.62,7.78
2717065000,G2,소매,200,1297.6,0.0,269.7,69.7,9.4,대구광역시 서구 평리4동,27170,서구,0.7453,15025,20159.7,99.22,0.1973,0.3012,0.3972,950,0,0.0,29,553,0.2105,0.0066,0.817,268.35,13.31
2717065000,I1,숙박,36,1413.0,0.0,383.9,25.2,25.2,대구광역시 서구 평리4동,27170,서구,0.7453,15025,20159.7,99.22,0.1973,0.3012,0.3972,950,0,0.0,29,553,0.0379,0.031,3.863,48.3,2.4
2717065000,I2,음식,399,1313.4,0.0,327.5,137.2,45.0,대구광역시 서구 평리4동,27170,서구,0.7453,15025,20159.7,99.22,0.1973,0.3012,0.3972,950,0,0.0,29,553,0.42,0.0105,1.309,535.35,26.56
2717065000,L1,부동산,18,1280.3,0.0,263.4,6.8,6.8,대구광역시 서구 평리4동,27170,서구,0.7453,15025,20159.7,99.22,0.1973,0.3012,0.3972,950,0,0.0,29,553,0.0189,0.0043,0.538,24.15,1.2
2717065000,M1,과학·기술,39,1303.5,0.0,286.4,15.6,2.0,대구광역시 서구 평리4동,27170,서구,0.7453,15025,20159.7,99.22,0.1973,0.3012,0.3972,950,0,0.0,29,553,0.0411,0.0038,0.478,52.33,2.6
2717065000,N1,시설관리·임대,30,1254.1,0.0,265.5,10.9,2.3,대구광역시 서구 평리4동,27170,서구,0.7453,15025,20159.7,99.22,0.1973,0.3012,0.3972,950,0,0.0,29,553,0.0316,0.0069,0.859,40.25,2.0
2717065000,P1,교육,25,1440.2,0.0,408.0,12.2,5.6,대구광역시 서구 평리4동,27170,서구,0.7453,15025,20159.7,99.22,0.1973,0.3012,0.3972,950,0,0.0,29,553,0.0263,0.0036,0.445,33.54,1.66
2717065000,Q1,보건의료,13,1584.3,0.0,470.3,8.8,4.8,대구광역시 서구 평리4동,27170,서구,0.7453,15025,20159.7,99.22,0.1973,0.3012,0.3972,950,0,0.0,29,553,0.0137,0.0085,1.059,17.44,0.87
2717065000,R1,예술·스포츠,47,1337.2,0.0,374.1,20.7,10.0,대구광역시 서구 평리4동,27170,서구,0.7453,15025,20159.7,99.22,0.1973,0.3012,0.3972,950,0,0.0,29,553,0.0495,0.0092,1.147,63.06,3.13
2717065000,S2,수리·개인,143,1258.2,0.0,258.4,50.1,22.7,대구광역시 서구 평리4동,27170,서구,0.7453,15025,20159.7,99.22,0.1973,0.3012,0.3972,950,0,0.0,29,553,0.1505,0.0087,1.088,191.87,9.52
2717066000,G2,소매,39,1827.4,0.0,212.3,32.1,3.8,대구광역시 서구 평리5동,27170,서구,0.4071,10531,25868.3,99.72,0.3195,0.2782,0.1861,186,0,0.0,9,224,0.2097,0.0013,0.813,95.8,3.7
2717066000,I1,숙박,2,1921.4,0.0,276.0,2.0,2.0,대구광역시 서구 평리5동,27170,서구,0.4071,10531,25868.3,99.72,0.3195,0.2782,0.1861,186,0,0.0,9,224,0.0108,0.0017,1.096,4.91,0.19
2717066000,I2,음식,65,1844.4,0.0,218.2,63.9,21.0,대구광역시 서구 평리5동,27170,서구,0.4071,10531,25868.3,99.72,0.3195,0.2782,0.1861,186,0,0.0,9,224,0.3495,0.0017,1.089,159.67,6.17
2717066000,L1,부동산,14,1807.8,0.0,166.5,12.5,12.5,대구광역시 서구 평리5동,27170,서구,0.4071,10531,25868.3,99.72,0.3195,0.2782,0.1861,186,0,0.0,9,224,0.0753,0.0034,2.138,34.39,1.33
2717066000,M1,과학·기술,10,1842.2,0.0,176.7,8.7,1.2,대구광역시 서구 평리5동,27170,서구,0.4071,10531,25868.3,99.72,0.3195,0.2782,0.1861,186,0,0.0,9,224,0.0538,0.001,0.626,24.56,0.95
2717066000,N1,시설관리·임대,8,1827.8,0.0,213.6,8.6,2.4,대구광역시 서구 평리5동,27170,서구,0.4071,10531,25868.3,99.72,0.3195,0.2782,0.1861,186,0,0.0,9,224,0.043,0.0018,1.17,19.65,0.76
2717066000,P1,교육,6,1852.8,0.0,189.3,4.2,1.5,대구광역시 서구 평리5동,27170,서구,0.4071,10531,25868.3,99.72,0.3195,0.2782,0.1861,186,0,0.0,9,224,0.0323,0.0009,0.545,14.74,0.57
2717066000,Q1,보건의료,5,1775.7,0.0,224.8,3.0,2.2,대구광역시 서구 평리5동,27170,서구,0.4071,10531,25868.3,99.72,0.3195,0.2782,0.1861,186,0,0.0,9,224,0.0269,0.0033,2.08,12.28,0.47
2717066000,R1,예술·스포츠,8,1772.9,0.0,228.2,14.4,7.4,대구광역시 서구 평리5동,27170,서구,0.4071,10531,25868.3,99.72,0.3195,0.2782,0.1861,186,0,0.0,9,224,0.043,0.0016,0.997,19.65,0.76
2717066000,S2,수리·개인,29,1835.3,0.0,241.5,23.2,6.8,대구광역시 서구 평리5동,27170,서구,0.4071,10531,25868.3,99.72,0.3195,0.2782,0.1861,186,0,0.0,9,224,0.1559,0.0018,1.127,71.24,2.75
2717066100,G2,소매,52,1550.4,0.0,125.4,25.0,2.8,대구광역시 서구 평리6동,27170,서구,0.7464,5391,7222.7,107.43,0.2628,0.2849,0.3357,174,0,0.0,10,317,0.2989,0.0017,1.159,69.67,9.65
2717066100,I2,음식,42,1629.8,0.0,114.6,20.4,6.0,대구광역시 서구 평리6동,27170,서구,0.7464,5391,7222.7,107.43,0.2628,0.2849,0.3357,174,0,0.0,10,317,0.2414,0.0011,0.752,56.27,7.79
2717066100,L1,부동산,17,1684.8,0.0,131.3,11.2,11.2,대구광역시 서구 평리6동,27170,서구,0.7464,5391,7222.7,107.43,0.2628,0.2849,0.3357,174,0,0.0,10,317,0.0977,0.0041,2.776,22.78,3.15
2717066100,M1,과학·기술,11,1471.6,0.0,146.7,6.7,1.4,대구광역시 서구 평리6동,27170,서구,0.7464,5391,7222.7,107.43,0.2628,0.2849,0.3357,174,0,0.0,10,317,0.0632,0.0011,0.736,14.74,2.04
2717066100,N1,시설관리·임대,15,1562.5,0.0,160.3,7.1,2.1,대구광역시 서구 평리6동,27170,서구,0.7464,5391,7222.7,107.43,0.2628,0.2849,0.3357,174,0,0.0,10,317,0.0862,0.0034,2.346,20.1,2.78
2717066100,P1,교육,4,1722.6,0.0,91.8,1.0,0.0,대구광역시 서구 평리6동,27170,서구,0.7464,5391,7222.7,107.43,0.2628,0.2849,0.3357,174,0,0.0,10,317,0.023,0.0006,0.389,5.36,0.74
2717066100,Q1,보건의료,2,1575.7,0.0,153.5,1.5,0.5,대구광역시 서구 평리6동,27170,서구,0.7464,5391,7222.7,107.43,0.2628,0.2849,0.3357,174,0,0.0,10,317,0.0115,0.0013,0.889,2.68,0.37
2717066100,R1,예술·스포츠,1,1722.3,0.0,189.0,11.0,9.0,대구광역시 서구 평리6동,27170,서구,0.7464,5391,7222.7,107.43,0.2628,0.2849,0.3357,174,0,0.0,10,317,0.0057,0.0002,0.133,1.34,0.19
2717066100,S2,수리·개인,30,1578.7,0.0,135.8,16.7,7.1,대구광역시 서구 평리6동,27170,서구,0.7464,5391,7222.7,107.43,0.2628,0.2849,0.3357,174,0,0.0,10,317,0.1724,0.0018,1.246,40.19,5.56
2717067500,G2,소매,345,1386.7,0.0203,196.5,38.6,7.1,대구광역시 서구 상중이동,27170,서구,6.7768,16863,2488.3,97.81,0.1874,0.3008,0.399,1196,0,0.0,73,3259,0.2885,0.0113,1.119,50.91,20.46
2717067500,I1,숙박,4,1551.0,0.0,140.8,1.2,1.2,대구광역시 서구 상중이동,27170,서구,6.7768,16863,2488.3,97.81,0.1874,0.3008,0.399,1196,0,0.0,73,3259,0.0033,0.0034,0.341,0.59,0.24
2717067500,I2,음식,264,1263.2,0.0152,159.0,53.0,21.3,대구광역시 서구 상중이동,27170,서구,6.7768,16863,2488.3,97.81,0.1874,0.3008,0.399,1196,0,0.0,73,3259,0.2207,0.007,0.688,38.96,15.66
2717067500,L1,부동산,32,1397.0,0.0,162.2,4.1,4.1,대구광역시 서구 상중이동,27170,서구,6.7768,16863,2488.3,97.81,0.1874,0.3008,0.399,1196,0,0.0,73,3259,0.0268,0.0077,0.76,4.72,1.9
2717067500,M1,과학·기술,132,1333.0,0.0076,189.9,23.4,5.2,대구광역시 서구 상중이동,27170,서구,6.7768,16863,2488.3,97.81,0.1874,0.3008,0.399,1196,0,0.0,73,3259,0.1104,0.013,1.284,19.48,7.83
2717067500,N1,시설관리·임대,106,1445.2,0.0,213.6,9.2,2.8,대구광역시 서구 상중이동,27170,서구,6.7768,16863,2488.3,97.81,0.1874,0.3008,0.399,1196,0,0.0,73,3259,0.0886,0.0244,2.411,15.64,6.29
2717067500,P1,교육,39,1275.2,0.0,216.6,6.0,2.8,대구광역시 서구 상중이동,27170,서구,6.7768,16863,2488.3,97.81,0.1874,0.3008,0.399,1196,0,0.0,73,3259,0.0326,0.0056,0.551,5.75,2.31
2717067500,Q1,보건의료,5,972.7,0.0,244.8,2.4,1.2,대구광역시 서구 상중이동,27170,서구,6.7768,16863,2488.3,97.81,0.1874,0.3008,0.399,1196,0,0.0,73,3259,0.0042,0.0033,0.323,0.74,0.3
2717067500,R1,예술·스포츠,44,1464.0,0.0,175.3,6.5,3.1,대구광역시 서구 상중이동,27170,서구,6.7768,16863,2488.3,97.81,0.1874,0.3008,0.399,1196,0,0.0,73,3259,0.0368,0.0086,0.853,6.49,2.61
2717067500,S2,수리·개인,225,1513.6,0.0133,217.1,23.3,14.1,대구광역시 서구 상중이동,27170,서구,6.7768,16863,2488.3,97.81,0.1874,0.3008,0.399,1196,0,0.0,73,3259,0.1881,0.0137,1.359,33.2,13.34
2717069500,G2,소매,129,274.4,0.969,206.0,68.7,8.3,대구광역시 서구 원대동,27170,서구,0.6219,9963,16020.3,99.66,0.2367,0.2933,0.3749,424,1,7453.5,18,475,0.3042,0.0042,1.18,207.43,12.95
2717069500,I1,숙박,3,421.3,0.6667,158.7,3.7,3.7,대구광역시 서구 원대동,27170,서구,0.6219,9963,16020.3,99.66,0.2367,0.2933,0.3749,424,1,7453.5,18,475,0.0071,0.0026,0.721,4.82,0.3
2717069500,I2,음식,157,291.2,0.9236,247.5,99.4,29.9,대구광역시 서구 원대동,27170,서구,0.6219,9963,16020.3,99.66,0.2367,0.2933,0.3749,424,1,7453.5,18,475,0.3703,0.0041,1.154,252.45,15.76
2717069500,L1,부동산,12,212.4,1.0,263.6,11.1,11.1,대구광역시 서구 원대동,27170,서구,0.6219,9963,16020.3,99.66,0.2367,0.2933,0.3749,424,1,7453.5,18,475,0.0283,0.0029,0.804,19.3,1.2
2717069500,M1,과학·기술,29,313.1,0.7241,310.3,20.4,3.5,대구광역시 서구 원대동,27170,서구,0.6219,9963,16020.3,99.66,0.2367,0.2933,0.3749,424,1,7453.5,18,475,0.0684,0.0029,0.796,46.63,2.91
2717069500,N1,시설관리·임대,14,344.2,0.7857,214.9,9.1,1.4,대구광역시 서구 원대동,27170,서구,0.6219,9963,16020.3,99.66,0.2367,0.2933,0.3749,424,1,7453.5,18,475,0.033,0.0032,0.898,22.51,1.41
2717069500,P1,교육,11,327.4,0.9091,217.4,4.9,2.8,대구광역시 서구 원대동,27170,서구,0.6219,9963,16020.3,99.66,0.2367,0.2933,0.3749,424,1,7453.5,18,475,0.0259,0.0016,0.439,17.69,1.1
2717069500,Q1,보건의료,2,470.2,0.5,133.5,3.5,1.0,대구광역시 서구 원대동,27170,서구,0.6219,9963,16020.3,99.66,0.2367,0.2933,0.3749,424,1,7453.5,18,475,0.0047,0.0013,0.365,3.22,0.2
2717069500,R1,예술·스포츠,9,267.1,0.8889,141.3,9.8,4.3,대구광역시 서구 원대동,27170,서구,0.6219,9963,16020.3,99.66,0.2367,0.2933,0.3749,424,1,7453.5,18,475,0.0212,0.0018,0.492,14.47,0.9
2717069500,S2,수리·개인,58,306.8,0.8103,217.7,30.8,6.8,대구광역시 서구 원대동,27170,서구,0.6219,9963,16020.3,99.66,0.2367,0.2933,0.3749,424,1,7453.5,18,475,0.1368,0.0035,0.988,93.26,5.82
2720051500,G2,소매,127,531.8,0.6693,274.2,75.3,10.7,대구광역시 남구 이천동,27200,남구,1.0429,14245,13659.0,88.55,0.2261,0.3107,0.3261,492,0,0.0,12,350,0.2581,0.0042,1.001,121.78,8.92
2720051500,I1,숙박,6,369.5,0.8333,359.0,3.5,3.2,대구광역시 남구 이천동,27200,남구,1.0429,14245,13659.0,88.55,0.2261,0.3107,0.3261,492,0,0.0,12,350,0.0122,0.0052,1.243,5.75,0.42
2720051500,I2,음식,116,570.7,0.569,287.5,66.8,17.0,대구광역시 남구 이천동,27200,남구,1.0429,14245,13659.0,88.55,0.2261,0.3107,0.3261,492,0,0.0,12,350,0.2358,0.0031,0.735,111.23,8.14
2720051500,L1,부동산,18,518.3,0.6111,124.3,6.1,6.1,대구광역시 남구 이천동,27200,남구,1.0429,14245,13659.0,88.55,0.2261,0.3107,0.3261,492,0,0.0,12,350,0.0366,0.0043,1.039,17.26,1.26
2720051500,M1,과학·기술,59,519.5,0.678,309.3,35.1,7.2,대구광역시 남구 이천동,27200,남구,1.0429,14245,13659.0,88.55,0.2261,0.3107,0.3261,492,0,0.0,12,350,0.1199,0.0058,1.395,56.57,4.14
2720051500,N1,시설관리·임대,18,503.8,0.7222,546.8,23.3,8.5,대구광역시 남구 이천동,27200,남구,1.0429,14245,13659.0,88.55,0.2261,0.3107,0.3261,492,0,0.0,12,350,0.0366,0.0041,0.995,17.26,1.26
2720051500,P1,교육,44,533.0,0.6591,232.0,15.0,8.7,대구광역시 남구 이천동,27200,남구,1.0429,14245,13659.0,88.55,0.2261,0.3107,0.3261,492,0,0.0,12,350,0.0894,0.0063,1.512,42.19,3.09
2720051500,Q1,보건의료,2,156.5,1.0,1242.5,1.0,1.0,대구광역시 남구 이천동,27200,남구,1.0429,14245,13659.0,88.55,0.2261,0.3107,0.3261,492,0,0.0,12,350,0.0041,0.0013,0.314,1.92,0.14
2720051500,R1,예술·스포츠,17,501.8,0.6471,467.2,8.5,4.1,대구광역시 남구 이천동,27200,남구,1.0429,14245,13659.0,88.55,0.2261,0.3107,0.3261,492,0,0.0,12,350,0.0346,0.0033,0.801,16.3,1.19
2720051500,S2,수리·개인,85,623.3,0.5529,241.0,39.7,16.4,대구광역시 남구 이천동,27200,남구,1.0429,14245,13659.0,88.55,0.2261,0.3107,0.3261,492,0,0.0,12,350,0.1728,0.0052,1.248,81.5,5.97
2720053000,G2,소매,194,969.1,0.0928,191.0,112.2,14.5,대구광역시 남구 봉덕1동,27200,남구,0.4881,7680,15734.5,92.77,0.2154,0.2936,0.427,651,0,0.0,12,448,0.298,0.0064,1.156,397.46,25.26
2720053000,I1,숙박,5,630.4,0.4,246.2,2.6,1.8,대구광역시 남구 봉덕1동,27200,남구,0.4881,7680,15734.5,92.77,0.2154,0.2936,0.427,651,0,0.0,12,448,0.0077,0.0043,0.783,10.24,0.65
2720053000,I2,음식,211,805.3,0.2227,209.7,105.5,31.2,대구광역시 남구 봉덕1동,27200,남구,0.4881,7680,15734.5,92.77,0.2154,0.2936,0.427,651,0,0.0,12,448,0.3241,0.0056,1.01,432.29,27.47
2720053000,L1,부동산,17,800.8,0.1176,166.6,9.3,9.3,대구광역시 남구 봉덕1동,27200,남구,0.4881,7680,15734.5,92.77,0.2154,0.2936,0.427,651,0,0.0,12,448,0.0261,0.0041,0.742,34.83,2.21
2720053000,M1,과학·기술,67,634.4,0.2985,212.4,40.7,8.3,대구광역시 남구 봉덕1동,27200,남구,0.4881,7680,15734.5,92.77,0.2154,0.2936,0.427,651,0,0.0,12,448,0.1029,0.0066,1.197,137.27,8.72
2720053000,N1,시설관리·임대,29,668.7,0.3448,188.9,16.9,3.7,대구광역시 남구 봉덕1동,27200,남구,0.4881,7680,15734.5,92.77,0.2154,0.2936,0.427,651,0,0.0,12,448,0.0445,0.0067,1.212,59.41,3.78
2720053000,P1,교육,18,648.4,0.3333,205.9,11.5,7.8,대구광역시 남구 봉덕1동,27200,남구,0.4881,7680,15734.5,92.77,0.2154,0.2936,0.427,651,0,0.0,12,448,0.0276,0.0026,0.467,36.88,2.34
2720053000,Q1,보건의료,5,695.9,0.4,280.8,2.2,1.4,대구광역시 남구 봉덕1동,27200,남구,0.4881,7680,15734.5,92.77,0.2154,0.2936,0.427,651,0,0.0,12,448,0.0077,0.0033,0.594,10.24,0.65
2720053000,R1,예술·스포츠,22,632.6,0.3636,172.0,11.9,6.2,대구광역시 남구 봉덕1동,27200,남구,0.4881,7680,15734.5,92.77,0.2154,0.2936,0.427,651,0,0.0,12,448,0.0338,0.0043,0.784,45.07,2.86
2720053000,S2,수리·개인,83,785.7,0.1205,163.7,45.4,16.8,대구광역시 남구 봉덕1동,27200,남구,0.4881,7680,15734.5,92.77,0.2154,0.2936,0.427,651,0,0.0,12,448,0.1275,0.0051,0.921,170.05,10.81
2720054000,G2,소매,113,1506.8,0.0,69.0,65.4,7.7,대구광역시 남구 봉덕2동,27200,남구,3.0276,12852,4244.9,89.42,0.1969,0.3009,0.348,470,0,0.0,4,66,0.2404,0.0037,0.933,37.32,8.79
2720054000,I1,숙박,2,1586.6,0.0,36.5,0.0,0.0,대구광역시 남구 봉덕2동,27200,남구,3.0276,12852,4244.9,89.42,0.1969,0.3009,0.348,470,0,0.0,4,66,0.0043,0.0017,0.434,0.66,0.16
2720054000,I2,음식,157,1568.7,0.0,50.7,64.4,23.0,대구광역시 남구 봉덕2동,27200,남구,3.0276,12852,4244.9,89.42,0.1969,0.3009,0.348,470,0,0.0,4,66,0.334,0.0041,1.041,51.86,12.22
2720054000,L1,부동산,27,1476.9,0.0,53.1,11.4,11.4,대구광역시 남구 봉덕2동,27200,남구,3.0276,12852,4244.9,89.42,0.1969,0.3009,0.348,470,0,0.0,4,66,0.0574,0.0065,1.632,8.92,2.1
2720054000,M1,과학·기술,46,1652.2,0.0,53.1,16.4,2.1,대구광역시 남구 봉덕2동,27200,남구,3.0276,12852,4244.9,89.42,0.1969,0.3009,0.348,470,0,0.0,4,66,0.0979,0.0045,1.139,15.19,3.58
2720054000,N1,시설관리·임대,13,1642.4,0.0,49.5,5.0,1.1,대구광역시 남구 봉덕2동,27200,남구,3.0276,12852,4244.9,89.42,0.1969,0.3009,0.348,470,0,0.0,4,66,0.0277,0.003,0.753,4.29,1.01
2720054000,P1,교육,21,1488.8,0.0,64.2,10.0,5.5,대구광역시 남구 봉덕2동,27200,남구,3.0276,12852,4244.9,89.42,0.1969,0.3009,0.348,470,0,0.0,4,66,0.0447,0.003,0.755,6.94,1.63
2720054000,Q1,보건의료,6,1417.6,0.0,93.2,1.3,0.7,대구광역시 남구 봉덕2동,27200,남구,3.0276,12852,4244.9,89.42,0.1969,0.3009,0.348,470,0,0.0,4,66,0.0128,0.0039,0.988,1.98,0.47
2720054000,R1,예술·스포츠,19,1480.3,0.0,74.1,9.2,3.9,대구광역시 남구 봉덕2동,27200,남구,3.0276,12852,4244.9,89.42,0.1969,0.3009,0.348,470,0,0.0,4,66,0.0404,0.0037,0.937,6.28,1.48
2720054000,S2,수리·개인,66,1497.6,0.0,65.6,28.1,15.6,대구광역시 남구 봉덕2동,27200,남구,3.0276,12852,4244.9,89.42,0.1969,0.3009,0.348,470,0,0.0,4,66,0.1404,0.004,1.015,21.8,5.14
2720055000,G2,소매,193,926.1,0.114,226.5,63.6,7.9,대구광역시 남구 봉덕3동,27200,남구,3.0696,14003,4561.8,89.26,0.1922,0.2972,0.4066,858,0,0.0,23,902,0.2249,0.0063,0.872,62.87,13.78
2720055000,I1,숙박,10,575.6,0.5,262.6,5.5,5.2,대구광역시 남구 봉덕3동,27200,남구,3.0696,14003,4561.8,89.26,0.1922,0.2972,0.4066,858,0,0.0,23,902,0.0117,0.0086,1.188,3.26,0.71
2720055000,I2,음식,251,870.2,0.1315,225.0,87.7,25.7,대구광역시 남구 봉덕3동,27200,남구,3.0696,14003,4561.8,89.26,0.1922,0.2972,0.4066,858,0,0.0,23,902,0.2925,0.0066,0.912,81.77,17.92
2720055000,L1,부동산,33,885.7,0.0909,214.8,10.6,10.6,대구광역시 남구 봉덕3동,27200,남구,3.0696,14003,4561.8,89.26,0.1922,0.2972,0.4066,858,0,0.0,23,902,0.0385,0.0079,1.093,10.75,2.36
2720055000,M1,과학·기술,98,918.8,0.1327,206.0,29.0,5.3,대구광역시 남구 봉덕3동,27200,남구,3.0696,14003,4561.8,89.26,0.1922,0.2972,0.4066,858,0,0.0,23,902,0.1142,0.0096,1.329,31.93,7.0
2720055000,N1,시설관리·임대,45,753.9,0.1556,242.3,16.3,3.5,대구광역시 남구 봉덕3동,27200,남구,3.0696,14003,4561.8,89.26,0.1922,0.2972,0.4066,858,0,0.0,23,902,0.0524,0.0103,1.427,14.66,3.21
2720055000,P1,교육,48,1079.8,0.0208,206.3,19.0,8.0,대구광역시 남구 봉덕3동,27200,남구,3.0696,14003,4561.8,89.26,0.1922,0.2972,0.4066,858,0,0.0,23,902,0.0559,0.0069,0.946,15.64,3.43
2720055000,Q1,보건의료,6,824.0,0.1667,293.3,2.8,2.2,대구광역시 남구 봉덕3동,27200,남구,3.0696,14003,4561.8,89.26,0.1922,0.2972,0.4066,858,0,0.0,23,902,0.007,0.0039,0.541,1.95,0.43
2720055000,R1,예술·스포츠,28,967.8,0.1071,261.4,12.7,6.2,대구광역시 남구 봉덕3동,27200,남구,3.0696,14003,4561.8,89.26,0.1922,0.2972,0.4066,858,0,0.0,23,902,0.0326,0.0055,0.757,9.12,2.0
2720055000,S2,수리·개인,146,929.3,0.0411,205.9,42.7,16.3,대구광역시 남구 봉덕3동,27200,남구,3.0696,14003,4561.8,89.26,0.1922,0.2972,0.4066,858,0,0.0,23,902,0.1702,0.0089,1.229,47.56,10.43
2720056000,G2,소매,63,324.7,0.8889,190.7,52.9,5.4,대구광역시 남구 대명1동,27200,남구,0.4605,9242,20069.5,94.69,0.2322,0.2847,0.3954,340,1,7928.3,10,142,0.1853,0.0021,0.719,136.81,6.82
2720056000,I1,숙박,5,215.3,1.0,132.4,5.8,5.8,대구광역시 남구 대명1동,27200,남구,0.4605,9242,20069.5,94.69,0.2322,0.2847,0.3954,340,1,7928.3,10,142,0.0147,0.0043,1.499,10.86,0.54
2720056000,I2,음식,104,336.1,0.875,220.1,98.1,32.5,대구광역시 남구 대명1동,27200,남구,0.4605,9242,20069.5,94.69,0.2322,0.2847,0.3954,340,1,7928.3,10,142,0.3059,0.0027,0.953,225.84,11.25
2720056000,L1,부동산,20,391.4,0.7,295.2,16.6,16.6,대구광역시 남구 대명1동,27200,남구,0.4605,9242,20069.5,94.69,0.2322,0.2847,0.3954,340,1,7928.3,10,142,0.0588,0.0048,1.671,43.43,2.16
2720056000,M1,과학·기술,48,273.2,0.9792,213.7,31.0,4.9,대구광역시 남구 대명1동,27200,남구,0.4605,9242,20069.5,94.69,0.2322,0.2847,0.3954,340,1,7928.3,10,142,0.1412,0.0047,1.643,104.23,5.19
2720056000,N1,시설관리·임대,14,272.9,1.0,151.0,10.3,2.1,대구광역시 남구 대명1동,27200,남구,0.4605,9242,20069.5,94.69,0.2322,0.2847,0.3954,340,1,7928.3,10,142,0.0412,0.0032,1.12,30.4,1.51
2720056000,P1,교육,10,298.0,1.0,183.0,9.0,4.9,대구광역시 남구 대명1동,27200,남구,0.4605,9242,20069.5,94.69,0.2322,0.2847,0.3954,340,1,7928.3,10,142,0.0294,0.0014,0.497,21.72,1.08
2720056000,Q1,보건의료,3,516.3,0.3333,245.0,2.7,2.0,대구광역시 남구 대명1동,27200,남구,0.4605,9242,20069.5,94.69,0.2322,0.2847,0.3954,340,1,7928.3,10,142,0.0088,0.002,0.683,6.51,0.32
2720056000,R1,예술·스포츠,10,372.0,1.0,222.6,11.8,8.6,대구광역시 남구 대명1동,27200,남구,0.4605,9242,20069.5,94.69,0.2322,0.2847,0.3954,340,1,7928.3,10,142,0.0294,0.002,0.682,21.72,1.08
2720056000,S2,수리·개인,63,272.8,0.9048,162.0,50.8,18.1,대구광역시 남구 대명1동,27200,남구,0.4605,9242,20069.5,94.69,0.2322,0.2847,0.3954,340,1,7928.3,10,142,0.1853,0.0038,1.339,136.81,6.82
2720057100,G2,소매,184,256.0,1.0,331.0,83.5,10.3,대구광역시 남구 대명2동,27200,남구,0.8755,15229,17394.6,89.94,0.3516,0.2688,0.2603,799,1,7568.7,20,780,0.2303,0.006,0.893,210.17,12.08
2720057100,I1,숙박,13,253.9,1.0,577.0,4.9,3.7,대구광역시 남구 대명2동,27200,남구,0.8755,15229,17394.6,89.94,0.3516,0.2688,0.2603,799,1,7568.7,20,780,0.0163,0.0112,1.659,14.85,0.85
2720057100,I2,음식,286,249.8,0.993,326.5,120.9,29.6,대구광역시 남구 대명2동,27200,남구,0.8755,15229,17394.6,89.94,0.3516,0.2688,0.2603,799,1,7568.7,20,780,0.3579,0.0075,1.116,326.67,18.78
2720057100,L1,부동산,33,244.4,0.9697,275.8,12.9,12.9,대구광역시 남구 대명2동,27200,남구,0.8755,15229,17394.6,89.94,0.3516,0.2688,0.2603,799,1,7568.7,20,780,0.0413,0.0079,1.173,37.69,2.17
2720057100,M1,과학·기술,87,249.2,0.9655,390.4,41.4,6.6,대구광역시 남구 대명2동,27200,남구,0.8755,15229,17394.6,89.94,0.3516,0.2688,0.2603,799,1,7568.7,20,780,0.1089,0.0086,1.267,99.37,5.71
2720057100,N1,시설관리·임대,38,237.5,1.0,315.2,17.8,2.9,대구광역시 남구 대명2동,27200,남구,0.8755,15229,17394.6,89.94,0.3516,0.2688,0.2603,799,1,7568.7,20,780,0.0476,0.0087,1.294,43.4,2.5
2720057100,P1,교육,43,229.4,1.0,319.1,28.3,18.3,대구광역시 남구 대명2동,27200,남구,0.8755,15229,17394.6,89.94,0.3516,0.2688,0.2603,799,1,7568.7,20,780,0.0538,0.0061,0.91,49.11,2.82
2720057100,Q1,보건의료,7,254.6,1.0,350.3,3.6,2.4,대구광역시 남구 대명2동,27200,남구,0.8755,15229,17394.6,89.94,0.3516,0.2688,0.2603,799,1,7568.7,20,780,0.0088,0.0046,0.678,8.0,0.46
2720057100,R1,예술·스포츠,11,174.5,1.0,323.0,5.6,2.6,대구광역시 남구 대명2동,27200,남구,0.8755,15229,17394.6,89.94,0.3516,0.2688,0.2603,799,1,7568.7,20,780,0.0138,0.0022,0.319,12.56,0.72
2720057100,S2,수리·개인,97,290.6,0.9485,287.4,40.4,20.0,대구광역시 남구 대명2동,27200,남구,0.8755,15229,17394.6,89.94,0.3516,0.2688,0.2603,799,1,7568.7,20,780,0.1214,0.0059,0.877,110.79,6.37
2720058600,G2,소매,218,426.4,0.6651,362.8,79.5,8.2,대구광역시 남구 대명3동,27200,남구,0.9315,12166,13060.7,94.38,0.2917,0.2699,0.3586,944,1,5897.8,20,1055,0.2309,0.0071,0.896,234.03,17.92
2720058600,I1,숙박,7,358.8,1.0,301.9,4.1,3.0,대구광역시 남구 대명3동,27200,남구,0.9315,12166,13060.7,94.38,0.2917,0.2699,0.3586,944,1,5897.8,20,1055,0.0074,0.006,0.756,7.51,0.58
2720058600,I2,음식,328,406.9,0.747,338.3,114.3,29.2,대구광역시 남구 대명3동,27200,남구,0.9315,12166,13060.7,94.38,0.2917,0.2699,0.3586,944,1,5897.8,20,1055,0.3475,0.0086,1.083,352.12,26.96
2720058600,L1,부동산,36,413.8,0.7778,308.2,20.5,20.5,대구광역시 남구 대명3동,27200,남구,0.9315,12166,13060.7,94.38,0.2917,0.2699,0.3586,944,1,5897.8,20,1055,0.0381,0.0086,1.083,38.65,2.96
2720058600,M1,과학·기술,120,451.2,0.5917,364.9,39.9,7.0,대구광역시 남구 대명3동,27200,남구,0.9315,12166,13060.7,94.38,0.2917,0.2699,0.3586,944,1,5897.8,20,1055,0.1271,0.0118,1.479,128.82,9.86
2720058600,N1,시설관리·임대,45,439.2,0.6667,294.7,14.1,2.9,대구광역시 남구 대명3동,27200,남구,0.9315,12166,13060.7,94.38,0.2917,0.2699,0.3586,944,1,5897.8,20,1055,0.0477,0.0103,1.297,48.31,3.7
2720058600,P1,교육,35,429.8,0.6571,358.3,11.5,5.9,대구광역시 남구 대명3동,27200,남구,0.9315,12166,13060.7,94.38,0.2917,0.2699,0.3586,944,1,5897.8,20,1055,0.0371,0.005,0.627,37.57,2.88
2720058600,Q1,보건의료,5,247.8,1.0,151.4,1.2,0.0,대구광역시 남구 대명3동,27200,남구,0.9315,12166,13060.7,94.38,0.2917,0.2699,0.3586,944,1,5897.8,20,1055,0.0053,0.0033,0.41,5.37,0.41
2720058600,R1,예술·스포츠,38,357.0,0.8421,306.8,19.7,9.9,대구광역시 남구 대명3동,27200,남구,0.9315,12166,13060.7,94.38,0.2917,0.2699,0.3586,944,1,5897.8,20,1055,0.0403,0.0074,0.933,40.79,3.12
2720058600,S2,수리·개인,112,402.4,0.7679,309.1,42.5,15.2,대구광역시 남구 대명3동,27200,남구,0.9315,12166,13060.7,94.38,0.2917,0.2699,0.3586,944,1,5897.8,20,1055,0.1186,0.0068,0.857,120.24,9.21
2720059000,G2,소매,190,548.5,0.3,463.7,79.9,11.6,대구광역시 남구 대명4동,27200,남구,0.76,9003,11846.1,89.38,0.2088,0.265,0.457,635,1,7282.1,20,1742,0.2992,0.0062,1.161,250.0,21.1
2720059000,I1,숙박,9,587.4,0.1111,977.7,5.1,5.1,대구광역시 남구 대명4동,27200,남구,0.76,9003,11846.1,89.38,0.2088,0.265,0.457,635,1,7282.1,20,1742,0.0142,0.0078,1.445,11.84,1.0
2720059000,I2,음식,196,583.7,0.2245,585.5,86.0,26.3,대구광역시 남구 대명4동,27200,남구,0.76,9003,11846.1,89.38,0.2088,0.265,0.457,635,1,7282.1,20,1742,0.3087,0.0052,0.962,257.89,21.77
2720059000,L1,부동산,17,434.2,0.6471,297.9,4.5,4.5,대구광역시 남구 대명4동,27200,남구,0.76,9003,11846.1,89.38,0.2088,0.265,0.457,635,1,7282.1,20,1742,0.0268,0.0041,0.761,22.37,1.89
2720059000,M1,과학·기술,64,476.2,0.4375,499.0,21.7,5.1,대구광역시 남구 대명4동,27200,남구,0.76,9003,11846.1,89.38,0.2088,0.265,0.457,635,1,7282.1,20,1742,0.1008,0.0063,1.173,84.21,7.11
2720059000,N1,시설관리·임대,25,486.4,0.48,481.0,8.5,2.9,대구광역시 남구 대명4동,27200,남구,0.76,9003,11846.1,89.38,0.2088,0.265,0.457,635,1,7282.1,20,1742,0.0394,0.0057,1.071,32.89,2.78
2720059000,P1,교육,6,556.4,0.5,149.8,3.2,1.3,대구광역시 남구 대명4동,27200,남구,0.76,9003,11846.1,89.38,0.2088,0.265,0.457,635,1,7282.1,20,1742,0.0094,0.0009,0.16,7.89,0.67
2720059000,Q1,보건의료,6,615.1,0.0,438.5,2.7,1.5,대구광역시 남구 대명4동,27200,남구,0.76,9003,11846.1,89.38,0.2088,0.265,0.457,635,1,7282.1,20,1742,0.0094,0.0039,0.731,7.89,0.67
2720059000,R1,예술·스포츠,23,606.0,0.2609,605.6,9.0,6.0,대구광역시 남구 대명4동,27200,남구,0.76,9003,11846.1,89.38,0.2088,0.265,0.457,635,1,7282.1,20,1742,0.0362,0.0045,0.84,30.26,2.55
2720059000,S2,수리·개인,99,462.4,0.6162,376.6,40.2,19.1,대구광역시 남구 대명4동,27200,남구,0.76,9003,11846.1,89.38,0.2088,0.265,0.457,635,1,7282.1,20,1742,0.1559,0.006,1.126,130.26,11.0
2720060000,G2,소매,123,260.9,0.8699,623.9,57.9,9.9,대구광역시 남구 대명5동,27200,남구,0.74,8896,12021.6,89.8,0.3399,0.2838,0.2571,607,1,11071.1,20,2694,0.2026,0.004,0.786,166.22,13.83
2720060000,I1,숙박,8,266.4,0.875,482.5,4.5,4.1,대구광역시 남구 대명5동,27200,남구,0.74,8896,12021.6,89.8,0.3399,0.2838,0.2571,607,1,11071.1,20,2694,0.0132,0.0069,1.344,10.81,0.9
2720060000,I2,음식,228,217.3,0.9167,600.6,138.3,34.4,대구광역시 남구 대명5동,27200,남구,0.74,8896,12021.6,89.8,0.3399,0.2838,0.2571,607,1,11071.1,20,2694,0.3756,0.006,1.171,308.11,25.63
2720060000,L1,부동산,22,284.6,0.8182,294.0,11.0,11.0,대구광역시 남구 대명5동,27200,남구,0.74,8896,12021.6,89.8,0.3399,0.2838,0.2571,607,1,11071.1,20,2694,0.0362,0.0053,1.03,29.73,2.47
2720060000,M1,과학·기술,63,306.1,0.8254,549.4,28.2,4.1,대구광역시 남구 대명5동,27200,남구,0.74,8896,12021.6,89.8,0.3399,0.2838,0.2571,607,1,11071.1,20,2694,0.1038,0.0062,1.208,85.14,7.08
2720060000,N1,시설관리·임대,28,362.2,0.6429,320.4,17.0,3.8,대구광역시 남구 대명5동,27200,남구,0.74,8896,12021.6,89.8,0.3399,0.2838,0.2571,607,1,11071.1,20,2694,0.0461,0.0064,1.255,37.84,3.15
2720060000,P1,교육,27,294.8,0.9259,596.4,9.8,7.1,대구광역시 남구 대명5동,27200,남구,0.74,8896,12021.6,89.8,0.3399,0.2838,0.2571,607,1,11071.1,20,2694,0.0445,0.0039,0.752,36.49,3.04
2720060000,Q1,보건의료,8,133.3,1.0,491.8,5.2,3.5,대구광역시 남구 대명5동,27200,남구,0.74,8896,12021.6,89.8,0.3399,0.2838,0.2571,607,1,11071.1,20,2694,0.0132,0.0052,1.02,10.81,0.9
2720060000,R1,예술·스포츠,20,254.9,0.85,525.0,9.9,3.8,대구광역시 남구 대명5동,27200,남구,0.74,8896,12021.6,89.8,0.3399,0.2838,0.2571,607,1,11071.1,20,2694,0.0329,0.0039,0.764,27.03,2.25
2720060000,S2,수리·개인,80,279.2,0.8125,504.9,37.5,15.6,대구광역시 남구 대명5동,27200,남구,0.74,8896,12021.6,89.8,0.3399,0.2838,0.2571,607,1,11071.1,20,2694,0.1318,0.0049,0.952,108.11,8.99
2720061000,G2,소매,137,401.0,0.6715,310.3,63.3,6.4,대구광역시 남구 대명6동,27200,남구,1.5709,10276,6541.5,91.61,0.248,0.3028,0.3503,560,0,0.0,13,857,0.2446,0.0045,0.949,87.21,13.33
2720061000,I1,숙박,5,366.7,0.6,269.2,1.6,1.6,대구광역시 남구 대명6동,27200,남구,1.5709,10276,6541.5,91.61,0.248,0.3028,0.3503,560,0,0.0,13,857,0.0089,0.0043,0.91,3.18,0.49
2720061000,I2,음식,128,458.9,0.5781,283.3,55.5,14.1,대구광역시 남구 대명6동,27200,남구,1.5709,10276,6541.5,91.61,0.248,0.3028,0.3503,560,0,0.0,13,857,0.2286,0.0034,0.712,81.48,12.46
2720061000,L1,부동산,35,403.3,0.6857,261.2,15.4,15.4,대구광역시 남구 대명6동,27200,남구,1.5709,10276,6541.5,91.61,0.248,0.3028,0.3503,560,0,0.0,13,857,0.0625,0.0084,1.776,22.28,3.41
2720061000,M1,과학·기술,93,307.2,0.6989,334.7,66.1,23.1,대구광역시 남구 대명6동,27200,남구,1.5709,10276,6541.5,91.61,0.248,0.3028,0.3503,560,0,0.0,13,857,0.1661,0.0091,1.932,59.2,9.05
2720061000,N1,시설관리·임대,25,377.4,0.76,347.3,13.3,2.1,대구광역시 남구 대명6동,27200,남구,1.5709,10276,6541.5,91.61,0.248,0.3028,0.3503,560,0,0.0,13,857,0.0446,0.0057,1.215,15.91,2.43
2720061000,P1,교육,32,302.9,0.7812,503.8,17.2,6.9,대구광역시 남구 대명6동,27200,남구,1.5709,10276,6541.5,91.61,0.248,0.3028,0.3503,560,0,0.0,13,857,0.0571,0.0046,0.966,20.37,3.11
2720061000,Q1,보건의료,10,257.1,0.8,405.5,6.6,4.9,대구광역시 남구 대명6동,27200,남구,1.5709,10276,6541.5,91.61,0.248,0.3028,0.3503,560,0,0.0,13,857,0.0179,0.0065,1.381,6.37,0.97
2720061000,R1,예술·스포츠,8,244.5,0.75,423.2,6.5,2.9,대구광역시 남구 대명6동,27200,남구,1.5709,10276,6541.5,91.61,0.248,0.3028,0.3503,560,0,0.0,13,857,0.0143,0.0016,0.331,5.09,0.78
2720061000,S2,수리·개인,87,393.9,0.7126,365.3,43.6,19.0,대구광역시 남구 대명6동,27200,남구,1.5709,10276,6541.5,91.61,0.248,0.3028,0.3503,560,0,0.0,13,857,0.1554,0.0053,1.122,55.38,8.47
2720064000,G2,소매,173,812.3,0.0116,211.4,49.5,5.6,대구광역시 남구 대명9동,27200,남구,3.1401,13110,4175.0,93.73,0.2444,0.3007,0.3793,785,0,0.0,28,762,0.2204,0.0057,0.855,55.09,13.2
2720064000,I1,숙박,16,775.7,0.0,203.3,3.1,2.4,대구광역시 남구 대명9동,27200,남구,3.1401,13110,4175.0,93.73,0.2444,0.3007,0.3793,785,0,0.0,28,762,0.0204,0.0138,2.078,5.1,1.22
2720064000,I2,음식,263,816.5,0.0038,170.2,93.1,25.9,대구광역시 남구 대명9동,27200,남구,3.1401,13110,4175.0,93.73,0.2444,0.3007,0.3793,785,0,0.0,28,762,0.335,0.0069,1.044,83.76,20.06
2720064000,L1,부동산,21,728.0,0.0,198.6,11.0,11.0,대구광역시 남구 대명9동,27200,남구,3.1401,13110,4175.0,93.73,0.2444,0.3007,0.3793,785,0,0.0,28,762,0.0268,0.005,0.76,6.69,1.6
2720064000,M1,과학·기술,111,866.1,0.0,173.7,30.3,5.9,대구광역시 남구 대명9동,27200,남구,3.1401,13110,4175.0,93.73,0.2444,0.3007,0.3793,785,0,0.0,28,762,0.1414,0.0109,1.645,35.35,8.47
2720064000,N1,시설관리·임대,40,891.6,0.0,187.4,9.9,1.9,대구광역시 남구 대명9동,27200,남구,3.1401,13110,4175.0,93.73,0.2444,0.3007,0.3793,785,0,0.0,28,762,0.051,0.0092,1.386,12.74,3.05
2720064000,P1,교육,32,876.0,0.0,166.0,8.7,3.9,대구광역시 남구 대명9동,27200,남구,3.1401,13110,4175.0,93.73,0.2444,0.3007,0.3793,785,0,0.0,28,762,0.0408,0.0046,0.689,10.19,2.44
2720064000,Q1,보건의료,2,572.6,0.0,513.0,2.5,1.0,대구광역시 남구 대명9동,27200,남구,3.1401,13110,4175.0,93.73,0.2444,0.3007,0.3793,785,0,0.0,28,762,0.0025,0.0013,0.197,0.64,0.15
2720064000,R1,예술·스포츠,23,750.9,0.0,175.1,9.6,6.4,대구광역시 남구 대명9동,27200,남구,3.1401,13110,4175.0,93.73,0.2444,0.3007,0.3793,785,0,0.0,28,762,0.0293,0.0045,0.679,7.32,1.75
2720064000,S2,수리·개인,104,773.1,0.0,179.8,37.2,16.5,대구광역시 남구 대명9동,27200,남구,3.1401,13110,4175.0,93.73,0.2444,0.3007,0.3793,785,0,0.0,28,762,0.1325,0.0063,0.957,33.12,7.93
2720065000,G2,소매,122,384.0,0.8279,663.8,72.8,7.5,대구광역시 남구 대명10동,27200,남구,0.5166,7805,15108.4,86.72,0.2297,0.2671,0.4456,650,1,15387.0,12,444,0.1877,0.004,0.728,236.16,15.63
2720065000,I1,숙박,8,425.0,0.75,392.4,5.1,5.1,대구광역시 남구 대명10동,27200,남구,0.5166,7805,15108.4,86.72,0.2297,0.2671,0.4456,650,1,15387.0,12,444,0.0123,0.0069,1.255,15.49,1.02
2720065000,I2,음식,211,401.8,0.8057,473.0,108.5,33.4,대구광역시 남구 대명10동,27200,남구,0.5166,7805,15108.4,86.72,0.2297,0.2671,0.4456,650,1,15387.0,12,444,0.3246,0.0056,1.012,408.44,27.03
2720065000,L1,부동산,18,404.2,1.0,520.3,16.6,16.6,대구광역시 남구 대명10동,27200,남구,0.5166,7805,15108.4,86.72,0.2297,0.2671,0.4456,650,1,15387.0,12,444,0.0277,0.0043,0.787,34.84,2.31
2720065000,M1,과학·기술,96,303.1,0.9479,560.4,65.6,24.2,대구광역시 남구 대명10동,27200,남구,0.5166,7805,15108.4,86.72,0.2297,0.2671,0.4456,650,1,15387.0,12,444,0.1477,0.0094,1.718,185.83,12.3
2720065000,N1,시설관리·임대,29,382.0,0.8621,628.7,14.8,3.1,대구광역시 남구 대명10동,27200,남구,0.5166,7805,15108.4,86.72,0.2297,0.2671,0.4456,650,1,15387.0,12,444,0.0446,0.0067,1.214,56.14,3.72
2720065000,P1,교육,11,262.0,0.9091,472.5,13.7,5.3,대구광역시 남구 대명10동,27200,남구,0.5166,7805,15108.4,86.72,0.2297,0.2671,0.4456,650,1,15387.0,12,444,0.0169,0.0016,0.286,21.29,1.41
2720065000,Q1,보건의료,7,404.6,0.7143,631.1,4.6,2.9,대구광역시 남구 대명10동,27200,남구,0.5166,7805,15108.4,86.72,0.2297,0.2671,0.4456,650,1,15387.0,12,444,0.0108,0.0046,0.833,13.55,0.9
2720065000,R1,예술·스포츠,22,403.7,0.7273,412.2,11.1,7.5,대구광역시 남구 대명10동,27200,남구,0.5166,7805,15108.4,86.72,0.2297,0.2671,0.4456,650,1,15387.0,12,444,0.0338,0.0043,0.785,42.59,2.82
2720065000,S2,수리·개인,126,373.2,0.9683,711.2,65.1,28.4,대구광역시 남구 대명10동,27200,남구,0.5166,7805,15108.4,86.72,0.2297,0.2671,0.4456,650,1,15387.0,12,444,0.1938,0.0077,1.401,243.9,16.14
2720066000,G2,소매,275,704.9,0.0291,531.4,206.6,38.9,대구광역시 남구 대명11동,27200,남구,0.8477,7152,8436.9,87.13,0.1871,0.2694,0.4855,614,0,0.0,19,711,0.4479,0.009,1.737,324.41,38.45
2720066000,I1,숙박,3,767.3,0.0,450.3,2.7,2.0,대구광역시 남구 대명11동,27200,남구,0.8477,7152,8436.9,87.13,0.1871,0.2694,0.4855,614,0,0.0,19,711,0.0049,0.0026,0.498,3.54,0.42
2720066000,I2,음식,152,685.5,0.0461,499.9,127.4,39.1,대구광역시 남구 대명11동,27200,남구,0.8477,7152,8436.9,87.13,0.1871,0.2694,0.4855,614,0,0.0,19,711,0.2476,0.004,0.772,179.31,21.25
2720066000,L1,부동산,8,595.8,0.125,266.2,7.4,7.4,대구광역시 남구 대명11동,27200,남구,0.8477,7152,8436.9,87.13,0.1871,0.2694,0.4855,614,0,0.0,19,711,0.013,0.0019,0.37,9.44,1.12
2720066000,M1,과학·기술,58,690.2,0.0345,288.6,23.7,4.9,대구광역시 남구 대명11동,27200,남구,0.8477,7152,8436.9,87.13,0.1871,0.2694,0.4855,614,0,0.0,19,711,0.0945,0.0057,1.099,68.42,8.11
2720066000,N1,시설관리·임대,18,678.2,0.0,300.2,9.3,2.1,대구광역시 남구 대명11동,27200,남구,0.8477,7152,8436.9,87.13,0.1871,0.2694,0.4855,614,0,0.0,19,711,0.0293,0.0041,0.798,21.23,2.52
2720066000,P1,교육,11,680.8,0.0909,399.0,5.2,2.6,대구광역시 남구 대명11동,27200,남구,0.8477,7152,8436.9,87.13,0.1871,0.2694,0.4855,614,0,0.0,19,711,0.0179,0.0016,0.303,12.98,1.54
2720066000,Q1,보건의료,9,665.8,0.0,650.1,12.8,10.4,대구광역시 남구 대명11동,27200,남구,0.8477,7152,8436.9,87.13,0.1871,0.2694,0.4855,614,0,0.0,19,711,0.0147,0.0059,1.134,10.62,1.26
2720066000,R1,예술·스포츠,12,663.6,0.0,324.0,8.8,6.7,대구광역시 남구 대명11동,27200,남구,0.8477,7152,8436.9,87.13,0.1871,0.2694,0.4855,614,0,0.0,19,711,0.0195,0.0024,0.453,14.16,1.68
2720066000,S2,수리·개인,68,633.9,0.2059,250.3,34.1,15.4,대구광역시 남구 대명11동,27200,남구,0.8477,7152,8436.9,87.13,0.1871,0.2694,0.4855,614,0,0.0,19,711,0.1107,0.0042,0.8,80.22,9.51
2723051000,G2,소매,76,477.4,0.5132,520.5,45.4,5.4,대구광역시 북구 고성동,27230,북구,0.52,14603,28082.7,97.71,0.3407,0.2901,0.1417,502,0,0.0,9,694,0.1514,0.0025,0.587,146.15,5.2
2723051000,I1,숙박,3,636.5,0.0,288.3,2.0,2.0,대구광역시 북구 고성동,27230,북구,0.52,14603,28082.7,97.71,0.3407,0.2901,0.1417,502,0,0.0,9,694,0.006,0.0026,0.609,5.77,0.21
2723051000,I2,음식,251,523.7,0.4143,859.3,149.7,43.5,대구광역시 북구 고성동,27230,북구,0.52,14603,28082.7,97.71,0.3407,0.2901,0.1417,502,0,0.0,9,694,0.5,0.0066,1.558,482.69,17.19
2723051000,L1,부동산,24,442.2,0.5417,321.3,15.2,15.2,대구광역시 북구 고성동,27230,북구,0.52,14603,28082.7,97.71,0.3407,0.2901,0.1417,502,0,0.0,9,694,0.0478,0.0058,1.358,46.15,1.64
2723051000,M1,과학·기술,24,463.9,0.6667,579.0,18.6,3.3,대구광역시 북구 고성동,27230,북구,0.52,14603,28082.7,97.71,0.3407,0.2901,0.1417,502,0,0.0,9,694,0.0478,0.0024,0.556,46.15,1.64
2723051000,N1,시설관리·임대,9,570.7,0.5556,793.1,6.2,1.6,대구광역시 북구 고성동,27230,북구,0.52,14603,28082.7,97.71,0.3407,0.2901,0.1417,502,0,0.0,9,694,0.0179,0.0021,0.488,17.31,0.62
2723051000,P1,교육,25,523.9,0.32,380.9,13.0,6.1,대구광역시 북구 고성동,27230,북구,0.52,14603,28082.7,97.71,0.3407,0.2901,0.1417,502,0,0.0,9,694,0.0498,0.0036,0.842,48.08,1.71
2723051000,R1,예술·스포츠,30,529.6,0.4333,942.5,15.0,8.5,대구광역시 북구 고성동,27230,북구,0.52,14603,28082.7,97.71,0.3407,0.2901,0.1417,502,0,0.0,9,694,0.0598,0.0059,1.386,57.69,2.05
2723051000,S2,수리·개인,60,448.7,0.5833,466.8,39.7,13.8,대구광역시 북구 고성동,27230,북구,0.52,14603,28082.7,97.71,0.3407,0.2901,0.1417,502,0,0.0,9,694,0.1195,0.0037,0.864,115.38,4.11
2723052600,G2,소매,637,320.5,0.7724,733.4,257.5,95.8,대구광역시 북구 칠성동,27230,북구,1.3907,23657,17010.9,90.74,0.2648,0.3205,0.2492,1349,2,23713.1,51,4486,0.4722,0.0209,1.832,458.04,26.93
2723052600,I1,숙박,9,243.3,1.0,890.9,5.1,5.0,대구광역시 북구 칠성동,27230,북구,1.3907,23657,17010.9,90.74,0.2648,0.3205,0.2492,1349,2,23713.1,51,4486,0.0067,0.0078,0.68,6.47,0.38
2723052600,I2,음식,359,505.1,0.5376,1000.5,86.1,24.5,대구광역시 북구 칠성동,27230,북구,1.3907,23657,17010.9,90.74,0.2648,0.3205,0.2492,1349,2,23713.1,51,4486,0.2661,0.0095,0.829,258.14,15.18
2723052600,L1,부동산,26,591.9,0.4615,1294.1,5.3,5.3,대구광역시 북구 칠성동,27230,북구,1.3907,23657,17010.9,90.74,0.2648,0.3205,0.2492,1349,2,23713.1,51,4486,0.0193,0.0062,0.548,18.7,1.1
2723052600,M1,과학·기술,70,551.1,0.4429,782.7,21.8,3.4,대구광역시 북구 칠성동,27230,북구,1.3907,23657,17010.9,90.74,0.2648,0.3205,0.2492,1349,2,23713.1,51,4486,0.0519,0.0069,0.604,50.33,2.96
2723052600,N1,시설관리·임대,27,524.8,0.5926,905.8,7.2,1.4,대구광역시 북구 칠성동,27230,북구,1.3907,23657,17010.9,90.74,0.2648,0.3205,0.2492,1349,2,23713.1,51,4486,0.02,0.0062,0.545,19.41,1.14
2723052600,P1,교육,58,600.3,0.4138,1101.6,17.9,10.0,대구광역시 북구 칠성동,27230,북구,1.3907,23657,17010.9,90.74,0.2648,0.3205,0.2492,1349,2,23713.1,51,4486,0.043,0.0083,0.727,41.71,2.45
2723052600,Q1,보건의료,5,450.2,0.6,989.2,0.6,0.4,대구광역시 북구 칠성동,27230,북구,1.3907,23657,17010.9,90.74,0.2648,0.3205,0.2492,1349,2,23713.1,51,4486,0.0037,0.0033,0.287,3.6,0.21
2723052600,R1,예술·스포츠,43,527.9,0.5349,1100.3,9.4,3.2,대구광역시 북구 칠성동,27230,북구,1.3907,23657,17010.9,90.74,0.2648,0.3205,0.2492,1349,2,23713.1,51,4486,0.0319,0.0084,0.739,30.92,1.82
2723052600,S2,수리·개인,115,623.9,0.4174,1050.4,26.0,10.0,대구광역시 북구 칠성동,27230,북구,1.3907,23657,17010.9,90.74,0.2648,0.3205,0.2492,1349,2,23713.1,51,4486,0.0852,0.007,0.616,82.69,4.86
2723055000,G2,소매,65,1895.1,0.0,91.8,21.7,3.1,대구광역시 북구 침산1동,27230,북구,1.4697,3441,2341.3,114.13,0.1654,0.2697,0.4955,196,0,0.0,6,115,0.3316,0.0021,1.286,44.23,18.89
2723055000,I2,음식,54,1724.2,0.0,87.4,24.6,9.8,대구광역시 북구 침산1동,27230,북구,1.4697,3441,2341.3,114.13,0.1654,0.2697,0.4955,196,0,0.0,6,115,0.2755,0.0014,0.859,36.74,15.69
2723055000,L1,부동산,10,1871.1,0.0,78.3,3.7,3.7,대구광역시 북구 침산1동,27230,북구,1.4697,3441,2341.3,114.13,0.1654,0.2697,0.4955,196,0,0.0,6,115,0.051,0.0024,1.45,6.8,2.91
2723055000,M1,과학·기술,15,1713.3,0.0,103.3,7.9,1.4,대구광역시 북구 침산1동,27230,북구,1.4697,3441,2341.3,114.13,0.1654,0.2697,0.4955,196,0,0.0,6,115,0.0765,0.0015,0.89,10.21,4.36
2723055000,N1,시설관리·임대,10,1755.0,0.0,72.6,2.4,0.4,대구광역시 북구 침산1동,27230,북구,1.4697,3441,2341.3,114.13,0.1654,0.2697,0.4955,196,0,0.0,6,115,0.051,0.0023,1.388,6.8,2.91
2723055000,P1,교육,5,1701.3,0.0,79.0,1.6,1.2,대구광역시 북구 침산1동,27230,북구,1.4697,3441,2341.3,114.13,0.1654,0.2697,0.4955,196,0,0.0,6,115,0.0255,0.0007,0.431,3.4,1.45
2723055000,Q1,보건의료,2,2438.2,0.0,81.5,1.0,0.0,대구광역시 북구 침산1동,27230,북구,1.4697,3441,2341.3,114.13,0.1654,0.2697,0.4955,196,0,0.0,6,115,0.0102,0.0013,0.789,1.36,0.58
2723055000,R1,예술·스포츠,4,1946.6,0.0,253.8,3.0,1.2,대구광역시 북구 침산1동,27230,북구,1.4697,3441,2341.3,114.13,0.1654,0.2697,0.4955,196,0,0.0,6,115,0.0204,0.0008,0.473,2.72,1.16
2723055000,S2,수리·개인,31,1698.3,0.0,97.5,14.1,5.9,대구광역시 북구 침산1동,27230,북구,1.4697,3441,2341.3,114.13,0.1654,0.2697,0.4955,196,0,0.0,6,115,0.1582,0.0019,1.143,21.09,9.01
2723056000,G2,소매,113,1289.4,0.0,701.1,60.8,8.1,대구광역시 북구 침산2동,27230,북구,0.8533,17835,20901.2,91.1,0.2287,0.3401,0.2274,593,0,0.0,23,2202,0.1906,0.0037,0.739,132.43,6.34
2723056000,I1,숙박,1,1545.5,0.0,442.0,0.0,0.0,대구광역시 북구 침산2동,27230,북구,0.8533,17835,20901.2,91.1,0.2287,0.3401,0.2274,593,0,0.0,23,2202,0.0017,0.0009,0.172,1.17,0.06
2723056000,I2,음식,181,1264.7,0.0,647.0,84.5,21.7,대구광역시 북구 침산2동,27230,북구,0.8533,17835,20901.2,91.1,0.2287,0.3401,0.2274,593,0,0.0,23,2202,0.3052,0.0048,0.951,212.12,10.15
2723056000,L1,부동산,11,1544.9,0.0,494.3,10.1,10.1,대구광역시 북구 침산2동,27230,북구,0.8533,17835,20901.2,91.1,0.2287,0.3401,0.2274,593,0,0.0,23,2202,0.0185,0.0026,0.527,12.89,0.62
2723056000,M1,과학·기술,40,1165.4,0.0,668.0,17.8,3.1,대구광역시 북구 침산2동,27230,북구,0.8533,17835,20901.2,91.1,0.2287,0.3401,0.2274,593,0,0.0,23,2202,0.0675,0.0039,0.785,46.88,2.24
2723056000,N1,시설관리·임대,9,1219.4,0.0,373.1,3.0,0.4,대구광역시 북구 침산2동,27230,북구,0.8533,17835,20901.2,91.1,0.2287,0.3401,0.2274,593,0,0.0,23,2202,0.0152,0.0021,0.413,10.55,0.5
2723056000,P1,교육,89,1284.1,0.0,850.0,45.1,22.7,대구광역시 북구 침산2동,27230,북구,0.8533,17835,20901.2,91.1,0.2287,0.3401,0.2274,593,0,0.0,23,2202,0.1501,0.0127,2.537,104.3,4.99
2723056000,Q1,보건의료,22,1399.5,0.0,936.2,23.7,19.6,대구광역시 북구 침산2동,27230,북구,0.8533,17835,20901.2,91.1,0.2287,0.3401,0.2274,593,0,0.0,23,2202,0.0371,0.0144,2.87,25.78,1.23
2723056000,R1,예술·스포츠,47,1381.5,0.0,686.0,25.0,10.6,대구광역시 북구 침산2동,27230,북구,0.8533,17835,20901.2,91.1,0.2287,0.3401,0.2274,593,0,0.0,23,2202,0.0793,0.0092,1.838,55.08,2.64
2723056000,S2,수리·개인,80,1356.8,0.0,564.0,37.0,22.8,대구광역시 북구 침산2동,27230,북구,0.8533,17835,20901.2,91.1,0.2287,0.3401,0.2274,593,0,0.0,23,2202,0.1349,0.0049,0.975,93.75,4.49
2723057000,G2,소매,107,1441.1,0.0,618.6,51.0,6.9,대구광역시 북구 침산3동,27230,북구,1.0462,17704,16922.2,89.77,0.1944,0.3311,0.312,541,0,0.0,27,1418,0.1978,0.0035,0.767,102.27,6.04
2723057000,I2,음식,167,1330.9,0.0,701.0,91.2,23.1,대구광역시 북구 침산3동,27230,북구,1.0462,17704,16922.2,89.77,0.1944,0.3311,0.312,541,0,0.0,27,1418,0.3087,0.0044,0.962,159.63,9.43
2723057000,L1,부동산,15,1401.8,0.0,658.3,7.6,7.6,대구광역시 북구 침산3동,27230,북구,1.0462,17704,16922.2,89.77,0.1944,0.3311,0.312,541,0,0.0,27,1418,0.0277,0.0036,0.788,14.34,0.85
2723057000,M1,과학·기술,54,1363.0,0.0,590.2,30.1,6.3,대구광역시 북구 침산3동,27230,북구,1.0462,17704,16922.2,89.77,0.1944,0.3311,0.312,541,0,0.0,27,1418,0.0998,0.0053,1.161,51.62,3.05
2723057000,N1,시설관리·임대,21,1475.7,0.0,464.7,7.7,3.0,대구광역시 북구 침산3동,27230,북구,1.0462,17704,16922.2,89.77,0.1944,0.3311,0.312,541,0,0.0,27,1418,0.0388,0.0048,1.056,20.07,1.19
2723057000,P1,교육,73,1315.0,0.0,697.0,47.7,22.3,대구광역시 북구 침산3동,27230,북구,1.0462,17704,16922.2,89.77,0.1944,0.3311,0.312,541,0,0.0,27,1418,0.1349,0.0104,2.281,69.78,4.12
2723057000,Q1,보건의료,8,1315.9,0.0,762.9,9.2,7.6,대구광역시 북구 침산3동,27230,북구,1.0462,17704,16922.2,89.77,0.1944,0.3311,0.312,541,0,0.0,27,1418,0.0148,0.0052,1.144,7.65,0.45
2723057000,R1,예술·스포츠,16,1348.0,0.0,605.8,18.2,7.0,대구광역시 북구 침산3동,27230,북구,1.0462,17704,16922.2,89.77,0.1944,0.3311,0.312,541,0,0.0,27,1418,0.0296,0.0031,0.686,15.29,0.9
2723057000,S2,수리·개인,80,1420.1,0.0,588.1,34.4,15.2,대구광역시 북구 침산3동,27230,북구,1.0462,17704,16922.2,89.77,0.1944,0.3311,0.312,541,0,0.0,27,1418,0.1479,0.0049,1.068,76.47,4.52
2723061000,G2,소매,80,2230.4,0.0,77.6,30.1,2.4,대구광역시 북구 산격1동,27230,북구,0.8679,7370,8491.8,94.66,0.1362,0.2545,0.5597,247,0,0.0,5,69,0.3239,0.0026,1.256,92.18,10.85
2723061000,I1,숙박,2,2184.6,0.0,27.0,0.0,0.0,대구광역시 북구 산격1동,27230,북구,0.8679,7370,8491.8,94.66,0.1362,0.2545,0.5597,247,0,0.0,5,69,0.0081,0.0017,0.825,2.3,0.27
2723061000,I2,음식,67,2242.8,0.0,65.1,26.6,11.0,대구광역시 북구 산격1동,27230,북구,0.8679,7370,8491.8,94.66,0.1362,0.2545,0.5597,247,0,0.0,5,69,0.2713,0.0018,0.845,77.2,9.09
2723061000,L1,부동산,3,1976.1,0.0,81.3,1.7,1.7,대구광역시 북구 산격1동,27230,북구,0.8679,7370,8491.8,94.66,0.1362,0.2545,0.5597,247,0,0.0,5,69,0.0121,0.0007,0.345,3.46,0.41
2723061000,M1,과학·기술,23,2086.6,0.0,76.3,9.7,2.0,대구광역시 북구 산격1동,27230,북구,0.8679,7370,8491.8,94.66,0.1362,0.2545,0.5597,247,0,0.0,5,69,0.0931,0.0023,1.083,26.5,3.12
2723061000,N1,시설관리·임대,14,2074.9,0.0,81.1,5.7,0.6,대구광역시 북구 산격1동,27230,북구,0.8679,7370,8491.8,94.66,0.1362,0.2545,0.5597,247,0,0.0,5,69,0.0567,0.0032,1.542,16.13,1.9
2723061000,P1,교육,5,1933.0,0.0,102.6,4.0,1.0,대구광역시 북구 산격1동,27230,북구,0.8679,7370,8491.8,94.66,0.1362,0.2545,0.5597,247,0,0.0,5,69,0.0202,0.0007,0.342,5.76,0.68
2723061000,Q1,보건의료,3,1992.6,0.0,80.3,0.7,0.0,대구광역시 북구 산격1동,27230,북구,0.8679,7370,8491.8,94.66,0.1362,0.2545,0.5597,247,0,0.0,5,69,0.0121,0.002,0.94,3.46,0.41
2723061000,R1,예술·스포츠,10,2255.3,0.0,52.8,2.8,1.6,대구광역시 북구 산격1동,27230,북구,0.8679,7370,8491.8,94.66,0.1362,0.2545,0.5597,247,0,0.0,5,69,0.0405,0.002,0.939,11.52,1.36
2723061000,S2,수리·개인,40,2212.9,0.0,67.6,15.5,5.2,대구광역시 북구 산격1동,27230,북구,0.8679,7370,8491.8,94.66,0.1362,0.2545,0.5597,247,0,0.0,5,69,0.1619,0.0024,1.17,46.09,5.43
2723062000,G2,소매,648,3027.3,0.0,2250.6,233.5,88.8,대구광역시 북구 산격2동,27230,북구,2.3539,9376,3983.2,94.72,0.2085,0.289,0.402,1263,0,0.0,84,10440,0.5131,0.0212,1.99,275.29,69.11
2723062000,I1,숙박,6,3016.5,0.0,2624.7,3.0,3.0,대구광역시 북구 산격2동,27230,북구,2.3539,9376,3983.2,94.72,0.2085,0.289,0.402,1263,0,0.0,84,10440,0.0048,0.0052,0.484,2.55,0.64
2723062000,I2,음식,232,2786.5,0.0,1693.5,72.9,23.5,대구광역시 북구 산격2동,27230,북구,2.3539,9376,3983.2,94.72,0.2085,0.289,0.402,1263,0,0.0,84,10440,0.1837,0.0061,0.572,98.56,24.74
2723062000,L1,부동산,15,2824.0,0.0,1327.8,4.9,4.9,대구광역시 북구 산격2동,27230,북구,2.3539,9376,3983.2,94.72,0.2085,0.289,0.402,1263,0,0.0,84,10440,0.0119,0.0036,0.337,6.37,1.6
2723062000,M1,과학·기술,111,3004.4,0.0,2622.4,27.1,7.3,대구광역시 북구 산격2동,27230,북구,2.3539,9376,3983.2,94.72,0.2085,0.289,0.402,1263,0,0.0,84,10440,0.0879,0.0109,1.023,47.16,11.84
2723062000,N1,시설관리·임대,70,2912.1,0.0,2176.7,14.5,2.3,대구광역시 북구 산격2동,27230,북구,2.3539,9376,3983.2,94.72,0.2085,0.289,0.402,1263,0,0.0,84,10440,0.0554,0.0161,1.508,29.74,7.47
2723062000,P1,교육,22,2761.1,0.0,1585.2,7.8,4.0,대구광역시 북구 산격2동,27230,북구,2.3539,9376,3983.2,94.72,0.2085,0.289,0.402,1263,0,0.0,84,10440,0.0174,0.0031,0.294,9.35,2.35
2723062000,Q1,보건의료,4,2529.6,0.0,1097.5,9.0,4.2,대구광역시 북구 산격2동,27230,북구,2.3539,9376,3983.2,94.72,0.2085,0.289,0.402,1263,0,0.0,84,10440,0.0032,0.0026,0.245,1.7,0.43
2723062000,R1,예술·스포츠,29,2804.1,0.0,1711.7,9.2,4.0,대구광역시 북구 산격2동,27230,북구,2.3539,9376,3983.2,94.72,0.2085,0.289,0.402,1263,0,0.0,84,10440,0.023,0.0057,0.532,12.32,3.09
2723062000,S2,수리·개인,126,2872.4,0.0,1372.1,31.3,13.7,대구광역시 북구 산격2동,27230,북구,2.3539,9376,3983.2,94.72,0.2085,0.289,0.402,1263,0,0.0,84,10440,0.0998,0.0077,0.721,53.53,13.44
2723063000,G2,소매,197,2190.1,0.0,739.3,84.4,13.3,대구광역시 북구 산격3동,27230,북구,1.272,8390,6595.9,107.83,0.4346,0.2008,0.2982,947,0,0.0,19,3619,0.208,0.0065,0.807,154.87,23.48
2723063000,I1,숙박,4,2296.1,0.0,319.2,1.8,0.8,대구광역시 북구 산격3동,27230,북구,1.272,8390,6595.9,107.83,0.4346,0.2008,0.2982,947,0,0.0,19,3619,0.0042,0.0034,0.431,3.14,0.48
2723063000,I2,음식,444,2068.4,0.0,1437.1,212.4,42.5,대구광역시 북구 산격3동,27230,북구,1.272,8390,6595.9,107.83,0.4346,0.2008,0.2982,947,0,0.0,19,3619,0.4688,0.0117,1.461,349.06,52.92
2723063000,L1,부동산,18,2076.7,0.0,902.3,9.6,9.6,대구광역시 북구 산격3동,27230,북구,1.272,8390,6595.9,107.83,0.4346,0.2008,0.2982,947,0,0.0,19,3619,0.019,0.0043,0.54,14.15,2.15
2723063000,M1,과학·기술,53,1955.0,0.0,763.7,18.7,4.1,대구광역시 북구 산격3동,27230,북구,1.272,8390,6595.9,107.83,0.4346,0.2008,0.2982,947,0,0.0,19,3619,0.056,0.0052,0.651,41.67,6.32
2723063000,N1,시설관리·임대,27,1977.4,0.0,1254.2,10.3,3.0,대구광역시 북구 산격3동,27230,북구,1.272,8390,6595.9,107.83,0.4346,0.2008,0.2982,947,0,0.0,19,3619,0.0285,0.0062,0.776,21.23,3.22
2723063000,P1,교육,22,2083.8,0.0,878.2,9.2,5.0,대구광역시 북구 산격3동,27230,북구,1.272,8390,6595.9,107.83,0.4346,0.2008,0.2982,947,0,0.0,19,3619,0.0232,0.0031,0.393,17.3,2.62
2723063000,Q1,보건의료,14,2496.6,0.0,499.9,12.0,9.7,대구광역시 북구 산격3동,27230,북구,1.272,8390,6595.9,107.83,0.4346,0.2008,0.2982,947,0,0.0,19,3619,0.0148,0.0092,1.144,11.01,1.67
2723063000,R1,예술·스포츠,51,2063.8,0.0,1861.3,27.0,11.3,대구광역시 북구 산격3동,27230,북구,1.272,8390,6595.9,107.83,0.4346,0.2008,0.2982,947,0,0.0,19,3619,0.0539,0.01,1.249,40.09,6.08
2723063000,S2,수리·개인,117,2170.7,0.0,699.7,54.8,30.7,대구광역시 북구 산격3동,27230,북구,1.272,8390,6595.9,107.83,0.4346,0.2008,0.2982,947,0,0.0,19,3619,0.1235,0.0071,0.893,91.98,13.95
2723063100,G2,소매,80,2072.9,0.0,228.8,47.7,5.3,대구광역시 북구 산격4동,27230,북구,0.7157,6961,9726.1,108.48,0.2248,0.2732,0.4356,368,0,0.0,6,595,0.2174,0.0026,0.843,111.78,11.49
2723063100,I1,숙박,10,1909.5,0.0,203.7,3.7,2.1,대구광역시 북구 산격4동,27230,북구,0.7157,6961,9726.1,108.48,0.2248,0.2732,0.4356,368,0,0.0,6,595,0.0272,0.0086,2.77,13.97,1.44
2723063100,I2,음식,107,2044.9,0.0,265.2,81.8,25.5,대구광역시 북구 산격4동,27230,북구,0.7157,6961,9726.1,108.48,0.2248,0.2732,0.4356,368,0,0.0,6,595,0.2908,0.0028,0.906,149.5,15.37
2723063100,L1,부동산,11,2326.4,0.0,302.1,5.6,5.6,대구광역시 북구 산격4동,27230,북구,0.7157,6961,9726.1,108.48,0.2248,0.2732,0.4356,368,0,0.0,6,595,0.0299,0.0026,0.849,15.37,1.58
2723063100,M1,과학·기술,51,1892.2,0.0,211.0,20.9,3.5,대구광역시 북구 산격4동,27230,북구,0.7157,6961,9726.1,108.48,0.2248,0.2732,0.4356,368,0,0.0,6,595,0.1386,0.005,1.612,71.26,7.33
2723063100,N1,시설관리·임대,33,1878.0,0.0,255.8,14.9,2.0,대구광역시 북구 산격4동,27230,북구,0.7157,6961,9726.1,108.48,0.2248,0.2732,0.4356,368,0,0.0,6,595,0.0897,0.0076,2.44,46.11,4.74
2723063100,P1,교육,11,1915.3,0.0,280.7,7.5,3.1,대구광역시 북구 산격4동,27230,북구,0.7157,6961,9726.1,108.48,0.2248,0.2732,0.4356,368,0,0.0,6,595,0.0299,0.0016,0.505,15.37,1.58
2723063100,Q1,보건의료,1,2690.1,0.0,572.0,12.0,11.0,대구광역시 북구 산격4동,27230,북구,0.7157,6961,9726.1,108.48,0.2248,0.2732,0.4356,368,0,0.0,6,595,0.0027,0.0007,0.21,1.4,0.14
2723063100,R1,예술·스포츠,10,2142.6,0.0,243.1,9.0,6.5,대구광역시 북구 산격4동,27230,북구,0.7157,6961,9726.1,108.48,0.2248,0.2732,0.4356,368,0,0.0,6,595,0.0272,0.002,0.63,13.97,1.44
2723063100,S2,수리·개인,54,2146.6,0.0,289.4,29.4,9.7,대구광역시 북구 산격4동,27230,북구,0.7157,6961,9726.1,108.48,0.2248,0.2732,0.4356,368,0,0.0,6,595,0.1467,0.0033,1.06,75.45,7.76
2723064500,G2,소매,171,830.1,0.1228,282.6,74.5,8.5,대구광역시 북구 대현동,27230,북구,0.855,15618,18266.7,102.2,0.2704,0.2728,0.3611,801,0,0.0,23,786,0.2135,0.0056,0.828,200.0,10.95
2723064500,I1,숙박,17,1062.2,0.0588,137.8,5.2,3.9,대구광역시 북구 대현동,27230,북구,0.855,15618,18266.7,102.2,0.2704,0.2728,0.3611,801,0,0.0,23,786,0.0212,0.0146,2.164,19.88,1.09
2723064500,I2,음식,317,893.4,0.1199,228.8,108.4,26.9,대구광역시 북구 대현동,27230,북구,0.855,15618,18266.7,102.2,0.2704,0.2728,0.3611,801,0,0.0,23,786,0.3958,0.0083,1.233,370.76,20.3
2723064500,L1,부동산,37,878.5,0.2432,215.8,14.0,14.0,대구광역시 북구 대현동,27230,북구,0.855,15618,18266.7,102.2,0.2704,0.2728,0.3611,801,0,0.0,23,786,0.0462,0.0089,1.312,43.27,2.37
2723064500,M1,과학·기술,46,930.7,0.1304,265.3,16.8,2.8,대구광역시 북구 대현동,27230,북구,0.855,15618,18266.7,102.2,0.2704,0.2728,0.3611,801,0,0.0,23,786,0.0574,0.0045,0.668,53.8,2.95
2723064500,N1,시설관리·임대,43,1065.0,0.0465,192.2,13.4,3.5,대구광역시 북구 대현동,27230,북구,0.855,15618,18266.7,102.2,0.2704,0.2728,0.3611,801,0,0.0,23,786,0.0537,0.0099,1.461,50.29,2.75
2723064500,P1,교육,24,877.3,0.25,202.8,7.3,3.2,대구광역시 북구 대현동,27230,북구,0.855,15618,18266.7,102.2,0.2704,0.2728,0.3611,801,0,0.0,23,786,0.03,0.0034,0.507,28.07,1.54
2723064500,Q1,보건의료,6,621.4,0.3333,378.2,3.0,1.2,대구광역시 북구 대현동,27230,북구,0.855,15618,18266.7,102.2,0.2704,0.2728,0.3611,801,0,0.0,23,786,0.0075,0.0039,0.579,7.02,0.38
2723064500,R1,예술·스포츠,36,856.1,0.1389,226.0,13.9,5.5,대구광역시 북구 대현동,27230,북구,0.855,15618,18266.7,102.2,0.2704,0.2728,0.3611,801,0,0.0,23,786,0.0449,0.0071,1.042,42.11,2.31
2723064500,S2,수리·개인,104,811.8,0.2308,236.0,33.6,16.1,대구광역시 북구 대현동,27230,북구,0.855,15618,18266.7,102.2,0.2704,0.2728,0.3611,801,0,0.0,23,786,0.1298,0.0063,0.938,121.64,6.66
2723067100,G2,소매,85,1653.8,0.0,308.9,56.1,8.2,대구광역시 북구 복현1동,27230,북구,0.3619,7131,19704.3,129.74,0.4996,0.2112,0.2343,495,0,0.0,10,333,0.1717,0.0028,0.666,234.87,11.92
2723067100,I1,숙박,26,1789.9,0.0,335.7,11.9,8.3,대구광역시 북구 복현1동,27230,북구,0.3619,7131,19704.3,129.74,0.4996,0.2112,0.2343,495,0,0.0,10,333,0.0525,0.0224,5.355,71.84,3.65
2723067100,I2,음식,235,1752.7,0.0,319.7,144.3,41.8,대구광역시 북구 복현1동,27230,북구,0.3619,7131,19704.3,129.74,0.4996,0.2112,0.2343,495,0,0.0,10,333,0.4747,0.0062,1.48,649.35,32.95
2723067100,L1,부동산,15,1763.7,0.0,231.5,10.4,10.4,대구광역시 북구 복현1동,27230,북구,0.3619,7131,19704.3,129.74,0.4996,0.2112,0.2343,495,0,0.0,10,333,0.0303,0.0036,0.861,41.45,2.1
2723067100,M1,과학·기술,19,1642.3,0.0,285.8,15.1,2.5,대구광역시 북구 복현1동,27230,북구,0.3619,7131,19704.3,129.74,0.4996,0.2112,0.2343,495,0,0.0,10,333,0.0384,0.0019,0.447,52.5,2.66
2723067100,N1,시설관리·임대,12,1623.9,0.0,236.7,6.6,3.2,대구광역시 북구 복현1동,27230,북구,0.3619,7131,19704.3,129.74,0.4996,0.2112,0.2343,495,0,0.0,10,333,0.0242,0.0028,0.66,33.16,1.68
2723067100,P1,교육,10,1693.1,0.0,225.6,14.1,5.9,대구광역시 북구 복현1동,27230,북구,0.3619,7131,19704.3,129.74,0.4996,0.2112,0.2343,495,0,0.0,10,333,0.0202,0.0014,0.342,27.63,1.4
2723067100,Q1,보건의료,8,1703.7,0.0,300.0,6.2,3.0,대구광역시 북구 복현1동,27230,북구,0.3619,7131,19704.3,129.74,0.4996,0.2112,0.2343,495,0,0.0,10,333,0.0162,0.0052,1.25,22.11,1.12
2723067100,R1,예술·스포츠,35,1712.8,0.0,365.1,22.7,8.9,대구광역시 북구 복현1동,27230,북구,0.3619,7131,19704.3,129.74,0.4996,0.2112,0.2343,495,0,0.0,10,333,0.0707,0.0069,1.64,96.71,4.91
2723067100,S2,수리·개인,50,1639.4,0.0,306.9,41.0,19.9,대구광역시 북구 복현1동,27230,북구,0.3619,7131,19704.3,129.74,0.4996,0.2112,0.2343,495,0,0.0,10,333,0.101,0.0031,0.73,138.16,7.01
2723067200,G2,소매,127,1688.4,0.0,342.5,40.0,5.3,대구광역시 북구 복현2동,27230,북구,1.8078,28733,15893.9,97.75,0.2564,0.3101,0.2724,649,0,0.0,39,1348,0.1957,0.0042,0.759,70.25,4.42
2723067200,I1,숙박,3,1517.6,0.0,432.0,8.0,2.7,대구광역시 북구 복현2동,27230,북구,1.8078,28733,15893.9,97.75,0.2564,0.3101,0.2724,649,0,0.0,39,1348,0.0046,0.0026,0.471,1.66,0.1
2723067200,I2,음식,192,1584.2,0.0,373.4,87.2,23.4,대구광역시 북구 복현2동,27230,북구,1.8078,28733,15893.9,97.75,0.2564,0.3101,0.2724,649,0,0.0,39,1348,0.2958,0.0051,0.922,106.21,6.68
2723067200,L1,부동산,31,1627.5,0.0,356.9,7.2,7.2,대구광역시 북구 복현2동,27230,북구,1.8078,28733,15893.9,97.75,0.2564,0.3101,0.2724,649,0,0.0,39,1348,0.0478,0.0074,1.357,17.15,1.08
2723067200,M1,과학·기술,48,1552.2,0.0,361.7,13.5,2.8,대구광역시 북구 복현2동,27230,북구,1.8078,28733,15893.9,97.75,0.2564,0.3101,0.2724,649,0,0.0,39,1348,0.074,0.0047,0.86,26.55,1.67
2723067200,N1,시설관리·임대,13,1500.7,0.0,436.6,3.9,0.7,대구광역시 북구 복현2동,27230,북구,1.8078,28733,15893.9,97.75,0.2564,0.3101,0.2724,649,0,0.0,39,1348,0.02,0.003,0.545,7.19,0.45
2723067200,P1,교육,76,1654.5,0.0,313.8,15.4,9.4,대구광역시 북구 복현2동,27230,북구,1.8078,28733,15893.9,97.75,0.2564,0.3101,0.2724,649,0,0.0,39,1348,0.1171,0.0109,1.98,42.04,2.65
2723067200,Q1,보건의료,4,1302.4,0.0,505.8,4.5,2.5,대구광역시 북구 복현2동,27230,북구,1.8078,28733,15893.9,97.75,0.2564,0.3101,0.2724,649,0,0.0,39,1348,0.0062,0.0026,0.477,2.21,0.14
2723067200,R1,예술·스포츠,49,1713.2,0.0,330.5,16.5,5.0,대구광역시 북구 복현2동,27230,북구,1.8078,28733,15893.9,97.75,0.2564,0.3101,0.2724,649,0,0.0,39,1348,0.0755,0.0096,1.751,27.1,1.71
2723067200,S2,수리·개인,106,1594.2,0.0,357.2,30.9,16.1,대구광역시 북구 복현2동,27230,북구,1.8078,28733,15893.9,97.75,0.2564,0.3101,0.2724,649,0,0.0,39,1348,0.1633,0.0065,1.18,58.63,3.69
2723068000,G2,소매,49,2671.9,0.0,272.4,16.7,2.2,대구광역시 북구 검단동,27230,북구,3.7681,5414,1436.8,93.84,0.172,0.2782,0.4786,190,0,0.0,6,574,0.2579,0.0016,1.0,13.0,9.05
2723068000,I2,음식,60,2652.9,0.0,201.9,16.4,4.9,대구광역시 북구 검단동,27230,북구,3.7681,5414,1436.8,93.84,0.172,0.2782,0.4786,190,0,0.0,6,574,0.3158,0.0016,0.984,15.92,11.08
2723068000,L1,부동산,6,2699.5,0.0,228.8,1.7,1.7,대구광역시 북구 검단동,27230,북구,3.7681,5414,1436.8,93.84,0.172,0.2782,0.4786,190,0,0.0,6,574,0.0316,0.0014,0.897,1.59,1.11
2723068000,M1,과학·기술,18,2723.1,0.0,113.9,3.2,0.6,대구광역시 북구 검단동,27230,북구,3.7681,5414,1436.8,93.84,0.172,0.2782,0.4786,190,0,0.0,6,574,0.0947,0.0018,1.102,4.78,3.32
2723068000,N1,시설관리·임대,14,2595.7,0.0,86.8,5.5,0.9,대구광역시 북구 검단동,27230,북구,3.7681,5414,1436.8,93.84,0.172,0.2782,0.4786,190,0,0.0,6,574,0.0737,0.0032,2.005,3.72,2.59
2723068000,P1,교육,6,2524.4,0.0,288.5,2.3,0.8,대구광역시 북구 검단동,27230,북구,3.7681,5414,1436.8,93.84,0.172,0.2782,0.4786,190,0,0.0,6,574,0.0316,0.0009,0.534,1.59,1.11
2723068000,Q1,보건의료,1,2343.0,0.0,178.0,0.0,0.0,대구광역시 북구 검단동,27230,북구,3.7681,5414,1436.8,93.84,0.172,0.2782,0.4786,190,0,0.0,6,574,0.0053,0.0007,0.407,0.27,0.18
2723068000,R1,예술·스포츠,2,2525.8,0.0,425.5,0.0,0.0,대구광역시 북구 검단동,27230,북구,3.7681,5414,1436.8,93.84,0.172,0.2782,0.4786,190,0,0.0,6,574,0.0105,0.0004,0.244,0.53,0.37
2723068000,S2,수리·개인,34,2676.0,0.0,199.4,9.3,2.5,대구광역시 북구 검단동,27230,북구,3.7681,5414,1436.8,93.84,0.172,0.2782,0.4786,190,0,0.0,6,574,0.1789,0.0021,1.293,9.02,6.28
2723069500,G2,소매,264,3772.2,0.0,205.4,42.1,5.1,대구광역시 북구 무태조야동,27230,북구,22.8763,32499,1420.6,104.29,0.1956,0.371,0.2756,1211,0,0.0,48,1749,0.218,0.0087,0.846,11.54,8.12
2723069500,I1,숙박,3,3291.5,0.0,124.0,0.7,0.7,대구광역시 북구 무태조야동,27230,북구,22.8763,32499,1420.6,104.29,0.1956,0.371,0.2756,1211,0,0.0,48,1749,0.0025,0.0026,0.253,0.13,0.09
2723069500,I2,음식,385,3927.1,0.0,229.1,67.7,19.7,대구광역시 북구 무태조야동,27230,북구,22.8763,32499,1420.6,104.29,0.1956,0.371,0.2756,1211,0,0.0,48,1749,0.3179,0.0101,0.991,16.83,11.85
2723069500,L1,부동산,43,3920.2,0.0,320.9,9.2,9.2,대구광역시 북구 무태조야동,27230,북구,22.8763,32499,1420.6,104.29,0.1956,0.371,0.2756,1211,0,0.0,48,1749,0.0355,0.0103,1.009,1.88,1.32
2723069500,M1,과학·기술,117,3768.5,0.0,212.7,20.6,5.1,대구광역시 북구 무태조야동,27230,북구,22.8763,32499,1420.6,104.29,0.1956,0.371,0.2756,1211,0,0.0,48,1749,0.0966,0.0115,1.124,5.11,3.6
2723069500,N1,시설관리·임대,34,3690.4,0.0,211.8,4.4,0.8,대구광역시 북구 무태조야동,27230,북구,22.8763,32499,1420.6,104.29,0.1956,0.371,0.2756,1211,0,0.0,48,1749,0.0281,0.0078,0.764,1.49,1.05
2723069500,P1,교육,98,4275.7,0.0,372.1,25.1,11.4,대구광역시 북구 무태조야동,27230,북구,22.8763,32499,1420.6,104.29,0.1956,0.371,0.2756,1211,0,0.0,48,1749,0.0809,0.014,1.368,4.28,3.02
2723069500,Q1,보건의료,13,4599.7,0.0,572.6,7.8,3.2,대구광역시 북구 무태조야동,27230,북구,22.8763,32499,1420.6,104.29,0.1956,0.371,0.2756,1211,0,0.0,48,1749,0.0107,0.0085,0.83,0.57,0.4
2723069500,R1,예술·스포츠,85,3993.8,0.0,263.2,21.4,9.9,대구광역시 북구 무태조야동,27230,북구,22.8763,32499,1420.6,104.29,0.1956,0.371,0.2756,1211,0,0.0,48,1749,0.0702,0.0167,1.628,3.72,2.62
2723069500,S2,수리·개인,169,3886.2,0.0,212.8,26.3,11.6,대구광역시 북구 무태조야동,27230,북구,22.8763,32499,1420.6,104.29,0.1956,0.371,0.2756,1211,0,0.0,48,1749,0.1396,0.0103,1.008,7.39,5.2
2723071500,G2,소매,215,1637.7,0.3209,185.7,23.3,3.2,대구광역시 북구 관문동,27230,북구,14.8231,31975,2157.1,97.98,0.1976,0.3483,0.2723,809,3,7033.3,64,2576,0.2658,0.007,1.031,14.5,6.72
2723071500,I1,숙박,5,2101.1,0.0,380.8,4.0,4.0,대구광역시 북구 관문동,27230,북구,14.8231,31975,2157.1,97.98,0.1976,0.3483,0.2723,809,3,7033.3,64,2576,0.0062,0.0043,0.63,0.34,0.16
2723071500,I2,음식,260,1641.1,0.3692,231.0,52.3,15.9,대구광역시 북구 관문동,27230,북구,14.8231,31975,2157.1,97.98,0.1976,0.3483,0.2723,809,3,7033.3,64,2576,0.3214,0.0068,1.002,17.54,8.13
2723071500,L1,부동산,30,1658.2,0.3333,190.1,3.4,3.4,대구광역시 북구 관문동,27230,북구,14.8231,31975,2157.1,97.98,0.1976,0.3483,0.2723,809,3,7033.3,64,2576,0.0371,0.0072,1.054,2.02,0.94
2723071500,M1,과학·기술,49,1867.8,0.2245,170.6,7.9,1.5,대구광역시 북구 관문동,27230,북구,14.8231,31975,2157.1,97.98,0.1976,0.3483,0.2723,809,3,7033.3,64,2576,0.0606,0.0048,0.705,3.31,1.53
2723071500,N1,시설관리·임대,25,1434.3,0.32,178.4,3.2,0.7,대구광역시 북구 관문동,27230,북구,14.8231,31975,2157.1,97.98,0.1976,0.3483,0.2723,809,3,7033.3,64,2576,0.0309,0.0057,0.841,1.69,0.78
2723071500,P1,교육,69,2200.7,0.2319,193.2,17.7,8.1,대구광역시 북구 관문동,27230,북구,14.8231,31975,2157.1,97.98,0.1976,0.3483,0.2723,809,3,7033.3,64,2576,0.0853,0.0099,1.442,4.65,2.16
2723071500,Q1,보건의료,2,2933.0,0.0,318.0,1.0,1.0,대구광역시 북구 관문동,27230,북구,14.8231,31975,2157.1,97.98,0.1976,0.3483,0.2723,809,3,7033.3,64,2576,0.0025,0.0013,0.191,0.13,0.06
2723071500,R1,예술·스포츠,35,1579.6,0.4286,223.8,6.1,3.1,대구광역시 북구 관문동,27230,북구,14.8231,31975,2157.1,97.98,0.1976,0.3483,0.2723,809,3,7033.3,64,2576,0.0433,0.0069,1.003,2.36,1.09
2723071500,S2,수리·개인,119,1391.7,0.4874,202.5,17.8,9.6,대구광역시 북구 관문동,27230,북구,14.8231,31975,2157.1,97.98,0.1976,0.3483,0.2723,809,3,7033.3,64,2576,0.1471,0.0073,1.063,8.03,3.72
2723072500,G2,소매,177,624.3,0.3164,344.4,59.6,9.8,대구광역시 북구 태전1동,27230,북구,2.5135,21074,8384.3,99.07,0.2694,0.295,0.3275,814,1,3814.3,23,1588,0.2174,0.0058,0.843,70.42,8.4
2723072500,I1,숙박,6,767.2,0.0,459.8,2.8,2.8,대구광역시 북구 태전1동,27230,북구,2.5135,21074,8384.3,99.07,0.2694,0.295,0.3275,814,1,3814.3,23,1588,0.0074,0.0052,0.751,2.39,0.28
2723072500,I2,음식,286,626.8,0.2413,359.2,106.8,28.4,대구광역시 북구 태전1동,27230,북구,2.5135,21074,8384.3,99.07,0.2694,0.295,0.3275,814,1,3814.3,23,1588,0.3514,0.0075,1.095,113.79,13.57
2723072500,L1,부동산,33,685.7,0.2424,254.8,8.8,8.8,대구광역시 북구 태전1동,27230,북구,2.5135,21074,8384.3,99.07,0.2694,0.295,0.3275,814,1,3814.3,23,1588,0.0405,0.0079,1.152,13.13,1.57
2723072500,M1,과학·기술,42,612.9,0.3571,275.3,10.9,2.7,대구광역시 북구 태전1동,27230,북구,2.5135,21074,8384.3,99.07,0.2694,0.295,0.3275,814,1,3814.3,23,1588,0.0516,0.0041,0.6,16.71,1.99
2723072500,N1,시설관리·임대,26,618.8,0.3846,341.8,5.4,1.2,대구광역시 북구 태전1동,27230,북구,2.5135,21074,8384.3,99.07,0.2694,0.295,0.3275,814,1,3814.3,23,1588,0.0319,0.006,0.869,10.34,1.23
2723072500,P1,교육,18,696.5,0.2778,367.4,5.2,3.6,대구광역시 북구 태전1동,27230,북구,2.5135,21074,8384.3,99.07,0.2694,0.295,0.3275,814,1,3814.3,23,1588,0.0221,0.0026,0.374,7.16,0.85
2723072500,Q1,보건의료,8,742.7,0.125,945.2,7.9,6.5,대구광역시 북구 태전1동,27230,북구,2.5135,21074,8384.3,99.07,0.2694,0.295,0.3275,814,1,3814.3,23,1588,0.0098,0.0052,0.76,3.18,0.38
2723072500,R1,예술·스포츠,50,605.9,0.24,260.6,21.4,12.6,대구광역시 북구 태전1동,27230,북구,2.5135,21074,8384.3,99.07,0.2694,0.295,0.3275,814,1,3814.3,23,1588,0.0614,0.0098,1.424,19.89,2.37
2723072500,S2,수리·개인,168,640.7,0.3393,262.5,44.4,18.9,대구광역시 북구 태전1동,27230,북구,2.5135,21074,8384.3,99.07,0.2694,0.295,0.3275,814,1,3814.3,23,1588,0.2064,0.0103,1.491,66.84,7.97
2723073500,G2,소매,265,438.3,0.7094,481.8,72.8,11.2,대구광역시 북구 태전2동,27230,북구,2.0691,21610,10444.2,94.02,0.227,0.3117,0.3363,961,1,3795.2,51,2036,0.2758,0.0087,1.07,128.08,12.26
2723073500,I1,숙박,6,382.7,1.0,596.0,2.3,2.3,대구광역시 북구 태전2동,27230,북구,2.0691,21610,10444.2,94.02,0.227,0.3117,0.3363,961,1,3795.2,51,2036,0.0062,0.0052,0.636,2.9,0.28
2723073500,I2,음식,294,392.6,0.8537,439.1,84.0,25.2,대구광역시 북구 태전2동,27230,북구,2.0691,21610,10444.2,94.02,0.227,0.3117,0.3363,961,1,3795.2,51,2036,0.3059,0.0077,0.953,142.09,13.6
2723073500,L1,부동산,31,384.8,0.871,450.3,8.2,8.2,대구광역시 북구 태전2동,27230,북구,2.0691,21610,10444.2,94.02,0.227,0.3117,0.3363,961,1,3795.2,51,2036,0.0323,0.0074,0.916,14.98,1.43
2723073500,M1,과학·기술,62,424.6,0.8065,433.9,13.0,2.0,대구광역시 북구 태전2동,27230,북구,2.0691,21610,10444.2,94.02,0.227,0.3117,0.3363,961,1,3795.2,51,2036,0.0645,0.0061,0.751,29.96,2.87
2723073500,N1,시설관리·임대,33,426.0,0.6667,464.8,6.7,1.2,대구광역시 북구 태전2동,27230,북구,2.0691,21610,10444.2,94.02,0.227,0.3117,0.3363,961,1,3795.2,51,2036,0.0343,0.0076,0.934,15.95,1.53
2723073500,P1,교육,49,393.8,0.7959,495.2,9.3,5.7,대구광역시 북구 태전2동,27230,북구,2.0691,21610,10444.2,94.02,0.227,0.3117,0.3363,961,1,3795.2,51,2036,0.051,0.007,0.862,23.68,2.27
2723073500,Q1,보건의료,9,535.9,0.4444,867.6,6.1,4.3,대구광역시 북구 태전2동,27230,북구,2.0691,21610,10444.2,94.02,0.227,0.3117,0.3363,961,1,3795.2,51,2036,0.0094,0.0059,0.724,4.35,0.42
2723073500,R1,예술·스포츠,46,401.9,0.7609,552.6,13.1,5.9,대구광역시 북구 태전2동,27230,북구,2.0691,21610,10444.2,94.02,0.227,0.3117,0.3363,961,1,3795.2,51,2036,0.0479,0.009,1.11,22.23,2.13
2723073500,S2,수리·개인,166,410.3,0.7771,467.4,39.2,15.3,대구광역시 북구 태전2동,27230,북구,2.0691,21610,10444.2,94.02,0.227,0.3117,0.3363,961,1,3795.2,51,2036,0.1727,0.0101,1.248,80.23,7.68
2723074500,G2,소매,217,382.9,0.6866,372.3,46.4,8.3,대구광역시 북구 구암동,27230,북구,4.1947,30230,7206.7,94.31,0.215,0.3631,0.269,1035,3,15065.5,41,2117,0.2097,0.0071,0.813,51.73,7.18
2723074500,I2,음식,390,351.4,0.7333,356.5,83.9,26.4,대구광역시 북구 구암동,27230,북구,4.1947,30230,7206.7,94.31,0.215,0.3631,0.269,1035,3,15065.5,41,2117,0.3768,0.0103,1.174,92.97,12.9
2723074500,L1,부동산,39,284.0,0.9487,533.1,7.4,7.4,대구광역시 북구 구암동,27230,북구,4.1947,30230,7206.7,94.31,0.215,0.3631,0.269,1035,3,15065.5,41,2117,0.0377,0.0094,1.071,9.3,1.29
2723074500,M1,과학·기술,62,304.3,0.8387,316.8,11.5,1.9,대구광역시 북구 구암동,27230,북구,4.1947,30230,7206.7,94.31,0.215,0.3631,0.269,1035,3,15065.5,41,2117,0.0599,0.0061,0.697,14.78,2.05
2723074500,N1,시설관리·임대,36,288.4,0.8611,186.7,8.0,2.1,대구광역시 북구 구암동,27230,북구,4.1947,30230,7206.7,94.31,0.215,0.3631,0.269,1035,3,15065.5,41,2117,0.0348,0.0083,0.946,8.58,1.19
2723074500,P1,교육,54,376.0,0.6852,707.0,29.3,14.5,대구광역시 북구 구암동,27230,북구,4.1947,30230,7206.7,94.31,0.215,0.3631,0.269,1035,3,15065.5,41,2117,0.0522,0.0077,0.882,12.87,1.79
2723074500,Q1,보건의료,10,291.9,0.9,1375.7,21.8,17.2,대구광역시 북구 구암동,27230,북구,4.1947,30230,7206.7,94.31,0.215,0.3631,0.269,1035,3,15065.5,41,2117,0.0097,0.0065,0.747,2.38,0.33
2723074500,R1,예술·스포츠,53,419.7,0.6038,663.4,23.4,8.9,대구광역시 북구 구암동,27230,북구,4.1947,30230,7206.7,94.31,0.215,0.3631,0.269,1035,3,15065.5,41,2117,0.0512,0.0104,1.187,12.63,1.75
2723074500,S2,수리·개인,174,319.0,0.7931,366.8,35.6,14.4,대구광역시 북구 구암동,27230,북구,4.1947,30230,7206.7,94.31,0.215,0.3631,0.269,1035,3,15065.5,41,2117,0.1681,0.0106,1.215,41.48,5.76
2723075000,G2,소매,146,1481.8,0.0,343.0,51.9,6.0,대구광역시 북구 관음동,27230,북구,3.0672,13689,4463.0,100.81,0.1969,0.3124,0.3931,584,0,0.0,23,1198,0.25,0.0048,0.97,47.6,10.67
2723075000,I1,숙박,6,1157.9,0.0,1498.2,4.2,4.2,대구광역시 북구 관음동,27230,북구,3.0672,13689,4463.0,100.81,0.1969,0.3124,0.3931,584,0,0.0,23,1198,0.0103,0.0052,1.047,1.96,0.44
2723075000,I2,음식,181,1429.6,0.0,457.0,71.3,22.6,대구광역시 북구 관음동,27230,북구,3.0672,13689,4463.0,100.81,0.1969,0.3124,0.3931,584,0,0.0,23,1198,0.3099,0.0048,0.966,59.01,13.22
2723075000,L1,부동산,13,1535.3,0.0,203.5,2.8,2.8,대구광역시 북구 관음동,27230,북구,3.0672,13689,4463.0,100.81,0.1969,0.3124,0.3931,584,0,0.0,23,1198,0.0223,0.0031,0.632,4.24,0.95
2723075000,M1,과학·기술,31,1535.0,0.0,287.9,8.8,1.5,대구광역시 북구 관음동,27230,북구,3.0672,13689,4463.0,100.81,0.1969,0.3124,0.3931,584,0,0.0,23,1198,0.0531,0.003,0.618,10.11,2.26
2723075000,N1,시설관리·임대,23,1595.1,0.0,180.0,6.6,2.0,대구광역시 북구 관음동,27230,북구,3.0672,13689,4463.0,100.81,0.1969,0.3124,0.3931,584,0,0.0,23,1198,0.0394,0.0053,1.072,7.5,1.68
2723075000,P1,교육,25,1371.8,0.0,482.3,6.6,4.6,대구광역시 북구 관음동,27230,북구,3.0672,13689,4463.0,100.81,0.1969,0.3124,0.3931,584,0,0.0,23,1198,0.0428,0.0036,0.724,8.15,1.83
2723075000,Q1,보건의료,5,1288.3,0.0,706.4,4.4,3.4,대구광역시 북구 관음동,27230,북구,3.0672,13689,4463.0,100.81,0.1969,0.3124,0.3931,584,0,0.0,23,1198,0.0086,0.0033,0.662,1.63,0.37
2723075000,R1,예술·스포츠,31,1343.7,0.0,572.4,9.9,4.3,대구광역시 북구 관음동,27230,북구,3.0672,13689,4463.0,100.81,0.1969,0.3124,0.3931,584,0,0.0,23,1198,0.0531,0.0061,1.231,10.11,2.26
2723075000,S2,수리·개인,123,1537.3,0.0,225.9,44.6,18.4,대구광역시 북구 관음동,27230,북구,3.0672,13689,4463.0,100.81,0.1969,0.3124,0.3931,584,0,0.0,23,1198,0.2106,0.0075,1.522,40.1,8.99
2723077000,G2,소매,279,975.9,0.0,820.8,84.6,21.9,대구광역시 북구 읍내동,27230,북구,5.6904,24576,4318.9,98.4,0.2349,0.3115,0.3297,991,0,0.0,37,1572,0.2815,0.0091,1.092,49.03,11.35
2723077000,I2,음식,322,963.0,0.0,592.2,76.8,23.2,대구광역시 북구 읍내동,27230,북구,5.6904,24576,4318.9,98.4,0.2349,0.3115,0.3297,991,0,0.0,37,1572,0.3249,0.0085,1.013,56.59,13.1
2723077000,L1,부동산,38,975.6,0.0,341.3,8.2,8.2,대구광역시 북구 읍내동,27230,북구,5.6904,24576,4318.9,98.4,0.2349,0.3115,0.3297,991,0,0.0,37,1572,0.0383,0.0091,1.089,6.68,1.55
2723077000,M1,과학·기술,58,1062.7,0.0,338.5,10.7,1.3,대구광역시 북구 읍내동,27230,북구,5.6904,24576,4318.9,98.4,0.2349,0.3115,0.3297,991,0,0.0,37,1572,0.0585,0.0057,0.681,10.19,2.36
2723077000,N1,시설관리·임대,31,1039.8,0.0,448.9,6.2,1.1,대구광역시 북구 읍내동,27230,북구,5.6904,24576,4318.9,98.4,0.2349,0.3115,0.3297,991,0,0.0,37,1572,0.0313,0.0071,0.851,5.45,1.26
2723077000,P1,교육,33,949.2,0.0,360.2,7.0,3.4,대구광역시 북구 읍내동,27230,북구,5.6904,24576,4318.9,98.4,0.2349,0.3115,0.3297,991,0,0.0,37,1572,0.0333,0.0047,0.563,5.8,1.34
2723077000,Q1,보건의료,13,1081.6,0.0,812.7,4.6,2.9,대구광역시 북구 읍내동,27230,북구,5.6904,24576,4318.9,98.4,0.2349,0.3115,0.3297,991,0,0.0,37,1572,0.0131,0.0085,1.015,2.28,0.53
2723077000,R1,예술·스포츠,29,972.3,0.0,624.7,9.1,3.9,대구광역시 북구 읍내동,27230,북구,5.6904,24576,4318.9,98.4,0.2349,0.3115,0.3297,991,0,0.0,37,1572,0.0293,0.0057,0.679,5.1,1.18
2723077000,S2,수리·개인,188,965.4,0.0,475.8,35.0,16.7,대구광역시 북구 읍내동,27230,북구,5.6904,24576,4318.9,98.4,0.2349,0.3115,0.3297,991,0,0.0,37,1572,0.1897,0.0115,1.371,33.04,7.65
2723078000,G2,소매,296,461.9,0.6081,1465.5,96.0,17.3,대구광역시 북구 동천동,27230,북구,1.0632,24635,23170.6,92.19,0.2289,0.3778,0.2252,1429,1,8538.0,118,4100,0.2071,0.0097,0.803,278.4,12.02
2723078000,I1,숙박,12,379.3,0.75,2167.6,6.2,6.2,대구광역시 북구 동천동,27230,북구,1.0632,24635,23170.6,92.19,0.2289,0.3778,0.2252,1429,1,8538.0,118,4100,0.0084,0.0103,0.856,11.29,0.49
2723078000,I2,음식,548,422.5,0.6971,1523.8,215.8,52.1,대구광역시 북구 동천동,27230,북구,1.0632,24635,23170.6,92.19,0.2289,0.3778,0.2252,1429,1,8538.0,118,4100,0.3835,0.0144,1.195,515.43,22.24
2723078000,L1,부동산,24,450.8,0.5417,955.8,8.1,8.1,대구광역시 북구 동천동,27230,북구,1.0632,24635,23170.6,92.19,0.2289,0.3778,0.2252,1429,1,8538.0,118,4100,0.0168,0.0058,0.477,22.57,0.97
2723078000,M1,과학·기술,47,528.2,0.3191,1820.3,22.7,4.6,대구광역시 북구 동천동,27230,북구,1.0632,24635,23170.6,92.19,0.2289,0.3778,0.2252,1429,1,8538.0,118,4100,0.0329,0.0046,0.383,44.21,1.91
2723078000,N1,시설관리·임대,25,530.6,0.44,1501.8,9.4,1.6,대구광역시 북구 동천동,27230,북구,1.0632,24635,23170.6,92.19,0.2289,0.3778,0.2252,1429,1,8538.0,118,4100,0.0175,0.0057,0.476,23.51,1.01
2723078000,P1,교육,143,393.4,0.7972,1453.8,56.2,28.4,대구광역시 북구 동천동,27230,북구,1.0632,24635,23170.6,92.19,0.2289,0.3778,0.2252,1429,1,8538.0,118,4100,0.1001,0.0204,1.692,134.5,5.8
2723078000,Q1,보건의료,39,389.2,0.6923,1942.4,21.0,15.9,대구광역시 북구 동천동,27230,북구,1.0632,24635,23170.6,92.19,0.2289,0.3778,0.2252,1429,1,8538.0,118,4100,0.0273,0.0255,2.111,36.68,1.58
2723078000,R1,예술·스포츠,128,403.2,0.8203,1849.9,68.7,26.5,대구광역시 북구 동천동,27230,북구,1.0632,24635,23170.6,92.19,0.2289,0.3778,0.2252,1429,1,8538.0,118,4100,0.0896,0.0251,2.077,120.39,5.2
2723078000,S2,수리·개인,167,418.4,0.6647,1079.7,53.7,31.0,대구광역시 북구 동천동,27230,북구,1.0632,24635,23170.6,92.19,0.2289,0.3778,0.2252,1429,1,8538.0,118,4100,0.1169,0.0102,0.844,157.07,6.78
2723079000,G2,소매,284,611.9,0.5141,259.5,73.6,12.7,대구광역시 북구 노원동,27230,북구,3.0536,10954,3587.2,104.86,0.2061,0.2888,0.4123,1104,0,0.0,44,1224,0.2572,0.0093,0.998,93.0,25.93
2723079000,I1,숙박,9,546.1,0.4444,294.0,5.4,5.4,대구광역시 북구 노원동,27230,북구,3.0536,10954,3587.2,104.86,0.2061,0.2888,0.4123,1104,0,0.0,44,1224,0.0082,0.0078,0.831,2.95,0.82
2723079000,I2,음식,405,691.3,0.2617,264.3,74.1,28.6,대구광역시 북구 노원동,27230,북구,3.0536,10954,3587.2,104.86,0.2061,0.2888,0.4123,1104,0,0.0,44,1224,0.3668,0.0107,1.143,132.63,36.97
2723079000,L1,부동산,40,805.8,0.3,154.3,4.4,4.4,대구광역시 북구 노원동,27230,북구,3.0536,10954,3587.2,104.86,0.2061,0.2888,0.4123,1104,0,0.0,44,1224,0.0362,0.0096,1.029,13.1,3.65
2723079000,M1,과학·기술,117,851.8,0.094,397.6,30.1,12.2,대구광역시 북구 노원동,27230,북구,3.0536,10954,3587.2,104.86,0.2061,0.2888,0.4123,1104,0,0.0,44,1224,0.106,0.0115,1.233,38.32,10.68
2723079000,N1,시설관리·임대,41,765.8,0.2195,247.7,5.2,1.5,대구광역시 북구 노원동,27230,북구,3.0536,10954,3587.2,104.86,0.2061,0.2888,0.4123,1104,0,0.0,44,1224,0.0371,0.0094,1.01,13.43,3.74
2723079000,P1,교육,14,690.0,0.3571,263.1,3.4,1.8,대구광역시 북구 노원동,27230,북구,3.0536,10954,3587.2,104.86,0.2061,0.2888,0.4123,1104,0,0.0,44,1224,0.0127,0.002,0.214,4.58,1.28
2723079000,Q1,보건의료,7,515.0,0.4286,230.1,2.9,1.9,대구광역시 북구 노원동,27230,북구,3.0536,10954,3587.2,104.86,0.2061,0.2888,0.4123,1104,0,0.0,44,1224,0.0063,0.0046,0.49,2.29,0.64
2723079000,R1,예술·스포츠,32,656.0,0.3438,308.3,8.9,4.1,대구광역시 북구 노원동,27230,북구,3.0536,10954,3587.2,104.86,0.2061,0.2888,0.4123,1104,0,0.0,44,1224,0.029,0.0063,0.672,10.48,2.92
2723079000,S2,수리·개인,155,704.8,0.3032,211.6,20.1,9.8,대구광역시 북구 노원동,27230,북구,3.0536,10954,3587.2,104.86,0.2061,0.2888,0.4123,1104,0,0.0,44,1224,0.1404,0.0095,1.014,50.76,14.15
2723080000,G2,소매,207,814.1,0.4058,244.2,35.6,4.5,대구광역시 북구 국우동,27230,북구,16.9087,29112,1721.7,97.81,0.2575,0.3578,0.2137,942,2,3118.2,41,2431,0.2197,0.0068,0.852,12.24,7.11
2723080000,I2,음식,333,723.5,0.4685,330.5,63.2,21.2,대구광역시 북구 국우동,27230,북구,16.9087,29112,1721.7,97.81,0.2575,0.3578,0.2137,942,2,3118.2,41,2431,0.3535,0.0088,1.102,19.69,11.44
2723080000,L1,부동산,32,665.3,0.5938,269.2,7.1,7.1,대구광역시 북구 국우동,27230,북구,16.9087,29112,1721.7,97.81,0.2575,0.3578,0.2137,942,2,3118.2,41,2431,0.034,0.0077,0.965,1.89,1.1
2723080000,M1,과학·기술,52,618.6,0.4231,305.9,9.5,1.8,대구광역시 북구 국우동,27230,북구,16.9087,29112,1721.7,97.81,0.2575,0.3578,0.2137,942,2,3118.2,41,2431,0.0552,0.0051,0.642,3.08,1.79
2723080000,N1,시설관리·임대,27,916.8,0.3704,168.9,2.5,0.9,대구광역시 북구 국우동,27230,북구,16.9087,29112,1721.7,97.81,0.2575,0.3578,0.2137,942,2,3118.2,41,2431,0.0287,0.0062,0.78,1.6,0.93
2723080000,P1,교육,84,948.4,0.4881,223.2,18.9,10.5,대구광역시 북구 국우동,27230,북구,16.9087,29112,1721.7,97.81,0.2575,0.3578,0.2137,942,2,3118.2,41,2431,0.0892,0.012,1.508,4.97,2.89
2723080000,Q1,보건의료,12,1103.4,0.3333,167.1,2.5,2.5,대구광역시 북구 국우동,27230,북구,16.9087,29112,1721.7,97.81,0.2575,0.3578,0.2137,942,2,3118.2,41,2431,0.0127,0.0078,0.985,0.71,0.41
2723080000,R1,예술·스포츠,34,827.8,0.5,225.9,6.0,3.2,대구광역시 북구 국우동,27230,북구,16.9087,29112,1721.7,97.81,0.2575,0.3578,0.2137,942,2,3118.2,41,2431,0.0361,0.0067,0.837,2.01,1.17
2723080000,S2,수리·개인,161,662.3,0.4907,237.7,36.0,18.7,대구광역시 북구 국우동,27230,북구,16.9087,29112,1721.7,97.81,0.2575,0.3578,0.2137,942,2,3118.2,41,2431,0.1709,0.0098,1.235,9.52,5.53
2726051000,G2,소매,152,252.6,1.0,1018.7,53.0,6.3,대구광역시 수성구 범어1동,27260,수성구,1.1852,22679,19135.2,91.87,0.2082,0.3552,0.1938,988,2,19467.9,34,2378,0.1538,0.005,0.597,128.25,6.7
2726051000,I1,숙박,3,218.6,1.0,1101.0,1.0,1.0,대구광역시 수성구 범어1동,27260,수성구,1.1852,22679,19135.2,91.87,0.2082,0.3552,0.1938,988,2,19467.9,34,2378,0.003,0.0026,0.31,2.53,0.13
2726051000,I2,음식,345,227.2,0.9971,1149.6,150.4,38.6,대구광역시 수성구 범어1동,27260,수성구,1.1852,22679,19135.2,91.87,0.2082,0.3552,0.1938,988,2,19467.9,34,2378,0.3492,0.0091,1.088,291.09,15.21
2726051000,L1,부동산,87,255.8,0.9885,827.2,28.2,28.2,대구광역시 수성구 범어1동,27260,수성구,1.1852,22679,19135.2,91.87,0.2082,0.3552,0.1938,988,2,19467.9,34,2378,0.0881,0.0209,2.502,73.41,3.84
2726051000,M1,과학·기술,87,206.4,0.9885,922.9,53.0,8.6,대구광역시 수성구 범어1동,27260,수성구,1.1852,22679,19135.2,91.87,0.2082,0.3552,0.1938,988,2,19467.9,34,2378,0.0881,0.0086,1.024,73.41,3.84
2726051000,N1,시설관리·임대,21,166.3,1.0,877.8,12.8,1.9,대구광역시 수성구 범어1동,27260,수성구,1.1852,22679,19135.2,91.87,0.2082,0.3552,0.1938,988,2,19467.9,34,2378,0.0213,0.0048,0.578,17.72,0.93
2726051000,P1,교육,111,280.8,0.991,1048.5,38.4,17.6,대구광역시 수성구 범어1동,27260,수성구,1.1852,22679,19135.2,91.87,0.2082,0.3552,0.1938,988,2,19467.9,34,2378,0.1123,0.0159,1.899,93.66,4.89
2726051000,Q1,보건의료,37,237.1,1.0,1892.0,27.9,23.9,대구광역시 수성구 범어1동,27260,수성구,1.1852,22679,19135.2,91.87,0.2082,0.3552,0.1938,988,2,19467.9,34,2378,0.0374,0.0242,2.897,31.22,1.63
2726051000,R1,예술·스포츠,47,191.1,1.0,1103.2,20.6,8.6,대구광역시 수성구 범어1동,27260,수성구,1.1852,22679,19135.2,91.87,0.2082,0.3552,0.1938,988,2,19467.9,34,2378,0.0476,0.0092,1.103,39.66,2.07
2726051000,S2,수리·개인,98,269.8,1.0,815.2,32.2,19.6,대구광역시 수성구 범어1동,27260,수성구,1.1852,22679,19135.2,91.87,0.2082,0.3552,0.1938,988,2,19467.9,34,2378,0.0992,0.006,0.717,82.69,4.32
2726052000,G2,소매,148,471.5,0.5608,866.2,54.1,5.7,대구광역시 수성구 범어2동,27260,수성구,1.0094,15345,15202.1,90.22,0.2566,0.3231,0.2396,1094,1,10699.6,42,2861,0.1353,0.0049,0.525,146.62,9.64
2726052000,I1,숙박,1,706.8,0.0,858.0,0.0,0.0,대구광역시 수성구 범어2동,27260,수성구,1.0094,15345,15202.1,90.22,0.2566,0.3231,0.2396,1094,1,10699.6,42,2861,0.0009,0.0009,0.093,0.99,0.07
2726052000,I2,음식,197,429.2,0.6701,900.9,111.0,25.0,대구광역시 수성구 범어2동,27260,수성구,1.0094,15345,15202.1,90.22,0.2566,0.3231,0.2396,1094,1,10699.6,42,2861,0.1801,0.0052,0.561,195.17,12.84
2726052000,L1,부동산,60,526.5,0.3333,1218.4,30.8,30.8,대구광역시 수성구 범어2동,27260,수성구,1.0094,15345,15202.1,90.22,0.2566,0.3231,0.2396,1094,1,10699.6,42,2861,0.0548,0.0144,1.558,59.44,3.91
2726052000,M1,과학·기술,369,545.4,0.4119,1457.9,248.9,143.9,대구광역시 수성구 범어2동,27260,수성구,1.0094,15345,15202.1,90.22,0.2566,0.3231,0.2396,1094,1,10699.6,42,2861,0.3373,0.0363,3.924,365.56,24.05
2726052000,N1,시설관리·임대,35,615.8,0.3143,833.5,13.6,2.9,대구광역시 수성구 범어2동,27260,수성구,1.0094,15345,15202.1,90.22,0.2566,0.3231,0.2396,1094,1,10699.6,42,2861,0.032,0.008,0.87,34.67,2.28
2726052000,P1,교육,133,380.8,0.7669,708.2,108.5,59.1,대구광역시 수성구 범어2동,27260,수성구,1.0094,15345,15202.1,90.22,0.2566,0.3231,0.2396,1094,1,10699.6,42,2861,0.1216,0.019,2.055,131.76,8.67
2726052000,Q1,보건의료,24,268.2,0.875,1657.1,24.7,19.3,대구광역시 수성구 범어2동,27260,수성구,1.0094,15345,15202.1,90.22,0.2566,0.3231,0.2396,1094,1,10699.6,42,2861,0.0219,0.0157,1.697,23.78,1.56
2726052000,R1,예술·스포츠,26,389.8,0.7308,849.3,26.6,8.8,대구광역시 수성구 범어2동,27260,수성구,1.0094,15345,15202.1,90.22,0.2566,0.3231,0.2396,1094,1,10699.6,42,2861,0.0238,0.0051,0.551,25.76,1.69
2726052000,S2,수리·개인,101,509.8,0.4851,612.9,36.4,17.8,대구광역시 수성구 범어2동,27260,수성구,1.0094,15345,15202.1,90.22,0.2566,0.3231,0.2396,1094,1,10699.6,42,2861,0.0923,0.0062,0.667,100.06,6.58
2726053000,G2,소매,119,553.0,0.3613,1043.2,54.4,7.3,대구광역시 수성구 범어3동,27260,수성구,0.5836,17016,29157.0,91.15,0.2403,0.354,0.1715,1155,0,0.0,39,2389,0.103,0.0039,0.4,203.91,6.99
2726053000,I1,숙박,5,334.1,0.8,1417.6,2.2,2.2,대구광역시 수성구 범어3동,27260,수성구,0.5836,17016,29157.0,91.15,0.2403,0.354,0.1715,1155,0,0.0,39,2389,0.0043,0.0043,0.441,8.57,0.29
2726053000,I2,음식,340,500.3,0.5118,1121.0,179.0,39.1,대구광역시 수성구 범어3동,27260,수성구,0.5836,17016,29157.0,91.15,0.2403,0.354,0.1715,1155,0,0.0,39,2389,0.2944,0.009,0.917,582.59,19.98
2726053000,L1,부동산,51,508.6,0.4902,1171.0,29.9,29.9,대구광역시 수성구 범어3동,27260,수성구,0.5836,17016,29157.0,91.15,0.2403,0.354,0.1715,1155,0,0.0,39,2389,0.0442,0.0122,1.254,87.39,3.0
2726053000,M1,과학·기술,330,479.7,0.6,1722.7,346.9,228.5,대구광역시 수성구 범어3동,27260,수성구,0.5836,17016,29157.0,91.15,0.2403,0.354,0.1715,1155,0,0.0,39,2389,0.2857,0.0324,3.324,565.46,19.39
2726053000,N1,시설관리·임대,33,565.3,0.2727,1278.2,22.5,3.6,대구광역시 수성구 범어3동,27260,수성구,0.5836,17016,29157.0,91.15,0.2403,0.354,0.1715,1155,0,0.0,39,2389,0.0286,0.0076,0.777,56.55,1.94
2726053000,P1,교육,107,543.2,0.3364,997.5,53.7,26.0,대구광역시 수성구 범어3동,27260,수성구,0.5836,17016,29157.0,91.15,0.2403,0.354,0.1715,1155,0,0.0,39,2389,0.0926,0.0153,1.566,183.34,6.29
2726053000,Q1,보건의료,26,200.5,0.8846,2573.2,35.8,30.6,대구광역시 수성구 범어3동,27260,수성구,0.5836,17016,29157.0,91.15,0.2403,0.354,0.1715,1155,0,0.0,39,2389,0.0225,0.017,1.741,44.55,1.53
2726053000,R1,예술·스포츠,43,558.0,0.3488,849.5,20.1,9.3,대구광역시 수성구 범어3동,27260,수성구,0.5836,17016,29157.0,91.15,0.2403,0.354,0.1715,1155,0,0.0,39,2389,0.0372,0.0084,0.863,73.68,2.53
2726053000,S2,수리·개인,101,526.4,0.4752,1072.5,44.7,21.9,대구광역시 수성구 범어3동,27260,수성구,0.5836,17016,29157.0,91.15,0.2403,0.354,0.1715,1155,0,0.0,39,2389,0.0874,0.0062,0.632,173.06,5.94
2726054000,G2,소매,172,396.7,0.7093,483.9,79.9,9.7,대구광역시 수성구 범어4동,27260,수성구,1.1922,18446,15472.2,96.82,0.1388,0.4077,0.1561,1151,0,0.0,29,974,0.1494,0.0056,0.58,144.27,9.32
2726054000,I1,숙박,2,462.7,1.0,530.5,1.0,1.0,대구광역시 수성구 범어4동,27260,수성구,1.1922,18446,15472.2,96.82,0.1388,0.4077,0.1561,1151,0,0.0,29,974,0.0017,0.0017,0.177,1.68,0.11
2726054000,I2,음식,340,328.2,0.8588,577.5,198.5,44.4,대구광역시 수성구 범어4동,27260,수성구,1.1922,18446,15472.2,96.82,0.1388,0.4077,0.1561,1151,0,0.0,29,974,0.2954,0.009,0.921,285.19,18.43
2726054000,L1,부동산,62,467.5,0.6452,387.8,25.1,25.1,대구광역시 수성구 범어4동,27260,수성구,1.1922,18446,15472.2,96.82,0.1388,0.4077,0.1561,1151,0,0.0,29,974,0.0539,0.0149,1.53,52.0,3.36
2726054000,M1,과학·기술,43,387.4,0.7209,512.3,25.2,3.7,대구광역시 수성구 범어4동,27260,수성구,1.1922,18446,15472.2,96.82,0.1388,0.4077,0.1561,1151,0,0.0,29,974,0.0374,0.0042,0.435,36.07,2.33
2726054000,N1,시설관리·임대,14,450.2,0.7143,410.9,5.1,0.6,대구광역시 수성구 범어4동,27260,수성구,1.1922,18446,15472.2,96.82,0.1388,0.4077,0.1561,1151,0,0.0,29,974,0.0122,0.0032,0.331,11.74,0.76
2726054000,P1,교육,331,395.6,0.7281,495.9,167.4,114.3,대구광역시 수성구 범어4동,27260,수성구,1.1922,18446,15472.2,96.82,0.1388,0.4077,0.1561,1151,0,0.0,29,974,0.2876,0.0473,4.862,277.64,17.94
2726054000,Q1,보건의료,17,287.9,0.8824,605.2,16.6,14.5,대구광역시 수성구 범어4동,27260,수성구,1.1922,18446,15472.2,96.82,0.1388,0.4077,0.1561,1151,0,0.0,29,974,0.0148,0.0111,1.143,14.26,0.92
2726054000,R1,예술·스포츠,61,398.7,0.7049,534.4,30.3,11.7,대구광역시 수성구 범어4동,27260,수성구,1.1922,18446,15472.2,96.82,0.1388,0.4077,0.1561,1151,0,0.0,29,974,0.053,0.012,1.229,51.17,3.31
2726054000,S2,수리·개인,109,431.8,0.6606,508.0,56.6,36.9,대구광역시 수성구 범어4동,27260,수성구,1.1922,18446,15472.2,96.82,0.1388,0.4077,0.1561,1151,0,0.0,29,974,0.0947,0.0067,0.684,91.43,5.91
2726055000,G2,소매,196,1252.1,0.0,498.3,51.7,6.4,대구광역시 수성구 만촌1동,27260,수성구,2.6991,20174,7474.3,94.04,0.1968,0.3146,0.3294,851,0,0.0,39,2268,0.2303,0.0064,0.893,72.62,9.72
2726055000,I1,숙박,4,1457.4,0.0,275.8,2.0,2.0,대구광역시 수성구 만촌1동,27260,수성구,2.6991,20174,7474.3,94.04,0.1968,0.3146,0.3294,851,0,0.0,39,2268,0.0047,0.0034,0.479,1.48,0.2
2726055000,I2,음식,199,1191.2,0.0,484.8,67.4,16.8,대구광역시 수성구 만촌1동,27260,수성구,2.6991,20174,7474.3,94.04,0.1968,0.3146,0.3294,851,0,0.0,39,2268,0.2338,0.0052,0.729,73.73,9.86
2726055000,L1,부동산,17,1295.7,0.0,315.9,3.6,3.6,대구광역시 수성구 만촌1동,27260,수성구,2.6991,20174,7474.3,94.04,0.1968,0.3146,0.3294,851,0,0.0,39,2268,0.02,0.0041,0.568,6.3,0.84
2726055000,M1,과학·기술,115,1238.2,0.0,335.8,44.6,6.6,대구광역시 수성구 만촌1동,27260,수성구,2.6991,20174,7474.3,94.04,0.1968,0.3146,0.3294,851,0,0.0,39,2268,0.1351,0.0113,1.572,42.61,5.7
2726055000,N1,시설관리·임대,46,1286.6,0.0,397.8,10.1,2.0,대구광역시 수성구 만촌1동,27260,수성구,2.6991,20174,7474.3,94.04,0.1968,0.3146,0.3294,851,0,0.0,39,2268,0.0541,0.0106,1.471,17.04,2.28
2726055000,P1,교육,93,1248.4,0.0,391.7,21.6,10.4,대구광역시 수성구 만촌1동,27260,수성구,2.6991,20174,7474.3,94.04,0.1968,0.3146,0.3294,851,0,0.0,39,2268,0.1093,0.0133,1.848,34.46,4.61
2726055000,Q1,보건의료,11,1123.2,0.0,630.1,4.2,2.4,대구광역시 수성구 만촌1동,27260,수성구,2.6991,20174,7474.3,94.04,0.1968,0.3146,0.3294,851,0,0.0,39,2268,0.0129,0.0072,1.0,4.08,0.55
2726055000,R1,예술·스포츠,38,1140.8,0.0,693.3,15.5,6.7,대구광역시 수성구 만촌1동,27260,수성구,2.6991,20174,7474.3,94.04,0.1968,0.3146,0.3294,851,0,0.0,39,2268,0.0447,0.0074,1.035,14.08,1.88
2726055000,S2,수리·개인,132,1279.4,0.0,324.4,28.7,10.5,대구광역시 수성구 만촌1동,27260,수성구,2.6991,20174,7474.3,94.04,0.1968,0.3146,0.3294,851,0,0.0,39,2268,0.1551,0.0081,1.121,48.91,6.54
2726056000,G2,소매,134,702.8,0.2985,142.6,46.9,4.4,대구광역시 수성구 만촌2동,27260,수성구,1.9514,13080,6702.9,100.24,0.2213,0.3382,0.2574,612,0,0.0,17,469,0.219,0.0044,0.849,68.67,10.24
2726056000,I2,음식,139,588.8,0.4245,185.8,55.5,15.2,대구광역시 수성구 만촌2동,27260,수성구,1.9514,13080,6702.9,100.24,0.2213,0.3382,0.2574,612,0,0.0,17,469,0.2271,0.0037,0.708,71.23,10.63
2726056000,L1,부동산,24,679.4,0.2917,206.1,10.4,10.4,대구광역시 수성구 만촌2동,27260,수성구,1.9514,13080,6702.9,100.24,0.2213,0.3382,0.2574,612,0,0.0,17,469,0.0392,0.0058,1.114,12.3,1.83
2726056000,M1,과학·기술,76,802.2,0.1053,86.2,25.6,7.0,대구광역시 수성구 만촌2동,27260,수성구,1.9514,13080,6702.9,100.24,0.2213,0.3382,0.2574,612,0,0.0,17,469,0.1242,0.0075,1.445,38.95,5.81
2726056000,N1,시설관리·임대,22,708.5,0.1818,84.9,7.8,2.0,대구광역시 수성구 만촌2동,27260,수성구,1.9514,13080,6702.9,100.24,0.2213,0.3382,0.2574,612,0,0.0,17,469,0.0359,0.0051,0.978,11.27,1.68
2726056000,P1,교육,78,551.9,0.5128,298.6,62.7,34.8,대구광역시 수성구 만촌2동,27260,수성구,1.9514,13080,6702.9,100.24,0.2213,0.3382,0.2574,612,0,0.0,17,469,0.1275,0.0111,2.155,39.97,5.96
2726056000,Q1,보건의료,11,341.4,0.9091,376.3,8.8,6.5,대구광역시 수성구 만촌2동,27260,수성구,1.9514,13080,6702.9,100.24,0.2213,0.3382,0.2574,612,0,0.0,17,469,0.018,0.0072,1.39,5.64,0.84
2726056000,R1,예술·스포츠,23,602.3,0.4348,266.6,12.8,5.2,대구광역시 수성구 만촌2동,27260,수성구,1.9514,13080,6702.9,100.24,0.2213,0.3382,0.2574,612,0,0.0,17,469,0.0376,0.0045,0.871,11.79,1.76
2726056000,S2,수리·개인,105,699.4,0.3048,129.5,34.9,12.1,대구광역시 수성구 만촌2동,27260,수성구,1.9514,13080,6702.9,100.24,0.2213,0.3382,0.2574,612,0,0.0,17,469,0.1716,0.0064,1.24,53.81,8.03
2726056100,G2,소매,163,432.5,0.4969,186.8,51.4,6.2,대구광역시 수성구 만촌3동,27260,수성구,1.6947,20523,12110.1,107.72,0.1668,0.3963,0.1743,735,2,14504.4,13,797,0.2218,0.0053,0.86,96.18,7.94
2726056100,I1,숙박,1,417.7,1.0,478.0,0.0,0.0,대구광역시 수성구 만촌3동,27260,수성구,1.6947,20523,12110.1,107.72,0.1668,0.3963,0.1743,735,2,14504.4,13,797,0.0014,0.0009,0.139,0.59,0.05
2726056100,I2,음식,192,412.1,0.599,203.2,77.6,18.1,대구광역시 수성구 만촌3동,27260,수성구,1.6947,20523,12110.1,107.72,0.1668,0.3963,0.1743,735,2,14504.4,13,797,0.2612,0.0051,0.814,113.29,9.36
2726056100,L1,부동산,54,448.9,0.4259,164.4,17.2,17.2,대구광역시 수성구 만촌3동,27260,수성구,1.6947,20523,12110.1,107.72,0.1668,0.3963,0.1743,735,2,14504.4,13,797,0.0735,0.013,2.087,31.86,2.63
2726056100,M1,과학·기술,53,398.0,0.6415,194.3,11.3,1.6,대구광역시 수성구 만촌3동,27260,수성구,1.6947,20523,12110.1,107.72,0.1668,0.3963,0.1743,735,2,14504.4,13,797,0.0721,0.0052,0.839,31.27,2.58
2726056100,N1,시설관리·임대,17,487.8,0.6471,195.6,7.6,1.2,대구광역시 수성구 만촌3동,27260,수성구,1.6947,20523,12110.1,107.72,0.1668,0.3963,0.1743,735,2,14504.4,13,797,0.0231,0.0039,0.629,10.03,0.83
2726056100,P1,교육,107,442.8,0.514,167.1,37.5,18.3,대구광역시 수성구 만촌3동,27260,수성구,1.6947,20523,12110.1,107.72,0.1668,0.3963,0.1743,735,2,14504.4,13,797,0.1456,0.0153,2.461,63.14,5.21
2726056100,Q1,보건의료,13,283.7,0.6154,217.7,8.0,6.9,대구광역시 수성구 만촌3동,27260,수성구,1.6947,20523,12110.1,107.72,0.1668,0.3963,0.1743,735,2,14504.4,13,797,0.0177,0.0085,1.368,7.67,0.63
2726056100,R1,예술·스포츠,31,381.3,0.7097,201.1,13.4,5.0,대구광역시 수성구 만촌3동,27260,수성구,1.6947,20523,12110.1,107.72,0.1668,0.3963,0.1743,735,2,14504.4,13,797,0.0422,0.0061,0.978,18.29,1.51
2726056100,S2,수리·개인,104,377.9,0.5769,186.3,33.2,23.1,대구광역시 수성구 만촌3동,27260,수성구,1.6947,20523,12110.1,107.72,0.1668,0.3963,0.1743,735,2,14504.4,13,797,0.1415,0.0063,1.022,61.37,5.07
2726057000,G2,소매,164,287.8,0.9329,346.8,80.2,9.7,대구광역시 수성구 수성1가동,27260,수성구,0.6383,16970,26586.2,81.61,0.1883,0.3291,0.3141,708,1,11615.6,13,364,0.2316,0.0054,0.898,256.93,9.66
2726057000,I2,음식,165,335.3,0.8061,332.2,90.4,23.4,대구광역시 수성구 수성1가동,27260,수성구,0.6383,16970,26586.2,81.61,0.1883,0.3291,0.3141,708,1,11615.6,13,364,0.2331,0.0043,0.726,258.5,9.72
2726057000,L1,부동산,49,316.4,0.898,382.0,22.3,22.3,대구광역시 수성구 수성1가동,27260,수성구,0.6383,16970,26586.2,81.61,0.1883,0.3291,0.3141,708,1,11615.6,13,364,0.0692,0.0118,1.966,76.77,2.89
2726057000,M1,과학·기술,55,286.1,0.8909,443.8,30.7,5.4,대구광역시 수성구 수성1가동,27260,수성구,0.6383,16970,26586.2,81.61,0.1883,0.3291,0.3141,708,1,11615.6,13,364,0.0777,0.0054,0.904,86.17,3.24
2726057000,N1,시설관리·임대,34,329.8,0.7647,435.6,14.5,5.9,대구광역시 수성구 수성1가동,27260,수성구,0.6383,16970,26586.2,81.61,0.1883,0.3291,0.3141,708,1,11615.6,13,364,0.048,0.0078,1.307,53.27,2.0
2726057000,P1,교육,82,275.0,0.9512,364.5,42.8,17.1,대구광역시 수성구 수성1가동,27260,수성구,0.6383,16970,26586.2,81.61,0.1883,0.3291,0.3141,708,1,11615.6,13,364,0.1158,0.0117,1.958,128.47,4.83
2726057000,Q1,보건의료,16,254.3,0.9375,358.8,10.6,9.5,대구광역시 수성구 수성1가동,27260,수성구,0.6383,16970,26586.2,81.61,0.1883,0.3291,0.3141,708,1,11615.6,13,364,0.0226,0.0105,1.748,25.07,0.94
2726057000,R1,예술·스포츠,25,244.0,0.96,491.1,15.9,6.3,대구광역시 수성구 수성1가동,27260,수성구,0.6383,16970,26586.2,81.61,0.1883,0.3291,0.3141,708,1,11615.6,13,364,0.0353,0.0049,0.819,39.17,1.47
2726057000,S2,수리·개인,118,334.5,0.8644,298.7,52.6,37.2,대구광역시 수성구 수성1가동,27260,수성구,0.6383,16970,26586.2,81.61,0.1883,0.3291,0.3141,708,1,11615.6,13,364,0.1667,0.0072,1.204,184.87,6.95
2726058000,G2,소매,158,245.4,1.0,603.5,96.3,13.1,대구광역시 수성구 수성2·3가동,27260,수성구,0.6602,10185,15427.1,94.63,0.1741,0.346,0.28,722,1,5644.8,24,1441,0.2188,0.0052,0.849,239.32,15.51
2726058000,I2,음식,222,273.4,1.0,572.2,115.3,28.9,대구광역시 수성구 수성2·3가동,27260,수성구,0.6602,10185,15427.1,94.63,0.1741,0.346,0.28,722,1,5644.8,24,1441,0.3075,0.0058,0.958,336.26,21.8
2726058000,L1,부동산,26,302.2,1.0,488.0,16.0,16.0,대구광역시 수성구 수성2·3가동,27260,수성구,0.6602,10185,15427.1,94.63,0.1741,0.346,0.28,722,1,5644.8,24,1441,0.036,0.0062,1.023,39.38,2.55
2726058000,M1,과학·기술,64,277.5,0.9844,462.6,35.4,4.7,대구광역시 수성구 수성2·3가동,27260,수성구,0.6602,10185,15427.1,94.63,0.1741,0.346,0.28,722,1,5644.8,24,1441,0.0886,0.0063,1.031,96.94,6.28
2726058000,N1,시설관리·임대,19,260.1,1.0,464.2,13.0,2.4,대구광역시 수성구 수성2·3가동,27260,수성구,0.6602,10185,15427.1,94.63,0.1741,0.346,0.28,722,1,5644.8,24,1441,0.0263,0.0044,0.716,28.78,1.87
2726058000,P1,교육,83,314.8,0.9157,559.5,43.4,21.6,대구광역시 수성구 수성2·3가동,27260,수성구,0.6602,10185,15427.1,94.63,0.1741,0.346,0.28,722,1,5644.8,24,1441,0.115,0.0119,1.943,125.72,8.15
2726058000,Q1,보건의료,25,214.6,1.0,600.0,15.8,13.0,대구광역시 수성구 수성2·3가동,27260,수성구,0.6602,10185,15427.1,94.63,0.1741,0.346,0.28,722,1,5644.8,24,1441,0.0346,0.0163,2.679,37.87,2.45
2726058000,R1,예술·스포츠,30,302.8,0.9667,525.1,13.9,6.5,대구광역시 수성구 수성2·3가동,27260,수성구,0.6602,10185,15427.1,94.63,0.1741,0.346,0.28,722,1,5644.8,24,1441,0.0416,0.0059,0.964,45.44,2.95
2726058000,S2,수리·개인,95,308.9,0.9789,494.1,44.1,24.7,대구광역시 수성구 수성2·3가동,27260,수성구,0.6602,10185,15427.1,94.63,0.1741,0.346,0.28,722,1,5644.8,24,1441,0.1316,0.0058,0.951,143.9,9.33
2726059000,G2,소매,122,387.1,0.7541,449.1,61.5,7.4,대구광역시 수성구 수성4가동,27260,수성구,0.6138,12798,20850.4,84.65,0.2009,0.3165,0.3686,678,0,0.0,14,423,0.1799,0.004,0.698,198.76,9.53
2726059000,I1,숙박,2,353.2,1.0,131.0,1.0,1.0,대구광역시 수성구 수성4가동,27260,수성구,0.6138,12798,20850.4,84.65,0.2009,0.3165,0.3686,678,0,0.0,14,423,0.0029,0.0017,0.301,3.26,0.16
2726059000,I2,음식,234,421.7,0.6496,488.8,135.5,30.3,대구광역시 수성구 수성4가동,27260,수성구,0.6138,12798,20850.4,84.65,0.2009,0.3165,0.3686,678,0,0.0,14,423,0.3451,0.0062,1.076,381.23,18.28
2726059000,L1,부동산,26,435.4,0.7308,391.9,14.1,14.1,대구광역시 수성구 수성4가동,27260,수성구,0.6138,12798,20850.4,84.65,0.2009,0.3165,0.3686,678,0,0.0,14,423,0.0383,0.0062,1.089,42.36,2.03
2726059000,M1,과학·기술,53,369.0,0.8679,424.4,28.5,4.4,대구광역시 수성구 수성4가동,27260,수성구,0.6138,12798,20850.4,84.65,0.2009,0.3165,0.3686,678,0,0.0,14,423,0.0782,0.0052,0.909,86.35,4.14
2726059000,N1,시설관리·임대,14,417.4,0.7857,442.9,7.9,1.1,대구광역시 수성구 수성4가동,27260,수성구,0.6138,12798,20850.4,84.65,0.2009,0.3165,0.3686,678,0,0.0,14,423,0.0206,0.0032,0.562,22.81,1.09
2726059000,P1,교육,68,393.1,0.7941,402.9,34.8,20.4,대구광역시 수성구 수성4가동,27260,수성구,0.6138,12798,20850.4,84.65,0.2009,0.3165,0.3686,678,0,0.0,14,423,0.1003,0.0097,1.696,110.79,5.31
2726059000,Q1,보건의료,27,342.7,0.9259,581.5,19.6,16.5,대구광역시 수성구 수성4가동,27260,수성구,0.6138,12798,20850.4,84.65,0.2009,0.3165,0.3686,678,0,0.0,14,423,0.0398,0.0176,3.081,43.99,2.11
2726059000,R1,예술·스포츠,46,353.2,0.8478,466.7,26.0,12.5,대구광역시 수성구 수성4가동,27260,수성구,0.6138,12798,20850.4,84.65,0.2009,0.3165,0.3686,678,0,0.0,14,423,0.0678,0.009,1.573,74.94,3.59
2726059000,S2,수리·개인,86,380.7,0.7791,439.1,43.0,25.0,대구광역시 수성구 수성4가동,27260,수성구,0.6138,12798,20850.4,84.65,0.2009,0.3165,0.3686,678,0,0.0,14,423,0.1268,0.0052,0.916,140.11,6.72
2726060100,G2,소매,77,800.0,0.0779,75.7,24.7,3.9,대구광역시 수성구 황금1동,27260,수성구,2.5751,20820,8085.1,91.59,0.1739,0.354,0.2433,399,0,0.0,13,480,0.193,0.0025,0.749,29.9,3.7
2726060100,I2,음식,90,794.4,0.1333,64.9,31.5,9.1,대구광역시 수성구 황금1동,27260,수성구,2.5751,20820,8085.1,91.59,0.1739,0.354,0.2433,399,0,0.0,13,480,0.2256,0.0024,0.703,34.95,4.32
2726060100,L1,부동산,30,949.3,0.0,54.6,9.2,9.2,대구광역시 수성구 황금1동,27260,수성구,2.5751,20820,8085.1,91.59,0.1739,0.354,0.2433,399,0,0.0,13,480,0.0752,0.0072,2.136,11.65,1.44
2726060100,M1,과학·기술,29,970.7,0.1379,66.0,6.9,1.6,대구광역시 수성구 황금1동,27260,수성구,2.5751,20820,8085.1,91.59,0.1739,0.354,0.2433,399,0,0.0,13,480,0.0727,0.0029,0.846,11.26,1.39
2726060100,N1,시설관리·임대,10,1129.5,0.0,71.3,3.3,0.2,대구광역시 수성구 황금1동,27260,수성구,2.5751,20820,8085.1,91.59,0.1739,0.354,0.2433,399,0,0.0,13,480,0.0251,0.0023,0.682,3.88,0.48
2726060100,P1,교육,85,840.3,0.0118,72.9,27.2,12.6,대구광역시 수성구 황금1동,27260,수성구,2.5751,20820,8085.1,91.59,0.1739,0.354,0.2433,399,0,0.0,13,480,0.213,0.0121,3.601,33.01,4.08
2726060100,Q1,보건의료,3,702.1,0.0,27.0,2.0,2.0,대구광역시 수성구 황금1동,27260,수성구,2.5751,20820,8085.1,91.59,0.1739,0.354,0.2433,399,0,0.0,13,480,0.0075,0.002,0.582,1.17,0.14
2726060100,R1,예술·스포츠,20,932.3,0.0,127.2,5.1,2.2,대구광역시 수성구 황금1동,27260,수성구,2.5751,20820,8085.1,91.59,0.1739,0.354,0.2433,399,0,0.0,13,480,0.0501,0.0039,1.162,7.77,0.96
2726060100,S2,수리·개인,55,849.4,0.0909,77.7,16.7,9.8,대구광역시 수성구 황금1동,27260,수성구,2.5751,20820,8085.1,91.59,0.1739,0.354,0.2433,399,0,0.0,13,480,0.1378,0.0034,0.996,21.36,2.64
2726060200,G2,소매,173,600.0,0.3526,366.8,52.4,5.4,대구광역시 수성구 황금2동,27260,수성구,1.1892,11770,9897.4,92.13,0.2564,0.317,0.2852,1030,1,2213.9,58,1605,0.168,0.0057,0.651,145.48,14.7
2726060200,I1,숙박,12,524.1,0.3333,805.9,9.8,9.8,대구광역시 수성구 황금2동,27260,수성구,1.1892,11770,9897.4,92.13,0.2564,0.317,0.2852,1030,1,2213.9,58,1605,0.0117,0.0103,1.188,10.09,1.02
2726060200,I2,음식,331,535.3,0.4381,467.0,111.6,39.0,대구광역시 수성구 황금2동,27260,수성구,1.1892,11770,9897.4,92.13,0.2564,0.317,0.2852,1030,1,2213.9,58,1605,0.3214,0.0087,1.002,278.34,28.12
2726060200,L1,부동산,53,546.0,0.3774,294.1,21.5,21.5,대구광역시 수성구 황금2동,27260,수성구,1.1892,11770,9897.4,92.13,0.2564,0.317,0.2852,1030,1,2213.9,58,1605,0.0515,0.0127,1.462,44.57,4.5
2726060200,M1,과학·기술,119,517.8,0.5462,336.1,45.6,8.5,대구광역시 수성구 황금2동,27260,수성구,1.1892,11770,9897.4,92.13,0.2564,0.317,0.2852,1030,1,2213.9,58,1605,0.1155,0.0117,1.344,100.07,10.11
2726060200,N1,시설관리·임대,40,590.4,0.325,432.4,12.7,1.7,대구광역시 수성구 황금2동,27260,수성구,1.1892,11770,9897.4,92.13,0.2564,0.317,0.2852,1030,1,2213.9,58,1605,0.0388,0.0092,1.057,33.64,3.4
2726060200,P1,교육,64,569.8,0.5,358.4,19.6,9.2,대구광역시 수성구 황금2동,27260,수성구,1.1892,11770,9897.4,92.13,0.2564,0.317,0.2852,1030,1,2213.9,58,1605,0.0621,0.0091,1.05,53.82,5.44
2726060200,Q1,보건의료,19,442.5,0.5789,486.6,6.4,4.3,대구광역시 수성구 황금2동,27260,수성구,1.1892,11770,9897.4,92.13,0.2564,0.317,0.2852,1030,1,2213.9,58,1605,0.0184,0.0124,1.427,15.98,1.61
2726060200,R1,예술·스포츠,43,555.0,0.4884,387.1,12.2,5.7,대구광역시 수성구 황금2동,27260,수성구,1.1892,11770,9897.4,92.13,0.2564,0.317,0.2852,1030,1,2213.9,58,1605,0.0417,0.0084,0.968,36.16,3.65
2726060200,S2,수리·개인,176,591.0,0.3523,329.7,63.4,30.1,대구광역시 수성구 황금2동,27260,수성구,1.1892,11770,9897.4,92.13,0.2564,0.317,0.2852,1030,1,2213.9,58,1605,0.1709,0.0107,1.235,148.0,14.95
2726061000,G2,소매,167,1073.2,0.018,396.8,55.8,6.0,대구광역시 수성구 중동,27260,수성구,0.948,14422,15213.1,95.55,0.2402,0.3347,0.2609,808,0,0.0,38,1100,0.2067,0.0055,0.802,176.16,11.58
2726061000,I1,숙박,6,823.1,0.1667,297.8,1.3,1.3,대구광역시 수성구 중동,27260,수성구,0.948,14422,15213.1,95.55,0.2402,0.3347,0.2609,808,0,0.0,38,1100,0.0074,0.0052,0.757,6.33,0.42
2726061000,I2,음식,199,1081.7,0.0201,422.7,71.8,20.9,대구광역시 수성구 중동,27260,수성구,0.948,14422,15213.1,95.55,0.2402,0.3347,0.2609,808,0,0.0,38,1100,0.2463,0.0052,0.768,209.92,13.8
2726061000,L1,부동산,32,1193.3,0.0,383.9,11.6,11.6,대구광역시 수성구 중동,27260,수성구,0.948,14422,15213.1,95.55,0.2402,0.3347,0.2609,808,0,0.0,38,1100,0.0396,0.0077,1.125,33.76,2.22
2726061000,M1,과학·기술,107,968.5,0.0467,332.5,36.3,6.0,대구광역시 수성구 중동,27260,수성구,0.948,14422,15213.1,95.55,0.2402,0.3347,0.2609,808,0,0.0,38,1100,0.1324,0.0105,1.541,112.87,7.42
2726061000,N1,시설관리·임대,52,1012.6,0.0769,289.1,14.8,3.3,대구광역시 수성구 중동,27260,수성구,0.948,14422,15213.1,95.55,0.2402,0.3347,0.2609,808,0,0.0,38,1100,0.0644,0.012,1.751,54.85,3.61
2726061000,P1,교육,52,1117.0,0.0385,404.8,20.8,8.9,대구광역시 수성구 중동,27260,수성구,0.948,14422,15213.1,95.55,0.2402,0.3347,0.2609,808,0,0.0,38,1100,0.0644,0.0074,1.088,54.85,3.61
2726061000,Q1,보건의료,14,1141.4,0.0,537.6,7.6,4.6,대구광역시 수성구 중동,27260,수성구,0.948,14422,15213.1,95.55,0.2402,0.3347,0.2609,808,0,0.0,38,1100,0.0173,0.0092,1.34,14.77,0.97
2726061000,R1,예술·스포츠,30,1058.4,0.0333,424.2,10.9,4.4,대구광역시 수성구 중동,27260,수성구,0.948,14422,15213.1,95.55,0.2402,0.3347,0.2609,808,0,0.0,38,1100,0.0371,0.0059,0.861,31.65,2.08
2726061000,S2,수리·개인,149,1034.9,0.047,377.5,46.2,18.5,대구광역시 수성구 중동,27260,수성구,0.948,14422,15213.1,95.55,0.2402,0.3347,0.2609,808,0,0.0,38,1100,0.1844,0.0091,1.332,157.17,10.33
2726062000,G2,소매,216,1316.1,0.0,111.7,53.5,4.6,대구광역시 수성구 상동,27260,수성구,1.3277,13938,10497.9,94.2,0.2039,0.2991,0.3906,986,0,0.0,28,678,0.2191,0.0071,0.85,162.69,15.5
2726062000,I1,숙박,8,1385.4,0.0,156.5,2.8,2.8,대구광역시 수성구 상동,27260,수성구,1.3277,13938,10497.9,94.2,0.2039,0.2991,0.3906,986,0,0.0,28,678,0.0081,0.0069,0.827,6.03,0.57
2726062000,I2,음식,241,1224.5,0.0,122.5,76.9,23.1,대구광역시 수성구 상동,27260,수성구,1.3277,13938,10497.9,94.2,0.2039,0.2991,0.3906,986,0,0.0,28,678,0.2444,0.0063,0.762,181.52,17.29
2726062000,L1,부동산,50,1294.9,0.0,95.3,15.9,15.9,대구광역시 수성구 상동,27260,수성구,1.3277,13938,10497.9,94.2,0.2039,0.2991,0.3906,986,0,0.0,28,678,0.0507,0.012,1.441,37.66,3.59
2726062000,M1,과학·기술,131,1296.8,0.0,131.1,30.5,5.1,대구광역시 수성구 상동,27260,수성구,1.3277,13938,10497.9,94.2,0.2039,0.2991,0.3906,986,0,0.0,28,678,0.1329,0.0129,1.546,98.67,9.4
2726062000,N1,시설관리·임대,37,1285.0,0.0,157.7,9.1,2.2,대구광역시 수성구 상동,27260,수성구,1.3277,13938,10497.9,94.2,0.2039,0.2991,0.3906,986,0,0.0,28,678,0.0375,0.0085,1.021,27.87,2.65
2726062000,P1,교육,70,1347.3,0.0,121.4,19.9,10.1,대구광역시 수성구 상동,27260,수성구,1.3277,13938,10497.9,94.2,0.2039,0.2991,0.3906,986,0,0.0,28,678,0.071,0.01,1.2,52.72,5.02
2726062000,Q1,보건의료,4,1408.4,0.0,82.0,1.0,0.5,대구광역시 수성구 상동,27260,수성구,1.3277,13938,10497.9,94.2,0.2039,0.2991,0.3906,986,0,0.0,28,678,0.0041,0.0026,0.314,3.01,0.29
2726062000,R1,예술·스포츠,39,1292.1,0.0,102.8,12.9,5.5,대구광역시 수성구 상동,27260,수성구,1.3277,13938,10497.9,94.2,0.2039,0.2991,0.3906,986,0,0.0,28,678,0.0396,0.0076,0.917,29.37,2.8
2726062000,S2,수리·개인,190,1304.4,0.0,113.6,48.9,19.3,대구광역시 수성구 상동,27260,수성구,1.3277,13938,10497.9,94.2,0.2039,0.2991,0.3906,986,0,0.0,28,678,0.1927,0.0116,1.392,143.1,13.63
2726063000,G2,소매,67,1681.6,0.0,32.7,15.9,1.5,대구광역시 수성구 파동,27260,수성구,5.4129,17133,3165.2,91.75,0.2208,0.3203,0.3165,326,0,0.0,13,264,0.2055,0.0022,0.797,12.38,3.91
2726063000,I2,음식,103,1685.3,0.0,23.9,24.0,6.2,대구광역시 수성구 파동,27260,수성구,5.4129,17133,3165.2,91.75,0.2208,0.3203,0.3165,326,0,0.0,13,264,0.316,0.0027,0.985,19.03,6.01
2726063000,L1,부동산,13,1624.3,0.0,23.8,2.4,2.4,대구광역시 수성구 파동,27260,수성구,5.4129,17133,3165.2,91.75,0.2208,0.3203,0.3165,326,0,0.0,13,264,0.0399,0.0031,1.133,2.4,0.76
2726063000,M1,과학·기술,32,1639.2,0.0,30.9,8.2,1.0,대구광역시 수성구 파동,27260,수성구,5.4129,17133,3165.2,91.75,0.2208,0.3203,0.3165,326,0,0.0,13,264,0.0982,0.0031,1.142,5.91,1.87
2726063000,N1,시설관리·임대,16,1612.5,0.0,12.6,3.3,0.5,대구광역시 수성구 파동,27260,수성구,5.4129,17133,3165.2,91.75,0.2208,0.3203,0.3165,326,0,0.0,13,264,0.0491,0.0037,1.335,2.96,0.93
2726063000,P1,교육,27,1619.4,0.0,32.2,6.6,3.8,대구광역시 수성구 파동,27260,수성구,5.4129,17133,3165.2,91.75,0.2208,0.3203,0.3165,326,0,0.0,13,264,0.0828,0.0039,1.4,4.99,1.58
2726063000,Q1,보건의료,7,1512.2,0.0,35.6,1.4,0.9,대구광역시 수성구 파동,27260,수성구,5.4129,17133,3165.2,91.75,0.2208,0.3203,0.3165,326,0,0.0,13,264,0.0215,0.0046,1.661,1.29,0.41
2726063000,R1,예술·스포츠,13,1733.5,0.0,36.3,3.7,1.6,대구광역시 수성구 파동,27260,수성구,5.4129,17133,3165.2,91.75,0.2208,0.3203,0.3165,326,0,0.0,13,264,0.0399,0.0025,0.925,2.4,0.76
2726063000,S2,수리·개인,48,1651.2,0.0,31.3,10.8,4.5,대구광역시 수성구 파동,27260,수성구,5.4129,17133,3165.2,91.75,0.2208,0.3203,0.3165,326,0,0.0,13,264,0.1472,0.0029,1.064,8.87,2.8
2726064000,G2,소매,261,520.3,0.4866,815.7,77.7,13.4,대구광역시 수성구 두산동,27260,수성구,1.8605,14840,7976.4,93.51,0.2691,0.3307,0.2573,1558,1,4499.5,72,3584,0.1675,0.0086,0.65,140.28,17.59
2726064000,I1,숙박,24,458.3,0.5833,792.5,7.3,7.3,대구광역시 수성구 두산동,27260,수성구,1.8605,14840,7976.4,93.51,0.2691,0.3307,0.2573,1558,1,4499.5,72,3584,0.0154,0.0207,1.57,12.9,1.62
2726064000,I2,음식,693,511.3,0.4892,671.3,149.8,42.1,대구광역시 수성구 두산동,27260,수성구,1.8605,14840,7976.4,93.51,0.2691,0.3307,0.2573,1558,1,4499.5,72,3584,0.4448,0.0182,1.386,372.48,46.7
2726064000,L1,부동산,52,578.8,0.3654,622.3,12.1,12.1,대구광역시 수성구 두산동,27260,수성구,1.8605,14840,7976.4,93.51,0.2691,0.3307,0.2573,1558,1,4499.5,72,3584,0.0334,0.0125,0.948,27.95,3.5
2726064000,M1,과학·기술,133,545.7,0.4436,651.0,35.5,6.1,대구광역시 수성구 두산동,27260,수성구,1.8605,14840,7976.4,93.51,0.2691,0.3307,0.2573,1558,1,4499.5,72,3584,0.0854,0.0131,0.993,71.49,8.96
2726064000,N1,시설관리·임대,43,606.2,0.2558,697.0,13.1,2.2,대구광역시 수성구 두산동,27260,수성구,1.8605,14840,7976.4,93.51,0.2691,0.3307,0.2573,1558,1,4499.5,72,3584,0.0276,0.0099,0.751,23.11,2.9
2726064000,P1,교육,63,496.8,0.4921,950.4,23.3,12.5,대구광역시 수성구 두산동,27260,수성구,1.8605,14840,7976.4,93.51,0.2691,0.3307,0.2573,1558,1,4499.5,72,3584,0.0404,0.009,0.684,33.86,4.25
2726064000,Q1,보건의료,4,479.3,0.5,906.8,4.8,2.5,대구광역시 수성구 두산동,27260,수성구,1.8605,14840,7976.4,93.51,0.2691,0.3307,0.2573,1558,1,4499.5,72,3584,0.0026,0.0026,0.199,2.15,0.27
2726064000,R1,예술·스포츠,79,501.4,0.443,747.6,19.1,9.4,대구광역시 수성구 두산동,27260,수성구,1.8605,14840,7976.4,93.51,0.2691,0.3307,0.2573,1558,1,4499.5,72,3584,0.0507,0.0155,1.176,42.46,5.32
2726064000,S2,수리·개인,206,551.5,0.3786,836.6,78.1,41.8,대구광역시 수성구 두산동,27260,수성구,1.8605,14840,7976.4,93.51,0.2691,0.3307,0.2573,1558,1,4499.5,72,3584,0.1322,0.0126,0.955,110.72,13.88
2726065100,G2,소매,292,342.4,0.9144,493.3,71.7,8.9,대구광역시 수성구 지산1동,27260,수성구,2.8948,18617,6431.2,89.89,0.2087,0.2938,0.4091,1301,1,5358.9,63,1776,0.2244,0.0096,0.871,100.87,15.68
2726065100,I1,숙박,6,395.2,0.8333,580.7,2.3,2.3,대구광역시 수성구 지산1동,27260,수성구,2.8948,18617,6431.2,89.89,0.2087,0.2938,0.4091,1301,1,5358.9,63,1776,0.0046,0.0052,0.47,2.07,0.32
2726065100,I2,음식,403,324.3,0.8908,597.6,102.8,30.1,대구광역시 수성구 지산1동,27260,수성구,2.8948,18617,6431.2,89.89,0.2087,0.2938,0.4091,1301,1,5358.9,63,1776,0.3098,0.0106,0.965,139.22,21.65
2726065100,L1,부동산,27,293.0,0.9259,434.0,6.9,6.9,대구광역시 수성구 지산1동,27260,수성구,2.8948,18617,6431.2,89.89,0.2087,0.2938,0.4091,1301,1,5358.9,63,1776,0.0208,0.0065,0.59,9.33,1.45
2726065100,M1,과학·기술,105,327.8,0.8857,440.5,25.5,4.6,대구광역시 수성구 지산1동,27260,수성구,2.8948,18617,6431.2,89.89,0.2087,0.2938,0.4091,1301,1,5358.9,63,1776,0.0807,0.0103,0.939,36.27,5.64
2726065100,N1,시설관리·임대,51,305.3,0.9412,460.0,12.7,2.9,대구광역시 수성구 지산1동,27260,수성구,2.8948,18617,6431.2,89.89,0.2087,0.2938,0.4091,1301,1,5358.9,63,1776,0.0392,0.0117,1.067,17.62,2.74
2726065100,P1,교육,95,325.3,0.9053,593.5,27.6,14.6,대구광역시 수성구 지산1동,27260,수성구,2.8948,18617,6431.2,89.89,0.2087,0.2938,0.4091,1301,1,5358.9,63,1776,0.073,0.0136,1.234,32.82,5.1
2726065100,Q1,보건의료,22,368.6,0.8636,704.8,11.2,8.6,대구광역시 수성구 지산1동,27260,수성구,2.8948,18617,6431.2,89.89,0.2087,0.2938,0.4091,1301,1,5358.9,63,1776,0.0169,0.0144,1.308,7.6,1.18
2726065100,R1,예술·스포츠,80,308.9,0.9375,900.1,38.7,16.4,대구광역시 수성구 지산1동,27260,수성구,2.8948,18617,6431.2,89.89,0.2087,0.2938,0.4091,1301,1,5358.9,63,1776,0.0615,0.0157,1.426,27.64,4.3
2726065100,S2,수리·개인,220,316.7,0.9409,414.3,47.7,20.4,대구광역시 수성구 지산1동,27260,수성구,2.8948,18617,6431.2,89.89,0.2087,0.2938,0.4091,1301,1,5358.9,63,1776,0.1691,0.0134,1.222,76.0,11.82
2726065200,G2,소매,187,406.2,0.7914,308.8,73.6,7.7,대구광역시 수성구 지산2동,27260,수성구,1.6406,18149,11062.4,86.32,0.2023,0.3061,0.3673,787,1,4126.8,26,928,0.2376,0.0061,0.922,113.98,10.3
2726065200,I1,숙박,3,337.7,1.0,228.3,2.3,2.3,대구광역시 수성구 지산2동,27260,수성구,1.6406,18149,11062.4,86.32,0.2023,0.3061,0.3673,787,1,4126.8,26,928,0.0038,0.0026,0.389,1.83,0.17
2726065200,I2,음식,193,408.1,0.7927,253.3,89.3,22.9,대구광역시 수성구 지산2동,27260,수성구,1.6406,18149,11062.4,86.32,0.2023,0.3061,0.3673,787,1,4126.8,26,928,0.2452,0.0051,0.764,117.64,10.63
2726065200,L1,부동산,38,376.3,0.8684,236.6,12.1,12.1,대구광역시 수성구 지산2동,27260,수성구,1.6406,18149,11062.4,86.32,0.2023,0.3061,0.3673,787,1,4126.8,26,928,0.0483,0.0091,1.372,23.16,2.09
2726065200,M1,과학·기술,98,405.6,0.8265,279.8,39.1,8.1,대구광역시 수성구 지산2동,27260,수성구,1.6406,18149,11062.4,86.32,0.2023,0.3061,0.3673,787,1,4126.8,26,928,0.1245,0.0096,1.449,59.73,5.4
2726065200,N1,시설관리·임대,28,397.7,0.7143,290.7,13.7,1.9,대구광역시 수성구 지산2동,27260,수성구,1.6406,18149,11062.4,86.32,0.2023,0.3061,0.3673,787,1,4126.8,26,928,0.0356,0.0064,0.968,17.07,1.54
2726065200,P1,교육,60,352.6,0.9333,340.2,24.4,12.5,대구광역시 수성구 지산2동,27260,수성구,1.6406,18149,11062.4,86.32,0.2023,0.3061,0.3673,787,1,4126.8,26,928,0.0762,0.0086,1.289,36.57,3.31
2726065200,Q1,보건의료,12,400.4,0.8333,525.1,7.4,6.2,대구광역시 수성구 지산2동,27260,수성구,1.6406,18149,11062.4,86.32,0.2023,0.3061,0.3673,787,1,4126.8,26,928,0.0152,0.0078,1.18,7.31,0.66
2726065200,R1,예술·스포츠,32,405.9,0.8125,347.2,15.6,6.2,대구광역시 수성구 지산2동,27260,수성구,1.6406,18149,11062.4,86.32,0.2023,0.3061,0.3673,787,1,4126.8,26,928,0.0407,0.0063,0.943,19.51,1.76
2726065200,S2,수리·개인,136,392.7,0.8015,279.8,54.9,20.5,대구광역시 수성구 지산2동,27260,수성구,1.6406,18149,11062.4,86.32,0.2023,0.3061,0.3673,787,1,4126.8,26,928,0.1728,0.0083,1.249,82.9,7.49
2726066100,G2,소매,140,302.5,0.9786,1120.4,151.8,58.3,대구광역시 수성구 범물1동,27260,수성구,5.8003,9654,1664.4,80.21,0.1362,0.2421,0.5606,370,2,11108.8,13,781,0.3784,0.0046,1.468,24.14,14.5
2726066100,I1,숙박,1,3067.5,0.0,0.0,0.0,0.0,대구광역시 수성구 범물1동,27260,수성구,5.8003,9654,1664.4,80.21,0.1362,0.2421,0.5606,370,2,11108.8,13,781,0.0027,0.0009,0.276,0.17,0.1
2726066100,I2,음식,110,425.6,0.9364,533.2,80.6,23.2,대구광역시 수성구 범물1동,27260,수성구,5.8003,9654,1664.4,80.21,0.1362,0.2421,0.5606,370,2,11108.8,13,781,0.2973,0.0029,0.927,18.96,11.39
2726066100,L1,부동산,11,266.4,1.0,605.8,9.0,9.0,대구광역시 수성구 범물1동,27260,수성구,5.8003,9654,1664.4,80.21,0.1362,0.2421,0.5606,370,2,11108.8,13,781,0.0297,0.0026,0.845,1.9,1.14
2726066100,M1,과학·기술,18,272.6,1.0,635.3,14.6,1.9,대구광역시 수성구 범물1동,27260,수성구,5.8003,9654,1664.4,80.21,0.1362,0.2421,0.5606,370,2,11108.8,13,781,0.0486,0.0018,0.566,3.1,1.86
2726066100,N1,시설관리·임대,12,264.6,1.0,608.0,5.7,0.6,대구광역시 수성구 범물1동,27260,수성구,5.8003,9654,1664.4,80.21,0.1362,0.2421,0.5606,370,2,11108.8,13,781,0.0324,0.0028,0.882,2.07,1.24
2726066100,P1,교육,21,368.6,0.9524,742.0,28.8,13.6,대구광역시 수성구 범물1동,27260,수성구,5.8003,9654,1664.4,80.21,0.1362,0.2421,0.5606,370,2,11108.8,13,781,0.0568,0.003,0.96,3.62,2.18
2726066100,Q1,보건의료,5,191.2,1.0,1337.6,21.0,15.2,대구광역시 수성구 범물1동,27260,수성구,5.8003,9654,1664.4,80.21,0.1362,0.2421,0.5606,370,2,11108.8,13,781,0.0135,0.0033,1.045,0.86,0.52
2726066100,R1,예술·스포츠,8,255.4,1.0,1130.8,39.9,12.2,대구광역시 수성구 범물1동,27260,수성구,5.8003,9654,1664.4,80.21,0.1362,0.2421,0.5606,370,2,11108.8,13,781,0.0216,0.0016,0.501,1.38,0.83
2726066100,S2,수리·개인,44,252.8,1.0,669.7,41.0,24.6,대구광역시 수성구 범물1동,27260,수성구,5.8003,9654,1664.4,80.21,0.1362,0.2421,0.5606,370,2,11108.8,13,781,0.1189,0.0027,0.859,7.59,4.56
2726066200,G2,소매,98,371.2,0.8571,500.6,83.9,10.9,대구광역시 수성구 범물2동,27260,수성구,2.122,15526,7316.7,91.11,0.1911,0.3214,0.3347,414,0,0.0,14,590,0.2367,0.0032,0.918,46.18,6.31
2726066200,I2,음식,107,401.0,0.8131,330.5,69.7,17.3,대구광역시 수성구 범물2동,27260,수성구,2.122,15526,7316.7,91.11,0.1911,0.3214,0.3347,414,0,0.0,14,590,0.2585,0.0028,0.805,50.42,6.89
2726066200,L1,부동산,15,374.8,0.8667,515.9,10.1,10.1,대구광역시 수성구 범물2동,27260,수성구,2.122,15526,7316.7,91.11,0.1911,0.3214,0.3347,414,0,0.0,14,590,0.0362,0.0036,1.029,7.07,0.97
2726066200,M1,과학·기술,43,426.9,0.6977,210.3,21.0,3.6,대구광역시 수성구 범물2동,27260,수성구,2.122,15526,7316.7,91.11,0.1911,0.3214,0.3347,414,0,0.0,14,590,0.1039,0.0042,1.208,20.26,2.77
2726066200,N1,시설관리·임대,15,444.9,0.8,464.8,10.2,1.7,대구광역시 수성구 범물2동,27260,수성구,2.122,15526,7316.7,91.11,0.1911,0.3214,0.3347,414,0,0.0,14,590,0.0362,0.0034,0.986,7.07,0.97
2726066200,P1,교육,42,369.2,0.7619,548.5,27.8,11.4,대구광역시 수성구 범물2동,27260,수성구,2.122,15526,7316.7,91.11,0.1911,0.3214,0.3347,414,0,0.0,14,590,0.1014,0.006,1.715,19.79,2.71
2726066200,Q1,보건의료,11,249.3,1.0,1269.2,18.8,17.1,대구광역시 수성구 범물2동,27260,수성구,2.122,15526,7316.7,91.11,0.1911,0.3214,0.3347,414,0,0.0,14,590,0.0266,0.0072,2.055,5.18,0.71
2726066200,R1,예술·스포츠,24,354.3,0.9167,525.1,20.0,7.5,대구광역시 수성구 범물2동,27260,수성구,2.122,15526,7316.7,91.11,0.1911,0.3214,0.3347,414,0,0.0,14,590,0.058,0.0047,1.344,11.31,1.55
2726066200,S2,수리·개인,59,363.6,0.8983,577.8,42.8,23.1,대구광역시 수성구 범물2동,27260,수성구,2.122,15526,7316.7,91.11,0.1911,0.3214,0.3347,414,0,0.0,14,590,0.1425,0.0036,1.03,27.8,3.8
2726067000,G2,소매,243,559.2,0.535,576.2,84.4,13.3,대구광역시 수성구 고산1동,27260,수성구,8.624,31066,3602.3,92.05,0.2075,0.3432,0.2586,1132,1,11318.1,43,2849,0.2147,0.008,0.833,28.18,7.82
2726067000,I1,숙박,1,3672.5,0.0,0.0,0.0,0.0,대구광역시 수성구 고산1동,27260,수성구,8.624,31066,3602.3,92.05,0.2075,0.3432,0.2586,1132,1,11318.1,43,2849,0.0009,0.0009,0.09,0.12,0.03
2726067000,I2,음식,383,615.6,0.5065,646.0,103.2,24.1,대구광역시 수성구 고산1동,27260,수성구,8.624,31066,3602.3,92.05,0.2075,0.3432,0.2586,1132,1,11318.1,43,2849,0.3383,0.0101,1.054,44.41,12.33
2726067000,L1,부동산,32,612.6,0.4062,699.6,8.3,8.3,대구광역시 수성구 고산1동,27260,수성구,8.624,31066,3602.3,92.05,0.2075,0.3432,0.2586,1132,1,11318.1,43,2849,0.0283,0.0077,0.803,3.71,1.03
2726067000,M1,과학·기술,41,780.0,0.1707,431.5,10.6,2.2,대구광역시 수성구 고산1동,27260,수성구,8.624,31066,3602.3,92.05,0.2075,0.3432,0.2586,1132,1,11318.1,43,2849,0.0362,0.004,0.421,4.75,1.32
2726067000,N1,시설관리·임대,10,697.5,0.4,591.8,2.8,0.2,대구광역시 수성구 고산1동,27260,수성구,8.624,31066,3602.3,92.05,0.2075,0.3432,0.2586,1132,1,11318.1,43,2849,0.0088,0.0023,0.24,1.16,0.32
2726067000,P1,교육,176,634.2,0.392,474.1,52.7,28.4,대구광역시 수성구 고산1동,27260,수성구,8.624,31066,3602.3,92.05,0.2075,0.3432,0.2586,1132,1,11318.1,43,2849,0.1555,0.0251,2.628,20.41,5.67
2726067000,Q1,보건의료,30,337.8,0.8333,1047.3,12.7,9.8,대구광역시 수성구 고산1동,27260,수성구,8.624,31066,3602.3,92.05,0.2075,0.3432,0.2586,1132,1,11318.1,43,2849,0.0265,0.0196,2.05,3.48,0.97
2726067000,R1,예술·스포츠,69,445.1,0.6522,937.6,32.3,12.0,대구광역시 수성구 고산1동,27260,수성구,8.624,31066,3602.3,92.05,0.2075,0.3432,0.2586,1132,1,11318.1,43,2849,0.061,0.0135,1.413,8.0,2.22
2726067000,S2,수리·개인,147,636.9,0.3333,557.0,40.9,27.6,대구광역시 수성구 고산1동,27260,수성구,8.624,31066,3602.3,92.05,0.2075,0.3432,0.2586,1132,1,11318.1,43,2849,0.1299,0.009,0.938,17.05,4.73
2726068000,G2,소매,345,488.2,0.5942,201.8,50.7,6.9,대구광역시 수성구 고산2동,27260,수성구,24.337,25533,1049.1,95.63,0.2258,0.3223,0.2874,1270,3,11450.8,88,6126,0.2717,0.0113,1.054,14.18,13.51
2726068000,I1,숙박,5,450.6,0.4,214.8,0.4,0.4,대구광역시 수성구 고산2동,27260,수성구,24.337,25533,1049.1,95.63,0.2258,0.3223,0.2874,1270,3,11450.8,88,6126,0.0039,0.0043,0.401,0.21,0.2
2726068000,I2,음식,325,489.9,0.6246,256.8,49.5,13.0,대구광역시 수성구 고산2동,27260,수성구,24.337,25533,1049.1,95.63,0.2258,0.3223,0.2874,1270,3,11450.8,88,6126,0.2559,0.0086,0.798,13.35,12.73
2726068000,L1,부동산,71,394.9,0.6479,219.4,12.1,12.1,대구광역시 수성구 고산2동,27260,수성구,24.337,25533,1049.1,95.63,0.2258,0.3223,0.2874,1270,3,11450.8,88,6126,0.0559,0.017,1.588,2.92,2.78
2726068000,M1,과학·기술,180,574.3,0.4944,389.0,23.2,4.8,대구광역시 수성구 고산2동,27260,수성구,24.337,25533,1049.1,95.63,0.2258,0.3223,0.2874,1270,3,11450.8,88,6126,0.1417,0.0177,1.649,7.4,7.05
2726068000,N1,시설관리·임대,52,626.0,0.4615,271.8,5.1,1.1,대구광역시 수성구 고산2동,27260,수성구,24.337,25533,1049.1,95.63,0.2258,0.3223,0.2874,1270,3,11450.8,88,6126,0.0409,0.012,1.114,2.14,2.04
2726068000,P1,교육,97,459.0,0.6701,267.8,17.9,8.4,대구광역시 수성구 고산2동,27260,수성구,24.337,25533,1049.1,95.63,0.2258,0.3223,0.2874,1270,3,11450.8,88,6126,0.0764,0.0139,1.291,3.99,3.8
2726068000,Q1,보건의료,9,357.3,0.6667,172.1,1.6,1.3,대구광역시 수성구 고산2동,27260,수성구,24.337,25533,1049.1,95.63,0.2258,0.3223,0.2874,1270,3,11450.8,88,6126,0.0071,0.0059,0.548,0.37,0.35
2726068000,R1,예술·스포츠,53,619.4,0.4906,263.9,6.8,2.7,대구광역시 수성구 고산2동,27260,수성구,24.337,25533,1049.1,95.63,0.2258,0.3223,0.2874,1270,3,11450.8,88,6126,0.0417,0.0104,0.968,2.18,2.08
2726068000,S2,수리·개인,133,453.6,0.6992,165.2,20.0,11.3,대구광역시 수성구 고산2동,27260,수성구,24.337,25533,1049.1,95.63,0.2258,0.3223,0.2874,1270,3,11450.8,88,6126,0.1047,0.0081,0.757,5.46,5.21
2726069000,G2,소매,175,390.2,0.8,500.6,59.8,8.0,대구광역시 수성구 고산3동,27260,수성구,5.2954,29136,5502.1,91.06,0.2146,0.3323,0.3094,841,1,8180.9,35,994,0.2081,0.0057,0.807,33.05,6.01
2726069000,I2,음식,277,380.1,0.7978,485.6,90.1,23.3,대구광역시 수성구 고산3동,27260,수성구,5.2954,29136,5502.1,91.06,0.2146,0.3323,0.3094,841,1,8180.9,35,994,0.3294,0.0073,1.026,52.31,9.51
2726069000,L1,부동산,45,409.6,0.8222,403.3,10.3,10.3,대구광역시 수성구 고산3동,27260,수성구,5.2954,29136,5502.1,91.06,0.2146,0.3323,0.3094,841,1,8180.9,35,994,0.0535,0.0108,1.52,8.5,1.54
2726069000,M1,과학·기술,41,376.9,0.878,372.1,11.9,2.9,대구광역시 수성구 고산3동,27260,수성구,5.2954,29136,5502.1,91.06,0.2146,0.3323,0.3094,841,1,8180.9,35,994,0.0488,0.004,0.567,7.74,1.41
2726069000,N1,시설관리·임대,28,381.1,0.7857,579.9,5.1,1.0,대구광역시 수성구 고산3동,27260,수성구,5.2954,29136,5502.1,91.06,0.2146,0.3323,0.3094,841,1,8180.9,35,994,0.0333,0.0064,0.906,5.29,0.96
2726069000,P1,교육,92,330.2,0.913,799.4,37.9,18.7,대구광역시 수성구 고산3동,27260,수성구,5.2954,29136,5502.1,91.06,0.2146,0.3323,0.3094,841,1,8180.9,35,994,0.1094,0.0131,1.849,17.37,3.16
2726069000,Q1,보건의료,7,241.3,1.0,1021.4,13.4,9.3,대구광역시 수성구 고산3동,27260,수성구,5.2954,29136,5502.1,91.06,0.2146,0.3323,0.3094,841,1,8180.9,35,994,0.0083,0.0046,0.644,1.32,0.24
2726069000,R1,예술·스포츠,48,315.0,0.875,641.5,19.2,7.4,대구광역시 수성구 고산3동,27260,수성구,5.2954,29136,5502.1,91.06,0.2146,0.3323,0.3094,841,1,8180.9,35,994,0.0571,0.0094,1.324,9.06,1.65
2726069000,S2,수리·개인,128,408.3,0.7812,369.4,36.9,21.1,대구광역시 수성구 고산3동,27260,수성구,5.2954,29136,5502.1,91.06,0.2146,0.3323,0.3094,841,1,8180.9,35,994,0.1522,0.0078,1.1,24.17,4.39
2729051500,G2,소매,254,909.8,0.0236,238.6,65.9,6.5,대구광역시 달서구 성당동,27290,달서구,1.9869,19920,10025.7,93.44,0.1866,0.3044,0.3849,1049,0,0.0,41,2331,0.2421,0.0083,0.939,127.84,12.75
2729051500,I1,숙박,17,864.1,0.0,376.0,6.1,6.1,대구광역시 달서구 성당동,27290,달서구,1.9869,19920,10025.7,93.44,0.1866,0.3044,0.3849,1049,0,0.0,41,2331,0.0162,0.0146,1.652,8.56,0.85
2729051500,I2,음식,324,895.6,0.0154,274.1,81.9,23.7,대구광역시 달서구 성당동,27290,달서구,1.9869,19920,10025.7,93.44,0.1866,0.3044,0.3849,1049,0,0.0,41,2331,0.3089,0.0085,0.963,163.07,16.27
2729051500,L1,부동산,32,994.9,0.0,191.6,9.5,9.5,대구광역시 달서구 성당동,27290,달서구,1.9869,19920,10025.7,93.44,0.1866,0.3044,0.3849,1049,0,0.0,41,2331,0.0305,0.0077,0.867,16.11,1.61
2729051500,M1,과학·기술,84,912.6,0.0,251.4,18.6,2.7,대구광역시 달서구 성당동,27290,달서구,1.9869,19920,10025.7,93.44,0.1866,0.3044,0.3849,1049,0,0.0,41,2331,0.0801,0.0083,0.932,42.28,4.22
2729051500,N1,시설관리·임대,47,974.4,0.0,242.4,11.8,2.7,대구광역시 달서구 성당동,27290,달서구,1.9869,19920,10025.7,93.44,0.1866,0.3044,0.3849,1049,0,0.0,41,2331,0.0448,0.0108,1.219,23.65,2.36
2729051500,P1,교육,46,934.0,0.0,213.2,13.1,6.8,대구광역시 달서구 성당동,27290,달서구,1.9869,19920,10025.7,93.44,0.1866,0.3044,0.3849,1049,0,0.0,41,2331,0.0439,0.0066,0.741,23.15,2.31
2729051500,Q1,보건의료,6,800.4,0.0,226.3,5.7,5.0,대구광역시 달서구 성당동,27290,달서구,1.9869,19920,10025.7,93.44,0.1866,0.3044,0.3849,1049,0,0.0,41,2331,0.0057,0.0039,0.442,3.02,0.3
2729051500,R1,예술·스포츠,43,923.4,0.0233,277.6,11.0,6.3,대구광역시 달서구 성당동,27290,달서구,1.9869,19920,10025.7,93.44,0.1866,0.3044,0.3849,1049,0,0.0,41,2331,0.041,0.0084,0.951,21.64,2.16
2729051500,S2,수리·개인,196,939.6,0.0153,234.6,44.1,16.3,대구광역시 달서구 성당동,27290,달서구,1.9869,19920,10025.7,93.44,0.1866,0.3044,0.3849,1049,0,0.0,41,2331,0.1868,0.012,1.35,98.65,9.84
2729053500,G2,소매,207,321.7,0.8502,599.3,58.9,6.3,"대구광역시 달서구 두류1,2동",27290,달서구,1.2776,15672,12266.8,96.42,0.2936,0.2729,0.3421,955,2,15669.8,36,3657,0.2168,0.0068,0.841,162.02,13.21
2729053500,I1,숙박,10,246.8,1.0,618.5,7.6,7.6,"대구광역시 달서구 두류1,2동",27290,달서구,1.2776,15672,12266.8,96.42,0.2936,0.2729,0.3421,955,2,15669.8,36,3657,0.0105,0.0086,1.067,7.83,0.64
2729053500,I2,음식,277,297.5,0.9025,811.8,90.0,28.8,"대구광역시 달서구 두류1,2동",27290,달서구,1.2776,15672,12266.8,96.42,0.2936,0.2729,0.3421,955,2,15669.8,36,3657,0.2901,0.0073,0.904,216.81,17.67
2729053500,L1,부동산,46,349.5,0.8043,612.4,11.5,11.5,"대구광역시 달서구 두류1,2동",27290,달서구,1.2776,15672,12266.8,96.42,0.2936,0.2729,0.3421,955,2,15669.8,36,3657,0.0482,0.011,1.368,36.01,2.94
2729053500,M1,과학·기술,129,360.5,0.8605,715.1,33.9,5.3,"대구광역시 달서구 두류1,2동",27290,달서구,1.2776,15672,12266.8,96.42,0.2936,0.2729,0.3421,955,2,15669.8,36,3657,0.1351,0.0127,1.572,100.97,8.23
2729053500,N1,시설관리·임대,76,379.9,0.8158,603.3,16.5,5.8,"대구광역시 달서구 두류1,2동",27290,달서구,1.2776,15672,12266.8,96.42,0.2936,0.2729,0.3421,955,2,15669.8,36,3657,0.0796,0.0175,2.165,59.49,4.85
2729053500,P1,교육,35,387.1,0.8,553.5,8.0,4.1,"대구광역시 달서구 두류1,2동",27290,달서구,1.2776,15672,12266.8,96.42,0.2936,0.2729,0.3421,955,2,15669.8,36,3657,0.0366,0.005,0.62,27.4,2.23
2729053500,Q1,보건의료,6,348.0,1.0,958.3,3.0,2.2,"대구광역시 달서구 두류1,2동",27290,달서구,1.2776,15672,12266.8,96.42,0.2936,0.2729,0.3421,955,2,15669.8,36,3657,0.0063,0.0039,0.486,4.7,0.38
2729053500,R1,예술·스포츠,33,314.8,0.9091,773.6,12.2,6.0,"대구광역시 달서구 두류1,2동",27290,달서구,1.2776,15672,12266.8,96.42,0.2936,0.2729,0.3421,955,2,15669.8,36,3657,0.0346,0.0065,0.801,25.83,2.11
2729053500,S2,수리·개인,136,308.7,0.8162,571.4,40.3,17.5,"대구광역시 달서구 두류1,2동",27290,달서구,1.2776,15672,12266.8,96.42,0.2936,0.2729,0.3421,955,2,15669.8,36,3657,0.1424,0.0083,1.029,106.45,8.68
2729055000,G2,소매,152,330.3,0.7303,722.7,111.1,26.2,대구광역시 달서구 두류3동,27290,달서구,1.2035,8931,7420.9,93.35,0.2449,0.286,0.367,781,1,14138.0,23,954,0.1946,0.005,0.755,126.3,17.02
2729055000,I1,숙박,5,452.4,1.0,375.8,7.0,7.0,대구광역시 달서구 두류3동,27290,달서구,1.2035,8931,7420.9,93.35,0.2449,0.286,0.367,781,1,14138.0,23,954,0.0064,0.0043,0.653,4.15,0.56
2729055000,I2,음식,309,223.6,0.9741,714.1,202.2,57.0,대구광역시 달서구 두류3동,27290,달서구,1.2035,8931,7420.9,93.35,0.2449,0.286,0.367,781,1,14138.0,23,954,0.3956,0.0081,1.233,256.75,34.6
2729055000,L1,부동산,16,265.8,1.0,619.4,8.9,8.9,대구광역시 달서구 두류3동,27290,달서구,1.2035,8931,7420.9,93.35,0.2449,0.286,0.367,781,1,14138.0,23,954,0.0205,0.0038,0.582,13.29,1.79
2729055000,M1,과학·기술,99,282.2,0.9899,804.4,70.1,26.0,대구광역시 달서구 두류3동,27290,달서구,1.2035,8931,7420.9,93.35,0.2449,0.286,0.367,781,1,14138.0,23,954,0.1268,0.0097,1.475,82.26,11.08
2729055000,N1,시설관리·임대,43,376.8,0.6279,575.7,16.9,5.3,대구광역시 달서구 두류3동,27290,달서구,1.2035,8931,7420.9,93.35,0.2449,0.286,0.367,781,1,14138.0,23,954,0.0551,0.0099,1.498,35.73,4.81
2729055000,P1,교육,21,245.3,0.9524,708.9,16.9,6.1,대구광역시 달서구 두류3동,27290,달서구,1.2035,8931,7420.9,93.35,0.2449,0.286,0.367,781,1,14138.0,23,954,0.0269,0.003,0.455,17.45,2.35
2729055000,Q1,보건의료,16,302.6,1.0,827.1,14.8,11.9,대구광역시 달서구 두류3동,27290,달서구,1.2035,8931,7420.9,93.35,0.2449,0.286,0.367,781,1,14138.0,23,954,0.0205,0.0105,1.585,13.29,1.79
2729055000,R1,예술·스포츠,51,172.8,1.0,792.3,44.8,27.7,대구광역시 달서구 두류3동,27290,달서구,1.2035,8931,7420.9,93.35,0.2449,0.286,0.367,781,1,14138.0,23,954,0.0653,0.01,1.514,42.38,5.71
2729055000,S2,수리·개인,69,247.4,0.9565,600.7,42.3,17.2,대구광역시 달서구 두류3동,27290,달서구,1.2035,8931,7420.9,93.35,0.2449,0.286,0.367,781,1,14138.0,23,954,0.0883,0.0042,0.638,57.33,7.73
2729055500,G2,소매,312,445.7,0.625,482.4,91.9,11.8,대구광역시 달서구 감삼동,27290,달서구,1.1434,31125,27221.4,94.57,0.2715,0.3168,0.2411,1465,1,12921.8,37,1705,0.213,0.0102,0.826,272.87,10.02
2729055500,I1,숙박,6,351.2,1.0,458.0,1.5,1.5,대구광역시 달서구 감삼동,27290,달서구,1.1434,31125,27221.4,94.57,0.2715,0.3168,0.2411,1465,1,12921.8,37,1705,0.0041,0.0052,0.418,5.25,0.19
2729055500,I2,음식,489,431.4,0.6953,532.1,127.0,32.2,대구광역시 달서구 감삼동,27290,달서구,1.1434,31125,27221.4,94.57,0.2715,0.3168,0.2411,1465,1,12921.8,37,1705,0.3338,0.0129,1.04,427.67,15.71
2729055500,L1,부동산,54,423.7,0.6481,614.2,15.3,15.3,대구광역시 달서구 감삼동,27290,달서구,1.1434,31125,27221.4,94.57,0.2715,0.3168,0.2411,1465,1,12921.8,37,1705,0.0369,0.013,1.047,47.23,1.73
2729055500,M1,과학·기술,122,432.7,0.7213,577.0,44.9,7.7,대구광역시 달서구 감삼동,27290,달서구,1.1434,31125,27221.4,94.57,0.2715,0.3168,0.2411,1465,1,12921.8,37,1705,0.0833,0.012,0.969,106.7,3.92
2729055500,N1,시설관리·임대,56,446.5,0.6429,505.9,13.9,2.3,대구광역시 달서구 감삼동,27290,달서구,1.1434,31125,27221.4,94.57,0.2715,0.3168,0.2411,1465,1,12921.8,37,1705,0.0382,0.0129,1.04,48.98,1.8
2729055500,P1,교육,72,563.0,0.3889,419.2,23.5,12.0,대구광역시 달서구 감삼동,27290,달서구,1.1434,31125,27221.4,94.57,0.2715,0.3168,0.2411,1465,1,12921.8,37,1705,0.0491,0.0103,0.831,62.97,2.31
2729055500,Q1,보건의료,26,316.2,0.8846,824.8,19.4,17.7,대구광역시 달서구 감삼동,27290,달서구,1.1434,31125,27221.4,94.57,0.2715,0.3168,0.2411,1465,1,12921.8,37,1705,0.0177,0.017,1.373,22.74,0.84
2729055500,R1,예술·스포츠,58,477.1,0.6034,504.2,13.8,8.5,대구광역시 달서구 감삼동,27290,달서구,1.1434,31125,27221.4,94.57,0.2715,0.3168,0.2411,1465,1,12921.8,37,1705,0.0396,0.0114,0.918,50.73,1.86
2729055500,S2,수리·개인,270,481.4,0.5667,470.6,63.7,34.4,대구광역시 달서구 감삼동,27290,달서구,1.1434,31125,27221.4,94.57,0.2715,0.3168,0.2411,1465,1,12921.8,37,1705,0.1843,0.0165,1.332,236.14,8.67
2729056300,G2,소매,237,342.4,0.8101,566.2,102.6,16.5,대구광역시 달서구 죽전동,27290,달서구,0.7849,14344,18274.9,96.76,0.291,0.287,0.3165,951,1,13243.8,42,1402,0.2492,0.0078,0.967,301.95,16.52
2729056300,I1,숙박,4,462.2,0.75,535.0,2.2,2.2,대구광역시 달서구 죽전동,27290,달서구,0.7849,14344,18274.9,96.76,0.291,0.287,0.3165,951,1,13243.8,42,1402,0.0042,0.0034,0.429,5.1,0.28
2729056300,I2,음식,255,303.4,0.8706,606.9,127.4,33.6,대구광역시 달서구 죽전동,27290,달서구,0.7849,14344,18274.9,96.76,0.291,0.287,0.3165,951,1,13243.8,42,1402,0.2681,0.0067,0.836,324.88,17.78
2729056300,L1,부동산,34,391.0,0.7647,448.0,13.9,13.9,대구광역시 달서구 죽전동,27290,달서구,0.7849,14344,18274.9,96.76,0.291,0.287,0.3165,951,1,13243.8,42,1402,0.0358,0.0082,1.016,43.32,2.37
2729056300,M1,과학·기술,106,389.6,0.6981,579.3,46.0,6.5,대구광역시 달서구 죽전동,27290,달서구,0.7849,14344,18274.9,96.76,0.291,0.287,0.3165,951,1,13243.8,42,1402,0.1115,0.0104,1.297,135.05,7.39
2729056300,N1,시설관리·임대,41,370.9,0.8049,591.9,17.2,3.2,대구광역시 달서구 죽전동,27290,달서구,0.7849,14344,18274.9,96.76,0.291,0.287,0.3165,951,1,13243.8,42,1402,0.0431,0.0094,1.173,52.24,2.86
2729056300,P1,교육,30,314.9,0.8333,616.2,13.9,6.6,대구광역시 달서구 죽전동,27290,달서구,0.7849,14344,18274.9,96.76,0.291,0.287,0.3165,951,1,13243.8,42,1402,0.0315,0.0043,0.533,38.22,2.09
2729056300,Q1,보건의료,34,242.6,0.9118,961.2,24.4,21.0,대구광역시 달서구 죽전동,27290,달서구,0.7849,14344,18274.9,96.76,0.291,0.287,0.3165,951,1,13243.8,42,1402,0.0358,0.0222,2.766,43.32,2.37
2729056300,R1,예술·스포츠,34,340.4,0.7647,622.4,14.0,7.2,대구광역시 달서구 죽전동,27290,달서구,0.7849,14344,18274.9,96.76,0.291,0.287,0.3165,951,1,13243.8,42,1402,0.0358,0.0067,0.829,43.32,2.37
2729056300,S2,수리·개인,176,380.2,0.7898,496.0,65.3,31.4,대구광역시 달서구 죽전동,27290,달서구,0.7849,14344,18274.9,96.76,0.291,0.287,0.3165,951,1,13243.8,42,1402,0.1851,0.0107,1.337,224.23,12.27
2729056800,G2,소매,138,857.1,0.1667,327.2,43.2,5.2,대구광역시 달서구 장기동,27290,달서구,2.76,15347,5560.5,93.82,0.2376,0.3231,0.3066,846,0,0.0,34,958,0.1631,0.0045,0.633,50.0,8.99
2729056800,I1,숙박,1,850.6,0.0,593.0,4.0,4.0,대구광역시 달서구 장기동,27290,달서구,2.76,15347,5560.5,93.82,0.2376,0.3231,0.3066,846,0,0.0,34,958,0.0012,0.0009,0.121,0.36,0.07
2729056800,I2,음식,261,893.7,0.0996,352.2,115.9,38.9,대구광역시 달서구 장기동,27290,달서구,2.76,15347,5560.5,93.82,0.2376,0.3231,0.3066,846,0,0.0,34,958,0.3085,0.0069,0.961,94.57,17.01
2729056800,L1,부동산,37,773.7,0.3784,280.6,13.5,13.5,대구광역시 달서구 장기동,27290,달서구,2.76,15347,5560.5,93.82,0.2376,0.3231,0.3066,846,0,0.0,34,958,0.0437,0.0089,1.243,13.41,2.41
2729056800,M1,과학·기술,83,933.1,0.241,209.3,14.5,5.4,대구광역시 달서구 장기동,27290,달서구,2.76,15347,5560.5,93.82,0.2376,0.3231,0.3066,846,0,0.0,34,958,0.0981,0.0082,1.141,30.07,5.41
2729056800,N1,시설관리·임대,34,877.9,0.2353,275.8,7.2,2.3,대구광역시 달서구 장기동,27290,달서구,2.76,15347,5560.5,93.82,0.2376,0.3231,0.3066,846,0,0.0,34,958,0.0402,0.0078,1.093,12.32,2.22
2729056800,P1,교육,62,773.8,0.1129,513.1,37.6,17.1,대구광역시 달서구 장기동,27290,달서구,2.76,15347,5560.5,93.82,0.2376,0.3231,0.3066,846,0,0.0,34,958,0.0733,0.0089,1.239,22.46,4.04
2729056800,Q1,보건의료,3,692.3,0.3333,969.7,5.3,5.0,대구광역시 달서구 장기동,27290,달서구,2.76,15347,5560.5,93.82,0.2376,0.3231,0.3066,846,0,0.0,34,958,0.0035,0.002,0.274,1.09,0.2
2729056800,R1,예술·스포츠,44,860.3,0.1136,422.4,19.4,7.0,대구광역시 달서구 장기동,27290,달서구,2.76,15347,5560.5,93.82,0.2376,0.3231,0.3066,846,0,0.0,34,958,0.052,0.0086,1.206,15.94,2.87
2729056800,S2,수리·개인,183,1043.2,0.1475,266.8,39.6,23.3,대구광역시 달서구 장기동,27290,달서구,2.76,15347,5560.5,93.82,0.2376,0.3231,0.3066,846,0,0.0,34,958,0.2163,0.0112,1.563,66.3,11.92
2729057100,G2,소매,264,472.8,0.6023,832.5,73.3,18.1,대구광역시 달서구 용산1동,27290,달서구,1.4578,27808,19075.3,99.54,0.2386,0.3365,0.2951,1001,1,12948.6,27,2800,0.2637,0.0087,1.023,181.09,9.49
2729057100,I2,음식,308,549.0,0.4351,399.1,94.0,29.5,대구광역시 달서구 용산1동,27290,달서구,1.4578,27808,19075.3,99.54,0.2386,0.3365,0.2951,1001,1,12948.6,27,2800,0.3077,0.0081,0.959,211.28,11.08
2729057100,L1,부동산,27,401.2,0.8148,538.3,8.9,8.9,대구광역시 달서구 용산1동,27290,달서구,1.4578,27808,19075.3,99.54,0.2386,0.3365,0.2951,1001,1,12948.6,27,2800,0.027,0.0065,0.766,18.52,0.97
2729057100,M1,과학·기술,116,362.8,0.7845,960.6,33.0,12.0,대구광역시 달서구 용산1동,27290,달서구,1.4578,27808,19075.3,99.54,0.2386,0.3365,0.2951,1001,1,12948.6,27,2800,0.1159,0.0114,1.348,79.57,4.17
2729057100,N1,시설관리·임대,36,469.1,0.6944,389.1,12.8,2.6,대구광역시 달서구 용산1동,27290,달서구,1.4578,27808,19075.3,99.54,0.2386,0.3365,0.2951,1001,1,12948.6,27,2800,0.036,0.0083,0.979,24.69,1.29
2729057100,P1,교육,40,530.1,0.55,373.0,10.4,4.2,대구광역시 달서구 용산1동,27290,달서구,1.4578,27808,19075.3,99.54,0.2386,0.3365,0.2951,1001,1,12948.6,27,2800,0.04,0.0057,0.676,27.44,1.44
2729057100,Q1,보건의료,15,388.8,0.7333,1083.9,9.6,7.9,대구광역시 달서구 용산1동,27290,달서구,1.4578,27808,19075.3,99.54,0.2386,0.3365,0.2951,1001,1,12948.6,27,2800,0.015,0.0098,1.159,10.29,0.54
2729057100,R1,예술·스포츠,63,622.6,0.2698,430.4,34.1,14.2,대구광역시 달서구 용산1동,27290,달서구,1.4578,27808,19075.3,99.54,0.2386,0.3365,0.2951,1001,1,12948.6,27,2800,0.0629,0.0123,1.459,43.22,2.27
2729057100,S2,수리·개인,132,535.8,0.447,410.1,45.4,21.2,대구광역시 달서구 용산1동,27290,달서구,1.4578,27808,19075.3,99.54,0.2386,0.3365,0.2951,1001,1,12948.6,27,2800,0.1319,0.0081,0.953,90.55,4.75
2729057200,G2,소매,110,768.1,0.1182,149.3,42.0,5.8,대구광역시 달서구 용산2동,27290,달서구,1.5398,24584,15965.7,97.84,0.2186,0.3401,0.3263,518,0,0.0,19,678,0.2124,0.0036,0.824,71.44,4.47
2729057200,I2,음식,165,733.9,0.1091,151.8,71.1,24.0,대구광역시 달서구 용산2동,27290,달서구,1.5398,24584,15965.7,97.84,0.2186,0.3401,0.3263,518,0,0.0,19,678,0.3185,0.0043,0.993,107.16,6.71
2729057200,L1,부동산,16,564.2,0.5625,147.4,6.6,6.6,대구광역시 달서구 용산2동,27290,달서구,1.5398,24584,15965.7,97.84,0.2186,0.3401,0.3263,518,0,0.0,19,678,0.0309,0.0038,0.878,10.39,0.65
2729057200,M1,과학·기술,41,843.8,0.0976,149.3,18.8,3.6,대구광역시 달서구 용산2동,27290,달서구,1.5398,24584,15965.7,97.84,0.2186,0.3401,0.3263,518,0,0.0,19,678,0.0792,0.004,0.921,26.63,1.67
2729057200,N1,시설관리·임대,31,921.8,0.0,138.2,15.3,3.0,대구광역시 달서구 용산2동,27290,달서구,1.5398,24584,15965.7,97.84,0.2186,0.3401,0.3263,518,0,0.0,19,678,0.0598,0.0071,1.628,20.13,1.26
2729057200,P1,교육,17,652.2,0.2353,134.2,6.3,4.5,대구광역시 달서구 용산2동,27290,달서구,1.5398,24584,15965.7,97.84,0.2186,0.3401,0.3263,518,0,0.0,19,678,0.0328,0.0024,0.555,11.04,0.69
2729057200,Q1,보건의료,2,758.6,0.0,121.5,0.0,0.0,대구광역시 달서구 용산2동,27290,달서구,1.5398,24584,15965.7,97.84,0.2186,0.3401,0.3263,518,0,0.0,19,678,0.0039,0.0013,0.299,1.3,0.08
2729057200,R1,예술·스포츠,30,755.4,0.1333,139.4,16.0,9.1,대구광역시 달서구 용산2동,27290,달서구,1.5398,24584,15965.7,97.84,0.2186,0.3401,0.3263,518,0,0.0,19,678,0.0579,0.0059,1.343,19.48,1.22
2729057200,S2,수리·개인,106,725.1,0.1981,145.5,32.8,10.9,대구광역시 달서구 용산2동,27290,달서구,1.5398,24584,15965.7,97.84,0.2186,0.3401,0.3263,518,0,0.0,19,678,0.2046,0.0065,1.479,68.84,4.31
2729057600,G2,소매,187,366.1,0.8235,1329.1,63.3,8.1,대구광역시 달서구 이곡1동,27290,달서구,1.8033,19663,10903.9,99.24,0.2496,0.3333,0.3051,837,2,15640.1,56,2777,0.2234,0.0061,0.867,103.7,9.51
2729057600,I1,숙박,2,172.4,1.0,3585.0,9.0,8.0,대구광역시 달서구 이곡1동,27290,달서구,1.8033,19663,10903.9,99.24,0.2496,0.3333,0.3051,837,2,15640.1,56,2777,0.0024,0.0017,0.244,1.11,0.1
2729057600,I2,음식,261,381.4,0.8046,1339.8,102.2,28.9,대구광역시 달서구 이곡1동,27290,달서구,1.8033,19663,10903.9,99.24,0.2496,0.3333,0.3051,837,2,15640.1,56,2777,0.3118,0.0069,0.972,144.73,13.27
2729057600,L1,부동산,18,414.5,0.7778,821.6,5.2,5.2,대구광역시 달서구 이곡1동,27290,달서구,1.8033,19663,10903.9,99.24,0.2496,0.3333,0.3051,837,2,15640.1,56,2777,0.0215,0.0043,0.611,9.98,0.92
2729057600,M1,과학·기술,51,408.5,0.7843,836.7,15.0,1.7,대구광역시 달서구 이곡1동,27290,달서구,1.8033,19663,10903.9,99.24,0.2496,0.3333,0.3051,837,2,15640.1,56,2777,0.0609,0.005,0.709,28.28,2.59
2729057600,N1,시설관리·임대,32,328.7,0.875,882.5,13.5,3.5,대구광역시 달서구 이곡1동,27290,달서구,1.8033,19663,10903.9,99.24,0.2496,0.3333,0.3051,837,2,15640.1,56,2777,0.0382,0.0074,1.04,17.75,1.63
2729057600,P1,교육,74,303.0,0.9189,2071.5,51.3,26.3,대구광역시 달서구 이곡1동,27290,달서구,1.8033,19663,10903.9,99.24,0.2496,0.3333,0.3051,837,2,15640.1,56,2777,0.0884,0.0106,1.495,41.04,3.76
2729057600,Q1,보건의료,13,248.4,1.0,2270.4,8.6,6.8,대구광역시 달서구 이곡1동,27290,달서구,1.8033,19663,10903.9,99.24,0.2496,0.3333,0.3051,837,2,15640.1,56,2777,0.0155,0.0085,1.201,7.21,0.66
2729057600,R1,예술·스포츠,66,313.9,0.9848,1984.1,43.0,19.7,대구광역시 달서구 이곡1동,27290,달서구,1.8033,19663,10903.9,99.24,0.2496,0.3333,0.3051,837,2,15640.1,56,2777,0.0789,0.0129,1.829,36.6,3.36
2729057600,S2,수리·개인,133,401.3,0.782,1247.6,38.7,23.1,대구광역시 달서구 이곡1동,27290,달서구,1.8033,19663,10903.9,99.24,0.2496,0.3333,0.3051,837,2,15640.1,56,2777,0.1589,0.0081,1.148,73.75,6.76
2729057700,G2,소매,150,643.4,0.5533,1371.7,41.4,5.8,대구광역시 달서구 이곡2동,27290,달서구,2.2612,14054,6215.3,102.16,0.225,0.3131,0.3675,869,0,0.0,81,4290,0.1726,0.0049,0.67,66.34,10.67
2729057700,I1,숙박,11,340.1,1.0,3108.8,11.3,6.9,대구광역시 달서구 이곡2동,27290,달서구,2.2612,14054,6215.3,102.16,0.225,0.3131,0.3675,869,0,0.0,81,4290,0.0127,0.0095,1.29,4.86,0.78
2729057700,I2,음식,368,581.8,0.6875,1926.9,166.0,54.1,대구광역시 달서구 이곡2동,27290,달서구,2.2612,14054,6215.3,102.16,0.225,0.3131,0.3675,869,0,0.0,81,4290,0.4235,0.0097,1.32,162.75,26.18
2729057700,L1,부동산,25,757.0,0.6,1307.6,5.0,5.0,대구광역시 달서구 이곡2동,27290,달서구,2.2612,14054,6215.3,102.16,0.225,0.3131,0.3675,869,0,0.0,81,4290,0.0288,0.006,0.817,11.06,1.78
2729057700,M1,과학·기술,86,706.3,0.5116,1263.1,18.7,2.3,대구광역시 달서구 이곡2동,27290,달서구,2.2612,14054,6215.3,102.16,0.225,0.3131,0.3675,869,0,0.0,81,4290,0.099,0.0085,1.151,38.03,6.12
2729057700,N1,시설관리·임대,40,558.5,0.675,1683.1,15.6,4.5,대구광역시 달서구 이곡2동,27290,달서구,2.2612,14054,6215.3,102.16,0.225,0.3131,0.3675,869,0,0.0,81,4290,0.046,0.0092,1.252,17.69,2.85
2729057700,P1,교육,34,523.8,0.7059,1818.0,12.3,11.0,대구광역시 달서구 이곡2동,27290,달서구,2.2612,14054,6215.3,102.16,0.225,0.3131,0.3675,869,0,0.0,81,4290,0.0391,0.0049,0.661,15.04,2.42
2729057700,Q1,보건의료,11,399.2,0.9091,2546.0,9.6,5.8,대구광역시 달서구 이곡2동,27290,달서구,2.2612,14054,6215.3,102.16,0.225,0.3131,0.3675,869,0,0.0,81,4290,0.0127,0.0072,0.979,4.86,0.78
2729057700,R1,예술·스포츠,64,445.7,0.8438,2277.1,42.8,20.4,대구광역시 달서구 이곡2동,27290,달서구,2.2612,14054,6215.3,102.16,0.225,0.3131,0.3675,869,0,0.0,81,4290,0.0736,0.0125,1.708,28.3,4.55
2729057700,S2,수리·개인,80,621.2,0.525,1534.8,28.4,11.0,대구광역시 달서구 이곡2동,27290,달서구,2.2612,14054,6215.3,102.16,0.225,0.3131,0.3675,869,0,0.0,81,4290,0.0921,0.0049,0.665,35.38,5.69
2729058500,G2,소매,638,959.4,0.4216,498.6,101.8,39.7,대구광역시 달서구 신당동,27290,달서구,9.211,27882,3027.0,101.75,0.3296,0.2742,0.3009,2465,2,24240.6,113,7236,0.2588,0.0209,1.004,69.27,22.88
2729058500,I1,숙박,61,1432.7,0.2131,542.2,14.6,14.6,대구광역시 달서구 신당동,27290,달서구,9.211,27882,3027.0,101.75,0.3296,0.2742,0.3009,2465,2,24240.6,113,7236,0.0247,0.0525,2.523,6.62,2.19
2729058500,I2,음식,971,784.6,0.4542,465.8,143.1,34.4,대구광역시 달서구 신당동,27290,달서구,9.211,27882,3027.0,101.75,0.3296,0.2742,0.3009,2465,2,24240.6,113,7236,0.3939,0.0256,1.228,105.42,34.83
2729058500,L1,부동산,86,734.2,0.407,387.2,10.0,10.0,대구광역시 달서구 신당동,27290,달서구,9.211,27882,3027.0,101.75,0.3296,0.2742,0.3009,2465,2,24240.6,113,7236,0.0349,0.0206,0.991,9.34,3.08
2729058500,M1,과학·기술,168,738.5,0.3452,238.2,18.1,4.4,대구광역시 달서구 신당동,27290,달서구,9.211,27882,3027.0,101.75,0.3296,0.2742,0.3009,2465,2,24240.6,113,7236,0.0682,0.0165,0.793,18.24,6.03
2729058500,N1,시설관리·임대,79,657.0,0.3924,709.5,8.8,1.8,대구광역시 달서구 신당동,27290,달서구,9.211,27882,3027.0,101.75,0.3296,0.2742,0.3009,2465,2,24240.6,113,7236,0.032,0.0182,0.872,8.58,2.83
2729058500,P1,교육,47,720.7,0.4043,333.5,4.3,2.3,대구광역시 달서구 신당동,27290,달서구,9.211,27882,3027.0,101.75,0.3296,0.2742,0.3009,2465,2,24240.6,113,7236,0.0191,0.0067,0.322,5.1,1.69
2729058500,Q1,보건의료,6,947.4,0.1667,606.7,1.0,0.0,대구광역시 달서구 신당동,27290,달서구,9.211,27882,3027.0,101.75,0.3296,0.2742,0.3009,2465,2,24240.6,113,7236,0.0024,0.0039,0.188,0.65,0.22
2729058500,R1,예술·스포츠,120,683.0,0.5917,771.9,32.5,15.7,대구광역시 달서구 신당동,27290,달서구,9.211,27882,3027.0,101.75,0.3296,0.2742,0.3009,2465,2,24240.6,113,7236,0.0487,0.0235,1.129,13.03,4.3
2729058500,S2,수리·개인,289,702.0,0.4775,459.8,40.8,21.7,대구광역시 달서구 신당동,27290,달서구,9.211,27882,3027.0,101.75,0.3296,0.2742,0.3009,2465,2,24240.6,113,7236,0.1172,0.0176,0.847,31.38,10.37
2729059000,G2,소매,167,1246.3,0.0,419.1,66.0,14.8,대구광역시 달서구 본리동,27290,달서구,1.0774,22993,21341.2,96.61,0.2363,0.3344,0.2509,723,0,0.0,48,1195,0.231,0.0055,0.896,155.0,7.26
2729059000,I1,숙박,9,1103.0,0.0,429.1,4.2,4.2,대구광역시 달서구 본리동,27290,달서구,1.0774,22993,21341.2,96.61,0.2363,0.3344,0.2509,723,0,0.0,48,1195,0.0124,0.0078,1.269,8.35,0.39
2729059000,I2,음식,271,1185.9,0.0,369.1,108.0,31.8,대구광역시 달서구 본리동,27290,달서구,1.0774,22993,21341.2,96.61,0.2363,0.3344,0.2509,723,0,0.0,48,1195,0.3748,0.0071,1.168,251.53,11.79
2729059000,L1,부동산,41,1222.7,0.0,364.0,15.8,15.8,대구광역시 달서구 본리동,27290,달서구,1.0774,22993,21341.2,96.61,0.2363,0.3344,0.2509,723,0,0.0,48,1195,0.0567,0.0098,1.611,38.05,1.78
2729059000,M1,과학·기술,39,1253.4,0.0,393.0,12.9,2.0,대구광역시 달서구 본리동,27290,달서구,1.0774,22993,21341.2,96.61,0.2363,0.3344,0.2509,723,0,0.0,48,1195,0.0539,0.0038,0.628,36.2,1.7
2729059000,N1,시설관리·임대,19,1302.1,0.0,392.8,9.4,2.3,대구광역시 달서구 본리동,27290,달서구,1.0774,22993,21341.2,96.61,0.2363,0.3344,0.2509,723,0,0.0,48,1195,0.0263,0.0044,0.715,17.64,0.83
2729059000,P1,교육,31,1051.4,0.0,404.8,24.8,11.6,대구광역시 달서구 본리동,27290,달서구,1.0774,22993,21341.2,96.61,0.2363,0.3344,0.2509,723,0,0.0,48,1195,0.0429,0.0044,0.725,28.77,1.35
2729059000,Q1,보건의료,9,1105.7,0.0,485.6,3.9,3.2,대구광역시 달서구 본리동,27290,달서구,1.0774,22993,21341.2,96.61,0.2363,0.3344,0.2509,723,0,0.0,48,1195,0.0124,0.0059,0.963,8.35,0.39
2729059000,R1,예술·스포츠,45,1225.7,0.0,307.9,17.7,9.5,대구광역시 달서구 본리동,27290,달서구,1.0774,22993,21341.2,96.61,0.2363,0.3344,0.2509,723,0,0.0,48,1195,0.0622,0.0088,1.443,41.77,1.96
2729059000,S2,수리·개인,92,1226.9,0.0,359.6,39.9,16.3,대구광역시 달서구 본리동,27290,달서구,1.0774,22993,21341.2,96.61,0.2363,0.3344,0.2509,723,0,0.0,48,1195,0.1272,0.0056,0.919,85.39,4.0
2729060100,G2,소매,279,846.6,0.1685,1055.4,72.6,10.0,대구광역시 달서구 월성1동,27290,달서구,1.9323,39423,20402.1,95.03,0.1909,0.3961,0.1433,1438,0,0.0,70,4066,0.194,0.0091,0.753,144.39,7.08
2729060100,I2,음식,465,914.1,0.0774,1126.8,157.5,41.6,대구광역시 달서구 월성1동,27290,달서구,1.9323,39423,20402.1,95.03,0.1909,0.3961,0.1433,1438,0,0.0,70,4066,0.3234,0.0122,1.008,240.65,11.8
2729060100,L1,부동산,40,887.0,0.1,786.8,9.5,9.5,대구광역시 달서구 월성1동,27290,달서구,1.9323,39423,20402.1,95.03,0.1909,0.3961,0.1433,1438,0,0.0,70,4066,0.0278,0.0096,0.79,20.7,1.01
2729060100,M1,과학·기술,64,919.1,0.0938,1064.0,17.3,3.0,대구광역시 달서구 월성1동,27290,달서구,1.9323,39423,20402.1,95.03,0.1909,0.3961,0.1433,1438,0,0.0,70,4066,0.0445,0.0063,0.518,33.12,1.62
2729060100,N1,시설관리·임대,20,848.6,0.15,958.5,5.2,1.2,대구광역시 달서구 월성1동,27290,달서구,1.9323,39423,20402.1,95.03,0.1909,0.3961,0.1433,1438,0,0.0,70,4066,0.0139,0.0046,0.378,10.35,0.51
2729060100,P1,교육,221,941.2,0.0317,1165.9,86.7,45.6,대구광역시 달서구 월성1동,27290,달서구,1.9323,39423,20402.1,95.03,0.1909,0.3961,0.1433,1438,0,0.0,70,4066,0.1537,0.0316,2.598,114.37,5.61
2729060100,Q1,보건의료,38,1018.3,0.0263,1418.6,25.3,19.7,대구광역시 달서구 월성1동,27290,달서구,1.9323,39423,20402.1,95.03,0.1909,0.3961,0.1433,1438,0,0.0,70,4066,0.0264,0.0248,2.044,19.67,0.96
2729060100,R1,예술·스포츠,105,903.3,0.0571,1005.4,29.3,11.5,대구광역시 달서구 월성1동,27290,달서구,1.9323,39423,20402.1,95.03,0.1909,0.3961,0.1433,1438,0,0.0,70,4066,0.073,0.0206,1.693,54.34,2.66
2729060100,S2,수리·개인,206,869.1,0.1359,968.0,56.6,37.7,대구광역시 달서구 월성1동,27290,달서구,1.9323,39423,20402.1,95.03,0.1909,0.3961,0.1433,1438,0,0.0,70,4066,0.1433,0.0126,1.035,106.61,5.23
2729060200,G2,소매,111,1671.8,0.0,266.7,18.7,2.9,대구광역시 달서구 월성2동,27290,달서구,7.6185,13435,1763.5,88.91,0.1494,0.2854,0.4889,455,0,0.0,41,2943,0.244,0.0036,0.946,14.57,8.26
2729060200,I1,숙박,2,2253.8,0.0,208.0,0.0,0.0,대구광역시 달서구 월성2동,27290,달서구,7.6185,13435,1763.5,88.91,0.1494,0.2854,0.4889,455,0,0.0,41,2943,0.0044,0.0017,0.448,0.26,0.15
2729060200,I2,음식,131,1902.9,0.0,186.5,10.6,5.7,대구광역시 달서구 월성2동,27290,달서구,7.6185,13435,1763.5,88.91,0.1494,0.2854,0.4889,455,0,0.0,41,2943,0.2879,0.0034,0.897,17.19,9.75
2729060200,L1,부동산,18,1871.1,0.0,325.9,3.2,3.2,대구광역시 달서구 월성2동,27290,달서구,7.6185,13435,1763.5,88.91,0.1494,0.2854,0.4889,455,0,0.0,41,2943,0.0396,0.0043,1.124,2.36,1.34
2729060200,M1,과학·기술,59,2060.4,0.0,174.7,5.2,1.3,대구광역시 달서구 월성2동,27290,달서구,7.6185,13435,1763.5,88.91,0.1494,0.2854,0.4889,455,0,0.0,41,2943,0.1297,0.0058,1.509,7.74,4.39
2729060200,N1,시설관리·임대,24,1996.5,0.0,195.9,1.2,0.2,대구광역시 달서구 월성2동,27290,달서구,7.6185,13435,1763.5,88.91,0.1494,0.2854,0.4889,455,0,0.0,41,2943,0.0527,0.0055,1.435,3.15,1.79
2729060200,P1,교육,13,1620.6,0.0,337.1,5.8,3.7,대구광역시 달서구 월성2동,27290,달서구,7.6185,13435,1763.5,88.91,0.1494,0.2854,0.4889,455,0,0.0,41,2943,0.0286,0.0019,0.483,1.71,0.97
2729060200,R1,예술·스포츠,13,1665.5,0.0,350.7,3.5,1.6,대구광역시 달서구 월성2동,27290,달서구,7.6185,13435,1763.5,88.91,0.1494,0.2854,0.4889,455,0,0.0,41,2943,0.0286,0.0025,0.663,1.71,0.97
2729060200,S2,수리·개인,84,1764.1,0.0,351.9,14.8,11.4,대구광역시 달서구 월성2동,27290,달서구,7.6185,13435,1763.5,88.91,0.1494,0.2854,0.4889,455,0,0.0,41,2943,0.1846,0.0051,1.334,11.03,6.25
2729061500,G2,소매,446,477.5,0.7422,533.8,81.6,11.1,대구광역시 달서구 진천동,27290,달서구,5.3271,49267,9248.4,94.41,0.223,0.3237,0.2986,2063,3,33114.2,95,3768,0.2162,0.0146,0.839,83.72,9.05
2729061500,I1,숙박,3,643.4,0.6667,1024.3,1.0,1.0,대구광역시 달서구 진천동,27290,달서구,5.3271,49267,9248.4,94.41,0.223,0.3237,0.2986,2063,3,33114.2,95,3768,0.0015,0.0026,0.148,0.56,0.06
2729061500,I2,음식,737,564.5,0.6418,570.0,97.8,28.6,대구광역시 달서구 진천동,27290,달서구,5.3271,49267,9248.4,94.41,0.223,0.3237,0.2986,2063,3,33114.2,95,3768,0.3572,0.0194,1.113,138.35,14.96
2729061500,L1,부동산,94,644.1,0.7128,539.6,11.1,11.1,대구광역시 달서구 진천동,27290,달서구,5.3271,49267,9248.4,94.41,0.223,0.3237,0.2986,2063,3,33114.2,95,3768,0.0456,0.0226,1.295,17.65,1.91
2729061500,M1,과학·기술,120,560.1,0.5833,584.7,14.4,2.2,대구광역시 달서구 진천동,27290,달서구,5.3271,49267,9248.4,94.41,0.223,0.3237,0.2986,2063,3,33114.2,95,3768,0.0582,0.0118,0.677,22.53,2.44
2729061500,N1,시설관리·임대,57,459.4,0.6667,526.2,7.0,1.6,대구광역시 달서구 진천동,27290,달서구,5.3271,49267,9248.4,94.41,0.223,0.3237,0.2986,2063,3,33114.2,95,3768,0.0276,0.0131,0.752,10.7,1.16
2729061500,P1,교육,136,618.2,0.6544,642.9,21.2,10.9,대구광역시 달서구 진천동,27290,달서구,5.3271,49267,9248.4,94.41,0.223,0.3237,0.2986,2063,3,33114.2,95,3768,0.0659,0.0194,1.114,25.53,2.76
2729061500,Q1,보건의료,25,330.7,0.88,794.5,7.5,5.0,대구광역시 달서구 진천동,27290,달서구,5.3271,49267,9248.4,94.41,0.223,0.3237,0.2986,2063,3,33114.2,95,3768,0.0121,0.0163,0.937,4.69,0.51
2729061500,R1,예술·스포츠,95,493.2,0.7263,725.2,17.2,6.9,대구광역시 달서구 진천동,27290,달서구,5.3271,49267,9248.4,94.41,0.223,0.3237,0.2986,2063,3,33114.2,95,3768,0.046,0.0186,1.068,17.83,1.93
2729061500,S2,수리·개인,350,534.4,0.6657,464.5,43.4,22.3,대구광역시 달서구 진천동,27290,달서구,5.3271,49267,9248.4,94.41,0.223,0.3237,0.2986,2063,3,33114.2,95,3768,0.1697,0.0214,1.226,65.7,7.1
2729061700,G2,소매,138,584.4,0.3333,677.8,53.7,7.4,대구광역시 달서구 유천동,27290,달서구,1.3119,32864,25050.7,98.14,0.2158,0.3693,0.1107,728,0,0.0,41,1643,0.1896,0.0045,0.735,105.19,4.2
2729061700,I2,음식,186,621.7,0.2527,605.5,77.4,21.0,대구광역시 달서구 유천동,27290,달서구,1.3119,32864,25050.7,98.14,0.2158,0.3693,0.1107,728,0,0.0,41,1643,0.2555,0.0049,0.796,141.78,5.66
2729061700,L1,부동산,27,656.2,0.3333,556.1,10.7,10.7,대구광역시 달서구 유천동,27290,달서구,1.3119,32864,25050.7,98.14,0.2158,0.3693,0.1107,728,0,0.0,41,1643,0.0371,0.0065,1.054,20.58,0.82
2729061700,M1,과학·기술,31,539.0,0.4194,715.0,9.9,1.5,대구광역시 달서구 유천동,27290,달서구,1.3119,32864,25050.7,98.14,0.2158,0.3693,0.1107,728,0,0.0,41,1643,0.0426,0.003,0.495,23.63,0.94
2729061700,N1,시설관리·임대,10,691.8,0.2,448.8,2.3,1.0,대구광역시 달서구 유천동,27290,달서구,1.3119,32864,25050.7,98.14,0.2158,0.3693,0.1107,728,0,0.0,41,1643,0.0137,0.0023,0.374,7.62,0.3
2729061700,P1,교육,159,655.4,0.2013,542.3,57.5,28.6,대구광역시 달서구 유천동,27290,달서구,1.3119,32864,25050.7,98.14,0.2158,0.3693,0.1107,728,0,0.0,41,1643,0.2184,0.0227,3.692,121.2,4.84
2729061700,Q1,보건의료,12,604.8,0.3333,905.0,4.5,3.5,대구광역시 달서구 유천동,27290,달서구,1.3119,32864,25050.7,98.14,0.2158,0.3693,0.1107,728,0,0.0,41,1643,0.0165,0.0078,1.275,9.15,0.37
2729061700,R1,예술·스포츠,46,620.8,0.3043,602.9,15.1,6.0,대구광역시 달서구 유천동,27290,달서구,1.3119,32864,25050.7,98.14,0.2158,0.3693,0.1107,728,0,0.0,41,1643,0.0632,0.009,1.465,35.06,1.4
2729061700,S2,수리·개인,119,635.8,0.3025,619.6,37.7,23.3,대구광역시 달서구 유천동,27290,달서구,1.3119,32864,25050.7,98.14,0.2158,0.3693,0.1107,728,0,0.0,41,1643,0.1635,0.0073,1.181,90.71,3.62
2729062400,G2,소매,332,319.2,0.7349,1322.1,159.1,81.1,대구광역시 달서구 상인1동,27290,달서구,1.4947,31919,21354.8,92.02,0.2073,0.3199,0.314,1050,1,20963.7,54,2895,0.3162,0.0109,1.226,222.12,10.4
2729062400,I2,음식,285,503.5,0.4912,816.7,117.8,28.1,대구광역시 달서구 상인1동,27290,달서구,1.4947,31919,21354.8,92.02,0.2073,0.3199,0.314,1050,1,20963.7,54,2895,0.2714,0.0075,0.846,190.67,8.93
2729062400,L1,부동산,19,451.5,0.5789,576.4,6.5,6.5,대구광역시 달서구 상인1동,27290,달서구,1.4947,31919,21354.8,92.02,0.2073,0.3199,0.314,1050,1,20963.7,54,2895,0.0181,0.0046,0.514,12.71,0.6
2729062400,M1,과학·기술,56,671.4,0.2679,467.0,25.7,5.9,대구광역시 달서구 상인1동,27290,달서구,1.4947,31919,21354.8,92.02,0.2073,0.3199,0.314,1050,1,20963.7,54,2895,0.0533,0.0055,0.621,37.47,1.75
2729062400,N1,시설관리·임대,12,541.1,0.5,644.0,5.2,1.4,대구광역시 달서구 상인1동,27290,달서구,1.4947,31919,21354.8,92.02,0.2073,0.3199,0.314,1050,1,20963.7,54,2895,0.0114,0.0028,0.311,8.03,0.38
2729062400,P1,교육,138,501.0,0.4928,515.9,40.2,21.8,대구광역시 달서구 상인1동,27290,달서구,1.4947,31919,21354.8,92.02,0.2073,0.3199,0.314,1050,1,20963.7,54,2895,0.1314,0.0197,2.222,92.33,4.32
2729062400,Q1,보건의료,23,216.4,0.9565,1290.9,16.3,12.0,대구광역시 달서구 상인1동,27290,달서구,1.4947,31919,21354.8,92.02,0.2073,0.3199,0.314,1050,1,20963.7,54,2895,0.0219,0.015,1.694,15.39,0.72
2729062400,R1,예술·스포츠,55,557.3,0.4545,693.6,23.9,8.0,대구광역시 달서구 상인1동,27290,달서구,1.4947,31919,21354.8,92.02,0.2073,0.3199,0.314,1050,1,20963.7,54,2895,0.0524,0.0108,1.215,36.8,1.72
2729062400,S2,수리·개인,130,545.3,0.4692,580.8,39.0,22.6,대구광역시 달서구 상인1동,27290,달서구,1.4947,31919,21354.8,92.02,0.2073,0.3199,0.314,1050,1,20963.7,54,2895,0.1238,0.0079,0.895,86.97,4.07
2729062500,G2,소매,246,494.5,0.5407,515.0,111.1,14.7,대구광역시 달서구 상인2동,27290,달서구,0.9567,16737,17494.5,97.72,0.2713,0.2789,0.3474,1185,0,0.0,33,927,0.2076,0.0081,0.805,257.13,14.7
2729062500,I1,숙박,3,129.9,1.0,759.3,3.0,3.0,대구광역시 달서구 상인2동,27290,달서구,0.9567,16737,17494.5,97.72,0.2713,0.2789,0.3474,1185,0,0.0,33,927,0.0025,0.0026,0.258,3.14,0.18
2729062500,I2,음식,492,511.8,0.5488,620.7,168.4,44.7,대구광역시 달서구 상인2동,27290,달서구,0.9567,16737,17494.5,97.72,0.2713,0.2789,0.3474,1185,0,0.0,33,927,0.4152,0.013,1.294,514.27,29.4
2729062500,L1,부동산,28,522.7,0.4286,579.6,8.8,8.8,대구광역시 달서구 상인2동,27290,달서구,0.9567,16737,17494.5,97.72,0.2713,0.2789,0.3474,1185,0,0.0,33,927,0.0236,0.0067,0.671,29.27,1.67
2729062500,M1,과학·기술,61,520.5,0.5574,537.4,18.8,2.9,대구광역시 달서구 상인2동,27290,달서구,0.9567,16737,17494.5,97.72,0.2713,0.2789,0.3474,1185,0,0.0,33,927,0.0515,0.006,0.599,63.76,3.64
2729062500,N1,시설관리·임대,33,576.0,0.4545,565.0,8.2,2.2,대구광역시 달서구 상인2동,27290,달서구,0.9567,16737,17494.5,97.72,0.2713,0.2789,0.3474,1185,0,0.0,33,927,0.0278,0.0076,0.758,34.49,1.97
2729062500,P1,교육,44,467.9,0.5227,757.5,19.2,9.2,대구광역시 달서구 상인2동,27290,달서구,0.9567,16737,17494.5,97.72,0.2713,0.2789,0.3474,1185,0,0.0,33,927,0.0371,0.0063,0.628,45.99,2.63
2729062500,Q1,보건의료,13,172.0,1.0,1132.5,16.2,10.2,대구광역시 달서구 상인2동,27290,달서구,0.9567,16737,17494.5,97.72,0.2713,0.2789,0.3474,1185,0,0.0,33,927,0.011,0.0085,0.849,13.59,0.78
2729062500,R1,예술·스포츠,84,555.5,0.5714,700.6,24.6,12.5,대구광역시 달서구 상인2동,27290,달서구,0.9567,16737,17494.5,97.72,0.2713,0.2789,0.3474,1185,0,0.0,33,927,0.0709,0.0165,1.644,87.8,5.02
2729062500,S2,수리·개인,181,532.1,0.4917,343.2,65.1,32.5,대구광역시 달서구 상인2동,27290,달서구,0.9567,16737,17494.5,97.72,0.2713,0.2789,0.3474,1185,0,0.0,33,927,0.1527,0.011,1.104,189.19,10.81
2729062600,G2,소매,95,1429.9,0.0,252.1,52.6,4.9,대구광역시 달서구 상인3동,27290,달서구,3.3085,9445,2854.8,91.31,0.1302,0.2488,0.5707,363,0,0.0,13,464,0.2617,0.0031,1.015,28.71,10.06
2729062600,I2,음식,129,1254.7,0.0,387.6,111.6,32.6,대구광역시 달서구 상인3동,27290,달서구,3.3085,9445,2854.8,91.31,0.1302,0.2488,0.5707,363,0,0.0,13,464,0.3554,0.0034,1.108,38.99,13.66
2729062600,L1,부동산,8,1420.4,0.0,325.2,4.1,4.1,대구광역시 달서구 상인3동,27290,달서구,3.3085,9445,2854.8,91.31,0.1302,0.2488,0.5707,363,0,0.0,13,464,0.022,0.0019,0.626,2.42,0.85
2729062600,M1,과학·기술,20,1195.6,0.0,391.6,26.2,6.5,대구광역시 달서구 상인3동,27290,달서구,3.3085,9445,2854.8,91.31,0.1302,0.2488,0.5707,363,0,0.0,13,464,0.0551,0.002,0.641,6.05,2.12
2729062600,N1,시설관리·임대,13,1473.2,0.0,275.2,8.2,0.5,대구광역시 달서구 상인3동,27290,달서구,3.3085,9445,2854.8,91.31,0.1302,0.2488,0.5707,363,0,0.0,13,464,0.0358,0.003,0.974,3.93,1.38
2729062600,P1,교육,11,1330.1,0.0,307.2,8.4,7.5,대구광역시 달서구 상인3동,27290,달서구,3.3085,9445,2854.8,91.31,0.1302,0.2488,0.5707,363,0,0.0,13,464,0.0303,0.0016,0.512,3.32,1.16
2729062600,Q1,보건의료,2,997.0,0.0,441.5,1.0,1.0,대구광역시 달서구 상인3동,27290,달서구,3.3085,9445,2854.8,91.31,0.1302,0.2488,0.5707,363,0,0.0,13,464,0.0055,0.0013,0.426,0.6,0.21
2729062600,R1,예술·스포츠,29,1167.3,0.0,355.9,31.2,15.2,대구광역시 달서구 상인3동,27290,달서구,3.3085,9445,2854.8,91.31,0.1302,0.2488,0.5707,363,0,0.0,13,464,0.0799,0.0057,1.853,8.77,3.07
2729062600,S2,수리·개인,56,1365.0,0.0,293.7,41.2,17.1,대구광역시 달서구 상인3동,27290,달서구,3.3085,9445,2854.8,91.31,0.1302,0.2488,0.5707,363,0,0.0,13,464,0.1543,0.0034,1.115,16.93,5.93
2729062800,G2,소매,149,1262.4,0.0,374.8,69.8,10.2,대구광역시 달서구 도원동,27290,달서구,11.188,30857,2758.0,90.33,0.19,0.3045,0.3895,659,0,0.0,41,1977,0.2261,0.0049,0.877,13.32,4.83
2729062800,I2,음식,247,1564.4,0.0,308.1,82.9,23.3,대구광역시 달서구 도원동,27290,달서구,11.188,30857,2758.0,90.33,0.19,0.3045,0.3895,659,0,0.0,41,1977,0.3748,0.0065,1.168,22.08,8.0
2729062800,L1,부동산,24,1270.9,0.0,263.2,5.7,5.7,대구광역시 달서구 도원동,27290,달서구,11.188,30857,2758.0,90.33,0.19,0.3045,0.3895,659,0,0.0,41,1977,0.0364,0.0058,1.035,2.15,0.78
2729062800,M1,과학·기술,24,1510.5,0.0,238.0,5.9,1.0,대구광역시 달서구 도원동,27290,달서구,11.188,30857,2758.0,90.33,0.19,0.3045,0.3895,659,0,0.0,41,1977,0.0364,0.0024,0.424,2.15,0.78
2729062800,N1,시설관리·임대,6,1309.1,0.0,410.3,2.5,0.3,대구광역시 달서구 도원동,27290,달서구,11.188,30857,2758.0,90.33,0.19,0.3045,0.3895,659,0,0.0,41,1977,0.0091,0.0014,0.248,0.54,0.19
2729062800,P1,교육,51,1208.9,0.0,397.4,20.9,10.5,대구광역시 달서구 도원동,27290,달서구,11.188,30857,2758.0,90.33,0.19,0.3045,0.3895,659,0,0.0,41,1977,0.0774,0.0073,1.308,4.56,1.65
2729062800,Q1,보건의료,10,1510.5,0.0,424.9,3.0,3.0,대구광역시 달서구 도원동,27290,달서구,11.188,30857,2758.0,90.33,0.19,0.3045,0.3895,659,0,0.0,41,1977,0.0152,0.0065,1.174,0.89,0.32
2729062800,R1,예술·스포츠,50,1152.8,0.0,411.4,34.1,12.5,대구광역시 달서구 도원동,27290,달서구,11.188,30857,2758.0,90.33,0.19,0.3045,0.3895,659,0,0.0,41,1977,0.0759,0.0098,1.759,4.47,1.62
2729062800,S2,수리·개인,98,1299.4,0.0,311.6,30.7,19.9,대구광역시 달서구 도원동,27290,달서구,11.188,30857,2758.0,90.33,0.19,0.3045,0.3895,659,0,0.0,41,1977,0.1487,0.006,1.074,8.76,3.18
2729063000,G2,소매,203,366.5,0.7685,198.6,63.2,7.7,대구광역시 달서구 송현1동,27290,달서구,2.4579,15927,6479.9,100.84,0.2173,0.2945,0.4131,837,1,6693.2,22,743,0.2425,0.0067,0.941,82.59,12.75
2729063000,I1,숙박,1,760.7,0.0,179.0,0.0,0.0,대구광역시 달서구 송현1동,27290,달서구,2.4579,15927,6479.9,100.84,0.2173,0.2945,0.4131,837,1,6693.2,22,743,0.0012,0.0009,0.122,0.41,0.06
2729063000,I2,음식,204,362.2,0.8431,264.1,89.8,26.6,대구광역시 달서구 송현1동,27290,달서구,2.4579,15927,6479.9,100.84,0.2173,0.2945,0.4131,837,1,6693.2,22,743,0.2437,0.0054,0.76,83.0,12.81
2729063000,L1,부동산,29,293.8,0.9655,237.3,11.1,11.1,대구광역시 달서구 송현1동,27290,달서구,2.4579,15927,6479.9,100.84,0.2173,0.2945,0.4131,837,1,6693.2,22,743,0.0346,0.007,0.984,11.8,1.82
2729063000,M1,과학·기술,79,383.3,0.7089,200.5,20.1,3.4,대구광역시 달서구 송현1동,27290,달서구,2.4579,15927,6479.9,100.84,0.2173,0.2945,0.4131,837,1,6693.2,22,743,0.0944,0.0078,1.098,32.14,4.96
2729063000,N1,시설관리·임대,47,416.3,0.6596,185.9,12.2,2.9,대구광역시 달서구 송현1동,27290,달서구,2.4579,15927,6479.9,100.84,0.2173,0.2945,0.4131,837,1,6693.2,22,743,0.0562,0.0108,1.528,19.12,2.95
2729063000,P1,교육,45,379.6,0.7778,174.4,15.0,8.5,대구광역시 달서구 송현1동,27290,달서구,2.4579,15927,6479.9,100.84,0.2173,0.2945,0.4131,837,1,6693.2,22,743,0.0538,0.0064,0.909,18.31,2.83
2729063000,Q1,보건의료,5,241.5,1.0,272.6,4.0,2.6,대구광역시 달서구 송현1동,27290,달서구,2.4579,15927,6479.9,100.84,0.2173,0.2945,0.4131,837,1,6693.2,22,743,0.006,0.0033,0.462,2.03,0.31
2729063000,R1,예술·스포츠,39,339.6,0.8462,212.7,15.1,6.8,대구광역시 달서구 송현1동,27290,달서구,2.4579,15927,6479.9,100.84,0.2173,0.2945,0.4131,837,1,6693.2,22,743,0.0466,0.0076,1.08,15.87,2.45
2729063000,S2,수리·개인,185,365.0,0.7946,170.7,60.4,31.5,대구광역시 달서구 송현1동,27290,달서구,2.4579,15927,6479.9,100.84,0.2173,0.2945,0.4131,837,1,6693.2,22,743,0.221,0.0113,1.597,75.27,11.62
2729064000,G2,소매,254,468.5,0.5748,401.2,111.5,17.1,대구광역시 달서구 송현2동,27290,달서구,0.9693,17618,18176.0,90.16,0.2108,0.2829,0.4147,1011,1,7829.2,33,831,0.2512,0.0083,0.974,262.04,14.42
2729064000,I1,숙박,2,256.8,1.0,420.0,0.0,0.0,대구광역시 달서구 송현2동,27290,달서구,0.9693,17618,18176.0,90.16,0.2108,0.2829,0.4147,1011,1,7829.2,33,831,0.002,0.0017,0.202,2.06,0.11
2729064000,I2,음식,337,429.1,0.6706,409.2,113.4,38.9,대구광역시 달서구 송현2동,27290,달서구,0.9693,17618,18176.0,90.16,0.2108,0.2829,0.4147,1011,1,7829.2,33,831,0.3333,0.0089,1.039,347.67,19.13
2729064000,L1,부동산,27,460.7,0.5926,323.9,10.5,10.5,대구광역시 달서구 송현2동,27290,달서구,0.9693,17618,18176.0,90.16,0.2108,0.2829,0.4147,1011,1,7829.2,33,831,0.0267,0.0065,0.759,27.86,1.53
2729064000,M1,과학·기술,74,475.4,0.6486,300.9,25.5,4.3,대구광역시 달서구 송현2동,27290,달서구,0.9693,17618,18176.0,90.16,0.2108,0.2829,0.4147,1011,1,7829.2,33,831,0.0732,0.0073,0.852,76.34,4.2
2729064000,N1,시설관리·임대,48,398.5,0.7292,304.1,16.1,4.6,대구광역시 달서구 송현2동,27290,달서구,0.9693,17618,18176.0,90.16,0.2108,0.2829,0.4147,1011,1,7829.2,33,831,0.0475,0.011,1.292,49.52,2.72
2729064000,P1,교육,27,397.2,0.7037,273.7,9.2,5.7,대구광역시 달서구 송현2동,27290,달서구,0.9693,17618,18176.0,90.16,0.2108,0.2829,0.4147,1011,1,7829.2,33,831,0.0267,0.0039,0.451,27.86,1.53
2729064000,Q1,보건의료,13,654.5,0.1538,665.3,12.2,9.5,대구광역시 달서구 송현2동,27290,달서구,0.9693,17618,18176.0,90.16,0.2108,0.2829,0.4147,1011,1,7829.2,33,831,0.0129,0.0085,0.995,13.41,0.74
2729064000,R1,예술·스포츠,45,436.6,0.7111,465.2,17.2,9.0,대구광역시 달서구 송현2동,27290,달서구,0.9693,17618,18176.0,90.16,0.2108,0.2829,0.4147,1011,1,7829.2,33,831,0.0445,0.0088,1.032,46.43,2.55
2729064000,S2,수리·개인,184,458.7,0.5924,323.7,52.0,23.5,대구광역시 달서구 송현2동,27290,달서구,0.9693,17618,18176.0,90.16,0.2108,0.2829,0.4147,1011,1,7829.2,33,831,0.182,0.0112,1.315,189.83,10.44
2729065000,G2,소매,105,1350.5,0.0,353.9,35.5,3.6,대구광역시 달서구 본동,27290,달서구,1.0557,13148,12454.3,96.03,0.2265,0.3169,0.3476,513,0,0.0,31,1481,0.2047,0.0034,0.794,99.46,7.99
2729065000,I1,숙박,6,1536.3,0.0,709.3,5.0,5.0,대구광역시 달서구 본동,27290,달서구,1.0557,13148,12454.3,96.03,0.2265,0.3169,0.3476,513,0,0.0,31,1481,0.0117,0.0052,1.192,5.68,0.46
2729065000,I2,음식,177,1476.7,0.0,392.3,70.6,22.7,대구광역시 달서구 본동,27290,달서구,1.0557,13148,12454.3,96.03,0.2265,0.3169,0.3476,513,0,0.0,31,1481,0.345,0.0047,1.075,167.66,13.46
2729065000,L1,부동산,29,1248.4,0.0,419.6,11.6,11.6,대구광역시 달서구 본동,27290,달서구,1.0557,13148,12454.3,96.03,0.2265,0.3169,0.3476,513,0,0.0,31,1481,0.0565,0.007,1.606,27.47,2.21
2729065000,M1,과학·기술,46,1337.5,0.0,307.3,20.2,4.9,대구광역시 달서구 본동,27290,달서구,1.0557,13148,12454.3,96.03,0.2265,0.3169,0.3476,513,0,0.0,31,1481,0.0897,0.0045,1.043,43.57,3.5
2729065000,N1,시설관리·임대,30,1356.4,0.0,364.7,11.2,2.7,대구광역시 달서구 본동,27290,달서구,1.0557,13148,12454.3,96.03,0.2265,0.3169,0.3476,513,0,0.0,31,1481,0.0585,0.0069,1.591,28.42,2.28
2729065000,P1,교육,11,1284.5,0.0,341.8,2.5,0.7,대구광역시 달서구 본동,27290,달서구,1.0557,13148,12454.3,96.03,0.2265,0.3169,0.3476,513,0,0.0,31,1481,0.0214,0.0016,0.363,10.42,0.84
2729065000,Q1,보건의료,3,1238.5,0.0,300.7,0.0,0.0,대구광역시 달서구 본동,27290,달서구,1.0557,13148,12454.3,96.03,0.2265,0.3169,0.3476,513,0,0.0,31,1481,0.0058,0.002,0.452,2.84,0.23
2729065000,R1,예술·스포츠,29,1242.6,0.0,336.8,9.3,5.2,대구광역시 달서구 본동,27290,달서구,1.0557,13148,12454.3,96.03,0.2265,0.3169,0.3476,513,0,0.0,31,1481,0.0565,0.0057,1.311,27.47,2.21
2729065000,S2,수리·개인,77,1437.2,0.0,365.2,34.0,8.5,대구광역시 달서구 본동,27290,달서구,1.0557,13148,12454.3,96.03,0.2265,0.3169,0.3476,513,0,0.0,31,1481,0.1501,0.0047,1.084,72.94,5.86
2771025000,G2,소매,421,453.4,0.6247,184.3,49.5,7.4,대구광역시 달성군 화원읍,27710,달성군,25.9877,45354,1745.2,96.77,0.2062,0.312,0.3537,1512,2,17158.0,64,2363,0.2784,0.0138,1.08,16.2,9.28
2771025000,I1,숙박,2,407.0,0.5,305.0,0.0,0.0,대구광역시 달성군 화원읍,27710,달성군,25.9877,45354,1745.2,96.77,0.2062,0.312,0.3537,1512,2,17158.0,64,2363,0.0013,0.0017,0.135,0.08,0.04
2771025000,I2,음식,476,516.5,0.645,170.3,64.9,21.0,대구광역시 달성군 화원읍,27710,달성군,25.9877,45354,1745.2,96.77,0.2062,0.312,0.3537,1512,2,17158.0,64,2363,0.3148,0.0125,0.981,18.32,10.5
2771025000,L1,부동산,62,484.5,0.5161,168.2,5.7,5.7,대구광역시 달성군 화원읍,27710,달성군,25.9877,45354,1745.2,96.77,0.2062,0.312,0.3537,1512,2,17158.0,64,2363,0.041,0.0149,1.165,2.39,1.37
2771025000,M1,과학·기술,78,477.9,0.5513,154.7,7.1,0.8,대구광역시 달성군 화원읍,27710,달성군,25.9877,45354,1745.2,96.77,0.2062,0.312,0.3537,1512,2,17158.0,64,2363,0.0516,0.0077,0.6,3.0,1.72
2771025000,N1,시설관리·임대,56,507.4,0.5357,194.5,4.7,0.7,대구광역시 달성군 화원읍,27710,달성군,25.9877,45354,1745.2,96.77,0.2062,0.312,0.3537,1512,2,17158.0,64,2363,0.037,0.0129,1.008,2.15,1.23
2771025000,P1,교육,66,509.5,0.4697,160.9,7.8,3.8,대구광역시 달성군 화원읍,27710,달성군,25.9877,45354,1745.2,96.77,0.2062,0.312,0.3537,1512,2,17158.0,64,2363,0.0437,0.0094,0.738,2.54,1.46
2771025000,Q1,보건의료,15,212.6,0.8667,243.1,5.4,5.4,대구광역시 달성군 화원읍,27710,달성군,25.9877,45354,1745.2,96.77,0.2062,0.312,0.3537,1512,2,17158.0,64,2363,0.0099,0.0098,0.767,0.58,0.33
2771025000,R1,예술·스포츠,80,455.3,0.6125,174.0,11.1,4.4,대구광역시 달성군 화원읍,27710,달성군,25.9877,45354,1745.2,96.77,0.2062,0.312,0.3537,1512,2,17158.0,64,2363,0.0529,0.0157,1.227,3.08,1.76
2771025000,S2,수리·개인,256,449.1,0.6016,165.1,30.3,13.6,대구광역시 달성군 화원읍,27710,달성군,25.9877,45354,1745.2,96.77,0.2062,0.312,0.3537,1512,2,17158.0,64,2363,0.1693,0.0156,1.223,9.85,5.64
2771025300,G2,소매,311,8181.3,0.0,78.5,43.3,6.9,대구광역시 달성군 논공읍,27710,달성군,44.0501,14804,336.1,118.32,0.1753,0.3529,0.3673,1021,0,0.0,42,1664,0.3046,0.0102,1.181,7.06,21.01
2771025300,I1,숙박,12,8442.8,0.0,75.2,0.5,0.2,대구광역시 달성군 논공읍,27710,달성군,44.0501,14804,336.1,118.32,0.1753,0.3529,0.3673,1021,0,0.0,42,1664,0.0118,0.0103,1.198,0.27,0.81
2771025300,I2,음식,327,8299.2,0.0,83.5,71.3,20.3,대구광역시 달성군 논공읍,27710,달성군,44.0501,14804,336.1,118.32,0.1753,0.3529,0.3673,1021,0,0.0,42,1664,0.3203,0.0086,0.998,7.42,22.09
2771025300,L1,부동산,47,7727.9,0.0,55.0,5.4,5.4,대구광역시 달성군 논공읍,27710,달성군,44.0501,14804,336.1,118.32,0.1753,0.3529,0.3673,1021,0,0.0,42,1664,0.046,0.0113,1.308,1.07,3.17
2771025300,M1,과학·기술,41,7169.8,0.0,36.9,3.8,1.5,대구광역시 달성군 논공읍,27710,달성군,44.0501,14804,336.1,118.32,0.1753,0.3529,0.3673,1021,0,0.0,42,1664,0.0402,0.004,0.467,0.93,2.77
2771025300,N1,시설관리·임대,54,8288.3,0.0,72.9,3.6,1.7,대구광역시 달성군 논공읍,27710,달성군,44.0501,14804,336.1,118.32,0.1753,0.3529,0.3673,1021,0,0.0,42,1664,0.0529,0.0124,1.439,1.23,3.65
2771025300,P1,교육,14,8501.7,0.0,81.6,1.9,1.0,대구광역시 달성군 논공읍,27710,달성군,44.0501,14804,336.1,118.32,0.1753,0.3529,0.3673,1021,0,0.0,42,1664,0.0137,0.002,0.232,0.32,0.95
2771025300,Q1,보건의료,5,8197.5,0.0,154.8,0.8,0.0,대구광역시 달성군 논공읍,27710,달성군,44.0501,14804,336.1,118.32,0.1753,0.3529,0.3673,1021,0,0.0,42,1664,0.0049,0.0033,0.379,0.11,0.34
2771025300,R1,예술·스포츠,58,8442.9,0.0,82.5,18.6,11.9,대구광역시 달성군 논공읍,27710,달성군,44.0501,14804,336.1,118.32,0.1753,0.3529,0.3673,1021,0,0.0,42,1664,0.0568,0.0114,1.317,1.32,3.92
2771025300,S2,수리·개인,152,8413.1,0.0,71.6,30.1,11.7,대구광역시 달성군 논공읍,27710,달성군,44.0501,14804,336.1,118.32,0.1753,0.3529,0.3673,1021,0,0.0,42,1664,0.1489,0.0093,1.076,3.45,10.27
2771025600,G2,소매,514,1202.3,0.358,484.4,53.5,7.3,대구광역시 달성군 다사읍,27710,달성군,36.8156,88904,2414.8,99.26,0.2182,0.3536,0.2099,2317,3,24793.4,133,4705,0.2218,0.0168,0.86,13.96,5.78
2771025600,I1,숙박,3,1057.9,0.3333,400.0,0.0,0.0,대구광역시 달성군 다사읍,27710,달성군,36.8156,88904,2414.8,99.26,0.2182,0.3536,0.2099,2317,3,24793.4,133,4705,0.0013,0.0026,0.132,0.08,0.03
2771025600,I2,음식,846,1306.4,0.2979,456.3,79.8,23.4,대구광역시 달성군 다사읍,27710,달성군,36.8156,88904,2414.8,99.26,0.2182,0.3536,0.2099,2317,3,24793.4,133,4705,0.3651,0.0223,1.138,22.98,9.52
2771025600,L1,부동산,88,1119.7,0.3523,358.9,8.1,8.1,대구광역시 달성군 다사읍,27710,달성군,36.8156,88904,2414.8,99.26,0.2182,0.3536,0.2099,2317,3,24793.4,133,4705,0.038,0.0211,1.079,2.39,0.99
2771025600,M1,과학·기술,98,1414.1,0.2551,388.1,8.2,1.9,대구광역시 달성군 다사읍,27710,달성군,36.8156,88904,2414.8,99.26,0.2182,0.3536,0.2099,2317,3,24793.4,133,4705,0.0423,0.0096,0.492,2.66,1.1
2771025600,N1,시설관리·임대,50,1438.2,0.1,321.9,3.3,1.1,대구광역시 달성군 다사읍,27710,달성군,36.8156,88904,2414.8,99.26,0.2182,0.3536,0.2099,2317,3,24793.4,133,4705,0.0216,0.0115,0.587,1.36,0.56
2771025600,P1,교육,214,1123.2,0.4813,531.8,28.1,13.6,대구광역시 달성군 다사읍,27710,달성군,36.8156,88904,2414.8,99.26,0.2182,0.3536,0.2099,2317,3,24793.4,133,4705,0.0924,0.0306,1.561,5.81,2.41
2771025600,Q1,보건의료,29,632.6,0.6897,947.0,12.4,10.5,대구광역시 달성군 다사읍,27710,달성군,36.8156,88904,2414.8,99.26,0.2182,0.3536,0.2099,2317,3,24793.4,133,4705,0.0125,0.019,0.968,0.79,0.33
2771025600,R1,예술·스포츠,144,1131.2,0.4861,699.8,30.5,12.5,대구광역시 달성군 다사읍,27710,달성군,36.8156,88904,2414.8,99.26,0.2182,0.3536,0.2099,2317,3,24793.4,133,4705,0.0621,0.0282,1.441,3.91,1.62
2771025600,S2,수리·개인,331,1274.7,0.3082,418.6,29.4,15.7,대구광역시 달성군 다사읍,27710,달성군,36.8156,88904,2414.8,99.26,0.2182,0.3536,0.2099,2317,3,24793.4,133,4705,0.1429,0.0202,1.032,8.99,3.72
2771025900,G2,소매,201,12181.3,0.0,847.5,48.4,6.3,대구광역시 달성군 유가읍,27710,달성군,56.1887,31236,555.9,103.64,0.2212,0.3647,0.1438,1117,0,0.0,60,4302,0.1799,0.0066,0.698,3.58,6.43
2771025900,I1,숙박,3,11677.4,0.0,18.7,0.0,0.0,대구광역시 달성군 유가읍,27710,달성군,56.1887,31236,555.9,103.64,0.2212,0.3647,0.1438,1117,0,0.0,60,4302,0.0027,0.0026,0.274,0.05,0.1
2771025900,I2,음식,463,12190.5,0.0,1086.3,172.4,42.1,대구광역시 달성군 유가읍,27710,달성군,56.1887,31236,555.9,103.64,0.2212,0.3647,0.1438,1117,0,0.0,60,4302,0.4145,0.0122,1.292,8.24,14.82
2771025900,L1,부동산,33,12286.4,0.0,765.3,7.7,7.7,대구광역시 달성군 유가읍,27710,달성군,56.1887,31236,555.9,103.64,0.2212,0.3647,0.1438,1117,0,0.0,60,4302,0.0295,0.0079,0.839,0.59,1.06
2771025900,M1,과학·기술,55,12149.2,0.0,1099.7,17.2,3.1,대구광역시 달성군 유가읍,27710,달성군,56.1887,31236,555.9,103.64,0.2212,0.3647,0.1438,1117,0,0.0,60,4302,0.0492,0.0054,0.573,0.98,1.76
2771025900,N1,시설관리·임대,24,12500.0,0.0,640.1,3.0,0.8,대구광역시 달성군 유가읍,27710,달성군,56.1887,31236,555.9,103.64,0.2212,0.3647,0.1438,1117,0,0.0,60,4302,0.0215,0.0055,0.585,0.43,0.77
2771025900,P1,교육,118,12099.1,0.0,1328.0,61.0,29.1,대구광역시 달성군 유가읍,27710,달성군,56.1887,31236,555.9,103.64,0.2212,0.3647,0.1438,1117,0,0.0,60,4302,0.1056,0.0169,1.786,2.1,3.78
2771025900,Q1,보건의료,18,11982.0,0.0,1496.2,13.1,11.4,대구광역시 달성군 유가읍,27710,달성군,56.1887,31236,555.9,103.64,0.2212,0.3647,0.1438,1117,0,0.0,60,4302,0.0161,0.0118,1.247,0.32,0.58
2771025900,R1,예술·스포츠,72,12100.7,0.0,1394.1,41.4,15.2,대구광역시 달성군 유가읍,27710,달성군,56.1887,31236,555.9,103.64,0.2212,0.3647,0.1438,1117,0,0.0,60,4302,0.0645,0.0141,1.495,1.28,2.31
2771025900,S2,수리·개인,130,12073.8,0.0,857.9,34.8,21.9,대구광역시 달성군 유가읍,27710,달성군,56.1887,31236,555.9,103.64,0.2212,0.3647,0.1438,1117,0,0.0,60,4302,0.1164,0.0079,0.841,2.31,4.16
2771026200,G2,소매,186,3933.2,0.0,118.7,16.8,2.0,대구광역시 달성군 옥포읍,27710,달성군,47.4421,22138,466.6,100.74,0.1712,0.3171,0.3557,731,0,0.0,39,937,0.2544,0.0061,0.987,3.92,8.4
2771026200,I1,숙박,10,4002.0,0.0,41.8,1.0,1.0,대구광역시 달성군 옥포읍,27710,달성군,47.4421,22138,466.6,100.74,0.1712,0.3171,0.3557,731,0,0.0,39,937,0.0137,0.0086,1.395,0.21,0.45
2771026200,I2,음식,263,4317.3,0.0,164.1,36.6,12.4,대구광역시 달성군 옥포읍,27710,달성군,47.4421,22138,466.6,100.74,0.1712,0.3171,0.3557,731,0,0.0,39,937,0.3598,0.0069,1.121,5.54,11.88
2771026200,L1,부동산,34,3662.5,0.0,84.6,3.1,3.1,대구광역시 달성군 옥포읍,27710,달성군,47.4421,22138,466.6,100.74,0.1712,0.3171,0.3557,731,0,0.0,39,937,0.0465,0.0082,1.321,0.72,1.54
2771026200,M1,과학·기술,38,3947.5,0.0,90.7,2.4,0.5,대구광역시 달성군 옥포읍,27710,달성군,47.4421,22138,466.6,100.74,0.1712,0.3171,0.3557,731,0,0.0,39,937,0.052,0.0037,0.605,0.8,1.72
2771026200,N1,시설관리·임대,15,3623.2,0.0,31.7,0.5,0.1,대구광역시 달성군 옥포읍,27710,달성군,47.4421,22138,466.6,100.74,0.1712,0.3171,0.3557,731,0,0.0,39,937,0.0205,0.0034,0.558,0.32,0.68
2771026200,P1,교육,44,4356.9,0.0,263.2,17.0,8.7,대구광역시 달성군 옥포읍,27710,달성군,47.4421,22138,466.6,100.74,0.1712,0.3171,0.3557,731,0,0.0,39,937,0.0602,0.0063,1.018,0.93,1.99
2771026200,Q1,보건의료,8,4483.0,0.0,341.0,3.8,2.5,대구광역시 달성군 옥포읍,27710,달성군,47.4421,22138,466.6,100.74,0.1712,0.3171,0.3557,731,0,0.0,39,937,0.0109,0.0052,0.847,0.17,0.36
2771026200,R1,예술·스포츠,31,4494.2,0.0,262.0,8.1,2.6,대구광역시 달성군 옥포읍,27710,달성군,47.4421,22138,466.6,100.74,0.1712,0.3171,0.3557,731,0,0.0,39,937,0.0424,0.0061,0.983,0.65,1.4
2771026200,S2,수리·개인,102,3909.1,0.0,158.9,12.3,6.4,대구광역시 달성군 옥포읍,27710,달성군,47.4421,22138,466.6,100.74,0.1712,0.3171,0.3557,731,0,0.0,39,937,0.1395,0.0062,1.008,2.15,4.61
2771026500,G2,소매,323,12410.6,0.0,376.0,50.5,6.3,대구광역시 달성군 현풍읍,27710,달성군,24.3321,20887,858.4,112.07,0.2628,0.3082,0.2697,1373,0,0.0,76,3238,0.2353,0.0106,0.912,13.27,15.46
2771026500,I1,숙박,9,11758.8,0.0,520.1,1.6,1.6,대구광역시 달성군 현풍읍,27710,달성군,24.3321,20887,858.4,112.07,0.2628,0.3082,0.2697,1373,0,0.0,76,3238,0.0066,0.0078,0.668,0.37,0.43
2771026500,I2,음식,567,12137.4,0.0,515.0,97.4,29.3,대구광역시 달성군 현풍읍,27710,달성군,24.3321,20887,858.4,112.07,0.2628,0.3082,0.2697,1373,0,0.0,76,3238,0.413,0.0149,1.287,23.3,27.15
2771026500,L1,부동산,58,12289.7,0.0,618.7,9.8,9.8,대구광역시 달성군 현풍읍,27710,달성군,24.3321,20887,858.4,112.07,0.2628,0.3082,0.2697,1373,0,0.0,76,3238,0.0422,0.0139,1.2,2.38,2.78
2771026500,M1,과학·기술,50,12333.4,0.0,513.2,7.7,1.0,대구광역시 달성군 현풍읍,27710,달성군,24.3321,20887,858.4,112.07,0.2628,0.3082,0.2697,1373,0,0.0,76,3238,0.0364,0.0049,0.424,2.05,2.39
2771026500,N1,시설관리·임대,55,12591.2,0.0,226.8,5.5,2.8,대구광역시 달성군 현풍읍,27710,달성군,24.3321,20887,858.4,112.07,0.2628,0.3082,0.2697,1373,0,0.0,76,3238,0.0401,0.0126,1.09,2.26,2.63
2771026500,P1,교육,39,12235.7,0.0,768.3,14.1,8.7,대구광역시 달성군 현풍읍,27710,달성군,24.3321,20887,858.4,112.07,0.2628,0.3082,0.2697,1373,0,0.0,76,3238,0.0284,0.0056,0.48,1.6,1.87
2771026500,Q1,보건의료,5,12273.5,0.0,1258.0,2.4,0.4,대구광역시 달성군 현풍읍,27710,달성군,24.3321,20887,858.4,112.07,0.2628,0.3082,0.2697,1373,0,0.0,76,3238,0.0036,0.0033,0.282,0.21,0.24
2771026500,R1,예술·스포츠,68,12279.9,0.0,901.5,24.4,9.9,대구광역시 달성군 현풍읍,27710,달성군,24.3321,20887,858.4,112.07,0.2628,0.3082,0.2697,1373,0,0.0,76,3238,0.0495,0.0133,1.148,2.79,3.26
2771026500,S2,수리·개인,199,12294.5,0.0,489.4,30.3,13.4,대구광역시 달성군 현풍읍,27710,달성군,24.3321,20887,858.4,112.07,0.2628,0.3082,0.2697,1373,0,0.0,76,3238,0.1449,0.0121,1.047,8.18,9.53
2771031000,G2,소매,87,5104.2,0.0,161.3,5.3,0.7,대구광역시 달성군 가창면,27710,달성군,110.4332,6719,60.8,96.52,0.1131,0.2448,0.5547,388,0,0.0,32,2291,0.2242,0.0029,0.87,0.79,12.95
2771031000,I1,숙박,16,9146.7,0.0,7.6,0.5,0.4,대구광역시 달성군 가창면,27710,달성군,110.4332,6719,60.8,96.52,0.1131,0.2448,0.5547,388,0,0.0,32,2291,0.0412,0.0138,4.204,0.14,2.38
2771031000,I2,음식,177,5958.4,0.0,141.1,8.6,3.4,대구광역시 달성군 가창면,27710,달성군,110.4332,6719,60.8,96.52,0.1131,0.2448,0.5547,388,0,0.0,32,2291,0.4562,0.0047,1.422,1.6,26.34
2771031000,L1,부동산,19,4549.6,0.0,168.2,2.1,2.1,대구광역시 달성군 가창면,27710,달성군,110.4332,6719,60.8,96.52,0.1131,0.2448,0.5547,388,0,0.0,32,2291,0.049,0.0046,1.391,0.17,2.83
2771031000,M1,과학·기술,29,4798.4,0.0,74.5,1.1,0.6,대구광역시 달성군 가창면,27710,달성군,110.4332,6719,60.8,96.52,0.1131,0.2448,0.5547,388,0,0.0,32,2291,0.0747,0.0029,0.87,0.26,4.32
2771031000,N1,시설관리·임대,14,5071.0,0.0,148.1,0.9,0.1,대구광역시 달성군 가창면,27710,달성군,110.4332,6719,60.8,96.52,0.1131,0.2448,0.5547,388,0,0.0,32,2291,0.0361,0.0032,0.982,0.13,2.08
2771031000,P1,교육,8,5183.1,0.0,89.2,0.2,0.2,대구광역시 달성군 가창면,27710,달성군,110.4332,6719,60.8,96.52,0.1131,0.2448,0.5547,388,0,0.0,32,2291,0.0206,0.0011,0.349,0.07,1.19
2771031000,Q1,보건의료,2,5817.1,0.0,84.0,0.0,0.0,대구광역시 달성군 가창면,27710,달성군,110.4332,6719,60.8,96.52,0.1131,0.2448,0.5547,388,0,0.0,32,2291,0.0052,0.0013,0.399,0.02,0.3
2771031000,R1,예술·스포츠,14,4851.3,0.0,171.3,1.0,0.4,대구광역시 달성군 가창면,27710,달성군,110.4332,6719,60.8,96.52,0.1131,0.2448,0.5547,388,0,0.0,32,2291,0.0361,0.0027,0.837,0.13,2.08
2771031000,S2,수리·개인,22,3639.0,0.0,107.0,3.8,1.8,대구광역시 달성군 가창면,27710,달성군,110.4332,6719,60.8,96.52,0.1131,0.2448,0.5547,388,0,0.0,32,2291,0.0567,0.0013,0.41,0.2,3.27
2771033000,G2,소매,56,3919.0,0.0,16.6,3.6,0.6,대구광역시 달성군 하빈면,27710,달성군,37.7234,3104,82.3,120.77,0.0999,0.2236,0.6376,177,0,0.0,16,850,0.3164,0.0018,1.227,1.48,18.04
2771033000,I1,숙박,3,3444.3,0.0,167.0,0.7,0.7,대구광역시 달성군 하빈면,27710,달성군,37.7234,3104,82.3,120.77,0.0999,0.2236,0.6376,177,0,0.0,16,850,0.0169,0.0026,1.728,0.08,0.97
2771033000,I2,음식,59,3323.2,0.0,10.7,7.8,4.3,대구광역시 달성군 하빈면,27710,달성군,37.7234,3104,82.3,120.77,0.0999,0.2236,0.6376,177,0,0.0,16,850,0.3333,0.0016,1.039,1.56,19.01
2771033000,L1,부동산,13,2969.6,0.0,3.3,3.2,3.2,대구광역시 달성군 하빈면,27710,달성군,37.7234,3104,82.3,120.77,0.0999,0.2236,0.6376,177,0,0.0,16,850,0.0734,0.0031,2.087,0.34,4.19
2771033000,M1,과학·기술,6,3406.4,0.0,3.0,0.3,0.3,대구광역시 달성군 하빈면,27710,달성군,37.7234,3104,82.3,120.77,0.0999,0.2236,0.6376,177,0,0.0,16,850,0.0339,0.0006,0.394,0.16,1.93
2771033000,N1,시설관리·임대,16,3256.8,0.0,31.2,0.6,0.2,대구광역시 달성군 하빈면,27710,달성군,37.7234,3104,82.3,120.77,0.0999,0.2236,0.6376,177,0,0.0,16,850,0.0904,0.0037,2.46,0.42,5.15
2771033000,P1,교육,3,3718.3,0.0,0.0,0.7,0.7,대구광역시 달성군 하빈면,27710,달성군,37.7234,3104,82.3,120.77,0.0999,0.2236,0.6376,177,0,0.0,16,850,0.0169,0.0004,0.287,0.08,0.97
2771033000,R1,예술·스포츠,4,3843.7,0.0,48.2,0.5,0.5,대구광역시 달성군 하빈면,27710,달성군,37.7234,3104,82.3,120.77,0.0999,0.2236,0.6376,177,0,0.0,16,850,0.0226,0.0008,0.524,0.11,1.29
2771033000,S2,수리·개인,17,4263.8,0.0,10.1,1.2,0.8,대구광역시 달성군 하빈면,27710,달성군,37.7234,3104,82.3,120.77,0.0999,0.2236,0.6376,177,0,0.0,16,850,0.096,0.001,0.694,0.45,5.48
2771038000,G2,소매,113,17184.7,0.0,88.9,12.7,2.4,대구광역시 달성군 구지면,27710,달성군,39.6367,18847,475.5,112.34,0.2483,0.3315,0.2042,693,0,0.0,59,2321,0.1631,0.0037,0.632,2.85,6.0
2771038000,I1,숙박,7,18925.3,0.0,228.9,1.7,1.7,대구광역시 달성군 구지면,27710,달성군,39.6367,18847,475.5,112.34,0.2483,0.3315,0.2042,693,0,0.0,59,2321,0.0101,0.006,1.03,0.18,0.37
2771038000,I2,음식,340,17230.0,0.0,81.9,57.6,18.7,대구광역시 달성군 구지면,27710,달성군,39.6367,18847,475.5,112.34,0.2483,0.3315,0.2042,693,0,0.0,59,2321,0.4906,0.009,1.529,8.58,18.04
2771038000,L1,부동산,41,16842.6,0.0,75.0,8.0,8.0,대구광역시 달성군 구지면,27710,달성군,39.6367,18847,475.5,112.34,0.2483,0.3315,0.2042,693,0,0.0,59,2321,0.0592,0.0098,1.681,1.03,2.18
2771038000,M1,과학·기술,23,17634.4,0.0,131.0,1.1,0.4,대구광역시 달성군 구지면,27710,달성군,39.6367,18847,475.5,112.34,0.2483,0.3315,0.2042,693,0,0.0,59,2321,0.0332,0.0023,0.386,0.58,1.22
2771038000,N1,시설관리·임대,21,17515.7,0.0,75.0,0.7,0.2,대구광역시 달성군 구지면,27710,달성군,39.6367,18847,475.5,112.34,0.2483,0.3315,0.2042,693,0,0.0,59,2321,0.0303,0.0048,0.825,0.53,1.11
2771038000,P1,교육,42,17057.3,0.0,74.2,11.1,5.7,대구광역시 달성군 구지면,27710,달성군,39.6367,18847,475.5,112.34,0.2483,0.3315,0.2042,693,0,0.0,59,2321,0.0606,0.006,1.025,1.06,2.23
2771038000,Q1,보건의료,5,17129.4,0.0,70.0,4.0,4.0,대구광역시 달성군 구지면,27710,달성군,39.6367,18847,475.5,112.34,0.2483,0.3315,0.2042,693,0,0.0,59,2321,0.0072,0.0033,0.558,0.13,0.27
2771038000,R1,예술·스포츠,28,17262.7,0.0,101.9,6.6,3.5,대구광역시 달성군 구지면,27710,달성군,39.6367,18847,475.5,112.34,0.2483,0.3315,0.2042,693,0,0.0,59,2321,0.0404,0.0055,0.937,0.71,1.49
2771038000,S2,수리·개인,73,17043.3,0.0,101.7,15.6,7.4,대구광역시 달성군 구지면,27710,달성군,39.6367,18847,475.5,112.34,0.2483,0.3315,0.2042,693,0,0.0,59,2321,0.1053,0.0045,0.761,1.84,3.87
2772025000,G2,소매,168,30548.3,0.0,0.0,32.4,4.0,대구광역시 군위군 군위읍,27720,군위군,82.95,7901,95.3,108.58,0.1358,0.2831,0.4802,559,0,0.0,0,0,0.3005,0.0055,1.166,2.03,21.26
2772025000,I1,숙박,7,31177.2,0.0,0.0,0.0,0.0,대구광역시 군위군 군위읍,27720,군위군,82.95,7901,95.3,108.58,0.1358,0.2831,0.4802,559,0,0.0,0,0,0.0125,0.006,1.277,0.08,0.89
2772025000,I2,음식,184,30921.4,0.0,0.0,50.9,17.3,대구광역시 군위군 군위읍,27720,군위군,82.95,7901,95.3,108.58,0.1358,0.2831,0.4802,559,0,0.0,0,0,0.3292,0.0048,1.026,2.22,23.29
2772025000,L1,부동산,27,30892.0,0.0,0.0,5.3,5.3,대구광역시 군위군 군위읍,27720,군위군,82.95,7901,95.3,108.58,0.1358,0.2831,0.4802,559,0,0.0,0,0,0.0483,0.0065,1.372,0.33,3.42
2772025000,M1,과학·기술,60,30511.2,0.0,0.0,10.8,2.5,대구광역시 군위군 군위읍,27720,군위군,82.95,7901,95.3,108.58,0.1358,0.2831,0.4802,559,0,0.0,0,0,0.1073,0.0059,1.249,0.72,7.59
2772025000,N1,시설관리·임대,19,30232.2,0.0,0.0,4.8,0.6,대구광역시 군위군 군위읍,27720,군위군,82.95,7901,95.3,108.58,0.1358,0.2831,0.4802,559,0,0.0,0,0,0.034,0.0044,0.925,0.23,2.4
2772025000,P1,교육,17,31061.4,0.0,0.0,3.9,1.3,대구광역시 군위군 군위읍,27720,군위군,82.95,7901,95.3,108.58,0.1358,0.2831,0.4802,559,0,0.0,0,0,0.0304,0.0024,0.514,0.2,2.15
2772025000,Q1,보건의료,3,30899.9,0.0,0.0,0.7,0.7,대구광역시 군위군 군위읍,27720,군위군,82.95,7901,95.3,108.58,0.1358,0.2831,0.4802,559,0,0.0,0,0,0.0054,0.002,0.415,0.04,0.38
2772025000,R1,예술·스포츠,17,30251.1,0.0,0.0,2.9,1.5,대구광역시 군위군 군위읍,27720,군위군,82.95,7901,95.3,108.58,0.1358,0.2831,0.4802,559,0,0.0,0,0,0.0304,0.0033,0.705,0.2,2.15
2772025000,S2,수리·개인,57,30438.7,0.0,0.0,12.9,4.2,대구광역시 군위군 군위읍,27720,군위군,82.95,7901,95.3,108.58,0.1358,0.2831,0.4802,559,0,0.0,0,0,0.102,0.0035,0.737,0.69,7.21
2772031000,G2,소매,18,34211.0,0.0,0.0,4.1,0.7,대구광역시 군위군 소보면,27720,군위군,99.6768,2221,22.3,114.8,0.0594,0.1999,0.7141,63,0,0.0,0,0,0.2857,0.0006,1.108,0.18,8.1
2772031000,I1,숙박,2,39253.0,0.0,0.0,0.0,0.0,대구광역시 군위군 소보면,27720,군위군,99.6768,2221,22.3,114.8,0.0594,0.1999,0.7141,63,0,0.0,0,0,0.0317,0.0017,3.236,0.02,0.9
2772031000,I2,음식,26,33891.5,0.0,0.0,19.4,5.0,대구광역시 군위군 소보면,27720,군위군,99.6768,2221,22.3,114.8,0.0594,0.1999,0.7141,63,0,0.0,0,0,0.4127,0.0007,1.286,0.26,11.71
2772031000,L1,부동산,3,33736.5,0.0,0.0,2.0,2.0,대구광역시 군위군 소보면,27720,군위군,99.6768,2221,22.3,114.8,0.0594,0.1999,0.7141,63,0,0.0,0,0,0.0476,0.0007,1.353,0.03,1.35
2772031000,M1,과학·기술,4,35958.1,0.0,0.0,0.0,0.0,대구광역시 군위군 소보면,27720,군위군,99.6768,2221,22.3,114.8,0.0594,0.1999,0.7141,63,0,0.0,0,0,0.0635,0.0004,0.739,0.04,1.8
2772031000,N1,시설관리·임대,1,33661.7,0.0,0.0,0.0,0.0,대구광역시 군위군 소보면,27720,군위군,99.6768,2221,22.3,114.8,0.0594,0.1999,0.7141,63,0,0.0,0,0,0.0159,0.0002,0.432,0.01,0.45
2772031000,P1,교육,3,34038.1,0.0,0.0,0.0,0.0,대구광역시 군위군 소보면,27720,군위군,99.6768,2221,22.3,114.8,0.0594,0.1999,0.7141,63,0,0.0,0,0,0.0476,0.0004,0.805,0.03,1.35
2772031000,R1,예술·스포츠,3,35268.2,0.0,0.0,0.7,0.7,대구광역시 군위군 소보면,27720,군위군,99.6768,2221,22.3,114.8,0.0594,0.1999,0.7141,63,0,0.0,0,0,0.0476,0.0006,1.104,0.03,1.35
2772031000,S2,수리·개인,3,34753.7,0.0,0.0,0.7,0.0,대구광역시 군위군 소보면,27720,군위군,99.6768,2221,22.3,114.8,0.0594,0.1999,0.7141,63,0,0.0,0,0,0.0476,0.0002,0.344,0.03,1.35
2772032000,G2,소매,43,19612.6,0.0,0.0,2.0,0.3,대구광역시 군위군 효령면,27720,군위군,96.6177,3639,37.7,110.83,0.0816,0.1995,0.6779,140,0,0.0,0,0,0.3071,0.0014,1.191,0.45,11.82
2772032000,I1,숙박,10,17549.0,0.0,0.0,0.8,0.8,대구광역시 군위군 효령면,27720,군위군,96.6177,3639,37.7,110.83,0.0816,0.1995,0.6779,140,0,0.0,0,0,0.0714,0.0086,7.282,0.1,2.75
2772032000,I2,음식,49,20403.7,0.0,0.0,5.1,1.5,대구광역시 군위군 효령면,27720,군위군,96.6177,3639,37.7,110.83,0.0816,0.1995,0.6779,140,0,0.0,0,0,0.35,0.0013,1.091,0.51,13.47
2772032000,L1,부동산,5,18907.5,0.0,0.0,1.2,1.2,대구광역시 군위군 효령면,27720,군위군,96.6177,3639,37.7,110.83,0.0816,0.1995,0.6779,140,0,0.0,0,0,0.0357,0.0012,1.015,0.05,1.37
2772032000,M1,과학·기술,8,20018.6,0.0,0.0,0.0,0.0,대구광역시 군위군 효령면,27720,군위군,96.6177,3639,37.7,110.83,0.0816,0.1995,0.6779,140,0,0.0,0,0,0.0571,0.0008,0.665,0.08,2.2
2772032000,N1,시설관리·임대,4,18441.6,0.0,0.0,0.5,0.0,대구광역시 군위군 효령면,27720,군위군,96.6177,3639,37.7,110.83,0.0816,0.1995,0.6779,140,0,0.0,0,0,0.0286,0.0009,0.777,0.04,1.1
2772032000,P1,교육,4,21118.0,0.0,0.0,0.0,0.0,대구광역시 군위군 효령면,27720,군위군,96.6177,3639,37.7,110.83,0.0816,0.1995,0.6779,140,0,0.0,0,0,0.0286,0.0006,0.483,0.04,1.1
2772032000,R1,예술·스포츠,1,18313.9,0.0,0.0,0.0,0.0,대구광역시 군위군 효령면,27720,군위군,96.6177,3639,37.7,110.83,0.0816,0.1995,0.6779,140,0,0.0,0,0,0.0071,0.0002,0.166,0.01,0.27
2772032000,S2,수리·개인,16,20338.5,0.0,0.0,2.4,0.8,대구광역시 군위군 효령면,27720,군위군,96.6177,3639,37.7,110.83,0.0816,0.1995,0.6779,140,0,0.0,0,0,0.1143,0.001,0.826,0.17,4.4
2772033000,G2,소매,25,15117.8,0.0,0.0,1.9,0.2,대구광역시 군위군 부계면,27720,군위군,65.1498,2106,32.3,111.66,0.0779,0.2118,0.6752,156,0,0.0,0,0,0.1603,0.0008,0.622,0.38,11.87
2772033000,I1,숙박,29,12681.7,0.0,0.0,1.2,1.2,대구광역시 군위군 부계면,27720,군위군,65.1498,2106,32.3,111.66,0.0779,0.2118,0.6752,156,0,0.0,0,0,0.1859,0.025,18.951,0.45,13.77
2772033000,I2,음식,76,14004.9,0.0,0.0,5.0,2.6,대구광역시 군위군 부계면,27720,군위군,65.1498,2106,32.3,111.66,0.0779,0.2118,0.6752,156,0,0.0,0,0,0.4872,0.002,1.518,1.17,36.09
2772033000,L1,부동산,9,15753.6,0.0,0.0,0.4,0.4,대구광역시 군위군 부계면,27720,군위군,65.1498,2106,32.3,111.66,0.0779,0.2118,0.6752,156,0,0.0,0,0,0.0577,0.0022,1.639,0.14,4.27
2772033000,M1,과학·기술,4,11732.5,0.0,0.0,0.0,0.0,대구광역시 군위군 부계면,27720,군위군,65.1498,2106,32.3,111.66,0.0779,0.2118,0.6752,156,0,0.0,0,0,0.0256,0.0004,0.298,0.06,1.9
2772033000,N1,시설관리·임대,2,16691.3,0.0,0.0,0.0,0.0,대구광역시 군위군 부계면,27720,군위군,65.1498,2106,32.3,111.66,0.0779,0.2118,0.6752,156,0,0.0,0,0,0.0128,0.0005,0.349,0.03,0.95
2772033000,P1,교육,1,10988.7,0.0,0.0,0.0,0.0,대구광역시 군위군 부계면,27720,군위군,65.1498,2106,32.3,111.66,0.0779,0.2118,0.6752,156,0,0.0,0,0,0.0064,0.0001,0.108,0.02,0.47
2772033000,R1,예술·스포츠,5,15492.1,0.0,0.0,0.0,0.0,대구광역시 군위군 부계면,27720,군위군,65.1498,2106,32.3,111.66,0.0779,0.2118,0.6752,156,0,0.0,0,0,0.0321,0.001,0.743,0.08,2.37
2772033000,S2,수리·개인,5,16804.8,0.0,0.0,1.2,0.4,대구광역시 군위군 부계면,27720,군위군,65.1498,2106,32.3,111.66,0.0779,0.2118,0.6752,156,0,0.0,0,0,0.0321,0.0003,0.232,0.08,2.37
2772034000,G2,소매,17,26796.1,0.0,0.0,3.6,0.2,대구광역시 군위군 우보면,27720,군위군,60.4878,1937,32.0,106.5,0.063,0.1879,0.7248,48,0,0.0,0,0,0.3542,0.0006,1.374,0.28,8.78
2772034000,I1,숙박,2,26860.0,0.0,0.0,0.0,0.0,대구광역시 군위군 우보면,27720,군위군,60.4878,1937,32.0,106.5,0.063,0.1879,0.7248,48,0,0.0,0,0,0.0417,0.0017,4.248,0.03,1.03
2772034000,I2,음식,15,27880.1,0.0,0.0,13.9,3.9,대구광역시 군위군 우보면,27720,군위군,60.4878,1937,32.0,106.5,0.063,0.1879,0.7248,48,0,0.0,0,0,0.3125,0.0004,0.974,0.25,7.74
2772034000,L1,부동산,2,27766.2,0.0,0.0,1.0,1.0,대구광역시 군위군 우보면,27720,군위군,60.4878,1937,32.0,106.5,0.063,0.1879,0.7248,48,0,0.0,0,0,0.0417,0.0005,1.184,0.03,1.03
2772034000,M1,과학·기술,3,26002.9,0.0,0.0,0.0,0.0,대구광역시 군위군 우보면,27720,군위군,60.4878,1937,32.0,106.5,0.063,0.1879,0.7248,48,0,0.0,0,0,0.0625,0.0003,0.727,0.05,1.55
2772034000,N1,시설관리·임대,2,26371.0,0.0,0.0,0.0,0.0,대구광역시 군위군 우보면,27720,군위군,60.4878,1937,32.0,106.5,0.063,0.1879,0.7248,48,0,0.0,0,0,0.0417,0.0005,1.134,0.03,1.03
2772034000,R1,예술·스포츠,1,27759.8,0.0,0.0,0.0,0.0,대구광역시 군위군 우보면,27720,군위군,60.4878,1937,32.0,106.5,0.063,0.1879,0.7248,48,0,0.0,0,0,0.0208,0.0002,0.483,0.02,0.52
2772034000,S2,수리·개인,6,27870.5,0.0,0.0,4.0,1.0,대구광역시 군위군 우보면,27720,군위군,60.4878,1937,32.0,106.5,0.063,0.1879,0.7248,48,0,0.0,0,0,0.125,0.0004,0.903,0.1,3.1
2772035000,G2,소매,30,27544.3,0.0,0.0,9.9,2.1,대구광역시 군위군 의흥면,27720,군위군,54.4298,2217,40.7,98.83,0.0582,0.184,0.7303,92,0,0.0,0,0,0.3261,0.001,1.265,0.55,13.53
2772035000,I1,숙박,3,26516.6,0.0,0.0,0.0,0.0,대구광역시 군위군 의흥면,27720,군위군,54.4298,2217,40.7,98.83,0.0582,0.184,0.7303,92,0,0.0,0,0,0.0326,0.0026,3.324,0.06,1.35
2772035000,I2,음식,41,27488.5,0.0,0.0,22.6,6.1,대구광역시 군위군 의흥면,27720,군위군,54.4298,2217,40.7,98.83,0.0582,0.184,0.7303,92,0,0.0,0,0,0.4457,0.0011,1.389,0.75,18.49
2772035000,L1,부동산,3,27768.4,0.0,0.0,2.0,2.0,대구광역시 군위군 의흥면,27720,군위군,54.4298,2217,40.7,98.83,0.0582,0.184,0.7303,92,0,0.0,0,0,0.0326,0.0007,0.926,0.06,1.35
2772035000,M1,과학·기술,2,25767.7,0.0,0.0,1.0,0.0,대구광역시 군위군 의흥면,27720,군위군,54.4298,2217,40.7,98.83,0.0582,0.184,0.7303,92,0,0.0,0,0,0.0217,0.0002,0.253,0.04,0.9
2772035000,R1,예술·스포츠,4,27685.8,0.0,0.0,2.5,1.0,대구광역시 군위군 의흥면,27720,군위군,54.4298,2217,40.7,98.83,0.0582,0.184,0.7303,92,0,0.0,0,0,0.0435,0.0008,1.008,0.07,1.8
2772035000,S2,수리·개인,9,27618.0,0.0,0.0,5.3,3.3,대구광역시 군위군 의흥면,27720,군위군,54.4298,2217,40.7,98.83,0.0582,0.184,0.7303,92,0,0.0,0,0,0.0978,0.0005,0.707,0.17,4.06
2772036000,G2,소매,13,20059.9,0.0,0.0,0.9,0.5,대구광역시 군위군 산성면,27720,군위군,36.9047,1201,32.5,106.36,0.045,0.1807,0.7435,45,0,0.0,0,0,0.2889,0.0004,1.121,0.35,10.82
2772036000,I1,숙박,3,22421.9,0.0,0.0,0.0,0.0,대구광역시 군위군 산성면,27720,군위군,36.9047,1201,32.5,106.36,0.045,0.1807,0.7435,45,0,0.0,0,0,0.0667,0.0026,6.796,0.08,2.5
2772036000,I2,음식,22,21892.8,0.0,0.0,7.1,1.7,대구광역시 군위군 산성면,27720,군위군,36.9047,1201,32.5,106.36,0.045,0.1807,0.7435,45,0,0.0,0,0,0.4889,0.0006,1.524,0.6,18.32
2772036000,M1,과학·기술,1,22313.9,0.0,0.0,0.0,0.0,대구광역시 군위군 산성면,27720,군위군,36.9047,1201,32.5,106.36,0.045,0.1807,0.7435,45,0,0.0,0,0,0.0222,0.0001,0.259,0.03,0.83
2772036000,N1,시설관리·임대,1,18902.9,0.0,0.0,0.0,0.0,대구광역시 군위군 산성면,27720,군위군,36.9047,1201,32.5,106.36,0.045,0.1807,0.7435,45,0,0.0,0,0,0.0222,0.0002,0.605,0.03,0.83
2772036000,R1,예술·스포츠,3,23105.6,0.0,0.0,0.0,0.0,대구광역시 군위군 산성면,27720,군위군,36.9047,1201,32.5,106.36,0.045,0.1807,0.7435,45,0,0.0,0,0,0.0667,0.0006,1.546,0.08,2.5
2772036000,S2,수리·개인,2,22185.5,0.0,0.0,1.0,1.0,대구광역시 군위군 산성면,27720,군위군,36.9047,1201,32.5,106.36,0.045,0.1807,0.7435,45,0,0.0,0,0,0.0444,0.0001,0.321,0.05,1.67
2772037000,G2,소매,6,25218.8,0.0,0.0,1.0,0.0,대구광역시 군위군 삼국유사면,27720,군위군,115.041,1330,11.6,116.61,0.0429,0.1887,0.7511,36,0,0.0,0,0,0.1667,0.0002,0.646,0.05,4.51
2772037000,I1,숙박,10,23021.1,0.0,0.0,0.8,0.8,대구광역시 군위군 삼국유사면,27720,군위군,115.041,1330,11.6,116.61,0.0429,0.1887,0.7511,36,0,0.0,0,0,0.2778,0.0086,28.318,0.09,7.52
2772037000,I2,음식,14,25527.9,0.0,0.0,0.9,0.4,대구광역시 군위군 삼국유사면,27720,군위군,115.041,1330,11.6,116.61,0.0429,0.1887,0.7511,36,0,0.0,0,0,0.3889,0.0004,1.212,0.12,10.53
2772037000,N1,시설관리·임대,2,23508.2,0.0,0.0,0.0,0.0,대구광역시 군위군 삼국유사면,27720,군위군,115.041,1330,11.6,116.61,0.0429,0.1887,0.7511,36,0,0.0,0,0,0.0556,0.0005,1.512,0.02,1.5
2772037000,P1,교육,1,22016.0,0.0,0.0,0.0,0.0,대구광역시 군위군 삼국유사면,27720,군위군,115.041,1330,11.6,116.61,0.0429,0.1887,0.7511,36,0,0.0,0,0,0.0278,0.0001,0.47,0.01,0.75
2772037000,R1,예술·스포츠,2,22082.4,0.0,0.0,1.0,1.0,대구광역시 군위군 삼국유사면,27720,군위군,115.041,1330,11.6,116.61,0.0429,0.1887,0.7511,36,0,0.0,0,0,0.0556,0.0004,1.288,0.02,1.5
2772037000,S2,수리·개인,1,26720.3,0.0,0.0,0.0,0.0,대구광역시 군위군 삼국유사면,27720,군위군,115.041,1330,11.6,116.61,0.0429,0.1887,0.7511,36,0,0.0,0,0,0.0278,0.0001,0.201,0.01,0.75
